estado_match,tipo_asociacion,codigo_project,descripcion_project,project_id,outline_level,outline_number,parent_task_name,parent_codigo_project,ancestor_codes_project,ancestor_names_project,project_path,element_id_revit,unique_id_revit,category,family,type,name,btz_numero_activo,btz_path_actual,parametro_match,contenedor_sugerido_element_id,contenedor_sugerido_unique_id,contenedor_sugerido_path,contenedor_sugerido_nivel,slots_libres_contenedor,requiere_split_por_slots,puntaje_contenedor,segundo_puntaje_contenedor,diferencia_puntaje,criterio_contenedor,candidatos_contenedor,ancestro_project_usado,observacion,btz_description_01,btz_description_02,btz_description_03,btz_description_04,btz_description_05,btz_description_06,btz_description_07,btz_description_08,btz_description_09,btz_description_10,btz_description_11,btz_description_12,btz_description_13,btz_description_14,btz_description_15,btz_description_16,btz_description_17,btz_description_18,btz_description_19,btz_description_20,btz_description_21,btz_description_22,btz_description_23,btz_description_24,btz_description_25,btz_description_26,btz_description_27,btz_description_28,btz_description_29,btz_description_30,btz_description_31,btz_description_32,btz_description_33,btz_description_34,btz_description_35,btz_description_36,btz_description_37,btz_description_38,btz_description_39,btz_description_40,btz_description_41,btz_description_42,btz_description_43,btz_description_44,btz_description_45,btz_description_46,btz_description_47,btz_description_48,btz_description_49,btz_description_50,btz_description_51,btz_description_52,btz_description_53,btz_description_54,btz_description_55,btz_description_56,btz_description_57,btz_description_58,btz_description_59,btz_description_60,btz_description_61,btz_description_62,btz_description_63,btz_description_64,btz_description_65,btz_description_66,btz_description_67,btz_description_68,btz_description_69,btz_description_70,btz_description_71,btz_description_72,btz_description_73,btz_description_74,btz_description_75,btz_description_76,btz_description_77,btz_description_78,btz_description_79,btz_description_80,motivo_revision
duplicado,elemento_puntual,P10-DSC-LGC-DESCASCARADO,SECTOR DESCASCARADO P10,2,2,2,P10,,,P10,P10 > P10-DSC-LGC-DESCASCARADO,281184,a027b4da-4e9c-44ad-b607-5fb48d4c7061-00044a60,Cubiertas,,Genérico - 400 mm,Genérico - 400 mm,,P10 > P10-DSC-LGC-DESCASCARADO > P10-DSC-TLV-TLVCASC > P10-DSC-RSC-SF17 > P10-DSC-RSC-SF18,btz_description_02,,,,,,,,,,,,,7 elementos Revit contienen el código exacto.,P10,P10-DSC-LGC-DESCASCARADO,P10-DSC-TLV-TLVCASC,P10-DSC-RSC-SF17,P10-DSC-RSC-SF18,,,,,,,,,,,,,,,,,,,,,,,,,,,,,,,,,,,,,,,,,,,,,,,,,,,,,,,,,,,,,,,,,,,,,,,,,,,,hay más de un elemento puntual posible
duplicado,elemento_puntual,P10-DSC-LGC-DESCASCARADO,SECTOR DESCASCARADO P10,2,2,2,P10,,,P10,P10 > P10-DSC-LGC-DESCASCARADO,378146,ddbef6d8-5146-4ece-9a6f-82caaca14519-0005c522,Cubiertas,,Genérico - 400 mm,Genérico - 400 mm,P10-DSC-LGC-ZARANDAS,P10 > P10-DSC-LGC-DESCASCARADO > P10-DSC-LGC-ZARANDAS > P10-DSC-RSC-SF07 > P10-DSC-RSC-SF06 > P10-DSC-RSC-SF23 > P10-DSC-RSC-SF21 > P10-DSC-RSC-SF22 > P10-DSC-RSC-SF24 > P10-DSC-ZRN-Z01 > P10-DSC-ZRN-Z02 > P10-DSC-ZRN-Z03 > P10-DSC-ZRN-Z04 > P10-DSC-ZRN-Z05 > P10-DSC-ZRN-Z06,btz_description_02,,,,,,,,,,,,,7 elementos Revit contienen el código exacto.,P10,P10-DSC-LGC-DESCASCARADO,P10-DSC-LGC-ZARANDAS,P10-DSC-RSC-SF07,P10-DSC-RSC-SF06,P10-DSC-RSC-SF23,P10-DSC-RSC-SF21,P10-DSC-RSC-SF22,P10-DSC-RSC-SF24,P10-DSC-ZRN-Z01,P10-DSC-ZRN-Z02,P10-DSC-ZRN-Z03,P10-DSC-ZRN-Z04,P10-DSC-ZRN-Z05,P10-DSC-ZRN-Z06,,,,,,,,,,,,,,,,,,,,,,,,,,,,,,,,,,,,,,,,,,,,,,,,,,,,,,,,,,,,,,,,,,hay más de un elemento puntual posible
duplicado,elemento_puntual,P10-DSC-LGC-DESCASCARADO,SECTOR DESCASCARADO P10,2,2,2,P10,,,P10,P10 > P10-DSC-LGC-DESCASCARADO,378268,ddbef6d8-5146-4ece-9a6f-82caaca14519-0005c59c,Cubiertas,,Genérico - 400 mm,Genérico - 400 mm,P10-DSC-LGC-QUEBRADORES,P10 > P10-DSC-LGC-DESCASCARADO > P10-DSC-LGC-QUEBRADORES > P10-DSC-QBR-Q11 > P10-DSC-QBR-QA11 > P10-DSC-QBR-Q12 > P10-DSC-QBR-QA12 > P10-DSC-QBR-Q13 > P10-DSC-QBR-QA13 > P10-DSC-QBR-Q14 > P10-DSC-QBR-QA14 > P10-DSC-QBR-Q15 > P10-DSC-QBR-QA15 > P10-DSC-QBR-Q16 > P10-DSC-QBR-QA16 > P10-DSC-QBR-Q17 > P10-DSC-QBR-QA17 > P10-DSC-QBR-Q18 > P10-DSC-QBR-QA18,btz_description_02,,,,,,,,,,,,,7 elementos Revit contienen el código exacto.,P10,P10-DSC-LGC-DESCASCARADO,P10-DSC-LGC-QUEBRADORES,P10-DSC-QBR-Q11,P10-DSC-QBR-QA11,P10-DSC-QBR-Q12,P10-DSC-QBR-QA12,P10-DSC-QBR-Q13,P10-DSC-QBR-QA13,P10-DSC-QBR-Q14,P10-DSC-QBR-QA14,P10-DSC-QBR-Q15,P10-DSC-QBR-QA15,P10-DSC-QBR-Q16,P10-DSC-QBR-QA16,P10-DSC-QBR-Q17,P10-DSC-QBR-QA17,P10-DSC-QBR-Q18,P10-DSC-QBR-QA18,,,,,,,,,,,,,,,,,,,,,,,,,,,,,,,,,,,,,,,,,,,,,,,,,,,,,,,,,,,,,,hay más de un elemento puntual posible
duplicado,elemento_puntual,P10-DSC-LGC-DESCASCARADO,SECTOR DESCASCARADO P10,2,2,2,P10,,,P10,P10 > P10-DSC-LGC-DESCASCARADO,378308,ddbef6d8-5146-4ece-9a6f-82caaca14519-0005c5c4,Cubiertas,,Genérico - 400 mm,Genérico - 400 mm,,P10 > P10-DSC-LGC-DESCASCARADO > P10-DSC-LGC-CONJUNTO > P10-DSC-ART-ARTVE68-69 > P10-DSC-VNT-VE68 > P10-DSC-CCL-CVE68 > P10-DSC-VLV-VR68 > P10-DSC-VNT-VE69 > P10-DSC-CCL-CVE69 > P10-DSC-VLV-VR69 > P10-DSC-CCC-CCC01 > P10-DSC-CCC-CCC02 > P10-DSC-CCC-CCC03 > P10-DSC-CCC-CCC04 > P10-DSC-CCC-CCC06 > P10-DSC-CCC-CCC07 > P10-DSC-CCC-CCC08 > P10-DSC-CCC-CCC09 > P10-DSC-CCC-CCC11 > P10-DSC-CCC-CCC12 > P10-DSC-CCC-CCC13 > P10-DSC-CCC-CCC14 > P10-DSC-CCC-CCC15 > P10-DSC-CCC-CCC16 > P10-DSC-CCC-CCC17 > P10-DSC-CCC-CCC18,btz_description_02,,,,,,,,,,,,,7 elementos Revit contienen el código exacto.,P10,P10-DSC-LGC-DESCASCARADO,P10-DSC-LGC-CONJUNTO,P10-DSC-ART-ARTVE68-69,P10-DSC-VNT-VE68,P10-DSC-CCL-CVE68,P10-DSC-VLV-VR68,P10-DSC-VNT-VE69,P10-DSC-CCL-CVE69,P10-DSC-VLV-VR69,P10-DSC-CCC-CCC01,P10-DSC-CCC-CCC02,P10-DSC-CCC-CCC03,P10-DSC-CCC-CCC04,P10-DSC-CCC-CCC06,P10-DSC-CCC-CCC07,P10-DSC-CCC-CCC08,P10-DSC-CCC-CCC09,P10-DSC-CCC-CCC11,P10-DSC-CCC-CCC12,P10-DSC-CCC-CCC13,P10-DSC-CCC-CCC14,P10-DSC-CCC-CCC15,P10-DSC-CCC-CCC16,P10-DSC-CCC-CCC17,P10-DSC-CCC-CCC18,,,,,,,,,,,,,,,,,,,,,,,,,,,,,,,,,,,,,,,,,,,,,,,,,,,,,,,hay más de un elemento puntual posible
duplicado,elemento_puntual,P10-DSC-LGC-DESCASCARADO,SECTOR DESCASCARADO P10,2,2,2,P10,,,P10,P10 > P10-DSC-LGC-DESCASCARADO,378434,ddbef6d8-5146-4ece-9a6f-82caaca14519-0005c642,Cubiertas,,Genérico - 400 mm,Genérico - 400 mm,,P10 > P10-DSC-LGC-DESCASCARADO > P10-DSC-LGC-CONJUNTO > P10-DSC-ART-ARTVE12 > P10-DSC-ART-ARTVE13 > P10-DSC-VNT-VE12 > P10-DSC-CCL-CVE12 > P10-DSC-VLV-VR12 > P10-DSC-VNT-VE13 > P10-DSC-CCL-CVE13 > P10-DSC-VLV-VR13,btz_description_02,,,,,,,,,,,,,7 elementos Revit contienen el código exacto.,P10,P10-DSC-LGC-DESCASCARADO,P10-DSC-LGC-CONJUNTO,P10-DSC-ART-ARTVE12,P10-DSC-ART-ARTVE13,P10-DSC-VNT-VE12,P10-DSC-CCL-CVE12,P10-DSC-VLV-VR12,P10-DSC-VNT-VE13,P10-DSC-CCL-CVE13,P10-DSC-VLV-VR13,,,,,,,,,,,,,,,,,,,,,,,,,,,,,,,,,,,,,,,,,,,,,,,,,,,,,,,,,,,,,,,,,,,,,,hay más de un elemento puntual posible
duplicado,elemento_puntual,P10-DSC-LGC-DESCASCARADO,SECTOR DESCASCARADO P10,2,2,2,P10,,,P10,P10 > P10-DSC-LGC-DESCASCARADO,378617,ddbef6d8-5146-4ece-9a6f-82caaca14519-0005c6f9,Cubiertas,,Genérico - 400 mm,Genérico - 400 mm,P10-DSC-LGC-MOLINO,P10 > P10-DSC-LGC-DESCASCARADO > P10-DSC-LGC-MOLINO > P10-DSC-BMB-BS02 > P10-DSC-CCL-CBS02 > P10-DSC-MLN-M05 > P10-DSC-ALM-MA05 > P10-DSC-RSC-MSF05 > P10-DSC-MLN-M06 > P10-DSC-ALM-MA06 > P10-DSC-RSC-MSF06 > P10-DSC-RSC-SF15 > P10-DSC-VLV-VR17 > P10-DSC-VLV-VR15A,btz_description_02,,,,,,,,,,,,,7 elementos Revit contienen el código exacto.,P10,P10-DSC-LGC-DESCASCARADO,P10-DSC-LGC-MOLINO,P10-DSC-BMB-BS02,P10-DSC-CCL-CBS02,P10-DSC-MLN-M05,P10-DSC-ALM-MA05,P10-DSC-RSC-MSF05,P10-DSC-MLN-M06,P10-DSC-ALM-MA06,P10-DSC-RSC-MSF06,P10-DSC-RSC-SF15,P10-DSC-VLV-VR17,P10-DSC-VLV-VR15A,,,,,,,,,,,,,,,,,,,,,,,,,,,,,,,,,,,,,,,,,,,,,,,,,,,,,,,,,,,,,,,,,,,hay más de un elemento puntual posible
duplicado,elemento_puntual,P10-DSC-LGC-DESCASCARADO,SECTOR DESCASCARADO P10,2,2,2,P10,,,P10,P10 > P10-DSC-LGC-DESCASCARADO,378728,ddbef6d8-5146-4ece-9a6f-82caaca14519-0005c768,Cubiertas,,Genérico - 400 mm,Genérico - 400 mm,P10-DSC-LGC-REDLER,P10 > P10-DSC-LGC-DESCASCARADO > P10-DSC-LGC-REDLER > P10-DSC-RDL-R33 > P10-DSC-RDL-R34 > P10-DSC-RDL-R35 > P10-DSC-RDL-R36,btz_description_02,,,,,,,,,,,,,7 elementos Revit contienen el código exacto.,P10,P10-DSC-LGC-DESCASCARADO,P10-DSC-LGC-REDLER,P10-DSC-RDL-R33,P10-DSC-RDL-R34,P10-DSC-RDL-R35,P10-DSC-RDL-R36,,,,,,,,,,,,,,,,,,,,,,,,,,,,,,,,,,,,,,,,,,,,,,,,,,,,,,,,,,,,,,,,,,,,,,,,,,hay más de un elemento puntual posible
contenedor_duplicado,contenedor_por_ancestro_project,P10-DSC-ASP-ASP4,ASPIRADOR SECUNDARIO,3,3,3,P10-DSC-LGC-DESCASCARADO,P10-DSC-LGC-DESCASCARADO,P10-DSC-LGC-DESCASCARADO,P10 > P10-DSC-LGC-DESCASCARADO,P10 > P10-DSC-LGC-DESCASCARADO > P10-DSC-ASP-ASP4,281184,a027b4da-4e9c-44ad-b607-5fb48d4c7061-00044a60,Cubiertas,,Genérico - 400 mm,Genérico - 400 mm,,P10 > P10-DSC-LGC-DESCASCARADO > P10-DSC-TLV-TLVCASC > P10-DSC-RSC-SF17 > P10-DSC-RSC-SF18,contenedor_scoring,281184,a027b4da-4e9c-44ad-b607-5fb48d4c7061-00044a60,P10 > P10-DSC-LGC-DESCASCARADO > P10-DSC-TLV-TLVCASC > P10-DSC-RSC-SF17 > P10-DSC-RSC-SF18,5,75,NO,200,200,0,ancestro_project_exacto_duplicado,281184:200:P10 > P10-DSC-LGC-DESCASCARADO > P10-DSC-TLV-TLVCASC > P10-DSC-RSC-SF17 > P10-DSC-RSC-SF18 || 378146:200:P10 > P10-DSC-LGC-DESCASCARADO > P10-DSC-LGC-ZARANDAS > P10-DSC-RSC-SF07 > P10-DSC-RSC-SF06 > P10-DSC-RSC-SF23 > P10-DSC-RSC-SF21 > P10-DSC-RSC-SF22 > P10-DSC-RSC-SF24 > P10-DSC-ZRN-Z01 > P10-DSC-ZRN-Z02 > P10-DSC-ZRN-Z03 > P10-DSC-ZRN-Z04 > P10-DSC-ZRN-Z05 > P10-DSC-ZRN-Z06 || 378268:200:P10 > P10-DSC-LGC-DESCASCARADO > P10-DSC-LGC-QUEBRADORES > P10-DSC-QBR-Q11 > P10-DSC-QBR-QA11 > P10-DSC-QBR-Q12 > P10-DSC-QBR-QA12 > P10-DSC-QBR-Q13 > P10-DSC-QBR-QA13 > P10-DSC-QBR-Q14 > P10-DSC-QBR-QA14 > P10-DSC-QBR-Q15 > P10-DSC-QBR-QA15 > P10-DSC-QBR-Q16 > P10-DSC-QBR-QA16 > P10-DSC-QBR-Q17 > P10-DSC-QBR-QA17 > P10-DSC-QBR-Q18 > P10-DSC-QBR-QA18 || 378308:200:P10 > P10-DSC-LGC-DESCASCARADO > P10-DSC-LGC-CONJUNTO > P10-DSC-ART-ARTVE68-69 > P10-DSC-VNT-VE68 > P10-DSC-CCL-CVE68 > P10-DSC-VLV-VR68 > P10-DSC-VNT-VE69 > P10-DSC-CCL-CVE69 > P10-DSC-VLV-VR69 > P10-DSC-CCC-CCC01 > P10-DSC-CCC-CCC02 > P10-DSC-CCC-CCC03 > P10-DSC-CCC-CCC04 > P10-DSC-CCC-CCC06 > P10-DSC-CCC-CCC07 > P10-DSC-CCC-CCC08 > P10-DSC-CCC-CCC09 > P10-DSC-CCC-CCC11 > P10-DSC-CCC-CCC12 > P10-DSC-CCC-CCC13 > P10-DSC-CCC-CCC14 > P10-DSC-CCC-CCC15 > P10-DSC-CCC-CCC16 > P10-DSC-CCC-CCC17 > P10-DSC-CCC-CCC18 || 378434:200:P10 > P10-DSC-LGC-DESCASCARADO > P10-DSC-LGC-CONJUNTO > P10-DSC-ART-ARTVE12 > P10-DSC-ART-ARTVE13 > P10-DSC-VNT-VE12 > P10-DSC-CCL-CVE12 > P10-DSC-VLV-VR12 > P10-DSC-VNT-VE13 > P10-DSC-CCL-CVE13 > P10-DSC-VLV-VR13 || 378617:200:P10 > P10-DSC-LGC-DESCASCARADO > P10-DSC-LGC-MOLINO > P10-DSC-BMB-BS02 > P10-DSC-CCL-CBS02 > P10-DSC-MLN-M05 > P10-DSC-ALM-MA05 > P10-DSC-RSC-MSF05 > P10-DSC-MLN-M06 > P10-DSC-ALM-MA06 > P10-DSC-RSC-MSF06 > P10-DSC-RSC-SF15 > P10-DSC-VLV-VR17 > P10-DSC-VLV-VR15A || 378728:200:P10 > P10-DSC-LGC-DESCASCARADO > P10-DSC-LGC-REDLER > P10-DSC-RDL-R33 > P10-DSC-RDL-R34 > P10-DSC-RDL-R35 > P10-DSC-RDL-R36,P10-DSC-LGC-DESCASCARADO,Ancestro Project P10-DSC-LGC-DESCASCARADO aparece en 7 contenedores.,P10,P10-DSC-LGC-DESCASCARADO,P10-DSC-TLV-TLVCASC,P10-DSC-RSC-SF17,P10-DSC-RSC-SF18,,,,,,,,,,,,,,,,,,,,,,,,,,,,,,,,,,,,,,,,,,,,,,,,,,,,,,,,,,,,,,,,,,,,,,,,,,,,hay más de un contenedor candidato
contenedor_duplicado,contenedor_por_ancestro_project,P10-DSC-ALM-AS04,ALIMENTA ASPIRADOR DE CASCARA,4,4,4,P10-DSC-ASP-ASP4,P10-DSC-ASP-ASP4,P10-DSC-LGC-DESCASCARADO > P10-DSC-ASP-ASP4,P10 > P10-DSC-LGC-DESCASCARADO > P10-DSC-ASP-ASP4,P10 > P10-DSC-LGC-DESCASCARADO > P10-DSC-ASP-ASP4 > P10-DSC-ALM-AS04,281184,a027b4da-4e9c-44ad-b607-5fb48d4c7061-00044a60,Cubiertas,,Genérico - 400 mm,Genérico - 400 mm,,P10 > P10-DSC-LGC-DESCASCARADO > P10-DSC-TLV-TLVCASC > P10-DSC-RSC-SF17 > P10-DSC-RSC-SF18,contenedor_scoring,281184,a027b4da-4e9c-44ad-b607-5fb48d4c7061-00044a60,P10 > P10-DSC-LGC-DESCASCARADO > P10-DSC-TLV-TLVCASC > P10-DSC-RSC-SF17 > P10-DSC-RSC-SF18,5,75,NO,200,200,0,ancestro_project_exacto_duplicado,281184:200:P10 > P10-DSC-LGC-DESCASCARADO > P10-DSC-TLV-TLVCASC > P10-DSC-RSC-SF17 > P10-DSC-RSC-SF18 || 378146:200:P10 > P10-DSC-LGC-DESCASCARADO > P10-DSC-LGC-ZARANDAS > P10-DSC-RSC-SF07 > P10-DSC-RSC-SF06 > P10-DSC-RSC-SF23 > P10-DSC-RSC-SF21 > P10-DSC-RSC-SF22 > P10-DSC-RSC-SF24 > P10-DSC-ZRN-Z01 > P10-DSC-ZRN-Z02 > P10-DSC-ZRN-Z03 > P10-DSC-ZRN-Z04 > P10-DSC-ZRN-Z05 > P10-DSC-ZRN-Z06 || 378268:200:P10 > P10-DSC-LGC-DESCASCARADO > P10-DSC-LGC-QUEBRADORES > P10-DSC-QBR-Q11 > P10-DSC-QBR-QA11 > P10-DSC-QBR-Q12 > P10-DSC-QBR-QA12 > P10-DSC-QBR-Q13 > P10-DSC-QBR-QA13 > P10-DSC-QBR-Q14 > P10-DSC-QBR-QA14 > P10-DSC-QBR-Q15 > P10-DSC-QBR-QA15 > P10-DSC-QBR-Q16 > P10-DSC-QBR-QA16 > P10-DSC-QBR-Q17 > P10-DSC-QBR-QA17 > P10-DSC-QBR-Q18 > P10-DSC-QBR-QA18 || 378308:200:P10 > P10-DSC-LGC-DESCASCARADO > P10-DSC-LGC-CONJUNTO > P10-DSC-ART-ARTVE68-69 > P10-DSC-VNT-VE68 > P10-DSC-CCL-CVE68 > P10-DSC-VLV-VR68 > P10-DSC-VNT-VE69 > P10-DSC-CCL-CVE69 > P10-DSC-VLV-VR69 > P10-DSC-CCC-CCC01 > P10-DSC-CCC-CCC02 > P10-DSC-CCC-CCC03 > P10-DSC-CCC-CCC04 > P10-DSC-CCC-CCC06 > P10-DSC-CCC-CCC07 > P10-DSC-CCC-CCC08 > P10-DSC-CCC-CCC09 > P10-DSC-CCC-CCC11 > P10-DSC-CCC-CCC12 > P10-DSC-CCC-CCC13 > P10-DSC-CCC-CCC14 > P10-DSC-CCC-CCC15 > P10-DSC-CCC-CCC16 > P10-DSC-CCC-CCC17 > P10-DSC-CCC-CCC18 || 378434:200:P10 > P10-DSC-LGC-DESCASCARADO > P10-DSC-LGC-CONJUNTO > P10-DSC-ART-ARTVE12 > P10-DSC-ART-ARTVE13 > P10-DSC-VNT-VE12 > P10-DSC-CCL-CVE12 > P10-DSC-VLV-VR12 > P10-DSC-VNT-VE13 > P10-DSC-CCL-CVE13 > P10-DSC-VLV-VR13 || 378617:200:P10 > P10-DSC-LGC-DESCASCARADO > P10-DSC-LGC-MOLINO > P10-DSC-BMB-BS02 > P10-DSC-CCL-CBS02 > P10-DSC-MLN-M05 > P10-DSC-ALM-MA05 > P10-DSC-RSC-MSF05 > P10-DSC-MLN-M06 > P10-DSC-ALM-MA06 > P10-DSC-RSC-MSF06 > P10-DSC-RSC-SF15 > P10-DSC-VLV-VR17 > P10-DSC-VLV-VR15A || 378728:200:P10 > P10-DSC-LGC-DESCASCARADO > P10-DSC-LGC-REDLER > P10-DSC-RDL-R33 > P10-DSC-RDL-R34 > P10-DSC-RDL-R35 > P10-DSC-RDL-R36,P10-DSC-LGC-DESCASCARADO,Ancestro Project P10-DSC-LGC-DESCASCARADO aparece en 7 contenedores.,P10,P10-DSC-LGC-DESCASCARADO,P10-DSC-TLV-TLVCASC,P10-DSC-RSC-SF17,P10-DSC-RSC-SF18,,,,,,,,,,,,,,,,,,,,,,,,,,,,,,,,,,,,,,,,,,,,,,,,,,,,,,,,,,,,,,,,,,,,,,,,,,,,hay más de un contenedor candidato
contenedor_duplicado,contenedor_por_ancestro_project,P10-DSC-VNT-VE14,VENTILADOR ASP. VE14 ASPIRADOR AS04,5,4,5,P10-DSC-ASP-ASP4,P10-DSC-ASP-ASP4,P10-DSC-LGC-DESCASCARADO > P10-DSC-ASP-ASP4,P10 > P10-DSC-LGC-DESCASCARADO > P10-DSC-ASP-ASP4,P10 > P10-DSC-LGC-DESCASCARADO > P10-DSC-ASP-ASP4 > P10-DSC-VNT-VE14,281184,a027b4da-4e9c-44ad-b607-5fb48d4c7061-00044a60,Cubiertas,,Genérico - 400 mm,Genérico - 400 mm,,P10 > P10-DSC-LGC-DESCASCARADO > P10-DSC-TLV-TLVCASC > P10-DSC-RSC-SF17 > P10-DSC-RSC-SF18,contenedor_scoring,281184,a027b4da-4e9c-44ad-b607-5fb48d4c7061-00044a60,P10 > P10-DSC-LGC-DESCASCARADO > P10-DSC-TLV-TLVCASC > P10-DSC-RSC-SF17 > P10-DSC-RSC-SF18,5,75,NO,200,200,0,ancestro_project_exacto_duplicado,281184:200:P10 > P10-DSC-LGC-DESCASCARADO > P10-DSC-TLV-TLVCASC > P10-DSC-RSC-SF17 > P10-DSC-RSC-SF18 || 378146:200:P10 > P10-DSC-LGC-DESCASCARADO > P10-DSC-LGC-ZARANDAS > P10-DSC-RSC-SF07 > P10-DSC-RSC-SF06 > P10-DSC-RSC-SF23 > P10-DSC-RSC-SF21 > P10-DSC-RSC-SF22 > P10-DSC-RSC-SF24 > P10-DSC-ZRN-Z01 > P10-DSC-ZRN-Z02 > P10-DSC-ZRN-Z03 > P10-DSC-ZRN-Z04 > P10-DSC-ZRN-Z05 > P10-DSC-ZRN-Z06 || 378268:200:P10 > P10-DSC-LGC-DESCASCARADO > P10-DSC-LGC-QUEBRADORES > P10-DSC-QBR-Q11 > P10-DSC-QBR-QA11 > P10-DSC-QBR-Q12 > P10-DSC-QBR-QA12 > P10-DSC-QBR-Q13 > P10-DSC-QBR-QA13 > P10-DSC-QBR-Q14 > P10-DSC-QBR-QA14 > P10-DSC-QBR-Q15 > P10-DSC-QBR-QA15 > P10-DSC-QBR-Q16 > P10-DSC-QBR-QA16 > P10-DSC-QBR-Q17 > P10-DSC-QBR-QA17 > P10-DSC-QBR-Q18 > P10-DSC-QBR-QA18 || 378308:200:P10 > P10-DSC-LGC-DESCASCARADO > P10-DSC-LGC-CONJUNTO > P10-DSC-ART-ARTVE68-69 > P10-DSC-VNT-VE68 > P10-DSC-CCL-CVE68 > P10-DSC-VLV-VR68 > P10-DSC-VNT-VE69 > P10-DSC-CCL-CVE69 > P10-DSC-VLV-VR69 > P10-DSC-CCC-CCC01 > P10-DSC-CCC-CCC02 > P10-DSC-CCC-CCC03 > P10-DSC-CCC-CCC04 > P10-DSC-CCC-CCC06 > P10-DSC-CCC-CCC07 > P10-DSC-CCC-CCC08 > P10-DSC-CCC-CCC09 > P10-DSC-CCC-CCC11 > P10-DSC-CCC-CCC12 > P10-DSC-CCC-CCC13 > P10-DSC-CCC-CCC14 > P10-DSC-CCC-CCC15 > P10-DSC-CCC-CCC16 > P10-DSC-CCC-CCC17 > P10-DSC-CCC-CCC18 || 378434:200:P10 > P10-DSC-LGC-DESCASCARADO > P10-DSC-LGC-CONJUNTO > P10-DSC-ART-ARTVE12 > P10-DSC-ART-ARTVE13 > P10-DSC-VNT-VE12 > P10-DSC-CCL-CVE12 > P10-DSC-VLV-VR12 > P10-DSC-VNT-VE13 > P10-DSC-CCL-CVE13 > P10-DSC-VLV-VR13 || 378617:200:P10 > P10-DSC-LGC-DESCASCARADO > P10-DSC-LGC-MOLINO > P10-DSC-BMB-BS02 > P10-DSC-CCL-CBS02 > P10-DSC-MLN-M05 > P10-DSC-ALM-MA05 > P10-DSC-RSC-MSF05 > P10-DSC-MLN-M06 > P10-DSC-ALM-MA06 > P10-DSC-RSC-MSF06 > P10-DSC-RSC-SF15 > P10-DSC-VLV-VR17 > P10-DSC-VLV-VR15A || 378728:200:P10 > P10-DSC-LGC-DESCASCARADO > P10-DSC-LGC-REDLER > P10-DSC-RDL-R33 > P10-DSC-RDL-R34 > P10-DSC-RDL-R35 > P10-DSC-RDL-R36,P10-DSC-LGC-DESCASCARADO,Ancestro Project P10-DSC-LGC-DESCASCARADO aparece en 7 contenedores.,P10,P10-DSC-LGC-DESCASCARADO,P10-DSC-TLV-TLVCASC,P10-DSC-RSC-SF17,P10-DSC-RSC-SF18,,,,,,,,,,,,,,,,,,,,,,,,,,,,,,,,,,,,,,,,,,,,,,,,,,,,,,,,,,,,,,,,,,,,,,,,,,,,hay más de un contenedor candidato
contenedor_duplicado,contenedor_por_ancestro_project,P10-DSC-CCL-CVE14,CICLON VENT. ASP. VE14,6,5,6,P10-DSC-VNT-VE14,P10-DSC-VNT-VE14,P10-DSC-LGC-DESCASCARADO > P10-DSC-ASP-ASP4 > P10-DSC-VNT-VE14,P10 > P10-DSC-LGC-DESCASCARADO > P10-DSC-ASP-ASP4 > P10-DSC-VNT-VE14,P10 > P10-DSC-LGC-DESCASCARADO > P10-DSC-ASP-ASP4 > P10-DSC-VNT-VE14 > P10-DSC-CCL-CVE14,281184,a027b4da-4e9c-44ad-b607-5fb48d4c7061-00044a60,Cubiertas,,Genérico - 400 mm,Genérico - 400 mm,,P10 > P10-DSC-LGC-DESCASCARADO > P10-DSC-TLV-TLVCASC > P10-DSC-RSC-SF17 > P10-DSC-RSC-SF18,contenedor_scoring,281184,a027b4da-4e9c-44ad-b607-5fb48d4c7061-00044a60,P10 > P10-DSC-LGC-DESCASCARADO > P10-DSC-TLV-TLVCASC > P10-DSC-RSC-SF17 > P10-DSC-RSC-SF18,5,75,NO,200,200,0,ancestro_project_exacto_duplicado,281184:200:P10 > P10-DSC-LGC-DESCASCARADO > P10-DSC-TLV-TLVCASC > P10-DSC-RSC-SF17 > P10-DSC-RSC-SF18 || 378146:200:P10 > P10-DSC-LGC-DESCASCARADO > P10-DSC-LGC-ZARANDAS > P10-DSC-RSC-SF07 > P10-DSC-RSC-SF06 > P10-DSC-RSC-SF23 > P10-DSC-RSC-SF21 > P10-DSC-RSC-SF22 > P10-DSC-RSC-SF24 > P10-DSC-ZRN-Z01 > P10-DSC-ZRN-Z02 > P10-DSC-ZRN-Z03 > P10-DSC-ZRN-Z04 > P10-DSC-ZRN-Z05 > P10-DSC-ZRN-Z06 || 378268:200:P10 > P10-DSC-LGC-DESCASCARADO > P10-DSC-LGC-QUEBRADORES > P10-DSC-QBR-Q11 > P10-DSC-QBR-QA11 > P10-DSC-QBR-Q12 > P10-DSC-QBR-QA12 > P10-DSC-QBR-Q13 > P10-DSC-QBR-QA13 > P10-DSC-QBR-Q14 > P10-DSC-QBR-QA14 > P10-DSC-QBR-Q15 > P10-DSC-QBR-QA15 > P10-DSC-QBR-Q16 > P10-DSC-QBR-QA16 > P10-DSC-QBR-Q17 > P10-DSC-QBR-QA17 > P10-DSC-QBR-Q18 > P10-DSC-QBR-QA18 || 378308:200:P10 > P10-DSC-LGC-DESCASCARADO > P10-DSC-LGC-CONJUNTO > P10-DSC-ART-ARTVE68-69 > P10-DSC-VNT-VE68 > P10-DSC-CCL-CVE68 > P10-DSC-VLV-VR68 > P10-DSC-VNT-VE69 > P10-DSC-CCL-CVE69 > P10-DSC-VLV-VR69 > P10-DSC-CCC-CCC01 > P10-DSC-CCC-CCC02 > P10-DSC-CCC-CCC03 > P10-DSC-CCC-CCC04 > P10-DSC-CCC-CCC06 > P10-DSC-CCC-CCC07 > P10-DSC-CCC-CCC08 > P10-DSC-CCC-CCC09 > P10-DSC-CCC-CCC11 > P10-DSC-CCC-CCC12 > P10-DSC-CCC-CCC13 > P10-DSC-CCC-CCC14 > P10-DSC-CCC-CCC15 > P10-DSC-CCC-CCC16 > P10-DSC-CCC-CCC17 > P10-DSC-CCC-CCC18 || 378434:200:P10 > P10-DSC-LGC-DESCASCARADO > P10-DSC-LGC-CONJUNTO > P10-DSC-ART-ARTVE12 > P10-DSC-ART-ARTVE13 > P10-DSC-VNT-VE12 > P10-DSC-CCL-CVE12 > P10-DSC-VLV-VR12 > P10-DSC-VNT-VE13 > P10-DSC-CCL-CVE13 > P10-DSC-VLV-VR13 || 378617:200:P10 > P10-DSC-LGC-DESCASCARADO > P10-DSC-LGC-MOLINO > P10-DSC-BMB-BS02 > P10-DSC-CCL-CBS02 > P10-DSC-MLN-M05 > P10-DSC-ALM-MA05 > P10-DSC-RSC-MSF05 > P10-DSC-MLN-M06 > P10-DSC-ALM-MA06 > P10-DSC-RSC-MSF06 > P10-DSC-RSC-SF15 > P10-DSC-VLV-VR17 > P10-DSC-VLV-VR15A || 378728:200:P10 > P10-DSC-LGC-DESCASCARADO > P10-DSC-LGC-REDLER > P10-DSC-RDL-R33 > P10-DSC-RDL-R34 > P10-DSC-RDL-R35 > P10-DSC-RDL-R36,P10-DSC-LGC-DESCASCARADO,Ancestro Project P10-DSC-LGC-DESCASCARADO aparece en 7 contenedores.,P10,P10-DSC-LGC-DESCASCARADO,P10-DSC-TLV-TLVCASC,P10-DSC-RSC-SF17,P10-DSC-RSC-SF18,,,,,,,,,,,,,,,,,,,,,,,,,,,,,,,,,,,,,,,,,,,,,,,,,,,,,,,,,,,,,,,,,,,,,,,,,,,,hay más de un contenedor candidato
contenedor_duplicado,contenedor_por_ancestro_project,P10-DSC-VLV-VR14,VALVULA ROTATIVA  VR14,7,5,7,P10-DSC-VNT-VE14,P10-DSC-VNT-VE14,P10-DSC-LGC-DESCASCARADO > P10-DSC-ASP-ASP4 > P10-DSC-VNT-VE14,P10 > P10-DSC-LGC-DESCASCARADO > P10-DSC-ASP-ASP4 > P10-DSC-VNT-VE14,P10 > P10-DSC-LGC-DESCASCARADO > P10-DSC-ASP-ASP4 > P10-DSC-VNT-VE14 > P10-DSC-VLV-VR14,281184,a027b4da-4e9c-44ad-b607-5fb48d4c7061-00044a60,Cubiertas,,Genérico - 400 mm,Genérico - 400 mm,,P10 > P10-DSC-LGC-DESCASCARADO > P10-DSC-TLV-TLVCASC > P10-DSC-RSC-SF17 > P10-DSC-RSC-SF18,contenedor_scoring,281184,a027b4da-4e9c-44ad-b607-5fb48d4c7061-00044a60,P10 > P10-DSC-LGC-DESCASCARADO > P10-DSC-TLV-TLVCASC > P10-DSC-RSC-SF17 > P10-DSC-RSC-SF18,5,75,NO,200,200,0,ancestro_project_exacto_duplicado,281184:200:P10 > P10-DSC-LGC-DESCASCARADO > P10-DSC-TLV-TLVCASC > P10-DSC-RSC-SF17 > P10-DSC-RSC-SF18 || 378146:200:P10 > P10-DSC-LGC-DESCASCARADO > P10-DSC-LGC-ZARANDAS > P10-DSC-RSC-SF07 > P10-DSC-RSC-SF06 > P10-DSC-RSC-SF23 > P10-DSC-RSC-SF21 > P10-DSC-RSC-SF22 > P10-DSC-RSC-SF24 > P10-DSC-ZRN-Z01 > P10-DSC-ZRN-Z02 > P10-DSC-ZRN-Z03 > P10-DSC-ZRN-Z04 > P10-DSC-ZRN-Z05 > P10-DSC-ZRN-Z06 || 378268:200:P10 > P10-DSC-LGC-DESCASCARADO > P10-DSC-LGC-QUEBRADORES > P10-DSC-QBR-Q11 > P10-DSC-QBR-QA11 > P10-DSC-QBR-Q12 > P10-DSC-QBR-QA12 > P10-DSC-QBR-Q13 > P10-DSC-QBR-QA13 > P10-DSC-QBR-Q14 > P10-DSC-QBR-QA14 > P10-DSC-QBR-Q15 > P10-DSC-QBR-QA15 > P10-DSC-QBR-Q16 > P10-DSC-QBR-QA16 > P10-DSC-QBR-Q17 > P10-DSC-QBR-QA17 > P10-DSC-QBR-Q18 > P10-DSC-QBR-QA18 || 378308:200:P10 > P10-DSC-LGC-DESCASCARADO > P10-DSC-LGC-CONJUNTO > P10-DSC-ART-ARTVE68-69 > P10-DSC-VNT-VE68 > P10-DSC-CCL-CVE68 > P10-DSC-VLV-VR68 > P10-DSC-VNT-VE69 > P10-DSC-CCL-CVE69 > P10-DSC-VLV-VR69 > P10-DSC-CCC-CCC01 > P10-DSC-CCC-CCC02 > P10-DSC-CCC-CCC03 > P10-DSC-CCC-CCC04 > P10-DSC-CCC-CCC06 > P10-DSC-CCC-CCC07 > P10-DSC-CCC-CCC08 > P10-DSC-CCC-CCC09 > P10-DSC-CCC-CCC11 > P10-DSC-CCC-CCC12 > P10-DSC-CCC-CCC13 > P10-DSC-CCC-CCC14 > P10-DSC-CCC-CCC15 > P10-DSC-CCC-CCC16 > P10-DSC-CCC-CCC17 > P10-DSC-CCC-CCC18 || 378434:200:P10 > P10-DSC-LGC-DESCASCARADO > P10-DSC-LGC-CONJUNTO > P10-DSC-ART-ARTVE12 > P10-DSC-ART-ARTVE13 > P10-DSC-VNT-VE12 > P10-DSC-CCL-CVE12 > P10-DSC-VLV-VR12 > P10-DSC-VNT-VE13 > P10-DSC-CCL-CVE13 > P10-DSC-VLV-VR13 || 378617:200:P10 > P10-DSC-LGC-DESCASCARADO > P10-DSC-LGC-MOLINO > P10-DSC-BMB-BS02 > P10-DSC-CCL-CBS02 > P10-DSC-MLN-M05 > P10-DSC-ALM-MA05 > P10-DSC-RSC-MSF05 > P10-DSC-MLN-M06 > P10-DSC-ALM-MA06 > P10-DSC-RSC-MSF06 > P10-DSC-RSC-SF15 > P10-DSC-VLV-VR17 > P10-DSC-VLV-VR15A || 378728:200:P10 > P10-DSC-LGC-DESCASCARADO > P10-DSC-LGC-REDLER > P10-DSC-RDL-R33 > P10-DSC-RDL-R34 > P10-DSC-RDL-R35 > P10-DSC-RDL-R36,P10-DSC-LGC-DESCASCARADO,Ancestro Project P10-DSC-LGC-DESCASCARADO aparece en 7 contenedores.,P10,P10-DSC-LGC-DESCASCARADO,P10-DSC-TLV-TLVCASC,P10-DSC-RSC-SF17,P10-DSC-RSC-SF18,,,,,,,,,,,,,,,,,,,,,,,,,,,,,,,,,,,,,,,,,,,,,,,,,,,,,,,,,,,,,,,,,,,,,,,,,,,,hay más de un contenedor candidato
duplicado,elemento_puntual,P10-DSC-LGC-CONJUNTO,CONJUNTO DE CCC SEGUNDA PASADA DESCASCARADO P10,8,3,8,P10-DSC-LGC-DESCASCARADO,P10-DSC-LGC-DESCASCARADO,P10-DSC-LGC-DESCASCARADO,P10 > P10-DSC-LGC-DESCASCARADO,P10 > P10-DSC-LGC-DESCASCARADO > P10-DSC-LGC-CONJUNTO CCC 2DA,378308,ddbef6d8-5146-4ece-9a6f-82caaca14519-0005c5c4,Cubiertas,,Genérico - 400 mm,Genérico - 400 mm,,P10 > P10-DSC-LGC-DESCASCARADO > P10-DSC-LGC-CONJUNTO > P10-DSC-ART-ARTVE68-69 > P10-DSC-VNT-VE68 > P10-DSC-CCL-CVE68 > P10-DSC-VLV-VR68 > P10-DSC-VNT-VE69 > P10-DSC-CCL-CVE69 > P10-DSC-VLV-VR69 > P10-DSC-CCC-CCC01 > P10-DSC-CCC-CCC02 > P10-DSC-CCC-CCC03 > P10-DSC-CCC-CCC04 > P10-DSC-CCC-CCC06 > P10-DSC-CCC-CCC07 > P10-DSC-CCC-CCC08 > P10-DSC-CCC-CCC09 > P10-DSC-CCC-CCC11 > P10-DSC-CCC-CCC12 > P10-DSC-CCC-CCC13 > P10-DSC-CCC-CCC14 > P10-DSC-CCC-CCC15 > P10-DSC-CCC-CCC16 > P10-DSC-CCC-CCC17 > P10-DSC-CCC-CCC18,btz_description_03,,,,,,,,,,,,,Código repetido en Project 2 veces. 2 elementos Revit contienen el código exacto.,P10,P10-DSC-LGC-DESCASCARADO,P10-DSC-LGC-CONJUNTO,P10-DSC-ART-ARTVE68-69,P10-DSC-VNT-VE68,P10-DSC-CCL-CVE68,P10-DSC-VLV-VR68,P10-DSC-VNT-VE69,P10-DSC-CCL-CVE69,P10-DSC-VLV-VR69,P10-DSC-CCC-CCC01,P10-DSC-CCC-CCC02,P10-DSC-CCC-CCC03,P10-DSC-CCC-CCC04,P10-DSC-CCC-CCC06,P10-DSC-CCC-CCC07,P10-DSC-CCC-CCC08,P10-DSC-CCC-CCC09,P10-DSC-CCC-CCC11,P10-DSC-CCC-CCC12,P10-DSC-CCC-CCC13,P10-DSC-CCC-CCC14,P10-DSC-CCC-CCC15,P10-DSC-CCC-CCC16,P10-DSC-CCC-CCC17,P10-DSC-CCC-CCC18,,,,,,,,,,,,,,,,,,,,,,,,,,,,,,,,,,,,,,,,,,,,,,,,,,,,,,,hay más de un elemento puntual posible
duplicado,elemento_puntual,P10-DSC-LGC-CONJUNTO,CONJUNTO DE CCC SEGUNDA PASADA DESCASCARADO P10,8,3,8,P10-DSC-LGC-DESCASCARADO,P10-DSC-LGC-DESCASCARADO,P10-DSC-LGC-DESCASCARADO,P10 > P10-DSC-LGC-DESCASCARADO,P10 > P10-DSC-LGC-DESCASCARADO > P10-DSC-LGC-CONJUNTO CCC 2DA,378434,ddbef6d8-5146-4ece-9a6f-82caaca14519-0005c642,Cubiertas,,Genérico - 400 mm,Genérico - 400 mm,,P10 > P10-DSC-LGC-DESCASCARADO > P10-DSC-LGC-CONJUNTO > P10-DSC-ART-ARTVE12 > P10-DSC-ART-ARTVE13 > P10-DSC-VNT-VE12 > P10-DSC-CCL-CVE12 > P10-DSC-VLV-VR12 > P10-DSC-VNT-VE13 > P10-DSC-CCL-CVE13 > P10-DSC-VLV-VR13,btz_description_03,,,,,,,,,,,,,Código repetido en Project 2 veces. 2 elementos Revit contienen el código exacto.,P10,P10-DSC-LGC-DESCASCARADO,P10-DSC-LGC-CONJUNTO,P10-DSC-ART-ARTVE12,P10-DSC-ART-ARTVE13,P10-DSC-VNT-VE12,P10-DSC-CCL-CVE12,P10-DSC-VLV-VR12,P10-DSC-VNT-VE13,P10-DSC-CCL-CVE13,P10-DSC-VLV-VR13,,,,,,,,,,,,,,,,,,,,,,,,,,,,,,,,,,,,,,,,,,,,,,,,,,,,,,,,,,,,,,,,,,,,,,hay más de un elemento puntual posible
contenedor_duplicado,contenedor_por_ancestro_project,P10-DSC-FLT-FMM,FILTRO MANGAS MOLINO CASCARDA,88,3,88,P10-DSC-LGC-DESCASCARADO,P10-DSC-LGC-DESCASCARADO,P10-DSC-LGC-DESCASCARADO,P10 > P10-DSC-LGC-DESCASCARADO,P10 > P10-DSC-LGC-DESCASCARADO > P10-DSC-FLT-FMM DESC,281184,a027b4da-4e9c-44ad-b607-5fb48d4c7061-00044a60,Cubiertas,,Genérico - 400 mm,Genérico - 400 mm,,P10 > P10-DSC-LGC-DESCASCARADO > P10-DSC-TLV-TLVCASC > P10-DSC-RSC-SF17 > P10-DSC-RSC-SF18,contenedor_scoring,281184,a027b4da-4e9c-44ad-b607-5fb48d4c7061-00044a60,P10 > P10-DSC-LGC-DESCASCARADO > P10-DSC-TLV-TLVCASC > P10-DSC-RSC-SF17 > P10-DSC-RSC-SF18,5,75,NO,200,200,0,ancestro_project_exacto_duplicado,281184:200:P10 > P10-DSC-LGC-DESCASCARADO > P10-DSC-TLV-TLVCASC > P10-DSC-RSC-SF17 > P10-DSC-RSC-SF18 || 378146:200:P10 > P10-DSC-LGC-DESCASCARADO > P10-DSC-LGC-ZARANDAS > P10-DSC-RSC-SF07 > P10-DSC-RSC-SF06 > P10-DSC-RSC-SF23 > P10-DSC-RSC-SF21 > P10-DSC-RSC-SF22 > P10-DSC-RSC-SF24 > P10-DSC-ZRN-Z01 > P10-DSC-ZRN-Z02 > P10-DSC-ZRN-Z03 > P10-DSC-ZRN-Z04 > P10-DSC-ZRN-Z05 > P10-DSC-ZRN-Z06 || 378268:200:P10 > P10-DSC-LGC-DESCASCARADO > P10-DSC-LGC-QUEBRADORES > P10-DSC-QBR-Q11 > P10-DSC-QBR-QA11 > P10-DSC-QBR-Q12 > P10-DSC-QBR-QA12 > P10-DSC-QBR-Q13 > P10-DSC-QBR-QA13 > P10-DSC-QBR-Q14 > P10-DSC-QBR-QA14 > P10-DSC-QBR-Q15 > P10-DSC-QBR-QA15 > P10-DSC-QBR-Q16 > P10-DSC-QBR-QA16 > P10-DSC-QBR-Q17 > P10-DSC-QBR-QA17 > P10-DSC-QBR-Q18 > P10-DSC-QBR-QA18 || 378308:200:P10 > P10-DSC-LGC-DESCASCARADO > P10-DSC-LGC-CONJUNTO > P10-DSC-ART-ARTVE68-69 > P10-DSC-VNT-VE68 > P10-DSC-CCL-CVE68 > P10-DSC-VLV-VR68 > P10-DSC-VNT-VE69 > P10-DSC-CCL-CVE69 > P10-DSC-VLV-VR69 > P10-DSC-CCC-CCC01 > P10-DSC-CCC-CCC02 > P10-DSC-CCC-CCC03 > P10-DSC-CCC-CCC04 > P10-DSC-CCC-CCC06 > P10-DSC-CCC-CCC07 > P10-DSC-CCC-CCC08 > P10-DSC-CCC-CCC09 > P10-DSC-CCC-CCC11 > P10-DSC-CCC-CCC12 > P10-DSC-CCC-CCC13 > P10-DSC-CCC-CCC14 > P10-DSC-CCC-CCC15 > P10-DSC-CCC-CCC16 > P10-DSC-CCC-CCC17 > P10-DSC-CCC-CCC18 || 378434:200:P10 > P10-DSC-LGC-DESCASCARADO > P10-DSC-LGC-CONJUNTO > P10-DSC-ART-ARTVE12 > P10-DSC-ART-ARTVE13 > P10-DSC-VNT-VE12 > P10-DSC-CCL-CVE12 > P10-DSC-VLV-VR12 > P10-DSC-VNT-VE13 > P10-DSC-CCL-CVE13 > P10-DSC-VLV-VR13 || 378617:200:P10 > P10-DSC-LGC-DESCASCARADO > P10-DSC-LGC-MOLINO > P10-DSC-BMB-BS02 > P10-DSC-CCL-CBS02 > P10-DSC-MLN-M05 > P10-DSC-ALM-MA05 > P10-DSC-RSC-MSF05 > P10-DSC-MLN-M06 > P10-DSC-ALM-MA06 > P10-DSC-RSC-MSF06 > P10-DSC-RSC-SF15 > P10-DSC-VLV-VR17 > P10-DSC-VLV-VR15A || 378728:200:P10 > P10-DSC-LGC-DESCASCARADO > P10-DSC-LGC-REDLER > P10-DSC-RDL-R33 > P10-DSC-RDL-R34 > P10-DSC-RDL-R35 > P10-DSC-RDL-R36,P10-DSC-LGC-DESCASCARADO,Ancestro Project P10-DSC-LGC-DESCASCARADO aparece en 7 contenedores.,P10,P10-DSC-LGC-DESCASCARADO,P10-DSC-TLV-TLVCASC,P10-DSC-RSC-SF17,P10-DSC-RSC-SF18,,,,,,,,,,,,,,,,,,,,,,,,,,,,,,,,,,,,,,,,,,,,,,,,,,,,,,,,,,,,,,,,,,,,,,,,,,,,hay más de un contenedor candidato
contenedor_duplicado,contenedor_por_ancestro_project,P10-DSC-VLV-VR33,BAJO FILTRO DE MANGAS FMM DESC,89,4,89,P10-DSC-FLT-FMM DESC,P10-DSC-FLT-FMM,P10-DSC-LGC-DESCASCARADO > P10-DSC-FLT-FMM,P10 > P10-DSC-LGC-DESCASCARADO > P10-DSC-FLT-FMM DESC,P10 > P10-DSC-LGC-DESCASCARADO > P10-DSC-FLT-FMM DESC > P10-DSC-VLV-VR33,281184,a027b4da-4e9c-44ad-b607-5fb48d4c7061-00044a60,Cubiertas,,Genérico - 400 mm,Genérico - 400 mm,,P10 > P10-DSC-LGC-DESCASCARADO > P10-DSC-TLV-TLVCASC > P10-DSC-RSC-SF17 > P10-DSC-RSC-SF18,contenedor_scoring,281184,a027b4da-4e9c-44ad-b607-5fb48d4c7061-00044a60,P10 > P10-DSC-LGC-DESCASCARADO > P10-DSC-TLV-TLVCASC > P10-DSC-RSC-SF17 > P10-DSC-RSC-SF18,5,75,NO,200,200,0,ancestro_project_exacto_duplicado,281184:200:P10 > P10-DSC-LGC-DESCASCARADO > P10-DSC-TLV-TLVCASC > P10-DSC-RSC-SF17 > P10-DSC-RSC-SF18 || 378146:200:P10 > P10-DSC-LGC-DESCASCARADO > P10-DSC-LGC-ZARANDAS > P10-DSC-RSC-SF07 > P10-DSC-RSC-SF06 > P10-DSC-RSC-SF23 > P10-DSC-RSC-SF21 > P10-DSC-RSC-SF22 > P10-DSC-RSC-SF24 > P10-DSC-ZRN-Z01 > P10-DSC-ZRN-Z02 > P10-DSC-ZRN-Z03 > P10-DSC-ZRN-Z04 > P10-DSC-ZRN-Z05 > P10-DSC-ZRN-Z06 || 378268:200:P10 > P10-DSC-LGC-DESCASCARADO > P10-DSC-LGC-QUEBRADORES > P10-DSC-QBR-Q11 > P10-DSC-QBR-QA11 > P10-DSC-QBR-Q12 > P10-DSC-QBR-QA12 > P10-DSC-QBR-Q13 > P10-DSC-QBR-QA13 > P10-DSC-QBR-Q14 > P10-DSC-QBR-QA14 > P10-DSC-QBR-Q15 > P10-DSC-QBR-QA15 > P10-DSC-QBR-Q16 > P10-DSC-QBR-QA16 > P10-DSC-QBR-Q17 > P10-DSC-QBR-QA17 > P10-DSC-QBR-Q18 > P10-DSC-QBR-QA18 || 378308:200:P10 > P10-DSC-LGC-DESCASCARADO > P10-DSC-LGC-CONJUNTO > P10-DSC-ART-ARTVE68-69 > P10-DSC-VNT-VE68 > P10-DSC-CCL-CVE68 > P10-DSC-VLV-VR68 > P10-DSC-VNT-VE69 > P10-DSC-CCL-CVE69 > P10-DSC-VLV-VR69 > P10-DSC-CCC-CCC01 > P10-DSC-CCC-CCC02 > P10-DSC-CCC-CCC03 > P10-DSC-CCC-CCC04 > P10-DSC-CCC-CCC06 > P10-DSC-CCC-CCC07 > P10-DSC-CCC-CCC08 > P10-DSC-CCC-CCC09 > P10-DSC-CCC-CCC11 > P10-DSC-CCC-CCC12 > P10-DSC-CCC-CCC13 > P10-DSC-CCC-CCC14 > P10-DSC-CCC-CCC15 > P10-DSC-CCC-CCC16 > P10-DSC-CCC-CCC17 > P10-DSC-CCC-CCC18 || 378434:200:P10 > P10-DSC-LGC-DESCASCARADO > P10-DSC-LGC-CONJUNTO > P10-DSC-ART-ARTVE12 > P10-DSC-ART-ARTVE13 > P10-DSC-VNT-VE12 > P10-DSC-CCL-CVE12 > P10-DSC-VLV-VR12 > P10-DSC-VNT-VE13 > P10-DSC-CCL-CVE13 > P10-DSC-VLV-VR13 || 378617:200:P10 > P10-DSC-LGC-DESCASCARADO > P10-DSC-LGC-MOLINO > P10-DSC-BMB-BS02 > P10-DSC-CCL-CBS02 > P10-DSC-MLN-M05 > P10-DSC-ALM-MA05 > P10-DSC-RSC-MSF05 > P10-DSC-MLN-M06 > P10-DSC-ALM-MA06 > P10-DSC-RSC-MSF06 > P10-DSC-RSC-SF15 > P10-DSC-VLV-VR17 > P10-DSC-VLV-VR15A || 378728:200:P10 > P10-DSC-LGC-DESCASCARADO > P10-DSC-LGC-REDLER > P10-DSC-RDL-R33 > P10-DSC-RDL-R34 > P10-DSC-RDL-R35 > P10-DSC-RDL-R36,P10-DSC-LGC-DESCASCARADO,Ancestro Project P10-DSC-LGC-DESCASCARADO aparece en 7 contenedores.,P10,P10-DSC-LGC-DESCASCARADO,P10-DSC-TLV-TLVCASC,P10-DSC-RSC-SF17,P10-DSC-RSC-SF18,,,,,,,,,,,,,,,,,,,,,,,,,,,,,,,,,,,,,,,,,,,,,,,,,,,,,,,,,,,,,,,,,,,,,,,,,,,,hay más de un contenedor candidato
contenedor_duplicado,contenedor_por_ancestro_project,P10-DSC-BRL-BRL2,BRAZO ROT. LIMPIEZA FILTRO MANGAS FMM DESC,90,4,90,P10-DSC-FLT-FMM DESC,P10-DSC-FLT-FMM,P10-DSC-LGC-DESCASCARADO > P10-DSC-FLT-FMM,P10 > P10-DSC-LGC-DESCASCARADO > P10-DSC-FLT-FMM DESC,P10 > P10-DSC-LGC-DESCASCARADO > P10-DSC-FLT-FMM DESC > P10-DSC-BRL-BRL2,281184,a027b4da-4e9c-44ad-b607-5fb48d4c7061-00044a60,Cubiertas,,Genérico - 400 mm,Genérico - 400 mm,,P10 > P10-DSC-LGC-DESCASCARADO > P10-DSC-TLV-TLVCASC > P10-DSC-RSC-SF17 > P10-DSC-RSC-SF18,contenedor_scoring,281184,a027b4da-4e9c-44ad-b607-5fb48d4c7061-00044a60,P10 > P10-DSC-LGC-DESCASCARADO > P10-DSC-TLV-TLVCASC > P10-DSC-RSC-SF17 > P10-DSC-RSC-SF18,5,75,NO,200,200,0,ancestro_project_exacto_duplicado,281184:200:P10 > P10-DSC-LGC-DESCASCARADO > P10-DSC-TLV-TLVCASC > P10-DSC-RSC-SF17 > P10-DSC-RSC-SF18 || 378146:200:P10 > P10-DSC-LGC-DESCASCARADO > P10-DSC-LGC-ZARANDAS > P10-DSC-RSC-SF07 > P10-DSC-RSC-SF06 > P10-DSC-RSC-SF23 > P10-DSC-RSC-SF21 > P10-DSC-RSC-SF22 > P10-DSC-RSC-SF24 > P10-DSC-ZRN-Z01 > P10-DSC-ZRN-Z02 > P10-DSC-ZRN-Z03 > P10-DSC-ZRN-Z04 > P10-DSC-ZRN-Z05 > P10-DSC-ZRN-Z06 || 378268:200:P10 > P10-DSC-LGC-DESCASCARADO > P10-DSC-LGC-QUEBRADORES > P10-DSC-QBR-Q11 > P10-DSC-QBR-QA11 > P10-DSC-QBR-Q12 > P10-DSC-QBR-QA12 > P10-DSC-QBR-Q13 > P10-DSC-QBR-QA13 > P10-DSC-QBR-Q14 > P10-DSC-QBR-QA14 > P10-DSC-QBR-Q15 > P10-DSC-QBR-QA15 > P10-DSC-QBR-Q16 > P10-DSC-QBR-QA16 > P10-DSC-QBR-Q17 > P10-DSC-QBR-QA17 > P10-DSC-QBR-Q18 > P10-DSC-QBR-QA18 || 378308:200:P10 > P10-DSC-LGC-DESCASCARADO > P10-DSC-LGC-CONJUNTO > P10-DSC-ART-ARTVE68-69 > P10-DSC-VNT-VE68 > P10-DSC-CCL-CVE68 > P10-DSC-VLV-VR68 > P10-DSC-VNT-VE69 > P10-DSC-CCL-CVE69 > P10-DSC-VLV-VR69 > P10-DSC-CCC-CCC01 > P10-DSC-CCC-CCC02 > P10-DSC-CCC-CCC03 > P10-DSC-CCC-CCC04 > P10-DSC-CCC-CCC06 > P10-DSC-CCC-CCC07 > P10-DSC-CCC-CCC08 > P10-DSC-CCC-CCC09 > P10-DSC-CCC-CCC11 > P10-DSC-CCC-CCC12 > P10-DSC-CCC-CCC13 > P10-DSC-CCC-CCC14 > P10-DSC-CCC-CCC15 > P10-DSC-CCC-CCC16 > P10-DSC-CCC-CCC17 > P10-DSC-CCC-CCC18 || 378434:200:P10 > P10-DSC-LGC-DESCASCARADO > P10-DSC-LGC-CONJUNTO > P10-DSC-ART-ARTVE12 > P10-DSC-ART-ARTVE13 > P10-DSC-VNT-VE12 > P10-DSC-CCL-CVE12 > P10-DSC-VLV-VR12 > P10-DSC-VNT-VE13 > P10-DSC-CCL-CVE13 > P10-DSC-VLV-VR13 || 378617:200:P10 > P10-DSC-LGC-DESCASCARADO > P10-DSC-LGC-MOLINO > P10-DSC-BMB-BS02 > P10-DSC-CCL-CBS02 > P10-DSC-MLN-M05 > P10-DSC-ALM-MA05 > P10-DSC-RSC-MSF05 > P10-DSC-MLN-M06 > P10-DSC-ALM-MA06 > P10-DSC-RSC-MSF06 > P10-DSC-RSC-SF15 > P10-DSC-VLV-VR17 > P10-DSC-VLV-VR15A || 378728:200:P10 > P10-DSC-LGC-DESCASCARADO > P10-DSC-LGC-REDLER > P10-DSC-RDL-R33 > P10-DSC-RDL-R34 > P10-DSC-RDL-R35 > P10-DSC-RDL-R36,P10-DSC-LGC-DESCASCARADO,Ancestro Project P10-DSC-LGC-DESCASCARADO aparece en 7 contenedores.,P10,P10-DSC-LGC-DESCASCARADO,P10-DSC-TLV-TLVCASC,P10-DSC-RSC-SF17,P10-DSC-RSC-SF18,,,,,,,,,,,,,,,,,,,,,,,,,,,,,,,,,,,,,,,,,,,,,,,,,,,,,,,,,,,,,,,,,,,,,,,,,,,,hay más de un contenedor candidato
contenedor_duplicado,contenedor_por_ancestro_project,P10-DSC-RSC-SF09,SIN FIN UNIFICADOR CICLON FMM DESC,91,4,91,P10-DSC-FLT-FMM DESC,P10-DSC-FLT-FMM,P10-DSC-LGC-DESCASCARADO > P10-DSC-FLT-FMM,P10 > P10-DSC-LGC-DESCASCARADO > P10-DSC-FLT-FMM DESC,P10 > P10-DSC-LGC-DESCASCARADO > P10-DSC-FLT-FMM DESC > P10-DSC-RSC-SF09,281184,a027b4da-4e9c-44ad-b607-5fb48d4c7061-00044a60,Cubiertas,,Genérico - 400 mm,Genérico - 400 mm,,P10 > P10-DSC-LGC-DESCASCARADO > P10-DSC-TLV-TLVCASC > P10-DSC-RSC-SF17 > P10-DSC-RSC-SF18,contenedor_scoring,281184,a027b4da-4e9c-44ad-b607-5fb48d4c7061-00044a60,P10 > P10-DSC-LGC-DESCASCARADO > P10-DSC-TLV-TLVCASC > P10-DSC-RSC-SF17 > P10-DSC-RSC-SF18,5,75,NO,200,200,0,ancestro_project_exacto_duplicado,281184:200:P10 > P10-DSC-LGC-DESCASCARADO > P10-DSC-TLV-TLVCASC > P10-DSC-RSC-SF17 > P10-DSC-RSC-SF18 || 378146:200:P10 > P10-DSC-LGC-DESCASCARADO > P10-DSC-LGC-ZARANDAS > P10-DSC-RSC-SF07 > P10-DSC-RSC-SF06 > P10-DSC-RSC-SF23 > P10-DSC-RSC-SF21 > P10-DSC-RSC-SF22 > P10-DSC-RSC-SF24 > P10-DSC-ZRN-Z01 > P10-DSC-ZRN-Z02 > P10-DSC-ZRN-Z03 > P10-DSC-ZRN-Z04 > P10-DSC-ZRN-Z05 > P10-DSC-ZRN-Z06 || 378268:200:P10 > P10-DSC-LGC-DESCASCARADO > P10-DSC-LGC-QUEBRADORES > P10-DSC-QBR-Q11 > P10-DSC-QBR-QA11 > P10-DSC-QBR-Q12 > P10-DSC-QBR-QA12 > P10-DSC-QBR-Q13 > P10-DSC-QBR-QA13 > P10-DSC-QBR-Q14 > P10-DSC-QBR-QA14 > P10-DSC-QBR-Q15 > P10-DSC-QBR-QA15 > P10-DSC-QBR-Q16 > P10-DSC-QBR-QA16 > P10-DSC-QBR-Q17 > P10-DSC-QBR-QA17 > P10-DSC-QBR-Q18 > P10-DSC-QBR-QA18 || 378308:200:P10 > P10-DSC-LGC-DESCASCARADO > P10-DSC-LGC-CONJUNTO > P10-DSC-ART-ARTVE68-69 > P10-DSC-VNT-VE68 > P10-DSC-CCL-CVE68 > P10-DSC-VLV-VR68 > P10-DSC-VNT-VE69 > P10-DSC-CCL-CVE69 > P10-DSC-VLV-VR69 > P10-DSC-CCC-CCC01 > P10-DSC-CCC-CCC02 > P10-DSC-CCC-CCC03 > P10-DSC-CCC-CCC04 > P10-DSC-CCC-CCC06 > P10-DSC-CCC-CCC07 > P10-DSC-CCC-CCC08 > P10-DSC-CCC-CCC09 > P10-DSC-CCC-CCC11 > P10-DSC-CCC-CCC12 > P10-DSC-CCC-CCC13 > P10-DSC-CCC-CCC14 > P10-DSC-CCC-CCC15 > P10-DSC-CCC-CCC16 > P10-DSC-CCC-CCC17 > P10-DSC-CCC-CCC18 || 378434:200:P10 > P10-DSC-LGC-DESCASCARADO > P10-DSC-LGC-CONJUNTO > P10-DSC-ART-ARTVE12 > P10-DSC-ART-ARTVE13 > P10-DSC-VNT-VE12 > P10-DSC-CCL-CVE12 > P10-DSC-VLV-VR12 > P10-DSC-VNT-VE13 > P10-DSC-CCL-CVE13 > P10-DSC-VLV-VR13 || 378617:200:P10 > P10-DSC-LGC-DESCASCARADO > P10-DSC-LGC-MOLINO > P10-DSC-BMB-BS02 > P10-DSC-CCL-CBS02 > P10-DSC-MLN-M05 > P10-DSC-ALM-MA05 > P10-DSC-RSC-MSF05 > P10-DSC-MLN-M06 > P10-DSC-ALM-MA06 > P10-DSC-RSC-MSF06 > P10-DSC-RSC-SF15 > P10-DSC-VLV-VR17 > P10-DSC-VLV-VR15A || 378728:200:P10 > P10-DSC-LGC-DESCASCARADO > P10-DSC-LGC-REDLER > P10-DSC-RDL-R33 > P10-DSC-RDL-R34 > P10-DSC-RDL-R35 > P10-DSC-RDL-R36,P10-DSC-LGC-DESCASCARADO,Ancestro Project P10-DSC-LGC-DESCASCARADO aparece en 7 contenedores.,P10,P10-DSC-LGC-DESCASCARADO,P10-DSC-TLV-TLVCASC,P10-DSC-RSC-SF17,P10-DSC-RSC-SF18,,,,,,,,,,,,,,,,,,,,,,,,,,,,,,,,,,,,,,,,,,,,,,,,,,,,,,,,,,,,,,,,,,,,,,,,,,,,hay más de un contenedor candidato
contenedor_duplicado,contenedor_por_ancestro_project,P10-DSC-VLV-VR34,VALV. ROT. CICLON FMM DESC,92,4,92,P10-DSC-FLT-FMM DESC,P10-DSC-FLT-FMM,P10-DSC-LGC-DESCASCARADO > P10-DSC-FLT-FMM,P10 > P10-DSC-LGC-DESCASCARADO > P10-DSC-FLT-FMM DESC,P10 > P10-DSC-LGC-DESCASCARADO > P10-DSC-FLT-FMM DESC > P10-DSC-VLV-VR34,281184,a027b4da-4e9c-44ad-b607-5fb48d4c7061-00044a60,Cubiertas,,Genérico - 400 mm,Genérico - 400 mm,,P10 > P10-DSC-LGC-DESCASCARADO > P10-DSC-TLV-TLVCASC > P10-DSC-RSC-SF17 > P10-DSC-RSC-SF18,contenedor_scoring,281184,a027b4da-4e9c-44ad-b607-5fb48d4c7061-00044a60,P10 > P10-DSC-LGC-DESCASCARADO > P10-DSC-TLV-TLVCASC > P10-DSC-RSC-SF17 > P10-DSC-RSC-SF18,5,75,NO,200,200,0,ancestro_project_exacto_duplicado,281184:200:P10 > P10-DSC-LGC-DESCASCARADO > P10-DSC-TLV-TLVCASC > P10-DSC-RSC-SF17 > P10-DSC-RSC-SF18 || 378146:200:P10 > P10-DSC-LGC-DESCASCARADO > P10-DSC-LGC-ZARANDAS > P10-DSC-RSC-SF07 > P10-DSC-RSC-SF06 > P10-DSC-RSC-SF23 > P10-DSC-RSC-SF21 > P10-DSC-RSC-SF22 > P10-DSC-RSC-SF24 > P10-DSC-ZRN-Z01 > P10-DSC-ZRN-Z02 > P10-DSC-ZRN-Z03 > P10-DSC-ZRN-Z04 > P10-DSC-ZRN-Z05 > P10-DSC-ZRN-Z06 || 378268:200:P10 > P10-DSC-LGC-DESCASCARADO > P10-DSC-LGC-QUEBRADORES > P10-DSC-QBR-Q11 > P10-DSC-QBR-QA11 > P10-DSC-QBR-Q12 > P10-DSC-QBR-QA12 > P10-DSC-QBR-Q13 > P10-DSC-QBR-QA13 > P10-DSC-QBR-Q14 > P10-DSC-QBR-QA14 > P10-DSC-QBR-Q15 > P10-DSC-QBR-QA15 > P10-DSC-QBR-Q16 > P10-DSC-QBR-QA16 > P10-DSC-QBR-Q17 > P10-DSC-QBR-QA17 > P10-DSC-QBR-Q18 > P10-DSC-QBR-QA18 || 378308:200:P10 > P10-DSC-LGC-DESCASCARADO > P10-DSC-LGC-CONJUNTO > P10-DSC-ART-ARTVE68-69 > P10-DSC-VNT-VE68 > P10-DSC-CCL-CVE68 > P10-DSC-VLV-VR68 > P10-DSC-VNT-VE69 > P10-DSC-CCL-CVE69 > P10-DSC-VLV-VR69 > P10-DSC-CCC-CCC01 > P10-DSC-CCC-CCC02 > P10-DSC-CCC-CCC03 > P10-DSC-CCC-CCC04 > P10-DSC-CCC-CCC06 > P10-DSC-CCC-CCC07 > P10-DSC-CCC-CCC08 > P10-DSC-CCC-CCC09 > P10-DSC-CCC-CCC11 > P10-DSC-CCC-CCC12 > P10-DSC-CCC-CCC13 > P10-DSC-CCC-CCC14 > P10-DSC-CCC-CCC15 > P10-DSC-CCC-CCC16 > P10-DSC-CCC-CCC17 > P10-DSC-CCC-CCC18 || 378434:200:P10 > P10-DSC-LGC-DESCASCARADO > P10-DSC-LGC-CONJUNTO > P10-DSC-ART-ARTVE12 > P10-DSC-ART-ARTVE13 > P10-DSC-VNT-VE12 > P10-DSC-CCL-CVE12 > P10-DSC-VLV-VR12 > P10-DSC-VNT-VE13 > P10-DSC-CCL-CVE13 > P10-DSC-VLV-VR13 || 378617:200:P10 > P10-DSC-LGC-DESCASCARADO > P10-DSC-LGC-MOLINO > P10-DSC-BMB-BS02 > P10-DSC-CCL-CBS02 > P10-DSC-MLN-M05 > P10-DSC-ALM-MA05 > P10-DSC-RSC-MSF05 > P10-DSC-MLN-M06 > P10-DSC-ALM-MA06 > P10-DSC-RSC-MSF06 > P10-DSC-RSC-SF15 > P10-DSC-VLV-VR17 > P10-DSC-VLV-VR15A || 378728:200:P10 > P10-DSC-LGC-DESCASCARADO > P10-DSC-LGC-REDLER > P10-DSC-RDL-R33 > P10-DSC-RDL-R34 > P10-DSC-RDL-R35 > P10-DSC-RDL-R36,P10-DSC-LGC-DESCASCARADO,Ancestro Project P10-DSC-LGC-DESCASCARADO aparece en 7 contenedores.,P10,P10-DSC-LGC-DESCASCARADO,P10-DSC-TLV-TLVCASC,P10-DSC-RSC-SF17,P10-DSC-RSC-SF18,,,,,,,,,,,,,,,,,,,,,,,,,,,,,,,,,,,,,,,,,,,,,,,,,,,,,,,,,,,,,,,,,,,,,,,,,,,,hay más de un contenedor candidato
contenedor_duplicado,contenedor_por_ancestro_project,P10-DSC-VNT-VE66,VENTILADOR VE66 BRAZO LIMPIEZA FMM DESC,93,4,93,P10-DSC-FLT-FMM DESC,P10-DSC-FLT-FMM,P10-DSC-LGC-DESCASCARADO > P10-DSC-FLT-FMM,P10 > P10-DSC-LGC-DESCASCARADO > P10-DSC-FLT-FMM DESC,P10 > P10-DSC-LGC-DESCASCARADO > P10-DSC-FLT-FMM DESC > P10-DSC-VNT-VE66,281184,a027b4da-4e9c-44ad-b607-5fb48d4c7061-00044a60,Cubiertas,,Genérico - 400 mm,Genérico - 400 mm,,P10 > P10-DSC-LGC-DESCASCARADO > P10-DSC-TLV-TLVCASC > P10-DSC-RSC-SF17 > P10-DSC-RSC-SF18,contenedor_scoring,281184,a027b4da-4e9c-44ad-b607-5fb48d4c7061-00044a60,P10 > P10-DSC-LGC-DESCASCARADO > P10-DSC-TLV-TLVCASC > P10-DSC-RSC-SF17 > P10-DSC-RSC-SF18,5,75,NO,200,200,0,ancestro_project_exacto_duplicado,281184:200:P10 > P10-DSC-LGC-DESCASCARADO > P10-DSC-TLV-TLVCASC > P10-DSC-RSC-SF17 > P10-DSC-RSC-SF18 || 378146:200:P10 > P10-DSC-LGC-DESCASCARADO > P10-DSC-LGC-ZARANDAS > P10-DSC-RSC-SF07 > P10-DSC-RSC-SF06 > P10-DSC-RSC-SF23 > P10-DSC-RSC-SF21 > P10-DSC-RSC-SF22 > P10-DSC-RSC-SF24 > P10-DSC-ZRN-Z01 > P10-DSC-ZRN-Z02 > P10-DSC-ZRN-Z03 > P10-DSC-ZRN-Z04 > P10-DSC-ZRN-Z05 > P10-DSC-ZRN-Z06 || 378268:200:P10 > P10-DSC-LGC-DESCASCARADO > P10-DSC-LGC-QUEBRADORES > P10-DSC-QBR-Q11 > P10-DSC-QBR-QA11 > P10-DSC-QBR-Q12 > P10-DSC-QBR-QA12 > P10-DSC-QBR-Q13 > P10-DSC-QBR-QA13 > P10-DSC-QBR-Q14 > P10-DSC-QBR-QA14 > P10-DSC-QBR-Q15 > P10-DSC-QBR-QA15 > P10-DSC-QBR-Q16 > P10-DSC-QBR-QA16 > P10-DSC-QBR-Q17 > P10-DSC-QBR-QA17 > P10-DSC-QBR-Q18 > P10-DSC-QBR-QA18 || 378308:200:P10 > P10-DSC-LGC-DESCASCARADO > P10-DSC-LGC-CONJUNTO > P10-DSC-ART-ARTVE68-69 > P10-DSC-VNT-VE68 > P10-DSC-CCL-CVE68 > P10-DSC-VLV-VR68 > P10-DSC-VNT-VE69 > P10-DSC-CCL-CVE69 > P10-DSC-VLV-VR69 > P10-DSC-CCC-CCC01 > P10-DSC-CCC-CCC02 > P10-DSC-CCC-CCC03 > P10-DSC-CCC-CCC04 > P10-DSC-CCC-CCC06 > P10-DSC-CCC-CCC07 > P10-DSC-CCC-CCC08 > P10-DSC-CCC-CCC09 > P10-DSC-CCC-CCC11 > P10-DSC-CCC-CCC12 > P10-DSC-CCC-CCC13 > P10-DSC-CCC-CCC14 > P10-DSC-CCC-CCC15 > P10-DSC-CCC-CCC16 > P10-DSC-CCC-CCC17 > P10-DSC-CCC-CCC18 || 378434:200:P10 > P10-DSC-LGC-DESCASCARADO > P10-DSC-LGC-CONJUNTO > P10-DSC-ART-ARTVE12 > P10-DSC-ART-ARTVE13 > P10-DSC-VNT-VE12 > P10-DSC-CCL-CVE12 > P10-DSC-VLV-VR12 > P10-DSC-VNT-VE13 > P10-DSC-CCL-CVE13 > P10-DSC-VLV-VR13 || 378617:200:P10 > P10-DSC-LGC-DESCASCARADO > P10-DSC-LGC-MOLINO > P10-DSC-BMB-BS02 > P10-DSC-CCL-CBS02 > P10-DSC-MLN-M05 > P10-DSC-ALM-MA05 > P10-DSC-RSC-MSF05 > P10-DSC-MLN-M06 > P10-DSC-ALM-MA06 > P10-DSC-RSC-MSF06 > P10-DSC-RSC-SF15 > P10-DSC-VLV-VR17 > P10-DSC-VLV-VR15A || 378728:200:P10 > P10-DSC-LGC-DESCASCARADO > P10-DSC-LGC-REDLER > P10-DSC-RDL-R33 > P10-DSC-RDL-R34 > P10-DSC-RDL-R35 > P10-DSC-RDL-R36,P10-DSC-LGC-DESCASCARADO,Ancestro Project P10-DSC-LGC-DESCASCARADO aparece en 7 contenedores.,P10,P10-DSC-LGC-DESCASCARADO,P10-DSC-TLV-TLVCASC,P10-DSC-RSC-SF17,P10-DSC-RSC-SF18,,,,,,,,,,,,,,,,,,,,,,,,,,,,,,,,,,,,,,,,,,,,,,,,,,,,,,,,,,,,,,,,,,,,,,,,,,,,hay más de un contenedor candidato
contenedor_duplicado,contenedor_por_ancestro_project,P10-DSC-VNT-VE09,VENTTILADOR VE09 FMM DESC,94,4,94,P10-DSC-FLT-FMM DESC,P10-DSC-FLT-FMM,P10-DSC-LGC-DESCASCARADO > P10-DSC-FLT-FMM,P10 > P10-DSC-LGC-DESCASCARADO > P10-DSC-FLT-FMM DESC,P10 > P10-DSC-LGC-DESCASCARADO > P10-DSC-FLT-FMM DESC > P10-DSC-VNT-VE09,281184,a027b4da-4e9c-44ad-b607-5fb48d4c7061-00044a60,Cubiertas,,Genérico - 400 mm,Genérico - 400 mm,,P10 > P10-DSC-LGC-DESCASCARADO > P10-DSC-TLV-TLVCASC > P10-DSC-RSC-SF17 > P10-DSC-RSC-SF18,contenedor_scoring,281184,a027b4da-4e9c-44ad-b607-5fb48d4c7061-00044a60,P10 > P10-DSC-LGC-DESCASCARADO > P10-DSC-TLV-TLVCASC > P10-DSC-RSC-SF17 > P10-DSC-RSC-SF18,5,75,NO,200,200,0,ancestro_project_exacto_duplicado,281184:200:P10 > P10-DSC-LGC-DESCASCARADO > P10-DSC-TLV-TLVCASC > P10-DSC-RSC-SF17 > P10-DSC-RSC-SF18 || 378146:200:P10 > P10-DSC-LGC-DESCASCARADO > P10-DSC-LGC-ZARANDAS > P10-DSC-RSC-SF07 > P10-DSC-RSC-SF06 > P10-DSC-RSC-SF23 > P10-DSC-RSC-SF21 > P10-DSC-RSC-SF22 > P10-DSC-RSC-SF24 > P10-DSC-ZRN-Z01 > P10-DSC-ZRN-Z02 > P10-DSC-ZRN-Z03 > P10-DSC-ZRN-Z04 > P10-DSC-ZRN-Z05 > P10-DSC-ZRN-Z06 || 378268:200:P10 > P10-DSC-LGC-DESCASCARADO > P10-DSC-LGC-QUEBRADORES > P10-DSC-QBR-Q11 > P10-DSC-QBR-QA11 > P10-DSC-QBR-Q12 > P10-DSC-QBR-QA12 > P10-DSC-QBR-Q13 > P10-DSC-QBR-QA13 > P10-DSC-QBR-Q14 > P10-DSC-QBR-QA14 > P10-DSC-QBR-Q15 > P10-DSC-QBR-QA15 > P10-DSC-QBR-Q16 > P10-DSC-QBR-QA16 > P10-DSC-QBR-Q17 > P10-DSC-QBR-QA17 > P10-DSC-QBR-Q18 > P10-DSC-QBR-QA18 || 378308:200:P10 > P10-DSC-LGC-DESCASCARADO > P10-DSC-LGC-CONJUNTO > P10-DSC-ART-ARTVE68-69 > P10-DSC-VNT-VE68 > P10-DSC-CCL-CVE68 > P10-DSC-VLV-VR68 > P10-DSC-VNT-VE69 > P10-DSC-CCL-CVE69 > P10-DSC-VLV-VR69 > P10-DSC-CCC-CCC01 > P10-DSC-CCC-CCC02 > P10-DSC-CCC-CCC03 > P10-DSC-CCC-CCC04 > P10-DSC-CCC-CCC06 > P10-DSC-CCC-CCC07 > P10-DSC-CCC-CCC08 > P10-DSC-CCC-CCC09 > P10-DSC-CCC-CCC11 > P10-DSC-CCC-CCC12 > P10-DSC-CCC-CCC13 > P10-DSC-CCC-CCC14 > P10-DSC-CCC-CCC15 > P10-DSC-CCC-CCC16 > P10-DSC-CCC-CCC17 > P10-DSC-CCC-CCC18 || 378434:200:P10 > P10-DSC-LGC-DESCASCARADO > P10-DSC-LGC-CONJUNTO > P10-DSC-ART-ARTVE12 > P10-DSC-ART-ARTVE13 > P10-DSC-VNT-VE12 > P10-DSC-CCL-CVE12 > P10-DSC-VLV-VR12 > P10-DSC-VNT-VE13 > P10-DSC-CCL-CVE13 > P10-DSC-VLV-VR13 || 378617:200:P10 > P10-DSC-LGC-DESCASCARADO > P10-DSC-LGC-MOLINO > P10-DSC-BMB-BS02 > P10-DSC-CCL-CBS02 > P10-DSC-MLN-M05 > P10-DSC-ALM-MA05 > P10-DSC-RSC-MSF05 > P10-DSC-MLN-M06 > P10-DSC-ALM-MA06 > P10-DSC-RSC-MSF06 > P10-DSC-RSC-SF15 > P10-DSC-VLV-VR17 > P10-DSC-VLV-VR15A || 378728:200:P10 > P10-DSC-LGC-DESCASCARADO > P10-DSC-LGC-REDLER > P10-DSC-RDL-R33 > P10-DSC-RDL-R34 > P10-DSC-RDL-R35 > P10-DSC-RDL-R36,P10-DSC-LGC-DESCASCARADO,Ancestro Project P10-DSC-LGC-DESCASCARADO aparece en 7 contenedores.,P10,P10-DSC-LGC-DESCASCARADO,P10-DSC-TLV-TLVCASC,P10-DSC-RSC-SF17,P10-DSC-RSC-SF18,,,,,,,,,,,,,,,,,,,,,,,,,,,,,,,,,,,,,,,,,,,,,,,,,,,,,,,,,,,,,,,,,,,,,,,,,,,,hay más de un contenedor candidato
duplicado,elemento_puntual,P10-EXT-LGC-EXTRACCION,SECTOR EXTRACCION EXTRACCION P10,98,2,98,P10,,,P10,P10 > P10-EXT-LGC-EXTRACCION,282497,a027b4da-4e9c-44ad-b607-5fb48d4c7061-00044f81,Cubiertas,,Genérico - 400 mm,Genérico - 400 mm,P10-EXT-LGC-BMB,P10 > P10-EXT-LGC-EXTRACCION > P10-EXT-EXT-M202 > P10-EXT-LGC-BMB RECIRCULACION > P10-SRA-BMB-BO70 > P10-SRA-BMB-JOCKEY > P10-SRA-BMB-BOIN > P10-SRA-BMB-DOSIF > P10-EXT-BMB-P439B > P10-PLL-BMB-BS03,btz_description_02,,,,,,,,,,,,,7 elementos Revit contienen el código exacto.,P10,P10-EXT-LGC-EXTRACCION,P10-EXT-EXT-M202,P10-EXT-LGC-BMB RECIRCULACION,P10-SRA-BMB-BO70,P10-SRA-BMB-JOCKEY,P10-SRA-BMB-BOIN,P10-SRA-BMB-DOSIF,P10-EXT-BMB-P439B,P10-PLL-BMB-BS03,,,,,,,,,,,,,,,,,,,,,,,,,,,,,,,,,,,,,,,,,,,,,,,,,,,,,,,,,,,,,,,,,,,,,,,hay más de un elemento puntual posible
duplicado,elemento_puntual,P10-EXT-LGC-EXTRACCION,SECTOR EXTRACCION EXTRACCION P10,98,2,98,P10,,,P10,P10 > P10-EXT-LGC-EXTRACCION,282656,a027b4da-4e9c-44ad-b607-5fb48d4c7061-00045020,Cubiertas,,Genérico - 400 mm,Genérico - 400 mm,P10-EXT-TST-DT250,P10 > P10-EXT-LGC-EXTRACCION > P10-EXT-TST-DT250 > P10-EXT-CND-HX303 > P10-EXT-LGC-VLV > P10-EXT-VLV-PRV259 > P10-EXT-VLV-PRV258 > P10-EXT-VLV-PRV260 > P10-EXT-MND-M250A > P10-EXT-RDC-RDT250 > P10-EXT-BMB-P250 > P10-EXT-TNQ-V480 > P10-EXT-BMB-P490 > P10-EXT-BMB-P481 > P10-EXT-BMB-P482 > P10-EXT-TNQ-V262 > P10-EXT-TNQ-V475 > P10-EXT-VLV-SOV250 > P10-EXT-VLV-RV255A > P10-EXT-VLV-RV255B > P10-EXT-VLV-RV256A > P10-EXT-VLV-RV256B > P10-EXT-VLV-RV257A > P10-EXT-VLV-RV257B > P10-EXT-VLV-RV258A > P10-EXT-VLV-RV258B > P10-EXT-VLV-RV259 > P10-EXT-VLV-RV260 > P10-EXT-VLV-SOV252,btz_description_02,,,,,,,,,,,,,7 elementos Revit contienen el código exacto.,P10,P10-EXT-LGC-EXTRACCION,P10-EXT-TST-DT250,P10-EXT-CND-HX303,P10-EXT-LGC-VLV,P10-EXT-VLV-PRV259,P10-EXT-VLV-PRV258,P10-EXT-VLV-PRV260,P10-EXT-MND-M250A,P10-EXT-RDC-RDT250,P10-EXT-BMB-P250,P10-EXT-TNQ-V480,P10-EXT-BMB-P490,P10-EXT-BMB-P481,P10-EXT-BMB-P482,P10-EXT-TNQ-V262,P10-EXT-TNQ-V475,P10-EXT-VLV-SOV250,P10-EXT-VLV-RV255A,P10-EXT-VLV-RV255B,P10-EXT-VLV-RV256A,P10-EXT-VLV-RV256B,P10-EXT-VLV-RV257A,P10-EXT-VLV-RV257B,P10-EXT-VLV-RV258A,P10-EXT-VLV-RV258B,P10-EXT-VLV-RV259,P10-EXT-VLV-RV260,P10-EXT-VLV-SOV252,,,,,,,,,,,,,,,,,,,,,,,,,,,,,,,,,,,,,,,,,,,,,,,,,,,,hay más de un elemento puntual posible
duplicado,elemento_puntual,P10-EXT-LGC-EXTRACCION,SECTOR EXTRACCION EXTRACCION P10,98,2,98,P10,,,P10,P10 > P10-EXT-LGC-EXTRACCION,282755,a027b4da-4e9c-44ad-b607-5fb48d4c7061-00045083,Cubiertas,,Genérico - 400 mm,Genérico - 400 mm,P10-EXT-LGC-HIDROCICLONES,P10 > P10-EXT-LGC-EXTRACCION > P10-EXT-EXT-M202 > P10-EXT-LGC-HIDROCICLONES > P10-EXT-HDR-HCP01 > P10-EXT-HDR-HCP02 > P10-EXT-HDR-HCP03 > P10-EXT-HDR-HCS01E > P10-EXT-HDR-HCS01O > P10-EXT-HDR-HCS02E > P10-EXT-HDR-HCS02O > P10-EXT-HDR-HCS03E > P10-EXT-HDR-HCS03O > P10-EXT-HDR-HCS04E > P10-EXT-HDR-HCS04O > P10-EXT-HDR-HCS05E > P10-EXT-HDR-HCS05O > P10-EXT-HDR-HCS06E > P10-EXT-HDR-HCS06O > P10-EXT-HDR-HCS07E > P10-EXT-HDR-HCS07O > P10-EXT-HDR-HCS08E > P10-EXT-HDR-HCS08O > P10-EXT-HDR-HCS09E > P10-EXT-HDR-HCS09O > P10-EXT-HDR-HCS10E > P10-EXT-HDR-HCS10O,btz_description_02,,,,,,,,,,,,,7 elementos Revit contienen el código exacto.,P10,P10-EXT-LGC-EXTRACCION,P10-EXT-EXT-M202,P10-EXT-LGC-HIDROCICLONES,P10-EXT-HDR-HCP01,P10-EXT-HDR-HCP02,P10-EXT-HDR-HCP03,P10-EXT-HDR-HCS01E,P10-EXT-HDR-HCS01O,P10-EXT-HDR-HCS02E,P10-EXT-HDR-HCS02O,P10-EXT-HDR-HCS03E,P10-EXT-HDR-HCS03O,P10-EXT-HDR-HCS04E,P10-EXT-HDR-HCS04O,P10-EXT-HDR-HCS05E,P10-EXT-HDR-HCS05O,P10-EXT-HDR-HCS06E,P10-EXT-HDR-HCS06O,P10-EXT-HDR-HCS07E,P10-EXT-HDR-HCS07O,P10-EXT-HDR-HCS08E,P10-EXT-HDR-HCS08O,P10-EXT-HDR-HCS09E,P10-EXT-HDR-HCS09O,P10-EXT-HDR-HCS10E,P10-EXT-HDR-HCS10O,,,,,,,,,,,,,,,,,,,,,,,,,,,,,,,,,,,,,,,,,,,,,,,,,,,,,,hay más de un elemento puntual posible
duplicado,elemento_puntual,P10-EXT-LGC-EXTRACCION,SECTOR EXTRACCION EXTRACCION P10,98,2,98,P10,,,P10,P10 > P10-EXT-LGC-EXTRACCION,282804,a027b4da-4e9c-44ad-b607-5fb48d4c7061-000450b4,Cubiertas,,Genérico - 400 mm,Genérico - 400 mm,P10-EXT-LGC-RECUP,P10 > P10-EXT-LGC-EXTRACCION > P10-EXT-LGC-RECUP GASES,btz_description_02,,,,,,,,,,,,,7 elementos Revit contienen el código exacto.,P10,P10-EXT-LGC-EXTRACCION,P10-EXT-LGC-RECUP GASES,,,,,,,,,,,,,,,,,,,,,,,,,,,,,,,,,,,,,,,,,,,,,,,,,,,,,,,,,,,,,,,,,,,,,,,,,,,,,,hay más de un elemento puntual posible
duplicado,elemento_puntual,P10-EXT-LGC-EXTRACCION,SECTOR EXTRACCION EXTRACCION P10,98,2,98,P10,,,P10,P10 > P10-EXT-LGC-EXTRACCION,282896,a027b4da-4e9c-44ad-b607-5fb48d4c7061-00045110,Cubiertas,,Genérico - 400 mm,Genérico - 400 mm,P10-EXT-LGC-SOLVENTE,P10 > P10-EXT-LGC-EXTRACCION > P10-EXT-LGC-SOLVENTE > P10-EXT-BMB-P336 > P10-EXT-BMB-P351 > P10-EXT-PRC-HX302 > P10-EXT-INT-V338 > P10-EXT-RHV-HX337 > P10-EXT-TNQ-V330 > P10-EXT-BMB-P331 > P10-EXT-BMB-P335 > P10-EXT-TNQ-V351 > P10-EXT-TNQ-TKD > P10-EXT-BMB-P335A > P10-EXT-AH101 > P10-EXT-AH103 > P10-EXT-AH102 > P10-EXT-AH105 > P10-EXT-AH104,btz_description_02,,,,,,,,,,,,,7 elementos Revit contienen el código exacto.,P10,P10-EXT-LGC-EXTRACCION,P10-EXT-LGC-SOLVENTE,P10-EXT-BMB-P336,P10-EXT-BMB-P351,P10-EXT-PRC-HX302,P10-EXT-INT-V338,P10-EXT-RHV-HX337,P10-EXT-TNQ-V330,P10-EXT-BMB-P331,P10-EXT-BMB-P335,P10-EXT-TNQ-V351,P10-EXT-TNQ-TKD,P10-EXT-BMB-P335A,P10-EXT-AH101,P10-EXT-AH103,P10-EXT-AH102,P10-EXT-AH105,P10-EXT-AH104,,,,,,,,,,,,,,,,,,,,,,,,,,,,,,,,,,,,,,,,,,,,,,,,,,,,,,,,,,,,,,hay más de un elemento puntual posible
duplicado,elemento_puntual,P10-EXT-LGC-EXTRACCION,SECTOR EXTRACCION EXTRACCION P10,98,2,98,P10,,,P10,P10 > P10-EXT-LGC-EXTRACCION,282969,a027b4da-4e9c-44ad-b607-5fb48d4c7061-00045159,Cubiertas,,Genérico - 400 mm,Genérico - 400 mm,P10-EXT-LGC-DESTILACION,P10 > P10-EXT-LGC-EXTRACCION > P10-EXT-LGC-DESTILACION > P10-EXT-EVP-HX301 > P10-EXT-CND-HX305 > P10-EXT-CND-HX304 > P10-EXT-EVP-HX307 > P10-EXT-CND-HX308 > P10-EXT-EVP-HX309 > P10-EXT-BMB-P310 > P10-EXT-INT-HX314 > P10-EXT-STR-V311 > P10-EXT-BMB-P313B > P10-EXT-BMB-P313 > P10-EXT-CND-HX312 > P10-EXT-VLV-TCV-307 > P10-EXT-VLV-TCV-309,btz_description_02,,,,,,,,,,,,,7 elementos Revit contienen el código exacto.,P10,P10-EXT-LGC-EXTRACCION,P10-EXT-LGC-DESTILACION,P10-EXT-EVP-HX301,P10-EXT-CND-HX305,P10-EXT-CND-HX304,P10-EXT-EVP-HX307,P10-EXT-CND-HX308,P10-EXT-EVP-HX309,P10-EXT-BMB-P310,P10-EXT-INT-HX314,P10-EXT-STR-V311,P10-EXT-BMB-P313B,P10-EXT-BMB-P313,P10-EXT-CND-HX312,P10-EXT-VLV-TCV-307,P10-EXT-VLV-TCV-309,,,,,,,,,,,,,,,,,,,,,,,,,,,,,,,,,,,,,,,,,,,,,,,,,,,,,,,,,,,,,,,,hay más de un elemento puntual posible
duplicado,elemento_puntual,P10-EXT-LGC-EXTRACCION,SECTOR EXTRACCION EXTRACCION P10,98,2,98,P10,,,P10,P10 > P10-EXT-LGC-EXTRACCION,282997,a027b4da-4e9c-44ad-b607-5fb48d4c7061-00045175,Cubiertas,,Genérico - 400 mm,Genérico - 400 mm,P10-EXT-LGC-DESGOMADO,P10 > P10-EXT-LGC-EXTRACCION > P10-EXT-LGC-DESGOMADO > P10-EXT-BMB-PSODA > P10-EXT-BMB-P435A > P10-EXT-CLT-HX445 > P10-EXT-DSG-C425 > P10-EXT-DSG-C430 > P10-EXT-DSG-C435 > P10-EXT-ENF-HX460 > P10-EXT-INT-HX440 > P10-EXT-BMB-P439 > P10-EXT-SCD-V450 > P10-EXT-BMB-P450 > P10-EXT-TNQ-V415 > P10-EXT-BMB-P415 > P10-EXT-TNQ-HX435 > P10-EXT-BMB-P435 > P10-EXT-TNQ-V495 > P10-EXT-BMB-P491 > P10-EXT-TNQ-V410 > P10-EXT-AGT-A420C > P10-EXT-BMB-P410 > P10-EXT-TNQ-V420 > P10-EXT-AGT-A420 > P10-EXT-VLV-VSA420 > P10-EXT-TNQ-V420B > P10-EXT-TNQ-TK492 > P10-EXT-BMB-P492 > P10-EXT-VLV-SOV430 > P10-EXT-VLV-SOV426,btz_description_02,,,,,,,,,,,,,7 elementos Revit contienen el código exacto.,P10,P10-EXT-LGC-EXTRACCION,P10-EXT-LGC-DESGOMADO,P10-EXT-BMB-PSODA,P10-EXT-BMB-P435A,P10-EXT-CLT-HX445,P10-EXT-DSG-C425,P10-EXT-DSG-C430,P10-EXT-DSG-C435,P10-EXT-ENF-HX460,P10-EXT-INT-HX440,P10-EXT-BMB-P439,P10-EXT-SCD-V450,P10-EXT-BMB-P450,P10-EXT-TNQ-V415,P10-EXT-BMB-P415,P10-EXT-TNQ-HX435,P10-EXT-BMB-P435,P10-EXT-TNQ-V495,P10-EXT-BMB-P491,P10-EXT-TNQ-V410,P10-EXT-AGT-A420C,P10-EXT-BMB-P410,P10-EXT-TNQ-V420,P10-EXT-AGT-A420,P10-EXT-VLV-VSA420,P10-EXT-TNQ-V420B,P10-EXT-TNQ-TK492,P10-EXT-BMB-P492,P10-EXT-VLV-SOV430,P10-EXT-VLV-SOV426,,,,,,,,,,,,,,,,,,,,,,,,,,,,,,,,,,,,,,,,,,,,,,,,,,hay más de un elemento puntual posible
contenedor_duplicado,contenedor_por_ancestro_project,P10-EXT-BMB-BOJK,BOMBA JOKER RED INCENDIO,99,3,99,P10-EXT-LGC-EXTRACCION,P10-EXT-LGC-EXTRACCION,P10-EXT-LGC-EXTRACCION,P10 > P10-EXT-LGC-EXTRACCION,P10 > P10-EXT-LGC-EXTRACCION > P10-EXT-BMB-BOJK,282497,a027b4da-4e9c-44ad-b607-5fb48d4c7061-00044f81,Cubiertas,,Genérico - 400 mm,Genérico - 400 mm,P10-EXT-LGC-BMB,P10 > P10-EXT-LGC-EXTRACCION > P10-EXT-EXT-M202 > P10-EXT-LGC-BMB RECIRCULACION > P10-SRA-BMB-BO70 > P10-SRA-BMB-JOCKEY > P10-SRA-BMB-BOIN > P10-SRA-BMB-DOSIF > P10-EXT-BMB-P439B > P10-PLL-BMB-BS03,contenedor_scoring,282497,a027b4da-4e9c-44ad-b607-5fb48d4c7061-00044f81,P10 > P10-EXT-LGC-EXTRACCION > P10-EXT-EXT-M202 > P10-EXT-LGC-BMB RECIRCULACION > P10-SRA-BMB-BO70 > P10-SRA-BMB-JOCKEY > P10-SRA-BMB-BOIN > P10-SRA-BMB-DOSIF > P10-EXT-BMB-P439B > P10-PLL-BMB-BS03,10,70,NO,200,200,0,ancestro_project_exacto_duplicado,282497:200:P10 > P10-EXT-LGC-EXTRACCION > P10-EXT-EXT-M202 > P10-EXT-LGC-BMB RECIRCULACION > P10-SRA-BMB-BO70 > P10-SRA-BMB-JOCKEY > P10-SRA-BMB-BOIN > P10-SRA-BMB-DOSIF > P10-EXT-BMB-P439B > P10-PLL-BMB-BS03 || 282656:200:P10 > P10-EXT-LGC-EXTRACCION > P10-EXT-TST-DT250 > P10-EXT-CND-HX303 > P10-EXT-LGC-VLV > P10-EXT-VLV-PRV259 > P10-EXT-VLV-PRV258 > P10-EXT-VLV-PRV260 > P10-EXT-MND-M250A > P10-EXT-RDC-RDT250 > P10-EXT-BMB-P250 > P10-EXT-TNQ-V480 > P10-EXT-BMB-P490 > P10-EXT-BMB-P481 > P10-EXT-BMB-P482 > P10-EXT-TNQ-V262 > P10-EXT-TNQ-V475 > P10-EXT-VLV-SOV250 > P10-EXT-VLV-RV255A > P10-EXT-VLV-RV255B > P10-EXT-VLV-RV256A > P10-EXT-VLV-RV256B > P10-EXT-VLV-RV257A > P10-EXT-VLV-RV257B > P10-EXT-VLV-RV258A > P10-EXT-VLV-RV258B > P10-EXT-VLV-RV259 > P10-EXT-VLV-RV260 > P10-EXT-VLV-SOV252 || 282755:200:P10 > P10-EXT-LGC-EXTRACCION > P10-EXT-EXT-M202 > P10-EXT-LGC-HIDROCICLONES > P10-EXT-HDR-HCP01 > P10-EXT-HDR-HCP02 > P10-EXT-HDR-HCP03 > P10-EXT-HDR-HCS01E > P10-EXT-HDR-HCS01O > P10-EXT-HDR-HCS02E > P10-EXT-HDR-HCS02O > P10-EXT-HDR-HCS03E > P10-EXT-HDR-HCS03O > P10-EXT-HDR-HCS04E > P10-EXT-HDR-HCS04O > P10-EXT-HDR-HCS05E > P10-EXT-HDR-HCS05O > P10-EXT-HDR-HCS06E > P10-EXT-HDR-HCS06O > P10-EXT-HDR-HCS07E > P10-EXT-HDR-HCS07O > P10-EXT-HDR-HCS08E > P10-EXT-HDR-HCS08O > P10-EXT-HDR-HCS09E > P10-EXT-HDR-HCS09O > P10-EXT-HDR-HCS10E > P10-EXT-HDR-HCS10O || 282804:200:P10 > P10-EXT-LGC-EXTRACCION > P10-EXT-LGC-RECUP GASES || 282896:200:P10 > P10-EXT-LGC-EXTRACCION > P10-EXT-LGC-SOLVENTE > P10-EXT-BMB-P336 > P10-EXT-BMB-P351 > P10-EXT-PRC-HX302 > P10-EXT-INT-V338 > P10-EXT-RHV-HX337 > P10-EXT-TNQ-V330 > P10-EXT-BMB-P331 > P10-EXT-BMB-P335 > P10-EXT-TNQ-V351 > P10-EXT-TNQ-TKD > P10-EXT-BMB-P335A > P10-EXT-AH101 > P10-EXT-AH103 > P10-EXT-AH102 > P10-EXT-AH105 > P10-EXT-AH104 || 282969:200:P10 > P10-EXT-LGC-EXTRACCION > P10-EXT-LGC-DESTILACION > P10-EXT-EVP-HX301 > P10-EXT-CND-HX305 > P10-EXT-CND-HX304 > P10-EXT-EVP-HX307 > P10-EXT-CND-HX308 > P10-EXT-EVP-HX309 > P10-EXT-BMB-P310 > P10-EXT-INT-HX314 > P10-EXT-STR-V311 > P10-EXT-BMB-P313B > P10-EXT-BMB-P313 > P10-EXT-CND-HX312 > P10-EXT-VLV-TCV-307 > P10-EXT-VLV-TCV-309 || 282997:200:P10 > P10-EXT-LGC-EXTRACCION > P10-EXT-LGC-DESGOMADO > P10-EXT-BMB-PSODA > P10-EXT-BMB-P435A > P10-EXT-CLT-HX445 > P10-EXT-DSG-C425 > P10-EXT-DSG-C430 > P10-EXT-DSG-C435 > P10-EXT-ENF-HX460 > P10-EXT-INT-HX440 > P10-EXT-BMB-P439 > P10-EXT-SCD-V450 > P10-EXT-BMB-P450 > P10-EXT-TNQ-V415 > P10-EXT-BMB-P415 > P10-EXT-TNQ-HX435 > P10-EXT-BMB-P435 > P10-EXT-TNQ-V495 > P10-EXT-BMB-P491 > P10-EXT-TNQ-V410 > P10-EXT-AGT-A420C > P10-EXT-BMB-P410 > P10-EXT-TNQ-V420 > P10-EXT-AGT-A420 > P10-EXT-VLV-VSA420 > P10-EXT-TNQ-V420B > P10-EXT-TNQ-TK492 > P10-EXT-BMB-P492 > P10-EXT-VLV-SOV430 > P10-EXT-VLV-SOV426,P10-EXT-LGC-EXTRACCION,Ancestro Project P10-EXT-LGC-EXTRACCION aparece en 7 contenedores.,P10,P10-EXT-LGC-EXTRACCION,P10-EXT-EXT-M202,P10-EXT-LGC-BMB RECIRCULACION,P10-SRA-BMB-BO70,P10-SRA-BMB-JOCKEY,P10-SRA-BMB-BOIN,P10-SRA-BMB-DOSIF,P10-EXT-BMB-P439B,P10-PLL-BMB-BS03,,,,,,,,,,,,,,,,,,,,,,,,,,,,,,,,,,,,,,,,,,,,,,,,,,,,,,,,,,,,,,,,,,,,,,,hay más de un contenedor candidato
duplicado,elemento_puntual,P10-EXT-EXT-M202,EXTRACTOR M202,100,3,100,P10-EXT-LGC-EXTRACCION,P10-EXT-LGC-EXTRACCION,P10-EXT-LGC-EXTRACCION,P10 > P10-EXT-LGC-EXTRACCION,P10 > P10-EXT-LGC-EXTRACCION > P10-EXT-EXT-M202,282497,a027b4da-4e9c-44ad-b607-5fb48d4c7061-00044f81,Cubiertas,,Genérico - 400 mm,Genérico - 400 mm,P10-EXT-LGC-BMB,P10 > P10-EXT-LGC-EXTRACCION > P10-EXT-EXT-M202 > P10-EXT-LGC-BMB RECIRCULACION > P10-SRA-BMB-BO70 > P10-SRA-BMB-JOCKEY > P10-SRA-BMB-BOIN > P10-SRA-BMB-DOSIF > P10-EXT-BMB-P439B > P10-PLL-BMB-BS03,btz_description_03,,,,,,,,,,,,,2 elementos Revit contienen el código exacto.,P10,P10-EXT-LGC-EXTRACCION,P10-EXT-EXT-M202,P10-EXT-LGC-BMB RECIRCULACION,P10-SRA-BMB-BO70,P10-SRA-BMB-JOCKEY,P10-SRA-BMB-BOIN,P10-SRA-BMB-DOSIF,P10-EXT-BMB-P439B,P10-PLL-BMB-BS03,,,,,,,,,,,,,,,,,,,,,,,,,,,,,,,,,,,,,,,,,,,,,,,,,,,,,,,,,,,,,,,,,,,,,,,hay más de un elemento puntual posible
duplicado,elemento_puntual,P10-EXT-EXT-M202,EXTRACTOR M202,100,3,100,P10-EXT-LGC-EXTRACCION,P10-EXT-LGC-EXTRACCION,P10-EXT-LGC-EXTRACCION,P10 > P10-EXT-LGC-EXTRACCION,P10 > P10-EXT-LGC-EXTRACCION > P10-EXT-EXT-M202,282755,a027b4da-4e9c-44ad-b607-5fb48d4c7061-00045083,Cubiertas,,Genérico - 400 mm,Genérico - 400 mm,P10-EXT-LGC-HIDROCICLONES,P10 > P10-EXT-LGC-EXTRACCION > P10-EXT-EXT-M202 > P10-EXT-LGC-HIDROCICLONES > P10-EXT-HDR-HCP01 > P10-EXT-HDR-HCP02 > P10-EXT-HDR-HCP03 > P10-EXT-HDR-HCS01E > P10-EXT-HDR-HCS01O > P10-EXT-HDR-HCS02E > P10-EXT-HDR-HCS02O > P10-EXT-HDR-HCS03E > P10-EXT-HDR-HCS03O > P10-EXT-HDR-HCS04E > P10-EXT-HDR-HCS04O > P10-EXT-HDR-HCS05E > P10-EXT-HDR-HCS05O > P10-EXT-HDR-HCS06E > P10-EXT-HDR-HCS06O > P10-EXT-HDR-HCS07E > P10-EXT-HDR-HCS07O > P10-EXT-HDR-HCS08E > P10-EXT-HDR-HCS08O > P10-EXT-HDR-HCS09E > P10-EXT-HDR-HCS09O > P10-EXT-HDR-HCS10E > P10-EXT-HDR-HCS10O,btz_description_03,,,,,,,,,,,,,2 elementos Revit contienen el código exacto.,P10,P10-EXT-LGC-EXTRACCION,P10-EXT-EXT-M202,P10-EXT-LGC-HIDROCICLONES,P10-EXT-HDR-HCP01,P10-EXT-HDR-HCP02,P10-EXT-HDR-HCP03,P10-EXT-HDR-HCS01E,P10-EXT-HDR-HCS01O,P10-EXT-HDR-HCS02E,P10-EXT-HDR-HCS02O,P10-EXT-HDR-HCS03E,P10-EXT-HDR-HCS03O,P10-EXT-HDR-HCS04E,P10-EXT-HDR-HCS04O,P10-EXT-HDR-HCS05E,P10-EXT-HDR-HCS05O,P10-EXT-HDR-HCS06E,P10-EXT-HDR-HCS06O,P10-EXT-HDR-HCS07E,P10-EXT-HDR-HCS07O,P10-EXT-HDR-HCS08E,P10-EXT-HDR-HCS08O,P10-EXT-HDR-HCS09E,P10-EXT-HDR-HCS09O,P10-EXT-HDR-HCS10E,P10-EXT-HDR-HCS10O,,,,,,,,,,,,,,,,,,,,,,,,,,,,,,,,,,,,,,,,,,,,,,,,,,,,,,hay más de un elemento puntual posible
contenedor_duplicado,contenedor_por_ancestro_project,P10-EXT-BMB-P217,BOMBA DE FINOS P217,101,4,101,P10-EXT-EXT-M202,P10-EXT-EXT-M202,P10-EXT-LGC-EXTRACCION > P10-EXT-EXT-M202,P10 > P10-EXT-LGC-EXTRACCION > P10-EXT-EXT-M202,P10 > P10-EXT-LGC-EXTRACCION > P10-EXT-EXT-M202 > P10-EXT-BMB-P217,282497,a027b4da-4e9c-44ad-b607-5fb48d4c7061-00044f81,Cubiertas,,Genérico - 400 mm,Genérico - 400 mm,P10-EXT-LGC-BMB,P10 > P10-EXT-LGC-EXTRACCION > P10-EXT-EXT-M202 > P10-EXT-LGC-BMB RECIRCULACION > P10-SRA-BMB-BO70 > P10-SRA-BMB-JOCKEY > P10-SRA-BMB-BOIN > P10-SRA-BMB-DOSIF > P10-EXT-BMB-P439B > P10-PLL-BMB-BS03,contenedor_scoring,282497,a027b4da-4e9c-44ad-b607-5fb48d4c7061-00044f81,P10 > P10-EXT-LGC-EXTRACCION > P10-EXT-EXT-M202 > P10-EXT-LGC-BMB RECIRCULACION > P10-SRA-BMB-BO70 > P10-SRA-BMB-JOCKEY > P10-SRA-BMB-BOIN > P10-SRA-BMB-DOSIF > P10-EXT-BMB-P439B > P10-PLL-BMB-BS03,10,70,NO,200,200,0,ancestro_project_exacto_duplicado,282497:200:P10 > P10-EXT-LGC-EXTRACCION > P10-EXT-EXT-M202 > P10-EXT-LGC-BMB RECIRCULACION > P10-SRA-BMB-BO70 > P10-SRA-BMB-JOCKEY > P10-SRA-BMB-BOIN > P10-SRA-BMB-DOSIF > P10-EXT-BMB-P439B > P10-PLL-BMB-BS03 || 282755:200:P10 > P10-EXT-LGC-EXTRACCION > P10-EXT-EXT-M202 > P10-EXT-LGC-HIDROCICLONES > P10-EXT-HDR-HCP01 > P10-EXT-HDR-HCP02 > P10-EXT-HDR-HCP03 > P10-EXT-HDR-HCS01E > P10-EXT-HDR-HCS01O > P10-EXT-HDR-HCS02E > P10-EXT-HDR-HCS02O > P10-EXT-HDR-HCS03E > P10-EXT-HDR-HCS03O > P10-EXT-HDR-HCS04E > P10-EXT-HDR-HCS04O > P10-EXT-HDR-HCS05E > P10-EXT-HDR-HCS05O > P10-EXT-HDR-HCS06E > P10-EXT-HDR-HCS06O > P10-EXT-HDR-HCS07E > P10-EXT-HDR-HCS07O > P10-EXT-HDR-HCS08E > P10-EXT-HDR-HCS08O > P10-EXT-HDR-HCS09E > P10-EXT-HDR-HCS09O > P10-EXT-HDR-HCS10E > P10-EXT-HDR-HCS10O,P10-EXT-EXT-M202,Ancestro Project P10-EXT-EXT-M202 aparece en 2 contenedores.,P10,P10-EXT-LGC-EXTRACCION,P10-EXT-EXT-M202,P10-EXT-LGC-BMB RECIRCULACION,P10-SRA-BMB-BO70,P10-SRA-BMB-JOCKEY,P10-SRA-BMB-BOIN,P10-SRA-BMB-DOSIF,P10-EXT-BMB-P439B,P10-PLL-BMB-BS03,,,,,,,,,,,,,,,,,,,,,,,,,,,,,,,,,,,,,,,,,,,,,,,,,,,,,,,,,,,,,,,,,,,,,,,hay más de un contenedor candidato
contenedor_duplicado,contenedor_por_ancestro_project,P10-EXT-CLT-CLTSOLV,CALENTADOR DE SOLVENTE P10,102,4,102,P10-EXT-EXT-M202,P10-EXT-EXT-M202,P10-EXT-LGC-EXTRACCION > P10-EXT-EXT-M202,P10 > P10-EXT-LGC-EXTRACCION > P10-EXT-EXT-M202,P10 > P10-EXT-LGC-EXTRACCION > P10-EXT-EXT-M202 > P10-EXT-CLT-CLTSOLV,282497,a027b4da-4e9c-44ad-b607-5fb48d4c7061-00044f81,Cubiertas,,Genérico - 400 mm,Genérico - 400 mm,P10-EXT-LGC-BMB,P10 > P10-EXT-LGC-EXTRACCION > P10-EXT-EXT-M202 > P10-EXT-LGC-BMB RECIRCULACION > P10-SRA-BMB-BO70 > P10-SRA-BMB-JOCKEY > P10-SRA-BMB-BOIN > P10-SRA-BMB-DOSIF > P10-EXT-BMB-P439B > P10-PLL-BMB-BS03,contenedor_scoring,282497,a027b4da-4e9c-44ad-b607-5fb48d4c7061-00044f81,P10 > P10-EXT-LGC-EXTRACCION > P10-EXT-EXT-M202 > P10-EXT-LGC-BMB RECIRCULACION > P10-SRA-BMB-BO70 > P10-SRA-BMB-JOCKEY > P10-SRA-BMB-BOIN > P10-SRA-BMB-DOSIF > P10-EXT-BMB-P439B > P10-PLL-BMB-BS03,10,70,NO,200,200,0,ancestro_project_exacto_duplicado,282497:200:P10 > P10-EXT-LGC-EXTRACCION > P10-EXT-EXT-M202 > P10-EXT-LGC-BMB RECIRCULACION > P10-SRA-BMB-BO70 > P10-SRA-BMB-JOCKEY > P10-SRA-BMB-BOIN > P10-SRA-BMB-DOSIF > P10-EXT-BMB-P439B > P10-PLL-BMB-BS03 || 282755:200:P10 > P10-EXT-LGC-EXTRACCION > P10-EXT-EXT-M202 > P10-EXT-LGC-HIDROCICLONES > P10-EXT-HDR-HCP01 > P10-EXT-HDR-HCP02 > P10-EXT-HDR-HCP03 > P10-EXT-HDR-HCS01E > P10-EXT-HDR-HCS01O > P10-EXT-HDR-HCS02E > P10-EXT-HDR-HCS02O > P10-EXT-HDR-HCS03E > P10-EXT-HDR-HCS03O > P10-EXT-HDR-HCS04E > P10-EXT-HDR-HCS04O > P10-EXT-HDR-HCS05E > P10-EXT-HDR-HCS05O > P10-EXT-HDR-HCS06E > P10-EXT-HDR-HCS06O > P10-EXT-HDR-HCS07E > P10-EXT-HDR-HCS07O > P10-EXT-HDR-HCS08E > P10-EXT-HDR-HCS08O > P10-EXT-HDR-HCS09E > P10-EXT-HDR-HCS09O > P10-EXT-HDR-HCS10E > P10-EXT-HDR-HCS10O,P10-EXT-EXT-M202,Ancestro Project P10-EXT-EXT-M202 aparece en 2 contenedores.,P10,P10-EXT-LGC-EXTRACCION,P10-EXT-EXT-M202,P10-EXT-LGC-BMB RECIRCULACION,P10-SRA-BMB-BO70,P10-SRA-BMB-JOCKEY,P10-SRA-BMB-BOIN,P10-SRA-BMB-DOSIF,P10-EXT-BMB-P439B,P10-PLL-BMB-BS03,,,,,,,,,,,,,,,,,,,,,,,,,,,,,,,,,,,,,,,,,,,,,,,,,,,,,,,,,,,,,,,,,,,,,,,hay más de un contenedor candidato
contenedor_duplicado,contenedor_por_ancestro_project,P10-EXT-CND-HX319,CONDENSADOR EXTRACTOR P10,103,4,103,P10-EXT-EXT-M202,P10-EXT-EXT-M202,P10-EXT-LGC-EXTRACCION > P10-EXT-EXT-M202,P10 > P10-EXT-LGC-EXTRACCION > P10-EXT-EXT-M202,P10 > P10-EXT-LGC-EXTRACCION > P10-EXT-EXT-M202 > P10-EXT-CND-HX319 COND EXT,282497,a027b4da-4e9c-44ad-b607-5fb48d4c7061-00044f81,Cubiertas,,Genérico - 400 mm,Genérico - 400 mm,P10-EXT-LGC-BMB,P10 > P10-EXT-LGC-EXTRACCION > P10-EXT-EXT-M202 > P10-EXT-LGC-BMB RECIRCULACION > P10-SRA-BMB-BO70 > P10-SRA-BMB-JOCKEY > P10-SRA-BMB-BOIN > P10-SRA-BMB-DOSIF > P10-EXT-BMB-P439B > P10-PLL-BMB-BS03,contenedor_scoring,282497,a027b4da-4e9c-44ad-b607-5fb48d4c7061-00044f81,P10 > P10-EXT-LGC-EXTRACCION > P10-EXT-EXT-M202 > P10-EXT-LGC-BMB RECIRCULACION > P10-SRA-BMB-BO70 > P10-SRA-BMB-JOCKEY > P10-SRA-BMB-BOIN > P10-SRA-BMB-DOSIF > P10-EXT-BMB-P439B > P10-PLL-BMB-BS03,10,70,NO,200,200,0,ancestro_project_exacto_duplicado,282497:200:P10 > P10-EXT-LGC-EXTRACCION > P10-EXT-EXT-M202 > P10-EXT-LGC-BMB RECIRCULACION > P10-SRA-BMB-BO70 > P10-SRA-BMB-JOCKEY > P10-SRA-BMB-BOIN > P10-SRA-BMB-DOSIF > P10-EXT-BMB-P439B > P10-PLL-BMB-BS03 || 282755:200:P10 > P10-EXT-LGC-EXTRACCION > P10-EXT-EXT-M202 > P10-EXT-LGC-HIDROCICLONES > P10-EXT-HDR-HCP01 > P10-EXT-HDR-HCP02 > P10-EXT-HDR-HCP03 > P10-EXT-HDR-HCS01E > P10-EXT-HDR-HCS01O > P10-EXT-HDR-HCS02E > P10-EXT-HDR-HCS02O > P10-EXT-HDR-HCS03E > P10-EXT-HDR-HCS03O > P10-EXT-HDR-HCS04E > P10-EXT-HDR-HCS04O > P10-EXT-HDR-HCS05E > P10-EXT-HDR-HCS05O > P10-EXT-HDR-HCS06E > P10-EXT-HDR-HCS06O > P10-EXT-HDR-HCS07E > P10-EXT-HDR-HCS07O > P10-EXT-HDR-HCS08E > P10-EXT-HDR-HCS08O > P10-EXT-HDR-HCS09E > P10-EXT-HDR-HCS09O > P10-EXT-HDR-HCS10E > P10-EXT-HDR-HCS10O,P10-EXT-EXT-M202,Ancestro Project P10-EXT-EXT-M202 aparece en 2 contenedores.,P10,P10-EXT-LGC-EXTRACCION,P10-EXT-EXT-M202,P10-EXT-LGC-BMB RECIRCULACION,P10-SRA-BMB-BO70,P10-SRA-BMB-JOCKEY,P10-SRA-BMB-BOIN,P10-SRA-BMB-DOSIF,P10-EXT-BMB-P439B,P10-PLL-BMB-BS03,,,,,,,,,,,,,,,,,,,,,,,,,,,,,,,,,,,,,,,,,,,,,,,,,,,,,,,,,,,,,,,,,,,,,,,hay más de un contenedor candidato
contenedor_duplicado,contenedor_por_ancestro_project,P10-EXT-BMB-P221,BOMBA ELEVACION MISCELA P221,105,5,105,P10-EXT-LGC-BMB RECIRCULACION,P10-EXT-LGC-BMB,P10-EXT-LGC-EXTRACCION > P10-EXT-EXT-M202 > P10-EXT-LGC-BMB,P10 > P10-EXT-LGC-EXTRACCION > P10-EXT-EXT-M202 > P10-EXT-LGC-BMB RECIRCULACION,P10 > P10-EXT-LGC-EXTRACCION > P10-EXT-EXT-M202 > P10-EXT-LGC-BMB RECIRCULACION > P10-EXT-BMB-P221,282497,a027b4da-4e9c-44ad-b607-5fb48d4c7061-00044f81,Cubiertas,,Genérico - 400 mm,Genérico - 400 mm,P10-EXT-LGC-BMB,P10 > P10-EXT-LGC-EXTRACCION > P10-EXT-EXT-M202 > P10-EXT-LGC-BMB RECIRCULACION > P10-SRA-BMB-BO70 > P10-SRA-BMB-JOCKEY > P10-SRA-BMB-BOIN > P10-SRA-BMB-DOSIF > P10-EXT-BMB-P439B > P10-PLL-BMB-BS03,contenedor_scoring,282497,a027b4da-4e9c-44ad-b607-5fb48d4c7061-00044f81,P10 > P10-EXT-LGC-EXTRACCION > P10-EXT-EXT-M202 > P10-EXT-LGC-BMB RECIRCULACION > P10-SRA-BMB-BO70 > P10-SRA-BMB-JOCKEY > P10-SRA-BMB-BOIN > P10-SRA-BMB-DOSIF > P10-EXT-BMB-P439B > P10-PLL-BMB-BS03,10,70,NO,200,200,0,ancestro_project_exacto_duplicado,282497:200:P10 > P10-EXT-LGC-EXTRACCION > P10-EXT-EXT-M202 > P10-EXT-LGC-BMB RECIRCULACION > P10-SRA-BMB-BO70 > P10-SRA-BMB-JOCKEY > P10-SRA-BMB-BOIN > P10-SRA-BMB-DOSIF > P10-EXT-BMB-P439B > P10-PLL-BMB-BS03 || 282755:200:P10 > P10-EXT-LGC-EXTRACCION > P10-EXT-EXT-M202 > P10-EXT-LGC-HIDROCICLONES > P10-EXT-HDR-HCP01 > P10-EXT-HDR-HCP02 > P10-EXT-HDR-HCP03 > P10-EXT-HDR-HCS01E > P10-EXT-HDR-HCS01O > P10-EXT-HDR-HCS02E > P10-EXT-HDR-HCS02O > P10-EXT-HDR-HCS03E > P10-EXT-HDR-HCS03O > P10-EXT-HDR-HCS04E > P10-EXT-HDR-HCS04O > P10-EXT-HDR-HCS05E > P10-EXT-HDR-HCS05O > P10-EXT-HDR-HCS06E > P10-EXT-HDR-HCS06O > P10-EXT-HDR-HCS07E > P10-EXT-HDR-HCS07O > P10-EXT-HDR-HCS08E > P10-EXT-HDR-HCS08O > P10-EXT-HDR-HCS09E > P10-EXT-HDR-HCS09O > P10-EXT-HDR-HCS10E > P10-EXT-HDR-HCS10O,P10-EXT-EXT-M202,Ancestro Project P10-EXT-EXT-M202 aparece en 2 contenedores.,P10,P10-EXT-LGC-EXTRACCION,P10-EXT-EXT-M202,P10-EXT-LGC-BMB RECIRCULACION,P10-SRA-BMB-BO70,P10-SRA-BMB-JOCKEY,P10-SRA-BMB-BOIN,P10-SRA-BMB-DOSIF,P10-EXT-BMB-P439B,P10-PLL-BMB-BS03,,,,,,,,,,,,,,,,,,,,,,,,,,,,,,,,,,,,,,,,,,,,,,,,,,,,,,,,,,,,,,,,,,,,,,,hay más de un contenedor candidato
contenedor_duplicado,contenedor_por_ancestro_project,P10-EXT-BMB-P210,BOMBA RECIRC MISCELA CURVA TRASERA EXTRACTOR P210,106,5,106,P10-EXT-LGC-BMB RECIRCULACION,P10-EXT-LGC-BMB,P10-EXT-LGC-EXTRACCION > P10-EXT-EXT-M202 > P10-EXT-LGC-BMB,P10 > P10-EXT-LGC-EXTRACCION > P10-EXT-EXT-M202 > P10-EXT-LGC-BMB RECIRCULACION,P10 > P10-EXT-LGC-EXTRACCION > P10-EXT-EXT-M202 > P10-EXT-LGC-BMB RECIRCULACION > P10-EXT-BMB-P210,282497,a027b4da-4e9c-44ad-b607-5fb48d4c7061-00044f81,Cubiertas,,Genérico - 400 mm,Genérico - 400 mm,P10-EXT-LGC-BMB,P10 > P10-EXT-LGC-EXTRACCION > P10-EXT-EXT-M202 > P10-EXT-LGC-BMB RECIRCULACION > P10-SRA-BMB-BO70 > P10-SRA-BMB-JOCKEY > P10-SRA-BMB-BOIN > P10-SRA-BMB-DOSIF > P10-EXT-BMB-P439B > P10-PLL-BMB-BS03,contenedor_scoring,282497,a027b4da-4e9c-44ad-b607-5fb48d4c7061-00044f81,P10 > P10-EXT-LGC-EXTRACCION > P10-EXT-EXT-M202 > P10-EXT-LGC-BMB RECIRCULACION > P10-SRA-BMB-BO70 > P10-SRA-BMB-JOCKEY > P10-SRA-BMB-BOIN > P10-SRA-BMB-DOSIF > P10-EXT-BMB-P439B > P10-PLL-BMB-BS03,10,70,NO,200,200,0,ancestro_project_exacto_duplicado,282497:200:P10 > P10-EXT-LGC-EXTRACCION > P10-EXT-EXT-M202 > P10-EXT-LGC-BMB RECIRCULACION > P10-SRA-BMB-BO70 > P10-SRA-BMB-JOCKEY > P10-SRA-BMB-BOIN > P10-SRA-BMB-DOSIF > P10-EXT-BMB-P439B > P10-PLL-BMB-BS03 || 282755:200:P10 > P10-EXT-LGC-EXTRACCION > P10-EXT-EXT-M202 > P10-EXT-LGC-HIDROCICLONES > P10-EXT-HDR-HCP01 > P10-EXT-HDR-HCP02 > P10-EXT-HDR-HCP03 > P10-EXT-HDR-HCS01E > P10-EXT-HDR-HCS01O > P10-EXT-HDR-HCS02E > P10-EXT-HDR-HCS02O > P10-EXT-HDR-HCS03E > P10-EXT-HDR-HCS03O > P10-EXT-HDR-HCS04E > P10-EXT-HDR-HCS04O > P10-EXT-HDR-HCS05E > P10-EXT-HDR-HCS05O > P10-EXT-HDR-HCS06E > P10-EXT-HDR-HCS06O > P10-EXT-HDR-HCS07E > P10-EXT-HDR-HCS07O > P10-EXT-HDR-HCS08E > P10-EXT-HDR-HCS08O > P10-EXT-HDR-HCS09E > P10-EXT-HDR-HCS09O > P10-EXT-HDR-HCS10E > P10-EXT-HDR-HCS10O,P10-EXT-EXT-M202,Ancestro Project P10-EXT-EXT-M202 aparece en 2 contenedores.,P10,P10-EXT-LGC-EXTRACCION,P10-EXT-EXT-M202,P10-EXT-LGC-BMB RECIRCULACION,P10-SRA-BMB-BO70,P10-SRA-BMB-JOCKEY,P10-SRA-BMB-BOIN,P10-SRA-BMB-DOSIF,P10-EXT-BMB-P439B,P10-PLL-BMB-BS03,,,,,,,,,,,,,,,,,,,,,,,,,,,,,,,,,,,,,,,,,,,,,,,,,,,,,,,,,,,,,,,,,,,,,,,hay más de un contenedor candidato
contenedor_duplicado,contenedor_por_ancestro_project,P10-EXT-BMB-P204,BOMBA RECIRCULACION MISCELA P204,107,5,107,P10-EXT-LGC-BMB RECIRCULACION,P10-EXT-LGC-BMB,P10-EXT-LGC-EXTRACCION > P10-EXT-EXT-M202 > P10-EXT-LGC-BMB,P10 > P10-EXT-LGC-EXTRACCION > P10-EXT-EXT-M202 > P10-EXT-LGC-BMB RECIRCULACION,P10 > P10-EXT-LGC-EXTRACCION > P10-EXT-EXT-M202 > P10-EXT-LGC-BMB RECIRCULACION > P10-EXT-BMB-P204,282497,a027b4da-4e9c-44ad-b607-5fb48d4c7061-00044f81,Cubiertas,,Genérico - 400 mm,Genérico - 400 mm,P10-EXT-LGC-BMB,P10 > P10-EXT-LGC-EXTRACCION > P10-EXT-EXT-M202 > P10-EXT-LGC-BMB RECIRCULACION > P10-SRA-BMB-BO70 > P10-SRA-BMB-JOCKEY > P10-SRA-BMB-BOIN > P10-SRA-BMB-DOSIF > P10-EXT-BMB-P439B > P10-PLL-BMB-BS03,contenedor_scoring,282497,a027b4da-4e9c-44ad-b607-5fb48d4c7061-00044f81,P10 > P10-EXT-LGC-EXTRACCION > P10-EXT-EXT-M202 > P10-EXT-LGC-BMB RECIRCULACION > P10-SRA-BMB-BO70 > P10-SRA-BMB-JOCKEY > P10-SRA-BMB-BOIN > P10-SRA-BMB-DOSIF > P10-EXT-BMB-P439B > P10-PLL-BMB-BS03,10,70,NO,200,200,0,ancestro_project_exacto_duplicado,282497:200:P10 > P10-EXT-LGC-EXTRACCION > P10-EXT-EXT-M202 > P10-EXT-LGC-BMB RECIRCULACION > P10-SRA-BMB-BO70 > P10-SRA-BMB-JOCKEY > P10-SRA-BMB-BOIN > P10-SRA-BMB-DOSIF > P10-EXT-BMB-P439B > P10-PLL-BMB-BS03 || 282755:200:P10 > P10-EXT-LGC-EXTRACCION > P10-EXT-EXT-M202 > P10-EXT-LGC-HIDROCICLONES > P10-EXT-HDR-HCP01 > P10-EXT-HDR-HCP02 > P10-EXT-HDR-HCP03 > P10-EXT-HDR-HCS01E > P10-EXT-HDR-HCS01O > P10-EXT-HDR-HCS02E > P10-EXT-HDR-HCS02O > P10-EXT-HDR-HCS03E > P10-EXT-HDR-HCS03O > P10-EXT-HDR-HCS04E > P10-EXT-HDR-HCS04O > P10-EXT-HDR-HCS05E > P10-EXT-HDR-HCS05O > P10-EXT-HDR-HCS06E > P10-EXT-HDR-HCS06O > P10-EXT-HDR-HCS07E > P10-EXT-HDR-HCS07O > P10-EXT-HDR-HCS08E > P10-EXT-HDR-HCS08O > P10-EXT-HDR-HCS09E > P10-EXT-HDR-HCS09O > P10-EXT-HDR-HCS10E > P10-EXT-HDR-HCS10O,P10-EXT-EXT-M202,Ancestro Project P10-EXT-EXT-M202 aparece en 2 contenedores.,P10,P10-EXT-LGC-EXTRACCION,P10-EXT-EXT-M202,P10-EXT-LGC-BMB RECIRCULACION,P10-SRA-BMB-BO70,P10-SRA-BMB-JOCKEY,P10-SRA-BMB-BOIN,P10-SRA-BMB-DOSIF,P10-EXT-BMB-P439B,P10-PLL-BMB-BS03,,,,,,,,,,,,,,,,,,,,,,,,,,,,,,,,,,,,,,,,,,,,,,,,,,,,,,,,,,,,,,,,,,,,,,,hay más de un contenedor candidato
contenedor_duplicado,contenedor_por_ancestro_project,P10-EXT-BMB-P205,BOMBA RECIRCULACION MISCELA P205,108,5,108,P10-EXT-LGC-BMB RECIRCULACION,P10-EXT-LGC-BMB,P10-EXT-LGC-EXTRACCION > P10-EXT-EXT-M202 > P10-EXT-LGC-BMB,P10 > P10-EXT-LGC-EXTRACCION > P10-EXT-EXT-M202 > P10-EXT-LGC-BMB RECIRCULACION,P10 > P10-EXT-LGC-EXTRACCION > P10-EXT-EXT-M202 > P10-EXT-LGC-BMB RECIRCULACION > P10-EXT-BMB-P205,282497,a027b4da-4e9c-44ad-b607-5fb48d4c7061-00044f81,Cubiertas,,Genérico - 400 mm,Genérico - 400 mm,P10-EXT-LGC-BMB,P10 > P10-EXT-LGC-EXTRACCION > P10-EXT-EXT-M202 > P10-EXT-LGC-BMB RECIRCULACION > P10-SRA-BMB-BO70 > P10-SRA-BMB-JOCKEY > P10-SRA-BMB-BOIN > P10-SRA-BMB-DOSIF > P10-EXT-BMB-P439B > P10-PLL-BMB-BS03,contenedor_scoring,282497,a027b4da-4e9c-44ad-b607-5fb48d4c7061-00044f81,P10 > P10-EXT-LGC-EXTRACCION > P10-EXT-EXT-M202 > P10-EXT-LGC-BMB RECIRCULACION > P10-SRA-BMB-BO70 > P10-SRA-BMB-JOCKEY > P10-SRA-BMB-BOIN > P10-SRA-BMB-DOSIF > P10-EXT-BMB-P439B > P10-PLL-BMB-BS03,10,70,NO,200,200,0,ancestro_project_exacto_duplicado,282497:200:P10 > P10-EXT-LGC-EXTRACCION > P10-EXT-EXT-M202 > P10-EXT-LGC-BMB RECIRCULACION > P10-SRA-BMB-BO70 > P10-SRA-BMB-JOCKEY > P10-SRA-BMB-BOIN > P10-SRA-BMB-DOSIF > P10-EXT-BMB-P439B > P10-PLL-BMB-BS03 || 282755:200:P10 > P10-EXT-LGC-EXTRACCION > P10-EXT-EXT-M202 > P10-EXT-LGC-HIDROCICLONES > P10-EXT-HDR-HCP01 > P10-EXT-HDR-HCP02 > P10-EXT-HDR-HCP03 > P10-EXT-HDR-HCS01E > P10-EXT-HDR-HCS01O > P10-EXT-HDR-HCS02E > P10-EXT-HDR-HCS02O > P10-EXT-HDR-HCS03E > P10-EXT-HDR-HCS03O > P10-EXT-HDR-HCS04E > P10-EXT-HDR-HCS04O > P10-EXT-HDR-HCS05E > P10-EXT-HDR-HCS05O > P10-EXT-HDR-HCS06E > P10-EXT-HDR-HCS06O > P10-EXT-HDR-HCS07E > P10-EXT-HDR-HCS07O > P10-EXT-HDR-HCS08E > P10-EXT-HDR-HCS08O > P10-EXT-HDR-HCS09E > P10-EXT-HDR-HCS09O > P10-EXT-HDR-HCS10E > P10-EXT-HDR-HCS10O,P10-EXT-EXT-M202,Ancestro Project P10-EXT-EXT-M202 aparece en 2 contenedores.,P10,P10-EXT-LGC-EXTRACCION,P10-EXT-EXT-M202,P10-EXT-LGC-BMB RECIRCULACION,P10-SRA-BMB-BO70,P10-SRA-BMB-JOCKEY,P10-SRA-BMB-BOIN,P10-SRA-BMB-DOSIF,P10-EXT-BMB-P439B,P10-PLL-BMB-BS03,,,,,,,,,,,,,,,,,,,,,,,,,,,,,,,,,,,,,,,,,,,,,,,,,,,,,,,,,,,,,,,,,,,,,,,hay más de un contenedor candidato
contenedor_duplicado,contenedor_por_ancestro_project,P10-EXT-BMB-P206,BOMBA RECIRCULACION MISCELA P206,109,5,109,P10-EXT-LGC-BMB RECIRCULACION,P10-EXT-LGC-BMB,P10-EXT-LGC-EXTRACCION > P10-EXT-EXT-M202 > P10-EXT-LGC-BMB,P10 > P10-EXT-LGC-EXTRACCION > P10-EXT-EXT-M202 > P10-EXT-LGC-BMB RECIRCULACION,P10 > P10-EXT-LGC-EXTRACCION > P10-EXT-EXT-M202 > P10-EXT-LGC-BMB RECIRCULACION > P10-EXT-BMB-P206,282497,a027b4da-4e9c-44ad-b607-5fb48d4c7061-00044f81,Cubiertas,,Genérico - 400 mm,Genérico - 400 mm,P10-EXT-LGC-BMB,P10 > P10-EXT-LGC-EXTRACCION > P10-EXT-EXT-M202 > P10-EXT-LGC-BMB RECIRCULACION > P10-SRA-BMB-BO70 > P10-SRA-BMB-JOCKEY > P10-SRA-BMB-BOIN > P10-SRA-BMB-DOSIF > P10-EXT-BMB-P439B > P10-PLL-BMB-BS03,contenedor_scoring,282497,a027b4da-4e9c-44ad-b607-5fb48d4c7061-00044f81,P10 > P10-EXT-LGC-EXTRACCION > P10-EXT-EXT-M202 > P10-EXT-LGC-BMB RECIRCULACION > P10-SRA-BMB-BO70 > P10-SRA-BMB-JOCKEY > P10-SRA-BMB-BOIN > P10-SRA-BMB-DOSIF > P10-EXT-BMB-P439B > P10-PLL-BMB-BS03,10,70,NO,200,200,0,ancestro_project_exacto_duplicado,282497:200:P10 > P10-EXT-LGC-EXTRACCION > P10-EXT-EXT-M202 > P10-EXT-LGC-BMB RECIRCULACION > P10-SRA-BMB-BO70 > P10-SRA-BMB-JOCKEY > P10-SRA-BMB-BOIN > P10-SRA-BMB-DOSIF > P10-EXT-BMB-P439B > P10-PLL-BMB-BS03 || 282755:200:P10 > P10-EXT-LGC-EXTRACCION > P10-EXT-EXT-M202 > P10-EXT-LGC-HIDROCICLONES > P10-EXT-HDR-HCP01 > P10-EXT-HDR-HCP02 > P10-EXT-HDR-HCP03 > P10-EXT-HDR-HCS01E > P10-EXT-HDR-HCS01O > P10-EXT-HDR-HCS02E > P10-EXT-HDR-HCS02O > P10-EXT-HDR-HCS03E > P10-EXT-HDR-HCS03O > P10-EXT-HDR-HCS04E > P10-EXT-HDR-HCS04O > P10-EXT-HDR-HCS05E > P10-EXT-HDR-HCS05O > P10-EXT-HDR-HCS06E > P10-EXT-HDR-HCS06O > P10-EXT-HDR-HCS07E > P10-EXT-HDR-HCS07O > P10-EXT-HDR-HCS08E > P10-EXT-HDR-HCS08O > P10-EXT-HDR-HCS09E > P10-EXT-HDR-HCS09O > P10-EXT-HDR-HCS10E > P10-EXT-HDR-HCS10O,P10-EXT-EXT-M202,Ancestro Project P10-EXT-EXT-M202 aparece en 2 contenedores.,P10,P10-EXT-LGC-EXTRACCION,P10-EXT-EXT-M202,P10-EXT-LGC-BMB RECIRCULACION,P10-SRA-BMB-BO70,P10-SRA-BMB-JOCKEY,P10-SRA-BMB-BOIN,P10-SRA-BMB-DOSIF,P10-EXT-BMB-P439B,P10-PLL-BMB-BS03,,,,,,,,,,,,,,,,,,,,,,,,,,,,,,,,,,,,,,,,,,,,,,,,,,,,,,,,,,,,,,,,,,,,,,,hay más de un contenedor candidato
contenedor_duplicado,contenedor_por_ancestro_project,P10-EXT-BMB-P207,BOMBA RECIRCULACION MISCELA P207,110,5,110,P10-EXT-LGC-BMB RECIRCULACION,P10-EXT-LGC-BMB,P10-EXT-LGC-EXTRACCION > P10-EXT-EXT-M202 > P10-EXT-LGC-BMB,P10 > P10-EXT-LGC-EXTRACCION > P10-EXT-EXT-M202 > P10-EXT-LGC-BMB RECIRCULACION,P10 > P10-EXT-LGC-EXTRACCION > P10-EXT-EXT-M202 > P10-EXT-LGC-BMB RECIRCULACION > P10-EXT-BMB-P207,282497,a027b4da-4e9c-44ad-b607-5fb48d4c7061-00044f81,Cubiertas,,Genérico - 400 mm,Genérico - 400 mm,P10-EXT-LGC-BMB,P10 > P10-EXT-LGC-EXTRACCION > P10-EXT-EXT-M202 > P10-EXT-LGC-BMB RECIRCULACION > P10-SRA-BMB-BO70 > P10-SRA-BMB-JOCKEY > P10-SRA-BMB-BOIN > P10-SRA-BMB-DOSIF > P10-EXT-BMB-P439B > P10-PLL-BMB-BS03,contenedor_scoring,282497,a027b4da-4e9c-44ad-b607-5fb48d4c7061-00044f81,P10 > P10-EXT-LGC-EXTRACCION > P10-EXT-EXT-M202 > P10-EXT-LGC-BMB RECIRCULACION > P10-SRA-BMB-BO70 > P10-SRA-BMB-JOCKEY > P10-SRA-BMB-BOIN > P10-SRA-BMB-DOSIF > P10-EXT-BMB-P439B > P10-PLL-BMB-BS03,10,70,NO,200,200,0,ancestro_project_exacto_duplicado,282497:200:P10 > P10-EXT-LGC-EXTRACCION > P10-EXT-EXT-M202 > P10-EXT-LGC-BMB RECIRCULACION > P10-SRA-BMB-BO70 > P10-SRA-BMB-JOCKEY > P10-SRA-BMB-BOIN > P10-SRA-BMB-DOSIF > P10-EXT-BMB-P439B > P10-PLL-BMB-BS03 || 282755:200:P10 > P10-EXT-LGC-EXTRACCION > P10-EXT-EXT-M202 > P10-EXT-LGC-HIDROCICLONES > P10-EXT-HDR-HCP01 > P10-EXT-HDR-HCP02 > P10-EXT-HDR-HCP03 > P10-EXT-HDR-HCS01E > P10-EXT-HDR-HCS01O > P10-EXT-HDR-HCS02E > P10-EXT-HDR-HCS02O > P10-EXT-HDR-HCS03E > P10-EXT-HDR-HCS03O > P10-EXT-HDR-HCS04E > P10-EXT-HDR-HCS04O > P10-EXT-HDR-HCS05E > P10-EXT-HDR-HCS05O > P10-EXT-HDR-HCS06E > P10-EXT-HDR-HCS06O > P10-EXT-HDR-HCS07E > P10-EXT-HDR-HCS07O > P10-EXT-HDR-HCS08E > P10-EXT-HDR-HCS08O > P10-EXT-HDR-HCS09E > P10-EXT-HDR-HCS09O > P10-EXT-HDR-HCS10E > P10-EXT-HDR-HCS10O,P10-EXT-EXT-M202,Ancestro Project P10-EXT-EXT-M202 aparece en 2 contenedores.,P10,P10-EXT-LGC-EXTRACCION,P10-EXT-EXT-M202,P10-EXT-LGC-BMB RECIRCULACION,P10-SRA-BMB-BO70,P10-SRA-BMB-JOCKEY,P10-SRA-BMB-BOIN,P10-SRA-BMB-DOSIF,P10-EXT-BMB-P439B,P10-PLL-BMB-BS03,,,,,,,,,,,,,,,,,,,,,,,,,,,,,,,,,,,,,,,,,,,,,,,,,,,,,,,,,,,,,,,,,,,,,,,hay más de un contenedor candidato
contenedor_duplicado,contenedor_por_ancestro_project,P10-EXT-BMB-P208,BOMBA RECIRCULACION MISCELA P208,111,5,111,P10-EXT-LGC-BMB RECIRCULACION,P10-EXT-LGC-BMB,P10-EXT-LGC-EXTRACCION > P10-EXT-EXT-M202 > P10-EXT-LGC-BMB,P10 > P10-EXT-LGC-EXTRACCION > P10-EXT-EXT-M202 > P10-EXT-LGC-BMB RECIRCULACION,P10 > P10-EXT-LGC-EXTRACCION > P10-EXT-EXT-M202 > P10-EXT-LGC-BMB RECIRCULACION > P10-EXT-BMB-P208,282497,a027b4da-4e9c-44ad-b607-5fb48d4c7061-00044f81,Cubiertas,,Genérico - 400 mm,Genérico - 400 mm,P10-EXT-LGC-BMB,P10 > P10-EXT-LGC-EXTRACCION > P10-EXT-EXT-M202 > P10-EXT-LGC-BMB RECIRCULACION > P10-SRA-BMB-BO70 > P10-SRA-BMB-JOCKEY > P10-SRA-BMB-BOIN > P10-SRA-BMB-DOSIF > P10-EXT-BMB-P439B > P10-PLL-BMB-BS03,contenedor_scoring,282497,a027b4da-4e9c-44ad-b607-5fb48d4c7061-00044f81,P10 > P10-EXT-LGC-EXTRACCION > P10-EXT-EXT-M202 > P10-EXT-LGC-BMB RECIRCULACION > P10-SRA-BMB-BO70 > P10-SRA-BMB-JOCKEY > P10-SRA-BMB-BOIN > P10-SRA-BMB-DOSIF > P10-EXT-BMB-P439B > P10-PLL-BMB-BS03,10,70,NO,200,200,0,ancestro_project_exacto_duplicado,282497:200:P10 > P10-EXT-LGC-EXTRACCION > P10-EXT-EXT-M202 > P10-EXT-LGC-BMB RECIRCULACION > P10-SRA-BMB-BO70 > P10-SRA-BMB-JOCKEY > P10-SRA-BMB-BOIN > P10-SRA-BMB-DOSIF > P10-EXT-BMB-P439B > P10-PLL-BMB-BS03 || 282755:200:P10 > P10-EXT-LGC-EXTRACCION > P10-EXT-EXT-M202 > P10-EXT-LGC-HIDROCICLONES > P10-EXT-HDR-HCP01 > P10-EXT-HDR-HCP02 > P10-EXT-HDR-HCP03 > P10-EXT-HDR-HCS01E > P10-EXT-HDR-HCS01O > P10-EXT-HDR-HCS02E > P10-EXT-HDR-HCS02O > P10-EXT-HDR-HCS03E > P10-EXT-HDR-HCS03O > P10-EXT-HDR-HCS04E > P10-EXT-HDR-HCS04O > P10-EXT-HDR-HCS05E > P10-EXT-HDR-HCS05O > P10-EXT-HDR-HCS06E > P10-EXT-HDR-HCS06O > P10-EXT-HDR-HCS07E > P10-EXT-HDR-HCS07O > P10-EXT-HDR-HCS08E > P10-EXT-HDR-HCS08O > P10-EXT-HDR-HCS09E > P10-EXT-HDR-HCS09O > P10-EXT-HDR-HCS10E > P10-EXT-HDR-HCS10O,P10-EXT-EXT-M202,Ancestro Project P10-EXT-EXT-M202 aparece en 2 contenedores.,P10,P10-EXT-LGC-EXTRACCION,P10-EXT-EXT-M202,P10-EXT-LGC-BMB RECIRCULACION,P10-SRA-BMB-BO70,P10-SRA-BMB-JOCKEY,P10-SRA-BMB-BOIN,P10-SRA-BMB-DOSIF,P10-EXT-BMB-P439B,P10-PLL-BMB-BS03,,,,,,,,,,,,,,,,,,,,,,,,,,,,,,,,,,,,,,,,,,,,,,,,,,,,,,,,,,,,,,,,,,,,,,,hay más de un contenedor candidato
contenedor_duplicado,contenedor_por_ancestro_project,P10-EXT-BMB-P209,BOMBA RECIRCULACION MISCELA P209,112,5,112,P10-EXT-LGC-BMB RECIRCULACION,P10-EXT-LGC-BMB,P10-EXT-LGC-EXTRACCION > P10-EXT-EXT-M202 > P10-EXT-LGC-BMB,P10 > P10-EXT-LGC-EXTRACCION > P10-EXT-EXT-M202 > P10-EXT-LGC-BMB RECIRCULACION,P10 > P10-EXT-LGC-EXTRACCION > P10-EXT-EXT-M202 > P10-EXT-LGC-BMB RECIRCULACION > P10-EXT-BMB-P209,282497,a027b4da-4e9c-44ad-b607-5fb48d4c7061-00044f81,Cubiertas,,Genérico - 400 mm,Genérico - 400 mm,P10-EXT-LGC-BMB,P10 > P10-EXT-LGC-EXTRACCION > P10-EXT-EXT-M202 > P10-EXT-LGC-BMB RECIRCULACION > P10-SRA-BMB-BO70 > P10-SRA-BMB-JOCKEY > P10-SRA-BMB-BOIN > P10-SRA-BMB-DOSIF > P10-EXT-BMB-P439B > P10-PLL-BMB-BS03,contenedor_scoring,282497,a027b4da-4e9c-44ad-b607-5fb48d4c7061-00044f81,P10 > P10-EXT-LGC-EXTRACCION > P10-EXT-EXT-M202 > P10-EXT-LGC-BMB RECIRCULACION > P10-SRA-BMB-BO70 > P10-SRA-BMB-JOCKEY > P10-SRA-BMB-BOIN > P10-SRA-BMB-DOSIF > P10-EXT-BMB-P439B > P10-PLL-BMB-BS03,10,70,NO,200,200,0,ancestro_project_exacto_duplicado,282497:200:P10 > P10-EXT-LGC-EXTRACCION > P10-EXT-EXT-M202 > P10-EXT-LGC-BMB RECIRCULACION > P10-SRA-BMB-BO70 > P10-SRA-BMB-JOCKEY > P10-SRA-BMB-BOIN > P10-SRA-BMB-DOSIF > P10-EXT-BMB-P439B > P10-PLL-BMB-BS03 || 282755:200:P10 > P10-EXT-LGC-EXTRACCION > P10-EXT-EXT-M202 > P10-EXT-LGC-HIDROCICLONES > P10-EXT-HDR-HCP01 > P10-EXT-HDR-HCP02 > P10-EXT-HDR-HCP03 > P10-EXT-HDR-HCS01E > P10-EXT-HDR-HCS01O > P10-EXT-HDR-HCS02E > P10-EXT-HDR-HCS02O > P10-EXT-HDR-HCS03E > P10-EXT-HDR-HCS03O > P10-EXT-HDR-HCS04E > P10-EXT-HDR-HCS04O > P10-EXT-HDR-HCS05E > P10-EXT-HDR-HCS05O > P10-EXT-HDR-HCS06E > P10-EXT-HDR-HCS06O > P10-EXT-HDR-HCS07E > P10-EXT-HDR-HCS07O > P10-EXT-HDR-HCS08E > P10-EXT-HDR-HCS08O > P10-EXT-HDR-HCS09E > P10-EXT-HDR-HCS09O > P10-EXT-HDR-HCS10E > P10-EXT-HDR-HCS10O,P10-EXT-EXT-M202,Ancestro Project P10-EXT-EXT-M202 aparece en 2 contenedores.,P10,P10-EXT-LGC-EXTRACCION,P10-EXT-EXT-M202,P10-EXT-LGC-BMB RECIRCULACION,P10-SRA-BMB-BO70,P10-SRA-BMB-JOCKEY,P10-SRA-BMB-BOIN,P10-SRA-BMB-DOSIF,P10-EXT-BMB-P439B,P10-PLL-BMB-BS03,,,,,,,,,,,,,,,,,,,,,,,,,,,,,,,,,,,,,,,,,,,,,,,,,,,,,,,,,,,,,,,,,,,,,,,hay más de un contenedor candidato
contenedor_duplicado,contenedor_por_ancestro_project,P10-EXT-BMB-P211,BOMBA RECIRCULACION MISCELA P211,113,5,113,P10-EXT-LGC-BMB RECIRCULACION,P10-EXT-LGC-BMB,P10-EXT-LGC-EXTRACCION > P10-EXT-EXT-M202 > P10-EXT-LGC-BMB,P10 > P10-EXT-LGC-EXTRACCION > P10-EXT-EXT-M202 > P10-EXT-LGC-BMB RECIRCULACION,P10 > P10-EXT-LGC-EXTRACCION > P10-EXT-EXT-M202 > P10-EXT-LGC-BMB RECIRCULACION > P10-EXT-BMB-P211,282497,a027b4da-4e9c-44ad-b607-5fb48d4c7061-00044f81,Cubiertas,,Genérico - 400 mm,Genérico - 400 mm,P10-EXT-LGC-BMB,P10 > P10-EXT-LGC-EXTRACCION > P10-EXT-EXT-M202 > P10-EXT-LGC-BMB RECIRCULACION > P10-SRA-BMB-BO70 > P10-SRA-BMB-JOCKEY > P10-SRA-BMB-BOIN > P10-SRA-BMB-DOSIF > P10-EXT-BMB-P439B > P10-PLL-BMB-BS03,contenedor_scoring,282497,a027b4da-4e9c-44ad-b607-5fb48d4c7061-00044f81,P10 > P10-EXT-LGC-EXTRACCION > P10-EXT-EXT-M202 > P10-EXT-LGC-BMB RECIRCULACION > P10-SRA-BMB-BO70 > P10-SRA-BMB-JOCKEY > P10-SRA-BMB-BOIN > P10-SRA-BMB-DOSIF > P10-EXT-BMB-P439B > P10-PLL-BMB-BS03,10,70,NO,200,200,0,ancestro_project_exacto_duplicado,282497:200:P10 > P10-EXT-LGC-EXTRACCION > P10-EXT-EXT-M202 > P10-EXT-LGC-BMB RECIRCULACION > P10-SRA-BMB-BO70 > P10-SRA-BMB-JOCKEY > P10-SRA-BMB-BOIN > P10-SRA-BMB-DOSIF > P10-EXT-BMB-P439B > P10-PLL-BMB-BS03 || 282755:200:P10 > P10-EXT-LGC-EXTRACCION > P10-EXT-EXT-M202 > P10-EXT-LGC-HIDROCICLONES > P10-EXT-HDR-HCP01 > P10-EXT-HDR-HCP02 > P10-EXT-HDR-HCP03 > P10-EXT-HDR-HCS01E > P10-EXT-HDR-HCS01O > P10-EXT-HDR-HCS02E > P10-EXT-HDR-HCS02O > P10-EXT-HDR-HCS03E > P10-EXT-HDR-HCS03O > P10-EXT-HDR-HCS04E > P10-EXT-HDR-HCS04O > P10-EXT-HDR-HCS05E > P10-EXT-HDR-HCS05O > P10-EXT-HDR-HCS06E > P10-EXT-HDR-HCS06O > P10-EXT-HDR-HCS07E > P10-EXT-HDR-HCS07O > P10-EXT-HDR-HCS08E > P10-EXT-HDR-HCS08O > P10-EXT-HDR-HCS09E > P10-EXT-HDR-HCS09O > P10-EXT-HDR-HCS10E > P10-EXT-HDR-HCS10O,P10-EXT-EXT-M202,Ancestro Project P10-EXT-EXT-M202 aparece en 2 contenedores.,P10,P10-EXT-LGC-EXTRACCION,P10-EXT-EXT-M202,P10-EXT-LGC-BMB RECIRCULACION,P10-SRA-BMB-BO70,P10-SRA-BMB-JOCKEY,P10-SRA-BMB-BOIN,P10-SRA-BMB-DOSIF,P10-EXT-BMB-P439B,P10-PLL-BMB-BS03,,,,,,,,,,,,,,,,,,,,,,,,,,,,,,,,,,,,,,,,,,,,,,,,,,,,,,,,,,,,,,,,,,,,,,,hay más de un contenedor candidato
contenedor_duplicado,contenedor_por_ancestro_project,P10-EXT-BMB-P212,BOMBA RECIRCULACION MISCELA P212,114,5,114,P10-EXT-LGC-BMB RECIRCULACION,P10-EXT-LGC-BMB,P10-EXT-LGC-EXTRACCION > P10-EXT-EXT-M202 > P10-EXT-LGC-BMB,P10 > P10-EXT-LGC-EXTRACCION > P10-EXT-EXT-M202 > P10-EXT-LGC-BMB RECIRCULACION,P10 > P10-EXT-LGC-EXTRACCION > P10-EXT-EXT-M202 > P10-EXT-LGC-BMB RECIRCULACION > P10-EXT-BMB-P212,282497,a027b4da-4e9c-44ad-b607-5fb48d4c7061-00044f81,Cubiertas,,Genérico - 400 mm,Genérico - 400 mm,P10-EXT-LGC-BMB,P10 > P10-EXT-LGC-EXTRACCION > P10-EXT-EXT-M202 > P10-EXT-LGC-BMB RECIRCULACION > P10-SRA-BMB-BO70 > P10-SRA-BMB-JOCKEY > P10-SRA-BMB-BOIN > P10-SRA-BMB-DOSIF > P10-EXT-BMB-P439B > P10-PLL-BMB-BS03,contenedor_scoring,282497,a027b4da-4e9c-44ad-b607-5fb48d4c7061-00044f81,P10 > P10-EXT-LGC-EXTRACCION > P10-EXT-EXT-M202 > P10-EXT-LGC-BMB RECIRCULACION > P10-SRA-BMB-BO70 > P10-SRA-BMB-JOCKEY > P10-SRA-BMB-BOIN > P10-SRA-BMB-DOSIF > P10-EXT-BMB-P439B > P10-PLL-BMB-BS03,10,70,NO,200,200,0,ancestro_project_exacto_duplicado,282497:200:P10 > P10-EXT-LGC-EXTRACCION > P10-EXT-EXT-M202 > P10-EXT-LGC-BMB RECIRCULACION > P10-SRA-BMB-BO70 > P10-SRA-BMB-JOCKEY > P10-SRA-BMB-BOIN > P10-SRA-BMB-DOSIF > P10-EXT-BMB-P439B > P10-PLL-BMB-BS03 || 282755:200:P10 > P10-EXT-LGC-EXTRACCION > P10-EXT-EXT-M202 > P10-EXT-LGC-HIDROCICLONES > P10-EXT-HDR-HCP01 > P10-EXT-HDR-HCP02 > P10-EXT-HDR-HCP03 > P10-EXT-HDR-HCS01E > P10-EXT-HDR-HCS01O > P10-EXT-HDR-HCS02E > P10-EXT-HDR-HCS02O > P10-EXT-HDR-HCS03E > P10-EXT-HDR-HCS03O > P10-EXT-HDR-HCS04E > P10-EXT-HDR-HCS04O > P10-EXT-HDR-HCS05E > P10-EXT-HDR-HCS05O > P10-EXT-HDR-HCS06E > P10-EXT-HDR-HCS06O > P10-EXT-HDR-HCS07E > P10-EXT-HDR-HCS07O > P10-EXT-HDR-HCS08E > P10-EXT-HDR-HCS08O > P10-EXT-HDR-HCS09E > P10-EXT-HDR-HCS09O > P10-EXT-HDR-HCS10E > P10-EXT-HDR-HCS10O,P10-EXT-EXT-M202,Ancestro Project P10-EXT-EXT-M202 aparece en 2 contenedores.,P10,P10-EXT-LGC-EXTRACCION,P10-EXT-EXT-M202,P10-EXT-LGC-BMB RECIRCULACION,P10-SRA-BMB-BO70,P10-SRA-BMB-JOCKEY,P10-SRA-BMB-BOIN,P10-SRA-BMB-DOSIF,P10-EXT-BMB-P439B,P10-PLL-BMB-BS03,,,,,,,,,,,,,,,,,,,,,,,,,,,,,,,,,,,,,,,,,,,,,,,,,,,,,,,,,,,,,,,,,,,,,,,hay más de un contenedor candidato
contenedor_duplicado,contenedor_por_ancestro_project,P10-EXT-BMB-P213,BOMBA RECIRCULACION MISCELA P213,115,5,115,P10-EXT-LGC-BMB RECIRCULACION,P10-EXT-LGC-BMB,P10-EXT-LGC-EXTRACCION > P10-EXT-EXT-M202 > P10-EXT-LGC-BMB,P10 > P10-EXT-LGC-EXTRACCION > P10-EXT-EXT-M202 > P10-EXT-LGC-BMB RECIRCULACION,P10 > P10-EXT-LGC-EXTRACCION > P10-EXT-EXT-M202 > P10-EXT-LGC-BMB RECIRCULACION > P10-EXT-BMB-P213,282497,a027b4da-4e9c-44ad-b607-5fb48d4c7061-00044f81,Cubiertas,,Genérico - 400 mm,Genérico - 400 mm,P10-EXT-LGC-BMB,P10 > P10-EXT-LGC-EXTRACCION > P10-EXT-EXT-M202 > P10-EXT-LGC-BMB RECIRCULACION > P10-SRA-BMB-BO70 > P10-SRA-BMB-JOCKEY > P10-SRA-BMB-BOIN > P10-SRA-BMB-DOSIF > P10-EXT-BMB-P439B > P10-PLL-BMB-BS03,contenedor_scoring,282497,a027b4da-4e9c-44ad-b607-5fb48d4c7061-00044f81,P10 > P10-EXT-LGC-EXTRACCION > P10-EXT-EXT-M202 > P10-EXT-LGC-BMB RECIRCULACION > P10-SRA-BMB-BO70 > P10-SRA-BMB-JOCKEY > P10-SRA-BMB-BOIN > P10-SRA-BMB-DOSIF > P10-EXT-BMB-P439B > P10-PLL-BMB-BS03,10,70,NO,200,200,0,ancestro_project_exacto_duplicado,282497:200:P10 > P10-EXT-LGC-EXTRACCION > P10-EXT-EXT-M202 > P10-EXT-LGC-BMB RECIRCULACION > P10-SRA-BMB-BO70 > P10-SRA-BMB-JOCKEY > P10-SRA-BMB-BOIN > P10-SRA-BMB-DOSIF > P10-EXT-BMB-P439B > P10-PLL-BMB-BS03 || 282755:200:P10 > P10-EXT-LGC-EXTRACCION > P10-EXT-EXT-M202 > P10-EXT-LGC-HIDROCICLONES > P10-EXT-HDR-HCP01 > P10-EXT-HDR-HCP02 > P10-EXT-HDR-HCP03 > P10-EXT-HDR-HCS01E > P10-EXT-HDR-HCS01O > P10-EXT-HDR-HCS02E > P10-EXT-HDR-HCS02O > P10-EXT-HDR-HCS03E > P10-EXT-HDR-HCS03O > P10-EXT-HDR-HCS04E > P10-EXT-HDR-HCS04O > P10-EXT-HDR-HCS05E > P10-EXT-HDR-HCS05O > P10-EXT-HDR-HCS06E > P10-EXT-HDR-HCS06O > P10-EXT-HDR-HCS07E > P10-EXT-HDR-HCS07O > P10-EXT-HDR-HCS08E > P10-EXT-HDR-HCS08O > P10-EXT-HDR-HCS09E > P10-EXT-HDR-HCS09O > P10-EXT-HDR-HCS10E > P10-EXT-HDR-HCS10O,P10-EXT-EXT-M202,Ancestro Project P10-EXT-EXT-M202 aparece en 2 contenedores.,P10,P10-EXT-LGC-EXTRACCION,P10-EXT-EXT-M202,P10-EXT-LGC-BMB RECIRCULACION,P10-SRA-BMB-BO70,P10-SRA-BMB-JOCKEY,P10-SRA-BMB-BOIN,P10-SRA-BMB-DOSIF,P10-EXT-BMB-P439B,P10-PLL-BMB-BS03,,,,,,,,,,,,,,,,,,,,,,,,,,,,,,,,,,,,,,,,,,,,,,,,,,,,,,,,,,,,,,,,,,,,,,,hay más de un contenedor candidato
contenedor_duplicado,contenedor_por_ancestro_project,P10-EXT-BMB-P214,BOMBA RECIRCULACION MISCELA P214,116,5,116,P10-EXT-LGC-BMB RECIRCULACION,P10-EXT-LGC-BMB,P10-EXT-LGC-EXTRACCION > P10-EXT-EXT-M202 > P10-EXT-LGC-BMB,P10 > P10-EXT-LGC-EXTRACCION > P10-EXT-EXT-M202 > P10-EXT-LGC-BMB RECIRCULACION,P10 > P10-EXT-LGC-EXTRACCION > P10-EXT-EXT-M202 > P10-EXT-LGC-BMB RECIRCULACION > P10-EXT-BMB-P214,282497,a027b4da-4e9c-44ad-b607-5fb48d4c7061-00044f81,Cubiertas,,Genérico - 400 mm,Genérico - 400 mm,P10-EXT-LGC-BMB,P10 > P10-EXT-LGC-EXTRACCION > P10-EXT-EXT-M202 > P10-EXT-LGC-BMB RECIRCULACION > P10-SRA-BMB-BO70 > P10-SRA-BMB-JOCKEY > P10-SRA-BMB-BOIN > P10-SRA-BMB-DOSIF > P10-EXT-BMB-P439B > P10-PLL-BMB-BS03,contenedor_scoring,282497,a027b4da-4e9c-44ad-b607-5fb48d4c7061-00044f81,P10 > P10-EXT-LGC-EXTRACCION > P10-EXT-EXT-M202 > P10-EXT-LGC-BMB RECIRCULACION > P10-SRA-BMB-BO70 > P10-SRA-BMB-JOCKEY > P10-SRA-BMB-BOIN > P10-SRA-BMB-DOSIF > P10-EXT-BMB-P439B > P10-PLL-BMB-BS03,10,70,NO,200,200,0,ancestro_project_exacto_duplicado,282497:200:P10 > P10-EXT-LGC-EXTRACCION > P10-EXT-EXT-M202 > P10-EXT-LGC-BMB RECIRCULACION > P10-SRA-BMB-BO70 > P10-SRA-BMB-JOCKEY > P10-SRA-BMB-BOIN > P10-SRA-BMB-DOSIF > P10-EXT-BMB-P439B > P10-PLL-BMB-BS03 || 282755:200:P10 > P10-EXT-LGC-EXTRACCION > P10-EXT-EXT-M202 > P10-EXT-LGC-HIDROCICLONES > P10-EXT-HDR-HCP01 > P10-EXT-HDR-HCP02 > P10-EXT-HDR-HCP03 > P10-EXT-HDR-HCS01E > P10-EXT-HDR-HCS01O > P10-EXT-HDR-HCS02E > P10-EXT-HDR-HCS02O > P10-EXT-HDR-HCS03E > P10-EXT-HDR-HCS03O > P10-EXT-HDR-HCS04E > P10-EXT-HDR-HCS04O > P10-EXT-HDR-HCS05E > P10-EXT-HDR-HCS05O > P10-EXT-HDR-HCS06E > P10-EXT-HDR-HCS06O > P10-EXT-HDR-HCS07E > P10-EXT-HDR-HCS07O > P10-EXT-HDR-HCS08E > P10-EXT-HDR-HCS08O > P10-EXT-HDR-HCS09E > P10-EXT-HDR-HCS09O > P10-EXT-HDR-HCS10E > P10-EXT-HDR-HCS10O,P10-EXT-EXT-M202,Ancestro Project P10-EXT-EXT-M202 aparece en 2 contenedores.,P10,P10-EXT-LGC-EXTRACCION,P10-EXT-EXT-M202,P10-EXT-LGC-BMB RECIRCULACION,P10-SRA-BMB-BO70,P10-SRA-BMB-JOCKEY,P10-SRA-BMB-BOIN,P10-SRA-BMB-DOSIF,P10-EXT-BMB-P439B,P10-PLL-BMB-BS03,,,,,,,,,,,,,,,,,,,,,,,,,,,,,,,,,,,,,,,,,,,,,,,,,,,,,,,,,,,,,,,,,,,,,,,hay más de un contenedor candidato
contenedor_duplicado,contenedor_por_ancestro_project,P10-EXT-BMB-P215,BOMBA RECIRCULACION MISCELA P215,117,5,117,P10-EXT-LGC-BMB RECIRCULACION,P10-EXT-LGC-BMB,P10-EXT-LGC-EXTRACCION > P10-EXT-EXT-M202 > P10-EXT-LGC-BMB,P10 > P10-EXT-LGC-EXTRACCION > P10-EXT-EXT-M202 > P10-EXT-LGC-BMB RECIRCULACION,P10 > P10-EXT-LGC-EXTRACCION > P10-EXT-EXT-M202 > P10-EXT-LGC-BMB RECIRCULACION > P10-EXT-BMB-P215,282497,a027b4da-4e9c-44ad-b607-5fb48d4c7061-00044f81,Cubiertas,,Genérico - 400 mm,Genérico - 400 mm,P10-EXT-LGC-BMB,P10 > P10-EXT-LGC-EXTRACCION > P10-EXT-EXT-M202 > P10-EXT-LGC-BMB RECIRCULACION > P10-SRA-BMB-BO70 > P10-SRA-BMB-JOCKEY > P10-SRA-BMB-BOIN > P10-SRA-BMB-DOSIF > P10-EXT-BMB-P439B > P10-PLL-BMB-BS03,contenedor_scoring,282497,a027b4da-4e9c-44ad-b607-5fb48d4c7061-00044f81,P10 > P10-EXT-LGC-EXTRACCION > P10-EXT-EXT-M202 > P10-EXT-LGC-BMB RECIRCULACION > P10-SRA-BMB-BO70 > P10-SRA-BMB-JOCKEY > P10-SRA-BMB-BOIN > P10-SRA-BMB-DOSIF > P10-EXT-BMB-P439B > P10-PLL-BMB-BS03,10,70,NO,200,200,0,ancestro_project_exacto_duplicado,282497:200:P10 > P10-EXT-LGC-EXTRACCION > P10-EXT-EXT-M202 > P10-EXT-LGC-BMB RECIRCULACION > P10-SRA-BMB-BO70 > P10-SRA-BMB-JOCKEY > P10-SRA-BMB-BOIN > P10-SRA-BMB-DOSIF > P10-EXT-BMB-P439B > P10-PLL-BMB-BS03 || 282755:200:P10 > P10-EXT-LGC-EXTRACCION > P10-EXT-EXT-M202 > P10-EXT-LGC-HIDROCICLONES > P10-EXT-HDR-HCP01 > P10-EXT-HDR-HCP02 > P10-EXT-HDR-HCP03 > P10-EXT-HDR-HCS01E > P10-EXT-HDR-HCS01O > P10-EXT-HDR-HCS02E > P10-EXT-HDR-HCS02O > P10-EXT-HDR-HCS03E > P10-EXT-HDR-HCS03O > P10-EXT-HDR-HCS04E > P10-EXT-HDR-HCS04O > P10-EXT-HDR-HCS05E > P10-EXT-HDR-HCS05O > P10-EXT-HDR-HCS06E > P10-EXT-HDR-HCS06O > P10-EXT-HDR-HCS07E > P10-EXT-HDR-HCS07O > P10-EXT-HDR-HCS08E > P10-EXT-HDR-HCS08O > P10-EXT-HDR-HCS09E > P10-EXT-HDR-HCS09O > P10-EXT-HDR-HCS10E > P10-EXT-HDR-HCS10O,P10-EXT-EXT-M202,Ancestro Project P10-EXT-EXT-M202 aparece en 2 contenedores.,P10,P10-EXT-LGC-EXTRACCION,P10-EXT-EXT-M202,P10-EXT-LGC-BMB RECIRCULACION,P10-SRA-BMB-BO70,P10-SRA-BMB-JOCKEY,P10-SRA-BMB-BOIN,P10-SRA-BMB-DOSIF,P10-EXT-BMB-P439B,P10-PLL-BMB-BS03,,,,,,,,,,,,,,,,,,,,,,,,,,,,,,,,,,,,,,,,,,,,,,,,,,,,,,,,,,,,,,,,,,,,,,,hay más de un contenedor candidato
contenedor_duplicado,contenedor_por_ancestro_project,P10-EXT-BMB-P216,BOMBA RECIRCULACION MISCELA P216,118,5,118,P10-EXT-LGC-BMB RECIRCULACION,P10-EXT-LGC-BMB,P10-EXT-LGC-EXTRACCION > P10-EXT-EXT-M202 > P10-EXT-LGC-BMB,P10 > P10-EXT-LGC-EXTRACCION > P10-EXT-EXT-M202 > P10-EXT-LGC-BMB RECIRCULACION,P10 > P10-EXT-LGC-EXTRACCION > P10-EXT-EXT-M202 > P10-EXT-LGC-BMB RECIRCULACION > P10-EXT-BMB-P216,282497,a027b4da-4e9c-44ad-b607-5fb48d4c7061-00044f81,Cubiertas,,Genérico - 400 mm,Genérico - 400 mm,P10-EXT-LGC-BMB,P10 > P10-EXT-LGC-EXTRACCION > P10-EXT-EXT-M202 > P10-EXT-LGC-BMB RECIRCULACION > P10-SRA-BMB-BO70 > P10-SRA-BMB-JOCKEY > P10-SRA-BMB-BOIN > P10-SRA-BMB-DOSIF > P10-EXT-BMB-P439B > P10-PLL-BMB-BS03,contenedor_scoring,282497,a027b4da-4e9c-44ad-b607-5fb48d4c7061-00044f81,P10 > P10-EXT-LGC-EXTRACCION > P10-EXT-EXT-M202 > P10-EXT-LGC-BMB RECIRCULACION > P10-SRA-BMB-BO70 > P10-SRA-BMB-JOCKEY > P10-SRA-BMB-BOIN > P10-SRA-BMB-DOSIF > P10-EXT-BMB-P439B > P10-PLL-BMB-BS03,10,70,NO,200,200,0,ancestro_project_exacto_duplicado,282497:200:P10 > P10-EXT-LGC-EXTRACCION > P10-EXT-EXT-M202 > P10-EXT-LGC-BMB RECIRCULACION > P10-SRA-BMB-BO70 > P10-SRA-BMB-JOCKEY > P10-SRA-BMB-BOIN > P10-SRA-BMB-DOSIF > P10-EXT-BMB-P439B > P10-PLL-BMB-BS03 || 282755:200:P10 > P10-EXT-LGC-EXTRACCION > P10-EXT-EXT-M202 > P10-EXT-LGC-HIDROCICLONES > P10-EXT-HDR-HCP01 > P10-EXT-HDR-HCP02 > P10-EXT-HDR-HCP03 > P10-EXT-HDR-HCS01E > P10-EXT-HDR-HCS01O > P10-EXT-HDR-HCS02E > P10-EXT-HDR-HCS02O > P10-EXT-HDR-HCS03E > P10-EXT-HDR-HCS03O > P10-EXT-HDR-HCS04E > P10-EXT-HDR-HCS04O > P10-EXT-HDR-HCS05E > P10-EXT-HDR-HCS05O > P10-EXT-HDR-HCS06E > P10-EXT-HDR-HCS06O > P10-EXT-HDR-HCS07E > P10-EXT-HDR-HCS07O > P10-EXT-HDR-HCS08E > P10-EXT-HDR-HCS08O > P10-EXT-HDR-HCS09E > P10-EXT-HDR-HCS09O > P10-EXT-HDR-HCS10E > P10-EXT-HDR-HCS10O,P10-EXT-EXT-M202,Ancestro Project P10-EXT-EXT-M202 aparece en 2 contenedores.,P10,P10-EXT-LGC-EXTRACCION,P10-EXT-EXT-M202,P10-EXT-LGC-BMB RECIRCULACION,P10-SRA-BMB-BO70,P10-SRA-BMB-JOCKEY,P10-SRA-BMB-BOIN,P10-SRA-BMB-DOSIF,P10-EXT-BMB-P439B,P10-PLL-BMB-BS03,,,,,,,,,,,,,,,,,,,,,,,,,,,,,,,,,,,,,,,,,,,,,,,,,,,,,,,,,,,,,,,,,,,,,,,hay más de un contenedor candidato
contenedor_duplicado,contenedor_por_ancestro_project,P10-EXT-BMB-P222,BOMBA RECIRCULACION MISCELA P222 PRIMER RIEGO SUPERIOR DE LA CURVA,119,5,119,P10-EXT-LGC-BMB RECIRCULACION,P10-EXT-LGC-BMB,P10-EXT-LGC-EXTRACCION > P10-EXT-EXT-M202 > P10-EXT-LGC-BMB,P10 > P10-EXT-LGC-EXTRACCION > P10-EXT-EXT-M202 > P10-EXT-LGC-BMB RECIRCULACION,P10 > P10-EXT-LGC-EXTRACCION > P10-EXT-EXT-M202 > P10-EXT-LGC-BMB RECIRCULACION > P10-EXT-BMB-P222,282497,a027b4da-4e9c-44ad-b607-5fb48d4c7061-00044f81,Cubiertas,,Genérico - 400 mm,Genérico - 400 mm,P10-EXT-LGC-BMB,P10 > P10-EXT-LGC-EXTRACCION > P10-EXT-EXT-M202 > P10-EXT-LGC-BMB RECIRCULACION > P10-SRA-BMB-BO70 > P10-SRA-BMB-JOCKEY > P10-SRA-BMB-BOIN > P10-SRA-BMB-DOSIF > P10-EXT-BMB-P439B > P10-PLL-BMB-BS03,contenedor_scoring,282497,a027b4da-4e9c-44ad-b607-5fb48d4c7061-00044f81,P10 > P10-EXT-LGC-EXTRACCION > P10-EXT-EXT-M202 > P10-EXT-LGC-BMB RECIRCULACION > P10-SRA-BMB-BO70 > P10-SRA-BMB-JOCKEY > P10-SRA-BMB-BOIN > P10-SRA-BMB-DOSIF > P10-EXT-BMB-P439B > P10-PLL-BMB-BS03,10,70,NO,200,200,0,ancestro_project_exacto_duplicado,282497:200:P10 > P10-EXT-LGC-EXTRACCION > P10-EXT-EXT-M202 > P10-EXT-LGC-BMB RECIRCULACION > P10-SRA-BMB-BO70 > P10-SRA-BMB-JOCKEY > P10-SRA-BMB-BOIN > P10-SRA-BMB-DOSIF > P10-EXT-BMB-P439B > P10-PLL-BMB-BS03 || 282755:200:P10 > P10-EXT-LGC-EXTRACCION > P10-EXT-EXT-M202 > P10-EXT-LGC-HIDROCICLONES > P10-EXT-HDR-HCP01 > P10-EXT-HDR-HCP02 > P10-EXT-HDR-HCP03 > P10-EXT-HDR-HCS01E > P10-EXT-HDR-HCS01O > P10-EXT-HDR-HCS02E > P10-EXT-HDR-HCS02O > P10-EXT-HDR-HCS03E > P10-EXT-HDR-HCS03O > P10-EXT-HDR-HCS04E > P10-EXT-HDR-HCS04O > P10-EXT-HDR-HCS05E > P10-EXT-HDR-HCS05O > P10-EXT-HDR-HCS06E > P10-EXT-HDR-HCS06O > P10-EXT-HDR-HCS07E > P10-EXT-HDR-HCS07O > P10-EXT-HDR-HCS08E > P10-EXT-HDR-HCS08O > P10-EXT-HDR-HCS09E > P10-EXT-HDR-HCS09O > P10-EXT-HDR-HCS10E > P10-EXT-HDR-HCS10O,P10-EXT-EXT-M202,Ancestro Project P10-EXT-EXT-M202 aparece en 2 contenedores.,P10,P10-EXT-LGC-EXTRACCION,P10-EXT-EXT-M202,P10-EXT-LGC-BMB RECIRCULACION,P10-SRA-BMB-BO70,P10-SRA-BMB-JOCKEY,P10-SRA-BMB-BOIN,P10-SRA-BMB-DOSIF,P10-EXT-BMB-P439B,P10-PLL-BMB-BS03,,,,,,,,,,,,,,,,,,,,,,,,,,,,,,,,,,,,,,,,,,,,,,,,,,,,,,,,,,,,,,,,,,,,,,,hay más de un contenedor candidato
contenedor_duplicado,contenedor_por_ancestro_project,P10-EXT-FLT-M220A,FILTRO AMIAD,144,4,144,P10-EXT-EXT-M202,P10-EXT-EXT-M202,P10-EXT-LGC-EXTRACCION > P10-EXT-EXT-M202,P10 > P10-EXT-LGC-EXTRACCION > P10-EXT-EXT-M202,P10 > P10-EXT-LGC-EXTRACCION > P10-EXT-EXT-M202 > P10-EXT-FLT-M220A AMIAD,282497,a027b4da-4e9c-44ad-b607-5fb48d4c7061-00044f81,Cubiertas,,Genérico - 400 mm,Genérico - 400 mm,P10-EXT-LGC-BMB,P10 > P10-EXT-LGC-EXTRACCION > P10-EXT-EXT-M202 > P10-EXT-LGC-BMB RECIRCULACION > P10-SRA-BMB-BO70 > P10-SRA-BMB-JOCKEY > P10-SRA-BMB-BOIN > P10-SRA-BMB-DOSIF > P10-EXT-BMB-P439B > P10-PLL-BMB-BS03,contenedor_scoring,282497,a027b4da-4e9c-44ad-b607-5fb48d4c7061-00044f81,P10 > P10-EXT-LGC-EXTRACCION > P10-EXT-EXT-M202 > P10-EXT-LGC-BMB RECIRCULACION > P10-SRA-BMB-BO70 > P10-SRA-BMB-JOCKEY > P10-SRA-BMB-BOIN > P10-SRA-BMB-DOSIF > P10-EXT-BMB-P439B > P10-PLL-BMB-BS03,10,70,NO,200,200,0,ancestro_project_exacto_duplicado,282497:200:P10 > P10-EXT-LGC-EXTRACCION > P10-EXT-EXT-M202 > P10-EXT-LGC-BMB RECIRCULACION > P10-SRA-BMB-BO70 > P10-SRA-BMB-JOCKEY > P10-SRA-BMB-BOIN > P10-SRA-BMB-DOSIF > P10-EXT-BMB-P439B > P10-PLL-BMB-BS03 || 282755:200:P10 > P10-EXT-LGC-EXTRACCION > P10-EXT-EXT-M202 > P10-EXT-LGC-HIDROCICLONES > P10-EXT-HDR-HCP01 > P10-EXT-HDR-HCP02 > P10-EXT-HDR-HCP03 > P10-EXT-HDR-HCS01E > P10-EXT-HDR-HCS01O > P10-EXT-HDR-HCS02E > P10-EXT-HDR-HCS02O > P10-EXT-HDR-HCS03E > P10-EXT-HDR-HCS03O > P10-EXT-HDR-HCS04E > P10-EXT-HDR-HCS04O > P10-EXT-HDR-HCS05E > P10-EXT-HDR-HCS05O > P10-EXT-HDR-HCS06E > P10-EXT-HDR-HCS06O > P10-EXT-HDR-HCS07E > P10-EXT-HDR-HCS07O > P10-EXT-HDR-HCS08E > P10-EXT-HDR-HCS08O > P10-EXT-HDR-HCS09E > P10-EXT-HDR-HCS09O > P10-EXT-HDR-HCS10E > P10-EXT-HDR-HCS10O,P10-EXT-EXT-M202,Ancestro Project P10-EXT-EXT-M202 aparece en 2 contenedores.,P10,P10-EXT-LGC-EXTRACCION,P10-EXT-EXT-M202,P10-EXT-LGC-BMB RECIRCULACION,P10-SRA-BMB-BO70,P10-SRA-BMB-JOCKEY,P10-SRA-BMB-BOIN,P10-SRA-BMB-DOSIF,P10-EXT-BMB-P439B,P10-PLL-BMB-BS03,,,,,,,,,,,,,,,,,,,,,,,,,,,,,,,,,,,,,,,,,,,,,,,,,,,,,,,,,,,,,,,,,,,,,,,hay más de un contenedor candidato
contenedor_duplicado,contenedor_por_ancestro_project,P10-EXT-RSC-SC201,ROSCA DE ALIMENTACION,145,4,145,P10-EXT-EXT-M202,P10-EXT-EXT-M202,P10-EXT-LGC-EXTRACCION > P10-EXT-EXT-M202,P10 > P10-EXT-LGC-EXTRACCION > P10-EXT-EXT-M202,P10 > P10-EXT-LGC-EXTRACCION > P10-EXT-EXT-M202 > P10-EXT-RSC-SC201,282497,a027b4da-4e9c-44ad-b607-5fb48d4c7061-00044f81,Cubiertas,,Genérico - 400 mm,Genérico - 400 mm,P10-EXT-LGC-BMB,P10 > P10-EXT-LGC-EXTRACCION > P10-EXT-EXT-M202 > P10-EXT-LGC-BMB RECIRCULACION > P10-SRA-BMB-BO70 > P10-SRA-BMB-JOCKEY > P10-SRA-BMB-BOIN > P10-SRA-BMB-DOSIF > P10-EXT-BMB-P439B > P10-PLL-BMB-BS03,contenedor_scoring,282497,a027b4da-4e9c-44ad-b607-5fb48d4c7061-00044f81,P10 > P10-EXT-LGC-EXTRACCION > P10-EXT-EXT-M202 > P10-EXT-LGC-BMB RECIRCULACION > P10-SRA-BMB-BO70 > P10-SRA-BMB-JOCKEY > P10-SRA-BMB-BOIN > P10-SRA-BMB-DOSIF > P10-EXT-BMB-P439B > P10-PLL-BMB-BS03,10,70,NO,200,200,0,ancestro_project_exacto_duplicado,282497:200:P10 > P10-EXT-LGC-EXTRACCION > P10-EXT-EXT-M202 > P10-EXT-LGC-BMB RECIRCULACION > P10-SRA-BMB-BO70 > P10-SRA-BMB-JOCKEY > P10-SRA-BMB-BOIN > P10-SRA-BMB-DOSIF > P10-EXT-BMB-P439B > P10-PLL-BMB-BS03 || 282755:200:P10 > P10-EXT-LGC-EXTRACCION > P10-EXT-EXT-M202 > P10-EXT-LGC-HIDROCICLONES > P10-EXT-HDR-HCP01 > P10-EXT-HDR-HCP02 > P10-EXT-HDR-HCP03 > P10-EXT-HDR-HCS01E > P10-EXT-HDR-HCS01O > P10-EXT-HDR-HCS02E > P10-EXT-HDR-HCS02O > P10-EXT-HDR-HCS03E > P10-EXT-HDR-HCS03O > P10-EXT-HDR-HCS04E > P10-EXT-HDR-HCS04O > P10-EXT-HDR-HCS05E > P10-EXT-HDR-HCS05O > P10-EXT-HDR-HCS06E > P10-EXT-HDR-HCS06O > P10-EXT-HDR-HCS07E > P10-EXT-HDR-HCS07O > P10-EXT-HDR-HCS08E > P10-EXT-HDR-HCS08O > P10-EXT-HDR-HCS09E > P10-EXT-HDR-HCS09O > P10-EXT-HDR-HCS10E > P10-EXT-HDR-HCS10O,P10-EXT-EXT-M202,Ancestro Project P10-EXT-EXT-M202 aparece en 2 contenedores.,P10,P10-EXT-LGC-EXTRACCION,P10-EXT-EXT-M202,P10-EXT-LGC-BMB RECIRCULACION,P10-SRA-BMB-BO70,P10-SRA-BMB-JOCKEY,P10-SRA-BMB-BOIN,P10-SRA-BMB-DOSIF,P10-EXT-BMB-P439B,P10-PLL-BMB-BS03,,,,,,,,,,,,,,,,,,,,,,,,,,,,,,,,,,,,,,,,,,,,,,,,,,,,,,,,,,,,,,,,,,,,,,,hay más de un contenedor candidato
contenedor_duplicado,contenedor_por_ancestro_project,P10-EXT-TNQ-V218,TANQUE DE MISCELA,146,4,146,P10-EXT-EXT-M202,P10-EXT-EXT-M202,P10-EXT-LGC-EXTRACCION > P10-EXT-EXT-M202,P10 > P10-EXT-LGC-EXTRACCION > P10-EXT-EXT-M202,P10 > P10-EXT-LGC-EXTRACCION > P10-EXT-EXT-M202 > P10-EXT-TNQ-V218 TK MISCELA,282497,a027b4da-4e9c-44ad-b607-5fb48d4c7061-00044f81,Cubiertas,,Genérico - 400 mm,Genérico - 400 mm,P10-EXT-LGC-BMB,P10 > P10-EXT-LGC-EXTRACCION > P10-EXT-EXT-M202 > P10-EXT-LGC-BMB RECIRCULACION > P10-SRA-BMB-BO70 > P10-SRA-BMB-JOCKEY > P10-SRA-BMB-BOIN > P10-SRA-BMB-DOSIF > P10-EXT-BMB-P439B > P10-PLL-BMB-BS03,contenedor_scoring,282497,a027b4da-4e9c-44ad-b607-5fb48d4c7061-00044f81,P10 > P10-EXT-LGC-EXTRACCION > P10-EXT-EXT-M202 > P10-EXT-LGC-BMB RECIRCULACION > P10-SRA-BMB-BO70 > P10-SRA-BMB-JOCKEY > P10-SRA-BMB-BOIN > P10-SRA-BMB-DOSIF > P10-EXT-BMB-P439B > P10-PLL-BMB-BS03,10,70,NO,200,200,0,ancestro_project_exacto_duplicado,282497:200:P10 > P10-EXT-LGC-EXTRACCION > P10-EXT-EXT-M202 > P10-EXT-LGC-BMB RECIRCULACION > P10-SRA-BMB-BO70 > P10-SRA-BMB-JOCKEY > P10-SRA-BMB-BOIN > P10-SRA-BMB-DOSIF > P10-EXT-BMB-P439B > P10-PLL-BMB-BS03 || 282755:200:P10 > P10-EXT-LGC-EXTRACCION > P10-EXT-EXT-M202 > P10-EXT-LGC-HIDROCICLONES > P10-EXT-HDR-HCP01 > P10-EXT-HDR-HCP02 > P10-EXT-HDR-HCP03 > P10-EXT-HDR-HCS01E > P10-EXT-HDR-HCS01O > P10-EXT-HDR-HCS02E > P10-EXT-HDR-HCS02O > P10-EXT-HDR-HCS03E > P10-EXT-HDR-HCS03O > P10-EXT-HDR-HCS04E > P10-EXT-HDR-HCS04O > P10-EXT-HDR-HCS05E > P10-EXT-HDR-HCS05O > P10-EXT-HDR-HCS06E > P10-EXT-HDR-HCS06O > P10-EXT-HDR-HCS07E > P10-EXT-HDR-HCS07O > P10-EXT-HDR-HCS08E > P10-EXT-HDR-HCS08O > P10-EXT-HDR-HCS09E > P10-EXT-HDR-HCS09O > P10-EXT-HDR-HCS10E > P10-EXT-HDR-HCS10O,P10-EXT-EXT-M202,Ancestro Project P10-EXT-EXT-M202 aparece en 2 contenedores.,P10,P10-EXT-LGC-EXTRACCION,P10-EXT-EXT-M202,P10-EXT-LGC-BMB RECIRCULACION,P10-SRA-BMB-BO70,P10-SRA-BMB-JOCKEY,P10-SRA-BMB-BOIN,P10-SRA-BMB-DOSIF,P10-EXT-BMB-P439B,P10-PLL-BMB-BS03,,,,,,,,,,,,,,,,,,,,,,,,,,,,,,,,,,,,,,,,,,,,,,,,,,,,,,,,,,,,,,,,,,,,,,,hay más de un contenedor candidato
contenedor_duplicado,contenedor_por_ancestro_project,P10-EXT-BMB-P218,BOMBA DE MISCELA GORDA P218,147,5,147,P10-EXT-TNQ-V218 TK MISCELA,P10-EXT-TNQ-V218,P10-EXT-LGC-EXTRACCION > P10-EXT-EXT-M202 > P10-EXT-TNQ-V218,P10 > P10-EXT-LGC-EXTRACCION > P10-EXT-EXT-M202 > P10-EXT-TNQ-V218 TK MISCELA,P10 > P10-EXT-LGC-EXTRACCION > P10-EXT-EXT-M202 > P10-EXT-TNQ-V218 TK MISCELA > P10-EXT-BMB-P218,282497,a027b4da-4e9c-44ad-b607-5fb48d4c7061-00044f81,Cubiertas,,Genérico - 400 mm,Genérico - 400 mm,P10-EXT-LGC-BMB,P10 > P10-EXT-LGC-EXTRACCION > P10-EXT-EXT-M202 > P10-EXT-LGC-BMB RECIRCULACION > P10-SRA-BMB-BO70 > P10-SRA-BMB-JOCKEY > P10-SRA-BMB-BOIN > P10-SRA-BMB-DOSIF > P10-EXT-BMB-P439B > P10-PLL-BMB-BS03,contenedor_scoring,282497,a027b4da-4e9c-44ad-b607-5fb48d4c7061-00044f81,P10 > P10-EXT-LGC-EXTRACCION > P10-EXT-EXT-M202 > P10-EXT-LGC-BMB RECIRCULACION > P10-SRA-BMB-BO70 > P10-SRA-BMB-JOCKEY > P10-SRA-BMB-BOIN > P10-SRA-BMB-DOSIF > P10-EXT-BMB-P439B > P10-PLL-BMB-BS03,10,70,NO,200,200,0,ancestro_project_exacto_duplicado,282497:200:P10 > P10-EXT-LGC-EXTRACCION > P10-EXT-EXT-M202 > P10-EXT-LGC-BMB RECIRCULACION > P10-SRA-BMB-BO70 > P10-SRA-BMB-JOCKEY > P10-SRA-BMB-BOIN > P10-SRA-BMB-DOSIF > P10-EXT-BMB-P439B > P10-PLL-BMB-BS03 || 282755:200:P10 > P10-EXT-LGC-EXTRACCION > P10-EXT-EXT-M202 > P10-EXT-LGC-HIDROCICLONES > P10-EXT-HDR-HCP01 > P10-EXT-HDR-HCP02 > P10-EXT-HDR-HCP03 > P10-EXT-HDR-HCS01E > P10-EXT-HDR-HCS01O > P10-EXT-HDR-HCS02E > P10-EXT-HDR-HCS02O > P10-EXT-HDR-HCS03E > P10-EXT-HDR-HCS03O > P10-EXT-HDR-HCS04E > P10-EXT-HDR-HCS04O > P10-EXT-HDR-HCS05E > P10-EXT-HDR-HCS05O > P10-EXT-HDR-HCS06E > P10-EXT-HDR-HCS06O > P10-EXT-HDR-HCS07E > P10-EXT-HDR-HCS07O > P10-EXT-HDR-HCS08E > P10-EXT-HDR-HCS08O > P10-EXT-HDR-HCS09E > P10-EXT-HDR-HCS09O > P10-EXT-HDR-HCS10E > P10-EXT-HDR-HCS10O,P10-EXT-EXT-M202,Ancestro Project P10-EXT-EXT-M202 aparece en 2 contenedores.,P10,P10-EXT-LGC-EXTRACCION,P10-EXT-EXT-M202,P10-EXT-LGC-BMB RECIRCULACION,P10-SRA-BMB-BO70,P10-SRA-BMB-JOCKEY,P10-SRA-BMB-BOIN,P10-SRA-BMB-DOSIF,P10-EXT-BMB-P439B,P10-PLL-BMB-BS03,,,,,,,,,,,,,,,,,,,,,,,,,,,,,,,,,,,,,,,,,,,,,,,,,,,,,,,,,,,,,,,,,,,,,,,hay más de un contenedor candidato
contenedor_duplicado,contenedor_por_ancestro_project,P10-EXT-VLV-SOV202,VALVULA TOLVA EXTRACTOR,148,4,148,P10-EXT-EXT-M202,P10-EXT-EXT-M202,P10-EXT-LGC-EXTRACCION > P10-EXT-EXT-M202,P10 > P10-EXT-LGC-EXTRACCION > P10-EXT-EXT-M202,P10 > P10-EXT-LGC-EXTRACCION > P10-EXT-EXT-M202 > P10-EXT-VLV-SOV202,282497,a027b4da-4e9c-44ad-b607-5fb48d4c7061-00044f81,Cubiertas,,Genérico - 400 mm,Genérico - 400 mm,P10-EXT-LGC-BMB,P10 > P10-EXT-LGC-EXTRACCION > P10-EXT-EXT-M202 > P10-EXT-LGC-BMB RECIRCULACION > P10-SRA-BMB-BO70 > P10-SRA-BMB-JOCKEY > P10-SRA-BMB-BOIN > P10-SRA-BMB-DOSIF > P10-EXT-BMB-P439B > P10-PLL-BMB-BS03,contenedor_scoring,282497,a027b4da-4e9c-44ad-b607-5fb48d4c7061-00044f81,P10 > P10-EXT-LGC-EXTRACCION > P10-EXT-EXT-M202 > P10-EXT-LGC-BMB RECIRCULACION > P10-SRA-BMB-BO70 > P10-SRA-BMB-JOCKEY > P10-SRA-BMB-BOIN > P10-SRA-BMB-DOSIF > P10-EXT-BMB-P439B > P10-PLL-BMB-BS03,10,70,NO,200,200,0,ancestro_project_exacto_duplicado,282497:200:P10 > P10-EXT-LGC-EXTRACCION > P10-EXT-EXT-M202 > P10-EXT-LGC-BMB RECIRCULACION > P10-SRA-BMB-BO70 > P10-SRA-BMB-JOCKEY > P10-SRA-BMB-BOIN > P10-SRA-BMB-DOSIF > P10-EXT-BMB-P439B > P10-PLL-BMB-BS03 || 282755:200:P10 > P10-EXT-LGC-EXTRACCION > P10-EXT-EXT-M202 > P10-EXT-LGC-HIDROCICLONES > P10-EXT-HDR-HCP01 > P10-EXT-HDR-HCP02 > P10-EXT-HDR-HCP03 > P10-EXT-HDR-HCS01E > P10-EXT-HDR-HCS01O > P10-EXT-HDR-HCS02E > P10-EXT-HDR-HCS02O > P10-EXT-HDR-HCS03E > P10-EXT-HDR-HCS03O > P10-EXT-HDR-HCS04E > P10-EXT-HDR-HCS04O > P10-EXT-HDR-HCS05E > P10-EXT-HDR-HCS05O > P10-EXT-HDR-HCS06E > P10-EXT-HDR-HCS06O > P10-EXT-HDR-HCS07E > P10-EXT-HDR-HCS07O > P10-EXT-HDR-HCS08E > P10-EXT-HDR-HCS08O > P10-EXT-HDR-HCS09E > P10-EXT-HDR-HCS09O > P10-EXT-HDR-HCS10E > P10-EXT-HDR-HCS10O,P10-EXT-EXT-M202,Ancestro Project P10-EXT-EXT-M202 aparece en 2 contenedores.,P10,P10-EXT-LGC-EXTRACCION,P10-EXT-EXT-M202,P10-EXT-LGC-BMB RECIRCULACION,P10-SRA-BMB-BO70,P10-SRA-BMB-JOCKEY,P10-SRA-BMB-BOIN,P10-SRA-BMB-DOSIF,P10-EXT-BMB-P439B,P10-PLL-BMB-BS03,,,,,,,,,,,,,,,,,,,,,,,,,,,,,,,,,,,,,,,,,,,,,,,,,,,,,,,,,,,,,,,,,,,,,,,hay más de un contenedor candidato
contenedor_duplicado,contenedor_por_ancestro_project,P10-EXT-RDL-DRG249,REDLER DRG249 DESCARGA EXTRACTOR (JOTA),149,3,149,P10-EXT-LGC-EXTRACCION,P10-EXT-LGC-EXTRACCION,P10-EXT-LGC-EXTRACCION,P10 > P10-EXT-LGC-EXTRACCION,P10 > P10-EXT-LGC-EXTRACCION > P10-EXT-RDL-DRG249,282497,a027b4da-4e9c-44ad-b607-5fb48d4c7061-00044f81,Cubiertas,,Genérico - 400 mm,Genérico - 400 mm,P10-EXT-LGC-BMB,P10 > P10-EXT-LGC-EXTRACCION > P10-EXT-EXT-M202 > P10-EXT-LGC-BMB RECIRCULACION > P10-SRA-BMB-BO70 > P10-SRA-BMB-JOCKEY > P10-SRA-BMB-BOIN > P10-SRA-BMB-DOSIF > P10-EXT-BMB-P439B > P10-PLL-BMB-BS03,contenedor_scoring,282497,a027b4da-4e9c-44ad-b607-5fb48d4c7061-00044f81,P10 > P10-EXT-LGC-EXTRACCION > P10-EXT-EXT-M202 > P10-EXT-LGC-BMB RECIRCULACION > P10-SRA-BMB-BO70 > P10-SRA-BMB-JOCKEY > P10-SRA-BMB-BOIN > P10-SRA-BMB-DOSIF > P10-EXT-BMB-P439B > P10-PLL-BMB-BS03,10,70,NO,200,200,0,ancestro_project_exacto_duplicado,282497:200:P10 > P10-EXT-LGC-EXTRACCION > P10-EXT-EXT-M202 > P10-EXT-LGC-BMB RECIRCULACION > P10-SRA-BMB-BO70 > P10-SRA-BMB-JOCKEY > P10-SRA-BMB-BOIN > P10-SRA-BMB-DOSIF > P10-EXT-BMB-P439B > P10-PLL-BMB-BS03 || 282656:200:P10 > P10-EXT-LGC-EXTRACCION > P10-EXT-TST-DT250 > P10-EXT-CND-HX303 > P10-EXT-LGC-VLV > P10-EXT-VLV-PRV259 > P10-EXT-VLV-PRV258 > P10-EXT-VLV-PRV260 > P10-EXT-MND-M250A > P10-EXT-RDC-RDT250 > P10-EXT-BMB-P250 > P10-EXT-TNQ-V480 > P10-EXT-BMB-P490 > P10-EXT-BMB-P481 > P10-EXT-BMB-P482 > P10-EXT-TNQ-V262 > P10-EXT-TNQ-V475 > P10-EXT-VLV-SOV250 > P10-EXT-VLV-RV255A > P10-EXT-VLV-RV255B > P10-EXT-VLV-RV256A > P10-EXT-VLV-RV256B > P10-EXT-VLV-RV257A > P10-EXT-VLV-RV257B > P10-EXT-VLV-RV258A > P10-EXT-VLV-RV258B > P10-EXT-VLV-RV259 > P10-EXT-VLV-RV260 > P10-EXT-VLV-SOV252 || 282755:200:P10 > P10-EXT-LGC-EXTRACCION > P10-EXT-EXT-M202 > P10-EXT-LGC-HIDROCICLONES > P10-EXT-HDR-HCP01 > P10-EXT-HDR-HCP02 > P10-EXT-HDR-HCP03 > P10-EXT-HDR-HCS01E > P10-EXT-HDR-HCS01O > P10-EXT-HDR-HCS02E > P10-EXT-HDR-HCS02O > P10-EXT-HDR-HCS03E > P10-EXT-HDR-HCS03O > P10-EXT-HDR-HCS04E > P10-EXT-HDR-HCS04O > P10-EXT-HDR-HCS05E > P10-EXT-HDR-HCS05O > P10-EXT-HDR-HCS06E > P10-EXT-HDR-HCS06O > P10-EXT-HDR-HCS07E > P10-EXT-HDR-HCS07O > P10-EXT-HDR-HCS08E > P10-EXT-HDR-HCS08O > P10-EXT-HDR-HCS09E > P10-EXT-HDR-HCS09O > P10-EXT-HDR-HCS10E > P10-EXT-HDR-HCS10O || 282804:200:P10 > P10-EXT-LGC-EXTRACCION > P10-EXT-LGC-RECUP GASES || 282896:200:P10 > P10-EXT-LGC-EXTRACCION > P10-EXT-LGC-SOLVENTE > P10-EXT-BMB-P336 > P10-EXT-BMB-P351 > P10-EXT-PRC-HX302 > P10-EXT-INT-V338 > P10-EXT-RHV-HX337 > P10-EXT-TNQ-V330 > P10-EXT-BMB-P331 > P10-EXT-BMB-P335 > P10-EXT-TNQ-V351 > P10-EXT-TNQ-TKD > P10-EXT-BMB-P335A > P10-EXT-AH101 > P10-EXT-AH103 > P10-EXT-AH102 > P10-EXT-AH105 > P10-EXT-AH104 || 282969:200:P10 > P10-EXT-LGC-EXTRACCION > P10-EXT-LGC-DESTILACION > P10-EXT-EVP-HX301 > P10-EXT-CND-HX305 > P10-EXT-CND-HX304 > P10-EXT-EVP-HX307 > P10-EXT-CND-HX308 > P10-EXT-EVP-HX309 > P10-EXT-BMB-P310 > P10-EXT-INT-HX314 > P10-EXT-STR-V311 > P10-EXT-BMB-P313B > P10-EXT-BMB-P313 > P10-EXT-CND-HX312 > P10-EXT-VLV-TCV-307 > P10-EXT-VLV-TCV-309 || 282997:200:P10 > P10-EXT-LGC-EXTRACCION > P10-EXT-LGC-DESGOMADO > P10-EXT-BMB-PSODA > P10-EXT-BMB-P435A > P10-EXT-CLT-HX445 > P10-EXT-DSG-C425 > P10-EXT-DSG-C430 > P10-EXT-DSG-C435 > P10-EXT-ENF-HX460 > P10-EXT-INT-HX440 > P10-EXT-BMB-P439 > P10-EXT-SCD-V450 > P10-EXT-BMB-P450 > P10-EXT-TNQ-V415 > P10-EXT-BMB-P415 > P10-EXT-TNQ-HX435 > P10-EXT-BMB-P435 > P10-EXT-TNQ-V495 > P10-EXT-BMB-P491 > P10-EXT-TNQ-V410 > P10-EXT-AGT-A420C > P10-EXT-BMB-P410 > P10-EXT-TNQ-V420 > P10-EXT-AGT-A420 > P10-EXT-VLV-VSA420 > P10-EXT-TNQ-V420B > P10-EXT-TNQ-TK492 > P10-EXT-BMB-P492 > P10-EXT-VLV-SOV430 > P10-EXT-VLV-SOV426,P10-EXT-LGC-EXTRACCION,Ancestro Project P10-EXT-LGC-EXTRACCION aparece en 7 contenedores.,P10,P10-EXT-LGC-EXTRACCION,P10-EXT-EXT-M202,P10-EXT-LGC-BMB RECIRCULACION,P10-SRA-BMB-BO70,P10-SRA-BMB-JOCKEY,P10-SRA-BMB-BOIN,P10-SRA-BMB-DOSIF,P10-EXT-BMB-P439B,P10-PLL-BMB-BS03,,,,,,,,,,,,,,,,,,,,,,,,,,,,,,,,,,,,,,,,,,,,,,,,,,,,,,,,,,,,,,,,,,,,,,,hay más de un contenedor candidato
contenedor_duplicado,contenedor_por_ancestro_project,P10-EXT-ABS-V341,ABSORVEDOR MINERAL P10,195,4,195,P10-EXT-LGC-RECUP GASES,P10-EXT-LGC-RECUP,P10-EXT-LGC-EXTRACCION > P10-EXT-LGC-RECUP,P10 > P10-EXT-LGC-EXTRACCION > P10-EXT-LGC-RECUP GASES,P10 > P10-EXT-LGC-EXTRACCION > P10-EXT-LGC-RECUP GASES > P10-EXT-ABS-V341 ABSORV,282497,a027b4da-4e9c-44ad-b607-5fb48d4c7061-00044f81,Cubiertas,,Genérico - 400 mm,Genérico - 400 mm,P10-EXT-LGC-BMB,P10 > P10-EXT-LGC-EXTRACCION > P10-EXT-EXT-M202 > P10-EXT-LGC-BMB RECIRCULACION > P10-SRA-BMB-BO70 > P10-SRA-BMB-JOCKEY > P10-SRA-BMB-BOIN > P10-SRA-BMB-DOSIF > P10-EXT-BMB-P439B > P10-PLL-BMB-BS03,contenedor_scoring,282497,a027b4da-4e9c-44ad-b607-5fb48d4c7061-00044f81,P10 > P10-EXT-LGC-EXTRACCION > P10-EXT-EXT-M202 > P10-EXT-LGC-BMB RECIRCULACION > P10-SRA-BMB-BO70 > P10-SRA-BMB-JOCKEY > P10-SRA-BMB-BOIN > P10-SRA-BMB-DOSIF > P10-EXT-BMB-P439B > P10-PLL-BMB-BS03,10,70,NO,200,200,0,ancestro_project_exacto_duplicado,282497:200:P10 > P10-EXT-LGC-EXTRACCION > P10-EXT-EXT-M202 > P10-EXT-LGC-BMB RECIRCULACION > P10-SRA-BMB-BO70 > P10-SRA-BMB-JOCKEY > P10-SRA-BMB-BOIN > P10-SRA-BMB-DOSIF > P10-EXT-BMB-P439B > P10-PLL-BMB-BS03 || 282656:200:P10 > P10-EXT-LGC-EXTRACCION > P10-EXT-TST-DT250 > P10-EXT-CND-HX303 > P10-EXT-LGC-VLV > P10-EXT-VLV-PRV259 > P10-EXT-VLV-PRV258 > P10-EXT-VLV-PRV260 > P10-EXT-MND-M250A > P10-EXT-RDC-RDT250 > P10-EXT-BMB-P250 > P10-EXT-TNQ-V480 > P10-EXT-BMB-P490 > P10-EXT-BMB-P481 > P10-EXT-BMB-P482 > P10-EXT-TNQ-V262 > P10-EXT-TNQ-V475 > P10-EXT-VLV-SOV250 > P10-EXT-VLV-RV255A > P10-EXT-VLV-RV255B > P10-EXT-VLV-RV256A > P10-EXT-VLV-RV256B > P10-EXT-VLV-RV257A > P10-EXT-VLV-RV257B > P10-EXT-VLV-RV258A > P10-EXT-VLV-RV258B > P10-EXT-VLV-RV259 > P10-EXT-VLV-RV260 > P10-EXT-VLV-SOV252 || 282755:200:P10 > P10-EXT-LGC-EXTRACCION > P10-EXT-EXT-M202 > P10-EXT-LGC-HIDROCICLONES > P10-EXT-HDR-HCP01 > P10-EXT-HDR-HCP02 > P10-EXT-HDR-HCP03 > P10-EXT-HDR-HCS01E > P10-EXT-HDR-HCS01O > P10-EXT-HDR-HCS02E > P10-EXT-HDR-HCS02O > P10-EXT-HDR-HCS03E > P10-EXT-HDR-HCS03O > P10-EXT-HDR-HCS04E > P10-EXT-HDR-HCS04O > P10-EXT-HDR-HCS05E > P10-EXT-HDR-HCS05O > P10-EXT-HDR-HCS06E > P10-EXT-HDR-HCS06O > P10-EXT-HDR-HCS07E > P10-EXT-HDR-HCS07O > P10-EXT-HDR-HCS08E > P10-EXT-HDR-HCS08O > P10-EXT-HDR-HCS09E > P10-EXT-HDR-HCS09O > P10-EXT-HDR-HCS10E > P10-EXT-HDR-HCS10O || 282804:200:P10 > P10-EXT-LGC-EXTRACCION > P10-EXT-LGC-RECUP GASES || 282896:200:P10 > P10-EXT-LGC-EXTRACCION > P10-EXT-LGC-SOLVENTE > P10-EXT-BMB-P336 > P10-EXT-BMB-P351 > P10-EXT-PRC-HX302 > P10-EXT-INT-V338 > P10-EXT-RHV-HX337 > P10-EXT-TNQ-V330 > P10-EXT-BMB-P331 > P10-EXT-BMB-P335 > P10-EXT-TNQ-V351 > P10-EXT-TNQ-TKD > P10-EXT-BMB-P335A > P10-EXT-AH101 > P10-EXT-AH103 > P10-EXT-AH102 > P10-EXT-AH105 > P10-EXT-AH104 || 282969:200:P10 > P10-EXT-LGC-EXTRACCION > P10-EXT-LGC-DESTILACION > P10-EXT-EVP-HX301 > P10-EXT-CND-HX305 > P10-EXT-CND-HX304 > P10-EXT-EVP-HX307 > P10-EXT-CND-HX308 > P10-EXT-EVP-HX309 > P10-EXT-BMB-P310 > P10-EXT-INT-HX314 > P10-EXT-STR-V311 > P10-EXT-BMB-P313B > P10-EXT-BMB-P313 > P10-EXT-CND-HX312 > P10-EXT-VLV-TCV-307 > P10-EXT-VLV-TCV-309 || 282997:200:P10 > P10-EXT-LGC-EXTRACCION > P10-EXT-LGC-DESGOMADO > P10-EXT-BMB-PSODA > P10-EXT-BMB-P435A > P10-EXT-CLT-HX445 > P10-EXT-DSG-C425 > P10-EXT-DSG-C430 > P10-EXT-DSG-C435 > P10-EXT-ENF-HX460 > P10-EXT-INT-HX440 > P10-EXT-BMB-P439 > P10-EXT-SCD-V450 > P10-EXT-BMB-P450 > P10-EXT-TNQ-V415 > P10-EXT-BMB-P415 > P10-EXT-TNQ-HX435 > P10-EXT-BMB-P435 > P10-EXT-TNQ-V495 > P10-EXT-BMB-P491 > P10-EXT-TNQ-V410 > P10-EXT-AGT-A420C > P10-EXT-BMB-P410 > P10-EXT-TNQ-V420 > P10-EXT-AGT-A420 > P10-EXT-VLV-VSA420 > P10-EXT-TNQ-V420B > P10-EXT-TNQ-TK492 > P10-EXT-BMB-P492 > P10-EXT-VLV-SOV430 > P10-EXT-VLV-SOV426,P10-EXT-LGC-EXTRACCION,Ancestro Project P10-EXT-LGC-EXTRACCION aparece en 7 contenedores.,P10,P10-EXT-LGC-EXTRACCION,P10-EXT-EXT-M202,P10-EXT-LGC-BMB RECIRCULACION,P10-SRA-BMB-BO70,P10-SRA-BMB-JOCKEY,P10-SRA-BMB-BOIN,P10-SRA-BMB-DOSIF,P10-EXT-BMB-P439B,P10-PLL-BMB-BS03,,,,,,,,,,,,,,,,,,,,,,,,,,,,,,,,,,,,,,,,,,,,,,,,,,,,,,,,,,,,,,,,,,,,,,,hay más de un contenedor candidato
contenedor_duplicado,contenedor_por_ancestro_project,P10-EXT-BMB-P342,BOMBA DE ACEITE MINERAL,196,4,196,P10-EXT-LGC-RECUP GASES,P10-EXT-LGC-RECUP,P10-EXT-LGC-EXTRACCION > P10-EXT-LGC-RECUP,P10 > P10-EXT-LGC-EXTRACCION > P10-EXT-LGC-RECUP GASES,P10 > P10-EXT-LGC-EXTRACCION > P10-EXT-LGC-RECUP GASES > P10-EXT-BMB-P342,282497,a027b4da-4e9c-44ad-b607-5fb48d4c7061-00044f81,Cubiertas,,Genérico - 400 mm,Genérico - 400 mm,P10-EXT-LGC-BMB,P10 > P10-EXT-LGC-EXTRACCION > P10-EXT-EXT-M202 > P10-EXT-LGC-BMB RECIRCULACION > P10-SRA-BMB-BO70 > P10-SRA-BMB-JOCKEY > P10-SRA-BMB-BOIN > P10-SRA-BMB-DOSIF > P10-EXT-BMB-P439B > P10-PLL-BMB-BS03,contenedor_scoring,282497,a027b4da-4e9c-44ad-b607-5fb48d4c7061-00044f81,P10 > P10-EXT-LGC-EXTRACCION > P10-EXT-EXT-M202 > P10-EXT-LGC-BMB RECIRCULACION > P10-SRA-BMB-BO70 > P10-SRA-BMB-JOCKEY > P10-SRA-BMB-BOIN > P10-SRA-BMB-DOSIF > P10-EXT-BMB-P439B > P10-PLL-BMB-BS03,10,70,NO,200,200,0,ancestro_project_exacto_duplicado,282497:200:P10 > P10-EXT-LGC-EXTRACCION > P10-EXT-EXT-M202 > P10-EXT-LGC-BMB RECIRCULACION > P10-SRA-BMB-BO70 > P10-SRA-BMB-JOCKEY > P10-SRA-BMB-BOIN > P10-SRA-BMB-DOSIF > P10-EXT-BMB-P439B > P10-PLL-BMB-BS03 || 282656:200:P10 > P10-EXT-LGC-EXTRACCION > P10-EXT-TST-DT250 > P10-EXT-CND-HX303 > P10-EXT-LGC-VLV > P10-EXT-VLV-PRV259 > P10-EXT-VLV-PRV258 > P10-EXT-VLV-PRV260 > P10-EXT-MND-M250A > P10-EXT-RDC-RDT250 > P10-EXT-BMB-P250 > P10-EXT-TNQ-V480 > P10-EXT-BMB-P490 > P10-EXT-BMB-P481 > P10-EXT-BMB-P482 > P10-EXT-TNQ-V262 > P10-EXT-TNQ-V475 > P10-EXT-VLV-SOV250 > P10-EXT-VLV-RV255A > P10-EXT-VLV-RV255B > P10-EXT-VLV-RV256A > P10-EXT-VLV-RV256B > P10-EXT-VLV-RV257A > P10-EXT-VLV-RV257B > P10-EXT-VLV-RV258A > P10-EXT-VLV-RV258B > P10-EXT-VLV-RV259 > P10-EXT-VLV-RV260 > P10-EXT-VLV-SOV252 || 282755:200:P10 > P10-EXT-LGC-EXTRACCION > P10-EXT-EXT-M202 > P10-EXT-LGC-HIDROCICLONES > P10-EXT-HDR-HCP01 > P10-EXT-HDR-HCP02 > P10-EXT-HDR-HCP03 > P10-EXT-HDR-HCS01E > P10-EXT-HDR-HCS01O > P10-EXT-HDR-HCS02E > P10-EXT-HDR-HCS02O > P10-EXT-HDR-HCS03E > P10-EXT-HDR-HCS03O > P10-EXT-HDR-HCS04E > P10-EXT-HDR-HCS04O > P10-EXT-HDR-HCS05E > P10-EXT-HDR-HCS05O > P10-EXT-HDR-HCS06E > P10-EXT-HDR-HCS06O > P10-EXT-HDR-HCS07E > P10-EXT-HDR-HCS07O > P10-EXT-HDR-HCS08E > P10-EXT-HDR-HCS08O > P10-EXT-HDR-HCS09E > P10-EXT-HDR-HCS09O > P10-EXT-HDR-HCS10E > P10-EXT-HDR-HCS10O || 282804:200:P10 > P10-EXT-LGC-EXTRACCION > P10-EXT-LGC-RECUP GASES || 282896:200:P10 > P10-EXT-LGC-EXTRACCION > P10-EXT-LGC-SOLVENTE > P10-EXT-BMB-P336 > P10-EXT-BMB-P351 > P10-EXT-PRC-HX302 > P10-EXT-INT-V338 > P10-EXT-RHV-HX337 > P10-EXT-TNQ-V330 > P10-EXT-BMB-P331 > P10-EXT-BMB-P335 > P10-EXT-TNQ-V351 > P10-EXT-TNQ-TKD > P10-EXT-BMB-P335A > P10-EXT-AH101 > P10-EXT-AH103 > P10-EXT-AH102 > P10-EXT-AH105 > P10-EXT-AH104 || 282969:200:P10 > P10-EXT-LGC-EXTRACCION > P10-EXT-LGC-DESTILACION > P10-EXT-EVP-HX301 > P10-EXT-CND-HX305 > P10-EXT-CND-HX304 > P10-EXT-EVP-HX307 > P10-EXT-CND-HX308 > P10-EXT-EVP-HX309 > P10-EXT-BMB-P310 > P10-EXT-INT-HX314 > P10-EXT-STR-V311 > P10-EXT-BMB-P313B > P10-EXT-BMB-P313 > P10-EXT-CND-HX312 > P10-EXT-VLV-TCV-307 > P10-EXT-VLV-TCV-309 || 282997:200:P10 > P10-EXT-LGC-EXTRACCION > P10-EXT-LGC-DESGOMADO > P10-EXT-BMB-PSODA > P10-EXT-BMB-P435A > P10-EXT-CLT-HX445 > P10-EXT-DSG-C425 > P10-EXT-DSG-C430 > P10-EXT-DSG-C435 > P10-EXT-ENF-HX460 > P10-EXT-INT-HX440 > P10-EXT-BMB-P439 > P10-EXT-SCD-V450 > P10-EXT-BMB-P450 > P10-EXT-TNQ-V415 > P10-EXT-BMB-P415 > P10-EXT-TNQ-HX435 > P10-EXT-BMB-P435 > P10-EXT-TNQ-V495 > P10-EXT-BMB-P491 > P10-EXT-TNQ-V410 > P10-EXT-AGT-A420C > P10-EXT-BMB-P410 > P10-EXT-TNQ-V420 > P10-EXT-AGT-A420 > P10-EXT-VLV-VSA420 > P10-EXT-TNQ-V420B > P10-EXT-TNQ-TK492 > P10-EXT-BMB-P492 > P10-EXT-VLV-SOV430 > P10-EXT-VLV-SOV426,P10-EXT-LGC-EXTRACCION,Ancestro Project P10-EXT-LGC-EXTRACCION aparece en 7 contenedores.,P10,P10-EXT-LGC-EXTRACCION,P10-EXT-EXT-M202,P10-EXT-LGC-BMB RECIRCULACION,P10-SRA-BMB-BO70,P10-SRA-BMB-JOCKEY,P10-SRA-BMB-BOIN,P10-SRA-BMB-DOSIF,P10-EXT-BMB-P439B,P10-PLL-BMB-BS03,,,,,,,,,,,,,,,,,,,,,,,,,,,,,,,,,,,,,,,,,,,,,,,,,,,,,,,,,,,,,,,,,,,,,,,hay más de un contenedor candidato
contenedor_duplicado,contenedor_por_ancestro_project,P10-EXT-BMB-P346,BOMBA DE ACEITE MINERAL CALIENTE,197,4,197,P10-EXT-LGC-RECUP GASES,P10-EXT-LGC-RECUP,P10-EXT-LGC-EXTRACCION > P10-EXT-LGC-RECUP,P10 > P10-EXT-LGC-EXTRACCION > P10-EXT-LGC-RECUP GASES,P10 > P10-EXT-LGC-EXTRACCION > P10-EXT-LGC-RECUP GASES > P10-EXT-BMB-P346,282497,a027b4da-4e9c-44ad-b607-5fb48d4c7061-00044f81,Cubiertas,,Genérico - 400 mm,Genérico - 400 mm,P10-EXT-LGC-BMB,P10 > P10-EXT-LGC-EXTRACCION > P10-EXT-EXT-M202 > P10-EXT-LGC-BMB RECIRCULACION > P10-SRA-BMB-BO70 > P10-SRA-BMB-JOCKEY > P10-SRA-BMB-BOIN > P10-SRA-BMB-DOSIF > P10-EXT-BMB-P439B > P10-PLL-BMB-BS03,contenedor_scoring,282497,a027b4da-4e9c-44ad-b607-5fb48d4c7061-00044f81,P10 > P10-EXT-LGC-EXTRACCION > P10-EXT-EXT-M202 > P10-EXT-LGC-BMB RECIRCULACION > P10-SRA-BMB-BO70 > P10-SRA-BMB-JOCKEY > P10-SRA-BMB-BOIN > P10-SRA-BMB-DOSIF > P10-EXT-BMB-P439B > P10-PLL-BMB-BS03,10,70,NO,200,200,0,ancestro_project_exacto_duplicado,282497:200:P10 > P10-EXT-LGC-EXTRACCION > P10-EXT-EXT-M202 > P10-EXT-LGC-BMB RECIRCULACION > P10-SRA-BMB-BO70 > P10-SRA-BMB-JOCKEY > P10-SRA-BMB-BOIN > P10-SRA-BMB-DOSIF > P10-EXT-BMB-P439B > P10-PLL-BMB-BS03 || 282656:200:P10 > P10-EXT-LGC-EXTRACCION > P10-EXT-TST-DT250 > P10-EXT-CND-HX303 > P10-EXT-LGC-VLV > P10-EXT-VLV-PRV259 > P10-EXT-VLV-PRV258 > P10-EXT-VLV-PRV260 > P10-EXT-MND-M250A > P10-EXT-RDC-RDT250 > P10-EXT-BMB-P250 > P10-EXT-TNQ-V480 > P10-EXT-BMB-P490 > P10-EXT-BMB-P481 > P10-EXT-BMB-P482 > P10-EXT-TNQ-V262 > P10-EXT-TNQ-V475 > P10-EXT-VLV-SOV250 > P10-EXT-VLV-RV255A > P10-EXT-VLV-RV255B > P10-EXT-VLV-RV256A > P10-EXT-VLV-RV256B > P10-EXT-VLV-RV257A > P10-EXT-VLV-RV257B > P10-EXT-VLV-RV258A > P10-EXT-VLV-RV258B > P10-EXT-VLV-RV259 > P10-EXT-VLV-RV260 > P10-EXT-VLV-SOV252 || 282755:200:P10 > P10-EXT-LGC-EXTRACCION > P10-EXT-EXT-M202 > P10-EXT-LGC-HIDROCICLONES > P10-EXT-HDR-HCP01 > P10-EXT-HDR-HCP02 > P10-EXT-HDR-HCP03 > P10-EXT-HDR-HCS01E > P10-EXT-HDR-HCS01O > P10-EXT-HDR-HCS02E > P10-EXT-HDR-HCS02O > P10-EXT-HDR-HCS03E > P10-EXT-HDR-HCS03O > P10-EXT-HDR-HCS04E > P10-EXT-HDR-HCS04O > P10-EXT-HDR-HCS05E > P10-EXT-HDR-HCS05O > P10-EXT-HDR-HCS06E > P10-EXT-HDR-HCS06O > P10-EXT-HDR-HCS07E > P10-EXT-HDR-HCS07O > P10-EXT-HDR-HCS08E > P10-EXT-HDR-HCS08O > P10-EXT-HDR-HCS09E > P10-EXT-HDR-HCS09O > P10-EXT-HDR-HCS10E > P10-EXT-HDR-HCS10O || 282804:200:P10 > P10-EXT-LGC-EXTRACCION > P10-EXT-LGC-RECUP GASES || 282896:200:P10 > P10-EXT-LGC-EXTRACCION > P10-EXT-LGC-SOLVENTE > P10-EXT-BMB-P336 > P10-EXT-BMB-P351 > P10-EXT-PRC-HX302 > P10-EXT-INT-V338 > P10-EXT-RHV-HX337 > P10-EXT-TNQ-V330 > P10-EXT-BMB-P331 > P10-EXT-BMB-P335 > P10-EXT-TNQ-V351 > P10-EXT-TNQ-TKD > P10-EXT-BMB-P335A > P10-EXT-AH101 > P10-EXT-AH103 > P10-EXT-AH102 > P10-EXT-AH105 > P10-EXT-AH104 || 282969:200:P10 > P10-EXT-LGC-EXTRACCION > P10-EXT-LGC-DESTILACION > P10-EXT-EVP-HX301 > P10-EXT-CND-HX305 > P10-EXT-CND-HX304 > P10-EXT-EVP-HX307 > P10-EXT-CND-HX308 > P10-EXT-EVP-HX309 > P10-EXT-BMB-P310 > P10-EXT-INT-HX314 > P10-EXT-STR-V311 > P10-EXT-BMB-P313B > P10-EXT-BMB-P313 > P10-EXT-CND-HX312 > P10-EXT-VLV-TCV-307 > P10-EXT-VLV-TCV-309 || 282997:200:P10 > P10-EXT-LGC-EXTRACCION > P10-EXT-LGC-DESGOMADO > P10-EXT-BMB-PSODA > P10-EXT-BMB-P435A > P10-EXT-CLT-HX445 > P10-EXT-DSG-C425 > P10-EXT-DSG-C430 > P10-EXT-DSG-C435 > P10-EXT-ENF-HX460 > P10-EXT-INT-HX440 > P10-EXT-BMB-P439 > P10-EXT-SCD-V450 > P10-EXT-BMB-P450 > P10-EXT-TNQ-V415 > P10-EXT-BMB-P415 > P10-EXT-TNQ-HX435 > P10-EXT-BMB-P435 > P10-EXT-TNQ-V495 > P10-EXT-BMB-P491 > P10-EXT-TNQ-V410 > P10-EXT-AGT-A420C > P10-EXT-BMB-P410 > P10-EXT-TNQ-V420 > P10-EXT-AGT-A420 > P10-EXT-VLV-VSA420 > P10-EXT-TNQ-V420B > P10-EXT-TNQ-TK492 > P10-EXT-BMB-P492 > P10-EXT-VLV-SOV430 > P10-EXT-VLV-SOV426,P10-EXT-LGC-EXTRACCION,Ancestro Project P10-EXT-LGC-EXTRACCION aparece en 7 contenedores.,P10,P10-EXT-LGC-EXTRACCION,P10-EXT-EXT-M202,P10-EXT-LGC-BMB RECIRCULACION,P10-SRA-BMB-BO70,P10-SRA-BMB-JOCKEY,P10-SRA-BMB-BOIN,P10-SRA-BMB-DOSIF,P10-EXT-BMB-P439B,P10-PLL-BMB-BS03,,,,,,,,,,,,,,,,,,,,,,,,,,,,,,,,,,,,,,,,,,,,,,,,,,,,,,,,,,,,,,,,,,,,,,,hay más de un contenedor candidato
contenedor_duplicado,contenedor_por_ancestro_project,P10-EXT-CLT-HX344,CALENTADOR ACEITE MINERAL P10,198,4,198,P10-EXT-LGC-RECUP GASES,P10-EXT-LGC-RECUP,P10-EXT-LGC-EXTRACCION > P10-EXT-LGC-RECUP,P10 > P10-EXT-LGC-EXTRACCION > P10-EXT-LGC-RECUP GASES,P10 > P10-EXT-LGC-EXTRACCION > P10-EXT-LGC-RECUP GASES > P10-EXT-CLT-HX344 AC MIN,282497,a027b4da-4e9c-44ad-b607-5fb48d4c7061-00044f81,Cubiertas,,Genérico - 400 mm,Genérico - 400 mm,P10-EXT-LGC-BMB,P10 > P10-EXT-LGC-EXTRACCION > P10-EXT-EXT-M202 > P10-EXT-LGC-BMB RECIRCULACION > P10-SRA-BMB-BO70 > P10-SRA-BMB-JOCKEY > P10-SRA-BMB-BOIN > P10-SRA-BMB-DOSIF > P10-EXT-BMB-P439B > P10-PLL-BMB-BS03,contenedor_scoring,282497,a027b4da-4e9c-44ad-b607-5fb48d4c7061-00044f81,P10 > P10-EXT-LGC-EXTRACCION > P10-EXT-EXT-M202 > P10-EXT-LGC-BMB RECIRCULACION > P10-SRA-BMB-BO70 > P10-SRA-BMB-JOCKEY > P10-SRA-BMB-BOIN > P10-SRA-BMB-DOSIF > P10-EXT-BMB-P439B > P10-PLL-BMB-BS03,10,70,NO,200,200,0,ancestro_project_exacto_duplicado,282497:200:P10 > P10-EXT-LGC-EXTRACCION > P10-EXT-EXT-M202 > P10-EXT-LGC-BMB RECIRCULACION > P10-SRA-BMB-BO70 > P10-SRA-BMB-JOCKEY > P10-SRA-BMB-BOIN > P10-SRA-BMB-DOSIF > P10-EXT-BMB-P439B > P10-PLL-BMB-BS03 || 282656:200:P10 > P10-EXT-LGC-EXTRACCION > P10-EXT-TST-DT250 > P10-EXT-CND-HX303 > P10-EXT-LGC-VLV > P10-EXT-VLV-PRV259 > P10-EXT-VLV-PRV258 > P10-EXT-VLV-PRV260 > P10-EXT-MND-M250A > P10-EXT-RDC-RDT250 > P10-EXT-BMB-P250 > P10-EXT-TNQ-V480 > P10-EXT-BMB-P490 > P10-EXT-BMB-P481 > P10-EXT-BMB-P482 > P10-EXT-TNQ-V262 > P10-EXT-TNQ-V475 > P10-EXT-VLV-SOV250 > P10-EXT-VLV-RV255A > P10-EXT-VLV-RV255B > P10-EXT-VLV-RV256A > P10-EXT-VLV-RV256B > P10-EXT-VLV-RV257A > P10-EXT-VLV-RV257B > P10-EXT-VLV-RV258A > P10-EXT-VLV-RV258B > P10-EXT-VLV-RV259 > P10-EXT-VLV-RV260 > P10-EXT-VLV-SOV252 || 282755:200:P10 > P10-EXT-LGC-EXTRACCION > P10-EXT-EXT-M202 > P10-EXT-LGC-HIDROCICLONES > P10-EXT-HDR-HCP01 > P10-EXT-HDR-HCP02 > P10-EXT-HDR-HCP03 > P10-EXT-HDR-HCS01E > P10-EXT-HDR-HCS01O > P10-EXT-HDR-HCS02E > P10-EXT-HDR-HCS02O > P10-EXT-HDR-HCS03E > P10-EXT-HDR-HCS03O > P10-EXT-HDR-HCS04E > P10-EXT-HDR-HCS04O > P10-EXT-HDR-HCS05E > P10-EXT-HDR-HCS05O > P10-EXT-HDR-HCS06E > P10-EXT-HDR-HCS06O > P10-EXT-HDR-HCS07E > P10-EXT-HDR-HCS07O > P10-EXT-HDR-HCS08E > P10-EXT-HDR-HCS08O > P10-EXT-HDR-HCS09E > P10-EXT-HDR-HCS09O > P10-EXT-HDR-HCS10E > P10-EXT-HDR-HCS10O || 282804:200:P10 > P10-EXT-LGC-EXTRACCION > P10-EXT-LGC-RECUP GASES || 282896:200:P10 > P10-EXT-LGC-EXTRACCION > P10-EXT-LGC-SOLVENTE > P10-EXT-BMB-P336 > P10-EXT-BMB-P351 > P10-EXT-PRC-HX302 > P10-EXT-INT-V338 > P10-EXT-RHV-HX337 > P10-EXT-TNQ-V330 > P10-EXT-BMB-P331 > P10-EXT-BMB-P335 > P10-EXT-TNQ-V351 > P10-EXT-TNQ-TKD > P10-EXT-BMB-P335A > P10-EXT-AH101 > P10-EXT-AH103 > P10-EXT-AH102 > P10-EXT-AH105 > P10-EXT-AH104 || 282969:200:P10 > P10-EXT-LGC-EXTRACCION > P10-EXT-LGC-DESTILACION > P10-EXT-EVP-HX301 > P10-EXT-CND-HX305 > P10-EXT-CND-HX304 > P10-EXT-EVP-HX307 > P10-EXT-CND-HX308 > P10-EXT-EVP-HX309 > P10-EXT-BMB-P310 > P10-EXT-INT-HX314 > P10-EXT-STR-V311 > P10-EXT-BMB-P313B > P10-EXT-BMB-P313 > P10-EXT-CND-HX312 > P10-EXT-VLV-TCV-307 > P10-EXT-VLV-TCV-309 || 282997:200:P10 > P10-EXT-LGC-EXTRACCION > P10-EXT-LGC-DESGOMADO > P10-EXT-BMB-PSODA > P10-EXT-BMB-P435A > P10-EXT-CLT-HX445 > P10-EXT-DSG-C425 > P10-EXT-DSG-C430 > P10-EXT-DSG-C435 > P10-EXT-ENF-HX460 > P10-EXT-INT-HX440 > P10-EXT-BMB-P439 > P10-EXT-SCD-V450 > P10-EXT-BMB-P450 > P10-EXT-TNQ-V415 > P10-EXT-BMB-P415 > P10-EXT-TNQ-HX435 > P10-EXT-BMB-P435 > P10-EXT-TNQ-V495 > P10-EXT-BMB-P491 > P10-EXT-TNQ-V410 > P10-EXT-AGT-A420C > P10-EXT-BMB-P410 > P10-EXT-TNQ-V420 > P10-EXT-AGT-A420 > P10-EXT-VLV-VSA420 > P10-EXT-TNQ-V420B > P10-EXT-TNQ-TK492 > P10-EXT-BMB-P492 > P10-EXT-VLV-SOV430 > P10-EXT-VLV-SOV426,P10-EXT-LGC-EXTRACCION,Ancestro Project P10-EXT-LGC-EXTRACCION aparece en 7 contenedores.,P10,P10-EXT-LGC-EXTRACCION,P10-EXT-EXT-M202,P10-EXT-LGC-BMB RECIRCULACION,P10-SRA-BMB-BO70,P10-SRA-BMB-JOCKEY,P10-SRA-BMB-BOIN,P10-SRA-BMB-DOSIF,P10-EXT-BMB-P439B,P10-PLL-BMB-BS03,,,,,,,,,,,,,,,,,,,,,,,,,,,,,,,,,,,,,,,,,,,,,,,,,,,,,,,,,,,,,,,,,,,,,,,hay más de un contenedor candidato
contenedor_duplicado,contenedor_por_ancestro_project,P10-EXT-CND-HX340,CONDENSADOR VENTEO P10,199,4,199,P10-EXT-LGC-RECUP GASES,P10-EXT-LGC-RECUP,P10-EXT-LGC-EXTRACCION > P10-EXT-LGC-RECUP,P10 > P10-EXT-LGC-EXTRACCION > P10-EXT-LGC-RECUP GASES,P10 > P10-EXT-LGC-EXTRACCION > P10-EXT-LGC-RECUP GASES > P10-EXT-CND-HX340 VENTEO,282497,a027b4da-4e9c-44ad-b607-5fb48d4c7061-00044f81,Cubiertas,,Genérico - 400 mm,Genérico - 400 mm,P10-EXT-LGC-BMB,P10 > P10-EXT-LGC-EXTRACCION > P10-EXT-EXT-M202 > P10-EXT-LGC-BMB RECIRCULACION > P10-SRA-BMB-BO70 > P10-SRA-BMB-JOCKEY > P10-SRA-BMB-BOIN > P10-SRA-BMB-DOSIF > P10-EXT-BMB-P439B > P10-PLL-BMB-BS03,contenedor_scoring,282497,a027b4da-4e9c-44ad-b607-5fb48d4c7061-00044f81,P10 > P10-EXT-LGC-EXTRACCION > P10-EXT-EXT-M202 > P10-EXT-LGC-BMB RECIRCULACION > P10-SRA-BMB-BO70 > P10-SRA-BMB-JOCKEY > P10-SRA-BMB-BOIN > P10-SRA-BMB-DOSIF > P10-EXT-BMB-P439B > P10-PLL-BMB-BS03,10,70,NO,200,200,0,ancestro_project_exacto_duplicado,282497:200:P10 > P10-EXT-LGC-EXTRACCION > P10-EXT-EXT-M202 > P10-EXT-LGC-BMB RECIRCULACION > P10-SRA-BMB-BO70 > P10-SRA-BMB-JOCKEY > P10-SRA-BMB-BOIN > P10-SRA-BMB-DOSIF > P10-EXT-BMB-P439B > P10-PLL-BMB-BS03 || 282656:200:P10 > P10-EXT-LGC-EXTRACCION > P10-EXT-TST-DT250 > P10-EXT-CND-HX303 > P10-EXT-LGC-VLV > P10-EXT-VLV-PRV259 > P10-EXT-VLV-PRV258 > P10-EXT-VLV-PRV260 > P10-EXT-MND-M250A > P10-EXT-RDC-RDT250 > P10-EXT-BMB-P250 > P10-EXT-TNQ-V480 > P10-EXT-BMB-P490 > P10-EXT-BMB-P481 > P10-EXT-BMB-P482 > P10-EXT-TNQ-V262 > P10-EXT-TNQ-V475 > P10-EXT-VLV-SOV250 > P10-EXT-VLV-RV255A > P10-EXT-VLV-RV255B > P10-EXT-VLV-RV256A > P10-EXT-VLV-RV256B > P10-EXT-VLV-RV257A > P10-EXT-VLV-RV257B > P10-EXT-VLV-RV258A > P10-EXT-VLV-RV258B > P10-EXT-VLV-RV259 > P10-EXT-VLV-RV260 > P10-EXT-VLV-SOV252 || 282755:200:P10 > P10-EXT-LGC-EXTRACCION > P10-EXT-EXT-M202 > P10-EXT-LGC-HIDROCICLONES > P10-EXT-HDR-HCP01 > P10-EXT-HDR-HCP02 > P10-EXT-HDR-HCP03 > P10-EXT-HDR-HCS01E > P10-EXT-HDR-HCS01O > P10-EXT-HDR-HCS02E > P10-EXT-HDR-HCS02O > P10-EXT-HDR-HCS03E > P10-EXT-HDR-HCS03O > P10-EXT-HDR-HCS04E > P10-EXT-HDR-HCS04O > P10-EXT-HDR-HCS05E > P10-EXT-HDR-HCS05O > P10-EXT-HDR-HCS06E > P10-EXT-HDR-HCS06O > P10-EXT-HDR-HCS07E > P10-EXT-HDR-HCS07O > P10-EXT-HDR-HCS08E > P10-EXT-HDR-HCS08O > P10-EXT-HDR-HCS09E > P10-EXT-HDR-HCS09O > P10-EXT-HDR-HCS10E > P10-EXT-HDR-HCS10O || 282804:200:P10 > P10-EXT-LGC-EXTRACCION > P10-EXT-LGC-RECUP GASES || 282896:200:P10 > P10-EXT-LGC-EXTRACCION > P10-EXT-LGC-SOLVENTE > P10-EXT-BMB-P336 > P10-EXT-BMB-P351 > P10-EXT-PRC-HX302 > P10-EXT-INT-V338 > P10-EXT-RHV-HX337 > P10-EXT-TNQ-V330 > P10-EXT-BMB-P331 > P10-EXT-BMB-P335 > P10-EXT-TNQ-V351 > P10-EXT-TNQ-TKD > P10-EXT-BMB-P335A > P10-EXT-AH101 > P10-EXT-AH103 > P10-EXT-AH102 > P10-EXT-AH105 > P10-EXT-AH104 || 282969:200:P10 > P10-EXT-LGC-EXTRACCION > P10-EXT-LGC-DESTILACION > P10-EXT-EVP-HX301 > P10-EXT-CND-HX305 > P10-EXT-CND-HX304 > P10-EXT-EVP-HX307 > P10-EXT-CND-HX308 > P10-EXT-EVP-HX309 > P10-EXT-BMB-P310 > P10-EXT-INT-HX314 > P10-EXT-STR-V311 > P10-EXT-BMB-P313B > P10-EXT-BMB-P313 > P10-EXT-CND-HX312 > P10-EXT-VLV-TCV-307 > P10-EXT-VLV-TCV-309 || 282997:200:P10 > P10-EXT-LGC-EXTRACCION > P10-EXT-LGC-DESGOMADO > P10-EXT-BMB-PSODA > P10-EXT-BMB-P435A > P10-EXT-CLT-HX445 > P10-EXT-DSG-C425 > P10-EXT-DSG-C430 > P10-EXT-DSG-C435 > P10-EXT-ENF-HX460 > P10-EXT-INT-HX440 > P10-EXT-BMB-P439 > P10-EXT-SCD-V450 > P10-EXT-BMB-P450 > P10-EXT-TNQ-V415 > P10-EXT-BMB-P415 > P10-EXT-TNQ-HX435 > P10-EXT-BMB-P435 > P10-EXT-TNQ-V495 > P10-EXT-BMB-P491 > P10-EXT-TNQ-V410 > P10-EXT-AGT-A420C > P10-EXT-BMB-P410 > P10-EXT-TNQ-V420 > P10-EXT-AGT-A420 > P10-EXT-VLV-VSA420 > P10-EXT-TNQ-V420B > P10-EXT-TNQ-TK492 > P10-EXT-BMB-P492 > P10-EXT-VLV-SOV430 > P10-EXT-VLV-SOV426,P10-EXT-LGC-EXTRACCION,Ancestro Project P10-EXT-LGC-EXTRACCION aparece en 7 contenedores.,P10,P10-EXT-LGC-EXTRACCION,P10-EXT-EXT-M202,P10-EXT-LGC-BMB RECIRCULACION,P10-SRA-BMB-BO70,P10-SRA-BMB-JOCKEY,P10-SRA-BMB-BOIN,P10-SRA-BMB-DOSIF,P10-EXT-BMB-P439B,P10-PLL-BMB-BS03,,,,,,,,,,,,,,,,,,,,,,,,,,,,,,,,,,,,,,,,,,,,,,,,,,,,,,,,,,,,,,,,,,,,,,,hay más de un contenedor candidato
contenedor_duplicado,contenedor_por_ancestro_project,P10-EXT-ENF-HX347,ENFRIADOR ACEITE MINERAL P10,200,4,200,P10-EXT-LGC-RECUP GASES,P10-EXT-LGC-RECUP,P10-EXT-LGC-EXTRACCION > P10-EXT-LGC-RECUP,P10 > P10-EXT-LGC-EXTRACCION > P10-EXT-LGC-RECUP GASES,P10 > P10-EXT-LGC-EXTRACCION > P10-EXT-LGC-RECUP GASES > P10-EXT-ENF-HX347 AC MIN,282497,a027b4da-4e9c-44ad-b607-5fb48d4c7061-00044f81,Cubiertas,,Genérico - 400 mm,Genérico - 400 mm,P10-EXT-LGC-BMB,P10 > P10-EXT-LGC-EXTRACCION > P10-EXT-EXT-M202 > P10-EXT-LGC-BMB RECIRCULACION > P10-SRA-BMB-BO70 > P10-SRA-BMB-JOCKEY > P10-SRA-BMB-BOIN > P10-SRA-BMB-DOSIF > P10-EXT-BMB-P439B > P10-PLL-BMB-BS03,contenedor_scoring,282497,a027b4da-4e9c-44ad-b607-5fb48d4c7061-00044f81,P10 > P10-EXT-LGC-EXTRACCION > P10-EXT-EXT-M202 > P10-EXT-LGC-BMB RECIRCULACION > P10-SRA-BMB-BO70 > P10-SRA-BMB-JOCKEY > P10-SRA-BMB-BOIN > P10-SRA-BMB-DOSIF > P10-EXT-BMB-P439B > P10-PLL-BMB-BS03,10,70,NO,200,200,0,ancestro_project_exacto_duplicado,282497:200:P10 > P10-EXT-LGC-EXTRACCION > P10-EXT-EXT-M202 > P10-EXT-LGC-BMB RECIRCULACION > P10-SRA-BMB-BO70 > P10-SRA-BMB-JOCKEY > P10-SRA-BMB-BOIN > P10-SRA-BMB-DOSIF > P10-EXT-BMB-P439B > P10-PLL-BMB-BS03 || 282656:200:P10 > P10-EXT-LGC-EXTRACCION > P10-EXT-TST-DT250 > P10-EXT-CND-HX303 > P10-EXT-LGC-VLV > P10-EXT-VLV-PRV259 > P10-EXT-VLV-PRV258 > P10-EXT-VLV-PRV260 > P10-EXT-MND-M250A > P10-EXT-RDC-RDT250 > P10-EXT-BMB-P250 > P10-EXT-TNQ-V480 > P10-EXT-BMB-P490 > P10-EXT-BMB-P481 > P10-EXT-BMB-P482 > P10-EXT-TNQ-V262 > P10-EXT-TNQ-V475 > P10-EXT-VLV-SOV250 > P10-EXT-VLV-RV255A > P10-EXT-VLV-RV255B > P10-EXT-VLV-RV256A > P10-EXT-VLV-RV256B > P10-EXT-VLV-RV257A > P10-EXT-VLV-RV257B > P10-EXT-VLV-RV258A > P10-EXT-VLV-RV258B > P10-EXT-VLV-RV259 > P10-EXT-VLV-RV260 > P10-EXT-VLV-SOV252 || 282755:200:P10 > P10-EXT-LGC-EXTRACCION > P10-EXT-EXT-M202 > P10-EXT-LGC-HIDROCICLONES > P10-EXT-HDR-HCP01 > P10-EXT-HDR-HCP02 > P10-EXT-HDR-HCP03 > P10-EXT-HDR-HCS01E > P10-EXT-HDR-HCS01O > P10-EXT-HDR-HCS02E > P10-EXT-HDR-HCS02O > P10-EXT-HDR-HCS03E > P10-EXT-HDR-HCS03O > P10-EXT-HDR-HCS04E > P10-EXT-HDR-HCS04O > P10-EXT-HDR-HCS05E > P10-EXT-HDR-HCS05O > P10-EXT-HDR-HCS06E > P10-EXT-HDR-HCS06O > P10-EXT-HDR-HCS07E > P10-EXT-HDR-HCS07O > P10-EXT-HDR-HCS08E > P10-EXT-HDR-HCS08O > P10-EXT-HDR-HCS09E > P10-EXT-HDR-HCS09O > P10-EXT-HDR-HCS10E > P10-EXT-HDR-HCS10O || 282804:200:P10 > P10-EXT-LGC-EXTRACCION > P10-EXT-LGC-RECUP GASES || 282896:200:P10 > P10-EXT-LGC-EXTRACCION > P10-EXT-LGC-SOLVENTE > P10-EXT-BMB-P336 > P10-EXT-BMB-P351 > P10-EXT-PRC-HX302 > P10-EXT-INT-V338 > P10-EXT-RHV-HX337 > P10-EXT-TNQ-V330 > P10-EXT-BMB-P331 > P10-EXT-BMB-P335 > P10-EXT-TNQ-V351 > P10-EXT-TNQ-TKD > P10-EXT-BMB-P335A > P10-EXT-AH101 > P10-EXT-AH103 > P10-EXT-AH102 > P10-EXT-AH105 > P10-EXT-AH104 || 282969:200:P10 > P10-EXT-LGC-EXTRACCION > P10-EXT-LGC-DESTILACION > P10-EXT-EVP-HX301 > P10-EXT-CND-HX305 > P10-EXT-CND-HX304 > P10-EXT-EVP-HX307 > P10-EXT-CND-HX308 > P10-EXT-EVP-HX309 > P10-EXT-BMB-P310 > P10-EXT-INT-HX314 > P10-EXT-STR-V311 > P10-EXT-BMB-P313B > P10-EXT-BMB-P313 > P10-EXT-CND-HX312 > P10-EXT-VLV-TCV-307 > P10-EXT-VLV-TCV-309 || 282997:200:P10 > P10-EXT-LGC-EXTRACCION > P10-EXT-LGC-DESGOMADO > P10-EXT-BMB-PSODA > P10-EXT-BMB-P435A > P10-EXT-CLT-HX445 > P10-EXT-DSG-C425 > P10-EXT-DSG-C430 > P10-EXT-DSG-C435 > P10-EXT-ENF-HX460 > P10-EXT-INT-HX440 > P10-EXT-BMB-P439 > P10-EXT-SCD-V450 > P10-EXT-BMB-P450 > P10-EXT-TNQ-V415 > P10-EXT-BMB-P415 > P10-EXT-TNQ-HX435 > P10-EXT-BMB-P435 > P10-EXT-TNQ-V495 > P10-EXT-BMB-P491 > P10-EXT-TNQ-V410 > P10-EXT-AGT-A420C > P10-EXT-BMB-P410 > P10-EXT-TNQ-V420 > P10-EXT-AGT-A420 > P10-EXT-VLV-VSA420 > P10-EXT-TNQ-V420B > P10-EXT-TNQ-TK492 > P10-EXT-BMB-P492 > P10-EXT-VLV-SOV430 > P10-EXT-VLV-SOV426,P10-EXT-LGC-EXTRACCION,Ancestro Project P10-EXT-LGC-EXTRACCION aparece en 7 contenedores.,P10,P10-EXT-LGC-EXTRACCION,P10-EXT-EXT-M202,P10-EXT-LGC-BMB RECIRCULACION,P10-SRA-BMB-BO70,P10-SRA-BMB-JOCKEY,P10-SRA-BMB-BOIN,P10-SRA-BMB-DOSIF,P10-EXT-BMB-P439B,P10-PLL-BMB-BS03,,,,,,,,,,,,,,,,,,,,,,,,,,,,,,,,,,,,,,,,,,,,,,,,,,,,,,,,,,,,,,,,,,,,,,,hay más de un contenedor candidato
contenedor_duplicado,contenedor_por_ancestro_project,P10-EXT-INT-HX343,INTERC. ACEITE/ ACEITE MINERAL P10,201,4,201,P10-EXT-LGC-RECUP GASES,P10-EXT-LGC-RECUP,P10-EXT-LGC-EXTRACCION > P10-EXT-LGC-RECUP,P10 > P10-EXT-LGC-EXTRACCION > P10-EXT-LGC-RECUP GASES,P10 > P10-EXT-LGC-EXTRACCION > P10-EXT-LGC-RECUP GASES > P10-EXT-INT-HX343 AC/AC MIN,282497,a027b4da-4e9c-44ad-b607-5fb48d4c7061-00044f81,Cubiertas,,Genérico - 400 mm,Genérico - 400 mm,P10-EXT-LGC-BMB,P10 > P10-EXT-LGC-EXTRACCION > P10-EXT-EXT-M202 > P10-EXT-LGC-BMB RECIRCULACION > P10-SRA-BMB-BO70 > P10-SRA-BMB-JOCKEY > P10-SRA-BMB-BOIN > P10-SRA-BMB-DOSIF > P10-EXT-BMB-P439B > P10-PLL-BMB-BS03,contenedor_scoring,282497,a027b4da-4e9c-44ad-b607-5fb48d4c7061-00044f81,P10 > P10-EXT-LGC-EXTRACCION > P10-EXT-EXT-M202 > P10-EXT-LGC-BMB RECIRCULACION > P10-SRA-BMB-BO70 > P10-SRA-BMB-JOCKEY > P10-SRA-BMB-BOIN > P10-SRA-BMB-DOSIF > P10-EXT-BMB-P439B > P10-PLL-BMB-BS03,10,70,NO,200,200,0,ancestro_project_exacto_duplicado,282497:200:P10 > P10-EXT-LGC-EXTRACCION > P10-EXT-EXT-M202 > P10-EXT-LGC-BMB RECIRCULACION > P10-SRA-BMB-BO70 > P10-SRA-BMB-JOCKEY > P10-SRA-BMB-BOIN > P10-SRA-BMB-DOSIF > P10-EXT-BMB-P439B > P10-PLL-BMB-BS03 || 282656:200:P10 > P10-EXT-LGC-EXTRACCION > P10-EXT-TST-DT250 > P10-EXT-CND-HX303 > P10-EXT-LGC-VLV > P10-EXT-VLV-PRV259 > P10-EXT-VLV-PRV258 > P10-EXT-VLV-PRV260 > P10-EXT-MND-M250A > P10-EXT-RDC-RDT250 > P10-EXT-BMB-P250 > P10-EXT-TNQ-V480 > P10-EXT-BMB-P490 > P10-EXT-BMB-P481 > P10-EXT-BMB-P482 > P10-EXT-TNQ-V262 > P10-EXT-TNQ-V475 > P10-EXT-VLV-SOV250 > P10-EXT-VLV-RV255A > P10-EXT-VLV-RV255B > P10-EXT-VLV-RV256A > P10-EXT-VLV-RV256B > P10-EXT-VLV-RV257A > P10-EXT-VLV-RV257B > P10-EXT-VLV-RV258A > P10-EXT-VLV-RV258B > P10-EXT-VLV-RV259 > P10-EXT-VLV-RV260 > P10-EXT-VLV-SOV252 || 282755:200:P10 > P10-EXT-LGC-EXTRACCION > P10-EXT-EXT-M202 > P10-EXT-LGC-HIDROCICLONES > P10-EXT-HDR-HCP01 > P10-EXT-HDR-HCP02 > P10-EXT-HDR-HCP03 > P10-EXT-HDR-HCS01E > P10-EXT-HDR-HCS01O > P10-EXT-HDR-HCS02E > P10-EXT-HDR-HCS02O > P10-EXT-HDR-HCS03E > P10-EXT-HDR-HCS03O > P10-EXT-HDR-HCS04E > P10-EXT-HDR-HCS04O > P10-EXT-HDR-HCS05E > P10-EXT-HDR-HCS05O > P10-EXT-HDR-HCS06E > P10-EXT-HDR-HCS06O > P10-EXT-HDR-HCS07E > P10-EXT-HDR-HCS07O > P10-EXT-HDR-HCS08E > P10-EXT-HDR-HCS08O > P10-EXT-HDR-HCS09E > P10-EXT-HDR-HCS09O > P10-EXT-HDR-HCS10E > P10-EXT-HDR-HCS10O || 282804:200:P10 > P10-EXT-LGC-EXTRACCION > P10-EXT-LGC-RECUP GASES || 282896:200:P10 > P10-EXT-LGC-EXTRACCION > P10-EXT-LGC-SOLVENTE > P10-EXT-BMB-P336 > P10-EXT-BMB-P351 > P10-EXT-PRC-HX302 > P10-EXT-INT-V338 > P10-EXT-RHV-HX337 > P10-EXT-TNQ-V330 > P10-EXT-BMB-P331 > P10-EXT-BMB-P335 > P10-EXT-TNQ-V351 > P10-EXT-TNQ-TKD > P10-EXT-BMB-P335A > P10-EXT-AH101 > P10-EXT-AH103 > P10-EXT-AH102 > P10-EXT-AH105 > P10-EXT-AH104 || 282969:200:P10 > P10-EXT-LGC-EXTRACCION > P10-EXT-LGC-DESTILACION > P10-EXT-EVP-HX301 > P10-EXT-CND-HX305 > P10-EXT-CND-HX304 > P10-EXT-EVP-HX307 > P10-EXT-CND-HX308 > P10-EXT-EVP-HX309 > P10-EXT-BMB-P310 > P10-EXT-INT-HX314 > P10-EXT-STR-V311 > P10-EXT-BMB-P313B > P10-EXT-BMB-P313 > P10-EXT-CND-HX312 > P10-EXT-VLV-TCV-307 > P10-EXT-VLV-TCV-309 || 282997:200:P10 > P10-EXT-LGC-EXTRACCION > P10-EXT-LGC-DESGOMADO > P10-EXT-BMB-PSODA > P10-EXT-BMB-P435A > P10-EXT-CLT-HX445 > P10-EXT-DSG-C425 > P10-EXT-DSG-C430 > P10-EXT-DSG-C435 > P10-EXT-ENF-HX460 > P10-EXT-INT-HX440 > P10-EXT-BMB-P439 > P10-EXT-SCD-V450 > P10-EXT-BMB-P450 > P10-EXT-TNQ-V415 > P10-EXT-BMB-P415 > P10-EXT-TNQ-HX435 > P10-EXT-BMB-P435 > P10-EXT-TNQ-V495 > P10-EXT-BMB-P491 > P10-EXT-TNQ-V410 > P10-EXT-AGT-A420C > P10-EXT-BMB-P410 > P10-EXT-TNQ-V420 > P10-EXT-AGT-A420 > P10-EXT-VLV-VSA420 > P10-EXT-TNQ-V420B > P10-EXT-TNQ-TK492 > P10-EXT-BMB-P492 > P10-EXT-VLV-SOV430 > P10-EXT-VLV-SOV426,P10-EXT-LGC-EXTRACCION,Ancestro Project P10-EXT-LGC-EXTRACCION aparece en 7 contenedores.,P10,P10-EXT-LGC-EXTRACCION,P10-EXT-EXT-M202,P10-EXT-LGC-BMB RECIRCULACION,P10-SRA-BMB-BO70,P10-SRA-BMB-JOCKEY,P10-SRA-BMB-BOIN,P10-SRA-BMB-DOSIF,P10-EXT-BMB-P439B,P10-PLL-BMB-BS03,,,,,,,,,,,,,,,,,,,,,,,,,,,,,,,,,,,,,,,,,,,,,,,,,,,,,,,,,,,,,,,,,,,,,,,hay más de un contenedor candidato
contenedor_duplicado,contenedor_por_ancestro_project,P10-EXT-STR-V345,STRIPER ACEITE MINERAL,202,4,202,P10-EXT-LGC-RECUP GASES,P10-EXT-LGC-RECUP,P10-EXT-LGC-EXTRACCION > P10-EXT-LGC-RECUP,P10 > P10-EXT-LGC-EXTRACCION > P10-EXT-LGC-RECUP GASES,P10 > P10-EXT-LGC-EXTRACCION > P10-EXT-LGC-RECUP GASES > P10-EXT-STR-V345 STRIP MIN,282497,a027b4da-4e9c-44ad-b607-5fb48d4c7061-00044f81,Cubiertas,,Genérico - 400 mm,Genérico - 400 mm,P10-EXT-LGC-BMB,P10 > P10-EXT-LGC-EXTRACCION > P10-EXT-EXT-M202 > P10-EXT-LGC-BMB RECIRCULACION > P10-SRA-BMB-BO70 > P10-SRA-BMB-JOCKEY > P10-SRA-BMB-BOIN > P10-SRA-BMB-DOSIF > P10-EXT-BMB-P439B > P10-PLL-BMB-BS03,contenedor_scoring,282497,a027b4da-4e9c-44ad-b607-5fb48d4c7061-00044f81,P10 > P10-EXT-LGC-EXTRACCION > P10-EXT-EXT-M202 > P10-EXT-LGC-BMB RECIRCULACION > P10-SRA-BMB-BO70 > P10-SRA-BMB-JOCKEY > P10-SRA-BMB-BOIN > P10-SRA-BMB-DOSIF > P10-EXT-BMB-P439B > P10-PLL-BMB-BS03,10,70,NO,200,200,0,ancestro_project_exacto_duplicado,282497:200:P10 > P10-EXT-LGC-EXTRACCION > P10-EXT-EXT-M202 > P10-EXT-LGC-BMB RECIRCULACION > P10-SRA-BMB-BO70 > P10-SRA-BMB-JOCKEY > P10-SRA-BMB-BOIN > P10-SRA-BMB-DOSIF > P10-EXT-BMB-P439B > P10-PLL-BMB-BS03 || 282656:200:P10 > P10-EXT-LGC-EXTRACCION > P10-EXT-TST-DT250 > P10-EXT-CND-HX303 > P10-EXT-LGC-VLV > P10-EXT-VLV-PRV259 > P10-EXT-VLV-PRV258 > P10-EXT-VLV-PRV260 > P10-EXT-MND-M250A > P10-EXT-RDC-RDT250 > P10-EXT-BMB-P250 > P10-EXT-TNQ-V480 > P10-EXT-BMB-P490 > P10-EXT-BMB-P481 > P10-EXT-BMB-P482 > P10-EXT-TNQ-V262 > P10-EXT-TNQ-V475 > P10-EXT-VLV-SOV250 > P10-EXT-VLV-RV255A > P10-EXT-VLV-RV255B > P10-EXT-VLV-RV256A > P10-EXT-VLV-RV256B > P10-EXT-VLV-RV257A > P10-EXT-VLV-RV257B > P10-EXT-VLV-RV258A > P10-EXT-VLV-RV258B > P10-EXT-VLV-RV259 > P10-EXT-VLV-RV260 > P10-EXT-VLV-SOV252 || 282755:200:P10 > P10-EXT-LGC-EXTRACCION > P10-EXT-EXT-M202 > P10-EXT-LGC-HIDROCICLONES > P10-EXT-HDR-HCP01 > P10-EXT-HDR-HCP02 > P10-EXT-HDR-HCP03 > P10-EXT-HDR-HCS01E > P10-EXT-HDR-HCS01O > P10-EXT-HDR-HCS02E > P10-EXT-HDR-HCS02O > P10-EXT-HDR-HCS03E > P10-EXT-HDR-HCS03O > P10-EXT-HDR-HCS04E > P10-EXT-HDR-HCS04O > P10-EXT-HDR-HCS05E > P10-EXT-HDR-HCS05O > P10-EXT-HDR-HCS06E > P10-EXT-HDR-HCS06O > P10-EXT-HDR-HCS07E > P10-EXT-HDR-HCS07O > P10-EXT-HDR-HCS08E > P10-EXT-HDR-HCS08O > P10-EXT-HDR-HCS09E > P10-EXT-HDR-HCS09O > P10-EXT-HDR-HCS10E > P10-EXT-HDR-HCS10O || 282804:200:P10 > P10-EXT-LGC-EXTRACCION > P10-EXT-LGC-RECUP GASES || 282896:200:P10 > P10-EXT-LGC-EXTRACCION > P10-EXT-LGC-SOLVENTE > P10-EXT-BMB-P336 > P10-EXT-BMB-P351 > P10-EXT-PRC-HX302 > P10-EXT-INT-V338 > P10-EXT-RHV-HX337 > P10-EXT-TNQ-V330 > P10-EXT-BMB-P331 > P10-EXT-BMB-P335 > P10-EXT-TNQ-V351 > P10-EXT-TNQ-TKD > P10-EXT-BMB-P335A > P10-EXT-AH101 > P10-EXT-AH103 > P10-EXT-AH102 > P10-EXT-AH105 > P10-EXT-AH104 || 282969:200:P10 > P10-EXT-LGC-EXTRACCION > P10-EXT-LGC-DESTILACION > P10-EXT-EVP-HX301 > P10-EXT-CND-HX305 > P10-EXT-CND-HX304 > P10-EXT-EVP-HX307 > P10-EXT-CND-HX308 > P10-EXT-EVP-HX309 > P10-EXT-BMB-P310 > P10-EXT-INT-HX314 > P10-EXT-STR-V311 > P10-EXT-BMB-P313B > P10-EXT-BMB-P313 > P10-EXT-CND-HX312 > P10-EXT-VLV-TCV-307 > P10-EXT-VLV-TCV-309 || 282997:200:P10 > P10-EXT-LGC-EXTRACCION > P10-EXT-LGC-DESGOMADO > P10-EXT-BMB-PSODA > P10-EXT-BMB-P435A > P10-EXT-CLT-HX445 > P10-EXT-DSG-C425 > P10-EXT-DSG-C430 > P10-EXT-DSG-C435 > P10-EXT-ENF-HX460 > P10-EXT-INT-HX440 > P10-EXT-BMB-P439 > P10-EXT-SCD-V450 > P10-EXT-BMB-P450 > P10-EXT-TNQ-V415 > P10-EXT-BMB-P415 > P10-EXT-TNQ-HX435 > P10-EXT-BMB-P435 > P10-EXT-TNQ-V495 > P10-EXT-BMB-P491 > P10-EXT-TNQ-V410 > P10-EXT-AGT-A420C > P10-EXT-BMB-P410 > P10-EXT-TNQ-V420 > P10-EXT-AGT-A420 > P10-EXT-VLV-VSA420 > P10-EXT-TNQ-V420B > P10-EXT-TNQ-TK492 > P10-EXT-BMB-P492 > P10-EXT-VLV-SOV430 > P10-EXT-VLV-SOV426,P10-EXT-LGC-EXTRACCION,Ancestro Project P10-EXT-LGC-EXTRACCION aparece en 7 contenedores.,P10,P10-EXT-LGC-EXTRACCION,P10-EXT-EXT-M202,P10-EXT-LGC-BMB RECIRCULACION,P10-SRA-BMB-BO70,P10-SRA-BMB-JOCKEY,P10-SRA-BMB-BOIN,P10-SRA-BMB-DOSIF,P10-EXT-BMB-P439B,P10-PLL-BMB-BS03,,,,,,,,,,,,,,,,,,,,,,,,,,,,,,,,,,,,,,,,,,,,,,,,,,,,,,,,,,,,,,,,,,,,,,,hay más de un contenedor candidato
contenedor_duplicado,contenedor_por_ancestro_project,P10-EXT-VNT-P348,VENTILADOR DE GASES,203,4,203,P10-EXT-LGC-RECUP GASES,P10-EXT-LGC-RECUP,P10-EXT-LGC-EXTRACCION > P10-EXT-LGC-RECUP,P10 > P10-EXT-LGC-EXTRACCION > P10-EXT-LGC-RECUP GASES,P10 > P10-EXT-LGC-EXTRACCION > P10-EXT-LGC-RECUP GASES > P10-EXT-VNT-P348,282497,a027b4da-4e9c-44ad-b607-5fb48d4c7061-00044f81,Cubiertas,,Genérico - 400 mm,Genérico - 400 mm,P10-EXT-LGC-BMB,P10 > P10-EXT-LGC-EXTRACCION > P10-EXT-EXT-M202 > P10-EXT-LGC-BMB RECIRCULACION > P10-SRA-BMB-BO70 > P10-SRA-BMB-JOCKEY > P10-SRA-BMB-BOIN > P10-SRA-BMB-DOSIF > P10-EXT-BMB-P439B > P10-PLL-BMB-BS03,contenedor_scoring,282497,a027b4da-4e9c-44ad-b607-5fb48d4c7061-00044f81,P10 > P10-EXT-LGC-EXTRACCION > P10-EXT-EXT-M202 > P10-EXT-LGC-BMB RECIRCULACION > P10-SRA-BMB-BO70 > P10-SRA-BMB-JOCKEY > P10-SRA-BMB-BOIN > P10-SRA-BMB-DOSIF > P10-EXT-BMB-P439B > P10-PLL-BMB-BS03,10,70,NO,200,200,0,ancestro_project_exacto_duplicado,282497:200:P10 > P10-EXT-LGC-EXTRACCION > P10-EXT-EXT-M202 > P10-EXT-LGC-BMB RECIRCULACION > P10-SRA-BMB-BO70 > P10-SRA-BMB-JOCKEY > P10-SRA-BMB-BOIN > P10-SRA-BMB-DOSIF > P10-EXT-BMB-P439B > P10-PLL-BMB-BS03 || 282656:200:P10 > P10-EXT-LGC-EXTRACCION > P10-EXT-TST-DT250 > P10-EXT-CND-HX303 > P10-EXT-LGC-VLV > P10-EXT-VLV-PRV259 > P10-EXT-VLV-PRV258 > P10-EXT-VLV-PRV260 > P10-EXT-MND-M250A > P10-EXT-RDC-RDT250 > P10-EXT-BMB-P250 > P10-EXT-TNQ-V480 > P10-EXT-BMB-P490 > P10-EXT-BMB-P481 > P10-EXT-BMB-P482 > P10-EXT-TNQ-V262 > P10-EXT-TNQ-V475 > P10-EXT-VLV-SOV250 > P10-EXT-VLV-RV255A > P10-EXT-VLV-RV255B > P10-EXT-VLV-RV256A > P10-EXT-VLV-RV256B > P10-EXT-VLV-RV257A > P10-EXT-VLV-RV257B > P10-EXT-VLV-RV258A > P10-EXT-VLV-RV258B > P10-EXT-VLV-RV259 > P10-EXT-VLV-RV260 > P10-EXT-VLV-SOV252 || 282755:200:P10 > P10-EXT-LGC-EXTRACCION > P10-EXT-EXT-M202 > P10-EXT-LGC-HIDROCICLONES > P10-EXT-HDR-HCP01 > P10-EXT-HDR-HCP02 > P10-EXT-HDR-HCP03 > P10-EXT-HDR-HCS01E > P10-EXT-HDR-HCS01O > P10-EXT-HDR-HCS02E > P10-EXT-HDR-HCS02O > P10-EXT-HDR-HCS03E > P10-EXT-HDR-HCS03O > P10-EXT-HDR-HCS04E > P10-EXT-HDR-HCS04O > P10-EXT-HDR-HCS05E > P10-EXT-HDR-HCS05O > P10-EXT-HDR-HCS06E > P10-EXT-HDR-HCS06O > P10-EXT-HDR-HCS07E > P10-EXT-HDR-HCS07O > P10-EXT-HDR-HCS08E > P10-EXT-HDR-HCS08O > P10-EXT-HDR-HCS09E > P10-EXT-HDR-HCS09O > P10-EXT-HDR-HCS10E > P10-EXT-HDR-HCS10O || 282804:200:P10 > P10-EXT-LGC-EXTRACCION > P10-EXT-LGC-RECUP GASES || 282896:200:P10 > P10-EXT-LGC-EXTRACCION > P10-EXT-LGC-SOLVENTE > P10-EXT-BMB-P336 > P10-EXT-BMB-P351 > P10-EXT-PRC-HX302 > P10-EXT-INT-V338 > P10-EXT-RHV-HX337 > P10-EXT-TNQ-V330 > P10-EXT-BMB-P331 > P10-EXT-BMB-P335 > P10-EXT-TNQ-V351 > P10-EXT-TNQ-TKD > P10-EXT-BMB-P335A > P10-EXT-AH101 > P10-EXT-AH103 > P10-EXT-AH102 > P10-EXT-AH105 > P10-EXT-AH104 || 282969:200:P10 > P10-EXT-LGC-EXTRACCION > P10-EXT-LGC-DESTILACION > P10-EXT-EVP-HX301 > P10-EXT-CND-HX305 > P10-EXT-CND-HX304 > P10-EXT-EVP-HX307 > P10-EXT-CND-HX308 > P10-EXT-EVP-HX309 > P10-EXT-BMB-P310 > P10-EXT-INT-HX314 > P10-EXT-STR-V311 > P10-EXT-BMB-P313B > P10-EXT-BMB-P313 > P10-EXT-CND-HX312 > P10-EXT-VLV-TCV-307 > P10-EXT-VLV-TCV-309 || 282997:200:P10 > P10-EXT-LGC-EXTRACCION > P10-EXT-LGC-DESGOMADO > P10-EXT-BMB-PSODA > P10-EXT-BMB-P435A > P10-EXT-CLT-HX445 > P10-EXT-DSG-C425 > P10-EXT-DSG-C430 > P10-EXT-DSG-C435 > P10-EXT-ENF-HX460 > P10-EXT-INT-HX440 > P10-EXT-BMB-P439 > P10-EXT-SCD-V450 > P10-EXT-BMB-P450 > P10-EXT-TNQ-V415 > P10-EXT-BMB-P415 > P10-EXT-TNQ-HX435 > P10-EXT-BMB-P435 > P10-EXT-TNQ-V495 > P10-EXT-BMB-P491 > P10-EXT-TNQ-V410 > P10-EXT-AGT-A420C > P10-EXT-BMB-P410 > P10-EXT-TNQ-V420 > P10-EXT-AGT-A420 > P10-EXT-VLV-VSA420 > P10-EXT-TNQ-V420B > P10-EXT-TNQ-TK492 > P10-EXT-BMB-P492 > P10-EXT-VLV-SOV430 > P10-EXT-VLV-SOV426,P10-EXT-LGC-EXTRACCION,Ancestro Project P10-EXT-LGC-EXTRACCION aparece en 7 contenedores.,P10,P10-EXT-LGC-EXTRACCION,P10-EXT-EXT-M202,P10-EXT-LGC-BMB RECIRCULACION,P10-SRA-BMB-BO70,P10-SRA-BMB-JOCKEY,P10-SRA-BMB-BOIN,P10-SRA-BMB-DOSIF,P10-EXT-BMB-P439B,P10-PLL-BMB-BS03,,,,,,,,,,,,,,,,,,,,,,,,,,,,,,,,,,,,,,,,,,,,,,,,,,,,,,,,,,,,,,,,,,,,,,,hay más de un contenedor candidato
contenedor_duplicado,contenedor_por_ancestro_project,P10-EXT-SPR-SEPGOT,SEPARADOR DE GOTAS EXTRACCION P10,221,3,221,P10-EXT-LGC-EXTRACCION,P10-EXT-LGC-EXTRACCION,P10-EXT-LGC-EXTRACCION,P10 > P10-EXT-LGC-EXTRACCION,P10 > P10-EXT-LGC-EXTRACCION > P10-EXT-SPR-SEPGOT,282497,a027b4da-4e9c-44ad-b607-5fb48d4c7061-00044f81,Cubiertas,,Genérico - 400 mm,Genérico - 400 mm,P10-EXT-LGC-BMB,P10 > P10-EXT-LGC-EXTRACCION > P10-EXT-EXT-M202 > P10-EXT-LGC-BMB RECIRCULACION > P10-SRA-BMB-BO70 > P10-SRA-BMB-JOCKEY > P10-SRA-BMB-BOIN > P10-SRA-BMB-DOSIF > P10-EXT-BMB-P439B > P10-PLL-BMB-BS03,contenedor_scoring,282497,a027b4da-4e9c-44ad-b607-5fb48d4c7061-00044f81,P10 > P10-EXT-LGC-EXTRACCION > P10-EXT-EXT-M202 > P10-EXT-LGC-BMB RECIRCULACION > P10-SRA-BMB-BO70 > P10-SRA-BMB-JOCKEY > P10-SRA-BMB-BOIN > P10-SRA-BMB-DOSIF > P10-EXT-BMB-P439B > P10-PLL-BMB-BS03,10,70,NO,200,200,0,ancestro_project_exacto_duplicado,282497:200:P10 > P10-EXT-LGC-EXTRACCION > P10-EXT-EXT-M202 > P10-EXT-LGC-BMB RECIRCULACION > P10-SRA-BMB-BO70 > P10-SRA-BMB-JOCKEY > P10-SRA-BMB-BOIN > P10-SRA-BMB-DOSIF > P10-EXT-BMB-P439B > P10-PLL-BMB-BS03 || 282656:200:P10 > P10-EXT-LGC-EXTRACCION > P10-EXT-TST-DT250 > P10-EXT-CND-HX303 > P10-EXT-LGC-VLV > P10-EXT-VLV-PRV259 > P10-EXT-VLV-PRV258 > P10-EXT-VLV-PRV260 > P10-EXT-MND-M250A > P10-EXT-RDC-RDT250 > P10-EXT-BMB-P250 > P10-EXT-TNQ-V480 > P10-EXT-BMB-P490 > P10-EXT-BMB-P481 > P10-EXT-BMB-P482 > P10-EXT-TNQ-V262 > P10-EXT-TNQ-V475 > P10-EXT-VLV-SOV250 > P10-EXT-VLV-RV255A > P10-EXT-VLV-RV255B > P10-EXT-VLV-RV256A > P10-EXT-VLV-RV256B > P10-EXT-VLV-RV257A > P10-EXT-VLV-RV257B > P10-EXT-VLV-RV258A > P10-EXT-VLV-RV258B > P10-EXT-VLV-RV259 > P10-EXT-VLV-RV260 > P10-EXT-VLV-SOV252 || 282755:200:P10 > P10-EXT-LGC-EXTRACCION > P10-EXT-EXT-M202 > P10-EXT-LGC-HIDROCICLONES > P10-EXT-HDR-HCP01 > P10-EXT-HDR-HCP02 > P10-EXT-HDR-HCP03 > P10-EXT-HDR-HCS01E > P10-EXT-HDR-HCS01O > P10-EXT-HDR-HCS02E > P10-EXT-HDR-HCS02O > P10-EXT-HDR-HCS03E > P10-EXT-HDR-HCS03O > P10-EXT-HDR-HCS04E > P10-EXT-HDR-HCS04O > P10-EXT-HDR-HCS05E > P10-EXT-HDR-HCS05O > P10-EXT-HDR-HCS06E > P10-EXT-HDR-HCS06O > P10-EXT-HDR-HCS07E > P10-EXT-HDR-HCS07O > P10-EXT-HDR-HCS08E > P10-EXT-HDR-HCS08O > P10-EXT-HDR-HCS09E > P10-EXT-HDR-HCS09O > P10-EXT-HDR-HCS10E > P10-EXT-HDR-HCS10O || 282804:200:P10 > P10-EXT-LGC-EXTRACCION > P10-EXT-LGC-RECUP GASES || 282896:200:P10 > P10-EXT-LGC-EXTRACCION > P10-EXT-LGC-SOLVENTE > P10-EXT-BMB-P336 > P10-EXT-BMB-P351 > P10-EXT-PRC-HX302 > P10-EXT-INT-V338 > P10-EXT-RHV-HX337 > P10-EXT-TNQ-V330 > P10-EXT-BMB-P331 > P10-EXT-BMB-P335 > P10-EXT-TNQ-V351 > P10-EXT-TNQ-TKD > P10-EXT-BMB-P335A > P10-EXT-AH101 > P10-EXT-AH103 > P10-EXT-AH102 > P10-EXT-AH105 > P10-EXT-AH104 || 282969:200:P10 > P10-EXT-LGC-EXTRACCION > P10-EXT-LGC-DESTILACION > P10-EXT-EVP-HX301 > P10-EXT-CND-HX305 > P10-EXT-CND-HX304 > P10-EXT-EVP-HX307 > P10-EXT-CND-HX308 > P10-EXT-EVP-HX309 > P10-EXT-BMB-P310 > P10-EXT-INT-HX314 > P10-EXT-STR-V311 > P10-EXT-BMB-P313B > P10-EXT-BMB-P313 > P10-EXT-CND-HX312 > P10-EXT-VLV-TCV-307 > P10-EXT-VLV-TCV-309 || 282997:200:P10 > P10-EXT-LGC-EXTRACCION > P10-EXT-LGC-DESGOMADO > P10-EXT-BMB-PSODA > P10-EXT-BMB-P435A > P10-EXT-CLT-HX445 > P10-EXT-DSG-C425 > P10-EXT-DSG-C430 > P10-EXT-DSG-C435 > P10-EXT-ENF-HX460 > P10-EXT-INT-HX440 > P10-EXT-BMB-P439 > P10-EXT-SCD-V450 > P10-EXT-BMB-P450 > P10-EXT-TNQ-V415 > P10-EXT-BMB-P415 > P10-EXT-TNQ-HX435 > P10-EXT-BMB-P435 > P10-EXT-TNQ-V495 > P10-EXT-BMB-P491 > P10-EXT-TNQ-V410 > P10-EXT-AGT-A420C > P10-EXT-BMB-P410 > P10-EXT-TNQ-V420 > P10-EXT-AGT-A420 > P10-EXT-VLV-VSA420 > P10-EXT-TNQ-V420B > P10-EXT-TNQ-TK492 > P10-EXT-BMB-P492 > P10-EXT-VLV-SOV430 > P10-EXT-VLV-SOV426,P10-EXT-LGC-EXTRACCION,Ancestro Project P10-EXT-LGC-EXTRACCION aparece en 7 contenedores.,P10,P10-EXT-LGC-EXTRACCION,P10-EXT-EXT-M202,P10-EXT-LGC-BMB RECIRCULACION,P10-SRA-BMB-BO70,P10-SRA-BMB-JOCKEY,P10-SRA-BMB-BOIN,P10-SRA-BMB-DOSIF,P10-EXT-BMB-P439B,P10-PLL-BMB-BS03,,,,,,,,,,,,,,,,,,,,,,,,,,,,,,,,,,,,,,,,,,,,,,,,,,,,,,,,,,,,,,,,,,,,,,,hay más de un contenedor candidato
contenedor_duplicado,contenedor_por_ancestro_project,P10-EXT-SIS-DILUVIO,SISTEMA DILUVIO DE PLANTA DE EXTRACCION,222,3,222,P10-EXT-LGC-EXTRACCION,P10-EXT-LGC-EXTRACCION,P10-EXT-LGC-EXTRACCION,P10 > P10-EXT-LGC-EXTRACCION,P10 > P10-EXT-LGC-EXTRACCION > P10-EXT-SIS-DILUVIO,282497,a027b4da-4e9c-44ad-b607-5fb48d4c7061-00044f81,Cubiertas,,Genérico - 400 mm,Genérico - 400 mm,P10-EXT-LGC-BMB,P10 > P10-EXT-LGC-EXTRACCION > P10-EXT-EXT-M202 > P10-EXT-LGC-BMB RECIRCULACION > P10-SRA-BMB-BO70 > P10-SRA-BMB-JOCKEY > P10-SRA-BMB-BOIN > P10-SRA-BMB-DOSIF > P10-EXT-BMB-P439B > P10-PLL-BMB-BS03,contenedor_scoring,282497,a027b4da-4e9c-44ad-b607-5fb48d4c7061-00044f81,P10 > P10-EXT-LGC-EXTRACCION > P10-EXT-EXT-M202 > P10-EXT-LGC-BMB RECIRCULACION > P10-SRA-BMB-BO70 > P10-SRA-BMB-JOCKEY > P10-SRA-BMB-BOIN > P10-SRA-BMB-DOSIF > P10-EXT-BMB-P439B > P10-PLL-BMB-BS03,10,70,NO,200,200,0,ancestro_project_exacto_duplicado,282497:200:P10 > P10-EXT-LGC-EXTRACCION > P10-EXT-EXT-M202 > P10-EXT-LGC-BMB RECIRCULACION > P10-SRA-BMB-BO70 > P10-SRA-BMB-JOCKEY > P10-SRA-BMB-BOIN > P10-SRA-BMB-DOSIF > P10-EXT-BMB-P439B > P10-PLL-BMB-BS03 || 282656:200:P10 > P10-EXT-LGC-EXTRACCION > P10-EXT-TST-DT250 > P10-EXT-CND-HX303 > P10-EXT-LGC-VLV > P10-EXT-VLV-PRV259 > P10-EXT-VLV-PRV258 > P10-EXT-VLV-PRV260 > P10-EXT-MND-M250A > P10-EXT-RDC-RDT250 > P10-EXT-BMB-P250 > P10-EXT-TNQ-V480 > P10-EXT-BMB-P490 > P10-EXT-BMB-P481 > P10-EXT-BMB-P482 > P10-EXT-TNQ-V262 > P10-EXT-TNQ-V475 > P10-EXT-VLV-SOV250 > P10-EXT-VLV-RV255A > P10-EXT-VLV-RV255B > P10-EXT-VLV-RV256A > P10-EXT-VLV-RV256B > P10-EXT-VLV-RV257A > P10-EXT-VLV-RV257B > P10-EXT-VLV-RV258A > P10-EXT-VLV-RV258B > P10-EXT-VLV-RV259 > P10-EXT-VLV-RV260 > P10-EXT-VLV-SOV252 || 282755:200:P10 > P10-EXT-LGC-EXTRACCION > P10-EXT-EXT-M202 > P10-EXT-LGC-HIDROCICLONES > P10-EXT-HDR-HCP01 > P10-EXT-HDR-HCP02 > P10-EXT-HDR-HCP03 > P10-EXT-HDR-HCS01E > P10-EXT-HDR-HCS01O > P10-EXT-HDR-HCS02E > P10-EXT-HDR-HCS02O > P10-EXT-HDR-HCS03E > P10-EXT-HDR-HCS03O > P10-EXT-HDR-HCS04E > P10-EXT-HDR-HCS04O > P10-EXT-HDR-HCS05E > P10-EXT-HDR-HCS05O > P10-EXT-HDR-HCS06E > P10-EXT-HDR-HCS06O > P10-EXT-HDR-HCS07E > P10-EXT-HDR-HCS07O > P10-EXT-HDR-HCS08E > P10-EXT-HDR-HCS08O > P10-EXT-HDR-HCS09E > P10-EXT-HDR-HCS09O > P10-EXT-HDR-HCS10E > P10-EXT-HDR-HCS10O || 282804:200:P10 > P10-EXT-LGC-EXTRACCION > P10-EXT-LGC-RECUP GASES || 282896:200:P10 > P10-EXT-LGC-EXTRACCION > P10-EXT-LGC-SOLVENTE > P10-EXT-BMB-P336 > P10-EXT-BMB-P351 > P10-EXT-PRC-HX302 > P10-EXT-INT-V338 > P10-EXT-RHV-HX337 > P10-EXT-TNQ-V330 > P10-EXT-BMB-P331 > P10-EXT-BMB-P335 > P10-EXT-TNQ-V351 > P10-EXT-TNQ-TKD > P10-EXT-BMB-P335A > P10-EXT-AH101 > P10-EXT-AH103 > P10-EXT-AH102 > P10-EXT-AH105 > P10-EXT-AH104 || 282969:200:P10 > P10-EXT-LGC-EXTRACCION > P10-EXT-LGC-DESTILACION > P10-EXT-EVP-HX301 > P10-EXT-CND-HX305 > P10-EXT-CND-HX304 > P10-EXT-EVP-HX307 > P10-EXT-CND-HX308 > P10-EXT-EVP-HX309 > P10-EXT-BMB-P310 > P10-EXT-INT-HX314 > P10-EXT-STR-V311 > P10-EXT-BMB-P313B > P10-EXT-BMB-P313 > P10-EXT-CND-HX312 > P10-EXT-VLV-TCV-307 > P10-EXT-VLV-TCV-309 || 282997:200:P10 > P10-EXT-LGC-EXTRACCION > P10-EXT-LGC-DESGOMADO > P10-EXT-BMB-PSODA > P10-EXT-BMB-P435A > P10-EXT-CLT-HX445 > P10-EXT-DSG-C425 > P10-EXT-DSG-C430 > P10-EXT-DSG-C435 > P10-EXT-ENF-HX460 > P10-EXT-INT-HX440 > P10-EXT-BMB-P439 > P10-EXT-SCD-V450 > P10-EXT-BMB-P450 > P10-EXT-TNQ-V415 > P10-EXT-BMB-P415 > P10-EXT-TNQ-HX435 > P10-EXT-BMB-P435 > P10-EXT-TNQ-V495 > P10-EXT-BMB-P491 > P10-EXT-TNQ-V410 > P10-EXT-AGT-A420C > P10-EXT-BMB-P410 > P10-EXT-TNQ-V420 > P10-EXT-AGT-A420 > P10-EXT-VLV-VSA420 > P10-EXT-TNQ-V420B > P10-EXT-TNQ-TK492 > P10-EXT-BMB-P492 > P10-EXT-VLV-SOV430 > P10-EXT-VLV-SOV426,P10-EXT-LGC-EXTRACCION,Ancestro Project P10-EXT-LGC-EXTRACCION aparece en 7 contenedores.,P10,P10-EXT-LGC-EXTRACCION,P10-EXT-EXT-M202,P10-EXT-LGC-BMB RECIRCULACION,P10-SRA-BMB-BO70,P10-SRA-BMB-JOCKEY,P10-SRA-BMB-BOIN,P10-SRA-BMB-DOSIF,P10-EXT-BMB-P439B,P10-PLL-BMB-BS03,,,,,,,,,,,,,,,,,,,,,,,,,,,,,,,,,,,,,,,,,,,,,,,,,,,,,,,,,,,,,,,,,,,,,,,hay más de un contenedor candidato
contenedor_duplicado,contenedor_por_ancestro_project,P10-EXT-VLV-VD01,VALVULA A DIAFRAGMA DE DILUVIO VD01 (DE NORTE A SUR),223,4,223,P10-EXT-SIS-DILUVIO,P10-EXT-SIS-DILUVIO,P10-EXT-LGC-EXTRACCION > P10-EXT-SIS-DILUVIO,P10 > P10-EXT-LGC-EXTRACCION > P10-EXT-SIS-DILUVIO,P10 > P10-EXT-LGC-EXTRACCION > P10-EXT-SIS-DILUVIO > P10-EXT-VLV-VD01,282497,a027b4da-4e9c-44ad-b607-5fb48d4c7061-00044f81,Cubiertas,,Genérico - 400 mm,Genérico - 400 mm,P10-EXT-LGC-BMB,P10 > P10-EXT-LGC-EXTRACCION > P10-EXT-EXT-M202 > P10-EXT-LGC-BMB RECIRCULACION > P10-SRA-BMB-BO70 > P10-SRA-BMB-JOCKEY > P10-SRA-BMB-BOIN > P10-SRA-BMB-DOSIF > P10-EXT-BMB-P439B > P10-PLL-BMB-BS03,contenedor_scoring,282497,a027b4da-4e9c-44ad-b607-5fb48d4c7061-00044f81,P10 > P10-EXT-LGC-EXTRACCION > P10-EXT-EXT-M202 > P10-EXT-LGC-BMB RECIRCULACION > P10-SRA-BMB-BO70 > P10-SRA-BMB-JOCKEY > P10-SRA-BMB-BOIN > P10-SRA-BMB-DOSIF > P10-EXT-BMB-P439B > P10-PLL-BMB-BS03,10,70,NO,200,200,0,ancestro_project_exacto_duplicado,282497:200:P10 > P10-EXT-LGC-EXTRACCION > P10-EXT-EXT-M202 > P10-EXT-LGC-BMB RECIRCULACION > P10-SRA-BMB-BO70 > P10-SRA-BMB-JOCKEY > P10-SRA-BMB-BOIN > P10-SRA-BMB-DOSIF > P10-EXT-BMB-P439B > P10-PLL-BMB-BS03 || 282656:200:P10 > P10-EXT-LGC-EXTRACCION > P10-EXT-TST-DT250 > P10-EXT-CND-HX303 > P10-EXT-LGC-VLV > P10-EXT-VLV-PRV259 > P10-EXT-VLV-PRV258 > P10-EXT-VLV-PRV260 > P10-EXT-MND-M250A > P10-EXT-RDC-RDT250 > P10-EXT-BMB-P250 > P10-EXT-TNQ-V480 > P10-EXT-BMB-P490 > P10-EXT-BMB-P481 > P10-EXT-BMB-P482 > P10-EXT-TNQ-V262 > P10-EXT-TNQ-V475 > P10-EXT-VLV-SOV250 > P10-EXT-VLV-RV255A > P10-EXT-VLV-RV255B > P10-EXT-VLV-RV256A > P10-EXT-VLV-RV256B > P10-EXT-VLV-RV257A > P10-EXT-VLV-RV257B > P10-EXT-VLV-RV258A > P10-EXT-VLV-RV258B > P10-EXT-VLV-RV259 > P10-EXT-VLV-RV260 > P10-EXT-VLV-SOV252 || 282755:200:P10 > P10-EXT-LGC-EXTRACCION > P10-EXT-EXT-M202 > P10-EXT-LGC-HIDROCICLONES > P10-EXT-HDR-HCP01 > P10-EXT-HDR-HCP02 > P10-EXT-HDR-HCP03 > P10-EXT-HDR-HCS01E > P10-EXT-HDR-HCS01O > P10-EXT-HDR-HCS02E > P10-EXT-HDR-HCS02O > P10-EXT-HDR-HCS03E > P10-EXT-HDR-HCS03O > P10-EXT-HDR-HCS04E > P10-EXT-HDR-HCS04O > P10-EXT-HDR-HCS05E > P10-EXT-HDR-HCS05O > P10-EXT-HDR-HCS06E > P10-EXT-HDR-HCS06O > P10-EXT-HDR-HCS07E > P10-EXT-HDR-HCS07O > P10-EXT-HDR-HCS08E > P10-EXT-HDR-HCS08O > P10-EXT-HDR-HCS09E > P10-EXT-HDR-HCS09O > P10-EXT-HDR-HCS10E > P10-EXT-HDR-HCS10O || 282804:200:P10 > P10-EXT-LGC-EXTRACCION > P10-EXT-LGC-RECUP GASES || 282896:200:P10 > P10-EXT-LGC-EXTRACCION > P10-EXT-LGC-SOLVENTE > P10-EXT-BMB-P336 > P10-EXT-BMB-P351 > P10-EXT-PRC-HX302 > P10-EXT-INT-V338 > P10-EXT-RHV-HX337 > P10-EXT-TNQ-V330 > P10-EXT-BMB-P331 > P10-EXT-BMB-P335 > P10-EXT-TNQ-V351 > P10-EXT-TNQ-TKD > P10-EXT-BMB-P335A > P10-EXT-AH101 > P10-EXT-AH103 > P10-EXT-AH102 > P10-EXT-AH105 > P10-EXT-AH104 || 282969:200:P10 > P10-EXT-LGC-EXTRACCION > P10-EXT-LGC-DESTILACION > P10-EXT-EVP-HX301 > P10-EXT-CND-HX305 > P10-EXT-CND-HX304 > P10-EXT-EVP-HX307 > P10-EXT-CND-HX308 > P10-EXT-EVP-HX309 > P10-EXT-BMB-P310 > P10-EXT-INT-HX314 > P10-EXT-STR-V311 > P10-EXT-BMB-P313B > P10-EXT-BMB-P313 > P10-EXT-CND-HX312 > P10-EXT-VLV-TCV-307 > P10-EXT-VLV-TCV-309 || 282997:200:P10 > P10-EXT-LGC-EXTRACCION > P10-EXT-LGC-DESGOMADO > P10-EXT-BMB-PSODA > P10-EXT-BMB-P435A > P10-EXT-CLT-HX445 > P10-EXT-DSG-C425 > P10-EXT-DSG-C430 > P10-EXT-DSG-C435 > P10-EXT-ENF-HX460 > P10-EXT-INT-HX440 > P10-EXT-BMB-P439 > P10-EXT-SCD-V450 > P10-EXT-BMB-P450 > P10-EXT-TNQ-V415 > P10-EXT-BMB-P415 > P10-EXT-TNQ-HX435 > P10-EXT-BMB-P435 > P10-EXT-TNQ-V495 > P10-EXT-BMB-P491 > P10-EXT-TNQ-V410 > P10-EXT-AGT-A420C > P10-EXT-BMB-P410 > P10-EXT-TNQ-V420 > P10-EXT-AGT-A420 > P10-EXT-VLV-VSA420 > P10-EXT-TNQ-V420B > P10-EXT-TNQ-TK492 > P10-EXT-BMB-P492 > P10-EXT-VLV-SOV430 > P10-EXT-VLV-SOV426,P10-EXT-LGC-EXTRACCION,Ancestro Project P10-EXT-LGC-EXTRACCION aparece en 7 contenedores.,P10,P10-EXT-LGC-EXTRACCION,P10-EXT-EXT-M202,P10-EXT-LGC-BMB RECIRCULACION,P10-SRA-BMB-BO70,P10-SRA-BMB-JOCKEY,P10-SRA-BMB-BOIN,P10-SRA-BMB-DOSIF,P10-EXT-BMB-P439B,P10-PLL-BMB-BS03,,,,,,,,,,,,,,,,,,,,,,,,,,,,,,,,,,,,,,,,,,,,,,,,,,,,,,,,,,,,,,,,,,,,,,,hay más de un contenedor candidato
contenedor_duplicado,contenedor_por_ancestro_project,P10-EXT-VLV-VD02,VALVULA A DIAFRAGMA DE DILUVIO VD02 (DE NORTE A SUR),224,4,224,P10-EXT-SIS-DILUVIO,P10-EXT-SIS-DILUVIO,P10-EXT-LGC-EXTRACCION > P10-EXT-SIS-DILUVIO,P10 > P10-EXT-LGC-EXTRACCION > P10-EXT-SIS-DILUVIO,P10 > P10-EXT-LGC-EXTRACCION > P10-EXT-SIS-DILUVIO > P10-EXT-VLV-VD02,282497,a027b4da-4e9c-44ad-b607-5fb48d4c7061-00044f81,Cubiertas,,Genérico - 400 mm,Genérico - 400 mm,P10-EXT-LGC-BMB,P10 > P10-EXT-LGC-EXTRACCION > P10-EXT-EXT-M202 > P10-EXT-LGC-BMB RECIRCULACION > P10-SRA-BMB-BO70 > P10-SRA-BMB-JOCKEY > P10-SRA-BMB-BOIN > P10-SRA-BMB-DOSIF > P10-EXT-BMB-P439B > P10-PLL-BMB-BS03,contenedor_scoring,282497,a027b4da-4e9c-44ad-b607-5fb48d4c7061-00044f81,P10 > P10-EXT-LGC-EXTRACCION > P10-EXT-EXT-M202 > P10-EXT-LGC-BMB RECIRCULACION > P10-SRA-BMB-BO70 > P10-SRA-BMB-JOCKEY > P10-SRA-BMB-BOIN > P10-SRA-BMB-DOSIF > P10-EXT-BMB-P439B > P10-PLL-BMB-BS03,10,70,NO,200,200,0,ancestro_project_exacto_duplicado,282497:200:P10 > P10-EXT-LGC-EXTRACCION > P10-EXT-EXT-M202 > P10-EXT-LGC-BMB RECIRCULACION > P10-SRA-BMB-BO70 > P10-SRA-BMB-JOCKEY > P10-SRA-BMB-BOIN > P10-SRA-BMB-DOSIF > P10-EXT-BMB-P439B > P10-PLL-BMB-BS03 || 282656:200:P10 > P10-EXT-LGC-EXTRACCION > P10-EXT-TST-DT250 > P10-EXT-CND-HX303 > P10-EXT-LGC-VLV > P10-EXT-VLV-PRV259 > P10-EXT-VLV-PRV258 > P10-EXT-VLV-PRV260 > P10-EXT-MND-M250A > P10-EXT-RDC-RDT250 > P10-EXT-BMB-P250 > P10-EXT-TNQ-V480 > P10-EXT-BMB-P490 > P10-EXT-BMB-P481 > P10-EXT-BMB-P482 > P10-EXT-TNQ-V262 > P10-EXT-TNQ-V475 > P10-EXT-VLV-SOV250 > P10-EXT-VLV-RV255A > P10-EXT-VLV-RV255B > P10-EXT-VLV-RV256A > P10-EXT-VLV-RV256B > P10-EXT-VLV-RV257A > P10-EXT-VLV-RV257B > P10-EXT-VLV-RV258A > P10-EXT-VLV-RV258B > P10-EXT-VLV-RV259 > P10-EXT-VLV-RV260 > P10-EXT-VLV-SOV252 || 282755:200:P10 > P10-EXT-LGC-EXTRACCION > P10-EXT-EXT-M202 > P10-EXT-LGC-HIDROCICLONES > P10-EXT-HDR-HCP01 > P10-EXT-HDR-HCP02 > P10-EXT-HDR-HCP03 > P10-EXT-HDR-HCS01E > P10-EXT-HDR-HCS01O > P10-EXT-HDR-HCS02E > P10-EXT-HDR-HCS02O > P10-EXT-HDR-HCS03E > P10-EXT-HDR-HCS03O > P10-EXT-HDR-HCS04E > P10-EXT-HDR-HCS04O > P10-EXT-HDR-HCS05E > P10-EXT-HDR-HCS05O > P10-EXT-HDR-HCS06E > P10-EXT-HDR-HCS06O > P10-EXT-HDR-HCS07E > P10-EXT-HDR-HCS07O > P10-EXT-HDR-HCS08E > P10-EXT-HDR-HCS08O > P10-EXT-HDR-HCS09E > P10-EXT-HDR-HCS09O > P10-EXT-HDR-HCS10E > P10-EXT-HDR-HCS10O || 282804:200:P10 > P10-EXT-LGC-EXTRACCION > P10-EXT-LGC-RECUP GASES || 282896:200:P10 > P10-EXT-LGC-EXTRACCION > P10-EXT-LGC-SOLVENTE > P10-EXT-BMB-P336 > P10-EXT-BMB-P351 > P10-EXT-PRC-HX302 > P10-EXT-INT-V338 > P10-EXT-RHV-HX337 > P10-EXT-TNQ-V330 > P10-EXT-BMB-P331 > P10-EXT-BMB-P335 > P10-EXT-TNQ-V351 > P10-EXT-TNQ-TKD > P10-EXT-BMB-P335A > P10-EXT-AH101 > P10-EXT-AH103 > P10-EXT-AH102 > P10-EXT-AH105 > P10-EXT-AH104 || 282969:200:P10 > P10-EXT-LGC-EXTRACCION > P10-EXT-LGC-DESTILACION > P10-EXT-EVP-HX301 > P10-EXT-CND-HX305 > P10-EXT-CND-HX304 > P10-EXT-EVP-HX307 > P10-EXT-CND-HX308 > P10-EXT-EVP-HX309 > P10-EXT-BMB-P310 > P10-EXT-INT-HX314 > P10-EXT-STR-V311 > P10-EXT-BMB-P313B > P10-EXT-BMB-P313 > P10-EXT-CND-HX312 > P10-EXT-VLV-TCV-307 > P10-EXT-VLV-TCV-309 || 282997:200:P10 > P10-EXT-LGC-EXTRACCION > P10-EXT-LGC-DESGOMADO > P10-EXT-BMB-PSODA > P10-EXT-BMB-P435A > P10-EXT-CLT-HX445 > P10-EXT-DSG-C425 > P10-EXT-DSG-C430 > P10-EXT-DSG-C435 > P10-EXT-ENF-HX460 > P10-EXT-INT-HX440 > P10-EXT-BMB-P439 > P10-EXT-SCD-V450 > P10-EXT-BMB-P450 > P10-EXT-TNQ-V415 > P10-EXT-BMB-P415 > P10-EXT-TNQ-HX435 > P10-EXT-BMB-P435 > P10-EXT-TNQ-V495 > P10-EXT-BMB-P491 > P10-EXT-TNQ-V410 > P10-EXT-AGT-A420C > P10-EXT-BMB-P410 > P10-EXT-TNQ-V420 > P10-EXT-AGT-A420 > P10-EXT-VLV-VSA420 > P10-EXT-TNQ-V420B > P10-EXT-TNQ-TK492 > P10-EXT-BMB-P492 > P10-EXT-VLV-SOV430 > P10-EXT-VLV-SOV426,P10-EXT-LGC-EXTRACCION,Ancestro Project P10-EXT-LGC-EXTRACCION aparece en 7 contenedores.,P10,P10-EXT-LGC-EXTRACCION,P10-EXT-EXT-M202,P10-EXT-LGC-BMB RECIRCULACION,P10-SRA-BMB-BO70,P10-SRA-BMB-JOCKEY,P10-SRA-BMB-BOIN,P10-SRA-BMB-DOSIF,P10-EXT-BMB-P439B,P10-PLL-BMB-BS03,,,,,,,,,,,,,,,,,,,,,,,,,,,,,,,,,,,,,,,,,,,,,,,,,,,,,,,,,,,,,,,,,,,,,,,hay más de un contenedor candidato
contenedor_duplicado,contenedor_por_ancestro_project,P10-EXT-VLV-VD03,VALVULA A DIAFRAGMA DE DILUVIO VD03 (DE NORTE A SUR),225,4,225,P10-EXT-SIS-DILUVIO,P10-EXT-SIS-DILUVIO,P10-EXT-LGC-EXTRACCION > P10-EXT-SIS-DILUVIO,P10 > P10-EXT-LGC-EXTRACCION > P10-EXT-SIS-DILUVIO,P10 > P10-EXT-LGC-EXTRACCION > P10-EXT-SIS-DILUVIO > P10-EXT-VLV-VD03,282497,a027b4da-4e9c-44ad-b607-5fb48d4c7061-00044f81,Cubiertas,,Genérico - 400 mm,Genérico - 400 mm,P10-EXT-LGC-BMB,P10 > P10-EXT-LGC-EXTRACCION > P10-EXT-EXT-M202 > P10-EXT-LGC-BMB RECIRCULACION > P10-SRA-BMB-BO70 > P10-SRA-BMB-JOCKEY > P10-SRA-BMB-BOIN > P10-SRA-BMB-DOSIF > P10-EXT-BMB-P439B > P10-PLL-BMB-BS03,contenedor_scoring,282497,a027b4da-4e9c-44ad-b607-5fb48d4c7061-00044f81,P10 > P10-EXT-LGC-EXTRACCION > P10-EXT-EXT-M202 > P10-EXT-LGC-BMB RECIRCULACION > P10-SRA-BMB-BO70 > P10-SRA-BMB-JOCKEY > P10-SRA-BMB-BOIN > P10-SRA-BMB-DOSIF > P10-EXT-BMB-P439B > P10-PLL-BMB-BS03,10,70,NO,200,200,0,ancestro_project_exacto_duplicado,282497:200:P10 > P10-EXT-LGC-EXTRACCION > P10-EXT-EXT-M202 > P10-EXT-LGC-BMB RECIRCULACION > P10-SRA-BMB-BO70 > P10-SRA-BMB-JOCKEY > P10-SRA-BMB-BOIN > P10-SRA-BMB-DOSIF > P10-EXT-BMB-P439B > P10-PLL-BMB-BS03 || 282656:200:P10 > P10-EXT-LGC-EXTRACCION > P10-EXT-TST-DT250 > P10-EXT-CND-HX303 > P10-EXT-LGC-VLV > P10-EXT-VLV-PRV259 > P10-EXT-VLV-PRV258 > P10-EXT-VLV-PRV260 > P10-EXT-MND-M250A > P10-EXT-RDC-RDT250 > P10-EXT-BMB-P250 > P10-EXT-TNQ-V480 > P10-EXT-BMB-P490 > P10-EXT-BMB-P481 > P10-EXT-BMB-P482 > P10-EXT-TNQ-V262 > P10-EXT-TNQ-V475 > P10-EXT-VLV-SOV250 > P10-EXT-VLV-RV255A > P10-EXT-VLV-RV255B > P10-EXT-VLV-RV256A > P10-EXT-VLV-RV256B > P10-EXT-VLV-RV257A > P10-EXT-VLV-RV257B > P10-EXT-VLV-RV258A > P10-EXT-VLV-RV258B > P10-EXT-VLV-RV259 > P10-EXT-VLV-RV260 > P10-EXT-VLV-SOV252 || 282755:200:P10 > P10-EXT-LGC-EXTRACCION > P10-EXT-EXT-M202 > P10-EXT-LGC-HIDROCICLONES > P10-EXT-HDR-HCP01 > P10-EXT-HDR-HCP02 > P10-EXT-HDR-HCP03 > P10-EXT-HDR-HCS01E > P10-EXT-HDR-HCS01O > P10-EXT-HDR-HCS02E > P10-EXT-HDR-HCS02O > P10-EXT-HDR-HCS03E > P10-EXT-HDR-HCS03O > P10-EXT-HDR-HCS04E > P10-EXT-HDR-HCS04O > P10-EXT-HDR-HCS05E > P10-EXT-HDR-HCS05O > P10-EXT-HDR-HCS06E > P10-EXT-HDR-HCS06O > P10-EXT-HDR-HCS07E > P10-EXT-HDR-HCS07O > P10-EXT-HDR-HCS08E > P10-EXT-HDR-HCS08O > P10-EXT-HDR-HCS09E > P10-EXT-HDR-HCS09O > P10-EXT-HDR-HCS10E > P10-EXT-HDR-HCS10O || 282804:200:P10 > P10-EXT-LGC-EXTRACCION > P10-EXT-LGC-RECUP GASES || 282896:200:P10 > P10-EXT-LGC-EXTRACCION > P10-EXT-LGC-SOLVENTE > P10-EXT-BMB-P336 > P10-EXT-BMB-P351 > P10-EXT-PRC-HX302 > P10-EXT-INT-V338 > P10-EXT-RHV-HX337 > P10-EXT-TNQ-V330 > P10-EXT-BMB-P331 > P10-EXT-BMB-P335 > P10-EXT-TNQ-V351 > P10-EXT-TNQ-TKD > P10-EXT-BMB-P335A > P10-EXT-AH101 > P10-EXT-AH103 > P10-EXT-AH102 > P10-EXT-AH105 > P10-EXT-AH104 || 282969:200:P10 > P10-EXT-LGC-EXTRACCION > P10-EXT-LGC-DESTILACION > P10-EXT-EVP-HX301 > P10-EXT-CND-HX305 > P10-EXT-CND-HX304 > P10-EXT-EVP-HX307 > P10-EXT-CND-HX308 > P10-EXT-EVP-HX309 > P10-EXT-BMB-P310 > P10-EXT-INT-HX314 > P10-EXT-STR-V311 > P10-EXT-BMB-P313B > P10-EXT-BMB-P313 > P10-EXT-CND-HX312 > P10-EXT-VLV-TCV-307 > P10-EXT-VLV-TCV-309 || 282997:200:P10 > P10-EXT-LGC-EXTRACCION > P10-EXT-LGC-DESGOMADO > P10-EXT-BMB-PSODA > P10-EXT-BMB-P435A > P10-EXT-CLT-HX445 > P10-EXT-DSG-C425 > P10-EXT-DSG-C430 > P10-EXT-DSG-C435 > P10-EXT-ENF-HX460 > P10-EXT-INT-HX440 > P10-EXT-BMB-P439 > P10-EXT-SCD-V450 > P10-EXT-BMB-P450 > P10-EXT-TNQ-V415 > P10-EXT-BMB-P415 > P10-EXT-TNQ-HX435 > P10-EXT-BMB-P435 > P10-EXT-TNQ-V495 > P10-EXT-BMB-P491 > P10-EXT-TNQ-V410 > P10-EXT-AGT-A420C > P10-EXT-BMB-P410 > P10-EXT-TNQ-V420 > P10-EXT-AGT-A420 > P10-EXT-VLV-VSA420 > P10-EXT-TNQ-V420B > P10-EXT-TNQ-TK492 > P10-EXT-BMB-P492 > P10-EXT-VLV-SOV430 > P10-EXT-VLV-SOV426,P10-EXT-LGC-EXTRACCION,Ancestro Project P10-EXT-LGC-EXTRACCION aparece en 7 contenedores.,P10,P10-EXT-LGC-EXTRACCION,P10-EXT-EXT-M202,P10-EXT-LGC-BMB RECIRCULACION,P10-SRA-BMB-BO70,P10-SRA-BMB-JOCKEY,P10-SRA-BMB-BOIN,P10-SRA-BMB-DOSIF,P10-EXT-BMB-P439B,P10-PLL-BMB-BS03,,,,,,,,,,,,,,,,,,,,,,,,,,,,,,,,,,,,,,,,,,,,,,,,,,,,,,,,,,,,,,,,,,,,,,,hay más de un contenedor candidato
contenedor_duplicado,contenedor_por_ancestro_project,P10-EXT-VLV-VD04,VALVULA A DIAFRAGMA DE DILUVIO VD04 (DE NORTE A SUR),226,4,226,P10-EXT-SIS-DILUVIO,P10-EXT-SIS-DILUVIO,P10-EXT-LGC-EXTRACCION > P10-EXT-SIS-DILUVIO,P10 > P10-EXT-LGC-EXTRACCION > P10-EXT-SIS-DILUVIO,P10 > P10-EXT-LGC-EXTRACCION > P10-EXT-SIS-DILUVIO > P10-EXT-VLV-VD04,282497,a027b4da-4e9c-44ad-b607-5fb48d4c7061-00044f81,Cubiertas,,Genérico - 400 mm,Genérico - 400 mm,P10-EXT-LGC-BMB,P10 > P10-EXT-LGC-EXTRACCION > P10-EXT-EXT-M202 > P10-EXT-LGC-BMB RECIRCULACION > P10-SRA-BMB-BO70 > P10-SRA-BMB-JOCKEY > P10-SRA-BMB-BOIN > P10-SRA-BMB-DOSIF > P10-EXT-BMB-P439B > P10-PLL-BMB-BS03,contenedor_scoring,282497,a027b4da-4e9c-44ad-b607-5fb48d4c7061-00044f81,P10 > P10-EXT-LGC-EXTRACCION > P10-EXT-EXT-M202 > P10-EXT-LGC-BMB RECIRCULACION > P10-SRA-BMB-BO70 > P10-SRA-BMB-JOCKEY > P10-SRA-BMB-BOIN > P10-SRA-BMB-DOSIF > P10-EXT-BMB-P439B > P10-PLL-BMB-BS03,10,70,NO,200,200,0,ancestro_project_exacto_duplicado,282497:200:P10 > P10-EXT-LGC-EXTRACCION > P10-EXT-EXT-M202 > P10-EXT-LGC-BMB RECIRCULACION > P10-SRA-BMB-BO70 > P10-SRA-BMB-JOCKEY > P10-SRA-BMB-BOIN > P10-SRA-BMB-DOSIF > P10-EXT-BMB-P439B > P10-PLL-BMB-BS03 || 282656:200:P10 > P10-EXT-LGC-EXTRACCION > P10-EXT-TST-DT250 > P10-EXT-CND-HX303 > P10-EXT-LGC-VLV > P10-EXT-VLV-PRV259 > P10-EXT-VLV-PRV258 > P10-EXT-VLV-PRV260 > P10-EXT-MND-M250A > P10-EXT-RDC-RDT250 > P10-EXT-BMB-P250 > P10-EXT-TNQ-V480 > P10-EXT-BMB-P490 > P10-EXT-BMB-P481 > P10-EXT-BMB-P482 > P10-EXT-TNQ-V262 > P10-EXT-TNQ-V475 > P10-EXT-VLV-SOV250 > P10-EXT-VLV-RV255A > P10-EXT-VLV-RV255B > P10-EXT-VLV-RV256A > P10-EXT-VLV-RV256B > P10-EXT-VLV-RV257A > P10-EXT-VLV-RV257B > P10-EXT-VLV-RV258A > P10-EXT-VLV-RV258B > P10-EXT-VLV-RV259 > P10-EXT-VLV-RV260 > P10-EXT-VLV-SOV252 || 282755:200:P10 > P10-EXT-LGC-EXTRACCION > P10-EXT-EXT-M202 > P10-EXT-LGC-HIDROCICLONES > P10-EXT-HDR-HCP01 > P10-EXT-HDR-HCP02 > P10-EXT-HDR-HCP03 > P10-EXT-HDR-HCS01E > P10-EXT-HDR-HCS01O > P10-EXT-HDR-HCS02E > P10-EXT-HDR-HCS02O > P10-EXT-HDR-HCS03E > P10-EXT-HDR-HCS03O > P10-EXT-HDR-HCS04E > P10-EXT-HDR-HCS04O > P10-EXT-HDR-HCS05E > P10-EXT-HDR-HCS05O > P10-EXT-HDR-HCS06E > P10-EXT-HDR-HCS06O > P10-EXT-HDR-HCS07E > P10-EXT-HDR-HCS07O > P10-EXT-HDR-HCS08E > P10-EXT-HDR-HCS08O > P10-EXT-HDR-HCS09E > P10-EXT-HDR-HCS09O > P10-EXT-HDR-HCS10E > P10-EXT-HDR-HCS10O || 282804:200:P10 > P10-EXT-LGC-EXTRACCION > P10-EXT-LGC-RECUP GASES || 282896:200:P10 > P10-EXT-LGC-EXTRACCION > P10-EXT-LGC-SOLVENTE > P10-EXT-BMB-P336 > P10-EXT-BMB-P351 > P10-EXT-PRC-HX302 > P10-EXT-INT-V338 > P10-EXT-RHV-HX337 > P10-EXT-TNQ-V330 > P10-EXT-BMB-P331 > P10-EXT-BMB-P335 > P10-EXT-TNQ-V351 > P10-EXT-TNQ-TKD > P10-EXT-BMB-P335A > P10-EXT-AH101 > P10-EXT-AH103 > P10-EXT-AH102 > P10-EXT-AH105 > P10-EXT-AH104 || 282969:200:P10 > P10-EXT-LGC-EXTRACCION > P10-EXT-LGC-DESTILACION > P10-EXT-EVP-HX301 > P10-EXT-CND-HX305 > P10-EXT-CND-HX304 > P10-EXT-EVP-HX307 > P10-EXT-CND-HX308 > P10-EXT-EVP-HX309 > P10-EXT-BMB-P310 > P10-EXT-INT-HX314 > P10-EXT-STR-V311 > P10-EXT-BMB-P313B > P10-EXT-BMB-P313 > P10-EXT-CND-HX312 > P10-EXT-VLV-TCV-307 > P10-EXT-VLV-TCV-309 || 282997:200:P10 > P10-EXT-LGC-EXTRACCION > P10-EXT-LGC-DESGOMADO > P10-EXT-BMB-PSODA > P10-EXT-BMB-P435A > P10-EXT-CLT-HX445 > P10-EXT-DSG-C425 > P10-EXT-DSG-C430 > P10-EXT-DSG-C435 > P10-EXT-ENF-HX460 > P10-EXT-INT-HX440 > P10-EXT-BMB-P439 > P10-EXT-SCD-V450 > P10-EXT-BMB-P450 > P10-EXT-TNQ-V415 > P10-EXT-BMB-P415 > P10-EXT-TNQ-HX435 > P10-EXT-BMB-P435 > P10-EXT-TNQ-V495 > P10-EXT-BMB-P491 > P10-EXT-TNQ-V410 > P10-EXT-AGT-A420C > P10-EXT-BMB-P410 > P10-EXT-TNQ-V420 > P10-EXT-AGT-A420 > P10-EXT-VLV-VSA420 > P10-EXT-TNQ-V420B > P10-EXT-TNQ-TK492 > P10-EXT-BMB-P492 > P10-EXT-VLV-SOV430 > P10-EXT-VLV-SOV426,P10-EXT-LGC-EXTRACCION,Ancestro Project P10-EXT-LGC-EXTRACCION aparece en 7 contenedores.,P10,P10-EXT-LGC-EXTRACCION,P10-EXT-EXT-M202,P10-EXT-LGC-BMB RECIRCULACION,P10-SRA-BMB-BO70,P10-SRA-BMB-JOCKEY,P10-SRA-BMB-BOIN,P10-SRA-BMB-DOSIF,P10-EXT-BMB-P439B,P10-PLL-BMB-BS03,,,,,,,,,,,,,,,,,,,,,,,,,,,,,,,,,,,,,,,,,,,,,,,,,,,,,,,,,,,,,,,,,,,,,,,hay más de un contenedor candidato
contenedor_duplicado,contenedor_por_ancestro_project,P10-EXT-SIS-LUBCENTRAL,SISTEMA LUBRICACION CENTRALIZADA EXTRACCION,227,3,227,P10-EXT-LGC-EXTRACCION,P10-EXT-LGC-EXTRACCION,P10-EXT-LGC-EXTRACCION,P10 > P10-EXT-LGC-EXTRACCION,P10 > P10-EXT-LGC-EXTRACCION > P10-EXT-SIS-LUBCENTRAL,282497,a027b4da-4e9c-44ad-b607-5fb48d4c7061-00044f81,Cubiertas,,Genérico - 400 mm,Genérico - 400 mm,P10-EXT-LGC-BMB,P10 > P10-EXT-LGC-EXTRACCION > P10-EXT-EXT-M202 > P10-EXT-LGC-BMB RECIRCULACION > P10-SRA-BMB-BO70 > P10-SRA-BMB-JOCKEY > P10-SRA-BMB-BOIN > P10-SRA-BMB-DOSIF > P10-EXT-BMB-P439B > P10-PLL-BMB-BS03,contenedor_scoring,282497,a027b4da-4e9c-44ad-b607-5fb48d4c7061-00044f81,P10 > P10-EXT-LGC-EXTRACCION > P10-EXT-EXT-M202 > P10-EXT-LGC-BMB RECIRCULACION > P10-SRA-BMB-BO70 > P10-SRA-BMB-JOCKEY > P10-SRA-BMB-BOIN > P10-SRA-BMB-DOSIF > P10-EXT-BMB-P439B > P10-PLL-BMB-BS03,10,70,NO,200,200,0,ancestro_project_exacto_duplicado,282497:200:P10 > P10-EXT-LGC-EXTRACCION > P10-EXT-EXT-M202 > P10-EXT-LGC-BMB RECIRCULACION > P10-SRA-BMB-BO70 > P10-SRA-BMB-JOCKEY > P10-SRA-BMB-BOIN > P10-SRA-BMB-DOSIF > P10-EXT-BMB-P439B > P10-PLL-BMB-BS03 || 282656:200:P10 > P10-EXT-LGC-EXTRACCION > P10-EXT-TST-DT250 > P10-EXT-CND-HX303 > P10-EXT-LGC-VLV > P10-EXT-VLV-PRV259 > P10-EXT-VLV-PRV258 > P10-EXT-VLV-PRV260 > P10-EXT-MND-M250A > P10-EXT-RDC-RDT250 > P10-EXT-BMB-P250 > P10-EXT-TNQ-V480 > P10-EXT-BMB-P490 > P10-EXT-BMB-P481 > P10-EXT-BMB-P482 > P10-EXT-TNQ-V262 > P10-EXT-TNQ-V475 > P10-EXT-VLV-SOV250 > P10-EXT-VLV-RV255A > P10-EXT-VLV-RV255B > P10-EXT-VLV-RV256A > P10-EXT-VLV-RV256B > P10-EXT-VLV-RV257A > P10-EXT-VLV-RV257B > P10-EXT-VLV-RV258A > P10-EXT-VLV-RV258B > P10-EXT-VLV-RV259 > P10-EXT-VLV-RV260 > P10-EXT-VLV-SOV252 || 282755:200:P10 > P10-EXT-LGC-EXTRACCION > P10-EXT-EXT-M202 > P10-EXT-LGC-HIDROCICLONES > P10-EXT-HDR-HCP01 > P10-EXT-HDR-HCP02 > P10-EXT-HDR-HCP03 > P10-EXT-HDR-HCS01E > P10-EXT-HDR-HCS01O > P10-EXT-HDR-HCS02E > P10-EXT-HDR-HCS02O > P10-EXT-HDR-HCS03E > P10-EXT-HDR-HCS03O > P10-EXT-HDR-HCS04E > P10-EXT-HDR-HCS04O > P10-EXT-HDR-HCS05E > P10-EXT-HDR-HCS05O > P10-EXT-HDR-HCS06E > P10-EXT-HDR-HCS06O > P10-EXT-HDR-HCS07E > P10-EXT-HDR-HCS07O > P10-EXT-HDR-HCS08E > P10-EXT-HDR-HCS08O > P10-EXT-HDR-HCS09E > P10-EXT-HDR-HCS09O > P10-EXT-HDR-HCS10E > P10-EXT-HDR-HCS10O || 282804:200:P10 > P10-EXT-LGC-EXTRACCION > P10-EXT-LGC-RECUP GASES || 282896:200:P10 > P10-EXT-LGC-EXTRACCION > P10-EXT-LGC-SOLVENTE > P10-EXT-BMB-P336 > P10-EXT-BMB-P351 > P10-EXT-PRC-HX302 > P10-EXT-INT-V338 > P10-EXT-RHV-HX337 > P10-EXT-TNQ-V330 > P10-EXT-BMB-P331 > P10-EXT-BMB-P335 > P10-EXT-TNQ-V351 > P10-EXT-TNQ-TKD > P10-EXT-BMB-P335A > P10-EXT-AH101 > P10-EXT-AH103 > P10-EXT-AH102 > P10-EXT-AH105 > P10-EXT-AH104 || 282969:200:P10 > P10-EXT-LGC-EXTRACCION > P10-EXT-LGC-DESTILACION > P10-EXT-EVP-HX301 > P10-EXT-CND-HX305 > P10-EXT-CND-HX304 > P10-EXT-EVP-HX307 > P10-EXT-CND-HX308 > P10-EXT-EVP-HX309 > P10-EXT-BMB-P310 > P10-EXT-INT-HX314 > P10-EXT-STR-V311 > P10-EXT-BMB-P313B > P10-EXT-BMB-P313 > P10-EXT-CND-HX312 > P10-EXT-VLV-TCV-307 > P10-EXT-VLV-TCV-309 || 282997:200:P10 > P10-EXT-LGC-EXTRACCION > P10-EXT-LGC-DESGOMADO > P10-EXT-BMB-PSODA > P10-EXT-BMB-P435A > P10-EXT-CLT-HX445 > P10-EXT-DSG-C425 > P10-EXT-DSG-C430 > P10-EXT-DSG-C435 > P10-EXT-ENF-HX460 > P10-EXT-INT-HX440 > P10-EXT-BMB-P439 > P10-EXT-SCD-V450 > P10-EXT-BMB-P450 > P10-EXT-TNQ-V415 > P10-EXT-BMB-P415 > P10-EXT-TNQ-HX435 > P10-EXT-BMB-P435 > P10-EXT-TNQ-V495 > P10-EXT-BMB-P491 > P10-EXT-TNQ-V410 > P10-EXT-AGT-A420C > P10-EXT-BMB-P410 > P10-EXT-TNQ-V420 > P10-EXT-AGT-A420 > P10-EXT-VLV-VSA420 > P10-EXT-TNQ-V420B > P10-EXT-TNQ-TK492 > P10-EXT-BMB-P492 > P10-EXT-VLV-SOV430 > P10-EXT-VLV-SOV426,P10-EXT-LGC-EXTRACCION,Ancestro Project P10-EXT-LGC-EXTRACCION aparece en 7 contenedores.,P10,P10-EXT-LGC-EXTRACCION,P10-EXT-EXT-M202,P10-EXT-LGC-BMB RECIRCULACION,P10-SRA-BMB-BO70,P10-SRA-BMB-JOCKEY,P10-SRA-BMB-BOIN,P10-SRA-BMB-DOSIF,P10-EXT-BMB-P439B,P10-PLL-BMB-BS03,,,,,,,,,,,,,,,,,,,,,,,,,,,,,,,,,,,,,,,,,,,,,,,,,,,,,,,,,,,,,,,,,,,,,,,hay más de un contenedor candidato
contenedor_duplicado,contenedor_por_ancestro_project,P10-EXT-TRM-TRAMPASOLV,TRAMPA SOLVENTE P10,257,3,257,P10-EXT-LGC-EXTRACCION,P10-EXT-LGC-EXTRACCION,P10-EXT-LGC-EXTRACCION,P10 > P10-EXT-LGC-EXTRACCION,P10 > P10-EXT-LGC-EXTRACCION > P10-EXT-TRM-TRAMPASOLV,282497,a027b4da-4e9c-44ad-b607-5fb48d4c7061-00044f81,Cubiertas,,Genérico - 400 mm,Genérico - 400 mm,P10-EXT-LGC-BMB,P10 > P10-EXT-LGC-EXTRACCION > P10-EXT-EXT-M202 > P10-EXT-LGC-BMB RECIRCULACION > P10-SRA-BMB-BO70 > P10-SRA-BMB-JOCKEY > P10-SRA-BMB-BOIN > P10-SRA-BMB-DOSIF > P10-EXT-BMB-P439B > P10-PLL-BMB-BS03,contenedor_scoring,282497,a027b4da-4e9c-44ad-b607-5fb48d4c7061-00044f81,P10 > P10-EXT-LGC-EXTRACCION > P10-EXT-EXT-M202 > P10-EXT-LGC-BMB RECIRCULACION > P10-SRA-BMB-BO70 > P10-SRA-BMB-JOCKEY > P10-SRA-BMB-BOIN > P10-SRA-BMB-DOSIF > P10-EXT-BMB-P439B > P10-PLL-BMB-BS03,10,70,NO,200,200,0,ancestro_project_exacto_duplicado,282497:200:P10 > P10-EXT-LGC-EXTRACCION > P10-EXT-EXT-M202 > P10-EXT-LGC-BMB RECIRCULACION > P10-SRA-BMB-BO70 > P10-SRA-BMB-JOCKEY > P10-SRA-BMB-BOIN > P10-SRA-BMB-DOSIF > P10-EXT-BMB-P439B > P10-PLL-BMB-BS03 || 282656:200:P10 > P10-EXT-LGC-EXTRACCION > P10-EXT-TST-DT250 > P10-EXT-CND-HX303 > P10-EXT-LGC-VLV > P10-EXT-VLV-PRV259 > P10-EXT-VLV-PRV258 > P10-EXT-VLV-PRV260 > P10-EXT-MND-M250A > P10-EXT-RDC-RDT250 > P10-EXT-BMB-P250 > P10-EXT-TNQ-V480 > P10-EXT-BMB-P490 > P10-EXT-BMB-P481 > P10-EXT-BMB-P482 > P10-EXT-TNQ-V262 > P10-EXT-TNQ-V475 > P10-EXT-VLV-SOV250 > P10-EXT-VLV-RV255A > P10-EXT-VLV-RV255B > P10-EXT-VLV-RV256A > P10-EXT-VLV-RV256B > P10-EXT-VLV-RV257A > P10-EXT-VLV-RV257B > P10-EXT-VLV-RV258A > P10-EXT-VLV-RV258B > P10-EXT-VLV-RV259 > P10-EXT-VLV-RV260 > P10-EXT-VLV-SOV252 || 282755:200:P10 > P10-EXT-LGC-EXTRACCION > P10-EXT-EXT-M202 > P10-EXT-LGC-HIDROCICLONES > P10-EXT-HDR-HCP01 > P10-EXT-HDR-HCP02 > P10-EXT-HDR-HCP03 > P10-EXT-HDR-HCS01E > P10-EXT-HDR-HCS01O > P10-EXT-HDR-HCS02E > P10-EXT-HDR-HCS02O > P10-EXT-HDR-HCS03E > P10-EXT-HDR-HCS03O > P10-EXT-HDR-HCS04E > P10-EXT-HDR-HCS04O > P10-EXT-HDR-HCS05E > P10-EXT-HDR-HCS05O > P10-EXT-HDR-HCS06E > P10-EXT-HDR-HCS06O > P10-EXT-HDR-HCS07E > P10-EXT-HDR-HCS07O > P10-EXT-HDR-HCS08E > P10-EXT-HDR-HCS08O > P10-EXT-HDR-HCS09E > P10-EXT-HDR-HCS09O > P10-EXT-HDR-HCS10E > P10-EXT-HDR-HCS10O || 282804:200:P10 > P10-EXT-LGC-EXTRACCION > P10-EXT-LGC-RECUP GASES || 282896:200:P10 > P10-EXT-LGC-EXTRACCION > P10-EXT-LGC-SOLVENTE > P10-EXT-BMB-P336 > P10-EXT-BMB-P351 > P10-EXT-PRC-HX302 > P10-EXT-INT-V338 > P10-EXT-RHV-HX337 > P10-EXT-TNQ-V330 > P10-EXT-BMB-P331 > P10-EXT-BMB-P335 > P10-EXT-TNQ-V351 > P10-EXT-TNQ-TKD > P10-EXT-BMB-P335A > P10-EXT-AH101 > P10-EXT-AH103 > P10-EXT-AH102 > P10-EXT-AH105 > P10-EXT-AH104 || 282969:200:P10 > P10-EXT-LGC-EXTRACCION > P10-EXT-LGC-DESTILACION > P10-EXT-EVP-HX301 > P10-EXT-CND-HX305 > P10-EXT-CND-HX304 > P10-EXT-EVP-HX307 > P10-EXT-CND-HX308 > P10-EXT-EVP-HX309 > P10-EXT-BMB-P310 > P10-EXT-INT-HX314 > P10-EXT-STR-V311 > P10-EXT-BMB-P313B > P10-EXT-BMB-P313 > P10-EXT-CND-HX312 > P10-EXT-VLV-TCV-307 > P10-EXT-VLV-TCV-309 || 282997:200:P10 > P10-EXT-LGC-EXTRACCION > P10-EXT-LGC-DESGOMADO > P10-EXT-BMB-PSODA > P10-EXT-BMB-P435A > P10-EXT-CLT-HX445 > P10-EXT-DSG-C425 > P10-EXT-DSG-C430 > P10-EXT-DSG-C435 > P10-EXT-ENF-HX460 > P10-EXT-INT-HX440 > P10-EXT-BMB-P439 > P10-EXT-SCD-V450 > P10-EXT-BMB-P450 > P10-EXT-TNQ-V415 > P10-EXT-BMB-P415 > P10-EXT-TNQ-HX435 > P10-EXT-BMB-P435 > P10-EXT-TNQ-V495 > P10-EXT-BMB-P491 > P10-EXT-TNQ-V410 > P10-EXT-AGT-A420C > P10-EXT-BMB-P410 > P10-EXT-TNQ-V420 > P10-EXT-AGT-A420 > P10-EXT-VLV-VSA420 > P10-EXT-TNQ-V420B > P10-EXT-TNQ-TK492 > P10-EXT-BMB-P492 > P10-EXT-VLV-SOV430 > P10-EXT-VLV-SOV426,P10-EXT-LGC-EXTRACCION,Ancestro Project P10-EXT-LGC-EXTRACCION aparece en 7 contenedores.,P10,P10-EXT-LGC-EXTRACCION,P10-EXT-EXT-M202,P10-EXT-LGC-BMB RECIRCULACION,P10-SRA-BMB-BO70,P10-SRA-BMB-JOCKEY,P10-SRA-BMB-BOIN,P10-SRA-BMB-DOSIF,P10-EXT-BMB-P439B,P10-PLL-BMB-BS03,,,,,,,,,,,,,,,,,,,,,,,,,,,,,,,,,,,,,,,,,,,,,,,,,,,,,,,,,,,,,,,,,,,,,,,hay más de un contenedor candidato
contenedor_duplicado,contenedor_por_ancestro_project,P10-EXT-BMB-BOEFL01,BOMBA DE EFLUENTES 1 (EN TRAMPA SOLV.) LADO ESTE,258,4,258,P10-EXT-TRM-TRAMPASOLV,P10-EXT-TRM-TRAMPASOLV,P10-EXT-LGC-EXTRACCION > P10-EXT-TRM-TRAMPASOLV,P10 > P10-EXT-LGC-EXTRACCION > P10-EXT-TRM-TRAMPASOLV,P10 > P10-EXT-LGC-EXTRACCION > P10-EXT-TRM-TRAMPASOLV > P10-EXT-BMB-BOEFL01,282497,a027b4da-4e9c-44ad-b607-5fb48d4c7061-00044f81,Cubiertas,,Genérico - 400 mm,Genérico - 400 mm,P10-EXT-LGC-BMB,P10 > P10-EXT-LGC-EXTRACCION > P10-EXT-EXT-M202 > P10-EXT-LGC-BMB RECIRCULACION > P10-SRA-BMB-BO70 > P10-SRA-BMB-JOCKEY > P10-SRA-BMB-BOIN > P10-SRA-BMB-DOSIF > P10-EXT-BMB-P439B > P10-PLL-BMB-BS03,contenedor_scoring,282497,a027b4da-4e9c-44ad-b607-5fb48d4c7061-00044f81,P10 > P10-EXT-LGC-EXTRACCION > P10-EXT-EXT-M202 > P10-EXT-LGC-BMB RECIRCULACION > P10-SRA-BMB-BO70 > P10-SRA-BMB-JOCKEY > P10-SRA-BMB-BOIN > P10-SRA-BMB-DOSIF > P10-EXT-BMB-P439B > P10-PLL-BMB-BS03,10,70,NO,200,200,0,ancestro_project_exacto_duplicado,282497:200:P10 > P10-EXT-LGC-EXTRACCION > P10-EXT-EXT-M202 > P10-EXT-LGC-BMB RECIRCULACION > P10-SRA-BMB-BO70 > P10-SRA-BMB-JOCKEY > P10-SRA-BMB-BOIN > P10-SRA-BMB-DOSIF > P10-EXT-BMB-P439B > P10-PLL-BMB-BS03 || 282656:200:P10 > P10-EXT-LGC-EXTRACCION > P10-EXT-TST-DT250 > P10-EXT-CND-HX303 > P10-EXT-LGC-VLV > P10-EXT-VLV-PRV259 > P10-EXT-VLV-PRV258 > P10-EXT-VLV-PRV260 > P10-EXT-MND-M250A > P10-EXT-RDC-RDT250 > P10-EXT-BMB-P250 > P10-EXT-TNQ-V480 > P10-EXT-BMB-P490 > P10-EXT-BMB-P481 > P10-EXT-BMB-P482 > P10-EXT-TNQ-V262 > P10-EXT-TNQ-V475 > P10-EXT-VLV-SOV250 > P10-EXT-VLV-RV255A > P10-EXT-VLV-RV255B > P10-EXT-VLV-RV256A > P10-EXT-VLV-RV256B > P10-EXT-VLV-RV257A > P10-EXT-VLV-RV257B > P10-EXT-VLV-RV258A > P10-EXT-VLV-RV258B > P10-EXT-VLV-RV259 > P10-EXT-VLV-RV260 > P10-EXT-VLV-SOV252 || 282755:200:P10 > P10-EXT-LGC-EXTRACCION > P10-EXT-EXT-M202 > P10-EXT-LGC-HIDROCICLONES > P10-EXT-HDR-HCP01 > P10-EXT-HDR-HCP02 > P10-EXT-HDR-HCP03 > P10-EXT-HDR-HCS01E > P10-EXT-HDR-HCS01O > P10-EXT-HDR-HCS02E > P10-EXT-HDR-HCS02O > P10-EXT-HDR-HCS03E > P10-EXT-HDR-HCS03O > P10-EXT-HDR-HCS04E > P10-EXT-HDR-HCS04O > P10-EXT-HDR-HCS05E > P10-EXT-HDR-HCS05O > P10-EXT-HDR-HCS06E > P10-EXT-HDR-HCS06O > P10-EXT-HDR-HCS07E > P10-EXT-HDR-HCS07O > P10-EXT-HDR-HCS08E > P10-EXT-HDR-HCS08O > P10-EXT-HDR-HCS09E > P10-EXT-HDR-HCS09O > P10-EXT-HDR-HCS10E > P10-EXT-HDR-HCS10O || 282804:200:P10 > P10-EXT-LGC-EXTRACCION > P10-EXT-LGC-RECUP GASES || 282896:200:P10 > P10-EXT-LGC-EXTRACCION > P10-EXT-LGC-SOLVENTE > P10-EXT-BMB-P336 > P10-EXT-BMB-P351 > P10-EXT-PRC-HX302 > P10-EXT-INT-V338 > P10-EXT-RHV-HX337 > P10-EXT-TNQ-V330 > P10-EXT-BMB-P331 > P10-EXT-BMB-P335 > P10-EXT-TNQ-V351 > P10-EXT-TNQ-TKD > P10-EXT-BMB-P335A > P10-EXT-AH101 > P10-EXT-AH103 > P10-EXT-AH102 > P10-EXT-AH105 > P10-EXT-AH104 || 282969:200:P10 > P10-EXT-LGC-EXTRACCION > P10-EXT-LGC-DESTILACION > P10-EXT-EVP-HX301 > P10-EXT-CND-HX305 > P10-EXT-CND-HX304 > P10-EXT-EVP-HX307 > P10-EXT-CND-HX308 > P10-EXT-EVP-HX309 > P10-EXT-BMB-P310 > P10-EXT-INT-HX314 > P10-EXT-STR-V311 > P10-EXT-BMB-P313B > P10-EXT-BMB-P313 > P10-EXT-CND-HX312 > P10-EXT-VLV-TCV-307 > P10-EXT-VLV-TCV-309 || 282997:200:P10 > P10-EXT-LGC-EXTRACCION > P10-EXT-LGC-DESGOMADO > P10-EXT-BMB-PSODA > P10-EXT-BMB-P435A > P10-EXT-CLT-HX445 > P10-EXT-DSG-C425 > P10-EXT-DSG-C430 > P10-EXT-DSG-C435 > P10-EXT-ENF-HX460 > P10-EXT-INT-HX440 > P10-EXT-BMB-P439 > P10-EXT-SCD-V450 > P10-EXT-BMB-P450 > P10-EXT-TNQ-V415 > P10-EXT-BMB-P415 > P10-EXT-TNQ-HX435 > P10-EXT-BMB-P435 > P10-EXT-TNQ-V495 > P10-EXT-BMB-P491 > P10-EXT-TNQ-V410 > P10-EXT-AGT-A420C > P10-EXT-BMB-P410 > P10-EXT-TNQ-V420 > P10-EXT-AGT-A420 > P10-EXT-VLV-VSA420 > P10-EXT-TNQ-V420B > P10-EXT-TNQ-TK492 > P10-EXT-BMB-P492 > P10-EXT-VLV-SOV430 > P10-EXT-VLV-SOV426,P10-EXT-LGC-EXTRACCION,Ancestro Project P10-EXT-LGC-EXTRACCION aparece en 7 contenedores.,P10,P10-EXT-LGC-EXTRACCION,P10-EXT-EXT-M202,P10-EXT-LGC-BMB RECIRCULACION,P10-SRA-BMB-BO70,P10-SRA-BMB-JOCKEY,P10-SRA-BMB-BOIN,P10-SRA-BMB-DOSIF,P10-EXT-BMB-P439B,P10-PLL-BMB-BS03,,,,,,,,,,,,,,,,,,,,,,,,,,,,,,,,,,,,,,,,,,,,,,,,,,,,,,,,,,,,,,,,,,,,,,,hay más de un contenedor candidato
contenedor_duplicado,contenedor_por_ancestro_project,P10-EXT-BMB-BOEFL02,BOMBA DE EFLUENTES 2 (EN TRAMPA SOLV.) LADO ESTE,259,4,259,P10-EXT-TRM-TRAMPASOLV,P10-EXT-TRM-TRAMPASOLV,P10-EXT-LGC-EXTRACCION > P10-EXT-TRM-TRAMPASOLV,P10 > P10-EXT-LGC-EXTRACCION > P10-EXT-TRM-TRAMPASOLV,P10 > P10-EXT-LGC-EXTRACCION > P10-EXT-TRM-TRAMPASOLV > P10-EXT-BMB-BOEFL02,282497,a027b4da-4e9c-44ad-b607-5fb48d4c7061-00044f81,Cubiertas,,Genérico - 400 mm,Genérico - 400 mm,P10-EXT-LGC-BMB,P10 > P10-EXT-LGC-EXTRACCION > P10-EXT-EXT-M202 > P10-EXT-LGC-BMB RECIRCULACION > P10-SRA-BMB-BO70 > P10-SRA-BMB-JOCKEY > P10-SRA-BMB-BOIN > P10-SRA-BMB-DOSIF > P10-EXT-BMB-P439B > P10-PLL-BMB-BS03,contenedor_scoring,282497,a027b4da-4e9c-44ad-b607-5fb48d4c7061-00044f81,P10 > P10-EXT-LGC-EXTRACCION > P10-EXT-EXT-M202 > P10-EXT-LGC-BMB RECIRCULACION > P10-SRA-BMB-BO70 > P10-SRA-BMB-JOCKEY > P10-SRA-BMB-BOIN > P10-SRA-BMB-DOSIF > P10-EXT-BMB-P439B > P10-PLL-BMB-BS03,10,70,NO,200,200,0,ancestro_project_exacto_duplicado,282497:200:P10 > P10-EXT-LGC-EXTRACCION > P10-EXT-EXT-M202 > P10-EXT-LGC-BMB RECIRCULACION > P10-SRA-BMB-BO70 > P10-SRA-BMB-JOCKEY > P10-SRA-BMB-BOIN > P10-SRA-BMB-DOSIF > P10-EXT-BMB-P439B > P10-PLL-BMB-BS03 || 282656:200:P10 > P10-EXT-LGC-EXTRACCION > P10-EXT-TST-DT250 > P10-EXT-CND-HX303 > P10-EXT-LGC-VLV > P10-EXT-VLV-PRV259 > P10-EXT-VLV-PRV258 > P10-EXT-VLV-PRV260 > P10-EXT-MND-M250A > P10-EXT-RDC-RDT250 > P10-EXT-BMB-P250 > P10-EXT-TNQ-V480 > P10-EXT-BMB-P490 > P10-EXT-BMB-P481 > P10-EXT-BMB-P482 > P10-EXT-TNQ-V262 > P10-EXT-TNQ-V475 > P10-EXT-VLV-SOV250 > P10-EXT-VLV-RV255A > P10-EXT-VLV-RV255B > P10-EXT-VLV-RV256A > P10-EXT-VLV-RV256B > P10-EXT-VLV-RV257A > P10-EXT-VLV-RV257B > P10-EXT-VLV-RV258A > P10-EXT-VLV-RV258B > P10-EXT-VLV-RV259 > P10-EXT-VLV-RV260 > P10-EXT-VLV-SOV252 || 282755:200:P10 > P10-EXT-LGC-EXTRACCION > P10-EXT-EXT-M202 > P10-EXT-LGC-HIDROCICLONES > P10-EXT-HDR-HCP01 > P10-EXT-HDR-HCP02 > P10-EXT-HDR-HCP03 > P10-EXT-HDR-HCS01E > P10-EXT-HDR-HCS01O > P10-EXT-HDR-HCS02E > P10-EXT-HDR-HCS02O > P10-EXT-HDR-HCS03E > P10-EXT-HDR-HCS03O > P10-EXT-HDR-HCS04E > P10-EXT-HDR-HCS04O > P10-EXT-HDR-HCS05E > P10-EXT-HDR-HCS05O > P10-EXT-HDR-HCS06E > P10-EXT-HDR-HCS06O > P10-EXT-HDR-HCS07E > P10-EXT-HDR-HCS07O > P10-EXT-HDR-HCS08E > P10-EXT-HDR-HCS08O > P10-EXT-HDR-HCS09E > P10-EXT-HDR-HCS09O > P10-EXT-HDR-HCS10E > P10-EXT-HDR-HCS10O || 282804:200:P10 > P10-EXT-LGC-EXTRACCION > P10-EXT-LGC-RECUP GASES || 282896:200:P10 > P10-EXT-LGC-EXTRACCION > P10-EXT-LGC-SOLVENTE > P10-EXT-BMB-P336 > P10-EXT-BMB-P351 > P10-EXT-PRC-HX302 > P10-EXT-INT-V338 > P10-EXT-RHV-HX337 > P10-EXT-TNQ-V330 > P10-EXT-BMB-P331 > P10-EXT-BMB-P335 > P10-EXT-TNQ-V351 > P10-EXT-TNQ-TKD > P10-EXT-BMB-P335A > P10-EXT-AH101 > P10-EXT-AH103 > P10-EXT-AH102 > P10-EXT-AH105 > P10-EXT-AH104 || 282969:200:P10 > P10-EXT-LGC-EXTRACCION > P10-EXT-LGC-DESTILACION > P10-EXT-EVP-HX301 > P10-EXT-CND-HX305 > P10-EXT-CND-HX304 > P10-EXT-EVP-HX307 > P10-EXT-CND-HX308 > P10-EXT-EVP-HX309 > P10-EXT-BMB-P310 > P10-EXT-INT-HX314 > P10-EXT-STR-V311 > P10-EXT-BMB-P313B > P10-EXT-BMB-P313 > P10-EXT-CND-HX312 > P10-EXT-VLV-TCV-307 > P10-EXT-VLV-TCV-309 || 282997:200:P10 > P10-EXT-LGC-EXTRACCION > P10-EXT-LGC-DESGOMADO > P10-EXT-BMB-PSODA > P10-EXT-BMB-P435A > P10-EXT-CLT-HX445 > P10-EXT-DSG-C425 > P10-EXT-DSG-C430 > P10-EXT-DSG-C435 > P10-EXT-ENF-HX460 > P10-EXT-INT-HX440 > P10-EXT-BMB-P439 > P10-EXT-SCD-V450 > P10-EXT-BMB-P450 > P10-EXT-TNQ-V415 > P10-EXT-BMB-P415 > P10-EXT-TNQ-HX435 > P10-EXT-BMB-P435 > P10-EXT-TNQ-V495 > P10-EXT-BMB-P491 > P10-EXT-TNQ-V410 > P10-EXT-AGT-A420C > P10-EXT-BMB-P410 > P10-EXT-TNQ-V420 > P10-EXT-AGT-A420 > P10-EXT-VLV-VSA420 > P10-EXT-TNQ-V420B > P10-EXT-TNQ-TK492 > P10-EXT-BMB-P492 > P10-EXT-VLV-SOV430 > P10-EXT-VLV-SOV426,P10-EXT-LGC-EXTRACCION,Ancestro Project P10-EXT-LGC-EXTRACCION aparece en 7 contenedores.,P10,P10-EXT-LGC-EXTRACCION,P10-EXT-EXT-M202,P10-EXT-LGC-BMB RECIRCULACION,P10-SRA-BMB-BO70,P10-SRA-BMB-JOCKEY,P10-SRA-BMB-BOIN,P10-SRA-BMB-DOSIF,P10-EXT-BMB-P439B,P10-PLL-BMB-BS03,,,,,,,,,,,,,,,,,,,,,,,,,,,,,,,,,,,,,,,,,,,,,,,,,,,,,,,,,,,,,,,,,,,,,,,hay más de un contenedor candidato
contenedor_duplicado,contenedor_por_ancestro_project,P10-EXT-BMB-WILDEN,BOMBA NEUMATICA WILDEN TRAMPA DE SOLVENTE,260,4,260,P10-EXT-TRM-TRAMPASOLV,P10-EXT-TRM-TRAMPASOLV,P10-EXT-LGC-EXTRACCION > P10-EXT-TRM-TRAMPASOLV,P10 > P10-EXT-LGC-EXTRACCION > P10-EXT-TRM-TRAMPASOLV,P10 > P10-EXT-LGC-EXTRACCION > P10-EXT-TRM-TRAMPASOLV > P10-EXT-BMB-WILDEN,282497,a027b4da-4e9c-44ad-b607-5fb48d4c7061-00044f81,Cubiertas,,Genérico - 400 mm,Genérico - 400 mm,P10-EXT-LGC-BMB,P10 > P10-EXT-LGC-EXTRACCION > P10-EXT-EXT-M202 > P10-EXT-LGC-BMB RECIRCULACION > P10-SRA-BMB-BO70 > P10-SRA-BMB-JOCKEY > P10-SRA-BMB-BOIN > P10-SRA-BMB-DOSIF > P10-EXT-BMB-P439B > P10-PLL-BMB-BS03,contenedor_scoring,282497,a027b4da-4e9c-44ad-b607-5fb48d4c7061-00044f81,P10 > P10-EXT-LGC-EXTRACCION > P10-EXT-EXT-M202 > P10-EXT-LGC-BMB RECIRCULACION > P10-SRA-BMB-BO70 > P10-SRA-BMB-JOCKEY > P10-SRA-BMB-BOIN > P10-SRA-BMB-DOSIF > P10-EXT-BMB-P439B > P10-PLL-BMB-BS03,10,70,NO,200,200,0,ancestro_project_exacto_duplicado,282497:200:P10 > P10-EXT-LGC-EXTRACCION > P10-EXT-EXT-M202 > P10-EXT-LGC-BMB RECIRCULACION > P10-SRA-BMB-BO70 > P10-SRA-BMB-JOCKEY > P10-SRA-BMB-BOIN > P10-SRA-BMB-DOSIF > P10-EXT-BMB-P439B > P10-PLL-BMB-BS03 || 282656:200:P10 > P10-EXT-LGC-EXTRACCION > P10-EXT-TST-DT250 > P10-EXT-CND-HX303 > P10-EXT-LGC-VLV > P10-EXT-VLV-PRV259 > P10-EXT-VLV-PRV258 > P10-EXT-VLV-PRV260 > P10-EXT-MND-M250A > P10-EXT-RDC-RDT250 > P10-EXT-BMB-P250 > P10-EXT-TNQ-V480 > P10-EXT-BMB-P490 > P10-EXT-BMB-P481 > P10-EXT-BMB-P482 > P10-EXT-TNQ-V262 > P10-EXT-TNQ-V475 > P10-EXT-VLV-SOV250 > P10-EXT-VLV-RV255A > P10-EXT-VLV-RV255B > P10-EXT-VLV-RV256A > P10-EXT-VLV-RV256B > P10-EXT-VLV-RV257A > P10-EXT-VLV-RV257B > P10-EXT-VLV-RV258A > P10-EXT-VLV-RV258B > P10-EXT-VLV-RV259 > P10-EXT-VLV-RV260 > P10-EXT-VLV-SOV252 || 282755:200:P10 > P10-EXT-LGC-EXTRACCION > P10-EXT-EXT-M202 > P10-EXT-LGC-HIDROCICLONES > P10-EXT-HDR-HCP01 > P10-EXT-HDR-HCP02 > P10-EXT-HDR-HCP03 > P10-EXT-HDR-HCS01E > P10-EXT-HDR-HCS01O > P10-EXT-HDR-HCS02E > P10-EXT-HDR-HCS02O > P10-EXT-HDR-HCS03E > P10-EXT-HDR-HCS03O > P10-EXT-HDR-HCS04E > P10-EXT-HDR-HCS04O > P10-EXT-HDR-HCS05E > P10-EXT-HDR-HCS05O > P10-EXT-HDR-HCS06E > P10-EXT-HDR-HCS06O > P10-EXT-HDR-HCS07E > P10-EXT-HDR-HCS07O > P10-EXT-HDR-HCS08E > P10-EXT-HDR-HCS08O > P10-EXT-HDR-HCS09E > P10-EXT-HDR-HCS09O > P10-EXT-HDR-HCS10E > P10-EXT-HDR-HCS10O || 282804:200:P10 > P10-EXT-LGC-EXTRACCION > P10-EXT-LGC-RECUP GASES || 282896:200:P10 > P10-EXT-LGC-EXTRACCION > P10-EXT-LGC-SOLVENTE > P10-EXT-BMB-P336 > P10-EXT-BMB-P351 > P10-EXT-PRC-HX302 > P10-EXT-INT-V338 > P10-EXT-RHV-HX337 > P10-EXT-TNQ-V330 > P10-EXT-BMB-P331 > P10-EXT-BMB-P335 > P10-EXT-TNQ-V351 > P10-EXT-TNQ-TKD > P10-EXT-BMB-P335A > P10-EXT-AH101 > P10-EXT-AH103 > P10-EXT-AH102 > P10-EXT-AH105 > P10-EXT-AH104 || 282969:200:P10 > P10-EXT-LGC-EXTRACCION > P10-EXT-LGC-DESTILACION > P10-EXT-EVP-HX301 > P10-EXT-CND-HX305 > P10-EXT-CND-HX304 > P10-EXT-EVP-HX307 > P10-EXT-CND-HX308 > P10-EXT-EVP-HX309 > P10-EXT-BMB-P310 > P10-EXT-INT-HX314 > P10-EXT-STR-V311 > P10-EXT-BMB-P313B > P10-EXT-BMB-P313 > P10-EXT-CND-HX312 > P10-EXT-VLV-TCV-307 > P10-EXT-VLV-TCV-309 || 282997:200:P10 > P10-EXT-LGC-EXTRACCION > P10-EXT-LGC-DESGOMADO > P10-EXT-BMB-PSODA > P10-EXT-BMB-P435A > P10-EXT-CLT-HX445 > P10-EXT-DSG-C425 > P10-EXT-DSG-C430 > P10-EXT-DSG-C435 > P10-EXT-ENF-HX460 > P10-EXT-INT-HX440 > P10-EXT-BMB-P439 > P10-EXT-SCD-V450 > P10-EXT-BMB-P450 > P10-EXT-TNQ-V415 > P10-EXT-BMB-P415 > P10-EXT-TNQ-HX435 > P10-EXT-BMB-P435 > P10-EXT-TNQ-V495 > P10-EXT-BMB-P491 > P10-EXT-TNQ-V410 > P10-EXT-AGT-A420C > P10-EXT-BMB-P410 > P10-EXT-TNQ-V420 > P10-EXT-AGT-A420 > P10-EXT-VLV-VSA420 > P10-EXT-TNQ-V420B > P10-EXT-TNQ-TK492 > P10-EXT-BMB-P492 > P10-EXT-VLV-SOV430 > P10-EXT-VLV-SOV426,P10-EXT-LGC-EXTRACCION,Ancestro Project P10-EXT-LGC-EXTRACCION aparece en 7 contenedores.,P10,P10-EXT-LGC-EXTRACCION,P10-EXT-EXT-M202,P10-EXT-LGC-BMB RECIRCULACION,P10-SRA-BMB-BO70,P10-SRA-BMB-JOCKEY,P10-SRA-BMB-BOIN,P10-SRA-BMB-DOSIF,P10-EXT-BMB-P439B,P10-PLL-BMB-BS03,,,,,,,,,,,,,,,,,,,,,,,,,,,,,,,,,,,,,,,,,,,,,,,,,,,,,,,,,,,,,,,,,,,,,,,hay más de un contenedor candidato
contenedor_duplicado,contenedor_por_ancestro_project,P10-EXT-BMB-P203,BOMBA RECUPERO ACETEITE,261,4,261,P10-EXT-TRM-TRAMPASOLV,P10-EXT-TRM-TRAMPASOLV,P10-EXT-LGC-EXTRACCION > P10-EXT-TRM-TRAMPASOLV,P10 > P10-EXT-LGC-EXTRACCION > P10-EXT-TRM-TRAMPASOLV,P10 > P10-EXT-LGC-EXTRACCION > P10-EXT-TRM-TRAMPASOLV > P10-EXT-BMB-P203,282497,a027b4da-4e9c-44ad-b607-5fb48d4c7061-00044f81,Cubiertas,,Genérico - 400 mm,Genérico - 400 mm,P10-EXT-LGC-BMB,P10 > P10-EXT-LGC-EXTRACCION > P10-EXT-EXT-M202 > P10-EXT-LGC-BMB RECIRCULACION > P10-SRA-BMB-BO70 > P10-SRA-BMB-JOCKEY > P10-SRA-BMB-BOIN > P10-SRA-BMB-DOSIF > P10-EXT-BMB-P439B > P10-PLL-BMB-BS03,contenedor_scoring,282497,a027b4da-4e9c-44ad-b607-5fb48d4c7061-00044f81,P10 > P10-EXT-LGC-EXTRACCION > P10-EXT-EXT-M202 > P10-EXT-LGC-BMB RECIRCULACION > P10-SRA-BMB-BO70 > P10-SRA-BMB-JOCKEY > P10-SRA-BMB-BOIN > P10-SRA-BMB-DOSIF > P10-EXT-BMB-P439B > P10-PLL-BMB-BS03,10,70,NO,200,200,0,ancestro_project_exacto_duplicado,282497:200:P10 > P10-EXT-LGC-EXTRACCION > P10-EXT-EXT-M202 > P10-EXT-LGC-BMB RECIRCULACION > P10-SRA-BMB-BO70 > P10-SRA-BMB-JOCKEY > P10-SRA-BMB-BOIN > P10-SRA-BMB-DOSIF > P10-EXT-BMB-P439B > P10-PLL-BMB-BS03 || 282656:200:P10 > P10-EXT-LGC-EXTRACCION > P10-EXT-TST-DT250 > P10-EXT-CND-HX303 > P10-EXT-LGC-VLV > P10-EXT-VLV-PRV259 > P10-EXT-VLV-PRV258 > P10-EXT-VLV-PRV260 > P10-EXT-MND-M250A > P10-EXT-RDC-RDT250 > P10-EXT-BMB-P250 > P10-EXT-TNQ-V480 > P10-EXT-BMB-P490 > P10-EXT-BMB-P481 > P10-EXT-BMB-P482 > P10-EXT-TNQ-V262 > P10-EXT-TNQ-V475 > P10-EXT-VLV-SOV250 > P10-EXT-VLV-RV255A > P10-EXT-VLV-RV255B > P10-EXT-VLV-RV256A > P10-EXT-VLV-RV256B > P10-EXT-VLV-RV257A > P10-EXT-VLV-RV257B > P10-EXT-VLV-RV258A > P10-EXT-VLV-RV258B > P10-EXT-VLV-RV259 > P10-EXT-VLV-RV260 > P10-EXT-VLV-SOV252 || 282755:200:P10 > P10-EXT-LGC-EXTRACCION > P10-EXT-EXT-M202 > P10-EXT-LGC-HIDROCICLONES > P10-EXT-HDR-HCP01 > P10-EXT-HDR-HCP02 > P10-EXT-HDR-HCP03 > P10-EXT-HDR-HCS01E > P10-EXT-HDR-HCS01O > P10-EXT-HDR-HCS02E > P10-EXT-HDR-HCS02O > P10-EXT-HDR-HCS03E > P10-EXT-HDR-HCS03O > P10-EXT-HDR-HCS04E > P10-EXT-HDR-HCS04O > P10-EXT-HDR-HCS05E > P10-EXT-HDR-HCS05O > P10-EXT-HDR-HCS06E > P10-EXT-HDR-HCS06O > P10-EXT-HDR-HCS07E > P10-EXT-HDR-HCS07O > P10-EXT-HDR-HCS08E > P10-EXT-HDR-HCS08O > P10-EXT-HDR-HCS09E > P10-EXT-HDR-HCS09O > P10-EXT-HDR-HCS10E > P10-EXT-HDR-HCS10O || 282804:200:P10 > P10-EXT-LGC-EXTRACCION > P10-EXT-LGC-RECUP GASES || 282896:200:P10 > P10-EXT-LGC-EXTRACCION > P10-EXT-LGC-SOLVENTE > P10-EXT-BMB-P336 > P10-EXT-BMB-P351 > P10-EXT-PRC-HX302 > P10-EXT-INT-V338 > P10-EXT-RHV-HX337 > P10-EXT-TNQ-V330 > P10-EXT-BMB-P331 > P10-EXT-BMB-P335 > P10-EXT-TNQ-V351 > P10-EXT-TNQ-TKD > P10-EXT-BMB-P335A > P10-EXT-AH101 > P10-EXT-AH103 > P10-EXT-AH102 > P10-EXT-AH105 > P10-EXT-AH104 || 282969:200:P10 > P10-EXT-LGC-EXTRACCION > P10-EXT-LGC-DESTILACION > P10-EXT-EVP-HX301 > P10-EXT-CND-HX305 > P10-EXT-CND-HX304 > P10-EXT-EVP-HX307 > P10-EXT-CND-HX308 > P10-EXT-EVP-HX309 > P10-EXT-BMB-P310 > P10-EXT-INT-HX314 > P10-EXT-STR-V311 > P10-EXT-BMB-P313B > P10-EXT-BMB-P313 > P10-EXT-CND-HX312 > P10-EXT-VLV-TCV-307 > P10-EXT-VLV-TCV-309 || 282997:200:P10 > P10-EXT-LGC-EXTRACCION > P10-EXT-LGC-DESGOMADO > P10-EXT-BMB-PSODA > P10-EXT-BMB-P435A > P10-EXT-CLT-HX445 > P10-EXT-DSG-C425 > P10-EXT-DSG-C430 > P10-EXT-DSG-C435 > P10-EXT-ENF-HX460 > P10-EXT-INT-HX440 > P10-EXT-BMB-P439 > P10-EXT-SCD-V450 > P10-EXT-BMB-P450 > P10-EXT-TNQ-V415 > P10-EXT-BMB-P415 > P10-EXT-TNQ-HX435 > P10-EXT-BMB-P435 > P10-EXT-TNQ-V495 > P10-EXT-BMB-P491 > P10-EXT-TNQ-V410 > P10-EXT-AGT-A420C > P10-EXT-BMB-P410 > P10-EXT-TNQ-V420 > P10-EXT-AGT-A420 > P10-EXT-VLV-VSA420 > P10-EXT-TNQ-V420B > P10-EXT-TNQ-TK492 > P10-EXT-BMB-P492 > P10-EXT-VLV-SOV430 > P10-EXT-VLV-SOV426,P10-EXT-LGC-EXTRACCION,Ancestro Project P10-EXT-LGC-EXTRACCION aparece en 7 contenedores.,P10,P10-EXT-LGC-EXTRACCION,P10-EXT-EXT-M202,P10-EXT-LGC-BMB RECIRCULACION,P10-SRA-BMB-BO70,P10-SRA-BMB-JOCKEY,P10-SRA-BMB-BOIN,P10-SRA-BMB-DOSIF,P10-EXT-BMB-P439B,P10-PLL-BMB-BS03,,,,,,,,,,,,,,,,,,,,,,,,,,,,,,,,,,,,,,,,,,,,,,,,,,,,,,,,,,,,,,,,,,,,,,,hay más de un contenedor candidato
duplicado,elemento_puntual,P10-HRN-LGC-HARINA,SECTOR HARINA P10,262,2,262,P10,,,P10,P10 > P10-HRN-LGC-HARINA,227678,25d0f85d-57da-4cae-8ca2-9b682363407e-0003795e,Cubiertas,,Genérico - 400 mm,Genérico - 400 mm,P10-HRN-LGC-MOLINOS,P10 > P10-HRN-LGC-HARINA > P10-HRN-LGC-MOLINOS > P10-HRN-MLN-M01 > P10-HRN-ALM-MA01 > P10-HRN-RSC-MSF01 > P10-HRN-MLN-M02 > P10-HRN-ALM-MA02 > P10-HRN-RSC-MSF02 > P10-HRN-MLN-M03 > P10-HRN-ALM-MA03 > P10-HRN-RSC-MSF03,btz_description_02,,,,,,,,,,,,,10 elementos Revit contienen el código exacto.,P10,P10-HRN-LGC-HARINA,P10-HRN-LGC-MOLINOS,P10-HRN-MLN-M01,P10-HRN-ALM-MA01,P10-HRN-RSC-MSF01,P10-HRN-MLN-M02,P10-HRN-ALM-MA02,P10-HRN-RSC-MSF02,P10-HRN-MLN-M03,P10-HRN-ALM-MA03,P10-HRN-RSC-MSF03,,,,,,,,,,,,,,,,,,,,,,,,,,,,,,,,,,,,,,,,,,,,,,,,,,,,,,,,,,,,,,,,,,,,,hay más de un elemento puntual posible
duplicado,elemento_puntual,P10-HRN-LGC-HARINA,SECTOR HARINA P10,262,2,262,P10,,,P10,P10 > P10-HRN-LGC-HARINA,281487,a027b4da-4e9c-44ad-b607-5fb48d4c7061-00044b8f,Cubiertas,,Genérico - 400 mm,Genérico - 400 mm,P10-HRN-ENF-EG02,P10 > P10-HRN-LGC-HARINA > P10-HRN-ENF-EG02 > P10-HRN-RSC-EGSF05 > P10-HRN-RSC-EGSF06 > P10-HRN-RSC-EGSF07 > P10-HRN-VNT-VE35 > P10-HRN-CCL-CVE35 > P10-HRN-VLV-VR28 > P10-HRN-VNT-VE36 > P10-HRN-CCL-CVE36 > P10-HRN-VLV-VR29 > P10-HRN-VNT-VE37 > P10-HRN-CCL-CVE37 > P10-HRN-VLV-VR30 > P10-HRN-VNT-VE38 > P10-HRN-CCL-CVE38 > P10-HRN-VLV-VR31,btz_description_02,,,,,,,,,,,,,10 elementos Revit contienen el código exacto.,P10,P10-HRN-LGC-HARINA,P10-HRN-ENF-EG02,P10-HRN-RSC-EGSF05,P10-HRN-RSC-EGSF06,P10-HRN-RSC-EGSF07,P10-HRN-VNT-VE35,P10-HRN-CCL-CVE35,P10-HRN-VLV-VR28,P10-HRN-VNT-VE36,P10-HRN-CCL-CVE36,P10-HRN-VLV-VR29,P10-HRN-VNT-VE37,P10-HRN-CCL-CVE37,P10-HRN-VLV-VR30,P10-HRN-VNT-VE38,P10-HRN-CCL-CVE38,P10-HRN-VLV-VR31,,,,,,,,,,,,,,,,,,,,,,,,,,,,,,,,,,,,,,,,,,,,,,,,,,,,,,,,,,,,,,,hay más de un elemento puntual posible
duplicado,elemento_puntual,P10-HRN-LGC-HARINA,SECTOR HARINA P10,262,2,262,P10,,,P10,P10 > P10-HRN-LGC-HARINA,358462,1dd21141-8de6-4d43-b824-f67da67065de-0005783e,Modelos genéricos,Biodiesel3,Biodiesel,Biodiesel,P10-HRN-SRT-SR01,P10 > P10-HRN-LGC-HARINA > P10-HRN-LGC-SEC. ROTATIVOS > P10-HRN-SRT-SR01 > P10-HRN-RSC-SF04 > P10-HRN-VLV-VALV,btz_description_02,,,,,,,,,,,,,10 elementos Revit contienen el código exacto.,P10,P10-HRN-LGC-HARINA,P10-HRN-LGC-SEC. ROTATIVOS,P10-HRN-SRT-SR01,P10-HRN-RSC-SF04,P10-HRN-VLV-VALV,,,,,,,,,,,,,,,,,,,,,,,,,,,,,,,,,,,,,,,,,,,,,,,,,,,,,,,,,,,,,,,,,,,,,,,,,,,hay más de un elemento puntual posible
duplicado,elemento_puntual,P10-HRN-LGC-HARINA,SECTOR HARINA P10,262,2,262,P10,,,P10,P10 > P10-HRN-LGC-HARINA,358495,1dd21141-8de6-4d43-b824-f67da67065de-0005785f,Modelos genéricos,Biodiesel4,Biodiesel,Biodiesel,P10-HRN-SRT-SR02,P10 > P10-HRN-LGC-HARINA > P10-HRN-LGC-SEC. ROTATIVOS > P10-HRN-SRT-SR02 > P10-HRN-RSC-SF05,btz_description_02,,,,,,,,,,,,,10 elementos Revit contienen el código exacto.,P10,P10-HRN-LGC-HARINA,P10-HRN-LGC-SEC. ROTATIVOS,P10-HRN-SRT-SR02,P10-HRN-RSC-SF05,,,,,,,,,,,,,,,,,,,,,,,,,,,,,,,,,,,,,,,,,,,,,,,,,,,,,,,,,,,,,,,,,,,,,,,,,,,,hay más de un elemento puntual posible
duplicado,elemento_puntual,P10-HRN-LGC-HARINA,SECTOR HARINA P10,262,2,262,P10,,,P10,P10 > P10-HRN-LGC-HARINA,367888,460ebebf-e4ee-449a-900c-ab33de4c697f-00059d10,Cubiertas,,Genérico - 400 mm,Genérico - 400 mm,P10-HRN-ENF-EG01,P10 > P10-HRN-LGC-HARINA > P10-HRN-ENF-EG01 > P10-HRN-RSC-EGSF01 > P10-HRN-RSC-EGSF02 > P10-HRN-RSC-EGSF03 > P10-HRN-RSC-EGSF04 > P10-HRN-VNT-VE27 > P10-HRN-CCL-CVE27 > P10-HRN-VLV-VR20 > P10-HRN-VNT-VE28 > P10-HRN-CCL-CVE28 > P10-HRN-VLV-VR21 > P10-HRN-VNT-VE29 > P10-HRN-CCL-CVE29 > P10-HRN-VLV-VR22 > P10-HRN-VNT-VE30 > P10-HRN-CCL-CVE30 > P10-HRN-VLV-VR23 > P10-HRN-VNT-VE31 > P10-HRN-CCL-CVE31 > P10-HRN-VLV-VR24 > P10-HRN-VNT-VE32 > P10-HRN-CCL-CVE32 > P10-HRN-VLV-VR25 > P10-HRN-VNT-VE33 > P10-HRN-CCL-CVE33 > P10-HRN-VLV-VR26 > P10-HRN-VNT-VE34 > P10-HRN-CCL-CVE34 > P10-HRN-VLV-VR27 > P10-HRN-VNT-VE39 > P10-HRN-ART-ARTVE39 > P10-HRN-VNT-VE40 > P10-HRN-ART-ARTVE40 > P10-HRN-VNT-VE41 > P10-HRN-ART-ARTVE41 > P10-HRN-VNT-VE42 > P10-HRN-ART-ARTVE42 > P10-HRN-VNT-VE43 > P10-HRN-ART-ARTVE43 > P10-HRN-VNT-VE44 > P10-HRN-ART-ARTVE44 > P10-HRN-VNT-VE45 > P10-HRN-ART-ARTVE45 > P10-HRN-VNT-VE46 > P10-HRN-ART-ARTVE46 > P10-HRN-VNT-VE47 > P10-HRN-ART-ARTVE47 > P10-HRN-VNT-VE48 > P10-HRN-ART-ARTVE48 > P10-HRN-VNT-VE49 > P10-HRN-ART-ARTVE49 > P10-HRN-VNT-VE50 > P10-HRN-ART-ARTVE50 > P10-HRN-VNT-VE51 > P10-HRN-ART-ARTVE51 > P10-HRN-VNT-VE52 > P10-HRN-ART-ARTVE52 > P10-HRN-VNT-VE53 > P10-HRN-ART-ARTVE53 > P10-HRN-VNT-VE54 > P10-HRN-ART-ARTVE54 > P10-HRN-VNT-VE55 > P10-HRN-ART-ARTVE55 > P10-HRN-VNT-VE56 > P10-HRN-ART-ARTVE56 > P10-HRN-VNT-VE57 > P10-HRN-ART-ARTVE57 > P10-HRN-VNT-VE58 > P10-HRN-ART-ARTVE58 > P10-HRN-VNT-VE59 > P10-HRN-ART-ARTVE59 > P10-HRN-VNT-VE60 > P10-HRN-ART-ARTVE60 > P10-HRN-VNT-VE61 > P10-HRN-ART-ARTVE61 > P10-HRN-VNT-VE62 > P10-HRN-ART-ARTVE62 > P10-HRN-VNT-VE63,btz_description_02,,,,,,,,,,,,,10 elementos Revit contienen el código exacto.,P10,P10-HRN-LGC-HARINA,P10-HRN-ENF-EG01,P10-HRN-RSC-EGSF01,P10-HRN-RSC-EGSF02,P10-HRN-RSC-EGSF03,P10-HRN-RSC-EGSF04,P10-HRN-VNT-VE27,P10-HRN-CCL-CVE27,P10-HRN-VLV-VR20,P10-HRN-VNT-VE28,P10-HRN-CCL-CVE28,P10-HRN-VLV-VR21,P10-HRN-VNT-VE29,P10-HRN-CCL-CVE29,P10-HRN-VLV-VR22,P10-HRN-VNT-VE30,P10-HRN-CCL-CVE30,P10-HRN-VLV-VR23,P10-HRN-VNT-VE31,P10-HRN-CCL-CVE31,P10-HRN-VLV-VR24,P10-HRN-VNT-VE32,P10-HRN-CCL-CVE32,P10-HRN-VLV-VR25,P10-HRN-VNT-VE33,P10-HRN-CCL-CVE33,P10-HRN-VLV-VR26,P10-HRN-VNT-VE34,P10-HRN-CCL-CVE34,P10-HRN-VLV-VR27,P10-HRN-VNT-VE39,P10-HRN-ART-ARTVE39,P10-HRN-VNT-VE40,P10-HRN-ART-ARTVE40,P10-HRN-VNT-VE41,P10-HRN-ART-ARTVE41,P10-HRN-VNT-VE42,P10-HRN-ART-ARTVE42,P10-HRN-VNT-VE43,P10-HRN-ART-ARTVE43,P10-HRN-VNT-VE44,P10-HRN-ART-ARTVE44,P10-HRN-VNT-VE45,P10-HRN-ART-ARTVE45,P10-HRN-VNT-VE46,P10-HRN-ART-ARTVE46,P10-HRN-VNT-VE47,P10-HRN-ART-ARTVE47,P10-HRN-VNT-VE48,P10-HRN-ART-ARTVE48,P10-HRN-VNT-VE49,P10-HRN-ART-ARTVE49,P10-HRN-VNT-VE50,P10-HRN-ART-ARTVE50,P10-HRN-VNT-VE51,P10-HRN-ART-ARTVE51,P10-HRN-VNT-VE52,P10-HRN-ART-ARTVE52,P10-HRN-VNT-VE53,P10-HRN-ART-ARTVE53,P10-HRN-VNT-VE54,P10-HRN-ART-ARTVE54,P10-HRN-VNT-VE55,P10-HRN-ART-ARTVE55,P10-HRN-VNT-VE56,P10-HRN-ART-ARTVE56,P10-HRN-VNT-VE57,P10-HRN-ART-ARTVE57,P10-HRN-VNT-VE58,P10-HRN-ART-ARTVE58,P10-HRN-VNT-VE59,P10-HRN-ART-ARTVE59,P10-HRN-VNT-VE60,P10-HRN-ART-ARTVE60,P10-HRN-VNT-VE61,P10-HRN-ART-ARTVE61,P10-HRN-VNT-VE62,P10-HRN-ART-ARTVE62,P10-HRN-VNT-VE63,hay más de un elemento puntual posible
duplicado,elemento_puntual,P10-HRN-LGC-HARINA,SECTOR HARINA P10,262,2,262,P10,,,P10,P10 > P10-HRN-LGC-HARINA,377635,c5ee6896-39ff-4562-be63-4682b50c65ca-0005c323,Modelos genéricos,puert11,puert,puert,,P10 > P10-HRN-LGC-HARINA > P10-HRN-FLT-FMHRN > P10-HRN-BRL-BRL3 > P10-HRN-RSC-HSF01 > P10-HRN-VLV-VR32 > P10-HRN-VNT-VE64 > P10-HRN-VNT-VE65,btz_description_02,,,,,,,,,,,,,10 elementos Revit contienen el código exacto.,P10,P10-HRN-LGC-HARINA,P10-HRN-FLT-FMHRN,P10-HRN-BRL-BRL3,P10-HRN-RSC-HSF01,P10-HRN-VLV-VR32,P10-HRN-VNT-VE64,P10-HRN-VNT-VE65,,,,,,,,,,,,,,,,,,,,,,,,,,,,,,,,,,,,,,,,,,,,,,,,,,,,,,,,,,,,,,,,,,,,,,,,,hay más de un elemento puntual posible
duplicado,elemento_puntual,P10-HRN-LGC-HARINA,SECTOR HARINA P10,262,2,262,P10,,,P10,P10 > P10-HRN-LGC-HARINA,380547,ddbef6d8-5146-4ece-9a6f-82caaca14519-0005ce83,Cubiertas,,Genérico - 400 mm,Genérico - 400 mm,P10-HRN-LGC-TAMIZADORES,P10 > P10-HRN-LGC-HARINA > P10-HRN-LGC-TAMIZADORES > P10-HRN-BTD-BA01 > P10-HRN-RSC-SFBA01 > P10-HRN-RSC-BAA01 > P10-HRN-BTD-BA02 > P10-HRN-RSC-SFBA02 > P10-HRN-RSC-BAA02 > P10-HRN-BTD-BA03 > P10-HRN-RSC-SFBA03 > P10-HRN-RSC-BAA03 > P10-HRN-BTD-BA04 > P10-HRN-RSC-SFBA04 > P10-HRN-RSC-BAA04 > P10-HRN-BTD-BA05 > P10-HRN-RSC-SFBA05 > P10-HRN-RSC-BAA05,btz_description_02,,,,,,,,,,,,,10 elementos Revit contienen el código exacto.,P10,P10-HRN-LGC-HARINA,P10-HRN-LGC-TAMIZADORES,P10-HRN-BTD-BA01,P10-HRN-RSC-SFBA01,P10-HRN-RSC-BAA01,P10-HRN-BTD-BA02,P10-HRN-RSC-SFBA02,P10-HRN-RSC-BAA02,P10-HRN-BTD-BA03,P10-HRN-RSC-SFBA03,P10-HRN-RSC-BAA03,P10-HRN-BTD-BA04,P10-HRN-RSC-SFBA04,P10-HRN-RSC-BAA04,P10-HRN-BTD-BA05,P10-HRN-RSC-SFBA05,P10-HRN-RSC-BAA05,,,,,,,,,,,,,,,,,,,,,,,,,,,,,,,,,,,,,,,,,,,,,,,,,,,,,,,,,,,,,,,hay más de un elemento puntual posible
duplicado,elemento_puntual,P10-HRN-LGC-HARINA,SECTOR HARINA P10,262,2,262,P10,,,P10,P10 > P10-HRN-LGC-HARINA,380565,ddbef6d8-5146-4ece-9a6f-82caaca14519-0005ce95,Cubiertas,,Genérico - 400 mm,Genérico - 400 mm,,P10 > P10-HRN-LGC-HARINA > P10-HRN-FLT-FMHRN,btz_description_02,,,,,,,,,,,,,10 elementos Revit contienen el código exacto.,P10,P10-HRN-LGC-HARINA,P10-HRN-FLT-FMHRN,,,,,,,,,,,,,,,,,,,,,,,,,,,,,,,,,,,,,,,,,,,,,,,,,,,,,,,,,,,,,,,,,,,,,,,,,,,,,,hay más de un elemento puntual posible
duplicado,elemento_puntual,P10-HRN-LGC-HARINA,SECTOR HARINA P10,262,2,262,P10,,,P10,P10 > P10-HRN-LGC-HARINA,380586,ddbef6d8-5146-4ece-9a6f-82caaca14519-0005ceaa,Cubiertas,,Genérico - 400 mm,Genérico - 400 mm,P10-HRN-LGC-NORIAS,P10 > P10-HRN-LGC-HARINA > P10-HRN-LGC-NORIAS > P10-HRN-NOR-N03 > P10-HRN-NOR-N04 > P10-HRN-NOR-N05 > P10-HRN-MNL-NML05,btz_description_02,,,,,,,,,,,,,10 elementos Revit contienen el código exacto.,P10,P10-HRN-LGC-HARINA,P10-HRN-LGC-NORIAS,P10-HRN-NOR-N03,P10-HRN-NOR-N04,P10-HRN-NOR-N05,P10-HRN-MNL-NML05,,,,,,,,,,,,,,,,,,,,,,,,,,,,,,,,,,,,,,,,,,,,,,,,,,,,,,,,,,,,,,,,,,,,,,,,,,hay más de un elemento puntual posible
duplicado,elemento_puntual,P10-HRN-LGC-HARINA,SECTOR HARINA P10,262,2,262,P10,,,P10,P10 > P10-HRN-LGC-HARINA,385885,905be7f4-0c46-42ea-a443-0fdea469e6f3-0005e35d,Modelos genéricos,Generic Models 15,Generic Models 2,Generic Models 2,P10-HRN-CNT-C04,P10 > P10-HRN-LGC-HARINA > P10-HRN-CNT-C04 > P10-HRN-VLV-VGG01 > P10-HRN-VLV-VGH01,btz_description_02,,,,,,,,,,,,,10 elementos Revit contienen el código exacto.,P10,P10-HRN-LGC-HARINA,P10-HRN-CNT-C04,P10-HRN-VLV-VGG01,P10-HRN-VLV-VGH01,,,,,,,,,,,,,,,,,,,,,,,,,,,,,,,,,,,,,,,,,,,,,,,,,,,,,,,,,,,,,,,,,,,,,,,,,,,,hay más de un elemento puntual posible
contenedor_duplicado,contenedor_por_ancestro_project,P10-HRN-SIS-CTRAL,CENTRAL DE LUBRICACION DE SECADORES ROTATIVOS,263,3,263,P10-HRN-LGC-HARINA,P10-HRN-LGC-HARINA,P10-HRN-LGC-HARINA,P10 > P10-HRN-LGC-HARINA,P10 > P10-HRN-LGC-HARINA > P10-HRN-SIS-CTRAL LUB SR,227678,25d0f85d-57da-4cae-8ca2-9b682363407e-0003795e,Cubiertas,,Genérico - 400 mm,Genérico - 400 mm,P10-HRN-LGC-MOLINOS,P10 > P10-HRN-LGC-HARINA > P10-HRN-LGC-MOLINOS > P10-HRN-MLN-M01 > P10-HRN-ALM-MA01 > P10-HRN-RSC-MSF01 > P10-HRN-MLN-M02 > P10-HRN-ALM-MA02 > P10-HRN-RSC-MSF02 > P10-HRN-MLN-M03 > P10-HRN-ALM-MA03 > P10-HRN-RSC-MSF03,contenedor_scoring,227678,25d0f85d-57da-4cae-8ca2-9b682363407e-0003795e,P10 > P10-HRN-LGC-HARINA > P10-HRN-LGC-MOLINOS > P10-HRN-MLN-M01 > P10-HRN-ALM-MA01 > P10-HRN-RSC-MSF01 > P10-HRN-MLN-M02 > P10-HRN-ALM-MA02 > P10-HRN-RSC-MSF02 > P10-HRN-MLN-M03 > P10-HRN-ALM-MA03 > P10-HRN-RSC-MSF03,12,68,NO,200,200,0,ancestro_project_exacto_duplicado,227678:200:P10 > P10-HRN-LGC-HARINA > P10-HRN-LGC-MOLINOS > P10-HRN-MLN-M01 > P10-HRN-ALM-MA01 > P10-HRN-RSC-MSF01 > P10-HRN-MLN-M02 > P10-HRN-ALM-MA02 > P10-HRN-RSC-MSF02 > P10-HRN-MLN-M03 > P10-HRN-ALM-MA03 > P10-HRN-RSC-MSF03 || 281487:200:P10 > P10-HRN-LGC-HARINA > P10-HRN-ENF-EG02 > P10-HRN-RSC-EGSF05 > P10-HRN-RSC-EGSF06 > P10-HRN-RSC-EGSF07 > P10-HRN-VNT-VE35 > P10-HRN-CCL-CVE35 > P10-HRN-VLV-VR28 > P10-HRN-VNT-VE36 > P10-HRN-CCL-CVE36 > P10-HRN-VLV-VR29 > P10-HRN-VNT-VE37 > P10-HRN-CCL-CVE37 > P10-HRN-VLV-VR30 > P10-HRN-VNT-VE38 > P10-HRN-CCL-CVE38 > P10-HRN-VLV-VR31 || 358462:200:P10 > P10-HRN-LGC-HARINA > P10-HRN-LGC-SEC. ROTATIVOS > P10-HRN-SRT-SR01 > P10-HRN-RSC-SF04 > P10-HRN-VLV-VALV || 358495:200:P10 > P10-HRN-LGC-HARINA > P10-HRN-LGC-SEC. ROTATIVOS > P10-HRN-SRT-SR02 > P10-HRN-RSC-SF05 || 367888:200:P10 > P10-HRN-LGC-HARINA > P10-HRN-ENF-EG01 > P10-HRN-RSC-EGSF01 > P10-HRN-RSC-EGSF02 > P10-HRN-RSC-EGSF03 > P10-HRN-RSC-EGSF04 > P10-HRN-VNT-VE27 > P10-HRN-CCL-CVE27 > P10-HRN-VLV-VR20 > P10-HRN-VNT-VE28 > P10-HRN-CCL-CVE28 > P10-HRN-VLV-VR21 > P10-HRN-VNT-VE29 > P10-HRN-CCL-CVE29 > P10-HRN-VLV-VR22 > P10-HRN-VNT-VE30 > P10-HRN-CCL-CVE30 > P10-HRN-VLV-VR23 > P10-HRN-VNT-VE31 > P10-HRN-CCL-CVE31 > P10-HRN-VLV-VR24 > P10-HRN-VNT-VE32 > P10-HRN-CCL-CVE32 > P10-HRN-VLV-VR25 > P10-HRN-VNT-VE33 > P10-HRN-CCL-CVE33 > P10-HRN-VLV-VR26 > P10-HRN-VNT-VE34 > P10-HRN-CCL-CVE34 > P10-HRN-VLV-VR27 > P10-HRN-VNT-VE39 > P10-HRN-ART-ARTVE39 > P10-HRN-VNT-VE40 > P10-HRN-ART-ARTVE40 > P10-HRN-VNT-VE41 > P10-HRN-ART-ARTVE41 > P10-HRN-VNT-VE42 > P10-HRN-ART-ARTVE42 > P10-HRN-VNT-VE43 > P10-HRN-ART-ARTVE43 > P10-HRN-VNT-VE44 > P10-HRN-ART-ARTVE44 > P10-HRN-VNT-VE45 > P10-HRN-ART-ARTVE45 > P10-HRN-VNT-VE46 > P10-HRN-ART-ARTVE46 > P10-HRN-VNT-VE47 > P10-HRN-ART-ARTVE47 > P10-HRN-VNT-VE48 > P10-HRN-ART-ARTVE48 > P10-HRN-VNT-VE49 > P10-HRN-ART-ARTVE49 > P10-HRN-VNT-VE50 > P10-HRN-ART-ARTVE50 > P10-HRN-VNT-VE51 > P10-HRN-ART-ARTVE51 > P10-HRN-VNT-VE52 > P10-HRN-ART-ARTVE52 > P10-HRN-VNT-VE53 > P10-HRN-ART-ARTVE53 > P10-HRN-VNT-VE54 > P10-HRN-ART-ARTVE54 > P10-HRN-VNT-VE55 > P10-HRN-ART-ARTVE55 > P10-HRN-VNT-VE56 > P10-HRN-ART-ARTVE56 > P10-HRN-VNT-VE57 > P10-HRN-ART-ARTVE57 > P10-HRN-VNT-VE58 > P10-HRN-ART-ARTVE58 > P10-HRN-VNT-VE59 > P10-HRN-ART-ARTVE59 > P10-HRN-VNT-VE60 > P10-HRN-ART-ARTVE60 > P10-HRN-VNT-VE61 > P10-HRN-ART-ARTVE61 > P10-HRN-VNT-VE62 > P10-HRN-ART-ARTVE62 > P10-HRN-VNT-VE63 || 377635:200:P10 > P10-HRN-LGC-HARINA > P10-HRN-FLT-FMHRN > P10-HRN-BRL-BRL3 > P10-HRN-RSC-HSF01 > P10-HRN-VLV-VR32 > P10-HRN-VNT-VE64 > P10-HRN-VNT-VE65 || 380547:200:P10 > P10-HRN-LGC-HARINA > P10-HRN-LGC-TAMIZADORES > P10-HRN-BTD-BA01 > P10-HRN-RSC-SFBA01 > P10-HRN-RSC-BAA01 > P10-HRN-BTD-BA02 > P10-HRN-RSC-SFBA02 > P10-HRN-RSC-BAA02 > P10-HRN-BTD-BA03 > P10-HRN-RSC-SFBA03 > P10-HRN-RSC-BAA03 > P10-HRN-BTD-BA04 > P10-HRN-RSC-SFBA04 > P10-HRN-RSC-BAA04 > P10-HRN-BTD-BA05 > P10-HRN-RSC-SFBA05 > P10-HRN-RSC-BAA05 || 380565:200:P10 > P10-HRN-LGC-HARINA > P10-HRN-FLT-FMHRN || ... +2,P10-HRN-LGC-HARINA,Ancestro Project P10-HRN-LGC-HARINA aparece en 10 contenedores.,P10,P10-HRN-LGC-HARINA,P10-HRN-LGC-MOLINOS,P10-HRN-MLN-M01,P10-HRN-ALM-MA01,P10-HRN-RSC-MSF01,P10-HRN-MLN-M02,P10-HRN-ALM-MA02,P10-HRN-RSC-MSF02,P10-HRN-MLN-M03,P10-HRN-ALM-MA03,P10-HRN-RSC-MSF03,,,,,,,,,,,,,,,,,,,,,,,,,,,,,,,,,,,,,,,,,,,,,,,,,,,,,,,,,,,,,,,,,,,,,hay más de un contenedor candidato
contenedor_duplicado,contenedor_por_ancestro_project,P10-HRN-LGC-REDLER,CONJUNTO DE REDLER HARINA P10,282,3,282,P10-HRN-LGC-HARINA,P10-HRN-LGC-HARINA,P10-HRN-LGC-HARINA,P10 > P10-HRN-LGC-HARINA,P10 > P10-HRN-LGC-HARINA > P10-HRN-LGC-REDLER,227678,25d0f85d-57da-4cae-8ca2-9b682363407e-0003795e,Cubiertas,,Genérico - 400 mm,Genérico - 400 mm,P10-HRN-LGC-MOLINOS,P10 > P10-HRN-LGC-HARINA > P10-HRN-LGC-MOLINOS > P10-HRN-MLN-M01 > P10-HRN-ALM-MA01 > P10-HRN-RSC-MSF01 > P10-HRN-MLN-M02 > P10-HRN-ALM-MA02 > P10-HRN-RSC-MSF02 > P10-HRN-MLN-M03 > P10-HRN-ALM-MA03 > P10-HRN-RSC-MSF03,contenedor_scoring,227678,25d0f85d-57da-4cae-8ca2-9b682363407e-0003795e,P10 > P10-HRN-LGC-HARINA > P10-HRN-LGC-MOLINOS > P10-HRN-MLN-M01 > P10-HRN-ALM-MA01 > P10-HRN-RSC-MSF01 > P10-HRN-MLN-M02 > P10-HRN-ALM-MA02 > P10-HRN-RSC-MSF02 > P10-HRN-MLN-M03 > P10-HRN-ALM-MA03 > P10-HRN-RSC-MSF03,12,68,NO,200,200,0,ancestro_project_exacto_duplicado,227678:200:P10 > P10-HRN-LGC-HARINA > P10-HRN-LGC-MOLINOS > P10-HRN-MLN-M01 > P10-HRN-ALM-MA01 > P10-HRN-RSC-MSF01 > P10-HRN-MLN-M02 > P10-HRN-ALM-MA02 > P10-HRN-RSC-MSF02 > P10-HRN-MLN-M03 > P10-HRN-ALM-MA03 > P10-HRN-RSC-MSF03 || 281487:200:P10 > P10-HRN-LGC-HARINA > P10-HRN-ENF-EG02 > P10-HRN-RSC-EGSF05 > P10-HRN-RSC-EGSF06 > P10-HRN-RSC-EGSF07 > P10-HRN-VNT-VE35 > P10-HRN-CCL-CVE35 > P10-HRN-VLV-VR28 > P10-HRN-VNT-VE36 > P10-HRN-CCL-CVE36 > P10-HRN-VLV-VR29 > P10-HRN-VNT-VE37 > P10-HRN-CCL-CVE37 > P10-HRN-VLV-VR30 > P10-HRN-VNT-VE38 > P10-HRN-CCL-CVE38 > P10-HRN-VLV-VR31 || 358462:200:P10 > P10-HRN-LGC-HARINA > P10-HRN-LGC-SEC. ROTATIVOS > P10-HRN-SRT-SR01 > P10-HRN-RSC-SF04 > P10-HRN-VLV-VALV || 358495:200:P10 > P10-HRN-LGC-HARINA > P10-HRN-LGC-SEC. ROTATIVOS > P10-HRN-SRT-SR02 > P10-HRN-RSC-SF05 || 367888:200:P10 > P10-HRN-LGC-HARINA > P10-HRN-ENF-EG01 > P10-HRN-RSC-EGSF01 > P10-HRN-RSC-EGSF02 > P10-HRN-RSC-EGSF03 > P10-HRN-RSC-EGSF04 > P10-HRN-VNT-VE27 > P10-HRN-CCL-CVE27 > P10-HRN-VLV-VR20 > P10-HRN-VNT-VE28 > P10-HRN-CCL-CVE28 > P10-HRN-VLV-VR21 > P10-HRN-VNT-VE29 > P10-HRN-CCL-CVE29 > P10-HRN-VLV-VR22 > P10-HRN-VNT-VE30 > P10-HRN-CCL-CVE30 > P10-HRN-VLV-VR23 > P10-HRN-VNT-VE31 > P10-HRN-CCL-CVE31 > P10-HRN-VLV-VR24 > P10-HRN-VNT-VE32 > P10-HRN-CCL-CVE32 > P10-HRN-VLV-VR25 > P10-HRN-VNT-VE33 > P10-HRN-CCL-CVE33 > P10-HRN-VLV-VR26 > P10-HRN-VNT-VE34 > P10-HRN-CCL-CVE34 > P10-HRN-VLV-VR27 > P10-HRN-VNT-VE39 > P10-HRN-ART-ARTVE39 > P10-HRN-VNT-VE40 > P10-HRN-ART-ARTVE40 > P10-HRN-VNT-VE41 > P10-HRN-ART-ARTVE41 > P10-HRN-VNT-VE42 > P10-HRN-ART-ARTVE42 > P10-HRN-VNT-VE43 > P10-HRN-ART-ARTVE43 > P10-HRN-VNT-VE44 > P10-HRN-ART-ARTVE44 > P10-HRN-VNT-VE45 > P10-HRN-ART-ARTVE45 > P10-HRN-VNT-VE46 > P10-HRN-ART-ARTVE46 > P10-HRN-VNT-VE47 > P10-HRN-ART-ARTVE47 > P10-HRN-VNT-VE48 > P10-HRN-ART-ARTVE48 > P10-HRN-VNT-VE49 > P10-HRN-ART-ARTVE49 > P10-HRN-VNT-VE50 > P10-HRN-ART-ARTVE50 > P10-HRN-VNT-VE51 > P10-HRN-ART-ARTVE51 > P10-HRN-VNT-VE52 > P10-HRN-ART-ARTVE52 > P10-HRN-VNT-VE53 > P10-HRN-ART-ARTVE53 > P10-HRN-VNT-VE54 > P10-HRN-ART-ARTVE54 > P10-HRN-VNT-VE55 > P10-HRN-ART-ARTVE55 > P10-HRN-VNT-VE56 > P10-HRN-ART-ARTVE56 > P10-HRN-VNT-VE57 > P10-HRN-ART-ARTVE57 > P10-HRN-VNT-VE58 > P10-HRN-ART-ARTVE58 > P10-HRN-VNT-VE59 > P10-HRN-ART-ARTVE59 > P10-HRN-VNT-VE60 > P10-HRN-ART-ARTVE60 > P10-HRN-VNT-VE61 > P10-HRN-ART-ARTVE61 > P10-HRN-VNT-VE62 > P10-HRN-ART-ARTVE62 > P10-HRN-VNT-VE63 || 377635:200:P10 > P10-HRN-LGC-HARINA > P10-HRN-FLT-FMHRN > P10-HRN-BRL-BRL3 > P10-HRN-RSC-HSF01 > P10-HRN-VLV-VR32 > P10-HRN-VNT-VE64 > P10-HRN-VNT-VE65 || 380547:200:P10 > P10-HRN-LGC-HARINA > P10-HRN-LGC-TAMIZADORES > P10-HRN-BTD-BA01 > P10-HRN-RSC-SFBA01 > P10-HRN-RSC-BAA01 > P10-HRN-BTD-BA02 > P10-HRN-RSC-SFBA02 > P10-HRN-RSC-BAA02 > P10-HRN-BTD-BA03 > P10-HRN-RSC-SFBA03 > P10-HRN-RSC-BAA03 > P10-HRN-BTD-BA04 > P10-HRN-RSC-SFBA04 > P10-HRN-RSC-BAA04 > P10-HRN-BTD-BA05 > P10-HRN-RSC-SFBA05 > P10-HRN-RSC-BAA05 || 380565:200:P10 > P10-HRN-LGC-HARINA > P10-HRN-FLT-FMHRN || ... +2,P10-HRN-LGC-HARINA,Ancestro Project P10-HRN-LGC-HARINA aparece en 10 contenedores.,P10,P10-HRN-LGC-HARINA,P10-HRN-LGC-MOLINOS,P10-HRN-MLN-M01,P10-HRN-ALM-MA01,P10-HRN-RSC-MSF01,P10-HRN-MLN-M02,P10-HRN-ALM-MA02,P10-HRN-RSC-MSF02,P10-HRN-MLN-M03,P10-HRN-ALM-MA03,P10-HRN-RSC-MSF03,,,,,,,,,,,,,,,,,,,,,,,,,,,,,,,,,,,,,,,,,,,,,,,,,,,,,,,,,,,,,,,,,,,,,hay más de un contenedor candidato
contenedor_duplicado,contenedor_por_ancestro_project,P10-HRN-RDL-R23,REDLER R23 (SACA DE EXTRACCION),283,4,283,P10-HRN-LGC-REDLER,P10-HRN-LGC-REDLER,P10-HRN-LGC-HARINA > P10-HRN-LGC-REDLER,P10 > P10-HRN-LGC-HARINA > P10-HRN-LGC-REDLER,P10 > P10-HRN-LGC-HARINA > P10-HRN-LGC-REDLER > P10-HRN-RDL-R23,227678,25d0f85d-57da-4cae-8ca2-9b682363407e-0003795e,Cubiertas,,Genérico - 400 mm,Genérico - 400 mm,P10-HRN-LGC-MOLINOS,P10 > P10-HRN-LGC-HARINA > P10-HRN-LGC-MOLINOS > P10-HRN-MLN-M01 > P10-HRN-ALM-MA01 > P10-HRN-RSC-MSF01 > P10-HRN-MLN-M02 > P10-HRN-ALM-MA02 > P10-HRN-RSC-MSF02 > P10-HRN-MLN-M03 > P10-HRN-ALM-MA03 > P10-HRN-RSC-MSF03,contenedor_scoring,227678,25d0f85d-57da-4cae-8ca2-9b682363407e-0003795e,P10 > P10-HRN-LGC-HARINA > P10-HRN-LGC-MOLINOS > P10-HRN-MLN-M01 > P10-HRN-ALM-MA01 > P10-HRN-RSC-MSF01 > P10-HRN-MLN-M02 > P10-HRN-ALM-MA02 > P10-HRN-RSC-MSF02 > P10-HRN-MLN-M03 > P10-HRN-ALM-MA03 > P10-HRN-RSC-MSF03,12,68,NO,200,200,0,ancestro_project_exacto_duplicado,227678:200:P10 > P10-HRN-LGC-HARINA > P10-HRN-LGC-MOLINOS > P10-HRN-MLN-M01 > P10-HRN-ALM-MA01 > P10-HRN-RSC-MSF01 > P10-HRN-MLN-M02 > P10-HRN-ALM-MA02 > P10-HRN-RSC-MSF02 > P10-HRN-MLN-M03 > P10-HRN-ALM-MA03 > P10-HRN-RSC-MSF03 || 281487:200:P10 > P10-HRN-LGC-HARINA > P10-HRN-ENF-EG02 > P10-HRN-RSC-EGSF05 > P10-HRN-RSC-EGSF06 > P10-HRN-RSC-EGSF07 > P10-HRN-VNT-VE35 > P10-HRN-CCL-CVE35 > P10-HRN-VLV-VR28 > P10-HRN-VNT-VE36 > P10-HRN-CCL-CVE36 > P10-HRN-VLV-VR29 > P10-HRN-VNT-VE37 > P10-HRN-CCL-CVE37 > P10-HRN-VLV-VR30 > P10-HRN-VNT-VE38 > P10-HRN-CCL-CVE38 > P10-HRN-VLV-VR31 || 358462:200:P10 > P10-HRN-LGC-HARINA > P10-HRN-LGC-SEC. ROTATIVOS > P10-HRN-SRT-SR01 > P10-HRN-RSC-SF04 > P10-HRN-VLV-VALV || 358495:200:P10 > P10-HRN-LGC-HARINA > P10-HRN-LGC-SEC. ROTATIVOS > P10-HRN-SRT-SR02 > P10-HRN-RSC-SF05 || 367888:200:P10 > P10-HRN-LGC-HARINA > P10-HRN-ENF-EG01 > P10-HRN-RSC-EGSF01 > P10-HRN-RSC-EGSF02 > P10-HRN-RSC-EGSF03 > P10-HRN-RSC-EGSF04 > P10-HRN-VNT-VE27 > P10-HRN-CCL-CVE27 > P10-HRN-VLV-VR20 > P10-HRN-VNT-VE28 > P10-HRN-CCL-CVE28 > P10-HRN-VLV-VR21 > P10-HRN-VNT-VE29 > P10-HRN-CCL-CVE29 > P10-HRN-VLV-VR22 > P10-HRN-VNT-VE30 > P10-HRN-CCL-CVE30 > P10-HRN-VLV-VR23 > P10-HRN-VNT-VE31 > P10-HRN-CCL-CVE31 > P10-HRN-VLV-VR24 > P10-HRN-VNT-VE32 > P10-HRN-CCL-CVE32 > P10-HRN-VLV-VR25 > P10-HRN-VNT-VE33 > P10-HRN-CCL-CVE33 > P10-HRN-VLV-VR26 > P10-HRN-VNT-VE34 > P10-HRN-CCL-CVE34 > P10-HRN-VLV-VR27 > P10-HRN-VNT-VE39 > P10-HRN-ART-ARTVE39 > P10-HRN-VNT-VE40 > P10-HRN-ART-ARTVE40 > P10-HRN-VNT-VE41 > P10-HRN-ART-ARTVE41 > P10-HRN-VNT-VE42 > P10-HRN-ART-ARTVE42 > P10-HRN-VNT-VE43 > P10-HRN-ART-ARTVE43 > P10-HRN-VNT-VE44 > P10-HRN-ART-ARTVE44 > P10-HRN-VNT-VE45 > P10-HRN-ART-ARTVE45 > P10-HRN-VNT-VE46 > P10-HRN-ART-ARTVE46 > P10-HRN-VNT-VE47 > P10-HRN-ART-ARTVE47 > P10-HRN-VNT-VE48 > P10-HRN-ART-ARTVE48 > P10-HRN-VNT-VE49 > P10-HRN-ART-ARTVE49 > P10-HRN-VNT-VE50 > P10-HRN-ART-ARTVE50 > P10-HRN-VNT-VE51 > P10-HRN-ART-ARTVE51 > P10-HRN-VNT-VE52 > P10-HRN-ART-ARTVE52 > P10-HRN-VNT-VE53 > P10-HRN-ART-ARTVE53 > P10-HRN-VNT-VE54 > P10-HRN-ART-ARTVE54 > P10-HRN-VNT-VE55 > P10-HRN-ART-ARTVE55 > P10-HRN-VNT-VE56 > P10-HRN-ART-ARTVE56 > P10-HRN-VNT-VE57 > P10-HRN-ART-ARTVE57 > P10-HRN-VNT-VE58 > P10-HRN-ART-ARTVE58 > P10-HRN-VNT-VE59 > P10-HRN-ART-ARTVE59 > P10-HRN-VNT-VE60 > P10-HRN-ART-ARTVE60 > P10-HRN-VNT-VE61 > P10-HRN-ART-ARTVE61 > P10-HRN-VNT-VE62 > P10-HRN-ART-ARTVE62 > P10-HRN-VNT-VE63 || 377635:200:P10 > P10-HRN-LGC-HARINA > P10-HRN-FLT-FMHRN > P10-HRN-BRL-BRL3 > P10-HRN-RSC-HSF01 > P10-HRN-VLV-VR32 > P10-HRN-VNT-VE64 > P10-HRN-VNT-VE65 || 380547:200:P10 > P10-HRN-LGC-HARINA > P10-HRN-LGC-TAMIZADORES > P10-HRN-BTD-BA01 > P10-HRN-RSC-SFBA01 > P10-HRN-RSC-BAA01 > P10-HRN-BTD-BA02 > P10-HRN-RSC-SFBA02 > P10-HRN-RSC-BAA02 > P10-HRN-BTD-BA03 > P10-HRN-RSC-SFBA03 > P10-HRN-RSC-BAA03 > P10-HRN-BTD-BA04 > P10-HRN-RSC-SFBA04 > P10-HRN-RSC-BAA04 > P10-HRN-BTD-BA05 > P10-HRN-RSC-SFBA05 > P10-HRN-RSC-BAA05 || 380565:200:P10 > P10-HRN-LGC-HARINA > P10-HRN-FLT-FMHRN || ... +2,P10-HRN-LGC-HARINA,Ancestro Project P10-HRN-LGC-HARINA aparece en 10 contenedores.,P10,P10-HRN-LGC-HARINA,P10-HRN-LGC-MOLINOS,P10-HRN-MLN-M01,P10-HRN-ALM-MA01,P10-HRN-RSC-MSF01,P10-HRN-MLN-M02,P10-HRN-ALM-MA02,P10-HRN-RSC-MSF02,P10-HRN-MLN-M03,P10-HRN-ALM-MA03,P10-HRN-RSC-MSF03,,,,,,,,,,,,,,,,,,,,,,,,,,,,,,,,,,,,,,,,,,,,,,,,,,,,,,,,,,,,,,,,,,,,,hay más de un contenedor candidato
contenedor_duplicado,contenedor_por_ancestro_project,P10-HRN-RDL-R24,REDLER R24 (BY-PASS DE ROTATIVOS),284,4,284,P10-HRN-LGC-REDLER,P10-HRN-LGC-REDLER,P10-HRN-LGC-HARINA > P10-HRN-LGC-REDLER,P10 > P10-HRN-LGC-HARINA > P10-HRN-LGC-REDLER,P10 > P10-HRN-LGC-HARINA > P10-HRN-LGC-REDLER > P10-HRN-RDL-R24,227678,25d0f85d-57da-4cae-8ca2-9b682363407e-0003795e,Cubiertas,,Genérico - 400 mm,Genérico - 400 mm,P10-HRN-LGC-MOLINOS,P10 > P10-HRN-LGC-HARINA > P10-HRN-LGC-MOLINOS > P10-HRN-MLN-M01 > P10-HRN-ALM-MA01 > P10-HRN-RSC-MSF01 > P10-HRN-MLN-M02 > P10-HRN-ALM-MA02 > P10-HRN-RSC-MSF02 > P10-HRN-MLN-M03 > P10-HRN-ALM-MA03 > P10-HRN-RSC-MSF03,contenedor_scoring,227678,25d0f85d-57da-4cae-8ca2-9b682363407e-0003795e,P10 > P10-HRN-LGC-HARINA > P10-HRN-LGC-MOLINOS > P10-HRN-MLN-M01 > P10-HRN-ALM-MA01 > P10-HRN-RSC-MSF01 > P10-HRN-MLN-M02 > P10-HRN-ALM-MA02 > P10-HRN-RSC-MSF02 > P10-HRN-MLN-M03 > P10-HRN-ALM-MA03 > P10-HRN-RSC-MSF03,12,68,NO,200,200,0,ancestro_project_exacto_duplicado,227678:200:P10 > P10-HRN-LGC-HARINA > P10-HRN-LGC-MOLINOS > P10-HRN-MLN-M01 > P10-HRN-ALM-MA01 > P10-HRN-RSC-MSF01 > P10-HRN-MLN-M02 > P10-HRN-ALM-MA02 > P10-HRN-RSC-MSF02 > P10-HRN-MLN-M03 > P10-HRN-ALM-MA03 > P10-HRN-RSC-MSF03 || 281487:200:P10 > P10-HRN-LGC-HARINA > P10-HRN-ENF-EG02 > P10-HRN-RSC-EGSF05 > P10-HRN-RSC-EGSF06 > P10-HRN-RSC-EGSF07 > P10-HRN-VNT-VE35 > P10-HRN-CCL-CVE35 > P10-HRN-VLV-VR28 > P10-HRN-VNT-VE36 > P10-HRN-CCL-CVE36 > P10-HRN-VLV-VR29 > P10-HRN-VNT-VE37 > P10-HRN-CCL-CVE37 > P10-HRN-VLV-VR30 > P10-HRN-VNT-VE38 > P10-HRN-CCL-CVE38 > P10-HRN-VLV-VR31 || 358462:200:P10 > P10-HRN-LGC-HARINA > P10-HRN-LGC-SEC. ROTATIVOS > P10-HRN-SRT-SR01 > P10-HRN-RSC-SF04 > P10-HRN-VLV-VALV || 358495:200:P10 > P10-HRN-LGC-HARINA > P10-HRN-LGC-SEC. ROTATIVOS > P10-HRN-SRT-SR02 > P10-HRN-RSC-SF05 || 367888:200:P10 > P10-HRN-LGC-HARINA > P10-HRN-ENF-EG01 > P10-HRN-RSC-EGSF01 > P10-HRN-RSC-EGSF02 > P10-HRN-RSC-EGSF03 > P10-HRN-RSC-EGSF04 > P10-HRN-VNT-VE27 > P10-HRN-CCL-CVE27 > P10-HRN-VLV-VR20 > P10-HRN-VNT-VE28 > P10-HRN-CCL-CVE28 > P10-HRN-VLV-VR21 > P10-HRN-VNT-VE29 > P10-HRN-CCL-CVE29 > P10-HRN-VLV-VR22 > P10-HRN-VNT-VE30 > P10-HRN-CCL-CVE30 > P10-HRN-VLV-VR23 > P10-HRN-VNT-VE31 > P10-HRN-CCL-CVE31 > P10-HRN-VLV-VR24 > P10-HRN-VNT-VE32 > P10-HRN-CCL-CVE32 > P10-HRN-VLV-VR25 > P10-HRN-VNT-VE33 > P10-HRN-CCL-CVE33 > P10-HRN-VLV-VR26 > P10-HRN-VNT-VE34 > P10-HRN-CCL-CVE34 > P10-HRN-VLV-VR27 > P10-HRN-VNT-VE39 > P10-HRN-ART-ARTVE39 > P10-HRN-VNT-VE40 > P10-HRN-ART-ARTVE40 > P10-HRN-VNT-VE41 > P10-HRN-ART-ARTVE41 > P10-HRN-VNT-VE42 > P10-HRN-ART-ARTVE42 > P10-HRN-VNT-VE43 > P10-HRN-ART-ARTVE43 > P10-HRN-VNT-VE44 > P10-HRN-ART-ARTVE44 > P10-HRN-VNT-VE45 > P10-HRN-ART-ARTVE45 > P10-HRN-VNT-VE46 > P10-HRN-ART-ARTVE46 > P10-HRN-VNT-VE47 > P10-HRN-ART-ARTVE47 > P10-HRN-VNT-VE48 > P10-HRN-ART-ARTVE48 > P10-HRN-VNT-VE49 > P10-HRN-ART-ARTVE49 > P10-HRN-VNT-VE50 > P10-HRN-ART-ARTVE50 > P10-HRN-VNT-VE51 > P10-HRN-ART-ARTVE51 > P10-HRN-VNT-VE52 > P10-HRN-ART-ARTVE52 > P10-HRN-VNT-VE53 > P10-HRN-ART-ARTVE53 > P10-HRN-VNT-VE54 > P10-HRN-ART-ARTVE54 > P10-HRN-VNT-VE55 > P10-HRN-ART-ARTVE55 > P10-HRN-VNT-VE56 > P10-HRN-ART-ARTVE56 > P10-HRN-VNT-VE57 > P10-HRN-ART-ARTVE57 > P10-HRN-VNT-VE58 > P10-HRN-ART-ARTVE58 > P10-HRN-VNT-VE59 > P10-HRN-ART-ARTVE59 > P10-HRN-VNT-VE60 > P10-HRN-ART-ARTVE60 > P10-HRN-VNT-VE61 > P10-HRN-ART-ARTVE61 > P10-HRN-VNT-VE62 > P10-HRN-ART-ARTVE62 > P10-HRN-VNT-VE63 || 377635:200:P10 > P10-HRN-LGC-HARINA > P10-HRN-FLT-FMHRN > P10-HRN-BRL-BRL3 > P10-HRN-RSC-HSF01 > P10-HRN-VLV-VR32 > P10-HRN-VNT-VE64 > P10-HRN-VNT-VE65 || 380547:200:P10 > P10-HRN-LGC-HARINA > P10-HRN-LGC-TAMIZADORES > P10-HRN-BTD-BA01 > P10-HRN-RSC-SFBA01 > P10-HRN-RSC-BAA01 > P10-HRN-BTD-BA02 > P10-HRN-RSC-SFBA02 > P10-HRN-RSC-BAA02 > P10-HRN-BTD-BA03 > P10-HRN-RSC-SFBA03 > P10-HRN-RSC-BAA03 > P10-HRN-BTD-BA04 > P10-HRN-RSC-SFBA04 > P10-HRN-RSC-BAA04 > P10-HRN-BTD-BA05 > P10-HRN-RSC-SFBA05 > P10-HRN-RSC-BAA05 || 380565:200:P10 > P10-HRN-LGC-HARINA > P10-HRN-FLT-FMHRN || ... +2,P10-HRN-LGC-HARINA,Ancestro Project P10-HRN-LGC-HARINA aparece en 10 contenedores.,P10,P10-HRN-LGC-HARINA,P10-HRN-LGC-MOLINOS,P10-HRN-MLN-M01,P10-HRN-ALM-MA01,P10-HRN-RSC-MSF01,P10-HRN-MLN-M02,P10-HRN-ALM-MA02,P10-HRN-RSC-MSF02,P10-HRN-MLN-M03,P10-HRN-ALM-MA03,P10-HRN-RSC-MSF03,,,,,,,,,,,,,,,,,,,,,,,,,,,,,,,,,,,,,,,,,,,,,,,,,,,,,,,,,,,,,,,,,,,,,hay más de un contenedor candidato
contenedor_duplicado,contenedor_por_ancestro_project,P10-HRN-RDL-R25,REDLER R25 (RECIBE DE ROTATIVOS Y/O R24),285,4,285,P10-HRN-LGC-REDLER,P10-HRN-LGC-REDLER,P10-HRN-LGC-HARINA > P10-HRN-LGC-REDLER,P10 > P10-HRN-LGC-HARINA > P10-HRN-LGC-REDLER,P10 > P10-HRN-LGC-HARINA > P10-HRN-LGC-REDLER > P10-HRN-RDL-R25,227678,25d0f85d-57da-4cae-8ca2-9b682363407e-0003795e,Cubiertas,,Genérico - 400 mm,Genérico - 400 mm,P10-HRN-LGC-MOLINOS,P10 > P10-HRN-LGC-HARINA > P10-HRN-LGC-MOLINOS > P10-HRN-MLN-M01 > P10-HRN-ALM-MA01 > P10-HRN-RSC-MSF01 > P10-HRN-MLN-M02 > P10-HRN-ALM-MA02 > P10-HRN-RSC-MSF02 > P10-HRN-MLN-M03 > P10-HRN-ALM-MA03 > P10-HRN-RSC-MSF03,contenedor_scoring,227678,25d0f85d-57da-4cae-8ca2-9b682363407e-0003795e,P10 > P10-HRN-LGC-HARINA > P10-HRN-LGC-MOLINOS > P10-HRN-MLN-M01 > P10-HRN-ALM-MA01 > P10-HRN-RSC-MSF01 > P10-HRN-MLN-M02 > P10-HRN-ALM-MA02 > P10-HRN-RSC-MSF02 > P10-HRN-MLN-M03 > P10-HRN-ALM-MA03 > P10-HRN-RSC-MSF03,12,68,NO,200,200,0,ancestro_project_exacto_duplicado,227678:200:P10 > P10-HRN-LGC-HARINA > P10-HRN-LGC-MOLINOS > P10-HRN-MLN-M01 > P10-HRN-ALM-MA01 > P10-HRN-RSC-MSF01 > P10-HRN-MLN-M02 > P10-HRN-ALM-MA02 > P10-HRN-RSC-MSF02 > P10-HRN-MLN-M03 > P10-HRN-ALM-MA03 > P10-HRN-RSC-MSF03 || 281487:200:P10 > P10-HRN-LGC-HARINA > P10-HRN-ENF-EG02 > P10-HRN-RSC-EGSF05 > P10-HRN-RSC-EGSF06 > P10-HRN-RSC-EGSF07 > P10-HRN-VNT-VE35 > P10-HRN-CCL-CVE35 > P10-HRN-VLV-VR28 > P10-HRN-VNT-VE36 > P10-HRN-CCL-CVE36 > P10-HRN-VLV-VR29 > P10-HRN-VNT-VE37 > P10-HRN-CCL-CVE37 > P10-HRN-VLV-VR30 > P10-HRN-VNT-VE38 > P10-HRN-CCL-CVE38 > P10-HRN-VLV-VR31 || 358462:200:P10 > P10-HRN-LGC-HARINA > P10-HRN-LGC-SEC. ROTATIVOS > P10-HRN-SRT-SR01 > P10-HRN-RSC-SF04 > P10-HRN-VLV-VALV || 358495:200:P10 > P10-HRN-LGC-HARINA > P10-HRN-LGC-SEC. ROTATIVOS > P10-HRN-SRT-SR02 > P10-HRN-RSC-SF05 || 367888:200:P10 > P10-HRN-LGC-HARINA > P10-HRN-ENF-EG01 > P10-HRN-RSC-EGSF01 > P10-HRN-RSC-EGSF02 > P10-HRN-RSC-EGSF03 > P10-HRN-RSC-EGSF04 > P10-HRN-VNT-VE27 > P10-HRN-CCL-CVE27 > P10-HRN-VLV-VR20 > P10-HRN-VNT-VE28 > P10-HRN-CCL-CVE28 > P10-HRN-VLV-VR21 > P10-HRN-VNT-VE29 > P10-HRN-CCL-CVE29 > P10-HRN-VLV-VR22 > P10-HRN-VNT-VE30 > P10-HRN-CCL-CVE30 > P10-HRN-VLV-VR23 > P10-HRN-VNT-VE31 > P10-HRN-CCL-CVE31 > P10-HRN-VLV-VR24 > P10-HRN-VNT-VE32 > P10-HRN-CCL-CVE32 > P10-HRN-VLV-VR25 > P10-HRN-VNT-VE33 > P10-HRN-CCL-CVE33 > P10-HRN-VLV-VR26 > P10-HRN-VNT-VE34 > P10-HRN-CCL-CVE34 > P10-HRN-VLV-VR27 > P10-HRN-VNT-VE39 > P10-HRN-ART-ARTVE39 > P10-HRN-VNT-VE40 > P10-HRN-ART-ARTVE40 > P10-HRN-VNT-VE41 > P10-HRN-ART-ARTVE41 > P10-HRN-VNT-VE42 > P10-HRN-ART-ARTVE42 > P10-HRN-VNT-VE43 > P10-HRN-ART-ARTVE43 > P10-HRN-VNT-VE44 > P10-HRN-ART-ARTVE44 > P10-HRN-VNT-VE45 > P10-HRN-ART-ARTVE45 > P10-HRN-VNT-VE46 > P10-HRN-ART-ARTVE46 > P10-HRN-VNT-VE47 > P10-HRN-ART-ARTVE47 > P10-HRN-VNT-VE48 > P10-HRN-ART-ARTVE48 > P10-HRN-VNT-VE49 > P10-HRN-ART-ARTVE49 > P10-HRN-VNT-VE50 > P10-HRN-ART-ARTVE50 > P10-HRN-VNT-VE51 > P10-HRN-ART-ARTVE51 > P10-HRN-VNT-VE52 > P10-HRN-ART-ARTVE52 > P10-HRN-VNT-VE53 > P10-HRN-ART-ARTVE53 > P10-HRN-VNT-VE54 > P10-HRN-ART-ARTVE54 > P10-HRN-VNT-VE55 > P10-HRN-ART-ARTVE55 > P10-HRN-VNT-VE56 > P10-HRN-ART-ARTVE56 > P10-HRN-VNT-VE57 > P10-HRN-ART-ARTVE57 > P10-HRN-VNT-VE58 > P10-HRN-ART-ARTVE58 > P10-HRN-VNT-VE59 > P10-HRN-ART-ARTVE59 > P10-HRN-VNT-VE60 > P10-HRN-ART-ARTVE60 > P10-HRN-VNT-VE61 > P10-HRN-ART-ARTVE61 > P10-HRN-VNT-VE62 > P10-HRN-ART-ARTVE62 > P10-HRN-VNT-VE63 || 377635:200:P10 > P10-HRN-LGC-HARINA > P10-HRN-FLT-FMHRN > P10-HRN-BRL-BRL3 > P10-HRN-RSC-HSF01 > P10-HRN-VLV-VR32 > P10-HRN-VNT-VE64 > P10-HRN-VNT-VE65 || 380547:200:P10 > P10-HRN-LGC-HARINA > P10-HRN-LGC-TAMIZADORES > P10-HRN-BTD-BA01 > P10-HRN-RSC-SFBA01 > P10-HRN-RSC-BAA01 > P10-HRN-BTD-BA02 > P10-HRN-RSC-SFBA02 > P10-HRN-RSC-BAA02 > P10-HRN-BTD-BA03 > P10-HRN-RSC-SFBA03 > P10-HRN-RSC-BAA03 > P10-HRN-BTD-BA04 > P10-HRN-RSC-SFBA04 > P10-HRN-RSC-BAA04 > P10-HRN-BTD-BA05 > P10-HRN-RSC-SFBA05 > P10-HRN-RSC-BAA05 || 380565:200:P10 > P10-HRN-LGC-HARINA > P10-HRN-FLT-FMHRN || ... +2,P10-HRN-LGC-HARINA,Ancestro Project P10-HRN-LGC-HARINA aparece en 10 contenedores.,P10,P10-HRN-LGC-HARINA,P10-HRN-LGC-MOLINOS,P10-HRN-MLN-M01,P10-HRN-ALM-MA01,P10-HRN-RSC-MSF01,P10-HRN-MLN-M02,P10-HRN-ALM-MA02,P10-HRN-RSC-MSF02,P10-HRN-MLN-M03,P10-HRN-ALM-MA03,P10-HRN-RSC-MSF03,,,,,,,,,,,,,,,,,,,,,,,,,,,,,,,,,,,,,,,,,,,,,,,,,,,,,,,,,,,,,,,,,,,,,hay más de un contenedor candidato
contenedor_duplicado,contenedor_por_ancestro_project,P10-HRN-RSC-SF26,ROSCA SF26 ROSCA DE REPROCESO,286,5,286,P10-HRN-RDL-R25,P10-HRN-RDL-R25,P10-HRN-LGC-HARINA > P10-HRN-LGC-REDLER > P10-HRN-RDL-R25,P10 > P10-HRN-LGC-HARINA > P10-HRN-LGC-REDLER > P10-HRN-RDL-R25,P10 > P10-HRN-LGC-HARINA > P10-HRN-LGC-REDLER > P10-HRN-RDL-R25 > P10-HRN-RSC-SF26,227678,25d0f85d-57da-4cae-8ca2-9b682363407e-0003795e,Cubiertas,,Genérico - 400 mm,Genérico - 400 mm,P10-HRN-LGC-MOLINOS,P10 > P10-HRN-LGC-HARINA > P10-HRN-LGC-MOLINOS > P10-HRN-MLN-M01 > P10-HRN-ALM-MA01 > P10-HRN-RSC-MSF01 > P10-HRN-MLN-M02 > P10-HRN-ALM-MA02 > P10-HRN-RSC-MSF02 > P10-HRN-MLN-M03 > P10-HRN-ALM-MA03 > P10-HRN-RSC-MSF03,contenedor_scoring,227678,25d0f85d-57da-4cae-8ca2-9b682363407e-0003795e,P10 > P10-HRN-LGC-HARINA > P10-HRN-LGC-MOLINOS > P10-HRN-MLN-M01 > P10-HRN-ALM-MA01 > P10-HRN-RSC-MSF01 > P10-HRN-MLN-M02 > P10-HRN-ALM-MA02 > P10-HRN-RSC-MSF02 > P10-HRN-MLN-M03 > P10-HRN-ALM-MA03 > P10-HRN-RSC-MSF03,12,68,NO,200,200,0,ancestro_project_exacto_duplicado,227678:200:P10 > P10-HRN-LGC-HARINA > P10-HRN-LGC-MOLINOS > P10-HRN-MLN-M01 > P10-HRN-ALM-MA01 > P10-HRN-RSC-MSF01 > P10-HRN-MLN-M02 > P10-HRN-ALM-MA02 > P10-HRN-RSC-MSF02 > P10-HRN-MLN-M03 > P10-HRN-ALM-MA03 > P10-HRN-RSC-MSF03 || 281487:200:P10 > P10-HRN-LGC-HARINA > P10-HRN-ENF-EG02 > P10-HRN-RSC-EGSF05 > P10-HRN-RSC-EGSF06 > P10-HRN-RSC-EGSF07 > P10-HRN-VNT-VE35 > P10-HRN-CCL-CVE35 > P10-HRN-VLV-VR28 > P10-HRN-VNT-VE36 > P10-HRN-CCL-CVE36 > P10-HRN-VLV-VR29 > P10-HRN-VNT-VE37 > P10-HRN-CCL-CVE37 > P10-HRN-VLV-VR30 > P10-HRN-VNT-VE38 > P10-HRN-CCL-CVE38 > P10-HRN-VLV-VR31 || 358462:200:P10 > P10-HRN-LGC-HARINA > P10-HRN-LGC-SEC. ROTATIVOS > P10-HRN-SRT-SR01 > P10-HRN-RSC-SF04 > P10-HRN-VLV-VALV || 358495:200:P10 > P10-HRN-LGC-HARINA > P10-HRN-LGC-SEC. ROTATIVOS > P10-HRN-SRT-SR02 > P10-HRN-RSC-SF05 || 367888:200:P10 > P10-HRN-LGC-HARINA > P10-HRN-ENF-EG01 > P10-HRN-RSC-EGSF01 > P10-HRN-RSC-EGSF02 > P10-HRN-RSC-EGSF03 > P10-HRN-RSC-EGSF04 > P10-HRN-VNT-VE27 > P10-HRN-CCL-CVE27 > P10-HRN-VLV-VR20 > P10-HRN-VNT-VE28 > P10-HRN-CCL-CVE28 > P10-HRN-VLV-VR21 > P10-HRN-VNT-VE29 > P10-HRN-CCL-CVE29 > P10-HRN-VLV-VR22 > P10-HRN-VNT-VE30 > P10-HRN-CCL-CVE30 > P10-HRN-VLV-VR23 > P10-HRN-VNT-VE31 > P10-HRN-CCL-CVE31 > P10-HRN-VLV-VR24 > P10-HRN-VNT-VE32 > P10-HRN-CCL-CVE32 > P10-HRN-VLV-VR25 > P10-HRN-VNT-VE33 > P10-HRN-CCL-CVE33 > P10-HRN-VLV-VR26 > P10-HRN-VNT-VE34 > P10-HRN-CCL-CVE34 > P10-HRN-VLV-VR27 > P10-HRN-VNT-VE39 > P10-HRN-ART-ARTVE39 > P10-HRN-VNT-VE40 > P10-HRN-ART-ARTVE40 > P10-HRN-VNT-VE41 > P10-HRN-ART-ARTVE41 > P10-HRN-VNT-VE42 > P10-HRN-ART-ARTVE42 > P10-HRN-VNT-VE43 > P10-HRN-ART-ARTVE43 > P10-HRN-VNT-VE44 > P10-HRN-ART-ARTVE44 > P10-HRN-VNT-VE45 > P10-HRN-ART-ARTVE45 > P10-HRN-VNT-VE46 > P10-HRN-ART-ARTVE46 > P10-HRN-VNT-VE47 > P10-HRN-ART-ARTVE47 > P10-HRN-VNT-VE48 > P10-HRN-ART-ARTVE48 > P10-HRN-VNT-VE49 > P10-HRN-ART-ARTVE49 > P10-HRN-VNT-VE50 > P10-HRN-ART-ARTVE50 > P10-HRN-VNT-VE51 > P10-HRN-ART-ARTVE51 > P10-HRN-VNT-VE52 > P10-HRN-ART-ARTVE52 > P10-HRN-VNT-VE53 > P10-HRN-ART-ARTVE53 > P10-HRN-VNT-VE54 > P10-HRN-ART-ARTVE54 > P10-HRN-VNT-VE55 > P10-HRN-ART-ARTVE55 > P10-HRN-VNT-VE56 > P10-HRN-ART-ARTVE56 > P10-HRN-VNT-VE57 > P10-HRN-ART-ARTVE57 > P10-HRN-VNT-VE58 > P10-HRN-ART-ARTVE58 > P10-HRN-VNT-VE59 > P10-HRN-ART-ARTVE59 > P10-HRN-VNT-VE60 > P10-HRN-ART-ARTVE60 > P10-HRN-VNT-VE61 > P10-HRN-ART-ARTVE61 > P10-HRN-VNT-VE62 > P10-HRN-ART-ARTVE62 > P10-HRN-VNT-VE63 || 377635:200:P10 > P10-HRN-LGC-HARINA > P10-HRN-FLT-FMHRN > P10-HRN-BRL-BRL3 > P10-HRN-RSC-HSF01 > P10-HRN-VLV-VR32 > P10-HRN-VNT-VE64 > P10-HRN-VNT-VE65 || 380547:200:P10 > P10-HRN-LGC-HARINA > P10-HRN-LGC-TAMIZADORES > P10-HRN-BTD-BA01 > P10-HRN-RSC-SFBA01 > P10-HRN-RSC-BAA01 > P10-HRN-BTD-BA02 > P10-HRN-RSC-SFBA02 > P10-HRN-RSC-BAA02 > P10-HRN-BTD-BA03 > P10-HRN-RSC-SFBA03 > P10-HRN-RSC-BAA03 > P10-HRN-BTD-BA04 > P10-HRN-RSC-SFBA04 > P10-HRN-RSC-BAA04 > P10-HRN-BTD-BA05 > P10-HRN-RSC-SFBA05 > P10-HRN-RSC-BAA05 || 380565:200:P10 > P10-HRN-LGC-HARINA > P10-HRN-FLT-FMHRN || ... +2,P10-HRN-LGC-HARINA,Ancestro Project P10-HRN-LGC-HARINA aparece en 10 contenedores.,P10,P10-HRN-LGC-HARINA,P10-HRN-LGC-MOLINOS,P10-HRN-MLN-M01,P10-HRN-ALM-MA01,P10-HRN-RSC-MSF01,P10-HRN-MLN-M02,P10-HRN-ALM-MA02,P10-HRN-RSC-MSF02,P10-HRN-MLN-M03,P10-HRN-ALM-MA03,P10-HRN-RSC-MSF03,,,,,,,,,,,,,,,,,,,,,,,,,,,,,,,,,,,,,,,,,,,,,,,,,,,,,,,,,,,,,,,,,,,,,hay más de un contenedor candidato
contenedor_duplicado,contenedor_por_ancestro_project,P10-HRN-RDL-R26,REDLER R26 (FINOS VENT EG01),287,4,287,P10-HRN-LGC-REDLER,P10-HRN-LGC-REDLER,P10-HRN-LGC-HARINA > P10-HRN-LGC-REDLER,P10 > P10-HRN-LGC-HARINA > P10-HRN-LGC-REDLER,P10 > P10-HRN-LGC-HARINA > P10-HRN-LGC-REDLER > P10-HRN-RDL-R26,227678,25d0f85d-57da-4cae-8ca2-9b682363407e-0003795e,Cubiertas,,Genérico - 400 mm,Genérico - 400 mm,P10-HRN-LGC-MOLINOS,P10 > P10-HRN-LGC-HARINA > P10-HRN-LGC-MOLINOS > P10-HRN-MLN-M01 > P10-HRN-ALM-MA01 > P10-HRN-RSC-MSF01 > P10-HRN-MLN-M02 > P10-HRN-ALM-MA02 > P10-HRN-RSC-MSF02 > P10-HRN-MLN-M03 > P10-HRN-ALM-MA03 > P10-HRN-RSC-MSF03,contenedor_scoring,227678,25d0f85d-57da-4cae-8ca2-9b682363407e-0003795e,P10 > P10-HRN-LGC-HARINA > P10-HRN-LGC-MOLINOS > P10-HRN-MLN-M01 > P10-HRN-ALM-MA01 > P10-HRN-RSC-MSF01 > P10-HRN-MLN-M02 > P10-HRN-ALM-MA02 > P10-HRN-RSC-MSF02 > P10-HRN-MLN-M03 > P10-HRN-ALM-MA03 > P10-HRN-RSC-MSF03,12,68,NO,200,200,0,ancestro_project_exacto_duplicado,227678:200:P10 > P10-HRN-LGC-HARINA > P10-HRN-LGC-MOLINOS > P10-HRN-MLN-M01 > P10-HRN-ALM-MA01 > P10-HRN-RSC-MSF01 > P10-HRN-MLN-M02 > P10-HRN-ALM-MA02 > P10-HRN-RSC-MSF02 > P10-HRN-MLN-M03 > P10-HRN-ALM-MA03 > P10-HRN-RSC-MSF03 || 281487:200:P10 > P10-HRN-LGC-HARINA > P10-HRN-ENF-EG02 > P10-HRN-RSC-EGSF05 > P10-HRN-RSC-EGSF06 > P10-HRN-RSC-EGSF07 > P10-HRN-VNT-VE35 > P10-HRN-CCL-CVE35 > P10-HRN-VLV-VR28 > P10-HRN-VNT-VE36 > P10-HRN-CCL-CVE36 > P10-HRN-VLV-VR29 > P10-HRN-VNT-VE37 > P10-HRN-CCL-CVE37 > P10-HRN-VLV-VR30 > P10-HRN-VNT-VE38 > P10-HRN-CCL-CVE38 > P10-HRN-VLV-VR31 || 358462:200:P10 > P10-HRN-LGC-HARINA > P10-HRN-LGC-SEC. ROTATIVOS > P10-HRN-SRT-SR01 > P10-HRN-RSC-SF04 > P10-HRN-VLV-VALV || 358495:200:P10 > P10-HRN-LGC-HARINA > P10-HRN-LGC-SEC. ROTATIVOS > P10-HRN-SRT-SR02 > P10-HRN-RSC-SF05 || 367888:200:P10 > P10-HRN-LGC-HARINA > P10-HRN-ENF-EG01 > P10-HRN-RSC-EGSF01 > P10-HRN-RSC-EGSF02 > P10-HRN-RSC-EGSF03 > P10-HRN-RSC-EGSF04 > P10-HRN-VNT-VE27 > P10-HRN-CCL-CVE27 > P10-HRN-VLV-VR20 > P10-HRN-VNT-VE28 > P10-HRN-CCL-CVE28 > P10-HRN-VLV-VR21 > P10-HRN-VNT-VE29 > P10-HRN-CCL-CVE29 > P10-HRN-VLV-VR22 > P10-HRN-VNT-VE30 > P10-HRN-CCL-CVE30 > P10-HRN-VLV-VR23 > P10-HRN-VNT-VE31 > P10-HRN-CCL-CVE31 > P10-HRN-VLV-VR24 > P10-HRN-VNT-VE32 > P10-HRN-CCL-CVE32 > P10-HRN-VLV-VR25 > P10-HRN-VNT-VE33 > P10-HRN-CCL-CVE33 > P10-HRN-VLV-VR26 > P10-HRN-VNT-VE34 > P10-HRN-CCL-CVE34 > P10-HRN-VLV-VR27 > P10-HRN-VNT-VE39 > P10-HRN-ART-ARTVE39 > P10-HRN-VNT-VE40 > P10-HRN-ART-ARTVE40 > P10-HRN-VNT-VE41 > P10-HRN-ART-ARTVE41 > P10-HRN-VNT-VE42 > P10-HRN-ART-ARTVE42 > P10-HRN-VNT-VE43 > P10-HRN-ART-ARTVE43 > P10-HRN-VNT-VE44 > P10-HRN-ART-ARTVE44 > P10-HRN-VNT-VE45 > P10-HRN-ART-ARTVE45 > P10-HRN-VNT-VE46 > P10-HRN-ART-ARTVE46 > P10-HRN-VNT-VE47 > P10-HRN-ART-ARTVE47 > P10-HRN-VNT-VE48 > P10-HRN-ART-ARTVE48 > P10-HRN-VNT-VE49 > P10-HRN-ART-ARTVE49 > P10-HRN-VNT-VE50 > P10-HRN-ART-ARTVE50 > P10-HRN-VNT-VE51 > P10-HRN-ART-ARTVE51 > P10-HRN-VNT-VE52 > P10-HRN-ART-ARTVE52 > P10-HRN-VNT-VE53 > P10-HRN-ART-ARTVE53 > P10-HRN-VNT-VE54 > P10-HRN-ART-ARTVE54 > P10-HRN-VNT-VE55 > P10-HRN-ART-ARTVE55 > P10-HRN-VNT-VE56 > P10-HRN-ART-ARTVE56 > P10-HRN-VNT-VE57 > P10-HRN-ART-ARTVE57 > P10-HRN-VNT-VE58 > P10-HRN-ART-ARTVE58 > P10-HRN-VNT-VE59 > P10-HRN-ART-ARTVE59 > P10-HRN-VNT-VE60 > P10-HRN-ART-ARTVE60 > P10-HRN-VNT-VE61 > P10-HRN-ART-ARTVE61 > P10-HRN-VNT-VE62 > P10-HRN-ART-ARTVE62 > P10-HRN-VNT-VE63 || 377635:200:P10 > P10-HRN-LGC-HARINA > P10-HRN-FLT-FMHRN > P10-HRN-BRL-BRL3 > P10-HRN-RSC-HSF01 > P10-HRN-VLV-VR32 > P10-HRN-VNT-VE64 > P10-HRN-VNT-VE65 || 380547:200:P10 > P10-HRN-LGC-HARINA > P10-HRN-LGC-TAMIZADORES > P10-HRN-BTD-BA01 > P10-HRN-RSC-SFBA01 > P10-HRN-RSC-BAA01 > P10-HRN-BTD-BA02 > P10-HRN-RSC-SFBA02 > P10-HRN-RSC-BAA02 > P10-HRN-BTD-BA03 > P10-HRN-RSC-SFBA03 > P10-HRN-RSC-BAA03 > P10-HRN-BTD-BA04 > P10-HRN-RSC-SFBA04 > P10-HRN-RSC-BAA04 > P10-HRN-BTD-BA05 > P10-HRN-RSC-SFBA05 > P10-HRN-RSC-BAA05 || 380565:200:P10 > P10-HRN-LGC-HARINA > P10-HRN-FLT-FMHRN || ... +2,P10-HRN-LGC-HARINA,Ancestro Project P10-HRN-LGC-HARINA aparece en 10 contenedores.,P10,P10-HRN-LGC-HARINA,P10-HRN-LGC-MOLINOS,P10-HRN-MLN-M01,P10-HRN-ALM-MA01,P10-HRN-RSC-MSF01,P10-HRN-MLN-M02,P10-HRN-ALM-MA02,P10-HRN-RSC-MSF02,P10-HRN-MLN-M03,P10-HRN-ALM-MA03,P10-HRN-RSC-MSF03,,,,,,,,,,,,,,,,,,,,,,,,,,,,,,,,,,,,,,,,,,,,,,,,,,,,,,,,,,,,,,,,,,,,,hay más de un contenedor candidato
contenedor_duplicado,contenedor_por_ancestro_project,P10-HRN-RDL-R27,REDLER R27 (FINOS VENT EG02),288,4,288,P10-HRN-LGC-REDLER,P10-HRN-LGC-REDLER,P10-HRN-LGC-HARINA > P10-HRN-LGC-REDLER,P10 > P10-HRN-LGC-HARINA > P10-HRN-LGC-REDLER,P10 > P10-HRN-LGC-HARINA > P10-HRN-LGC-REDLER > P10-HRN-RDL-R27,227678,25d0f85d-57da-4cae-8ca2-9b682363407e-0003795e,Cubiertas,,Genérico - 400 mm,Genérico - 400 mm,P10-HRN-LGC-MOLINOS,P10 > P10-HRN-LGC-HARINA > P10-HRN-LGC-MOLINOS > P10-HRN-MLN-M01 > P10-HRN-ALM-MA01 > P10-HRN-RSC-MSF01 > P10-HRN-MLN-M02 > P10-HRN-ALM-MA02 > P10-HRN-RSC-MSF02 > P10-HRN-MLN-M03 > P10-HRN-ALM-MA03 > P10-HRN-RSC-MSF03,contenedor_scoring,227678,25d0f85d-57da-4cae-8ca2-9b682363407e-0003795e,P10 > P10-HRN-LGC-HARINA > P10-HRN-LGC-MOLINOS > P10-HRN-MLN-M01 > P10-HRN-ALM-MA01 > P10-HRN-RSC-MSF01 > P10-HRN-MLN-M02 > P10-HRN-ALM-MA02 > P10-HRN-RSC-MSF02 > P10-HRN-MLN-M03 > P10-HRN-ALM-MA03 > P10-HRN-RSC-MSF03,12,68,NO,200,200,0,ancestro_project_exacto_duplicado,227678:200:P10 > P10-HRN-LGC-HARINA > P10-HRN-LGC-MOLINOS > P10-HRN-MLN-M01 > P10-HRN-ALM-MA01 > P10-HRN-RSC-MSF01 > P10-HRN-MLN-M02 > P10-HRN-ALM-MA02 > P10-HRN-RSC-MSF02 > P10-HRN-MLN-M03 > P10-HRN-ALM-MA03 > P10-HRN-RSC-MSF03 || 281487:200:P10 > P10-HRN-LGC-HARINA > P10-HRN-ENF-EG02 > P10-HRN-RSC-EGSF05 > P10-HRN-RSC-EGSF06 > P10-HRN-RSC-EGSF07 > P10-HRN-VNT-VE35 > P10-HRN-CCL-CVE35 > P10-HRN-VLV-VR28 > P10-HRN-VNT-VE36 > P10-HRN-CCL-CVE36 > P10-HRN-VLV-VR29 > P10-HRN-VNT-VE37 > P10-HRN-CCL-CVE37 > P10-HRN-VLV-VR30 > P10-HRN-VNT-VE38 > P10-HRN-CCL-CVE38 > P10-HRN-VLV-VR31 || 358462:200:P10 > P10-HRN-LGC-HARINA > P10-HRN-LGC-SEC. ROTATIVOS > P10-HRN-SRT-SR01 > P10-HRN-RSC-SF04 > P10-HRN-VLV-VALV || 358495:200:P10 > P10-HRN-LGC-HARINA > P10-HRN-LGC-SEC. ROTATIVOS > P10-HRN-SRT-SR02 > P10-HRN-RSC-SF05 || 367888:200:P10 > P10-HRN-LGC-HARINA > P10-HRN-ENF-EG01 > P10-HRN-RSC-EGSF01 > P10-HRN-RSC-EGSF02 > P10-HRN-RSC-EGSF03 > P10-HRN-RSC-EGSF04 > P10-HRN-VNT-VE27 > P10-HRN-CCL-CVE27 > P10-HRN-VLV-VR20 > P10-HRN-VNT-VE28 > P10-HRN-CCL-CVE28 > P10-HRN-VLV-VR21 > P10-HRN-VNT-VE29 > P10-HRN-CCL-CVE29 > P10-HRN-VLV-VR22 > P10-HRN-VNT-VE30 > P10-HRN-CCL-CVE30 > P10-HRN-VLV-VR23 > P10-HRN-VNT-VE31 > P10-HRN-CCL-CVE31 > P10-HRN-VLV-VR24 > P10-HRN-VNT-VE32 > P10-HRN-CCL-CVE32 > P10-HRN-VLV-VR25 > P10-HRN-VNT-VE33 > P10-HRN-CCL-CVE33 > P10-HRN-VLV-VR26 > P10-HRN-VNT-VE34 > P10-HRN-CCL-CVE34 > P10-HRN-VLV-VR27 > P10-HRN-VNT-VE39 > P10-HRN-ART-ARTVE39 > P10-HRN-VNT-VE40 > P10-HRN-ART-ARTVE40 > P10-HRN-VNT-VE41 > P10-HRN-ART-ARTVE41 > P10-HRN-VNT-VE42 > P10-HRN-ART-ARTVE42 > P10-HRN-VNT-VE43 > P10-HRN-ART-ARTVE43 > P10-HRN-VNT-VE44 > P10-HRN-ART-ARTVE44 > P10-HRN-VNT-VE45 > P10-HRN-ART-ARTVE45 > P10-HRN-VNT-VE46 > P10-HRN-ART-ARTVE46 > P10-HRN-VNT-VE47 > P10-HRN-ART-ARTVE47 > P10-HRN-VNT-VE48 > P10-HRN-ART-ARTVE48 > P10-HRN-VNT-VE49 > P10-HRN-ART-ARTVE49 > P10-HRN-VNT-VE50 > P10-HRN-ART-ARTVE50 > P10-HRN-VNT-VE51 > P10-HRN-ART-ARTVE51 > P10-HRN-VNT-VE52 > P10-HRN-ART-ARTVE52 > P10-HRN-VNT-VE53 > P10-HRN-ART-ARTVE53 > P10-HRN-VNT-VE54 > P10-HRN-ART-ARTVE54 > P10-HRN-VNT-VE55 > P10-HRN-ART-ARTVE55 > P10-HRN-VNT-VE56 > P10-HRN-ART-ARTVE56 > P10-HRN-VNT-VE57 > P10-HRN-ART-ARTVE57 > P10-HRN-VNT-VE58 > P10-HRN-ART-ARTVE58 > P10-HRN-VNT-VE59 > P10-HRN-ART-ARTVE59 > P10-HRN-VNT-VE60 > P10-HRN-ART-ARTVE60 > P10-HRN-VNT-VE61 > P10-HRN-ART-ARTVE61 > P10-HRN-VNT-VE62 > P10-HRN-ART-ARTVE62 > P10-HRN-VNT-VE63 || 377635:200:P10 > P10-HRN-LGC-HARINA > P10-HRN-FLT-FMHRN > P10-HRN-BRL-BRL3 > P10-HRN-RSC-HSF01 > P10-HRN-VLV-VR32 > P10-HRN-VNT-VE64 > P10-HRN-VNT-VE65 || 380547:200:P10 > P10-HRN-LGC-HARINA > P10-HRN-LGC-TAMIZADORES > P10-HRN-BTD-BA01 > P10-HRN-RSC-SFBA01 > P10-HRN-RSC-BAA01 > P10-HRN-BTD-BA02 > P10-HRN-RSC-SFBA02 > P10-HRN-RSC-BAA02 > P10-HRN-BTD-BA03 > P10-HRN-RSC-SFBA03 > P10-HRN-RSC-BAA03 > P10-HRN-BTD-BA04 > P10-HRN-RSC-SFBA04 > P10-HRN-RSC-BAA04 > P10-HRN-BTD-BA05 > P10-HRN-RSC-SFBA05 > P10-HRN-RSC-BAA05 || 380565:200:P10 > P10-HRN-LGC-HARINA > P10-HRN-FLT-FMHRN || ... +2,P10-HRN-LGC-HARINA,Ancestro Project P10-HRN-LGC-HARINA aparece en 10 contenedores.,P10,P10-HRN-LGC-HARINA,P10-HRN-LGC-MOLINOS,P10-HRN-MLN-M01,P10-HRN-ALM-MA01,P10-HRN-RSC-MSF01,P10-HRN-MLN-M02,P10-HRN-ALM-MA02,P10-HRN-RSC-MSF02,P10-HRN-MLN-M03,P10-HRN-ALM-MA03,P10-HRN-RSC-MSF03,,,,,,,,,,,,,,,,,,,,,,,,,,,,,,,,,,,,,,,,,,,,,,,,,,,,,,,,,,,,,,,,,,,,,hay más de un contenedor candidato
contenedor_duplicado,contenedor_por_ancestro_project,P10-HRN-RDL-R28,REDLER R28 (RECIBE DE R27),289,4,289,P10-HRN-LGC-REDLER,P10-HRN-LGC-REDLER,P10-HRN-LGC-HARINA > P10-HRN-LGC-REDLER,P10 > P10-HRN-LGC-HARINA > P10-HRN-LGC-REDLER,P10 > P10-HRN-LGC-HARINA > P10-HRN-LGC-REDLER > P10-HRN-RDL-R28,227678,25d0f85d-57da-4cae-8ca2-9b682363407e-0003795e,Cubiertas,,Genérico - 400 mm,Genérico - 400 mm,P10-HRN-LGC-MOLINOS,P10 > P10-HRN-LGC-HARINA > P10-HRN-LGC-MOLINOS > P10-HRN-MLN-M01 > P10-HRN-ALM-MA01 > P10-HRN-RSC-MSF01 > P10-HRN-MLN-M02 > P10-HRN-ALM-MA02 > P10-HRN-RSC-MSF02 > P10-HRN-MLN-M03 > P10-HRN-ALM-MA03 > P10-HRN-RSC-MSF03,contenedor_scoring,227678,25d0f85d-57da-4cae-8ca2-9b682363407e-0003795e,P10 > P10-HRN-LGC-HARINA > P10-HRN-LGC-MOLINOS > P10-HRN-MLN-M01 > P10-HRN-ALM-MA01 > P10-HRN-RSC-MSF01 > P10-HRN-MLN-M02 > P10-HRN-ALM-MA02 > P10-HRN-RSC-MSF02 > P10-HRN-MLN-M03 > P10-HRN-ALM-MA03 > P10-HRN-RSC-MSF03,12,68,NO,200,200,0,ancestro_project_exacto_duplicado,227678:200:P10 > P10-HRN-LGC-HARINA > P10-HRN-LGC-MOLINOS > P10-HRN-MLN-M01 > P10-HRN-ALM-MA01 > P10-HRN-RSC-MSF01 > P10-HRN-MLN-M02 > P10-HRN-ALM-MA02 > P10-HRN-RSC-MSF02 > P10-HRN-MLN-M03 > P10-HRN-ALM-MA03 > P10-HRN-RSC-MSF03 || 281487:200:P10 > P10-HRN-LGC-HARINA > P10-HRN-ENF-EG02 > P10-HRN-RSC-EGSF05 > P10-HRN-RSC-EGSF06 > P10-HRN-RSC-EGSF07 > P10-HRN-VNT-VE35 > P10-HRN-CCL-CVE35 > P10-HRN-VLV-VR28 > P10-HRN-VNT-VE36 > P10-HRN-CCL-CVE36 > P10-HRN-VLV-VR29 > P10-HRN-VNT-VE37 > P10-HRN-CCL-CVE37 > P10-HRN-VLV-VR30 > P10-HRN-VNT-VE38 > P10-HRN-CCL-CVE38 > P10-HRN-VLV-VR31 || 358462:200:P10 > P10-HRN-LGC-HARINA > P10-HRN-LGC-SEC. ROTATIVOS > P10-HRN-SRT-SR01 > P10-HRN-RSC-SF04 > P10-HRN-VLV-VALV || 358495:200:P10 > P10-HRN-LGC-HARINA > P10-HRN-LGC-SEC. ROTATIVOS > P10-HRN-SRT-SR02 > P10-HRN-RSC-SF05 || 367888:200:P10 > P10-HRN-LGC-HARINA > P10-HRN-ENF-EG01 > P10-HRN-RSC-EGSF01 > P10-HRN-RSC-EGSF02 > P10-HRN-RSC-EGSF03 > P10-HRN-RSC-EGSF04 > P10-HRN-VNT-VE27 > P10-HRN-CCL-CVE27 > P10-HRN-VLV-VR20 > P10-HRN-VNT-VE28 > P10-HRN-CCL-CVE28 > P10-HRN-VLV-VR21 > P10-HRN-VNT-VE29 > P10-HRN-CCL-CVE29 > P10-HRN-VLV-VR22 > P10-HRN-VNT-VE30 > P10-HRN-CCL-CVE30 > P10-HRN-VLV-VR23 > P10-HRN-VNT-VE31 > P10-HRN-CCL-CVE31 > P10-HRN-VLV-VR24 > P10-HRN-VNT-VE32 > P10-HRN-CCL-CVE32 > P10-HRN-VLV-VR25 > P10-HRN-VNT-VE33 > P10-HRN-CCL-CVE33 > P10-HRN-VLV-VR26 > P10-HRN-VNT-VE34 > P10-HRN-CCL-CVE34 > P10-HRN-VLV-VR27 > P10-HRN-VNT-VE39 > P10-HRN-ART-ARTVE39 > P10-HRN-VNT-VE40 > P10-HRN-ART-ARTVE40 > P10-HRN-VNT-VE41 > P10-HRN-ART-ARTVE41 > P10-HRN-VNT-VE42 > P10-HRN-ART-ARTVE42 > P10-HRN-VNT-VE43 > P10-HRN-ART-ARTVE43 > P10-HRN-VNT-VE44 > P10-HRN-ART-ARTVE44 > P10-HRN-VNT-VE45 > P10-HRN-ART-ARTVE45 > P10-HRN-VNT-VE46 > P10-HRN-ART-ARTVE46 > P10-HRN-VNT-VE47 > P10-HRN-ART-ARTVE47 > P10-HRN-VNT-VE48 > P10-HRN-ART-ARTVE48 > P10-HRN-VNT-VE49 > P10-HRN-ART-ARTVE49 > P10-HRN-VNT-VE50 > P10-HRN-ART-ARTVE50 > P10-HRN-VNT-VE51 > P10-HRN-ART-ARTVE51 > P10-HRN-VNT-VE52 > P10-HRN-ART-ARTVE52 > P10-HRN-VNT-VE53 > P10-HRN-ART-ARTVE53 > P10-HRN-VNT-VE54 > P10-HRN-ART-ARTVE54 > P10-HRN-VNT-VE55 > P10-HRN-ART-ARTVE55 > P10-HRN-VNT-VE56 > P10-HRN-ART-ARTVE56 > P10-HRN-VNT-VE57 > P10-HRN-ART-ARTVE57 > P10-HRN-VNT-VE58 > P10-HRN-ART-ARTVE58 > P10-HRN-VNT-VE59 > P10-HRN-ART-ARTVE59 > P10-HRN-VNT-VE60 > P10-HRN-ART-ARTVE60 > P10-HRN-VNT-VE61 > P10-HRN-ART-ARTVE61 > P10-HRN-VNT-VE62 > P10-HRN-ART-ARTVE62 > P10-HRN-VNT-VE63 || 377635:200:P10 > P10-HRN-LGC-HARINA > P10-HRN-FLT-FMHRN > P10-HRN-BRL-BRL3 > P10-HRN-RSC-HSF01 > P10-HRN-VLV-VR32 > P10-HRN-VNT-VE64 > P10-HRN-VNT-VE65 || 380547:200:P10 > P10-HRN-LGC-HARINA > P10-HRN-LGC-TAMIZADORES > P10-HRN-BTD-BA01 > P10-HRN-RSC-SFBA01 > P10-HRN-RSC-BAA01 > P10-HRN-BTD-BA02 > P10-HRN-RSC-SFBA02 > P10-HRN-RSC-BAA02 > P10-HRN-BTD-BA03 > P10-HRN-RSC-SFBA03 > P10-HRN-RSC-BAA03 > P10-HRN-BTD-BA04 > P10-HRN-RSC-SFBA04 > P10-HRN-RSC-BAA04 > P10-HRN-BTD-BA05 > P10-HRN-RSC-SFBA05 > P10-HRN-RSC-BAA05 || 380565:200:P10 > P10-HRN-LGC-HARINA > P10-HRN-FLT-FMHRN || ... +2,P10-HRN-LGC-HARINA,Ancestro Project P10-HRN-LGC-HARINA aparece en 10 contenedores.,P10,P10-HRN-LGC-HARINA,P10-HRN-LGC-MOLINOS,P10-HRN-MLN-M01,P10-HRN-ALM-MA01,P10-HRN-RSC-MSF01,P10-HRN-MLN-M02,P10-HRN-ALM-MA02,P10-HRN-RSC-MSF02,P10-HRN-MLN-M03,P10-HRN-ALM-MA03,P10-HRN-RSC-MSF03,,,,,,,,,,,,,,,,,,,,,,,,,,,,,,,,,,,,,,,,,,,,,,,,,,,,,,,,,,,,,,,,,,,,,hay más de un contenedor candidato
contenedor_duplicado,contenedor_por_ancestro_project,P10-HRN-RDL-R29,REDLER R29 (CARGA DE BATIDORAS  (DE N03)),290,4,290,P10-HRN-LGC-REDLER,P10-HRN-LGC-REDLER,P10-HRN-LGC-HARINA > P10-HRN-LGC-REDLER,P10 > P10-HRN-LGC-HARINA > P10-HRN-LGC-REDLER,P10 > P10-HRN-LGC-HARINA > P10-HRN-LGC-REDLER > P10-HRN-RDL-R29,227678,25d0f85d-57da-4cae-8ca2-9b682363407e-0003795e,Cubiertas,,Genérico - 400 mm,Genérico - 400 mm,P10-HRN-LGC-MOLINOS,P10 > P10-HRN-LGC-HARINA > P10-HRN-LGC-MOLINOS > P10-HRN-MLN-M01 > P10-HRN-ALM-MA01 > P10-HRN-RSC-MSF01 > P10-HRN-MLN-M02 > P10-HRN-ALM-MA02 > P10-HRN-RSC-MSF02 > P10-HRN-MLN-M03 > P10-HRN-ALM-MA03 > P10-HRN-RSC-MSF03,contenedor_scoring,227678,25d0f85d-57da-4cae-8ca2-9b682363407e-0003795e,P10 > P10-HRN-LGC-HARINA > P10-HRN-LGC-MOLINOS > P10-HRN-MLN-M01 > P10-HRN-ALM-MA01 > P10-HRN-RSC-MSF01 > P10-HRN-MLN-M02 > P10-HRN-ALM-MA02 > P10-HRN-RSC-MSF02 > P10-HRN-MLN-M03 > P10-HRN-ALM-MA03 > P10-HRN-RSC-MSF03,12,68,NO,200,200,0,ancestro_project_exacto_duplicado,227678:200:P10 > P10-HRN-LGC-HARINA > P10-HRN-LGC-MOLINOS > P10-HRN-MLN-M01 > P10-HRN-ALM-MA01 > P10-HRN-RSC-MSF01 > P10-HRN-MLN-M02 > P10-HRN-ALM-MA02 > P10-HRN-RSC-MSF02 > P10-HRN-MLN-M03 > P10-HRN-ALM-MA03 > P10-HRN-RSC-MSF03 || 281487:200:P10 > P10-HRN-LGC-HARINA > P10-HRN-ENF-EG02 > P10-HRN-RSC-EGSF05 > P10-HRN-RSC-EGSF06 > P10-HRN-RSC-EGSF07 > P10-HRN-VNT-VE35 > P10-HRN-CCL-CVE35 > P10-HRN-VLV-VR28 > P10-HRN-VNT-VE36 > P10-HRN-CCL-CVE36 > P10-HRN-VLV-VR29 > P10-HRN-VNT-VE37 > P10-HRN-CCL-CVE37 > P10-HRN-VLV-VR30 > P10-HRN-VNT-VE38 > P10-HRN-CCL-CVE38 > P10-HRN-VLV-VR31 || 358462:200:P10 > P10-HRN-LGC-HARINA > P10-HRN-LGC-SEC. ROTATIVOS > P10-HRN-SRT-SR01 > P10-HRN-RSC-SF04 > P10-HRN-VLV-VALV || 358495:200:P10 > P10-HRN-LGC-HARINA > P10-HRN-LGC-SEC. ROTATIVOS > P10-HRN-SRT-SR02 > P10-HRN-RSC-SF05 || 367888:200:P10 > P10-HRN-LGC-HARINA > P10-HRN-ENF-EG01 > P10-HRN-RSC-EGSF01 > P10-HRN-RSC-EGSF02 > P10-HRN-RSC-EGSF03 > P10-HRN-RSC-EGSF04 > P10-HRN-VNT-VE27 > P10-HRN-CCL-CVE27 > P10-HRN-VLV-VR20 > P10-HRN-VNT-VE28 > P10-HRN-CCL-CVE28 > P10-HRN-VLV-VR21 > P10-HRN-VNT-VE29 > P10-HRN-CCL-CVE29 > P10-HRN-VLV-VR22 > P10-HRN-VNT-VE30 > P10-HRN-CCL-CVE30 > P10-HRN-VLV-VR23 > P10-HRN-VNT-VE31 > P10-HRN-CCL-CVE31 > P10-HRN-VLV-VR24 > P10-HRN-VNT-VE32 > P10-HRN-CCL-CVE32 > P10-HRN-VLV-VR25 > P10-HRN-VNT-VE33 > P10-HRN-CCL-CVE33 > P10-HRN-VLV-VR26 > P10-HRN-VNT-VE34 > P10-HRN-CCL-CVE34 > P10-HRN-VLV-VR27 > P10-HRN-VNT-VE39 > P10-HRN-ART-ARTVE39 > P10-HRN-VNT-VE40 > P10-HRN-ART-ARTVE40 > P10-HRN-VNT-VE41 > P10-HRN-ART-ARTVE41 > P10-HRN-VNT-VE42 > P10-HRN-ART-ARTVE42 > P10-HRN-VNT-VE43 > P10-HRN-ART-ARTVE43 > P10-HRN-VNT-VE44 > P10-HRN-ART-ARTVE44 > P10-HRN-VNT-VE45 > P10-HRN-ART-ARTVE45 > P10-HRN-VNT-VE46 > P10-HRN-ART-ARTVE46 > P10-HRN-VNT-VE47 > P10-HRN-ART-ARTVE47 > P10-HRN-VNT-VE48 > P10-HRN-ART-ARTVE48 > P10-HRN-VNT-VE49 > P10-HRN-ART-ARTVE49 > P10-HRN-VNT-VE50 > P10-HRN-ART-ARTVE50 > P10-HRN-VNT-VE51 > P10-HRN-ART-ARTVE51 > P10-HRN-VNT-VE52 > P10-HRN-ART-ARTVE52 > P10-HRN-VNT-VE53 > P10-HRN-ART-ARTVE53 > P10-HRN-VNT-VE54 > P10-HRN-ART-ARTVE54 > P10-HRN-VNT-VE55 > P10-HRN-ART-ARTVE55 > P10-HRN-VNT-VE56 > P10-HRN-ART-ARTVE56 > P10-HRN-VNT-VE57 > P10-HRN-ART-ARTVE57 > P10-HRN-VNT-VE58 > P10-HRN-ART-ARTVE58 > P10-HRN-VNT-VE59 > P10-HRN-ART-ARTVE59 > P10-HRN-VNT-VE60 > P10-HRN-ART-ARTVE60 > P10-HRN-VNT-VE61 > P10-HRN-ART-ARTVE61 > P10-HRN-VNT-VE62 > P10-HRN-ART-ARTVE62 > P10-HRN-VNT-VE63 || 377635:200:P10 > P10-HRN-LGC-HARINA > P10-HRN-FLT-FMHRN > P10-HRN-BRL-BRL3 > P10-HRN-RSC-HSF01 > P10-HRN-VLV-VR32 > P10-HRN-VNT-VE64 > P10-HRN-VNT-VE65 || 380547:200:P10 > P10-HRN-LGC-HARINA > P10-HRN-LGC-TAMIZADORES > P10-HRN-BTD-BA01 > P10-HRN-RSC-SFBA01 > P10-HRN-RSC-BAA01 > P10-HRN-BTD-BA02 > P10-HRN-RSC-SFBA02 > P10-HRN-RSC-BAA02 > P10-HRN-BTD-BA03 > P10-HRN-RSC-SFBA03 > P10-HRN-RSC-BAA03 > P10-HRN-BTD-BA04 > P10-HRN-RSC-SFBA04 > P10-HRN-RSC-BAA04 > P10-HRN-BTD-BA05 > P10-HRN-RSC-SFBA05 > P10-HRN-RSC-BAA05 || 380565:200:P10 > P10-HRN-LGC-HARINA > P10-HRN-FLT-FMHRN || ... +2,P10-HRN-LGC-HARINA,Ancestro Project P10-HRN-LGC-HARINA aparece en 10 contenedores.,P10,P10-HRN-LGC-HARINA,P10-HRN-LGC-MOLINOS,P10-HRN-MLN-M01,P10-HRN-ALM-MA01,P10-HRN-RSC-MSF01,P10-HRN-MLN-M02,P10-HRN-ALM-MA02,P10-HRN-RSC-MSF02,P10-HRN-MLN-M03,P10-HRN-ALM-MA03,P10-HRN-RSC-MSF03,,,,,,,,,,,,,,,,,,,,,,,,,,,,,,,,,,,,,,,,,,,,,,,,,,,,,,,,,,,,,,,,,,,,,hay más de un contenedor candidato
contenedor_duplicado,contenedor_por_ancestro_project,P10-HRN-RDL-R30,REDLER R30 (RECIBE FINOS DE BATIDORAS),291,4,291,P10-HRN-LGC-REDLER,P10-HRN-LGC-REDLER,P10-HRN-LGC-HARINA > P10-HRN-LGC-REDLER,P10 > P10-HRN-LGC-HARINA > P10-HRN-LGC-REDLER,P10 > P10-HRN-LGC-HARINA > P10-HRN-LGC-REDLER > P10-HRN-RDL-R30,227678,25d0f85d-57da-4cae-8ca2-9b682363407e-0003795e,Cubiertas,,Genérico - 400 mm,Genérico - 400 mm,P10-HRN-LGC-MOLINOS,P10 > P10-HRN-LGC-HARINA > P10-HRN-LGC-MOLINOS > P10-HRN-MLN-M01 > P10-HRN-ALM-MA01 > P10-HRN-RSC-MSF01 > P10-HRN-MLN-M02 > P10-HRN-ALM-MA02 > P10-HRN-RSC-MSF02 > P10-HRN-MLN-M03 > P10-HRN-ALM-MA03 > P10-HRN-RSC-MSF03,contenedor_scoring,227678,25d0f85d-57da-4cae-8ca2-9b682363407e-0003795e,P10 > P10-HRN-LGC-HARINA > P10-HRN-LGC-MOLINOS > P10-HRN-MLN-M01 > P10-HRN-ALM-MA01 > P10-HRN-RSC-MSF01 > P10-HRN-MLN-M02 > P10-HRN-ALM-MA02 > P10-HRN-RSC-MSF02 > P10-HRN-MLN-M03 > P10-HRN-ALM-MA03 > P10-HRN-RSC-MSF03,12,68,NO,200,200,0,ancestro_project_exacto_duplicado,227678:200:P10 > P10-HRN-LGC-HARINA > P10-HRN-LGC-MOLINOS > P10-HRN-MLN-M01 > P10-HRN-ALM-MA01 > P10-HRN-RSC-MSF01 > P10-HRN-MLN-M02 > P10-HRN-ALM-MA02 > P10-HRN-RSC-MSF02 > P10-HRN-MLN-M03 > P10-HRN-ALM-MA03 > P10-HRN-RSC-MSF03 || 281487:200:P10 > P10-HRN-LGC-HARINA > P10-HRN-ENF-EG02 > P10-HRN-RSC-EGSF05 > P10-HRN-RSC-EGSF06 > P10-HRN-RSC-EGSF07 > P10-HRN-VNT-VE35 > P10-HRN-CCL-CVE35 > P10-HRN-VLV-VR28 > P10-HRN-VNT-VE36 > P10-HRN-CCL-CVE36 > P10-HRN-VLV-VR29 > P10-HRN-VNT-VE37 > P10-HRN-CCL-CVE37 > P10-HRN-VLV-VR30 > P10-HRN-VNT-VE38 > P10-HRN-CCL-CVE38 > P10-HRN-VLV-VR31 || 358462:200:P10 > P10-HRN-LGC-HARINA > P10-HRN-LGC-SEC. ROTATIVOS > P10-HRN-SRT-SR01 > P10-HRN-RSC-SF04 > P10-HRN-VLV-VALV || 358495:200:P10 > P10-HRN-LGC-HARINA > P10-HRN-LGC-SEC. ROTATIVOS > P10-HRN-SRT-SR02 > P10-HRN-RSC-SF05 || 367888:200:P10 > P10-HRN-LGC-HARINA > P10-HRN-ENF-EG01 > P10-HRN-RSC-EGSF01 > P10-HRN-RSC-EGSF02 > P10-HRN-RSC-EGSF03 > P10-HRN-RSC-EGSF04 > P10-HRN-VNT-VE27 > P10-HRN-CCL-CVE27 > P10-HRN-VLV-VR20 > P10-HRN-VNT-VE28 > P10-HRN-CCL-CVE28 > P10-HRN-VLV-VR21 > P10-HRN-VNT-VE29 > P10-HRN-CCL-CVE29 > P10-HRN-VLV-VR22 > P10-HRN-VNT-VE30 > P10-HRN-CCL-CVE30 > P10-HRN-VLV-VR23 > P10-HRN-VNT-VE31 > P10-HRN-CCL-CVE31 > P10-HRN-VLV-VR24 > P10-HRN-VNT-VE32 > P10-HRN-CCL-CVE32 > P10-HRN-VLV-VR25 > P10-HRN-VNT-VE33 > P10-HRN-CCL-CVE33 > P10-HRN-VLV-VR26 > P10-HRN-VNT-VE34 > P10-HRN-CCL-CVE34 > P10-HRN-VLV-VR27 > P10-HRN-VNT-VE39 > P10-HRN-ART-ARTVE39 > P10-HRN-VNT-VE40 > P10-HRN-ART-ARTVE40 > P10-HRN-VNT-VE41 > P10-HRN-ART-ARTVE41 > P10-HRN-VNT-VE42 > P10-HRN-ART-ARTVE42 > P10-HRN-VNT-VE43 > P10-HRN-ART-ARTVE43 > P10-HRN-VNT-VE44 > P10-HRN-ART-ARTVE44 > P10-HRN-VNT-VE45 > P10-HRN-ART-ARTVE45 > P10-HRN-VNT-VE46 > P10-HRN-ART-ARTVE46 > P10-HRN-VNT-VE47 > P10-HRN-ART-ARTVE47 > P10-HRN-VNT-VE48 > P10-HRN-ART-ARTVE48 > P10-HRN-VNT-VE49 > P10-HRN-ART-ARTVE49 > P10-HRN-VNT-VE50 > P10-HRN-ART-ARTVE50 > P10-HRN-VNT-VE51 > P10-HRN-ART-ARTVE51 > P10-HRN-VNT-VE52 > P10-HRN-ART-ARTVE52 > P10-HRN-VNT-VE53 > P10-HRN-ART-ARTVE53 > P10-HRN-VNT-VE54 > P10-HRN-ART-ARTVE54 > P10-HRN-VNT-VE55 > P10-HRN-ART-ARTVE55 > P10-HRN-VNT-VE56 > P10-HRN-ART-ARTVE56 > P10-HRN-VNT-VE57 > P10-HRN-ART-ARTVE57 > P10-HRN-VNT-VE58 > P10-HRN-ART-ARTVE58 > P10-HRN-VNT-VE59 > P10-HRN-ART-ARTVE59 > P10-HRN-VNT-VE60 > P10-HRN-ART-ARTVE60 > P10-HRN-VNT-VE61 > P10-HRN-ART-ARTVE61 > P10-HRN-VNT-VE62 > P10-HRN-ART-ARTVE62 > P10-HRN-VNT-VE63 || 377635:200:P10 > P10-HRN-LGC-HARINA > P10-HRN-FLT-FMHRN > P10-HRN-BRL-BRL3 > P10-HRN-RSC-HSF01 > P10-HRN-VLV-VR32 > P10-HRN-VNT-VE64 > P10-HRN-VNT-VE65 || 380547:200:P10 > P10-HRN-LGC-HARINA > P10-HRN-LGC-TAMIZADORES > P10-HRN-BTD-BA01 > P10-HRN-RSC-SFBA01 > P10-HRN-RSC-BAA01 > P10-HRN-BTD-BA02 > P10-HRN-RSC-SFBA02 > P10-HRN-RSC-BAA02 > P10-HRN-BTD-BA03 > P10-HRN-RSC-SFBA03 > P10-HRN-RSC-BAA03 > P10-HRN-BTD-BA04 > P10-HRN-RSC-SFBA04 > P10-HRN-RSC-BAA04 > P10-HRN-BTD-BA05 > P10-HRN-RSC-SFBA05 > P10-HRN-RSC-BAA05 || 380565:200:P10 > P10-HRN-LGC-HARINA > P10-HRN-FLT-FMHRN || ... +2,P10-HRN-LGC-HARINA,Ancestro Project P10-HRN-LGC-HARINA aparece en 10 contenedores.,P10,P10-HRN-LGC-HARINA,P10-HRN-LGC-MOLINOS,P10-HRN-MLN-M01,P10-HRN-ALM-MA01,P10-HRN-RSC-MSF01,P10-HRN-MLN-M02,P10-HRN-ALM-MA02,P10-HRN-RSC-MSF02,P10-HRN-MLN-M03,P10-HRN-ALM-MA03,P10-HRN-RSC-MSF03,,,,,,,,,,,,,,,,,,,,,,,,,,,,,,,,,,,,,,,,,,,,,,,,,,,,,,,,,,,,,,,,,,,,,hay más de un contenedor candidato
contenedor_duplicado,contenedor_por_ancestro_project,P10-HRN-RDL-R31,REDLER R31 ALIMENTACION MOLINOS,292,4,292,P10-HRN-LGC-REDLER,P10-HRN-LGC-REDLER,P10-HRN-LGC-HARINA > P10-HRN-LGC-REDLER,P10 > P10-HRN-LGC-HARINA > P10-HRN-LGC-REDLER,P10 > P10-HRN-LGC-HARINA > P10-HRN-LGC-REDLER > P10-HRN-RDL-R31,227678,25d0f85d-57da-4cae-8ca2-9b682363407e-0003795e,Cubiertas,,Genérico - 400 mm,Genérico - 400 mm,P10-HRN-LGC-MOLINOS,P10 > P10-HRN-LGC-HARINA > P10-HRN-LGC-MOLINOS > P10-HRN-MLN-M01 > P10-HRN-ALM-MA01 > P10-HRN-RSC-MSF01 > P10-HRN-MLN-M02 > P10-HRN-ALM-MA02 > P10-HRN-RSC-MSF02 > P10-HRN-MLN-M03 > P10-HRN-ALM-MA03 > P10-HRN-RSC-MSF03,contenedor_scoring,227678,25d0f85d-57da-4cae-8ca2-9b682363407e-0003795e,P10 > P10-HRN-LGC-HARINA > P10-HRN-LGC-MOLINOS > P10-HRN-MLN-M01 > P10-HRN-ALM-MA01 > P10-HRN-RSC-MSF01 > P10-HRN-MLN-M02 > P10-HRN-ALM-MA02 > P10-HRN-RSC-MSF02 > P10-HRN-MLN-M03 > P10-HRN-ALM-MA03 > P10-HRN-RSC-MSF03,12,68,NO,200,200,0,ancestro_project_exacto_duplicado,227678:200:P10 > P10-HRN-LGC-HARINA > P10-HRN-LGC-MOLINOS > P10-HRN-MLN-M01 > P10-HRN-ALM-MA01 > P10-HRN-RSC-MSF01 > P10-HRN-MLN-M02 > P10-HRN-ALM-MA02 > P10-HRN-RSC-MSF02 > P10-HRN-MLN-M03 > P10-HRN-ALM-MA03 > P10-HRN-RSC-MSF03 || 281487:200:P10 > P10-HRN-LGC-HARINA > P10-HRN-ENF-EG02 > P10-HRN-RSC-EGSF05 > P10-HRN-RSC-EGSF06 > P10-HRN-RSC-EGSF07 > P10-HRN-VNT-VE35 > P10-HRN-CCL-CVE35 > P10-HRN-VLV-VR28 > P10-HRN-VNT-VE36 > P10-HRN-CCL-CVE36 > P10-HRN-VLV-VR29 > P10-HRN-VNT-VE37 > P10-HRN-CCL-CVE37 > P10-HRN-VLV-VR30 > P10-HRN-VNT-VE38 > P10-HRN-CCL-CVE38 > P10-HRN-VLV-VR31 || 358462:200:P10 > P10-HRN-LGC-HARINA > P10-HRN-LGC-SEC. ROTATIVOS > P10-HRN-SRT-SR01 > P10-HRN-RSC-SF04 > P10-HRN-VLV-VALV || 358495:200:P10 > P10-HRN-LGC-HARINA > P10-HRN-LGC-SEC. ROTATIVOS > P10-HRN-SRT-SR02 > P10-HRN-RSC-SF05 || 367888:200:P10 > P10-HRN-LGC-HARINA > P10-HRN-ENF-EG01 > P10-HRN-RSC-EGSF01 > P10-HRN-RSC-EGSF02 > P10-HRN-RSC-EGSF03 > P10-HRN-RSC-EGSF04 > P10-HRN-VNT-VE27 > P10-HRN-CCL-CVE27 > P10-HRN-VLV-VR20 > P10-HRN-VNT-VE28 > P10-HRN-CCL-CVE28 > P10-HRN-VLV-VR21 > P10-HRN-VNT-VE29 > P10-HRN-CCL-CVE29 > P10-HRN-VLV-VR22 > P10-HRN-VNT-VE30 > P10-HRN-CCL-CVE30 > P10-HRN-VLV-VR23 > P10-HRN-VNT-VE31 > P10-HRN-CCL-CVE31 > P10-HRN-VLV-VR24 > P10-HRN-VNT-VE32 > P10-HRN-CCL-CVE32 > P10-HRN-VLV-VR25 > P10-HRN-VNT-VE33 > P10-HRN-CCL-CVE33 > P10-HRN-VLV-VR26 > P10-HRN-VNT-VE34 > P10-HRN-CCL-CVE34 > P10-HRN-VLV-VR27 > P10-HRN-VNT-VE39 > P10-HRN-ART-ARTVE39 > P10-HRN-VNT-VE40 > P10-HRN-ART-ARTVE40 > P10-HRN-VNT-VE41 > P10-HRN-ART-ARTVE41 > P10-HRN-VNT-VE42 > P10-HRN-ART-ARTVE42 > P10-HRN-VNT-VE43 > P10-HRN-ART-ARTVE43 > P10-HRN-VNT-VE44 > P10-HRN-ART-ARTVE44 > P10-HRN-VNT-VE45 > P10-HRN-ART-ARTVE45 > P10-HRN-VNT-VE46 > P10-HRN-ART-ARTVE46 > P10-HRN-VNT-VE47 > P10-HRN-ART-ARTVE47 > P10-HRN-VNT-VE48 > P10-HRN-ART-ARTVE48 > P10-HRN-VNT-VE49 > P10-HRN-ART-ARTVE49 > P10-HRN-VNT-VE50 > P10-HRN-ART-ARTVE50 > P10-HRN-VNT-VE51 > P10-HRN-ART-ARTVE51 > P10-HRN-VNT-VE52 > P10-HRN-ART-ARTVE52 > P10-HRN-VNT-VE53 > P10-HRN-ART-ARTVE53 > P10-HRN-VNT-VE54 > P10-HRN-ART-ARTVE54 > P10-HRN-VNT-VE55 > P10-HRN-ART-ARTVE55 > P10-HRN-VNT-VE56 > P10-HRN-ART-ARTVE56 > P10-HRN-VNT-VE57 > P10-HRN-ART-ARTVE57 > P10-HRN-VNT-VE58 > P10-HRN-ART-ARTVE58 > P10-HRN-VNT-VE59 > P10-HRN-ART-ARTVE59 > P10-HRN-VNT-VE60 > P10-HRN-ART-ARTVE60 > P10-HRN-VNT-VE61 > P10-HRN-ART-ARTVE61 > P10-HRN-VNT-VE62 > P10-HRN-ART-ARTVE62 > P10-HRN-VNT-VE63 || 377635:200:P10 > P10-HRN-LGC-HARINA > P10-HRN-FLT-FMHRN > P10-HRN-BRL-BRL3 > P10-HRN-RSC-HSF01 > P10-HRN-VLV-VR32 > P10-HRN-VNT-VE64 > P10-HRN-VNT-VE65 || 380547:200:P10 > P10-HRN-LGC-HARINA > P10-HRN-LGC-TAMIZADORES > P10-HRN-BTD-BA01 > P10-HRN-RSC-SFBA01 > P10-HRN-RSC-BAA01 > P10-HRN-BTD-BA02 > P10-HRN-RSC-SFBA02 > P10-HRN-RSC-BAA02 > P10-HRN-BTD-BA03 > P10-HRN-RSC-SFBA03 > P10-HRN-RSC-BAA03 > P10-HRN-BTD-BA04 > P10-HRN-RSC-SFBA04 > P10-HRN-RSC-BAA04 > P10-HRN-BTD-BA05 > P10-HRN-RSC-SFBA05 > P10-HRN-RSC-BAA05 || 380565:200:P10 > P10-HRN-LGC-HARINA > P10-HRN-FLT-FMHRN || ... +2,P10-HRN-LGC-HARINA,Ancestro Project P10-HRN-LGC-HARINA aparece en 10 contenedores.,P10,P10-HRN-LGC-HARINA,P10-HRN-LGC-MOLINOS,P10-HRN-MLN-M01,P10-HRN-ALM-MA01,P10-HRN-RSC-MSF01,P10-HRN-MLN-M02,P10-HRN-ALM-MA02,P10-HRN-RSC-MSF02,P10-HRN-MLN-M03,P10-HRN-ALM-MA03,P10-HRN-RSC-MSF03,,,,,,,,,,,,,,,,,,,,,,,,,,,,,,,,,,,,,,,,,,,,,,,,,,,,,,,,,,,,,,,,,,,,,hay más de un contenedor candidato
contenedor_duplicado,contenedor_por_ancestro_project,P10-HRN-RDL-R32,REDLER R32 DESDE BATIDORAS,293,4,293,P10-HRN-LGC-REDLER,P10-HRN-LGC-REDLER,P10-HRN-LGC-HARINA > P10-HRN-LGC-REDLER,P10 > P10-HRN-LGC-HARINA > P10-HRN-LGC-REDLER,P10 > P10-HRN-LGC-HARINA > P10-HRN-LGC-REDLER > P10-HRN-RDL-R32,227678,25d0f85d-57da-4cae-8ca2-9b682363407e-0003795e,Cubiertas,,Genérico - 400 mm,Genérico - 400 mm,P10-HRN-LGC-MOLINOS,P10 > P10-HRN-LGC-HARINA > P10-HRN-LGC-MOLINOS > P10-HRN-MLN-M01 > P10-HRN-ALM-MA01 > P10-HRN-RSC-MSF01 > P10-HRN-MLN-M02 > P10-HRN-ALM-MA02 > P10-HRN-RSC-MSF02 > P10-HRN-MLN-M03 > P10-HRN-ALM-MA03 > P10-HRN-RSC-MSF03,contenedor_scoring,227678,25d0f85d-57da-4cae-8ca2-9b682363407e-0003795e,P10 > P10-HRN-LGC-HARINA > P10-HRN-LGC-MOLINOS > P10-HRN-MLN-M01 > P10-HRN-ALM-MA01 > P10-HRN-RSC-MSF01 > P10-HRN-MLN-M02 > P10-HRN-ALM-MA02 > P10-HRN-RSC-MSF02 > P10-HRN-MLN-M03 > P10-HRN-ALM-MA03 > P10-HRN-RSC-MSF03,12,68,NO,200,200,0,ancestro_project_exacto_duplicado,227678:200:P10 > P10-HRN-LGC-HARINA > P10-HRN-LGC-MOLINOS > P10-HRN-MLN-M01 > P10-HRN-ALM-MA01 > P10-HRN-RSC-MSF01 > P10-HRN-MLN-M02 > P10-HRN-ALM-MA02 > P10-HRN-RSC-MSF02 > P10-HRN-MLN-M03 > P10-HRN-ALM-MA03 > P10-HRN-RSC-MSF03 || 281487:200:P10 > P10-HRN-LGC-HARINA > P10-HRN-ENF-EG02 > P10-HRN-RSC-EGSF05 > P10-HRN-RSC-EGSF06 > P10-HRN-RSC-EGSF07 > P10-HRN-VNT-VE35 > P10-HRN-CCL-CVE35 > P10-HRN-VLV-VR28 > P10-HRN-VNT-VE36 > P10-HRN-CCL-CVE36 > P10-HRN-VLV-VR29 > P10-HRN-VNT-VE37 > P10-HRN-CCL-CVE37 > P10-HRN-VLV-VR30 > P10-HRN-VNT-VE38 > P10-HRN-CCL-CVE38 > P10-HRN-VLV-VR31 || 358462:200:P10 > P10-HRN-LGC-HARINA > P10-HRN-LGC-SEC. ROTATIVOS > P10-HRN-SRT-SR01 > P10-HRN-RSC-SF04 > P10-HRN-VLV-VALV || 358495:200:P10 > P10-HRN-LGC-HARINA > P10-HRN-LGC-SEC. ROTATIVOS > P10-HRN-SRT-SR02 > P10-HRN-RSC-SF05 || 367888:200:P10 > P10-HRN-LGC-HARINA > P10-HRN-ENF-EG01 > P10-HRN-RSC-EGSF01 > P10-HRN-RSC-EGSF02 > P10-HRN-RSC-EGSF03 > P10-HRN-RSC-EGSF04 > P10-HRN-VNT-VE27 > P10-HRN-CCL-CVE27 > P10-HRN-VLV-VR20 > P10-HRN-VNT-VE28 > P10-HRN-CCL-CVE28 > P10-HRN-VLV-VR21 > P10-HRN-VNT-VE29 > P10-HRN-CCL-CVE29 > P10-HRN-VLV-VR22 > P10-HRN-VNT-VE30 > P10-HRN-CCL-CVE30 > P10-HRN-VLV-VR23 > P10-HRN-VNT-VE31 > P10-HRN-CCL-CVE31 > P10-HRN-VLV-VR24 > P10-HRN-VNT-VE32 > P10-HRN-CCL-CVE32 > P10-HRN-VLV-VR25 > P10-HRN-VNT-VE33 > P10-HRN-CCL-CVE33 > P10-HRN-VLV-VR26 > P10-HRN-VNT-VE34 > P10-HRN-CCL-CVE34 > P10-HRN-VLV-VR27 > P10-HRN-VNT-VE39 > P10-HRN-ART-ARTVE39 > P10-HRN-VNT-VE40 > P10-HRN-ART-ARTVE40 > P10-HRN-VNT-VE41 > P10-HRN-ART-ARTVE41 > P10-HRN-VNT-VE42 > P10-HRN-ART-ARTVE42 > P10-HRN-VNT-VE43 > P10-HRN-ART-ARTVE43 > P10-HRN-VNT-VE44 > P10-HRN-ART-ARTVE44 > P10-HRN-VNT-VE45 > P10-HRN-ART-ARTVE45 > P10-HRN-VNT-VE46 > P10-HRN-ART-ARTVE46 > P10-HRN-VNT-VE47 > P10-HRN-ART-ARTVE47 > P10-HRN-VNT-VE48 > P10-HRN-ART-ARTVE48 > P10-HRN-VNT-VE49 > P10-HRN-ART-ARTVE49 > P10-HRN-VNT-VE50 > P10-HRN-ART-ARTVE50 > P10-HRN-VNT-VE51 > P10-HRN-ART-ARTVE51 > P10-HRN-VNT-VE52 > P10-HRN-ART-ARTVE52 > P10-HRN-VNT-VE53 > P10-HRN-ART-ARTVE53 > P10-HRN-VNT-VE54 > P10-HRN-ART-ARTVE54 > P10-HRN-VNT-VE55 > P10-HRN-ART-ARTVE55 > P10-HRN-VNT-VE56 > P10-HRN-ART-ARTVE56 > P10-HRN-VNT-VE57 > P10-HRN-ART-ARTVE57 > P10-HRN-VNT-VE58 > P10-HRN-ART-ARTVE58 > P10-HRN-VNT-VE59 > P10-HRN-ART-ARTVE59 > P10-HRN-VNT-VE60 > P10-HRN-ART-ARTVE60 > P10-HRN-VNT-VE61 > P10-HRN-ART-ARTVE61 > P10-HRN-VNT-VE62 > P10-HRN-ART-ARTVE62 > P10-HRN-VNT-VE63 || 377635:200:P10 > P10-HRN-LGC-HARINA > P10-HRN-FLT-FMHRN > P10-HRN-BRL-BRL3 > P10-HRN-RSC-HSF01 > P10-HRN-VLV-VR32 > P10-HRN-VNT-VE64 > P10-HRN-VNT-VE65 || 380547:200:P10 > P10-HRN-LGC-HARINA > P10-HRN-LGC-TAMIZADORES > P10-HRN-BTD-BA01 > P10-HRN-RSC-SFBA01 > P10-HRN-RSC-BAA01 > P10-HRN-BTD-BA02 > P10-HRN-RSC-SFBA02 > P10-HRN-RSC-BAA02 > P10-HRN-BTD-BA03 > P10-HRN-RSC-SFBA03 > P10-HRN-RSC-BAA03 > P10-HRN-BTD-BA04 > P10-HRN-RSC-SFBA04 > P10-HRN-RSC-BAA04 > P10-HRN-BTD-BA05 > P10-HRN-RSC-SFBA05 > P10-HRN-RSC-BAA05 || 380565:200:P10 > P10-HRN-LGC-HARINA > P10-HRN-FLT-FMHRN || ... +2,P10-HRN-LGC-HARINA,Ancestro Project P10-HRN-LGC-HARINA aparece en 10 contenedores.,P10,P10-HRN-LGC-HARINA,P10-HRN-LGC-MOLINOS,P10-HRN-MLN-M01,P10-HRN-ALM-MA01,P10-HRN-RSC-MSF01,P10-HRN-MLN-M02,P10-HRN-ALM-MA02,P10-HRN-RSC-MSF02,P10-HRN-MLN-M03,P10-HRN-ALM-MA03,P10-HRN-RSC-MSF03,,,,,,,,,,,,,,,,,,,,,,,,,,,,,,,,,,,,,,,,,,,,,,,,,,,,,,,,,,,,,,,,,,,,,hay más de un contenedor candidato
duplicado,elemento_puntual,P10-HRN-LGC-SEC,CONJUNTO DE SECADORES ROTATIVOS HARINA P10,294,3,294,P10-HRN-LGC-HARINA,P10-HRN-LGC-HARINA,P10-HRN-LGC-HARINA,P10 > P10-HRN-LGC-HARINA,P10 > P10-HRN-LGC-HARINA > P10-HRN-LGC-SEC. ROTATIVOS,358462,1dd21141-8de6-4d43-b824-f67da67065de-0005783e,Modelos genéricos,Biodiesel3,Biodiesel,Biodiesel,P10-HRN-SRT-SR01,P10 > P10-HRN-LGC-HARINA > P10-HRN-LGC-SEC. ROTATIVOS > P10-HRN-SRT-SR01 > P10-HRN-RSC-SF04 > P10-HRN-VLV-VALV,btz_description_03,,,,,,,,,,,,,2 elementos Revit contienen el código exacto.,P10,P10-HRN-LGC-HARINA,P10-HRN-LGC-SEC. ROTATIVOS,P10-HRN-SRT-SR01,P10-HRN-RSC-SF04,P10-HRN-VLV-VALV,,,,,,,,,,,,,,,,,,,,,,,,,,,,,,,,,,,,,,,,,,,,,,,,,,,,,,,,,,,,,,,,,,,,,,,,,,,hay más de un elemento puntual posible
duplicado,elemento_puntual,P10-HRN-LGC-SEC,CONJUNTO DE SECADORES ROTATIVOS HARINA P10,294,3,294,P10-HRN-LGC-HARINA,P10-HRN-LGC-HARINA,P10-HRN-LGC-HARINA,P10 > P10-HRN-LGC-HARINA,P10 > P10-HRN-LGC-HARINA > P10-HRN-LGC-SEC. ROTATIVOS,358495,1dd21141-8de6-4d43-b824-f67da67065de-0005785f,Modelos genéricos,Biodiesel4,Biodiesel,Biodiesel,P10-HRN-SRT-SR02,P10 > P10-HRN-LGC-HARINA > P10-HRN-LGC-SEC. ROTATIVOS > P10-HRN-SRT-SR02 > P10-HRN-RSC-SF05,btz_description_03,,,,,,,,,,,,,2 elementos Revit contienen el código exacto.,P10,P10-HRN-LGC-HARINA,P10-HRN-LGC-SEC. ROTATIVOS,P10-HRN-SRT-SR02,P10-HRN-RSC-SF05,,,,,,,,,,,,,,,,,,,,,,,,,,,,,,,,,,,,,,,,,,,,,,,,,,,,,,,,,,,,,,,,,,,,,,,,,,,,hay más de un elemento puntual posible
contenedor_duplicado,contenedor_por_ancestro_project,P10-HRN-RSC-SF11R,ROSCA SIN FIN MEZCLADORA DER.,295,4,295,P10-HRN-LGC-SEC. ROTATIVOS,P10-HRN-LGC-SEC,P10-HRN-LGC-HARINA > P10-HRN-LGC-SEC,P10 > P10-HRN-LGC-HARINA > P10-HRN-LGC-SEC. ROTATIVOS,P10 > P10-HRN-LGC-HARINA > P10-HRN-LGC-SEC. ROTATIVOS > P10-HRN-RSC-SF11R,227678,25d0f85d-57da-4cae-8ca2-9b682363407e-0003795e,Cubiertas,,Genérico - 400 mm,Genérico - 400 mm,P10-HRN-LGC-MOLINOS,P10 > P10-HRN-LGC-HARINA > P10-HRN-LGC-MOLINOS > P10-HRN-MLN-M01 > P10-HRN-ALM-MA01 > P10-HRN-RSC-MSF01 > P10-HRN-MLN-M02 > P10-HRN-ALM-MA02 > P10-HRN-RSC-MSF02 > P10-HRN-MLN-M03 > P10-HRN-ALM-MA03 > P10-HRN-RSC-MSF03,contenedor_scoring,227678,25d0f85d-57da-4cae-8ca2-9b682363407e-0003795e,P10 > P10-HRN-LGC-HARINA > P10-HRN-LGC-MOLINOS > P10-HRN-MLN-M01 > P10-HRN-ALM-MA01 > P10-HRN-RSC-MSF01 > P10-HRN-MLN-M02 > P10-HRN-ALM-MA02 > P10-HRN-RSC-MSF02 > P10-HRN-MLN-M03 > P10-HRN-ALM-MA03 > P10-HRN-RSC-MSF03,12,68,NO,200,200,0,ancestro_project_exacto_duplicado,227678:200:P10 > P10-HRN-LGC-HARINA > P10-HRN-LGC-MOLINOS > P10-HRN-MLN-M01 > P10-HRN-ALM-MA01 > P10-HRN-RSC-MSF01 > P10-HRN-MLN-M02 > P10-HRN-ALM-MA02 > P10-HRN-RSC-MSF02 > P10-HRN-MLN-M03 > P10-HRN-ALM-MA03 > P10-HRN-RSC-MSF03 || 281487:200:P10 > P10-HRN-LGC-HARINA > P10-HRN-ENF-EG02 > P10-HRN-RSC-EGSF05 > P10-HRN-RSC-EGSF06 > P10-HRN-RSC-EGSF07 > P10-HRN-VNT-VE35 > P10-HRN-CCL-CVE35 > P10-HRN-VLV-VR28 > P10-HRN-VNT-VE36 > P10-HRN-CCL-CVE36 > P10-HRN-VLV-VR29 > P10-HRN-VNT-VE37 > P10-HRN-CCL-CVE37 > P10-HRN-VLV-VR30 > P10-HRN-VNT-VE38 > P10-HRN-CCL-CVE38 > P10-HRN-VLV-VR31 || 358462:200:P10 > P10-HRN-LGC-HARINA > P10-HRN-LGC-SEC. ROTATIVOS > P10-HRN-SRT-SR01 > P10-HRN-RSC-SF04 > P10-HRN-VLV-VALV || 358495:200:P10 > P10-HRN-LGC-HARINA > P10-HRN-LGC-SEC. ROTATIVOS > P10-HRN-SRT-SR02 > P10-HRN-RSC-SF05 || 367888:200:P10 > P10-HRN-LGC-HARINA > P10-HRN-ENF-EG01 > P10-HRN-RSC-EGSF01 > P10-HRN-RSC-EGSF02 > P10-HRN-RSC-EGSF03 > P10-HRN-RSC-EGSF04 > P10-HRN-VNT-VE27 > P10-HRN-CCL-CVE27 > P10-HRN-VLV-VR20 > P10-HRN-VNT-VE28 > P10-HRN-CCL-CVE28 > P10-HRN-VLV-VR21 > P10-HRN-VNT-VE29 > P10-HRN-CCL-CVE29 > P10-HRN-VLV-VR22 > P10-HRN-VNT-VE30 > P10-HRN-CCL-CVE30 > P10-HRN-VLV-VR23 > P10-HRN-VNT-VE31 > P10-HRN-CCL-CVE31 > P10-HRN-VLV-VR24 > P10-HRN-VNT-VE32 > P10-HRN-CCL-CVE32 > P10-HRN-VLV-VR25 > P10-HRN-VNT-VE33 > P10-HRN-CCL-CVE33 > P10-HRN-VLV-VR26 > P10-HRN-VNT-VE34 > P10-HRN-CCL-CVE34 > P10-HRN-VLV-VR27 > P10-HRN-VNT-VE39 > P10-HRN-ART-ARTVE39 > P10-HRN-VNT-VE40 > P10-HRN-ART-ARTVE40 > P10-HRN-VNT-VE41 > P10-HRN-ART-ARTVE41 > P10-HRN-VNT-VE42 > P10-HRN-ART-ARTVE42 > P10-HRN-VNT-VE43 > P10-HRN-ART-ARTVE43 > P10-HRN-VNT-VE44 > P10-HRN-ART-ARTVE44 > P10-HRN-VNT-VE45 > P10-HRN-ART-ARTVE45 > P10-HRN-VNT-VE46 > P10-HRN-ART-ARTVE46 > P10-HRN-VNT-VE47 > P10-HRN-ART-ARTVE47 > P10-HRN-VNT-VE48 > P10-HRN-ART-ARTVE48 > P10-HRN-VNT-VE49 > P10-HRN-ART-ARTVE49 > P10-HRN-VNT-VE50 > P10-HRN-ART-ARTVE50 > P10-HRN-VNT-VE51 > P10-HRN-ART-ARTVE51 > P10-HRN-VNT-VE52 > P10-HRN-ART-ARTVE52 > P10-HRN-VNT-VE53 > P10-HRN-ART-ARTVE53 > P10-HRN-VNT-VE54 > P10-HRN-ART-ARTVE54 > P10-HRN-VNT-VE55 > P10-HRN-ART-ARTVE55 > P10-HRN-VNT-VE56 > P10-HRN-ART-ARTVE56 > P10-HRN-VNT-VE57 > P10-HRN-ART-ARTVE57 > P10-HRN-VNT-VE58 > P10-HRN-ART-ARTVE58 > P10-HRN-VNT-VE59 > P10-HRN-ART-ARTVE59 > P10-HRN-VNT-VE60 > P10-HRN-ART-ARTVE60 > P10-HRN-VNT-VE61 > P10-HRN-ART-ARTVE61 > P10-HRN-VNT-VE62 > P10-HRN-ART-ARTVE62 > P10-HRN-VNT-VE63 || 377635:200:P10 > P10-HRN-LGC-HARINA > P10-HRN-FLT-FMHRN > P10-HRN-BRL-BRL3 > P10-HRN-RSC-HSF01 > P10-HRN-VLV-VR32 > P10-HRN-VNT-VE64 > P10-HRN-VNT-VE65 || 380547:200:P10 > P10-HRN-LGC-HARINA > P10-HRN-LGC-TAMIZADORES > P10-HRN-BTD-BA01 > P10-HRN-RSC-SFBA01 > P10-HRN-RSC-BAA01 > P10-HRN-BTD-BA02 > P10-HRN-RSC-SFBA02 > P10-HRN-RSC-BAA02 > P10-HRN-BTD-BA03 > P10-HRN-RSC-SFBA03 > P10-HRN-RSC-BAA03 > P10-HRN-BTD-BA04 > P10-HRN-RSC-SFBA04 > P10-HRN-RSC-BAA04 > P10-HRN-BTD-BA05 > P10-HRN-RSC-SFBA05 > P10-HRN-RSC-BAA05 || 380565:200:P10 > P10-HRN-LGC-HARINA > P10-HRN-FLT-FMHRN || ... +2,P10-HRN-LGC-HARINA,Ancestro Project P10-HRN-LGC-HARINA aparece en 10 contenedores.,P10,P10-HRN-LGC-HARINA,P10-HRN-LGC-MOLINOS,P10-HRN-MLN-M01,P10-HRN-ALM-MA01,P10-HRN-RSC-MSF01,P10-HRN-MLN-M02,P10-HRN-ALM-MA02,P10-HRN-RSC-MSF02,P10-HRN-MLN-M03,P10-HRN-ALM-MA03,P10-HRN-RSC-MSF03,,,,,,,,,,,,,,,,,,,,,,,,,,,,,,,,,,,,,,,,,,,,,,,,,,,,,,,,,,,,,,,,,,,,,hay más de un contenedor candidato
contenedor_duplicado,contenedor_por_ancestro_project,P10-HRN-RSC-SF11L,ROSCA SIN FIN MEZCLADORA IZQ.,296,4,296,P10-HRN-LGC-SEC. ROTATIVOS,P10-HRN-LGC-SEC,P10-HRN-LGC-HARINA > P10-HRN-LGC-SEC,P10 > P10-HRN-LGC-HARINA > P10-HRN-LGC-SEC. ROTATIVOS,P10 > P10-HRN-LGC-HARINA > P10-HRN-LGC-SEC. ROTATIVOS > P10-HRN-RSC-SF11L,227678,25d0f85d-57da-4cae-8ca2-9b682363407e-0003795e,Cubiertas,,Genérico - 400 mm,Genérico - 400 mm,P10-HRN-LGC-MOLINOS,P10 > P10-HRN-LGC-HARINA > P10-HRN-LGC-MOLINOS > P10-HRN-MLN-M01 > P10-HRN-ALM-MA01 > P10-HRN-RSC-MSF01 > P10-HRN-MLN-M02 > P10-HRN-ALM-MA02 > P10-HRN-RSC-MSF02 > P10-HRN-MLN-M03 > P10-HRN-ALM-MA03 > P10-HRN-RSC-MSF03,contenedor_scoring,227678,25d0f85d-57da-4cae-8ca2-9b682363407e-0003795e,P10 > P10-HRN-LGC-HARINA > P10-HRN-LGC-MOLINOS > P10-HRN-MLN-M01 > P10-HRN-ALM-MA01 > P10-HRN-RSC-MSF01 > P10-HRN-MLN-M02 > P10-HRN-ALM-MA02 > P10-HRN-RSC-MSF02 > P10-HRN-MLN-M03 > P10-HRN-ALM-MA03 > P10-HRN-RSC-MSF03,12,68,NO,200,200,0,ancestro_project_exacto_duplicado,227678:200:P10 > P10-HRN-LGC-HARINA > P10-HRN-LGC-MOLINOS > P10-HRN-MLN-M01 > P10-HRN-ALM-MA01 > P10-HRN-RSC-MSF01 > P10-HRN-MLN-M02 > P10-HRN-ALM-MA02 > P10-HRN-RSC-MSF02 > P10-HRN-MLN-M03 > P10-HRN-ALM-MA03 > P10-HRN-RSC-MSF03 || 281487:200:P10 > P10-HRN-LGC-HARINA > P10-HRN-ENF-EG02 > P10-HRN-RSC-EGSF05 > P10-HRN-RSC-EGSF06 > P10-HRN-RSC-EGSF07 > P10-HRN-VNT-VE35 > P10-HRN-CCL-CVE35 > P10-HRN-VLV-VR28 > P10-HRN-VNT-VE36 > P10-HRN-CCL-CVE36 > P10-HRN-VLV-VR29 > P10-HRN-VNT-VE37 > P10-HRN-CCL-CVE37 > P10-HRN-VLV-VR30 > P10-HRN-VNT-VE38 > P10-HRN-CCL-CVE38 > P10-HRN-VLV-VR31 || 358462:200:P10 > P10-HRN-LGC-HARINA > P10-HRN-LGC-SEC. ROTATIVOS > P10-HRN-SRT-SR01 > P10-HRN-RSC-SF04 > P10-HRN-VLV-VALV || 358495:200:P10 > P10-HRN-LGC-HARINA > P10-HRN-LGC-SEC. ROTATIVOS > P10-HRN-SRT-SR02 > P10-HRN-RSC-SF05 || 367888:200:P10 > P10-HRN-LGC-HARINA > P10-HRN-ENF-EG01 > P10-HRN-RSC-EGSF01 > P10-HRN-RSC-EGSF02 > P10-HRN-RSC-EGSF03 > P10-HRN-RSC-EGSF04 > P10-HRN-VNT-VE27 > P10-HRN-CCL-CVE27 > P10-HRN-VLV-VR20 > P10-HRN-VNT-VE28 > P10-HRN-CCL-CVE28 > P10-HRN-VLV-VR21 > P10-HRN-VNT-VE29 > P10-HRN-CCL-CVE29 > P10-HRN-VLV-VR22 > P10-HRN-VNT-VE30 > P10-HRN-CCL-CVE30 > P10-HRN-VLV-VR23 > P10-HRN-VNT-VE31 > P10-HRN-CCL-CVE31 > P10-HRN-VLV-VR24 > P10-HRN-VNT-VE32 > P10-HRN-CCL-CVE32 > P10-HRN-VLV-VR25 > P10-HRN-VNT-VE33 > P10-HRN-CCL-CVE33 > P10-HRN-VLV-VR26 > P10-HRN-VNT-VE34 > P10-HRN-CCL-CVE34 > P10-HRN-VLV-VR27 > P10-HRN-VNT-VE39 > P10-HRN-ART-ARTVE39 > P10-HRN-VNT-VE40 > P10-HRN-ART-ARTVE40 > P10-HRN-VNT-VE41 > P10-HRN-ART-ARTVE41 > P10-HRN-VNT-VE42 > P10-HRN-ART-ARTVE42 > P10-HRN-VNT-VE43 > P10-HRN-ART-ARTVE43 > P10-HRN-VNT-VE44 > P10-HRN-ART-ARTVE44 > P10-HRN-VNT-VE45 > P10-HRN-ART-ARTVE45 > P10-HRN-VNT-VE46 > P10-HRN-ART-ARTVE46 > P10-HRN-VNT-VE47 > P10-HRN-ART-ARTVE47 > P10-HRN-VNT-VE48 > P10-HRN-ART-ARTVE48 > P10-HRN-VNT-VE49 > P10-HRN-ART-ARTVE49 > P10-HRN-VNT-VE50 > P10-HRN-ART-ARTVE50 > P10-HRN-VNT-VE51 > P10-HRN-ART-ARTVE51 > P10-HRN-VNT-VE52 > P10-HRN-ART-ARTVE52 > P10-HRN-VNT-VE53 > P10-HRN-ART-ARTVE53 > P10-HRN-VNT-VE54 > P10-HRN-ART-ARTVE54 > P10-HRN-VNT-VE55 > P10-HRN-ART-ARTVE55 > P10-HRN-VNT-VE56 > P10-HRN-ART-ARTVE56 > P10-HRN-VNT-VE57 > P10-HRN-ART-ARTVE57 > P10-HRN-VNT-VE58 > P10-HRN-ART-ARTVE58 > P10-HRN-VNT-VE59 > P10-HRN-ART-ARTVE59 > P10-HRN-VNT-VE60 > P10-HRN-ART-ARTVE60 > P10-HRN-VNT-VE61 > P10-HRN-ART-ARTVE61 > P10-HRN-VNT-VE62 > P10-HRN-ART-ARTVE62 > P10-HRN-VNT-VE63 || 377635:200:P10 > P10-HRN-LGC-HARINA > P10-HRN-FLT-FMHRN > P10-HRN-BRL-BRL3 > P10-HRN-RSC-HSF01 > P10-HRN-VLV-VR32 > P10-HRN-VNT-VE64 > P10-HRN-VNT-VE65 || 380547:200:P10 > P10-HRN-LGC-HARINA > P10-HRN-LGC-TAMIZADORES > P10-HRN-BTD-BA01 > P10-HRN-RSC-SFBA01 > P10-HRN-RSC-BAA01 > P10-HRN-BTD-BA02 > P10-HRN-RSC-SFBA02 > P10-HRN-RSC-BAA02 > P10-HRN-BTD-BA03 > P10-HRN-RSC-SFBA03 > P10-HRN-RSC-BAA03 > P10-HRN-BTD-BA04 > P10-HRN-RSC-SFBA04 > P10-HRN-RSC-BAA04 > P10-HRN-BTD-BA05 > P10-HRN-RSC-SFBA05 > P10-HRN-RSC-BAA05 || 380565:200:P10 > P10-HRN-LGC-HARINA > P10-HRN-FLT-FMHRN || ... +2,P10-HRN-LGC-HARINA,Ancestro Project P10-HRN-LGC-HARINA aparece en 10 contenedores.,P10,P10-HRN-LGC-HARINA,P10-HRN-LGC-MOLINOS,P10-HRN-MLN-M01,P10-HRN-ALM-MA01,P10-HRN-RSC-MSF01,P10-HRN-MLN-M02,P10-HRN-ALM-MA02,P10-HRN-RSC-MSF02,P10-HRN-MLN-M03,P10-HRN-ALM-MA03,P10-HRN-RSC-MSF03,,,,,,,,,,,,,,,,,,,,,,,,,,,,,,,,,,,,,,,,,,,,,,,,,,,,,,,,,,,,,,,,,,,,,hay más de un contenedor candidato
contenedor_duplicado,contenedor_por_ancestro_project,P10-ECN-LGC-ECONOMIZER,SECTOR ECONOMIZER SOBRE SECADORES ROTATIVOS DE P10,303,4,303,P10-HRN-LGC-SEC. ROTATIVOS,P10-HRN-LGC-SEC,P10-HRN-LGC-HARINA > P10-HRN-LGC-SEC,P10 > P10-HRN-LGC-HARINA > P10-HRN-LGC-SEC. ROTATIVOS,P10 > P10-HRN-LGC-HARINA > P10-HRN-LGC-SEC. ROTATIVOS > P10-ECN-LGC-ECONOMIZER,227678,25d0f85d-57da-4cae-8ca2-9b682363407e-0003795e,Cubiertas,,Genérico - 400 mm,Genérico - 400 mm,P10-HRN-LGC-MOLINOS,P10 > P10-HRN-LGC-HARINA > P10-HRN-LGC-MOLINOS > P10-HRN-MLN-M01 > P10-HRN-ALM-MA01 > P10-HRN-RSC-MSF01 > P10-HRN-MLN-M02 > P10-HRN-ALM-MA02 > P10-HRN-RSC-MSF02 > P10-HRN-MLN-M03 > P10-HRN-ALM-MA03 > P10-HRN-RSC-MSF03,contenedor_scoring,227678,25d0f85d-57da-4cae-8ca2-9b682363407e-0003795e,P10 > P10-HRN-LGC-HARINA > P10-HRN-LGC-MOLINOS > P10-HRN-MLN-M01 > P10-HRN-ALM-MA01 > P10-HRN-RSC-MSF01 > P10-HRN-MLN-M02 > P10-HRN-ALM-MA02 > P10-HRN-RSC-MSF02 > P10-HRN-MLN-M03 > P10-HRN-ALM-MA03 > P10-HRN-RSC-MSF03,12,68,NO,200,200,0,ancestro_project_exacto_duplicado,227678:200:P10 > P10-HRN-LGC-HARINA > P10-HRN-LGC-MOLINOS > P10-HRN-MLN-M01 > P10-HRN-ALM-MA01 > P10-HRN-RSC-MSF01 > P10-HRN-MLN-M02 > P10-HRN-ALM-MA02 > P10-HRN-RSC-MSF02 > P10-HRN-MLN-M03 > P10-HRN-ALM-MA03 > P10-HRN-RSC-MSF03 || 281487:200:P10 > P10-HRN-LGC-HARINA > P10-HRN-ENF-EG02 > P10-HRN-RSC-EGSF05 > P10-HRN-RSC-EGSF06 > P10-HRN-RSC-EGSF07 > P10-HRN-VNT-VE35 > P10-HRN-CCL-CVE35 > P10-HRN-VLV-VR28 > P10-HRN-VNT-VE36 > P10-HRN-CCL-CVE36 > P10-HRN-VLV-VR29 > P10-HRN-VNT-VE37 > P10-HRN-CCL-CVE37 > P10-HRN-VLV-VR30 > P10-HRN-VNT-VE38 > P10-HRN-CCL-CVE38 > P10-HRN-VLV-VR31 || 358462:200:P10 > P10-HRN-LGC-HARINA > P10-HRN-LGC-SEC. ROTATIVOS > P10-HRN-SRT-SR01 > P10-HRN-RSC-SF04 > P10-HRN-VLV-VALV || 358495:200:P10 > P10-HRN-LGC-HARINA > P10-HRN-LGC-SEC. ROTATIVOS > P10-HRN-SRT-SR02 > P10-HRN-RSC-SF05 || 367888:200:P10 > P10-HRN-LGC-HARINA > P10-HRN-ENF-EG01 > P10-HRN-RSC-EGSF01 > P10-HRN-RSC-EGSF02 > P10-HRN-RSC-EGSF03 > P10-HRN-RSC-EGSF04 > P10-HRN-VNT-VE27 > P10-HRN-CCL-CVE27 > P10-HRN-VLV-VR20 > P10-HRN-VNT-VE28 > P10-HRN-CCL-CVE28 > P10-HRN-VLV-VR21 > P10-HRN-VNT-VE29 > P10-HRN-CCL-CVE29 > P10-HRN-VLV-VR22 > P10-HRN-VNT-VE30 > P10-HRN-CCL-CVE30 > P10-HRN-VLV-VR23 > P10-HRN-VNT-VE31 > P10-HRN-CCL-CVE31 > P10-HRN-VLV-VR24 > P10-HRN-VNT-VE32 > P10-HRN-CCL-CVE32 > P10-HRN-VLV-VR25 > P10-HRN-VNT-VE33 > P10-HRN-CCL-CVE33 > P10-HRN-VLV-VR26 > P10-HRN-VNT-VE34 > P10-HRN-CCL-CVE34 > P10-HRN-VLV-VR27 > P10-HRN-VNT-VE39 > P10-HRN-ART-ARTVE39 > P10-HRN-VNT-VE40 > P10-HRN-ART-ARTVE40 > P10-HRN-VNT-VE41 > P10-HRN-ART-ARTVE41 > P10-HRN-VNT-VE42 > P10-HRN-ART-ARTVE42 > P10-HRN-VNT-VE43 > P10-HRN-ART-ARTVE43 > P10-HRN-VNT-VE44 > P10-HRN-ART-ARTVE44 > P10-HRN-VNT-VE45 > P10-HRN-ART-ARTVE45 > P10-HRN-VNT-VE46 > P10-HRN-ART-ARTVE46 > P10-HRN-VNT-VE47 > P10-HRN-ART-ARTVE47 > P10-HRN-VNT-VE48 > P10-HRN-ART-ARTVE48 > P10-HRN-VNT-VE49 > P10-HRN-ART-ARTVE49 > P10-HRN-VNT-VE50 > P10-HRN-ART-ARTVE50 > P10-HRN-VNT-VE51 > P10-HRN-ART-ARTVE51 > P10-HRN-VNT-VE52 > P10-HRN-ART-ARTVE52 > P10-HRN-VNT-VE53 > P10-HRN-ART-ARTVE53 > P10-HRN-VNT-VE54 > P10-HRN-ART-ARTVE54 > P10-HRN-VNT-VE55 > P10-HRN-ART-ARTVE55 > P10-HRN-VNT-VE56 > P10-HRN-ART-ARTVE56 > P10-HRN-VNT-VE57 > P10-HRN-ART-ARTVE57 > P10-HRN-VNT-VE58 > P10-HRN-ART-ARTVE58 > P10-HRN-VNT-VE59 > P10-HRN-ART-ARTVE59 > P10-HRN-VNT-VE60 > P10-HRN-ART-ARTVE60 > P10-HRN-VNT-VE61 > P10-HRN-ART-ARTVE61 > P10-HRN-VNT-VE62 > P10-HRN-ART-ARTVE62 > P10-HRN-VNT-VE63 || 377635:200:P10 > P10-HRN-LGC-HARINA > P10-HRN-FLT-FMHRN > P10-HRN-BRL-BRL3 > P10-HRN-RSC-HSF01 > P10-HRN-VLV-VR32 > P10-HRN-VNT-VE64 > P10-HRN-VNT-VE65 || 380547:200:P10 > P10-HRN-LGC-HARINA > P10-HRN-LGC-TAMIZADORES > P10-HRN-BTD-BA01 > P10-HRN-RSC-SFBA01 > P10-HRN-RSC-BAA01 > P10-HRN-BTD-BA02 > P10-HRN-RSC-SFBA02 > P10-HRN-RSC-BAA02 > P10-HRN-BTD-BA03 > P10-HRN-RSC-SFBA03 > P10-HRN-RSC-BAA03 > P10-HRN-BTD-BA04 > P10-HRN-RSC-SFBA04 > P10-HRN-RSC-BAA04 > P10-HRN-BTD-BA05 > P10-HRN-RSC-SFBA05 > P10-HRN-RSC-BAA05 || 380565:200:P10 > P10-HRN-LGC-HARINA > P10-HRN-FLT-FMHRN || ... +2,P10-HRN-LGC-HARINA,Ancestro Project P10-HRN-LGC-HARINA aparece en 10 contenedores.,P10,P10-HRN-LGC-HARINA,P10-HRN-LGC-MOLINOS,P10-HRN-MLN-M01,P10-HRN-ALM-MA01,P10-HRN-RSC-MSF01,P10-HRN-MLN-M02,P10-HRN-ALM-MA02,P10-HRN-RSC-MSF02,P10-HRN-MLN-M03,P10-HRN-ALM-MA03,P10-HRN-RSC-MSF03,,,,,,,,,,,,,,,,,,,,,,,,,,,,,,,,,,,,,,,,,,,,,,,,,,,,,,,,,,,,,,,,,,,,,hay más de un contenedor candidato
contenedor_duplicado,contenedor_por_ancestro_project,P10-ECN-BMB-BRS-01,BOMBA BRS-01 RECIRCULACION DE CONDENSADO ECONOMIZER KSB MCPK050-032-250,304,5,304,P10-ECN-LGC-ECONOMIZER,P10-ECN-LGC-ECONOMIZER,P10-HRN-LGC-HARINA > P10-HRN-LGC-SEC > P10-ECN-LGC-ECONOMIZER,P10 > P10-HRN-LGC-HARINA > P10-HRN-LGC-SEC. ROTATIVOS > P10-ECN-LGC-ECONOMIZER,P10 > P10-HRN-LGC-HARINA > P10-HRN-LGC-SEC. ROTATIVOS > P10-ECN-LGC-ECONOMIZER > P10-ECN-BMB-BRS-01,227678,25d0f85d-57da-4cae-8ca2-9b682363407e-0003795e,Cubiertas,,Genérico - 400 mm,Genérico - 400 mm,P10-HRN-LGC-MOLINOS,P10 > P10-HRN-LGC-HARINA > P10-HRN-LGC-MOLINOS > P10-HRN-MLN-M01 > P10-HRN-ALM-MA01 > P10-HRN-RSC-MSF01 > P10-HRN-MLN-M02 > P10-HRN-ALM-MA02 > P10-HRN-RSC-MSF02 > P10-HRN-MLN-M03 > P10-HRN-ALM-MA03 > P10-HRN-RSC-MSF03,contenedor_scoring,227678,25d0f85d-57da-4cae-8ca2-9b682363407e-0003795e,P10 > P10-HRN-LGC-HARINA > P10-HRN-LGC-MOLINOS > P10-HRN-MLN-M01 > P10-HRN-ALM-MA01 > P10-HRN-RSC-MSF01 > P10-HRN-MLN-M02 > P10-HRN-ALM-MA02 > P10-HRN-RSC-MSF02 > P10-HRN-MLN-M03 > P10-HRN-ALM-MA03 > P10-HRN-RSC-MSF03,12,68,NO,200,200,0,ancestro_project_exacto_duplicado,227678:200:P10 > P10-HRN-LGC-HARINA > P10-HRN-LGC-MOLINOS > P10-HRN-MLN-M01 > P10-HRN-ALM-MA01 > P10-HRN-RSC-MSF01 > P10-HRN-MLN-M02 > P10-HRN-ALM-MA02 > P10-HRN-RSC-MSF02 > P10-HRN-MLN-M03 > P10-HRN-ALM-MA03 > P10-HRN-RSC-MSF03 || 281487:200:P10 > P10-HRN-LGC-HARINA > P10-HRN-ENF-EG02 > P10-HRN-RSC-EGSF05 > P10-HRN-RSC-EGSF06 > P10-HRN-RSC-EGSF07 > P10-HRN-VNT-VE35 > P10-HRN-CCL-CVE35 > P10-HRN-VLV-VR28 > P10-HRN-VNT-VE36 > P10-HRN-CCL-CVE36 > P10-HRN-VLV-VR29 > P10-HRN-VNT-VE37 > P10-HRN-CCL-CVE37 > P10-HRN-VLV-VR30 > P10-HRN-VNT-VE38 > P10-HRN-CCL-CVE38 > P10-HRN-VLV-VR31 || 358462:200:P10 > P10-HRN-LGC-HARINA > P10-HRN-LGC-SEC. ROTATIVOS > P10-HRN-SRT-SR01 > P10-HRN-RSC-SF04 > P10-HRN-VLV-VALV || 358495:200:P10 > P10-HRN-LGC-HARINA > P10-HRN-LGC-SEC. ROTATIVOS > P10-HRN-SRT-SR02 > P10-HRN-RSC-SF05 || 367888:200:P10 > P10-HRN-LGC-HARINA > P10-HRN-ENF-EG01 > P10-HRN-RSC-EGSF01 > P10-HRN-RSC-EGSF02 > P10-HRN-RSC-EGSF03 > P10-HRN-RSC-EGSF04 > P10-HRN-VNT-VE27 > P10-HRN-CCL-CVE27 > P10-HRN-VLV-VR20 > P10-HRN-VNT-VE28 > P10-HRN-CCL-CVE28 > P10-HRN-VLV-VR21 > P10-HRN-VNT-VE29 > P10-HRN-CCL-CVE29 > P10-HRN-VLV-VR22 > P10-HRN-VNT-VE30 > P10-HRN-CCL-CVE30 > P10-HRN-VLV-VR23 > P10-HRN-VNT-VE31 > P10-HRN-CCL-CVE31 > P10-HRN-VLV-VR24 > P10-HRN-VNT-VE32 > P10-HRN-CCL-CVE32 > P10-HRN-VLV-VR25 > P10-HRN-VNT-VE33 > P10-HRN-CCL-CVE33 > P10-HRN-VLV-VR26 > P10-HRN-VNT-VE34 > P10-HRN-CCL-CVE34 > P10-HRN-VLV-VR27 > P10-HRN-VNT-VE39 > P10-HRN-ART-ARTVE39 > P10-HRN-VNT-VE40 > P10-HRN-ART-ARTVE40 > P10-HRN-VNT-VE41 > P10-HRN-ART-ARTVE41 > P10-HRN-VNT-VE42 > P10-HRN-ART-ARTVE42 > P10-HRN-VNT-VE43 > P10-HRN-ART-ARTVE43 > P10-HRN-VNT-VE44 > P10-HRN-ART-ARTVE44 > P10-HRN-VNT-VE45 > P10-HRN-ART-ARTVE45 > P10-HRN-VNT-VE46 > P10-HRN-ART-ARTVE46 > P10-HRN-VNT-VE47 > P10-HRN-ART-ARTVE47 > P10-HRN-VNT-VE48 > P10-HRN-ART-ARTVE48 > P10-HRN-VNT-VE49 > P10-HRN-ART-ARTVE49 > P10-HRN-VNT-VE50 > P10-HRN-ART-ARTVE50 > P10-HRN-VNT-VE51 > P10-HRN-ART-ARTVE51 > P10-HRN-VNT-VE52 > P10-HRN-ART-ARTVE52 > P10-HRN-VNT-VE53 > P10-HRN-ART-ARTVE53 > P10-HRN-VNT-VE54 > P10-HRN-ART-ARTVE54 > P10-HRN-VNT-VE55 > P10-HRN-ART-ARTVE55 > P10-HRN-VNT-VE56 > P10-HRN-ART-ARTVE56 > P10-HRN-VNT-VE57 > P10-HRN-ART-ARTVE57 > P10-HRN-VNT-VE58 > P10-HRN-ART-ARTVE58 > P10-HRN-VNT-VE59 > P10-HRN-ART-ARTVE59 > P10-HRN-VNT-VE60 > P10-HRN-ART-ARTVE60 > P10-HRN-VNT-VE61 > P10-HRN-ART-ARTVE61 > P10-HRN-VNT-VE62 > P10-HRN-ART-ARTVE62 > P10-HRN-VNT-VE63 || 377635:200:P10 > P10-HRN-LGC-HARINA > P10-HRN-FLT-FMHRN > P10-HRN-BRL-BRL3 > P10-HRN-RSC-HSF01 > P10-HRN-VLV-VR32 > P10-HRN-VNT-VE64 > P10-HRN-VNT-VE65 || 380547:200:P10 > P10-HRN-LGC-HARINA > P10-HRN-LGC-TAMIZADORES > P10-HRN-BTD-BA01 > P10-HRN-RSC-SFBA01 > P10-HRN-RSC-BAA01 > P10-HRN-BTD-BA02 > P10-HRN-RSC-SFBA02 > P10-HRN-RSC-BAA02 > P10-HRN-BTD-BA03 > P10-HRN-RSC-SFBA03 > P10-HRN-RSC-BAA03 > P10-HRN-BTD-BA04 > P10-HRN-RSC-SFBA04 > P10-HRN-RSC-BAA04 > P10-HRN-BTD-BA05 > P10-HRN-RSC-SFBA05 > P10-HRN-RSC-BAA05 || 380565:200:P10 > P10-HRN-LGC-HARINA > P10-HRN-FLT-FMHRN || ... +2,P10-HRN-LGC-HARINA,Ancestro Project P10-HRN-LGC-HARINA aparece en 10 contenedores.,P10,P10-HRN-LGC-HARINA,P10-HRN-LGC-MOLINOS,P10-HRN-MLN-M01,P10-HRN-ALM-MA01,P10-HRN-RSC-MSF01,P10-HRN-MLN-M02,P10-HRN-ALM-MA02,P10-HRN-RSC-MSF02,P10-HRN-MLN-M03,P10-HRN-ALM-MA03,P10-HRN-RSC-MSF03,,,,,,,,,,,,,,,,,,,,,,,,,,,,,,,,,,,,,,,,,,,,,,,,,,,,,,,,,,,,,,,,,,,,,hay más de un contenedor candidato
contenedor_duplicado,contenedor_por_ancestro_project,P10-ECN-DMP-DAMP_1,DUMPER 1 ECONOMIZER,305,5,305,P10-ECN-LGC-ECONOMIZER,P10-ECN-LGC-ECONOMIZER,P10-HRN-LGC-HARINA > P10-HRN-LGC-SEC > P10-ECN-LGC-ECONOMIZER,P10 > P10-HRN-LGC-HARINA > P10-HRN-LGC-SEC. ROTATIVOS > P10-ECN-LGC-ECONOMIZER,P10 > P10-HRN-LGC-HARINA > P10-HRN-LGC-SEC. ROTATIVOS > P10-ECN-LGC-ECONOMIZER > P10-ECN-DMP-DAMP_1,227678,25d0f85d-57da-4cae-8ca2-9b682363407e-0003795e,Cubiertas,,Genérico - 400 mm,Genérico - 400 mm,P10-HRN-LGC-MOLINOS,P10 > P10-HRN-LGC-HARINA > P10-HRN-LGC-MOLINOS > P10-HRN-MLN-M01 > P10-HRN-ALM-MA01 > P10-HRN-RSC-MSF01 > P10-HRN-MLN-M02 > P10-HRN-ALM-MA02 > P10-HRN-RSC-MSF02 > P10-HRN-MLN-M03 > P10-HRN-ALM-MA03 > P10-HRN-RSC-MSF03,contenedor_scoring,227678,25d0f85d-57da-4cae-8ca2-9b682363407e-0003795e,P10 > P10-HRN-LGC-HARINA > P10-HRN-LGC-MOLINOS > P10-HRN-MLN-M01 > P10-HRN-ALM-MA01 > P10-HRN-RSC-MSF01 > P10-HRN-MLN-M02 > P10-HRN-ALM-MA02 > P10-HRN-RSC-MSF02 > P10-HRN-MLN-M03 > P10-HRN-ALM-MA03 > P10-HRN-RSC-MSF03,12,68,NO,200,200,0,ancestro_project_exacto_duplicado,227678:200:P10 > P10-HRN-LGC-HARINA > P10-HRN-LGC-MOLINOS > P10-HRN-MLN-M01 > P10-HRN-ALM-MA01 > P10-HRN-RSC-MSF01 > P10-HRN-MLN-M02 > P10-HRN-ALM-MA02 > P10-HRN-RSC-MSF02 > P10-HRN-MLN-M03 > P10-HRN-ALM-MA03 > P10-HRN-RSC-MSF03 || 281487:200:P10 > P10-HRN-LGC-HARINA > P10-HRN-ENF-EG02 > P10-HRN-RSC-EGSF05 > P10-HRN-RSC-EGSF06 > P10-HRN-RSC-EGSF07 > P10-HRN-VNT-VE35 > P10-HRN-CCL-CVE35 > P10-HRN-VLV-VR28 > P10-HRN-VNT-VE36 > P10-HRN-CCL-CVE36 > P10-HRN-VLV-VR29 > P10-HRN-VNT-VE37 > P10-HRN-CCL-CVE37 > P10-HRN-VLV-VR30 > P10-HRN-VNT-VE38 > P10-HRN-CCL-CVE38 > P10-HRN-VLV-VR31 || 358462:200:P10 > P10-HRN-LGC-HARINA > P10-HRN-LGC-SEC. ROTATIVOS > P10-HRN-SRT-SR01 > P10-HRN-RSC-SF04 > P10-HRN-VLV-VALV || 358495:200:P10 > P10-HRN-LGC-HARINA > P10-HRN-LGC-SEC. ROTATIVOS > P10-HRN-SRT-SR02 > P10-HRN-RSC-SF05 || 367888:200:P10 > P10-HRN-LGC-HARINA > P10-HRN-ENF-EG01 > P10-HRN-RSC-EGSF01 > P10-HRN-RSC-EGSF02 > P10-HRN-RSC-EGSF03 > P10-HRN-RSC-EGSF04 > P10-HRN-VNT-VE27 > P10-HRN-CCL-CVE27 > P10-HRN-VLV-VR20 > P10-HRN-VNT-VE28 > P10-HRN-CCL-CVE28 > P10-HRN-VLV-VR21 > P10-HRN-VNT-VE29 > P10-HRN-CCL-CVE29 > P10-HRN-VLV-VR22 > P10-HRN-VNT-VE30 > P10-HRN-CCL-CVE30 > P10-HRN-VLV-VR23 > P10-HRN-VNT-VE31 > P10-HRN-CCL-CVE31 > P10-HRN-VLV-VR24 > P10-HRN-VNT-VE32 > P10-HRN-CCL-CVE32 > P10-HRN-VLV-VR25 > P10-HRN-VNT-VE33 > P10-HRN-CCL-CVE33 > P10-HRN-VLV-VR26 > P10-HRN-VNT-VE34 > P10-HRN-CCL-CVE34 > P10-HRN-VLV-VR27 > P10-HRN-VNT-VE39 > P10-HRN-ART-ARTVE39 > P10-HRN-VNT-VE40 > P10-HRN-ART-ARTVE40 > P10-HRN-VNT-VE41 > P10-HRN-ART-ARTVE41 > P10-HRN-VNT-VE42 > P10-HRN-ART-ARTVE42 > P10-HRN-VNT-VE43 > P10-HRN-ART-ARTVE43 > P10-HRN-VNT-VE44 > P10-HRN-ART-ARTVE44 > P10-HRN-VNT-VE45 > P10-HRN-ART-ARTVE45 > P10-HRN-VNT-VE46 > P10-HRN-ART-ARTVE46 > P10-HRN-VNT-VE47 > P10-HRN-ART-ARTVE47 > P10-HRN-VNT-VE48 > P10-HRN-ART-ARTVE48 > P10-HRN-VNT-VE49 > P10-HRN-ART-ARTVE49 > P10-HRN-VNT-VE50 > P10-HRN-ART-ARTVE50 > P10-HRN-VNT-VE51 > P10-HRN-ART-ARTVE51 > P10-HRN-VNT-VE52 > P10-HRN-ART-ARTVE52 > P10-HRN-VNT-VE53 > P10-HRN-ART-ARTVE53 > P10-HRN-VNT-VE54 > P10-HRN-ART-ARTVE54 > P10-HRN-VNT-VE55 > P10-HRN-ART-ARTVE55 > P10-HRN-VNT-VE56 > P10-HRN-ART-ARTVE56 > P10-HRN-VNT-VE57 > P10-HRN-ART-ARTVE57 > P10-HRN-VNT-VE58 > P10-HRN-ART-ARTVE58 > P10-HRN-VNT-VE59 > P10-HRN-ART-ARTVE59 > P10-HRN-VNT-VE60 > P10-HRN-ART-ARTVE60 > P10-HRN-VNT-VE61 > P10-HRN-ART-ARTVE61 > P10-HRN-VNT-VE62 > P10-HRN-ART-ARTVE62 > P10-HRN-VNT-VE63 || 377635:200:P10 > P10-HRN-LGC-HARINA > P10-HRN-FLT-FMHRN > P10-HRN-BRL-BRL3 > P10-HRN-RSC-HSF01 > P10-HRN-VLV-VR32 > P10-HRN-VNT-VE64 > P10-HRN-VNT-VE65 || 380547:200:P10 > P10-HRN-LGC-HARINA > P10-HRN-LGC-TAMIZADORES > P10-HRN-BTD-BA01 > P10-HRN-RSC-SFBA01 > P10-HRN-RSC-BAA01 > P10-HRN-BTD-BA02 > P10-HRN-RSC-SFBA02 > P10-HRN-RSC-BAA02 > P10-HRN-BTD-BA03 > P10-HRN-RSC-SFBA03 > P10-HRN-RSC-BAA03 > P10-HRN-BTD-BA04 > P10-HRN-RSC-SFBA04 > P10-HRN-RSC-BAA04 > P10-HRN-BTD-BA05 > P10-HRN-RSC-SFBA05 > P10-HRN-RSC-BAA05 || 380565:200:P10 > P10-HRN-LGC-HARINA > P10-HRN-FLT-FMHRN || ... +2,P10-HRN-LGC-HARINA,Ancestro Project P10-HRN-LGC-HARINA aparece en 10 contenedores.,P10,P10-HRN-LGC-HARINA,P10-HRN-LGC-MOLINOS,P10-HRN-MLN-M01,P10-HRN-ALM-MA01,P10-HRN-RSC-MSF01,P10-HRN-MLN-M02,P10-HRN-ALM-MA02,P10-HRN-RSC-MSF02,P10-HRN-MLN-M03,P10-HRN-ALM-MA03,P10-HRN-RSC-MSF03,,,,,,,,,,,,,,,,,,,,,,,,,,,,,,,,,,,,,,,,,,,,,,,,,,,,,,,,,,,,,,,,,,,,,hay más de un contenedor candidato
contenedor_duplicado,contenedor_por_ancestro_project,P10-ECN-DMP-DAMP_2,DUMPER 2 ECONOMIZER,306,5,306,P10-ECN-LGC-ECONOMIZER,P10-ECN-LGC-ECONOMIZER,P10-HRN-LGC-HARINA > P10-HRN-LGC-SEC > P10-ECN-LGC-ECONOMIZER,P10 > P10-HRN-LGC-HARINA > P10-HRN-LGC-SEC. ROTATIVOS > P10-ECN-LGC-ECONOMIZER,P10 > P10-HRN-LGC-HARINA > P10-HRN-LGC-SEC. ROTATIVOS > P10-ECN-LGC-ECONOMIZER > P10-ECN-DMP-DAMP_2,227678,25d0f85d-57da-4cae-8ca2-9b682363407e-0003795e,Cubiertas,,Genérico - 400 mm,Genérico - 400 mm,P10-HRN-LGC-MOLINOS,P10 > P10-HRN-LGC-HARINA > P10-HRN-LGC-MOLINOS > P10-HRN-MLN-M01 > P10-HRN-ALM-MA01 > P10-HRN-RSC-MSF01 > P10-HRN-MLN-M02 > P10-HRN-ALM-MA02 > P10-HRN-RSC-MSF02 > P10-HRN-MLN-M03 > P10-HRN-ALM-MA03 > P10-HRN-RSC-MSF03,contenedor_scoring,227678,25d0f85d-57da-4cae-8ca2-9b682363407e-0003795e,P10 > P10-HRN-LGC-HARINA > P10-HRN-LGC-MOLINOS > P10-HRN-MLN-M01 > P10-HRN-ALM-MA01 > P10-HRN-RSC-MSF01 > P10-HRN-MLN-M02 > P10-HRN-ALM-MA02 > P10-HRN-RSC-MSF02 > P10-HRN-MLN-M03 > P10-HRN-ALM-MA03 > P10-HRN-RSC-MSF03,12,68,NO,200,200,0,ancestro_project_exacto_duplicado,227678:200:P10 > P10-HRN-LGC-HARINA > P10-HRN-LGC-MOLINOS > P10-HRN-MLN-M01 > P10-HRN-ALM-MA01 > P10-HRN-RSC-MSF01 > P10-HRN-MLN-M02 > P10-HRN-ALM-MA02 > P10-HRN-RSC-MSF02 > P10-HRN-MLN-M03 > P10-HRN-ALM-MA03 > P10-HRN-RSC-MSF03 || 281487:200:P10 > P10-HRN-LGC-HARINA > P10-HRN-ENF-EG02 > P10-HRN-RSC-EGSF05 > P10-HRN-RSC-EGSF06 > P10-HRN-RSC-EGSF07 > P10-HRN-VNT-VE35 > P10-HRN-CCL-CVE35 > P10-HRN-VLV-VR28 > P10-HRN-VNT-VE36 > P10-HRN-CCL-CVE36 > P10-HRN-VLV-VR29 > P10-HRN-VNT-VE37 > P10-HRN-CCL-CVE37 > P10-HRN-VLV-VR30 > P10-HRN-VNT-VE38 > P10-HRN-CCL-CVE38 > P10-HRN-VLV-VR31 || 358462:200:P10 > P10-HRN-LGC-HARINA > P10-HRN-LGC-SEC. ROTATIVOS > P10-HRN-SRT-SR01 > P10-HRN-RSC-SF04 > P10-HRN-VLV-VALV || 358495:200:P10 > P10-HRN-LGC-HARINA > P10-HRN-LGC-SEC. ROTATIVOS > P10-HRN-SRT-SR02 > P10-HRN-RSC-SF05 || 367888:200:P10 > P10-HRN-LGC-HARINA > P10-HRN-ENF-EG01 > P10-HRN-RSC-EGSF01 > P10-HRN-RSC-EGSF02 > P10-HRN-RSC-EGSF03 > P10-HRN-RSC-EGSF04 > P10-HRN-VNT-VE27 > P10-HRN-CCL-CVE27 > P10-HRN-VLV-VR20 > P10-HRN-VNT-VE28 > P10-HRN-CCL-CVE28 > P10-HRN-VLV-VR21 > P10-HRN-VNT-VE29 > P10-HRN-CCL-CVE29 > P10-HRN-VLV-VR22 > P10-HRN-VNT-VE30 > P10-HRN-CCL-CVE30 > P10-HRN-VLV-VR23 > P10-HRN-VNT-VE31 > P10-HRN-CCL-CVE31 > P10-HRN-VLV-VR24 > P10-HRN-VNT-VE32 > P10-HRN-CCL-CVE32 > P10-HRN-VLV-VR25 > P10-HRN-VNT-VE33 > P10-HRN-CCL-CVE33 > P10-HRN-VLV-VR26 > P10-HRN-VNT-VE34 > P10-HRN-CCL-CVE34 > P10-HRN-VLV-VR27 > P10-HRN-VNT-VE39 > P10-HRN-ART-ARTVE39 > P10-HRN-VNT-VE40 > P10-HRN-ART-ARTVE40 > P10-HRN-VNT-VE41 > P10-HRN-ART-ARTVE41 > P10-HRN-VNT-VE42 > P10-HRN-ART-ARTVE42 > P10-HRN-VNT-VE43 > P10-HRN-ART-ARTVE43 > P10-HRN-VNT-VE44 > P10-HRN-ART-ARTVE44 > P10-HRN-VNT-VE45 > P10-HRN-ART-ARTVE45 > P10-HRN-VNT-VE46 > P10-HRN-ART-ARTVE46 > P10-HRN-VNT-VE47 > P10-HRN-ART-ARTVE47 > P10-HRN-VNT-VE48 > P10-HRN-ART-ARTVE48 > P10-HRN-VNT-VE49 > P10-HRN-ART-ARTVE49 > P10-HRN-VNT-VE50 > P10-HRN-ART-ARTVE50 > P10-HRN-VNT-VE51 > P10-HRN-ART-ARTVE51 > P10-HRN-VNT-VE52 > P10-HRN-ART-ARTVE52 > P10-HRN-VNT-VE53 > P10-HRN-ART-ARTVE53 > P10-HRN-VNT-VE54 > P10-HRN-ART-ARTVE54 > P10-HRN-VNT-VE55 > P10-HRN-ART-ARTVE55 > P10-HRN-VNT-VE56 > P10-HRN-ART-ARTVE56 > P10-HRN-VNT-VE57 > P10-HRN-ART-ARTVE57 > P10-HRN-VNT-VE58 > P10-HRN-ART-ARTVE58 > P10-HRN-VNT-VE59 > P10-HRN-ART-ARTVE59 > P10-HRN-VNT-VE60 > P10-HRN-ART-ARTVE60 > P10-HRN-VNT-VE61 > P10-HRN-ART-ARTVE61 > P10-HRN-VNT-VE62 > P10-HRN-ART-ARTVE62 > P10-HRN-VNT-VE63 || 377635:200:P10 > P10-HRN-LGC-HARINA > P10-HRN-FLT-FMHRN > P10-HRN-BRL-BRL3 > P10-HRN-RSC-HSF01 > P10-HRN-VLV-VR32 > P10-HRN-VNT-VE64 > P10-HRN-VNT-VE65 || 380547:200:P10 > P10-HRN-LGC-HARINA > P10-HRN-LGC-TAMIZADORES > P10-HRN-BTD-BA01 > P10-HRN-RSC-SFBA01 > P10-HRN-RSC-BAA01 > P10-HRN-BTD-BA02 > P10-HRN-RSC-SFBA02 > P10-HRN-RSC-BAA02 > P10-HRN-BTD-BA03 > P10-HRN-RSC-SFBA03 > P10-HRN-RSC-BAA03 > P10-HRN-BTD-BA04 > P10-HRN-RSC-SFBA04 > P10-HRN-RSC-BAA04 > P10-HRN-BTD-BA05 > P10-HRN-RSC-SFBA05 > P10-HRN-RSC-BAA05 || 380565:200:P10 > P10-HRN-LGC-HARINA > P10-HRN-FLT-FMHRN || ... +2,P10-HRN-LGC-HARINA,Ancestro Project P10-HRN-LGC-HARINA aparece en 10 contenedores.,P10,P10-HRN-LGC-HARINA,P10-HRN-LGC-MOLINOS,P10-HRN-MLN-M01,P10-HRN-ALM-MA01,P10-HRN-RSC-MSF01,P10-HRN-MLN-M02,P10-HRN-ALM-MA02,P10-HRN-RSC-MSF02,P10-HRN-MLN-M03,P10-HRN-ALM-MA03,P10-HRN-RSC-MSF03,,,,,,,,,,,,,,,,,,,,,,,,,,,,,,,,,,,,,,,,,,,,,,,,,,,,,,,,,,,,,,,,,,,,,hay más de un contenedor candidato
contenedor_duplicado,contenedor_por_ancestro_project,P10-ECN-DMP-DAMP_3,DUMPER 3 ECONOMIZER,307,5,307,P10-ECN-LGC-ECONOMIZER,P10-ECN-LGC-ECONOMIZER,P10-HRN-LGC-HARINA > P10-HRN-LGC-SEC > P10-ECN-LGC-ECONOMIZER,P10 > P10-HRN-LGC-HARINA > P10-HRN-LGC-SEC. ROTATIVOS > P10-ECN-LGC-ECONOMIZER,P10 > P10-HRN-LGC-HARINA > P10-HRN-LGC-SEC. ROTATIVOS > P10-ECN-LGC-ECONOMIZER > P10-ECN-DMP-DAMP_3,227678,25d0f85d-57da-4cae-8ca2-9b682363407e-0003795e,Cubiertas,,Genérico - 400 mm,Genérico - 400 mm,P10-HRN-LGC-MOLINOS,P10 > P10-HRN-LGC-HARINA > P10-HRN-LGC-MOLINOS > P10-HRN-MLN-M01 > P10-HRN-ALM-MA01 > P10-HRN-RSC-MSF01 > P10-HRN-MLN-M02 > P10-HRN-ALM-MA02 > P10-HRN-RSC-MSF02 > P10-HRN-MLN-M03 > P10-HRN-ALM-MA03 > P10-HRN-RSC-MSF03,contenedor_scoring,227678,25d0f85d-57da-4cae-8ca2-9b682363407e-0003795e,P10 > P10-HRN-LGC-HARINA > P10-HRN-LGC-MOLINOS > P10-HRN-MLN-M01 > P10-HRN-ALM-MA01 > P10-HRN-RSC-MSF01 > P10-HRN-MLN-M02 > P10-HRN-ALM-MA02 > P10-HRN-RSC-MSF02 > P10-HRN-MLN-M03 > P10-HRN-ALM-MA03 > P10-HRN-RSC-MSF03,12,68,NO,200,200,0,ancestro_project_exacto_duplicado,227678:200:P10 > P10-HRN-LGC-HARINA > P10-HRN-LGC-MOLINOS > P10-HRN-MLN-M01 > P10-HRN-ALM-MA01 > P10-HRN-RSC-MSF01 > P10-HRN-MLN-M02 > P10-HRN-ALM-MA02 > P10-HRN-RSC-MSF02 > P10-HRN-MLN-M03 > P10-HRN-ALM-MA03 > P10-HRN-RSC-MSF03 || 281487:200:P10 > P10-HRN-LGC-HARINA > P10-HRN-ENF-EG02 > P10-HRN-RSC-EGSF05 > P10-HRN-RSC-EGSF06 > P10-HRN-RSC-EGSF07 > P10-HRN-VNT-VE35 > P10-HRN-CCL-CVE35 > P10-HRN-VLV-VR28 > P10-HRN-VNT-VE36 > P10-HRN-CCL-CVE36 > P10-HRN-VLV-VR29 > P10-HRN-VNT-VE37 > P10-HRN-CCL-CVE37 > P10-HRN-VLV-VR30 > P10-HRN-VNT-VE38 > P10-HRN-CCL-CVE38 > P10-HRN-VLV-VR31 || 358462:200:P10 > P10-HRN-LGC-HARINA > P10-HRN-LGC-SEC. ROTATIVOS > P10-HRN-SRT-SR01 > P10-HRN-RSC-SF04 > P10-HRN-VLV-VALV || 358495:200:P10 > P10-HRN-LGC-HARINA > P10-HRN-LGC-SEC. ROTATIVOS > P10-HRN-SRT-SR02 > P10-HRN-RSC-SF05 || 367888:200:P10 > P10-HRN-LGC-HARINA > P10-HRN-ENF-EG01 > P10-HRN-RSC-EGSF01 > P10-HRN-RSC-EGSF02 > P10-HRN-RSC-EGSF03 > P10-HRN-RSC-EGSF04 > P10-HRN-VNT-VE27 > P10-HRN-CCL-CVE27 > P10-HRN-VLV-VR20 > P10-HRN-VNT-VE28 > P10-HRN-CCL-CVE28 > P10-HRN-VLV-VR21 > P10-HRN-VNT-VE29 > P10-HRN-CCL-CVE29 > P10-HRN-VLV-VR22 > P10-HRN-VNT-VE30 > P10-HRN-CCL-CVE30 > P10-HRN-VLV-VR23 > P10-HRN-VNT-VE31 > P10-HRN-CCL-CVE31 > P10-HRN-VLV-VR24 > P10-HRN-VNT-VE32 > P10-HRN-CCL-CVE32 > P10-HRN-VLV-VR25 > P10-HRN-VNT-VE33 > P10-HRN-CCL-CVE33 > P10-HRN-VLV-VR26 > P10-HRN-VNT-VE34 > P10-HRN-CCL-CVE34 > P10-HRN-VLV-VR27 > P10-HRN-VNT-VE39 > P10-HRN-ART-ARTVE39 > P10-HRN-VNT-VE40 > P10-HRN-ART-ARTVE40 > P10-HRN-VNT-VE41 > P10-HRN-ART-ARTVE41 > P10-HRN-VNT-VE42 > P10-HRN-ART-ARTVE42 > P10-HRN-VNT-VE43 > P10-HRN-ART-ARTVE43 > P10-HRN-VNT-VE44 > P10-HRN-ART-ARTVE44 > P10-HRN-VNT-VE45 > P10-HRN-ART-ARTVE45 > P10-HRN-VNT-VE46 > P10-HRN-ART-ARTVE46 > P10-HRN-VNT-VE47 > P10-HRN-ART-ARTVE47 > P10-HRN-VNT-VE48 > P10-HRN-ART-ARTVE48 > P10-HRN-VNT-VE49 > P10-HRN-ART-ARTVE49 > P10-HRN-VNT-VE50 > P10-HRN-ART-ARTVE50 > P10-HRN-VNT-VE51 > P10-HRN-ART-ARTVE51 > P10-HRN-VNT-VE52 > P10-HRN-ART-ARTVE52 > P10-HRN-VNT-VE53 > P10-HRN-ART-ARTVE53 > P10-HRN-VNT-VE54 > P10-HRN-ART-ARTVE54 > P10-HRN-VNT-VE55 > P10-HRN-ART-ARTVE55 > P10-HRN-VNT-VE56 > P10-HRN-ART-ARTVE56 > P10-HRN-VNT-VE57 > P10-HRN-ART-ARTVE57 > P10-HRN-VNT-VE58 > P10-HRN-ART-ARTVE58 > P10-HRN-VNT-VE59 > P10-HRN-ART-ARTVE59 > P10-HRN-VNT-VE60 > P10-HRN-ART-ARTVE60 > P10-HRN-VNT-VE61 > P10-HRN-ART-ARTVE61 > P10-HRN-VNT-VE62 > P10-HRN-ART-ARTVE62 > P10-HRN-VNT-VE63 || 377635:200:P10 > P10-HRN-LGC-HARINA > P10-HRN-FLT-FMHRN > P10-HRN-BRL-BRL3 > P10-HRN-RSC-HSF01 > P10-HRN-VLV-VR32 > P10-HRN-VNT-VE64 > P10-HRN-VNT-VE65 || 380547:200:P10 > P10-HRN-LGC-HARINA > P10-HRN-LGC-TAMIZADORES > P10-HRN-BTD-BA01 > P10-HRN-RSC-SFBA01 > P10-HRN-RSC-BAA01 > P10-HRN-BTD-BA02 > P10-HRN-RSC-SFBA02 > P10-HRN-RSC-BAA02 > P10-HRN-BTD-BA03 > P10-HRN-RSC-SFBA03 > P10-HRN-RSC-BAA03 > P10-HRN-BTD-BA04 > P10-HRN-RSC-SFBA04 > P10-HRN-RSC-BAA04 > P10-HRN-BTD-BA05 > P10-HRN-RSC-SFBA05 > P10-HRN-RSC-BAA05 || 380565:200:P10 > P10-HRN-LGC-HARINA > P10-HRN-FLT-FMHRN || ... +2,P10-HRN-LGC-HARINA,Ancestro Project P10-HRN-LGC-HARINA aparece en 10 contenedores.,P10,P10-HRN-LGC-HARINA,P10-HRN-LGC-MOLINOS,P10-HRN-MLN-M01,P10-HRN-ALM-MA01,P10-HRN-RSC-MSF01,P10-HRN-MLN-M02,P10-HRN-ALM-MA02,P10-HRN-RSC-MSF02,P10-HRN-MLN-M03,P10-HRN-ALM-MA03,P10-HRN-RSC-MSF03,,,,,,,,,,,,,,,,,,,,,,,,,,,,,,,,,,,,,,,,,,,,,,,,,,,,,,,,,,,,,,,,,,,,,hay más de un contenedor candidato
contenedor_duplicado,contenedor_por_ancestro_project,P10-ECN-DMP-DAMP_4,DUMPER 4 ECONOMIZER,308,5,308,P10-ECN-LGC-ECONOMIZER,P10-ECN-LGC-ECONOMIZER,P10-HRN-LGC-HARINA > P10-HRN-LGC-SEC > P10-ECN-LGC-ECONOMIZER,P10 > P10-HRN-LGC-HARINA > P10-HRN-LGC-SEC. ROTATIVOS > P10-ECN-LGC-ECONOMIZER,P10 > P10-HRN-LGC-HARINA > P10-HRN-LGC-SEC. ROTATIVOS > P10-ECN-LGC-ECONOMIZER > P10-ECN-DMP-DAMP_4,227678,25d0f85d-57da-4cae-8ca2-9b682363407e-0003795e,Cubiertas,,Genérico - 400 mm,Genérico - 400 mm,P10-HRN-LGC-MOLINOS,P10 > P10-HRN-LGC-HARINA > P10-HRN-LGC-MOLINOS > P10-HRN-MLN-M01 > P10-HRN-ALM-MA01 > P10-HRN-RSC-MSF01 > P10-HRN-MLN-M02 > P10-HRN-ALM-MA02 > P10-HRN-RSC-MSF02 > P10-HRN-MLN-M03 > P10-HRN-ALM-MA03 > P10-HRN-RSC-MSF03,contenedor_scoring,227678,25d0f85d-57da-4cae-8ca2-9b682363407e-0003795e,P10 > P10-HRN-LGC-HARINA > P10-HRN-LGC-MOLINOS > P10-HRN-MLN-M01 > P10-HRN-ALM-MA01 > P10-HRN-RSC-MSF01 > P10-HRN-MLN-M02 > P10-HRN-ALM-MA02 > P10-HRN-RSC-MSF02 > P10-HRN-MLN-M03 > P10-HRN-ALM-MA03 > P10-HRN-RSC-MSF03,12,68,NO,200,200,0,ancestro_project_exacto_duplicado,227678:200:P10 > P10-HRN-LGC-HARINA > P10-HRN-LGC-MOLINOS > P10-HRN-MLN-M01 > P10-HRN-ALM-MA01 > P10-HRN-RSC-MSF01 > P10-HRN-MLN-M02 > P10-HRN-ALM-MA02 > P10-HRN-RSC-MSF02 > P10-HRN-MLN-M03 > P10-HRN-ALM-MA03 > P10-HRN-RSC-MSF03 || 281487:200:P10 > P10-HRN-LGC-HARINA > P10-HRN-ENF-EG02 > P10-HRN-RSC-EGSF05 > P10-HRN-RSC-EGSF06 > P10-HRN-RSC-EGSF07 > P10-HRN-VNT-VE35 > P10-HRN-CCL-CVE35 > P10-HRN-VLV-VR28 > P10-HRN-VNT-VE36 > P10-HRN-CCL-CVE36 > P10-HRN-VLV-VR29 > P10-HRN-VNT-VE37 > P10-HRN-CCL-CVE37 > P10-HRN-VLV-VR30 > P10-HRN-VNT-VE38 > P10-HRN-CCL-CVE38 > P10-HRN-VLV-VR31 || 358462:200:P10 > P10-HRN-LGC-HARINA > P10-HRN-LGC-SEC. ROTATIVOS > P10-HRN-SRT-SR01 > P10-HRN-RSC-SF04 > P10-HRN-VLV-VALV || 358495:200:P10 > P10-HRN-LGC-HARINA > P10-HRN-LGC-SEC. ROTATIVOS > P10-HRN-SRT-SR02 > P10-HRN-RSC-SF05 || 367888:200:P10 > P10-HRN-LGC-HARINA > P10-HRN-ENF-EG01 > P10-HRN-RSC-EGSF01 > P10-HRN-RSC-EGSF02 > P10-HRN-RSC-EGSF03 > P10-HRN-RSC-EGSF04 > P10-HRN-VNT-VE27 > P10-HRN-CCL-CVE27 > P10-HRN-VLV-VR20 > P10-HRN-VNT-VE28 > P10-HRN-CCL-CVE28 > P10-HRN-VLV-VR21 > P10-HRN-VNT-VE29 > P10-HRN-CCL-CVE29 > P10-HRN-VLV-VR22 > P10-HRN-VNT-VE30 > P10-HRN-CCL-CVE30 > P10-HRN-VLV-VR23 > P10-HRN-VNT-VE31 > P10-HRN-CCL-CVE31 > P10-HRN-VLV-VR24 > P10-HRN-VNT-VE32 > P10-HRN-CCL-CVE32 > P10-HRN-VLV-VR25 > P10-HRN-VNT-VE33 > P10-HRN-CCL-CVE33 > P10-HRN-VLV-VR26 > P10-HRN-VNT-VE34 > P10-HRN-CCL-CVE34 > P10-HRN-VLV-VR27 > P10-HRN-VNT-VE39 > P10-HRN-ART-ARTVE39 > P10-HRN-VNT-VE40 > P10-HRN-ART-ARTVE40 > P10-HRN-VNT-VE41 > P10-HRN-ART-ARTVE41 > P10-HRN-VNT-VE42 > P10-HRN-ART-ARTVE42 > P10-HRN-VNT-VE43 > P10-HRN-ART-ARTVE43 > P10-HRN-VNT-VE44 > P10-HRN-ART-ARTVE44 > P10-HRN-VNT-VE45 > P10-HRN-ART-ARTVE45 > P10-HRN-VNT-VE46 > P10-HRN-ART-ARTVE46 > P10-HRN-VNT-VE47 > P10-HRN-ART-ARTVE47 > P10-HRN-VNT-VE48 > P10-HRN-ART-ARTVE48 > P10-HRN-VNT-VE49 > P10-HRN-ART-ARTVE49 > P10-HRN-VNT-VE50 > P10-HRN-ART-ARTVE50 > P10-HRN-VNT-VE51 > P10-HRN-ART-ARTVE51 > P10-HRN-VNT-VE52 > P10-HRN-ART-ARTVE52 > P10-HRN-VNT-VE53 > P10-HRN-ART-ARTVE53 > P10-HRN-VNT-VE54 > P10-HRN-ART-ARTVE54 > P10-HRN-VNT-VE55 > P10-HRN-ART-ARTVE55 > P10-HRN-VNT-VE56 > P10-HRN-ART-ARTVE56 > P10-HRN-VNT-VE57 > P10-HRN-ART-ARTVE57 > P10-HRN-VNT-VE58 > P10-HRN-ART-ARTVE58 > P10-HRN-VNT-VE59 > P10-HRN-ART-ARTVE59 > P10-HRN-VNT-VE60 > P10-HRN-ART-ARTVE60 > P10-HRN-VNT-VE61 > P10-HRN-ART-ARTVE61 > P10-HRN-VNT-VE62 > P10-HRN-ART-ARTVE62 > P10-HRN-VNT-VE63 || 377635:200:P10 > P10-HRN-LGC-HARINA > P10-HRN-FLT-FMHRN > P10-HRN-BRL-BRL3 > P10-HRN-RSC-HSF01 > P10-HRN-VLV-VR32 > P10-HRN-VNT-VE64 > P10-HRN-VNT-VE65 || 380547:200:P10 > P10-HRN-LGC-HARINA > P10-HRN-LGC-TAMIZADORES > P10-HRN-BTD-BA01 > P10-HRN-RSC-SFBA01 > P10-HRN-RSC-BAA01 > P10-HRN-BTD-BA02 > P10-HRN-RSC-SFBA02 > P10-HRN-RSC-BAA02 > P10-HRN-BTD-BA03 > P10-HRN-RSC-SFBA03 > P10-HRN-RSC-BAA03 > P10-HRN-BTD-BA04 > P10-HRN-RSC-SFBA04 > P10-HRN-RSC-BAA04 > P10-HRN-BTD-BA05 > P10-HRN-RSC-SFBA05 > P10-HRN-RSC-BAA05 || 380565:200:P10 > P10-HRN-LGC-HARINA > P10-HRN-FLT-FMHRN || ... +2,P10-HRN-LGC-HARINA,Ancestro Project P10-HRN-LGC-HARINA aparece en 10 contenedores.,P10,P10-HRN-LGC-HARINA,P10-HRN-LGC-MOLINOS,P10-HRN-MLN-M01,P10-HRN-ALM-MA01,P10-HRN-RSC-MSF01,P10-HRN-MLN-M02,P10-HRN-ALM-MA02,P10-HRN-RSC-MSF02,P10-HRN-MLN-M03,P10-HRN-ALM-MA03,P10-HRN-RSC-MSF03,,,,,,,,,,,,,,,,,,,,,,,,,,,,,,,,,,,,,,,,,,,,,,,,,,,,,,,,,,,,,,,,,,,,,hay más de un contenedor candidato
contenedor_duplicado,contenedor_por_ancestro_project,P10-ECN-DMP-DAMP_5,DUMPER 5 ECONOMIZER,309,5,309,P10-ECN-LGC-ECONOMIZER,P10-ECN-LGC-ECONOMIZER,P10-HRN-LGC-HARINA > P10-HRN-LGC-SEC > P10-ECN-LGC-ECONOMIZER,P10 > P10-HRN-LGC-HARINA > P10-HRN-LGC-SEC. ROTATIVOS > P10-ECN-LGC-ECONOMIZER,P10 > P10-HRN-LGC-HARINA > P10-HRN-LGC-SEC. ROTATIVOS > P10-ECN-LGC-ECONOMIZER > P10-ECN-DMP-DAMP_5,227678,25d0f85d-57da-4cae-8ca2-9b682363407e-0003795e,Cubiertas,,Genérico - 400 mm,Genérico - 400 mm,P10-HRN-LGC-MOLINOS,P10 > P10-HRN-LGC-HARINA > P10-HRN-LGC-MOLINOS > P10-HRN-MLN-M01 > P10-HRN-ALM-MA01 > P10-HRN-RSC-MSF01 > P10-HRN-MLN-M02 > P10-HRN-ALM-MA02 > P10-HRN-RSC-MSF02 > P10-HRN-MLN-M03 > P10-HRN-ALM-MA03 > P10-HRN-RSC-MSF03,contenedor_scoring,227678,25d0f85d-57da-4cae-8ca2-9b682363407e-0003795e,P10 > P10-HRN-LGC-HARINA > P10-HRN-LGC-MOLINOS > P10-HRN-MLN-M01 > P10-HRN-ALM-MA01 > P10-HRN-RSC-MSF01 > P10-HRN-MLN-M02 > P10-HRN-ALM-MA02 > P10-HRN-RSC-MSF02 > P10-HRN-MLN-M03 > P10-HRN-ALM-MA03 > P10-HRN-RSC-MSF03,12,68,NO,200,200,0,ancestro_project_exacto_duplicado,227678:200:P10 > P10-HRN-LGC-HARINA > P10-HRN-LGC-MOLINOS > P10-HRN-MLN-M01 > P10-HRN-ALM-MA01 > P10-HRN-RSC-MSF01 > P10-HRN-MLN-M02 > P10-HRN-ALM-MA02 > P10-HRN-RSC-MSF02 > P10-HRN-MLN-M03 > P10-HRN-ALM-MA03 > P10-HRN-RSC-MSF03 || 281487:200:P10 > P10-HRN-LGC-HARINA > P10-HRN-ENF-EG02 > P10-HRN-RSC-EGSF05 > P10-HRN-RSC-EGSF06 > P10-HRN-RSC-EGSF07 > P10-HRN-VNT-VE35 > P10-HRN-CCL-CVE35 > P10-HRN-VLV-VR28 > P10-HRN-VNT-VE36 > P10-HRN-CCL-CVE36 > P10-HRN-VLV-VR29 > P10-HRN-VNT-VE37 > P10-HRN-CCL-CVE37 > P10-HRN-VLV-VR30 > P10-HRN-VNT-VE38 > P10-HRN-CCL-CVE38 > P10-HRN-VLV-VR31 || 358462:200:P10 > P10-HRN-LGC-HARINA > P10-HRN-LGC-SEC. ROTATIVOS > P10-HRN-SRT-SR01 > P10-HRN-RSC-SF04 > P10-HRN-VLV-VALV || 358495:200:P10 > P10-HRN-LGC-HARINA > P10-HRN-LGC-SEC. ROTATIVOS > P10-HRN-SRT-SR02 > P10-HRN-RSC-SF05 || 367888:200:P10 > P10-HRN-LGC-HARINA > P10-HRN-ENF-EG01 > P10-HRN-RSC-EGSF01 > P10-HRN-RSC-EGSF02 > P10-HRN-RSC-EGSF03 > P10-HRN-RSC-EGSF04 > P10-HRN-VNT-VE27 > P10-HRN-CCL-CVE27 > P10-HRN-VLV-VR20 > P10-HRN-VNT-VE28 > P10-HRN-CCL-CVE28 > P10-HRN-VLV-VR21 > P10-HRN-VNT-VE29 > P10-HRN-CCL-CVE29 > P10-HRN-VLV-VR22 > P10-HRN-VNT-VE30 > P10-HRN-CCL-CVE30 > P10-HRN-VLV-VR23 > P10-HRN-VNT-VE31 > P10-HRN-CCL-CVE31 > P10-HRN-VLV-VR24 > P10-HRN-VNT-VE32 > P10-HRN-CCL-CVE32 > P10-HRN-VLV-VR25 > P10-HRN-VNT-VE33 > P10-HRN-CCL-CVE33 > P10-HRN-VLV-VR26 > P10-HRN-VNT-VE34 > P10-HRN-CCL-CVE34 > P10-HRN-VLV-VR27 > P10-HRN-VNT-VE39 > P10-HRN-ART-ARTVE39 > P10-HRN-VNT-VE40 > P10-HRN-ART-ARTVE40 > P10-HRN-VNT-VE41 > P10-HRN-ART-ARTVE41 > P10-HRN-VNT-VE42 > P10-HRN-ART-ARTVE42 > P10-HRN-VNT-VE43 > P10-HRN-ART-ARTVE43 > P10-HRN-VNT-VE44 > P10-HRN-ART-ARTVE44 > P10-HRN-VNT-VE45 > P10-HRN-ART-ARTVE45 > P10-HRN-VNT-VE46 > P10-HRN-ART-ARTVE46 > P10-HRN-VNT-VE47 > P10-HRN-ART-ARTVE47 > P10-HRN-VNT-VE48 > P10-HRN-ART-ARTVE48 > P10-HRN-VNT-VE49 > P10-HRN-ART-ARTVE49 > P10-HRN-VNT-VE50 > P10-HRN-ART-ARTVE50 > P10-HRN-VNT-VE51 > P10-HRN-ART-ARTVE51 > P10-HRN-VNT-VE52 > P10-HRN-ART-ARTVE52 > P10-HRN-VNT-VE53 > P10-HRN-ART-ARTVE53 > P10-HRN-VNT-VE54 > P10-HRN-ART-ARTVE54 > P10-HRN-VNT-VE55 > P10-HRN-ART-ARTVE55 > P10-HRN-VNT-VE56 > P10-HRN-ART-ARTVE56 > P10-HRN-VNT-VE57 > P10-HRN-ART-ARTVE57 > P10-HRN-VNT-VE58 > P10-HRN-ART-ARTVE58 > P10-HRN-VNT-VE59 > P10-HRN-ART-ARTVE59 > P10-HRN-VNT-VE60 > P10-HRN-ART-ARTVE60 > P10-HRN-VNT-VE61 > P10-HRN-ART-ARTVE61 > P10-HRN-VNT-VE62 > P10-HRN-ART-ARTVE62 > P10-HRN-VNT-VE63 || 377635:200:P10 > P10-HRN-LGC-HARINA > P10-HRN-FLT-FMHRN > P10-HRN-BRL-BRL3 > P10-HRN-RSC-HSF01 > P10-HRN-VLV-VR32 > P10-HRN-VNT-VE64 > P10-HRN-VNT-VE65 || 380547:200:P10 > P10-HRN-LGC-HARINA > P10-HRN-LGC-TAMIZADORES > P10-HRN-BTD-BA01 > P10-HRN-RSC-SFBA01 > P10-HRN-RSC-BAA01 > P10-HRN-BTD-BA02 > P10-HRN-RSC-SFBA02 > P10-HRN-RSC-BAA02 > P10-HRN-BTD-BA03 > P10-HRN-RSC-SFBA03 > P10-HRN-RSC-BAA03 > P10-HRN-BTD-BA04 > P10-HRN-RSC-SFBA04 > P10-HRN-RSC-BAA04 > P10-HRN-BTD-BA05 > P10-HRN-RSC-SFBA05 > P10-HRN-RSC-BAA05 || 380565:200:P10 > P10-HRN-LGC-HARINA > P10-HRN-FLT-FMHRN || ... +2,P10-HRN-LGC-HARINA,Ancestro Project P10-HRN-LGC-HARINA aparece en 10 contenedores.,P10,P10-HRN-LGC-HARINA,P10-HRN-LGC-MOLINOS,P10-HRN-MLN-M01,P10-HRN-ALM-MA01,P10-HRN-RSC-MSF01,P10-HRN-MLN-M02,P10-HRN-ALM-MA02,P10-HRN-RSC-MSF02,P10-HRN-MLN-M03,P10-HRN-ALM-MA03,P10-HRN-RSC-MSF03,,,,,,,,,,,,,,,,,,,,,,,,,,,,,,,,,,,,,,,,,,,,,,,,,,,,,,,,,,,,,,,,,,,,,hay más de un contenedor candidato
contenedor_duplicado,contenedor_por_ancestro_project,P10-ECN-ECN-ECONOMIZER,EQUIPO ECONOMIZER 13/20,310,5,310,P10-ECN-LGC-ECONOMIZER,P10-ECN-LGC-ECONOMIZER,P10-HRN-LGC-HARINA > P10-HRN-LGC-SEC > P10-ECN-LGC-ECONOMIZER,P10 > P10-HRN-LGC-HARINA > P10-HRN-LGC-SEC. ROTATIVOS > P10-ECN-LGC-ECONOMIZER,P10 > P10-HRN-LGC-HARINA > P10-HRN-LGC-SEC. ROTATIVOS > P10-ECN-LGC-ECONOMIZER > P10-ECN-ECN-ECONOMIZER,227678,25d0f85d-57da-4cae-8ca2-9b682363407e-0003795e,Cubiertas,,Genérico - 400 mm,Genérico - 400 mm,P10-HRN-LGC-MOLINOS,P10 > P10-HRN-LGC-HARINA > P10-HRN-LGC-MOLINOS > P10-HRN-MLN-M01 > P10-HRN-ALM-MA01 > P10-HRN-RSC-MSF01 > P10-HRN-MLN-M02 > P10-HRN-ALM-MA02 > P10-HRN-RSC-MSF02 > P10-HRN-MLN-M03 > P10-HRN-ALM-MA03 > P10-HRN-RSC-MSF03,contenedor_scoring,227678,25d0f85d-57da-4cae-8ca2-9b682363407e-0003795e,P10 > P10-HRN-LGC-HARINA > P10-HRN-LGC-MOLINOS > P10-HRN-MLN-M01 > P10-HRN-ALM-MA01 > P10-HRN-RSC-MSF01 > P10-HRN-MLN-M02 > P10-HRN-ALM-MA02 > P10-HRN-RSC-MSF02 > P10-HRN-MLN-M03 > P10-HRN-ALM-MA03 > P10-HRN-RSC-MSF03,12,68,NO,200,200,0,ancestro_project_exacto_duplicado,227678:200:P10 > P10-HRN-LGC-HARINA > P10-HRN-LGC-MOLINOS > P10-HRN-MLN-M01 > P10-HRN-ALM-MA01 > P10-HRN-RSC-MSF01 > P10-HRN-MLN-M02 > P10-HRN-ALM-MA02 > P10-HRN-RSC-MSF02 > P10-HRN-MLN-M03 > P10-HRN-ALM-MA03 > P10-HRN-RSC-MSF03 || 281487:200:P10 > P10-HRN-LGC-HARINA > P10-HRN-ENF-EG02 > P10-HRN-RSC-EGSF05 > P10-HRN-RSC-EGSF06 > P10-HRN-RSC-EGSF07 > P10-HRN-VNT-VE35 > P10-HRN-CCL-CVE35 > P10-HRN-VLV-VR28 > P10-HRN-VNT-VE36 > P10-HRN-CCL-CVE36 > P10-HRN-VLV-VR29 > P10-HRN-VNT-VE37 > P10-HRN-CCL-CVE37 > P10-HRN-VLV-VR30 > P10-HRN-VNT-VE38 > P10-HRN-CCL-CVE38 > P10-HRN-VLV-VR31 || 358462:200:P10 > P10-HRN-LGC-HARINA > P10-HRN-LGC-SEC. ROTATIVOS > P10-HRN-SRT-SR01 > P10-HRN-RSC-SF04 > P10-HRN-VLV-VALV || 358495:200:P10 > P10-HRN-LGC-HARINA > P10-HRN-LGC-SEC. ROTATIVOS > P10-HRN-SRT-SR02 > P10-HRN-RSC-SF05 || 367888:200:P10 > P10-HRN-LGC-HARINA > P10-HRN-ENF-EG01 > P10-HRN-RSC-EGSF01 > P10-HRN-RSC-EGSF02 > P10-HRN-RSC-EGSF03 > P10-HRN-RSC-EGSF04 > P10-HRN-VNT-VE27 > P10-HRN-CCL-CVE27 > P10-HRN-VLV-VR20 > P10-HRN-VNT-VE28 > P10-HRN-CCL-CVE28 > P10-HRN-VLV-VR21 > P10-HRN-VNT-VE29 > P10-HRN-CCL-CVE29 > P10-HRN-VLV-VR22 > P10-HRN-VNT-VE30 > P10-HRN-CCL-CVE30 > P10-HRN-VLV-VR23 > P10-HRN-VNT-VE31 > P10-HRN-CCL-CVE31 > P10-HRN-VLV-VR24 > P10-HRN-VNT-VE32 > P10-HRN-CCL-CVE32 > P10-HRN-VLV-VR25 > P10-HRN-VNT-VE33 > P10-HRN-CCL-CVE33 > P10-HRN-VLV-VR26 > P10-HRN-VNT-VE34 > P10-HRN-CCL-CVE34 > P10-HRN-VLV-VR27 > P10-HRN-VNT-VE39 > P10-HRN-ART-ARTVE39 > P10-HRN-VNT-VE40 > P10-HRN-ART-ARTVE40 > P10-HRN-VNT-VE41 > P10-HRN-ART-ARTVE41 > P10-HRN-VNT-VE42 > P10-HRN-ART-ARTVE42 > P10-HRN-VNT-VE43 > P10-HRN-ART-ARTVE43 > P10-HRN-VNT-VE44 > P10-HRN-ART-ARTVE44 > P10-HRN-VNT-VE45 > P10-HRN-ART-ARTVE45 > P10-HRN-VNT-VE46 > P10-HRN-ART-ARTVE46 > P10-HRN-VNT-VE47 > P10-HRN-ART-ARTVE47 > P10-HRN-VNT-VE48 > P10-HRN-ART-ARTVE48 > P10-HRN-VNT-VE49 > P10-HRN-ART-ARTVE49 > P10-HRN-VNT-VE50 > P10-HRN-ART-ARTVE50 > P10-HRN-VNT-VE51 > P10-HRN-ART-ARTVE51 > P10-HRN-VNT-VE52 > P10-HRN-ART-ARTVE52 > P10-HRN-VNT-VE53 > P10-HRN-ART-ARTVE53 > P10-HRN-VNT-VE54 > P10-HRN-ART-ARTVE54 > P10-HRN-VNT-VE55 > P10-HRN-ART-ARTVE55 > P10-HRN-VNT-VE56 > P10-HRN-ART-ARTVE56 > P10-HRN-VNT-VE57 > P10-HRN-ART-ARTVE57 > P10-HRN-VNT-VE58 > P10-HRN-ART-ARTVE58 > P10-HRN-VNT-VE59 > P10-HRN-ART-ARTVE59 > P10-HRN-VNT-VE60 > P10-HRN-ART-ARTVE60 > P10-HRN-VNT-VE61 > P10-HRN-ART-ARTVE61 > P10-HRN-VNT-VE62 > P10-HRN-ART-ARTVE62 > P10-HRN-VNT-VE63 || 377635:200:P10 > P10-HRN-LGC-HARINA > P10-HRN-FLT-FMHRN > P10-HRN-BRL-BRL3 > P10-HRN-RSC-HSF01 > P10-HRN-VLV-VR32 > P10-HRN-VNT-VE64 > P10-HRN-VNT-VE65 || 380547:200:P10 > P10-HRN-LGC-HARINA > P10-HRN-LGC-TAMIZADORES > P10-HRN-BTD-BA01 > P10-HRN-RSC-SFBA01 > P10-HRN-RSC-BAA01 > P10-HRN-BTD-BA02 > P10-HRN-RSC-SFBA02 > P10-HRN-RSC-BAA02 > P10-HRN-BTD-BA03 > P10-HRN-RSC-SFBA03 > P10-HRN-RSC-BAA03 > P10-HRN-BTD-BA04 > P10-HRN-RSC-SFBA04 > P10-HRN-RSC-BAA04 > P10-HRN-BTD-BA05 > P10-HRN-RSC-SFBA05 > P10-HRN-RSC-BAA05 || 380565:200:P10 > P10-HRN-LGC-HARINA > P10-HRN-FLT-FMHRN || ... +2,P10-HRN-LGC-HARINA,Ancestro Project P10-HRN-LGC-HARINA aparece en 10 contenedores.,P10,P10-HRN-LGC-HARINA,P10-HRN-LGC-MOLINOS,P10-HRN-MLN-M01,P10-HRN-ALM-MA01,P10-HRN-RSC-MSF01,P10-HRN-MLN-M02,P10-HRN-ALM-MA02,P10-HRN-RSC-MSF02,P10-HRN-MLN-M03,P10-HRN-ALM-MA03,P10-HRN-RSC-MSF03,,,,,,,,,,,,,,,,,,,,,,,,,,,,,,,,,,,,,,,,,,,,,,,,,,,,,,,,,,,,,,,,,,,,,hay más de un contenedor candidato
contenedor_duplicado,contenedor_por_ancestro_project,P10-ECN-RSC-SF25,ROSCA SF25 DE ROTATIVA A MEZLCLAODRAS SF11L Y R,311,5,311,P10-ECN-LGC-ECONOMIZER,P10-ECN-LGC-ECONOMIZER,P10-HRN-LGC-HARINA > P10-HRN-LGC-SEC > P10-ECN-LGC-ECONOMIZER,P10 > P10-HRN-LGC-HARINA > P10-HRN-LGC-SEC. ROTATIVOS > P10-ECN-LGC-ECONOMIZER,P10 > P10-HRN-LGC-HARINA > P10-HRN-LGC-SEC. ROTATIVOS > P10-ECN-LGC-ECONOMIZER > P10-ECN-RSC-SF25,227678,25d0f85d-57da-4cae-8ca2-9b682363407e-0003795e,Cubiertas,,Genérico - 400 mm,Genérico - 400 mm,P10-HRN-LGC-MOLINOS,P10 > P10-HRN-LGC-HARINA > P10-HRN-LGC-MOLINOS > P10-HRN-MLN-M01 > P10-HRN-ALM-MA01 > P10-HRN-RSC-MSF01 > P10-HRN-MLN-M02 > P10-HRN-ALM-MA02 > P10-HRN-RSC-MSF02 > P10-HRN-MLN-M03 > P10-HRN-ALM-MA03 > P10-HRN-RSC-MSF03,contenedor_scoring,227678,25d0f85d-57da-4cae-8ca2-9b682363407e-0003795e,P10 > P10-HRN-LGC-HARINA > P10-HRN-LGC-MOLINOS > P10-HRN-MLN-M01 > P10-HRN-ALM-MA01 > P10-HRN-RSC-MSF01 > P10-HRN-MLN-M02 > P10-HRN-ALM-MA02 > P10-HRN-RSC-MSF02 > P10-HRN-MLN-M03 > P10-HRN-ALM-MA03 > P10-HRN-RSC-MSF03,12,68,NO,200,200,0,ancestro_project_exacto_duplicado,227678:200:P10 > P10-HRN-LGC-HARINA > P10-HRN-LGC-MOLINOS > P10-HRN-MLN-M01 > P10-HRN-ALM-MA01 > P10-HRN-RSC-MSF01 > P10-HRN-MLN-M02 > P10-HRN-ALM-MA02 > P10-HRN-RSC-MSF02 > P10-HRN-MLN-M03 > P10-HRN-ALM-MA03 > P10-HRN-RSC-MSF03 || 281487:200:P10 > P10-HRN-LGC-HARINA > P10-HRN-ENF-EG02 > P10-HRN-RSC-EGSF05 > P10-HRN-RSC-EGSF06 > P10-HRN-RSC-EGSF07 > P10-HRN-VNT-VE35 > P10-HRN-CCL-CVE35 > P10-HRN-VLV-VR28 > P10-HRN-VNT-VE36 > P10-HRN-CCL-CVE36 > P10-HRN-VLV-VR29 > P10-HRN-VNT-VE37 > P10-HRN-CCL-CVE37 > P10-HRN-VLV-VR30 > P10-HRN-VNT-VE38 > P10-HRN-CCL-CVE38 > P10-HRN-VLV-VR31 || 358462:200:P10 > P10-HRN-LGC-HARINA > P10-HRN-LGC-SEC. ROTATIVOS > P10-HRN-SRT-SR01 > P10-HRN-RSC-SF04 > P10-HRN-VLV-VALV || 358495:200:P10 > P10-HRN-LGC-HARINA > P10-HRN-LGC-SEC. ROTATIVOS > P10-HRN-SRT-SR02 > P10-HRN-RSC-SF05 || 367888:200:P10 > P10-HRN-LGC-HARINA > P10-HRN-ENF-EG01 > P10-HRN-RSC-EGSF01 > P10-HRN-RSC-EGSF02 > P10-HRN-RSC-EGSF03 > P10-HRN-RSC-EGSF04 > P10-HRN-VNT-VE27 > P10-HRN-CCL-CVE27 > P10-HRN-VLV-VR20 > P10-HRN-VNT-VE28 > P10-HRN-CCL-CVE28 > P10-HRN-VLV-VR21 > P10-HRN-VNT-VE29 > P10-HRN-CCL-CVE29 > P10-HRN-VLV-VR22 > P10-HRN-VNT-VE30 > P10-HRN-CCL-CVE30 > P10-HRN-VLV-VR23 > P10-HRN-VNT-VE31 > P10-HRN-CCL-CVE31 > P10-HRN-VLV-VR24 > P10-HRN-VNT-VE32 > P10-HRN-CCL-CVE32 > P10-HRN-VLV-VR25 > P10-HRN-VNT-VE33 > P10-HRN-CCL-CVE33 > P10-HRN-VLV-VR26 > P10-HRN-VNT-VE34 > P10-HRN-CCL-CVE34 > P10-HRN-VLV-VR27 > P10-HRN-VNT-VE39 > P10-HRN-ART-ARTVE39 > P10-HRN-VNT-VE40 > P10-HRN-ART-ARTVE40 > P10-HRN-VNT-VE41 > P10-HRN-ART-ARTVE41 > P10-HRN-VNT-VE42 > P10-HRN-ART-ARTVE42 > P10-HRN-VNT-VE43 > P10-HRN-ART-ARTVE43 > P10-HRN-VNT-VE44 > P10-HRN-ART-ARTVE44 > P10-HRN-VNT-VE45 > P10-HRN-ART-ARTVE45 > P10-HRN-VNT-VE46 > P10-HRN-ART-ARTVE46 > P10-HRN-VNT-VE47 > P10-HRN-ART-ARTVE47 > P10-HRN-VNT-VE48 > P10-HRN-ART-ARTVE48 > P10-HRN-VNT-VE49 > P10-HRN-ART-ARTVE49 > P10-HRN-VNT-VE50 > P10-HRN-ART-ARTVE50 > P10-HRN-VNT-VE51 > P10-HRN-ART-ARTVE51 > P10-HRN-VNT-VE52 > P10-HRN-ART-ARTVE52 > P10-HRN-VNT-VE53 > P10-HRN-ART-ARTVE53 > P10-HRN-VNT-VE54 > P10-HRN-ART-ARTVE54 > P10-HRN-VNT-VE55 > P10-HRN-ART-ARTVE55 > P10-HRN-VNT-VE56 > P10-HRN-ART-ARTVE56 > P10-HRN-VNT-VE57 > P10-HRN-ART-ARTVE57 > P10-HRN-VNT-VE58 > P10-HRN-ART-ARTVE58 > P10-HRN-VNT-VE59 > P10-HRN-ART-ARTVE59 > P10-HRN-VNT-VE60 > P10-HRN-ART-ARTVE60 > P10-HRN-VNT-VE61 > P10-HRN-ART-ARTVE61 > P10-HRN-VNT-VE62 > P10-HRN-ART-ARTVE62 > P10-HRN-VNT-VE63 || 377635:200:P10 > P10-HRN-LGC-HARINA > P10-HRN-FLT-FMHRN > P10-HRN-BRL-BRL3 > P10-HRN-RSC-HSF01 > P10-HRN-VLV-VR32 > P10-HRN-VNT-VE64 > P10-HRN-VNT-VE65 || 380547:200:P10 > P10-HRN-LGC-HARINA > P10-HRN-LGC-TAMIZADORES > P10-HRN-BTD-BA01 > P10-HRN-RSC-SFBA01 > P10-HRN-RSC-BAA01 > P10-HRN-BTD-BA02 > P10-HRN-RSC-SFBA02 > P10-HRN-RSC-BAA02 > P10-HRN-BTD-BA03 > P10-HRN-RSC-SFBA03 > P10-HRN-RSC-BAA03 > P10-HRN-BTD-BA04 > P10-HRN-RSC-SFBA04 > P10-HRN-RSC-BAA04 > P10-HRN-BTD-BA05 > P10-HRN-RSC-SFBA05 > P10-HRN-RSC-BAA05 || 380565:200:P10 > P10-HRN-LGC-HARINA > P10-HRN-FLT-FMHRN || ... +2,P10-HRN-LGC-HARINA,Ancestro Project P10-HRN-LGC-HARINA aparece en 10 contenedores.,P10,P10-HRN-LGC-HARINA,P10-HRN-LGC-MOLINOS,P10-HRN-MLN-M01,P10-HRN-ALM-MA01,P10-HRN-RSC-MSF01,P10-HRN-MLN-M02,P10-HRN-ALM-MA02,P10-HRN-RSC-MSF02,P10-HRN-MLN-M03,P10-HRN-ALM-MA03,P10-HRN-RSC-MSF03,,,,,,,,,,,,,,,,,,,,,,,,,,,,,,,,,,,,,,,,,,,,,,,,,,,,,,,,,,,,,,,,,,,,,hay más de un contenedor candidato
contenedor_duplicado,contenedor_por_ancestro_project,P10-ECN-VNT-VE70,VENTILADOR VE70 ECONOMIZER,312,5,312,P10-ECN-LGC-ECONOMIZER,P10-ECN-LGC-ECONOMIZER,P10-HRN-LGC-HARINA > P10-HRN-LGC-SEC > P10-ECN-LGC-ECONOMIZER,P10 > P10-HRN-LGC-HARINA > P10-HRN-LGC-SEC. ROTATIVOS > P10-ECN-LGC-ECONOMIZER,P10 > P10-HRN-LGC-HARINA > P10-HRN-LGC-SEC. ROTATIVOS > P10-ECN-LGC-ECONOMIZER > P10-ECN-VNT-VE70,227678,25d0f85d-57da-4cae-8ca2-9b682363407e-0003795e,Cubiertas,,Genérico - 400 mm,Genérico - 400 mm,P10-HRN-LGC-MOLINOS,P10 > P10-HRN-LGC-HARINA > P10-HRN-LGC-MOLINOS > P10-HRN-MLN-M01 > P10-HRN-ALM-MA01 > P10-HRN-RSC-MSF01 > P10-HRN-MLN-M02 > P10-HRN-ALM-MA02 > P10-HRN-RSC-MSF02 > P10-HRN-MLN-M03 > P10-HRN-ALM-MA03 > P10-HRN-RSC-MSF03,contenedor_scoring,227678,25d0f85d-57da-4cae-8ca2-9b682363407e-0003795e,P10 > P10-HRN-LGC-HARINA > P10-HRN-LGC-MOLINOS > P10-HRN-MLN-M01 > P10-HRN-ALM-MA01 > P10-HRN-RSC-MSF01 > P10-HRN-MLN-M02 > P10-HRN-ALM-MA02 > P10-HRN-RSC-MSF02 > P10-HRN-MLN-M03 > P10-HRN-ALM-MA03 > P10-HRN-RSC-MSF03,12,68,NO,200,200,0,ancestro_project_exacto_duplicado,227678:200:P10 > P10-HRN-LGC-HARINA > P10-HRN-LGC-MOLINOS > P10-HRN-MLN-M01 > P10-HRN-ALM-MA01 > P10-HRN-RSC-MSF01 > P10-HRN-MLN-M02 > P10-HRN-ALM-MA02 > P10-HRN-RSC-MSF02 > P10-HRN-MLN-M03 > P10-HRN-ALM-MA03 > P10-HRN-RSC-MSF03 || 281487:200:P10 > P10-HRN-LGC-HARINA > P10-HRN-ENF-EG02 > P10-HRN-RSC-EGSF05 > P10-HRN-RSC-EGSF06 > P10-HRN-RSC-EGSF07 > P10-HRN-VNT-VE35 > P10-HRN-CCL-CVE35 > P10-HRN-VLV-VR28 > P10-HRN-VNT-VE36 > P10-HRN-CCL-CVE36 > P10-HRN-VLV-VR29 > P10-HRN-VNT-VE37 > P10-HRN-CCL-CVE37 > P10-HRN-VLV-VR30 > P10-HRN-VNT-VE38 > P10-HRN-CCL-CVE38 > P10-HRN-VLV-VR31 || 358462:200:P10 > P10-HRN-LGC-HARINA > P10-HRN-LGC-SEC. ROTATIVOS > P10-HRN-SRT-SR01 > P10-HRN-RSC-SF04 > P10-HRN-VLV-VALV || 358495:200:P10 > P10-HRN-LGC-HARINA > P10-HRN-LGC-SEC. ROTATIVOS > P10-HRN-SRT-SR02 > P10-HRN-RSC-SF05 || 367888:200:P10 > P10-HRN-LGC-HARINA > P10-HRN-ENF-EG01 > P10-HRN-RSC-EGSF01 > P10-HRN-RSC-EGSF02 > P10-HRN-RSC-EGSF03 > P10-HRN-RSC-EGSF04 > P10-HRN-VNT-VE27 > P10-HRN-CCL-CVE27 > P10-HRN-VLV-VR20 > P10-HRN-VNT-VE28 > P10-HRN-CCL-CVE28 > P10-HRN-VLV-VR21 > P10-HRN-VNT-VE29 > P10-HRN-CCL-CVE29 > P10-HRN-VLV-VR22 > P10-HRN-VNT-VE30 > P10-HRN-CCL-CVE30 > P10-HRN-VLV-VR23 > P10-HRN-VNT-VE31 > P10-HRN-CCL-CVE31 > P10-HRN-VLV-VR24 > P10-HRN-VNT-VE32 > P10-HRN-CCL-CVE32 > P10-HRN-VLV-VR25 > P10-HRN-VNT-VE33 > P10-HRN-CCL-CVE33 > P10-HRN-VLV-VR26 > P10-HRN-VNT-VE34 > P10-HRN-CCL-CVE34 > P10-HRN-VLV-VR27 > P10-HRN-VNT-VE39 > P10-HRN-ART-ARTVE39 > P10-HRN-VNT-VE40 > P10-HRN-ART-ARTVE40 > P10-HRN-VNT-VE41 > P10-HRN-ART-ARTVE41 > P10-HRN-VNT-VE42 > P10-HRN-ART-ARTVE42 > P10-HRN-VNT-VE43 > P10-HRN-ART-ARTVE43 > P10-HRN-VNT-VE44 > P10-HRN-ART-ARTVE44 > P10-HRN-VNT-VE45 > P10-HRN-ART-ARTVE45 > P10-HRN-VNT-VE46 > P10-HRN-ART-ARTVE46 > P10-HRN-VNT-VE47 > P10-HRN-ART-ARTVE47 > P10-HRN-VNT-VE48 > P10-HRN-ART-ARTVE48 > P10-HRN-VNT-VE49 > P10-HRN-ART-ARTVE49 > P10-HRN-VNT-VE50 > P10-HRN-ART-ARTVE50 > P10-HRN-VNT-VE51 > P10-HRN-ART-ARTVE51 > P10-HRN-VNT-VE52 > P10-HRN-ART-ARTVE52 > P10-HRN-VNT-VE53 > P10-HRN-ART-ARTVE53 > P10-HRN-VNT-VE54 > P10-HRN-ART-ARTVE54 > P10-HRN-VNT-VE55 > P10-HRN-ART-ARTVE55 > P10-HRN-VNT-VE56 > P10-HRN-ART-ARTVE56 > P10-HRN-VNT-VE57 > P10-HRN-ART-ARTVE57 > P10-HRN-VNT-VE58 > P10-HRN-ART-ARTVE58 > P10-HRN-VNT-VE59 > P10-HRN-ART-ARTVE59 > P10-HRN-VNT-VE60 > P10-HRN-ART-ARTVE60 > P10-HRN-VNT-VE61 > P10-HRN-ART-ARTVE61 > P10-HRN-VNT-VE62 > P10-HRN-ART-ARTVE62 > P10-HRN-VNT-VE63 || 377635:200:P10 > P10-HRN-LGC-HARINA > P10-HRN-FLT-FMHRN > P10-HRN-BRL-BRL3 > P10-HRN-RSC-HSF01 > P10-HRN-VLV-VR32 > P10-HRN-VNT-VE64 > P10-HRN-VNT-VE65 || 380547:200:P10 > P10-HRN-LGC-HARINA > P10-HRN-LGC-TAMIZADORES > P10-HRN-BTD-BA01 > P10-HRN-RSC-SFBA01 > P10-HRN-RSC-BAA01 > P10-HRN-BTD-BA02 > P10-HRN-RSC-SFBA02 > P10-HRN-RSC-BAA02 > P10-HRN-BTD-BA03 > P10-HRN-RSC-SFBA03 > P10-HRN-RSC-BAA03 > P10-HRN-BTD-BA04 > P10-HRN-RSC-SFBA04 > P10-HRN-RSC-BAA04 > P10-HRN-BTD-BA05 > P10-HRN-RSC-SFBA05 > P10-HRN-RSC-BAA05 || 380565:200:P10 > P10-HRN-LGC-HARINA > P10-HRN-FLT-FMHRN || ... +2,P10-HRN-LGC-HARINA,Ancestro Project P10-HRN-LGC-HARINA aparece en 10 contenedores.,P10,P10-HRN-LGC-HARINA,P10-HRN-LGC-MOLINOS,P10-HRN-MLN-M01,P10-HRN-ALM-MA01,P10-HRN-RSC-MSF01,P10-HRN-MLN-M02,P10-HRN-ALM-MA02,P10-HRN-RSC-MSF02,P10-HRN-MLN-M03,P10-HRN-ALM-MA03,P10-HRN-RSC-MSF03,,,,,,,,,,,,,,,,,,,,,,,,,,,,,,,,,,,,,,,,,,,,,,,,,,,,,,,,,,,,,,,,,,,,,hay más de un contenedor candidato
contenedor_duplicado,contenedor_por_ancestro_project,P10-ECN-CCL-CVE70,CICLON VENTILADOR CVE70 ECONOMIZER,313,6,313,P10-ECN-VNT-VE70,P10-ECN-VNT-VE70,P10-HRN-LGC-HARINA > P10-HRN-LGC-SEC > P10-ECN-LGC-ECONOMIZER > P10-ECN-VNT-VE70,P10 > P10-HRN-LGC-HARINA > P10-HRN-LGC-SEC. ROTATIVOS > P10-ECN-LGC-ECONOMIZER > P10-ECN-VNT-VE70,P10 > P10-HRN-LGC-HARINA > P10-HRN-LGC-SEC. ROTATIVOS > P10-ECN-LGC-ECONOMIZER > P10-ECN-VNT-VE70 > P10-ECN-CCL-CVE70,227678,25d0f85d-57da-4cae-8ca2-9b682363407e-0003795e,Cubiertas,,Genérico - 400 mm,Genérico - 400 mm,P10-HRN-LGC-MOLINOS,P10 > P10-HRN-LGC-HARINA > P10-HRN-LGC-MOLINOS > P10-HRN-MLN-M01 > P10-HRN-ALM-MA01 > P10-HRN-RSC-MSF01 > P10-HRN-MLN-M02 > P10-HRN-ALM-MA02 > P10-HRN-RSC-MSF02 > P10-HRN-MLN-M03 > P10-HRN-ALM-MA03 > P10-HRN-RSC-MSF03,contenedor_scoring,227678,25d0f85d-57da-4cae-8ca2-9b682363407e-0003795e,P10 > P10-HRN-LGC-HARINA > P10-HRN-LGC-MOLINOS > P10-HRN-MLN-M01 > P10-HRN-ALM-MA01 > P10-HRN-RSC-MSF01 > P10-HRN-MLN-M02 > P10-HRN-ALM-MA02 > P10-HRN-RSC-MSF02 > P10-HRN-MLN-M03 > P10-HRN-ALM-MA03 > P10-HRN-RSC-MSF03,12,68,NO,200,200,0,ancestro_project_exacto_duplicado,227678:200:P10 > P10-HRN-LGC-HARINA > P10-HRN-LGC-MOLINOS > P10-HRN-MLN-M01 > P10-HRN-ALM-MA01 > P10-HRN-RSC-MSF01 > P10-HRN-MLN-M02 > P10-HRN-ALM-MA02 > P10-HRN-RSC-MSF02 > P10-HRN-MLN-M03 > P10-HRN-ALM-MA03 > P10-HRN-RSC-MSF03 || 281487:200:P10 > P10-HRN-LGC-HARINA > P10-HRN-ENF-EG02 > P10-HRN-RSC-EGSF05 > P10-HRN-RSC-EGSF06 > P10-HRN-RSC-EGSF07 > P10-HRN-VNT-VE35 > P10-HRN-CCL-CVE35 > P10-HRN-VLV-VR28 > P10-HRN-VNT-VE36 > P10-HRN-CCL-CVE36 > P10-HRN-VLV-VR29 > P10-HRN-VNT-VE37 > P10-HRN-CCL-CVE37 > P10-HRN-VLV-VR30 > P10-HRN-VNT-VE38 > P10-HRN-CCL-CVE38 > P10-HRN-VLV-VR31 || 358462:200:P10 > P10-HRN-LGC-HARINA > P10-HRN-LGC-SEC. ROTATIVOS > P10-HRN-SRT-SR01 > P10-HRN-RSC-SF04 > P10-HRN-VLV-VALV || 358495:200:P10 > P10-HRN-LGC-HARINA > P10-HRN-LGC-SEC. ROTATIVOS > P10-HRN-SRT-SR02 > P10-HRN-RSC-SF05 || 367888:200:P10 > P10-HRN-LGC-HARINA > P10-HRN-ENF-EG01 > P10-HRN-RSC-EGSF01 > P10-HRN-RSC-EGSF02 > P10-HRN-RSC-EGSF03 > P10-HRN-RSC-EGSF04 > P10-HRN-VNT-VE27 > P10-HRN-CCL-CVE27 > P10-HRN-VLV-VR20 > P10-HRN-VNT-VE28 > P10-HRN-CCL-CVE28 > P10-HRN-VLV-VR21 > P10-HRN-VNT-VE29 > P10-HRN-CCL-CVE29 > P10-HRN-VLV-VR22 > P10-HRN-VNT-VE30 > P10-HRN-CCL-CVE30 > P10-HRN-VLV-VR23 > P10-HRN-VNT-VE31 > P10-HRN-CCL-CVE31 > P10-HRN-VLV-VR24 > P10-HRN-VNT-VE32 > P10-HRN-CCL-CVE32 > P10-HRN-VLV-VR25 > P10-HRN-VNT-VE33 > P10-HRN-CCL-CVE33 > P10-HRN-VLV-VR26 > P10-HRN-VNT-VE34 > P10-HRN-CCL-CVE34 > P10-HRN-VLV-VR27 > P10-HRN-VNT-VE39 > P10-HRN-ART-ARTVE39 > P10-HRN-VNT-VE40 > P10-HRN-ART-ARTVE40 > P10-HRN-VNT-VE41 > P10-HRN-ART-ARTVE41 > P10-HRN-VNT-VE42 > P10-HRN-ART-ARTVE42 > P10-HRN-VNT-VE43 > P10-HRN-ART-ARTVE43 > P10-HRN-VNT-VE44 > P10-HRN-ART-ARTVE44 > P10-HRN-VNT-VE45 > P10-HRN-ART-ARTVE45 > P10-HRN-VNT-VE46 > P10-HRN-ART-ARTVE46 > P10-HRN-VNT-VE47 > P10-HRN-ART-ARTVE47 > P10-HRN-VNT-VE48 > P10-HRN-ART-ARTVE48 > P10-HRN-VNT-VE49 > P10-HRN-ART-ARTVE49 > P10-HRN-VNT-VE50 > P10-HRN-ART-ARTVE50 > P10-HRN-VNT-VE51 > P10-HRN-ART-ARTVE51 > P10-HRN-VNT-VE52 > P10-HRN-ART-ARTVE52 > P10-HRN-VNT-VE53 > P10-HRN-ART-ARTVE53 > P10-HRN-VNT-VE54 > P10-HRN-ART-ARTVE54 > P10-HRN-VNT-VE55 > P10-HRN-ART-ARTVE55 > P10-HRN-VNT-VE56 > P10-HRN-ART-ARTVE56 > P10-HRN-VNT-VE57 > P10-HRN-ART-ARTVE57 > P10-HRN-VNT-VE58 > P10-HRN-ART-ARTVE58 > P10-HRN-VNT-VE59 > P10-HRN-ART-ARTVE59 > P10-HRN-VNT-VE60 > P10-HRN-ART-ARTVE60 > P10-HRN-VNT-VE61 > P10-HRN-ART-ARTVE61 > P10-HRN-VNT-VE62 > P10-HRN-ART-ARTVE62 > P10-HRN-VNT-VE63 || 377635:200:P10 > P10-HRN-LGC-HARINA > P10-HRN-FLT-FMHRN > P10-HRN-BRL-BRL3 > P10-HRN-RSC-HSF01 > P10-HRN-VLV-VR32 > P10-HRN-VNT-VE64 > P10-HRN-VNT-VE65 || 380547:200:P10 > P10-HRN-LGC-HARINA > P10-HRN-LGC-TAMIZADORES > P10-HRN-BTD-BA01 > P10-HRN-RSC-SFBA01 > P10-HRN-RSC-BAA01 > P10-HRN-BTD-BA02 > P10-HRN-RSC-SFBA02 > P10-HRN-RSC-BAA02 > P10-HRN-BTD-BA03 > P10-HRN-RSC-SFBA03 > P10-HRN-RSC-BAA03 > P10-HRN-BTD-BA04 > P10-HRN-RSC-SFBA04 > P10-HRN-RSC-BAA04 > P10-HRN-BTD-BA05 > P10-HRN-RSC-SFBA05 > P10-HRN-RSC-BAA05 || 380565:200:P10 > P10-HRN-LGC-HARINA > P10-HRN-FLT-FMHRN || ... +2,P10-HRN-LGC-HARINA,Ancestro Project P10-HRN-LGC-HARINA aparece en 10 contenedores.,P10,P10-HRN-LGC-HARINA,P10-HRN-LGC-MOLINOS,P10-HRN-MLN-M01,P10-HRN-ALM-MA01,P10-HRN-RSC-MSF01,P10-HRN-MLN-M02,P10-HRN-ALM-MA02,P10-HRN-RSC-MSF02,P10-HRN-MLN-M03,P10-HRN-ALM-MA03,P10-HRN-RSC-MSF03,,,,,,,,,,,,,,,,,,,,,,,,,,,,,,,,,,,,,,,,,,,,,,,,,,,,,,,,,,,,,,,,,,,,,hay más de un contenedor candidato
contenedor_duplicado,contenedor_por_ancestro_project,P10-ECN-VLV-VR70,VALVULA ROTATIVA BAJO CICLON VENTILADOR ECONOMIZER A ROSCA SF25,314,6,314,P10-ECN-VNT-VE70,P10-ECN-VNT-VE70,P10-HRN-LGC-HARINA > P10-HRN-LGC-SEC > P10-ECN-LGC-ECONOMIZER > P10-ECN-VNT-VE70,P10 > P10-HRN-LGC-HARINA > P10-HRN-LGC-SEC. ROTATIVOS > P10-ECN-LGC-ECONOMIZER > P10-ECN-VNT-VE70,P10 > P10-HRN-LGC-HARINA > P10-HRN-LGC-SEC. ROTATIVOS > P10-ECN-LGC-ECONOMIZER > P10-ECN-VNT-VE70 > P10-ECN-VLV-VR70,227678,25d0f85d-57da-4cae-8ca2-9b682363407e-0003795e,Cubiertas,,Genérico - 400 mm,Genérico - 400 mm,P10-HRN-LGC-MOLINOS,P10 > P10-HRN-LGC-HARINA > P10-HRN-LGC-MOLINOS > P10-HRN-MLN-M01 > P10-HRN-ALM-MA01 > P10-HRN-RSC-MSF01 > P10-HRN-MLN-M02 > P10-HRN-ALM-MA02 > P10-HRN-RSC-MSF02 > P10-HRN-MLN-M03 > P10-HRN-ALM-MA03 > P10-HRN-RSC-MSF03,contenedor_scoring,227678,25d0f85d-57da-4cae-8ca2-9b682363407e-0003795e,P10 > P10-HRN-LGC-HARINA > P10-HRN-LGC-MOLINOS > P10-HRN-MLN-M01 > P10-HRN-ALM-MA01 > P10-HRN-RSC-MSF01 > P10-HRN-MLN-M02 > P10-HRN-ALM-MA02 > P10-HRN-RSC-MSF02 > P10-HRN-MLN-M03 > P10-HRN-ALM-MA03 > P10-HRN-RSC-MSF03,12,68,NO,200,200,0,ancestro_project_exacto_duplicado,227678:200:P10 > P10-HRN-LGC-HARINA > P10-HRN-LGC-MOLINOS > P10-HRN-MLN-M01 > P10-HRN-ALM-MA01 > P10-HRN-RSC-MSF01 > P10-HRN-MLN-M02 > P10-HRN-ALM-MA02 > P10-HRN-RSC-MSF02 > P10-HRN-MLN-M03 > P10-HRN-ALM-MA03 > P10-HRN-RSC-MSF03 || 281487:200:P10 > P10-HRN-LGC-HARINA > P10-HRN-ENF-EG02 > P10-HRN-RSC-EGSF05 > P10-HRN-RSC-EGSF06 > P10-HRN-RSC-EGSF07 > P10-HRN-VNT-VE35 > P10-HRN-CCL-CVE35 > P10-HRN-VLV-VR28 > P10-HRN-VNT-VE36 > P10-HRN-CCL-CVE36 > P10-HRN-VLV-VR29 > P10-HRN-VNT-VE37 > P10-HRN-CCL-CVE37 > P10-HRN-VLV-VR30 > P10-HRN-VNT-VE38 > P10-HRN-CCL-CVE38 > P10-HRN-VLV-VR31 || 358462:200:P10 > P10-HRN-LGC-HARINA > P10-HRN-LGC-SEC. ROTATIVOS > P10-HRN-SRT-SR01 > P10-HRN-RSC-SF04 > P10-HRN-VLV-VALV || 358495:200:P10 > P10-HRN-LGC-HARINA > P10-HRN-LGC-SEC. ROTATIVOS > P10-HRN-SRT-SR02 > P10-HRN-RSC-SF05 || 367888:200:P10 > P10-HRN-LGC-HARINA > P10-HRN-ENF-EG01 > P10-HRN-RSC-EGSF01 > P10-HRN-RSC-EGSF02 > P10-HRN-RSC-EGSF03 > P10-HRN-RSC-EGSF04 > P10-HRN-VNT-VE27 > P10-HRN-CCL-CVE27 > P10-HRN-VLV-VR20 > P10-HRN-VNT-VE28 > P10-HRN-CCL-CVE28 > P10-HRN-VLV-VR21 > P10-HRN-VNT-VE29 > P10-HRN-CCL-CVE29 > P10-HRN-VLV-VR22 > P10-HRN-VNT-VE30 > P10-HRN-CCL-CVE30 > P10-HRN-VLV-VR23 > P10-HRN-VNT-VE31 > P10-HRN-CCL-CVE31 > P10-HRN-VLV-VR24 > P10-HRN-VNT-VE32 > P10-HRN-CCL-CVE32 > P10-HRN-VLV-VR25 > P10-HRN-VNT-VE33 > P10-HRN-CCL-CVE33 > P10-HRN-VLV-VR26 > P10-HRN-VNT-VE34 > P10-HRN-CCL-CVE34 > P10-HRN-VLV-VR27 > P10-HRN-VNT-VE39 > P10-HRN-ART-ARTVE39 > P10-HRN-VNT-VE40 > P10-HRN-ART-ARTVE40 > P10-HRN-VNT-VE41 > P10-HRN-ART-ARTVE41 > P10-HRN-VNT-VE42 > P10-HRN-ART-ARTVE42 > P10-HRN-VNT-VE43 > P10-HRN-ART-ARTVE43 > P10-HRN-VNT-VE44 > P10-HRN-ART-ARTVE44 > P10-HRN-VNT-VE45 > P10-HRN-ART-ARTVE45 > P10-HRN-VNT-VE46 > P10-HRN-ART-ARTVE46 > P10-HRN-VNT-VE47 > P10-HRN-ART-ARTVE47 > P10-HRN-VNT-VE48 > P10-HRN-ART-ARTVE48 > P10-HRN-VNT-VE49 > P10-HRN-ART-ARTVE49 > P10-HRN-VNT-VE50 > P10-HRN-ART-ARTVE50 > P10-HRN-VNT-VE51 > P10-HRN-ART-ARTVE51 > P10-HRN-VNT-VE52 > P10-HRN-ART-ARTVE52 > P10-HRN-VNT-VE53 > P10-HRN-ART-ARTVE53 > P10-HRN-VNT-VE54 > P10-HRN-ART-ARTVE54 > P10-HRN-VNT-VE55 > P10-HRN-ART-ARTVE55 > P10-HRN-VNT-VE56 > P10-HRN-ART-ARTVE56 > P10-HRN-VNT-VE57 > P10-HRN-ART-ARTVE57 > P10-HRN-VNT-VE58 > P10-HRN-ART-ARTVE58 > P10-HRN-VNT-VE59 > P10-HRN-ART-ARTVE59 > P10-HRN-VNT-VE60 > P10-HRN-ART-ARTVE60 > P10-HRN-VNT-VE61 > P10-HRN-ART-ARTVE61 > P10-HRN-VNT-VE62 > P10-HRN-ART-ARTVE62 > P10-HRN-VNT-VE63 || 377635:200:P10 > P10-HRN-LGC-HARINA > P10-HRN-FLT-FMHRN > P10-HRN-BRL-BRL3 > P10-HRN-RSC-HSF01 > P10-HRN-VLV-VR32 > P10-HRN-VNT-VE64 > P10-HRN-VNT-VE65 || 380547:200:P10 > P10-HRN-LGC-HARINA > P10-HRN-LGC-TAMIZADORES > P10-HRN-BTD-BA01 > P10-HRN-RSC-SFBA01 > P10-HRN-RSC-BAA01 > P10-HRN-BTD-BA02 > P10-HRN-RSC-SFBA02 > P10-HRN-RSC-BAA02 > P10-HRN-BTD-BA03 > P10-HRN-RSC-SFBA03 > P10-HRN-RSC-BAA03 > P10-HRN-BTD-BA04 > P10-HRN-RSC-SFBA04 > P10-HRN-RSC-BAA04 > P10-HRN-BTD-BA05 > P10-HRN-RSC-SFBA05 > P10-HRN-RSC-BAA05 || 380565:200:P10 > P10-HRN-LGC-HARINA > P10-HRN-FLT-FMHRN || ... +2,P10-HRN-LGC-HARINA,Ancestro Project P10-HRN-LGC-HARINA aparece en 10 contenedores.,P10,P10-HRN-LGC-HARINA,P10-HRN-LGC-MOLINOS,P10-HRN-MLN-M01,P10-HRN-ALM-MA01,P10-HRN-RSC-MSF01,P10-HRN-MLN-M02,P10-HRN-ALM-MA02,P10-HRN-RSC-MSF02,P10-HRN-MLN-M03,P10-HRN-ALM-MA03,P10-HRN-RSC-MSF03,,,,,,,,,,,,,,,,,,,,,,,,,,,,,,,,,,,,,,,,,,,,,,,,,,,,,,,,,,,,,,,,,,,,,hay más de un contenedor candidato
contenedor_duplicado,contenedor_por_ancestro_project,P10-HRN-TNQ-TKSR,TANQUE CONDENSADO DE ROTATIVOS,315,4,315,P10-HRN-LGC-SEC. ROTATIVOS,P10-HRN-LGC-SEC,P10-HRN-LGC-HARINA > P10-HRN-LGC-SEC,P10 > P10-HRN-LGC-HARINA > P10-HRN-LGC-SEC. ROTATIVOS,P10 > P10-HRN-LGC-HARINA > P10-HRN-LGC-SEC. ROTATIVOS > P10-HRN-TNQ-TKSR,227678,25d0f85d-57da-4cae-8ca2-9b682363407e-0003795e,Cubiertas,,Genérico - 400 mm,Genérico - 400 mm,P10-HRN-LGC-MOLINOS,P10 > P10-HRN-LGC-HARINA > P10-HRN-LGC-MOLINOS > P10-HRN-MLN-M01 > P10-HRN-ALM-MA01 > P10-HRN-RSC-MSF01 > P10-HRN-MLN-M02 > P10-HRN-ALM-MA02 > P10-HRN-RSC-MSF02 > P10-HRN-MLN-M03 > P10-HRN-ALM-MA03 > P10-HRN-RSC-MSF03,contenedor_scoring,227678,25d0f85d-57da-4cae-8ca2-9b682363407e-0003795e,P10 > P10-HRN-LGC-HARINA > P10-HRN-LGC-MOLINOS > P10-HRN-MLN-M01 > P10-HRN-ALM-MA01 > P10-HRN-RSC-MSF01 > P10-HRN-MLN-M02 > P10-HRN-ALM-MA02 > P10-HRN-RSC-MSF02 > P10-HRN-MLN-M03 > P10-HRN-ALM-MA03 > P10-HRN-RSC-MSF03,12,68,NO,200,200,0,ancestro_project_exacto_duplicado,227678:200:P10 > P10-HRN-LGC-HARINA > P10-HRN-LGC-MOLINOS > P10-HRN-MLN-M01 > P10-HRN-ALM-MA01 > P10-HRN-RSC-MSF01 > P10-HRN-MLN-M02 > P10-HRN-ALM-MA02 > P10-HRN-RSC-MSF02 > P10-HRN-MLN-M03 > P10-HRN-ALM-MA03 > P10-HRN-RSC-MSF03 || 281487:200:P10 > P10-HRN-LGC-HARINA > P10-HRN-ENF-EG02 > P10-HRN-RSC-EGSF05 > P10-HRN-RSC-EGSF06 > P10-HRN-RSC-EGSF07 > P10-HRN-VNT-VE35 > P10-HRN-CCL-CVE35 > P10-HRN-VLV-VR28 > P10-HRN-VNT-VE36 > P10-HRN-CCL-CVE36 > P10-HRN-VLV-VR29 > P10-HRN-VNT-VE37 > P10-HRN-CCL-CVE37 > P10-HRN-VLV-VR30 > P10-HRN-VNT-VE38 > P10-HRN-CCL-CVE38 > P10-HRN-VLV-VR31 || 358462:200:P10 > P10-HRN-LGC-HARINA > P10-HRN-LGC-SEC. ROTATIVOS > P10-HRN-SRT-SR01 > P10-HRN-RSC-SF04 > P10-HRN-VLV-VALV || 358495:200:P10 > P10-HRN-LGC-HARINA > P10-HRN-LGC-SEC. ROTATIVOS > P10-HRN-SRT-SR02 > P10-HRN-RSC-SF05 || 367888:200:P10 > P10-HRN-LGC-HARINA > P10-HRN-ENF-EG01 > P10-HRN-RSC-EGSF01 > P10-HRN-RSC-EGSF02 > P10-HRN-RSC-EGSF03 > P10-HRN-RSC-EGSF04 > P10-HRN-VNT-VE27 > P10-HRN-CCL-CVE27 > P10-HRN-VLV-VR20 > P10-HRN-VNT-VE28 > P10-HRN-CCL-CVE28 > P10-HRN-VLV-VR21 > P10-HRN-VNT-VE29 > P10-HRN-CCL-CVE29 > P10-HRN-VLV-VR22 > P10-HRN-VNT-VE30 > P10-HRN-CCL-CVE30 > P10-HRN-VLV-VR23 > P10-HRN-VNT-VE31 > P10-HRN-CCL-CVE31 > P10-HRN-VLV-VR24 > P10-HRN-VNT-VE32 > P10-HRN-CCL-CVE32 > P10-HRN-VLV-VR25 > P10-HRN-VNT-VE33 > P10-HRN-CCL-CVE33 > P10-HRN-VLV-VR26 > P10-HRN-VNT-VE34 > P10-HRN-CCL-CVE34 > P10-HRN-VLV-VR27 > P10-HRN-VNT-VE39 > P10-HRN-ART-ARTVE39 > P10-HRN-VNT-VE40 > P10-HRN-ART-ARTVE40 > P10-HRN-VNT-VE41 > P10-HRN-ART-ARTVE41 > P10-HRN-VNT-VE42 > P10-HRN-ART-ARTVE42 > P10-HRN-VNT-VE43 > P10-HRN-ART-ARTVE43 > P10-HRN-VNT-VE44 > P10-HRN-ART-ARTVE44 > P10-HRN-VNT-VE45 > P10-HRN-ART-ARTVE45 > P10-HRN-VNT-VE46 > P10-HRN-ART-ARTVE46 > P10-HRN-VNT-VE47 > P10-HRN-ART-ARTVE47 > P10-HRN-VNT-VE48 > P10-HRN-ART-ARTVE48 > P10-HRN-VNT-VE49 > P10-HRN-ART-ARTVE49 > P10-HRN-VNT-VE50 > P10-HRN-ART-ARTVE50 > P10-HRN-VNT-VE51 > P10-HRN-ART-ARTVE51 > P10-HRN-VNT-VE52 > P10-HRN-ART-ARTVE52 > P10-HRN-VNT-VE53 > P10-HRN-ART-ARTVE53 > P10-HRN-VNT-VE54 > P10-HRN-ART-ARTVE54 > P10-HRN-VNT-VE55 > P10-HRN-ART-ARTVE55 > P10-HRN-VNT-VE56 > P10-HRN-ART-ARTVE56 > P10-HRN-VNT-VE57 > P10-HRN-ART-ARTVE57 > P10-HRN-VNT-VE58 > P10-HRN-ART-ARTVE58 > P10-HRN-VNT-VE59 > P10-HRN-ART-ARTVE59 > P10-HRN-VNT-VE60 > P10-HRN-ART-ARTVE60 > P10-HRN-VNT-VE61 > P10-HRN-ART-ARTVE61 > P10-HRN-VNT-VE62 > P10-HRN-ART-ARTVE62 > P10-HRN-VNT-VE63 || 377635:200:P10 > P10-HRN-LGC-HARINA > P10-HRN-FLT-FMHRN > P10-HRN-BRL-BRL3 > P10-HRN-RSC-HSF01 > P10-HRN-VLV-VR32 > P10-HRN-VNT-VE64 > P10-HRN-VNT-VE65 || 380547:200:P10 > P10-HRN-LGC-HARINA > P10-HRN-LGC-TAMIZADORES > P10-HRN-BTD-BA01 > P10-HRN-RSC-SFBA01 > P10-HRN-RSC-BAA01 > P10-HRN-BTD-BA02 > P10-HRN-RSC-SFBA02 > P10-HRN-RSC-BAA02 > P10-HRN-BTD-BA03 > P10-HRN-RSC-SFBA03 > P10-HRN-RSC-BAA03 > P10-HRN-BTD-BA04 > P10-HRN-RSC-SFBA04 > P10-HRN-RSC-BAA04 > P10-HRN-BTD-BA05 > P10-HRN-RSC-SFBA05 > P10-HRN-RSC-BAA05 || 380565:200:P10 > P10-HRN-LGC-HARINA > P10-HRN-FLT-FMHRN || ... +2,P10-HRN-LGC-HARINA,Ancestro Project P10-HRN-LGC-HARINA aparece en 10 contenedores.,P10,P10-HRN-LGC-HARINA,P10-HRN-LGC-MOLINOS,P10-HRN-MLN-M01,P10-HRN-ALM-MA01,P10-HRN-RSC-MSF01,P10-HRN-MLN-M02,P10-HRN-ALM-MA02,P10-HRN-RSC-MSF02,P10-HRN-MLN-M03,P10-HRN-ALM-MA03,P10-HRN-RSC-MSF03,,,,,,,,,,,,,,,,,,,,,,,,,,,,,,,,,,,,,,,,,,,,,,,,,,,,,,,,,,,,,,,,,,,,,hay más de un contenedor candidato
contenedor_duplicado,contenedor_por_ancestro_project,P10-HRN-VLV-VSSR01,VALVULA SEGURIDAD DE SECADOR ROTATIVO SR01,317,4,317,P10-HRN-LGC-SEC. ROTATIVOS,P10-HRN-LGC-SEC,P10-HRN-LGC-HARINA > P10-HRN-LGC-SEC,P10 > P10-HRN-LGC-HARINA > P10-HRN-LGC-SEC. ROTATIVOS,P10 > P10-HRN-LGC-HARINA > P10-HRN-LGC-SEC. ROTATIVOS > P10-HRN-VLV-VSSR01,227678,25d0f85d-57da-4cae-8ca2-9b682363407e-0003795e,Cubiertas,,Genérico - 400 mm,Genérico - 400 mm,P10-HRN-LGC-MOLINOS,P10 > P10-HRN-LGC-HARINA > P10-HRN-LGC-MOLINOS > P10-HRN-MLN-M01 > P10-HRN-ALM-MA01 > P10-HRN-RSC-MSF01 > P10-HRN-MLN-M02 > P10-HRN-ALM-MA02 > P10-HRN-RSC-MSF02 > P10-HRN-MLN-M03 > P10-HRN-ALM-MA03 > P10-HRN-RSC-MSF03,contenedor_scoring,227678,25d0f85d-57da-4cae-8ca2-9b682363407e-0003795e,P10 > P10-HRN-LGC-HARINA > P10-HRN-LGC-MOLINOS > P10-HRN-MLN-M01 > P10-HRN-ALM-MA01 > P10-HRN-RSC-MSF01 > P10-HRN-MLN-M02 > P10-HRN-ALM-MA02 > P10-HRN-RSC-MSF02 > P10-HRN-MLN-M03 > P10-HRN-ALM-MA03 > P10-HRN-RSC-MSF03,12,68,NO,200,200,0,ancestro_project_exacto_duplicado,227678:200:P10 > P10-HRN-LGC-HARINA > P10-HRN-LGC-MOLINOS > P10-HRN-MLN-M01 > P10-HRN-ALM-MA01 > P10-HRN-RSC-MSF01 > P10-HRN-MLN-M02 > P10-HRN-ALM-MA02 > P10-HRN-RSC-MSF02 > P10-HRN-MLN-M03 > P10-HRN-ALM-MA03 > P10-HRN-RSC-MSF03 || 281487:200:P10 > P10-HRN-LGC-HARINA > P10-HRN-ENF-EG02 > P10-HRN-RSC-EGSF05 > P10-HRN-RSC-EGSF06 > P10-HRN-RSC-EGSF07 > P10-HRN-VNT-VE35 > P10-HRN-CCL-CVE35 > P10-HRN-VLV-VR28 > P10-HRN-VNT-VE36 > P10-HRN-CCL-CVE36 > P10-HRN-VLV-VR29 > P10-HRN-VNT-VE37 > P10-HRN-CCL-CVE37 > P10-HRN-VLV-VR30 > P10-HRN-VNT-VE38 > P10-HRN-CCL-CVE38 > P10-HRN-VLV-VR31 || 358462:200:P10 > P10-HRN-LGC-HARINA > P10-HRN-LGC-SEC. ROTATIVOS > P10-HRN-SRT-SR01 > P10-HRN-RSC-SF04 > P10-HRN-VLV-VALV || 358495:200:P10 > P10-HRN-LGC-HARINA > P10-HRN-LGC-SEC. ROTATIVOS > P10-HRN-SRT-SR02 > P10-HRN-RSC-SF05 || 367888:200:P10 > P10-HRN-LGC-HARINA > P10-HRN-ENF-EG01 > P10-HRN-RSC-EGSF01 > P10-HRN-RSC-EGSF02 > P10-HRN-RSC-EGSF03 > P10-HRN-RSC-EGSF04 > P10-HRN-VNT-VE27 > P10-HRN-CCL-CVE27 > P10-HRN-VLV-VR20 > P10-HRN-VNT-VE28 > P10-HRN-CCL-CVE28 > P10-HRN-VLV-VR21 > P10-HRN-VNT-VE29 > P10-HRN-CCL-CVE29 > P10-HRN-VLV-VR22 > P10-HRN-VNT-VE30 > P10-HRN-CCL-CVE30 > P10-HRN-VLV-VR23 > P10-HRN-VNT-VE31 > P10-HRN-CCL-CVE31 > P10-HRN-VLV-VR24 > P10-HRN-VNT-VE32 > P10-HRN-CCL-CVE32 > P10-HRN-VLV-VR25 > P10-HRN-VNT-VE33 > P10-HRN-CCL-CVE33 > P10-HRN-VLV-VR26 > P10-HRN-VNT-VE34 > P10-HRN-CCL-CVE34 > P10-HRN-VLV-VR27 > P10-HRN-VNT-VE39 > P10-HRN-ART-ARTVE39 > P10-HRN-VNT-VE40 > P10-HRN-ART-ARTVE40 > P10-HRN-VNT-VE41 > P10-HRN-ART-ARTVE41 > P10-HRN-VNT-VE42 > P10-HRN-ART-ARTVE42 > P10-HRN-VNT-VE43 > P10-HRN-ART-ARTVE43 > P10-HRN-VNT-VE44 > P10-HRN-ART-ARTVE44 > P10-HRN-VNT-VE45 > P10-HRN-ART-ARTVE45 > P10-HRN-VNT-VE46 > P10-HRN-ART-ARTVE46 > P10-HRN-VNT-VE47 > P10-HRN-ART-ARTVE47 > P10-HRN-VNT-VE48 > P10-HRN-ART-ARTVE48 > P10-HRN-VNT-VE49 > P10-HRN-ART-ARTVE49 > P10-HRN-VNT-VE50 > P10-HRN-ART-ARTVE50 > P10-HRN-VNT-VE51 > P10-HRN-ART-ARTVE51 > P10-HRN-VNT-VE52 > P10-HRN-ART-ARTVE52 > P10-HRN-VNT-VE53 > P10-HRN-ART-ARTVE53 > P10-HRN-VNT-VE54 > P10-HRN-ART-ARTVE54 > P10-HRN-VNT-VE55 > P10-HRN-ART-ARTVE55 > P10-HRN-VNT-VE56 > P10-HRN-ART-ARTVE56 > P10-HRN-VNT-VE57 > P10-HRN-ART-ARTVE57 > P10-HRN-VNT-VE58 > P10-HRN-ART-ARTVE58 > P10-HRN-VNT-VE59 > P10-HRN-ART-ARTVE59 > P10-HRN-VNT-VE60 > P10-HRN-ART-ARTVE60 > P10-HRN-VNT-VE61 > P10-HRN-ART-ARTVE61 > P10-HRN-VNT-VE62 > P10-HRN-ART-ARTVE62 > P10-HRN-VNT-VE63 || 377635:200:P10 > P10-HRN-LGC-HARINA > P10-HRN-FLT-FMHRN > P10-HRN-BRL-BRL3 > P10-HRN-RSC-HSF01 > P10-HRN-VLV-VR32 > P10-HRN-VNT-VE64 > P10-HRN-VNT-VE65 || 380547:200:P10 > P10-HRN-LGC-HARINA > P10-HRN-LGC-TAMIZADORES > P10-HRN-BTD-BA01 > P10-HRN-RSC-SFBA01 > P10-HRN-RSC-BAA01 > P10-HRN-BTD-BA02 > P10-HRN-RSC-SFBA02 > P10-HRN-RSC-BAA02 > P10-HRN-BTD-BA03 > P10-HRN-RSC-SFBA03 > P10-HRN-RSC-BAA03 > P10-HRN-BTD-BA04 > P10-HRN-RSC-SFBA04 > P10-HRN-RSC-BAA04 > P10-HRN-BTD-BA05 > P10-HRN-RSC-SFBA05 > P10-HRN-RSC-BAA05 || 380565:200:P10 > P10-HRN-LGC-HARINA > P10-HRN-FLT-FMHRN || ... +2,P10-HRN-LGC-HARINA,Ancestro Project P10-HRN-LGC-HARINA aparece en 10 contenedores.,P10,P10-HRN-LGC-HARINA,P10-HRN-LGC-MOLINOS,P10-HRN-MLN-M01,P10-HRN-ALM-MA01,P10-HRN-RSC-MSF01,P10-HRN-MLN-M02,P10-HRN-ALM-MA02,P10-HRN-RSC-MSF02,P10-HRN-MLN-M03,P10-HRN-ALM-MA03,P10-HRN-RSC-MSF03,,,,,,,,,,,,,,,,,,,,,,,,,,,,,,,,,,,,,,,,,,,,,,,,,,,,,,,,,,,,,,,,,,,,,hay más de un contenedor candidato
contenedor_duplicado,contenedor_por_ancestro_project,P10-HRN-VLV-VSSR02,VALVULA SEGURIDAD DE SECADOR ROTATIVO SR02,318,4,318,P10-HRN-LGC-SEC. ROTATIVOS,P10-HRN-LGC-SEC,P10-HRN-LGC-HARINA > P10-HRN-LGC-SEC,P10 > P10-HRN-LGC-HARINA > P10-HRN-LGC-SEC. ROTATIVOS,P10 > P10-HRN-LGC-HARINA > P10-HRN-LGC-SEC. ROTATIVOS > P10-HRN-VLV-VSSR02,227678,25d0f85d-57da-4cae-8ca2-9b682363407e-0003795e,Cubiertas,,Genérico - 400 mm,Genérico - 400 mm,P10-HRN-LGC-MOLINOS,P10 > P10-HRN-LGC-HARINA > P10-HRN-LGC-MOLINOS > P10-HRN-MLN-M01 > P10-HRN-ALM-MA01 > P10-HRN-RSC-MSF01 > P10-HRN-MLN-M02 > P10-HRN-ALM-MA02 > P10-HRN-RSC-MSF02 > P10-HRN-MLN-M03 > P10-HRN-ALM-MA03 > P10-HRN-RSC-MSF03,contenedor_scoring,227678,25d0f85d-57da-4cae-8ca2-9b682363407e-0003795e,P10 > P10-HRN-LGC-HARINA > P10-HRN-LGC-MOLINOS > P10-HRN-MLN-M01 > P10-HRN-ALM-MA01 > P10-HRN-RSC-MSF01 > P10-HRN-MLN-M02 > P10-HRN-ALM-MA02 > P10-HRN-RSC-MSF02 > P10-HRN-MLN-M03 > P10-HRN-ALM-MA03 > P10-HRN-RSC-MSF03,12,68,NO,200,200,0,ancestro_project_exacto_duplicado,227678:200:P10 > P10-HRN-LGC-HARINA > P10-HRN-LGC-MOLINOS > P10-HRN-MLN-M01 > P10-HRN-ALM-MA01 > P10-HRN-RSC-MSF01 > P10-HRN-MLN-M02 > P10-HRN-ALM-MA02 > P10-HRN-RSC-MSF02 > P10-HRN-MLN-M03 > P10-HRN-ALM-MA03 > P10-HRN-RSC-MSF03 || 281487:200:P10 > P10-HRN-LGC-HARINA > P10-HRN-ENF-EG02 > P10-HRN-RSC-EGSF05 > P10-HRN-RSC-EGSF06 > P10-HRN-RSC-EGSF07 > P10-HRN-VNT-VE35 > P10-HRN-CCL-CVE35 > P10-HRN-VLV-VR28 > P10-HRN-VNT-VE36 > P10-HRN-CCL-CVE36 > P10-HRN-VLV-VR29 > P10-HRN-VNT-VE37 > P10-HRN-CCL-CVE37 > P10-HRN-VLV-VR30 > P10-HRN-VNT-VE38 > P10-HRN-CCL-CVE38 > P10-HRN-VLV-VR31 || 358462:200:P10 > P10-HRN-LGC-HARINA > P10-HRN-LGC-SEC. ROTATIVOS > P10-HRN-SRT-SR01 > P10-HRN-RSC-SF04 > P10-HRN-VLV-VALV || 358495:200:P10 > P10-HRN-LGC-HARINA > P10-HRN-LGC-SEC. ROTATIVOS > P10-HRN-SRT-SR02 > P10-HRN-RSC-SF05 || 367888:200:P10 > P10-HRN-LGC-HARINA > P10-HRN-ENF-EG01 > P10-HRN-RSC-EGSF01 > P10-HRN-RSC-EGSF02 > P10-HRN-RSC-EGSF03 > P10-HRN-RSC-EGSF04 > P10-HRN-VNT-VE27 > P10-HRN-CCL-CVE27 > P10-HRN-VLV-VR20 > P10-HRN-VNT-VE28 > P10-HRN-CCL-CVE28 > P10-HRN-VLV-VR21 > P10-HRN-VNT-VE29 > P10-HRN-CCL-CVE29 > P10-HRN-VLV-VR22 > P10-HRN-VNT-VE30 > P10-HRN-CCL-CVE30 > P10-HRN-VLV-VR23 > P10-HRN-VNT-VE31 > P10-HRN-CCL-CVE31 > P10-HRN-VLV-VR24 > P10-HRN-VNT-VE32 > P10-HRN-CCL-CVE32 > P10-HRN-VLV-VR25 > P10-HRN-VNT-VE33 > P10-HRN-CCL-CVE33 > P10-HRN-VLV-VR26 > P10-HRN-VNT-VE34 > P10-HRN-CCL-CVE34 > P10-HRN-VLV-VR27 > P10-HRN-VNT-VE39 > P10-HRN-ART-ARTVE39 > P10-HRN-VNT-VE40 > P10-HRN-ART-ARTVE40 > P10-HRN-VNT-VE41 > P10-HRN-ART-ARTVE41 > P10-HRN-VNT-VE42 > P10-HRN-ART-ARTVE42 > P10-HRN-VNT-VE43 > P10-HRN-ART-ARTVE43 > P10-HRN-VNT-VE44 > P10-HRN-ART-ARTVE44 > P10-HRN-VNT-VE45 > P10-HRN-ART-ARTVE45 > P10-HRN-VNT-VE46 > P10-HRN-ART-ARTVE46 > P10-HRN-VNT-VE47 > P10-HRN-ART-ARTVE47 > P10-HRN-VNT-VE48 > P10-HRN-ART-ARTVE48 > P10-HRN-VNT-VE49 > P10-HRN-ART-ARTVE49 > P10-HRN-VNT-VE50 > P10-HRN-ART-ARTVE50 > P10-HRN-VNT-VE51 > P10-HRN-ART-ARTVE51 > P10-HRN-VNT-VE52 > P10-HRN-ART-ARTVE52 > P10-HRN-VNT-VE53 > P10-HRN-ART-ARTVE53 > P10-HRN-VNT-VE54 > P10-HRN-ART-ARTVE54 > P10-HRN-VNT-VE55 > P10-HRN-ART-ARTVE55 > P10-HRN-VNT-VE56 > P10-HRN-ART-ARTVE56 > P10-HRN-VNT-VE57 > P10-HRN-ART-ARTVE57 > P10-HRN-VNT-VE58 > P10-HRN-ART-ARTVE58 > P10-HRN-VNT-VE59 > P10-HRN-ART-ARTVE59 > P10-HRN-VNT-VE60 > P10-HRN-ART-ARTVE60 > P10-HRN-VNT-VE61 > P10-HRN-ART-ARTVE61 > P10-HRN-VNT-VE62 > P10-HRN-ART-ARTVE62 > P10-HRN-VNT-VE63 || 377635:200:P10 > P10-HRN-LGC-HARINA > P10-HRN-FLT-FMHRN > P10-HRN-BRL-BRL3 > P10-HRN-RSC-HSF01 > P10-HRN-VLV-VR32 > P10-HRN-VNT-VE64 > P10-HRN-VNT-VE65 || 380547:200:P10 > P10-HRN-LGC-HARINA > P10-HRN-LGC-TAMIZADORES > P10-HRN-BTD-BA01 > P10-HRN-RSC-SFBA01 > P10-HRN-RSC-BAA01 > P10-HRN-BTD-BA02 > P10-HRN-RSC-SFBA02 > P10-HRN-RSC-BAA02 > P10-HRN-BTD-BA03 > P10-HRN-RSC-SFBA03 > P10-HRN-RSC-BAA03 > P10-HRN-BTD-BA04 > P10-HRN-RSC-SFBA04 > P10-HRN-RSC-BAA04 > P10-HRN-BTD-BA05 > P10-HRN-RSC-SFBA05 > P10-HRN-RSC-BAA05 || 380565:200:P10 > P10-HRN-LGC-HARINA > P10-HRN-FLT-FMHRN || ... +2,P10-HRN-LGC-HARINA,Ancestro Project P10-HRN-LGC-HARINA aparece en 10 contenedores.,P10,P10-HRN-LGC-HARINA,P10-HRN-LGC-MOLINOS,P10-HRN-MLN-M01,P10-HRN-ALM-MA01,P10-HRN-RSC-MSF01,P10-HRN-MLN-M02,P10-HRN-ALM-MA02,P10-HRN-RSC-MSF02,P10-HRN-MLN-M03,P10-HRN-ALM-MA03,P10-HRN-RSC-MSF03,,,,,,,,,,,,,,,,,,,,,,,,,,,,,,,,,,,,,,,,,,,,,,,,,,,,,,,,,,,,,,,,,,,,,hay más de un contenedor candidato
duplicado,elemento_puntual,P10-HRN-FLT-FMHRN,FILTRO DE MANGAS HARINA,430,3,430,P10-HRN-LGC-HARINA,P10-HRN-LGC-HARINA,P10-HRN-LGC-HARINA,P10 > P10-HRN-LGC-HARINA,P10 > P10-HRN-LGC-HARINA > P10-HRN-FLT-FMHRN,377635,c5ee6896-39ff-4562-be63-4682b50c65ca-0005c323,Modelos genéricos,puert11,puert,puert,,P10 > P10-HRN-LGC-HARINA > P10-HRN-FLT-FMHRN > P10-HRN-BRL-BRL3 > P10-HRN-RSC-HSF01 > P10-HRN-VLV-VR32 > P10-HRN-VNT-VE64 > P10-HRN-VNT-VE65,btz_description_03,,,,,,,,,,,,,2 elementos Revit contienen el código exacto.,P10,P10-HRN-LGC-HARINA,P10-HRN-FLT-FMHRN,P10-HRN-BRL-BRL3,P10-HRN-RSC-HSF01,P10-HRN-VLV-VR32,P10-HRN-VNT-VE64,P10-HRN-VNT-VE65,,,,,,,,,,,,,,,,,,,,,,,,,,,,,,,,,,,,,,,,,,,,,,,,,,,,,,,,,,,,,,,,,,,,,,,,,hay más de un elemento puntual posible
duplicado,elemento_puntual,P10-HRN-FLT-FMHRN,FILTRO DE MANGAS HARINA,430,3,430,P10-HRN-LGC-HARINA,P10-HRN-LGC-HARINA,P10-HRN-LGC-HARINA,P10 > P10-HRN-LGC-HARINA,P10 > P10-HRN-LGC-HARINA > P10-HRN-FLT-FMHRN,380565,ddbef6d8-5146-4ece-9a6f-82caaca14519-0005ce95,Cubiertas,,Genérico - 400 mm,Genérico - 400 mm,,P10 > P10-HRN-LGC-HARINA > P10-HRN-FLT-FMHRN,btz_description_03,,,,,,,,,,,,,2 elementos Revit contienen el código exacto.,P10,P10-HRN-LGC-HARINA,P10-HRN-FLT-FMHRN,,,,,,,,,,,,,,,,,,,,,,,,,,,,,,,,,,,,,,,,,,,,,,,,,,,,,,,,,,,,,,,,,,,,,,,,,,,,,,hay más de un elemento puntual posible
duplicado,elemento_puntual,P10-PRP-LGC-PREPARACION,SECTOR PREPARACION P10,436,2,436,P10,,,P10,P10 > P10-PRP-LGC-PREPARACION,281069,a027b4da-4e9c-44ad-b607-5fb48d4c7061-000449ed,Cubiertas,,Genérico - 400 mm,Genérico - 400 mm,P10-PRP-LGC-QUEBRADORES,P10 > P10-PRP-LGC-PREPARACION > P10-PRP-LGC-QUEBRADORES > P10-PRP-QBR-Q01 > P10-PRP-ALM-AQ01 > P10-PRP-QBR-Q02 > P10-PRP-ALM-AQ02 > P10-PRP-QBR-Q03 > P10-PRP-ALM-AQ03 > P10-PRP-QBR-Q04 > P10-PRP-ALM-AQ04 > P10-PRP-QBR-Q05 > P10-PRP-ALM-AQ05 > P10-PRP-QBR-Q06 > P10-PRP-ALM-AQ06 > P10-PRP-QBR-Q07 > P10-PRP-ALM-AQ07 > P10-PRP-QBR-Q08 > P10-PRP-ALM-AQ08 > P10-PRP-QBR-Q09 > P10-PRP-ALM-AQ09 > P10-PRP-QBR-Q10 > P10-PRP-ALM-AQ10 > P10-PRP-RSC-SF14 > P10-PRP-VLV-VR18 > P10-PRP-RSC-SF02 > P10-PRP-VNT-VE08 > P10-PRP-CCL-CVE08 > P10-PRP-VLV-VR08,btz_description_02,,,,,,,,,,,,,7 elementos Revit contienen el código exacto.,P10,P10-PRP-LGC-PREPARACION,P10-PRP-LGC-QUEBRADORES,P10-PRP-QBR-Q01,P10-PRP-ALM-AQ01,P10-PRP-QBR-Q02,P10-PRP-ALM-AQ02,P10-PRP-QBR-Q03,P10-PRP-ALM-AQ03,P10-PRP-QBR-Q04,P10-PRP-ALM-AQ04,P10-PRP-QBR-Q05,P10-PRP-ALM-AQ05,P10-PRP-QBR-Q06,P10-PRP-ALM-AQ06,P10-PRP-QBR-Q07,P10-PRP-ALM-AQ07,P10-PRP-QBR-Q08,P10-PRP-ALM-AQ08,P10-PRP-QBR-Q09,P10-PRP-ALM-AQ09,P10-PRP-QBR-Q10,P10-PRP-ALM-AQ10,P10-PRP-RSC-SF14,P10-PRP-VLV-VR18,P10-PRP-RSC-SF02,P10-PRP-VNT-VE08,P10-PRP-CCL-CVE08,P10-PRP-VLV-VR08,,,,,,,,,,,,,,,,,,,,,,,,,,,,,,,,,,,,,,,,,,,,,,,,,,,,hay más de un elemento puntual posible
duplicado,elemento_puntual,P10-PRP-LGC-PREPARACION,SECTOR PREPARACION P10,436,2,436,P10,,,P10,P10 > P10-PRP-LGC-PREPARACION,281220,a027b4da-4e9c-44ad-b607-5fb48d4c7061-00044a84,Cubiertas,,Genérico - 400 mm,Genérico - 400 mm,P10-PRP-LGC-EXPANDIDO,P10 > P10-PRP-LGC-PREPARACION > P10-PRP-LGC-EXPANDIDO > P10-PRP-ENF-EE01 > P10-PRP-VLV-VREE1 > P10-PRP-VNT-VE21 > P10-PRP-VNT-VE22 > P10-PRP-VNT-VE23 > P10-PRP-VNT-VE24 > P10-PRP-VNT-VE25 > P10-PRP-VNT-VE26 > P10-PRP-VNT-VTEE01 > P10-PRP-ENF-EE02 > P10-PRP-VLV-VREE2 > P10-PRP-VNT-VE15 > P10-PRP-VNT-VE16 > P10-PRP-VNT-VE17 > P10-PRP-VNT-VE18 > P10-PRP-VNT-VE19 > P10-PRP-VNT-VE20 > P10-PRP-VNT-VTEE02 > P10-PRP-EXP-E01 > P10-PRP-ALM-AE01 > P10-PRP-BMB-EBLI01 > P10-PRP-BMB-EBLE01 > P10-PRP-VNT-VRA01 > P10-PRP-EXP-E02 > P10-PRP-ALM-AE02 > P10-PRP-BMB-EBLI02 > P10-PRP-BMB-EBLE02 > P10-PRP-VNT-VRA02 > P10-PRP-EXP-E03 > P10-PRP-ALM-AE03 > P10-PRP-BMB-EBLI03 > P10-PRP-BMB-EBLE03 > P10-PRP-VNT-VRA03 > P10-PRP-EXP-E04 > P10-PRP-ALM-AE04 > P10-PRP-BMB-EBLI04 > P10-PRP-BMB-EBLE04 > P10-PRP-VNT-VRA04 > P10-PRP-EXP-E05 > P10-PRP-ALM-AE05 > P10-PRP-BMB-EBLI05 > P10-PRP-BMB-EBLE05 > P10-PRP-VNT-VRA05 > P10-PRP-EXP-E06 > P10-PRP-ALM-AE06 > P10-PRP-BMB-EBLI06 > P10-PRP-BMB-EBLE06 > P10-PRP-VNT-VRA06 > P10-PRP-RSC-SF10,btz_description_02,,,,,,,,,,,,,7 elementos Revit contienen el código exacto.,P10,P10-PRP-LGC-PREPARACION,P10-PRP-LGC-EXPANDIDO,P10-PRP-ENF-EE01,P10-PRP-VLV-VREE1,P10-PRP-VNT-VE21,P10-PRP-VNT-VE22,P10-PRP-VNT-VE23,P10-PRP-VNT-VE24,P10-PRP-VNT-VE25,P10-PRP-VNT-VE26,P10-PRP-VNT-VTEE01,P10-PRP-ENF-EE02,P10-PRP-VLV-VREE2,P10-PRP-VNT-VE15,P10-PRP-VNT-VE16,P10-PRP-VNT-VE17,P10-PRP-VNT-VE18,P10-PRP-VNT-VE19,P10-PRP-VNT-VE20,P10-PRP-VNT-VTEE02,P10-PRP-EXP-E01,P10-PRP-ALM-AE01,P10-PRP-BMB-EBLI01,P10-PRP-BMB-EBLE01,P10-PRP-VNT-VRA01,P10-PRP-EXP-E02,P10-PRP-ALM-AE02,P10-PRP-BMB-EBLI02,P10-PRP-BMB-EBLE02,P10-PRP-VNT-VRA02,P10-PRP-EXP-E03,P10-PRP-ALM-AE03,P10-PRP-BMB-EBLI03,P10-PRP-BMB-EBLE03,P10-PRP-VNT-VRA03,P10-PRP-EXP-E04,P10-PRP-ALM-AE04,P10-PRP-BMB-EBLI04,P10-PRP-BMB-EBLE04,P10-PRP-VNT-VRA04,P10-PRP-EXP-E05,P10-PRP-ALM-AE05,P10-PRP-BMB-EBLI05,P10-PRP-BMB-EBLE05,P10-PRP-VNT-VRA05,P10-PRP-EXP-E06,P10-PRP-ALM-AE06,P10-PRP-BMB-EBLI06,P10-PRP-BMB-EBLE06,P10-PRP-VNT-VRA06,P10-PRP-RSC-SF10,,,,,,,,,,,,,,,,,,,,,,,,,,,,,hay más de un elemento puntual posible
duplicado,elemento_puntual,P10-PRP-LGC-PREPARACION,SECTOR PREPARACION P10,436,2,436,P10,,,P10,P10 > P10-PRP-LGC-PREPARACION,281343,a027b4da-4e9c-44ad-b607-5fb48d4c7061-00044aff,Cubiertas,,Genérico - 400 mm,Genérico - 400 mm,P10-PRP-LGC-LAMINADORES,P10 > P10-PRP-LGC-PREPARACION > P10-PRP-LGC-LAMINADORES > P10-PRP-CHD-LCH01 > P10-PRP-CHD-LCH02 > P10-PRP-CHD-LCH03 > P10-PRP-CHD-LCH04 > P10-PRP-LMN-LF01 > P10-PRP-ALM-ALF01 > P10-PRP-CHD-LFBH01 > P10-PRP-LMN-L01 > P10-PRP-ALM-AL01 > P10-PRP-LMN-L02 > P10-PRP-ALM-AL02 > P10-PRP-LMN-L03 > P10-PRP-ALM-AL03 > P10-PRP-LMN-L04 > P10-PRP-ALM-AL04 > P10-PRP-LMN-L05 > P10-PRP-ALM-AL05 > P10-PRP-LMN-L06 > P10-PRP-ALM-AL06 > P10-PRP-LMN-L07 > P10-PRP-ALM-AL07 > P10-PRP-LMN-L08 > P10-PRP-ALM-AL08 > P10-PRP-LMN-L09 > P10-PRP-ALM-AL09 > P10-PRP-LMN-L10 > P10-PRP-ALM-AL10 > P10-PRP-LMN-L11 > P10-PRP-ALM-AL11 > P10-PRP-LMN-L12 > P10-PRP-ALM-AL12 > P10-PRP-LMN-L13 > P10-PRP-ALM-AL13 > P10-PRP-LMN-L14 > P10-PRP-ALM-AL14 > P10-PRP-LMN-L15 > P10-PRP-ALM-AL15 > P10-PRP-LMN-L16 > P10-PRP-ALM-AL16 > P10-PRP-LMN-L17 > P10-PRP-ALM-AL17 > P10-PRP-LMN-L18 > P10-PRP-ALM-AL18 > P10-PRP-LMN-L19 > P10-PRP-ALM-AL19 > P10-PRP-LMN-L20 > P10-PRP-ALM-AL20 > P10-PRP-LMN-L21 > P10-PRP-ALM-AL21 > P10-PRP-LMN-L22 > P10-PRP-ALM-AL22 > P10-PRP-RCT-REC01 > P10-PRP-RCT-REC02 > P10-PRP-VNT-VE10 > P10-PRP-CCL-CVE10 > P10-PRP-RSC-SF12 > P10-PRP-VLV-VR10 > P10-PRP-VNT-VE11 > P10-PRP-CCL-CVE11 > P10-PRP-RSC-SF13 > P10-PRP-VLV-VR11,btz_description_02,,,,,,,,,,,,,7 elementos Revit contienen el código exacto.,P10,P10-PRP-LGC-PREPARACION,P10-PRP-LGC-LAMINADORES,P10-PRP-CHD-LCH01,P10-PRP-CHD-LCH02,P10-PRP-CHD-LCH03,P10-PRP-CHD-LCH04,P10-PRP-LMN-LF01,P10-PRP-ALM-ALF01,P10-PRP-CHD-LFBH01,P10-PRP-LMN-L01,P10-PRP-ALM-AL01,P10-PRP-LMN-L02,P10-PRP-ALM-AL02,P10-PRP-LMN-L03,P10-PRP-ALM-AL03,P10-PRP-LMN-L04,P10-PRP-ALM-AL04,P10-PRP-LMN-L05,P10-PRP-ALM-AL05,P10-PRP-LMN-L06,P10-PRP-ALM-AL06,P10-PRP-LMN-L07,P10-PRP-ALM-AL07,P10-PRP-LMN-L08,P10-PRP-ALM-AL08,P10-PRP-LMN-L09,P10-PRP-ALM-AL09,P10-PRP-LMN-L10,P10-PRP-ALM-AL10,P10-PRP-LMN-L11,P10-PRP-ALM-AL11,P10-PRP-LMN-L12,P10-PRP-ALM-AL12,P10-PRP-LMN-L13,P10-PRP-ALM-AL13,P10-PRP-LMN-L14,P10-PRP-ALM-AL14,P10-PRP-LMN-L15,P10-PRP-ALM-AL15,P10-PRP-LMN-L16,P10-PRP-ALM-AL16,P10-PRP-LMN-L17,P10-PRP-ALM-AL17,P10-PRP-LMN-L18,P10-PRP-ALM-AL18,P10-PRP-LMN-L19,P10-PRP-ALM-AL19,P10-PRP-LMN-L20,P10-PRP-ALM-AL20,P10-PRP-LMN-L21,P10-PRP-ALM-AL21,P10-PRP-LMN-L22,P10-PRP-ALM-AL22,P10-PRP-RCT-REC01,P10-PRP-RCT-REC02,P10-PRP-VNT-VE10,P10-PRP-CCL-CVE10,P10-PRP-RSC-SF12,P10-PRP-VLV-VR10,P10-PRP-VNT-VE11,P10-PRP-CCL-CVE11,P10-PRP-RSC-SF13,P10-PRP-VLV-VR11,,,,,,,,,,,,,,,,,hay más de un elemento puntual posible
duplicado,elemento_puntual,P10-PRP-LGC-PREPARACION,SECTOR PREPARACION P10,436,2,436,P10,,,P10,P10 > P10-PRP-LGC-PREPARACION,281815,a027b4da-4e9c-44ad-b607-5fb48d4c7061-00044cd7,Cubiertas,,Genérico - 400 mm,Genérico - 400 mm,,P10 > P10-PRP-LGC-PREPARACION > P10-PRP-LGC-REDLER,btz_description_02,,,,,,,,,,,,,7 elementos Revit contienen el código exacto.,P10,P10-PRP-LGC-PREPARACION,P10-PRP-LGC-REDLER,,,,,,,,,,,,,,,,,,,,,,,,,,,,,,,,,,,,,,,,,,,,,,,,,,,,,,,,,,,,,,,,,,,,,,,,,,,,,,hay más de un elemento puntual posible
duplicado,elemento_puntual,P10-PRP-LGC-PREPARACION,SECTOR PREPARACION P10,436,2,436,P10,,,P10,P10 > P10-PRP-LGC-PREPARACION,369188,460ebebf-e4ee-449a-900c-ab33de4c697f-0005a224,Cubiertas,,Genérico - 400 mm,Genérico - 400 mm,P10-PRP-LGC-BEAN,P10 > P10-PRP-LGC-PREPARACION > P10-PRP-LGC-BEAN > P10-PRP-BHT-BH01 > P10-PRP-ART-BHART01 > P10-PRP-BSC-BHD01 > P10-PRP-VLV-BHA01 > P10-PRP-VLV-VSBH01 > P10-PRP-VLV-VGBH01N > P10-PRP-VLV-VGBH01S > P10-PRP-VNT-VE05 > P10-PRP-CCL-CVE05 > P10-PRP-VLV-VR05 > P10-PRP-BHT-BH02 > P10-PRP-ART-BHART02 > P10-PRP-BSC-BHD02 > P10-PRP-VLV-BHA02 > P10-PRP-VLV-VSBH02 > P10-PRP-VLV-VGBH02N > P10-PRP-VLV-VGBH02S > P10-PRP-VNT-VE06 > P10-PRP-CCL-CVE06 > P10-PRP-VLV-VR06 > P10-PRP-BHT-BH03 > P10-PRP-ART-BHART03 > P10-PRP-BSC-BHD03 > P10-PRP-VLV-BHA03 > P10-PRP-VLV-VSBH03 > P10-PRP-VLV-VGBH03N > P10-PRP-VLV-VGBH03S > P10-PRP-VNT-VE07 > P10-PRP-CCL-CVE07 > P10-PRP-VLV-VR07 > P10-PRP-BMB-BBH01 > P10-PRP-BMB-BBH02 > P10-PRP-SPR-SEPGOT,btz_description_02,,,,,,,,,,,,,7 elementos Revit contienen el código exacto.,P10,P10-PRP-LGC-PREPARACION,P10-PRP-LGC-BEAN,P10-PRP-BHT-BH01,P10-PRP-ART-BHART01,P10-PRP-BSC-BHD01,P10-PRP-VLV-BHA01,P10-PRP-VLV-VSBH01,P10-PRP-VLV-VGBH01N,P10-PRP-VLV-VGBH01S,P10-PRP-VNT-VE05,P10-PRP-CCL-CVE05,P10-PRP-VLV-VR05,P10-PRP-BHT-BH02,P10-PRP-ART-BHART02,P10-PRP-BSC-BHD02,P10-PRP-VLV-BHA02,P10-PRP-VLV-VSBH02,P10-PRP-VLV-VGBH02N,P10-PRP-VLV-VGBH02S,P10-PRP-VNT-VE06,P10-PRP-CCL-CVE06,P10-PRP-VLV-VR06,P10-PRP-BHT-BH03,P10-PRP-ART-BHART03,P10-PRP-BSC-BHD03,P10-PRP-VLV-BHA03,P10-PRP-VLV-VSBH03,P10-PRP-VLV-VGBH03N,P10-PRP-VLV-VGBH03S,P10-PRP-VNT-VE07,P10-PRP-CCL-CVE07,P10-PRP-VLV-VR07,P10-PRP-BMB-BBH01,P10-PRP-BMB-BBH02,P10-PRP-SPR-SEPGOT,,,,,,,,,,,,,,,,,,,,,,,,,,,,,,,,,,,,,,,,,,,,,hay más de un elemento puntual posible
duplicado,elemento_puntual,P10-PRP-LGC-PREPARACION,SECTOR PREPARACION P10,436,2,436,P10,,,P10,P10 > P10-PRP-LGC-PREPARACION,376995,8accc226-fd17-4cff-b8d4-a22c3cd8ef0a-0005c0a3,Cubiertas,,Genérico - 400 mm,Genérico - 400 mm,,P10 > P10-PRP-LGC-PREPARACION > P10-PRP-LGC-REDLER,btz_description_02,,,,,,,,,,,,,7 elementos Revit contienen el código exacto.,P10,P10-PRP-LGC-PREPARACION,P10-PRP-LGC-REDLER,,,,,,,,,,,,,,,,,,,,,,,,,,,,,,,,,,,,,,,,,,,,,,,,,,,,,,,,,,,,,,,,,,,,,,,,,,,,,,hay más de un elemento puntual posible
duplicado,elemento_puntual,P10-PRP-LGC-PREPARACION,SECTOR PREPARACION P10,436,2,436,P10,,,P10,P10 > P10-PRP-LGC-PREPARACION,377104,8accc226-fd17-4cff-b8d4-a22c3cd8ef0a-0005c110,Cubiertas,,Genérico - 400 mm,Genérico - 400 mm,,P10 > P10-PRP-LGC-PREPARACION > P10-PRP-LGC-REDLER > P10-PRP-RDL-R20A > P10-PRP-RDL-R20B > P10-PRP-RDL-R17 > P10-PRP-RDL-R05 > P10-PRP-RDL-R18 > P10-PRP-RDL-R07 > P10-PRP-RDL-R09 > P10-PRP-RDL-R10 > P10-PRP-RDL-R11 > P10-PRP-RDL-R12 > P10-PRP-RDL-R13 > P10-PRP-RDL-R14 > P10-PRP-RDL-R15 > P10-PRP-RDL-R16 > P10-PRP-RDL-R19 > P10-PRP-RDL-R20 > P10-PRP-RDL-R22 > P10-PRP-RDL-RD05 > P10-PRP-RDL-RZ04 > P10-PRP-RDL-RZ08,btz_description_02,,,,,,,,,,,,,7 elementos Revit contienen el código exacto.,P10,P10-PRP-LGC-PREPARACION,P10-PRP-LGC-REDLER,P10-PRP-RDL-R20A,P10-PRP-RDL-R20B,P10-PRP-RDL-R17,P10-PRP-RDL-R05,P10-PRP-RDL-R18,P10-PRP-RDL-R07,P10-PRP-RDL-R09,P10-PRP-RDL-R10,P10-PRP-RDL-R11,P10-PRP-RDL-R12,P10-PRP-RDL-R13,P10-PRP-RDL-R14,P10-PRP-RDL-R15,P10-PRP-RDL-R16,P10-PRP-RDL-R19,P10-PRP-RDL-R20,P10-PRP-RDL-R22,P10-PRP-RDL-RD05,P10-PRP-RDL-RZ04,P10-PRP-RDL-RZ08,,,,,,,,,,,,,,,,,,,,,,,,,,,,,,,,,,,,,,,,,,,,,,,,,,,,,,,,,,hay más de un elemento puntual posible
duplicado,elemento_puntual,P10-PRP-LGC-REDLER,CONJUNTO DE  REDLER PREPARACION P10,437,3,437,P10-PRP-LGC-PREPARACION,P10-PRP-LGC-PREPARACION,P10-PRP-LGC-PREPARACION,P10 > P10-PRP-LGC-PREPARACION,P10 > P10-PRP-LGC-PREPARACION > P10-PRP-LGC-REDLER,281815,a027b4da-4e9c-44ad-b607-5fb48d4c7061-00044cd7,Cubiertas,,Genérico - 400 mm,Genérico - 400 mm,,P10 > P10-PRP-LGC-PREPARACION > P10-PRP-LGC-REDLER,btz_description_03,,,,,,,,,,,,,3 elementos Revit contienen el código exacto.,P10,P10-PRP-LGC-PREPARACION,P10-PRP-LGC-REDLER,,,,,,,,,,,,,,,,,,,,,,,,,,,,,,,,,,,,,,,,,,,,,,,,,,,,,,,,,,,,,,,,,,,,,,,,,,,,,,hay más de un elemento puntual posible
duplicado,elemento_puntual,P10-PRP-LGC-REDLER,CONJUNTO DE  REDLER PREPARACION P10,437,3,437,P10-PRP-LGC-PREPARACION,P10-PRP-LGC-PREPARACION,P10-PRP-LGC-PREPARACION,P10 > P10-PRP-LGC-PREPARACION,P10 > P10-PRP-LGC-PREPARACION > P10-PRP-LGC-REDLER,376995,8accc226-fd17-4cff-b8d4-a22c3cd8ef0a-0005c0a3,Cubiertas,,Genérico - 400 mm,Genérico - 400 mm,,P10 > P10-PRP-LGC-PREPARACION > P10-PRP-LGC-REDLER,btz_description_03,,,,,,,,,,,,,3 elementos Revit contienen el código exacto.,P10,P10-PRP-LGC-PREPARACION,P10-PRP-LGC-REDLER,,,,,,,,,,,,,,,,,,,,,,,,,,,,,,,,,,,,,,,,,,,,,,,,,,,,,,,,,,,,,,,,,,,,,,,,,,,,,,hay más de un elemento puntual posible
duplicado,elemento_puntual,P10-PRP-LGC-REDLER,CONJUNTO DE  REDLER PREPARACION P10,437,3,437,P10-PRP-LGC-PREPARACION,P10-PRP-LGC-PREPARACION,P10-PRP-LGC-PREPARACION,P10 > P10-PRP-LGC-PREPARACION,P10 > P10-PRP-LGC-PREPARACION > P10-PRP-LGC-REDLER,377104,8accc226-fd17-4cff-b8d4-a22c3cd8ef0a-0005c110,Cubiertas,,Genérico - 400 mm,Genérico - 400 mm,,P10 > P10-PRP-LGC-PREPARACION > P10-PRP-LGC-REDLER > P10-PRP-RDL-R20A > P10-PRP-RDL-R20B > P10-PRP-RDL-R17 > P10-PRP-RDL-R05 > P10-PRP-RDL-R18 > P10-PRP-RDL-R07 > P10-PRP-RDL-R09 > P10-PRP-RDL-R10 > P10-PRP-RDL-R11 > P10-PRP-RDL-R12 > P10-PRP-RDL-R13 > P10-PRP-RDL-R14 > P10-PRP-RDL-R15 > P10-PRP-RDL-R16 > P10-PRP-RDL-R19 > P10-PRP-RDL-R20 > P10-PRP-RDL-R22 > P10-PRP-RDL-RD05 > P10-PRP-RDL-RZ04 > P10-PRP-RDL-RZ08,btz_description_03,,,,,,,,,,,,,3 elementos Revit contienen el código exacto.,P10,P10-PRP-LGC-PREPARACION,P10-PRP-LGC-REDLER,P10-PRP-RDL-R20A,P10-PRP-RDL-R20B,P10-PRP-RDL-R17,P10-PRP-RDL-R05,P10-PRP-RDL-R18,P10-PRP-RDL-R07,P10-PRP-RDL-R09,P10-PRP-RDL-R10,P10-PRP-RDL-R11,P10-PRP-RDL-R12,P10-PRP-RDL-R13,P10-PRP-RDL-R14,P10-PRP-RDL-R15,P10-PRP-RDL-R16,P10-PRP-RDL-R19,P10-PRP-RDL-R20,P10-PRP-RDL-R22,P10-PRP-RDL-RD05,P10-PRP-RDL-RZ04,P10-PRP-RDL-RZ08,,,,,,,,,,,,,,,,,,,,,,,,,,,,,,,,,,,,,,,,,,,,,,,,,,,,,,,,,,hay más de un elemento puntual posible
contenedor_duplicado,contenedor_por_ancestro_project,P10-PRP-RSC-SF03,SIN FIN DESCARGA RZ08 A REDLER SOBRE R10 CCC L1,631,3,631,P10-PRP-LGC-PREPARACION,P10-PRP-LGC-PREPARACION,P10-PRP-LGC-PREPARACION,P10 > P10-PRP-LGC-PREPARACION,P10 > P10-PRP-LGC-PREPARACION > P10-PRP-RSC-SF03,281069,a027b4da-4e9c-44ad-b607-5fb48d4c7061-000449ed,Cubiertas,,Genérico - 400 mm,Genérico - 400 mm,P10-PRP-LGC-QUEBRADORES,P10 > P10-PRP-LGC-PREPARACION > P10-PRP-LGC-QUEBRADORES > P10-PRP-QBR-Q01 > P10-PRP-ALM-AQ01 > P10-PRP-QBR-Q02 > P10-PRP-ALM-AQ02 > P10-PRP-QBR-Q03 > P10-PRP-ALM-AQ03 > P10-PRP-QBR-Q04 > P10-PRP-ALM-AQ04 > P10-PRP-QBR-Q05 > P10-PRP-ALM-AQ05 > P10-PRP-QBR-Q06 > P10-PRP-ALM-AQ06 > P10-PRP-QBR-Q07 > P10-PRP-ALM-AQ07 > P10-PRP-QBR-Q08 > P10-PRP-ALM-AQ08 > P10-PRP-QBR-Q09 > P10-PRP-ALM-AQ09 > P10-PRP-QBR-Q10 > P10-PRP-ALM-AQ10 > P10-PRP-RSC-SF14 > P10-PRP-VLV-VR18 > P10-PRP-RSC-SF02 > P10-PRP-VNT-VE08 > P10-PRP-CCL-CVE08 > P10-PRP-VLV-VR08,contenedor_scoring,281069,a027b4da-4e9c-44ad-b607-5fb48d4c7061-000449ed,P10 > P10-PRP-LGC-PREPARACION > P10-PRP-LGC-QUEBRADORES > P10-PRP-QBR-Q01 > P10-PRP-ALM-AQ01 > P10-PRP-QBR-Q02 > P10-PRP-ALM-AQ02 > P10-PRP-QBR-Q03 > P10-PRP-ALM-AQ03 > P10-PRP-QBR-Q04 > P10-PRP-ALM-AQ04 > P10-PRP-QBR-Q05 > P10-PRP-ALM-AQ05 > P10-PRP-QBR-Q06 > P10-PRP-ALM-AQ06 > P10-PRP-QBR-Q07 > P10-PRP-ALM-AQ07 > P10-PRP-QBR-Q08 > P10-PRP-ALM-AQ08 > P10-PRP-QBR-Q09 > P10-PRP-ALM-AQ09 > P10-PRP-QBR-Q10 > P10-PRP-ALM-AQ10 > P10-PRP-RSC-SF14 > P10-PRP-VLV-VR18 > P10-PRP-RSC-SF02 > P10-PRP-VNT-VE08 > P10-PRP-CCL-CVE08 > P10-PRP-VLV-VR08,29,51,NO,200,200,0,ancestro_project_exacto_duplicado,281069:200:P10 > P10-PRP-LGC-PREPARACION > P10-PRP-LGC-QUEBRADORES > P10-PRP-QBR-Q01 > P10-PRP-ALM-AQ01 > P10-PRP-QBR-Q02 > P10-PRP-ALM-AQ02 > P10-PRP-QBR-Q03 > P10-PRP-ALM-AQ03 > P10-PRP-QBR-Q04 > P10-PRP-ALM-AQ04 > P10-PRP-QBR-Q05 > P10-PRP-ALM-AQ05 > P10-PRP-QBR-Q06 > P10-PRP-ALM-AQ06 > P10-PRP-QBR-Q07 > P10-PRP-ALM-AQ07 > P10-PRP-QBR-Q08 > P10-PRP-ALM-AQ08 > P10-PRP-QBR-Q09 > P10-PRP-ALM-AQ09 > P10-PRP-QBR-Q10 > P10-PRP-ALM-AQ10 > P10-PRP-RSC-SF14 > P10-PRP-VLV-VR18 > P10-PRP-RSC-SF02 > P10-PRP-VNT-VE08 > P10-PRP-CCL-CVE08 > P10-PRP-VLV-VR08 || 281220:200:P10 > P10-PRP-LGC-PREPARACION > P10-PRP-LGC-EXPANDIDO > P10-PRP-ENF-EE01 > P10-PRP-VLV-VREE1 > P10-PRP-VNT-VE21 > P10-PRP-VNT-VE22 > P10-PRP-VNT-VE23 > P10-PRP-VNT-VE24 > P10-PRP-VNT-VE25 > P10-PRP-VNT-VE26 > P10-PRP-VNT-VTEE01 > P10-PRP-ENF-EE02 > P10-PRP-VLV-VREE2 > P10-PRP-VNT-VE15 > P10-PRP-VNT-VE16 > P10-PRP-VNT-VE17 > P10-PRP-VNT-VE18 > P10-PRP-VNT-VE19 > P10-PRP-VNT-VE20 > P10-PRP-VNT-VTEE02 > P10-PRP-EXP-E01 > P10-PRP-ALM-AE01 > P10-PRP-BMB-EBLI01 > P10-PRP-BMB-EBLE01 > P10-PRP-VNT-VRA01 > P10-PRP-EXP-E02 > P10-PRP-ALM-AE02 > P10-PRP-BMB-EBLI02 > P10-PRP-BMB-EBLE02 > P10-PRP-VNT-VRA02 > P10-PRP-EXP-E03 > P10-PRP-ALM-AE03 > P10-PRP-BMB-EBLI03 > P10-PRP-BMB-EBLE03 > P10-PRP-VNT-VRA03 > P10-PRP-EXP-E04 > P10-PRP-ALM-AE04 > P10-PRP-BMB-EBLI04 > P10-PRP-BMB-EBLE04 > P10-PRP-VNT-VRA04 > P10-PRP-EXP-E05 > P10-PRP-ALM-AE05 > P10-PRP-BMB-EBLI05 > P10-PRP-BMB-EBLE05 > P10-PRP-VNT-VRA05 > P10-PRP-EXP-E06 > P10-PRP-ALM-AE06 > P10-PRP-BMB-EBLI06 > P10-PRP-BMB-EBLE06 > P10-PRP-VNT-VRA06 > P10-PRP-RSC-SF10 || 281343:200:P10 > P10-PRP-LGC-PREPARACION > P10-PRP-LGC-LAMINADORES > P10-PRP-CHD-LCH01 > P10-PRP-CHD-LCH02 > P10-PRP-CHD-LCH03 > P10-PRP-CHD-LCH04 > P10-PRP-LMN-LF01 > P10-PRP-ALM-ALF01 > P10-PRP-CHD-LFBH01 > P10-PRP-LMN-L01 > P10-PRP-ALM-AL01 > P10-PRP-LMN-L02 > P10-PRP-ALM-AL02 > P10-PRP-LMN-L03 > P10-PRP-ALM-AL03 > P10-PRP-LMN-L04 > P10-PRP-ALM-AL04 > P10-PRP-LMN-L05 > P10-PRP-ALM-AL05 > P10-PRP-LMN-L06 > P10-PRP-ALM-AL06 > P10-PRP-LMN-L07 > P10-PRP-ALM-AL07 > P10-PRP-LMN-L08 > P10-PRP-ALM-AL08 > P10-PRP-LMN-L09 > P10-PRP-ALM-AL09 > P10-PRP-LMN-L10 > P10-PRP-ALM-AL10 > P10-PRP-LMN-L11 > P10-PRP-ALM-AL11 > P10-PRP-LMN-L12 > P10-PRP-ALM-AL12 > P10-PRP-LMN-L13 > P10-PRP-ALM-AL13 > P10-PRP-LMN-L14 > P10-PRP-ALM-AL14 > P10-PRP-LMN-L15 > P10-PRP-ALM-AL15 > P10-PRP-LMN-L16 > P10-PRP-ALM-AL16 > P10-PRP-LMN-L17 > P10-PRP-ALM-AL17 > P10-PRP-LMN-L18 > P10-PRP-ALM-AL18 > P10-PRP-LMN-L19 > P10-PRP-ALM-AL19 > P10-PRP-LMN-L20 > P10-PRP-ALM-AL20 > P10-PRP-LMN-L21 > P10-PRP-ALM-AL21 > P10-PRP-LMN-L22 > P10-PRP-ALM-AL22 > P10-PRP-RCT-REC01 > P10-PRP-RCT-REC02 > P10-PRP-VNT-VE10 > P10-PRP-CCL-CVE10 > P10-PRP-RSC-SF12 > P10-PRP-VLV-VR10 > P10-PRP-VNT-VE11 > P10-PRP-CCL-CVE11 > P10-PRP-RSC-SF13 > P10-PRP-VLV-VR11 || 281815:200:P10 > P10-PRP-LGC-PREPARACION > P10-PRP-LGC-REDLER || 369188:200:P10 > P10-PRP-LGC-PREPARACION > P10-PRP-LGC-BEAN > P10-PRP-BHT-BH01 > P10-PRP-ART-BHART01 > P10-PRP-BSC-BHD01 > P10-PRP-VLV-BHA01 > P10-PRP-VLV-VSBH01 > P10-PRP-VLV-VGBH01N > P10-PRP-VLV-VGBH01S > P10-PRP-VNT-VE05 > P10-PRP-CCL-CVE05 > P10-PRP-VLV-VR05 > P10-PRP-BHT-BH02 > P10-PRP-ART-BHART02 > P10-PRP-BSC-BHD02 > P10-PRP-VLV-BHA02 > P10-PRP-VLV-VSBH02 > P10-PRP-VLV-VGBH02N > P10-PRP-VLV-VGBH02S > P10-PRP-VNT-VE06 > P10-PRP-CCL-CVE06 > P10-PRP-VLV-VR06 > P10-PRP-BHT-BH03 > P10-PRP-ART-BHART03 > P10-PRP-BSC-BHD03 > P10-PRP-VLV-BHA03 > P10-PRP-VLV-VSBH03 > P10-PRP-VLV-VGBH03N > P10-PRP-VLV-VGBH03S > P10-PRP-VNT-VE07 > P10-PRP-CCL-CVE07 > P10-PRP-VLV-VR07 > P10-PRP-BMB-BBH01 > P10-PRP-BMB-BBH02 > P10-PRP-SPR-SEPGOT || 376995:200:P10 > P10-PRP-LGC-PREPARACION > P10-PRP-LGC-REDLER || 377104:200:P10 > P10-PRP-LGC-PREPARACION > P10-PRP-LGC-REDLER > P10-PRP-RDL-R20A > P10-PRP-RDL-R20B > P10-PRP-RDL-R17 > P10-PRP-RDL-R05 > P10-PRP-RDL-R18 > P10-PRP-RDL-R07 > P10-PRP-RDL-R09 > P10-PRP-RDL-R10 > P10-PRP-RDL-R11 > P10-PRP-RDL-R12 > P10-PRP-RDL-R13 > P10-PRP-RDL-R14 > P10-PRP-RDL-R15 > P10-PRP-RDL-R16 > P10-PRP-RDL-R19 > P10-PRP-RDL-R20 > P10-PRP-RDL-R22 > P10-PRP-RDL-RD05 > P10-PRP-RDL-RZ04 > P10-PRP-RDL-RZ08,P10-PRP-LGC-PREPARACION,Ancestro Project P10-PRP-LGC-PREPARACION aparece en 7 contenedores.,P10,P10-PRP-LGC-PREPARACION,P10-PRP-LGC-QUEBRADORES,P10-PRP-QBR-Q01,P10-PRP-ALM-AQ01,P10-PRP-QBR-Q02,P10-PRP-ALM-AQ02,P10-PRP-QBR-Q03,P10-PRP-ALM-AQ03,P10-PRP-QBR-Q04,P10-PRP-ALM-AQ04,P10-PRP-QBR-Q05,P10-PRP-ALM-AQ05,P10-PRP-QBR-Q06,P10-PRP-ALM-AQ06,P10-PRP-QBR-Q07,P10-PRP-ALM-AQ07,P10-PRP-QBR-Q08,P10-PRP-ALM-AQ08,P10-PRP-QBR-Q09,P10-PRP-ALM-AQ09,P10-PRP-QBR-Q10,P10-PRP-ALM-AQ10,P10-PRP-RSC-SF14,P10-PRP-VLV-VR18,P10-PRP-RSC-SF02,P10-PRP-VNT-VE08,P10-PRP-CCL-CVE08,P10-PRP-VLV-VR08,,,,,,,,,,,,,,,,,,,,,,,,,,,,,,,,,,,,,,,,,,,,,,,,,,,,hay más de un contenedor candidato
duplicado,elemento_puntual,P10-PRL-LGC-PRELIMPIEZA,SECTOR PRELIMPIEZA P10,632,2,632,P10,,,P10,P10 > P10-PRL-LGC-PRELIMPIEZA,373540,1dd9711a-59af-4c3f-8b41-17903a787e86-0005b324,Modelos genéricos,Silodiario harina,Silodiario harina,Silodiario harina,P10-PRL-SLO-SLO1,P10 > P10-PRL-LGC-PRELIMPIEZA > P10-PRL-LGC-SILOS > P10-PRL-SLO-SLO1 > P10-PRL-VLV-VG04 > P10-PRL-VLV-VG05 > P10-PRL-VLV-VN1A > P10-PRL-VLV-VN1B,btz_description_02,,,,,,,,,,,,,8 elementos Revit contienen el código exacto.,P10,P10-PRL-LGC-PRELIMPIEZA,P10-PRL-LGC-SILOS,P10-PRL-SLO-SLO1,P10-PRL-VLV-VG04,P10-PRL-VLV-VG05,P10-PRL-VLV-VN1A,P10-PRL-VLV-VN1B,,,,,,,,,,,,,,,,,,,,,,,,,,,,,,,,,,,,,,,,,,,,,,,,,,,,,,,,,,,,,,,,,,,,,,,,,hay más de un elemento puntual posible
duplicado,elemento_puntual,P10-PRL-LGC-PRELIMPIEZA,SECTOR PRELIMPIEZA P10,632,2,632,P10,,,P10,P10 > P10-PRL-LGC-PRELIMPIEZA,373591,1dd9711a-59af-4c3f-8b41-17903a787e86-0005b357,Modelos genéricos,Silodiario harina1,Silodiario harina,Silodiario harina,P10-PRL-SLO-SLO2,P10 > P10-PRL-LGC-PRELIMPIEZA > P10-PRL-LGC-SILOS > P10-PRL-SLO-SLO2 > P10-PRL-VLV-VG06 > P10-PRL-VLV-VG07 > P10-PRL-VLV-VN2A > P10-PRL-VLV-VN2B,btz_description_02,,,,,,,,,,,,,8 elementos Revit contienen el código exacto.,P10,P10-PRL-LGC-PRELIMPIEZA,P10-PRL-LGC-SILOS,P10-PRL-SLO-SLO2,P10-PRL-VLV-VG06,P10-PRL-VLV-VG07,P10-PRL-VLV-VN2A,P10-PRL-VLV-VN2B,,,,,,,,,,,,,,,,,,,,,,,,,,,,,,,,,,,,,,,,,,,,,,,,,,,,,,,,,,,,,,,,,,,,,,,,,hay más de un elemento puntual posible
duplicado,elemento_puntual,P10-PRL-LGC-PRELIMPIEZA,SECTOR PRELIMPIEZA P10,632,2,632,P10,,,P10,P10 > P10-PRL-LGC-PRELIMPIEZA,377655,c5ee6896-39ff-4562-be63-4682b50c65ca-0005c337,Modelos genéricos,puert12,puert,puert,P10-PRL-ACS-TPRL,P10 > P10-PRL-LGC-PRELIMPIEZA > P10-PRL-ACS-TPRL,btz_description_02,,,,,,,,,,,,,8 elementos Revit contienen el código exacto.,P10,P10-PRL-LGC-PRELIMPIEZA,P10-PRL-ACS-TPRL,,,,,,,,,,,,,,,,,,,,,,,,,,,,,,,,,,,,,,,,,,,,,,,,,,,,,,,,,,,,,,,,,,,,,,,,,,,,,,hay más de un elemento puntual posible
duplicado,elemento_puntual,P10-PRL-LGC-PRELIMPIEZA,SECTOR PRELIMPIEZA P10,632,2,632,P10,,,P10,P10 > P10-PRL-LGC-PRELIMPIEZA,384012,e0118a5a-e983-4b93-852f-e273cc5f6243-0005dc0c,Modelos genéricos,Biodiesel10,Biodiesel,Biodiesel,P10-PRL-SLO-SRECUP,P10 > P10-PRL-LGC-PRELIMPIEZA > P10-PRL-LGC-SILOS > P10-PRL-SLO-SRECUP > P10-PRL-VLV-VR19,btz_description_02,,,,,,,,,,,,,8 elementos Revit contienen el código exacto.,P10,P10-PRL-LGC-PRELIMPIEZA,P10-PRL-LGC-SILOS,P10-PRL-SLO-SRECUP,P10-PRL-VLV-VR19,,,,,,,,,,,,,,,,,,,,,,,,,,,,,,,,,,,,,,,,,,,,,,,,,,,,,,,,,,,,,,,,,,,,,,,,,,,,hay más de un elemento puntual posible
duplicado,elemento_puntual,P10-PRL-LGC-PRELIMPIEZA,SECTOR PRELIMPIEZA P10,632,2,632,P10,,,P10,P10 > P10-PRL-LGC-PRELIMPIEZA,385248,3ade3506-4f84-4896-9589-30d81e40c276-0005e0e0,Cubiertas,,Genérico - 400 mm,Genérico - 400 mm,P10-PRL-LGC-MERMA,P10 > P10-PRL-LGC-PRELIMPIEZA > P10-PRL-LGC-MERMA > P10-PRL-BTD-BA06 > P10-PRL-RSC-SF20 > P10-PRL-DSP-DSP01 > P10-PRL-ALM-M3DP > P10-PRL-ALM-M2DP > P10-PRL-VLV-VR36 > P10-PRL-RSC-SF19 > P10-PRL-VNT-M1DP > P10-PRL-RSC-SF16,btz_description_02,,,,,,,,,,,,,8 elementos Revit contienen el código exacto.,P10,P10-PRL-LGC-PRELIMPIEZA,P10-PRL-LGC-MERMA,P10-PRL-BTD-BA06,P10-PRL-RSC-SF20,P10-PRL-DSP-DSP01,P10-PRL-ALM-M3DP,P10-PRL-ALM-M2DP,P10-PRL-VLV-VR36,P10-PRL-RSC-SF19,P10-PRL-VNT-M1DP,P10-PRL-RSC-SF16,,,,,,,,,,,,,,,,,,,,,,,,,,,,,,,,,,,,,,,,,,,,,,,,,,,,,,,,,,,,,,,,,,,,,hay más de un elemento puntual posible
duplicado,elemento_puntual,P10-PRL-LGC-PRELIMPIEZA,SECTOR PRELIMPIEZA P10,632,2,632,P10,,,P10,P10 > P10-PRL-LGC-PRELIMPIEZA,385396,3ade3506-4f84-4896-9589-30d81e40c276-0005e174,Cubiertas,,Genérico - 400 mm,Genérico - 400 mm,P10-PRL-LGC-MULTIASPIRADORES,P10 > P10-PRL-LGC-PRELIMPIEZA > P10-PRL-LGC-MULTIASPIRADORES > P10-PRL-MLT-ASP1 > P10-PRL-ALM-AS01A > P10-PRL-ALM-AS01B > P10-PRL-VNT-VE01 > P10-PRL-CCL-CVE01 > P10-PRL-VLV-VR01 > P10-PRL-MLT-ASP2 > P10-PRL-ALM-AS02A > P10-PRL-ALM-AS02B > P10-PRL-VNT-VE02 > P10-PRL-CCL-CVE02 > P10-PRL-VLV-VR02 > P10-PRL-MLT-ASP3 > P10-PRL-ALM-AS03A > P10-PRL-ALM-AS03B > P10-PRL-VNT-VE03 > P10-PRL-CCL-CVE03 > P10-PRL-VLV-VR03 > P10-PRL-RSC-SF08,btz_description_02,,,,,,,,,,,,,8 elementos Revit contienen el código exacto.,P10,P10-PRL-LGC-PRELIMPIEZA,P10-PRL-LGC-MULTIASPIRADORES,P10-PRL-MLT-ASP1,P10-PRL-ALM-AS01A,P10-PRL-ALM-AS01B,P10-PRL-VNT-VE01,P10-PRL-CCL-CVE01,P10-PRL-VLV-VR01,P10-PRL-MLT-ASP2,P10-PRL-ALM-AS02A,P10-PRL-ALM-AS02B,P10-PRL-VNT-VE02,P10-PRL-CCL-CVE02,P10-PRL-VLV-VR02,P10-PRL-MLT-ASP3,P10-PRL-ALM-AS03A,P10-PRL-ALM-AS03B,P10-PRL-VNT-VE03,P10-PRL-CCL-CVE03,P10-PRL-VLV-VR03,P10-PRL-RSC-SF08,,,,,,,,,,,,,,,,,,,,,,,,,,,,,,,,,,,,,,,,,,,,,,,,,,,,,,,,,,,hay más de un elemento puntual posible
duplicado,elemento_puntual,P10-PRL-LGC-PRELIMPIEZA,SECTOR PRELIMPIEZA P10,632,2,632,P10,,,P10,P10 > P10-PRL-LGC-PRELIMPIEZA,385416,3ade3506-4f84-4896-9589-30d81e40c276-0005e188,Cubiertas,,Genérico - 400 mm,Genérico - 400 mm,,P10 > P10-PRL-LGC-PRELIMPIEZA > P10-PRL-LGC-REDLER,btz_description_02,,,,,,,,,,,,,8 elementos Revit contienen el código exacto.,P10,P10-PRL-LGC-PRELIMPIEZA,P10-PRL-LGC-REDLER,,,,,,,,,,,,,,,,,,,,,,,,,,,,,,,,,,,,,,,,,,,,,,,,,,,,,,,,,,,,,,,,,,,,,,,,,,,,,,hay más de un elemento puntual posible
duplicado,elemento_puntual,P10-PRL-LGC-PRELIMPIEZA,SECTOR PRELIMPIEZA P10,632,2,632,P10,,,P10,P10 > P10-PRL-LGC-PRELIMPIEZA,385436,3ade3506-4f84-4896-9589-30d81e40c276-0005e19c,Cubiertas,,Genérico - 400 mm,Genérico - 400 mm,,P10 > P10-PRL-LGC-PRELIMPIEZA > P10-PRL-LGC-REDLER,btz_description_02,,,,,,,,,,,,,8 elementos Revit contienen el código exacto.,P10,P10-PRL-LGC-PRELIMPIEZA,P10-PRL-LGC-REDLER,,,,,,,,,,,,,,,,,,,,,,,,,,,,,,,,,,,,,,,,,,,,,,,,,,,,,,,,,,,,,,,,,,,,,,,,,,,,,,hay más de un elemento puntual posible
contenedor_duplicado,contenedor_por_ancestro_project,P10-PRL-BMB-BS01,BOMBA SOPLANTE DE FINOS,634,3,634,P10-PRL-LGC-PRELIMPIEZA,P10-PRL-LGC-PRELIMPIEZA,P10-PRL-LGC-PRELIMPIEZA,P10 > P10-PRL-LGC-PRELIMPIEZA,P10 > P10-PRL-LGC-PRELIMPIEZA > P10-PRL-BMB-BS01,373540,1dd9711a-59af-4c3f-8b41-17903a787e86-0005b324,Modelos genéricos,Silodiario harina,Silodiario harina,Silodiario harina,P10-PRL-SLO-SLO1,P10 > P10-PRL-LGC-PRELIMPIEZA > P10-PRL-LGC-SILOS > P10-PRL-SLO-SLO1 > P10-PRL-VLV-VG04 > P10-PRL-VLV-VG05 > P10-PRL-VLV-VN1A > P10-PRL-VLV-VN1B,contenedor_scoring,373540,1dd9711a-59af-4c3f-8b41-17903a787e86-0005b324,P10 > P10-PRL-LGC-PRELIMPIEZA > P10-PRL-LGC-SILOS > P10-PRL-SLO-SLO1 > P10-PRL-VLV-VG04 > P10-PRL-VLV-VG05 > P10-PRL-VLV-VN1A > P10-PRL-VLV-VN1B,8,72,NO,200,200,0,ancestro_project_exacto_duplicado,373540:200:P10 > P10-PRL-LGC-PRELIMPIEZA > P10-PRL-LGC-SILOS > P10-PRL-SLO-SLO1 > P10-PRL-VLV-VG04 > P10-PRL-VLV-VG05 > P10-PRL-VLV-VN1A > P10-PRL-VLV-VN1B || 373591:200:P10 > P10-PRL-LGC-PRELIMPIEZA > P10-PRL-LGC-SILOS > P10-PRL-SLO-SLO2 > P10-PRL-VLV-VG06 > P10-PRL-VLV-VG07 > P10-PRL-VLV-VN2A > P10-PRL-VLV-VN2B || 377655:200:P10 > P10-PRL-LGC-PRELIMPIEZA > P10-PRL-ACS-TPRL || 384012:200:P10 > P10-PRL-LGC-PRELIMPIEZA > P10-PRL-LGC-SILOS > P10-PRL-SLO-SRECUP > P10-PRL-VLV-VR19 || 385248:200:P10 > P10-PRL-LGC-PRELIMPIEZA > P10-PRL-LGC-MERMA > P10-PRL-BTD-BA06 > P10-PRL-RSC-SF20 > P10-PRL-DSP-DSP01 > P10-PRL-ALM-M3DP > P10-PRL-ALM-M2DP > P10-PRL-VLV-VR36 > P10-PRL-RSC-SF19 > P10-PRL-VNT-M1DP > P10-PRL-RSC-SF16 || 385396:200:P10 > P10-PRL-LGC-PRELIMPIEZA > P10-PRL-LGC-MULTIASPIRADORES > P10-PRL-MLT-ASP1 > P10-PRL-ALM-AS01A > P10-PRL-ALM-AS01B > P10-PRL-VNT-VE01 > P10-PRL-CCL-CVE01 > P10-PRL-VLV-VR01 > P10-PRL-MLT-ASP2 > P10-PRL-ALM-AS02A > P10-PRL-ALM-AS02B > P10-PRL-VNT-VE02 > P10-PRL-CCL-CVE02 > P10-PRL-VLV-VR02 > P10-PRL-MLT-ASP3 > P10-PRL-ALM-AS03A > P10-PRL-ALM-AS03B > P10-PRL-VNT-VE03 > P10-PRL-CCL-CVE03 > P10-PRL-VLV-VR03 > P10-PRL-RSC-SF08 || 385416:200:P10 > P10-PRL-LGC-PRELIMPIEZA > P10-PRL-LGC-REDLER || 385436:200:P10 > P10-PRL-LGC-PRELIMPIEZA > P10-PRL-LGC-REDLER,P10-PRL-LGC-PRELIMPIEZA,Ancestro Project P10-PRL-LGC-PRELIMPIEZA aparece en 8 contenedores.,P10,P10-PRL-LGC-PRELIMPIEZA,P10-PRL-LGC-SILOS,P10-PRL-SLO-SLO1,P10-PRL-VLV-VG04,P10-PRL-VLV-VG05,P10-PRL-VLV-VN1A,P10-PRL-VLV-VN1B,,,,,,,,,,,,,,,,,,,,,,,,,,,,,,,,,,,,,,,,,,,,,,,,,,,,,,,,,,,,,,,,,,,,,,,,,hay más de un contenedor candidato
contenedor_duplicado,contenedor_por_ancestro_project,P10-PRL-VLV-VR09,ROTATIVA A BS01,635,4,635,P10-PRL-BMB-BS01,P10-PRL-BMB-BS01,P10-PRL-LGC-PRELIMPIEZA > P10-PRL-BMB-BS01,P10 > P10-PRL-LGC-PRELIMPIEZA > P10-PRL-BMB-BS01,P10 > P10-PRL-LGC-PRELIMPIEZA > P10-PRL-BMB-BS01 > P10-PRL-VLV-VR09,373540,1dd9711a-59af-4c3f-8b41-17903a787e86-0005b324,Modelos genéricos,Silodiario harina,Silodiario harina,Silodiario harina,P10-PRL-SLO-SLO1,P10 > P10-PRL-LGC-PRELIMPIEZA > P10-PRL-LGC-SILOS > P10-PRL-SLO-SLO1 > P10-PRL-VLV-VG04 > P10-PRL-VLV-VG05 > P10-PRL-VLV-VN1A > P10-PRL-VLV-VN1B,contenedor_scoring,373540,1dd9711a-59af-4c3f-8b41-17903a787e86-0005b324,P10 > P10-PRL-LGC-PRELIMPIEZA > P10-PRL-LGC-SILOS > P10-PRL-SLO-SLO1 > P10-PRL-VLV-VG04 > P10-PRL-VLV-VG05 > P10-PRL-VLV-VN1A > P10-PRL-VLV-VN1B,8,72,NO,200,200,0,ancestro_project_exacto_duplicado,373540:200:P10 > P10-PRL-LGC-PRELIMPIEZA > P10-PRL-LGC-SILOS > P10-PRL-SLO-SLO1 > P10-PRL-VLV-VG04 > P10-PRL-VLV-VG05 > P10-PRL-VLV-VN1A > P10-PRL-VLV-VN1B || 373591:200:P10 > P10-PRL-LGC-PRELIMPIEZA > P10-PRL-LGC-SILOS > P10-PRL-SLO-SLO2 > P10-PRL-VLV-VG06 > P10-PRL-VLV-VG07 > P10-PRL-VLV-VN2A > P10-PRL-VLV-VN2B || 377655:200:P10 > P10-PRL-LGC-PRELIMPIEZA > P10-PRL-ACS-TPRL || 384012:200:P10 > P10-PRL-LGC-PRELIMPIEZA > P10-PRL-LGC-SILOS > P10-PRL-SLO-SRECUP > P10-PRL-VLV-VR19 || 385248:200:P10 > P10-PRL-LGC-PRELIMPIEZA > P10-PRL-LGC-MERMA > P10-PRL-BTD-BA06 > P10-PRL-RSC-SF20 > P10-PRL-DSP-DSP01 > P10-PRL-ALM-M3DP > P10-PRL-ALM-M2DP > P10-PRL-VLV-VR36 > P10-PRL-RSC-SF19 > P10-PRL-VNT-M1DP > P10-PRL-RSC-SF16 || 385396:200:P10 > P10-PRL-LGC-PRELIMPIEZA > P10-PRL-LGC-MULTIASPIRADORES > P10-PRL-MLT-ASP1 > P10-PRL-ALM-AS01A > P10-PRL-ALM-AS01B > P10-PRL-VNT-VE01 > P10-PRL-CCL-CVE01 > P10-PRL-VLV-VR01 > P10-PRL-MLT-ASP2 > P10-PRL-ALM-AS02A > P10-PRL-ALM-AS02B > P10-PRL-VNT-VE02 > P10-PRL-CCL-CVE02 > P10-PRL-VLV-VR02 > P10-PRL-MLT-ASP3 > P10-PRL-ALM-AS03A > P10-PRL-ALM-AS03B > P10-PRL-VNT-VE03 > P10-PRL-CCL-CVE03 > P10-PRL-VLV-VR03 > P10-PRL-RSC-SF08 || 385416:200:P10 > P10-PRL-LGC-PRELIMPIEZA > P10-PRL-LGC-REDLER || 385436:200:P10 > P10-PRL-LGC-PRELIMPIEZA > P10-PRL-LGC-REDLER,P10-PRL-LGC-PRELIMPIEZA,Ancestro Project P10-PRL-LGC-PRELIMPIEZA aparece en 8 contenedores.,P10,P10-PRL-LGC-PRELIMPIEZA,P10-PRL-LGC-SILOS,P10-PRL-SLO-SLO1,P10-PRL-VLV-VG04,P10-PRL-VLV-VG05,P10-PRL-VLV-VN1A,P10-PRL-VLV-VN1B,,,,,,,,,,,,,,,,,,,,,,,,,,,,,,,,,,,,,,,,,,,,,,,,,,,,,,,,,,,,,,,,,,,,,,,,,hay más de un contenedor candidato
contenedor_duplicado,contenedor_por_ancestro_project,P10-PRL-LGC-NORIAS/CINTAS,CONJUNTO DE NORIAS/CINTAS PRELIMPIEZA P10,656,3,656,P10-PRL-LGC-PRELIMPIEZA,P10-PRL-LGC-PRELIMPIEZA,P10-PRL-LGC-PRELIMPIEZA,P10 > P10-PRL-LGC-PRELIMPIEZA,P10 > P10-PRL-LGC-PRELIMPIEZA > P10-PRL-LGC-NORIAS/CINTAS,373540,1dd9711a-59af-4c3f-8b41-17903a787e86-0005b324,Modelos genéricos,Silodiario harina,Silodiario harina,Silodiario harina,P10-PRL-SLO-SLO1,P10 > P10-PRL-LGC-PRELIMPIEZA > P10-PRL-LGC-SILOS > P10-PRL-SLO-SLO1 > P10-PRL-VLV-VG04 > P10-PRL-VLV-VG05 > P10-PRL-VLV-VN1A > P10-PRL-VLV-VN1B,contenedor_scoring,373540,1dd9711a-59af-4c3f-8b41-17903a787e86-0005b324,P10 > P10-PRL-LGC-PRELIMPIEZA > P10-PRL-LGC-SILOS > P10-PRL-SLO-SLO1 > P10-PRL-VLV-VG04 > P10-PRL-VLV-VG05 > P10-PRL-VLV-VN1A > P10-PRL-VLV-VN1B,8,72,NO,200,200,0,ancestro_project_exacto_duplicado,373540:200:P10 > P10-PRL-LGC-PRELIMPIEZA > P10-PRL-LGC-SILOS > P10-PRL-SLO-SLO1 > P10-PRL-VLV-VG04 > P10-PRL-VLV-VG05 > P10-PRL-VLV-VN1A > P10-PRL-VLV-VN1B || 373591:200:P10 > P10-PRL-LGC-PRELIMPIEZA > P10-PRL-LGC-SILOS > P10-PRL-SLO-SLO2 > P10-PRL-VLV-VG06 > P10-PRL-VLV-VG07 > P10-PRL-VLV-VN2A > P10-PRL-VLV-VN2B || 377655:200:P10 > P10-PRL-LGC-PRELIMPIEZA > P10-PRL-ACS-TPRL || 384012:200:P10 > P10-PRL-LGC-PRELIMPIEZA > P10-PRL-LGC-SILOS > P10-PRL-SLO-SRECUP > P10-PRL-VLV-VR19 || 385248:200:P10 > P10-PRL-LGC-PRELIMPIEZA > P10-PRL-LGC-MERMA > P10-PRL-BTD-BA06 > P10-PRL-RSC-SF20 > P10-PRL-DSP-DSP01 > P10-PRL-ALM-M3DP > P10-PRL-ALM-M2DP > P10-PRL-VLV-VR36 > P10-PRL-RSC-SF19 > P10-PRL-VNT-M1DP > P10-PRL-RSC-SF16 || 385396:200:P10 > P10-PRL-LGC-PRELIMPIEZA > P10-PRL-LGC-MULTIASPIRADORES > P10-PRL-MLT-ASP1 > P10-PRL-ALM-AS01A > P10-PRL-ALM-AS01B > P10-PRL-VNT-VE01 > P10-PRL-CCL-CVE01 > P10-PRL-VLV-VR01 > P10-PRL-MLT-ASP2 > P10-PRL-ALM-AS02A > P10-PRL-ALM-AS02B > P10-PRL-VNT-VE02 > P10-PRL-CCL-CVE02 > P10-PRL-VLV-VR02 > P10-PRL-MLT-ASP3 > P10-PRL-ALM-AS03A > P10-PRL-ALM-AS03B > P10-PRL-VNT-VE03 > P10-PRL-CCL-CVE03 > P10-PRL-VLV-VR03 > P10-PRL-RSC-SF08 || 385416:200:P10 > P10-PRL-LGC-PRELIMPIEZA > P10-PRL-LGC-REDLER || 385436:200:P10 > P10-PRL-LGC-PRELIMPIEZA > P10-PRL-LGC-REDLER,P10-PRL-LGC-PRELIMPIEZA,Ancestro Project P10-PRL-LGC-PRELIMPIEZA aparece en 8 contenedores.,P10,P10-PRL-LGC-PRELIMPIEZA,P10-PRL-LGC-SILOS,P10-PRL-SLO-SLO1,P10-PRL-VLV-VG04,P10-PRL-VLV-VG05,P10-PRL-VLV-VN1A,P10-PRL-VLV-VN1B,,,,,,,,,,,,,,,,,,,,,,,,,,,,,,,,,,,,,,,,,,,,,,,,,,,,,,,,,,,,,,,,,,,,,,,,,hay más de un contenedor candidato
contenedor_duplicado,contenedor_por_ancestro_project,P10-PRL-CNT-C03,CINTA  DE SILOS SUCIA A NORIA N1,657,4,657,P10-PRL-LGC-NORIAS/CINTAS,P10-PRL-LGC-NORIAS/CINTAS,P10-PRL-LGC-PRELIMPIEZA > P10-PRL-LGC-NORIAS/CINTAS,P10 > P10-PRL-LGC-PRELIMPIEZA > P10-PRL-LGC-NORIAS/CINTAS,P10 > P10-PRL-LGC-PRELIMPIEZA > P10-PRL-LGC-NORIAS/CINTAS > P10-PRL-CNT-C03,373540,1dd9711a-59af-4c3f-8b41-17903a787e86-0005b324,Modelos genéricos,Silodiario harina,Silodiario harina,Silodiario harina,P10-PRL-SLO-SLO1,P10 > P10-PRL-LGC-PRELIMPIEZA > P10-PRL-LGC-SILOS > P10-PRL-SLO-SLO1 > P10-PRL-VLV-VG04 > P10-PRL-VLV-VG05 > P10-PRL-VLV-VN1A > P10-PRL-VLV-VN1B,contenedor_scoring,373540,1dd9711a-59af-4c3f-8b41-17903a787e86-0005b324,P10 > P10-PRL-LGC-PRELIMPIEZA > P10-PRL-LGC-SILOS > P10-PRL-SLO-SLO1 > P10-PRL-VLV-VG04 > P10-PRL-VLV-VG05 > P10-PRL-VLV-VN1A > P10-PRL-VLV-VN1B,8,72,NO,200,200,0,ancestro_project_exacto_duplicado,373540:200:P10 > P10-PRL-LGC-PRELIMPIEZA > P10-PRL-LGC-SILOS > P10-PRL-SLO-SLO1 > P10-PRL-VLV-VG04 > P10-PRL-VLV-VG05 > P10-PRL-VLV-VN1A > P10-PRL-VLV-VN1B || 373591:200:P10 > P10-PRL-LGC-PRELIMPIEZA > P10-PRL-LGC-SILOS > P10-PRL-SLO-SLO2 > P10-PRL-VLV-VG06 > P10-PRL-VLV-VG07 > P10-PRL-VLV-VN2A > P10-PRL-VLV-VN2B || 377655:200:P10 > P10-PRL-LGC-PRELIMPIEZA > P10-PRL-ACS-TPRL || 384012:200:P10 > P10-PRL-LGC-PRELIMPIEZA > P10-PRL-LGC-SILOS > P10-PRL-SLO-SRECUP > P10-PRL-VLV-VR19 || 385248:200:P10 > P10-PRL-LGC-PRELIMPIEZA > P10-PRL-LGC-MERMA > P10-PRL-BTD-BA06 > P10-PRL-RSC-SF20 > P10-PRL-DSP-DSP01 > P10-PRL-ALM-M3DP > P10-PRL-ALM-M2DP > P10-PRL-VLV-VR36 > P10-PRL-RSC-SF19 > P10-PRL-VNT-M1DP > P10-PRL-RSC-SF16 || 385396:200:P10 > P10-PRL-LGC-PRELIMPIEZA > P10-PRL-LGC-MULTIASPIRADORES > P10-PRL-MLT-ASP1 > P10-PRL-ALM-AS01A > P10-PRL-ALM-AS01B > P10-PRL-VNT-VE01 > P10-PRL-CCL-CVE01 > P10-PRL-VLV-VR01 > P10-PRL-MLT-ASP2 > P10-PRL-ALM-AS02A > P10-PRL-ALM-AS02B > P10-PRL-VNT-VE02 > P10-PRL-CCL-CVE02 > P10-PRL-VLV-VR02 > P10-PRL-MLT-ASP3 > P10-PRL-ALM-AS03A > P10-PRL-ALM-AS03B > P10-PRL-VNT-VE03 > P10-PRL-CCL-CVE03 > P10-PRL-VLV-VR03 > P10-PRL-RSC-SF08 || 385416:200:P10 > P10-PRL-LGC-PRELIMPIEZA > P10-PRL-LGC-REDLER || 385436:200:P10 > P10-PRL-LGC-PRELIMPIEZA > P10-PRL-LGC-REDLER,P10-PRL-LGC-PRELIMPIEZA,Ancestro Project P10-PRL-LGC-PRELIMPIEZA aparece en 8 contenedores.,P10,P10-PRL-LGC-PRELIMPIEZA,P10-PRL-LGC-SILOS,P10-PRL-SLO-SLO1,P10-PRL-VLV-VG04,P10-PRL-VLV-VG05,P10-PRL-VLV-VN1A,P10-PRL-VLV-VN1B,,,,,,,,,,,,,,,,,,,,,,,,,,,,,,,,,,,,,,,,,,,,,,,,,,,,,,,,,,,,,,,,,,,,,,,,,hay más de un contenedor candidato
contenedor_duplicado,contenedor_por_ancestro_project,P10-PRL-CNT-C02,CINTA TRANSP. C02 SOBRE SILOS DIARIOS,658,4,658,P10-PRL-LGC-NORIAS/CINTAS,P10-PRL-LGC-NORIAS/CINTAS,P10-PRL-LGC-PRELIMPIEZA > P10-PRL-LGC-NORIAS/CINTAS,P10 > P10-PRL-LGC-PRELIMPIEZA > P10-PRL-LGC-NORIAS/CINTAS,P10 > P10-PRL-LGC-PRELIMPIEZA > P10-PRL-LGC-NORIAS/CINTAS > P10-PRL-CNT-C02,373540,1dd9711a-59af-4c3f-8b41-17903a787e86-0005b324,Modelos genéricos,Silodiario harina,Silodiario harina,Silodiario harina,P10-PRL-SLO-SLO1,P10 > P10-PRL-LGC-PRELIMPIEZA > P10-PRL-LGC-SILOS > P10-PRL-SLO-SLO1 > P10-PRL-VLV-VG04 > P10-PRL-VLV-VG05 > P10-PRL-VLV-VN1A > P10-PRL-VLV-VN1B,contenedor_scoring,373540,1dd9711a-59af-4c3f-8b41-17903a787e86-0005b324,P10 > P10-PRL-LGC-PRELIMPIEZA > P10-PRL-LGC-SILOS > P10-PRL-SLO-SLO1 > P10-PRL-VLV-VG04 > P10-PRL-VLV-VG05 > P10-PRL-VLV-VN1A > P10-PRL-VLV-VN1B,8,72,NO,200,200,0,ancestro_project_exacto_duplicado,373540:200:P10 > P10-PRL-LGC-PRELIMPIEZA > P10-PRL-LGC-SILOS > P10-PRL-SLO-SLO1 > P10-PRL-VLV-VG04 > P10-PRL-VLV-VG05 > P10-PRL-VLV-VN1A > P10-PRL-VLV-VN1B || 373591:200:P10 > P10-PRL-LGC-PRELIMPIEZA > P10-PRL-LGC-SILOS > P10-PRL-SLO-SLO2 > P10-PRL-VLV-VG06 > P10-PRL-VLV-VG07 > P10-PRL-VLV-VN2A > P10-PRL-VLV-VN2B || 377655:200:P10 > P10-PRL-LGC-PRELIMPIEZA > P10-PRL-ACS-TPRL || 384012:200:P10 > P10-PRL-LGC-PRELIMPIEZA > P10-PRL-LGC-SILOS > P10-PRL-SLO-SRECUP > P10-PRL-VLV-VR19 || 385248:200:P10 > P10-PRL-LGC-PRELIMPIEZA > P10-PRL-LGC-MERMA > P10-PRL-BTD-BA06 > P10-PRL-RSC-SF20 > P10-PRL-DSP-DSP01 > P10-PRL-ALM-M3DP > P10-PRL-ALM-M2DP > P10-PRL-VLV-VR36 > P10-PRL-RSC-SF19 > P10-PRL-VNT-M1DP > P10-PRL-RSC-SF16 || 385396:200:P10 > P10-PRL-LGC-PRELIMPIEZA > P10-PRL-LGC-MULTIASPIRADORES > P10-PRL-MLT-ASP1 > P10-PRL-ALM-AS01A > P10-PRL-ALM-AS01B > P10-PRL-VNT-VE01 > P10-PRL-CCL-CVE01 > P10-PRL-VLV-VR01 > P10-PRL-MLT-ASP2 > P10-PRL-ALM-AS02A > P10-PRL-ALM-AS02B > P10-PRL-VNT-VE02 > P10-PRL-CCL-CVE02 > P10-PRL-VLV-VR02 > P10-PRL-MLT-ASP3 > P10-PRL-ALM-AS03A > P10-PRL-ALM-AS03B > P10-PRL-VNT-VE03 > P10-PRL-CCL-CVE03 > P10-PRL-VLV-VR03 > P10-PRL-RSC-SF08 || 385416:200:P10 > P10-PRL-LGC-PRELIMPIEZA > P10-PRL-LGC-REDLER || 385436:200:P10 > P10-PRL-LGC-PRELIMPIEZA > P10-PRL-LGC-REDLER,P10-PRL-LGC-PRELIMPIEZA,Ancestro Project P10-PRL-LGC-PRELIMPIEZA aparece en 8 contenedores.,P10,P10-PRL-LGC-PRELIMPIEZA,P10-PRL-LGC-SILOS,P10-PRL-SLO-SLO1,P10-PRL-VLV-VG04,P10-PRL-VLV-VG05,P10-PRL-VLV-VN1A,P10-PRL-VLV-VN1B,,,,,,,,,,,,,,,,,,,,,,,,,,,,,,,,,,,,,,,,,,,,,,,,,,,,,,,,,,,,,,,,,,,,,,,,,hay más de un contenedor candidato
contenedor_duplicado,contenedor_por_ancestro_project,P10-PRL-NOR-N01,NORIA  N01 A ZARANDAS ROTATIVAS PRELIMPIEZA,659,4,659,P10-PRL-LGC-NORIAS/CINTAS,P10-PRL-LGC-NORIAS/CINTAS,P10-PRL-LGC-PRELIMPIEZA > P10-PRL-LGC-NORIAS/CINTAS,P10 > P10-PRL-LGC-PRELIMPIEZA > P10-PRL-LGC-NORIAS/CINTAS,P10 > P10-PRL-LGC-PRELIMPIEZA > P10-PRL-LGC-NORIAS/CINTAS > P10-PRL-NOR-N01,373540,1dd9711a-59af-4c3f-8b41-17903a787e86-0005b324,Modelos genéricos,Silodiario harina,Silodiario harina,Silodiario harina,P10-PRL-SLO-SLO1,P10 > P10-PRL-LGC-PRELIMPIEZA > P10-PRL-LGC-SILOS > P10-PRL-SLO-SLO1 > P10-PRL-VLV-VG04 > P10-PRL-VLV-VG05 > P10-PRL-VLV-VN1A > P10-PRL-VLV-VN1B,contenedor_scoring,373540,1dd9711a-59af-4c3f-8b41-17903a787e86-0005b324,P10 > P10-PRL-LGC-PRELIMPIEZA > P10-PRL-LGC-SILOS > P10-PRL-SLO-SLO1 > P10-PRL-VLV-VG04 > P10-PRL-VLV-VG05 > P10-PRL-VLV-VN1A > P10-PRL-VLV-VN1B,8,72,NO,200,200,0,ancestro_project_exacto_duplicado,373540:200:P10 > P10-PRL-LGC-PRELIMPIEZA > P10-PRL-LGC-SILOS > P10-PRL-SLO-SLO1 > P10-PRL-VLV-VG04 > P10-PRL-VLV-VG05 > P10-PRL-VLV-VN1A > P10-PRL-VLV-VN1B || 373591:200:P10 > P10-PRL-LGC-PRELIMPIEZA > P10-PRL-LGC-SILOS > P10-PRL-SLO-SLO2 > P10-PRL-VLV-VG06 > P10-PRL-VLV-VG07 > P10-PRL-VLV-VN2A > P10-PRL-VLV-VN2B || 377655:200:P10 > P10-PRL-LGC-PRELIMPIEZA > P10-PRL-ACS-TPRL || 384012:200:P10 > P10-PRL-LGC-PRELIMPIEZA > P10-PRL-LGC-SILOS > P10-PRL-SLO-SRECUP > P10-PRL-VLV-VR19 || 385248:200:P10 > P10-PRL-LGC-PRELIMPIEZA > P10-PRL-LGC-MERMA > P10-PRL-BTD-BA06 > P10-PRL-RSC-SF20 > P10-PRL-DSP-DSP01 > P10-PRL-ALM-M3DP > P10-PRL-ALM-M2DP > P10-PRL-VLV-VR36 > P10-PRL-RSC-SF19 > P10-PRL-VNT-M1DP > P10-PRL-RSC-SF16 || 385396:200:P10 > P10-PRL-LGC-PRELIMPIEZA > P10-PRL-LGC-MULTIASPIRADORES > P10-PRL-MLT-ASP1 > P10-PRL-ALM-AS01A > P10-PRL-ALM-AS01B > P10-PRL-VNT-VE01 > P10-PRL-CCL-CVE01 > P10-PRL-VLV-VR01 > P10-PRL-MLT-ASP2 > P10-PRL-ALM-AS02A > P10-PRL-ALM-AS02B > P10-PRL-VNT-VE02 > P10-PRL-CCL-CVE02 > P10-PRL-VLV-VR02 > P10-PRL-MLT-ASP3 > P10-PRL-ALM-AS03A > P10-PRL-ALM-AS03B > P10-PRL-VNT-VE03 > P10-PRL-CCL-CVE03 > P10-PRL-VLV-VR03 > P10-PRL-RSC-SF08 || 385416:200:P10 > P10-PRL-LGC-PRELIMPIEZA > P10-PRL-LGC-REDLER || 385436:200:P10 > P10-PRL-LGC-PRELIMPIEZA > P10-PRL-LGC-REDLER,P10-PRL-LGC-PRELIMPIEZA,Ancestro Project P10-PRL-LGC-PRELIMPIEZA aparece en 8 contenedores.,P10,P10-PRL-LGC-PRELIMPIEZA,P10-PRL-LGC-SILOS,P10-PRL-SLO-SLO1,P10-PRL-VLV-VG04,P10-PRL-VLV-VG05,P10-PRL-VLV-VN1A,P10-PRL-VLV-VN1B,,,,,,,,,,,,,,,,,,,,,,,,,,,,,,,,,,,,,,,,,,,,,,,,,,,,,,,,,,,,,,,,,,,,,,,,,hay más de un contenedor candidato
contenedor_duplicado,contenedor_por_ancestro_project,P10-PRL-MND-NML01,MANDO LENTO AUXILIAR N-01,660,5,660,P10-PRL-NOR-N01,P10-PRL-NOR-N01,P10-PRL-LGC-PRELIMPIEZA > P10-PRL-LGC-NORIAS/CINTAS > P10-PRL-NOR-N01,P10 > P10-PRL-LGC-PRELIMPIEZA > P10-PRL-LGC-NORIAS/CINTAS > P10-PRL-NOR-N01,P10 > P10-PRL-LGC-PRELIMPIEZA > P10-PRL-LGC-NORIAS/CINTAS > P10-PRL-NOR-N01 > P10-PRL-MND-NML01,373540,1dd9711a-59af-4c3f-8b41-17903a787e86-0005b324,Modelos genéricos,Silodiario harina,Silodiario harina,Silodiario harina,P10-PRL-SLO-SLO1,P10 > P10-PRL-LGC-PRELIMPIEZA > P10-PRL-LGC-SILOS > P10-PRL-SLO-SLO1 > P10-PRL-VLV-VG04 > P10-PRL-VLV-VG05 > P10-PRL-VLV-VN1A > P10-PRL-VLV-VN1B,contenedor_scoring,373540,1dd9711a-59af-4c3f-8b41-17903a787e86-0005b324,P10 > P10-PRL-LGC-PRELIMPIEZA > P10-PRL-LGC-SILOS > P10-PRL-SLO-SLO1 > P10-PRL-VLV-VG04 > P10-PRL-VLV-VG05 > P10-PRL-VLV-VN1A > P10-PRL-VLV-VN1B,8,72,NO,200,200,0,ancestro_project_exacto_duplicado,373540:200:P10 > P10-PRL-LGC-PRELIMPIEZA > P10-PRL-LGC-SILOS > P10-PRL-SLO-SLO1 > P10-PRL-VLV-VG04 > P10-PRL-VLV-VG05 > P10-PRL-VLV-VN1A > P10-PRL-VLV-VN1B || 373591:200:P10 > P10-PRL-LGC-PRELIMPIEZA > P10-PRL-LGC-SILOS > P10-PRL-SLO-SLO2 > P10-PRL-VLV-VG06 > P10-PRL-VLV-VG07 > P10-PRL-VLV-VN2A > P10-PRL-VLV-VN2B || 377655:200:P10 > P10-PRL-LGC-PRELIMPIEZA > P10-PRL-ACS-TPRL || 384012:200:P10 > P10-PRL-LGC-PRELIMPIEZA > P10-PRL-LGC-SILOS > P10-PRL-SLO-SRECUP > P10-PRL-VLV-VR19 || 385248:200:P10 > P10-PRL-LGC-PRELIMPIEZA > P10-PRL-LGC-MERMA > P10-PRL-BTD-BA06 > P10-PRL-RSC-SF20 > P10-PRL-DSP-DSP01 > P10-PRL-ALM-M3DP > P10-PRL-ALM-M2DP > P10-PRL-VLV-VR36 > P10-PRL-RSC-SF19 > P10-PRL-VNT-M1DP > P10-PRL-RSC-SF16 || 385396:200:P10 > P10-PRL-LGC-PRELIMPIEZA > P10-PRL-LGC-MULTIASPIRADORES > P10-PRL-MLT-ASP1 > P10-PRL-ALM-AS01A > P10-PRL-ALM-AS01B > P10-PRL-VNT-VE01 > P10-PRL-CCL-CVE01 > P10-PRL-VLV-VR01 > P10-PRL-MLT-ASP2 > P10-PRL-ALM-AS02A > P10-PRL-ALM-AS02B > P10-PRL-VNT-VE02 > P10-PRL-CCL-CVE02 > P10-PRL-VLV-VR02 > P10-PRL-MLT-ASP3 > P10-PRL-ALM-AS03A > P10-PRL-ALM-AS03B > P10-PRL-VNT-VE03 > P10-PRL-CCL-CVE03 > P10-PRL-VLV-VR03 > P10-PRL-RSC-SF08 || 385416:200:P10 > P10-PRL-LGC-PRELIMPIEZA > P10-PRL-LGC-REDLER || 385436:200:P10 > P10-PRL-LGC-PRELIMPIEZA > P10-PRL-LGC-REDLER,P10-PRL-LGC-PRELIMPIEZA,Ancestro Project P10-PRL-LGC-PRELIMPIEZA aparece en 8 contenedores.,P10,P10-PRL-LGC-PRELIMPIEZA,P10-PRL-LGC-SILOS,P10-PRL-SLO-SLO1,P10-PRL-VLV-VG04,P10-PRL-VLV-VG05,P10-PRL-VLV-VN1A,P10-PRL-VLV-VN1B,,,,,,,,,,,,,,,,,,,,,,,,,,,,,,,,,,,,,,,,,,,,,,,,,,,,,,,,,,,,,,,,,,,,,,,,,hay más de un contenedor candidato
contenedor_duplicado,contenedor_por_ancestro_project,P10-PRL-NOR-N02,NORIA N02,661,4,661,P10-PRL-LGC-NORIAS/CINTAS,P10-PRL-LGC-NORIAS/CINTAS,P10-PRL-LGC-PRELIMPIEZA > P10-PRL-LGC-NORIAS/CINTAS,P10 > P10-PRL-LGC-PRELIMPIEZA > P10-PRL-LGC-NORIAS/CINTAS,P10 > P10-PRL-LGC-PRELIMPIEZA > P10-PRL-LGC-NORIAS/CINTAS > P10-PRL-NOR-N02,373540,1dd9711a-59af-4c3f-8b41-17903a787e86-0005b324,Modelos genéricos,Silodiario harina,Silodiario harina,Silodiario harina,P10-PRL-SLO-SLO1,P10 > P10-PRL-LGC-PRELIMPIEZA > P10-PRL-LGC-SILOS > P10-PRL-SLO-SLO1 > P10-PRL-VLV-VG04 > P10-PRL-VLV-VG05 > P10-PRL-VLV-VN1A > P10-PRL-VLV-VN1B,contenedor_scoring,373540,1dd9711a-59af-4c3f-8b41-17903a787e86-0005b324,P10 > P10-PRL-LGC-PRELIMPIEZA > P10-PRL-LGC-SILOS > P10-PRL-SLO-SLO1 > P10-PRL-VLV-VG04 > P10-PRL-VLV-VG05 > P10-PRL-VLV-VN1A > P10-PRL-VLV-VN1B,8,72,NO,200,200,0,ancestro_project_exacto_duplicado,373540:200:P10 > P10-PRL-LGC-PRELIMPIEZA > P10-PRL-LGC-SILOS > P10-PRL-SLO-SLO1 > P10-PRL-VLV-VG04 > P10-PRL-VLV-VG05 > P10-PRL-VLV-VN1A > P10-PRL-VLV-VN1B || 373591:200:P10 > P10-PRL-LGC-PRELIMPIEZA > P10-PRL-LGC-SILOS > P10-PRL-SLO-SLO2 > P10-PRL-VLV-VG06 > P10-PRL-VLV-VG07 > P10-PRL-VLV-VN2A > P10-PRL-VLV-VN2B || 377655:200:P10 > P10-PRL-LGC-PRELIMPIEZA > P10-PRL-ACS-TPRL || 384012:200:P10 > P10-PRL-LGC-PRELIMPIEZA > P10-PRL-LGC-SILOS > P10-PRL-SLO-SRECUP > P10-PRL-VLV-VR19 || 385248:200:P10 > P10-PRL-LGC-PRELIMPIEZA > P10-PRL-LGC-MERMA > P10-PRL-BTD-BA06 > P10-PRL-RSC-SF20 > P10-PRL-DSP-DSP01 > P10-PRL-ALM-M3DP > P10-PRL-ALM-M2DP > P10-PRL-VLV-VR36 > P10-PRL-RSC-SF19 > P10-PRL-VNT-M1DP > P10-PRL-RSC-SF16 || 385396:200:P10 > P10-PRL-LGC-PRELIMPIEZA > P10-PRL-LGC-MULTIASPIRADORES > P10-PRL-MLT-ASP1 > P10-PRL-ALM-AS01A > P10-PRL-ALM-AS01B > P10-PRL-VNT-VE01 > P10-PRL-CCL-CVE01 > P10-PRL-VLV-VR01 > P10-PRL-MLT-ASP2 > P10-PRL-ALM-AS02A > P10-PRL-ALM-AS02B > P10-PRL-VNT-VE02 > P10-PRL-CCL-CVE02 > P10-PRL-VLV-VR02 > P10-PRL-MLT-ASP3 > P10-PRL-ALM-AS03A > P10-PRL-ALM-AS03B > P10-PRL-VNT-VE03 > P10-PRL-CCL-CVE03 > P10-PRL-VLV-VR03 > P10-PRL-RSC-SF08 || 385416:200:P10 > P10-PRL-LGC-PRELIMPIEZA > P10-PRL-LGC-REDLER || 385436:200:P10 > P10-PRL-LGC-PRELIMPIEZA > P10-PRL-LGC-REDLER,P10-PRL-LGC-PRELIMPIEZA,Ancestro Project P10-PRL-LGC-PRELIMPIEZA aparece en 8 contenedores.,P10,P10-PRL-LGC-PRELIMPIEZA,P10-PRL-LGC-SILOS,P10-PRL-SLO-SLO1,P10-PRL-VLV-VG04,P10-PRL-VLV-VG05,P10-PRL-VLV-VN1A,P10-PRL-VLV-VN1B,,,,,,,,,,,,,,,,,,,,,,,,,,,,,,,,,,,,,,,,,,,,,,,,,,,,,,,,,,,,,,,,,,,,,,,,,hay más de un contenedor candidato
contenedor_duplicado,contenedor_por_ancestro_project,P10-PRL-MND-NML02,MANDO LENTO AUXILIAR N-02,662,5,662,P10-PRL-NOR-N02,P10-PRL-NOR-N02,P10-PRL-LGC-PRELIMPIEZA > P10-PRL-LGC-NORIAS/CINTAS > P10-PRL-NOR-N02,P10 > P10-PRL-LGC-PRELIMPIEZA > P10-PRL-LGC-NORIAS/CINTAS > P10-PRL-NOR-N02,P10 > P10-PRL-LGC-PRELIMPIEZA > P10-PRL-LGC-NORIAS/CINTAS > P10-PRL-NOR-N02 > P10-PRL-MND-NML02,373540,1dd9711a-59af-4c3f-8b41-17903a787e86-0005b324,Modelos genéricos,Silodiario harina,Silodiario harina,Silodiario harina,P10-PRL-SLO-SLO1,P10 > P10-PRL-LGC-PRELIMPIEZA > P10-PRL-LGC-SILOS > P10-PRL-SLO-SLO1 > P10-PRL-VLV-VG04 > P10-PRL-VLV-VG05 > P10-PRL-VLV-VN1A > P10-PRL-VLV-VN1B,contenedor_scoring,373540,1dd9711a-59af-4c3f-8b41-17903a787e86-0005b324,P10 > P10-PRL-LGC-PRELIMPIEZA > P10-PRL-LGC-SILOS > P10-PRL-SLO-SLO1 > P10-PRL-VLV-VG04 > P10-PRL-VLV-VG05 > P10-PRL-VLV-VN1A > P10-PRL-VLV-VN1B,8,72,NO,200,200,0,ancestro_project_exacto_duplicado,373540:200:P10 > P10-PRL-LGC-PRELIMPIEZA > P10-PRL-LGC-SILOS > P10-PRL-SLO-SLO1 > P10-PRL-VLV-VG04 > P10-PRL-VLV-VG05 > P10-PRL-VLV-VN1A > P10-PRL-VLV-VN1B || 373591:200:P10 > P10-PRL-LGC-PRELIMPIEZA > P10-PRL-LGC-SILOS > P10-PRL-SLO-SLO2 > P10-PRL-VLV-VG06 > P10-PRL-VLV-VG07 > P10-PRL-VLV-VN2A > P10-PRL-VLV-VN2B || 377655:200:P10 > P10-PRL-LGC-PRELIMPIEZA > P10-PRL-ACS-TPRL || 384012:200:P10 > P10-PRL-LGC-PRELIMPIEZA > P10-PRL-LGC-SILOS > P10-PRL-SLO-SRECUP > P10-PRL-VLV-VR19 || 385248:200:P10 > P10-PRL-LGC-PRELIMPIEZA > P10-PRL-LGC-MERMA > P10-PRL-BTD-BA06 > P10-PRL-RSC-SF20 > P10-PRL-DSP-DSP01 > P10-PRL-ALM-M3DP > P10-PRL-ALM-M2DP > P10-PRL-VLV-VR36 > P10-PRL-RSC-SF19 > P10-PRL-VNT-M1DP > P10-PRL-RSC-SF16 || 385396:200:P10 > P10-PRL-LGC-PRELIMPIEZA > P10-PRL-LGC-MULTIASPIRADORES > P10-PRL-MLT-ASP1 > P10-PRL-ALM-AS01A > P10-PRL-ALM-AS01B > P10-PRL-VNT-VE01 > P10-PRL-CCL-CVE01 > P10-PRL-VLV-VR01 > P10-PRL-MLT-ASP2 > P10-PRL-ALM-AS02A > P10-PRL-ALM-AS02B > P10-PRL-VNT-VE02 > P10-PRL-CCL-CVE02 > P10-PRL-VLV-VR02 > P10-PRL-MLT-ASP3 > P10-PRL-ALM-AS03A > P10-PRL-ALM-AS03B > P10-PRL-VNT-VE03 > P10-PRL-CCL-CVE03 > P10-PRL-VLV-VR03 > P10-PRL-RSC-SF08 || 385416:200:P10 > P10-PRL-LGC-PRELIMPIEZA > P10-PRL-LGC-REDLER || 385436:200:P10 > P10-PRL-LGC-PRELIMPIEZA > P10-PRL-LGC-REDLER,P10-PRL-LGC-PRELIMPIEZA,Ancestro Project P10-PRL-LGC-PRELIMPIEZA aparece en 8 contenedores.,P10,P10-PRL-LGC-PRELIMPIEZA,P10-PRL-LGC-SILOS,P10-PRL-SLO-SLO1,P10-PRL-VLV-VG04,P10-PRL-VLV-VG05,P10-PRL-VLV-VN1A,P10-PRL-VLV-VN1B,,,,,,,,,,,,,,,,,,,,,,,,,,,,,,,,,,,,,,,,,,,,,,,,,,,,,,,,,,,,,,,,,,,,,,,,,hay más de un contenedor candidato
duplicado,elemento_puntual,P10-PRL-LGC-REDLER,CONJUNTO DE REDLER PRELIMPIEZA P10,663,3,663,P10-PRL-LGC-PRELIMPIEZA,P10-PRL-LGC-PRELIMPIEZA,P10-PRL-LGC-PRELIMPIEZA,P10 > P10-PRL-LGC-PRELIMPIEZA,P10 > P10-PRL-LGC-PRELIMPIEZA > P10-PRL-LGC-REDLER,385416,3ade3506-4f84-4896-9589-30d81e40c276-0005e188,Cubiertas,,Genérico - 400 mm,Genérico - 400 mm,,P10 > P10-PRL-LGC-PRELIMPIEZA > P10-PRL-LGC-REDLER,btz_description_03,,,,,,,,,,,,,2 elementos Revit contienen el código exacto.,P10,P10-PRL-LGC-PRELIMPIEZA,P10-PRL-LGC-REDLER,,,,,,,,,,,,,,,,,,,,,,,,,,,,,,,,,,,,,,,,,,,,,,,,,,,,,,,,,,,,,,,,,,,,,,,,,,,,,,hay más de un elemento puntual posible
duplicado,elemento_puntual,P10-PRL-LGC-REDLER,CONJUNTO DE REDLER PRELIMPIEZA P10,663,3,663,P10-PRL-LGC-PRELIMPIEZA,P10-PRL-LGC-PRELIMPIEZA,P10-PRL-LGC-PRELIMPIEZA,P10 > P10-PRL-LGC-PRELIMPIEZA,P10 > P10-PRL-LGC-PRELIMPIEZA > P10-PRL-LGC-REDLER,385436,3ade3506-4f84-4896-9589-30d81e40c276-0005e19c,Cubiertas,,Genérico - 400 mm,Genérico - 400 mm,,P10 > P10-PRL-LGC-PRELIMPIEZA > P10-PRL-LGC-REDLER,btz_description_03,,,,,,,,,,,,,2 elementos Revit contienen el código exacto.,P10,P10-PRL-LGC-PRELIMPIEZA,P10-PRL-LGC-REDLER,,,,,,,,,,,,,,,,,,,,,,,,,,,,,,,,,,,,,,,,,,,,,,,,,,,,,,,,,,,,,,,,,,,,,,,,,,,,,,hay más de un elemento puntual posible
contenedor_duplicado,contenedor_por_ancestro_project,P10-PRL-RDL-RM01,REDLER DE MERMA,664,4,664,P10-PRL-LGC-REDLER,P10-PRL-LGC-REDLER,P10-PRL-LGC-PRELIMPIEZA > P10-PRL-LGC-REDLER,P10 > P10-PRL-LGC-PRELIMPIEZA > P10-PRL-LGC-REDLER,P10 > P10-PRL-LGC-PRELIMPIEZA > P10-PRL-LGC-REDLER > P10-PRL-RDL-RM01,385416,3ade3506-4f84-4896-9589-30d81e40c276-0005e188,Cubiertas,,Genérico - 400 mm,Genérico - 400 mm,,P10 > P10-PRL-LGC-PRELIMPIEZA > P10-PRL-LGC-REDLER,contenedor_scoring,385416,3ade3506-4f84-4896-9589-30d81e40c276-0005e188,P10 > P10-PRL-LGC-PRELIMPIEZA > P10-PRL-LGC-REDLER,3,77,NO,200,200,0,ancestro_project_exacto_duplicado,385416:200:P10 > P10-PRL-LGC-PRELIMPIEZA > P10-PRL-LGC-REDLER || 385436:200:P10 > P10-PRL-LGC-PRELIMPIEZA > P10-PRL-LGC-REDLER,P10-PRL-LGC-REDLER,Ancestro Project P10-PRL-LGC-REDLER aparece en 2 contenedores.,P10,P10-PRL-LGC-PRELIMPIEZA,P10-PRL-LGC-REDLER,,,,,,,,,,,,,,,,,,,,,,,,,,,,,,,,,,,,,,,,,,,,,,,,,,,,,,,,,,,,,,,,,,,,,,,,,,,,,,hay más de un contenedor candidato
contenedor_duplicado,contenedor_por_ancestro_project,P10-PRL-RDL-R01,REDLER R01 DESCARTE DE ZARANDAS ZPP,665,4,665,P10-PRL-LGC-REDLER,P10-PRL-LGC-REDLER,P10-PRL-LGC-PRELIMPIEZA > P10-PRL-LGC-REDLER,P10 > P10-PRL-LGC-PRELIMPIEZA > P10-PRL-LGC-REDLER,P10 > P10-PRL-LGC-PRELIMPIEZA > P10-PRL-LGC-REDLER > P10-PRL-RDL-R01,385416,3ade3506-4f84-4896-9589-30d81e40c276-0005e188,Cubiertas,,Genérico - 400 mm,Genérico - 400 mm,,P10 > P10-PRL-LGC-PRELIMPIEZA > P10-PRL-LGC-REDLER,contenedor_scoring,385416,3ade3506-4f84-4896-9589-30d81e40c276-0005e188,P10 > P10-PRL-LGC-PRELIMPIEZA > P10-PRL-LGC-REDLER,3,77,NO,200,200,0,ancestro_project_exacto_duplicado,385416:200:P10 > P10-PRL-LGC-PRELIMPIEZA > P10-PRL-LGC-REDLER || 385436:200:P10 > P10-PRL-LGC-PRELIMPIEZA > P10-PRL-LGC-REDLER,P10-PRL-LGC-REDLER,Ancestro Project P10-PRL-LGC-REDLER aparece en 2 contenedores.,P10,P10-PRL-LGC-PRELIMPIEZA,P10-PRL-LGC-REDLER,,,,,,,,,,,,,,,,,,,,,,,,,,,,,,,,,,,,,,,,,,,,,,,,,,,,,,,,,,,,,,,,,,,,,,,,,,,,,,hay más de un contenedor candidato
contenedor_duplicado,contenedor_por_ancestro_project,P10-PRL-RDL-R02,REDLER R02 DESCARGA ZAR. ZPP03 A SILO LIMPIA,666,4,666,P10-PRL-LGC-REDLER,P10-PRL-LGC-REDLER,P10-PRL-LGC-PRELIMPIEZA > P10-PRL-LGC-REDLER,P10 > P10-PRL-LGC-PRELIMPIEZA > P10-PRL-LGC-REDLER,P10 > P10-PRL-LGC-PRELIMPIEZA > P10-PRL-LGC-REDLER > P10-PRL-RDL-R02,385416,3ade3506-4f84-4896-9589-30d81e40c276-0005e188,Cubiertas,,Genérico - 400 mm,Genérico - 400 mm,,P10 > P10-PRL-LGC-PRELIMPIEZA > P10-PRL-LGC-REDLER,contenedor_scoring,385416,3ade3506-4f84-4896-9589-30d81e40c276-0005e188,P10 > P10-PRL-LGC-PRELIMPIEZA > P10-PRL-LGC-REDLER,3,77,NO,200,200,0,ancestro_project_exacto_duplicado,385416:200:P10 > P10-PRL-LGC-PRELIMPIEZA > P10-PRL-LGC-REDLER || 385436:200:P10 > P10-PRL-LGC-PRELIMPIEZA > P10-PRL-LGC-REDLER,P10-PRL-LGC-REDLER,Ancestro Project P10-PRL-LGC-REDLER aparece en 2 contenedores.,P10,P10-PRL-LGC-PRELIMPIEZA,P10-PRL-LGC-REDLER,,,,,,,,,,,,,,,,,,,,,,,,,,,,,,,,,,,,,,,,,,,,,,,,,,,,,,,,,,,,,,,,,,,,,,,,,,,,,,hay más de un contenedor candidato
contenedor_duplicado,contenedor_por_ancestro_project,P10-PRL-RDL-R03,REDLER R03 DOBLE DESCARGA SOBRE BEAN HEATHERS,667,4,667,P10-PRL-LGC-REDLER,P10-PRL-LGC-REDLER,P10-PRL-LGC-PRELIMPIEZA > P10-PRL-LGC-REDLER,P10 > P10-PRL-LGC-PRELIMPIEZA > P10-PRL-LGC-REDLER,P10 > P10-PRL-LGC-PRELIMPIEZA > P10-PRL-LGC-REDLER > P10-PRL-RDL-R03,385416,3ade3506-4f84-4896-9589-30d81e40c276-0005e188,Cubiertas,,Genérico - 400 mm,Genérico - 400 mm,,P10 > P10-PRL-LGC-PRELIMPIEZA > P10-PRL-LGC-REDLER,contenedor_scoring,385416,3ade3506-4f84-4896-9589-30d81e40c276-0005e188,P10 > P10-PRL-LGC-PRELIMPIEZA > P10-PRL-LGC-REDLER,3,77,NO,200,200,0,ancestro_project_exacto_duplicado,385416:200:P10 > P10-PRL-LGC-PRELIMPIEZA > P10-PRL-LGC-REDLER || 385436:200:P10 > P10-PRL-LGC-PRELIMPIEZA > P10-PRL-LGC-REDLER,P10-PRL-LGC-REDLER,Ancestro Project P10-PRL-LGC-REDLER aparece en 2 contenedores.,P10,P10-PRL-LGC-PRELIMPIEZA,P10-PRL-LGC-REDLER,,,,,,,,,,,,,,,,,,,,,,,,,,,,,,,,,,,,,,,,,,,,,,,,,,,,,,,,,,,,,,,,,,,,,,,,,,,,,,hay más de un contenedor candidato
contenedor_duplicado,contenedor_por_ancestro_project,P10-PRL-RDL-RR01,REDLER RR01 SALIDA ZARANDA ROTATIVA ZR01,668,4,668,P10-PRL-LGC-REDLER,P10-PRL-LGC-REDLER,P10-PRL-LGC-PRELIMPIEZA > P10-PRL-LGC-REDLER,P10 > P10-PRL-LGC-PRELIMPIEZA > P10-PRL-LGC-REDLER,P10 > P10-PRL-LGC-PRELIMPIEZA > P10-PRL-LGC-REDLER > P10-PRL-RDL-RR01,385416,3ade3506-4f84-4896-9589-30d81e40c276-0005e188,Cubiertas,,Genérico - 400 mm,Genérico - 400 mm,,P10 > P10-PRL-LGC-PRELIMPIEZA > P10-PRL-LGC-REDLER,contenedor_scoring,385416,3ade3506-4f84-4896-9589-30d81e40c276-0005e188,P10 > P10-PRL-LGC-PRELIMPIEZA > P10-PRL-LGC-REDLER,3,77,NO,200,200,0,ancestro_project_exacto_duplicado,385416:200:P10 > P10-PRL-LGC-PRELIMPIEZA > P10-PRL-LGC-REDLER || 385436:200:P10 > P10-PRL-LGC-PRELIMPIEZA > P10-PRL-LGC-REDLER,P10-PRL-LGC-REDLER,Ancestro Project P10-PRL-LGC-REDLER aparece en 2 contenedores.,P10,P10-PRL-LGC-PRELIMPIEZA,P10-PRL-LGC-REDLER,,,,,,,,,,,,,,,,,,,,,,,,,,,,,,,,,,,,,,,,,,,,,,,,,,,,,,,,,,,,,,,,,,,,,,,,,,,,,,hay más de un contenedor candidato
contenedor_duplicado,contenedor_por_ancestro_project,P10-PRL-RDL-RR02,REDLER RR02 SALIDA ZARANDA ROTATIVA ZR02,669,4,669,P10-PRL-LGC-REDLER,P10-PRL-LGC-REDLER,P10-PRL-LGC-PRELIMPIEZA > P10-PRL-LGC-REDLER,P10 > P10-PRL-LGC-PRELIMPIEZA > P10-PRL-LGC-REDLER,P10 > P10-PRL-LGC-PRELIMPIEZA > P10-PRL-LGC-REDLER > P10-PRL-RDL-RR02,385416,3ade3506-4f84-4896-9589-30d81e40c276-0005e188,Cubiertas,,Genérico - 400 mm,Genérico - 400 mm,,P10 > P10-PRL-LGC-PRELIMPIEZA > P10-PRL-LGC-REDLER,contenedor_scoring,385416,3ade3506-4f84-4896-9589-30d81e40c276-0005e188,P10 > P10-PRL-LGC-PRELIMPIEZA > P10-PRL-LGC-REDLER,3,77,NO,200,200,0,ancestro_project_exacto_duplicado,385416:200:P10 > P10-PRL-LGC-PRELIMPIEZA > P10-PRL-LGC-REDLER || 385436:200:P10 > P10-PRL-LGC-PRELIMPIEZA > P10-PRL-LGC-REDLER,P10-PRL-LGC-REDLER,Ancestro Project P10-PRL-LGC-REDLER aparece en 2 contenedores.,P10,P10-PRL-LGC-PRELIMPIEZA,P10-PRL-LGC-REDLER,,,,,,,,,,,,,,,,,,,,,,,,,,,,,,,,,,,,,,,,,,,,,,,,,,,,,,,,,,,,,,,,,,,,,,,,,,,,,,hay más de un contenedor candidato
contenedor_duplicado,contenedor_por_ancestro_project,P10-PRL-RDL-RR03,REDLER RR03 SOBRE ASPIRADORES KICE <INCL>,670,4,670,P10-PRL-LGC-REDLER,P10-PRL-LGC-REDLER,P10-PRL-LGC-PRELIMPIEZA > P10-PRL-LGC-REDLER,P10 > P10-PRL-LGC-PRELIMPIEZA > P10-PRL-LGC-REDLER,P10 > P10-PRL-LGC-PRELIMPIEZA > P10-PRL-LGC-REDLER > P10-PRL-RDL-RR03,385416,3ade3506-4f84-4896-9589-30d81e40c276-0005e188,Cubiertas,,Genérico - 400 mm,Genérico - 400 mm,,P10 > P10-PRL-LGC-PRELIMPIEZA > P10-PRL-LGC-REDLER,contenedor_scoring,385416,3ade3506-4f84-4896-9589-30d81e40c276-0005e188,P10 > P10-PRL-LGC-PRELIMPIEZA > P10-PRL-LGC-REDLER,3,77,NO,200,200,0,ancestro_project_exacto_duplicado,385416:200:P10 > P10-PRL-LGC-PRELIMPIEZA > P10-PRL-LGC-REDLER || 385436:200:P10 > P10-PRL-LGC-PRELIMPIEZA > P10-PRL-LGC-REDLER,P10-PRL-LGC-REDLER,Ancestro Project P10-PRL-LGC-REDLER aparece en 2 contenedores.,P10,P10-PRL-LGC-PRELIMPIEZA,P10-PRL-LGC-REDLER,,,,,,,,,,,,,,,,,,,,,,,,,,,,,,,,,,,,,,,,,,,,,,,,,,,,,,,,,,,,,,,,,,,,,,,,,,,,,,hay más de un contenedor candidato
duplicado,elemento_puntual,P10-PRL-LGC-SILOS,CONJUNTO DE SILOS PRELIMPIEZA P10,671,3,671,P10-PRL-LGC-PRELIMPIEZA,P10-PRL-LGC-PRELIMPIEZA,P10-PRL-LGC-PRELIMPIEZA,P10 > P10-PRL-LGC-PRELIMPIEZA,P10 > P10-PRL-LGC-PRELIMPIEZA > P10-PRL-LGC-SILOS,373540,1dd9711a-59af-4c3f-8b41-17903a787e86-0005b324,Modelos genéricos,Silodiario harina,Silodiario harina,Silodiario harina,P10-PRL-SLO-SLO1,P10 > P10-PRL-LGC-PRELIMPIEZA > P10-PRL-LGC-SILOS > P10-PRL-SLO-SLO1 > P10-PRL-VLV-VG04 > P10-PRL-VLV-VG05 > P10-PRL-VLV-VN1A > P10-PRL-VLV-VN1B,btz_description_03,,,,,,,,,,,,,3 elementos Revit contienen el código exacto.,P10,P10-PRL-LGC-PRELIMPIEZA,P10-PRL-LGC-SILOS,P10-PRL-SLO-SLO1,P10-PRL-VLV-VG04,P10-PRL-VLV-VG05,P10-PRL-VLV-VN1A,P10-PRL-VLV-VN1B,,,,,,,,,,,,,,,,,,,,,,,,,,,,,,,,,,,,,,,,,,,,,,,,,,,,,,,,,,,,,,,,,,,,,,,,,hay más de un elemento puntual posible
duplicado,elemento_puntual,P10-PRL-LGC-SILOS,CONJUNTO DE SILOS PRELIMPIEZA P10,671,3,671,P10-PRL-LGC-PRELIMPIEZA,P10-PRL-LGC-PRELIMPIEZA,P10-PRL-LGC-PRELIMPIEZA,P10 > P10-PRL-LGC-PRELIMPIEZA,P10 > P10-PRL-LGC-PRELIMPIEZA > P10-PRL-LGC-SILOS,373591,1dd9711a-59af-4c3f-8b41-17903a787e86-0005b357,Modelos genéricos,Silodiario harina1,Silodiario harina,Silodiario harina,P10-PRL-SLO-SLO2,P10 > P10-PRL-LGC-PRELIMPIEZA > P10-PRL-LGC-SILOS > P10-PRL-SLO-SLO2 > P10-PRL-VLV-VG06 > P10-PRL-VLV-VG07 > P10-PRL-VLV-VN2A > P10-PRL-VLV-VN2B,btz_description_03,,,,,,,,,,,,,3 elementos Revit contienen el código exacto.,P10,P10-PRL-LGC-PRELIMPIEZA,P10-PRL-LGC-SILOS,P10-PRL-SLO-SLO2,P10-PRL-VLV-VG06,P10-PRL-VLV-VG07,P10-PRL-VLV-VN2A,P10-PRL-VLV-VN2B,,,,,,,,,,,,,,,,,,,,,,,,,,,,,,,,,,,,,,,,,,,,,,,,,,,,,,,,,,,,,,,,,,,,,,,,,hay más de un elemento puntual posible
duplicado,elemento_puntual,P10-PRL-LGC-SILOS,CONJUNTO DE SILOS PRELIMPIEZA P10,671,3,671,P10-PRL-LGC-PRELIMPIEZA,P10-PRL-LGC-PRELIMPIEZA,P10-PRL-LGC-PRELIMPIEZA,P10 > P10-PRL-LGC-PRELIMPIEZA,P10 > P10-PRL-LGC-PRELIMPIEZA > P10-PRL-LGC-SILOS,384012,e0118a5a-e983-4b93-852f-e273cc5f6243-0005dc0c,Modelos genéricos,Biodiesel10,Biodiesel,Biodiesel,P10-PRL-SLO-SRECUP,P10 > P10-PRL-LGC-PRELIMPIEZA > P10-PRL-LGC-SILOS > P10-PRL-SLO-SRECUP > P10-PRL-VLV-VR19,btz_description_03,,,,,,,,,,,,,3 elementos Revit contienen el código exacto.,P10,P10-PRL-LGC-PRELIMPIEZA,P10-PRL-LGC-SILOS,P10-PRL-SLO-SRECUP,P10-PRL-VLV-VR19,,,,,,,,,,,,,,,,,,,,,,,,,,,,,,,,,,,,,,,,,,,,,,,,,,,,,,,,,,,,,,,,,,,,,,,,,,,,hay más de un elemento puntual posible
contenedor_duplicado,contenedor_por_ancestro_project,P10-PRL-SLO-SLO3,SILO PULMON <300 TN>,682,4,682,P10-PRL-LGC-SILOS,P10-PRL-LGC-SILOS,P10-PRL-LGC-PRELIMPIEZA > P10-PRL-LGC-SILOS,P10 > P10-PRL-LGC-PRELIMPIEZA > P10-PRL-LGC-SILOS,P10 > P10-PRL-LGC-PRELIMPIEZA > P10-PRL-LGC-SILOS > P10-PRL-SLO-SLO3 LIMPIA,373540,1dd9711a-59af-4c3f-8b41-17903a787e86-0005b324,Modelos genéricos,Silodiario harina,Silodiario harina,Silodiario harina,P10-PRL-SLO-SLO1,P10 > P10-PRL-LGC-PRELIMPIEZA > P10-PRL-LGC-SILOS > P10-PRL-SLO-SLO1 > P10-PRL-VLV-VG04 > P10-PRL-VLV-VG05 > P10-PRL-VLV-VN1A > P10-PRL-VLV-VN1B,contenedor_scoring,373540,1dd9711a-59af-4c3f-8b41-17903a787e86-0005b324,P10 > P10-PRL-LGC-PRELIMPIEZA > P10-PRL-LGC-SILOS > P10-PRL-SLO-SLO1 > P10-PRL-VLV-VG04 > P10-PRL-VLV-VG05 > P10-PRL-VLV-VN1A > P10-PRL-VLV-VN1B,8,72,NO,200,200,0,ancestro_project_exacto_duplicado,373540:200:P10 > P10-PRL-LGC-PRELIMPIEZA > P10-PRL-LGC-SILOS > P10-PRL-SLO-SLO1 > P10-PRL-VLV-VG04 > P10-PRL-VLV-VG05 > P10-PRL-VLV-VN1A > P10-PRL-VLV-VN1B || 373591:200:P10 > P10-PRL-LGC-PRELIMPIEZA > P10-PRL-LGC-SILOS > P10-PRL-SLO-SLO2 > P10-PRL-VLV-VG06 > P10-PRL-VLV-VG07 > P10-PRL-VLV-VN2A > P10-PRL-VLV-VN2B || 384012:200:P10 > P10-PRL-LGC-PRELIMPIEZA > P10-PRL-LGC-SILOS > P10-PRL-SLO-SRECUP > P10-PRL-VLV-VR19,P10-PRL-LGC-SILOS,Ancestro Project P10-PRL-LGC-SILOS aparece en 3 contenedores.,P10,P10-PRL-LGC-PRELIMPIEZA,P10-PRL-LGC-SILOS,P10-PRL-SLO-SLO1,P10-PRL-VLV-VG04,P10-PRL-VLV-VG05,P10-PRL-VLV-VN1A,P10-PRL-VLV-VN1B,,,,,,,,,,,,,,,,,,,,,,,,,,,,,,,,,,,,,,,,,,,,,,,,,,,,,,,,,,,,,,,,,,,,,,,,,hay más de un contenedor candidato
contenedor_duplicado,contenedor_por_ancestro_project,P10-PRL-VLV-VG09,VALVULA A GUILLOTINA DESC. SILO PRINCIPAL LIMPIA,683,5,683,P10-PRL-SLO-SLO3 LIMPIA,P10-PRL-SLO-SLO3,P10-PRL-LGC-PRELIMPIEZA > P10-PRL-LGC-SILOS > P10-PRL-SLO-SLO3,P10 > P10-PRL-LGC-PRELIMPIEZA > P10-PRL-LGC-SILOS > P10-PRL-SLO-SLO3 LIMPIA,P10 > P10-PRL-LGC-PRELIMPIEZA > P10-PRL-LGC-SILOS > P10-PRL-SLO-SLO3 LIMPIA > P10-PRL-VLV-VG09,373540,1dd9711a-59af-4c3f-8b41-17903a787e86-0005b324,Modelos genéricos,Silodiario harina,Silodiario harina,Silodiario harina,P10-PRL-SLO-SLO1,P10 > P10-PRL-LGC-PRELIMPIEZA > P10-PRL-LGC-SILOS > P10-PRL-SLO-SLO1 > P10-PRL-VLV-VG04 > P10-PRL-VLV-VG05 > P10-PRL-VLV-VN1A > P10-PRL-VLV-VN1B,contenedor_scoring,373540,1dd9711a-59af-4c3f-8b41-17903a787e86-0005b324,P10 > P10-PRL-LGC-PRELIMPIEZA > P10-PRL-LGC-SILOS > P10-PRL-SLO-SLO1 > P10-PRL-VLV-VG04 > P10-PRL-VLV-VG05 > P10-PRL-VLV-VN1A > P10-PRL-VLV-VN1B,8,72,NO,200,200,0,ancestro_project_exacto_duplicado,373540:200:P10 > P10-PRL-LGC-PRELIMPIEZA > P10-PRL-LGC-SILOS > P10-PRL-SLO-SLO1 > P10-PRL-VLV-VG04 > P10-PRL-VLV-VG05 > P10-PRL-VLV-VN1A > P10-PRL-VLV-VN1B || 373591:200:P10 > P10-PRL-LGC-PRELIMPIEZA > P10-PRL-LGC-SILOS > P10-PRL-SLO-SLO2 > P10-PRL-VLV-VG06 > P10-PRL-VLV-VG07 > P10-PRL-VLV-VN2A > P10-PRL-VLV-VN2B || 384012:200:P10 > P10-PRL-LGC-PRELIMPIEZA > P10-PRL-LGC-SILOS > P10-PRL-SLO-SRECUP > P10-PRL-VLV-VR19,P10-PRL-LGC-SILOS,Ancestro Project P10-PRL-LGC-SILOS aparece en 3 contenedores.,P10,P10-PRL-LGC-PRELIMPIEZA,P10-PRL-LGC-SILOS,P10-PRL-SLO-SLO1,P10-PRL-VLV-VG04,P10-PRL-VLV-VG05,P10-PRL-VLV-VN1A,P10-PRL-VLV-VN1B,,,,,,,,,,,,,,,,,,,,,,,,,,,,,,,,,,,,,,,,,,,,,,,,,,,,,,,,,,,,,,,,,,,,,,,,,hay más de un contenedor candidato
contenedor_duplicado,contenedor_por_ancestro_project,P10-PRL-VLV-VG08,VALVULA GUILL MANUAL  DESC. SILO PRINCIPAL LIMPIA,684,5,684,P10-PRL-SLO-SLO3 LIMPIA,P10-PRL-SLO-SLO3,P10-PRL-LGC-PRELIMPIEZA > P10-PRL-LGC-SILOS > P10-PRL-SLO-SLO3,P10 > P10-PRL-LGC-PRELIMPIEZA > P10-PRL-LGC-SILOS > P10-PRL-SLO-SLO3 LIMPIA,P10 > P10-PRL-LGC-PRELIMPIEZA > P10-PRL-LGC-SILOS > P10-PRL-SLO-SLO3 LIMPIA > P10-PRL-VLV-VG08,373540,1dd9711a-59af-4c3f-8b41-17903a787e86-0005b324,Modelos genéricos,Silodiario harina,Silodiario harina,Silodiario harina,P10-PRL-SLO-SLO1,P10 > P10-PRL-LGC-PRELIMPIEZA > P10-PRL-LGC-SILOS > P10-PRL-SLO-SLO1 > P10-PRL-VLV-VG04 > P10-PRL-VLV-VG05 > P10-PRL-VLV-VN1A > P10-PRL-VLV-VN1B,contenedor_scoring,373540,1dd9711a-59af-4c3f-8b41-17903a787e86-0005b324,P10 > P10-PRL-LGC-PRELIMPIEZA > P10-PRL-LGC-SILOS > P10-PRL-SLO-SLO1 > P10-PRL-VLV-VG04 > P10-PRL-VLV-VG05 > P10-PRL-VLV-VN1A > P10-PRL-VLV-VN1B,8,72,NO,200,200,0,ancestro_project_exacto_duplicado,373540:200:P10 > P10-PRL-LGC-PRELIMPIEZA > P10-PRL-LGC-SILOS > P10-PRL-SLO-SLO1 > P10-PRL-VLV-VG04 > P10-PRL-VLV-VG05 > P10-PRL-VLV-VN1A > P10-PRL-VLV-VN1B || 373591:200:P10 > P10-PRL-LGC-PRELIMPIEZA > P10-PRL-LGC-SILOS > P10-PRL-SLO-SLO2 > P10-PRL-VLV-VG06 > P10-PRL-VLV-VG07 > P10-PRL-VLV-VN2A > P10-PRL-VLV-VN2B || 384012:200:P10 > P10-PRL-LGC-PRELIMPIEZA > P10-PRL-LGC-SILOS > P10-PRL-SLO-SRECUP > P10-PRL-VLV-VR19,P10-PRL-LGC-SILOS,Ancestro Project P10-PRL-LGC-SILOS aparece en 3 contenedores.,P10,P10-PRL-LGC-PRELIMPIEZA,P10-PRL-LGC-SILOS,P10-PRL-SLO-SLO1,P10-PRL-VLV-VG04,P10-PRL-VLV-VG05,P10-PRL-VLV-VN1A,P10-PRL-VLV-VN1B,,,,,,,,,,,,,,,,,,,,,,,,,,,,,,,,,,,,,,,,,,,,,,,,,,,,,,,,,,,,,,,,,,,,,,,,,hay más de un contenedor candidato
contenedor_duplicado,contenedor_por_ancestro_project,P10-PRL-LGC-VALVULAS,CONJUNTO DE VALVULAS VGP PRELIMPIEZA P10,687,3,687,P10-PRL-LGC-PRELIMPIEZA,P10-PRL-LGC-PRELIMPIEZA,P10-PRL-LGC-PRELIMPIEZA,P10 > P10-PRL-LGC-PRELIMPIEZA,P10 > P10-PRL-LGC-PRELIMPIEZA > P10-PRL-LGC-VALVULAS VGP,373540,1dd9711a-59af-4c3f-8b41-17903a787e86-0005b324,Modelos genéricos,Silodiario harina,Silodiario harina,Silodiario harina,P10-PRL-SLO-SLO1,P10 > P10-PRL-LGC-PRELIMPIEZA > P10-PRL-LGC-SILOS > P10-PRL-SLO-SLO1 > P10-PRL-VLV-VG04 > P10-PRL-VLV-VG05 > P10-PRL-VLV-VN1A > P10-PRL-VLV-VN1B,contenedor_scoring,373540,1dd9711a-59af-4c3f-8b41-17903a787e86-0005b324,P10 > P10-PRL-LGC-PRELIMPIEZA > P10-PRL-LGC-SILOS > P10-PRL-SLO-SLO1 > P10-PRL-VLV-VG04 > P10-PRL-VLV-VG05 > P10-PRL-VLV-VN1A > P10-PRL-VLV-VN1B,8,72,NO,200,200,0,ancestro_project_exacto_duplicado,373540:200:P10 > P10-PRL-LGC-PRELIMPIEZA > P10-PRL-LGC-SILOS > P10-PRL-SLO-SLO1 > P10-PRL-VLV-VG04 > P10-PRL-VLV-VG05 > P10-PRL-VLV-VN1A > P10-PRL-VLV-VN1B || 373591:200:P10 > P10-PRL-LGC-PRELIMPIEZA > P10-PRL-LGC-SILOS > P10-PRL-SLO-SLO2 > P10-PRL-VLV-VG06 > P10-PRL-VLV-VG07 > P10-PRL-VLV-VN2A > P10-PRL-VLV-VN2B || 377655:200:P10 > P10-PRL-LGC-PRELIMPIEZA > P10-PRL-ACS-TPRL || 384012:200:P10 > P10-PRL-LGC-PRELIMPIEZA > P10-PRL-LGC-SILOS > P10-PRL-SLO-SRECUP > P10-PRL-VLV-VR19 || 385248:200:P10 > P10-PRL-LGC-PRELIMPIEZA > P10-PRL-LGC-MERMA > P10-PRL-BTD-BA06 > P10-PRL-RSC-SF20 > P10-PRL-DSP-DSP01 > P10-PRL-ALM-M3DP > P10-PRL-ALM-M2DP > P10-PRL-VLV-VR36 > P10-PRL-RSC-SF19 > P10-PRL-VNT-M1DP > P10-PRL-RSC-SF16 || 385396:200:P10 > P10-PRL-LGC-PRELIMPIEZA > P10-PRL-LGC-MULTIASPIRADORES > P10-PRL-MLT-ASP1 > P10-PRL-ALM-AS01A > P10-PRL-ALM-AS01B > P10-PRL-VNT-VE01 > P10-PRL-CCL-CVE01 > P10-PRL-VLV-VR01 > P10-PRL-MLT-ASP2 > P10-PRL-ALM-AS02A > P10-PRL-ALM-AS02B > P10-PRL-VNT-VE02 > P10-PRL-CCL-CVE02 > P10-PRL-VLV-VR02 > P10-PRL-MLT-ASP3 > P10-PRL-ALM-AS03A > P10-PRL-ALM-AS03B > P10-PRL-VNT-VE03 > P10-PRL-CCL-CVE03 > P10-PRL-VLV-VR03 > P10-PRL-RSC-SF08 || 385416:200:P10 > P10-PRL-LGC-PRELIMPIEZA > P10-PRL-LGC-REDLER || 385436:200:P10 > P10-PRL-LGC-PRELIMPIEZA > P10-PRL-LGC-REDLER,P10-PRL-LGC-PRELIMPIEZA,Ancestro Project P10-PRL-LGC-PRELIMPIEZA aparece en 8 contenedores.,P10,P10-PRL-LGC-PRELIMPIEZA,P10-PRL-LGC-SILOS,P10-PRL-SLO-SLO1,P10-PRL-VLV-VG04,P10-PRL-VLV-VG05,P10-PRL-VLV-VN1A,P10-PRL-VLV-VN1B,,,,,,,,,,,,,,,,,,,,,,,,,,,,,,,,,,,,,,,,,,,,,,,,,,,,,,,,,,,,,,,,,,,,,,,,,hay más de un contenedor candidato
contenedor_duplicado,contenedor_por_ancestro_project,P10-PRL-VLV-VGP01,VALVULA A GUILLOTINA 01 INGRESO A PLANTA,688,4,688,P10-PRL-LGC-VALVULAS VGP,P10-PRL-LGC-VALVULAS,P10-PRL-LGC-PRELIMPIEZA > P10-PRL-LGC-VALVULAS,P10 > P10-PRL-LGC-PRELIMPIEZA > P10-PRL-LGC-VALVULAS VGP,P10 > P10-PRL-LGC-PRELIMPIEZA > P10-PRL-LGC-VALVULAS VGP > P10-PRL-VLV-VGP01,373540,1dd9711a-59af-4c3f-8b41-17903a787e86-0005b324,Modelos genéricos,Silodiario harina,Silodiario harina,Silodiario harina,P10-PRL-SLO-SLO1,P10 > P10-PRL-LGC-PRELIMPIEZA > P10-PRL-LGC-SILOS > P10-PRL-SLO-SLO1 > P10-PRL-VLV-VG04 > P10-PRL-VLV-VG05 > P10-PRL-VLV-VN1A > P10-PRL-VLV-VN1B,contenedor_scoring,373540,1dd9711a-59af-4c3f-8b41-17903a787e86-0005b324,P10 > P10-PRL-LGC-PRELIMPIEZA > P10-PRL-LGC-SILOS > P10-PRL-SLO-SLO1 > P10-PRL-VLV-VG04 > P10-PRL-VLV-VG05 > P10-PRL-VLV-VN1A > P10-PRL-VLV-VN1B,8,72,NO,200,200,0,ancestro_project_exacto_duplicado,373540:200:P10 > P10-PRL-LGC-PRELIMPIEZA > P10-PRL-LGC-SILOS > P10-PRL-SLO-SLO1 > P10-PRL-VLV-VG04 > P10-PRL-VLV-VG05 > P10-PRL-VLV-VN1A > P10-PRL-VLV-VN1B || 373591:200:P10 > P10-PRL-LGC-PRELIMPIEZA > P10-PRL-LGC-SILOS > P10-PRL-SLO-SLO2 > P10-PRL-VLV-VG06 > P10-PRL-VLV-VG07 > P10-PRL-VLV-VN2A > P10-PRL-VLV-VN2B || 377655:200:P10 > P10-PRL-LGC-PRELIMPIEZA > P10-PRL-ACS-TPRL || 384012:200:P10 > P10-PRL-LGC-PRELIMPIEZA > P10-PRL-LGC-SILOS > P10-PRL-SLO-SRECUP > P10-PRL-VLV-VR19 || 385248:200:P10 > P10-PRL-LGC-PRELIMPIEZA > P10-PRL-LGC-MERMA > P10-PRL-BTD-BA06 > P10-PRL-RSC-SF20 > P10-PRL-DSP-DSP01 > P10-PRL-ALM-M3DP > P10-PRL-ALM-M2DP > P10-PRL-VLV-VR36 > P10-PRL-RSC-SF19 > P10-PRL-VNT-M1DP > P10-PRL-RSC-SF16 || 385396:200:P10 > P10-PRL-LGC-PRELIMPIEZA > P10-PRL-LGC-MULTIASPIRADORES > P10-PRL-MLT-ASP1 > P10-PRL-ALM-AS01A > P10-PRL-ALM-AS01B > P10-PRL-VNT-VE01 > P10-PRL-CCL-CVE01 > P10-PRL-VLV-VR01 > P10-PRL-MLT-ASP2 > P10-PRL-ALM-AS02A > P10-PRL-ALM-AS02B > P10-PRL-VNT-VE02 > P10-PRL-CCL-CVE02 > P10-PRL-VLV-VR02 > P10-PRL-MLT-ASP3 > P10-PRL-ALM-AS03A > P10-PRL-ALM-AS03B > P10-PRL-VNT-VE03 > P10-PRL-CCL-CVE03 > P10-PRL-VLV-VR03 > P10-PRL-RSC-SF08 || 385416:200:P10 > P10-PRL-LGC-PRELIMPIEZA > P10-PRL-LGC-REDLER || 385436:200:P10 > P10-PRL-LGC-PRELIMPIEZA > P10-PRL-LGC-REDLER,P10-PRL-LGC-PRELIMPIEZA,Ancestro Project P10-PRL-LGC-PRELIMPIEZA aparece en 8 contenedores.,P10,P10-PRL-LGC-PRELIMPIEZA,P10-PRL-LGC-SILOS,P10-PRL-SLO-SLO1,P10-PRL-VLV-VG04,P10-PRL-VLV-VG05,P10-PRL-VLV-VN1A,P10-PRL-VLV-VN1B,,,,,,,,,,,,,,,,,,,,,,,,,,,,,,,,,,,,,,,,,,,,,,,,,,,,,,,,,,,,,,,,,,,,,,,,,hay más de un contenedor candidato
contenedor_duplicado,contenedor_por_ancestro_project,P10-PRL-VLV-VGP02,VALVULA A GUILLOTINA 02 CARGA ZR01,689,4,689,P10-PRL-LGC-VALVULAS VGP,P10-PRL-LGC-VALVULAS,P10-PRL-LGC-PRELIMPIEZA > P10-PRL-LGC-VALVULAS,P10 > P10-PRL-LGC-PRELIMPIEZA > P10-PRL-LGC-VALVULAS VGP,P10 > P10-PRL-LGC-PRELIMPIEZA > P10-PRL-LGC-VALVULAS VGP > P10-PRL-VLV-VGP02,373540,1dd9711a-59af-4c3f-8b41-17903a787e86-0005b324,Modelos genéricos,Silodiario harina,Silodiario harina,Silodiario harina,P10-PRL-SLO-SLO1,P10 > P10-PRL-LGC-PRELIMPIEZA > P10-PRL-LGC-SILOS > P10-PRL-SLO-SLO1 > P10-PRL-VLV-VG04 > P10-PRL-VLV-VG05 > P10-PRL-VLV-VN1A > P10-PRL-VLV-VN1B,contenedor_scoring,373540,1dd9711a-59af-4c3f-8b41-17903a787e86-0005b324,P10 > P10-PRL-LGC-PRELIMPIEZA > P10-PRL-LGC-SILOS > P10-PRL-SLO-SLO1 > P10-PRL-VLV-VG04 > P10-PRL-VLV-VG05 > P10-PRL-VLV-VN1A > P10-PRL-VLV-VN1B,8,72,NO,200,200,0,ancestro_project_exacto_duplicado,373540:200:P10 > P10-PRL-LGC-PRELIMPIEZA > P10-PRL-LGC-SILOS > P10-PRL-SLO-SLO1 > P10-PRL-VLV-VG04 > P10-PRL-VLV-VG05 > P10-PRL-VLV-VN1A > P10-PRL-VLV-VN1B || 373591:200:P10 > P10-PRL-LGC-PRELIMPIEZA > P10-PRL-LGC-SILOS > P10-PRL-SLO-SLO2 > P10-PRL-VLV-VG06 > P10-PRL-VLV-VG07 > P10-PRL-VLV-VN2A > P10-PRL-VLV-VN2B || 377655:200:P10 > P10-PRL-LGC-PRELIMPIEZA > P10-PRL-ACS-TPRL || 384012:200:P10 > P10-PRL-LGC-PRELIMPIEZA > P10-PRL-LGC-SILOS > P10-PRL-SLO-SRECUP > P10-PRL-VLV-VR19 || 385248:200:P10 > P10-PRL-LGC-PRELIMPIEZA > P10-PRL-LGC-MERMA > P10-PRL-BTD-BA06 > P10-PRL-RSC-SF20 > P10-PRL-DSP-DSP01 > P10-PRL-ALM-M3DP > P10-PRL-ALM-M2DP > P10-PRL-VLV-VR36 > P10-PRL-RSC-SF19 > P10-PRL-VNT-M1DP > P10-PRL-RSC-SF16 || 385396:200:P10 > P10-PRL-LGC-PRELIMPIEZA > P10-PRL-LGC-MULTIASPIRADORES > P10-PRL-MLT-ASP1 > P10-PRL-ALM-AS01A > P10-PRL-ALM-AS01B > P10-PRL-VNT-VE01 > P10-PRL-CCL-CVE01 > P10-PRL-VLV-VR01 > P10-PRL-MLT-ASP2 > P10-PRL-ALM-AS02A > P10-PRL-ALM-AS02B > P10-PRL-VNT-VE02 > P10-PRL-CCL-CVE02 > P10-PRL-VLV-VR02 > P10-PRL-MLT-ASP3 > P10-PRL-ALM-AS03A > P10-PRL-ALM-AS03B > P10-PRL-VNT-VE03 > P10-PRL-CCL-CVE03 > P10-PRL-VLV-VR03 > P10-PRL-RSC-SF08 || 385416:200:P10 > P10-PRL-LGC-PRELIMPIEZA > P10-PRL-LGC-REDLER || 385436:200:P10 > P10-PRL-LGC-PRELIMPIEZA > P10-PRL-LGC-REDLER,P10-PRL-LGC-PRELIMPIEZA,Ancestro Project P10-PRL-LGC-PRELIMPIEZA aparece en 8 contenedores.,P10,P10-PRL-LGC-PRELIMPIEZA,P10-PRL-LGC-SILOS,P10-PRL-SLO-SLO1,P10-PRL-VLV-VG04,P10-PRL-VLV-VG05,P10-PRL-VLV-VN1A,P10-PRL-VLV-VN1B,,,,,,,,,,,,,,,,,,,,,,,,,,,,,,,,,,,,,,,,,,,,,,,,,,,,,,,,,,,,,,,,,,,,,,,,,hay más de un contenedor candidato
contenedor_duplicado,contenedor_por_ancestro_project,P10-PRL-VLV-VGP03,VALVULA A GUILLOTINA 03 CARGA ZR02,690,4,690,P10-PRL-LGC-VALVULAS VGP,P10-PRL-LGC-VALVULAS,P10-PRL-LGC-PRELIMPIEZA > P10-PRL-LGC-VALVULAS,P10 > P10-PRL-LGC-PRELIMPIEZA > P10-PRL-LGC-VALVULAS VGP,P10 > P10-PRL-LGC-PRELIMPIEZA > P10-PRL-LGC-VALVULAS VGP > P10-PRL-VLV-VGP03,373540,1dd9711a-59af-4c3f-8b41-17903a787e86-0005b324,Modelos genéricos,Silodiario harina,Silodiario harina,Silodiario harina,P10-PRL-SLO-SLO1,P10 > P10-PRL-LGC-PRELIMPIEZA > P10-PRL-LGC-SILOS > P10-PRL-SLO-SLO1 > P10-PRL-VLV-VG04 > P10-PRL-VLV-VG05 > P10-PRL-VLV-VN1A > P10-PRL-VLV-VN1B,contenedor_scoring,373540,1dd9711a-59af-4c3f-8b41-17903a787e86-0005b324,P10 > P10-PRL-LGC-PRELIMPIEZA > P10-PRL-LGC-SILOS > P10-PRL-SLO-SLO1 > P10-PRL-VLV-VG04 > P10-PRL-VLV-VG05 > P10-PRL-VLV-VN1A > P10-PRL-VLV-VN1B,8,72,NO,200,200,0,ancestro_project_exacto_duplicado,373540:200:P10 > P10-PRL-LGC-PRELIMPIEZA > P10-PRL-LGC-SILOS > P10-PRL-SLO-SLO1 > P10-PRL-VLV-VG04 > P10-PRL-VLV-VG05 > P10-PRL-VLV-VN1A > P10-PRL-VLV-VN1B || 373591:200:P10 > P10-PRL-LGC-PRELIMPIEZA > P10-PRL-LGC-SILOS > P10-PRL-SLO-SLO2 > P10-PRL-VLV-VG06 > P10-PRL-VLV-VG07 > P10-PRL-VLV-VN2A > P10-PRL-VLV-VN2B || 377655:200:P10 > P10-PRL-LGC-PRELIMPIEZA > P10-PRL-ACS-TPRL || 384012:200:P10 > P10-PRL-LGC-PRELIMPIEZA > P10-PRL-LGC-SILOS > P10-PRL-SLO-SRECUP > P10-PRL-VLV-VR19 || 385248:200:P10 > P10-PRL-LGC-PRELIMPIEZA > P10-PRL-LGC-MERMA > P10-PRL-BTD-BA06 > P10-PRL-RSC-SF20 > P10-PRL-DSP-DSP01 > P10-PRL-ALM-M3DP > P10-PRL-ALM-M2DP > P10-PRL-VLV-VR36 > P10-PRL-RSC-SF19 > P10-PRL-VNT-M1DP > P10-PRL-RSC-SF16 || 385396:200:P10 > P10-PRL-LGC-PRELIMPIEZA > P10-PRL-LGC-MULTIASPIRADORES > P10-PRL-MLT-ASP1 > P10-PRL-ALM-AS01A > P10-PRL-ALM-AS01B > P10-PRL-VNT-VE01 > P10-PRL-CCL-CVE01 > P10-PRL-VLV-VR01 > P10-PRL-MLT-ASP2 > P10-PRL-ALM-AS02A > P10-PRL-ALM-AS02B > P10-PRL-VNT-VE02 > P10-PRL-CCL-CVE02 > P10-PRL-VLV-VR02 > P10-PRL-MLT-ASP3 > P10-PRL-ALM-AS03A > P10-PRL-ALM-AS03B > P10-PRL-VNT-VE03 > P10-PRL-CCL-CVE03 > P10-PRL-VLV-VR03 > P10-PRL-RSC-SF08 || 385416:200:P10 > P10-PRL-LGC-PRELIMPIEZA > P10-PRL-LGC-REDLER || 385436:200:P10 > P10-PRL-LGC-PRELIMPIEZA > P10-PRL-LGC-REDLER,P10-PRL-LGC-PRELIMPIEZA,Ancestro Project P10-PRL-LGC-PRELIMPIEZA aparece en 8 contenedores.,P10,P10-PRL-LGC-PRELIMPIEZA,P10-PRL-LGC-SILOS,P10-PRL-SLO-SLO1,P10-PRL-VLV-VG04,P10-PRL-VLV-VG05,P10-PRL-VLV-VN1A,P10-PRL-VLV-VN1B,,,,,,,,,,,,,,,,,,,,,,,,,,,,,,,,,,,,,,,,,,,,,,,,,,,,,,,,,,,,,,,,,,,,,,,,,hay más de un contenedor candidato
contenedor_duplicado,contenedor_por_ancestro_project,P10-PRL-VLV-VGP04,VALVULA A GUILLOTINA 04 BY-PASS PRELIMPIEZA,691,4,691,P10-PRL-LGC-VALVULAS VGP,P10-PRL-LGC-VALVULAS,P10-PRL-LGC-PRELIMPIEZA > P10-PRL-LGC-VALVULAS,P10 > P10-PRL-LGC-PRELIMPIEZA > P10-PRL-LGC-VALVULAS VGP,P10 > P10-PRL-LGC-PRELIMPIEZA > P10-PRL-LGC-VALVULAS VGP > P10-PRL-VLV-VGP04,373540,1dd9711a-59af-4c3f-8b41-17903a787e86-0005b324,Modelos genéricos,Silodiario harina,Silodiario harina,Silodiario harina,P10-PRL-SLO-SLO1,P10 > P10-PRL-LGC-PRELIMPIEZA > P10-PRL-LGC-SILOS > P10-PRL-SLO-SLO1 > P10-PRL-VLV-VG04 > P10-PRL-VLV-VG05 > P10-PRL-VLV-VN1A > P10-PRL-VLV-VN1B,contenedor_scoring,373540,1dd9711a-59af-4c3f-8b41-17903a787e86-0005b324,P10 > P10-PRL-LGC-PRELIMPIEZA > P10-PRL-LGC-SILOS > P10-PRL-SLO-SLO1 > P10-PRL-VLV-VG04 > P10-PRL-VLV-VG05 > P10-PRL-VLV-VN1A > P10-PRL-VLV-VN1B,8,72,NO,200,200,0,ancestro_project_exacto_duplicado,373540:200:P10 > P10-PRL-LGC-PRELIMPIEZA > P10-PRL-LGC-SILOS > P10-PRL-SLO-SLO1 > P10-PRL-VLV-VG04 > P10-PRL-VLV-VG05 > P10-PRL-VLV-VN1A > P10-PRL-VLV-VN1B || 373591:200:P10 > P10-PRL-LGC-PRELIMPIEZA > P10-PRL-LGC-SILOS > P10-PRL-SLO-SLO2 > P10-PRL-VLV-VG06 > P10-PRL-VLV-VG07 > P10-PRL-VLV-VN2A > P10-PRL-VLV-VN2B || 377655:200:P10 > P10-PRL-LGC-PRELIMPIEZA > P10-PRL-ACS-TPRL || 384012:200:P10 > P10-PRL-LGC-PRELIMPIEZA > P10-PRL-LGC-SILOS > P10-PRL-SLO-SRECUP > P10-PRL-VLV-VR19 || 385248:200:P10 > P10-PRL-LGC-PRELIMPIEZA > P10-PRL-LGC-MERMA > P10-PRL-BTD-BA06 > P10-PRL-RSC-SF20 > P10-PRL-DSP-DSP01 > P10-PRL-ALM-M3DP > P10-PRL-ALM-M2DP > P10-PRL-VLV-VR36 > P10-PRL-RSC-SF19 > P10-PRL-VNT-M1DP > P10-PRL-RSC-SF16 || 385396:200:P10 > P10-PRL-LGC-PRELIMPIEZA > P10-PRL-LGC-MULTIASPIRADORES > P10-PRL-MLT-ASP1 > P10-PRL-ALM-AS01A > P10-PRL-ALM-AS01B > P10-PRL-VNT-VE01 > P10-PRL-CCL-CVE01 > P10-PRL-VLV-VR01 > P10-PRL-MLT-ASP2 > P10-PRL-ALM-AS02A > P10-PRL-ALM-AS02B > P10-PRL-VNT-VE02 > P10-PRL-CCL-CVE02 > P10-PRL-VLV-VR02 > P10-PRL-MLT-ASP3 > P10-PRL-ALM-AS03A > P10-PRL-ALM-AS03B > P10-PRL-VNT-VE03 > P10-PRL-CCL-CVE03 > P10-PRL-VLV-VR03 > P10-PRL-RSC-SF08 || 385416:200:P10 > P10-PRL-LGC-PRELIMPIEZA > P10-PRL-LGC-REDLER || 385436:200:P10 > P10-PRL-LGC-PRELIMPIEZA > P10-PRL-LGC-REDLER,P10-PRL-LGC-PRELIMPIEZA,Ancestro Project P10-PRL-LGC-PRELIMPIEZA aparece en 8 contenedores.,P10,P10-PRL-LGC-PRELIMPIEZA,P10-PRL-LGC-SILOS,P10-PRL-SLO-SLO1,P10-PRL-VLV-VG04,P10-PRL-VLV-VG05,P10-PRL-VLV-VN1A,P10-PRL-VLV-VN1B,,,,,,,,,,,,,,,,,,,,,,,,,,,,,,,,,,,,,,,,,,,,,,,,,,,,,,,,,,,,,,,,,,,,,,,,,hay más de un contenedor candidato
contenedor_duplicado,contenedor_por_ancestro_project,P10-PRL-LGC-ZARANDAS,CONJUNTO DE ZARANDAS PRELIMPIEZA P10,692,3,692,P10-PRL-LGC-PRELIMPIEZA,P10-PRL-LGC-PRELIMPIEZA,P10-PRL-LGC-PRELIMPIEZA,P10 > P10-PRL-LGC-PRELIMPIEZA,P10 > P10-PRL-LGC-PRELIMPIEZA > P10-PRL-LGC-ZARANDAS,373540,1dd9711a-59af-4c3f-8b41-17903a787e86-0005b324,Modelos genéricos,Silodiario harina,Silodiario harina,Silodiario harina,P10-PRL-SLO-SLO1,P10 > P10-PRL-LGC-PRELIMPIEZA > P10-PRL-LGC-SILOS > P10-PRL-SLO-SLO1 > P10-PRL-VLV-VG04 > P10-PRL-VLV-VG05 > P10-PRL-VLV-VN1A > P10-PRL-VLV-VN1B,contenedor_scoring,373540,1dd9711a-59af-4c3f-8b41-17903a787e86-0005b324,P10 > P10-PRL-LGC-PRELIMPIEZA > P10-PRL-LGC-SILOS > P10-PRL-SLO-SLO1 > P10-PRL-VLV-VG04 > P10-PRL-VLV-VG05 > P10-PRL-VLV-VN1A > P10-PRL-VLV-VN1B,8,72,NO,200,200,0,ancestro_project_exacto_duplicado,373540:200:P10 > P10-PRL-LGC-PRELIMPIEZA > P10-PRL-LGC-SILOS > P10-PRL-SLO-SLO1 > P10-PRL-VLV-VG04 > P10-PRL-VLV-VG05 > P10-PRL-VLV-VN1A > P10-PRL-VLV-VN1B || 373591:200:P10 > P10-PRL-LGC-PRELIMPIEZA > P10-PRL-LGC-SILOS > P10-PRL-SLO-SLO2 > P10-PRL-VLV-VG06 > P10-PRL-VLV-VG07 > P10-PRL-VLV-VN2A > P10-PRL-VLV-VN2B || 377655:200:P10 > P10-PRL-LGC-PRELIMPIEZA > P10-PRL-ACS-TPRL || 384012:200:P10 > P10-PRL-LGC-PRELIMPIEZA > P10-PRL-LGC-SILOS > P10-PRL-SLO-SRECUP > P10-PRL-VLV-VR19 || 385248:200:P10 > P10-PRL-LGC-PRELIMPIEZA > P10-PRL-LGC-MERMA > P10-PRL-BTD-BA06 > P10-PRL-RSC-SF20 > P10-PRL-DSP-DSP01 > P10-PRL-ALM-M3DP > P10-PRL-ALM-M2DP > P10-PRL-VLV-VR36 > P10-PRL-RSC-SF19 > P10-PRL-VNT-M1DP > P10-PRL-RSC-SF16 || 385396:200:P10 > P10-PRL-LGC-PRELIMPIEZA > P10-PRL-LGC-MULTIASPIRADORES > P10-PRL-MLT-ASP1 > P10-PRL-ALM-AS01A > P10-PRL-ALM-AS01B > P10-PRL-VNT-VE01 > P10-PRL-CCL-CVE01 > P10-PRL-VLV-VR01 > P10-PRL-MLT-ASP2 > P10-PRL-ALM-AS02A > P10-PRL-ALM-AS02B > P10-PRL-VNT-VE02 > P10-PRL-CCL-CVE02 > P10-PRL-VLV-VR02 > P10-PRL-MLT-ASP3 > P10-PRL-ALM-AS03A > P10-PRL-ALM-AS03B > P10-PRL-VNT-VE03 > P10-PRL-CCL-CVE03 > P10-PRL-VLV-VR03 > P10-PRL-RSC-SF08 || 385416:200:P10 > P10-PRL-LGC-PRELIMPIEZA > P10-PRL-LGC-REDLER || 385436:200:P10 > P10-PRL-LGC-PRELIMPIEZA > P10-PRL-LGC-REDLER,P10-PRL-LGC-PRELIMPIEZA,Ancestro Project P10-PRL-LGC-PRELIMPIEZA aparece en 8 contenedores.,P10,P10-PRL-LGC-PRELIMPIEZA,P10-PRL-LGC-SILOS,P10-PRL-SLO-SLO1,P10-PRL-VLV-VG04,P10-PRL-VLV-VG05,P10-PRL-VLV-VN1A,P10-PRL-VLV-VN1B,,,,,,,,,,,,,,,,,,,,,,,,,,,,,,,,,,,,,,,,,,,,,,,,,,,,,,,,,,,,,,,,,,,,,,,,,hay más de un contenedor candidato
contenedor_duplicado,contenedor_por_ancestro_project,P10-PRL-ZRN-ZPP01,ZARANDA 01 ROTEX MODELO 732S GC,693,4,693,P10-PRL-LGC-ZARANDAS,P10-PRL-LGC-ZARANDAS,P10-PRL-LGC-PRELIMPIEZA > P10-PRL-LGC-ZARANDAS,P10 > P10-PRL-LGC-PRELIMPIEZA > P10-PRL-LGC-ZARANDAS,P10 > P10-PRL-LGC-PRELIMPIEZA > P10-PRL-LGC-ZARANDAS > P10-PRL-ZRN-ZPP01,373540,1dd9711a-59af-4c3f-8b41-17903a787e86-0005b324,Modelos genéricos,Silodiario harina,Silodiario harina,Silodiario harina,P10-PRL-SLO-SLO1,P10 > P10-PRL-LGC-PRELIMPIEZA > P10-PRL-LGC-SILOS > P10-PRL-SLO-SLO1 > P10-PRL-VLV-VG04 > P10-PRL-VLV-VG05 > P10-PRL-VLV-VN1A > P10-PRL-VLV-VN1B,contenedor_scoring,373540,1dd9711a-59af-4c3f-8b41-17903a787e86-0005b324,P10 > P10-PRL-LGC-PRELIMPIEZA > P10-PRL-LGC-SILOS > P10-PRL-SLO-SLO1 > P10-PRL-VLV-VG04 > P10-PRL-VLV-VG05 > P10-PRL-VLV-VN1A > P10-PRL-VLV-VN1B,8,72,NO,200,200,0,ancestro_project_exacto_duplicado,373540:200:P10 > P10-PRL-LGC-PRELIMPIEZA > P10-PRL-LGC-SILOS > P10-PRL-SLO-SLO1 > P10-PRL-VLV-VG04 > P10-PRL-VLV-VG05 > P10-PRL-VLV-VN1A > P10-PRL-VLV-VN1B || 373591:200:P10 > P10-PRL-LGC-PRELIMPIEZA > P10-PRL-LGC-SILOS > P10-PRL-SLO-SLO2 > P10-PRL-VLV-VG06 > P10-PRL-VLV-VG07 > P10-PRL-VLV-VN2A > P10-PRL-VLV-VN2B || 377655:200:P10 > P10-PRL-LGC-PRELIMPIEZA > P10-PRL-ACS-TPRL || 384012:200:P10 > P10-PRL-LGC-PRELIMPIEZA > P10-PRL-LGC-SILOS > P10-PRL-SLO-SRECUP > P10-PRL-VLV-VR19 || 385248:200:P10 > P10-PRL-LGC-PRELIMPIEZA > P10-PRL-LGC-MERMA > P10-PRL-BTD-BA06 > P10-PRL-RSC-SF20 > P10-PRL-DSP-DSP01 > P10-PRL-ALM-M3DP > P10-PRL-ALM-M2DP > P10-PRL-VLV-VR36 > P10-PRL-RSC-SF19 > P10-PRL-VNT-M1DP > P10-PRL-RSC-SF16 || 385396:200:P10 > P10-PRL-LGC-PRELIMPIEZA > P10-PRL-LGC-MULTIASPIRADORES > P10-PRL-MLT-ASP1 > P10-PRL-ALM-AS01A > P10-PRL-ALM-AS01B > P10-PRL-VNT-VE01 > P10-PRL-CCL-CVE01 > P10-PRL-VLV-VR01 > P10-PRL-MLT-ASP2 > P10-PRL-ALM-AS02A > P10-PRL-ALM-AS02B > P10-PRL-VNT-VE02 > P10-PRL-CCL-CVE02 > P10-PRL-VLV-VR02 > P10-PRL-MLT-ASP3 > P10-PRL-ALM-AS03A > P10-PRL-ALM-AS03B > P10-PRL-VNT-VE03 > P10-PRL-CCL-CVE03 > P10-PRL-VLV-VR03 > P10-PRL-RSC-SF08 || 385416:200:P10 > P10-PRL-LGC-PRELIMPIEZA > P10-PRL-LGC-REDLER || 385436:200:P10 > P10-PRL-LGC-PRELIMPIEZA > P10-PRL-LGC-REDLER,P10-PRL-LGC-PRELIMPIEZA,Ancestro Project P10-PRL-LGC-PRELIMPIEZA aparece en 8 contenedores.,P10,P10-PRL-LGC-PRELIMPIEZA,P10-PRL-LGC-SILOS,P10-PRL-SLO-SLO1,P10-PRL-VLV-VG04,P10-PRL-VLV-VG05,P10-PRL-VLV-VN1A,P10-PRL-VLV-VN1B,,,,,,,,,,,,,,,,,,,,,,,,,,,,,,,,,,,,,,,,,,,,,,,,,,,,,,,,,,,,,,,,,,,,,,,,,hay más de un contenedor candidato
contenedor_duplicado,contenedor_por_ancestro_project,P10-PRL-ZRN-ZPP02,ZARANDA 02 ROTEX MODELO 732S GC,694,4,694,P10-PRL-LGC-ZARANDAS,P10-PRL-LGC-ZARANDAS,P10-PRL-LGC-PRELIMPIEZA > P10-PRL-LGC-ZARANDAS,P10 > P10-PRL-LGC-PRELIMPIEZA > P10-PRL-LGC-ZARANDAS,P10 > P10-PRL-LGC-PRELIMPIEZA > P10-PRL-LGC-ZARANDAS > P10-PRL-ZRN-ZPP02,373540,1dd9711a-59af-4c3f-8b41-17903a787e86-0005b324,Modelos genéricos,Silodiario harina,Silodiario harina,Silodiario harina,P10-PRL-SLO-SLO1,P10 > P10-PRL-LGC-PRELIMPIEZA > P10-PRL-LGC-SILOS > P10-PRL-SLO-SLO1 > P10-PRL-VLV-VG04 > P10-PRL-VLV-VG05 > P10-PRL-VLV-VN1A > P10-PRL-VLV-VN1B,contenedor_scoring,373540,1dd9711a-59af-4c3f-8b41-17903a787e86-0005b324,P10 > P10-PRL-LGC-PRELIMPIEZA > P10-PRL-LGC-SILOS > P10-PRL-SLO-SLO1 > P10-PRL-VLV-VG04 > P10-PRL-VLV-VG05 > P10-PRL-VLV-VN1A > P10-PRL-VLV-VN1B,8,72,NO,200,200,0,ancestro_project_exacto_duplicado,373540:200:P10 > P10-PRL-LGC-PRELIMPIEZA > P10-PRL-LGC-SILOS > P10-PRL-SLO-SLO1 > P10-PRL-VLV-VG04 > P10-PRL-VLV-VG05 > P10-PRL-VLV-VN1A > P10-PRL-VLV-VN1B || 373591:200:P10 > P10-PRL-LGC-PRELIMPIEZA > P10-PRL-LGC-SILOS > P10-PRL-SLO-SLO2 > P10-PRL-VLV-VG06 > P10-PRL-VLV-VG07 > P10-PRL-VLV-VN2A > P10-PRL-VLV-VN2B || 377655:200:P10 > P10-PRL-LGC-PRELIMPIEZA > P10-PRL-ACS-TPRL || 384012:200:P10 > P10-PRL-LGC-PRELIMPIEZA > P10-PRL-LGC-SILOS > P10-PRL-SLO-SRECUP > P10-PRL-VLV-VR19 || 385248:200:P10 > P10-PRL-LGC-PRELIMPIEZA > P10-PRL-LGC-MERMA > P10-PRL-BTD-BA06 > P10-PRL-RSC-SF20 > P10-PRL-DSP-DSP01 > P10-PRL-ALM-M3DP > P10-PRL-ALM-M2DP > P10-PRL-VLV-VR36 > P10-PRL-RSC-SF19 > P10-PRL-VNT-M1DP > P10-PRL-RSC-SF16 || 385396:200:P10 > P10-PRL-LGC-PRELIMPIEZA > P10-PRL-LGC-MULTIASPIRADORES > P10-PRL-MLT-ASP1 > P10-PRL-ALM-AS01A > P10-PRL-ALM-AS01B > P10-PRL-VNT-VE01 > P10-PRL-CCL-CVE01 > P10-PRL-VLV-VR01 > P10-PRL-MLT-ASP2 > P10-PRL-ALM-AS02A > P10-PRL-ALM-AS02B > P10-PRL-VNT-VE02 > P10-PRL-CCL-CVE02 > P10-PRL-VLV-VR02 > P10-PRL-MLT-ASP3 > P10-PRL-ALM-AS03A > P10-PRL-ALM-AS03B > P10-PRL-VNT-VE03 > P10-PRL-CCL-CVE03 > P10-PRL-VLV-VR03 > P10-PRL-RSC-SF08 || 385416:200:P10 > P10-PRL-LGC-PRELIMPIEZA > P10-PRL-LGC-REDLER || 385436:200:P10 > P10-PRL-LGC-PRELIMPIEZA > P10-PRL-LGC-REDLER,P10-PRL-LGC-PRELIMPIEZA,Ancestro Project P10-PRL-LGC-PRELIMPIEZA aparece en 8 contenedores.,P10,P10-PRL-LGC-PRELIMPIEZA,P10-PRL-LGC-SILOS,P10-PRL-SLO-SLO1,P10-PRL-VLV-VG04,P10-PRL-VLV-VG05,P10-PRL-VLV-VN1A,P10-PRL-VLV-VN1B,,,,,,,,,,,,,,,,,,,,,,,,,,,,,,,,,,,,,,,,,,,,,,,,,,,,,,,,,,,,,,,,,,,,,,,,,hay más de un contenedor candidato
contenedor_duplicado,contenedor_por_ancestro_project,P10-PRL-ZRN-ZPP03,ZARANDA 03 ROTEX MODELO 732S GC,695,4,695,P10-PRL-LGC-ZARANDAS,P10-PRL-LGC-ZARANDAS,P10-PRL-LGC-PRELIMPIEZA > P10-PRL-LGC-ZARANDAS,P10 > P10-PRL-LGC-PRELIMPIEZA > P10-PRL-LGC-ZARANDAS,P10 > P10-PRL-LGC-PRELIMPIEZA > P10-PRL-LGC-ZARANDAS > P10-PRL-ZRN-ZPP03,373540,1dd9711a-59af-4c3f-8b41-17903a787e86-0005b324,Modelos genéricos,Silodiario harina,Silodiario harina,Silodiario harina,P10-PRL-SLO-SLO1,P10 > P10-PRL-LGC-PRELIMPIEZA > P10-PRL-LGC-SILOS > P10-PRL-SLO-SLO1 > P10-PRL-VLV-VG04 > P10-PRL-VLV-VG05 > P10-PRL-VLV-VN1A > P10-PRL-VLV-VN1B,contenedor_scoring,373540,1dd9711a-59af-4c3f-8b41-17903a787e86-0005b324,P10 > P10-PRL-LGC-PRELIMPIEZA > P10-PRL-LGC-SILOS > P10-PRL-SLO-SLO1 > P10-PRL-VLV-VG04 > P10-PRL-VLV-VG05 > P10-PRL-VLV-VN1A > P10-PRL-VLV-VN1B,8,72,NO,200,200,0,ancestro_project_exacto_duplicado,373540:200:P10 > P10-PRL-LGC-PRELIMPIEZA > P10-PRL-LGC-SILOS > P10-PRL-SLO-SLO1 > P10-PRL-VLV-VG04 > P10-PRL-VLV-VG05 > P10-PRL-VLV-VN1A > P10-PRL-VLV-VN1B || 373591:200:P10 > P10-PRL-LGC-PRELIMPIEZA > P10-PRL-LGC-SILOS > P10-PRL-SLO-SLO2 > P10-PRL-VLV-VG06 > P10-PRL-VLV-VG07 > P10-PRL-VLV-VN2A > P10-PRL-VLV-VN2B || 377655:200:P10 > P10-PRL-LGC-PRELIMPIEZA > P10-PRL-ACS-TPRL || 384012:200:P10 > P10-PRL-LGC-PRELIMPIEZA > P10-PRL-LGC-SILOS > P10-PRL-SLO-SRECUP > P10-PRL-VLV-VR19 || 385248:200:P10 > P10-PRL-LGC-PRELIMPIEZA > P10-PRL-LGC-MERMA > P10-PRL-BTD-BA06 > P10-PRL-RSC-SF20 > P10-PRL-DSP-DSP01 > P10-PRL-ALM-M3DP > P10-PRL-ALM-M2DP > P10-PRL-VLV-VR36 > P10-PRL-RSC-SF19 > P10-PRL-VNT-M1DP > P10-PRL-RSC-SF16 || 385396:200:P10 > P10-PRL-LGC-PRELIMPIEZA > P10-PRL-LGC-MULTIASPIRADORES > P10-PRL-MLT-ASP1 > P10-PRL-ALM-AS01A > P10-PRL-ALM-AS01B > P10-PRL-VNT-VE01 > P10-PRL-CCL-CVE01 > P10-PRL-VLV-VR01 > P10-PRL-MLT-ASP2 > P10-PRL-ALM-AS02A > P10-PRL-ALM-AS02B > P10-PRL-VNT-VE02 > P10-PRL-CCL-CVE02 > P10-PRL-VLV-VR02 > P10-PRL-MLT-ASP3 > P10-PRL-ALM-AS03A > P10-PRL-ALM-AS03B > P10-PRL-VNT-VE03 > P10-PRL-CCL-CVE03 > P10-PRL-VLV-VR03 > P10-PRL-RSC-SF08 || 385416:200:P10 > P10-PRL-LGC-PRELIMPIEZA > P10-PRL-LGC-REDLER || 385436:200:P10 > P10-PRL-LGC-PRELIMPIEZA > P10-PRL-LGC-REDLER,P10-PRL-LGC-PRELIMPIEZA,Ancestro Project P10-PRL-LGC-PRELIMPIEZA aparece en 8 contenedores.,P10,P10-PRL-LGC-PRELIMPIEZA,P10-PRL-LGC-SILOS,P10-PRL-SLO-SLO1,P10-PRL-VLV-VG04,P10-PRL-VLV-VG05,P10-PRL-VLV-VN1A,P10-PRL-VLV-VN1B,,,,,,,,,,,,,,,,,,,,,,,,,,,,,,,,,,,,,,,,,,,,,,,,,,,,,,,,,,,,,,,,,,,,,,,,,hay más de un contenedor candidato
contenedor_duplicado,contenedor_por_ancestro_project,P10-PRL-FLT-FMPRELIMP,FILTRO DE MANGAS PRELIMPIEZA,696,3,696,P10-PRL-LGC-PRELIMPIEZA,P10-PRL-LGC-PRELIMPIEZA,P10-PRL-LGC-PRELIMPIEZA,P10 > P10-PRL-LGC-PRELIMPIEZA,P10 > P10-PRL-LGC-PRELIMPIEZA > P10-PRL-FLT-FMPRELIMP,373540,1dd9711a-59af-4c3f-8b41-17903a787e86-0005b324,Modelos genéricos,Silodiario harina,Silodiario harina,Silodiario harina,P10-PRL-SLO-SLO1,P10 > P10-PRL-LGC-PRELIMPIEZA > P10-PRL-LGC-SILOS > P10-PRL-SLO-SLO1 > P10-PRL-VLV-VG04 > P10-PRL-VLV-VG05 > P10-PRL-VLV-VN1A > P10-PRL-VLV-VN1B,contenedor_scoring,373540,1dd9711a-59af-4c3f-8b41-17903a787e86-0005b324,P10 > P10-PRL-LGC-PRELIMPIEZA > P10-PRL-LGC-SILOS > P10-PRL-SLO-SLO1 > P10-PRL-VLV-VG04 > P10-PRL-VLV-VG05 > P10-PRL-VLV-VN1A > P10-PRL-VLV-VN1B,8,72,NO,200,200,0,ancestro_project_exacto_duplicado,373540:200:P10 > P10-PRL-LGC-PRELIMPIEZA > P10-PRL-LGC-SILOS > P10-PRL-SLO-SLO1 > P10-PRL-VLV-VG04 > P10-PRL-VLV-VG05 > P10-PRL-VLV-VN1A > P10-PRL-VLV-VN1B || 373591:200:P10 > P10-PRL-LGC-PRELIMPIEZA > P10-PRL-LGC-SILOS > P10-PRL-SLO-SLO2 > P10-PRL-VLV-VG06 > P10-PRL-VLV-VG07 > P10-PRL-VLV-VN2A > P10-PRL-VLV-VN2B || 377655:200:P10 > P10-PRL-LGC-PRELIMPIEZA > P10-PRL-ACS-TPRL || 384012:200:P10 > P10-PRL-LGC-PRELIMPIEZA > P10-PRL-LGC-SILOS > P10-PRL-SLO-SRECUP > P10-PRL-VLV-VR19 || 385248:200:P10 > P10-PRL-LGC-PRELIMPIEZA > P10-PRL-LGC-MERMA > P10-PRL-BTD-BA06 > P10-PRL-RSC-SF20 > P10-PRL-DSP-DSP01 > P10-PRL-ALM-M3DP > P10-PRL-ALM-M2DP > P10-PRL-VLV-VR36 > P10-PRL-RSC-SF19 > P10-PRL-VNT-M1DP > P10-PRL-RSC-SF16 || 385396:200:P10 > P10-PRL-LGC-PRELIMPIEZA > P10-PRL-LGC-MULTIASPIRADORES > P10-PRL-MLT-ASP1 > P10-PRL-ALM-AS01A > P10-PRL-ALM-AS01B > P10-PRL-VNT-VE01 > P10-PRL-CCL-CVE01 > P10-PRL-VLV-VR01 > P10-PRL-MLT-ASP2 > P10-PRL-ALM-AS02A > P10-PRL-ALM-AS02B > P10-PRL-VNT-VE02 > P10-PRL-CCL-CVE02 > P10-PRL-VLV-VR02 > P10-PRL-MLT-ASP3 > P10-PRL-ALM-AS03A > P10-PRL-ALM-AS03B > P10-PRL-VNT-VE03 > P10-PRL-CCL-CVE03 > P10-PRL-VLV-VR03 > P10-PRL-RSC-SF08 || 385416:200:P10 > P10-PRL-LGC-PRELIMPIEZA > P10-PRL-LGC-REDLER || 385436:200:P10 > P10-PRL-LGC-PRELIMPIEZA > P10-PRL-LGC-REDLER,P10-PRL-LGC-PRELIMPIEZA,Ancestro Project P10-PRL-LGC-PRELIMPIEZA aparece en 8 contenedores.,P10,P10-PRL-LGC-PRELIMPIEZA,P10-PRL-LGC-SILOS,P10-PRL-SLO-SLO1,P10-PRL-VLV-VG04,P10-PRL-VLV-VG05,P10-PRL-VLV-VN1A,P10-PRL-VLV-VN1B,,,,,,,,,,,,,,,,,,,,,,,,,,,,,,,,,,,,,,,,,,,,,,,,,,,,,,,,,,,,,,,,,,,,,,,,,hay más de un contenedor candidato
contenedor_duplicado,contenedor_por_ancestro_project,P10-PRL-BRL-BRL1,BRAZO ROT. LIMPIEZA FILTRO MANGAS FMPRELIMP,697,4,697,P10-PRL-FLT-FMPRELIMP,P10-PRL-FLT-FMPRELIMP,P10-PRL-LGC-PRELIMPIEZA > P10-PRL-FLT-FMPRELIMP,P10 > P10-PRL-LGC-PRELIMPIEZA > P10-PRL-FLT-FMPRELIMP,P10 > P10-PRL-LGC-PRELIMPIEZA > P10-PRL-FLT-FMPRELIMP > P10-PRL-BRL-BRL1,373540,1dd9711a-59af-4c3f-8b41-17903a787e86-0005b324,Modelos genéricos,Silodiario harina,Silodiario harina,Silodiario harina,P10-PRL-SLO-SLO1,P10 > P10-PRL-LGC-PRELIMPIEZA > P10-PRL-LGC-SILOS > P10-PRL-SLO-SLO1 > P10-PRL-VLV-VG04 > P10-PRL-VLV-VG05 > P10-PRL-VLV-VN1A > P10-PRL-VLV-VN1B,contenedor_scoring,373540,1dd9711a-59af-4c3f-8b41-17903a787e86-0005b324,P10 > P10-PRL-LGC-PRELIMPIEZA > P10-PRL-LGC-SILOS > P10-PRL-SLO-SLO1 > P10-PRL-VLV-VG04 > P10-PRL-VLV-VG05 > P10-PRL-VLV-VN1A > P10-PRL-VLV-VN1B,8,72,NO,200,200,0,ancestro_project_exacto_duplicado,373540:200:P10 > P10-PRL-LGC-PRELIMPIEZA > P10-PRL-LGC-SILOS > P10-PRL-SLO-SLO1 > P10-PRL-VLV-VG04 > P10-PRL-VLV-VG05 > P10-PRL-VLV-VN1A > P10-PRL-VLV-VN1B || 373591:200:P10 > P10-PRL-LGC-PRELIMPIEZA > P10-PRL-LGC-SILOS > P10-PRL-SLO-SLO2 > P10-PRL-VLV-VG06 > P10-PRL-VLV-VG07 > P10-PRL-VLV-VN2A > P10-PRL-VLV-VN2B || 377655:200:P10 > P10-PRL-LGC-PRELIMPIEZA > P10-PRL-ACS-TPRL || 384012:200:P10 > P10-PRL-LGC-PRELIMPIEZA > P10-PRL-LGC-SILOS > P10-PRL-SLO-SRECUP > P10-PRL-VLV-VR19 || 385248:200:P10 > P10-PRL-LGC-PRELIMPIEZA > P10-PRL-LGC-MERMA > P10-PRL-BTD-BA06 > P10-PRL-RSC-SF20 > P10-PRL-DSP-DSP01 > P10-PRL-ALM-M3DP > P10-PRL-ALM-M2DP > P10-PRL-VLV-VR36 > P10-PRL-RSC-SF19 > P10-PRL-VNT-M1DP > P10-PRL-RSC-SF16 || 385396:200:P10 > P10-PRL-LGC-PRELIMPIEZA > P10-PRL-LGC-MULTIASPIRADORES > P10-PRL-MLT-ASP1 > P10-PRL-ALM-AS01A > P10-PRL-ALM-AS01B > P10-PRL-VNT-VE01 > P10-PRL-CCL-CVE01 > P10-PRL-VLV-VR01 > P10-PRL-MLT-ASP2 > P10-PRL-ALM-AS02A > P10-PRL-ALM-AS02B > P10-PRL-VNT-VE02 > P10-PRL-CCL-CVE02 > P10-PRL-VLV-VR02 > P10-PRL-MLT-ASP3 > P10-PRL-ALM-AS03A > P10-PRL-ALM-AS03B > P10-PRL-VNT-VE03 > P10-PRL-CCL-CVE03 > P10-PRL-VLV-VR03 > P10-PRL-RSC-SF08 || 385416:200:P10 > P10-PRL-LGC-PRELIMPIEZA > P10-PRL-LGC-REDLER || 385436:200:P10 > P10-PRL-LGC-PRELIMPIEZA > P10-PRL-LGC-REDLER,P10-PRL-LGC-PRELIMPIEZA,Ancestro Project P10-PRL-LGC-PRELIMPIEZA aparece en 8 contenedores.,P10,P10-PRL-LGC-PRELIMPIEZA,P10-PRL-LGC-SILOS,P10-PRL-SLO-SLO1,P10-PRL-VLV-VG04,P10-PRL-VLV-VG05,P10-PRL-VLV-VN1A,P10-PRL-VLV-VN1B,,,,,,,,,,,,,,,,,,,,,,,,,,,,,,,,,,,,,,,,,,,,,,,,,,,,,,,,,,,,,,,,,,,,,,,,,hay más de un contenedor candidato
contenedor_duplicado,contenedor_por_ancestro_project,P10-PRL-RSC-SF01,ROSCA BAJO FILTRO MANGAS A VR04 FMPRELIMP,698,4,698,P10-PRL-FLT-FMPRELIMP,P10-PRL-FLT-FMPRELIMP,P10-PRL-LGC-PRELIMPIEZA > P10-PRL-FLT-FMPRELIMP,P10 > P10-PRL-LGC-PRELIMPIEZA > P10-PRL-FLT-FMPRELIMP,P10 > P10-PRL-LGC-PRELIMPIEZA > P10-PRL-FLT-FMPRELIMP > P10-PRL-RSC-SF01,373540,1dd9711a-59af-4c3f-8b41-17903a787e86-0005b324,Modelos genéricos,Silodiario harina,Silodiario harina,Silodiario harina,P10-PRL-SLO-SLO1,P10 > P10-PRL-LGC-PRELIMPIEZA > P10-PRL-LGC-SILOS > P10-PRL-SLO-SLO1 > P10-PRL-VLV-VG04 > P10-PRL-VLV-VG05 > P10-PRL-VLV-VN1A > P10-PRL-VLV-VN1B,contenedor_scoring,373540,1dd9711a-59af-4c3f-8b41-17903a787e86-0005b324,P10 > P10-PRL-LGC-PRELIMPIEZA > P10-PRL-LGC-SILOS > P10-PRL-SLO-SLO1 > P10-PRL-VLV-VG04 > P10-PRL-VLV-VG05 > P10-PRL-VLV-VN1A > P10-PRL-VLV-VN1B,8,72,NO,200,200,0,ancestro_project_exacto_duplicado,373540:200:P10 > P10-PRL-LGC-PRELIMPIEZA > P10-PRL-LGC-SILOS > P10-PRL-SLO-SLO1 > P10-PRL-VLV-VG04 > P10-PRL-VLV-VG05 > P10-PRL-VLV-VN1A > P10-PRL-VLV-VN1B || 373591:200:P10 > P10-PRL-LGC-PRELIMPIEZA > P10-PRL-LGC-SILOS > P10-PRL-SLO-SLO2 > P10-PRL-VLV-VG06 > P10-PRL-VLV-VG07 > P10-PRL-VLV-VN2A > P10-PRL-VLV-VN2B || 377655:200:P10 > P10-PRL-LGC-PRELIMPIEZA > P10-PRL-ACS-TPRL || 384012:200:P10 > P10-PRL-LGC-PRELIMPIEZA > P10-PRL-LGC-SILOS > P10-PRL-SLO-SRECUP > P10-PRL-VLV-VR19 || 385248:200:P10 > P10-PRL-LGC-PRELIMPIEZA > P10-PRL-LGC-MERMA > P10-PRL-BTD-BA06 > P10-PRL-RSC-SF20 > P10-PRL-DSP-DSP01 > P10-PRL-ALM-M3DP > P10-PRL-ALM-M2DP > P10-PRL-VLV-VR36 > P10-PRL-RSC-SF19 > P10-PRL-VNT-M1DP > P10-PRL-RSC-SF16 || 385396:200:P10 > P10-PRL-LGC-PRELIMPIEZA > P10-PRL-LGC-MULTIASPIRADORES > P10-PRL-MLT-ASP1 > P10-PRL-ALM-AS01A > P10-PRL-ALM-AS01B > P10-PRL-VNT-VE01 > P10-PRL-CCL-CVE01 > P10-PRL-VLV-VR01 > P10-PRL-MLT-ASP2 > P10-PRL-ALM-AS02A > P10-PRL-ALM-AS02B > P10-PRL-VNT-VE02 > P10-PRL-CCL-CVE02 > P10-PRL-VLV-VR02 > P10-PRL-MLT-ASP3 > P10-PRL-ALM-AS03A > P10-PRL-ALM-AS03B > P10-PRL-VNT-VE03 > P10-PRL-CCL-CVE03 > P10-PRL-VLV-VR03 > P10-PRL-RSC-SF08 || 385416:200:P10 > P10-PRL-LGC-PRELIMPIEZA > P10-PRL-LGC-REDLER || 385436:200:P10 > P10-PRL-LGC-PRELIMPIEZA > P10-PRL-LGC-REDLER,P10-PRL-LGC-PRELIMPIEZA,Ancestro Project P10-PRL-LGC-PRELIMPIEZA aparece en 8 contenedores.,P10,P10-PRL-LGC-PRELIMPIEZA,P10-PRL-LGC-SILOS,P10-PRL-SLO-SLO1,P10-PRL-VLV-VG04,P10-PRL-VLV-VG05,P10-PRL-VLV-VN1A,P10-PRL-VLV-VN1B,,,,,,,,,,,,,,,,,,,,,,,,,,,,,,,,,,,,,,,,,,,,,,,,,,,,,,,,,,,,,,,,,,,,,,,,,hay más de un contenedor candidato
contenedor_duplicado,contenedor_por_ancestro_project,P10-PRL-VLV-VR04,VALV ROT DESC. SIN FIN B/FILTRO DE MANGAS FMPRELIMP,699,4,699,P10-PRL-FLT-FMPRELIMP,P10-PRL-FLT-FMPRELIMP,P10-PRL-LGC-PRELIMPIEZA > P10-PRL-FLT-FMPRELIMP,P10 > P10-PRL-LGC-PRELIMPIEZA > P10-PRL-FLT-FMPRELIMP,P10 > P10-PRL-LGC-PRELIMPIEZA > P10-PRL-FLT-FMPRELIMP > P10-PRL-VLV-VR04,373540,1dd9711a-59af-4c3f-8b41-17903a787e86-0005b324,Modelos genéricos,Silodiario harina,Silodiario harina,Silodiario harina,P10-PRL-SLO-SLO1,P10 > P10-PRL-LGC-PRELIMPIEZA > P10-PRL-LGC-SILOS > P10-PRL-SLO-SLO1 > P10-PRL-VLV-VG04 > P10-PRL-VLV-VG05 > P10-PRL-VLV-VN1A > P10-PRL-VLV-VN1B,contenedor_scoring,373540,1dd9711a-59af-4c3f-8b41-17903a787e86-0005b324,P10 > P10-PRL-LGC-PRELIMPIEZA > P10-PRL-LGC-SILOS > P10-PRL-SLO-SLO1 > P10-PRL-VLV-VG04 > P10-PRL-VLV-VG05 > P10-PRL-VLV-VN1A > P10-PRL-VLV-VN1B,8,72,NO,200,200,0,ancestro_project_exacto_duplicado,373540:200:P10 > P10-PRL-LGC-PRELIMPIEZA > P10-PRL-LGC-SILOS > P10-PRL-SLO-SLO1 > P10-PRL-VLV-VG04 > P10-PRL-VLV-VG05 > P10-PRL-VLV-VN1A > P10-PRL-VLV-VN1B || 373591:200:P10 > P10-PRL-LGC-PRELIMPIEZA > P10-PRL-LGC-SILOS > P10-PRL-SLO-SLO2 > P10-PRL-VLV-VG06 > P10-PRL-VLV-VG07 > P10-PRL-VLV-VN2A > P10-PRL-VLV-VN2B || 377655:200:P10 > P10-PRL-LGC-PRELIMPIEZA > P10-PRL-ACS-TPRL || 384012:200:P10 > P10-PRL-LGC-PRELIMPIEZA > P10-PRL-LGC-SILOS > P10-PRL-SLO-SRECUP > P10-PRL-VLV-VR19 || 385248:200:P10 > P10-PRL-LGC-PRELIMPIEZA > P10-PRL-LGC-MERMA > P10-PRL-BTD-BA06 > P10-PRL-RSC-SF20 > P10-PRL-DSP-DSP01 > P10-PRL-ALM-M3DP > P10-PRL-ALM-M2DP > P10-PRL-VLV-VR36 > P10-PRL-RSC-SF19 > P10-PRL-VNT-M1DP > P10-PRL-RSC-SF16 || 385396:200:P10 > P10-PRL-LGC-PRELIMPIEZA > P10-PRL-LGC-MULTIASPIRADORES > P10-PRL-MLT-ASP1 > P10-PRL-ALM-AS01A > P10-PRL-ALM-AS01B > P10-PRL-VNT-VE01 > P10-PRL-CCL-CVE01 > P10-PRL-VLV-VR01 > P10-PRL-MLT-ASP2 > P10-PRL-ALM-AS02A > P10-PRL-ALM-AS02B > P10-PRL-VNT-VE02 > P10-PRL-CCL-CVE02 > P10-PRL-VLV-VR02 > P10-PRL-MLT-ASP3 > P10-PRL-ALM-AS03A > P10-PRL-ALM-AS03B > P10-PRL-VNT-VE03 > P10-PRL-CCL-CVE03 > P10-PRL-VLV-VR03 > P10-PRL-RSC-SF08 || 385416:200:P10 > P10-PRL-LGC-PRELIMPIEZA > P10-PRL-LGC-REDLER || 385436:200:P10 > P10-PRL-LGC-PRELIMPIEZA > P10-PRL-LGC-REDLER,P10-PRL-LGC-PRELIMPIEZA,Ancestro Project P10-PRL-LGC-PRELIMPIEZA aparece en 8 contenedores.,P10,P10-PRL-LGC-PRELIMPIEZA,P10-PRL-LGC-SILOS,P10-PRL-SLO-SLO1,P10-PRL-VLV-VG04,P10-PRL-VLV-VG05,P10-PRL-VLV-VN1A,P10-PRL-VLV-VN1B,,,,,,,,,,,,,,,,,,,,,,,,,,,,,,,,,,,,,,,,,,,,,,,,,,,,,,,,,,,,,,,,,,,,,,,,,hay más de un contenedor candidato
contenedor_duplicado,contenedor_por_ancestro_project,P10-PRL-VNT-VE67,VENT. LIMPIEZA FILTRO MANGAS FMPRELIMP,700,4,700,P10-PRL-FLT-FMPRELIMP,P10-PRL-FLT-FMPRELIMP,P10-PRL-LGC-PRELIMPIEZA > P10-PRL-FLT-FMPRELIMP,P10 > P10-PRL-LGC-PRELIMPIEZA > P10-PRL-FLT-FMPRELIMP,P10 > P10-PRL-LGC-PRELIMPIEZA > P10-PRL-FLT-FMPRELIMP > P10-PRL-VNT-VE67,373540,1dd9711a-59af-4c3f-8b41-17903a787e86-0005b324,Modelos genéricos,Silodiario harina,Silodiario harina,Silodiario harina,P10-PRL-SLO-SLO1,P10 > P10-PRL-LGC-PRELIMPIEZA > P10-PRL-LGC-SILOS > P10-PRL-SLO-SLO1 > P10-PRL-VLV-VG04 > P10-PRL-VLV-VG05 > P10-PRL-VLV-VN1A > P10-PRL-VLV-VN1B,contenedor_scoring,373540,1dd9711a-59af-4c3f-8b41-17903a787e86-0005b324,P10 > P10-PRL-LGC-PRELIMPIEZA > P10-PRL-LGC-SILOS > P10-PRL-SLO-SLO1 > P10-PRL-VLV-VG04 > P10-PRL-VLV-VG05 > P10-PRL-VLV-VN1A > P10-PRL-VLV-VN1B,8,72,NO,200,200,0,ancestro_project_exacto_duplicado,373540:200:P10 > P10-PRL-LGC-PRELIMPIEZA > P10-PRL-LGC-SILOS > P10-PRL-SLO-SLO1 > P10-PRL-VLV-VG04 > P10-PRL-VLV-VG05 > P10-PRL-VLV-VN1A > P10-PRL-VLV-VN1B || 373591:200:P10 > P10-PRL-LGC-PRELIMPIEZA > P10-PRL-LGC-SILOS > P10-PRL-SLO-SLO2 > P10-PRL-VLV-VG06 > P10-PRL-VLV-VG07 > P10-PRL-VLV-VN2A > P10-PRL-VLV-VN2B || 377655:200:P10 > P10-PRL-LGC-PRELIMPIEZA > P10-PRL-ACS-TPRL || 384012:200:P10 > P10-PRL-LGC-PRELIMPIEZA > P10-PRL-LGC-SILOS > P10-PRL-SLO-SRECUP > P10-PRL-VLV-VR19 || 385248:200:P10 > P10-PRL-LGC-PRELIMPIEZA > P10-PRL-LGC-MERMA > P10-PRL-BTD-BA06 > P10-PRL-RSC-SF20 > P10-PRL-DSP-DSP01 > P10-PRL-ALM-M3DP > P10-PRL-ALM-M2DP > P10-PRL-VLV-VR36 > P10-PRL-RSC-SF19 > P10-PRL-VNT-M1DP > P10-PRL-RSC-SF16 || 385396:200:P10 > P10-PRL-LGC-PRELIMPIEZA > P10-PRL-LGC-MULTIASPIRADORES > P10-PRL-MLT-ASP1 > P10-PRL-ALM-AS01A > P10-PRL-ALM-AS01B > P10-PRL-VNT-VE01 > P10-PRL-CCL-CVE01 > P10-PRL-VLV-VR01 > P10-PRL-MLT-ASP2 > P10-PRL-ALM-AS02A > P10-PRL-ALM-AS02B > P10-PRL-VNT-VE02 > P10-PRL-CCL-CVE02 > P10-PRL-VLV-VR02 > P10-PRL-MLT-ASP3 > P10-PRL-ALM-AS03A > P10-PRL-ALM-AS03B > P10-PRL-VNT-VE03 > P10-PRL-CCL-CVE03 > P10-PRL-VLV-VR03 > P10-PRL-RSC-SF08 || 385416:200:P10 > P10-PRL-LGC-PRELIMPIEZA > P10-PRL-LGC-REDLER || 385436:200:P10 > P10-PRL-LGC-PRELIMPIEZA > P10-PRL-LGC-REDLER,P10-PRL-LGC-PRELIMPIEZA,Ancestro Project P10-PRL-LGC-PRELIMPIEZA aparece en 8 contenedores.,P10,P10-PRL-LGC-PRELIMPIEZA,P10-PRL-LGC-SILOS,P10-PRL-SLO-SLO1,P10-PRL-VLV-VG04,P10-PRL-VLV-VG05,P10-PRL-VLV-VN1A,P10-PRL-VLV-VN1B,,,,,,,,,,,,,,,,,,,,,,,,,,,,,,,,,,,,,,,,,,,,,,,,,,,,,,,,,,,,,,,,,,,,,,,,,hay más de un contenedor candidato
contenedor_duplicado,contenedor_por_ancestro_project,P10-PRL-VNT-VE04,VENTILADOR FILTRO DE MANGAS FMPRELIMP,701,4,701,P10-PRL-FLT-FMPRELIMP,P10-PRL-FLT-FMPRELIMP,P10-PRL-LGC-PRELIMPIEZA > P10-PRL-FLT-FMPRELIMP,P10 > P10-PRL-LGC-PRELIMPIEZA > P10-PRL-FLT-FMPRELIMP,P10 > P10-PRL-LGC-PRELIMPIEZA > P10-PRL-FLT-FMPRELIMP > P10-PRL-VNT-VE04,373540,1dd9711a-59af-4c3f-8b41-17903a787e86-0005b324,Modelos genéricos,Silodiario harina,Silodiario harina,Silodiario harina,P10-PRL-SLO-SLO1,P10 > P10-PRL-LGC-PRELIMPIEZA > P10-PRL-LGC-SILOS > P10-PRL-SLO-SLO1 > P10-PRL-VLV-VG04 > P10-PRL-VLV-VG05 > P10-PRL-VLV-VN1A > P10-PRL-VLV-VN1B,contenedor_scoring,373540,1dd9711a-59af-4c3f-8b41-17903a787e86-0005b324,P10 > P10-PRL-LGC-PRELIMPIEZA > P10-PRL-LGC-SILOS > P10-PRL-SLO-SLO1 > P10-PRL-VLV-VG04 > P10-PRL-VLV-VG05 > P10-PRL-VLV-VN1A > P10-PRL-VLV-VN1B,8,72,NO,200,200,0,ancestro_project_exacto_duplicado,373540:200:P10 > P10-PRL-LGC-PRELIMPIEZA > P10-PRL-LGC-SILOS > P10-PRL-SLO-SLO1 > P10-PRL-VLV-VG04 > P10-PRL-VLV-VG05 > P10-PRL-VLV-VN1A > P10-PRL-VLV-VN1B || 373591:200:P10 > P10-PRL-LGC-PRELIMPIEZA > P10-PRL-LGC-SILOS > P10-PRL-SLO-SLO2 > P10-PRL-VLV-VG06 > P10-PRL-VLV-VG07 > P10-PRL-VLV-VN2A > P10-PRL-VLV-VN2B || 377655:200:P10 > P10-PRL-LGC-PRELIMPIEZA > P10-PRL-ACS-TPRL || 384012:200:P10 > P10-PRL-LGC-PRELIMPIEZA > P10-PRL-LGC-SILOS > P10-PRL-SLO-SRECUP > P10-PRL-VLV-VR19 || 385248:200:P10 > P10-PRL-LGC-PRELIMPIEZA > P10-PRL-LGC-MERMA > P10-PRL-BTD-BA06 > P10-PRL-RSC-SF20 > P10-PRL-DSP-DSP01 > P10-PRL-ALM-M3DP > P10-PRL-ALM-M2DP > P10-PRL-VLV-VR36 > P10-PRL-RSC-SF19 > P10-PRL-VNT-M1DP > P10-PRL-RSC-SF16 || 385396:200:P10 > P10-PRL-LGC-PRELIMPIEZA > P10-PRL-LGC-MULTIASPIRADORES > P10-PRL-MLT-ASP1 > P10-PRL-ALM-AS01A > P10-PRL-ALM-AS01B > P10-PRL-VNT-VE01 > P10-PRL-CCL-CVE01 > P10-PRL-VLV-VR01 > P10-PRL-MLT-ASP2 > P10-PRL-ALM-AS02A > P10-PRL-ALM-AS02B > P10-PRL-VNT-VE02 > P10-PRL-CCL-CVE02 > P10-PRL-VLV-VR02 > P10-PRL-MLT-ASP3 > P10-PRL-ALM-AS03A > P10-PRL-ALM-AS03B > P10-PRL-VNT-VE03 > P10-PRL-CCL-CVE03 > P10-PRL-VLV-VR03 > P10-PRL-RSC-SF08 || 385416:200:P10 > P10-PRL-LGC-PRELIMPIEZA > P10-PRL-LGC-REDLER || 385436:200:P10 > P10-PRL-LGC-PRELIMPIEZA > P10-PRL-LGC-REDLER,P10-PRL-LGC-PRELIMPIEZA,Ancestro Project P10-PRL-LGC-PRELIMPIEZA aparece en 8 contenedores.,P10,P10-PRL-LGC-PRELIMPIEZA,P10-PRL-LGC-SILOS,P10-PRL-SLO-SLO1,P10-PRL-VLV-VG04,P10-PRL-VLV-VG05,P10-PRL-VLV-VN1A,P10-PRL-VLV-VN1B,,,,,,,,,,,,,,,,,,,,,,,,,,,,,,,,,,,,,,,,,,,,,,,,,,,,,,,,,,,,,,,,,,,,,,,,,hay más de un contenedor candidato
contenedor_duplicado,contenedor_por_ancestro_project,P10-PRL-ZRN-ZR01,ZARANDA ROTATIVA 01 (OESTE),712,3,712,P10-PRL-LGC-PRELIMPIEZA,P10-PRL-LGC-PRELIMPIEZA,P10-PRL-LGC-PRELIMPIEZA,P10 > P10-PRL-LGC-PRELIMPIEZA,P10 > P10-PRL-LGC-PRELIMPIEZA > P10-PRL-ZRN-ZR01,373540,1dd9711a-59af-4c3f-8b41-17903a787e86-0005b324,Modelos genéricos,Silodiario harina,Silodiario harina,Silodiario harina,P10-PRL-SLO-SLO1,P10 > P10-PRL-LGC-PRELIMPIEZA > P10-PRL-LGC-SILOS > P10-PRL-SLO-SLO1 > P10-PRL-VLV-VG04 > P10-PRL-VLV-VG05 > P10-PRL-VLV-VN1A > P10-PRL-VLV-VN1B,contenedor_scoring,373540,1dd9711a-59af-4c3f-8b41-17903a787e86-0005b324,P10 > P10-PRL-LGC-PRELIMPIEZA > P10-PRL-LGC-SILOS > P10-PRL-SLO-SLO1 > P10-PRL-VLV-VG04 > P10-PRL-VLV-VG05 > P10-PRL-VLV-VN1A > P10-PRL-VLV-VN1B,8,72,NO,200,200,0,ancestro_project_exacto_duplicado,373540:200:P10 > P10-PRL-LGC-PRELIMPIEZA > P10-PRL-LGC-SILOS > P10-PRL-SLO-SLO1 > P10-PRL-VLV-VG04 > P10-PRL-VLV-VG05 > P10-PRL-VLV-VN1A > P10-PRL-VLV-VN1B || 373591:200:P10 > P10-PRL-LGC-PRELIMPIEZA > P10-PRL-LGC-SILOS > P10-PRL-SLO-SLO2 > P10-PRL-VLV-VG06 > P10-PRL-VLV-VG07 > P10-PRL-VLV-VN2A > P10-PRL-VLV-VN2B || 377655:200:P10 > P10-PRL-LGC-PRELIMPIEZA > P10-PRL-ACS-TPRL || 384012:200:P10 > P10-PRL-LGC-PRELIMPIEZA > P10-PRL-LGC-SILOS > P10-PRL-SLO-SRECUP > P10-PRL-VLV-VR19 || 385248:200:P10 > P10-PRL-LGC-PRELIMPIEZA > P10-PRL-LGC-MERMA > P10-PRL-BTD-BA06 > P10-PRL-RSC-SF20 > P10-PRL-DSP-DSP01 > P10-PRL-ALM-M3DP > P10-PRL-ALM-M2DP > P10-PRL-VLV-VR36 > P10-PRL-RSC-SF19 > P10-PRL-VNT-M1DP > P10-PRL-RSC-SF16 || 385396:200:P10 > P10-PRL-LGC-PRELIMPIEZA > P10-PRL-LGC-MULTIASPIRADORES > P10-PRL-MLT-ASP1 > P10-PRL-ALM-AS01A > P10-PRL-ALM-AS01B > P10-PRL-VNT-VE01 > P10-PRL-CCL-CVE01 > P10-PRL-VLV-VR01 > P10-PRL-MLT-ASP2 > P10-PRL-ALM-AS02A > P10-PRL-ALM-AS02B > P10-PRL-VNT-VE02 > P10-PRL-CCL-CVE02 > P10-PRL-VLV-VR02 > P10-PRL-MLT-ASP3 > P10-PRL-ALM-AS03A > P10-PRL-ALM-AS03B > P10-PRL-VNT-VE03 > P10-PRL-CCL-CVE03 > P10-PRL-VLV-VR03 > P10-PRL-RSC-SF08 || 385416:200:P10 > P10-PRL-LGC-PRELIMPIEZA > P10-PRL-LGC-REDLER || 385436:200:P10 > P10-PRL-LGC-PRELIMPIEZA > P10-PRL-LGC-REDLER,P10-PRL-LGC-PRELIMPIEZA,Ancestro Project P10-PRL-LGC-PRELIMPIEZA aparece en 8 contenedores.,P10,P10-PRL-LGC-PRELIMPIEZA,P10-PRL-LGC-SILOS,P10-PRL-SLO-SLO1,P10-PRL-VLV-VG04,P10-PRL-VLV-VG05,P10-PRL-VLV-VN1A,P10-PRL-VLV-VN1B,,,,,,,,,,,,,,,,,,,,,,,,,,,,,,,,,,,,,,,,,,,,,,,,,,,,,,,,,,,,,,,,,,,,,,,,,hay más de un contenedor candidato
contenedor_duplicado,contenedor_por_ancestro_project,P10-PRL-ALM-ZRA01,ALIM. ZARAN. ROT. ZR01,713,4,713,P10-PRL-ZRN-ZR01,P10-PRL-ZRN-ZR01,P10-PRL-LGC-PRELIMPIEZA > P10-PRL-ZRN-ZR01,P10 > P10-PRL-LGC-PRELIMPIEZA > P10-PRL-ZRN-ZR01,P10 > P10-PRL-LGC-PRELIMPIEZA > P10-PRL-ZRN-ZR01 > P10-PRL-ALM-ZRA01,373540,1dd9711a-59af-4c3f-8b41-17903a787e86-0005b324,Modelos genéricos,Silodiario harina,Silodiario harina,Silodiario harina,P10-PRL-SLO-SLO1,P10 > P10-PRL-LGC-PRELIMPIEZA > P10-PRL-LGC-SILOS > P10-PRL-SLO-SLO1 > P10-PRL-VLV-VG04 > P10-PRL-VLV-VG05 > P10-PRL-VLV-VN1A > P10-PRL-VLV-VN1B,contenedor_scoring,373540,1dd9711a-59af-4c3f-8b41-17903a787e86-0005b324,P10 > P10-PRL-LGC-PRELIMPIEZA > P10-PRL-LGC-SILOS > P10-PRL-SLO-SLO1 > P10-PRL-VLV-VG04 > P10-PRL-VLV-VG05 > P10-PRL-VLV-VN1A > P10-PRL-VLV-VN1B,8,72,NO,200,200,0,ancestro_project_exacto_duplicado,373540:200:P10 > P10-PRL-LGC-PRELIMPIEZA > P10-PRL-LGC-SILOS > P10-PRL-SLO-SLO1 > P10-PRL-VLV-VG04 > P10-PRL-VLV-VG05 > P10-PRL-VLV-VN1A > P10-PRL-VLV-VN1B || 373591:200:P10 > P10-PRL-LGC-PRELIMPIEZA > P10-PRL-LGC-SILOS > P10-PRL-SLO-SLO2 > P10-PRL-VLV-VG06 > P10-PRL-VLV-VG07 > P10-PRL-VLV-VN2A > P10-PRL-VLV-VN2B || 377655:200:P10 > P10-PRL-LGC-PRELIMPIEZA > P10-PRL-ACS-TPRL || 384012:200:P10 > P10-PRL-LGC-PRELIMPIEZA > P10-PRL-LGC-SILOS > P10-PRL-SLO-SRECUP > P10-PRL-VLV-VR19 || 385248:200:P10 > P10-PRL-LGC-PRELIMPIEZA > P10-PRL-LGC-MERMA > P10-PRL-BTD-BA06 > P10-PRL-RSC-SF20 > P10-PRL-DSP-DSP01 > P10-PRL-ALM-M3DP > P10-PRL-ALM-M2DP > P10-PRL-VLV-VR36 > P10-PRL-RSC-SF19 > P10-PRL-VNT-M1DP > P10-PRL-RSC-SF16 || 385396:200:P10 > P10-PRL-LGC-PRELIMPIEZA > P10-PRL-LGC-MULTIASPIRADORES > P10-PRL-MLT-ASP1 > P10-PRL-ALM-AS01A > P10-PRL-ALM-AS01B > P10-PRL-VNT-VE01 > P10-PRL-CCL-CVE01 > P10-PRL-VLV-VR01 > P10-PRL-MLT-ASP2 > P10-PRL-ALM-AS02A > P10-PRL-ALM-AS02B > P10-PRL-VNT-VE02 > P10-PRL-CCL-CVE02 > P10-PRL-VLV-VR02 > P10-PRL-MLT-ASP3 > P10-PRL-ALM-AS03A > P10-PRL-ALM-AS03B > P10-PRL-VNT-VE03 > P10-PRL-CCL-CVE03 > P10-PRL-VLV-VR03 > P10-PRL-RSC-SF08 || 385416:200:P10 > P10-PRL-LGC-PRELIMPIEZA > P10-PRL-LGC-REDLER || 385436:200:P10 > P10-PRL-LGC-PRELIMPIEZA > P10-PRL-LGC-REDLER,P10-PRL-LGC-PRELIMPIEZA,Ancestro Project P10-PRL-LGC-PRELIMPIEZA aparece en 8 contenedores.,P10,P10-PRL-LGC-PRELIMPIEZA,P10-PRL-LGC-SILOS,P10-PRL-SLO-SLO1,P10-PRL-VLV-VG04,P10-PRL-VLV-VG05,P10-PRL-VLV-VN1A,P10-PRL-VLV-VN1B,,,,,,,,,,,,,,,,,,,,,,,,,,,,,,,,,,,,,,,,,,,,,,,,,,,,,,,,,,,,,,,,,,,,,,,,,hay más de un contenedor candidato
contenedor_duplicado,contenedor_por_ancestro_project,P10-PRL-ZRN-ZR02,ZARANDA ROTATIVA 02 (ESTE),714,3,714,P10-PRL-LGC-PRELIMPIEZA,P10-PRL-LGC-PRELIMPIEZA,P10-PRL-LGC-PRELIMPIEZA,P10 > P10-PRL-LGC-PRELIMPIEZA,P10 > P10-PRL-LGC-PRELIMPIEZA > P10-PRL-ZRN-ZR02,373540,1dd9711a-59af-4c3f-8b41-17903a787e86-0005b324,Modelos genéricos,Silodiario harina,Silodiario harina,Silodiario harina,P10-PRL-SLO-SLO1,P10 > P10-PRL-LGC-PRELIMPIEZA > P10-PRL-LGC-SILOS > P10-PRL-SLO-SLO1 > P10-PRL-VLV-VG04 > P10-PRL-VLV-VG05 > P10-PRL-VLV-VN1A > P10-PRL-VLV-VN1B,contenedor_scoring,373540,1dd9711a-59af-4c3f-8b41-17903a787e86-0005b324,P10 > P10-PRL-LGC-PRELIMPIEZA > P10-PRL-LGC-SILOS > P10-PRL-SLO-SLO1 > P10-PRL-VLV-VG04 > P10-PRL-VLV-VG05 > P10-PRL-VLV-VN1A > P10-PRL-VLV-VN1B,8,72,NO,200,200,0,ancestro_project_exacto_duplicado,373540:200:P10 > P10-PRL-LGC-PRELIMPIEZA > P10-PRL-LGC-SILOS > P10-PRL-SLO-SLO1 > P10-PRL-VLV-VG04 > P10-PRL-VLV-VG05 > P10-PRL-VLV-VN1A > P10-PRL-VLV-VN1B || 373591:200:P10 > P10-PRL-LGC-PRELIMPIEZA > P10-PRL-LGC-SILOS > P10-PRL-SLO-SLO2 > P10-PRL-VLV-VG06 > P10-PRL-VLV-VG07 > P10-PRL-VLV-VN2A > P10-PRL-VLV-VN2B || 377655:200:P10 > P10-PRL-LGC-PRELIMPIEZA > P10-PRL-ACS-TPRL || 384012:200:P10 > P10-PRL-LGC-PRELIMPIEZA > P10-PRL-LGC-SILOS > P10-PRL-SLO-SRECUP > P10-PRL-VLV-VR19 || 385248:200:P10 > P10-PRL-LGC-PRELIMPIEZA > P10-PRL-LGC-MERMA > P10-PRL-BTD-BA06 > P10-PRL-RSC-SF20 > P10-PRL-DSP-DSP01 > P10-PRL-ALM-M3DP > P10-PRL-ALM-M2DP > P10-PRL-VLV-VR36 > P10-PRL-RSC-SF19 > P10-PRL-VNT-M1DP > P10-PRL-RSC-SF16 || 385396:200:P10 > P10-PRL-LGC-PRELIMPIEZA > P10-PRL-LGC-MULTIASPIRADORES > P10-PRL-MLT-ASP1 > P10-PRL-ALM-AS01A > P10-PRL-ALM-AS01B > P10-PRL-VNT-VE01 > P10-PRL-CCL-CVE01 > P10-PRL-VLV-VR01 > P10-PRL-MLT-ASP2 > P10-PRL-ALM-AS02A > P10-PRL-ALM-AS02B > P10-PRL-VNT-VE02 > P10-PRL-CCL-CVE02 > P10-PRL-VLV-VR02 > P10-PRL-MLT-ASP3 > P10-PRL-ALM-AS03A > P10-PRL-ALM-AS03B > P10-PRL-VNT-VE03 > P10-PRL-CCL-CVE03 > P10-PRL-VLV-VR03 > P10-PRL-RSC-SF08 || 385416:200:P10 > P10-PRL-LGC-PRELIMPIEZA > P10-PRL-LGC-REDLER || 385436:200:P10 > P10-PRL-LGC-PRELIMPIEZA > P10-PRL-LGC-REDLER,P10-PRL-LGC-PRELIMPIEZA,Ancestro Project P10-PRL-LGC-PRELIMPIEZA aparece en 8 contenedores.,P10,P10-PRL-LGC-PRELIMPIEZA,P10-PRL-LGC-SILOS,P10-PRL-SLO-SLO1,P10-PRL-VLV-VG04,P10-PRL-VLV-VG05,P10-PRL-VLV-VN1A,P10-PRL-VLV-VN1B,,,,,,,,,,,,,,,,,,,,,,,,,,,,,,,,,,,,,,,,,,,,,,,,,,,,,,,,,,,,,,,,,,,,,,,,,hay más de un contenedor candidato
contenedor_duplicado,contenedor_por_ancestro_project,P10-PRL-ALM-ZRA02,ALIM. ZARAN. ROT. ZR02,715,4,715,P10-PRL-ZRN-ZR02,P10-PRL-ZRN-ZR02,P10-PRL-LGC-PRELIMPIEZA > P10-PRL-ZRN-ZR02,P10 > P10-PRL-LGC-PRELIMPIEZA > P10-PRL-ZRN-ZR02,P10 > P10-PRL-LGC-PRELIMPIEZA > P10-PRL-ZRN-ZR02 > P10-PRL-ALM-ZRA02,373540,1dd9711a-59af-4c3f-8b41-17903a787e86-0005b324,Modelos genéricos,Silodiario harina,Silodiario harina,Silodiario harina,P10-PRL-SLO-SLO1,P10 > P10-PRL-LGC-PRELIMPIEZA > P10-PRL-LGC-SILOS > P10-PRL-SLO-SLO1 > P10-PRL-VLV-VG04 > P10-PRL-VLV-VG05 > P10-PRL-VLV-VN1A > P10-PRL-VLV-VN1B,contenedor_scoring,373540,1dd9711a-59af-4c3f-8b41-17903a787e86-0005b324,P10 > P10-PRL-LGC-PRELIMPIEZA > P10-PRL-LGC-SILOS > P10-PRL-SLO-SLO1 > P10-PRL-VLV-VG04 > P10-PRL-VLV-VG05 > P10-PRL-VLV-VN1A > P10-PRL-VLV-VN1B,8,72,NO,200,200,0,ancestro_project_exacto_duplicado,373540:200:P10 > P10-PRL-LGC-PRELIMPIEZA > P10-PRL-LGC-SILOS > P10-PRL-SLO-SLO1 > P10-PRL-VLV-VG04 > P10-PRL-VLV-VG05 > P10-PRL-VLV-VN1A > P10-PRL-VLV-VN1B || 373591:200:P10 > P10-PRL-LGC-PRELIMPIEZA > P10-PRL-LGC-SILOS > P10-PRL-SLO-SLO2 > P10-PRL-VLV-VG06 > P10-PRL-VLV-VG07 > P10-PRL-VLV-VN2A > P10-PRL-VLV-VN2B || 377655:200:P10 > P10-PRL-LGC-PRELIMPIEZA > P10-PRL-ACS-TPRL || 384012:200:P10 > P10-PRL-LGC-PRELIMPIEZA > P10-PRL-LGC-SILOS > P10-PRL-SLO-SRECUP > P10-PRL-VLV-VR19 || 385248:200:P10 > P10-PRL-LGC-PRELIMPIEZA > P10-PRL-LGC-MERMA > P10-PRL-BTD-BA06 > P10-PRL-RSC-SF20 > P10-PRL-DSP-DSP01 > P10-PRL-ALM-M3DP > P10-PRL-ALM-M2DP > P10-PRL-VLV-VR36 > P10-PRL-RSC-SF19 > P10-PRL-VNT-M1DP > P10-PRL-RSC-SF16 || 385396:200:P10 > P10-PRL-LGC-PRELIMPIEZA > P10-PRL-LGC-MULTIASPIRADORES > P10-PRL-MLT-ASP1 > P10-PRL-ALM-AS01A > P10-PRL-ALM-AS01B > P10-PRL-VNT-VE01 > P10-PRL-CCL-CVE01 > P10-PRL-VLV-VR01 > P10-PRL-MLT-ASP2 > P10-PRL-ALM-AS02A > P10-PRL-ALM-AS02B > P10-PRL-VNT-VE02 > P10-PRL-CCL-CVE02 > P10-PRL-VLV-VR02 > P10-PRL-MLT-ASP3 > P10-PRL-ALM-AS03A > P10-PRL-ALM-AS03B > P10-PRL-VNT-VE03 > P10-PRL-CCL-CVE03 > P10-PRL-VLV-VR03 > P10-PRL-RSC-SF08 || 385416:200:P10 > P10-PRL-LGC-PRELIMPIEZA > P10-PRL-LGC-REDLER || 385436:200:P10 > P10-PRL-LGC-PRELIMPIEZA > P10-PRL-LGC-REDLER,P10-PRL-LGC-PRELIMPIEZA,Ancestro Project P10-PRL-LGC-PRELIMPIEZA aparece en 8 contenedores.,P10,P10-PRL-LGC-PRELIMPIEZA,P10-PRL-LGC-SILOS,P10-PRL-SLO-SLO1,P10-PRL-VLV-VG04,P10-PRL-VLV-VG05,P10-PRL-VLV-VN1A,P10-PRL-VLV-VN1B,,,,,,,,,,,,,,,,,,,,,,,,,,,,,,,,,,,,,,,,,,,,,,,,,,,,,,,,,,,,,,,,,,,,,,,,,hay más de un contenedor candidato
duplicado,elemento_puntual,P10-SRV-LGC-SERVICIOS,SECTOR SERVICIOS GENERALES P10,716,2,716,P10,,,P10,P10 > P10-SRV-LGC-SERVICIOS,176327,e873c32e-5e0c-4f36-b2a7-48d4917bce06-0002b0c7,Cubiertas,,Genérico - 400 mm,Genérico - 400 mm,P10-ADM-OFC-OFICINA,P10 > P10-SRV-LGC-SERVICIOS > P10-ADM-OFC-OFICINA MANT > P10-ADM-OFC-ADM,btz_description_02,,,,,,,,,,,,,21 elementos Revit contienen el código exacto.,P10,P10-SRV-LGC-SERVICIOS,P10-ADM-OFC-OFICINA MANT,P10-ADM-OFC-ADM,,,,,,,,,,,,,,,,,,,,,,,,,,,,,,,,,,,,,,,,,,,,,,,,,,,,,,,,,,,,,,,,,,,,,,,,,,,,,hay más de un elemento puntual posible
duplicado,elemento_puntual,P10-SRV-LGC-SERVICIOS,SECTOR SERVICIOS GENERALES P10,716,2,716,P10,,,P10,P10 > P10-SRV-LGC-SERVICIOS,185694,25d0f85d-57da-4cae-8ca2-9b682363407e-0002d55e,Cubiertas,,Genérico - 400 mm,Genérico - 400 mm,P10-SRV-LGC-TORRES,P10 > P10-SRV-LGC-SERVICIOS > P10-SRV-LGC-TORRES > P10-TRR-BMB-BO34 > P10-TRR-BMB-BO35 > P10-TRR-BMB-BO36 > P10-TRR-BMB-BO37 > P10-TRR-MTD-MDBO37 > P10-TRR-SLA-SALA > P10-TRR-BMB-BOREFRIG > P10-TRR-TRR-TEP10 > P10-TRR-BMB-BMB > P10-TRR-TNQ-TK > P10-TRR-BMB-BO > P10-TRR-LGC-TRAT > P10-TRR-IBC-02 > P10-TRR-IBC-01 > P10-TRR-IBC-03 > P10-TRR-VNT-VETE01 > P10-TRR-VNT-VETE02 > P10-TRR-VNT-VETE03 > P10-TRR-VNT-VETE04 > P10-TRR-VNT-VETE05 > P10-TRR-VNT-VETE06,btz_description_02,,,,,,,,,,,,,21 elementos Revit contienen el código exacto.,P10,P10-SRV-LGC-SERVICIOS,P10-SRV-LGC-TORRES,P10-TRR-BMB-BO34,P10-TRR-BMB-BO35,P10-TRR-BMB-BO36,P10-TRR-BMB-BO37,P10-TRR-MTD-MDBO37,P10-TRR-SLA-SALA,P10-TRR-BMB-BOREFRIG,P10-TRR-TRR-TEP10,P10-TRR-BMB-BMB,P10-TRR-TNQ-TK,P10-TRR-BMB-BO,P10-TRR-LGC-TRAT,P10-TRR-IBC-02,P10-TRR-IBC-01,P10-TRR-IBC-03,P10-TRR-VNT-VETE01,P10-TRR-VNT-VETE02,P10-TRR-VNT-VETE03,P10-TRR-VNT-VETE04,P10-TRR-VNT-VETE05,P10-TRR-VNT-VETE06,,,,,,,,,,,,,,,,,,,,,,,,,,,,,,,,,,,,,,,,,,,,,,,,,,,,,,,,,hay más de un elemento puntual posible
duplicado,elemento_puntual,P10-SRV-LGC-SERVICIOS,SECTOR SERVICIOS GENERALES P10,716,2,716,P10,,,P10,P10 > P10-SRV-LGC-SERVICIOS,227527,25d0f85d-57da-4cae-8ca2-9b682363407e-000378c7,Cubiertas,,Genérico - 400 mm,Genérico - 400 mm,P10-SRV-CLD-CMB,P10 > P10-SRV-LGC-SERVICIOS > P10-SRV-CLD-CMB > P10-SRV-BMB-BO01 > P10-SRV-BMB-BO02 > P10-SRV-BMB-BO39 > P10-SRV-BMB-BO38 > P10-SRV-BMB-BO45 > P10-SRV-BMB-BO44 > P10-SRV-BMB-BO42 > P10-SRV-BMB-BO43 > P10-SRV-BMB-BO52 > P10-SRV-CLC-COLECTOR > P10-SRV-LGC-VALV > P10-SRV-VLV-CCV-001 > P10-SRV-VLV-PCV-001 > P10-SRV-VLV-SGR > P10-SRV-VLV-LCV-001 > P10-SRV-VLV-PCV-003 > P10-SRV-VLV-SOV-002 > P10-SRV-VLV-SOV-001 > P10-SRV-VLV-SOV-004 > P10-SRV-VLV-SOV-003 > P10-SRV-FLT-FG02 > P10-SRV-MGN-MAGNETROL > P10-SRV-SPL-SH01 > P10-SRV-SPL-SH02 > P10-SRV-SPL-SH03 > P10-SRV-SPL-SH04 > P10-SRV-TNQ-TKFLASH > P10-SRV-TNQ-TKRESERVA > P10-SRV-TNQ-TKDESAIREADOR > P10-SRV-VLV-LCV-002 > P10-SRV-VLV-PCV-004 > P10-SRV-VNT-VTF01,btz_description_02,,,,,,,,,,,,,21 elementos Revit contienen el código exacto.,P10,P10-SRV-LGC-SERVICIOS,P10-SRV-CLD-CMB,P10-SRV-BMB-BO01,P10-SRV-BMB-BO02,P10-SRV-BMB-BO39,P10-SRV-BMB-BO38,P10-SRV-BMB-BO45,P10-SRV-BMB-BO44,P10-SRV-BMB-BO42,P10-SRV-BMB-BO43,P10-SRV-BMB-BO52,P10-SRV-CLC-COLECTOR,P10-SRV-LGC-VALV,P10-SRV-VLV-CCV-001,P10-SRV-VLV-PCV-001,P10-SRV-VLV-SGR,P10-SRV-VLV-LCV-001,P10-SRV-VLV-PCV-003,P10-SRV-VLV-SOV-002,P10-SRV-VLV-SOV-001,P10-SRV-VLV-SOV-004,P10-SRV-VLV-SOV-003,P10-SRV-FLT-FG02,P10-SRV-MGN-MAGNETROL,P10-SRV-SPL-SH01,P10-SRV-SPL-SH02,P10-SRV-SPL-SH03,P10-SRV-SPL-SH04,P10-SRV-TNQ-TKFLASH,P10-SRV-TNQ-TKRESERVA,P10-SRV-TNQ-TKDESAIREADOR,P10-SRV-VLV-LCV-002,P10-SRV-VLV-PCV-004,P10-SRV-VNT-VTF01,,,,,,,,,,,,,,,,,,,,,,,,,,,,,,,,,,,,,,,,,,,,,,hay más de un elemento puntual posible
duplicado,elemento_puntual,P10-SRV-LGC-SERVICIOS,SECTOR SERVICIOS GENERALES P10,716,2,716,P10,,,P10,P10 > P10-SRV-LGC-SERVICIOS,332643,dc2f52e8-69c4-45c8-a7dd-658a902d58d3-00051363,Modelos genéricos,Silos 6,Silos 2,Silos 2,,P10 > P10-SRV-LGC-SERVICIOS > P10-SRV-LGC-TRATAMIENTO AGUA,btz_description_02,,,,,,,,,,,,,21 elementos Revit contienen el código exacto.,P10,P10-SRV-LGC-SERVICIOS,P10-SRV-LGC-TRATAMIENTO AGUA,,,,,,,,,,,,,,,,,,,,,,,,,,,,,,,,,,,,,,,,,,,,,,,,,,,,,,,,,,,,,,,,,,,,,,,,,,,,,,hay más de un elemento puntual posible
duplicado,elemento_puntual,P10-SRV-LGC-SERVICIOS,SECTOR SERVICIOS GENERALES P10,716,2,716,P10,,,P10,P10 > P10-SRV-LGC-SERVICIOS,355813,746ca086-f561-435a-ba68-1305e58fcca1-00056de5,Cubiertas,,Genérico - 400 mm,Genérico - 400 mm,,P10 > P10-SRV-LGC-SERVICIOS > P10-SCT-SECTOR OBRADORES,btz_description_02,,,,,,,,,,,,,21 elementos Revit contienen el código exacto.,P10,P10-SRV-LGC-SERVICIOS,P10-SCT-SECTOR OBRADORES,,,,,,,,,,,,,,,,,,,,,,,,,,,,,,,,,,,,,,,,,,,,,,,,,,,,,,,,,,,,,,,,,,,,,,,,,,,,,,hay más de un elemento puntual posible
duplicado,elemento_puntual,P10-SRV-LGC-SERVICIOS,SECTOR SERVICIOS GENERALES P10,716,2,716,P10,,,P10,P10 > P10-SRV-LGC-SERVICIOS,356583,746ca086-f561-435a-ba68-1305e58fcca1-000570e7,Cubiertas,,Genérico - 400 mm,Genérico - 400 mm,,P10 > P10-SRV-LGC-SERVICIOS > P10-SCT-SECTOR OBRADORES,btz_description_02,,,,,,,,,,,,,21 elementos Revit contienen el código exacto.,P10,P10-SRV-LGC-SERVICIOS,P10-SCT-SECTOR OBRADORES,,,,,,,,,,,,,,,,,,,,,,,,,,,,,,,,,,,,,,,,,,,,,,,,,,,,,,,,,,,,,,,,,,,,,,,,,,,,,,hay más de un elemento puntual posible
duplicado,elemento_puntual,P10-SRV-LGC-SERVICIOS,SECTOR SERVICIOS GENERALES P10,716,2,716,P10,,,P10,P10 > P10-SRV-LGC-SERVICIOS,356627,746ca086-f561-435a-ba68-1305e58fcca1-00057113,Cubiertas,,Genérico - 400 mm,Genérico - 400 mm,,P10 > P10-SRV-LGC-SERVICIOS > P10-SCT-SECTOR OBRADORES,btz_description_02,,,,,,,,,,,,,21 elementos Revit contienen el código exacto.,P10,P10-SRV-LGC-SERVICIOS,P10-SCT-SECTOR OBRADORES,,,,,,,,,,,,,,,,,,,,,,,,,,,,,,,,,,,,,,,,,,,,,,,,,,,,,,,,,,,,,,,,,,,,,,,,,,,,,,hay más de un elemento puntual posible
duplicado,elemento_puntual,P10-SRV-LGC-SERVICIOS,SECTOR SERVICIOS GENERALES P10,716,2,716,P10,,,P10,P10 > P10-SRV-LGC-SERVICIOS,356674,746ca086-f561-435a-ba68-1305e58fcca1-00057142,Cubiertas,,Genérico - 400 mm,Genérico - 400 mm,,P10 > P10-SRV-LGC-SERVICIOS > P10-SCT-SECTOR OBRADORES,btz_description_02,,,,,,,,,,,,,21 elementos Revit contienen el código exacto.,P10,P10-SRV-LGC-SERVICIOS,P10-SCT-SECTOR OBRADORES,,,,,,,,,,,,,,,,,,,,,,,,,,,,,,,,,,,,,,,,,,,,,,,,,,,,,,,,,,,,,,,,,,,,,,,,,,,,,,hay más de un elemento puntual posible
duplicado,elemento_puntual,P10-SRV-LGC-SERVICIOS,SECTOR SERVICIOS GENERALES P10,716,2,716,P10,,,P10,P10 > P10-SRV-LGC-SERVICIOS,356719,746ca086-f561-435a-ba68-1305e58fcca1-0005716f,Cubiertas,,Genérico - 400 mm,Genérico - 400 mm,,P10 > P10-SRV-LGC-SERVICIOS > P10-SCT-SECTOR OBRADORES,btz_description_02,,,,,,,,,,,,,21 elementos Revit contienen el código exacto.,P10,P10-SRV-LGC-SERVICIOS,P10-SCT-SECTOR OBRADORES,,,,,,,,,,,,,,,,,,,,,,,,,,,,,,,,,,,,,,,,,,,,,,,,,,,,,,,,,,,,,,,,,,,,,,,,,,,,,,hay más de un elemento puntual posible
duplicado,elemento_puntual,P10-SRV-LGC-SERVICIOS,SECTOR SERVICIOS GENERALES P10,716,2,716,P10,,,P10,P10 > P10-SRV-LGC-SERVICIOS,356816,746ca086-f561-435a-ba68-1305e58fcca1-000571d0,Cubiertas,,Genérico - 400 mm,Genérico - 400 mm,,P10 > P10-SRV-LGC-SERVICIOS > P10-SCT-SECTOR OBRADORES,btz_description_02,,,,,,,,,,,,,21 elementos Revit contienen el código exacto.,P10,P10-SRV-LGC-SERVICIOS,P10-SCT-SECTOR OBRADORES,,,,,,,,,,,,,,,,,,,,,,,,,,,,,,,,,,,,,,,,,,,,,,,,,,,,,,,,,,,,,,,,,,,,,,,,,,,,,,hay más de un elemento puntual posible
duplicado,elemento_puntual,P10-SRV-LGC-SERVICIOS,SECTOR SERVICIOS GENERALES P10,716,2,716,P10,,,P10,P10 > P10-SRV-LGC-SERVICIOS,356868,746ca086-f561-435a-ba68-1305e58fcca1-00057204,Cubiertas,,Genérico - 400 mm,Genérico - 400 mm,,P10 > P10-SRV-LGC-SERVICIOS > P10-SCT-SECTOR OBRADORES,btz_description_02,,,,,,,,,,,,,21 elementos Revit contienen el código exacto.,P10,P10-SRV-LGC-SERVICIOS,P10-SCT-SECTOR OBRADORES,,,,,,,,,,,,,,,,,,,,,,,,,,,,,,,,,,,,,,,,,,,,,,,,,,,,,,,,,,,,,,,,,,,,,,,,,,,,,,hay más de un elemento puntual posible
duplicado,elemento_puntual,P10-SRV-LGC-SERVICIOS,SECTOR SERVICIOS GENERALES P10,716,2,716,P10,,,P10,P10 > P10-SRV-LGC-SERVICIOS,357186,746ca086-f561-435a-ba68-1305e58fcca1-00057342,Cubiertas,,Genérico - 400 mm,Genérico - 400 mm,,P10 > P10-SRV-LGC-SERVICIOS > P10-SCT-SECTOR OBRADORES,btz_description_02,,,,,,,,,,,,,21 elementos Revit contienen el código exacto.,P10,P10-SRV-LGC-SERVICIOS,P10-SCT-SECTOR OBRADORES,,,,,,,,,,,,,,,,,,,,,,,,,,,,,,,,,,,,,,,,,,,,,,,,,,,,,,,,,,,,,,,,,,,,,,,,,,,,,,hay más de un elemento puntual posible
duplicado,elemento_puntual,P10-SRV-LGC-SERVICIOS,SECTOR SERVICIOS GENERALES P10,716,2,716,P10,,,P10,P10 > P10-SRV-LGC-SERVICIOS,357224,746ca086-f561-435a-ba68-1305e58fcca1-00057368,Cubiertas,,Genérico - 400 mm,Genérico - 400 mm,,P10 > P10-SRV-LGC-SERVICIOS > P10-SCT-SECTOR OBRADORES,btz_description_02,,,,,,,,,,,,,21 elementos Revit contienen el código exacto.,P10,P10-SRV-LGC-SERVICIOS,P10-SCT-SECTOR OBRADORES,,,,,,,,,,,,,,,,,,,,,,,,,,,,,,,,,,,,,,,,,,,,,,,,,,,,,,,,,,,,,,,,,,,,,,,,,,,,,,hay más de un elemento puntual posible
duplicado,elemento_puntual,P10-SRV-LGC-SERVICIOS,SECTOR SERVICIOS GENERALES P10,716,2,716,P10,,,P10,P10 > P10-SRV-LGC-SERVICIOS,357316,746ca086-f561-435a-ba68-1305e58fcca1-000573c4,Cubiertas,,Genérico - 400 mm,Genérico - 400 mm,,P10 > P10-SRV-LGC-SERVICIOS > P10-SCT-SECTOR OBRADORES,btz_description_02,,,,,,,,,,,,,21 elementos Revit contienen el código exacto.,P10,P10-SRV-LGC-SERVICIOS,P10-SCT-SECTOR OBRADORES,,,,,,,,,,,,,,,,,,,,,,,,,,,,,,,,,,,,,,,,,,,,,,,,,,,,,,,,,,,,,,,,,,,,,,,,,,,,,,hay más de un elemento puntual posible
duplicado,elemento_puntual,P10-SRV-LGC-SERVICIOS,SECTOR SERVICIOS GENERALES P10,716,2,716,P10,,,P10,P10 > P10-SRV-LGC-SERVICIOS,357351,746ca086-f561-435a-ba68-1305e58fcca1-000573e7,Cubiertas,,Genérico - 400 mm,Genérico - 400 mm,,P10 > P10-SRV-LGC-SERVICIOS > P10-SCT-SECTOR OBRADORES,btz_description_02,,,,,,,,,,,,,21 elementos Revit contienen el código exacto.,P10,P10-SRV-LGC-SERVICIOS,P10-SCT-SECTOR OBRADORES,,,,,,,,,,,,,,,,,,,,,,,,,,,,,,,,,,,,,,,,,,,,,,,,,,,,,,,,,,,,,,,,,,,,,,,,,,,,,,hay más de un elemento puntual posible
duplicado,elemento_puntual,P10-SRV-LGC-SERVICIOS,SECTOR SERVICIOS GENERALES P10,716,2,716,P10,,,P10,P10 > P10-SRV-LGC-SERVICIOS,357377,746ca086-f561-435a-ba68-1305e58fcca1-00057401,Cubiertas,,Genérico - 400 mm,Genérico - 400 mm,,P10 > P10-SRV-LGC-SERVICIOS > P10-SCT-SECTOR OBRADORES,btz_description_02,,,,,,,,,,,,,21 elementos Revit contienen el código exacto.,P10,P10-SRV-LGC-SERVICIOS,P10-SCT-SECTOR OBRADORES,,,,,,,,,,,,,,,,,,,,,,,,,,,,,,,,,,,,,,,,,,,,,,,,,,,,,,,,,,,,,,,,,,,,,,,,,,,,,,hay más de un elemento puntual posible
duplicado,elemento_puntual,P10-SRV-LGC-SERVICIOS,SECTOR SERVICIOS GENERALES P10,716,2,716,P10,,,P10,P10 > P10-SRV-LGC-SERVICIOS,361292,79a4e34a-87ef-4472-9c35-b34f669597e2-0005834c,Cubiertas,,Genérico - 400 mm,Genérico - 400 mm,,P10 > P10-SRV-LGC-SERVICIOS > P10-SCT-SECTOR OBRADORES,btz_description_02,,,,,,,,,,,,,21 elementos Revit contienen el código exacto.,P10,P10-SRV-LGC-SERVICIOS,P10-SCT-SECTOR OBRADORES,,,,,,,,,,,,,,,,,,,,,,,,,,,,,,,,,,,,,,,,,,,,,,,,,,,,,,,,,,,,,,,,,,,,,,,,,,,,,,hay más de un elemento puntual posible
duplicado,elemento_puntual,P10-SRV-LGC-SERVICIOS,SECTOR SERVICIOS GENERALES P10,716,2,716,P10,,,P10,P10 > P10-SRV-LGC-SERVICIOS,365213,5058d264-a8f9-4ba1-9628-877e44bc2201-0005929d,Cubiertas,,Genérico - 400 mm,Genérico - 400 mm,P10-SRV-LGC-OSMOSIS,P10 > P10-SRV-LGC-SERVICIOS > P10-SRV-LGC-OSMOSIS > P10-OSM-BMB-BAP01 > P10-OSM-BMB-BAP02 > P10-OSM-BMB-BC2 > P10-OSM-BMB-BC1 > P10-OSM-BMB-BC251 > P10-OSM-BMB-BD01 > P10-OSM-BMB-BD02 > P10-OSM-BMB-BO68 > P10-OSM-BMB-BO67 > P10-OSM-FLT-FLTBOL > P10-OSM-FLT-MF01 > P10-OSM-FLT-MF02 > P10-OSM-MDL-MDL01 > P10-OSM-MDL-MDL02,btz_description_02,,,,,,,,,,,,,21 elementos Revit contienen el código exacto.,P10,P10-SRV-LGC-SERVICIOS,P10-SRV-LGC-OSMOSIS,P10-OSM-BMB-BAP01,P10-OSM-BMB-BAP02,P10-OSM-BMB-BC2,P10-OSM-BMB-BC1,P10-OSM-BMB-BC251,P10-OSM-BMB-BD01,P10-OSM-BMB-BD02,P10-OSM-BMB-BO68,P10-OSM-BMB-BO67,P10-OSM-FLT-FLTBOL,P10-OSM-FLT-MF01,P10-OSM-FLT-MF02,P10-OSM-MDL-MDL01,P10-OSM-MDL-MDL02,,,,,,,,,,,,,,,,,,,,,,,,,,,,,,,,,,,,,,,,,,,,,,,,,,,,,,,,,,,,,,,,hay más de un elemento puntual posible
duplicado,elemento_puntual,P10-SRV-LGC-SERVICIOS,SECTOR SERVICIOS GENERALES P10,716,2,716,P10,,,P10,P10 > P10-SRV-LGC-SERVICIOS,365458,af4a1dfd-5c7d-4cb9-a1b8-2df1a4ebcc4e-00059392,Modelos genéricos,Silos 7,Silos 2,Silos 2,P10-SRV-LGC-FUEL,P10 > P10-SRV-LGC-SERVICIOS > P10-SRV-LGC-FUEL > P10-SRV-BMB-BTRAMP > P10-SRV-TNQ-TKFUEL,btz_description_02,,,,,,,,,,,,,21 elementos Revit contienen el código exacto.,P10,P10-SRV-LGC-SERVICIOS,P10-SRV-LGC-FUEL,P10-SRV-BMB-BTRAMP,P10-SRV-TNQ-TKFUEL,,,,,,,,,,,,,,,,,,,,,,,,,,,,,,,,,,,,,,,,,,,,,,,,,,,,,,,,,,,,,,,,,,,,,,,,,,,,hay más de un elemento puntual posible
duplicado,elemento_puntual,P10-SRV-LGC-SERVICIOS,SECTOR SERVICIOS GENERALES P10,716,2,716,P10,,,P10,P10 > P10-SRV-LGC-SERVICIOS,380971,ddbef6d8-5146-4ece-9a6f-82caaca14519-0005d02b,Cubiertas,,Genérico - 400 mm,Genérico - 400 mm,P10-SRV-LGC-TRAT,P10 > P10-SRV-LGC-SERVICIOS > P10-SRV-LGC-TRAT > P10-SRV-BMB-BO > P10-SRV-IBC-TRAT,btz_description_02,,,,,,,,,,,,,21 elementos Revit contienen el código exacto.,P10,P10-SRV-LGC-SERVICIOS,P10-SRV-LGC-TRAT,P10-SRV-BMB-BO,P10-SRV-IBC-TRAT,,,,,,,,,,,,,,,,,,,,,,,,,,,,,,,,,,,,,,,,,,,,,,,,,,,,,,,,,,,,,,,,,,,,,,,,,,,,hay más de un elemento puntual posible
duplicado,elemento_puntual,P10-SRV-LGC-SERVICIOS,SECTOR SERVICIOS GENERALES P10,716,2,716,P10,,,P10,P10 > P10-SRV-LGC-SERVICIOS,384750,3ade3506-4f84-4896-9589-30d81e40c276-0005deee,Cubiertas,,Genérico - 400 mm,Genérico - 400 mm,,P10 > P10-SRV-LGC-SERVICIOS > P10-SRV-LGC-TRATAMIENTO > P10-SRV-ABL-AA01 > P10-SRV-ABL-AA02 > P10-SRV-BMB-BOABLN > P10-SRV-BMB-BOABLS > P10-SRV-BMB-BO > P10-SRV-TNQ-TKSALMUERA > P10-SRV-TNQ-TKSALERO,btz_description_02,,,,,,,,,,,,,21 elementos Revit contienen el código exacto.,P10,P10-SRV-LGC-SERVICIOS,P10-SRV-LGC-TRATAMIENTO,P10-SRV-ABL-AA01,P10-SRV-ABL-AA02,P10-SRV-BMB-BOABLN,P10-SRV-BMB-BOABLS,P10-SRV-BMB-BO,P10-SRV-TNQ-TKSALMUERA,P10-SRV-TNQ-TKSALERO,,,,,,,,,,,,,,,,,,,,,,,,,,,,,,,,,,,,,,,,,,,,,,,,,,,,,,,,,,,,,,,,,,,,,,,hay más de un elemento puntual posible
contenedor_duplicado,contenedor_por_ancestro_project,P10-SRV-ECN-ECONOMIZADOR,ECONOMIZADOR,755,3,755,P10-SRV-LGC-SERVICIOS,P10-SRV-LGC-SERVICIOS,P10-SRV-LGC-SERVICIOS,P10 > P10-SRV-LGC-SERVICIOS,P10 > P10-SRV-LGC-SERVICIOS > P10-SRV-ECN-ECONOMIZADOR,176327,e873c32e-5e0c-4f36-b2a7-48d4917bce06-0002b0c7,Cubiertas,,Genérico - 400 mm,Genérico - 400 mm,P10-ADM-OFC-OFICINA,P10 > P10-SRV-LGC-SERVICIOS > P10-ADM-OFC-OFICINA MANT > P10-ADM-OFC-ADM,contenedor_scoring,176327,e873c32e-5e0c-4f36-b2a7-48d4917bce06-0002b0c7,P10 > P10-SRV-LGC-SERVICIOS > P10-ADM-OFC-OFICINA MANT > P10-ADM-OFC-ADM,4,76,NO,200,200,0,ancestro_project_exacto_duplicado,176327:200:P10 > P10-SRV-LGC-SERVICIOS > P10-ADM-OFC-OFICINA MANT > P10-ADM-OFC-ADM || 185694:200:P10 > P10-SRV-LGC-SERVICIOS > P10-SRV-LGC-TORRES > P10-TRR-BMB-BO34 > P10-TRR-BMB-BO35 > P10-TRR-BMB-BO36 > P10-TRR-BMB-BO37 > P10-TRR-MTD-MDBO37 > P10-TRR-SLA-SALA > P10-TRR-BMB-BOREFRIG > P10-TRR-TRR-TEP10 > P10-TRR-BMB-BMB > P10-TRR-TNQ-TK > P10-TRR-BMB-BO > P10-TRR-LGC-TRAT > P10-TRR-IBC-02 > P10-TRR-IBC-01 > P10-TRR-IBC-03 > P10-TRR-VNT-VETE01 > P10-TRR-VNT-VETE02 > P10-TRR-VNT-VETE03 > P10-TRR-VNT-VETE04 > P10-TRR-VNT-VETE05 > P10-TRR-VNT-VETE06 || 227527:200:P10 > P10-SRV-LGC-SERVICIOS > P10-SRV-CLD-CMB > P10-SRV-BMB-BO01 > P10-SRV-BMB-BO02 > P10-SRV-BMB-BO39 > P10-SRV-BMB-BO38 > P10-SRV-BMB-BO45 > P10-SRV-BMB-BO44 > P10-SRV-BMB-BO42 > P10-SRV-BMB-BO43 > P10-SRV-BMB-BO52 > P10-SRV-CLC-COLECTOR > P10-SRV-LGC-VALV > P10-SRV-VLV-CCV-001 > P10-SRV-VLV-PCV-001 > P10-SRV-VLV-SGR > P10-SRV-VLV-LCV-001 > P10-SRV-VLV-PCV-003 > P10-SRV-VLV-SOV-002 > P10-SRV-VLV-SOV-001 > P10-SRV-VLV-SOV-004 > P10-SRV-VLV-SOV-003 > P10-SRV-FLT-FG02 > P10-SRV-MGN-MAGNETROL > P10-SRV-SPL-SH01 > P10-SRV-SPL-SH02 > P10-SRV-SPL-SH03 > P10-SRV-SPL-SH04 > P10-SRV-TNQ-TKFLASH > P10-SRV-TNQ-TKRESERVA > P10-SRV-TNQ-TKDESAIREADOR > P10-SRV-VLV-LCV-002 > P10-SRV-VLV-PCV-004 > P10-SRV-VNT-VTF01 || 332643:200:P10 > P10-SRV-LGC-SERVICIOS > P10-SRV-LGC-TRATAMIENTO AGUA || 355813:200:P10 > P10-SRV-LGC-SERVICIOS > P10-SCT-SECTOR OBRADORES || 356583:200:P10 > P10-SRV-LGC-SERVICIOS > P10-SCT-SECTOR OBRADORES || 356627:200:P10 > P10-SRV-LGC-SERVICIOS > P10-SCT-SECTOR OBRADORES || 356674:200:P10 > P10-SRV-LGC-SERVICIOS > P10-SCT-SECTOR OBRADORES || ... +13,P10-SRV-LGC-SERVICIOS,Ancestro Project P10-SRV-LGC-SERVICIOS aparece en 21 contenedores.,P10,P10-SRV-LGC-SERVICIOS,P10-ADM-OFC-OFICINA MANT,P10-ADM-OFC-ADM,,,,,,,,,,,,,,,,,,,,,,,,,,,,,,,,,,,,,,,,,,,,,,,,,,,,,,,,,,,,,,,,,,,,,,,,,,,,,hay más de un contenedor candidato
contenedor_duplicado,contenedor_por_ancestro_project,P10-SRV-SPL-SH06,SOPLADOR DE HOLLIN ECONOMIZADOR LADO CENTRO,756,4,756,P10-SRV-ECN-ECONOMIZADOR,P10-SRV-ECN-ECONOMIZADOR,P10-SRV-LGC-SERVICIOS > P10-SRV-ECN-ECONOMIZADOR,P10 > P10-SRV-LGC-SERVICIOS > P10-SRV-ECN-ECONOMIZADOR,P10 > P10-SRV-LGC-SERVICIOS > P10-SRV-ECN-ECONOMIZADOR > P10-SRV-SPL-SH06,176327,e873c32e-5e0c-4f36-b2a7-48d4917bce06-0002b0c7,Cubiertas,,Genérico - 400 mm,Genérico - 400 mm,P10-ADM-OFC-OFICINA,P10 > P10-SRV-LGC-SERVICIOS > P10-ADM-OFC-OFICINA MANT > P10-ADM-OFC-ADM,contenedor_scoring,176327,e873c32e-5e0c-4f36-b2a7-48d4917bce06-0002b0c7,P10 > P10-SRV-LGC-SERVICIOS > P10-ADM-OFC-OFICINA MANT > P10-ADM-OFC-ADM,4,76,NO,200,200,0,ancestro_project_exacto_duplicado,176327:200:P10 > P10-SRV-LGC-SERVICIOS > P10-ADM-OFC-OFICINA MANT > P10-ADM-OFC-ADM || 185694:200:P10 > P10-SRV-LGC-SERVICIOS > P10-SRV-LGC-TORRES > P10-TRR-BMB-BO34 > P10-TRR-BMB-BO35 > P10-TRR-BMB-BO36 > P10-TRR-BMB-BO37 > P10-TRR-MTD-MDBO37 > P10-TRR-SLA-SALA > P10-TRR-BMB-BOREFRIG > P10-TRR-TRR-TEP10 > P10-TRR-BMB-BMB > P10-TRR-TNQ-TK > P10-TRR-BMB-BO > P10-TRR-LGC-TRAT > P10-TRR-IBC-02 > P10-TRR-IBC-01 > P10-TRR-IBC-03 > P10-TRR-VNT-VETE01 > P10-TRR-VNT-VETE02 > P10-TRR-VNT-VETE03 > P10-TRR-VNT-VETE04 > P10-TRR-VNT-VETE05 > P10-TRR-VNT-VETE06 || 227527:200:P10 > P10-SRV-LGC-SERVICIOS > P10-SRV-CLD-CMB > P10-SRV-BMB-BO01 > P10-SRV-BMB-BO02 > P10-SRV-BMB-BO39 > P10-SRV-BMB-BO38 > P10-SRV-BMB-BO45 > P10-SRV-BMB-BO44 > P10-SRV-BMB-BO42 > P10-SRV-BMB-BO43 > P10-SRV-BMB-BO52 > P10-SRV-CLC-COLECTOR > P10-SRV-LGC-VALV > P10-SRV-VLV-CCV-001 > P10-SRV-VLV-PCV-001 > P10-SRV-VLV-SGR > P10-SRV-VLV-LCV-001 > P10-SRV-VLV-PCV-003 > P10-SRV-VLV-SOV-002 > P10-SRV-VLV-SOV-001 > P10-SRV-VLV-SOV-004 > P10-SRV-VLV-SOV-003 > P10-SRV-FLT-FG02 > P10-SRV-MGN-MAGNETROL > P10-SRV-SPL-SH01 > P10-SRV-SPL-SH02 > P10-SRV-SPL-SH03 > P10-SRV-SPL-SH04 > P10-SRV-TNQ-TKFLASH > P10-SRV-TNQ-TKRESERVA > P10-SRV-TNQ-TKDESAIREADOR > P10-SRV-VLV-LCV-002 > P10-SRV-VLV-PCV-004 > P10-SRV-VNT-VTF01 || 332643:200:P10 > P10-SRV-LGC-SERVICIOS > P10-SRV-LGC-TRATAMIENTO AGUA || 355813:200:P10 > P10-SRV-LGC-SERVICIOS > P10-SCT-SECTOR OBRADORES || 356583:200:P10 > P10-SRV-LGC-SERVICIOS > P10-SCT-SECTOR OBRADORES || 356627:200:P10 > P10-SRV-LGC-SERVICIOS > P10-SCT-SECTOR OBRADORES || 356674:200:P10 > P10-SRV-LGC-SERVICIOS > P10-SCT-SECTOR OBRADORES || ... +13,P10-SRV-LGC-SERVICIOS,Ancestro Project P10-SRV-LGC-SERVICIOS aparece en 21 contenedores.,P10,P10-SRV-LGC-SERVICIOS,P10-ADM-OFC-OFICINA MANT,P10-ADM-OFC-ADM,,,,,,,,,,,,,,,,,,,,,,,,,,,,,,,,,,,,,,,,,,,,,,,,,,,,,,,,,,,,,,,,,,,,,,,,,,,,,hay más de un contenedor candidato
contenedor_duplicado,contenedor_por_ancestro_project,P10-SRV-SPL-SH05,SOPLADOR DE HOLLIN ECONOMIZADOR LADO NORTE,757,4,757,P10-SRV-ECN-ECONOMIZADOR,P10-SRV-ECN-ECONOMIZADOR,P10-SRV-LGC-SERVICIOS > P10-SRV-ECN-ECONOMIZADOR,P10 > P10-SRV-LGC-SERVICIOS > P10-SRV-ECN-ECONOMIZADOR,P10 > P10-SRV-LGC-SERVICIOS > P10-SRV-ECN-ECONOMIZADOR > P10-SRV-SPL-SH05,176327,e873c32e-5e0c-4f36-b2a7-48d4917bce06-0002b0c7,Cubiertas,,Genérico - 400 mm,Genérico - 400 mm,P10-ADM-OFC-OFICINA,P10 > P10-SRV-LGC-SERVICIOS > P10-ADM-OFC-OFICINA MANT > P10-ADM-OFC-ADM,contenedor_scoring,176327,e873c32e-5e0c-4f36-b2a7-48d4917bce06-0002b0c7,P10 > P10-SRV-LGC-SERVICIOS > P10-ADM-OFC-OFICINA MANT > P10-ADM-OFC-ADM,4,76,NO,200,200,0,ancestro_project_exacto_duplicado,176327:200:P10 > P10-SRV-LGC-SERVICIOS > P10-ADM-OFC-OFICINA MANT > P10-ADM-OFC-ADM || 185694:200:P10 > P10-SRV-LGC-SERVICIOS > P10-SRV-LGC-TORRES > P10-TRR-BMB-BO34 > P10-TRR-BMB-BO35 > P10-TRR-BMB-BO36 > P10-TRR-BMB-BO37 > P10-TRR-MTD-MDBO37 > P10-TRR-SLA-SALA > P10-TRR-BMB-BOREFRIG > P10-TRR-TRR-TEP10 > P10-TRR-BMB-BMB > P10-TRR-TNQ-TK > P10-TRR-BMB-BO > P10-TRR-LGC-TRAT > P10-TRR-IBC-02 > P10-TRR-IBC-01 > P10-TRR-IBC-03 > P10-TRR-VNT-VETE01 > P10-TRR-VNT-VETE02 > P10-TRR-VNT-VETE03 > P10-TRR-VNT-VETE04 > P10-TRR-VNT-VETE05 > P10-TRR-VNT-VETE06 || 227527:200:P10 > P10-SRV-LGC-SERVICIOS > P10-SRV-CLD-CMB > P10-SRV-BMB-BO01 > P10-SRV-BMB-BO02 > P10-SRV-BMB-BO39 > P10-SRV-BMB-BO38 > P10-SRV-BMB-BO45 > P10-SRV-BMB-BO44 > P10-SRV-BMB-BO42 > P10-SRV-BMB-BO43 > P10-SRV-BMB-BO52 > P10-SRV-CLC-COLECTOR > P10-SRV-LGC-VALV > P10-SRV-VLV-CCV-001 > P10-SRV-VLV-PCV-001 > P10-SRV-VLV-SGR > P10-SRV-VLV-LCV-001 > P10-SRV-VLV-PCV-003 > P10-SRV-VLV-SOV-002 > P10-SRV-VLV-SOV-001 > P10-SRV-VLV-SOV-004 > P10-SRV-VLV-SOV-003 > P10-SRV-FLT-FG02 > P10-SRV-MGN-MAGNETROL > P10-SRV-SPL-SH01 > P10-SRV-SPL-SH02 > P10-SRV-SPL-SH03 > P10-SRV-SPL-SH04 > P10-SRV-TNQ-TKFLASH > P10-SRV-TNQ-TKRESERVA > P10-SRV-TNQ-TKDESAIREADOR > P10-SRV-VLV-LCV-002 > P10-SRV-VLV-PCV-004 > P10-SRV-VNT-VTF01 || 332643:200:P10 > P10-SRV-LGC-SERVICIOS > P10-SRV-LGC-TRATAMIENTO AGUA || 355813:200:P10 > P10-SRV-LGC-SERVICIOS > P10-SCT-SECTOR OBRADORES || 356583:200:P10 > P10-SRV-LGC-SERVICIOS > P10-SCT-SECTOR OBRADORES || 356627:200:P10 > P10-SRV-LGC-SERVICIOS > P10-SCT-SECTOR OBRADORES || 356674:200:P10 > P10-SRV-LGC-SERVICIOS > P10-SCT-SECTOR OBRADORES || ... +13,P10-SRV-LGC-SERVICIOS,Ancestro Project P10-SRV-LGC-SERVICIOS aparece en 21 contenedores.,P10,P10-SRV-LGC-SERVICIOS,P10-ADM-OFC-OFICINA MANT,P10-ADM-OFC-ADM,,,,,,,,,,,,,,,,,,,,,,,,,,,,,,,,,,,,,,,,,,,,,,,,,,,,,,,,,,,,,,,,,,,,,,,,,,,,,hay más de un contenedor candidato
contenedor_duplicado,contenedor_por_ancestro_project,P10-SRV-SPL-SH07,SOPLADOR DE HOLLIN ECONOMIZADOR LADO SUR,758,4,758,P10-SRV-ECN-ECONOMIZADOR,P10-SRV-ECN-ECONOMIZADOR,P10-SRV-LGC-SERVICIOS > P10-SRV-ECN-ECONOMIZADOR,P10 > P10-SRV-LGC-SERVICIOS > P10-SRV-ECN-ECONOMIZADOR,P10 > P10-SRV-LGC-SERVICIOS > P10-SRV-ECN-ECONOMIZADOR > P10-SRV-SPL-SH07,176327,e873c32e-5e0c-4f36-b2a7-48d4917bce06-0002b0c7,Cubiertas,,Genérico - 400 mm,Genérico - 400 mm,P10-ADM-OFC-OFICINA,P10 > P10-SRV-LGC-SERVICIOS > P10-ADM-OFC-OFICINA MANT > P10-ADM-OFC-ADM,contenedor_scoring,176327,e873c32e-5e0c-4f36-b2a7-48d4917bce06-0002b0c7,P10 > P10-SRV-LGC-SERVICIOS > P10-ADM-OFC-OFICINA MANT > P10-ADM-OFC-ADM,4,76,NO,200,200,0,ancestro_project_exacto_duplicado,176327:200:P10 > P10-SRV-LGC-SERVICIOS > P10-ADM-OFC-OFICINA MANT > P10-ADM-OFC-ADM || 185694:200:P10 > P10-SRV-LGC-SERVICIOS > P10-SRV-LGC-TORRES > P10-TRR-BMB-BO34 > P10-TRR-BMB-BO35 > P10-TRR-BMB-BO36 > P10-TRR-BMB-BO37 > P10-TRR-MTD-MDBO37 > P10-TRR-SLA-SALA > P10-TRR-BMB-BOREFRIG > P10-TRR-TRR-TEP10 > P10-TRR-BMB-BMB > P10-TRR-TNQ-TK > P10-TRR-BMB-BO > P10-TRR-LGC-TRAT > P10-TRR-IBC-02 > P10-TRR-IBC-01 > P10-TRR-IBC-03 > P10-TRR-VNT-VETE01 > P10-TRR-VNT-VETE02 > P10-TRR-VNT-VETE03 > P10-TRR-VNT-VETE04 > P10-TRR-VNT-VETE05 > P10-TRR-VNT-VETE06 || 227527:200:P10 > P10-SRV-LGC-SERVICIOS > P10-SRV-CLD-CMB > P10-SRV-BMB-BO01 > P10-SRV-BMB-BO02 > P10-SRV-BMB-BO39 > P10-SRV-BMB-BO38 > P10-SRV-BMB-BO45 > P10-SRV-BMB-BO44 > P10-SRV-BMB-BO42 > P10-SRV-BMB-BO43 > P10-SRV-BMB-BO52 > P10-SRV-CLC-COLECTOR > P10-SRV-LGC-VALV > P10-SRV-VLV-CCV-001 > P10-SRV-VLV-PCV-001 > P10-SRV-VLV-SGR > P10-SRV-VLV-LCV-001 > P10-SRV-VLV-PCV-003 > P10-SRV-VLV-SOV-002 > P10-SRV-VLV-SOV-001 > P10-SRV-VLV-SOV-004 > P10-SRV-VLV-SOV-003 > P10-SRV-FLT-FG02 > P10-SRV-MGN-MAGNETROL > P10-SRV-SPL-SH01 > P10-SRV-SPL-SH02 > P10-SRV-SPL-SH03 > P10-SRV-SPL-SH04 > P10-SRV-TNQ-TKFLASH > P10-SRV-TNQ-TKRESERVA > P10-SRV-TNQ-TKDESAIREADOR > P10-SRV-VLV-LCV-002 > P10-SRV-VLV-PCV-004 > P10-SRV-VNT-VTF01 || 332643:200:P10 > P10-SRV-LGC-SERVICIOS > P10-SRV-LGC-TRATAMIENTO AGUA || 355813:200:P10 > P10-SRV-LGC-SERVICIOS > P10-SCT-SECTOR OBRADORES || 356583:200:P10 > P10-SRV-LGC-SERVICIOS > P10-SCT-SECTOR OBRADORES || 356627:200:P10 > P10-SRV-LGC-SERVICIOS > P10-SCT-SECTOR OBRADORES || 356674:200:P10 > P10-SRV-LGC-SERVICIOS > P10-SCT-SECTOR OBRADORES || ... +13,P10-SRV-LGC-SERVICIOS,Ancestro Project P10-SRV-LGC-SERVICIOS aparece en 21 contenedores.,P10,P10-SRV-LGC-SERVICIOS,P10-ADM-OFC-OFICINA MANT,P10-ADM-OFC-ADM,,,,,,,,,,,,,,,,,,,,,,,,,,,,,,,,,,,,,,,,,,,,,,,,,,,,,,,,,,,,,,,,,,,,,,,,,,,,,hay más de un contenedor candidato
contenedor_duplicado,contenedor_por_ancestro_project,P10-SRV-LGC-AIRE,SECTOR AIRE COMPRIMIDO SERVICIOS P10,760,3,760,P10-SRV-LGC-SERVICIOS,P10-SRV-LGC-SERVICIOS,P10-SRV-LGC-SERVICIOS,P10 > P10-SRV-LGC-SERVICIOS,P10 > P10-SRV-LGC-SERVICIOS > P10-SRV-LGC-AIRE COMPRIMIDO,176327,e873c32e-5e0c-4f36-b2a7-48d4917bce06-0002b0c7,Cubiertas,,Genérico - 400 mm,Genérico - 400 mm,P10-ADM-OFC-OFICINA,P10 > P10-SRV-LGC-SERVICIOS > P10-ADM-OFC-OFICINA MANT > P10-ADM-OFC-ADM,contenedor_scoring,176327,e873c32e-5e0c-4f36-b2a7-48d4917bce06-0002b0c7,P10 > P10-SRV-LGC-SERVICIOS > P10-ADM-OFC-OFICINA MANT > P10-ADM-OFC-ADM,4,76,NO,200,200,0,ancestro_project_exacto_duplicado,176327:200:P10 > P10-SRV-LGC-SERVICIOS > P10-ADM-OFC-OFICINA MANT > P10-ADM-OFC-ADM || 185694:200:P10 > P10-SRV-LGC-SERVICIOS > P10-SRV-LGC-TORRES > P10-TRR-BMB-BO34 > P10-TRR-BMB-BO35 > P10-TRR-BMB-BO36 > P10-TRR-BMB-BO37 > P10-TRR-MTD-MDBO37 > P10-TRR-SLA-SALA > P10-TRR-BMB-BOREFRIG > P10-TRR-TRR-TEP10 > P10-TRR-BMB-BMB > P10-TRR-TNQ-TK > P10-TRR-BMB-BO > P10-TRR-LGC-TRAT > P10-TRR-IBC-02 > P10-TRR-IBC-01 > P10-TRR-IBC-03 > P10-TRR-VNT-VETE01 > P10-TRR-VNT-VETE02 > P10-TRR-VNT-VETE03 > P10-TRR-VNT-VETE04 > P10-TRR-VNT-VETE05 > P10-TRR-VNT-VETE06 || 227527:200:P10 > P10-SRV-LGC-SERVICIOS > P10-SRV-CLD-CMB > P10-SRV-BMB-BO01 > P10-SRV-BMB-BO02 > P10-SRV-BMB-BO39 > P10-SRV-BMB-BO38 > P10-SRV-BMB-BO45 > P10-SRV-BMB-BO44 > P10-SRV-BMB-BO42 > P10-SRV-BMB-BO43 > P10-SRV-BMB-BO52 > P10-SRV-CLC-COLECTOR > P10-SRV-LGC-VALV > P10-SRV-VLV-CCV-001 > P10-SRV-VLV-PCV-001 > P10-SRV-VLV-SGR > P10-SRV-VLV-LCV-001 > P10-SRV-VLV-PCV-003 > P10-SRV-VLV-SOV-002 > P10-SRV-VLV-SOV-001 > P10-SRV-VLV-SOV-004 > P10-SRV-VLV-SOV-003 > P10-SRV-FLT-FG02 > P10-SRV-MGN-MAGNETROL > P10-SRV-SPL-SH01 > P10-SRV-SPL-SH02 > P10-SRV-SPL-SH03 > P10-SRV-SPL-SH04 > P10-SRV-TNQ-TKFLASH > P10-SRV-TNQ-TKRESERVA > P10-SRV-TNQ-TKDESAIREADOR > P10-SRV-VLV-LCV-002 > P10-SRV-VLV-PCV-004 > P10-SRV-VNT-VTF01 || 332643:200:P10 > P10-SRV-LGC-SERVICIOS > P10-SRV-LGC-TRATAMIENTO AGUA || 355813:200:P10 > P10-SRV-LGC-SERVICIOS > P10-SCT-SECTOR OBRADORES || 356583:200:P10 > P10-SRV-LGC-SERVICIOS > P10-SCT-SECTOR OBRADORES || 356627:200:P10 > P10-SRV-LGC-SERVICIOS > P10-SCT-SECTOR OBRADORES || 356674:200:P10 > P10-SRV-LGC-SERVICIOS > P10-SCT-SECTOR OBRADORES || ... +13,P10-SRV-LGC-SERVICIOS,Ancestro Project P10-SRV-LGC-SERVICIOS aparece en 21 contenedores.,P10,P10-SRV-LGC-SERVICIOS,P10-ADM-OFC-OFICINA MANT,P10-ADM-OFC-ADM,,,,,,,,,,,,,,,,,,,,,,,,,,,,,,,,,,,,,,,,,,,,,,,,,,,,,,,,,,,,,,,,,,,,,,,,,,,,,hay más de un contenedor candidato
contenedor_duplicado,contenedor_por_ancestro_project,P10-SRV-CMP-CA02,COMPRESOR ATLAS COPCO GA75 LADO ESTE PAU993062,761,4,761,P10-SRV-LGC-AIRE COMPRIMIDO,P10-SRV-LGC-AIRE,P10-SRV-LGC-SERVICIOS > P10-SRV-LGC-AIRE,P10 > P10-SRV-LGC-SERVICIOS > P10-SRV-LGC-AIRE COMPRIMIDO,P10 > P10-SRV-LGC-SERVICIOS > P10-SRV-LGC-AIRE COMPRIMIDO > P10-SRV-CMP-CA02,176327,e873c32e-5e0c-4f36-b2a7-48d4917bce06-0002b0c7,Cubiertas,,Genérico - 400 mm,Genérico - 400 mm,P10-ADM-OFC-OFICINA,P10 > P10-SRV-LGC-SERVICIOS > P10-ADM-OFC-OFICINA MANT > P10-ADM-OFC-ADM,contenedor_scoring,176327,e873c32e-5e0c-4f36-b2a7-48d4917bce06-0002b0c7,P10 > P10-SRV-LGC-SERVICIOS > P10-ADM-OFC-OFICINA MANT > P10-ADM-OFC-ADM,4,76,NO,200,200,0,ancestro_project_exacto_duplicado,176327:200:P10 > P10-SRV-LGC-SERVICIOS > P10-ADM-OFC-OFICINA MANT > P10-ADM-OFC-ADM || 185694:200:P10 > P10-SRV-LGC-SERVICIOS > P10-SRV-LGC-TORRES > P10-TRR-BMB-BO34 > P10-TRR-BMB-BO35 > P10-TRR-BMB-BO36 > P10-TRR-BMB-BO37 > P10-TRR-MTD-MDBO37 > P10-TRR-SLA-SALA > P10-TRR-BMB-BOREFRIG > P10-TRR-TRR-TEP10 > P10-TRR-BMB-BMB > P10-TRR-TNQ-TK > P10-TRR-BMB-BO > P10-TRR-LGC-TRAT > P10-TRR-IBC-02 > P10-TRR-IBC-01 > P10-TRR-IBC-03 > P10-TRR-VNT-VETE01 > P10-TRR-VNT-VETE02 > P10-TRR-VNT-VETE03 > P10-TRR-VNT-VETE04 > P10-TRR-VNT-VETE05 > P10-TRR-VNT-VETE06 || 227527:200:P10 > P10-SRV-LGC-SERVICIOS > P10-SRV-CLD-CMB > P10-SRV-BMB-BO01 > P10-SRV-BMB-BO02 > P10-SRV-BMB-BO39 > P10-SRV-BMB-BO38 > P10-SRV-BMB-BO45 > P10-SRV-BMB-BO44 > P10-SRV-BMB-BO42 > P10-SRV-BMB-BO43 > P10-SRV-BMB-BO52 > P10-SRV-CLC-COLECTOR > P10-SRV-LGC-VALV > P10-SRV-VLV-CCV-001 > P10-SRV-VLV-PCV-001 > P10-SRV-VLV-SGR > P10-SRV-VLV-LCV-001 > P10-SRV-VLV-PCV-003 > P10-SRV-VLV-SOV-002 > P10-SRV-VLV-SOV-001 > P10-SRV-VLV-SOV-004 > P10-SRV-VLV-SOV-003 > P10-SRV-FLT-FG02 > P10-SRV-MGN-MAGNETROL > P10-SRV-SPL-SH01 > P10-SRV-SPL-SH02 > P10-SRV-SPL-SH03 > P10-SRV-SPL-SH04 > P10-SRV-TNQ-TKFLASH > P10-SRV-TNQ-TKRESERVA > P10-SRV-TNQ-TKDESAIREADOR > P10-SRV-VLV-LCV-002 > P10-SRV-VLV-PCV-004 > P10-SRV-VNT-VTF01 || 332643:200:P10 > P10-SRV-LGC-SERVICIOS > P10-SRV-LGC-TRATAMIENTO AGUA || 355813:200:P10 > P10-SRV-LGC-SERVICIOS > P10-SCT-SECTOR OBRADORES || 356583:200:P10 > P10-SRV-LGC-SERVICIOS > P10-SCT-SECTOR OBRADORES || 356627:200:P10 > P10-SRV-LGC-SERVICIOS > P10-SCT-SECTOR OBRADORES || 356674:200:P10 > P10-SRV-LGC-SERVICIOS > P10-SCT-SECTOR OBRADORES || ... +13,P10-SRV-LGC-SERVICIOS,Ancestro Project P10-SRV-LGC-SERVICIOS aparece en 21 contenedores.,P10,P10-SRV-LGC-SERVICIOS,P10-ADM-OFC-OFICINA MANT,P10-ADM-OFC-ADM,,,,,,,,,,,,,,,,,,,,,,,,,,,,,,,,,,,,,,,,,,,,,,,,,,,,,,,,,,,,,,,,,,,,,,,,,,,,,hay más de un contenedor candidato
contenedor_duplicado,contenedor_por_ancestro_project,P10-SRV-CMP-CA01,COMPRESOR ATLAS COPCO GA75 LADO OESTE API633274 AÑO 2021 (SE SACÓ EL PAU993063),762,4,762,P10-SRV-LGC-AIRE COMPRIMIDO,P10-SRV-LGC-AIRE,P10-SRV-LGC-SERVICIOS > P10-SRV-LGC-AIRE,P10 > P10-SRV-LGC-SERVICIOS > P10-SRV-LGC-AIRE COMPRIMIDO,P10 > P10-SRV-LGC-SERVICIOS > P10-SRV-LGC-AIRE COMPRIMIDO > P10-SRV-CMP-CA01,176327,e873c32e-5e0c-4f36-b2a7-48d4917bce06-0002b0c7,Cubiertas,,Genérico - 400 mm,Genérico - 400 mm,P10-ADM-OFC-OFICINA,P10 > P10-SRV-LGC-SERVICIOS > P10-ADM-OFC-OFICINA MANT > P10-ADM-OFC-ADM,contenedor_scoring,176327,e873c32e-5e0c-4f36-b2a7-48d4917bce06-0002b0c7,P10 > P10-SRV-LGC-SERVICIOS > P10-ADM-OFC-OFICINA MANT > P10-ADM-OFC-ADM,4,76,NO,200,200,0,ancestro_project_exacto_duplicado,176327:200:P10 > P10-SRV-LGC-SERVICIOS > P10-ADM-OFC-OFICINA MANT > P10-ADM-OFC-ADM || 185694:200:P10 > P10-SRV-LGC-SERVICIOS > P10-SRV-LGC-TORRES > P10-TRR-BMB-BO34 > P10-TRR-BMB-BO35 > P10-TRR-BMB-BO36 > P10-TRR-BMB-BO37 > P10-TRR-MTD-MDBO37 > P10-TRR-SLA-SALA > P10-TRR-BMB-BOREFRIG > P10-TRR-TRR-TEP10 > P10-TRR-BMB-BMB > P10-TRR-TNQ-TK > P10-TRR-BMB-BO > P10-TRR-LGC-TRAT > P10-TRR-IBC-02 > P10-TRR-IBC-01 > P10-TRR-IBC-03 > P10-TRR-VNT-VETE01 > P10-TRR-VNT-VETE02 > P10-TRR-VNT-VETE03 > P10-TRR-VNT-VETE04 > P10-TRR-VNT-VETE05 > P10-TRR-VNT-VETE06 || 227527:200:P10 > P10-SRV-LGC-SERVICIOS > P10-SRV-CLD-CMB > P10-SRV-BMB-BO01 > P10-SRV-BMB-BO02 > P10-SRV-BMB-BO39 > P10-SRV-BMB-BO38 > P10-SRV-BMB-BO45 > P10-SRV-BMB-BO44 > P10-SRV-BMB-BO42 > P10-SRV-BMB-BO43 > P10-SRV-BMB-BO52 > P10-SRV-CLC-COLECTOR > P10-SRV-LGC-VALV > P10-SRV-VLV-CCV-001 > P10-SRV-VLV-PCV-001 > P10-SRV-VLV-SGR > P10-SRV-VLV-LCV-001 > P10-SRV-VLV-PCV-003 > P10-SRV-VLV-SOV-002 > P10-SRV-VLV-SOV-001 > P10-SRV-VLV-SOV-004 > P10-SRV-VLV-SOV-003 > P10-SRV-FLT-FG02 > P10-SRV-MGN-MAGNETROL > P10-SRV-SPL-SH01 > P10-SRV-SPL-SH02 > P10-SRV-SPL-SH03 > P10-SRV-SPL-SH04 > P10-SRV-TNQ-TKFLASH > P10-SRV-TNQ-TKRESERVA > P10-SRV-TNQ-TKDESAIREADOR > P10-SRV-VLV-LCV-002 > P10-SRV-VLV-PCV-004 > P10-SRV-VNT-VTF01 || 332643:200:P10 > P10-SRV-LGC-SERVICIOS > P10-SRV-LGC-TRATAMIENTO AGUA || 355813:200:P10 > P10-SRV-LGC-SERVICIOS > P10-SCT-SECTOR OBRADORES || 356583:200:P10 > P10-SRV-LGC-SERVICIOS > P10-SCT-SECTOR OBRADORES || 356627:200:P10 > P10-SRV-LGC-SERVICIOS > P10-SCT-SECTOR OBRADORES || 356674:200:P10 > P10-SRV-LGC-SERVICIOS > P10-SCT-SECTOR OBRADORES || ... +13,P10-SRV-LGC-SERVICIOS,Ancestro Project P10-SRV-LGC-SERVICIOS aparece en 21 contenedores.,P10,P10-SRV-LGC-SERVICIOS,P10-ADM-OFC-OFICINA MANT,P10-ADM-OFC-ADM,,,,,,,,,,,,,,,,,,,,,,,,,,,,,,,,,,,,,,,,,,,,,,,,,,,,,,,,,,,,,,,,,,,,,,,,,,,,,hay más de un contenedor candidato
contenedor_duplicado,contenedor_por_ancestro_project,P10-SRV-SCD-SEAIRE2,SECADOR DE AIRE ATLAS COPCO FX 16,763,4,763,P10-SRV-LGC-AIRE COMPRIMIDO,P10-SRV-LGC-AIRE,P10-SRV-LGC-SERVICIOS > P10-SRV-LGC-AIRE,P10 > P10-SRV-LGC-SERVICIOS > P10-SRV-LGC-AIRE COMPRIMIDO,P10 > P10-SRV-LGC-SERVICIOS > P10-SRV-LGC-AIRE COMPRIMIDO > P10-SRV-SCD-SEAIRE2,176327,e873c32e-5e0c-4f36-b2a7-48d4917bce06-0002b0c7,Cubiertas,,Genérico - 400 mm,Genérico - 400 mm,P10-ADM-OFC-OFICINA,P10 > P10-SRV-LGC-SERVICIOS > P10-ADM-OFC-OFICINA MANT > P10-ADM-OFC-ADM,contenedor_scoring,176327,e873c32e-5e0c-4f36-b2a7-48d4917bce06-0002b0c7,P10 > P10-SRV-LGC-SERVICIOS > P10-ADM-OFC-OFICINA MANT > P10-ADM-OFC-ADM,4,76,NO,200,200,0,ancestro_project_exacto_duplicado,176327:200:P10 > P10-SRV-LGC-SERVICIOS > P10-ADM-OFC-OFICINA MANT > P10-ADM-OFC-ADM || 185694:200:P10 > P10-SRV-LGC-SERVICIOS > P10-SRV-LGC-TORRES > P10-TRR-BMB-BO34 > P10-TRR-BMB-BO35 > P10-TRR-BMB-BO36 > P10-TRR-BMB-BO37 > P10-TRR-MTD-MDBO37 > P10-TRR-SLA-SALA > P10-TRR-BMB-BOREFRIG > P10-TRR-TRR-TEP10 > P10-TRR-BMB-BMB > P10-TRR-TNQ-TK > P10-TRR-BMB-BO > P10-TRR-LGC-TRAT > P10-TRR-IBC-02 > P10-TRR-IBC-01 > P10-TRR-IBC-03 > P10-TRR-VNT-VETE01 > P10-TRR-VNT-VETE02 > P10-TRR-VNT-VETE03 > P10-TRR-VNT-VETE04 > P10-TRR-VNT-VETE05 > P10-TRR-VNT-VETE06 || 227527:200:P10 > P10-SRV-LGC-SERVICIOS > P10-SRV-CLD-CMB > P10-SRV-BMB-BO01 > P10-SRV-BMB-BO02 > P10-SRV-BMB-BO39 > P10-SRV-BMB-BO38 > P10-SRV-BMB-BO45 > P10-SRV-BMB-BO44 > P10-SRV-BMB-BO42 > P10-SRV-BMB-BO43 > P10-SRV-BMB-BO52 > P10-SRV-CLC-COLECTOR > P10-SRV-LGC-VALV > P10-SRV-VLV-CCV-001 > P10-SRV-VLV-PCV-001 > P10-SRV-VLV-SGR > P10-SRV-VLV-LCV-001 > P10-SRV-VLV-PCV-003 > P10-SRV-VLV-SOV-002 > P10-SRV-VLV-SOV-001 > P10-SRV-VLV-SOV-004 > P10-SRV-VLV-SOV-003 > P10-SRV-FLT-FG02 > P10-SRV-MGN-MAGNETROL > P10-SRV-SPL-SH01 > P10-SRV-SPL-SH02 > P10-SRV-SPL-SH03 > P10-SRV-SPL-SH04 > P10-SRV-TNQ-TKFLASH > P10-SRV-TNQ-TKRESERVA > P10-SRV-TNQ-TKDESAIREADOR > P10-SRV-VLV-LCV-002 > P10-SRV-VLV-PCV-004 > P10-SRV-VNT-VTF01 || 332643:200:P10 > P10-SRV-LGC-SERVICIOS > P10-SRV-LGC-TRATAMIENTO AGUA || 355813:200:P10 > P10-SRV-LGC-SERVICIOS > P10-SCT-SECTOR OBRADORES || 356583:200:P10 > P10-SRV-LGC-SERVICIOS > P10-SCT-SECTOR OBRADORES || 356627:200:P10 > P10-SRV-LGC-SERVICIOS > P10-SCT-SECTOR OBRADORES || 356674:200:P10 > P10-SRV-LGC-SERVICIOS > P10-SCT-SECTOR OBRADORES || ... +13,P10-SRV-LGC-SERVICIOS,Ancestro Project P10-SRV-LGC-SERVICIOS aparece en 21 contenedores.,P10,P10-SRV-LGC-SERVICIOS,P10-ADM-OFC-OFICINA MANT,P10-ADM-OFC-ADM,,,,,,,,,,,,,,,,,,,,,,,,,,,,,,,,,,,,,,,,,,,,,,,,,,,,,,,,,,,,,,,,,,,,,,,,,,,,,hay más de un contenedor candidato
contenedor_duplicado,contenedor_por_ancestro_project,P10-SRV-SCD-SEAIRE1,SECADOR DE AIRE FX14 ATLAS COPCO,764,4,764,P10-SRV-LGC-AIRE COMPRIMIDO,P10-SRV-LGC-AIRE,P10-SRV-LGC-SERVICIOS > P10-SRV-LGC-AIRE,P10 > P10-SRV-LGC-SERVICIOS > P10-SRV-LGC-AIRE COMPRIMIDO,P10 > P10-SRV-LGC-SERVICIOS > P10-SRV-LGC-AIRE COMPRIMIDO > P10-SRV-SCD-SEAIRE1,176327,e873c32e-5e0c-4f36-b2a7-48d4917bce06-0002b0c7,Cubiertas,,Genérico - 400 mm,Genérico - 400 mm,P10-ADM-OFC-OFICINA,P10 > P10-SRV-LGC-SERVICIOS > P10-ADM-OFC-OFICINA MANT > P10-ADM-OFC-ADM,contenedor_scoring,176327,e873c32e-5e0c-4f36-b2a7-48d4917bce06-0002b0c7,P10 > P10-SRV-LGC-SERVICIOS > P10-ADM-OFC-OFICINA MANT > P10-ADM-OFC-ADM,4,76,NO,200,200,0,ancestro_project_exacto_duplicado,176327:200:P10 > P10-SRV-LGC-SERVICIOS > P10-ADM-OFC-OFICINA MANT > P10-ADM-OFC-ADM || 185694:200:P10 > P10-SRV-LGC-SERVICIOS > P10-SRV-LGC-TORRES > P10-TRR-BMB-BO34 > P10-TRR-BMB-BO35 > P10-TRR-BMB-BO36 > P10-TRR-BMB-BO37 > P10-TRR-MTD-MDBO37 > P10-TRR-SLA-SALA > P10-TRR-BMB-BOREFRIG > P10-TRR-TRR-TEP10 > P10-TRR-BMB-BMB > P10-TRR-TNQ-TK > P10-TRR-BMB-BO > P10-TRR-LGC-TRAT > P10-TRR-IBC-02 > P10-TRR-IBC-01 > P10-TRR-IBC-03 > P10-TRR-VNT-VETE01 > P10-TRR-VNT-VETE02 > P10-TRR-VNT-VETE03 > P10-TRR-VNT-VETE04 > P10-TRR-VNT-VETE05 > P10-TRR-VNT-VETE06 || 227527:200:P10 > P10-SRV-LGC-SERVICIOS > P10-SRV-CLD-CMB > P10-SRV-BMB-BO01 > P10-SRV-BMB-BO02 > P10-SRV-BMB-BO39 > P10-SRV-BMB-BO38 > P10-SRV-BMB-BO45 > P10-SRV-BMB-BO44 > P10-SRV-BMB-BO42 > P10-SRV-BMB-BO43 > P10-SRV-BMB-BO52 > P10-SRV-CLC-COLECTOR > P10-SRV-LGC-VALV > P10-SRV-VLV-CCV-001 > P10-SRV-VLV-PCV-001 > P10-SRV-VLV-SGR > P10-SRV-VLV-LCV-001 > P10-SRV-VLV-PCV-003 > P10-SRV-VLV-SOV-002 > P10-SRV-VLV-SOV-001 > P10-SRV-VLV-SOV-004 > P10-SRV-VLV-SOV-003 > P10-SRV-FLT-FG02 > P10-SRV-MGN-MAGNETROL > P10-SRV-SPL-SH01 > P10-SRV-SPL-SH02 > P10-SRV-SPL-SH03 > P10-SRV-SPL-SH04 > P10-SRV-TNQ-TKFLASH > P10-SRV-TNQ-TKRESERVA > P10-SRV-TNQ-TKDESAIREADOR > P10-SRV-VLV-LCV-002 > P10-SRV-VLV-PCV-004 > P10-SRV-VNT-VTF01 || 332643:200:P10 > P10-SRV-LGC-SERVICIOS > P10-SRV-LGC-TRATAMIENTO AGUA || 355813:200:P10 > P10-SRV-LGC-SERVICIOS > P10-SCT-SECTOR OBRADORES || 356583:200:P10 > P10-SRV-LGC-SERVICIOS > P10-SCT-SECTOR OBRADORES || 356627:200:P10 > P10-SRV-LGC-SERVICIOS > P10-SCT-SECTOR OBRADORES || 356674:200:P10 > P10-SRV-LGC-SERVICIOS > P10-SCT-SECTOR OBRADORES || ... +13,P10-SRV-LGC-SERVICIOS,Ancestro Project P10-SRV-LGC-SERVICIOS aparece en 21 contenedores.,P10,P10-SRV-LGC-SERVICIOS,P10-ADM-OFC-OFICINA MANT,P10-ADM-OFC-ADM,,,,,,,,,,,,,,,,,,,,,,,,,,,,,,,,,,,,,,,,,,,,,,,,,,,,,,,,,,,,,,,,,,,,,,,,,,,,,hay más de un contenedor candidato
duplicado,elemento_puntual,P10-SRV-LGC-TRATAMIENTO,SECTOR TRATAMIENTO DE A SERVICIOS P10,810,3,810,P10-SRV-LGC-SERVICIOS,P10-SRV-LGC-SERVICIOS,P10-SRV-LGC-SERVICIOS,P10 > P10-SRV-LGC-SERVICIOS,P10 > P10-SRV-LGC-SERVICIOS > P10-SRV-LGC-TRATAMIENTO AGUA,332643,dc2f52e8-69c4-45c8-a7dd-658a902d58d3-00051363,Modelos genéricos,Silos 6,Silos 2,Silos 2,,P10 > P10-SRV-LGC-SERVICIOS > P10-SRV-LGC-TRATAMIENTO AGUA,btz_description_03,,,,,,,,,,,,,2 elementos Revit contienen el código exacto.,P10,P10-SRV-LGC-SERVICIOS,P10-SRV-LGC-TRATAMIENTO AGUA,,,,,,,,,,,,,,,,,,,,,,,,,,,,,,,,,,,,,,,,,,,,,,,,,,,,,,,,,,,,,,,,,,,,,,,,,,,,,,hay más de un elemento puntual posible
duplicado,elemento_puntual,P10-SRV-LGC-TRATAMIENTO,SECTOR TRATAMIENTO DE A SERVICIOS P10,810,3,810,P10-SRV-LGC-SERVICIOS,P10-SRV-LGC-SERVICIOS,P10-SRV-LGC-SERVICIOS,P10 > P10-SRV-LGC-SERVICIOS,P10 > P10-SRV-LGC-SERVICIOS > P10-SRV-LGC-TRATAMIENTO AGUA,384750,3ade3506-4f84-4896-9589-30d81e40c276-0005deee,Cubiertas,,Genérico - 400 mm,Genérico - 400 mm,,P10 > P10-SRV-LGC-SERVICIOS > P10-SRV-LGC-TRATAMIENTO > P10-SRV-ABL-AA01 > P10-SRV-ABL-AA02 > P10-SRV-BMB-BOABLN > P10-SRV-BMB-BOABLS > P10-SRV-BMB-BO > P10-SRV-TNQ-TKSALMUERA > P10-SRV-TNQ-TKSALERO,btz_description_03,,,,,,,,,,,,,2 elementos Revit contienen el código exacto.,P10,P10-SRV-LGC-SERVICIOS,P10-SRV-LGC-TRATAMIENTO,P10-SRV-ABL-AA01,P10-SRV-ABL-AA02,P10-SRV-BMB-BOABLN,P10-SRV-BMB-BOABLS,P10-SRV-BMB-BO,P10-SRV-TNQ-TKSALMUERA,P10-SRV-TNQ-TKSALERO,,,,,,,,,,,,,,,,,,,,,,,,,,,,,,,,,,,,,,,,,,,,,,,,,,,,,,,,,,,,,,,,,,,,,,,hay más de un elemento puntual posible
duplicado,elemento_puntual,P10-SRV-BMB-BO,BOMBA AMINA SATELITAL (COLECTOR O A CADA LINEA),815,4,815,P10-SRV-LGC-TRATAMIENTO AGUA,P10-SRV-LGC-TRATAMIENTO,P10-SRV-LGC-SERVICIOS > P10-SRV-LGC-TRATAMIENTO,P10 > P10-SRV-LGC-SERVICIOS > P10-SRV-LGC-TRATAMIENTO AGUA,P10 > P10-SRV-LGC-SERVICIOS > P10-SRV-LGC-TRATAMIENTO AGUA > P10-SRV-BMB-BO AMINA COLECTOR,380971,ddbef6d8-5146-4ece-9a6f-82caaca14519-0005d02b,Cubiertas,,Genérico - 400 mm,Genérico - 400 mm,P10-SRV-LGC-TRAT,P10 > P10-SRV-LGC-SERVICIOS > P10-SRV-LGC-TRAT > P10-SRV-BMB-BO > P10-SRV-IBC-TRAT,btz_description_04,,,,,,,,,,,,,Código repetido en Project 10 veces. 2 elementos Revit contienen el código exacto.,P10,P10-SRV-LGC-SERVICIOS,P10-SRV-LGC-TRAT,P10-SRV-BMB-BO,P10-SRV-IBC-TRAT,,,,,,,,,,,,,,,,,,,,,,,,,,,,,,,,,,,,,,,,,,,,,,,,,,,,,,,,,,,,,,,,,,,,,,,,,,,,hay más de un elemento puntual posible
duplicado,elemento_puntual,P10-SRV-BMB-BO,BOMBA AMINA SATELITAL (COLECTOR O A CADA LINEA),815,4,815,P10-SRV-LGC-TRATAMIENTO AGUA,P10-SRV-LGC-TRATAMIENTO,P10-SRV-LGC-SERVICIOS > P10-SRV-LGC-TRATAMIENTO,P10 > P10-SRV-LGC-SERVICIOS > P10-SRV-LGC-TRATAMIENTO AGUA,P10 > P10-SRV-LGC-SERVICIOS > P10-SRV-LGC-TRATAMIENTO AGUA > P10-SRV-BMB-BO AMINA COLECTOR,384750,3ade3506-4f84-4896-9589-30d81e40c276-0005deee,Cubiertas,,Genérico - 400 mm,Genérico - 400 mm,,P10 > P10-SRV-LGC-SERVICIOS > P10-SRV-LGC-TRATAMIENTO > P10-SRV-ABL-AA01 > P10-SRV-ABL-AA02 > P10-SRV-BMB-BOABLN > P10-SRV-BMB-BOABLS > P10-SRV-BMB-BO > P10-SRV-TNQ-TKSALMUERA > P10-SRV-TNQ-TKSALERO,btz_description_08,,,,,,,,,,,,,Código repetido en Project 10 veces. 2 elementos Revit contienen el código exacto.,P10,P10-SRV-LGC-SERVICIOS,P10-SRV-LGC-TRATAMIENTO,P10-SRV-ABL-AA01,P10-SRV-ABL-AA02,P10-SRV-BMB-BOABLN,P10-SRV-BMB-BOABLS,P10-SRV-BMB-BO,P10-SRV-TNQ-TKSALMUERA,P10-SRV-TNQ-TKSALERO,,,,,,,,,,,,,,,,,,,,,,,,,,,,,,,,,,,,,,,,,,,,,,,,,,,,,,,,,,,,,,,,,,,,,,,hay más de un elemento puntual posible
duplicado,elemento_puntual,P10-GRL-LGC-EQUIPOS,CONJUNTO DE EQUIPOS DE SEGURIDAD P10,839,2,839,P10,,,P10,P10 > P10-GRL-LGC-EQUIPOS SEGURIDAD,377972,c5ee6896-39ff-4562-be63-4682b50c65ca-0005c474,Cubiertas,,Genérico - 400 mm,Genérico - 400 mm,,P10 > P10-GRL-LGC-EQUIPOS > P10-SRA-BMB-BO70 > P10-SRA-BMB-JOCKEY > P10-SRA-BMB-BOIN > P10-SRA-MTD-MDBOIN > P10-SRA-SLA-SALA > P10-SRA-VLV-VSBOIN > P10-GRL-SRN-SIRPRP > P10-SRA-TNQ-TKRED > P10-SRA-BMB-DOSIF,btz_description_02,,,,,,,,,,,,,Código repetido en Project 2 veces. 2 elementos Revit contienen el código exacto.,P10,P10-GRL-LGC-EQUIPOS,P10-SRA-BMB-BO70,P10-SRA-BMB-JOCKEY,P10-SRA-BMB-BOIN,P10-SRA-MTD-MDBOIN,P10-SRA-SLA-SALA,P10-SRA-VLV-VSBOIN,P10-GRL-SRN-SIRPRP,P10-SRA-TNQ-TKRED,P10-SRA-BMB-DOSIF,,,,,,,,,,,,,,,,,,,,,,,,,,,,,,,,,,,,,,,,,,,,,,,,,,,,,,,,,,,,,,,,,,,,,,hay más de un elemento puntual posible
duplicado,elemento_puntual,P10-GRL-LGC-EQUIPOS,CONJUNTO DE EQUIPOS DE SEGURIDAD P10,839,2,839,P10,,,P10,P10 > P10-GRL-LGC-EQUIPOS SEGURIDAD,381172,ddbef6d8-5146-4ece-9a6f-82caaca14519-0005d0f4,Cubiertas,,Genérico - 400 mm,Genérico - 400 mm,,P10 > P10-GRL-LGC-EQUIPOS > P10-APR-APA02 > P10-APR-APA04 > P10-APR-APA03 > P10-APR-APA01 > P10-APR-APA05 > P10-TLLM-GND-GND01 > P10-PRP-PRC-PERCHA,btz_description_02,,,,,,,,,,,,,Código repetido en Project 2 veces. 2 elementos Revit contienen el código exacto.,P10,P10-GRL-LGC-EQUIPOS,P10-APR-APA02,P10-APR-APA04,P10-APR-APA03,P10-APR-APA01,P10-APR-APA05,P10-TLLM-GND-GND01,P10-PRP-PRC-PERCHA,,,,,,,,,,,,,,,,,,,,,,,,,,,,,,,,,,,,,,,,,,,,,,,,,,,,,,,,,,,,,,,,,,,,,,,,hay más de un elemento puntual posible
duplicado,elemento_puntual,P10-SRA-BMB-BO70,BOMBA BO70 RED INCENDIO (ELECTROBOMBA),840,3,840,P10-GRL-LGC-EQUIPOS SEGURIDAD,P10-GRL-LGC-EQUIPOS,P10-GRL-LGC-EQUIPOS,P10 > P10-GRL-LGC-EQUIPOS SEGURIDAD,P10 > P10-GRL-LGC-EQUIPOS SEGURIDAD > P10-SRA-BMB-BO70,282497,a027b4da-4e9c-44ad-b607-5fb48d4c7061-00044f81,Cubiertas,,Genérico - 400 mm,Genérico - 400 mm,P10-EXT-LGC-BMB,P10 > P10-EXT-LGC-EXTRACCION > P10-EXT-EXT-M202 > P10-EXT-LGC-BMB RECIRCULACION > P10-SRA-BMB-BO70 > P10-SRA-BMB-JOCKEY > P10-SRA-BMB-BOIN > P10-SRA-BMB-DOSIF > P10-EXT-BMB-P439B > P10-PLL-BMB-BS03,btz_description_05,,,,,,,,,,,,,2 elementos Revit contienen el código exacto.,P10,P10-EXT-LGC-EXTRACCION,P10-EXT-EXT-M202,P10-EXT-LGC-BMB RECIRCULACION,P10-SRA-BMB-BO70,P10-SRA-BMB-JOCKEY,P10-SRA-BMB-BOIN,P10-SRA-BMB-DOSIF,P10-EXT-BMB-P439B,P10-PLL-BMB-BS03,,,,,,,,,,,,,,,,,,,,,,,,,,,,,,,,,,,,,,,,,,,,,,,,,,,,,,,,,,,,,,,,,,,,,,,hay más de un elemento puntual posible
duplicado,elemento_puntual,P10-SRA-BMB-BO70,BOMBA BO70 RED INCENDIO (ELECTROBOMBA),840,3,840,P10-GRL-LGC-EQUIPOS SEGURIDAD,P10-GRL-LGC-EQUIPOS,P10-GRL-LGC-EQUIPOS,P10 > P10-GRL-LGC-EQUIPOS SEGURIDAD,P10 > P10-GRL-LGC-EQUIPOS SEGURIDAD > P10-SRA-BMB-BO70,377972,c5ee6896-39ff-4562-be63-4682b50c65ca-0005c474,Cubiertas,,Genérico - 400 mm,Genérico - 400 mm,,P10 > P10-GRL-LGC-EQUIPOS > P10-SRA-BMB-BO70 > P10-SRA-BMB-JOCKEY > P10-SRA-BMB-BOIN > P10-SRA-MTD-MDBOIN > P10-SRA-SLA-SALA > P10-SRA-VLV-VSBOIN > P10-GRL-SRN-SIRPRP > P10-SRA-TNQ-TKRED > P10-SRA-BMB-DOSIF,btz_description_03,,,,,,,,,,,,,2 elementos Revit contienen el código exacto.,P10,P10-GRL-LGC-EQUIPOS,P10-SRA-BMB-BO70,P10-SRA-BMB-JOCKEY,P10-SRA-BMB-BOIN,P10-SRA-MTD-MDBOIN,P10-SRA-SLA-SALA,P10-SRA-VLV-VSBOIN,P10-GRL-SRN-SIRPRP,P10-SRA-TNQ-TKRED,P10-SRA-BMB-DOSIF,,,,,,,,,,,,,,,,,,,,,,,,,,,,,,,,,,,,,,,,,,,,,,,,,,,,,,,,,,,,,,,,,,,,,,hay más de un elemento puntual posible
duplicado,elemento_puntual,P10-SRA-BMB-JOCKEY,JOCKEY CHICA GRUNDFOS - Primera que se coloco,841,3,841,P10-GRL-LGC-EQUIPOS SEGURIDAD,P10-GRL-LGC-EQUIPOS,P10-GRL-LGC-EQUIPOS,P10 > P10-GRL-LGC-EQUIPOS SEGURIDAD,P10 > P10-GRL-LGC-EQUIPOS SEGURIDAD > P10-SRA-BMB-JOCKEY 01,282497,a027b4da-4e9c-44ad-b607-5fb48d4c7061-00044f81,Cubiertas,,Genérico - 400 mm,Genérico - 400 mm,P10-EXT-LGC-BMB,P10 > P10-EXT-LGC-EXTRACCION > P10-EXT-EXT-M202 > P10-EXT-LGC-BMB RECIRCULACION > P10-SRA-BMB-BO70 > P10-SRA-BMB-JOCKEY > P10-SRA-BMB-BOIN > P10-SRA-BMB-DOSIF > P10-EXT-BMB-P439B > P10-PLL-BMB-BS03,btz_description_06,,,,,,,,,,,,,Código repetido en Project 2 veces. 2 elementos Revit contienen el código exacto.,P10,P10-EXT-LGC-EXTRACCION,P10-EXT-EXT-M202,P10-EXT-LGC-BMB RECIRCULACION,P10-SRA-BMB-BO70,P10-SRA-BMB-JOCKEY,P10-SRA-BMB-BOIN,P10-SRA-BMB-DOSIF,P10-EXT-BMB-P439B,P10-PLL-BMB-BS03,,,,,,,,,,,,,,,,,,,,,,,,,,,,,,,,,,,,,,,,,,,,,,,,,,,,,,,,,,,,,,,,,,,,,,,hay más de un elemento puntual posible
duplicado,elemento_puntual,P10-SRA-BMB-JOCKEY,JOCKEY CHICA GRUNDFOS - Primera que se coloco,841,3,841,P10-GRL-LGC-EQUIPOS SEGURIDAD,P10-GRL-LGC-EQUIPOS,P10-GRL-LGC-EQUIPOS,P10 > P10-GRL-LGC-EQUIPOS SEGURIDAD,P10 > P10-GRL-LGC-EQUIPOS SEGURIDAD > P10-SRA-BMB-JOCKEY 01,377972,c5ee6896-39ff-4562-be63-4682b50c65ca-0005c474,Cubiertas,,Genérico - 400 mm,Genérico - 400 mm,,P10 > P10-GRL-LGC-EQUIPOS > P10-SRA-BMB-BO70 > P10-SRA-BMB-JOCKEY > P10-SRA-BMB-BOIN > P10-SRA-MTD-MDBOIN > P10-SRA-SLA-SALA > P10-SRA-VLV-VSBOIN > P10-GRL-SRN-SIRPRP > P10-SRA-TNQ-TKRED > P10-SRA-BMB-DOSIF,btz_description_04,,,,,,,,,,,,,Código repetido en Project 2 veces. 2 elementos Revit contienen el código exacto.,P10,P10-GRL-LGC-EQUIPOS,P10-SRA-BMB-BO70,P10-SRA-BMB-JOCKEY,P10-SRA-BMB-BOIN,P10-SRA-MTD-MDBOIN,P10-SRA-SLA-SALA,P10-SRA-VLV-VSBOIN,P10-GRL-SRN-SIRPRP,P10-SRA-TNQ-TKRED,P10-SRA-BMB-DOSIF,,,,,,,,,,,,,,,,,,,,,,,,,,,,,,,,,,,,,,,,,,,,,,,,,,,,,,,,,,,,,,,,,,,,,,hay más de un elemento puntual posible
duplicado,elemento_puntual,P10-SRA-BMB-BOIN,MOTOBOMBA BOIN INCENDIO (DIESEL),843,3,843,P10-GRL-LGC-EQUIPOS SEGURIDAD,P10-GRL-LGC-EQUIPOS,P10-GRL-LGC-EQUIPOS,P10 > P10-GRL-LGC-EQUIPOS SEGURIDAD,P10 > P10-GRL-LGC-EQUIPOS SEGURIDAD > P10-SRA-BMB-BOIN,282497,a027b4da-4e9c-44ad-b607-5fb48d4c7061-00044f81,Cubiertas,,Genérico - 400 mm,Genérico - 400 mm,P10-EXT-LGC-BMB,P10 > P10-EXT-LGC-EXTRACCION > P10-EXT-EXT-M202 > P10-EXT-LGC-BMB RECIRCULACION > P10-SRA-BMB-BO70 > P10-SRA-BMB-JOCKEY > P10-SRA-BMB-BOIN > P10-SRA-BMB-DOSIF > P10-EXT-BMB-P439B > P10-PLL-BMB-BS03,btz_description_07,,,,,,,,,,,,,2 elementos Revit contienen el código exacto.,P10,P10-EXT-LGC-EXTRACCION,P10-EXT-EXT-M202,P10-EXT-LGC-BMB RECIRCULACION,P10-SRA-BMB-BO70,P10-SRA-BMB-JOCKEY,P10-SRA-BMB-BOIN,P10-SRA-BMB-DOSIF,P10-EXT-BMB-P439B,P10-PLL-BMB-BS03,,,,,,,,,,,,,,,,,,,,,,,,,,,,,,,,,,,,,,,,,,,,,,,,,,,,,,,,,,,,,,,,,,,,,,,hay más de un elemento puntual posible
duplicado,elemento_puntual,P10-SRA-BMB-BOIN,MOTOBOMBA BOIN INCENDIO (DIESEL),843,3,843,P10-GRL-LGC-EQUIPOS SEGURIDAD,P10-GRL-LGC-EQUIPOS,P10-GRL-LGC-EQUIPOS,P10 > P10-GRL-LGC-EQUIPOS SEGURIDAD,P10 > P10-GRL-LGC-EQUIPOS SEGURIDAD > P10-SRA-BMB-BOIN,377972,c5ee6896-39ff-4562-be63-4682b50c65ca-0005c474,Cubiertas,,Genérico - 400 mm,Genérico - 400 mm,,P10 > P10-GRL-LGC-EQUIPOS > P10-SRA-BMB-BO70 > P10-SRA-BMB-JOCKEY > P10-SRA-BMB-BOIN > P10-SRA-MTD-MDBOIN > P10-SRA-SLA-SALA > P10-SRA-VLV-VSBOIN > P10-GRL-SRN-SIRPRP > P10-SRA-TNQ-TKRED > P10-SRA-BMB-DOSIF,btz_description_05,,,,,,,,,,,,,2 elementos Revit contienen el código exacto.,P10,P10-GRL-LGC-EQUIPOS,P10-SRA-BMB-BO70,P10-SRA-BMB-JOCKEY,P10-SRA-BMB-BOIN,P10-SRA-MTD-MDBOIN,P10-SRA-SLA-SALA,P10-SRA-VLV-VSBOIN,P10-GRL-SRN-SIRPRP,P10-SRA-TNQ-TKRED,P10-SRA-BMB-DOSIF,,,,,,,,,,,,,,,,,,,,,,,,,,,,,,,,,,,,,,,,,,,,,,,,,,,,,,,,,,,,,,,,,,,,,,hay más de un elemento puntual posible
duplicado,elemento_puntual,P10-SRA-BMB-DOSIF,BOMBA DOSIFICACION APL A TK VERDE RED DE INCENDIO,849,4,849,P10-SRA-TNQ-TKRED,P10-SRA-TNQ-TKRED,P10-GRL-LGC-EQUIPOS > P10-SRA-TNQ-TKRED,P10 > P10-GRL-LGC-EQUIPOS SEGURIDAD > P10-SRA-TNQ-TKRED,P10 > P10-GRL-LGC-EQUIPOS SEGURIDAD > P10-SRA-TNQ-TKRED > P10-SRA-BMB-DOSIF APL,282497,a027b4da-4e9c-44ad-b607-5fb48d4c7061-00044f81,Cubiertas,,Genérico - 400 mm,Genérico - 400 mm,P10-EXT-LGC-BMB,P10 > P10-EXT-LGC-EXTRACCION > P10-EXT-EXT-M202 > P10-EXT-LGC-BMB RECIRCULACION > P10-SRA-BMB-BO70 > P10-SRA-BMB-JOCKEY > P10-SRA-BMB-BOIN > P10-SRA-BMB-DOSIF > P10-EXT-BMB-P439B > P10-PLL-BMB-BS03,btz_description_08,,,,,,,,,,,,,2 elementos Revit contienen el código exacto.,P10,P10-EXT-LGC-EXTRACCION,P10-EXT-EXT-M202,P10-EXT-LGC-BMB RECIRCULACION,P10-SRA-BMB-BO70,P10-SRA-BMB-JOCKEY,P10-SRA-BMB-BOIN,P10-SRA-BMB-DOSIF,P10-EXT-BMB-P439B,P10-PLL-BMB-BS03,,,,,,,,,,,,,,,,,,,,,,,,,,,,,,,,,,,,,,,,,,,,,,,,,,,,,,,,,,,,,,,,,,,,,,,hay más de un elemento puntual posible
duplicado,elemento_puntual,P10-SRA-BMB-DOSIF,BOMBA DOSIFICACION APL A TK VERDE RED DE INCENDIO,849,4,849,P10-SRA-TNQ-TKRED,P10-SRA-TNQ-TKRED,P10-GRL-LGC-EQUIPOS > P10-SRA-TNQ-TKRED,P10 > P10-GRL-LGC-EQUIPOS SEGURIDAD > P10-SRA-TNQ-TKRED,P10 > P10-GRL-LGC-EQUIPOS SEGURIDAD > P10-SRA-TNQ-TKRED > P10-SRA-BMB-DOSIF APL,377972,c5ee6896-39ff-4562-be63-4682b50c65ca-0005c474,Cubiertas,,Genérico - 400 mm,Genérico - 400 mm,,P10 > P10-GRL-LGC-EQUIPOS > P10-SRA-BMB-BO70 > P10-SRA-BMB-JOCKEY > P10-SRA-BMB-BOIN > P10-SRA-MTD-MDBOIN > P10-SRA-SLA-SALA > P10-SRA-VLV-VSBOIN > P10-GRL-SRN-SIRPRP > P10-SRA-TNQ-TKRED > P10-SRA-BMB-DOSIF,btz_description_11,,,,,,,,,,,,,2 elementos Revit contienen el código exacto.,P10,P10-GRL-LGC-EQUIPOS,P10-SRA-BMB-BO70,P10-SRA-BMB-JOCKEY,P10-SRA-BMB-BOIN,P10-SRA-MTD-MDBOIN,P10-SRA-SLA-SALA,P10-SRA-VLV-VSBOIN,P10-GRL-SRN-SIRPRP,P10-SRA-TNQ-TKRED,P10-SRA-BMB-DOSIF,,,,,,,,,,,,,,,,,,,,,,,,,,,,,,,,,,,,,,,,,,,,,,,,,,,,,,,,,,,,,,,,,,,,,,hay más de un elemento puntual posible
sin_contenedor,sin_asociacion,P10-PRD-ELE-CCMPEL,CCM PELETERAS P10,851,2,851,P10,,,P10,P10 > P10-PRD-ELE-CCMPEL,,,,,,,,,,,,,,,,,,,,,,Ningún contenedor supera puntaje mínimo 40.,,,,,,,,,,,,,,,,,,,,,,,,,,,,,,,,,,,,,,,,,,,,,,,,,,,,,,,,,,,,,,,,,,,,,,,,,,,,,,,,,no se encontró contenedor compatible
contenedor_duplicado,contenedor,P10-LGC-EQUIPOS,EQUIPO LOGICOS ZONAS DE SUPERVISORES P10,880,2,880,P10,,,P10,P10 > P10-LGC-EQUIPOS LOGICOS,377972,c5ee6896-39ff-4562-be63-4682b50c65ca-0005c474,Cubiertas,,Genérico - 400 mm,Genérico - 400 mm,,P10 > P10-GRL-LGC-EQUIPOS > P10-SRA-BMB-BO70 > P10-SRA-BMB-JOCKEY > P10-SRA-BMB-BOIN > P10-SRA-MTD-MDBOIN > P10-SRA-SLA-SALA > P10-SRA-VLV-VSBOIN > P10-GRL-SRN-SIRPRP > P10-SRA-TNQ-TKRED > P10-SRA-BMB-DOSIF,contenedor_scoring,377972,c5ee6896-39ff-4562-be63-4682b50c65ca-0005c474,P10 > P10-GRL-LGC-EQUIPOS > P10-SRA-BMB-BO70 > P10-SRA-BMB-JOCKEY > P10-SRA-BMB-BOIN > P10-SRA-MTD-MDBOIN > P10-SRA-SLA-SALA > P10-SRA-VLV-VSBOIN > P10-GRL-SRN-SIRPRP > P10-SRA-TNQ-TKRED > P10-SRA-BMB-DOSIF,11,69,NO,200,200,0,"+80 contiene P10-LGC-EQUIPOS; +60 equivalencia tipo EQUIPOS; +40 contiene P10-LGC; +20 contiene P10; +30 bloques en path; -30 otro sector (GRL,SRA)",377972:200:P10 > P10-GRL-LGC-EQUIPOS > P10-SRA-BMB-BO70 > P10-SRA-BMB-JOCKEY > P10-SRA-BMB-BOIN > P10-SRA-MTD-MDBOIN > P10-SRA-SLA-SALA > P10-SRA-VLV-VSBOIN > P10-GRL-SRN-SIRPRP > P10-SRA-TNQ-TKRED > P10-SRA-BMB-DOSIF || 381172:200:P10 > P10-GRL-LGC-EQUIPOS > P10-APR-APA02 > P10-APR-APA04 > P10-APR-APA03 > P10-APR-APA01 > P10-APR-APA05 > P10-TLLM-GND-GND01 > P10-PRP-PRC-PERCHA || 281343:50:P10 > P10-PRP-LGC-PREPARACION > P10-PRP-LGC-LAMINADORES > P10-PRP-CHD-LCH01 > P10-PRP-CHD-LCH02 > P10-PRP-CHD-LCH03 > P10-PRP-CHD-LCH04 > P10-PRP-LMN-LF01 > P10-PRP-ALM-ALF01 > P10-PRP-CHD-LFBH01 > P10-PRP-LMN-L01 > P10-PRP-ALM-AL01 > P10-PRP-LMN-L02 > P10-PRP-ALM-AL02 > P10-PRP-LMN-L03 > P10-PRP-ALM-AL03 > P10-PRP-LMN-L04 > P10-PRP-ALM-AL04 > P10-PRP-LMN-L05 > P10-PRP-ALM-AL05 > P10-PRP-LMN-L06 > P10-PRP-ALM-AL06 > P10-PRP-LMN-L07 > P10-PRP-ALM-AL07 > P10-PRP-LMN-L08 > P10-PRP-ALM-AL08 > P10-PRP-LMN-L09 > P10-PRP-ALM-AL09 > P10-PRP-LMN-L10 > P10-PRP-ALM-AL10 > P10-PRP-LMN-L11 > P10-PRP-ALM-AL11 > P10-PRP-LMN-L12 > P10-PRP-ALM-AL12 > P10-PRP-LMN-L13 > P10-PRP-ALM-AL13 > P10-PRP-LMN-L14 > P10-PRP-ALM-AL14 > P10-PRP-LMN-L15 > P10-PRP-ALM-AL15 > P10-PRP-LMN-L16 > P10-PRP-ALM-AL16 > P10-PRP-LMN-L17 > P10-PRP-ALM-AL17 > P10-PRP-LMN-L18 > P10-PRP-ALM-AL18 > P10-PRP-LMN-L19 > P10-PRP-ALM-AL19 > P10-PRP-LMN-L20 > P10-PRP-ALM-AL20 > P10-PRP-LMN-L21 > P10-PRP-ALM-AL21 > P10-PRP-LMN-L22 > P10-PRP-ALM-AL22 > P10-PRP-RCT-REC01 > P10-PRP-RCT-REC02 > P10-PRP-VNT-VE10 > P10-PRP-CCL-CVE10 > P10-PRP-RSC-SF12 > P10-PRP-VLV-VR10 > P10-PRP-VNT-VE11 > P10-PRP-CCL-CVE11 > P10-PRP-RSC-SF13 > P10-PRP-VLV-VR11 || 281220:50:P10 > P10-PRP-LGC-PREPARACION > P10-PRP-LGC-EXPANDIDO > P10-PRP-ENF-EE01 > P10-PRP-VLV-VREE1 > P10-PRP-VNT-VE21 > P10-PRP-VNT-VE22 > P10-PRP-VNT-VE23 > P10-PRP-VNT-VE24 > P10-PRP-VNT-VE25 > P10-PRP-VNT-VE26 > P10-PRP-VNT-VTEE01 > P10-PRP-ENF-EE02 > P10-PRP-VLV-VREE2 > P10-PRP-VNT-VE15 > P10-PRP-VNT-VE16 > P10-PRP-VNT-VE17 > P10-PRP-VNT-VE18 > P10-PRP-VNT-VE19 > P10-PRP-VNT-VE20 > P10-PRP-VNT-VTEE02 > P10-PRP-EXP-E01 > P10-PRP-ALM-AE01 > P10-PRP-BMB-EBLI01 > P10-PRP-BMB-EBLE01 > P10-PRP-VNT-VRA01 > P10-PRP-EXP-E02 > P10-PRP-ALM-AE02 > P10-PRP-BMB-EBLI02 > P10-PRP-BMB-EBLE02 > P10-PRP-VNT-VRA02 > P10-PRP-EXP-E03 > P10-PRP-ALM-AE03 > P10-PRP-BMB-EBLI03 > P10-PRP-BMB-EBLE03 > P10-PRP-VNT-VRA03 > P10-PRP-EXP-E04 > P10-PRP-ALM-AE04 > P10-PRP-BMB-EBLI04 > P10-PRP-BMB-EBLE04 > P10-PRP-VNT-VRA04 > P10-PRP-EXP-E05 > P10-PRP-ALM-AE05 > P10-PRP-BMB-EBLI05 > P10-PRP-BMB-EBLE05 > P10-PRP-VNT-VRA05 > P10-PRP-EXP-E06 > P10-PRP-ALM-AE06 > P10-PRP-BMB-EBLI06 > P10-PRP-BMB-EBLE06 > P10-PRP-VNT-VRA06 > P10-PRP-RSC-SF10 || 369188:50:P10 > P10-PRP-LGC-PREPARACION > P10-PRP-LGC-BEAN > P10-PRP-BHT-BH01 > P10-PRP-ART-BHART01 > P10-PRP-BSC-BHD01 > P10-PRP-VLV-BHA01 > P10-PRP-VLV-VSBH01 > P10-PRP-VLV-VGBH01N > P10-PRP-VLV-VGBH01S > P10-PRP-VNT-VE05 > P10-PRP-CCL-CVE05 > P10-PRP-VLV-VR05 > P10-PRP-BHT-BH02 > P10-PRP-ART-BHART02 > P10-PRP-BSC-BHD02 > P10-PRP-VLV-BHA02 > P10-PRP-VLV-VSBH02 > P10-PRP-VLV-VGBH02N > P10-PRP-VLV-VGBH02S > P10-PRP-VNT-VE06 > P10-PRP-CCL-CVE06 > P10-PRP-VLV-VR06 > P10-PRP-BHT-BH03 > P10-PRP-ART-BHART03 > P10-PRP-BSC-BHD03 > P10-PRP-VLV-BHA03 > P10-PRP-VLV-VSBH03 > P10-PRP-VLV-VGBH03N > P10-PRP-VLV-VGBH03S > P10-PRP-VNT-VE07 > P10-PRP-CCL-CVE07 > P10-PRP-VLV-VR07 > P10-PRP-BMB-BBH01 > P10-PRP-BMB-BBH02 > P10-PRP-SPR-SEPGOT || 227527:50:P10 > P10-SRV-LGC-SERVICIOS > P10-SRV-CLD-CMB > P10-SRV-BMB-BO01 > P10-SRV-BMB-BO02 > P10-SRV-BMB-BO39 > P10-SRV-BMB-BO38 > P10-SRV-BMB-BO45 > P10-SRV-BMB-BO44 > P10-SRV-BMB-BO42 > P10-SRV-BMB-BO43 > P10-SRV-BMB-BO52 > P10-SRV-CLC-COLECTOR > P10-SRV-LGC-VALV > P10-SRV-VLV-CCV-001 > P10-SRV-VLV-PCV-001 > P10-SRV-VLV-SGR > P10-SRV-VLV-LCV-001 > P10-SRV-VLV-PCV-003 > P10-SRV-VLV-SOV-002 > P10-SRV-VLV-SOV-001 > P10-SRV-VLV-SOV-004 > P10-SRV-VLV-SOV-003 > P10-SRV-FLT-FG02 > P10-SRV-MGN-MAGNETROL > P10-SRV-SPL-SH01 > P10-SRV-SPL-SH02 > P10-SRV-SPL-SH03 > P10-SRV-SPL-SH04 > P10-SRV-TNQ-TKFLASH > P10-SRV-TNQ-TKRESERVA > P10-SRV-TNQ-TKDESAIREADOR > P10-SRV-VLV-LCV-002 > P10-SRV-VLV-PCV-004 > P10-SRV-VNT-VTF01 || 282997:50:P10 > P10-EXT-LGC-EXTRACCION > P10-EXT-LGC-DESGOMADO > P10-EXT-BMB-PSODA > P10-EXT-BMB-P435A > P10-EXT-CLT-HX445 > P10-EXT-DSG-C425 > P10-EXT-DSG-C430 > P10-EXT-DSG-C435 > P10-EXT-ENF-HX460 > P10-EXT-INT-HX440 > P10-EXT-BMB-P439 > P10-EXT-SCD-V450 > P10-EXT-BMB-P450 > P10-EXT-TNQ-V415 > P10-EXT-BMB-P415 > P10-EXT-TNQ-HX435 > P10-EXT-BMB-P435 > P10-EXT-TNQ-V495 > P10-EXT-BMB-P491 > P10-EXT-TNQ-V410 > P10-EXT-AGT-A420C > P10-EXT-BMB-P410 > P10-EXT-TNQ-V420 > P10-EXT-AGT-A420 > P10-EXT-VLV-VSA420 > P10-EXT-TNQ-V420B > P10-EXT-TNQ-TK492 > P10-EXT-BMB-P492 > P10-EXT-VLV-SOV430 > P10-EXT-VLV-SOV426 || 281069:50:P10 > P10-PRP-LGC-PREPARACION > P10-PRP-LGC-QUEBRADORES > P10-PRP-QBR-Q01 > P10-PRP-ALM-AQ01 > P10-PRP-QBR-Q02 > P10-PRP-ALM-AQ02 > P10-PRP-QBR-Q03 > P10-PRP-ALM-AQ03 > P10-PRP-QBR-Q04 > P10-PRP-ALM-AQ04 > P10-PRP-QBR-Q05 > P10-PRP-ALM-AQ05 > P10-PRP-QBR-Q06 > P10-PRP-ALM-AQ06 > P10-PRP-QBR-Q07 > P10-PRP-ALM-AQ07 > P10-PRP-QBR-Q08 > P10-PRP-ALM-AQ08 > P10-PRP-QBR-Q09 > P10-PRP-ALM-AQ09 > P10-PRP-QBR-Q10 > P10-PRP-ALM-AQ10 > P10-PRP-RSC-SF14 > P10-PRP-VLV-VR18 > P10-PRP-RSC-SF02 > P10-PRP-VNT-VE08 > P10-PRP-CCL-CVE08 > P10-PRP-VLV-VR08 || ... +56,,"Código repetido en Project 3 veces. Scoring ambiguo: mejor=200, segundo=200, diferencia=0.",P10,P10-GRL-LGC-EQUIPOS,P10-SRA-BMB-BO70,P10-SRA-BMB-JOCKEY,P10-SRA-BMB-BOIN,P10-SRA-MTD-MDBOIN,P10-SRA-SLA-SALA,P10-SRA-VLV-VSBOIN,P10-GRL-SRN-SIRPRP,P10-SRA-TNQ-TKRED,P10-SRA-BMB-DOSIF,,,,,,,,,,,,,,,,,,,,,,,,,,,,,,,,,,,,,,,,,,,,,,,,,,,,,,,,,,,,,,,,,,,,,,hay más de un contenedor candidato
contenedor_duplicado,contenedor,P10-LGC-ZONA,EQUIPOS DE ZONA ELECTRICA O1,883,3,883,P10-LGC-EQUIPOS LOGICOS,P10-LGC-EQUIPOS,P10-LGC-EQUIPOS,P10 > P10-LGC-EQUIPOS LOGICOS,P10 > P10-LGC-EQUIPOS LOGICOS > P10-LGC-ZONA ELE O1,281343,a027b4da-4e9c-44ad-b607-5fb48d4c7061-00044aff,Cubiertas,,Genérico - 400 mm,Genérico - 400 mm,P10-PRP-LGC-LAMINADORES,P10 > P10-PRP-LGC-PREPARACION > P10-PRP-LGC-LAMINADORES > P10-PRP-CHD-LCH01 > P10-PRP-CHD-LCH02 > P10-PRP-CHD-LCH03 > P10-PRP-CHD-LCH04 > P10-PRP-LMN-LF01 > P10-PRP-ALM-ALF01 > P10-PRP-CHD-LFBH01 > P10-PRP-LMN-L01 > P10-PRP-ALM-AL01 > P10-PRP-LMN-L02 > P10-PRP-ALM-AL02 > P10-PRP-LMN-L03 > P10-PRP-ALM-AL03 > P10-PRP-LMN-L04 > P10-PRP-ALM-AL04 > P10-PRP-LMN-L05 > P10-PRP-ALM-AL05 > P10-PRP-LMN-L06 > P10-PRP-ALM-AL06 > P10-PRP-LMN-L07 > P10-PRP-ALM-AL07 > P10-PRP-LMN-L08 > P10-PRP-ALM-AL08 > P10-PRP-LMN-L09 > P10-PRP-ALM-AL09 > P10-PRP-LMN-L10 > P10-PRP-ALM-AL10 > P10-PRP-LMN-L11 > P10-PRP-ALM-AL11 > P10-PRP-LMN-L12 > P10-PRP-ALM-AL12 > P10-PRP-LMN-L13 > P10-PRP-ALM-AL13 > P10-PRP-LMN-L14 > P10-PRP-ALM-AL14 > P10-PRP-LMN-L15 > P10-PRP-ALM-AL15 > P10-PRP-LMN-L16 > P10-PRP-ALM-AL16 > P10-PRP-LMN-L17 > P10-PRP-ALM-AL17 > P10-PRP-LMN-L18 > P10-PRP-ALM-AL18 > P10-PRP-LMN-L19 > P10-PRP-ALM-AL19 > P10-PRP-LMN-L20 > P10-PRP-ALM-AL20 > P10-PRP-LMN-L21 > P10-PRP-ALM-AL21 > P10-PRP-LMN-L22 > P10-PRP-ALM-AL22 > P10-PRP-RCT-REC01 > P10-PRP-RCT-REC02 > P10-PRP-VNT-VE10 > P10-PRP-CCL-CVE10 > P10-PRP-RSC-SF12 > P10-PRP-VLV-VR10 > P10-PRP-VNT-VE11 > P10-PRP-CCL-CVE11 > P10-PRP-RSC-SF13 > P10-PRP-VLV-VR11,contenedor_scoring,281343,a027b4da-4e9c-44ad-b607-5fb48d4c7061-00044aff,P10 > P10-PRP-LGC-PREPARACION > P10-PRP-LGC-LAMINADORES > P10-PRP-CHD-LCH01 > P10-PRP-CHD-LCH02 > P10-PRP-CHD-LCH03 > P10-PRP-CHD-LCH04 > P10-PRP-LMN-LF01 > P10-PRP-ALM-ALF01 > P10-PRP-CHD-LFBH01 > P10-PRP-LMN-L01 > P10-PRP-ALM-AL01 > P10-PRP-LMN-L02 > P10-PRP-ALM-AL02 > P10-PRP-LMN-L03 > P10-PRP-ALM-AL03 > P10-PRP-LMN-L04 > P10-PRP-ALM-AL04 > P10-PRP-LMN-L05 > P10-PRP-ALM-AL05 > P10-PRP-LMN-L06 > P10-PRP-ALM-AL06 > P10-PRP-LMN-L07 > P10-PRP-ALM-AL07 > P10-PRP-LMN-L08 > P10-PRP-ALM-AL08 > P10-PRP-LMN-L09 > P10-PRP-ALM-AL09 > P10-PRP-LMN-L10 > P10-PRP-ALM-AL10 > P10-PRP-LMN-L11 > P10-PRP-ALM-AL11 > P10-PRP-LMN-L12 > P10-PRP-ALM-AL12 > P10-PRP-LMN-L13 > P10-PRP-ALM-AL13 > P10-PRP-LMN-L14 > P10-PRP-ALM-AL14 > P10-PRP-LMN-L15 > P10-PRP-ALM-AL15 > P10-PRP-LMN-L16 > P10-PRP-ALM-AL16 > P10-PRP-LMN-L17 > P10-PRP-ALM-AL17 > P10-PRP-LMN-L18 > P10-PRP-ALM-AL18 > P10-PRP-LMN-L19 > P10-PRP-ALM-AL19 > P10-PRP-LMN-L20 > P10-PRP-ALM-AL20 > P10-PRP-LMN-L21 > P10-PRP-ALM-AL21 > P10-PRP-LMN-L22 > P10-PRP-ALM-AL22 > P10-PRP-RCT-REC01 > P10-PRP-RCT-REC02 > P10-PRP-VNT-VE10 > P10-PRP-CCL-CVE10 > P10-PRP-RSC-SF12 > P10-PRP-VLV-VR10 > P10-PRP-VNT-VE11 > P10-PRP-CCL-CVE11 > P10-PRP-RSC-SF13 > P10-PRP-VLV-VR11,64,16,NO,50,50,0,+40 contiene P10-LGC; +20 contiene P10; +20 bloques en path; -30 otro sector (PRP),281343:50:P10 > P10-PRP-LGC-PREPARACION > P10-PRP-LGC-LAMINADORES > P10-PRP-CHD-LCH01 > P10-PRP-CHD-LCH02 > P10-PRP-CHD-LCH03 > P10-PRP-CHD-LCH04 > P10-PRP-LMN-LF01 > P10-PRP-ALM-ALF01 > P10-PRP-CHD-LFBH01 > P10-PRP-LMN-L01 > P10-PRP-ALM-AL01 > P10-PRP-LMN-L02 > P10-PRP-ALM-AL02 > P10-PRP-LMN-L03 > P10-PRP-ALM-AL03 > P10-PRP-LMN-L04 > P10-PRP-ALM-AL04 > P10-PRP-LMN-L05 > P10-PRP-ALM-AL05 > P10-PRP-LMN-L06 > P10-PRP-ALM-AL06 > P10-PRP-LMN-L07 > P10-PRP-ALM-AL07 > P10-PRP-LMN-L08 > P10-PRP-ALM-AL08 > P10-PRP-LMN-L09 > P10-PRP-ALM-AL09 > P10-PRP-LMN-L10 > P10-PRP-ALM-AL10 > P10-PRP-LMN-L11 > P10-PRP-ALM-AL11 > P10-PRP-LMN-L12 > P10-PRP-ALM-AL12 > P10-PRP-LMN-L13 > P10-PRP-ALM-AL13 > P10-PRP-LMN-L14 > P10-PRP-ALM-AL14 > P10-PRP-LMN-L15 > P10-PRP-ALM-AL15 > P10-PRP-LMN-L16 > P10-PRP-ALM-AL16 > P10-PRP-LMN-L17 > P10-PRP-ALM-AL17 > P10-PRP-LMN-L18 > P10-PRP-ALM-AL18 > P10-PRP-LMN-L19 > P10-PRP-ALM-AL19 > P10-PRP-LMN-L20 > P10-PRP-ALM-AL20 > P10-PRP-LMN-L21 > P10-PRP-ALM-AL21 > P10-PRP-LMN-L22 > P10-PRP-ALM-AL22 > P10-PRP-RCT-REC01 > P10-PRP-RCT-REC02 > P10-PRP-VNT-VE10 > P10-PRP-CCL-CVE10 > P10-PRP-RSC-SF12 > P10-PRP-VLV-VR10 > P10-PRP-VNT-VE11 > P10-PRP-CCL-CVE11 > P10-PRP-RSC-SF13 > P10-PRP-VLV-VR11 || 281220:50:P10 > P10-PRP-LGC-PREPARACION > P10-PRP-LGC-EXPANDIDO > P10-PRP-ENF-EE01 > P10-PRP-VLV-VREE1 > P10-PRP-VNT-VE21 > P10-PRP-VNT-VE22 > P10-PRP-VNT-VE23 > P10-PRP-VNT-VE24 > P10-PRP-VNT-VE25 > P10-PRP-VNT-VE26 > P10-PRP-VNT-VTEE01 > P10-PRP-ENF-EE02 > P10-PRP-VLV-VREE2 > P10-PRP-VNT-VE15 > P10-PRP-VNT-VE16 > P10-PRP-VNT-VE17 > P10-PRP-VNT-VE18 > P10-PRP-VNT-VE19 > P10-PRP-VNT-VE20 > P10-PRP-VNT-VTEE02 > P10-PRP-EXP-E01 > P10-PRP-ALM-AE01 > P10-PRP-BMB-EBLI01 > P10-PRP-BMB-EBLE01 > P10-PRP-VNT-VRA01 > P10-PRP-EXP-E02 > P10-PRP-ALM-AE02 > P10-PRP-BMB-EBLI02 > P10-PRP-BMB-EBLE02 > P10-PRP-VNT-VRA02 > P10-PRP-EXP-E03 > P10-PRP-ALM-AE03 > P10-PRP-BMB-EBLI03 > P10-PRP-BMB-EBLE03 > P10-PRP-VNT-VRA03 > P10-PRP-EXP-E04 > P10-PRP-ALM-AE04 > P10-PRP-BMB-EBLI04 > P10-PRP-BMB-EBLE04 > P10-PRP-VNT-VRA04 > P10-PRP-EXP-E05 > P10-PRP-ALM-AE05 > P10-PRP-BMB-EBLI05 > P10-PRP-BMB-EBLE05 > P10-PRP-VNT-VRA05 > P10-PRP-EXP-E06 > P10-PRP-ALM-AE06 > P10-PRP-BMB-EBLI06 > P10-PRP-BMB-EBLE06 > P10-PRP-VNT-VRA06 > P10-PRP-RSC-SF10 || 369188:50:P10 > P10-PRP-LGC-PREPARACION > P10-PRP-LGC-BEAN > P10-PRP-BHT-BH01 > P10-PRP-ART-BHART01 > P10-PRP-BSC-BHD01 > P10-PRP-VLV-BHA01 > P10-PRP-VLV-VSBH01 > P10-PRP-VLV-VGBH01N > P10-PRP-VLV-VGBH01S > P10-PRP-VNT-VE05 > P10-PRP-CCL-CVE05 > P10-PRP-VLV-VR05 > P10-PRP-BHT-BH02 > P10-PRP-ART-BHART02 > P10-PRP-BSC-BHD02 > P10-PRP-VLV-BHA02 > P10-PRP-VLV-VSBH02 > P10-PRP-VLV-VGBH02N > P10-PRP-VLV-VGBH02S > P10-PRP-VNT-VE06 > P10-PRP-CCL-CVE06 > P10-PRP-VLV-VR06 > P10-PRP-BHT-BH03 > P10-PRP-ART-BHART03 > P10-PRP-BSC-BHD03 > P10-PRP-VLV-BHA03 > P10-PRP-VLV-VSBH03 > P10-PRP-VLV-VGBH03N > P10-PRP-VLV-VGBH03S > P10-PRP-VNT-VE07 > P10-PRP-CCL-CVE07 > P10-PRP-VLV-VR07 > P10-PRP-BMB-BBH01 > P10-PRP-BMB-BBH02 > P10-PRP-SPR-SEPGOT || 227527:50:P10 > P10-SRV-LGC-SERVICIOS > P10-SRV-CLD-CMB > P10-SRV-BMB-BO01 > P10-SRV-BMB-BO02 > P10-SRV-BMB-BO39 > P10-SRV-BMB-BO38 > P10-SRV-BMB-BO45 > P10-SRV-BMB-BO44 > P10-SRV-BMB-BO42 > P10-SRV-BMB-BO43 > P10-SRV-BMB-BO52 > P10-SRV-CLC-COLECTOR > P10-SRV-LGC-VALV > P10-SRV-VLV-CCV-001 > P10-SRV-VLV-PCV-001 > P10-SRV-VLV-SGR > P10-SRV-VLV-LCV-001 > P10-SRV-VLV-PCV-003 > P10-SRV-VLV-SOV-002 > P10-SRV-VLV-SOV-001 > P10-SRV-VLV-SOV-004 > P10-SRV-VLV-SOV-003 > P10-SRV-FLT-FG02 > P10-SRV-MGN-MAGNETROL > P10-SRV-SPL-SH01 > P10-SRV-SPL-SH02 > P10-SRV-SPL-SH03 > P10-SRV-SPL-SH04 > P10-SRV-TNQ-TKFLASH > P10-SRV-TNQ-TKRESERVA > P10-SRV-TNQ-TKDESAIREADOR > P10-SRV-VLV-LCV-002 > P10-SRV-VLV-PCV-004 > P10-SRV-VNT-VTF01 || 282997:50:P10 > P10-EXT-LGC-EXTRACCION > P10-EXT-LGC-DESGOMADO > P10-EXT-BMB-PSODA > P10-EXT-BMB-P435A > P10-EXT-CLT-HX445 > P10-EXT-DSG-C425 > P10-EXT-DSG-C430 > P10-EXT-DSG-C435 > P10-EXT-ENF-HX460 > P10-EXT-INT-HX440 > P10-EXT-BMB-P439 > P10-EXT-SCD-V450 > P10-EXT-BMB-P450 > P10-EXT-TNQ-V415 > P10-EXT-BMB-P415 > P10-EXT-TNQ-HX435 > P10-EXT-BMB-P435 > P10-EXT-TNQ-V495 > P10-EXT-BMB-P491 > P10-EXT-TNQ-V410 > P10-EXT-AGT-A420C > P10-EXT-BMB-P410 > P10-EXT-TNQ-V420 > P10-EXT-AGT-A420 > P10-EXT-VLV-VSA420 > P10-EXT-TNQ-V420B > P10-EXT-TNQ-TK492 > P10-EXT-BMB-P492 > P10-EXT-VLV-SOV430 > P10-EXT-VLV-SOV426 || 281069:50:P10 > P10-PRP-LGC-PREPARACION > P10-PRP-LGC-QUEBRADORES > P10-PRP-QBR-Q01 > P10-PRP-ALM-AQ01 > P10-PRP-QBR-Q02 > P10-PRP-ALM-AQ02 > P10-PRP-QBR-Q03 > P10-PRP-ALM-AQ03 > P10-PRP-QBR-Q04 > P10-PRP-ALM-AQ04 > P10-PRP-QBR-Q05 > P10-PRP-ALM-AQ05 > P10-PRP-QBR-Q06 > P10-PRP-ALM-AQ06 > P10-PRP-QBR-Q07 > P10-PRP-ALM-AQ07 > P10-PRP-QBR-Q08 > P10-PRP-ALM-AQ08 > P10-PRP-QBR-Q09 > P10-PRP-ALM-AQ09 > P10-PRP-QBR-Q10 > P10-PRP-ALM-AQ10 > P10-PRP-RSC-SF14 > P10-PRP-VLV-VR18 > P10-PRP-RSC-SF02 > P10-PRP-VNT-VE08 > P10-PRP-CCL-CVE08 > P10-PRP-VLV-VR08 || 282656:50:P10 > P10-EXT-LGC-EXTRACCION > P10-EXT-TST-DT250 > P10-EXT-CND-HX303 > P10-EXT-LGC-VLV > P10-EXT-VLV-PRV259 > P10-EXT-VLV-PRV258 > P10-EXT-VLV-PRV260 > P10-EXT-MND-M250A > P10-EXT-RDC-RDT250 > P10-EXT-BMB-P250 > P10-EXT-TNQ-V480 > P10-EXT-BMB-P490 > P10-EXT-BMB-P481 > P10-EXT-BMB-P482 > P10-EXT-TNQ-V262 > P10-EXT-TNQ-V475 > P10-EXT-VLV-SOV250 > P10-EXT-VLV-RV255A > P10-EXT-VLV-RV255B > P10-EXT-VLV-RV256A > P10-EXT-VLV-RV256B > P10-EXT-VLV-RV257A > P10-EXT-VLV-RV257B > P10-EXT-VLV-RV258A > P10-EXT-VLV-RV258B > P10-EXT-VLV-RV259 > P10-EXT-VLV-RV260 > P10-EXT-VLV-SOV252 || 282755:50:P10 > P10-EXT-LGC-EXTRACCION > P10-EXT-EXT-M202 > P10-EXT-LGC-HIDROCICLONES > P10-EXT-HDR-HCP01 > P10-EXT-HDR-HCP02 > P10-EXT-HDR-HCP03 > P10-EXT-HDR-HCS01E > P10-EXT-HDR-HCS01O > P10-EXT-HDR-HCS02E > P10-EXT-HDR-HCS02O > P10-EXT-HDR-HCS03E > P10-EXT-HDR-HCS03O > P10-EXT-HDR-HCS04E > P10-EXT-HDR-HCS04O > P10-EXT-HDR-HCS05E > P10-EXT-HDR-HCS05O > P10-EXT-HDR-HCS06E > P10-EXT-HDR-HCS06O > P10-EXT-HDR-HCS07E > P10-EXT-HDR-HCS07O > P10-EXT-HDR-HCS08E > P10-EXT-HDR-HCS08O > P10-EXT-HDR-HCS09E > P10-EXT-HDR-HCS09O > P10-EXT-HDR-HCS10E > P10-EXT-HDR-HCS10O || ... +56,,"Código repetido en Project 8 veces. Scoring ambiguo: mejor=50, segundo=50, diferencia=0.",P10,P10-PRP-LGC-PREPARACION,P10-PRP-LGC-LAMINADORES,P10-PRP-CHD-LCH01,P10-PRP-CHD-LCH02,P10-PRP-CHD-LCH03,P10-PRP-CHD-LCH04,P10-PRP-LMN-LF01,P10-PRP-ALM-ALF01,P10-PRP-CHD-LFBH01,P10-PRP-LMN-L01,P10-PRP-ALM-AL01,P10-PRP-LMN-L02,P10-PRP-ALM-AL02,P10-PRP-LMN-L03,P10-PRP-ALM-AL03,P10-PRP-LMN-L04,P10-PRP-ALM-AL04,P10-PRP-LMN-L05,P10-PRP-ALM-AL05,P10-PRP-LMN-L06,P10-PRP-ALM-AL06,P10-PRP-LMN-L07,P10-PRP-ALM-AL07,P10-PRP-LMN-L08,P10-PRP-ALM-AL08,P10-PRP-LMN-L09,P10-PRP-ALM-AL09,P10-PRP-LMN-L10,P10-PRP-ALM-AL10,P10-PRP-LMN-L11,P10-PRP-ALM-AL11,P10-PRP-LMN-L12,P10-PRP-ALM-AL12,P10-PRP-LMN-L13,P10-PRP-ALM-AL13,P10-PRP-LMN-L14,P10-PRP-ALM-AL14,P10-PRP-LMN-L15,P10-PRP-ALM-AL15,P10-PRP-LMN-L16,P10-PRP-ALM-AL16,P10-PRP-LMN-L17,P10-PRP-ALM-AL17,P10-PRP-LMN-L18,P10-PRP-ALM-AL18,P10-PRP-LMN-L19,P10-PRP-ALM-AL19,P10-PRP-LMN-L20,P10-PRP-ALM-AL20,P10-PRP-LMN-L21,P10-PRP-ALM-AL21,P10-PRP-LMN-L22,P10-PRP-ALM-AL22,P10-PRP-RCT-REC01,P10-PRP-RCT-REC02,P10-PRP-VNT-VE10,P10-PRP-CCL-CVE10,P10-PRP-RSC-SF12,P10-PRP-VLV-VR10,P10-PRP-VNT-VE11,P10-PRP-CCL-CVE11,P10-PRP-RSC-SF13,P10-PRP-VLV-VR11,,,,,,,,,,,,,,,,,hay más de un contenedor candidato
contenedor_duplicado,contenedor,P10-LGC-RUTAS,RUTAS DE LUBRICACION P10,891,3,891,P10-LGC-EQUIPOS LOGICOS,P10-LGC-EQUIPOS,P10-LGC-EQUIPOS,P10 > P10-LGC-EQUIPOS LOGICOS,P10 > P10-LGC-EQUIPOS LOGICOS > P10-LGC-RUTAS DE LUBRICACION,281343,a027b4da-4e9c-44ad-b607-5fb48d4c7061-00044aff,Cubiertas,,Genérico - 400 mm,Genérico - 400 mm,P10-PRP-LGC-LAMINADORES,P10 > P10-PRP-LGC-PREPARACION > P10-PRP-LGC-LAMINADORES > P10-PRP-CHD-LCH01 > P10-PRP-CHD-LCH02 > P10-PRP-CHD-LCH03 > P10-PRP-CHD-LCH04 > P10-PRP-LMN-LF01 > P10-PRP-ALM-ALF01 > P10-PRP-CHD-LFBH01 > P10-PRP-LMN-L01 > P10-PRP-ALM-AL01 > P10-PRP-LMN-L02 > P10-PRP-ALM-AL02 > P10-PRP-LMN-L03 > P10-PRP-ALM-AL03 > P10-PRP-LMN-L04 > P10-PRP-ALM-AL04 > P10-PRP-LMN-L05 > P10-PRP-ALM-AL05 > P10-PRP-LMN-L06 > P10-PRP-ALM-AL06 > P10-PRP-LMN-L07 > P10-PRP-ALM-AL07 > P10-PRP-LMN-L08 > P10-PRP-ALM-AL08 > P10-PRP-LMN-L09 > P10-PRP-ALM-AL09 > P10-PRP-LMN-L10 > P10-PRP-ALM-AL10 > P10-PRP-LMN-L11 > P10-PRP-ALM-AL11 > P10-PRP-LMN-L12 > P10-PRP-ALM-AL12 > P10-PRP-LMN-L13 > P10-PRP-ALM-AL13 > P10-PRP-LMN-L14 > P10-PRP-ALM-AL14 > P10-PRP-LMN-L15 > P10-PRP-ALM-AL15 > P10-PRP-LMN-L16 > P10-PRP-ALM-AL16 > P10-PRP-LMN-L17 > P10-PRP-ALM-AL17 > P10-PRP-LMN-L18 > P10-PRP-ALM-AL18 > P10-PRP-LMN-L19 > P10-PRP-ALM-AL19 > P10-PRP-LMN-L20 > P10-PRP-ALM-AL20 > P10-PRP-LMN-L21 > P10-PRP-ALM-AL21 > P10-PRP-LMN-L22 > P10-PRP-ALM-AL22 > P10-PRP-RCT-REC01 > P10-PRP-RCT-REC02 > P10-PRP-VNT-VE10 > P10-PRP-CCL-CVE10 > P10-PRP-RSC-SF12 > P10-PRP-VLV-VR10 > P10-PRP-VNT-VE11 > P10-PRP-CCL-CVE11 > P10-PRP-RSC-SF13 > P10-PRP-VLV-VR11,contenedor_scoring,281343,a027b4da-4e9c-44ad-b607-5fb48d4c7061-00044aff,P10 > P10-PRP-LGC-PREPARACION > P10-PRP-LGC-LAMINADORES > P10-PRP-CHD-LCH01 > P10-PRP-CHD-LCH02 > P10-PRP-CHD-LCH03 > P10-PRP-CHD-LCH04 > P10-PRP-LMN-LF01 > P10-PRP-ALM-ALF01 > P10-PRP-CHD-LFBH01 > P10-PRP-LMN-L01 > P10-PRP-ALM-AL01 > P10-PRP-LMN-L02 > P10-PRP-ALM-AL02 > P10-PRP-LMN-L03 > P10-PRP-ALM-AL03 > P10-PRP-LMN-L04 > P10-PRP-ALM-AL04 > P10-PRP-LMN-L05 > P10-PRP-ALM-AL05 > P10-PRP-LMN-L06 > P10-PRP-ALM-AL06 > P10-PRP-LMN-L07 > P10-PRP-ALM-AL07 > P10-PRP-LMN-L08 > P10-PRP-ALM-AL08 > P10-PRP-LMN-L09 > P10-PRP-ALM-AL09 > P10-PRP-LMN-L10 > P10-PRP-ALM-AL10 > P10-PRP-LMN-L11 > P10-PRP-ALM-AL11 > P10-PRP-LMN-L12 > P10-PRP-ALM-AL12 > P10-PRP-LMN-L13 > P10-PRP-ALM-AL13 > P10-PRP-LMN-L14 > P10-PRP-ALM-AL14 > P10-PRP-LMN-L15 > P10-PRP-ALM-AL15 > P10-PRP-LMN-L16 > P10-PRP-ALM-AL16 > P10-PRP-LMN-L17 > P10-PRP-ALM-AL17 > P10-PRP-LMN-L18 > P10-PRP-ALM-AL18 > P10-PRP-LMN-L19 > P10-PRP-ALM-AL19 > P10-PRP-LMN-L20 > P10-PRP-ALM-AL20 > P10-PRP-LMN-L21 > P10-PRP-ALM-AL21 > P10-PRP-LMN-L22 > P10-PRP-ALM-AL22 > P10-PRP-RCT-REC01 > P10-PRP-RCT-REC02 > P10-PRP-VNT-VE10 > P10-PRP-CCL-CVE10 > P10-PRP-RSC-SF12 > P10-PRP-VLV-VR10 > P10-PRP-VNT-VE11 > P10-PRP-CCL-CVE11 > P10-PRP-RSC-SF13 > P10-PRP-VLV-VR11,64,16,NO,50,50,0,+40 contiene P10-LGC; +20 contiene P10; +20 bloques en path; -30 otro sector (PRP),281343:50:P10 > P10-PRP-LGC-PREPARACION > P10-PRP-LGC-LAMINADORES > P10-PRP-CHD-LCH01 > P10-PRP-CHD-LCH02 > P10-PRP-CHD-LCH03 > P10-PRP-CHD-LCH04 > P10-PRP-LMN-LF01 > P10-PRP-ALM-ALF01 > P10-PRP-CHD-LFBH01 > P10-PRP-LMN-L01 > P10-PRP-ALM-AL01 > P10-PRP-LMN-L02 > P10-PRP-ALM-AL02 > P10-PRP-LMN-L03 > P10-PRP-ALM-AL03 > P10-PRP-LMN-L04 > P10-PRP-ALM-AL04 > P10-PRP-LMN-L05 > P10-PRP-ALM-AL05 > P10-PRP-LMN-L06 > P10-PRP-ALM-AL06 > P10-PRP-LMN-L07 > P10-PRP-ALM-AL07 > P10-PRP-LMN-L08 > P10-PRP-ALM-AL08 > P10-PRP-LMN-L09 > P10-PRP-ALM-AL09 > P10-PRP-LMN-L10 > P10-PRP-ALM-AL10 > P10-PRP-LMN-L11 > P10-PRP-ALM-AL11 > P10-PRP-LMN-L12 > P10-PRP-ALM-AL12 > P10-PRP-LMN-L13 > P10-PRP-ALM-AL13 > P10-PRP-LMN-L14 > P10-PRP-ALM-AL14 > P10-PRP-LMN-L15 > P10-PRP-ALM-AL15 > P10-PRP-LMN-L16 > P10-PRP-ALM-AL16 > P10-PRP-LMN-L17 > P10-PRP-ALM-AL17 > P10-PRP-LMN-L18 > P10-PRP-ALM-AL18 > P10-PRP-LMN-L19 > P10-PRP-ALM-AL19 > P10-PRP-LMN-L20 > P10-PRP-ALM-AL20 > P10-PRP-LMN-L21 > P10-PRP-ALM-AL21 > P10-PRP-LMN-L22 > P10-PRP-ALM-AL22 > P10-PRP-RCT-REC01 > P10-PRP-RCT-REC02 > P10-PRP-VNT-VE10 > P10-PRP-CCL-CVE10 > P10-PRP-RSC-SF12 > P10-PRP-VLV-VR10 > P10-PRP-VNT-VE11 > P10-PRP-CCL-CVE11 > P10-PRP-RSC-SF13 > P10-PRP-VLV-VR11 || 281220:50:P10 > P10-PRP-LGC-PREPARACION > P10-PRP-LGC-EXPANDIDO > P10-PRP-ENF-EE01 > P10-PRP-VLV-VREE1 > P10-PRP-VNT-VE21 > P10-PRP-VNT-VE22 > P10-PRP-VNT-VE23 > P10-PRP-VNT-VE24 > P10-PRP-VNT-VE25 > P10-PRP-VNT-VE26 > P10-PRP-VNT-VTEE01 > P10-PRP-ENF-EE02 > P10-PRP-VLV-VREE2 > P10-PRP-VNT-VE15 > P10-PRP-VNT-VE16 > P10-PRP-VNT-VE17 > P10-PRP-VNT-VE18 > P10-PRP-VNT-VE19 > P10-PRP-VNT-VE20 > P10-PRP-VNT-VTEE02 > P10-PRP-EXP-E01 > P10-PRP-ALM-AE01 > P10-PRP-BMB-EBLI01 > P10-PRP-BMB-EBLE01 > P10-PRP-VNT-VRA01 > P10-PRP-EXP-E02 > P10-PRP-ALM-AE02 > P10-PRP-BMB-EBLI02 > P10-PRP-BMB-EBLE02 > P10-PRP-VNT-VRA02 > P10-PRP-EXP-E03 > P10-PRP-ALM-AE03 > P10-PRP-BMB-EBLI03 > P10-PRP-BMB-EBLE03 > P10-PRP-VNT-VRA03 > P10-PRP-EXP-E04 > P10-PRP-ALM-AE04 > P10-PRP-BMB-EBLI04 > P10-PRP-BMB-EBLE04 > P10-PRP-VNT-VRA04 > P10-PRP-EXP-E05 > P10-PRP-ALM-AE05 > P10-PRP-BMB-EBLI05 > P10-PRP-BMB-EBLE05 > P10-PRP-VNT-VRA05 > P10-PRP-EXP-E06 > P10-PRP-ALM-AE06 > P10-PRP-BMB-EBLI06 > P10-PRP-BMB-EBLE06 > P10-PRP-VNT-VRA06 > P10-PRP-RSC-SF10 || 369188:50:P10 > P10-PRP-LGC-PREPARACION > P10-PRP-LGC-BEAN > P10-PRP-BHT-BH01 > P10-PRP-ART-BHART01 > P10-PRP-BSC-BHD01 > P10-PRP-VLV-BHA01 > P10-PRP-VLV-VSBH01 > P10-PRP-VLV-VGBH01N > P10-PRP-VLV-VGBH01S > P10-PRP-VNT-VE05 > P10-PRP-CCL-CVE05 > P10-PRP-VLV-VR05 > P10-PRP-BHT-BH02 > P10-PRP-ART-BHART02 > P10-PRP-BSC-BHD02 > P10-PRP-VLV-BHA02 > P10-PRP-VLV-VSBH02 > P10-PRP-VLV-VGBH02N > P10-PRP-VLV-VGBH02S > P10-PRP-VNT-VE06 > P10-PRP-CCL-CVE06 > P10-PRP-VLV-VR06 > P10-PRP-BHT-BH03 > P10-PRP-ART-BHART03 > P10-PRP-BSC-BHD03 > P10-PRP-VLV-BHA03 > P10-PRP-VLV-VSBH03 > P10-PRP-VLV-VGBH03N > P10-PRP-VLV-VGBH03S > P10-PRP-VNT-VE07 > P10-PRP-CCL-CVE07 > P10-PRP-VLV-VR07 > P10-PRP-BMB-BBH01 > P10-PRP-BMB-BBH02 > P10-PRP-SPR-SEPGOT || 227527:50:P10 > P10-SRV-LGC-SERVICIOS > P10-SRV-CLD-CMB > P10-SRV-BMB-BO01 > P10-SRV-BMB-BO02 > P10-SRV-BMB-BO39 > P10-SRV-BMB-BO38 > P10-SRV-BMB-BO45 > P10-SRV-BMB-BO44 > P10-SRV-BMB-BO42 > P10-SRV-BMB-BO43 > P10-SRV-BMB-BO52 > P10-SRV-CLC-COLECTOR > P10-SRV-LGC-VALV > P10-SRV-VLV-CCV-001 > P10-SRV-VLV-PCV-001 > P10-SRV-VLV-SGR > P10-SRV-VLV-LCV-001 > P10-SRV-VLV-PCV-003 > P10-SRV-VLV-SOV-002 > P10-SRV-VLV-SOV-001 > P10-SRV-VLV-SOV-004 > P10-SRV-VLV-SOV-003 > P10-SRV-FLT-FG02 > P10-SRV-MGN-MAGNETROL > P10-SRV-SPL-SH01 > P10-SRV-SPL-SH02 > P10-SRV-SPL-SH03 > P10-SRV-SPL-SH04 > P10-SRV-TNQ-TKFLASH > P10-SRV-TNQ-TKRESERVA > P10-SRV-TNQ-TKDESAIREADOR > P10-SRV-VLV-LCV-002 > P10-SRV-VLV-PCV-004 > P10-SRV-VNT-VTF01 || 282997:50:P10 > P10-EXT-LGC-EXTRACCION > P10-EXT-LGC-DESGOMADO > P10-EXT-BMB-PSODA > P10-EXT-BMB-P435A > P10-EXT-CLT-HX445 > P10-EXT-DSG-C425 > P10-EXT-DSG-C430 > P10-EXT-DSG-C435 > P10-EXT-ENF-HX460 > P10-EXT-INT-HX440 > P10-EXT-BMB-P439 > P10-EXT-SCD-V450 > P10-EXT-BMB-P450 > P10-EXT-TNQ-V415 > P10-EXT-BMB-P415 > P10-EXT-TNQ-HX435 > P10-EXT-BMB-P435 > P10-EXT-TNQ-V495 > P10-EXT-BMB-P491 > P10-EXT-TNQ-V410 > P10-EXT-AGT-A420C > P10-EXT-BMB-P410 > P10-EXT-TNQ-V420 > P10-EXT-AGT-A420 > P10-EXT-VLV-VSA420 > P10-EXT-TNQ-V420B > P10-EXT-TNQ-TK492 > P10-EXT-BMB-P492 > P10-EXT-VLV-SOV430 > P10-EXT-VLV-SOV426 || 281069:50:P10 > P10-PRP-LGC-PREPARACION > P10-PRP-LGC-QUEBRADORES > P10-PRP-QBR-Q01 > P10-PRP-ALM-AQ01 > P10-PRP-QBR-Q02 > P10-PRP-ALM-AQ02 > P10-PRP-QBR-Q03 > P10-PRP-ALM-AQ03 > P10-PRP-QBR-Q04 > P10-PRP-ALM-AQ04 > P10-PRP-QBR-Q05 > P10-PRP-ALM-AQ05 > P10-PRP-QBR-Q06 > P10-PRP-ALM-AQ06 > P10-PRP-QBR-Q07 > P10-PRP-ALM-AQ07 > P10-PRP-QBR-Q08 > P10-PRP-ALM-AQ08 > P10-PRP-QBR-Q09 > P10-PRP-ALM-AQ09 > P10-PRP-QBR-Q10 > P10-PRP-ALM-AQ10 > P10-PRP-RSC-SF14 > P10-PRP-VLV-VR18 > P10-PRP-RSC-SF02 > P10-PRP-VNT-VE08 > P10-PRP-CCL-CVE08 > P10-PRP-VLV-VR08 || 282656:50:P10 > P10-EXT-LGC-EXTRACCION > P10-EXT-TST-DT250 > P10-EXT-CND-HX303 > P10-EXT-LGC-VLV > P10-EXT-VLV-PRV259 > P10-EXT-VLV-PRV258 > P10-EXT-VLV-PRV260 > P10-EXT-MND-M250A > P10-EXT-RDC-RDT250 > P10-EXT-BMB-P250 > P10-EXT-TNQ-V480 > P10-EXT-BMB-P490 > P10-EXT-BMB-P481 > P10-EXT-BMB-P482 > P10-EXT-TNQ-V262 > P10-EXT-TNQ-V475 > P10-EXT-VLV-SOV250 > P10-EXT-VLV-RV255A > P10-EXT-VLV-RV255B > P10-EXT-VLV-RV256A > P10-EXT-VLV-RV256B > P10-EXT-VLV-RV257A > P10-EXT-VLV-RV257B > P10-EXT-VLV-RV258A > P10-EXT-VLV-RV258B > P10-EXT-VLV-RV259 > P10-EXT-VLV-RV260 > P10-EXT-VLV-SOV252 || 282755:50:P10 > P10-EXT-LGC-EXTRACCION > P10-EXT-EXT-M202 > P10-EXT-LGC-HIDROCICLONES > P10-EXT-HDR-HCP01 > P10-EXT-HDR-HCP02 > P10-EXT-HDR-HCP03 > P10-EXT-HDR-HCS01E > P10-EXT-HDR-HCS01O > P10-EXT-HDR-HCS02E > P10-EXT-HDR-HCS02O > P10-EXT-HDR-HCS03E > P10-EXT-HDR-HCS03O > P10-EXT-HDR-HCS04E > P10-EXT-HDR-HCS04O > P10-EXT-HDR-HCS05E > P10-EXT-HDR-HCS05O > P10-EXT-HDR-HCS06E > P10-EXT-HDR-HCS06O > P10-EXT-HDR-HCS07E > P10-EXT-HDR-HCS07O > P10-EXT-HDR-HCS08E > P10-EXT-HDR-HCS08O > P10-EXT-HDR-HCS09E > P10-EXT-HDR-HCS09O > P10-EXT-HDR-HCS10E > P10-EXT-HDR-HCS10O || ... +56,,"Código repetido en Project 2 veces. Scoring ambiguo: mejor=50, segundo=50, diferencia=0.",P10,P10-PRP-LGC-PREPARACION,P10-PRP-LGC-LAMINADORES,P10-PRP-CHD-LCH01,P10-PRP-CHD-LCH02,P10-PRP-CHD-LCH03,P10-PRP-CHD-LCH04,P10-PRP-LMN-LF01,P10-PRP-ALM-ALF01,P10-PRP-CHD-LFBH01,P10-PRP-LMN-L01,P10-PRP-ALM-AL01,P10-PRP-LMN-L02,P10-PRP-ALM-AL02,P10-PRP-LMN-L03,P10-PRP-ALM-AL03,P10-PRP-LMN-L04,P10-PRP-ALM-AL04,P10-PRP-LMN-L05,P10-PRP-ALM-AL05,P10-PRP-LMN-L06,P10-PRP-ALM-AL06,P10-PRP-LMN-L07,P10-PRP-ALM-AL07,P10-PRP-LMN-L08,P10-PRP-ALM-AL08,P10-PRP-LMN-L09,P10-PRP-ALM-AL09,P10-PRP-LMN-L10,P10-PRP-ALM-AL10,P10-PRP-LMN-L11,P10-PRP-ALM-AL11,P10-PRP-LMN-L12,P10-PRP-ALM-AL12,P10-PRP-LMN-L13,P10-PRP-ALM-AL13,P10-PRP-LMN-L14,P10-PRP-ALM-AL14,P10-PRP-LMN-L15,P10-PRP-ALM-AL15,P10-PRP-LMN-L16,P10-PRP-ALM-AL16,P10-PRP-LMN-L17,P10-PRP-ALM-AL17,P10-PRP-LMN-L18,P10-PRP-ALM-AL18,P10-PRP-LMN-L19,P10-PRP-ALM-AL19,P10-PRP-LMN-L20,P10-PRP-ALM-AL20,P10-PRP-LMN-L21,P10-PRP-ALM-AL21,P10-PRP-LMN-L22,P10-PRP-ALM-AL22,P10-PRP-RCT-REC01,P10-PRP-RCT-REC02,P10-PRP-VNT-VE10,P10-PRP-CCL-CVE10,P10-PRP-RSC-SF12,P10-PRP-VLV-VR10,P10-PRP-VNT-VE11,P10-PRP-CCL-CVE11,P10-PRP-RSC-SF13,P10-PRP-VLV-VR11,,,,,,,,,,,,,,,,,hay más de un contenedor candidato
contenedor_duplicado,contenedor,P10-GRL-LGC-MAQUINARIAS,MAQUINARIAS P10,893,2,893,P10,,,P10,P10 > P10-GRL-LGC-MAQUINARIAS,377972,c5ee6896-39ff-4562-be63-4682b50c65ca-0005c474,Cubiertas,,Genérico - 400 mm,Genérico - 400 mm,,P10 > P10-GRL-LGC-EQUIPOS > P10-SRA-BMB-BO70 > P10-SRA-BMB-JOCKEY > P10-SRA-BMB-BOIN > P10-SRA-MTD-MDBOIN > P10-SRA-SLA-SALA > P10-SRA-VLV-VSBOIN > P10-GRL-SRN-SIRPRP > P10-SRA-TNQ-TKRED > P10-SRA-BMB-DOSIF,contenedor_scoring,377972,c5ee6896-39ff-4562-be63-4682b50c65ca-0005c474,P10 > P10-GRL-LGC-EQUIPOS > P10-SRA-BMB-BO70 > P10-SRA-BMB-JOCKEY > P10-SRA-BMB-BOIN > P10-SRA-MTD-MDBOIN > P10-SRA-SLA-SALA > P10-SRA-VLV-VSBOIN > P10-GRL-SRN-SIRPRP > P10-SRA-TNQ-TKRED > P10-SRA-BMB-DOSIF,11,69,NO,230,230,0,+80 contiene P10-GRL-LGC; +60 equivalencia tipo LGC; +40 contiene P10-GRL; +20 contiene P10; +30 bloques en path,377972:230:P10 > P10-GRL-LGC-EQUIPOS > P10-SRA-BMB-BO70 > P10-SRA-BMB-JOCKEY > P10-SRA-BMB-BOIN > P10-SRA-MTD-MDBOIN > P10-SRA-SLA-SALA > P10-SRA-VLV-VSBOIN > P10-GRL-SRN-SIRPRP > P10-SRA-TNQ-TKRED > P10-SRA-BMB-DOSIF || 378523:230:P10 > P10-GRL-LGC-CCM > P10-CCM-CCM-CLD > P10-CCM-AIR-AIRCLD > P10-CCM-CMP-AC > P10-CCM-CCM-PELL > P10-CCM-CCM-EXT > P10-CCM-AIR-AIREXT > P10-CCM-CCM-PRP > P10-CCM-AIR-AIRPRP || 381172:230:P10 > P10-GRL-LGC-EQUIPOS > P10-APR-APA02 > P10-APR-APA04 > P10-APR-APA03 > P10-APR-APA01 > P10-APR-APA05 > P10-TLLM-GND-GND01 > P10-PRP-PRC-PERCHA || 281343:70:P10 > P10-PRP-LGC-PREPARACION > P10-PRP-LGC-LAMINADORES > P10-PRP-CHD-LCH01 > P10-PRP-CHD-LCH02 > P10-PRP-CHD-LCH03 > P10-PRP-CHD-LCH04 > P10-PRP-LMN-LF01 > P10-PRP-ALM-ALF01 > P10-PRP-CHD-LFBH01 > P10-PRP-LMN-L01 > P10-PRP-ALM-AL01 > P10-PRP-LMN-L02 > P10-PRP-ALM-AL02 > P10-PRP-LMN-L03 > P10-PRP-ALM-AL03 > P10-PRP-LMN-L04 > P10-PRP-ALM-AL04 > P10-PRP-LMN-L05 > P10-PRP-ALM-AL05 > P10-PRP-LMN-L06 > P10-PRP-ALM-AL06 > P10-PRP-LMN-L07 > P10-PRP-ALM-AL07 > P10-PRP-LMN-L08 > P10-PRP-ALM-AL08 > P10-PRP-LMN-L09 > P10-PRP-ALM-AL09 > P10-PRP-LMN-L10 > P10-PRP-ALM-AL10 > P10-PRP-LMN-L11 > P10-PRP-ALM-AL11 > P10-PRP-LMN-L12 > P10-PRP-ALM-AL12 > P10-PRP-LMN-L13 > P10-PRP-ALM-AL13 > P10-PRP-LMN-L14 > P10-PRP-ALM-AL14 > P10-PRP-LMN-L15 > P10-PRP-ALM-AL15 > P10-PRP-LMN-L16 > P10-PRP-ALM-AL16 > P10-PRP-LMN-L17 > P10-PRP-ALM-AL17 > P10-PRP-LMN-L18 > P10-PRP-ALM-AL18 > P10-PRP-LMN-L19 > P10-PRP-ALM-AL19 > P10-PRP-LMN-L20 > P10-PRP-ALM-AL20 > P10-PRP-LMN-L21 > P10-PRP-ALM-AL21 > P10-PRP-LMN-L22 > P10-PRP-ALM-AL22 > P10-PRP-RCT-REC01 > P10-PRP-RCT-REC02 > P10-PRP-VNT-VE10 > P10-PRP-CCL-CVE10 > P10-PRP-RSC-SF12 > P10-PRP-VLV-VR10 > P10-PRP-VNT-VE11 > P10-PRP-CCL-CVE11 > P10-PRP-RSC-SF13 > P10-PRP-VLV-VR11 || 281220:70:P10 > P10-PRP-LGC-PREPARACION > P10-PRP-LGC-EXPANDIDO > P10-PRP-ENF-EE01 > P10-PRP-VLV-VREE1 > P10-PRP-VNT-VE21 > P10-PRP-VNT-VE22 > P10-PRP-VNT-VE23 > P10-PRP-VNT-VE24 > P10-PRP-VNT-VE25 > P10-PRP-VNT-VE26 > P10-PRP-VNT-VTEE01 > P10-PRP-ENF-EE02 > P10-PRP-VLV-VREE2 > P10-PRP-VNT-VE15 > P10-PRP-VNT-VE16 > P10-PRP-VNT-VE17 > P10-PRP-VNT-VE18 > P10-PRP-VNT-VE19 > P10-PRP-VNT-VE20 > P10-PRP-VNT-VTEE02 > P10-PRP-EXP-E01 > P10-PRP-ALM-AE01 > P10-PRP-BMB-EBLI01 > P10-PRP-BMB-EBLE01 > P10-PRP-VNT-VRA01 > P10-PRP-EXP-E02 > P10-PRP-ALM-AE02 > P10-PRP-BMB-EBLI02 > P10-PRP-BMB-EBLE02 > P10-PRP-VNT-VRA02 > P10-PRP-EXP-E03 > P10-PRP-ALM-AE03 > P10-PRP-BMB-EBLI03 > P10-PRP-BMB-EBLE03 > P10-PRP-VNT-VRA03 > P10-PRP-EXP-E04 > P10-PRP-ALM-AE04 > P10-PRP-BMB-EBLI04 > P10-PRP-BMB-EBLE04 > P10-PRP-VNT-VRA04 > P10-PRP-EXP-E05 > P10-PRP-ALM-AE05 > P10-PRP-BMB-EBLI05 > P10-PRP-BMB-EBLE05 > P10-PRP-VNT-VRA05 > P10-PRP-EXP-E06 > P10-PRP-ALM-AE06 > P10-PRP-BMB-EBLI06 > P10-PRP-BMB-EBLE06 > P10-PRP-VNT-VRA06 > P10-PRP-RSC-SF10 || 369188:70:P10 > P10-PRP-LGC-PREPARACION > P10-PRP-LGC-BEAN > P10-PRP-BHT-BH01 > P10-PRP-ART-BHART01 > P10-PRP-BSC-BHD01 > P10-PRP-VLV-BHA01 > P10-PRP-VLV-VSBH01 > P10-PRP-VLV-VGBH01N > P10-PRP-VLV-VGBH01S > P10-PRP-VNT-VE05 > P10-PRP-CCL-CVE05 > P10-PRP-VLV-VR05 > P10-PRP-BHT-BH02 > P10-PRP-ART-BHART02 > P10-PRP-BSC-BHD02 > P10-PRP-VLV-BHA02 > P10-PRP-VLV-VSBH02 > P10-PRP-VLV-VGBH02N > P10-PRP-VLV-VGBH02S > P10-PRP-VNT-VE06 > P10-PRP-CCL-CVE06 > P10-PRP-VLV-VR06 > P10-PRP-BHT-BH03 > P10-PRP-ART-BHART03 > P10-PRP-BSC-BHD03 > P10-PRP-VLV-BHA03 > P10-PRP-VLV-VSBH03 > P10-PRP-VLV-VGBH03N > P10-PRP-VLV-VGBH03S > P10-PRP-VNT-VE07 > P10-PRP-CCL-CVE07 > P10-PRP-VLV-VR07 > P10-PRP-BMB-BBH01 > P10-PRP-BMB-BBH02 > P10-PRP-SPR-SEPGOT || 227527:70:P10 > P10-SRV-LGC-SERVICIOS > P10-SRV-CLD-CMB > P10-SRV-BMB-BO01 > P10-SRV-BMB-BO02 > P10-SRV-BMB-BO39 > P10-SRV-BMB-BO38 > P10-SRV-BMB-BO45 > P10-SRV-BMB-BO44 > P10-SRV-BMB-BO42 > P10-SRV-BMB-BO43 > P10-SRV-BMB-BO52 > P10-SRV-CLC-COLECTOR > P10-SRV-LGC-VALV > P10-SRV-VLV-CCV-001 > P10-SRV-VLV-PCV-001 > P10-SRV-VLV-SGR > P10-SRV-VLV-LCV-001 > P10-SRV-VLV-PCV-003 > P10-SRV-VLV-SOV-002 > P10-SRV-VLV-SOV-001 > P10-SRV-VLV-SOV-004 > P10-SRV-VLV-SOV-003 > P10-SRV-FLT-FG02 > P10-SRV-MGN-MAGNETROL > P10-SRV-SPL-SH01 > P10-SRV-SPL-SH02 > P10-SRV-SPL-SH03 > P10-SRV-SPL-SH04 > P10-SRV-TNQ-TKFLASH > P10-SRV-TNQ-TKRESERVA > P10-SRV-TNQ-TKDESAIREADOR > P10-SRV-VLV-LCV-002 > P10-SRV-VLV-PCV-004 > P10-SRV-VNT-VTF01 || 282997:70:P10 > P10-EXT-LGC-EXTRACCION > P10-EXT-LGC-DESGOMADO > P10-EXT-BMB-PSODA > P10-EXT-BMB-P435A > P10-EXT-CLT-HX445 > P10-EXT-DSG-C425 > P10-EXT-DSG-C430 > P10-EXT-DSG-C435 > P10-EXT-ENF-HX460 > P10-EXT-INT-HX440 > P10-EXT-BMB-P439 > P10-EXT-SCD-V450 > P10-EXT-BMB-P450 > P10-EXT-TNQ-V415 > P10-EXT-BMB-P415 > P10-EXT-TNQ-HX435 > P10-EXT-BMB-P435 > P10-EXT-TNQ-V495 > P10-EXT-BMB-P491 > P10-EXT-TNQ-V410 > P10-EXT-AGT-A420C > P10-EXT-BMB-P410 > P10-EXT-TNQ-V420 > P10-EXT-AGT-A420 > P10-EXT-VLV-VSA420 > P10-EXT-TNQ-V420B > P10-EXT-TNQ-TK492 > P10-EXT-BMB-P492 > P10-EXT-VLV-SOV430 > P10-EXT-VLV-SOV426 || ... +56,,"Scoring ambiguo: mejor=230, segundo=230, diferencia=0.",P10,P10-GRL-LGC-EQUIPOS,P10-SRA-BMB-BO70,P10-SRA-BMB-JOCKEY,P10-SRA-BMB-BOIN,P10-SRA-MTD-MDBOIN,P10-SRA-SLA-SALA,P10-SRA-VLV-VSBOIN,P10-GRL-SRN-SIRPRP,P10-SRA-TNQ-TKRED,P10-SRA-BMB-DOSIF,,,,,,,,,,,,,,,,,,,,,,,,,,,,,,,,,,,,,,,,,,,,,,,,,,,,,,,,,,,,,,,,,,,,,,hay más de un contenedor candidato
contenedor_duplicado,contenedor,P10-RPS-LGC-REPUESTOS,"REPUESTOS DE P10 EN STOCK, ACTIVOS MOVILES",895,2,895,P10,,,P10,P10 > P10-RPS-LGC-REPUESTOS,281343,a027b4da-4e9c-44ad-b607-5fb48d4c7061-00044aff,Cubiertas,,Genérico - 400 mm,Genérico - 400 mm,P10-PRP-LGC-LAMINADORES,P10 > P10-PRP-LGC-PREPARACION > P10-PRP-LGC-LAMINADORES > P10-PRP-CHD-LCH01 > P10-PRP-CHD-LCH02 > P10-PRP-CHD-LCH03 > P10-PRP-CHD-LCH04 > P10-PRP-LMN-LF01 > P10-PRP-ALM-ALF01 > P10-PRP-CHD-LFBH01 > P10-PRP-LMN-L01 > P10-PRP-ALM-AL01 > P10-PRP-LMN-L02 > P10-PRP-ALM-AL02 > P10-PRP-LMN-L03 > P10-PRP-ALM-AL03 > P10-PRP-LMN-L04 > P10-PRP-ALM-AL04 > P10-PRP-LMN-L05 > P10-PRP-ALM-AL05 > P10-PRP-LMN-L06 > P10-PRP-ALM-AL06 > P10-PRP-LMN-L07 > P10-PRP-ALM-AL07 > P10-PRP-LMN-L08 > P10-PRP-ALM-AL08 > P10-PRP-LMN-L09 > P10-PRP-ALM-AL09 > P10-PRP-LMN-L10 > P10-PRP-ALM-AL10 > P10-PRP-LMN-L11 > P10-PRP-ALM-AL11 > P10-PRP-LMN-L12 > P10-PRP-ALM-AL12 > P10-PRP-LMN-L13 > P10-PRP-ALM-AL13 > P10-PRP-LMN-L14 > P10-PRP-ALM-AL14 > P10-PRP-LMN-L15 > P10-PRP-ALM-AL15 > P10-PRP-LMN-L16 > P10-PRP-ALM-AL16 > P10-PRP-LMN-L17 > P10-PRP-ALM-AL17 > P10-PRP-LMN-L18 > P10-PRP-ALM-AL18 > P10-PRP-LMN-L19 > P10-PRP-ALM-AL19 > P10-PRP-LMN-L20 > P10-PRP-ALM-AL20 > P10-PRP-LMN-L21 > P10-PRP-ALM-AL21 > P10-PRP-LMN-L22 > P10-PRP-ALM-AL22 > P10-PRP-RCT-REC01 > P10-PRP-RCT-REC02 > P10-PRP-VNT-VE10 > P10-PRP-CCL-CVE10 > P10-PRP-RSC-SF12 > P10-PRP-VLV-VR10 > P10-PRP-VNT-VE11 > P10-PRP-CCL-CVE11 > P10-PRP-RSC-SF13 > P10-PRP-VLV-VR11,contenedor_scoring,281343,a027b4da-4e9c-44ad-b607-5fb48d4c7061-00044aff,P10 > P10-PRP-LGC-PREPARACION > P10-PRP-LGC-LAMINADORES > P10-PRP-CHD-LCH01 > P10-PRP-CHD-LCH02 > P10-PRP-CHD-LCH03 > P10-PRP-CHD-LCH04 > P10-PRP-LMN-LF01 > P10-PRP-ALM-ALF01 > P10-PRP-CHD-LFBH01 > P10-PRP-LMN-L01 > P10-PRP-ALM-AL01 > P10-PRP-LMN-L02 > P10-PRP-ALM-AL02 > P10-PRP-LMN-L03 > P10-PRP-ALM-AL03 > P10-PRP-LMN-L04 > P10-PRP-ALM-AL04 > P10-PRP-LMN-L05 > P10-PRP-ALM-AL05 > P10-PRP-LMN-L06 > P10-PRP-ALM-AL06 > P10-PRP-LMN-L07 > P10-PRP-ALM-AL07 > P10-PRP-LMN-L08 > P10-PRP-ALM-AL08 > P10-PRP-LMN-L09 > P10-PRP-ALM-AL09 > P10-PRP-LMN-L10 > P10-PRP-ALM-AL10 > P10-PRP-LMN-L11 > P10-PRP-ALM-AL11 > P10-PRP-LMN-L12 > P10-PRP-ALM-AL12 > P10-PRP-LMN-L13 > P10-PRP-ALM-AL13 > P10-PRP-LMN-L14 > P10-PRP-ALM-AL14 > P10-PRP-LMN-L15 > P10-PRP-ALM-AL15 > P10-PRP-LMN-L16 > P10-PRP-ALM-AL16 > P10-PRP-LMN-L17 > P10-PRP-ALM-AL17 > P10-PRP-LMN-L18 > P10-PRP-ALM-AL18 > P10-PRP-LMN-L19 > P10-PRP-ALM-AL19 > P10-PRP-LMN-L20 > P10-PRP-ALM-AL20 > P10-PRP-LMN-L21 > P10-PRP-ALM-AL21 > P10-PRP-LMN-L22 > P10-PRP-ALM-AL22 > P10-PRP-RCT-REC01 > P10-PRP-RCT-REC02 > P10-PRP-VNT-VE10 > P10-PRP-CCL-CVE10 > P10-PRP-RSC-SF12 > P10-PRP-VLV-VR10 > P10-PRP-VNT-VE11 > P10-PRP-CCL-CVE11 > P10-PRP-RSC-SF13 > P10-PRP-VLV-VR11,64,16,NO,70,70,0,+60 equivalencia tipo LGC; +20 contiene P10; +20 bloques en path; -30 otro sector (PRP),281343:70:P10 > P10-PRP-LGC-PREPARACION > P10-PRP-LGC-LAMINADORES > P10-PRP-CHD-LCH01 > P10-PRP-CHD-LCH02 > P10-PRP-CHD-LCH03 > P10-PRP-CHD-LCH04 > P10-PRP-LMN-LF01 > P10-PRP-ALM-ALF01 > P10-PRP-CHD-LFBH01 > P10-PRP-LMN-L01 > P10-PRP-ALM-AL01 > P10-PRP-LMN-L02 > P10-PRP-ALM-AL02 > P10-PRP-LMN-L03 > P10-PRP-ALM-AL03 > P10-PRP-LMN-L04 > P10-PRP-ALM-AL04 > P10-PRP-LMN-L05 > P10-PRP-ALM-AL05 > P10-PRP-LMN-L06 > P10-PRP-ALM-AL06 > P10-PRP-LMN-L07 > P10-PRP-ALM-AL07 > P10-PRP-LMN-L08 > P10-PRP-ALM-AL08 > P10-PRP-LMN-L09 > P10-PRP-ALM-AL09 > P10-PRP-LMN-L10 > P10-PRP-ALM-AL10 > P10-PRP-LMN-L11 > P10-PRP-ALM-AL11 > P10-PRP-LMN-L12 > P10-PRP-ALM-AL12 > P10-PRP-LMN-L13 > P10-PRP-ALM-AL13 > P10-PRP-LMN-L14 > P10-PRP-ALM-AL14 > P10-PRP-LMN-L15 > P10-PRP-ALM-AL15 > P10-PRP-LMN-L16 > P10-PRP-ALM-AL16 > P10-PRP-LMN-L17 > P10-PRP-ALM-AL17 > P10-PRP-LMN-L18 > P10-PRP-ALM-AL18 > P10-PRP-LMN-L19 > P10-PRP-ALM-AL19 > P10-PRP-LMN-L20 > P10-PRP-ALM-AL20 > P10-PRP-LMN-L21 > P10-PRP-ALM-AL21 > P10-PRP-LMN-L22 > P10-PRP-ALM-AL22 > P10-PRP-RCT-REC01 > P10-PRP-RCT-REC02 > P10-PRP-VNT-VE10 > P10-PRP-CCL-CVE10 > P10-PRP-RSC-SF12 > P10-PRP-VLV-VR10 > P10-PRP-VNT-VE11 > P10-PRP-CCL-CVE11 > P10-PRP-RSC-SF13 > P10-PRP-VLV-VR11 || 281220:70:P10 > P10-PRP-LGC-PREPARACION > P10-PRP-LGC-EXPANDIDO > P10-PRP-ENF-EE01 > P10-PRP-VLV-VREE1 > P10-PRP-VNT-VE21 > P10-PRP-VNT-VE22 > P10-PRP-VNT-VE23 > P10-PRP-VNT-VE24 > P10-PRP-VNT-VE25 > P10-PRP-VNT-VE26 > P10-PRP-VNT-VTEE01 > P10-PRP-ENF-EE02 > P10-PRP-VLV-VREE2 > P10-PRP-VNT-VE15 > P10-PRP-VNT-VE16 > P10-PRP-VNT-VE17 > P10-PRP-VNT-VE18 > P10-PRP-VNT-VE19 > P10-PRP-VNT-VE20 > P10-PRP-VNT-VTEE02 > P10-PRP-EXP-E01 > P10-PRP-ALM-AE01 > P10-PRP-BMB-EBLI01 > P10-PRP-BMB-EBLE01 > P10-PRP-VNT-VRA01 > P10-PRP-EXP-E02 > P10-PRP-ALM-AE02 > P10-PRP-BMB-EBLI02 > P10-PRP-BMB-EBLE02 > P10-PRP-VNT-VRA02 > P10-PRP-EXP-E03 > P10-PRP-ALM-AE03 > P10-PRP-BMB-EBLI03 > P10-PRP-BMB-EBLE03 > P10-PRP-VNT-VRA03 > P10-PRP-EXP-E04 > P10-PRP-ALM-AE04 > P10-PRP-BMB-EBLI04 > P10-PRP-BMB-EBLE04 > P10-PRP-VNT-VRA04 > P10-PRP-EXP-E05 > P10-PRP-ALM-AE05 > P10-PRP-BMB-EBLI05 > P10-PRP-BMB-EBLE05 > P10-PRP-VNT-VRA05 > P10-PRP-EXP-E06 > P10-PRP-ALM-AE06 > P10-PRP-BMB-EBLI06 > P10-PRP-BMB-EBLE06 > P10-PRP-VNT-VRA06 > P10-PRP-RSC-SF10 || 369188:70:P10 > P10-PRP-LGC-PREPARACION > P10-PRP-LGC-BEAN > P10-PRP-BHT-BH01 > P10-PRP-ART-BHART01 > P10-PRP-BSC-BHD01 > P10-PRP-VLV-BHA01 > P10-PRP-VLV-VSBH01 > P10-PRP-VLV-VGBH01N > P10-PRP-VLV-VGBH01S > P10-PRP-VNT-VE05 > P10-PRP-CCL-CVE05 > P10-PRP-VLV-VR05 > P10-PRP-BHT-BH02 > P10-PRP-ART-BHART02 > P10-PRP-BSC-BHD02 > P10-PRP-VLV-BHA02 > P10-PRP-VLV-VSBH02 > P10-PRP-VLV-VGBH02N > P10-PRP-VLV-VGBH02S > P10-PRP-VNT-VE06 > P10-PRP-CCL-CVE06 > P10-PRP-VLV-VR06 > P10-PRP-BHT-BH03 > P10-PRP-ART-BHART03 > P10-PRP-BSC-BHD03 > P10-PRP-VLV-BHA03 > P10-PRP-VLV-VSBH03 > P10-PRP-VLV-VGBH03N > P10-PRP-VLV-VGBH03S > P10-PRP-VNT-VE07 > P10-PRP-CCL-CVE07 > P10-PRP-VLV-VR07 > P10-PRP-BMB-BBH01 > P10-PRP-BMB-BBH02 > P10-PRP-SPR-SEPGOT || 227527:70:P10 > P10-SRV-LGC-SERVICIOS > P10-SRV-CLD-CMB > P10-SRV-BMB-BO01 > P10-SRV-BMB-BO02 > P10-SRV-BMB-BO39 > P10-SRV-BMB-BO38 > P10-SRV-BMB-BO45 > P10-SRV-BMB-BO44 > P10-SRV-BMB-BO42 > P10-SRV-BMB-BO43 > P10-SRV-BMB-BO52 > P10-SRV-CLC-COLECTOR > P10-SRV-LGC-VALV > P10-SRV-VLV-CCV-001 > P10-SRV-VLV-PCV-001 > P10-SRV-VLV-SGR > P10-SRV-VLV-LCV-001 > P10-SRV-VLV-PCV-003 > P10-SRV-VLV-SOV-002 > P10-SRV-VLV-SOV-001 > P10-SRV-VLV-SOV-004 > P10-SRV-VLV-SOV-003 > P10-SRV-FLT-FG02 > P10-SRV-MGN-MAGNETROL > P10-SRV-SPL-SH01 > P10-SRV-SPL-SH02 > P10-SRV-SPL-SH03 > P10-SRV-SPL-SH04 > P10-SRV-TNQ-TKFLASH > P10-SRV-TNQ-TKRESERVA > P10-SRV-TNQ-TKDESAIREADOR > P10-SRV-VLV-LCV-002 > P10-SRV-VLV-PCV-004 > P10-SRV-VNT-VTF01 || 282997:70:P10 > P10-EXT-LGC-EXTRACCION > P10-EXT-LGC-DESGOMADO > P10-EXT-BMB-PSODA > P10-EXT-BMB-P435A > P10-EXT-CLT-HX445 > P10-EXT-DSG-C425 > P10-EXT-DSG-C430 > P10-EXT-DSG-C435 > P10-EXT-ENF-HX460 > P10-EXT-INT-HX440 > P10-EXT-BMB-P439 > P10-EXT-SCD-V450 > P10-EXT-BMB-P450 > P10-EXT-TNQ-V415 > P10-EXT-BMB-P415 > P10-EXT-TNQ-HX435 > P10-EXT-BMB-P435 > P10-EXT-TNQ-V495 > P10-EXT-BMB-P491 > P10-EXT-TNQ-V410 > P10-EXT-AGT-A420C > P10-EXT-BMB-P410 > P10-EXT-TNQ-V420 > P10-EXT-AGT-A420 > P10-EXT-VLV-VSA420 > P10-EXT-TNQ-V420B > P10-EXT-TNQ-TK492 > P10-EXT-BMB-P492 > P10-EXT-VLV-SOV430 > P10-EXT-VLV-SOV426 || 281069:70:P10 > P10-PRP-LGC-PREPARACION > P10-PRP-LGC-QUEBRADORES > P10-PRP-QBR-Q01 > P10-PRP-ALM-AQ01 > P10-PRP-QBR-Q02 > P10-PRP-ALM-AQ02 > P10-PRP-QBR-Q03 > P10-PRP-ALM-AQ03 > P10-PRP-QBR-Q04 > P10-PRP-ALM-AQ04 > P10-PRP-QBR-Q05 > P10-PRP-ALM-AQ05 > P10-PRP-QBR-Q06 > P10-PRP-ALM-AQ06 > P10-PRP-QBR-Q07 > P10-PRP-ALM-AQ07 > P10-PRP-QBR-Q08 > P10-PRP-ALM-AQ08 > P10-PRP-QBR-Q09 > P10-PRP-ALM-AQ09 > P10-PRP-QBR-Q10 > P10-PRP-ALM-AQ10 > P10-PRP-RSC-SF14 > P10-PRP-VLV-VR18 > P10-PRP-RSC-SF02 > P10-PRP-VNT-VE08 > P10-PRP-CCL-CVE08 > P10-PRP-VLV-VR08 || 282656:70:P10 > P10-EXT-LGC-EXTRACCION > P10-EXT-TST-DT250 > P10-EXT-CND-HX303 > P10-EXT-LGC-VLV > P10-EXT-VLV-PRV259 > P10-EXT-VLV-PRV258 > P10-EXT-VLV-PRV260 > P10-EXT-MND-M250A > P10-EXT-RDC-RDT250 > P10-EXT-BMB-P250 > P10-EXT-TNQ-V480 > P10-EXT-BMB-P490 > P10-EXT-BMB-P481 > P10-EXT-BMB-P482 > P10-EXT-TNQ-V262 > P10-EXT-TNQ-V475 > P10-EXT-VLV-SOV250 > P10-EXT-VLV-RV255A > P10-EXT-VLV-RV255B > P10-EXT-VLV-RV256A > P10-EXT-VLV-RV256B > P10-EXT-VLV-RV257A > P10-EXT-VLV-RV257B > P10-EXT-VLV-RV258A > P10-EXT-VLV-RV258B > P10-EXT-VLV-RV259 > P10-EXT-VLV-RV260 > P10-EXT-VLV-SOV252 || 282755:70:P10 > P10-EXT-LGC-EXTRACCION > P10-EXT-EXT-M202 > P10-EXT-LGC-HIDROCICLONES > P10-EXT-HDR-HCP01 > P10-EXT-HDR-HCP02 > P10-EXT-HDR-HCP03 > P10-EXT-HDR-HCS01E > P10-EXT-HDR-HCS01O > P10-EXT-HDR-HCS02E > P10-EXT-HDR-HCS02O > P10-EXT-HDR-HCS03E > P10-EXT-HDR-HCS03O > P10-EXT-HDR-HCS04E > P10-EXT-HDR-HCS04O > P10-EXT-HDR-HCS05E > P10-EXT-HDR-HCS05O > P10-EXT-HDR-HCS06E > P10-EXT-HDR-HCS06O > P10-EXT-HDR-HCS07E > P10-EXT-HDR-HCS07O > P10-EXT-HDR-HCS08E > P10-EXT-HDR-HCS08O > P10-EXT-HDR-HCS09E > P10-EXT-HDR-HCS09O > P10-EXT-HDR-HCS10E > P10-EXT-HDR-HCS10O || ... +56,,"Scoring ambiguo: mejor=70, segundo=70, diferencia=0.",P10,P10-PRP-LGC-PREPARACION,P10-PRP-LGC-LAMINADORES,P10-PRP-CHD-LCH01,P10-PRP-CHD-LCH02,P10-PRP-CHD-LCH03,P10-PRP-CHD-LCH04,P10-PRP-LMN-LF01,P10-PRP-ALM-ALF01,P10-PRP-CHD-LFBH01,P10-PRP-LMN-L01,P10-PRP-ALM-AL01,P10-PRP-LMN-L02,P10-PRP-ALM-AL02,P10-PRP-LMN-L03,P10-PRP-ALM-AL03,P10-PRP-LMN-L04,P10-PRP-ALM-AL04,P10-PRP-LMN-L05,P10-PRP-ALM-AL05,P10-PRP-LMN-L06,P10-PRP-ALM-AL06,P10-PRP-LMN-L07,P10-PRP-ALM-AL07,P10-PRP-LMN-L08,P10-PRP-ALM-AL08,P10-PRP-LMN-L09,P10-PRP-ALM-AL09,P10-PRP-LMN-L10,P10-PRP-ALM-AL10,P10-PRP-LMN-L11,P10-PRP-ALM-AL11,P10-PRP-LMN-L12,P10-PRP-ALM-AL12,P10-PRP-LMN-L13,P10-PRP-ALM-AL13,P10-PRP-LMN-L14,P10-PRP-ALM-AL14,P10-PRP-LMN-L15,P10-PRP-ALM-AL15,P10-PRP-LMN-L16,P10-PRP-ALM-AL16,P10-PRP-LMN-L17,P10-PRP-ALM-AL17,P10-PRP-LMN-L18,P10-PRP-ALM-AL18,P10-PRP-LMN-L19,P10-PRP-ALM-AL19,P10-PRP-LMN-L20,P10-PRP-ALM-AL20,P10-PRP-LMN-L21,P10-PRP-ALM-AL21,P10-PRP-LMN-L22,P10-PRP-ALM-AL22,P10-PRP-RCT-REC01,P10-PRP-RCT-REC02,P10-PRP-VNT-VE10,P10-PRP-CCL-CVE10,P10-PRP-RSC-SF12,P10-PRP-VLV-VR10,P10-PRP-VNT-VE11,P10-PRP-CCL-CVE11,P10-PRP-RSC-SF13,P10-PRP-VLV-VR11,,,,,,,,,,,,,,,,,hay más de un contenedor candidato
contenedor_duplicado,contenedor,P10-RPS-LGC-EN,"REPUESTOS DE P10 EN REPARACION, ACTIVOS MOVILES",896,3,896,P10-RPS-LGC-REPUESTOS,P10-RPS-LGC-REPUESTOS,P10-RPS-LGC-REPUESTOS,P10 > P10-RPS-LGC-REPUESTOS,P10 > P10-RPS-LGC-REPUESTOS > P10-RPS-LGC-EN REPARACION,281343,a027b4da-4e9c-44ad-b607-5fb48d4c7061-00044aff,Cubiertas,,Genérico - 400 mm,Genérico - 400 mm,P10-PRP-LGC-LAMINADORES,P10 > P10-PRP-LGC-PREPARACION > P10-PRP-LGC-LAMINADORES > P10-PRP-CHD-LCH01 > P10-PRP-CHD-LCH02 > P10-PRP-CHD-LCH03 > P10-PRP-CHD-LCH04 > P10-PRP-LMN-LF01 > P10-PRP-ALM-ALF01 > P10-PRP-CHD-LFBH01 > P10-PRP-LMN-L01 > P10-PRP-ALM-AL01 > P10-PRP-LMN-L02 > P10-PRP-ALM-AL02 > P10-PRP-LMN-L03 > P10-PRP-ALM-AL03 > P10-PRP-LMN-L04 > P10-PRP-ALM-AL04 > P10-PRP-LMN-L05 > P10-PRP-ALM-AL05 > P10-PRP-LMN-L06 > P10-PRP-ALM-AL06 > P10-PRP-LMN-L07 > P10-PRP-ALM-AL07 > P10-PRP-LMN-L08 > P10-PRP-ALM-AL08 > P10-PRP-LMN-L09 > P10-PRP-ALM-AL09 > P10-PRP-LMN-L10 > P10-PRP-ALM-AL10 > P10-PRP-LMN-L11 > P10-PRP-ALM-AL11 > P10-PRP-LMN-L12 > P10-PRP-ALM-AL12 > P10-PRP-LMN-L13 > P10-PRP-ALM-AL13 > P10-PRP-LMN-L14 > P10-PRP-ALM-AL14 > P10-PRP-LMN-L15 > P10-PRP-ALM-AL15 > P10-PRP-LMN-L16 > P10-PRP-ALM-AL16 > P10-PRP-LMN-L17 > P10-PRP-ALM-AL17 > P10-PRP-LMN-L18 > P10-PRP-ALM-AL18 > P10-PRP-LMN-L19 > P10-PRP-ALM-AL19 > P10-PRP-LMN-L20 > P10-PRP-ALM-AL20 > P10-PRP-LMN-L21 > P10-PRP-ALM-AL21 > P10-PRP-LMN-L22 > P10-PRP-ALM-AL22 > P10-PRP-RCT-REC01 > P10-PRP-RCT-REC02 > P10-PRP-VNT-VE10 > P10-PRP-CCL-CVE10 > P10-PRP-RSC-SF12 > P10-PRP-VLV-VR10 > P10-PRP-VNT-VE11 > P10-PRP-CCL-CVE11 > P10-PRP-RSC-SF13 > P10-PRP-VLV-VR11,contenedor_scoring,281343,a027b4da-4e9c-44ad-b607-5fb48d4c7061-00044aff,P10 > P10-PRP-LGC-PREPARACION > P10-PRP-LGC-LAMINADORES > P10-PRP-CHD-LCH01 > P10-PRP-CHD-LCH02 > P10-PRP-CHD-LCH03 > P10-PRP-CHD-LCH04 > P10-PRP-LMN-LF01 > P10-PRP-ALM-ALF01 > P10-PRP-CHD-LFBH01 > P10-PRP-LMN-L01 > P10-PRP-ALM-AL01 > P10-PRP-LMN-L02 > P10-PRP-ALM-AL02 > P10-PRP-LMN-L03 > P10-PRP-ALM-AL03 > P10-PRP-LMN-L04 > P10-PRP-ALM-AL04 > P10-PRP-LMN-L05 > P10-PRP-ALM-AL05 > P10-PRP-LMN-L06 > P10-PRP-ALM-AL06 > P10-PRP-LMN-L07 > P10-PRP-ALM-AL07 > P10-PRP-LMN-L08 > P10-PRP-ALM-AL08 > P10-PRP-LMN-L09 > P10-PRP-ALM-AL09 > P10-PRP-LMN-L10 > P10-PRP-ALM-AL10 > P10-PRP-LMN-L11 > P10-PRP-ALM-AL11 > P10-PRP-LMN-L12 > P10-PRP-ALM-AL12 > P10-PRP-LMN-L13 > P10-PRP-ALM-AL13 > P10-PRP-LMN-L14 > P10-PRP-ALM-AL14 > P10-PRP-LMN-L15 > P10-PRP-ALM-AL15 > P10-PRP-LMN-L16 > P10-PRP-ALM-AL16 > P10-PRP-LMN-L17 > P10-PRP-ALM-AL17 > P10-PRP-LMN-L18 > P10-PRP-ALM-AL18 > P10-PRP-LMN-L19 > P10-PRP-ALM-AL19 > P10-PRP-LMN-L20 > P10-PRP-ALM-AL20 > P10-PRP-LMN-L21 > P10-PRP-ALM-AL21 > P10-PRP-LMN-L22 > P10-PRP-ALM-AL22 > P10-PRP-RCT-REC01 > P10-PRP-RCT-REC02 > P10-PRP-VNT-VE10 > P10-PRP-CCL-CVE10 > P10-PRP-RSC-SF12 > P10-PRP-VLV-VR10 > P10-PRP-VNT-VE11 > P10-PRP-CCL-CVE11 > P10-PRP-RSC-SF13 > P10-PRP-VLV-VR11,64,16,NO,70,70,0,+60 equivalencia tipo LGC; +20 contiene P10; +20 bloques en path; -30 otro sector (PRP),281343:70:P10 > P10-PRP-LGC-PREPARACION > P10-PRP-LGC-LAMINADORES > P10-PRP-CHD-LCH01 > P10-PRP-CHD-LCH02 > P10-PRP-CHD-LCH03 > P10-PRP-CHD-LCH04 > P10-PRP-LMN-LF01 > P10-PRP-ALM-ALF01 > P10-PRP-CHD-LFBH01 > P10-PRP-LMN-L01 > P10-PRP-ALM-AL01 > P10-PRP-LMN-L02 > P10-PRP-ALM-AL02 > P10-PRP-LMN-L03 > P10-PRP-ALM-AL03 > P10-PRP-LMN-L04 > P10-PRP-ALM-AL04 > P10-PRP-LMN-L05 > P10-PRP-ALM-AL05 > P10-PRP-LMN-L06 > P10-PRP-ALM-AL06 > P10-PRP-LMN-L07 > P10-PRP-ALM-AL07 > P10-PRP-LMN-L08 > P10-PRP-ALM-AL08 > P10-PRP-LMN-L09 > P10-PRP-ALM-AL09 > P10-PRP-LMN-L10 > P10-PRP-ALM-AL10 > P10-PRP-LMN-L11 > P10-PRP-ALM-AL11 > P10-PRP-LMN-L12 > P10-PRP-ALM-AL12 > P10-PRP-LMN-L13 > P10-PRP-ALM-AL13 > P10-PRP-LMN-L14 > P10-PRP-ALM-AL14 > P10-PRP-LMN-L15 > P10-PRP-ALM-AL15 > P10-PRP-LMN-L16 > P10-PRP-ALM-AL16 > P10-PRP-LMN-L17 > P10-PRP-ALM-AL17 > P10-PRP-LMN-L18 > P10-PRP-ALM-AL18 > P10-PRP-LMN-L19 > P10-PRP-ALM-AL19 > P10-PRP-LMN-L20 > P10-PRP-ALM-AL20 > P10-PRP-LMN-L21 > P10-PRP-ALM-AL21 > P10-PRP-LMN-L22 > P10-PRP-ALM-AL22 > P10-PRP-RCT-REC01 > P10-PRP-RCT-REC02 > P10-PRP-VNT-VE10 > P10-PRP-CCL-CVE10 > P10-PRP-RSC-SF12 > P10-PRP-VLV-VR10 > P10-PRP-VNT-VE11 > P10-PRP-CCL-CVE11 > P10-PRP-RSC-SF13 > P10-PRP-VLV-VR11 || 281220:70:P10 > P10-PRP-LGC-PREPARACION > P10-PRP-LGC-EXPANDIDO > P10-PRP-ENF-EE01 > P10-PRP-VLV-VREE1 > P10-PRP-VNT-VE21 > P10-PRP-VNT-VE22 > P10-PRP-VNT-VE23 > P10-PRP-VNT-VE24 > P10-PRP-VNT-VE25 > P10-PRP-VNT-VE26 > P10-PRP-VNT-VTEE01 > P10-PRP-ENF-EE02 > P10-PRP-VLV-VREE2 > P10-PRP-VNT-VE15 > P10-PRP-VNT-VE16 > P10-PRP-VNT-VE17 > P10-PRP-VNT-VE18 > P10-PRP-VNT-VE19 > P10-PRP-VNT-VE20 > P10-PRP-VNT-VTEE02 > P10-PRP-EXP-E01 > P10-PRP-ALM-AE01 > P10-PRP-BMB-EBLI01 > P10-PRP-BMB-EBLE01 > P10-PRP-VNT-VRA01 > P10-PRP-EXP-E02 > P10-PRP-ALM-AE02 > P10-PRP-BMB-EBLI02 > P10-PRP-BMB-EBLE02 > P10-PRP-VNT-VRA02 > P10-PRP-EXP-E03 > P10-PRP-ALM-AE03 > P10-PRP-BMB-EBLI03 > P10-PRP-BMB-EBLE03 > P10-PRP-VNT-VRA03 > P10-PRP-EXP-E04 > P10-PRP-ALM-AE04 > P10-PRP-BMB-EBLI04 > P10-PRP-BMB-EBLE04 > P10-PRP-VNT-VRA04 > P10-PRP-EXP-E05 > P10-PRP-ALM-AE05 > P10-PRP-BMB-EBLI05 > P10-PRP-BMB-EBLE05 > P10-PRP-VNT-VRA05 > P10-PRP-EXP-E06 > P10-PRP-ALM-AE06 > P10-PRP-BMB-EBLI06 > P10-PRP-BMB-EBLE06 > P10-PRP-VNT-VRA06 > P10-PRP-RSC-SF10 || 369188:70:P10 > P10-PRP-LGC-PREPARACION > P10-PRP-LGC-BEAN > P10-PRP-BHT-BH01 > P10-PRP-ART-BHART01 > P10-PRP-BSC-BHD01 > P10-PRP-VLV-BHA01 > P10-PRP-VLV-VSBH01 > P10-PRP-VLV-VGBH01N > P10-PRP-VLV-VGBH01S > P10-PRP-VNT-VE05 > P10-PRP-CCL-CVE05 > P10-PRP-VLV-VR05 > P10-PRP-BHT-BH02 > P10-PRP-ART-BHART02 > P10-PRP-BSC-BHD02 > P10-PRP-VLV-BHA02 > P10-PRP-VLV-VSBH02 > P10-PRP-VLV-VGBH02N > P10-PRP-VLV-VGBH02S > P10-PRP-VNT-VE06 > P10-PRP-CCL-CVE06 > P10-PRP-VLV-VR06 > P10-PRP-BHT-BH03 > P10-PRP-ART-BHART03 > P10-PRP-BSC-BHD03 > P10-PRP-VLV-BHA03 > P10-PRP-VLV-VSBH03 > P10-PRP-VLV-VGBH03N > P10-PRP-VLV-VGBH03S > P10-PRP-VNT-VE07 > P10-PRP-CCL-CVE07 > P10-PRP-VLV-VR07 > P10-PRP-BMB-BBH01 > P10-PRP-BMB-BBH02 > P10-PRP-SPR-SEPGOT || 227527:70:P10 > P10-SRV-LGC-SERVICIOS > P10-SRV-CLD-CMB > P10-SRV-BMB-BO01 > P10-SRV-BMB-BO02 > P10-SRV-BMB-BO39 > P10-SRV-BMB-BO38 > P10-SRV-BMB-BO45 > P10-SRV-BMB-BO44 > P10-SRV-BMB-BO42 > P10-SRV-BMB-BO43 > P10-SRV-BMB-BO52 > P10-SRV-CLC-COLECTOR > P10-SRV-LGC-VALV > P10-SRV-VLV-CCV-001 > P10-SRV-VLV-PCV-001 > P10-SRV-VLV-SGR > P10-SRV-VLV-LCV-001 > P10-SRV-VLV-PCV-003 > P10-SRV-VLV-SOV-002 > P10-SRV-VLV-SOV-001 > P10-SRV-VLV-SOV-004 > P10-SRV-VLV-SOV-003 > P10-SRV-FLT-FG02 > P10-SRV-MGN-MAGNETROL > P10-SRV-SPL-SH01 > P10-SRV-SPL-SH02 > P10-SRV-SPL-SH03 > P10-SRV-SPL-SH04 > P10-SRV-TNQ-TKFLASH > P10-SRV-TNQ-TKRESERVA > P10-SRV-TNQ-TKDESAIREADOR > P10-SRV-VLV-LCV-002 > P10-SRV-VLV-PCV-004 > P10-SRV-VNT-VTF01 || 282997:70:P10 > P10-EXT-LGC-EXTRACCION > P10-EXT-LGC-DESGOMADO > P10-EXT-BMB-PSODA > P10-EXT-BMB-P435A > P10-EXT-CLT-HX445 > P10-EXT-DSG-C425 > P10-EXT-DSG-C430 > P10-EXT-DSG-C435 > P10-EXT-ENF-HX460 > P10-EXT-INT-HX440 > P10-EXT-BMB-P439 > P10-EXT-SCD-V450 > P10-EXT-BMB-P450 > P10-EXT-TNQ-V415 > P10-EXT-BMB-P415 > P10-EXT-TNQ-HX435 > P10-EXT-BMB-P435 > P10-EXT-TNQ-V495 > P10-EXT-BMB-P491 > P10-EXT-TNQ-V410 > P10-EXT-AGT-A420C > P10-EXT-BMB-P410 > P10-EXT-TNQ-V420 > P10-EXT-AGT-A420 > P10-EXT-VLV-VSA420 > P10-EXT-TNQ-V420B > P10-EXT-TNQ-TK492 > P10-EXT-BMB-P492 > P10-EXT-VLV-SOV430 > P10-EXT-VLV-SOV426 || 281069:70:P10 > P10-PRP-LGC-PREPARACION > P10-PRP-LGC-QUEBRADORES > P10-PRP-QBR-Q01 > P10-PRP-ALM-AQ01 > P10-PRP-QBR-Q02 > P10-PRP-ALM-AQ02 > P10-PRP-QBR-Q03 > P10-PRP-ALM-AQ03 > P10-PRP-QBR-Q04 > P10-PRP-ALM-AQ04 > P10-PRP-QBR-Q05 > P10-PRP-ALM-AQ05 > P10-PRP-QBR-Q06 > P10-PRP-ALM-AQ06 > P10-PRP-QBR-Q07 > P10-PRP-ALM-AQ07 > P10-PRP-QBR-Q08 > P10-PRP-ALM-AQ08 > P10-PRP-QBR-Q09 > P10-PRP-ALM-AQ09 > P10-PRP-QBR-Q10 > P10-PRP-ALM-AQ10 > P10-PRP-RSC-SF14 > P10-PRP-VLV-VR18 > P10-PRP-RSC-SF02 > P10-PRP-VNT-VE08 > P10-PRP-CCL-CVE08 > P10-PRP-VLV-VR08 || 282656:70:P10 > P10-EXT-LGC-EXTRACCION > P10-EXT-TST-DT250 > P10-EXT-CND-HX303 > P10-EXT-LGC-VLV > P10-EXT-VLV-PRV259 > P10-EXT-VLV-PRV258 > P10-EXT-VLV-PRV260 > P10-EXT-MND-M250A > P10-EXT-RDC-RDT250 > P10-EXT-BMB-P250 > P10-EXT-TNQ-V480 > P10-EXT-BMB-P490 > P10-EXT-BMB-P481 > P10-EXT-BMB-P482 > P10-EXT-TNQ-V262 > P10-EXT-TNQ-V475 > P10-EXT-VLV-SOV250 > P10-EXT-VLV-RV255A > P10-EXT-VLV-RV255B > P10-EXT-VLV-RV256A > P10-EXT-VLV-RV256B > P10-EXT-VLV-RV257A > P10-EXT-VLV-RV257B > P10-EXT-VLV-RV258A > P10-EXT-VLV-RV258B > P10-EXT-VLV-RV259 > P10-EXT-VLV-RV260 > P10-EXT-VLV-SOV252 || 282755:70:P10 > P10-EXT-LGC-EXTRACCION > P10-EXT-EXT-M202 > P10-EXT-LGC-HIDROCICLONES > P10-EXT-HDR-HCP01 > P10-EXT-HDR-HCP02 > P10-EXT-HDR-HCP03 > P10-EXT-HDR-HCS01E > P10-EXT-HDR-HCS01O > P10-EXT-HDR-HCS02E > P10-EXT-HDR-HCS02O > P10-EXT-HDR-HCS03E > P10-EXT-HDR-HCS03O > P10-EXT-HDR-HCS04E > P10-EXT-HDR-HCS04O > P10-EXT-HDR-HCS05E > P10-EXT-HDR-HCS05O > P10-EXT-HDR-HCS06E > P10-EXT-HDR-HCS06O > P10-EXT-HDR-HCS07E > P10-EXT-HDR-HCS07O > P10-EXT-HDR-HCS08E > P10-EXT-HDR-HCS08O > P10-EXT-HDR-HCS09E > P10-EXT-HDR-HCS09O > P10-EXT-HDR-HCS10E > P10-EXT-HDR-HCS10O || ... +56,,"Scoring ambiguo: mejor=70, segundo=70, diferencia=0.",P10,P10-PRP-LGC-PREPARACION,P10-PRP-LGC-LAMINADORES,P10-PRP-CHD-LCH01,P10-PRP-CHD-LCH02,P10-PRP-CHD-LCH03,P10-PRP-CHD-LCH04,P10-PRP-LMN-LF01,P10-PRP-ALM-ALF01,P10-PRP-CHD-LFBH01,P10-PRP-LMN-L01,P10-PRP-ALM-AL01,P10-PRP-LMN-L02,P10-PRP-ALM-AL02,P10-PRP-LMN-L03,P10-PRP-ALM-AL03,P10-PRP-LMN-L04,P10-PRP-ALM-AL04,P10-PRP-LMN-L05,P10-PRP-ALM-AL05,P10-PRP-LMN-L06,P10-PRP-ALM-AL06,P10-PRP-LMN-L07,P10-PRP-ALM-AL07,P10-PRP-LMN-L08,P10-PRP-ALM-AL08,P10-PRP-LMN-L09,P10-PRP-ALM-AL09,P10-PRP-LMN-L10,P10-PRP-ALM-AL10,P10-PRP-LMN-L11,P10-PRP-ALM-AL11,P10-PRP-LMN-L12,P10-PRP-ALM-AL12,P10-PRP-LMN-L13,P10-PRP-ALM-AL13,P10-PRP-LMN-L14,P10-PRP-ALM-AL14,P10-PRP-LMN-L15,P10-PRP-ALM-AL15,P10-PRP-LMN-L16,P10-PRP-ALM-AL16,P10-PRP-LMN-L17,P10-PRP-ALM-AL17,P10-PRP-LMN-L18,P10-PRP-ALM-AL18,P10-PRP-LMN-L19,P10-PRP-ALM-AL19,P10-PRP-LMN-L20,P10-PRP-ALM-AL20,P10-PRP-LMN-L21,P10-PRP-ALM-AL21,P10-PRP-LMN-L22,P10-PRP-ALM-AL22,P10-PRP-RCT-REC01,P10-PRP-RCT-REC02,P10-PRP-VNT-VE10,P10-PRP-CCL-CVE10,P10-PRP-RSC-SF12,P10-PRP-VLV-VR10,P10-PRP-VNT-VE11,P10-PRP-CCL-CVE11,P10-PRP-RSC-SF13,P10-PRP-VLV-VR11,,,,,,,,,,,,,,,,,hay más de un contenedor candidato
duplicado,elemento_puntual,P10-SCT-SECTOR,SECTOR OBRADORES,897,2,897,P10,,,P10,P10 > P10-SCT-SECTOR OBRADORES,355813,746ca086-f561-435a-ba68-1305e58fcca1-00056de5,Cubiertas,,Genérico - 400 mm,Genérico - 400 mm,,P10 > P10-SRV-LGC-SERVICIOS > P10-SCT-SECTOR OBRADORES,btz_description_03,,,,,,,,,,,,,13 elementos Revit contienen el código exacto.,P10,P10-SRV-LGC-SERVICIOS,P10-SCT-SECTOR OBRADORES,,,,,,,,,,,,,,,,,,,,,,,,,,,,,,,,,,,,,,,,,,,,,,,,,,,,,,,,,,,,,,,,,,,,,,,,,,,,,,hay más de un elemento puntual posible
duplicado,elemento_puntual,P10-SCT-SECTOR,SECTOR OBRADORES,897,2,897,P10,,,P10,P10 > P10-SCT-SECTOR OBRADORES,356583,746ca086-f561-435a-ba68-1305e58fcca1-000570e7,Cubiertas,,Genérico - 400 mm,Genérico - 400 mm,,P10 > P10-SRV-LGC-SERVICIOS > P10-SCT-SECTOR OBRADORES,btz_description_03,,,,,,,,,,,,,13 elementos Revit contienen el código exacto.,P10,P10-SRV-LGC-SERVICIOS,P10-SCT-SECTOR OBRADORES,,,,,,,,,,,,,,,,,,,,,,,,,,,,,,,,,,,,,,,,,,,,,,,,,,,,,,,,,,,,,,,,,,,,,,,,,,,,,,hay más de un elemento puntual posible
duplicado,elemento_puntual,P10-SCT-SECTOR,SECTOR OBRADORES,897,2,897,P10,,,P10,P10 > P10-SCT-SECTOR OBRADORES,356627,746ca086-f561-435a-ba68-1305e58fcca1-00057113,Cubiertas,,Genérico - 400 mm,Genérico - 400 mm,,P10 > P10-SRV-LGC-SERVICIOS > P10-SCT-SECTOR OBRADORES,btz_description_03,,,,,,,,,,,,,13 elementos Revit contienen el código exacto.,P10,P10-SRV-LGC-SERVICIOS,P10-SCT-SECTOR OBRADORES,,,,,,,,,,,,,,,,,,,,,,,,,,,,,,,,,,,,,,,,,,,,,,,,,,,,,,,,,,,,,,,,,,,,,,,,,,,,,,hay más de un elemento puntual posible
duplicado,elemento_puntual,P10-SCT-SECTOR,SECTOR OBRADORES,897,2,897,P10,,,P10,P10 > P10-SCT-SECTOR OBRADORES,356674,746ca086-f561-435a-ba68-1305e58fcca1-00057142,Cubiertas,,Genérico - 400 mm,Genérico - 400 mm,,P10 > P10-SRV-LGC-SERVICIOS > P10-SCT-SECTOR OBRADORES,btz_description_03,,,,,,,,,,,,,13 elementos Revit contienen el código exacto.,P10,P10-SRV-LGC-SERVICIOS,P10-SCT-SECTOR OBRADORES,,,,,,,,,,,,,,,,,,,,,,,,,,,,,,,,,,,,,,,,,,,,,,,,,,,,,,,,,,,,,,,,,,,,,,,,,,,,,,hay más de un elemento puntual posible
duplicado,elemento_puntual,P10-SCT-SECTOR,SECTOR OBRADORES,897,2,897,P10,,,P10,P10 > P10-SCT-SECTOR OBRADORES,356719,746ca086-f561-435a-ba68-1305e58fcca1-0005716f,Cubiertas,,Genérico - 400 mm,Genérico - 400 mm,,P10 > P10-SRV-LGC-SERVICIOS > P10-SCT-SECTOR OBRADORES,btz_description_03,,,,,,,,,,,,,13 elementos Revit contienen el código exacto.,P10,P10-SRV-LGC-SERVICIOS,P10-SCT-SECTOR OBRADORES,,,,,,,,,,,,,,,,,,,,,,,,,,,,,,,,,,,,,,,,,,,,,,,,,,,,,,,,,,,,,,,,,,,,,,,,,,,,,,hay más de un elemento puntual posible
duplicado,elemento_puntual,P10-SCT-SECTOR,SECTOR OBRADORES,897,2,897,P10,,,P10,P10 > P10-SCT-SECTOR OBRADORES,356816,746ca086-f561-435a-ba68-1305e58fcca1-000571d0,Cubiertas,,Genérico - 400 mm,Genérico - 400 mm,,P10 > P10-SRV-LGC-SERVICIOS > P10-SCT-SECTOR OBRADORES,btz_description_03,,,,,,,,,,,,,13 elementos Revit contienen el código exacto.,P10,P10-SRV-LGC-SERVICIOS,P10-SCT-SECTOR OBRADORES,,,,,,,,,,,,,,,,,,,,,,,,,,,,,,,,,,,,,,,,,,,,,,,,,,,,,,,,,,,,,,,,,,,,,,,,,,,,,,hay más de un elemento puntual posible
duplicado,elemento_puntual,P10-SCT-SECTOR,SECTOR OBRADORES,897,2,897,P10,,,P10,P10 > P10-SCT-SECTOR OBRADORES,356868,746ca086-f561-435a-ba68-1305e58fcca1-00057204,Cubiertas,,Genérico - 400 mm,Genérico - 400 mm,,P10 > P10-SRV-LGC-SERVICIOS > P10-SCT-SECTOR OBRADORES,btz_description_03,,,,,,,,,,,,,13 elementos Revit contienen el código exacto.,P10,P10-SRV-LGC-SERVICIOS,P10-SCT-SECTOR OBRADORES,,,,,,,,,,,,,,,,,,,,,,,,,,,,,,,,,,,,,,,,,,,,,,,,,,,,,,,,,,,,,,,,,,,,,,,,,,,,,,hay más de un elemento puntual posible
duplicado,elemento_puntual,P10-SCT-SECTOR,SECTOR OBRADORES,897,2,897,P10,,,P10,P10 > P10-SCT-SECTOR OBRADORES,357186,746ca086-f561-435a-ba68-1305e58fcca1-00057342,Cubiertas,,Genérico - 400 mm,Genérico - 400 mm,,P10 > P10-SRV-LGC-SERVICIOS > P10-SCT-SECTOR OBRADORES,btz_description_03,,,,,,,,,,,,,13 elementos Revit contienen el código exacto.,P10,P10-SRV-LGC-SERVICIOS,P10-SCT-SECTOR OBRADORES,,,,,,,,,,,,,,,,,,,,,,,,,,,,,,,,,,,,,,,,,,,,,,,,,,,,,,,,,,,,,,,,,,,,,,,,,,,,,,hay más de un elemento puntual posible
duplicado,elemento_puntual,P10-SCT-SECTOR,SECTOR OBRADORES,897,2,897,P10,,,P10,P10 > P10-SCT-SECTOR OBRADORES,357224,746ca086-f561-435a-ba68-1305e58fcca1-00057368,Cubiertas,,Genérico - 400 mm,Genérico - 400 mm,,P10 > P10-SRV-LGC-SERVICIOS > P10-SCT-SECTOR OBRADORES,btz_description_03,,,,,,,,,,,,,13 elementos Revit contienen el código exacto.,P10,P10-SRV-LGC-SERVICIOS,P10-SCT-SECTOR OBRADORES,,,,,,,,,,,,,,,,,,,,,,,,,,,,,,,,,,,,,,,,,,,,,,,,,,,,,,,,,,,,,,,,,,,,,,,,,,,,,,hay más de un elemento puntual posible
duplicado,elemento_puntual,P10-SCT-SECTOR,SECTOR OBRADORES,897,2,897,P10,,,P10,P10 > P10-SCT-SECTOR OBRADORES,357316,746ca086-f561-435a-ba68-1305e58fcca1-000573c4,Cubiertas,,Genérico - 400 mm,Genérico - 400 mm,,P10 > P10-SRV-LGC-SERVICIOS > P10-SCT-SECTOR OBRADORES,btz_description_03,,,,,,,,,,,,,13 elementos Revit contienen el código exacto.,P10,P10-SRV-LGC-SERVICIOS,P10-SCT-SECTOR OBRADORES,,,,,,,,,,,,,,,,,,,,,,,,,,,,,,,,,,,,,,,,,,,,,,,,,,,,,,,,,,,,,,,,,,,,,,,,,,,,,,hay más de un elemento puntual posible
duplicado,elemento_puntual,P10-SCT-SECTOR,SECTOR OBRADORES,897,2,897,P10,,,P10,P10 > P10-SCT-SECTOR OBRADORES,357351,746ca086-f561-435a-ba68-1305e58fcca1-000573e7,Cubiertas,,Genérico - 400 mm,Genérico - 400 mm,,P10 > P10-SRV-LGC-SERVICIOS > P10-SCT-SECTOR OBRADORES,btz_description_03,,,,,,,,,,,,,13 elementos Revit contienen el código exacto.,P10,P10-SRV-LGC-SERVICIOS,P10-SCT-SECTOR OBRADORES,,,,,,,,,,,,,,,,,,,,,,,,,,,,,,,,,,,,,,,,,,,,,,,,,,,,,,,,,,,,,,,,,,,,,,,,,,,,,,hay más de un elemento puntual posible
duplicado,elemento_puntual,P10-SCT-SECTOR,SECTOR OBRADORES,897,2,897,P10,,,P10,P10 > P10-SCT-SECTOR OBRADORES,357377,746ca086-f561-435a-ba68-1305e58fcca1-00057401,Cubiertas,,Genérico - 400 mm,Genérico - 400 mm,,P10 > P10-SRV-LGC-SERVICIOS > P10-SCT-SECTOR OBRADORES,btz_description_03,,,,,,,,,,,,,13 elementos Revit contienen el código exacto.,P10,P10-SRV-LGC-SERVICIOS,P10-SCT-SECTOR OBRADORES,,,,,,,,,,,,,,,,,,,,,,,,,,,,,,,,,,,,,,,,,,,,,,,,,,,,,,,,,,,,,,,,,,,,,,,,,,,,,,hay más de un elemento puntual posible
duplicado,elemento_puntual,P10-SCT-SECTOR,SECTOR OBRADORES,897,2,897,P10,,,P10,P10 > P10-SCT-SECTOR OBRADORES,361292,79a4e34a-87ef-4472-9c35-b34f669597e2-0005834c,Cubiertas,,Genérico - 400 mm,Genérico - 400 mm,,P10 > P10-SRV-LGC-SERVICIOS > P10-SCT-SECTOR OBRADORES,btz_description_03,,,,,,,,,,,,,13 elementos Revit contienen el código exacto.,P10,P10-SRV-LGC-SERVICIOS,P10-SCT-SECTOR OBRADORES,,,,,,,,,,,,,,,,,,,,,,,,,,,,,,,,,,,,,,,,,,,,,,,,,,,,,,,,,,,,,,,,,,,,,,,,,,,,,,hay más de un elemento puntual posible
contenedor_duplicado,contenedor,P10-PLL-ALM-PA01,ALIM. P 665-225  1 SUR (MODIFICADA),904,4,904,P10-PLL-PLL-P01,P10-PLL-PLL-P01,P10-PLL-LGC-PELLETERA > P10-PLL-PLL-P01,P10 > P10-PLL-LGC-PELLETERA > P10-PLL-PLL-P01,P10 > P10-PLL-LGC-PELLETERA > P10-PLL-PLL-P01 > P10-PLL-ALM-PA01,282497,a027b4da-4e9c-44ad-b607-5fb48d4c7061-00044f81,Cubiertas,,Genérico - 400 mm,Genérico - 400 mm,P10-EXT-LGC-BMB,P10 > P10-EXT-LGC-EXTRACCION > P10-EXT-EXT-M202 > P10-EXT-LGC-BMB RECIRCULACION > P10-SRA-BMB-BO70 > P10-SRA-BMB-JOCKEY > P10-SRA-BMB-BOIN > P10-SRA-BMB-DOSIF > P10-EXT-BMB-P439B > P10-PLL-BMB-BS03,contenedor_scoring,282497,a027b4da-4e9c-44ad-b607-5fb48d4c7061-00044f81,P10 > P10-EXT-LGC-EXTRACCION > P10-EXT-EXT-M202 > P10-EXT-LGC-BMB RECIRCULACION > P10-SRA-BMB-BO70 > P10-SRA-BMB-JOCKEY > P10-SRA-BMB-BOIN > P10-SRA-BMB-DOSIF > P10-EXT-BMB-P439B > P10-PLL-BMB-BS03,10,70,NO,80,70,10,+40 contiene P10-PLL; +20 contiene P10; +20 bloques en path,282497:80:P10 > P10-EXT-LGC-EXTRACCION > P10-EXT-EXT-M202 > P10-EXT-LGC-BMB RECIRCULACION > P10-SRA-BMB-BO70 > P10-SRA-BMB-JOCKEY > P10-SRA-BMB-BOIN > P10-SRA-BMB-DOSIF > P10-EXT-BMB-P439B > P10-PLL-BMB-BS03 || 281343:70:P10 > P10-PRP-LGC-PREPARACION > P10-PRP-LGC-LAMINADORES > P10-PRP-CHD-LCH01 > P10-PRP-CHD-LCH02 > P10-PRP-CHD-LCH03 > P10-PRP-CHD-LCH04 > P10-PRP-LMN-LF01 > P10-PRP-ALM-ALF01 > P10-PRP-CHD-LFBH01 > P10-PRP-LMN-L01 > P10-PRP-ALM-AL01 > P10-PRP-LMN-L02 > P10-PRP-ALM-AL02 > P10-PRP-LMN-L03 > P10-PRP-ALM-AL03 > P10-PRP-LMN-L04 > P10-PRP-ALM-AL04 > P10-PRP-LMN-L05 > P10-PRP-ALM-AL05 > P10-PRP-LMN-L06 > P10-PRP-ALM-AL06 > P10-PRP-LMN-L07 > P10-PRP-ALM-AL07 > P10-PRP-LMN-L08 > P10-PRP-ALM-AL08 > P10-PRP-LMN-L09 > P10-PRP-ALM-AL09 > P10-PRP-LMN-L10 > P10-PRP-ALM-AL10 > P10-PRP-LMN-L11 > P10-PRP-ALM-AL11 > P10-PRP-LMN-L12 > P10-PRP-ALM-AL12 > P10-PRP-LMN-L13 > P10-PRP-ALM-AL13 > P10-PRP-LMN-L14 > P10-PRP-ALM-AL14 > P10-PRP-LMN-L15 > P10-PRP-ALM-AL15 > P10-PRP-LMN-L16 > P10-PRP-ALM-AL16 > P10-PRP-LMN-L17 > P10-PRP-ALM-AL17 > P10-PRP-LMN-L18 > P10-PRP-ALM-AL18 > P10-PRP-LMN-L19 > P10-PRP-ALM-AL19 > P10-PRP-LMN-L20 > P10-PRP-ALM-AL20 > P10-PRP-LMN-L21 > P10-PRP-ALM-AL21 > P10-PRP-LMN-L22 > P10-PRP-ALM-AL22 > P10-PRP-RCT-REC01 > P10-PRP-RCT-REC02 > P10-PRP-VNT-VE10 > P10-PRP-CCL-CVE10 > P10-PRP-RSC-SF12 > P10-PRP-VLV-VR10 > P10-PRP-VNT-VE11 > P10-PRP-CCL-CVE11 > P10-PRP-RSC-SF13 > P10-PRP-VLV-VR11 || 281220:70:P10 > P10-PRP-LGC-PREPARACION > P10-PRP-LGC-EXPANDIDO > P10-PRP-ENF-EE01 > P10-PRP-VLV-VREE1 > P10-PRP-VNT-VE21 > P10-PRP-VNT-VE22 > P10-PRP-VNT-VE23 > P10-PRP-VNT-VE24 > P10-PRP-VNT-VE25 > P10-PRP-VNT-VE26 > P10-PRP-VNT-VTEE01 > P10-PRP-ENF-EE02 > P10-PRP-VLV-VREE2 > P10-PRP-VNT-VE15 > P10-PRP-VNT-VE16 > P10-PRP-VNT-VE17 > P10-PRP-VNT-VE18 > P10-PRP-VNT-VE19 > P10-PRP-VNT-VE20 > P10-PRP-VNT-VTEE02 > P10-PRP-EXP-E01 > P10-PRP-ALM-AE01 > P10-PRP-BMB-EBLI01 > P10-PRP-BMB-EBLE01 > P10-PRP-VNT-VRA01 > P10-PRP-EXP-E02 > P10-PRP-ALM-AE02 > P10-PRP-BMB-EBLI02 > P10-PRP-BMB-EBLE02 > P10-PRP-VNT-VRA02 > P10-PRP-EXP-E03 > P10-PRP-ALM-AE03 > P10-PRP-BMB-EBLI03 > P10-PRP-BMB-EBLE03 > P10-PRP-VNT-VRA03 > P10-PRP-EXP-E04 > P10-PRP-ALM-AE04 > P10-PRP-BMB-EBLI04 > P10-PRP-BMB-EBLE04 > P10-PRP-VNT-VRA04 > P10-PRP-EXP-E05 > P10-PRP-ALM-AE05 > P10-PRP-BMB-EBLI05 > P10-PRP-BMB-EBLE05 > P10-PRP-VNT-VRA05 > P10-PRP-EXP-E06 > P10-PRP-ALM-AE06 > P10-PRP-BMB-EBLI06 > P10-PRP-BMB-EBLE06 > P10-PRP-VNT-VRA06 > P10-PRP-RSC-SF10 || 281069:70:P10 > P10-PRP-LGC-PREPARACION > P10-PRP-LGC-QUEBRADORES > P10-PRP-QBR-Q01 > P10-PRP-ALM-AQ01 > P10-PRP-QBR-Q02 > P10-PRP-ALM-AQ02 > P10-PRP-QBR-Q03 > P10-PRP-ALM-AQ03 > P10-PRP-QBR-Q04 > P10-PRP-ALM-AQ04 > P10-PRP-QBR-Q05 > P10-PRP-ALM-AQ05 > P10-PRP-QBR-Q06 > P10-PRP-ALM-AQ06 > P10-PRP-QBR-Q07 > P10-PRP-ALM-AQ07 > P10-PRP-QBR-Q08 > P10-PRP-ALM-AQ08 > P10-PRP-QBR-Q09 > P10-PRP-ALM-AQ09 > P10-PRP-QBR-Q10 > P10-PRP-ALM-AQ10 > P10-PRP-RSC-SF14 > P10-PRP-VLV-VR18 > P10-PRP-RSC-SF02 > P10-PRP-VNT-VE08 > P10-PRP-CCL-CVE08 > P10-PRP-VLV-VR08 || 385396:70:P10 > P10-PRL-LGC-PRELIMPIEZA > P10-PRL-LGC-MULTIASPIRADORES > P10-PRL-MLT-ASP1 > P10-PRL-ALM-AS01A > P10-PRL-ALM-AS01B > P10-PRL-VNT-VE01 > P10-PRL-CCL-CVE01 > P10-PRL-VLV-VR01 > P10-PRL-MLT-ASP2 > P10-PRL-ALM-AS02A > P10-PRL-ALM-AS02B > P10-PRL-VNT-VE02 > P10-PRL-CCL-CVE02 > P10-PRL-VLV-VR02 > P10-PRL-MLT-ASP3 > P10-PRL-ALM-AS03A > P10-PRL-ALM-AS03B > P10-PRL-VNT-VE03 > P10-PRL-CCL-CVE03 > P10-PRL-VLV-VR03 > P10-PRL-RSC-SF08 || 378617:70:P10 > P10-DSC-LGC-DESCASCARADO > P10-DSC-LGC-MOLINO > P10-DSC-BMB-BS02 > P10-DSC-CCL-CBS02 > P10-DSC-MLN-M05 > P10-DSC-ALM-MA05 > P10-DSC-RSC-MSF05 > P10-DSC-MLN-M06 > P10-DSC-ALM-MA06 > P10-DSC-RSC-MSF06 > P10-DSC-RSC-SF15 > P10-DSC-VLV-VR17 > P10-DSC-VLV-VR15A || 227678:70:P10 > P10-HRN-LGC-HARINA > P10-HRN-LGC-MOLINOS > P10-HRN-MLN-M01 > P10-HRN-ALM-MA01 > P10-HRN-RSC-MSF01 > P10-HRN-MLN-M02 > P10-HRN-ALM-MA02 > P10-HRN-RSC-MSF02 > P10-HRN-MLN-M03 > P10-HRN-ALM-MA03 > P10-HRN-RSC-MSF03 || 385248:70:P10 > P10-PRL-LGC-PRELIMPIEZA > P10-PRL-LGC-MERMA > P10-PRL-BTD-BA06 > P10-PRL-RSC-SF20 > P10-PRL-DSP-DSP01 > P10-PRL-ALM-M3DP > P10-PRL-ALM-M2DP > P10-PRL-VLV-VR36 > P10-PRL-RSC-SF19 > P10-PRL-VNT-M1DP > P10-PRL-RSC-SF16,,"Scoring ambiguo: mejor=80, segundo=70, diferencia=10.",P10,P10-EXT-LGC-EXTRACCION,P10-EXT-EXT-M202,P10-EXT-LGC-BMB RECIRCULACION,P10-SRA-BMB-BO70,P10-SRA-BMB-JOCKEY,P10-SRA-BMB-BOIN,P10-SRA-BMB-DOSIF,P10-EXT-BMB-P439B,P10-PLL-BMB-BS03,,,,,,,,,,,,,,,,,,,,,,,,,,,,,,,,,,,,,,,,,,,,,,,,,,,,,,,,,,,,,,,,,,,,,,,hay más de un contenedor candidato
contenedor_duplicado,contenedor,P10-PLL-ALM-PA02,ALIM. P 665-225  2 NORTE (MODIFICADA),908,4,908,P10-PLL-PLL-P02,P10-PLL-PLL-P02,P10-PLL-LGC-PELLETERA > P10-PLL-PLL-P02,P10 > P10-PLL-LGC-PELLETERA > P10-PLL-PLL-P02,P10 > P10-PLL-LGC-PELLETERA > P10-PLL-PLL-P02 > P10-PLL-ALM-PA02,282497,a027b4da-4e9c-44ad-b607-5fb48d4c7061-00044f81,Cubiertas,,Genérico - 400 mm,Genérico - 400 mm,P10-EXT-LGC-BMB,P10 > P10-EXT-LGC-EXTRACCION > P10-EXT-EXT-M202 > P10-EXT-LGC-BMB RECIRCULACION > P10-SRA-BMB-BO70 > P10-SRA-BMB-JOCKEY > P10-SRA-BMB-BOIN > P10-SRA-BMB-DOSIF > P10-EXT-BMB-P439B > P10-PLL-BMB-BS03,contenedor_scoring,282497,a027b4da-4e9c-44ad-b607-5fb48d4c7061-00044f81,P10 > P10-EXT-LGC-EXTRACCION > P10-EXT-EXT-M202 > P10-EXT-LGC-BMB RECIRCULACION > P10-SRA-BMB-BO70 > P10-SRA-BMB-JOCKEY > P10-SRA-BMB-BOIN > P10-SRA-BMB-DOSIF > P10-EXT-BMB-P439B > P10-PLL-BMB-BS03,10,70,NO,80,70,10,+40 contiene P10-PLL; +20 contiene P10; +20 bloques en path,282497:80:P10 > P10-EXT-LGC-EXTRACCION > P10-EXT-EXT-M202 > P10-EXT-LGC-BMB RECIRCULACION > P10-SRA-BMB-BO70 > P10-SRA-BMB-JOCKEY > P10-SRA-BMB-BOIN > P10-SRA-BMB-DOSIF > P10-EXT-BMB-P439B > P10-PLL-BMB-BS03 || 281343:70:P10 > P10-PRP-LGC-PREPARACION > P10-PRP-LGC-LAMINADORES > P10-PRP-CHD-LCH01 > P10-PRP-CHD-LCH02 > P10-PRP-CHD-LCH03 > P10-PRP-CHD-LCH04 > P10-PRP-LMN-LF01 > P10-PRP-ALM-ALF01 > P10-PRP-CHD-LFBH01 > P10-PRP-LMN-L01 > P10-PRP-ALM-AL01 > P10-PRP-LMN-L02 > P10-PRP-ALM-AL02 > P10-PRP-LMN-L03 > P10-PRP-ALM-AL03 > P10-PRP-LMN-L04 > P10-PRP-ALM-AL04 > P10-PRP-LMN-L05 > P10-PRP-ALM-AL05 > P10-PRP-LMN-L06 > P10-PRP-ALM-AL06 > P10-PRP-LMN-L07 > P10-PRP-ALM-AL07 > P10-PRP-LMN-L08 > P10-PRP-ALM-AL08 > P10-PRP-LMN-L09 > P10-PRP-ALM-AL09 > P10-PRP-LMN-L10 > P10-PRP-ALM-AL10 > P10-PRP-LMN-L11 > P10-PRP-ALM-AL11 > P10-PRP-LMN-L12 > P10-PRP-ALM-AL12 > P10-PRP-LMN-L13 > P10-PRP-ALM-AL13 > P10-PRP-LMN-L14 > P10-PRP-ALM-AL14 > P10-PRP-LMN-L15 > P10-PRP-ALM-AL15 > P10-PRP-LMN-L16 > P10-PRP-ALM-AL16 > P10-PRP-LMN-L17 > P10-PRP-ALM-AL17 > P10-PRP-LMN-L18 > P10-PRP-ALM-AL18 > P10-PRP-LMN-L19 > P10-PRP-ALM-AL19 > P10-PRP-LMN-L20 > P10-PRP-ALM-AL20 > P10-PRP-LMN-L21 > P10-PRP-ALM-AL21 > P10-PRP-LMN-L22 > P10-PRP-ALM-AL22 > P10-PRP-RCT-REC01 > P10-PRP-RCT-REC02 > P10-PRP-VNT-VE10 > P10-PRP-CCL-CVE10 > P10-PRP-RSC-SF12 > P10-PRP-VLV-VR10 > P10-PRP-VNT-VE11 > P10-PRP-CCL-CVE11 > P10-PRP-RSC-SF13 > P10-PRP-VLV-VR11 || 281220:70:P10 > P10-PRP-LGC-PREPARACION > P10-PRP-LGC-EXPANDIDO > P10-PRP-ENF-EE01 > P10-PRP-VLV-VREE1 > P10-PRP-VNT-VE21 > P10-PRP-VNT-VE22 > P10-PRP-VNT-VE23 > P10-PRP-VNT-VE24 > P10-PRP-VNT-VE25 > P10-PRP-VNT-VE26 > P10-PRP-VNT-VTEE01 > P10-PRP-ENF-EE02 > P10-PRP-VLV-VREE2 > P10-PRP-VNT-VE15 > P10-PRP-VNT-VE16 > P10-PRP-VNT-VE17 > P10-PRP-VNT-VE18 > P10-PRP-VNT-VE19 > P10-PRP-VNT-VE20 > P10-PRP-VNT-VTEE02 > P10-PRP-EXP-E01 > P10-PRP-ALM-AE01 > P10-PRP-BMB-EBLI01 > P10-PRP-BMB-EBLE01 > P10-PRP-VNT-VRA01 > P10-PRP-EXP-E02 > P10-PRP-ALM-AE02 > P10-PRP-BMB-EBLI02 > P10-PRP-BMB-EBLE02 > P10-PRP-VNT-VRA02 > P10-PRP-EXP-E03 > P10-PRP-ALM-AE03 > P10-PRP-BMB-EBLI03 > P10-PRP-BMB-EBLE03 > P10-PRP-VNT-VRA03 > P10-PRP-EXP-E04 > P10-PRP-ALM-AE04 > P10-PRP-BMB-EBLI04 > P10-PRP-BMB-EBLE04 > P10-PRP-VNT-VRA04 > P10-PRP-EXP-E05 > P10-PRP-ALM-AE05 > P10-PRP-BMB-EBLI05 > P10-PRP-BMB-EBLE05 > P10-PRP-VNT-VRA05 > P10-PRP-EXP-E06 > P10-PRP-ALM-AE06 > P10-PRP-BMB-EBLI06 > P10-PRP-BMB-EBLE06 > P10-PRP-VNT-VRA06 > P10-PRP-RSC-SF10 || 281069:70:P10 > P10-PRP-LGC-PREPARACION > P10-PRP-LGC-QUEBRADORES > P10-PRP-QBR-Q01 > P10-PRP-ALM-AQ01 > P10-PRP-QBR-Q02 > P10-PRP-ALM-AQ02 > P10-PRP-QBR-Q03 > P10-PRP-ALM-AQ03 > P10-PRP-QBR-Q04 > P10-PRP-ALM-AQ04 > P10-PRP-QBR-Q05 > P10-PRP-ALM-AQ05 > P10-PRP-QBR-Q06 > P10-PRP-ALM-AQ06 > P10-PRP-QBR-Q07 > P10-PRP-ALM-AQ07 > P10-PRP-QBR-Q08 > P10-PRP-ALM-AQ08 > P10-PRP-QBR-Q09 > P10-PRP-ALM-AQ09 > P10-PRP-QBR-Q10 > P10-PRP-ALM-AQ10 > P10-PRP-RSC-SF14 > P10-PRP-VLV-VR18 > P10-PRP-RSC-SF02 > P10-PRP-VNT-VE08 > P10-PRP-CCL-CVE08 > P10-PRP-VLV-VR08 || 385396:70:P10 > P10-PRL-LGC-PRELIMPIEZA > P10-PRL-LGC-MULTIASPIRADORES > P10-PRL-MLT-ASP1 > P10-PRL-ALM-AS01A > P10-PRL-ALM-AS01B > P10-PRL-VNT-VE01 > P10-PRL-CCL-CVE01 > P10-PRL-VLV-VR01 > P10-PRL-MLT-ASP2 > P10-PRL-ALM-AS02A > P10-PRL-ALM-AS02B > P10-PRL-VNT-VE02 > P10-PRL-CCL-CVE02 > P10-PRL-VLV-VR02 > P10-PRL-MLT-ASP3 > P10-PRL-ALM-AS03A > P10-PRL-ALM-AS03B > P10-PRL-VNT-VE03 > P10-PRL-CCL-CVE03 > P10-PRL-VLV-VR03 > P10-PRL-RSC-SF08 || 378617:70:P10 > P10-DSC-LGC-DESCASCARADO > P10-DSC-LGC-MOLINO > P10-DSC-BMB-BS02 > P10-DSC-CCL-CBS02 > P10-DSC-MLN-M05 > P10-DSC-ALM-MA05 > P10-DSC-RSC-MSF05 > P10-DSC-MLN-M06 > P10-DSC-ALM-MA06 > P10-DSC-RSC-MSF06 > P10-DSC-RSC-SF15 > P10-DSC-VLV-VR17 > P10-DSC-VLV-VR15A || 227678:70:P10 > P10-HRN-LGC-HARINA > P10-HRN-LGC-MOLINOS > P10-HRN-MLN-M01 > P10-HRN-ALM-MA01 > P10-HRN-RSC-MSF01 > P10-HRN-MLN-M02 > P10-HRN-ALM-MA02 > P10-HRN-RSC-MSF02 > P10-HRN-MLN-M03 > P10-HRN-ALM-MA03 > P10-HRN-RSC-MSF03 || 385248:70:P10 > P10-PRL-LGC-PRELIMPIEZA > P10-PRL-LGC-MERMA > P10-PRL-BTD-BA06 > P10-PRL-RSC-SF20 > P10-PRL-DSP-DSP01 > P10-PRL-ALM-M3DP > P10-PRL-ALM-M2DP > P10-PRL-VLV-VR36 > P10-PRL-RSC-SF19 > P10-PRL-VNT-M1DP > P10-PRL-RSC-SF16,,"Scoring ambiguo: mejor=80, segundo=70, diferencia=10.",P10,P10-EXT-LGC-EXTRACCION,P10-EXT-EXT-M202,P10-EXT-LGC-BMB RECIRCULACION,P10-SRA-BMB-BO70,P10-SRA-BMB-JOCKEY,P10-SRA-BMB-BOIN,P10-SRA-BMB-DOSIF,P10-EXT-BMB-P439B,P10-PLL-BMB-BS03,,,,,,,,,,,,,,,,,,,,,,,,,,,,,,,,,,,,,,,,,,,,,,,,,,,,,,,,,,,,,,,,,,,,,,,hay más de un contenedor candidato
contenedor_duplicado,contenedor,P10-PLL-RDL-R37,REDLER A PELLETERAS R37,911,3,911,P10-PLL-LGC-PELLETERA,P10-PLL-LGC-PELLETERA,P10-PLL-LGC-PELLETERA,P10 > P10-PLL-LGC-PELLETERA,P10 > P10-PLL-LGC-PELLETERA > P10-PLL-RDL-R37,282497,a027b4da-4e9c-44ad-b607-5fb48d4c7061-00044f81,Cubiertas,,Genérico - 400 mm,Genérico - 400 mm,P10-EXT-LGC-BMB,P10 > P10-EXT-LGC-EXTRACCION > P10-EXT-EXT-M202 > P10-EXT-LGC-BMB RECIRCULACION > P10-SRA-BMB-BO70 > P10-SRA-BMB-JOCKEY > P10-SRA-BMB-BOIN > P10-SRA-BMB-DOSIF > P10-EXT-BMB-P439B > P10-PLL-BMB-BS03,contenedor_scoring,282497,a027b4da-4e9c-44ad-b607-5fb48d4c7061-00044f81,P10 > P10-EXT-LGC-EXTRACCION > P10-EXT-EXT-M202 > P10-EXT-LGC-BMB RECIRCULACION > P10-SRA-BMB-BO70 > P10-SRA-BMB-JOCKEY > P10-SRA-BMB-BOIN > P10-SRA-BMB-DOSIF > P10-EXT-BMB-P439B > P10-PLL-BMB-BS03,10,70,NO,80,70,10,+40 contiene P10-PLL; +20 contiene P10; +20 bloques en path,282497:80:P10 > P10-EXT-LGC-EXTRACCION > P10-EXT-EXT-M202 > P10-EXT-LGC-BMB RECIRCULACION > P10-SRA-BMB-BO70 > P10-SRA-BMB-JOCKEY > P10-SRA-BMB-BOIN > P10-SRA-BMB-DOSIF > P10-EXT-BMB-P439B > P10-PLL-BMB-BS03 || 377104:70:P10 > P10-PRP-LGC-PREPARACION > P10-PRP-LGC-REDLER > P10-PRP-RDL-R20A > P10-PRP-RDL-R20B > P10-PRP-RDL-R17 > P10-PRP-RDL-R05 > P10-PRP-RDL-R18 > P10-PRP-RDL-R07 > P10-PRP-RDL-R09 > P10-PRP-RDL-R10 > P10-PRP-RDL-R11 > P10-PRP-RDL-R12 > P10-PRP-RDL-R13 > P10-PRP-RDL-R14 > P10-PRP-RDL-R15 > P10-PRP-RDL-R16 > P10-PRP-RDL-R19 > P10-PRP-RDL-R20 > P10-PRP-RDL-R22 > P10-PRP-RDL-RD05 > P10-PRP-RDL-RZ04 > P10-PRP-RDL-RZ08 || 378728:70:P10 > P10-DSC-LGC-DESCASCARADO > P10-DSC-LGC-REDLER > P10-DSC-RDL-R33 > P10-DSC-RDL-R34 > P10-DSC-RDL-R35 > P10-DSC-RDL-R36 || 281815:60:P10 > P10-PRP-LGC-PREPARACION > P10-PRP-LGC-REDLER || 376995:60:P10 > P10-PRP-LGC-PREPARACION > P10-PRP-LGC-REDLER || 385416:60:P10 > P10-PRL-LGC-PRELIMPIEZA > P10-PRL-LGC-REDLER || 385436:60:P10 > P10-PRL-LGC-PRELIMPIEZA > P10-PRL-LGC-REDLER,,"Scoring ambiguo: mejor=80, segundo=70, diferencia=10.",P10,P10-EXT-LGC-EXTRACCION,P10-EXT-EXT-M202,P10-EXT-LGC-BMB RECIRCULACION,P10-SRA-BMB-BO70,P10-SRA-BMB-JOCKEY,P10-SRA-BMB-BOIN,P10-SRA-BMB-DOSIF,P10-EXT-BMB-P439B,P10-PLL-BMB-BS03,,,,,,,,,,,,,,,,,,,,,,,,,,,,,,,,,,,,,,,,,,,,,,,,,,,,,,,,,,,,,,,,,,,,,,,hay más de un contenedor candidato
contenedor_duplicado,contenedor,P10-PLL-VLV-SOV-P02,VALVULA ON-OFF DE VAPOR A PELLETERA P02,912,3,912,P10-PLL-LGC-PELLETERA,P10-PLL-LGC-PELLETERA,P10-PLL-LGC-PELLETERA,P10 > P10-PLL-LGC-PELLETERA,P10 > P10-PLL-LGC-PELLETERA > P10-PLL-VLV-SOV-P02,227527,25d0f85d-57da-4cae-8ca2-9b682363407e-000378c7,Cubiertas,,Genérico - 400 mm,Genérico - 400 mm,P10-SRV-CLD-CMB,P10 > P10-SRV-LGC-SERVICIOS > P10-SRV-CLD-CMB > P10-SRV-BMB-BO01 > P10-SRV-BMB-BO02 > P10-SRV-BMB-BO39 > P10-SRV-BMB-BO38 > P10-SRV-BMB-BO45 > P10-SRV-BMB-BO44 > P10-SRV-BMB-BO42 > P10-SRV-BMB-BO43 > P10-SRV-BMB-BO52 > P10-SRV-CLC-COLECTOR > P10-SRV-LGC-VALV > P10-SRV-VLV-CCV-001 > P10-SRV-VLV-PCV-001 > P10-SRV-VLV-SGR > P10-SRV-VLV-LCV-001 > P10-SRV-VLV-PCV-003 > P10-SRV-VLV-SOV-002 > P10-SRV-VLV-SOV-001 > P10-SRV-VLV-SOV-004 > P10-SRV-VLV-SOV-003 > P10-SRV-FLT-FG02 > P10-SRV-MGN-MAGNETROL > P10-SRV-SPL-SH01 > P10-SRV-SPL-SH02 > P10-SRV-SPL-SH03 > P10-SRV-SPL-SH04 > P10-SRV-TNQ-TKFLASH > P10-SRV-TNQ-TKRESERVA > P10-SRV-TNQ-TKDESAIREADOR > P10-SRV-VLV-LCV-002 > P10-SRV-VLV-PCV-004 > P10-SRV-VNT-VTF01,contenedor_scoring,227527,25d0f85d-57da-4cae-8ca2-9b682363407e-000378c7,P10 > P10-SRV-LGC-SERVICIOS > P10-SRV-CLD-CMB > P10-SRV-BMB-BO01 > P10-SRV-BMB-BO02 > P10-SRV-BMB-BO39 > P10-SRV-BMB-BO38 > P10-SRV-BMB-BO45 > P10-SRV-BMB-BO44 > P10-SRV-BMB-BO42 > P10-SRV-BMB-BO43 > P10-SRV-BMB-BO52 > P10-SRV-CLC-COLECTOR > P10-SRV-LGC-VALV > P10-SRV-VLV-CCV-001 > P10-SRV-VLV-PCV-001 > P10-SRV-VLV-SGR > P10-SRV-VLV-LCV-001 > P10-SRV-VLV-PCV-003 > P10-SRV-VLV-SOV-002 > P10-SRV-VLV-SOV-001 > P10-SRV-VLV-SOV-004 > P10-SRV-VLV-SOV-003 > P10-SRV-FLT-FG02 > P10-SRV-MGN-MAGNETROL > P10-SRV-SPL-SH01 > P10-SRV-SPL-SH02 > P10-SRV-SPL-SH03 > P10-SRV-SPL-SH04 > P10-SRV-TNQ-TKFLASH > P10-SRV-TNQ-TKRESERVA > P10-SRV-TNQ-TKDESAIREADOR > P10-SRV-VLV-LCV-002 > P10-SRV-VLV-PCV-004 > P10-SRV-VNT-VTF01,35,45,NO,80,80,0,+60 equivalencia tipo VLV; +20 contiene P10; +30 bloques en path; -30 otro sector (SRV),227527:80:P10 > P10-SRV-LGC-SERVICIOS > P10-SRV-CLD-CMB > P10-SRV-BMB-BO01 > P10-SRV-BMB-BO02 > P10-SRV-BMB-BO39 > P10-SRV-BMB-BO38 > P10-SRV-BMB-BO45 > P10-SRV-BMB-BO44 > P10-SRV-BMB-BO42 > P10-SRV-BMB-BO43 > P10-SRV-BMB-BO52 > P10-SRV-CLC-COLECTOR > P10-SRV-LGC-VALV > P10-SRV-VLV-CCV-001 > P10-SRV-VLV-PCV-001 > P10-SRV-VLV-SGR > P10-SRV-VLV-LCV-001 > P10-SRV-VLV-PCV-003 > P10-SRV-VLV-SOV-002 > P10-SRV-VLV-SOV-001 > P10-SRV-VLV-SOV-004 > P10-SRV-VLV-SOV-003 > P10-SRV-FLT-FG02 > P10-SRV-MGN-MAGNETROL > P10-SRV-SPL-SH01 > P10-SRV-SPL-SH02 > P10-SRV-SPL-SH03 > P10-SRV-SPL-SH04 > P10-SRV-TNQ-TKFLASH > P10-SRV-TNQ-TKRESERVA > P10-SRV-TNQ-TKDESAIREADOR > P10-SRV-VLV-LCV-002 > P10-SRV-VLV-PCV-004 > P10-SRV-VNT-VTF01 || 282497:80:P10 > P10-EXT-LGC-EXTRACCION > P10-EXT-EXT-M202 > P10-EXT-LGC-BMB RECIRCULACION > P10-SRA-BMB-BO70 > P10-SRA-BMB-JOCKEY > P10-SRA-BMB-BOIN > P10-SRA-BMB-DOSIF > P10-EXT-BMB-P439B > P10-PLL-BMB-BS03 || 281343:70:P10 > P10-PRP-LGC-PREPARACION > P10-PRP-LGC-LAMINADORES > P10-PRP-CHD-LCH01 > P10-PRP-CHD-LCH02 > P10-PRP-CHD-LCH03 > P10-PRP-CHD-LCH04 > P10-PRP-LMN-LF01 > P10-PRP-ALM-ALF01 > P10-PRP-CHD-LFBH01 > P10-PRP-LMN-L01 > P10-PRP-ALM-AL01 > P10-PRP-LMN-L02 > P10-PRP-ALM-AL02 > P10-PRP-LMN-L03 > P10-PRP-ALM-AL03 > P10-PRP-LMN-L04 > P10-PRP-ALM-AL04 > P10-PRP-LMN-L05 > P10-PRP-ALM-AL05 > P10-PRP-LMN-L06 > P10-PRP-ALM-AL06 > P10-PRP-LMN-L07 > P10-PRP-ALM-AL07 > P10-PRP-LMN-L08 > P10-PRP-ALM-AL08 > P10-PRP-LMN-L09 > P10-PRP-ALM-AL09 > P10-PRP-LMN-L10 > P10-PRP-ALM-AL10 > P10-PRP-LMN-L11 > P10-PRP-ALM-AL11 > P10-PRP-LMN-L12 > P10-PRP-ALM-AL12 > P10-PRP-LMN-L13 > P10-PRP-ALM-AL13 > P10-PRP-LMN-L14 > P10-PRP-ALM-AL14 > P10-PRP-LMN-L15 > P10-PRP-ALM-AL15 > P10-PRP-LMN-L16 > P10-PRP-ALM-AL16 > P10-PRP-LMN-L17 > P10-PRP-ALM-AL17 > P10-PRP-LMN-L18 > P10-PRP-ALM-AL18 > P10-PRP-LMN-L19 > P10-PRP-ALM-AL19 > P10-PRP-LMN-L20 > P10-PRP-ALM-AL20 > P10-PRP-LMN-L21 > P10-PRP-ALM-AL21 > P10-PRP-LMN-L22 > P10-PRP-ALM-AL22 > P10-PRP-RCT-REC01 > P10-PRP-RCT-REC02 > P10-PRP-VNT-VE10 > P10-PRP-CCL-CVE10 > P10-PRP-RSC-SF12 > P10-PRP-VLV-VR10 > P10-PRP-VNT-VE11 > P10-PRP-CCL-CVE11 > P10-PRP-RSC-SF13 > P10-PRP-VLV-VR11 || 281220:70:P10 > P10-PRP-LGC-PREPARACION > P10-PRP-LGC-EXPANDIDO > P10-PRP-ENF-EE01 > P10-PRP-VLV-VREE1 > P10-PRP-VNT-VE21 > P10-PRP-VNT-VE22 > P10-PRP-VNT-VE23 > P10-PRP-VNT-VE24 > P10-PRP-VNT-VE25 > P10-PRP-VNT-VE26 > P10-PRP-VNT-VTEE01 > P10-PRP-ENF-EE02 > P10-PRP-VLV-VREE2 > P10-PRP-VNT-VE15 > P10-PRP-VNT-VE16 > P10-PRP-VNT-VE17 > P10-PRP-VNT-VE18 > P10-PRP-VNT-VE19 > P10-PRP-VNT-VE20 > P10-PRP-VNT-VTEE02 > P10-PRP-EXP-E01 > P10-PRP-ALM-AE01 > P10-PRP-BMB-EBLI01 > P10-PRP-BMB-EBLE01 > P10-PRP-VNT-VRA01 > P10-PRP-EXP-E02 > P10-PRP-ALM-AE02 > P10-PRP-BMB-EBLI02 > P10-PRP-BMB-EBLE02 > P10-PRP-VNT-VRA02 > P10-PRP-EXP-E03 > P10-PRP-ALM-AE03 > P10-PRP-BMB-EBLI03 > P10-PRP-BMB-EBLE03 > P10-PRP-VNT-VRA03 > P10-PRP-EXP-E04 > P10-PRP-ALM-AE04 > P10-PRP-BMB-EBLI04 > P10-PRP-BMB-EBLE04 > P10-PRP-VNT-VRA04 > P10-PRP-EXP-E05 > P10-PRP-ALM-AE05 > P10-PRP-BMB-EBLI05 > P10-PRP-BMB-EBLE05 > P10-PRP-VNT-VRA05 > P10-PRP-EXP-E06 > P10-PRP-ALM-AE06 > P10-PRP-BMB-EBLI06 > P10-PRP-BMB-EBLE06 > P10-PRP-VNT-VRA06 > P10-PRP-RSC-SF10 || 369188:70:P10 > P10-PRP-LGC-PREPARACION > P10-PRP-LGC-BEAN > P10-PRP-BHT-BH01 > P10-PRP-ART-BHART01 > P10-PRP-BSC-BHD01 > P10-PRP-VLV-BHA01 > P10-PRP-VLV-VSBH01 > P10-PRP-VLV-VGBH01N > P10-PRP-VLV-VGBH01S > P10-PRP-VNT-VE05 > P10-PRP-CCL-CVE05 > P10-PRP-VLV-VR05 > P10-PRP-BHT-BH02 > P10-PRP-ART-BHART02 > P10-PRP-BSC-BHD02 > P10-PRP-VLV-BHA02 > P10-PRP-VLV-VSBH02 > P10-PRP-VLV-VGBH02N > P10-PRP-VLV-VGBH02S > P10-PRP-VNT-VE06 > P10-PRP-CCL-CVE06 > P10-PRP-VLV-VR06 > P10-PRP-BHT-BH03 > P10-PRP-ART-BHART03 > P10-PRP-BSC-BHD03 > P10-PRP-VLV-BHA03 > P10-PRP-VLV-VSBH03 > P10-PRP-VLV-VGBH03N > P10-PRP-VLV-VGBH03S > P10-PRP-VNT-VE07 > P10-PRP-CCL-CVE07 > P10-PRP-VLV-VR07 > P10-PRP-BMB-BBH01 > P10-PRP-BMB-BBH02 > P10-PRP-SPR-SEPGOT || 282997:70:P10 > P10-EXT-LGC-EXTRACCION > P10-EXT-LGC-DESGOMADO > P10-EXT-BMB-PSODA > P10-EXT-BMB-P435A > P10-EXT-CLT-HX445 > P10-EXT-DSG-C425 > P10-EXT-DSG-C430 > P10-EXT-DSG-C435 > P10-EXT-ENF-HX460 > P10-EXT-INT-HX440 > P10-EXT-BMB-P439 > P10-EXT-SCD-V450 > P10-EXT-BMB-P450 > P10-EXT-TNQ-V415 > P10-EXT-BMB-P415 > P10-EXT-TNQ-HX435 > P10-EXT-BMB-P435 > P10-EXT-TNQ-V495 > P10-EXT-BMB-P491 > P10-EXT-TNQ-V410 > P10-EXT-AGT-A420C > P10-EXT-BMB-P410 > P10-EXT-TNQ-V420 > P10-EXT-AGT-A420 > P10-EXT-VLV-VSA420 > P10-EXT-TNQ-V420B > P10-EXT-TNQ-TK492 > P10-EXT-BMB-P492 > P10-EXT-VLV-SOV430 > P10-EXT-VLV-SOV426 || 281069:70:P10 > P10-PRP-LGC-PREPARACION > P10-PRP-LGC-QUEBRADORES > P10-PRP-QBR-Q01 > P10-PRP-ALM-AQ01 > P10-PRP-QBR-Q02 > P10-PRP-ALM-AQ02 > P10-PRP-QBR-Q03 > P10-PRP-ALM-AQ03 > P10-PRP-QBR-Q04 > P10-PRP-ALM-AQ04 > P10-PRP-QBR-Q05 > P10-PRP-ALM-AQ05 > P10-PRP-QBR-Q06 > P10-PRP-ALM-AQ06 > P10-PRP-QBR-Q07 > P10-PRP-ALM-AQ07 > P10-PRP-QBR-Q08 > P10-PRP-ALM-AQ08 > P10-PRP-QBR-Q09 > P10-PRP-ALM-AQ09 > P10-PRP-QBR-Q10 > P10-PRP-ALM-AQ10 > P10-PRP-RSC-SF14 > P10-PRP-VLV-VR18 > P10-PRP-RSC-SF02 > P10-PRP-VNT-VE08 > P10-PRP-CCL-CVE08 > P10-PRP-VLV-VR08 || 282656:70:P10 > P10-EXT-LGC-EXTRACCION > P10-EXT-TST-DT250 > P10-EXT-CND-HX303 > P10-EXT-LGC-VLV > P10-EXT-VLV-PRV259 > P10-EXT-VLV-PRV258 > P10-EXT-VLV-PRV260 > P10-EXT-MND-M250A > P10-EXT-RDC-RDT250 > P10-EXT-BMB-P250 > P10-EXT-TNQ-V480 > P10-EXT-BMB-P490 > P10-EXT-BMB-P481 > P10-EXT-BMB-P482 > P10-EXT-TNQ-V262 > P10-EXT-TNQ-V475 > P10-EXT-VLV-SOV250 > P10-EXT-VLV-RV255A > P10-EXT-VLV-RV255B > P10-EXT-VLV-RV256A > P10-EXT-VLV-RV256B > P10-EXT-VLV-RV257A > P10-EXT-VLV-RV257B > P10-EXT-VLV-RV258A > P10-EXT-VLV-RV258B > P10-EXT-VLV-RV259 > P10-EXT-VLV-RV260 > P10-EXT-VLV-SOV252 || ... +15,,"Scoring ambiguo: mejor=80, segundo=80, diferencia=0.",P10,P10-SRV-LGC-SERVICIOS,P10-SRV-CLD-CMB,P10-SRV-BMB-BO01,P10-SRV-BMB-BO02,P10-SRV-BMB-BO39,P10-SRV-BMB-BO38,P10-SRV-BMB-BO45,P10-SRV-BMB-BO44,P10-SRV-BMB-BO42,P10-SRV-BMB-BO43,P10-SRV-BMB-BO52,P10-SRV-CLC-COLECTOR,P10-SRV-LGC-VALV,P10-SRV-VLV-CCV-001,P10-SRV-VLV-PCV-001,P10-SRV-VLV-SGR,P10-SRV-VLV-LCV-001,P10-SRV-VLV-PCV-003,P10-SRV-VLV-SOV-002,P10-SRV-VLV-SOV-001,P10-SRV-VLV-SOV-004,P10-SRV-VLV-SOV-003,P10-SRV-FLT-FG02,P10-SRV-MGN-MAGNETROL,P10-SRV-SPL-SH01,P10-SRV-SPL-SH02,P10-SRV-SPL-SH03,P10-SRV-SPL-SH04,P10-SRV-TNQ-TKFLASH,P10-SRV-TNQ-TKRESERVA,P10-SRV-TNQ-TKDESAIREADOR,P10-SRV-VLV-LCV-002,P10-SRV-VLV-PCV-004,P10-SRV-VNT-VTF01,,,,,,,,,,,,,,,,,,,,,,,,,,,,,,,,,,,,,,,,,,,,,,hay más de un contenedor candidato
