planta_codigo,sector_codigo,sector_nombre,nivel_manual,nombre_visible,codigo_lgc,description_destino,codigo_sector_lgc,codigo_subsector_lgc,codigo_unidad_manual,nombre_unidad_manual,codigo_fuente_excel,descripcion_fuente_excel,regla_generacion
PR,PLYMP,PLAYA Y MATERIA PRIMA,SECTOR,PLAYA Y MATERIA PRIMA,PR-PLYMP-LGC-PLAYA Y MP,BTZ_Description_02,PR-PLYMP-LGC-PLAYA Y MP,,,,PR-PLYMP-LGC-PLAYA Y MP,LOGICO PLAYA Y MATERIA PRIMA,SECTOR_DESDE_RAIZ_PR
PR,PLYMP,PLAYA Y MATERIA PRIMA,SUBSECTOR,CALADO ACEITE,PR-PLYMP-LGC-CALADO ACEITE,BTZ_Description_03,PR-PLYMP-LGC-PLAYA Y MP,PR-PLYMP-LGC-CALADO ACEITE,,,PR-PLYMP-LGC-CALADO ACEITE,LOGICO CALADO ACEITE,SUBSECTOR_DESDE_HIJO_LGC_O_NODO_INTERMEDIO
PR,PLYMP,PLAYA Y MATERIA PRIMA,SUBSECTOR,CALADORES,PR-PLYMP-LGC-CALADORES,BTZ_Description_03,PR-PLYMP-LGC-PLAYA Y MP,PR-PLYMP-LGC-CALADORES,,,PR-PLYMP-LGC-CALADORES,LOGICO CALADORES,SUBSECTOR_DESDE_HIJO_LGC_O_NODO_INTERMEDIO
PR,PLYMP,PLAYA Y MATERIA PRIMA,UNIDAD,SCAL,PR-PLYMP-BMB-SCAL,BTZ_Description_04,PR-PLYMP-LGC-PLAYA Y MP,PR-PLYMP-LGC-CALADORES,PR-PLYMP-BMB-SCAL,BOMBA SOPLANTE CALADORES,PR-PLYMP-BMB-SCAL,BOMBA SOPLANTE CALADORES,UNIDAD_HOJA_BAJO_SUBSECTOR
PR,PLYMP,PLAYA Y MATERIA PRIMA,UNIDAD,CLD1,PR-PLYMP-CNT-CLD1,BTZ_Description_04,PR-PLYMP-LGC-PLAYA Y MP,PR-PLYMP-LGC-CALADORES,PR-PLYMP-CNT-CLD1,CINTA TRANSP. PORTATIL 1 CALADO,PR-PLYMP-CNT-CLD1,CINTA TRANSP. PORTATIL 1 CALADO,UNIDAD_HOJA_BAJO_SUBSECTOR
PR,PLYMP,PLAYA Y MATERIA PRIMA,UNIDAD,CLD2,PR-PLYMP-CNT-CLD2,BTZ_Description_04,PR-PLYMP-LGC-PLAYA Y MP,PR-PLYMP-LGC-CALADORES,PR-PLYMP-CNT-CLD2,CINTA TRANSP. PORTATIL 2 CALADO,PR-PLYMP-CNT-CLD2,CINTA TRANSP. PORTATIL 2 CALADO,UNIDAD_HOJA_BAJO_SUBSECTOR
PR,PLYMP,PLAYA Y MATERIA PRIMA,UNIDAD,CLD3,PR-PLYMP-CNT-CLD3,BTZ_Description_04,PR-PLYMP-LGC-PLAYA Y MP,PR-PLYMP-LGC-CALADORES,PR-PLYMP-CNT-CLD3,CINTA TRANSP. PORTATIL 3 CALADO,PR-PLYMP-CNT-CLD3,CINTA TRANSP. PORTATIL 3 CALADO,UNIDAD_HOJA_BAJO_SUBSECTOR
PR,PLYMP,PLAYA Y MATERIA PRIMA,SUBSECTOR,CINTAS TRANSPORTADORAS PLYMP,PR-PLYMP-LGC-CINTAS TRANSP,BTZ_Description_03,PR-PLYMP-LGC-PLAYA Y MP,PR-PLYMP-LGC-CINTAS TRANSP,,,PR-PLYMP-LGC-CINTAS TRANSP,LOGICO CINTAS TRANSPORTADORAS PLYMP,SUBSECTOR_DESDE_HIJO_LGC_O_NODO_INTERMEDIO
PR,PLYMP,PLAYA Y MATERIA PRIMA,UNIDAD,CRU2,PR-PLYMP-CNT-CRU2,BTZ_Description_04,PR-PLYMP-LGC-PLAYA Y MP,PR-PLYMP-LGC-CINTAS TRANSP,PR-PLYMP-CNT-CRU2,CINTA TRANSP. CRUCERO 2,PR-PLYMP-CNT-CRU2,CINTA TRANSP. CRUCERO 2,UNIDAD_HOJA_BAJO_SUBSECTOR
PR,PLYMP,PLAYA Y MATERIA PRIMA,UNIDAD,CSG3,PR-PLYMP-CNT-CSG3,BTZ_Description_04,PR-PLYMP-LGC-PLAYA Y MP,PR-PLYMP-LGC-CINTAS TRANSP,PR-PLYMP-CNT-CSG3,CINTA TRANSP. CSG-3,PR-PLYMP-CNT-CSG3,CINTA TRANSP. CSG-3,UNIDAD_HOJA_BAJO_SUBSECTOR
PR,PLYMP,PLAYA Y MATERIA PRIMA,SUBSECTOR,NORIAS PLYMP,PR-PLYMP-LGC-NORIAS,BTZ_Description_03,PR-PLYMP-LGC-PLAYA Y MP,PR-PLYMP-LGC-NORIAS,,,PR-PLYMP-LGC-NORIAS,LOGICO NORIAS PLYMP,SUBSECTOR_DESDE_HIJO_LGC_O_NODO_INTERMEDIO
PR,PLYMP,PLAYA Y MATERIA PRIMA,UNIDAD,N02,PR-PLYMP-NOR-N02,BTZ_Description_04,PR-PLYMP-LGC-PLAYA Y MP,PR-PLYMP-LGC-NORIAS,PR-PLYMP-NOR-N02,NORIA N-02,PR-PLYMP-NOR-N02,NORIA N-02,UNIDAD_HOJA_BAJO_SUBSECTOR
PR,PLYMP,PLAYA Y MATERIA PRIMA,UNIDAD,N03,PR-PLYMP-NOR-N03,BTZ_Description_04,PR-PLYMP-LGC-PLAYA Y MP,PR-PLYMP-LGC-NORIAS,PR-PLYMP-NOR-N03,NORIA N-03,PR-PLYMP-NOR-N03,NORIA N-03,UNIDAD_HOJA_BAJO_SUBSECTOR
PR,PLYMP,PLAYA Y MATERIA PRIMA,UNIDAD,N04,PR-PLYMP-NOR-N04,BTZ_Description_04,PR-PLYMP-LGC-PLAYA Y MP,PR-PLYMP-LGC-NORIAS,PR-PLYMP-NOR-N04,NORIA N-04,PR-PLYMP-NOR-N04,NORIA N-04,UNIDAD_HOJA_BAJO_SUBSECTOR
PR,PLYMP,PLAYA Y MATERIA PRIMA,UNIDAD,N05,PR-PLYMP-NOR-N05,BTZ_Description_04,PR-PLYMP-LGC-PLAYA Y MP,PR-PLYMP-LGC-NORIAS,PR-PLYMP-NOR-N05,NORIA N-05,PR-PLYMP-NOR-N05,NORIA N-05,UNIDAD_HOJA_BAJO_SUBSECTOR
PR,PLYMP,PLAYA Y MATERIA PRIMA,UNIDAD,N06,PR-PLYMP-NOR-N06,BTZ_Description_04,PR-PLYMP-LGC-PLAYA Y MP,PR-PLYMP-LGC-NORIAS,PR-PLYMP-NOR-N06,NORIA N-06,PR-PLYMP-NOR-N06,NORIA N-06,UNIDAD_HOJA_BAJO_SUBSECTOR
PR,PLYMP,PLAYA Y MATERIA PRIMA,UNIDAD,N07PTV1,PR-PLYMP-NOR-N07PTV1,BTZ_Description_04,PR-PLYMP-LGC-PLAYA Y MP,PR-PLYMP-LGC-NORIAS,PR-PLYMP-NOR-N07PTV1,NORIA N-07 PTV Nº 1,PR-PLYMP-NOR-N07PTV1,NORIA N-07 PTV Nº 1,UNIDAD_HOJA_BAJO_SUBSECTOR
PR,PLYMP,PLAYA Y MATERIA PRIMA,UNIDAD,N10/APTV6,PR-PLYMP-NOR-N10/APTV6,BTZ_Description_04,PR-PLYMP-LGC-PLAYA Y MP,PR-PLYMP-LGC-NORIAS,PR-PLYMP-NOR-N10/APTV6,NORIA N-10/A PTV Nº 6 SV K.W. <N>,PR-PLYMP-NOR-N10/APTV6,NORIA N-10/A PTV Nº 6 SV K.W. <N>,UNIDAD_HOJA_BAJO_SUBSECTOR
PR,PLYMP,PLAYA Y MATERIA PRIMA,UNIDAD,N10PTV6,PR-PLYMP-NOR-N10PTV6,BTZ_Description_04,PR-PLYMP-LGC-PLAYA Y MP,PR-PLYMP-LGC-NORIAS,PR-PLYMP-NOR-N10PTV6,NORIA N-10 PTV Nº 6 SV K.W. <S>,PR-PLYMP-NOR-N10PTV6,NORIA N-10 PTV Nº 6 SV K.W. <S>,UNIDAD_HOJA_BAJO_SUBSECTOR
PR,PLYMP,PLAYA Y MATERIA PRIMA,UNIDAD,N11PTV7,PR-PLYMP-NOR-N11PTV7,BTZ_Description_04,PR-PLYMP-LGC-PLAYA Y MP,PR-PLYMP-LGC-NORIAS,PR-PLYMP-NOR-N11PTV7,NORIA N-11 PTV Nº 7 SV K.W. <N>,PR-PLYMP-NOR-N11PTV7,NORIA N-11 PTV Nº 7 SV K.W. <N>,UNIDAD_HOJA_BAJO_SUBSECTOR
PR,PLYMP,PLAYA Y MATERIA PRIMA,UNIDAD,N12PTV8,PR-PLYMP-NOR-N12PTV8,BTZ_Description_04,PR-PLYMP-LGC-PLAYA Y MP,PR-PLYMP-LGC-NORIAS,PR-PLYMP-NOR-N12PTV8,NORIA N-12 PTV Nº 8,PR-PLYMP-NOR-N12PTV8,NORIA N-12 PTV Nº 8,UNIDAD_HOJA_BAJO_SUBSECTOR
PR,PLYMP,PLAYA Y MATERIA PRIMA,UNIDAD,N13SCH,PR-PLYMP-NOR-N13SCH,BTZ_Description_04,PR-PLYMP-LGC-PLAYA Y MP,PR-PLYMP-LGC-NORIAS,PR-PLYMP-NOR-N13SCH,NORIA N-13 <NORTE A SILOS CHIEF>,PR-PLYMP-NOR-N13SCH,NORIA N-13 <NORTE A SILOS CHIEF>,UNIDAD_HOJA_BAJO_SUBSECTOR
PR,PLYMP,PLAYA Y MATERIA PRIMA,UNIDAD,N14SCH,PR-PLYMP-NOR-N14SCH,BTZ_Description_04,PR-PLYMP-LGC-PLAYA Y MP,PR-PLYMP-LGC-NORIAS,PR-PLYMP-NOR-N14SCH,NORIA N-14 <SUR A SILOS CHIEF>,PR-PLYMP-NOR-N14SCH,NORIA N-14 <SUR A SILOS CHIEF>,UNIDAD_HOJA_BAJO_SUBSECTOR
PR,PLYMP,PLAYA Y MATERIA PRIMA,UNIDAD,N15,PR-PLYMP-NOR-N15,BTZ_Description_04,PR-PLYMP-LGC-PLAYA Y MP,PR-PLYMP-LGC-NORIAS,PR-PLYMP-NOR-N15,NORIA N-15 PTV Nº 9 <E>,PR-PLYMP-NOR-N15,NORIA N-15 PTV Nº 9 <E>,UNIDAD_HOJA_BAJO_SUBSECTOR
PR,PLYMP,PLAYA Y MATERIA PRIMA,UNIDAD,N16,PR-PLYMP-NOR-N16,BTZ_Description_04,PR-PLYMP-LGC-PLAYA Y MP,PR-PLYMP-LGC-NORIAS,PR-PLYMP-NOR-N16,NORIA N-16 PTV Nº 10 <O>,PR-PLYMP-NOR-N16,NORIA N-16 PTV Nº 10 <O>,UNIDAD_HOJA_BAJO_SUBSECTOR
PR,PLYMP,PLAYA Y MATERIA PRIMA,SUBSECTOR,PLATAFORMAS VOLCABLES,PR-PLYMP-LGC-PLATAFORMAS VOLC,BTZ_Description_03,PR-PLYMP-LGC-PLAYA Y MP,PR-PLYMP-LGC-PLATAFORMAS VOLC,,,PR-PLYMP-LGC-PLATAFORMAS VOLC,LOGICO PLATAFORMAS VOLCABLES,SUBSECTOR_DESDE_HIJO_LGC_O_NODO_INTERMEDIO
PR,PLYMP,PLAYA Y MATERIA PRIMA,SUBSECTOR,PLAYA DE CAMIONES,PR-PLYMP-LGC-PLAYA DE CAMIONES,BTZ_Description_03,PR-PLYMP-LGC-PLAYA Y MP,PR-PLYMP-LGC-PLAYA DE CAMIONES,,,PR-PLYMP-LGC-PLAYA DE CAMIONES,LOGICO PLAYA DE CAMIONES,SUBSECTOR_DESDE_HIJO_LGC_O_NODO_INTERMEDIO
PR,PLYMP,PLAYA Y MATERIA PRIMA,UNIDAD,CAM1,PR-PLYMP-PLY-CAM1,BTZ_Description_04,PR-PLYMP-LGC-PLAYA Y MP,PR-PLYMP-LGC-PLAYA DE CAMIONES,PR-PLYMP-PLY-CAM1,PLAYA DE CAMIONES Nº 1 <S>,PR-PLYMP-PLY-CAM1,PLAYA DE CAMIONES Nº 1 <S>,UNIDAD_HOJA_BAJO_SUBSECTOR
PR,PLYMP,PLAYA Y MATERIA PRIMA,UNIDAD,CAM2,PR-PLYMP-PLY-CAM2,BTZ_Description_04,PR-PLYMP-LGC-PLAYA Y MP,PR-PLYMP-LGC-PLAYA DE CAMIONES,PR-PLYMP-PLY-CAM2,PLAYA DE CAMIONES Nº 2 <N>,PR-PLYMP-PLY-CAM2,PLAYA DE CAMIONES Nº 2 <N>,UNIDAD_HOJA_BAJO_SUBSECTOR
PR,PLYMP,PLAYA Y MATERIA PRIMA,UNIDAD,CAM3,PR-PLYMP-PLY-CAM3,BTZ_Description_04,PR-PLYMP-LGC-PLAYA Y MP,PR-PLYMP-LGC-PLAYA DE CAMIONES,PR-PLYMP-PLY-CAM3,PLAYA DE CAMIONES Nº 3,PR-PLYMP-PLY-CAM3,PLAYA DE CAMIONES Nº 3,UNIDAD_HOJA_BAJO_SUBSECTOR
PR,PLYMP,PLAYA Y MATERIA PRIMA,UNIDAD,CAM4,PR-PLYMP-PLY-CAM4,BTZ_Description_04,PR-PLYMP-LGC-PLAYA Y MP,PR-PLYMP-LGC-PLAYA DE CAMIONES,PR-PLYMP-PLY-CAM4,PLAYA DE CAMIONES Nº 4,PR-PLYMP-PLY-CAM4,PLAYA DE CAMIONES Nº 4,UNIDAD_HOJA_BAJO_SUBSECTOR
PR,PLYMP,PLAYA Y MATERIA PRIMA,UNIDAD,CAM5,PR-PLYMP-PLY-CAM5,BTZ_Description_04,PR-PLYMP-LGC-PLAYA Y MP,PR-PLYMP-LGC-PLAYA DE CAMIONES,PR-PLYMP-PLY-CAM5,PLAYA DE CAMIONES Nº 5 <AO12>,PR-PLYMP-PLY-CAM5,PLAYA DE CAMIONES Nº 5 <AO12>,UNIDAD_HOJA_BAJO_SUBSECTOR
PR,PLYMP,PLAYA Y MATERIA PRIMA,SUBSECTOR,PRELIMPIADORES PLYMP,PR-PLYMP-LGC-PRELIMPIADORES,BTZ_Description_03,PR-PLYMP-LGC-PLAYA Y MP,PR-PLYMP-LGC-PRELIMPIADORES,,,PR-PLYMP-LGC-PRELIMPIADORES,LOGICO PRELIMPIADORES PLYMP,SUBSECTOR_DESDE_HIJO_LGC_O_NODO_INTERMEDIO
PR,PLYMP,PLAYA Y MATERIA PRIMA,SUBSECTOR,PRELIMPIEZA PLYMP,PR-PLYMP-LGC-PRELIMPIEZA,BTZ_Description_03,PR-PLYMP-LGC-PLAYA Y MP,PR-PLYMP-LGC-PRELIMPIEZA,,,PR-PLYMP-LGC-PRELIMPIEZA,LOGICO PRELIMPIEZA PLYMP,SUBSECTOR_DESDE_HIJO_LGC_O_NODO_INTERMEDIO
PR,PLYMP,PLAYA Y MATERIA PRIMA,UNIDAD,CR1,PR-PLYMP-CRB-CR1,BTZ_Description_04,PR-PLYMP-LGC-PLAYA Y MP,PR-PLYMP-LGC-PRELIMPIEZA,PR-PLYMP-CRB-CR1,CRIBA DE PRELIMPIEZA COLZA-CAMELINA 1,PR-PLYMP-CRB-CR1,CRIBA DE PRELIMPIEZA COLZA-CAMELINA 1,UNIDAD_HOJA_BAJO_SUBSECTOR
PR,PLYMP,PLAYA Y MATERIA PRIMA,UNIDAD,TSS5,PR-PLYMP-RDL-TSS5,BTZ_Description_04,PR-PLYMP-LGC-PLAYA Y MP,PR-PLYMP-LGC-PRELIMPIEZA,PR-PLYMP-RDL-TSS5,REDLER DE PRELIMPIEZA COLZA-CAMELINA,PR-PLYMP-RDL-TSS5,REDLER DE PRELIMPIEZA COLZA-CAMELINA,UNIDAD_HOJA_BAJO_SUBSECTOR
PR,PLYMP,PLAYA Y MATERIA PRIMA,UNIDAD,SF01PRL1,PR-PLYMP-RSC-SF01PRL1,BTZ_Description_04,PR-PLYMP-LGC-PLAYA Y MP,PR-PLYMP-LGC-PRELIMPIEZA,PR-PLYMP-RSC-SF01PRL1,ROSCA 1 DE PRELIMPIEZA COLZA-CAMELINA <DE ZARANDAS A SF02PRL1>,PR-PLYMP-RSC-SF01PRL1,ROSCA 1 DE PRELIMPIEZA COLZA-CAMELINA <DE ZARANDAS A SF02PRL1>,UNIDAD_HOJA_BAJO_SUBSECTOR
PR,PLYMP,PLAYA Y MATERIA PRIMA,UNIDAD,SF02PRL1,PR-PLYMP-RSC-SF02PRL1,BTZ_Description_04,PR-PLYMP-LGC-PLAYA Y MP,PR-PLYMP-LGC-PRELIMPIEZA,PR-PLYMP-RSC-SF02PRL1,ROSCA 2 DE PRELIMPIEZA COLZA-CAMELINA <DE SF01PRL1 A CASILLA DE FINOS>,PR-PLYMP-RSC-SF02PRL1,ROSCA 2 DE PRELIMPIEZA COLZA-CAMELINA <DE SF01PRL1 A CASILLA DE FINOS>,UNIDAD_HOJA_BAJO_SUBSECTOR
PR,PLYMP,PLAYA Y MATERIA PRIMA,UNIDAD,RM1,PR-PLYMP-VLV-RM1,BTZ_Description_04,PR-PLYMP-LGC-PLAYA Y MP,PR-PLYMP-LGC-PRELIMPIEZA,PR-PLYMP-VLV-RM1,VALVULA MOTORIZADA 1 DE PRELIMPIEZA COLZA-CAMELINA <SUR>,PR-PLYMP-VLV-RM1,VALVULA MOTORIZADA 1 DE PRELIMPIEZA COLZA-CAMELINA <SUR>,UNIDAD_HOJA_BAJO_SUBSECTOR
PR,PLYMP,PLAYA Y MATERIA PRIMA,UNIDAD,RM2,PR-PLYMP-VLV-RM2,BTZ_Description_04,PR-PLYMP-LGC-PLAYA Y MP,PR-PLYMP-LGC-PRELIMPIEZA,PR-PLYMP-VLV-RM2,VALVULA MOTORIZADA 2 DE PRELIMPIEZA COLZA-CAMELINA <NORTE>,PR-PLYMP-VLV-RM2,VALVULA MOTORIZADA 2 DE PRELIMPIEZA COLZA-CAMELINA <NORTE>,UNIDAD_HOJA_BAJO_SUBSECTOR
PR,PLYMP,PLAYA Y MATERIA PRIMA,UNIDAD,RM3,PR-PLYMP-VLV-RM3,BTZ_Description_04,PR-PLYMP-LGC-PLAYA Y MP,PR-PLYMP-LGC-PRELIMPIEZA,PR-PLYMP-VLV-RM3,VALVULA MOTORIZADA 3 DE PRELIMPIEZA COLZA-CAMELINA <N10> <SUR>,PR-PLYMP-VLV-RM3,VALVULA MOTORIZADA 3 DE PRELIMPIEZA COLZA-CAMELINA <N10> <SUR>,UNIDAD_HOJA_BAJO_SUBSECTOR
PR,PLYMP,PLAYA Y MATERIA PRIMA,UNIDAD,RM4,PR-PLYMP-VLV-RM4,BTZ_Description_04,PR-PLYMP-LGC-PLAYA Y MP,PR-PLYMP-LGC-PRELIMPIEZA,PR-PLYMP-VLV-RM4,VALVULA MOTORIZADA 4 DE PRELIMPIEZA COLZA-CAMELINA <N10A> <NORTE>,PR-PLYMP-VLV-RM4,VALVULA MOTORIZADA 4 DE PRELIMPIEZA COLZA-CAMELINA <N10A> <NORTE>,UNIDAD_HOJA_BAJO_SUBSECTOR
PR,PLYMP,PLAYA Y MATERIA PRIMA,UNIDAD,ZD1,PR-PLYMP-ZRN-ZD1,BTZ_Description_04,PR-PLYMP-LGC-PLAYA Y MP,PR-PLYMP-LGC-PRELIMPIEZA,PR-PLYMP-ZRN-ZD1,ZARANDA 1 DE PRELIMPIEZA COLZA-CAMELINA <SUR>,PR-PLYMP-ZRN-ZD1,ZARANDA 1 DE PRELIMPIEZA COLZA-CAMELINA <SUR>,UNIDAD_HOJA_BAJO_SUBSECTOR
PR,PLYMP,PLAYA Y MATERIA PRIMA,UNIDAD,ZD2,PR-PLYMP-ZRN-ZD2,BTZ_Description_04,PR-PLYMP-LGC-PLAYA Y MP,PR-PLYMP-LGC-PRELIMPIEZA,PR-PLYMP-ZRN-ZD2,ZARANDA 2 DE PRELIMPIEZA COLZA-CAMELINA <NORTE>,PR-PLYMP-ZRN-ZD2,ZARANDA 2 DE PRELIMPIEZA COLZA-CAMELINA <NORTE>,UNIDAD_HOJA_BAJO_SUBSECTOR
PR,PLYMP,PLAYA Y MATERIA PRIMA,SUBSECTOR,REDLERS PLYMP,PR-PLYMP-LGC-REDLERS,BTZ_Description_03,PR-PLYMP-LGC-PLAYA Y MP,PR-PLYMP-LGC-REDLERS,,,PR-PLYMP-LGC-REDLERS,LOGICO REDLERS PLYMP,SUBSECTOR_DESDE_HIJO_LGC_O_NODO_INTERMEDIO
PR,PLYMP,PLAYA Y MATERIA PRIMA,UNIDAD,R15,PR-PLYMP-RDL-R15,BTZ_Description_04,PR-PLYMP-LGC-PLAYA Y MP,PR-PLYMP-LGC-REDLERS,PR-PLYMP-RDL-R15,REDLER R15,PR-PLYMP-RDL-R15,REDLER R15,UNIDAD_HOJA_BAJO_SUBSECTOR
PR,PLYMP,PLAYA Y MATERIA PRIMA,UNIDAD,RCRU2,PR-PLYMP-RDL-RCRU2,BTZ_Description_04,PR-PLYMP-LGC-PLAYA Y MP,PR-PLYMP-LGC-REDLERS,PR-PLYMP-RDL-RCRU2,REDLER RCR 2 CRUCERO L/OESTE,PR-PLYMP-RDL-RCRU2,REDLER RCR 2 CRUCERO L/OESTE,UNIDAD_HOJA_BAJO_SUBSECTOR
PR,PLYMP,PLAYA Y MATERIA PRIMA,UNIDAD,RNOR1,PR-PLYMP-RDL-RNOR1,BTZ_Description_04,PR-PLYMP-LGC-PLAYA Y MP,PR-PLYMP-LGC-REDLERS,PR-PLYMP-RDL-RNOR1,REDLER RNO 1 NORTE,PR-PLYMP-RDL-RNOR1,REDLER RNO 1 NORTE,UNIDAD_HOJA_BAJO_SUBSECTOR
PR,PLYMP,PLAYA Y MATERIA PRIMA,UNIDAD,RNOR2,PR-PLYMP-RDL-RNOR2,BTZ_Description_04,PR-PLYMP-LGC-PLAYA Y MP,PR-PLYMP-LGC-REDLERS,PR-PLYMP-RDL-RNOR2,REDLER RNO 2 NORTE,PR-PLYMP-RDL-RNOR2,REDLER RNO 2 NORTE,UNIDAD_HOJA_BAJO_SUBSECTOR
PR,PLYMP,PLAYA Y MATERIA PRIMA,UNIDAD,RPTV4,PR-PLYMP-RDL-RPTV4,BTZ_Description_04,PR-PLYMP-LGC-PLAYA Y MP,PR-PLYMP-LGC-REDLERS,PR-PLYMP-RDL-RPTV4,REDLER 201 PTV-4,PR-PLYMP-RDL-RPTV4,REDLER 201 PTV-4,UNIDAD_HOJA_BAJO_SUBSECTOR
PR,PLYMP,PLAYA Y MATERIA PRIMA,UNIDAD,RSG1CRU,PR-PLYMP-RDL-RSG1CRU,BTZ_Description_04,PR-PLYMP-LGC-PLAYA Y MP,PR-PLYMP-LGC-REDLERS,PR-PLYMP-RDL-RSG1CRU,REDLER RSG-1 CRUCERO,PR-PLYMP-RDL-RSG1CRU,REDLER RSG-1 CRUCERO,UNIDAD_HOJA_BAJO_SUBSECTOR
PR,PLYMP,PLAYA Y MATERIA PRIMA,UNIDAD,RSG2,PR-PLYMP-RDL-RSG2,BTZ_Description_04,PR-PLYMP-LGC-PLAYA Y MP,PR-PLYMP-LGC-REDLERS,PR-PLYMP-RDL-RSG2,REDLER RSG-2,PR-PLYMP-RDL-RSG2,REDLER RSG-2,UNIDAD_HOJA_BAJO_SUBSECTOR
PR,PLYMP,PLAYA Y MATERIA PRIMA,UNIDAD,RSINF1,PR-PLYMP-RDL-RSINF1,BTZ_Description_04,PR-PLYMP-LGC-PLAYA Y MP,PR-PLYMP-LGC-REDLERS,PR-PLYMP-RDL-RSINF1,REDLER RSI 1 SUR INF.,PR-PLYMP-RDL-RSINF1,REDLER RSI 1 SUR INF.,UNIDAD_HOJA_BAJO_SUBSECTOR
PR,PLYMP,PLAYA Y MATERIA PRIMA,UNIDAD,RSINF2,PR-PLYMP-RDL-RSINF2,BTZ_Description_04,PR-PLYMP-LGC-PLAYA Y MP,PR-PLYMP-LGC-REDLERS,PR-PLYMP-RDL-RSINF2,REDLER RSI 2 SUR INF.,PR-PLYMP-RDL-RSINF2,REDLER RSI 2 SUR INF.,UNIDAD_HOJA_BAJO_SUBSECTOR
PR,PLYMP,PLAYA Y MATERIA PRIMA,UNIDAD,RSSUP1,PR-PLYMP-RDL-RSSUP1,BTZ_Description_04,PR-PLYMP-LGC-PLAYA Y MP,PR-PLYMP-LGC-REDLERS,PR-PLYMP-RDL-RSSUP1,REDLER RSS 1 SUR SUP.,PR-PLYMP-RDL-RSSUP1,REDLER RSS 1 SUR SUP.,UNIDAD_HOJA_BAJO_SUBSECTOR
PR,PLYMP,PLAYA Y MATERIA PRIMA,UNIDAD,SCH01,PR-PLYMP-RDL-SCH01,BTZ_Description_04,PR-PLYMP-LGC-PLAYA Y MP,PR-PLYMP-LGC-REDLERS,PR-PLYMP-RDL-SCH01,REDLER SUPERIOR SCH-01 <EMPALME DE SILO KEPLER 10>,PR-PLYMP-RDL-SCH01,REDLER SUPERIOR SCH-01 <EMPALME DE SILO KEPLER 10>,UNIDAD_HOJA_BAJO_SUBSECTOR
PR,PLYMP,PLAYA Y MATERIA PRIMA,UNIDAD,SCH02,PR-PLYMP-RDL-SCH02,BTZ_Description_04,PR-PLYMP-LGC-PLAYA Y MP,PR-PLYMP-LGC-REDLERS,PR-PLYMP-RDL-SCH02,REDLER SUPERIOR SCH-02 <DESDE NORIA N13SCH A SVCHF01>,PR-PLYMP-RDL-SCH02,REDLER SUPERIOR SCH-02 <DESDE NORIA N13SCH A SVCHF01>,UNIDAD_HOJA_BAJO_SUBSECTOR
PR,PLYMP,PLAYA Y MATERIA PRIMA,UNIDAD,SCH03,PR-PLYMP-RDL-SCH03,BTZ_Description_04,PR-PLYMP-LGC-PLAYA Y MP,PR-PLYMP-LGC-REDLERS,PR-PLYMP-RDL-SCH03,REDLER SUPERIOR SCH-03 <DESDE SVCHF01 A SVCHF02>,PR-PLYMP-RDL-SCH03,REDLER SUPERIOR SCH-03 <DESDE SVCHF01 A SVCHF02>,UNIDAD_HOJA_BAJO_SUBSECTOR
PR,PLYMP,PLAYA Y MATERIA PRIMA,UNIDAD,SCH04,PR-PLYMP-RDL-SCH04,BTZ_Description_04,PR-PLYMP-LGC-PLAYA Y MP,PR-PLYMP-LGC-REDLERS,PR-PLYMP-RDL-SCH04,REDLER SUPERIOR SCH-04 <DESDE SVCHF02 A SVCHF03>,PR-PLYMP-RDL-SCH04,REDLER SUPERIOR SCH-04 <DESDE SVCHF02 A SVCHF03>,UNIDAD_HOJA_BAJO_SUBSECTOR
PR,PLYMP,PLAYA Y MATERIA PRIMA,UNIDAD,SCH05,PR-PLYMP-RDL-SCH05,BTZ_Description_04,PR-PLYMP-LGC-PLAYA Y MP,PR-PLYMP-LGC-REDLERS,PR-PLYMP-RDL-SCH05,REDLER INFERIOR SCH-05 <DESDE SVCHF03 A SVCHF01>,PR-PLYMP-RDL-SCH05,REDLER INFERIOR SCH-05 <DESDE SVCHF03 A SVCHF01>,UNIDAD_HOJA_BAJO_SUBSECTOR
PR,PLYMP,PLAYA Y MATERIA PRIMA,UNIDAD,SCH06,PR-PLYMP-RDL-SCH06,BTZ_Description_04,PR-PLYMP-LGC-PLAYA Y MP,PR-PLYMP-LGC-REDLERS,PR-PLYMP-RDL-SCH06,REDLER INFERIOR SCH-06 <DESDE SVCHF01 A NORIA N14SCH>,PR-PLYMP-RDL-SCH06,REDLER INFERIOR SCH-06 <DESDE SVCHF01 A NORIA N14SCH>,UNIDAD_HOJA_BAJO_SUBSECTOR
PR,PLYMP,PLAYA Y MATERIA PRIMA,UNIDAD,SCH07,PR-PLYMP-RDL-SCH07,BTZ_Description_04,PR-PLYMP-LGC-PLAYA Y MP,PR-PLYMP-LGC-REDLERS,PR-PLYMP-RDL-SCH07,REDLER SUPERIOR SCH-07 <EMPALME DE SILO KEPLER 05>,PR-PLYMP-RDL-SCH07,REDLER SUPERIOR SCH-07 <EMPALME DE SILO KEPLER 05>,UNIDAD_HOJA_BAJO_SUBSECTOR
PR,PLYMP,PLAYA Y MATERIA PRIMA,UNIDAD,SCH08,PR-PLYMP-RDL-SCH08,BTZ_Description_04,PR-PLYMP-LGC-PLAYA Y MP,PR-PLYMP-LGC-REDLERS,PR-PLYMP-RDL-SCH08,REDLER SUPERIOR SCH-08 <DESDE NORIA N14SCH A SVCH04>,PR-PLYMP-RDL-SCH08,REDLER SUPERIOR SCH-08 <DESDE NORIA N14SCH A SVCH04>,UNIDAD_HOJA_BAJO_SUBSECTOR
PR,PLYMP,PLAYA Y MATERIA PRIMA,UNIDAD,SCH09,PR-PLYMP-RDL-SCH09,BTZ_Description_04,PR-PLYMP-LGC-PLAYA Y MP,PR-PLYMP-LGC-REDLERS,PR-PLYMP-RDL-SCH09,REDLER SUPERIOR SCH-09 <DESDE SVCHF04 A SVCHF05>,PR-PLYMP-RDL-SCH09,REDLER SUPERIOR SCH-09 <DESDE SVCHF04 A SVCHF05>,UNIDAD_HOJA_BAJO_SUBSECTOR
PR,PLYMP,PLAYA Y MATERIA PRIMA,UNIDAD,SCH10,PR-PLYMP-RDL-SCH10,BTZ_Description_04,PR-PLYMP-LGC-PLAYA Y MP,PR-PLYMP-LGC-REDLERS,PR-PLYMP-RDL-SCH10,REDLER SUPERIOR SCH-10 <DESDE SVCHF05 A SVCHF06>,PR-PLYMP-RDL-SCH10,REDLER SUPERIOR SCH-10 <DESDE SVCHF05 A SVCHF06>,UNIDAD_HOJA_BAJO_SUBSECTOR
PR,PLYMP,PLAYA Y MATERIA PRIMA,UNIDAD,SCH11,PR-PLYMP-RDL-SCH11,BTZ_Description_04,PR-PLYMP-LGC-PLAYA Y MP,PR-PLYMP-LGC-REDLERS,PR-PLYMP-RDL-SCH11,REDLER INFERIOR SCH-11 <DESDE SVCHF06 A SVCHF04>,PR-PLYMP-RDL-SCH11,REDLER INFERIOR SCH-11 <DESDE SVCHF06 A SVCHF04>,UNIDAD_HOJA_BAJO_SUBSECTOR
PR,PLYMP,PLAYA Y MATERIA PRIMA,UNIDAD,SCH12,PR-PLYMP-RDL-SCH12,BTZ_Description_04,PR-PLYMP-LGC-PLAYA Y MP,PR-PLYMP-LGC-REDLERS,PR-PLYMP-RDL-SCH12,REDLER INFERIOR SCH-12 <DESDE SVCHF04 A NORIA N14SCH>,PR-PLYMP-RDL-SCH12,REDLER INFERIOR SCH-12 <DESDE SVCHF04 A NORIA N14SCH>,UNIDAD_HOJA_BAJO_SUBSECTOR
PR,PLYMP,PLAYA Y MATERIA PRIMA,SUBSECTOR,ROSCAS,PR-PLYMP-LGC-ROSCAS,BTZ_Description_03,PR-PLYMP-LGC-PLAYA Y MP,PR-PLYMP-LGC-ROSCAS,,,PR-PLYMP-LGC-ROSCAS,LOGICO ROSCAS,SUBSECTOR_DESDE_HIJO_LGC_O_NODO_INTERMEDIO
PR,PLYMP,PLAYA Y MATERIA PRIMA,UNIDAD,CASPL,PR-PLYMP-RSC-CASPL,BTZ_Description_04,PR-PLYMP-LGC-PLAYA Y MP,PR-PLYMP-LGC-ROSCAS,PR-PLYMP-RSC-CASPL,ROSCA CASCARA A TOLVAS,PR-PLYMP-RSC-CASPL,ROSCA CASCARA A TOLVAS,UNIDAD_HOJA_BAJO_SUBSECTOR
PR,PLYMP,PLAYA Y MATERIA PRIMA,UNIDAD,PLN4,PR-PLYMP-RSC-PLN4,BTZ_Description_04,PR-PLYMP-LGC-PLAYA Y MP,PR-PLYMP-LGC-ROSCAS,PR-PLYMP-RSC-PLN4,ROSCA 202,PR-PLYMP-RSC-PLN4,ROSCA 202,UNIDAD_HOJA_BAJO_SUBSECTOR
PR,PLYMP,PLAYA Y MATERIA PRIMA,UNIDAD,SCH01,PR-PLYMP-RSC-SCH01,BTZ_Description_04,PR-PLYMP-LGC-PLAYA Y MP,PR-PLYMP-LGC-ROSCAS,PR-PLYMP-RSC-SCH01,ROSCA BARREDORA SCH-01 <SILO 1>,PR-PLYMP-RSC-SCH01,ROSCA BARREDORA SCH-01 <SILO 1>,UNIDAD_HOJA_BAJO_SUBSECTOR
PR,PLYMP,PLAYA Y MATERIA PRIMA,UNIDAD,SCH02,PR-PLYMP-RSC-SCH02,BTZ_Description_04,PR-PLYMP-LGC-PLAYA Y MP,PR-PLYMP-LGC-ROSCAS,PR-PLYMP-RSC-SCH02,ROSCA BARREDORA SCH-02 <SILO 2>,PR-PLYMP-RSC-SCH02,ROSCA BARREDORA SCH-02 <SILO 2>,UNIDAD_HOJA_BAJO_SUBSECTOR
PR,PLYMP,PLAYA Y MATERIA PRIMA,UNIDAD,SCH03,PR-PLYMP-RSC-SCH03,BTZ_Description_04,PR-PLYMP-LGC-PLAYA Y MP,PR-PLYMP-LGC-ROSCAS,PR-PLYMP-RSC-SCH03,ROSCA BARREDORA SCH-03 <SILO 3>,PR-PLYMP-RSC-SCH03,ROSCA BARREDORA SCH-03 <SILO 3>,UNIDAD_HOJA_BAJO_SUBSECTOR
PR,PLYMP,PLAYA Y MATERIA PRIMA,UNIDAD,SCH04,PR-PLYMP-RSC-SCH04,BTZ_Description_04,PR-PLYMP-LGC-PLAYA Y MP,PR-PLYMP-LGC-ROSCAS,PR-PLYMP-RSC-SCH04,ROSCA BARREDORA SCH-04 <SILO 4>,PR-PLYMP-RSC-SCH04,ROSCA BARREDORA SCH-04 <SILO 4>,UNIDAD_HOJA_BAJO_SUBSECTOR
PR,PLYMP,PLAYA Y MATERIA PRIMA,UNIDAD,SCH05,PR-PLYMP-RSC-SCH05,BTZ_Description_04,PR-PLYMP-LGC-PLAYA Y MP,PR-PLYMP-LGC-ROSCAS,PR-PLYMP-RSC-SCH05,ROSCA BARREDORA SCH-05 <SILO 5>,PR-PLYMP-RSC-SCH05,ROSCA BARREDORA SCH-05 <SILO 5>,UNIDAD_HOJA_BAJO_SUBSECTOR
PR,PLYMP,PLAYA Y MATERIA PRIMA,UNIDAD,SCH06,PR-PLYMP-RSC-SCH06,BTZ_Description_04,PR-PLYMP-LGC-PLAYA Y MP,PR-PLYMP-LGC-ROSCAS,PR-PLYMP-RSC-SCH06,ROSCA BARREDORA SCH-06 <SILO 6>,PR-PLYMP-RSC-SCH06,ROSCA BARREDORA SCH-06 <SILO 6>,UNIDAD_HOJA_BAJO_SUBSECTOR
PR,PLYMP,PLAYA Y MATERIA PRIMA,UNIDAD,SF06A,PR-PLYMP-RSC-SF06A,BTZ_Description_04,PR-PLYMP-LGC-PLAYA Y MP,PR-PLYMP-LGC-ROSCAS,PR-PLYMP-RSC-SF06A,ROSCA 6A,PR-PLYMP-RSC-SF06A,ROSCA 6A,UNIDAD_HOJA_BAJO_SUBSECTOR
PR,PLYMP,PLAYA Y MATERIA PRIMA,UNIDAD,SF07A,PR-PLYMP-RSC-SF07A,BTZ_Description_04,PR-PLYMP-LGC-PLAYA Y MP,PR-PLYMP-LGC-ROSCAS,PR-PLYMP-RSC-SF07A,ROSCA 7A,PR-PLYMP-RSC-SF07A,ROSCA 7A,UNIDAD_HOJA_BAJO_SUBSECTOR
PR,PLYMP,PLAYA Y MATERIA PRIMA,UNIDAD,SF08A,PR-PLYMP-RSC-SF08A,BTZ_Description_04,PR-PLYMP-LGC-PLAYA Y MP,PR-PLYMP-LGC-ROSCAS,PR-PLYMP-RSC-SF08A,ROSCA 8A,PR-PLYMP-RSC-SF08A,ROSCA 8A,UNIDAD_HOJA_BAJO_SUBSECTOR
PR,PLYMP,PLAYA Y MATERIA PRIMA,UNIDAD,SF09B,PR-PLYMP-RSC-SF09B,BTZ_Description_04,PR-PLYMP-LGC-PLAYA Y MP,PR-PLYMP-LGC-ROSCAS,PR-PLYMP-RSC-SF09B,ROSCA 9B,PR-PLYMP-RSC-SF09B,ROSCA 9B,UNIDAD_HOJA_BAJO_SUBSECTOR
PR,PLYMP,PLAYA Y MATERIA PRIMA,UNIDAD,SF10B,PR-PLYMP-RSC-SF10B,BTZ_Description_04,PR-PLYMP-LGC-PLAYA Y MP,PR-PLYMP-LGC-ROSCAS,PR-PLYMP-RSC-SF10B,ROSCA 10B,PR-PLYMP-RSC-SF10B,ROSCA 10B,UNIDAD_HOJA_BAJO_SUBSECTOR
PR,PLYMP,PLAYA Y MATERIA PRIMA,UNIDAD,SFSG4,PR-PLYMP-RSC-SFSG4,BTZ_Description_04,PR-PLYMP-LGC-PLAYA Y MP,PR-PLYMP-LGC-ROSCAS,PR-PLYMP-RSC-SFSG4,ROSCA SG-4 (E),PR-PLYMP-RSC-SFSG4,ROSCA SG-4 (E),UNIDAD_HOJA_BAJO_SUBSECTOR
PR,PLYMP,PLAYA Y MATERIA PRIMA,UNIDAD,SFSG5,PR-PLYMP-RSC-SFSG5,BTZ_Description_04,PR-PLYMP-LGC-PLAYA Y MP,PR-PLYMP-LGC-ROSCAS,PR-PLYMP-RSC-SFSG5,ROSCA SG-5 (O),PR-PLYMP-RSC-SFSG5,ROSCA SG-5 (O),UNIDAD_HOJA_BAJO_SUBSECTOR
PR,PLYMP,PLAYA Y MATERIA PRIMA,UNIDAD,SLO5,PR-PLYMP-RSC-SLO5,BTZ_Description_04,PR-PLYMP-LGC-PLAYA Y MP,PR-PLYMP-LGC-ROSCAS,PR-PLYMP-RSC-SLO5,ROSCA 24 SILO 5 (EX-8),PR-PLYMP-RSC-SLO5,ROSCA 24 SILO 5 (EX-8),UNIDAD_HOJA_BAJO_SUBSECTOR
PR,PLYMP,PLAYA Y MATERIA PRIMA,SUBSECTOR,SILOS CELDA,PR-PLYMP-LGC-SILOS CELDA,BTZ_Description_03,PR-PLYMP-LGC-PLAYA Y MP,PR-PLYMP-LGC-SILOS CELDA,,,PR-PLYMP-LGC-SILOS CELDA,LOGICO SILOS CELDA,SUBSECTOR_DESDE_HIJO_LGC_O_NODO_INTERMEDIO
PR,PLYMP,PLAYA Y MATERIA PRIMA,SUBSECTOR,SILOS CHIEF,PR-PLYMP-LGC-SILOS CHIEF,BTZ_Description_03,PR-PLYMP-LGC-PLAYA Y MP,PR-PLYMP-LGC-SILOS CHIEF,,,PR-PLYMP-LGC-SILOS CHIEF,LOGICO SILOS CHIEF,SUBSECTOR_DESDE_HIJO_LGC_O_NODO_INTERMEDIO
PR,PLYMP,PLAYA Y MATERIA PRIMA,UNIDAD,SCHL1,PR-PLYMP-VNT-AIR-SCHL1,BTZ_Description_04,PR-PLYMP-LGC-PLAYA Y MP,PR-PLYMP-LGC-SILOS CHIEF,PR-PLYMP-VNT-AIR-SCHL1,VENTILADOR AIREACION TUNEL SILOS CHIEF L-1 <N>,PR-PLYMP-VNT-AIR-SCHL1,VENTILADOR AIREACION TUNEL SILOS CHIEF L-1 <N>,UNIDAD_HOJA_BAJO_SUBSECTOR
PR,PLYMP,PLAYA Y MATERIA PRIMA,UNIDAD,SCHL2,PR-PLYMP-VNT-AIR-SCHL2,BTZ_Description_04,PR-PLYMP-LGC-PLAYA Y MP,PR-PLYMP-LGC-SILOS CHIEF,PR-PLYMP-VNT-AIR-SCHL2,VENTILADOR AIREACION TUNEL SILOS CHIEF L-2 <S>,PR-PLYMP-VNT-AIR-SCHL2,VENTILADOR AIREACION TUNEL SILOS CHIEF L-2 <S>,UNIDAD_HOJA_BAJO_SUBSECTOR
PR,PLYMP,PLAYA Y MATERIA PRIMA,SUBSECTOR,SILOS KEPLER WEBER,PR-PLYMP-LGC-SILOS KEPLER WEB,BTZ_Description_03,PR-PLYMP-LGC-PLAYA Y MP,PR-PLYMP-LGC-SILOS KEPLER WEB,,,PR-PLYMP-LGC-SILOS KEPLER WEB,LOGICO SILOS KEPLER WEBER,SUBSECTOR_DESDE_HIJO_LGC_O_NODO_INTERMEDIO
PR,PLYMP,PLAYA Y MATERIA PRIMA,UNIDAD,AIRSVA,PR-PLYMP-VNT-AIRSVA,BTZ_Description_04,PR-PLYMP-LGC-PLAYA Y MP,PR-PLYMP-LGC-SILOS KEPLER WEB,PR-PLYMP-VNT-AIRSVA,"VENTILADOR AIREACION SV ""A""",PR-PLYMP-VNT-AIRSVA,"VENTILADOR AIREACION SV ""A""",UNIDAD_HOJA_BAJO_SUBSECTOR
PR,PLYMP,PLAYA Y MATERIA PRIMA,UNIDAD,AIRSVB,PR-PLYMP-VNT-AIRSVB,BTZ_Description_04,PR-PLYMP-LGC-PLAYA Y MP,PR-PLYMP-LGC-SILOS KEPLER WEB,PR-PLYMP-VNT-AIRSVB,"VENTILADOR AIREACION SV ""B""",PR-PLYMP-VNT-AIRSVB,"VENTILADOR AIREACION SV ""B""",UNIDAD_HOJA_BAJO_SUBSECTOR
PR,PLYMP,PLAYA Y MATERIA PRIMA,UNIDAD,AIRSVC,PR-PLYMP-VNT-AIRSVC,BTZ_Description_04,PR-PLYMP-LGC-PLAYA Y MP,PR-PLYMP-LGC-SILOS KEPLER WEB,PR-PLYMP-VNT-AIRSVC,"VENTILADOR AIREACION SV ""C""",PR-PLYMP-VNT-AIRSVC,"VENTILADOR AIREACION SV ""C""",UNIDAD_HOJA_BAJO_SUBSECTOR
PR,PLYMP,PLAYA Y MATERIA PRIMA,UNIDAD,AIRSVD,PR-PLYMP-VNT-AIRSVD,BTZ_Description_04,PR-PLYMP-LGC-PLAYA Y MP,PR-PLYMP-LGC-SILOS KEPLER WEB,PR-PLYMP-VNT-AIRSVD,"VENTILADOR AIREACION SV ""D""",PR-PLYMP-VNT-AIRSVD,"VENTILADOR AIREACION SV ""D""",UNIDAD_HOJA_BAJO_SUBSECTOR
PR,PLYMP,PLAYA Y MATERIA PRIMA,UNIDAD,AIRSVE,PR-PLYMP-VNT-AIRSVE,BTZ_Description_04,PR-PLYMP-LGC-PLAYA Y MP,PR-PLYMP-LGC-SILOS KEPLER WEB,PR-PLYMP-VNT-AIRSVE,"VENTILADOR AIREACION SV ""E""",PR-PLYMP-VNT-AIRSVE,"VENTILADOR AIREACION SV ""E""",UNIDAD_HOJA_BAJO_SUBSECTOR
PR,PLYMP,PLAYA Y MATERIA PRIMA,UNIDAD,AIRSVF,PR-PLYMP-VNT-AIRSVF,BTZ_Description_04,PR-PLYMP-LGC-PLAYA Y MP,PR-PLYMP-LGC-SILOS KEPLER WEB,PR-PLYMP-VNT-AIRSVF,"VENTILADOR AIREACION SV ""F""",PR-PLYMP-VNT-AIRSVF,"VENTILADOR AIREACION SV ""F""",UNIDAD_HOJA_BAJO_SUBSECTOR
PR,PLYMP,PLAYA Y MATERIA PRIMA,UNIDAD,ASSKW1,PR-PLYMP-VNT-ASSKW1,BTZ_Description_04,PR-PLYMP-LGC-PLAYA Y MP,PR-PLYMP-LGC-SILOS KEPLER WEB,PR-PLYMP-VNT-ASSKW1,VENTILADOR ASPIRACION SILOS KW 1,PR-PLYMP-VNT-ASSKW1,VENTILADOR ASPIRACION SILOS KW 1,UNIDAD_HOJA_BAJO_SUBSECTOR
PR,PLYMP,PLAYA Y MATERIA PRIMA,UNIDAD,ASSKW1/N1,PR-PLYMP-VNT-ASSKW1/N1,BTZ_Description_04,PR-PLYMP-LGC-PLAYA Y MP,PR-PLYMP-LGC-SILOS KEPLER WEB,PR-PLYMP-VNT-ASSKW1/N1,VENTILADOR ASPIRACION SILO KW-1 Nº 1 (N/O),PR-PLYMP-VNT-ASSKW1/N1,VENTILADOR ASPIRACION SILO KW-1 Nº 1 (N/O),UNIDAD_HOJA_BAJO_SUBSECTOR
PR,PLYMP,PLAYA Y MATERIA PRIMA,SUBSECTOR,SISTEMAS DE ASPIRACION DE PLAYA Y MATERIA PRIMA,PR-PLYMP-LGC-SIST ASP PLYMP,BTZ_Description_03,PR-PLYMP-LGC-PLAYA Y MP,PR-PLYMP-LGC-SIST ASP PLYMP,,,PR-PLYMP-LGC-SIST ASP PLYMP,LOGICO SISTEMAS DE ASPIRACION DE PLAYA Y MATERIA PRIMA,SUBSECTOR_DESDE_HIJO_LGC_O_NODO_INTERMEDIO
PR,PLYMP,PLAYA Y MATERIA PRIMA,SUBSECTOR,SECADORA DE GRANOS CEDAR M- ADF 250,PR-PLYMP-LGC-SECADORA DE GRANOS CEDAR M- ADF 250,BTZ_Description_03,PR-PLYMP-LGC-PLAYA Y MP,PR-PLYMP-LGC-SECADORA DE GRANOS CEDAR M- ADF 250,,,PR-PLYMP-SCD-CED,SECADORA DE GRANOS CEDAR M- ADF 250,SUBSECTOR_DESDE_HIJO_LGC_O_NODO_INTERMEDIO
PR,PLYMP,PLAYA Y MATERIA PRIMA,UNIDAD,DSC,PR-PLYMP-BSC-DSC,BTZ_Description_04,PR-PLYMP-LGC-PLAYA Y MP,PR-PLYMP-LGC-SECADORA DE GRANOS CEDAR M- ADF 250,PR-PLYMP-BSC-DSC,BASCULANTE DESCARGA DE SECADORA CEDAR,PR-PLYMP-BSC-DSC,BASCULANTE DESCARGA DE SECADORA CEDAR,UNIDAD_HOJA_BAJO_SUBSECTOR
PR,PLYMP,PLAYA Y MATERIA PRIMA,UNIDAD,QM01,PR-PLYMP-QMD-QM01,BTZ_Description_04,PR-PLYMP-LGC-PLAYA Y MP,PR-PLYMP-LGC-SECADORA DE GRANOS CEDAR M- ADF 250,PR-PLYMP-QMD-QM01,QUEMADOR Nº1 SECADORA CEDAR <N>,PR-PLYMP-QMD-QM01,QUEMADOR Nº1 SECADORA CEDAR <N>,UNIDAD_HOJA_BAJO_SUBSECTOR
PR,PLYMP,PLAYA Y MATERIA PRIMA,UNIDAD,QM02,PR-PLYMP-QMD-QM02,BTZ_Description_04,PR-PLYMP-LGC-PLAYA Y MP,PR-PLYMP-LGC-SECADORA DE GRANOS CEDAR M- ADF 250,PR-PLYMP-QMD-QM02,QUEMADOR Nº2 SECADORA CEDAR,PR-PLYMP-QMD-QM02,QUEMADOR Nº2 SECADORA CEDAR,UNIDAD_HOJA_BAJO_SUBSECTOR
PR,PLYMP,PLAYA Y MATERIA PRIMA,UNIDAD,QM03,PR-PLYMP-QMD-QM03,BTZ_Description_04,PR-PLYMP-LGC-PLAYA Y MP,PR-PLYMP-LGC-SECADORA DE GRANOS CEDAR M- ADF 250,PR-PLYMP-QMD-QM03,QUEMADOR Nº3 SECADORA CEDAR,PR-PLYMP-QMD-QM03,QUEMADOR Nº3 SECADORA CEDAR,UNIDAD_HOJA_BAJO_SUBSECTOR
PR,PLYMP,PLAYA Y MATERIA PRIMA,UNIDAD,QM04,PR-PLYMP-QMD-QM04,BTZ_Description_04,PR-PLYMP-LGC-PLAYA Y MP,PR-PLYMP-LGC-SECADORA DE GRANOS CEDAR M- ADF 250,PR-PLYMP-QMD-QM04,QUEMADOR Nº4 SECADORA CEDAR,PR-PLYMP-QMD-QM04,QUEMADOR Nº4 SECADORA CEDAR,UNIDAD_HOJA_BAJO_SUBSECTOR
PR,PLYMP,PLAYA Y MATERIA PRIMA,UNIDAD,QM05,PR-PLYMP-QMD-QM05,BTZ_Description_04,PR-PLYMP-LGC-PLAYA Y MP,PR-PLYMP-LGC-SECADORA DE GRANOS CEDAR M- ADF 250,PR-PLYMP-QMD-QM05,QUEMADOR Nº5 SECADORA CEDAR,PR-PLYMP-QMD-QM05,QUEMADOR Nº5 SECADORA CEDAR,UNIDAD_HOJA_BAJO_SUBSECTOR
PR,PLYMP,PLAYA Y MATERIA PRIMA,UNIDAD,QM06,PR-PLYMP-QMD-QM06,BTZ_Description_04,PR-PLYMP-LGC-PLAYA Y MP,PR-PLYMP-LGC-SECADORA DE GRANOS CEDAR M- ADF 250,PR-PLYMP-QMD-QM06,QUEMADOR Nº6 SECADORA CEDAR,PR-PLYMP-QMD-QM06,QUEMADOR Nº6 SECADORA CEDAR,UNIDAD_HOJA_BAJO_SUBSECTOR
PR,PLYMP,PLAYA Y MATERIA PRIMA,UNIDAD,QM07,PR-PLYMP-QMD-QM07,BTZ_Description_04,PR-PLYMP-LGC-PLAYA Y MP,PR-PLYMP-LGC-SECADORA DE GRANOS CEDAR M- ADF 250,PR-PLYMP-QMD-QM07,QUEMADOR Nº7 SECADORA CEDAR,PR-PLYMP-QMD-QM07,QUEMADOR Nº7 SECADORA CEDAR,UNIDAD_HOJA_BAJO_SUBSECTOR
PR,PLYMP,PLAYA Y MATERIA PRIMA,UNIDAD,QM08,PR-PLYMP-QMD-QM08,BTZ_Description_04,PR-PLYMP-LGC-PLAYA Y MP,PR-PLYMP-LGC-SECADORA DE GRANOS CEDAR M- ADF 250,PR-PLYMP-QMD-QM08,QUEMADOR Nº8 SECADORA CEDAR <S>,PR-PLYMP-QMD-QM08,QUEMADOR Nº8 SECADORA CEDAR <S>,UNIDAD_HOJA_BAJO_SUBSECTOR
PR,PLYMP,PLAYA Y MATERIA PRIMA,UNIDAD,901,PR-PLYMP-VLV-PCV-901,BTZ_Description_04,PR-PLYMP-LGC-PLAYA Y MP,PR-PLYMP-LGC-SECADORA DE GRANOS CEDAR M- ADF 250,PR-PLYMP-VLV-PCV-901,VALVULA AUTORREGULADORA DE PRESION DE GAS SECADORA,PR-PLYMP-VLV-PCV-901,VALVULA AUTORREGULADORA DE PRESION DE GAS SECADORA,UNIDAD_HOJA_BAJO_SUBSECTOR
PR,PLYMP,PLAYA Y MATERIA PRIMA,UNIDAD,902,PR-PLYMP-VLV-PCV-902,BTZ_Description_04,PR-PLYMP-LGC-PLAYA Y MP,PR-PLYMP-LGC-SECADORA DE GRANOS CEDAR M- ADF 250,PR-PLYMP-VLV-PCV-902,VALVULA AUTORREGULADORA DE PRESION DE GAS SECADORA,PR-PLYMP-VLV-PCV-902,VALVULA AUTORREGULADORA DE PRESION DE GAS SECADORA,UNIDAD_HOJA_BAJO_SUBSECTOR
PR,PLYMP,PLAYA Y MATERIA PRIMA,UNIDAD,903,PR-PLYMP-VLV-PCV-903,BTZ_Description_04,PR-PLYMP-LGC-PLAYA Y MP,PR-PLYMP-LGC-SECADORA DE GRANOS CEDAR M- ADF 250,PR-PLYMP-VLV-PCV-903,VALVULA AUTORREGULADORA PRESION GAS A QUEMADORES,PR-PLYMP-VLV-PCV-903,VALVULA AUTORREGULADORA PRESION GAS A QUEMADORES,UNIDAD_HOJA_BAJO_SUBSECTOR
PR,PLYMP,PLAYA Y MATERIA PRIMA,UNIDAD,ASPS01,PR-PLYMP-VNT-ASPS01,BTZ_Description_04,PR-PLYMP-LGC-PLAYA Y MP,PR-PLYMP-LGC-SECADORA DE GRANOS CEDAR M- ADF 250,PR-PLYMP-VNT-ASPS01,VENTILADOR ASPIRACION SECADORA 1 <S>,PR-PLYMP-VNT-ASPS01,VENTILADOR ASPIRACION SECADORA 1 <S>,UNIDAD_HOJA_BAJO_SUBSECTOR
PR,PLYMP,PLAYA Y MATERIA PRIMA,UNIDAD,ASPS02,PR-PLYMP-VNT-ASPS02,BTZ_Description_04,PR-PLYMP-LGC-PLAYA Y MP,PR-PLYMP-LGC-SECADORA DE GRANOS CEDAR M- ADF 250,PR-PLYMP-VNT-ASPS02,VENTILADOR ASPIRACION SECADORA 2,PR-PLYMP-VNT-ASPS02,VENTILADOR ASPIRACION SECADORA 2,UNIDAD_HOJA_BAJO_SUBSECTOR
PR,PLYMP,PLAYA Y MATERIA PRIMA,UNIDAD,ASPS03,PR-PLYMP-VNT-ASPS03,BTZ_Description_04,PR-PLYMP-LGC-PLAYA Y MP,PR-PLYMP-LGC-SECADORA DE GRANOS CEDAR M- ADF 250,PR-PLYMP-VNT-ASPS03,VENTILADOR ASPIRACION SECADORA 3,PR-PLYMP-VNT-ASPS03,VENTILADOR ASPIRACION SECADORA 3,UNIDAD_HOJA_BAJO_SUBSECTOR
PR,PLYMP,PLAYA Y MATERIA PRIMA,UNIDAD,ASPS04,PR-PLYMP-VNT-ASPS04,BTZ_Description_04,PR-PLYMP-LGC-PLAYA Y MP,PR-PLYMP-LGC-SECADORA DE GRANOS CEDAR M- ADF 250,PR-PLYMP-VNT-ASPS04,VENTILADOR ASPIRACION SECADORA 4 <N>,PR-PLYMP-VNT-ASPS04,VENTILADOR ASPIRACION SECADORA 4 <N>,UNIDAD_HOJA_BAJO_SUBSECTOR
PR,PLYMP,PLAYA Y MATERIA PRIMA,UNIDAD,ASPS05,PR-PLYMP-VNT-ASPS05,BTZ_Description_04,PR-PLYMP-LGC-PLAYA Y MP,PR-PLYMP-LGC-SECADORA DE GRANOS CEDAR M- ADF 250,PR-PLYMP-VNT-ASPS05,VENTILADOR ASPIRACION SECADORA 5 <N>,PR-PLYMP-VNT-ASPS05,VENTILADOR ASPIRACION SECADORA 5 <N>,UNIDAD_HOJA_BAJO_SUBSECTOR
PR,PLYMP,PLAYA Y MATERIA PRIMA,UNIDAD,ASPS06,PR-PLYMP-VNT-ASPS06,BTZ_Description_04,PR-PLYMP-LGC-PLAYA Y MP,PR-PLYMP-LGC-SECADORA DE GRANOS CEDAR M- ADF 250,PR-PLYMP-VNT-ASPS06,VENTILADOR ASPIRACION SECADORA 6,PR-PLYMP-VNT-ASPS06,VENTILADOR ASPIRACION SECADORA 6,UNIDAD_HOJA_BAJO_SUBSECTOR
PR,PLYMP,PLAYA Y MATERIA PRIMA,UNIDAD,ASPS07,PR-PLYMP-VNT-ASPS07,BTZ_Description_04,PR-PLYMP-LGC-PLAYA Y MP,PR-PLYMP-LGC-SECADORA DE GRANOS CEDAR M- ADF 250,PR-PLYMP-VNT-ASPS07,VENTILADOR ASPIRACION SECADORA 7,PR-PLYMP-VNT-ASPS07,VENTILADOR ASPIRACION SECADORA 7,UNIDAD_HOJA_BAJO_SUBSECTOR
PR,PLYMP,PLAYA Y MATERIA PRIMA,UNIDAD,ASPS08,PR-PLYMP-VNT-ASPS08,BTZ_Description_04,PR-PLYMP-LGC-PLAYA Y MP,PR-PLYMP-LGC-SECADORA DE GRANOS CEDAR M- ADF 250,PR-PLYMP-VNT-ASPS08,VENTILADOR ASPIRACION SECADORA 8 <S>,PR-PLYMP-VNT-ASPS08,VENTILADOR ASPIRACION SECADORA 8 <S>,UNIDAD_HOJA_BAJO_SUBSECTOR
PR,PLYMP,PLAYA Y MATERIA PRIMA,UNIDAD,ASPS09,PR-PLYMP-VNT-ASPS09,BTZ_Description_04,PR-PLYMP-LGC-PLAYA Y MP,PR-PLYMP-LGC-SECADORA DE GRANOS CEDAR M- ADF 250,PR-PLYMP-VNT-ASPS09,VENTILADOR ASPIRACION SECADORA 9 <S>,PR-PLYMP-VNT-ASPS09,VENTILADOR ASPIRACION SECADORA 9 <S>,UNIDAD_HOJA_BAJO_SUBSECTOR
PR,PLYMP,PLAYA Y MATERIA PRIMA,UNIDAD,ASPS10,PR-PLYMP-VNT-ASPS10,BTZ_Description_04,PR-PLYMP-LGC-PLAYA Y MP,PR-PLYMP-LGC-SECADORA DE GRANOS CEDAR M- ADF 250,PR-PLYMP-VNT-ASPS10,VENTILADOR ASPIRACION SECADORA 10 <N>,PR-PLYMP-VNT-ASPS10,VENTILADOR ASPIRACION SECADORA 10 <N>,UNIDAD_HOJA_BAJO_SUBSECTOR
PR,PLYMP,PLAYA Y MATERIA PRIMA,UNIDAD,QSE1,PR-PLYMP-VNT-QSE1,BTZ_Description_04,PR-PLYMP-LGC-PLAYA Y MP,PR-PLYMP-LGC-SECADORA DE GRANOS CEDAR M- ADF 250,PR-PLYMP-VNT-QSE1,VENTILADOR QUEMADOR 1 (N),PR-PLYMP-VNT-QSE1,VENTILADOR QUEMADOR 1 (N),UNIDAD_HOJA_BAJO_SUBSECTOR
PR,PLYMP,PLAYA Y MATERIA PRIMA,UNIDAD,QSE2,PR-PLYMP-VNT-QSE2,BTZ_Description_04,PR-PLYMP-LGC-PLAYA Y MP,PR-PLYMP-LGC-SECADORA DE GRANOS CEDAR M- ADF 250,PR-PLYMP-VNT-QSE2,VENTILADOR QUEMADOR 2 (C),PR-PLYMP-VNT-QSE2,VENTILADOR QUEMADOR 2 (C),UNIDAD_HOJA_BAJO_SUBSECTOR
PR,PLYMP,PLAYA Y MATERIA PRIMA,UNIDAD,QSE3,PR-PLYMP-VNT-QSE3,BTZ_Description_04,PR-PLYMP-LGC-PLAYA Y MP,PR-PLYMP-LGC-SECADORA DE GRANOS CEDAR M- ADF 250,PR-PLYMP-VNT-QSE3,VENTILADOR QUEMADOR 3 (S),PR-PLYMP-VNT-QSE3,VENTILADOR QUEMADOR 3 (S),UNIDAD_HOJA_BAJO_SUBSECTOR
PR,PLYMP,PLAYA Y MATERIA PRIMA,SUBSECTOR,GENERAL,PR-PLYMP-LGC-GENERAL,BTZ_Description_03,PR-PLYMP-LGC-PLAYA Y MP,PR-PLYMP-LGC-GENERAL,,,PR-PLYMP-LGC-PLAYA Y MP,SUBSECTOR SINTETICO PARA HOJAS DIRECTAS DEL SECTOR,SUBSECTOR_SINTETICO_GENERAL
PR,PLYMP,PLAYA Y MATERIA PRIMA,UNIDAD,AGU1,PR-PLYMP-BMB-AGU1,BTZ_Description_04,PR-PLYMP-LGC-PLAYA Y MP,PR-PLYMP-LGC-GENERAL,PR-PLYMP-BMB-AGU1,BOMBA CENTRIFUGA MONOFASICA AGUA,PR-PLYMP-BMB-AGU1,BOMBA CENTRIFUGA MONOFASICA AGUA,UNIDAD_HOJA_DIRECTA_BAJO_SECTOR
PR,PLYMP,PLAYA Y MATERIA PRIMA,UNIDAD,DN1,PR-PLYMP-BMB-DN1,BTZ_Description_04,PR-PLYMP-LGC-PLAYA Y MP,PR-PLYMP-LGC-GENERAL,PR-PLYMP-BMB-DN1,BOMBA DEPRESION NAPA FREATICA 1 (E),PR-PLYMP-BMB-DN1,BOMBA DEPRESION NAPA FREATICA 1 (E),UNIDAD_HOJA_DIRECTA_BAJO_SECTOR
PR,PLYMP,PLAYA Y MATERIA PRIMA,UNIDAD,DN2,PR-PLYMP-BMB-DN2,BTZ_Description_04,PR-PLYMP-LGC-PLAYA Y MP,PR-PLYMP-LGC-GENERAL,PR-PLYMP-BMB-DN2,BOMBA DEPRESION NAPA FREATICA 2 (C),PR-PLYMP-BMB-DN2,BOMBA DEPRESION NAPA FREATICA 2 (C),UNIDAD_HOJA_DIRECTA_BAJO_SECTOR
PR,PLYMP,PLAYA Y MATERIA PRIMA,UNIDAD,REG,PR-PLYMP-BMB-REG,BTZ_Description_04,PR-PLYMP-LGC-PLAYA Y MP,PR-PLYMP-LGC-GENERAL,PR-PLYMP-BMB-REG,BOMBA P/TK REGADOR,PR-PLYMP-BMB-REG,BOMBA P/TK REGADOR,UNIDAD_HOJA_DIRECTA_BAJO_SECTOR
PR,PLYMP,PLAYA Y MATERIA PRIMA,UNIDAD,GPR,PR-PLYMP-GNR-GPR,BTZ_Description_04,PR-PLYMP-LGC-PLAYA Y MP,PR-PLYMP-LGC-GENERAL,PR-PLYMP-GNR-GPR,GRUPO ELECTRÓGENO PLAYA RICARDONE,PR-PLYMP-GNR-GPR,GRUPO ELECTRÓGENO PLAYA RICARDONE,UNIDAD_HOJA_DIRECTA_BAJO_SECTOR
PR,PLYMP,PLAYA Y MATERIA PRIMA,UNIDAD,MEPL,PR-PLYMP-MEL-MEPL,BTZ_Description_04,PR-PLYMP-LGC-PLAYA Y MP,PR-PLYMP-LGC-GENERAL,PR-PLYMP-MEL-MEPL,MALACATE ELECTRICO TRABAJOS DE POZOS DE NORIAS,PR-PLYMP-MEL-MEPL,MALACATE ELECTRICO TRABAJOS DE POZOS DE NORIAS,UNIDAD_HOJA_DIRECTA_BAJO_SECTOR
PR,PLYMP,PLAYA Y MATERIA PRIMA,UNIDAD,924G2,PR-PLYMP-PLM-924G2,BTZ_Description_04,PR-PLYMP-LGC-PLAYA Y MP,PR-PLYMP-LGC-GENERAL,PR-PLYMP-PLM-924G2,PALA MECÁNICA 924G Nº2,PR-PLYMP-PLM-924G2,PALA MECÁNICA 924G Nº2,UNIDAD_HOJA_DIRECTA_BAJO_SECTOR
PR,PLYMP,PLAYA Y MATERIA PRIMA,UNIDAD,924K,PR-PLYMP-PLM-924K,BTZ_Description_04,PR-PLYMP-LGC-PLAYA Y MP,PR-PLYMP-LGC-GENERAL,PR-PLYMP-PLM-924K,PALA MECANICA 924K Nº1 KW400304,PR-PLYMP-PLM-924K,PALA MECANICA 924K Nº1 KW400304,UNIDAD_HOJA_DIRECTA_BAJO_SECTOR
PR,GRS,GIRASOL,SECTOR,GIRASOL,PR-GRS-LGC-GIRASOL,BTZ_Description_02,PR-GRS-LGC-GIRASOL,,,,PR-GRS-LGC-GIRASOL,LOGICO GIRASOL,SECTOR_DESDE_RAIZ_PR
PR,GRS,GIRASOL,SUBSECTOR,BOMBAS SOPLANTES GIRASOL,PR-GRS-LGC-BOMBAS SOPLANTES,BTZ_Description_03,PR-GRS-LGC-GIRASOL,PR-GRS-LGC-BOMBAS SOPLANTES,,,PR-GRS-LGC-BOMBAS SOPLANTES,LOGICO BOMBAS SOPLANTES GIRASOL,SUBSECTOR_DESDE_HIJO_LGC_O_NODO_INTERMEDIO
PR,GRS,GIRASOL,SUBSECTOR,CERNIDORES GIRASOL,PR-GRS-LGC-CERNIDORES,BTZ_Description_03,PR-GRS-LGC-GIRASOL,PR-GRS-LGC-CERNIDORES,,,PR-GRS-LGC-CERNIDORES,LOGICO CERNIDORES GIRASOL,SUBSECTOR_DESDE_HIJO_LGC_O_NODO_INTERMEDIO
PR,GRS,GIRASOL,UNIDAD,CNRP,PR-GRS-CRN-CNRP,BTZ_Description_04,PR-GRS-LGC-GIRASOL,PR-GRS-LGC-CERNIDORES,PR-GRS-CRN-CNRP,CERNIDOR RECUPERADOR DE PEPAS,PR-GRS-CRN-CNRP,CERNIDOR RECUPERADOR DE PEPAS,UNIDAD_HOJA_BAJO_SUBSECTOR
PR,GRS,GIRASOL,SUBSECTOR,CICLONES GIRASOL,PR-GRS-LGC-CICLONES,BTZ_Description_03,PR-GRS-LGC-GIRASOL,PR-GRS-LGC-CICLONES,,,PR-GRS-LGC-CICLONES,LOGICO CICLONES GIRASOL,SUBSECTOR_DESDE_HIJO_LGC_O_NODO_INTERMEDIO
PR,GRS,GIRASOL,SUBSECTOR,DESCASCARADORAS GIRASOL,PR-GRS-LGC-DESCASCARADORAS,BTZ_Description_03,PR-GRS-LGC-GIRASOL,PR-GRS-LGC-DESCASCARADORAS,,,PR-GRS-LGC-DESCASCARADORAS,LOGICO DESCASCARADORAS GIRASOL,SUBSECTOR_DESDE_HIJO_LGC_O_NODO_INTERMEDIO
PR,GRS,GIRASOL,SUBSECTOR,MESAS DENSIMETRICAS,PR-GRS-LGC-MESAS DENSIMETRICAS,BTZ_Description_03,PR-GRS-LGC-GIRASOL,PR-GRS-LGC-MESAS DENSIMETRICAS,,,PR-GRS-LGC-MESAS DENSIMETRICAS,LOGICO MESAS DENSIMETRICAS,SUBSECTOR_DESDE_HIJO_LGC_O_NODO_INTERMEDIO
PR,GRS,GIRASOL,SUBSECTOR,MULTIASPIRADORES GIRASOL,PR-GRS-LGC-MULTIASPIRADORES,BTZ_Description_03,PR-GRS-LGC-GIRASOL,PR-GRS-LGC-MULTIASPIRADORES,,,PR-GRS-LGC-MULTIASPIRADORES,LOGICO MULTIASPIRADORES GIRASOL,SUBSECTOR_DESDE_HIJO_LGC_O_NODO_INTERMEDIO
PR,GRS,GIRASOL,SUBSECTOR,REDLERS GIRASOL,PR-GRS-LGC-REDLERS,BTZ_Description_03,PR-GRS-LGC-GIRASOL,PR-GRS-LGC-REDLERS,,,PR-GRS-LGC-REDLERS,LOGICO REDLERS GIRASOL,SUBSECTOR_DESDE_HIJO_LGC_O_NODO_INTERMEDIO
PR,GRS,GIRASOL,UNIDAD,TG01,PR-GRS-RDL-TG01,BTZ_Description_04,PR-GRS-LGC-GIRASOL,PR-GRS-LGC-REDLERS,PR-GRS-RDL-TG01,REDLER TG-1,PR-GRS-RDL-TG01,REDLER TG-1,UNIDAD_HOJA_BAJO_SUBSECTOR
PR,GRS,GIRASOL,UNIDAD,TG02,PR-GRS-RDL-TG02,BTZ_Description_04,PR-GRS-LGC-GIRASOL,PR-GRS-LGC-REDLERS,PR-GRS-RDL-TG02,REDLER TG-2,PR-GRS-RDL-TG02,REDLER TG-2,UNIDAD_HOJA_BAJO_SUBSECTOR
PR,GRS,GIRASOL,UNIDAD,TG03,PR-GRS-RDL-TG03,BTZ_Description_04,PR-GRS-LGC-GIRASOL,PR-GRS-LGC-REDLERS,PR-GRS-RDL-TG03,REDLER TG-3 DOBLE,PR-GRS-RDL-TG03,REDLER TG-3 DOBLE,UNIDAD_HOJA_BAJO_SUBSECTOR
PR,GRS,GIRASOL,UNIDAD,TG04,PR-GRS-RDL-TG04,BTZ_Description_04,PR-GRS-LGC-GIRASOL,PR-GRS-LGC-REDLERS,PR-GRS-RDL-TG04,REDLER TG-4 DOBLE,PR-GRS-RDL-TG04,REDLER TG-4 DOBLE,UNIDAD_HOJA_BAJO_SUBSECTOR
PR,GRS,GIRASOL,UNIDAD,TG05,PR-GRS-RDL-TG05,BTZ_Description_04,PR-GRS-LGC-GIRASOL,PR-GRS-LGC-REDLERS,PR-GRS-RDL-TG05,REDLER TG-5,PR-GRS-RDL-TG05,REDLER TG-5,UNIDAD_HOJA_BAJO_SUBSECTOR
PR,GRS,GIRASOL,UNIDAD,TG06,PR-GRS-RDL-TG06,BTZ_Description_04,PR-GRS-LGC-GIRASOL,PR-GRS-LGC-REDLERS,PR-GRS-RDL-TG06,REDLER TG-6,PR-GRS-RDL-TG06,REDLER TG-6,UNIDAD_HOJA_BAJO_SUBSECTOR
PR,GRS,GIRASOL,UNIDAD,TG08,PR-GRS-RDL-TG08,BTZ_Description_04,PR-GRS-LGC-GIRASOL,PR-GRS-LGC-REDLERS,PR-GRS-RDL-TG08,REDLER TG-8 DOBLE,PR-GRS-RDL-TG08,REDLER TG-8 DOBLE,UNIDAD_HOJA_BAJO_SUBSECTOR
PR,GRS,GIRASOL,UNIDAD,TG09,PR-GRS-RDL-TG09,BTZ_Description_04,PR-GRS-LGC-GIRASOL,PR-GRS-LGC-REDLERS,PR-GRS-RDL-TG09,REDLER TG-9 DOBLE,PR-GRS-RDL-TG09,REDLER TG-9 DOBLE,UNIDAD_HOJA_BAJO_SUBSECTOR
PR,GRS,GIRASOL,UNIDAD,TG10,PR-GRS-RDL-TG10,BTZ_Description_04,PR-GRS-LGC-GIRASOL,PR-GRS-LGC-REDLERS,PR-GRS-RDL-TG10,REDLER TG-10,PR-GRS-RDL-TG10,REDLER TG-10,UNIDAD_HOJA_BAJO_SUBSECTOR
PR,GRS,GIRASOL,UNIDAD,TG11,PR-GRS-RDL-TG11,BTZ_Description_04,PR-GRS-LGC-GIRASOL,PR-GRS-LGC-REDLERS,PR-GRS-RDL-TG11,REDLER TG-11,PR-GRS-RDL-TG11,REDLER TG-11,UNIDAD_HOJA_BAJO_SUBSECTOR
PR,GRS,GIRASOL,UNIDAD,TG16,PR-GRS-RDL-TG16,BTZ_Description_04,PR-GRS-LGC-GIRASOL,PR-GRS-LGC-REDLERS,PR-GRS-RDL-TG16,REDLER TG-16,PR-GRS-RDL-TG16,REDLER TG-16,UNIDAD_HOJA_BAJO_SUBSECTOR
PR,GRS,GIRASOL,UNIDAD,TG17,PR-GRS-RDL-TG17,BTZ_Description_04,PR-GRS-LGC-GIRASOL,PR-GRS-LGC-REDLERS,PR-GRS-RDL-TG17,REDLER TG-17,PR-GRS-RDL-TG17,REDLER TG-17,UNIDAD_HOJA_BAJO_SUBSECTOR
PR,GRS,GIRASOL,UNIDAD,TG20,PR-GRS-RDL-TG20,BTZ_Description_04,PR-GRS-LGC-GIRASOL,PR-GRS-LGC-REDLERS,PR-GRS-RDL-TG20,REDLER TG-20,PR-GRS-RDL-TG20,REDLER TG-20,UNIDAD_HOJA_BAJO_SUBSECTOR
PR,GRS,GIRASOL,UNIDAD,TG21A,PR-GRS-RDL-TG21A,BTZ_Description_04,PR-GRS-LGC-GIRASOL,PR-GRS-LGC-REDLERS,PR-GRS-RDL-TG21A,REDLER TG-21A,PR-GRS-RDL-TG21A,REDLER TG-21A,UNIDAD_HOJA_BAJO_SUBSECTOR
PR,GRS,GIRASOL,UNIDAD,TG22,PR-GRS-RDL-TG22,BTZ_Description_04,PR-GRS-LGC-GIRASOL,PR-GRS-LGC-REDLERS,PR-GRS-RDL-TG22,REDLER TG-22 DOBLE,PR-GRS-RDL-TG22,REDLER TG-22 DOBLE,UNIDAD_HOJA_BAJO_SUBSECTOR
PR,GRS,GIRASOL,UNIDAD,TG23,PR-GRS-RDL-TG23,BTZ_Description_04,PR-GRS-LGC-GIRASOL,PR-GRS-LGC-REDLERS,PR-GRS-RDL-TG23,REDLER TG-23,PR-GRS-RDL-TG23,REDLER TG-23,UNIDAD_HOJA_BAJO_SUBSECTOR
PR,GRS,GIRASOL,UNIDAD,TG24,PR-GRS-RDL-TG24,BTZ_Description_04,PR-GRS-LGC-GIRASOL,PR-GRS-LGC-REDLERS,PR-GRS-RDL-TG24,REDLER TG-24,PR-GRS-RDL-TG24,REDLER TG-24,UNIDAD_HOJA_BAJO_SUBSECTOR
PR,GRS,GIRASOL,UNIDAD,TG31,PR-GRS-RDL-TG31,BTZ_Description_04,PR-GRS-LGC-GIRASOL,PR-GRS-LGC-REDLERS,PR-GRS-RDL-TG31,REDLER TG-31 DOBLE,PR-GRS-RDL-TG31,REDLER TG-31 DOBLE,UNIDAD_HOJA_BAJO_SUBSECTOR
PR,GRS,GIRASOL,UNIDAD,TG32,PR-GRS-RDL-TG32,BTZ_Description_04,PR-GRS-LGC-GIRASOL,PR-GRS-LGC-REDLERS,PR-GRS-RDL-TG32,REDLER TG-32 DOBLE,PR-GRS-RDL-TG32,REDLER TG-32 DOBLE,UNIDAD_HOJA_BAJO_SUBSECTOR
PR,GRS,GIRASOL,UNIDAD,TG33,PR-GRS-RDL-TG33,BTZ_Description_04,PR-GRS-LGC-GIRASOL,PR-GRS-LGC-REDLERS,PR-GRS-RDL-TG33,REDLER TG-33,PR-GRS-RDL-TG33,REDLER TG-33,UNIDAD_HOJA_BAJO_SUBSECTOR
PR,GRS,GIRASOL,UNIDAD,TG34,PR-GRS-RDL-TG34,BTZ_Description_04,PR-GRS-LGC-GIRASOL,PR-GRS-LGC-REDLERS,PR-GRS-RDL-TG34,REDLER TG-34,PR-GRS-RDL-TG34,REDLER TG-34,UNIDAD_HOJA_BAJO_SUBSECTOR
PR,GRS,GIRASOL,UNIDAD,TG39,PR-GRS-RDL-TG39,BTZ_Description_04,PR-GRS-LGC-GIRASOL,PR-GRS-LGC-REDLERS,PR-GRS-RDL-TG39,REDLER TG-39,PR-GRS-RDL-TG39,REDLER TG-39,UNIDAD_HOJA_BAJO_SUBSECTOR
PR,GRS,GIRASOL,UNIDAD,TG40,PR-GRS-RDL-TG40,BTZ_Description_04,PR-GRS-LGC-GIRASOL,PR-GRS-LGC-REDLERS,PR-GRS-RDL-TG40,REDLER TG-40,PR-GRS-RDL-TG40,REDLER TG-40,UNIDAD_HOJA_BAJO_SUBSECTOR
PR,GRS,GIRASOL,UNIDAD,TG41,PR-GRS-RDL-TG41,BTZ_Description_04,PR-GRS-LGC-GIRASOL,PR-GRS-LGC-REDLERS,PR-GRS-RDL-TG41,REDLER TG-41 Z,PR-GRS-RDL-TG41,REDLER TG-41 Z,UNIDAD_HOJA_BAJO_SUBSECTOR
PR,GRS,GIRASOL,UNIDAD,TG43,PR-GRS-RDL-TG43,BTZ_Description_04,PR-GRS-LGC-GIRASOL,PR-GRS-LGC-REDLERS,PR-GRS-RDL-TG43,REDLER TG-43,PR-GRS-RDL-TG43,REDLER TG-43,UNIDAD_HOJA_BAJO_SUBSECTOR
PR,GRS,GIRASOL,SUBSECTOR,ROSCAS GIRASOL,PR-GRS-LGC-ROSCAS,BTZ_Description_03,PR-GRS-LGC-GIRASOL,PR-GRS-LGC-ROSCAS,,,PR-GRS-LGC-ROSCAS,LOGICO ROSCAS GIRASOL,SUBSECTOR_DESDE_HIJO_LGC_O_NODO_INTERMEDIO
PR,GRS,GIRASOL,UNIDAD,TG07,PR-GRS-RSC-TG07,BTZ_Description_04,PR-GRS-LGC-GIRASOL,PR-GRS-LGC-ROSCAS,PR-GRS-RSC-TG07,ROSCA TG-7,PR-GRS-RSC-TG07,ROSCA TG-7,UNIDAD_HOJA_BAJO_SUBSECTOR
PR,GRS,GIRASOL,UNIDAD,TG12,PR-GRS-RSC-TG12,BTZ_Description_04,PR-GRS-LGC-GIRASOL,PR-GRS-LGC-ROSCAS,PR-GRS-RSC-TG12,ROSCA TG-12,PR-GRS-RSC-TG12,ROSCA TG-12,UNIDAD_HOJA_BAJO_SUBSECTOR
PR,GRS,GIRASOL,UNIDAD,TG13,PR-GRS-RSC-TG13,BTZ_Description_04,PR-GRS-LGC-GIRASOL,PR-GRS-LGC-ROSCAS,PR-GRS-RSC-TG13,ROSCA TG-13,PR-GRS-RSC-TG13,ROSCA TG-13,UNIDAD_HOJA_BAJO_SUBSECTOR
PR,GRS,GIRASOL,UNIDAD,TG15,PR-GRS-RSC-TG15,BTZ_Description_04,PR-GRS-LGC-GIRASOL,PR-GRS-LGC-ROSCAS,PR-GRS-RSC-TG15,ROSCA TG-15,PR-GRS-RSC-TG15,ROSCA TG-15,UNIDAD_HOJA_BAJO_SUBSECTOR
PR,GRS,GIRASOL,UNIDAD,TG18,PR-GRS-RSC-TG18,BTZ_Description_04,PR-GRS-LGC-GIRASOL,PR-GRS-LGC-ROSCAS,PR-GRS-RSC-TG18,ROSCA TG-18,PR-GRS-RSC-TG18,ROSCA TG-18,UNIDAD_HOJA_BAJO_SUBSECTOR
PR,GRS,GIRASOL,UNIDAD,TG19,PR-GRS-RSC-TG19,BTZ_Description_04,PR-GRS-LGC-GIRASOL,PR-GRS-LGC-ROSCAS,PR-GRS-RSC-TG19,ROSCA TG-19,PR-GRS-RSC-TG19,ROSCA TG-19,UNIDAD_HOJA_BAJO_SUBSECTOR
PR,GRS,GIRASOL,UNIDAD,TG21,PR-GRS-RSC-TG21,BTZ_Description_04,PR-GRS-LGC-GIRASOL,PR-GRS-LGC-ROSCAS,PR-GRS-RSC-TG21,ROSCA TG-21,PR-GRS-RSC-TG21,ROSCA TG-21,UNIDAD_HOJA_BAJO_SUBSECTOR
PR,GRS,GIRASOL,UNIDAD,TG25,PR-GRS-RSC-TG25,BTZ_Description_04,PR-GRS-LGC-GIRASOL,PR-GRS-LGC-ROSCAS,PR-GRS-RSC-TG25,ROSCA TG-25,PR-GRS-RSC-TG25,ROSCA TG-25,UNIDAD_HOJA_BAJO_SUBSECTOR
PR,GRS,GIRASOL,UNIDAD,TG26,PR-GRS-RSC-TG26,BTZ_Description_04,PR-GRS-LGC-GIRASOL,PR-GRS-LGC-ROSCAS,PR-GRS-RSC-TG26,ROSCA TG-26,PR-GRS-RSC-TG26,ROSCA TG-26,UNIDAD_HOJA_BAJO_SUBSECTOR
PR,GRS,GIRASOL,UNIDAD,TG27,PR-GRS-RSC-TG27,BTZ_Description_04,PR-GRS-LGC-GIRASOL,PR-GRS-LGC-ROSCAS,PR-GRS-RSC-TG27,ROSCA TG-27,PR-GRS-RSC-TG27,ROSCA TG-27,UNIDAD_HOJA_BAJO_SUBSECTOR
PR,GRS,GIRASOL,UNIDAD,TG28,PR-GRS-RSC-TG28,BTZ_Description_04,PR-GRS-LGC-GIRASOL,PR-GRS-LGC-ROSCAS,PR-GRS-RSC-TG28,ROSCA TG-28,PR-GRS-RSC-TG28,ROSCA TG-28,UNIDAD_HOJA_BAJO_SUBSECTOR
PR,GRS,GIRASOL,UNIDAD,TG29,PR-GRS-RSC-TG29,BTZ_Description_04,PR-GRS-LGC-GIRASOL,PR-GRS-LGC-ROSCAS,PR-GRS-RSC-TG29,ROSCA TG-29,PR-GRS-RSC-TG29,ROSCA TG-29,UNIDAD_HOJA_BAJO_SUBSECTOR
PR,GRS,GIRASOL,UNIDAD,TG30,PR-GRS-RSC-TG30,BTZ_Description_04,PR-GRS-LGC-GIRASOL,PR-GRS-LGC-ROSCAS,PR-GRS-RSC-TG30,ROSCA TG-30,PR-GRS-RSC-TG30,ROSCA TG-30,UNIDAD_HOJA_BAJO_SUBSECTOR
PR,GRS,GIRASOL,UNIDAD,TG35,PR-GRS-RSC-TG35,BTZ_Description_04,PR-GRS-LGC-GIRASOL,PR-GRS-LGC-ROSCAS,PR-GRS-RSC-TG35,ROSCA TG-35,PR-GRS-RSC-TG35,ROSCA TG-35,UNIDAD_HOJA_BAJO_SUBSECTOR
PR,GRS,GIRASOL,UNIDAD,TG36,PR-GRS-RSC-TG36,BTZ_Description_04,PR-GRS-LGC-GIRASOL,PR-GRS-LGC-ROSCAS,PR-GRS-RSC-TG36,ROSCA TG-36,PR-GRS-RSC-TG36,ROSCA TG-36,UNIDAD_HOJA_BAJO_SUBSECTOR
PR,GRS,GIRASOL,UNIDAD,TG37,PR-GRS-RSC-TG37,BTZ_Description_04,PR-GRS-LGC-GIRASOL,PR-GRS-LGC-ROSCAS,PR-GRS-RSC-TG37,ROSCA TG-37,PR-GRS-RSC-TG37,ROSCA TG-37,UNIDAD_HOJA_BAJO_SUBSECTOR
PR,GRS,GIRASOL,UNIDAD,TG38,PR-GRS-RSC-TG38,BTZ_Description_04,PR-GRS-LGC-GIRASOL,PR-GRS-LGC-ROSCAS,PR-GRS-RSC-TG38,ROSCA TG-38,PR-GRS-RSC-TG38,ROSCA TG-38,UNIDAD_HOJA_BAJO_SUBSECTOR
PR,GRS,GIRASOL,UNIDAD,TG42,PR-GRS-RSC-TG42,BTZ_Description_04,PR-GRS-LGC-GIRASOL,PR-GRS-LGC-ROSCAS,PR-GRS-RSC-TG42,ROSCA TG-42,PR-GRS-RSC-TG42,ROSCA TG-42,UNIDAD_HOJA_BAJO_SUBSECTOR
PR,GRS,GIRASOL,UNIDAD,TG44,PR-GRS-RSC-TG44,BTZ_Description_04,PR-GRS-LGC-GIRASOL,PR-GRS-LGC-ROSCAS,PR-GRS-RSC-TG44,ROSCA TG-44,PR-GRS-RSC-TG44,ROSCA TG-44,UNIDAD_HOJA_BAJO_SUBSECTOR
PR,GRS,GIRASOL,UNIDAD,TG44/1,PR-GRS-RSC-TG44/1,BTZ_Description_04,PR-GRS-LGC-GIRASOL,PR-GRS-LGC-ROSCAS,PR-GRS-RSC-TG44/1,ROSCA TG-44/1,PR-GRS-RSC-TG44/1,ROSCA TG-44/1,UNIDAD_HOJA_BAJO_SUBSECTOR
PR,GRS,GIRASOL,UNIDAD,TG45,PR-GRS-RSC-TG45,BTZ_Description_04,PR-GRS-LGC-GIRASOL,PR-GRS-LGC-ROSCAS,PR-GRS-RSC-TG45,ROSCA-CHIMANGO 45,PR-GRS-RSC-TG45,ROSCA-CHIMANGO 45,UNIDAD_HOJA_BAJO_SUBSECTOR
PR,GRS,GIRASOL,UNIDAD,TG59/1,PR-GRS-RSC-TG59/1,BTZ_Description_04,PR-GRS-LGC-GIRASOL,PR-GRS-LGC-ROSCAS,PR-GRS-RSC-TG59/1,ROSCA TG59/1,PR-GRS-RSC-TG59/1,ROSCA TG59/1,UNIDAD_HOJA_BAJO_SUBSECTOR
PR,GRS,GIRASOL,UNIDAD,TGD01,PR-GRS-RSC-TGD01,BTZ_Description_04,PR-GRS-LGC-GIRASOL,PR-GRS-LGC-ROSCAS,PR-GRS-RSC-TGD01,ROSCA TGD-01,PR-GRS-RSC-TGD01,ROSCA TGD-01,UNIDAD_HOJA_BAJO_SUBSECTOR
PR,GRS,GIRASOL,UNIDAD,TGD02,PR-GRS-RSC-TGD02,BTZ_Description_04,PR-GRS-LGC-GIRASOL,PR-GRS-LGC-ROSCAS,PR-GRS-RSC-TGD02,ROSCA TGD-02,PR-GRS-RSC-TGD02,ROSCA TGD-02,UNIDAD_HOJA_BAJO_SUBSECTOR
PR,GRS,GIRASOL,UNIDAD,TGD03,PR-GRS-RSC-TGD03,BTZ_Description_04,PR-GRS-LGC-GIRASOL,PR-GRS-LGC-ROSCAS,PR-GRS-RSC-TGD03,ROSCA TGD-03,PR-GRS-RSC-TGD03,ROSCA TGD-03,UNIDAD_HOJA_BAJO_SUBSECTOR
PR,GRS,GIRASOL,UNIDAD,TGD04,PR-GRS-RSC-TGD04,BTZ_Description_04,PR-GRS-LGC-GIRASOL,PR-GRS-LGC-ROSCAS,PR-GRS-RSC-TGD04,ROSCA TGD-04,PR-GRS-RSC-TGD04,ROSCA TGD-04,UNIDAD_HOJA_BAJO_SUBSECTOR
PR,GRS,GIRASOL,UNIDAD,TGD05,PR-GRS-RSC-TGD05,BTZ_Description_04,PR-GRS-LGC-GIRASOL,PR-GRS-LGC-ROSCAS,PR-GRS-RSC-TGD05,ROSCA TGD-05,PR-GRS-RSC-TGD05,ROSCA TGD-05,UNIDAD_HOJA_BAJO_SUBSECTOR
PR,GRS,GIRASOL,UNIDAD,TGD06,PR-GRS-RSC-TGD06,BTZ_Description_04,PR-GRS-LGC-GIRASOL,PR-GRS-LGC-ROSCAS,PR-GRS-RSC-TGD06,ROSCA TGD-06,PR-GRS-RSC-TGD06,ROSCA TGD-06,UNIDAD_HOJA_BAJO_SUBSECTOR
PR,GRS,GIRASOL,SUBSECTOR,ZARANDAS GIRASOL,PR-GRS-LGC-ZARANDAS,BTZ_Description_03,PR-GRS-LGC-GIRASOL,PR-GRS-LGC-ZARANDAS,,,PR-GRS-LGC-ZARANDAS,LOGICO ZARANDAS GIRASOL,SUBSECTOR_DESDE_HIJO_LGC_O_NODO_INTERMEDIO
PR,GRS,GIRASOL,SUBSECTOR,TANQUE DOSIFICACION DE BORRA,PR-GRS-LGC-TANQUE DOSIFICACION DE BORRA,BTZ_Description_03,PR-GRS-LGC-GIRASOL,PR-GRS-LGC-TANQUE DOSIFICACION DE BORRA,,,PR-GRS-TNQ-DOB,TANQUE DOSIFICACION DE BORRA,SUBSECTOR_DESDE_HIJO_LGC_O_NODO_INTERMEDIO
PR,GRS,GIRASOL,UNIDAD,TBR,PR-GRS-AGT-TBR,BTZ_Description_04,PR-GRS-LGC-GIRASOL,PR-GRS-LGC-TANQUE DOSIFICACION DE BORRA,PR-GRS-AGT-TBR,AGITADOR TANQUE DE BORRA,PR-GRS-AGT-TBR,AGITADOR TANQUE DE BORRA,UNIDAD_HOJA_BAJO_SUBSECTOR
PR,GRS,GIRASOL,UNIDAD,TBR1,PR-GRS-BMB-TBR1,BTZ_Description_04,PR-GRS-LGC-GIRASOL,PR-GRS-LGC-TANQUE DOSIFICACION DE BORRA,PR-GRS-BMB-TBR1,BOMBA DE IMPULSIÓN DE TANQUE DE BORRA,PR-GRS-BMB-TBR1,BOMBA DE IMPULSIÓN DE TANQUE DE BORRA,UNIDAD_HOJA_BAJO_SUBSECTOR
PR,GRS,GIRASOL,UNIDAD,TBR2,PR-GRS-BMB-TBR2,BTZ_Description_04,PR-GRS-LGC-GIRASOL,PR-GRS-LGC-TANQUE DOSIFICACION DE BORRA,PR-GRS-BMB-TBR2,BOMBA DE RECIRCULACIÓN DE TANQUE DE BORRA,PR-GRS-BMB-TBR2,BOMBA DE RECIRCULACIÓN DE TANQUE DE BORRA,UNIDAD_HOJA_BAJO_SUBSECTOR
PR,GRS,GIRASOL,SUBSECTOR,GENERAL,PR-GRS-LGC-GENERAL,BTZ_Description_03,PR-GRS-LGC-GIRASOL,PR-GRS-LGC-GENERAL,,,PR-GRS-LGC-GIRASOL,SUBSECTOR SINTETICO PARA HOJAS DIRECTAS DEL SECTOR,SUBSECTOR_SINTETICO_GENERAL
PR,GRS,GIRASOL,UNIDAD,AEDG,PR-GRS-APE-AEDG,BTZ_Description_04,PR-GRS-LGC-GIRASOL,PR-GRS-LGC-GENERAL,PR-GRS-APE-AEDG,APAREJO ELECTRICO DESCASCARADO DE GIRASOL,PR-GRS-APE-AEDG,APAREJO ELECTRICO DESCASCARADO DE GIRASOL,UNIDAD_HOJA_DIRECTA_BAJO_SECTOR
PR,GRS,GIRASOL,UNIDAD,TG14,PR-GRS-NOR-TG14,BTZ_Description_04,PR-GRS-LGC-GIRASOL,PR-GRS-LGC-GENERAL,PR-GRS-NOR-TG14,NORIA TG-14,PR-GRS-NOR-TG14,NORIA TG-14,UNIDAD_HOJA_DIRECTA_BAJO_SECTOR
PR,EXT2,EXTRACCION 2,SECTOR,EXTRACCION 2,PR-EXT2-LGC-EXTRACCION 2,BTZ_Description_02,PR-EXT2-LGC-EXTRACCION 2,,,,PR-EXT2-LGC-EXTRACCION 2,LOGICO EXTRACCION 2,SECTOR_DESDE_RAIZ_PR
PR,EXT2,EXTRACCION 2,SUBSECTOR,DESGOMADORA CENTR. Nº 1 WESTFALIA RSE-200,PR-EXT2-LGC-DESGOMADORA CENTR. Nº 1 WESTFALIA RSE-200,BTZ_Description_03,PR-EXT2-LGC-EXTRACCION 2,PR-EXT2-LGC-DESGOMADORA CENTR. Nº 1 WESTFALIA RSE-200,,,PR-EXT2-DSG-W200,DESGOMADORA CENTR. Nº 1 WESTFALIA RSE-200,SUBSECTOR_DESDE_HIJO_LGC_O_NODO_INTERMEDIO
PR,EXT2,EXTRACCION 2,UNIDAD,LAQ2,PR-EXT2-BMB-LAQ2,BTZ_Description_04,PR-EXT2-LGC-EXTRACCION 2,PR-EXT2-LGC-DESGOMADORA CENTR. Nº 1 WESTFALIA RSE-200,PR-EXT2-BMB-LAQ2,BOMBA CENTRIFUGA P/LAVADO QUIMICO 2,PR-EXT2-BMB-LAQ2,BOMBA CENTRIFUGA P/LAVADO QUIMICO 2,UNIDAD_HOJA_BAJO_SUBSECTOR
PR,EXT2,EXTRACCION 2,SUBSECTOR,DESEMPOLVADOR I-29,PR-EXT2-LGC-DESEMPOLVADOR I-29,BTZ_Description_03,PR-EXT2-LGC-EXTRACCION 2,PR-EXT2-LGC-DESEMPOLVADOR I-29,,,PR-EXT2-DSM-I29,DESEMPOLVADOR I-29,SUBSECTOR_DESDE_HIJO_LGC_O_NODO_INTERMEDIO
PR,EXT2,EXTRACCION 2,UNIDAD,P029/A,PR-EXT2-BMB-P029/A,BTZ_Description_04,PR-EXT2-LGC-EXTRACCION 2,PR-EXT2-LGC-DESEMPOLVADOR I-29,PR-EXT2-BMB-P029/A,BOMBA CENTRIFUGA P-29/A <NORTE>,PR-EXT2-BMB-P029/A,BOMBA CENTRIFUGA P-29/A <NORTE>,UNIDAD_HOJA_BAJO_SUBSECTOR
PR,EXT2,EXTRACCION 2,UNIDAD,P029/B,PR-EXT2-BMB-P029/B,BTZ_Description_04,PR-EXT2-LGC-EXTRACCION 2,PR-EXT2-LGC-DESEMPOLVADOR I-29,PR-EXT2-BMB-P029/B,BOMBA CENTRIFUGA P-29/B <SUR>,PR-EXT2-BMB-P029/B,BOMBA CENTRIFUGA P-29/B <SUR>,UNIDAD_HOJA_BAJO_SUBSECTOR
PR,EXT2,EXTRACCION 2,UNIDAD,I29,PR-EXT2-LVD-I29,BTZ_Description_04,PR-EXT2-LGC-EXTRACCION 2,PR-EXT2-LGC-DESEMPOLVADOR I-29,PR-EXT2-LVD-I29,LAVADOR DE TAPIZ ITEM 29,PR-EXT2-LVD-I29,LAVADOR DE TAPIZ ITEM 29,UNIDAD_HOJA_BAJO_SUBSECTOR
PR,EXT2,EXTRACCION 2,SUBSECTOR,DESTILADOR ACEITE I-18,PR-EXT2-LGC-DESTILADOR ACEITE I-18,BTZ_Description_03,PR-EXT2-LGC-EXTRACCION 2,PR-EXT2-LGC-DESTILADOR ACEITE I-18,,,PR-EXT2-DST-I18,DESTILADOR ACEITE I-18,SUBSECTOR_DESDE_HIJO_LGC_O_NODO_INTERMEDIO
PR,EXT2,EXTRACCION 2,UNIDAD,P018,PR-EXT2-BMB-P018,BTZ_Description_04,PR-EXT2-LGC-EXTRACCION 2,PR-EXT2-LGC-DESTILADOR ACEITE I-18,PR-EXT2-BMB-P018,BOMBA CENTRIFUGA P-18,PR-EXT2-BMB-P018,BOMBA CENTRIFUGA P-18,UNIDAD_HOJA_BAJO_SUBSECTOR
PR,EXT2,EXTRACCION 2,SUBSECTOR,DESTILADOR AC.ABSOR. I-122A/B,PR-EXT2-LGC-DESTILADOR AC.ABSOR. I-122A/B,BTZ_Description_03,PR-EXT2-LGC-EXTRACCION 2,PR-EXT2-LGC-DESTILADOR AC.ABSOR. I-122A/B,,,PR-EXT2-DST-I22A/B,DESTILADOR AC.ABSOR. I-122A/B,SUBSECTOR_DESDE_HIJO_LGC_O_NODO_INTERMEDIO
PR,EXT2,EXTRACCION 2,UNIDAD,P022,PR-EXT2-BMB-P022,BTZ_Description_04,PR-EXT2-LGC-EXTRACCION 2,PR-EXT2-LGC-DESTILADOR AC.ABSOR. I-122A/B,PR-EXT2-BMB-P022,BOMBA CENTRIFUGA P-22,PR-EXT2-BMB-P022,BOMBA CENTRIFUGA P-22,UNIDAD_HOJA_BAJO_SUBSECTOR
PR,EXT2,EXTRACCION 2,UNIDAD,P122,PR-EXT2-BMB-P122,BTZ_Description_04,PR-EXT2-LGC-EXTRACCION 2,PR-EXT2-LGC-DESTILADOR AC.ABSOR. I-122A/B,PR-EXT2-BMB-P122,BOMBA CENTRIFUGA P-122 REC. ACEIT. MIN.,PR-EXT2-BMB-P122,BOMBA CENTRIFUGA P-122 REC. ACEIT. MIN.,UNIDAD_HOJA_BAJO_SUBSECTOR
PR,EXT2,EXTRACCION 2,UNIDAD,I41/122,PR-EXT2-EYC-I41/122,BTZ_Description_04,PR-EXT2-LGC-EXTRACCION 2,PR-EXT2-LGC-DESTILADOR AC.ABSOR. I-122A/B,PR-EXT2-EYC-I41/122,EYECTOR I-41/122,PR-EXT2-EYC-I41/122,EYECTOR I-41/122,UNIDAD_HOJA_BAJO_SUBSECTOR
PR,EXT2,EXTRACCION 2,SUBSECTOR,ECONOMIZADOR DEST. ITEM 60/1,PR-EXT2-LGC-ECONOMIZADOR DEST. ITEM 60/1,BTZ_Description_03,PR-EXT2-LGC-EXTRACCION 2,PR-EXT2-LGC-ECONOMIZADOR DEST. ITEM 60/1,,,PR-EXT2-ECN-I60/1,ECONOMIZADOR DEST. ITEM 60/1,SUBSECTOR_DESDE_HIJO_LGC_O_NODO_INTERMEDIO
PR,EXT2,EXTRACCION 2,UNIDAD,P060/1,PR-EXT2-BMB-P060/1,BTZ_Description_04,PR-EXT2-LGC-EXTRACCION 2,PR-EXT2-LGC-ECONOMIZADOR DEST. ITEM 60/1,PR-EXT2-BMB-P060/1,BOMBA CENTRIFUGA P-60/1 <S>,PR-EXT2-BMB-P060/1,BOMBA CENTRIFUGA P-60/1 <S>,UNIDAD_HOJA_BAJO_SUBSECTOR
PR,EXT2,EXTRACCION 2,SUBSECTOR,ECONOMIZADOR DEST. ITEM 60/2,PR-EXT2-LGC-ECONOMIZADOR DEST. ITEM 60/2,BTZ_Description_03,PR-EXT2-LGC-EXTRACCION 2,PR-EXT2-LGC-ECONOMIZADOR DEST. ITEM 60/2,,,PR-EXT2-ECN-I60/2,ECONOMIZADOR DEST. ITEM 60/2,SUBSECTOR_DESDE_HIJO_LGC_O_NODO_INTERMEDIO
PR,EXT2,EXTRACCION 2,UNIDAD,P060/2,PR-EXT2-BMB-P060/2,BTZ_Description_04,PR-EXT2-LGC-EXTRACCION 2,PR-EXT2-LGC-ECONOMIZADOR DEST. ITEM 60/2,PR-EXT2-BMB-P060/2,BOMBA CENTRIFUGA P-60/2 <N>,PR-EXT2-BMB-P060/2,BOMBA CENTRIFUGA P-60/2 <N>,UNIDAD_HOJA_BAJO_SUBSECTOR
PR,EXT2,EXTRACCION 2,UNIDAD,P060/3,PR-EXT2-BMB-P060/3,BTZ_Description_04,PR-EXT2-LGC-EXTRACCION 2,PR-EXT2-LGC-ECONOMIZADOR DEST. ITEM 60/2,PR-EXT2-BMB-P060/3,BOMBA CENTRIFUGA P-60/3 <E>,PR-EXT2-BMB-P060/3,BOMBA CENTRIFUGA P-60/3 <E>,UNIDAD_HOJA_BAJO_SUBSECTOR
PR,EXT2,EXTRACCION 2,SUBSECTOR,ENFRIADOR HORIZONTAL ITEM 13,PR-EXT2-LGC-ENFRIADOR HORIZONTAL ITEM 13,BTZ_Description_03,PR-EXT2-LGC-EXTRACCION 2,PR-EXT2-LGC-ENFRIADOR HORIZONTAL ITEM 13,,,PR-EXT2-ENF-I13,ENFRIADOR HORIZONTAL ITEM 13,SUBSECTOR_DESDE_HIJO_LGC_O_NODO_INTERMEDIO
PR,EXT2,EXTRACCION 2,UNIDAD,I13,PR-EXT2-VLV-SOV-I13,BTZ_Description_04,PR-EXT2-LGC-EXTRACCION 2,PR-EXT2-LGC-ENFRIADOR HORIZONTAL ITEM 13,PR-EXT2-VLV-SOV-I13,VALVULA ON-OFF AHOGO ENFRIADOR ITEM 13 LINEA 2,PR-EXT2-VLV-SOV-I13,VALVULA ON-OFF AHOGO ENFRIADOR ITEM 13 LINEA 2,UNIDAD_HOJA_BAJO_SUBSECTOR
PR,EXT2,EXTRACCION 2,SUBSECTOR,EVAPORADOR I-18S,PR-EXT2-LGC-EVAPORADOR I-18S,BTZ_Description_03,PR-EXT2-LGC-EXTRACCION 2,PR-EXT2-LGC-EVAPORADOR I-18S,,,PR-EXT2-EVP-I18S,EVAPORADOR I-18S,SUBSECTOR_DESDE_HIJO_LGC_O_NODO_INTERMEDIO
PR,EXT2,EXTRACCION 2,UNIDAD,I18/1,PR-EXT2-VLV-TCV-I18/1,BTZ_Description_04,PR-EXT2-LGC-EXTRACCION 2,PR-EXT2-LGC-EVAPORADOR I-18S,PR-EXT2-VLV-TCV-I18/1,VALVULA MODULADORA TEMPERATURA 3 A 9 PSI ITEM 18 <INFERIOR>,PR-EXT2-VLV-TCV-I18/1,VALVULA MODULADORA TEMPERATURA 3 A 9 PSI ITEM 18 <INFERIOR>,UNIDAD_HOJA_BAJO_SUBSECTOR
PR,EXT2,EXTRACCION 2,UNIDAD,I18/2,PR-EXT2-VLV-TCV-I18/2,BTZ_Description_04,PR-EXT2-LGC-EXTRACCION 2,PR-EXT2-LGC-EVAPORADOR I-18S,PR-EXT2-VLV-TCV-I18/2,VALVULA MODULADORA TEMPERATURA 9 A 15 PSI ITEM 18 <SUPERIOR>,PR-EXT2-VLV-TCV-I18/2,VALVULA MODULADORA TEMPERATURA 9 A 15 PSI ITEM 18 <SUPERIOR>,UNIDAD_HOJA_BAJO_SUBSECTOR
PR,EXT2,EXTRACCION 2,SUBSECTOR,EXTRACTOR TAPIZ I-3T,PR-EXT2-LGC-EXTRACTOR TAPIZ I-3T,BTZ_Description_03,PR-EXT2-LGC-EXTRACCION 2,PR-EXT2-LGC-EXTRACTOR TAPIZ I-3T,,,PR-EXT2-EXT-I3T,EXTRACTOR TAPIZ I-3T,SUBSECTOR_DESDE_HIJO_LGC_O_NODO_INTERMEDIO
PR,EXT2,EXTRACCION 2,UNIDAD,P001,PR-EXT2-BMB-P001,BTZ_Description_04,PR-EXT2-LGC-EXTRACCION 2,PR-EXT2-LGC-EXTRACTOR TAPIZ I-3T,PR-EXT2-BMB-P001,BOMBA CENTRIFUGA P-1,PR-EXT2-BMB-P001,BOMBA CENTRIFUGA P-1,UNIDAD_HOJA_BAJO_SUBSECTOR
PR,EXT2,EXTRACCION 2,UNIDAD,P001/1,PR-EXT2-BMB-P001/1,BTZ_Description_04,PR-EXT2-LGC-EXTRACCION 2,PR-EXT2-LGC-EXTRACTOR TAPIZ I-3T,PR-EXT2-BMB-P001/1,BOMBA CENTRIFUGA P-1 BIS,PR-EXT2-BMB-P001/1,BOMBA CENTRIFUGA P-1 BIS,UNIDAD_HOJA_BAJO_SUBSECTOR
PR,EXT2,EXTRACCION 2,UNIDAD,P002A,PR-EXT2-BMB-P002A,BTZ_Description_04,PR-EXT2-LGC-EXTRACCION 2,PR-EXT2-LGC-EXTRACTOR TAPIZ I-3T,PR-EXT2-BMB-P002A,BOMBA CENTRIFUGA P-2A,PR-EXT2-BMB-P002A,BOMBA CENTRIFUGA P-2A,UNIDAD_HOJA_BAJO_SUBSECTOR
PR,EXT2,EXTRACCION 2,UNIDAD,P002B,PR-EXT2-BMB-P002B,BTZ_Description_04,PR-EXT2-LGC-EXTRACCION 2,PR-EXT2-LGC-EXTRACTOR TAPIZ I-3T,PR-EXT2-BMB-P002B,BOMBA CENTRIFUGA P-2B,PR-EXT2-BMB-P002B,BOMBA CENTRIFUGA P-2B,UNIDAD_HOJA_BAJO_SUBSECTOR
PR,EXT2,EXTRACCION 2,UNIDAD,P003/1,PR-EXT2-BMB-P003/1,BTZ_Description_04,PR-EXT2-LGC-EXTRACCION 2,PR-EXT2-LGC-EXTRACTOR TAPIZ I-3T,PR-EXT2-BMB-P003/1,BOMBA CENTRIFUGA P-3/1 RIEGO (N),PR-EXT2-BMB-P003/1,BOMBA CENTRIFUGA P-3/1 RIEGO (N),UNIDAD_HOJA_BAJO_SUBSECTOR
PR,EXT2,EXTRACCION 2,UNIDAD,P003/2,PR-EXT2-BMB-P003/2,BTZ_Description_04,PR-EXT2-LGC-EXTRACCION 2,PR-EXT2-LGC-EXTRACTOR TAPIZ I-3T,PR-EXT2-BMB-P003/2,BOMBA CENTRIFUGA P-3/2 RIEGO,PR-EXT2-BMB-P003/2,BOMBA CENTRIFUGA P-3/2 RIEGO,UNIDAD_HOJA_BAJO_SUBSECTOR
PR,EXT2,EXTRACCION 2,UNIDAD,P003/3,PR-EXT2-BMB-P003/3,BTZ_Description_04,PR-EXT2-LGC-EXTRACCION 2,PR-EXT2-LGC-EXTRACTOR TAPIZ I-3T,PR-EXT2-BMB-P003/3,BOMBA CENTRIFUGA P-3/3 RIEGO,PR-EXT2-BMB-P003/3,BOMBA CENTRIFUGA P-3/3 RIEGO,UNIDAD_HOJA_BAJO_SUBSECTOR
PR,EXT2,EXTRACCION 2,UNIDAD,P003/4,PR-EXT2-BMB-P003/4,BTZ_Description_04,PR-EXT2-LGC-EXTRACCION 2,PR-EXT2-LGC-EXTRACTOR TAPIZ I-3T,PR-EXT2-BMB-P003/4,BOMBA CENTRIFUGA P-3/4 RIEGO,PR-EXT2-BMB-P003/4,BOMBA CENTRIFUGA P-3/4 RIEGO,UNIDAD_HOJA_BAJO_SUBSECTOR
PR,EXT2,EXTRACCION 2,UNIDAD,P003/5,PR-EXT2-BMB-P003/5,BTZ_Description_04,PR-EXT2-LGC-EXTRACCION 2,PR-EXT2-LGC-EXTRACTOR TAPIZ I-3T,PR-EXT2-BMB-P003/5,BOMBA CENTRIFUGA P-3/5 RIEGO,PR-EXT2-BMB-P003/5,BOMBA CENTRIFUGA P-3/5 RIEGO,UNIDAD_HOJA_BAJO_SUBSECTOR
PR,EXT2,EXTRACCION 2,UNIDAD,P003/6,PR-EXT2-BMB-P003/6,BTZ_Description_04,PR-EXT2-LGC-EXTRACCION 2,PR-EXT2-LGC-EXTRACTOR TAPIZ I-3T,PR-EXT2-BMB-P003/6,BOMBA CENTRIFUGA P-3/6 RIEGO (S),PR-EXT2-BMB-P003/6,BOMBA CENTRIFUGA P-3/6 RIEGO (S),UNIDAD_HOJA_BAJO_SUBSECTOR
PR,EXT2,EXTRACCION 2,UNIDAD,P015,PR-EXT2-BMB-P015,BTZ_Description_04,PR-EXT2-LGC-EXTRACCION 2,PR-EXT2-LGC-EXTRACTOR TAPIZ I-3T,PR-EXT2-BMB-P015,BOMBA CENTRIFUGA P-15,PR-EXT2-BMB-P015,BOMBA CENTRIFUGA P-15,UNIDAD_HOJA_BAJO_SUBSECTOR
PR,EXT2,EXTRACCION 2,UNIDAD,P015B,PR-EXT2-BMB-P015B,BTZ_Description_04,PR-EXT2-LGC-EXTRACCION 2,PR-EXT2-LGC-EXTRACTOR TAPIZ I-3T,PR-EXT2-BMB-P015B,BOMBA CENTRIFUGA P-15 BIS,PR-EXT2-BMB-P015B,BOMBA CENTRIFUGA P-15 BIS,UNIDAD_HOJA_BAJO_SUBSECTOR
PR,EXT2,EXTRACCION 2,UNIDAD,M16,PR-EXT2-FLT-M16,BTZ_Description_04,PR-EXT2-LGC-EXTRACCION 2,PR-EXT2-LGC-EXTRACTOR TAPIZ I-3T,PR-EXT2-FLT-M16,FILTRO 16 ROTATIVO DE MISCELA (FM),PR-EXT2-FLT-M16,FILTRO 16 ROTATIVO DE MISCELA (FM),UNIDAD_HOJA_BAJO_SUBSECTOR
PR,EXT2,EXTRACCION 2,UNIDAD,MLT,PR-EXT2-FLT-MLT,BTZ_Description_04,PR-EXT2-LGC-EXTRACCION 2,PR-EXT2-LGC-EXTRACTOR TAPIZ I-3T,PR-EXT2-FLT-MLT,FILTRO MISCELA LAVA TAPIZ,PR-EXT2-FLT-MLT,FILTRO MISCELA LAVA TAPIZ,UNIDAD_HOJA_BAJO_SUBSECTOR
PR,EXT2,EXTRACCION 2,UNIDAD,I3RQ,PR-EXT2-LVT-I3RQ,BTZ_Description_04,PR-EXT2-LGC-EXTRACCION 2,PR-EXT2-LGC-EXTRACTOR TAPIZ I-3T,PR-EXT2-LVT-I3RQ,LAVA TAPIZ ITEM 3R,PR-EXT2-LVT-I3RQ,LAVA TAPIZ ITEM 3R,UNIDAD_HOJA_BAJO_SUBSECTOR
PR,EXT2,EXTRACCION 2,UNIDAD,I3G,PR-EXT2-RAST-I3G,BTZ_Description_04,PR-EXT2-LGC-EXTRACCION 2,PR-EXT2-LGC-EXTRACTOR TAPIZ I-3T,PR-EXT2-RAST-I3G,RASTRILLO ITEM 3G,PR-EXT2-RAST-I3G,RASTRILLO ITEM 3G,UNIDAD_HOJA_BAJO_SUBSECTOR
PR,EXT2,EXTRACCION 2,UNIDAD,I3T,PR-EXT2-VLV-PCV-I3T,BTZ_Description_04,PR-EXT2-LGC-EXTRACCION 2,PR-EXT2-LGC-EXTRACTOR TAPIZ I-3T,PR-EXT2-VLV-PCV-I3T,VALVULA MODULADORA DEPRESION ITEM 3T,PR-EXT2-VLV-PCV-I3T,VALVULA MODULADORA DEPRESION ITEM 3T,UNIDAD_HOJA_BAJO_SUBSECTOR
PR,EXT2,EXTRACCION 2,UNIDAD,P15BIS,PR-EXT2-VLV-PCV-P15BIS,BTZ_Description_04,PR-EXT2-LGC-EXTRACCION 2,PR-EXT2-LGC-EXTRACTOR TAPIZ I-3T,PR-EXT2-VLV-PCV-P15BIS,VALVULA MODULADORA PRESION HIDROCICLONES,PR-EXT2-VLV-PCV-P15BIS,VALVULA MODULADORA PRESION HIDROCICLONES,UNIDAD_HOJA_BAJO_SUBSECTOR
PR,EXT2,EXTRACCION 2,SUBSECTOR,HIDRATADOR DE MUSILAGOS I-503,PR-EXT2-LGC-HIDRATADOR DE MUSILAGOS I-503,BTZ_Description_03,PR-EXT2-LGC-EXTRACCION 2,PR-EXT2-LGC-HIDRATADOR DE MUSILAGOS I-503,,,PR-EXT2-HDR-I503,HIDRATADOR DE MUSILAGOS I-503,SUBSECTOR_DESDE_HIJO_LGC_O_NODO_INTERMEDIO
PR,EXT2,EXTRACCION 2,UNIDAD,P503A,PR-EXT2-BMB-P503A,BTZ_Description_04,PR-EXT2-LGC-EXTRACCION 2,PR-EXT2-LGC-HIDRATADOR DE MUSILAGOS I-503,PR-EXT2-BMB-P503A,BOMBA CENTRIFUGA P-503A,PR-EXT2-BMB-P503A,BOMBA CENTRIFUGA P-503A,UNIDAD_HOJA_BAJO_SUBSECTOR
PR,EXT2,EXTRACCION 2,UNIDAD,P503B,PR-EXT2-BMB-P503B,BTZ_Description_04,PR-EXT2-LGC-EXTRACCION 2,PR-EXT2-LGC-HIDRATADOR DE MUSILAGOS I-503,PR-EXT2-BMB-P503B,BOMBA A TORNILLO P-503B,PR-EXT2-BMB-P503B,BOMBA A TORNILLO P-503B,UNIDAD_HOJA_BAJO_SUBSECTOR
PR,EXT2,EXTRACCION 2,UNIDAD,P503B1,PR-EXT2-BMB-P503B1,BTZ_Description_04,PR-EXT2-LGC-EXTRACCION 2,PR-EXT2-LGC-HIDRATADOR DE MUSILAGOS I-503,PR-EXT2-BMB-P503B1,BOMBA CENTRIFUGA P-503B1,PR-EXT2-BMB-P503B1,BOMBA CENTRIFUGA P-503B1,UNIDAD_HOJA_BAJO_SUBSECTOR
PR,EXT2,EXTRACCION 2,UNIDAD,AN05,PR-EXT2-FLT-AN05,BTZ_Description_04,PR-EXT2-LGC-EXTRACCION 2,PR-EXT2-LGC-HIDRATADOR DE MUSILAGOS I-503,PR-EXT2-FLT-AN05,FILTRO ACEITE Nº 5 (FM),PR-EXT2-FLT-AN05,FILTRO ACEITE Nº 5 (FM),UNIDAD_HOJA_BAJO_SUBSECTOR
PR,EXT2,EXTRACCION 2,UNIDAD,I503,PR-EXT2-VLV-FCV-I503,BTZ_Description_04,PR-EXT2-LGC-EXTRACCION 2,PR-EXT2-LGC-HIDRATADOR DE MUSILAGOS I-503,PR-EXT2-VLV-FCV-I503,VALVULA MODULADORA AGUA DE HIDRATACION <DE CALDERA A IT503>,PR-EXT2-VLV-FCV-I503,VALVULA MODULADORA AGUA DE HIDRATACION <DE CALDERA A IT503>,UNIDAD_HOJA_BAJO_SUBSECTOR
PR,EXT2,EXTRACCION 2,SUBSECTOR,HERVIDOR DE AGUA PROCESO I-45,PR-EXT2-LGC-HERVIDOR DE AGUA PROCESO I-45,BTZ_Description_03,PR-EXT2-LGC-EXTRACCION 2,PR-EXT2-LGC-HERVIDOR DE AGUA PROCESO I-45,,,PR-EXT2-HRV-I45,HERVIDOR DE AGUA PROCESO I-45,SUBSECTOR_DESDE_HIJO_LGC_O_NODO_INTERMEDIO
PR,EXT2,EXTRACCION 2,UNIDAD,I45,PR-EXT2-VLV-TCV-I45,BTZ_Description_04,PR-EXT2-LGC-EXTRACCION 2,PR-EXT2-LGC-HERVIDOR DE AGUA PROCESO I-45,PR-EXT2-VLV-TCV-I45,VALVULA CONTROL DE TEMPERATURA DEL 45,PR-EXT2-VLV-TCV-I45,VALVULA CONTROL DE TEMPERATURA DEL 45,UNIDAD_HOJA_BAJO_SUBSECTOR
PR,EXT2,EXTRACCION 2,SUBSECTOR,CALENTADORES EXTRACCION 2,PR-EXT2-LGC-CALENTADORES,BTZ_Description_03,PR-EXT2-LGC-EXTRACCION 2,PR-EXT2-LGC-CALENTADORES,,,PR-EXT2-LGC-CALENTADORES,LOGICO CALENTADORES EXTRACCION 2,SUBSECTOR_DESDE_HIJO_LGC_O_NODO_INTERMEDIO
PR,EXT2,EXTRACCION 2,UNIDAD,I521,PR-EXT2-CLT-I521,BTZ_Description_04,PR-EXT2-LGC-EXTRACCION 2,PR-EXT2-LGC-CALENTADORES,PR-EXT2-CLT-I521,CALENTADOR FINAL ACEITE I-521,PR-EXT2-CLT-I521,CALENTADOR FINAL ACEITE I-521,UNIDAD_HOJA_BAJO_SUBSECTOR
PR,EXT2,EXTRACCION 2,SUBSECTOR,CONDENSADORES EXTRACCION 2,PR-EXT2-LGC-CONDENSADORES,BTZ_Description_03,PR-EXT2-LGC-EXTRACCION 2,PR-EXT2-LGC-CONDENSADORES,,,PR-EXT2-LGC-CONDENSADORES,LOGICO CONDENSADORES EXTRACCION 2,SUBSECTOR_DESDE_HIJO_LGC_O_NODO_INTERMEDIO
PR,EXT2,EXTRACCION 2,UNIDAD,I20B,PR-EXT2-CND-I20B,BTZ_Description_04,PR-EXT2-LGC-EXTRACCION 2,PR-EXT2-LGC-CONDENSADORES,PR-EXT2-CND-I20B,CONDENSADOR Nº 20 B,PR-EXT2-CND-I20B,CONDENSADOR Nº 20 B,UNIDAD_HOJA_BAJO_SUBSECTOR
PR,EXT2,EXTRACCION 2,UNIDAD,I20C,PR-EXT2-CND-I20C,BTZ_Description_04,PR-EXT2-LGC-EXTRACCION 2,PR-EXT2-LGC-CONDENSADORES,PR-EXT2-CND-I20C,CONDENSADOR Nº 20 C,PR-EXT2-CND-I20C,CONDENSADOR Nº 20 C,UNIDAD_HOJA_BAJO_SUBSECTOR
PR,EXT2,EXTRACCION 2,SUBSECTOR,ENFRIADORES EXTRACCION 2,PR-EXT2-LGC-ENFRIADORES,BTZ_Description_03,PR-EXT2-LGC-EXTRACCION 2,PR-EXT2-LGC-ENFRIADORES,,,PR-EXT2-LGC-ENFRIADORES,LOGICO ENFRIADORES EXTRACCION 2,SUBSECTOR_DESDE_HIJO_LGC_O_NODO_INTERMEDIO
PR,EXT2,EXTRACCION 2,UNIDAD,FMAC,PR-EXT2-ENF-FMAC,BTZ_Description_04,PR-EXT2-LGC-EXTRACCION 2,PR-EXT2-LGC-ENFRIADORES,PR-EXT2-ENF-FMAC,ENFRIADOR ACEITE CRUDO (FM),PR-EXT2-ENF-FMAC,ENFRIADOR ACEITE CRUDO (FM),UNIDAD_HOJA_BAJO_SUBSECTOR
PR,EXT2,EXTRACCION 2,UNIDAD,I181B,PR-EXT2-ENF-I181B,BTZ_Description_04,PR-EXT2-LGC-EXTRACCION 2,PR-EXT2-LGC-ENFRIADORES,PR-EXT2-ENF-I181B,ENFRIADOR A PLACA AC. ABSOR. I-181B,PR-EXT2-ENF-I181B,ENFRIADOR A PLACA AC. ABSOR. I-181B,UNIDAD_HOJA_BAJO_SUBSECTOR
PR,EXT2,EXTRACCION 2,UNIDAD,I581,PR-EXT2-ENF-I581,BTZ_Description_04,PR-EXT2-LGC-EXTRACCION 2,PR-EXT2-LGC-ENFRIADORES,PR-EXT2-ENF-I581,ENFRIADOR AC. TERMINADO I-581,PR-EXT2-ENF-I581,ENFRIADOR AC. TERMINADO I-581,UNIDAD_HOJA_BAJO_SUBSECTOR
PR,EXT2,EXTRACCION 2,SUBSECTOR,GRANULADORES EXTRACCION 2,PR-EXT2-LGC-GRANULADORES,BTZ_Description_03,PR-EXT2-LGC-EXTRACCION 2,PR-EXT2-LGC-GRANULADORES,,,PR-EXT2-LGC-GRANULADORES,LOGICO GRANULADORES EXTRACCION 2,SUBSECTOR_DESDE_HIJO_LGC_O_NODO_INTERMEDIO
PR,EXT2,EXTRACCION 2,SUBSECTOR,REDLERS EXTRACCION 2,PR-EXT2-LGC-REDLERS,BTZ_Description_03,PR-EXT2-LGC-EXTRACCION 2,PR-EXT2-LGC-REDLERS,,,PR-EXT2-LGC-REDLERS,LOGICO REDLERS EXTRACCION 2,SUBSECTOR_DESDE_HIJO_LGC_O_NODO_INTERMEDIO
PR,EXT2,EXTRACCION 2,UNIDAD,R01A,PR-EXT2-RDL-R01A,BTZ_Description_04,PR-EXT2-LGC-EXTRACCION 2,PR-EXT2-LGC-REDLERS,PR-EXT2-RDL-R01A,REDLER 1A,PR-EXT2-RDL-R01A,REDLER 1A,UNIDAD_HOJA_BAJO_SUBSECTOR
PR,EXT2,EXTRACCION 2,UNIDAD,R01B,PR-EXT2-RDL-R01B,BTZ_Description_04,PR-EXT2-LGC-EXTRACCION 2,PR-EXT2-LGC-REDLERS,PR-EXT2-RDL-R01B,REDLER 1B,PR-EXT2-RDL-R01B,REDLER 1B,UNIDAD_HOJA_BAJO_SUBSECTOR
PR,EXT2,EXTRACCION 2,UNIDAD,R05J,PR-EXT2-RDL-R05J,BTZ_Description_04,PR-EXT2-LGC-EXTRACCION 2,PR-EXT2-LGC-REDLERS,PR-EXT2-RDL-R05J,"REDLER 5 ""J""",PR-EXT2-RDL-R05J,"REDLER 5 ""J""",UNIDAD_HOJA_BAJO_SUBSECTOR
PR,EXT2,EXTRACCION 2,UNIDAD,R09A,PR-EXT2-RDL-R09A,BTZ_Description_04,PR-EXT2-LGC-EXTRACCION 2,PR-EXT2-LGC-REDLERS,PR-EXT2-RDL-R09A,REDLER 9A,PR-EXT2-RDL-R09A,REDLER 9A,UNIDAD_HOJA_BAJO_SUBSECTOR
PR,EXT2,EXTRACCION 2,UNIDAD,R09C,PR-EXT2-RDL-R09C,BTZ_Description_04,PR-EXT2-LGC-EXTRACCION 2,PR-EXT2-LGC-REDLERS,PR-EXT2-RDL-R09C,REDLER 9C,PR-EXT2-RDL-R09C,REDLER 9C,UNIDAD_HOJA_BAJO_SUBSECTOR
PR,EXT2,EXTRACCION 2,UNIDAD,R09D,PR-EXT2-RDL-R09D,BTZ_Description_04,PR-EXT2-LGC-EXTRACCION 2,PR-EXT2-LGC-REDLERS,PR-EXT2-RDL-R09D,REDLER 9D,PR-EXT2-RDL-R09D,REDLER 9D,UNIDAD_HOJA_BAJO_SUBSECTOR
PR,EXT2,EXTRACCION 2,UNIDAD,R09E,PR-EXT2-RDL-R09E,BTZ_Description_04,PR-EXT2-LGC-EXTRACCION 2,PR-EXT2-LGC-REDLERS,PR-EXT2-RDL-R09E,REDLER 9E,PR-EXT2-RDL-R09E,REDLER 9E,UNIDAD_HOJA_BAJO_SUBSECTOR
PR,EXT2,EXTRACCION 2,UNIDAD,R11B,PR-EXT2-RDL-R11B,BTZ_Description_04,PR-EXT2-LGC-EXTRACCION 2,PR-EXT2-LGC-REDLERS,PR-EXT2-RDL-R11B,REDLER 11B,PR-EXT2-RDL-R11B,REDLER 11B,UNIDAD_HOJA_BAJO_SUBSECTOR
PR,EXT2,EXTRACCION 2,SUBSECTOR,ROSCAS EXTRACCION 2,PR-EXT2-LGC-ROSCAS,BTZ_Description_03,PR-EXT2-LGC-EXTRACCION 2,PR-EXT2-LGC-ROSCAS,,,PR-EXT2-LGC-ROSCAS,LOGICO ROSCAS EXTRACCION 2,SUBSECTOR_DESDE_HIJO_LGC_O_NODO_INTERMEDIO
PR,EXT2,EXTRACCION 2,UNIDAD,I04,PR-EXT2-RSC-I04,BTZ_Description_04,PR-EXT2-LGC-EXTRACCION 2,PR-EXT2-LGC-ROSCAS,PR-EXT2-RSC-I04,ROSCA ITEM 4,PR-EXT2-RSC-I04,ROSCA ITEM 4,UNIDAD_HOJA_BAJO_SUBSECTOR
PR,EXT2,EXTRACCION 2,UNIDAD,I08A,PR-EXT2-RSC-I08A,BTZ_Description_04,PR-EXT2-LGC-EXTRACCION 2,PR-EXT2-LGC-ROSCAS,PR-EXT2-RSC-I08A,ROSCA ITEM 8-A,PR-EXT2-RSC-I08A,ROSCA ITEM 8-A,UNIDAD_HOJA_BAJO_SUBSECTOR
PR,EXT2,EXTRACCION 2,UNIDAD,I09B,PR-EXT2-RSC-I09B,BTZ_Description_04,PR-EXT2-LGC-EXTRACCION 2,PR-EXT2-LGC-ROSCAS,PR-EXT2-RSC-I09B,ROSCA I-9B MEZC,PR-EXT2-RSC-I09B,ROSCA I-9B MEZC,UNIDAD_HOJA_BAJO_SUBSECTOR
PR,EXT2,EXTRACCION 2,UNIDAD,I11A1,PR-EXT2-RSC-I11A1,BTZ_Description_04,PR-EXT2-LGC-EXTRACCION 2,PR-EXT2-LGC-ROSCAS,PR-EXT2-RSC-I11A1,ROSCA ITEM 11A,PR-EXT2-RSC-I11A1,ROSCA ITEM 11A,UNIDAD_HOJA_BAJO_SUBSECTOR
PR,EXT2,EXTRACCION 2,UNIDAD,SFM12,PR-EXT2-RSC-SFM12,BTZ_Description_04,PR-EXT2-LGC-EXTRACCION 2,PR-EXT2-LGC-ROSCAS,PR-EXT2-RSC-SFM12,ROSCA 12 VERTICAL (FM),PR-EXT2-RSC-SFM12,ROSCA 12 VERTICAL (FM),UNIDAD_HOJA_BAJO_SUBSECTOR
PR,EXT2,EXTRACCION 2,UNIDAD,SFM13,PR-EXT2-RSC-SFM13,BTZ_Description_04,PR-EXT2-LGC-EXTRACCION 2,PR-EXT2-LGC-ROSCAS,PR-EXT2-RSC-SFM13,ROSCA 13 (FM),PR-EXT2-RSC-SFM13,ROSCA 13 (FM),UNIDAD_HOJA_BAJO_SUBSECTOR
PR,EXT2,EXTRACCION 2,UNIDAD,SFM22,PR-EXT2-RSC-SFM22,BTZ_Description_04,PR-EXT2-LGC-EXTRACCION 2,PR-EXT2-LGC-ROSCAS,PR-EXT2-RSC-SFM22,ROSCA 22 (FM),PR-EXT2-RSC-SFM22,ROSCA 22 (FM),UNIDAD_HOJA_BAJO_SUBSECTOR
PR,EXT2,EXTRACCION 2,UNIDAD,SFM23,PR-EXT2-RSC-SFM23,BTZ_Description_04,PR-EXT2-LGC-EXTRACCION 2,PR-EXT2-LGC-ROSCAS,PR-EXT2-RSC-SFM23,ROSCA 23 VERTICAL (FM),PR-EXT2-RSC-SFM23,ROSCA 23 VERTICAL (FM),UNIDAD_HOJA_BAJO_SUBSECTOR
PR,EXT2,EXTRACCION 2,UNIDAD,SFM24,PR-EXT2-RSC-SFM24,BTZ_Description_04,PR-EXT2-LGC-EXTRACCION 2,PR-EXT2-LGC-ROSCAS,PR-EXT2-RSC-SFM24,ROSCA 24 (FM),PR-EXT2-RSC-SFM24,ROSCA 24 (FM),UNIDAD_HOJA_BAJO_SUBSECTOR
PR,EXT2,EXTRACCION 2,SUBSECTOR,TANQUES EXTRACCION 2,PR-EXT2-LGC-TANQUES,BTZ_Description_03,PR-EXT2-LGC-EXTRACCION 2,PR-EXT2-LGC-TANQUES,,,PR-EXT2-LGC-TANQUES,LOGICO TANQUES EXTRACCION 2,SUBSECTOR_DESDE_HIJO_LGC_O_NODO_INTERMEDIO
PR,EXT2,EXTRACCION 2,UNIDAD,FM18,PR-EXT2-TNQ-FM18,BTZ_Description_04,PR-EXT2-LGC-EXTRACCION 2,PR-EXT2-LGC-TANQUES,PR-EXT2-TNQ-FM18,TANQUE MEZCLADOR Nº 18 <S>,PR-EXT2-TNQ-FM18,TANQUE MEZCLADOR Nº 18 <S>,UNIDAD_HOJA_BAJO_SUBSECTOR
PR,EXT2,EXTRACCION 2,UNIDAD,SH02,PR-EXT2-TNQ-SH02,BTZ_Description_04,PR-EXT2-LGC-EXTRACCION 2,PR-EXT2-LGC-TANQUES,PR-EXT2-TNQ-SH02,TANQUE SOLVENTE HEXANO 2 (NORTE),PR-EXT2-TNQ-SH02,TANQUE SOLVENTE HEXANO 2 (NORTE),UNIDAD_HOJA_BAJO_SUBSECTOR
PR,EXT2,EXTRACCION 2,SUBSECTOR,STRIPPER I-22 (TERMINADOR ACEITE),PR-EXT2-LGC-STRIPPER I-22 (TERMINADOR ACEITE),BTZ_Description_03,PR-EXT2-LGC-EXTRACCION 2,PR-EXT2-LGC-STRIPPER I-22 (TERMINADOR ACEITE),,,PR-EXT2-STR-I22,STRIPPER I-22 (TERMINADOR ACEITE),SUBSECTOR_DESDE_HIJO_LGC_O_NODO_INTERMEDIO
PR,EXT2,EXTRACCION 2,UNIDAD,I22,PR-EXT2-VLV-LCV-I22,BTZ_Description_04,PR-EXT2-LGC-EXTRACCION 2,PR-EXT2-LGC-STRIPPER I-22 (TERMINADOR ACEITE),PR-EXT2-VLV-LCV-I22,VALVULA MODULADORA ACEITE CRUDO A DESGOMADO,PR-EXT2-VLV-LCV-I22,VALVULA MODULADORA ACEITE CRUDO A DESGOMADO,UNIDAD_HOJA_BAJO_SUBSECTOR
PR,EXT2,EXTRACCION 2,SUBSECTOR,TORRE ENFRIAMIENTO SULZER Nº 2 <OESTE>,PR-EXT2-LGC-TORRE ENFRIAMIENTO SULZER Nº 2 <OESTE>,BTZ_Description_03,PR-EXT2-LGC-EXTRACCION 2,PR-EXT2-LGC-TORRE ENFRIAMIENTO SULZER Nº 2 <OESTE>,,,PR-EXT2-TRR-ES02,TORRE ENFRIAMIENTO SULZER Nº 2 <OESTE>,SUBSECTOR_DESDE_HIJO_LGC_O_NODO_INTERMEDIO
PR,EXT2,EXTRACCION 2,UNIDAD,01TE2,PR-EXT2-BMB-01TE2,BTZ_Description_04,PR-EXT2-LGC-EXTRACCION 2,PR-EXT2-LGC-TORRE ENFRIAMIENTO SULZER Nº 2 <OESTE>,PR-EXT2-BMB-01TE2,BOMBA DE REFRIGERACIÓN Nº 1 <T.E.2> (E),PR-EXT2-BMB-01TE2,BOMBA DE REFRIGERACIÓN Nº 1 <T.E.2> (E),UNIDAD_HOJA_BAJO_SUBSECTOR
PR,EXT2,EXTRACCION 2,UNIDAD,02TE2,PR-EXT2-BMB-02TE2,BTZ_Description_04,PR-EXT2-LGC-EXTRACCION 2,PR-EXT2-LGC-TORRE ENFRIAMIENTO SULZER Nº 2 <OESTE>,PR-EXT2-BMB-02TE2,BOMBA DE REFRIGERACIÓN Nº 2 <T.E.2> (C),PR-EXT2-BMB-02TE2,BOMBA DE REFRIGERACIÓN Nº 2 <T.E.2> (C),UNIDAD_HOJA_BAJO_SUBSECTOR
PR,EXT2,EXTRACCION 2,UNIDAD,03TE2,PR-EXT2-BMB-03TE2,BTZ_Description_04,PR-EXT2-LGC-EXTRACCION 2,PR-EXT2-LGC-TORRE ENFRIAMIENTO SULZER Nº 2 <OESTE>,PR-EXT2-BMB-03TE2,BOMBA DE REFRIGERACIÓN Nº 3 <T.E.2> (O),PR-EXT2-BMB-03TE2,BOMBA DE REFRIGERACIÓN Nº 3 <T.E.2> (O),UNIDAD_HOJA_BAJO_SUBSECTOR
PR,EXT2,EXTRACCION 2,UNIDAD,TE02,PR-EXT2-VNT-TE02,BTZ_Description_04,PR-EXT2-LGC-EXTRACCION 2,PR-EXT2-LGC-TORRE ENFRIAMIENTO SULZER Nº 2 <OESTE>,PR-EXT2-VNT-TE02,VENTILADOR Nº 1 <T.E.2> (EXT. 2),PR-EXT2-VNT-TE02,VENTILADOR Nº 1 <T.E.2> (EXT. 2),UNIDAD_HOJA_BAJO_SUBSECTOR
PR,EXT2,EXTRACCION 2,SUBSECTOR,TORRE ABSORCION ITEM 120,PR-EXT2-LGC-TORRE ABSORCION ITEM 120,BTZ_Description_03,PR-EXT2-LGC-EXTRACCION 2,PR-EXT2-LGC-TORRE ABSORCION ITEM 120,,,PR-EXT2-TRR-I120,TORRE ABSORCION ITEM 120,SUBSECTOR_DESDE_HIJO_LGC_O_NODO_INTERMEDIO
PR,EXT2,EXTRACCION 2,UNIDAD,P120,PR-EXT2-BMB-P120,BTZ_Description_04,PR-EXT2-LGC-EXTRACCION 2,PR-EXT2-LGC-TORRE ABSORCION ITEM 120,PR-EXT2-BMB-P120,BOMBA CENTRIFUGA P-120 RECIRC.ACEIT,PR-EXT2-BMB-P120,BOMBA CENTRIFUGA P-120 RECIRC.ACEIT,UNIDAD_HOJA_BAJO_SUBSECTOR
PR,EXT2,EXTRACCION 2,UNIDAD,I120,PR-EXT2-EYC-I120,BTZ_Description_04,PR-EXT2-LGC-EXTRACCION 2,PR-EXT2-LGC-TORRE ABSORCION ITEM 120,PR-EXT2-EYC-I120,EYECTOR I-120,PR-EXT2-EYC-I120,EYECTOR I-120,UNIDAD_HOJA_BAJO_SUBSECTOR
PR,EXT2,EXTRACCION 2,UNIDAD,I136,PR-EXT2-EYC-I136,BTZ_Description_04,PR-EXT2-LGC-EXTRACCION 2,PR-EXT2-LGC-TORRE ABSORCION ITEM 120,PR-EXT2-EYC-I136,VENTILADOR EYECTOR I-136,PR-EXT2-EYC-I136,VENTILADOR EYECTOR I-136,UNIDAD_HOJA_BAJO_SUBSECTOR
PR,EXT2,EXTRACCION 2,UNIDAD,V136,PR-EXT2-VLV-PCV-V136,BTZ_Description_04,PR-EXT2-LGC-EXTRACCION 2,PR-EXT2-LGC-TORRE ABSORCION ITEM 120,PR-EXT2-VLV-PCV-V136,VALVULA MODULADORA DEPRESION CIRCUITO ABSORCION <AIRE A ATM>,PR-EXT2-VLV-PCV-V136,VALVULA MODULADORA DEPRESION CIRCUITO ABSORCION <AIRE A ATM>,UNIDAD_HOJA_BAJO_SUBSECTOR
PR,EXT2,EXTRACCION 2,SUBSECTOR,TOSTER COC. DESOLVENT. I-70,PR-EXT2-LGC-TOSTER COC. DESOLVENT. I-70,BTZ_Description_03,PR-EXT2-LGC-EXTRACCION 2,PR-EXT2-LGC-TOSTER COC. DESOLVENT. I-70,,,PR-EXT2-TST-I70,TOSTER COC. DESOLVENT. I-70,SUBSECTOR_DESDE_HIJO_LGC_O_NODO_INTERMEDIO
PR,EXT2,EXTRACCION 2,UNIDAD,ATE2,PR-EXT2-ALM-ATE2,BTZ_Description_04,PR-EXT2-LGC-EXTRACCION 2,PR-EXT2-LGC-TOSTER COC. DESOLVENT. I-70,PR-EXT2-ALM-ATE2,ALIMENTADOR AGREGADO A TOSTER E2,PR-EXT2-ALM-ATE2,ALIMENTADOR AGREGADO A TOSTER E2,UNIDAD_HOJA_BAJO_SUBSECTOR
PR,EXT2,EXTRACCION 2,UNIDAD,MLI70E2,PR-EXT2-RDC-MLI70E2,BTZ_Description_04,PR-EXT2-LGC-EXTRACCION 2,PR-EXT2-LGC-TOSTER COC. DESOLVENT. I-70,PR-EXT2-RDC-MLI70E2,REDUCTOR MANDO LENTO TOSTER I-70,PR-EXT2-RDC-MLI70E2,REDUCTOR MANDO LENTO TOSTER I-70,UNIDAD_HOJA_BAJO_SUBSECTOR
PR,EXT2,EXTRACCION 2,UNIDAD,TI70E2,PR-EXT2-RDC-TI70E2,BTZ_Description_04,PR-EXT2-LGC-EXTRACCION 2,PR-EXT2-LGC-TOSTER COC. DESOLVENT. I-70,PR-EXT2-RDC-TI70E2,REDUCTOR TOSTER I-70,PR-EXT2-RDC-TI70E2,REDUCTOR TOSTER I-70,UNIDAD_HOJA_BAJO_SUBSECTOR
PR,EXT2,EXTRACCION 2,UNIDAD,I8B,PR-EXT2-VLV-I8B,BTZ_Description_04,PR-EXT2-LGC-EXTRACCION 2,PR-EXT2-LGC-TOSTER COC. DESOLVENT. I-70,PR-EXT2-VLV-I8B,VALVULA ROTATIVA 8-B,PR-EXT2-VLV-I8B,VALVULA ROTATIVA 8-B,UNIDAD_HOJA_BAJO_SUBSECTOR
PR,EXT2,EXTRACCION 2,UNIDAD,I8E1,PR-EXT2-VLV-I8E1,BTZ_Description_04,PR-EXT2-LGC-EXTRACCION 2,PR-EXT2-LGC-TOSTER COC. DESOLVENT. I-70,PR-EXT2-VLV-I8E1,VALVULA ROTATIVA 8-E1,PR-EXT2-VLV-I8E1,VALVULA ROTATIVA 8-E1,UNIDAD_HOJA_BAJO_SUBSECTOR
PR,EXT2,EXTRACCION 2,UNIDAD,I70,PR-EXT2-VLV-SCT-I70,BTZ_Description_04,PR-EXT2-LGC-EXTRACCION 2,PR-EXT2-LGC-TOSTER COC. DESOLVENT. I-70,PR-EXT2-VLV-SCT-I70,VALVULA DE SEGURIDAD CONDENSADO I70,PR-EXT2-VLV-SCT-I70,VALVULA DE SEGURIDAD CONDENSADO I70,UNIDAD_HOJA_BAJO_SUBSECTOR
PR,EXT2,EXTRACCION 2,UNIDAD,I70,PR-EXT2-VLV-SVT-I70,BTZ_Description_04,PR-EXT2-LGC-EXTRACCION 2,PR-EXT2-LGC-TOSTER COC. DESOLVENT. I-70,PR-EXT2-VLV-SVT-I70,VALVULA DE SEGURIDAD VAPOR I70,PR-EXT2-VLV-SVT-I70,VALVULA DE SEGURIDAD VAPOR I70,UNIDAD_HOJA_BAJO_SUBSECTOR
PR,EXT2,EXTRACCION 2,UNIDAD,I70/1,PR-EXT2-VLV-TCV-I70/1,BTZ_Description_04,PR-EXT2-LGC-EXTRACCION 2,PR-EXT2-LGC-TOSTER COC. DESOLVENT. I-70,PR-EXT2-VLV-TCV-I70/1,VALVULA MODULADORA 3 A 9 PSI TEMPERATURA DT <SUPERIOR>,PR-EXT2-VLV-TCV-I70/1,VALVULA MODULADORA 3 A 9 PSI TEMPERATURA DT <SUPERIOR>,UNIDAD_HOJA_BAJO_SUBSECTOR
PR,EXT2,EXTRACCION 2,UNIDAD,I70/2,PR-EXT2-VLV-TCV-I70/2,BTZ_Description_04,PR-EXT2-LGC-EXTRACCION 2,PR-EXT2-LGC-TOSTER COC. DESOLVENT. I-70,PR-EXT2-VLV-TCV-I70/2,VALVULA MODULADORA 9 A 15 PSI TEMPERATURA DT <INFERIOR>,PR-EXT2-VLV-TCV-I70/2,VALVULA MODULADORA 9 A 15 PSI TEMPERATURA DT <INFERIOR>,UNIDAD_HOJA_BAJO_SUBSECTOR
PR,EXT2,EXTRACCION 2,SUBSECTOR,GENERAL,PR-EXT2-LGC-GENERAL,BTZ_Description_03,PR-EXT2-LGC-EXTRACCION 2,PR-EXT2-LGC-GENERAL,,,PR-EXT2-LGC-EXTRACCION 2,SUBSECTOR SINTETICO PARA HOJAS DIRECTAS DEL SECTOR,SUBSECTOR_SINTETICO_GENERAL
PR,EXT2,EXTRACCION 2,UNIDAD,TK503B,PR-EXT2-AGT-TK503B,BTZ_Description_04,PR-EXT2-LGC-EXTRACCION 2,PR-EXT2-LGC-GENERAL,PR-EXT2-AGT-TK503B,AGITADOR TK MEZCLA 503B,PR-EXT2-AGT-TK503B,AGITADOR TK MEZCLA 503B,UNIDAD_HOJA_DIRECTA_BAJO_SECTOR
PR,EXT2,EXTRACCION 2,UNIDAD,AMGR2,PR-EXT2-APM-AMGR2,BTZ_Description_04,PR-EXT2-LGC-EXTRACCION 2,PR-EXT2-LGC-GENERAL,PR-EXT2-APM-AMGR2,APAREJO MANUAL GRANULADORES LINEA 2,PR-EXT2-APM-AMGR2,APAREJO MANUAL GRANULADORES LINEA 2,UNIDAD_HOJA_DIRECTA_BAJO_SECTOR
PR,EXT2,EXTRACCION 2,UNIDAD,200,PR-EXT2-APM-AMW-200,BTZ_Description_04,PR-EXT2-LGC-EXTRACCION 2,PR-EXT2-LGC-GENERAL,PR-EXT2-APM-AMW-200,APAREJO MANUAL DESGOMADORA WESTFALIA 200,PR-EXT2-APM-AMW-200,APAREJO MANUAL DESGOMADORA WESTFALIA 200,UNIDAD_HOJA_DIRECTA_BAJO_SECTOR
PR,EXT2,EXTRACCION 2,UNIDAD,CFM01,PR-EXT2-BMB-CFM01,BTZ_Description_04,PR-EXT2-LGC-EXTRACCION 2,PR-EXT2-LGC-GENERAL,PR-EXT2-BMB-CFM01,BOMBA CENTRIFUGA Nº 1 (FM),PR-EXT2-BMB-CFM01,BOMBA CENTRIFUGA Nº 1 (FM),UNIDAD_HOJA_DIRECTA_BAJO_SECTOR
PR,EXT2,EXTRACCION 2,UNIDAD,CFM16,PR-EXT2-BMB-CFM16,BTZ_Description_04,PR-EXT2-LGC-EXTRACCION 2,PR-EXT2-LGC-GENERAL,PR-EXT2-BMB-CFM16,BOMBA CENTRIFUGA Nº 16 (FM),PR-EXT2-BMB-CFM16,BOMBA CENTRIFUGA Nº 16 (FM),UNIDAD_HOJA_DIRECTA_BAJO_SECTOR
PR,EXT2,EXTRACCION 2,UNIDAD,CFM19,PR-EXT2-BMB-CFM19,BTZ_Description_04,PR-EXT2-LGC-EXTRACCION 2,PR-EXT2-LGC-GENERAL,PR-EXT2-BMB-CFM19,BOMBA CENTRIFUGA Nº 19 (FM),PR-EXT2-BMB-CFM19,BOMBA CENTRIFUGA Nº 19 (FM),UNIDAD_HOJA_DIRECTA_BAJO_SECTOR
PR,EXT2,EXTRACCION 2,UNIDAD,HP3L,PR-EXT2-BMB-HP3L,BTZ_Description_04,PR-EXT2-LGC-EXTRACCION 2,PR-EXT2-LGC-GENERAL,PR-EXT2-BMB-HP3L,BOMBA HIDRAULICA P-3L,PR-EXT2-BMB-HP3L,BOMBA HIDRAULICA P-3L,UNIDAD_HOJA_DIRECTA_BAJO_SECTOR
PR,EXT2,EXTRACCION 2,UNIDAD,LC2,PR-EXT2-BMB-LC2,BTZ_Description_04,PR-EXT2-LGC-EXTRACCION 2,PR-EXT2-LGC-GENERAL,PR-EXT2-BMB-LC2,BOMBA SISTEMA DE LUBRICACIÓN CENTRALIZADA,PR-EXT2-BMB-LC2,BOMBA SISTEMA DE LUBRICACIÓN CENTRALIZADA,UNIDAD_HOJA_DIRECTA_BAJO_SECTOR
PR,EXT2,EXTRACCION 2,UNIDAD,P018B,PR-EXT2-BMB-P018B,BTZ_Description_04,PR-EXT2-LGC-EXTRACCION 2,PR-EXT2-LGC-GENERAL,PR-EXT2-BMB-P018B,BOMBA CENTRIFUGA P-18 BIS RECIRC.,PR-EXT2-BMB-P018B,BOMBA CENTRIFUGA P-18 BIS RECIRC.,UNIDAD_HOJA_DIRECTA_BAJO_SECTOR
PR,EXT2,EXTRACCION 2,UNIDAD,P046,PR-EXT2-BMB-P046,BTZ_Description_04,PR-EXT2-LGC-EXTRACCION 2,PR-EXT2-LGC-GENERAL,PR-EXT2-BMB-P046,BOMBA CENTRIFUGA P-46 DE COND,PR-EXT2-BMB-P046,BOMBA CENTRIFUGA P-46 DE COND,UNIDAD_HOJA_DIRECTA_BAJO_SECTOR
PR,EXT2,EXTRACCION 2,UNIDAD,P502A,PR-EXT2-BMB-P502A,BTZ_Description_04,PR-EXT2-LGC-EXTRACCION 2,PR-EXT2-LGC-GENERAL,PR-EXT2-BMB-P502A,BOMBA CENTRIFUGA P-502A.,PR-EXT2-BMB-P502A,BOMBA CENTRIFUGA P-502A.,UNIDAD_HOJA_DIRECTA_BAJO_SECTOR
PR,EXT2,EXTRACCION 2,UNIDAD,P502B,PR-EXT2-BMB-P502B,BTZ_Description_04,PR-EXT2-LGC-EXTRACCION 2,PR-EXT2-LGC-GENERAL,PR-EXT2-BMB-P502B,BOMBA CENTRIFUGA P-502B,PR-EXT2-BMB-P502B,BOMBA CENTRIFUGA P-502B,UNIDAD_HOJA_DIRECTA_BAJO_SECTOR
PR,EXT2,EXTRACCION 2,UNIDAD,P504,PR-EXT2-BMB-P504,BTZ_Description_04,PR-EXT2-LGC-EXTRACCION 2,PR-EXT2-LGC-GENERAL,PR-EXT2-BMB-P504,BOMBA CENTRIFUGA P-504,PR-EXT2-BMB-P504,BOMBA CENTRIFUGA P-504,UNIDAD_HOJA_DIRECTA_BAJO_SECTOR
PR,EXT2,EXTRACCION 2,UNIDAD,P505A,PR-EXT2-BMB-P505A,BTZ_Description_04,PR-EXT2-LGC-EXTRACCION 2,PR-EXT2-LGC-GENERAL,PR-EXT2-BMB-P505A,BOMBA CENTRIFUGA P-505A,PR-EXT2-BMB-P505A,BOMBA CENTRIFUGA P-505A,UNIDAD_HOJA_DIRECTA_BAJO_SECTOR
PR,EXT2,EXTRACCION 2,UNIDAD,P505B,PR-EXT2-BMB-P505B,BTZ_Description_04,PR-EXT2-LGC-EXTRACCION 2,PR-EXT2-LGC-GENERAL,PR-EXT2-BMB-P505B,BOMBA CENTRIFUGA P-505B,PR-EXT2-BMB-P505B,BOMBA CENTRIFUGA P-505B,UNIDAD_HOJA_DIRECTA_BAJO_SECTOR
PR,EXT2,EXTRACCION 2,UNIDAD,P506A,PR-EXT2-BMB-P506A,BTZ_Description_04,PR-EXT2-LGC-EXTRACCION 2,PR-EXT2-LGC-GENERAL,PR-EXT2-BMB-P506A,BOMBA CENTRIFUGA P-506A <NORTE>,PR-EXT2-BMB-P506A,BOMBA CENTRIFUGA P-506A <NORTE>,UNIDAD_HOJA_DIRECTA_BAJO_SECTOR
PR,EXT2,EXTRACCION 2,UNIDAD,C11,PR-EXT2-CLM-C11,BTZ_Description_04,PR-EXT2-LGC-EXTRACCION 2,PR-EXT2-LGC-GENERAL,PR-EXT2-CLM-C11,COLUMNA RET.MISC-ACIDO Nº 11 (FM),PR-EXT2-CLM-C11,COLUMNA RET.MISC-ACIDO Nº 11 (FM),UNIDAD_HOJA_DIRECTA_BAJO_SECTOR
PR,EXT2,EXTRACCION 2,UNIDAD,I30,PR-EXT2-DFL-I30,BTZ_Description_04,PR-EXT2-LGC-EXTRACCION 2,PR-EXT2-LGC-GENERAL,PR-EXT2-DFL-I30,DEFLEGMADOR ITEM 30,PR-EXT2-DFL-I30,DEFLEGMADOR ITEM 30,UNIDAD_HOJA_DIRECTA_BAJO_SECTOR
PR,EXT2,EXTRACCION 2,UNIDAD,I121,PR-EXT2-DST-I121,BTZ_Description_04,PR-EXT2-LGC-EXTRACCION 2,PR-EXT2-LGC-GENERAL,PR-EXT2-DST-I121,DESTILADOR AC.ABSORCION I-121,PR-EXT2-DST-I121,DESTILADOR AC.ABSORCION I-121,UNIDAD_HOJA_DIRECTA_BAJO_SECTOR
PR,EXT2,EXTRACCION 2,UNIDAD,HAF,PR-EXT2-EST-HAF,BTZ_Description_04,PR-EXT2-LGC-EXTRACCION 2,PR-EXT2-LGC-GENERAL,PR-EXT2-EST-HAF,ESTACION HIDRAULICA FILTROS (FM),PR-EXT2-EST-HAF,ESTACION HIDRAULICA FILTROS (FM),UNIDAD_HOJA_DIRECTA_BAJO_SECTOR
PR,EXT2,EXTRACCION 2,UNIDAD,I506,PR-EXT2-EYC-I506,BTZ_Description_04,PR-EXT2-LGC-EXTRACCION 2,PR-EXT2-LGC-GENERAL,PR-EXT2-EYC-I506,EYECTOR I-41/506,PR-EXT2-EYC-I506,EYECTOR I-41/506,UNIDAD_HOJA_DIRECTA_BAJO_SECTOR
PR,EXT2,EXTRACCION 2,UNIDAD,PRE60,PR-EXT2-INT-PRE60,BTZ_Description_04,PR-EXT2-LGC-EXTRACCION 2,PR-EXT2-LGC-GENERAL,PR-EXT2-INT-PRE60,INTERCAMBIADOR PRE-60,PR-EXT2-INT-PRE60,INTERCAMBIADOR PRE-60,UNIDAD_HOJA_DIRECTA_BAJO_SECTOR
PR,EXT2,EXTRACCION 2,UNIDAD,MH1,PR-EXT2-MZC-MH1,BTZ_Description_04,PR-EXT2-LGC-EXTRACCION 2,PR-EXT2-LGC-GENERAL,PR-EXT2-MZC-MH1,MEZCLADOR HORIZONTAL Nº 17 <N> (FM),PR-EXT2-MZC-MH1,MEZCLADOR HORIZONTAL Nº 17 <N> (FM),UNIDAD_HOJA_DIRECTA_BAJO_SECTOR
PR,EXT2,EXTRACCION 2,UNIDAD,MH2,PR-EXT2-MZC-MH2,BTZ_Description_04,PR-EXT2-LGC-EXTRACCION 2,PR-EXT2-LGC-GENERAL,PR-EXT2-MZC-MH2,MEZCLADOR HORIZONTAL Nº 18 <S> (FM),PR-EXT2-MZC-MH2,MEZCLADOR HORIZONTAL Nº 18 <S> (FM),UNIDAD_HOJA_DIRECTA_BAJO_SECTOR
PR,EXT2,EXTRACCION 2,UNIDAD,I146,PR-EXT2-SPR-I146,BTZ_Description_04,PR-EXT2-LGC-EXTRACCION 2,PR-EXT2-LGC-GENERAL,PR-EXT2-SPR-I146,SEPARADOR ACEITE ITEM 146,PR-EXT2-SPR-I146,SEPARADOR ACEITE ITEM 146,UNIDAD_HOJA_DIRECTA_BAJO_SECTOR
PR,EXT2,EXTRACCION 2,UNIDAD,I99,PR-EXT2-TSV-I99,BTZ_Description_04,PR-EXT2-LGC-EXTRACCION 2,PR-EXT2-LGC-GENERAL,PR-EXT2-TSV-I99,TRAMPA DE SOLVENTE (CEMENTO),PR-EXT2-TSV-I99,TRAMPA DE SOLVENTE (CEMENTO),UNIDAD_HOJA_DIRECTA_BAJO_SECTOR
PR,EXT2,EXTRACCION 2,UNIDAD,I17,PR-EXT2-VLV-FCV-I17,BTZ_Description_04,PR-EXT2-LGC-EXTRACCION 2,PR-EXT2-LGC-GENERAL,PR-EXT2-VLV-FCV-I17,VALVULA MODULADORA MISCELA A EVAPORADOR <DE IT17 A IT60>,PR-EXT2-VLV-FCV-I17,VALVULA MODULADORA MISCELA A EVAPORADOR <DE IT17 A IT60>,UNIDAD_HOJA_DIRECTA_BAJO_SECTOR
PR,EXT2,EXTRACCION 2,UNIDAD,12KG,PR-EXT2-VLV-SOV-12KG,BTZ_Description_04,PR-EXT2-LGC-EXTRACCION 2,PR-EXT2-LGC-GENERAL,PR-EXT2-VLV-SOV-12KG,VALVULA ON-OFF ENTRADA VAPOR A PLANTA LINEA 12 KG,PR-EXT2-VLV-SOV-12KG,VALVULA ON-OFF ENTRADA VAPOR A PLANTA LINEA 12 KG,UNIDAD_HOJA_DIRECTA_BAJO_SECTOR
PR,EXT2,EXTRACCION 2,UNIDAD,7KG,PR-EXT2-VLV-SOV-7KG,BTZ_Description_04,PR-EXT2-LGC-EXTRACCION 2,PR-EXT2-LGC-GENERAL,PR-EXT2-VLV-SOV-7KG,VALVULA ON-OFF ENTRADA VAPOR A PLANTA LINEA 7 KG,PR-EXT2-VLV-SOV-7KG,VALVULA ON-OFF ENTRADA VAPOR A PLANTA LINEA 7 KG,UNIDAD_HOJA_DIRECTA_BAJO_SECTOR
PR,PRP1,PREPARACION LINEA 1,SECTOR,PREPARACION LINEA 1,PR-PRP1-LGC-PREPARACION 1,BTZ_Description_02,PR-PRP1-LGC-PREPARACION 1,,,,PR-PRP1-LGC-PREPARACION 1,LOGICO PREPARACION LINEA 1,SECTOR_DESDE_RAIZ_PR
PR,PRP1,PREPARACION LINEA 1,SUBSECTOR,COCINADORES PREPARACION LINEA 1,PR-PRP1-LGC-COCINADORES,BTZ_Description_03,PR-PRP1-LGC-PREPARACION 1,PR-PRP1-LGC-COCINADORES,,,PR-PRP1-LGC-COCINADORES,LOGICO COCINADORES PREPARACION LINEA 1,SUBSECTOR_DESDE_HIJO_LGC_O_NODO_INTERMEDIO
PR,PRP1,PREPARACION LINEA 1,SUBSECTOR,ENFRIADORES PREPARACION LINEA 1,PR-PRP1-LGC-ENFRIADORES,BTZ_Description_03,PR-PRP1-LGC-PREPARACION 1,PR-PRP1-LGC-ENFRIADORES,,,PR-PRP1-LGC-ENFRIADORES,LOGICO ENFRIADORES PREPARACION LINEA 1,SUBSECTOR_DESDE_HIJO_LGC_O_NODO_INTERMEDIO
PR,PRP1,PREPARACION LINEA 1,SUBSECTOR,EXPANDERS PREPARACION LINEA 1,PR-PRP1-LGC-EXPANDERS,BTZ_Description_03,PR-PRP1-LGC-PREPARACION 1,PR-PRP1-LGC-EXPANDERS,,,PR-PRP1-LGC-EXPANDERS,LOGICO EXPANDERS PREPARACION LINEA 1,SUBSECTOR_DESDE_HIJO_LGC_O_NODO_INTERMEDIO
PR,PRP1,PREPARACION LINEA 1,SUBSECTOR,LAMINADORES PREPARACION LINEA 1,PR-PRP1-LGC-LAMINADORES,BTZ_Description_03,PR-PRP1-LGC-PREPARACION 1,PR-PRP1-LGC-LAMINADORES,,,PR-PRP1-LGC-LAMINADORES,LOGICO LAMINADORES PREPARACION LINEA 1,SUBSECTOR_DESDE_HIJO_LGC_O_NODO_INTERMEDIO
PR,PRP1,PREPARACION LINEA 1,SUBSECTOR,MULTIASPIRADORES PREPARACION LINEA 1,PR-PRP1-LGC-MULTIASPIRADORES,BTZ_Description_03,PR-PRP1-LGC-PREPARACION 1,PR-PRP1-LGC-MULTIASPIRADORES,,,PR-PRP1-LGC-MULTIASPIRADORES,LOGICO MULTIASPIRADORES PREPARACION LINEA 1,SUBSECTOR_DESDE_HIJO_LGC_O_NODO_INTERMEDIO
PR,PRP1,PREPARACION LINEA 1,UNIDAD,K6EE72,PR-PRP1-MLA-K6EE72,BTZ_Description_04,PR-PRP1-LGC-PREPARACION 1,PR-PRP1-LGC-MULTIASPIRADORES,PR-PRP1-MLA-K6EE72,MULTIASPIRADOR KICE 1 6 EE72 <A TSG-58>,PR-PRP1-MLA-K6EE72,MULTIASPIRADOR KICE 1 6 EE72 <A TSG-58>,UNIDAD_HOJA_BAJO_SUBSECTOR
PR,PRP1,PREPARACION LINEA 1,UNIDAD,KREP,PR-PRP1-MLA-KREP,BTZ_Description_04,PR-PRP1-LGC-PREPARACION 1,PR-PRP1-LGC-MULTIASPIRADORES,PR-PRP1-MLA-KREP,MULTIASPIRADOR KICE 2 REPASO <A TSG-21>,PR-PRP1-MLA-KREP,MULTIASPIRADOR KICE 2 REPASO <A TSG-21>,UNIDAD_HOJA_BAJO_SUBSECTOR
PR,PRP1,PREPARACION LINEA 1,SUBSECTOR,NORIAS PREPARACION LINEA 1,PR-PRP1-LGC-NORIAS,BTZ_Description_03,PR-PRP1-LGC-PREPARACION 1,PR-PRP1-LGC-NORIAS,,,PR-PRP1-LGC-NORIAS,LOGICO NORIAS PREPARACION LINEA 1,SUBSECTOR_DESDE_HIJO_LGC_O_NODO_INTERMEDIO
PR,PRP1,PREPARACION LINEA 1,UNIDAD,TSG17,PR-PRP1-NOR-TSG17,BTZ_Description_04,PR-PRP1-LGC-PREPARACION 1,PR-PRP1-LGC-NORIAS,PR-PRP1-NOR-TSG17,NORIA TSG-17,PR-PRP1-NOR-TSG17,NORIA TSG-17,UNIDAD_HOJA_BAJO_SUBSECTOR
PR,PRP1,PREPARACION LINEA 1,UNIDAD,TSG20,PR-PRP1-NOR-TSG20,BTZ_Description_04,PR-PRP1-LGC-PREPARACION 1,PR-PRP1-LGC-NORIAS,PR-PRP1-NOR-TSG20,NORIA TSG-20,PR-PRP1-NOR-TSG20,NORIA TSG-20,UNIDAD_HOJA_BAJO_SUBSECTOR
PR,PRP1,PREPARACION LINEA 1,UNIDAD,TSG22,PR-PRP1-NOR-TSG22,BTZ_Description_04,PR-PRP1-LGC-PREPARACION 1,PR-PRP1-LGC-NORIAS,PR-PRP1-NOR-TSG22,NORIA TSG-22,PR-PRP1-NOR-TSG22,NORIA TSG-22,UNIDAD_HOJA_BAJO_SUBSECTOR
PR,PRP1,PREPARACION LINEA 1,UNIDAD,TSG31,PR-PRP1-NOR-TSG31,BTZ_Description_04,PR-PRP1-LGC-PREPARACION 1,PR-PRP1-LGC-NORIAS,PR-PRP1-NOR-TSG31,NORIA TSG-31,PR-PRP1-NOR-TSG31,NORIA TSG-31,UNIDAD_HOJA_BAJO_SUBSECTOR
PR,PRP1,PREPARACION LINEA 1,UNIDAD,TSG38,PR-PRP1-NOR-TSG38,BTZ_Description_04,PR-PRP1-LGC-PREPARACION 1,PR-PRP1-LGC-NORIAS,PR-PRP1-NOR-TSG38,NORIA TSG-38,PR-PRP1-NOR-TSG38,NORIA TSG-38,UNIDAD_HOJA_BAJO_SUBSECTOR
PR,PRP1,PREPARACION LINEA 1,SUBSECTOR,PRENSAS PREPARACION LINEA 1,PR-PRP1-LGC-PRENSAS,BTZ_Description_03,PR-PRP1-LGC-PREPARACION 1,PR-PRP1-LGC-PRENSAS,,,PR-PRP1-LGC-PRENSAS,LOGICO PRENSAS PREPARACION LINEA 1,SUBSECTOR_DESDE_HIJO_LGC_O_NODO_INTERMEDIO
PR,PRP1,PREPARACION LINEA 1,SUBSECTOR,QUEBRADORES PREPARACION LINEA 1,PR-PRP1-LGC-QUEBRADORES,BTZ_Description_03,PR-PRP1-LGC-PREPARACION 1,PR-PRP1-LGC-QUEBRADORES,,,PR-PRP1-LGC-QUEBRADORES,LOGICO QUEBRADORES PREPARACION LINEA 1,SUBSECTOR_DESDE_HIJO_LGC_O_NODO_INTERMEDIO
PR,PRP1,PREPARACION LINEA 1,SUBSECTOR,REDLERS PREPARACION LINEA 1,PR-PRP1-LGC-REDLERS,BTZ_Description_03,PR-PRP1-LGC-PREPARACION 1,PR-PRP1-LGC-REDLERS,,,PR-PRP1-LGC-REDLERS,LOGICO REDLERS PREPARACION LINEA 1,SUBSECTOR_DESDE_HIJO_LGC_O_NODO_INTERMEDIO
PR,PRP1,PREPARACION LINEA 1,UNIDAD,TSG18,PR-PRP1-RDL-TSG18,BTZ_Description_04,PR-PRP1-LGC-PREPARACION 1,PR-PRP1-LGC-REDLERS,PR-PRP1-RDL-TSG18,REDLER TSG-18,PR-PRP1-RDL-TSG18,REDLER TSG-18,UNIDAD_HOJA_BAJO_SUBSECTOR
PR,PRP1,PREPARACION LINEA 1,UNIDAD,TSG19,PR-PRP1-RDL-TSG19,BTZ_Description_04,PR-PRP1-LGC-PREPARACION 1,PR-PRP1-LGC-REDLERS,PR-PRP1-RDL-TSG19,REDLER TSG-19,PR-PRP1-RDL-TSG19,REDLER TSG-19,UNIDAD_HOJA_BAJO_SUBSECTOR
PR,PRP1,PREPARACION LINEA 1,UNIDAD,TSG26,PR-PRP1-RDL-TSG26,BTZ_Description_04,PR-PRP1-LGC-PREPARACION 1,PR-PRP1-LGC-REDLERS,PR-PRP1-RDL-TSG26,REDLER TSG-26,PR-PRP1-RDL-TSG26,REDLER TSG-26,UNIDAD_HOJA_BAJO_SUBSECTOR
PR,PRP1,PREPARACION LINEA 1,UNIDAD,TSG27,PR-PRP1-RDL-TSG27,BTZ_Description_04,PR-PRP1-LGC-PREPARACION 1,PR-PRP1-LGC-REDLERS,PR-PRP1-RDL-TSG27,REDLER TSG-27,PR-PRP1-RDL-TSG27,REDLER TSG-27,UNIDAD_HOJA_BAJO_SUBSECTOR
PR,PRP1,PREPARACION LINEA 1,UNIDAD,TSG28,PR-PRP1-RDL-TSG28,BTZ_Description_04,PR-PRP1-LGC-PREPARACION 1,PR-PRP1-LGC-REDLERS,PR-PRP1-RDL-TSG28,REDLER TSG-28,PR-PRP1-RDL-TSG28,REDLER TSG-28,UNIDAD_HOJA_BAJO_SUBSECTOR
PR,PRP1,PREPARACION LINEA 1,UNIDAD,TSG29,PR-PRP1-RDL-TSG29,BTZ_Description_04,PR-PRP1-LGC-PREPARACION 1,PR-PRP1-LGC-REDLERS,PR-PRP1-RDL-TSG29,REDLER TSG-29,PR-PRP1-RDL-TSG29,REDLER TSG-29,UNIDAD_HOJA_BAJO_SUBSECTOR
PR,PRP1,PREPARACION LINEA 1,UNIDAD,TSG30,PR-PRP1-RDL-TSG30,BTZ_Description_04,PR-PRP1-LGC-PREPARACION 1,PR-PRP1-LGC-REDLERS,PR-PRP1-RDL-TSG30,REDLER TSG-30,PR-PRP1-RDL-TSG30,REDLER TSG-30,UNIDAD_HOJA_BAJO_SUBSECTOR
PR,PRP1,PREPARACION LINEA 1,UNIDAD,TSG34,PR-PRP1-RDL-TSG34,BTZ_Description_04,PR-PRP1-LGC-PREPARACION 1,PR-PRP1-LGC-REDLERS,PR-PRP1-RDL-TSG34,"REDLER TSG-34 ""Z""",PR-PRP1-RDL-TSG34,"REDLER TSG-34 ""Z""",UNIDAD_HOJA_BAJO_SUBSECTOR
PR,PRP1,PREPARACION LINEA 1,UNIDAD,TSG39,PR-PRP1-RDL-TSG39,BTZ_Description_04,PR-PRP1-LGC-PREPARACION 1,PR-PRP1-LGC-REDLERS,PR-PRP1-RDL-TSG39,REDLER TSG-39,PR-PRP1-RDL-TSG39,REDLER TSG-39,UNIDAD_HOJA_BAJO_SUBSECTOR
PR,PRP1,PREPARACION LINEA 1,UNIDAD,TSG40,PR-PRP1-RDL-TSG40,BTZ_Description_04,PR-PRP1-LGC-PREPARACION 1,PR-PRP1-LGC-REDLERS,PR-PRP1-RDL-TSG40,REDLER TSG-40,PR-PRP1-RDL-TSG40,REDLER TSG-40,UNIDAD_HOJA_BAJO_SUBSECTOR
PR,PRP1,PREPARACION LINEA 1,UNIDAD,TSG41,PR-PRP1-RDL-TSG41,BTZ_Description_04,PR-PRP1-LGC-PREPARACION 1,PR-PRP1-LGC-REDLERS,PR-PRP1-RDL-TSG41,"REDLER TSG-41 ""Z""",PR-PRP1-RDL-TSG41,"REDLER TSG-41 ""Z""",UNIDAD_HOJA_BAJO_SUBSECTOR
PR,PRP1,PREPARACION LINEA 1,UNIDAD,TSG43,PR-PRP1-RDL-TSG43,BTZ_Description_04,PR-PRP1-LGC-PREPARACION 1,PR-PRP1-LGC-REDLERS,PR-PRP1-RDL-TSG43,REDLER TSG-43,PR-PRP1-RDL-TSG43,REDLER TSG-43,UNIDAD_HOJA_BAJO_SUBSECTOR
PR,PRP1,PREPARACION LINEA 1,UNIDAD,TSG47,PR-PRP1-RDL-TSG47,BTZ_Description_04,PR-PRP1-LGC-PREPARACION 1,PR-PRP1-LGC-REDLERS,PR-PRP1-RDL-TSG47,REDLER TSG-47,PR-PRP1-RDL-TSG47,REDLER TSG-47,UNIDAD_HOJA_BAJO_SUBSECTOR
PR,PRP1,PREPARACION LINEA 1,UNIDAD,TSG54,PR-PRP1-RDL-TSG54,BTZ_Description_04,PR-PRP1-LGC-PREPARACION 1,PR-PRP1-LGC-REDLERS,PR-PRP1-RDL-TSG54,"REDLER TSG-54 ""Z""",PR-PRP1-RDL-TSG54,"REDLER TSG-54 ""Z""",UNIDAD_HOJA_BAJO_SUBSECTOR
PR,PRP1,PREPARACION LINEA 1,SUBSECTOR,REQUECHEROS PREPARACION LINEA 1,PR-PRP1-LGC-REQUECHEROS,BTZ_Description_03,PR-PRP1-LGC-PREPARACION 1,PR-PRP1-LGC-REQUECHEROS,,,PR-PRP1-LGC-REQUECHEROS,LOGICO REQUECHEROS PREPARACION LINEA 1,SUBSECTOR_DESDE_HIJO_LGC_O_NODO_INTERMEDIO
PR,PRP1,PREPARACION LINEA 1,UNIDAD,N12,PR-PRP1-BMB-N12,BTZ_Description_04,PR-PRP1-LGC-PREPARACION 1,PR-PRP1-LGC-REQUECHEROS,PR-PRP1-BMB-N12,BOMBA CENTRIFUGA Nº 12,PR-PRP1-BMB-N12,BOMBA CENTRIFUGA Nº 12,UNIDAD_HOJA_BAJO_SUBSECTOR
PR,PRP1,PREPARACION LINEA 1,UNIDAD,N01,PR-PRP1-RQC-N01,BTZ_Description_04,PR-PRP1-LGC-PREPARACION 1,PR-PRP1-LGC-REQUECHEROS,PR-PRP1-RQC-N01,REQUECHERO Nº 1 <L/SUR>,PR-PRP1-RQC-N01,REQUECHERO Nº 1 <L/SUR>,UNIDAD_HOJA_BAJO_SUBSECTOR
PR,PRP1,PREPARACION LINEA 1,UNIDAD,N02,PR-PRP1-RQC-N02,BTZ_Description_04,PR-PRP1-LGC-PREPARACION 1,PR-PRP1-LGC-REQUECHEROS,PR-PRP1-RQC-N02,REQUECHERO Nº 2 <L/NORTE>,PR-PRP1-RQC-N02,REQUECHERO Nº 2 <L/NORTE>,UNIDAD_HOJA_BAJO_SUBSECTOR
PR,PRP1,PREPARACION LINEA 1,SUBSECTOR,ROSCAS PREPARACION LINEA 1,PR-PRP1-LGC-ROSCAS,BTZ_Description_03,PR-PRP1-LGC-PREPARACION 1,PR-PRP1-LGC-ROSCAS,,,PR-PRP1-LGC-ROSCAS,LOGICO ROSCAS PREPARACION LINEA 1,SUBSECTOR_DESDE_HIJO_LGC_O_NODO_INTERMEDIO
PR,PRP1,PREPARACION LINEA 1,UNIDAD,AGC1,PR-PRP1-RSC-AGC1,BTZ_Description_04,PR-PRP1-LGC-PREPARACION 1,PR-PRP1-LGC-ROSCAS,PR-PRP1-RSC-AGC1,ROSCA AGREGADO CASCARA L-1,PR-PRP1-RSC-AGC1,ROSCA AGREGADO CASCARA L-1,UNIDAD_HOJA_BAJO_SUBSECTOR
PR,PRP1,PREPARACION LINEA 1,UNIDAD,SFAG1,PR-PRP1-RSC-SFAG1,BTZ_Description_04,PR-PRP1-LGC-PREPARACION 1,PR-PRP1-LGC-ROSCAS,PR-PRP1-RSC-SFAG1,ROSCA DE AGREGADO SUPERIOR <DE CARRO BEC-CAR A SFAG2>,PR-PRP1-RSC-SFAG1,ROSCA DE AGREGADO SUPERIOR <DE CARRO BEC-CAR A SFAG2>,UNIDAD_HOJA_BAJO_SUBSECTOR
PR,PRP1,PREPARACION LINEA 1,UNIDAD,SFAG2,PR-PRP1-RSC-SFAG2,BTZ_Description_04,PR-PRP1-LGC-PREPARACION 1,PR-PRP1-LGC-ROSCAS,PR-PRP1-RSC-SFAG2,ROSCA DE AGREGADO INFERIOR <DE SFAG1 A TSG34>,PR-PRP1-RSC-SFAG2,ROSCA DE AGREGADO INFERIOR <DE SFAG1 A TSG34>,UNIDAD_HOJA_BAJO_SUBSECTOR
PR,PRP1,PREPARACION LINEA 1,UNIDAD,TSG21,PR-PRP1-RSC-TSG21,BTZ_Description_04,PR-PRP1-LGC-PREPARACION 1,PR-PRP1-LGC-ROSCAS,PR-PRP1-RSC-TSG21,ROSCA TSG-21,PR-PRP1-RSC-TSG21,ROSCA TSG-21,UNIDAD_HOJA_BAJO_SUBSECTOR
PR,PRP1,PREPARACION LINEA 1,UNIDAD,TSG22A,PR-PRP1-RSC-TSG22A,BTZ_Description_04,PR-PRP1-LGC-PREPARACION 1,PR-PRP1-LGC-ROSCAS,PR-PRP1-RSC-TSG22A,ROSCA TSG-22A,PR-PRP1-RSC-TSG22A,ROSCA TSG-22A,UNIDAD_HOJA_BAJO_SUBSECTOR
PR,PRP1,PREPARACION LINEA 1,UNIDAD,TSG23,PR-PRP1-RSC-TSG23,BTZ_Description_04,PR-PRP1-LGC-PREPARACION 1,PR-PRP1-LGC-ROSCAS,PR-PRP1-RSC-TSG23,ROSCA TSG-23,PR-PRP1-RSC-TSG23,ROSCA TSG-23,UNIDAD_HOJA_BAJO_SUBSECTOR
PR,PRP1,PREPARACION LINEA 1,UNIDAD,TSG24,PR-PRP1-RSC-TSG24,BTZ_Description_04,PR-PRP1-LGC-PREPARACION 1,PR-PRP1-LGC-ROSCAS,PR-PRP1-RSC-TSG24,ROSCA TSG-24,PR-PRP1-RSC-TSG24,ROSCA TSG-24,UNIDAD_HOJA_BAJO_SUBSECTOR
PR,PRP1,PREPARACION LINEA 1,UNIDAD,TSG25,PR-PRP1-RSC-TSG25,BTZ_Description_04,PR-PRP1-LGC-PREPARACION 1,PR-PRP1-LGC-ROSCAS,PR-PRP1-RSC-TSG25,ROSCA TSG-25,PR-PRP1-RSC-TSG25,ROSCA TSG-25,UNIDAD_HOJA_BAJO_SUBSECTOR
PR,PRP1,PREPARACION LINEA 1,UNIDAD,TSG32,PR-PRP1-RSC-TSG32,BTZ_Description_04,PR-PRP1-LGC-PREPARACION 1,PR-PRP1-LGC-ROSCAS,PR-PRP1-RSC-TSG32,ROSCA TSG-32,PR-PRP1-RSC-TSG32,ROSCA TSG-32,UNIDAD_HOJA_BAJO_SUBSECTOR
PR,PRP1,PREPARACION LINEA 1,UNIDAD,TSG33,PR-PRP1-RSC-TSG33,BTZ_Description_04,PR-PRP1-LGC-PREPARACION 1,PR-PRP1-LGC-ROSCAS,PR-PRP1-RSC-TSG33,ROSCA TSG-33,PR-PRP1-RSC-TSG33,ROSCA TSG-33,UNIDAD_HOJA_BAJO_SUBSECTOR
PR,PRP1,PREPARACION LINEA 1,UNIDAD,TSG35,PR-PRP1-RSC-TSG35,BTZ_Description_04,PR-PRP1-LGC-PREPARACION 1,PR-PRP1-LGC-ROSCAS,PR-PRP1-RSC-TSG35,ROSCA TSG-35,PR-PRP1-RSC-TSG35,ROSCA TSG-35,UNIDAD_HOJA_BAJO_SUBSECTOR
PR,PRP1,PREPARACION LINEA 1,UNIDAD,TSG36,PR-PRP1-RSC-TSG36,BTZ_Description_04,PR-PRP1-LGC-PREPARACION 1,PR-PRP1-LGC-ROSCAS,PR-PRP1-RSC-TSG36,ROSCA TSG-36,PR-PRP1-RSC-TSG36,ROSCA TSG-36,UNIDAD_HOJA_BAJO_SUBSECTOR
PR,PRP1,PREPARACION LINEA 1,UNIDAD,TSG37,PR-PRP1-RSC-TSG37,BTZ_Description_04,PR-PRP1-LGC-PREPARACION 1,PR-PRP1-LGC-ROSCAS,PR-PRP1-RSC-TSG37,ROSCA TSG-37,PR-PRP1-RSC-TSG37,ROSCA TSG-37,UNIDAD_HOJA_BAJO_SUBSECTOR
PR,PRP1,PREPARACION LINEA 1,UNIDAD,TSG42,PR-PRP1-RSC-TSG42,BTZ_Description_04,PR-PRP1-LGC-PREPARACION 1,PR-PRP1-LGC-ROSCAS,PR-PRP1-RSC-TSG42,ROSCA TSG-42,PR-PRP1-RSC-TSG42,ROSCA TSG-42,UNIDAD_HOJA_BAJO_SUBSECTOR
PR,PRP1,PREPARACION LINEA 1,UNIDAD,TSG44,PR-PRP1-RSC-TSG44,BTZ_Description_04,PR-PRP1-LGC-PREPARACION 1,PR-PRP1-LGC-ROSCAS,PR-PRP1-RSC-TSG44,ROSCA TSG-44,PR-PRP1-RSC-TSG44,ROSCA TSG-44,UNIDAD_HOJA_BAJO_SUBSECTOR
PR,PRP1,PREPARACION LINEA 1,UNIDAD,TSG45,PR-PRP1-RSC-TSG45,BTZ_Description_04,PR-PRP1-LGC-PREPARACION 1,PR-PRP1-LGC-ROSCAS,PR-PRP1-RSC-TSG45,ROSCA TSG-45,PR-PRP1-RSC-TSG45,ROSCA TSG-45,UNIDAD_HOJA_BAJO_SUBSECTOR
PR,PRP1,PREPARACION LINEA 1,UNIDAD,TSG46,PR-PRP1-RSC-TSG46,BTZ_Description_04,PR-PRP1-LGC-PREPARACION 1,PR-PRP1-LGC-ROSCAS,PR-PRP1-RSC-TSG46,ROSCA TSG-46 B,PR-PRP1-RSC-TSG46,ROSCA TSG-46 B,UNIDAD_HOJA_BAJO_SUBSECTOR
PR,PRP1,PREPARACION LINEA 1,UNIDAD,TSG48,PR-PRP1-RSC-TSG48,BTZ_Description_04,PR-PRP1-LGC-PREPARACION 1,PR-PRP1-LGC-ROSCAS,PR-PRP1-RSC-TSG48,ROSCA TSG-48,PR-PRP1-RSC-TSG48,ROSCA TSG-48,UNIDAD_HOJA_BAJO_SUBSECTOR
PR,PRP1,PREPARACION LINEA 1,UNIDAD,TSG49,PR-PRP1-RSC-TSG49,BTZ_Description_04,PR-PRP1-LGC-PREPARACION 1,PR-PRP1-LGC-ROSCAS,PR-PRP1-RSC-TSG49,ROSCA TSG-49,PR-PRP1-RSC-TSG49,ROSCA TSG-49,UNIDAD_HOJA_BAJO_SUBSECTOR
PR,PRP1,PREPARACION LINEA 1,UNIDAD,TSG49A,PR-PRP1-RSC-TSG49A,BTZ_Description_04,PR-PRP1-LGC-PREPARACION 1,PR-PRP1-LGC-ROSCAS,PR-PRP1-RSC-TSG49A,ROSCA TSG-49A,PR-PRP1-RSC-TSG49A,ROSCA TSG-49A,UNIDAD_HOJA_BAJO_SUBSECTOR
PR,PRP1,PREPARACION LINEA 1,UNIDAD,TSG50,PR-PRP1-RSC-TSG50,BTZ_Description_04,PR-PRP1-LGC-PREPARACION 1,PR-PRP1-LGC-ROSCAS,PR-PRP1-RSC-TSG50,ROSCA TSG-50,PR-PRP1-RSC-TSG50,ROSCA TSG-50,UNIDAD_HOJA_BAJO_SUBSECTOR
PR,PRP1,PREPARACION LINEA 1,UNIDAD,TSG51,PR-PRP1-RSC-TSG51,BTZ_Description_04,PR-PRP1-LGC-PREPARACION 1,PR-PRP1-LGC-ROSCAS,PR-PRP1-RSC-TSG51,ROSCA TSG-51,PR-PRP1-RSC-TSG51,ROSCA TSG-51,UNIDAD_HOJA_BAJO_SUBSECTOR
PR,PRP1,PREPARACION LINEA 1,UNIDAD,TSG52,PR-PRP1-RSC-TSG52,BTZ_Description_04,PR-PRP1-LGC-PREPARACION 1,PR-PRP1-LGC-ROSCAS,PR-PRP1-RSC-TSG52,ROSCA TSG-52,PR-PRP1-RSC-TSG52,ROSCA TSG-52,UNIDAD_HOJA_BAJO_SUBSECTOR
PR,PRP1,PREPARACION LINEA 1,UNIDAD,TSG53,PR-PRP1-RSC-TSG53,BTZ_Description_04,PR-PRP1-LGC-PREPARACION 1,PR-PRP1-LGC-ROSCAS,PR-PRP1-RSC-TSG53,ROSCA TSG-53,PR-PRP1-RSC-TSG53,ROSCA TSG-53,UNIDAD_HOJA_BAJO_SUBSECTOR
PR,PRP1,PREPARACION LINEA 1,UNIDAD,TSG53A,PR-PRP1-RSC-TSG53A,BTZ_Description_04,PR-PRP1-LGC-PREPARACION 1,PR-PRP1-LGC-ROSCAS,PR-PRP1-RSC-TSG53A,ROSCA TSG-53A,PR-PRP1-RSC-TSG53A,ROSCA TSG-53A,UNIDAD_HOJA_BAJO_SUBSECTOR
PR,PRP1,PREPARACION LINEA 1,UNIDAD,TSG53B,PR-PRP1-RSC-TSG53B,BTZ_Description_04,PR-PRP1-LGC-PREPARACION 1,PR-PRP1-LGC-ROSCAS,PR-PRP1-RSC-TSG53B,ROSCA TSG-53B,PR-PRP1-RSC-TSG53B,ROSCA TSG-53B,UNIDAD_HOJA_BAJO_SUBSECTOR
PR,PRP1,PREPARACION LINEA 1,UNIDAD,TSG54A,PR-PRP1-RSC-TSG54A,BTZ_Description_04,PR-PRP1-LGC-PREPARACION 1,PR-PRP1-LGC-ROSCAS,PR-PRP1-RSC-TSG54A,ROSCA TSG-54A,PR-PRP1-RSC-TSG54A,ROSCA TSG-54A,UNIDAD_HOJA_BAJO_SUBSECTOR
PR,PRP1,PREPARACION LINEA 1,UNIDAD,TSG55,PR-PRP1-RSC-TSG55,BTZ_Description_04,PR-PRP1-LGC-PREPARACION 1,PR-PRP1-LGC-ROSCAS,PR-PRP1-RSC-TSG55,ROSCA TSG-55,PR-PRP1-RSC-TSG55,ROSCA TSG-55,UNIDAD_HOJA_BAJO_SUBSECTOR
PR,PRP1,PREPARACION LINEA 1,UNIDAD,TSG56,PR-PRP1-RSC-TSG56,BTZ_Description_04,PR-PRP1-LGC-PREPARACION 1,PR-PRP1-LGC-ROSCAS,PR-PRP1-RSC-TSG56,ROSCA TSG-56,PR-PRP1-RSC-TSG56,ROSCA TSG-56,UNIDAD_HOJA_BAJO_SUBSECTOR
PR,PRP1,PREPARACION LINEA 1,UNIDAD,TSG57,PR-PRP1-RSC-TSG57,BTZ_Description_04,PR-PRP1-LGC-PREPARACION 1,PR-PRP1-LGC-ROSCAS,PR-PRP1-RSC-TSG57,ROSCA TSG-57,PR-PRP1-RSC-TSG57,ROSCA TSG-57,UNIDAD_HOJA_BAJO_SUBSECTOR
PR,PRP1,PREPARACION LINEA 1,UNIDAD,TSG58,PR-PRP1-RSC-TSG58,BTZ_Description_04,PR-PRP1-LGC-PREPARACION 1,PR-PRP1-LGC-ROSCAS,PR-PRP1-RSC-TSG58,ROSCA TSG-58,PR-PRP1-RSC-TSG58,ROSCA TSG-58,UNIDAD_HOJA_BAJO_SUBSECTOR
PR,PRP1,PREPARACION LINEA 1,UNIDAD,TSG59,PR-PRP1-RSC-TSG59,BTZ_Description_04,PR-PRP1-LGC-PREPARACION 1,PR-PRP1-LGC-ROSCAS,PR-PRP1-RSC-TSG59,ROSCA TSG-59,PR-PRP1-RSC-TSG59,ROSCA TSG-59,UNIDAD_HOJA_BAJO_SUBSECTOR
PR,PRP1,PREPARACION LINEA 1,UNIDAD,TSG61,PR-PRP1-RSC-TSG61,BTZ_Description_04,PR-PRP1-LGC-PREPARACION 1,PR-PRP1-LGC-ROSCAS,PR-PRP1-RSC-TSG61,ROSCA TSG-61,PR-PRP1-RSC-TSG61,ROSCA TSG-61,UNIDAD_HOJA_BAJO_SUBSECTOR
PR,PRP1,PREPARACION LINEA 1,SUBSECTOR,SISTEMAS DE ASPIRACION PREPARACION LINEA 1,PR-PRP1-LGC-SAP,BTZ_Description_03,PR-PRP1-LGC-PREPARACION 1,PR-PRP1-LGC-SAP,,,PR-PRP1-LGC-SAP,LOGICO SISTEMAS DE ASPIRACION PREPARACION LINEA 1,SUBSECTOR_DESDE_HIJO_LGC_O_NODO_INTERMEDIO
PR,PRP1,PREPARACION LINEA 1,SUBSECTOR,SUPERDECANTERS PREPARACION LINEA 1,PR-PRP1-LGC-SUPERDECANTERS,BTZ_Description_03,PR-PRP1-LGC-PREPARACION 1,PR-PRP1-LGC-SUPERDECANTERS,,,PR-PRP1-LGC-SUPERDECANTERS,LOGICO SUPERDECANTERS PREPARACION LINEA 1,SUBSECTOR_DESDE_HIJO_LGC_O_NODO_INTERMEDIO
PR,PRP1,PREPARACION LINEA 1,UNIDAD,N01,PR-PRP1-SDC-N01,BTZ_Description_04,PR-PRP1-LGC-PREPARACION 1,PR-PRP1-LGC-SUPERDECANTERS,PR-PRP1-SDC-N01,SUPER D´CANTER Nº 1 <N>,PR-PRP1-SDC-N01,SUPER D´CANTER Nº 1 <N>,UNIDAD_HOJA_BAJO_SUBSECTOR
PR,PRP1,PREPARACION LINEA 1,UNIDAD,N02,PR-PRP1-SDC-N02,BTZ_Description_04,PR-PRP1-LGC-PREPARACION 1,PR-PRP1-LGC-SUPERDECANTERS,PR-PRP1-SDC-N02,SUPER D´CANTER Nº 2 <S>,PR-PRP1-SDC-N02,SUPER D´CANTER Nº 2 <S>,UNIDAD_HOJA_BAJO_SUBSECTOR
PR,PRP1,PREPARACION LINEA 1,UNIDAD,N03,PR-PRP1-SDC-N03,BTZ_Description_04,PR-PRP1-LGC-PREPARACION 1,PR-PRP1-LGC-SUPERDECANTERS,PR-PRP1-SDC-N03,SUPER D´CANTER Nº 3 <S/O>,PR-PRP1-SDC-N03,SUPER D´CANTER Nº 3 <S/O>,UNIDAD_HOJA_BAJO_SUBSECTOR
PR,PRP1,PREPARACION LINEA 1,UNIDAD,N04,PR-PRP1-SDC-N04,BTZ_Description_04,PR-PRP1-LGC-PREPARACION 1,PR-PRP1-LGC-SUPERDECANTERS,PR-PRP1-SDC-N04,SUPER D´CANTER Nº 4 <E. 3 Y 5>,PR-PRP1-SDC-N04,SUPER D´CANTER Nº 4 <E. 3 Y 5>,UNIDAD_HOJA_BAJO_SUBSECTOR
PR,PRP1,PREPARACION LINEA 1,UNIDAD,N05,PR-PRP1-SDC-N05,BTZ_Description_04,PR-PRP1-LGC-PREPARACION 1,PR-PRP1-LGC-SUPERDECANTERS,PR-PRP1-SDC-N05,SUPER D´CANTER Nº 5 <E. 4 Y 6>,PR-PRP1-SDC-N05,SUPER D´CANTER Nº 5 <E. 4 Y 6>,UNIDAD_HOJA_BAJO_SUBSECTOR
PR,PRP1,PREPARACION LINEA 1,UNIDAD,N06,PR-PRP1-SDC-N06,BTZ_Description_04,PR-PRP1-LGC-PREPARACION 1,PR-PRP1-LGC-SUPERDECANTERS,PR-PRP1-SDC-N06,SUPER D´CANTER Nº 6 <N/O>,PR-PRP1-SDC-N06,SUPER D´CANTER Nº 6 <N/O>,UNIDAD_HOJA_BAJO_SUBSECTOR
PR,PRP1,PREPARACION LINEA 1,SUBSECTOR,TANQUES PREPARACION LINEA 1,PR-PRP1-LGC-TANQUES,BTZ_Description_03,PR-PRP1-LGC-PREPARACION 1,PR-PRP1-LGC-TANQUES,,,PR-PRP1-LGC-TANQUES,LOGICO TANQUES PREPARACION LINEA 1,SUBSECTOR_DESDE_HIJO_LGC_O_NODO_INTERMEDIO
PR,PRP1,PREPARACION LINEA 1,UNIDAD,TRQ1,PR-PRP1-TNQ-TRQ1,BTZ_Description_04,PR-PRP1-LGC-PREPARACION 1,PR-PRP1-LGC-TANQUES,PR-PRP1-TNQ-TRQ1,TANQUE REQUECHERO 1 <SUR>,PR-PRP1-TNQ-TRQ1,TANQUE REQUECHERO 1 <SUR>,UNIDAD_HOJA_BAJO_SUBSECTOR
PR,PRP1,PREPARACION LINEA 1,UNIDAD,TRQ2,PR-PRP1-TNQ-TRQ2,BTZ_Description_04,PR-PRP1-LGC-PREPARACION 1,PR-PRP1-LGC-TANQUES,PR-PRP1-TNQ-TRQ2,TANQUE REQUECHERO 2 <NORTE>,PR-PRP1-TNQ-TRQ2,TANQUE REQUECHERO 2 <NORTE>,UNIDAD_HOJA_BAJO_SUBSECTOR
PR,PRP1,PREPARACION LINEA 1,SUBSECTOR,GENERAL,PR-PRP1-LGC-GENERAL,BTZ_Description_03,PR-PRP1-LGC-PREPARACION 1,PR-PRP1-LGC-GENERAL,,,PR-PRP1-LGC-PREPARACION 1,SUBSECTOR SINTETICO PARA HOJAS DIRECTAS DEL SECTOR,SUBSECTOR_SINTETICO_GENERAL
PR,PRP1,PREPARACION LINEA 1,UNIDAD,AMEXP1,PR-PRP1-APM-AMEXP1,BTZ_Description_04,PR-PRP1-LGC-PREPARACION 1,PR-PRP1-LGC-GENERAL,PR-PRP1-APM-AMEXP1,APAREJO MANUAL EXPANDERS LINEA 1,PR-PRP1-APM-AMEXP1,APAREJO MANUAL EXPANDERS LINEA 1,UNIDAD_HOJA_DIRECTA_BAJO_SECTOR
PR,PRP1,PREPARACION LINEA 1,UNIDAD,TSG16,PR-PRP1-CNT-TSG16,BTZ_Description_04,PR-PRP1-LGC-PREPARACION 1,PR-PRP1-LGC-GENERAL,PR-PRP1-CNT-TSG16,CINTA TSG-16,PR-PRP1-CNT-TSG16,CINTA TSG-16,UNIDAD_HOJA_DIRECTA_BAJO_SECTOR
PR,PRP1,PREPARACION LINEA 1,UNIDAD,CRAG1,PR-PRP1-CRR-CRAG1,BTZ_Description_04,PR-PRP1-LGC-PREPARACION 1,PR-PRP1-LGC-GENERAL,PR-PRP1-CRR-CRAG1,CARRO DE AGREGADO DE LINEA 1 BEC-CAR (MIXER),PR-PRP1-CRR-CRAG1,CARRO DE AGREGADO DE LINEA 1 BEC-CAR (MIXER),UNIDAD_HOJA_DIRECTA_BAJO_SECTOR
PR,PRP1,PREPARACION LINEA 1,UNIDAD,PREPL1,PR-PRP1-LDV-PREPL1,BTZ_Description_04,PR-PRP1-LGC-PREPARACION 1,PR-PRP1-LGC-GENERAL,PR-PRP1-LDV-PREPL1,LINEA DE VIDA SOBRE NAVE PREPARACION 1,PR-PRP1-LDV-PREPL1,LINEA DE VIDA SOBRE NAVE PREPARACION 1,UNIDAD_HOJA_DIRECTA_BAJO_SECTOR
PR,PRP1,PREPARACION LINEA 1,UNIDAD,L01,PR-PRP1-SRT-L01,BTZ_Description_04,PR-PRP1-LGC-PREPARACION 1,PR-PRP1-LGC-GENERAL,PR-PRP1-SRT-L01,SECADOR ROTATIVO Nº 1,PR-PRP1-SRT-L01,SECADOR ROTATIVO Nº 1,UNIDAD_HOJA_DIRECTA_BAJO_SECTOR
PR,EXT1,EXTRACCION 1,SECTOR,EXTRACCION 1,PR-EXT1-LGC-EXTRACCION 1,BTZ_Description_02,PR-EXT1-LGC-EXTRACCION 1,,,,PR-EXT1-LGC-EXTRACCION 1,LOGICO EXTRACCION 1,SECTOR_DESDE_RAIZ_PR
PR,EXT1,EXTRACCION 1,SUBSECTOR,DESGOMADORA CENTR. Nº 1 WESTFALIA RSE-170,PR-EXT1-LGC-DESGOMADORA CENTR. Nº 1 WESTFALIA RSE-170,BTZ_Description_03,PR-EXT1-LGC-EXTRACCION 1,PR-EXT1-LGC-DESGOMADORA CENTR. Nº 1 WESTFALIA RSE-170,,,PR-EXT1-DSG-W170,DESGOMADORA CENTR. Nº 1 WESTFALIA RSE-170,SUBSECTOR_DESDE_HIJO_LGC_O_NODO_INTERMEDIO
PR,EXT1,EXTRACCION 1,UNIDAD,ACDE1,PR-EXT1-BMB-ACDE1,BTZ_Description_04,PR-EXT1-LGC-EXTRACCION 1,PR-EXT1-LGC-DESGOMADORA CENTR. Nº 1 WESTFALIA RSE-170,PR-EXT1-BMB-ACDE1,BOMBA CENTRIFUGA P/ACEITE DESGOMADO,PR-EXT1-BMB-ACDE1,BOMBA CENTRIFUGA P/ACEITE DESGOMADO,UNIDAD_HOJA_BAJO_SUBSECTOR
PR,EXT1,EXTRACCION 1,UNIDAD,AGCA1,PR-EXT1-BMB-AGCA1,BTZ_Description_04,PR-EXT1-LGC-EXTRACCION 1,PR-EXT1-LGC-DESGOMADORA CENTR. Nº 1 WESTFALIA RSE-170,PR-EXT1-BMB-AGCA1,BOMBA CENTRIFUGA P/AGUA CALIENTE 1,PR-EXT1-BMB-AGCA1,BOMBA CENTRIFUGA P/AGUA CALIENTE 1,UNIDAD_HOJA_BAJO_SUBSECTOR
PR,EXT1,EXTRACCION 1,UNIDAD,AGFR1,PR-EXT1-BMB-AGFR1,BTZ_Description_04,PR-EXT1-LGC-EXTRACCION 1,PR-EXT1-LGC-DESGOMADORA CENTR. Nº 1 WESTFALIA RSE-170,PR-EXT1-BMB-AGFR1,BOMBA CENTRIFUGA P/AGUA FRIA 1,PR-EXT1-BMB-AGFR1,BOMBA CENTRIFUGA P/AGUA FRIA 1,UNIDAD_HOJA_BAJO_SUBSECTOR
PR,EXT1,EXTRACCION 1,UNIDAD,LAQ1,PR-EXT1-BMB-LAQ1,BTZ_Description_04,PR-EXT1-LGC-EXTRACCION 1,PR-EXT1-LGC-DESGOMADORA CENTR. Nº 1 WESTFALIA RSE-170,PR-EXT1-BMB-LAQ1,BOMBA CENTRIFUGA P/LAVADO QUIMICO 1,PR-EXT1-BMB-LAQ1,BOMBA CENTRIFUGA P/LAVADO QUIMICO 1,UNIDAD_HOJA_BAJO_SUBSECTOR
PR,EXT1,EXTRACCION 1,SUBSECTOR,DESEMPOLVADOR I-29,PR-EXT1-LGC-DESEMPOLVADOR I-29,BTZ_Description_03,PR-EXT1-LGC-EXTRACCION 1,PR-EXT1-LGC-DESEMPOLVADOR I-29,,,PR-EXT1-DSM-I29,DESEMPOLVADOR I-29,SUBSECTOR_DESDE_HIJO_LGC_O_NODO_INTERMEDIO
PR,EXT1,EXTRACCION 1,UNIDAD,P029/A,PR-EXT1-BMB-P029/A,BTZ_Description_04,PR-EXT1-LGC-EXTRACCION 1,PR-EXT1-LGC-DESEMPOLVADOR I-29,PR-EXT1-BMB-P029/A,BOMBA CENTRIFUGA P-29/A <OESTE>,PR-EXT1-BMB-P029/A,BOMBA CENTRIFUGA P-29/A <OESTE>,UNIDAD_HOJA_BAJO_SUBSECTOR
PR,EXT1,EXTRACCION 1,UNIDAD,P029/B,PR-EXT1-BMB-P029/B,BTZ_Description_04,PR-EXT1-LGC-EXTRACCION 1,PR-EXT1-LGC-DESEMPOLVADOR I-29,PR-EXT1-BMB-P029/B,BOMBA CENTRIFUGA P-29/B <ESTE>,PR-EXT1-BMB-P029/B,BOMBA CENTRIFUGA P-29/B <ESTE>,UNIDAD_HOJA_BAJO_SUBSECTOR
PR,EXT1,EXTRACCION 1,SUBSECTOR,DESTILADOR AC.ABSORCION 121,PR-EXT1-LGC-DESTILADOR AC.ABSORCION 121,BTZ_Description_03,PR-EXT1-LGC-EXTRACCION 1,PR-EXT1-LGC-DESTILADOR AC.ABSORCION 121,,,PR-EXT1-DST-I121,DESTILADOR AC.ABSORCION 121,SUBSECTOR_DESDE_HIJO_LGC_O_NODO_INTERMEDIO
PR,EXT1,EXTRACCION 1,UNIDAD,I121,PR-EXT1-VLV-TCV-I121,BTZ_Description_04,PR-EXT1-LGC-EXTRACCION 1,PR-EXT1-LGC-DESTILADOR AC.ABSORCION 121,PR-EXT1-VLV-TCV-I121,VALVULA MODULADORA TEMPERATURA DESTILADOR ITEM 121,PR-EXT1-VLV-TCV-I121,VALVULA MODULADORA TEMPERATURA DESTILADOR ITEM 121,UNIDAD_HOJA_BAJO_SUBSECTOR
PR,EXT1,EXTRACCION 1,SUBSECTOR,DESTILADOR AC.ABSORCION I-122A/B,PR-EXT1-LGC-DESTILADOR AC.ABSORCION I-122A/B,BTZ_Description_03,PR-EXT1-LGC-EXTRACCION 1,PR-EXT1-LGC-DESTILADOR AC.ABSORCION I-122A/B,,,PR-EXT1-DST-I122A/B,DESTILADOR AC.ABSORCION I-122A/B,SUBSECTOR_DESDE_HIJO_LGC_O_NODO_INTERMEDIO
PR,EXT1,EXTRACCION 1,UNIDAD,P122,PR-EXT1-BMB-P122,BTZ_Description_04,PR-EXT1-LGC-EXTRACCION 1,PR-EXT1-LGC-DESTILADOR AC.ABSORCION I-122A/B,PR-EXT1-BMB-P122,BOMBA CENTRIFUGA P-122,PR-EXT1-BMB-P122,BOMBA CENTRIFUGA P-122,UNIDAD_HOJA_BAJO_SUBSECTOR
PR,EXT1,EXTRACCION 1,UNIDAD,I41/122,PR-EXT1-EYC-I41/122,BTZ_Description_04,PR-EXT1-LGC-EXTRACCION 1,PR-EXT1-LGC-DESTILADOR AC.ABSORCION I-122A/B,PR-EXT1-EYC-I41/122,EYECTOR I-41/122,PR-EXT1-EYC-I41/122,EYECTOR I-41/122,UNIDAD_HOJA_BAJO_SUBSECTOR
PR,EXT1,EXTRACCION 1,SUBSECTOR,ECONOMIZADOR I-60/1,PR-EXT1-LGC-ECONOMIZADOR I-60/1,BTZ_Description_03,PR-EXT1-LGC-EXTRACCION 1,PR-EXT1-LGC-ECONOMIZADOR I-60/1,,,PR-EXT1-ECN-I60/1,ECONOMIZADOR I-60/1,SUBSECTOR_DESDE_HIJO_LGC_O_NODO_INTERMEDIO
PR,EXT1,EXTRACCION 1,UNIDAD,P060,PR-EXT1-BMB-P060,BTZ_Description_04,PR-EXT1-LGC-EXTRACCION 1,PR-EXT1-LGC-ECONOMIZADOR I-60/1,PR-EXT1-BMB-P060,BOMBA CENTRIFUGA P-60,PR-EXT1-BMB-P060,BOMBA CENTRIFUGA P-60,UNIDAD_HOJA_BAJO_SUBSECTOR
PR,EXT1,EXTRACCION 1,UNIDAD,I60,PR-EXT1-VLV-LCV-I60,BTZ_Description_04,PR-EXT1-LGC-EXTRACCION 1,PR-EXT1-LGC-ECONOMIZADOR I-60/1,PR-EXT1-VLV-LCV-I60,VALVULA MODULADORA MISCELA EVAPORADORES <DE IT60 A IT18>,PR-EXT1-VLV-LCV-I60,VALVULA MODULADORA MISCELA EVAPORADORES <DE IT60 A IT18>,UNIDAD_HOJA_BAJO_SUBSECTOR
PR,EXT1,EXTRACCION 1,SUBSECTOR,EVAPORADOR I-18S,PR-EXT1-LGC-EVAPORADOR I-18S,BTZ_Description_03,PR-EXT1-LGC-EXTRACCION 1,PR-EXT1-LGC-EVAPORADOR I-18S,,,PR-EXT1-EVP-I18S,EVAPORADOR I-18S,SUBSECTOR_DESDE_HIJO_LGC_O_NODO_INTERMEDIO
PR,EXT1,EXTRACCION 1,UNIDAD,I18/1,PR-EXT1-VLV-TCV-I18/1,BTZ_Description_04,PR-EXT1-LGC-EXTRACCION 1,PR-EXT1-LGC-EVAPORADOR I-18S,PR-EXT1-VLV-TCV-I18/1,MODULADORA DE VAPOR 3 A 9 PSI CALEN. IT. 18 <OESTE INFERIOR>,PR-EXT1-VLV-TCV-I18/1,MODULADORA DE VAPOR 3 A 9 PSI CALEN. IT. 18 <OESTE INFERIOR>,UNIDAD_HOJA_BAJO_SUBSECTOR
PR,EXT1,EXTRACCION 1,UNIDAD,I18/2,PR-EXT1-VLV-TCV-I18/2,BTZ_Description_04,PR-EXT1-LGC-EXTRACCION 1,PR-EXT1-LGC-EVAPORADOR I-18S,PR-EXT1-VLV-TCV-I18/2,MODULADORA DE VAPOR 9 A 15 PSI CALEN. IT. 18 <ESTE SUPERIOR>,PR-EXT1-VLV-TCV-I18/2,MODULADORA DE VAPOR 9 A 15 PSI CALEN. IT. 18 <ESTE SUPERIOR>,UNIDAD_HOJA_BAJO_SUBSECTOR
PR,EXT1,EXTRACCION 1,SUBSECTOR,EXTRACTOR TAPIZ I-3T,PR-EXT1-LGC-EXTRACTOR TAPIZ I-3T,BTZ_Description_03,PR-EXT1-LGC-EXTRACCION 1,PR-EXT1-LGC-EXTRACTOR TAPIZ I-3T,,,PR-EXT1-EXT-I3T,EXTRACTOR TAPIZ I-3T,SUBSECTOR_DESDE_HIJO_LGC_O_NODO_INTERMEDIO
PR,EXT1,EXTRACCION 1,UNIDAD,P002A,PR-EXT1-BMB-P002A,BTZ_Description_04,PR-EXT1-LGC-EXTRACCION 1,PR-EXT1-LGC-EXTRACTOR TAPIZ I-3T,PR-EXT1-BMB-P002A,BOMBA CENTRIFUGA P-2A <S>,PR-EXT1-BMB-P002A,BOMBA CENTRIFUGA P-2A <S>,UNIDAD_HOJA_BAJO_SUBSECTOR
PR,EXT1,EXTRACCION 1,UNIDAD,P002B,PR-EXT1-BMB-P002B,BTZ_Description_04,PR-EXT1-LGC-EXTRACCION 1,PR-EXT1-LGC-EXTRACTOR TAPIZ I-3T,PR-EXT1-BMB-P002B,BOMBA CENTRIFUGA P-2B <N>,PR-EXT1-BMB-P002B,BOMBA CENTRIFUGA P-2B <N>,UNIDAD_HOJA_BAJO_SUBSECTOR
PR,EXT1,EXTRACCION 1,UNIDAD,P003/1,PR-EXT1-BMB-P003/1,BTZ_Description_04,PR-EXT1-LGC-EXTRACCION 1,PR-EXT1-LGC-EXTRACTOR TAPIZ I-3T,PR-EXT1-BMB-P003/1,BOMBA CENTRIFUGA P-3/1 <N>,PR-EXT1-BMB-P003/1,BOMBA CENTRIFUGA P-3/1 <N>,UNIDAD_HOJA_BAJO_SUBSECTOR
PR,EXT1,EXTRACCION 1,UNIDAD,P003/2,PR-EXT1-BMB-P003/2,BTZ_Description_04,PR-EXT1-LGC-EXTRACCION 1,PR-EXT1-LGC-EXTRACTOR TAPIZ I-3T,PR-EXT1-BMB-P003/2,BOMBA CENTRIFUGA P-3/2,PR-EXT1-BMB-P003/2,BOMBA CENTRIFUGA P-3/2,UNIDAD_HOJA_BAJO_SUBSECTOR
PR,EXT1,EXTRACCION 1,UNIDAD,P003/3,PR-EXT1-BMB-P003/3,BTZ_Description_04,PR-EXT1-LGC-EXTRACCION 1,PR-EXT1-LGC-EXTRACTOR TAPIZ I-3T,PR-EXT1-BMB-P003/3,BOMBA CENTRIFUGA P-3/3,PR-EXT1-BMB-P003/3,BOMBA CENTRIFUGA P-3/3,UNIDAD_HOJA_BAJO_SUBSECTOR
PR,EXT1,EXTRACCION 1,UNIDAD,P003/4,PR-EXT1-BMB-P003/4,BTZ_Description_04,PR-EXT1-LGC-EXTRACCION 1,PR-EXT1-LGC-EXTRACTOR TAPIZ I-3T,PR-EXT1-BMB-P003/4,BOMBA CENTRIFUGA P-3/4,PR-EXT1-BMB-P003/4,BOMBA CENTRIFUGA P-3/4,UNIDAD_HOJA_BAJO_SUBSECTOR
PR,EXT1,EXTRACCION 1,UNIDAD,P003/5,PR-EXT1-BMB-P003/5,BTZ_Description_04,PR-EXT1-LGC-EXTRACCION 1,PR-EXT1-LGC-EXTRACTOR TAPIZ I-3T,PR-EXT1-BMB-P003/5,BOMBA CENTRIFUGA P-3/5 <S>,PR-EXT1-BMB-P003/5,BOMBA CENTRIFUGA P-3/5 <S>,UNIDAD_HOJA_BAJO_SUBSECTOR
PR,EXT1,EXTRACCION 1,UNIDAD,P015,PR-EXT1-BMB-P015,BTZ_Description_04,PR-EXT1-LGC-EXTRACCION 1,PR-EXT1-LGC-EXTRACTOR TAPIZ I-3T,PR-EXT1-BMB-P015,BOMBA CENTRIFUGA P-15 REC.DE MISC.,PR-EXT1-BMB-P015,BOMBA CENTRIFUGA P-15 REC.DE MISC.,UNIDAD_HOJA_BAJO_SUBSECTOR
PR,EXT1,EXTRACCION 1,UNIDAD,I3G,PR-EXT1-RST-I3G,BTZ_Description_04,PR-EXT1-LGC-EXTRACCION 1,PR-EXT1-LGC-EXTRACTOR TAPIZ I-3T,PR-EXT1-RST-I3G,RASTRILLO ITEM 3G,PR-EXT1-RST-I3G,RASTRILLO ITEM 3G,UNIDAD_HOJA_BAJO_SUBSECTOR
PR,EXT1,EXTRACCION 1,UNIDAD,I34,PR-EXT1-VLV-LCV-I34,BTZ_Description_04,PR-EXT1-LGC-EXTRACCION 1,PR-EXT1-LGC-EXTRACTOR TAPIZ I-3T,PR-EXT1-VLV-LCV-I34,VALVULA MODULADORA SOLVENTE AL EXTRACTOR <DE IT34 A IT3T>,PR-EXT1-VLV-LCV-I34,VALVULA MODULADORA SOLVENTE AL EXTRACTOR <DE IT34 A IT3T>,UNIDAD_HOJA_BAJO_SUBSECTOR
PR,EXT1,EXTRACCION 1,UNIDAD,I3T,PR-EXT1-VLV-PCV-I3T,BTZ_Description_04,PR-EXT1-LGC-EXTRACCION 1,PR-EXT1-LGC-EXTRACTOR TAPIZ I-3T,PR-EXT1-VLV-PCV-I3T,VALVULA MODULADORA DEPRESION DE EXTRACTOR,PR-EXT1-VLV-PCV-I3T,VALVULA MODULADORA DEPRESION DE EXTRACTOR,UNIDAD_HOJA_BAJO_SUBSECTOR
PR,EXT1,EXTRACCION 1,UNIDAD,P15,PR-EXT1-VLV-PCV-P15,BTZ_Description_04,PR-EXT1-LGC-EXTRACCION 1,PR-EXT1-LGC-EXTRACTOR TAPIZ I-3T,PR-EXT1-VLV-PCV-P15,VALVULA MODULADORA DE PRESION DE HIDROCICLONES,PR-EXT1-VLV-PCV-P15,VALVULA MODULADORA DE PRESION DE HIDROCICLONES,UNIDAD_HOJA_BAJO_SUBSECTOR
PR,EXT1,EXTRACCION 1,SUBSECTOR,HERVIDOR DE AGUA PROCESO I-45,PR-EXT1-LGC-HERVIDOR DE AGUA PROCESO I-45,BTZ_Description_03,PR-EXT1-LGC-EXTRACCION 1,PR-EXT1-LGC-HERVIDOR DE AGUA PROCESO I-45,,,PR-EXT1-HRV-I45,HERVIDOR DE AGUA PROCESO I-45,SUBSECTOR_DESDE_HIJO_LGC_O_NODO_INTERMEDIO
PR,EXT1,EXTRACCION 1,UNIDAD,I45,PR-EXT1-VLV-TCV-I45,BTZ_Description_04,PR-EXT1-LGC-EXTRACCION 1,PR-EXT1-LGC-HERVIDOR DE AGUA PROCESO I-45,PR-EXT1-VLV-TCV-I45,VALVULA MODULADORA TEMPERATURA HERVIDOR ITEM 45,PR-EXT1-VLV-TCV-I45,VALVULA MODULADORA TEMPERATURA HERVIDOR ITEM 45,UNIDAD_HOJA_BAJO_SUBSECTOR
PR,EXT1,EXTRACCION 1,SUBSECTOR,CALENTADORES EXTRACCION 1,PR-EXT1-LGC-CALENTADORES,BTZ_Description_03,PR-EXT1-LGC-EXTRACCION 1,PR-EXT1-LGC-CALENTADORES,,,PR-EXT1-LGC-CALENTADORES,LOGICO CALENTADORES EXTRACCION 1,SUBSECTOR_DESDE_HIJO_LGC_O_NODO_INTERMEDIO
PR,EXT1,EXTRACCION 1,UNIDAD,I49,PR-EXT1-CLT-I49,BTZ_Description_04,PR-EXT1-LGC-EXTRACCION 1,PR-EXT1-LGC-CALENTADORES,PR-EXT1-CLT-I49,CALENTADOR SOLVENTE I-49,PR-EXT1-CLT-I49,CALENTADOR SOLVENTE I-49,UNIDAD_HOJA_BAJO_SUBSECTOR
PR,EXT1,EXTRACCION 1,SUBSECTOR,CONDENSADORES EXTRACCION 1,PR-EXT1-LGC-CONDENSADORES,BTZ_Description_03,PR-EXT1-LGC-EXTRACCION 1,PR-EXT1-LGC-CONDENSADORES,,,PR-EXT1-LGC-CONDENSADORES,LOGICO CONDENSADORES EXTRACCION 1,SUBSECTOR_DESDE_HIJO_LGC_O_NODO_INTERMEDIO
PR,EXT1,EXTRACCION 1,UNIDAD,I20A,PR-EXT1-CND-I20A,BTZ_Description_04,PR-EXT1-LGC-EXTRACCION 1,PR-EXT1-LGC-CONDENSADORES,PR-EXT1-CND-I20A,CONDENSADOR I-20A <MEZCLA>,PR-EXT1-CND-I20A,CONDENSADOR I-20A <MEZCLA>,UNIDAD_HOJA_BAJO_SUBSECTOR
PR,EXT1,EXTRACCION 1,UNIDAD,I20B,PR-EXT1-CND-I20B,BTZ_Description_04,PR-EXT1-LGC-EXTRACCION 1,PR-EXT1-LGC-CONDENSADORES,PR-EXT1-CND-I20B,CONDENSADOR I-20B,PR-EXT1-CND-I20B,CONDENSADOR I-20B,UNIDAD_HOJA_BAJO_SUBSECTOR
PR,EXT1,EXTRACCION 1,UNIDAD,I20C,PR-EXT1-CND-I20C,BTZ_Description_04,PR-EXT1-LGC-EXTRACCION 1,PR-EXT1-LGC-CONDENSADORES,PR-EXT1-CND-I20C,CONDENSADOR I-20C,PR-EXT1-CND-I20C,CONDENSADOR I-20C,UNIDAD_HOJA_BAJO_SUBSECTOR
PR,EXT1,EXTRACCION 1,UNIDAD,I20D,PR-EXT1-CND-I20D,BTZ_Description_04,PR-EXT1-LGC-EXTRACCION 1,PR-EXT1-LGC-CONDENSADORES,PR-EXT1-CND-I20D,CONDENSADOR I-20D,PR-EXT1-CND-I20D,CONDENSADOR I-20D,UNIDAD_HOJA_BAJO_SUBSECTOR
PR,EXT1,EXTRACCION 1,SUBSECTOR,ENFRIADORES EXTRACCION 1,PR-EXT1-LGC-ENFRIADORES,BTZ_Description_03,PR-EXT1-LGC-EXTRACCION 1,PR-EXT1-LGC-ENFRIADORES,,,PR-EXT1-LGC-ENFRIADORES,LOGICO ENFRIADORES EXTRACCION 1,SUBSECTOR_DESDE_HIJO_LGC_O_NODO_INTERMEDIO
PR,EXT1,EXTRACCION 1,UNIDAD,I181A/B,PR-EXT1-ENF-I181A/B,BTZ_Description_04,PR-EXT1-LGC-EXTRACCION 1,PR-EXT1-LGC-ENFRIADORES,PR-EXT1-ENF-I181A/B,ENFRIADOR A PLACA AC.ABS. I-181A/B,PR-EXT1-ENF-I181A/B,ENFRIADOR A PLACA AC.ABS. I-181A/B,UNIDAD_HOJA_BAJO_SUBSECTOR
PR,EXT1,EXTRACCION 1,UNIDAD,I581,PR-EXT1-ENF-I581,BTZ_Description_04,PR-EXT1-LGC-EXTRACCION 1,PR-EXT1-LGC-ENFRIADORES,PR-EXT1-ENF-I581,ENFRIADOR AC. TERMINADO I-581,PR-EXT1-ENF-I581,ENFRIADOR AC. TERMINADO I-581,UNIDAD_HOJA_BAJO_SUBSECTOR
PR,EXT1,EXTRACCION 1,SUBSECTOR,GRANULADORES EXTRACCION 1,PR-EXT1-LGC-GRANULADORES,BTZ_Description_03,PR-EXT1-LGC-EXTRACCION 1,PR-EXT1-LGC-GRANULADORES,,,PR-EXT1-LGC-GRANULADORES,LOGICO GRANULADORES EXTRACCION 1,SUBSECTOR_DESDE_HIJO_LGC_O_NODO_INTERMEDIO
PR,EXT1,EXTRACCION 1,SUBSECTOR,INTERCAMBIADORES EXTRACCION 1,PR-EXT1-LGC-INTERCAMBIADORES,BTZ_Description_03,PR-EXT1-LGC-EXTRACCION 1,PR-EXT1-LGC-INTERCAMBIADORES,,,PR-EXT1-LGC-INTERCAMBIADORES,LOGICO INTERCAMBIADORES EXTRACCION 1,SUBSECTOR_DESDE_HIJO_LGC_O_NODO_INTERMEDIO
PR,EXT1,EXTRACCION 1,UNIDAD,I81,PR-EXT1-INT-I81,BTZ_Description_04,PR-EXT1-LGC-EXTRACCION 1,PR-EXT1-LGC-INTERCAMBIADORES,PR-EXT1-INT-I81,INTERCAMBIADOR I-81 P-60 Y P-22,PR-EXT1-INT-I81,INTERCAMBIADOR I-81 P-60 Y P-22,UNIDAD_HOJA_BAJO_SUBSECTOR
PR,EXT1,EXTRACCION 1,SUBSECTOR,REDLERS EXTRACCION 1,PR-EXT1-LGC-REDLERS,BTZ_Description_03,PR-EXT1-LGC-EXTRACCION 1,PR-EXT1-LGC-REDLERS,,,PR-EXT1-LGC-REDLERS,LOGICO REDLERS EXTRACCION 1,SUBSECTOR_DESDE_HIJO_LGC_O_NODO_INTERMEDIO
PR,EXT1,EXTRACCION 1,UNIDAD,R01,PR-EXT1-RDL-R01,BTZ_Description_04,PR-EXT1-LGC-EXTRACCION 1,PR-EXT1-LGC-REDLERS,PR-EXT1-RDL-R01,"REDLER 1 <A RSC 8A, E-1> EX-TSG-46",PR-EXT1-RDL-R01,"REDLER 1 <A RSC 8A, E-1> EX-TSG-46",UNIDAD_HOJA_BAJO_SUBSECTOR
PR,EXT1,EXTRACCION 1,UNIDAD,R05J,PR-EXT1-RDL-R05J,BTZ_Description_04,PR-EXT1-LGC-EXTRACCION 1,PR-EXT1-LGC-REDLERS,PR-EXT1-RDL-R05J,"REDLER 5 ""J"" (TOSTER)",PR-EXT1-RDL-R05J,"REDLER 5 ""J"" (TOSTER)",UNIDAD_HOJA_BAJO_SUBSECTOR
PR,EXT1,EXTRACCION 1,UNIDAD,R09A,PR-EXT1-RDL-R09A,BTZ_Description_04,PR-EXT1-LGC-EXTRACCION 1,PR-EXT1-LGC-REDLERS,PR-EXT1-RDL-R09A,REDLER 9A,PR-EXT1-RDL-R09A,REDLER 9A,UNIDAD_HOJA_BAJO_SUBSECTOR
PR,EXT1,EXTRACCION 1,UNIDAD,R09C,PR-EXT1-RDL-R09C,BTZ_Description_04,PR-EXT1-LGC-EXTRACCION 1,PR-EXT1-LGC-REDLERS,PR-EXT1-RDL-R09C,REDLER 9C,PR-EXT1-RDL-R09C,REDLER 9C,UNIDAD_HOJA_BAJO_SUBSECTOR
PR,EXT1,EXTRACCION 1,UNIDAD,R09D,PR-EXT1-RDL-R09D,BTZ_Description_04,PR-EXT1-LGC-EXTRACCION 1,PR-EXT1-LGC-REDLERS,PR-EXT1-RDL-R09D,REDLER 9D,PR-EXT1-RDL-R09D,REDLER 9D,UNIDAD_HOJA_BAJO_SUBSECTOR
PR,EXT1,EXTRACCION 1,UNIDAD,R09E,PR-EXT1-RDL-R09E,BTZ_Description_04,PR-EXT1-LGC-EXTRACCION 1,PR-EXT1-LGC-REDLERS,PR-EXT1-RDL-R09E,REDLER 9E,PR-EXT1-RDL-R09E,REDLER 9E,UNIDAD_HOJA_BAJO_SUBSECTOR
PR,EXT1,EXTRACCION 1,UNIDAD,R11B,PR-EXT1-RDL-R11B,BTZ_Description_04,PR-EXT1-LGC-EXTRACCION 1,PR-EXT1-LGC-REDLERS,PR-EXT1-RDL-R11B,REDLER 11B,PR-EXT1-RDL-R11B,REDLER 11B,UNIDAD_HOJA_BAJO_SUBSECTOR
PR,EXT1,EXTRACCION 1,SUBSECTOR,ROSCAS EXTRACCION 1,PR-EXT1-LGC-ROSCAS,BTZ_Description_03,PR-EXT1-LGC-EXTRACCION 1,PR-EXT1-LGC-ROSCAS,,,PR-EXT1-LGC-ROSCAS,LOGICO ROSCAS EXTRACCION 1,SUBSECTOR_DESDE_HIJO_LGC_O_NODO_INTERMEDIO
PR,EXT1,EXTRACCION 1,UNIDAD,I04,PR-EXT1-RSC-I04,BTZ_Description_04,PR-EXT1-LGC-EXTRACCION 1,PR-EXT1-LGC-ROSCAS,PR-EXT1-RSC-I04,ROSCA ITEM 4,PR-EXT1-RSC-I04,ROSCA ITEM 4,UNIDAD_HOJA_BAJO_SUBSECTOR
PR,EXT1,EXTRACCION 1,UNIDAD,I08A,PR-EXT1-RSC-I08A,BTZ_Description_04,PR-EXT1-LGC-EXTRACCION 1,PR-EXT1-LGC-ROSCAS,PR-EXT1-RSC-I08A,ROSCA ITEM 8-A,PR-EXT1-RSC-I08A,ROSCA ITEM 8-A,UNIDAD_HOJA_BAJO_SUBSECTOR
PR,EXT1,EXTRACCION 1,UNIDAD,I09B,PR-EXT1-RSC-I09B,BTZ_Description_04,PR-EXT1-LGC-EXTRACCION 1,PR-EXT1-LGC-ROSCAS,PR-EXT1-RSC-I09B,ROSCA I-9B MEZC.,PR-EXT1-RSC-I09B,ROSCA I-9B MEZC.,UNIDAD_HOJA_BAJO_SUBSECTOR
PR,EXT1,EXTRACCION 1,UNIDAD,I11A/1,PR-EXT1-RSC-I11A/1,BTZ_Description_04,PR-EXT1-LGC-EXTRACCION 1,PR-EXT1-LGC-ROSCAS,PR-EXT1-RSC-I11A/1,ROSCA ITEM 11A,PR-EXT1-RSC-I11A/1,ROSCA ITEM 11A,UNIDAD_HOJA_BAJO_SUBSECTOR
PR,EXT1,EXTRACCION 1,UNIDAD,I11C,PR-EXT1-RSC-I11C,BTZ_Description_04,PR-EXT1-LGC-EXTRACCION 1,PR-EXT1-LGC-ROSCAS,PR-EXT1-RSC-I11C,ROSCA ITEM 11C,PR-EXT1-RSC-I11C,ROSCA ITEM 11C,UNIDAD_HOJA_BAJO_SUBSECTOR
PR,EXT1,EXTRACCION 1,UNIDAD,SF9CL1,PR-EXT1-RSC-SF9CL1,BTZ_Description_04,PR-EXT1-LGC-EXTRACCION 1,PR-EXT1-LGC-ROSCAS,PR-EXT1-RSC-SF9CL1,ROSCA TRASPASO DE FINOS ENTRE LINEAS DE GRANULADO,PR-EXT1-RSC-SF9CL1,ROSCA TRASPASO DE FINOS ENTRE LINEAS DE GRANULADO,UNIDAD_HOJA_BAJO_SUBSECTOR
PR,EXT1,EXTRACCION 1,UNIDAD,SF9DL2,PR-EXT1-RSC-SF9DL2,BTZ_Description_04,PR-EXT1-LGC-EXTRACCION 1,PR-EXT1-LGC-ROSCAS,PR-EXT1-RSC-SF9DL2,ROSCA TRASPASO DE GRANULADO ENTRE LINEAS,PR-EXT1-RSC-SF9DL2,ROSCA TRASPASO DE GRANULADO ENTRE LINEAS,UNIDAD_HOJA_BAJO_SUBSECTOR
PR,EXT1,EXTRACCION 1,SUBSECTOR,TANQUES EXTRACCION 1,PR-EXT1-LGC-TANQUES,BTZ_Description_03,PR-EXT1-LGC-EXTRACCION 1,PR-EXT1-LGC-TANQUES,,,PR-EXT1-LGC-TANQUES,LOGICO TANQUES EXTRACCION 1,SUBSECTOR_DESDE_HIJO_LGC_O_NODO_INTERMEDIO
PR,EXT1,EXTRACCION 1,UNIDAD,I537,PR-EXT1-TNQ-I537,BTZ_Description_04,PR-EXT1-LGC-EXTRACCION 1,PR-EXT1-LGC-TANQUES,PR-EXT1-TNQ-I537,TANQUE PULMON ACEITE DESG. I-537,PR-EXT1-TNQ-I537,TANQUE PULMON ACEITE DESG. I-537,UNIDAD_HOJA_BAJO_SUBSECTOR
PR,EXT1,EXTRACCION 1,UNIDAD,I63B/C,PR-EXT1-TNQ-I63B/C,BTZ_Description_04,PR-EXT1-LGC-EXTRACCION 1,PR-EXT1-LGC-TANQUES,PR-EXT1-TNQ-I63B/C,TANQUE DEPOSITO MISCELA I-63B/C <NORTE>,PR-EXT1-TNQ-I63B/C,TANQUE DEPOSITO MISCELA I-63B/C <NORTE>,UNIDAD_HOJA_BAJO_SUBSECTOR
PR,EXT1,EXTRACCION 1,UNIDAD,IPTS1,PR-EXT1-TNQ-IPTS1,BTZ_Description_04,PR-EXT1-LGC-EXTRACCION 1,PR-EXT1-LGC-TANQUES,PR-EXT1-TNQ-IPTS1,TANQUE DECANTADOR PTS-1,PR-EXT1-TNQ-IPTS1,TANQUE DECANTADOR PTS-1,UNIDAD_HOJA_BAJO_SUBSECTOR
PR,EXT1,EXTRACCION 1,UNIDAD,RVDT201,PR-EXT1-TNQ-RVDT201,BTZ_Description_04,PR-EXT1-LGC-EXTRACCION 1,PR-EXT1-LGC-TANQUES,PR-EXT1-TNQ-RVDT201,TANQUE REVAPORIZADOR DT201,PR-EXT1-TNQ-RVDT201,TANQUE REVAPORIZADOR DT201,UNIDAD_HOJA_BAJO_SUBSECTOR
PR,EXT1,EXTRACCION 1,UNIDAD,SH01,PR-EXT1-TNQ-SH01,BTZ_Description_04,PR-EXT1-LGC-EXTRACCION 1,PR-EXT1-LGC-TANQUES,PR-EXT1-TNQ-SH01,TANQUE SOLVENTE HEXANO 1 (SUR),PR-EXT1-TNQ-SH01,TANQUE SOLVENTE HEXANO 1 (SUR),UNIDAD_HOJA_BAJO_SUBSECTOR
PR,EXT1,EXTRACCION 1,SUBSECTOR,SECADOR ACEITE TERMINADO I-506A,PR-EXT1-LGC-SECADOR ACEITE TERMINADO I-506A,BTZ_Description_03,PR-EXT1-LGC-EXTRACCION 1,PR-EXT1-LGC-SECADOR ACEITE TERMINADO I-506A,,,PR-EXT1-SCD-506A,SECADOR ACEITE TERMINADO I-506A,SUBSECTOR_DESDE_HIJO_LGC_O_NODO_INTERMEDIO
PR,EXT1,EXTRACCION 1,UNIDAD,P506,PR-EXT1-BMB-P506,BTZ_Description_04,PR-EXT1-LGC-EXTRACCION 1,PR-EXT1-LGC-SECADOR ACEITE TERMINADO I-506A,PR-EXT1-BMB-P506,BOMBA CENTRIFUGA P-506,PR-EXT1-BMB-P506,BOMBA CENTRIFUGA P-506,UNIDAD_HOJA_BAJO_SUBSECTOR
PR,EXT1,EXTRACCION 1,UNIDAD,I506,PR-EXT1-EYC-I506,BTZ_Description_04,PR-EXT1-LGC-EXTRACCION 1,PR-EXT1-LGC-SECADOR ACEITE TERMINADO I-506A,PR-EXT1-EYC-I506,EYECTOR I-41/506,PR-EXT1-EYC-I506,EYECTOR I-41/506,UNIDAD_HOJA_BAJO_SUBSECTOR
PR,EXT1,EXTRACCION 1,UNIDAD,I506,PR-EXT1-VLV-LCV-I506,BTZ_Description_04,PR-EXT1-LGC-EXTRACCION 1,PR-EXT1-LGC-SECADOR ACEITE TERMINADO I-506A,PR-EXT1-VLV-LCV-I506,VALVULA MODULADORA NIVEL SECADOR ITEM 506,PR-EXT1-VLV-LCV-I506,VALVULA MODULADORA NIVEL SECADOR ITEM 506,UNIDAD_HOJA_BAJO_SUBSECTOR
PR,EXT1,EXTRACCION 1,SUBSECTOR,STRIPPER I-22 (TERMINADOR ACEITE),PR-EXT1-LGC-STRIPPER I-22 (TERMINADOR ACEITE),BTZ_Description_03,PR-EXT1-LGC-EXTRACCION 1,PR-EXT1-LGC-STRIPPER I-22 (TERMINADOR ACEITE),,,PR-EXT1-STR-I22,STRIPPER I-22 (TERMINADOR ACEITE),SUBSECTOR_DESDE_HIJO_LGC_O_NODO_INTERMEDIO
PR,EXT1,EXTRACCION 1,UNIDAD,P022,PR-EXT1-BMB-P022,BTZ_Description_04,PR-EXT1-LGC-EXTRACCION 1,PR-EXT1-LGC-STRIPPER I-22 (TERMINADOR ACEITE),PR-EXT1-BMB-P022,BOMBA CENTRIFUGA P-22,PR-EXT1-BMB-P022,BOMBA CENTRIFUGA P-22,UNIDAD_HOJA_BAJO_SUBSECTOR
PR,EXT1,EXTRACCION 1,UNIDAD,I22,PR-EXT1-VLV-LCV-I22,BTZ_Description_04,PR-EXT1-LGC-EXTRACCION 1,PR-EXT1-LGC-STRIPPER I-22 (TERMINADOR ACEITE),PR-EXT1-VLV-LCV-I22,VALVULA MODULADORA ACEITE CRUDO A DESGOMADO,PR-EXT1-VLV-LCV-I22,VALVULA MODULADORA ACEITE CRUDO A DESGOMADO,UNIDAD_HOJA_BAJO_SUBSECTOR
PR,EXT1,EXTRACCION 1,SUBSECTOR,TORRE ENFRIAMIENTO SULZER Nº 1,PR-EXT1-LGC-TORRE ENFRIAMIENTO SULZER Nº 1,BTZ_Description_03,PR-EXT1-LGC-EXTRACCION 1,PR-EXT1-LGC-TORRE ENFRIAMIENTO SULZER Nº 1,,,PR-EXT1-TRR-ES01,TORRE ENFRIAMIENTO SULZER Nº 1,SUBSECTOR_DESDE_HIJO_LGC_O_NODO_INTERMEDIO
PR,EXT1,EXTRACCION 1,UNIDAD,01TE1,PR-EXT1-BMB-01TE1,BTZ_Description_04,PR-EXT1-LGC-EXTRACCION 1,PR-EXT1-LGC-TORRE ENFRIAMIENTO SULZER Nº 1,PR-EXT1-BMB-01TE1,BOMBA DE REFRIGERACIÓN Nº 1 <T.E.1> (E),PR-EXT1-BMB-01TE1,BOMBA DE REFRIGERACIÓN Nº 1 <T.E.1> (E),UNIDAD_HOJA_BAJO_SUBSECTOR
PR,EXT1,EXTRACCION 1,UNIDAD,02TE1,PR-EXT1-BMB-02TE1,BTZ_Description_04,PR-EXT1-LGC-EXTRACCION 1,PR-EXT1-LGC-TORRE ENFRIAMIENTO SULZER Nº 1,PR-EXT1-BMB-02TE1,BOMBA DE REFRIGERACIÓN Nº 2 <T.E.1> (C),PR-EXT1-BMB-02TE1,BOMBA DE REFRIGERACIÓN Nº 2 <T.E.1> (C),UNIDAD_HOJA_BAJO_SUBSECTOR
PR,EXT1,EXTRACCION 1,UNIDAD,03TE1,PR-EXT1-BMB-03TE1,BTZ_Description_04,PR-EXT1-LGC-EXTRACCION 1,PR-EXT1-LGC-TORRE ENFRIAMIENTO SULZER Nº 1,PR-EXT1-BMB-03TE1,BOMBA DE REFRIGERACIÓN Nº 3 <T.E.1> (O),PR-EXT1-BMB-03TE1,BOMBA DE REFRIGERACIÓN Nº 3 <T.E.1> (O),UNIDAD_HOJA_BAJO_SUBSECTOR
PR,EXT1,EXTRACCION 1,UNIDAD,TE01,PR-EXT1-VNT-TE01,BTZ_Description_04,PR-EXT1-LGC-EXTRACCION 1,PR-EXT1-LGC-TORRE ENFRIAMIENTO SULZER Nº 1,PR-EXT1-VNT-TE01,VENTILADOR Nº 1 <T.E.1>,PR-EXT1-VNT-TE01,VENTILADOR Nº 1 <T.E.1>,UNIDAD_HOJA_BAJO_SUBSECTOR
PR,EXT1,EXTRACCION 1,SUBSECTOR,TORRE ABS. INCONDENSABLE I-120,PR-EXT1-LGC-TORRE ABS. INCONDENSABLE I-120,BTZ_Description_03,PR-EXT1-LGC-EXTRACCION 1,PR-EXT1-LGC-TORRE ABS. INCONDENSABLE I-120,,,PR-EXT1-TRR-I120,TORRE ABS. INCONDENSABLE I-120,SUBSECTOR_DESDE_HIJO_LGC_O_NODO_INTERMEDIO
PR,EXT1,EXTRACCION 1,UNIDAD,P120,PR-EXT1-BMB-P120,BTZ_Description_04,PR-EXT1-LGC-EXTRACCION 1,PR-EXT1-LGC-TORRE ABS. INCONDENSABLE I-120,PR-EXT1-BMB-P120,BOMBA CENTRIFUGA P-120,PR-EXT1-BMB-P120,BOMBA CENTRIFUGA P-120,UNIDAD_HOJA_BAJO_SUBSECTOR
PR,EXT1,EXTRACCION 1,UNIDAD,I120,PR-EXT1-EYC-I120,BTZ_Description_04,PR-EXT1-LGC-EXTRACCION 1,PR-EXT1-LGC-TORRE ABS. INCONDENSABLE I-120,PR-EXT1-EYC-I120,EYECTOR I-120,PR-EXT1-EYC-I120,EYECTOR I-120,UNIDAD_HOJA_BAJO_SUBSECTOR
PR,EXT1,EXTRACCION 1,UNIDAD,I136,PR-EXT1-EYC-I136,BTZ_Description_04,PR-EXT1-LGC-EXTRACCION 1,PR-EXT1-LGC-TORRE ABS. INCONDENSABLE I-120,PR-EXT1-EYC-I136,VENTILADOR EYECTOR I-136,PR-EXT1-EYC-I136,VENTILADOR EYECTOR I-136,UNIDAD_HOJA_BAJO_SUBSECTOR
PR,EXT1,EXTRACCION 1,UNIDAD,V136,PR-EXT1-VLV-PCV-V136,BTZ_Description_04,PR-EXT1-LGC-EXTRACCION 1,PR-EXT1-LGC-TORRE ABS. INCONDENSABLE I-120,PR-EXT1-VLV-PCV-V136,VALVULA MODULADORA DEPRESION CIRCUITO ABSORCION <AIRE A ATM>,PR-EXT1-VLV-PCV-V136,VALVULA MODULADORA DEPRESION CIRCUITO ABSORCION <AIRE A ATM>,UNIDAD_HOJA_BAJO_SUBSECTOR
PR,EXT1,EXTRACCION 1,UNIDAD,I136,PR-EXT1-VNT-I136,BTZ_Description_04,PR-EXT1-LGC-EXTRACCION 1,PR-EXT1-LGC-TORRE ABS. INCONDENSABLE I-120,PR-EXT1-VNT-I136,VENTILADOR TORRE ABSORCION I-136,PR-EXT1-VNT-I136,VENTILADOR TORRE ABSORCION I-136,UNIDAD_HOJA_BAJO_SUBSECTOR
PR,EXT1,EXTRACCION 1,UNIDAD,I136,PR-EXT2-VNT-I136,BTZ_Description_04,PR-EXT1-LGC-EXTRACCION 1,PR-EXT1-LGC-TORRE ABS. INCONDENSABLE I-120,PR-EXT2-VNT-I136,VENTILADOR TORRE ABSORCION I-136,PR-EXT2-VNT-I136,VENTILADOR TORRE ABSORCION I-136,UNIDAD_HOJA_BAJO_SUBSECTOR
PR,EXT1,EXTRACCION 1,SUBSECTOR,TOSTER COC. DESOLVENT. DT-201,PR-EXT1-LGC-TOSTER COC. DESOLVENT. DT-201,BTZ_Description_03,PR-EXT1-LGC-EXTRACCION 1,PR-EXT1-LGC-TOSTER COC. DESOLVENT. DT-201,,,PR-EXT1-TST-DT201,TOSTER COC. DESOLVENT. DT-201,SUBSECTOR_DESDE_HIJO_LGC_O_NODO_INTERMEDIO
PR,EXT1,EXTRACCION 1,UNIDAD,ATE1,PR-EXT1-ALM-ATE1,BTZ_Description_04,PR-EXT1-LGC-EXTRACCION 1,PR-EXT1-LGC-TOSTER COC. DESOLVENT. DT-201,PR-EXT1-ALM-ATE1,ALIMENTADOR TOSTER E1,PR-EXT1-ALM-ATE1,ALIMENTADOR TOSTER E1,UNIDAD_HOJA_BAJO_SUBSECTOR
PR,EXT1,EXTRACCION 1,UNIDAD,MLDT201,PR-EXT1-RDC-MLDT201,BTZ_Description_04,PR-EXT1-LGC-EXTRACCION 1,PR-EXT1-LGC-TOSTER COC. DESOLVENT. DT-201,PR-EXT1-RDC-MLDT201,REDUCTOR MANDO LENTO TOSTER DT-201,PR-EXT1-RDC-MLDT201,REDUCTOR MANDO LENTO TOSTER DT-201,UNIDAD_HOJA_BAJO_SUBSECTOR
PR,EXT1,EXTRACCION 1,UNIDAD,TDT201,PR-EXT1-RDC-TDT201,BTZ_Description_04,PR-EXT1-LGC-EXTRACCION 1,PR-EXT1-LGC-TOSTER COC. DESOLVENT. DT-201,PR-EXT1-RDC-TDT201,REDUCTOR TOSTER DT-201,PR-EXT1-RDC-TDT201,REDUCTOR TOSTER DT-201,UNIDAD_HOJA_BAJO_SUBSECTOR
PR,EXT1,EXTRACCION 1,UNIDAD,I8B,PR-EXT1-VLV-I8B,BTZ_Description_04,PR-EXT1-LGC-EXTRACCION 1,PR-EXT1-LGC-TOSTER COC. DESOLVENT. DT-201,PR-EXT1-VLV-I8B,VALVULA ROTATIVA 8-B,PR-EXT1-VLV-I8B,VALVULA ROTATIVA 8-B,UNIDAD_HOJA_BAJO_SUBSECTOR
PR,EXT1,EXTRACCION 1,UNIDAD,1,PR-EXT1-VLV-PCV-201-1,BTZ_Description_04,PR-EXT1-LGC-EXTRACCION 1,PR-EXT1-LGC-TOSTER COC. DESOLVENT. DT-201,PR-EXT1-VLV-PCV-201-1,VALVULA VAPOR AL EYECTOR,PR-EXT1-VLV-PCV-201-1,VALVULA VAPOR AL EYECTOR,UNIDAD_HOJA_BAJO_SUBSECTOR
PR,EXT1,EXTRACCION 1,UNIDAD,RL4,PR-EXT1-VLV-RL4,BTZ_Description_04,PR-EXT1-LGC-EXTRACCION 1,PR-EXT1-LGC-TOSTER COC. DESOLVENT. DT-201,PR-EXT1-VLV-RL4,VALVULA ROTATIVA L-4,PR-EXT1-VLV-RL4,VALVULA ROTATIVA L-4,UNIDAD_HOJA_BAJO_SUBSECTOR
PR,EXT1,EXTRACCION 1,UNIDAD,DT201,PR-EXT1-VLV-SCT-DT201,BTZ_Description_04,PR-EXT1-LGC-EXTRACCION 1,PR-EXT1-LGC-TOSTER COC. DESOLVENT. DT-201,PR-EXT1-VLV-SCT-DT201,VALVULA DE SEGURIDAD CONDENSADO DT 201,PR-EXT1-VLV-SCT-DT201,VALVULA DE SEGURIDAD CONDENSADO DT 201,UNIDAD_HOJA_BAJO_SUBSECTOR
PR,EXT1,EXTRACCION 1,UNIDAD,2,PR-EXT1-VLV-SLV-201-2,BTZ_Description_04,PR-EXT1-LGC-EXTRACCION 1,PR-EXT1-LGC-TOSTER COC. DESOLVENT. DT-201,PR-EXT1-VLV-SLV-201-2,ON OFF ENTRADA DE VAPOR 11 KG A COLECTOR 1,PR-EXT1-VLV-SLV-201-2,ON OFF ENTRADA DE VAPOR 11 KG A COLECTOR 1,UNIDAD_HOJA_BAJO_SUBSECTOR
PR,EXT1,EXTRACCION 1,UNIDAD,3,PR-EXT1-VLV-SLV-201-3,BTZ_Description_04,PR-EXT1-LGC-EXTRACCION 1,PR-EXT1-LGC-TOSTER COC. DESOLVENT. DT-201,PR-EXT1-VLV-SLV-201-3,ON OFF ENTRADA DE VAPOR 7KG A COLECTOR 2,PR-EXT1-VLV-SLV-201-3,ON OFF ENTRADA DE VAPOR 7KG A COLECTOR 2,UNIDAD_HOJA_BAJO_SUBSECTOR
PR,EXT1,EXTRACCION 1,UNIDAD,4,PR-EXT1-VLV-SLV-201-4,BTZ_Description_04,PR-EXT1-LGC-EXTRACCION 1,PR-EXT1-LGC-TOSTER COC. DESOLVENT. DT-201,PR-EXT1-VLV-SLV-201-4,"ON OFF ENTRADA DE VAPOR3,5 KG A COLECTOR 2",PR-EXT1-VLV-SLV-201-4,"ON OFF ENTRADA DE VAPOR3,5 KG A COLECTOR 2",UNIDAD_HOJA_BAJO_SUBSECTOR
PR,EXT1,EXTRACCION 1,UNIDAD,DT201,PR-EXT1-VLV-SVT-DT201,BTZ_Description_04,PR-EXT1-LGC-EXTRACCION 1,PR-EXT1-LGC-TOSTER COC. DESOLVENT. DT-201,PR-EXT1-VLV-SVT-DT201,VALVULA DE SEGURIDAD VAPOR DT 201,PR-EXT1-VLV-SVT-DT201,VALVULA DE SEGURIDAD VAPOR DT 201,UNIDAD_HOJA_BAJO_SUBSECTOR
PR,EXT1,EXTRACCION 1,UNIDAD,1,PR-EXT1-VLV-TCV-201-1,BTZ_Description_04,PR-EXT1-LGC-EXTRACCION 1,PR-EXT1-LGC-TOSTER COC. DESOLVENT. DT-201,PR-EXT1-VLV-TCV-201-1,VALVULA MODULADORA DE VAPOR 1º PISO DEL DT,PR-EXT1-VLV-TCV-201-1,VALVULA MODULADORA DE VAPOR 1º PISO DEL DT,UNIDAD_HOJA_BAJO_SUBSECTOR
PR,EXT1,EXTRACCION 1,UNIDAD,VR201A,PR-EXT1-VLV-VR201A,BTZ_Description_04,PR-EXT1-LGC-EXTRACCION 1,PR-EXT1-LGC-TOSTER COC. DESOLVENT. DT-201,PR-EXT1-VLV-VR201A,VALVULA ROTATIVA R201A <1º PISO DT201>,PR-EXT1-VLV-VR201A,VALVULA ROTATIVA R201A <1º PISO DT201>,UNIDAD_HOJA_BAJO_SUBSECTOR
PR,EXT1,EXTRACCION 1,UNIDAD,VR201B,PR-EXT1-VLV-VR201B,BTZ_Description_04,PR-EXT1-LGC-EXTRACCION 1,PR-EXT1-LGC-TOSTER COC. DESOLVENT. DT-201,PR-EXT1-VLV-VR201B,VALVULA ROTATIVA R201B <2º PISO DT201>,PR-EXT1-VLV-VR201B,VALVULA ROTATIVA R201B <2º PISO DT201>,UNIDAD_HOJA_BAJO_SUBSECTOR
PR,EXT1,EXTRACCION 1,UNIDAD,VR201C,PR-EXT1-VLV-VR201C,BTZ_Description_04,PR-EXT1-LGC-EXTRACCION 1,PR-EXT1-LGC-TOSTER COC. DESOLVENT. DT-201,PR-EXT1-VLV-VR201C,VALVULA ROTATIVA R201C <3º PISO DT201>,PR-EXT1-VLV-VR201C,VALVULA ROTATIVA R201C <3º PISO DT201>,UNIDAD_HOJA_BAJO_SUBSECTOR
PR,EXT1,EXTRACCION 1,UNIDAD,VR201D,PR-EXT1-VLV-VR201D,BTZ_Description_04,PR-EXT1-LGC-EXTRACCION 1,PR-EXT1-LGC-TOSTER COC. DESOLVENT. DT-201,PR-EXT1-VLV-VR201D,VALVULA ROTATIVA R201D <4º PISO DT201>,PR-EXT1-VLV-VR201D,VALVULA ROTATIVA R201D <4º PISO DT201>,UNIDAD_HOJA_BAJO_SUBSECTOR
PR,EXT1,EXTRACCION 1,UNIDAD,VR201E,PR-EXT1-VLV-VR201E,BTZ_Description_04,PR-EXT1-LGC-EXTRACCION 1,PR-EXT1-LGC-TOSTER COC. DESOLVENT. DT-201,PR-EXT1-VLV-VR201E,VALVULA ROTATIVA R201E <SALIDA DT201>,PR-EXT1-VLV-VR201E,VALVULA ROTATIVA R201E <SALIDA DT201>,UNIDAD_HOJA_BAJO_SUBSECTOR
PR,EXT1,EXTRACCION 1,UNIDAD,1,PR-EXT1-VLV-XSV-201-1,BTZ_Description_04,PR-EXT1-LGC-EXTRACCION 1,PR-EXT1-LGC-TOSTER COC. DESOLVENT. DT-201,PR-EXT1-VLV-XSV-201-1,VALVULA DE REINYECCION DE VAPOR DE HEXANO AL PISO SUP,PR-EXT1-VLV-XSV-201-1,VALVULA DE REINYECCION DE VAPOR DE HEXANO AL PISO SUP,UNIDAD_HOJA_BAJO_SUBSECTOR
PR,EXT1,EXTRACCION 1,SUBSECTOR,GENERAL,PR-EXT1-LGC-GENERAL,BTZ_Description_03,PR-EXT1-LGC-EXTRACCION 1,PR-EXT1-LGC-GENERAL,,,PR-EXT1-LGC-EXTRACCION 1,SUBSECTOR SINTETICO PARA HOJAS DIRECTAS DEL SECTOR,SUBSECTOR_SINTETICO_GENERAL
PR,EXT1,EXTRACCION 1,UNIDAD,AMGR1,PR-EXT1-APM-AMGR1,BTZ_Description_04,PR-EXT1-LGC-EXTRACCION 1,PR-EXT1-LGC-GENERAL,PR-EXT1-APM-AMGR1,APAREJO MANUAL GRANULADORES LINEA 1,PR-EXT1-APM-AMGR1,APAREJO MANUAL GRANULADORES LINEA 1,UNIDAD_HOJA_DIRECTA_BAJO_SECTOR
PR,EXT1,EXTRACCION 1,UNIDAD,170,PR-EXT1-APM-AMW-170,BTZ_Description_04,PR-EXT1-LGC-EXTRACCION 1,PR-EXT1-LGC-GENERAL,PR-EXT1-APM-AMW-170,APAREJO MANUAL DESGOMADORA WESTFALIA 170,PR-EXT1-APM-AMW-170,APAREJO MANUAL DESGOMADORA WESTFALIA 170,UNIDAD_HOJA_DIRECTA_BAJO_SECTOR
PR,EXT1,EXTRACCION 1,UNIDAD,AGAB1,PR-EXT1-BMB-AGAB1,BTZ_Description_04,PR-EXT1-LGC-EXTRACCION 1,PR-EXT1-LGC-GENERAL,PR-EXT1-BMB-AGAB1,BOMBA CENTRIFUGA P/AGUA ABLANDADA 1,PR-EXT1-BMB-AGAB1,BOMBA CENTRIFUGA P/AGUA ABLANDADA 1,UNIDAD_HOJA_DIRECTA_BAJO_SECTOR
PR,EXT1,EXTRACCION 1,UNIDAD,DCL,PR-EXT1-BMB-DCL,BTZ_Description_04,PR-EXT1-LGC-EXTRACCION 1,PR-EXT1-LGC-GENERAL,PR-EXT1-BMB-DCL,BOMBA DOSIFICADORA P/CLORO,PR-EXT1-BMB-DCL,BOMBA DOSIFICADORA P/CLORO,UNIDAD_HOJA_DIRECTA_BAJO_SECTOR
PR,EXT1,EXTRACCION 1,UNIDAD,LCE1,PR-EXT1-BMB-LCE1,BTZ_Description_04,PR-EXT1-LGC-EXTRACCION 1,PR-EXT1-LGC-GENERAL,PR-EXT1-BMB-LCE1,BOMBA A PISTON <LUBRIC. CENTRAL.>,PR-EXT1-BMB-LCE1,BOMBA A PISTON <LUBRIC. CENTRAL.>,UNIDAD_HOJA_DIRECTA_BAJO_SECTOR
PR,EXT1,EXTRACCION 1,UNIDAD,P004,PR-EXT1-BMB-P004,BTZ_Description_04,PR-EXT1-LGC-EXTRACCION 1,PR-EXT1-LGC-GENERAL,PR-EXT1-BMB-P004,BOMBA CENTRIFUGA P-4,PR-EXT1-BMB-P004,BOMBA CENTRIFUGA P-4,UNIDAD_HOJA_DIRECTA_BAJO_SECTOR
PR,EXT1,EXTRACCION 1,UNIDAD,PSAC,PR-EXT1-BMB-PSAC,BTZ_Description_04,PR-EXT1-LGC-EXTRACCION 1,PR-EXT1-LGC-GENERAL,PR-EXT1-BMB-PSAC,BOMBA PASCAL P/SODA-ACIDO,PR-EXT1-BMB-PSAC,BOMBA PASCAL P/SODA-ACIDO,UNIDAD_HOJA_DIRECTA_BAJO_SECTOR
PR,EXT1,EXTRACCION 1,UNIDAD,SGO1,PR-EXT1-BMB-SGO1,BTZ_Description_04,PR-EXT1-LGC-EXTRACCION 1,PR-EXT1-LGC-GENERAL,PR-EXT1-BMB-SGO1,BOMBA A ENGRANAJE P/GOMA 1,PR-EXT1-BMB-SGO1,BOMBA A ENGRANAJE P/GOMA 1,UNIDAD_HOJA_DIRECTA_BAJO_SECTOR
PR,EXT1,EXTRACCION 1,UNIDAD,I30,PR-EXT1-DFL-I30,BTZ_Description_04,PR-EXT1-LGC-EXTRACCION 1,PR-EXT1-LGC-GENERAL,PR-EXT1-DFL-I30,DEFLEGMADOR INCONDENSADOS I-30,PR-EXT1-DFL-I30,DEFLEGMADOR INCONDENSADOS I-30,UNIDAD_HOJA_DIRECTA_BAJO_SECTOR
PR,EXT1,EXTRACCION 1,UNIDAD,PRE18,PR-EXT1-EVP-I-PRE18,BTZ_Description_04,PR-EXT1-LGC-EXTRACCION 1,PR-EXT1-LGC-GENERAL,PR-EXT1-EVP-I-PRE18,EVAPORADOR I-PRE18,PR-EXT1-EVP-I-PRE18,EVAPORADOR I-PRE18,UNIDAD_HOJA_DIRECTA_BAJO_SECTOR
PR,EXT1,EXTRACCION 1,UNIDAD,I99,PR-EXT1-TSV-I99,BTZ_Description_04,PR-EXT1-LGC-EXTRACCION 1,PR-EXT1-LGC-GENERAL,PR-EXT1-TSV-I99,TRAMPA DE SOLVENTE (CEMENTO),PR-EXT1-TSV-I99,TRAMPA DE SOLVENTE (CEMENTO),UNIDAD_HOJA_DIRECTA_BAJO_SECTOR
PR,EXT1,EXTRACCION 1,UNIDAD,REG,PR-EXT1-VLV-REG,BTZ_Description_04,PR-EXT1-LGC-EXTRACCION 1,PR-EXT1-LGC-GENERAL,PR-EXT1-VLV-REG,VALVULA REGULADORA DE VAPOR,PR-EXT1-VLV-REG,VALVULA REGULADORA DE VAPOR,UNIDAD_HOJA_DIRECTA_BAJO_SECTOR
PR,EXT1,EXTRACCION 1,UNIDAD,12KG,PR-EXT1-VLV-SOV-12KG,BTZ_Description_04,PR-EXT1-LGC-EXTRACCION 1,PR-EXT1-LGC-GENERAL,PR-EXT1-VLV-SOV-12KG,VALVULA ON-OFF DE VAPOR ENTRADA LINEA 12 KG,PR-EXT1-VLV-SOV-12KG,VALVULA ON-OFF DE VAPOR ENTRADA LINEA 12 KG,UNIDAD_HOJA_DIRECTA_BAJO_SECTOR
PR,EXT1,EXTRACCION 1,UNIDAD,7KG,PR-EXT1-VLV-SOV-7KG,BTZ_Description_04,PR-EXT1-LGC-EXTRACCION 1,PR-EXT1-LGC-GENERAL,PR-EXT1-VLV-SOV-7KG,VALVULA ON-OFF DE VAPOR ENTRADA LINEA 7 KG,PR-EXT1-VLV-SOV-7KG,VALVULA ON-OFF DE VAPOR ENTRADA LINEA 7 KG,UNIDAD_HOJA_DIRECTA_BAJO_SECTOR
PR,LNT,LINTER,SECTOR,LINTER,PR-LNT-LGC-LINTER,BTZ_Description_02,PR-LNT-LGC-LINTER,,,,PR-LNT-LGC-LINTER,LOGICO LINTER,SECTOR_DESDE_RAIZ_PR
PR,LNT,LINTER,SUBSECTOR,AFILADORAS,PR-LNT-LGC-AFILADORAS,BTZ_Description_03,PR-LNT-LGC-LINTER,PR-LNT-LGC-AFILADORAS,,,PR-LNT-LGC-AFILADORAS,LOGICO AFILADORAS,SUBSECTOR_DESDE_HIJO_LGC_O_NODO_INTERMEDIO
PR,LNT,LINTER,UNIDAD,SC01,PR-LNT-AFL-SC01,BTZ_Description_04,PR-LNT-LGC-LINTER,PR-LNT-LGC-AFILADORAS,PR-LNT-AFL-SC01,"AFILADORA SIERRA ""CARVER"" Nº 1",PR-LNT-AFL-SC01,"AFILADORA SIERRA ""CARVER"" Nº 1",UNIDAD_HOJA_BAJO_SUBSECTOR
PR,LNT,LINTER,UNIDAD,SC02,PR-LNT-AFL-SC02,BTZ_Description_04,PR-LNT-LGC-LINTER,PR-LNT-LGC-AFILADORAS,PR-LNT-AFL-SC02,"AFILADORA SIERRA ""CARVER"" Nº 2",PR-LNT-AFL-SC02,"AFILADORA SIERRA ""CARVER"" Nº 2",UNIDAD_HOJA_BAJO_SUBSECTOR
PR,LNT,LINTER,UNIDAD,SC03,PR-LNT-AFL-SC03,BTZ_Description_04,PR-LNT-LGC-LINTER,PR-LNT-LGC-AFILADORAS,PR-LNT-AFL-SC03,"AFILADORA SIERRA ""CARVER"" Nº 3",PR-LNT-AFL-SC03,"AFILADORA SIERRA ""CARVER"" Nº 3",UNIDAD_HOJA_BAJO_SUBSECTOR
PR,LNT,LINTER,UNIDAD,SC04,PR-LNT-AFL-SC04,BTZ_Description_04,PR-LNT-LGC-LINTER,PR-LNT-LGC-AFILADORAS,PR-LNT-AFL-SC04,"AFILADORA SIERRA ""CARVER"" Nº 4",PR-LNT-AFL-SC04,"AFILADORA SIERRA ""CARVER"" Nº 4",UNIDAD_HOJA_BAJO_SUBSECTOR
PR,LNT,LINTER,SUBSECTOR,BATIDORAS,PR-LNT-LGC-BATIDORAS,BTZ_Description_03,PR-LNT-LGC-LINTER,PR-LNT-LGC-BATIDORAS,,,PR-LNT-LGC-BATIDORAS,LOGICO BATIDORAS,SUBSECTOR_DESDE_HIJO_LGC_O_NODO_INTERMEDIO
PR,LNT,LINTER,UNIDAD,L1/1,PR-LNT-BTD-L1/1,BTZ_Description_04,PR-LNT-LGC-LINTER,PR-LNT-LGC-BATIDORAS,PR-LNT-BTD-L1/1,BATIDORA LINTER Nº 1/1,PR-LNT-BTD-L1/1,BATIDORA LINTER Nº 1/1,UNIDAD_HOJA_BAJO_SUBSECTOR
PR,LNT,LINTER,UNIDAD,L1/2,PR-LNT-BTD-L1/2,BTZ_Description_04,PR-LNT-LGC-LINTER,PR-LNT-LGC-BATIDORAS,PR-LNT-BTD-L1/2,BATIDORA LINTER Nº 1/2,PR-LNT-BTD-L1/2,BATIDORA LINTER Nº 1/2,UNIDAD_HOJA_BAJO_SUBSECTOR
PR,LNT,LINTER,UNIDAD,L1/3,PR-LNT-BTD-L1/3,BTZ_Description_04,PR-LNT-LGC-LINTER,PR-LNT-LGC-BATIDORAS,PR-LNT-BTD-L1/3,BATIDORA LINTER Nº 1/3,PR-LNT-BTD-L1/3,BATIDORA LINTER Nº 1/3,UNIDAD_HOJA_BAJO_SUBSECTOR
PR,LNT,LINTER,UNIDAD,L1/4,PR-LNT-BTD-L1/4,BTZ_Description_04,PR-LNT-LGC-LINTER,PR-LNT-LGC-BATIDORAS,PR-LNT-BTD-L1/4,BATIDORA LINTER Nº 1/4,PR-LNT-BTD-L1/4,BATIDORA LINTER Nº 1/4,UNIDAD_HOJA_BAJO_SUBSECTOR
PR,LNT,LINTER,UNIDAD,L2/1,PR-LNT-BTD-L2/1,BTZ_Description_04,PR-LNT-LGC-LINTER,PR-LNT-LGC-BATIDORAS,PR-LNT-BTD-L2/1,BATIDORA LINTER Nº 2/1,PR-LNT-BTD-L2/1,BATIDORA LINTER Nº 2/1,UNIDAD_HOJA_BAJO_SUBSECTOR
PR,LNT,LINTER,UNIDAD,L2/2,PR-LNT-BTD-L2/2,BTZ_Description_04,PR-LNT-LGC-LINTER,PR-LNT-LGC-BATIDORAS,PR-LNT-BTD-L2/2,BATIDORA LINTER Nº 2/2,PR-LNT-BTD-L2/2,BATIDORA LINTER Nº 2/2,UNIDAD_HOJA_BAJO_SUBSECTOR
PR,LNT,LINTER,UNIDAD,L2/3,PR-LNT-BTD-L2/3,BTZ_Description_04,PR-LNT-LGC-LINTER,PR-LNT-LGC-BATIDORAS,PR-LNT-BTD-L2/3,BATIDORA LINTER Nº 2/3,PR-LNT-BTD-L2/3,BATIDORA LINTER Nº 2/3,UNIDAD_HOJA_BAJO_SUBSECTOR
PR,LNT,LINTER,UNIDAD,L2/4,PR-LNT-BTD-L2/4,BTZ_Description_04,PR-LNT-LGC-LINTER,PR-LNT-LGC-BATIDORAS,PR-LNT-BTD-L2/4,BATIDORA LINTER Nº 2/4,PR-LNT-BTD-L2/4,BATIDORA LINTER Nº 2/4,UNIDAD_HOJA_BAJO_SUBSECTOR
PR,LNT,LINTER,SUBSECTOR,DESLINTADORAS,PR-LNT-LGC-DESLINTADORAS,BTZ_Description_03,PR-LNT-LGC-LINTER,PR-LNT-LGC-DESLINTADORAS,,,PR-LNT-LGC-DESLINTADORAS,LOGICO DESLINTADORAS,SUBSECTOR_DESDE_HIJO_LGC_O_NODO_INTERMEDIO
PR,LNT,LINTER,UNIDAD,AYC,PR-LNT-CHD-AYC,BTZ_Description_04,PR-LNT-LGC-LINTER,PR-LNT-LGC-DESLINTADORAS,PR-LNT-CHD-AYC,CENTRAL HIDRAULICA APERTURA Y CIERRE DESLINT. L-2,PR-LNT-CHD-AYC,CENTRAL HIDRAULICA APERTURA Y CIERRE DESLINT. L-2,UNIDAD_HOJA_BAJO_SUBSECTOR
PR,LNT,LINTER,SUBSECTOR,ROSCAS,PR-LNT-LGC-ROSCAS,BTZ_Description_03,PR-LNT-LGC-LINTER,PR-LNT-LGC-ROSCAS,,,PR-LNT-LGC-ROSCAS,LOGICO ROSCAS,SUBSECTOR_DESDE_HIJO_LGC_O_NODO_INTERMEDIO
PR,LNT,LINTER,UNIDAD,T009,PR-LNT-RSC-T009,BTZ_Description_04,PR-LNT-LGC-LINTER,PR-LNT-LGC-ROSCAS,PR-LNT-RSC-T009,ROSCA T-009,PR-LNT-RSC-T009,ROSCA T-009,UNIDAD_HOJA_BAJO_SUBSECTOR
PR,LNT,LINTER,UNIDAD,T010/1,PR-LNT-RSC-T010/1,BTZ_Description_04,PR-LNT-LGC-LINTER,PR-LNT-LGC-ROSCAS,PR-LNT-RSC-T010/1,ROSCA T-010/1 <1º TRAMO> (S),PR-LNT-RSC-T010/1,ROSCA T-010/1 <1º TRAMO> (S),UNIDAD_HOJA_BAJO_SUBSECTOR
PR,LNT,LINTER,UNIDAD,T010/2,PR-LNT-RSC-T010/2,BTZ_Description_04,PR-LNT-LGC-LINTER,PR-LNT-LGC-ROSCAS,PR-LNT-RSC-T010/2,ROSCA T-010/2 <2º TRAMO> (N),PR-LNT-RSC-T010/2,ROSCA T-010/2 <2º TRAMO> (N),UNIDAD_HOJA_BAJO_SUBSECTOR
PR,LNT,LINTER,UNIDAD,T011,PR-LNT-RSC-T011,BTZ_Description_04,PR-LNT-LGC-LINTER,PR-LNT-LGC-ROSCAS,PR-LNT-RSC-T011,ROSCA T-011,PR-LNT-RSC-T011,ROSCA T-011,UNIDAD_HOJA_BAJO_SUBSECTOR
PR,LNT,LINTER,UNIDAD,T012/1,PR-LNT-RSC-T012/1,BTZ_Description_04,PR-LNT-LGC-LINTER,PR-LNT-LGC-ROSCAS,PR-LNT-RSC-T012/1,ROSCA T-012/1 <1º TRAMO> (N),PR-LNT-RSC-T012/1,ROSCA T-012/1 <1º TRAMO> (N),UNIDAD_HOJA_BAJO_SUBSECTOR
PR,LNT,LINTER,UNIDAD,T012/2,PR-LNT-RSC-T012/2,BTZ_Description_04,PR-LNT-LGC-LINTER,PR-LNT-LGC-ROSCAS,PR-LNT-RSC-T012/2,ROSCA T-012/2 <2º TRAMO> (S),PR-LNT-RSC-T012/2,ROSCA T-012/2 <2º TRAMO> (S),UNIDAD_HOJA_BAJO_SUBSECTOR
PR,LNT,LINTER,UNIDAD,T013/1,PR-LNT-RSC-T013/1,BTZ_Description_04,PR-LNT-LGC-LINTER,PR-LNT-LGC-ROSCAS,PR-LNT-RSC-T013/1,ROSCA T-013/1 <1º TRAMO> (S),PR-LNT-RSC-T013/1,ROSCA T-013/1 <1º TRAMO> (S),UNIDAD_HOJA_BAJO_SUBSECTOR
PR,LNT,LINTER,UNIDAD,T013/2,PR-LNT-RSC-T013/2,BTZ_Description_04,PR-LNT-LGC-LINTER,PR-LNT-LGC-ROSCAS,PR-LNT-RSC-T013/2,ROSCA T-013/2 <2º TRAMO> (N),PR-LNT-RSC-T013/2,ROSCA T-013/2 <2º TRAMO> (N),UNIDAD_HOJA_BAJO_SUBSECTOR
PR,LNT,LINTER,UNIDAD,T014/1,PR-LNT-RSC-T014/1,BTZ_Description_04,PR-LNT-LGC-LINTER,PR-LNT-LGC-ROSCAS,PR-LNT-RSC-T014/1,ROSCA T-014/1 <1º TRAMO> BASU,PR-LNT-RSC-T014/1,ROSCA T-014/1 <1º TRAMO> BASU,UNIDAD_HOJA_BAJO_SUBSECTOR
PR,LNT,LINTER,UNIDAD,T014/2,PR-LNT-RSC-T014/2,BTZ_Description_04,PR-LNT-LGC-LINTER,PR-LNT-LGC-ROSCAS,PR-LNT-RSC-T014/2,ROSCA T-014/2 <2º TRAMO> BASU,PR-LNT-RSC-T014/2,ROSCA T-014/2 <2º TRAMO> BASU,UNIDAD_HOJA_BAJO_SUBSECTOR
PR,LNT,LINTER,UNIDAD,T015/1,PR-LNT-RSC-T015/1,BTZ_Description_04,PR-LNT-LGC-LINTER,PR-LNT-LGC-ROSCAS,PR-LNT-RSC-T015/1,ROSCA T-015/1 <1º TRAMO> (S),PR-LNT-RSC-T015/1,ROSCA T-015/1 <1º TRAMO> (S),UNIDAD_HOJA_BAJO_SUBSECTOR
PR,LNT,LINTER,UNIDAD,T015/2,PR-LNT-RSC-T015/2,BTZ_Description_04,PR-LNT-LGC-LINTER,PR-LNT-LGC-ROSCAS,PR-LNT-RSC-T015/2,ROSCA T-015/2 <2º TRAMO> (N),PR-LNT-RSC-T015/2,ROSCA T-015/2 <2º TRAMO> (N),UNIDAD_HOJA_BAJO_SUBSECTOR
PR,LNT,LINTER,UNIDAD,T016/1,PR-LNT-RSC-T016/1,BTZ_Description_04,PR-LNT-LGC-LINTER,PR-LNT-LGC-ROSCAS,PR-LNT-RSC-T016/1,ROSCA T-016/1 <1º TRAMO> BASU,PR-LNT-RSC-T016/1,ROSCA T-016/1 <1º TRAMO> BASU,UNIDAD_HOJA_BAJO_SUBSECTOR
PR,LNT,LINTER,UNIDAD,T016/2,PR-LNT-RSC-T016/2,BTZ_Description_04,PR-LNT-LGC-LINTER,PR-LNT-LGC-ROSCAS,PR-LNT-RSC-T016/2,ROSCA T-016/2 <2º TRAMO> BASU,PR-LNT-RSC-T016/2,ROSCA T-016/2 <2º TRAMO> BASU,UNIDAD_HOJA_BAJO_SUBSECTOR
PR,LNT,LINTER,UNIDAD,T017,PR-LNT-RSC-T017,BTZ_Description_04,PR-LNT-LGC-LINTER,PR-LNT-LGC-ROSCAS,PR-LNT-RSC-T017,ROSCA T-017,PR-LNT-RSC-T017,ROSCA T-017,UNIDAD_HOJA_BAJO_SUBSECTOR
PR,LNT,LINTER,UNIDAD,T019,PR-LNT-RSC-T019,BTZ_Description_04,PR-LNT-LGC-LINTER,PR-LNT-LGC-ROSCAS,PR-LNT-RSC-T019,ROSCA T-019,PR-LNT-RSC-T019,ROSCA T-019,UNIDAD_HOJA_BAJO_SUBSECTOR
PR,LNT,LINTER,UNIDAD,T020,PR-LNT-RSC-T020,BTZ_Description_04,PR-LNT-LGC-LINTER,PR-LNT-LGC-ROSCAS,PR-LNT-RSC-T020,ROSCA T-020,PR-LNT-RSC-T020,ROSCA T-020,UNIDAD_HOJA_BAJO_SUBSECTOR
PR,LNT,LINTER,UNIDAD,T021,PR-LNT-RSC-T021,BTZ_Description_04,PR-LNT-LGC-LINTER,PR-LNT-LGC-ROSCAS,PR-LNT-RSC-T021,ROSCA T-021,PR-LNT-RSC-T021,ROSCA T-021,UNIDAD_HOJA_BAJO_SUBSECTOR
PR,LNT,LINTER,UNIDAD,T022,PR-LNT-RSC-T022,BTZ_Description_04,PR-LNT-LGC-LINTER,PR-LNT-LGC-ROSCAS,PR-LNT-RSC-T022,ROSCA T-022,PR-LNT-RSC-T022,ROSCA T-022,UNIDAD_HOJA_BAJO_SUBSECTOR
PR,LNT,LINTER,UNIDAD,T023,PR-LNT-RSC-T023,BTZ_Description_04,PR-LNT-LGC-LINTER,PR-LNT-LGC-ROSCAS,PR-LNT-RSC-T023,ROSCA T-023,PR-LNT-RSC-T023,ROSCA T-023,UNIDAD_HOJA_BAJO_SUBSECTOR
PR,LNT,LINTER,UNIDAD,T024,PR-LNT-RSC-T024,BTZ_Description_04,PR-LNT-LGC-LINTER,PR-LNT-LGC-ROSCAS,PR-LNT-RSC-T024,ROSCA T-024,PR-LNT-RSC-T024,ROSCA T-024,UNIDAD_HOJA_BAJO_SUBSECTOR
PR,LNT,LINTER,UNIDAD,T025,PR-LNT-RSC-T025,BTZ_Description_04,PR-LNT-LGC-LINTER,PR-LNT-LGC-ROSCAS,PR-LNT-RSC-T025,ROSCA T-025,PR-LNT-RSC-T025,ROSCA T-025,UNIDAD_HOJA_BAJO_SUBSECTOR
PR,LNT,LINTER,UNIDAD,T026,PR-LNT-RSC-T026,BTZ_Description_04,PR-LNT-LGC-LINTER,PR-LNT-LGC-ROSCAS,PR-LNT-RSC-T026,ROSCA T-026,PR-LNT-RSC-T026,ROSCA T-026,UNIDAD_HOJA_BAJO_SUBSECTOR
PR,LNT,LINTER,UNIDAD,T026/1,PR-LNT-RSC-T026/1,BTZ_Description_04,PR-LNT-LGC-LINTER,PR-LNT-LGC-ROSCAS,PR-LNT-RSC-T026/1,ROSCA T026/1,PR-LNT-RSC-T026/1,ROSCA T026/1,UNIDAD_HOJA_BAJO_SUBSECTOR
PR,LNT,LINTER,UNIDAD,T027/1,PR-LNT-RSC-T027/1,BTZ_Description_04,PR-LNT-LGC-LINTER,PR-LNT-LGC-ROSCAS,PR-LNT-RSC-T027/1,ROSCA T027/1,PR-LNT-RSC-T027/1,ROSCA T027/1,UNIDAD_HOJA_BAJO_SUBSECTOR
PR,LNT,LINTER,UNIDAD,T044/1,PR-LNT-RSC-T044/1,BTZ_Description_04,PR-LNT-LGC-LINTER,PR-LNT-LGC-ROSCAS,PR-LNT-RSC-T044/1,ROSCA T044/1,PR-LNT-RSC-T044/1,ROSCA T044/1,UNIDAD_HOJA_BAJO_SUBSECTOR
PR,LNT,LINTER,UNIDAD,T044/2,PR-LNT-RSC-T044/2,BTZ_Description_04,PR-LNT-LGC-LINTER,PR-LNT-LGC-ROSCAS,PR-LNT-RSC-T044/2,ROSCA T044/2,PR-LNT-RSC-T044/2,ROSCA T044/2,UNIDAD_HOJA_BAJO_SUBSECTOR
PR,LNT,LINTER,UNIDAD,T044/3,PR-LNT-RSC-T044/3,BTZ_Description_04,PR-LNT-LGC-LINTER,PR-LNT-LGC-ROSCAS,PR-LNT-RSC-T044/3,ROSCA T044/3,PR-LNT-RSC-T044/3,ROSCA T044/3,UNIDAD_HOJA_BAJO_SUBSECTOR
PR,LNT,LINTER,UNIDAD,T044/4,PR-LNT-RSC-T044/4,BTZ_Description_04,PR-LNT-LGC-LINTER,PR-LNT-LGC-ROSCAS,PR-LNT-RSC-T044/4,ROSCA T044/4,PR-LNT-RSC-T044/4,ROSCA T044/4,UNIDAD_HOJA_BAJO_SUBSECTOR
PR,LNT,LINTER,SUBSECTOR,VALVULAS ROTATIVAS,PR-LNT-LGC-VALVULAS ROTATIVAS,BTZ_Description_03,PR-LNT-LGC-LINTER,PR-LNT-LGC-VALVULAS ROTATIVAS,,,PR-LNT-LGC-VALVULAS ROTATIVAS,LOGICO VALVULAS ROTATIVAS,SUBSECTOR_DESDE_HIJO_LGC_O_NODO_INTERMEDIO
PR,LNT,LINTER,UNIDAD,VRLMP1,PR-LNT-VLV-VRLMP1,BTZ_Description_04,PR-LNT-LGC-LINTER,PR-LNT-LGC-VALVULAS ROTATIVAS,PR-LNT-VLV-VRLMP1,VALVULA ROTATIVA LIMPIADOR 1,PR-LNT-VLV-VRLMP1,VALVULA ROTATIVA LIMPIADOR 1,UNIDAD_HOJA_BAJO_SUBSECTOR
PR,LNT,LINTER,UNIDAD,VRLMP2,PR-LNT-VLV-VRLMP2,BTZ_Description_04,PR-LNT-LGC-LINTER,PR-LNT-LGC-VALVULAS ROTATIVAS,PR-LNT-VLV-VRLMP2,VALVULA ROTATIVA LIMPIADOR 2,PR-LNT-VLV-VRLMP2,VALVULA ROTATIVA LIMPIADOR 2,UNIDAD_HOJA_BAJO_SUBSECTOR
PR,LNT,LINTER,UNIDAD,VRSR1,PR-LNT-VLV-VRSR1,BTZ_Description_04,PR-LNT-LGC-LINTER,PR-LNT-LGC-VALVULAS ROTATIVAS,PR-LNT-VLV-VRSR1,VALVULA ROTATIVA SECADOR ROTATIVO VRSR01,PR-LNT-VLV-VRSR1,VALVULA ROTATIVA SECADOR ROTATIVO VRSR01,UNIDAD_HOJA_BAJO_SUBSECTOR
PR,LNT,LINTER,UNIDAD,VRSR2,PR-LNT-VLV-VRSR2,BTZ_Description_04,PR-LNT-LGC-LINTER,PR-LNT-LGC-VALVULAS ROTATIVAS,PR-LNT-VLV-VRSR2,VALVULA ROTATIVA SECADOR ROTATIVO VRSR02,PR-LNT-VLV-VRSR2,VALVULA ROTATIVA SECADOR ROTATIVO VRSR02,UNIDAD_HOJA_BAJO_SUBSECTOR
PR,LNT,LINTER,UNIDAD,VRSR3,PR-LNT-VLV-VRSR3,BTZ_Description_04,PR-LNT-LGC-LINTER,PR-LNT-LGC-VALVULAS ROTATIVAS,PR-LNT-VLV-VRSR3,VALVULA ROTATIVA SECADOR ROTATIVO VRSR03,PR-LNT-VLV-VRSR3,VALVULA ROTATIVA SECADOR ROTATIVO VRSR03,UNIDAD_HOJA_BAJO_SUBSECTOR
PR,LNT,LINTER,UNIDAD,VRSR4,PR-LNT-VLV-VRSR4,BTZ_Description_04,PR-LNT-LGC-LINTER,PR-LNT-LGC-VALVULAS ROTATIVAS,PR-LNT-VLV-VRSR4,VALVULA ROTATIVA SECADOR ROTATIVO VRSR04,PR-LNT-VLV-VRSR4,VALVULA ROTATIVA SECADOR ROTATIVO VRSR04,UNIDAD_HOJA_BAJO_SUBSECTOR
PR,LNT,LINTER,UNIDAD,VRSR5,PR-LNT-VLV-VRSR5,BTZ_Description_04,PR-LNT-LGC-LINTER,PR-LNT-LGC-VALVULAS ROTATIVAS,PR-LNT-VLV-VRSR5,VALVULA ROTATIVA SECADOR ROTATIVO VRSR05,PR-LNT-VLV-VRSR5,VALVULA ROTATIVA SECADOR ROTATIVO VRSR05,UNIDAD_HOJA_BAJO_SUBSECTOR
PR,LNT,LINTER,SUBSECTOR,VENTILADORES,PR-LNT-LGC-VENTILADORES,BTZ_Description_03,PR-LNT-LGC-LINTER,PR-LNT-LGC-VENTILADORES,,,PR-LNT-LGC-VENTILADORES,LOGICO VENTILADORES,SUBSECTOR_DESDE_HIJO_LGC_O_NODO_INTERMEDIO
PR,LNT,LINTER,UNIDAD,AS01,PR-LNT-VNT-AS01,BTZ_Description_04,PR-LNT-LGC-LINTER,PR-LNT-LGC-VENTILADORES,PR-LNT-VNT-AS01,VENTILADOR ASP. Nº 1,PR-LNT-VNT-AS01,VENTILADOR ASP. Nº 1,UNIDAD_HOJA_BAJO_SUBSECTOR
PR,LNT,LINTER,UNIDAD,AS02,PR-LNT-VNT-AS02,BTZ_Description_04,PR-LNT-LGC-LINTER,PR-LNT-LGC-VENTILADORES,PR-LNT-VNT-AS02,VENTILADOR ASP. Nº 2,PR-LNT-VNT-AS02,VENTILADOR ASP. Nº 2,UNIDAD_HOJA_BAJO_SUBSECTOR
PR,LNT,LINTER,UNIDAD,AS03,PR-LNT-VNT-AS03,BTZ_Description_04,PR-LNT-LGC-LINTER,PR-LNT-LGC-VENTILADORES,PR-LNT-VNT-AS03,VENTILADOR ASP. Nº 3,PR-LNT-VNT-AS03,VENTILADOR ASP. Nº 3,UNIDAD_HOJA_BAJO_SUBSECTOR
PR,LNT,LINTER,UNIDAD,AS04,PR-LNT-VNT-AS04,BTZ_Description_04,PR-LNT-LGC-LINTER,PR-LNT-LGC-VENTILADORES,PR-LNT-VNT-AS04,VENTILADOR ASP. Nº 4,PR-LNT-VNT-AS04,VENTILADOR ASP. Nº 4,UNIDAD_HOJA_BAJO_SUBSECTOR
PR,LNT,LINTER,UNIDAD,AS05,PR-LNT-VNT-AS05,BTZ_Description_04,PR-LNT-LGC-LINTER,PR-LNT-LGC-VENTILADORES,PR-LNT-VNT-AS05,VENTILADOR ASP. Nº 5,PR-LNT-VNT-AS05,VENTILADOR ASP. Nº 5,UNIDAD_HOJA_BAJO_SUBSECTOR
PR,LNT,LINTER,UNIDAD,AS06,PR-LNT-VNT-AS06,BTZ_Description_04,PR-LNT-LGC-LINTER,PR-LNT-LGC-VENTILADORES,PR-LNT-VNT-AS06,VENTILADOR ASP. Nº 6,PR-LNT-VNT-AS06,VENTILADOR ASP. Nº 6,UNIDAD_HOJA_BAJO_SUBSECTOR
PR,LNT,LINTER,UNIDAD,AS07,PR-LNT-VNT-AS07,BTZ_Description_04,PR-LNT-LGC-LINTER,PR-LNT-LGC-VENTILADORES,PR-LNT-VNT-AS07,VENTILADOR ASP. Nº 7,PR-LNT-VNT-AS07,VENTILADOR ASP. Nº 7,UNIDAD_HOJA_BAJO_SUBSECTOR
PR,LNT,LINTER,UNIDAD,AS08,PR-LNT-VNT-AS08,BTZ_Description_04,PR-LNT-LGC-LINTER,PR-LNT-LGC-VENTILADORES,PR-LNT-VNT-AS08,VENTILADOR ASP. Nº 8,PR-LNT-VNT-AS08,VENTILADOR ASP. Nº 8,UNIDAD_HOJA_BAJO_SUBSECTOR
PR,LNT,LINTER,UNIDAD,TAN1,PR-LNT-VNT-TAN1,BTZ_Description_04,PR-LNT-LGC-LINTER,PR-LNT-LGC-VENTILADORES,PR-LNT-VNT-TAN1,VENTILADOR TANDEM 1,PR-LNT-VNT-TAN1,VENTILADOR TANDEM 1,UNIDAD_HOJA_BAJO_SUBSECTOR
PR,LNT,LINTER,UNIDAD,TAN2,PR-LNT-VNT-TAN2,BTZ_Description_04,PR-LNT-LGC-LINTER,PR-LNT-LGC-VENTILADORES,PR-LNT-VNT-TAN2,VENTILADOR TANDEM 2,PR-LNT-VNT-TAN2,VENTILADOR TANDEM 2,UNIDAD_HOJA_BAJO_SUBSECTOR
PR,LNT,LINTER,UNIDAD,TAN3,PR-LNT-VNT-TAN3,BTZ_Description_04,PR-LNT-LGC-LINTER,PR-LNT-LGC-VENTILADORES,PR-LNT-VNT-TAN3,VENTILADOR TANDEM 3,PR-LNT-VNT-TAN3,VENTILADOR TANDEM 3,UNIDAD_HOJA_BAJO_SUBSECTOR
PR,LNT,LINTER,UNIDAD,TAN4,PR-LNT-VNT-TAN4,BTZ_Description_04,PR-LNT-LGC-LINTER,PR-LNT-LGC-VENTILADORES,PR-LNT-VNT-TAN4,VENTILADOR TANDEM 4,PR-LNT-VNT-TAN4,VENTILADOR TANDEM 4,UNIDAD_HOJA_BAJO_SUBSECTOR
PR,LNT,LINTER,UNIDAD,VTFSR3,PR-LNT-VNT-VTFSR3,BTZ_Description_04,PR-LNT-LGC-LINTER,PR-LNT-LGC-VENTILADORES,PR-LNT-VNT-VTFSR3,VENTILADOR TIRO FORZADO SECADOR ROTATIVO VTISR3,PR-LNT-VNT-VTFSR3,VENTILADOR TIRO FORZADO SECADOR ROTATIVO VTISR3,UNIDAD_HOJA_BAJO_SUBSECTOR
PR,LNT,LINTER,UNIDAD,VTISR3,PR-LNT-VNT-VTISR3,BTZ_Description_04,PR-LNT-LGC-LINTER,PR-LNT-LGC-VENTILADORES,PR-LNT-VNT-VTISR3,VENTILADOR TIRO INDUCIDO SECADOR ROTATIVO VTISR3,PR-LNT-VNT-VTISR3,VENTILADOR TIRO INDUCIDO SECADOR ROTATIVO VTISR3,UNIDAD_HOJA_BAJO_SUBSECTOR
PR,LNT,LINTER,SUBSECTOR,LIMPIADOR 1,PR-LNT-LGC-LIMPIADOR 1,BTZ_Description_03,PR-LNT-LGC-LINTER,PR-LNT-LGC-LIMPIADOR 1,,,PR-LNT-LMP-LMP1,LIMPIADOR 1,SUBSECTOR_DESDE_HIJO_LGC_O_NODO_INTERMEDIO
PR,LNT,LINTER,UNIDAD,MILMP1,PR-LNT-MZC-MILMP1,BTZ_Description_04,PR-LNT-LGC-LINTER,PR-LNT-LGC-LIMPIADOR 1,PR-LNT-MZC-MILMP1,MEZCLADOR INFERIOR LIMPIADOR 1,PR-LNT-MZC-MILMP1,MEZCLADOR INFERIOR LIMPIADOR 1,UNIDAD_HOJA_BAJO_SUBSECTOR
PR,LNT,LINTER,UNIDAD,MSLMP1,PR-LNT-MZC-MSLMP1,BTZ_Description_04,PR-LNT-LGC-LINTER,PR-LNT-LGC-LIMPIADOR 1,PR-LNT-MZC-MSLMP1,MEZCLADOR SUPERIOR LIMPIADOR 1,PR-LNT-MZC-MSLMP1,MEZCLADOR SUPERIOR LIMPIADOR 1,UNIDAD_HOJA_BAJO_SUBSECTOR
PR,LNT,LINTER,UNIDAD,VELMP1,PR-LNT-VNT-VELMP1,BTZ_Description_04,PR-LNT-LGC-LINTER,PR-LNT-LGC-LIMPIADOR 1,PR-LNT-VNT-VELMP1,VENTILADOR LIMPIADOR 1,PR-LNT-VNT-VELMP1,VENTILADOR LIMPIADOR 1,UNIDAD_HOJA_BAJO_SUBSECTOR
PR,LNT,LINTER,UNIDAD,ZLMP1/1,PR-LNT-ZRN-ZLMP1/1,BTZ_Description_04,PR-LNT-LGC-LINTER,PR-LNT-LGC-LIMPIADOR 1,PR-LNT-ZRN-ZLMP1/1,ZARANDA 1 LIMPIADOR 1,PR-LNT-ZRN-ZLMP1/1,ZARANDA 1 LIMPIADOR 1,UNIDAD_HOJA_BAJO_SUBSECTOR
PR,LNT,LINTER,UNIDAD,ZLMP1/2,PR-LNT-ZRN-ZLMP1/2,BTZ_Description_04,PR-LNT-LGC-LINTER,PR-LNT-LGC-LIMPIADOR 1,PR-LNT-ZRN-ZLMP1/2,ZARANDA 2 LIMPIADOR 1,PR-LNT-ZRN-ZLMP1/2,ZARANDA 2 LIMPIADOR 1,UNIDAD_HOJA_BAJO_SUBSECTOR
PR,LNT,LINTER,SUBSECTOR,LIMPIADOR 2,PR-LNT-LGC-LIMPIADOR 2,BTZ_Description_03,PR-LNT-LGC-LINTER,PR-LNT-LGC-LIMPIADOR 2,,,PR-LNT-LMP-LMP2,LIMPIADOR 2,SUBSECTOR_DESDE_HIJO_LGC_O_NODO_INTERMEDIO
PR,LNT,LINTER,UNIDAD,MILMP2,PR-LNT-MZC-MILMP2,BTZ_Description_04,PR-LNT-LGC-LINTER,PR-LNT-LGC-LIMPIADOR 2,PR-LNT-MZC-MILMP2,MEZCLADOR INFERIOR LIMPIADOR 2,PR-LNT-MZC-MILMP2,MEZCLADOR INFERIOR LIMPIADOR 2,UNIDAD_HOJA_BAJO_SUBSECTOR
PR,LNT,LINTER,UNIDAD,MSLMP2,PR-LNT-MZC-MSLMP2,BTZ_Description_04,PR-LNT-LGC-LINTER,PR-LNT-LGC-LIMPIADOR 2,PR-LNT-MZC-MSLMP2,MEZCLADOR SUPERIOR LIMPIADOR 2,PR-LNT-MZC-MSLMP2,MEZCLADOR SUPERIOR LIMPIADOR 2,UNIDAD_HOJA_BAJO_SUBSECTOR
PR,LNT,LINTER,UNIDAD,VELMP2,PR-LNT-VNT-VELMP2,BTZ_Description_04,PR-LNT-LGC-LINTER,PR-LNT-LGC-LIMPIADOR 2,PR-LNT-VNT-VELMP2,VENTILADOR LIMPIADOR 2,PR-LNT-VNT-VELMP2,VENTILADOR LIMPIADOR 2,UNIDAD_HOJA_BAJO_SUBSECTOR
PR,LNT,LINTER,UNIDAD,VESUC,PR-LNT-VNT-VESUC,BTZ_Description_04,PR-LNT-LGC-LINTER,PR-LNT-LGC-LIMPIADOR 2,PR-LNT-VNT-VESUC,VENTILADOR DE SUCCION,PR-LNT-VNT-VESUC,VENTILADOR DE SUCCION,UNIDAD_HOJA_BAJO_SUBSECTOR
PR,LNT,LINTER,UNIDAD,ZLMP2/1,PR-LNT-ZRN-ZLMP2/1,BTZ_Description_04,PR-LNT-LGC-LINTER,PR-LNT-LGC-LIMPIADOR 2,PR-LNT-ZRN-ZLMP2/1,ZARANDA 1 LIMPIADOR 2,PR-LNT-ZRN-ZLMP2/1,ZARANDA 1 LIMPIADOR 2,UNIDAD_HOJA_BAJO_SUBSECTOR
PR,LNT,LINTER,UNIDAD,ZLMP2/2,PR-LNT-ZRN-ZLMP2/2,BTZ_Description_04,PR-LNT-LGC-LINTER,PR-LNT-LGC-LIMPIADOR 2,PR-LNT-ZRN-ZLMP2/2,ZARANDA 2 LIMPIADOR 2,PR-LNT-ZRN-ZLMP2/2,ZARANDA 2 LIMPIADOR 2,UNIDAD_HOJA_BAJO_SUBSECTOR
PR,LNT,LINTER,SUBSECTOR,GENERAL,PR-LNT-LGC-GENERAL,BTZ_Description_03,PR-LNT-LGC-LINTER,PR-LNT-LGC-GENERAL,,,PR-LNT-LGC-LINTER,SUBSECTOR SINTETICO PARA HOJAS DIRECTAS DEL SECTOR,SUBSECTOR_SINTETICO_GENERAL
PR,LNT,LINTER,UNIDAD,PF1,PR-LNT-CHD-PF1,BTZ_Description_04,PR-LNT-LGC-LINTER,PR-LNT-LGC-GENERAL,PR-LNT-CHD-PF1,CENTRAL HIDRAULICA Nº 1 (N),PR-LNT-CHD-PF1,CENTRAL HIDRAULICA Nº 1 (N),UNIDAD_HOJA_DIRECTA_BAJO_SECTOR
PR,LNT,LINTER,UNIDAD,PF2,PR-LNT-CHD-PF2,BTZ_Description_04,PR-LNT-LGC-LINTER,PR-LNT-LGC-GENERAL,PR-LNT-CHD-PF2,CENTRAL HIDRAULICA Nº 2 (C),PR-LNT-CHD-PF2,CENTRAL HIDRAULICA Nº 2 (C),UNIDAD_HOJA_DIRECTA_BAJO_SECTOR
PR,LNT,LINTER,UNIDAD,PF3,PR-LNT-CHD-PF3,BTZ_Description_04,PR-LNT-LGC-LINTER,PR-LNT-LGC-GENERAL,PR-LNT-CHD-PF3,CENTRAL HIDRAULICA Nº 3 (S),PR-LNT-CHD-PF3,CENTRAL HIDRAULICA Nº 3 (S),UNIDAD_HOJA_DIRECTA_BAJO_SECTOR
PR,LNT,LINTER,UNIDAD,T018,PR-LNT-NOR-T018,BTZ_Description_04,PR-LNT-LGC-LINTER,PR-LNT-LGC-GENERAL,PR-LNT-NOR-T018,NORIA T-018,PR-LNT-NOR-T018,NORIA T-018,UNIDAD_HOJA_DIRECTA_BAJO_SECTOR
PR,LNT,LINTER,UNIDAD,FAR,PR-LNT-PLP-FAR,BTZ_Description_04,PR-LNT-LGC-LINTER,PR-LNT-LGC-GENERAL,PR-LNT-PLP-FAR,POLIPASTO P/FARDOS PRENSA,PR-LNT-PLP-FAR,POLIPASTO P/FARDOS PRENSA,UNIDAD_HOJA_DIRECTA_BAJO_SECTOR
PR,LNT,LINTER,UNIDAD,SRR,PR-LNT-PLP-SRR,BTZ_Description_04,PR-LNT-LGC-LINTER,PR-LNT-LGC-GENERAL,PR-LNT-PLP-SRR,POLIPASTO P/TAMBORES SIERRAS,PR-LNT-PLP-SRR,POLIPASTO P/TAMBORES SIERRAS,UNIDAD_HOJA_DIRECTA_BAJO_SECTOR
PR,LNT,LINTER,UNIDAD,FAR,PR-LNT-PRN-FAR,BTZ_Description_04,PR-LNT-LGC-LINTER,PR-LNT-LGC-GENERAL,PR-LNT-PRN-FAR,PRENSA FARDO DE FIBRAS,PR-LNT-PRN-FAR,PRENSA FARDO DE FIBRAS,UNIDAD_HOJA_DIRECTA_BAJO_SECTOR
PR,LNT,LINTER,UNIDAD,SR3,PR-LNT-SRT-SR3,BTZ_Description_04,PR-LNT-LGC-LINTER,PR-LNT-LGC-GENERAL,PR-LNT-SRT-SR3,SECADOR ROTATIVO DE ALGODÓN,PR-LNT-SRT-SR3,SECADOR ROTATIVO DE ALGODÓN,UNIDAD_HOJA_DIRECTA_BAJO_SECTOR
PR,PRP2,PREPARACION LINEA 2,SECTOR,PREPARACION LINEA 2,PR-PRP2-LGC-PREPARACION 2,BTZ_Description_02,PR-PRP2-LGC-PREPARACION 2,,,,PR-PRP2-LGC-PREPARACION 2,LOGICO PREPARACION LINEA 2,SECTOR_DESDE_RAIZ_PR
PR,PRP2,PREPARACION LINEA 2,SUBSECTOR,EXPANDERS PREPARACION LINEA 2,PR-PRP2-LGC- EXPANDERS,BTZ_Description_03,PR-PRP2-LGC-PREPARACION 2,PR-PRP2-LGC- EXPANDERS,,,PR-PRP2-LGC- EXPANDERS,LOGICO EXPANDERS PREPARACION LINEA 2,SUBSECTOR_DESDE_HIJO_LGC_O_NODO_INTERMEDIO
PR,PRP2,PREPARACION LINEA 2,SUBSECTOR,ENFRIADORES PREPARACION LINEA 2,PR-PRP2-LGC-ENFRIADORES,BTZ_Description_03,PR-PRP2-LGC-PREPARACION 2,PR-PRP2-LGC-ENFRIADORES,,,PR-PRP2-LGC-ENFRIADORES,LOGICO ENFRIADORES PREPARACION LINEA 2,SUBSECTOR_DESDE_HIJO_LGC_O_NODO_INTERMEDIO
PR,PRP2,PREPARACION LINEA 2,SUBSECTOR,LAMINADORES PREPARACION LINEA 2,PR-PRP2-LGC-LAMINADORES,BTZ_Description_03,PR-PRP2-LGC-PREPARACION 2,PR-PRP2-LGC-LAMINADORES,,,PR-PRP2-LGC-LAMINADORES,LOGICO LAMINADORES PREPARACION LINEA 2,SUBSECTOR_DESDE_HIJO_LGC_O_NODO_INTERMEDIO
PR,PRP2,PREPARACION LINEA 2,SUBSECTOR,NORIAS PREPARACION LINEA 2,PR-PRP2-LGC-NORIAS,BTZ_Description_03,PR-PRP2-LGC-PREPARACION 2,PR-PRP2-LGC-NORIAS,,,PR-PRP2-LGC-NORIAS,LOGICO NORIAS PREPARACION LINEA 2,SUBSECTOR_DESDE_HIJO_LGC_O_NODO_INTERMEDIO
PR,PRP2,PREPARACION LINEA 2,UNIDAD,TS14,PR-PRP2-NOR-TS14,BTZ_Description_04,PR-PRP2-LGC-PREPARACION 2,PR-PRP2-LGC-NORIAS,PR-PRP2-NOR-TS14,NORIA TS-14,PR-PRP2-NOR-TS14,NORIA TS-14,UNIDAD_HOJA_BAJO_SUBSECTOR
PR,PRP2,PREPARACION LINEA 2,UNIDAD,TS17,PR-PRP2-NOR-TS17,BTZ_Description_04,PR-PRP2-LGC-PREPARACION 2,PR-PRP2-LGC-NORIAS,PR-PRP2-NOR-TS17,NORIA TS-17,PR-PRP2-NOR-TS17,NORIA TS-17,UNIDAD_HOJA_BAJO_SUBSECTOR
PR,PRP2,PREPARACION LINEA 2,UNIDAD,TS20,PR-PRP2-NOR-TS20,BTZ_Description_04,PR-PRP2-LGC-PREPARACION 2,PR-PRP2-LGC-NORIAS,PR-PRP2-NOR-TS20,NORIA TS-20,PR-PRP2-NOR-TS20,NORIA TS-20,UNIDAD_HOJA_BAJO_SUBSECTOR
PR,PRP2,PREPARACION LINEA 2,UNIDAD,TS26,PR-PRP2-NOR-TS26,BTZ_Description_04,PR-PRP2-LGC-PREPARACION 2,PR-PRP2-LGC-NORIAS,PR-PRP2-NOR-TS26,NORIA TS-26,PR-PRP2-NOR-TS26,NORIA TS-26,UNIDAD_HOJA_BAJO_SUBSECTOR
PR,PRP2,PREPARACION LINEA 2,SUBSECTOR,QUEBRADORES PREPARACION LINEA 2,PR-PRP2-LGC-QUEBRADORES,BTZ_Description_03,PR-PRP2-LGC-PREPARACION 2,PR-PRP2-LGC-QUEBRADORES,,,PR-PRP2-LGC-QUEBRADORES,LOGICO QUEBRADORES PREPARACION LINEA 2,SUBSECTOR_DESDE_HIJO_LGC_O_NODO_INTERMEDIO
PR,PRP2,PREPARACION LINEA 2,SUBSECTOR,REDLERS PREPARACION LINEA 2,PR-PRP2-LGC-REDLERS,BTZ_Description_03,PR-PRP2-LGC-PREPARACION 2,PR-PRP2-LGC-REDLERS,,,PR-PRP2-LGC-REDLERS,LOGICO REDLERS PREPARACION LINEA 2,SUBSECTOR_DESDE_HIJO_LGC_O_NODO_INTERMEDIO
PR,PRP2,PREPARACION LINEA 2,UNIDAD,TS15,PR-PRP2-RDL-TS15,BTZ_Description_04,PR-PRP2-LGC-PREPARACION 2,PR-PRP2-LGC-REDLERS,PR-PRP2-RDL-TS15,REDLER TS-15,PR-PRP2-RDL-TS15,REDLER TS-15,UNIDAD_HOJA_BAJO_SUBSECTOR
PR,PRP2,PREPARACION LINEA 2,UNIDAD,TS16,PR-PRP2-RDL-TS16,BTZ_Description_04,PR-PRP2-LGC-PREPARACION 2,PR-PRP2-LGC-REDLERS,PR-PRP2-RDL-TS16,REDLER TS-16,PR-PRP2-RDL-TS16,REDLER TS-16,UNIDAD_HOJA_BAJO_SUBSECTOR
PR,PRP2,PREPARACION LINEA 2,UNIDAD,TS18A,PR-PRP2-RDL-TS18A,BTZ_Description_04,PR-PRP2-LGC-PREPARACION 2,PR-PRP2-LGC-REDLERS,PR-PRP2-RDL-TS18A,REDLER TS-18A,PR-PRP2-RDL-TS18A,REDLER TS-18A,UNIDAD_HOJA_BAJO_SUBSECTOR
PR,PRP2,PREPARACION LINEA 2,UNIDAD,TS19,PR-PRP2-RDL-TS19,BTZ_Description_04,PR-PRP2-LGC-PREPARACION 2,PR-PRP2-LGC-REDLERS,PR-PRP2-RDL-TS19,REDLER TS-19,PR-PRP2-RDL-TS19,REDLER TS-19,UNIDAD_HOJA_BAJO_SUBSECTOR
PR,PRP2,PREPARACION LINEA 2,UNIDAD,TS21A,PR-PRP2-RDL-TS21A,BTZ_Description_04,PR-PRP2-LGC-PREPARACION 2,PR-PRP2-LGC-REDLERS,PR-PRP2-RDL-TS21A,REDLER TS-21A,PR-PRP2-RDL-TS21A,REDLER TS-21A,UNIDAD_HOJA_BAJO_SUBSECTOR
PR,PRP2,PREPARACION LINEA 2,UNIDAD,TS22,PR-PRP2-RDL-TS22,BTZ_Description_04,PR-PRP2-LGC-PREPARACION 2,PR-PRP2-LGC-REDLERS,PR-PRP2-RDL-TS22,REDLER TS-22,PR-PRP2-RDL-TS22,REDLER TS-22,UNIDAD_HOJA_BAJO_SUBSECTOR
PR,PRP2,PREPARACION LINEA 2,UNIDAD,TS23,PR-PRP2-RDL-TS23,BTZ_Description_04,PR-PRP2-LGC-PREPARACION 2,PR-PRP2-LGC-REDLERS,PR-PRP2-RDL-TS23,REDLER TS-23,PR-PRP2-RDL-TS23,REDLER TS-23,UNIDAD_HOJA_BAJO_SUBSECTOR
PR,PRP2,PREPARACION LINEA 2,UNIDAD,TS24,PR-PRP2-RDL-TS24,BTZ_Description_04,PR-PRP2-LGC-PREPARACION 2,PR-PRP2-LGC-REDLERS,PR-PRP2-RDL-TS24,REDLER TS-24,PR-PRP2-RDL-TS24,REDLER TS-24,UNIDAD_HOJA_BAJO_SUBSECTOR
PR,PRP2,PREPARACION LINEA 2,UNIDAD,TS28,PR-PRP2-RDL-TS28,BTZ_Description_04,PR-PRP2-LGC-PREPARACION 2,PR-PRP2-LGC-REDLERS,PR-PRP2-RDL-TS28,REDLER TS-28,PR-PRP2-RDL-TS28,REDLER TS-28,UNIDAD_HOJA_BAJO_SUBSECTOR
PR,PRP2,PREPARACION LINEA 2,UNIDAD,TS29,PR-PRP2-RDL-TS29,BTZ_Description_04,PR-PRP2-LGC-PREPARACION 2,PR-PRP2-LGC-REDLERS,PR-PRP2-RDL-TS29,REDLER TS-29,PR-PRP2-RDL-TS29,REDLER TS-29,UNIDAD_HOJA_BAJO_SUBSECTOR
PR,PRP2,PREPARACION LINEA 2,SUBSECTOR,ROSCAS PREPARACION LINEA 2,PR-PRP2-LGC-ROSCAS,BTZ_Description_03,PR-PRP2-LGC-PREPARACION 2,PR-PRP2-LGC-ROSCAS,,,PR-PRP2-LGC-ROSCAS,LOGICO ROSCAS PREPARACION LINEA 2,SUBSECTOR_DESDE_HIJO_LGC_O_NODO_INTERMEDIO
PR,PRP2,PREPARACION LINEA 2,UNIDAD,TS18,PR-PRP2-RSC-TS18,BTZ_Description_04,PR-PRP2-LGC-PREPARACION 2,PR-PRP2-LGC-ROSCAS,PR-PRP2-RSC-TS18,ROSCA TS-18,PR-PRP2-RSC-TS18,ROSCA TS-18,UNIDAD_HOJA_BAJO_SUBSECTOR
PR,PRP2,PREPARACION LINEA 2,UNIDAD,TS21,PR-PRP2-RSC-TS21,BTZ_Description_04,PR-PRP2-LGC-PREPARACION 2,PR-PRP2-LGC-ROSCAS,PR-PRP2-RSC-TS21,ROSCA TS-21,PR-PRP2-RSC-TS21,ROSCA TS-21,UNIDAD_HOJA_BAJO_SUBSECTOR
PR,PRP2,PREPARACION LINEA 2,UNIDAD,TS21B,PR-PRP2-RSC-TS21B,BTZ_Description_04,PR-PRP2-LGC-PREPARACION 2,PR-PRP2-LGC-ROSCAS,PR-PRP2-RSC-TS21B,ROSCA TS-21B,PR-PRP2-RSC-TS21B,ROSCA TS-21B,UNIDAD_HOJA_BAJO_SUBSECTOR
PR,PRP2,PREPARACION LINEA 2,UNIDAD,TS25,PR-PRP2-RSC-TS25,BTZ_Description_04,PR-PRP2-LGC-PREPARACION 2,PR-PRP2-LGC-ROSCAS,PR-PRP2-RSC-TS25,ROSCA TS-25,PR-PRP2-RSC-TS25,ROSCA TS-25,UNIDAD_HOJA_BAJO_SUBSECTOR
PR,PRP2,PREPARACION LINEA 2,UNIDAD,TS27,PR-PRP2-RSC-TS27,BTZ_Description_04,PR-PRP2-LGC-PREPARACION 2,PR-PRP2-LGC-ROSCAS,PR-PRP2-RSC-TS27,ROSCA TS-27,PR-PRP2-RSC-TS27,ROSCA TS-27,UNIDAD_HOJA_BAJO_SUBSECTOR
PR,PRP2,PREPARACION LINEA 2,UNIDAD,TS30,PR-PRP2-RSC-TS30,BTZ_Description_04,PR-PRP2-LGC-PREPARACION 2,PR-PRP2-LGC-ROSCAS,PR-PRP2-RSC-TS30,ROSCA TS-30,PR-PRP2-RSC-TS30,ROSCA TS-30,UNIDAD_HOJA_BAJO_SUBSECTOR
PR,PRP2,PREPARACION LINEA 2,UNIDAD,TS31,PR-PRP2-RSC-TS31,BTZ_Description_04,PR-PRP2-LGC-PREPARACION 2,PR-PRP2-LGC-ROSCAS,PR-PRP2-RSC-TS31,ROSCA TS-31 FORZ.,PR-PRP2-RSC-TS31,ROSCA TS-31 FORZ.,UNIDAD_HOJA_BAJO_SUBSECTOR
PR,PRP2,PREPARACION LINEA 2,UNIDAD,TS32,PR-PRP2-RSC-TS32,BTZ_Description_04,PR-PRP2-LGC-PREPARACION 2,PR-PRP2-LGC-ROSCAS,PR-PRP2-RSC-TS32,ROSCA TS-32,PR-PRP2-RSC-TS32,ROSCA TS-32,UNIDAD_HOJA_BAJO_SUBSECTOR
PR,PRP2,PREPARACION LINEA 2,UNIDAD,TS33,PR-PRP2-RSC-TS33,BTZ_Description_04,PR-PRP2-LGC-PREPARACION 2,PR-PRP2-LGC-ROSCAS,PR-PRP2-RSC-TS33,ROSCA TS-33,PR-PRP2-RSC-TS33,ROSCA TS-33,UNIDAD_HOJA_BAJO_SUBSECTOR
PR,PRP2,PREPARACION LINEA 2,UNIDAD,TS34,PR-PRP2-RSC-TS34,BTZ_Description_04,PR-PRP2-LGC-PREPARACION 2,PR-PRP2-LGC-ROSCAS,PR-PRP2-RSC-TS34,ROSCA TS-34,PR-PRP2-RSC-TS34,ROSCA TS-34,UNIDAD_HOJA_BAJO_SUBSECTOR
PR,PRP2,PREPARACION LINEA 2,UNIDAD,TS35,PR-PRP2-RSC-TS35,BTZ_Description_04,PR-PRP2-LGC-PREPARACION 2,PR-PRP2-LGC-ROSCAS,PR-PRP2-RSC-TS35,ROSCA TS-35,PR-PRP2-RSC-TS35,ROSCA TS-35,UNIDAD_HOJA_BAJO_SUBSECTOR
PR,PRP2,PREPARACION LINEA 2,UNIDAD,TS36,PR-PRP2-RSC-TS36,BTZ_Description_04,PR-PRP2-LGC-PREPARACION 2,PR-PRP2-LGC-ROSCAS,PR-PRP2-RSC-TS36,ROSCA TS-36,PR-PRP2-RSC-TS36,ROSCA TS-36,UNIDAD_HOJA_BAJO_SUBSECTOR
PR,PRP2,PREPARACION LINEA 2,SUBSECTOR,SISTEMA DE ASPIRACION PREPARACION LINEA 2,PR-PRP2-LGC-SAP,BTZ_Description_03,PR-PRP2-LGC-PREPARACION 2,PR-PRP2-LGC-SAP,,,PR-PRP2-LGC-SAP,LOGICO SISTEMA DE ASPIRACION PREPARACION LINEA 2,SUBSECTOR_DESDE_HIJO_LGC_O_NODO_INTERMEDIO
PR,PRP2,PREPARACION LINEA 2,SUBSECTOR,SECADOR ROTATIVO Nº 2,PR-PRP2-LGC-SECADOR ROTATIVO Nº 2,BTZ_Description_03,PR-PRP2-LGC-PREPARACION 2,PR-PRP2-LGC-SECADOR ROTATIVO Nº 2,,,PR-PRP2-SRT-L02,SECADOR ROTATIVO Nº 2,SUBSECTOR_DESDE_HIJO_LGC_O_NODO_INTERMEDIO
PR,PRP2,PREPARACION LINEA 2,UNIDAD,SRL2,PR-PRP2-BMB-SRL2,BTZ_Description_04,PR-PRP2-LGC-PREPARACION 2,PR-PRP2-LGC-SECADOR ROTATIVO Nº 2,PR-PRP2-BMB-SRL2,BOMBA CENTRIFUGA Nº 01 <COND.>,PR-PRP2-BMB-SRL2,BOMBA CENTRIFUGA Nº 01 <COND.>,UNIDAD_HOJA_BAJO_SUBSECTOR
PR,PRP2,PREPARACION LINEA 2,SUBSECTOR,GENERAL,PR-PRP2-LGC-GENERAL,BTZ_Description_03,PR-PRP2-LGC-PREPARACION 2,PR-PRP2-LGC-GENERAL,,,PR-PRP2-LGC-PREPARACION 2,SUBSECTOR SINTETICO PARA HOJAS DIRECTAS DEL SECTOR,SUBSECTOR_SINTETICO_GENERAL
PR,PRP2,PREPARACION LINEA 2,UNIDAD,TS13,PR-PRP2-CNT-TS13,BTZ_Description_04,PR-PRP2-LGC-PREPARACION 2,PR-PRP2-LGC-GENERAL,PR-PRP2-CNT-TS13,CINTA TRANSPORTADORA SACA HIERRO TS-13,PR-PRP2-CNT-TS13,CINTA TRANSPORTADORA SACA HIERRO TS-13,UNIDAD_HOJA_DIRECTA_BAJO_SECTOR
PR,PRP2,PREPARACION LINEA 2,UNIDAD,PREPL2,PR-PRP2-LDV-PREPL2,BTZ_Description_04,PR-PRP2-LGC-PREPARACION 2,PR-PRP2-LGC-GENERAL,PR-PRP2-LDV-PREPL2,LINEA DE VIDA SOBRE NAVE PREPARACION 2,PR-PRP2-LDV-PREPL2,LINEA DE VIDA SOBRE NAVE PREPARACION 2,UNIDAD_HOJA_DIRECTA_BAJO_SECTOR
PR,PRP2,PREPARACION LINEA 2,UNIDAD,BHL1,PR-PRP2-MLA-BHL1,BTZ_Description_04,PR-PRP2-LGC-PREPARACION 2,PR-PRP2-LGC-GENERAL,PR-PRP2-MLA-BHL1,MULTIASPIRADOR BUHLER 1 <A RSC TS-34>,PR-PRP2-MLA-BHL1,MULTIASPIRADOR BUHLER 1 <A RSC TS-34>,UNIDAD_HOJA_DIRECTA_BAJO_SECTOR
PR,PRP3,PREPARACION LINEA 3,SECTOR,PREPARACION LINEA 3,PR-PRP3-LGC-PREPARACION 3,BTZ_Description_02,PR-PRP3-LGC-PREPARACION 3,,,,PR-PRP3-LGC-PREPARACION 3,LOGICO PREPARACION LINEA 3,SECTOR_DESDE_RAIZ_PR
PR,PRP3,PREPARACION LINEA 3,SUBSECTOR,PRENSAS PREPARACION LINEA 3,PR-PRP3-LGC- PRENSAS,BTZ_Description_03,PR-PRP3-LGC-PREPARACION 3,PR-PRP3-LGC- PRENSAS,,,PR-PRP3-LGC- PRENSAS,LOGICO PRENSAS PREPARACION LINEA 3,SUBSECTOR_DESDE_HIJO_LGC_O_NODO_INTERMEDIO
PR,PRP3,PREPARACION LINEA 3,SUBSECTOR,REDLERS PREPARACION LINEA 3,PR-PRP3-LGC- REDLERS,BTZ_Description_03,PR-PRP3-LGC-PREPARACION 3,PR-PRP3-LGC- REDLERS,,,PR-PRP3-LGC- REDLERS,LOGICO REDLERS PREPARACION LINEA 3,SUBSECTOR_DESDE_HIJO_LGC_O_NODO_INTERMEDIO
PR,PRP3,PREPARACION LINEA 3,UNIDAD,T047,PR-PRP3-RDL-T047,BTZ_Description_04,PR-PRP3-LGC-PREPARACION 3,PR-PRP3-LGC- REDLERS,PR-PRP3-RDL-T047,"REDLER T-047 ""Z""",PR-PRP3-RDL-T047,"REDLER T-047 ""Z""",UNIDAD_HOJA_BAJO_SUBSECTOR
PR,PRP3,PREPARACION LINEA 3,UNIDAD,T048,PR-PRP3-RDL-T048,BTZ_Description_04,PR-PRP3-LGC-PREPARACION 3,PR-PRP3-LGC- REDLERS,PR-PRP3-RDL-T048,"REDLER T-048 ""Z""",PR-PRP3-RDL-T048,"REDLER T-048 ""Z""",UNIDAD_HOJA_BAJO_SUBSECTOR
PR,PRP3,PREPARACION LINEA 3,UNIDAD,T049,PR-PRP3-RDL-T049,BTZ_Description_04,PR-PRP3-LGC-PREPARACION 3,PR-PRP3-LGC- REDLERS,PR-PRP3-RDL-T049,REDLER T-049,PR-PRP3-RDL-T049,REDLER T-049,UNIDAD_HOJA_BAJO_SUBSECTOR
PR,PRP3,PREPARACION LINEA 3,UNIDAD,T050,PR-PRP3-RDL-T050,BTZ_Description_04,PR-PRP3-LGC-PREPARACION 3,PR-PRP3-LGC- REDLERS,PR-PRP3-RDL-T050,"REDLER T-050 ""Z""",PR-PRP3-RDL-T050,"REDLER T-050 ""Z""",UNIDAD_HOJA_BAJO_SUBSECTOR
PR,PRP3,PREPARACION LINEA 3,UNIDAD,T052,PR-PRP3-RDL-T052,BTZ_Description_04,PR-PRP3-LGC-PREPARACION 3,PR-PRP3-LGC- REDLERS,PR-PRP3-RDL-T052,REDLER T-052 L-2,PR-PRP3-RDL-T052,REDLER T-052 L-2,UNIDAD_HOJA_BAJO_SUBSECTOR
PR,PRP3,PREPARACION LINEA 3,UNIDAD,T053,PR-PRP3-RDL-T053,BTZ_Description_04,PR-PRP3-LGC-PREPARACION 3,PR-PRP3-LGC- REDLERS,PR-PRP3-RDL-T053,REDLER T-053,PR-PRP3-RDL-T053,REDLER T-053,UNIDAD_HOJA_BAJO_SUBSECTOR
PR,PRP3,PREPARACION LINEA 3,UNIDAD,T054,PR-PRP3-RDL-T054,BTZ_Description_04,PR-PRP3-LGC-PREPARACION 3,PR-PRP3-LGC- REDLERS,PR-PRP3-RDL-T054,REDLER T-054 D,PR-PRP3-RDL-T054,REDLER T-054 D,UNIDAD_HOJA_BAJO_SUBSECTOR
PR,PRP3,PREPARACION LINEA 3,UNIDAD,T056,PR-PRP3-RDL-T056,BTZ_Description_04,PR-PRP3-LGC-PREPARACION 3,PR-PRP3-LGC- REDLERS,PR-PRP3-RDL-T056,REDLER T-056,PR-PRP3-RDL-T056,REDLER T-056,UNIDAD_HOJA_BAJO_SUBSECTOR
PR,PRP3,PREPARACION LINEA 3,UNIDAD,T057,PR-PRP3-RDL-T057,BTZ_Description_04,PR-PRP3-LGC-PREPARACION 3,PR-PRP3-LGC- REDLERS,PR-PRP3-RDL-T057,REDLER T-057,PR-PRP3-RDL-T057,REDLER T-057,UNIDAD_HOJA_BAJO_SUBSECTOR
PR,PRP3,PREPARACION LINEA 3,UNIDAD,T061,PR-PRP3-RDL-T061,BTZ_Description_04,PR-PRP3-LGC-PREPARACION 3,PR-PRP3-LGC- REDLERS,PR-PRP3-RDL-T061,REDLER T-061 (DOBLE),PR-PRP3-RDL-T061,REDLER T-061 (DOBLE),UNIDAD_HOJA_BAJO_SUBSECTOR
PR,PRP3,PREPARACION LINEA 3,SUBSECTOR,COCINADORES PREPARACION LINEA 3,PR-PRP3-LGC-COCINADORES,BTZ_Description_03,PR-PRP3-LGC-PREPARACION 3,PR-PRP3-LGC-COCINADORES,,,PR-PRP3-LGC-COCINADORES,LOGICO COCINADORES PREPARACION LINEA 3,SUBSECTOR_DESDE_HIJO_LGC_O_NODO_INTERMEDIO
PR,PRP3,PREPARACION LINEA 3,SUBSECTOR,FILTROS PLACA PREPARACION LINEA 3,PR-PRP3-LGC-FILTROS PLACA,BTZ_Description_03,PR-PRP3-LGC-PREPARACION 3,PR-PRP3-LGC-FILTROS PLACA,,,PR-PRP3-LGC-FILTROS PLACA,LOGICO FILTROS PLACA PREPARACION LINEA 3,SUBSECTOR_DESDE_HIJO_LGC_O_NODO_INTERMEDIO
PR,PRP3,PREPARACION LINEA 3,UNIDAD,AC1,PR-PRP3-FLT-AC1,BTZ_Description_04,PR-PRP3-LGC-PREPARACION 3,PR-PRP3-LGC-FILTROS PLACA,PR-PRP3-FLT-AC1,FILTRO DE ACEITE A PLACA Nº 1 (S/O),PR-PRP3-FLT-AC1,FILTRO DE ACEITE A PLACA Nº 1 (S/O),UNIDAD_HOJA_BAJO_SUBSECTOR
PR,PRP3,PREPARACION LINEA 3,UNIDAD,AC2,PR-PRP3-FLT-AC2,BTZ_Description_04,PR-PRP3-LGC-PREPARACION 3,PR-PRP3-LGC-FILTROS PLACA,PR-PRP3-FLT-AC2,FILTRO DE ACEITE A PLACA Nº 2 (S/E),PR-PRP3-FLT-AC2,FILTRO DE ACEITE A PLACA Nº 2 (S/E),UNIDAD_HOJA_BAJO_SUBSECTOR
PR,PRP3,PREPARACION LINEA 3,UNIDAD,AC3,PR-PRP3-FLT-AC3,BTZ_Description_04,PR-PRP3-LGC-PREPARACION 3,PR-PRP3-LGC-FILTROS PLACA,PR-PRP3-FLT-AC3,FILTRO DE ACEITE A PLACA Nº 3 <N>,PR-PRP3-FLT-AC3,FILTRO DE ACEITE A PLACA Nº 3 <N>,UNIDAD_HOJA_BAJO_SUBSECTOR
PR,PRP3,PREPARACION LINEA 3,SUBSECTOR,LAMINADORES PREPARACION LINEA 3,PR-PRP3-LGC-LAMINADORES,BTZ_Description_03,PR-PRP3-LGC-PREPARACION 3,PR-PRP3-LGC-LAMINADORES,,,PR-PRP3-LGC-LAMINADORES,LOGICO LAMINADORES PREPARACION LINEA 3,SUBSECTOR_DESDE_HIJO_LGC_O_NODO_INTERMEDIO
PR,PRP3,PREPARACION LINEA 3,SUBSECTOR,REQUECHEROS PREPARACION LINEA 3,PR-PRP3-LGC-REQUECHEROS,BTZ_Description_03,PR-PRP3-LGC-PREPARACION 3,PR-PRP3-LGC-REQUECHEROS,,,PR-PRP3-LGC-REQUECHEROS,LOGICO REQUECHEROS PREPARACION LINEA 3,SUBSECTOR_DESDE_HIJO_LGC_O_NODO_INTERMEDIO
PR,PRP3,PREPARACION LINEA 3,SUBSECTOR,ROSCAS PREPARACION LINEA 3,PR-PRP3-LGC-ROSCAS,BTZ_Description_03,PR-PRP3-LGC-PREPARACION 3,PR-PRP3-LGC-ROSCAS,,,PR-PRP3-LGC-ROSCAS,LOGICO ROSCAS PREPARACION LINEA 3,SUBSECTOR_DESDE_HIJO_LGC_O_NODO_INTERMEDIO
PR,PRP3,PREPARACION LINEA 3,UNIDAD,T047B,PR-PRP3-RSC-T047B,BTZ_Description_04,PR-PRP3-LGC-PREPARACION 3,PR-PRP3-LGC-ROSCAS,PR-PRP3-RSC-T047B,ROSCA T-047 B,PR-PRP3-RSC-T047B,ROSCA T-047 B,UNIDAD_HOJA_BAJO_SUBSECTOR
PR,PRP3,PREPARACION LINEA 3,UNIDAD,T047C,PR-PRP3-RSC-T047C,BTZ_Description_04,PR-PRP3-LGC-PREPARACION 3,PR-PRP3-LGC-ROSCAS,PR-PRP3-RSC-T047C,ROSCA T-047 C,PR-PRP3-RSC-T047C,ROSCA T-047 C,UNIDAD_HOJA_BAJO_SUBSECTOR
PR,PRP3,PREPARACION LINEA 3,UNIDAD,T051,PR-PRP3-RSC-T051,BTZ_Description_04,PR-PRP3-LGC-PREPARACION 3,PR-PRP3-LGC-ROSCAS,PR-PRP3-RSC-T051,ROSCA T-051,PR-PRP3-RSC-T051,ROSCA T-051,UNIDAD_HOJA_BAJO_SUBSECTOR
PR,PRP3,PREPARACION LINEA 3,UNIDAD,T055,PR-PRP3-RSC-T055,BTZ_Description_04,PR-PRP3-LGC-PREPARACION 3,PR-PRP3-LGC-ROSCAS,PR-PRP3-RSC-T055,ROSCA T-055,PR-PRP3-RSC-T055,ROSCA T-055,UNIDAD_HOJA_BAJO_SUBSECTOR
PR,PRP3,PREPARACION LINEA 3,UNIDAD,T058,PR-PRP3-RSC-T058,BTZ_Description_04,PR-PRP3-LGC-PREPARACION 3,PR-PRP3-LGC-ROSCAS,PR-PRP3-RSC-T058,ROSCA T-058,PR-PRP3-RSC-T058,ROSCA T-058,UNIDAD_HOJA_BAJO_SUBSECTOR
PR,PRP3,PREPARACION LINEA 3,UNIDAD,T059,PR-PRP3-RSC-T059,BTZ_Description_04,PR-PRP3-LGC-PREPARACION 3,PR-PRP3-LGC-ROSCAS,PR-PRP3-RSC-T059,ROSCA T-059,PR-PRP3-RSC-T059,ROSCA T-059,UNIDAD_HOJA_BAJO_SUBSECTOR
PR,PRP3,PREPARACION LINEA 3,UNIDAD,T060,PR-PRP3-RSC-T060,BTZ_Description_04,PR-PRP3-LGC-PREPARACION 3,PR-PRP3-LGC-ROSCAS,PR-PRP3-RSC-T060,ROSCA T-060,PR-PRP3-RSC-T060,ROSCA T-060,UNIDAD_HOJA_BAJO_SUBSECTOR
PR,PRP3,PREPARACION LINEA 3,UNIDAD,T062,PR-PRP3-RSC-T062,BTZ_Description_04,PR-PRP3-LGC-PREPARACION 3,PR-PRP3-LGC-ROSCAS,PR-PRP3-RSC-T062,ROSCA T-062,PR-PRP3-RSC-T062,ROSCA T-062,UNIDAD_HOJA_BAJO_SUBSECTOR
PR,PRP3,PREPARACION LINEA 3,UNIDAD,T062A,PR-PRP3-RSC-T062A,BTZ_Description_04,PR-PRP3-LGC-PREPARACION 3,PR-PRP3-LGC-ROSCAS,PR-PRP3-RSC-T062A,ROSCA T-062 A,PR-PRP3-RSC-T062A,ROSCA T-062 A,UNIDAD_HOJA_BAJO_SUBSECTOR
PR,PRP3,PREPARACION LINEA 3,UNIDAD,T062B,PR-PRP3-RSC-T062B,BTZ_Description_04,PR-PRP3-LGC-PREPARACION 3,PR-PRP3-LGC-ROSCAS,PR-PRP3-RSC-T062B,ROSCA T-062 B,PR-PRP3-RSC-T062B,ROSCA T-062 B,UNIDAD_HOJA_BAJO_SUBSECTOR
PR,PRP3,PREPARACION LINEA 3,UNIDAD,T063,PR-PRP3-RSC-T063,BTZ_Description_04,PR-PRP3-LGC-PREPARACION 3,PR-PRP3-LGC-ROSCAS,PR-PRP3-RSC-T063,ROSCA T-063,PR-PRP3-RSC-T063,ROSCA T-063,UNIDAD_HOJA_BAJO_SUBSECTOR
PR,PRP3,PREPARACION LINEA 3,UNIDAD,T064,PR-PRP3-RSC-T064,BTZ_Description_04,PR-PRP3-LGC-PREPARACION 3,PR-PRP3-LGC-ROSCAS,PR-PRP3-RSC-T064,ROSCA T-064,PR-PRP3-RSC-T064,ROSCA T-064,UNIDAD_HOJA_BAJO_SUBSECTOR
PR,PRP3,PREPARACION LINEA 3,SUBSECTOR,TANQUES PREPARACION LINEA 3,PR-PRP3-LGC-TANQUES,BTZ_Description_03,PR-PRP3-LGC-PREPARACION 3,PR-PRP3-LGC-TANQUES,,,PR-PRP3-LGC-TANQUES,LOGICO TANQUES PREPARACION LINEA 3,SUBSECTOR_DESDE_HIJO_LGC_O_NODO_INTERMEDIO
PR,PRP3,PREPARACION LINEA 3,UNIDAD,MES,PR-PRP3-TNQ-MES,BTZ_Description_04,PR-PRP3-LGC-PREPARACION 3,PR-PRP3-LGC-TANQUES,PR-PRP3-TNQ-MES,TANQUE MATA ESPUMA,PR-PRP3-TNQ-MES,TANQUE MATA ESPUMA,UNIDAD_HOJA_BAJO_SUBSECTOR
PR,PRP3,PREPARACION LINEA 3,SUBSECTOR,GENERAL,PR-PRP3-LGC-GENERAL,BTZ_Description_03,PR-PRP3-LGC-PREPARACION 3,PR-PRP3-LGC-GENERAL,,,PR-PRP3-LGC-PREPARACION 3,SUBSECTOR SINTETICO PARA HOJAS DIRECTAS DEL SECTOR,SUBSECTOR_SINTETICO_GENERAL
PR,PRP3,PREPARACION LINEA 3,UNIDAD,PREPL3,PR-PRP3-LDV-PREPL3,BTZ_Description_04,PR-PRP3-LGC-PREPARACION 3,PR-PRP3-LGC-GENERAL,PR-PRP3-LDV-PREPL3,LINEA DE VIDA SOBRE NAVE PREPARACION 3,PR-PRP3-LDV-PREPL3,LINEA DE VIDA SOBRE NAVE PREPARACION 3,UNIDAD_HOJA_DIRECTA_BAJO_SECTOR
PR,PRP3,PREPARACION LINEA 3,UNIDAD,N07,PR-PRP3-SDC-N07,BTZ_Description_04,PR-PRP3-LGC-PREPARACION 3,PR-PRP3-LGC-GENERAL,PR-PRP3-SDC-N07,SUPER D´CANTER Nº 7,PR-PRP3-SDC-N07,SUPER D´CANTER Nº 7,UNIDAD_HOJA_DIRECTA_BAJO_SECTOR
PR,PRP3,PREPARACION LINEA 3,UNIDAD,EFLTE,PR-PRP3-VNT-EFLTE,BTZ_Description_04,PR-PRP3-LGC-PREPARACION 3,PR-PRP3-LGC-GENERAL,PR-PRP3-VNT-EFLTE,VENTILADOR EXTRACTOR 1 <L/ESTE>,PR-PRP3-VNT-EFLTE,VENTILADOR EXTRACTOR 1 <L/ESTE>,UNIDAD_HOJA_DIRECTA_BAJO_SECTOR
PR,PRP3,PREPARACION LINEA 3,UNIDAD,EFLTO,PR-PRP3-VNT-EFLTO,BTZ_Description_04,PR-PRP3-LGC-PREPARACION 3,PR-PRP3-LGC-GENERAL,PR-PRP3-VNT-EFLTO,VENTILADOR EXTRACTOR 2 <L/OESTE>,PR-PRP3-VNT-EFLTO,VENTILADOR EXTRACTOR 2 <L/OESTE>,UNIDAD_HOJA_DIRECTA_BAJO_SECTOR
PR,DSA,DESCASCARADO ALGODÓN,SECTOR,DESCASCARADO ALGODÓN,PR-DSA-LGC-DESCASCARADO ALGOD,BTZ_Description_02,PR-DSA-LGC-DESCASCARADO ALGOD,,,,PR-DSA-LGC-DESCASCARADO ALGOD,LOGICO DESCASCARADO ALGODÓN,SECTOR_DESDE_RAIZ_PR
PR,DSA,DESCASCARADO ALGODÓN,SUBSECTOR,BATIDORAS ALGODÓN,PR-DSA-LGC-BATIDORAS,BTZ_Description_03,PR-DSA-LGC-DESCASCARADO ALGOD,PR-DSA-LGC-BATIDORAS,,,PR-DSA-LGC-BATIDORAS,LOGICO BATIDORAS ALGODÓN,SUBSECTOR_DESDE_HIJO_LGC_O_NODO_INTERMEDIO
PR,DSA,DESCASCARADO ALGODÓN,UNIDAD,DSA01,PR-DSA-BTD-DSA01,BTZ_Description_04,PR-DSA-LGC-DESCASCARADO ALGOD,PR-DSA-LGC-BATIDORAS,PR-DSA-BTD-DSA01,BATIDORA Nº 1,PR-DSA-BTD-DSA01,BATIDORA Nº 1,UNIDAD_HOJA_BAJO_SUBSECTOR
PR,DSA,DESCASCARADO ALGODÓN,UNIDAD,DSA02,PR-DSA-BTD-DSA02,BTZ_Description_04,PR-DSA-LGC-DESCASCARADO ALGOD,PR-DSA-LGC-BATIDORAS,PR-DSA-BTD-DSA02,BATIDORA Nº 2,PR-DSA-BTD-DSA02,BATIDORA Nº 2,UNIDAD_HOJA_BAJO_SUBSECTOR
PR,DSA,DESCASCARADO ALGODÓN,UNIDAD,DSA03,PR-DSA-BTD-DSA03,BTZ_Description_04,PR-DSA-LGC-DESCASCARADO ALGOD,PR-DSA-LGC-BATIDORAS,PR-DSA-BTD-DSA03,BATIDORA Nº 3,PR-DSA-BTD-DSA03,BATIDORA Nº 3,UNIDAD_HOJA_BAJO_SUBSECTOR
PR,DSA,DESCASCARADO ALGODÓN,UNIDAD,DSA04,PR-DSA-BTD-DSA04,BTZ_Description_04,PR-DSA-LGC-DESCASCARADO ALGOD,PR-DSA-LGC-BATIDORAS,PR-DSA-BTD-DSA04,BATIDORA Nº 4,PR-DSA-BTD-DSA04,BATIDORA Nº 4,UNIDAD_HOJA_BAJO_SUBSECTOR
PR,DSA,DESCASCARADO ALGODÓN,UNIDAD,DSA05,PR-DSA-BTD-DSA05,BTZ_Description_04,PR-DSA-LGC-DESCASCARADO ALGOD,PR-DSA-LGC-BATIDORAS,PR-DSA-BTD-DSA05,BATIDORA Nº 5,PR-DSA-BTD-DSA05,BATIDORA Nº 5,UNIDAD_HOJA_BAJO_SUBSECTOR
PR,DSA,DESCASCARADO ALGODÓN,UNIDAD,DSA06,PR-DSA-BTD-DSA06,BTZ_Description_04,PR-DSA-LGC-DESCASCARADO ALGOD,PR-DSA-LGC-BATIDORAS,PR-DSA-BTD-DSA06,BATIDORA Nº 6,PR-DSA-BTD-DSA06,BATIDORA Nº 6,UNIDAD_HOJA_BAJO_SUBSECTOR
PR,DSA,DESCASCARADO ALGODÓN,UNIDAD,DSA07,PR-DSA-BTD-DSA07,BTZ_Description_04,PR-DSA-LGC-DESCASCARADO ALGOD,PR-DSA-LGC-BATIDORAS,PR-DSA-BTD-DSA07,BATIDORA Nº 7,PR-DSA-BTD-DSA07,BATIDORA Nº 7,UNIDAD_HOJA_BAJO_SUBSECTOR
PR,DSA,DESCASCARADO ALGODÓN,UNIDAD,DSA08,PR-DSA-BTD-DSA08,BTZ_Description_04,PR-DSA-LGC-DESCASCARADO ALGOD,PR-DSA-LGC-BATIDORAS,PR-DSA-BTD-DSA08,BATIDORA Nº 8,PR-DSA-BTD-DSA08,BATIDORA Nº 8,UNIDAD_HOJA_BAJO_SUBSECTOR
PR,DSA,DESCASCARADO ALGODÓN,UNIDAD,DSA09,PR-DSA-BTD-DSA09,BTZ_Description_04,PR-DSA-LGC-DESCASCARADO ALGOD,PR-DSA-LGC-BATIDORAS,PR-DSA-BTD-DSA09,BATIDORA Nº 9,PR-DSA-BTD-DSA09,BATIDORA Nº 9,UNIDAD_HOJA_BAJO_SUBSECTOR
PR,DSA,DESCASCARADO ALGODÓN,UNIDAD,DSA10,PR-DSA-BTD-DSA10,BTZ_Description_04,PR-DSA-LGC-DESCASCARADO ALGOD,PR-DSA-LGC-BATIDORAS,PR-DSA-BTD-DSA10,BATIDORA Nº 10,PR-DSA-BTD-DSA10,BATIDORA Nº 10,UNIDAD_HOJA_BAJO_SUBSECTOR
PR,DSA,DESCASCARADO ALGODÓN,UNIDAD,DSA11,PR-DSA-BTD-DSA11,BTZ_Description_04,PR-DSA-LGC-DESCASCARADO ALGOD,PR-DSA-LGC-BATIDORAS,PR-DSA-BTD-DSA11,BATIDORA Nº 11,PR-DSA-BTD-DSA11,BATIDORA Nº 11,UNIDAD_HOJA_BAJO_SUBSECTOR
PR,DSA,DESCASCARADO ALGODÓN,UNIDAD,DSA12,PR-DSA-BTD-DSA12,BTZ_Description_04,PR-DSA-LGC-DESCASCARADO ALGOD,PR-DSA-LGC-BATIDORAS,PR-DSA-BTD-DSA12,BATIDORA Nº 12,PR-DSA-BTD-DSA12,BATIDORA Nº 12,UNIDAD_HOJA_BAJO_SUBSECTOR
PR,DSA,DESCASCARADO ALGODÓN,UNIDAD,DSA13,PR-DSA-BTD-DSA13,BTZ_Description_04,PR-DSA-LGC-DESCASCARADO ALGOD,PR-DSA-LGC-BATIDORAS,PR-DSA-BTD-DSA13,BATIDORA Nº 13,PR-DSA-BTD-DSA13,BATIDORA Nº 13,UNIDAD_HOJA_BAJO_SUBSECTOR
PR,DSA,DESCASCARADO ALGODÓN,UNIDAD,DSA14,PR-DSA-BTD-DSA14,BTZ_Description_04,PR-DSA-LGC-DESCASCARADO ALGOD,PR-DSA-LGC-BATIDORAS,PR-DSA-BTD-DSA14,BATIDORA Nº 14,PR-DSA-BTD-DSA14,BATIDORA Nº 14,UNIDAD_HOJA_BAJO_SUBSECTOR
PR,DSA,DESCASCARADO ALGODÓN,UNIDAD,DSA15,PR-DSA-BTD-DSA15,BTZ_Description_04,PR-DSA-LGC-DESCASCARADO ALGOD,PR-DSA-LGC-BATIDORAS,PR-DSA-BTD-DSA15,BATIDORA Nº 15,PR-DSA-BTD-DSA15,BATIDORA Nº 15,UNIDAD_HOJA_BAJO_SUBSECTOR
PR,DSA,DESCASCARADO ALGODÓN,UNIDAD,DSA16,PR-DSA-BTD-DSA16,BTZ_Description_04,PR-DSA-LGC-DESCASCARADO ALGOD,PR-DSA-LGC-BATIDORAS,PR-DSA-BTD-DSA16,BATIDORA Nº 16,PR-DSA-BTD-DSA16,BATIDORA Nº 16,UNIDAD_HOJA_BAJO_SUBSECTOR
PR,DSA,DESCASCARADO ALGODÓN,UNIDAD,DSA17,PR-DSA-BTD-DSA17,BTZ_Description_04,PR-DSA-LGC-DESCASCARADO ALGOD,PR-DSA-LGC-BATIDORAS,PR-DSA-BTD-DSA17,BATIDORA Nº 17,PR-DSA-BTD-DSA17,BATIDORA Nº 17,UNIDAD_HOJA_BAJO_SUBSECTOR
PR,DSA,DESCASCARADO ALGODÓN,UNIDAD,DSA18,PR-DSA-BTD-DSA18,BTZ_Description_04,PR-DSA-LGC-DESCASCARADO ALGOD,PR-DSA-LGC-BATIDORAS,PR-DSA-BTD-DSA18,BATIDORA Nº 18,PR-DSA-BTD-DSA18,BATIDORA Nº 18,UNIDAD_HOJA_BAJO_SUBSECTOR
PR,DSA,DESCASCARADO ALGODÓN,UNIDAD,DSA19,PR-DSA-BTD-DSA19,BTZ_Description_04,PR-DSA-LGC-DESCASCARADO ALGOD,PR-DSA-LGC-BATIDORAS,PR-DSA-BTD-DSA19,BATIDORA Nº 19,PR-DSA-BTD-DSA19,BATIDORA Nº 19,UNIDAD_HOJA_BAJO_SUBSECTOR
PR,DSA,DESCASCARADO ALGODÓN,UNIDAD,DSA20,PR-DSA-BTD-DSA20,BTZ_Description_04,PR-DSA-LGC-DESCASCARADO ALGOD,PR-DSA-LGC-BATIDORAS,PR-DSA-BTD-DSA20,BATIDORA Nº 20,PR-DSA-BTD-DSA20,BATIDORA Nº 20,UNIDAD_HOJA_BAJO_SUBSECTOR
PR,DSA,DESCASCARADO ALGODÓN,UNIDAD,DSA21,PR-DSA-BTD-DSA21,BTZ_Description_04,PR-DSA-LGC-DESCASCARADO ALGOD,PR-DSA-LGC-BATIDORAS,PR-DSA-BTD-DSA21,BATIDORA Nº 21 (SUR),PR-DSA-BTD-DSA21,BATIDORA Nº 21 (SUR),UNIDAD_HOJA_BAJO_SUBSECTOR
PR,DSA,DESCASCARADO ALGODÓN,UNIDAD,DSA22,PR-DSA-BTD-DSA22,BTZ_Description_04,PR-DSA-LGC-DESCASCARADO ALGOD,PR-DSA-LGC-BATIDORAS,PR-DSA-BTD-DSA22,BATIDORA Nº 22,PR-DSA-BTD-DSA22,BATIDORA Nº 22,UNIDAD_HOJA_BAJO_SUBSECTOR
PR,DSA,DESCASCARADO ALGODÓN,UNIDAD,DSA23,PR-DSA-BTD-DSA23,BTZ_Description_04,PR-DSA-LGC-DESCASCARADO ALGOD,PR-DSA-LGC-BATIDORAS,PR-DSA-BTD-DSA23,BATIDORA Nº 23,PR-DSA-BTD-DSA23,BATIDORA Nº 23,UNIDAD_HOJA_BAJO_SUBSECTOR
PR,DSA,DESCASCARADO ALGODÓN,UNIDAD,DSA24,PR-DSA-BTD-DSA24,BTZ_Description_04,PR-DSA-LGC-DESCASCARADO ALGOD,PR-DSA-LGC-BATIDORAS,PR-DSA-BTD-DSA24,BATIDORA Nº 24,PR-DSA-BTD-DSA24,BATIDORA Nº 24,UNIDAD_HOJA_BAJO_SUBSECTOR
PR,DSA,DESCASCARADO ALGODÓN,UNIDAD,DSA25,PR-DSA-BTD-DSA25,BTZ_Description_04,PR-DSA-LGC-DESCASCARADO ALGOD,PR-DSA-LGC-BATIDORAS,PR-DSA-BTD-DSA25,BATIDORA Nº 25,PR-DSA-BTD-DSA25,BATIDORA Nº 25,UNIDAD_HOJA_BAJO_SUBSECTOR
PR,DSA,DESCASCARADO ALGODÓN,UNIDAD,DSA26,PR-DSA-BTD-DSA26,BTZ_Description_04,PR-DSA-LGC-DESCASCARADO ALGOD,PR-DSA-LGC-BATIDORAS,PR-DSA-BTD-DSA26,BATIDORA Nº 26,PR-DSA-BTD-DSA26,BATIDORA Nº 26,UNIDAD_HOJA_BAJO_SUBSECTOR
PR,DSA,DESCASCARADO ALGODÓN,UNIDAD,DSA27,PR-DSA-BTD-DSA27,BTZ_Description_04,PR-DSA-LGC-DESCASCARADO ALGOD,PR-DSA-LGC-BATIDORAS,PR-DSA-BTD-DSA27,BATIDORA Nº 27,PR-DSA-BTD-DSA27,BATIDORA Nº 27,UNIDAD_HOJA_BAJO_SUBSECTOR
PR,DSA,DESCASCARADO ALGODÓN,UNIDAD,DSA28,PR-DSA-BTD-DSA28,BTZ_Description_04,PR-DSA-LGC-DESCASCARADO ALGOD,PR-DSA-LGC-BATIDORAS,PR-DSA-BTD-DSA28,BATIDORA Nº 28 (NORTE),PR-DSA-BTD-DSA28,BATIDORA Nº 28 (NORTE),UNIDAD_HOJA_BAJO_SUBSECTOR
PR,DSA,DESCASCARADO ALGODÓN,SUBSECTOR,BOMBAS SOPLANTES ALGODÓN,PR-DSA-LGC-BOMBAS SOPLANTES,BTZ_Description_03,PR-DSA-LGC-DESCASCARADO ALGOD,PR-DSA-LGC-BOMBAS SOPLANTES,,,PR-DSA-LGC-BOMBAS SOPLANTES,LOGICO BOMBAS SOPLANTES ALGODÓN,SUBSECTOR_DESDE_HIJO_LGC_O_NODO_INTERMEDIO
PR,DSA,DESCASCARADO ALGODÓN,UNIDAD,SD01,PR-DSA-BMB-SD01,BTZ_Description_04,PR-DSA-LGC-DESCASCARADO ALGOD,PR-DSA-LGC-BOMBAS SOPLANTES,PR-DSA-BMB-SD01,BOMBA SOPLANTE Nº 1,PR-DSA-BMB-SD01,BOMBA SOPLANTE Nº 1,UNIDAD_HOJA_BAJO_SUBSECTOR
PR,DSA,DESCASCARADO ALGODÓN,UNIDAD,SD02,PR-DSA-BMB-SD02,BTZ_Description_04,PR-DSA-LGC-DESCASCARADO ALGOD,PR-DSA-LGC-BOMBAS SOPLANTES,PR-DSA-BMB-SD02,BOMBA SOPLANTE Nº 2,PR-DSA-BMB-SD02,BOMBA SOPLANTE Nº 2,UNIDAD_HOJA_BAJO_SUBSECTOR
PR,DSA,DESCASCARADO ALGODÓN,SUBSECTOR,CINTAS TRANSPORTADORAS,PR-DSA-LGC-CINTAS TRANSPORTAD,BTZ_Description_03,PR-DSA-LGC-DESCASCARADO ALGOD,PR-DSA-LGC-CINTAS TRANSPORTAD,,,PR-DSA-LGC-CINTAS TRANSPORTAD,LOGICO CINTAS TRANSPORTADORAS,SUBSECTOR_DESDE_HIJO_LGC_O_NODO_INTERMEDIO
PR,DSA,DESCASCARADO ALGODÓN,UNIDAD,T027,PR-DSA-CNT-T027,BTZ_Description_04,PR-DSA-LGC-DESCASCARADO ALGOD,PR-DSA-LGC-CINTAS TRANSPORTAD,PR-DSA-CNT-T027,CINTA TRANSP. T-027,PR-DSA-CNT-T027,CINTA TRANSP. T-027,UNIDAD_HOJA_BAJO_SUBSECTOR
PR,DSA,DESCASCARADO ALGODÓN,UNIDAD,T039,PR-DSA-CNT-T039,BTZ_Description_04,PR-DSA-LGC-DESCASCARADO ALGOD,PR-DSA-LGC-CINTAS TRANSPORTAD,PR-DSA-CNT-T039,CINTA TRANSP. T-039 <1ER. TRAMO>,PR-DSA-CNT-T039,CINTA TRANSP. T-039 <1ER. TRAMO>,UNIDAD_HOJA_BAJO_SUBSECTOR
PR,DSA,DESCASCARADO ALGODÓN,UNIDAD,T045,PR-DSA-CNT-T045,BTZ_Description_04,PR-DSA-LGC-DESCASCARADO ALGOD,PR-DSA-LGC-CINTAS TRANSPORTAD,PR-DSA-CNT-T045,CINTA TRANSP. T-045,PR-DSA-CNT-T045,CINTA TRANSP. T-045,UNIDAD_HOJA_BAJO_SUBSECTOR
PR,DSA,DESCASCARADO ALGODÓN,SUBSECTOR,DESCASCARADORAS ALGODÓN,PR-DSA-LGC-DESCASCARADORAS ALG,BTZ_Description_03,PR-DSA-LGC-DESCASCARADO ALGOD,PR-DSA-LGC-DESCASCARADORAS ALG,,,PR-DSA-LGC-DESCASCARADORAS ALG,LOGICO DESCASCARADORAS ALGODÓN,SUBSECTOR_DESDE_HIJO_LGC_O_NODO_INTERMEDIO
PR,DSA,DESCASCARADO ALGODÓN,SUBSECTOR,REDLERS ALGODÓN,PR-DSA-LGC-REDLERS,BTZ_Description_03,PR-DSA-LGC-DESCASCARADO ALGOD,PR-DSA-LGC-REDLERS,,,PR-DSA-LGC-REDLERS,LOGICO REDLERS ALGODÓN,SUBSECTOR_DESDE_HIJO_LGC_O_NODO_INTERMEDIO
PR,DSA,DESCASCARADO ALGODÓN,UNIDAD,T030,PR-DSA-RDL-T030,BTZ_Description_04,PR-DSA-LGC-DESCASCARADO ALGOD,PR-DSA-LGC-REDLERS,PR-DSA-RDL-T030,REDLER T-030,PR-DSA-RDL-T030,REDLER T-030,UNIDAD_HOJA_BAJO_SUBSECTOR
PR,DSA,DESCASCARADO ALGODÓN,UNIDAD,T035,PR-DSA-RDL-T035,BTZ_Description_04,PR-DSA-LGC-DESCASCARADO ALGOD,PR-DSA-LGC-REDLERS,PR-DSA-RDL-T035,REDLER T-035,PR-DSA-RDL-T035,REDLER T-035,UNIDAD_HOJA_BAJO_SUBSECTOR
PR,DSA,DESCASCARADO ALGODÓN,UNIDAD,T040,PR-DSA-RDL-T040,BTZ_Description_04,PR-DSA-LGC-DESCASCARADO ALGOD,PR-DSA-LGC-REDLERS,PR-DSA-RDL-T040,REDLER T-040,PR-DSA-RDL-T040,REDLER T-040,UNIDAD_HOJA_BAJO_SUBSECTOR
PR,DSA,DESCASCARADO ALGODÓN,UNIDAD,T041,PR-DSA-RDL-T041,BTZ_Description_04,PR-DSA-LGC-DESCASCARADO ALGOD,PR-DSA-LGC-REDLERS,PR-DSA-RDL-T041,"REDLER T-041 ""Z""",PR-DSA-RDL-T041,"REDLER T-041 ""Z""",UNIDAD_HOJA_BAJO_SUBSECTOR
PR,DSA,DESCASCARADO ALGODÓN,UNIDAD,T046,PR-DSA-RDL-T046,BTZ_Description_04,PR-DSA-LGC-DESCASCARADO ALGOD,PR-DSA-LGC-REDLERS,PR-DSA-RDL-T046,REDLER T-046,PR-DSA-RDL-T046,REDLER T-046,UNIDAD_HOJA_BAJO_SUBSECTOR
PR,DSA,DESCASCARADO ALGODÓN,SUBSECTOR,ROSCAS ALGODÓN,PR-DSA-LGC-ROSCAS,BTZ_Description_03,PR-DSA-LGC-DESCASCARADO ALGOD,PR-DSA-LGC-ROSCAS,,,PR-DSA-LGC-ROSCAS,LOGICO ROSCAS ALGODÓN,SUBSECTOR_DESDE_HIJO_LGC_O_NODO_INTERMEDIO
PR,DSA,DESCASCARADO ALGODÓN,UNIDAD,T028,PR-DSA-RSC-T028,BTZ_Description_04,PR-DSA-LGC-DESCASCARADO ALGOD,PR-DSA-LGC-ROSCAS,PR-DSA-RSC-T028,ROSCA T-028,PR-DSA-RSC-T028,ROSCA T-028,UNIDAD_HOJA_BAJO_SUBSECTOR
PR,DSA,DESCASCARADO ALGODÓN,UNIDAD,T029/1,PR-DSA-RSC-T029/1,BTZ_Description_04,PR-DSA-LGC-DESCASCARADO ALGOD,PR-DSA-LGC-ROSCAS,PR-DSA-RSC-T029/1,ROSCA T-029/1,PR-DSA-RSC-T029/1,ROSCA T-029/1,UNIDAD_HOJA_BAJO_SUBSECTOR
PR,DSA,DESCASCARADO ALGODÓN,UNIDAD,T029/2,PR-DSA-RSC-T029/2,BTZ_Description_04,PR-DSA-LGC-DESCASCARADO ALGOD,PR-DSA-LGC-ROSCAS,PR-DSA-RSC-T029/2,ROSCA T-029/2,PR-DSA-RSC-T029/2,ROSCA T-029/2,UNIDAD_HOJA_BAJO_SUBSECTOR
PR,DSA,DESCASCARADO ALGODÓN,UNIDAD,T031,PR-DSA-RSC-T031,BTZ_Description_04,PR-DSA-LGC-DESCASCARADO ALGOD,PR-DSA-LGC-ROSCAS,PR-DSA-RSC-T031,ROSCA T-031,PR-DSA-RSC-T031,ROSCA T-031,UNIDAD_HOJA_BAJO_SUBSECTOR
PR,DSA,DESCASCARADO ALGODÓN,UNIDAD,T032,PR-DSA-RSC-T032,BTZ_Description_04,PR-DSA-LGC-DESCASCARADO ALGOD,PR-DSA-LGC-ROSCAS,PR-DSA-RSC-T032,ROSCA T-032,PR-DSA-RSC-T032,ROSCA T-032,UNIDAD_HOJA_BAJO_SUBSECTOR
PR,DSA,DESCASCARADO ALGODÓN,UNIDAD,T033,PR-DSA-RSC-T033,BTZ_Description_04,PR-DSA-LGC-DESCASCARADO ALGOD,PR-DSA-LGC-ROSCAS,PR-DSA-RSC-T033,ROSCA T-033,PR-DSA-RSC-T033,ROSCA T-033,UNIDAD_HOJA_BAJO_SUBSECTOR
PR,DSA,DESCASCARADO ALGODÓN,UNIDAD,T034,PR-DSA-RSC-T034,BTZ_Description_04,PR-DSA-LGC-DESCASCARADO ALGOD,PR-DSA-LGC-ROSCAS,PR-DSA-RSC-T034,ROSCA T-034,PR-DSA-RSC-T034,ROSCA T-034,UNIDAD_HOJA_BAJO_SUBSECTOR
PR,DSA,DESCASCARADO ALGODÓN,UNIDAD,T036,PR-DSA-RSC-T036,BTZ_Description_04,PR-DSA-LGC-DESCASCARADO ALGOD,PR-DSA-LGC-ROSCAS,PR-DSA-RSC-T036,ROSCA T-036,PR-DSA-RSC-T036,ROSCA T-036,UNIDAD_HOJA_BAJO_SUBSECTOR
PR,DSA,DESCASCARADO ALGODÓN,UNIDAD,T038,PR-DSA-RSC-T038,BTZ_Description_04,PR-DSA-LGC-DESCASCARADO ALGOD,PR-DSA-LGC-ROSCAS,PR-DSA-RSC-T038,ROSCA T-038,PR-DSA-RSC-T038,ROSCA T-038,UNIDAD_HOJA_BAJO_SUBSECTOR
PR,DSA,DESCASCARADO ALGODÓN,UNIDAD,T042,PR-DSA-RSC-T042,BTZ_Description_04,PR-DSA-LGC-DESCASCARADO ALGOD,PR-DSA-LGC-ROSCAS,PR-DSA-RSC-T042,ROSCA T-042,PR-DSA-RSC-T042,ROSCA T-042,UNIDAD_HOJA_BAJO_SUBSECTOR
PR,DSA,DESCASCARADO ALGODÓN,UNIDAD,T043,PR-DSA-RSC-T043,BTZ_Description_04,PR-DSA-LGC-DESCASCARADO ALGOD,PR-DSA-LGC-ROSCAS,PR-DSA-RSC-T043,ROSCA T-043,PR-DSA-RSC-T043,ROSCA T-043,UNIDAD_HOJA_BAJO_SUBSECTOR
PR,DSA,DESCASCARADO ALGODÓN,UNIDAD,T044,PR-DSA-RSC-T044,BTZ_Description_04,PR-DSA-LGC-DESCASCARADO ALGOD,PR-DSA-LGC-ROSCAS,PR-DSA-RSC-T044,ROSCA T-044 (2º TRAMO) CASCARA,PR-DSA-RSC-T044,ROSCA T-044 (2º TRAMO) CASCARA,UNIDAD_HOJA_BAJO_SUBSECTOR
PR,DSA,DESCASCARADO ALGODÓN,UNIDAD,T044B,PR-DSA-RSC-T044B,BTZ_Description_04,PR-DSA-LGC-DESCASCARADO ALGOD,PR-DSA-LGC-ROSCAS,PR-DSA-RSC-T044B,ROSCA T-044B,PR-DSA-RSC-T044B,ROSCA T-044B,UNIDAD_HOJA_BAJO_SUBSECTOR
PR,DSA,DESCASCARADO ALGODÓN,UNIDAD,T044C,PR-DSA-RSC-T044C,BTZ_Description_04,PR-DSA-LGC-DESCASCARADO ALGOD,PR-DSA-LGC-ROSCAS,PR-DSA-RSC-T044C,ROSCA T-044C,PR-DSA-RSC-T044C,ROSCA T-044C,UNIDAD_HOJA_BAJO_SUBSECTOR
PR,DSA,DESCASCARADO ALGODÓN,SUBSECTOR,SISTEMA DE ASPIRACION DESCASCARADO,PR-DSA-LGC-SISTEMA DE ASPIRACION DESCASCARADO,BTZ_Description_03,PR-DSA-LGC-DESCASCARADO ALGOD,PR-DSA-LGC-SISTEMA DE ASPIRACION DESCASCARADO,,,PR-DSA-SAP-DSC,SISTEMA DE ASPIRACION DESCASCARADO,SUBSECTOR_DESDE_HIJO_LGC_O_NODO_INTERMEDIO
PR,DSA,DESCASCARADO ALGODÓN,UNIDAD,CAS1,PR-DSA-VLV-CAS1,BTZ_Description_04,PR-DSA-LGC-DESCASCARADO ALGOD,PR-DSA-LGC-SISTEMA DE ASPIRACION DESCASCARADO,PR-DSA-VLV-CAS1,VALVULA ROTATIVA Nº 1,PR-DSA-VLV-CAS1,VALVULA ROTATIVA Nº 1,UNIDAD_HOJA_BAJO_SUBSECTOR
PR,DSA,DESCASCARADO ALGODÓN,UNIDAD,CAS2,PR-DSA-VLV-CAS2,BTZ_Description_04,PR-DSA-LGC-DESCASCARADO ALGOD,PR-DSA-LGC-SISTEMA DE ASPIRACION DESCASCARADO,PR-DSA-VLV-CAS2,VALVULA ROTATIVA Nº 2,PR-DSA-VLV-CAS2,VALVULA ROTATIVA Nº 2,UNIDAD_HOJA_BAJO_SUBSECTOR
PR,DSA,DESCASCARADO ALGODÓN,UNIDAD,DSC01,PR-DSA-VNT-DSC01,BTZ_Description_04,PR-DSA-LGC-DESCASCARADO ALGOD,PR-DSA-LGC-SISTEMA DE ASPIRACION DESCASCARADO,PR-DSA-VNT-DSC01,VENTILADOR DESCASCARADO Nº 1 <S>,PR-DSA-VNT-DSC01,VENTILADOR DESCASCARADO Nº 1 <S>,UNIDAD_HOJA_BAJO_SUBSECTOR
PR,DSA,DESCASCARADO ALGODÓN,UNIDAD,DSC02,PR-DSA-VNT-DSC02,BTZ_Description_04,PR-DSA-LGC-DESCASCARADO ALGOD,PR-DSA-LGC-SISTEMA DE ASPIRACION DESCASCARADO,PR-DSA-VNT-DSC02,VENTILADOR DESCASCARADO Nº 2,PR-DSA-VNT-DSC02,VENTILADOR DESCASCARADO Nº 2,UNIDAD_HOJA_BAJO_SUBSECTOR
PR,DSA,DESCASCARADO ALGODÓN,UNIDAD,DSC03,PR-DSA-VNT-DSC03,BTZ_Description_04,PR-DSA-LGC-DESCASCARADO ALGOD,PR-DSA-LGC-SISTEMA DE ASPIRACION DESCASCARADO,PR-DSA-VNT-DSC03,VENTILADOR DESCASCARADO Nº 3,PR-DSA-VNT-DSC03,VENTILADOR DESCASCARADO Nº 3,UNIDAD_HOJA_BAJO_SUBSECTOR
PR,DSA,DESCASCARADO ALGODÓN,UNIDAD,DSC04,PR-DSA-VNT-DSC04,BTZ_Description_04,PR-DSA-LGC-DESCASCARADO ALGOD,PR-DSA-LGC-SISTEMA DE ASPIRACION DESCASCARADO,PR-DSA-VNT-DSC04,VENTILADOR DESCASCARADO Nº 4,PR-DSA-VNT-DSC04,VENTILADOR DESCASCARADO Nº 4,UNIDAD_HOJA_BAJO_SUBSECTOR
PR,DSA,DESCASCARADO ALGODÓN,UNIDAD,DSC05,PR-DSA-VNT-DSC05,BTZ_Description_04,PR-DSA-LGC-DESCASCARADO ALGOD,PR-DSA-LGC-SISTEMA DE ASPIRACION DESCASCARADO,PR-DSA-VNT-DSC05,VENTILADOR DESCASCARADO Nº 5,PR-DSA-VNT-DSC05,VENTILADOR DESCASCARADO Nº 5,UNIDAD_HOJA_BAJO_SUBSECTOR
PR,DSA,DESCASCARADO ALGODÓN,UNIDAD,DSC06,PR-DSA-VNT-DSC06,BTZ_Description_04,PR-DSA-LGC-DESCASCARADO ALGOD,PR-DSA-LGC-SISTEMA DE ASPIRACION DESCASCARADO,PR-DSA-VNT-DSC06,VENTILADOR DESCASCARADO Nº 6,PR-DSA-VNT-DSC06,VENTILADOR DESCASCARADO Nº 6,UNIDAD_HOJA_BAJO_SUBSECTOR
PR,DSA,DESCASCARADO ALGODÓN,UNIDAD,DSC07,PR-DSA-VNT-DSC07,BTZ_Description_04,PR-DSA-LGC-DESCASCARADO ALGOD,PR-DSA-LGC-SISTEMA DE ASPIRACION DESCASCARADO,PR-DSA-VNT-DSC07,VENTILADOR DESCASCARADO Nº 7,PR-DSA-VNT-DSC07,VENTILADOR DESCASCARADO Nº 7,UNIDAD_HOJA_BAJO_SUBSECTOR
PR,DSA,DESCASCARADO ALGODÓN,UNIDAD,DSC08,PR-DSA-VNT-DSC08,BTZ_Description_04,PR-DSA-LGC-DESCASCARADO ALGOD,PR-DSA-LGC-SISTEMA DE ASPIRACION DESCASCARADO,PR-DSA-VNT-DSC08,VENTILADOR DESCASCARADO Nº 8 <N>,PR-DSA-VNT-DSC08,VENTILADOR DESCASCARADO Nº 8 <N>,UNIDAD_HOJA_BAJO_SUBSECTOR
PR,DSA,DESCASCARADO ALGODÓN,SUBSECTOR,GENERAL,PR-DSA-LGC-GENERAL,BTZ_Description_03,PR-DSA-LGC-DESCASCARADO ALGOD,PR-DSA-LGC-GENERAL,,,PR-DSA-LGC-DESCASCARADO ALGOD,SUBSECTOR SINTETICO PARA HOJAS DIRECTAS DEL SECTOR,SUBSECTOR_SINTETICO_GENERAL
PR,DSA,DESCASCARADO ALGODÓN,UNIDAD,T037,PR-DSA-NOR-T037,BTZ_Description_04,PR-DSA-LGC-DESCASCARADO ALGOD,PR-DSA-LGC-GENERAL,PR-DSA-NOR-T037,NORIA T-037,PR-DSA-NOR-T037,NORIA T-037,UNIDAD_HOJA_DIRECTA_BAJO_SECTOR
PR,PLYSP,PLAYA Y SUBPRODUCTO,SECTOR,PLAYA Y SUBPRODUCTO,PR-PLYSP-LGC-PLAYA Y SUB,BTZ_Description_02,PR-PLYSP-LGC-PLAYA Y SUB,,,,PR-PLYSP-LGC-PLAYA Y SUB,LOGICO PLAYA Y SUBPRODUCTO,SECTOR_DESDE_RAIZ_PR
PR,PLYSP,PLAYA Y SUBPRODUCTO,SUBSECTOR,REDLERS,PR-PLYSP-LGC-REDLERS,BTZ_Description_03,PR-PLYSP-LGC-PLAYA Y SUB,PR-PLYSP-LGC-REDLERS,,,PR-PLYSP-LGC-REDLERS,LOGICO REDLERS,SUBSECTOR_DESDE_HIJO_LGC_O_NODO_INTERMEDIO
PR,PLYSP,PLAYA Y SUBPRODUCTO,UNIDAD,10A,PR-PLYSP-RDL-10A,BTZ_Description_04,PR-PLYSP-LGC-PLAYA Y SUB,PR-PLYSP-LGC-REDLERS,PR-PLYSP-RDL-10A,REDLER 10A,PR-PLYSP-RDL-10A,REDLER 10A,UNIDAD_HOJA_BAJO_SUBSECTOR
PR,PLYSP,PLAYA Y SUBPRODUCTO,UNIDAD,10B,PR-PLYSP-RDL-10B,BTZ_Description_04,PR-PLYSP-LGC-PLAYA Y SUB,PR-PLYSP-LGC-REDLERS,PR-PLYSP-RDL-10B,REDLER 10B,PR-PLYSP-RDL-10B,REDLER 10B,UNIDAD_HOJA_BAJO_SUBSECTOR
PR,PLYSP,PLAYA Y SUBPRODUCTO,UNIDAD,10C,PR-PLYSP-RDL-10C,BTZ_Description_04,PR-PLYSP-LGC-PLAYA Y SUB,PR-PLYSP-LGC-REDLERS,PR-PLYSP-RDL-10C,REDLER 10C SUP.,PR-PLYSP-RDL-10C,REDLER 10C SUP.,UNIDAD_HOJA_BAJO_SUBSECTOR
PR,PLYSP,PLAYA Y SUBPRODUCTO,UNIDAD,10D,PR-PLYSP-RDL-10D,BTZ_Description_04,PR-PLYSP-LGC-PLAYA Y SUB,PR-PLYSP-LGC-REDLERS,PR-PLYSP-RDL-10D,REDLER 10D SUP.,PR-PLYSP-RDL-10D,REDLER 10D SUP.,UNIDAD_HOJA_BAJO_SUBSECTOR
PR,PLYSP,PLAYA Y SUBPRODUCTO,UNIDAD,10E,PR-PLYSP-RDL-10E,BTZ_Description_04,PR-PLYSP-LGC-PLAYA Y SUB,PR-PLYSP-LGC-REDLERS,PR-PLYSP-RDL-10E,REDLER 10E NORTE,PR-PLYSP-RDL-10E,REDLER 10E NORTE,UNIDAD_HOJA_BAJO_SUBSECTOR
PR,PLYSP,PLAYA Y SUBPRODUCTO,UNIDAD,R11/1,PR-PLYSP-RDL-R11/1,BTZ_Description_04,PR-PLYSP-LGC-PLAYA Y SUB,PR-PLYSP-LGC-REDLERS,PR-PLYSP-RDL-R11/1,REDLER PUENTE 11.1,PR-PLYSP-RDL-R11/1,REDLER PUENTE 11.1,UNIDAD_HOJA_BAJO_SUBSECTOR
PR,PLYSP,PLAYA Y SUBPRODUCTO,UNIDAD,R1C,PR-PLYSP-RDL-R1C,BTZ_Description_04,PR-PLYSP-LGC-PLAYA Y SUB,PR-PLYSP-LGC-REDLERS,PR-PLYSP-RDL-R1C,REDLER 1C,PR-PLYSP-RDL-R1C,REDLER 1C,UNIDAD_HOJA_BAJO_SUBSECTOR
PR,PLYSP,PLAYA Y SUBPRODUCTO,UNIDAD,R1D,PR-PLYSP-RDL-R1D,BTZ_Description_04,PR-PLYSP-LGC-PLAYA Y SUB,PR-PLYSP-LGC-REDLERS,PR-PLYSP-RDL-R1D,REDLER 1D INF.,PR-PLYSP-RDL-R1D,REDLER 1D INF.,UNIDAD_HOJA_BAJO_SUBSECTOR
PR,PLYSP,PLAYA Y SUBPRODUCTO,UNIDAD,R1E,PR-PLYSP-RDL-R1E,BTZ_Description_04,PR-PLYSP-LGC-PLAYA Y SUB,PR-PLYSP-LGC-REDLERS,PR-PLYSP-RDL-R1E,REDLER 1E INF.,PR-PLYSP-RDL-R1E,REDLER 1E INF.,UNIDAD_HOJA_BAJO_SUBSECTOR
PR,PLYSP,PLAYA Y SUBPRODUCTO,UNIDAD,R1F,PR-PLYSP-RDL-R1F,BTZ_Description_04,PR-PLYSP-LGC-PLAYA Y SUB,PR-PLYSP-LGC-REDLERS,PR-PLYSP-RDL-R1F,REDLER 1F CORTO,PR-PLYSP-RDL-R1F,REDLER 1F CORTO,UNIDAD_HOJA_BAJO_SUBSECTOR
PR,PLYSP,PLAYA Y SUBPRODUCTO,UNIDAD,R1G,PR-PLYSP-RDL-R1G,BTZ_Description_04,PR-PLYSP-LGC-PLAYA Y SUB,PR-PLYSP-LGC-REDLERS,PR-PLYSP-RDL-R1G,REDLER 1G SUR,PR-PLYSP-RDL-R1G,REDLER 1G SUR,UNIDAD_HOJA_BAJO_SUBSECTOR
PR,PLYSP,PLAYA Y SUBPRODUCTO,UNIDAD,RNS10,PR-PLYSP-RDL-RNS10,BTZ_Description_04,PR-PLYSP-LGC-PLAYA Y SUB,PR-PLYSP-LGC-REDLERS,PR-PLYSP-RDL-RNS10,REDLER SOBRE TOLVAS NRA S-10,PR-PLYSP-RDL-RNS10,REDLER SOBRE TOLVAS NRA S-10,UNIDAD_HOJA_BAJO_SUBSECTOR
PR,PLYSP,PLAYA Y SUBPRODUCTO,UNIDAD,RS8/9,PR-PLYSP-RDL-RS8/9,BTZ_Description_04,PR-PLYSP-LGC-PLAYA Y SUB,PR-PLYSP-LGC-REDLERS,PR-PLYSP-RDL-RS8/9,REDLER RS-8 Y 9 <A SILO 8 Y 9>,PR-PLYSP-RDL-RS8/9,REDLER RS-8 Y 9 <A SILO 8 Y 9>,UNIDAD_HOJA_BAJO_SUBSECTOR
PR,PLYSP,PLAYA Y SUBPRODUCTO,UNIDAD,RSS11/1,PR-PLYSP-RDL-RSS11/1,BTZ_Description_04,PR-PLYSP-LGC-PLAYA Y SUB,PR-PLYSP-LGC-REDLERS,PR-PLYSP-RDL-RSS11/1,REDLER SUR RSS-11/1,PR-PLYSP-RDL-RSS11/1,REDLER SUR RSS-11/1,UNIDAD_HOJA_BAJO_SUBSECTOR
PR,PLYSP,PLAYA Y SUBPRODUCTO,UNIDAD,RSS11/2,PR-PLYSP-RDL-RSS11/2,BTZ_Description_04,PR-PLYSP-LGC-PLAYA Y SUB,PR-PLYSP-LGC-REDLERS,PR-PLYSP-RDL-RSS11/2,REDLER CENTRAL RSS-11/2,PR-PLYSP-RDL-RSS11/2,REDLER CENTRAL RSS-11/2,UNIDAD_HOJA_BAJO_SUBSECTOR
PR,PLYSP,PLAYA Y SUBPRODUCTO,UNIDAD,RSS11/3,PR-PLYSP-RDL-RSS11/3,BTZ_Description_04,PR-PLYSP-LGC-PLAYA Y SUB,PR-PLYSP-LGC-REDLERS,PR-PLYSP-RDL-RSS11/3,REDLER NORTE RSS-11/3,PR-PLYSP-RDL-RSS11/3,REDLER NORTE RSS-11/3,UNIDAD_HOJA_BAJO_SUBSECTOR
PR,PLYSP,PLAYA Y SUBPRODUCTO,UNIDAD,RSS11/4,PR-PLYSP-RDL-RSS11/4,BTZ_Description_04,PR-PLYSP-LGC-PLAYA Y SUB,PR-PLYSP-LGC-REDLERS,PR-PLYSP-RDL-RSS11/4,REDLER NORTE RSS-11/4,PR-PLYSP-RDL-RSS11/4,REDLER NORTE RSS-11/4,UNIDAD_HOJA_BAJO_SUBSECTOR
PR,PLYSP,PLAYA Y SUBPRODUCTO,SUBSECTOR,ROSCAS,PR-PLYSP-LGC-ROSCAS,BTZ_Description_03,PR-PLYSP-LGC-PLAYA Y SUB,PR-PLYSP-LGC-ROSCAS,,,PR-PLYSP-LGC-ROSCAS,LOGICO ROSCAS,SUBSECTOR_DESDE_HIJO_LGC_O_NODO_INTERMEDIO
PR,PLYSP,PLAYA Y SUBPRODUCTO,UNIDAD,1F/A,PR-PLYSP-RSC-1F/A,BTZ_Description_04,PR-PLYSP-LGC-PLAYA Y SUB,PR-PLYSP-LGC-ROSCAS,PR-PLYSP-RSC-1F/A,ROSCA-1F/A,PR-PLYSP-RSC-1F/A,ROSCA-1F/A,UNIDAD_HOJA_BAJO_SUBSECTOR
PR,PLYSP,PLAYA Y SUBPRODUCTO,UNIDAD,AUX,PR-PLYSP-RSC-AUX,BTZ_Description_04,PR-PLYSP-LGC-PLAYA Y SUB,PR-PLYSP-LGC-ROSCAS,PR-PLYSP-RSC-AUX,ROSCA AUXILIAR <A RDL 1D O 10C>,PR-PLYSP-RSC-AUX,ROSCA AUXILIAR <A RDL 1D O 10C>,UNIDAD_HOJA_BAJO_SUBSECTOR
PR,PLYSP,PLAYA Y SUBPRODUCTO,UNIDAD,RS8,PR-PLYSP-RSC-RS8,BTZ_Description_04,PR-PLYSP-LGC-PLAYA Y SUB,PR-PLYSP-LGC-ROSCAS,PR-PLYSP-RSC-RS8,ROSCA 8 REC. POLVILLOS <A S-8>,PR-PLYSP-RSC-RS8,ROSCA 8 REC. POLVILLOS <A S-8>,UNIDAD_HOJA_BAJO_SUBSECTOR
PR,PLYSP,PLAYA Y SUBPRODUCTO,UNIDAD,RS8/1,PR-PLYSP-RSC-RS8/1,BTZ_Description_04,PR-PLYSP-LGC-PLAYA Y SUB,PR-PLYSP-LGC-ROSCAS,PR-PLYSP-RSC-RS8/1,ROSCA COLECTORA DESC. VOLCADORES,PR-PLYSP-RSC-RS8/1,ROSCA COLECTORA DESC. VOLCADORES,UNIDAD_HOJA_BAJO_SUBSECTOR
PR,PLYSP,PLAYA Y SUBPRODUCTO,SUBSECTOR,SISTEMAS DE ASPIRACION DE PLAYA Y SUBPRODUCTO,PR-PLYSP-LGC-SIST ASP PLYSP,BTZ_Description_03,PR-PLYSP-LGC-PLAYA Y SUB,PR-PLYSP-LGC-SIST ASP PLYSP,,,PR-PLYSP-LGC-SIST ASP PLYSP,LOGICO SISTEMAS DE ASPIRACION DE PLAYA Y SUBPRODUCTO,SUBSECTOR_DESDE_HIJO_LGC_O_NODO_INTERMEDIO
PR,PLYSP,PLAYA Y SUBPRODUCTO,SUBSECTOR,SILO CELDA DEP. S.P. Nº 8,PR-PLYSP-LGC-SILO CELDA DEP. S.P. Nº 8,BTZ_Description_03,PR-PLYSP-LGC-PLAYA Y SUB,PR-PLYSP-LGC-SILO CELDA DEP. S.P. Nº 8,,,PR-PLYSP-SLO-DSP08,SILO CELDA DEP. S.P. Nº 8,SUBSECTOR_DESDE_HIJO_LGC_O_NODO_INTERMEDIO
PR,PLYSP,PLAYA Y SUBPRODUCTO,UNIDAD,NS08,PR-PLYSP-NOR-NS08,BTZ_Description_04,PR-PLYSP-LGC-PLAYA Y SUB,PR-PLYSP-LGC-SILO CELDA DEP. S.P. Nº 8,PR-PLYSP-NOR-NS08,NORIA NS-8,PR-PLYSP-NOR-NS08,NORIA NS-8,UNIDAD_HOJA_BAJO_SUBSECTOR
PR,PLYSP,PLAYA Y SUBPRODUCTO,UNIDAD,AIRS08,PR-PLYSP-VNT-AIRS08,BTZ_Description_04,PR-PLYSP-LGC-PLAYA Y SUB,PR-PLYSP-LGC-SILO CELDA DEP. S.P. Nº 8,PR-PLYSP-VNT-AIRS08,VENTILADOR SILO 8,PR-PLYSP-VNT-AIRS08,VENTILADOR SILO 8,UNIDAD_HOJA_BAJO_SUBSECTOR
PR,PLYSP,PLAYA Y SUBPRODUCTO,SUBSECTOR,SILO CELDA DEP. S.P. Nº 9,PR-PLYSP-LGC-SILO CELDA DEP. S.P. Nº 9,BTZ_Description_03,PR-PLYSP-LGC-PLAYA Y SUB,PR-PLYSP-LGC-SILO CELDA DEP. S.P. Nº 9,,,PR-PLYSP-SLO-DSP09,SILO CELDA DEP. S.P. Nº 9,SUBSECTOR_DESDE_HIJO_LGC_O_NODO_INTERMEDIO
PR,PLYSP,PLAYA Y SUBPRODUCTO,UNIDAD,LS09E,PR-PLYSP-LDV-LS09E,BTZ_Description_04,PR-PLYSP-LGC-PLAYA Y SUB,PR-PLYSP-LGC-SILO CELDA DEP. S.P. Nº 9,PR-PLYSP-LDV-LS09E,LINEA DE VIDA INTERIOR SILO 09 ESTE LDV-HOR-840,PR-PLYSP-LDV-LS09E,LINEA DE VIDA INTERIOR SILO 09 ESTE LDV-HOR-840,UNIDAD_HOJA_BAJO_SUBSECTOR
PR,PLYSP,PLAYA Y SUBPRODUCTO,UNIDAD,LS09O,PR-PLYSP-LDV-LS09O,BTZ_Description_04,PR-PLYSP-LGC-PLAYA Y SUB,PR-PLYSP-LGC-SILO CELDA DEP. S.P. Nº 9,PR-PLYSP-LDV-LS09O,LINEA DE VIDA INTERIOR SILO 09 OESTE LDV-HOR-839,PR-PLYSP-LDV-LS09O,LINEA DE VIDA INTERIOR SILO 09 OESTE LDV-HOR-839,UNIDAD_HOJA_BAJO_SUBSECTOR
PR,PLYSP,PLAYA Y SUBPRODUCTO,UNIDAD,NS09,PR-PLYSP-NOR-NS09,BTZ_Description_04,PR-PLYSP-LGC-PLAYA Y SUB,PR-PLYSP-LGC-SILO CELDA DEP. S.P. Nº 9,PR-PLYSP-NOR-NS09,NORIA NS-9,PR-PLYSP-NOR-NS09,NORIA NS-9,UNIDAD_HOJA_BAJO_SUBSECTOR
PR,PLYSP,PLAYA Y SUBPRODUCTO,UNIDAD,RS9,PR-PLYSP-RSC-RS9,BTZ_Description_04,PR-PLYSP-LGC-PLAYA Y SUB,PR-PLYSP-LGC-SILO CELDA DEP. S.P. Nº 9,PR-PLYSP-RSC-RS9,ROSCA 9 <CARGA CAMION S-9>,PR-PLYSP-RSC-RS9,ROSCA 9 <CARGA CAMION S-9>,UNIDAD_HOJA_BAJO_SUBSECTOR
PR,PLYSP,PLAYA Y SUBPRODUCTO,UNIDAD,AIRS09,PR-PLYSP-VNT-AIRS09,BTZ_Description_04,PR-PLYSP-LGC-PLAYA Y SUB,PR-PLYSP-LGC-SILO CELDA DEP. S.P. Nº 9,PR-PLYSP-VNT-AIRS09,VENTILADOR SILO 9,PR-PLYSP-VNT-AIRS09,VENTILADOR SILO 9,UNIDAD_HOJA_BAJO_SUBSECTOR
PR,PLYSP,PLAYA Y SUBPRODUCTO,SUBSECTOR,SILO CELDA DEP. S.P. Nº 10,PR-PLYSP-LGC-SILO CELDA DEP. S.P. Nº 10,BTZ_Description_03,PR-PLYSP-LGC-PLAYA Y SUB,PR-PLYSP-LGC-SILO CELDA DEP. S.P. Nº 10,,,PR-PLYSP-SLO-DSP10,SILO CELDA DEP. S.P. Nº 10,SUBSECTOR_DESDE_HIJO_LGC_O_NODO_INTERMEDIO
PR,PLYSP,PLAYA Y SUBPRODUCTO,UNIDAD,NS10,PR-PLYSP-NOR-NS10,BTZ_Description_04,PR-PLYSP-LGC-PLAYA Y SUB,PR-PLYSP-LGC-SILO CELDA DEP. S.P. Nº 10,PR-PLYSP-NOR-NS10,NORIA NS-10,PR-PLYSP-NOR-NS10,NORIA NS-10,UNIDAD_HOJA_BAJO_SUBSECTOR
PR,PLYSP,PLAYA Y SUBPRODUCTO,UNIDAD,AIRS10/1,PR-PLYSP-VNT-AIRS10/1,BTZ_Description_04,PR-PLYSP-LGC-PLAYA Y SUB,PR-PLYSP-LGC-SILO CELDA DEP. S.P. Nº 10,PR-PLYSP-VNT-AIRS10/1,VENTILADOR AIREACION 1 <E>,PR-PLYSP-VNT-AIRS10/1,VENTILADOR AIREACION 1 <E>,UNIDAD_HOJA_BAJO_SUBSECTOR
PR,PLYSP,PLAYA Y SUBPRODUCTO,UNIDAD,AIRS10/2,PR-PLYSP-VNT-AIRS10/2,BTZ_Description_04,PR-PLYSP-LGC-PLAYA Y SUB,PR-PLYSP-LGC-SILO CELDA DEP. S.P. Nº 10,PR-PLYSP-VNT-AIRS10/2,VENTILADOR AIREACION 2 <C>,PR-PLYSP-VNT-AIRS10/2,VENTILADOR AIREACION 2 <C>,UNIDAD_HOJA_BAJO_SUBSECTOR
PR,PLYSP,PLAYA Y SUBPRODUCTO,UNIDAD,AIRS10/3,PR-PLYSP-VNT-AIRS10/3,BTZ_Description_04,PR-PLYSP-LGC-PLAYA Y SUB,PR-PLYSP-LGC-SILO CELDA DEP. S.P. Nº 10,PR-PLYSP-VNT-AIRS10/3,VENTILADOR AIREACION 3 <O>,PR-PLYSP-VNT-AIRS10/3,VENTILADOR AIREACION 3 <O>,UNIDAD_HOJA_BAJO_SUBSECTOR
PR,PLYSP,PLAYA Y SUBPRODUCTO,UNIDAD,AIRS10/4,PR-PLYSP-VNT-AIRS10/4,BTZ_Description_04,PR-PLYSP-LGC-PLAYA Y SUB,PR-PLYSP-LGC-SILO CELDA DEP. S.P. Nº 10,PR-PLYSP-VNT-AIRS10/4,VENTILADOR AIREACION 4 <>,PR-PLYSP-VNT-AIRS10/4,VENTILADOR AIREACION 4 <>,UNIDAD_HOJA_BAJO_SUBSECTOR
PR,PLYSP,PLAYA Y SUBPRODUCTO,UNIDAD,AIRS10/5,PR-PLYSP-VNT-AIRS10/5,BTZ_Description_04,PR-PLYSP-LGC-PLAYA Y SUB,PR-PLYSP-LGC-SILO CELDA DEP. S.P. Nº 10,PR-PLYSP-VNT-AIRS10/5,VENTILADOR AIREACION 5 <>,PR-PLYSP-VNT-AIRS10/5,VENTILADOR AIREACION 5 <>,UNIDAD_HOJA_BAJO_SUBSECTOR
PR,PLYSP,PLAYA Y SUBPRODUCTO,UNIDAD,ASPS10/01,PR-PLYSP-VNT-ASPS10/01,BTZ_Description_04,PR-PLYSP-LGC-PLAYA Y SUB,PR-PLYSP-LGC-SILO CELDA DEP. S.P. Nº 10,PR-PLYSP-VNT-ASPS10/01,VENTILADOR EXTRACTOR Nº 1 L/NE,PR-PLYSP-VNT-ASPS10/01,VENTILADOR EXTRACTOR Nº 1 L/NE,UNIDAD_HOJA_BAJO_SUBSECTOR
PR,PLYSP,PLAYA Y SUBPRODUCTO,UNIDAD,ASPS10/02,PR-PLYSP-VNT-ASPS10/02,BTZ_Description_04,PR-PLYSP-LGC-PLAYA Y SUB,PR-PLYSP-LGC-SILO CELDA DEP. S.P. Nº 10,PR-PLYSP-VNT-ASPS10/02,VENTILADOR EXTRACTOR Nº 2,PR-PLYSP-VNT-ASPS10/02,VENTILADOR EXTRACTOR Nº 2,UNIDAD_HOJA_BAJO_SUBSECTOR
PR,PLYSP,PLAYA Y SUBPRODUCTO,UNIDAD,ASPS10/03,PR-PLYSP-VNT-ASPS10/03,BTZ_Description_04,PR-PLYSP-LGC-PLAYA Y SUB,PR-PLYSP-LGC-SILO CELDA DEP. S.P. Nº 10,PR-PLYSP-VNT-ASPS10/03,VENTILADOR EXTRACTOR Nº 3,PR-PLYSP-VNT-ASPS10/03,VENTILADOR EXTRACTOR Nº 3,UNIDAD_HOJA_BAJO_SUBSECTOR
PR,PLYSP,PLAYA Y SUBPRODUCTO,UNIDAD,ASPS10/04,PR-PLYSP-VNT-ASPS10/04,BTZ_Description_04,PR-PLYSP-LGC-PLAYA Y SUB,PR-PLYSP-LGC-SILO CELDA DEP. S.P. Nº 10,PR-PLYSP-VNT-ASPS10/04,VENTILADOR EXTRACTOR Nº 4,PR-PLYSP-VNT-ASPS10/04,VENTILADOR EXTRACTOR Nº 4,UNIDAD_HOJA_BAJO_SUBSECTOR
PR,PLYSP,PLAYA Y SUBPRODUCTO,UNIDAD,ASPS10/05,PR-PLYSP-VNT-ASPS10/05,BTZ_Description_04,PR-PLYSP-LGC-PLAYA Y SUB,PR-PLYSP-LGC-SILO CELDA DEP. S.P. Nº 10,PR-PLYSP-VNT-ASPS10/05,VENTILADOR EXTRACTOR Nº 5,PR-PLYSP-VNT-ASPS10/05,VENTILADOR EXTRACTOR Nº 5,UNIDAD_HOJA_BAJO_SUBSECTOR
PR,PLYSP,PLAYA Y SUBPRODUCTO,UNIDAD,ASPS10/06,PR-PLYSP-VNT-ASPS10/06,BTZ_Description_04,PR-PLYSP-LGC-PLAYA Y SUB,PR-PLYSP-LGC-SILO CELDA DEP. S.P. Nº 10,PR-PLYSP-VNT-ASPS10/06,VENTILADOR EXTRACTOR Nº 6,PR-PLYSP-VNT-ASPS10/06,VENTILADOR EXTRACTOR Nº 6,UNIDAD_HOJA_BAJO_SUBSECTOR
PR,PLYSP,PLAYA Y SUBPRODUCTO,UNIDAD,ASPS10/07,PR-PLYSP-VNT-ASPS10/07,BTZ_Description_04,PR-PLYSP-LGC-PLAYA Y SUB,PR-PLYSP-LGC-SILO CELDA DEP. S.P. Nº 10,PR-PLYSP-VNT-ASPS10/07,VENTILADOR EXTRACTOR Nº 7,PR-PLYSP-VNT-ASPS10/07,VENTILADOR EXTRACTOR Nº 7,UNIDAD_HOJA_BAJO_SUBSECTOR
PR,PLYSP,PLAYA Y SUBPRODUCTO,UNIDAD,ASPS10/08,PR-PLYSP-VNT-ASPS10/08,BTZ_Description_04,PR-PLYSP-LGC-PLAYA Y SUB,PR-PLYSP-LGC-SILO CELDA DEP. S.P. Nº 10,PR-PLYSP-VNT-ASPS10/08,VENTILADOR EXTRACTOR Nº 8 L/SE,PR-PLYSP-VNT-ASPS10/08,VENTILADOR EXTRACTOR Nº 8 L/SE,UNIDAD_HOJA_BAJO_SUBSECTOR
PR,PLYSP,PLAYA Y SUBPRODUCTO,UNIDAD,ASPS10/09,PR-PLYSP-VNT-ASPS10/09,BTZ_Description_04,PR-PLYSP-LGC-PLAYA Y SUB,PR-PLYSP-LGC-SILO CELDA DEP. S.P. Nº 10,PR-PLYSP-VNT-ASPS10/09,VENTILADOR EXTRACTOR Nº 9 L/NO,PR-PLYSP-VNT-ASPS10/09,VENTILADOR EXTRACTOR Nº 9 L/NO,UNIDAD_HOJA_BAJO_SUBSECTOR
PR,PLYSP,PLAYA Y SUBPRODUCTO,UNIDAD,ASPS10/10,PR-PLYSP-VNT-ASPS10/10,BTZ_Description_04,PR-PLYSP-LGC-PLAYA Y SUB,PR-PLYSP-LGC-SILO CELDA DEP. S.P. Nº 10,PR-PLYSP-VNT-ASPS10/10,VENTILADOR EXTRACTOR Nº 10,PR-PLYSP-VNT-ASPS10/10,VENTILADOR EXTRACTOR Nº 10,UNIDAD_HOJA_BAJO_SUBSECTOR
PR,PLYSP,PLAYA Y SUBPRODUCTO,UNIDAD,ASPS10/11,PR-PLYSP-VNT-ASPS10/11,BTZ_Description_04,PR-PLYSP-LGC-PLAYA Y SUB,PR-PLYSP-LGC-SILO CELDA DEP. S.P. Nº 10,PR-PLYSP-VNT-ASPS10/11,VENTILADOR EXTRACTOR Nº 11,PR-PLYSP-VNT-ASPS10/11,VENTILADOR EXTRACTOR Nº 11,UNIDAD_HOJA_BAJO_SUBSECTOR
PR,PLYSP,PLAYA Y SUBPRODUCTO,UNIDAD,ASPS10/12,PR-PLYSP-VNT-ASPS10/12,BTZ_Description_04,PR-PLYSP-LGC-PLAYA Y SUB,PR-PLYSP-LGC-SILO CELDA DEP. S.P. Nº 10,PR-PLYSP-VNT-ASPS10/12,VENTILADOR EXTRACTOR Nº 12,PR-PLYSP-VNT-ASPS10/12,VENTILADOR EXTRACTOR Nº 12,UNIDAD_HOJA_BAJO_SUBSECTOR
PR,PLYSP,PLAYA Y SUBPRODUCTO,UNIDAD,ASPS10/13,PR-PLYSP-VNT-ASPS10/13,BTZ_Description_04,PR-PLYSP-LGC-PLAYA Y SUB,PR-PLYSP-LGC-SILO CELDA DEP. S.P. Nº 10,PR-PLYSP-VNT-ASPS10/13,VENTILADOR EXTRACTOR Nº 13,PR-PLYSP-VNT-ASPS10/13,VENTILADOR EXTRACTOR Nº 13,UNIDAD_HOJA_BAJO_SUBSECTOR
PR,PLYSP,PLAYA Y SUBPRODUCTO,UNIDAD,ASPS10/14,PR-PLYSP-VNT-ASPS10/14,BTZ_Description_04,PR-PLYSP-LGC-PLAYA Y SUB,PR-PLYSP-LGC-SILO CELDA DEP. S.P. Nº 10,PR-PLYSP-VNT-ASPS10/14,VENTILADOR EXTRACTOR Nº 14,PR-PLYSP-VNT-ASPS10/14,VENTILADOR EXTRACTOR Nº 14,UNIDAD_HOJA_BAJO_SUBSECTOR
PR,PLYSP,PLAYA Y SUBPRODUCTO,UNIDAD,ASPS10/15,PR-PLYSP-VNT-ASPS10/15,BTZ_Description_04,PR-PLYSP-LGC-PLAYA Y SUB,PR-PLYSP-LGC-SILO CELDA DEP. S.P. Nº 10,PR-PLYSP-VNT-ASPS10/15,VENTILADOR EXTRACTOR Nº 15,PR-PLYSP-VNT-ASPS10/15,VENTILADOR EXTRACTOR Nº 15,UNIDAD_HOJA_BAJO_SUBSECTOR
PR,PLYSP,PLAYA Y SUBPRODUCTO,UNIDAD,ASPS10/16,PR-PLYSP-VNT-ASPS10/16,BTZ_Description_04,PR-PLYSP-LGC-PLAYA Y SUB,PR-PLYSP-LGC-SILO CELDA DEP. S.P. Nº 10,PR-PLYSP-VNT-ASPS10/16,VENTILADOR EXTRACTOR Nº 16 L/SO,PR-PLYSP-VNT-ASPS10/16,VENTILADOR EXTRACTOR Nº 16 L/SO,UNIDAD_HOJA_BAJO_SUBSECTOR
PR,PLYSP,PLAYA Y SUBPRODUCTO,SUBSECTOR,SILO EXPEDICION CELDA DEP. S.P. Nº 11,PR-PLYSP-LGC-SILO EXPEDICION CELDA DEP. S.P. Nº 11,BTZ_Description_03,PR-PLYSP-LGC-PLAYA Y SUB,PR-PLYSP-LGC-SILO EXPEDICION CELDA DEP. S.P. Nº 11,,,PR-PLYSP-SLO-DSP11,SILO EXPEDICION CELDA DEP. S.P. Nº 11,SUBSECTOR_DESDE_HIJO_LGC_O_NODO_INTERMEDIO
PR,PLYSP,PLAYA Y SUBPRODUCTO,UNIDAD,NS11,PR-PLYSP-NOR-NS11,BTZ_Description_04,PR-PLYSP-LGC-PLAYA Y SUB,PR-PLYSP-LGC-SILO EXPEDICION CELDA DEP. S.P. Nº 11,PR-PLYSP-NOR-NS11,NORIA NS-11,PR-PLYSP-NOR-NS11,NORIA NS-11,UNIDAD_HOJA_BAJO_SUBSECTOR
PR,PLYSP,PLAYA Y SUBPRODUCTO,UNIDAD,CCC11,PR-PLYSP-TLV-CCC11,BTZ_Description_04,PR-PLYSP-LGC-PLAYA Y SUB,PR-PLYSP-LGC-SILO EXPEDICION CELDA DEP. S.P. Nº 11,PR-PLYSP-TLV-CCC11,TOLVA CARGA DE CAMIONES CELDA 11,PR-PLYSP-TLV-CCC11,TOLVA CARGA DE CAMIONES CELDA 11,UNIDAD_HOJA_BAJO_SUBSECTOR
PR,PLYSP,PLAYA Y SUBPRODUCTO,UNIDAD,DCS11,PR-PLYSP-VLV-DCS11,BTZ_Description_04,PR-PLYSP-LGC-PLAYA Y SUB,PR-PLYSP-LGC-SILO EXPEDICION CELDA DEP. S.P. Nº 11,PR-PLYSP-VLV-DCS11,VALVULA SILO DESCARGA S-11,PR-PLYSP-VLV-DCS11,VALVULA SILO DESCARGA S-11,UNIDAD_HOJA_BAJO_SUBSECTOR
PR,PLYSP,PLAYA Y SUBPRODUCTO,UNIDAD,AIRS11,PR-PLYSP-VNT-AIRS11,BTZ_Description_04,PR-PLYSP-LGC-PLAYA Y SUB,PR-PLYSP-LGC-SILO EXPEDICION CELDA DEP. S.P. Nº 11,PR-PLYSP-VNT-AIRS11,VENTILADOR AIREACION S-11,PR-PLYSP-VNT-AIRS11,VENTILADOR AIREACION S-11,UNIDAD_HOJA_BAJO_SUBSECTOR
PR,PLYSP,PLAYA Y SUBPRODUCTO,SUBSECTOR,SILO DE CASCARA LARA,PR-PLYSP-LGC-SILO DE CASCARA LARA,BTZ_Description_03,PR-PLYSP-LGC-PLAYA Y SUB,PR-PLYSP-LGC-SILO DE CASCARA LARA,,,PR-PLYSP-SLO-LARA,SILO DE CASCARA LARA,SUBSECTOR_DESDE_HIJO_LGC_O_NODO_INTERMEDIO
PR,PLYSP,PLAYA Y SUBPRODUCTO,UNIDAD,CASSP3,PR-PLYMP-RSC-CASSP3,BTZ_Description_04,PR-PLYSP-LGC-PLAYA Y SUB,PR-PLYSP-LGC-SILO DE CASCARA LARA,PR-PLYMP-RSC-CASSP3,ROSCA DE CASCARA SILO LARA,PR-PLYMP-RSC-CASSP3,ROSCA DE CASCARA SILO LARA,UNIDAD_HOJA_BAJO_SUBSECTOR
PR,PLYSP,PLAYA Y SUBPRODUCTO,UNIDAD,CCSL,PR-PLYSP-CCL-CCSL,BTZ_Description_04,PR-PLYSP-LGC-PLAYA Y SUB,PR-PLYSP-LGC-SILO DE CASCARA LARA,PR-PLYSP-CCL-CCSL,CICLON DE CASCARA SILO LARA,PR-PLYSP-CCL-CCSL,CICLON DE CASCARA SILO LARA,UNIDAD_HOJA_BAJO_SUBSECTOR
PR,PLYSP,PLAYA Y SUBPRODUCTO,UNIDAD,CSCL1,PR-PLYSP-VLV-CSCL1,BTZ_Description_04,PR-PLYSP-LGC-PLAYA Y SUB,PR-PLYSP-LGC-SILO DE CASCARA LARA,PR-PLYSP-VLV-CSCL1,VALVULA GUILLOTINA MOTORIZADA DE CARGA SILO LARA Nº1 <S>,PR-PLYSP-VLV-CSCL1,VALVULA GUILLOTINA MOTORIZADA DE CARGA SILO LARA Nº1 <S>,UNIDAD_HOJA_BAJO_SUBSECTOR
PR,PLYSP,PLAYA Y SUBPRODUCTO,UNIDAD,CSCL2,PR-PLYSP-VLV-CSCL2,BTZ_Description_04,PR-PLYSP-LGC-PLAYA Y SUB,PR-PLYSP-LGC-SILO DE CASCARA LARA,PR-PLYSP-VLV-CSCL2,VALVULA GUILLOTINA MOTORIZADA DE CARGA SILO LARA Nº2,PR-PLYSP-VLV-CSCL2,VALVULA GUILLOTINA MOTORIZADA DE CARGA SILO LARA Nº2,UNIDAD_HOJA_BAJO_SUBSECTOR
PR,PLYSP,PLAYA Y SUBPRODUCTO,UNIDAD,CSCL3,PR-PLYSP-VLV-CSCL3,BTZ_Description_04,PR-PLYSP-LGC-PLAYA Y SUB,PR-PLYSP-LGC-SILO DE CASCARA LARA,PR-PLYSP-VLV-CSCL3,VALVULA GUILLOTINA MOTORIZADA DE CARGA SILO LARA Nº3,PR-PLYSP-VLV-CSCL3,VALVULA GUILLOTINA MOTORIZADA DE CARGA SILO LARA Nº3,UNIDAD_HOJA_BAJO_SUBSECTOR
PR,PLYSP,PLAYA Y SUBPRODUCTO,UNIDAD,CSCL4,PR-PLYSP-VLV-CSCL4,BTZ_Description_04,PR-PLYSP-LGC-PLAYA Y SUB,PR-PLYSP-LGC-SILO DE CASCARA LARA,PR-PLYSP-VLV-CSCL4,VALVULA GUILLOTINA MOTORIZADA DE CARGA SILO LARA Nº4 <N>,PR-PLYSP-VLV-CSCL4,VALVULA GUILLOTINA MOTORIZADA DE CARGA SILO LARA Nº4 <N>,UNIDAD_HOJA_BAJO_SUBSECTOR
PR,PLYSP,PLAYA Y SUBPRODUCTO,SUBSECTOR,GENERAL,PR-PLYSP-LGC-GENERAL,BTZ_Description_03,PR-PLYSP-LGC-PLAYA Y SUB,PR-PLYSP-LGC-GENERAL,,,PR-PLYSP-LGC-PLAYA Y SUB,SUBSECTOR SINTETICO PARA HOJAS DIRECTAS DEL SECTOR,SUBSECTOR_SINTETICO_GENERAL
PR,PLYSP,PLAYA Y SUBPRODUCTO,UNIDAD,DNN,PR-PLYSP-BMB-DNN,BTZ_Description_04,PR-PLYSP-LGC-PLAYA Y SUB,PR-PLYSP-LGC-GENERAL,PR-PLYSP-BMB-DNN,BOMBA DEPRESION POZO NS-11,PR-PLYSP-BMB-DNN,BOMBA DEPRESION POZO NS-11,UNIDAD_HOJA_DIRECTA_BAJO_SECTOR
PR,VPR1,VAPOR 1,SECTOR,VAPOR 1,PR-VPR1-LGC-VAPOR 1,BTZ_Description_02,PR-VPR1-LGC-VAPOR 1,,,,PR-VPR1-LGC-VAPOR 1,LOGICO VAPOR 1,SECTOR_DESDE_RAIZ_PR
PR,VPR1,VAPOR 1,SUBSECTOR,CALDERA SALCOR CAREN Nº 1,PR-VPR1-LGC-CALDERA SALCOR CAREN Nº 1,BTZ_Description_03,PR-VPR1-LGC-VAPOR 1,PR-VPR1-LGC-CALDERA SALCOR CAREN Nº 1,,,PR-VPR1-CLD-SCA1,CALDERA SALCOR CAREN Nº 1,SUBSECTOR_DESDE_HIJO_LGC_O_NODO_INTERMEDIO
PR,VPR1,VAPOR 1,UNIDAD,ACS1,PR-VPR1-ALM-ACS1,BTZ_Description_04,PR-VPR1-LGC-VAPOR 1,PR-VPR1-LGC-CALDERA SALCOR CAREN Nº 1,PR-VPR1-ALM-ACS1,ALIMENTADOR DE CASCARA Nº 1 <ESTE>,PR-VPR1-ALM-ACS1,ALIMENTADOR DE CASCARA Nº 1 <ESTE>,UNIDAD_HOJA_BAJO_SUBSECTOR
PR,VPR1,VAPOR 1,UNIDAD,ACS2,PR-VPR1-ALM-ACS2,BTZ_Description_04,PR-VPR1-LGC-VAPOR 1,PR-VPR1-LGC-CALDERA SALCOR CAREN Nº 1,PR-VPR1-ALM-ACS2,ALIMENTADOR DE CASCARA Nº 2 <CENTRO>,PR-VPR1-ALM-ACS2,ALIMENTADOR DE CASCARA Nº 2 <CENTRO>,UNIDAD_HOJA_BAJO_SUBSECTOR
PR,VPR1,VAPOR 1,UNIDAD,ACS3,PR-VPR1-ALM-ACS3,BTZ_Description_04,PR-VPR1-LGC-VAPOR 1,PR-VPR1-LGC-CALDERA SALCOR CAREN Nº 1,PR-VPR1-ALM-ACS3,ALIMENTADOR DE CASCARA Nº 3 <OESTE>,PR-VPR1-ALM-ACS3,ALIMENTADOR DE CASCARA Nº 3 <OESTE>,UNIDAD_HOJA_BAJO_SUBSECTOR
PR,VPR1,VAPOR 1,UNIDAD,AGU1,PR-VPR1-BMB-AGU1,BTZ_Description_04,PR-VPR1-LGC-VAPOR 1,PR-VPR1-LGC-CALDERA SALCOR CAREN Nº 1,PR-VPR1-BMB-AGU1,BOMBA ALIMENTACION AGUA Nº 1,PR-VPR1-BMB-AGU1,BOMBA ALIMENTACION AGUA Nº 1,UNIDAD_HOJA_BAJO_SUBSECTOR
PR,VPR1,VAPOR 1,UNIDAD,AGU2,PR-VPR1-BMB-AGU2,BTZ_Description_04,PR-VPR1-LGC-VAPOR 1,PR-VPR1-LGC-CALDERA SALCOR CAREN Nº 1,PR-VPR1-BMB-AGU2,BOMBA ALIMENTACION AGUA Nº 2,PR-VPR1-BMB-AGU2,BOMBA ALIMENTACION AGUA Nº 2,UNIDAD_HOJA_BAJO_SUBSECTOR
PR,VPR1,VAPOR 1,UNIDAD,AGU3,PR-VPR1-BMB-AGU3,BTZ_Description_04,PR-VPR1-LGC-VAPOR 1,PR-VPR1-LGC-CALDERA SALCOR CAREN Nº 1,PR-VPR1-BMB-AGU3,BOMBA ALIMENTACION AGUA Nº 3,PR-VPR1-BMB-AGU3,BOMBA ALIMENTACION AGUA Nº 3,UNIDAD_HOJA_BAJO_SUBSECTOR
PR,VPR1,VAPOR 1,UNIDAD,PAPQ,PR-VPR1-BMB-PAPQ,BTZ_Description_04,PR-VPR1-LGC-VAPOR 1,PR-VPR1-LGC-CALDERA SALCOR CAREN Nº 1,PR-VPR1-BMB-PAPQ,BOMBA DOSADORA PROD. QUIMICOS,PR-VPR1-BMB-PAPQ,BOMBA DOSADORA PROD. QUIMICOS,UNIDAD_HOJA_BAJO_SUBSECTOR
PR,VPR1,VAPOR 1,UNIDAD,ABGCS,PR-VPR1-CIL-ABGCS,BTZ_Description_04,PR-VPR1-LGC-VAPOR 1,PR-VPR1-LGC-CALDERA SALCOR CAREN Nº 1,PR-VPR1-CIL-ABGCS,CILINDRO AIRE BAJO GRILLA CALDERA SALCOR,PR-VPR1-CIL-ABGCS,CILINDRO AIRE BAJO GRILLA CALDERA SALCOR,UNIDAD_HOJA_BAJO_SUBSECTOR
PR,VPR1,VAPOR 1,UNIDAD,CDCHCS,PR-VPR1-CIL-CDCHCS,BTZ_Description_04,PR-VPR1-LGC-VAPOR 1,PR-VPR1-LGC-CALDERA SALCOR CAREN Nº 1,PR-VPR1-CIL-CDCHCS,CILINDRO DUCTO CHIMENEA CALDERA SALCOR,PR-VPR1-CIL-CDCHCS,CILINDRO DUCTO CHIMENEA CALDERA SALCOR,UNIDAD_HOJA_BAJO_SUBSECTOR
PR,VPR1,VAPOR 1,UNIDAD,DVTIFE,PR-VPR1-CIL-DVTIFE,BTZ_Description_04,PR-VPR1-LGC-VAPOR 1,PR-VPR1-LGC-CALDERA SALCOR CAREN Nº 1,PR-VPR1-CIL-DVTIFE,CILINDRO CONTROL DAMPER VTI FILTRO ELECT.,PR-VPR1-CIL-DVTIFE,CILINDRO CONTROL DAMPER VTI FILTRO ELECT.,UNIDAD_HOJA_BAJO_SUBSECTOR
PR,VPR1,VAPOR 1,UNIDAD,TCHCS,PR-VPR1-CIL-TCHCS,BTZ_Description_04,PR-VPR1-LGC-VAPOR 1,PR-VPR1-LGC-CALDERA SALCOR CAREN Nº 1,PR-VPR1-CIL-TCHCS,CILINDRO TAPA CHIMENEA CALDERA SALCOR,PR-VPR1-CIL-TCHCS,CILINDRO TAPA CHIMENEA CALDERA SALCOR,UNIDAD_HOJA_BAJO_SUBSECTOR
PR,VPR1,VAPOR 1,UNIDAD,01,PR-VPR1-CIL-VTF-01,BTZ_Description_04,PR-VPR1-LGC-VAPOR 1,PR-VPR1-LGC-CALDERA SALCOR CAREN Nº 1,PR-VPR1-CIL-VTF-01,CILINDRO NEUMATICO VTF CALDERA SALCOR,PR-VPR1-CIL-VTF-01,CILINDRO NEUMATICO VTF CALDERA SALCOR,UNIDAD_HOJA_BAJO_SUBSECTOR
PR,VPR1,VAPOR 1,UNIDAD,CAL1,PR-VPR1-DSR-CAL1,BTZ_Description_04,PR-VPR1-LGC-VAPOR 1,PR-VPR1-LGC-CALDERA SALCOR CAREN Nº 1,PR-VPR1-DSR-CAL1,DESAIREADOR C.SALCOR Y RICCA,PR-VPR1-DSR-CAL1,DESAIREADOR C.SALCOR Y RICCA,UNIDAD_HOJA_BAJO_SUBSECTOR
PR,VPR1,VAPOR 1,UNIDAD,RE01,PR-VPR1-SPL-RE01,BTZ_Description_04,PR-VPR1-LGC-VAPOR 1,PR-VPR1-LGC-CALDERA SALCOR CAREN Nº 1,PR-VPR1-SPL-RE01,SOPLADOR HOLLIN RETRACTIL Nº 1 <S/O> SAL.,PR-VPR1-SPL-RE01,SOPLADOR HOLLIN RETRACTIL Nº 1 <S/O> SAL.,UNIDAD_HOJA_BAJO_SUBSECTOR
PR,VPR1,VAPOR 1,UNIDAD,RE02,PR-VPR1-SPL-RE02,BTZ_Description_04,PR-VPR1-LGC-VAPOR 1,PR-VPR1-LGC-CALDERA SALCOR CAREN Nº 1,PR-VPR1-SPL-RE02,SOPLADOR HOLLIN RETRACTIL Nº 2 <N/O> ENT.,PR-VPR1-SPL-RE02,SOPLADOR HOLLIN RETRACTIL Nº 2 <N/O> ENT.,UNIDAD_HOJA_BAJO_SUBSECTOR
PR,VPR1,VAPOR 1,UNIDAD,RE03,PR-VPR1-SPL-RE03,BTZ_Description_04,PR-VPR1-LGC-VAPOR 1,PR-VPR1-LGC-CALDERA SALCOR CAREN Nº 1,PR-VPR1-SPL-RE03,SOPLADOR HOLLIN RETRACTIL Nº 3 <N/E> ENT.,PR-VPR1-SPL-RE03,SOPLADOR HOLLIN RETRACTIL Nº 3 <N/E> ENT.,UNIDAD_HOJA_BAJO_SUBSECTOR
PR,VPR1,VAPOR 1,UNIDAD,RE04,PR-VPR1-SPL-RE04,BTZ_Description_04,PR-VPR1-LGC-VAPOR 1,PR-VPR1-LGC-CALDERA SALCOR CAREN Nº 1,PR-VPR1-SPL-RE04,SOPLADOR HOLLIN RETRACTIL Nº 4 <S/E> SAL.,PR-VPR1-SPL-RE04,SOPLADOR HOLLIN RETRACTIL Nº 4 <S/E> SAL.,UNIDAD_HOJA_BAJO_SUBSECTOR
PR,VPR1,VAPOR 1,UNIDAD,RE05,PR-VPR1-SPL-RE05,BTZ_Description_04,PR-VPR1-LGC-VAPOR 1,PR-VPR1-LGC-CALDERA SALCOR CAREN Nº 1,PR-VPR1-SPL-RE05,SOPLADOR HOLLIN RETRACTIL Nº 5 <S/E>,PR-VPR1-SPL-RE05,SOPLADOR HOLLIN RETRACTIL Nº 5 <S/E>,UNIDAD_HOJA_BAJO_SUBSECTOR
PR,VPR1,VAPOR 1,UNIDAD,RE06,PR-VPR1-SPL-RE06,BTZ_Description_04,PR-VPR1-LGC-VAPOR 1,PR-VPR1-LGC-CALDERA SALCOR CAREN Nº 1,PR-VPR1-SPL-RE06,SOPLADOR HOLLIN RETRACTIL Nº 6 <S> SAL.,PR-VPR1-SPL-RE06,SOPLADOR HOLLIN RETRACTIL Nº 6 <S> SAL.,UNIDAD_HOJA_BAJO_SUBSECTOR
PR,VPR1,VAPOR 1,UNIDAD,RE07,PR-VPR1-SPL-RE07,BTZ_Description_04,PR-VPR1-LGC-VAPOR 1,PR-VPR1-LGC-CALDERA SALCOR CAREN Nº 1,PR-VPR1-SPL-RE07,SOPLADOR HOLLIN RETRACTIL Nº 7 <S/O>,PR-VPR1-SPL-RE07,SOPLADOR HOLLIN RETRACTIL Nº 7 <S/O>,UNIDAD_HOJA_BAJO_SUBSECTOR
PR,VPR1,VAPOR 1,UNIDAD,RE08,PR-VPR1-SPL-RE08,BTZ_Description_04,PR-VPR1-LGC-VAPOR 1,PR-VPR1-LGC-CALDERA SALCOR CAREN Nº 1,PR-VPR1-SPL-RE08,SOPLADOR HOLLIN RETRACTIL Nº 8 <O>,PR-VPR1-SPL-RE08,SOPLADOR HOLLIN RETRACTIL Nº 8 <O>,UNIDAD_HOJA_BAJO_SUBSECTOR
PR,VPR1,VAPOR 1,UNIDAD,GOT,PR-VPR1-SPR-GOT,BTZ_Description_04,PR-VPR1-LGC-VAPOR 1,PR-VPR1-LGC-CALDERA SALCOR CAREN Nº 1,PR-VPR1-SPR-GOT,SEPARADOR DE GOTAS CALDERA SALCOR,PR-VPR1-SPR-GOT,SEPARADOR DE GOTAS CALDERA SALCOR,UNIDAD_HOJA_BAJO_SUBSECTOR
PR,VPR1,VAPOR 1,UNIDAD,001,PR-VPR1-VLV-LCV-001,BTZ_Description_04,PR-VPR1-LGC-VAPOR 1,PR-VPR1-LGC-CALDERA SALCOR CAREN Nº 1,PR-VPR1-VLV-LCV-001,VALVULA MODULADORA DE AGUA A DESAIREADOR,PR-VPR1-VLV-LCV-001,VALVULA MODULADORA DE AGUA A DESAIREADOR,UNIDAD_HOJA_BAJO_SUBSECTOR
PR,VPR1,VAPOR 1,UNIDAD,002,PR-VPR1-VLV-LCV-002,BTZ_Description_04,PR-VPR1-LGC-VAPOR 1,PR-VPR1-LGC-CALDERA SALCOR CAREN Nº 1,PR-VPR1-VLV-LCV-002,VALVULA MODULADORA DE AGUA DE ENTRADA A CALDERA,PR-VPR1-VLV-LCV-002,VALVULA MODULADORA DE AGUA DE ENTRADA A CALDERA,UNIDAD_HOJA_BAJO_SUBSECTOR
PR,VPR1,VAPOR 1,UNIDAD,001,PR-VPR1-VLV-PCV-001,BTZ_Description_04,PR-VPR1-LGC-VAPOR 1,PR-VPR1-LGC-CALDERA SALCOR CAREN Nº 1,PR-VPR1-VLV-PCV-001,VALVULA AUTORREGULADORA DE GAS CABINA DE ENTRADA <NORTE>,PR-VPR1-VLV-PCV-001,VALVULA AUTORREGULADORA DE GAS CABINA DE ENTRADA <NORTE>,UNIDAD_HOJA_BAJO_SUBSECTOR
PR,VPR1,VAPOR 1,UNIDAD,002,PR-VPR1-VLV-PCV-002,BTZ_Description_04,PR-VPR1-LGC-VAPOR 1,PR-VPR1-LGC-CALDERA SALCOR CAREN Nº 1,PR-VPR1-VLV-PCV-002,VALVULA AUTORREGULADORA DE GAS CABINA DE ENTRADA <SUR>,PR-VPR1-VLV-PCV-002,VALVULA AUTORREGULADORA DE GAS CABINA DE ENTRADA <SUR>,UNIDAD_HOJA_BAJO_SUBSECTOR
PR,VPR1,VAPOR 1,UNIDAD,103,PR-VPR1-VLV-PCV-103,BTZ_Description_04,PR-VPR1-LGC-VAPOR 1,PR-VPR1-LGC-CALDERA SALCOR CAREN Nº 1,PR-VPR1-VLV-PCV-103,VALVULA MODULADORA DE GAS DE ENTRADA A CALDERA,PR-VPR1-VLV-PCV-103,VALVULA MODULADORA DE GAS DE ENTRADA A CALDERA,UNIDAD_HOJA_BAJO_SUBSECTOR
PR,VPR1,VAPOR 1,UNIDAD,104,PR-VPR1-VLV-PCV-104,BTZ_Description_04,PR-VPR1-LGC-VAPOR 1,PR-VPR1-LGC-CALDERA SALCOR CAREN Nº 1,PR-VPR1-VLV-PCV-104,VALVULA MODULADORA DE VAPOR A DESAIREADOR,PR-VPR1-VLV-PCV-104,VALVULA MODULADORA DE VAPOR A DESAIREADOR,UNIDAD_HOJA_BAJO_SUBSECTOR
PR,VPR1,VAPOR 1,UNIDAD,106,PR-VPR1-VLV-PCV-106,BTZ_Description_04,PR-VPR1-LGC-VAPOR 1,PR-VPR1-LGC-CALDERA SALCOR CAREN Nº 1,PR-VPR1-VLV-PCV-106,VALVULA MODULADORA DE VAPOR ATOMIZACION,PR-VPR1-VLV-PCV-106,VALVULA MODULADORA DE VAPOR ATOMIZACION,UNIDAD_HOJA_BAJO_SUBSECTOR
PR,VPR1,VAPOR 1,UNIDAD,VSCCS,PR-VPR1-VLV-PCV-VSCCS,BTZ_Description_04,PR-VPR1-LGC-VAPOR 1,PR-VPR1-LGC-CALDERA SALCOR CAREN Nº 1,PR-VPR1-VLV-PCV-VSCCS,VALVULA NEUMATICA VENTEO SOBRECALENTADOR SALCOR,PR-VPR1-VLV-PCV-VSCCS,VALVULA NEUMATICA VENTEO SOBRECALENTADOR SALCOR,UNIDAD_HOJA_BAJO_SUBSECTOR
PR,VPR1,VAPOR 1,UNIDAD,SDACS,PR-VPR1-VLV-SDACS,BTZ_Description_04,PR-VPR1-LGC-VAPOR 1,PR-VPR1-LGC-CALDERA SALCOR CAREN Nº 1,PR-VPR1-VLV-SDACS,VALVULA DE SEGURIDAD DESAIREADOR,PR-VPR1-VLV-SDACS,VALVULA DE SEGURIDAD DESAIREADOR,UNIDAD_HOJA_BAJO_SUBSECTOR
PR,VPR1,VAPOR 1,UNIDAD,SDECS,PR-VPR1-VLV-SDECS,BTZ_Description_04,PR-VPR1-LGC-VAPOR 1,PR-VPR1-LGC-CALDERA SALCOR CAREN Nº 1,PR-VPR1-VLV-SDECS,VALVULA DE SEGURIDAD DOMO <ESTE>,PR-VPR1-VLV-SDECS,VALVULA DE SEGURIDAD DOMO <ESTE>,UNIDAD_HOJA_BAJO_SUBSECTOR
PR,VPR1,VAPOR 1,UNIDAD,SDOCS,PR-VPR1-VLV-SDOCS,BTZ_Description_04,PR-VPR1-LGC-VAPOR 1,PR-VPR1-LGC-CALDERA SALCOR CAREN Nº 1,PR-VPR1-VLV-SDOCS,VALVULA DE SEGURIDAD DOMO <OESTE>,PR-VPR1-VLV-SDOCS,VALVULA DE SEGURIDAD DOMO <OESTE>,UNIDAD_HOJA_BAJO_SUBSECTOR
PR,VPR1,VAPOR 1,UNIDAD,SL12,PR-VPR1-VLV-SL12,BTZ_Description_04,PR-VPR1-LGC-VAPOR 1,PR-VPR1-LGC-CALDERA SALCOR CAREN Nº 1,PR-VPR1-VLV-SL12,VALVULA DE SEGURIDAD LINEA DE 12 BAR,PR-VPR1-VLV-SL12,VALVULA DE SEGURIDAD LINEA DE 12 BAR,UNIDAD_HOJA_BAJO_SUBSECTOR
PR,VPR1,VAPOR 1,UNIDAD,SL7,PR-VPR1-VLV-SL7,BTZ_Description_04,PR-VPR1-LGC-VAPOR 1,PR-VPR1-LGC-CALDERA SALCOR CAREN Nº 1,PR-VPR1-VLV-SL7,VALVULA DE SEGURIDAD LINEA DE 7 BAR,PR-VPR1-VLV-SL7,VALVULA DE SEGURIDAD LINEA DE 7 BAR,UNIDAD_HOJA_BAJO_SUBSECTOR
PR,VPR1,VAPOR 1,UNIDAD,SL7S,PR-VPR1-VLV-SL7S,BTZ_Description_04,PR-VPR1-LGC-VAPOR 1,PR-VPR1-LGC-CALDERA SALCOR CAREN Nº 1,PR-VPR1-VLV-SL7S,VALVULA DE SEGURIDAD SECUNDARIA LINEA DE 7BAR,PR-VPR1-VLV-SL7S,VALVULA DE SEGURIDAD SECUNDARIA LINEA DE 7BAR,UNIDAD_HOJA_BAJO_SUBSECTOR
PR,VPR1,VAPOR 1,UNIDAD,001,PR-VPR1-VLV-SOV-001,BTZ_Description_04,PR-VPR1-LGC-VAPOR 1,PR-VPR1-LGC-CALDERA SALCOR CAREN Nº 1,PR-VPR1-VLV-SOV-001,VALVULA ON-OFF DE GAS ENTRADA A CALDERA <ESTE INFERIOR>,PR-VPR1-VLV-SOV-001,VALVULA ON-OFF DE GAS ENTRADA A CALDERA <ESTE INFERIOR>,UNIDAD_HOJA_BAJO_SUBSECTOR
PR,VPR1,VAPOR 1,UNIDAD,002,PR-VPR1-VLV-SOV-002,BTZ_Description_04,PR-VPR1-LGC-VAPOR 1,PR-VPR1-LGC-CALDERA SALCOR CAREN Nº 1,PR-VPR1-VLV-SOV-002,VALVULA ON-OFF DE GAS ENTRADA A CALDERA <ESTE SUPERIOR>,PR-VPR1-VLV-SOV-002,VALVULA ON-OFF DE GAS ENTRADA A CALDERA <ESTE SUPERIOR>,UNIDAD_HOJA_BAJO_SUBSECTOR
PR,VPR1,VAPOR 1,UNIDAD,003,PR-VPR1-VLV-SOV-003,BTZ_Description_04,PR-VPR1-LGC-VAPOR 1,PR-VPR1-LGC-CALDERA SALCOR CAREN Nº 1,PR-VPR1-VLV-SOV-003,VALVULA ON-OFF DE GAS ENTRADA A CALDERA <OESTE INFERIOR>,PR-VPR1-VLV-SOV-003,VALVULA ON-OFF DE GAS ENTRADA A CALDERA <OESTE INFERIOR>,UNIDAD_HOJA_BAJO_SUBSECTOR
PR,VPR1,VAPOR 1,UNIDAD,004,PR-VPR1-VLV-SOV-004,BTZ_Description_04,PR-VPR1-LGC-VAPOR 1,PR-VPR1-LGC-CALDERA SALCOR CAREN Nº 1,PR-VPR1-VLV-SOV-004,VALVULA ON-OFF DE GAS ENTRADA A CALDERA <OESTE SUPERIOR>,PR-VPR1-VLV-SOV-004,VALVULA ON-OFF DE GAS ENTRADA A CALDERA <OESTE SUPERIOR>,UNIDAD_HOJA_BAJO_SUBSECTOR
PR,VPR1,VAPOR 1,UNIDAD,SSCCS,PR-VPR1-VLV-SSCCS,BTZ_Description_04,PR-VPR1-LGC-VAPOR 1,PR-VPR1-LGC-CALDERA SALCOR CAREN Nº 1,PR-VPR1-VLV-SSCCS,VALVULA DE SEGURIDAD SOBRECALENTADOR,PR-VPR1-VLV-SSCCS,VALVULA DE SEGURIDAD SOBRECALENTADOR,UNIDAD_HOJA_BAJO_SUBSECTOR
PR,VPR1,VAPOR 1,UNIDAD,001,PR-VPR1-VLV-TCV-001,BTZ_Description_04,PR-VPR1-LGC-VAPOR 1,PR-VPR1-LGC-CALDERA SALCOR CAREN Nº 1,PR-VPR1-VLV-TCV-001,VALVULA MODULADORA DE ATEMPERACION,PR-VPR1-VLV-TCV-001,VALVULA MODULADORA DE ATEMPERACION,UNIDAD_HOJA_BAJO_SUBSECTOR
PR,VPR1,VAPOR 1,UNIDAD,VBCSLN,PR-VPR1-VLV-VBCSLN,BTZ_Description_04,PR-VPR1-LGC-VAPOR 1,PR-VPR1-LGC-CALDERA SALCOR CAREN Nº 1,PR-VPR1-VLV-VBCSLN,VALVULA DE BLOQUEO CALDERA SALCOR LADO NORTE,PR-VPR1-VLV-VBCSLN,VALVULA DE BLOQUEO CALDERA SALCOR LADO NORTE,UNIDAD_HOJA_BAJO_SUBSECTOR
PR,VPR1,VAPOR 1,UNIDAD,VBCSLS,PR-VPR1-VLV-VBCSLS,BTZ_Description_04,PR-VPR1-LGC-VAPOR 1,PR-VPR1-LGC-CALDERA SALCOR CAREN Nº 1,PR-VPR1-VLV-VBCSLS,VALVULA DE BLOQUEO CALDERA SALCOR LADO SUR,PR-VPR1-VLV-VBCSLS,VALVULA DE BLOQUEO CALDERA SALCOR LADO SUR,UNIDAD_HOJA_BAJO_SUBSECTOR
PR,VPR1,VAPOR 1,UNIDAD,VRCS1,PR-VPR1-VLV-VRCS1,BTZ_Description_04,PR-VPR1-LGC-VAPOR 1,PR-VPR1-LGC-CALDERA SALCOR CAREN Nº 1,PR-VPR1-VLV-VRCS1,VALVULA ROTATIVA DESC. CENIZA Nº1,PR-VPR1-VLV-VRCS1,VALVULA ROTATIVA DESC. CENIZA Nº1,UNIDAD_HOJA_BAJO_SUBSECTOR
PR,VPR1,VAPOR 1,UNIDAD,VRCS2,PR-VPR1-VLV-VRCS2,BTZ_Description_04,PR-VPR1-LGC-VAPOR 1,PR-VPR1-LGC-CALDERA SALCOR CAREN Nº 1,PR-VPR1-VLV-VRCS2,VALVULA ROTATIVA DESC. CENIZA Nº2,PR-VPR1-VLV-VRCS2,VALVULA ROTATIVA DESC. CENIZA Nº2,UNIDAD_HOJA_BAJO_SUBSECTOR
PR,VPR1,VAPOR 1,UNIDAD,VRCS3,PR-VPR1-VLV-VRCS3,BTZ_Description_04,PR-VPR1-LGC-VAPOR 1,PR-VPR1-LGC-CALDERA SALCOR CAREN Nº 1,PR-VPR1-VLV-VRCS3,VALVULA ROTATIVA DESC. CENIZA Nº3,PR-VPR1-VLV-VRCS3,VALVULA ROTATIVA DESC. CENIZA Nº3,UNIDAD_HOJA_BAJO_SUBSECTOR
PR,VPR1,VAPOR 1,UNIDAD,VRCS4,PR-VPR1-VLV-VRCS4,BTZ_Description_04,PR-VPR1-LGC-VAPOR 1,PR-VPR1-LGC-CALDERA SALCOR CAREN Nº 1,PR-VPR1-VLV-VRCS4,VALVULA ROTATIVA DESC. CENIZA Nº4,PR-VPR1-VLV-VRCS4,VALVULA ROTATIVA DESC. CENIZA Nº4,UNIDAD_HOJA_BAJO_SUBSECTOR
PR,VPR1,VAPOR 1,UNIDAD,VTF,PR-VPR1-VNT-VTF,BTZ_Description_04,PR-VPR1-LGC-VAPOR 1,PR-VPR1-LGC-CALDERA SALCOR CAREN Nº 1,PR-VPR1-VNT-VTF,VENTILADOR TIRO FORZADO (VTF) SALCOR,PR-VPR1-VNT-VTF,VENTILADOR TIRO FORZADO (VTF) SALCOR,UNIDAD_HOJA_BAJO_SUBSECTOR
PR,VPR1,VAPOR 1,UNIDAD,VTI,PR-VPR1-VNT-VTI,BTZ_Description_04,PR-VPR1-LGC-VAPOR 1,PR-VPR1-LGC-CALDERA SALCOR CAREN Nº 1,PR-VPR1-VNT-VTI,VENTILADOR TIRO INDUCIDO (VTI) SALCOR,PR-VPR1-VNT-VTI,VENTILADOR TIRO INDUCIDO (VTI) SALCOR,UNIDAD_HOJA_BAJO_SUBSECTOR
PR,VPR1,VAPOR 1,UNIDAD,VTU,PR-VPR1-VNT-VTU,BTZ_Description_04,PR-VPR1-LGC-VAPOR 1,PR-VPR1-LGC-CALDERA SALCOR CAREN Nº 1,PR-VPR1-VNT-VTU,VENTILADOR TURBULENCIA - SALCOR,PR-VPR1-VNT-VTU,VENTILADOR TURBULENCIA - SALCOR,UNIDAD_HOJA_BAJO_SUBSECTOR
PR,VPR1,VAPOR 1,SUBSECTOR,CALDERA SALCOR CAREN SM/3 SK Nº 3,PR-VPR1-LGC-CALDERA SALCOR CAREN SM/3 SK Nº 3,BTZ_Description_03,PR-VPR1-LGC-VAPOR 1,PR-VPR1-LGC-CALDERA SALCOR CAREN SM/3 SK Nº 3,,,PR-VPR1-CLD-SCA3,CALDERA SALCOR CAREN SM/3 SK Nº 3,SUBSECTOR_DESDE_HIJO_LGC_O_NODO_INTERMEDIO
PR,VPR1,VAPOR 1,UNIDAD,AGU5,PR-VPR1-BMB-AGU5,BTZ_Description_04,PR-VPR1-LGC-VAPOR 1,PR-VPR1-LGC-CALDERA SALCOR CAREN SM/3 SK Nº 3,PR-VPR1-BMB-AGU5,BOMBA ALIMENTACION AGUA Nº 5,PR-VPR1-BMB-AGU5,BOMBA ALIMENTACION AGUA Nº 5,UNIDAD_HOJA_BAJO_SUBSECTOR
PR,VPR1,VAPOR 1,UNIDAD,AGU6,PR-VPR1-BMB-AGU6,BTZ_Description_04,PR-VPR1-LGC-VAPOR 1,PR-VPR1-LGC-CALDERA SALCOR CAREN SM/3 SK Nº 3,PR-VPR1-BMB-AGU6,BOMBA ALIMENTACION DE AGUA 6 CALDERA,PR-VPR1-BMB-AGU6,BOMBA ALIMENTACION DE AGUA 6 CALDERA,UNIDAD_HOJA_BAJO_SUBSECTOR
PR,VPR1,VAPOR 1,UNIDAD,ANC3,PR-VPR1-VLV-ANC3,BTZ_Description_04,PR-VPR1-LGC-VAPOR 1,PR-VPR1-LGC-CALDERA SALCOR CAREN SM/3 SK Nº 3,PR-VPR1-VLV-ANC3,VALV. ALIVIO NORTE CALD. SALCOR 3,PR-VPR1-VLV-ANC3,VALV. ALIVIO NORTE CALD. SALCOR 3,UNIDAD_HOJA_BAJO_SUBSECTOR
PR,VPR1,VAPOR 1,UNIDAD,ASC3,PR-VPR1-VLV-ASC3,BTZ_Description_04,PR-VPR1-LGC-VAPOR 1,PR-VPR1-LGC-CALDERA SALCOR CAREN SM/3 SK Nº 3,PR-VPR1-VLV-ASC3,VALV. ALIVIO SUR CALD. SALCOR 3,PR-VPR1-VLV-ASC3,VALV. ALIVIO SUR CALD. SALCOR 3,UNIDAD_HOJA_BAJO_SUBSECTOR
PR,VPR1,VAPOR 1,UNIDAD,VTFC3,PR-VPR1-VNT-VTFC3,BTZ_Description_04,PR-VPR1-LGC-VAPOR 1,PR-VPR1-LGC-CALDERA SALCOR CAREN SM/3 SK Nº 3,PR-VPR1-VNT-VTFC3,VENTILADOR TIRO FORZADO CALD. 3 (VTF),PR-VPR1-VNT-VTFC3,VENTILADOR TIRO FORZADO CALD. 3 (VTF),UNIDAD_HOJA_BAJO_SUBSECTOR
PR,VPR1,VAPOR 1,SUBSECTOR,FILTRO PRECIPITADOR ELECTROESTATICO,PR-VPR1-LGC-FILTRO PRECIPITADOR ELECTROESTATICO,BTZ_Description_03,PR-VPR1-LGC-VAPOR 1,PR-VPR1-LGC-FILTRO PRECIPITADOR ELECTROESTATICO,,,PR-VPR1-FLT-PRC-CLD,FILTRO PRECIPITADOR ELECTROESTATICO,SUBSECTOR_DESDE_HIJO_LGC_O_NODO_INTERMEDIO
PR,VPR1,VAPOR 1,UNIDAD,RSCZF1,PR-VPR1-RDL-RSCZF1,BTZ_Description_04,PR-VPR1-LGC-VAPOR 1,PR-VPR1-LGC-FILTRO PRECIPITADOR ELECTROESTATICO,PR-VPR1-RDL-RSCZF1,REDLER DESCARGA FILTRO ELECTR. 01,PR-VPR1-RDL-RSCZF1,REDLER DESCARGA FILTRO ELECTR. 01,UNIDAD_HOJA_BAJO_SUBSECTOR
PR,VPR1,VAPOR 1,UNIDAD,RSCZF2,PR-VPR1-RSC-RSCZF2,BTZ_Description_04,PR-VPR1-LGC-VAPOR 1,PR-VPR1-LGC-FILTRO PRECIPITADOR ELECTROESTATICO,PR-VPR1-RSC-RSCZF2,ROSCA DE CENIZA 2 FILTRO ELECTR.,PR-VPR1-RSC-RSCZF2,ROSCA DE CENIZA 2 FILTRO ELECTR.,UNIDAD_HOJA_BAJO_SUBSECTOR
PR,VPR1,VAPOR 1,UNIDAD,RSCZF3,PR-VPR1-RSC-RSCZF3,BTZ_Description_04,PR-VPR1-LGC-VAPOR 1,PR-VPR1-LGC-FILTRO PRECIPITADOR ELECTROESTATICO,PR-VPR1-RSC-RSCZF3,ROSCA DE CENIZA 3 FILTRO ELECTR.,PR-VPR1-RSC-RSCZF3,ROSCA DE CENIZA 3 FILTRO ELECTR.,UNIDAD_HOJA_BAJO_SUBSECTOR
PR,VPR1,VAPOR 1,UNIDAD,VRCZF,PR-VPR1-VLV-VRCZF,BTZ_Description_04,PR-VPR1-LGC-VAPOR 1,PR-VPR1-LGC-FILTRO PRECIPITADOR ELECTROESTATICO,PR-VPR1-VLV-VRCZF,VALVULA ROTATIVA DESC. CENIZA FILTRO,PR-VPR1-VLV-VRCZF,VALVULA ROTATIVA DESC. CENIZA FILTRO,UNIDAD_HOJA_BAJO_SUBSECTOR
PR,VPR1,VAPOR 1,UNIDAD,VPH,PR-VPR1-VNT-VPH,BTZ_Description_04,PR-VPR1-LGC-VAPOR 1,PR-VPR1-LGC-FILTRO PRECIPITADOR ELECTROESTATICO,PR-VPR1-VNT-VPH,VENTILADOR PEN HOUSE FILTRO,PR-VPR1-VNT-VPH,VENTILADOR PEN HOUSE FILTRO,UNIDAD_HOJA_BAJO_SUBSECTOR
PR,VPR1,VAPOR 1,UNIDAD,VTIF,PR-VPR1-VNT-VTIF,BTZ_Description_04,PR-VPR1-LGC-VAPOR 1,PR-VPR1-LGC-FILTRO PRECIPITADOR ELECTROESTATICO,PR-VPR1-VNT-VTIF,VENTILADOR TIRO INDUCIDO FILTRO (VTI),PR-VPR1-VNT-VTIF,VENTILADOR TIRO INDUCIDO FILTRO (VTI),UNIDAD_HOJA_BAJO_SUBSECTOR
PR,VPR1,VAPOR 1,SUBSECTOR,ROSCAS,PR-VPR1-LGC-ROSCAS,BTZ_Description_03,PR-VPR1-LGC-VAPOR 1,PR-VPR1-LGC-ROSCAS,,,PR-VPR1-LGC-ROSCAS,LOGICO ROSCAS,SUBSECTOR_DESDE_HIJO_LGC_O_NODO_INTERMEDIO
PR,VPR1,VAPOR 1,UNIDAD,RCCS1,PR-VPR1-RSC-RCCS1,BTZ_Description_04,PR-VPR1-LGC-VAPOR 1,PR-VPR1-LGC-ROSCAS,PR-VPR1-RSC-RCCS1,ROSCA DE CENIZA Nº 1 <SUR>,PR-VPR1-RSC-RCCS1,ROSCA DE CENIZA Nº 1 <SUR>,UNIDAD_HOJA_BAJO_SUBSECTOR
PR,VPR1,VAPOR 1,UNIDAD,RCCS2,PR-VPR1-RSC-RCCS2,BTZ_Description_04,PR-VPR1-LGC-VAPOR 1,PR-VPR1-LGC-ROSCAS,PR-VPR1-RSC-RCCS2,ROSCA DE CENIZA Nº 2 <NORTE>,PR-VPR1-RSC-RCCS2,ROSCA DE CENIZA Nº 2 <NORTE>,UNIDAD_HOJA_BAJO_SUBSECTOR
PR,VPR1,VAPOR 1,UNIDAD,RSD1,PR-VPR1-RSC-RSD1,BTZ_Description_04,PR-VPR1-LGC-VAPOR 1,PR-VPR1-LGC-ROSCAS,PR-VPR1-RSC-RSD1,ROSCA DE RESIDUO 1,PR-VPR1-RSC-RSD1,ROSCA DE RESIDUO 1,UNIDAD_HOJA_BAJO_SUBSECTOR
PR,VPR1,VAPOR 1,UNIDAD,RSD2,PR-VPR1-RSC-RSD2,BTZ_Description_04,PR-VPR1-LGC-VAPOR 1,PR-VPR1-LGC-ROSCAS,PR-VPR1-RSC-RSD2,ROSCA DE RESIDUO 2 <INCLINADA> 500,PR-VPR1-RSC-RSD2,ROSCA DE RESIDUO 2 <INCLINADA> 500,UNIDAD_HOJA_BAJO_SUBSECTOR
PR,VPR1,VAPOR 1,UNIDAD,RSD3,PR-VPR1-RSC-RSD3,BTZ_Description_04,PR-VPR1-LGC-VAPOR 1,PR-VPR1-LGC-ROSCAS,PR-VPR1-RSC-RSD3,ROSCA DE RESIDUO 3,PR-VPR1-RSC-RSD3,ROSCA DE RESIDUO 3,UNIDAD_HOJA_BAJO_SUBSECTOR
PR,VPR1,VAPOR 1,UNIDAD,RSD4,PR-VPR1-RSC-RSD4,BTZ_Description_04,PR-VPR1-LGC-VAPOR 1,PR-VPR1-LGC-ROSCAS,PR-VPR1-RSC-RSD4,ROSCA DE RESIDUO 4 (INCLINADA) 400,PR-VPR1-RSC-RSD4,ROSCA DE RESIDUO 4 (INCLINADA) 400,UNIDAD_HOJA_BAJO_SUBSECTOR
PR,VPR1,VAPOR 1,UNIDAD,SFC1,PR-VPR1-RSC-SFC1,BTZ_Description_04,PR-VPR1-LGC-VAPOR 1,PR-VPR1-LGC-ROSCAS,PR-VPR1-RSC-SFC1,ROSCA DE CASCARA Nº1 REVALSE,PR-VPR1-RSC-SFC1,ROSCA DE CASCARA Nº1 REVALSE,UNIDAD_HOJA_BAJO_SUBSECTOR
PR,VPR1,VAPOR 1,UNIDAD,SFC2,PR-VPR1-RSC-SFC2,BTZ_Description_04,PR-VPR1-LGC-VAPOR 1,PR-VPR1-LGC-ROSCAS,PR-VPR1-RSC-SFC2,ROSCA DE CASCARA Nº2,PR-VPR1-RSC-SFC2,ROSCA DE CASCARA Nº2,UNIDAD_HOJA_BAJO_SUBSECTOR
PR,VPR1,VAPOR 1,UNIDAD,SFC3,PR-VPR1-RSC-SFC3,BTZ_Description_04,PR-VPR1-LGC-VAPOR 1,PR-VPR1-LGC-ROSCAS,PR-VPR1-RSC-SFC3,ROSCA DE CASCARA Nº3 (BAJO SILO),PR-VPR1-RSC-SFC3,ROSCA DE CASCARA Nº3 (BAJO SILO),UNIDAD_HOJA_BAJO_SUBSECTOR
PR,VPR1,VAPOR 1,UNIDAD,SFC4,PR-VPR1-RSC-SFC4,BTZ_Description_04,PR-VPR1-LGC-VAPOR 1,PR-VPR1-LGC-ROSCAS,PR-VPR1-RSC-SFC4,ROSCA DE CASCARA Nº4,PR-VPR1-RSC-SFC4,ROSCA DE CASCARA Nº4,UNIDAD_HOJA_BAJO_SUBSECTOR
PR,VPR1,VAPOR 1,SUBSECTOR,TOLVA PRINCIPAL DE RESIDUO,PR-VPR1-LGC-TOLVA PRINCIPAL DE RESIDUO,BTZ_Description_03,PR-VPR1-LGC-VAPOR 1,PR-VPR1-LGC-TOLVA PRINCIPAL DE RESIDUO,,,PR-VPR1-TLV-PRS,TOLVA PRINCIPAL DE RESIDUO,SUBSECTOR_DESDE_HIJO_LGC_O_NODO_INTERMEDIO
PR,VPR1,VAPOR 1,UNIDAD,RCL,PR-VPR1-BTD-RCL,BTZ_Description_04,PR-VPR1-LGC-VAPOR 1,PR-VPR1-LGC-TOLVA PRINCIPAL DE RESIDUO,PR-VPR1-BTD-RCL,BATIDORA DE RESIDUO,PR-VPR1-BTD-RCL,BATIDORA DE RESIDUO,UNIDAD_HOJA_BAJO_SUBSECTOR
PR,VPR1,VAPOR 1,SUBSECTOR,TOLVA SOBRANTE DE CASCARA,PR-VPR1-LGC-TOLVA SOBRANTE DE CASCARA,BTZ_Description_03,PR-VPR1-LGC-VAPOR 1,PR-VPR1-LGC-TOLVA SOBRANTE DE CASCARA,,,PR-VPR1-TLV-SCA,TOLVA SOBRANTE DE CASCARA,SUBSECTOR_DESDE_HIJO_LGC_O_NODO_INTERMEDIO
PR,VPR1,VAPOR 1,UNIDAD,SCA1,PR-VPR1-BMB-SCA1,BTZ_Description_04,PR-VPR1-LGC-VAPOR 1,PR-VPR1-LGC-TOLVA SOBRANTE DE CASCARA,PR-VPR1-BMB-SCA1,BOMBA SOPLANTE CASCARA Nº 1 (PLAYA),PR-VPR1-BMB-SCA1,BOMBA SOPLANTE CASCARA Nº 1 (PLAYA),UNIDAD_HOJA_BAJO_SUBSECTOR
PR,VPR1,VAPOR 1,UNIDAD,SPLC,PR-VPR1-SIS-SPLC,BTZ_Description_04,PR-VPR1-LGC-VAPOR 1,PR-VPR1-LGC-TOLVA SOBRANTE DE CASCARA,PR-VPR1-SIS-SPLC,LINEA DE SOPLADO CASCARA A PLAYA 4,PR-VPR1-SIS-SPLC,LINEA DE SOPLADO CASCARA A PLAYA 4,UNIDAD_HOJA_BAJO_SUBSECTOR
PR,VPR1,VAPOR 1,UNIDAD,CAS1,PR-VPR1-VLV-CAS1,BTZ_Description_04,PR-VPR1-LGC-VAPOR 1,PR-VPR1-LGC-TOLVA SOBRANTE DE CASCARA,PR-VPR1-VLV-CAS1,VALVULA DOSIFICADORA CASCARA Nº 1,PR-VPR1-VLV-CAS1,VALVULA DOSIFICADORA CASCARA Nº 1,UNIDAD_HOJA_BAJO_SUBSECTOR
PR,VPR1,VAPOR 1,UNIDAD,CSL,PR-VPR1-VLV-CSL,BTZ_Description_04,PR-VPR1-LGC-VAPOR 1,PR-VPR1-LGC-TOLVA SOBRANTE DE CASCARA,PR-VPR1-VLV-CSL,VALVULA DE DESVIO PLAYA 4,PR-VPR1-VLV-CSL,VALVULA DE DESVIO PLAYA 4,UNIDAD_HOJA_BAJO_SUBSECTOR
PR,VPR1,VAPOR 1,SUBSECTOR,TANQUE DE REPOSICION AGUA DESAIREADOR,PR-VPR1-LGC-TANQUE DE REPOSICION AGUA DESAIREADOR,BTZ_Description_03,PR-VPR1-LGC-VAPOR 1,PR-VPR1-LGC-TANQUE DE REPOSICION AGUA DESAIREADOR,,,PR-VPR1-TNQ-RAD,TANQUE DE REPOSICION AGUA DESAIREADOR,SUBSECTOR_DESDE_HIJO_LGC_O_NODO_INTERMEDIO
PR,VPR1,VAPOR 1,UNIDAD,REPN,PR-VPR1-BMB-REPN,BTZ_Description_04,PR-VPR1-LGC-VAPOR 1,PR-VPR1-LGC-TANQUE DE REPOSICION AGUA DESAIREADOR,PR-VPR1-BMB-REPN,BOMBA DE REPOSICION <NORTE>,PR-VPR1-BMB-REPN,BOMBA DE REPOSICION <NORTE>,UNIDAD_HOJA_BAJO_SUBSECTOR
PR,VPR1,VAPOR 1,UNIDAD,REPS,PR-VPR1-BMB-REPS,BTZ_Description_04,PR-VPR1-LGC-VAPOR 1,PR-VPR1-LGC-TANQUE DE REPOSICION AGUA DESAIREADOR,PR-VPR1-BMB-REPS,BOMBA DE REPOSICION <SUR>,PR-VPR1-BMB-REPS,BOMBA DE REPOSICION <SUR>,UNIDAD_HOJA_BAJO_SUBSECTOR
PR,VPR1,VAPOR 1,SUBSECTOR,GENERAL,PR-VPR1-LGC-GENERAL,BTZ_Description_03,PR-VPR1-LGC-VAPOR 1,PR-VPR1-LGC-GENERAL,,,PR-VPR1-LGC-VAPOR 1,SUBSECTOR SINTETICO PARA HOJAS DIRECTAS DEL SECTOR,SUBSECTOR_SINTETICO_GENERAL
PR,VPR1,VAPOR 1,UNIDAD,N02,PR-VPR1-GND-N02,BTZ_Description_04,PR-VPR1-LGC-VAPOR 1,PR-VPR1-LGC-GENERAL,PR-VPR1-GND-N02,GUINDOLA P/LIMPIEZA CALDERA SALCOR,PR-VPR1-GND-N02,GUINDOLA P/LIMPIEZA CALDERA SALCOR,UNIDAD_HOJA_DIRECTA_BAJO_SECTOR
PR,VPR1,VAPOR 1,UNIDAD,CSC,PR-VPR1-MLC-CSC,BTZ_Description_04,PR-VPR1-LGC-VAPOR 1,PR-VPR1-LGC-GENERAL,PR-VPR1-MLC-CSC,MALACATE C.S.C.,PR-VPR1-MLC-CSC,MALACATE C.S.C.,UNIDAD_HOJA_DIRECTA_BAJO_SECTOR
PR,VPR1,VAPOR 1,UNIDAD,RGA,PR-VPR1-SBE-RGA,BTZ_Description_04,PR-VPR1-LGC-VAPOR 1,PR-VPR1-LGC-GENERAL,PR-VPR1-SBE-RGA,SUBESTACION PPAL. REDUCTORA GAS,PR-VPR1-SBE-RGA,SUBESTACION PPAL. REDUCTORA GAS,UNIDAD_HOJA_DIRECTA_BAJO_SECTOR
PR,VPR1,VAPOR 1,UNIDAD,CCS,PR-VPR1-SLO-CCS,BTZ_Description_04,PR-VPR1-LGC-VAPOR 1,PR-VPR1-LGC-GENERAL,PR-VPR1-SLO-CCS,SILO DE CASCARA C. SALCOR,PR-VPR1-SLO-CCS,SILO DE CASCARA C. SALCOR,UNIDAD_HOJA_DIRECTA_BAJO_SECTOR
PR,VPR1,VAPOR 1,UNIDAD,SRS,PR-VPR1-TLV-SRS,BTZ_Description_04,PR-VPR1-LGC-VAPOR 1,PR-VPR1-LGC-GENERAL,PR-VPR1-TLV-SRS,TOLVA SECUNDARIA DE RESIDUO,PR-VPR1-TLV-SRS,TOLVA SECUNDARIA DE RESIDUO,UNIDAD_HOJA_DIRECTA_BAJO_SECTOR
PR,PDA,PLANTA DE AGUA,SECTOR,PLANTA DE AGUA,PR-PDA-LGC-PLANTA DE AGUA,BTZ_Description_02,PR-PDA-LGC-PLANTA DE AGUA,,,,PR-PDA-LGC-PLANTA DE AGUA,LOGICO PLANTA DE AGUA,SECTOR_DESDE_RAIZ_PR
PR,PDA,PLANTA DE AGUA,SUBSECTOR,CISTERNA DE AGUA CLARIFICADA,PR-PDA-LGC-CISTERNA DE AGUA CLARIFICADA,BTZ_Description_03,PR-PDA-LGC-PLANTA DE AGUA,PR-PDA-LGC-CISTERNA DE AGUA CLARIFICADA,,,PR-PDA-CST-CAGC,CISTERNA DE AGUA CLARIFICADA,SUBSECTOR_DESDE_HIJO_LGC_O_NODO_INTERMEDIO
PR,PDA,PLANTA DE AGUA,UNIDAD,AGC05,PR-PDA-BMB-AGC05,BTZ_Description_04,PR-PDA-LGC-PLANTA DE AGUA,PR-PDA-LGC-CISTERNA DE AGUA CLARIFICADA,PR-PDA-BMB-AGC05,BOMBA AGUA CLARIFICADA 5 T.E. <PRINCIPAL>,PR-PDA-BMB-AGC05,BOMBA AGUA CLARIFICADA 5 T.E. <PRINCIPAL>,UNIDAD_HOJA_BAJO_SUBSECTOR
PR,PDA,PLANTA DE AGUA,UNIDAD,AGC06,PR-PDA-BMB-AGC06,BTZ_Description_04,PR-PDA-LGC-PLANTA DE AGUA,PR-PDA-LGC-CISTERNA DE AGUA CLARIFICADA,PR-PDA-BMB-AGC06,BOMBA AGUA CLARIFICADA 6 T.E. <AUXLIAR>,PR-PDA-BMB-AGC06,BOMBA AGUA CLARIFICADA 6 T.E. <AUXLIAR>,UNIDAD_HOJA_BAJO_SUBSECTOR
PR,PDA,PLANTA DE AGUA,SUBSECTOR,SISTEMA ECUALIZACION EFLUENTES,PR-PDA-LGC-SISTEMA ECUALIZACION EFLUENTES,BTZ_Description_03,PR-PDA-LGC-PLANTA DE AGUA,PR-PDA-LGC-SISTEMA ECUALIZACION EFLUENTES,,,PR-PDA-ECE-SEE,SISTEMA ECUALIZACION EFLUENTES,SUBSECTOR_DESDE_HIJO_LGC_O_NODO_INTERMEDIO
PR,PDA,PLANTA DE AGUA,UNIDAD,VN1AD,PR-PDA-VLV-VN1AD,BTZ_Description_04,PR-PDA-LGC-PLANTA DE AGUA,PR-PDA-LGC-SISTEMA ECUALIZACION EFLUENTES,PR-PDA-VLV-VN1AD,VALVULA C/ACTUADOR NEUMATICO DESCARGA A DESAGUE,PR-PDA-VLV-VN1AD,VALVULA C/ACTUADOR NEUMATICO DESCARGA A DESAGUE,UNIDAD_HOJA_BAJO_SUBSECTOR
PR,PDA,PLANTA DE AGUA,UNIDAD,VN2DT1,PR-PDA-VLV-VN2DT1,BTZ_Description_04,PR-PDA-LGC-PLANTA DE AGUA,PR-PDA-LGC-SISTEMA ECUALIZACION EFLUENTES,PR-PDA-VLV-VN2DT1,VALVULA C/ACTUADOR NEUMATICO DESCARGA A TK Nº 1,PR-PDA-VLV-VN2DT1,VALVULA C/ACTUADOR NEUMATICO DESCARGA A TK Nº 1,UNIDAD_HOJA_BAJO_SUBSECTOR
PR,PDA,PLANTA DE AGUA,SUBSECTOR,RED DE AGUA POTABLE,PR-PDA-LGC-RED DE AGUA POTABLE,BTZ_Description_03,PR-PDA-LGC-PLANTA DE AGUA,PR-PDA-LGC-RED DE AGUA POTABLE,,,PR-PDA-RAP-SRAP,RED DE AGUA POTABLE,SUBSECTOR_DESDE_HIJO_LGC_O_NODO_INTERMEDIO
PR,PDA,PLANTA DE AGUA,UNIDAD,AGC07,PR-PDA-BMB-AGC07,BTZ_Description_04,PR-PDA-LGC-PLANTA DE AGUA,PR-PDA-LGC-RED DE AGUA POTABLE,PR-PDA-BMB-AGC07,BOMBA AGUA CLARIFICADA 7 (POTABLE),PR-PDA-BMB-AGC07,BOMBA AGUA CLARIFICADA 7 (POTABLE),UNIDAD_HOJA_BAJO_SUBSECTOR
PR,PDA,PLANTA DE AGUA,UNIDAD,CLR21,PR-PDA-BMB-CLR21,BTZ_Description_04,PR-PDA-LGC-PLANTA DE AGUA,PR-PDA-LGC-RED DE AGUA POTABLE,PR-PDA-BMB-CLR21,BOMBA DOSADORA EQUIPO CLORADOR (O),PR-PDA-BMB-CLR21,BOMBA DOSADORA EQUIPO CLORADOR (O),UNIDAD_HOJA_BAJO_SUBSECTOR
PR,PDA,PLANTA DE AGUA,UNIDAD,DAGP,PR-PDA-DPS-DAGP,BTZ_Description_04,PR-PDA-LGC-PLANTA DE AGUA,PR-PDA-LGC-RED DE AGUA POTABLE,PR-PDA-DPS-DAGP,DEPOSITO AGUA POTABLE,PR-PDA-DPS-DAGP,DEPOSITO AGUA POTABLE,UNIDAD_HOJA_BAJO_SUBSECTOR
PR,PDA,PLANTA DE AGUA,UNIDAD,VSAP,PR-PDA-VLV-VSAP,BTZ_Description_04,PR-PDA-LGC-PLANTA DE AGUA,PR-PDA-LGC-RED DE AGUA POTABLE,PR-PDA-VLV-VSAP,VALVULA SOLENOIDE BY PASS AGUA DE POZO,PR-PDA-VLV-VSAP,VALVULA SOLENOIDE BY PASS AGUA DE POZO,UNIDAD_HOJA_BAJO_SUBSECTOR
PR,PDA,PLANTA DE AGUA,SUBSECTOR,TANQUE AGUA CRUDA (ELEVADO),PR-PDA-LGC-TANQUE AGUA CRUDA (ELEVADO),BTZ_Description_03,PR-PDA-LGC-PLANTA DE AGUA,PR-PDA-LGC-TANQUE AGUA CRUDA (ELEVADO),,,PR-PDA-TNQ-ACR,TANQUE AGUA CRUDA (ELEVADO),SUBSECTOR_DESDE_HIJO_LGC_O_NODO_INTERMEDIO
PR,PDA,PLANTA DE AGUA,UNIDAD,AGP01,PR-PDA-BMB-AGP01,BTZ_Description_04,PR-PDA-LGC-PLANTA DE AGUA,PR-PDA-LGC-TANQUE AGUA CRUDA (ELEVADO),PR-PDA-BMB-AGP01,BOMBA DE AGUA POZO Nº 1,PR-PDA-BMB-AGP01,BOMBA DE AGUA POZO Nº 1,UNIDAD_HOJA_BAJO_SUBSECTOR
PR,PDA,PLANTA DE AGUA,UNIDAD,AGP02,PR-PDA-BMB-AGP02,BTZ_Description_04,PR-PDA-LGC-PLANTA DE AGUA,PR-PDA-LGC-TANQUE AGUA CRUDA (ELEVADO),PR-PDA-BMB-AGP02,BOMBA DE AGUA POZO Nº 2,PR-PDA-BMB-AGP02,BOMBA DE AGUA POZO Nº 2,UNIDAD_HOJA_BAJO_SUBSECTOR
PR,PDA,PLANTA DE AGUA,UNIDAD,AGP03,PR-PDA-BMB-AGP03,BTZ_Description_04,PR-PDA-LGC-PLANTA DE AGUA,PR-PDA-LGC-TANQUE AGUA CRUDA (ELEVADO),PR-PDA-BMB-AGP03,BOMBA DE AGUA POZO Nº 3,PR-PDA-BMB-AGP03,BOMBA DE AGUA POZO Nº 3,UNIDAD_HOJA_BAJO_SUBSECTOR
PR,PDA,PLANTA DE AGUA,SUBSECTOR,TANQUE ACIDO SULFURICO HOR.,PR-PDA-LGC-TANQUE ACIDO SULFURICO HOR.,BTZ_Description_03,PR-PDA-LGC-PLANTA DE AGUA,PR-PDA-LGC-TANQUE ACIDO SULFURICO HOR.,,,PR-PDA-TNQ-ACS,TANQUE ACIDO SULFURICO HOR.,SUBSECTOR_DESDE_HIJO_LGC_O_NODO_INTERMEDIO
PR,PDA,PLANTA DE AGUA,UNIDAD,ACS01,PR-PDA-BMB-ACS01,BTZ_Description_04,PR-PDA-LGC-PLANTA DE AGUA,PR-PDA-LGC-TANQUE ACIDO SULFURICO HOR.,PR-PDA-BMB-ACS01,BOMBA DESCARGA ACIDO SULFURICO,PR-PDA-BMB-ACS01,BOMBA DESCARGA ACIDO SULFURICO,UNIDAD_HOJA_BAJO_SUBSECTOR
PR,PDA,PLANTA DE AGUA,SUBSECTOR,TANQUE AGUA DESMINERALIZADA SUR,PR-PDA-LGC-TANQUE AGUA DESMINERALIZADA SUR,BTZ_Description_03,PR-PDA-LGC-PLANTA DE AGUA,PR-PDA-LGC-TANQUE AGUA DESMINERALIZADA SUR,,,PR-PDA-TNQ-ADE,TANQUE AGUA DESMINERALIZADA SUR,SUBSECTOR_DESDE_HIJO_LGC_O_NODO_INTERMEDIO
PR,PDA,PLANTA DE AGUA,UNIDAD,AGD03,PR-PDA-BMB-AGD03,BTZ_Description_04,PR-PDA-LGC-PLANTA DE AGUA,PR-PDA-LGC-TANQUE AGUA DESMINERALIZADA SUR,PR-PDA-BMB-AGD03,BOMBA AGUA DESMINER. (S) <PRINC.>,PR-PDA-BMB-AGD03,BOMBA AGUA DESMINER. (S) <PRINC.>,UNIDAD_HOJA_BAJO_SUBSECTOR
PR,PDA,PLANTA DE AGUA,UNIDAD,AGD04,PR-PDA-BMB-AGD04,BTZ_Description_04,PR-PDA-LGC-PLANTA DE AGUA,PR-PDA-LGC-TANQUE AGUA DESMINERALIZADA SUR,PR-PDA-BMB-AGD04,BOMBA AGUA DESMINERALIZADA (N) <AUX.>,PR-PDA-BMB-AGD04,BOMBA AGUA DESMINERALIZADA (N) <AUX.>,UNIDAD_HOJA_BAJO_SUBSECTOR
PR,PDA,PLANTA DE AGUA,SUBSECTOR,TANQUE SODA CAUSTICA HOR.,PR-PDA-LGC-TANQUE SODA CAUSTICA HOR.,BTZ_Description_03,PR-PDA-LGC-PLANTA DE AGUA,PR-PDA-LGC-TANQUE SODA CAUSTICA HOR.,,,PR-PDA-TNQ-SOC,TANQUE SODA CAUSTICA HOR.,SUBSECTOR_DESDE_HIJO_LGC_O_NODO_INTERMEDIO
PR,PDA,PLANTA DE AGUA,UNIDAD,SOC22,PR-PDA-BMB-SOC22,BTZ_Description_04,PR-PDA-LGC-PLANTA DE AGUA,PR-PDA-LGC-TANQUE SODA CAUSTICA HOR.,PR-PDA-BMB-SOC22,BOMBA DESCARGA SODA CAUSTICA,PR-PDA-BMB-SOC22,BOMBA DESCARGA SODA CAUSTICA,UNIDAD_HOJA_BAJO_SUBSECTOR
PR,PDA,PLANTA DE AGUA,UNIDAD,SOC23,PR-PDA-BMB-SOC23,BTZ_Description_04,PR-PDA-LGC-PLANTA DE AGUA,PR-PDA-LGC-TANQUE SODA CAUSTICA HOR.,PR-PDA-BMB-SOC23,BOMBA DISTRIBUCION SODA CAUSTICA,PR-PDA-BMB-SOC23,BOMBA DISTRIBUCION SODA CAUSTICA,UNIDAD_HOJA_BAJO_SUBSECTOR
PR,PDA,PLANTA DE AGUA,SUBSECTOR,TANQUE Nº1 ECUALIZACION DE EFLUENTE,PR-PDA-LGC-TANQUE Nº1 ECUALIZACION DE EFLUENTE,BTZ_Description_03,PR-PDA-LGC-PLANTA DE AGUA,PR-PDA-LGC-TANQUE Nº1 ECUALIZACION DE EFLUENTE,,,PR-PDA-TNQ-T1EEFL,TANQUE Nº1 ECUALIZACION DE EFLUENTE,SUBSECTOR_DESDE_HIJO_LGC_O_NODO_INTERMEDIO
PR,PDA,PLANTA DE AGUA,UNIDAD,B1AT2,PR-PDA-BMB-B1AT2,BTZ_Description_04,PR-PDA-LGC-PLANTA DE AGUA,PR-PDA-LGC-TANQUE Nº1 ECUALIZACION DE EFLUENTE,PR-PDA-BMB-B1AT2,BOMBA Nº1 ENVIO EFLUENTE A TANQUE Nº 2,PR-PDA-BMB-B1AT2,BOMBA Nº1 ENVIO EFLUENTE A TANQUE Nº 2,UNIDAD_HOJA_BAJO_SUBSECTOR
PR,PDA,PLANTA DE AGUA,UNIDAD,B2AT2,PR-PDA-BMB-B2AT2,BTZ_Description_04,PR-PDA-LGC-PLANTA DE AGUA,PR-PDA-LGC-TANQUE Nº1 ECUALIZACION DE EFLUENTE,PR-PDA-BMB-B2AT2,BOMBA Nº2 ENVIO EFLUENTE A TANQUE Nº 2,PR-PDA-BMB-B2AT2,BOMBA Nº2 ENVIO EFLUENTE A TANQUE Nº 2,UNIDAD_HOJA_BAJO_SUBSECTOR
PR,PDA,PLANTA DE AGUA,SUBSECTOR,TANQUE Nº2 ECUALIZACION EFLUENTE,PR-PDA-LGC-TANQUE Nº2 ECUALIZACION EFLUENTE,BTZ_Description_03,PR-PDA-LGC-PLANTA DE AGUA,PR-PDA-LGC-TANQUE Nº2 ECUALIZACION EFLUENTE,,,PR-PDA-TNQ-T2EEFL,TANQUE Nº2 ECUALIZACION EFLUENTE,SUBSECTOR_DESDE_HIJO_LGC_O_NODO_INTERMEDIO
PR,PDA,PLANTA DE AGUA,UNIDAD,B3DAD,PR-PDA-BMB-B3DAD,BTZ_Description_04,PR-PDA-LGC-PLANTA DE AGUA,PR-PDA-LGC-TANQUE Nº2 ECUALIZACION EFLUENTE,PR-PDA-BMB-B3DAD,BOMBA Nº3 DESCARGA A DESAGUE,PR-PDA-BMB-B3DAD,BOMBA Nº3 DESCARGA A DESAGUE,UNIDAD_HOJA_BAJO_SUBSECTOR
PR,PDA,PLANTA DE AGUA,UNIDAD,B4DAD,PR-PDA-BMB-B4DAD,BTZ_Description_04,PR-PDA-LGC-PLANTA DE AGUA,PR-PDA-LGC-TANQUE Nº2 ECUALIZACION EFLUENTE,PR-PDA-BMB-B4DAD,BOMBA Nº4 DESCARGA A DESAGUE,PR-PDA-BMB-B4DAD,BOMBA Nº4 DESCARGA A DESAGUE,UNIDAD_HOJA_BAJO_SUBSECTOR
PR,PDA,PLANTA DE AGUA,UNIDAD,BAPH,PR-PDA-BMB-BAPH,BTZ_Description_04,PR-PDA-LGC-PLANTA DE AGUA,PR-PDA-LGC-TANQUE Nº2 ECUALIZACION EFLUENTE,PR-PDA-BMB-BAPH,BOMBA AJUSTE DE PH PARA DESCARGA A DESAGUE,PR-PDA-BMB-BAPH,BOMBA AJUSTE DE PH PARA DESCARGA A DESAGUE,UNIDAD_HOJA_BAJO_SUBSECTOR
PR,PDA,PLANTA DE AGUA,UNIDAD,PHCBD,PR-PDA-PHM-PHCBD,BTZ_Description_04,PR-PDA-LGC-PLANTA DE AGUA,PR-PDA-LGC-TANQUE Nº2 ECUALIZACION EFLUENTE,PR-PDA-PHM-PHCBD,PHMETRO CONTROL BOMBA DOSIFICADORA,PR-PDA-PHM-PHCBD,PHMETRO CONTROL BOMBA DOSIFICADORA,UNIDAD_HOJA_BAJO_SUBSECTOR
PR,PDA,PLANTA DE AGUA,UNIDAD,VDEAD,PR-PDA-VLV-VDEAD,BTZ_Description_04,PR-PDA-LGC-PLANTA DE AGUA,PR-PDA-LGC-TANQUE Nº2 ECUALIZACION EFLUENTE,PR-PDA-VLV-VDEAD,VALVULA C/ACUADOR NEUMATI DESCARGA EFL. LISO A DESAG.,PR-PDA-VLV-VDEAD,VALVULA C/ACUADOR NEUMATI DESCARGA EFL. LISO A DESAG.,UNIDAD_HOJA_BAJO_SUBSECTOR
PR,PDA,PLANTA DE AGUA,SUBSECTOR,TANQUE RECEPCION AGUA CLARIFICADA,PR-PDA-LGC-TANQUE RECEPCION AGUA CLARIFICADA,BTZ_Description_03,PR-PDA-LGC-PLANTA DE AGUA,PR-PDA-LGC-TANQUE RECEPCION AGUA CLARIFICADA,,,PR-PDA-TNQ-TRAC,TANQUE RECEPCION AGUA CLARIFICADA,SUBSECTOR_DESDE_HIJO_LGC_O_NODO_INTERMEDIO
PR,PDA,PLANTA DE AGUA,UNIDAD,AGC04,PR-PDA-BMB-AGC04,BTZ_Description_04,PR-PDA-LGC-PLANTA DE AGUA,PR-PDA-LGC-TANQUE RECEPCION AGUA CLARIFICADA,PR-PDA-BMB-AGC04,BOMBA AGUA CLARIFICADA Nº 4 <EXT.>,PR-PDA-BMB-AGC04,BOMBA AGUA CLARIFICADA Nº 4 <EXT.>,UNIDAD_HOJA_BAJO_SUBSECTOR
PR,PDA,PLANTA DE AGUA,SUBSECTOR,TREN DESMINERALIZADOR Nº 1 (SUR),PR-PDA-LGC-TREN DESMINERALIZADOR Nº 1 (SUR),BTZ_Description_03,PR-PDA-LGC-PLANTA DE AGUA,PR-PDA-LGC-TREN DESMINERALIZADOR Nº 1 (SUR),,,PR-PDA-TRN-DES1,TREN DESMINERALIZADOR Nº 1 (SUR),SUBSECTOR_DESDE_HIJO_LGC_O_NODO_INTERMEDIO
PR,PDA,PLANTA DE AGUA,UNIDAD,AGC01,PR-PDA-BMB-AGC01,BTZ_Description_04,PR-PDA-LGC-PLANTA DE AGUA,PR-PDA-LGC-TREN DESMINERALIZADOR Nº 1 (SUR),PR-PDA-BMB-AGC01,BOMBA AGUA CLARIFICADA Nº 1 <C>,PR-PDA-BMB-AGC01,BOMBA AGUA CLARIFICADA Nº 1 <C>,UNIDAD_HOJA_BAJO_SUBSECTOR
PR,PDA,PLANTA DE AGUA,UNIDAD,CCT1,PR-PDA-COL-CCT1,BTZ_Description_04,PR-PDA-LGC-PLANTA DE AGUA,PR-PDA-LGC-TREN DESMINERALIZADOR Nº 1 (SUR),PR-PDA-COL-CCT1,COLUMNA CATIONICA TREN DEMI Nº1,PR-PDA-COL-CCT1,COLUMNA CATIONICA TREN DEMI Nº1,UNIDAD_HOJA_BAJO_SUBSECTOR
PR,PDA,PLANTA DE AGUA,UNIDAD,FAGU1,PR-PDA-FLT-FAGU1,BTZ_Description_04,PR-PDA-LGC-PLANTA DE AGUA,PR-PDA-LGC-TREN DESMINERALIZADOR Nº 1 (SUR),PR-PDA-FLT-FAGU1,FILTRO DE AGUA CLARIFICADA TREN DEMI Nº1,PR-PDA-FLT-FAGU1,FILTRO DE AGUA CLARIFICADA TREN DEMI Nº1,UNIDAD_HOJA_BAJO_SUBSECTOR
PR,PDA,PLANTA DE AGUA,SUBSECTOR,TREN DESMINERALIZADOR Nº 2 (NORTE),PR-PDA-LGC-TREN DESMINERALIZADOR Nº 2 (NORTE),BTZ_Description_03,PR-PDA-LGC-PLANTA DE AGUA,PR-PDA-LGC-TREN DESMINERALIZADOR Nº 2 (NORTE),,,PR-PDA-TRN-DES2,TREN DESMINERALIZADOR Nº 2 (NORTE),SUBSECTOR_DESDE_HIJO_LGC_O_NODO_INTERMEDIO
PR,PDA,PLANTA DE AGUA,UNIDAD,AGC02,PR-PDA-BMB-AGC02,BTZ_Description_04,PR-PDA-LGC-PLANTA DE AGUA,PR-PDA-LGC-TREN DESMINERALIZADOR Nº 2 (NORTE),PR-PDA-BMB-AGC02,BOMBA AGUA CLARIFICADA Nº 2 <O>,PR-PDA-BMB-AGC02,BOMBA AGUA CLARIFICADA Nº 2 <O>,UNIDAD_HOJA_BAJO_SUBSECTOR
PR,PDA,PLANTA DE AGUA,UNIDAD,CCT2,PR-PDA-COL-CCT2,BTZ_Description_04,PR-PDA-LGC-PLANTA DE AGUA,PR-PDA-LGC-TREN DESMINERALIZADOR Nº 2 (NORTE),PR-PDA-COL-CCT2,COLUMNA CATIONICA TREN DEMI Nº2,PR-PDA-COL-CCT2,COLUMNA CATIONICA TREN DEMI Nº2,UNIDAD_HOJA_BAJO_SUBSECTOR
PR,PDA,PLANTA DE AGUA,UNIDAD,FAGU2,PR-PDA-FLT-FAGU2,BTZ_Description_04,PR-PDA-LGC-PLANTA DE AGUA,PR-PDA-LGC-TREN DESMINERALIZADOR Nº 2 (NORTE),PR-PDA-FLT-FAGU2,FILTRO DE AGUA CLARIFICADA TREN DEMI Nº2,PR-PDA-FLT-FAGU2,FILTRO DE AGUA CLARIFICADA TREN DEMI Nº2,UNIDAD_HOJA_BAJO_SUBSECTOR
PR,PDA,PLANTA DE AGUA,SUBSECTOR,TREN DESMINERALIZADOR Nº 3 (CENTRO),PR-PDA-LGC-TREN DESMINERALIZADOR Nº 3 (CENTRO),BTZ_Description_03,PR-PDA-LGC-PLANTA DE AGUA,PR-PDA-LGC-TREN DESMINERALIZADOR Nº 3 (CENTRO),,,PR-PDA-TRN-DES3,TREN DESMINERALIZADOR Nº 3 (CENTRO),SUBSECTOR_DESDE_HIJO_LGC_O_NODO_INTERMEDIO
PR,PDA,PLANTA DE AGUA,UNIDAD,AGC03,PR-PDA-BMB-AGC03,BTZ_Description_04,PR-PDA-LGC-PLANTA DE AGUA,PR-PDA-LGC-TREN DESMINERALIZADOR Nº 3 (CENTRO),PR-PDA-BMB-AGC03,BOMBA AGUA CLARIFICADA Nº 3 <E>,PR-PDA-BMB-AGC03,BOMBA AGUA CLARIFICADA Nº 3 <E>,UNIDAD_HOJA_BAJO_SUBSECTOR
PR,PDA,PLANTA DE AGUA,UNIDAD,CCT3,PR-PDA-COL-CCT3,BTZ_Description_04,PR-PDA-LGC-PLANTA DE AGUA,PR-PDA-LGC-TREN DESMINERALIZADOR Nº 3 (CENTRO),PR-PDA-COL-CCT3,COLUMNA CATIONICA TREN DEMI Nº3,PR-PDA-COL-CCT3,COLUMNA CATIONICA TREN DEMI Nº3,UNIDAD_HOJA_BAJO_SUBSECTOR
PR,PDA,PLANTA DE AGUA,UNIDAD,ESRAC3,PR-PDA-EYE-ESRAC3,BTZ_Description_04,PR-PDA-LGC-PLANTA DE AGUA,PR-PDA-LGC-TREN DESMINERALIZADOR Nº 3 (CENTRO),PR-PDA-EYE-ESRAC3,EYECTOR SOLUCION REGENERANTE ACIDA TD. Nº3,PR-PDA-EYE-ESRAC3,EYECTOR SOLUCION REGENERANTE ACIDA TD. Nº3,UNIDAD_HOJA_BAJO_SUBSECTOR
PR,PDA,PLANTA DE AGUA,UNIDAD,ESRAL3,PR-PDA-EYE-ESRAL3,BTZ_Description_04,PR-PDA-LGC-PLANTA DE AGUA,PR-PDA-LGC-TREN DESMINERALIZADOR Nº 3 (CENTRO),PR-PDA-EYE-ESRAL3,EYECTOR SOLUCION REGENERANTE ALCALINA TD. Nº3,PR-PDA-EYE-ESRAL3,EYECTOR SOLUCION REGENERANTE ALCALINA TD. Nº3,UNIDAD_HOJA_BAJO_SUBSECTOR
PR,PDA,PLANTA DE AGUA,UNIDAD,FAGU3,PR-PDA-FLT-FAGU3,BTZ_Description_04,PR-PDA-LGC-PLANTA DE AGUA,PR-PDA-LGC-TREN DESMINERALIZADOR Nº 3 (CENTRO),PR-PDA-FLT-FAGU3,FILTRO DE AGUA DESMINER. 3,PR-PDA-FLT-FAGU3,FILTRO DE AGUA DESMINER. 3,UNIDAD_HOJA_BAJO_SUBSECTOR
PR,PDA,PLANTA DE AGUA,SUBSECTOR,GENERAL,PR-PDA-LGC-GENERAL,BTZ_Description_03,PR-PDA-LGC-PLANTA DE AGUA,PR-PDA-LGC-GENERAL,,,PR-PDA-LGC-PLANTA DE AGUA,SUBSECTOR SINTETICO PARA HOJAS DIRECTAS DEL SECTOR,SUBSECTOR_SINTETICO_GENERAL
PR,PDA,PLANTA DE AGUA,UNIDAD,AGC,PR-PDA-ACD-AGC,BTZ_Description_04,PR-PDA-LGC-PLANTA DE AGUA,PR-PDA-LGC-GENERAL,PR-PDA-ACD-AGC,ACUEDUCTO DE AGUA CLARIFICADA,PR-PDA-ACD-AGC,ACUEDUCTO DE AGUA CLARIFICADA,UNIDAD_HOJA_DIRECTA_BAJO_SECTOR
PR,PDA,PLANTA DE AGUA,UNIDAD,COR20,PR-PDA-BMB-COR20,BTZ_Description_04,PR-PDA-LGC-PLANTA DE AGUA,PR-PDA-LGC-GENERAL,PR-PDA-BMB-COR20,BOMBA DOSADORA INHIBIDOR CORROSION (E),PR-PDA-BMB-COR20,BOMBA DOSADORA INHIBIDOR CORROSION (E),UNIDAD_HOJA_DIRECTA_BAJO_SECTOR
PR,PDA,PLANTA DE AGUA,UNIDAD,AGP,PR-PDA-DPS-AGP,BTZ_Description_04,PR-PDA-LGC-PLANTA DE AGUA,PR-PDA-LGC-GENERAL,PR-PDA-DPS-AGP,DEPOSITO AGUA POTABLE,PR-PDA-DPS-AGP,DEPOSITO AGUA POTABLE,UNIDAD_HOJA_DIRECTA_BAJO_SECTOR
PR,PDA,PLANTA DE AGUA,UNIDAD,ARE,PR-PDA-FLT-ARE,BTZ_Description_04,PR-PDA-LGC-PLANTA DE AGUA,PR-PDA-LGC-GENERAL,PR-PDA-FLT-ARE,FILTRO DE ARENA,PR-PDA-FLT-ARE,FILTRO DE ARENA,UNIDAD_HOJA_DIRECTA_BAJO_SECTOR
PR,PDA,PLANTA DE AGUA,UNIDAD,CSN,PR-PDA-FLT-CSN,BTZ_Description_04,PR-PDA-LGC-PLANTA DE AGUA,PR-PDA-LGC-GENERAL,PR-PDA-FLT-CSN,FILTRO DE AGUA CLAR. CISTERNA,PR-PDA-FLT-CSN,FILTRO DE AGUA CLAR. CISTERNA,UNIDAD_HOJA_DIRECTA_BAJO_SECTOR
PR,PDA,PLANTA DE AGUA,UNIDAD,FAGC,PR-PDA-FLT-FAGC,BTZ_Description_04,PR-PDA-LGC-PLANTA DE AGUA,PR-PDA-LGC-GENERAL,PR-PDA-FLT-FAGC,FILTRO ARENA DE AGUA CLARIFICADA A CISTERNA,PR-PDA-FLT-FAGC,FILTRO ARENA DE AGUA CLARIFICADA A CISTERNA,UNIDAD_HOJA_DIRECTA_BAJO_SECTOR
PR,PDA,PLANTA DE AGUA,UNIDAD,AGC,PR-PDA-TNQ-AGC,BTZ_Description_04,PR-PDA-LGC-PLANTA DE AGUA,PR-PDA-LGC-GENERAL,PR-PDA-TNQ-AGC,TANQUE DE AGUA CLARIFICADA (NORTE),PR-PDA-TNQ-AGC,TANQUE DE AGUA CLARIFICADA (NORTE),UNIDAD_HOJA_DIRECTA_BAJO_SECTOR
PR,PDA,PLANTA DE AGUA,UNIDAD,VES,PR-PDA-TNQ-VES,BTZ_Description_04,PR-PDA-LGC-PLANTA DE AGUA,PR-PDA-LGC-GENERAL,PR-PDA-TNQ-VES,TANQUE DE AGUA VESTUARIOS,PR-PDA-TNQ-VES,TANQUE DE AGUA VESTUARIOS,UNIDAD_HOJA_DIRECTA_BAJO_SECTOR
PR,AGR,REPROCESO,SECTOR,REPROCESO,PR-AGR-LGC-REPROCESO,BTZ_Description_02,PR-AGR-LGC-REPROCESO,,,,PR-AGR-LGC-REPROCESO,LOGICO REPROCESO,SECTOR_DESDE_RAIZ_PR
PR,AGR,REPROCESO,SUBSECTOR,MOLINOS REPROCESO,PR-AGR-LGC-MOLINOS,BTZ_Description_03,PR-AGR-LGC-REPROCESO,PR-AGR-LGC-MOLINOS,,,PR-AGR-LGC-MOLINOS,LOGICO MOLINOS REPROCESO,SUBSECTOR_DESDE_HIJO_LGC_O_NODO_INTERMEDIO
PR,AGR,REPROCESO,UNIDAD,M02,PR-AGR-MLN-M02,BTZ_Description_04,PR-AGR-LGC-REPROCESO,PR-AGR-LGC-MOLINOS,PR-AGR-MLN-M02,MOLINO A MARTILLO Nº 2 <ESTE>,PR-AGR-MLN-M02,MOLINO A MARTILLO Nº 2 <ESTE>,UNIDAD_HOJA_BAJO_SUBSECTOR
PR,AGR,REPROCESO,UNIDAD,M03,PR-AGR-MLN-M03,BTZ_Description_04,PR-AGR-LGC-REPROCESO,PR-AGR-LGC-MOLINOS,PR-AGR-MLN-M03,MOLINO A MARTILLO Nº 3,PR-AGR-MLN-M03,MOLINO A MARTILLO Nº 3,UNIDAD_HOJA_BAJO_SUBSECTOR
PR,AGR,REPROCESO,UNIDAD,M04,PR-AGR-MLN-M04,BTZ_Description_04,PR-AGR-LGC-REPROCESO,PR-AGR-LGC-MOLINOS,PR-AGR-MLN-M04,MOLINO A MARTILLO Nº 4,PR-AGR-MLN-M04,MOLINO A MARTILLO Nº 4,UNIDAD_HOJA_BAJO_SUBSECTOR
PR,AGR,REPROCESO,UNIDAD,M05,PR-AGR-MLN-M05,BTZ_Description_04,PR-AGR-LGC-REPROCESO,PR-AGR-LGC-MOLINOS,PR-AGR-MLN-M05,MOLINO A MARTILLO Nº 5,PR-AGR-MLN-M05,MOLINO A MARTILLO Nº 5,UNIDAD_HOJA_BAJO_SUBSECTOR
PR,AGR,REPROCESO,UNIDAD,M07,PR-AGR-MLN-M07,BTZ_Description_04,PR-AGR-LGC-REPROCESO,PR-AGR-LGC-MOLINOS,PR-AGR-MLN-M07,MOLINO A MARTILLO Nº 7 <OESTE,PR-AGR-MLN-M07,MOLINO A MARTILLO Nº 7 <OESTE,UNIDAD_HOJA_BAJO_SUBSECTOR
PR,AGR,REPROCESO,UNIDAD,M36,PR-AGR-MLN-M36,BTZ_Description_04,PR-AGR-LGC-REPROCESO,PR-AGR-LGC-MOLINOS,PR-AGR-MLN-M36,MOLINO GRANULADOR Nº36 <O>,PR-AGR-MLN-M36,MOLINO GRANULADOR Nº36 <O>,UNIDAD_HOJA_BAJO_SUBSECTOR
PR,AGR,REPROCESO,UNIDAD,M38,PR-AGR-MLN-M38,BTZ_Description_04,PR-AGR-LGC-REPROCESO,PR-AGR-LGC-MOLINOS,PR-AGR-MLN-M38,MOLINO GRANULADOR Nº38 <E>,PR-AGR-MLN-M38,MOLINO GRANULADOR Nº38 <E>,UNIDAD_HOJA_BAJO_SUBSECTOR
PR,AGR,REPROCESO,SUBSECTOR,NORIAS REPROCESO,PR-AGR-LGC-NORIAS,BTZ_Description_03,PR-AGR-LGC-REPROCESO,PR-AGR-LGC-NORIAS,,,PR-AGR-LGC-NORIAS,LOGICO NORIAS REPROCESO,SUBSECTOR_DESDE_HIJO_LGC_O_NODO_INTERMEDIO
PR,AGR,REPROCESO,UNIDAD,NA02,PR-AGR-NOR-NA02,BTZ_Description_04,PR-AGR-LGC-REPROCESO,PR-AGR-LGC-NORIAS,PR-AGR-NOR-NA02,NORIA NA-2 PTV Nº 5,PR-AGR-NOR-NA02,NORIA NA-2 PTV Nº 5,UNIDAD_HOJA_BAJO_SUBSECTOR
PR,AGR,REPROCESO,UNIDAD,NA08,PR-AGR-NOR-NA08,BTZ_Description_04,PR-AGR-LGC-REPROCESO,PR-AGR-LGC-NORIAS,PR-AGR-NOR-NA08,NORIA NA-8,PR-AGR-NOR-NA08,NORIA NA-8,UNIDAD_HOJA_BAJO_SUBSECTOR
PR,AGR,REPROCESO,UNIDAD,NA16,PR-AGR-NOR-NA16,BTZ_Description_04,PR-AGR-LGC-REPROCESO,PR-AGR-LGC-NORIAS,PR-AGR-NOR-NA16,NORIA NA-16 <>,PR-AGR-NOR-NA16,NORIA NA-16 <>,UNIDAD_HOJA_BAJO_SUBSECTOR
PR,AGR,REPROCESO,SUBSECTOR,REDLERS REPROCESO,PR-AGR-LGC-REDLERS,BTZ_Description_03,PR-AGR-LGC-REPROCESO,PR-AGR-LGC-REDLERS,,,PR-AGR-LGC-REDLERS,LOGICO REDLERS REPROCESO,SUBSECTOR_DESDE_HIJO_LGC_O_NODO_INTERMEDIO
PR,AGR,REPROCESO,UNIDAD,RA03,PR-AGR-RDL-RA03,BTZ_Description_04,PR-AGR-LGC-REPROCESO,PR-AGR-LGC-REDLERS,PR-AGR-RDL-RA03,REDLER RA-3 <S/DEP-16>,PR-AGR-RDL-RA03,REDLER RA-3 <S/DEP-16>,UNIDAD_HOJA_BAJO_SUBSECTOR
PR,AGR,REPROCESO,UNIDAD,RA04,PR-AGR-RDL-RA04,BTZ_Description_04,PR-AGR-LGC-REPROCESO,PR-AGR-LGC-REDLERS,PR-AGR-RDL-RA04,REDLER RA-4,PR-AGR-RDL-RA04,REDLER RA-4,UNIDAD_HOJA_BAJO_SUBSECTOR
PR,AGR,REPROCESO,UNIDAD,RA05,PR-AGR-RDL-RA05,BTZ_Description_04,PR-AGR-LGC-REPROCESO,PR-AGR-LGC-REDLERS,PR-AGR-RDL-RA05,REDLER RA-5,PR-AGR-RDL-RA05,REDLER RA-5,UNIDAD_HOJA_BAJO_SUBSECTOR
PR,AGR,REPROCESO,UNIDAD,RA09,PR-AGR-RDL-RA09,BTZ_Description_04,PR-AGR-LGC-REPROCESO,PR-AGR-LGC-REDLERS,PR-AGR-RDL-RA09,REDLER RA-9,PR-AGR-RDL-RA09,REDLER RA-9,UNIDAD_HOJA_BAJO_SUBSECTOR
PR,AGR,REPROCESO,UNIDAD,RA17,PR-AGR-RDL-RA17,BTZ_Description_04,PR-AGR-LGC-REPROCESO,PR-AGR-LGC-REDLERS,PR-AGR-RDL-RA17,REDLER RA-17,PR-AGR-RDL-RA17,REDLER RA-17,UNIDAD_HOJA_BAJO_SUBSECTOR
PR,AGR,REPROCESO,UNIDAD,RA25,PR-AGR-RDL-RA25,BTZ_Description_04,PR-AGR-LGC-REPROCESO,PR-AGR-LGC-REDLERS,PR-AGR-RDL-RA25,REDLER RA-25 <A ZAR.CLAS.RESIDUO>,PR-AGR-RDL-RA25,REDLER RA-25 <A ZAR.CLAS.RESIDUO>,UNIDAD_HOJA_BAJO_SUBSECTOR
PR,AGR,REPROCESO,SUBSECTOR,ROSCAS REPROCESO,PR-AGR-LGC-ROSCAS,BTZ_Description_03,PR-AGR-LGC-REPROCESO,PR-AGR-LGC-ROSCAS,,,PR-AGR-LGC-ROSCAS,LOGICO ROSCAS REPROCESO,SUBSECTOR_DESDE_HIJO_LGC_O_NODO_INTERMEDIO
PR,AGR,REPROCESO,UNIDAD,M02,PR-AGR-RSC-M02,BTZ_Description_04,PR-AGR-LGC-REPROCESO,PR-AGR-LGC-ROSCAS,PR-AGR-RSC-M02,ROSCA BMNº 2,PR-AGR-RSC-M02,ROSCA BMNº 2,UNIDAD_HOJA_BAJO_SUBSECTOR
PR,AGR,REPROCESO,UNIDAD,M03,PR-AGR-RSC-M03,BTZ_Description_04,PR-AGR-LGC-REPROCESO,PR-AGR-LGC-ROSCAS,PR-AGR-RSC-M03,ROSCA BMNº 3 <A RSC 11>,PR-AGR-RSC-M03,ROSCA BMNº 3 <A RSC 11>,UNIDAD_HOJA_BAJO_SUBSECTOR
PR,AGR,REPROCESO,UNIDAD,M04,PR-AGR-RSC-M04,BTZ_Description_04,PR-AGR-LGC-REPROCESO,PR-AGR-LGC-ROSCAS,PR-AGR-RSC-M04,ROSCA BMNº 4 <A RSC 11>,PR-AGR-RSC-M04,ROSCA BMNº 4 <A RSC 11>,UNIDAD_HOJA_BAJO_SUBSECTOR
PR,AGR,REPROCESO,UNIDAD,M05,PR-AGR-RSC-M05,BTZ_Description_04,PR-AGR-LGC-REPROCESO,PR-AGR-LGC-ROSCAS,PR-AGR-RSC-M05,ROSCA BMNº 5 <>,PR-AGR-RSC-M05,ROSCA BMNº 5 <>,UNIDAD_HOJA_BAJO_SUBSECTOR
PR,AGR,REPROCESO,UNIDAD,M06,PR-AGR-RSC-M06,BTZ_Description_04,PR-AGR-LGC-REPROCESO,PR-AGR-LGC-ROSCAS,PR-AGR-RSC-M06,ROSCA BMNº 6 <A RSC 11>,PR-AGR-RSC-M06,ROSCA BMNº 6 <A RSC 11>,UNIDAD_HOJA_BAJO_SUBSECTOR
PR,AGR,REPROCESO,UNIDAD,M07,PR-AGR-RSC-M07,BTZ_Description_04,PR-AGR-LGC-REPROCESO,PR-AGR-LGC-ROSCAS,PR-AGR-RSC-M07,ROSCA BMNº 7,PR-AGR-RSC-M07,ROSCA BMNº 7,UNIDAD_HOJA_BAJO_SUBSECTOR
PR,AGR,REPROCESO,UNIDAD,SA01,PR-AGR-RSC-SA01,BTZ_Description_04,PR-AGR-LGC-REPROCESO,PR-AGR-LGC-ROSCAS,PR-AGR-RSC-SA01,ROSCA SA-1,PR-AGR-RSC-SA01,ROSCA SA-1,UNIDAD_HOJA_BAJO_SUBSECTOR
PR,AGR,REPROCESO,UNIDAD,SA06,PR-AGR-RSC-SA06,BTZ_Description_04,PR-AGR-LGC-REPROCESO,PR-AGR-LGC-ROSCAS,PR-AGR-RSC-SA06,ROSCA SA-6,PR-AGR-RSC-SA06,ROSCA SA-6,UNIDAD_HOJA_BAJO_SUBSECTOR
PR,AGR,REPROCESO,UNIDAD,SA07,PR-AGR-RSC-SA07,BTZ_Description_04,PR-AGR-LGC-REPROCESO,PR-AGR-LGC-ROSCAS,PR-AGR-RSC-SA07,ROSCA SA-7,PR-AGR-RSC-SA07,ROSCA SA-7,UNIDAD_HOJA_BAJO_SUBSECTOR
PR,AGR,REPROCESO,UNIDAD,SA10,PR-AGR-RSC-SA10,BTZ_Description_04,PR-AGR-LGC-REPROCESO,PR-AGR-LGC-ROSCAS,PR-AGR-RSC-SA10,ROSCA SA-10 <>,PR-AGR-RSC-SA10,ROSCA SA-10 <>,UNIDAD_HOJA_BAJO_SUBSECTOR
PR,AGR,REPROCESO,UNIDAD,SA11,PR-AGR-RSC-SA11,BTZ_Description_04,PR-AGR-LGC-REPROCESO,PR-AGR-LGC-ROSCAS,PR-AGR-RSC-SA11,ROSCA SA-11,PR-AGR-RSC-SA11,ROSCA SA-11,UNIDAD_HOJA_BAJO_SUBSECTOR
PR,AGR,REPROCESO,UNIDAD,SA12,PR-AGR-RSC-SA12,BTZ_Description_04,PR-AGR-LGC-REPROCESO,PR-AGR-LGC-ROSCAS,PR-AGR-RSC-SA12,ROSCA SA-12,PR-AGR-RSC-SA12,ROSCA SA-12,UNIDAD_HOJA_BAJO_SUBSECTOR
PR,AGR,REPROCESO,UNIDAD,SA13,PR-AGR-RSC-SA13,BTZ_Description_04,PR-AGR-LGC-REPROCESO,PR-AGR-LGC-ROSCAS,PR-AGR-RSC-SA13,ROSCA SA-13,PR-AGR-RSC-SA13,ROSCA SA-13,UNIDAD_HOJA_BAJO_SUBSECTOR
PR,AGR,REPROCESO,UNIDAD,SA14,PR-AGR-RSC-SA14,BTZ_Description_04,PR-AGR-LGC-REPROCESO,PR-AGR-LGC-ROSCAS,PR-AGR-RSC-SA14,ROSCA SA-14,PR-AGR-RSC-SA14,ROSCA SA-14,UNIDAD_HOJA_BAJO_SUBSECTOR
PR,AGR,REPROCESO,UNIDAD,SA15,PR-AGR-RSC-SA15,BTZ_Description_04,PR-AGR-LGC-REPROCESO,PR-AGR-LGC-ROSCAS,PR-AGR-RSC-SA15,ROSCA SA-15,PR-AGR-RSC-SA15,ROSCA SA-15,UNIDAD_HOJA_BAJO_SUBSECTOR
PR,AGR,REPROCESO,UNIDAD,SA19,PR-AGR-RSC-SA19,BTZ_Description_04,PR-AGR-LGC-REPROCESO,PR-AGR-LGC-ROSCAS,PR-AGR-RSC-SA19,ROSCA SA-19,PR-AGR-RSC-SA19,ROSCA SA-19,UNIDAD_HOJA_BAJO_SUBSECTOR
PR,AGR,REPROCESO,UNIDAD,SA20,PR-AGR-RSC-SA20,BTZ_Description_04,PR-AGR-LGC-REPROCESO,PR-AGR-LGC-ROSCAS,PR-AGR-RSC-SA20,ROSCA SA-20,PR-AGR-RSC-SA20,ROSCA SA-20,UNIDAD_HOJA_BAJO_SUBSECTOR
PR,AGR,REPROCESO,UNIDAD,SA21,PR-AGR-RSC-SA21,BTZ_Description_04,PR-AGR-LGC-REPROCESO,PR-AGR-LGC-ROSCAS,PR-AGR-RSC-SA21,ROSCA SA-21,PR-AGR-RSC-SA21,ROSCA SA-21,UNIDAD_HOJA_BAJO_SUBSECTOR
PR,AGR,REPROCESO,UNIDAD,SA26,PR-AGR-RSC-SA26,BTZ_Description_04,PR-AGR-LGC-REPROCESO,PR-AGR-LGC-ROSCAS,PR-AGR-RSC-SA26,ROSCA SA-26 <COLEC. GRUESO ZARANDA CR>,PR-AGR-RSC-SA26,ROSCA SA-26 <COLEC. GRUESO ZARANDA CR>,UNIDAD_HOJA_BAJO_SUBSECTOR
PR,AGR,REPROCESO,UNIDAD,SA27,PR-AGR-RSC-SA27,BTZ_Description_04,PR-AGR-LGC-REPROCESO,PR-AGR-LGC-ROSCAS,PR-AGR-RSC-SA27,ROSCA SA-27 <COLEC. FINO ZARANDA CR>,PR-AGR-RSC-SA27,ROSCA SA-27 <COLEC. FINO ZARANDA CR>,UNIDAD_HOJA_BAJO_SUBSECTOR
PR,AGR,REPROCESO,UNIDAD,SA28,PR-AGR-RSC-SA28,BTZ_Description_04,PR-AGR-LGC-REPROCESO,PR-AGR-LGC-ROSCAS,PR-AGR-RSC-SA28,ROSCA SA-28,PR-AGR-RSC-SA28,ROSCA SA-28,UNIDAD_HOJA_BAJO_SUBSECTOR
PR,AGR,REPROCESO,UNIDAD,SA29,PR-AGR-RSC-SA29,BTZ_Description_04,PR-AGR-LGC-REPROCESO,PR-AGR-LGC-ROSCAS,PR-AGR-RSC-SA29,ROSCA SA-29,PR-AGR-RSC-SA29,ROSCA SA-29,UNIDAD_HOJA_BAJO_SUBSECTOR
PR,AGR,REPROCESO,SUBSECTOR,SILOS REPROCESO,PR-AGR-LGC-SILOS,BTZ_Description_03,PR-AGR-LGC-REPROCESO,PR-AGR-LGC-SILOS,,,PR-AGR-LGC-SILOS,LOGICO SILOS REPROCESO,SUBSECTOR_DESDE_HIJO_LGC_O_NODO_INTERMEDIO
PR,AGR,REPROCESO,UNIDAD,14V,PR-AGR-SLO-14V,BTZ_Description_04,PR-AGR-LGC-REPROCESO,PR-AGR-LGC-SILOS,PR-AGR-SLO-14V,SILO DEP. VERTICAL SV-14 <L/SUR>,PR-AGR-SLO-14V,SILO DEP. VERTICAL SV-14 <L/SUR>,UNIDAD_HOJA_BAJO_SUBSECTOR
PR,AGR,REPROCESO,UNIDAD,15V,PR-AGR-SLO-15V,BTZ_Description_04,PR-AGR-LGC-REPROCESO,PR-AGR-LGC-SILOS,PR-AGR-SLO-15V,SILO DEP. VERTICAL SV-15 <L/NORTE>,PR-AGR-SLO-15V,SILO DEP. VERTICAL SV-15 <L/NORTE>,UNIDAD_HOJA_BAJO_SUBSECTOR
PR,AGR,REPROCESO,SUBSECTOR,TANQUES REPROCESO,PR-AGR-LGC-TANQUES,BTZ_Description_03,PR-AGR-LGC-REPROCESO,PR-AGR-LGC-TANQUES,,,PR-AGR-LGC-TANQUES,LOGICO TANQUES REPROCESO,SUBSECTOR_DESDE_HIJO_LGC_O_NODO_INTERMEDIO
PR,AGR,REPROCESO,UNIDAD,D05,PR-AGR-TNQ-D05,BTZ_Description_04,PR-AGR-LGC-REPROCESO,PR-AGR-LGC-TANQUES,PR-AGR-TNQ-D05,TANQUE DEPOSITO Nº 5,PR-AGR-TNQ-D05,TANQUE DEPOSITO Nº 5,UNIDAD_HOJA_BAJO_SUBSECTOR
PR,AGR,REPROCESO,UNIDAD,D06,PR-AGR-TNQ-D06,BTZ_Description_04,PR-AGR-LGC-REPROCESO,PR-AGR-LGC-TANQUES,PR-AGR-TNQ-D06,TANQUE DEPOSITO Nº 6,PR-AGR-TNQ-D06,TANQUE DEPOSITO Nº 6,UNIDAD_HOJA_BAJO_SUBSECTOR
PR,AGR,REPROCESO,SUBSECTOR,VALVULAS,PR-AGR-LGC-VLV,BTZ_Description_03,PR-AGR-LGC-REPROCESO,PR-AGR-LGC-VLV,,,PR-AGR-LGC-VLV,LOGICO VALVULAS,SUBSECTOR_DESDE_HIJO_LGC_O_NODO_INTERMEDIO
PR,AGR,REPROCESO,SUBSECTOR,ZARANDAS REPROCESO,PR-AGR-LGC-ZARANDAS,BTZ_Description_03,PR-AGR-LGC-REPROCESO,PR-AGR-LGC-ZARANDAS,,,PR-AGR-LGC-ZARANDAS,LOGICO ZARANDAS REPROCESO,SUBSECTOR_DESDE_HIJO_LGC_O_NODO_INTERMEDIO
PR,AGR,REPROCESO,SUBSECTOR,RAMPA VOLC. CAMIONES Nº 5,PR-AGR-LGC-RAMPA VOLC. CAMIONES Nº 5,BTZ_Description_03,PR-AGR-LGC-REPROCESO,PR-AGR-LGC-RAMPA VOLC. CAMIONES Nº 5,,,PR-AGR-PTV-CAM05,RAMPA VOLC. CAMIONES Nº 5,SUBSECTOR_DESDE_HIJO_LGC_O_NODO_INTERMEDIO
PR,AGR,REPROCESO,UNIDAD,PTV05,PR-AGR-CHD-PTV05,BTZ_Description_04,PR-AGR-LGC-REPROCESO,PR-AGR-LGC-RAMPA VOLC. CAMIONES Nº 5,PR-AGR-CHD-PTV05,CENTRAL HIDRAULICA <RVC-5>,PR-AGR-CHD-PTV05,CENTRAL HIDRAULICA <RVC-5>,UNIDAD_HOJA_BAJO_SUBSECTOR
PR,AGR,REPROCESO,SUBSECTOR,SISTEMA DE ASPIRACION MOLINOS,PR-AGR-LGC-SISTEMA DE ASPIRACION MOLINOS,BTZ_Description_03,PR-AGR-LGC-REPROCESO,PR-AGR-LGC-SISTEMA DE ASPIRACION MOLINOS,,,PR-AGR-SAP-MLN,SISTEMA DE ASPIRACION MOLINOS,SUBSECTOR_DESDE_HIJO_LGC_O_NODO_INTERMEDIO
PR,AGR,REPROCESO,UNIDAD,A11,PR-AGR-VLV-A11,BTZ_Description_04,PR-AGR-LGC-REPROCESO,PR-AGR-LGC-SISTEMA DE ASPIRACION MOLINOS,PR-AGR-VLV-A11,VALVULA ROTATIVA Nº 11,PR-AGR-VLV-A11,VALVULA ROTATIVA Nº 11,UNIDAD_HOJA_BAJO_SUBSECTOR
PR,AGR,REPROCESO,UNIDAD,A15,PR-AGR-VLV-A15,BTZ_Description_04,PR-AGR-LGC-REPROCESO,PR-AGR-LGC-SISTEMA DE ASPIRACION MOLINOS,PR-AGR-VLV-A15,VALVULA ROTATIVA Nº 15,PR-AGR-VLV-A15,VALVULA ROTATIVA Nº 15,UNIDAD_HOJA_BAJO_SUBSECTOR
PR,AGR,REPROCESO,UNIDAD,A19,PR-AGR-VLV-A19,BTZ_Description_04,PR-AGR-LGC-REPROCESO,PR-AGR-LGC-SISTEMA DE ASPIRACION MOLINOS,PR-AGR-VLV-A19,VALVULA ROTATIVA Nº 19,PR-AGR-VLV-A19,VALVULA ROTATIVA Nº 19,UNIDAD_HOJA_BAJO_SUBSECTOR
PR,AGR,REPROCESO,UNIDAD,A25,PR-AGR-VLV-A25,BTZ_Description_04,PR-AGR-LGC-REPROCESO,PR-AGR-LGC-SISTEMA DE ASPIRACION MOLINOS,PR-AGR-VLV-A25,VALVULA ROTATIVA Nº 25,PR-AGR-VLV-A25,VALVULA ROTATIVA Nº 25,UNIDAD_HOJA_BAJO_SUBSECTOR
PR,AGR,REPROCESO,UNIDAD,A27,PR-AGR-VLV-A27,BTZ_Description_04,PR-AGR-LGC-REPROCESO,PR-AGR-LGC-SISTEMA DE ASPIRACION MOLINOS,PR-AGR-VLV-A27,VALVULA ROTATIVA Nº 27,PR-AGR-VLV-A27,VALVULA ROTATIVA Nº 27,UNIDAD_HOJA_BAJO_SUBSECTOR
PR,AGR,REPROCESO,UNIDAD,A31,PR-AGR-VLV-A31,BTZ_Description_04,PR-AGR-LGC-REPROCESO,PR-AGR-LGC-SISTEMA DE ASPIRACION MOLINOS,PR-AGR-VLV-A31,VALVULA ROTATIVA Nº 31,PR-AGR-VLV-A31,VALVULA ROTATIVA Nº 31,UNIDAD_HOJA_BAJO_SUBSECTOR
PR,AGR,REPROCESO,UNIDAD,A35,PR-AGR-VLV-A35,BTZ_Description_04,PR-AGR-LGC-REPROCESO,PR-AGR-LGC-SISTEMA DE ASPIRACION MOLINOS,PR-AGR-VLV-A35,VALVULA ROTATIVA Nº 35,PR-AGR-VLV-A35,VALVULA ROTATIVA Nº 35,UNIDAD_HOJA_BAJO_SUBSECTOR
PR,AGR,REPROCESO,UNIDAD,A28,PR-AGR-VNT-A28,BTZ_Description_04,PR-AGR-LGC-REPROCESO,PR-AGR-LGC-SISTEMA DE ASPIRACION MOLINOS,PR-AGR-VNT-A28,VENTILADOR Nº 28 <N>,PR-AGR-VNT-A28,VENTILADOR Nº 28 <N>,UNIDAD_HOJA_BAJO_SUBSECTOR
PR,AGR,REPROCESO,UNIDAD,A29,PR-AGR-VNT-A29,BTZ_Description_04,PR-AGR-LGC-REPROCESO,PR-AGR-LGC-SISTEMA DE ASPIRACION MOLINOS,PR-AGR-VNT-A29,VENTILADOR Nº 29 <S>,PR-AGR-VNT-A29,VENTILADOR Nº 29 <S>,UNIDAD_HOJA_BAJO_SUBSECTOR
PR,AGR,REPROCESO,SUBSECTOR,SECADOR DE RESIDUOS,PR-AGR-LGC-SECADOR DE RESIDUOS,BTZ_Description_03,PR-AGR-LGC-REPROCESO,PR-AGR-LGC-SECADOR DE RESIDUOS,,,PR-AGR-SCD-RES,SECADOR DE RESIDUOS,SUBSECTOR_DESDE_HIJO_LGC_O_NODO_INTERMEDIO
PR,AGR,REPROCESO,UNIDAD,SRE,PR-AGR-VNT-SRE,BTZ_Description_04,PR-AGR-LGC-REPROCESO,PR-AGR-LGC-SECADOR DE RESIDUOS,PR-AGR-VNT-SRE,VENTILADOR SECADOR RESIDUO,PR-AGR-VNT-SRE,VENTILADOR SECADOR RESIDUO,UNIDAD_HOJA_BAJO_SUBSECTOR
PR,AGR,REPROCESO,SUBSECTOR,LINEA DE SOPLADO,PR-AGR-LGC-LINEA DE SOPLADO,BTZ_Description_03,PR-AGR-LGC-REPROCESO,PR-AGR-LGC-LINEA DE SOPLADO,,,PR-AGR-SIS-SPLE1,LINEA DE SOPLADO,SUBSECTOR_DESDE_HIJO_LGC_O_NODO_INTERMEDIO
PR,AGR,REPROCESO,UNIDAD,AG22,PR-AGR-VLV-AG22,BTZ_Description_04,PR-AGR-LGC-REPROCESO,PR-AGR-LGC-LINEA DE SOPLADO,PR-AGR-VLV-AG22,VALVULA ROTATIVA.Nº 22,PR-AGR-VLV-AG22,VALVULA ROTATIVA.Nº 22,UNIDAD_HOJA_BAJO_SUBSECTOR
PR,AGR,REPROCESO,UNIDAD,AG23,PR-AGR-VLV-AG23,BTZ_Description_04,PR-AGR-LGC-REPROCESO,PR-AGR-LGC-LINEA DE SOPLADO,PR-AGR-VLV-AG23,VALVULA ROTATIVA Nº 23,PR-AGR-VLV-AG23,VALVULA ROTATIVA Nº 23,UNIDAD_HOJA_BAJO_SUBSECTOR
PR,AGR,REPROCESO,SUBSECTOR,GENERAL,PR-AGR-LGC-GENERAL,BTZ_Description_03,PR-AGR-LGC-REPROCESO,PR-AGR-LGC-GENERAL,,,PR-AGR-LGC-REPROCESO,SUBSECTOR SINTETICO PARA HOJAS DIRECTAS DEL SECTOR,SUBSECTOR_SINTETICO_GENERAL
PR,AGR,REPROCESO,UNIDAD,AG24,PR-AGR-BMB-AG24,BTZ_Description_04,PR-AGR-LGC-REPROCESO,PR-AGR-LGC-GENERAL,PR-AGR-BMB-AG24,BOMBA SOPLANTE Nº 24 <A E-1>,PR-AGR-BMB-AG24,BOMBA SOPLANTE Nº 24 <A E-1>,UNIDAD_HOJA_DIRECTA_BAJO_SECTOR
PR,AGR,REPROCESO,UNIDAD,CA07,PR-AGR-CNT-CA07,BTZ_Description_04,PR-AGR-LGC-REPROCESO,PR-AGR-LGC-GENERAL,PR-AGR-CNT-CA07,CINTA TRANSP. CA-7,PR-AGR-CNT-CA07,CINTA TRANSP. CA-7,UNIDAD_HOJA_DIRECTA_BAJO_SECTOR
PR,AGR,REPROCESO,UNIDAD,16H,PR-AGR-DPS-16H,BTZ_Description_04,PR-AGR-LGC-REPROCESO,PR-AGR-LGC-GENERAL,PR-AGR-DPS-16H,DEPOSITO-SILO S-4,PR-AGR-DPS-16H,DEPOSITO-SILO S-4,UNIDAD_HOJA_DIRECTA_BAJO_SECTOR
PR,AGR,REPROCESO,UNIDAD,2INT,PR-AGR-TLV-2INT,BTZ_Description_04,PR-AGR-LGC-REPROCESO,PR-AGR-LGC-GENERAL,PR-AGR-TLV-2INT,TOLVA PORTATIL 2,PR-AGR-TLV-2INT,TOLVA PORTATIL 2,UNIDAD_HOJA_DIRECTA_BAJO_SECTOR
PR,AGR,REPROCESO,UNIDAD,3EXT,PR-AGR-TLV-3EXT,BTZ_Description_04,PR-AGR-LGC-REPROCESO,PR-AGR-LGC-GENERAL,PR-AGR-TLV-3EXT,TOLVA PORTATIL 3,PR-AGR-TLV-3EXT,TOLVA PORTATIL 3,UNIDAD_HOJA_DIRECTA_BAJO_SECTOR
PR,AGR,REPROCESO,UNIDAD,STB,PR-AGR-VNT-STB,BTZ_Description_04,PR-AGR-LGC-REPROCESO,PR-AGR-LGC-GENERAL,PR-AGR-VNT-STB,VENTILADOR PRESURIZADOR,PR-AGR-VNT-STB,VENTILADOR PRESURIZADOR,UNIDAD_HOJA_DIRECTA_BAJO_SECTOR
PR,AGR,REPROCESO,UNIDAD,CLR,PR-AGR-ZRN-CLR,BTZ_Description_04,PR-AGR-LGC-REPROCESO,PR-AGR-LGC-GENERAL,PR-AGR-ZRN-CLR,ZARANDA CLASIFICADORA DE RESIDUO,PR-AGR-ZRN-CLR,ZARANDA CLASIFICADORA DE RESIDUO,UNIDAD_HOJA_DIRECTA_BAJO_SECTOR
PR,PRL3,PRELIMPIEZA LINEA 3,SECTOR,PRELIMPIEZA LINEA 3,PR-PRL3-LGC-PRELIMPIEZA 3,BTZ_Description_02,PR-PRL3-LGC-PRELIMPIEZA 3,,,,PR-PRL3-LGC-PRELIMPIEZA 3,LOGICO PRELIMPIEZA LINEA 3,SECTOR_DESDE_RAIZ_PR
PR,PRL3,PRELIMPIEZA LINEA 3,SUBSECTOR,ENFRIADOR DE SEMILLA S-1,PR-PRL3-LGC-ENFRIADOR DE SEMILLA S-1,BTZ_Description_03,PR-PRL3-LGC-PRELIMPIEZA 3,PR-PRL3-LGC-ENFRIADOR DE SEMILLA S-1,,,PR-PRL3-ENF-ES1,ENFRIADOR DE SEMILLA S-1,SUBSECTOR_DESDE_HIJO_LGC_O_NODO_INTERMEDIO
PR,PRL3,PRELIMPIEZA LINEA 3,UNIDAD,VR2,PR-PRL3-VLV-VR2,BTZ_Description_04,PR-PRL3-LGC-PRELIMPIEZA 3,PR-PRL3-LGC-ENFRIADOR DE SEMILLA S-1,PR-PRL3-VLV-VR2,VALVULA ROTATIVA VR-2 (ALIM. SECADOR),PR-PRL3-VLV-VR2,VALVULA ROTATIVA VR-2 (ALIM. SECADOR),UNIDAD_HOJA_BAJO_SUBSECTOR
PR,PRL3,PRELIMPIEZA LINEA 3,SUBSECTOR,MAQUINA PRELIMPIADO PRELIMPIEZA LINEA 3,PR-PRL3-LGC-MAQUINA PREL,BTZ_Description_03,PR-PRL3-LGC-PRELIMPIEZA 3,PR-PRL3-LGC-MAQUINA PREL,,,PR-PRL3-LGC-MAQUINA PREL,LOGICO MAQUINA PRELIMPIADO PRELIMPIEZA LINEA 3,SUBSECTOR_DESDE_HIJO_LGC_O_NODO_INTERMEDIO
PR,PRL3,PRELIMPIEZA LINEA 3,SUBSECTOR,ROSCAS PRELIMPIEZA 3,PR-PRL3-LGC-ROSCAS,BTZ_Description_03,PR-PRL3-LGC-PRELIMPIEZA 3,PR-PRL3-LGC-ROSCAS,,,PR-PRL3-LGC-ROSCAS,LOGICO ROSCAS PRELIMPIEZA 3,SUBSECTOR_DESDE_HIJO_LGC_O_NODO_INTERMEDIO
PR,PRL3,PRELIMPIEZA LINEA 3,UNIDAD,T01,PR-PRL3-RSC-T01,BTZ_Description_04,PR-PRL3-LGC-PRELIMPIEZA 3,PR-PRL3-LGC-ROSCAS,PR-PRL3-RSC-T01,ROSCA T-001,PR-PRL3-RSC-T01,ROSCA T-001,UNIDAD_HOJA_BAJO_SUBSECTOR
PR,PRL3,PRELIMPIEZA LINEA 3,UNIDAD,T03,PR-PRL3-RSC-T03,BTZ_Description_04,PR-PRL3-LGC-PRELIMPIEZA 3,PR-PRL3-LGC-ROSCAS,PR-PRL3-RSC-T03,ROSCA T-003,PR-PRL3-RSC-T03,ROSCA T-003,UNIDAD_HOJA_BAJO_SUBSECTOR
PR,PRL3,PRELIMPIEZA LINEA 3,UNIDAD,T03/1,PR-PRL3-RSC-T03/1,BTZ_Description_04,PR-PRL3-LGC-PRELIMPIEZA 3,PR-PRL3-LGC-ROSCAS,PR-PRL3-RSC-T03/1,ROSCA T-003/1,PR-PRL3-RSC-T03/1,ROSCA T-003/1,UNIDAD_HOJA_BAJO_SUBSECTOR
PR,PRL3,PRELIMPIEZA LINEA 3,UNIDAD,T04,PR-PRL3-RSC-T04,BTZ_Description_04,PR-PRL3-LGC-PRELIMPIEZA 3,PR-PRL3-LGC-ROSCAS,PR-PRL3-RSC-T04,ROSCA T-004,PR-PRL3-RSC-T04,ROSCA T-004,UNIDAD_HOJA_BAJO_SUBSECTOR
PR,PRL3,PRELIMPIEZA LINEA 3,UNIDAD,T05,PR-PRL3-RSC-T05,BTZ_Description_04,PR-PRL3-LGC-PRELIMPIEZA 3,PR-PRL3-LGC-ROSCAS,PR-PRL3-RSC-T05,ROSCA T-005,PR-PRL3-RSC-T05,ROSCA T-005,UNIDAD_HOJA_BAJO_SUBSECTOR
PR,PRL3,PRELIMPIEZA LINEA 3,UNIDAD,T06/1,PR-PRL3-RSC-T06/1,BTZ_Description_04,PR-PRL3-LGC-PRELIMPIEZA 3,PR-PRL3-LGC-ROSCAS,PR-PRL3-RSC-T06/1,ROSCA T-006/1 <TR.NORTE>,PR-PRL3-RSC-T06/1,ROSCA T-006/1 <TR.NORTE>,UNIDAD_HOJA_BAJO_SUBSECTOR
PR,PRL3,PRELIMPIEZA LINEA 3,UNIDAD,T06/2,PR-PRL3-RSC-T06/2,BTZ_Description_04,PR-PRL3-LGC-PRELIMPIEZA 3,PR-PRL3-LGC-ROSCAS,PR-PRL3-RSC-T06/2,ROSCA T-006/2 <TR.SUR>,PR-PRL3-RSC-T06/2,ROSCA T-006/2 <TR.SUR>,UNIDAD_HOJA_BAJO_SUBSECTOR
PR,PRL3,PRELIMPIEZA LINEA 3,UNIDAD,T07/1,PR-PRL3-RSC-T07/1,BTZ_Description_04,PR-PRL3-LGC-PRELIMPIEZA 3,PR-PRL3-LGC-ROSCAS,PR-PRL3-RSC-T07/1,ROSCA T-007/1,PR-PRL3-RSC-T07/1,ROSCA T-007/1,UNIDAD_HOJA_BAJO_SUBSECTOR
PR,PRL3,PRELIMPIEZA LINEA 3,UNIDAD,T07/2,PR-PRL3-RSC-T07/2,BTZ_Description_04,PR-PRL3-LGC-PRELIMPIEZA 3,PR-PRL3-LGC-ROSCAS,PR-PRL3-RSC-T07/2,ROSCA T-007/2,PR-PRL3-RSC-T07/2,ROSCA T-007/2,UNIDAD_HOJA_BAJO_SUBSECTOR
PR,PRL3,PRELIMPIEZA LINEA 3,UNIDAD,T08,PR-PRL3-RSC-T08,BTZ_Description_04,PR-PRL3-LGC-PRELIMPIEZA 3,PR-PRL3-LGC-ROSCAS,PR-PRL3-RSC-T08,ROSCA T-008,PR-PRL3-RSC-T08,ROSCA T-008,UNIDAD_HOJA_BAJO_SUBSECTOR
PR,PRL3,PRELIMPIEZA LINEA 3,SUBSECTOR,VENTILADORES PRELIMPIEZA 3,PR-PRL3-LGC-VENTILADORES,BTZ_Description_03,PR-PRL3-LGC-PRELIMPIEZA 3,PR-PRL3-LGC-VENTILADORES,,,PR-PRL3-LGC-VENTILADORES,LOGICO VENTILADORES PRELIMPIEZA 3,SUBSECTOR_DESDE_HIJO_LGC_O_NODO_INTERMEDIO
PR,PRL3,PRELIMPIEZA LINEA 3,UNIDAD,ASP1,PR-PRL3-VNT-ASP1,BTZ_Description_04,PR-PRL3-LGC-PRELIMPIEZA 3,PR-PRL3-LGC-VENTILADORES,PR-PRL3-VNT-ASP1,VENTILADOR ASPIRACION Nº 1,PR-PRL3-VNT-ASP1,VENTILADOR ASPIRACION Nº 1,UNIDAD_HOJA_BAJO_SUBSECTOR
PR,PRL3,PRELIMPIEZA LINEA 3,UNIDAD,ASP2,PR-PRL3-VNT-ASP2,BTZ_Description_04,PR-PRL3-LGC-PRELIMPIEZA 3,PR-PRL3-LGC-VENTILADORES,PR-PRL3-VNT-ASP2,VENTILADOR ASPIRACION Nº 2,PR-PRL3-VNT-ASP2,VENTILADOR ASPIRACION Nº 2,UNIDAD_HOJA_BAJO_SUBSECTOR
PR,PRL3,PRELIMPIEZA LINEA 3,UNIDAD,ASP3,PR-PRL3-VNT-ASP3,BTZ_Description_04,PR-PRL3-LGC-PRELIMPIEZA 3,PR-PRL3-LGC-VENTILADORES,PR-PRL3-VNT-ASP3,VENTILADOR ASPIRACION Nº 3,PR-PRL3-VNT-ASP3,VENTILADOR ASPIRACION Nº 3,UNIDAD_HOJA_BAJO_SUBSECTOR
PR,PRL3,PRELIMPIEZA LINEA 3,UNIDAD,ASP4,PR-PRL3-VNT-ASP4,BTZ_Description_04,PR-PRL3-LGC-PRELIMPIEZA 3,PR-PRL3-LGC-VENTILADORES,PR-PRL3-VNT-ASP4,VENTILADOR ASPIRACION Nº 4,PR-PRL3-VNT-ASP4,VENTILADOR ASPIRACION Nº 4,UNIDAD_HOJA_BAJO_SUBSECTOR
PR,PRL3,PRELIMPIEZA LINEA 3,UNIDAD,ASP5,PR-PRL3-VNT-ASP5,BTZ_Description_04,PR-PRL3-LGC-PRELIMPIEZA 3,PR-PRL3-LGC-VENTILADORES,PR-PRL3-VNT-ASP5,VENTILADOR ASPIRACION Nº 5,PR-PRL3-VNT-ASP5,VENTILADOR ASPIRACION Nº 5,UNIDAD_HOJA_BAJO_SUBSECTOR
PR,PRL3,PRELIMPIEZA LINEA 3,UNIDAD,ASP6,PR-PRL3-VNT-ASP6,BTZ_Description_04,PR-PRL3-LGC-PRELIMPIEZA 3,PR-PRL3-LGC-VENTILADORES,PR-PRL3-VNT-ASP6,VENTILADOR ASPIRACION Nº 6,PR-PRL3-VNT-ASP6,VENTILADOR ASPIRACION Nº 6,UNIDAD_HOJA_BAJO_SUBSECTOR
PR,PRL3,PRELIMPIEZA LINEA 3,UNIDAD,ASP7,PR-PRL3-VNT-ASP7,BTZ_Description_04,PR-PRL3-LGC-PRELIMPIEZA 3,PR-PRL3-LGC-VENTILADORES,PR-PRL3-VNT-ASP7,VENTILADOR ASPIR.FIBRA Nº 7,PR-PRL3-VNT-ASP7,VENTILADOR ASPIR.FIBRA Nº 7,UNIDAD_HOJA_BAJO_SUBSECTOR
PR,PRL3,PRELIMPIEZA LINEA 3,UNIDAD,ASP8,PR-PRL3-VNT-ASP8,BTZ_Description_04,PR-PRL3-LGC-PRELIMPIEZA 3,PR-PRL3-LGC-VENTILADORES,PR-PRL3-VNT-ASP8,VENTILADOR ASPIR.BASURA Nº 8,PR-PRL3-VNT-ASP8,VENTILADOR ASPIR.BASURA Nº 8,UNIDAD_HOJA_BAJO_SUBSECTOR
PR,PRL3,PRELIMPIEZA LINEA 3,SUBSECTOR,RAMPA VOLCADORA DE CAMIONES Nº 3,PR-PRL3-LGC-RAMPA VOLCADORA DE CAMIONES Nº 3,BTZ_Description_03,PR-PRL3-LGC-PRELIMPIEZA 3,PR-PRL3-LGC-RAMPA VOLCADORA DE CAMIONES Nº 3,,,PR-PRL3-PTV-CAM03,RAMPA VOLCADORA DE CAMIONES Nº 3,SUBSECTOR_DESDE_HIJO_LGC_O_NODO_INTERMEDIO
PR,PRL3,PRELIMPIEZA LINEA 3,UNIDAD,PTV3,PR-PRL3-CHD-PTV3,BTZ_Description_04,PR-PRL3-LGC-PRELIMPIEZA 3,PR-PRL3-LGC-RAMPA VOLCADORA DE CAMIONES Nº 3,PR-PRL3-CHD-PTV3,CENTRAL HIDRAULICA RV-3,PR-PRL3-CHD-PTV3,CENTRAL HIDRAULICA RV-3,UNIDAD_HOJA_BAJO_SUBSECTOR
PR,PRL3,PRELIMPIEZA LINEA 3,UNIDAD,APT3,PR-PRL3-SIS-APT3,BTZ_Description_04,PR-PRL3-LGC-PRELIMPIEZA 3,PR-PRL3-LGC-RAMPA VOLCADORA DE CAMIONES Nº 3,PR-PRL3-SIS-APT3,SISTEMA APERTURA TAPA TOLVA,PR-PRL3-SIS-APT3,SISTEMA APERTURA TAPA TOLVA,UNIDAD_HOJA_BAJO_SUBSECTOR
PR,PRL3,PRELIMPIEZA LINEA 3,UNIDAD,VR1,PR-PRL3-VLV-VR1,BTZ_Description_04,PR-PRL3-LGC-PRELIMPIEZA 3,PR-PRL3-LGC-RAMPA VOLCADORA DE CAMIONES Nº 3,PR-PRL3-VLV-VR1,VALVULA ROTATIVA VR-1,PR-PRL3-VLV-VR1,VALVULA ROTATIVA VR-1,UNIDAD_HOJA_BAJO_SUBSECTOR
PR,PRL3,PRELIMPIEZA LINEA 3,SUBSECTOR,GENERAL,PR-PRL3-LGC-GENERAL,BTZ_Description_03,PR-PRL3-LGC-PRELIMPIEZA 3,PR-PRL3-LGC-GENERAL,,,PR-PRL3-LGC-PRELIMPIEZA 3,SUBSECTOR SINTETICO PARA HOJAS DIRECTAS DEL SECTOR,SUBSECTOR_SINTETICO_GENERAL
PR,PRL3,PRELIMPIEZA LINEA 3,UNIDAD,B01,PR-PRL3-BTD-B01,BTZ_Description_04,PR-PRL3-LGC-PRELIMPIEZA 3,PR-PRL3-LGC-GENERAL,PR-PRL3-BTD-B01,BATIDORA B-01 <A VENT. 7 Y 8>,PR-PRL3-BTD-B01,BATIDORA B-01 <A VENT. 7 Y 8>,UNIDAD_HOJA_DIRECTA_BAJO_SECTOR
PR,PRL3,PRELIMPIEZA LINEA 3,UNIDAD,T02,PR-PRL3-CNT-T02,BTZ_Description_04,PR-PRL3-LGC-PRELIMPIEZA 3,PR-PRL3-LGC-GENERAL,PR-PRL3-CNT-T02,CINTA TRANSP. T-002,PR-PRL3-CNT-T02,CINTA TRANSP. T-002,UNIDAD_HOJA_DIRECTA_BAJO_SECTOR
PR,VPR2,VAPOR 2,SECTOR,VAPOR 2,PR-VPR2-LGC-VAPOR2,BTZ_Description_02,PR-VPR2-LGC-VAPOR2,,,,PR-VPR2-LGC-VAPOR2,LOGICO VAPOR 2,SECTOR_DESDE_RAIZ_PR
PR,VPR2,VAPOR 2,SUBSECTOR,CALDERA RICCA Nº 2,PR-VPR2-LGC-CALDERA RICCA Nº 2,BTZ_Description_03,PR-VPR2-LGC-VAPOR2,PR-VPR2-LGC-CALDERA RICCA Nº 2,,,PR-VPR2-CLD-RCC2,CALDERA RICCA Nº 2,SUBSECTOR_DESDE_HIJO_LGC_O_NODO_INTERMEDIO
PR,VPR2,VAPOR 2,UNIDAD,AGU4,PR-VPR2-BMB-AGU4,BTZ_Description_04,PR-VPR2-LGC-VAPOR2,PR-VPR2-LGC-CALDERA RICCA Nº 2,PR-VPR2-BMB-AGU4,BOMBA ALIMENTACION AGUA Nº 4,PR-VPR2-BMB-AGU4,BOMBA ALIMENTACION AGUA Nº 4,UNIDAD_HOJA_BAJO_SUBSECTOR
PR,VPR2,VAPOR 2,UNIDAD,CDCHCR,PR-VPR2-CIL-CDCHCR,BTZ_Description_04,PR-VPR2-LGC-VAPOR2,PR-VPR2-LGC-CALDERA RICCA Nº 2,PR-VPR2-CIL-CDCHCR,CILINDRO DUCTO CHIMENEA CALDERA RICCA,PR-VPR2-CIL-CDCHCR,CILINDRO DUCTO CHIMENEA CALDERA RICCA,UNIDAD_HOJA_BAJO_SUBSECTOR
PR,VPR2,VAPOR 2,UNIDAD,TCHCR,PR-VPR2-CIL-TCHCR,BTZ_Description_04,PR-VPR2-LGC-VAPOR2,PR-VPR2-LGC-CALDERA RICCA Nº 2,PR-VPR2-CIL-TCHCR,CILINDRO TAPA CHIMENEA CALDERA RICCA,PR-VPR2-CIL-TCHCR,CILINDRO TAPA CHIMENEA CALDERA RICCA,UNIDAD_HOJA_BAJO_SUBSECTOR
PR,VPR2,VAPOR 2,UNIDAD,EXT1,PR-VPR2-ECN-EXT1,BTZ_Description_04,PR-VPR2-LGC-VAPOR2,PR-VPR2-LGC-CALDERA RICCA Nº 2,PR-VPR2-ECN-EXT1,ECONOMIZADOR EXTERNO 1,PR-VPR2-ECN-EXT1,ECONOMIZADOR EXTERNO 1,UNIDAD_HOJA_BAJO_SUBSECTOR
PR,VPR2,VAPOR 2,UNIDAD,INT2,PR-VPR2-ECN-INT2,BTZ_Description_04,PR-VPR2-LGC-VAPOR2,PR-VPR2-LGC-CALDERA RICCA Nº 2,PR-VPR2-ECN-INT2,ECONOMIZADOR INTERNO 2,PR-VPR2-ECN-INT2,ECONOMIZADOR INTERNO 2,UNIDAD_HOJA_BAJO_SUBSECTOR
PR,VPR2,VAPOR 2,UNIDAD,1SUR,PR-VPR2-MLT-1SUR,BTZ_Description_04,PR-VPR2-LGC-VAPOR2,PR-VPR2-LGC-CALDERA RICCA Nº 2,PR-VPR2-MLT-1SUR,MULTICLONES Nº1 <SUR>,PR-VPR2-MLT-1SUR,MULTICLONES Nº1 <SUR>,UNIDAD_HOJA_BAJO_SUBSECTOR
PR,VPR2,VAPOR 2,UNIDAD,2NOR,PR-VPR2-MLT-2NOR,BTZ_Description_04,PR-VPR2-LGC-VAPOR2,PR-VPR2-LGC-CALDERA RICCA Nº 2,PR-VPR2-MLT-2NOR,MULTICLONES Nº2 <NORTE>,PR-VPR2-MLT-2NOR,MULTICLONES Nº2 <NORTE>,UNIDAD_HOJA_BAJO_SUBSECTOR
PR,VPR2,VAPOR 2,UNIDAD,RCCR02,PR-VPR2-RDL-RCCR02,BTZ_Description_04,PR-VPR2-LGC-VAPOR2,PR-VPR2-LGC-CALDERA RICCA Nº 2,PR-VPR2-RDL-RCCR02,REDLER DE CENIZA 02 INCLINADA,PR-VPR2-RDL-RCCR02,REDLER DE CENIZA 02 INCLINADA,UNIDAD_HOJA_BAJO_SUBSECTOR
PR,VPR2,VAPOR 2,UNIDAD,RE01,PR-VPR2-SPL-RE01,BTZ_Description_04,PR-VPR2-LGC-VAPOR2,PR-VPR2-LGC-CALDERA RICCA Nº 2,PR-VPR2-SPL-RE01,SOPLADOR RETRACTIL Nº 1 <ESTE> SOBRECALENTADOR CONVECTIVO MARCA DIAMOND,PR-VPR2-SPL-RE01,SOPLADOR RETRACTIL Nº 1 <ESTE> SOBRECALENTADOR CONVECTIVO MARCA DIAMOND,UNIDAD_HOJA_BAJO_SUBSECTOR
PR,VPR2,VAPOR 2,UNIDAD,RE02,PR-VPR2-SPL-RE02,BTZ_Description_04,PR-VPR2-LGC-VAPOR2,PR-VPR2-LGC-CALDERA RICCA Nº 2,PR-VPR2-SPL-RE02,SOPLADOR RETRACTIL Nº 2 <ESTE> SOBRECALENTADOR RADIANTE MARCA DIAMOND,PR-VPR2-SPL-RE02,SOPLADOR RETRACTIL Nº 2 <ESTE> SOBRECALENTADOR RADIANTE MARCA DIAMOND,UNIDAD_HOJA_BAJO_SUBSECTOR
PR,VPR2,VAPOR 2,UNIDAD,RE03,PR-VPR2-SPL-RE03,BTZ_Description_04,PR-VPR2-LGC-VAPOR2,PR-VPR2-LGC-CALDERA RICCA Nº 2,PR-VPR2-SPL-RE03,SOPLADOR RETRACTIL Nº 3 <OESTE>,PR-VPR2-SPL-RE03,SOPLADOR RETRACTIL Nº 3 <OESTE>,UNIDAD_HOJA_BAJO_SUBSECTOR
PR,VPR2,VAPOR 2,UNIDAD,RE14,PR-VPR2-SPL-RE14,BTZ_Description_04,PR-VPR2-LGC-VAPOR2,PR-VPR2-LGC-CALDERA RICCA Nº 2,PR-VPR2-SPL-RE14,SOPLADOR RETRACTIL Nº 14 <ESTE> CAMARA TORSIONAL LONGITUDINAL MARCA DIAMOND,PR-VPR2-SPL-RE14,SOPLADOR RETRACTIL Nº 14 <ESTE> CAMARA TORSIONAL LONGITUDINAL MARCA DIAMOND,UNIDAD_HOJA_BAJO_SUBSECTOR
PR,VPR2,VAPOR 2,UNIDAD,RE15,PR-VPR2-SPL-RE15,BTZ_Description_04,PR-VPR2-LGC-VAPOR2,PR-VPR2-LGC-CALDERA RICCA Nº 2,PR-VPR2-SPL-RE15,SOPLADOR RETRACTIL Nº 15 <SUR> CAMARA TORSIONAL TRANSVERSAL MARCA PROMOEN,PR-VPR2-SPL-RE15,SOPLADOR RETRACTIL Nº 15 <SUR> CAMARA TORSIONAL TRANSVERSAL MARCA PROMOEN,UNIDAD_HOJA_BAJO_SUBSECTOR
PR,VPR2,VAPOR 2,UNIDAD,RE16,PR-VPR2-SPL-RE16,BTZ_Description_04,PR-VPR2-LGC-VAPOR2,PR-VPR2-LGC-CALDERA RICCA Nº 2,PR-VPR2-SPL-RE16,SOPLADOR RETRACTIL Nº 16 <ESTE> ENTRE SOBRECALENTADOR RADIANTE CONVENCTIVO INFERIOR MARCA PROMOEN,PR-VPR2-SPL-RE16,SOPLADOR RETRACTIL Nº 16 <ESTE> ENTRE SOBRECALENTADOR RADIANTE CONVENCTIVO INFERIOR MARCA PROMOEN,UNIDAD_HOJA_BAJO_SUBSECTOR
PR,VPR2,VAPOR 2,UNIDAD,RE17,PR-VPR2-SPL-RE17,BTZ_Description_04,PR-VPR2-LGC-VAPOR2,PR-VPR2-LGC-CALDERA RICCA Nº 2,PR-VPR2-SPL-RE17,SOPLADOR RETRACTIL Nº 17 <ESTE> LADO NORTE SUPERIOR SOBRECALENTADOR RADIANTE MARCA PROMOEN,PR-VPR2-SPL-RE17,SOPLADOR RETRACTIL Nº 17 <ESTE> LADO NORTE SUPERIOR SOBRECALENTADOR RADIANTE MARCA PROMOEN,UNIDAD_HOJA_BAJO_SUBSECTOR
PR,VPR2,VAPOR 2,UNIDAD,RE18,PR-VPR2-SPL-RE18,BTZ_Description_04,PR-VPR2-LGC-VAPOR2,PR-VPR2-LGC-CALDERA RICCA Nº 2,PR-VPR2-SPL-RE18,SOPLADOR RETRACTIL Nº 18 <ESTE> LADO NORTE SUPERIOR SOBRECALENTADOR RADIANTE MARCA PROMOEN,PR-VPR2-SPL-RE18,SOPLADOR RETRACTIL Nº 18 <ESTE> LADO NORTE SUPERIOR SOBRECALENTADOR RADIANTE MARCA PROMOEN,UNIDAD_HOJA_BAJO_SUBSECTOR
PR,VPR2,VAPOR 2,UNIDAD,ROT04,PR-VPR2-SPL-ROT04,BTZ_Description_04,PR-VPR2-LGC-VAPOR2,PR-VPR2-LGC-CALDERA RICCA Nº 2,PR-VPR2-SPL-ROT04,SOPLADOR ROTATIVO Nº 4 <OESTE> HAZ CONVECTIVO,PR-VPR2-SPL-ROT04,SOPLADOR ROTATIVO Nº 4 <OESTE> HAZ CONVECTIVO,UNIDAD_HOJA_BAJO_SUBSECTOR
PR,VPR2,VAPOR 2,UNIDAD,ROT05,PR-VPR2-SPL-ROT05,BTZ_Description_04,PR-VPR2-LGC-VAPOR2,PR-VPR2-LGC-CALDERA RICCA Nº 2,PR-VPR2-SPL-ROT05,SOPLADOR ROTATIVO Nº 5 <OESTE> HAZ CONVECTIVO,PR-VPR2-SPL-ROT05,SOPLADOR ROTATIVO Nº 5 <OESTE> HAZ CONVECTIVO,UNIDAD_HOJA_BAJO_SUBSECTOR
PR,VPR2,VAPOR 2,UNIDAD,ROT06,PR-VPR2-SPL-ROT06,BTZ_Description_04,PR-VPR2-LGC-VAPOR2,PR-VPR2-LGC-CALDERA RICCA Nº 2,PR-VPR2-SPL-ROT06,SOPLADOR ROTATIVO Nº 6 <OESTE> SALIDA HAZ CONVECTIVO,PR-VPR2-SPL-ROT06,SOPLADOR ROTATIVO Nº 6 <OESTE> SALIDA HAZ CONVECTIVO,UNIDAD_HOJA_BAJO_SUBSECTOR
PR,VPR2,VAPOR 2,UNIDAD,ROT07,PR-VPR2-SPL-ROT07,BTZ_Description_04,PR-VPR2-LGC-VAPOR2,PR-VPR2-LGC-CALDERA RICCA Nº 2,PR-VPR2-SPL-ROT07,SOPLADOR ROTATIVO Nº 7 <OESTE> ENTRADA ECONOMIZADOR 1 MARCA PROMOEN,PR-VPR2-SPL-ROT07,SOPLADOR ROTATIVO Nº 7 <OESTE> ENTRADA ECONOMIZADOR 1 MARCA PROMOEN,UNIDAD_HOJA_BAJO_SUBSECTOR
PR,VPR2,VAPOR 2,UNIDAD,ROT08,PR-VPR2-SPL-ROT08,BTZ_Description_04,PR-VPR2-LGC-VAPOR2,PR-VPR2-LGC-CALDERA RICCA Nº 2,PR-VPR2-SPL-ROT08,SOPLADOR ROTATIVO Nº 8 <OESTE> ENTRADA ECONOMIZADOR 1 MARCA PROMOEN,PR-VPR2-SPL-ROT08,SOPLADOR ROTATIVO Nº 8 <OESTE> ENTRADA ECONOMIZADOR 1 MARCA PROMOEN,UNIDAD_HOJA_BAJO_SUBSECTOR
PR,VPR2,VAPOR 2,UNIDAD,ROT09,PR-VPR2-SPL-ROT09,BTZ_Description_04,PR-VPR2-LGC-VAPOR2,PR-VPR2-LGC-CALDERA RICCA Nº 2,PR-VPR2-SPL-ROT09,SOPLADOR ROTATIVO Nº 9 <OESTE> ENTRADA ECONOMIZADOR 1 MARCA PROMOEN,PR-VPR2-SPL-ROT09,SOPLADOR ROTATIVO Nº 9 <OESTE> ENTRADA ECONOMIZADOR 1 MARCA PROMOEN,UNIDAD_HOJA_BAJO_SUBSECTOR
PR,VPR2,VAPOR 2,UNIDAD,ROT10,PR-VPR2-SPL-ROT10,BTZ_Description_04,PR-VPR2-LGC-VAPOR2,PR-VPR2-LGC-CALDERA RICCA Nº 2,PR-VPR2-SPL-ROT10,SOPLADOR ROTATIVO Nº 10 <ESTE> ECONOMIZADOR 2 SUPERIOR,PR-VPR2-SPL-ROT10,SOPLADOR ROTATIVO Nº 10 <ESTE> ECONOMIZADOR 2 SUPERIOR,UNIDAD_HOJA_BAJO_SUBSECTOR
PR,VPR2,VAPOR 2,UNIDAD,ROT11,PR-VPR2-SPL-ROT11,BTZ_Description_04,PR-VPR2-LGC-VAPOR2,PR-VPR2-LGC-CALDERA RICCA Nº 2,PR-VPR2-SPL-ROT11,SOPLADOR ROTATIVO Nº 11 <OESTE> ECONOMIZADOR 2 SUPERIOR,PR-VPR2-SPL-ROT11,SOPLADOR ROTATIVO Nº 11 <OESTE> ECONOMIZADOR 2 SUPERIOR,UNIDAD_HOJA_BAJO_SUBSECTOR
PR,VPR2,VAPOR 2,UNIDAD,ROT12,PR-VPR2-SPL-ROT12,BTZ_Description_04,PR-VPR2-LGC-VAPOR2,PR-VPR2-LGC-CALDERA RICCA Nº 2,PR-VPR2-SPL-ROT12,SOPLADOR ROTATIVO Nº 12 <ESTE> ECONOMIZADOR 2 INFERIOR,PR-VPR2-SPL-ROT12,SOPLADOR ROTATIVO Nº 12 <ESTE> ECONOMIZADOR 2 INFERIOR,UNIDAD_HOJA_BAJO_SUBSECTOR
PR,VPR2,VAPOR 2,UNIDAD,ROT13,PR-VPR2-SPL-ROT13,BTZ_Description_04,PR-VPR2-LGC-VAPOR2,PR-VPR2-LGC-CALDERA RICCA Nº 2,PR-VPR2-SPL-ROT13,SOPLADOR ROTATIVO Nº 13 <OESTE> ECONOMIZADOR 2 INFERIOR,PR-VPR2-SPL-ROT13,SOPLADOR ROTATIVO Nº 13 <OESTE> ECONOMIZADOR 2 INFERIOR,UNIDAD_HOJA_BAJO_SUBSECTOR
PR,VPR2,VAPOR 2,UNIDAD,GOT,PR-VPR2-SPR-GOT,BTZ_Description_04,PR-VPR2-LGC-VAPOR2,PR-VPR2-LGC-CALDERA RICCA Nº 2,PR-VPR2-SPR-GOT,SEPARADOR DE GOTAS,PR-VPR2-SPR-GOT,SEPARADOR DE GOTAS,UNIDAD_HOJA_BAJO_SUBSECTOR
PR,VPR2,VAPOR 2,UNIDAD,APEC,PR-VPR2-VLV-APEC,BTZ_Description_04,PR-VPR2-LGC-VAPOR2,PR-VPR2-LGC-CALDERA RICCA Nº 2,PR-VPR2-VLV-APEC,VALVULA NEUMATICA APORTE ENTRE CALDERAS,PR-VPR2-VLV-APEC,VALVULA NEUMATICA APORTE ENTRE CALDERAS,UNIDAD_HOJA_BAJO_SUBSECTOR
PR,VPR2,VAPOR 2,UNIDAD,EACR,PR-VPR2-VLV-EACR,BTZ_Description_04,PR-VPR2-LGC-VAPOR2,PR-VPR2-LGC-CALDERA RICCA Nº 2,PR-VPR2-VLV-EACR,VALVULA MODULADORA DE AGUA ENTRADA CALDERA RICCA,PR-VPR2-VLV-EACR,VALVULA MODULADORA DE AGUA ENTRADA CALDERA RICCA,UNIDAD_HOJA_BAJO_SUBSECTOR
PR,VPR2,VAPOR 2,UNIDAD,201,PR-VPR2-VLV-PCV-201,BTZ_Description_04,PR-VPR2-LGC-VAPOR2,PR-VPR2-LGC-CALDERA RICCA Nº 2,PR-VPR2-VLV-PCV-201,VALVULA AUTORREGULADORA DE GAS,PR-VPR2-VLV-PCV-201,VALVULA AUTORREGULADORA DE GAS,UNIDAD_HOJA_BAJO_SUBSECTOR
PR,VPR2,VAPOR 2,UNIDAD,203,PR-VPR2-VLV-PCV-203,BTZ_Description_04,PR-VPR2-LGC-VAPOR2,PR-VPR2-LGC-CALDERA RICCA Nº 2,PR-VPR2-VLV-PCV-203,VALVULA MODULADORA DE GAS,PR-VPR2-VLV-PCV-203,VALVULA MODULADORA DE GAS,UNIDAD_HOJA_BAJO_SUBSECTOR
PR,VPR2,VAPOR 2,UNIDAD,VSCCR,PR-VPR2-VLV-PCV-VSCCR,BTZ_Description_04,PR-VPR2-LGC-VAPOR2,PR-VPR2-LGC-CALDERA RICCA Nº 2,PR-VPR2-VLV-PCV-VSCCR,VALVULA NEUMATICA VENTEO SOBRECALENTADOR RICCA,PR-VPR2-VLV-PCV-VSCCR,VALVULA NEUMATICA VENTEO SOBRECALENTADOR RICCA,UNIDAD_HOJA_BAJO_SUBSECTOR
PR,VPR2,VAPOR 2,UNIDAD,SDECR,PR-VPR2-VLV-SDECR,BTZ_Description_04,PR-VPR2-LGC-VAPOR2,PR-VPR2-LGC-CALDERA RICCA Nº 2,PR-VPR2-VLV-SDECR,VALVULA DE SEGURIDAD DOMO <ESTE>,PR-VPR2-VLV-SDECR,VALVULA DE SEGURIDAD DOMO <ESTE>,UNIDAD_HOJA_BAJO_SUBSECTOR
PR,VPR2,VAPOR 2,UNIDAD,SDOCR,PR-VPR2-VLV-SDOCR,BTZ_Description_04,PR-VPR2-LGC-VAPOR2,PR-VPR2-LGC-CALDERA RICCA Nº 2,PR-VPR2-VLV-SDOCR,VALVULA DE SEGURIDAD DOMO <OESTE>,PR-VPR2-VLV-SDOCR,VALVULA DE SEGURIDAD DOMO <OESTE>,UNIDAD_HOJA_BAJO_SUBSECTOR
PR,VPR2,VAPOR 2,UNIDAD,SGPR,PR-VPR2-VLV-SGPR,BTZ_Description_04,PR-VPR2-LGC-VAPOR2,PR-VPR2-LGC-CALDERA RICCA Nº 2,PR-VPR2-VLV-SGPR,VALVULA DE SEGURIDAD DE GAS PILOTO CALDERA RICCA,PR-VPR2-VLV-SGPR,VALVULA DE SEGURIDAD DE GAS PILOTO CALDERA RICCA,UNIDAD_HOJA_BAJO_SUBSECTOR
PR,VPR2,VAPOR 2,UNIDAD,SGR,PR-VPR2-VLV-SGR,BTZ_Description_04,PR-VPR2-LGC-VAPOR2,PR-VPR2-LGC-CALDERA RICCA Nº 2,PR-VPR2-VLV-SGR,VALVULA DE SEGURIDAD DE GAS CALDERA RICCA,PR-VPR2-VLV-SGR,VALVULA DE SEGURIDAD DE GAS CALDERA RICCA,UNIDAD_HOJA_BAJO_SUBSECTOR
PR,VPR2,VAPOR 2,UNIDAD,SSCCR,PR-VPR2-VLV-SSCCR,BTZ_Description_04,PR-VPR2-LGC-VAPOR2,PR-VPR2-LGC-CALDERA RICCA Nº 2,PR-VPR2-VLV-SSCCR,VALVULA DE SEGURIDAD SOBRECALENTADOR,PR-VPR2-VLV-SSCCR,VALVULA DE SEGURIDAD SOBRECALENTADOR,UNIDAD_HOJA_BAJO_SUBSECTOR
PR,VPR2,VAPOR 2,UNIDAD,"3,5","PR-VPR2-VLV-TCV-3,5",BTZ_Description_04,PR-VPR2-LGC-VAPOR2,PR-VPR2-LGC-CALDERA RICCA Nº 2,"PR-VPR2-VLV-TCV-3,5","VALVULA NEUMATICA MODULADORA DE VAPOR ATEMPERADOR LINEA DE 3,5 BAR CALDERA RICCA","PR-VPR2-VLV-TCV-3,5","VALVULA NEUMATICA MODULADORA DE VAPOR ATEMPERADOR LINEA DE 3,5 BAR CALDERA RICCA",UNIDAD_HOJA_BAJO_SUBSECTOR
PR,VPR2,VAPOR 2,UNIDAD,45,PR-VPR2-VLV-TCV-45,BTZ_Description_04,PR-VPR2-LGC-VAPOR2,PR-VPR2-LGC-CALDERA RICCA Nº 2,PR-VPR2-VLV-TCV-45,VALVULA NEUMATICA MODULADORA DE VAPOR ATEMPERACION LINEA 45KG/CM2 CALDERA RICCA,PR-VPR2-VLV-TCV-45,VALVULA NEUMATICA MODULADORA DE VAPOR ATEMPERACION LINEA 45KG/CM2 CALDERA RICCA,UNIDAD_HOJA_BAJO_SUBSECTOR
PR,VPR2,VAPOR 2,UNIDAD,VBCR,PR-VPR2-VLV-VBCR,BTZ_Description_04,PR-VPR2-LGC-VAPOR2,PR-VPR2-LGC-CALDERA RICCA Nº 2,PR-VPR2-VLV-VBCR,VALVULA DE BLOQUEO CALDERA RICCA,PR-VPR2-VLV-VBCR,VALVULA DE BLOQUEO CALDERA RICCA,UNIDAD_HOJA_BAJO_SUBSECTOR
PR,VPR2,VAPOR 2,UNIDAD,VRCR1,PR-VPR2-VLV-VRCR1,BTZ_Description_04,PR-VPR2-LGC-VAPOR2,PR-VPR2-LGC-CALDERA RICCA Nº 2,PR-VPR2-VLV-VRCR1,VALVULA ROTATIVA CENIZA Nº1,PR-VPR2-VLV-VRCR1,VALVULA ROTATIVA CENIZA Nº1,UNIDAD_HOJA_BAJO_SUBSECTOR
PR,VPR2,VAPOR 2,UNIDAD,VRCR3,PR-VPR2-VLV-VRCR3,BTZ_Description_04,PR-VPR2-LGC-VAPOR2,PR-VPR2-LGC-CALDERA RICCA Nº 2,PR-VPR2-VLV-VRCR3,VALVULA ROTATIVA CENIZA Nº3,PR-VPR2-VLV-VRCR3,VALVULA ROTATIVA CENIZA Nº3,UNIDAD_HOJA_BAJO_SUBSECTOR
PR,VPR2,VAPOR 2,UNIDAD,VRCR4,PR-VPR2-VLV-VRCR4,BTZ_Description_04,PR-VPR2-LGC-VAPOR2,PR-VPR2-LGC-CALDERA RICCA Nº 2,PR-VPR2-VLV-VRCR4,VALVULA ROTATIVA CENIZA Nº4,PR-VPR2-VLV-VRCR4,VALVULA ROTATIVA CENIZA Nº4,UNIDAD_HOJA_BAJO_SUBSECTOR
PR,VPR2,VAPOR 2,UNIDAD,VCAS,PR-VPR2-VNT-VCAS,BTZ_Description_04,PR-VPR2-LGC-VAPOR2,PR-VPR2-LGC-CALDERA RICCA Nº 2,PR-VPR2-VNT-VCAS,VENTILADOR CASCARA A CAMARA,PR-VPR2-VNT-VCAS,VENTILADOR CASCARA A CAMARA,UNIDAD_HOJA_BAJO_SUBSECTOR
PR,VPR2,VAPOR 2,SUBSECTOR,ROSCAS,PR-VPR2-LGC-ROSCAS,BTZ_Description_03,PR-VPR2-LGC-VAPOR2,PR-VPR2-LGC-ROSCAS,,,PR-VPR2-LGC-ROSCAS,LOGICO ROSCAS,SUBSECTOR_DESDE_HIJO_LGC_O_NODO_INTERMEDIO
PR,VPR2,VAPOR 2,UNIDAD,RCCR01,PR-VPR2-RSC-RCCR01,BTZ_Description_04,PR-VPR2-LGC-VAPOR2,PR-VPR2-LGC-ROSCAS,PR-VPR2-RSC-RCCR01,ROSCA HORIZONTAL EXTRACTORA DE CENIZA 01,PR-VPR2-RSC-RCCR01,ROSCA HORIZONTAL EXTRACTORA DE CENIZA 01,UNIDAD_HOJA_BAJO_SUBSECTOR
PR,VPR2,VAPOR 2,UNIDAD,RCCR04,PR-VPR2-RSC-RCCR04,BTZ_Description_04,PR-VPR2-LGC-VAPOR2,PR-VPR2-LGC-ROSCAS,PR-VPR2-RSC-RCCR04,ROSCA DE CENIZA Nº 4,PR-VPR2-RSC-RCCR04,ROSCA DE CENIZA Nº 4,UNIDAD_HOJA_BAJO_SUBSECTOR
PR,VPR2,VAPOR 2,UNIDAD,RCCR05,PR-VPR2-RSC-RCCR05,BTZ_Description_04,PR-VPR2-LGC-VAPOR2,PR-VPR2-LGC-ROSCAS,PR-VPR2-RSC-RCCR05,ROSCA DE CENIZA Nº 5,PR-VPR2-RSC-RCCR05,ROSCA DE CENIZA Nº 5,UNIDAD_HOJA_BAJO_SUBSECTOR
PR,VPR2,VAPOR 2,UNIDAD,RCCR06,PR-VPR2-RSC-RCCR06,BTZ_Description_04,PR-VPR2-LGC-VAPOR2,PR-VPR2-LGC-ROSCAS,PR-VPR2-RSC-RCCR06,ROSCA DE CENIZA Nº 6,PR-VPR2-RSC-RCCR06,ROSCA DE CENIZA Nº 6,UNIDAD_HOJA_BAJO_SUBSECTOR
PR,VPR2,VAPOR 2,UNIDAD,RCCR07,PR-VPR2-RSC-RCCR07,BTZ_Description_04,PR-VPR2-LGC-VAPOR2,PR-VPR2-LGC-ROSCAS,PR-VPR2-RSC-RCCR07,ROSCA DE CENIZA Nº 7,PR-VPR2-RSC-RCCR07,ROSCA DE CENIZA Nº 7,UNIDAD_HOJA_BAJO_SUBSECTOR
PR,VPR2,VAPOR 2,UNIDAD,SFC5,PR-VPR2-RSC-SFC5,BTZ_Description_04,PR-VPR2-LGC-VAPOR2,PR-VPR2-LGC-ROSCAS,PR-VPR2-RSC-SFC5,ROSCA DE CASCARA Nº 5,PR-VPR2-RSC-SFC5,ROSCA DE CASCARA Nº 5,UNIDAD_HOJA_BAJO_SUBSECTOR
PR,VPR2,VAPOR 2,SUBSECTOR,SILO DE CASCARA Nº 1 (15 TN.) <SUR>,PR-VPR2-LGC-SILO DE CASCARA Nº 1 (15 TN.) <SUR>,BTZ_Description_03,PR-VPR2-LGC-VAPOR2,PR-VPR2-LGC-SILO DE CASCARA Nº 1 (15 TN.) <SUR>,,,PR-VPR2-SLO-CAS1,SILO DE CASCARA Nº 1 (15 TN.) <SUR>,SUBSECTOR_DESDE_HIJO_LGC_O_NODO_INTERMEDIO
PR,VPR2,VAPOR 2,UNIDAD,VRCC,PR-VPR2-VLV-VRCC,BTZ_Description_04,PR-VPR2-LGC-VAPOR2,PR-VPR2-LGC-SILO DE CASCARA Nº 1 (15 TN.) <SUR>,PR-VPR2-VLV-VRCC,VALVULA DOSIF. CASCARA Nº 1,PR-VPR2-VLV-VRCC,VALVULA DOSIF. CASCARA Nº 1,UNIDAD_HOJA_BAJO_SUBSECTOR
PR,VPR2,VAPOR 2,SUBSECTOR,GENERAL,PR-VPR2-LGC-GENERAL,BTZ_Description_03,PR-VPR2-LGC-VAPOR2,PR-VPR2-LGC-GENERAL,,,PR-VPR2-LGC-VAPOR2,SUBSECTOR SINTETICO PARA HOJAS DIRECTAS DEL SECTOR,SUBSECTOR_SINTETICO_GENERAL
PR,VPR2,VAPOR 2,UNIDAD,PAPQ,PR-VPR2-BMB-PAPQ,BTZ_Description_04,PR-VPR2-LGC-VAPOR2,PR-VPR2-LGC-GENERAL,PR-VPR2-BMB-PAPQ,BOMBA PASCAL PROD.QUIMICOS,PR-VPR2-BMB-PAPQ,BOMBA PASCAL PROD.QUIMICOS,UNIDAD_HOJA_DIRECTA_BAJO_SECTOR
PR,VPR2,VAPOR 2,UNIDAD,QUI,PR-VPR2-DPS-QUI,BTZ_Description_04,PR-VPR2-LGC-VAPOR2,PR-VPR2-LGC-GENERAL,PR-VPR2-DPS-QUI,DEPOSITO PRODUCTOS QUIMICOS,PR-VPR2-DPS-QUI,DEPOSITO PRODUCTOS QUIMICOS,UNIDAD_HOJA_DIRECTA_BAJO_SECTOR
PR,VPR2,VAPOR 2,UNIDAD,PUR,PR-VPR2-ENF-PUR,BTZ_Description_04,PR-VPR2-LGC-VAPOR2,PR-VPR2-LGC-GENERAL,PR-VPR2-ENF-PUR,ENFRIADOR DE PURGA CONTINUA,PR-VPR2-ENF-PUR,ENFRIADOR DE PURGA CONTINUA,UNIDAD_HOJA_DIRECTA_BAJO_SECTOR
PR,ACT,ACEITE,SECTOR,ACEITE,PR-ACT-LGC-ACEITE,BTZ_Description_02,PR-ACT-LGC-ACEITE,,,,PR-ACT-LGC-ACEITE,LOGICO ACEITE,SECTOR_DESDE_RAIZ_PR
PR,ACT,ACEITE,SUBSECTOR,BOMBAS,PR-ACT-LGC-BOMBAS,BTZ_Description_03,PR-ACT-LGC-ACEITE,PR-ACT-LGC-BOMBAS,,,PR-ACT-LGC-BOMBAS,LOGICO BOMBAS,SUBSECTOR_DESDE_HIJO_LGC_O_NODO_INTERMEDIO
PR,ACT,ACEITE,UNIDAD,DA09,PR-ACT-BMB-DA09,BTZ_Description_04,PR-ACT-LGC-ACEITE,PR-ACT-LGC-BOMBAS,PR-ACT-BMB-DA09,BOMBA CENTRIFUGA Nº 9,PR-ACT-BMB-DA09,BOMBA CENTRIFUGA Nº 9,UNIDAD_HOJA_BAJO_SUBSECTOR
PR,ACT,ACEITE,UNIDAD,DA11,PR-ACT-BMB-DA11,BTZ_Description_04,PR-ACT-LGC-ACEITE,PR-ACT-LGC-BOMBAS,PR-ACT-BMB-DA11,BOMBA CENTRIFUGA Nº 11 <ESTE>,PR-ACT-BMB-DA11,BOMBA CENTRIFUGA Nº 11 <ESTE>,UNIDAD_HOJA_BAJO_SUBSECTOR
PR,ACT,ACEITE,UNIDAD,DA12,PR-ACT-BMB-DA12,BTZ_Description_04,PR-ACT-LGC-ACEITE,PR-ACT-LGC-BOMBAS,PR-ACT-BMB-DA12,BOMBA CENTRIFUGA Nº 12,PR-ACT-BMB-DA12,BOMBA CENTRIFUGA Nº 12,UNIDAD_HOJA_BAJO_SUBSECTOR
PR,ACT,ACEITE,UNIDAD,DA13,PR-ACT-BMB-DA13,BTZ_Description_04,PR-ACT-LGC-ACEITE,PR-ACT-LGC-BOMBAS,PR-ACT-BMB-DA13,BOMBA CENTRIFUGA Nº 13 <A E-2>,PR-ACT-BMB-DA13,BOMBA CENTRIFUGA Nº 13 <A E-2>,UNIDAD_HOJA_BAJO_SUBSECTOR
PR,ACT,ACEITE,UNIDAD,EP01,PR-ACT-BMB-EP01,BTZ_Description_04,PR-ACT-LGC-ACEITE,PR-ACT-LGC-BOMBAS,PR-ACT-BMB-EP01,"BOMBA A ENGRANAJE PORTATIL ""A""",PR-ACT-BMB-EP01,"BOMBA A ENGRANAJE PORTATIL ""A""",UNIDAD_HOJA_BAJO_SUBSECTOR
PR,ACT,ACEITE,UNIDAD,EP02,PR-ACT-BMB-EP02,BTZ_Description_04,PR-ACT-LGC-ACEITE,PR-ACT-LGC-BOMBAS,PR-ACT-BMB-EP02,BOMBA A ENGRANAJE PORTATIL Nº 2,PR-ACT-BMB-EP02,BOMBA A ENGRANAJE PORTATIL Nº 2,UNIDAD_HOJA_BAJO_SUBSECTOR
PR,ACT,ACEITE,UNIDAD,EP03,PR-ACT-BMB-EP03,BTZ_Description_04,PR-ACT-LGC-ACEITE,PR-ACT-LGC-BOMBAS,PR-ACT-BMB-EP03,BOMBA A ENGRANAJE PORTATIL Nº 3 (F),PR-ACT-BMB-EP03,BOMBA A ENGRANAJE PORTATIL Nº 3 (F),UNIDAD_HOJA_BAJO_SUBSECTOR
PR,ACT,ACEITE,UNIDAD,EP04,PR-ACT-BMB-EP04,BTZ_Description_04,PR-ACT-LGC-ACEITE,PR-ACT-LGC-BOMBAS,PR-ACT-BMB-EP04,BOMBA A ENGRANAJE PORTATIL Nº 4 (K),PR-ACT-BMB-EP04,BOMBA A ENGRANAJE PORTATIL Nº 4 (K),UNIDAD_HOJA_BAJO_SUBSECTOR
PR,ACT,ACEITE,UNIDAD,EP05,PR-ACT-BMB-EP05,BTZ_Description_04,PR-ACT-LGC-ACEITE,PR-ACT-LGC-BOMBAS,PR-ACT-BMB-EP05,BOMBA A ENGRANAJE PORTATIL Nº 5,PR-ACT-BMB-EP05,BOMBA A ENGRANAJE PORTATIL Nº 5,UNIDAD_HOJA_BAJO_SUBSECTOR
PR,ACT,ACEITE,UNIDAD,EPC,PR-ACT-BMB-EPC,BTZ_Description_04,PR-ACT-LGC-ACEITE,PR-ACT-LGC-BOMBAS,PR-ACT-BMB-EPC,"BOMBA A ENGRANAJE PORTATIL ""C""",PR-ACT-BMB-EPC,"BOMBA A ENGRANAJE PORTATIL ""C""",UNIDAD_HOJA_BAJO_SUBSECTOR
PR,ACT,ACEITE,UNIDAD,EPD,PR-ACT-BMB-EPD,BTZ_Description_04,PR-ACT-LGC-ACEITE,PR-ACT-LGC-BOMBAS,PR-ACT-BMB-EPD,"BOMBA A ENGRANAJE PORTATIL ""D""",PR-ACT-BMB-EPD,"BOMBA A ENGRANAJE PORTATIL ""D""",UNIDAD_HOJA_BAJO_SUBSECTOR
PR,ACT,ACEITE,UNIDAD,EPE,PR-ACT-BMB-EPE,BTZ_Description_04,PR-ACT-LGC-ACEITE,PR-ACT-LGC-BOMBAS,PR-ACT-BMB-EPE,"BOMBA A ENGRANAJE PORTATIL ""E""",PR-ACT-BMB-EPE,"BOMBA A ENGRANAJE PORTATIL ""E""",UNIDAD_HOJA_BAJO_SUBSECTOR
PR,ACT,ACEITE,UNIDAD,EPI,PR-ACT-BMB-EPI,BTZ_Description_04,PR-ACT-LGC-ACEITE,PR-ACT-LGC-BOMBAS,PR-ACT-BMB-EPI,"BOMBA A ENGRANAJE PORTATIL ""I""",PR-ACT-BMB-EPI,"BOMBA A ENGRANAJE PORTATIL ""I""",UNIDAD_HOJA_BAJO_SUBSECTOR
PR,ACT,ACEITE,UNIDAD,EPJ,PR-ACT-BMB-EPJ,BTZ_Description_04,PR-ACT-LGC-ACEITE,PR-ACT-LGC-BOMBAS,PR-ACT-BMB-EPJ,"BOMBA A ENGRANAJE PORTATIL ""J""",PR-ACT-BMB-EPJ,"BOMBA A ENGRANAJE PORTATIL ""J""",UNIDAD_HOJA_BAJO_SUBSECTOR
PR,ACT,ACEITE,UNIDAD,OPG,PR-ACT-BMB-OPG,BTZ_Description_04,PR-ACT-LGC-ACEITE,PR-ACT-LGC-BOMBAS,PR-ACT-BMB-OPG,"BOMBA OSCILANTE PORTATIL ""G"" X",PR-ACT-BMB-OPG,"BOMBA OSCILANTE PORTATIL ""G"" X",UNIDAD_HOJA_BAJO_SUBSECTOR
PR,ACT,ACEITE,UNIDAD,OPH,PR-ACT-BMB-OPH,BTZ_Description_04,PR-ACT-LGC-ACEITE,PR-ACT-LGC-BOMBAS,PR-ACT-BMB-OPH,"BOMBA OSCILANTE PORTATIL ""H""",PR-ACT-BMB-OPH,"BOMBA OSCILANTE PORTATIL ""H""",UNIDAD_HOJA_BAJO_SUBSECTOR
PR,ACT,ACEITE,UNIDAD,,PR-EXT1-EXT-,BTZ_Description_04,PR-ACT-LGC-ACEITE,PR-ACT-LGC-BOMBAS,PR-EXT1-EXT-,BOMBA CENTRIFUGA Nº 10 <OESTE>,PR-EXT1-EXT-,BOMBA CENTRIFUGA Nº 10 <OESTE>,UNIDAD_HOJA_BAJO_SUBSECTOR
PR,ACT,ACEITE,SUBSECTOR,TANQUES ACEITE,PR-ACT-LGC-TANQUES,BTZ_Description_03,PR-ACT-LGC-ACEITE,PR-ACT-LGC-TANQUES,,,PR-ACT-LGC-TANQUES,LOGICO TANQUES ACEITE,SUBSECTOR_DESDE_HIJO_LGC_O_NODO_INTERMEDIO
PR,ACT,ACEITE,UNIDAD,ABO,PR-ACT-TNQ-ABO,BTZ_Description_04,PR-ACT-LGC-ACEITE,PR-ACT-LGC-TANQUES,PR-ACT-TNQ-ABO,TANQUE ALMAC.DE BORRA,PR-ACT-TNQ-ABO,TANQUE ALMAC.DE BORRA,UNIDAD_HOJA_BAJO_SUBSECTOR
PR,ACT,ACEITE,UNIDAD,AC08,PR-ACT-TNQ-AC08,BTZ_Description_04,PR-ACT-LGC-ACEITE,PR-ACT-LGC-TANQUES,PR-ACT-TNQ-AC08,TANQUE ALMAC.ACEITE CRUDO Nº 8,PR-ACT-TNQ-AC08,TANQUE ALMAC.ACEITE CRUDO Nº 8,UNIDAD_HOJA_BAJO_SUBSECTOR
PR,ACT,ACEITE,SUBSECTOR,GENERAL,PR-ACT-LGC-GENERAL,BTZ_Description_03,PR-ACT-LGC-ACEITE,PR-ACT-LGC-GENERAL,,,PR-ACT-LGC-ACEITE,SUBSECTOR SINTETICO PARA HOJAS DIRECTAS DEL SECTOR,SUBSECTOR_SINTETICO_GENERAL
PR,ACT,ACEITE,UNIDAD,OLD,PR-ACT-CÑR-OLD,BTZ_Description_04,PR-ACT-LGC-ACEITE,PR-ACT-LGC-GENERAL,PR-ACT-CÑR-OLD,CAÑERIA DE 8 PULG. OLEODUCTO DE PTA RIC A PTA PTO,PR-ACT-CÑR-OLD,CAÑERIA DE 8 PULG. OLEODUCTO DE PTA RIC A PTA PTO,UNIDAD_HOJA_DIRECTA_BAJO_SECTOR
PR,ACT,ACEITE,UNIDAD,ACR,PR-ACT-ENF-ACR,BTZ_Description_04,PR-ACT-LGC-ACEITE,PR-ACT-LGC-GENERAL,PR-ACT-ENF-ACR,ENFRIADOR ACEITE DE REBOMBEO,PR-ACT-ENF-ACR,ENFRIADOR ACEITE DE REBOMBEO,UNIDAD_HOJA_DIRECTA_BAJO_SECTOR
PR,ENR1,ENERGIA 1,SECTOR,ENERGIA 1,PR-ENR1-LGC-ENERGIA 1,BTZ_Description_02,PR-ENR1-LGC-ENERGIA 1,,,,PR-ENR1-LGC-ENERGIA 1,LOGICO ENERGIA 1,SECTOR_DESDE_RAIZ_PR
PR,ENR1,ENERGIA 1,SUBSECTOR,TURBINA SIEMENS,PR-ENR1-LGC-TURBINA SIEMENS,BTZ_Description_03,PR-ENR1-LGC-ENERGIA 1,PR-ENR1-LGC-TURBINA SIEMENS,,,PR-ENR1-TRB-SMN,TURBINA SIEMENS,SUBSECTOR_DESDE_HIJO_LGC_O_NODO_INTERMEDIO
PR,ENR1,ENERGIA 1,UNIDAD,ACA,PR-ENR1-BMB-ACA,BTZ_Description_04,PR-ENR1-LGC-ENERGIA 1,PR-ENR1-LGC-TURBINA SIEMENS,PR-ENR1-BMB-ACA,BOMBA ACEITE AUXILIAR (C.A.),PR-ENR1-BMB-ACA,BOMBA ACEITE AUXILIAR (C.A.),UNIDAD_HOJA_BAJO_SUBSECTOR
PR,ENR1,ENERGIA 1,UNIDAD,ACC,PR-ENR1-BMB-ACC,BTZ_Description_04,PR-ENR1-LGC-ENERGIA 1,PR-ENR1-LGC-TURBINA SIEMENS,PR-ENR1-BMB-ACC,BOMBA ACEITE AUXILIAR (C.C.),PR-ENR1-BMB-ACC,BOMBA ACEITE AUXILIAR (C.C.),UNIDAD_HOJA_BAJO_SUBSECTOR
PR,ENR1,ENERGIA 1,UNIDAD,APR,PR-ENR1-BMB-APR,BTZ_Description_04,PR-ENR1-LGC-ENERGIA 1,PR-ENR1-LGC-TURBINA SIEMENS,PR-ENR1-BMB-APR,BOMBA ACEITE PRINCIPAL,PR-ENR1-BMB-APR,BOMBA ACEITE PRINCIPAL,UNIDAD_HOJA_BAJO_SUBSECTOR
PR,ENR1,ENERGIA 1,UNIDAD,ACT,PR-ENR1-DPS-ACT,BTZ_Description_04,PR-ENR1-LGC-ENERGIA 1,PR-ENR1-LGC-TURBINA SIEMENS,PR-ENR1-DPS-ACT,DEPOSITO DE ACEITE,PR-ENR1-DPS-ACT,DEPOSITO DE ACEITE,UNIDAD_HOJA_BAJO_SUBSECTOR
PR,ENR1,ENERGIA 1,UNIDAD,ACT1,PR-ENR1-ENF-ACT1,BTZ_Description_04,PR-ENR1-LGC-ENERGIA 1,PR-ENR1-LGC-TURBINA SIEMENS,PR-ENR1-ENF-ACT1,ENFRIADOR DE ACEITE 1,PR-ENR1-ENF-ACT1,ENFRIADOR DE ACEITE 1,UNIDAD_HOJA_BAJO_SUBSECTOR
PR,ENR1,ENERGIA 1,UNIDAD,ACT2,PR-ENR1-ENF-ACT2,BTZ_Description_04,PR-ENR1-LGC-ENERGIA 1,PR-ENR1-LGC-TURBINA SIEMENS,PR-ENR1-ENF-ACT2,ENFRIADOR DE ACEITE 2,PR-ENR1-ENF-ACT2,ENFRIADOR DE ACEITE 2,UNIDAD_HOJA_BAJO_SUBSECTOR
PR,ENR1,ENERGIA 1,UNIDAD,GNT,PR-ENR1-ENF-GNT,BTZ_Description_04,PR-ENR1-LGC-ENERGIA 1,PR-ENR1-LGC-TURBINA SIEMENS,PR-ENR1-ENF-GNT,ENFRIADOR AIRE GENERADOR,PR-ENR1-ENF-GNT,ENFRIADOR AIRE GENERADOR,UNIDAD_HOJA_BAJO_SUBSECTOR
PR,ENR1,ENERGIA 1,UNIDAD,GEN,PR-ENR1-EXI-GEN,BTZ_Description_04,PR-ENR1-LGC-ENERGIA 1,PR-ENR1-LGC-TURBINA SIEMENS,PR-ENR1-EXI-GEN,EXCITATRIZ DEL GENERADOR,PR-ENR1-EXI-GEN,EXCITATRIZ DEL GENERADOR,UNIDAD_HOJA_BAJO_SUBSECTOR
PR,ENR1,ENERGIA 1,UNIDAD,PGEN,PR-ENR1-EXI-PGEN,BTZ_Description_04,PR-ENR1-LGC-ENERGIA 1,PR-ENR1-LGC-TURBINA SIEMENS,PR-ENR1-EXI-PGEN,EXCITATRIZ PILOTO,PR-ENR1-EXI-PGEN,EXCITATRIZ PILOTO,UNIDAD_HOJA_BAJO_SUBSECTOR
PR,ENR1,ENERGIA 1,UNIDAD,VHS,PR-ENR1-EXT-VHS,BTZ_Description_04,PR-ENR1-LGC-ENERGIA 1,PR-ENR1-LGC-TURBINA SIEMENS,PR-ENR1-EXT-VHS,EXTRACTOR DE VAHOS,PR-ENR1-EXT-VHS,EXTRACTOR DE VAHOS,UNIDAD_HOJA_BAJO_SUBSECTOR
PR,ENR1,ENERGIA 1,UNIDAD,ACT,PR-ENR1-FLT-ACT,BTZ_Description_04,PR-ENR1-LGC-ENERGIA 1,PR-ENR1-LGC-TURBINA SIEMENS,PR-ENR1-FLT-ACT,FILTRO DE ACEITE TURBINA SIEMENS,PR-ENR1-FLT-ACT,FILTRO DE ACEITE TURBINA SIEMENS,UNIDAD_HOJA_BAJO_SUBSECTOR
PR,ENR1,ENERGIA 1,UNIDAD,4560,PR-ENR1-GNR-4560,BTZ_Description_04,PR-ENR1-LGC-ENERGIA 1,PR-ENR1-LGC-TURBINA SIEMENS,PR-ENR1-GNR-4560,GENERADOR SIEMENS DE 4560 KVA,PR-ENR1-GNR-4560,GENERADOR SIEMENS DE 4560 KVA,UNIDAD_HOJA_BAJO_SUBSECTOR
PR,ENR1,ENERGIA 1,UNIDAD,GAL,PR-ENR1-GNR-GAL,BTZ_Description_04,PR-ENR1-LGC-ENERGIA 1,PR-ENR1-LGC-TURBINA SIEMENS,PR-ENR1-GNR-GAL,GENERADOR AUXILIAR GALAN 4B3.9C CA Y CC,PR-ENR1-GNR-GAL,GENERADOR AUXILIAR GALAN 4B3.9C CA Y CC,UNIDAD_HOJA_BAJO_SUBSECTOR
PR,ENR1,ENERGIA 1,UNIDAD,TUR,PR-ENR1-RDC-TUR,BTZ_Description_04,PR-ENR1-LGC-ENERGIA 1,PR-ENR1-LGC-TURBINA SIEMENS,PR-ENR1-RDC-TUR,REDUCTOR TURBINA SIEMENS,PR-ENR1-RDC-TUR,REDUCTOR TURBINA SIEMENS,UNIDAD_HOJA_BAJO_SUBSECTOR
PR,ENR1,ENERGIA 1,UNIDAD,12/7,PR-ENR1-VLV-12/7,BTZ_Description_04,PR-ENR1-LGC-ENERGIA 1,PR-ENR1-LGC-TURBINA SIEMENS,PR-ENR1-VLV-12/7,VALVULA REDUCTORA PRESION 12/7,PR-ENR1-VLV-12/7,VALVULA REDUCTORA PRESION 12/7,UNIDAD_HOJA_BAJO_SUBSECTOR
PR,ENR1,ENERGIA 1,UNIDAD,33/12,PR-ENR1-VLV-33/12,BTZ_Description_04,PR-ENR1-LGC-ENERGIA 1,PR-ENR1-LGC-TURBINA SIEMENS,PR-ENR1-VLV-33/12,VALVULA REDUCTORA PRESION 33/12,PR-ENR1-VLV-33/12,VALVULA REDUCTORA PRESION 33/12,UNIDAD_HOJA_BAJO_SUBSECTOR
PR,ENR1,ENERGIA 1,UNIDAD,33/7,PR-ENR1-VLV-33/7,BTZ_Description_04,PR-ENR1-LGC-ENERGIA 1,PR-ENR1-LGC-TURBINA SIEMENS,PR-ENR1-VLV-33/7,VALVULA REDUCTORA PRESION 33/7,PR-ENR1-VLV-33/7,VALVULA REDUCTORA PRESION 33/7,UNIDAD_HOJA_BAJO_SUBSECTOR
PR,ENR1,ENERGIA 1,UNIDAD,BCPTS,PR-ENR1-VLV-BCPTS,BTZ_Description_04,PR-ENR1-LGC-ENERGIA 1,PR-ENR1-LGC-TURBINA SIEMENS,PR-ENR1-VLV-BCPTS,VALVULA DE BLOQUEO CONTRAPRESION TURBINA SIEMENS,PR-ENR1-VLV-BCPTS,VALVULA DE BLOQUEO CONTRAPRESION TURBINA SIEMENS,UNIDAD_HOJA_BAJO_SUBSECTOR
PR,ENR1,ENERGIA 1,UNIDAD,BETS,PR-ENR1-VLV-BETS,BTZ_Description_04,PR-ENR1-LGC-ENERGIA 1,PR-ENR1-LGC-TURBINA SIEMENS,PR-ENR1-VLV-BETS,VALVULA DE BLOQUEO EXTRACCION TURBINA SIEMENS,PR-ENR1-VLV-BETS,VALVULA DE BLOQUEO EXTRACCION TURBINA SIEMENS,UNIDAD_HOJA_BAJO_SUBSECTOR
PR,ENR1,ENERGIA 1,UNIDAD,BPFTS,PR-ENR1-VLV-BPFTS,BTZ_Description_04,PR-ENR1-LGC-ENERGIA 1,PR-ENR1-LGC-TURBINA SIEMENS,PR-ENR1-VLV-BPFTS,VALVULA DE BLOQUEO PUNTO FIJO TURBINA SIEMENS,PR-ENR1-VLV-BPFTS,VALVULA DE BLOQUEO PUNTO FIJO TURBINA SIEMENS,UNIDAD_HOJA_BAJO_SUBSECTOR
PR,ENR1,ENERGIA 1,UNIDAD,SCPTS,PR-ENR1-VLV-SCPTS,BTZ_Description_04,PR-ENR1-LGC-ENERGIA 1,PR-ENR1-LGC-TURBINA SIEMENS,PR-ENR1-VLV-SCPTS,VALVULA DE SEGURIDAD CONTRAPRESION V-7,PR-ENR1-VLV-SCPTS,VALVULA DE SEGURIDAD CONTRAPRESION V-7,UNIDAD_HOJA_BAJO_SUBSECTOR
PR,ENR1,ENERGIA 1,UNIDAD,SEXTS,PR-ENR1-VLV-SEXTS,BTZ_Description_04,PR-ENR1-LGC-ENERGIA 1,PR-ENR1-LGC-TURBINA SIEMENS,PR-ENR1-VLV-SEXTS,VALVULA DE SEGURIDAD EXTRACCION V-12,PR-ENR1-VLV-SEXTS,VALVULA DE SEGURIDAD EXTRACCION V-12,UNIDAD_HOJA_BAJO_SUBSECTOR
PR,ENR1,ENERGIA 1,UNIDAD,VRV7,PR-ENR1-VLV-VRV7,BTZ_Description_04,PR-ENR1-LGC-ENERGIA 1,PR-ENR1-LGC-TURBINA SIEMENS,PR-ENR1-VLV-VRV7,VALVULA VAPOR RV-7 <A COND.>,PR-ENR1-VLV-VRV7,VALVULA VAPOR RV-7 <A COND.>,UNIDAD_HOJA_BAJO_SUBSECTOR
PR,ENR1,ENERGIA 1,UNIDAD,CTS,PR-ENR1-VNT-CTS,BTZ_Description_04,PR-ENR1-LGC-ENERGIA 1,PR-ENR1-LGC-TURBINA SIEMENS,PR-ENR1-VNT-CTS,VENTILADOR CONDENSADOR T.S.,PR-ENR1-VNT-CTS,VENTILADOR CONDENSADOR T.S.,UNIDAD_HOJA_BAJO_SUBSECTOR
PR,ENR1,ENERGIA 1,SUBSECTOR,GENERAL,PR-ENR1-LGC-GENERAL,BTZ_Description_03,PR-ENR1-LGC-ENERGIA 1,PR-ENR1-LGC-GENERAL,,,PR-ENR1-LGC-ENERGIA 1,SUBSECTOR SINTETICO PARA HOJAS DIRECTAS DEL SECTOR,SUBSECTOR_SINTETICO_GENERAL
PR,ENR1,ENERGIA 1,UNIDAD,APMST,PR-ENR1-APM-APMST,BTZ_Description_04,PR-ENR1-LGC-ENERGIA 1,PR-ENR1-LGC-GENERAL,PR-ENR1-APM-APMST,APAREJO MANUAL SALA DE TURBINAS,PR-ENR1-APM-APMST,APAREJO MANUAL SALA DE TURBINAS,UNIDAD_HOJA_DIRECTA_BAJO_SECTOR
PR,ENR1,ENERGIA 1,UNIDAD,AT01,PR-ENR1-BMB-AT01,BTZ_Description_04,PR-ENR1-LGC-ENERGIA 1,PR-ENR1-LGC-GENERAL,PR-ENR1-BMB-AT01,BOMBA ATEMPERADORA 01,PR-ENR1-BMB-AT01,BOMBA ATEMPERADORA 01,UNIDAD_HOJA_DIRECTA_BAJO_SECTOR
PR,ENR1,ENERGIA 1,UNIDAD,AT02,PR-ENR1-BMB-AT02,BTZ_Description_04,PR-ENR1-LGC-ENERGIA 1,PR-ENR1-LGC-GENERAL,PR-ENR1-BMB-AT02,BOMBA ATEMPERADORA 02,PR-ENR1-BMB-AT02,BOMBA ATEMPERADORA 02,UNIDAD_HOJA_DIRECTA_BAJO_SECTOR
PR,ENR1,ENERGIA 1,UNIDAD,REF1,PR-ENR1-BMB-REF1,BTZ_Description_04,PR-ENR1-LGC-ENERGIA 1,PR-ENR1-LGC-GENERAL,PR-ENR1-BMB-REF1,BOMBA DE REFRIGERACION Nº1,PR-ENR1-BMB-REF1,BOMBA DE REFRIGERACION Nº1,UNIDAD_HOJA_DIRECTA_BAJO_SECTOR
PR,ENR1,ENERGIA 1,UNIDAD,REF2,PR-ENR1-BMB-REF2,BTZ_Description_04,PR-ENR1-LGC-ENERGIA 1,PR-ENR1-LGC-GENERAL,PR-ENR1-BMB-REF2,BOMBA DE REFRIGERACION Nº2,PR-ENR1-BMB-REF2,BOMBA DE REFRIGERACION Nº2,UNIDAD_HOJA_DIRECTA_BAJO_SECTOR
PR,ENR1,ENERGIA 1,UNIDAD,ACTB,PR-ENR1-EQP-ACTB,BTZ_Description_04,PR-ENR1-LGC-ENERGIA 1,PR-ENR1-LGC-GENERAL,PR-ENR1-EQP-ACTB,EQUIPO SECADO ACEITES DE TURBINAS,PR-ENR1-EQP-ACTB,EQUIPO SECADO ACEITES DE TURBINAS,UNIDAD_HOJA_DIRECTA_BAJO_SECTOR
PR,ENR1,ENERGIA 1,UNIDAD,PGST,PR-ENR1-PGR-PGST,BTZ_Description_04,PR-ENR1-LGC-ENERGIA 1,PR-ENR1-LGC-GENERAL,PR-ENR1-PGR-PGST,PUENTE GRUA SALA DE TURBINAS,PR-ENR1-PGR-PGST,PUENTE GRUA SALA DE TURBINAS,UNIDAD_HOJA_DIRECTA_BAJO_SECTOR
PR,ENR1,ENERGIA 1,UNIDAD,AST01,PR-ENR1-VNT-AST01,BTZ_Description_04,PR-ENR1-LGC-ENERGIA 1,PR-ENR1-LGC-GENERAL,PR-ENR1-VNT-AST01,"VENTILADOR AIREACION 1, PLANTA BAJA, SALA TURBOS (NORTE)",PR-ENR1-VNT-AST01,"VENTILADOR AIREACION 1, PLANTA BAJA, SALA TURBOS (NORTE)",UNIDAD_HOJA_DIRECTA_BAJO_SECTOR
PR,ENR1,ENERGIA 1,UNIDAD,AST02,PR-ENR1-VNT-AST02,BTZ_Description_04,PR-ENR1-LGC-ENERGIA 1,PR-ENR1-LGC-GENERAL,PR-ENR1-VNT-AST02,"VENTILADOR AIREACION 2, PLANTA BAJA, SALA TURBOS (NORESTE)",PR-ENR1-VNT-AST02,"VENTILADOR AIREACION 2, PLANTA BAJA, SALA TURBOS (NORESTE)",UNIDAD_HOJA_DIRECTA_BAJO_SECTOR
PR,ENR1,ENERGIA 1,UNIDAD,AST03,PR-ENR1-VNT-AST03,BTZ_Description_04,PR-ENR1-LGC-ENERGIA 1,PR-ENR1-LGC-GENERAL,PR-ENR1-VNT-AST03,"VENTILADOR AIREACION 3, PLANTA BAJA, SALA TURBOS (ESTE)",PR-ENR1-VNT-AST03,"VENTILADOR AIREACION 3, PLANTA BAJA, SALA TURBOS (ESTE)",UNIDAD_HOJA_DIRECTA_BAJO_SECTOR
PR,ENR1,ENERGIA 1,UNIDAD,AST04,PR-ENR1-VNT-AST04,BTZ_Description_04,PR-ENR1-LGC-ENERGIA 1,PR-ENR1-LGC-GENERAL,PR-ENR1-VNT-AST04,"VENTILADOR AIREACION 4, PLANTA BAJA, SALA TURBOS (SURESTE)",PR-ENR1-VNT-AST04,"VENTILADOR AIREACION 4, PLANTA BAJA, SALA TURBOS (SURESTE)",UNIDAD_HOJA_DIRECTA_BAJO_SECTOR
PR,ENR1,ENERGIA 1,UNIDAD,AST05,PR-ENR1-VNT-AST05,BTZ_Description_04,PR-ENR1-LGC-ENERGIA 1,PR-ENR1-LGC-GENERAL,PR-ENR1-VNT-AST05,"VENTILADOR AIREACION 5, PLANTA BAJA, SALA TURBOS (SUR)",PR-ENR1-VNT-AST05,"VENTILADOR AIREACION 5, PLANTA BAJA, SALA TURBOS (SUR)",UNIDAD_HOJA_DIRECTA_BAJO_SECTOR
PR,ENR1,ENERGIA 1,UNIDAD,AST06,PR-ENR1-VNT-AST06,BTZ_Description_04,PR-ENR1-LGC-ENERGIA 1,PR-ENR1-LGC-GENERAL,PR-ENR1-VNT-AST06,"VENTILADOR AIREACION 6, PLANTA BAJA, SALA TURBOS (NOROESTE)",PR-ENR1-VNT-AST06,"VENTILADOR AIREACION 6, PLANTA BAJA, SALA TURBOS (NOROESTE)",UNIDAD_HOJA_DIRECTA_BAJO_SECTOR
PR,ENR1,ENERGIA 1,UNIDAD,AST07,PR-ENR1-VNT-AST07,BTZ_Description_04,PR-ENR1-LGC-ENERGIA 1,PR-ENR1-LGC-GENERAL,PR-ENR1-VNT-AST07,"VENTILADOR AIREACION 7, PRIMER PISO, SALA TURBOS (ESTE)",PR-ENR1-VNT-AST07,"VENTILADOR AIREACION 7, PRIMER PISO, SALA TURBOS (ESTE)",UNIDAD_HOJA_DIRECTA_BAJO_SECTOR
PR,ENR1,ENERGIA 1,UNIDAD,AST08,PR-ENR1-VNT-AST08,BTZ_Description_04,PR-ENR1-LGC-ENERGIA 1,PR-ENR1-LGC-GENERAL,PR-ENR1-VNT-AST08,"VENTILADOR AIREACION 8, PRIMER PISO, SALA TURBOS (ESTENORTE)",PR-ENR1-VNT-AST08,"VENTILADOR AIREACION 8, PRIMER PISO, SALA TURBOS (ESTENORTE)",UNIDAD_HOJA_DIRECTA_BAJO_SECTOR
PR,ENR1,ENERGIA 1,UNIDAD,AST09,PR-ENR1-VNT-AST09,BTZ_Description_04,PR-ENR1-LGC-ENERGIA 1,PR-ENR1-LGC-GENERAL,PR-ENR1-VNT-AST09,"VENTILADOR AIREACION 9, PRIMER PISO, SALA TURBOS (OESTECENTRO)",PR-ENR1-VNT-AST09,"VENTILADOR AIREACION 9, PRIMER PISO, SALA TURBOS (OESTECENTRO)",UNIDAD_HOJA_DIRECTA_BAJO_SECTOR
PR,ENR1,ENERGIA 1,UNIDAD,AST10,PR-ENR1-VNT-AST10,BTZ_Description_04,PR-ENR1-LGC-ENERGIA 1,PR-ENR1-LGC-GENERAL,PR-ENR1-VNT-AST10,"VENTILADOR AIREACION 10, PRIMER PISO, SALA TURBOS (OESTECENTRO)",PR-ENR1-VNT-AST10,"VENTILADOR AIREACION 10, PRIMER PISO, SALA TURBOS (OESTECENTRO)",UNIDAD_HOJA_DIRECTA_BAJO_SECTOR
PR,ENR1,ENERGIA 1,UNIDAD,AST11,PR-ENR1-VNT-AST11,BTZ_Description_04,PR-ENR1-LGC-ENERGIA 1,PR-ENR1-LGC-GENERAL,PR-ENR1-VNT-AST11,"VENTILADOR AIREACION 11, PRIMER PISO, SALA CARGADOR BATERIAS 110VCC (OESTECENTRO)",PR-ENR1-VNT-AST11,"VENTILADOR AIREACION 11, PRIMER PISO, SALA CARGADOR BATERIAS 110VCC (OESTECENTRO)",UNIDAD_HOJA_DIRECTA_BAJO_SECTOR
PR,ENR1,ENERGIA 1,UNIDAD,AST12,PR-ENR1-VNT-AST12,BTZ_Description_04,PR-ENR1-LGC-ENERGIA 1,PR-ENR1-LGC-GENERAL,PR-ENR1-VNT-AST12,"VENTILADOR AIREACION 12, PRIMER PISO, SALA MANIOBRAS EN 33KV (OESTECENTRO)",PR-ENR1-VNT-AST12,"VENTILADOR AIREACION 12, PRIMER PISO, SALA MANIOBRAS EN 33KV (OESTECENTRO)",UNIDAD_HOJA_DIRECTA_BAJO_SECTOR
PR,ENR1,ENERGIA 1,UNIDAD,AST13,PR-ENR1-VNT-AST13,BTZ_Description_04,PR-ENR1-LGC-ENERGIA 1,PR-ENR1-LGC-GENERAL,PR-ENR1-VNT-AST13,"VENTILADOR AIREACION 13 INTERNO, PLANTA BAJA, TRAFO SERVICIO (SUROESTE)",PR-ENR1-VNT-AST13,"VENTILADOR AIREACION 13 INTERNO, PLANTA BAJA, TRAFO SERVICIO (SUROESTE)",UNIDAD_HOJA_DIRECTA_BAJO_SECTOR
PR,ENR1,ENERGIA 1,UNIDAD,AST14,PR-ENR1-VNT-AST14,BTZ_Description_04,PR-ENR1-LGC-ENERGIA 1,PR-ENR1-LGC-GENERAL,PR-ENR1-VNT-AST14,"VENTILADOR AIREACION 14 INTERNO, PRIMER PISO, SALA TURBOS (SURCENTRO)",PR-ENR1-VNT-AST14,"VENTILADOR AIREACION 14 INTERNO, PRIMER PISO, SALA TURBOS (SURCENTRO)",UNIDAD_HOJA_DIRECTA_BAJO_SECTOR
PR,ENR1,ENERGIA 1,UNIDAD,TAI,PR-ENR1-VNT-TAI,BTZ_Description_04,PR-ENR1-LGC-ENERGIA 1,PR-ENR1-LGC-GENERAL,PR-ENR1-VNT-TAI,VENTILADOR TOMA DE AIRE <SUR>,PR-ENR1-VNT-TAI,VENTILADOR TOMA DE AIRE <SUR>,UNIDAD_HOJA_DIRECTA_BAJO_SECTOR
PR,LAB,LABORATORIO,SECTOR,LABORATORIO,PR-LAB-LGC-LABORATORIO,BTZ_Description_02,PR-LAB-LGC-LABORATORIO,,,,PR-LAB-LGC-LABORATORIO,LOGICO LABORATORIO,SECTOR_DESDE_RAIZ_PR
PR,LAB,LABORATORIO,SUBSECTOR,GENERAL,PR-LAB-LGC-GENERAL,BTZ_Description_03,PR-LAB-LGC-LABORATORIO,PR-LAB-LGC-GENERAL,,,PR-LAB-LGC-LABORATORIO,SUBSECTOR SINTETICO PARA HOJAS DIRECTAS DEL SECTOR,SUBSECTOR_SINTETICO_GENERAL
PR,LAB,LABORATORIO,UNIDAD,MAG,PR-LAB-AGT-MAG,BTZ_Description_04,PR-LAB-LGC-LABORATORIO,PR-LAB-LGC-GENERAL,PR-LAB-AGT-MAG,AGITADOR MAGNETICO CALENT. PRECYTER,PR-LAB-AGT-MAG,AGITADOR MAGNETICO CALENT. PRECYTER,UNIDAD_HOJA_DIRECTA_BAJO_SECTOR
PR,LAB,LABORATORIO,UNIDAD,SED,PR-LAB-AGT-SED,BTZ_Description_04,PR-LAB-LGC-LABORATORIO,PR-LAB-LGC-GENERAL,PR-LAB-AGT-SED,AGITADOR P/DETERMINACION SEDIM.P.A.T.,PR-LAB-AGT-SED,AGITADOR P/DETERMINACION SEDIM.P.A.T.,UNIDAD_HOJA_DIRECTA_BAJO_SECTOR
PR,LAB,LABORATORIO,UNIDAD,BREC,PR-LAB-BAT-BREC,BTZ_Description_04,PR-LAB-LGC-LABORATORIO,PR-LAB-LGC-GENERAL,PR-LAB-BAT-BREC,BATEAS CONTENCION RECIPIENTES CON RESIDUOS,PR-LAB-BAT-BREC,BATEAS CONTENCION RECIPIENTES CON RESIDUOS,UNIDAD_HOJA_DIRECTA_BAJO_SECTOR
PR,LAB,LABORATORIO,UNIDAD,1518,PR-LAB-BLN-1518,BTZ_Description_04,PR-LAB-LGC-LABORATORIO,PR-LAB-LGC-GENERAL,PR-LAB-BLN-1518,BALANZA ANALITICA ELECTR. S-1518 MPS,PR-LAB-BLN-1518,BALANZA ANALITICA ELECTR. S-1518 MPS,UNIDAD_HOJA_DIRECTA_BAJO_SECTOR
PR,LAB,LABORATORIO,UNIDAD,2000,PR-LAB-BLN-2000,BTZ_Description_04,PR-LAB-LGC-LABORATORIO,PR-LAB-LGC-GENERAL,PR-LAB-BLN-2000,BALANZA ANALITICA ELECTR. SE-2000 D,PR-LAB-BLN-2000,BALANZA ANALITICA ELECTR. SE-2000 D,UNIDAD_HOJA_DIRECTA_BAJO_SECTOR
PR,LAB,LABORATORIO,UNIDAD,CAL,PR-LAB-BLN-CAL,BTZ_Description_04,PR-LAB-LGC-LABORATORIO,PR-LAB-LGC-GENERAL,PR-LAB-BLN-CAL,BALANZA DE CALADO (2),PR-LAB-BLN-CAL,BALANZA DE CALADO (2),UNIDAD_HOJA_DIRECTA_BAJO_SECTOR
PR,LAB,LABORATORIO,UNIDAD,LAB,PR-LAB-BLN-LAB,BTZ_Description_04,PR-LAB-LGC-LABORATORIO,PR-LAB-LGC-GENERAL,PR-LAB-BLN-LAB,BALANZAS DE LABORATORIO (4),PR-LAB-BLN-LAB,BALANZAS DE LABORATORIO (4),UNIDAD_HOJA_DIRECTA_BAJO_SECTOR
PR,LAB,LABORATORIO,UNIDAD,LCC,PR-LAB-BLN-LCC,BTZ_Description_04,PR-LAB-LGC-LABORATORIO,PR-LAB-LGC-GENERAL,PR-LAB-BLN-LCC,"BALANZAS LAB., CALADO Y CALIDAD",PR-LAB-BLN-LCC,"BALANZAS LAB., CALADO Y CALIDAD",UNIDAD_HOJA_DIRECTA_BAJO_SECTOR
PR,LAB,LABORATORIO,UNIDAD,VAC,PR-LAB-BMB-VAC,BTZ_Description_04,PR-LAB-LGC-LABORATORIO,PR-LAB-LGC-GENERAL,PR-LAB-BMB-VAC,BOMBA DE VACIO CIENCE,PR-LAB-BMB-VAC,BOMBA DE VACIO CIENCE,UNIDAD_HOJA_DIRECTA_BAJO_SECTOR
PR,LAB,LABORATORIO,UNIDAD,TER,PR-LAB-BÑO-TER,BTZ_Description_04,PR-LAB-LGC-LABORATORIO,PR-LAB-LGC-GENERAL,PR-LAB-BÑO-TER,"BAÑO TERMOSTATICO ""METRO LAB""",PR-LAB-BÑO-TER,"BAÑO TERMOSTATICO ""METRO LAB""",UNIDAD_HOJA_DIRECTA_BAJO_SECTOR
PR,LAB,LABORATORIO,UNIDAD,TRM,PR-LAB-CAL-TRM,BTZ_Description_04,PR-LAB-LGC-LABORATORIO,PR-LAB-LGC-GENERAL,PR-LAB-CAL-TRM,TERMOMETRO DE ESTUFA (CALADO),PR-LAB-CAL-TRM,TERMOMETRO DE ESTUFA (CALADO),UNIDAD_HOJA_DIRECTA_BAJO_SECTOR
PR,LAB,LABORATORIO,UNIDAD,ROL1,PR-LAB-CEN-ROL1,BTZ_Description_04,PR-LAB-LGC-LABORATORIO,PR-LAB-LGC-GENERAL,PR-LAB-CEN-ROL1,CENTRIFUGA LABORATORIO ROLCON 1 <N>,PR-LAB-CEN-ROL1,CENTRIFUGA LABORATORIO ROLCON 1 <N>,UNIDAD_HOJA_DIRECTA_BAJO_SECTOR
PR,LAB,LABORATORIO,UNIDAD,ROL2,PR-LAB-CEN-ROL2,BTZ_Description_04,PR-LAB-LGC-LABORATORIO,PR-LAB-LGC-GENERAL,PR-LAB-CEN-ROL2,CENTRIFUGA LABORATORIO ROLCON 2 <S>,PR-LAB-CEN-ROL2,CENTRIFUGA LABORATORIO ROLCON 2 <S>,UNIDAD_HOJA_DIRECTA_BAJO_SECTOR
PR,LAB,LABORATORIO,UNIDAD,ALT,PR-LAB-CON-ALT,BTZ_Description_04,PR-LAB-LGC-LABORATORIO,PR-LAB-LGC-GENERAL,PR-LAB-CON-ALT,CONDUCTIMETRO ALTRONIX CTX,PR-LAB-CON-ALT,CONDUCTIMETRO ALTRONIX CTX,UNIDAD_HOJA_DIRECTA_BAJO_SECTOR
PR,LAB,LABORATORIO,UNIDAD,6890,PR-LAB-CRM-6890,BTZ_Description_04,PR-LAB-LGC-LABORATORIO,PR-LAB-LGC-GENERAL,PR-LAB-CRM-6890,CROMATOGRAFO HEWLET PACKARD 6890,PR-LAB-CRM-6890,CROMATOGRAFO HEWLET PACKARD 6890,UNIDAD_HOJA_DIRECTA_BAJO_SECTOR
PR,LAB,LABORATORIO,UNIDAD,ION1,PR-LAB-DTR-ION1,BTZ_Description_04,PR-LAB-LGC-LABORATORIO,PR-LAB-LGC-GENERAL,PR-LAB-DTR-ION1,DETERMINADOR PUNTO INFLAM. 1 IONOMEX,PR-LAB-DTR-ION1,DETERMINADOR PUNTO INFLAM. 1 IONOMEX,UNIDAD_HOJA_DIRECTA_BAJO_SECTOR
PR,LAB,LABORATORIO,UNIDAD,ION2,PR-LAB-DTR-ION2,BTZ_Description_04,PR-LAB-LGC-LABORATORIO,PR-LAB-LGC-GENERAL,PR-LAB-DTR-ION2,DETERMINADOR PUNTO INFLAM. 2 IONOMEX,PR-LAB-DTR-ION2,DETERMINADOR PUNTO INFLAM. 2 IONOMEX,UNIDAD_HOJA_DIRECTA_BAJO_SECTOR
PR,LAB,LABORATORIO,UNIDAD,KJEL,PR-LAB-DTR-KJEL,BTZ_Description_04,PR-LAB-LGC-LABORATORIO,PR-LAB-LGC-GENERAL,PR-LAB-DTR-KJEL,DETERMINADOR PROTEINAS KJELDHAL,PR-LAB-DTR-KJEL,DETERMINADOR PROTEINAS KJELDHAL,UNIDAD_HOJA_DIRECTA_BAJO_SECTOR
PR,LAB,LABORATORIO,UNIDAD,SEMI,PR-LAB-DTR-SEMI,BTZ_Description_04,PR-LAB-LGC-LABORATORIO,PR-LAB-LGC-GENERAL,PR-LAB-DTR-SEMI,DETERMINADOR PROTEINAS SEMIAU. KJELTEC,PR-LAB-DTR-SEMI,DETERMINADOR PROTEINAS SEMIAU. KJELTEC,UNIDAD_HOJA_DIRECTA_BAJO_SECTOR
PR,LAB,LABORATORIO,UNIDAD,CIE1,PR-LAB-ESF-CIE1,BTZ_Description_04,PR-LAB-LGC-LABORATORIO,PR-LAB-LGC-GENERAL,PR-LAB-ESF-CIE1,ESTUFA CIENCE MODELO C Nº 1,PR-LAB-ESF-CIE1,ESTUFA CIENCE MODELO C Nº 1,UNIDAD_HOJA_DIRECTA_BAJO_SECTOR
PR,LAB,LABORATORIO,UNIDAD,CIE2,PR-LAB-ESF-CIE2,BTZ_Description_04,PR-LAB-LGC-LABORATORIO,PR-LAB-LGC-GENERAL,PR-LAB-ESF-CIE2,ESTUFA CIENCE MODELO C Nº 2,PR-LAB-ESF-CIE2,ESTUFA CIENCE MODELO C Nº 2,UNIDAD_HOJA_DIRECTA_BAJO_SECTOR
PR,LAB,LABORATORIO,UNIDAD,FAL,PR-LAB-ESF-FAL,BTZ_Description_04,PR-LAB-LGC-LABORATORIO,PR-LAB-LGC-GENERAL,PR-LAB-ESF-FAL,ESTUFA DE INCUBACION F.A.L.,PR-LAB-ESF-FAL,ESTUFA DE INCUBACION F.A.L.,UNIDAD_HOJA_DIRECTA_BAJO_SECTOR
PR,LAB,LABORATORIO,UNIDAD,SHEL,PR-LAB-ESF-SHEL,BTZ_Description_04,PR-LAB-LGC-LABORATORIO,PR-LAB-LGC-GENERAL,PR-LAB-ESF-SHEL,ESTUFA SHEL LAB,PR-LAB-ESF-SHEL,ESTUFA SHEL LAB,UNIDAD_HOJA_DIRECTA_BAJO_SECTOR
PR,LAB,LABORATORIO,UNIDAD,1700,PR-LAB-ESP-1700,BTZ_Description_04,PR-LAB-LGC-LABORATORIO,PR-LAB-LGC-GENERAL,PR-LAB-ESP-1700,"ESPECTROFOTOMETRO ""METROLAB 1700""",PR-LAB-ESP-1700,"ESPECTROFOTOMETRO ""METROLAB 1700""",UNIDAD_HOJA_DIRECTA_BAJO_SECTOR
PR,LAB,LABORATORIO,UNIDAD,325,PR-LAB-ESP-325,BTZ_Description_04,PR-LAB-LGC-LABORATORIO,PR-LAB-LGC-GENERAL,PR-LAB-ESP-325,"ESPECTROFOTOMETRO ""METROLAB 325""",PR-LAB-ESP-325,"ESPECTROFOTOMETRO ""METROLAB 325""",UNIDAD_HOJA_DIRECTA_BAJO_SECTOR
PR,LAB,LABORATORIO,UNIDAD,TWI,PR-LAB-EXT-TWI,BTZ_Description_04,PR-LAB-LGC-LABORATORIO,PR-LAB-LGC-GENERAL,PR-LAB-EXT-TWI,CONJUNTO EXTRACT. TWISSELMANN,PR-LAB-EXT-TWI,CONJUNTO EXTRACT. TWISSELMANN,UNIDAD_HOJA_DIRECTA_BAJO_SECTOR
PR,LAB,LABORATORIO,UNIDAD,DEL,PR-LAB-HGR-DEL,BTZ_Description_04,PR-LAB-LGC-LABORATORIO,PR-LAB-LGC-GENERAL,PR-LAB-HGR-DEL,HIGROMETRO DELVER MODELO HD,PR-LAB-HGR-DEL,HIGROMETRO DELVER MODELO HD,UNIDAD_HOJA_DIRECTA_BAJO_SECTOR
PR,LAB,LABORATORIO,UNIDAD,CC,PR-LAB-HMD-CC,BTZ_Description_04,PR-LAB-LGC-LABORATORIO,PR-LAB-LGC-GENERAL,PR-LAB-HMD-CC,HUMEDIMETROS CALADO Y CALIDAD,PR-LAB-HMD-CC,HUMEDIMETROS CALADO Y CALIDAD,UNIDAD_HOJA_DIRECTA_BAJO_SECTOR
PR,LAB,LABORATORIO,UNIDAD,TEC,PR-LAB-HMD-TEC,BTZ_Description_04,PR-LAB-LGC-LABORATORIO,PR-LAB-LGC-GENERAL,PR-LAB-HMD-TEC,HUMEDIMETRO ELECTR. PROGR. TECATOR,PR-LAB-HMD-TEC,HUMEDIMETRO ELECTR. PROGR. TECATOR,UNIDAD_HOJA_DIRECTA_BAJO_SECTOR
PR,LAB,LABORATORIO,UNIDAD,MUF,PR-LAB-HRN-MUF,BTZ_Description_04,PR-LAB-LGC-LABORATORIO,PR-LAB-LGC-GENERAL,PR-LAB-HRN-MUF,"HORNO TIPO MUFLA "" INDEF""",PR-LAB-HRN-MUF,"HORNO TIPO MUFLA "" INDEF""",UNIDAD_HOJA_DIRECTA_BAJO_SECTOR
PR,LAB,LABORATORIO,UNIDAD,PRO,PR-LAB-HRN-PRO,BTZ_Description_04,PR-LAB-LGC-LABORATORIO,PR-LAB-LGC-GENERAL,PR-LAB-HRN-PRO,HORNO INDEF PROGRAMABLE,PR-LAB-HRN-PRO,HORNO INDEF PROGRAMABLE,UNIDAD_HOJA_DIRECTA_BAJO_SECTOR
PR,LAB,LABORATORIO,UNIDAD,OLY,PR-LAB-MCR-OLY,BTZ_Description_04,PR-LAB-LGC-LABORATORIO,PR-LAB-LGC-GENERAL,PR-LAB-MCR-OLY,MICROSCOPIO ESTEREOSCOPICO OLYMPUS,PR-LAB-MCR-OLY,MICROSCOPIO ESTEREOSCOPICO OLYMPUS,UNIDAD_HOJA_DIRECTA_BAJO_SECTOR
PR,LAB,LABORATORIO,UNIDAD,ANA,PR-LAB-MLN-ANA,BTZ_Description_04,PR-LAB-LGC-LABORATORIO,PR-LAB-LGC-GENERAL,PR-LAB-MLN-ANA,MOLINO A CUCHILLAS ANALYZER,PR-LAB-MLN-ANA,MOLINO A CUCHILLAS ANALYZER,UNIDAD_HOJA_DIRECTA_BAJO_SECTOR
PR,LAB,LABORATORIO,UNIDAD,ANA1,PR-LAB-MLN-ANA1,BTZ_Description_04,PR-LAB-LGC-LABORATORIO,PR-LAB-LGC-GENERAL,PR-LAB-MLN-ANA1,MOLINO A DISCOS ANALYZER MD 1,PR-LAB-MLN-ANA1,MOLINO A DISCOS ANALYZER MD 1,UNIDAD_HOJA_DIRECTA_BAJO_SECTOR
PR,LAB,LABORATORIO,UNIDAD,ANAR,PR-LAB-MLN-ANAR,BTZ_Description_04,PR-LAB-LGC-LABORATORIO,PR-LAB-LGC-GENERAL,PR-LAB-MLN-ANAR,MOLINO A CUCHILLAS REFRIGERADO,PR-LAB-MLN-ANAR,MOLINO A CUCHILLAS REFRIGERADO,UNIDAD_HOJA_DIRECTA_BAJO_SECTOR
PR,LAB,LABORATORIO,UNIDAD,TEC1,PR-LAB-MLN-TEC1,BTZ_Description_04,PR-LAB-LGC-LABORATORIO,PR-LAB-LGC-GENERAL,PR-LAB-MLN-TEC1,MOLINO CICLONICO TECATOR 1,PR-LAB-MLN-TEC1,MOLINO CICLONICO TECATOR 1,UNIDAD_HOJA_DIRECTA_BAJO_SECTOR
PR,LAB,LABORATORIO,UNIDAD,TEC2,PR-LAB-MLN-TEC2,BTZ_Description_04,PR-LAB-LGC-LABORATORIO,PR-LAB-LGC-GENERAL,PR-LAB-MLN-TEC2,MOLINO CICLONICO TECATOR 2,PR-LAB-MLN-TEC2,MOLINO CICLONICO TECATOR 2,UNIDAD_HOJA_DIRECTA_BAJO_SECTOR
PR,LAB,LABORATORIO,UNIDAD,VLM,PR-LAB-MTR-VLM,BTZ_Description_04,PR-LAB-LGC-LABORATORIO,PR-LAB-LGC-GENERAL,PR-LAB-MTR-VLM,MATERIAL VOLUMETRICO LABORATORIO,PR-LAB-MTR-VLM,MATERIAL VOLUMETRICO LABORATORIO,UNIDAD_HOJA_DIRECTA_BAJO_SECTOR
PR,LAB,LABORATORIO,UNIDAD,ALT,PR-LAB-PHC-ALT,BTZ_Description_04,PR-LAB-LGC-LABORATORIO,PR-LAB-LGC-GENERAL,PR-LAB-PHC-ALT,PEHACHIMETRO ALTRONIX TPX,PR-LAB-PHC-ALT,PEHACHIMETRO ALTRONIX TPX,UNIDAD_HOJA_DIRECTA_BAJO_SECTOR
PR,LAB,LABORATORIO,UNIDAD,PTR,PR-LAB-PSS-PTR,BTZ_Description_04,PR-LAB-LGC-LABORATORIO,PR-LAB-LGC-GENERAL,PR-LAB-PSS-PTR,PESAS PATRON,PR-LAB-PSS-PTR,PESAS PATRON,UNIDAD_HOJA_DIRECTA_BAJO_SECTOR
PR,LAB,LABORATORIO,UNIDAD,ABBE,PR-LAB-RFR-ABBE,BTZ_Description_04,PR-LAB-LGC-LABORATORIO,PR-LAB-LGC-GENERAL,PR-LAB-RFR-ABBE,"REFRACTOMETRO TIPO ABBE ""B & L",PR-LAB-RFR-ABBE,"REFRACTOMETRO TIPO ABBE ""B & L",UNIDAD_HOJA_DIRECTA_BAJO_SECTOR
PR,LAB,LABORATORIO,UNIDAD,679,PR-LAB-RNC-679,BTZ_Description_04,PR-LAB-LGC-LABORATORIO,PR-LAB-LGC-GENERAL,PR-LAB-RNC-679,EQUIPO RANCIMAT 679,PR-LAB-RNC-679,EQUIPO RANCIMAT 679,UNIDAD_HOJA_DIRECTA_BAJO_SECTOR
PR,LAB,LABORATORIO,UNIDAD,LOV,PR-LAB-TNT-LOV,BTZ_Description_04,PR-LAB-LGC-LABORATORIO,PR-LAB-LGC-GENERAL,PR-LAB-TNT-LOV,"TINTOMETRO ""LOVIBOND"" MODELO E",PR-LAB-TNT-LOV,"TINTOMETRO ""LOVIBOND"" MODELO E",UNIDAD_HOJA_DIRECTA_BAJO_SECTOR
PR,LAB,LABORATORIO,UNIDAD,EYD,PR-LAB-TRM-EYD,BTZ_Description_04,PR-LAB-LGC-LABORATORIO,PR-LAB-LGC-GENERAL,PR-LAB-TRM-EYD,TERMOMETROS DE ESTUFAS Y DESTILADOR LAB.,PR-LAB-TRM-EYD,TERMOMETROS DE ESTUFAS Y DESTILADOR LAB.,UNIDAD_HOJA_DIRECTA_BAJO_SECTOR
PR,LAB,LABORATORIO,UNIDAD,UPS1,PR-LAB-UPS-UPS1,BTZ_Description_04,PR-LAB-LGC-LABORATORIO,PR-LAB-LGC-GENERAL,PR-LAB-UPS-UPS1,UPS DE RANCIMAX. MEDIDOR DE RANCIDEZ.,PR-LAB-UPS-UPS1,UPS DE RANCIMAX. MEDIDOR DE RANCIDEZ.,UNIDAD_HOJA_DIRECTA_BAJO_SECTOR
PR,LAB,LABORATORIO,UNIDAD,EGCP1,PR-LAB-VNT-EGCP1,BTZ_Description_04,PR-LAB-LGC-LABORATORIO,PR-LAB-LGC-GENERAL,PR-LAB-VNT-EGCP1,VENT. EXT. DE GASES CAMPANA 1 <S/ESTE>,PR-LAB-VNT-EGCP1,VENT. EXT. DE GASES CAMPANA 1 <S/ESTE>,UNIDAD_HOJA_DIRECTA_BAJO_SECTOR
PR,LAB,LABORATORIO,UNIDAD,EGCP2,PR-LAB-VNT-EGCP2,BTZ_Description_04,PR-LAB-LGC-LABORATORIO,PR-LAB-LGC-GENERAL,PR-LAB-VNT-EGCP2,VENT. EXT. DE GASES CAMPANA 2 <S/ESTE>,PR-LAB-VNT-EGCP2,VENT. EXT. DE GASES CAMPANA 2 <S/ESTE>,UNIDAD_HOJA_DIRECTA_BAJO_SECTOR
PR,LAB,LABORATORIO,UNIDAD,EGCP3,PR-LAB-VNT-EGCP3,BTZ_Description_04,PR-LAB-LGC-LABORATORIO,PR-LAB-LGC-GENERAL,PR-LAB-VNT-EGCP3,VENT. EXT. DE GASES CAMPANA 3 <N/ESTE>,PR-LAB-VNT-EGCP3,VENT. EXT. DE GASES CAMPANA 3 <N/ESTE>,UNIDAD_HOJA_DIRECTA_BAJO_SECTOR
PR,LAB,LABORATORIO,UNIDAD,EGMG,PR-LAB-VNT-EGMG,BTZ_Description_04,PR-LAB-LGC-LABORATORIO,PR-LAB-LGC-GENERAL,PR-LAB-VNT-EGMG,VENT. EXTRACTOR DE GASES SALA MAT. GRASA,PR-LAB-VNT-EGMG,VENT. EXTRACTOR DE GASES SALA MAT. GRASA,UNIDAD_HOJA_DIRECTA_BAJO_SECTOR
PR,TLLM,TALLER MECANICO,SECTOR,TALLER MECANICO,PR-TLLM-LGC-TALLER MECANICO,BTZ_Description_02,PR-TLLM-LGC-TALLER MECANICO,,,,PR-TLLM-LGC-TALLER MECANICO,LOGICO TALLER MECANICO,SECTOR_DESDE_RAIZ_PR
PR,TLLM,TALLER MECANICO,SUBSECTOR,GENERAL,PR-TLLM-LGC-GENERAL,BTZ_Description_03,PR-TLLM-LGC-TALLER MECANICO,PR-TLLM-LGC-GENERAL,,,PR-TLLM-LGC-TALLER MECANICO,SUBSECTOR SINTETICO PARA HOJAS DIRECTAS DEL SECTOR,SUBSECTOR_SINTETICO_GENERAL
PR,TLLM,TALLER MECANICO,UNIDAD,APMBMB,PR-TLLM-AM-APMBMB,BTZ_Description_04,PR-TLLM-LGC-TALLER MECANICO,PR-TLLM-LGC-GENERAL,PR-TLLM-AM-APMBMB,APAREJO MANUAL TALLER MECANICO ZONA MESA DE BOMBAS,PR-TLLM-AM-APMBMB,APAREJO MANUAL TALLER MECANICO ZONA MESA DE BOMBAS,UNIDAD_HOJA_DIRECTA_BAJO_SECTOR
PR,TLLM,TALLER MECANICO,UNIDAD,BAN1,PR-TLLM-AML-BAN1,BTZ_Description_04,PR-TLLM-LGC-TALLER MECANICO,PR-TLLM-LGC-GENERAL,PR-TLLM-AML-BAN1,AMOLADORA DE BANCO 1 (TORNO),PR-TLLM-AML-BAN1,AMOLADORA DE BANCO 1 (TORNO),UNIDAD_HOJA_DIRECTA_BAJO_SECTOR
PR,TLLM,TALLER MECANICO,UNIDAD,PIE1,PR-TLLM-AML-PIE1,BTZ_Description_04,PR-TLLM-LGC-TALLER MECANICO,PR-TLLM-LGC-GENERAL,PR-TLLM-AML-PIE1,AMOLADORA DE PIE Nº 1 A/ESTE,PR-TLLM-AML-PIE1,AMOLADORA DE PIE Nº 1 A/ESTE,UNIDAD_HOJA_DIRECTA_BAJO_SECTOR
PR,TLLM,TALLER MECANICO,UNIDAD,PIE2,PR-TLLM-AML-PIE2,BTZ_Description_04,PR-TLLM-LGC-TALLER MECANICO,PR-TLLM-LGC-GENERAL,PR-TLLM-AML-PIE2,AMOLADORA DE PIE Nº 2 A/ESTE,PR-TLLM-AML-PIE2,AMOLADORA DE PIE Nº 2 A/ESTE,UNIDAD_HOJA_DIRECTA_BAJO_SECTOR
PR,TLLM,TALLER MECANICO,UNIDAD,MOV1,PR-TLLM-APL-MOV1,BTZ_Description_04,PR-TLLM-LGC-TALLER MECANICO,PR-TLLM-LGC-GENERAL,PR-TLLM-APL-MOV1,APILADOR ELECTRICO 1,PR-TLLM-APL-MOV1,APILADOR ELECTRICO 1,UNIDAD_HOJA_DIRECTA_BAJO_SECTOR
PR,TLLM,TALLER MECANICO,UNIDAD,APMNC,PR-TLLM-APM-APMNC,BTZ_Description_04,PR-TLLM-LGC-TALLER MECANICO,PR-TLLM-LGC-GENERAL,PR-TLLM-APM-APMNC,APAREJO MANUAL TALLER MECANICO NAVE CENTRAL DE TALLER,PR-TLLM-APM-APMNC,APAREJO MANUAL TALLER MECANICO NAVE CENTRAL DE TALLER,UNIDAD_HOJA_DIRECTA_BAJO_SECTOR
PR,TLLM,TALLER MECANICO,UNIDAD,APMTE,PR-TLLM-APM-APMTE,BTZ_Description_04,PR-TLLM-LGC-TALLER MECANICO,PR-TLLM-LGC-GENERAL,PR-TLLM-APM-APMTE,APAREJO MANUAL TALLER ELECTRICO,PR-TLLM-APM-APMTE,APAREJO MANUAL TALLER ELECTRICO,UNIDAD_HOJA_DIRECTA_BAJO_SECTOR
PR,TLLM,TALLER MECANICO,UNIDAD,TYT4,PR-TLLM-ATL-TYT4,BTZ_Description_04,PR-TLLM-LGC-TALLER MECANICO,PR-TLLM-LGC-GENERAL,PR-TLLM-ATL-TYT4,AUTOELEVADOR TOYOTA Nº4 EMULGRAIN,PR-TLLM-ATL-TYT4,AUTOELEVADOR TOYOTA Nº4 EMULGRAIN,UNIDAD_HOJA_DIRECTA_BAJO_SECTOR
PR,TLLM,TALLER MECANICO,UNIDAD,YAL1,PR-TLLM-ATL-YAL1,BTZ_Description_04,PR-TLLM-LGC-TALLER MECANICO,PR-TLLM-LGC-GENERAL,PR-TLLM-ATL-YAL1,AUTOELEVADOR YALE Nº 1 VERACITOR 55VX (GDP055VXYYSE104),PR-TLLM-ATL-YAL1,AUTOELEVADOR YALE Nº 1 VERACITOR 55VX (GDP055VXYYSE104),UNIDAD_HOJA_DIRECTA_BAJO_SECTOR
PR,TLLM,TALLER MECANICO,UNIDAD,YAL2,PR-TLLM-ATL-YAL2,BTZ_Description_04,PR-TLLM-LGC-TALLER MECANICO,PR-TLLM-LGC-GENERAL,PR-TLLM-ATL-YAL2,AUTOELEVADOR Nº 2 YALE VERACITOR 55VX (GDP055VXYYSE104),PR-TLLM-ATL-YAL2,AUTOELEVADOR Nº 2 YALE VERACITOR 55VX (GDP055VXYYSE104),UNIDAD_HOJA_DIRECTA_BAJO_SECTOR
PR,TLLM,TALLER MECANICO,UNIDAD,LAV,PR-TLLM-BAT-LAV,BTZ_Description_04,PR-TLLM-LGC-TALLER MECANICO,PR-TLLM-LGC-GENERAL,PR-TLLM-BAT-LAV,BATEA LAVADO DE PIEZA,PR-TLLM-BAT-LAV,BATEA LAVADO DE PIEZA,UNIDAD_HOJA_DIRECTA_BAJO_SECTOR
PR,TLLM,TALLER MECANICO,UNIDAD,CBAT,PR-TLLM-BMB-CBAT,BTZ_Description_04,PR-TLLM-LGC-TALLER MECANICO,PR-TLLM-LGC-GENERAL,PR-TLLM-BMB-CBAT,BOMBA CARGA DE BATEA,PR-TLLM-BMB-CBAT,BOMBA CARGA DE BATEA,UNIDAD_HOJA_DIRECTA_BAJO_SECTOR
PR,TLLM,TALLER MECANICO,UNIDAD,DBAT,PR-TLLM-BMB-DBAT,BTZ_Description_04,PR-TLLM-LGC-TALLER MECANICO,PR-TLLM-LGC-GENERAL,PR-TLLM-BMB-DBAT,BOMBA NEUMATICA DESCARGA DE BATEA,PR-TLLM-BMB-DBAT,BOMBA NEUMATICA DESCARGA DE BATEA,UNIDAD_HOJA_DIRECTA_BAJO_SECTOR
PR,TLLM,TALLER MECANICO,UNIDAD,PER,PR-TLLM-CLN-PER,BTZ_Description_04,PR-TLLM-LGC-TALLER MECANICO,PR-TLLM-LGC-GENERAL,PR-TLLM-CLN-PER,CILINDRADORA DE PERFILES,PR-TLLM-CLN-PER,CILINDRADORA DE PERFILES,UNIDAD_HOJA_DIRECTA_BAJO_SECTOR
PR,TLLM,TALLER MECANICO,UNIDAD,BAT,PR-TLLM-CRG-BAT,BTZ_Description_04,PR-TLLM-LGC-TALLER MECANICO,PR-TLLM-LGC-GENERAL,PR-TLLM-CRG-BAT,CARGADOR DE BATERIA CB-40,PR-TLLM-CRG-BAT,CARGADOR DE BATERIA CB-40,UNIDAD_HOJA_DIRECTA_BAJO_SECTOR
PR,TLLM,TALLER MECANICO,UNIDAD,PLA,PR-TLLM-CRT-PLA,BTZ_Description_04,PR-TLLM-LGC-TALLER MECANICO,PR-TLLM-LGC-GENERAL,PR-TLLM-CRT-PLA,CORTADOR PLASMAIRE 80,PR-TLLM-CRT-PLA,CORTADOR PLASMAIRE 80,UNIDAD_HOJA_DIRECTA_BAJO_SECTOR
PR,TLLM,TALLER MECANICO,UNIDAD,MOV,PR-TLLM-EXT-MOV,BTZ_Description_04,PR-TLLM-LGC-TALLER MECANICO,PR-TLLM-LGC-GENERAL,PR-TLLM-EXT-MOV,EXTRACTOR HIDRAULICO MOVIL,PR-TLLM-EXT-MOV,EXTRACTOR HIDRAULICO MOVIL,UNIDAD_HOJA_DIRECTA_BAJO_SECTOR
PR,TLLM,TALLER MECANICO,UNIDAD,HID,PR-TLLM-GNC-HID,BTZ_Description_04,PR-TLLM-LGC-TALLER MECANICO,PR-TLLM-LGC-GENERAL,PR-TLLM-GNC-HID,GINCHE HIDRAULICO 1 TN.,PR-TLLM-GNC-HID,GINCHE HIDRAULICO 1 TN.,UNIDAD_HOJA_DIRECTA_BAJO_SECTOR
PR,TLLM,TALLER MECANICO,UNIDAD,N01,PR-TLLM-GND-N01,BTZ_Description_04,PR-TLLM-LGC-TALLER MECANICO,PR-TLLM-LGC-GENERAL,PR-TLLM-GND-N01,GUINDOLA P/GRUA 01,PR-TLLM-GND-N01,GUINDOLA P/GRUA 01,UNIDAD_HOJA_DIRECTA_BAJO_SECTOR
PR,TLLM,TALLER MECANICO,UNIDAD,C180,PR-TLLM-GNR-C180,BTZ_Description_04,PR-TLLM-LGC-TALLER MECANICO,PR-TLLM-LGC-GENERAL,PR-TLLM-GNR-C180,GRUPO ELECTRÓGENO CUMMING C180D-5 180 KVA,PR-TLLM-GNR-C180,GRUPO ELECTRÓGENO CUMMING C180D-5 180 KVA,UNIDAD_HOJA_DIRECTA_BAJO_SECTOR
PR,TLLM,TALLER MECANICO,UNIDAD,GNT,PR-TLLM-GNR-GNT,BTZ_Description_04,PR-TLLM-LGC-TALLER MECANICO,PR-TLLM-LGC-GENERAL,PR-TLLM-GNR-GNT,GRUPO ELECTRÓGENO BOUNOUS 8 KW,PR-TLLM-GNR-GNT,GRUPO ELECTRÓGENO BOUNOUS 8 KW,UNIDAD_HOJA_DIRECTA_BAJO_SECTOR
PR,TLLM,TALLER MECANICO,UNIDAD,P&H26,PR-TLLM-GRU-P&H26,BTZ_Description_04,PR-TLLM-LGC-TALLER MECANICO,PR-TLLM-LGC-GENERAL,PR-TLLM-GRU-P&H26,GRUA P&H CENTURY CN128/57014 (26 TN) Nº 2,PR-TLLM-GRU-P&H26,GRUA P&H CENTURY CN128/57014 (26 TN) Nº 2,UNIDAD_HOJA_DIRECTA_BAJO_SECTOR
PR,TLLM,TALLER MECANICO,UNIDAD,HID,PR-TLLM-GTO-HID,BTZ_Description_04,PR-TLLM-LGC-TALLER MECANICO,PR-TLLM-LGC-GENERAL,PR-TLLM-GTO-HID,GATO HIDRAULICO CARRO 3 TN.,PR-TLLM-GTO-HID,GATO HIDRAULICO CARRO 3 TN.,UNIDAD_HOJA_DIRECTA_BAJO_SECTOR
PR,TLLM,TALLER MECANICO,UNIDAD,R600,PR-TLLM-LMD-R600,BTZ_Description_04,PR-TLLM-LGC-TALLER MECANICO,PR-TLLM-LGC-GENERAL,PR-TLLM-LMD-R600,LIMADORA R-600 REMAG,PR-TLLM-LMD-R600,LIMADORA R-600 REMAG,UNIDAD_HOJA_DIRECTA_BAJO_SECTOR
PR,TLLM,TALLER MECANICO,UNIDAD,CHA,PR-TLLM-PLG-CHA,BTZ_Description_04,PR-TLLM-LGC-TALLER MECANICO,PR-TLLM-LGC-GENERAL,PR-TLLM-PLG-CHA,PLEGADORA DE CHAPAS DAISA,PR-TLLM-PLG-CHA,PLEGADORA DE CHAPAS DAISA,UNIDAD_HOJA_DIRECTA_BAJO_SECTOR
PR,TLLM,TALLER MECANICO,UNIDAD,AETEA,PR-TLLM-PRF-AETEA,BTZ_Description_04,PR-TLLM-LGC-TALLER MECANICO,PR-TLLM-LGC-GENERAL,PR-TLLM-PRF-AETEA,PURIFICADOR ACEITE ETEA,PR-TLLM-PRF-AETEA,PURIFICADOR ACEITE ETEA,UNIDAD_HOJA_DIRECTA_BAJO_SECTOR
PR,TLLM,TALLER MECANICO,UNIDAD,PIE1,PR-TLLM-PRF-PIE1,BTZ_Description_04,PR-TLLM-LGC-TALLER MECANICO,PR-TLLM-LGC-GENERAL,PR-TLLM-PRF-PIE1,PERFORADORA DE PIE Nº 1 SUR,PR-TLLM-PRF-PIE1,PERFORADORA DE PIE Nº 1 SUR,UNIDAD_HOJA_DIRECTA_BAJO_SECTOR
PR,TLLM,TALLER MECANICO,UNIDAD,PIE2,PR-TLLM-PRF-PIE2,BTZ_Description_04,PR-TLLM-LGC-TALLER MECANICO,PR-TLLM-LGC-GENERAL,PR-TLLM-PRF-PIE2,PERFORADORA DE PIE Nº 2 NORTE,PR-TLLM-PRF-PIE2,PERFORADORA DE PIE Nº 2 NORTE,UNIDAD_HOJA_DIRECTA_BAJO_SECTOR
PR,TLLM,TALLER MECANICO,UNIDAD,150L,PR-TLLM-PRN-150L,BTZ_Description_04,PR-TLLM-LGC-TALLER MECANICO,PR-TLLM-LGC-GENERAL,PR-TLLM-PRN-150L,PRENSA 150 LBS. Nº 2 DELFABRO,PR-TLLM-PRN-150L,PRENSA 150 LBS. Nº 2 DELFABRO,UNIDAD_HOJA_DIRECTA_BAJO_SECTOR
PR,TLLM,TALLER MECANICO,UNIDAD,40L,PR-TLLM-PRN-40L,BTZ_Description_04,PR-TLLM-LGC-TALLER MECANICO,PR-TLLM-LGC-GENERAL,PR-TLLM-PRN-40L,PRENSA 40 LBS. Nº 1 TAUMET,PR-TLLM-PRN-40L,PRENSA 40 LBS. Nº 1 TAUMET,UNIDAD_HOJA_DIRECTA_BAJO_SECTOR
PR,TLLM,TALLER MECANICO,UNIDAD,BAN1,PR-TLLM-PRR-BAN1,BTZ_Description_04,PR-TLLM-LGC-TALLER MECANICO,PR-TLLM-LGC-GENERAL,PR-TLLM-PRR-BAN1,PERFORADORA DE BANCO 1 CHI (N),PR-TLLM-PRR-BAN1,PERFORADORA DE BANCO 1 CHI (N),UNIDAD_HOJA_DIRECTA_BAJO_SECTOR
PR,TLLM,TALLER MECANICO,UNIDAD,BAN2,PR-TLLM-PRR-BAN2,BTZ_Description_04,PR-TLLM-LGC-TALLER MECANICO,PR-TLLM-LGC-GENERAL,PR-TLLM-PRR-BAN2,PERFORADORA DE BANCO 2 CHI (S),PR-TLLM-PRR-BAN2,PERFORADORA DE BANCO 2 CHI (S),UNIDAD_HOJA_DIRECTA_BAJO_SECTOR
PR,TLLM,TALLER MECANICO,UNIDAD,PLA,PR-TLLM-RCT-PLA,BTZ_Description_04,PR-TLLM-LGC-TALLER MECANICO,PR-TLLM-LGC-GENERAL,PR-TLLM-RCT-PLA,RECTIFICADORA PLANA BURGOR,PR-TLLM-RCT-PLA,RECTIFICADORA PLANA BURGOR,UNIDAD_HOJA_DIRECTA_BAJO_SECTOR
PR,TLLM,TALLER MECANICO,UNIDAD,CHA180/1,PR-TLLM-SLD-CHA180/1,BTZ_Description_04,PR-TLLM-LGC-TALLER MECANICO,PR-TLLM-LGC-GENERAL,PR-TLLM-SLD-CHA180/1,SOLDADOR CONARCO Nº 1,PR-TLLM-SLD-CHA180/1,SOLDADOR CONARCO Nº 1,UNIDAD_HOJA_DIRECTA_BAJO_SECTOR
PR,TLLM,TALLER MECANICO,UNIDAD,MSPS/8,PR-TLLM-SLD-MSPS/8,BTZ_Description_04,PR-TLLM-LGC-TALLER MECANICO,PR-TLLM-LGC-GENERAL,PR-TLLM-SLD-MSPS/8,SOLDADOR MERLE SPS Nº8,PR-TLLM-SLD-MSPS/8,SOLDADOR MERLE SPS Nº8,UNIDAD_HOJA_DIRECTA_BAJO_SECTOR
PR,TLLM,TALLER MECANICO,UNIDAD,RST450/3,PR-TLLM-SLD-RST450/3,BTZ_Description_04,PR-TLLM-LGC-TALLER MECANICO,PR-TLLM-LGC-GENERAL,PR-TLLM-SLD-RST450/3,SOLDADOR TAURO FMQ RST 450 Nº3,PR-TLLM-SLD-RST450/3,SOLDADOR TAURO FMQ RST 450 Nº3,UNIDAD_HOJA_DIRECTA_BAJO_SECTOR
PR,TLLM,TALLER MECANICO,UNIDAD,T350/4,PR-TLLM-SLD-T350/4,BTZ_Description_04,PR-TLLM-LGC-TALLER MECANICO,PR-TLLM-LGC-GENERAL,PR-TLLM-SLD-T350/4,SOLDADOR TAURO 350 Nº 4,PR-TLLM-SLD-T350/4,SOLDADOR TAURO 350 Nº 4,UNIDAD_HOJA_DIRECTA_BAJO_SECTOR
PR,TLLM,TALLER MECANICO,UNIDAD,T450/6,PR-TLLM-SLD-T450/6,BTZ_Description_04,PR-TLLM-LGC-TALLER MECANICO,PR-TLLM-LGC-GENERAL,PR-TLLM-SLD-T450/6,SOLDADOR TAURO 450 Nº 6,PR-TLLM-SLD-T450/6,SOLDADOR TAURO 450 Nº 6,UNIDAD_HOJA_DIRECTA_BAJO_SECTOR
PR,TLLM,TALLER MECANICO,UNIDAD,T450/7,PR-TLLM-SLD-T450/7,BTZ_Description_04,PR-TLLM-LGC-TALLER MECANICO,PR-TLLM-LGC-GENERAL,PR-TLLM-SLD-T450/7,SOLDADOR TAURO 450 Nº 7,PR-TLLM-SLD-T450/7,SOLDADOR TAURO 450 Nº 7,UNIDAD_HOJA_DIRECTA_BAJO_SECTOR
PR,TLLM,TALLER MECANICO,UNIDAD,XT400/2,PR-TLLM-SLD-XT400/2,BTZ_Description_04,PR-TLLM-LGC-TALLER MECANICO,PR-TLLM-LGC-GENERAL,PR-TLLM-SLD-XT400/2,SOLDADOR TAURO XT-400 Nº 2,PR-TLLM-SLD-XT400/2,SOLDADOR TAURO XT-400 Nº 2,UNIDAD_HOJA_DIRECTA_BAJO_SECTOR
PR,TLLM,TALLER MECANICO,UNIDAD,XT430C/5,PR-TLLM-SLD-XT430C/5,BTZ_Description_04,PR-TLLM-LGC-TALLER MECANICO,PR-TLLM-LGC-GENERAL,PR-TLLM-SLD-XT430C/5,SOLDADOR TAURO 4XT-430 C Nº 5,PR-TLLM-SLD-XT430C/5,SOLDADOR TAURO 4XT-430 C Nº 5,UNIDAD_HOJA_DIRECTA_BAJO_SECTOR
PR,TLLM,TALLER MECANICO,UNIDAD,P300,PR-TLLM-TRN-P300,BTZ_Description_04,PR-TLLM-LGC-TALLER MECANICO,PR-TLLM-LGC-GENERAL,PR-TLLM-TRN-P300,TORNO PIA 3.00 E/PUNTOS,PR-TLLM-TRN-P300,TORNO PIA 3.00 E/PUNTOS,UNIDAD_HOJA_DIRECTA_BAJO_SECTOR
PR,TLLM,TALLER MECANICO,UNIDAD,S120,PR-TLLM-TRN-S120,BTZ_Description_04,PR-TLLM-LGC-TALLER MECANICO,PR-TLLM-LGC-GENERAL,PR-TLLM-TRN-S120,TORNO SIDERAL 1.20 E/PUNTOS,PR-TLLM-TRN-S120,TORNO SIDERAL 1.20 E/PUNTOS,UNIDAD_HOJA_DIRECTA_BAJO_SECTOR
PR,TLLM,TALLER MECANICO,UNIDAD,W300,PR-TLLM-TRN-W300,BTZ_Description_04,PR-TLLM-LGC-TALLER MECANICO,PR-TLLM-LGC-GENERAL,PR-TLLM-TRN-W300,TORNO WARE 3.00 MTS.E/PUNTOS,PR-TLLM-TRN-W300,TORNO WARE 3.00 MTS.E/PUNTOS,UNIDAD_HOJA_DIRECTA_BAJO_SECTOR
PR,EFL,EFLUENTES,SECTOR,EFLUENTES,PR-EFL-LGC-EFLUENTES,BTZ_Description_02,PR-EFL-LGC-EFLUENTES,,,,PR-EFL-LGC-EFLUENTES,LOGICO EFLUENTES,SECTOR_DESDE_RAIZ_PR
PR,EFL,EFLUENTES,SUBSECTOR,LAGUNA EFLUENTES 2. <L/E>,PR-EFL-LGC-LAGUNA EFLUENTES 2. <L/E>,BTZ_Description_03,PR-EFL-LGC-EFLUENTES,PR-EFL-LGC-LAGUNA EFLUENTES 2. <L/E>,,,PR-EFL-LGN-EFL2,LAGUNA EFLUENTES 2. <L/E>,SUBSECTOR_DESDE_HIJO_LGC_O_NODO_INTERMEDIO
PR,EFL,EFLUENTES,SUBSECTOR,POZO DE BOMBEO EFLUENTES,PR-EFL-LGC-POZO DE BOMBEO EFLUENTES,BTZ_Description_03,PR-EFL-LGC-EFLUENTES,PR-EFL-LGC-POZO DE BOMBEO EFLUENTES,,,PR-EFL-PZB-FPZBOM,POZO DE BOMBEO EFLUENTES,SUBSECTOR_DESDE_HIJO_LGC_O_NODO_INTERMEDIO
PR,EFL,EFLUENTES,UNIDAD,B/01/01A,PR-EFL-BMB-B/01/01A,BTZ_Description_04,PR-EFL-LGC-EFLUENTES,PR-EFL-LGC-POZO DE BOMBEO EFLUENTES,PR-EFL-BMB-B/01/01A,"BOMBA CENTRIFUGA ""A"" POZO PRIMARIO A SEPARADOR DE HARINA",PR-EFL-BMB-B/01/01A,"BOMBA CENTRIFUGA ""A"" POZO PRIMARIO A SEPARADOR DE HARINA",UNIDAD_HOJA_BAJO_SUBSECTOR
PR,EFL,EFLUENTES,UNIDAD,B/01/01B,PR-EFL-BMB-B/01/01B,BTZ_Description_04,PR-EFL-LGC-EFLUENTES,PR-EFL-LGC-POZO DE BOMBEO EFLUENTES,PR-EFL-BMB-B/01/01B,"BOMBA CENTRIFUGA ""B"" POZO PRIMARIO A SEPARADOR DE HARINA",PR-EFL-BMB-B/01/01B,"BOMBA CENTRIFUGA ""B"" POZO PRIMARIO A SEPARADOR DE HARINA",UNIDAD_HOJA_BAJO_SUBSECTOR
PR,EFL,EFLUENTES,UNIDAD,SWCT,PR-EFL-CTT-SWCT,BTZ_Description_04,PR-EFL-LGC-EFLUENTES,PR-EFL-LGC-POZO DE BOMBEO EFLUENTES,PR-EFL-CTT-SWCT,SWITCH TEMPERATURA AGUA POZO DE BOMBEO EFLUENTES,PR-EFL-CTT-SWCT,SWITCH TEMPERATURA AGUA POZO DE BOMBEO EFLUENTES,UNIDAD_HOJA_BAJO_SUBSECTOR
PR,EFL,EFLUENTES,UNIDAD,FPZB,PR-EFL-REJ-FPZB,BTZ_Description_04,PR-EFL-LGC-EFLUENTES,PR-EFL-LGC-POZO DE BOMBEO EFLUENTES,PR-EFL-REJ-FPZB,REJA POZO DE BOMBEO EFLUENTES,PR-EFL-REJ-FPZB,REJA POZO DE BOMBEO EFLUENTES,UNIDAD_HOJA_BAJO_SUBSECTOR
PR,EFL,EFLUENTES,SUBSECTOR,TANQUE COMPENSADOR DE CEMENTO,PR-EFL-LGC-TANQUE COMPENSADOR DE CEMENTO,BTZ_Description_03,PR-EFL-LGC-EFLUENTES,PR-EFL-LGC-TANQUE COMPENSADOR DE CEMENTO,,,PR-EFL-TNQ-EFL,TANQUE COMPENSADOR DE CEMENTO,SUBSECTOR_DESDE_HIJO_LGC_O_NODO_INTERMEDIO
PR,EFL,EFLUENTES,UNIDAD,AFE/04/04,PR-EFL-AGT-AFE/04/04,BTZ_Description_04,PR-EFL-LGC-EFLUENTES,PR-EFL-LGC-TANQUE COMPENSADOR DE CEMENTO,PR-EFL-AGT-AFE/04/04,AGITADOR TANQUE POLIMERO TANQUE COMPENSADOR,PR-EFL-AGT-AFE/04/04,AGITADOR TANQUE POLIMERO TANQUE COMPENSADOR,UNIDAD_HOJA_BAJO_SUBSECTOR
PR,EFL,EFLUENTES,UNIDAD,B/03/01A,PR-EFL-BMB-B/03/01A,BTZ_Description_04,PR-EFL-LGC-EFLUENTES,PR-EFL-LGC-TANQUE COMPENSADOR DE CEMENTO,PR-EFL-BMB-B/03/01A,BOMBA CENTRIFUGA SUMERGIBLE DE TANQUE COMPENSADOR EFLUENTES B/03/01A,PR-EFL-BMB-B/03/01A,BOMBA CENTRIFUGA SUMERGIBLE DE TANQUE COMPENSADOR EFLUENTES B/03/01A,UNIDAD_HOJA_BAJO_SUBSECTOR
PR,EFL,EFLUENTES,UNIDAD,B/03/01B,PR-EFL-BMB-B/03/01B,BTZ_Description_04,PR-EFL-LGC-EFLUENTES,PR-EFL-LGC-TANQUE COMPENSADOR DE CEMENTO,PR-EFL-BMB-B/03/01B,BOMBA CENTRIFUGA SUMERGIBLE DE TANQUE COMPENSADOR EFLUENTES B/03/01B,PR-EFL-BMB-B/03/01B,BOMBA CENTRIFUGA SUMERGIBLE DE TANQUE COMPENSADOR EFLUENTES B/03/01B,UNIDAD_HOJA_BAJO_SUBSECTOR
PR,EFL,EFLUENTES,UNIDAD,BDA/04/02,PR-EFL-BMB-BDA/04/02,BTZ_Description_04,PR-EFL-LGC-EFLUENTES,PR-EFL-LGC-TANQUE COMPENSADOR DE CEMENTO,PR-EFL-BMB-BDA/04/02,BOMBA DOSIFICADORA AUTOMATICA DE TANQUE COMPENSADOR DE EFLUENTES BDA/04/02,PR-EFL-BMB-BDA/04/02,BOMBA DOSIFICADORA AUTOMATICA DE TANQUE COMPENSADOR DE EFLUENTES BDA/04/02,UNIDAD_HOJA_BAJO_SUBSECTOR
PR,EFL,EFLUENTES,UNIDAD,BDC/04/03,PR-EFL-BMB-BDC/04/03,BTZ_Description_04,PR-EFL-LGC-EFLUENTES,PR-EFL-LGC-TANQUE COMPENSADOR DE CEMENTO,PR-EFL-BMB-BDC/04/03,BOMBA DOSIFICADORA AUTOMATICA DE TANQUE COMPENSADOR DE EFLUENTES BDC/04/03,PR-EFL-BMB-BDC/04/03,BOMBA DOSIFICADORA AUTOMATICA DE TANQUE COMPENSADOR DE EFLUENTES BDC/04/03,UNIDAD_HOJA_BAJO_SUBSECTOR
PR,EFL,EFLUENTES,UNIDAD,BDF/04/04,PR-EFL-BMB-BDF/04/04,BTZ_Description_04,PR-EFL-LGC-EFLUENTES,PR-EFL-LGC-TANQUE COMPENSADOR DE CEMENTO,PR-EFL-BMB-BDF/04/04,BOMBA DOSIFICADORA AUTOMATICA DE TANQUE COMPENSADOR DE EFLUENTES BDF/04/04,PR-EFL-BMB-BDF/04/04,BOMBA DOSIFICADORA AUTOMATICA DE TANQUE COMPENSADOR DE EFLUENTES BDF/04/04,UNIDAD_HOJA_BAJO_SUBSECTOR
PR,EFL,EFLUENTES,UNIDAD,BDS/04/01,PR-EFL-BMB-BDS/04/01,BTZ_Description_04,PR-EFL-LGC-EFLUENTES,PR-EFL-LGC-TANQUE COMPENSADOR DE CEMENTO,PR-EFL-BMB-BDS/04/01,BOMBA DOSIFICADORA AUTOMATICA DE TANQUE COMPENSADOR DE EFLUENTES BDS/04/01,PR-EFL-BMB-BDS/04/01,BOMBA DOSIFICADORA AUTOMATICA DE TANQUE COMPENSADOR DE EFLUENTES BDS/04/01,UNIDAD_HOJA_BAJO_SUBSECTOR
PR,EFL,EFLUENTES,UNIDAD,BDS/04/06,PR-EFL-BMB-BDS/04/06,BTZ_Description_04,PR-EFL-LGC-EFLUENTES,PR-EFL-LGC-TANQUE COMPENSADOR DE CEMENTO,PR-EFL-BMB-BDS/04/06,BOMBA DOSIFICADORA AUTOMATICA DE TANQUE COMPENSADOR DE EFLUENTES BDS/04/06,PR-EFL-BMB-BDS/04/06,BOMBA DOSIFICADORA AUTOMATICA DE TANQUE COMPENSADOR DE EFLUENTES BDS/04/06,UNIDAD_HOJA_BAJO_SUBSECTOR
PR,EFL,EFLUENTES,UNIDAD,FIT04/01,PR-EFL-CDM-FIT04/01,BTZ_Description_04,PR-EFL-LGC-EFLUENTES,PR-EFL-LGC-TANQUE COMPENSADOR DE CEMENTO,PR-EFL-CDM-FIT04/01,CAUDALIMETRO TANQUE COMPENSADOR FIT04/01,PR-EFL-CDM-FIT04/01,CAUDALIMETRO TANQUE COMPENSADOR FIT04/01,UNIDAD_HOJA_BAJO_SUBSECTOR
PR,EFL,EFLUENTES,UNIDAD,E/03/01,PR-EFL-SPL-E/03/01,BTZ_Description_04,PR-EFL-LGC-EFLUENTES,PR-EFL-LGC-TANQUE COMPENSADOR DE CEMENTO,PR-EFL-SPL-E/03/01,SOPLANTE TANQUE COMPENSADOR,PR-EFL-SPL-E/03/01,SOPLANTE TANQUE COMPENSADOR,UNIDAD_HOJA_BAJO_SUBSECTOR
PR,EFL,EFLUENTES,SUBSECTOR,TANQUE SEPARADOR DE HARINAS SPHE,PR-EFL-LGC-TANQUE SEPARADOR DE HARINAS SPHE,BTZ_Description_03,PR-EFL-LGC-EFLUENTES,PR-EFL-LGC-TANQUE SEPARADOR DE HARINAS SPHE,,,PR-EFL-TNQ-SPHE,TANQUE SEPARADOR DE HARINAS SPHE,SUBSECTOR_DESDE_HIJO_LGC_O_NODO_INTERMEDIO
PR,EFL,EFLUENTES,UNIDAD,APE/02/03,PR-EFL-AGT-APE/02/03,BTZ_Description_04,PR-EFL-LGC-EFLUENTES,PR-EFL-LGC-TANQUE SEPARADOR DE HARINAS SPHE,PR-EFL-AGT-APE/02/03,AGITADOR TANQUE POLIMERO SEPARADOR DE HARINA,PR-EFL-AGT-APE/02/03,AGITADOR TANQUE POLIMERO SEPARADOR DE HARINA,UNIDAD_HOJA_BAJO_SUBSECTOR
PR,EFL,EFLUENTES,UNIDAD,BDPB/03/01,PR-EFL-BMB-BDPB/03/01,BTZ_Description_04,PR-EFL-LGC-EFLUENTES,PR-EFL-LGC-TANQUE SEPARADOR DE HARINAS SPHE,PR-EFL-BMB-BDPB/03/01,BOMBA TORNILLO DE SEPARADOR DE HARINAS BDPB/03/01,PR-EFL-BMB-BDPB/03/01,BOMBA TORNILLO DE SEPARADOR DE HARINAS BDPB/03/01,UNIDAD_HOJA_BAJO_SUBSECTOR
PR,EFL,EFLUENTES,UNIDAD,BSLB/02/01,PR-EFL-BMB-BSLB/02/01,BTZ_Description_04,PR-EFL-LGC-EFLUENTES,PR-EFL-LGC-TANQUE SEPARADOR DE HARINAS SPHE,PR-EFL-BMB-BSLB/02/01,BOMBA TORNILLO DE SEPARADOR DE HARINAS BSLB/02/01,PR-EFL-BMB-BSLB/02/01,BOMBA TORNILLO DE SEPARADOR DE HARINAS BSLB/02/01,UNIDAD_HOJA_BAJO_SUBSECTOR
PR,EFL,EFLUENTES,UNIDAD,BRRE/02/04,PR-EFL-BRR-BRRE/02/04,BTZ_Description_04,PR-EFL-LGC-EFLUENTES,PR-EFL-LGC-TANQUE SEPARADOR DE HARINAS SPHE,PR-EFL-BRR-BRRE/02/04,MOTOREDUCTOR BARREDOR TANQUE SEPARADOR DE HARINA,PR-EFL-BRR-BRRE/02/04,MOTOREDUCTOR BARREDOR TANQUE SEPARADOR DE HARINA,UNIDAD_HOJA_BAJO_SUBSECTOR
PR,EFL,EFLUENTES,UNIDAD,CP/02/01,PR-EFL-CPB-CP/02/01,BTZ_Description_04,PR-EFL-LGC-EFLUENTES,PR-EFL-LGC-TANQUE SEPARADOR DE HARINAS SPHE,PR-EFL-CPB-CP/02/01,SENSOR DE PRESION ALARMA DE BOMBA A TORNILLO,PR-EFL-CPB-CP/02/01,SENSOR DE PRESION ALARMA DE BOMBA A TORNILLO,UNIDAD_HOJA_BAJO_SUBSECTOR
PR,EFL,EFLUENTES,UNIDAD,B/02/02,PR-EFL-VLV-B/02/02,BTZ_Description_04,PR-EFL-LGC-EFLUENTES,PR-EFL-LGC-TANQUE SEPARADOR DE HARINAS SPHE,PR-EFL-VLV-B/02/02,VALVULA SOLENOIDE DE AGUA CLARIFICADA,PR-EFL-VLV-B/02/02,VALVULA SOLENOIDE DE AGUA CLARIFICADA,UNIDAD_HOJA_BAJO_SUBSECTOR
PR,EFL,EFLUENTES,SUBSECTOR,TANQUE DAFF SEPARADOR DE GRASAS TDFE/04/02,PR-EFL-LGC-TANQUE DAFF SEPARADOR DE GRASAS TDFE/04/02,BTZ_Description_03,PR-EFL-LGC-EFLUENTES,PR-EFL-LGC-TANQUE DAFF SEPARADOR DE GRASAS TDFE/04/02,,,PR-EFL-TNQ-TDFE/04/02,TANQUE DAFF SEPARADOR DE GRASAS TDFE/04/02,SUBSECTOR_DESDE_HIJO_LGC_O_NODO_INTERMEDIO
PR,EFL,EFLUENTES,UNIDAD,ADFE/04/03,PR-EFL-AGT-ADFE/04/03,BTZ_Description_04,PR-EFL-LGC-EFLUENTES,PR-EFL-LGC-TANQUE DAFF SEPARADOR DE GRASAS TDFE/04/02,PR-EFL-AGT-ADFE/04/03,AGITADOR TANQUE SEPARADOR DE GRASAS DAFF,PR-EFL-AGT-ADFE/04/03,AGITADOR TANQUE SEPARADOR DE GRASAS DAFF,UNIDAD_HOJA_BAJO_SUBSECTOR
PR,EFL,EFLUENTES,UNIDAD,RCB/04/05,PR-EFL-BMB-RCB/04/05,BTZ_Description_04,PR-EFL-LGC-EFLUENTES,PR-EFL-LGC-TANQUE DAFF SEPARADOR DE GRASAS TDFE/04/02,PR-EFL-BMB-RCB/04/05,BOMBA CAVITACION DAFF,PR-EFL-BMB-RCB/04/05,BOMBA CAVITACION DAFF,UNIDAD_HOJA_BAJO_SUBSECTOR
PR,EFL,EFLUENTES,UNIDAD,CDPS/04/01,PR-EFL-CDP-CDPS/04/01,BTZ_Description_04,PR-EFL-LGC-EFLUENTES,PR-EFL-LGC-TANQUE DAFF SEPARADOR DE GRASAS TDFE/04/02,PR-EFL-CDP-CDPS/04/01,SENSOR DE DIFERENCIA DE PRESION,PR-EFL-CDP-CDPS/04/01,SENSOR DE DIFERENCIA DE PRESION,UNIDAD_HOJA_BAJO_SUBSECTOR
PR,EFL,EFLUENTES,UNIDAD,XIT04/02,PR-EFL-CPH-XIT04/02,BTZ_Description_04,PR-EFL-LGC-EFLUENTES,PR-EFL-LGC-TANQUE DAFF SEPARADOR DE GRASAS TDFE/04/02,PR-EFL-CPH-XIT04/02,PEACHIMETRO TANQUE DAFF XIT04/02,PR-EFL-CPH-XIT04/02,PEACHIMETRO TANQUE DAFF XIT04/02,UNIDAD_HOJA_BAJO_SUBSECTOR
PR,EFL,EFLUENTES,UNIDAD,FBCE/04/09,PR-EFL-FLT-FBCE/04/09,BTZ_Description_04,PR-EFL-LGC-EFLUENTES,PR-EFL-LGC-TANQUE DAFF SEPARADOR DE GRASAS TDFE/04/02,PR-EFL-FLT-FBCE/04/09,FILTRO SUCCION DAFF,PR-EFL-FLT-FBCE/04/09,FILTRO SUCCION DAFF,UNIDAD_HOJA_BAJO_SUBSECTOR
PR,EFL,EFLUENTES,UNIDAD,RTMFI/04/05,PR-EFL-RTM-RTMFI/04/05,BTZ_Description_04,PR-EFL-LGC-EFLUENTES,PR-EFL-LGC-TANQUE DAFF SEPARADOR DE GRASAS TDFE/04/02,PR-EFL-RTM-RTMFI/04/05,ROTAMETRO PARA AIRE TANQUE DAFF,PR-EFL-RTM-RTMFI/04/05,ROTAMETRO PARA AIRE TANQUE DAFF,UNIDAD_HOJA_BAJO_SUBSECTOR
PR,EFL,EFLUENTES,SUBSECTOR,TANQUE DE NEUTRALIZACION,PR-EFL-LGC-TANQUE DE NEUTRALIZACION,BTZ_Description_03,PR-EFL-LGC-EFLUENTES,PR-EFL-LGC-TANQUE DE NEUTRALIZACION,,,PR-EFL-TNQ-TN04/06,TANQUE DE NEUTRALIZACION,SUBSECTOR_DESDE_HIJO_LGC_O_NODO_INTERMEDIO
PR,EFL,EFLUENTES,UNIDAD,XIT04/03,PR-EFL-CPH-XIT04/03,BTZ_Description_04,PR-EFL-LGC-EFLUENTES,PR-EFL-LGC-TANQUE DE NEUTRALIZACION,PR-EFL-CPH-XIT04/03,PEACHIMETRO TANQUE NEUTRALIZACION XIT04/03,PR-EFL-CPH-XIT04/03,PEACHIMETRO TANQUE NEUTRALIZACION XIT04/03,UNIDAD_HOJA_BAJO_SUBSECTOR
PR,EFL,EFLUENTES,UNIDAD,VEN/47,PR-EFL-VLV-VEN/47,BTZ_Description_04,PR-EFL-LGC-EFLUENTES,PR-EFL-LGC-TANQUE DE NEUTRALIZACION,PR-EFL-VLV-VEN/47,VALVULA AUTOMATICA DE RETORNO TANQUE DE NEUTRALIZACION,PR-EFL-VLV-VEN/47,VALVULA AUTOMATICA DE RETORNO TANQUE DE NEUTRALIZACION,UNIDAD_HOJA_BAJO_SUBSECTOR
PR,EFL,EFLUENTES,UNIDAD,VEN/48,PR-EFL-VLV-VEN/48,BTZ_Description_04,PR-EFL-LGC-EFLUENTES,PR-EFL-LGC-TANQUE DE NEUTRALIZACION,PR-EFL-VLV-VEN/48,VALVULA AUTOMATICA ENVIO A LAGUNA TANQUE DE NEUTRALIZACION,PR-EFL-VLV-VEN/48,VALVULA AUTOMATICA ENVIO A LAGUNA TANQUE DE NEUTRALIZACION,UNIDAD_HOJA_BAJO_SUBSECTOR
PR,EFL,EFLUENTES,SUBSECTOR,GENERAL,PR-EFL-LGC-GENERAL,BTZ_Description_03,PR-EFL-LGC-EFLUENTES,PR-EFL-LGC-GENERAL,,,PR-EFL-LGC-EFLUENTES,SUBSECTOR SINTETICO PARA HOJAS DIRECTAS DEL SECTOR,SUBSECTOR_SINTETICO_GENERAL
PR,EFL,EFLUENTES,UNIDAD,EFL1,PR-EFL-LGN-EFL1,BTZ_Description_04,PR-EFL-LGC-EFLUENTES,PR-EFL-LGC-GENERAL,PR-EFL-LGN-EFL1,LAGUNA EFLUENTES 1. <L/O>,PR-EFL-LGN-EFL1,LAGUNA EFLUENTES 1. <L/O>,UNIDAD_HOJA_DIRECTA_BAJO_SECTOR
PR,EFL,EFLUENTES,UNIDAD,MFE/04/01,PR-EFL-MZC-MFE/04/01,BTZ_Description_04,PR-EFL-LGC-EFLUENTES,PR-EFL-LGC-GENERAL,PR-EFL-MZC-MFE/04/01,MEZCLADOR FLOCULADOR EFLUENTES,PR-EFL-MZC-MFE/04/01,MEZCLADOR FLOCULADOR EFLUENTES,UNIDAD_HOJA_DIRECTA_BAJO_SECTOR
PR,CCM,CENTRO CONTROL DE MOTORES (CCM),SECTOR,CENTRO CONTROL DE MOTORES (CCM),PR-CCM-LGC-CCM,BTZ_Description_02,PR-CCM-LGC-CCM,,,,PR-CCM-LGC-CCM,LOGICO CENTRO CONTROL DE MOTORES (CCM),SECTOR_DESDE_RAIZ_PR
PR,CCM,CENTRO CONTROL DE MOTORES (CCM),SUBSECTOR,CCM EXTRACCION 2,PR-CCM-LGC-CCM EXTRACCION 2,BTZ_Description_03,PR-CCM-LGC-CCM,PR-CCM-LGC-CCM EXTRACCION 2,,,PR-CCM-CCM-EXT2,CCM EXTRACCION 2,SUBSECTOR_DESDE_HIJO_LGC_O_NODO_INTERMEDIO
PR,CCM,CENTRO CONTROL DE MOTORES (CCM),UNIDAD,ST1,PR-CCM-VNT-ST1,BTZ_Description_04,PR-CCM-LGC-CCM,PR-CCM-LGC-CCM EXTRACCION 2,PR-CCM-VNT-ST1,VENTILADOR 1 <SALA TABLERO> EXT2,PR-CCM-VNT-ST1,VENTILADOR 1 <SALA TABLERO> EXT2,UNIDAD_HOJA_BAJO_SUBSECTOR
PR,CCM,CENTRO CONTROL DE MOTORES (CCM),UNIDAD,ST2,PR-CCM-VNT-ST2,BTZ_Description_04,PR-CCM-LGC-CCM,PR-CCM-LGC-CCM EXTRACCION 2,PR-CCM-VNT-ST2,VENTILADOR 2 <SALA TABLERO> EXT2,PR-CCM-VNT-ST2,VENTILADOR 2 <SALA TABLERO> EXT2,UNIDAD_HOJA_BAJO_SUBSECTOR
PR,CCM,CENTRO CONTROL DE MOTORES (CCM),SUBSECTOR,CCM PREPARACION LINEA 1,PR-CCM-LGC-CCM PREPARACION LINEA 1,BTZ_Description_03,PR-CCM-LGC-CCM,PR-CCM-LGC-CCM PREPARACION LINEA 1,,,PR-CCM-CCM-PRP1,CCM PREPARACION LINEA 1,SUBSECTOR_DESDE_HIJO_LGC_O_NODO_INTERMEDIO
PR,CCM,CENTRO CONTROL DE MOTORES (CCM),UNIDAD,SCI,PR-CCM-VNT-SCI,BTZ_Description_04,PR-CCM-LGC-CCM,PR-CCM-LGC-CCM PREPARACION LINEA 1,PR-CCM-VNT-SCI,VENTILADOR SALA CAPACITORES INFERIOR,PR-CCM-VNT-SCI,VENTILADOR SALA CAPACITORES INFERIOR,UNIDAD_HOJA_BAJO_SUBSECTOR
PR,CCM,CENTRO CONTROL DE MOTORES (CCM),UNIDAD,TBL1,PR-CCM-VNT-TBL1,BTZ_Description_04,PR-CCM-LGC-CCM,PR-CCM-LGC-CCM PREPARACION LINEA 1,PR-CCM-VNT-TBL1,VENTILADOR AIREACION EXTERIOR TABLERO,PR-CCM-VNT-TBL1,VENTILADOR AIREACION EXTERIOR TABLERO,UNIDAD_HOJA_BAJO_SUBSECTOR
PR,CCM,CENTRO CONTROL DE MOTORES (CCM),UNIDAD,TEXL1,PR-CCM-VNT-TEXL1,BTZ_Description_04,PR-CCM-LGC-CCM,PR-CCM-LGC-CCM PREPARACION LINEA 1,PR-CCM-VNT-TEXL1,VENTILADOR EXTRACTOR TABLERO,PR-CCM-VNT-TEXL1,VENTILADOR EXTRACTOR TABLERO,UNIDAD_HOJA_BAJO_SUBSECTOR
PR,CCM,CENTRO CONTROL DE MOTORES (CCM),SUBSECTOR,CCM PLAYA Y MATERIA PRIMA,PR-CCM-LGC-PLYMP,BTZ_Description_03,PR-CCM-LGC-CCM,PR-CCM-LGC-PLYMP,,,PR-CCM-LGC-PLYMP,LOGICO CCM PLAYA Y MATERIA PRIMA,SUBSECTOR_DESDE_HIJO_LGC_O_NODO_INTERMEDIO
PR,CCM,CENTRO CONTROL DE MOTORES (CCM),UNIDAD,BBS EFLTS,PR-CCM-CCM-BBS EFLTS,BTZ_Description_04,PR-CCM-LGC-CCM,PR-CCM-LGC-PLYMP,PR-CCM-CCM-BBS EFLTS,CCM BOMBEO DE EFLUENTES,PR-CCM-CCM-BBS EFLTS,CCM BOMBEO DE EFLUENTES,UNIDAD_HOJA_BAJO_SUBSECTOR
PR,CCM,CENTRO CONTROL DE MOTORES (CCM),UNIDAD,SILO 1 2 Y 3,PR-CCM-CCM-SILO 1 2 Y 3,BTZ_Description_04,PR-CCM-LGC-CCM,PR-CCM-LGC-PLYMP,PR-CCM-CCM-SILO 1 2 Y 3,"CCM SILO 1, 2 Y 3",PR-CCM-CCM-SILO 1 2 Y 3,"CCM SILO 1, 2 Y 3",UNIDAD_HOJA_BAJO_SUBSECTOR
PR,CCM,CENTRO CONTROL DE MOTORES (CCM),UNIDAD,SILO 12,PR-CCM-CCM-SILO 12,BTZ_Description_04,PR-CCM-LGC-CCM,PR-CCM-LGC-PLYMP,PR-CCM-CCM-SILO 12,CCM SILO 12,PR-CCM-CCM-SILO 12,CCM SILO 12,UNIDAD_HOJA_BAJO_SUBSECTOR
PR,CCM,CENTRO CONTROL DE MOTORES (CCM),UNIDAD,SILO 13,PR-CCM-CCM-SILO 13,BTZ_Description_04,PR-CCM-LGC-CCM,PR-CCM-LGC-PLYMP,PR-CCM-CCM-SILO 13,CCM SILO 13,PR-CCM-CCM-SILO 13,CCM SILO 13,UNIDAD_HOJA_BAJO_SUBSECTOR
PR,CCM,CENTRO CONTROL DE MOTORES (CCM),UNIDAD,SILOS KW,PR-CCM-CCM-SILOS KW,BTZ_Description_04,PR-CCM-LGC-CCM,PR-CCM-LGC-PLYMP,PR-CCM-CCM-SILOS KW,CCM SILOS KEPLER WEBER,PR-CCM-CCM-SILOS KW,CCM SILOS KEPLER WEBER,UNIDAD_HOJA_BAJO_SUBSECTOR
PR,CCM,CENTRO CONTROL DE MOTORES (CCM),SUBSECTOR,CCM PLAYA Y SUBPRODUCTO,PR-CCM-LGC-PLYSP,BTZ_Description_03,PR-CCM-LGC-CCM,PR-CCM-LGC-PLYSP,,,PR-CCM-LGC-PLYSP,LOGICO CCM PLAYA Y SUBPRODUCTO,SUBSECTOR_DESDE_HIJO_LGC_O_NODO_INTERMEDIO
PR,CCM,CENTRO CONTROL DE MOTORES (CCM),UNIDAD,SILO 10,PR-CCM-CCM-SILO 10,BTZ_Description_04,PR-CCM-LGC-CCM,PR-CCM-LGC-PLYSP,PR-CCM-CCM-SILO 10,CCM SILO 10,PR-CCM-CCM-SILO 10,CCM SILO 10,UNIDAD_HOJA_BAJO_SUBSECTOR
PR,CCM,CENTRO CONTROL DE MOTORES (CCM),UNIDAD,SILO 11,PR-CCM-CCM-SILO 11,BTZ_Description_04,PR-CCM-LGC-CCM,PR-CCM-LGC-PLYSP,PR-CCM-CCM-SILO 11,CCM SILO 11,PR-CCM-CCM-SILO 11,CCM SILO 11,UNIDAD_HOJA_BAJO_SUBSECTOR
PR,CCM,CENTRO CONTROL DE MOTORES (CCM),UNIDAD,SILO 8 Y 9,PR-CCM-CCM-SILO 8 Y 9,BTZ_Description_04,PR-CCM-LGC-CCM,PR-CCM-LGC-PLYSP,PR-CCM-CCM-SILO 8 Y 9,CCM SILO 8 Y 9,PR-CCM-CCM-SILO 8 Y 9,CCM SILO 8 Y 9,UNIDAD_HOJA_BAJO_SUBSECTOR
PR,CCM,CENTRO CONTROL DE MOTORES (CCM),SUBSECTOR,CCM VAPOR 1,PR-CCM-LGC-VAPOR1,BTZ_Description_03,PR-CCM-LGC-CCM,PR-CCM-LGC-VAPOR1,,,PR-CCM-LGC-VAPOR1,LOGICO CCM VAPOR 1,SUBSECTOR_DESDE_HIJO_LGC_O_NODO_INTERMEDIO
PR,CCM,CENTRO CONTROL DE MOTORES (CCM),UNIDAD,FLT1,PR-CCM-CCM-FLT1,BTZ_Description_04,PR-CCM-LGC-CCM,PR-CCM-LGC-VAPOR1,PR-CCM-CCM-FLT1,CCM FILTRO ELECTROESTATICO,PR-CCM-CCM-FLT1,CCM FILTRO ELECTROESTATICO,UNIDAD_HOJA_BAJO_SUBSECTOR
PR,CCM,CENTRO CONTROL DE MOTORES (CCM),SUBSECTOR,GENERAL,PR-CCM-LGC-GENERAL,BTZ_Description_03,PR-CCM-LGC-CCM,PR-CCM-LGC-GENERAL,,,PR-CCM-LGC-CCM,SUBSECTOR SINTETICO PARA HOJAS DIRECTAS DEL SECTOR,SUBSECTOR_SINTETICO_GENERAL
PR,CCM,CENTRO CONTROL DE MOTORES (CCM),UNIDAD,DSA1,PR-CCM-CCM-DSA1,BTZ_Description_04,PR-CCM-LGC-CCM,PR-CCM-LGC-GENERAL,PR-CCM-CCM-DSA1,CCM DESCASCARADORA DE ALGODÓN,PR-CCM-CCM-DSA1,CCM DESCASCARADORA DE ALGODÓN,UNIDAD_HOJA_DIRECTA_BAJO_SECTOR
PR,CCM,CENTRO CONTROL DE MOTORES (CCM),UNIDAD,EFLTS,PR-CCM-CCM-EFLTS,BTZ_Description_04,PR-CCM-LGC-CCM,PR-CCM-LGC-GENERAL,PR-CCM-CCM-EFLTS,CCM TRATAMIENTO DE EFLUENTES,PR-CCM-CCM-EFLTS,CCM TRATAMIENTO DE EFLUENTES,UNIDAD_HOJA_DIRECTA_BAJO_SECTOR
PR,CCM,CENTRO CONTROL DE MOTORES (CCM),UNIDAD,EXT1,PR-CCM-CCM-EXT1,BTZ_Description_04,PR-CCM-LGC-CCM,PR-CCM-LGC-GENERAL,PR-CCM-CCM-EXT1,CCM EXTRACCION 1,PR-CCM-CCM-EXT1,CCM EXTRACCION 1,UNIDAD_HOJA_DIRECTA_BAJO_SECTOR
PR,CCM,CENTRO CONTROL DE MOTORES (CCM),UNIDAD,HRN1,PR-CCM-CCM-HRN1,BTZ_Description_04,PR-CCM-LGC-CCM,PR-CCM-LGC-GENERAL,PR-CCM-CCM-HRN1,CCM HARINA 1,PR-CCM-CCM-HRN1,CCM HARINA 1,UNIDAD_HOJA_DIRECTA_BAJO_SECTOR
PR,CCM,CENTRO CONTROL DE MOTORES (CCM),UNIDAD,LNT,PR-CCM-CCM-LNT,BTZ_Description_04,PR-CCM-LGC-CCM,PR-CCM-LGC-GENERAL,PR-CCM-CCM-LNT,CCM LINTER,PR-CCM-CCM-LNT,CCM LINTER,UNIDAD_HOJA_DIRECTA_BAJO_SECTOR
PR,CCM,CENTRO CONTROL DE MOTORES (CCM),UNIDAD,PDA,PR-CCM-CCM-PDA,BTZ_Description_04,PR-CCM-LGC-CCM,PR-CCM-LGC-GENERAL,PR-CCM-CCM-PDA,CCM PLANTA DE AGUA,PR-CCM-CCM-PDA,CCM PLANTA DE AGUA,UNIDAD_HOJA_DIRECTA_BAJO_SECTOR
PR,CCM,CENTRO CONTROL DE MOTORES (CCM),UNIDAD,PLPZ1,PR-CCM-CCM-PLPZ1,BTZ_Description_04,PR-CCM-LGC-CCM,PR-CCM-LGC-GENERAL,PR-CCM-CCM-PLPZ1,CCM PRELIMPIEZA LINEA 1,PR-CCM-CCM-PLPZ1,CCM PRELIMPIEZA LINEA 1,UNIDAD_HOJA_DIRECTA_BAJO_SECTOR
PR,CCM,CENTRO CONTROL DE MOTORES (CCM),UNIDAD,PLPZ2,PR-CCM-CCM-PLPZ2,BTZ_Description_04,PR-CCM-LGC-CCM,PR-CCM-LGC-GENERAL,PR-CCM-CCM-PLPZ2,CCM PRELIMPIEZA LINEA 2,PR-CCM-CCM-PLPZ2,CCM PRELIMPIEZA LINEA 2,UNIDAD_HOJA_DIRECTA_BAJO_SECTOR
PR,CCM,CENTRO CONTROL DE MOTORES (CCM),UNIDAD,PRP2,PR-CCM-CCM-PRP2,BTZ_Description_04,PR-CCM-LGC-CCM,PR-CCM-LGC-GENERAL,PR-CCM-CCM-PRP2,CCM PREPARACION LINEA 2,PR-CCM-CCM-PRP2,CCM PREPARACION LINEA 2,UNIDAD_HOJA_DIRECTA_BAJO_SECTOR
PR,CCM,CENTRO CONTROL DE MOTORES (CCM),UNIDAD,PRP3,PR-CCM-CCM-PRP3,BTZ_Description_04,PR-CCM-LGC-CCM,PR-CCM-LGC-GENERAL,PR-CCM-CCM-PRP3,CCM PREPARACION LINEA 3,PR-CCM-CCM-PRP3,CCM PREPARACION LINEA 3,UNIDAD_HOJA_DIRECTA_BAJO_SECTOR
PR,CCM,CENTRO CONTROL DE MOTORES (CCM),UNIDAD,RD INCDO,PR-CCM-CCM-RD INCDO,BTZ_Description_04,PR-CCM-LGC-CCM,PR-CCM-LGC-GENERAL,PR-CCM-CCM-RD INCDO,CCM RED DE INCENDIO,PR-CCM-CCM-RD INCDO,CCM RED DE INCENDIO,UNIDAD_HOJA_DIRECTA_BAJO_SECTOR
PR,CCM,CENTRO CONTROL DE MOTORES (CCM),UNIDAD,SCCN 4,PR-CCM-CCM-SCCN 4,BTZ_Description_04,PR-CCM-LGC-CCM,PR-CCM-LGC-GENERAL,PR-CCM-CCM-SCCN 4,CCM SECCION 4,PR-CCM-CCM-SCCN 4,CCM SECCION 4,UNIDAD_HOJA_DIRECTA_BAJO_SECTOR
PR,CCM,CENTRO CONTROL DE MOTORES (CCM),UNIDAD,TRREXT2,PR-CCM-CCM-TRREXT2,BTZ_Description_04,PR-CCM-LGC-CCM,PR-CCM-LGC-GENERAL,PR-CCM-CCM-TRREXT2,CCM TORRES DE ENF. EXTRACCION 2,PR-CCM-CCM-TRREXT2,CCM TORRES DE ENF. EXTRACCION 2,UNIDAD_HOJA_DIRECTA_BAJO_SECTOR
PR,PLL,PELLETEADO,SECTOR,PELLETEADO,PR-PLL-LGC-PELLETEADO,BTZ_Description_02,PR-PLL-LGC-PELLETEADO,,,,PR-PLL-LGC-PELLETEADO,LOGICO PELLETEADO,SECTOR_DESDE_RAIZ_PR
PR,PLL,PELLETEADO,SUBSECTOR,BOMBA SOPLANTE CASCARA Nº 2,PR-PLL-LGC-BOMBA SOPLANTE CASCARA Nº 2,BTZ_Description_03,PR-PLL-LGC-PELLETEADO,PR-PLL-LGC-BOMBA SOPLANTE CASCARA Nº 2,,,PR-PLL-BMB-SCA2,BOMBA SOPLANTE CASCARA Nº 2,SUBSECTOR_DESDE_HIJO_LGC_O_NODO_INTERMEDIO
PR,PLL,PELLETEADO,UNIDAD,CAS2,PR-PLL-VLV-CAS2,BTZ_Description_04,PR-PLL-LGC-PELLETEADO,PR-PLL-LGC-BOMBA SOPLANTE CASCARA Nº 2,PR-PLL-VLV-CAS2,VALVULA DOSIFICADORA DE CASCARA Nº 2,PR-PLL-VLV-CAS2,VALVULA DOSIFICADORA DE CASCARA Nº 2,UNIDAD_HOJA_BAJO_SUBSECTOR
PR,PLL,PELLETEADO,SUBSECTOR,ENFRIADOR DE PELLET EP-09,PR-PLL-LGC-ENFRIADOR DE PELLET EP-09,BTZ_Description_03,PR-PLL-LGC-PELLETEADO,PR-PLL-LGC-ENFRIADOR DE PELLET EP-09,,,PR-PLL-ENF-EP09,ENFRIADOR DE PELLET EP-09,SUBSECTOR_DESDE_HIJO_LGC_O_NODO_INTERMEDIO
PR,PLL,PELLETEADO,UNIDAD,ENF09,PR-PLL-VNT-ENF09,BTZ_Description_04,PR-PLL-LGC-PELLETEADO,PR-PLL-LGC-ENFRIADOR DE PELLET EP-09,PR-PLL-VNT-ENF09,VENTILADOR ENFRIADOR DE PELLETERA,PR-PLL-VNT-ENF09,VENTILADOR ENFRIADOR DE PELLETERA,UNIDAD_HOJA_BAJO_SUBSECTOR
PR,PLL,PELLETEADO,SUBSECTOR,PELLETERAS,PR-PLL-LGC-PELLETERAS,BTZ_Description_03,PR-PLL-LGC-PELLETEADO,PR-PLL-LGC-PELLETERAS,,,PR-PLL-LGC-PELLETERAS,LOGICO PELLETERAS,SUBSECTOR_DESDE_HIJO_LGC_O_NODO_INTERMEDIO
PR,PLL,PELLETEADO,SUBSECTOR,REDLERS PELLETEADO,PR-PLL-LGC-REDLERS,BTZ_Description_03,PR-PLL-LGC-PELLETEADO,PR-PLL-LGC-REDLERS,,,PR-PLL-LGC-REDLERS,LOGICO REDLERS PELLETEADO,SUBSECTOR_DESDE_HIJO_LGC_O_NODO_INTERMEDIO
PR,PLL,PELLETEADO,UNIDAD,RP05,PR-PLL-RDL-RP05,BTZ_Description_04,PR-PLL-LGC-PELLETEADO,PR-PLL-LGC-REDLERS,PR-PLL-RDL-RP05,REDLER RP-05,PR-PLL-RDL-RP05,REDLER RP-05,UNIDAD_HOJA_BAJO_SUBSECTOR
PR,PLL,PELLETEADO,UNIDAD,RP07,PR-PLL-RDL-RP07,BTZ_Description_04,PR-PLL-LGC-PELLETEADO,PR-PLL-LGC-REDLERS,PR-PLL-RDL-RP07,REDLER RP-07,PR-PLL-RDL-RP07,REDLER RP-07,UNIDAD_HOJA_BAJO_SUBSECTOR
PR,PLL,PELLETEADO,UNIDAD,RP08,PR-PLL-RDL-RP08,BTZ_Description_04,PR-PLL-LGC-PELLETEADO,PR-PLL-LGC-REDLERS,PR-PLL-RDL-RP08,REDLER RP-08,PR-PLL-RDL-RP08,REDLER RP-08,UNIDAD_HOJA_BAJO_SUBSECTOR
PR,PLL,PELLETEADO,UNIDAD,RP09,PR-PLL-RDL-RP09,BTZ_Description_04,PR-PLL-LGC-PELLETEADO,PR-PLL-LGC-REDLERS,PR-PLL-RDL-RP09,REDLER RP-09,PR-PLL-RDL-RP09,REDLER RP-09,UNIDAD_HOJA_BAJO_SUBSECTOR
PR,PLL,PELLETEADO,UNIDAD,RP10,PR-PLL-RDL-RP10,BTZ_Description_04,PR-PLL-LGC-PELLETEADO,PR-PLL-LGC-REDLERS,PR-PLL-RDL-RP10,REDLER RP-10,PR-PLL-RDL-RP10,REDLER RP-10,UNIDAD_HOJA_BAJO_SUBSECTOR
PR,PLL,PELLETEADO,UNIDAD,RP11,PR-PLL-RDL-RP11,BTZ_Description_04,PR-PLL-LGC-PELLETEADO,PR-PLL-LGC-REDLERS,PR-PLL-RDL-RP11,REDLER RP-11,PR-PLL-RDL-RP11,REDLER RP-11,UNIDAD_HOJA_BAJO_SUBSECTOR
PR,PLL,PELLETEADO,SUBSECTOR,ROSCAS PELLETEADO,PR-PLL-LGC-ROSCAS,BTZ_Description_03,PR-PLL-LGC-PELLETEADO,PR-PLL-LGC-ROSCAS,,,PR-PLL-LGC-ROSCAS,LOGICO ROSCAS PELLETEADO,SUBSECTOR_DESDE_HIJO_LGC_O_NODO_INTERMEDIO
PR,PLL,PELLETEADO,UNIDAD,AVLV2,PR-PLL-RSC-AVLV2,BTZ_Description_04,PR-PLL-LGC-PELLETEADO,PR-PLL-LGC-ROSCAS,PR-PLL-RSC-AVLV2,ROSCA ALIMENTACIÓN A VALVULA DOSIFICADORA Nº 2,PR-PLL-RSC-AVLV2,ROSCA ALIMENTACIÓN A VALVULA DOSIFICADORA Nº 2,UNIDAD_HOJA_BAJO_SUBSECTOR
PR,PLL,PELLETEADO,UNIDAD,SF01,PR-PLL-RSC-SF01,BTZ_Description_04,PR-PLL-LGC-PELLETEADO,PR-PLL-LGC-ROSCAS,PR-PLL-RSC-SF01,ROSCA SF-01,PR-PLL-RSC-SF01,ROSCA SF-01,UNIDAD_HOJA_BAJO_SUBSECTOR
PR,PLL,PELLETEADO,UNIDAD,SF02,PR-PLL-RSC-SF02,BTZ_Description_04,PR-PLL-LGC-PELLETEADO,PR-PLL-LGC-ROSCAS,PR-PLL-RSC-SF02,ROSCA SF-02,PR-PLL-RSC-SF02,ROSCA SF-02,UNIDAD_HOJA_BAJO_SUBSECTOR
PR,PLL,PELLETEADO,UNIDAD,SF03,PR-PLL-RSC-SF03,BTZ_Description_04,PR-PLL-LGC-PELLETEADO,PR-PLL-LGC-ROSCAS,PR-PLL-RSC-SF03,ROSCA SF-03,PR-PLL-RSC-SF03,ROSCA SF-03,UNIDAD_HOJA_BAJO_SUBSECTOR
PR,PLL,PELLETEADO,UNIDAD,SF04,PR-PLL-RSC-SF04,BTZ_Description_04,PR-PLL-LGC-PELLETEADO,PR-PLL-LGC-ROSCAS,PR-PLL-RSC-SF04,ROSCA SF-04,PR-PLL-RSC-SF04,ROSCA SF-04,UNIDAD_HOJA_BAJO_SUBSECTOR
PR,PLL,PELLETEADO,UNIDAD,SF12,PR-PLL-RSC-SF12,BTZ_Description_04,PR-PLL-LGC-PELLETEADO,PR-PLL-LGC-ROSCAS,PR-PLL-RSC-SF12,ROSCA SF-12,PR-PLL-RSC-SF12,ROSCA SF-12,UNIDAD_HOJA_BAJO_SUBSECTOR
PR,PLL,PELLETEADO,SUBSECTOR,QUEBRADOR DE PELLET QP-01,PR-PLL-LGC-QUEBRADOR DE PELLET QP-01,BTZ_Description_03,PR-PLL-LGC-PELLETEADO,PR-PLL-LGC-QUEBRADOR DE PELLET QP-01,,,PR-PLL-QBR-QP01,QUEBRADOR DE PELLET QP-01,SUBSECTOR_DESDE_HIJO_LGC_O_NODO_INTERMEDIO
PR,PLL,PELLETEADO,UNIDAD,AQP01,PR-PLL-ALM-AQP01,BTZ_Description_04,PR-PLL-LGC-PELLETEADO,PR-PLL-LGC-QUEBRADOR DE PELLET QP-01,PR-PLL-ALM-AQP01,ALIMENTADOR DE QUEBRADOR DE PELLET 1,PR-PLL-ALM-AQP01,ALIMENTADOR DE QUEBRADOR DE PELLET 1,UNIDAD_HOJA_BAJO_SUBSECTOR
PR,PLL,PELLETEADO,SUBSECTOR,GENERAL,PR-PLL-LGC-GENERAL,BTZ_Description_03,PR-PLL-LGC-PELLETEADO,PR-PLL-LGC-GENERAL,,,PR-PLL-LGC-PELLETEADO,SUBSECTOR SINTETICO PARA HOJAS DIRECTAS DEL SECTOR,SUBSECTOR_SINTETICO_GENERAL
PR,PLL,PELLETEADO,UNIDAD,LC3,PR-PLL-BMB-LC3,BTZ_Description_04,PR-PLL-LGC-PELLETEADO,PR-PLL-LGC-GENERAL,PR-PLL-BMB-LC3,BOMBA SISTEMA DE LUBRICACIÓN CENTRALIZADO,PR-PLL-BMB-LC3,BOMBA SISTEMA DE LUBRICACIÓN CENTRALIZADO,UNIDAD_HOJA_DIRECTA_BAJO_SECTOR
PR,PLL,PELLETEADO,UNIDAD,NP06,PR-PLL-NOR-NP06,BTZ_Description_04,PR-PLL-LGC-PELLETEADO,PR-PLL-LGC-GENERAL,PR-PLL-NOR-NP06,NORIA NP-06,PR-PLL-NOR-NP06,NORIA NP-06,UNIDAD_HOJA_DIRECTA_BAJO_SECTOR
PR,PLL,PELLETEADO,UNIDAD,SPLP,PR-PLL-SIS-SPLP,BTZ_Description_04,PR-PLL-LGC-PELLETEADO,PR-PLL-LGC-GENERAL,PR-PLL-SIS-SPLP,LINEA DE SOPLADO CASCARA PELLETERA,PR-PLL-SIS-SPLP,LINEA DE SOPLADO CASCARA PELLETERA,UNIDAD_HOJA_DIRECTA_BAJO_SECTOR
PR,PLL,PELLETEADO,UNIDAD,PLM01,PR-PLL-SLO-PLM01,BTZ_Description_04,PR-PLL-LGC-PELLETEADO,PR-PLL-LGC-GENERAL,PR-PLL-SLO-PLM01,SILO PULMON DE CASCARA 1,PR-PLL-SLO-PLM01,SILO PULMON DE CASCARA 1,UNIDAD_HOJA_DIRECTA_BAJO_SECTOR
PR,PLL,PELLETEADO,UNIDAD,SCA,PR-PLL-TLV-SCA,BTZ_Description_04,PR-PLL-LGC-PELLETEADO,PR-PLL-LGC-GENERAL,PR-PLL-TLV-SCA,TOLVA CASCARA PELLETERA,PR-PLL-TLV-SCA,TOLVA CASCARA PELLETERA,UNIDAD_HOJA_DIRECTA_BAJO_SECTOR
PR,ENR2,ENERGIA 2,SECTOR,ENERGIA 2,PR-ENR2-LGC-ENERGIA 2,BTZ_Description_02,PR-ENR2-LGC-ENERGIA 2,,,,PR-ENR2-LGC-ENERGIA 2,LOGICO ENERGIA 2,SECTOR_DESDE_RAIZ_PR
PR,ENR2,ENERGIA 2,SUBSECTOR,TURBINA FRANCO TOSI 5000 KW,PR-ENR2-LGC-TURBINA FRANCO TOSI 5000 KW,BTZ_Description_03,PR-ENR2-LGC-ENERGIA 2,PR-ENR2-LGC-TURBINA FRANCO TOSI 5000 KW,,,PR-ENR2-TRB-FTS,TURBINA FRANCO TOSI 5000 KW,SUBSECTOR_DESDE_HIJO_LGC_O_NODO_INTERMEDIO
PR,ENR2,ENERGIA 2,UNIDAD,ACA,PR-ENR2-BMB-ACA,BTZ_Description_04,PR-ENR2-LGC-ENERGIA 2,PR-ENR2-LGC-TURBINA FRANCO TOSI 5000 KW,PR-ENR2-BMB-ACA,BOMBA ACEITE AUXILIAR (C.A),PR-ENR2-BMB-ACA,BOMBA ACEITE AUXILIAR (C.A),UNIDAD_HOJA_BAJO_SUBSECTOR
PR,ENR2,ENERGIA 2,UNIDAD,ACC,PR-ENR2-BMB-ACC,BTZ_Description_04,PR-ENR2-LGC-ENERGIA 2,PR-ENR2-LGC-TURBINA FRANCO TOSI 5000 KW,PR-ENR2-BMB-ACC,BOMBA ACEITE AUXILIAR (C.C),PR-ENR2-BMB-ACC,BOMBA ACEITE AUXILIAR (C.C),UNIDAD_HOJA_BAJO_SUBSECTOR
PR,ENR2,ENERGIA 2,UNIDAD,ACT,PR-ENR2-BMB-ACT,BTZ_Description_04,PR-ENR2-LGC-ENERGIA 2,PR-ENR2-LGC-TURBINA FRANCO TOSI 5000 KW,PR-ENR2-BMB-ACT,BOMBA ACEITE Nº 2 <TURBO>,PR-ENR2-BMB-ACT,BOMBA ACEITE Nº 2 <TURBO>,UNIDAD_HOJA_BAJO_SUBSECTOR
PR,ENR2,ENERGIA 2,UNIDAD,CON1,PR-ENR2-BMB-CON1,BTZ_Description_04,PR-ENR2-LGC-ENERGIA 2,PR-ENR2-LGC-TURBINA FRANCO TOSI 5000 KW,PR-ENR2-BMB-CON1,BOMBA EXTR. CONDENS.Nº 1 <SUR>,PR-ENR2-BMB-CON1,BOMBA EXTR. CONDENS.Nº 1 <SUR>,UNIDAD_HOJA_BAJO_SUBSECTOR
PR,ENR2,ENERGIA 2,UNIDAD,CON2,PR-ENR2-BMB-CON2,BTZ_Description_04,PR-ENR2-LGC-ENERGIA 2,PR-ENR2-LGC-TURBINA FRANCO TOSI 5000 KW,PR-ENR2-BMB-CON2,BOMBA EXTR. CONDENS.Nº 2 <NOR>,PR-ENR2-BMB-CON2,BOMBA EXTR. CONDENS.Nº 2 <NOR>,UNIDAD_HOJA_BAJO_SUBSECTOR
PR,ENR2,ENERGIA 2,UNIDAD,VAC1,PR-ENR2-BMB-VAC1,BTZ_Description_04,PR-ENR2-LGC-ENERGIA 2,PR-ENR2-LGC-TURBINA FRANCO TOSI 5000 KW,PR-ENR2-BMB-VAC1,BOMBA DE VACIO 1 <SUR>,PR-ENR2-BMB-VAC1,BOMBA DE VACIO 1 <SUR>,UNIDAD_HOJA_BAJO_SUBSECTOR
PR,ENR2,ENERGIA 2,UNIDAD,VAC2,PR-ENR2-BMB-VAC2,BTZ_Description_04,PR-ENR2-LGC-ENERGIA 2,PR-ENR2-LGC-TURBINA FRANCO TOSI 5000 KW,PR-ENR2-BMB-VAC2,BOMBA DE VACIO 2 <NORTE>,PR-ENR2-BMB-VAC2,BOMBA DE VACIO 2 <NORTE>,UNIDAD_HOJA_BAJO_SUBSECTOR
PR,ENR2,ENERGIA 2,UNIDAD,TUR,PR-ENR2-CND-TUR,BTZ_Description_04,PR-ENR2-LGC-ENERGIA 2,PR-ENR2-LGC-TURBINA FRANCO TOSI 5000 KW,PR-ENR2-CND-TUR,CONDENSADOR DE TURBINA F. TOSI,PR-ENR2-CND-TUR,CONDENSADOR DE TURBINA F. TOSI,UNIDAD_HOJA_BAJO_SUBSECTOR
PR,ENR2,ENERGIA 2,UNIDAD,AIR,PR-ENR2-ENF-AIR,BTZ_Description_04,PR-ENR2-LGC-ENERGIA 2,PR-ENR2-LGC-TURBINA FRANCO TOSI 5000 KW,PR-ENR2-ENF-AIR,ENFRIADORES AIRE GENERADOR,PR-ENR2-ENF-AIR,ENFRIADORES AIRE GENERADOR,UNIDAD_HOJA_BAJO_SUBSECTOR
PR,ENR2,ENERGIA 2,UNIDAD,APL,PR-ENR2-ENF-APL,BTZ_Description_04,PR-ENR2-LGC-ENERGIA 2,PR-ENR2-LGC-TURBINA FRANCO TOSI 5000 KW,PR-ENR2-ENF-APL,ENFRIADOR ACEITE A PLACA,PR-ENR2-ENF-APL,ENFRIADOR ACEITE A PLACA,UNIDAD_HOJA_BAJO_SUBSECTOR
PR,ENR2,ENERGIA 2,UNIDAD,GEN,PR-ENR2-EXI-GEN,BTZ_Description_04,PR-ENR2-LGC-ENERGIA 2,PR-ENR2-LGC-TURBINA FRANCO TOSI 5000 KW,PR-ENR2-EXI-GEN,EXCITATRIZ DEL GENERADOR,PR-ENR2-EXI-GEN,EXCITATRIZ DEL GENERADOR,UNIDAD_HOJA_BAJO_SUBSECTOR
PR,ENR2,ENERGIA 2,UNIDAD,VAC,PR-ENR2-EYC-VAC,BTZ_Description_04,PR-ENR2-LGC-ENERGIA 2,PR-ENR2-LGC-TURBINA FRANCO TOSI 5000 KW,PR-ENR2-EYC-VAC,EYECTOR DE VACIO,PR-ENR2-EYC-VAC,EYECTOR DE VACIO,UNIDAD_HOJA_BAJO_SUBSECTOR
PR,ENR2,ENERGIA 2,UNIDAD,ACT,PR-ENR2-FLT-ACT,BTZ_Description_04,PR-ENR2-LGC-ENERGIA 2,PR-ENR2-LGC-TURBINA FRANCO TOSI 5000 KW,PR-ENR2-FLT-ACT,FILTRO DE ACEITE TURBINA FRANCO TOSI,PR-ENR2-FLT-ACT,FILTRO DE ACEITE TURBINA FRANCO TOSI,UNIDAD_HOJA_BAJO_SUBSECTOR
PR,ENR2,ENERGIA 2,UNIDAD,5285,PR-ENR2-GNR-5285,BTZ_Description_04,PR-ENR2-LGC-ENERGIA 2,PR-ENR2-LGC-TURBINA FRANCO TOSI 5000 KW,PR-ENR2-GNR-5285,GENERADOR MARELLI 5285 KWA,PR-ENR2-GNR-5285,GENERADOR MARELLI 5285 KWA,UNIDAD_HOJA_BAJO_SUBSECTOR
PR,ENR2,ENERGIA 2,UNIDAD,SE21TFT,PR-ENR2-VLV-SE21TFT,BTZ_Description_04,PR-ENR2-LGC-ENERGIA 2,PR-ENR2-LGC-TURBINA FRANCO TOSI 5000 KW,PR-ENR2-VLV-SE21TFT,VALVULA DE SEGURIDAD EXT. 21 FRANCO TOSI,PR-ENR2-VLV-SE21TFT,VALVULA DE SEGURIDAD EXT. 21 FRANCO TOSI,UNIDAD_HOJA_BAJO_SUBSECTOR
PR,ENR2,ENERGIA 2,UNIDAD,SE3.5TFT,PR-ENR2-VLV-SE3.5TFT,BTZ_Description_04,PR-ENR2-LGC-ENERGIA 2,PR-ENR2-LGC-TURBINA FRANCO TOSI 5000 KW,PR-ENR2-VLV-SE3.5TFT,VALVULA DE SEGURIDAD EXT. 3.5 FRANCO TOSI,PR-ENR2-VLV-SE3.5TFT,VALVULA DE SEGURIDAD EXT. 3.5 FRANCO TOSI,UNIDAD_HOJA_BAJO_SUBSECTOR
PR,ENR2,ENERGIA 2,UNIDAD,"VBE3,5","PR-ENR2-VLV-VBE3,5",BTZ_Description_04,PR-ENR2-LGC-ENERGIA 2,PR-ENR2-LGC-TURBINA FRANCO TOSI 5000 KW,"PR-ENR2-VLV-VBE3,5","VALVULA DE BLOQUEO EXTRACCION 3,5KG/CM2","PR-ENR2-VLV-VBE3,5","VALVULA DE BLOQUEO EXTRACCION 3,5KG/CM2",UNIDAD_HOJA_BAJO_SUBSECTOR
PR,ENR2,ENERGIA 2,UNIDAD,VBPFTFT,PR-ENR2-VLV-VBPFTFT,BTZ_Description_04,PR-ENR2-LGC-ENERGIA 2,PR-ENR2-LGC-TURBINA FRANCO TOSI 5000 KW,PR-ENR2-VLV-VBPFTFT,VALVULA DE BLOQUEO PUNTO FIJO TURBINA FRANCO TOSI,PR-ENR2-VLV-VBPFTFT,VALVULA DE BLOQUEO PUNTO FIJO TURBINA FRANCO TOSI,UNIDAD_HOJA_BAJO_SUBSECTOR
PR,ENR2,ENERGIA 2,UNIDAD,VBSGTFT,PR-ENR2-VLV-VBSGTFT,BTZ_Description_04,PR-ENR2-LGC-ENERGIA 2,PR-ENR2-LGC-TURBINA FRANCO TOSI 5000 KW,PR-ENR2-VLV-VBSGTFT,VALVULA DE BLOQUEO SEPARADOR DE GOTAS,PR-ENR2-VLV-VBSGTFT,VALVULA DE BLOQUEO SEPARADOR DE GOTAS,UNIDAD_HOJA_BAJO_SUBSECTOR
PR,ENR2,ENERGIA 2,SUBSECTOR,TORRE ENFR.SULZER Nº 3 <ESTE>,PR-ENR2-LGC-TORRE ENFR.SULZER Nº 3 <ESTE>,BTZ_Description_03,PR-ENR2-LGC-ENERGIA 2,PR-ENR2-LGC-TORRE ENFR.SULZER Nº 3 <ESTE>,,,PR-ENR2-TRR-ENF3,TORRE ENFR.SULZER Nº 3 <ESTE>,SUBSECTOR_DESDE_HIJO_LGC_O_NODO_INTERMEDIO
PR,ENR2,ENERGIA 2,UNIDAD,PURG,PR-ENR2-BMB-PURG,BTZ_Description_04,PR-ENR2-LGC-ENERGIA 2,PR-ENR2-LGC-TORRE ENFR.SULZER Nº 3 <ESTE>,PR-ENR2-BMB-PURG,BOMBA AUTOCEBANTE EGIA AC44 DE PURGA DE TORRES DE ENFRIAMIENTO,PR-ENR2-BMB-PURG,BOMBA AUTOCEBANTE EGIA AC44 DE PURGA DE TORRES DE ENFRIAMIENTO,UNIDAD_HOJA_BAJO_SUBSECTOR
PR,ENR2,ENERGIA 2,UNIDAD,REF1,PR-ENR2-BMB-REF1,BTZ_Description_04,PR-ENR2-LGC-ENERGIA 2,PR-ENR2-LGC-TORRE ENFR.SULZER Nº 3 <ESTE>,PR-ENR2-BMB-REF1,BOMBA DE REFRIGERACION Nº 1 <T.E.3> (E),PR-ENR2-BMB-REF1,BOMBA DE REFRIGERACION Nº 1 <T.E.3> (E),UNIDAD_HOJA_BAJO_SUBSECTOR
PR,ENR2,ENERGIA 2,UNIDAD,REF2,PR-ENR2-BMB-REF2,BTZ_Description_04,PR-ENR2-LGC-ENERGIA 2,PR-ENR2-LGC-TORRE ENFR.SULZER Nº 3 <ESTE>,PR-ENR2-BMB-REF2,BOMBA DE REFRIGERACION Nº 2 <T.E.3> (C),PR-ENR2-BMB-REF2,BOMBA DE REFRIGERACION Nº 2 <T.E.3> (C),UNIDAD_HOJA_BAJO_SUBSECTOR
PR,ENR2,ENERGIA 2,UNIDAD,REF3,PR-ENR2-BMB-REF3,BTZ_Description_04,PR-ENR2-LGC-ENERGIA 2,PR-ENR2-LGC-TORRE ENFR.SULZER Nº 3 <ESTE>,PR-ENR2-BMB-REF3,BOMBA DE REFRIGERACION Nº 3 <T.E.3> (O),PR-ENR2-BMB-REF3,BOMBA DE REFRIGERACION Nº 3 <T.E.3> (O),UNIDAD_HOJA_BAJO_SUBSECTOR
PR,ENR2,ENERGIA 2,UNIDAD,1TE3,PR-ENR2-VNT-1TE3,BTZ_Description_04,PR-ENR2-LGC-ENERGIA 2,PR-ENR2-LGC-TORRE ENFR.SULZER Nº 3 <ESTE>,PR-ENR2-VNT-1TE3,VENTILADOR Nº 1 <T.E.3> (E),PR-ENR2-VNT-1TE3,VENTILADOR Nº 1 <T.E.3> (E),UNIDAD_HOJA_BAJO_SUBSECTOR
PR,ENR2,ENERGIA 2,UNIDAD,2TE3,PR-ENR2-VNT-2TE3,BTZ_Description_04,PR-ENR2-LGC-ENERGIA 2,PR-ENR2-LGC-TORRE ENFR.SULZER Nº 3 <ESTE>,PR-ENR2-VNT-2TE3,VENTILADOR Nº 2 <T.E.3> (O),PR-ENR2-VNT-2TE3,VENTILADOR Nº 2 <T.E.3> (O),UNIDAD_HOJA_BAJO_SUBSECTOR
PR,ENR2,ENERGIA 2,SUBSECTOR,TORRE ENFR.SULZER Nº 4 <OESTE>,PR-ENR2-LGC-TORRE ENFR.SULZER Nº 4 <OESTE>,BTZ_Description_03,PR-ENR2-LGC-ENERGIA 2,PR-ENR2-LGC-TORRE ENFR.SULZER Nº 4 <OESTE>,,,PR-ENR2-TRR-ENF4,TORRE ENFR.SULZER Nº 4 <OESTE>,SUBSECTOR_DESDE_HIJO_LGC_O_NODO_INTERMEDIO
PR,ENR2,ENERGIA 2,UNIDAD,REF4,PR-ENR2-BMB-REF4,BTZ_Description_04,PR-ENR2-LGC-ENERGIA 2,PR-ENR2-LGC-TORRE ENFR.SULZER Nº 4 <OESTE>,PR-ENR2-BMB-REF4,BOMBA DE REFRIGERACION Nº 1 <T.E.4> (E),PR-ENR2-BMB-REF4,BOMBA DE REFRIGERACION Nº 1 <T.E.4> (E),UNIDAD_HOJA_BAJO_SUBSECTOR
PR,ENR2,ENERGIA 2,UNIDAD,REF5,PR-ENR2-BMB-REF5,BTZ_Description_04,PR-ENR2-LGC-ENERGIA 2,PR-ENR2-LGC-TORRE ENFR.SULZER Nº 4 <OESTE>,PR-ENR2-BMB-REF5,BOMBA DE REFRIGERACION Nº 2 <T.E.4> (O),PR-ENR2-BMB-REF5,BOMBA DE REFRIGERACION Nº 2 <T.E.4> (O),UNIDAD_HOJA_BAJO_SUBSECTOR
PR,ENR2,ENERGIA 2,UNIDAD,TE4,PR-ENR2-VNT-TE4,BTZ_Description_04,PR-ENR2-LGC-ENERGIA 2,PR-ENR2-LGC-TORRE ENFR.SULZER Nº 4 <OESTE>,PR-ENR2-VNT-TE4,VENTILADOR Nº 1 <T.E.4>,PR-ENR2-VNT-TE4,VENTILADOR Nº 1 <T.E.4>,UNIDAD_HOJA_BAJO_SUBSECTOR
PR,ENR2,ENERGIA 2,SUBSECTOR,GENERAL,PR-ENR2-LGC-GENERAL,BTZ_Description_03,PR-ENR2-LGC-ENERGIA 2,PR-ENR2-LGC-GENERAL,,,PR-ENR2-LGC-ENERGIA 2,SUBSECTOR SINTETICO PARA HOJAS DIRECTAS DEL SECTOR,SUBSECTOR_SINTETICO_GENERAL
PR,ENR2,ENERGIA 2,UNIDAD,MT6/6,PR-ENR2-CEL-MT6/6,BTZ_Description_04,PR-ENR2-LGC-ENERGIA 2,PR-ENR2-LGC-GENERAL,PR-ENR2-CEL-MT6/6,"CELDA DE MEDIA TENSION 6,6 KV.",PR-ENR2-CEL-MT6/6,"CELDA DE MEDIA TENSION 6,6 KV.",UNIDAD_HOJA_DIRECTA_BAJO_SECTOR
PR,ENR2,ENERGIA 2,UNIDAD,"13,2","PR-ENR2-SBE-13,2",BTZ_Description_04,PR-ENR2-LGC-ENERGIA 2,PR-ENR2-LGC-GENERAL,"PR-ENR2-SBE-13,2","SUBESTACION EPE 13,2 KV. SET 100","PR-ENR2-SBE-13,2","SUBESTACION EPE 13,2 KV. SET 100",UNIDAD_HOJA_DIRECTA_BAJO_SECTOR
PR,HRN,HARINA,SECTOR,HARINA,PR-HRN-LGC-HARINA,BTZ_Description_02,PR-HRN-LGC-HARINA,,,,PR-HRN-LGC-HARINA,LOGICO HARINA,SECTOR_DESDE_RAIZ_PR
PR,HRN,HARINA,SUBSECTOR,BATIDORAS HARINA,PR-HRN-LGC-BATIDORAS,BTZ_Description_03,PR-HRN-LGC-HARINA,PR-HRN-LGC-BATIDORAS,,,PR-HRN-LGC-BATIDORAS,LOGICO BATIDORAS HARINA,SUBSECTOR_DESDE_HIJO_LGC_O_NODO_INTERMEDIO
PR,HRN,HARINA,SUBSECTOR,MOLINOS HARINA,PR-HRN-LGC-MOLINOS,BTZ_Description_03,PR-HRN-LGC-HARINA,PR-HRN-LGC-MOLINOS,,,PR-HRN-LGC-MOLINOS,LOGICO MOLINOS HARINA,SUBSECTOR_DESDE_HIJO_LGC_O_NODO_INTERMEDIO
PR,HRN,HARINA,SUBSECTOR,REDLERS HARINA,PR-HRN-LGC-REDLERS,BTZ_Description_03,PR-HRN-LGC-HARINA,PR-HRN-LGC-REDLERS,,,PR-HRN-LGC-REDLERS,LOGICO REDLERS HARINA,SUBSECTOR_DESDE_HIJO_LGC_O_NODO_INTERMEDIO
PR,HRN,HARINA,UNIDAD,HS04,PR-HRN-RDL-HS04,BTZ_Description_04,PR-HRN-LGC-HARINA,PR-HRN-LGC-REDLERS,PR-HRN-RDL-HS04,REDLER HS-4 <A BAT-ZAR>,PR-HRN-RDL-HS04,REDLER HS-4 <A BAT-ZAR>,UNIDAD_HOJA_BAJO_SUBSECTOR
PR,HRN,HARINA,UNIDAD,HS06,PR-HRN-RDL-HS06,BTZ_Description_04,PR-HRN-LGC-HARINA,PR-HRN-LGC-REDLERS,PR-HRN-RDL-HS06,REDLER HS-6 <A NRA HS7> FINO,PR-HRN-RDL-HS06,REDLER HS-6 <A NRA HS7> FINO,UNIDAD_HOJA_BAJO_SUBSECTOR
PR,HRN,HARINA,SUBSECTOR,ROSCAS HARINA,PR-HRN-LGC-ROSCAS,BTZ_Description_03,PR-HRN-LGC-HARINA,PR-HRN-LGC-ROSCAS,,,PR-HRN-LGC-ROSCAS,LOGICO ROSCAS HARINA,SUBSECTOR_DESDE_HIJO_LGC_O_NODO_INTERMEDIO
PR,HRN,HARINA,UNIDAD,HS01,PR-HRN-RSC-HS01,BTZ_Description_04,PR-HRN-LGC-HARINA,PR-HRN-LGC-ROSCAS,PR-HRN-RSC-HS01,ROSCA HS-1 <A NRA. HS7>,PR-HRN-RSC-HS01,ROSCA HS-1 <A NRA. HS7>,UNIDAD_HOJA_BAJO_SUBSECTOR
PR,HRN,HARINA,UNIDAD,HS02,PR-HRN-RSC-HS02,BTZ_Description_04,PR-HRN-LGC-HARINA,PR-HRN-LGC-ROSCAS,PR-HRN-RSC-HS02,ROSCA HS-2 <A NRA. HS7>,PR-HRN-RSC-HS02,ROSCA HS-2 <A NRA. HS7>,UNIDAD_HOJA_BAJO_SUBSECTOR
PR,HRN,HARINA,UNIDAD,HS03,PR-HRN-RSC-HS03,BTZ_Description_04,PR-HRN-LGC-HARINA,PR-HRN-LGC-ROSCAS,PR-HRN-RSC-HS03,ROSCA HS-3 <A NRA. HS7> SAP,PR-HRN-RSC-HS03,ROSCA HS-3 <A NRA. HS7> SAP,UNIDAD_HOJA_BAJO_SUBSECTOR
PR,HRN,HARINA,UNIDAD,HS05,PR-HRN-RSC-HS05,BTZ_Description_04,PR-HRN-LGC-HARINA,PR-HRN-LGC-ROSCAS,PR-HRN-RSC-HS05,ROSCA HS-5 <A MOLINOS> GRUESO,PR-HRN-RSC-HS05,ROSCA HS-5 <A MOLINOS> GRUESO,UNIDAD_HOJA_BAJO_SUBSECTOR
PR,HRN,HARINA,UNIDAD,HS09,PR-HRN-RSC-HS09,BTZ_Description_04,PR-HRN-LGC-HARINA,PR-HRN-LGC-ROSCAS,PR-HRN-RSC-HS09,ROSCA HS-9 <A RSC-HS 5 Y 6>,PR-HRN-RSC-HS09,ROSCA HS-9 <A RSC-HS 5 Y 6>,UNIDAD_HOJA_BAJO_SUBSECTOR
PR,HRN,HARINA,UNIDAD,HS10,PR-HRN-RSC-HS10,BTZ_Description_04,PR-HRN-LGC-HARINA,PR-HRN-LGC-ROSCAS,PR-HRN-RSC-HS10,ROSCA HS-10 <A RSC-HS 5 Y 6>,PR-HRN-RSC-HS10,ROSCA HS-10 <A RSC-HS 5 Y 6>,UNIDAD_HOJA_BAJO_SUBSECTOR
PR,HRN,HARINA,UNIDAD,HS11,PR-HRN-RSC-HS11,BTZ_Description_04,PR-HRN-LGC-HARINA,PR-HRN-LGC-ROSCAS,PR-HRN-RSC-HS11,ROSCA HS-11 <A RSC-HS 5 Y 6>,PR-HRN-RSC-HS11,ROSCA HS-11 <A RSC-HS 5 Y 6>,UNIDAD_HOJA_BAJO_SUBSECTOR
PR,HRN,HARINA,SUBSECTOR,VENTILADORES HARINA,PR-HRN-LGC-VENTILADORES,BTZ_Description_03,PR-HRN-LGC-HARINA,PR-HRN-LGC-VENTILADORES,,,PR-HRN-LGC-VENTILADORES,LOGICO VENTILADORES HARINA,SUBSECTOR_DESDE_HIJO_LGC_O_NODO_INTERMEDIO
PR,HRN,HARINA,UNIDAD,AH01,PR-HRN-VNT-AH01,BTZ_Description_04,PR-HRN-LGC-HARINA,PR-HRN-LGC-VENTILADORES,PR-HRN-VNT-AH01,VENTILADOR AIREACION <NORTE>,PR-HRN-VNT-AH01,VENTILADOR AIREACION <NORTE>,UNIDAD_HOJA_BAJO_SUBSECTOR
PR,HRN,HARINA,UNIDAD,AH02,PR-HRN-VNT-AH02,BTZ_Description_04,PR-HRN-LGC-HARINA,PR-HRN-LGC-VENTILADORES,PR-HRN-VNT-AH02,VENTILADOR AIREACION <SUR>,PR-HRN-VNT-AH02,VENTILADOR AIREACION <SUR>,UNIDAD_HOJA_BAJO_SUBSECTOR
PR,HRN,HARINA,UNIDAD,AH03,PR-HRN-VNT-AH03,BTZ_Description_04,PR-HRN-LGC-HARINA,PR-HRN-LGC-VENTILADORES,PR-HRN-VNT-AH03,VENTILADOR AIREACION <CENTRAL>,PR-HRN-VNT-AH03,VENTILADOR AIREACION <CENTRAL>,UNIDAD_HOJA_BAJO_SUBSECTOR
PR,HRN,HARINA,SUBSECTOR,SAP SECCION 5 (FILTRO MANGA),PR-HRN-LGC-SAP SECCION 5 (FILTRO MANGA),BTZ_Description_03,PR-HRN-LGC-HARINA,PR-HRN-LGC-SAP SECCION 5 (FILTRO MANGA),,,PR-HRN-SAP-FMH,SAP SECCION 5 (FILTRO MANGA),SUBSECTOR_DESDE_HIJO_LGC_O_NODO_INTERMEDIO
PR,HRN,HARINA,UNIDAD,FMA,PR-HRN-VLV-FMA,BTZ_Description_04,PR-HRN-LGC-HARINA,PR-HRN-LGC-SAP SECCION 5 (FILTRO MANGA),PR-HRN-VLV-FMA,VALVULA DOSIFIC. FILTRO MANGA S.A.P.,PR-HRN-VLV-FMA,VALVULA DOSIFIC. FILTRO MANGA S.A.P.,UNIDAD_HOJA_BAJO_SUBSECTOR
PR,HRN,HARINA,UNIDAD,SAPH,PR-HRN-VLV-SAPH,BTZ_Description_04,PR-HRN-LGC-HARINA,PR-HRN-LGC-SAP SECCION 5 (FILTRO MANGA),PR-HRN-VLV-SAPH,VALVULA DOSIFIC. CICLON S.A.P.,PR-HRN-VLV-SAPH,VALVULA DOSIFIC. CICLON S.A.P.,UNIDAD_HOJA_BAJO_SUBSECTOR
PR,HRN,HARINA,UNIDAD,SAPH,PR-HRN-VNT-SAPH,BTZ_Description_04,PR-HRN-LGC-HARINA,PR-HRN-LGC-SAP SECCION 5 (FILTRO MANGA),PR-HRN-VNT-SAPH,VENTILADOR S.A.P. HARINA,PR-HRN-VNT-SAPH,VENTILADOR S.A.P. HARINA,UNIDAD_HOJA_BAJO_SUBSECTOR
PR,HRN,HARINA,SUBSECTOR,GENERAL,PR-HRN-LGC-GENERAL,BTZ_Description_03,PR-HRN-LGC-HARINA,PR-HRN-LGC-GENERAL,,,PR-HRN-LGC-HARINA,SUBSECTOR SINTETICO PARA HOJAS DIRECTAS DEL SECTOR,SUBSECTOR_SINTETICO_GENERAL
PR,HRN,HARINA,UNIDAD,LHRN,PR-HRN-LDV-LHRN,BTZ_Description_04,PR-HRN-LGC-HARINA,PR-HRN-LGC-GENERAL,PR-HRN-LDV-LHRN,LINEA DE VIDA SOBRE NAVE SECCION 5 <HARINA>,PR-HRN-LDV-LHRN,LINEA DE VIDA SOBRE NAVE SECCION 5 <HARINA>,UNIDAD_HOJA_DIRECTA_BAJO_SECTOR
PR,HRN,HARINA,UNIDAD,HS7,PR-HRN-NOR-HS7,BTZ_Description_04,PR-HRN-LGC-HARINA,PR-HRN-LGC-GENERAL,PR-HRN-NOR-HS7,NORIA HS-7 <A RDL 10 C Ó 1 D>,PR-HRN-NOR-HS7,NORIA HS-7 <A RDL 10 C Ó 1 D>,UNIDAD_HOJA_DIRECTA_BAJO_SECTOR
PR,LCTS,LECITINA SOJA,SECTOR,LECITINA SOJA,PR-LCTS-LGC-LECITINA SOJA,BTZ_Description_02,PR-LCTS-LGC-LECITINA SOJA,,,,PR-LCTS-LGC-LECITINA SOJA,LOGICO LECITINA SOJA,SECTOR_DESDE_RAIZ_PR
PR,LCTS,LECITINA SOJA,SUBSECTOR,EVAPORADOR SECADOR LECITINA 02,PR-LCTS-LGC-EVAPORADOR SECADOR LECITINA 02,BTZ_Description_03,PR-LCTS-LGC-LECITINA SOJA,PR-LCTS-LGC-EVAPORADOR SECADOR LECITINA 02,,,PR-LCTS-EVP-SEL02,EVAPORADOR SECADOR LECITINA 02,SUBSECTOR_DESDE_HIJO_LGC_O_NODO_INTERMEDIO
PR,LCTS,LECITINA SOJA,UNIDAD,LCT,PR-LCTS-VLV-SVEV-LCT,BTZ_Description_04,PR-LCTS-LGC-LECITINA SOJA,PR-LCTS-LGC-EVAPORADOR SECADOR LECITINA 02,PR-LCTS-VLV-SVEV-LCT,VALVULA DE SEGURIDAD EVAPORADOR DE LECITINA,PR-LCTS-VLV-SVEV-LCT,VALVULA DE SEGURIDAD EVAPORADOR DE LECITINA,UNIDAD_HOJA_BAJO_SUBSECTOR
PR,LCTS,LECITINA SOJA,SUBSECTOR,BOMBAS,PR-LCTS-LGC-BOMBAS,BTZ_Description_03,PR-LCTS-LGC-LECITINA SOJA,PR-LCTS-LGC-BOMBAS,,,PR-LCTS-LGC-BOMBAS,LOGICO BOMBAS,SUBSECTOR_DESDE_HIJO_LGC_O_NODO_INTERMEDIO
PR,LCTS,LECITINA SOJA,UNIDAD,B01,PR-LCTS-BMB-B01,BTZ_Description_04,PR-LCTS-LGC-LECITINA SOJA,PR-LCTS-LGC-BOMBAS,PR-LCTS-BMB-B01,BOMBA A ENGRANAJE 01,PR-LCTS-BMB-B01,BOMBA A ENGRANAJE 01,UNIDAD_HOJA_BAJO_SUBSECTOR
PR,LCTS,LECITINA SOJA,UNIDAD,B02,PR-LCTS-BMB-B02,BTZ_Description_04,PR-LCTS-LGC-LECITINA SOJA,PR-LCTS-LGC-BOMBAS,PR-LCTS-BMB-B02,BOMBA A ENGRANAJE 02,PR-LCTS-BMB-B02,BOMBA A ENGRANAJE 02,UNIDAD_HOJA_BAJO_SUBSECTOR
PR,LCTS,LECITINA SOJA,UNIDAD,B03,PR-LCTS-BMB-B03,BTZ_Description_04,PR-LCTS-LGC-LECITINA SOJA,PR-LCTS-LGC-BOMBAS,PR-LCTS-BMB-B03,BOMBA A ENGRANAJE 03,PR-LCTS-BMB-B03,BOMBA A ENGRANAJE 03,UNIDAD_HOJA_BAJO_SUBSECTOR
PR,LCTS,LECITINA SOJA,UNIDAD,B04,PR-LCTS-BMB-B04,BTZ_Description_04,PR-LCTS-LGC-LECITINA SOJA,PR-LCTS-LGC-BOMBAS,PR-LCTS-BMB-B04,BOMBA CENTRIFUGA 04,PR-LCTS-BMB-B04,BOMBA CENTRIFUGA 04,UNIDAD_HOJA_BAJO_SUBSECTOR
PR,LCTS,LECITINA SOJA,UNIDAD,B05,PR-LCTS-BMB-B05,BTZ_Description_04,PR-LCTS-LGC-LECITINA SOJA,PR-LCTS-LGC-BOMBAS,PR-LCTS-BMB-B05,BOMBA CENTRIFUGA 05,PR-LCTS-BMB-B05,BOMBA CENTRIFUGA 05,UNIDAD_HOJA_BAJO_SUBSECTOR
PR,LCTS,LECITINA SOJA,UNIDAD,B06,PR-LCTS-BMB-B06,BTZ_Description_04,PR-LCTS-LGC-LECITINA SOJA,PR-LCTS-LGC-BOMBAS,PR-LCTS-BMB-B06,BOMBA A ENGRANAJE 06 (S),PR-LCTS-BMB-B06,BOMBA A ENGRANAJE 06 (S),UNIDAD_HOJA_BAJO_SUBSECTOR
PR,LCTS,LECITINA SOJA,UNIDAD,B07,PR-LCTS-BMB-B07,BTZ_Description_04,PR-LCTS-LGC-LECITINA SOJA,PR-LCTS-LGC-BOMBAS,PR-LCTS-BMB-B07,BOMBA A ENGRANAJE 07 (N),PR-LCTS-BMB-B07,BOMBA A ENGRANAJE 07 (N),UNIDAD_HOJA_BAJO_SUBSECTOR
PR,LCTS,LECITINA SOJA,UNIDAD,B08,PR-LCTS-BMB-B08,BTZ_Description_04,PR-LCTS-LGC-LECITINA SOJA,PR-LCTS-LGC-BOMBAS,PR-LCTS-BMB-B08,BOMBA A ENGRANAJE 08,PR-LCTS-BMB-B08,BOMBA A ENGRANAJE 08,UNIDAD_HOJA_BAJO_SUBSECTOR
PR,LCTS,LECITINA SOJA,UNIDAD,B09,PR-LCTS-BMB-B09,BTZ_Description_04,PR-LCTS-LGC-LECITINA SOJA,PR-LCTS-LGC-BOMBAS,PR-LCTS-BMB-B09,BOMBA CENTR. 09,PR-LCTS-BMB-B09,BOMBA CENTR. 09,UNIDAD_HOJA_BAJO_SUBSECTOR
PR,LCTS,LECITINA SOJA,UNIDAD,B10,PR-LCTS-BMB-B10,BTZ_Description_04,PR-LCTS-LGC-LECITINA SOJA,PR-LCTS-LGC-BOMBAS,PR-LCTS-BMB-B10,BOMBA A ENGRANAJE 10,PR-LCTS-BMB-B10,BOMBA A ENGRANAJE 10,UNIDAD_HOJA_BAJO_SUBSECTOR
PR,LCTS,LECITINA SOJA,UNIDAD,B12,PR-LCTS-BMB-B12,BTZ_Description_04,PR-LCTS-LGC-LECITINA SOJA,PR-LCTS-LGC-BOMBAS,PR-LCTS-BMB-B12,BOMBA A ENGRANAJE 12,PR-LCTS-BMB-B12,BOMBA A ENGRANAJE 12,UNIDAD_HOJA_BAJO_SUBSECTOR
PR,LCTS,LECITINA SOJA,UNIDAD,B13,PR-LCTS-BMB-B13,BTZ_Description_04,PR-LCTS-LGC-LECITINA SOJA,PR-LCTS-LGC-BOMBAS,PR-LCTS-BMB-B13,BOMBA A DIAFRAGMA 13,PR-LCTS-BMB-B13,BOMBA A DIAFRAGMA 13,UNIDAD_HOJA_BAJO_SUBSECTOR
PR,LCTS,LECITINA SOJA,UNIDAD,B14,PR-LCTS-BMB-B14,BTZ_Description_04,PR-LCTS-LGC-LECITINA SOJA,PR-LCTS-LGC-BOMBAS,PR-LCTS-BMB-B14,BOMBA A DIAFRAGMA 14,PR-LCTS-BMB-B14,BOMBA A DIAFRAGMA 14,UNIDAD_HOJA_BAJO_SUBSECTOR
PR,LCTS,LECITINA SOJA,UNIDAD,B15,PR-LCTS-BMB-B15,BTZ_Description_04,PR-LCTS-LGC-LECITINA SOJA,PR-LCTS-LGC-BOMBAS,PR-LCTS-BMB-B15,BOMBA A DIAFRAGMA 15,PR-LCTS-BMB-B15,BOMBA A DIAFRAGMA 15,UNIDAD_HOJA_BAJO_SUBSECTOR
PR,LCTS,LECITINA SOJA,SUBSECTOR,TANQUES,PR-LCTS-LGC-TANQUES,BTZ_Description_03,PR-LCTS-LGC-LECITINA SOJA,PR-LCTS-LGC-TANQUES,,,PR-LCTS-LGC-TANQUES,LOGICO TANQUES,SUBSECTOR_DESDE_HIJO_LGC_O_NODO_INTERMEDIO
PR,LCTS,LECITINA SOJA,UNIDAD,DEL1,PR-LCTS-TNQ-DEL1,BTZ_Description_04,PR-LCTS-LGC-LECITINA SOJA,PR-LCTS-LGC-TANQUES,PR-LCTS-TNQ-DEL1,TANQUE DEPOSITO DE LECITINA 1 <N>,PR-LCTS-TNQ-DEL1,TANQUE DEPOSITO DE LECITINA 1 <N>,UNIDAD_HOJA_BAJO_SUBSECTOR
PR,LCTS,LECITINA SOJA,UNIDAD,DEL2,PR-LCTS-TNQ-DEL2,BTZ_Description_04,PR-LCTS-LGC-LECITINA SOJA,PR-LCTS-LGC-TANQUES,PR-LCTS-TNQ-DEL2,TANQUE DEPOSITO DE LECITINA 2 <S>,PR-LCTS-TNQ-DEL2,TANQUE DEPOSITO DE LECITINA 2 <S>,UNIDAD_HOJA_BAJO_SUBSECTOR
PR,LCTS,LECITINA SOJA,UNIDAD,DEL3,PR-LCTS-TNQ-DEL3,BTZ_Description_04,PR-LCTS-LGC-LECITINA SOJA,PR-LCTS-LGC-TANQUES,PR-LCTS-TNQ-DEL3,TANQUE DEPOSITO DE LECITINA DIARIO,PR-LCTS-TNQ-DEL3,TANQUE DEPOSITO DE LECITINA DIARIO,UNIDAD_HOJA_BAJO_SUBSECTOR
PR,LCTS,LECITINA SOJA,SUBSECTOR,TORRE ENFRIAMIENTO 1 <NORTE> E-1,PR-LCTS-LGC-TORRE ENFRIAMIENTO 1 <NORTE> E-1,BTZ_Description_03,PR-LCTS-LGC-LECITINA SOJA,PR-LCTS-LGC-TORRE ENFRIAMIENTO 1 <NORTE> E-1,,,PR-LCTS-TRR-DEL1,TORRE ENFRIAMIENTO 1 <NORTE> E-1,SUBSECTOR_DESDE_HIJO_LGC_O_NODO_INTERMEDIO
PR,LCTS,LECITINA SOJA,UNIDAD,1TEL,PR-LCTS-VNT-1TEL,BTZ_Description_04,PR-LCTS-LGC-LECITINA SOJA,PR-LCTS-LGC-TORRE ENFRIAMIENTO 1 <NORTE> E-1,PR-LCTS-VNT-1TEL,VENTILADOR 01 <T. ENFR. 1>,PR-LCTS-VNT-1TEL,VENTILADOR 01 <T. ENFR. 1>,UNIDAD_HOJA_BAJO_SUBSECTOR
PR,LCTS,LECITINA SOJA,SUBSECTOR,TORRE ENFRIAMIENTO 2 <SUR> E-1,PR-LCTS-LGC-TORRE ENFRIAMIENTO 2 <SUR> E-1,BTZ_Description_03,PR-LCTS-LGC-LECITINA SOJA,PR-LCTS-LGC-TORRE ENFRIAMIENTO 2 <SUR> E-1,,,PR-LCTS-TRR-DEL2,TORRE ENFRIAMIENTO 2 <SUR> E-1,SUBSECTOR_DESDE_HIJO_LGC_O_NODO_INTERMEDIO
PR,LCTS,LECITINA SOJA,UNIDAD,2TEL,PR-LCTS-VNT-2TEL,BTZ_Description_04,PR-LCTS-LGC-LECITINA SOJA,PR-LCTS-LGC-TORRE ENFRIAMIENTO 2 <SUR> E-1,PR-LCTS-VNT-2TEL,VENTILADOR 02 <T. ENFR. 2>,PR-LCTS-VNT-2TEL,VENTILADOR 02 <T. ENFR. 2>,UNIDAD_HOJA_BAJO_SUBSECTOR
PR,LCTS,LECITINA SOJA,SUBSECTOR,GENERAL,PR-LCTS-LGC-GENERAL,BTZ_Description_03,PR-LCTS-LGC-LECITINA SOJA,PR-LCTS-LGC-GENERAL,,,PR-LCTS-LGC-LECITINA SOJA,SUBSECTOR SINTETICO PARA HOJAS DIRECTAS DEL SECTOR,SUBSECTOR_SINTETICO_GENERAL
PR,LCTS,LECITINA SOJA,UNIDAD,CLT01,PR-LCTS-CLT-CLT01,BTZ_Description_04,PR-LCTS-LGC-LECITINA SOJA,PR-LCTS-LGC-GENERAL,PR-LCTS-CLT-CLT01,CALENTADOR LECITINA <A EVAPORADOR>,PR-LCTS-CLT-CLT01,CALENTADOR LECITINA <A EVAPORADOR>,UNIDAD_HOJA_DIRECTA_BAJO_SECTOR
PR,LCTS,LECITINA SOJA,UNIDAD,VTT01,PR-LCTS-ENF-VTT01,BTZ_Description_04,PR-LCTS-LGC-LECITINA SOJA,PR-LCTS-LGC-GENERAL,PR-LCTS-ENF-VTT01,ENFRIADOR-VOTATOR 01,PR-LCTS-ENF-VTT01,ENFRIADOR-VOTATOR 01,UNIDAD_HOJA_DIRECTA_BAJO_SECTOR
PR,LCTS,LECITINA SOJA,UNIDAD,VCO,PR-LCTS-EQP-VCO,BTZ_Description_04,PR-LCTS-LGC-LECITINA SOJA,PR-LCTS-LGC-GENERAL,PR-LCTS-EQP-VCO,EQUIPO DE VACIO LECITINA,PR-LCTS-EQP-VCO,EQUIPO DE VACIO LECITINA,UNIDAD_HOJA_DIRECTA_BAJO_SECTOR
PR,LCTS,LECITINA SOJA,UNIDAD,I503,PR-LCTS-HDR-I503,BTZ_Description_04,PR-LCTS-LGC-LECITINA SOJA,PR-LCTS-LGC-GENERAL,PR-LCTS-HDR-I503,HIDRATADOR DE MUSILAGOS I-503,PR-LCTS-HDR-I503,HIDRATADOR DE MUSILAGOS I-503,UNIDAD_HOJA_DIRECTA_BAJO_SECTOR
PR,TLLOC,TALLER OBRA CIVIL,SECTOR,TALLER OBRA CIVIL,PR-TLLOC-LGC-TALLER OBRA CIVIL,BTZ_Description_02,PR-TLLOC-LGC-TALLER OBRA CIVIL,,,,PR-TLLOC-LGC-TALLER OBRA CIVIL,LOGICO TALLER OBRA CIVIL,SECTOR_DESDE_RAIZ_PR
PR,TLLOC,TALLER OBRA CIVIL,SUBSECTOR,GENERAL,PR-TLLOC-LGC-GENERAL,BTZ_Description_03,PR-TLLOC-LGC-TALLER OBRA CIVIL,PR-TLLOC-LGC-GENERAL,,,PR-TLLOC-LGC-TALLER OBRA CIVIL,SUBSECTOR SINTETICO PARA HOJAS DIRECTAS DEL SECTOR,SUBSECTOR_SINTETICO_GENERAL
PR,TLLOC,TALLER OBRA CIVIL,UNIDAD,CAR1,PR-TLLOC-ACP-CAR1,BTZ_Description_04,PR-TLLOC-LGC-TALLER OBRA CIVIL,PR-TLLOC-LGC-GENERAL,PR-TLLOC-ACP-CAR1,ACOPLADO CARRO N§1,PR-TLLOC-ACP-CAR1,ACOPLADO CARRO N§1,UNIDAD_HOJA_DIRECTA_BAJO_SECTOR
PR,TLLOC,TALLER OBRA CIVIL,UNIDAD,CAR2,PR-TLLOC-ACP-CAR2,BTZ_Description_04,PR-TLLOC-LGC-TALLER OBRA CIVIL,PR-TLLOC-LGC-GENERAL,PR-TLLOC-ACP-CAR2,ACOPLADO CARRO Nº 2,PR-TLLOC-ACP-CAR2,ACOPLADO CARRO Nº 2,UNIDAD_HOJA_DIRECTA_BAJO_SECTOR
PR,TLLOC,TALLER OBRA CIVIL,UNIDAD,CAR3,PR-TLLOC-ACP-CAR3,BTZ_Description_04,PR-TLLOC-LGC-TALLER OBRA CIVIL,PR-TLLOC-LGC-GENERAL,PR-TLLOC-ACP-CAR3,ACOPLADO CARRO N§3,PR-TLLOC-ACP-CAR3,ACOPLADO CARRO N§3,UNIDAD_HOJA_DIRECTA_BAJO_SECTOR
PR,TLLOC,TALLER OBRA CIVIL,UNIDAD,CAR4,PR-TLLOC-ACP-CAR4,BTZ_Description_04,PR-TLLOC-LGC-TALLER OBRA CIVIL,PR-TLLOC-LGC-GENERAL,PR-TLLOC-ACP-CAR4,ACOPLADO CARRO N§4,PR-TLLOC-ACP-CAR4,ACOPLADO CARRO N§4,UNIDAD_HOJA_DIRECTA_BAJO_SECTOR
PR,TLLOC,TALLER OBRA CIVIL,UNIDAD,TOLH1,PR-TLLOC-ACP-TOLH1,BTZ_Description_04,PR-TLLOC-LGC-TALLER OBRA CIVIL,PR-TLLOC-LGC-GENERAL,PR-TLLOC-ACP-TOLH1,ACOPLADO-TOLVA HIDRAULICA 1,PR-TLLOC-ACP-TOLH1,ACOPLADO-TOLVA HIDRAULICA 1,UNIDAD_HOJA_DIRECTA_BAJO_SECTOR
PR,TLLOC,TALLER OBRA CIVIL,UNIDAD,TOC,PR-TLLOC-AML-TOC,BTZ_Description_04,PR-TLLOC-LGC-TALLER OBRA CIVIL,PR-TLLOC-LGC-GENERAL,PR-TLLOC-AML-TOC,AMOLADORA MANUAL BOCH DE 3 CV,PR-TLLOC-AML-TOC,AMOLADORA MANUAL BOCH DE 3 CV,UNIDAD_HOJA_DIRECTA_BAJO_SECTOR
PR,TLLOC,TALLER OBRA CIVIL,UNIDAD,BIC,PR-TLLOC-BRR-BIC,BTZ_Description_04,PR-TLLOC-LGC-TALLER OBRA CIVIL,PR-TLLOC-LGC-GENERAL,PR-TLLOC-BRR-BIC,BARREDORA MECANICA BDA 150,PR-TLLOC-BRR-BIC,BARREDORA MECANICA BDA 150,UNIDAD_HOJA_DIRECTA_BAJO_SECTOR
PR,TLLOC,TALLER OBRA CIVIL,UNIDAD,URVIG,PR-TLLOC-BRR-URVIG,BTZ_Description_04,PR-TLLOC-LGC-TALLER OBRA CIVIL,PR-TLLOC-LGC-GENERAL,PR-TLLOC-BRR-URVIG,BARREDORA MECANICA XAC 900 FB2,PR-TLLOC-BRR-URVIG,BARREDORA MECANICA XAC 900 FB2,UNIDAD_HOJA_DIRECTA_BAJO_SECTOR
PR,TLLOC,TALLER OBRA CIVIL,UNIDAD,AER1,PR-TLLOC-CHP-AER1,BTZ_Description_04,PR-TLLOC-LGC-TALLER OBRA CIVIL,PR-TLLOC-LGC-GENERAL,PR-TLLOC-CHP-AER1,CHUPADOR AEROMECANICA Nº 1,PR-TLLOC-CHP-AER1,CHUPADOR AEROMECANICA Nº 1,UNIDAD_HOJA_DIRECTA_BAJO_SECTOR
PR,TLLOC,TALLER OBRA CIVIL,UNIDAD,AER2,PR-TLLOC-CHP-AER2,BTZ_Description_04,PR-TLLOC-LGC-TALLER OBRA CIVIL,PR-TLLOC-LGC-GENERAL,PR-TLLOC-CHP-AER2,CHUPADOR AEROMECANICA Nº 2,PR-TLLOC-CHP-AER2,CHUPADOR AEROMECANICA Nº 2,UNIDAD_HOJA_DIRECTA_BAJO_SECTOR
PR,TLLOC,TALLER OBRA CIVIL,UNIDAD,POL,PR-TLLOC-CRR-POL,BTZ_Description_04,PR-TLLOC-LGC-TALLER OBRA CIVIL,PR-TLLOC-LGC-GENERAL,PR-TLLOC-CRR-POL,CARRO COLECTOR DE POLVILLO,PR-TLLOC-CRR-POL,CARRO COLECTOR DE POLVILLO,UNIDAD_HOJA_DIRECTA_BAJO_SECTOR
PR,TLLOC,TALLER OBRA CIVIL,UNIDAD,JAB1500,PR-TLLOC-DSM-JAB1500,BTZ_Description_04,PR-TLLOC-LGC-TALLER OBRA CIVIL,PR-TLLOC-LGC-GENERAL,PR-TLLOC-DSM-JAB1500,DESMALEZADORA PARA TRACTOR DE 3 PUNTOS GRASS CUTTER JAB 1500,PR-TLLOC-DSM-JAB1500,DESMALEZADORA PARA TRACTOR DE 3 PUNTOS GRASS CUTTER JAB 1500,UNIDAD_HOJA_DIRECTA_BAJO_SECTOR
PR,TLLOC,TALLER OBRA CIVIL,UNIDAD,FT200,PR-TLLOC-HDL-FT200,BTZ_Description_04,PR-TLLOC-LGC-TALLER OBRA CIVIL,PR-TLLOC-LGC-GENERAL,PR-TLLOC-HDL-FT200,HIDROLAVADORA CRISTANINI FT200,PR-TLLOC-HDL-FT200,HIDROLAVADORA CRISTANINI FT200,UNIDAD_HOJA_DIRECTA_BAJO_SECTOR
PR,TLLOC,TALLER OBRA CIVIL,UNIDAD,45,PR-TLLOC-HDL-HD10/21-45,BTZ_Description_04,PR-TLLOC-LGC-TALLER OBRA CIVIL,PR-TLLOC-LGC-GENERAL,PR-TLLOC-HDL-HD10/21-45,HIDROLAVADORA KARCHER PROFESSIONAL HD 10/21-45,PR-TLLOC-HDL-HD10/21-45,HIDROLAVADORA KARCHER PROFESSIONAL HD 10/21-45,UNIDAD_HOJA_DIRECTA_BAJO_SECTOR
PR,TLLOC,TALLER OBRA CIVIL,UNIDAD,T200,PR-TLLOC-HDL-T200,BTZ_Description_04,PR-TLLOC-LGC-TALLER OBRA CIVIL,PR-TLLOC-LGC-GENERAL,PR-TLLOC-HDL-T200,HIDROLAVADORA 200 T FUTURA S,PR-TLLOC-HDL-T200,HIDROLAVADORA 200 T FUTURA S,UNIDAD_HOJA_DIRECTA_BAJO_SECTOR
PR,TLLOC,TALLER OBRA CIVIL,UNIDAD,CAR2,PR-TLLOC-RTR-CAR2,BTZ_Description_04,PR-TLLOC-LGC-TALLER OBRA CIVIL,PR-TLLOC-LGC-GENERAL,PR-TLLOC-RTR-CAR2,RETROEXCAVADOR CASE 580M Nº 2,PR-TLLOC-RTR-CAR2,RETROEXCAVADOR CASE 580M Nº 2,UNIDAD_HOJA_DIRECTA_BAJO_SECTOR
PR,TLLOC,TALLER OBRA CIVIL,UNIDAD,TOC,PR-TLLOC-SRR-TOC,BTZ_Description_04,PR-TLLOC-LGC-TALLER OBRA CIVIL,PR-TLLOC-LGC-GENERAL,PR-TLLOC-SRR-TOC,SIERRA CIRCULAR P/CARPINTERO,PR-TLLOC-SRR-TOC,SIERRA CIRCULAR P/CARPINTERO,UNIDAD_HOJA_DIRECTA_BAJO_SECTOR
PR,TLLOC,TALLER OBRA CIVIL,UNIDAD,MAN,PR-TLLOC-TLD-MAN,BTZ_Description_04,PR-TLLOC-LGC-TALLER OBRA CIVIL,PR-TLLOC-LGC-GENERAL,PR-TLLOC-TLD-MAN,TALADRO DE MANO HITACHI,PR-TLLOC-TLD-MAN,TALADRO DE MANO HITACHI,UNIDAD_HOJA_DIRECTA_BAJO_SECTOR
PR,TLLOC,TALLER OBRA CIVIL,UNIDAD,ATM1,PR-TLLOC-TNQ-ATM1,BTZ_Description_04,PR-TLLOC-LGC-TALLER OBRA CIVIL,PR-TLLOC-LGC-GENERAL,PR-TLLOC-TNQ-ATM1,TANQUE ATMOSFERICO 1 (GRANDE),PR-TLLOC-TNQ-ATM1,TANQUE ATMOSFERICO 1 (GRANDE),UNIDAD_HOJA_DIRECTA_BAJO_SECTOR
PR,TLLOC,TALLER OBRA CIVIL,UNIDAD,ATM2,PR-TLLOC-TNQ-ATM2,BTZ_Description_04,PR-TLLOC-LGC-TALLER OBRA CIVIL,PR-TLLOC-LGC-GENERAL,PR-TLLOC-TNQ-ATM2,TANQUE ATMOSFERICO 2 (CHICO),PR-TLLOC-TNQ-ATM2,TANQUE ATMOSFERICO 2 (CHICO),UNIDAD_HOJA_DIRECTA_BAJO_SECTOR
PR,TLLOC,TALLER OBRA CIVIL,UNIDAD,RGD1,PR-TLLOC-TNQ-RGD1,BTZ_Description_04,PR-TLLOC-LGC-TALLER OBRA CIVIL,PR-TLLOC-LGC-GENERAL,PR-TLLOC-TNQ-RGD1,TANQUE REGADOR 1,PR-TLLOC-TNQ-RGD1,TANQUE REGADOR 1,UNIDAD_HOJA_DIRECTA_BAJO_SECTOR
PR,TLLOC,TALLER OBRA CIVIL,UNIDAD,DEU1,PR-TLLOC-TRC-DEU1,BTZ_Description_04,PR-TLLOC-LGC-TALLER OBRA CIVIL,PR-TLLOC-LGC-GENERAL,PR-TLLOC-TRC-DEU1,TRACTOR DEUTZ A-65 Nº 1,PR-TLLOC-TRC-DEU1,TRACTOR DEUTZ A-65 Nº 1,UNIDAD_HOJA_DIRECTA_BAJO_SECTOR
PR,TLLOC,TALLER OBRA CIVIL,UNIDAD,DEU2,PR-TLLOC-TRC-DEU2,BTZ_Description_04,PR-TLLOC-LGC-TALLER OBRA CIVIL,PR-TLLOC-LGC-GENERAL,PR-TLLOC-TRC-DEU2,TRACTOR DEUTZ A-65 Nº 2,PR-TLLOC-TRC-DEU2,TRACTOR DEUTZ A-65 Nº 2,UNIDAD_HOJA_DIRECTA_BAJO_SECTOR
PR,TLLOC,TALLER OBRA CIVIL,UNIDAD,MF2640,PR-TLLOC-TRC-MF2640,BTZ_Description_04,PR-TLLOC-LGC-TALLER OBRA CIVIL,PR-TLLOC-LGC-GENERAL,PR-TLLOC-TRC-MF2640,TRACTOR MASSEY FERGUSON 2640 2WD,PR-TLLOC-TRC-MF2640,TRACTOR MASSEY FERGUSON 2640 2WD,UNIDAD_HOJA_DIRECTA_BAJO_SECTOR
PR,TLLOC,TALLER OBRA CIVIL,UNIDAD,MF4283,PR-TLLOC-TRC-MF4283,BTZ_Description_04,PR-TLLOC-LGC-TALLER OBRA CIVIL,PR-TLLOC-LGC-GENERAL,PR-TLLOC-TRC-MF4283,TRACTOR MASSEY FERGUSON 4283,PR-TLLOC-TRC-MF4283,TRACTOR MASSEY FERGUSON 4283,UNIDAD_HOJA_DIRECTA_BAJO_SECTOR
PR,TLLOC,TALLER OBRA CIVIL,UNIDAD,ZAN3,PR-TLLOC-TRC-ZAN3,BTZ_Description_04,PR-TLLOC-LGC-TALLER OBRA CIVIL,PR-TLLOC-LGC-GENERAL,PR-TLLOC-TRC-ZAN3,TRACTOR ZANELLO UP-10 Nº 3,PR-TLLOC-TRC-ZAN3,TRACTOR ZANELLO UP-10 Nº 3,UNIDAD_HOJA_DIRECTA_BAJO_SECTOR
PR,TLLOC,TALLER OBRA CIVIL,UNIDAD,ZAN500,PR-TLLOC-TRC-ZAN500,BTZ_Description_04,PR-TLLOC-LGC-TALLER OBRA CIVIL,PR-TLLOC-LGC-GENERAL,PR-TLLOC-TRC-ZAN500,TRACTOR ZANELLO C-500 Nº 4,PR-TLLOC-TRC-ZAN500,TRACTOR ZANELLO C-500 Nº 4,UNIDAD_HOJA_DIRECTA_BAJO_SECTOR
PR,TLLOC,TALLER OBRA CIVIL,UNIDAD,AXI01,PR-TLLOC-VNT-AXI01,BTZ_Description_04,PR-TLLOC-LGC-TALLER OBRA CIVIL,PR-TLLOC-LGC-GENERAL,PR-TLLOC-VNT-AXI01,VENTILADOR DE 350MM AXIAL,PR-TLLOC-VNT-AXI01,VENTILADOR DE 350MM AXIAL,UNIDAD_HOJA_DIRECTA_BAJO_SECTOR
PR,TLLOC,TALLER OBRA CIVIL,UNIDAD,AXI02,PR-TLLOC-VNT-AXI02,BTZ_Description_04,PR-TLLOC-LGC-TALLER OBRA CIVIL,PR-TLLOC-LGC-GENERAL,PR-TLLOC-VNT-AXI02,VENTILADOR DE 350MM AXIAL,PR-TLLOC-VNT-AXI02,VENTILADOR DE 350MM AXIAL,UNIDAD_HOJA_DIRECTA_BAJO_SECTOR
PR,TLLOC,TALLER OBRA CIVIL,UNIDAD,AXI03,PR-TLLOC-VNT-AXI03,BTZ_Description_04,PR-TLLOC-LGC-TALLER OBRA CIVIL,PR-TLLOC-LGC-GENERAL,PR-TLLOC-VNT-AXI03,VENTILADOR DE 350MM AXIAL,PR-TLLOC-VNT-AXI03,VENTILADOR DE 350MM AXIAL,UNIDAD_HOJA_DIRECTA_BAJO_SECTOR
PR,REL,RED ELECTRICA,SECTOR,RED ELECTRICA,PR-REL-LGC-RED ELECTRICA,BTZ_Description_02,PR-REL-LGC-RED ELECTRICA,,,,PR-REL-LGC-RED ELECTRICA,LOGICO RED ELECTRICA,SECTOR_DESDE_RAIZ_PR
PR,REL,RED ELECTRICA,SUBSECTOR,TRAFO 1 DE EPE 1500 KVA,PR-REL-LGC-TRAFO 1 DE EPE 1500 KVA,BTZ_Description_03,PR-REL-LGC-RED ELECTRICA,PR-REL-LGC-TRAFO 1 DE EPE 1500 KVA,,,PR-REL-TRF-EPE1,TRAFO 1 DE EPE 1500 KVA,SUBSECTOR_DESDE_HIJO_LGC_O_NODO_INTERMEDIO
PR,REL,RED ELECTRICA,UNIDAD,EACT,PR-REL-VNT-EACT,BTZ_Description_04,PR-REL-LGC-RED ELECTRICA,PR-REL-LGC-TRAFO 1 DE EPE 1500 KVA,PR-REL-VNT-EACT,VENTILADOR ENFRIADOR ACEITE DE TRAFO 1,PR-REL-VNT-EACT,VENTILADOR ENFRIADOR ACEITE DE TRAFO 1,UNIDAD_HOJA_BAJO_SUBSECTOR
PR,REL,RED ELECTRICA,SUBSECTOR,TRAFO PREPARACION L-1 3500 KVA,PR-REL-LGC-TRAFO PREPARACION L-1 3500 KVA,BTZ_Description_03,PR-REL-LGC-RED ELECTRICA,PR-REL-LGC-TRAFO PREPARACION L-1 3500 KVA,,,PR-REL-TRF-PRP1,TRAFO PREPARACION L-1 3500 KVA,SUBSECTOR_DESDE_HIJO_LGC_O_NODO_INTERMEDIO
PR,REL,RED ELECTRICA,UNIDAD,ATR1,PR-REL-VNT-ATR1,BTZ_Description_04,PR-REL-LGC-RED ELECTRICA,PR-REL-LGC-TRAFO PREPARACION L-1 3500 KVA,PR-REL-VNT-ATR1,VENTILADOR TRAFO L-1 <N>,PR-REL-VNT-ATR1,VENTILADOR TRAFO L-1 <N>,UNIDAD_HOJA_BAJO_SUBSECTOR
PR,REL,RED ELECTRICA,SUBSECTOR,TRAFO PREPARACION L-2 2500 KVA,PR-REL-LGC-TRAFO PREPARACION L-2 2500 KVA,BTZ_Description_03,PR-REL-LGC-RED ELECTRICA,PR-REL-LGC-TRAFO PREPARACION L-2 2500 KVA,,,PR-REL-TRF-PRP2,TRAFO PREPARACION L-2 2500 KVA,SUBSECTOR_DESDE_HIJO_LGC_O_NODO_INTERMEDIO
PR,REL,RED ELECTRICA,UNIDAD,ATR2,PR-REL-VNT-ATR2,BTZ_Description_04,PR-REL-LGC-RED ELECTRICA,PR-REL-LGC-TRAFO PREPARACION L-2 2500 KVA,PR-REL-VNT-ATR2,VENTILADOR TRAFO L-2 <S>,PR-REL-VNT-ATR2,VENTILADOR TRAFO L-2 <S>,UNIDAD_HOJA_BAJO_SUBSECTOR
PR,REL,RED ELECTRICA,SUBSECTOR,GENERAL,PR-REL-LGC-GENERAL,BTZ_Description_03,PR-REL-LGC-RED ELECTRICA,PR-REL-LGC-GENERAL,,,PR-REL-LGC-RED ELECTRICA,SUBSECTOR SINTETICO PARA HOJAS DIRECTAS DEL SECTOR,SUBSECTOR_SINTETICO_GENERAL
PR,REL,RED ELECTRICA,UNIDAD,MTN,PR-REL-CEL-MTN,BTZ_Description_04,PR-REL-LGC-RED ELECTRICA,PR-REL-LGC-GENERAL,PR-REL-CEL-MTN,CELDAS DE MEDIA TENSION P.R.,PR-REL-CEL-MTN,CELDAS DE MEDIA TENSION P.R.,UNIDAD_HOJA_DIRECTA_BAJO_SECTOR
PR,REL,RED ELECTRICA,UNIDAD,EPE,PR-REL-SBE-EPE,BTZ_Description_04,PR-REL-LGC-RED ELECTRICA,PR-REL-LGC-GENERAL,PR-REL-SBE-EPE,SUBESTACION PRINCIPAL EPE,PR-REL-SBE-EPE,SUBESTACION PRINCIPAL EPE,UNIDAD_HOJA_DIRECTA_BAJO_SECTOR
PR,REL,RED ELECTRICA,UNIDAD,CEPE,PR-REL-TBL-CEPE,BTZ_Description_04,PR-REL-LGC-RED ELECTRICA,PR-REL-LGC-GENERAL,PR-REL-TBL-CEPE,TABLERO CONTROL EPE,PR-REL-TBL-CEPE,TABLERO CONTROL EPE,UNIDAD_HOJA_DIRECTA_BAJO_SECTOR
PR,REL,RED ELECTRICA,UNIDAD,GNR1,PR-REL-TBL-GNR1,BTZ_Description_04,PR-REL-LGC-RED ELECTRICA,PR-REL-LGC-GENERAL,PR-REL-TBL-GNR1,TABLERO CONTROL GENERADOR,PR-REL-TBL-GNR1,TABLERO CONTROL GENERADOR,UNIDAD_HOJA_DIRECTA_BAJO_SECTOR
PR,REL,RED ELECTRICA,UNIDAD,EPE2,PR-REL-TRF-EPE2,BTZ_Description_04,PR-REL-LGC-RED ELECTRICA,PR-REL-LGC-GENERAL,PR-REL-TRF-EPE2,TRAFO 2 DE EPE 3000 KVA,PR-REL-TRF-EPE2,TRAFO 2 DE EPE 3000 KVA,UNIDAD_HOJA_DIRECTA_BAJO_SECTOR
PR,REL,RED ELECTRICA,UNIDAD,EPE3,PR-REL-TRF-EPE3,BTZ_Description_04,PR-REL-LGC-RED ELECTRICA,PR-REL-LGC-GENERAL,PR-REL-TRF-EPE3,TRAFO 3 DE EPE 3000 KVA,PR-REL-TRF-EPE3,TRAFO 3 DE EPE 3000 KVA,UNIDAD_HOJA_DIRECTA_BAJO_SECTOR
PR,REL,RED ELECTRICA,UNIDAD,EPE4,PR-REL-TRF-EPE4,BTZ_Description_04,PR-REL-LGC-RED ELECTRICA,PR-REL-LGC-GENERAL,PR-REL-TRF-EPE4,TRAFO 4 DE EPE 3000 KVA,PR-REL-TRF-EPE4,TRAFO 4 DE EPE 3000 KVA,UNIDAD_HOJA_DIRECTA_BAJO_SECTOR
PR,REL,RED ELECTRICA,UNIDAD,EXT1,PR-REL-TRF-EXT1,BTZ_Description_04,PR-REL-LGC-RED ELECTRICA,PR-REL-LGC-GENERAL,PR-REL-TRF-EXT1,TRAFO PTA. EXTRACCION I 2500 KVA,PR-REL-TRF-EXT1,TRAFO PTA. EXTRACCION I 2500 KVA,UNIDAD_HOJA_DIRECTA_BAJO_SECTOR
PR,REL,RED ELECTRICA,UNIDAD,EXT2,PR-REL-TRF-EXT2,BTZ_Description_04,PR-REL-LGC-RED ELECTRICA,PR-REL-LGC-GENERAL,PR-REL-TRF-EXT2,TRAFO PTA. EXTRACCION II 2500 KVA,PR-REL-TRF-EXT2,TRAFO PTA. EXTRACCION II 2500 KVA,UNIDAD_HOJA_DIRECTA_BAJO_SECTOR
PR,REL,RED ELECTRICA,UNIDAD,FLTPRC1,PR-REL-TRF-FLTPRC1,BTZ_Description_04,PR-REL-LGC-RED ELECTRICA,PR-REL-LGC-GENERAL,PR-REL-TRF-FLTPRC1,TRAFO DE FILTRO ELECTROSTATICO 1,PR-REL-TRF-FLTPRC1,TRAFO DE FILTRO ELECTROSTATICO 1,UNIDAD_HOJA_DIRECTA_BAJO_SECTOR
PR,REL,RED ELECTRICA,UNIDAD,FLTPRC2,PR-REL-TRF-FLTPRC2,BTZ_Description_04,PR-REL-LGC-RED ELECTRICA,PR-REL-LGC-GENERAL,PR-REL-TRF-FLTPRC2,TRAFO DE FILTRO ELECTROSTATICO 2,PR-REL-TRF-FLTPRC2,TRAFO DE FILTRO ELECTROSTATICO 2,UNIDAD_HOJA_DIRECTA_BAJO_SECTOR
PR,REL,RED ELECTRICA,UNIDAD,FLTPRC3,PR-REL-TRF-FLTPRC3,BTZ_Description_04,PR-REL-LGC-RED ELECTRICA,PR-REL-LGC-GENERAL,PR-REL-TRF-FLTPRC3,TRAFO DE FILTRO ELECTROSTATICO 3,PR-REL-TRF-FLTPRC3,TRAFO DE FILTRO ELECTROSTATICO 3,UNIDAD_HOJA_DIRECTA_BAJO_SECTOR
PR,REL,RED ELECTRICA,UNIDAD,LNTA,PR-REL-TRF-LNTA,BTZ_Description_04,PR-REL-LGC-RED ELECTRICA,PR-REL-LGC-GENERAL,PR-REL-TRF-LNTA,TRAFO LINTERS ALGODON 3500 KVA,PR-REL-TRF-LNTA,TRAFO LINTERS ALGODON 3500 KVA,UNIDAD_HOJA_DIRECTA_BAJO_SECTOR
PR,REL,RED ELECTRICA,UNIDAD,PRNA,PR-REL-TRF-PRNA,BTZ_Description_04,PR-REL-LGC-RED ELECTRICA,PR-REL-LGC-GENERAL,PR-REL-TRF-PRNA,TRAFO PRENSA ALGODON 3500 KVA,PR-REL-TRF-PRNA,TRAFO PRENSA ALGODON 3500 KVA,UNIDAD_HOJA_DIRECTA_BAJO_SECTOR
PR,REL,RED ELECTRICA,UNIDAD,QBRA,PR-REL-TRF-QBRA,BTZ_Description_04,PR-REL-LGC-RED ELECTRICA,PR-REL-LGC-GENERAL,PR-REL-TRF-QBRA,TRAFO QUEBRADO ALGODON 2500 KVA,PR-REL-TRF-QBRA,TRAFO QUEBRADO ALGODON 2500 KVA,UNIDAD_HOJA_DIRECTA_BAJO_SECTOR
PR,REL,RED ELECTRICA,UNIDAD,SC16MP,PR-REL-TRF-SC16MP,BTZ_Description_04,PR-REL-LGC-RED ELECTRICA,PR-REL-LGC-GENERAL,PR-REL-TRF-SC16MP,"TRAFO SILO-CELDA 16, M.P. 2500 KVA",PR-REL-TRF-SC16MP,"TRAFO SILO-CELDA 16, M.P. 2500 KVA",UNIDAD_HOJA_DIRECTA_BAJO_SECTOR
PR,REL,RED ELECTRICA,UNIDAD,SMPSP,PR-REL-TRF-SMPSP,BTZ_Description_04,PR-REL-LGC-RED ELECTRICA,PR-REL-LGC-GENERAL,PR-REL-TRF-SMPSP,TRAFO SILOS M.P. Y S.P. 2500 KVA,PR-REL-TRF-SMPSP,TRAFO SILOS M.P. Y S.P. 2500 KVA,UNIDAD_HOJA_DIRECTA_BAJO_SECTOR
PR,REL,RED ELECTRICA,UNIDAD,TLL,PR-REL-TRF-TLL,BTZ_Description_04,PR-REL-LGC-RED ELECTRICA,PR-REL-LGC-GENERAL,PR-REL-TRF-TLL,TRAFO TALLERES 1250 KVA,PR-REL-TRF-TLL,TRAFO TALLERES 1250 KVA,UNIDAD_HOJA_DIRECTA_BAJO_SECTOR
PR,REL,RED ELECTRICA,UNIDAD,TRBCAL,PR-REL-TRF-TRBCAL,BTZ_Description_04,PR-REL-LGC-RED ELECTRICA,PR-REL-LGC-GENERAL,PR-REL-TRF-TRBCAL,TRAFO TURBINA Y CALD. 2500 KVA,PR-REL-TRF-TRBCAL,TRAFO TURBINA Y CALD. 2500 KVA,UNIDAD_HOJA_DIRECTA_BAJO_SECTOR
PR,REL,RED ELECTRICA,UNIDAD,TRBFT,PR-REL-TRF-TRBFT,BTZ_Description_04,PR-REL-LGC-RED ELECTRICA,PR-REL-LGC-GENERAL,PR-REL-TRF-TRBFT,TRAFO TURBINA FRANCO TOSI 5000 KVA,PR-REL-TRF-TRBFT,TRAFO TURBINA FRANCO TOSI 5000 KVA,UNIDAD_HOJA_DIRECTA_BAJO_SECTOR
PR,PRD,PREDICTIVOS,SECTOR,PREDICTIVOS,PR-PRD-LGC-PREDICTIVOS,BTZ_Description_02,PR-PRD-LGC-PREDICTIVOS,,,,PR-PRD-LGC-PREDICTIVOS,LOGICO PREDICTIVOS,SECTOR_DESDE_RAIZ_PR
PR,PRD,PREDICTIVOS,SUBSECTOR,PREDICTIVOS ELECTRICOS,PR-PRD-LGC-PRD ELE,BTZ_Description_03,PR-PRD-LGC-PREDICTIVOS,PR-PRD-LGC-PRD ELE,,,PR-PRD-LGC-PRD ELE,PREDICTIVOS ELECTRICOS,SUBSECTOR_DESDE_HIJO_LGC_O_NODO_INTERMEDIO
PR,PRD,PREDICTIVOS,UNIDAD,ZONA ELE R1,PR-PRD-LGC-ZONA ELE R1,BTZ_Description_04,PR-PRD-LGC-PREDICTIVOS,PR-PRD-LGC-PRD ELE,PR-PRD-LGC-ZONA ELE R1,EQUIPOS DE ZONA ELECTRICA R1,PR-PRD-LGC-ZONA ELE R1,EQUIPOS DE ZONA ELECTRICA R1,UNIDAD_HOJA_BAJO_SUBSECTOR
PR,PRD,PREDICTIVOS,UNIDAD,ZONA ELE R10,PR-PRD-LGC-ZONA ELE R10,BTZ_Description_04,PR-PRD-LGC-PREDICTIVOS,PR-PRD-LGC-PRD ELE,PR-PRD-LGC-ZONA ELE R10,EQUIPOS DE ZONA ELECTRICA R10,PR-PRD-LGC-ZONA ELE R10,EQUIPOS DE ZONA ELECTRICA R10,UNIDAD_HOJA_BAJO_SUBSECTOR
PR,PRD,PREDICTIVOS,UNIDAD,ZONA ELE R2,PR-PRD-LGC-ZONA ELE R2,BTZ_Description_04,PR-PRD-LGC-PREDICTIVOS,PR-PRD-LGC-PRD ELE,PR-PRD-LGC-ZONA ELE R2,EQUIPOS DE ZONA ELECTRICA R2,PR-PRD-LGC-ZONA ELE R2,EQUIPOS DE ZONA ELECTRICA R2,UNIDAD_HOJA_BAJO_SUBSECTOR
PR,PRD,PREDICTIVOS,UNIDAD,ZONA ELE R3,PR-PRD-LGC-ZONA ELE R3,BTZ_Description_04,PR-PRD-LGC-PREDICTIVOS,PR-PRD-LGC-PRD ELE,PR-PRD-LGC-ZONA ELE R3,EQUIPOS DE ZONA ELECTRICA R3,PR-PRD-LGC-ZONA ELE R3,EQUIPOS DE ZONA ELECTRICA R3,UNIDAD_HOJA_BAJO_SUBSECTOR
PR,PRD,PREDICTIVOS,UNIDAD,ZONA ELE R4,PR-PRD-LGC-ZONA ELE R4,BTZ_Description_04,PR-PRD-LGC-PREDICTIVOS,PR-PRD-LGC-PRD ELE,PR-PRD-LGC-ZONA ELE R4,EQUIPOS DE ZONA ELECTRICA R4,PR-PRD-LGC-ZONA ELE R4,EQUIPOS DE ZONA ELECTRICA R4,UNIDAD_HOJA_BAJO_SUBSECTOR
PR,PRD,PREDICTIVOS,UNIDAD,ZONA ELE R5,PR-PRD-LGC-ZONA ELE R5,BTZ_Description_04,PR-PRD-LGC-PREDICTIVOS,PR-PRD-LGC-PRD ELE,PR-PRD-LGC-ZONA ELE R5,EQUIPOS DE ZONA ELECTRICA R5,PR-PRD-LGC-ZONA ELE R5,EQUIPOS DE ZONA ELECTRICA R5,UNIDAD_HOJA_BAJO_SUBSECTOR
PR,PRD,PREDICTIVOS,UNIDAD,ZONA ELE R6,PR-PRD-LGC-ZONA ELE R6,BTZ_Description_04,PR-PRD-LGC-PREDICTIVOS,PR-PRD-LGC-PRD ELE,PR-PRD-LGC-ZONA ELE R6,,PR-PRD-LGC-ZONA ELE R6,,UNIDAD_HOJA_BAJO_SUBSECTOR
PR,PRD,PREDICTIVOS,UNIDAD,ZONA ELE R7,PR-PRD-LGC-ZONA ELE R7,BTZ_Description_04,PR-PRD-LGC-PREDICTIVOS,PR-PRD-LGC-PRD ELE,PR-PRD-LGC-ZONA ELE R7,EQUIPOS DE ZONA ELECTRICA R7,PR-PRD-LGC-ZONA ELE R7,EQUIPOS DE ZONA ELECTRICA R7,UNIDAD_HOJA_BAJO_SUBSECTOR
PR,PRD,PREDICTIVOS,UNIDAD,ZONA ELE R8,PR-PRD-LGC-ZONA ELE R8,BTZ_Description_04,PR-PRD-LGC-PREDICTIVOS,PR-PRD-LGC-PRD ELE,PR-PRD-LGC-ZONA ELE R8,EQUIPOS DE ZONA ELECTRICA R8,PR-PRD-LGC-ZONA ELE R8,EQUIPOS DE ZONA ELECTRICA R8,UNIDAD_HOJA_BAJO_SUBSECTOR
PR,PRD,PREDICTIVOS,UNIDAD,ZONA ELE R9,PR-PRD-LGC-ZONA ELE R9,BTZ_Description_04,PR-PRD-LGC-PREDICTIVOS,PR-PRD-LGC-PRD ELE,PR-PRD-LGC-ZONA ELE R9,EQUIPOS DE ZONA ELECTRICA R9,PR-PRD-LGC-ZONA ELE R9,EQUIPOS DE ZONA ELECTRICA R9,UNIDAD_HOJA_BAJO_SUBSECTOR
PR,PRD,PREDICTIVOS,SUBSECTOR,PREDICTIVOS MECANICOS,PR-PRD-LGC-PRD MEC,BTZ_Description_03,PR-PRD-LGC-PREDICTIVOS,PR-PRD-LGC-PRD MEC,,,PR-PRD-LGC-PRD MEC,PREDICTIVOS MECANICOS,SUBSECTOR_DESDE_HIJO_LGC_O_NODO_INTERMEDIO
PR,PRD,PREDICTIVOS,UNIDAD,REVISIÓN ZONA RA,PR-PRD-LGC-REVISIÓN ZONA RA,BTZ_Description_04,PR-PRD-LGC-PREDICTIVOS,PR-PRD-LGC-PRD MEC,PR-PRD-LGC-REVISIÓN ZONA RA,PREDICTIVO ZONA RA,PR-PRD-LGC-REVISIÓN ZONA RA,PREDICTIVO ZONA RA,UNIDAD_HOJA_BAJO_SUBSECTOR
PR,PRD,PREDICTIVOS,UNIDAD,REVISIÓN ZONA RM,PR-PRD-LGC-REVISIÓN ZONA RM,BTZ_Description_04,PR-PRD-LGC-PREDICTIVOS,PR-PRD-LGC-PRD MEC,PR-PRD-LGC-REVISIÓN ZONA RM,PREDICTIVO ZONA RM,PR-PRD-LGC-REVISIÓN ZONA RM,PREDICTIVO ZONA RM,UNIDAD_HOJA_BAJO_SUBSECTOR
PR,PRD,PREDICTIVOS,UNIDAD,REVISIÓN ZONA RP,PR-PRD-LGC-REVISIÓN ZONA RP,BTZ_Description_04,PR-PRD-LGC-PREDICTIVOS,PR-PRD-LGC-PRD MEC,PR-PRD-LGC-REVISIÓN ZONA RP,PREDICTIVO ZONA RP,PR-PRD-LGC-REVISIÓN ZONA RP,PREDICTIVO ZONA RP,UNIDAD_HOJA_BAJO_SUBSECTOR
PR,PRD,PREDICTIVOS,UNIDAD,REVISIÓN ZONA RR,PR-PRD-LGC-REVISIÓN ZONA RR,BTZ_Description_04,PR-PRD-LGC-PREDICTIVOS,PR-PRD-LGC-PRD MEC,PR-PRD-LGC-REVISIÓN ZONA RR,PREDICTIVO ZONA RR,PR-PRD-LGC-REVISIÓN ZONA RR,PREDICTIVO ZONA RR,UNIDAD_HOJA_BAJO_SUBSECTOR
PR,PRD,PREDICTIVOS,UNIDAD,REVISIÓN ZONA RS,PR-PRD-LGC-REVISIÓN ZONA RS,BTZ_Description_04,PR-PRD-LGC-PREDICTIVOS,PR-PRD-LGC-PRD MEC,PR-PRD-LGC-REVISIÓN ZONA RS,PREDICTIVO ZONA RS,PR-PRD-LGC-REVISIÓN ZONA RS,PREDICTIVO ZONA RS,UNIDAD_HOJA_BAJO_SUBSECTOR
PR,PRD,PREDICTIVOS,UNIDAD,REVISIÓN ZONA RT,PR-PRD-LGC-REVISIÓN ZONA RT,BTZ_Description_04,PR-PRD-LGC-PREDICTIVOS,PR-PRD-LGC-PRD MEC,PR-PRD-LGC-REVISIÓN ZONA RT,PREDICTIVO ZONA RT,PR-PRD-LGC-REVISIÓN ZONA RT,PREDICTIVO ZONA RT,UNIDAD_HOJA_BAJO_SUBSECTOR
PR,PRD,PREDICTIVOS,UNIDAD,REVISIÓN ZONA RV,PR-PRD-LGC-REVISIÓN ZONA RV,BTZ_Description_04,PR-PRD-LGC-PREDICTIVOS,PR-PRD-LGC-PRD MEC,PR-PRD-LGC-REVISIÓN ZONA RV,PREDICTIVO ZONA RV,PR-PRD-LGC-REVISIÓN ZONA RV,PREDICTIVO ZONA RV,UNIDAD_HOJA_BAJO_SUBSECTOR
PR,PRD,PREDICTIVOS,UNIDAD,VIBRACIONES,PR-PRD-LGC-VIBRACIONES,BTZ_Description_04,PR-PRD-LGC-PREDICTIVOS,PR-PRD-LGC-PRD MEC,PR-PRD-LGC-VIBRACIONES,PREDICTIVO VIBRACIONES,PR-PRD-LGC-VIBRACIONES,PREDICTIVO VIBRACIONES,UNIDAD_HOJA_BAJO_SUBSECTOR
PR,EXP,EXPEDICION,SECTOR,EXPEDICION,PR-EXP-LGC-EXPEDICION,BTZ_Description_02,PR-EXP-LGC-EXPEDICION,,,,PR-EXP-LGC-EXPEDICION,LOGICO EXPEDICION,SECTOR_DESDE_RAIZ_PR
PR,EXP,EXPEDICION,SUBSECTOR,ACCESO,PR-EXP-LGC-ACCESO,BTZ_Description_03,PR-EXP-LGC-EXPEDICION,PR-EXP-LGC-ACCESO,,,PR-EXP-LGC-ACCESO,LOGICO ACCESO,SUBSECTOR_DESDE_HIJO_LGC_O_NODO_INTERMEDIO
PR,EXP,EXPEDICION,SUBSECTOR,BALANZA,PR-EXP-LGC-BALANZA,BTZ_Description_03,PR-EXP-LGC-EXPEDICION,PR-EXP-LGC-BALANZA,,,PR-EXP-LGC-BALANZA,LOGICO BALANZA,SUBSECTOR_DESDE_HIJO_LGC_O_NODO_INTERMEDIO
PR,EXP,EXPEDICION,UNIDAD,CBBLZ,PR-EXP-CBN-CBBLZ,BTZ_Description_04,PR-EXP-LGC-EXPEDICION,PR-EXP-LGC-BALANZA,PR-EXP-CBN-CBBLZ,CABINA DE BALANZA,PR-EXP-CBN-CBBLZ,CABINA DE BALANZA,UNIDAD_HOJA_BAJO_SUBSECTOR
PR,EXP,EXPEDICION,SUBSECTOR,PREINGRESO,PR-EXP-LGC-PREINGRESO,BTZ_Description_03,PR-EXP-LGC-EXPEDICION,PR-EXP-LGC-PREINGRESO,,,PR-EXP-LGC-PREINGRESO,LOGICO PREINGRESO,SUBSECTOR_DESDE_HIJO_LGC_O_NODO_INTERMEDIO
PR,EXP,EXPEDICION,UNIDAD,CBNPI,PR-EXP-CBN-CBNPI,BTZ_Description_04,PR-EXP-LGC-EXPEDICION,PR-EXP-LGC-PREINGRESO,PR-EXP-CBN-CBNPI,CABINA DE PREINGRESO,PR-EXP-CBN-CBNPI,CABINA DE PREINGRESO,UNIDAD_HOJA_BAJO_SUBSECTOR
PR,EXP,EXPEDICION,UNIDAD,CMRPI,PR-EXP-CMR-CMRPI,BTZ_Description_04,PR-EXP-LGC-EXPEDICION,PR-EXP-LGC-PREINGRESO,PR-EXP-CMR-CMRPI,CAMARA DE PREINGRESO,PR-EXP-CMR-CMRPI,CAMARA DE PREINGRESO,UNIDAD_HOJA_BAJO_SUBSECTOR
PR,PRL1,PRELIMPIEZA 1,SECTOR,PRELIMPIEZA 1,PR-PRL1-LGC-PRELIMPIEZA 1,BTZ_Description_02,PR-PRL1-LGC-PRELIMPIEZA 1,,,,PR-PRL1-LGC-PRELIMPIEZA 1,LOGICO PRELIMPIEZA 1,SECTOR_DESDE_RAIZ_PR
PR,PRL1,PRELIMPIEZA 1,SUBSECTOR,BATIDORAS PRELIMPIEZA 1,PR-PRL1-LGC-BATIDORAS,BTZ_Description_03,PR-PRL1-LGC-PRELIMPIEZA 1,PR-PRL1-LGC-BATIDORAS,,,PR-PRL1-LGC-BATIDORAS,LOGICO BATIDORAS PRELIMPIEZA 1,SUBSECTOR_DESDE_HIJO_LGC_O_NODO_INTERMEDIO
PR,PRL1,PRELIMPIEZA 1,SUBSECTOR,NORIAS PRELIMPIEZA 1,PR-PRL1-LGC-NORIAS,BTZ_Description_03,PR-PRL1-LGC-PRELIMPIEZA 1,PR-PRL1-LGC-NORIAS,,,PR-PRL1-LGC-NORIAS,LOGICO NORIAS PRELIMPIEZA 1,SUBSECTOR_DESDE_HIJO_LGC_O_NODO_INTERMEDIO
PR,PRL1,PRELIMPIEZA 1,UNIDAD,TSG02,PR-PRL1-NOR-TSG02,BTZ_Description_04,PR-PRL1-LGC-PRELIMPIEZA 1,PR-PRL1-LGC-NORIAS,PR-PRL1-NOR-TSG02,NORIA TSG-2,PR-PRL1-NOR-TSG02,NORIA TSG-2,UNIDAD_HOJA_BAJO_SUBSECTOR
PR,PRL1,PRELIMPIEZA 1,SUBSECTOR,REDLERS PRELIMPIEZA 1,PR-PRL1-LGC-REDLERS,BTZ_Description_03,PR-PRL1-LGC-PRELIMPIEZA 1,PR-PRL1-LGC-REDLERS,,,PR-PRL1-LGC-REDLERS,LOGICO REDLERS PRELIMPIEZA 1,SUBSECTOR_DESDE_HIJO_LGC_O_NODO_INTERMEDIO
PR,PRL1,PRELIMPIEZA 1,UNIDAD,TSG01,PR-PRL1-RDL-TSG01,BTZ_Description_04,PR-PRL1-LGC-PRELIMPIEZA 1,PR-PRL1-LGC-REDLERS,PR-PRL1-RDL-TSG01,REDLER TSG-1,PR-PRL1-RDL-TSG01,REDLER TSG-1,UNIDAD_HOJA_BAJO_SUBSECTOR
PR,PRL1,PRELIMPIEZA 1,UNIDAD,TSG03,PR-PRL1-RDL-TSG03,BTZ_Description_04,PR-PRL1-LGC-PRELIMPIEZA 1,PR-PRL1-LGC-REDLERS,PR-PRL1-RDL-TSG03,REDLER TSG-3,PR-PRL1-RDL-TSG03,REDLER TSG-3,UNIDAD_HOJA_BAJO_SUBSECTOR
PR,PRL1,PRELIMPIEZA 1,UNIDAD,TSG06,PR-PRL1-RDL-TSG06,BTZ_Description_04,PR-PRL1-LGC-PRELIMPIEZA 1,PR-PRL1-LGC-REDLERS,PR-PRL1-RDL-TSG06,REDLER TSG-6,PR-PRL1-RDL-TSG06,REDLER TSG-6,UNIDAD_HOJA_BAJO_SUBSECTOR
PR,PRL1,PRELIMPIEZA 1,UNIDAD,TSG07,PR-PRL1-RDL-TSG07,BTZ_Description_04,PR-PRL1-LGC-PRELIMPIEZA 1,PR-PRL1-LGC-REDLERS,PR-PRL1-RDL-TSG07,REDLER TSG-7,PR-PRL1-RDL-TSG07,REDLER TSG-7,UNIDAD_HOJA_BAJO_SUBSECTOR
PR,PRL1,PRELIMPIEZA 1,UNIDAD,TSG08,PR-PRL1-RDL-TSG08,BTZ_Description_04,PR-PRL1-LGC-PRELIMPIEZA 1,PR-PRL1-LGC-REDLERS,PR-PRL1-RDL-TSG08,REDLER TSG-8,PR-PRL1-RDL-TSG08,REDLER TSG-8,UNIDAD_HOJA_BAJO_SUBSECTOR
PR,PRL1,PRELIMPIEZA 1,SUBSECTOR,SISTEMA DE ASPIRACION PRELIMPIEZA 1,PR-PRL1-LGC-SAP,BTZ_Description_03,PR-PRL1-LGC-PRELIMPIEZA 1,PR-PRL1-LGC-SAP,,,PR-PRL1-LGC-SAP,LOGICO SISTEMA DE ASPIRACION PRELIMPIEZA 1,SUBSECTOR_DESDE_HIJO_LGC_O_NODO_INTERMEDIO
PR,PRL1,PRELIMPIEZA 1,SUBSECTOR,SISTEMA ASP. POLVILLO PREL. L-1,PR-PRL1-LGC-SISTEMA ASP. POLVILLO PREL. L-1,BTZ_Description_03,PR-PRL1-LGC-PRELIMPIEZA 1,PR-PRL1-LGC-SISTEMA ASP. POLVILLO PREL. L-1,,,PR-PRL1-SAP-PRL1,SISTEMA ASP. POLVILLO PREL. L-1,SUBSECTOR_DESDE_HIJO_LGC_O_NODO_INTERMEDIO
PR,PRL1,PRELIMPIEZA 1,UNIDAD,SAPL1,PR-PRL1-CCL-SAPL1,BTZ_Description_04,PR-PRL1-LGC-PRELIMPIEZA 1,PR-PRL1-LGC-SISTEMA ASP. POLVILLO PREL. L-1,PR-PRL1-CCL-SAPL1,CICLON SISTEMA DE ASPIACION PRELIMPIEZA LINEA 1,PR-PRL1-CCL-SAPL1,CICLON SISTEMA DE ASPIACION PRELIMPIEZA LINEA 1,UNIDAD_HOJA_BAJO_SUBSECTOR
PR,PRL1,PRELIMPIEZA 1,UNIDAD,SAPL1,PR-PRL1-VLV-SAPL1,BTZ_Description_04,PR-PRL1-LGC-PRELIMPIEZA 1,PR-PRL1-LGC-SISTEMA ASP. POLVILLO PREL. L-1,PR-PRL1-VLV-SAPL1,VALVULA ROTATIVA S.A.P. PREL. L-1,PR-PRL1-VLV-SAPL1,VALVULA ROTATIVA S.A.P. PREL. L-1,UNIDAD_HOJA_BAJO_SUBSECTOR
PR,PRL1,PRELIMPIEZA 1,UNIDAD,SAPL1,PR-PRL1-VNT-SAPL1,BTZ_Description_04,PR-PRL1-LGC-PRELIMPIEZA 1,PR-PRL1-LGC-SISTEMA ASP. POLVILLO PREL. L-1,PR-PRL1-VNT-SAPL1,VENTILADOR S.A.P. PRELIMPIEZA L-1,PR-PRL1-VNT-SAPL1,VENTILADOR S.A.P. PRELIMPIEZA L-1,UNIDAD_HOJA_BAJO_SUBSECTOR
PR,PRL2,PRELIMPIEZA 2,SECTOR,PRELIMPIEZA 2,PR-PRL2-LGC-PRELIMPIEZA 2,BTZ_Description_02,PR-PRL2-LGC-PRELIMPIEZA 2,,,,PR-PRL2-LGC-PRELIMPIEZA 2,LOGICO PRELIMPIEZA 2,SECTOR_DESDE_RAIZ_PR
PR,PRL2,PRELIMPIEZA 2,SUBSECTOR,BATIDORAS PRELIMPIEZA 2,PR-PRL2-LGC-BATIDORAS,BTZ_Description_03,PR-PRL2-LGC-PRELIMPIEZA 2,PR-PRL2-LGC-BATIDORAS,,,PR-PRL2-LGC-BATIDORAS,LOGICO BATIDORAS PRELIMPIEZA 2,SUBSECTOR_DESDE_HIJO_LGC_O_NODO_INTERMEDIO
PR,PRL2,PRELIMPIEZA 2,UNIDAD,N01,PR-PRL2-BTD-N01,BTZ_Description_04,PR-PRL2-LGC-PRELIMPIEZA 2,PR-PRL2-LGC-BATIDORAS,PR-PRL2-BTD-N01,BATIDORA Nº 1 (N),PR-PRL2-BTD-N01,BATIDORA Nº 1 (N),UNIDAD_HOJA_BAJO_SUBSECTOR
PR,PRL2,PRELIMPIEZA 2,UNIDAD,N02,PR-PRL2-BTD-N02,BTZ_Description_04,PR-PRL2-LGC-PRELIMPIEZA 2,PR-PRL2-LGC-BATIDORAS,PR-PRL2-BTD-N02,BATIDORA Nº 2 (S),PR-PRL2-BTD-N02,BATIDORA Nº 2 (S),UNIDAD_HOJA_BAJO_SUBSECTOR
PR,PRL2,PRELIMPIEZA 2,SUBSECTOR,NORIAS PRELIMPIEZA 2,PR-PRL2-LGC-NORIAS,BTZ_Description_03,PR-PRL2-LGC-PRELIMPIEZA 2,PR-PRL2-LGC-NORIAS,,,PR-PRL2-LGC-NORIAS,LOGICO NORIAS PRELIMPIEZA 2,SUBSECTOR_DESDE_HIJO_LGC_O_NODO_INTERMEDIO
PR,PRL2,PRELIMPIEZA 2,UNIDAD,TS02,PR-PRL2-NOR-TS02,BTZ_Description_04,PR-PRL2-LGC-PRELIMPIEZA 2,PR-PRL2-LGC-NORIAS,PR-PRL2-NOR-TS02,NORIA TS-2 (O),PR-PRL2-NOR-TS02,NORIA TS-2 (O),UNIDAD_HOJA_BAJO_SUBSECTOR
PR,PRL2,PRELIMPIEZA 2,UNIDAD,TS03,PR-PRL2-NOR-TS03,BTZ_Description_04,PR-PRL2-LGC-PRELIMPIEZA 2,PR-PRL2-LGC-NORIAS,PR-PRL2-NOR-TS03,NORIA TS-3 (E),PR-PRL2-NOR-TS03,NORIA TS-3 (E),UNIDAD_HOJA_BAJO_SUBSECTOR
PR,PRL2,PRELIMPIEZA 2,UNIDAD,TSD1,PR-PRL2-NOR-TSD1,BTZ_Description_04,PR-PRL2-LGC-PRELIMPIEZA 2,PR-PRL2-LGC-NORIAS,PR-PRL2-NOR-TSD1,NORIA TSD-1,PR-PRL2-NOR-TSD1,NORIA TSD-1,UNIDAD_HOJA_BAJO_SUBSECTOR
PR,PRL2,PRELIMPIEZA 2,SUBSECTOR,REDLERS PRELIMPIEZA 2,PR-PRL2-LGC-REDLERS,BTZ_Description_03,PR-PRL2-LGC-PRELIMPIEZA 2,PR-PRL2-LGC-REDLERS,,,PR-PRL2-LGC-REDLERS,LOGICO REDLERS PRELIMPIEZA 2,SUBSECTOR_DESDE_HIJO_LGC_O_NODO_INTERMEDIO
PR,PRL2,PRELIMPIEZA 2,UNIDAD,TS01,PR-PRL2-RDL-TS01,BTZ_Description_04,PR-PRL2-LGC-PRELIMPIEZA 2,PR-PRL2-LGC-REDLERS,PR-PRL2-RDL-TS01,REDLER TS-1,PR-PRL2-RDL-TS01,REDLER TS-1,UNIDAD_HOJA_BAJO_SUBSECTOR
PR,PRL2,PRELIMPIEZA 2,UNIDAD,TS04,PR-PRL2-RDL-TS04,BTZ_Description_04,PR-PRL2-LGC-PRELIMPIEZA 2,PR-PRL2-LGC-REDLERS,PR-PRL2-RDL-TS04,REDLER TS-4,PR-PRL2-RDL-TS04,REDLER TS-4,UNIDAD_HOJA_BAJO_SUBSECTOR
PR,PRL2,PRELIMPIEZA 2,UNIDAD,TS05,PR-PRL2-RDL-TS05,BTZ_Description_04,PR-PRL2-LGC-PRELIMPIEZA 2,PR-PRL2-LGC-REDLERS,PR-PRL2-RDL-TS05,REDLER TS-5,PR-PRL2-RDL-TS05,REDLER TS-5,UNIDAD_HOJA_BAJO_SUBSECTOR
PR,PRL2,PRELIMPIEZA 2,UNIDAD,TS08,PR-PRL2-RDL-TS08,BTZ_Description_04,PR-PRL2-LGC-PRELIMPIEZA 2,PR-PRL2-LGC-REDLERS,PR-PRL2-RDL-TS08,REDLER TS-8,PR-PRL2-RDL-TS08,REDLER TS-8,UNIDAD_HOJA_BAJO_SUBSECTOR
PR,PRL2,PRELIMPIEZA 2,UNIDAD,TS09,PR-PRL2-RDL-TS09,BTZ_Description_04,PR-PRL2-LGC-PRELIMPIEZA 2,PR-PRL2-LGC-REDLERS,PR-PRL2-RDL-TS09,REDLER TS-9,PR-PRL2-RDL-TS09,REDLER TS-9,UNIDAD_HOJA_BAJO_SUBSECTOR
PR,PRL2,PRELIMPIEZA 2,UNIDAD,TS10,PR-PRL2-RDL-TS10,BTZ_Description_04,PR-PRL2-LGC-PRELIMPIEZA 2,PR-PRL2-LGC-REDLERS,PR-PRL2-RDL-TS10,REDLER TS-10,PR-PRL2-RDL-TS10,REDLER TS-10,UNIDAD_HOJA_BAJO_SUBSECTOR
PR,PRL2,PRELIMPIEZA 2,UNIDAD,TSD2,PR-PRL2-RDL-TSD2,BTZ_Description_04,PR-PRL2-LGC-PRELIMPIEZA 2,PR-PRL2-LGC-REDLERS,PR-PRL2-RDL-TSD2,REDLER TSD-2,PR-PRL2-RDL-TSD2,REDLER TSD-2,UNIDAD_HOJA_BAJO_SUBSECTOR
PR,PRL2,PRELIMPIEZA 2,UNIDAD,TSD3,PR-PRL2-RDL-TSD3,BTZ_Description_04,PR-PRL2-LGC-PRELIMPIEZA 2,PR-PRL2-LGC-REDLERS,PR-PRL2-RDL-TSD3,REDLER TSD-3,PR-PRL2-RDL-TSD3,REDLER TSD-3,UNIDAD_HOJA_BAJO_SUBSECTOR
PR,PRL2,PRELIMPIEZA 2,SUBSECTOR,GENERAL,PR-PRL2-LGC-GENERAL,BTZ_Description_03,PR-PRL2-LGC-PRELIMPIEZA 2,PR-PRL2-LGC-GENERAL,,,PR-PRL2-LGC-PRELIMPIEZA 2,SUBSECTOR SINTETICO PARA HOJAS DIRECTAS DEL SECTOR,SUBSECTOR_SINTETICO_GENERAL
PR,PRL2,PRELIMPIEZA 2,UNIDAD,TSD4,PR-PRL2-RSC-TSD4,BTZ_Description_04,PR-PRL2-LGC-PRELIMPIEZA 2,PR-PRL2-LGC-GENERAL,PR-PRL2-RSC-TSD4,ROSCA TSD-4,PR-PRL2-RSC-TSD4,ROSCA TSD-4,UNIDAD_HOJA_DIRECTA_BAJO_SECTOR
PR,PRL2,PRELIMPIEZA 2,UNIDAD,PSD2,PR-PRL2-SLO-PSD2,BTZ_Description_04,PR-PRL2-LGC-PRELIMPIEZA 2,PR-PRL2-LGC-GENERAL,PR-PRL2-SLO-PSD2,SILO PULMON S.D. L1Y2,PR-PRL2-SLO-PSD2,SILO PULMON S.D. L1Y2,UNIDAD_HOJA_DIRECTA_BAJO_SECTOR
PR,SGI,SEGURIDAD INDUSTRIAL,SECTOR,SEGURIDAD INDUSTRIAL,PR-SGI-LGC-SEGURIDAD INDUST,BTZ_Description_02,PR-SGI-LGC-SEGURIDAD INDUST,,,,PR-SGI-LGC-SEGURIDAD INDUST,LOGICO SEGURIDAD INDUSTRIAL,SECTOR_DESDE_RAIZ_PR
PR,SGI,SEGURIDAD INDUSTRIAL,SUBSECTOR,GENERAL,PR-SGI-LGC-GENERAL,BTZ_Description_03,PR-SGI-LGC-SEGURIDAD INDUST,PR-SGI-LGC-GENERAL,,,PR-SGI-LGC-SEGURIDAD INDUST,SUBSECTOR SINTETICO PARA HOJAS DIRECTAS DEL SECTOR,SUBSECTOR_SINTETICO_GENERAL
PR,SGI,SEGURIDAD INDUSTRIAL,UNIDAD,INC1,PR-SGI-BMB-INC1,BTZ_Description_04,PR-SGI-LGC-SEGURIDAD INDUST,PR-SGI-LGC-GENERAL,PR-SGI-BMB-INC1,BOMBA CENTRIFUGA Nº 1 <O>,PR-SGI-BMB-INC1,BOMBA CENTRIFUGA Nº 1 <O>,UNIDAD_HOJA_DIRECTA_BAJO_SECTOR
PR,SGI,SEGURIDAD INDUSTRIAL,UNIDAD,INC2,PR-SGI-BMB-INC2,BTZ_Description_04,PR-SGI-LGC-SEGURIDAD INDUST,PR-SGI-LGC-GENERAL,PR-SGI-BMB-INC2,BOMBA CENTRIFUGA Nº 2 <E>,PR-SGI-BMB-INC2,BOMBA CENTRIFUGA Nº 2 <E>,UNIDAD_HOJA_DIRECTA_BAJO_SECTOR
PR,SGI,SEGURIDAD INDUSTRIAL,UNIDAD,INC3,PR-SGI-BMB-INC3,BTZ_Description_04,PR-SGI-LGC-SEGURIDAD INDUST,PR-SGI-LGC-GENERAL,PR-SGI-BMB-INC3,BOMBA CENTRIFUGA Nº 3 (ELECT.) <N>,PR-SGI-BMB-INC3,BOMBA CENTRIFUGA Nº 3 (ELECT.) <N>,UNIDAD_HOJA_DIRECTA_BAJO_SECTOR
PR,SGI,SEGURIDAD INDUSTRIAL,UNIDAD,INC4,PR-SGI-BMB-INC4,BTZ_Description_04,PR-SGI-LGC-SEGURIDAD INDUST,PR-SGI-LGC-GENERAL,PR-SGI-BMB-INC4,MOTOBOMBA Nº 4 <S>,PR-SGI-BMB-INC4,MOTOBOMBA Nº 4 <S>,UNIDAD_HOJA_DIRECTA_BAJO_SECTOR
PR,SGI,SEGURIDAD INDUSTRIAL,UNIDAD,INC5,PR-SGI-BMB-INC5,BTZ_Description_04,PR-SGI-LGC-SEGURIDAD INDUST,PR-SGI-LGC-GENERAL,PR-SGI-BMB-INC5,BOMBA ACHIQUE Nº 5,PR-SGI-BMB-INC5,BOMBA ACHIQUE Nº 5,UNIDAD_HOJA_DIRECTA_BAJO_SECTOR
PR,SGI,SEGURIDAD INDUSTRIAL,UNIDAD,INC6,PR-SGI-BMB-INC6,BTZ_Description_04,PR-SGI-LGC-SEGURIDAD INDUST,PR-SGI-LGC-GENERAL,PR-SGI-BMB-INC6,BOMBA CENTRIFUGA Nº 6 <PLAYA CASCARA>,PR-SGI-BMB-INC6,BOMBA CENTRIFUGA Nº 6 <PLAYA CASCARA>,UNIDAD_HOJA_DIRECTA_BAJO_SECTOR
PR,SGI,SEGURIDAD INDUSTRIAL,UNIDAD,INC7,PR-SGI-BMB-INC7,BTZ_Description_04,PR-SGI-LGC-SEGURIDAD INDUST,PR-SGI-LGC-GENERAL,PR-SGI-BMB-INC7,BOMBA CENTR. AUXILIAR SECADORA CEDAR,PR-SGI-BMB-INC7,BOMBA CENTR. AUXILIAR SECADORA CEDAR,UNIDAD_HOJA_DIRECTA_BAJO_SECTOR
PR,SGI,SEGURIDAD INDUSTRIAL,UNIDAD,INC8,PR-SGI-BMB-INC8,BTZ_Description_04,PR-SGI-LGC-SEGURIDAD INDUST,PR-SGI-LGC-GENERAL,PR-SGI-BMB-INC8,BOMBA P/ESPUMA CONTRA INCENDIO,PR-SGI-BMB-INC8,BOMBA P/ESPUMA CONTRA INCENDIO,UNIDAD_HOJA_DIRECTA_BAJO_SECTOR
PR,SGI,SEGURIDAD INDUSTRIAL,UNIDAD,INC9,PR-SGI-BMB-INC9,BTZ_Description_04,PR-SGI-LGC-SEGURIDAD INDUST,PR-SGI-LGC-GENERAL,PR-SGI-BMB-INC9,BOMBA CENTRIFUGA VERTICAL MULTIETAPA,PR-SGI-BMB-INC9,BOMBA CENTRIFUGA VERTICAL MULTIETAPA,UNIDAD_HOJA_DIRECTA_BAJO_SECTOR
PR,SGI,SEGURIDAD INDUSTRIAL,UNIDAD,AUST,PR-SGI-CST-AUST,BTZ_Description_04,PR-SGI-LGC-SEGURIDAD INDUST,PR-SGI-LGC-GENERAL,PR-SGI-CST-AUST,CISTERNA P/RED INCENDIO TK-AUS,PR-SGI-CST-AUST,CISTERNA P/RED INCENDIO TK-AUS,UNIDAD_HOJA_DIRECTA_BAJO_SECTOR
PR,SGI,SEGURIDAD INDUSTRIAL,UNIDAD,HE1,PR-SGI-HID-HE1,BTZ_Description_04,PR-SGI-LGC-SEGURIDAD INDUST,PR-SGI-LGC-GENERAL,PR-SGI-HID-HE1,HIDRANTES FIJOS EXT. 1,PR-SGI-HID-HE1,HIDRANTES FIJOS EXT. 1,UNIDAD_HOJA_DIRECTA_BAJO_SECTOR
PR,SGI,SEGURIDAD INDUSTRIAL,UNIDAD,HE2,PR-SGI-HID-HE2,BTZ_Description_04,PR-SGI-LGC-SEGURIDAD INDUST,PR-SGI-LGC-GENERAL,PR-SGI-HID-HE2,HIDRANTES FIJOS EXT. 2,PR-SGI-HID-HE2,HIDRANTES FIJOS EXT. 2,UNIDAD_HOJA_DIRECTA_BAJO_SECTOR
PR,SGI,SEGURIDAD INDUSTRIAL,UNIDAD,GRAL,PR-SGI-RDI-GRAL,BTZ_Description_04,PR-SGI-LGC-SEGURIDAD INDUST,PR-SGI-LGC-GENERAL,PR-SGI-RDI-GRAL,"RED INCENDIO DE 1 3/4"" A 12""",PR-SGI-RDI-GRAL,"RED INCENDIO DE 1 3/4"" A 12""",UNIDAD_HOJA_DIRECTA_BAJO_SECTOR
PR,SGI,SEGURIDAD INDUSTRIAL,UNIDAD,SRI,PR-SGI-VLV-SRI,BTZ_Description_04,PR-SGI-LGC-SEGURIDAD INDUST,PR-SGI-LGC-GENERAL,PR-SGI-VLV-SRI,VALVULA SEGURIDAD RED DE INCENDIO,PR-SGI-VLV-SRI,VALVULA SEGURIDAD RED DE INCENDIO,UNIDAD_HOJA_DIRECTA_BAJO_SECTOR
PR,ADM,ADMINISTRACION,SECTOR,ADMINISTRACION,PR-ADM-LGC-AMINISTRACION,BTZ_Description_02,PR-ADM-LGC-AMINISTRACION,,,,PR-ADM-LGC-AMINISTRACION,LOGICO ADMINISTRACION,SECTOR_DESDE_RAIZ_PR
PR,ADM,ADMINISTRACION,SUBSECTOR,GENERAL,PR-ADM-LGC-GENERAL,BTZ_Description_03,PR-ADM-LGC-AMINISTRACION,PR-ADM-LGC-GENERAL,,,PR-ADM-LGC-AMINISTRACION,SUBSECTOR SINTETICO PARA HOJAS DIRECTAS DEL SECTOR,SUBSECTOR_SINTETICO_GENERAL
PR,ADM,ADMINISTRACION,UNIDAD,ANOR,PR-ADM-AIR-ANOR,BTZ_Description_04,PR-ADM-LGC-AMINISTRACION,PR-ADM-LGC-GENERAL,PR-ADM-AIR-ANOR,AIRE ACONDICIONADO CENTRAL. NORTE,PR-ADM-AIR-ANOR,AIRE ACONDICIONADO CENTRAL. NORTE,UNIDAD_HOJA_DIRECTA_BAJO_SECTOR
PR,ADM,ADMINISTRACION,UNIDAD,ASUR,PR-ADM-AIR-ASUR,BTZ_Description_04,PR-ADM-LGC-AMINISTRACION,PR-ADM-LGC-GENERAL,PR-ADM-AIR-ASUR,AIRE ACONDICIONADO CENTRAL. SUR,PR-ADM-AIR-ASUR,AIRE ACONDICIONADO CENTRAL. SUR,UNIDAD_HOJA_DIRECTA_BAJO_SECTOR
PR,ADM,ADMINISTRACION,UNIDAD,EXPGO,PR-ADM-BMB-EXPGO,BTZ_Description_04,PR-ADM-LGC-AMINISTRACION,PR-ADM-LGC-GENERAL,PR-ADM-BMB-EXPGO,BOMBA EXPENDIO GAS-OIL,PR-ADM-BMB-EXPGO,BOMBA EXPENDIO GAS-OIL,UNIDAD_HOJA_DIRECTA_BAJO_SECTOR
PR,ADM,ADMINISTRACION,UNIDAD,GOIL,PR-ADM-BMB-GOIL,BTZ_Description_04,PR-ADM-LGC-AMINISTRACION,PR-ADM-LGC-GENERAL,PR-ADM-BMB-GOIL,BOMBA CARGA/DESCARGA G-OIL,PR-ADM-BMB-GOIL,BOMBA CARGA/DESCARGA G-OIL,UNIDAD_HOJA_DIRECTA_BAJO_SECTOR
PR,ADM,ADMINISTRACION,UNIDAD,GEC01,PR-ADM-GNR-GEC01,BTZ_Description_04,PR-ADM-LGC-AMINISTRACION,PR-ADM-LGC-GENERAL,PR-ADM-GNR-GEC01,GRUPO ELECTROGENO FEMA 24KW,PR-ADM-GNR-GEC01,GRUPO ELECTROGENO FEMA 24KW,UNIDAD_HOJA_DIRECTA_BAJO_SECTOR
PR,ADM,ADMINISTRACION,UNIDAD,JDC60,PR-ADM-GNR-JDC60,BTZ_Description_04,PR-ADM-LGC-AMINISTRACION,PR-ADM-LGC-GENERAL,PR-ADM-GNR-JDC60,GRUPO ELECTRÓGENO JOHN-DEERE/CRAMACO 60KVA,PR-ADM-GNR-JDC60,GRUPO ELECTRÓGENO JOHN-DEERE/CRAMACO 60KVA,UNIDAD_HOJA_DIRECTA_BAJO_SECTOR
PR,ADM,ADMINISTRACION,UNIDAD,MNG,PR-ADM-TKGO-MNG,BTZ_Description_04,PR-ADM-LGC-AMINISTRACION,PR-ADM-LGC-GENERAL,PR-ADM-TKGO-MNG,MANGUERA DESCARGA GAS-OIL,PR-ADM-TKGO-MNG,MANGUERA DESCARGA GAS-OIL,UNIDAD_HOJA_DIRECTA_BAJO_SECTOR
PR,ADM,ADMINISTRACION,UNIDAD,GOIL,PR-ADM-TNQ-GOIL,BTZ_Description_04,PR-ADM-LGC-AMINISTRACION,PR-ADM-LGC-GENERAL,PR-ADM-TNQ-GOIL,TANQUE ALMAC.Y EXPEND.GAS-OIL 1,PR-ADM-TNQ-GOIL,TANQUE ALMAC.Y EXPEND.GAS-OIL 1,UNIDAD_HOJA_DIRECTA_BAJO_SECTOR
PR,ADM,ADMINISTRACION,UNIDAD,UPS2,PR-ADM-UPS-UPS2,BTZ_Description_04,PR-ADM-LGC-AMINISTRACION,PR-ADM-LGC-GENERAL,PR-ADM-UPS-UPS2,UPS 2 SALA DE COMPUTOS EXTERNA,PR-ADM-UPS-UPS2,UPS 2 SALA DE COMPUTOS EXTERNA,UNIDAD_HOJA_DIRECTA_BAJO_SECTOR
PR,ADM,ADMINISTRACION,UNIDAD,TYTAT,PR-ADM-VHC-TYTAT,BTZ_Description_04,PR-ADM-LGC-AMINISTRACION,PR-ADM-LGC-GENERAL,PR-ADM-VHC-TYTAT,AUTOMOVIL TOYOTA COROLLA PATENTE AD531LB,PR-ADM-VHC-TYTAT,AUTOMOVIL TOYOTA COROLLA PATENTE AD531LB,UNIDAD_HOJA_DIRECTA_BAJO_SECTOR
PR,ADM,ADMINISTRACION,UNIDAD,TYTDC,PR-ADM-VHC-TYTDC,BTZ_Description_04,PR-ADM-LGC-AMINISTRACION,PR-ADM-LGC-GENERAL,PR-ADM-VHC-TYTDC,CAMIONETA TOYOTA HILUX DOBLE CABINA PATENTE AC297UX,PR-ADM-VHC-TYTDC,CAMIONETA TOYOTA HILUX DOBLE CABINA PATENTE AC297UX,UNIDAD_HOJA_DIRECTA_BAJO_SECTOR
PR,ADM,ADMINISTRACION,UNIDAD,TYTSW4,PR-ADM-VHC-TYTSW4,BTZ_Description_04,PR-ADM-LGC-AMINISTRACION,PR-ADM-LGC-GENERAL,PR-ADM-VHC-TYTSW4,CAMIONETA TOYOTA SW4 SRX (PATENTE AD052ZD),PR-ADM-VHC-TYTSW4,CAMIONETA TOYOTA SW4 SRX (PATENTE AD052ZD),UNIDAD_HOJA_DIRECTA_BAJO_SECTOR
PR,RAC,RED AIRE COMPRIMIDO,SECTOR,RED AIRE COMPRIMIDO,PR-RAC-LGC-RED AIRE COMPRIMIDO,BTZ_Description_02,PR-RAC-LGC-RED AIRE COMPRIMIDO,,,,PR-RAC-LGC-RED AIRE COMPRIMIDO,LOGICO RED AIRE COMPRIMIDO,SECTOR_DESDE_RAIZ_PR
PR,RAC,RED AIRE COMPRIMIDO,SUBSECTOR,SECADOR DE AIRE FRIGORIFICO FX 16,PR-RAC-LGC-SECADOR DE AIRE FRIGORIFICO FX 16,BTZ_Description_03,PR-RAC-LGC-RED AIRE COMPRIMIDO,PR-RAC-LGC-SECADOR DE AIRE FRIGORIFICO FX 16,,,PR-PDA-SEC-ARE16,SECADOR DE AIRE FRIGORIFICO FX 16,SUBSECTOR_DESDE_HIJO_LGC_O_NODO_INTERMEDIO
PR,RAC,RED AIRE COMPRIMIDO,UNIDAD,PDA3,PR-RAC-FLT-PDA3,BTZ_Description_04,PR-RAC-LGC-RED AIRE COMPRIMIDO,PR-RAC-LGC-SECADOR DE AIRE FRIGORIFICO FX 16,PR-RAC-FLT-PDA3,FILTRO COALESCENTE DD390 PLANTA DE AGUA,PR-RAC-FLT-PDA3,FILTRO COALESCENTE DD390 PLANTA DE AGUA,UNIDAD_HOJA_BAJO_SUBSECTOR
PR,RAC,RED AIRE COMPRIMIDO,UNIDAD,PDA4,PR-RAC-FLT-PDA4,BTZ_Description_04,PR-RAC-LGC-RED AIRE COMPRIMIDO,PR-RAC-LGC-SECADOR DE AIRE FRIGORIFICO FX 16,PR-RAC-FLT-PDA4,FILTRO COALESCENTE PD410 PLANTA DE AGUA,PR-RAC-FLT-PDA4,FILTRO COALESCENTE PD410 PLANTA DE AGUA,UNIDAD_HOJA_BAJO_SUBSECTOR
PR,RAC,RED AIRE COMPRIMIDO,SUBSECTOR,COMPRESOR ATLAS-COPCO GA-55,PR-RAC-LGC-COMPRESOR ATLAS-COPCO GA-55,BTZ_Description_03,PR-RAC-LGC-RED AIRE COMPRIMIDO,PR-RAC-LGC-COMPRESOR ATLAS-COPCO GA-55,,,PR-RAC-CMP-AC55,COMPRESOR ATLAS-COPCO GA-55,SUBSECTOR_DESDE_HIJO_LGC_O_NODO_INTERMEDIO
PR,RAC,RED AIRE COMPRIMIDO,UNIDAD,TRB1,PR-RAC-FLT-TRB1,BTZ_Description_04,PR-RAC-LGC-RED AIRE COMPRIMIDO,PR-RAC-LGC-COMPRESOR ATLAS-COPCO GA-55,PR-RAC-FLT-TRB1,FILTRO COALESCENTE DD280 TURBINA,PR-RAC-FLT-TRB1,FILTRO COALESCENTE DD280 TURBINA,UNIDAD_HOJA_BAJO_SUBSECTOR
PR,RAC,RED AIRE COMPRIMIDO,SUBSECTOR,COMPRESOR ATLAS-COPCO GA-75,PR-RAC-LGC-COMPRESOR ATLAS-COPCO GA-75,BTZ_Description_03,PR-RAC-LGC-RED AIRE COMPRIMIDO,PR-RAC-LGC-COMPRESOR ATLAS-COPCO GA-75,,,PR-RAC-CMP-AC75,COMPRESOR ATLAS-COPCO GA-75,SUBSECTOR_DESDE_HIJO_LGC_O_NODO_INTERMEDIO
PR,RAC,RED AIRE COMPRIMIDO,UNIDAD,PDA2,PR-RAC-FLT-PDA2,BTZ_Description_04,PR-RAC-LGC-RED AIRE COMPRIMIDO,PR-RAC-LGC-COMPRESOR ATLAS-COPCO GA-75,PR-RAC-FLT-PDA2,FILTRO COALESCENTE DD280 PLANTA DE AGUA,PR-RAC-FLT-PDA2,FILTRO COALESCENTE DD280 PLANTA DE AGUA,UNIDAD_HOJA_BAJO_SUBSECTOR
PR,RAC,RED AIRE COMPRIMIDO,SUBSECTOR,COMPRESOR ATLAS-COPCO GA-90,PR-RAC-LGC-COMPRESOR ATLAS-COPCO GA-90,BTZ_Description_03,PR-RAC-LGC-RED AIRE COMPRIMIDO,PR-RAC-LGC-COMPRESOR ATLAS-COPCO GA-90,,,PR-RAC-CMP-AC90,COMPRESOR ATLAS-COPCO GA-90,SUBSECTOR_DESDE_HIJO_LGC_O_NODO_INTERMEDIO
PR,RAC,RED AIRE COMPRIMIDO,UNIDAD,PDA1,PR-RAC-FLT-PDA1,BTZ_Description_04,PR-RAC-LGC-RED AIRE COMPRIMIDO,PR-RAC-LGC-COMPRESOR ATLAS-COPCO GA-90,PR-RAC-FLT-PDA1,FILTRO COALESCENTE DD280 PLANTA DE AGUA,PR-RAC-FLT-PDA1,FILTRO COALESCENTE DD280 PLANTA DE AGUA,UNIDAD_HOJA_BAJO_SUBSECTOR
PR,RAC,RED AIRE COMPRIMIDO,SUBSECTOR,GENERAL,PR-RAC-LGC-GENERAL,BTZ_Description_03,PR-RAC-LGC-RED AIRE COMPRIMIDO,PR-RAC-LGC-GENERAL,,,PR-RAC-LGC-RED AIRE COMPRIMIDO,SUBSECTOR SINTETICO PARA HOJAS DIRECTAS DEL SECTOR,SUBSECTOR_SINTETICO_GENERAL
PR,RAC,RED AIRE COMPRIMIDO,UNIDAD,ARE14,PR-PDA-SEC-ARE14,BTZ_Description_04,PR-RAC-LGC-RED AIRE COMPRIMIDO,PR-RAC-LGC-GENERAL,PR-PDA-SEC-ARE14,SECADOR DE AIRE FRIGORIFICO FX 14,PR-PDA-SEC-ARE14,SECADOR DE AIRE FRIGORIFICO FX 14,UNIDAD_HOJA_DIRECTA_BAJO_SECTOR
PR,RAC,RED AIRE COMPRIMIDO,UNIDAD,VSLAC,PR-RAC-VLV-VSLAC,BTZ_Description_04,PR-RAC-LGC-RED AIRE COMPRIMIDO,PR-RAC-LGC-GENERAL,PR-RAC-VLV-VSLAC,VALVULA DE SEGURIDAD RED DE AIRE COMPRIMIDO,PR-RAC-VLV-VSLAC,VALVULA DE SEGURIDAD RED DE AIRE COMPRIMIDO,UNIDAD_HOJA_DIRECTA_BAJO_SECTOR
PR,TLLE,TALLER ELECTRICO,SECTOR,TALLER ELECTRICO,PR-TLLE-LGC-TALLER ELECTRICO,BTZ_Description_02,PR-TLLE-LGC-TALLER ELECTRICO,,,,PR-TLLE-LGC-TALLER ELECTRICO,LOGICO TALLER ELECTRICO,SECTOR_DESDE_RAIZ_PR
PR,TLLE,TALLER ELECTRICO,SUBSECTOR,GENERAL,PR-TLLE-LGC-GENERAL,BTZ_Description_03,PR-TLLE-LGC-TALLER ELECTRICO,PR-TLLE-LGC-GENERAL,,,PR-TLLE-LGC-TALLER ELECTRICO,SUBSECTOR SINTETICO PARA HOJAS DIRECTAS DEL SECTOR,SUBSECTOR_SINTETICO_GENERAL
PR,TLLE,TALLER ELECTRICO,UNIDAD,PIE,PR-TLLE-AGJ-PIE,BTZ_Description_04,PR-TLLE-LGC-TALLER ELECTRICO,PR-TLLE-LGC-GENERAL,PR-TLLE-AGJ-PIE,PERFORADORA DE PIE,PR-TLLE-AGJ-PIE,PERFORADORA DE PIE,UNIDAD_HOJA_DIRECTA_BAJO_SECTOR
PR,TLLE,TALLER ELECTRICO,UNIDAD,BAN,PR-TLLE-AML-BAN,BTZ_Description_04,PR-TLLE-LGC-TALLER ELECTRICO,PR-TLLE-LGC-GENERAL,PR-TLLE-AML-BAN,AMOLADORA DE BANCO,PR-TLLE-AML-BAN,AMOLADORA DE BANCO,UNIDAD_HOJA_DIRECTA_BAJO_SECTOR
PR,TLLE,TALLER ELECTRICO,UNIDAD,EHI,PR-TLLE-ESC-EHI,BTZ_Description_04,PR-TLLE-LGC-TALLER ELECTRICO,PR-TLLE-LGC-GENERAL,PR-TLLE-ESC-EHI,ESCALERA ELECTRO-HIDRAULICA,PR-TLLE-ESC-EHI,ESCALERA ELECTRO-HIDRAULICA,UNIDAD_HOJA_DIRECTA_BAJO_SECTOR
PR,TLLE,TALLER ELECTRICO,UNIDAD,MEC,PR-TLLE-ESC-MEC,BTZ_Description_04,PR-TLLE-LGC-TALLER ELECTRICO,PR-TLLE-LGC-GENERAL,PR-TLLE-ESC-MEC,ESCALERA MECANICA MOVIL,PR-TLLE-ESC-MEC,ESCALERA MECANICA MOVIL,UNIDAD_HOJA_DIRECTA_BAJO_SECTOR
PR,TLLE,TALLER ELECTRICO,UNIDAD,MOT,PR-TLLE-HRN-MOT,BTZ_Description_04,PR-TLLE-LGC-TALLER ELECTRICO,PR-TLLE-LGC-GENERAL,PR-TLLE-HRN-MOT,HORNO ELECTRICO,PR-TLLE-HRN-MOT,HORNO ELECTRICO,UNIDAD_HOJA_DIRECTA_BAJO_SECTOR
PR,TLLE,TALLER ELECTRICO,UNIDAD,TEF,PR-TLLE-INS-TEF,BTZ_Description_04,PR-TLLE-LGC-TALLER ELECTRICO,PR-TLLE-LGC-GENERAL,PR-TLLE-INS-TEF,INSTRUMENTOS TALLER ELECTRICO,PR-TLLE-INS-TEF,INSTRUMENTOS TALLER ELECTRICO,UNIDAD_HOJA_DIRECTA_BAJO_SECTOR
PR,TLLE,TALLER ELECTRICO,UNIDAD,AUT,PR-TLLE-SLD-AUT,BTZ_Description_04,PR-TLLE-LGC-TALLER ELECTRICO,PR-TLLE-LGC-GENERAL,PR-TLLE-SLD-AUT,EQUIPO SOLDAR AUTOGENO Nº 1,PR-TLLE-SLD-AUT,EQUIPO SOLDAR AUTOGENO Nº 1,UNIDAD_HOJA_DIRECTA_BAJO_SECTOR
PR,TLLE,TALLER ELECTRICO,UNIDAD,ELE,PR-TLLE-SLD-ELE,BTZ_Description_04,PR-TLLE-LGC-TALLER ELECTRICO,PR-TLLE-LGC-GENERAL,PR-TLLE-SLD-ELE,EQUIPO SOLDADOR ELECTRICO,PR-TLLE-SLD-ELE,EQUIPO SOLDADOR ELECTRICO,UNIDAD_HOJA_DIRECTA_BAJO_SECTOR
PR,TLLE,TALLER ELECTRICO,UNIDAD,EME,PR-TLLE-SRR-EME,BTZ_Description_04,PR-TLLE-LGC-TALLER ELECTRICO,PR-TLLE-LGC-GENERAL,PR-TLLE-SRR-EME,SIERRA MECANICA,PR-TLLE-SRR-EME,SIERRA MECANICA,UNIDAD_HOJA_DIRECTA_BAJO_SECTOR
PR,ALM,ALMACEN RICARDONE,SECTOR,ALMACEN RICARDONE,PR-ALM-LGC-ALMACEN RICARDONE,BTZ_Description_02,PR-ALM-LGC-ALMACEN RICARDONE,,,,PR-ALM-LOG-ALMACEN RICARDONE,LOGICO ALMACEN RICARDONE,SECTOR_DESDE_RAIZ_PR
PR,ALM,ALMACEN RICARDONE,SUBSECTOR,GENERAL,PR-ALM-LGC-GENERAL,BTZ_Description_03,PR-ALM-LGC-ALMACEN RICARDONE,PR-ALM-LGC-GENERAL,,,PR-ALM-LOG-ALMACEN RICARDONE,SUBSECTOR SINTETICO PARA HOJAS DIRECTAS DEL SECTOR,SUBSECTOR_SINTETICO_GENERAL
PR,ALM,ALMACEN RICARDONE,UNIDAD,TYT6,PR-ALM-ATL-TYT6,BTZ_Description_04,PR-ALM-LGC-ALMACEN RICARDONE,PR-ALM-LGC-GENERAL,PR-ALM-ATL-TYT6,AUTOELEVADOR TOYOTA Nº 6,PR-ALM-ATL-TYT6,AUTOELEVADOR TOYOTA Nº 6,UNIDAD_HOJA_DIRECTA_BAJO_SECTOR
PR,ALM,ALMACEN RICARDONE,UNIDAD,TYT7,PR-ALM-ATL-TYT7,BTZ_Description_04,PR-ALM-LGC-ALMACEN RICARDONE,PR-ALM-LGC-GENERAL,PR-ALM-ATL-TYT7,AUTOELEVADOR TOYOTA Nº 7,PR-ALM-ATL-TYT7,AUTOELEVADOR TOYOTA Nº 7,UNIDAD_HOJA_DIRECTA_BAJO_SECTOR
PR,ALM,ALMACEN RICARDONE,UNIDAD,YAL3,PR-ALM-ATL-YAL3,BTZ_Description_04,PR-ALM-LGC-ALMACEN RICARDONE,PR-ALM-LGC-GENERAL,PR-ALM-ATL-YAL3,AUTOELEVADOR YALE Nº3 VERACITOR 55VX (GDP055VXYYSV096),PR-ALM-ATL-YAL3,AUTOELEVADOR YALE Nº3 VERACITOR 55VX (GDP055VXYYSV096),UNIDAD_HOJA_DIRECTA_BAJO_SECTOR
PR,SET,SUB ESTACION TRANSFORMADORA,SECTOR,SUB ESTACION TRANSFORMADORA,PR-SET-LGC-SET,BTZ_Description_02,PR-SET-LGC-SET,,,,PR-SET-LGC-SET,LOGICO SUB ESTACION TRANSFORMADORA,SECTOR_DESDE_RAIZ_PR
PR,SET,SUB ESTACION TRANSFORMADORA,SUBSECTOR,GENERAL,PR-SET-LGC-GENERAL,BTZ_Description_03,PR-SET-LGC-SET,PR-SET-LGC-GENERAL,,,PR-SET-LGC-SET,SUBSECTOR SINTETICO PARA HOJAS DIRECTAS DEL SECTOR,SUBSECTOR_SINTETICO_GENERAL
PR,SET,SUB ESTACION TRANSFORMADORA,UNIDAD,100,PR-SET-SET-100,BTZ_Description_04,PR-SET-LGC-SET,PR-SET-LGC-GENERAL,PR-SET-SET-100,SET 100,PR-SET-SET-100,SET 100,UNIDAD_HOJA_DIRECTA_BAJO_SECTOR
PR,SET,SUB ESTACION TRANSFORMADORA,UNIDAD,200,PR-SET-SET-200,BTZ_Description_04,PR-SET-LGC-SET,PR-SET-LGC-GENERAL,PR-SET-SET-200,SET 200,PR-SET-SET-200,SET 200,UNIDAD_HOJA_DIRECTA_BAJO_SECTOR
PR,SET,SUB ESTACION TRANSFORMADORA,UNIDAD,300,PR-SET-SET-300,BTZ_Description_04,PR-SET-LGC-SET,PR-SET-LGC-GENERAL,PR-SET-SET-300,SET 300,PR-SET-SET-300,SET 300,UNIDAD_HOJA_DIRECTA_BAJO_SECTOR
PR,AGR,PALA MECANICA CATERPILLAR 924K Nº2 (CAT0924KVKW401288),SECTOR,PALA MECANICA CATERPILLAR 924K Nº2 (CAT0924KVKW401288),PR-AGR-LGC-PALA MECANICA CATERPILLAR 924K Nº2 (CAT0924KVKW401288),BTZ_Description_02,PR-AGR-LGC-PALA MECANICA CATERPILLAR 924K Nº2 (CAT0924KVKW401288),,,,PR-AGR-PLM-924K2,PALA MECANICA CATERPILLAR 924K Nº2 (CAT0924KVKW401288),SECTOR_DESDE_RAIZ_PR
PR,CCM,CCM VAPOR 2,SECTOR,CCM VAPOR 2,PR-CCM-LGC-CCM VAPOR 2,BTZ_Description_02,PR-CCM-LGC-CCM VAPOR 2,,,,PR-CCM-CCM-VPR2,CCM VAPOR 2,SECTOR_DESDE_RAIZ_PR
PR,LNT,ROSCA T023/1,SECTOR,ROSCA T023/1,PR-LNT-LGC-ROSCA T023/1,BTZ_Description_02,PR-LNT-LGC-ROSCA T023/1,,,,PR-LNT-RSC-T023/1,ROSCA T023/1,SECTOR_DESDE_RAIZ_PR
PR,PLYMP,BASCULAS,SECTOR,BASCULAS,PR-PLYMP-LGC-BASCULAS,BTZ_Description_02,PR-PLYMP-LGC-BASCULAS,,,,PR-PLYMP-LGC-BASCULAS,LOGICO BASCULAS,SECTOR_DESDE_RAIZ_PR
PR,PLYMP,SILO CELDA DEP. M. P. Nº 1,SECTOR,SILO CELDA DEP. M. P. Nº 1,PR-PLYMP-LGC-SILO CELDA DEP. M. P. Nº 1,BTZ_Description_02,PR-PLYMP-LGC-SILO CELDA DEP. M. P. Nº 1,,,,PR-PLYMP-SLO-DMP01,SILO CELDA DEP. M. P. Nº 1,SECTOR_DESDE_RAIZ_PR
PR,PLYMP,VENTILADOR Nº 1 AIREACION S-1,SECTOR,VENTILADOR Nº 1 AIREACION S-1,PR-PLYMP-LGC-VENTILADOR Nº 1 AIREACION S-1,BTZ_Description_02,PR-PLYMP-LGC-VENTILADOR Nº 1 AIREACION S-1,,,,PR-PLYMP-VNT-AIRS101,VENTILADOR Nº 1 AIREACION S-1,SECTOR_DESDE_RAIZ_PR
PR,PLYSP,TOLVA CARGA DE CAMIONES CELDA 08,SECTOR,TOLVA CARGA DE CAMIONES CELDA 08,PR-PLYSP-LGC-TOLVA CARGA DE CAMIONES CELDA 08,BTZ_Description_02,PR-PLYSP-LGC-TOLVA CARGA DE CAMIONES CELDA 08,,,,PR-PLYSP-TLV-CCC08,TOLVA CARGA DE CAMIONES CELDA 08,SECTOR_DESDE_RAIZ_PR
PR,PLYSP,VALVULA TOLVA CARGA S-08,SECTOR,VALVULA TOLVA CARGA S-08,PR-PLYSP-LGC-VALVULA TOLVA CARGA S-08,BTZ_Description_02,PR-PLYSP-LGC-VALVULA TOLVA CARGA S-08,,,,PR-PLYSP-VLV-CCS08,VALVULA TOLVA CARGA S-08,SECTOR_DESDE_RAIZ_PR
PR,RAC,COMPRESOR SULLAIR MOD. 16/75,SECTOR,COMPRESOR SULLAIR MOD. 16/75,PR-RAC-LGC-COMPRESOR SULLAIR MOD. 16/75,BTZ_Description_02,PR-RAC-LGC-COMPRESOR SULLAIR MOD. 16/75,,,,PR-RAC-CMP-S1675,COMPRESOR SULLAIR MOD. 16/75,SECTOR_DESDE_RAIZ_PR
PR,VPR2,FILTROS ENTRADA FUEL-OIL,SECTOR,FILTROS ENTRADA FUEL-OIL,PR-VPR2-LGC-FILTROS ENTRADA FUEL-OIL,BTZ_Description_02,PR-VPR2-LGC-FILTROS ENTRADA FUEL-OIL,,,,PR-VPR2-FLT-EFO,FILTROS ENTRADA FUEL-OIL,SECTOR_DESDE_RAIZ_PR
PR,VPR2,FILTROS SALIDA FUEL-OIL,SECTOR,FILTROS SALIDA FUEL-OIL,PR-VPR2-LGC-FILTROS SALIDA FUEL-OIL,BTZ_Description_02,PR-VPR2-LGC-FILTROS SALIDA FUEL-OIL,,,,PR-VPR2-FLT-SFO,FILTROS SALIDA FUEL-OIL,SECTOR_DESDE_RAIZ_PR
