codigo_project,descripcion_project,element_id_contenedor,unique_id_contenedor,btz_path_contenedor,tipo_asociacion,ancestro_project_usado,estado_asociacion,escrito_en_btz_description,btz_description_slot_usado,motivo
P10-DSC-BMB-BS02,BOMBA SOPLANTE BS02,378617,ddbef6d8-5146-4ece-9a6f-82caaca14519-0005c6f9,P10 > P10-DSC-LGC-DESCASCARADO > P10-DSC-LGC-MOLINO,contenedor_por_ancestro_project,P10-DSC-LGC-MOLINO,asociado_a_contenedor,SI,btz_description_04,escrito_en_slot_btz
P10-DSC-CCL-CBS02,CICLON BOMBA SOPLANTE BS02,378617,ddbef6d8-5146-4ece-9a6f-82caaca14519-0005c6f9,P10 > P10-DSC-LGC-DESCASCARADO > P10-DSC-LGC-MOLINO,contenedor_por_ancestro_project,P10-DSC-LGC-MOLINO,asociado_a_contenedor,SI,btz_description_05,escrito_en_slot_btz
P10-DSC-MLN-M05,MOLINO A MARTILLO DE CASC. 05 LADO ESTE,378617,ddbef6d8-5146-4ece-9a6f-82caaca14519-0005c6f9,P10 > P10-DSC-LGC-DESCASCARADO > P10-DSC-LGC-MOLINO,contenedor_por_ancestro_project,P10-DSC-LGC-MOLINO,asociado_a_contenedor,SI,btz_description_06,escrito_en_slot_btz
P10-DSC-ALM-MA05,ALIM. MOLINO A MARTILLO M05,378617,ddbef6d8-5146-4ece-9a6f-82caaca14519-0005c6f9,P10 > P10-DSC-LGC-DESCASCARADO > P10-DSC-LGC-MOLINO,contenedor_por_ancestro_project,P10-DSC-LGC-MOLINO,asociado_a_contenedor,SI,btz_description_07,escrito_en_slot_btz
P10-DSC-RSC-MSF05,SIN FIN MSF05 DESCARGA DE M05,378617,ddbef6d8-5146-4ece-9a6f-82caaca14519-0005c6f9,P10 > P10-DSC-LGC-DESCASCARADO > P10-DSC-LGC-MOLINO,contenedor_por_ancestro_project,P10-DSC-LGC-MOLINO,asociado_a_contenedor,SI,btz_description_08,escrito_en_slot_btz
P10-DSC-MLN-M06,MOLINO A MARTILLO DE CASC. 06 LADO OESTE,378617,ddbef6d8-5146-4ece-9a6f-82caaca14519-0005c6f9,P10 > P10-DSC-LGC-DESCASCARADO > P10-DSC-LGC-MOLINO,contenedor_por_ancestro_project,P10-DSC-LGC-MOLINO,asociado_a_contenedor,SI,btz_description_09,escrito_en_slot_btz
P10-DSC-ALM-MA06,ALIM. MOLINO A MARTILLO M06,378617,ddbef6d8-5146-4ece-9a6f-82caaca14519-0005c6f9,P10 > P10-DSC-LGC-DESCASCARADO > P10-DSC-LGC-MOLINO,contenedor_por_ancestro_project,P10-DSC-LGC-MOLINO,asociado_a_contenedor,SI,btz_description_10,escrito_en_slot_btz
P10-DSC-RSC-MSF06,SIN FIN MSF06 DESCARGA DE M06,378617,ddbef6d8-5146-4ece-9a6f-82caaca14519-0005c6f9,P10 > P10-DSC-LGC-DESCASCARADO > P10-DSC-LGC-MOLINO,contenedor_por_ancestro_project,P10-DSC-LGC-MOLINO,asociado_a_contenedor,SI,btz_description_11,escrito_en_slot_btz
P10-DSC-RSC-SF15,SIN FIN A TOLVA DE SOPLANTE BS02,378617,ddbef6d8-5146-4ece-9a6f-82caaca14519-0005c6f9,P10 > P10-DSC-LGC-DESCASCARADO > P10-DSC-LGC-MOLINO,contenedor_por_ancestro_project,P10-DSC-LGC-MOLINO,asociado_a_contenedor,SI,btz_description_12,escrito_en_slot_btz
P10-DSC-VLV-VR17,VALVULA ROTATIVA  VR17 RECIBER DE BS01,378617,ddbef6d8-5146-4ece-9a6f-82caaca14519-0005c6f9,P10 > P10-DSC-LGC-DESCASCARADO > P10-DSC-LGC-MOLINO,contenedor_por_ancestro_project,P10-DSC-LGC-MOLINO,asociado_a_contenedor,SI,btz_description_13,escrito_en_slot_btz
P10-DSC-VLV-VR15A,VALVULA ROTATIVA CONJUNTO COMPLETO VR15A,378617,ddbef6d8-5146-4ece-9a6f-82caaca14519-0005c6f9,P10 > P10-DSC-LGC-DESCASCARADO > P10-DSC-LGC-MOLINO,contenedor_por_ancestro_project,P10-DSC-LGC-MOLINO,asociado_a_contenedor,SI,btz_description_14,escrito_en_slot_btz
P10-DSC-QBR-Q11,QUEBRADOR 11 DESC 1RA PASADA (COMPARTE CAIDA C/Q15),378268,ddbef6d8-5146-4ece-9a6f-82caaca14519-0005c59c,P10 > P10-DSC-LGC-DESCASCARADO > P10-DSC-LGC-QUEBRADORES,contenedor_por_ancestro_project,P10-DSC-LGC-QUEBRADORES,asociado_a_contenedor,SI,btz_description_04,escrito_en_slot_btz
P10-DSC-QBR-QA11,ALIMENADOR Q11 DESC 1RA PASADA,378268,ddbef6d8-5146-4ece-9a6f-82caaca14519-0005c59c,P10 > P10-DSC-LGC-DESCASCARADO > P10-DSC-LGC-QUEBRADORES,contenedor_por_ancestro_project,P10-DSC-LGC-QUEBRADORES,asociado_a_contenedor,SI,btz_description_05,escrito_en_slot_btz
P10-DSC-QBR-Q12,QUEBRADOR 12 DESC 1RA PASADA (COMPARTE CAIDA C/Q16),378268,ddbef6d8-5146-4ece-9a6f-82caaca14519-0005c59c,P10 > P10-DSC-LGC-DESCASCARADO > P10-DSC-LGC-QUEBRADORES,contenedor_por_ancestro_project,P10-DSC-LGC-QUEBRADORES,asociado_a_contenedor,SI,btz_description_06,escrito_en_slot_btz
P10-DSC-QBR-QA12,ALIMENADOR Q12 DESC 1RA PASADA,378268,ddbef6d8-5146-4ece-9a6f-82caaca14519-0005c59c,P10 > P10-DSC-LGC-DESCASCARADO > P10-DSC-LGC-QUEBRADORES,contenedor_por_ancestro_project,P10-DSC-LGC-QUEBRADORES,asociado_a_contenedor,SI,btz_description_07,escrito_en_slot_btz
P10-DSC-QBR-Q13,QUEBRADOR 13 DESC 1RA PASADA (COMPARTE CAIDA C/Q17),378268,ddbef6d8-5146-4ece-9a6f-82caaca14519-0005c59c,P10 > P10-DSC-LGC-DESCASCARADO > P10-DSC-LGC-QUEBRADORES,contenedor_por_ancestro_project,P10-DSC-LGC-QUEBRADORES,asociado_a_contenedor,SI,btz_description_08,escrito_en_slot_btz
P10-DSC-QBR-QA13,ALIMENADOR Q13 DESC 1RA PASADA,378268,ddbef6d8-5146-4ece-9a6f-82caaca14519-0005c59c,P10 > P10-DSC-LGC-DESCASCARADO > P10-DSC-LGC-QUEBRADORES,contenedor_por_ancestro_project,P10-DSC-LGC-QUEBRADORES,asociado_a_contenedor,SI,btz_description_09,escrito_en_slot_btz
P10-DSC-QBR-Q14,QUEBRADOR 14 DESC 1RA PASADA (COMPARTE CAIDA C/Q18),378268,ddbef6d8-5146-4ece-9a6f-82caaca14519-0005c59c,P10 > P10-DSC-LGC-DESCASCARADO > P10-DSC-LGC-QUEBRADORES,contenedor_por_ancestro_project,P10-DSC-LGC-QUEBRADORES,asociado_a_contenedor,SI,btz_description_10,escrito_en_slot_btz
P10-DSC-QBR-QA14,ALIMENADOR Q14 DESC 1RA PASADA,378268,ddbef6d8-5146-4ece-9a6f-82caaca14519-0005c59c,P10 > P10-DSC-LGC-DESCASCARADO > P10-DSC-LGC-QUEBRADORES,contenedor_por_ancestro_project,P10-DSC-LGC-QUEBRADORES,asociado_a_contenedor,SI,btz_description_11,escrito_en_slot_btz
P10-DSC-QBR-Q15,QUEBRADOR 15 DESC 1RA PASADA (COMPARTE CAIDA C/Q11),378268,ddbef6d8-5146-4ece-9a6f-82caaca14519-0005c59c,P10 > P10-DSC-LGC-DESCASCARADO > P10-DSC-LGC-QUEBRADORES,contenedor_por_ancestro_project,P10-DSC-LGC-QUEBRADORES,asociado_a_contenedor,SI,btz_description_12,escrito_en_slot_btz
P10-DSC-QBR-QA15,ALIMENADOR Q15 DESC 1RA PASADA,378268,ddbef6d8-5146-4ece-9a6f-82caaca14519-0005c59c,P10 > P10-DSC-LGC-DESCASCARADO > P10-DSC-LGC-QUEBRADORES,contenedor_por_ancestro_project,P10-DSC-LGC-QUEBRADORES,asociado_a_contenedor,SI,btz_description_13,escrito_en_slot_btz
P10-DSC-QBR-Q16,QUEBRADOR 16 DESC 1RA PASADA (COMPARTE CAIDA C/Q12),378268,ddbef6d8-5146-4ece-9a6f-82caaca14519-0005c59c,P10 > P10-DSC-LGC-DESCASCARADO > P10-DSC-LGC-QUEBRADORES,contenedor_por_ancestro_project,P10-DSC-LGC-QUEBRADORES,asociado_a_contenedor,SI,btz_description_14,escrito_en_slot_btz
P10-DSC-QBR-QA16,ALIMENADOR Q16 DESC 1RA PASADA,378268,ddbef6d8-5146-4ece-9a6f-82caaca14519-0005c59c,P10 > P10-DSC-LGC-DESCASCARADO > P10-DSC-LGC-QUEBRADORES,contenedor_por_ancestro_project,P10-DSC-LGC-QUEBRADORES,asociado_a_contenedor,SI,btz_description_15,escrito_en_slot_btz
P10-DSC-QBR-Q17,QUEBRADOR 17 DESC 1RA PASADA (COMPARTE CAIDA C/Q13),378268,ddbef6d8-5146-4ece-9a6f-82caaca14519-0005c59c,P10 > P10-DSC-LGC-DESCASCARADO > P10-DSC-LGC-QUEBRADORES,contenedor_por_ancestro_project,P10-DSC-LGC-QUEBRADORES,asociado_a_contenedor,SI,btz_description_16,escrito_en_slot_btz
P10-DSC-QBR-QA17,ALIMENADOR Q17 DESC 1RA PASADA,378268,ddbef6d8-5146-4ece-9a6f-82caaca14519-0005c59c,P10 > P10-DSC-LGC-DESCASCARADO > P10-DSC-LGC-QUEBRADORES,contenedor_por_ancestro_project,P10-DSC-LGC-QUEBRADORES,asociado_a_contenedor,SI,btz_description_17,escrito_en_slot_btz
P10-DSC-QBR-Q18,QUEBRADOR 18 DESC 1RA PASADA (COMPARTE CAIDA C/Q14),378268,ddbef6d8-5146-4ece-9a6f-82caaca14519-0005c59c,P10 > P10-DSC-LGC-DESCASCARADO > P10-DSC-LGC-QUEBRADORES,contenedor_por_ancestro_project,P10-DSC-LGC-QUEBRADORES,asociado_a_contenedor,SI,btz_description_18,escrito_en_slot_btz
P10-DSC-QBR-QA18,ALIMENADOR Q18 DESC 1RA PASADA,378268,ddbef6d8-5146-4ece-9a6f-82caaca14519-0005c59c,P10 > P10-DSC-LGC-DESCASCARADO > P10-DSC-LGC-QUEBRADORES,contenedor_por_ancestro_project,P10-DSC-LGC-QUEBRADORES,asociado_a_contenedor,SI,btz_description_19,escrito_en_slot_btz
P10-DSC-RDL-R33,REDLER R33 RECIBE DE ZARANDAS ROTEX,378728,ddbef6d8-5146-4ece-9a6f-82caaca14519-0005c768,P10 > P10-DSC-LGC-DESCASCARADO > P10-DSC-LGC-REDLER,contenedor_por_ancestro_project,P10-DSC-LGC-REDLER,asociado_a_contenedor,SI,btz_description_04,escrito_en_slot_btz
P10-DSC-RDL-R34,REDLER R34 RECIBE DE AS04,378728,ddbef6d8-5146-4ece-9a6f-82caaca14519-0005c768,P10 > P10-DSC-LGC-DESCASCARADO > P10-DSC-LGC-REDLER,contenedor_por_ancestro_project,P10-DSC-LGC-REDLER,asociado_a_contenedor,SI,btz_description_05,escrito_en_slot_btz
P10-DSC-RDL-R35,REDLER R35 A MOLINOS DE CASCARA,378728,ddbef6d8-5146-4ece-9a6f-82caaca14519-0005c768,P10 > P10-DSC-LGC-DESCASCARADO > P10-DSC-LGC-REDLER,contenedor_por_ancestro_project,P10-DSC-LGC-REDLER,asociado_a_contenedor,SI,btz_description_06,escrito_en_slot_btz
P10-DSC-RDL-R36,REDLER R36 A R34,378728,ddbef6d8-5146-4ece-9a6f-82caaca14519-0005c768,P10 > P10-DSC-LGC-DESCASCARADO > P10-DSC-LGC-REDLER,contenedor_por_ancestro_project,P10-DSC-LGC-REDLER,asociado_a_contenedor,SI,btz_description_07,escrito_en_slot_btz
P10-DSC-RSC-SF07,CARGA ZARANDA 1,378146,ddbef6d8-5146-4ece-9a6f-82caaca14519-0005c522,P10 > P10-DSC-LGC-DESCASCARADO > P10-DSC-LGC-ZARANDAS,contenedor_por_ancestro_project,P10-DSC-LGC-ZARANDAS,asociado_a_contenedor,SI,btz_description_04,escrito_en_slot_btz
P10-DSC-RSC-SF06,CARGA ZARANDA 3,378146,ddbef6d8-5146-4ece-9a6f-82caaca14519-0005c522,P10 > P10-DSC-LGC-DESCASCARADO > P10-DSC-LGC-ZARANDAS,contenedor_por_ancestro_project,P10-DSC-LGC-ZARANDAS,asociado_a_contenedor,SI,btz_description_05,escrito_en_slot_btz
P10-DSC-RSC-SF23,RECIBE CASCARA DE Z06 A R33,378146,ddbef6d8-5146-4ece-9a6f-82caaca14519-0005c522,P10 > P10-DSC-LGC-DESCASCARADO > P10-DSC-LGC-ZARANDAS,contenedor_por_ancestro_project,P10-DSC-LGC-ZARANDAS,asociado_a_contenedor,SI,btz_description_06,escrito_en_slot_btz
P10-DSC-RSC-SF21,RECIBE DE LAS ROTATIVAS DE LOS CICLONES DE DESCASCARADO (VR68-VR12-VR69-VR13),378146,ddbef6d8-5146-4ece-9a6f-82caaca14519-0005c522,P10 > P10-DSC-LGC-DESCASCARADO > P10-DSC-LGC-ZARANDAS,contenedor_por_ancestro_project,P10-DSC-LGC-ZARANDAS,asociado_a_contenedor,SI,btz_description_07,escrito_en_slot_btz
P10-DSC-RSC-SF22,RECIBE DE VR17 A Z06,378146,ddbef6d8-5146-4ece-9a6f-82caaca14519-0005c522,P10 > P10-DSC-LGC-DESCASCARADO > P10-DSC-LGC-ZARANDAS,contenedor_por_ancestro_project,P10-DSC-LGC-ZARANDAS,asociado_a_contenedor,SI,btz_description_08,escrito_en_slot_btz
P10-DSC-RSC-SF24,RECIBE GRUESO DE Z06,378146,ddbef6d8-5146-4ece-9a6f-82caaca14519-0005c522,P10 > P10-DSC-LGC-DESCASCARADO > P10-DSC-LGC-ZARANDAS,contenedor_por_ancestro_project,P10-DSC-LGC-ZARANDAS,asociado_a_contenedor,SI,btz_description_09,escrito_en_slot_btz
P10-DSC-ZRN-Z01,ZARANDAS Z01 ROTEX MODELO 5722S,378146,ddbef6d8-5146-4ece-9a6f-82caaca14519-0005c522,P10 > P10-DSC-LGC-DESCASCARADO > P10-DSC-LGC-ZARANDAS,contenedor_por_ancestro_project,P10-DSC-LGC-ZARANDAS,asociado_a_contenedor,SI,btz_description_10,escrito_en_slot_btz
P10-DSC-ZRN-Z02,ZARANDAS Z02 ROTEX MODELO 5722S,378146,ddbef6d8-5146-4ece-9a6f-82caaca14519-0005c522,P10 > P10-DSC-LGC-DESCASCARADO > P10-DSC-LGC-ZARANDAS,contenedor_por_ancestro_project,P10-DSC-LGC-ZARANDAS,asociado_a_contenedor,SI,btz_description_11,escrito_en_slot_btz
P10-DSC-ZRN-Z03,ZARANDAS Z03 ROTEX MODELO 5722S,378146,ddbef6d8-5146-4ece-9a6f-82caaca14519-0005c522,P10 > P10-DSC-LGC-DESCASCARADO > P10-DSC-LGC-ZARANDAS,contenedor_por_ancestro_project,P10-DSC-LGC-ZARANDAS,asociado_a_contenedor,SI,btz_description_12,escrito_en_slot_btz
P10-DSC-ZRN-Z04,ZARANDAS Z04 ROTEX MODELO 5722S,378146,ddbef6d8-5146-4ece-9a6f-82caaca14519-0005c522,P10 > P10-DSC-LGC-DESCASCARADO > P10-DSC-LGC-ZARANDAS,contenedor_por_ancestro_project,P10-DSC-LGC-ZARANDAS,asociado_a_contenedor,SI,btz_description_13,escrito_en_slot_btz
P10-DSC-ZRN-Z05,ZARANDAS Z05 ROTEX MODELO 5722S,378146,ddbef6d8-5146-4ece-9a6f-82caaca14519-0005c522,P10 > P10-DSC-LGC-DESCASCARADO > P10-DSC-LGC-ZARANDAS,contenedor_por_ancestro_project,P10-DSC-LGC-ZARANDAS,asociado_a_contenedor,SI,btz_description_14,escrito_en_slot_btz
P10-DSC-ZRN-Z06,ZARANDAS Z06 ROTEX MODELO 5722S,378146,ddbef6d8-5146-4ece-9a6f-82caaca14519-0005c522,P10 > P10-DSC-LGC-DESCASCARADO > P10-DSC-LGC-ZARANDAS,contenedor_por_ancestro_project,P10-DSC-LGC-ZARANDAS,asociado_a_contenedor,SI,btz_description_15,escrito_en_slot_btz
P10-EXT-HDR-HCP01,HIDROCICLON PRIMARIO HCP01 LADO ESTE,282755,a027b4da-4e9c-44ad-b607-5fb48d4c7061-00045083,P10 > P10-EXT-LGC-EXTRACCION > P10-EXT-EXT-M202 > P10-EXT-LGC-HIDROCICLONES,contenedor_por_ancestro_project,P10-EXT-LGC-HIDROCICLONES,asociado_a_contenedor,SI,btz_description_05,escrito_en_slot_btz
P10-EXT-HDR-HCP02,HIDROCICLON PRIMARIO HCP02 LADO CENTRO,282755,a027b4da-4e9c-44ad-b607-5fb48d4c7061-00045083,P10 > P10-EXT-LGC-EXTRACCION > P10-EXT-EXT-M202 > P10-EXT-LGC-HIDROCICLONES,contenedor_por_ancestro_project,P10-EXT-LGC-HIDROCICLONES,asociado_a_contenedor,SI,btz_description_06,escrito_en_slot_btz
P10-EXT-HDR-HCP03,HIDROCICLON PRIMARIO HCP03 LADO OESTE,282755,a027b4da-4e9c-44ad-b607-5fb48d4c7061-00045083,P10 > P10-EXT-LGC-EXTRACCION > P10-EXT-EXT-M202 > P10-EXT-LGC-HIDROCICLONES,contenedor_por_ancestro_project,P10-EXT-LGC-HIDROCICLONES,asociado_a_contenedor,SI,btz_description_07,escrito_en_slot_btz
P10-EXT-HDR-HCS01E,HIDROCICLON SECUNDARIO HCS01E LADO ESTE-NORTE A SUR,282755,a027b4da-4e9c-44ad-b607-5fb48d4c7061-00045083,P10 > P10-EXT-LGC-EXTRACCION > P10-EXT-EXT-M202 > P10-EXT-LGC-HIDROCICLONES,contenedor_por_ancestro_project,P10-EXT-LGC-HIDROCICLONES,asociado_a_contenedor,SI,btz_description_08,escrito_en_slot_btz
P10-EXT-HDR-HCS01O,HIDROCICLON SECUNDARIO HCS01O LADO OESTE-NORTE A SUR,282755,a027b4da-4e9c-44ad-b607-5fb48d4c7061-00045083,P10 > P10-EXT-LGC-EXTRACCION > P10-EXT-EXT-M202 > P10-EXT-LGC-HIDROCICLONES,contenedor_por_ancestro_project,P10-EXT-LGC-HIDROCICLONES,asociado_a_contenedor,SI,btz_description_09,escrito_en_slot_btz
P10-EXT-HDR-HCS02E,HIDROCICLON SECUNDARIO HCS02E LADO ESTE-NORTE A SUR,282755,a027b4da-4e9c-44ad-b607-5fb48d4c7061-00045083,P10 > P10-EXT-LGC-EXTRACCION > P10-EXT-EXT-M202 > P10-EXT-LGC-HIDROCICLONES,contenedor_por_ancestro_project,P10-EXT-LGC-HIDROCICLONES,asociado_a_contenedor,SI,btz_description_10,escrito_en_slot_btz
P10-EXT-HDR-HCS02O,HIDROCICLON SECUNDARIO HCS02O LADO OESTE-NORTE A SUR,282755,a027b4da-4e9c-44ad-b607-5fb48d4c7061-00045083,P10 > P10-EXT-LGC-EXTRACCION > P10-EXT-EXT-M202 > P10-EXT-LGC-HIDROCICLONES,contenedor_por_ancestro_project,P10-EXT-LGC-HIDROCICLONES,asociado_a_contenedor,SI,btz_description_11,escrito_en_slot_btz
P10-EXT-HDR-HCS03E,HIDROCICLON SECUNDARIO HCS03E LADO ESTE -NORTE A SUR,282755,a027b4da-4e9c-44ad-b607-5fb48d4c7061-00045083,P10 > P10-EXT-LGC-EXTRACCION > P10-EXT-EXT-M202 > P10-EXT-LGC-HIDROCICLONES,contenedor_por_ancestro_project,P10-EXT-LGC-HIDROCICLONES,asociado_a_contenedor,SI,btz_description_12,escrito_en_slot_btz
P10-EXT-HDR-HCS03O,HIDROCICLON SECUNDARIO HCS03O LADO OESTE -NORTE A SUR,282755,a027b4da-4e9c-44ad-b607-5fb48d4c7061-00045083,P10 > P10-EXT-LGC-EXTRACCION > P10-EXT-EXT-M202 > P10-EXT-LGC-HIDROCICLONES,contenedor_por_ancestro_project,P10-EXT-LGC-HIDROCICLONES,asociado_a_contenedor,SI,btz_description_13,escrito_en_slot_btz
P10-EXT-HDR-HCS04E,HIDROCICLON SECUNDARIO HCS04E LADO ESTE -NORTE A SUR,282755,a027b4da-4e9c-44ad-b607-5fb48d4c7061-00045083,P10 > P10-EXT-LGC-EXTRACCION > P10-EXT-EXT-M202 > P10-EXT-LGC-HIDROCICLONES,contenedor_por_ancestro_project,P10-EXT-LGC-HIDROCICLONES,asociado_a_contenedor,SI,btz_description_14,escrito_en_slot_btz
P10-EXT-HDR-HCS04O,HIDROCICLON SECUNDARIO HCS04O LADO OESTE -NORTE A SUR,282755,a027b4da-4e9c-44ad-b607-5fb48d4c7061-00045083,P10 > P10-EXT-LGC-EXTRACCION > P10-EXT-EXT-M202 > P10-EXT-LGC-HIDROCICLONES,contenedor_por_ancestro_project,P10-EXT-LGC-HIDROCICLONES,asociado_a_contenedor,SI,btz_description_15,escrito_en_slot_btz
P10-EXT-HDR-HCS05E,HIDROCICLON SECUNDARIO HCS05E LADO ESTE -NORTE A SUR,282755,a027b4da-4e9c-44ad-b607-5fb48d4c7061-00045083,P10 > P10-EXT-LGC-EXTRACCION > P10-EXT-EXT-M202 > P10-EXT-LGC-HIDROCICLONES,contenedor_por_ancestro_project,P10-EXT-LGC-HIDROCICLONES,asociado_a_contenedor,SI,btz_description_16,escrito_en_slot_btz
P10-EXT-HDR-HCS05O,HIDROCICLON SECUNDARIO HCS05O LADO OESTE -NORTE A SUR,282755,a027b4da-4e9c-44ad-b607-5fb48d4c7061-00045083,P10 > P10-EXT-LGC-EXTRACCION > P10-EXT-EXT-M202 > P10-EXT-LGC-HIDROCICLONES,contenedor_por_ancestro_project,P10-EXT-LGC-HIDROCICLONES,asociado_a_contenedor,SI,btz_description_17,escrito_en_slot_btz
P10-EXT-HDR-HCS06E,HIDROCICLON SECUNDARIO HCS06E LADO ESTE -NORTE A SUR,282755,a027b4da-4e9c-44ad-b607-5fb48d4c7061-00045083,P10 > P10-EXT-LGC-EXTRACCION > P10-EXT-EXT-M202 > P10-EXT-LGC-HIDROCICLONES,contenedor_por_ancestro_project,P10-EXT-LGC-HIDROCICLONES,asociado_a_contenedor,SI,btz_description_18,escrito_en_slot_btz
P10-EXT-HDR-HCS06O,HIDROCICLON SECUNDARIO HCS06O LADO OESTE -NORTE A SUR,282755,a027b4da-4e9c-44ad-b607-5fb48d4c7061-00045083,P10 > P10-EXT-LGC-EXTRACCION > P10-EXT-EXT-M202 > P10-EXT-LGC-HIDROCICLONES,contenedor_por_ancestro_project,P10-EXT-LGC-HIDROCICLONES,asociado_a_contenedor,SI,btz_description_19,escrito_en_slot_btz
P10-EXT-HDR-HCS07E,HIDROCICLON SECUNDARIO HCS07E LADO ESTE -NORTE A SUR,282755,a027b4da-4e9c-44ad-b607-5fb48d4c7061-00045083,P10 > P10-EXT-LGC-EXTRACCION > P10-EXT-EXT-M202 > P10-EXT-LGC-HIDROCICLONES,contenedor_por_ancestro_project,P10-EXT-LGC-HIDROCICLONES,asociado_a_contenedor,SI,btz_description_20,escrito_en_slot_btz
P10-EXT-HDR-HCS07O,HIDROCICLON SECUNDARIO HCS07O LADO OESTE -NORTE A SUR,282755,a027b4da-4e9c-44ad-b607-5fb48d4c7061-00045083,P10 > P10-EXT-LGC-EXTRACCION > P10-EXT-EXT-M202 > P10-EXT-LGC-HIDROCICLONES,contenedor_por_ancestro_project,P10-EXT-LGC-HIDROCICLONES,asociado_a_contenedor,SI,btz_description_21,escrito_en_slot_btz
P10-EXT-HDR-HCS08E,HIDROCICLON SECUNDARIO HCS08E LADO ESTE -NORTE A SUR,282755,a027b4da-4e9c-44ad-b607-5fb48d4c7061-00045083,P10 > P10-EXT-LGC-EXTRACCION > P10-EXT-EXT-M202 > P10-EXT-LGC-HIDROCICLONES,contenedor_por_ancestro_project,P10-EXT-LGC-HIDROCICLONES,asociado_a_contenedor,SI,btz_description_22,escrito_en_slot_btz
P10-EXT-HDR-HCS08O,HIDROCICLON SECUNDARIO HCS08O LADO OESTE -NORTE A SUR,282755,a027b4da-4e9c-44ad-b607-5fb48d4c7061-00045083,P10 > P10-EXT-LGC-EXTRACCION > P10-EXT-EXT-M202 > P10-EXT-LGC-HIDROCICLONES,contenedor_por_ancestro_project,P10-EXT-LGC-HIDROCICLONES,asociado_a_contenedor,SI,btz_description_23,escrito_en_slot_btz
P10-EXT-HDR-HCS09E,HIDROCICLON SECUNDARIO HCS09E LADO ESTE -NORTE A SUR,282755,a027b4da-4e9c-44ad-b607-5fb48d4c7061-00045083,P10 > P10-EXT-LGC-EXTRACCION > P10-EXT-EXT-M202 > P10-EXT-LGC-HIDROCICLONES,contenedor_por_ancestro_project,P10-EXT-LGC-HIDROCICLONES,asociado_a_contenedor,SI,btz_description_24,escrito_en_slot_btz
P10-EXT-HDR-HCS09O,HIDROCICLON SECUNDARIO HCS09O LADO OESTE -NORTE A SUR,282755,a027b4da-4e9c-44ad-b607-5fb48d4c7061-00045083,P10 > P10-EXT-LGC-EXTRACCION > P10-EXT-EXT-M202 > P10-EXT-LGC-HIDROCICLONES,contenedor_por_ancestro_project,P10-EXT-LGC-HIDROCICLONES,asociado_a_contenedor,SI,btz_description_25,escrito_en_slot_btz
P10-EXT-HDR-HCS10E,HIDROCICLON SECUNDARIO HCS10E LADO ESTE-NORTE A SUR,282755,a027b4da-4e9c-44ad-b607-5fb48d4c7061-00045083,P10 > P10-EXT-LGC-EXTRACCION > P10-EXT-EXT-M202 > P10-EXT-LGC-HIDROCICLONES,contenedor_por_ancestro_project,P10-EXT-LGC-HIDROCICLONES,asociado_a_contenedor,SI,btz_description_26,escrito_en_slot_btz
P10-EXT-HDR-HCS10O,HIDROCICLON SECUNDARIO HCS10O LADO OESTE -NORTE A SUR,282755,a027b4da-4e9c-44ad-b607-5fb48d4c7061-00045083,P10 > P10-EXT-LGC-EXTRACCION > P10-EXT-EXT-M202 > P10-EXT-LGC-HIDROCICLONES,contenedor_por_ancestro_project,P10-EXT-LGC-HIDROCICLONES,asociado_a_contenedor,SI,btz_description_27,escrito_en_slot_btz
P10-EXT-BMB-PSODA,BOMBA DE SODA CAUSTICA DE CONTENEDOR A TK-492,282997,a027b4da-4e9c-44ad-b607-5fb48d4c7061-00045175,P10 > P10-EXT-LGC-EXTRACCION > P10-EXT-LGC-DESGOMADO,contenedor_por_ancestro_project,P10-EXT-LGC-DESGOMADO,asociado_a_contenedor,SI,btz_description_04,escrito_en_slot_btz
P10-EXT-BMB-P435A,BOMBA RECIRCULACION TK GOMA HUMEDA,282997,a027b4da-4e9c-44ad-b607-5fb48d4c7061-00045175,P10 > P10-EXT-LGC-EXTRACCION > P10-EXT-LGC-DESGOMADO,contenedor_por_ancestro_project,P10-EXT-LGC-DESGOMADO,asociado_a_contenedor,SI,btz_description_05,escrito_en_slot_btz
P10-EXT-CLT-HX445,CALENTADOR ACEITE SECADOR P10,282997,a027b4da-4e9c-44ad-b607-5fb48d4c7061-00045175,P10 > P10-EXT-LGC-EXTRACCION > P10-EXT-LGC-DESGOMADO,contenedor_por_ancestro_project,P10-EXT-LGC-DESGOMADO,asociado_a_contenedor,SI,btz_description_06,escrito_en_slot_btz
P10-EXT-DSG-C425,CENTRIFUGA NRO 01 (NORTE) RSE 300 NRO 1724-371,282997,a027b4da-4e9c-44ad-b607-5fb48d4c7061-00045175,P10 > P10-EXT-LGC-EXTRACCION > P10-EXT-LGC-DESGOMADO,contenedor_por_ancestro_project,P10-EXT-LGC-DESGOMADO,asociado_a_contenedor,SI,btz_description_07,escrito_en_slot_btz
P10-EXT-DSG-C430,CENTRIFUGA NRO 02 (SUR) RSE 300 NRO 1724-372,282997,a027b4da-4e9c-44ad-b607-5fb48d4c7061-00045175,P10 > P10-EXT-LGC-EXTRACCION > P10-EXT-LGC-DESGOMADO,contenedor_por_ancestro_project,P10-EXT-LGC-DESGOMADO,asociado_a_contenedor,SI,btz_description_08,escrito_en_slot_btz
P10-EXT-DSG-C435,CENTRIFUGA NRO 03 (ESTE) RSE 300 NRO 1736-472,282997,a027b4da-4e9c-44ad-b607-5fb48d4c7061-00045175,P10 > P10-EXT-LGC-EXTRACCION > P10-EXT-LGC-DESGOMADO,contenedor_por_ancestro_project,P10-EXT-LGC-DESGOMADO,asociado_a_contenedor,SI,btz_description_09,escrito_en_slot_btz
P10-EXT-ENF-HX460,ENFRIADOR ACEITE A STOCK  P10,282997,a027b4da-4e9c-44ad-b607-5fb48d4c7061-00045175,P10 > P10-EXT-LGC-EXTRACCION > P10-EXT-LGC-DESGOMADO,contenedor_por_ancestro_project,P10-EXT-LGC-DESGOMADO,asociado_a_contenedor,SI,btz_description_10,escrito_en_slot_btz
P10-EXT-INT-HX440,INTERCAMBIADOR ACEITE/ACEITE P10,282997,a027b4da-4e9c-44ad-b607-5fb48d4c7061-00045175,P10 > P10-EXT-LGC-EXTRACCION > P10-EXT-LGC-DESGOMADO,contenedor_por_ancestro_project,P10-EXT-LGC-DESGOMADO,asociado_a_contenedor,SI,btz_description_11,escrito_en_slot_btz
P10-EXT-BMB-P439,BOMBA DE ALIM. DEL SECADOR P439,282997,a027b4da-4e9c-44ad-b607-5fb48d4c7061-00045175,P10 > P10-EXT-LGC-EXTRACCION > P10-EXT-LGC-DESGOMADO,contenedor_por_ancestro_project,P10-EXT-LGC-DESGOMADO,asociado_a_contenedor,SI,btz_description_12,escrito_en_slot_btz
P10-EXT-SCD-V450,SECADOR DE ACEITE P10,282997,a027b4da-4e9c-44ad-b607-5fb48d4c7061-00045175,P10 > P10-EXT-LGC-EXTRACCION > P10-EXT-LGC-DESGOMADO,contenedor_por_ancestro_project,P10-EXT-LGC-DESGOMADO,asociado_a_contenedor,SI,btz_description_13,escrito_en_slot_btz
P10-EXT-BMB-P450,BOMBA DE ACEITE DESGOMADO P/ ALMACEN P450,282997,a027b4da-4e9c-44ad-b607-5fb48d4c7061-00045175,P10 > P10-EXT-LGC-EXTRACCION > P10-EXT-LGC-DESGOMADO,contenedor_por_ancestro_project,P10-EXT-LGC-DESGOMADO,asociado_a_contenedor,SI,btz_description_14,escrito_en_slot_btz
P10-EXT-TNQ-V415,TANQUE AGUA HIDRATACION A DESGOMADORA,282997,a027b4da-4e9c-44ad-b607-5fb48d4c7061-00045175,P10 > P10-EXT-LGC-EXTRACCION > P10-EXT-LGC-DESGOMADO,contenedor_por_ancestro_project,P10-EXT-LGC-DESGOMADO,asociado_a_contenedor,SI,btz_description_15,escrito_en_slot_btz
P10-EXT-BMB-P415,BOMBA DE AGUA P415 HIDRAT DESG,282997,a027b4da-4e9c-44ad-b607-5fb48d4c7061-00045175,P10 > P10-EXT-LGC-EXTRACCION > P10-EXT-LGC-DESGOMADO,contenedor_por_ancestro_project,P10-EXT-LGC-DESGOMADO,asociado_a_contenedor,SI,btz_description_16,escrito_en_slot_btz
P10-EXT-TNQ-HX435,TANQUE DE GOMAS,282997,a027b4da-4e9c-44ad-b607-5fb48d4c7061-00045175,P10 > P10-EXT-LGC-EXTRACCION > P10-EXT-LGC-DESGOMADO,contenedor_por_ancestro_project,P10-EXT-LGC-DESGOMADO,asociado_a_contenedor,SI,btz_description_17,escrito_en_slot_btz
P10-EXT-BMB-P435,BOMBA DE GOMAS P435,282997,a027b4da-4e9c-44ad-b607-5fb48d4c7061-00045175,P10 > P10-EXT-LGC-EXTRACCION > P10-EXT-LGC-DESGOMADO,contenedor_por_ancestro_project,P10-EXT-LGC-DESGOMADO,asociado_a_contenedor,SI,btz_description_18,escrito_en_slot_btz
P10-EXT-TNQ-V495,TANQUE V495  AGUA DE MANIOBRAS DESGOMADORAS,282997,a027b4da-4e9c-44ad-b607-5fb48d4c7061-00045175,P10 > P10-EXT-LGC-EXTRACCION > P10-EXT-LGC-DESGOMADO,contenedor_por_ancestro_project,P10-EXT-LGC-DESGOMADO,asociado_a_contenedor,SI,btz_description_19,escrito_en_slot_btz
P10-EXT-BMB-P491,BOMBA DE AGUA FRIA (CIP),282997,a027b4da-4e9c-44ad-b607-5fb48d4c7061-00045175,P10 > P10-EXT-LGC-EXTRACCION > P10-EXT-LGC-DESGOMADO,contenedor_por_ancestro_project,P10-EXT-LGC-DESGOMADO,asociado_a_contenedor,SI,btz_description_20,escrito_en_slot_btz
P10-EXT-TNQ-V410,TK CRUDO P10,282997,a027b4da-4e9c-44ad-b607-5fb48d4c7061-00045175,P10 > P10-EXT-LGC-EXTRACCION > P10-EXT-LGC-DESGOMADO,contenedor_por_ancestro_project,P10-EXT-LGC-DESGOMADO,asociado_a_contenedor,SI,btz_description_21,escrito_en_slot_btz
P10-EXT-AGT-A420C,AGITADOR TANQUE CRUDO V410,282997,a027b4da-4e9c-44ad-b607-5fb48d4c7061-00045175,P10 > P10-EXT-LGC-EXTRACCION > P10-EXT-LGC-DESGOMADO,contenedor_por_ancestro_project,P10-EXT-LGC-DESGOMADO,asociado_a_contenedor,SI,btz_description_22,escrito_en_slot_btz
P10-EXT-BMB-P410,BOMBA DE ACEITE CRUDO P410,282997,a027b4da-4e9c-44ad-b607-5fb48d4c7061-00045175,P10 > P10-EXT-LGC-EXTRACCION > P10-EXT-LGC-DESGOMADO,contenedor_por_ancestro_project,P10-EXT-LGC-DESGOMADO,asociado_a_contenedor,SI,btz_description_23,escrito_en_slot_btz
P10-EXT-TNQ-V420,TK HIDRATADOR,282997,a027b4da-4e9c-44ad-b607-5fb48d4c7061-00045175,P10 > P10-EXT-LGC-EXTRACCION > P10-EXT-LGC-DESGOMADO,contenedor_por_ancestro_project,P10-EXT-LGC-DESGOMADO,asociado_a_contenedor,SI,btz_description_24,escrito_en_slot_btz
P10-EXT-AGT-A420,AGITADOR TANQUE DE HIDRATACION,282997,a027b4da-4e9c-44ad-b607-5fb48d4c7061-00045175,P10 > P10-EXT-LGC-EXTRACCION > P10-EXT-LGC-DESGOMADO,contenedor_por_ancestro_project,P10-EXT-LGC-DESGOMADO,asociado_a_contenedor,SI,btz_description_25,escrito_en_slot_btz
P10-EXT-VLV-VSA420,VALVULA DE SEGURIDAD AGITADOR A420,282997,a027b4da-4e9c-44ad-b607-5fb48d4c7061-00045175,P10 > P10-EXT-LGC-EXTRACCION > P10-EXT-LGC-DESGOMADO,contenedor_por_ancestro_project,P10-EXT-LGC-DESGOMADO,asociado_a_contenedor,SI,btz_description_26,escrito_en_slot_btz
P10-EXT-TNQ-V420B,TK VERDE REACTOR,282997,a027b4da-4e9c-44ad-b607-5fb48d4c7061-00045175,P10 > P10-EXT-LGC-EXTRACCION > P10-EXT-LGC-DESGOMADO,contenedor_por_ancestro_project,P10-EXT-LGC-DESGOMADO,asociado_a_contenedor,SI,btz_description_27,escrito_en_slot_btz
P10-EXT-TNQ-TK492,"TK492, TK DE SODA PARA LAVADO DE DESGOMADORAS",282997,a027b4da-4e9c-44ad-b607-5fb48d4c7061-00045175,P10 > P10-EXT-LGC-EXTRACCION > P10-EXT-LGC-DESGOMADO,contenedor_por_ancestro_project,P10-EXT-LGC-DESGOMADO,asociado_a_contenedor,SI,btz_description_28,escrito_en_slot_btz
P10-EXT-BMB-P492,BOMBA DE SODA (CIP),282997,a027b4da-4e9c-44ad-b607-5fb48d4c7061-00045175,P10 > P10-EXT-LGC-EXTRACCION > P10-EXT-LGC-DESGOMADO,contenedor_por_ancestro_project,P10-EXT-LGC-DESGOMADO,asociado_a_contenedor,SI,btz_description_29,escrito_en_slot_btz
P10-EXT-VLV-SOV430,VALVULA ENTRADA ACEITE A WESTFALIA,282997,a027b4da-4e9c-44ad-b607-5fb48d4c7061-00045175,P10 > P10-EXT-LGC-EXTRACCION > P10-EXT-LGC-DESGOMADO,contenedor_por_ancestro_project,P10-EXT-LGC-DESGOMADO,asociado_a_contenedor,SI,btz_description_30,escrito_en_slot_btz
P10-EXT-VLV-SOV426,VALVULA ENTRADA DE AGUA A WESTFALIA,282997,a027b4da-4e9c-44ad-b607-5fb48d4c7061-00045175,P10 > P10-EXT-LGC-EXTRACCION > P10-EXT-LGC-DESGOMADO,contenedor_por_ancestro_project,P10-EXT-LGC-DESGOMADO,asociado_a_contenedor,NO,,asociado_por_csv_externo_supera_slots_btz
P10-EXT-EVP-HX301,EVAPORADOR 1 P10,282969,a027b4da-4e9c-44ad-b607-5fb48d4c7061-00045159,P10 > P10-EXT-LGC-EXTRACCION > P10-EXT-LGC-DESTILACION,contenedor_por_ancestro_project,P10-EXT-LGC-DESTILACION,asociado_a_contenedor,SI,btz_description_04,escrito_en_slot_btz
P10-EXT-CND-HX305,CONDENSADORES 1DO EVAPORADOR OESTE P10,282969,a027b4da-4e9c-44ad-b607-5fb48d4c7061-00045159,P10 > P10-EXT-LGC-EXTRACCION > P10-EXT-LGC-DESTILACION,contenedor_por_ancestro_project,P10-EXT-LGC-DESTILACION,asociado_a_contenedor,SI,btz_description_05,escrito_en_slot_btz
P10-EXT-CND-HX304,CONDENSADORES 1RO EVAPORADOR ESTE P10,282969,a027b4da-4e9c-44ad-b607-5fb48d4c7061-00045159,P10 > P10-EXT-LGC-EXTRACCION > P10-EXT-LGC-DESTILACION,contenedor_por_ancestro_project,P10-EXT-LGC-DESTILACION,asociado_a_contenedor,SI,btz_description_06,escrito_en_slot_btz
P10-EXT-EVP-HX307,EVAPORADOR 2 P10,282969,a027b4da-4e9c-44ad-b607-5fb48d4c7061-00045159,P10 > P10-EXT-LGC-EXTRACCION > P10-EXT-LGC-DESTILACION,contenedor_por_ancestro_project,P10-EXT-LGC-DESTILACION,asociado_a_contenedor,SI,btz_description_07,escrito_en_slot_btz
P10-EXT-CND-HX308,CONDENSADOR 2RO Y 3RO EVAPORADOR P10,282969,a027b4da-4e9c-44ad-b607-5fb48d4c7061-00045159,P10 > P10-EXT-LGC-EXTRACCION > P10-EXT-LGC-DESTILACION,contenedor_por_ancestro_project,P10-EXT-LGC-DESTILACION,asociado_a_contenedor,SI,btz_description_08,escrito_en_slot_btz
P10-EXT-EVP-HX309,EVAPORADOR 3 P10,282969,a027b4da-4e9c-44ad-b607-5fb48d4c7061-00045159,P10 > P10-EXT-LGC-EXTRACCION > P10-EXT-LGC-DESTILACION,contenedor_por_ancestro_project,P10-EXT-LGC-DESTILACION,asociado_a_contenedor,SI,btz_description_09,escrito_en_slot_btz
P10-EXT-BMB-P310,BOMBA DE EVAPORADOR TERCERA ETAPA,282969,a027b4da-4e9c-44ad-b607-5fb48d4c7061-00045159,P10 > P10-EXT-LGC-EXTRACCION > P10-EXT-LGC-DESTILACION,contenedor_por_ancestro_project,P10-EXT-LGC-DESTILACION,asociado_a_contenedor,SI,btz_description_10,escrito_en_slot_btz
P10-EXT-INT-HX314,INTERCAMBIADOR ACEITE/MISCELA P10,282969,a027b4da-4e9c-44ad-b607-5fb48d4c7061-00045159,P10 > P10-EXT-LGC-EXTRACCION > P10-EXT-LGC-DESTILACION,contenedor_por_ancestro_project,P10-EXT-LGC-DESTILACION,asociado_a_contenedor,SI,btz_description_11,escrito_en_slot_btz
P10-EXT-STR-V311,STRIPPER ACEITE VEGETAL,282969,a027b4da-4e9c-44ad-b607-5fb48d4c7061-00045159,P10 > P10-EXT-LGC-EXTRACCION > P10-EXT-LGC-DESTILACION,contenedor_por_ancestro_project,P10-EXT-LGC-DESTILACION,asociado_a_contenedor,SI,btz_description_12,escrito_en_slot_btz
P10-EXT-BMB-P313B,BOMBA DE ROTACION CON P313-P310,282969,a027b4da-4e9c-44ad-b607-5fb48d4c7061-00045159,P10 > P10-EXT-LGC-EXTRACCION > P10-EXT-LGC-DESTILACION,contenedor_por_ancestro_project,P10-EXT-LGC-DESTILACION,asociado_a_contenedor,SI,btz_description_13,escrito_en_slot_btz
P10-EXT-BMB-P313,BOMBA DE STRIPPER DE ACEITE,282969,a027b4da-4e9c-44ad-b607-5fb48d4c7061-00045159,P10 > P10-EXT-LGC-EXTRACCION > P10-EXT-LGC-DESTILACION,contenedor_por_ancestro_project,P10-EXT-LGC-DESTILACION,asociado_a_contenedor,SI,btz_description_14,escrito_en_slot_btz
P10-EXT-CND-HX312,CONDENSADOR STRIPPER VEGETAL P10,282969,a027b4da-4e9c-44ad-b607-5fb48d4c7061-00045159,P10 > P10-EXT-LGC-EXTRACCION > P10-EXT-LGC-DESTILACION,contenedor_por_ancestro_project,P10-EXT-LGC-DESTILACION,asociado_a_contenedor,SI,btz_description_15,escrito_en_slot_btz
P10-EXT-VLV-TCV-307,VALVULA DE CONTROL DE TEMPERATURA DE VAPOR AL 2DO EVAPORADOR,282969,a027b4da-4e9c-44ad-b607-5fb48d4c7061-00045159,P10 > P10-EXT-LGC-EXTRACCION > P10-EXT-LGC-DESTILACION,contenedor_por_ancestro_project,P10-EXT-LGC-DESTILACION,asociado_a_contenedor,SI,btz_description_16,escrito_en_slot_btz
P10-EXT-VLV-TCV-309,VALVULA DE CONTROL DE TEMPERATURA DE VAPOR AL 3 PULG EVAPORADOR,282969,a027b4da-4e9c-44ad-b607-5fb48d4c7061-00045159,P10 > P10-EXT-LGC-EXTRACCION > P10-EXT-LGC-DESTILACION,contenedor_por_ancestro_project,P10-EXT-LGC-DESTILACION,asociado_a_contenedor,SI,btz_description_17,escrito_en_slot_btz
P10-EXT-BMB-P336,BOMBA DE SOLVENTE DE TANQUE,282896,a027b4da-4e9c-44ad-b607-5fb48d4c7061-00045110,P10 > P10-EXT-LGC-EXTRACCION > P10-EXT-LGC-SOLVENTE,contenedor_por_ancestro_project,P10-EXT-LGC-SOLVENTE,asociado_a_contenedor,SI,btz_description_04,escrito_en_slot_btz
P10-EXT-BMB-P351,BOMBA DE SOLVENTE DE TANQUE V351 STOCK EN P10,282896,a027b4da-4e9c-44ad-b607-5fb48d4c7061-00045110,P10 > P10-EXT-LGC-EXTRACCION > P10-EXT-LGC-SOLVENTE,contenedor_por_ancestro_project,P10-EXT-LGC-SOLVENTE,asociado_a_contenedor,SI,btz_description_05,escrito_en_slot_btz
P10-EXT-PRC-HX302,PRECALENTADOR DE SOLVENTE P10,282896,a027b4da-4e9c-44ad-b607-5fb48d4c7061-00045110,P10 > P10-EXT-LGC-EXTRACCION > P10-EXT-LGC-SOLVENTE,contenedor_por_ancestro_project,P10-EXT-LGC-SOLVENTE,asociado_a_contenedor,SI,btz_description_06,escrito_en_slot_btz
P10-EXT-INT-V338,REHERVIDOR,282896,a027b4da-4e9c-44ad-b607-5fb48d4c7061-00045110,P10 > P10-EXT-LGC-EXTRACCION > P10-EXT-LGC-SOLVENTE,contenedor_por_ancestro_project,P10-EXT-LGC-SOLVENTE,asociado_a_contenedor,SI,btz_description_07,escrito_en_slot_btz
P10-EXT-RHV-HX337,INTERCAMBIADOR REHERVIDOR P10,282896,a027b4da-4e9c-44ad-b607-5fb48d4c7061-00045110,P10 > P10-EXT-LGC-EXTRACCION > P10-EXT-LGC-SOLVENTE,contenedor_por_ancestro_project,P10-EXT-LGC-SOLVENTE,asociado_a_contenedor,SI,btz_description_08,escrito_en_slot_btz
P10-EXT-TNQ-V330,TK DE SOLVENTE DE SERVICIO P10 (V330),282896,a027b4da-4e9c-44ad-b607-5fb48d4c7061-00045110,P10 > P10-EXT-LGC-EXTRACCION > P10-EXT-LGC-SOLVENTE,contenedor_por_ancestro_project,P10-EXT-LGC-SOLVENTE,asociado_a_contenedor,SI,btz_description_09,escrito_en_slot_btz
P10-EXT-BMB-P331,BOMBA DE SOLVENTE FRESCO (ACTUAL GRUNDFOS NKG 200-150-400/412),282896,a027b4da-4e9c-44ad-b607-5fb48d4c7061-00045110,P10 > P10-EXT-LGC-EXTRACCION > P10-EXT-LGC-SOLVENTE,contenedor_por_ancestro_project,P10-EXT-LGC-SOLVENTE,asociado_a_contenedor,SI,btz_description_10,escrito_en_slot_btz
P10-EXT-BMB-P335,BOMBA DEL LAVADOR DE GASES SOLV. AL DT,282896,a027b4da-4e9c-44ad-b607-5fb48d4c7061-00045110,P10 > P10-EXT-LGC-EXTRACCION > P10-EXT-LGC-SOLVENTE,contenedor_por_ancestro_project,P10-EXT-LGC-SOLVENTE,asociado_a_contenedor,SI,btz_description_11,escrito_en_slot_btz
P10-EXT-TNQ-V351,TK DE SOLVENTE DE STOCK (EN P10),282896,a027b4da-4e9c-44ad-b607-5fb48d4c7061-00045110,P10 > P10-EXT-LGC-EXTRACCION > P10-EXT-LGC-SOLVENTE,contenedor_por_ancestro_project,P10-EXT-LGC-SOLVENTE,asociado_a_contenedor,SI,btz_description_12,escrito_en_slot_btz
P10-EXT-TNQ-TKD,TK DE SOLVENTE STOCK D (EN VICENTIN),282896,a027b4da-4e9c-44ad-b607-5fb48d4c7061-00045110,P10 > P10-EXT-LGC-EXTRACCION > P10-EXT-LGC-SOLVENTE,contenedor_por_ancestro_project,P10-EXT-LGC-SOLVENTE,asociado_a_contenedor,SI,btz_description_13,escrito_en_slot_btz
P10-EXT-BMB-P335A,BOMBA DE SOLVENTE (SACA DE TK D),282896,a027b4da-4e9c-44ad-b607-5fb48d4c7061-00045110,P10 > P10-EXT-LGC-EXTRACCION > P10-EXT-LGC-SOLVENTE,contenedor_por_ancestro_project,P10-EXT-LGC-SOLVENTE,asociado_a_contenedor,SI,btz_description_14,escrito_en_slot_btz
P10-EXT-AH101,TRANSMISOR DE HEXANO A LA SALIDA DEL DT,282896,a027b4da-4e9c-44ad-b607-5fb48d4c7061-00045110,P10 > P10-EXT-LGC-EXTRACCION > P10-EXT-LGC-SOLVENTE,contenedor_por_ancestro_project,P10-EXT-LGC-SOLVENTE,asociado_a_contenedor,SI,btz_description_15,escrito_en_slot_btz
P10-EXT-AH103,TRANSMISOR DE HEXANO BAJO EL DEPOSITO DE HEXANO,282896,a027b4da-4e9c-44ad-b607-5fb48d4c7061-00045110,P10 > P10-EXT-LGC-EXTRACCION > P10-EXT-LGC-SOLVENTE,contenedor_por_ancestro_project,P10-EXT-LGC-SOLVENTE,asociado_a_contenedor,SI,btz_description_16,escrito_en_slot_btz
P10-EXT-AH102,TRANSMISOR DE HEXANO BAJO EL EXTRACTOR,282896,a027b4da-4e9c-44ad-b607-5fb48d4c7061-00045110,P10 > P10-EXT-LGC-EXTRACCION > P10-EXT-LGC-SOLVENTE,contenedor_por_ancestro_project,P10-EXT-LGC-SOLVENTE,asociado_a_contenedor,SI,btz_description_17,escrito_en_slot_btz
P10-EXT-AH105,TRANSMISOR DE HEXANO EN EL PILON DE SERVICIO,282896,a027b4da-4e9c-44ad-b607-5fb48d4c7061-00045110,P10 > P10-EXT-LGC-EXTRACCION > P10-EXT-LGC-SOLVENTE,contenedor_por_ancestro_project,P10-EXT-LGC-SOLVENTE,asociado_a_contenedor,SI,btz_description_18,escrito_en_slot_btz
P10-EXT-AH104,TRANSMISOR DE HEXANO EN LA SALIDA DEL REHERVIDOR,282896,a027b4da-4e9c-44ad-b607-5fb48d4c7061-00045110,P10 > P10-EXT-LGC-EXTRACCION > P10-EXT-LGC-SOLVENTE,contenedor_por_ancestro_project,P10-EXT-LGC-SOLVENTE,asociado_a_contenedor,SI,btz_description_19,escrito_en_slot_btz
P10-EXT-CND-HX303,CONDENSADOR DT P10,282656,a027b4da-4e9c-44ad-b607-5fb48d4c7061-00045020,P10 > P10-EXT-LGC-EXTRACCION > P10-EXT-TST-DT250,contenedor_por_ancestro_project,P10-EXT-TST-DT250,asociado_a_contenedor,SI,btz_description_04,escrito_en_slot_btz
P10-EXT-LGC-VLV,CONJUNTO DE VALVULAS DE SEGURIDAD DEL TOSTER,282656,a027b4da-4e9c-44ad-b607-5fb48d4c7061-00045020,P10 > P10-EXT-LGC-EXTRACCION > P10-EXT-TST-DT250,contenedor_por_ancestro_project,P10-EXT-TST-DT250,asociado_a_contenedor,SI,btz_description_05,escrito_en_slot_btz
P10-EXT-VLV-PRV259,"SEGURIDAD VAPOR DIRECTO PISO INFERIOR 3,1 BAR, 6 PULG A 8 PULG SERIE 150",282656,a027b4da-4e9c-44ad-b607-5fb48d4c7061-00045020,P10 > P10-EXT-LGC-EXTRACCION > P10-EXT-TST-DT250,contenedor_por_ancestro_project,P10-EXT-TST-DT250,asociado_a_contenedor,SI,btz_description_06,escrito_en_slot_btz
P10-EXT-VLV-PRV258,"SEGURIDAD VAPOR DIRECTO PISO SUPERIOR 2,1 BAR DE 6 PULG A 8 PULG SERIE 150",282656,a027b4da-4e9c-44ad-b607-5fb48d4c7061-00045020,P10 > P10-EXT-LGC-EXTRACCION > P10-EXT-TST-DT250,contenedor_por_ancestro_project,P10-EXT-TST-DT250,asociado_a_contenedor,SI,btz_description_07,escrito_en_slot_btz
P10-EXT-VLV-PRV260,"VALVULA SEGURIDAD VAPOR INDIRECTO 1,75 BAR, 4 PULG A 4 PULG SERIE 150",282656,a027b4da-4e9c-44ad-b607-5fb48d4c7061-00045020,P10 > P10-EXT-LGC-EXTRACCION > P10-EXT-TST-DT250,contenedor_por_ancestro_project,P10-EXT-TST-DT250,asociado_a_contenedor,SI,btz_description_08,escrito_en_slot_btz
P10-EXT-MND-M250A,MANDO LENTO DEL DT,282656,a027b4da-4e9c-44ad-b607-5fb48d4c7061-00045020,P10 > P10-EXT-LGC-EXTRACCION > P10-EXT-TST-DT250,contenedor_por_ancestro_project,P10-EXT-TST-DT250,asociado_a_contenedor,SI,btz_description_09,escrito_en_slot_btz
P10-EXT-RDC-RDT250,REDUCTOR DT 250 TOSTER,282656,a027b4da-4e9c-44ad-b607-5fb48d4c7061-00045020,P10 > P10-EXT-LGC-EXTRACCION > P10-EXT-TST-DT250,contenedor_por_ancestro_project,P10-EXT-TST-DT250,asociado_a_contenedor,SI,btz_description_10,escrito_en_slot_btz
P10-EXT-BMB-P250,BOMBA DE ACEITE REDUCTOR,282656,a027b4da-4e9c-44ad-b607-5fb48d4c7061-00045020,P10 > P10-EXT-LGC-EXTRACCION > P10-EXT-TST-DT250,contenedor_por_ancestro_project,P10-EXT-TST-DT250,asociado_a_contenedor,SI,btz_description_11,escrito_en_slot_btz
P10-EXT-TNQ-V480,TANQUE CONDENSADO DT HORIZONTAL,282656,a027b4da-4e9c-44ad-b607-5fb48d4c7061-00045020,P10 > P10-EXT-LGC-EXTRACCION > P10-EXT-TST-DT250,contenedor_por_ancestro_project,P10-EXT-TST-DT250,asociado_a_contenedor,SI,btz_description_12,escrito_en_slot_btz
P10-EXT-BMB-P490,BOMBA DE AGUA CALIENTE (CIP),282656,a027b4da-4e9c-44ad-b607-5fb48d4c7061-00045020,P10 > P10-EXT-LGC-EXTRACCION > P10-EXT-TST-DT250,contenedor_por_ancestro_project,P10-EXT-TST-DT250,asociado_a_contenedor,SI,btz_description_13,escrito_en_slot_btz
P10-EXT-BMB-P481,BOMBA DE RETORNO DEL CONDENSADOR 01 P481,282656,a027b4da-4e9c-44ad-b607-5fb48d4c7061-00045020,P10 > P10-EXT-LGC-EXTRACCION > P10-EXT-TST-DT250,contenedor_por_ancestro_project,P10-EXT-TST-DT250,asociado_a_contenedor,SI,btz_description_14,escrito_en_slot_btz
P10-EXT-BMB-P482,BOMBA DE RETORNO DEL CONDENSADOR 02 P482,282656,a027b4da-4e9c-44ad-b607-5fb48d4c7061-00045020,P10 > P10-EXT-LGC-EXTRACCION > P10-EXT-TST-DT250,contenedor_por_ancestro_project,P10-EXT-TST-DT250,asociado_a_contenedor,SI,btz_description_15,escrito_en_slot_btz
P10-EXT-TNQ-V262,TK CONDENSADO DT VERTICAL,282656,a027b4da-4e9c-44ad-b607-5fb48d4c7061-00045020,P10 > P10-EXT-LGC-EXTRACCION > P10-EXT-TST-DT250,contenedor_por_ancestro_project,P10-EXT-TST-DT250,asociado_a_contenedor,SI,btz_description_16,escrito_en_slot_btz
P10-EXT-TNQ-V475,TK FLASHEO DT VERTICAL,282656,a027b4da-4e9c-44ad-b607-5fb48d4c7061-00045020,P10 > P10-EXT-LGC-EXTRACCION > P10-EXT-TST-DT250,contenedor_por_ancestro_project,P10-EXT-TST-DT250,asociado_a_contenedor,SI,btz_description_17,escrito_en_slot_btz
P10-EXT-VLV-SOV250,VALVULA ACTUADA ENTRADA DE VAPOR A PLANTA 12 PULG,282656,a027b4da-4e9c-44ad-b607-5fb48d4c7061-00045020,P10 > P10-EXT-LGC-EXTRACCION > P10-EXT-TST-DT250,contenedor_por_ancestro_project,P10-EXT-TST-DT250,asociado_a_contenedor,SI,btz_description_18,escrito_en_slot_btz
P10-EXT-VLV-RV255A,VALVULA ROTATIVA RV255A DT250 6TO PISO A,282656,a027b4da-4e9c-44ad-b607-5fb48d4c7061-00045020,P10 > P10-EXT-LGC-EXTRACCION > P10-EXT-TST-DT250,contenedor_por_ancestro_project,P10-EXT-TST-DT250,asociado_a_contenedor,SI,btz_description_19,escrito_en_slot_btz
P10-EXT-VLV-RV255B,VALVULA ROTATIVA RV255B DT250 6TO PISO B,282656,a027b4da-4e9c-44ad-b607-5fb48d4c7061-00045020,P10 > P10-EXT-LGC-EXTRACCION > P10-EXT-TST-DT250,contenedor_por_ancestro_project,P10-EXT-TST-DT250,asociado_a_contenedor,SI,btz_description_20,escrito_en_slot_btz
P10-EXT-VLV-RV256A,VALVULA ROTATIVA RV256A DT250 5TO PISO A,282656,a027b4da-4e9c-44ad-b607-5fb48d4c7061-00045020,P10 > P10-EXT-LGC-EXTRACCION > P10-EXT-TST-DT250,contenedor_por_ancestro_project,P10-EXT-TST-DT250,asociado_a_contenedor,SI,btz_description_21,escrito_en_slot_btz
P10-EXT-VLV-RV256B,VALVULA ROTATIVA RV256B DT250 5TO PISO B,282656,a027b4da-4e9c-44ad-b607-5fb48d4c7061-00045020,P10 > P10-EXT-LGC-EXTRACCION > P10-EXT-TST-DT250,contenedor_por_ancestro_project,P10-EXT-TST-DT250,asociado_a_contenedor,SI,btz_description_22,escrito_en_slot_btz
P10-EXT-VLV-RV257A,VALVULA ROTATIVA RV257A DT250 4TO PISO A,282656,a027b4da-4e9c-44ad-b607-5fb48d4c7061-00045020,P10 > P10-EXT-LGC-EXTRACCION > P10-EXT-TST-DT250,contenedor_por_ancestro_project,P10-EXT-TST-DT250,asociado_a_contenedor,SI,btz_description_23,escrito_en_slot_btz
P10-EXT-VLV-RV257B,VALVULA ROTATIVA RV257B DT250 4TO PISO B,282656,a027b4da-4e9c-44ad-b607-5fb48d4c7061-00045020,P10 > P10-EXT-LGC-EXTRACCION > P10-EXT-TST-DT250,contenedor_por_ancestro_project,P10-EXT-TST-DT250,asociado_a_contenedor,SI,btz_description_24,escrito_en_slot_btz
P10-EXT-VLV-RV258A,VALVULA ROTATIVA RV258A DT250 3R PISO A,282656,a027b4da-4e9c-44ad-b607-5fb48d4c7061-00045020,P10 > P10-EXT-LGC-EXTRACCION > P10-EXT-TST-DT250,contenedor_por_ancestro_project,P10-EXT-TST-DT250,asociado_a_contenedor,SI,btz_description_25,escrito_en_slot_btz
P10-EXT-VLV-RV258B,VALVULA ROTATIVA RV258B DT250 3R PISO B,282656,a027b4da-4e9c-44ad-b607-5fb48d4c7061-00045020,P10 > P10-EXT-LGC-EXTRACCION > P10-EXT-TST-DT250,contenedor_por_ancestro_project,P10-EXT-TST-DT250,asociado_a_contenedor,SI,btz_description_26,escrito_en_slot_btz
P10-EXT-VLV-RV259,VALVULA ROTATIVA RV259 DT250 2DO PISO,282656,a027b4da-4e9c-44ad-b607-5fb48d4c7061-00045020,P10 > P10-EXT-LGC-EXTRACCION > P10-EXT-TST-DT250,contenedor_por_ancestro_project,P10-EXT-TST-DT250,asociado_a_contenedor,SI,btz_description_27,escrito_en_slot_btz
P10-EXT-VLV-RV260,VALVULA ROTATIVA RV260 DT250 1ER PISO A,282656,a027b4da-4e9c-44ad-b607-5fb48d4c7061-00045020,P10 > P10-EXT-LGC-EXTRACCION > P10-EXT-TST-DT250,contenedor_por_ancestro_project,P10-EXT-TST-DT250,asociado_a_contenedor,SI,btz_description_28,escrito_en_slot_btz
P10-EXT-VLV-SOV252,VALVULA VAPOR DT,282656,a027b4da-4e9c-44ad-b607-5fb48d4c7061-00045020,P10 > P10-EXT-LGC-EXTRACCION > P10-EXT-TST-DT250,contenedor_por_ancestro_project,P10-EXT-TST-DT250,asociado_a_contenedor,SI,btz_description_29,escrito_en_slot_btz
P10-HRN-VLV-VGG01,VALV. GUILLOTINA VGG01 A N03,385885,905be7f4-0c46-42ea-a443-0fdea469e6f3-0005e35d,P10 > P10-HRN-LGC-HARINA > P10-HRN-CNT-C04,contenedor_por_ancestro_project,P10-HRN-CNT-C04,asociado_a_contenedor,SI,btz_description_04,escrito_en_slot_btz
P10-HRN-VLV-VGH01,VALV. GUILLOTINA VGH01 A N05,385885,905be7f4-0c46-42ea-a443-0fdea469e6f3-0005e35d,P10 > P10-HRN-LGC-HARINA > P10-HRN-CNT-C04,contenedor_por_ancestro_project,P10-HRN-CNT-C04,asociado_a_contenedor,SI,btz_description_05,escrito_en_slot_btz
P10-HRN-MLN-M01,MOLINO A MARTILLO M01 LADO OESTE,227678,25d0f85d-57da-4cae-8ca2-9b682363407e-0003795e,P10 > P10-HRN-LGC-HARINA > P10-HRN-LGC-MOLINOS,contenedor_por_ancestro_project,P10-HRN-LGC-MOLINOS,asociado_a_contenedor,SI,btz_description_04,escrito_en_slot_btz
P10-HRN-ALM-MA01,ALIM. MOLINO A MARTILLO M01,227678,25d0f85d-57da-4cae-8ca2-9b682363407e-0003795e,P10 > P10-HRN-LGC-HARINA > P10-HRN-LGC-MOLINOS,contenedor_por_ancestro_project,P10-HRN-LGC-MOLINOS,asociado_a_contenedor,SI,btz_description_05,escrito_en_slot_btz
P10-HRN-RSC-MSF01,ROSCA SIN FIN 01 (SACA DE M01),227678,25d0f85d-57da-4cae-8ca2-9b682363407e-0003795e,P10 > P10-HRN-LGC-HARINA > P10-HRN-LGC-MOLINOS,contenedor_por_ancestro_project,P10-HRN-LGC-MOLINOS,asociado_a_contenedor,SI,btz_description_06,escrito_en_slot_btz
P10-HRN-MLN-M02,MOLINO A MARTILLO M02 LADO CENTRO,227678,25d0f85d-57da-4cae-8ca2-9b682363407e-0003795e,P10 > P10-HRN-LGC-HARINA > P10-HRN-LGC-MOLINOS,contenedor_por_ancestro_project,P10-HRN-LGC-MOLINOS,asociado_a_contenedor,SI,btz_description_07,escrito_en_slot_btz
P10-HRN-ALM-MA02,ALIM. MOLINO A MARTILLO M02,227678,25d0f85d-57da-4cae-8ca2-9b682363407e-0003795e,P10 > P10-HRN-LGC-HARINA > P10-HRN-LGC-MOLINOS,contenedor_por_ancestro_project,P10-HRN-LGC-MOLINOS,asociado_a_contenedor,SI,btz_description_08,escrito_en_slot_btz
P10-HRN-RSC-MSF02,ROSCA SIN FIN 02 (SACA DE M02),227678,25d0f85d-57da-4cae-8ca2-9b682363407e-0003795e,P10 > P10-HRN-LGC-HARINA > P10-HRN-LGC-MOLINOS,contenedor_por_ancestro_project,P10-HRN-LGC-MOLINOS,asociado_a_contenedor,SI,btz_description_09,escrito_en_slot_btz
P10-HRN-MLN-M03,MOLINO A MARTILLO M03 LADO ESTE,227678,25d0f85d-57da-4cae-8ca2-9b682363407e-0003795e,P10 > P10-HRN-LGC-HARINA > P10-HRN-LGC-MOLINOS,contenedor_por_ancestro_project,P10-HRN-LGC-MOLINOS,asociado_a_contenedor,SI,btz_description_10,escrito_en_slot_btz
P10-HRN-ALM-MA03,ALIM. MOLINO A MARTILLO M03,227678,25d0f85d-57da-4cae-8ca2-9b682363407e-0003795e,P10 > P10-HRN-LGC-HARINA > P10-HRN-LGC-MOLINOS,contenedor_por_ancestro_project,P10-HRN-LGC-MOLINOS,asociado_a_contenedor,SI,btz_description_11,escrito_en_slot_btz
P10-HRN-RSC-MSF03,ROSCA SIN FIN 03 (SACA DE M03),227678,25d0f85d-57da-4cae-8ca2-9b682363407e-0003795e,P10 > P10-HRN-LGC-HARINA > P10-HRN-LGC-MOLINOS,contenedor_por_ancestro_project,P10-HRN-LGC-MOLINOS,asociado_a_contenedor,SI,btz_description_12,escrito_en_slot_btz
P10-HRN-NOR-N03,NORIA N03 (DE C04 A R29),380586,ddbef6d8-5146-4ece-9a6f-82caaca14519-0005ceaa,P10 > P10-HRN-LGC-HARINA > P10-HRN-LGC-NORIAS,contenedor_por_ancestro_project,P10-HRN-LGC-NORIAS,asociado_a_contenedor,SI,btz_description_04,escrito_en_slot_btz
P10-HRN-NOR-N04,NORIA N04 (LEVANTA FINOS DE MOLINOS),380586,ddbef6d8-5146-4ece-9a6f-82caaca14519-0005ceaa,P10 > P10-HRN-LGC-HARINA > P10-HRN-LGC-NORIAS,contenedor_por_ancestro_project,P10-HRN-LGC-NORIAS,asociado_a_contenedor,SI,btz_description_05,escrito_en_slot_btz
P10-HRN-NOR-N05,NORIA N05 (LEVANTA FINOS DE BATIDORAS),380586,ddbef6d8-5146-4ece-9a6f-82caaca14519-0005ceaa,P10 > P10-HRN-LGC-HARINA > P10-HRN-LGC-NORIAS,contenedor_por_ancestro_project,P10-HRN-LGC-NORIAS,asociado_a_contenedor,SI,btz_description_06,escrito_en_slot_btz
P10-HRN-MNL-NML05,MANDO LENTO AUXILIAR N05,380586,ddbef6d8-5146-4ece-9a6f-82caaca14519-0005ceaa,P10 > P10-HRN-LGC-HARINA > P10-HRN-LGC-NORIAS,contenedor_por_ancestro_project,P10-HRN-LGC-NORIAS,asociado_a_contenedor,SI,btz_description_07,escrito_en_slot_btz
P10-HRN-RSC-SF04,ROSCA SIN FIN SF04 (CARGA SR01),358462,1dd21141-8de6-4d43-b824-f67da67065de-0005783e,P10 > P10-HRN-LGC-HARINA > P10-HRN-LGC-SEC. ROTATIVOS > P10-HRN-SRT-SR01,contenedor_por_ancestro_project,P10-HRN-SRT-SR01,asociado_a_contenedor,SI,btz_description_05,escrito_en_slot_btz
P10-HRN-VLV-VALV,VALVULA MODULADORA DE VAPOR SECADOR ROTATIVO 1,358462,1dd21141-8de6-4d43-b824-f67da67065de-0005783e,P10 > P10-HRN-LGC-HARINA > P10-HRN-LGC-SEC. ROTATIVOS > P10-HRN-SRT-SR01,contenedor_por_ancestro_project,P10-HRN-SRT-SR01,asociado_a_contenedor,SI,btz_description_06,escrito_en_slot_btz
P10-HRN-RSC-SF05,ROSCA SIN FIN SF05 (CARGA SR02),358495,1dd21141-8de6-4d43-b824-f67da67065de-0005785f,P10 > P10-HRN-LGC-HARINA > P10-HRN-LGC-SEC. ROTATIVOS > P10-HRN-SRT-SR02,contenedor_por_ancestro_project,P10-HRN-SRT-SR02,asociado_a_contenedor,SI,btz_description_05,escrito_en_slot_btz
P10-HRN-BTD-BA01,BATIDORA 01,380547,ddbef6d8-5146-4ece-9a6f-82caaca14519-0005ce83,P10 > P10-HRN-LGC-HARINA > P10-HRN-LGC-TAMIZADORES,contenedor_por_ancestro_project,P10-HRN-LGC-TAMIZADORES,asociado_a_contenedor,SI,btz_description_04,escrito_en_slot_btz
P10-HRN-RSC-SFBA01,ROSCA SALIDA DENTRO DE BATIDORA BA01,380547,ddbef6d8-5146-4ece-9a6f-82caaca14519-0005ce83,P10 > P10-HRN-LGC-HARINA > P10-HRN-LGC-TAMIZADORES,contenedor_por_ancestro_project,P10-HRN-LGC-TAMIZADORES,asociado_a_contenedor,SI,btz_description_05,escrito_en_slot_btz
P10-HRN-RSC-BAA01,ROSCAS ALIM. BATIDORA BA01,380547,ddbef6d8-5146-4ece-9a6f-82caaca14519-0005ce83,P10 > P10-HRN-LGC-HARINA > P10-HRN-LGC-TAMIZADORES,contenedor_por_ancestro_project,P10-HRN-LGC-TAMIZADORES,asociado_a_contenedor,SI,btz_description_06,escrito_en_slot_btz
P10-HRN-BTD-BA02,BATIDORA 02,380547,ddbef6d8-5146-4ece-9a6f-82caaca14519-0005ce83,P10 > P10-HRN-LGC-HARINA > P10-HRN-LGC-TAMIZADORES,contenedor_por_ancestro_project,P10-HRN-LGC-TAMIZADORES,asociado_a_contenedor,SI,btz_description_07,escrito_en_slot_btz
P10-HRN-RSC-SFBA02,ROSCA SALIDA DENTRO DE BATIDORA BA02,380547,ddbef6d8-5146-4ece-9a6f-82caaca14519-0005ce83,P10 > P10-HRN-LGC-HARINA > P10-HRN-LGC-TAMIZADORES,contenedor_por_ancestro_project,P10-HRN-LGC-TAMIZADORES,asociado_a_contenedor,SI,btz_description_08,escrito_en_slot_btz
P10-HRN-RSC-BAA02,ROSCAS ALIM. BATIDORA BA02,380547,ddbef6d8-5146-4ece-9a6f-82caaca14519-0005ce83,P10 > P10-HRN-LGC-HARINA > P10-HRN-LGC-TAMIZADORES,contenedor_por_ancestro_project,P10-HRN-LGC-TAMIZADORES,asociado_a_contenedor,SI,btz_description_09,escrito_en_slot_btz
P10-HRN-BTD-BA03,BATIDORA 03,380547,ddbef6d8-5146-4ece-9a6f-82caaca14519-0005ce83,P10 > P10-HRN-LGC-HARINA > P10-HRN-LGC-TAMIZADORES,contenedor_por_ancestro_project,P10-HRN-LGC-TAMIZADORES,asociado_a_contenedor,SI,btz_description_10,escrito_en_slot_btz
P10-HRN-RSC-SFBA03,ROSCA SALIDA DENTRO DE BATIDORA BA03,380547,ddbef6d8-5146-4ece-9a6f-82caaca14519-0005ce83,P10 > P10-HRN-LGC-HARINA > P10-HRN-LGC-TAMIZADORES,contenedor_por_ancestro_project,P10-HRN-LGC-TAMIZADORES,asociado_a_contenedor,SI,btz_description_11,escrito_en_slot_btz
P10-HRN-RSC-BAA03,ROSCAS ALIM. BATIDORA BA03,380547,ddbef6d8-5146-4ece-9a6f-82caaca14519-0005ce83,P10 > P10-HRN-LGC-HARINA > P10-HRN-LGC-TAMIZADORES,contenedor_por_ancestro_project,P10-HRN-LGC-TAMIZADORES,asociado_a_contenedor,SI,btz_description_12,escrito_en_slot_btz
P10-HRN-BTD-BA04,BATIDORA 04,380547,ddbef6d8-5146-4ece-9a6f-82caaca14519-0005ce83,P10 > P10-HRN-LGC-HARINA > P10-HRN-LGC-TAMIZADORES,contenedor_por_ancestro_project,P10-HRN-LGC-TAMIZADORES,asociado_a_contenedor,SI,btz_description_13,escrito_en_slot_btz
P10-HRN-RSC-SFBA04,ROSCA SALIDA DENTRO DE BATIDORA BA04,380547,ddbef6d8-5146-4ece-9a6f-82caaca14519-0005ce83,P10 > P10-HRN-LGC-HARINA > P10-HRN-LGC-TAMIZADORES,contenedor_por_ancestro_project,P10-HRN-LGC-TAMIZADORES,asociado_a_contenedor,SI,btz_description_14,escrito_en_slot_btz
P10-HRN-RSC-BAA04,ROSCAS ALIM. BATIDORA BA04,380547,ddbef6d8-5146-4ece-9a6f-82caaca14519-0005ce83,P10 > P10-HRN-LGC-HARINA > P10-HRN-LGC-TAMIZADORES,contenedor_por_ancestro_project,P10-HRN-LGC-TAMIZADORES,asociado_a_contenedor,SI,btz_description_15,escrito_en_slot_btz
P10-HRN-BTD-BA05,BATIDORA 05,380547,ddbef6d8-5146-4ece-9a6f-82caaca14519-0005ce83,P10 > P10-HRN-LGC-HARINA > P10-HRN-LGC-TAMIZADORES,contenedor_por_ancestro_project,P10-HRN-LGC-TAMIZADORES,asociado_a_contenedor,SI,btz_description_16,escrito_en_slot_btz
P10-HRN-RSC-SFBA05,ROSCA SALIDA DENTRO DE BATIDORA BA05,380547,ddbef6d8-5146-4ece-9a6f-82caaca14519-0005ce83,P10 > P10-HRN-LGC-HARINA > P10-HRN-LGC-TAMIZADORES,contenedor_por_ancestro_project,P10-HRN-LGC-TAMIZADORES,asociado_a_contenedor,SI,btz_description_17,escrito_en_slot_btz
P10-HRN-RSC-BAA05,ROSCAS ALIM. BATIDORA BA05,380547,ddbef6d8-5146-4ece-9a6f-82caaca14519-0005ce83,P10 > P10-HRN-LGC-HARINA > P10-HRN-LGC-TAMIZADORES,contenedor_por_ancestro_project,P10-HRN-LGC-TAMIZADORES,asociado_a_contenedor,SI,btz_description_18,escrito_en_slot_btz
P10-HRN-RSC-EGSF01,ROSCA SIN FIN DE FINOS ENFR. SEC. 01,367888,460ebebf-e4ee-449a-900c-ab33de4c697f-00059d10,P10 > P10-HRN-LGC-HARINA > P10-HRN-ENF-EG01,contenedor_por_ancestro_project,P10-HRN-ENF-EG01,asociado_a_contenedor,SI,btz_description_04,escrito_en_slot_btz
P10-HRN-RSC-EGSF02,ROSCA SIN FIN DE FINOS ENFR. SEC. 01,367888,460ebebf-e4ee-449a-900c-ab33de4c697f-00059d10,P10 > P10-HRN-LGC-HARINA > P10-HRN-ENF-EG01,contenedor_por_ancestro_project,P10-HRN-ENF-EG01,asociado_a_contenedor,SI,btz_description_05,escrito_en_slot_btz
P10-HRN-RSC-EGSF03,ROSCA SIN FIN DE FINOS ENFR. SEC. 01,367888,460ebebf-e4ee-449a-900c-ab33de4c697f-00059d10,P10 > P10-HRN-LGC-HARINA > P10-HRN-ENF-EG01,contenedor_por_ancestro_project,P10-HRN-ENF-EG01,asociado_a_contenedor,SI,btz_description_06,escrito_en_slot_btz
P10-HRN-RSC-EGSF04,ROSCA SIN FIN DE FINOS ENFR. SEC. 01,367888,460ebebf-e4ee-449a-900c-ab33de4c697f-00059d10,P10 > P10-HRN-LGC-HARINA > P10-HRN-ENF-EG01,contenedor_por_ancestro_project,P10-HRN-ENF-EG01,asociado_a_contenedor,SI,btz_description_07,escrito_en_slot_btz
P10-HRN-VNT-VE27,VENTILADOR ASPIR. SEC. ENFR.EG01,367888,460ebebf-e4ee-449a-900c-ab33de4c697f-00059d10,P10 > P10-HRN-LGC-HARINA > P10-HRN-ENF-EG01,contenedor_por_ancestro_project,P10-HRN-ENF-EG01,asociado_a_contenedor,SI,btz_description_08,escrito_en_slot_btz
P10-HRN-CCL-CVE27,CICLON VENTILADOR ASPIR. SEC. ENFR.EG01,367888,460ebebf-e4ee-449a-900c-ab33de4c697f-00059d10,P10 > P10-HRN-LGC-HARINA > P10-HRN-ENF-EG01,contenedor_por_ancestro_project,P10-HRN-ENF-EG01,asociado_a_contenedor,SI,btz_description_09,escrito_en_slot_btz
P10-HRN-VLV-VR20,VALV. ROT. 20 (VE27),367888,460ebebf-e4ee-449a-900c-ab33de4c697f-00059d10,P10 > P10-HRN-LGC-HARINA > P10-HRN-ENF-EG01,contenedor_por_ancestro_project,P10-HRN-ENF-EG01,asociado_a_contenedor,SI,btz_description_10,escrito_en_slot_btz
P10-HRN-VNT-VE28,VENTILADOR ASPIR. SEC. ENFR.EG01,367888,460ebebf-e4ee-449a-900c-ab33de4c697f-00059d10,P10 > P10-HRN-LGC-HARINA > P10-HRN-ENF-EG01,contenedor_por_ancestro_project,P10-HRN-ENF-EG01,asociado_a_contenedor,SI,btz_description_11,escrito_en_slot_btz
P10-HRN-CCL-CVE28,CICLON VENTILADOR ASPIR. SEC. ENFR.EG01,367888,460ebebf-e4ee-449a-900c-ab33de4c697f-00059d10,P10 > P10-HRN-LGC-HARINA > P10-HRN-ENF-EG01,contenedor_por_ancestro_project,P10-HRN-ENF-EG01,asociado_a_contenedor,SI,btz_description_12,escrito_en_slot_btz
P10-HRN-VLV-VR21,VALV. ROT. 21 (VE28),367888,460ebebf-e4ee-449a-900c-ab33de4c697f-00059d10,P10 > P10-HRN-LGC-HARINA > P10-HRN-ENF-EG01,contenedor_por_ancestro_project,P10-HRN-ENF-EG01,asociado_a_contenedor,SI,btz_description_13,escrito_en_slot_btz
P10-HRN-VNT-VE29,VENTILADOR ASPIR. SEC. ENFR.EG01,367888,460ebebf-e4ee-449a-900c-ab33de4c697f-00059d10,P10 > P10-HRN-LGC-HARINA > P10-HRN-ENF-EG01,contenedor_por_ancestro_project,P10-HRN-ENF-EG01,asociado_a_contenedor,SI,btz_description_14,escrito_en_slot_btz
P10-HRN-CCL-CVE29,CICLON VENTILADOR ASPIR. SEC. ENFR.EG01,367888,460ebebf-e4ee-449a-900c-ab33de4c697f-00059d10,P10 > P10-HRN-LGC-HARINA > P10-HRN-ENF-EG01,contenedor_por_ancestro_project,P10-HRN-ENF-EG01,asociado_a_contenedor,SI,btz_description_15,escrito_en_slot_btz
P10-HRN-VLV-VR22,VALV. ROT. 22 (VE29),367888,460ebebf-e4ee-449a-900c-ab33de4c697f-00059d10,P10 > P10-HRN-LGC-HARINA > P10-HRN-ENF-EG01,contenedor_por_ancestro_project,P10-HRN-ENF-EG01,asociado_a_contenedor,SI,btz_description_16,escrito_en_slot_btz
P10-HRN-VNT-VE30,VENTILADOR ASPIR. SEC. ENFR.EG01,367888,460ebebf-e4ee-449a-900c-ab33de4c697f-00059d10,P10 > P10-HRN-LGC-HARINA > P10-HRN-ENF-EG01,contenedor_por_ancestro_project,P10-HRN-ENF-EG01,asociado_a_contenedor,SI,btz_description_17,escrito_en_slot_btz
P10-HRN-CCL-CVE30,CICLON VENTILADOR ASPIR. SEC. ENFR.EG01,367888,460ebebf-e4ee-449a-900c-ab33de4c697f-00059d10,P10 > P10-HRN-LGC-HARINA > P10-HRN-ENF-EG01,contenedor_por_ancestro_project,P10-HRN-ENF-EG01,asociado_a_contenedor,SI,btz_description_18,escrito_en_slot_btz
P10-HRN-VLV-VR23,VALV. ROT. 23 (VE30),367888,460ebebf-e4ee-449a-900c-ab33de4c697f-00059d10,P10 > P10-HRN-LGC-HARINA > P10-HRN-ENF-EG01,contenedor_por_ancestro_project,P10-HRN-ENF-EG01,asociado_a_contenedor,SI,btz_description_19,escrito_en_slot_btz
P10-HRN-VNT-VE31,VENTILADOR ASPIR. SEC. ENFR.EG01,367888,460ebebf-e4ee-449a-900c-ab33de4c697f-00059d10,P10 > P10-HRN-LGC-HARINA > P10-HRN-ENF-EG01,contenedor_por_ancestro_project,P10-HRN-ENF-EG01,asociado_a_contenedor,SI,btz_description_20,escrito_en_slot_btz
P10-HRN-CCL-CVE31,CICLON VENTILADOR ASPIR. SEC. ENFR.EG01,367888,460ebebf-e4ee-449a-900c-ab33de4c697f-00059d10,P10 > P10-HRN-LGC-HARINA > P10-HRN-ENF-EG01,contenedor_por_ancestro_project,P10-HRN-ENF-EG01,asociado_a_contenedor,SI,btz_description_21,escrito_en_slot_btz
P10-HRN-VLV-VR24,VALV. ROT. 24 (VE31),367888,460ebebf-e4ee-449a-900c-ab33de4c697f-00059d10,P10 > P10-HRN-LGC-HARINA > P10-HRN-ENF-EG01,contenedor_por_ancestro_project,P10-HRN-ENF-EG01,asociado_a_contenedor,SI,btz_description_22,escrito_en_slot_btz
P10-HRN-VNT-VE32,VENTILADOR ASPIR. SEC. ENFR.EG01,367888,460ebebf-e4ee-449a-900c-ab33de4c697f-00059d10,P10 > P10-HRN-LGC-HARINA > P10-HRN-ENF-EG01,contenedor_por_ancestro_project,P10-HRN-ENF-EG01,asociado_a_contenedor,SI,btz_description_23,escrito_en_slot_btz
P10-HRN-CCL-CVE32,CICLON VENTILADOR ASPIR. SEC. ENFR.EG01,367888,460ebebf-e4ee-449a-900c-ab33de4c697f-00059d10,P10 > P10-HRN-LGC-HARINA > P10-HRN-ENF-EG01,contenedor_por_ancestro_project,P10-HRN-ENF-EG01,asociado_a_contenedor,SI,btz_description_24,escrito_en_slot_btz
P10-HRN-VLV-VR25,VALV. ROT. 25 (VE32),367888,460ebebf-e4ee-449a-900c-ab33de4c697f-00059d10,P10 > P10-HRN-LGC-HARINA > P10-HRN-ENF-EG01,contenedor_por_ancestro_project,P10-HRN-ENF-EG01,asociado_a_contenedor,SI,btz_description_25,escrito_en_slot_btz
P10-HRN-VNT-VE33,VENTILADOR ASPIR. SEC. ENFR.EG01,367888,460ebebf-e4ee-449a-900c-ab33de4c697f-00059d10,P10 > P10-HRN-LGC-HARINA > P10-HRN-ENF-EG01,contenedor_por_ancestro_project,P10-HRN-ENF-EG01,asociado_a_contenedor,SI,btz_description_26,escrito_en_slot_btz
P10-HRN-CCL-CVE33,CICLON VENTILADOR ASPIR. SEC. ENFR.EG01,367888,460ebebf-e4ee-449a-900c-ab33de4c697f-00059d10,P10 > P10-HRN-LGC-HARINA > P10-HRN-ENF-EG01,contenedor_por_ancestro_project,P10-HRN-ENF-EG01,asociado_a_contenedor,SI,btz_description_27,escrito_en_slot_btz
P10-HRN-VLV-VR26,VALV. ROT. 26 (VE33),367888,460ebebf-e4ee-449a-900c-ab33de4c697f-00059d10,P10 > P10-HRN-LGC-HARINA > P10-HRN-ENF-EG01,contenedor_por_ancestro_project,P10-HRN-ENF-EG01,asociado_a_contenedor,SI,btz_description_28,escrito_en_slot_btz
P10-HRN-VNT-VE34,VENTILADOR ASPIR. SEC. ENFR.EG01,367888,460ebebf-e4ee-449a-900c-ab33de4c697f-00059d10,P10 > P10-HRN-LGC-HARINA > P10-HRN-ENF-EG01,contenedor_por_ancestro_project,P10-HRN-ENF-EG01,asociado_a_contenedor,SI,btz_description_29,escrito_en_slot_btz
P10-HRN-CCL-CVE34,CICLON VENTILADOR ASPIR. SEC. ENFR.EG01,367888,460ebebf-e4ee-449a-900c-ab33de4c697f-00059d10,P10 > P10-HRN-LGC-HARINA > P10-HRN-ENF-EG01,contenedor_por_ancestro_project,P10-HRN-ENF-EG01,asociado_a_contenedor,SI,btz_description_30,escrito_en_slot_btz
P10-HRN-VLV-VR27,VALV. ROT. 27 (VE34),367888,460ebebf-e4ee-449a-900c-ab33de4c697f-00059d10,P10 > P10-HRN-LGC-HARINA > P10-HRN-ENF-EG01,contenedor_por_ancestro_project,P10-HRN-ENF-EG01,asociado_a_contenedor,NO,,asociado_por_csv_externo_supera_slots_btz
P10-HRN-VNT-VE39,VTF AEROTERMOS ENFR.EG01,367888,460ebebf-e4ee-449a-900c-ab33de4c697f-00059d10,P10 > P10-HRN-LGC-HARINA > P10-HRN-ENF-EG01,contenedor_por_ancestro_project,P10-HRN-ENF-EG01,asociado_a_contenedor,NO,,asociado_por_csv_externo_supera_slots_btz
P10-HRN-ART-ARTVE39,AEROTERMO DE VENTILADOR VE39,367888,460ebebf-e4ee-449a-900c-ab33de4c697f-00059d10,P10 > P10-HRN-LGC-HARINA > P10-HRN-ENF-EG01,contenedor_por_ancestro_project,P10-HRN-ENF-EG01,asociado_a_contenedor,NO,,asociado_por_csv_externo_supera_slots_btz
P10-HRN-VNT-VE40,VTF AEROTERMOS ENFR.EG01,367888,460ebebf-e4ee-449a-900c-ab33de4c697f-00059d10,P10 > P10-HRN-LGC-HARINA > P10-HRN-ENF-EG01,contenedor_por_ancestro_project,P10-HRN-ENF-EG01,asociado_a_contenedor,NO,,asociado_por_csv_externo_supera_slots_btz
P10-HRN-ART-ARTVE40,AEROTERMO DE VENTILADOR VE40,367888,460ebebf-e4ee-449a-900c-ab33de4c697f-00059d10,P10 > P10-HRN-LGC-HARINA > P10-HRN-ENF-EG01,contenedor_por_ancestro_project,P10-HRN-ENF-EG01,asociado_a_contenedor,NO,,asociado_por_csv_externo_supera_slots_btz
P10-HRN-VNT-VE41,VTF AEROTERMOS ENFR.EG01,367888,460ebebf-e4ee-449a-900c-ab33de4c697f-00059d10,P10 > P10-HRN-LGC-HARINA > P10-HRN-ENF-EG01,contenedor_por_ancestro_project,P10-HRN-ENF-EG01,asociado_a_contenedor,NO,,asociado_por_csv_externo_supera_slots_btz
P10-HRN-ART-ARTVE41,AEROTERMO DE VENTILADOR VE41,367888,460ebebf-e4ee-449a-900c-ab33de4c697f-00059d10,P10 > P10-HRN-LGC-HARINA > P10-HRN-ENF-EG01,contenedor_por_ancestro_project,P10-HRN-ENF-EG01,asociado_a_contenedor,NO,,asociado_por_csv_externo_supera_slots_btz
P10-HRN-VNT-VE42,VTF AEROTERMOS ENFR.EG01,367888,460ebebf-e4ee-449a-900c-ab33de4c697f-00059d10,P10 > P10-HRN-LGC-HARINA > P10-HRN-ENF-EG01,contenedor_por_ancestro_project,P10-HRN-ENF-EG01,asociado_a_contenedor,NO,,asociado_por_csv_externo_supera_slots_btz
P10-HRN-ART-ARTVE42,AEROTERMO DE VENTILADOR VE42,367888,460ebebf-e4ee-449a-900c-ab33de4c697f-00059d10,P10 > P10-HRN-LGC-HARINA > P10-HRN-ENF-EG01,contenedor_por_ancestro_project,P10-HRN-ENF-EG01,asociado_a_contenedor,NO,,asociado_por_csv_externo_supera_slots_btz
P10-HRN-VNT-VE43,VTF AEROTERMOS ENFR.EG01,367888,460ebebf-e4ee-449a-900c-ab33de4c697f-00059d10,P10 > P10-HRN-LGC-HARINA > P10-HRN-ENF-EG01,contenedor_por_ancestro_project,P10-HRN-ENF-EG01,asociado_a_contenedor,NO,,asociado_por_csv_externo_supera_slots_btz
P10-HRN-ART-ARTVE43,AEROTERMO DE VENTILADOR VE43,367888,460ebebf-e4ee-449a-900c-ab33de4c697f-00059d10,P10 > P10-HRN-LGC-HARINA > P10-HRN-ENF-EG01,contenedor_por_ancestro_project,P10-HRN-ENF-EG01,asociado_a_contenedor,NO,,asociado_por_csv_externo_supera_slots_btz
P10-HRN-VNT-VE44,VTF AEROTERMOS ENFR.EG01,367888,460ebebf-e4ee-449a-900c-ab33de4c697f-00059d10,P10 > P10-HRN-LGC-HARINA > P10-HRN-ENF-EG01,contenedor_por_ancestro_project,P10-HRN-ENF-EG01,asociado_a_contenedor,NO,,asociado_por_csv_externo_supera_slots_btz
P10-HRN-ART-ARTVE44,AEROTERMO DE VENTILADOR VE44,367888,460ebebf-e4ee-449a-900c-ab33de4c697f-00059d10,P10 > P10-HRN-LGC-HARINA > P10-HRN-ENF-EG01,contenedor_por_ancestro_project,P10-HRN-ENF-EG01,asociado_a_contenedor,NO,,asociado_por_csv_externo_supera_slots_btz
P10-HRN-VNT-VE45,VTF AEROTERMOS ENFR.EG01,367888,460ebebf-e4ee-449a-900c-ab33de4c697f-00059d10,P10 > P10-HRN-LGC-HARINA > P10-HRN-ENF-EG01,contenedor_por_ancestro_project,P10-HRN-ENF-EG01,asociado_a_contenedor,NO,,asociado_por_csv_externo_supera_slots_btz
P10-HRN-ART-ARTVE45,AEROTERMO DE VENTILADOR VE45,367888,460ebebf-e4ee-449a-900c-ab33de4c697f-00059d10,P10 > P10-HRN-LGC-HARINA > P10-HRN-ENF-EG01,contenedor_por_ancestro_project,P10-HRN-ENF-EG01,asociado_a_contenedor,NO,,asociado_por_csv_externo_supera_slots_btz
P10-HRN-VNT-VE46,VTF AEROTERMOS ENFR.EG01,367888,460ebebf-e4ee-449a-900c-ab33de4c697f-00059d10,P10 > P10-HRN-LGC-HARINA > P10-HRN-ENF-EG01,contenedor_por_ancestro_project,P10-HRN-ENF-EG01,asociado_a_contenedor,NO,,asociado_por_csv_externo_supera_slots_btz
P10-HRN-ART-ARTVE46,AEROTERMO DE VENTILADOR VE46,367888,460ebebf-e4ee-449a-900c-ab33de4c697f-00059d10,P10 > P10-HRN-LGC-HARINA > P10-HRN-ENF-EG01,contenedor_por_ancestro_project,P10-HRN-ENF-EG01,asociado_a_contenedor,NO,,asociado_por_csv_externo_supera_slots_btz
P10-HRN-VNT-VE47,VTF AEROTERMOS ENFR.EG01,367888,460ebebf-e4ee-449a-900c-ab33de4c697f-00059d10,P10 > P10-HRN-LGC-HARINA > P10-HRN-ENF-EG01,contenedor_por_ancestro_project,P10-HRN-ENF-EG01,asociado_a_contenedor,NO,,asociado_por_csv_externo_supera_slots_btz
P10-HRN-ART-ARTVE47,AEROTERMO DE VENTILADOR VE47,367888,460ebebf-e4ee-449a-900c-ab33de4c697f-00059d10,P10 > P10-HRN-LGC-HARINA > P10-HRN-ENF-EG01,contenedor_por_ancestro_project,P10-HRN-ENF-EG01,asociado_a_contenedor,NO,,asociado_por_csv_externo_supera_slots_btz
P10-HRN-VNT-VE48,VTF AEROTERMOS ENFR.EG01,367888,460ebebf-e4ee-449a-900c-ab33de4c697f-00059d10,P10 > P10-HRN-LGC-HARINA > P10-HRN-ENF-EG01,contenedor_por_ancestro_project,P10-HRN-ENF-EG01,asociado_a_contenedor,NO,,asociado_por_csv_externo_supera_slots_btz
P10-HRN-ART-ARTVE48,AEROTERMO DE VENTILADOR VE48,367888,460ebebf-e4ee-449a-900c-ab33de4c697f-00059d10,P10 > P10-HRN-LGC-HARINA > P10-HRN-ENF-EG01,contenedor_por_ancestro_project,P10-HRN-ENF-EG01,asociado_a_contenedor,NO,,asociado_por_csv_externo_supera_slots_btz
P10-HRN-VNT-VE49,VTF AEROTERMOS ENFR.EG01,367888,460ebebf-e4ee-449a-900c-ab33de4c697f-00059d10,P10 > P10-HRN-LGC-HARINA > P10-HRN-ENF-EG01,contenedor_por_ancestro_project,P10-HRN-ENF-EG01,asociado_a_contenedor,NO,,asociado_por_csv_externo_supera_slots_btz
P10-HRN-ART-ARTVE49,AEROTERMO DE VENTILADOR VE49,367888,460ebebf-e4ee-449a-900c-ab33de4c697f-00059d10,P10 > P10-HRN-LGC-HARINA > P10-HRN-ENF-EG01,contenedor_por_ancestro_project,P10-HRN-ENF-EG01,asociado_a_contenedor,NO,,asociado_por_csv_externo_supera_slots_btz
P10-HRN-VNT-VE50,VTF AEROTERMOS ENFR.EG01,367888,460ebebf-e4ee-449a-900c-ab33de4c697f-00059d10,P10 > P10-HRN-LGC-HARINA > P10-HRN-ENF-EG01,contenedor_por_ancestro_project,P10-HRN-ENF-EG01,asociado_a_contenedor,NO,,asociado_por_csv_externo_supera_slots_btz
P10-HRN-ART-ARTVE50,AEROTERMO DE VENTILADOR VE50,367888,460ebebf-e4ee-449a-900c-ab33de4c697f-00059d10,P10 > P10-HRN-LGC-HARINA > P10-HRN-ENF-EG01,contenedor_por_ancestro_project,P10-HRN-ENF-EG01,asociado_a_contenedor,NO,,asociado_por_csv_externo_supera_slots_btz
P10-HRN-VNT-VE51,VTF AEROTERMOS ENFR.EG01,367888,460ebebf-e4ee-449a-900c-ab33de4c697f-00059d10,P10 > P10-HRN-LGC-HARINA > P10-HRN-ENF-EG01,contenedor_por_ancestro_project,P10-HRN-ENF-EG01,asociado_a_contenedor,NO,,asociado_por_csv_externo_supera_slots_btz
P10-HRN-ART-ARTVE51,AEROTERMO DE VENTILADOR VE51,367888,460ebebf-e4ee-449a-900c-ab33de4c697f-00059d10,P10 > P10-HRN-LGC-HARINA > P10-HRN-ENF-EG01,contenedor_por_ancestro_project,P10-HRN-ENF-EG01,asociado_a_contenedor,NO,,asociado_por_csv_externo_supera_slots_btz
P10-HRN-VNT-VE52,VTF AEROTERMOS ENFR.EG01,367888,460ebebf-e4ee-449a-900c-ab33de4c697f-00059d10,P10 > P10-HRN-LGC-HARINA > P10-HRN-ENF-EG01,contenedor_por_ancestro_project,P10-HRN-ENF-EG01,asociado_a_contenedor,NO,,asociado_por_csv_externo_supera_slots_btz
P10-HRN-ART-ARTVE52,AEROTERMO DE VENTILADOR VE52,367888,460ebebf-e4ee-449a-900c-ab33de4c697f-00059d10,P10 > P10-HRN-LGC-HARINA > P10-HRN-ENF-EG01,contenedor_por_ancestro_project,P10-HRN-ENF-EG01,asociado_a_contenedor,NO,,asociado_por_csv_externo_supera_slots_btz
P10-HRN-VNT-VE53,VTF AEROTERMOS ENFR.EG01,367888,460ebebf-e4ee-449a-900c-ab33de4c697f-00059d10,P10 > P10-HRN-LGC-HARINA > P10-HRN-ENF-EG01,contenedor_por_ancestro_project,P10-HRN-ENF-EG01,asociado_a_contenedor,NO,,asociado_por_csv_externo_supera_slots_btz
P10-HRN-ART-ARTVE53,AEROTERMO DE VENTILADOR VE53,367888,460ebebf-e4ee-449a-900c-ab33de4c697f-00059d10,P10 > P10-HRN-LGC-HARINA > P10-HRN-ENF-EG01,contenedor_por_ancestro_project,P10-HRN-ENF-EG01,asociado_a_contenedor,NO,,asociado_por_csv_externo_supera_slots_btz
P10-HRN-VNT-VE54,VTF AEROTERMOS ENFR.EG01,367888,460ebebf-e4ee-449a-900c-ab33de4c697f-00059d10,P10 > P10-HRN-LGC-HARINA > P10-HRN-ENF-EG01,contenedor_por_ancestro_project,P10-HRN-ENF-EG01,asociado_a_contenedor,NO,,asociado_por_csv_externo_supera_slots_btz
P10-HRN-ART-ARTVE54,AEROTERMO DE VENTILADOR VE54,367888,460ebebf-e4ee-449a-900c-ab33de4c697f-00059d10,P10 > P10-HRN-LGC-HARINA > P10-HRN-ENF-EG01,contenedor_por_ancestro_project,P10-HRN-ENF-EG01,asociado_a_contenedor,NO,,asociado_por_csv_externo_supera_slots_btz
P10-HRN-VNT-VE55,VTF AEROTERMOS ENFR.EG01,367888,460ebebf-e4ee-449a-900c-ab33de4c697f-00059d10,P10 > P10-HRN-LGC-HARINA > P10-HRN-ENF-EG01,contenedor_por_ancestro_project,P10-HRN-ENF-EG01,asociado_a_contenedor,NO,,asociado_por_csv_externo_supera_slots_btz
P10-HRN-ART-ARTVE55,AEROTERMO DE VENTILADOR VE55,367888,460ebebf-e4ee-449a-900c-ab33de4c697f-00059d10,P10 > P10-HRN-LGC-HARINA > P10-HRN-ENF-EG01,contenedor_por_ancestro_project,P10-HRN-ENF-EG01,asociado_a_contenedor,NO,,asociado_por_csv_externo_supera_slots_btz
P10-HRN-VNT-VE56,VTF AEROTERMOS ENFR.EG01,367888,460ebebf-e4ee-449a-900c-ab33de4c697f-00059d10,P10 > P10-HRN-LGC-HARINA > P10-HRN-ENF-EG01,contenedor_por_ancestro_project,P10-HRN-ENF-EG01,asociado_a_contenedor,NO,,asociado_por_csv_externo_supera_slots_btz
P10-HRN-ART-ARTVE56,AEROTERMO DE VENTILADOR VE56,367888,460ebebf-e4ee-449a-900c-ab33de4c697f-00059d10,P10 > P10-HRN-LGC-HARINA > P10-HRN-ENF-EG01,contenedor_por_ancestro_project,P10-HRN-ENF-EG01,asociado_a_contenedor,NO,,asociado_por_csv_externo_supera_slots_btz
P10-HRN-VNT-VE57,VTF AEROTERMOS ENFR.EG01,367888,460ebebf-e4ee-449a-900c-ab33de4c697f-00059d10,P10 > P10-HRN-LGC-HARINA > P10-HRN-ENF-EG01,contenedor_por_ancestro_project,P10-HRN-ENF-EG01,asociado_a_contenedor,NO,,asociado_por_csv_externo_supera_slots_btz
P10-HRN-ART-ARTVE57,AEROTERMO DE VENTILADOR VE57,367888,460ebebf-e4ee-449a-900c-ab33de4c697f-00059d10,P10 > P10-HRN-LGC-HARINA > P10-HRN-ENF-EG01,contenedor_por_ancestro_project,P10-HRN-ENF-EG01,asociado_a_contenedor,NO,,asociado_por_csv_externo_supera_slots_btz
P10-HRN-VNT-VE58,VTF AEROTERMOS ENFR.EG01,367888,460ebebf-e4ee-449a-900c-ab33de4c697f-00059d10,P10 > P10-HRN-LGC-HARINA > P10-HRN-ENF-EG01,contenedor_por_ancestro_project,P10-HRN-ENF-EG01,asociado_a_contenedor,NO,,asociado_por_csv_externo_supera_slots_btz
P10-HRN-ART-ARTVE58,AEROTERMO DE VENTILADOR VE58,367888,460ebebf-e4ee-449a-900c-ab33de4c697f-00059d10,P10 > P10-HRN-LGC-HARINA > P10-HRN-ENF-EG01,contenedor_por_ancestro_project,P10-HRN-ENF-EG01,asociado_a_contenedor,NO,,asociado_por_csv_externo_supera_slots_btz
P10-HRN-VNT-VE59,VTF AEROTERMOS ENFR.EG01,367888,460ebebf-e4ee-449a-900c-ab33de4c697f-00059d10,P10 > P10-HRN-LGC-HARINA > P10-HRN-ENF-EG01,contenedor_por_ancestro_project,P10-HRN-ENF-EG01,asociado_a_contenedor,NO,,asociado_por_csv_externo_supera_slots_btz
P10-HRN-ART-ARTVE59,AEROTERMO DE VENTILADOR VE59,367888,460ebebf-e4ee-449a-900c-ab33de4c697f-00059d10,P10 > P10-HRN-LGC-HARINA > P10-HRN-ENF-EG01,contenedor_por_ancestro_project,P10-HRN-ENF-EG01,asociado_a_contenedor,NO,,asociado_por_csv_externo_supera_slots_btz
P10-HRN-VNT-VE60,VTF AEROTERMOS ENFR.EG01,367888,460ebebf-e4ee-449a-900c-ab33de4c697f-00059d10,P10 > P10-HRN-LGC-HARINA > P10-HRN-ENF-EG01,contenedor_por_ancestro_project,P10-HRN-ENF-EG01,asociado_a_contenedor,NO,,asociado_por_csv_externo_supera_slots_btz
P10-HRN-ART-ARTVE60,AEROTERMO DE VENTILADOR VE60,367888,460ebebf-e4ee-449a-900c-ab33de4c697f-00059d10,P10 > P10-HRN-LGC-HARINA > P10-HRN-ENF-EG01,contenedor_por_ancestro_project,P10-HRN-ENF-EG01,asociado_a_contenedor,NO,,asociado_por_csv_externo_supera_slots_btz
P10-HRN-VNT-VE61,VTF AEROTERMOS ENFR.EG01,367888,460ebebf-e4ee-449a-900c-ab33de4c697f-00059d10,P10 > P10-HRN-LGC-HARINA > P10-HRN-ENF-EG01,contenedor_por_ancestro_project,P10-HRN-ENF-EG01,asociado_a_contenedor,NO,,asociado_por_csv_externo_supera_slots_btz
P10-HRN-ART-ARTVE61,AEROTERMO DE VENTILADOR VE61,367888,460ebebf-e4ee-449a-900c-ab33de4c697f-00059d10,P10 > P10-HRN-LGC-HARINA > P10-HRN-ENF-EG01,contenedor_por_ancestro_project,P10-HRN-ENF-EG01,asociado_a_contenedor,NO,,asociado_por_csv_externo_supera_slots_btz
P10-HRN-VNT-VE62,VTF AEROTERMOS ENFR.EG01,367888,460ebebf-e4ee-449a-900c-ab33de4c697f-00059d10,P10 > P10-HRN-LGC-HARINA > P10-HRN-ENF-EG01,contenedor_por_ancestro_project,P10-HRN-ENF-EG01,asociado_a_contenedor,NO,,asociado_por_csv_externo_supera_slots_btz
P10-HRN-ART-ARTVE62,AEROTERMO DE VENTILADOR VE62,367888,460ebebf-e4ee-449a-900c-ab33de4c697f-00059d10,P10 > P10-HRN-LGC-HARINA > P10-HRN-ENF-EG01,contenedor_por_ancestro_project,P10-HRN-ENF-EG01,asociado_a_contenedor,NO,,asociado_por_csv_externo_supera_slots_btz
P10-HRN-VNT-VE63,VTF AEROTERMOS ENFR.EG01,367888,460ebebf-e4ee-449a-900c-ab33de4c697f-00059d10,P10 > P10-HRN-LGC-HARINA > P10-HRN-ENF-EG01,contenedor_por_ancestro_project,P10-HRN-ENF-EG01,asociado_a_contenedor,NO,,asociado_por_csv_externo_supera_slots_btz
P10-HRN-ART-ARTVE63,AEROTERMO DE VENTILADOR VE63,367888,460ebebf-e4ee-449a-900c-ab33de4c697f-00059d10,P10 > P10-HRN-LGC-HARINA > P10-HRN-ENF-EG01,contenedor_por_ancestro_project,P10-HRN-ENF-EG01,asociado_a_contenedor,NO,,asociado_por_csv_externo_supera_slots_btz
P10-HRN-RSC-EGSF05,ROSCA SIN FIN DE FINOS ENFR. SEC. 02,281487,a027b4da-4e9c-44ad-b607-5fb48d4c7061-00044b8f,P10 > P10-HRN-LGC-HARINA > P10-HRN-ENF-EG02,contenedor_por_ancestro_project,P10-HRN-ENF-EG02,asociado_a_contenedor,SI,btz_description_04,escrito_en_slot_btz
P10-HRN-RSC-EGSF06,ROSCA SIN FIN DE FINOS ENFR. SEC. 02,281487,a027b4da-4e9c-44ad-b607-5fb48d4c7061-00044b8f,P10 > P10-HRN-LGC-HARINA > P10-HRN-ENF-EG02,contenedor_por_ancestro_project,P10-HRN-ENF-EG02,asociado_a_contenedor,SI,btz_description_05,escrito_en_slot_btz
P10-HRN-RSC-EGSF07,ROSCA SIN FIN DE FINOS ENFR. SEC. 02,281487,a027b4da-4e9c-44ad-b607-5fb48d4c7061-00044b8f,P10 > P10-HRN-LGC-HARINA > P10-HRN-ENF-EG02,contenedor_por_ancestro_project,P10-HRN-ENF-EG02,asociado_a_contenedor,SI,btz_description_06,escrito_en_slot_btz
P10-HRN-VNT-VE35,VENTILADOR ASPIR. SEC. ENFR.EG02,281487,a027b4da-4e9c-44ad-b607-5fb48d4c7061-00044b8f,P10 > P10-HRN-LGC-HARINA > P10-HRN-ENF-EG02,contenedor_por_ancestro_project,P10-HRN-ENF-EG02,asociado_a_contenedor,SI,btz_description_07,escrito_en_slot_btz
P10-HRN-CCL-CVE35,CICLON VENTILADOR ASPIR. SEC. ENFR.EG02,281487,a027b4da-4e9c-44ad-b607-5fb48d4c7061-00044b8f,P10 > P10-HRN-LGC-HARINA > P10-HRN-ENF-EG02,contenedor_por_ancestro_project,P10-HRN-ENF-EG02,asociado_a_contenedor,SI,btz_description_08,escrito_en_slot_btz
P10-HRN-VLV-VR28,VALV. ROT. 28 (VE35),281487,a027b4da-4e9c-44ad-b607-5fb48d4c7061-00044b8f,P10 > P10-HRN-LGC-HARINA > P10-HRN-ENF-EG02,contenedor_por_ancestro_project,P10-HRN-ENF-EG02,asociado_a_contenedor,SI,btz_description_09,escrito_en_slot_btz
P10-HRN-VNT-VE36,VENTILADOR ASPIR. SEC. ENFR.EG02,281487,a027b4da-4e9c-44ad-b607-5fb48d4c7061-00044b8f,P10 > P10-HRN-LGC-HARINA > P10-HRN-ENF-EG02,contenedor_por_ancestro_project,P10-HRN-ENF-EG02,asociado_a_contenedor,SI,btz_description_10,escrito_en_slot_btz
P10-HRN-CCL-CVE36,CICLON VENTILADOR ASPIR. SEC. ENFR.EG02,281487,a027b4da-4e9c-44ad-b607-5fb48d4c7061-00044b8f,P10 > P10-HRN-LGC-HARINA > P10-HRN-ENF-EG02,contenedor_por_ancestro_project,P10-HRN-ENF-EG02,asociado_a_contenedor,SI,btz_description_11,escrito_en_slot_btz
P10-HRN-VLV-VR29,VALV. ROT. 29 (VE36),281487,a027b4da-4e9c-44ad-b607-5fb48d4c7061-00044b8f,P10 > P10-HRN-LGC-HARINA > P10-HRN-ENF-EG02,contenedor_por_ancestro_project,P10-HRN-ENF-EG02,asociado_a_contenedor,SI,btz_description_12,escrito_en_slot_btz
P10-HRN-VNT-VE37,VENTILADOR ASPIR. SEC. ENFR.EG02,281487,a027b4da-4e9c-44ad-b607-5fb48d4c7061-00044b8f,P10 > P10-HRN-LGC-HARINA > P10-HRN-ENF-EG02,contenedor_por_ancestro_project,P10-HRN-ENF-EG02,asociado_a_contenedor,SI,btz_description_13,escrito_en_slot_btz
P10-HRN-CCL-CVE37,CICLON VENTILADOR ASPIR. SEC. ENFR.EG02,281487,a027b4da-4e9c-44ad-b607-5fb48d4c7061-00044b8f,P10 > P10-HRN-LGC-HARINA > P10-HRN-ENF-EG02,contenedor_por_ancestro_project,P10-HRN-ENF-EG02,asociado_a_contenedor,SI,btz_description_14,escrito_en_slot_btz
P10-HRN-VLV-VR30,VALV. ROT. 30  (VE37),281487,a027b4da-4e9c-44ad-b607-5fb48d4c7061-00044b8f,P10 > P10-HRN-LGC-HARINA > P10-HRN-ENF-EG02,contenedor_por_ancestro_project,P10-HRN-ENF-EG02,asociado_a_contenedor,SI,btz_description_15,escrito_en_slot_btz
P10-HRN-VNT-VE38,VENTILADOR ASPIR. SEC. ENFR.EG02,281487,a027b4da-4e9c-44ad-b607-5fb48d4c7061-00044b8f,P10 > P10-HRN-LGC-HARINA > P10-HRN-ENF-EG02,contenedor_por_ancestro_project,P10-HRN-ENF-EG02,asociado_a_contenedor,SI,btz_description_16,escrito_en_slot_btz
P10-HRN-CCL-CVE38,CICLON VENTILADOR ASPIR. SEC. ENFR.EG02,281487,a027b4da-4e9c-44ad-b607-5fb48d4c7061-00044b8f,P10 > P10-HRN-LGC-HARINA > P10-HRN-ENF-EG02,contenedor_por_ancestro_project,P10-HRN-ENF-EG02,asociado_a_contenedor,SI,btz_description_17,escrito_en_slot_btz
P10-HRN-VLV-VR31,VALV. ROT. 31 (VE38),281487,a027b4da-4e9c-44ad-b607-5fb48d4c7061-00044b8f,P10 > P10-HRN-LGC-HARINA > P10-HRN-ENF-EG02,contenedor_por_ancestro_project,P10-HRN-ENF-EG02,asociado_a_contenedor,SI,btz_description_18,escrito_en_slot_btz
P10-PRP-ENF-EE01,ENFRIADOR EXPANDIDO 01,281220,a027b4da-4e9c-44ad-b607-5fb48d4c7061-00044a84,P10 > P10-PRP-LGC-PREPARACION > P10-PRP-LGC-EXPANDIDO,contenedor_por_ancestro_project,P10-PRP-LGC-EXPANDIDO,asociado_a_contenedor,SI,btz_description_04,escrito_en_slot_btz
P10-PRP-VLV-VREE1,VALV ROT DESCARGA SEC ENFR EXPANDIDO,281220,a027b4da-4e9c-44ad-b607-5fb48d4c7061-00044a84,P10 > P10-PRP-LGC-PREPARACION > P10-PRP-LGC-EXPANDIDO,contenedor_por_ancestro_project,P10-PRP-LGC-EXPANDIDO,asociado_a_contenedor,SI,btz_description_05,escrito_en_slot_btz
P10-PRP-VNT-VE21,VENTILADOR DE ASP. ENFRIADOR DE EXP. EE01,281220,a027b4da-4e9c-44ad-b607-5fb48d4c7061-00044a84,P10 > P10-PRP-LGC-PREPARACION > P10-PRP-LGC-EXPANDIDO,contenedor_por_ancestro_project,P10-PRP-LGC-EXPANDIDO,asociado_a_contenedor,SI,btz_description_06,escrito_en_slot_btz
P10-PRP-VNT-VE22,VENTILADOR DE ASP. ENFRIADOR DE EXP. EE01,281220,a027b4da-4e9c-44ad-b607-5fb48d4c7061-00044a84,P10 > P10-PRP-LGC-PREPARACION > P10-PRP-LGC-EXPANDIDO,contenedor_por_ancestro_project,P10-PRP-LGC-EXPANDIDO,asociado_a_contenedor,SI,btz_description_07,escrito_en_slot_btz
P10-PRP-VNT-VE23,VENTILADOR DE ASP. ENFRIADOR DE EXP. EE01,281220,a027b4da-4e9c-44ad-b607-5fb48d4c7061-00044a84,P10 > P10-PRP-LGC-PREPARACION > P10-PRP-LGC-EXPANDIDO,contenedor_por_ancestro_project,P10-PRP-LGC-EXPANDIDO,asociado_a_contenedor,SI,btz_description_08,escrito_en_slot_btz
P10-PRP-VNT-VE24,VENTILADOR DE ASP. ENFRIADOR DE EXP. EE01,281220,a027b4da-4e9c-44ad-b607-5fb48d4c7061-00044a84,P10 > P10-PRP-LGC-PREPARACION > P10-PRP-LGC-EXPANDIDO,contenedor_por_ancestro_project,P10-PRP-LGC-EXPANDIDO,asociado_a_contenedor,SI,btz_description_09,escrito_en_slot_btz
P10-PRP-VNT-VE25,VENTILADOR DE ASP. ENFRIADOR DE EXP. EE01,281220,a027b4da-4e9c-44ad-b607-5fb48d4c7061-00044a84,P10 > P10-PRP-LGC-PREPARACION > P10-PRP-LGC-EXPANDIDO,contenedor_por_ancestro_project,P10-PRP-LGC-EXPANDIDO,asociado_a_contenedor,SI,btz_description_10,escrito_en_slot_btz
P10-PRP-VNT-VE26,VENTILADOR DE ASP. ENFRIADOR DE EXP. EE01,281220,a027b4da-4e9c-44ad-b607-5fb48d4c7061-00044a84,P10 > P10-PRP-LGC-PREPARACION > P10-PRP-LGC-EXPANDIDO,contenedor_por_ancestro_project,P10-PRP-LGC-EXPANDIDO,asociado_a_contenedor,SI,btz_description_11,escrito_en_slot_btz
P10-PRP-VNT-VTEE01,VENTILADOR TOLVA ENFRIADOR EXPANDIDO 1 BAHOS,281220,a027b4da-4e9c-44ad-b607-5fb48d4c7061-00044a84,P10 > P10-PRP-LGC-PREPARACION > P10-PRP-LGC-EXPANDIDO,contenedor_por_ancestro_project,P10-PRP-LGC-EXPANDIDO,asociado_a_contenedor,SI,btz_description_12,escrito_en_slot_btz
P10-PRP-ENF-EE02,ENFRIADOR EXPANDIDO 02,281220,a027b4da-4e9c-44ad-b607-5fb48d4c7061-00044a84,P10 > P10-PRP-LGC-PREPARACION > P10-PRP-LGC-EXPANDIDO,contenedor_por_ancestro_project,P10-PRP-LGC-EXPANDIDO,asociado_a_contenedor,SI,btz_description_13,escrito_en_slot_btz
P10-PRP-VLV-VREE2,VALV ROT DESCARGA SEC ENFR EXPANDIDO,281220,a027b4da-4e9c-44ad-b607-5fb48d4c7061-00044a84,P10 > P10-PRP-LGC-PREPARACION > P10-PRP-LGC-EXPANDIDO,contenedor_por_ancestro_project,P10-PRP-LGC-EXPANDIDO,asociado_a_contenedor,SI,btz_description_14,escrito_en_slot_btz
P10-PRP-VNT-VE15,VENTILADOR DE ASP. ENFRIADOR DE EXP. EE02,281220,a027b4da-4e9c-44ad-b607-5fb48d4c7061-00044a84,P10 > P10-PRP-LGC-PREPARACION > P10-PRP-LGC-EXPANDIDO,contenedor_por_ancestro_project,P10-PRP-LGC-EXPANDIDO,asociado_a_contenedor,SI,btz_description_15,escrito_en_slot_btz
P10-PRP-VNT-VE16,VENTILADOR DE ASP. ENFRIADOR DE EXP. EE02,281220,a027b4da-4e9c-44ad-b607-5fb48d4c7061-00044a84,P10 > P10-PRP-LGC-PREPARACION > P10-PRP-LGC-EXPANDIDO,contenedor_por_ancestro_project,P10-PRP-LGC-EXPANDIDO,asociado_a_contenedor,SI,btz_description_16,escrito_en_slot_btz
P10-PRP-VNT-VE17,VENTILADOR DE ASP. ENFRIADOR DE EXP. EE02,281220,a027b4da-4e9c-44ad-b607-5fb48d4c7061-00044a84,P10 > P10-PRP-LGC-PREPARACION > P10-PRP-LGC-EXPANDIDO,contenedor_por_ancestro_project,P10-PRP-LGC-EXPANDIDO,asociado_a_contenedor,SI,btz_description_17,escrito_en_slot_btz
P10-PRP-VNT-VE18,VENTILADOR DE ASP. ENFRIADOR DE EXP. EE02,281220,a027b4da-4e9c-44ad-b607-5fb48d4c7061-00044a84,P10 > P10-PRP-LGC-PREPARACION > P10-PRP-LGC-EXPANDIDO,contenedor_por_ancestro_project,P10-PRP-LGC-EXPANDIDO,asociado_a_contenedor,SI,btz_description_18,escrito_en_slot_btz
P10-PRP-VNT-VE19,VENTILADOR DE ASP. ENFRIADOR DE EXP. EE02,281220,a027b4da-4e9c-44ad-b607-5fb48d4c7061-00044a84,P10 > P10-PRP-LGC-PREPARACION > P10-PRP-LGC-EXPANDIDO,contenedor_por_ancestro_project,P10-PRP-LGC-EXPANDIDO,asociado_a_contenedor,SI,btz_description_19,escrito_en_slot_btz
P10-PRP-VNT-VE20,VENTILADOR DE ASP. ENFRIADOR DE EXP. EE02,281220,a027b4da-4e9c-44ad-b607-5fb48d4c7061-00044a84,P10 > P10-PRP-LGC-PREPARACION > P10-PRP-LGC-EXPANDIDO,contenedor_por_ancestro_project,P10-PRP-LGC-EXPANDIDO,asociado_a_contenedor,SI,btz_description_20,escrito_en_slot_btz
P10-PRP-VNT-VTEE02,VENTILADOR TOLVA ENFRIADOR EXPANDIDO 2 BAHOS,281220,a027b4da-4e9c-44ad-b607-5fb48d4c7061-00044a84,P10 > P10-PRP-LGC-PREPARACION > P10-PRP-LGC-EXPANDIDO,contenedor_por_ancestro_project,P10-PRP-LGC-EXPANDIDO,asociado_a_contenedor,SI,btz_description_21,escrito_en_slot_btz
P10-PRP-EXP-E01,EXPANDER E01,281220,a027b4da-4e9c-44ad-b607-5fb48d4c7061-00044a84,P10 > P10-PRP-LGC-PREPARACION > P10-PRP-LGC-EXPANDIDO,contenedor_por_ancestro_project,P10-PRP-LGC-EXPANDIDO,asociado_a_contenedor,SI,btz_description_22,escrito_en_slot_btz
P10-PRP-ALM-AE01,ALIM. EXPANDER E01,281220,a027b4da-4e9c-44ad-b607-5fb48d4c7061-00044a84,P10 > P10-PRP-LGC-PREPARACION > P10-PRP-LGC-EXPANDIDO,contenedor_por_ancestro_project,P10-PRP-LGC-EXPANDIDO,asociado_a_contenedor,SI,btz_description_23,escrito_en_slot_btz
P10-PRP-BMB-EBLI01,BOMBA ACEITE LUBRICACION  RODAMIENTO,281220,a027b4da-4e9c-44ad-b607-5fb48d4c7061-00044a84,P10 > P10-PRP-LGC-PREPARACION > P10-PRP-LGC-EXPANDIDO,contenedor_por_ancestro_project,P10-PRP-LGC-EXPANDIDO,asociado_a_contenedor,SI,btz_description_24,escrito_en_slot_btz
P10-PRP-BMB-EBLE01,BOMBA ACEITE REFRIGERACION REDUCTOR E01,281220,a027b4da-4e9c-44ad-b607-5fb48d4c7061-00044a84,P10 > P10-PRP-LGC-PREPARACION > P10-PRP-LGC-EXPANDIDO,contenedor_por_ancestro_project,P10-PRP-LGC-EXPANDIDO,asociado_a_contenedor,SI,btz_description_25,escrito_en_slot_btz
P10-PRP-VNT-VRA01,VENTIALDOR RECIRCULACION ACEITE EXPANDER E01,281220,a027b4da-4e9c-44ad-b607-5fb48d4c7061-00044a84,P10 > P10-PRP-LGC-PREPARACION > P10-PRP-LGC-EXPANDIDO,contenedor_por_ancestro_project,P10-PRP-LGC-EXPANDIDO,asociado_a_contenedor,SI,btz_description_26,escrito_en_slot_btz
P10-PRP-EXP-E02,EXPANDER E02,281220,a027b4da-4e9c-44ad-b607-5fb48d4c7061-00044a84,P10 > P10-PRP-LGC-PREPARACION > P10-PRP-LGC-EXPANDIDO,contenedor_por_ancestro_project,P10-PRP-LGC-EXPANDIDO,asociado_a_contenedor,SI,btz_description_27,escrito_en_slot_btz
P10-PRP-ALM-AE02,ALIM. EXPANDER E02,281220,a027b4da-4e9c-44ad-b607-5fb48d4c7061-00044a84,P10 > P10-PRP-LGC-PREPARACION > P10-PRP-LGC-EXPANDIDO,contenedor_por_ancestro_project,P10-PRP-LGC-EXPANDIDO,asociado_a_contenedor,SI,btz_description_28,escrito_en_slot_btz
P10-PRP-BMB-EBLI02,BOMBA ACEITE LUBR. RODAM.,281220,a027b4da-4e9c-44ad-b607-5fb48d4c7061-00044a84,P10 > P10-PRP-LGC-PREPARACION > P10-PRP-LGC-EXPANDIDO,contenedor_por_ancestro_project,P10-PRP-LGC-EXPANDIDO,asociado_a_contenedor,SI,btz_description_29,escrito_en_slot_btz
P10-PRP-BMB-EBLE02,BOMBA ACEITE REFRIGERACION REDUCTOR E02,281220,a027b4da-4e9c-44ad-b607-5fb48d4c7061-00044a84,P10 > P10-PRP-LGC-PREPARACION > P10-PRP-LGC-EXPANDIDO,contenedor_por_ancestro_project,P10-PRP-LGC-EXPANDIDO,asociado_a_contenedor,SI,btz_description_30,escrito_en_slot_btz
P10-PRP-VNT-VRA02,VENTIALDOR RECIRCULACION ACEITE EXPANDER E02,281220,a027b4da-4e9c-44ad-b607-5fb48d4c7061-00044a84,P10 > P10-PRP-LGC-PREPARACION > P10-PRP-LGC-EXPANDIDO,contenedor_por_ancestro_project,P10-PRP-LGC-EXPANDIDO,asociado_a_contenedor,NO,,asociado_por_csv_externo_supera_slots_btz
P10-PRP-EXP-E03,EXPANDER E03,281220,a027b4da-4e9c-44ad-b607-5fb48d4c7061-00044a84,P10 > P10-PRP-LGC-PREPARACION > P10-PRP-LGC-EXPANDIDO,contenedor_por_ancestro_project,P10-PRP-LGC-EXPANDIDO,asociado_a_contenedor,NO,,asociado_por_csv_externo_supera_slots_btz
P10-PRP-ALM-AE03,ALIM. EXPANDER E03,281220,a027b4da-4e9c-44ad-b607-5fb48d4c7061-00044a84,P10 > P10-PRP-LGC-PREPARACION > P10-PRP-LGC-EXPANDIDO,contenedor_por_ancestro_project,P10-PRP-LGC-EXPANDIDO,asociado_a_contenedor,NO,,asociado_por_csv_externo_supera_slots_btz
P10-PRP-BMB-EBLI03,BOMBA ACEITE LUBR. RODAM.,281220,a027b4da-4e9c-44ad-b607-5fb48d4c7061-00044a84,P10 > P10-PRP-LGC-PREPARACION > P10-PRP-LGC-EXPANDIDO,contenedor_por_ancestro_project,P10-PRP-LGC-EXPANDIDO,asociado_a_contenedor,NO,,asociado_por_csv_externo_supera_slots_btz
P10-PRP-BMB-EBLE03,BOMBA ACEITE REFRIGERACION REDUCTOR E03,281220,a027b4da-4e9c-44ad-b607-5fb48d4c7061-00044a84,P10 > P10-PRP-LGC-PREPARACION > P10-PRP-LGC-EXPANDIDO,contenedor_por_ancestro_project,P10-PRP-LGC-EXPANDIDO,asociado_a_contenedor,NO,,asociado_por_csv_externo_supera_slots_btz
P10-PRP-VNT-VRA03,VENTIALDOR RECIRCULACION ACEITE EXPANDER E03,281220,a027b4da-4e9c-44ad-b607-5fb48d4c7061-00044a84,P10 > P10-PRP-LGC-PREPARACION > P10-PRP-LGC-EXPANDIDO,contenedor_por_ancestro_project,P10-PRP-LGC-EXPANDIDO,asociado_a_contenedor,NO,,asociado_por_csv_externo_supera_slots_btz
P10-PRP-EXP-E04,EXPANDER E04,281220,a027b4da-4e9c-44ad-b607-5fb48d4c7061-00044a84,P10 > P10-PRP-LGC-PREPARACION > P10-PRP-LGC-EXPANDIDO,contenedor_por_ancestro_project,P10-PRP-LGC-EXPANDIDO,asociado_a_contenedor,NO,,asociado_por_csv_externo_supera_slots_btz
P10-PRP-ALM-AE04,ALIM. EXPANDER E04,281220,a027b4da-4e9c-44ad-b607-5fb48d4c7061-00044a84,P10 > P10-PRP-LGC-PREPARACION > P10-PRP-LGC-EXPANDIDO,contenedor_por_ancestro_project,P10-PRP-LGC-EXPANDIDO,asociado_a_contenedor,NO,,asociado_por_csv_externo_supera_slots_btz
P10-PRP-BMB-EBLI04,BOMBA ACEITE LUBR. RODAM.,281220,a027b4da-4e9c-44ad-b607-5fb48d4c7061-00044a84,P10 > P10-PRP-LGC-PREPARACION > P10-PRP-LGC-EXPANDIDO,contenedor_por_ancestro_project,P10-PRP-LGC-EXPANDIDO,asociado_a_contenedor,NO,,asociado_por_csv_externo_supera_slots_btz
P10-PRP-BMB-EBLE04,BOMBA ACEITE REFRIGERACION REDUCTOR E04,281220,a027b4da-4e9c-44ad-b607-5fb48d4c7061-00044a84,P10 > P10-PRP-LGC-PREPARACION > P10-PRP-LGC-EXPANDIDO,contenedor_por_ancestro_project,P10-PRP-LGC-EXPANDIDO,asociado_a_contenedor,NO,,asociado_por_csv_externo_supera_slots_btz
P10-PRP-VNT-VRA04,VENTIALDOR RECIRCULACION ACEITE EXPANDER E04,281220,a027b4da-4e9c-44ad-b607-5fb48d4c7061-00044a84,P10 > P10-PRP-LGC-PREPARACION > P10-PRP-LGC-EXPANDIDO,contenedor_por_ancestro_project,P10-PRP-LGC-EXPANDIDO,asociado_a_contenedor,NO,,asociado_por_csv_externo_supera_slots_btz
P10-PRP-EXP-E05,EXPANDER E05,281220,a027b4da-4e9c-44ad-b607-5fb48d4c7061-00044a84,P10 > P10-PRP-LGC-PREPARACION > P10-PRP-LGC-EXPANDIDO,contenedor_por_ancestro_project,P10-PRP-LGC-EXPANDIDO,asociado_a_contenedor,NO,,asociado_por_csv_externo_supera_slots_btz
P10-PRP-ALM-AE05,ALIM. EXPANDER E05,281220,a027b4da-4e9c-44ad-b607-5fb48d4c7061-00044a84,P10 > P10-PRP-LGC-PREPARACION > P10-PRP-LGC-EXPANDIDO,contenedor_por_ancestro_project,P10-PRP-LGC-EXPANDIDO,asociado_a_contenedor,NO,,asociado_por_csv_externo_supera_slots_btz
P10-PRP-BMB-EBLI05,BOMBA ACEITE LUBR. RODAM.,281220,a027b4da-4e9c-44ad-b607-5fb48d4c7061-00044a84,P10 > P10-PRP-LGC-PREPARACION > P10-PRP-LGC-EXPANDIDO,contenedor_por_ancestro_project,P10-PRP-LGC-EXPANDIDO,asociado_a_contenedor,NO,,asociado_por_csv_externo_supera_slots_btz
P10-PRP-BMB-EBLE05,BOMBA ACEITE REFRIGERACION REDUCTOR E05,281220,a027b4da-4e9c-44ad-b607-5fb48d4c7061-00044a84,P10 > P10-PRP-LGC-PREPARACION > P10-PRP-LGC-EXPANDIDO,contenedor_por_ancestro_project,P10-PRP-LGC-EXPANDIDO,asociado_a_contenedor,NO,,asociado_por_csv_externo_supera_slots_btz
P10-PRP-VNT-VRA05,VENTIALDOR RECIRCULACION ACEITE EXPANDER E05,281220,a027b4da-4e9c-44ad-b607-5fb48d4c7061-00044a84,P10 > P10-PRP-LGC-PREPARACION > P10-PRP-LGC-EXPANDIDO,contenedor_por_ancestro_project,P10-PRP-LGC-EXPANDIDO,asociado_a_contenedor,NO,,asociado_por_csv_externo_supera_slots_btz
P10-PRP-EXP-E06,EXPANDER E06,281220,a027b4da-4e9c-44ad-b607-5fb48d4c7061-00044a84,P10 > P10-PRP-LGC-PREPARACION > P10-PRP-LGC-EXPANDIDO,contenedor_por_ancestro_project,P10-PRP-LGC-EXPANDIDO,asociado_a_contenedor,NO,,asociado_por_csv_externo_supera_slots_btz
P10-PRP-ALM-AE06,ALIM. EXPANDER E06,281220,a027b4da-4e9c-44ad-b607-5fb48d4c7061-00044a84,P10 > P10-PRP-LGC-PREPARACION > P10-PRP-LGC-EXPANDIDO,contenedor_por_ancestro_project,P10-PRP-LGC-EXPANDIDO,asociado_a_contenedor,NO,,asociado_por_csv_externo_supera_slots_btz
P10-PRP-BMB-EBLI06,BOMBA ACEITE LUBR. RODAM.,281220,a027b4da-4e9c-44ad-b607-5fb48d4c7061-00044a84,P10 > P10-PRP-LGC-PREPARACION > P10-PRP-LGC-EXPANDIDO,contenedor_por_ancestro_project,P10-PRP-LGC-EXPANDIDO,asociado_a_contenedor,NO,,asociado_por_csv_externo_supera_slots_btz
P10-PRP-BMB-EBLE06,BOMBA ACEITE REFRIGERACION REDUCTOR E06,281220,a027b4da-4e9c-44ad-b607-5fb48d4c7061-00044a84,P10 > P10-PRP-LGC-PREPARACION > P10-PRP-LGC-EXPANDIDO,contenedor_por_ancestro_project,P10-PRP-LGC-EXPANDIDO,asociado_a_contenedor,NO,,asociado_por_csv_externo_supera_slots_btz
P10-PRP-VNT-VRA06,VENTIALDOR RECIRCULACION ACEITE EXPANDER E06,281220,a027b4da-4e9c-44ad-b607-5fb48d4c7061-00044a84,P10 > P10-PRP-LGC-PREPARACION > P10-PRP-LGC-EXPANDIDO,contenedor_por_ancestro_project,P10-PRP-LGC-EXPANDIDO,asociado_a_contenedor,NO,,asociado_por_csv_externo_supera_slots_btz
P10-PRP-RSC-SF10,SIN FIN DE FINOS ENFRIADORES EXPANDIDO,281220,a027b4da-4e9c-44ad-b607-5fb48d4c7061-00044a84,P10 > P10-PRP-LGC-PREPARACION > P10-PRP-LGC-EXPANDIDO,contenedor_por_ancestro_project,P10-PRP-LGC-EXPANDIDO,asociado_a_contenedor,NO,,asociado_por_csv_externo_supera_slots_btz
P10-PRP-CHD-LCH01,CENTRAL HIDRAULICA DE LAMINADORES 01,281343,a027b4da-4e9c-44ad-b607-5fb48d4c7061-00044aff,P10 > P10-PRP-LGC-PREPARACION > P10-PRP-LGC-LAMINADORES,contenedor_por_ancestro_project,P10-PRP-LGC-LAMINADORES,asociado_a_contenedor,SI,btz_description_04,escrito_en_slot_btz
P10-PRP-CHD-LCH02,CENTRAL HIDRAULICA DE LAMINADORES 02,281343,a027b4da-4e9c-44ad-b607-5fb48d4c7061-00044aff,P10 > P10-PRP-LGC-PREPARACION > P10-PRP-LGC-LAMINADORES,contenedor_por_ancestro_project,P10-PRP-LGC-LAMINADORES,asociado_a_contenedor,SI,btz_description_05,escrito_en_slot_btz
P10-PRP-CHD-LCH03,CENTRAL HIDRAULICA DE LAMINADORES 03,281343,a027b4da-4e9c-44ad-b607-5fb48d4c7061-00044aff,P10 > P10-PRP-LGC-PREPARACION > P10-PRP-LGC-LAMINADORES,contenedor_por_ancestro_project,P10-PRP-LGC-LAMINADORES,asociado_a_contenedor,SI,btz_description_06,escrito_en_slot_btz
P10-PRP-CHD-LCH04,CENTRAL HIDRAULICA DE LAMINADORES 04,281343,a027b4da-4e9c-44ad-b607-5fb48d4c7061-00044aff,P10 > P10-PRP-LGC-PREPARACION > P10-PRP-LGC-LAMINADORES,contenedor_por_ancestro_project,P10-PRP-LGC-LAMINADORES,asociado_a_contenedor,SI,btz_description_07,escrito_en_slot_btz
P10-PRP-LMN-LF01,LAMINADOR AC-200 DE FINOS,281343,a027b4da-4e9c-44ad-b607-5fb48d4c7061-00044aff,P10 > P10-PRP-LGC-PREPARACION > P10-PRP-LGC-LAMINADORES,contenedor_por_ancestro_project,P10-PRP-LGC-LAMINADORES,asociado_a_contenedor,SI,btz_description_08,escrito_en_slot_btz
P10-PRP-ALM-ALF01,ALIMENTADOR LAMINADOR AC-200 DE FINOS,281343,a027b4da-4e9c-44ad-b607-5fb48d4c7061-00044aff,P10 > P10-PRP-LGC-PREPARACION > P10-PRP-LGC-LAMINADORES,contenedor_por_ancestro_project,P10-PRP-LGC-LAMINADORES,asociado_a_contenedor,SI,btz_description_09,escrito_en_slot_btz
P10-PRP-CHD-LFBH01,BOMBA CENTRAL HIDRAULICA LF01,281343,a027b4da-4e9c-44ad-b607-5fb48d4c7061-00044aff,P10 > P10-PRP-LGC-PREPARACION > P10-PRP-LGC-LAMINADORES,contenedor_por_ancestro_project,P10-PRP-LGC-LAMINADORES,asociado_a_contenedor,SI,btz_description_10,escrito_en_slot_btz
P10-PRP-LMN-L01,LAMINADOR L01 LINEA 1 LADO ESTE,281343,a027b4da-4e9c-44ad-b607-5fb48d4c7061-00044aff,P10 > P10-PRP-LGC-PREPARACION > P10-PRP-LGC-LAMINADORES,contenedor_por_ancestro_project,P10-PRP-LGC-LAMINADORES,asociado_a_contenedor,SI,btz_description_11,escrito_en_slot_btz
P10-PRP-ALM-AL01,ALIM. LAMINADOR L01,281343,a027b4da-4e9c-44ad-b607-5fb48d4c7061-00044aff,P10 > P10-PRP-LGC-PREPARACION > P10-PRP-LGC-LAMINADORES,contenedor_por_ancestro_project,P10-PRP-LGC-LAMINADORES,asociado_a_contenedor,SI,btz_description_12,escrito_en_slot_btz
P10-PRP-LMN-L02,LAMINADOR L02 LINEA 1,281343,a027b4da-4e9c-44ad-b607-5fb48d4c7061-00044aff,P10 > P10-PRP-LGC-PREPARACION > P10-PRP-LGC-LAMINADORES,contenedor_por_ancestro_project,P10-PRP-LGC-LAMINADORES,asociado_a_contenedor,SI,btz_description_13,escrito_en_slot_btz
P10-PRP-ALM-AL02,ALIM. LAMINADOR L02,281343,a027b4da-4e9c-44ad-b607-5fb48d4c7061-00044aff,P10 > P10-PRP-LGC-PREPARACION > P10-PRP-LGC-LAMINADORES,contenedor_por_ancestro_project,P10-PRP-LGC-LAMINADORES,asociado_a_contenedor,SI,btz_description_14,escrito_en_slot_btz
P10-PRP-LMN-L03,LAMINADOR L03 LINEA 1,281343,a027b4da-4e9c-44ad-b607-5fb48d4c7061-00044aff,P10 > P10-PRP-LGC-PREPARACION > P10-PRP-LGC-LAMINADORES,contenedor_por_ancestro_project,P10-PRP-LGC-LAMINADORES,asociado_a_contenedor,SI,btz_description_15,escrito_en_slot_btz
P10-PRP-ALM-AL03,ALIM. LAMINADOR L03,281343,a027b4da-4e9c-44ad-b607-5fb48d4c7061-00044aff,P10 > P10-PRP-LGC-PREPARACION > P10-PRP-LGC-LAMINADORES,contenedor_por_ancestro_project,P10-PRP-LGC-LAMINADORES,asociado_a_contenedor,SI,btz_description_16,escrito_en_slot_btz
P10-PRP-LMN-L04,LAMINADOR L04 LINEA 1,281343,a027b4da-4e9c-44ad-b607-5fb48d4c7061-00044aff,P10 > P10-PRP-LGC-PREPARACION > P10-PRP-LGC-LAMINADORES,contenedor_por_ancestro_project,P10-PRP-LGC-LAMINADORES,asociado_a_contenedor,SI,btz_description_17,escrito_en_slot_btz
P10-PRP-ALM-AL04,ALIM. LAMINADOR L04,281343,a027b4da-4e9c-44ad-b607-5fb48d4c7061-00044aff,P10 > P10-PRP-LGC-PREPARACION > P10-PRP-LGC-LAMINADORES,contenedor_por_ancestro_project,P10-PRP-LGC-LAMINADORES,asociado_a_contenedor,SI,btz_description_18,escrito_en_slot_btz
P10-PRP-LMN-L05,LAMINADOR L05 LINEA 1,281343,a027b4da-4e9c-44ad-b607-5fb48d4c7061-00044aff,P10 > P10-PRP-LGC-PREPARACION > P10-PRP-LGC-LAMINADORES,contenedor_por_ancestro_project,P10-PRP-LGC-LAMINADORES,asociado_a_contenedor,SI,btz_description_19,escrito_en_slot_btz
P10-PRP-ALM-AL05,ALIM. LAMINADOR L05,281343,a027b4da-4e9c-44ad-b607-5fb48d4c7061-00044aff,P10 > P10-PRP-LGC-PREPARACION > P10-PRP-LGC-LAMINADORES,contenedor_por_ancestro_project,P10-PRP-LGC-LAMINADORES,asociado_a_contenedor,SI,btz_description_20,escrito_en_slot_btz
P10-PRP-LMN-L06,LAMINADOR L06 LINEA 1,281343,a027b4da-4e9c-44ad-b607-5fb48d4c7061-00044aff,P10 > P10-PRP-LGC-PREPARACION > P10-PRP-LGC-LAMINADORES,contenedor_por_ancestro_project,P10-PRP-LGC-LAMINADORES,asociado_a_contenedor,SI,btz_description_21,escrito_en_slot_btz
P10-PRP-ALM-AL06,ALIM. LAMINADOR L06,281343,a027b4da-4e9c-44ad-b607-5fb48d4c7061-00044aff,P10 > P10-PRP-LGC-PREPARACION > P10-PRP-LGC-LAMINADORES,contenedor_por_ancestro_project,P10-PRP-LGC-LAMINADORES,asociado_a_contenedor,SI,btz_description_22,escrito_en_slot_btz
P10-PRP-LMN-L07,LAMINADOR L07 LINEA 1,281343,a027b4da-4e9c-44ad-b607-5fb48d4c7061-00044aff,P10 > P10-PRP-LGC-PREPARACION > P10-PRP-LGC-LAMINADORES,contenedor_por_ancestro_project,P10-PRP-LGC-LAMINADORES,asociado_a_contenedor,SI,btz_description_23,escrito_en_slot_btz
P10-PRP-ALM-AL07,ALIM. LAMINADOR L07,281343,a027b4da-4e9c-44ad-b607-5fb48d4c7061-00044aff,P10 > P10-PRP-LGC-PREPARACION > P10-PRP-LGC-LAMINADORES,contenedor_por_ancestro_project,P10-PRP-LGC-LAMINADORES,asociado_a_contenedor,SI,btz_description_24,escrito_en_slot_btz
P10-PRP-LMN-L08,LAMINADOR L08 LINEA 1,281343,a027b4da-4e9c-44ad-b607-5fb48d4c7061-00044aff,P10 > P10-PRP-LGC-PREPARACION > P10-PRP-LGC-LAMINADORES,contenedor_por_ancestro_project,P10-PRP-LGC-LAMINADORES,asociado_a_contenedor,SI,btz_description_25,escrito_en_slot_btz
P10-PRP-ALM-AL08,ALIM. LAMINADOR L08,281343,a027b4da-4e9c-44ad-b607-5fb48d4c7061-00044aff,P10 > P10-PRP-LGC-PREPARACION > P10-PRP-LGC-LAMINADORES,contenedor_por_ancestro_project,P10-PRP-LGC-LAMINADORES,asociado_a_contenedor,SI,btz_description_26,escrito_en_slot_btz
P10-PRP-LMN-L09,LAMINADOR L09 LINEA 1,281343,a027b4da-4e9c-44ad-b607-5fb48d4c7061-00044aff,P10 > P10-PRP-LGC-PREPARACION > P10-PRP-LGC-LAMINADORES,contenedor_por_ancestro_project,P10-PRP-LGC-LAMINADORES,asociado_a_contenedor,SI,btz_description_27,escrito_en_slot_btz
P10-PRP-ALM-AL09,ALIM. LAMINADOR L09,281343,a027b4da-4e9c-44ad-b607-5fb48d4c7061-00044aff,P10 > P10-PRP-LGC-PREPARACION > P10-PRP-LGC-LAMINADORES,contenedor_por_ancestro_project,P10-PRP-LGC-LAMINADORES,asociado_a_contenedor,SI,btz_description_28,escrito_en_slot_btz
P10-PRP-LMN-L10,LAMINADOR L10 LINEA 1,281343,a027b4da-4e9c-44ad-b607-5fb48d4c7061-00044aff,P10 > P10-PRP-LGC-PREPARACION > P10-PRP-LGC-LAMINADORES,contenedor_por_ancestro_project,P10-PRP-LGC-LAMINADORES,asociado_a_contenedor,SI,btz_description_29,escrito_en_slot_btz
P10-PRP-ALM-AL10,ALIM. LAMINADOR L10,281343,a027b4da-4e9c-44ad-b607-5fb48d4c7061-00044aff,P10 > P10-PRP-LGC-PREPARACION > P10-PRP-LGC-LAMINADORES,contenedor_por_ancestro_project,P10-PRP-LGC-LAMINADORES,asociado_a_contenedor,SI,btz_description_30,escrito_en_slot_btz
P10-PRP-LMN-L11,LAMINADOR L11 LINEA 1 LADO OESTE,281343,a027b4da-4e9c-44ad-b607-5fb48d4c7061-00044aff,P10 > P10-PRP-LGC-PREPARACION > P10-PRP-LGC-LAMINADORES,contenedor_por_ancestro_project,P10-PRP-LGC-LAMINADORES,asociado_a_contenedor,NO,,asociado_por_csv_externo_supera_slots_btz
P10-PRP-ALM-AL11,ALIM. LAMINADOR L11,281343,a027b4da-4e9c-44ad-b607-5fb48d4c7061-00044aff,P10 > P10-PRP-LGC-PREPARACION > P10-PRP-LGC-LAMINADORES,contenedor_por_ancestro_project,P10-PRP-LGC-LAMINADORES,asociado_a_contenedor,NO,,asociado_por_csv_externo_supera_slots_btz
P10-PRP-LMN-L12,LAMINADOR L12 LINEA 2 LADO ESTE,281343,a027b4da-4e9c-44ad-b607-5fb48d4c7061-00044aff,P10 > P10-PRP-LGC-PREPARACION > P10-PRP-LGC-LAMINADORES,contenedor_por_ancestro_project,P10-PRP-LGC-LAMINADORES,asociado_a_contenedor,NO,,asociado_por_csv_externo_supera_slots_btz
P10-PRP-ALM-AL12,ALIM. LAMINADOR L12,281343,a027b4da-4e9c-44ad-b607-5fb48d4c7061-00044aff,P10 > P10-PRP-LGC-PREPARACION > P10-PRP-LGC-LAMINADORES,contenedor_por_ancestro_project,P10-PRP-LGC-LAMINADORES,asociado_a_contenedor,NO,,asociado_por_csv_externo_supera_slots_btz
P10-PRP-LMN-L13,LAMINADOR L13 LINEA 2,281343,a027b4da-4e9c-44ad-b607-5fb48d4c7061-00044aff,P10 > P10-PRP-LGC-PREPARACION > P10-PRP-LGC-LAMINADORES,contenedor_por_ancestro_project,P10-PRP-LGC-LAMINADORES,asociado_a_contenedor,NO,,asociado_por_csv_externo_supera_slots_btz
P10-PRP-ALM-AL13,ALIM. LAMINADOR L13,281343,a027b4da-4e9c-44ad-b607-5fb48d4c7061-00044aff,P10 > P10-PRP-LGC-PREPARACION > P10-PRP-LGC-LAMINADORES,contenedor_por_ancestro_project,P10-PRP-LGC-LAMINADORES,asociado_a_contenedor,NO,,asociado_por_csv_externo_supera_slots_btz
P10-PRP-LMN-L14,LAMINADOR L14 LINEA 2,281343,a027b4da-4e9c-44ad-b607-5fb48d4c7061-00044aff,P10 > P10-PRP-LGC-PREPARACION > P10-PRP-LGC-LAMINADORES,contenedor_por_ancestro_project,P10-PRP-LGC-LAMINADORES,asociado_a_contenedor,NO,,asociado_por_csv_externo_supera_slots_btz
P10-PRP-ALM-AL14,ALIM. LAMINADOR L14,281343,a027b4da-4e9c-44ad-b607-5fb48d4c7061-00044aff,P10 > P10-PRP-LGC-PREPARACION > P10-PRP-LGC-LAMINADORES,contenedor_por_ancestro_project,P10-PRP-LGC-LAMINADORES,asociado_a_contenedor,NO,,asociado_por_csv_externo_supera_slots_btz
P10-PRP-LMN-L15,LAMINADOR L15 LINEA 2,281343,a027b4da-4e9c-44ad-b607-5fb48d4c7061-00044aff,P10 > P10-PRP-LGC-PREPARACION > P10-PRP-LGC-LAMINADORES,contenedor_por_ancestro_project,P10-PRP-LGC-LAMINADORES,asociado_a_contenedor,NO,,asociado_por_csv_externo_supera_slots_btz
P10-PRP-ALM-AL15,ALIM. LAMINADOR L15,281343,a027b4da-4e9c-44ad-b607-5fb48d4c7061-00044aff,P10 > P10-PRP-LGC-PREPARACION > P10-PRP-LGC-LAMINADORES,contenedor_por_ancestro_project,P10-PRP-LGC-LAMINADORES,asociado_a_contenedor,NO,,asociado_por_csv_externo_supera_slots_btz
P10-PRP-LMN-L16,LAMINADOR L16 LINEA 2,281343,a027b4da-4e9c-44ad-b607-5fb48d4c7061-00044aff,P10 > P10-PRP-LGC-PREPARACION > P10-PRP-LGC-LAMINADORES,contenedor_por_ancestro_project,P10-PRP-LGC-LAMINADORES,asociado_a_contenedor,NO,,asociado_por_csv_externo_supera_slots_btz
P10-PRP-ALM-AL16,ALIM. LAMINADOR L16,281343,a027b4da-4e9c-44ad-b607-5fb48d4c7061-00044aff,P10 > P10-PRP-LGC-PREPARACION > P10-PRP-LGC-LAMINADORES,contenedor_por_ancestro_project,P10-PRP-LGC-LAMINADORES,asociado_a_contenedor,NO,,asociado_por_csv_externo_supera_slots_btz
P10-PRP-LMN-L17,LAMINADOR L17 LINEA 2,281343,a027b4da-4e9c-44ad-b607-5fb48d4c7061-00044aff,P10 > P10-PRP-LGC-PREPARACION > P10-PRP-LGC-LAMINADORES,contenedor_por_ancestro_project,P10-PRP-LGC-LAMINADORES,asociado_a_contenedor,NO,,asociado_por_csv_externo_supera_slots_btz
P10-PRP-ALM-AL17,ALIM. LAMINADOR L17,281343,a027b4da-4e9c-44ad-b607-5fb48d4c7061-00044aff,P10 > P10-PRP-LGC-PREPARACION > P10-PRP-LGC-LAMINADORES,contenedor_por_ancestro_project,P10-PRP-LGC-LAMINADORES,asociado_a_contenedor,NO,,asociado_por_csv_externo_supera_slots_btz
P10-PRP-LMN-L18,LAMINADOR L18 LINEA 2,281343,a027b4da-4e9c-44ad-b607-5fb48d4c7061-00044aff,P10 > P10-PRP-LGC-PREPARACION > P10-PRP-LGC-LAMINADORES,contenedor_por_ancestro_project,P10-PRP-LGC-LAMINADORES,asociado_a_contenedor,NO,,asociado_por_csv_externo_supera_slots_btz
P10-PRP-ALM-AL18,ALIM. LAMINADOR L18,281343,a027b4da-4e9c-44ad-b607-5fb48d4c7061-00044aff,P10 > P10-PRP-LGC-PREPARACION > P10-PRP-LGC-LAMINADORES,contenedor_por_ancestro_project,P10-PRP-LGC-LAMINADORES,asociado_a_contenedor,NO,,asociado_por_csv_externo_supera_slots_btz
P10-PRP-LMN-L19,LAMINADOR L19 LINEA 2,281343,a027b4da-4e9c-44ad-b607-5fb48d4c7061-00044aff,P10 > P10-PRP-LGC-PREPARACION > P10-PRP-LGC-LAMINADORES,contenedor_por_ancestro_project,P10-PRP-LGC-LAMINADORES,asociado_a_contenedor,NO,,asociado_por_csv_externo_supera_slots_btz
P10-PRP-ALM-AL19,ALIM. LAMINADOR L19,281343,a027b4da-4e9c-44ad-b607-5fb48d4c7061-00044aff,P10 > P10-PRP-LGC-PREPARACION > P10-PRP-LGC-LAMINADORES,contenedor_por_ancestro_project,P10-PRP-LGC-LAMINADORES,asociado_a_contenedor,NO,,asociado_por_csv_externo_supera_slots_btz
P10-PRP-LMN-L20,LAMINADOR L20 LINEA 2,281343,a027b4da-4e9c-44ad-b607-5fb48d4c7061-00044aff,P10 > P10-PRP-LGC-PREPARACION > P10-PRP-LGC-LAMINADORES,contenedor_por_ancestro_project,P10-PRP-LGC-LAMINADORES,asociado_a_contenedor,NO,,asociado_por_csv_externo_supera_slots_btz
P10-PRP-ALM-AL20,ALIM. LAMINADOR L20,281343,a027b4da-4e9c-44ad-b607-5fb48d4c7061-00044aff,P10 > P10-PRP-LGC-PREPARACION > P10-PRP-LGC-LAMINADORES,contenedor_por_ancestro_project,P10-PRP-LGC-LAMINADORES,asociado_a_contenedor,NO,,asociado_por_csv_externo_supera_slots_btz
P10-PRP-LMN-L21,LAMINADOR L21 LINEA 2,281343,a027b4da-4e9c-44ad-b607-5fb48d4c7061-00044aff,P10 > P10-PRP-LGC-PREPARACION > P10-PRP-LGC-LAMINADORES,contenedor_por_ancestro_project,P10-PRP-LGC-LAMINADORES,asociado_a_contenedor,NO,,asociado_por_csv_externo_supera_slots_btz
P10-PRP-ALM-AL21,ALIM. LAMINADOR L21,281343,a027b4da-4e9c-44ad-b607-5fb48d4c7061-00044aff,P10 > P10-PRP-LGC-PREPARACION > P10-PRP-LGC-LAMINADORES,contenedor_por_ancestro_project,P10-PRP-LGC-LAMINADORES,asociado_a_contenedor,NO,,asociado_por_csv_externo_supera_slots_btz
P10-PRP-LMN-L22,LAMINADOR L22 LINEA 2 LADO OESTE,281343,a027b4da-4e9c-44ad-b607-5fb48d4c7061-00044aff,P10 > P10-PRP-LGC-PREPARACION > P10-PRP-LGC-LAMINADORES,contenedor_por_ancestro_project,P10-PRP-LGC-LAMINADORES,asociado_a_contenedor,NO,,asociado_por_csv_externo_supera_slots_btz
P10-PRP-ALM-AL22,ALIM. LAMINADOR L22,281343,a027b4da-4e9c-44ad-b607-5fb48d4c7061-00044aff,P10 > P10-PRP-LGC-PREPARACION > P10-PRP-LGC-LAMINADORES,contenedor_por_ancestro_project,P10-PRP-LGC-LAMINADORES,asociado_a_contenedor,NO,,asociado_por_csv_externo_supera_slots_btz
P10-PRP-RCT-REC01,RECTIFICADORA DE P10 NRO 1,281343,a027b4da-4e9c-44ad-b607-5fb48d4c7061-00044aff,P10 > P10-PRP-LGC-PREPARACION > P10-PRP-LGC-LAMINADORES,contenedor_por_ancestro_project,P10-PRP-LGC-LAMINADORES,asociado_a_contenedor,NO,,asociado_por_csv_externo_supera_slots_btz
P10-PRP-RCT-REC02,RECTIFICADORA DE P10 NRO 2,281343,a027b4da-4e9c-44ad-b607-5fb48d4c7061-00044aff,P10 > P10-PRP-LGC-PREPARACION > P10-PRP-LGC-LAMINADORES,contenedor_por_ancestro_project,P10-PRP-LGC-LAMINADORES,asociado_a_contenedor,NO,,asociado_por_csv_externo_supera_slots_btz
P10-PRP-VNT-VE10,VENTILADOR DE ASPIRACION LAMINADORES,281343,a027b4da-4e9c-44ad-b607-5fb48d4c7061-00044aff,P10 > P10-PRP-LGC-PREPARACION > P10-PRP-LGC-LAMINADORES,contenedor_por_ancestro_project,P10-PRP-LGC-LAMINADORES,asociado_a_contenedor,NO,,asociado_por_csv_externo_supera_slots_btz
P10-PRP-CCL-CVE10,CICLON VENTILADOR DE ASPIRACION LAMINADORES,281343,a027b4da-4e9c-44ad-b607-5fb48d4c7061-00044aff,P10 > P10-PRP-LGC-PREPARACION > P10-PRP-LGC-LAMINADORES,contenedor_por_ancestro_project,P10-PRP-LGC-LAMINADORES,asociado_a_contenedor,NO,,asociado_por_csv_externo_supera_slots_btz
P10-PRP-RSC-SF12,ROSCA SIN FIN DE LINEA ASP LAMINAD. LADO SUR,281343,a027b4da-4e9c-44ad-b607-5fb48d4c7061-00044aff,P10 > P10-PRP-LGC-PREPARACION > P10-PRP-LGC-LAMINADORES,contenedor_por_ancestro_project,P10-PRP-LGC-LAMINADORES,asociado_a_contenedor,NO,,asociado_por_csv_externo_supera_slots_btz
P10-PRP-VLV-VR10,VALV ROTATIVA DESCARGA CICLON VE10,281343,a027b4da-4e9c-44ad-b607-5fb48d4c7061-00044aff,P10 > P10-PRP-LGC-PREPARACION > P10-PRP-LGC-LAMINADORES,contenedor_por_ancestro_project,P10-PRP-LGC-LAMINADORES,asociado_a_contenedor,NO,,asociado_por_csv_externo_supera_slots_btz
P10-PRP-VNT-VE11,VENTILADOR DE ASPIRACION LAMINADORES,281343,a027b4da-4e9c-44ad-b607-5fb48d4c7061-00044aff,P10 > P10-PRP-LGC-PREPARACION > P10-PRP-LGC-LAMINADORES,contenedor_por_ancestro_project,P10-PRP-LGC-LAMINADORES,asociado_a_contenedor,NO,,asociado_por_csv_externo_supera_slots_btz
P10-PRP-CCL-CVE11,CICLON VENTILADOR DE ASPIRACION LAMINADORES,281343,a027b4da-4e9c-44ad-b607-5fb48d4c7061-00044aff,P10 > P10-PRP-LGC-PREPARACION > P10-PRP-LGC-LAMINADORES,contenedor_por_ancestro_project,P10-PRP-LGC-LAMINADORES,asociado_a_contenedor,NO,,asociado_por_csv_externo_supera_slots_btz
P10-PRP-RSC-SF13,ROSCA SIN FIN DE LINEA ASP LAMINAD. LADO NORTE,281343,a027b4da-4e9c-44ad-b607-5fb48d4c7061-00044aff,P10 > P10-PRP-LGC-PREPARACION > P10-PRP-LGC-LAMINADORES,contenedor_por_ancestro_project,P10-PRP-LGC-LAMINADORES,asociado_a_contenedor,NO,,asociado_por_csv_externo_supera_slots_btz
P10-PRP-VLV-VR11,VALV ROTATIVA DESCARGA CICLON VE11,281343,a027b4da-4e9c-44ad-b607-5fb48d4c7061-00044aff,P10 > P10-PRP-LGC-PREPARACION > P10-PRP-LGC-LAMINADORES,contenedor_por_ancestro_project,P10-PRP-LGC-LAMINADORES,asociado_a_contenedor,NO,,asociado_por_csv_externo_supera_slots_btz
P10-PRP-QBR-Q01,QUEBRADOR 01,281069,a027b4da-4e9c-44ad-b607-5fb48d4c7061-000449ed,P10 > P10-PRP-LGC-PREPARACION > P10-PRP-LGC-QUEBRADORES,contenedor_por_ancestro_project,P10-PRP-LGC-QUEBRADORES,asociado_a_contenedor,SI,btz_description_04,escrito_en_slot_btz
P10-PRP-ALM-AQ01,ALIM. QUEBRADOR Q01,281069,a027b4da-4e9c-44ad-b607-5fb48d4c7061-000449ed,P10 > P10-PRP-LGC-PREPARACION > P10-PRP-LGC-QUEBRADORES,contenedor_por_ancestro_project,P10-PRP-LGC-QUEBRADORES,asociado_a_contenedor,SI,btz_description_05,escrito_en_slot_btz
P10-PRP-QBR-Q02,QUEBRADOR 02,281069,a027b4da-4e9c-44ad-b607-5fb48d4c7061-000449ed,P10 > P10-PRP-LGC-PREPARACION > P10-PRP-LGC-QUEBRADORES,contenedor_por_ancestro_project,P10-PRP-LGC-QUEBRADORES,asociado_a_contenedor,SI,btz_description_06,escrito_en_slot_btz
P10-PRP-ALM-AQ02,ALIM. QUEBRADOR Q02,281069,a027b4da-4e9c-44ad-b607-5fb48d4c7061-000449ed,P10 > P10-PRP-LGC-PREPARACION > P10-PRP-LGC-QUEBRADORES,contenedor_por_ancestro_project,P10-PRP-LGC-QUEBRADORES,asociado_a_contenedor,SI,btz_description_07,escrito_en_slot_btz
P10-PRP-QBR-Q03,QUEBRADOR 03,281069,a027b4da-4e9c-44ad-b607-5fb48d4c7061-000449ed,P10 > P10-PRP-LGC-PREPARACION > P10-PRP-LGC-QUEBRADORES,contenedor_por_ancestro_project,P10-PRP-LGC-QUEBRADORES,asociado_a_contenedor,SI,btz_description_08,escrito_en_slot_btz
P10-PRP-ALM-AQ03,ALIM. QUEBRADOR Q03,281069,a027b4da-4e9c-44ad-b607-5fb48d4c7061-000449ed,P10 > P10-PRP-LGC-PREPARACION > P10-PRP-LGC-QUEBRADORES,contenedor_por_ancestro_project,P10-PRP-LGC-QUEBRADORES,asociado_a_contenedor,SI,btz_description_09,escrito_en_slot_btz
P10-PRP-QBR-Q04,QUEBRADOR 04,281069,a027b4da-4e9c-44ad-b607-5fb48d4c7061-000449ed,P10 > P10-PRP-LGC-PREPARACION > P10-PRP-LGC-QUEBRADORES,contenedor_por_ancestro_project,P10-PRP-LGC-QUEBRADORES,asociado_a_contenedor,SI,btz_description_10,escrito_en_slot_btz
P10-PRP-ALM-AQ04,ALIM. QUEBRADOR Q04,281069,a027b4da-4e9c-44ad-b607-5fb48d4c7061-000449ed,P10 > P10-PRP-LGC-PREPARACION > P10-PRP-LGC-QUEBRADORES,contenedor_por_ancestro_project,P10-PRP-LGC-QUEBRADORES,asociado_a_contenedor,SI,btz_description_11,escrito_en_slot_btz
P10-PRP-QBR-Q05,QUEBRADOR 05,281069,a027b4da-4e9c-44ad-b607-5fb48d4c7061-000449ed,P10 > P10-PRP-LGC-PREPARACION > P10-PRP-LGC-QUEBRADORES,contenedor_por_ancestro_project,P10-PRP-LGC-QUEBRADORES,asociado_a_contenedor,SI,btz_description_12,escrito_en_slot_btz
P10-PRP-ALM-AQ05,ALIM. QUEBRADOR Q05,281069,a027b4da-4e9c-44ad-b607-5fb48d4c7061-000449ed,P10 > P10-PRP-LGC-PREPARACION > P10-PRP-LGC-QUEBRADORES,contenedor_por_ancestro_project,P10-PRP-LGC-QUEBRADORES,asociado_a_contenedor,SI,btz_description_13,escrito_en_slot_btz
P10-PRP-QBR-Q06,QUEBRADOR 06,281069,a027b4da-4e9c-44ad-b607-5fb48d4c7061-000449ed,P10 > P10-PRP-LGC-PREPARACION > P10-PRP-LGC-QUEBRADORES,contenedor_por_ancestro_project,P10-PRP-LGC-QUEBRADORES,asociado_a_contenedor,SI,btz_description_14,escrito_en_slot_btz
P10-PRP-ALM-AQ06,ALIM. QUEBRADOR Q06,281069,a027b4da-4e9c-44ad-b607-5fb48d4c7061-000449ed,P10 > P10-PRP-LGC-PREPARACION > P10-PRP-LGC-QUEBRADORES,contenedor_por_ancestro_project,P10-PRP-LGC-QUEBRADORES,asociado_a_contenedor,SI,btz_description_15,escrito_en_slot_btz
P10-PRP-QBR-Q07,QUEBRADOR 07,281069,a027b4da-4e9c-44ad-b607-5fb48d4c7061-000449ed,P10 > P10-PRP-LGC-PREPARACION > P10-PRP-LGC-QUEBRADORES,contenedor_por_ancestro_project,P10-PRP-LGC-QUEBRADORES,asociado_a_contenedor,SI,btz_description_16,escrito_en_slot_btz
P10-PRP-ALM-AQ07,ALIM. QUEBRADOR Q07,281069,a027b4da-4e9c-44ad-b607-5fb48d4c7061-000449ed,P10 > P10-PRP-LGC-PREPARACION > P10-PRP-LGC-QUEBRADORES,contenedor_por_ancestro_project,P10-PRP-LGC-QUEBRADORES,asociado_a_contenedor,SI,btz_description_17,escrito_en_slot_btz
P10-PRP-QBR-Q08,QUEBRADOR 08,281069,a027b4da-4e9c-44ad-b607-5fb48d4c7061-000449ed,P10 > P10-PRP-LGC-PREPARACION > P10-PRP-LGC-QUEBRADORES,contenedor_por_ancestro_project,P10-PRP-LGC-QUEBRADORES,asociado_a_contenedor,SI,btz_description_18,escrito_en_slot_btz
P10-PRP-ALM-AQ08,ALIM. QUEBRADOR Q08,281069,a027b4da-4e9c-44ad-b607-5fb48d4c7061-000449ed,P10 > P10-PRP-LGC-PREPARACION > P10-PRP-LGC-QUEBRADORES,contenedor_por_ancestro_project,P10-PRP-LGC-QUEBRADORES,asociado_a_contenedor,SI,btz_description_19,escrito_en_slot_btz
P10-PRP-QBR-Q09,QUEBRADOR 09,281069,a027b4da-4e9c-44ad-b607-5fb48d4c7061-000449ed,P10 > P10-PRP-LGC-PREPARACION > P10-PRP-LGC-QUEBRADORES,contenedor_por_ancestro_project,P10-PRP-LGC-QUEBRADORES,asociado_a_contenedor,SI,btz_description_20,escrito_en_slot_btz
P10-PRP-ALM-AQ09,ALIM. QUEBRADOR Q09,281069,a027b4da-4e9c-44ad-b607-5fb48d4c7061-000449ed,P10 > P10-PRP-LGC-PREPARACION > P10-PRP-LGC-QUEBRADORES,contenedor_por_ancestro_project,P10-PRP-LGC-QUEBRADORES,asociado_a_contenedor,SI,btz_description_21,escrito_en_slot_btz
P10-PRP-QBR-Q10,QUEBRADOR 10,281069,a027b4da-4e9c-44ad-b607-5fb48d4c7061-000449ed,P10 > P10-PRP-LGC-PREPARACION > P10-PRP-LGC-QUEBRADORES,contenedor_por_ancestro_project,P10-PRP-LGC-QUEBRADORES,asociado_a_contenedor,SI,btz_description_22,escrito_en_slot_btz
P10-PRP-ALM-AQ10,ALIM. QUEBRADOR Q10,281069,a027b4da-4e9c-44ad-b607-5fb48d4c7061-000449ed,P10 > P10-PRP-LGC-PREPARACION > P10-PRP-LGC-QUEBRADORES,contenedor_por_ancestro_project,P10-PRP-LGC-QUEBRADORES,asociado_a_contenedor,SI,btz_description_23,escrito_en_slot_btz
P10-PRP-RSC-SF14,ROSCA SIN FIN 14 SALIDA VR08,281069,a027b4da-4e9c-44ad-b607-5fb48d4c7061-000449ed,P10 > P10-PRP-LGC-PREPARACION > P10-PRP-LGC-QUEBRADORES,contenedor_por_ancestro_project,P10-PRP-LGC-QUEBRADORES,asociado_a_contenedor,SI,btz_description_24,escrito_en_slot_btz
P10-PRP-VLV-VR18,ROTATIVA DE TOLVA QUEBRADORES A RZ04,281069,a027b4da-4e9c-44ad-b607-5fb48d4c7061-000449ed,P10 > P10-PRP-LGC-PREPARACION > P10-PRP-LGC-QUEBRADORES,contenedor_por_ancestro_project,P10-PRP-LGC-QUEBRADORES,asociado_a_contenedor,SI,btz_description_25,escrito_en_slot_btz
P10-PRP-RSC-SF02,SIN FIN DE DESC.SOBRANTE ALIM.QUEBRADORES,281069,a027b4da-4e9c-44ad-b607-5fb48d4c7061-000449ed,P10 > P10-PRP-LGC-PREPARACION > P10-PRP-LGC-QUEBRADORES,contenedor_por_ancestro_project,P10-PRP-LGC-QUEBRADORES,asociado_a_contenedor,SI,btz_description_26,escrito_en_slot_btz
P10-PRP-VNT-VE08,VENTILADOR DE ASPIRACION QUEBRADORES,281069,a027b4da-4e9c-44ad-b607-5fb48d4c7061-000449ed,P10 > P10-PRP-LGC-PREPARACION > P10-PRP-LGC-QUEBRADORES,contenedor_por_ancestro_project,P10-PRP-LGC-QUEBRADORES,asociado_a_contenedor,SI,btz_description_27,escrito_en_slot_btz
P10-PRP-CCL-CVE08,CICLON VENTILADOR DE ASPIRACION QUEBRADORES,281069,a027b4da-4e9c-44ad-b607-5fb48d4c7061-000449ed,P10 > P10-PRP-LGC-PREPARACION > P10-PRP-LGC-QUEBRADORES,contenedor_por_ancestro_project,P10-PRP-LGC-QUEBRADORES,asociado_a_contenedor,SI,btz_description_28,escrito_en_slot_btz
P10-PRP-VLV-VR08,VALV.ROTAT.DESC.CICLON ASP.QUEBRADORES,281069,a027b4da-4e9c-44ad-b607-5fb48d4c7061-000449ed,P10 > P10-PRP-LGC-PREPARACION > P10-PRP-LGC-QUEBRADORES,contenedor_por_ancestro_project,P10-PRP-LGC-QUEBRADORES,asociado_a_contenedor,SI,btz_description_29,escrito_en_slot_btz
P10-PRL-MLT-ASP1,MULTI ASPIRADOR KICE 01,385396,3ade3506-4f84-4896-9589-30d81e40c276-0005e174,P10 > P10-PRL-LGC-PRELIMPIEZA > P10-PRL-LGC-MULTIASPIRADORES,contenedor_por_ancestro_project,P10-PRL-LGC-MULTIASPIRADORES,asociado_a_contenedor,SI,btz_description_04,escrito_en_slot_btz
P10-PRL-ALM-AS01A,ALIM. ASPIRADOR KICE 01A,385396,3ade3506-4f84-4896-9589-30d81e40c276-0005e174,P10 > P10-PRL-LGC-PRELIMPIEZA > P10-PRL-LGC-MULTIASPIRADORES,contenedor_por_ancestro_project,P10-PRL-LGC-MULTIASPIRADORES,asociado_a_contenedor,SI,btz_description_05,escrito_en_slot_btz
P10-PRL-ALM-AS01B,ALIM. ASPIRADOR KICE 01B,385396,3ade3506-4f84-4896-9589-30d81e40c276-0005e174,P10 > P10-PRL-LGC-PRELIMPIEZA > P10-PRL-LGC-MULTIASPIRADORES,contenedor_por_ancestro_project,P10-PRL-LGC-MULTIASPIRADORES,asociado_a_contenedor,SI,btz_description_06,escrito_en_slot_btz
P10-PRL-VNT-VE01,VENT. ASPIRADORES KICE 01,385396,3ade3506-4f84-4896-9589-30d81e40c276-0005e174,P10 > P10-PRL-LGC-PRELIMPIEZA > P10-PRL-LGC-MULTIASPIRADORES,contenedor_por_ancestro_project,P10-PRL-LGC-MULTIASPIRADORES,asociado_a_contenedor,SI,btz_description_07,escrito_en_slot_btz
P10-PRL-CCL-CVE01,CICLON VENT. ASPIRADORES KICE 01,385396,3ade3506-4f84-4896-9589-30d81e40c276-0005e174,P10 > P10-PRL-LGC-PRELIMPIEZA > P10-PRL-LGC-MULTIASPIRADORES,contenedor_por_ancestro_project,P10-PRL-LGC-MULTIASPIRADORES,asociado_a_contenedor,SI,btz_description_08,escrito_en_slot_btz
P10-PRL-VLV-VR01,VALVULA ROTATIVA VR01,385396,3ade3506-4f84-4896-9589-30d81e40c276-0005e174,P10 > P10-PRL-LGC-PRELIMPIEZA > P10-PRL-LGC-MULTIASPIRADORES,contenedor_por_ancestro_project,P10-PRL-LGC-MULTIASPIRADORES,asociado_a_contenedor,SI,btz_description_09,escrito_en_slot_btz
P10-PRL-MLT-ASP2,MULTI ASPIRADOR KICE 02,385396,3ade3506-4f84-4896-9589-30d81e40c276-0005e174,P10 > P10-PRL-LGC-PRELIMPIEZA > P10-PRL-LGC-MULTIASPIRADORES,contenedor_por_ancestro_project,P10-PRL-LGC-MULTIASPIRADORES,asociado_a_contenedor,SI,btz_description_10,escrito_en_slot_btz
P10-PRL-ALM-AS02A,ALIM. ASPIRADOR KICE 02A,385396,3ade3506-4f84-4896-9589-30d81e40c276-0005e174,P10 > P10-PRL-LGC-PRELIMPIEZA > P10-PRL-LGC-MULTIASPIRADORES,contenedor_por_ancestro_project,P10-PRL-LGC-MULTIASPIRADORES,asociado_a_contenedor,SI,btz_description_11,escrito_en_slot_btz
P10-PRL-ALM-AS02B,ALIM. ASPIRADOR KICE 02B,385396,3ade3506-4f84-4896-9589-30d81e40c276-0005e174,P10 > P10-PRL-LGC-PRELIMPIEZA > P10-PRL-LGC-MULTIASPIRADORES,contenedor_por_ancestro_project,P10-PRL-LGC-MULTIASPIRADORES,asociado_a_contenedor,SI,btz_description_12,escrito_en_slot_btz
P10-PRL-VNT-VE02,VENT. ASPIRADORES KICE 02,385396,3ade3506-4f84-4896-9589-30d81e40c276-0005e174,P10 > P10-PRL-LGC-PRELIMPIEZA > P10-PRL-LGC-MULTIASPIRADORES,contenedor_por_ancestro_project,P10-PRL-LGC-MULTIASPIRADORES,asociado_a_contenedor,SI,btz_description_13,escrito_en_slot_btz
P10-PRL-CCL-CVE02,CICLON VENT. ASPIRADORES KICE 02,385396,3ade3506-4f84-4896-9589-30d81e40c276-0005e174,P10 > P10-PRL-LGC-PRELIMPIEZA > P10-PRL-LGC-MULTIASPIRADORES,contenedor_por_ancestro_project,P10-PRL-LGC-MULTIASPIRADORES,asociado_a_contenedor,SI,btz_description_14,escrito_en_slot_btz
P10-PRL-VLV-VR02,VALVULA ROTATIVA VR02,385396,3ade3506-4f84-4896-9589-30d81e40c276-0005e174,P10 > P10-PRL-LGC-PRELIMPIEZA > P10-PRL-LGC-MULTIASPIRADORES,contenedor_por_ancestro_project,P10-PRL-LGC-MULTIASPIRADORES,asociado_a_contenedor,SI,btz_description_15,escrito_en_slot_btz
P10-PRL-MLT-ASP3,MULTI ASPIRADOR KICE 03,385396,3ade3506-4f84-4896-9589-30d81e40c276-0005e174,P10 > P10-PRL-LGC-PRELIMPIEZA > P10-PRL-LGC-MULTIASPIRADORES,contenedor_por_ancestro_project,P10-PRL-LGC-MULTIASPIRADORES,asociado_a_contenedor,SI,btz_description_16,escrito_en_slot_btz
P10-PRL-ALM-AS03A,ALIM. ASPIRADOR KICE 03A,385396,3ade3506-4f84-4896-9589-30d81e40c276-0005e174,P10 > P10-PRL-LGC-PRELIMPIEZA > P10-PRL-LGC-MULTIASPIRADORES,contenedor_por_ancestro_project,P10-PRL-LGC-MULTIASPIRADORES,asociado_a_contenedor,SI,btz_description_17,escrito_en_slot_btz
P10-PRL-ALM-AS03B,ALIM. ASPIRADOR KICE 03B,385396,3ade3506-4f84-4896-9589-30d81e40c276-0005e174,P10 > P10-PRL-LGC-PRELIMPIEZA > P10-PRL-LGC-MULTIASPIRADORES,contenedor_por_ancestro_project,P10-PRL-LGC-MULTIASPIRADORES,asociado_a_contenedor,SI,btz_description_18,escrito_en_slot_btz
P10-PRL-VNT-VE03,VENT. ASPIRADORES KICE 03,385396,3ade3506-4f84-4896-9589-30d81e40c276-0005e174,P10 > P10-PRL-LGC-PRELIMPIEZA > P10-PRL-LGC-MULTIASPIRADORES,contenedor_por_ancestro_project,P10-PRL-LGC-MULTIASPIRADORES,asociado_a_contenedor,SI,btz_description_19,escrito_en_slot_btz
P10-PRL-CCL-CVE03,CICLON VENT. ASPIRADORES KICE 03,385396,3ade3506-4f84-4896-9589-30d81e40c276-0005e174,P10 > P10-PRL-LGC-PRELIMPIEZA > P10-PRL-LGC-MULTIASPIRADORES,contenedor_por_ancestro_project,P10-PRL-LGC-MULTIASPIRADORES,asociado_a_contenedor,SI,btz_description_20,escrito_en_slot_btz
P10-PRL-VLV-VR03,VALVULA ROTATIVA VR03,385396,3ade3506-4f84-4896-9589-30d81e40c276-0005e174,P10 > P10-PRL-LGC-PRELIMPIEZA > P10-PRL-LGC-MULTIASPIRADORES,contenedor_por_ancestro_project,P10-PRL-LGC-MULTIASPIRADORES,asociado_a_contenedor,SI,btz_description_21,escrito_en_slot_btz
P10-PRL-RSC-SF08,ROSCA BAJO CICLONES ASPIRADORES KICE,385396,3ade3506-4f84-4896-9589-30d81e40c276-0005e174,P10 > P10-PRL-LGC-PRELIMPIEZA > P10-PRL-LGC-MULTIASPIRADORES,contenedor_por_ancestro_project,P10-PRL-LGC-MULTIASPIRADORES,asociado_a_contenedor,SI,btz_description_22,escrito_en_slot_btz
P10-PRL-VLV-VR19,ROTATIVA DE SILO RECUPERO A C3,384012,e0118a5a-e983-4b93-852f-e273cc5f6243-0005dc0c,P10 > P10-PRL-LGC-PRELIMPIEZA > P10-PRL-LGC-SILOS > P10-PRL-SLO-SRECUP,contenedor_por_ancestro_project,P10-PRL-SLO-SRECUP,asociado_a_contenedor,SI,btz_description_05,escrito_en_slot_btz
P10-PRL-BTD-BA06,BATIDORA DEL DESPREDADOR BA06,385248,3ade3506-4f84-4896-9589-30d81e40c276-0005e0e0,P10 > P10-PRL-LGC-PRELIMPIEZA > P10-PRL-LGC-MERMA,contenedor_por_ancestro_project,P10-PRL-LGC-MERMA,asociado_a_contenedor,SI,btz_description_04,escrito_en_slot_btz
P10-PRL-RSC-SF20,ROSCA SF20 INGRESO AL DESPEDRADOR,385248,3ade3506-4f84-4896-9589-30d81e40c276-0005e0e0,P10 > P10-PRL-LGC-PRELIMPIEZA > P10-PRL-LGC-MERMA,contenedor_por_ancestro_project,P10-PRL-LGC-MERMA,asociado_a_contenedor,SI,btz_description_05,escrito_en_slot_btz
P10-PRL-DSP-DSP01,DSP01 P10 ASPIRADOR/DESPEDRADOR,385248,3ade3506-4f84-4896-9589-30d81e40c276-0005e0e0,P10 > P10-PRL-LGC-PRELIMPIEZA > P10-PRL-LGC-MERMA,contenedor_por_ancestro_project,P10-PRL-LGC-MERMA,asociado_a_contenedor,SI,btz_description_06,escrito_en_slot_btz
P10-PRL-ALM-M3DP,ALIMENTADOR INFERIOR ASPITRADOR DESPREDADOR,385248,3ade3506-4f84-4896-9589-30d81e40c276-0005e0e0,P10 > P10-PRL-LGC-PRELIMPIEZA > P10-PRL-LGC-MERMA,contenedor_por_ancestro_project,P10-PRL-LGC-MERMA,asociado_a_contenedor,SI,btz_description_07,escrito_en_slot_btz
P10-PRL-ALM-M2DP,ALIMENTADOR SUPERIOR ASPITRADOR DESPREDADOR,385248,3ade3506-4f84-4896-9589-30d81e40c276-0005e0e0,P10 > P10-PRL-LGC-PRELIMPIEZA > P10-PRL-LGC-MERMA,contenedor_por_ancestro_project,P10-PRL-LGC-MERMA,asociado_a_contenedor,SI,btz_description_08,escrito_en_slot_btz
P10-PRL-VLV-VR36,ROTATIVA SALIDA  DESPEDRADOR,385248,3ade3506-4f84-4896-9589-30d81e40c276-0005e0e0,P10 > P10-PRL-LGC-PRELIMPIEZA > P10-PRL-LGC-MERMA,contenedor_por_ancestro_project,P10-PRL-LGC-MERMA,asociado_a_contenedor,SI,btz_description_09,escrito_en_slot_btz
P10-PRL-RSC-SF19,SALIDA DE DESPEDRADOR,385248,3ade3506-4f84-4896-9589-30d81e40c276-0005e0e0,P10 > P10-PRL-LGC-PRELIMPIEZA > P10-PRL-LGC-MERMA,contenedor_por_ancestro_project,P10-PRL-LGC-MERMA,asociado_a_contenedor,SI,btz_description_10,escrito_en_slot_btz
P10-PRL-VNT-M1DP,VENTILADOR DE DESPEDRADOR,385248,3ade3506-4f84-4896-9589-30d81e40c276-0005e0e0,P10 > P10-PRL-LGC-PRELIMPIEZA > P10-PRL-LGC-MERMA,contenedor_por_ancestro_project,P10-PRL-LGC-MERMA,asociado_a_contenedor,SI,btz_description_11,escrito_en_slot_btz
P10-PRL-RSC-SF16,ROSCA BAJO BA06,385248,3ade3506-4f84-4896-9589-30d81e40c276-0005e0e0,P10 > P10-PRL-LGC-PRELIMPIEZA > P10-PRL-LGC-MERMA,contenedor_por_ancestro_project,P10-PRL-LGC-MERMA,asociado_a_contenedor,SI,btz_description_12,escrito_en_slot_btz
P10-OSM-BMB-BAP01,BOMBA CENTRÍFUGA A MODULO 1 LADO ESTE,365213,5058d264-a8f9-4ba1-9628-877e44bc2201-0005929d,P10 > P10-SRV-LGC-SERVICIOS > P10-SRV-LGC-OSMOSIS,contenedor_por_ancestro_project,P10-SRV-LGC-OSMOSIS,asociado_a_contenedor,SI,btz_description_04,escrito_en_slot_btz
P10-OSM-BMB-BAP02,BOMBA CENTRÍFUGA A MODULO 2 LADO OESTE,365213,5058d264-a8f9-4ba1-9628-877e44bc2201-0005929d,P10 > P10-SRV-LGC-SERVICIOS > P10-SRV-LGC-OSMOSIS,contenedor_por_ancestro_project,P10-SRV-LGC-OSMOSIS,asociado_a_contenedor,SI,btz_description_05,escrito_en_slot_btz
P10-OSM-BMB-BC2,BOMBA CENTRÍFUGA LADO NORTE,365213,5058d264-a8f9-4ba1-9628-877e44bc2201-0005929d,P10 > P10-SRV-LGC-SERVICIOS > P10-SRV-LGC-OSMOSIS,contenedor_por_ancestro_project,P10-SRV-LGC-OSMOSIS,asociado_a_contenedor,SI,btz_description_06,escrito_en_slot_btz
P10-OSM-BMB-BC1,BOMBA CENTRÍFUGA LADO SUR,365213,5058d264-a8f9-4ba1-9628-877e44bc2201-0005929d,P10 > P10-SRV-LGC-SERVICIOS > P10-SRV-LGC-OSMOSIS,contenedor_por_ancestro_project,P10-SRV-LGC-OSMOSIS,asociado_a_contenedor,SI,btz_description_07,escrito_en_slot_btz
P10-OSM-BMB-BC251,BOMBA CENTRÍFUGA TK 251,365213,5058d264-a8f9-4ba1-9628-877e44bc2201-0005929d,P10 > P10-SRV-LGC-SERVICIOS > P10-SRV-LGC-OSMOSIS,contenedor_por_ancestro_project,P10-SRV-LGC-OSMOSIS,asociado_a_contenedor,SI,btz_description_08,escrito_en_slot_btz
P10-OSM-BMB-BD01,BOMBA DOSIFICACION LADO ESTE,365213,5058d264-a8f9-4ba1-9628-877e44bc2201-0005929d,P10 > P10-SRV-LGC-SERVICIOS > P10-SRV-LGC-OSMOSIS,contenedor_por_ancestro_project,P10-SRV-LGC-OSMOSIS,asociado_a_contenedor,SI,btz_description_09,escrito_en_slot_btz
P10-OSM-BMB-BD02,BOMBA DOSIFICACION LADO OESTE,365213,5058d264-a8f9-4ba1-9628-877e44bc2201-0005929d,P10 > P10-SRV-LGC-SERVICIOS > P10-SRV-LGC-OSMOSIS,contenedor_por_ancestro_project,P10-SRV-LGC-OSMOSIS,asociado_a_contenedor,SI,btz_description_10,escrito_en_slot_btz
P10-OSM-BMB-BO68,BOMBA NORTE SACA PTA DE AGUA A TK VERDE O CISTERNA,365213,5058d264-a8f9-4ba1-9628-877e44bc2201-0005929d,P10 > P10-SRV-LGC-SERVICIOS > P10-SRV-LGC-OSMOSIS,contenedor_por_ancestro_project,P10-SRV-LGC-OSMOSIS,asociado_a_contenedor,SI,btz_description_11,escrito_en_slot_btz
P10-OSM-BMB-BO67,BOMBA SUR SACA PTA DE AGUA A TK VERDE O CISTERNA,365213,5058d264-a8f9-4ba1-9628-877e44bc2201-0005929d,P10 > P10-SRV-LGC-SERVICIOS > P10-SRV-LGC-OSMOSIS,contenedor_por_ancestro_project,P10-SRV-LGC-OSMOSIS,asociado_a_contenedor,SI,btz_description_12,escrito_en_slot_btz
P10-OSM-FLT-FLTBOL,FILTRO BOLSA OSMOSIS,365213,5058d264-a8f9-4ba1-9628-877e44bc2201-0005929d,P10 > P10-SRV-LGC-SERVICIOS > P10-SRV-LGC-OSMOSIS,contenedor_por_ancestro_project,P10-SRV-LGC-OSMOSIS,asociado_a_contenedor,SI,btz_description_13,escrito_en_slot_btz
P10-OSM-FLT-MF01,MICROFILTRO 1 (20 MICRONES) LADO SUR,365213,5058d264-a8f9-4ba1-9628-877e44bc2201-0005929d,P10 > P10-SRV-LGC-SERVICIOS > P10-SRV-LGC-OSMOSIS,contenedor_por_ancestro_project,P10-SRV-LGC-OSMOSIS,asociado_a_contenedor,SI,btz_description_14,escrito_en_slot_btz
P10-OSM-FLT-MF02,MICROFILTRO 2 (5 MICRONES) LADO NORTE,365213,5058d264-a8f9-4ba1-9628-877e44bc2201-0005929d,P10 > P10-SRV-LGC-SERVICIOS > P10-SRV-LGC-OSMOSIS,contenedor_por_ancestro_project,P10-SRV-LGC-OSMOSIS,asociado_a_contenedor,SI,btz_description_15,escrito_en_slot_btz
P10-OSM-MDL-MDL01,MODULO 1 LADO SUR OSMOSIS,365213,5058d264-a8f9-4ba1-9628-877e44bc2201-0005929d,P10 > P10-SRV-LGC-SERVICIOS > P10-SRV-LGC-OSMOSIS,contenedor_por_ancestro_project,P10-SRV-LGC-OSMOSIS,asociado_a_contenedor,SI,btz_description_16,escrito_en_slot_btz
P10-OSM-MDL-MDL02,MODULO 2 LADO NORTE OSMOSIS,365213,5058d264-a8f9-4ba1-9628-877e44bc2201-0005929d,P10 > P10-SRV-LGC-SERVICIOS > P10-SRV-LGC-OSMOSIS,contenedor_por_ancestro_project,P10-SRV-LGC-OSMOSIS,asociado_a_contenedor,SI,btz_description_17,escrito_en_slot_btz
P10-ENE-TRF-TRA1,TRAFO 1 P10 DE BAJA,228225,25d0f85d-57da-4cae-8ca2-9b682363407e-00037b81,P10 > P10-ENE-LGC-TRAFOS,contenedor_por_ancestro_project,P10-ENE-LGC-TRAFOS,asociado_a_contenedor,SI,btz_description_03,escrito_en_slot_btz
P10-ENE-TRF-TRA2,TRAFO 2 P10 DE ALTA,228225,25d0f85d-57da-4cae-8ca2-9b682363407e-00037b81,P10 > P10-ENE-LGC-TRAFOS,contenedor_por_ancestro_project,P10-ENE-LGC-TRAFOS,asociado_a_contenedor,SI,btz_description_04,escrito_en_slot_btz
P10-ENE-TRF-TRA3,TRAFO 3 P10 DE BAJA,228225,25d0f85d-57da-4cae-8ca2-9b682363407e-00037b81,P10 > P10-ENE-LGC-TRAFOS,contenedor_por_ancestro_project,P10-ENE-LGC-TRAFOS,asociado_a_contenedor,SI,btz_description_05,escrito_en_slot_btz
P10-ENE-TRF-TRA4,TRAFO 4 P10 DE BAJA,228225,25d0f85d-57da-4cae-8ca2-9b682363407e-00037b81,P10 > P10-ENE-LGC-TRAFOS,contenedor_por_ancestro_project,P10-ENE-LGC-TRAFOS,asociado_a_contenedor,SI,btz_description_06,escrito_en_slot_btz
P10-ENE-TRF-TRA5,TRAFO 5 P10 DE BAJA,228225,25d0f85d-57da-4cae-8ca2-9b682363407e-00037b81,P10 > P10-ENE-LGC-TRAFOS,contenedor_por_ancestro_project,P10-ENE-LGC-TRAFOS,asociado_a_contenedor,SI,btz_description_07,escrito_en_slot_btz
P10-ENE-TRF-TRA6,TRAFO 6 P10 DE BAJA,228225,25d0f85d-57da-4cae-8ca2-9b682363407e-00037b81,P10 > P10-ENE-LGC-TRAFOS,contenedor_por_ancestro_project,P10-ENE-LGC-TRAFOS,asociado_a_contenedor,SI,btz_description_08,escrito_en_slot_btz
P10-ENE-TRF-TRA7,TRAFO 7 P10 DE ALTA,228225,25d0f85d-57da-4cae-8ca2-9b682363407e-00037b81,P10 > P10-ENE-LGC-TRAFOS,contenedor_por_ancestro_project,P10-ENE-LGC-TRAFOS,asociado_a_contenedor,SI,btz_description_09,escrito_en_slot_btz
P10-ENE-TRF-TRA8,TRAFO 8 P10 DE BAJA,228225,25d0f85d-57da-4cae-8ca2-9b682363407e-00037b81,P10 > P10-ENE-LGC-TRAFOS,contenedor_por_ancestro_project,P10-ENE-LGC-TRAFOS,asociado_a_contenedor,SI,btz_description_10,escrito_en_slot_btz
P10-ENE-TRF-TRA9,TRAFO 9 P10 DE BAJA (RESERVA),228225,25d0f85d-57da-4cae-8ca2-9b682363407e-00037b81,P10 > P10-ENE-LGC-TRAFOS,contenedor_por_ancestro_project,P10-ENE-LGC-TRAFOS,asociado_a_contenedor,SI,btz_description_11,escrito_en_slot_btz
P10-SRA-BMB-BO70,BOMBA BO70 RED INCENDIO (ELECTROBOMBA),282497,a027b4da-4e9c-44ad-b607-5fb48d4c7061-00044f81,P10 > P10-EXT-LGC-EXTRACCION > P10-EXT-EXT-M202 > P10-EXT-LGC-BMB RECIRCULACION,contenedor_por_scoring,,asociado_a_contenedor,SI,btz_description_05,escrito_en_slot_btz
P10-SRA-BMB-JOCKEY,JOCKEY CHICA GRUNDFOS - Primera que se coloco,282497,a027b4da-4e9c-44ad-b607-5fb48d4c7061-00044f81,P10 > P10-EXT-LGC-EXTRACCION > P10-EXT-EXT-M202 > P10-EXT-LGC-BMB RECIRCULACION,contenedor_por_scoring,,asociado_a_contenedor,SI,btz_description_06,escrito_en_slot_btz
P10-SRA-BMB-BOIN,MOTOBOMBA BOIN INCENDIO (DIESEL),282497,a027b4da-4e9c-44ad-b607-5fb48d4c7061-00044f81,P10 > P10-EXT-LGC-EXTRACCION > P10-EXT-EXT-M202 > P10-EXT-LGC-BMB RECIRCULACION,contenedor_por_scoring,,asociado_a_contenedor,SI,btz_description_07,escrito_en_slot_btz
P10-SRA-BMB-DOSIF,BOMBA DOSIFICACION APL A TK VERDE RED DE INCENDIO,282497,a027b4da-4e9c-44ad-b607-5fb48d4c7061-00044f81,P10 > P10-EXT-LGC-EXTRACCION > P10-EXT-EXT-M202 > P10-EXT-LGC-BMB RECIRCULACION,contenedor_por_scoring,,asociado_a_contenedor,SI,btz_description_08,escrito_en_slot_btz
P10-EXT-BMB-P439B,BOMBA DE ALIM. DEL SECADOR P439B,282497,a027b4da-4e9c-44ad-b607-5fb48d4c7061-00044f81,P10 > P10-EXT-LGC-EXTRACCION > P10-EXT-EXT-M202 > P10-EXT-LGC-BMB RECIRCULACION,contenedor_por_scoring,,asociado_a_contenedor,SI,btz_description_09,escrito_en_slot_btz
P10-CCM-CCM-CLD,CCM CALDERA P10,378523,ddbef6d8-5146-4ece-9a6f-82caaca14519-0005c69b,P10 > P10-GRL-LGC-CCM,contenedor_por_ancestro_project,P10-GRL-LGC-CCM,asociado_a_contenedor,SI,btz_description_03,escrito_en_slot_btz
P10-CCM-AIR-AIRCLD,AIRE ACONDICIONADO CCM CALDERA P10 CARRIER 20 TR 10 + 10,378523,ddbef6d8-5146-4ece-9a6f-82caaca14519-0005c69b,P10 > P10-GRL-LGC-CCM,contenedor_por_ancestro_project,P10-GRL-LGC-CCM,asociado_a_contenedor,SI,btz_description_04,escrito_en_slot_btz
P10-CCM-CMP-AC,COMPRESOR DE AIRE ACONDICIONADO 20-3 CCM CALDERA,378523,ddbef6d8-5146-4ece-9a6f-82caaca14519-0005c69b,P10 > P10-GRL-LGC-CCM,contenedor_por_ancestro_project,P10-GRL-LGC-CCM,asociado_a_contenedor,SI,btz_description_05,escrito_en_slot_btz
P10-CCM-CCM-PELL,CCM DE PELLETERA,378523,ddbef6d8-5146-4ece-9a6f-82caaca14519-0005c69b,P10 > P10-GRL-LGC-CCM,contenedor_por_ancestro_project,P10-GRL-LGC-CCM,asociado_a_contenedor,SI,btz_description_06,escrito_en_slot_btz
P10-CCM-CCM-EXT,CCM EXTRACCION P10,378523,ddbef6d8-5146-4ece-9a6f-82caaca14519-0005c69b,P10 > P10-GRL-LGC-CCM,contenedor_por_ancestro_project,P10-GRL-LGC-CCM,asociado_a_contenedor,SI,btz_description_07,escrito_en_slot_btz
P10-CCM-AIR-AIREXT,AIRE ACONDICIONADO CCM EXTRACCION P10 WESTRIC 15 TR (LADO OESTE),378523,ddbef6d8-5146-4ece-9a6f-82caaca14519-0005c69b,P10 > P10-GRL-LGC-CCM,contenedor_por_ancestro_project,P10-GRL-LGC-CCM,asociado_a_contenedor,SI,btz_description_08,escrito_en_slot_btz
P10-CCM-CCM-PRP,CCM PREPARACION P10,378523,ddbef6d8-5146-4ece-9a6f-82caaca14519-0005c69b,P10 > P10-GRL-LGC-CCM,contenedor_por_ancestro_project,P10-GRL-LGC-CCM,asociado_a_contenedor,SI,btz_description_09,escrito_en_slot_btz
P10-CCM-AIR-AIRPRP,AIRE ACONDICIONADO CCM PREPARACION P10 WESTRIC 15 TR (LADO NORTE),378523,ddbef6d8-5146-4ece-9a6f-82caaca14519-0005c69b,P10 > P10-GRL-LGC-CCM,contenedor_por_ancestro_project,P10-GRL-LGC-CCM,asociado_a_contenedor,SI,btz_description_10,escrito_en_slot_btz
P10-PLL-BMB-BS03,BOMBA SOPLANTE BS03,282497,a027b4da-4e9c-44ad-b607-5fb48d4c7061-00044f81,P10 > P10-EXT-LGC-EXTRACCION > P10-EXT-EXT-M202 > P10-EXT-LGC-BMB RECIRCULACION,contenedor_por_scoring,,asociado_a_contenedor,SI,btz_description_10,escrito_en_slot_btz
P10-ENE-GNR-GENERADOR,GENERADOR DE ENERGIA DIESEL DE P10 MOTOR CUMMINS NTA-855-G6,228225,25d0f85d-57da-4cae-8ca2-9b682363407e-00037b81,P10 > P10-ENE-LGC-TRAFOS,contenedor_por_scoring,,asociado_a_contenedor,SI,btz_description_12,escrito_en_slot_btz
P10-ADM-OFC-ADM,OFICINA ADMINISTRACION,176327,e873c32e-5e0c-4f36-b2a7-48d4917bce06-0002b0c7,P10 > P10-SRV-LGC-SERVICIOS > P10-ADM-OFC-OFICINA MANT,contenedor_por_scoring,,asociado_a_contenedor,SI,btz_description_04,escrito_en_slot_btz
