origen_archivo,codigo_project,descripcion_project,estado_match,tipo_asociacion,element_id_revit,contenedor_sugerido_element_id,btz_path_actual,btz_path_contenedor,project_path,ancestor_codes_project,ancestor_names_project,motivo_revision,observacion
match_project_revit_preparacion.csv,P10-DSC-LGC-CONJUNTO,CONJUNTO DE CCC SEGUNDA PASADA DESCASCARADO P10,duplicado,elemento_puntual,378308,,P10 > P10-DSC-LGC-DESCASCARADO > P10-DSC-LGC-CONJUNTO CCD 1RA,,P10 > P10-DSC-LGC-DESCASCARADO > P10-DSC-LGC-CONJUNTO CCC 2DA,P10-DSC-LGC-DESCASCARADO,P10 > P10-DSC-LGC-DESCASCARADO,,Código repetido en Project 2 veces. 2 elementos Revit contienen el código exacto. | no aparece en asociacion_contenedor_hijos_final_p10.csv
match_project_revit_preparacion.csv,P10-DSC-LGC-CONJUNTO,CONJUNTO DE CCC SEGUNDA PASADA DESCASCARADO P10,duplicado,elemento_puntual,378434,,P10 > P10-DSC-LGC-DESCASCARADO > P10-DSC-LGC-CONJUNTO CCC 2DA,,P10 > P10-DSC-LGC-DESCASCARADO > P10-DSC-LGC-CONJUNTO CCC 2DA,P10-DSC-LGC-DESCASCARADO,P10 > P10-DSC-LGC-DESCASCARADO,,Código repetido en Project 2 veces. 2 elementos Revit contienen el código exacto. | no aparece en asociacion_contenedor_hijos_final_p10.csv
match_project_revit_preparacion.csv,P10-EXT-VLV-VSA420,VALVULA DE SEGURIDAD AGITADOR A420,asignable_a_contenedor,contenedor_por_ancestro_project,282997,282997,P10 > P10-EXT-LGC-EXTRACCION > P10-EXT-LGC-DESGOMADO,P10 > P10-EXT-LGC-EXTRACCION > P10-EXT-LGC-DESGOMADO,P10 > P10-EXT-LGC-EXTRACCION > P10-EXT-LGC-DESGOMADO > P10-EXT-TNQ-V420 TK HIDRAT > P10-EXT-AGT-A420 > P10-EXT-VLV-VSA420,P10-EXT-LGC-EXTRACCION > P10-EXT-LGC-DESGOMADO > P10-EXT-TNQ-V420 > P10-EXT-AGT-A420,P10 > P10-EXT-LGC-EXTRACCION > P10-EXT-LGC-DESGOMADO > P10-EXT-TNQ-V420 TK HIDRAT > P10-EXT-AGT-A420,,Sin match puntual; contenedor único por ancestro Project P10-EXT-LGC-DESGOMADO.
match_project_revit_preparacion.csv,P10-EXT-LGC-VLV,CONJUNTO DE VALVULAS DE SEGURIDAD DEL TOSTER,asignable_a_contenedor,contenedor_por_ancestro_project,282656,282656,P10 > P10-EXT-LGC-EXTRACCION > P10-EXT-TST-DT250,P10 > P10-EXT-LGC-EXTRACCION > P10-EXT-TST-DT250,P10 > P10-EXT-LGC-EXTRACCION > P10-EXT-TST-DT250 > P10-EXT-LGC-VLV SEG DT250,P10-EXT-LGC-EXTRACCION > P10-EXT-TST-DT250,P10 > P10-EXT-LGC-EXTRACCION > P10-EXT-TST-DT250,,Sin match puntual; contenedor único por ancestro Project P10-EXT-TST-DT250.
match_project_revit_preparacion.csv,P10-EXT-VLV-PRV259,"SEGURIDAD VAPOR DIRECTO PISO INFERIOR 3,1 BAR, 6 PULG A 8 PULG SERIE 150",asignable_a_contenedor,contenedor_por_ancestro_project,282656,282656,P10 > P10-EXT-LGC-EXTRACCION > P10-EXT-TST-DT250,P10 > P10-EXT-LGC-EXTRACCION > P10-EXT-TST-DT250,P10 > P10-EXT-LGC-EXTRACCION > P10-EXT-TST-DT250 > P10-EXT-LGC-VLV SEG DT250 > P10-EXT-VLV-PRV259,P10-EXT-LGC-EXTRACCION > P10-EXT-TST-DT250 > P10-EXT-LGC-VLV,P10 > P10-EXT-LGC-EXTRACCION > P10-EXT-TST-DT250 > P10-EXT-LGC-VLV SEG DT250,,Sin match puntual; contenedor único por ancestro Project P10-EXT-TST-DT250.
match_project_revit_preparacion.csv,P10-EXT-VLV-PRV258,"SEGURIDAD VAPOR DIRECTO PISO SUPERIOR 2,1 BAR DE 6 PULG A 8 PULG SERIE 150",asignable_a_contenedor,contenedor_por_ancestro_project,282656,282656,P10 > P10-EXT-LGC-EXTRACCION > P10-EXT-TST-DT250,P10 > P10-EXT-LGC-EXTRACCION > P10-EXT-TST-DT250,P10 > P10-EXT-LGC-EXTRACCION > P10-EXT-TST-DT250 > P10-EXT-LGC-VLV SEG DT250 > P10-EXT-VLV-PRV258,P10-EXT-LGC-EXTRACCION > P10-EXT-TST-DT250 > P10-EXT-LGC-VLV,P10 > P10-EXT-LGC-EXTRACCION > P10-EXT-TST-DT250 > P10-EXT-LGC-VLV SEG DT250,,Sin match puntual; contenedor único por ancestro Project P10-EXT-TST-DT250.
match_project_revit_preparacion.csv,P10-EXT-VLV-PRV260,"VALVULA SEGURIDAD VAPOR INDIRECTO 1,75 BAR, 4 PULG A 4 PULG SERIE 150",asignable_a_contenedor,contenedor_por_ancestro_project,282656,282656,P10 > P10-EXT-LGC-EXTRACCION > P10-EXT-TST-DT250,P10 > P10-EXT-LGC-EXTRACCION > P10-EXT-TST-DT250,P10 > P10-EXT-LGC-EXTRACCION > P10-EXT-TST-DT250 > P10-EXT-LGC-VLV SEG DT250 > P10-EXT-VLV-PRV260,P10-EXT-LGC-EXTRACCION > P10-EXT-TST-DT250 > P10-EXT-LGC-VLV,P10 > P10-EXT-LGC-EXTRACCION > P10-EXT-TST-DT250 > P10-EXT-LGC-VLV SEG DT250,,Sin match puntual; contenedor único por ancestro Project P10-EXT-TST-DT250.
match_project_revit_preparacion.csv,P10-HRN-LGC-HARINA,SECTOR HARINA P10,duplicado,elemento_puntual,367888,,P10 > P10-HRN-LGC-HARINA > P10-HRN-ENF-EG01,,P10 > P10-HRN-LGC-HARINA,,P10,,10 elementos Revit contienen el código exacto. | no aparece en asociacion_contenedor_hijos_final_p10.csv
match_project_revit_preparacion.csv,P10-HRN-VLV-VSSR01,VALVULA SEGURIDAD DE SECADOR ROTATIVO SR01,contenedor_duplicado,contenedor_por_ancestro_project,227678,227678,P10 > P10-HRN-LGC-HARINA > P10-HRN-LGC-MOLINOS,P10 > P10-HRN-LGC-HARINA > P10-HRN-LGC-MOLINOS,P10 > P10-HRN-LGC-HARINA > P10-HRN-LGC-SEC. ROTATIVOS > P10-HRN-VLV-VSSR01,P10-HRN-LGC-HARINA > P10-HRN-LGC-SEC,P10 > P10-HRN-LGC-HARINA > P10-HRN-LGC-SEC. ROTATIVOS,,Ancestro Project P10-HRN-LGC-HARINA aparece en 10 contenedores. | no aparece en asociacion_contenedor_hijos_final_p10.csv
match_project_revit_preparacion.csv,P10-HRN-VLV-VSSR02,VALVULA SEGURIDAD DE SECADOR ROTATIVO SR02,contenedor_duplicado,contenedor_por_ancestro_project,227678,227678,P10 > P10-HRN-LGC-HARINA > P10-HRN-LGC-MOLINOS,P10 > P10-HRN-LGC-HARINA > P10-HRN-LGC-MOLINOS,P10 > P10-HRN-LGC-HARINA > P10-HRN-LGC-SEC. ROTATIVOS > P10-HRN-VLV-VSSR02,P10-HRN-LGC-HARINA > P10-HRN-LGC-SEC,P10 > P10-HRN-LGC-HARINA > P10-HRN-LGC-SEC. ROTATIVOS,,Ancestro Project P10-HRN-LGC-HARINA aparece en 10 contenedores. | no aparece en asociacion_contenedor_hijos_final_p10.csv
match_project_revit_preparacion.csv,P10-HRN-ENF-EG01,ENFRIADOR-SECADOR HARINA 01 <OESTE>,match_elemento_puntual,elemento_puntual,367888,,P10 > P10-HRN-LGC-HARINA > P10-HRN-ENF-EG01,,P10 > P10-HRN-LGC-HARINA > P10-HRN-ENF-EG01,P10-HRN-LGC-HARINA,P10 > P10-HRN-LGC-HARINA,,Coincidencia exacta única con elemento Revit. | no aparece en asociacion_contenedor_hijos_final_p10.csv
match_project_revit_preparacion.csv,P10-HRN-RSC-EGSF01,ROSCA SIN FIN DE FINOS ENFR. SEC. 01,asignable_a_contenedor,contenedor_por_ancestro_project,367888,367888,P10 > P10-HRN-LGC-HARINA > P10-HRN-ENF-EG01,P10 > P10-HRN-LGC-HARINA > P10-HRN-ENF-EG01,P10 > P10-HRN-LGC-HARINA > P10-HRN-ENF-EG01 > P10-HRN-RSC-EGSF01,P10-HRN-LGC-HARINA > P10-HRN-ENF-EG01,P10 > P10-HRN-LGC-HARINA > P10-HRN-ENF-EG01,,Sin match puntual; contenedor único por ancestro Project P10-HRN-ENF-EG01.
match_project_revit_preparacion.csv,P10-HRN-RSC-EGSF02,ROSCA SIN FIN DE FINOS ENFR. SEC. 01,asignable_a_contenedor,contenedor_por_ancestro_project,367888,367888,P10 > P10-HRN-LGC-HARINA > P10-HRN-ENF-EG01,P10 > P10-HRN-LGC-HARINA > P10-HRN-ENF-EG01,P10 > P10-HRN-LGC-HARINA > P10-HRN-ENF-EG01 > P10-HRN-RSC-EGSF02,P10-HRN-LGC-HARINA > P10-HRN-ENF-EG01,P10 > P10-HRN-LGC-HARINA > P10-HRN-ENF-EG01,,Sin match puntual; contenedor único por ancestro Project P10-HRN-ENF-EG01.
match_project_revit_preparacion.csv,P10-HRN-RSC-EGSF03,ROSCA SIN FIN DE FINOS ENFR. SEC. 01,asignable_a_contenedor,contenedor_por_ancestro_project,367888,367888,P10 > P10-HRN-LGC-HARINA > P10-HRN-ENF-EG01,P10 > P10-HRN-LGC-HARINA > P10-HRN-ENF-EG01,P10 > P10-HRN-LGC-HARINA > P10-HRN-ENF-EG01 > P10-HRN-RSC-EGSF03,P10-HRN-LGC-HARINA > P10-HRN-ENF-EG01,P10 > P10-HRN-LGC-HARINA > P10-HRN-ENF-EG01,,Sin match puntual; contenedor único por ancestro Project P10-HRN-ENF-EG01.
match_project_revit_preparacion.csv,P10-HRN-RSC-EGSF04,ROSCA SIN FIN DE FINOS ENFR. SEC. 01,asignable_a_contenedor,contenedor_por_ancestro_project,367888,367888,P10 > P10-HRN-LGC-HARINA > P10-HRN-ENF-EG01,P10 > P10-HRN-LGC-HARINA > P10-HRN-ENF-EG01,P10 > P10-HRN-LGC-HARINA > P10-HRN-ENF-EG01 > P10-HRN-RSC-EGSF04,P10-HRN-LGC-HARINA > P10-HRN-ENF-EG01,P10 > P10-HRN-LGC-HARINA > P10-HRN-ENF-EG01,,Sin match puntual; contenedor único por ancestro Project P10-HRN-ENF-EG01.
match_project_revit_preparacion.csv,P10-HRN-VNT-VE27,VENTILADOR ASPIR. SEC. ENFR.EG01,asignable_a_contenedor,contenedor_por_ancestro_project,367888,367888,P10 > P10-HRN-LGC-HARINA > P10-HRN-ENF-EG01,P10 > P10-HRN-LGC-HARINA > P10-HRN-ENF-EG01,P10 > P10-HRN-LGC-HARINA > P10-HRN-ENF-EG01 > P10-HRN-VNT-VE27,P10-HRN-LGC-HARINA > P10-HRN-ENF-EG01,P10 > P10-HRN-LGC-HARINA > P10-HRN-ENF-EG01,,Sin match puntual; contenedor único por ancestro Project P10-HRN-ENF-EG01.
match_project_revit_preparacion.csv,P10-HRN-CCL-CVE27,CICLON VENTILADOR ASPIR. SEC. ENFR.EG01,asignable_a_contenedor,contenedor_por_ancestro_project,367888,367888,P10 > P10-HRN-LGC-HARINA > P10-HRN-ENF-EG01,P10 > P10-HRN-LGC-HARINA > P10-HRN-ENF-EG01,P10 > P10-HRN-LGC-HARINA > P10-HRN-ENF-EG01 > P10-HRN-VNT-VE27 > P10-HRN-CCL-CVE27,P10-HRN-LGC-HARINA > P10-HRN-ENF-EG01 > P10-HRN-VNT-VE27,P10 > P10-HRN-LGC-HARINA > P10-HRN-ENF-EG01 > P10-HRN-VNT-VE27,,Sin match puntual; contenedor único por ancestro Project P10-HRN-ENF-EG01.
match_project_revit_preparacion.csv,P10-HRN-VLV-VR20,VALV. ROT. 20 (VE27),asignable_a_contenedor,contenedor_por_ancestro_project,367888,367888,P10 > P10-HRN-LGC-HARINA > P10-HRN-ENF-EG01,P10 > P10-HRN-LGC-HARINA > P10-HRN-ENF-EG01,P10 > P10-HRN-LGC-HARINA > P10-HRN-ENF-EG01 > P10-HRN-VNT-VE27 > P10-HRN-VLV-VR20,P10-HRN-LGC-HARINA > P10-HRN-ENF-EG01 > P10-HRN-VNT-VE27,P10 > P10-HRN-LGC-HARINA > P10-HRN-ENF-EG01 > P10-HRN-VNT-VE27,,Sin match puntual; contenedor único por ancestro Project P10-HRN-ENF-EG01.
match_project_revit_preparacion.csv,P10-HRN-VNT-VE28,VENTILADOR ASPIR. SEC. ENFR.EG01,asignable_a_contenedor,contenedor_por_ancestro_project,367888,367888,P10 > P10-HRN-LGC-HARINA > P10-HRN-ENF-EG01,P10 > P10-HRN-LGC-HARINA > P10-HRN-ENF-EG01,P10 > P10-HRN-LGC-HARINA > P10-HRN-ENF-EG01 > P10-HRN-VNT-VE28,P10-HRN-LGC-HARINA > P10-HRN-ENF-EG01,P10 > P10-HRN-LGC-HARINA > P10-HRN-ENF-EG01,,Sin match puntual; contenedor único por ancestro Project P10-HRN-ENF-EG01.
match_project_revit_preparacion.csv,P10-HRN-CCL-CVE28,CICLON VENTILADOR ASPIR. SEC. ENFR.EG01,asignable_a_contenedor,contenedor_por_ancestro_project,367888,367888,P10 > P10-HRN-LGC-HARINA > P10-HRN-ENF-EG01,P10 > P10-HRN-LGC-HARINA > P10-HRN-ENF-EG01,P10 > P10-HRN-LGC-HARINA > P10-HRN-ENF-EG01 > P10-HRN-VNT-VE28 > P10-HRN-CCL-CVE28,P10-HRN-LGC-HARINA > P10-HRN-ENF-EG01 > P10-HRN-VNT-VE28,P10 > P10-HRN-LGC-HARINA > P10-HRN-ENF-EG01 > P10-HRN-VNT-VE28,,Sin match puntual; contenedor único por ancestro Project P10-HRN-ENF-EG01.
match_project_revit_preparacion.csv,P10-HRN-VLV-VR21,VALV. ROT. 21 (VE28),asignable_a_contenedor,contenedor_por_ancestro_project,367888,367888,P10 > P10-HRN-LGC-HARINA > P10-HRN-ENF-EG01,P10 > P10-HRN-LGC-HARINA > P10-HRN-ENF-EG01,P10 > P10-HRN-LGC-HARINA > P10-HRN-ENF-EG01 > P10-HRN-VNT-VE28 > P10-HRN-VLV-VR21,P10-HRN-LGC-HARINA > P10-HRN-ENF-EG01 > P10-HRN-VNT-VE28,P10 > P10-HRN-LGC-HARINA > P10-HRN-ENF-EG01 > P10-HRN-VNT-VE28,,Sin match puntual; contenedor único por ancestro Project P10-HRN-ENF-EG01.
match_project_revit_preparacion.csv,P10-HRN-VNT-VE29,VENTILADOR ASPIR. SEC. ENFR.EG01,asignable_a_contenedor,contenedor_por_ancestro_project,367888,367888,P10 > P10-HRN-LGC-HARINA > P10-HRN-ENF-EG01,P10 > P10-HRN-LGC-HARINA > P10-HRN-ENF-EG01,P10 > P10-HRN-LGC-HARINA > P10-HRN-ENF-EG01 > P10-HRN-VNT-VE29,P10-HRN-LGC-HARINA > P10-HRN-ENF-EG01,P10 > P10-HRN-LGC-HARINA > P10-HRN-ENF-EG01,,Sin match puntual; contenedor único por ancestro Project P10-HRN-ENF-EG01.
match_project_revit_preparacion.csv,P10-HRN-CCL-CVE29,CICLON VENTILADOR ASPIR. SEC. ENFR.EG01,asignable_a_contenedor,contenedor_por_ancestro_project,367888,367888,P10 > P10-HRN-LGC-HARINA > P10-HRN-ENF-EG01,P10 > P10-HRN-LGC-HARINA > P10-HRN-ENF-EG01,P10 > P10-HRN-LGC-HARINA > P10-HRN-ENF-EG01 > P10-HRN-VNT-VE29 > P10-HRN-CCL-CVE29,P10-HRN-LGC-HARINA > P10-HRN-ENF-EG01 > P10-HRN-VNT-VE29,P10 > P10-HRN-LGC-HARINA > P10-HRN-ENF-EG01 > P10-HRN-VNT-VE29,,Sin match puntual; contenedor único por ancestro Project P10-HRN-ENF-EG01.
match_project_revit_preparacion.csv,P10-HRN-VLV-VR22,VALV. ROT. 22 (VE29),asignable_a_contenedor,contenedor_por_ancestro_project,367888,367888,P10 > P10-HRN-LGC-HARINA > P10-HRN-ENF-EG01,P10 > P10-HRN-LGC-HARINA > P10-HRN-ENF-EG01,P10 > P10-HRN-LGC-HARINA > P10-HRN-ENF-EG01 > P10-HRN-VNT-VE29 > P10-HRN-VLV-VR22,P10-HRN-LGC-HARINA > P10-HRN-ENF-EG01 > P10-HRN-VNT-VE29,P10 > P10-HRN-LGC-HARINA > P10-HRN-ENF-EG01 > P10-HRN-VNT-VE29,,Sin match puntual; contenedor único por ancestro Project P10-HRN-ENF-EG01.
match_project_revit_preparacion.csv,P10-HRN-VNT-VE30,VENTILADOR ASPIR. SEC. ENFR.EG01,asignable_a_contenedor,contenedor_por_ancestro_project,367888,367888,P10 > P10-HRN-LGC-HARINA > P10-HRN-ENF-EG01,P10 > P10-HRN-LGC-HARINA > P10-HRN-ENF-EG01,P10 > P10-HRN-LGC-HARINA > P10-HRN-ENF-EG01 > P10-HRN-VNT-VE30,P10-HRN-LGC-HARINA > P10-HRN-ENF-EG01,P10 > P10-HRN-LGC-HARINA > P10-HRN-ENF-EG01,,Sin match puntual; contenedor único por ancestro Project P10-HRN-ENF-EG01.
match_project_revit_preparacion.csv,P10-HRN-CCL-CVE30,CICLON VENTILADOR ASPIR. SEC. ENFR.EG01,asignable_a_contenedor,contenedor_por_ancestro_project,367888,367888,P10 > P10-HRN-LGC-HARINA > P10-HRN-ENF-EG01,P10 > P10-HRN-LGC-HARINA > P10-HRN-ENF-EG01,P10 > P10-HRN-LGC-HARINA > P10-HRN-ENF-EG01 > P10-HRN-VNT-VE30 > P10-HRN-CCL-CVE30,P10-HRN-LGC-HARINA > P10-HRN-ENF-EG01 > P10-HRN-VNT-VE30,P10 > P10-HRN-LGC-HARINA > P10-HRN-ENF-EG01 > P10-HRN-VNT-VE30,,Sin match puntual; contenedor único por ancestro Project P10-HRN-ENF-EG01.
match_project_revit_preparacion.csv,P10-HRN-VLV-VR23,VALV. ROT. 23 (VE30),asignable_a_contenedor,contenedor_por_ancestro_project,367888,367888,P10 > P10-HRN-LGC-HARINA > P10-HRN-ENF-EG01,P10 > P10-HRN-LGC-HARINA > P10-HRN-ENF-EG01,P10 > P10-HRN-LGC-HARINA > P10-HRN-ENF-EG01 > P10-HRN-VNT-VE30 > P10-HRN-VLV-VR23,P10-HRN-LGC-HARINA > P10-HRN-ENF-EG01 > P10-HRN-VNT-VE30,P10 > P10-HRN-LGC-HARINA > P10-HRN-ENF-EG01 > P10-HRN-VNT-VE30,,Sin match puntual; contenedor único por ancestro Project P10-HRN-ENF-EG01.
match_project_revit_preparacion.csv,P10-HRN-VNT-VE31,VENTILADOR ASPIR. SEC. ENFR.EG01,asignable_a_contenedor,contenedor_por_ancestro_project,367888,367888,P10 > P10-HRN-LGC-HARINA > P10-HRN-ENF-EG01,P10 > P10-HRN-LGC-HARINA > P10-HRN-ENF-EG01,P10 > P10-HRN-LGC-HARINA > P10-HRN-ENF-EG01 > P10-HRN-VNT-VE31,P10-HRN-LGC-HARINA > P10-HRN-ENF-EG01,P10 > P10-HRN-LGC-HARINA > P10-HRN-ENF-EG01,,Sin match puntual; contenedor único por ancestro Project P10-HRN-ENF-EG01.
match_project_revit_preparacion.csv,P10-HRN-CCL-CVE31,CICLON VENTILADOR ASPIR. SEC. ENFR.EG01,asignable_a_contenedor,contenedor_por_ancestro_project,367888,367888,P10 > P10-HRN-LGC-HARINA > P10-HRN-ENF-EG01,P10 > P10-HRN-LGC-HARINA > P10-HRN-ENF-EG01,P10 > P10-HRN-LGC-HARINA > P10-HRN-ENF-EG01 > P10-HRN-VNT-VE31 > P10-HRN-CCL-CVE31,P10-HRN-LGC-HARINA > P10-HRN-ENF-EG01 > P10-HRN-VNT-VE31,P10 > P10-HRN-LGC-HARINA > P10-HRN-ENF-EG01 > P10-HRN-VNT-VE31,,Sin match puntual; contenedor único por ancestro Project P10-HRN-ENF-EG01.
match_project_revit_preparacion.csv,P10-HRN-VLV-VR24,VALV. ROT. 24 (VE31),asignable_a_contenedor,contenedor_por_ancestro_project,367888,367888,P10 > P10-HRN-LGC-HARINA > P10-HRN-ENF-EG01,P10 > P10-HRN-LGC-HARINA > P10-HRN-ENF-EG01,P10 > P10-HRN-LGC-HARINA > P10-HRN-ENF-EG01 > P10-HRN-VNT-VE31 > P10-HRN-VLV-VR24,P10-HRN-LGC-HARINA > P10-HRN-ENF-EG01 > P10-HRN-VNT-VE31,P10 > P10-HRN-LGC-HARINA > P10-HRN-ENF-EG01 > P10-HRN-VNT-VE31,,Sin match puntual; contenedor único por ancestro Project P10-HRN-ENF-EG01.
match_project_revit_preparacion.csv,P10-HRN-VNT-VE32,VENTILADOR ASPIR. SEC. ENFR.EG01,asignable_a_contenedor,contenedor_por_ancestro_project,367888,367888,P10 > P10-HRN-LGC-HARINA > P10-HRN-ENF-EG01,P10 > P10-HRN-LGC-HARINA > P10-HRN-ENF-EG01,P10 > P10-HRN-LGC-HARINA > P10-HRN-ENF-EG01 > P10-HRN-VNT-VE32,P10-HRN-LGC-HARINA > P10-HRN-ENF-EG01,P10 > P10-HRN-LGC-HARINA > P10-HRN-ENF-EG01,,Sin match puntual; contenedor único por ancestro Project P10-HRN-ENF-EG01.
match_project_revit_preparacion.csv,P10-HRN-CCL-CVE32,CICLON VENTILADOR ASPIR. SEC. ENFR.EG01,asignable_a_contenedor,contenedor_por_ancestro_project,367888,367888,P10 > P10-HRN-LGC-HARINA > P10-HRN-ENF-EG01,P10 > P10-HRN-LGC-HARINA > P10-HRN-ENF-EG01,P10 > P10-HRN-LGC-HARINA > P10-HRN-ENF-EG01 > P10-HRN-VNT-VE32 > P10-HRN-CCL-CVE32,P10-HRN-LGC-HARINA > P10-HRN-ENF-EG01 > P10-HRN-VNT-VE32,P10 > P10-HRN-LGC-HARINA > P10-HRN-ENF-EG01 > P10-HRN-VNT-VE32,,Sin match puntual; contenedor único por ancestro Project P10-HRN-ENF-EG01.
match_project_revit_preparacion.csv,P10-HRN-VLV-VR25,VALV. ROT. 25 (VE32),asignable_a_contenedor,contenedor_por_ancestro_project,367888,367888,P10 > P10-HRN-LGC-HARINA > P10-HRN-ENF-EG01,P10 > P10-HRN-LGC-HARINA > P10-HRN-ENF-EG01,P10 > P10-HRN-LGC-HARINA > P10-HRN-ENF-EG01 > P10-HRN-VNT-VE32 > P10-HRN-VLV-VR25,P10-HRN-LGC-HARINA > P10-HRN-ENF-EG01 > P10-HRN-VNT-VE32,P10 > P10-HRN-LGC-HARINA > P10-HRN-ENF-EG01 > P10-HRN-VNT-VE32,,Sin match puntual; contenedor único por ancestro Project P10-HRN-ENF-EG01.
match_project_revit_preparacion.csv,P10-HRN-VNT-VE33,VENTILADOR ASPIR. SEC. ENFR.EG01,asignable_a_contenedor,contenedor_por_ancestro_project,367888,367888,P10 > P10-HRN-LGC-HARINA > P10-HRN-ENF-EG01,P10 > P10-HRN-LGC-HARINA > P10-HRN-ENF-EG01,P10 > P10-HRN-LGC-HARINA > P10-HRN-ENF-EG01 > P10-HRN-VNT-VE33,P10-HRN-LGC-HARINA > P10-HRN-ENF-EG01,P10 > P10-HRN-LGC-HARINA > P10-HRN-ENF-EG01,,Sin match puntual; contenedor único por ancestro Project P10-HRN-ENF-EG01.
match_project_revit_preparacion.csv,P10-HRN-CCL-CVE33,CICLON VENTILADOR ASPIR. SEC. ENFR.EG01,asignable_a_contenedor,contenedor_por_ancestro_project,367888,367888,P10 > P10-HRN-LGC-HARINA > P10-HRN-ENF-EG01,P10 > P10-HRN-LGC-HARINA > P10-HRN-ENF-EG01,P10 > P10-HRN-LGC-HARINA > P10-HRN-ENF-EG01 > P10-HRN-VNT-VE33 > P10-HRN-CCL-CVE33,P10-HRN-LGC-HARINA > P10-HRN-ENF-EG01 > P10-HRN-VNT-VE33,P10 > P10-HRN-LGC-HARINA > P10-HRN-ENF-EG01 > P10-HRN-VNT-VE33,,Sin match puntual; contenedor único por ancestro Project P10-HRN-ENF-EG01.
match_project_revit_preparacion.csv,P10-HRN-VLV-VR26,VALV. ROT. 26 (VE33),asignable_a_contenedor,contenedor_por_ancestro_project,367888,367888,P10 > P10-HRN-LGC-HARINA > P10-HRN-ENF-EG01,P10 > P10-HRN-LGC-HARINA > P10-HRN-ENF-EG01,P10 > P10-HRN-LGC-HARINA > P10-HRN-ENF-EG01 > P10-HRN-VNT-VE33 > P10-HRN-VLV-VR26,P10-HRN-LGC-HARINA > P10-HRN-ENF-EG01 > P10-HRN-VNT-VE33,P10 > P10-HRN-LGC-HARINA > P10-HRN-ENF-EG01 > P10-HRN-VNT-VE33,,Sin match puntual; contenedor único por ancestro Project P10-HRN-ENF-EG01.
match_project_revit_preparacion.csv,P10-HRN-VNT-VE34,VENTILADOR ASPIR. SEC. ENFR.EG01,asignable_a_contenedor,contenedor_por_ancestro_project,367888,367888,P10 > P10-HRN-LGC-HARINA > P10-HRN-ENF-EG01,P10 > P10-HRN-LGC-HARINA > P10-HRN-ENF-EG01,P10 > P10-HRN-LGC-HARINA > P10-HRN-ENF-EG01 > P10-HRN-VNT-VE34,P10-HRN-LGC-HARINA > P10-HRN-ENF-EG01,P10 > P10-HRN-LGC-HARINA > P10-HRN-ENF-EG01,,Sin match puntual; contenedor único por ancestro Project P10-HRN-ENF-EG01.
match_project_revit_preparacion.csv,P10-HRN-CCL-CVE34,CICLON VENTILADOR ASPIR. SEC. ENFR.EG01,asignable_a_contenedor,contenedor_por_ancestro_project,367888,367888,P10 > P10-HRN-LGC-HARINA > P10-HRN-ENF-EG01,P10 > P10-HRN-LGC-HARINA > P10-HRN-ENF-EG01,P10 > P10-HRN-LGC-HARINA > P10-HRN-ENF-EG01 > P10-HRN-VNT-VE34 > P10-HRN-CCL-CVE34,P10-HRN-LGC-HARINA > P10-HRN-ENF-EG01 > P10-HRN-VNT-VE34,P10 > P10-HRN-LGC-HARINA > P10-HRN-ENF-EG01 > P10-HRN-VNT-VE34,,Sin match puntual; contenedor único por ancestro Project P10-HRN-ENF-EG01.
match_project_revit_preparacion.csv,P10-HRN-VLV-VR27,VALV. ROT. 27 (VE34),asignable_a_contenedor,contenedor_por_ancestro_project,367888,367888,P10 > P10-HRN-LGC-HARINA > P10-HRN-ENF-EG01,P10 > P10-HRN-LGC-HARINA > P10-HRN-ENF-EG01,P10 > P10-HRN-LGC-HARINA > P10-HRN-ENF-EG01 > P10-HRN-VNT-VE34 > P10-HRN-VLV-VR27,P10-HRN-LGC-HARINA > P10-HRN-ENF-EG01 > P10-HRN-VNT-VE34,P10 > P10-HRN-LGC-HARINA > P10-HRN-ENF-EG01 > P10-HRN-VNT-VE34,,Sin match puntual; contenedor único por ancestro Project P10-HRN-ENF-EG01.
match_project_revit_preparacion.csv,P10-HRN-VNT-VE39,VTF AEROTERMOS ENFR.EG01,asignable_a_contenedor,contenedor_por_ancestro_project,367888,367888,P10 > P10-HRN-LGC-HARINA > P10-HRN-ENF-EG01,P10 > P10-HRN-LGC-HARINA > P10-HRN-ENF-EG01,P10 > P10-HRN-LGC-HARINA > P10-HRN-ENF-EG01 > P10-HRN-VNT-VE39,P10-HRN-LGC-HARINA > P10-HRN-ENF-EG01,P10 > P10-HRN-LGC-HARINA > P10-HRN-ENF-EG01,,Sin match puntual; contenedor único por ancestro Project P10-HRN-ENF-EG01.
match_project_revit_preparacion.csv,P10-HRN-ART-ARTVE39,AEROTERMO DE VENTILADOR VE39,asignable_a_contenedor,contenedor_por_ancestro_project,367888,367888,P10 > P10-HRN-LGC-HARINA > P10-HRN-ENF-EG01,P10 > P10-HRN-LGC-HARINA > P10-HRN-ENF-EG01,P10 > P10-HRN-LGC-HARINA > P10-HRN-ENF-EG01 > P10-HRN-VNT-VE39 > P10-HRN-ART-ARTVE39,P10-HRN-LGC-HARINA > P10-HRN-ENF-EG01 > P10-HRN-VNT-VE39,P10 > P10-HRN-LGC-HARINA > P10-HRN-ENF-EG01 > P10-HRN-VNT-VE39,,Sin match puntual; contenedor único por ancestro Project P10-HRN-ENF-EG01.
match_project_revit_preparacion.csv,P10-HRN-VNT-VE40,VTF AEROTERMOS ENFR.EG01,asignable_a_contenedor,contenedor_por_ancestro_project,367888,367888,P10 > P10-HRN-LGC-HARINA > P10-HRN-ENF-EG01,P10 > P10-HRN-LGC-HARINA > P10-HRN-ENF-EG01,P10 > P10-HRN-LGC-HARINA > P10-HRN-ENF-EG01 > P10-HRN-VNT-VE40,P10-HRN-LGC-HARINA > P10-HRN-ENF-EG01,P10 > P10-HRN-LGC-HARINA > P10-HRN-ENF-EG01,,Sin match puntual; contenedor único por ancestro Project P10-HRN-ENF-EG01.
match_project_revit_preparacion.csv,P10-HRN-ART-ARTVE40,AEROTERMO DE VENTILADOR VE40,asignable_a_contenedor,contenedor_por_ancestro_project,367888,367888,P10 > P10-HRN-LGC-HARINA > P10-HRN-ENF-EG01,P10 > P10-HRN-LGC-HARINA > P10-HRN-ENF-EG01,P10 > P10-HRN-LGC-HARINA > P10-HRN-ENF-EG01 > P10-HRN-VNT-VE40 > P10-HRN-ART-ARTVE40,P10-HRN-LGC-HARINA > P10-HRN-ENF-EG01 > P10-HRN-VNT-VE40,P10 > P10-HRN-LGC-HARINA > P10-HRN-ENF-EG01 > P10-HRN-VNT-VE40,,Sin match puntual; contenedor único por ancestro Project P10-HRN-ENF-EG01.
match_project_revit_preparacion.csv,P10-HRN-VNT-VE41,VTF AEROTERMOS ENFR.EG01,asignable_a_contenedor,contenedor_por_ancestro_project,367888,367888,P10 > P10-HRN-LGC-HARINA > P10-HRN-ENF-EG01,P10 > P10-HRN-LGC-HARINA > P10-HRN-ENF-EG01,P10 > P10-HRN-LGC-HARINA > P10-HRN-ENF-EG01 > P10-HRN-VNT-VE41,P10-HRN-LGC-HARINA > P10-HRN-ENF-EG01,P10 > P10-HRN-LGC-HARINA > P10-HRN-ENF-EG01,,Sin match puntual; contenedor único por ancestro Project P10-HRN-ENF-EG01.
match_project_revit_preparacion.csv,P10-HRN-ART-ARTVE41,AEROTERMO DE VENTILADOR VE41,asignable_a_contenedor,contenedor_por_ancestro_project,367888,367888,P10 > P10-HRN-LGC-HARINA > P10-HRN-ENF-EG01,P10 > P10-HRN-LGC-HARINA > P10-HRN-ENF-EG01,P10 > P10-HRN-LGC-HARINA > P10-HRN-ENF-EG01 > P10-HRN-VNT-VE41 > P10-HRN-ART-ARTVE41,P10-HRN-LGC-HARINA > P10-HRN-ENF-EG01 > P10-HRN-VNT-VE41,P10 > P10-HRN-LGC-HARINA > P10-HRN-ENF-EG01 > P10-HRN-VNT-VE41,,Sin match puntual; contenedor único por ancestro Project P10-HRN-ENF-EG01.
match_project_revit_preparacion.csv,P10-HRN-VNT-VE42,VTF AEROTERMOS ENFR.EG01,asignable_a_contenedor,contenedor_por_ancestro_project,367888,367888,P10 > P10-HRN-LGC-HARINA > P10-HRN-ENF-EG01,P10 > P10-HRN-LGC-HARINA > P10-HRN-ENF-EG01,P10 > P10-HRN-LGC-HARINA > P10-HRN-ENF-EG01 > P10-HRN-VNT-VE42,P10-HRN-LGC-HARINA > P10-HRN-ENF-EG01,P10 > P10-HRN-LGC-HARINA > P10-HRN-ENF-EG01,,Sin match puntual; contenedor único por ancestro Project P10-HRN-ENF-EG01.
match_project_revit_preparacion.csv,P10-HRN-ART-ARTVE42,AEROTERMO DE VENTILADOR VE42,asignable_a_contenedor,contenedor_por_ancestro_project,367888,367888,P10 > P10-HRN-LGC-HARINA > P10-HRN-ENF-EG01,P10 > P10-HRN-LGC-HARINA > P10-HRN-ENF-EG01,P10 > P10-HRN-LGC-HARINA > P10-HRN-ENF-EG01 > P10-HRN-VNT-VE42 > P10-HRN-ART-ARTVE42,P10-HRN-LGC-HARINA > P10-HRN-ENF-EG01 > P10-HRN-VNT-VE42,P10 > P10-HRN-LGC-HARINA > P10-HRN-ENF-EG01 > P10-HRN-VNT-VE42,,Sin match puntual; contenedor único por ancestro Project P10-HRN-ENF-EG01.
match_project_revit_preparacion.csv,P10-HRN-VNT-VE43,VTF AEROTERMOS ENFR.EG01,asignable_a_contenedor,contenedor_por_ancestro_project,367888,367888,P10 > P10-HRN-LGC-HARINA > P10-HRN-ENF-EG01,P10 > P10-HRN-LGC-HARINA > P10-HRN-ENF-EG01,P10 > P10-HRN-LGC-HARINA > P10-HRN-ENF-EG01 > P10-HRN-VNT-VE43,P10-HRN-LGC-HARINA > P10-HRN-ENF-EG01,P10 > P10-HRN-LGC-HARINA > P10-HRN-ENF-EG01,,Sin match puntual; contenedor único por ancestro Project P10-HRN-ENF-EG01.
match_project_revit_preparacion.csv,P10-HRN-ART-ARTVE43,AEROTERMO DE VENTILADOR VE43,asignable_a_contenedor,contenedor_por_ancestro_project,367888,367888,P10 > P10-HRN-LGC-HARINA > P10-HRN-ENF-EG01,P10 > P10-HRN-LGC-HARINA > P10-HRN-ENF-EG01,P10 > P10-HRN-LGC-HARINA > P10-HRN-ENF-EG01 > P10-HRN-VNT-VE43 > P10-HRN-ART-ARTVE43,P10-HRN-LGC-HARINA > P10-HRN-ENF-EG01 > P10-HRN-VNT-VE43,P10 > P10-HRN-LGC-HARINA > P10-HRN-ENF-EG01 > P10-HRN-VNT-VE43,,Sin match puntual; contenedor único por ancestro Project P10-HRN-ENF-EG01.
match_project_revit_preparacion.csv,P10-HRN-VNT-VE44,VTF AEROTERMOS ENFR.EG01,asignable_a_contenedor,contenedor_por_ancestro_project,367888,367888,P10 > P10-HRN-LGC-HARINA > P10-HRN-ENF-EG01,P10 > P10-HRN-LGC-HARINA > P10-HRN-ENF-EG01,P10 > P10-HRN-LGC-HARINA > P10-HRN-ENF-EG01 > P10-HRN-VNT-VE44,P10-HRN-LGC-HARINA > P10-HRN-ENF-EG01,P10 > P10-HRN-LGC-HARINA > P10-HRN-ENF-EG01,,Sin match puntual; contenedor único por ancestro Project P10-HRN-ENF-EG01.
match_project_revit_preparacion.csv,P10-HRN-ART-ARTVE44,AEROTERMO DE VENTILADOR VE44,asignable_a_contenedor,contenedor_por_ancestro_project,367888,367888,P10 > P10-HRN-LGC-HARINA > P10-HRN-ENF-EG01,P10 > P10-HRN-LGC-HARINA > P10-HRN-ENF-EG01,P10 > P10-HRN-LGC-HARINA > P10-HRN-ENF-EG01 > P10-HRN-VNT-VE44 > P10-HRN-ART-ARTVE44,P10-HRN-LGC-HARINA > P10-HRN-ENF-EG01 > P10-HRN-VNT-VE44,P10 > P10-HRN-LGC-HARINA > P10-HRN-ENF-EG01 > P10-HRN-VNT-VE44,,Sin match puntual; contenedor único por ancestro Project P10-HRN-ENF-EG01.
match_project_revit_preparacion.csv,P10-HRN-VNT-VE45,VTF AEROTERMOS ENFR.EG01,asignable_a_contenedor,contenedor_por_ancestro_project,367888,367888,P10 > P10-HRN-LGC-HARINA > P10-HRN-ENF-EG01,P10 > P10-HRN-LGC-HARINA > P10-HRN-ENF-EG01,P10 > P10-HRN-LGC-HARINA > P10-HRN-ENF-EG01 > P10-HRN-VNT-VE45,P10-HRN-LGC-HARINA > P10-HRN-ENF-EG01,P10 > P10-HRN-LGC-HARINA > P10-HRN-ENF-EG01,,Sin match puntual; contenedor único por ancestro Project P10-HRN-ENF-EG01.
match_project_revit_preparacion.csv,P10-HRN-ART-ARTVE45,AEROTERMO DE VENTILADOR VE45,asignable_a_contenedor,contenedor_por_ancestro_project,367888,367888,P10 > P10-HRN-LGC-HARINA > P10-HRN-ENF-EG01,P10 > P10-HRN-LGC-HARINA > P10-HRN-ENF-EG01,P10 > P10-HRN-LGC-HARINA > P10-HRN-ENF-EG01 > P10-HRN-VNT-VE45 > P10-HRN-ART-ARTVE45,P10-HRN-LGC-HARINA > P10-HRN-ENF-EG01 > P10-HRN-VNT-VE45,P10 > P10-HRN-LGC-HARINA > P10-HRN-ENF-EG01 > P10-HRN-VNT-VE45,,Sin match puntual; contenedor único por ancestro Project P10-HRN-ENF-EG01.
match_project_revit_preparacion.csv,P10-HRN-VNT-VE46,VTF AEROTERMOS ENFR.EG01,asignable_a_contenedor,contenedor_por_ancestro_project,367888,367888,P10 > P10-HRN-LGC-HARINA > P10-HRN-ENF-EG01,P10 > P10-HRN-LGC-HARINA > P10-HRN-ENF-EG01,P10 > P10-HRN-LGC-HARINA > P10-HRN-ENF-EG01 > P10-HRN-VNT-VE46,P10-HRN-LGC-HARINA > P10-HRN-ENF-EG01,P10 > P10-HRN-LGC-HARINA > P10-HRN-ENF-EG01,,Sin match puntual; contenedor único por ancestro Project P10-HRN-ENF-EG01.
match_project_revit_preparacion.csv,P10-HRN-ART-ARTVE46,AEROTERMO DE VENTILADOR VE46,asignable_a_contenedor,contenedor_por_ancestro_project,367888,367888,P10 > P10-HRN-LGC-HARINA > P10-HRN-ENF-EG01,P10 > P10-HRN-LGC-HARINA > P10-HRN-ENF-EG01,P10 > P10-HRN-LGC-HARINA > P10-HRN-ENF-EG01 > P10-HRN-VNT-VE46 > P10-HRN-ART-ARTVE46,P10-HRN-LGC-HARINA > P10-HRN-ENF-EG01 > P10-HRN-VNT-VE46,P10 > P10-HRN-LGC-HARINA > P10-HRN-ENF-EG01 > P10-HRN-VNT-VE46,,Sin match puntual; contenedor único por ancestro Project P10-HRN-ENF-EG01.
match_project_revit_preparacion.csv,P10-HRN-VNT-VE47,VTF AEROTERMOS ENFR.EG01,asignable_a_contenedor,contenedor_por_ancestro_project,367888,367888,P10 > P10-HRN-LGC-HARINA > P10-HRN-ENF-EG01,P10 > P10-HRN-LGC-HARINA > P10-HRN-ENF-EG01,P10 > P10-HRN-LGC-HARINA > P10-HRN-ENF-EG01 > P10-HRN-VNT-VE47,P10-HRN-LGC-HARINA > P10-HRN-ENF-EG01,P10 > P10-HRN-LGC-HARINA > P10-HRN-ENF-EG01,,Sin match puntual; contenedor único por ancestro Project P10-HRN-ENF-EG01.
match_project_revit_preparacion.csv,P10-HRN-ART-ARTVE47,AEROTERMO DE VENTILADOR VE47,asignable_a_contenedor,contenedor_por_ancestro_project,367888,367888,P10 > P10-HRN-LGC-HARINA > P10-HRN-ENF-EG01,P10 > P10-HRN-LGC-HARINA > P10-HRN-ENF-EG01,P10 > P10-HRN-LGC-HARINA > P10-HRN-ENF-EG01 > P10-HRN-VNT-VE47 > P10-HRN-ART-ARTVE47,P10-HRN-LGC-HARINA > P10-HRN-ENF-EG01 > P10-HRN-VNT-VE47,P10 > P10-HRN-LGC-HARINA > P10-HRN-ENF-EG01 > P10-HRN-VNT-VE47,,Sin match puntual; contenedor único por ancestro Project P10-HRN-ENF-EG01.
match_project_revit_preparacion.csv,P10-HRN-VNT-VE48,VTF AEROTERMOS ENFR.EG01,asignable_a_contenedor,contenedor_por_ancestro_project,367888,367888,P10 > P10-HRN-LGC-HARINA > P10-HRN-ENF-EG01,P10 > P10-HRN-LGC-HARINA > P10-HRN-ENF-EG01,P10 > P10-HRN-LGC-HARINA > P10-HRN-ENF-EG01 > P10-HRN-VNT-VE48,P10-HRN-LGC-HARINA > P10-HRN-ENF-EG01,P10 > P10-HRN-LGC-HARINA > P10-HRN-ENF-EG01,,Sin match puntual; contenedor único por ancestro Project P10-HRN-ENF-EG01.
match_project_revit_preparacion.csv,P10-HRN-ART-ARTVE48,AEROTERMO DE VENTILADOR VE48,asignable_a_contenedor,contenedor_por_ancestro_project,367888,367888,P10 > P10-HRN-LGC-HARINA > P10-HRN-ENF-EG01,P10 > P10-HRN-LGC-HARINA > P10-HRN-ENF-EG01,P10 > P10-HRN-LGC-HARINA > P10-HRN-ENF-EG01 > P10-HRN-VNT-VE48 > P10-HRN-ART-ARTVE48,P10-HRN-LGC-HARINA > P10-HRN-ENF-EG01 > P10-HRN-VNT-VE48,P10 > P10-HRN-LGC-HARINA > P10-HRN-ENF-EG01 > P10-HRN-VNT-VE48,,Sin match puntual; contenedor único por ancestro Project P10-HRN-ENF-EG01.
match_project_revit_preparacion.csv,P10-HRN-VNT-VE49,VTF AEROTERMOS ENFR.EG01,asignable_a_contenedor,contenedor_por_ancestro_project,367888,367888,P10 > P10-HRN-LGC-HARINA > P10-HRN-ENF-EG01,P10 > P10-HRN-LGC-HARINA > P10-HRN-ENF-EG01,P10 > P10-HRN-LGC-HARINA > P10-HRN-ENF-EG01 > P10-HRN-VNT-VE49,P10-HRN-LGC-HARINA > P10-HRN-ENF-EG01,P10 > P10-HRN-LGC-HARINA > P10-HRN-ENF-EG01,,Sin match puntual; contenedor único por ancestro Project P10-HRN-ENF-EG01.
match_project_revit_preparacion.csv,P10-HRN-ART-ARTVE49,AEROTERMO DE VENTILADOR VE49,asignable_a_contenedor,contenedor_por_ancestro_project,367888,367888,P10 > P10-HRN-LGC-HARINA > P10-HRN-ENF-EG01,P10 > P10-HRN-LGC-HARINA > P10-HRN-ENF-EG01,P10 > P10-HRN-LGC-HARINA > P10-HRN-ENF-EG01 > P10-HRN-VNT-VE49 > P10-HRN-ART-ARTVE49,P10-HRN-LGC-HARINA > P10-HRN-ENF-EG01 > P10-HRN-VNT-VE49,P10 > P10-HRN-LGC-HARINA > P10-HRN-ENF-EG01 > P10-HRN-VNT-VE49,,Sin match puntual; contenedor único por ancestro Project P10-HRN-ENF-EG01.
match_project_revit_preparacion.csv,P10-HRN-VNT-VE50,VTF AEROTERMOS ENFR.EG01,asignable_a_contenedor,contenedor_por_ancestro_project,367888,367888,P10 > P10-HRN-LGC-HARINA > P10-HRN-ENF-EG01,P10 > P10-HRN-LGC-HARINA > P10-HRN-ENF-EG01,P10 > P10-HRN-LGC-HARINA > P10-HRN-ENF-EG01 > P10-HRN-VNT-VE50,P10-HRN-LGC-HARINA > P10-HRN-ENF-EG01,P10 > P10-HRN-LGC-HARINA > P10-HRN-ENF-EG01,,Sin match puntual; contenedor único por ancestro Project P10-HRN-ENF-EG01.
match_project_revit_preparacion.csv,P10-HRN-ART-ARTVE50,AEROTERMO DE VENTILADOR VE50,asignable_a_contenedor,contenedor_por_ancestro_project,367888,367888,P10 > P10-HRN-LGC-HARINA > P10-HRN-ENF-EG01,P10 > P10-HRN-LGC-HARINA > P10-HRN-ENF-EG01,P10 > P10-HRN-LGC-HARINA > P10-HRN-ENF-EG01 > P10-HRN-VNT-VE50 > P10-HRN-ART-ARTVE50,P10-HRN-LGC-HARINA > P10-HRN-ENF-EG01 > P10-HRN-VNT-VE50,P10 > P10-HRN-LGC-HARINA > P10-HRN-ENF-EG01 > P10-HRN-VNT-VE50,,Sin match puntual; contenedor único por ancestro Project P10-HRN-ENF-EG01.
match_project_revit_preparacion.csv,P10-HRN-VNT-VE51,VTF AEROTERMOS ENFR.EG01,asignable_a_contenedor,contenedor_por_ancestro_project,367888,367888,P10 > P10-HRN-LGC-HARINA > P10-HRN-ENF-EG01,P10 > P10-HRN-LGC-HARINA > P10-HRN-ENF-EG01,P10 > P10-HRN-LGC-HARINA > P10-HRN-ENF-EG01 > P10-HRN-VNT-VE51,P10-HRN-LGC-HARINA > P10-HRN-ENF-EG01,P10 > P10-HRN-LGC-HARINA > P10-HRN-ENF-EG01,,Sin match puntual; contenedor único por ancestro Project P10-HRN-ENF-EG01.
match_project_revit_preparacion.csv,P10-HRN-ART-ARTVE51,AEROTERMO DE VENTILADOR VE51,asignable_a_contenedor,contenedor_por_ancestro_project,367888,367888,P10 > P10-HRN-LGC-HARINA > P10-HRN-ENF-EG01,P10 > P10-HRN-LGC-HARINA > P10-HRN-ENF-EG01,P10 > P10-HRN-LGC-HARINA > P10-HRN-ENF-EG01 > P10-HRN-VNT-VE51 > P10-HRN-ART-ARTVE51,P10-HRN-LGC-HARINA > P10-HRN-ENF-EG01 > P10-HRN-VNT-VE51,P10 > P10-HRN-LGC-HARINA > P10-HRN-ENF-EG01 > P10-HRN-VNT-VE51,,Sin match puntual; contenedor único por ancestro Project P10-HRN-ENF-EG01.
match_project_revit_preparacion.csv,P10-HRN-VNT-VE52,VTF AEROTERMOS ENFR.EG01,asignable_a_contenedor,contenedor_por_ancestro_project,367888,367888,P10 > P10-HRN-LGC-HARINA > P10-HRN-ENF-EG01,P10 > P10-HRN-LGC-HARINA > P10-HRN-ENF-EG01,P10 > P10-HRN-LGC-HARINA > P10-HRN-ENF-EG01 > P10-HRN-VNT-VE52,P10-HRN-LGC-HARINA > P10-HRN-ENF-EG01,P10 > P10-HRN-LGC-HARINA > P10-HRN-ENF-EG01,,Sin match puntual; contenedor único por ancestro Project P10-HRN-ENF-EG01.
match_project_revit_preparacion.csv,P10-HRN-ART-ARTVE52,AEROTERMO DE VENTILADOR VE52,asignable_a_contenedor,contenedor_por_ancestro_project,367888,367888,P10 > P10-HRN-LGC-HARINA > P10-HRN-ENF-EG01,P10 > P10-HRN-LGC-HARINA > P10-HRN-ENF-EG01,P10 > P10-HRN-LGC-HARINA > P10-HRN-ENF-EG01 > P10-HRN-VNT-VE52 > P10-HRN-ART-ARTVE52,P10-HRN-LGC-HARINA > P10-HRN-ENF-EG01 > P10-HRN-VNT-VE52,P10 > P10-HRN-LGC-HARINA > P10-HRN-ENF-EG01 > P10-HRN-VNT-VE52,,Sin match puntual; contenedor único por ancestro Project P10-HRN-ENF-EG01.
match_project_revit_preparacion.csv,P10-HRN-VNT-VE53,VTF AEROTERMOS ENFR.EG01,asignable_a_contenedor,contenedor_por_ancestro_project,367888,367888,P10 > P10-HRN-LGC-HARINA > P10-HRN-ENF-EG01,P10 > P10-HRN-LGC-HARINA > P10-HRN-ENF-EG01,P10 > P10-HRN-LGC-HARINA > P10-HRN-ENF-EG01 > P10-HRN-VNT-VE53,P10-HRN-LGC-HARINA > P10-HRN-ENF-EG01,P10 > P10-HRN-LGC-HARINA > P10-HRN-ENF-EG01,,Sin match puntual; contenedor único por ancestro Project P10-HRN-ENF-EG01.
match_project_revit_preparacion.csv,P10-HRN-ART-ARTVE53,AEROTERMO DE VENTILADOR VE53,asignable_a_contenedor,contenedor_por_ancestro_project,367888,367888,P10 > P10-HRN-LGC-HARINA > P10-HRN-ENF-EG01,P10 > P10-HRN-LGC-HARINA > P10-HRN-ENF-EG01,P10 > P10-HRN-LGC-HARINA > P10-HRN-ENF-EG01 > P10-HRN-VNT-VE53 > P10-HRN-ART-ARTVE53,P10-HRN-LGC-HARINA > P10-HRN-ENF-EG01 > P10-HRN-VNT-VE53,P10 > P10-HRN-LGC-HARINA > P10-HRN-ENF-EG01 > P10-HRN-VNT-VE53,,Sin match puntual; contenedor único por ancestro Project P10-HRN-ENF-EG01.
match_project_revit_preparacion.csv,P10-HRN-VNT-VE54,VTF AEROTERMOS ENFR.EG01,asignable_a_contenedor,contenedor_por_ancestro_project,367888,367888,P10 > P10-HRN-LGC-HARINA > P10-HRN-ENF-EG01,P10 > P10-HRN-LGC-HARINA > P10-HRN-ENF-EG01,P10 > P10-HRN-LGC-HARINA > P10-HRN-ENF-EG01 > P10-HRN-VNT-VE54,P10-HRN-LGC-HARINA > P10-HRN-ENF-EG01,P10 > P10-HRN-LGC-HARINA > P10-HRN-ENF-EG01,,Sin match puntual; contenedor único por ancestro Project P10-HRN-ENF-EG01.
match_project_revit_preparacion.csv,P10-HRN-ART-ARTVE54,AEROTERMO DE VENTILADOR VE54,asignable_a_contenedor,contenedor_por_ancestro_project,367888,367888,P10 > P10-HRN-LGC-HARINA > P10-HRN-ENF-EG01,P10 > P10-HRN-LGC-HARINA > P10-HRN-ENF-EG01,P10 > P10-HRN-LGC-HARINA > P10-HRN-ENF-EG01 > P10-HRN-VNT-VE54 > P10-HRN-ART-ARTVE54,P10-HRN-LGC-HARINA > P10-HRN-ENF-EG01 > P10-HRN-VNT-VE54,P10 > P10-HRN-LGC-HARINA > P10-HRN-ENF-EG01 > P10-HRN-VNT-VE54,,Sin match puntual; contenedor único por ancestro Project P10-HRN-ENF-EG01.
match_project_revit_preparacion.csv,P10-HRN-VNT-VE55,VTF AEROTERMOS ENFR.EG01,asignable_a_contenedor,contenedor_por_ancestro_project,367888,367888,P10 > P10-HRN-LGC-HARINA > P10-HRN-ENF-EG01,P10 > P10-HRN-LGC-HARINA > P10-HRN-ENF-EG01,P10 > P10-HRN-LGC-HARINA > P10-HRN-ENF-EG01 > P10-HRN-VNT-VE55,P10-HRN-LGC-HARINA > P10-HRN-ENF-EG01,P10 > P10-HRN-LGC-HARINA > P10-HRN-ENF-EG01,,Sin match puntual; contenedor único por ancestro Project P10-HRN-ENF-EG01.
match_project_revit_preparacion.csv,P10-HRN-ART-ARTVE55,AEROTERMO DE VENTILADOR VE55,asignable_a_contenedor,contenedor_por_ancestro_project,367888,367888,P10 > P10-HRN-LGC-HARINA > P10-HRN-ENF-EG01,P10 > P10-HRN-LGC-HARINA > P10-HRN-ENF-EG01,P10 > P10-HRN-LGC-HARINA > P10-HRN-ENF-EG01 > P10-HRN-VNT-VE55 > P10-HRN-ART-ARTVE55,P10-HRN-LGC-HARINA > P10-HRN-ENF-EG01 > P10-HRN-VNT-VE55,P10 > P10-HRN-LGC-HARINA > P10-HRN-ENF-EG01 > P10-HRN-VNT-VE55,,Sin match puntual; contenedor único por ancestro Project P10-HRN-ENF-EG01.
match_project_revit_preparacion.csv,P10-HRN-VNT-VE56,VTF AEROTERMOS ENFR.EG01,asignable_a_contenedor,contenedor_por_ancestro_project,367888,367888,P10 > P10-HRN-LGC-HARINA > P10-HRN-ENF-EG01,P10 > P10-HRN-LGC-HARINA > P10-HRN-ENF-EG01,P10 > P10-HRN-LGC-HARINA > P10-HRN-ENF-EG01 > P10-HRN-VNT-VE56,P10-HRN-LGC-HARINA > P10-HRN-ENF-EG01,P10 > P10-HRN-LGC-HARINA > P10-HRN-ENF-EG01,,Sin match puntual; contenedor único por ancestro Project P10-HRN-ENF-EG01.
match_project_revit_preparacion.csv,P10-HRN-ART-ARTVE56,AEROTERMO DE VENTILADOR VE56,asignable_a_contenedor,contenedor_por_ancestro_project,367888,367888,P10 > P10-HRN-LGC-HARINA > P10-HRN-ENF-EG01,P10 > P10-HRN-LGC-HARINA > P10-HRN-ENF-EG01,P10 > P10-HRN-LGC-HARINA > P10-HRN-ENF-EG01 > P10-HRN-VNT-VE56 > P10-HRN-ART-ARTVE56,P10-HRN-LGC-HARINA > P10-HRN-ENF-EG01 > P10-HRN-VNT-VE56,P10 > P10-HRN-LGC-HARINA > P10-HRN-ENF-EG01 > P10-HRN-VNT-VE56,,Sin match puntual; contenedor único por ancestro Project P10-HRN-ENF-EG01.
match_project_revit_preparacion.csv,P10-HRN-VNT-VE57,VTF AEROTERMOS ENFR.EG01,asignable_a_contenedor,contenedor_por_ancestro_project,367888,367888,P10 > P10-HRN-LGC-HARINA > P10-HRN-ENF-EG01,P10 > P10-HRN-LGC-HARINA > P10-HRN-ENF-EG01,P10 > P10-HRN-LGC-HARINA > P10-HRN-ENF-EG01 > P10-HRN-VNT-VE57,P10-HRN-LGC-HARINA > P10-HRN-ENF-EG01,P10 > P10-HRN-LGC-HARINA > P10-HRN-ENF-EG01,,Sin match puntual; contenedor único por ancestro Project P10-HRN-ENF-EG01.
match_project_revit_preparacion.csv,P10-HRN-ART-ARTVE57,AEROTERMO DE VENTILADOR VE57,asignable_a_contenedor,contenedor_por_ancestro_project,367888,367888,P10 > P10-HRN-LGC-HARINA > P10-HRN-ENF-EG01,P10 > P10-HRN-LGC-HARINA > P10-HRN-ENF-EG01,P10 > P10-HRN-LGC-HARINA > P10-HRN-ENF-EG01 > P10-HRN-VNT-VE57 > P10-HRN-ART-ARTVE57,P10-HRN-LGC-HARINA > P10-HRN-ENF-EG01 > P10-HRN-VNT-VE57,P10 > P10-HRN-LGC-HARINA > P10-HRN-ENF-EG01 > P10-HRN-VNT-VE57,,Sin match puntual; contenedor único por ancestro Project P10-HRN-ENF-EG01.
match_project_revit_preparacion.csv,P10-HRN-VNT-VE58,VTF AEROTERMOS ENFR.EG01,asignable_a_contenedor,contenedor_por_ancestro_project,367888,367888,P10 > P10-HRN-LGC-HARINA > P10-HRN-ENF-EG01,P10 > P10-HRN-LGC-HARINA > P10-HRN-ENF-EG01,P10 > P10-HRN-LGC-HARINA > P10-HRN-ENF-EG01 > P10-HRN-VNT-VE58,P10-HRN-LGC-HARINA > P10-HRN-ENF-EG01,P10 > P10-HRN-LGC-HARINA > P10-HRN-ENF-EG01,,Sin match puntual; contenedor único por ancestro Project P10-HRN-ENF-EG01.
match_project_revit_preparacion.csv,P10-HRN-ART-ARTVE58,AEROTERMO DE VENTILADOR VE58,asignable_a_contenedor,contenedor_por_ancestro_project,367888,367888,P10 > P10-HRN-LGC-HARINA > P10-HRN-ENF-EG01,P10 > P10-HRN-LGC-HARINA > P10-HRN-ENF-EG01,P10 > P10-HRN-LGC-HARINA > P10-HRN-ENF-EG01 > P10-HRN-VNT-VE58 > P10-HRN-ART-ARTVE58,P10-HRN-LGC-HARINA > P10-HRN-ENF-EG01 > P10-HRN-VNT-VE58,P10 > P10-HRN-LGC-HARINA > P10-HRN-ENF-EG01 > P10-HRN-VNT-VE58,,Sin match puntual; contenedor único por ancestro Project P10-HRN-ENF-EG01.
match_project_revit_preparacion.csv,P10-HRN-VNT-VE59,VTF AEROTERMOS ENFR.EG01,asignable_a_contenedor,contenedor_por_ancestro_project,367888,367888,P10 > P10-HRN-LGC-HARINA > P10-HRN-ENF-EG01,P10 > P10-HRN-LGC-HARINA > P10-HRN-ENF-EG01,P10 > P10-HRN-LGC-HARINA > P10-HRN-ENF-EG01 > P10-HRN-VNT-VE59,P10-HRN-LGC-HARINA > P10-HRN-ENF-EG01,P10 > P10-HRN-LGC-HARINA > P10-HRN-ENF-EG01,,Sin match puntual; contenedor único por ancestro Project P10-HRN-ENF-EG01.
match_project_revit_preparacion.csv,P10-HRN-ART-ARTVE59,AEROTERMO DE VENTILADOR VE59,asignable_a_contenedor,contenedor_por_ancestro_project,367888,367888,P10 > P10-HRN-LGC-HARINA > P10-HRN-ENF-EG01,P10 > P10-HRN-LGC-HARINA > P10-HRN-ENF-EG01,P10 > P10-HRN-LGC-HARINA > P10-HRN-ENF-EG01 > P10-HRN-VNT-VE59 > P10-HRN-ART-ARTVE59,P10-HRN-LGC-HARINA > P10-HRN-ENF-EG01 > P10-HRN-VNT-VE59,P10 > P10-HRN-LGC-HARINA > P10-HRN-ENF-EG01 > P10-HRN-VNT-VE59,,Sin match puntual; contenedor único por ancestro Project P10-HRN-ENF-EG01.
match_project_revit_preparacion.csv,P10-HRN-VNT-VE60,VTF AEROTERMOS ENFR.EG01,asignable_a_contenedor,contenedor_por_ancestro_project,367888,367888,P10 > P10-HRN-LGC-HARINA > P10-HRN-ENF-EG01,P10 > P10-HRN-LGC-HARINA > P10-HRN-ENF-EG01,P10 > P10-HRN-LGC-HARINA > P10-HRN-ENF-EG01 > P10-HRN-VNT-VE60,P10-HRN-LGC-HARINA > P10-HRN-ENF-EG01,P10 > P10-HRN-LGC-HARINA > P10-HRN-ENF-EG01,,Sin match puntual; contenedor único por ancestro Project P10-HRN-ENF-EG01.
match_project_revit_preparacion.csv,P10-HRN-ART-ARTVE60,AEROTERMO DE VENTILADOR VE60,asignable_a_contenedor,contenedor_por_ancestro_project,367888,367888,P10 > P10-HRN-LGC-HARINA > P10-HRN-ENF-EG01,P10 > P10-HRN-LGC-HARINA > P10-HRN-ENF-EG01,P10 > P10-HRN-LGC-HARINA > P10-HRN-ENF-EG01 > P10-HRN-VNT-VE60 > P10-HRN-ART-ARTVE60,P10-HRN-LGC-HARINA > P10-HRN-ENF-EG01 > P10-HRN-VNT-VE60,P10 > P10-HRN-LGC-HARINA > P10-HRN-ENF-EG01 > P10-HRN-VNT-VE60,,Sin match puntual; contenedor único por ancestro Project P10-HRN-ENF-EG01.
match_project_revit_preparacion.csv,P10-HRN-VNT-VE61,VTF AEROTERMOS ENFR.EG01,asignable_a_contenedor,contenedor_por_ancestro_project,367888,367888,P10 > P10-HRN-LGC-HARINA > P10-HRN-ENF-EG01,P10 > P10-HRN-LGC-HARINA > P10-HRN-ENF-EG01,P10 > P10-HRN-LGC-HARINA > P10-HRN-ENF-EG01 > P10-HRN-VNT-VE61,P10-HRN-LGC-HARINA > P10-HRN-ENF-EG01,P10 > P10-HRN-LGC-HARINA > P10-HRN-ENF-EG01,,Sin match puntual; contenedor único por ancestro Project P10-HRN-ENF-EG01.
match_project_revit_preparacion.csv,P10-HRN-ART-ARTVE61,AEROTERMO DE VENTILADOR VE61,asignable_a_contenedor,contenedor_por_ancestro_project,367888,367888,P10 > P10-HRN-LGC-HARINA > P10-HRN-ENF-EG01,P10 > P10-HRN-LGC-HARINA > P10-HRN-ENF-EG01,P10 > P10-HRN-LGC-HARINA > P10-HRN-ENF-EG01 > P10-HRN-VNT-VE61 > P10-HRN-ART-ARTVE61,P10-HRN-LGC-HARINA > P10-HRN-ENF-EG01 > P10-HRN-VNT-VE61,P10 > P10-HRN-LGC-HARINA > P10-HRN-ENF-EG01 > P10-HRN-VNT-VE61,,Sin match puntual; contenedor único por ancestro Project P10-HRN-ENF-EG01.
match_project_revit_preparacion.csv,P10-HRN-VNT-VE62,VTF AEROTERMOS ENFR.EG01,asignable_a_contenedor,contenedor_por_ancestro_project,367888,367888,P10 > P10-HRN-LGC-HARINA > P10-HRN-ENF-EG01,P10 > P10-HRN-LGC-HARINA > P10-HRN-ENF-EG01,P10 > P10-HRN-LGC-HARINA > P10-HRN-ENF-EG01 > P10-HRN-VNT-VE62,P10-HRN-LGC-HARINA > P10-HRN-ENF-EG01,P10 > P10-HRN-LGC-HARINA > P10-HRN-ENF-EG01,,Sin match puntual; contenedor único por ancestro Project P10-HRN-ENF-EG01.
match_project_revit_preparacion.csv,P10-HRN-ART-ARTVE62,AEROTERMO DE VENTILADOR VE62,asignable_a_contenedor,contenedor_por_ancestro_project,367888,367888,P10 > P10-HRN-LGC-HARINA > P10-HRN-ENF-EG01,P10 > P10-HRN-LGC-HARINA > P10-HRN-ENF-EG01,P10 > P10-HRN-LGC-HARINA > P10-HRN-ENF-EG01 > P10-HRN-VNT-VE62 > P10-HRN-ART-ARTVE62,P10-HRN-LGC-HARINA > P10-HRN-ENF-EG01 > P10-HRN-VNT-VE62,P10 > P10-HRN-LGC-HARINA > P10-HRN-ENF-EG01 > P10-HRN-VNT-VE62,,Sin match puntual; contenedor único por ancestro Project P10-HRN-ENF-EG01.
match_project_revit_preparacion.csv,P10-HRN-VNT-VE63,VTF AEROTERMOS ENFR.EG01,asignable_a_contenedor,contenedor_por_ancestro_project,367888,367888,P10 > P10-HRN-LGC-HARINA > P10-HRN-ENF-EG01,P10 > P10-HRN-LGC-HARINA > P10-HRN-ENF-EG01,P10 > P10-HRN-LGC-HARINA > P10-HRN-ENF-EG01 > P10-HRN-VNT-VE63,P10-HRN-LGC-HARINA > P10-HRN-ENF-EG01,P10 > P10-HRN-LGC-HARINA > P10-HRN-ENF-EG01,,Sin match puntual; contenedor único por ancestro Project P10-HRN-ENF-EG01.
match_project_revit_preparacion.csv,P10-HRN-ART-ARTVE63,AEROTERMO DE VENTILADOR VE63,asignable_a_contenedor,contenedor_por_ancestro_project,367888,367888,P10 > P10-HRN-LGC-HARINA > P10-HRN-ENF-EG01,P10 > P10-HRN-LGC-HARINA > P10-HRN-ENF-EG01,P10 > P10-HRN-LGC-HARINA > P10-HRN-ENF-EG01 > P10-HRN-VNT-VE63 > P10-HRN-ART-ARTVE63,P10-HRN-LGC-HARINA > P10-HRN-ENF-EG01 > P10-HRN-VNT-VE63,P10 > P10-HRN-LGC-HARINA > P10-HRN-ENF-EG01 > P10-HRN-VNT-VE63,,Sin match puntual; contenedor único por ancestro Project P10-HRN-ENF-EG01.
match_project_revit_preparacion.csv,P10-PRP-LGC-PREPARACION,SECTOR PREPARACION P10,duplicado,elemento_puntual,281220,,P10 > P10-PRP-LGC-PREPARACION > P10-PRP-LGC-EXPANDIDO,,P10 > P10-PRP-LGC-PREPARACION,,P10,,7 elementos Revit contienen el código exacto. | no aparece en asociacion_contenedor_hijos_final_p10.csv
match_project_revit_preparacion.csv,P10-PRP-LGC-PREPARACION,SECTOR PREPARACION P10,duplicado,elemento_puntual,281343,,P10 > P10-PRP-LGC-PREPARACION > P10-PRP-LGC-LAMINADORES,,P10 > P10-PRP-LGC-PREPARACION,,P10,,7 elementos Revit contienen el código exacto. | no aparece en asociacion_contenedor_hijos_final_p10.csv
match_project_revit_preparacion.csv,P10-PRP-RDL-R12,REDLER R12 SOBRE LAMINADORES SUR,contenedor_duplicado,contenedor_por_ancestro_project,281815,281815,P10 > P10-PRP-LGC-PREPARACION > P10-PRP-LGC-REDLER,P10 > P10-PRP-LGC-PREPARACION > P10-PRP-LGC-REDLER,P10 > P10-PRP-LGC-PREPARACION > P10-PRP-LGC-REDLER > P10-PRP-RDL-R12,P10-PRP-LGC-PREPARACION > P10-PRP-LGC-REDLER,P10 > P10-PRP-LGC-PREPARACION > P10-PRP-LGC-REDLER,,Ancestro Project P10-PRP-LGC-REDLER aparece en 3 contenedores. | no aparece en asociacion_contenedor_hijos_final_p10.csv
match_project_revit_preparacion.csv,P10-PRP-RDL-R13,REDLER R13 SOBRE LAMINADORES NORTE,contenedor_duplicado,contenedor_por_ancestro_project,281815,281815,P10 > P10-PRP-LGC-PREPARACION > P10-PRP-LGC-REDLER,P10 > P10-PRP-LGC-PREPARACION > P10-PRP-LGC-REDLER,P10 > P10-PRP-LGC-PREPARACION > P10-PRP-LGC-REDLER > P10-PRP-RDL-R13,P10-PRP-LGC-PREPARACION > P10-PRP-LGC-REDLER,P10 > P10-PRP-LGC-PREPARACION > P10-PRP-LGC-REDLER,,Ancestro Project P10-PRP-LGC-REDLER aparece en 3 contenedores. | no aparece en asociacion_contenedor_hijos_final_p10.csv
match_project_revit_preparacion.csv,P10-PRP-RDL-R14,REDLER R14 BAJO LAMINADORES SUR,contenedor_duplicado,contenedor_por_ancestro_project,281815,281815,P10 > P10-PRP-LGC-PREPARACION > P10-PRP-LGC-REDLER,P10 > P10-PRP-LGC-PREPARACION > P10-PRP-LGC-REDLER,P10 > P10-PRP-LGC-PREPARACION > P10-PRP-LGC-REDLER > P10-PRP-RDL-R14,P10-PRP-LGC-PREPARACION > P10-PRP-LGC-REDLER,P10 > P10-PRP-LGC-PREPARACION > P10-PRP-LGC-REDLER,,Ancestro Project P10-PRP-LGC-REDLER aparece en 3 contenedores. | no aparece en asociacion_contenedor_hijos_final_p10.csv
match_project_revit_preparacion.csv,P10-PRP-RDL-R15,REDLER R15 BAJO LAMINADORES NORTE,contenedor_duplicado,contenedor_por_ancestro_project,281815,281815,P10 > P10-PRP-LGC-PREPARACION > P10-PRP-LGC-REDLER,P10 > P10-PRP-LGC-PREPARACION > P10-PRP-LGC-REDLER,P10 > P10-PRP-LGC-PREPARACION > P10-PRP-LGC-REDLER > P10-PRP-RDL-R15,P10-PRP-LGC-PREPARACION > P10-PRP-LGC-REDLER,P10 > P10-PRP-LGC-PREPARACION > P10-PRP-LGC-REDLER,,Ancestro Project P10-PRP-LGC-REDLER aparece en 3 contenedores. | no aparece en asociacion_contenedor_hijos_final_p10.csv
match_project_revit_preparacion.csv,P10-PRP-VLV-VSBH01,VALVULA DE SEGURIDAD BH01,contenedor_duplicado,contenedor_por_ancestro_project,281069,281069,P10 > P10-PRP-LGC-PREPARACION > P10-PRP-LGC-QUEBRADORES,P10 > P10-PRP-LGC-PREPARACION > P10-PRP-LGC-QUEBRADORES,P10 > P10-PRP-LGC-PREPARACION > P10-PRP-LGC-BEAN HEATER > P10-PRP-BHT-BH01 > P10-PRP-VLV-VSBH01,P10-PRP-LGC-PREPARACION > P10-PRP-LGC-BEAN > P10-PRP-BHT-BH01,P10 > P10-PRP-LGC-PREPARACION > P10-PRP-LGC-BEAN HEATER > P10-PRP-BHT-BH01,,Ancestro Project P10-PRP-LGC-PREPARACION aparece en 7 contenedores. | no aparece en asociacion_contenedor_hijos_final_p10.csv
match_project_revit_preparacion.csv,P10-PRP-VLV-VSBH02,VALVULA DE SEGURIDAD BH02,contenedor_duplicado,contenedor_por_ancestro_project,281069,281069,P10 > P10-PRP-LGC-PREPARACION > P10-PRP-LGC-QUEBRADORES,P10 > P10-PRP-LGC-PREPARACION > P10-PRP-LGC-QUEBRADORES,P10 > P10-PRP-LGC-PREPARACION > P10-PRP-LGC-BEAN HEATER > P10-PRP-BHT-BH02 > P10-PRP-VLV-VSBH02,P10-PRP-LGC-PREPARACION > P10-PRP-LGC-BEAN > P10-PRP-BHT-BH02,P10 > P10-PRP-LGC-PREPARACION > P10-PRP-LGC-BEAN HEATER > P10-PRP-BHT-BH02,,Ancestro Project P10-PRP-LGC-PREPARACION aparece en 7 contenedores. | no aparece en asociacion_contenedor_hijos_final_p10.csv
match_project_revit_preparacion.csv,P10-PRP-VLV-VSBH03,VALVULA DE SEGURIDAD BH03,contenedor_duplicado,contenedor_por_ancestro_project,281069,281069,P10 > P10-PRP-LGC-PREPARACION > P10-PRP-LGC-QUEBRADORES,P10 > P10-PRP-LGC-PREPARACION > P10-PRP-LGC-QUEBRADORES,P10 > P10-PRP-LGC-PREPARACION > P10-PRP-LGC-BEAN HEATER > P10-PRP-BHT-BH03 > P10-PRP-VLV-VSBH03,P10-PRP-LGC-PREPARACION > P10-PRP-LGC-BEAN > P10-PRP-BHT-BH03,P10 > P10-PRP-LGC-PREPARACION > P10-PRP-LGC-BEAN HEATER > P10-PRP-BHT-BH03,,Ancestro Project P10-PRP-LGC-PREPARACION aparece en 7 contenedores. | no aparece en asociacion_contenedor_hijos_final_p10.csv
match_project_revit_preparacion.csv,P10-PRP-LGC-EXPANDIDO,SECTOR EXPANDIDO P10,match_elemento_puntual,elemento_puntual,281220,,P10 > P10-PRP-LGC-PREPARACION > P10-PRP-LGC-EXPANDIDO,,P10 > P10-PRP-LGC-PREPARACION > P10-PRP-LGC-EXPANDIDO,P10-PRP-LGC-PREPARACION,P10 > P10-PRP-LGC-PREPARACION,,Coincidencia exacta única con elemento Revit. | no aparece en asociacion_contenedor_hijos_final_p10.csv
match_project_revit_preparacion.csv,P10-PRP-ENF-EE01,ENFRIADOR EXPANDIDO 01,asignable_a_contenedor,contenedor_por_ancestro_project,281220,281220,P10 > P10-PRP-LGC-PREPARACION > P10-PRP-LGC-EXPANDIDO,P10 > P10-PRP-LGC-PREPARACION > P10-PRP-LGC-EXPANDIDO,P10 > P10-PRP-LGC-PREPARACION > P10-PRP-LGC-EXPANDIDO > P10-PRP-ENF-EE01,P10-PRP-LGC-PREPARACION > P10-PRP-LGC-EXPANDIDO,P10 > P10-PRP-LGC-PREPARACION > P10-PRP-LGC-EXPANDIDO,,Sin match puntual; contenedor único por ancestro Project P10-PRP-LGC-EXPANDIDO.
match_project_revit_preparacion.csv,P10-PRP-VLV-VREE1,VALV ROT DESCARGA SEC ENFR EXPANDIDO,asignable_a_contenedor,contenedor_por_ancestro_project,281220,281220,P10 > P10-PRP-LGC-PREPARACION > P10-PRP-LGC-EXPANDIDO,P10 > P10-PRP-LGC-PREPARACION > P10-PRP-LGC-EXPANDIDO,P10 > P10-PRP-LGC-PREPARACION > P10-PRP-LGC-EXPANDIDO > P10-PRP-ENF-EE01 > P10-PRP-VLV-VREE1,P10-PRP-LGC-PREPARACION > P10-PRP-LGC-EXPANDIDO > P10-PRP-ENF-EE01,P10 > P10-PRP-LGC-PREPARACION > P10-PRP-LGC-EXPANDIDO > P10-PRP-ENF-EE01,,Sin match puntual; contenedor único por ancestro Project P10-PRP-LGC-EXPANDIDO.
match_project_revit_preparacion.csv,P10-PRP-VNT-VE21,VENTILADOR DE ASP. ENFRIADOR DE EXP. EE01,asignable_a_contenedor,contenedor_por_ancestro_project,281220,281220,P10 > P10-PRP-LGC-PREPARACION > P10-PRP-LGC-EXPANDIDO,P10 > P10-PRP-LGC-PREPARACION > P10-PRP-LGC-EXPANDIDO,P10 > P10-PRP-LGC-PREPARACION > P10-PRP-LGC-EXPANDIDO > P10-PRP-ENF-EE01 > P10-PRP-VNT-VE21,P10-PRP-LGC-PREPARACION > P10-PRP-LGC-EXPANDIDO > P10-PRP-ENF-EE01,P10 > P10-PRP-LGC-PREPARACION > P10-PRP-LGC-EXPANDIDO > P10-PRP-ENF-EE01,,Sin match puntual; contenedor único por ancestro Project P10-PRP-LGC-EXPANDIDO.
match_project_revit_preparacion.csv,P10-PRP-VNT-VE22,VENTILADOR DE ASP. ENFRIADOR DE EXP. EE01,asignable_a_contenedor,contenedor_por_ancestro_project,281220,281220,P10 > P10-PRP-LGC-PREPARACION > P10-PRP-LGC-EXPANDIDO,P10 > P10-PRP-LGC-PREPARACION > P10-PRP-LGC-EXPANDIDO,P10 > P10-PRP-LGC-PREPARACION > P10-PRP-LGC-EXPANDIDO > P10-PRP-ENF-EE01 > P10-PRP-VNT-VE22,P10-PRP-LGC-PREPARACION > P10-PRP-LGC-EXPANDIDO > P10-PRP-ENF-EE01,P10 > P10-PRP-LGC-PREPARACION > P10-PRP-LGC-EXPANDIDO > P10-PRP-ENF-EE01,,Sin match puntual; contenedor único por ancestro Project P10-PRP-LGC-EXPANDIDO.
match_project_revit_preparacion.csv,P10-PRP-VNT-VE23,VENTILADOR DE ASP. ENFRIADOR DE EXP. EE01,asignable_a_contenedor,contenedor_por_ancestro_project,281220,281220,P10 > P10-PRP-LGC-PREPARACION > P10-PRP-LGC-EXPANDIDO,P10 > P10-PRP-LGC-PREPARACION > P10-PRP-LGC-EXPANDIDO,P10 > P10-PRP-LGC-PREPARACION > P10-PRP-LGC-EXPANDIDO > P10-PRP-ENF-EE01 > P10-PRP-VNT-VE23,P10-PRP-LGC-PREPARACION > P10-PRP-LGC-EXPANDIDO > P10-PRP-ENF-EE01,P10 > P10-PRP-LGC-PREPARACION > P10-PRP-LGC-EXPANDIDO > P10-PRP-ENF-EE01,,Sin match puntual; contenedor único por ancestro Project P10-PRP-LGC-EXPANDIDO.
match_project_revit_preparacion.csv,P10-PRP-VNT-VE24,VENTILADOR DE ASP. ENFRIADOR DE EXP. EE01,asignable_a_contenedor,contenedor_por_ancestro_project,281220,281220,P10 > P10-PRP-LGC-PREPARACION > P10-PRP-LGC-EXPANDIDO,P10 > P10-PRP-LGC-PREPARACION > P10-PRP-LGC-EXPANDIDO,P10 > P10-PRP-LGC-PREPARACION > P10-PRP-LGC-EXPANDIDO > P10-PRP-ENF-EE01 > P10-PRP-VNT-VE24,P10-PRP-LGC-PREPARACION > P10-PRP-LGC-EXPANDIDO > P10-PRP-ENF-EE01,P10 > P10-PRP-LGC-PREPARACION > P10-PRP-LGC-EXPANDIDO > P10-PRP-ENF-EE01,,Sin match puntual; contenedor único por ancestro Project P10-PRP-LGC-EXPANDIDO.
match_project_revit_preparacion.csv,P10-PRP-VNT-VE25,VENTILADOR DE ASP. ENFRIADOR DE EXP. EE01,asignable_a_contenedor,contenedor_por_ancestro_project,281220,281220,P10 > P10-PRP-LGC-PREPARACION > P10-PRP-LGC-EXPANDIDO,P10 > P10-PRP-LGC-PREPARACION > P10-PRP-LGC-EXPANDIDO,P10 > P10-PRP-LGC-PREPARACION > P10-PRP-LGC-EXPANDIDO > P10-PRP-ENF-EE01 > P10-PRP-VNT-VE25,P10-PRP-LGC-PREPARACION > P10-PRP-LGC-EXPANDIDO > P10-PRP-ENF-EE01,P10 > P10-PRP-LGC-PREPARACION > P10-PRP-LGC-EXPANDIDO > P10-PRP-ENF-EE01,,Sin match puntual; contenedor único por ancestro Project P10-PRP-LGC-EXPANDIDO.
match_project_revit_preparacion.csv,P10-PRP-VNT-VE26,VENTILADOR DE ASP. ENFRIADOR DE EXP. EE01,asignable_a_contenedor,contenedor_por_ancestro_project,281220,281220,P10 > P10-PRP-LGC-PREPARACION > P10-PRP-LGC-EXPANDIDO,P10 > P10-PRP-LGC-PREPARACION > P10-PRP-LGC-EXPANDIDO,P10 > P10-PRP-LGC-PREPARACION > P10-PRP-LGC-EXPANDIDO > P10-PRP-ENF-EE01 > P10-PRP-VNT-VE26,P10-PRP-LGC-PREPARACION > P10-PRP-LGC-EXPANDIDO > P10-PRP-ENF-EE01,P10 > P10-PRP-LGC-PREPARACION > P10-PRP-LGC-EXPANDIDO > P10-PRP-ENF-EE01,,Sin match puntual; contenedor único por ancestro Project P10-PRP-LGC-EXPANDIDO.
match_project_revit_preparacion.csv,P10-PRP-VNT-VTEE01,VENTILADOR TOLVA ENFRIADOR EXPANDIDO 1 BAHOS,asignable_a_contenedor,contenedor_por_ancestro_project,281220,281220,P10 > P10-PRP-LGC-PREPARACION > P10-PRP-LGC-EXPANDIDO,P10 > P10-PRP-LGC-PREPARACION > P10-PRP-LGC-EXPANDIDO,P10 > P10-PRP-LGC-PREPARACION > P10-PRP-LGC-EXPANDIDO > P10-PRP-ENF-EE01 > P10-PRP-VNT-VTEE01,P10-PRP-LGC-PREPARACION > P10-PRP-LGC-EXPANDIDO > P10-PRP-ENF-EE01,P10 > P10-PRP-LGC-PREPARACION > P10-PRP-LGC-EXPANDIDO > P10-PRP-ENF-EE01,,Sin match puntual; contenedor único por ancestro Project P10-PRP-LGC-EXPANDIDO.
match_project_revit_preparacion.csv,P10-PRP-ENF-EE02,ENFRIADOR EXPANDIDO 02,asignable_a_contenedor,contenedor_por_ancestro_project,281220,281220,P10 > P10-PRP-LGC-PREPARACION > P10-PRP-LGC-EXPANDIDO,P10 > P10-PRP-LGC-PREPARACION > P10-PRP-LGC-EXPANDIDO,P10 > P10-PRP-LGC-PREPARACION > P10-PRP-LGC-EXPANDIDO > P10-PRP-ENF-EE02,P10-PRP-LGC-PREPARACION > P10-PRP-LGC-EXPANDIDO,P10 > P10-PRP-LGC-PREPARACION > P10-PRP-LGC-EXPANDIDO,,Sin match puntual; contenedor único por ancestro Project P10-PRP-LGC-EXPANDIDO.
match_project_revit_preparacion.csv,P10-PRP-VLV-VREE2,VALV ROT DESCARGA SEC ENFR EXPANDIDO,asignable_a_contenedor,contenedor_por_ancestro_project,281220,281220,P10 > P10-PRP-LGC-PREPARACION > P10-PRP-LGC-EXPANDIDO,P10 > P10-PRP-LGC-PREPARACION > P10-PRP-LGC-EXPANDIDO,P10 > P10-PRP-LGC-PREPARACION > P10-PRP-LGC-EXPANDIDO > P10-PRP-ENF-EE02 > P10-PRP-VLV-VREE2,P10-PRP-LGC-PREPARACION > P10-PRP-LGC-EXPANDIDO > P10-PRP-ENF-EE02,P10 > P10-PRP-LGC-PREPARACION > P10-PRP-LGC-EXPANDIDO > P10-PRP-ENF-EE02,,Sin match puntual; contenedor único por ancestro Project P10-PRP-LGC-EXPANDIDO.
match_project_revit_preparacion.csv,P10-PRP-VNT-VE15,VENTILADOR DE ASP. ENFRIADOR DE EXP. EE02,asignable_a_contenedor,contenedor_por_ancestro_project,281220,281220,P10 > P10-PRP-LGC-PREPARACION > P10-PRP-LGC-EXPANDIDO,P10 > P10-PRP-LGC-PREPARACION > P10-PRP-LGC-EXPANDIDO,P10 > P10-PRP-LGC-PREPARACION > P10-PRP-LGC-EXPANDIDO > P10-PRP-ENF-EE02 > P10-PRP-VNT-VE15,P10-PRP-LGC-PREPARACION > P10-PRP-LGC-EXPANDIDO > P10-PRP-ENF-EE02,P10 > P10-PRP-LGC-PREPARACION > P10-PRP-LGC-EXPANDIDO > P10-PRP-ENF-EE02,,Sin match puntual; contenedor único por ancestro Project P10-PRP-LGC-EXPANDIDO.
match_project_revit_preparacion.csv,P10-PRP-VNT-VE16,VENTILADOR DE ASP. ENFRIADOR DE EXP. EE02,asignable_a_contenedor,contenedor_por_ancestro_project,281220,281220,P10 > P10-PRP-LGC-PREPARACION > P10-PRP-LGC-EXPANDIDO,P10 > P10-PRP-LGC-PREPARACION > P10-PRP-LGC-EXPANDIDO,P10 > P10-PRP-LGC-PREPARACION > P10-PRP-LGC-EXPANDIDO > P10-PRP-ENF-EE02 > P10-PRP-VNT-VE16,P10-PRP-LGC-PREPARACION > P10-PRP-LGC-EXPANDIDO > P10-PRP-ENF-EE02,P10 > P10-PRP-LGC-PREPARACION > P10-PRP-LGC-EXPANDIDO > P10-PRP-ENF-EE02,,Sin match puntual; contenedor único por ancestro Project P10-PRP-LGC-EXPANDIDO.
match_project_revit_preparacion.csv,P10-PRP-VNT-VE17,VENTILADOR DE ASP. ENFRIADOR DE EXP. EE02,asignable_a_contenedor,contenedor_por_ancestro_project,281220,281220,P10 > P10-PRP-LGC-PREPARACION > P10-PRP-LGC-EXPANDIDO,P10 > P10-PRP-LGC-PREPARACION > P10-PRP-LGC-EXPANDIDO,P10 > P10-PRP-LGC-PREPARACION > P10-PRP-LGC-EXPANDIDO > P10-PRP-ENF-EE02 > P10-PRP-VNT-VE17,P10-PRP-LGC-PREPARACION > P10-PRP-LGC-EXPANDIDO > P10-PRP-ENF-EE02,P10 > P10-PRP-LGC-PREPARACION > P10-PRP-LGC-EXPANDIDO > P10-PRP-ENF-EE02,,Sin match puntual; contenedor único por ancestro Project P10-PRP-LGC-EXPANDIDO.
match_project_revit_preparacion.csv,P10-PRP-VNT-VE18,VENTILADOR DE ASP. ENFRIADOR DE EXP. EE02,asignable_a_contenedor,contenedor_por_ancestro_project,281220,281220,P10 > P10-PRP-LGC-PREPARACION > P10-PRP-LGC-EXPANDIDO,P10 > P10-PRP-LGC-PREPARACION > P10-PRP-LGC-EXPANDIDO,P10 > P10-PRP-LGC-PREPARACION > P10-PRP-LGC-EXPANDIDO > P10-PRP-ENF-EE02 > P10-PRP-VNT-VE18,P10-PRP-LGC-PREPARACION > P10-PRP-LGC-EXPANDIDO > P10-PRP-ENF-EE02,P10 > P10-PRP-LGC-PREPARACION > P10-PRP-LGC-EXPANDIDO > P10-PRP-ENF-EE02,,Sin match puntual; contenedor único por ancestro Project P10-PRP-LGC-EXPANDIDO.
match_project_revit_preparacion.csv,P10-PRP-VNT-VE19,VENTILADOR DE ASP. ENFRIADOR DE EXP. EE02,asignable_a_contenedor,contenedor_por_ancestro_project,281220,281220,P10 > P10-PRP-LGC-PREPARACION > P10-PRP-LGC-EXPANDIDO,P10 > P10-PRP-LGC-PREPARACION > P10-PRP-LGC-EXPANDIDO,P10 > P10-PRP-LGC-PREPARACION > P10-PRP-LGC-EXPANDIDO > P10-PRP-ENF-EE02 > P10-PRP-VNT-VE19,P10-PRP-LGC-PREPARACION > P10-PRP-LGC-EXPANDIDO > P10-PRP-ENF-EE02,P10 > P10-PRP-LGC-PREPARACION > P10-PRP-LGC-EXPANDIDO > P10-PRP-ENF-EE02,,Sin match puntual; contenedor único por ancestro Project P10-PRP-LGC-EXPANDIDO.
match_project_revit_preparacion.csv,P10-PRP-VNT-VE20,VENTILADOR DE ASP. ENFRIADOR DE EXP. EE02,asignable_a_contenedor,contenedor_por_ancestro_project,281220,281220,P10 > P10-PRP-LGC-PREPARACION > P10-PRP-LGC-EXPANDIDO,P10 > P10-PRP-LGC-PREPARACION > P10-PRP-LGC-EXPANDIDO,P10 > P10-PRP-LGC-PREPARACION > P10-PRP-LGC-EXPANDIDO > P10-PRP-ENF-EE02 > P10-PRP-VNT-VE20,P10-PRP-LGC-PREPARACION > P10-PRP-LGC-EXPANDIDO > P10-PRP-ENF-EE02,P10 > P10-PRP-LGC-PREPARACION > P10-PRP-LGC-EXPANDIDO > P10-PRP-ENF-EE02,,Sin match puntual; contenedor único por ancestro Project P10-PRP-LGC-EXPANDIDO.
match_project_revit_preparacion.csv,P10-PRP-VNT-VTEE02,VENTILADOR TOLVA ENFRIADOR EXPANDIDO 2 BAHOS,asignable_a_contenedor,contenedor_por_ancestro_project,281220,281220,P10 > P10-PRP-LGC-PREPARACION > P10-PRP-LGC-EXPANDIDO,P10 > P10-PRP-LGC-PREPARACION > P10-PRP-LGC-EXPANDIDO,P10 > P10-PRP-LGC-PREPARACION > P10-PRP-LGC-EXPANDIDO > P10-PRP-ENF-EE02 > P10-PRP-VNT-VTEE02,P10-PRP-LGC-PREPARACION > P10-PRP-LGC-EXPANDIDO > P10-PRP-ENF-EE02,P10 > P10-PRP-LGC-PREPARACION > P10-PRP-LGC-EXPANDIDO > P10-PRP-ENF-EE02,,Sin match puntual; contenedor único por ancestro Project P10-PRP-LGC-EXPANDIDO.
match_project_revit_preparacion.csv,P10-PRP-EXP-E01,EXPANDER E01,asignable_a_contenedor,contenedor_por_ancestro_project,281220,281220,P10 > P10-PRP-LGC-PREPARACION > P10-PRP-LGC-EXPANDIDO,P10 > P10-PRP-LGC-PREPARACION > P10-PRP-LGC-EXPANDIDO,P10 > P10-PRP-LGC-PREPARACION > P10-PRP-LGC-EXPANDIDO > P10-PRP-EXP-E01,P10-PRP-LGC-PREPARACION > P10-PRP-LGC-EXPANDIDO,P10 > P10-PRP-LGC-PREPARACION > P10-PRP-LGC-EXPANDIDO,,Sin match puntual; contenedor único por ancestro Project P10-PRP-LGC-EXPANDIDO.
match_project_revit_preparacion.csv,P10-PRP-ALM-AE01,ALIM. EXPANDER E01,asignable_a_contenedor,contenedor_por_ancestro_project,281220,281220,P10 > P10-PRP-LGC-PREPARACION > P10-PRP-LGC-EXPANDIDO,P10 > P10-PRP-LGC-PREPARACION > P10-PRP-LGC-EXPANDIDO,P10 > P10-PRP-LGC-PREPARACION > P10-PRP-LGC-EXPANDIDO > P10-PRP-EXP-E01 > P10-PRP-ALM-AE01,P10-PRP-LGC-PREPARACION > P10-PRP-LGC-EXPANDIDO > P10-PRP-EXP-E01,P10 > P10-PRP-LGC-PREPARACION > P10-PRP-LGC-EXPANDIDO > P10-PRP-EXP-E01,,Sin match puntual; contenedor único por ancestro Project P10-PRP-LGC-EXPANDIDO.
match_project_revit_preparacion.csv,P10-PRP-BMB-EBLI01,BOMBA ACEITE LUBRICACION RODAMIENTO,asignable_a_contenedor,contenedor_por_ancestro_project,281220,281220,P10 > P10-PRP-LGC-PREPARACION > P10-PRP-LGC-EXPANDIDO,P10 > P10-PRP-LGC-PREPARACION > P10-PRP-LGC-EXPANDIDO,P10 > P10-PRP-LGC-PREPARACION > P10-PRP-LGC-EXPANDIDO > P10-PRP-EXP-E01 > P10-PRP-BMB-EBLI01,P10-PRP-LGC-PREPARACION > P10-PRP-LGC-EXPANDIDO > P10-PRP-EXP-E01,P10 > P10-PRP-LGC-PREPARACION > P10-PRP-LGC-EXPANDIDO > P10-PRP-EXP-E01,,Sin match puntual; contenedor único por ancestro Project P10-PRP-LGC-EXPANDIDO.
match_project_revit_preparacion.csv,P10-PRP-BMB-EBLE01,BOMBA ACEITE REFRIGERACION REDUCTOR E01,asignable_a_contenedor,contenedor_por_ancestro_project,281220,281220,P10 > P10-PRP-LGC-PREPARACION > P10-PRP-LGC-EXPANDIDO,P10 > P10-PRP-LGC-PREPARACION > P10-PRP-LGC-EXPANDIDO,P10 > P10-PRP-LGC-PREPARACION > P10-PRP-LGC-EXPANDIDO > P10-PRP-EXP-E01 > P10-PRP-BMB-EBLE01,P10-PRP-LGC-PREPARACION > P10-PRP-LGC-EXPANDIDO > P10-PRP-EXP-E01,P10 > P10-PRP-LGC-PREPARACION > P10-PRP-LGC-EXPANDIDO > P10-PRP-EXP-E01,,Sin match puntual; contenedor único por ancestro Project P10-PRP-LGC-EXPANDIDO.
match_project_revit_preparacion.csv,P10-PRP-VNT-VRA01,VENTIALDOR RECIRCULACION ACEITE EXPANDER E01,asignable_a_contenedor,contenedor_por_ancestro_project,281220,281220,P10 > P10-PRP-LGC-PREPARACION > P10-PRP-LGC-EXPANDIDO,P10 > P10-PRP-LGC-PREPARACION > P10-PRP-LGC-EXPANDIDO,P10 > P10-PRP-LGC-PREPARACION > P10-PRP-LGC-EXPANDIDO > P10-PRP-EXP-E01 > P10-PRP-VNT-VRA01,P10-PRP-LGC-PREPARACION > P10-PRP-LGC-EXPANDIDO > P10-PRP-EXP-E01,P10 > P10-PRP-LGC-PREPARACION > P10-PRP-LGC-EXPANDIDO > P10-PRP-EXP-E01,,Sin match puntual; contenedor único por ancestro Project P10-PRP-LGC-EXPANDIDO.
match_project_revit_preparacion.csv,P10-PRP-EXP-E02,EXPANDER E02,asignable_a_contenedor,contenedor_por_ancestro_project,281220,281220,P10 > P10-PRP-LGC-PREPARACION > P10-PRP-LGC-EXPANDIDO,P10 > P10-PRP-LGC-PREPARACION > P10-PRP-LGC-EXPANDIDO,P10 > P10-PRP-LGC-PREPARACION > P10-PRP-LGC-EXPANDIDO > P10-PRP-EXP-E02,P10-PRP-LGC-PREPARACION > P10-PRP-LGC-EXPANDIDO,P10 > P10-PRP-LGC-PREPARACION > P10-PRP-LGC-EXPANDIDO,,Sin match puntual; contenedor único por ancestro Project P10-PRP-LGC-EXPANDIDO.
match_project_revit_preparacion.csv,P10-PRP-ALM-AE02,ALIM. EXPANDER E02,asignable_a_contenedor,contenedor_por_ancestro_project,281220,281220,P10 > P10-PRP-LGC-PREPARACION > P10-PRP-LGC-EXPANDIDO,P10 > P10-PRP-LGC-PREPARACION > P10-PRP-LGC-EXPANDIDO,P10 > P10-PRP-LGC-PREPARACION > P10-PRP-LGC-EXPANDIDO > P10-PRP-EXP-E02 > P10-PRP-ALM-AE02,P10-PRP-LGC-PREPARACION > P10-PRP-LGC-EXPANDIDO > P10-PRP-EXP-E02,P10 > P10-PRP-LGC-PREPARACION > P10-PRP-LGC-EXPANDIDO > P10-PRP-EXP-E02,,Sin match puntual; contenedor único por ancestro Project P10-PRP-LGC-EXPANDIDO.
match_project_revit_preparacion.csv,P10-PRP-BMB-EBLI02,BOMBA ACEITE LUBR. RODAM.,asignable_a_contenedor,contenedor_por_ancestro_project,281220,281220,P10 > P10-PRP-LGC-PREPARACION > P10-PRP-LGC-EXPANDIDO,P10 > P10-PRP-LGC-PREPARACION > P10-PRP-LGC-EXPANDIDO,P10 > P10-PRP-LGC-PREPARACION > P10-PRP-LGC-EXPANDIDO > P10-PRP-EXP-E02 > P10-PRP-BMB-EBLI02,P10-PRP-LGC-PREPARACION > P10-PRP-LGC-EXPANDIDO > P10-PRP-EXP-E02,P10 > P10-PRP-LGC-PREPARACION > P10-PRP-LGC-EXPANDIDO > P10-PRP-EXP-E02,,Sin match puntual; contenedor único por ancestro Project P10-PRP-LGC-EXPANDIDO.
match_project_revit_preparacion.csv,P10-PRP-BMB-EBLE02,BOMBA ACEITE REFRIGERACION REDUCTOR E02,asignable_a_contenedor,contenedor_por_ancestro_project,281220,281220,P10 > P10-PRP-LGC-PREPARACION > P10-PRP-LGC-EXPANDIDO,P10 > P10-PRP-LGC-PREPARACION > P10-PRP-LGC-EXPANDIDO,P10 > P10-PRP-LGC-PREPARACION > P10-PRP-LGC-EXPANDIDO > P10-PRP-EXP-E02 > P10-PRP-BMB-EBLE02,P10-PRP-LGC-PREPARACION > P10-PRP-LGC-EXPANDIDO > P10-PRP-EXP-E02,P10 > P10-PRP-LGC-PREPARACION > P10-PRP-LGC-EXPANDIDO > P10-PRP-EXP-E02,,Sin match puntual; contenedor único por ancestro Project P10-PRP-LGC-EXPANDIDO.
match_project_revit_preparacion.csv,P10-PRP-VNT-VRA02,VENTIALDOR RECIRCULACION ACEITE EXPANDER E02,asignable_a_contenedor,contenedor_por_ancestro_project,281220,281220,P10 > P10-PRP-LGC-PREPARACION > P10-PRP-LGC-EXPANDIDO,P10 > P10-PRP-LGC-PREPARACION > P10-PRP-LGC-EXPANDIDO,P10 > P10-PRP-LGC-PREPARACION > P10-PRP-LGC-EXPANDIDO > P10-PRP-EXP-E02 > P10-PRP-VNT-VRA02,P10-PRP-LGC-PREPARACION > P10-PRP-LGC-EXPANDIDO > P10-PRP-EXP-E02,P10 > P10-PRP-LGC-PREPARACION > P10-PRP-LGC-EXPANDIDO > P10-PRP-EXP-E02,,Sin match puntual; contenedor único por ancestro Project P10-PRP-LGC-EXPANDIDO.
match_project_revit_preparacion.csv,P10-PRP-EXP-E03,EXPANDER E03,asignable_a_contenedor,contenedor_por_ancestro_project,281220,281220,P10 > P10-PRP-LGC-PREPARACION > P10-PRP-LGC-EXPANDIDO,P10 > P10-PRP-LGC-PREPARACION > P10-PRP-LGC-EXPANDIDO,P10 > P10-PRP-LGC-PREPARACION > P10-PRP-LGC-EXPANDIDO > P10-PRP-EXP-E03,P10-PRP-LGC-PREPARACION > P10-PRP-LGC-EXPANDIDO,P10 > P10-PRP-LGC-PREPARACION > P10-PRP-LGC-EXPANDIDO,,Sin match puntual; contenedor único por ancestro Project P10-PRP-LGC-EXPANDIDO.
match_project_revit_preparacion.csv,P10-PRP-ALM-AE03,ALIM. EXPANDER E03,asignable_a_contenedor,contenedor_por_ancestro_project,281220,281220,P10 > P10-PRP-LGC-PREPARACION > P10-PRP-LGC-EXPANDIDO,P10 > P10-PRP-LGC-PREPARACION > P10-PRP-LGC-EXPANDIDO,P10 > P10-PRP-LGC-PREPARACION > P10-PRP-LGC-EXPANDIDO > P10-PRP-EXP-E03 > P10-PRP-ALM-AE03,P10-PRP-LGC-PREPARACION > P10-PRP-LGC-EXPANDIDO > P10-PRP-EXP-E03,P10 > P10-PRP-LGC-PREPARACION > P10-PRP-LGC-EXPANDIDO > P10-PRP-EXP-E03,,Sin match puntual; contenedor único por ancestro Project P10-PRP-LGC-EXPANDIDO.
match_project_revit_preparacion.csv,P10-PRP-BMB-EBLI03,BOMBA ACEITE LUBR. RODAM.,asignable_a_contenedor,contenedor_por_ancestro_project,281220,281220,P10 > P10-PRP-LGC-PREPARACION > P10-PRP-LGC-EXPANDIDO,P10 > P10-PRP-LGC-PREPARACION > P10-PRP-LGC-EXPANDIDO,P10 > P10-PRP-LGC-PREPARACION > P10-PRP-LGC-EXPANDIDO > P10-PRP-EXP-E03 > P10-PRP-BMB-EBLI03,P10-PRP-LGC-PREPARACION > P10-PRP-LGC-EXPANDIDO > P10-PRP-EXP-E03,P10 > P10-PRP-LGC-PREPARACION > P10-PRP-LGC-EXPANDIDO > P10-PRP-EXP-E03,,Sin match puntual; contenedor único por ancestro Project P10-PRP-LGC-EXPANDIDO.
match_project_revit_preparacion.csv,P10-PRP-BMB-EBLE03,BOMBA ACEITE REFRIGERACION REDUCTOR E03,asignable_a_contenedor,contenedor_por_ancestro_project,281220,281220,P10 > P10-PRP-LGC-PREPARACION > P10-PRP-LGC-EXPANDIDO,P10 > P10-PRP-LGC-PREPARACION > P10-PRP-LGC-EXPANDIDO,P10 > P10-PRP-LGC-PREPARACION > P10-PRP-LGC-EXPANDIDO > P10-PRP-EXP-E03 > P10-PRP-BMB-EBLE03,P10-PRP-LGC-PREPARACION > P10-PRP-LGC-EXPANDIDO > P10-PRP-EXP-E03,P10 > P10-PRP-LGC-PREPARACION > P10-PRP-LGC-EXPANDIDO > P10-PRP-EXP-E03,,Sin match puntual; contenedor único por ancestro Project P10-PRP-LGC-EXPANDIDO.
match_project_revit_preparacion.csv,P10-PRP-VNT-VRA03,VENTIALDOR RECIRCULACION ACEITE EXPANDER E03,asignable_a_contenedor,contenedor_por_ancestro_project,281220,281220,P10 > P10-PRP-LGC-PREPARACION > P10-PRP-LGC-EXPANDIDO,P10 > P10-PRP-LGC-PREPARACION > P10-PRP-LGC-EXPANDIDO,P10 > P10-PRP-LGC-PREPARACION > P10-PRP-LGC-EXPANDIDO > P10-PRP-EXP-E03 > P10-PRP-VNT-VRA03,P10-PRP-LGC-PREPARACION > P10-PRP-LGC-EXPANDIDO > P10-PRP-EXP-E03,P10 > P10-PRP-LGC-PREPARACION > P10-PRP-LGC-EXPANDIDO > P10-PRP-EXP-E03,,Sin match puntual; contenedor único por ancestro Project P10-PRP-LGC-EXPANDIDO.
match_project_revit_preparacion.csv,P10-PRP-EXP-E04,EXPANDER E04,asignable_a_contenedor,contenedor_por_ancestro_project,281220,281220,P10 > P10-PRP-LGC-PREPARACION > P10-PRP-LGC-EXPANDIDO,P10 > P10-PRP-LGC-PREPARACION > P10-PRP-LGC-EXPANDIDO,P10 > P10-PRP-LGC-PREPARACION > P10-PRP-LGC-EXPANDIDO > P10-PRP-EXP-E04,P10-PRP-LGC-PREPARACION > P10-PRP-LGC-EXPANDIDO,P10 > P10-PRP-LGC-PREPARACION > P10-PRP-LGC-EXPANDIDO,,Sin match puntual; contenedor único por ancestro Project P10-PRP-LGC-EXPANDIDO.
match_project_revit_preparacion.csv,P10-PRP-ALM-AE04,ALIM. EXPANDER E04,asignable_a_contenedor,contenedor_por_ancestro_project,281220,281220,P10 > P10-PRP-LGC-PREPARACION > P10-PRP-LGC-EXPANDIDO,P10 > P10-PRP-LGC-PREPARACION > P10-PRP-LGC-EXPANDIDO,P10 > P10-PRP-LGC-PREPARACION > P10-PRP-LGC-EXPANDIDO > P10-PRP-EXP-E04 > P10-PRP-ALM-AE04,P10-PRP-LGC-PREPARACION > P10-PRP-LGC-EXPANDIDO > P10-PRP-EXP-E04,P10 > P10-PRP-LGC-PREPARACION > P10-PRP-LGC-EXPANDIDO > P10-PRP-EXP-E04,,Sin match puntual; contenedor único por ancestro Project P10-PRP-LGC-EXPANDIDO.
match_project_revit_preparacion.csv,P10-PRP-BMB-EBLI04,BOMBA ACEITE LUBR. RODAM.,asignable_a_contenedor,contenedor_por_ancestro_project,281220,281220,P10 > P10-PRP-LGC-PREPARACION > P10-PRP-LGC-EXPANDIDO,P10 > P10-PRP-LGC-PREPARACION > P10-PRP-LGC-EXPANDIDO,P10 > P10-PRP-LGC-PREPARACION > P10-PRP-LGC-EXPANDIDO > P10-PRP-EXP-E04 > P10-PRP-BMB-EBLI04,P10-PRP-LGC-PREPARACION > P10-PRP-LGC-EXPANDIDO > P10-PRP-EXP-E04,P10 > P10-PRP-LGC-PREPARACION > P10-PRP-LGC-EXPANDIDO > P10-PRP-EXP-E04,,Sin match puntual; contenedor único por ancestro Project P10-PRP-LGC-EXPANDIDO.
match_project_revit_preparacion.csv,P10-PRP-BMB-EBLE04,BOMBA ACEITE REFRIGERACION REDUCTOR E04,asignable_a_contenedor,contenedor_por_ancestro_project,281220,281220,P10 > P10-PRP-LGC-PREPARACION > P10-PRP-LGC-EXPANDIDO,P10 > P10-PRP-LGC-PREPARACION > P10-PRP-LGC-EXPANDIDO,P10 > P10-PRP-LGC-PREPARACION > P10-PRP-LGC-EXPANDIDO > P10-PRP-EXP-E04 > P10-PRP-BMB-EBLE04,P10-PRP-LGC-PREPARACION > P10-PRP-LGC-EXPANDIDO > P10-PRP-EXP-E04,P10 > P10-PRP-LGC-PREPARACION > P10-PRP-LGC-EXPANDIDO > P10-PRP-EXP-E04,,Sin match puntual; contenedor único por ancestro Project P10-PRP-LGC-EXPANDIDO.
match_project_revit_preparacion.csv,P10-PRP-VNT-VRA04,VENTIALDOR RECIRCULACION ACEITE EXPANDER E04,asignable_a_contenedor,contenedor_por_ancestro_project,281220,281220,P10 > P10-PRP-LGC-PREPARACION > P10-PRP-LGC-EXPANDIDO,P10 > P10-PRP-LGC-PREPARACION > P10-PRP-LGC-EXPANDIDO,P10 > P10-PRP-LGC-PREPARACION > P10-PRP-LGC-EXPANDIDO > P10-PRP-EXP-E04 > P10-PRP-VNT-VRA04,P10-PRP-LGC-PREPARACION > P10-PRP-LGC-EXPANDIDO > P10-PRP-EXP-E04,P10 > P10-PRP-LGC-PREPARACION > P10-PRP-LGC-EXPANDIDO > P10-PRP-EXP-E04,,Sin match puntual; contenedor único por ancestro Project P10-PRP-LGC-EXPANDIDO.
match_project_revit_preparacion.csv,P10-PRP-EXP-E05,EXPANDER E05,asignable_a_contenedor,contenedor_por_ancestro_project,281220,281220,P10 > P10-PRP-LGC-PREPARACION > P10-PRP-LGC-EXPANDIDO,P10 > P10-PRP-LGC-PREPARACION > P10-PRP-LGC-EXPANDIDO,P10 > P10-PRP-LGC-PREPARACION > P10-PRP-LGC-EXPANDIDO > P10-PRP-EXP-E05,P10-PRP-LGC-PREPARACION > P10-PRP-LGC-EXPANDIDO,P10 > P10-PRP-LGC-PREPARACION > P10-PRP-LGC-EXPANDIDO,,Sin match puntual; contenedor único por ancestro Project P10-PRP-LGC-EXPANDIDO.
match_project_revit_preparacion.csv,P10-PRP-ALM-AE05,ALIM. EXPANDER E05,asignable_a_contenedor,contenedor_por_ancestro_project,281220,281220,P10 > P10-PRP-LGC-PREPARACION > P10-PRP-LGC-EXPANDIDO,P10 > P10-PRP-LGC-PREPARACION > P10-PRP-LGC-EXPANDIDO,P10 > P10-PRP-LGC-PREPARACION > P10-PRP-LGC-EXPANDIDO > P10-PRP-EXP-E05 > P10-PRP-ALM-AE05,P10-PRP-LGC-PREPARACION > P10-PRP-LGC-EXPANDIDO > P10-PRP-EXP-E05,P10 > P10-PRP-LGC-PREPARACION > P10-PRP-LGC-EXPANDIDO > P10-PRP-EXP-E05,,Sin match puntual; contenedor único por ancestro Project P10-PRP-LGC-EXPANDIDO.
match_project_revit_preparacion.csv,P10-PRP-BMB-EBLI05,BOMBA ACEITE LUBR. RODAM.,asignable_a_contenedor,contenedor_por_ancestro_project,281220,281220,P10 > P10-PRP-LGC-PREPARACION > P10-PRP-LGC-EXPANDIDO,P10 > P10-PRP-LGC-PREPARACION > P10-PRP-LGC-EXPANDIDO,P10 > P10-PRP-LGC-PREPARACION > P10-PRP-LGC-EXPANDIDO > P10-PRP-EXP-E05 > P10-PRP-BMB-EBLI05,P10-PRP-LGC-PREPARACION > P10-PRP-LGC-EXPANDIDO > P10-PRP-EXP-E05,P10 > P10-PRP-LGC-PREPARACION > P10-PRP-LGC-EXPANDIDO > P10-PRP-EXP-E05,,Sin match puntual; contenedor único por ancestro Project P10-PRP-LGC-EXPANDIDO.
match_project_revit_preparacion.csv,P10-PRP-BMB-EBLE05,BOMBA ACEITE REFRIGERACION REDUCTOR E05,asignable_a_contenedor,contenedor_por_ancestro_project,281220,281220,P10 > P10-PRP-LGC-PREPARACION > P10-PRP-LGC-EXPANDIDO,P10 > P10-PRP-LGC-PREPARACION > P10-PRP-LGC-EXPANDIDO,P10 > P10-PRP-LGC-PREPARACION > P10-PRP-LGC-EXPANDIDO > P10-PRP-EXP-E05 > P10-PRP-BMB-EBLE05,P10-PRP-LGC-PREPARACION > P10-PRP-LGC-EXPANDIDO > P10-PRP-EXP-E05,P10 > P10-PRP-LGC-PREPARACION > P10-PRP-LGC-EXPANDIDO > P10-PRP-EXP-E05,,Sin match puntual; contenedor único por ancestro Project P10-PRP-LGC-EXPANDIDO.
match_project_revit_preparacion.csv,P10-PRP-VNT-VRA05,VENTIALDOR RECIRCULACION ACEITE EXPANDER E05,asignable_a_contenedor,contenedor_por_ancestro_project,281220,281220,P10 > P10-PRP-LGC-PREPARACION > P10-PRP-LGC-EXPANDIDO,P10 > P10-PRP-LGC-PREPARACION > P10-PRP-LGC-EXPANDIDO,P10 > P10-PRP-LGC-PREPARACION > P10-PRP-LGC-EXPANDIDO > P10-PRP-EXP-E05 > P10-PRP-VNT-VRA05,P10-PRP-LGC-PREPARACION > P10-PRP-LGC-EXPANDIDO > P10-PRP-EXP-E05,P10 > P10-PRP-LGC-PREPARACION > P10-PRP-LGC-EXPANDIDO > P10-PRP-EXP-E05,,Sin match puntual; contenedor único por ancestro Project P10-PRP-LGC-EXPANDIDO.
match_project_revit_preparacion.csv,P10-PRP-EXP-E06,EXPANDER E06,asignable_a_contenedor,contenedor_por_ancestro_project,281220,281220,P10 > P10-PRP-LGC-PREPARACION > P10-PRP-LGC-EXPANDIDO,P10 > P10-PRP-LGC-PREPARACION > P10-PRP-LGC-EXPANDIDO,P10 > P10-PRP-LGC-PREPARACION > P10-PRP-LGC-EXPANDIDO > P10-PRP-EXP-E06,P10-PRP-LGC-PREPARACION > P10-PRP-LGC-EXPANDIDO,P10 > P10-PRP-LGC-PREPARACION > P10-PRP-LGC-EXPANDIDO,,Sin match puntual; contenedor único por ancestro Project P10-PRP-LGC-EXPANDIDO.
match_project_revit_preparacion.csv,P10-PRP-ALM-AE06,ALIM. EXPANDER E06,asignable_a_contenedor,contenedor_por_ancestro_project,281220,281220,P10 > P10-PRP-LGC-PREPARACION > P10-PRP-LGC-EXPANDIDO,P10 > P10-PRP-LGC-PREPARACION > P10-PRP-LGC-EXPANDIDO,P10 > P10-PRP-LGC-PREPARACION > P10-PRP-LGC-EXPANDIDO > P10-PRP-EXP-E06 > P10-PRP-ALM-AE06,P10-PRP-LGC-PREPARACION > P10-PRP-LGC-EXPANDIDO > P10-PRP-EXP-E06,P10 > P10-PRP-LGC-PREPARACION > P10-PRP-LGC-EXPANDIDO > P10-PRP-EXP-E06,,Sin match puntual; contenedor único por ancestro Project P10-PRP-LGC-EXPANDIDO.
match_project_revit_preparacion.csv,P10-PRP-BMB-EBLI06,BOMBA ACEITE LUBR. RODAM.,asignable_a_contenedor,contenedor_por_ancestro_project,281220,281220,P10 > P10-PRP-LGC-PREPARACION > P10-PRP-LGC-EXPANDIDO,P10 > P10-PRP-LGC-PREPARACION > P10-PRP-LGC-EXPANDIDO,P10 > P10-PRP-LGC-PREPARACION > P10-PRP-LGC-EXPANDIDO > P10-PRP-EXP-E06 > P10-PRP-BMB-EBLI06,P10-PRP-LGC-PREPARACION > P10-PRP-LGC-EXPANDIDO > P10-PRP-EXP-E06,P10 > P10-PRP-LGC-PREPARACION > P10-PRP-LGC-EXPANDIDO > P10-PRP-EXP-E06,,Sin match puntual; contenedor único por ancestro Project P10-PRP-LGC-EXPANDIDO.
match_project_revit_preparacion.csv,P10-PRP-BMB-EBLE06,BOMBA ACEITE REFRIGERACION REDUCTOR E06,asignable_a_contenedor,contenedor_por_ancestro_project,281220,281220,P10 > P10-PRP-LGC-PREPARACION > P10-PRP-LGC-EXPANDIDO,P10 > P10-PRP-LGC-PREPARACION > P10-PRP-LGC-EXPANDIDO,P10 > P10-PRP-LGC-PREPARACION > P10-PRP-LGC-EXPANDIDO > P10-PRP-EXP-E06 > P10-PRP-BMB-EBLE06,P10-PRP-LGC-PREPARACION > P10-PRP-LGC-EXPANDIDO > P10-PRP-EXP-E06,P10 > P10-PRP-LGC-PREPARACION > P10-PRP-LGC-EXPANDIDO > P10-PRP-EXP-E06,,Sin match puntual; contenedor único por ancestro Project P10-PRP-LGC-EXPANDIDO.
match_project_revit_preparacion.csv,P10-PRP-VNT-VRA06,VENTIALDOR RECIRCULACION ACEITE EXPANDER E06,asignable_a_contenedor,contenedor_por_ancestro_project,281220,281220,P10 > P10-PRP-LGC-PREPARACION > P10-PRP-LGC-EXPANDIDO,P10 > P10-PRP-LGC-PREPARACION > P10-PRP-LGC-EXPANDIDO,P10 > P10-PRP-LGC-PREPARACION > P10-PRP-LGC-EXPANDIDO > P10-PRP-EXP-E06 > P10-PRP-VNT-VRA06,P10-PRP-LGC-PREPARACION > P10-PRP-LGC-EXPANDIDO > P10-PRP-EXP-E06,P10 > P10-PRP-LGC-PREPARACION > P10-PRP-LGC-EXPANDIDO > P10-PRP-EXP-E06,,Sin match puntual; contenedor único por ancestro Project P10-PRP-LGC-EXPANDIDO.
match_project_revit_preparacion.csv,P10-PRP-RSC-SF10,SIN FIN DE FINOS ENFRIADORES EXPANDIDO,asignable_a_contenedor,contenedor_por_ancestro_project,281220,281220,P10 > P10-PRP-LGC-PREPARACION > P10-PRP-LGC-EXPANDIDO,P10 > P10-PRP-LGC-PREPARACION > P10-PRP-LGC-EXPANDIDO,P10 > P10-PRP-LGC-PREPARACION > P10-PRP-LGC-EXPANDIDO > P10-PRP-RSC-SF10,P10-PRP-LGC-PREPARACION > P10-PRP-LGC-EXPANDIDO,P10 > P10-PRP-LGC-PREPARACION > P10-PRP-LGC-EXPANDIDO,,Sin match puntual; contenedor único por ancestro Project P10-PRP-LGC-EXPANDIDO.
match_project_revit_preparacion.csv,P10-PRP-LGC-LAMINADORES,SECTOR LAMINADORES P10,match_elemento_puntual,elemento_puntual,281343,,P10 > P10-PRP-LGC-PREPARACION > P10-PRP-LGC-LAMINADORES,,P10 > P10-PRP-LGC-PREPARACION > P10-PRP-LGC-LAMINADORES,P10-PRP-LGC-PREPARACION,P10 > P10-PRP-LGC-PREPARACION,,Coincidencia exacta única con elemento Revit. | no aparece en asociacion_contenedor_hijos_final_p10.csv
match_project_revit_preparacion.csv,P10-PRP-CHD-LCH01,CENTRAL HIDRAULICA DE LAMINADORES 01,asignable_a_contenedor,contenedor_por_ancestro_project,281343,281343,P10 > P10-PRP-LGC-PREPARACION > P10-PRP-LGC-LAMINADORES,P10 > P10-PRP-LGC-PREPARACION > P10-PRP-LGC-LAMINADORES,P10 > P10-PRP-LGC-PREPARACION > P10-PRP-LGC-LAMINADORES > P10-PRP-CHD-LCH01,P10-PRP-LGC-PREPARACION > P10-PRP-LGC-LAMINADORES,P10 > P10-PRP-LGC-PREPARACION > P10-PRP-LGC-LAMINADORES,,Sin match puntual; contenedor único por ancestro Project P10-PRP-LGC-LAMINADORES.
match_project_revit_preparacion.csv,P10-PRP-CHD-LCH02,CENTRAL HIDRAULICA DE LAMINADORES 02,asignable_a_contenedor,contenedor_por_ancestro_project,281343,281343,P10 > P10-PRP-LGC-PREPARACION > P10-PRP-LGC-LAMINADORES,P10 > P10-PRP-LGC-PREPARACION > P10-PRP-LGC-LAMINADORES,P10 > P10-PRP-LGC-PREPARACION > P10-PRP-LGC-LAMINADORES > P10-PRP-CHD-LCH02,P10-PRP-LGC-PREPARACION > P10-PRP-LGC-LAMINADORES,P10 > P10-PRP-LGC-PREPARACION > P10-PRP-LGC-LAMINADORES,,Sin match puntual; contenedor único por ancestro Project P10-PRP-LGC-LAMINADORES.
match_project_revit_preparacion.csv,P10-PRP-CHD-LCH03,CENTRAL HIDRAULICA DE LAMINADORES 03,asignable_a_contenedor,contenedor_por_ancestro_project,281343,281343,P10 > P10-PRP-LGC-PREPARACION > P10-PRP-LGC-LAMINADORES,P10 > P10-PRP-LGC-PREPARACION > P10-PRP-LGC-LAMINADORES,P10 > P10-PRP-LGC-PREPARACION > P10-PRP-LGC-LAMINADORES > P10-PRP-CHD-LCH03,P10-PRP-LGC-PREPARACION > P10-PRP-LGC-LAMINADORES,P10 > P10-PRP-LGC-PREPARACION > P10-PRP-LGC-LAMINADORES,,Sin match puntual; contenedor único por ancestro Project P10-PRP-LGC-LAMINADORES.
match_project_revit_preparacion.csv,P10-PRP-CHD-LCH04,CENTRAL HIDRAULICA DE LAMINADORES 04,asignable_a_contenedor,contenedor_por_ancestro_project,281343,281343,P10 > P10-PRP-LGC-PREPARACION > P10-PRP-LGC-LAMINADORES,P10 > P10-PRP-LGC-PREPARACION > P10-PRP-LGC-LAMINADORES,P10 > P10-PRP-LGC-PREPARACION > P10-PRP-LGC-LAMINADORES > P10-PRP-CHD-LCH04,P10-PRP-LGC-PREPARACION > P10-PRP-LGC-LAMINADORES,P10 > P10-PRP-LGC-PREPARACION > P10-PRP-LGC-LAMINADORES,,Sin match puntual; contenedor único por ancestro Project P10-PRP-LGC-LAMINADORES.
match_project_revit_preparacion.csv,P10-PRP-LMN-LF01,LAMINADOR AC-200 DE FINOS,asignable_a_contenedor,contenedor_por_ancestro_project,281343,281343,P10 > P10-PRP-LGC-PREPARACION > P10-PRP-LGC-LAMINADORES,P10 > P10-PRP-LGC-PREPARACION > P10-PRP-LGC-LAMINADORES,P10 > P10-PRP-LGC-PREPARACION > P10-PRP-LGC-LAMINADORES > P10-PRP-LMN-LF01,P10-PRP-LGC-PREPARACION > P10-PRP-LGC-LAMINADORES,P10 > P10-PRP-LGC-PREPARACION > P10-PRP-LGC-LAMINADORES,,Sin match puntual; contenedor único por ancestro Project P10-PRP-LGC-LAMINADORES.
match_project_revit_preparacion.csv,P10-PRP-ALM-ALF01,ALIMENTADOR LAMINADOR AC-200 DE FINOS,asignable_a_contenedor,contenedor_por_ancestro_project,281343,281343,P10 > P10-PRP-LGC-PREPARACION > P10-PRP-LGC-LAMINADORES,P10 > P10-PRP-LGC-PREPARACION > P10-PRP-LGC-LAMINADORES,P10 > P10-PRP-LGC-PREPARACION > P10-PRP-LGC-LAMINADORES > P10-PRP-LMN-LF01 > P10-PRP-ALM-ALF01,P10-PRP-LGC-PREPARACION > P10-PRP-LGC-LAMINADORES > P10-PRP-LMN-LF01,P10 > P10-PRP-LGC-PREPARACION > P10-PRP-LGC-LAMINADORES > P10-PRP-LMN-LF01,,Sin match puntual; contenedor único por ancestro Project P10-PRP-LGC-LAMINADORES.
match_project_revit_preparacion.csv,P10-PRP-CHD-LFBH01,BOMBA CENTRAL HIDRAULICA LF01,asignable_a_contenedor,contenedor_por_ancestro_project,281343,281343,P10 > P10-PRP-LGC-PREPARACION > P10-PRP-LGC-LAMINADORES,P10 > P10-PRP-LGC-PREPARACION > P10-PRP-LGC-LAMINADORES,P10 > P10-PRP-LGC-PREPARACION > P10-PRP-LGC-LAMINADORES > P10-PRP-LMN-LF01 > P10-PRP-CHD-LFBH01,P10-PRP-LGC-PREPARACION > P10-PRP-LGC-LAMINADORES > P10-PRP-LMN-LF01,P10 > P10-PRP-LGC-PREPARACION > P10-PRP-LGC-LAMINADORES > P10-PRP-LMN-LF01,,Sin match puntual; contenedor único por ancestro Project P10-PRP-LGC-LAMINADORES.
match_project_revit_preparacion.csv,P10-PRP-LMN-L01,LAMINADOR L01 LINEA 1 LADO ESTE,asignable_a_contenedor,contenedor_por_ancestro_project,281343,281343,P10 > P10-PRP-LGC-PREPARACION > P10-PRP-LGC-LAMINADORES,P10 > P10-PRP-LGC-PREPARACION > P10-PRP-LGC-LAMINADORES,P10 > P10-PRP-LGC-PREPARACION > P10-PRP-LGC-LAMINADORES > P10-PRP-LMN-L01,P10-PRP-LGC-PREPARACION > P10-PRP-LGC-LAMINADORES,P10 > P10-PRP-LGC-PREPARACION > P10-PRP-LGC-LAMINADORES,,Sin match puntual; contenedor único por ancestro Project P10-PRP-LGC-LAMINADORES.
match_project_revit_preparacion.csv,P10-PRP-ALM-AL01,ALIM. LAMINADOR L01,asignable_a_contenedor,contenedor_por_ancestro_project,281343,281343,P10 > P10-PRP-LGC-PREPARACION > P10-PRP-LGC-LAMINADORES,P10 > P10-PRP-LGC-PREPARACION > P10-PRP-LGC-LAMINADORES,P10 > P10-PRP-LGC-PREPARACION > P10-PRP-LGC-LAMINADORES > P10-PRP-LMN-L01 > P10-PRP-ALM-AL01,P10-PRP-LGC-PREPARACION > P10-PRP-LGC-LAMINADORES > P10-PRP-LMN-L01,P10 > P10-PRP-LGC-PREPARACION > P10-PRP-LGC-LAMINADORES > P10-PRP-LMN-L01,,Sin match puntual; contenedor único por ancestro Project P10-PRP-LGC-LAMINADORES.
match_project_revit_preparacion.csv,P10-PRP-LMN-L02,LAMINADOR L02 LINEA 1,asignable_a_contenedor,contenedor_por_ancestro_project,281343,281343,P10 > P10-PRP-LGC-PREPARACION > P10-PRP-LGC-LAMINADORES,P10 > P10-PRP-LGC-PREPARACION > P10-PRP-LGC-LAMINADORES,P10 > P10-PRP-LGC-PREPARACION > P10-PRP-LGC-LAMINADORES > P10-PRP-LMN-L02,P10-PRP-LGC-PREPARACION > P10-PRP-LGC-LAMINADORES,P10 > P10-PRP-LGC-PREPARACION > P10-PRP-LGC-LAMINADORES,,Sin match puntual; contenedor único por ancestro Project P10-PRP-LGC-LAMINADORES.
match_project_revit_preparacion.csv,P10-PRP-ALM-AL02,ALIM. LAMINADOR L02,asignable_a_contenedor,contenedor_por_ancestro_project,281343,281343,P10 > P10-PRP-LGC-PREPARACION > P10-PRP-LGC-LAMINADORES,P10 > P10-PRP-LGC-PREPARACION > P10-PRP-LGC-LAMINADORES,P10 > P10-PRP-LGC-PREPARACION > P10-PRP-LGC-LAMINADORES > P10-PRP-LMN-L02 > P10-PRP-ALM-AL02,P10-PRP-LGC-PREPARACION > P10-PRP-LGC-LAMINADORES > P10-PRP-LMN-L02,P10 > P10-PRP-LGC-PREPARACION > P10-PRP-LGC-LAMINADORES > P10-PRP-LMN-L02,,Sin match puntual; contenedor único por ancestro Project P10-PRP-LGC-LAMINADORES.
match_project_revit_preparacion.csv,P10-PRP-LMN-L03,LAMINADOR L03 LINEA 1,asignable_a_contenedor,contenedor_por_ancestro_project,281343,281343,P10 > P10-PRP-LGC-PREPARACION > P10-PRP-LGC-LAMINADORES,P10 > P10-PRP-LGC-PREPARACION > P10-PRP-LGC-LAMINADORES,P10 > P10-PRP-LGC-PREPARACION > P10-PRP-LGC-LAMINADORES > P10-PRP-LMN-L03,P10-PRP-LGC-PREPARACION > P10-PRP-LGC-LAMINADORES,P10 > P10-PRP-LGC-PREPARACION > P10-PRP-LGC-LAMINADORES,,Sin match puntual; contenedor único por ancestro Project P10-PRP-LGC-LAMINADORES.
match_project_revit_preparacion.csv,P10-PRP-ALM-AL03,ALIM. LAMINADOR L03,asignable_a_contenedor,contenedor_por_ancestro_project,281343,281343,P10 > P10-PRP-LGC-PREPARACION > P10-PRP-LGC-LAMINADORES,P10 > P10-PRP-LGC-PREPARACION > P10-PRP-LGC-LAMINADORES,P10 > P10-PRP-LGC-PREPARACION > P10-PRP-LGC-LAMINADORES > P10-PRP-LMN-L03 > P10-PRP-ALM-AL03,P10-PRP-LGC-PREPARACION > P10-PRP-LGC-LAMINADORES > P10-PRP-LMN-L03,P10 > P10-PRP-LGC-PREPARACION > P10-PRP-LGC-LAMINADORES > P10-PRP-LMN-L03,,Sin match puntual; contenedor único por ancestro Project P10-PRP-LGC-LAMINADORES.
match_project_revit_preparacion.csv,P10-PRP-LMN-L04,LAMINADOR L04 LINEA 1,asignable_a_contenedor,contenedor_por_ancestro_project,281343,281343,P10 > P10-PRP-LGC-PREPARACION > P10-PRP-LGC-LAMINADORES,P10 > P10-PRP-LGC-PREPARACION > P10-PRP-LGC-LAMINADORES,P10 > P10-PRP-LGC-PREPARACION > P10-PRP-LGC-LAMINADORES > P10-PRP-LMN-L04,P10-PRP-LGC-PREPARACION > P10-PRP-LGC-LAMINADORES,P10 > P10-PRP-LGC-PREPARACION > P10-PRP-LGC-LAMINADORES,,Sin match puntual; contenedor único por ancestro Project P10-PRP-LGC-LAMINADORES.
match_project_revit_preparacion.csv,P10-PRP-ALM-AL04,ALIM. LAMINADOR L04,asignable_a_contenedor,contenedor_por_ancestro_project,281343,281343,P10 > P10-PRP-LGC-PREPARACION > P10-PRP-LGC-LAMINADORES,P10 > P10-PRP-LGC-PREPARACION > P10-PRP-LGC-LAMINADORES,P10 > P10-PRP-LGC-PREPARACION > P10-PRP-LGC-LAMINADORES > P10-PRP-LMN-L04 > P10-PRP-ALM-AL04,P10-PRP-LGC-PREPARACION > P10-PRP-LGC-LAMINADORES > P10-PRP-LMN-L04,P10 > P10-PRP-LGC-PREPARACION > P10-PRP-LGC-LAMINADORES > P10-PRP-LMN-L04,,Sin match puntual; contenedor único por ancestro Project P10-PRP-LGC-LAMINADORES.
match_project_revit_preparacion.csv,P10-PRP-LMN-L05,LAMINADOR L05 LINEA 1,asignable_a_contenedor,contenedor_por_ancestro_project,281343,281343,P10 > P10-PRP-LGC-PREPARACION > P10-PRP-LGC-LAMINADORES,P10 > P10-PRP-LGC-PREPARACION > P10-PRP-LGC-LAMINADORES,P10 > P10-PRP-LGC-PREPARACION > P10-PRP-LGC-LAMINADORES > P10-PRP-LMN-L05,P10-PRP-LGC-PREPARACION > P10-PRP-LGC-LAMINADORES,P10 > P10-PRP-LGC-PREPARACION > P10-PRP-LGC-LAMINADORES,,Sin match puntual; contenedor único por ancestro Project P10-PRP-LGC-LAMINADORES.
match_project_revit_preparacion.csv,P10-PRP-ALM-AL05,ALIM. LAMINADOR L05,asignable_a_contenedor,contenedor_por_ancestro_project,281343,281343,P10 > P10-PRP-LGC-PREPARACION > P10-PRP-LGC-LAMINADORES,P10 > P10-PRP-LGC-PREPARACION > P10-PRP-LGC-LAMINADORES,P10 > P10-PRP-LGC-PREPARACION > P10-PRP-LGC-LAMINADORES > P10-PRP-LMN-L05 > P10-PRP-ALM-AL05,P10-PRP-LGC-PREPARACION > P10-PRP-LGC-LAMINADORES > P10-PRP-LMN-L05,P10 > P10-PRP-LGC-PREPARACION > P10-PRP-LGC-LAMINADORES > P10-PRP-LMN-L05,,Sin match puntual; contenedor único por ancestro Project P10-PRP-LGC-LAMINADORES.
match_project_revit_preparacion.csv,P10-PRP-LMN-L06,LAMINADOR L06 LINEA 1,asignable_a_contenedor,contenedor_por_ancestro_project,281343,281343,P10 > P10-PRP-LGC-PREPARACION > P10-PRP-LGC-LAMINADORES,P10 > P10-PRP-LGC-PREPARACION > P10-PRP-LGC-LAMINADORES,P10 > P10-PRP-LGC-PREPARACION > P10-PRP-LGC-LAMINADORES > P10-PRP-LMN-L06,P10-PRP-LGC-PREPARACION > P10-PRP-LGC-LAMINADORES,P10 > P10-PRP-LGC-PREPARACION > P10-PRP-LGC-LAMINADORES,,Sin match puntual; contenedor único por ancestro Project P10-PRP-LGC-LAMINADORES.
match_project_revit_preparacion.csv,P10-PRP-ALM-AL06,ALIM. LAMINADOR L06,asignable_a_contenedor,contenedor_por_ancestro_project,281343,281343,P10 > P10-PRP-LGC-PREPARACION > P10-PRP-LGC-LAMINADORES,P10 > P10-PRP-LGC-PREPARACION > P10-PRP-LGC-LAMINADORES,P10 > P10-PRP-LGC-PREPARACION > P10-PRP-LGC-LAMINADORES > P10-PRP-LMN-L06 > P10-PRP-ALM-AL06,P10-PRP-LGC-PREPARACION > P10-PRP-LGC-LAMINADORES > P10-PRP-LMN-L06,P10 > P10-PRP-LGC-PREPARACION > P10-PRP-LGC-LAMINADORES > P10-PRP-LMN-L06,,Sin match puntual; contenedor único por ancestro Project P10-PRP-LGC-LAMINADORES.
match_project_revit_preparacion.csv,P10-PRP-LMN-L07,LAMINADOR L07 LINEA 1,asignable_a_contenedor,contenedor_por_ancestro_project,281343,281343,P10 > P10-PRP-LGC-PREPARACION > P10-PRP-LGC-LAMINADORES,P10 > P10-PRP-LGC-PREPARACION > P10-PRP-LGC-LAMINADORES,P10 > P10-PRP-LGC-PREPARACION > P10-PRP-LGC-LAMINADORES > P10-PRP-LMN-L07,P10-PRP-LGC-PREPARACION > P10-PRP-LGC-LAMINADORES,P10 > P10-PRP-LGC-PREPARACION > P10-PRP-LGC-LAMINADORES,,Sin match puntual; contenedor único por ancestro Project P10-PRP-LGC-LAMINADORES.
match_project_revit_preparacion.csv,P10-PRP-ALM-AL07,ALIM. LAMINADOR L07,asignable_a_contenedor,contenedor_por_ancestro_project,281343,281343,P10 > P10-PRP-LGC-PREPARACION > P10-PRP-LGC-LAMINADORES,P10 > P10-PRP-LGC-PREPARACION > P10-PRP-LGC-LAMINADORES,P10 > P10-PRP-LGC-PREPARACION > P10-PRP-LGC-LAMINADORES > P10-PRP-LMN-L07 > P10-PRP-ALM-AL07,P10-PRP-LGC-PREPARACION > P10-PRP-LGC-LAMINADORES > P10-PRP-LMN-L07,P10 > P10-PRP-LGC-PREPARACION > P10-PRP-LGC-LAMINADORES > P10-PRP-LMN-L07,,Sin match puntual; contenedor único por ancestro Project P10-PRP-LGC-LAMINADORES.
match_project_revit_preparacion.csv,P10-PRP-LMN-L08,LAMINADOR L08 LINEA 1,asignable_a_contenedor,contenedor_por_ancestro_project,281343,281343,P10 > P10-PRP-LGC-PREPARACION > P10-PRP-LGC-LAMINADORES,P10 > P10-PRP-LGC-PREPARACION > P10-PRP-LGC-LAMINADORES,P10 > P10-PRP-LGC-PREPARACION > P10-PRP-LGC-LAMINADORES > P10-PRP-LMN-L08,P10-PRP-LGC-PREPARACION > P10-PRP-LGC-LAMINADORES,P10 > P10-PRP-LGC-PREPARACION > P10-PRP-LGC-LAMINADORES,,Sin match puntual; contenedor único por ancestro Project P10-PRP-LGC-LAMINADORES.
match_project_revit_preparacion.csv,P10-PRP-ALM-AL08,ALIM. LAMINADOR L08,asignable_a_contenedor,contenedor_por_ancestro_project,281343,281343,P10 > P10-PRP-LGC-PREPARACION > P10-PRP-LGC-LAMINADORES,P10 > P10-PRP-LGC-PREPARACION > P10-PRP-LGC-LAMINADORES,P10 > P10-PRP-LGC-PREPARACION > P10-PRP-LGC-LAMINADORES > P10-PRP-LMN-L08 > P10-PRP-ALM-AL08,P10-PRP-LGC-PREPARACION > P10-PRP-LGC-LAMINADORES > P10-PRP-LMN-L08,P10 > P10-PRP-LGC-PREPARACION > P10-PRP-LGC-LAMINADORES > P10-PRP-LMN-L08,,Sin match puntual; contenedor único por ancestro Project P10-PRP-LGC-LAMINADORES.
match_project_revit_preparacion.csv,P10-PRP-LMN-L09,LAMINADOR L09 LINEA 1,asignable_a_contenedor,contenedor_por_ancestro_project,281343,281343,P10 > P10-PRP-LGC-PREPARACION > P10-PRP-LGC-LAMINADORES,P10 > P10-PRP-LGC-PREPARACION > P10-PRP-LGC-LAMINADORES,P10 > P10-PRP-LGC-PREPARACION > P10-PRP-LGC-LAMINADORES > P10-PRP-LMN-L09,P10-PRP-LGC-PREPARACION > P10-PRP-LGC-LAMINADORES,P10 > P10-PRP-LGC-PREPARACION > P10-PRP-LGC-LAMINADORES,,Sin match puntual; contenedor único por ancestro Project P10-PRP-LGC-LAMINADORES.
match_project_revit_preparacion.csv,P10-PRP-ALM-AL09,ALIM. LAMINADOR L09,asignable_a_contenedor,contenedor_por_ancestro_project,281343,281343,P10 > P10-PRP-LGC-PREPARACION > P10-PRP-LGC-LAMINADORES,P10 > P10-PRP-LGC-PREPARACION > P10-PRP-LGC-LAMINADORES,P10 > P10-PRP-LGC-PREPARACION > P10-PRP-LGC-LAMINADORES > P10-PRP-LMN-L09 > P10-PRP-ALM-AL09,P10-PRP-LGC-PREPARACION > P10-PRP-LGC-LAMINADORES > P10-PRP-LMN-L09,P10 > P10-PRP-LGC-PREPARACION > P10-PRP-LGC-LAMINADORES > P10-PRP-LMN-L09,,Sin match puntual; contenedor único por ancestro Project P10-PRP-LGC-LAMINADORES.
match_project_revit_preparacion.csv,P10-PRP-LMN-L10,LAMINADOR L10 LINEA 1,asignable_a_contenedor,contenedor_por_ancestro_project,281343,281343,P10 > P10-PRP-LGC-PREPARACION > P10-PRP-LGC-LAMINADORES,P10 > P10-PRP-LGC-PREPARACION > P10-PRP-LGC-LAMINADORES,P10 > P10-PRP-LGC-PREPARACION > P10-PRP-LGC-LAMINADORES > P10-PRP-LMN-L10,P10-PRP-LGC-PREPARACION > P10-PRP-LGC-LAMINADORES,P10 > P10-PRP-LGC-PREPARACION > P10-PRP-LGC-LAMINADORES,,Sin match puntual; contenedor único por ancestro Project P10-PRP-LGC-LAMINADORES.
match_project_revit_preparacion.csv,P10-PRP-ALM-AL10,ALIM. LAMINADOR L10,asignable_a_contenedor,contenedor_por_ancestro_project,281343,281343,P10 > P10-PRP-LGC-PREPARACION > P10-PRP-LGC-LAMINADORES,P10 > P10-PRP-LGC-PREPARACION > P10-PRP-LGC-LAMINADORES,P10 > P10-PRP-LGC-PREPARACION > P10-PRP-LGC-LAMINADORES > P10-PRP-LMN-L10 > P10-PRP-ALM-AL10,P10-PRP-LGC-PREPARACION > P10-PRP-LGC-LAMINADORES > P10-PRP-LMN-L10,P10 > P10-PRP-LGC-PREPARACION > P10-PRP-LGC-LAMINADORES > P10-PRP-LMN-L10,,Sin match puntual; contenedor único por ancestro Project P10-PRP-LGC-LAMINADORES.
match_project_revit_preparacion.csv,P10-PRP-LMN-L11,LAMINADOR L11 LINEA 1 LADO OESTE,asignable_a_contenedor,contenedor_por_ancestro_project,281343,281343,P10 > P10-PRP-LGC-PREPARACION > P10-PRP-LGC-LAMINADORES,P10 > P10-PRP-LGC-PREPARACION > P10-PRP-LGC-LAMINADORES,P10 > P10-PRP-LGC-PREPARACION > P10-PRP-LGC-LAMINADORES > P10-PRP-LMN-L11,P10-PRP-LGC-PREPARACION > P10-PRP-LGC-LAMINADORES,P10 > P10-PRP-LGC-PREPARACION > P10-PRP-LGC-LAMINADORES,,Sin match puntual; contenedor único por ancestro Project P10-PRP-LGC-LAMINADORES.
match_project_revit_preparacion.csv,P10-PRP-ALM-AL11,ALIM. LAMINADOR L11,asignable_a_contenedor,contenedor_por_ancestro_project,281343,281343,P10 > P10-PRP-LGC-PREPARACION > P10-PRP-LGC-LAMINADORES,P10 > P10-PRP-LGC-PREPARACION > P10-PRP-LGC-LAMINADORES,P10 > P10-PRP-LGC-PREPARACION > P10-PRP-LGC-LAMINADORES > P10-PRP-LMN-L11 > P10-PRP-ALM-AL11,P10-PRP-LGC-PREPARACION > P10-PRP-LGC-LAMINADORES > P10-PRP-LMN-L11,P10 > P10-PRP-LGC-PREPARACION > P10-PRP-LGC-LAMINADORES > P10-PRP-LMN-L11,,Sin match puntual; contenedor único por ancestro Project P10-PRP-LGC-LAMINADORES.
match_project_revit_preparacion.csv,P10-PRP-LMN-L12,LAMINADOR L12 LINEA 2 LADO ESTE,asignable_a_contenedor,contenedor_por_ancestro_project,281343,281343,P10 > P10-PRP-LGC-PREPARACION > P10-PRP-LGC-LAMINADORES,P10 > P10-PRP-LGC-PREPARACION > P10-PRP-LGC-LAMINADORES,P10 > P10-PRP-LGC-PREPARACION > P10-PRP-LGC-LAMINADORES > P10-PRP-LMN-L12,P10-PRP-LGC-PREPARACION > P10-PRP-LGC-LAMINADORES,P10 > P10-PRP-LGC-PREPARACION > P10-PRP-LGC-LAMINADORES,,Sin match puntual; contenedor único por ancestro Project P10-PRP-LGC-LAMINADORES.
match_project_revit_preparacion.csv,P10-PRP-ALM-AL12,ALIM. LAMINADOR L12,asignable_a_contenedor,contenedor_por_ancestro_project,281343,281343,P10 > P10-PRP-LGC-PREPARACION > P10-PRP-LGC-LAMINADORES,P10 > P10-PRP-LGC-PREPARACION > P10-PRP-LGC-LAMINADORES,P10 > P10-PRP-LGC-PREPARACION > P10-PRP-LGC-LAMINADORES > P10-PRP-LMN-L12 > P10-PRP-ALM-AL12,P10-PRP-LGC-PREPARACION > P10-PRP-LGC-LAMINADORES > P10-PRP-LMN-L12,P10 > P10-PRP-LGC-PREPARACION > P10-PRP-LGC-LAMINADORES > P10-PRP-LMN-L12,,Sin match puntual; contenedor único por ancestro Project P10-PRP-LGC-LAMINADORES.
match_project_revit_preparacion.csv,P10-PRP-LMN-L13,LAMINADOR L13 LINEA 2,asignable_a_contenedor,contenedor_por_ancestro_project,281343,281343,P10 > P10-PRP-LGC-PREPARACION > P10-PRP-LGC-LAMINADORES,P10 > P10-PRP-LGC-PREPARACION > P10-PRP-LGC-LAMINADORES,P10 > P10-PRP-LGC-PREPARACION > P10-PRP-LGC-LAMINADORES > P10-PRP-LMN-L13,P10-PRP-LGC-PREPARACION > P10-PRP-LGC-LAMINADORES,P10 > P10-PRP-LGC-PREPARACION > P10-PRP-LGC-LAMINADORES,,Sin match puntual; contenedor único por ancestro Project P10-PRP-LGC-LAMINADORES.
match_project_revit_preparacion.csv,P10-PRP-ALM-AL13,ALIM. LAMINADOR L13,asignable_a_contenedor,contenedor_por_ancestro_project,281343,281343,P10 > P10-PRP-LGC-PREPARACION > P10-PRP-LGC-LAMINADORES,P10 > P10-PRP-LGC-PREPARACION > P10-PRP-LGC-LAMINADORES,P10 > P10-PRP-LGC-PREPARACION > P10-PRP-LGC-LAMINADORES > P10-PRP-LMN-L13 > P10-PRP-ALM-AL13,P10-PRP-LGC-PREPARACION > P10-PRP-LGC-LAMINADORES > P10-PRP-LMN-L13,P10 > P10-PRP-LGC-PREPARACION > P10-PRP-LGC-LAMINADORES > P10-PRP-LMN-L13,,Sin match puntual; contenedor único por ancestro Project P10-PRP-LGC-LAMINADORES.
match_project_revit_preparacion.csv,P10-PRP-LMN-L14,LAMINADOR L14 LINEA 2,asignable_a_contenedor,contenedor_por_ancestro_project,281343,281343,P10 > P10-PRP-LGC-PREPARACION > P10-PRP-LGC-LAMINADORES,P10 > P10-PRP-LGC-PREPARACION > P10-PRP-LGC-LAMINADORES,P10 > P10-PRP-LGC-PREPARACION > P10-PRP-LGC-LAMINADORES > P10-PRP-LMN-L14,P10-PRP-LGC-PREPARACION > P10-PRP-LGC-LAMINADORES,P10 > P10-PRP-LGC-PREPARACION > P10-PRP-LGC-LAMINADORES,,Sin match puntual; contenedor único por ancestro Project P10-PRP-LGC-LAMINADORES.
match_project_revit_preparacion.csv,P10-PRP-ALM-AL14,ALIM. LAMINADOR L14,asignable_a_contenedor,contenedor_por_ancestro_project,281343,281343,P10 > P10-PRP-LGC-PREPARACION > P10-PRP-LGC-LAMINADORES,P10 > P10-PRP-LGC-PREPARACION > P10-PRP-LGC-LAMINADORES,P10 > P10-PRP-LGC-PREPARACION > P10-PRP-LGC-LAMINADORES > P10-PRP-LMN-L14 > P10-PRP-ALM-AL14,P10-PRP-LGC-PREPARACION > P10-PRP-LGC-LAMINADORES > P10-PRP-LMN-L14,P10 > P10-PRP-LGC-PREPARACION > P10-PRP-LGC-LAMINADORES > P10-PRP-LMN-L14,,Sin match puntual; contenedor único por ancestro Project P10-PRP-LGC-LAMINADORES.
match_project_revit_preparacion.csv,P10-PRP-LMN-L15,LAMINADOR L15 LINEA 2,asignable_a_contenedor,contenedor_por_ancestro_project,281343,281343,P10 > P10-PRP-LGC-PREPARACION > P10-PRP-LGC-LAMINADORES,P10 > P10-PRP-LGC-PREPARACION > P10-PRP-LGC-LAMINADORES,P10 > P10-PRP-LGC-PREPARACION > P10-PRP-LGC-LAMINADORES > P10-PRP-LMN-L15,P10-PRP-LGC-PREPARACION > P10-PRP-LGC-LAMINADORES,P10 > P10-PRP-LGC-PREPARACION > P10-PRP-LGC-LAMINADORES,,Sin match puntual; contenedor único por ancestro Project P10-PRP-LGC-LAMINADORES.
match_project_revit_preparacion.csv,P10-PRP-ALM-AL15,ALIM. LAMINADOR L15,asignable_a_contenedor,contenedor_por_ancestro_project,281343,281343,P10 > P10-PRP-LGC-PREPARACION > P10-PRP-LGC-LAMINADORES,P10 > P10-PRP-LGC-PREPARACION > P10-PRP-LGC-LAMINADORES,P10 > P10-PRP-LGC-PREPARACION > P10-PRP-LGC-LAMINADORES > P10-PRP-LMN-L15 > P10-PRP-ALM-AL15,P10-PRP-LGC-PREPARACION > P10-PRP-LGC-LAMINADORES > P10-PRP-LMN-L15,P10 > P10-PRP-LGC-PREPARACION > P10-PRP-LGC-LAMINADORES > P10-PRP-LMN-L15,,Sin match puntual; contenedor único por ancestro Project P10-PRP-LGC-LAMINADORES.
match_project_revit_preparacion.csv,P10-PRP-LMN-L16,LAMINADOR L16 LINEA 2,asignable_a_contenedor,contenedor_por_ancestro_project,281343,281343,P10 > P10-PRP-LGC-PREPARACION > P10-PRP-LGC-LAMINADORES,P10 > P10-PRP-LGC-PREPARACION > P10-PRP-LGC-LAMINADORES,P10 > P10-PRP-LGC-PREPARACION > P10-PRP-LGC-LAMINADORES > P10-PRP-LMN-L16,P10-PRP-LGC-PREPARACION > P10-PRP-LGC-LAMINADORES,P10 > P10-PRP-LGC-PREPARACION > P10-PRP-LGC-LAMINADORES,,Sin match puntual; contenedor único por ancestro Project P10-PRP-LGC-LAMINADORES.
match_project_revit_preparacion.csv,P10-PRP-ALM-AL16,ALIM. LAMINADOR L16,asignable_a_contenedor,contenedor_por_ancestro_project,281343,281343,P10 > P10-PRP-LGC-PREPARACION > P10-PRP-LGC-LAMINADORES,P10 > P10-PRP-LGC-PREPARACION > P10-PRP-LGC-LAMINADORES,P10 > P10-PRP-LGC-PREPARACION > P10-PRP-LGC-LAMINADORES > P10-PRP-LMN-L16 > P10-PRP-ALM-AL16,P10-PRP-LGC-PREPARACION > P10-PRP-LGC-LAMINADORES > P10-PRP-LMN-L16,P10 > P10-PRP-LGC-PREPARACION > P10-PRP-LGC-LAMINADORES > P10-PRP-LMN-L16,,Sin match puntual; contenedor único por ancestro Project P10-PRP-LGC-LAMINADORES.
match_project_revit_preparacion.csv,P10-PRP-LMN-L17,LAMINADOR L17 LINEA 2,asignable_a_contenedor,contenedor_por_ancestro_project,281343,281343,P10 > P10-PRP-LGC-PREPARACION > P10-PRP-LGC-LAMINADORES,P10 > P10-PRP-LGC-PREPARACION > P10-PRP-LGC-LAMINADORES,P10 > P10-PRP-LGC-PREPARACION > P10-PRP-LGC-LAMINADORES > P10-PRP-LMN-L17,P10-PRP-LGC-PREPARACION > P10-PRP-LGC-LAMINADORES,P10 > P10-PRP-LGC-PREPARACION > P10-PRP-LGC-LAMINADORES,,Sin match puntual; contenedor único por ancestro Project P10-PRP-LGC-LAMINADORES.
match_project_revit_preparacion.csv,P10-PRP-ALM-AL17,ALIM. LAMINADOR L17,asignable_a_contenedor,contenedor_por_ancestro_project,281343,281343,P10 > P10-PRP-LGC-PREPARACION > P10-PRP-LGC-LAMINADORES,P10 > P10-PRP-LGC-PREPARACION > P10-PRP-LGC-LAMINADORES,P10 > P10-PRP-LGC-PREPARACION > P10-PRP-LGC-LAMINADORES > P10-PRP-LMN-L17 > P10-PRP-ALM-AL17,P10-PRP-LGC-PREPARACION > P10-PRP-LGC-LAMINADORES > P10-PRP-LMN-L17,P10 > P10-PRP-LGC-PREPARACION > P10-PRP-LGC-LAMINADORES > P10-PRP-LMN-L17,,Sin match puntual; contenedor único por ancestro Project P10-PRP-LGC-LAMINADORES.
match_project_revit_preparacion.csv,P10-PRP-LMN-L18,LAMINADOR L18 LINEA 2,asignable_a_contenedor,contenedor_por_ancestro_project,281343,281343,P10 > P10-PRP-LGC-PREPARACION > P10-PRP-LGC-LAMINADORES,P10 > P10-PRP-LGC-PREPARACION > P10-PRP-LGC-LAMINADORES,P10 > P10-PRP-LGC-PREPARACION > P10-PRP-LGC-LAMINADORES > P10-PRP-LMN-L18,P10-PRP-LGC-PREPARACION > P10-PRP-LGC-LAMINADORES,P10 > P10-PRP-LGC-PREPARACION > P10-PRP-LGC-LAMINADORES,,Sin match puntual; contenedor único por ancestro Project P10-PRP-LGC-LAMINADORES.
match_project_revit_preparacion.csv,P10-PRP-ALM-AL18,ALIM. LAMINADOR L18,asignable_a_contenedor,contenedor_por_ancestro_project,281343,281343,P10 > P10-PRP-LGC-PREPARACION > P10-PRP-LGC-LAMINADORES,P10 > P10-PRP-LGC-PREPARACION > P10-PRP-LGC-LAMINADORES,P10 > P10-PRP-LGC-PREPARACION > P10-PRP-LGC-LAMINADORES > P10-PRP-LMN-L18 > P10-PRP-ALM-AL18,P10-PRP-LGC-PREPARACION > P10-PRP-LGC-LAMINADORES > P10-PRP-LMN-L18,P10 > P10-PRP-LGC-PREPARACION > P10-PRP-LGC-LAMINADORES > P10-PRP-LMN-L18,,Sin match puntual; contenedor único por ancestro Project P10-PRP-LGC-LAMINADORES.
match_project_revit_preparacion.csv,P10-PRP-LMN-L19,LAMINADOR L19 LINEA 2,asignable_a_contenedor,contenedor_por_ancestro_project,281343,281343,P10 > P10-PRP-LGC-PREPARACION > P10-PRP-LGC-LAMINADORES,P10 > P10-PRP-LGC-PREPARACION > P10-PRP-LGC-LAMINADORES,P10 > P10-PRP-LGC-PREPARACION > P10-PRP-LGC-LAMINADORES > P10-PRP-LMN-L19,P10-PRP-LGC-PREPARACION > P10-PRP-LGC-LAMINADORES,P10 > P10-PRP-LGC-PREPARACION > P10-PRP-LGC-LAMINADORES,,Sin match puntual; contenedor único por ancestro Project P10-PRP-LGC-LAMINADORES.
match_project_revit_preparacion.csv,P10-PRP-ALM-AL19,ALIM. LAMINADOR L19,asignable_a_contenedor,contenedor_por_ancestro_project,281343,281343,P10 > P10-PRP-LGC-PREPARACION > P10-PRP-LGC-LAMINADORES,P10 > P10-PRP-LGC-PREPARACION > P10-PRP-LGC-LAMINADORES,P10 > P10-PRP-LGC-PREPARACION > P10-PRP-LGC-LAMINADORES > P10-PRP-LMN-L19 > P10-PRP-ALM-AL19,P10-PRP-LGC-PREPARACION > P10-PRP-LGC-LAMINADORES > P10-PRP-LMN-L19,P10 > P10-PRP-LGC-PREPARACION > P10-PRP-LGC-LAMINADORES > P10-PRP-LMN-L19,,Sin match puntual; contenedor único por ancestro Project P10-PRP-LGC-LAMINADORES.
match_project_revit_preparacion.csv,P10-PRP-LMN-L20,LAMINADOR L20 LINEA 2,asignable_a_contenedor,contenedor_por_ancestro_project,281343,281343,P10 > P10-PRP-LGC-PREPARACION > P10-PRP-LGC-LAMINADORES,P10 > P10-PRP-LGC-PREPARACION > P10-PRP-LGC-LAMINADORES,P10 > P10-PRP-LGC-PREPARACION > P10-PRP-LGC-LAMINADORES > P10-PRP-LMN-L20,P10-PRP-LGC-PREPARACION > P10-PRP-LGC-LAMINADORES,P10 > P10-PRP-LGC-PREPARACION > P10-PRP-LGC-LAMINADORES,,Sin match puntual; contenedor único por ancestro Project P10-PRP-LGC-LAMINADORES.
match_project_revit_preparacion.csv,P10-PRP-ALM-AL20,ALIM. LAMINADOR L20,asignable_a_contenedor,contenedor_por_ancestro_project,281343,281343,P10 > P10-PRP-LGC-PREPARACION > P10-PRP-LGC-LAMINADORES,P10 > P10-PRP-LGC-PREPARACION > P10-PRP-LGC-LAMINADORES,P10 > P10-PRP-LGC-PREPARACION > P10-PRP-LGC-LAMINADORES > P10-PRP-LMN-L20 > P10-PRP-ALM-AL20,P10-PRP-LGC-PREPARACION > P10-PRP-LGC-LAMINADORES > P10-PRP-LMN-L20,P10 > P10-PRP-LGC-PREPARACION > P10-PRP-LGC-LAMINADORES > P10-PRP-LMN-L20,,Sin match puntual; contenedor único por ancestro Project P10-PRP-LGC-LAMINADORES.
match_project_revit_preparacion.csv,P10-PRP-LMN-L21,LAMINADOR L21 LINEA 2,asignable_a_contenedor,contenedor_por_ancestro_project,281343,281343,P10 > P10-PRP-LGC-PREPARACION > P10-PRP-LGC-LAMINADORES,P10 > P10-PRP-LGC-PREPARACION > P10-PRP-LGC-LAMINADORES,P10 > P10-PRP-LGC-PREPARACION > P10-PRP-LGC-LAMINADORES > P10-PRP-LMN-L21,P10-PRP-LGC-PREPARACION > P10-PRP-LGC-LAMINADORES,P10 > P10-PRP-LGC-PREPARACION > P10-PRP-LGC-LAMINADORES,,Sin match puntual; contenedor único por ancestro Project P10-PRP-LGC-LAMINADORES.
match_project_revit_preparacion.csv,P10-PRP-ALM-AL21,ALIM. LAMINADOR L21,asignable_a_contenedor,contenedor_por_ancestro_project,281343,281343,P10 > P10-PRP-LGC-PREPARACION > P10-PRP-LGC-LAMINADORES,P10 > P10-PRP-LGC-PREPARACION > P10-PRP-LGC-LAMINADORES,P10 > P10-PRP-LGC-PREPARACION > P10-PRP-LGC-LAMINADORES > P10-PRP-LMN-L21 > P10-PRP-ALM-AL21,P10-PRP-LGC-PREPARACION > P10-PRP-LGC-LAMINADORES > P10-PRP-LMN-L21,P10 > P10-PRP-LGC-PREPARACION > P10-PRP-LGC-LAMINADORES > P10-PRP-LMN-L21,,Sin match puntual; contenedor único por ancestro Project P10-PRP-LGC-LAMINADORES.
match_project_revit_preparacion.csv,P10-PRP-LMN-L22,LAMINADOR L22 LINEA 2 LADO OESTE,asignable_a_contenedor,contenedor_por_ancestro_project,281343,281343,P10 > P10-PRP-LGC-PREPARACION > P10-PRP-LGC-LAMINADORES,P10 > P10-PRP-LGC-PREPARACION > P10-PRP-LGC-LAMINADORES,P10 > P10-PRP-LGC-PREPARACION > P10-PRP-LGC-LAMINADORES > P10-PRP-LMN-L22,P10-PRP-LGC-PREPARACION > P10-PRP-LGC-LAMINADORES,P10 > P10-PRP-LGC-PREPARACION > P10-PRP-LGC-LAMINADORES,,Sin match puntual; contenedor único por ancestro Project P10-PRP-LGC-LAMINADORES.
match_project_revit_preparacion.csv,P10-PRP-ALM-AL22,ALIM. LAMINADOR L22,asignable_a_contenedor,contenedor_por_ancestro_project,281343,281343,P10 > P10-PRP-LGC-PREPARACION > P10-PRP-LGC-LAMINADORES,P10 > P10-PRP-LGC-PREPARACION > P10-PRP-LGC-LAMINADORES,P10 > P10-PRP-LGC-PREPARACION > P10-PRP-LGC-LAMINADORES > P10-PRP-LMN-L22 > P10-PRP-ALM-AL22,P10-PRP-LGC-PREPARACION > P10-PRP-LGC-LAMINADORES > P10-PRP-LMN-L22,P10 > P10-PRP-LGC-PREPARACION > P10-PRP-LGC-LAMINADORES > P10-PRP-LMN-L22,,Sin match puntual; contenedor único por ancestro Project P10-PRP-LGC-LAMINADORES.
match_project_revit_preparacion.csv,P10-PRP-RCT-REC01,RECTIFICADORA DE P10 NRO 1,asignable_a_contenedor,contenedor_por_ancestro_project,281343,281343,P10 > P10-PRP-LGC-PREPARACION > P10-PRP-LGC-LAMINADORES,P10 > P10-PRP-LGC-PREPARACION > P10-PRP-LGC-LAMINADORES,P10 > P10-PRP-LGC-PREPARACION > P10-PRP-LGC-LAMINADORES > P10-PRP-RCT-REC01,P10-PRP-LGC-PREPARACION > P10-PRP-LGC-LAMINADORES,P10 > P10-PRP-LGC-PREPARACION > P10-PRP-LGC-LAMINADORES,,Sin match puntual; contenedor único por ancestro Project P10-PRP-LGC-LAMINADORES.
match_project_revit_preparacion.csv,P10-PRP-RCT-REC02,RECTIFICADORA DE P10 NRO 2,asignable_a_contenedor,contenedor_por_ancestro_project,281343,281343,P10 > P10-PRP-LGC-PREPARACION > P10-PRP-LGC-LAMINADORES,P10 > P10-PRP-LGC-PREPARACION > P10-PRP-LGC-LAMINADORES,P10 > P10-PRP-LGC-PREPARACION > P10-PRP-LGC-LAMINADORES > P10-PRP-RCT-REC02,P10-PRP-LGC-PREPARACION > P10-PRP-LGC-LAMINADORES,P10 > P10-PRP-LGC-PREPARACION > P10-PRP-LGC-LAMINADORES,,Sin match puntual; contenedor único por ancestro Project P10-PRP-LGC-LAMINADORES.
match_project_revit_preparacion.csv,P10-PRP-VNT-VE10,VENTILADOR DE ASPIRACION LAMINADORES,asignable_a_contenedor,contenedor_por_ancestro_project,281343,281343,P10 > P10-PRP-LGC-PREPARACION > P10-PRP-LGC-LAMINADORES,P10 > P10-PRP-LGC-PREPARACION > P10-PRP-LGC-LAMINADORES,P10 > P10-PRP-LGC-PREPARACION > P10-PRP-LGC-LAMINADORES > P10-PRP-VNT-VE10,P10-PRP-LGC-PREPARACION > P10-PRP-LGC-LAMINADORES,P10 > P10-PRP-LGC-PREPARACION > P10-PRP-LGC-LAMINADORES,,Sin match puntual; contenedor único por ancestro Project P10-PRP-LGC-LAMINADORES.
match_project_revit_preparacion.csv,P10-PRP-CCL-CVE10,CICLON VENTILADOR DE ASPIRACION LAMINADORES,asignable_a_contenedor,contenedor_por_ancestro_project,281343,281343,P10 > P10-PRP-LGC-PREPARACION > P10-PRP-LGC-LAMINADORES,P10 > P10-PRP-LGC-PREPARACION > P10-PRP-LGC-LAMINADORES,P10 > P10-PRP-LGC-PREPARACION > P10-PRP-LGC-LAMINADORES > P10-PRP-VNT-VE10 > P10-PRP-CCL-CVE10,P10-PRP-LGC-PREPARACION > P10-PRP-LGC-LAMINADORES > P10-PRP-VNT-VE10,P10 > P10-PRP-LGC-PREPARACION > P10-PRP-LGC-LAMINADORES > P10-PRP-VNT-VE10,,Sin match puntual; contenedor único por ancestro Project P10-PRP-LGC-LAMINADORES.
match_project_revit_preparacion.csv,P10-PRP-RSC-SF12,ROSCA SIN FIN DE LINEA ASP LAMINAD. LADO SUR,asignable_a_contenedor,contenedor_por_ancestro_project,281343,281343,P10 > P10-PRP-LGC-PREPARACION > P10-PRP-LGC-LAMINADORES,P10 > P10-PRP-LGC-PREPARACION > P10-PRP-LGC-LAMINADORES,P10 > P10-PRP-LGC-PREPARACION > P10-PRP-LGC-LAMINADORES > P10-PRP-VNT-VE10 > P10-PRP-RSC-SF12,P10-PRP-LGC-PREPARACION > P10-PRP-LGC-LAMINADORES > P10-PRP-VNT-VE10,P10 > P10-PRP-LGC-PREPARACION > P10-PRP-LGC-LAMINADORES > P10-PRP-VNT-VE10,,Sin match puntual; contenedor único por ancestro Project P10-PRP-LGC-LAMINADORES.
match_project_revit_preparacion.csv,P10-PRP-VLV-VR10,VALV ROTATIVA DESCARGA CICLON VE10,asignable_a_contenedor,contenedor_por_ancestro_project,281343,281343,P10 > P10-PRP-LGC-PREPARACION > P10-PRP-LGC-LAMINADORES,P10 > P10-PRP-LGC-PREPARACION > P10-PRP-LGC-LAMINADORES,P10 > P10-PRP-LGC-PREPARACION > P10-PRP-LGC-LAMINADORES > P10-PRP-VNT-VE10 > P10-PRP-VLV-VR10,P10-PRP-LGC-PREPARACION > P10-PRP-LGC-LAMINADORES > P10-PRP-VNT-VE10,P10 > P10-PRP-LGC-PREPARACION > P10-PRP-LGC-LAMINADORES > P10-PRP-VNT-VE10,,Sin match puntual; contenedor único por ancestro Project P10-PRP-LGC-LAMINADORES.
match_project_revit_preparacion.csv,P10-PRP-VNT-VE11,VENTILADOR DE ASPIRACION LAMINADORES,asignable_a_contenedor,contenedor_por_ancestro_project,281343,281343,P10 > P10-PRP-LGC-PREPARACION > P10-PRP-LGC-LAMINADORES,P10 > P10-PRP-LGC-PREPARACION > P10-PRP-LGC-LAMINADORES,P10 > P10-PRP-LGC-PREPARACION > P10-PRP-LGC-LAMINADORES > P10-PRP-VNT-VE11,P10-PRP-LGC-PREPARACION > P10-PRP-LGC-LAMINADORES,P10 > P10-PRP-LGC-PREPARACION > P10-PRP-LGC-LAMINADORES,,Sin match puntual; contenedor único por ancestro Project P10-PRP-LGC-LAMINADORES.
match_project_revit_preparacion.csv,P10-PRP-CCL-CVE11,CICLON VENTILADOR DE ASPIRACION LAMINADORES,asignable_a_contenedor,contenedor_por_ancestro_project,281343,281343,P10 > P10-PRP-LGC-PREPARACION > P10-PRP-LGC-LAMINADORES,P10 > P10-PRP-LGC-PREPARACION > P10-PRP-LGC-LAMINADORES,P10 > P10-PRP-LGC-PREPARACION > P10-PRP-LGC-LAMINADORES > P10-PRP-VNT-VE11 > P10-PRP-CCL-CVE11,P10-PRP-LGC-PREPARACION > P10-PRP-LGC-LAMINADORES > P10-PRP-VNT-VE11,P10 > P10-PRP-LGC-PREPARACION > P10-PRP-LGC-LAMINADORES > P10-PRP-VNT-VE11,,Sin match puntual; contenedor único por ancestro Project P10-PRP-LGC-LAMINADORES.
match_project_revit_preparacion.csv,P10-PRP-RSC-SF13,ROSCA SIN FIN DE LINEA ASP LAMINAD. LADO NORTE,asignable_a_contenedor,contenedor_por_ancestro_project,281343,281343,P10 > P10-PRP-LGC-PREPARACION > P10-PRP-LGC-LAMINADORES,P10 > P10-PRP-LGC-PREPARACION > P10-PRP-LGC-LAMINADORES,P10 > P10-PRP-LGC-PREPARACION > P10-PRP-LGC-LAMINADORES > P10-PRP-VNT-VE11 > P10-PRP-RSC-SF13,P10-PRP-LGC-PREPARACION > P10-PRP-LGC-LAMINADORES > P10-PRP-VNT-VE11,P10 > P10-PRP-LGC-PREPARACION > P10-PRP-LGC-LAMINADORES > P10-PRP-VNT-VE11,,Sin match puntual; contenedor único por ancestro Project P10-PRP-LGC-LAMINADORES.
match_project_revit_preparacion.csv,P10-PRP-VLV-VR11,VALV ROTATIVA DESCARGA CICLON VE11,asignable_a_contenedor,contenedor_por_ancestro_project,281343,281343,P10 > P10-PRP-LGC-PREPARACION > P10-PRP-LGC-LAMINADORES,P10 > P10-PRP-LGC-PREPARACION > P10-PRP-LGC-LAMINADORES,P10 > P10-PRP-LGC-PREPARACION > P10-PRP-LGC-LAMINADORES > P10-PRP-VNT-VE11 > P10-PRP-VLV-VR11,P10-PRP-LGC-PREPARACION > P10-PRP-LGC-LAMINADORES > P10-PRP-VNT-VE11,P10 > P10-PRP-LGC-PREPARACION > P10-PRP-LGC-LAMINADORES > P10-PRP-VNT-VE11,,Sin match puntual; contenedor único por ancestro Project P10-PRP-LGC-LAMINADORES.
match_project_revit_preparacion.csv,P10-PRL-LGC-PRELIMPIEZA,SECTOR PRELIMPIEZA P10,duplicado,elemento_puntual,373540,,P10 > P10-PRL-LGC-PRELIMPIEZA > P10-PRL-LGC-SILOS > P10-PRL-SLO-SLO1 DIARIO,,P10 > P10-PRL-LGC-PRELIMPIEZA,,P10,,8 elementos Revit contienen el código exacto. | no aparece en asociacion_contenedor_hijos_final_p10.csv
match_project_revit_preparacion.csv,P10-PRL-LGC-PRELIMPIEZA,SECTOR PRELIMPIEZA P10,duplicado,elemento_puntual,373591,,P10 > P10-PRL-LGC-PRELIMPIEZA > P10-PRL-LGC-SILOS > P10-PRL-SLO-SLO2 DIARIO,,P10 > P10-PRL-LGC-PRELIMPIEZA,,P10,,8 elementos Revit contienen el código exacto. | no aparece en asociacion_contenedor_hijos_final_p10.csv
match_project_revit_preparacion.csv,P10-PRL-LGC-PRELIMPIEZA,SECTOR PRELIMPIEZA P10,duplicado,elemento_puntual,377655,,TE > P10-PRL-LGC-PRELIMPIEZA > P10-PRL-ACS-TPRL,,P10 > P10-PRL-LGC-PRELIMPIEZA,,P10,,8 elementos Revit contienen el código exacto. | no aparece en asociacion_contenedor_hijos_final_p10.csv
match_project_revit_preparacion.csv,P10-PRL-LGC-PRELIMPIEZA,SECTOR PRELIMPIEZA P10,duplicado,elemento_puntual,384012,,P10 > P10-PRL-LGC-PRELIMPIEZA > P10-PRL-LGC-SILOS > P10-PRL-SLO-SRECUP,,P10 > P10-PRL-LGC-PRELIMPIEZA,,P10,,8 elementos Revit contienen el código exacto. | no aparece en asociacion_contenedor_hijos_final_p10.csv
match_project_revit_preparacion.csv,P10-PRL-LGC-PRELIMPIEZA,SECTOR PRELIMPIEZA P10,duplicado,elemento_puntual,385248,,P10 > P10-PRL-LGC-PRELIMPIEZA > P10-PRL-LGC-MERMA,,P10 > P10-PRL-LGC-PRELIMPIEZA,,P10,,8 elementos Revit contienen el código exacto. | no aparece en asociacion_contenedor_hijos_final_p10.csv
match_project_revit_preparacion.csv,P10-PRL-LGC-PRELIMPIEZA,SECTOR PRELIMPIEZA P10,duplicado,elemento_puntual,385396,,P10 > P10-PRL-LGC-PRELIMPIEZA > P10-PRL-LGC-MULTIASPIRADORES,,P10 > P10-PRL-LGC-PRELIMPIEZA,,P10,,8 elementos Revit contienen el código exacto. | no aparece en asociacion_contenedor_hijos_final_p10.csv
match_project_revit_preparacion.csv,P10-PRL-LGC-PRELIMPIEZA,SECTOR PRELIMPIEZA P10,duplicado,elemento_puntual,385416,,P10 > P10-PRL-LGC-PRELIMPIEZA > P10-PRL-LGC-REDLER,,P10 > P10-PRL-LGC-PRELIMPIEZA,,P10,,8 elementos Revit contienen el código exacto. | no aparece en asociacion_contenedor_hijos_final_p10.csv
match_project_revit_preparacion.csv,P10-PRL-LGC-PRELIMPIEZA,SECTOR PRELIMPIEZA P10,duplicado,elemento_puntual,385436,,P10 > P10-PRL-LGC-PRELIMPIEZA > P10-PRL-LGC-REDLER,,P10 > P10-PRL-LGC-PRELIMPIEZA,,P10,,8 elementos Revit contienen el código exacto. | no aparece en asociacion_contenedor_hijos_final_p10.csv
match_project_revit_preparacion.csv,P10-PRL-ACS-TPRL,ASCENSOR TORRE PRELIMPIEZA,match_elemento_puntual,elemento_puntual,377655,,TE > P10-PRL-LGC-PRELIMPIEZA > P10-PRL-ACS-TPRL,,P10 > P10-PRL-LGC-PRELIMPIEZA > P10-PRL-ACS-TPRL,P10-PRL-LGC-PRELIMPIEZA,P10 > P10-PRL-LGC-PRELIMPIEZA,,Coincidencia exacta única con elemento Revit. | no aparece en asociacion_contenedor_hijos_final_p10.csv
match_project_revit_preparacion.csv,P10-PRL-BMB-BS01,BOMBA SOPLANTE DE FINOS,contenedor_duplicado,contenedor_por_ancestro_project,373540,373540,P10 > P10-PRL-LGC-PRELIMPIEZA > P10-PRL-LGC-SILOS > P10-PRL-SLO-SLO1 DIARIO,P10 > P10-PRL-LGC-PRELIMPIEZA > P10-PRL-LGC-SILOS > P10-PRL-SLO-SLO1 DIARIO,P10 > P10-PRL-LGC-PRELIMPIEZA > P10-PRL-BMB-BS01,P10-PRL-LGC-PRELIMPIEZA,P10 > P10-PRL-LGC-PRELIMPIEZA,,Ancestro Project P10-PRL-LGC-PRELIMPIEZA aparece en 8 contenedores. | no aparece en asociacion_contenedor_hijos_final_p10.csv
match_project_revit_preparacion.csv,P10-PRL-VLV-VR09,ROTATIVA A BS01,contenedor_duplicado,contenedor_por_ancestro_project,373540,373540,P10 > P10-PRL-LGC-PRELIMPIEZA > P10-PRL-LGC-SILOS > P10-PRL-SLO-SLO1 DIARIO,P10 > P10-PRL-LGC-PRELIMPIEZA > P10-PRL-LGC-SILOS > P10-PRL-SLO-SLO1 DIARIO,P10 > P10-PRL-LGC-PRELIMPIEZA > P10-PRL-BMB-BS01 > P10-PRL-VLV-VR09,P10-PRL-LGC-PRELIMPIEZA > P10-PRL-BMB-BS01,P10 > P10-PRL-LGC-PRELIMPIEZA > P10-PRL-BMB-BS01,,Ancestro Project P10-PRL-LGC-PRELIMPIEZA aparece en 8 contenedores. | no aparece en asociacion_contenedor_hijos_final_p10.csv
match_project_revit_preparacion.csv,P10-PRL-LGC-MULTIASPIRADORES,CONJUNTO DE MULTIASPIRADORES PRELIMPIEZA P10,match_elemento_puntual,elemento_puntual,385396,,P10 > P10-PRL-LGC-PRELIMPIEZA > P10-PRL-LGC-MULTIASPIRADORES,,P10 > P10-PRL-LGC-PRELIMPIEZA > P10-PRL-LGC-MULTIASPIRADORES,P10-PRL-LGC-PRELIMPIEZA,P10 > P10-PRL-LGC-PRELIMPIEZA,,Coincidencia exacta única con elemento Revit. | no aparece en asociacion_contenedor_hijos_final_p10.csv
match_project_revit_preparacion.csv,P10-PRL-MLT-ASP1,MULTI ASPIRADOR KICE 01,asignable_a_contenedor,contenedor_por_ancestro_project,385396,385396,P10 > P10-PRL-LGC-PRELIMPIEZA > P10-PRL-LGC-MULTIASPIRADORES,P10 > P10-PRL-LGC-PRELIMPIEZA > P10-PRL-LGC-MULTIASPIRADORES,P10 > P10-PRL-LGC-PRELIMPIEZA > P10-PRL-LGC-MULTIASPIRADORES > P10-PRL-MLT-ASP1,P10-PRL-LGC-PRELIMPIEZA > P10-PRL-LGC-MULTIASPIRADORES,P10 > P10-PRL-LGC-PRELIMPIEZA > P10-PRL-LGC-MULTIASPIRADORES,,Sin match puntual; contenedor único por ancestro Project P10-PRL-LGC-MULTIASPIRADORES.
match_project_revit_preparacion.csv,P10-PRL-ALM-AS01A,ALIM. ASPIRADOR KICE 01A,asignable_a_contenedor,contenedor_por_ancestro_project,385396,385396,P10 > P10-PRL-LGC-PRELIMPIEZA > P10-PRL-LGC-MULTIASPIRADORES,P10 > P10-PRL-LGC-PRELIMPIEZA > P10-PRL-LGC-MULTIASPIRADORES,P10 > P10-PRL-LGC-PRELIMPIEZA > P10-PRL-LGC-MULTIASPIRADORES > P10-PRL-MLT-ASP1 > P10-PRL-ALM-AS01A,P10-PRL-LGC-PRELIMPIEZA > P10-PRL-LGC-MULTIASPIRADORES > P10-PRL-MLT-ASP1,P10 > P10-PRL-LGC-PRELIMPIEZA > P10-PRL-LGC-MULTIASPIRADORES > P10-PRL-MLT-ASP1,,Sin match puntual; contenedor único por ancestro Project P10-PRL-LGC-MULTIASPIRADORES.
match_project_revit_preparacion.csv,P10-PRL-ALM-AS01B,ALIM. ASPIRADOR KICE 01B,asignable_a_contenedor,contenedor_por_ancestro_project,385396,385396,P10 > P10-PRL-LGC-PRELIMPIEZA > P10-PRL-LGC-MULTIASPIRADORES,P10 > P10-PRL-LGC-PRELIMPIEZA > P10-PRL-LGC-MULTIASPIRADORES,P10 > P10-PRL-LGC-PRELIMPIEZA > P10-PRL-LGC-MULTIASPIRADORES > P10-PRL-MLT-ASP1 > P10-PRL-ALM-AS01B,P10-PRL-LGC-PRELIMPIEZA > P10-PRL-LGC-MULTIASPIRADORES > P10-PRL-MLT-ASP1,P10 > P10-PRL-LGC-PRELIMPIEZA > P10-PRL-LGC-MULTIASPIRADORES > P10-PRL-MLT-ASP1,,Sin match puntual; contenedor único por ancestro Project P10-PRL-LGC-MULTIASPIRADORES.
match_project_revit_preparacion.csv,P10-PRL-VNT-VE01,VENT. ASPIRADORES KICE 01,asignable_a_contenedor,contenedor_por_ancestro_project,385396,385396,P10 > P10-PRL-LGC-PRELIMPIEZA > P10-PRL-LGC-MULTIASPIRADORES,P10 > P10-PRL-LGC-PRELIMPIEZA > P10-PRL-LGC-MULTIASPIRADORES,P10 > P10-PRL-LGC-PRELIMPIEZA > P10-PRL-LGC-MULTIASPIRADORES > P10-PRL-MLT-ASP1 > P10-PRL-VNT-VE01,P10-PRL-LGC-PRELIMPIEZA > P10-PRL-LGC-MULTIASPIRADORES > P10-PRL-MLT-ASP1,P10 > P10-PRL-LGC-PRELIMPIEZA > P10-PRL-LGC-MULTIASPIRADORES > P10-PRL-MLT-ASP1,,Sin match puntual; contenedor único por ancestro Project P10-PRL-LGC-MULTIASPIRADORES.
match_project_revit_preparacion.csv,P10-PRL-CCL-CVE01,CICLON VENT. ASPIRADORES KICE 01,asignable_a_contenedor,contenedor_por_ancestro_project,385396,385396,P10 > P10-PRL-LGC-PRELIMPIEZA > P10-PRL-LGC-MULTIASPIRADORES,P10 > P10-PRL-LGC-PRELIMPIEZA > P10-PRL-LGC-MULTIASPIRADORES,P10 > P10-PRL-LGC-PRELIMPIEZA > P10-PRL-LGC-MULTIASPIRADORES > P10-PRL-MLT-ASP1 > P10-PRL-VNT-VE01 > P10-PRL-CCL-CVE01,P10-PRL-LGC-PRELIMPIEZA > P10-PRL-LGC-MULTIASPIRADORES > P10-PRL-MLT-ASP1 > P10-PRL-VNT-VE01,P10 > P10-PRL-LGC-PRELIMPIEZA > P10-PRL-LGC-MULTIASPIRADORES > P10-PRL-MLT-ASP1 > P10-PRL-VNT-VE01,,Sin match puntual; contenedor único por ancestro Project P10-PRL-LGC-MULTIASPIRADORES.
match_project_revit_preparacion.csv,P10-PRL-VLV-VR01,VALVULA ROTATIVA VR01,asignable_a_contenedor,contenedor_por_ancestro_project,385396,385396,P10 > P10-PRL-LGC-PRELIMPIEZA > P10-PRL-LGC-MULTIASPIRADORES,P10 > P10-PRL-LGC-PRELIMPIEZA > P10-PRL-LGC-MULTIASPIRADORES,P10 > P10-PRL-LGC-PRELIMPIEZA > P10-PRL-LGC-MULTIASPIRADORES > P10-PRL-MLT-ASP1 > P10-PRL-VNT-VE01 > P10-PRL-VLV-VR01,P10-PRL-LGC-PRELIMPIEZA > P10-PRL-LGC-MULTIASPIRADORES > P10-PRL-MLT-ASP1 > P10-PRL-VNT-VE01,P10 > P10-PRL-LGC-PRELIMPIEZA > P10-PRL-LGC-MULTIASPIRADORES > P10-PRL-MLT-ASP1 > P10-PRL-VNT-VE01,,Sin match puntual; contenedor único por ancestro Project P10-PRL-LGC-MULTIASPIRADORES.
match_project_revit_preparacion.csv,P10-PRL-MLT-ASP2,MULTI ASPIRADOR KICE 02,asignable_a_contenedor,contenedor_por_ancestro_project,385396,385396,P10 > P10-PRL-LGC-PRELIMPIEZA > P10-PRL-LGC-MULTIASPIRADORES,P10 > P10-PRL-LGC-PRELIMPIEZA > P10-PRL-LGC-MULTIASPIRADORES,P10 > P10-PRL-LGC-PRELIMPIEZA > P10-PRL-LGC-MULTIASPIRADORES > P10-PRL-MLT-ASP2,P10-PRL-LGC-PRELIMPIEZA > P10-PRL-LGC-MULTIASPIRADORES,P10 > P10-PRL-LGC-PRELIMPIEZA > P10-PRL-LGC-MULTIASPIRADORES,,Sin match puntual; contenedor único por ancestro Project P10-PRL-LGC-MULTIASPIRADORES.
match_project_revit_preparacion.csv,P10-PRL-ALM-AS02A,ALIM. ASPIRADOR KICE 02A,asignable_a_contenedor,contenedor_por_ancestro_project,385396,385396,P10 > P10-PRL-LGC-PRELIMPIEZA > P10-PRL-LGC-MULTIASPIRADORES,P10 > P10-PRL-LGC-PRELIMPIEZA > P10-PRL-LGC-MULTIASPIRADORES,P10 > P10-PRL-LGC-PRELIMPIEZA > P10-PRL-LGC-MULTIASPIRADORES > P10-PRL-MLT-ASP2 > P10-PRL-ALM-AS02A,P10-PRL-LGC-PRELIMPIEZA > P10-PRL-LGC-MULTIASPIRADORES > P10-PRL-MLT-ASP2,P10 > P10-PRL-LGC-PRELIMPIEZA > P10-PRL-LGC-MULTIASPIRADORES > P10-PRL-MLT-ASP2,,Sin match puntual; contenedor único por ancestro Project P10-PRL-LGC-MULTIASPIRADORES.
match_project_revit_preparacion.csv,P10-PRL-ALM-AS02B,ALIM. ASPIRADOR KICE 02B,asignable_a_contenedor,contenedor_por_ancestro_project,385396,385396,P10 > P10-PRL-LGC-PRELIMPIEZA > P10-PRL-LGC-MULTIASPIRADORES,P10 > P10-PRL-LGC-PRELIMPIEZA > P10-PRL-LGC-MULTIASPIRADORES,P10 > P10-PRL-LGC-PRELIMPIEZA > P10-PRL-LGC-MULTIASPIRADORES > P10-PRL-MLT-ASP2 > P10-PRL-ALM-AS02B,P10-PRL-LGC-PRELIMPIEZA > P10-PRL-LGC-MULTIASPIRADORES > P10-PRL-MLT-ASP2,P10 > P10-PRL-LGC-PRELIMPIEZA > P10-PRL-LGC-MULTIASPIRADORES > P10-PRL-MLT-ASP2,,Sin match puntual; contenedor único por ancestro Project P10-PRL-LGC-MULTIASPIRADORES.
match_project_revit_preparacion.csv,P10-PRL-VNT-VE02,VENT. ASPIRADORES KICE 02,asignable_a_contenedor,contenedor_por_ancestro_project,385396,385396,P10 > P10-PRL-LGC-PRELIMPIEZA > P10-PRL-LGC-MULTIASPIRADORES,P10 > P10-PRL-LGC-PRELIMPIEZA > P10-PRL-LGC-MULTIASPIRADORES,P10 > P10-PRL-LGC-PRELIMPIEZA > P10-PRL-LGC-MULTIASPIRADORES > P10-PRL-MLT-ASP2 > P10-PRL-VNT-VE02,P10-PRL-LGC-PRELIMPIEZA > P10-PRL-LGC-MULTIASPIRADORES > P10-PRL-MLT-ASP2,P10 > P10-PRL-LGC-PRELIMPIEZA > P10-PRL-LGC-MULTIASPIRADORES > P10-PRL-MLT-ASP2,,Sin match puntual; contenedor único por ancestro Project P10-PRL-LGC-MULTIASPIRADORES.
match_project_revit_preparacion.csv,P10-PRL-CCL-CVE02,CICLON VENT. ASPIRADORES KICE 02,asignable_a_contenedor,contenedor_por_ancestro_project,385396,385396,P10 > P10-PRL-LGC-PRELIMPIEZA > P10-PRL-LGC-MULTIASPIRADORES,P10 > P10-PRL-LGC-PRELIMPIEZA > P10-PRL-LGC-MULTIASPIRADORES,P10 > P10-PRL-LGC-PRELIMPIEZA > P10-PRL-LGC-MULTIASPIRADORES > P10-PRL-MLT-ASP2 > P10-PRL-VNT-VE02 > P10-PRL-CCL-CVE02,P10-PRL-LGC-PRELIMPIEZA > P10-PRL-LGC-MULTIASPIRADORES > P10-PRL-MLT-ASP2 > P10-PRL-VNT-VE02,P10 > P10-PRL-LGC-PRELIMPIEZA > P10-PRL-LGC-MULTIASPIRADORES > P10-PRL-MLT-ASP2 > P10-PRL-VNT-VE02,,Sin match puntual; contenedor único por ancestro Project P10-PRL-LGC-MULTIASPIRADORES.
match_project_revit_preparacion.csv,P10-PRL-VLV-VR02,VALVULA ROTATIVA VR02,asignable_a_contenedor,contenedor_por_ancestro_project,385396,385396,P10 > P10-PRL-LGC-PRELIMPIEZA > P10-PRL-LGC-MULTIASPIRADORES,P10 > P10-PRL-LGC-PRELIMPIEZA > P10-PRL-LGC-MULTIASPIRADORES,P10 > P10-PRL-LGC-PRELIMPIEZA > P10-PRL-LGC-MULTIASPIRADORES > P10-PRL-MLT-ASP2 > P10-PRL-VNT-VE02 > P10-PRL-VLV-VR02,P10-PRL-LGC-PRELIMPIEZA > P10-PRL-LGC-MULTIASPIRADORES > P10-PRL-MLT-ASP2 > P10-PRL-VNT-VE02,P10 > P10-PRL-LGC-PRELIMPIEZA > P10-PRL-LGC-MULTIASPIRADORES > P10-PRL-MLT-ASP2 > P10-PRL-VNT-VE02,,Sin match puntual; contenedor único por ancestro Project P10-PRL-LGC-MULTIASPIRADORES.
match_project_revit_preparacion.csv,P10-PRL-MLT-ASP3,MULTI ASPIRADOR KICE 03,asignable_a_contenedor,contenedor_por_ancestro_project,385396,385396,P10 > P10-PRL-LGC-PRELIMPIEZA > P10-PRL-LGC-MULTIASPIRADORES,P10 > P10-PRL-LGC-PRELIMPIEZA > P10-PRL-LGC-MULTIASPIRADORES,P10 > P10-PRL-LGC-PRELIMPIEZA > P10-PRL-LGC-MULTIASPIRADORES > P10-PRL-MLT-ASP3,P10-PRL-LGC-PRELIMPIEZA > P10-PRL-LGC-MULTIASPIRADORES,P10 > P10-PRL-LGC-PRELIMPIEZA > P10-PRL-LGC-MULTIASPIRADORES,,Sin match puntual; contenedor único por ancestro Project P10-PRL-LGC-MULTIASPIRADORES.
match_project_revit_preparacion.csv,P10-PRL-ALM-AS03A,ALIM. ASPIRADOR KICE 03A,asignable_a_contenedor,contenedor_por_ancestro_project,385396,385396,P10 > P10-PRL-LGC-PRELIMPIEZA > P10-PRL-LGC-MULTIASPIRADORES,P10 > P10-PRL-LGC-PRELIMPIEZA > P10-PRL-LGC-MULTIASPIRADORES,P10 > P10-PRL-LGC-PRELIMPIEZA > P10-PRL-LGC-MULTIASPIRADORES > P10-PRL-MLT-ASP3 > P10-PRL-ALM-AS03A,P10-PRL-LGC-PRELIMPIEZA > P10-PRL-LGC-MULTIASPIRADORES > P10-PRL-MLT-ASP3,P10 > P10-PRL-LGC-PRELIMPIEZA > P10-PRL-LGC-MULTIASPIRADORES > P10-PRL-MLT-ASP3,,Sin match puntual; contenedor único por ancestro Project P10-PRL-LGC-MULTIASPIRADORES.
match_project_revit_preparacion.csv,P10-PRL-ALM-AS03B,ALIM. ASPIRADOR KICE 03B,asignable_a_contenedor,contenedor_por_ancestro_project,385396,385396,P10 > P10-PRL-LGC-PRELIMPIEZA > P10-PRL-LGC-MULTIASPIRADORES,P10 > P10-PRL-LGC-PRELIMPIEZA > P10-PRL-LGC-MULTIASPIRADORES,P10 > P10-PRL-LGC-PRELIMPIEZA > P10-PRL-LGC-MULTIASPIRADORES > P10-PRL-MLT-ASP3 > P10-PRL-ALM-AS03B,P10-PRL-LGC-PRELIMPIEZA > P10-PRL-LGC-MULTIASPIRADORES > P10-PRL-MLT-ASP3,P10 > P10-PRL-LGC-PRELIMPIEZA > P10-PRL-LGC-MULTIASPIRADORES > P10-PRL-MLT-ASP3,,Sin match puntual; contenedor único por ancestro Project P10-PRL-LGC-MULTIASPIRADORES.
match_project_revit_preparacion.csv,P10-PRL-VNT-VE03,VENT. ASPIRADORES KICE 03,asignable_a_contenedor,contenedor_por_ancestro_project,385396,385396,P10 > P10-PRL-LGC-PRELIMPIEZA > P10-PRL-LGC-MULTIASPIRADORES,P10 > P10-PRL-LGC-PRELIMPIEZA > P10-PRL-LGC-MULTIASPIRADORES,P10 > P10-PRL-LGC-PRELIMPIEZA > P10-PRL-LGC-MULTIASPIRADORES > P10-PRL-MLT-ASP3 > P10-PRL-VNT-VE03,P10-PRL-LGC-PRELIMPIEZA > P10-PRL-LGC-MULTIASPIRADORES > P10-PRL-MLT-ASP3,P10 > P10-PRL-LGC-PRELIMPIEZA > P10-PRL-LGC-MULTIASPIRADORES > P10-PRL-MLT-ASP3,,Sin match puntual; contenedor único por ancestro Project P10-PRL-LGC-MULTIASPIRADORES.
match_project_revit_preparacion.csv,P10-PRL-CCL-CVE03,CICLON VENT. ASPIRADORES KICE 03,asignable_a_contenedor,contenedor_por_ancestro_project,385396,385396,P10 > P10-PRL-LGC-PRELIMPIEZA > P10-PRL-LGC-MULTIASPIRADORES,P10 > P10-PRL-LGC-PRELIMPIEZA > P10-PRL-LGC-MULTIASPIRADORES,P10 > P10-PRL-LGC-PRELIMPIEZA > P10-PRL-LGC-MULTIASPIRADORES > P10-PRL-MLT-ASP3 > P10-PRL-VNT-VE03 > P10-PRL-CCL-CVE03,P10-PRL-LGC-PRELIMPIEZA > P10-PRL-LGC-MULTIASPIRADORES > P10-PRL-MLT-ASP3 > P10-PRL-VNT-VE03,P10 > P10-PRL-LGC-PRELIMPIEZA > P10-PRL-LGC-MULTIASPIRADORES > P10-PRL-MLT-ASP3 > P10-PRL-VNT-VE03,,Sin match puntual; contenedor único por ancestro Project P10-PRL-LGC-MULTIASPIRADORES.
match_project_revit_preparacion.csv,P10-PRL-VLV-VR03,VALVULA ROTATIVA VR03,asignable_a_contenedor,contenedor_por_ancestro_project,385396,385396,P10 > P10-PRL-LGC-PRELIMPIEZA > P10-PRL-LGC-MULTIASPIRADORES,P10 > P10-PRL-LGC-PRELIMPIEZA > P10-PRL-LGC-MULTIASPIRADORES,P10 > P10-PRL-LGC-PRELIMPIEZA > P10-PRL-LGC-MULTIASPIRADORES > P10-PRL-MLT-ASP3 > P10-PRL-VNT-VE03 > P10-PRL-VLV-VR03,P10-PRL-LGC-PRELIMPIEZA > P10-PRL-LGC-MULTIASPIRADORES > P10-PRL-MLT-ASP3 > P10-PRL-VNT-VE03,P10 > P10-PRL-LGC-PRELIMPIEZA > P10-PRL-LGC-MULTIASPIRADORES > P10-PRL-MLT-ASP3 > P10-PRL-VNT-VE03,,Sin match puntual; contenedor único por ancestro Project P10-PRL-LGC-MULTIASPIRADORES.
match_project_revit_preparacion.csv,P10-PRL-RSC-SF08,ROSCA BAJO CICLONES ASPIRADORES KICE,asignable_a_contenedor,contenedor_por_ancestro_project,385396,385396,P10 > P10-PRL-LGC-PRELIMPIEZA > P10-PRL-LGC-MULTIASPIRADORES,P10 > P10-PRL-LGC-PRELIMPIEZA > P10-PRL-LGC-MULTIASPIRADORES,P10 > P10-PRL-LGC-PRELIMPIEZA > P10-PRL-LGC-MULTIASPIRADORES > P10-PRL-RSC-SF08,P10-PRL-LGC-PRELIMPIEZA > P10-PRL-LGC-MULTIASPIRADORES,P10 > P10-PRL-LGC-PRELIMPIEZA > P10-PRL-LGC-MULTIASPIRADORES,,Sin match puntual; contenedor único por ancestro Project P10-PRL-LGC-MULTIASPIRADORES.
match_project_revit_preparacion.csv,P10-PRL-LGC-NORIAS/CINTAS,CONJUNTO DE NORIAS/CINTAS PRELIMPIEZA P10,contenedor_duplicado,contenedor_por_ancestro_project,373540,373540,P10 > P10-PRL-LGC-PRELIMPIEZA > P10-PRL-LGC-SILOS > P10-PRL-SLO-SLO1 DIARIO,P10 > P10-PRL-LGC-PRELIMPIEZA > P10-PRL-LGC-SILOS > P10-PRL-SLO-SLO1 DIARIO,P10 > P10-PRL-LGC-PRELIMPIEZA > P10-PRL-LGC-NORIAS/CINTAS,P10-PRL-LGC-PRELIMPIEZA,P10 > P10-PRL-LGC-PRELIMPIEZA,,Ancestro Project P10-PRL-LGC-PRELIMPIEZA aparece en 8 contenedores. | no aparece en asociacion_contenedor_hijos_final_p10.csv
match_project_revit_preparacion.csv,P10-PRL-CNT-C03,CINTA DE SILOS SUCIA A NORIA N1,contenedor_duplicado,contenedor_por_ancestro_project,373540,373540,P10 > P10-PRL-LGC-PRELIMPIEZA > P10-PRL-LGC-SILOS > P10-PRL-SLO-SLO1 DIARIO,P10 > P10-PRL-LGC-PRELIMPIEZA > P10-PRL-LGC-SILOS > P10-PRL-SLO-SLO1 DIARIO,P10 > P10-PRL-LGC-PRELIMPIEZA > P10-PRL-LGC-NORIAS/CINTAS > P10-PRL-CNT-C03,P10-PRL-LGC-PRELIMPIEZA > P10-PRL-LGC-NORIAS/CINTAS,P10 > P10-PRL-LGC-PRELIMPIEZA > P10-PRL-LGC-NORIAS/CINTAS,,Ancestro Project P10-PRL-LGC-PRELIMPIEZA aparece en 8 contenedores. | no aparece en asociacion_contenedor_hijos_final_p10.csv
match_project_revit_preparacion.csv,P10-PRL-CNT-C02,CINTA TRANSP. C02 SOBRE SILOS DIARIOS,contenedor_duplicado,contenedor_por_ancestro_project,373540,373540,P10 > P10-PRL-LGC-PRELIMPIEZA > P10-PRL-LGC-SILOS > P10-PRL-SLO-SLO1 DIARIO,P10 > P10-PRL-LGC-PRELIMPIEZA > P10-PRL-LGC-SILOS > P10-PRL-SLO-SLO1 DIARIO,P10 > P10-PRL-LGC-PRELIMPIEZA > P10-PRL-LGC-NORIAS/CINTAS > P10-PRL-CNT-C02,P10-PRL-LGC-PRELIMPIEZA > P10-PRL-LGC-NORIAS/CINTAS,P10 > P10-PRL-LGC-PRELIMPIEZA > P10-PRL-LGC-NORIAS/CINTAS,,Ancestro Project P10-PRL-LGC-PRELIMPIEZA aparece en 8 contenedores. | no aparece en asociacion_contenedor_hijos_final_p10.csv
match_project_revit_preparacion.csv,P10-PRL-NOR-N01,NORIA N01 A ZARANDAS ROTATIVAS PRELIMPIEZA,contenedor_duplicado,contenedor_por_ancestro_project,373540,373540,P10 > P10-PRL-LGC-PRELIMPIEZA > P10-PRL-LGC-SILOS > P10-PRL-SLO-SLO1 DIARIO,P10 > P10-PRL-LGC-PRELIMPIEZA > P10-PRL-LGC-SILOS > P10-PRL-SLO-SLO1 DIARIO,P10 > P10-PRL-LGC-PRELIMPIEZA > P10-PRL-LGC-NORIAS/CINTAS > P10-PRL-NOR-N01,P10-PRL-LGC-PRELIMPIEZA > P10-PRL-LGC-NORIAS/CINTAS,P10 > P10-PRL-LGC-PRELIMPIEZA > P10-PRL-LGC-NORIAS/CINTAS,,Ancestro Project P10-PRL-LGC-PRELIMPIEZA aparece en 8 contenedores. | no aparece en asociacion_contenedor_hijos_final_p10.csv
match_project_revit_preparacion.csv,P10-PRL-MND-NML01,MANDO LENTO AUXILIAR N-01,contenedor_duplicado,contenedor_por_ancestro_project,373540,373540,P10 > P10-PRL-LGC-PRELIMPIEZA > P10-PRL-LGC-SILOS > P10-PRL-SLO-SLO1 DIARIO,P10 > P10-PRL-LGC-PRELIMPIEZA > P10-PRL-LGC-SILOS > P10-PRL-SLO-SLO1 DIARIO,P10 > P10-PRL-LGC-PRELIMPIEZA > P10-PRL-LGC-NORIAS/CINTAS > P10-PRL-NOR-N01 > P10-PRL-MND-NML01,P10-PRL-LGC-PRELIMPIEZA > P10-PRL-LGC-NORIAS/CINTAS > P10-PRL-NOR-N01,P10 > P10-PRL-LGC-PRELIMPIEZA > P10-PRL-LGC-NORIAS/CINTAS > P10-PRL-NOR-N01,,Ancestro Project P10-PRL-LGC-PRELIMPIEZA aparece en 8 contenedores. | no aparece en asociacion_contenedor_hijos_final_p10.csv
match_project_revit_preparacion.csv,P10-PRL-NOR-N02,NORIA N02,contenedor_duplicado,contenedor_por_ancestro_project,373540,373540,P10 > P10-PRL-LGC-PRELIMPIEZA > P10-PRL-LGC-SILOS > P10-PRL-SLO-SLO1 DIARIO,P10 > P10-PRL-LGC-PRELIMPIEZA > P10-PRL-LGC-SILOS > P10-PRL-SLO-SLO1 DIARIO,P10 > P10-PRL-LGC-PRELIMPIEZA > P10-PRL-LGC-NORIAS/CINTAS > P10-PRL-NOR-N02,P10-PRL-LGC-PRELIMPIEZA > P10-PRL-LGC-NORIAS/CINTAS,P10 > P10-PRL-LGC-PRELIMPIEZA > P10-PRL-LGC-NORIAS/CINTAS,,Ancestro Project P10-PRL-LGC-PRELIMPIEZA aparece en 8 contenedores. | no aparece en asociacion_contenedor_hijos_final_p10.csv
match_project_revit_preparacion.csv,P10-PRL-MND-NML02,MANDO LENTO AUXILIAR N-02,contenedor_duplicado,contenedor_por_ancestro_project,373540,373540,P10 > P10-PRL-LGC-PRELIMPIEZA > P10-PRL-LGC-SILOS > P10-PRL-SLO-SLO1 DIARIO,P10 > P10-PRL-LGC-PRELIMPIEZA > P10-PRL-LGC-SILOS > P10-PRL-SLO-SLO1 DIARIO,P10 > P10-PRL-LGC-PRELIMPIEZA > P10-PRL-LGC-NORIAS/CINTAS > P10-PRL-NOR-N02 > P10-PRL-MND-NML02,P10-PRL-LGC-PRELIMPIEZA > P10-PRL-LGC-NORIAS/CINTAS > P10-PRL-NOR-N02,P10 > P10-PRL-LGC-PRELIMPIEZA > P10-PRL-LGC-NORIAS/CINTAS > P10-PRL-NOR-N02,,Ancestro Project P10-PRL-LGC-PRELIMPIEZA aparece en 8 contenedores. | no aparece en asociacion_contenedor_hijos_final_p10.csv
match_project_revit_preparacion.csv,P10-PRL-LGC-REDLER,CONJUNTO DE REDLER PRELIMPIEZA P10,duplicado,elemento_puntual,385416,,P10 > P10-PRL-LGC-PRELIMPIEZA > P10-PRL-LGC-REDLER,,P10 > P10-PRL-LGC-PRELIMPIEZA > P10-PRL-LGC-REDLER,P10-PRL-LGC-PRELIMPIEZA,P10 > P10-PRL-LGC-PRELIMPIEZA,,2 elementos Revit contienen el código exacto. | no aparece en asociacion_contenedor_hijos_final_p10.csv
match_project_revit_preparacion.csv,P10-PRL-LGC-REDLER,CONJUNTO DE REDLER PRELIMPIEZA P10,duplicado,elemento_puntual,385436,,P10 > P10-PRL-LGC-PRELIMPIEZA > P10-PRL-LGC-REDLER,,P10 > P10-PRL-LGC-PRELIMPIEZA > P10-PRL-LGC-REDLER,P10-PRL-LGC-PRELIMPIEZA,P10 > P10-PRL-LGC-PRELIMPIEZA,,2 elementos Revit contienen el código exacto. | no aparece en asociacion_contenedor_hijos_final_p10.csv
match_project_revit_preparacion.csv,P10-PRL-RDL-RM01,REDLER DE MERMA,contenedor_duplicado,contenedor_por_ancestro_project,385416,385416,P10 > P10-PRL-LGC-PRELIMPIEZA > P10-PRL-LGC-REDLER,P10 > P10-PRL-LGC-PRELIMPIEZA > P10-PRL-LGC-REDLER,P10 > P10-PRL-LGC-PRELIMPIEZA > P10-PRL-LGC-REDLER > P10-PRL-RDL-RM01,P10-PRL-LGC-PRELIMPIEZA > P10-PRL-LGC-REDLER,P10 > P10-PRL-LGC-PRELIMPIEZA > P10-PRL-LGC-REDLER,,Ancestro Project P10-PRL-LGC-REDLER aparece en 2 contenedores. | no aparece en asociacion_contenedor_hijos_final_p10.csv
match_project_revit_preparacion.csv,P10-PRL-RDL-R01,REDLER R01 DESCARTE DE ZARANDAS ZPP,contenedor_duplicado,contenedor_por_ancestro_project,385416,385416,P10 > P10-PRL-LGC-PRELIMPIEZA > P10-PRL-LGC-REDLER,P10 > P10-PRL-LGC-PRELIMPIEZA > P10-PRL-LGC-REDLER,P10 > P10-PRL-LGC-PRELIMPIEZA > P10-PRL-LGC-REDLER > P10-PRL-RDL-R01,P10-PRL-LGC-PRELIMPIEZA > P10-PRL-LGC-REDLER,P10 > P10-PRL-LGC-PRELIMPIEZA > P10-PRL-LGC-REDLER,,Ancestro Project P10-PRL-LGC-REDLER aparece en 2 contenedores. | no aparece en asociacion_contenedor_hijos_final_p10.csv
match_project_revit_preparacion.csv,P10-PRL-RDL-R02,REDLER R02 DESCARGA ZAR. ZPP03 A SILO LIMPIA,contenedor_duplicado,contenedor_por_ancestro_project,385416,385416,P10 > P10-PRL-LGC-PRELIMPIEZA > P10-PRL-LGC-REDLER,P10 > P10-PRL-LGC-PRELIMPIEZA > P10-PRL-LGC-REDLER,P10 > P10-PRL-LGC-PRELIMPIEZA > P10-PRL-LGC-REDLER > P10-PRL-RDL-R02,P10-PRL-LGC-PRELIMPIEZA > P10-PRL-LGC-REDLER,P10 > P10-PRL-LGC-PRELIMPIEZA > P10-PRL-LGC-REDLER,,Ancestro Project P10-PRL-LGC-REDLER aparece en 2 contenedores. | no aparece en asociacion_contenedor_hijos_final_p10.csv
match_project_revit_preparacion.csv,P10-PRL-RDL-R03,REDLER R03 DOBLE DESCARGA SOBRE BEAN HEATHERS,contenedor_duplicado,contenedor_por_ancestro_project,385416,385416,P10 > P10-PRL-LGC-PRELIMPIEZA > P10-PRL-LGC-REDLER,P10 > P10-PRL-LGC-PRELIMPIEZA > P10-PRL-LGC-REDLER,P10 > P10-PRL-LGC-PRELIMPIEZA > P10-PRL-LGC-REDLER > P10-PRL-RDL-R03,P10-PRL-LGC-PRELIMPIEZA > P10-PRL-LGC-REDLER,P10 > P10-PRL-LGC-PRELIMPIEZA > P10-PRL-LGC-REDLER,,Ancestro Project P10-PRL-LGC-REDLER aparece en 2 contenedores. | no aparece en asociacion_contenedor_hijos_final_p10.csv
match_project_revit_preparacion.csv,P10-PRL-RDL-RR01,REDLER RR01 SALIDA ZARANDA ROTATIVA ZR01,contenedor_duplicado,contenedor_por_ancestro_project,385416,385416,P10 > P10-PRL-LGC-PRELIMPIEZA > P10-PRL-LGC-REDLER,P10 > P10-PRL-LGC-PRELIMPIEZA > P10-PRL-LGC-REDLER,P10 > P10-PRL-LGC-PRELIMPIEZA > P10-PRL-LGC-REDLER > P10-PRL-RDL-RR01,P10-PRL-LGC-PRELIMPIEZA > P10-PRL-LGC-REDLER,P10 > P10-PRL-LGC-PRELIMPIEZA > P10-PRL-LGC-REDLER,,Ancestro Project P10-PRL-LGC-REDLER aparece en 2 contenedores. | no aparece en asociacion_contenedor_hijos_final_p10.csv
match_project_revit_preparacion.csv,P10-PRL-RDL-RR02,REDLER RR02 SALIDA ZARANDA ROTATIVA ZR02,contenedor_duplicado,contenedor_por_ancestro_project,385416,385416,P10 > P10-PRL-LGC-PRELIMPIEZA > P10-PRL-LGC-REDLER,P10 > P10-PRL-LGC-PRELIMPIEZA > P10-PRL-LGC-REDLER,P10 > P10-PRL-LGC-PRELIMPIEZA > P10-PRL-LGC-REDLER > P10-PRL-RDL-RR02,P10-PRL-LGC-PRELIMPIEZA > P10-PRL-LGC-REDLER,P10 > P10-PRL-LGC-PRELIMPIEZA > P10-PRL-LGC-REDLER,,Ancestro Project P10-PRL-LGC-REDLER aparece en 2 contenedores. | no aparece en asociacion_contenedor_hijos_final_p10.csv
match_project_revit_preparacion.csv,P10-PRL-RDL-RR03,REDLER RR03 SOBRE ASPIRADORES KICE <INCL>,contenedor_duplicado,contenedor_por_ancestro_project,385416,385416,P10 > P10-PRL-LGC-PRELIMPIEZA > P10-PRL-LGC-REDLER,P10 > P10-PRL-LGC-PRELIMPIEZA > P10-PRL-LGC-REDLER,P10 > P10-PRL-LGC-PRELIMPIEZA > P10-PRL-LGC-REDLER > P10-PRL-RDL-RR03,P10-PRL-LGC-PRELIMPIEZA > P10-PRL-LGC-REDLER,P10 > P10-PRL-LGC-PRELIMPIEZA > P10-PRL-LGC-REDLER,,Ancestro Project P10-PRL-LGC-REDLER aparece en 2 contenedores. | no aparece en asociacion_contenedor_hijos_final_p10.csv
match_project_revit_preparacion.csv,P10-PRL-LGC-SILOS,CONJUNTO DE SILOS PRELIMPIEZA P10,duplicado,elemento_puntual,373540,,P10 > P10-PRL-LGC-PRELIMPIEZA > P10-PRL-LGC-SILOS > P10-PRL-SLO-SLO1 DIARIO,,P10 > P10-PRL-LGC-PRELIMPIEZA > P10-PRL-LGC-SILOS,P10-PRL-LGC-PRELIMPIEZA,P10 > P10-PRL-LGC-PRELIMPIEZA,,3 elementos Revit contienen el código exacto. | no aparece en asociacion_contenedor_hijos_final_p10.csv
match_project_revit_preparacion.csv,P10-PRL-LGC-SILOS,CONJUNTO DE SILOS PRELIMPIEZA P10,duplicado,elemento_puntual,373591,,P10 > P10-PRL-LGC-PRELIMPIEZA > P10-PRL-LGC-SILOS > P10-PRL-SLO-SLO2 DIARIO,,P10 > P10-PRL-LGC-PRELIMPIEZA > P10-PRL-LGC-SILOS,P10-PRL-LGC-PRELIMPIEZA,P10 > P10-PRL-LGC-PRELIMPIEZA,,3 elementos Revit contienen el código exacto. | no aparece en asociacion_contenedor_hijos_final_p10.csv
match_project_revit_preparacion.csv,P10-PRL-LGC-SILOS,CONJUNTO DE SILOS PRELIMPIEZA P10,duplicado,elemento_puntual,384012,,P10 > P10-PRL-LGC-PRELIMPIEZA > P10-PRL-LGC-SILOS > P10-PRL-SLO-SRECUP,,P10 > P10-PRL-LGC-PRELIMPIEZA > P10-PRL-LGC-SILOS,P10-PRL-LGC-PRELIMPIEZA,P10 > P10-PRL-LGC-PRELIMPIEZA,,3 elementos Revit contienen el código exacto. | no aparece en asociacion_contenedor_hijos_final_p10.csv
match_project_revit_preparacion.csv,P10-PRL-SLO-SLO2,SILO DIARIO <ESTE>,match_elemento_puntual,elemento_puntual,373591,,P10 > P10-PRL-LGC-PRELIMPIEZA > P10-PRL-LGC-SILOS > P10-PRL-SLO-SLO2 DIARIO,,P10 > P10-PRL-LGC-PRELIMPIEZA > P10-PRL-LGC-SILOS > P10-PRL-SLO-SLO2 DIARIO,P10-PRL-LGC-PRELIMPIEZA > P10-PRL-LGC-SILOS,P10 > P10-PRL-LGC-PRELIMPIEZA > P10-PRL-LGC-SILOS,,Coincidencia exacta única con elemento Revit. | no aparece en asociacion_contenedor_hijos_final_p10.csv
match_project_revit_preparacion.csv,P10-PRL-VLV-VG06,VALVULA A GUILLOTINA DESCARGA DE SILO SUCIA 1,contenedor_duplicado,contenedor_por_ancestro_project,373540,373540,P10 > P10-PRL-LGC-PRELIMPIEZA > P10-PRL-LGC-SILOS > P10-PRL-SLO-SLO1 DIARIO,P10 > P10-PRL-LGC-PRELIMPIEZA > P10-PRL-LGC-SILOS > P10-PRL-SLO-SLO1 DIARIO,P10 > P10-PRL-LGC-PRELIMPIEZA > P10-PRL-LGC-SILOS > P10-PRL-SLO-SLO2 DIARIO > P10-PRL-VLV-VG06,P10-PRL-LGC-PRELIMPIEZA > P10-PRL-LGC-SILOS > P10-PRL-SLO-SLO2,P10 > P10-PRL-LGC-PRELIMPIEZA > P10-PRL-LGC-SILOS > P10-PRL-SLO-SLO2 DIARIO,,Ancestro Project P10-PRL-LGC-SILOS aparece en 3 contenedores. | no aparece en asociacion_contenedor_hijos_final_p10.csv
match_project_revit_preparacion.csv,P10-PRL-VLV-VG07,VALVULA A GUILLOTINA DESCARGA DE SILO SUCIA 1,contenedor_duplicado,contenedor_por_ancestro_project,373540,373540,P10 > P10-PRL-LGC-PRELIMPIEZA > P10-PRL-LGC-SILOS > P10-PRL-SLO-SLO1 DIARIO,P10 > P10-PRL-LGC-PRELIMPIEZA > P10-PRL-LGC-SILOS > P10-PRL-SLO-SLO1 DIARIO,P10 > P10-PRL-LGC-PRELIMPIEZA > P10-PRL-LGC-SILOS > P10-PRL-SLO-SLO2 DIARIO > P10-PRL-VLV-VG07,P10-PRL-LGC-PRELIMPIEZA > P10-PRL-LGC-SILOS > P10-PRL-SLO-SLO2,P10 > P10-PRL-LGC-PRELIMPIEZA > P10-PRL-LGC-SILOS > P10-PRL-SLO-SLO2 DIARIO,,Ancestro Project P10-PRL-LGC-SILOS aparece en 3 contenedores. | no aparece en asociacion_contenedor_hijos_final_p10.csv
match_project_revit_preparacion.csv,P10-PRL-VLV-VN2A,VALVULA NEUMATICA SILO DIARIO 2,contenedor_duplicado,contenedor_por_ancestro_project,373540,373540,P10 > P10-PRL-LGC-PRELIMPIEZA > P10-PRL-LGC-SILOS > P10-PRL-SLO-SLO1 DIARIO,P10 > P10-PRL-LGC-PRELIMPIEZA > P10-PRL-LGC-SILOS > P10-PRL-SLO-SLO1 DIARIO,P10 > P10-PRL-LGC-PRELIMPIEZA > P10-PRL-LGC-SILOS > P10-PRL-SLO-SLO2 DIARIO > P10-PRL-VLV-VN2A,P10-PRL-LGC-PRELIMPIEZA > P10-PRL-LGC-SILOS > P10-PRL-SLO-SLO2,P10 > P10-PRL-LGC-PRELIMPIEZA > P10-PRL-LGC-SILOS > P10-PRL-SLO-SLO2 DIARIO,,Ancestro Project P10-PRL-LGC-SILOS aparece en 3 contenedores. | no aparece en asociacion_contenedor_hijos_final_p10.csv
match_project_revit_preparacion.csv,P10-PRL-VLV-VN2B,VALVULA NEUMATICA SILO DIARIO 2,contenedor_duplicado,contenedor_por_ancestro_project,373540,373540,P10 > P10-PRL-LGC-PRELIMPIEZA > P10-PRL-LGC-SILOS > P10-PRL-SLO-SLO1 DIARIO,P10 > P10-PRL-LGC-PRELIMPIEZA > P10-PRL-LGC-SILOS > P10-PRL-SLO-SLO1 DIARIO,P10 > P10-PRL-LGC-PRELIMPIEZA > P10-PRL-LGC-SILOS > P10-PRL-SLO-SLO2 DIARIO > P10-PRL-VLV-VN2B,P10-PRL-LGC-PRELIMPIEZA > P10-PRL-LGC-SILOS > P10-PRL-SLO-SLO2,P10 > P10-PRL-LGC-PRELIMPIEZA > P10-PRL-LGC-SILOS > P10-PRL-SLO-SLO2 DIARIO,,Ancestro Project P10-PRL-LGC-SILOS aparece en 3 contenedores. | no aparece en asociacion_contenedor_hijos_final_p10.csv
match_project_revit_preparacion.csv,P10-PRL-SLO-SLO1,SILO DIARIO <OESTE>,match_elemento_puntual,elemento_puntual,373540,,P10 > P10-PRL-LGC-PRELIMPIEZA > P10-PRL-LGC-SILOS > P10-PRL-SLO-SLO1 DIARIO,,P10 > P10-PRL-LGC-PRELIMPIEZA > P10-PRL-LGC-SILOS > P10-PRL-SLO-SLO1 DIARIO,P10-PRL-LGC-PRELIMPIEZA > P10-PRL-LGC-SILOS,P10 > P10-PRL-LGC-PRELIMPIEZA > P10-PRL-LGC-SILOS,,Coincidencia exacta única con elemento Revit. | no aparece en asociacion_contenedor_hijos_final_p10.csv
match_project_revit_preparacion.csv,P10-PRL-VLV-VG04,SE DESMONTÓ LA VALVULA Y SE MONTÓ UNA ROSCA VALVULA A GUILLOTINA DESCARGA DE SILO SUCIA 2,contenedor_duplicado,contenedor_por_ancestro_project,373540,373540,P10 > P10-PRL-LGC-PRELIMPIEZA > P10-PRL-LGC-SILOS > P10-PRL-SLO-SLO1 DIARIO,P10 > P10-PRL-LGC-PRELIMPIEZA > P10-PRL-LGC-SILOS > P10-PRL-SLO-SLO1 DIARIO,P10 > P10-PRL-LGC-PRELIMPIEZA > P10-PRL-LGC-SILOS > P10-PRL-SLO-SLO1 DIARIO > P10-PRL-VLV-VG04,P10-PRL-LGC-PRELIMPIEZA > P10-PRL-LGC-SILOS > P10-PRL-SLO-SLO1,P10 > P10-PRL-LGC-PRELIMPIEZA > P10-PRL-LGC-SILOS > P10-PRL-SLO-SLO1 DIARIO,,Ancestro Project P10-PRL-LGC-SILOS aparece en 3 contenedores. | no aparece en asociacion_contenedor_hijos_final_p10.csv
match_project_revit_preparacion.csv,P10-PRL-VLV-VG05,VALVULA A GUILLOTINA DESCARGA DE SILO SUCIA 2,contenedor_duplicado,contenedor_por_ancestro_project,373540,373540,P10 > P10-PRL-LGC-PRELIMPIEZA > P10-PRL-LGC-SILOS > P10-PRL-SLO-SLO1 DIARIO,P10 > P10-PRL-LGC-PRELIMPIEZA > P10-PRL-LGC-SILOS > P10-PRL-SLO-SLO1 DIARIO,P10 > P10-PRL-LGC-PRELIMPIEZA > P10-PRL-LGC-SILOS > P10-PRL-SLO-SLO1 DIARIO > P10-PRL-VLV-VG05,P10-PRL-LGC-PRELIMPIEZA > P10-PRL-LGC-SILOS > P10-PRL-SLO-SLO1,P10 > P10-PRL-LGC-PRELIMPIEZA > P10-PRL-LGC-SILOS > P10-PRL-SLO-SLO1 DIARIO,,Ancestro Project P10-PRL-LGC-SILOS aparece en 3 contenedores. | no aparece en asociacion_contenedor_hijos_final_p10.csv
match_project_revit_preparacion.csv,P10-PRL-VLV-VN1A,VALVULA NEUMATICA SILO DIARIO 1,contenedor_duplicado,contenedor_por_ancestro_project,373540,373540,P10 > P10-PRL-LGC-PRELIMPIEZA > P10-PRL-LGC-SILOS > P10-PRL-SLO-SLO1 DIARIO,P10 > P10-PRL-LGC-PRELIMPIEZA > P10-PRL-LGC-SILOS > P10-PRL-SLO-SLO1 DIARIO,P10 > P10-PRL-LGC-PRELIMPIEZA > P10-PRL-LGC-SILOS > P10-PRL-SLO-SLO1 DIARIO > P10-PRL-VLV-VN1A,P10-PRL-LGC-PRELIMPIEZA > P10-PRL-LGC-SILOS > P10-PRL-SLO-SLO1,P10 > P10-PRL-LGC-PRELIMPIEZA > P10-PRL-LGC-SILOS > P10-PRL-SLO-SLO1 DIARIO,,Ancestro Project P10-PRL-LGC-SILOS aparece en 3 contenedores. | no aparece en asociacion_contenedor_hijos_final_p10.csv
match_project_revit_preparacion.csv,P10-PRL-VLV-VN1B,VALVULA NEUMATICA SILO DIARIO 1,contenedor_duplicado,contenedor_por_ancestro_project,373540,373540,P10 > P10-PRL-LGC-PRELIMPIEZA > P10-PRL-LGC-SILOS > P10-PRL-SLO-SLO1 DIARIO,P10 > P10-PRL-LGC-PRELIMPIEZA > P10-PRL-LGC-SILOS > P10-PRL-SLO-SLO1 DIARIO,P10 > P10-PRL-LGC-PRELIMPIEZA > P10-PRL-LGC-SILOS > P10-PRL-SLO-SLO1 DIARIO > P10-PRL-VLV-VN1B,P10-PRL-LGC-PRELIMPIEZA > P10-PRL-LGC-SILOS > P10-PRL-SLO-SLO1,P10 > P10-PRL-LGC-PRELIMPIEZA > P10-PRL-LGC-SILOS > P10-PRL-SLO-SLO1 DIARIO,,Ancestro Project P10-PRL-LGC-SILOS aparece en 3 contenedores. | no aparece en asociacion_contenedor_hijos_final_p10.csv
match_project_revit_preparacion.csv,P10-PRL-SLO-SLO3,SILO PULMON <300 TN>,contenedor_duplicado,contenedor_por_ancestro_project,373540,373540,P10 > P10-PRL-LGC-PRELIMPIEZA > P10-PRL-LGC-SILOS > P10-PRL-SLO-SLO1 DIARIO,P10 > P10-PRL-LGC-PRELIMPIEZA > P10-PRL-LGC-SILOS > P10-PRL-SLO-SLO1 DIARIO,P10 > P10-PRL-LGC-PRELIMPIEZA > P10-PRL-LGC-SILOS > P10-PRL-SLO-SLO3 LIMPIA,P10-PRL-LGC-PRELIMPIEZA > P10-PRL-LGC-SILOS,P10 > P10-PRL-LGC-PRELIMPIEZA > P10-PRL-LGC-SILOS,,Ancestro Project P10-PRL-LGC-SILOS aparece en 3 contenedores. | no aparece en asociacion_contenedor_hijos_final_p10.csv
match_project_revit_preparacion.csv,P10-PRL-VLV-VG09,VALVULA A GUILLOTINA DESC. SILO PRINCIPAL LIMPIA,contenedor_duplicado,contenedor_por_ancestro_project,373540,373540,P10 > P10-PRL-LGC-PRELIMPIEZA > P10-PRL-LGC-SILOS > P10-PRL-SLO-SLO1 DIARIO,P10 > P10-PRL-LGC-PRELIMPIEZA > P10-PRL-LGC-SILOS > P10-PRL-SLO-SLO1 DIARIO,P10 > P10-PRL-LGC-PRELIMPIEZA > P10-PRL-LGC-SILOS > P10-PRL-SLO-SLO3 LIMPIA > P10-PRL-VLV-VG09,P10-PRL-LGC-PRELIMPIEZA > P10-PRL-LGC-SILOS > P10-PRL-SLO-SLO3,P10 > P10-PRL-LGC-PRELIMPIEZA > P10-PRL-LGC-SILOS > P10-PRL-SLO-SLO3 LIMPIA,,Ancestro Project P10-PRL-LGC-SILOS aparece en 3 contenedores. | no aparece en asociacion_contenedor_hijos_final_p10.csv
match_project_revit_preparacion.csv,P10-PRL-VLV-VG08,VALVULA GUILL MANUAL DESC. SILO PRINCIPAL LIMPIA,contenedor_duplicado,contenedor_por_ancestro_project,373540,373540,P10 > P10-PRL-LGC-PRELIMPIEZA > P10-PRL-LGC-SILOS > P10-PRL-SLO-SLO1 DIARIO,P10 > P10-PRL-LGC-PRELIMPIEZA > P10-PRL-LGC-SILOS > P10-PRL-SLO-SLO1 DIARIO,P10 > P10-PRL-LGC-PRELIMPIEZA > P10-PRL-LGC-SILOS > P10-PRL-SLO-SLO3 LIMPIA > P10-PRL-VLV-VG08,P10-PRL-LGC-PRELIMPIEZA > P10-PRL-LGC-SILOS > P10-PRL-SLO-SLO3,P10 > P10-PRL-LGC-PRELIMPIEZA > P10-PRL-LGC-SILOS > P10-PRL-SLO-SLO3 LIMPIA,,Ancestro Project P10-PRL-LGC-SILOS aparece en 3 contenedores. | no aparece en asociacion_contenedor_hijos_final_p10.csv
match_project_revit_preparacion.csv,P10-PRL-SLO-SRECUP,SILO RECUPERO P10,match_elemento_puntual,elemento_puntual,384012,,P10 > P10-PRL-LGC-PRELIMPIEZA > P10-PRL-LGC-SILOS > P10-PRL-SLO-SRECUP,,P10 > P10-PRL-LGC-PRELIMPIEZA > P10-PRL-LGC-SILOS > P10-PRL-SLO-SRECUP,P10-PRL-LGC-PRELIMPIEZA > P10-PRL-LGC-SILOS,P10 > P10-PRL-LGC-PRELIMPIEZA > P10-PRL-LGC-SILOS,,Coincidencia exacta única con elemento Revit. | no aparece en asociacion_contenedor_hijos_final_p10.csv
match_project_revit_preparacion.csv,P10-PRL-VLV-VR19,ROTATIVA DE SILO RECUPERO A C3,asignable_a_contenedor,contenedor_por_ancestro_project,384012,384012,P10 > P10-PRL-LGC-PRELIMPIEZA > P10-PRL-LGC-SILOS > P10-PRL-SLO-SRECUP,P10 > P10-PRL-LGC-PRELIMPIEZA > P10-PRL-LGC-SILOS > P10-PRL-SLO-SRECUP,P10 > P10-PRL-LGC-PRELIMPIEZA > P10-PRL-LGC-SILOS > P10-PRL-SLO-SRECUP > P10-PRL-VLV-VR19,P10-PRL-LGC-PRELIMPIEZA > P10-PRL-LGC-SILOS > P10-PRL-SLO-SRECUP,P10 > P10-PRL-LGC-PRELIMPIEZA > P10-PRL-LGC-SILOS > P10-PRL-SLO-SRECUP,,Sin match puntual; contenedor único por ancestro Project P10-PRL-SLO-SRECUP.
match_project_revit_preparacion.csv,P10-PRL-LGC-VALVULAS,CONJUNTO DE VALVULAS VGP PRELIMPIEZA P10,contenedor_duplicado,contenedor_por_ancestro_project,373540,373540,P10 > P10-PRL-LGC-PRELIMPIEZA > P10-PRL-LGC-SILOS > P10-PRL-SLO-SLO1 DIARIO,P10 > P10-PRL-LGC-PRELIMPIEZA > P10-PRL-LGC-SILOS > P10-PRL-SLO-SLO1 DIARIO,P10 > P10-PRL-LGC-PRELIMPIEZA > P10-PRL-LGC-VALVULAS VGP,P10-PRL-LGC-PRELIMPIEZA,P10 > P10-PRL-LGC-PRELIMPIEZA,,Ancestro Project P10-PRL-LGC-PRELIMPIEZA aparece en 8 contenedores. | no aparece en asociacion_contenedor_hijos_final_p10.csv
match_project_revit_preparacion.csv,P10-PRL-VLV-VGP01,VALVULA A GUILLOTINA 01 INGRESO A PLANTA,contenedor_duplicado,contenedor_por_ancestro_project,373540,373540,P10 > P10-PRL-LGC-PRELIMPIEZA > P10-PRL-LGC-SILOS > P10-PRL-SLO-SLO1 DIARIO,P10 > P10-PRL-LGC-PRELIMPIEZA > P10-PRL-LGC-SILOS > P10-PRL-SLO-SLO1 DIARIO,P10 > P10-PRL-LGC-PRELIMPIEZA > P10-PRL-LGC-VALVULAS VGP > P10-PRL-VLV-VGP01,P10-PRL-LGC-PRELIMPIEZA > P10-PRL-LGC-VALVULAS,P10 > P10-PRL-LGC-PRELIMPIEZA > P10-PRL-LGC-VALVULAS VGP,,Ancestro Project P10-PRL-LGC-PRELIMPIEZA aparece en 8 contenedores. | no aparece en asociacion_contenedor_hijos_final_p10.csv
match_project_revit_preparacion.csv,P10-PRL-VLV-VGP02,VALVULA A GUILLOTINA 02 CARGA ZR01,contenedor_duplicado,contenedor_por_ancestro_project,373540,373540,P10 > P10-PRL-LGC-PRELIMPIEZA > P10-PRL-LGC-SILOS > P10-PRL-SLO-SLO1 DIARIO,P10 > P10-PRL-LGC-PRELIMPIEZA > P10-PRL-LGC-SILOS > P10-PRL-SLO-SLO1 DIARIO,P10 > P10-PRL-LGC-PRELIMPIEZA > P10-PRL-LGC-VALVULAS VGP > P10-PRL-VLV-VGP02,P10-PRL-LGC-PRELIMPIEZA > P10-PRL-LGC-VALVULAS,P10 > P10-PRL-LGC-PRELIMPIEZA > P10-PRL-LGC-VALVULAS VGP,,Ancestro Project P10-PRL-LGC-PRELIMPIEZA aparece en 8 contenedores. | no aparece en asociacion_contenedor_hijos_final_p10.csv
match_project_revit_preparacion.csv,P10-PRL-VLV-VGP03,VALVULA A GUILLOTINA 03 CARGA ZR02,contenedor_duplicado,contenedor_por_ancestro_project,373540,373540,P10 > P10-PRL-LGC-PRELIMPIEZA > P10-PRL-LGC-SILOS > P10-PRL-SLO-SLO1 DIARIO,P10 > P10-PRL-LGC-PRELIMPIEZA > P10-PRL-LGC-SILOS > P10-PRL-SLO-SLO1 DIARIO,P10 > P10-PRL-LGC-PRELIMPIEZA > P10-PRL-LGC-VALVULAS VGP > P10-PRL-VLV-VGP03,P10-PRL-LGC-PRELIMPIEZA > P10-PRL-LGC-VALVULAS,P10 > P10-PRL-LGC-PRELIMPIEZA > P10-PRL-LGC-VALVULAS VGP,,Ancestro Project P10-PRL-LGC-PRELIMPIEZA aparece en 8 contenedores. | no aparece en asociacion_contenedor_hijos_final_p10.csv
match_project_revit_preparacion.csv,P10-PRL-VLV-VGP04,VALVULA A GUILLOTINA 04 BY-PASS PRELIMPIEZA,contenedor_duplicado,contenedor_por_ancestro_project,373540,373540,P10 > P10-PRL-LGC-PRELIMPIEZA > P10-PRL-LGC-SILOS > P10-PRL-SLO-SLO1 DIARIO,P10 > P10-PRL-LGC-PRELIMPIEZA > P10-PRL-LGC-SILOS > P10-PRL-SLO-SLO1 DIARIO,P10 > P10-PRL-LGC-PRELIMPIEZA > P10-PRL-LGC-VALVULAS VGP > P10-PRL-VLV-VGP04,P10-PRL-LGC-PRELIMPIEZA > P10-PRL-LGC-VALVULAS,P10 > P10-PRL-LGC-PRELIMPIEZA > P10-PRL-LGC-VALVULAS VGP,,Ancestro Project P10-PRL-LGC-PRELIMPIEZA aparece en 8 contenedores. | no aparece en asociacion_contenedor_hijos_final_p10.csv
match_project_revit_preparacion.csv,P10-PRL-LGC-ZARANDAS,CONJUNTO DE ZARANDAS PRELIMPIEZA P10,contenedor_duplicado,contenedor_por_ancestro_project,373540,373540,P10 > P10-PRL-LGC-PRELIMPIEZA > P10-PRL-LGC-SILOS > P10-PRL-SLO-SLO1 DIARIO,P10 > P10-PRL-LGC-PRELIMPIEZA > P10-PRL-LGC-SILOS > P10-PRL-SLO-SLO1 DIARIO,P10 > P10-PRL-LGC-PRELIMPIEZA > P10-PRL-LGC-ZARANDAS,P10-PRL-LGC-PRELIMPIEZA,P10 > P10-PRL-LGC-PRELIMPIEZA,,Ancestro Project P10-PRL-LGC-PRELIMPIEZA aparece en 8 contenedores. | no aparece en asociacion_contenedor_hijos_final_p10.csv
match_project_revit_preparacion.csv,P10-PRL-ZRN-ZPP01,ZARANDA 01 ROTEX MODELO 732S GC,contenedor_duplicado,contenedor_por_ancestro_project,373540,373540,P10 > P10-PRL-LGC-PRELIMPIEZA > P10-PRL-LGC-SILOS > P10-PRL-SLO-SLO1 DIARIO,P10 > P10-PRL-LGC-PRELIMPIEZA > P10-PRL-LGC-SILOS > P10-PRL-SLO-SLO1 DIARIO,P10 > P10-PRL-LGC-PRELIMPIEZA > P10-PRL-LGC-ZARANDAS > P10-PRL-ZRN-ZPP01,P10-PRL-LGC-PRELIMPIEZA > P10-PRL-LGC-ZARANDAS,P10 > P10-PRL-LGC-PRELIMPIEZA > P10-PRL-LGC-ZARANDAS,,Ancestro Project P10-PRL-LGC-PRELIMPIEZA aparece en 8 contenedores. | no aparece en asociacion_contenedor_hijos_final_p10.csv
match_project_revit_preparacion.csv,P10-PRL-ZRN-ZPP02,ZARANDA 02 ROTEX MODELO 732S GC,contenedor_duplicado,contenedor_por_ancestro_project,373540,373540,P10 > P10-PRL-LGC-PRELIMPIEZA > P10-PRL-LGC-SILOS > P10-PRL-SLO-SLO1 DIARIO,P10 > P10-PRL-LGC-PRELIMPIEZA > P10-PRL-LGC-SILOS > P10-PRL-SLO-SLO1 DIARIO,P10 > P10-PRL-LGC-PRELIMPIEZA > P10-PRL-LGC-ZARANDAS > P10-PRL-ZRN-ZPP02,P10-PRL-LGC-PRELIMPIEZA > P10-PRL-LGC-ZARANDAS,P10 > P10-PRL-LGC-PRELIMPIEZA > P10-PRL-LGC-ZARANDAS,,Ancestro Project P10-PRL-LGC-PRELIMPIEZA aparece en 8 contenedores. | no aparece en asociacion_contenedor_hijos_final_p10.csv
match_project_revit_preparacion.csv,P10-PRL-ZRN-ZPP03,ZARANDA 03 ROTEX MODELO 732S GC,contenedor_duplicado,contenedor_por_ancestro_project,373540,373540,P10 > P10-PRL-LGC-PRELIMPIEZA > P10-PRL-LGC-SILOS > P10-PRL-SLO-SLO1 DIARIO,P10 > P10-PRL-LGC-PRELIMPIEZA > P10-PRL-LGC-SILOS > P10-PRL-SLO-SLO1 DIARIO,P10 > P10-PRL-LGC-PRELIMPIEZA > P10-PRL-LGC-ZARANDAS > P10-PRL-ZRN-ZPP03,P10-PRL-LGC-PRELIMPIEZA > P10-PRL-LGC-ZARANDAS,P10 > P10-PRL-LGC-PRELIMPIEZA > P10-PRL-LGC-ZARANDAS,,Ancestro Project P10-PRL-LGC-PRELIMPIEZA aparece en 8 contenedores. | no aparece en asociacion_contenedor_hijos_final_p10.csv
match_project_revit_preparacion.csv,P10-PRL-FLT-FMPRELIMP,FILTRO DE MANGAS PRELIMPIEZA,contenedor_duplicado,contenedor_por_ancestro_project,373540,373540,P10 > P10-PRL-LGC-PRELIMPIEZA > P10-PRL-LGC-SILOS > P10-PRL-SLO-SLO1 DIARIO,P10 > P10-PRL-LGC-PRELIMPIEZA > P10-PRL-LGC-SILOS > P10-PRL-SLO-SLO1 DIARIO,P10 > P10-PRL-LGC-PRELIMPIEZA > P10-PRL-FLT-FMPRELIMP,P10-PRL-LGC-PRELIMPIEZA,P10 > P10-PRL-LGC-PRELIMPIEZA,,Ancestro Project P10-PRL-LGC-PRELIMPIEZA aparece en 8 contenedores. | no aparece en asociacion_contenedor_hijos_final_p10.csv
match_project_revit_preparacion.csv,P10-PRL-BRL-BRL1,BRAZO ROT. LIMPIEZA FILTRO MANGAS FMPRELIMP,contenedor_duplicado,contenedor_por_ancestro_project,373540,373540,P10 > P10-PRL-LGC-PRELIMPIEZA > P10-PRL-LGC-SILOS > P10-PRL-SLO-SLO1 DIARIO,P10 > P10-PRL-LGC-PRELIMPIEZA > P10-PRL-LGC-SILOS > P10-PRL-SLO-SLO1 DIARIO,P10 > P10-PRL-LGC-PRELIMPIEZA > P10-PRL-FLT-FMPRELIMP > P10-PRL-BRL-BRL1,P10-PRL-LGC-PRELIMPIEZA > P10-PRL-FLT-FMPRELIMP,P10 > P10-PRL-LGC-PRELIMPIEZA > P10-PRL-FLT-FMPRELIMP,,Ancestro Project P10-PRL-LGC-PRELIMPIEZA aparece en 8 contenedores. | no aparece en asociacion_contenedor_hijos_final_p10.csv
match_project_revit_preparacion.csv,P10-PRL-RSC-SF01,ROSCA BAJO FILTRO MANGAS A VR04 FMPRELIMP,contenedor_duplicado,contenedor_por_ancestro_project,373540,373540,P10 > P10-PRL-LGC-PRELIMPIEZA > P10-PRL-LGC-SILOS > P10-PRL-SLO-SLO1 DIARIO,P10 > P10-PRL-LGC-PRELIMPIEZA > P10-PRL-LGC-SILOS > P10-PRL-SLO-SLO1 DIARIO,P10 > P10-PRL-LGC-PRELIMPIEZA > P10-PRL-FLT-FMPRELIMP > P10-PRL-RSC-SF01,P10-PRL-LGC-PRELIMPIEZA > P10-PRL-FLT-FMPRELIMP,P10 > P10-PRL-LGC-PRELIMPIEZA > P10-PRL-FLT-FMPRELIMP,,Ancestro Project P10-PRL-LGC-PRELIMPIEZA aparece en 8 contenedores. | no aparece en asociacion_contenedor_hijos_final_p10.csv
match_project_revit_preparacion.csv,P10-PRL-VLV-VR04,VALV ROT DESC. SIN FIN B/FILTRO DE MANGAS FMPRELIMP,contenedor_duplicado,contenedor_por_ancestro_project,373540,373540,P10 > P10-PRL-LGC-PRELIMPIEZA > P10-PRL-LGC-SILOS > P10-PRL-SLO-SLO1 DIARIO,P10 > P10-PRL-LGC-PRELIMPIEZA > P10-PRL-LGC-SILOS > P10-PRL-SLO-SLO1 DIARIO,P10 > P10-PRL-LGC-PRELIMPIEZA > P10-PRL-FLT-FMPRELIMP > P10-PRL-VLV-VR04,P10-PRL-LGC-PRELIMPIEZA > P10-PRL-FLT-FMPRELIMP,P10 > P10-PRL-LGC-PRELIMPIEZA > P10-PRL-FLT-FMPRELIMP,,Ancestro Project P10-PRL-LGC-PRELIMPIEZA aparece en 8 contenedores. | no aparece en asociacion_contenedor_hijos_final_p10.csv
match_project_revit_preparacion.csv,P10-PRL-VNT-VE67,VENT. LIMPIEZA FILTRO MANGAS FMPRELIMP,contenedor_duplicado,contenedor_por_ancestro_project,373540,373540,P10 > P10-PRL-LGC-PRELIMPIEZA > P10-PRL-LGC-SILOS > P10-PRL-SLO-SLO1 DIARIO,P10 > P10-PRL-LGC-PRELIMPIEZA > P10-PRL-LGC-SILOS > P10-PRL-SLO-SLO1 DIARIO,P10 > P10-PRL-LGC-PRELIMPIEZA > P10-PRL-FLT-FMPRELIMP > P10-PRL-VNT-VE67,P10-PRL-LGC-PRELIMPIEZA > P10-PRL-FLT-FMPRELIMP,P10 > P10-PRL-LGC-PRELIMPIEZA > P10-PRL-FLT-FMPRELIMP,,Ancestro Project P10-PRL-LGC-PRELIMPIEZA aparece en 8 contenedores. | no aparece en asociacion_contenedor_hijos_final_p10.csv
match_project_revit_preparacion.csv,P10-PRL-VNT-VE04,VENTILADOR FILTRO DE MANGAS FMPRELIMP,contenedor_duplicado,contenedor_por_ancestro_project,373540,373540,P10 > P10-PRL-LGC-PRELIMPIEZA > P10-PRL-LGC-SILOS > P10-PRL-SLO-SLO1 DIARIO,P10 > P10-PRL-LGC-PRELIMPIEZA > P10-PRL-LGC-SILOS > P10-PRL-SLO-SLO1 DIARIO,P10 > P10-PRL-LGC-PRELIMPIEZA > P10-PRL-FLT-FMPRELIMP > P10-PRL-VNT-VE04,P10-PRL-LGC-PRELIMPIEZA > P10-PRL-FLT-FMPRELIMP,P10 > P10-PRL-LGC-PRELIMPIEZA > P10-PRL-FLT-FMPRELIMP,,Ancestro Project P10-PRL-LGC-PRELIMPIEZA aparece en 8 contenedores. | no aparece en asociacion_contenedor_hijos_final_p10.csv
match_project_revit_preparacion.csv,P10-PRL-LGC-MERMA,SECTOR MERMA PRELIMPIEZA P10,match_elemento_puntual,elemento_puntual,385248,,P10 > P10-PRL-LGC-PRELIMPIEZA > P10-PRL-LGC-MERMA,,P10 > P10-PRL-LGC-PRELIMPIEZA > P10-PRL-LGC-MERMA,P10-PRL-LGC-PRELIMPIEZA,P10 > P10-PRL-LGC-PRELIMPIEZA,,Coincidencia exacta única con elemento Revit. | no aparece en asociacion_contenedor_hijos_final_p10.csv
match_project_revit_preparacion.csv,P10-PRL-BTD-BA06,BATIDORA DEL DESPREDADOR BA06,asignable_a_contenedor,contenedor_por_ancestro_project,385248,385248,P10 > P10-PRL-LGC-PRELIMPIEZA > P10-PRL-LGC-MERMA,P10 > P10-PRL-LGC-PRELIMPIEZA > P10-PRL-LGC-MERMA,P10 > P10-PRL-LGC-PRELIMPIEZA > P10-PRL-LGC-MERMA > P10-PRL-BTD-BA06,P10-PRL-LGC-PRELIMPIEZA > P10-PRL-LGC-MERMA,P10 > P10-PRL-LGC-PRELIMPIEZA > P10-PRL-LGC-MERMA,,Sin match puntual; contenedor único por ancestro Project P10-PRL-LGC-MERMA.
match_project_revit_preparacion.csv,P10-PRL-RSC-SF20,ROSCA SF20 INGRESO AL DESPEDRADOR,asignable_a_contenedor,contenedor_por_ancestro_project,385248,385248,P10 > P10-PRL-LGC-PRELIMPIEZA > P10-PRL-LGC-MERMA,P10 > P10-PRL-LGC-PRELIMPIEZA > P10-PRL-LGC-MERMA,P10 > P10-PRL-LGC-PRELIMPIEZA > P10-PRL-LGC-MERMA > P10-PRL-BTD-BA06 > P10-PRL-RSC-SF20,P10-PRL-LGC-PRELIMPIEZA > P10-PRL-LGC-MERMA > P10-PRL-BTD-BA06,P10 > P10-PRL-LGC-PRELIMPIEZA > P10-PRL-LGC-MERMA > P10-PRL-BTD-BA06,,Sin match puntual; contenedor único por ancestro Project P10-PRL-LGC-MERMA.
match_project_revit_preparacion.csv,P10-PRL-DSP-DSP01,DSP01 P10 ASPIRADOR/DESPEDRADOR,asignable_a_contenedor,contenedor_por_ancestro_project,385248,385248,P10 > P10-PRL-LGC-PRELIMPIEZA > P10-PRL-LGC-MERMA,P10 > P10-PRL-LGC-PRELIMPIEZA > P10-PRL-LGC-MERMA,P10 > P10-PRL-LGC-PRELIMPIEZA > P10-PRL-LGC-MERMA > P10-PRL-DSP-DSP01,P10-PRL-LGC-PRELIMPIEZA > P10-PRL-LGC-MERMA,P10 > P10-PRL-LGC-PRELIMPIEZA > P10-PRL-LGC-MERMA,,Sin match puntual; contenedor único por ancestro Project P10-PRL-LGC-MERMA.
match_project_revit_preparacion.csv,P10-PRL-ALM-M3DP,ALIMENTADOR INFERIOR ASPITRADOR DESPREDADOR,asignable_a_contenedor,contenedor_por_ancestro_project,385248,385248,P10 > P10-PRL-LGC-PRELIMPIEZA > P10-PRL-LGC-MERMA,P10 > P10-PRL-LGC-PRELIMPIEZA > P10-PRL-LGC-MERMA,P10 > P10-PRL-LGC-PRELIMPIEZA > P10-PRL-LGC-MERMA > P10-PRL-DSP-DSP01 > P10-PRL-ALM-M3DP,P10-PRL-LGC-PRELIMPIEZA > P10-PRL-LGC-MERMA > P10-PRL-DSP-DSP01,P10 > P10-PRL-LGC-PRELIMPIEZA > P10-PRL-LGC-MERMA > P10-PRL-DSP-DSP01,,Sin match puntual; contenedor único por ancestro Project P10-PRL-LGC-MERMA.
match_project_revit_preparacion.csv,P10-PRL-ALM-M2DP,ALIMENTADOR SUPERIOR ASPITRADOR DESPREDADOR,asignable_a_contenedor,contenedor_por_ancestro_project,385248,385248,P10 > P10-PRL-LGC-PRELIMPIEZA > P10-PRL-LGC-MERMA,P10 > P10-PRL-LGC-PRELIMPIEZA > P10-PRL-LGC-MERMA,P10 > P10-PRL-LGC-PRELIMPIEZA > P10-PRL-LGC-MERMA > P10-PRL-DSP-DSP01 > P10-PRL-ALM-M2DP,P10-PRL-LGC-PRELIMPIEZA > P10-PRL-LGC-MERMA > P10-PRL-DSP-DSP01,P10 > P10-PRL-LGC-PRELIMPIEZA > P10-PRL-LGC-MERMA > P10-PRL-DSP-DSP01,,Sin match puntual; contenedor único por ancestro Project P10-PRL-LGC-MERMA.
match_project_revit_preparacion.csv,P10-PRL-VLV-VR36,ROTATIVA SALIDA DESPEDRADOR,asignable_a_contenedor,contenedor_por_ancestro_project,385248,385248,P10 > P10-PRL-LGC-PRELIMPIEZA > P10-PRL-LGC-MERMA,P10 > P10-PRL-LGC-PRELIMPIEZA > P10-PRL-LGC-MERMA,P10 > P10-PRL-LGC-PRELIMPIEZA > P10-PRL-LGC-MERMA > P10-PRL-DSP-DSP01 > P10-PRL-VLV-VR36,P10-PRL-LGC-PRELIMPIEZA > P10-PRL-LGC-MERMA > P10-PRL-DSP-DSP01,P10 > P10-PRL-LGC-PRELIMPIEZA > P10-PRL-LGC-MERMA > P10-PRL-DSP-DSP01,,Sin match puntual; contenedor único por ancestro Project P10-PRL-LGC-MERMA.
match_project_revit_preparacion.csv,P10-PRL-RSC-SF19,SALIDA DE DESPEDRADOR,asignable_a_contenedor,contenedor_por_ancestro_project,385248,385248,P10 > P10-PRL-LGC-PRELIMPIEZA > P10-PRL-LGC-MERMA,P10 > P10-PRL-LGC-PRELIMPIEZA > P10-PRL-LGC-MERMA,P10 > P10-PRL-LGC-PRELIMPIEZA > P10-PRL-LGC-MERMA > P10-PRL-DSP-DSP01 > P10-PRL-RSC-SF19,P10-PRL-LGC-PRELIMPIEZA > P10-PRL-LGC-MERMA > P10-PRL-DSP-DSP01,P10 > P10-PRL-LGC-PRELIMPIEZA > P10-PRL-LGC-MERMA > P10-PRL-DSP-DSP01,,Sin match puntual; contenedor único por ancestro Project P10-PRL-LGC-MERMA.
match_project_revit_preparacion.csv,P10-PRL-VNT-M1DP,VENTILADOR DE DESPEDRADOR,asignable_a_contenedor,contenedor_por_ancestro_project,385248,385248,P10 > P10-PRL-LGC-PRELIMPIEZA > P10-PRL-LGC-MERMA,P10 > P10-PRL-LGC-PRELIMPIEZA > P10-PRL-LGC-MERMA,P10 > P10-PRL-LGC-PRELIMPIEZA > P10-PRL-LGC-MERMA > P10-PRL-DSP-DSP01 > P10-PRL-VNT-M1DP,P10-PRL-LGC-PRELIMPIEZA > P10-PRL-LGC-MERMA > P10-PRL-DSP-DSP01,P10 > P10-PRL-LGC-PRELIMPIEZA > P10-PRL-LGC-MERMA > P10-PRL-DSP-DSP01,,Sin match puntual; contenedor único por ancestro Project P10-PRL-LGC-MERMA.
match_project_revit_preparacion.csv,P10-PRL-RSC-SF16,ROSCA BAJO BA06,asignable_a_contenedor,contenedor_por_ancestro_project,385248,385248,P10 > P10-PRL-LGC-PRELIMPIEZA > P10-PRL-LGC-MERMA,P10 > P10-PRL-LGC-PRELIMPIEZA > P10-PRL-LGC-MERMA,P10 > P10-PRL-LGC-PRELIMPIEZA > P10-PRL-LGC-MERMA > P10-PRL-RSC-SF16,P10-PRL-LGC-PRELIMPIEZA > P10-PRL-LGC-MERMA,P10 > P10-PRL-LGC-PRELIMPIEZA > P10-PRL-LGC-MERMA,,Sin match puntual; contenedor único por ancestro Project P10-PRL-LGC-MERMA.
match_project_revit_preparacion.csv,P10-PRL-ZRN-ZR01,ZARANDA ROTATIVA 01 (OESTE),contenedor_duplicado,contenedor_por_ancestro_project,373540,373540,P10 > P10-PRL-LGC-PRELIMPIEZA > P10-PRL-LGC-SILOS > P10-PRL-SLO-SLO1 DIARIO,P10 > P10-PRL-LGC-PRELIMPIEZA > P10-PRL-LGC-SILOS > P10-PRL-SLO-SLO1 DIARIO,P10 > P10-PRL-LGC-PRELIMPIEZA > P10-PRL-ZRN-ZR01,P10-PRL-LGC-PRELIMPIEZA,P10 > P10-PRL-LGC-PRELIMPIEZA,,Ancestro Project P10-PRL-LGC-PRELIMPIEZA aparece en 8 contenedores. | no aparece en asociacion_contenedor_hijos_final_p10.csv
match_project_revit_preparacion.csv,P10-PRL-ALM-ZRA01,ALIM. ZARAN. ROT. ZR01,contenedor_duplicado,contenedor_por_ancestro_project,373540,373540,P10 > P10-PRL-LGC-PRELIMPIEZA > P10-PRL-LGC-SILOS > P10-PRL-SLO-SLO1 DIARIO,P10 > P10-PRL-LGC-PRELIMPIEZA > P10-PRL-LGC-SILOS > P10-PRL-SLO-SLO1 DIARIO,P10 > P10-PRL-LGC-PRELIMPIEZA > P10-PRL-ZRN-ZR01 > P10-PRL-ALM-ZRA01,P10-PRL-LGC-PRELIMPIEZA > P10-PRL-ZRN-ZR01,P10 > P10-PRL-LGC-PRELIMPIEZA > P10-PRL-ZRN-ZR01,,Ancestro Project P10-PRL-LGC-PRELIMPIEZA aparece en 8 contenedores. | no aparece en asociacion_contenedor_hijos_final_p10.csv
match_project_revit_preparacion.csv,P10-PRL-ZRN-ZR02,ZARANDA ROTATIVA 02 (ESTE),contenedor_duplicado,contenedor_por_ancestro_project,373540,373540,P10 > P10-PRL-LGC-PRELIMPIEZA > P10-PRL-LGC-SILOS > P10-PRL-SLO-SLO1 DIARIO,P10 > P10-PRL-LGC-PRELIMPIEZA > P10-PRL-LGC-SILOS > P10-PRL-SLO-SLO1 DIARIO,P10 > P10-PRL-LGC-PRELIMPIEZA > P10-PRL-ZRN-ZR02,P10-PRL-LGC-PRELIMPIEZA,P10 > P10-PRL-LGC-PRELIMPIEZA,,Ancestro Project P10-PRL-LGC-PRELIMPIEZA aparece en 8 contenedores. | no aparece en asociacion_contenedor_hijos_final_p10.csv
match_project_revit_preparacion.csv,P10-PRL-ALM-ZRA02,ALIM. ZARAN. ROT. ZR02,contenedor_duplicado,contenedor_por_ancestro_project,373540,373540,P10 > P10-PRL-LGC-PRELIMPIEZA > P10-PRL-LGC-SILOS > P10-PRL-SLO-SLO1 DIARIO,P10 > P10-PRL-LGC-PRELIMPIEZA > P10-PRL-LGC-SILOS > P10-PRL-SLO-SLO1 DIARIO,P10 > P10-PRL-LGC-PRELIMPIEZA > P10-PRL-ZRN-ZR02 > P10-PRL-ALM-ZRA02,P10-PRL-LGC-PRELIMPIEZA > P10-PRL-ZRN-ZR02,P10 > P10-PRL-LGC-PRELIMPIEZA > P10-PRL-ZRN-ZR02,,Ancestro Project P10-PRL-LGC-PRELIMPIEZA aparece en 8 contenedores. | no aparece en asociacion_contenedor_hijos_final_p10.csv
match_project_revit_preparacion.csv,P10-SRV-VLV-SGR,VALVULA DE SEGURIDAD DE SUB-ESTACION DE GAS DE ENTRADA CALDERA P10,contenedor_duplicado,contenedor_por_ancestro_project,176327,176327,P10 > P10-SRV-LGC-SERVICIOS > P10-ADM-OFC-OFICINA MANT,P10 > P10-SRV-LGC-SERVICIOS > P10-ADM-OFC-OFICINA MANT,P10 > P10-SRV-LGC-SERVICIOS > P10-SRV-CLD-CMB CALDERA > P10-SRV-LGC-VALV CONTROL CLD > P10-SRV-VLV-PCV-001 > P10-SRV-VLV-SGR SUB-EST GAS,P10-SRV-LGC-SERVICIOS > P10-SRV-CLD-CMB > P10-SRV-LGC-VALV > P10-SRV-VLV-PCV-001,P10 > P10-SRV-LGC-SERVICIOS > P10-SRV-CLD-CMB CALDERA > P10-SRV-LGC-VALV CONTROL CLD > P10-SRV-VLV-PCV-001,,Código repetido en Project 6 veces. Ancestro Project P10-SRV-LGC-SERVICIOS aparece en 21 contenedores. | no aparece en asociacion_contenedor_hijos_final_p10.csv
match_project_revit_preparacion.csv,P10-GRL-LGC-EQUIPOS,CONJUNTO DE EQUIPOS DE SEGURIDAD P10,duplicado,elemento_puntual,377972,,P10 > P10-GRL-LGC-EQUIPOS SEGURIDAD,,P10 > P10-GRL-LGC-EQUIPOS SEGURIDAD,,P10,,Código repetido en Project 2 veces. 2 elementos Revit contienen el código exacto. | no aparece en asociacion_contenedor_hijos_final_p10.csv
match_project_revit_preparacion.csv,P10-GRL-LGC-EQUIPOS,CONJUNTO DE EQUIPOS DE SEGURIDAD P10,duplicado,elemento_puntual,381172,,P10 > P10-GRL-LGC-EQUIPOS IZAJE,,P10 > P10-GRL-LGC-EQUIPOS SEGURIDAD,,P10,,Código repetido en Project 2 veces. 2 elementos Revit contienen el código exacto. | no aparece en asociacion_contenedor_hijos_final_p10.csv
match_project_revit_preparacion.csv,P10-SRA-BMB-BO70,BOMBA BO70 RED INCENDIO (ELECTROBOMBA),asignable_a_contenedor,contenedor_por_scoring,282497,282497,P10 > P10-EXT-LGC-EXTRACCION > P10-EXT-EXT-M202 > P10-EXT-LGC-BMB RECIRCULACION,P10 > P10-EXT-LGC-EXTRACCION > P10-EXT-EXT-M202 > P10-EXT-LGC-BMB RECIRCULACION,P10 > P10-GRL-LGC-EQUIPOS SEGURIDAD > P10-SRA-BMB-BO70,P10-GRL-LGC-EQUIPOS,P10 > P10-GRL-LGC-EQUIPOS SEGURIDAD,,Sin match puntual; contenedor único por scoring (diferencia 70).
match_project_revit_preparacion.csv,P10-SRA-BMB-JOCKEY,JOCKEY CHICA GRUNDFOS - Primera que se coloco,asignable_a_contenedor,contenedor_por_scoring,282497,282497,P10 > P10-EXT-LGC-EXTRACCION > P10-EXT-EXT-M202 > P10-EXT-LGC-BMB RECIRCULACION,P10 > P10-EXT-LGC-EXTRACCION > P10-EXT-EXT-M202 > P10-EXT-LGC-BMB RECIRCULACION,P10 > P10-GRL-LGC-EQUIPOS SEGURIDAD > P10-SRA-BMB-JOCKEY 01,P10-GRL-LGC-EQUIPOS,P10 > P10-GRL-LGC-EQUIPOS SEGURIDAD,,Código repetido en Project 2 veces. Sin match puntual; contenedor único por scoring (diferencia 70).
match_project_revit_preparacion.csv,P10-SRA-BMB-BOIN,MOTOBOMBA BOIN INCENDIO (DIESEL),asignable_a_contenedor,contenedor_por_scoring,282497,282497,P10 > P10-EXT-LGC-EXTRACCION > P10-EXT-EXT-M202 > P10-EXT-LGC-BMB RECIRCULACION,P10 > P10-EXT-LGC-EXTRACCION > P10-EXT-EXT-M202 > P10-EXT-LGC-BMB RECIRCULACION,P10 > P10-GRL-LGC-EQUIPOS SEGURIDAD > P10-SRA-BMB-BOIN,P10-GRL-LGC-EQUIPOS,P10 > P10-GRL-LGC-EQUIPOS SEGURIDAD,,Sin match puntual; contenedor único por scoring (diferencia 70).
match_project_revit_preparacion.csv,P10-SRA-MTD-MDBOIN,MOTOR DIESEL BOMBA LUCHA CONTRA INCENDIO (MOTOR PERKINS 4006C-23TAG3A SERIE Nº DGD062001U7184L),sin_contenedor,sin_asociacion,,,,,P10 > P10-GRL-LGC-EQUIPOS SEGURIDAD > P10-SRA-BMB-BOIN > P10-SRA-MTD-MDBOIN,P10-GRL-LGC-EQUIPOS > P10-SRA-BMB-BOIN,P10 > P10-GRL-LGC-EQUIPOS SEGURIDAD > P10-SRA-BMB-BOIN,,Ningún contenedor supera puntaje mínimo 40. | no aparece en asociacion_contenedor_hijos_final_p10.csv
match_project_revit_preparacion.csv,P10-SRA-SLA-SALA,SALA DE BOMBA DIESEL DE RED DE INCENDIO,sin_contenedor,sin_asociacion,,,,,P10 > P10-GRL-LGC-EQUIPOS SEGURIDAD > P10-SRA-SLA-SALA BOIN,P10-GRL-LGC-EQUIPOS,P10 > P10-GRL-LGC-EQUIPOS SEGURIDAD,,Ningún contenedor supera puntaje mínimo 40. | no aparece en asociacion_contenedor_hijos_final_p10.csv
match_project_revit_preparacion.csv,P10-SRA-VLV-VSBOIN,VALVULA DE SEGURIDAD DE MOTOR DIESEL RED INCENDIO P10,sin_contenedor,sin_asociacion,,,,,P10 > P10-GRL-LGC-EQUIPOS SEGURIDAD > P10-SRA-SLA-SALA BOIN > P10-SRA-VLV-VSBOIN,P10-GRL-LGC-EQUIPOS > P10-SRA-SLA-SALA,P10 > P10-GRL-LGC-EQUIPOS SEGURIDAD > P10-SRA-SLA-SALA BOIN,,Ningún contenedor supera puntaje mínimo 40. | no aparece en asociacion_contenedor_hijos_final_p10.csv
match_project_revit_preparacion.csv,P10-GRL-SRN-SIRPRP,SIRENA ALARMA DE EMERGENCIA PREPARACION P10,contenedor_duplicado,contenedor,377972,377972,P10 > P10-GRL-LGC-EQUIPOS SEGURIDAD,P10 > P10-GRL-LGC-EQUIPOS SEGURIDAD,P10 > P10-GRL-LGC-EQUIPOS SEGURIDAD > P10-GRL-SRN-SIRPRP,P10-GRL-LGC-EQUIPOS,P10 > P10-GRL-LGC-EQUIPOS SEGURIDAD,,"Scoring ambiguo: mejor=80, segundo=80, diferencia=0. | no aparece en asociacion_contenedor_hijos_final_p10.csv"
match_project_revit_preparacion.csv,P10-SRA-TNQ-TKRED,TANQUE RED INCENDIO,sin_contenedor,sin_asociacion,,,,,P10 > P10-GRL-LGC-EQUIPOS SEGURIDAD > P10-SRA-TNQ-TKRED,P10-GRL-LGC-EQUIPOS,P10 > P10-GRL-LGC-EQUIPOS SEGURIDAD,,Ningún contenedor supera puntaje mínimo 40. | no aparece en asociacion_contenedor_hijos_final_p10.csv
match_project_revit_preparacion.csv,P10-SRA-BMB-DOSIF,BOMBA DOSIFICACION APL A TK VERDE RED DE INCENDIO,asignable_a_contenedor,contenedor_por_scoring,282497,282497,P10 > P10-EXT-LGC-EXTRACCION > P10-EXT-EXT-M202 > P10-EXT-LGC-BMB RECIRCULACION,P10 > P10-EXT-LGC-EXTRACCION > P10-EXT-EXT-M202 > P10-EXT-LGC-BMB RECIRCULACION,P10 > P10-GRL-LGC-EQUIPOS SEGURIDAD > P10-SRA-TNQ-TKRED > P10-SRA-BMB-DOSIF APL,P10-GRL-LGC-EQUIPOS > P10-SRA-TNQ-TKRED,P10 > P10-GRL-LGC-EQUIPOS SEGURIDAD > P10-SRA-TNQ-TKRED,,Sin match puntual; contenedor único por scoring (diferencia 70).
match_project_revit_preparacion.csv,P10-APR-APA02,APAREJO ELECTRICO MOLINOS DESCASCARADO P10,sin_contenedor,sin_asociacion,,,,,P10 > P10-GRL-LGC-EQUIPOS IZAJE > P10-APR-APA02 MOL CASC,P10-GRL-LGC-EQUIPOS,P10 > P10-GRL-LGC-EQUIPOS IZAJE,,Ningún contenedor supera puntaje mínimo 40. | no aparece en asociacion_contenedor_hijos_final_p10.csv
match_project_revit_preparacion.csv,P10-APR-APA04,APAREJO ELECTRICO PELLETERAS P10,sin_contenedor,sin_asociacion,,,,,P10 > P10-GRL-LGC-EQUIPOS IZAJE > P10-APR-APA04 PELLET,P10-GRL-LGC-EQUIPOS,P10 > P10-GRL-LGC-EQUIPOS IZAJE,,Ningún contenedor supera puntaje mínimo 40. | no aparece en asociacion_contenedor_hijos_final_p10.csv
match_project_revit_preparacion.csv,P10-APR-APA03,APAREJO ELECTRICO ROLOS QUEBRADORES DESCASCARADO P10,sin_contenedor,sin_asociacion,,,,,P10 > P10-GRL-LGC-EQUIPOS IZAJE > P10-APR-APA03 QUEB 1RA PAS,P10-GRL-LGC-EQUIPOS,P10 > P10-GRL-LGC-EQUIPOS IZAJE,,Ningún contenedor supera puntaje mínimo 40. | no aparece en asociacion_contenedor_hijos_final_p10.csv
match_project_revit_preparacion.csv,P10-APR-APA01,APAREJO ELECTRICO TALLER P10,sin_contenedor,sin_asociacion,,,,,P10 > P10-GRL-LGC-EQUIPOS IZAJE > P10-APR-APA01 TALLER,P10-GRL-LGC-EQUIPOS,P10 > P10-GRL-LGC-EQUIPOS IZAJE,,Ningún contenedor supera puntaje mínimo 40. | no aparece en asociacion_contenedor_hijos_final_p10.csv
match_project_revit_preparacion.csv,P10-APR-APA05,APAREJO ELECTRICO ZARANDAS ROTEX DESCASCARADO,sin_contenedor,sin_asociacion,,,,,P10 > P10-GRL-LGC-EQUIPOS IZAJE > P10-APR-APA05 ZAR ROTEX,P10-GRL-LGC-EQUIPOS,P10 > P10-GRL-LGC-EQUIPOS IZAJE,,Ningún contenedor supera puntaje mínimo 40. | no aparece en asociacion_contenedor_hijos_final_p10.csv
match_project_revit_preparacion.csv,P10-TLLM-GND-GND01,GUINDOLA CERTIFICADA GND01,sin_contenedor,sin_asociacion,,,,,P10 > P10-GRL-LGC-EQUIPOS IZAJE > P10-TLLM-GND-GND01,P10-GRL-LGC-EQUIPOS,P10 > P10-GRL-LGC-EQUIPOS IZAJE,,Ningún contenedor supera puntaje mínimo 40. | no aparece en asociacion_contenedor_hijos_final_p10.csv
match_project_revit_preparacion.csv,P10-PRP-PRC-PERCHA,PERCHA PARA MOVIMIENTO DE EXPANDER 1800,contenedor_duplicado,contenedor,281815,281815,P10 > P10-PRP-LGC-PREPARACION > P10-PRP-LGC-REDLER,P10 > P10-PRP-LGC-PREPARACION > P10-PRP-LGC-REDLER,P10 > P10-GRL-LGC-EQUIPOS IZAJE > P10-PRP-PRC-PERCHA EXP,P10-GRL-LGC-EQUIPOS,P10 > P10-GRL-LGC-EQUIPOS IZAJE,,"Scoring ambiguo: mejor=80, segundo=80, diferencia=0. | no aparece en asociacion_contenedor_hijos_final_p10.csv"
match_project_revit_preparacion.csv,P10-LGC-EQUIPOS,EQUIPO LOGICOS ZONAS DE SUPERVISORES P10,contenedor_duplicado,contenedor,377972,377972,P10 > P10-GRL-LGC-EQUIPOS SEGURIDAD,P10 > P10-GRL-LGC-EQUIPOS SEGURIDAD,P10 > P10-LGC-EQUIPOS LOGICOS,,P10,,"Código repetido en Project 3 veces. Scoring ambiguo: mejor=200, segundo=200, diferencia=0. | no aparece en asociacion_contenedor_hijos_final_p10.csv"
match_project_revit_preparacion.csv,P10-LGC-ZONA,EQUIPOS DE ZONA ELECTRICA O1,contenedor_duplicado,contenedor,373540,373540,P10 > P10-PRL-LGC-PRELIMPIEZA > P10-PRL-LGC-SILOS > P10-PRL-SLO-SLO1 DIARIO,P10 > P10-PRL-LGC-PRELIMPIEZA > P10-PRL-LGC-SILOS > P10-PRL-SLO-SLO1 DIARIO,P10 > P10-LGC-EQUIPOS LOGICOS > P10-LGC-ZONA ELE O1,P10-LGC-EQUIPOS,P10 > P10-LGC-EQUIPOS LOGICOS,,"Código repetido en Project 8 veces. Scoring ambiguo: mejor=50, segundo=50, diferencia=0. | no aparece en asociacion_contenedor_hijos_final_p10.csv"
match_project_revit_preparacion.csv,P10-LGC-RUTAS,RUTAS DE LUBRICACION P10,contenedor_duplicado,contenedor,373540,373540,P10 > P10-PRL-LGC-PRELIMPIEZA > P10-PRL-LGC-SILOS > P10-PRL-SLO-SLO1 DIARIO,P10 > P10-PRL-LGC-PRELIMPIEZA > P10-PRL-LGC-SILOS > P10-PRL-SLO-SLO1 DIARIO,P10 > P10-LGC-EQUIPOS LOGICOS > P10-LGC-RUTAS DE LUBRICACION,P10-LGC-EQUIPOS,P10 > P10-LGC-EQUIPOS LOGICOS,,"Código repetido en Project 2 veces. Scoring ambiguo: mejor=50, segundo=50, diferencia=0. | no aparece en asociacion_contenedor_hijos_final_p10.csv"
match_project_revit_preparacion.csv,P10-GRL-LGC-MAQUINARIAS,MAQUINARIAS P10,contenedor_duplicado,contenedor,377972,377972,P10 > P10-GRL-LGC-EQUIPOS SEGURIDAD,P10 > P10-GRL-LGC-EQUIPOS SEGURIDAD,P10 > P10-GRL-LGC-MAQUINARIAS,,P10,,"Scoring ambiguo: mejor=230, segundo=230, diferencia=0. | no aparece en asociacion_contenedor_hijos_final_p10.csv"
match_project_revit_preparacion.csv,P10-RPS-LGC-REPUESTOS,"REPUESTOS DE P10 EN STOCK, ACTIVOS MOVILES",contenedor_duplicado,contenedor,373540,373540,P10 > P10-PRL-LGC-PRELIMPIEZA > P10-PRL-LGC-SILOS > P10-PRL-SLO-SLO1 DIARIO,P10 > P10-PRL-LGC-PRELIMPIEZA > P10-PRL-LGC-SILOS > P10-PRL-SLO-SLO1 DIARIO,P10 > P10-RPS-LGC-REPUESTOS,,P10,,"Scoring ambiguo: mejor=70, segundo=70, diferencia=0. | no aparece en asociacion_contenedor_hijos_final_p10.csv"
match_project_revit_preparacion.csv,P10-RPS-LGC-EN,"REPUESTOS DE P10 EN REPARACION, ACTIVOS MOVILES",contenedor_duplicado,contenedor,373540,373540,P10 > P10-PRL-LGC-PRELIMPIEZA > P10-PRL-LGC-SILOS > P10-PRL-SLO-SLO1 DIARIO,P10 > P10-PRL-LGC-PRELIMPIEZA > P10-PRL-LGC-SILOS > P10-PRL-SLO-SLO1 DIARIO,P10 > P10-RPS-LGC-REPUESTOS > P10-RPS-LGC-EN REPARACION,P10-RPS-LGC-REPUESTOS,P10 > P10-RPS-LGC-REPUESTOS,,"Scoring ambiguo: mejor=70, segundo=70, diferencia=0. | no aparece en asociacion_contenedor_hijos_final_p10.csv"
match_project_revit_preparacion.csv,P10-PLL-LGC-PELLETERA,SECTOR PELLETEADO P10,contenedor_duplicado,contenedor,373540,373540,P10 > P10-PRL-LGC-PRELIMPIEZA > P10-PRL-LGC-SILOS > P10-PRL-SLO-SLO1 DIARIO,P10 > P10-PRL-LGC-PRELIMPIEZA > P10-PRL-LGC-SILOS > P10-PRL-SLO-SLO1 DIARIO,P10 > P10-PLL-LGC-PELLETERA,,P10,,"Scoring ambiguo: mejor=70, segundo=70, diferencia=0. | no aparece en asociacion_contenedor_hijos_final_p10.csv"
match_project_revit_revision.csv,P10-DSC-LGC-CONJUNTO,CONJUNTO DE CCC SEGUNDA PASADA DESCASCARADO P10,duplicado,elemento_puntual,378308,,P10 > P10-DSC-LGC-DESCASCARADO > P10-DSC-LGC-CONJUNTO CCD 1RA,,P10 > P10-DSC-LGC-DESCASCARADO > P10-DSC-LGC-CONJUNTO CCC 2DA,P10-DSC-LGC-DESCASCARADO,P10 > P10-DSC-LGC-DESCASCARADO,hay más de un elemento puntual posible,Código repetido en Project 2 veces. 2 elementos Revit contienen el código exacto. | no aparece en asociacion_contenedor_hijos_final_p10.csv
match_project_revit_revision.csv,P10-DSC-LGC-CONJUNTO,CONJUNTO DE CCC SEGUNDA PASADA DESCASCARADO P10,duplicado,elemento_puntual,378434,,P10 > P10-DSC-LGC-DESCASCARADO > P10-DSC-LGC-CONJUNTO CCC 2DA,,P10 > P10-DSC-LGC-DESCASCARADO > P10-DSC-LGC-CONJUNTO CCC 2DA,P10-DSC-LGC-DESCASCARADO,P10 > P10-DSC-LGC-DESCASCARADO,hay más de un elemento puntual posible,Código repetido en Project 2 veces. 2 elementos Revit contienen el código exacto. | no aparece en asociacion_contenedor_hijos_final_p10.csv
match_project_revit_revision.csv,P10-HRN-LGC-HARINA,SECTOR HARINA P10,duplicado,elemento_puntual,367888,,P10 > P10-HRN-LGC-HARINA > P10-HRN-ENF-EG01,,P10 > P10-HRN-LGC-HARINA,,P10,hay más de un elemento puntual posible,10 elementos Revit contienen el código exacto. | no aparece en asociacion_contenedor_hijos_final_p10.csv
match_project_revit_revision.csv,P10-HRN-VLV-VSSR01,VALVULA SEGURIDAD DE SECADOR ROTATIVO SR01,contenedor_duplicado,contenedor_por_ancestro_project,227678,227678,P10 > P10-HRN-LGC-HARINA > P10-HRN-LGC-MOLINOS,P10 > P10-HRN-LGC-HARINA > P10-HRN-LGC-MOLINOS,P10 > P10-HRN-LGC-HARINA > P10-HRN-LGC-SEC. ROTATIVOS > P10-HRN-VLV-VSSR01,P10-HRN-LGC-HARINA > P10-HRN-LGC-SEC,P10 > P10-HRN-LGC-HARINA > P10-HRN-LGC-SEC. ROTATIVOS,hay más de un contenedor candidato,Ancestro Project P10-HRN-LGC-HARINA aparece en 10 contenedores. | no aparece en asociacion_contenedor_hijos_final_p10.csv
match_project_revit_revision.csv,P10-HRN-VLV-VSSR02,VALVULA SEGURIDAD DE SECADOR ROTATIVO SR02,contenedor_duplicado,contenedor_por_ancestro_project,227678,227678,P10 > P10-HRN-LGC-HARINA > P10-HRN-LGC-MOLINOS,P10 > P10-HRN-LGC-HARINA > P10-HRN-LGC-MOLINOS,P10 > P10-HRN-LGC-HARINA > P10-HRN-LGC-SEC. ROTATIVOS > P10-HRN-VLV-VSSR02,P10-HRN-LGC-HARINA > P10-HRN-LGC-SEC,P10 > P10-HRN-LGC-HARINA > P10-HRN-LGC-SEC. ROTATIVOS,hay más de un contenedor candidato,Ancestro Project P10-HRN-LGC-HARINA aparece en 10 contenedores. | no aparece en asociacion_contenedor_hijos_final_p10.csv
match_project_revit_revision.csv,P10-PRP-LGC-PREPARACION,SECTOR PREPARACION P10,duplicado,elemento_puntual,281220,,P10 > P10-PRP-LGC-PREPARACION > P10-PRP-LGC-EXPANDIDO,,P10 > P10-PRP-LGC-PREPARACION,,P10,hay más de un elemento puntual posible,7 elementos Revit contienen el código exacto. | no aparece en asociacion_contenedor_hijos_final_p10.csv
match_project_revit_revision.csv,P10-PRP-LGC-PREPARACION,SECTOR PREPARACION P10,duplicado,elemento_puntual,281343,,P10 > P10-PRP-LGC-PREPARACION > P10-PRP-LGC-LAMINADORES,,P10 > P10-PRP-LGC-PREPARACION,,P10,hay más de un elemento puntual posible,7 elementos Revit contienen el código exacto. | no aparece en asociacion_contenedor_hijos_final_p10.csv
match_project_revit_revision.csv,P10-PRP-RDL-R12,REDLER R12 SOBRE LAMINADORES SUR,contenedor_duplicado,contenedor_por_ancestro_project,281815,281815,P10 > P10-PRP-LGC-PREPARACION > P10-PRP-LGC-REDLER,P10 > P10-PRP-LGC-PREPARACION > P10-PRP-LGC-REDLER,P10 > P10-PRP-LGC-PREPARACION > P10-PRP-LGC-REDLER > P10-PRP-RDL-R12,P10-PRP-LGC-PREPARACION > P10-PRP-LGC-REDLER,P10 > P10-PRP-LGC-PREPARACION > P10-PRP-LGC-REDLER,hay más de un contenedor candidato,Ancestro Project P10-PRP-LGC-REDLER aparece en 3 contenedores. | no aparece en asociacion_contenedor_hijos_final_p10.csv
match_project_revit_revision.csv,P10-PRP-RDL-R13,REDLER R13 SOBRE LAMINADORES NORTE,contenedor_duplicado,contenedor_por_ancestro_project,281815,281815,P10 > P10-PRP-LGC-PREPARACION > P10-PRP-LGC-REDLER,P10 > P10-PRP-LGC-PREPARACION > P10-PRP-LGC-REDLER,P10 > P10-PRP-LGC-PREPARACION > P10-PRP-LGC-REDLER > P10-PRP-RDL-R13,P10-PRP-LGC-PREPARACION > P10-PRP-LGC-REDLER,P10 > P10-PRP-LGC-PREPARACION > P10-PRP-LGC-REDLER,hay más de un contenedor candidato,Ancestro Project P10-PRP-LGC-REDLER aparece en 3 contenedores. | no aparece en asociacion_contenedor_hijos_final_p10.csv
match_project_revit_revision.csv,P10-PRP-RDL-R14,REDLER R14 BAJO LAMINADORES SUR,contenedor_duplicado,contenedor_por_ancestro_project,281815,281815,P10 > P10-PRP-LGC-PREPARACION > P10-PRP-LGC-REDLER,P10 > P10-PRP-LGC-PREPARACION > P10-PRP-LGC-REDLER,P10 > P10-PRP-LGC-PREPARACION > P10-PRP-LGC-REDLER > P10-PRP-RDL-R14,P10-PRP-LGC-PREPARACION > P10-PRP-LGC-REDLER,P10 > P10-PRP-LGC-PREPARACION > P10-PRP-LGC-REDLER,hay más de un contenedor candidato,Ancestro Project P10-PRP-LGC-REDLER aparece en 3 contenedores. | no aparece en asociacion_contenedor_hijos_final_p10.csv
match_project_revit_revision.csv,P10-PRP-RDL-R15,REDLER R15 BAJO LAMINADORES NORTE,contenedor_duplicado,contenedor_por_ancestro_project,281815,281815,P10 > P10-PRP-LGC-PREPARACION > P10-PRP-LGC-REDLER,P10 > P10-PRP-LGC-PREPARACION > P10-PRP-LGC-REDLER,P10 > P10-PRP-LGC-PREPARACION > P10-PRP-LGC-REDLER > P10-PRP-RDL-R15,P10-PRP-LGC-PREPARACION > P10-PRP-LGC-REDLER,P10 > P10-PRP-LGC-PREPARACION > P10-PRP-LGC-REDLER,hay más de un contenedor candidato,Ancestro Project P10-PRP-LGC-REDLER aparece en 3 contenedores. | no aparece en asociacion_contenedor_hijos_final_p10.csv
match_project_revit_revision.csv,P10-PRP-VLV-VSBH01,VALVULA DE SEGURIDAD BH01,contenedor_duplicado,contenedor_por_ancestro_project,281069,281069,P10 > P10-PRP-LGC-PREPARACION > P10-PRP-LGC-QUEBRADORES,P10 > P10-PRP-LGC-PREPARACION > P10-PRP-LGC-QUEBRADORES,P10 > P10-PRP-LGC-PREPARACION > P10-PRP-LGC-BEAN HEATER > P10-PRP-BHT-BH01 > P10-PRP-VLV-VSBH01,P10-PRP-LGC-PREPARACION > P10-PRP-LGC-BEAN > P10-PRP-BHT-BH01,P10 > P10-PRP-LGC-PREPARACION > P10-PRP-LGC-BEAN HEATER > P10-PRP-BHT-BH01,hay más de un contenedor candidato,Ancestro Project P10-PRP-LGC-PREPARACION aparece en 7 contenedores. | no aparece en asociacion_contenedor_hijos_final_p10.csv
match_project_revit_revision.csv,P10-PRP-VLV-VSBH02,VALVULA DE SEGURIDAD BH02,contenedor_duplicado,contenedor_por_ancestro_project,281069,281069,P10 > P10-PRP-LGC-PREPARACION > P10-PRP-LGC-QUEBRADORES,P10 > P10-PRP-LGC-PREPARACION > P10-PRP-LGC-QUEBRADORES,P10 > P10-PRP-LGC-PREPARACION > P10-PRP-LGC-BEAN HEATER > P10-PRP-BHT-BH02 > P10-PRP-VLV-VSBH02,P10-PRP-LGC-PREPARACION > P10-PRP-LGC-BEAN > P10-PRP-BHT-BH02,P10 > P10-PRP-LGC-PREPARACION > P10-PRP-LGC-BEAN HEATER > P10-PRP-BHT-BH02,hay más de un contenedor candidato,Ancestro Project P10-PRP-LGC-PREPARACION aparece en 7 contenedores. | no aparece en asociacion_contenedor_hijos_final_p10.csv
match_project_revit_revision.csv,P10-PRP-VLV-VSBH03,VALVULA DE SEGURIDAD BH03,contenedor_duplicado,contenedor_por_ancestro_project,281069,281069,P10 > P10-PRP-LGC-PREPARACION > P10-PRP-LGC-QUEBRADORES,P10 > P10-PRP-LGC-PREPARACION > P10-PRP-LGC-QUEBRADORES,P10 > P10-PRP-LGC-PREPARACION > P10-PRP-LGC-BEAN HEATER > P10-PRP-BHT-BH03 > P10-PRP-VLV-VSBH03,P10-PRP-LGC-PREPARACION > P10-PRP-LGC-BEAN > P10-PRP-BHT-BH03,P10 > P10-PRP-LGC-PREPARACION > P10-PRP-LGC-BEAN HEATER > P10-PRP-BHT-BH03,hay más de un contenedor candidato,Ancestro Project P10-PRP-LGC-PREPARACION aparece en 7 contenedores. | no aparece en asociacion_contenedor_hijos_final_p10.csv
match_project_revit_revision.csv,P10-PRL-LGC-PRELIMPIEZA,SECTOR PRELIMPIEZA P10,duplicado,elemento_puntual,373540,,P10 > P10-PRL-LGC-PRELIMPIEZA > P10-PRL-LGC-SILOS > P10-PRL-SLO-SLO1 DIARIO,,P10 > P10-PRL-LGC-PRELIMPIEZA,,P10,hay más de un elemento puntual posible,8 elementos Revit contienen el código exacto. | no aparece en asociacion_contenedor_hijos_final_p10.csv
match_project_revit_revision.csv,P10-PRL-LGC-PRELIMPIEZA,SECTOR PRELIMPIEZA P10,duplicado,elemento_puntual,373591,,P10 > P10-PRL-LGC-PRELIMPIEZA > P10-PRL-LGC-SILOS > P10-PRL-SLO-SLO2 DIARIO,,P10 > P10-PRL-LGC-PRELIMPIEZA,,P10,hay más de un elemento puntual posible,8 elementos Revit contienen el código exacto. | no aparece en asociacion_contenedor_hijos_final_p10.csv
match_project_revit_revision.csv,P10-PRL-LGC-PRELIMPIEZA,SECTOR PRELIMPIEZA P10,duplicado,elemento_puntual,377655,,TE > P10-PRL-LGC-PRELIMPIEZA > P10-PRL-ACS-TPRL,,P10 > P10-PRL-LGC-PRELIMPIEZA,,P10,hay más de un elemento puntual posible,8 elementos Revit contienen el código exacto. | no aparece en asociacion_contenedor_hijos_final_p10.csv
match_project_revit_revision.csv,P10-PRL-LGC-PRELIMPIEZA,SECTOR PRELIMPIEZA P10,duplicado,elemento_puntual,384012,,P10 > P10-PRL-LGC-PRELIMPIEZA > P10-PRL-LGC-SILOS > P10-PRL-SLO-SRECUP,,P10 > P10-PRL-LGC-PRELIMPIEZA,,P10,hay más de un elemento puntual posible,8 elementos Revit contienen el código exacto. | no aparece en asociacion_contenedor_hijos_final_p10.csv
match_project_revit_revision.csv,P10-PRL-LGC-PRELIMPIEZA,SECTOR PRELIMPIEZA P10,duplicado,elemento_puntual,385248,,P10 > P10-PRL-LGC-PRELIMPIEZA > P10-PRL-LGC-MERMA,,P10 > P10-PRL-LGC-PRELIMPIEZA,,P10,hay más de un elemento puntual posible,8 elementos Revit contienen el código exacto. | no aparece en asociacion_contenedor_hijos_final_p10.csv
match_project_revit_revision.csv,P10-PRL-LGC-PRELIMPIEZA,SECTOR PRELIMPIEZA P10,duplicado,elemento_puntual,385396,,P10 > P10-PRL-LGC-PRELIMPIEZA > P10-PRL-LGC-MULTIASPIRADORES,,P10 > P10-PRL-LGC-PRELIMPIEZA,,P10,hay más de un elemento puntual posible,8 elementos Revit contienen el código exacto. | no aparece en asociacion_contenedor_hijos_final_p10.csv
match_project_revit_revision.csv,P10-PRL-LGC-PRELIMPIEZA,SECTOR PRELIMPIEZA P10,duplicado,elemento_puntual,385416,,P10 > P10-PRL-LGC-PRELIMPIEZA > P10-PRL-LGC-REDLER,,P10 > P10-PRL-LGC-PRELIMPIEZA,,P10,hay más de un elemento puntual posible,8 elementos Revit contienen el código exacto. | no aparece en asociacion_contenedor_hijos_final_p10.csv
match_project_revit_revision.csv,P10-PRL-LGC-PRELIMPIEZA,SECTOR PRELIMPIEZA P10,duplicado,elemento_puntual,385436,,P10 > P10-PRL-LGC-PRELIMPIEZA > P10-PRL-LGC-REDLER,,P10 > P10-PRL-LGC-PRELIMPIEZA,,P10,hay más de un elemento puntual posible,8 elementos Revit contienen el código exacto. | no aparece en asociacion_contenedor_hijos_final_p10.csv
match_project_revit_revision.csv,P10-PRL-BMB-BS01,BOMBA SOPLANTE DE FINOS,contenedor_duplicado,contenedor_por_ancestro_project,373540,373540,P10 > P10-PRL-LGC-PRELIMPIEZA > P10-PRL-LGC-SILOS > P10-PRL-SLO-SLO1 DIARIO,P10 > P10-PRL-LGC-PRELIMPIEZA > P10-PRL-LGC-SILOS > P10-PRL-SLO-SLO1 DIARIO,P10 > P10-PRL-LGC-PRELIMPIEZA > P10-PRL-BMB-BS01,P10-PRL-LGC-PRELIMPIEZA,P10 > P10-PRL-LGC-PRELIMPIEZA,hay más de un contenedor candidato,Ancestro Project P10-PRL-LGC-PRELIMPIEZA aparece en 8 contenedores. | no aparece en asociacion_contenedor_hijos_final_p10.csv
match_project_revit_revision.csv,P10-PRL-VLV-VR09,ROTATIVA A BS01,contenedor_duplicado,contenedor_por_ancestro_project,373540,373540,P10 > P10-PRL-LGC-PRELIMPIEZA > P10-PRL-LGC-SILOS > P10-PRL-SLO-SLO1 DIARIO,P10 > P10-PRL-LGC-PRELIMPIEZA > P10-PRL-LGC-SILOS > P10-PRL-SLO-SLO1 DIARIO,P10 > P10-PRL-LGC-PRELIMPIEZA > P10-PRL-BMB-BS01 > P10-PRL-VLV-VR09,P10-PRL-LGC-PRELIMPIEZA > P10-PRL-BMB-BS01,P10 > P10-PRL-LGC-PRELIMPIEZA > P10-PRL-BMB-BS01,hay más de un contenedor candidato,Ancestro Project P10-PRL-LGC-PRELIMPIEZA aparece en 8 contenedores. | no aparece en asociacion_contenedor_hijos_final_p10.csv
match_project_revit_revision.csv,P10-PRL-LGC-NORIAS/CINTAS,CONJUNTO DE NORIAS/CINTAS PRELIMPIEZA P10,contenedor_duplicado,contenedor_por_ancestro_project,373540,373540,P10 > P10-PRL-LGC-PRELIMPIEZA > P10-PRL-LGC-SILOS > P10-PRL-SLO-SLO1 DIARIO,P10 > P10-PRL-LGC-PRELIMPIEZA > P10-PRL-LGC-SILOS > P10-PRL-SLO-SLO1 DIARIO,P10 > P10-PRL-LGC-PRELIMPIEZA > P10-PRL-LGC-NORIAS/CINTAS,P10-PRL-LGC-PRELIMPIEZA,P10 > P10-PRL-LGC-PRELIMPIEZA,hay más de un contenedor candidato,Ancestro Project P10-PRL-LGC-PRELIMPIEZA aparece en 8 contenedores. | no aparece en asociacion_contenedor_hijos_final_p10.csv
match_project_revit_revision.csv,P10-PRL-CNT-C03,CINTA DE SILOS SUCIA A NORIA N1,contenedor_duplicado,contenedor_por_ancestro_project,373540,373540,P10 > P10-PRL-LGC-PRELIMPIEZA > P10-PRL-LGC-SILOS > P10-PRL-SLO-SLO1 DIARIO,P10 > P10-PRL-LGC-PRELIMPIEZA > P10-PRL-LGC-SILOS > P10-PRL-SLO-SLO1 DIARIO,P10 > P10-PRL-LGC-PRELIMPIEZA > P10-PRL-LGC-NORIAS/CINTAS > P10-PRL-CNT-C03,P10-PRL-LGC-PRELIMPIEZA > P10-PRL-LGC-NORIAS/CINTAS,P10 > P10-PRL-LGC-PRELIMPIEZA > P10-PRL-LGC-NORIAS/CINTAS,hay más de un contenedor candidato,Ancestro Project P10-PRL-LGC-PRELIMPIEZA aparece en 8 contenedores. | no aparece en asociacion_contenedor_hijos_final_p10.csv
match_project_revit_revision.csv,P10-PRL-CNT-C02,CINTA TRANSP. C02 SOBRE SILOS DIARIOS,contenedor_duplicado,contenedor_por_ancestro_project,373540,373540,P10 > P10-PRL-LGC-PRELIMPIEZA > P10-PRL-LGC-SILOS > P10-PRL-SLO-SLO1 DIARIO,P10 > P10-PRL-LGC-PRELIMPIEZA > P10-PRL-LGC-SILOS > P10-PRL-SLO-SLO1 DIARIO,P10 > P10-PRL-LGC-PRELIMPIEZA > P10-PRL-LGC-NORIAS/CINTAS > P10-PRL-CNT-C02,P10-PRL-LGC-PRELIMPIEZA > P10-PRL-LGC-NORIAS/CINTAS,P10 > P10-PRL-LGC-PRELIMPIEZA > P10-PRL-LGC-NORIAS/CINTAS,hay más de un contenedor candidato,Ancestro Project P10-PRL-LGC-PRELIMPIEZA aparece en 8 contenedores. | no aparece en asociacion_contenedor_hijos_final_p10.csv
match_project_revit_revision.csv,P10-PRL-NOR-N01,NORIA N01 A ZARANDAS ROTATIVAS PRELIMPIEZA,contenedor_duplicado,contenedor_por_ancestro_project,373540,373540,P10 > P10-PRL-LGC-PRELIMPIEZA > P10-PRL-LGC-SILOS > P10-PRL-SLO-SLO1 DIARIO,P10 > P10-PRL-LGC-PRELIMPIEZA > P10-PRL-LGC-SILOS > P10-PRL-SLO-SLO1 DIARIO,P10 > P10-PRL-LGC-PRELIMPIEZA > P10-PRL-LGC-NORIAS/CINTAS > P10-PRL-NOR-N01,P10-PRL-LGC-PRELIMPIEZA > P10-PRL-LGC-NORIAS/CINTAS,P10 > P10-PRL-LGC-PRELIMPIEZA > P10-PRL-LGC-NORIAS/CINTAS,hay más de un contenedor candidato,Ancestro Project P10-PRL-LGC-PRELIMPIEZA aparece en 8 contenedores. | no aparece en asociacion_contenedor_hijos_final_p10.csv
match_project_revit_revision.csv,P10-PRL-MND-NML01,MANDO LENTO AUXILIAR N-01,contenedor_duplicado,contenedor_por_ancestro_project,373540,373540,P10 > P10-PRL-LGC-PRELIMPIEZA > P10-PRL-LGC-SILOS > P10-PRL-SLO-SLO1 DIARIO,P10 > P10-PRL-LGC-PRELIMPIEZA > P10-PRL-LGC-SILOS > P10-PRL-SLO-SLO1 DIARIO,P10 > P10-PRL-LGC-PRELIMPIEZA > P10-PRL-LGC-NORIAS/CINTAS > P10-PRL-NOR-N01 > P10-PRL-MND-NML01,P10-PRL-LGC-PRELIMPIEZA > P10-PRL-LGC-NORIAS/CINTAS > P10-PRL-NOR-N01,P10 > P10-PRL-LGC-PRELIMPIEZA > P10-PRL-LGC-NORIAS/CINTAS > P10-PRL-NOR-N01,hay más de un contenedor candidato,Ancestro Project P10-PRL-LGC-PRELIMPIEZA aparece en 8 contenedores. | no aparece en asociacion_contenedor_hijos_final_p10.csv
match_project_revit_revision.csv,P10-PRL-NOR-N02,NORIA N02,contenedor_duplicado,contenedor_por_ancestro_project,373540,373540,P10 > P10-PRL-LGC-PRELIMPIEZA > P10-PRL-LGC-SILOS > P10-PRL-SLO-SLO1 DIARIO,P10 > P10-PRL-LGC-PRELIMPIEZA > P10-PRL-LGC-SILOS > P10-PRL-SLO-SLO1 DIARIO,P10 > P10-PRL-LGC-PRELIMPIEZA > P10-PRL-LGC-NORIAS/CINTAS > P10-PRL-NOR-N02,P10-PRL-LGC-PRELIMPIEZA > P10-PRL-LGC-NORIAS/CINTAS,P10 > P10-PRL-LGC-PRELIMPIEZA > P10-PRL-LGC-NORIAS/CINTAS,hay más de un contenedor candidato,Ancestro Project P10-PRL-LGC-PRELIMPIEZA aparece en 8 contenedores. | no aparece en asociacion_contenedor_hijos_final_p10.csv
match_project_revit_revision.csv,P10-PRL-MND-NML02,MANDO LENTO AUXILIAR N-02,contenedor_duplicado,contenedor_por_ancestro_project,373540,373540,P10 > P10-PRL-LGC-PRELIMPIEZA > P10-PRL-LGC-SILOS > P10-PRL-SLO-SLO1 DIARIO,P10 > P10-PRL-LGC-PRELIMPIEZA > P10-PRL-LGC-SILOS > P10-PRL-SLO-SLO1 DIARIO,P10 > P10-PRL-LGC-PRELIMPIEZA > P10-PRL-LGC-NORIAS/CINTAS > P10-PRL-NOR-N02 > P10-PRL-MND-NML02,P10-PRL-LGC-PRELIMPIEZA > P10-PRL-LGC-NORIAS/CINTAS > P10-PRL-NOR-N02,P10 > P10-PRL-LGC-PRELIMPIEZA > P10-PRL-LGC-NORIAS/CINTAS > P10-PRL-NOR-N02,hay más de un contenedor candidato,Ancestro Project P10-PRL-LGC-PRELIMPIEZA aparece en 8 contenedores. | no aparece en asociacion_contenedor_hijos_final_p10.csv
match_project_revit_revision.csv,P10-PRL-LGC-REDLER,CONJUNTO DE REDLER PRELIMPIEZA P10,duplicado,elemento_puntual,385416,,P10 > P10-PRL-LGC-PRELIMPIEZA > P10-PRL-LGC-REDLER,,P10 > P10-PRL-LGC-PRELIMPIEZA > P10-PRL-LGC-REDLER,P10-PRL-LGC-PRELIMPIEZA,P10 > P10-PRL-LGC-PRELIMPIEZA,hay más de un elemento puntual posible,2 elementos Revit contienen el código exacto. | no aparece en asociacion_contenedor_hijos_final_p10.csv
match_project_revit_revision.csv,P10-PRL-LGC-REDLER,CONJUNTO DE REDLER PRELIMPIEZA P10,duplicado,elemento_puntual,385436,,P10 > P10-PRL-LGC-PRELIMPIEZA > P10-PRL-LGC-REDLER,,P10 > P10-PRL-LGC-PRELIMPIEZA > P10-PRL-LGC-REDLER,P10-PRL-LGC-PRELIMPIEZA,P10 > P10-PRL-LGC-PRELIMPIEZA,hay más de un elemento puntual posible,2 elementos Revit contienen el código exacto. | no aparece en asociacion_contenedor_hijos_final_p10.csv
match_project_revit_revision.csv,P10-PRL-RDL-RM01,REDLER DE MERMA,contenedor_duplicado,contenedor_por_ancestro_project,385416,385416,P10 > P10-PRL-LGC-PRELIMPIEZA > P10-PRL-LGC-REDLER,P10 > P10-PRL-LGC-PRELIMPIEZA > P10-PRL-LGC-REDLER,P10 > P10-PRL-LGC-PRELIMPIEZA > P10-PRL-LGC-REDLER > P10-PRL-RDL-RM01,P10-PRL-LGC-PRELIMPIEZA > P10-PRL-LGC-REDLER,P10 > P10-PRL-LGC-PRELIMPIEZA > P10-PRL-LGC-REDLER,hay más de un contenedor candidato,Ancestro Project P10-PRL-LGC-REDLER aparece en 2 contenedores. | no aparece en asociacion_contenedor_hijos_final_p10.csv
match_project_revit_revision.csv,P10-PRL-RDL-R01,REDLER R01 DESCARTE DE ZARANDAS ZPP,contenedor_duplicado,contenedor_por_ancestro_project,385416,385416,P10 > P10-PRL-LGC-PRELIMPIEZA > P10-PRL-LGC-REDLER,P10 > P10-PRL-LGC-PRELIMPIEZA > P10-PRL-LGC-REDLER,P10 > P10-PRL-LGC-PRELIMPIEZA > P10-PRL-LGC-REDLER > P10-PRL-RDL-R01,P10-PRL-LGC-PRELIMPIEZA > P10-PRL-LGC-REDLER,P10 > P10-PRL-LGC-PRELIMPIEZA > P10-PRL-LGC-REDLER,hay más de un contenedor candidato,Ancestro Project P10-PRL-LGC-REDLER aparece en 2 contenedores. | no aparece en asociacion_contenedor_hijos_final_p10.csv
match_project_revit_revision.csv,P10-PRL-RDL-R02,REDLER R02 DESCARGA ZAR. ZPP03 A SILO LIMPIA,contenedor_duplicado,contenedor_por_ancestro_project,385416,385416,P10 > P10-PRL-LGC-PRELIMPIEZA > P10-PRL-LGC-REDLER,P10 > P10-PRL-LGC-PRELIMPIEZA > P10-PRL-LGC-REDLER,P10 > P10-PRL-LGC-PRELIMPIEZA > P10-PRL-LGC-REDLER > P10-PRL-RDL-R02,P10-PRL-LGC-PRELIMPIEZA > P10-PRL-LGC-REDLER,P10 > P10-PRL-LGC-PRELIMPIEZA > P10-PRL-LGC-REDLER,hay más de un contenedor candidato,Ancestro Project P10-PRL-LGC-REDLER aparece en 2 contenedores. | no aparece en asociacion_contenedor_hijos_final_p10.csv
match_project_revit_revision.csv,P10-PRL-RDL-R03,REDLER R03 DOBLE DESCARGA SOBRE BEAN HEATHERS,contenedor_duplicado,contenedor_por_ancestro_project,385416,385416,P10 > P10-PRL-LGC-PRELIMPIEZA > P10-PRL-LGC-REDLER,P10 > P10-PRL-LGC-PRELIMPIEZA > P10-PRL-LGC-REDLER,P10 > P10-PRL-LGC-PRELIMPIEZA > P10-PRL-LGC-REDLER > P10-PRL-RDL-R03,P10-PRL-LGC-PRELIMPIEZA > P10-PRL-LGC-REDLER,P10 > P10-PRL-LGC-PRELIMPIEZA > P10-PRL-LGC-REDLER,hay más de un contenedor candidato,Ancestro Project P10-PRL-LGC-REDLER aparece en 2 contenedores. | no aparece en asociacion_contenedor_hijos_final_p10.csv
match_project_revit_revision.csv,P10-PRL-RDL-RR01,REDLER RR01 SALIDA ZARANDA ROTATIVA ZR01,contenedor_duplicado,contenedor_por_ancestro_project,385416,385416,P10 > P10-PRL-LGC-PRELIMPIEZA > P10-PRL-LGC-REDLER,P10 > P10-PRL-LGC-PRELIMPIEZA > P10-PRL-LGC-REDLER,P10 > P10-PRL-LGC-PRELIMPIEZA > P10-PRL-LGC-REDLER > P10-PRL-RDL-RR01,P10-PRL-LGC-PRELIMPIEZA > P10-PRL-LGC-REDLER,P10 > P10-PRL-LGC-PRELIMPIEZA > P10-PRL-LGC-REDLER,hay más de un contenedor candidato,Ancestro Project P10-PRL-LGC-REDLER aparece en 2 contenedores. | no aparece en asociacion_contenedor_hijos_final_p10.csv
match_project_revit_revision.csv,P10-PRL-RDL-RR02,REDLER RR02 SALIDA ZARANDA ROTATIVA ZR02,contenedor_duplicado,contenedor_por_ancestro_project,385416,385416,P10 > P10-PRL-LGC-PRELIMPIEZA > P10-PRL-LGC-REDLER,P10 > P10-PRL-LGC-PRELIMPIEZA > P10-PRL-LGC-REDLER,P10 > P10-PRL-LGC-PRELIMPIEZA > P10-PRL-LGC-REDLER > P10-PRL-RDL-RR02,P10-PRL-LGC-PRELIMPIEZA > P10-PRL-LGC-REDLER,P10 > P10-PRL-LGC-PRELIMPIEZA > P10-PRL-LGC-REDLER,hay más de un contenedor candidato,Ancestro Project P10-PRL-LGC-REDLER aparece en 2 contenedores. | no aparece en asociacion_contenedor_hijos_final_p10.csv
match_project_revit_revision.csv,P10-PRL-RDL-RR03,REDLER RR03 SOBRE ASPIRADORES KICE <INCL>,contenedor_duplicado,contenedor_por_ancestro_project,385416,385416,P10 > P10-PRL-LGC-PRELIMPIEZA > P10-PRL-LGC-REDLER,P10 > P10-PRL-LGC-PRELIMPIEZA > P10-PRL-LGC-REDLER,P10 > P10-PRL-LGC-PRELIMPIEZA > P10-PRL-LGC-REDLER > P10-PRL-RDL-RR03,P10-PRL-LGC-PRELIMPIEZA > P10-PRL-LGC-REDLER,P10 > P10-PRL-LGC-PRELIMPIEZA > P10-PRL-LGC-REDLER,hay más de un contenedor candidato,Ancestro Project P10-PRL-LGC-REDLER aparece en 2 contenedores. | no aparece en asociacion_contenedor_hijos_final_p10.csv
match_project_revit_revision.csv,P10-PRL-LGC-SILOS,CONJUNTO DE SILOS PRELIMPIEZA P10,duplicado,elemento_puntual,373540,,P10 > P10-PRL-LGC-PRELIMPIEZA > P10-PRL-LGC-SILOS > P10-PRL-SLO-SLO1 DIARIO,,P10 > P10-PRL-LGC-PRELIMPIEZA > P10-PRL-LGC-SILOS,P10-PRL-LGC-PRELIMPIEZA,P10 > P10-PRL-LGC-PRELIMPIEZA,hay más de un elemento puntual posible,3 elementos Revit contienen el código exacto. | no aparece en asociacion_contenedor_hijos_final_p10.csv
match_project_revit_revision.csv,P10-PRL-LGC-SILOS,CONJUNTO DE SILOS PRELIMPIEZA P10,duplicado,elemento_puntual,373591,,P10 > P10-PRL-LGC-PRELIMPIEZA > P10-PRL-LGC-SILOS > P10-PRL-SLO-SLO2 DIARIO,,P10 > P10-PRL-LGC-PRELIMPIEZA > P10-PRL-LGC-SILOS,P10-PRL-LGC-PRELIMPIEZA,P10 > P10-PRL-LGC-PRELIMPIEZA,hay más de un elemento puntual posible,3 elementos Revit contienen el código exacto. | no aparece en asociacion_contenedor_hijos_final_p10.csv
match_project_revit_revision.csv,P10-PRL-LGC-SILOS,CONJUNTO DE SILOS PRELIMPIEZA P10,duplicado,elemento_puntual,384012,,P10 > P10-PRL-LGC-PRELIMPIEZA > P10-PRL-LGC-SILOS > P10-PRL-SLO-SRECUP,,P10 > P10-PRL-LGC-PRELIMPIEZA > P10-PRL-LGC-SILOS,P10-PRL-LGC-PRELIMPIEZA,P10 > P10-PRL-LGC-PRELIMPIEZA,hay más de un elemento puntual posible,3 elementos Revit contienen el código exacto. | no aparece en asociacion_contenedor_hijos_final_p10.csv
match_project_revit_revision.csv,P10-PRL-VLV-VG06,VALVULA A GUILLOTINA DESCARGA DE SILO SUCIA 1,contenedor_duplicado,contenedor_por_ancestro_project,373540,373540,P10 > P10-PRL-LGC-PRELIMPIEZA > P10-PRL-LGC-SILOS > P10-PRL-SLO-SLO1 DIARIO,P10 > P10-PRL-LGC-PRELIMPIEZA > P10-PRL-LGC-SILOS > P10-PRL-SLO-SLO1 DIARIO,P10 > P10-PRL-LGC-PRELIMPIEZA > P10-PRL-LGC-SILOS > P10-PRL-SLO-SLO2 DIARIO > P10-PRL-VLV-VG06,P10-PRL-LGC-PRELIMPIEZA > P10-PRL-LGC-SILOS > P10-PRL-SLO-SLO2,P10 > P10-PRL-LGC-PRELIMPIEZA > P10-PRL-LGC-SILOS > P10-PRL-SLO-SLO2 DIARIO,hay más de un contenedor candidato,Ancestro Project P10-PRL-LGC-SILOS aparece en 3 contenedores. | no aparece en asociacion_contenedor_hijos_final_p10.csv
match_project_revit_revision.csv,P10-PRL-VLV-VG07,VALVULA A GUILLOTINA DESCARGA DE SILO SUCIA 1,contenedor_duplicado,contenedor_por_ancestro_project,373540,373540,P10 > P10-PRL-LGC-PRELIMPIEZA > P10-PRL-LGC-SILOS > P10-PRL-SLO-SLO1 DIARIO,P10 > P10-PRL-LGC-PRELIMPIEZA > P10-PRL-LGC-SILOS > P10-PRL-SLO-SLO1 DIARIO,P10 > P10-PRL-LGC-PRELIMPIEZA > P10-PRL-LGC-SILOS > P10-PRL-SLO-SLO2 DIARIO > P10-PRL-VLV-VG07,P10-PRL-LGC-PRELIMPIEZA > P10-PRL-LGC-SILOS > P10-PRL-SLO-SLO2,P10 > P10-PRL-LGC-PRELIMPIEZA > P10-PRL-LGC-SILOS > P10-PRL-SLO-SLO2 DIARIO,hay más de un contenedor candidato,Ancestro Project P10-PRL-LGC-SILOS aparece en 3 contenedores. | no aparece en asociacion_contenedor_hijos_final_p10.csv
match_project_revit_revision.csv,P10-PRL-VLV-VN2A,VALVULA NEUMATICA SILO DIARIO 2,contenedor_duplicado,contenedor_por_ancestro_project,373540,373540,P10 > P10-PRL-LGC-PRELIMPIEZA > P10-PRL-LGC-SILOS > P10-PRL-SLO-SLO1 DIARIO,P10 > P10-PRL-LGC-PRELIMPIEZA > P10-PRL-LGC-SILOS > P10-PRL-SLO-SLO1 DIARIO,P10 > P10-PRL-LGC-PRELIMPIEZA > P10-PRL-LGC-SILOS > P10-PRL-SLO-SLO2 DIARIO > P10-PRL-VLV-VN2A,P10-PRL-LGC-PRELIMPIEZA > P10-PRL-LGC-SILOS > P10-PRL-SLO-SLO2,P10 > P10-PRL-LGC-PRELIMPIEZA > P10-PRL-LGC-SILOS > P10-PRL-SLO-SLO2 DIARIO,hay más de un contenedor candidato,Ancestro Project P10-PRL-LGC-SILOS aparece en 3 contenedores. | no aparece en asociacion_contenedor_hijos_final_p10.csv
match_project_revit_revision.csv,P10-PRL-VLV-VN2B,VALVULA NEUMATICA SILO DIARIO 2,contenedor_duplicado,contenedor_por_ancestro_project,373540,373540,P10 > P10-PRL-LGC-PRELIMPIEZA > P10-PRL-LGC-SILOS > P10-PRL-SLO-SLO1 DIARIO,P10 > P10-PRL-LGC-PRELIMPIEZA > P10-PRL-LGC-SILOS > P10-PRL-SLO-SLO1 DIARIO,P10 > P10-PRL-LGC-PRELIMPIEZA > P10-PRL-LGC-SILOS > P10-PRL-SLO-SLO2 DIARIO > P10-PRL-VLV-VN2B,P10-PRL-LGC-PRELIMPIEZA > P10-PRL-LGC-SILOS > P10-PRL-SLO-SLO2,P10 > P10-PRL-LGC-PRELIMPIEZA > P10-PRL-LGC-SILOS > P10-PRL-SLO-SLO2 DIARIO,hay más de un contenedor candidato,Ancestro Project P10-PRL-LGC-SILOS aparece en 3 contenedores. | no aparece en asociacion_contenedor_hijos_final_p10.csv
match_project_revit_revision.csv,P10-PRL-VLV-VG04,SE DESMONTÓ LA VALVULA Y SE MONTÓ UNA ROSCA VALVULA A GUILLOTINA DESCARGA DE SILO SUCIA 2,contenedor_duplicado,contenedor_por_ancestro_project,373540,373540,P10 > P10-PRL-LGC-PRELIMPIEZA > P10-PRL-LGC-SILOS > P10-PRL-SLO-SLO1 DIARIO,P10 > P10-PRL-LGC-PRELIMPIEZA > P10-PRL-LGC-SILOS > P10-PRL-SLO-SLO1 DIARIO,P10 > P10-PRL-LGC-PRELIMPIEZA > P10-PRL-LGC-SILOS > P10-PRL-SLO-SLO1 DIARIO > P10-PRL-VLV-VG04,P10-PRL-LGC-PRELIMPIEZA > P10-PRL-LGC-SILOS > P10-PRL-SLO-SLO1,P10 > P10-PRL-LGC-PRELIMPIEZA > P10-PRL-LGC-SILOS > P10-PRL-SLO-SLO1 DIARIO,hay más de un contenedor candidato,Ancestro Project P10-PRL-LGC-SILOS aparece en 3 contenedores. | no aparece en asociacion_contenedor_hijos_final_p10.csv
match_project_revit_revision.csv,P10-PRL-VLV-VG05,VALVULA A GUILLOTINA DESCARGA DE SILO SUCIA 2,contenedor_duplicado,contenedor_por_ancestro_project,373540,373540,P10 > P10-PRL-LGC-PRELIMPIEZA > P10-PRL-LGC-SILOS > P10-PRL-SLO-SLO1 DIARIO,P10 > P10-PRL-LGC-PRELIMPIEZA > P10-PRL-LGC-SILOS > P10-PRL-SLO-SLO1 DIARIO,P10 > P10-PRL-LGC-PRELIMPIEZA > P10-PRL-LGC-SILOS > P10-PRL-SLO-SLO1 DIARIO > P10-PRL-VLV-VG05,P10-PRL-LGC-PRELIMPIEZA > P10-PRL-LGC-SILOS > P10-PRL-SLO-SLO1,P10 > P10-PRL-LGC-PRELIMPIEZA > P10-PRL-LGC-SILOS > P10-PRL-SLO-SLO1 DIARIO,hay más de un contenedor candidato,Ancestro Project P10-PRL-LGC-SILOS aparece en 3 contenedores. | no aparece en asociacion_contenedor_hijos_final_p10.csv
match_project_revit_revision.csv,P10-PRL-VLV-VN1A,VALVULA NEUMATICA SILO DIARIO 1,contenedor_duplicado,contenedor_por_ancestro_project,373540,373540,P10 > P10-PRL-LGC-PRELIMPIEZA > P10-PRL-LGC-SILOS > P10-PRL-SLO-SLO1 DIARIO,P10 > P10-PRL-LGC-PRELIMPIEZA > P10-PRL-LGC-SILOS > P10-PRL-SLO-SLO1 DIARIO,P10 > P10-PRL-LGC-PRELIMPIEZA > P10-PRL-LGC-SILOS > P10-PRL-SLO-SLO1 DIARIO > P10-PRL-VLV-VN1A,P10-PRL-LGC-PRELIMPIEZA > P10-PRL-LGC-SILOS > P10-PRL-SLO-SLO1,P10 > P10-PRL-LGC-PRELIMPIEZA > P10-PRL-LGC-SILOS > P10-PRL-SLO-SLO1 DIARIO,hay más de un contenedor candidato,Ancestro Project P10-PRL-LGC-SILOS aparece en 3 contenedores. | no aparece en asociacion_contenedor_hijos_final_p10.csv
match_project_revit_revision.csv,P10-PRL-VLV-VN1B,VALVULA NEUMATICA SILO DIARIO 1,contenedor_duplicado,contenedor_por_ancestro_project,373540,373540,P10 > P10-PRL-LGC-PRELIMPIEZA > P10-PRL-LGC-SILOS > P10-PRL-SLO-SLO1 DIARIO,P10 > P10-PRL-LGC-PRELIMPIEZA > P10-PRL-LGC-SILOS > P10-PRL-SLO-SLO1 DIARIO,P10 > P10-PRL-LGC-PRELIMPIEZA > P10-PRL-LGC-SILOS > P10-PRL-SLO-SLO1 DIARIO > P10-PRL-VLV-VN1B,P10-PRL-LGC-PRELIMPIEZA > P10-PRL-LGC-SILOS > P10-PRL-SLO-SLO1,P10 > P10-PRL-LGC-PRELIMPIEZA > P10-PRL-LGC-SILOS > P10-PRL-SLO-SLO1 DIARIO,hay más de un contenedor candidato,Ancestro Project P10-PRL-LGC-SILOS aparece en 3 contenedores. | no aparece en asociacion_contenedor_hijos_final_p10.csv
match_project_revit_revision.csv,P10-PRL-SLO-SLO3,SILO PULMON <300 TN>,contenedor_duplicado,contenedor_por_ancestro_project,373540,373540,P10 > P10-PRL-LGC-PRELIMPIEZA > P10-PRL-LGC-SILOS > P10-PRL-SLO-SLO1 DIARIO,P10 > P10-PRL-LGC-PRELIMPIEZA > P10-PRL-LGC-SILOS > P10-PRL-SLO-SLO1 DIARIO,P10 > P10-PRL-LGC-PRELIMPIEZA > P10-PRL-LGC-SILOS > P10-PRL-SLO-SLO3 LIMPIA,P10-PRL-LGC-PRELIMPIEZA > P10-PRL-LGC-SILOS,P10 > P10-PRL-LGC-PRELIMPIEZA > P10-PRL-LGC-SILOS,hay más de un contenedor candidato,Ancestro Project P10-PRL-LGC-SILOS aparece en 3 contenedores. | no aparece en asociacion_contenedor_hijos_final_p10.csv
match_project_revit_revision.csv,P10-PRL-VLV-VG09,VALVULA A GUILLOTINA DESC. SILO PRINCIPAL LIMPIA,contenedor_duplicado,contenedor_por_ancestro_project,373540,373540,P10 > P10-PRL-LGC-PRELIMPIEZA > P10-PRL-LGC-SILOS > P10-PRL-SLO-SLO1 DIARIO,P10 > P10-PRL-LGC-PRELIMPIEZA > P10-PRL-LGC-SILOS > P10-PRL-SLO-SLO1 DIARIO,P10 > P10-PRL-LGC-PRELIMPIEZA > P10-PRL-LGC-SILOS > P10-PRL-SLO-SLO3 LIMPIA > P10-PRL-VLV-VG09,P10-PRL-LGC-PRELIMPIEZA > P10-PRL-LGC-SILOS > P10-PRL-SLO-SLO3,P10 > P10-PRL-LGC-PRELIMPIEZA > P10-PRL-LGC-SILOS > P10-PRL-SLO-SLO3 LIMPIA,hay más de un contenedor candidato,Ancestro Project P10-PRL-LGC-SILOS aparece en 3 contenedores. | no aparece en asociacion_contenedor_hijos_final_p10.csv
match_project_revit_revision.csv,P10-PRL-VLV-VG08,VALVULA GUILL MANUAL DESC. SILO PRINCIPAL LIMPIA,contenedor_duplicado,contenedor_por_ancestro_project,373540,373540,P10 > P10-PRL-LGC-PRELIMPIEZA > P10-PRL-LGC-SILOS > P10-PRL-SLO-SLO1 DIARIO,P10 > P10-PRL-LGC-PRELIMPIEZA > P10-PRL-LGC-SILOS > P10-PRL-SLO-SLO1 DIARIO,P10 > P10-PRL-LGC-PRELIMPIEZA > P10-PRL-LGC-SILOS > P10-PRL-SLO-SLO3 LIMPIA > P10-PRL-VLV-VG08,P10-PRL-LGC-PRELIMPIEZA > P10-PRL-LGC-SILOS > P10-PRL-SLO-SLO3,P10 > P10-PRL-LGC-PRELIMPIEZA > P10-PRL-LGC-SILOS > P10-PRL-SLO-SLO3 LIMPIA,hay más de un contenedor candidato,Ancestro Project P10-PRL-LGC-SILOS aparece en 3 contenedores. | no aparece en asociacion_contenedor_hijos_final_p10.csv
match_project_revit_revision.csv,P10-PRL-LGC-VALVULAS,CONJUNTO DE VALVULAS VGP PRELIMPIEZA P10,contenedor_duplicado,contenedor_por_ancestro_project,373540,373540,P10 > P10-PRL-LGC-PRELIMPIEZA > P10-PRL-LGC-SILOS > P10-PRL-SLO-SLO1 DIARIO,P10 > P10-PRL-LGC-PRELIMPIEZA > P10-PRL-LGC-SILOS > P10-PRL-SLO-SLO1 DIARIO,P10 > P10-PRL-LGC-PRELIMPIEZA > P10-PRL-LGC-VALVULAS VGP,P10-PRL-LGC-PRELIMPIEZA,P10 > P10-PRL-LGC-PRELIMPIEZA,hay más de un contenedor candidato,Ancestro Project P10-PRL-LGC-PRELIMPIEZA aparece en 8 contenedores. | no aparece en asociacion_contenedor_hijos_final_p10.csv
match_project_revit_revision.csv,P10-PRL-VLV-VGP01,VALVULA A GUILLOTINA 01 INGRESO A PLANTA,contenedor_duplicado,contenedor_por_ancestro_project,373540,373540,P10 > P10-PRL-LGC-PRELIMPIEZA > P10-PRL-LGC-SILOS > P10-PRL-SLO-SLO1 DIARIO,P10 > P10-PRL-LGC-PRELIMPIEZA > P10-PRL-LGC-SILOS > P10-PRL-SLO-SLO1 DIARIO,P10 > P10-PRL-LGC-PRELIMPIEZA > P10-PRL-LGC-VALVULAS VGP > P10-PRL-VLV-VGP01,P10-PRL-LGC-PRELIMPIEZA > P10-PRL-LGC-VALVULAS,P10 > P10-PRL-LGC-PRELIMPIEZA > P10-PRL-LGC-VALVULAS VGP,hay más de un contenedor candidato,Ancestro Project P10-PRL-LGC-PRELIMPIEZA aparece en 8 contenedores. | no aparece en asociacion_contenedor_hijos_final_p10.csv
match_project_revit_revision.csv,P10-PRL-VLV-VGP02,VALVULA A GUILLOTINA 02 CARGA ZR01,contenedor_duplicado,contenedor_por_ancestro_project,373540,373540,P10 > P10-PRL-LGC-PRELIMPIEZA > P10-PRL-LGC-SILOS > P10-PRL-SLO-SLO1 DIARIO,P10 > P10-PRL-LGC-PRELIMPIEZA > P10-PRL-LGC-SILOS > P10-PRL-SLO-SLO1 DIARIO,P10 > P10-PRL-LGC-PRELIMPIEZA > P10-PRL-LGC-VALVULAS VGP > P10-PRL-VLV-VGP02,P10-PRL-LGC-PRELIMPIEZA > P10-PRL-LGC-VALVULAS,P10 > P10-PRL-LGC-PRELIMPIEZA > P10-PRL-LGC-VALVULAS VGP,hay más de un contenedor candidato,Ancestro Project P10-PRL-LGC-PRELIMPIEZA aparece en 8 contenedores. | no aparece en asociacion_contenedor_hijos_final_p10.csv
match_project_revit_revision.csv,P10-PRL-VLV-VGP03,VALVULA A GUILLOTINA 03 CARGA ZR02,contenedor_duplicado,contenedor_por_ancestro_project,373540,373540,P10 > P10-PRL-LGC-PRELIMPIEZA > P10-PRL-LGC-SILOS > P10-PRL-SLO-SLO1 DIARIO,P10 > P10-PRL-LGC-PRELIMPIEZA > P10-PRL-LGC-SILOS > P10-PRL-SLO-SLO1 DIARIO,P10 > P10-PRL-LGC-PRELIMPIEZA > P10-PRL-LGC-VALVULAS VGP > P10-PRL-VLV-VGP03,P10-PRL-LGC-PRELIMPIEZA > P10-PRL-LGC-VALVULAS,P10 > P10-PRL-LGC-PRELIMPIEZA > P10-PRL-LGC-VALVULAS VGP,hay más de un contenedor candidato,Ancestro Project P10-PRL-LGC-PRELIMPIEZA aparece en 8 contenedores. | no aparece en asociacion_contenedor_hijos_final_p10.csv
match_project_revit_revision.csv,P10-PRL-VLV-VGP04,VALVULA A GUILLOTINA 04 BY-PASS PRELIMPIEZA,contenedor_duplicado,contenedor_por_ancestro_project,373540,373540,P10 > P10-PRL-LGC-PRELIMPIEZA > P10-PRL-LGC-SILOS > P10-PRL-SLO-SLO1 DIARIO,P10 > P10-PRL-LGC-PRELIMPIEZA > P10-PRL-LGC-SILOS > P10-PRL-SLO-SLO1 DIARIO,P10 > P10-PRL-LGC-PRELIMPIEZA > P10-PRL-LGC-VALVULAS VGP > P10-PRL-VLV-VGP04,P10-PRL-LGC-PRELIMPIEZA > P10-PRL-LGC-VALVULAS,P10 > P10-PRL-LGC-PRELIMPIEZA > P10-PRL-LGC-VALVULAS VGP,hay más de un contenedor candidato,Ancestro Project P10-PRL-LGC-PRELIMPIEZA aparece en 8 contenedores. | no aparece en asociacion_contenedor_hijos_final_p10.csv
match_project_revit_revision.csv,P10-PRL-LGC-ZARANDAS,CONJUNTO DE ZARANDAS PRELIMPIEZA P10,contenedor_duplicado,contenedor_por_ancestro_project,373540,373540,P10 > P10-PRL-LGC-PRELIMPIEZA > P10-PRL-LGC-SILOS > P10-PRL-SLO-SLO1 DIARIO,P10 > P10-PRL-LGC-PRELIMPIEZA > P10-PRL-LGC-SILOS > P10-PRL-SLO-SLO1 DIARIO,P10 > P10-PRL-LGC-PRELIMPIEZA > P10-PRL-LGC-ZARANDAS,P10-PRL-LGC-PRELIMPIEZA,P10 > P10-PRL-LGC-PRELIMPIEZA,hay más de un contenedor candidato,Ancestro Project P10-PRL-LGC-PRELIMPIEZA aparece en 8 contenedores. | no aparece en asociacion_contenedor_hijos_final_p10.csv
match_project_revit_revision.csv,P10-PRL-ZRN-ZPP01,ZARANDA 01 ROTEX MODELO 732S GC,contenedor_duplicado,contenedor_por_ancestro_project,373540,373540,P10 > P10-PRL-LGC-PRELIMPIEZA > P10-PRL-LGC-SILOS > P10-PRL-SLO-SLO1 DIARIO,P10 > P10-PRL-LGC-PRELIMPIEZA > P10-PRL-LGC-SILOS > P10-PRL-SLO-SLO1 DIARIO,P10 > P10-PRL-LGC-PRELIMPIEZA > P10-PRL-LGC-ZARANDAS > P10-PRL-ZRN-ZPP01,P10-PRL-LGC-PRELIMPIEZA > P10-PRL-LGC-ZARANDAS,P10 > P10-PRL-LGC-PRELIMPIEZA > P10-PRL-LGC-ZARANDAS,hay más de un contenedor candidato,Ancestro Project P10-PRL-LGC-PRELIMPIEZA aparece en 8 contenedores. | no aparece en asociacion_contenedor_hijos_final_p10.csv
match_project_revit_revision.csv,P10-PRL-ZRN-ZPP02,ZARANDA 02 ROTEX MODELO 732S GC,contenedor_duplicado,contenedor_por_ancestro_project,373540,373540,P10 > P10-PRL-LGC-PRELIMPIEZA > P10-PRL-LGC-SILOS > P10-PRL-SLO-SLO1 DIARIO,P10 > P10-PRL-LGC-PRELIMPIEZA > P10-PRL-LGC-SILOS > P10-PRL-SLO-SLO1 DIARIO,P10 > P10-PRL-LGC-PRELIMPIEZA > P10-PRL-LGC-ZARANDAS > P10-PRL-ZRN-ZPP02,P10-PRL-LGC-PRELIMPIEZA > P10-PRL-LGC-ZARANDAS,P10 > P10-PRL-LGC-PRELIMPIEZA > P10-PRL-LGC-ZARANDAS,hay más de un contenedor candidato,Ancestro Project P10-PRL-LGC-PRELIMPIEZA aparece en 8 contenedores. | no aparece en asociacion_contenedor_hijos_final_p10.csv
match_project_revit_revision.csv,P10-PRL-ZRN-ZPP03,ZARANDA 03 ROTEX MODELO 732S GC,contenedor_duplicado,contenedor_por_ancestro_project,373540,373540,P10 > P10-PRL-LGC-PRELIMPIEZA > P10-PRL-LGC-SILOS > P10-PRL-SLO-SLO1 DIARIO,P10 > P10-PRL-LGC-PRELIMPIEZA > P10-PRL-LGC-SILOS > P10-PRL-SLO-SLO1 DIARIO,P10 > P10-PRL-LGC-PRELIMPIEZA > P10-PRL-LGC-ZARANDAS > P10-PRL-ZRN-ZPP03,P10-PRL-LGC-PRELIMPIEZA > P10-PRL-LGC-ZARANDAS,P10 > P10-PRL-LGC-PRELIMPIEZA > P10-PRL-LGC-ZARANDAS,hay más de un contenedor candidato,Ancestro Project P10-PRL-LGC-PRELIMPIEZA aparece en 8 contenedores. | no aparece en asociacion_contenedor_hijos_final_p10.csv
match_project_revit_revision.csv,P10-PRL-FLT-FMPRELIMP,FILTRO DE MANGAS PRELIMPIEZA,contenedor_duplicado,contenedor_por_ancestro_project,373540,373540,P10 > P10-PRL-LGC-PRELIMPIEZA > P10-PRL-LGC-SILOS > P10-PRL-SLO-SLO1 DIARIO,P10 > P10-PRL-LGC-PRELIMPIEZA > P10-PRL-LGC-SILOS > P10-PRL-SLO-SLO1 DIARIO,P10 > P10-PRL-LGC-PRELIMPIEZA > P10-PRL-FLT-FMPRELIMP,P10-PRL-LGC-PRELIMPIEZA,P10 > P10-PRL-LGC-PRELIMPIEZA,hay más de un contenedor candidato,Ancestro Project P10-PRL-LGC-PRELIMPIEZA aparece en 8 contenedores. | no aparece en asociacion_contenedor_hijos_final_p10.csv
match_project_revit_revision.csv,P10-PRL-BRL-BRL1,BRAZO ROT. LIMPIEZA FILTRO MANGAS FMPRELIMP,contenedor_duplicado,contenedor_por_ancestro_project,373540,373540,P10 > P10-PRL-LGC-PRELIMPIEZA > P10-PRL-LGC-SILOS > P10-PRL-SLO-SLO1 DIARIO,P10 > P10-PRL-LGC-PRELIMPIEZA > P10-PRL-LGC-SILOS > P10-PRL-SLO-SLO1 DIARIO,P10 > P10-PRL-LGC-PRELIMPIEZA > P10-PRL-FLT-FMPRELIMP > P10-PRL-BRL-BRL1,P10-PRL-LGC-PRELIMPIEZA > P10-PRL-FLT-FMPRELIMP,P10 > P10-PRL-LGC-PRELIMPIEZA > P10-PRL-FLT-FMPRELIMP,hay más de un contenedor candidato,Ancestro Project P10-PRL-LGC-PRELIMPIEZA aparece en 8 contenedores. | no aparece en asociacion_contenedor_hijos_final_p10.csv
match_project_revit_revision.csv,P10-PRL-RSC-SF01,ROSCA BAJO FILTRO MANGAS A VR04 FMPRELIMP,contenedor_duplicado,contenedor_por_ancestro_project,373540,373540,P10 > P10-PRL-LGC-PRELIMPIEZA > P10-PRL-LGC-SILOS > P10-PRL-SLO-SLO1 DIARIO,P10 > P10-PRL-LGC-PRELIMPIEZA > P10-PRL-LGC-SILOS > P10-PRL-SLO-SLO1 DIARIO,P10 > P10-PRL-LGC-PRELIMPIEZA > P10-PRL-FLT-FMPRELIMP > P10-PRL-RSC-SF01,P10-PRL-LGC-PRELIMPIEZA > P10-PRL-FLT-FMPRELIMP,P10 > P10-PRL-LGC-PRELIMPIEZA > P10-PRL-FLT-FMPRELIMP,hay más de un contenedor candidato,Ancestro Project P10-PRL-LGC-PRELIMPIEZA aparece en 8 contenedores. | no aparece en asociacion_contenedor_hijos_final_p10.csv
match_project_revit_revision.csv,P10-PRL-VLV-VR04,VALV ROT DESC. SIN FIN B/FILTRO DE MANGAS FMPRELIMP,contenedor_duplicado,contenedor_por_ancestro_project,373540,373540,P10 > P10-PRL-LGC-PRELIMPIEZA > P10-PRL-LGC-SILOS > P10-PRL-SLO-SLO1 DIARIO,P10 > P10-PRL-LGC-PRELIMPIEZA > P10-PRL-LGC-SILOS > P10-PRL-SLO-SLO1 DIARIO,P10 > P10-PRL-LGC-PRELIMPIEZA > P10-PRL-FLT-FMPRELIMP > P10-PRL-VLV-VR04,P10-PRL-LGC-PRELIMPIEZA > P10-PRL-FLT-FMPRELIMP,P10 > P10-PRL-LGC-PRELIMPIEZA > P10-PRL-FLT-FMPRELIMP,hay más de un contenedor candidato,Ancestro Project P10-PRL-LGC-PRELIMPIEZA aparece en 8 contenedores. | no aparece en asociacion_contenedor_hijos_final_p10.csv
match_project_revit_revision.csv,P10-PRL-VNT-VE67,VENT. LIMPIEZA FILTRO MANGAS FMPRELIMP,contenedor_duplicado,contenedor_por_ancestro_project,373540,373540,P10 > P10-PRL-LGC-PRELIMPIEZA > P10-PRL-LGC-SILOS > P10-PRL-SLO-SLO1 DIARIO,P10 > P10-PRL-LGC-PRELIMPIEZA > P10-PRL-LGC-SILOS > P10-PRL-SLO-SLO1 DIARIO,P10 > P10-PRL-LGC-PRELIMPIEZA > P10-PRL-FLT-FMPRELIMP > P10-PRL-VNT-VE67,P10-PRL-LGC-PRELIMPIEZA > P10-PRL-FLT-FMPRELIMP,P10 > P10-PRL-LGC-PRELIMPIEZA > P10-PRL-FLT-FMPRELIMP,hay más de un contenedor candidato,Ancestro Project P10-PRL-LGC-PRELIMPIEZA aparece en 8 contenedores. | no aparece en asociacion_contenedor_hijos_final_p10.csv
match_project_revit_revision.csv,P10-PRL-VNT-VE04,VENTILADOR FILTRO DE MANGAS FMPRELIMP,contenedor_duplicado,contenedor_por_ancestro_project,373540,373540,P10 > P10-PRL-LGC-PRELIMPIEZA > P10-PRL-LGC-SILOS > P10-PRL-SLO-SLO1 DIARIO,P10 > P10-PRL-LGC-PRELIMPIEZA > P10-PRL-LGC-SILOS > P10-PRL-SLO-SLO1 DIARIO,P10 > P10-PRL-LGC-PRELIMPIEZA > P10-PRL-FLT-FMPRELIMP > P10-PRL-VNT-VE04,P10-PRL-LGC-PRELIMPIEZA > P10-PRL-FLT-FMPRELIMP,P10 > P10-PRL-LGC-PRELIMPIEZA > P10-PRL-FLT-FMPRELIMP,hay más de un contenedor candidato,Ancestro Project P10-PRL-LGC-PRELIMPIEZA aparece en 8 contenedores. | no aparece en asociacion_contenedor_hijos_final_p10.csv
match_project_revit_revision.csv,P10-PRL-ZRN-ZR01,ZARANDA ROTATIVA 01 (OESTE),contenedor_duplicado,contenedor_por_ancestro_project,373540,373540,P10 > P10-PRL-LGC-PRELIMPIEZA > P10-PRL-LGC-SILOS > P10-PRL-SLO-SLO1 DIARIO,P10 > P10-PRL-LGC-PRELIMPIEZA > P10-PRL-LGC-SILOS > P10-PRL-SLO-SLO1 DIARIO,P10 > P10-PRL-LGC-PRELIMPIEZA > P10-PRL-ZRN-ZR01,P10-PRL-LGC-PRELIMPIEZA,P10 > P10-PRL-LGC-PRELIMPIEZA,hay más de un contenedor candidato,Ancestro Project P10-PRL-LGC-PRELIMPIEZA aparece en 8 contenedores. | no aparece en asociacion_contenedor_hijos_final_p10.csv
match_project_revit_revision.csv,P10-PRL-ALM-ZRA01,ALIM. ZARAN. ROT. ZR01,contenedor_duplicado,contenedor_por_ancestro_project,373540,373540,P10 > P10-PRL-LGC-PRELIMPIEZA > P10-PRL-LGC-SILOS > P10-PRL-SLO-SLO1 DIARIO,P10 > P10-PRL-LGC-PRELIMPIEZA > P10-PRL-LGC-SILOS > P10-PRL-SLO-SLO1 DIARIO,P10 > P10-PRL-LGC-PRELIMPIEZA > P10-PRL-ZRN-ZR01 > P10-PRL-ALM-ZRA01,P10-PRL-LGC-PRELIMPIEZA > P10-PRL-ZRN-ZR01,P10 > P10-PRL-LGC-PRELIMPIEZA > P10-PRL-ZRN-ZR01,hay más de un contenedor candidato,Ancestro Project P10-PRL-LGC-PRELIMPIEZA aparece en 8 contenedores. | no aparece en asociacion_contenedor_hijos_final_p10.csv
match_project_revit_revision.csv,P10-PRL-ZRN-ZR02,ZARANDA ROTATIVA 02 (ESTE),contenedor_duplicado,contenedor_por_ancestro_project,373540,373540,P10 > P10-PRL-LGC-PRELIMPIEZA > P10-PRL-LGC-SILOS > P10-PRL-SLO-SLO1 DIARIO,P10 > P10-PRL-LGC-PRELIMPIEZA > P10-PRL-LGC-SILOS > P10-PRL-SLO-SLO1 DIARIO,P10 > P10-PRL-LGC-PRELIMPIEZA > P10-PRL-ZRN-ZR02,P10-PRL-LGC-PRELIMPIEZA,P10 > P10-PRL-LGC-PRELIMPIEZA,hay más de un contenedor candidato,Ancestro Project P10-PRL-LGC-PRELIMPIEZA aparece en 8 contenedores. | no aparece en asociacion_contenedor_hijos_final_p10.csv
match_project_revit_revision.csv,P10-PRL-ALM-ZRA02,ALIM. ZARAN. ROT. ZR02,contenedor_duplicado,contenedor_por_ancestro_project,373540,373540,P10 > P10-PRL-LGC-PRELIMPIEZA > P10-PRL-LGC-SILOS > P10-PRL-SLO-SLO1 DIARIO,P10 > P10-PRL-LGC-PRELIMPIEZA > P10-PRL-LGC-SILOS > P10-PRL-SLO-SLO1 DIARIO,P10 > P10-PRL-LGC-PRELIMPIEZA > P10-PRL-ZRN-ZR02 > P10-PRL-ALM-ZRA02,P10-PRL-LGC-PRELIMPIEZA > P10-PRL-ZRN-ZR02,P10 > P10-PRL-LGC-PRELIMPIEZA > P10-PRL-ZRN-ZR02,hay más de un contenedor candidato,Ancestro Project P10-PRL-LGC-PRELIMPIEZA aparece en 8 contenedores. | no aparece en asociacion_contenedor_hijos_final_p10.csv
match_project_revit_revision.csv,P10-SRV-VLV-SGR,VALVULA DE SEGURIDAD DE SUB-ESTACION DE GAS DE ENTRADA CALDERA P10,contenedor_duplicado,contenedor_por_ancestro_project,176327,176327,P10 > P10-SRV-LGC-SERVICIOS > P10-ADM-OFC-OFICINA MANT,P10 > P10-SRV-LGC-SERVICIOS > P10-ADM-OFC-OFICINA MANT,P10 > P10-SRV-LGC-SERVICIOS > P10-SRV-CLD-CMB CALDERA > P10-SRV-LGC-VALV CONTROL CLD > P10-SRV-VLV-PCV-001 > P10-SRV-VLV-SGR SUB-EST GAS,P10-SRV-LGC-SERVICIOS > P10-SRV-CLD-CMB > P10-SRV-LGC-VALV > P10-SRV-VLV-PCV-001,P10 > P10-SRV-LGC-SERVICIOS > P10-SRV-CLD-CMB CALDERA > P10-SRV-LGC-VALV CONTROL CLD > P10-SRV-VLV-PCV-001,hay más de un contenedor candidato,Código repetido en Project 6 veces. Ancestro Project P10-SRV-LGC-SERVICIOS aparece en 21 contenedores. | no aparece en asociacion_contenedor_hijos_final_p10.csv
match_project_revit_revision.csv,P10-GRL-LGC-EQUIPOS,CONJUNTO DE EQUIPOS DE SEGURIDAD P10,duplicado,elemento_puntual,377972,,P10 > P10-GRL-LGC-EQUIPOS SEGURIDAD,,P10 > P10-GRL-LGC-EQUIPOS SEGURIDAD,,P10,hay más de un elemento puntual posible,Código repetido en Project 2 veces. 2 elementos Revit contienen el código exacto. | no aparece en asociacion_contenedor_hijos_final_p10.csv
match_project_revit_revision.csv,P10-GRL-LGC-EQUIPOS,CONJUNTO DE EQUIPOS DE SEGURIDAD P10,duplicado,elemento_puntual,381172,,P10 > P10-GRL-LGC-EQUIPOS IZAJE,,P10 > P10-GRL-LGC-EQUIPOS SEGURIDAD,,P10,hay más de un elemento puntual posible,Código repetido en Project 2 veces. 2 elementos Revit contienen el código exacto. | no aparece en asociacion_contenedor_hijos_final_p10.csv
match_project_revit_revision.csv,P10-SRA-MTD-MDBOIN,MOTOR DIESEL BOMBA LUCHA CONTRA INCENDIO (MOTOR PERKINS 4006C-23TAG3A SERIE Nº DGD062001U7184L),sin_contenedor,sin_asociacion,,,,,P10 > P10-GRL-LGC-EQUIPOS SEGURIDAD > P10-SRA-BMB-BOIN > P10-SRA-MTD-MDBOIN,P10-GRL-LGC-EQUIPOS > P10-SRA-BMB-BOIN,P10 > P10-GRL-LGC-EQUIPOS SEGURIDAD > P10-SRA-BMB-BOIN,no se encontró contenedor compatible,Ningún contenedor supera puntaje mínimo 40. | no aparece en asociacion_contenedor_hijos_final_p10.csv
match_project_revit_revision.csv,P10-SRA-SLA-SALA,SALA DE BOMBA DIESEL DE RED DE INCENDIO,sin_contenedor,sin_asociacion,,,,,P10 > P10-GRL-LGC-EQUIPOS SEGURIDAD > P10-SRA-SLA-SALA BOIN,P10-GRL-LGC-EQUIPOS,P10 > P10-GRL-LGC-EQUIPOS SEGURIDAD,no se encontró contenedor compatible,Ningún contenedor supera puntaje mínimo 40. | no aparece en asociacion_contenedor_hijos_final_p10.csv
match_project_revit_revision.csv,P10-SRA-VLV-VSBOIN,VALVULA DE SEGURIDAD DE MOTOR DIESEL RED INCENDIO P10,sin_contenedor,sin_asociacion,,,,,P10 > P10-GRL-LGC-EQUIPOS SEGURIDAD > P10-SRA-SLA-SALA BOIN > P10-SRA-VLV-VSBOIN,P10-GRL-LGC-EQUIPOS > P10-SRA-SLA-SALA,P10 > P10-GRL-LGC-EQUIPOS SEGURIDAD > P10-SRA-SLA-SALA BOIN,no se encontró contenedor compatible,Ningún contenedor supera puntaje mínimo 40. | no aparece en asociacion_contenedor_hijos_final_p10.csv
match_project_revit_revision.csv,P10-GRL-SRN-SIRPRP,SIRENA ALARMA DE EMERGENCIA PREPARACION P10,contenedor_duplicado,contenedor,377972,377972,P10 > P10-GRL-LGC-EQUIPOS SEGURIDAD,P10 > P10-GRL-LGC-EQUIPOS SEGURIDAD,P10 > P10-GRL-LGC-EQUIPOS SEGURIDAD > P10-GRL-SRN-SIRPRP,P10-GRL-LGC-EQUIPOS,P10 > P10-GRL-LGC-EQUIPOS SEGURIDAD,hay más de un contenedor candidato,"Scoring ambiguo: mejor=80, segundo=80, diferencia=0. | no aparece en asociacion_contenedor_hijos_final_p10.csv"
match_project_revit_revision.csv,P10-SRA-TNQ-TKRED,TANQUE RED INCENDIO,sin_contenedor,sin_asociacion,,,,,P10 > P10-GRL-LGC-EQUIPOS SEGURIDAD > P10-SRA-TNQ-TKRED,P10-GRL-LGC-EQUIPOS,P10 > P10-GRL-LGC-EQUIPOS SEGURIDAD,no se encontró contenedor compatible,Ningún contenedor supera puntaje mínimo 40. | no aparece en asociacion_contenedor_hijos_final_p10.csv
match_project_revit_revision.csv,P10-APR-APA02,APAREJO ELECTRICO MOLINOS DESCASCARADO P10,sin_contenedor,sin_asociacion,,,,,P10 > P10-GRL-LGC-EQUIPOS IZAJE > P10-APR-APA02 MOL CASC,P10-GRL-LGC-EQUIPOS,P10 > P10-GRL-LGC-EQUIPOS IZAJE,no se encontró contenedor compatible,Ningún contenedor supera puntaje mínimo 40. | no aparece en asociacion_contenedor_hijos_final_p10.csv
match_project_revit_revision.csv,P10-APR-APA04,APAREJO ELECTRICO PELLETERAS P10,sin_contenedor,sin_asociacion,,,,,P10 > P10-GRL-LGC-EQUIPOS IZAJE > P10-APR-APA04 PELLET,P10-GRL-LGC-EQUIPOS,P10 > P10-GRL-LGC-EQUIPOS IZAJE,no se encontró contenedor compatible,Ningún contenedor supera puntaje mínimo 40. | no aparece en asociacion_contenedor_hijos_final_p10.csv
match_project_revit_revision.csv,P10-APR-APA03,APAREJO ELECTRICO ROLOS QUEBRADORES DESCASCARADO P10,sin_contenedor,sin_asociacion,,,,,P10 > P10-GRL-LGC-EQUIPOS IZAJE > P10-APR-APA03 QUEB 1RA PAS,P10-GRL-LGC-EQUIPOS,P10 > P10-GRL-LGC-EQUIPOS IZAJE,no se encontró contenedor compatible,Ningún contenedor supera puntaje mínimo 40. | no aparece en asociacion_contenedor_hijos_final_p10.csv
match_project_revit_revision.csv,P10-APR-APA01,APAREJO ELECTRICO TALLER P10,sin_contenedor,sin_asociacion,,,,,P10 > P10-GRL-LGC-EQUIPOS IZAJE > P10-APR-APA01 TALLER,P10-GRL-LGC-EQUIPOS,P10 > P10-GRL-LGC-EQUIPOS IZAJE,no se encontró contenedor compatible,Ningún contenedor supera puntaje mínimo 40. | no aparece en asociacion_contenedor_hijos_final_p10.csv
match_project_revit_revision.csv,P10-APR-APA05,APAREJO ELECTRICO ZARANDAS ROTEX DESCASCARADO,sin_contenedor,sin_asociacion,,,,,P10 > P10-GRL-LGC-EQUIPOS IZAJE > P10-APR-APA05 ZAR ROTEX,P10-GRL-LGC-EQUIPOS,P10 > P10-GRL-LGC-EQUIPOS IZAJE,no se encontró contenedor compatible,Ningún contenedor supera puntaje mínimo 40. | no aparece en asociacion_contenedor_hijos_final_p10.csv
match_project_revit_revision.csv,P10-TLLM-GND-GND01,GUINDOLA CERTIFICADA GND01,sin_contenedor,sin_asociacion,,,,,P10 > P10-GRL-LGC-EQUIPOS IZAJE > P10-TLLM-GND-GND01,P10-GRL-LGC-EQUIPOS,P10 > P10-GRL-LGC-EQUIPOS IZAJE,no se encontró contenedor compatible,Ningún contenedor supera puntaje mínimo 40. | no aparece en asociacion_contenedor_hijos_final_p10.csv
match_project_revit_revision.csv,P10-PRP-PRC-PERCHA,PERCHA PARA MOVIMIENTO DE EXPANDER 1800,contenedor_duplicado,contenedor,281815,281815,P10 > P10-PRP-LGC-PREPARACION > P10-PRP-LGC-REDLER,P10 > P10-PRP-LGC-PREPARACION > P10-PRP-LGC-REDLER,P10 > P10-GRL-LGC-EQUIPOS IZAJE > P10-PRP-PRC-PERCHA EXP,P10-GRL-LGC-EQUIPOS,P10 > P10-GRL-LGC-EQUIPOS IZAJE,hay más de un contenedor candidato,"Scoring ambiguo: mejor=80, segundo=80, diferencia=0. | no aparece en asociacion_contenedor_hijos_final_p10.csv"
match_project_revit_revision.csv,P10-LGC-EQUIPOS,EQUIPO LOGICOS ZONAS DE SUPERVISORES P10,contenedor_duplicado,contenedor,377972,377972,P10 > P10-GRL-LGC-EQUIPOS SEGURIDAD,P10 > P10-GRL-LGC-EQUIPOS SEGURIDAD,P10 > P10-LGC-EQUIPOS LOGICOS,,P10,hay más de un contenedor candidato,"Código repetido en Project 3 veces. Scoring ambiguo: mejor=200, segundo=200, diferencia=0. | no aparece en asociacion_contenedor_hijos_final_p10.csv"
match_project_revit_revision.csv,P10-LGC-ZONA,EQUIPOS DE ZONA ELECTRICA O1,contenedor_duplicado,contenedor,373540,373540,P10 > P10-PRL-LGC-PRELIMPIEZA > P10-PRL-LGC-SILOS > P10-PRL-SLO-SLO1 DIARIO,P10 > P10-PRL-LGC-PRELIMPIEZA > P10-PRL-LGC-SILOS > P10-PRL-SLO-SLO1 DIARIO,P10 > P10-LGC-EQUIPOS LOGICOS > P10-LGC-ZONA ELE O1,P10-LGC-EQUIPOS,P10 > P10-LGC-EQUIPOS LOGICOS,hay más de un contenedor candidato,"Código repetido en Project 8 veces. Scoring ambiguo: mejor=50, segundo=50, diferencia=0. | no aparece en asociacion_contenedor_hijos_final_p10.csv"
match_project_revit_revision.csv,P10-LGC-RUTAS,RUTAS DE LUBRICACION P10,contenedor_duplicado,contenedor,373540,373540,P10 > P10-PRL-LGC-PRELIMPIEZA > P10-PRL-LGC-SILOS > P10-PRL-SLO-SLO1 DIARIO,P10 > P10-PRL-LGC-PRELIMPIEZA > P10-PRL-LGC-SILOS > P10-PRL-SLO-SLO1 DIARIO,P10 > P10-LGC-EQUIPOS LOGICOS > P10-LGC-RUTAS DE LUBRICACION,P10-LGC-EQUIPOS,P10 > P10-LGC-EQUIPOS LOGICOS,hay más de un contenedor candidato,"Código repetido en Project 2 veces. Scoring ambiguo: mejor=50, segundo=50, diferencia=0. | no aparece en asociacion_contenedor_hijos_final_p10.csv"
match_project_revit_revision.csv,P10-GRL-LGC-MAQUINARIAS,MAQUINARIAS P10,contenedor_duplicado,contenedor,377972,377972,P10 > P10-GRL-LGC-EQUIPOS SEGURIDAD,P10 > P10-GRL-LGC-EQUIPOS SEGURIDAD,P10 > P10-GRL-LGC-MAQUINARIAS,,P10,hay más de un contenedor candidato,"Scoring ambiguo: mejor=230, segundo=230, diferencia=0. | no aparece en asociacion_contenedor_hijos_final_p10.csv"
match_project_revit_revision.csv,P10-RPS-LGC-REPUESTOS,"REPUESTOS DE P10 EN STOCK, ACTIVOS MOVILES",contenedor_duplicado,contenedor,373540,373540,P10 > P10-PRL-LGC-PRELIMPIEZA > P10-PRL-LGC-SILOS > P10-PRL-SLO-SLO1 DIARIO,P10 > P10-PRL-LGC-PRELIMPIEZA > P10-PRL-LGC-SILOS > P10-PRL-SLO-SLO1 DIARIO,P10 > P10-RPS-LGC-REPUESTOS,,P10,hay más de un contenedor candidato,"Scoring ambiguo: mejor=70, segundo=70, diferencia=0. | no aparece en asociacion_contenedor_hijos_final_p10.csv"
match_project_revit_revision.csv,P10-RPS-LGC-EN,"REPUESTOS DE P10 EN REPARACION, ACTIVOS MOVILES",contenedor_duplicado,contenedor,373540,373540,P10 > P10-PRL-LGC-PRELIMPIEZA > P10-PRL-LGC-SILOS > P10-PRL-SLO-SLO1 DIARIO,P10 > P10-PRL-LGC-PRELIMPIEZA > P10-PRL-LGC-SILOS > P10-PRL-SLO-SLO1 DIARIO,P10 > P10-RPS-LGC-REPUESTOS > P10-RPS-LGC-EN REPARACION,P10-RPS-LGC-REPUESTOS,P10 > P10-RPS-LGC-REPUESTOS,hay más de un contenedor candidato,"Scoring ambiguo: mejor=70, segundo=70, diferencia=0. | no aparece en asociacion_contenedor_hijos_final_p10.csv"
match_project_revit_revision.csv,P10-PLL-LGC-PELLETERA,SECTOR PELLETEADO P10,contenedor_duplicado,contenedor,373540,373540,P10 > P10-PRL-LGC-PRELIMPIEZA > P10-PRL-LGC-SILOS > P10-PRL-SLO-SLO1 DIARIO,P10 > P10-PRL-LGC-PRELIMPIEZA > P10-PRL-LGC-SILOS > P10-PRL-SLO-SLO1 DIARIO,P10 > P10-PLL-LGC-PELLETERA,,P10,hay más de un contenedor candidato,"Scoring ambiguo: mejor=70, segundo=70, diferencia=0. | no aparece en asociacion_contenedor_hijos_final_p10.csv"
asociacion_contenedor_hijos_final_p10.csv,P10-EXT-VLV-VSA420,VALVULA DE SEGURIDAD AGITADOR A420,,contenedor_por_ancestro_project,,282997,,P10 > P10-EXT-LGC-EXTRACCION > P10-EXT-LGC-DESGOMADO,,,,,
asociacion_contenedor_hijos_final_p10.csv,P10-EXT-LGC-VLV,CONJUNTO DE VALVULAS DE SEGURIDAD DEL TOSTER,,contenedor_por_ancestro_project,,282656,,P10 > P10-EXT-LGC-EXTRACCION > P10-EXT-TST-DT250,,,,,
asociacion_contenedor_hijos_final_p10.csv,P10-EXT-VLV-PRV259,"SEGURIDAD VAPOR DIRECTO PISO INFERIOR 3,1 BAR, 6 PULG A 8 PULG SERIE 150",,contenedor_por_ancestro_project,,282656,,P10 > P10-EXT-LGC-EXTRACCION > P10-EXT-TST-DT250,,,,,
asociacion_contenedor_hijos_final_p10.csv,P10-EXT-VLV-PRV258,"SEGURIDAD VAPOR DIRECTO PISO SUPERIOR 2,1 BAR DE 6 PULG A 8 PULG SERIE 150",,contenedor_por_ancestro_project,,282656,,P10 > P10-EXT-LGC-EXTRACCION > P10-EXT-TST-DT250,,,,,
asociacion_contenedor_hijos_final_p10.csv,P10-EXT-VLV-PRV260,"VALVULA SEGURIDAD VAPOR INDIRECTO 1,75 BAR, 4 PULG A 4 PULG SERIE 150",,contenedor_por_ancestro_project,,282656,,P10 > P10-EXT-LGC-EXTRACCION > P10-EXT-TST-DT250,,,,,
asociacion_contenedor_hijos_final_p10.csv,P10-HRN-RSC-EGSF01,ROSCA SIN FIN DE FINOS ENFR. SEC. 01,,contenedor_por_ancestro_project,,367888,,P10 > P10-HRN-LGC-HARINA > P10-HRN-ENF-EG01,,,,,
asociacion_contenedor_hijos_final_p10.csv,P10-HRN-RSC-EGSF02,ROSCA SIN FIN DE FINOS ENFR. SEC. 01,,contenedor_por_ancestro_project,,367888,,P10 > P10-HRN-LGC-HARINA > P10-HRN-ENF-EG01,,,,,
asociacion_contenedor_hijos_final_p10.csv,P10-HRN-RSC-EGSF03,ROSCA SIN FIN DE FINOS ENFR. SEC. 01,,contenedor_por_ancestro_project,,367888,,P10 > P10-HRN-LGC-HARINA > P10-HRN-ENF-EG01,,,,,
asociacion_contenedor_hijos_final_p10.csv,P10-HRN-RSC-EGSF04,ROSCA SIN FIN DE FINOS ENFR. SEC. 01,,contenedor_por_ancestro_project,,367888,,P10 > P10-HRN-LGC-HARINA > P10-HRN-ENF-EG01,,,,,
asociacion_contenedor_hijos_final_p10.csv,P10-HRN-VNT-VE27,VENTILADOR ASPIR. SEC. ENFR.EG01,,contenedor_por_ancestro_project,,367888,,P10 > P10-HRN-LGC-HARINA > P10-HRN-ENF-EG01,,,,,
asociacion_contenedor_hijos_final_p10.csv,P10-HRN-CCL-CVE27,CICLON VENTILADOR ASPIR. SEC. ENFR.EG01,,contenedor_por_ancestro_project,,367888,,P10 > P10-HRN-LGC-HARINA > P10-HRN-ENF-EG01,,,,,
asociacion_contenedor_hijos_final_p10.csv,P10-HRN-VLV-VR20,VALV. ROT. 20 (VE27),,contenedor_por_ancestro_project,,367888,,P10 > P10-HRN-LGC-HARINA > P10-HRN-ENF-EG01,,,,,
asociacion_contenedor_hijos_final_p10.csv,P10-HRN-VNT-VE28,VENTILADOR ASPIR. SEC. ENFR.EG01,,contenedor_por_ancestro_project,,367888,,P10 > P10-HRN-LGC-HARINA > P10-HRN-ENF-EG01,,,,,
asociacion_contenedor_hijos_final_p10.csv,P10-HRN-CCL-CVE28,CICLON VENTILADOR ASPIR. SEC. ENFR.EG01,,contenedor_por_ancestro_project,,367888,,P10 > P10-HRN-LGC-HARINA > P10-HRN-ENF-EG01,,,,,
asociacion_contenedor_hijos_final_p10.csv,P10-HRN-VLV-VR21,VALV. ROT. 21 (VE28),,contenedor_por_ancestro_project,,367888,,P10 > P10-HRN-LGC-HARINA > P10-HRN-ENF-EG01,,,,,
asociacion_contenedor_hijos_final_p10.csv,P10-HRN-VNT-VE29,VENTILADOR ASPIR. SEC. ENFR.EG01,,contenedor_por_ancestro_project,,367888,,P10 > P10-HRN-LGC-HARINA > P10-HRN-ENF-EG01,,,,,
asociacion_contenedor_hijos_final_p10.csv,P10-HRN-CCL-CVE29,CICLON VENTILADOR ASPIR. SEC. ENFR.EG01,,contenedor_por_ancestro_project,,367888,,P10 > P10-HRN-LGC-HARINA > P10-HRN-ENF-EG01,,,,,
asociacion_contenedor_hijos_final_p10.csv,P10-HRN-VLV-VR22,VALV. ROT. 22 (VE29),,contenedor_por_ancestro_project,,367888,,P10 > P10-HRN-LGC-HARINA > P10-HRN-ENF-EG01,,,,,
asociacion_contenedor_hijos_final_p10.csv,P10-HRN-VNT-VE30,VENTILADOR ASPIR. SEC. ENFR.EG01,,contenedor_por_ancestro_project,,367888,,P10 > P10-HRN-LGC-HARINA > P10-HRN-ENF-EG01,,,,,
asociacion_contenedor_hijos_final_p10.csv,P10-HRN-CCL-CVE30,CICLON VENTILADOR ASPIR. SEC. ENFR.EG01,,contenedor_por_ancestro_project,,367888,,P10 > P10-HRN-LGC-HARINA > P10-HRN-ENF-EG01,,,,,
asociacion_contenedor_hijos_final_p10.csv,P10-HRN-VLV-VR23,VALV. ROT. 23 (VE30),,contenedor_por_ancestro_project,,367888,,P10 > P10-HRN-LGC-HARINA > P10-HRN-ENF-EG01,,,,,
asociacion_contenedor_hijos_final_p10.csv,P10-HRN-VNT-VE31,VENTILADOR ASPIR. SEC. ENFR.EG01,,contenedor_por_ancestro_project,,367888,,P10 > P10-HRN-LGC-HARINA > P10-HRN-ENF-EG01,,,,,
asociacion_contenedor_hijos_final_p10.csv,P10-HRN-CCL-CVE31,CICLON VENTILADOR ASPIR. SEC. ENFR.EG01,,contenedor_por_ancestro_project,,367888,,P10 > P10-HRN-LGC-HARINA > P10-HRN-ENF-EG01,,,,,
asociacion_contenedor_hijos_final_p10.csv,P10-HRN-VLV-VR24,VALV. ROT. 24 (VE31),,contenedor_por_ancestro_project,,367888,,P10 > P10-HRN-LGC-HARINA > P10-HRN-ENF-EG01,,,,,
asociacion_contenedor_hijos_final_p10.csv,P10-HRN-VNT-VE32,VENTILADOR ASPIR. SEC. ENFR.EG01,,contenedor_por_ancestro_project,,367888,,P10 > P10-HRN-LGC-HARINA > P10-HRN-ENF-EG01,,,,,
asociacion_contenedor_hijos_final_p10.csv,P10-HRN-CCL-CVE32,CICLON VENTILADOR ASPIR. SEC. ENFR.EG01,,contenedor_por_ancestro_project,,367888,,P10 > P10-HRN-LGC-HARINA > P10-HRN-ENF-EG01,,,,,
asociacion_contenedor_hijos_final_p10.csv,P10-HRN-VLV-VR25,VALV. ROT. 25 (VE32),,contenedor_por_ancestro_project,,367888,,P10 > P10-HRN-LGC-HARINA > P10-HRN-ENF-EG01,,,,,
asociacion_contenedor_hijos_final_p10.csv,P10-HRN-VNT-VE33,VENTILADOR ASPIR. SEC. ENFR.EG01,,contenedor_por_ancestro_project,,367888,,P10 > P10-HRN-LGC-HARINA > P10-HRN-ENF-EG01,,,,,
asociacion_contenedor_hijos_final_p10.csv,P10-HRN-CCL-CVE33,CICLON VENTILADOR ASPIR. SEC. ENFR.EG01,,contenedor_por_ancestro_project,,367888,,P10 > P10-HRN-LGC-HARINA > P10-HRN-ENF-EG01,,,,,
asociacion_contenedor_hijos_final_p10.csv,P10-HRN-VLV-VR26,VALV. ROT. 26 (VE33),,contenedor_por_ancestro_project,,367888,,P10 > P10-HRN-LGC-HARINA > P10-HRN-ENF-EG01,,,,,
asociacion_contenedor_hijos_final_p10.csv,P10-HRN-VNT-VE34,VENTILADOR ASPIR. SEC. ENFR.EG01,,contenedor_por_ancestro_project,,367888,,P10 > P10-HRN-LGC-HARINA > P10-HRN-ENF-EG01,,,,,
asociacion_contenedor_hijos_final_p10.csv,P10-HRN-CCL-CVE34,CICLON VENTILADOR ASPIR. SEC. ENFR.EG01,,contenedor_por_ancestro_project,,367888,,P10 > P10-HRN-LGC-HARINA > P10-HRN-ENF-EG01,,,,,
asociacion_contenedor_hijos_final_p10.csv,P10-HRN-VLV-VR27,VALV. ROT. 27 (VE34),,contenedor_por_ancestro_project,,367888,,P10 > P10-HRN-LGC-HARINA > P10-HRN-ENF-EG01,,,,,
asociacion_contenedor_hijos_final_p10.csv,P10-HRN-VNT-VE39,VTF AEROTERMOS ENFR.EG01,,contenedor_por_ancestro_project,,367888,,P10 > P10-HRN-LGC-HARINA > P10-HRN-ENF-EG01,,,,,
asociacion_contenedor_hijos_final_p10.csv,P10-HRN-ART-ARTVE39,AEROTERMO DE VENTILADOR VE39,,contenedor_por_ancestro_project,,367888,,P10 > P10-HRN-LGC-HARINA > P10-HRN-ENF-EG01,,,,,
asociacion_contenedor_hijos_final_p10.csv,P10-HRN-VNT-VE40,VTF AEROTERMOS ENFR.EG01,,contenedor_por_ancestro_project,,367888,,P10 > P10-HRN-LGC-HARINA > P10-HRN-ENF-EG01,,,,,
asociacion_contenedor_hijos_final_p10.csv,P10-HRN-ART-ARTVE40,AEROTERMO DE VENTILADOR VE40,,contenedor_por_ancestro_project,,367888,,P10 > P10-HRN-LGC-HARINA > P10-HRN-ENF-EG01,,,,,
asociacion_contenedor_hijos_final_p10.csv,P10-HRN-VNT-VE41,VTF AEROTERMOS ENFR.EG01,,contenedor_por_ancestro_project,,367888,,P10 > P10-HRN-LGC-HARINA > P10-HRN-ENF-EG01,,,,,
asociacion_contenedor_hijos_final_p10.csv,P10-HRN-ART-ARTVE41,AEROTERMO DE VENTILADOR VE41,,contenedor_por_ancestro_project,,367888,,P10 > P10-HRN-LGC-HARINA > P10-HRN-ENF-EG01,,,,,
asociacion_contenedor_hijos_final_p10.csv,P10-HRN-VNT-VE42,VTF AEROTERMOS ENFR.EG01,,contenedor_por_ancestro_project,,367888,,P10 > P10-HRN-LGC-HARINA > P10-HRN-ENF-EG01,,,,,
asociacion_contenedor_hijos_final_p10.csv,P10-HRN-ART-ARTVE42,AEROTERMO DE VENTILADOR VE42,,contenedor_por_ancestro_project,,367888,,P10 > P10-HRN-LGC-HARINA > P10-HRN-ENF-EG01,,,,,
asociacion_contenedor_hijos_final_p10.csv,P10-HRN-VNT-VE43,VTF AEROTERMOS ENFR.EG01,,contenedor_por_ancestro_project,,367888,,P10 > P10-HRN-LGC-HARINA > P10-HRN-ENF-EG01,,,,,
asociacion_contenedor_hijos_final_p10.csv,P10-HRN-ART-ARTVE43,AEROTERMO DE VENTILADOR VE43,,contenedor_por_ancestro_project,,367888,,P10 > P10-HRN-LGC-HARINA > P10-HRN-ENF-EG01,,,,,
asociacion_contenedor_hijos_final_p10.csv,P10-HRN-VNT-VE44,VTF AEROTERMOS ENFR.EG01,,contenedor_por_ancestro_project,,367888,,P10 > P10-HRN-LGC-HARINA > P10-HRN-ENF-EG01,,,,,
asociacion_contenedor_hijos_final_p10.csv,P10-HRN-ART-ARTVE44,AEROTERMO DE VENTILADOR VE44,,contenedor_por_ancestro_project,,367888,,P10 > P10-HRN-LGC-HARINA > P10-HRN-ENF-EG01,,,,,
asociacion_contenedor_hijos_final_p10.csv,P10-HRN-VNT-VE45,VTF AEROTERMOS ENFR.EG01,,contenedor_por_ancestro_project,,367888,,P10 > P10-HRN-LGC-HARINA > P10-HRN-ENF-EG01,,,,,
asociacion_contenedor_hijos_final_p10.csv,P10-HRN-ART-ARTVE45,AEROTERMO DE VENTILADOR VE45,,contenedor_por_ancestro_project,,367888,,P10 > P10-HRN-LGC-HARINA > P10-HRN-ENF-EG01,,,,,
asociacion_contenedor_hijos_final_p10.csv,P10-HRN-VNT-VE46,VTF AEROTERMOS ENFR.EG01,,contenedor_por_ancestro_project,,367888,,P10 > P10-HRN-LGC-HARINA > P10-HRN-ENF-EG01,,,,,
asociacion_contenedor_hijos_final_p10.csv,P10-HRN-ART-ARTVE46,AEROTERMO DE VENTILADOR VE46,,contenedor_por_ancestro_project,,367888,,P10 > P10-HRN-LGC-HARINA > P10-HRN-ENF-EG01,,,,,
asociacion_contenedor_hijos_final_p10.csv,P10-HRN-VNT-VE47,VTF AEROTERMOS ENFR.EG01,,contenedor_por_ancestro_project,,367888,,P10 > P10-HRN-LGC-HARINA > P10-HRN-ENF-EG01,,,,,
asociacion_contenedor_hijos_final_p10.csv,P10-HRN-ART-ARTVE47,AEROTERMO DE VENTILADOR VE47,,contenedor_por_ancestro_project,,367888,,P10 > P10-HRN-LGC-HARINA > P10-HRN-ENF-EG01,,,,,
asociacion_contenedor_hijos_final_p10.csv,P10-HRN-VNT-VE48,VTF AEROTERMOS ENFR.EG01,,contenedor_por_ancestro_project,,367888,,P10 > P10-HRN-LGC-HARINA > P10-HRN-ENF-EG01,,,,,
asociacion_contenedor_hijos_final_p10.csv,P10-HRN-ART-ARTVE48,AEROTERMO DE VENTILADOR VE48,,contenedor_por_ancestro_project,,367888,,P10 > P10-HRN-LGC-HARINA > P10-HRN-ENF-EG01,,,,,
asociacion_contenedor_hijos_final_p10.csv,P10-HRN-VNT-VE49,VTF AEROTERMOS ENFR.EG01,,contenedor_por_ancestro_project,,367888,,P10 > P10-HRN-LGC-HARINA > P10-HRN-ENF-EG01,,,,,
asociacion_contenedor_hijos_final_p10.csv,P10-HRN-ART-ARTVE49,AEROTERMO DE VENTILADOR VE49,,contenedor_por_ancestro_project,,367888,,P10 > P10-HRN-LGC-HARINA > P10-HRN-ENF-EG01,,,,,
asociacion_contenedor_hijos_final_p10.csv,P10-HRN-VNT-VE50,VTF AEROTERMOS ENFR.EG01,,contenedor_por_ancestro_project,,367888,,P10 > P10-HRN-LGC-HARINA > P10-HRN-ENF-EG01,,,,,
asociacion_contenedor_hijos_final_p10.csv,P10-HRN-ART-ARTVE50,AEROTERMO DE VENTILADOR VE50,,contenedor_por_ancestro_project,,367888,,P10 > P10-HRN-LGC-HARINA > P10-HRN-ENF-EG01,,,,,
asociacion_contenedor_hijos_final_p10.csv,P10-HRN-VNT-VE51,VTF AEROTERMOS ENFR.EG01,,contenedor_por_ancestro_project,,367888,,P10 > P10-HRN-LGC-HARINA > P10-HRN-ENF-EG01,,,,,
asociacion_contenedor_hijos_final_p10.csv,P10-HRN-ART-ARTVE51,AEROTERMO DE VENTILADOR VE51,,contenedor_por_ancestro_project,,367888,,P10 > P10-HRN-LGC-HARINA > P10-HRN-ENF-EG01,,,,,
asociacion_contenedor_hijos_final_p10.csv,P10-HRN-VNT-VE52,VTF AEROTERMOS ENFR.EG01,,contenedor_por_ancestro_project,,367888,,P10 > P10-HRN-LGC-HARINA > P10-HRN-ENF-EG01,,,,,
asociacion_contenedor_hijos_final_p10.csv,P10-HRN-ART-ARTVE52,AEROTERMO DE VENTILADOR VE52,,contenedor_por_ancestro_project,,367888,,P10 > P10-HRN-LGC-HARINA > P10-HRN-ENF-EG01,,,,,
asociacion_contenedor_hijos_final_p10.csv,P10-HRN-VNT-VE53,VTF AEROTERMOS ENFR.EG01,,contenedor_por_ancestro_project,,367888,,P10 > P10-HRN-LGC-HARINA > P10-HRN-ENF-EG01,,,,,
asociacion_contenedor_hijos_final_p10.csv,P10-HRN-ART-ARTVE53,AEROTERMO DE VENTILADOR VE53,,contenedor_por_ancestro_project,,367888,,P10 > P10-HRN-LGC-HARINA > P10-HRN-ENF-EG01,,,,,
asociacion_contenedor_hijos_final_p10.csv,P10-HRN-VNT-VE54,VTF AEROTERMOS ENFR.EG01,,contenedor_por_ancestro_project,,367888,,P10 > P10-HRN-LGC-HARINA > P10-HRN-ENF-EG01,,,,,
asociacion_contenedor_hijos_final_p10.csv,P10-HRN-ART-ARTVE54,AEROTERMO DE VENTILADOR VE54,,contenedor_por_ancestro_project,,367888,,P10 > P10-HRN-LGC-HARINA > P10-HRN-ENF-EG01,,,,,
asociacion_contenedor_hijos_final_p10.csv,P10-HRN-VNT-VE55,VTF AEROTERMOS ENFR.EG01,,contenedor_por_ancestro_project,,367888,,P10 > P10-HRN-LGC-HARINA > P10-HRN-ENF-EG01,,,,,
asociacion_contenedor_hijos_final_p10.csv,P10-HRN-ART-ARTVE55,AEROTERMO DE VENTILADOR VE55,,contenedor_por_ancestro_project,,367888,,P10 > P10-HRN-LGC-HARINA > P10-HRN-ENF-EG01,,,,,
asociacion_contenedor_hijos_final_p10.csv,P10-HRN-VNT-VE56,VTF AEROTERMOS ENFR.EG01,,contenedor_por_ancestro_project,,367888,,P10 > P10-HRN-LGC-HARINA > P10-HRN-ENF-EG01,,,,,
asociacion_contenedor_hijos_final_p10.csv,P10-HRN-ART-ARTVE56,AEROTERMO DE VENTILADOR VE56,,contenedor_por_ancestro_project,,367888,,P10 > P10-HRN-LGC-HARINA > P10-HRN-ENF-EG01,,,,,
asociacion_contenedor_hijos_final_p10.csv,P10-HRN-VNT-VE57,VTF AEROTERMOS ENFR.EG01,,contenedor_por_ancestro_project,,367888,,P10 > P10-HRN-LGC-HARINA > P10-HRN-ENF-EG01,,,,,
asociacion_contenedor_hijos_final_p10.csv,P10-HRN-ART-ARTVE57,AEROTERMO DE VENTILADOR VE57,,contenedor_por_ancestro_project,,367888,,P10 > P10-HRN-LGC-HARINA > P10-HRN-ENF-EG01,,,,,
asociacion_contenedor_hijos_final_p10.csv,P10-HRN-VNT-VE58,VTF AEROTERMOS ENFR.EG01,,contenedor_por_ancestro_project,,367888,,P10 > P10-HRN-LGC-HARINA > P10-HRN-ENF-EG01,,,,,
asociacion_contenedor_hijos_final_p10.csv,P10-HRN-ART-ARTVE58,AEROTERMO DE VENTILADOR VE58,,contenedor_por_ancestro_project,,367888,,P10 > P10-HRN-LGC-HARINA > P10-HRN-ENF-EG01,,,,,
asociacion_contenedor_hijos_final_p10.csv,P10-HRN-VNT-VE59,VTF AEROTERMOS ENFR.EG01,,contenedor_por_ancestro_project,,367888,,P10 > P10-HRN-LGC-HARINA > P10-HRN-ENF-EG01,,,,,
asociacion_contenedor_hijos_final_p10.csv,P10-HRN-ART-ARTVE59,AEROTERMO DE VENTILADOR VE59,,contenedor_por_ancestro_project,,367888,,P10 > P10-HRN-LGC-HARINA > P10-HRN-ENF-EG01,,,,,
asociacion_contenedor_hijos_final_p10.csv,P10-HRN-VNT-VE60,VTF AEROTERMOS ENFR.EG01,,contenedor_por_ancestro_project,,367888,,P10 > P10-HRN-LGC-HARINA > P10-HRN-ENF-EG01,,,,,
asociacion_contenedor_hijos_final_p10.csv,P10-HRN-ART-ARTVE60,AEROTERMO DE VENTILADOR VE60,,contenedor_por_ancestro_project,,367888,,P10 > P10-HRN-LGC-HARINA > P10-HRN-ENF-EG01,,,,,
asociacion_contenedor_hijos_final_p10.csv,P10-HRN-VNT-VE61,VTF AEROTERMOS ENFR.EG01,,contenedor_por_ancestro_project,,367888,,P10 > P10-HRN-LGC-HARINA > P10-HRN-ENF-EG01,,,,,
asociacion_contenedor_hijos_final_p10.csv,P10-HRN-ART-ARTVE61,AEROTERMO DE VENTILADOR VE61,,contenedor_por_ancestro_project,,367888,,P10 > P10-HRN-LGC-HARINA > P10-HRN-ENF-EG01,,,,,
asociacion_contenedor_hijos_final_p10.csv,P10-HRN-VNT-VE62,VTF AEROTERMOS ENFR.EG01,,contenedor_por_ancestro_project,,367888,,P10 > P10-HRN-LGC-HARINA > P10-HRN-ENF-EG01,,,,,
asociacion_contenedor_hijos_final_p10.csv,P10-HRN-ART-ARTVE62,AEROTERMO DE VENTILADOR VE62,,contenedor_por_ancestro_project,,367888,,P10 > P10-HRN-LGC-HARINA > P10-HRN-ENF-EG01,,,,,
asociacion_contenedor_hijos_final_p10.csv,P10-HRN-VNT-VE63,VTF AEROTERMOS ENFR.EG01,,contenedor_por_ancestro_project,,367888,,P10 > P10-HRN-LGC-HARINA > P10-HRN-ENF-EG01,,,,,
asociacion_contenedor_hijos_final_p10.csv,P10-HRN-ART-ARTVE63,AEROTERMO DE VENTILADOR VE63,,contenedor_por_ancestro_project,,367888,,P10 > P10-HRN-LGC-HARINA > P10-HRN-ENF-EG01,,,,,
asociacion_contenedor_hijos_final_p10.csv,P10-PRP-ENF-EE01,ENFRIADOR EXPANDIDO 01,,contenedor_por_ancestro_project,,281220,,P10 > P10-PRP-LGC-PREPARACION > P10-PRP-LGC-EXPANDIDO,,,,,
asociacion_contenedor_hijos_final_p10.csv,P10-PRP-VLV-VREE1,VALV ROT DESCARGA SEC ENFR EXPANDIDO,,contenedor_por_ancestro_project,,281220,,P10 > P10-PRP-LGC-PREPARACION > P10-PRP-LGC-EXPANDIDO,,,,,
asociacion_contenedor_hijos_final_p10.csv,P10-PRP-VNT-VE21,VENTILADOR DE ASP. ENFRIADOR DE EXP. EE01,,contenedor_por_ancestro_project,,281220,,P10 > P10-PRP-LGC-PREPARACION > P10-PRP-LGC-EXPANDIDO,,,,,
asociacion_contenedor_hijos_final_p10.csv,P10-PRP-VNT-VE22,VENTILADOR DE ASP. ENFRIADOR DE EXP. EE01,,contenedor_por_ancestro_project,,281220,,P10 > P10-PRP-LGC-PREPARACION > P10-PRP-LGC-EXPANDIDO,,,,,
asociacion_contenedor_hijos_final_p10.csv,P10-PRP-VNT-VE23,VENTILADOR DE ASP. ENFRIADOR DE EXP. EE01,,contenedor_por_ancestro_project,,281220,,P10 > P10-PRP-LGC-PREPARACION > P10-PRP-LGC-EXPANDIDO,,,,,
asociacion_contenedor_hijos_final_p10.csv,P10-PRP-VNT-VE24,VENTILADOR DE ASP. ENFRIADOR DE EXP. EE01,,contenedor_por_ancestro_project,,281220,,P10 > P10-PRP-LGC-PREPARACION > P10-PRP-LGC-EXPANDIDO,,,,,
asociacion_contenedor_hijos_final_p10.csv,P10-PRP-VNT-VE25,VENTILADOR DE ASP. ENFRIADOR DE EXP. EE01,,contenedor_por_ancestro_project,,281220,,P10 > P10-PRP-LGC-PREPARACION > P10-PRP-LGC-EXPANDIDO,,,,,
asociacion_contenedor_hijos_final_p10.csv,P10-PRP-VNT-VE26,VENTILADOR DE ASP. ENFRIADOR DE EXP. EE01,,contenedor_por_ancestro_project,,281220,,P10 > P10-PRP-LGC-PREPARACION > P10-PRP-LGC-EXPANDIDO,,,,,
asociacion_contenedor_hijos_final_p10.csv,P10-PRP-VNT-VTEE01,VENTILADOR TOLVA ENFRIADOR EXPANDIDO 1 BAHOS,,contenedor_por_ancestro_project,,281220,,P10 > P10-PRP-LGC-PREPARACION > P10-PRP-LGC-EXPANDIDO,,,,,
asociacion_contenedor_hijos_final_p10.csv,P10-PRP-ENF-EE02,ENFRIADOR EXPANDIDO 02,,contenedor_por_ancestro_project,,281220,,P10 > P10-PRP-LGC-PREPARACION > P10-PRP-LGC-EXPANDIDO,,,,,
asociacion_contenedor_hijos_final_p10.csv,P10-PRP-VLV-VREE2,VALV ROT DESCARGA SEC ENFR EXPANDIDO,,contenedor_por_ancestro_project,,281220,,P10 > P10-PRP-LGC-PREPARACION > P10-PRP-LGC-EXPANDIDO,,,,,
asociacion_contenedor_hijos_final_p10.csv,P10-PRP-VNT-VE15,VENTILADOR DE ASP. ENFRIADOR DE EXP. EE02,,contenedor_por_ancestro_project,,281220,,P10 > P10-PRP-LGC-PREPARACION > P10-PRP-LGC-EXPANDIDO,,,,,
asociacion_contenedor_hijos_final_p10.csv,P10-PRP-VNT-VE16,VENTILADOR DE ASP. ENFRIADOR DE EXP. EE02,,contenedor_por_ancestro_project,,281220,,P10 > P10-PRP-LGC-PREPARACION > P10-PRP-LGC-EXPANDIDO,,,,,
asociacion_contenedor_hijos_final_p10.csv,P10-PRP-VNT-VE17,VENTILADOR DE ASP. ENFRIADOR DE EXP. EE02,,contenedor_por_ancestro_project,,281220,,P10 > P10-PRP-LGC-PREPARACION > P10-PRP-LGC-EXPANDIDO,,,,,
asociacion_contenedor_hijos_final_p10.csv,P10-PRP-VNT-VE18,VENTILADOR DE ASP. ENFRIADOR DE EXP. EE02,,contenedor_por_ancestro_project,,281220,,P10 > P10-PRP-LGC-PREPARACION > P10-PRP-LGC-EXPANDIDO,,,,,
asociacion_contenedor_hijos_final_p10.csv,P10-PRP-VNT-VE19,VENTILADOR DE ASP. ENFRIADOR DE EXP. EE02,,contenedor_por_ancestro_project,,281220,,P10 > P10-PRP-LGC-PREPARACION > P10-PRP-LGC-EXPANDIDO,,,,,
asociacion_contenedor_hijos_final_p10.csv,P10-PRP-VNT-VE20,VENTILADOR DE ASP. ENFRIADOR DE EXP. EE02,,contenedor_por_ancestro_project,,281220,,P10 > P10-PRP-LGC-PREPARACION > P10-PRP-LGC-EXPANDIDO,,,,,
asociacion_contenedor_hijos_final_p10.csv,P10-PRP-VNT-VTEE02,VENTILADOR TOLVA ENFRIADOR EXPANDIDO 2 BAHOS,,contenedor_por_ancestro_project,,281220,,P10 > P10-PRP-LGC-PREPARACION > P10-PRP-LGC-EXPANDIDO,,,,,
asociacion_contenedor_hijos_final_p10.csv,P10-PRP-EXP-E01,EXPANDER E01,,contenedor_por_ancestro_project,,281220,,P10 > P10-PRP-LGC-PREPARACION > P10-PRP-LGC-EXPANDIDO,,,,,
asociacion_contenedor_hijos_final_p10.csv,P10-PRP-ALM-AE01,ALIM. EXPANDER E01,,contenedor_por_ancestro_project,,281220,,P10 > P10-PRP-LGC-PREPARACION > P10-PRP-LGC-EXPANDIDO,,,,,
asociacion_contenedor_hijos_final_p10.csv,P10-PRP-BMB-EBLI01,BOMBA ACEITE LUBRICACION RODAMIENTO,,contenedor_por_ancestro_project,,281220,,P10 > P10-PRP-LGC-PREPARACION > P10-PRP-LGC-EXPANDIDO,,,,,
asociacion_contenedor_hijos_final_p10.csv,P10-PRP-BMB-EBLE01,BOMBA ACEITE REFRIGERACION REDUCTOR E01,,contenedor_por_ancestro_project,,281220,,P10 > P10-PRP-LGC-PREPARACION > P10-PRP-LGC-EXPANDIDO,,,,,
asociacion_contenedor_hijos_final_p10.csv,P10-PRP-VNT-VRA01,VENTIALDOR RECIRCULACION ACEITE EXPANDER E01,,contenedor_por_ancestro_project,,281220,,P10 > P10-PRP-LGC-PREPARACION > P10-PRP-LGC-EXPANDIDO,,,,,
asociacion_contenedor_hijos_final_p10.csv,P10-PRP-EXP-E02,EXPANDER E02,,contenedor_por_ancestro_project,,281220,,P10 > P10-PRP-LGC-PREPARACION > P10-PRP-LGC-EXPANDIDO,,,,,
asociacion_contenedor_hijos_final_p10.csv,P10-PRP-ALM-AE02,ALIM. EXPANDER E02,,contenedor_por_ancestro_project,,281220,,P10 > P10-PRP-LGC-PREPARACION > P10-PRP-LGC-EXPANDIDO,,,,,
asociacion_contenedor_hijos_final_p10.csv,P10-PRP-BMB-EBLI02,BOMBA ACEITE LUBR. RODAM.,,contenedor_por_ancestro_project,,281220,,P10 > P10-PRP-LGC-PREPARACION > P10-PRP-LGC-EXPANDIDO,,,,,
asociacion_contenedor_hijos_final_p10.csv,P10-PRP-BMB-EBLE02,BOMBA ACEITE REFRIGERACION REDUCTOR E02,,contenedor_por_ancestro_project,,281220,,P10 > P10-PRP-LGC-PREPARACION > P10-PRP-LGC-EXPANDIDO,,,,,
asociacion_contenedor_hijos_final_p10.csv,P10-PRP-VNT-VRA02,VENTIALDOR RECIRCULACION ACEITE EXPANDER E02,,contenedor_por_ancestro_project,,281220,,P10 > P10-PRP-LGC-PREPARACION > P10-PRP-LGC-EXPANDIDO,,,,,
asociacion_contenedor_hijos_final_p10.csv,P10-PRP-EXP-E03,EXPANDER E03,,contenedor_por_ancestro_project,,281220,,P10 > P10-PRP-LGC-PREPARACION > P10-PRP-LGC-EXPANDIDO,,,,,
asociacion_contenedor_hijos_final_p10.csv,P10-PRP-ALM-AE03,ALIM. EXPANDER E03,,contenedor_por_ancestro_project,,281220,,P10 > P10-PRP-LGC-PREPARACION > P10-PRP-LGC-EXPANDIDO,,,,,
asociacion_contenedor_hijos_final_p10.csv,P10-PRP-BMB-EBLI03,BOMBA ACEITE LUBR. RODAM.,,contenedor_por_ancestro_project,,281220,,P10 > P10-PRP-LGC-PREPARACION > P10-PRP-LGC-EXPANDIDO,,,,,
asociacion_contenedor_hijos_final_p10.csv,P10-PRP-BMB-EBLE03,BOMBA ACEITE REFRIGERACION REDUCTOR E03,,contenedor_por_ancestro_project,,281220,,P10 > P10-PRP-LGC-PREPARACION > P10-PRP-LGC-EXPANDIDO,,,,,
asociacion_contenedor_hijos_final_p10.csv,P10-PRP-VNT-VRA03,VENTIALDOR RECIRCULACION ACEITE EXPANDER E03,,contenedor_por_ancestro_project,,281220,,P10 > P10-PRP-LGC-PREPARACION > P10-PRP-LGC-EXPANDIDO,,,,,
asociacion_contenedor_hijos_final_p10.csv,P10-PRP-EXP-E04,EXPANDER E04,,contenedor_por_ancestro_project,,281220,,P10 > P10-PRP-LGC-PREPARACION > P10-PRP-LGC-EXPANDIDO,,,,,
asociacion_contenedor_hijos_final_p10.csv,P10-PRP-ALM-AE04,ALIM. EXPANDER E04,,contenedor_por_ancestro_project,,281220,,P10 > P10-PRP-LGC-PREPARACION > P10-PRP-LGC-EXPANDIDO,,,,,
asociacion_contenedor_hijos_final_p10.csv,P10-PRP-BMB-EBLI04,BOMBA ACEITE LUBR. RODAM.,,contenedor_por_ancestro_project,,281220,,P10 > P10-PRP-LGC-PREPARACION > P10-PRP-LGC-EXPANDIDO,,,,,
asociacion_contenedor_hijos_final_p10.csv,P10-PRP-BMB-EBLE04,BOMBA ACEITE REFRIGERACION REDUCTOR E04,,contenedor_por_ancestro_project,,281220,,P10 > P10-PRP-LGC-PREPARACION > P10-PRP-LGC-EXPANDIDO,,,,,
asociacion_contenedor_hijos_final_p10.csv,P10-PRP-VNT-VRA04,VENTIALDOR RECIRCULACION ACEITE EXPANDER E04,,contenedor_por_ancestro_project,,281220,,P10 > P10-PRP-LGC-PREPARACION > P10-PRP-LGC-EXPANDIDO,,,,,
asociacion_contenedor_hijos_final_p10.csv,P10-PRP-EXP-E05,EXPANDER E05,,contenedor_por_ancestro_project,,281220,,P10 > P10-PRP-LGC-PREPARACION > P10-PRP-LGC-EXPANDIDO,,,,,
asociacion_contenedor_hijos_final_p10.csv,P10-PRP-ALM-AE05,ALIM. EXPANDER E05,,contenedor_por_ancestro_project,,281220,,P10 > P10-PRP-LGC-PREPARACION > P10-PRP-LGC-EXPANDIDO,,,,,
asociacion_contenedor_hijos_final_p10.csv,P10-PRP-BMB-EBLI05,BOMBA ACEITE LUBR. RODAM.,,contenedor_por_ancestro_project,,281220,,P10 > P10-PRP-LGC-PREPARACION > P10-PRP-LGC-EXPANDIDO,,,,,
asociacion_contenedor_hijos_final_p10.csv,P10-PRP-BMB-EBLE05,BOMBA ACEITE REFRIGERACION REDUCTOR E05,,contenedor_por_ancestro_project,,281220,,P10 > P10-PRP-LGC-PREPARACION > P10-PRP-LGC-EXPANDIDO,,,,,
asociacion_contenedor_hijos_final_p10.csv,P10-PRP-VNT-VRA05,VENTIALDOR RECIRCULACION ACEITE EXPANDER E05,,contenedor_por_ancestro_project,,281220,,P10 > P10-PRP-LGC-PREPARACION > P10-PRP-LGC-EXPANDIDO,,,,,
asociacion_contenedor_hijos_final_p10.csv,P10-PRP-EXP-E06,EXPANDER E06,,contenedor_por_ancestro_project,,281220,,P10 > P10-PRP-LGC-PREPARACION > P10-PRP-LGC-EXPANDIDO,,,,,
asociacion_contenedor_hijos_final_p10.csv,P10-PRP-ALM-AE06,ALIM. EXPANDER E06,,contenedor_por_ancestro_project,,281220,,P10 > P10-PRP-LGC-PREPARACION > P10-PRP-LGC-EXPANDIDO,,,,,
asociacion_contenedor_hijos_final_p10.csv,P10-PRP-BMB-EBLI06,BOMBA ACEITE LUBR. RODAM.,,contenedor_por_ancestro_project,,281220,,P10 > P10-PRP-LGC-PREPARACION > P10-PRP-LGC-EXPANDIDO,,,,,
asociacion_contenedor_hijos_final_p10.csv,P10-PRP-BMB-EBLE06,BOMBA ACEITE REFRIGERACION REDUCTOR E06,,contenedor_por_ancestro_project,,281220,,P10 > P10-PRP-LGC-PREPARACION > P10-PRP-LGC-EXPANDIDO,,,,,
asociacion_contenedor_hijos_final_p10.csv,P10-PRP-VNT-VRA06,VENTIALDOR RECIRCULACION ACEITE EXPANDER E06,,contenedor_por_ancestro_project,,281220,,P10 > P10-PRP-LGC-PREPARACION > P10-PRP-LGC-EXPANDIDO,,,,,
asociacion_contenedor_hijos_final_p10.csv,P10-PRP-RSC-SF10,SIN FIN DE FINOS ENFRIADORES EXPANDIDO,,contenedor_por_ancestro_project,,281220,,P10 > P10-PRP-LGC-PREPARACION > P10-PRP-LGC-EXPANDIDO,,,,,
asociacion_contenedor_hijos_final_p10.csv,P10-PRP-CHD-LCH01,CENTRAL HIDRAULICA DE LAMINADORES 01,,contenedor_por_ancestro_project,,281343,,P10 > P10-PRP-LGC-PREPARACION > P10-PRP-LGC-LAMINADORES,,,,,
asociacion_contenedor_hijos_final_p10.csv,P10-PRP-CHD-LCH02,CENTRAL HIDRAULICA DE LAMINADORES 02,,contenedor_por_ancestro_project,,281343,,P10 > P10-PRP-LGC-PREPARACION > P10-PRP-LGC-LAMINADORES,,,,,
asociacion_contenedor_hijos_final_p10.csv,P10-PRP-CHD-LCH03,CENTRAL HIDRAULICA DE LAMINADORES 03,,contenedor_por_ancestro_project,,281343,,P10 > P10-PRP-LGC-PREPARACION > P10-PRP-LGC-LAMINADORES,,,,,
asociacion_contenedor_hijos_final_p10.csv,P10-PRP-CHD-LCH04,CENTRAL HIDRAULICA DE LAMINADORES 04,,contenedor_por_ancestro_project,,281343,,P10 > P10-PRP-LGC-PREPARACION > P10-PRP-LGC-LAMINADORES,,,,,
asociacion_contenedor_hijos_final_p10.csv,P10-PRP-LMN-LF01,LAMINADOR AC-200 DE FINOS,,contenedor_por_ancestro_project,,281343,,P10 > P10-PRP-LGC-PREPARACION > P10-PRP-LGC-LAMINADORES,,,,,
asociacion_contenedor_hijos_final_p10.csv,P10-PRP-ALM-ALF01,ALIMENTADOR LAMINADOR AC-200 DE FINOS,,contenedor_por_ancestro_project,,281343,,P10 > P10-PRP-LGC-PREPARACION > P10-PRP-LGC-LAMINADORES,,,,,
asociacion_contenedor_hijos_final_p10.csv,P10-PRP-CHD-LFBH01,BOMBA CENTRAL HIDRAULICA LF01,,contenedor_por_ancestro_project,,281343,,P10 > P10-PRP-LGC-PREPARACION > P10-PRP-LGC-LAMINADORES,,,,,
asociacion_contenedor_hijos_final_p10.csv,P10-PRP-LMN-L01,LAMINADOR L01 LINEA 1 LADO ESTE,,contenedor_por_ancestro_project,,281343,,P10 > P10-PRP-LGC-PREPARACION > P10-PRP-LGC-LAMINADORES,,,,,
asociacion_contenedor_hijos_final_p10.csv,P10-PRP-ALM-AL01,ALIM. LAMINADOR L01,,contenedor_por_ancestro_project,,281343,,P10 > P10-PRP-LGC-PREPARACION > P10-PRP-LGC-LAMINADORES,,,,,
asociacion_contenedor_hijos_final_p10.csv,P10-PRP-LMN-L02,LAMINADOR L02 LINEA 1,,contenedor_por_ancestro_project,,281343,,P10 > P10-PRP-LGC-PREPARACION > P10-PRP-LGC-LAMINADORES,,,,,
asociacion_contenedor_hijos_final_p10.csv,P10-PRP-ALM-AL02,ALIM. LAMINADOR L02,,contenedor_por_ancestro_project,,281343,,P10 > P10-PRP-LGC-PREPARACION > P10-PRP-LGC-LAMINADORES,,,,,
asociacion_contenedor_hijos_final_p10.csv,P10-PRP-LMN-L03,LAMINADOR L03 LINEA 1,,contenedor_por_ancestro_project,,281343,,P10 > P10-PRP-LGC-PREPARACION > P10-PRP-LGC-LAMINADORES,,,,,
asociacion_contenedor_hijos_final_p10.csv,P10-PRP-ALM-AL03,ALIM. LAMINADOR L03,,contenedor_por_ancestro_project,,281343,,P10 > P10-PRP-LGC-PREPARACION > P10-PRP-LGC-LAMINADORES,,,,,
asociacion_contenedor_hijos_final_p10.csv,P10-PRP-LMN-L04,LAMINADOR L04 LINEA 1,,contenedor_por_ancestro_project,,281343,,P10 > P10-PRP-LGC-PREPARACION > P10-PRP-LGC-LAMINADORES,,,,,
asociacion_contenedor_hijos_final_p10.csv,P10-PRP-ALM-AL04,ALIM. LAMINADOR L04,,contenedor_por_ancestro_project,,281343,,P10 > P10-PRP-LGC-PREPARACION > P10-PRP-LGC-LAMINADORES,,,,,
asociacion_contenedor_hijos_final_p10.csv,P10-PRP-LMN-L05,LAMINADOR L05 LINEA 1,,contenedor_por_ancestro_project,,281343,,P10 > P10-PRP-LGC-PREPARACION > P10-PRP-LGC-LAMINADORES,,,,,
asociacion_contenedor_hijos_final_p10.csv,P10-PRP-ALM-AL05,ALIM. LAMINADOR L05,,contenedor_por_ancestro_project,,281343,,P10 > P10-PRP-LGC-PREPARACION > P10-PRP-LGC-LAMINADORES,,,,,
asociacion_contenedor_hijos_final_p10.csv,P10-PRP-LMN-L06,LAMINADOR L06 LINEA 1,,contenedor_por_ancestro_project,,281343,,P10 > P10-PRP-LGC-PREPARACION > P10-PRP-LGC-LAMINADORES,,,,,
asociacion_contenedor_hijos_final_p10.csv,P10-PRP-ALM-AL06,ALIM. LAMINADOR L06,,contenedor_por_ancestro_project,,281343,,P10 > P10-PRP-LGC-PREPARACION > P10-PRP-LGC-LAMINADORES,,,,,
asociacion_contenedor_hijos_final_p10.csv,P10-PRP-LMN-L07,LAMINADOR L07 LINEA 1,,contenedor_por_ancestro_project,,281343,,P10 > P10-PRP-LGC-PREPARACION > P10-PRP-LGC-LAMINADORES,,,,,
asociacion_contenedor_hijos_final_p10.csv,P10-PRP-ALM-AL07,ALIM. LAMINADOR L07,,contenedor_por_ancestro_project,,281343,,P10 > P10-PRP-LGC-PREPARACION > P10-PRP-LGC-LAMINADORES,,,,,
asociacion_contenedor_hijos_final_p10.csv,P10-PRP-LMN-L08,LAMINADOR L08 LINEA 1,,contenedor_por_ancestro_project,,281343,,P10 > P10-PRP-LGC-PREPARACION > P10-PRP-LGC-LAMINADORES,,,,,
asociacion_contenedor_hijos_final_p10.csv,P10-PRP-ALM-AL08,ALIM. LAMINADOR L08,,contenedor_por_ancestro_project,,281343,,P10 > P10-PRP-LGC-PREPARACION > P10-PRP-LGC-LAMINADORES,,,,,
asociacion_contenedor_hijos_final_p10.csv,P10-PRP-LMN-L09,LAMINADOR L09 LINEA 1,,contenedor_por_ancestro_project,,281343,,P10 > P10-PRP-LGC-PREPARACION > P10-PRP-LGC-LAMINADORES,,,,,
asociacion_contenedor_hijos_final_p10.csv,P10-PRP-ALM-AL09,ALIM. LAMINADOR L09,,contenedor_por_ancestro_project,,281343,,P10 > P10-PRP-LGC-PREPARACION > P10-PRP-LGC-LAMINADORES,,,,,
asociacion_contenedor_hijos_final_p10.csv,P10-PRP-LMN-L10,LAMINADOR L10 LINEA 1,,contenedor_por_ancestro_project,,281343,,P10 > P10-PRP-LGC-PREPARACION > P10-PRP-LGC-LAMINADORES,,,,,
asociacion_contenedor_hijos_final_p10.csv,P10-PRP-ALM-AL10,ALIM. LAMINADOR L10,,contenedor_por_ancestro_project,,281343,,P10 > P10-PRP-LGC-PREPARACION > P10-PRP-LGC-LAMINADORES,,,,,
asociacion_contenedor_hijos_final_p10.csv,P10-PRP-LMN-L11,LAMINADOR L11 LINEA 1 LADO OESTE,,contenedor_por_ancestro_project,,281343,,P10 > P10-PRP-LGC-PREPARACION > P10-PRP-LGC-LAMINADORES,,,,,
asociacion_contenedor_hijos_final_p10.csv,P10-PRP-ALM-AL11,ALIM. LAMINADOR L11,,contenedor_por_ancestro_project,,281343,,P10 > P10-PRP-LGC-PREPARACION > P10-PRP-LGC-LAMINADORES,,,,,
asociacion_contenedor_hijos_final_p10.csv,P10-PRP-LMN-L12,LAMINADOR L12 LINEA 2 LADO ESTE,,contenedor_por_ancestro_project,,281343,,P10 > P10-PRP-LGC-PREPARACION > P10-PRP-LGC-LAMINADORES,,,,,
asociacion_contenedor_hijos_final_p10.csv,P10-PRP-ALM-AL12,ALIM. LAMINADOR L12,,contenedor_por_ancestro_project,,281343,,P10 > P10-PRP-LGC-PREPARACION > P10-PRP-LGC-LAMINADORES,,,,,
asociacion_contenedor_hijos_final_p10.csv,P10-PRP-LMN-L13,LAMINADOR L13 LINEA 2,,contenedor_por_ancestro_project,,281343,,P10 > P10-PRP-LGC-PREPARACION > P10-PRP-LGC-LAMINADORES,,,,,
asociacion_contenedor_hijos_final_p10.csv,P10-PRP-ALM-AL13,ALIM. LAMINADOR L13,,contenedor_por_ancestro_project,,281343,,P10 > P10-PRP-LGC-PREPARACION > P10-PRP-LGC-LAMINADORES,,,,,
asociacion_contenedor_hijos_final_p10.csv,P10-PRP-LMN-L14,LAMINADOR L14 LINEA 2,,contenedor_por_ancestro_project,,281343,,P10 > P10-PRP-LGC-PREPARACION > P10-PRP-LGC-LAMINADORES,,,,,
asociacion_contenedor_hijos_final_p10.csv,P10-PRP-ALM-AL14,ALIM. LAMINADOR L14,,contenedor_por_ancestro_project,,281343,,P10 > P10-PRP-LGC-PREPARACION > P10-PRP-LGC-LAMINADORES,,,,,
asociacion_contenedor_hijos_final_p10.csv,P10-PRP-LMN-L15,LAMINADOR L15 LINEA 2,,contenedor_por_ancestro_project,,281343,,P10 > P10-PRP-LGC-PREPARACION > P10-PRP-LGC-LAMINADORES,,,,,
asociacion_contenedor_hijos_final_p10.csv,P10-PRP-ALM-AL15,ALIM. LAMINADOR L15,,contenedor_por_ancestro_project,,281343,,P10 > P10-PRP-LGC-PREPARACION > P10-PRP-LGC-LAMINADORES,,,,,
asociacion_contenedor_hijos_final_p10.csv,P10-PRP-LMN-L16,LAMINADOR L16 LINEA 2,,contenedor_por_ancestro_project,,281343,,P10 > P10-PRP-LGC-PREPARACION > P10-PRP-LGC-LAMINADORES,,,,,
asociacion_contenedor_hijos_final_p10.csv,P10-PRP-ALM-AL16,ALIM. LAMINADOR L16,,contenedor_por_ancestro_project,,281343,,P10 > P10-PRP-LGC-PREPARACION > P10-PRP-LGC-LAMINADORES,,,,,
asociacion_contenedor_hijos_final_p10.csv,P10-PRP-LMN-L17,LAMINADOR L17 LINEA 2,,contenedor_por_ancestro_project,,281343,,P10 > P10-PRP-LGC-PREPARACION > P10-PRP-LGC-LAMINADORES,,,,,
asociacion_contenedor_hijos_final_p10.csv,P10-PRP-ALM-AL17,ALIM. LAMINADOR L17,,contenedor_por_ancestro_project,,281343,,P10 > P10-PRP-LGC-PREPARACION > P10-PRP-LGC-LAMINADORES,,,,,
asociacion_contenedor_hijos_final_p10.csv,P10-PRP-LMN-L18,LAMINADOR L18 LINEA 2,,contenedor_por_ancestro_project,,281343,,P10 > P10-PRP-LGC-PREPARACION > P10-PRP-LGC-LAMINADORES,,,,,
asociacion_contenedor_hijos_final_p10.csv,P10-PRP-ALM-AL18,ALIM. LAMINADOR L18,,contenedor_por_ancestro_project,,281343,,P10 > P10-PRP-LGC-PREPARACION > P10-PRP-LGC-LAMINADORES,,,,,
asociacion_contenedor_hijos_final_p10.csv,P10-PRP-LMN-L19,LAMINADOR L19 LINEA 2,,contenedor_por_ancestro_project,,281343,,P10 > P10-PRP-LGC-PREPARACION > P10-PRP-LGC-LAMINADORES,,,,,
asociacion_contenedor_hijos_final_p10.csv,P10-PRP-ALM-AL19,ALIM. LAMINADOR L19,,contenedor_por_ancestro_project,,281343,,P10 > P10-PRP-LGC-PREPARACION > P10-PRP-LGC-LAMINADORES,,,,,
asociacion_contenedor_hijos_final_p10.csv,P10-PRP-LMN-L20,LAMINADOR L20 LINEA 2,,contenedor_por_ancestro_project,,281343,,P10 > P10-PRP-LGC-PREPARACION > P10-PRP-LGC-LAMINADORES,,,,,
asociacion_contenedor_hijos_final_p10.csv,P10-PRP-ALM-AL20,ALIM. LAMINADOR L20,,contenedor_por_ancestro_project,,281343,,P10 > P10-PRP-LGC-PREPARACION > P10-PRP-LGC-LAMINADORES,,,,,
asociacion_contenedor_hijos_final_p10.csv,P10-PRP-LMN-L21,LAMINADOR L21 LINEA 2,,contenedor_por_ancestro_project,,281343,,P10 > P10-PRP-LGC-PREPARACION > P10-PRP-LGC-LAMINADORES,,,,,
asociacion_contenedor_hijos_final_p10.csv,P10-PRP-ALM-AL21,ALIM. LAMINADOR L21,,contenedor_por_ancestro_project,,281343,,P10 > P10-PRP-LGC-PREPARACION > P10-PRP-LGC-LAMINADORES,,,,,
asociacion_contenedor_hijos_final_p10.csv,P10-PRP-LMN-L22,LAMINADOR L22 LINEA 2 LADO OESTE,,contenedor_por_ancestro_project,,281343,,P10 > P10-PRP-LGC-PREPARACION > P10-PRP-LGC-LAMINADORES,,,,,
asociacion_contenedor_hijos_final_p10.csv,P10-PRP-ALM-AL22,ALIM. LAMINADOR L22,,contenedor_por_ancestro_project,,281343,,P10 > P10-PRP-LGC-PREPARACION > P10-PRP-LGC-LAMINADORES,,,,,
asociacion_contenedor_hijos_final_p10.csv,P10-PRP-RCT-REC01,RECTIFICADORA DE P10 NRO 1,,contenedor_por_ancestro_project,,281343,,P10 > P10-PRP-LGC-PREPARACION > P10-PRP-LGC-LAMINADORES,,,,,
asociacion_contenedor_hijos_final_p10.csv,P10-PRP-RCT-REC02,RECTIFICADORA DE P10 NRO 2,,contenedor_por_ancestro_project,,281343,,P10 > P10-PRP-LGC-PREPARACION > P10-PRP-LGC-LAMINADORES,,,,,
asociacion_contenedor_hijos_final_p10.csv,P10-PRP-VNT-VE10,VENTILADOR DE ASPIRACION LAMINADORES,,contenedor_por_ancestro_project,,281343,,P10 > P10-PRP-LGC-PREPARACION > P10-PRP-LGC-LAMINADORES,,,,,
asociacion_contenedor_hijos_final_p10.csv,P10-PRP-CCL-CVE10,CICLON VENTILADOR DE ASPIRACION LAMINADORES,,contenedor_por_ancestro_project,,281343,,P10 > P10-PRP-LGC-PREPARACION > P10-PRP-LGC-LAMINADORES,,,,,
asociacion_contenedor_hijos_final_p10.csv,P10-PRP-RSC-SF12,ROSCA SIN FIN DE LINEA ASP LAMINAD. LADO SUR,,contenedor_por_ancestro_project,,281343,,P10 > P10-PRP-LGC-PREPARACION > P10-PRP-LGC-LAMINADORES,,,,,
asociacion_contenedor_hijos_final_p10.csv,P10-PRP-VLV-VR10,VALV ROTATIVA DESCARGA CICLON VE10,,contenedor_por_ancestro_project,,281343,,P10 > P10-PRP-LGC-PREPARACION > P10-PRP-LGC-LAMINADORES,,,,,
asociacion_contenedor_hijos_final_p10.csv,P10-PRP-VNT-VE11,VENTILADOR DE ASPIRACION LAMINADORES,,contenedor_por_ancestro_project,,281343,,P10 > P10-PRP-LGC-PREPARACION > P10-PRP-LGC-LAMINADORES,,,,,
asociacion_contenedor_hijos_final_p10.csv,P10-PRP-CCL-CVE11,CICLON VENTILADOR DE ASPIRACION LAMINADORES,,contenedor_por_ancestro_project,,281343,,P10 > P10-PRP-LGC-PREPARACION > P10-PRP-LGC-LAMINADORES,,,,,
asociacion_contenedor_hijos_final_p10.csv,P10-PRP-RSC-SF13,ROSCA SIN FIN DE LINEA ASP LAMINAD. LADO NORTE,,contenedor_por_ancestro_project,,281343,,P10 > P10-PRP-LGC-PREPARACION > P10-PRP-LGC-LAMINADORES,,,,,
asociacion_contenedor_hijos_final_p10.csv,P10-PRP-VLV-VR11,VALV ROTATIVA DESCARGA CICLON VE11,,contenedor_por_ancestro_project,,281343,,P10 > P10-PRP-LGC-PREPARACION > P10-PRP-LGC-LAMINADORES,,,,,
asociacion_contenedor_hijos_final_p10.csv,P10-PRL-MLT-ASP1,MULTI ASPIRADOR KICE 01,,contenedor_por_ancestro_project,,385396,,P10 > P10-PRL-LGC-PRELIMPIEZA > P10-PRL-LGC-MULTIASPIRADORES,,,,,
asociacion_contenedor_hijos_final_p10.csv,P10-PRL-ALM-AS01A,ALIM. ASPIRADOR KICE 01A,,contenedor_por_ancestro_project,,385396,,P10 > P10-PRL-LGC-PRELIMPIEZA > P10-PRL-LGC-MULTIASPIRADORES,,,,,
asociacion_contenedor_hijos_final_p10.csv,P10-PRL-ALM-AS01B,ALIM. ASPIRADOR KICE 01B,,contenedor_por_ancestro_project,,385396,,P10 > P10-PRL-LGC-PRELIMPIEZA > P10-PRL-LGC-MULTIASPIRADORES,,,,,
asociacion_contenedor_hijos_final_p10.csv,P10-PRL-VNT-VE01,VENT. ASPIRADORES KICE 01,,contenedor_por_ancestro_project,,385396,,P10 > P10-PRL-LGC-PRELIMPIEZA > P10-PRL-LGC-MULTIASPIRADORES,,,,,
asociacion_contenedor_hijos_final_p10.csv,P10-PRL-CCL-CVE01,CICLON VENT. ASPIRADORES KICE 01,,contenedor_por_ancestro_project,,385396,,P10 > P10-PRL-LGC-PRELIMPIEZA > P10-PRL-LGC-MULTIASPIRADORES,,,,,
asociacion_contenedor_hijos_final_p10.csv,P10-PRL-VLV-VR01,VALVULA ROTATIVA VR01,,contenedor_por_ancestro_project,,385396,,P10 > P10-PRL-LGC-PRELIMPIEZA > P10-PRL-LGC-MULTIASPIRADORES,,,,,
asociacion_contenedor_hijos_final_p10.csv,P10-PRL-MLT-ASP2,MULTI ASPIRADOR KICE 02,,contenedor_por_ancestro_project,,385396,,P10 > P10-PRL-LGC-PRELIMPIEZA > P10-PRL-LGC-MULTIASPIRADORES,,,,,
asociacion_contenedor_hijos_final_p10.csv,P10-PRL-ALM-AS02A,ALIM. ASPIRADOR KICE 02A,,contenedor_por_ancestro_project,,385396,,P10 > P10-PRL-LGC-PRELIMPIEZA > P10-PRL-LGC-MULTIASPIRADORES,,,,,
asociacion_contenedor_hijos_final_p10.csv,P10-PRL-ALM-AS02B,ALIM. ASPIRADOR KICE 02B,,contenedor_por_ancestro_project,,385396,,P10 > P10-PRL-LGC-PRELIMPIEZA > P10-PRL-LGC-MULTIASPIRADORES,,,,,
asociacion_contenedor_hijos_final_p10.csv,P10-PRL-VNT-VE02,VENT. ASPIRADORES KICE 02,,contenedor_por_ancestro_project,,385396,,P10 > P10-PRL-LGC-PRELIMPIEZA > P10-PRL-LGC-MULTIASPIRADORES,,,,,
asociacion_contenedor_hijos_final_p10.csv,P10-PRL-CCL-CVE02,CICLON VENT. ASPIRADORES KICE 02,,contenedor_por_ancestro_project,,385396,,P10 > P10-PRL-LGC-PRELIMPIEZA > P10-PRL-LGC-MULTIASPIRADORES,,,,,
asociacion_contenedor_hijos_final_p10.csv,P10-PRL-VLV-VR02,VALVULA ROTATIVA VR02,,contenedor_por_ancestro_project,,385396,,P10 > P10-PRL-LGC-PRELIMPIEZA > P10-PRL-LGC-MULTIASPIRADORES,,,,,
asociacion_contenedor_hijos_final_p10.csv,P10-PRL-MLT-ASP3,MULTI ASPIRADOR KICE 03,,contenedor_por_ancestro_project,,385396,,P10 > P10-PRL-LGC-PRELIMPIEZA > P10-PRL-LGC-MULTIASPIRADORES,,,,,
asociacion_contenedor_hijos_final_p10.csv,P10-PRL-ALM-AS03A,ALIM. ASPIRADOR KICE 03A,,contenedor_por_ancestro_project,,385396,,P10 > P10-PRL-LGC-PRELIMPIEZA > P10-PRL-LGC-MULTIASPIRADORES,,,,,
asociacion_contenedor_hijos_final_p10.csv,P10-PRL-ALM-AS03B,ALIM. ASPIRADOR KICE 03B,,contenedor_por_ancestro_project,,385396,,P10 > P10-PRL-LGC-PRELIMPIEZA > P10-PRL-LGC-MULTIASPIRADORES,,,,,
asociacion_contenedor_hijos_final_p10.csv,P10-PRL-VNT-VE03,VENT. ASPIRADORES KICE 03,,contenedor_por_ancestro_project,,385396,,P10 > P10-PRL-LGC-PRELIMPIEZA > P10-PRL-LGC-MULTIASPIRADORES,,,,,
asociacion_contenedor_hijos_final_p10.csv,P10-PRL-CCL-CVE03,CICLON VENT. ASPIRADORES KICE 03,,contenedor_por_ancestro_project,,385396,,P10 > P10-PRL-LGC-PRELIMPIEZA > P10-PRL-LGC-MULTIASPIRADORES,,,,,
asociacion_contenedor_hijos_final_p10.csv,P10-PRL-VLV-VR03,VALVULA ROTATIVA VR03,,contenedor_por_ancestro_project,,385396,,P10 > P10-PRL-LGC-PRELIMPIEZA > P10-PRL-LGC-MULTIASPIRADORES,,,,,
asociacion_contenedor_hijos_final_p10.csv,P10-PRL-RSC-SF08,ROSCA BAJO CICLONES ASPIRADORES KICE,,contenedor_por_ancestro_project,,385396,,P10 > P10-PRL-LGC-PRELIMPIEZA > P10-PRL-LGC-MULTIASPIRADORES,,,,,
asociacion_contenedor_hijos_final_p10.csv,P10-PRL-VLV-VR19,ROTATIVA DE SILO RECUPERO A C3,,contenedor_por_ancestro_project,,384012,,P10 > P10-PRL-LGC-PRELIMPIEZA > P10-PRL-LGC-SILOS > P10-PRL-SLO-SRECUP,,,,,
asociacion_contenedor_hijos_final_p10.csv,P10-PRL-BTD-BA06,BATIDORA DEL DESPREDADOR BA06,,contenedor_por_ancestro_project,,385248,,P10 > P10-PRL-LGC-PRELIMPIEZA > P10-PRL-LGC-MERMA,,,,,
asociacion_contenedor_hijos_final_p10.csv,P10-PRL-RSC-SF20,ROSCA SF20 INGRESO AL DESPEDRADOR,,contenedor_por_ancestro_project,,385248,,P10 > P10-PRL-LGC-PRELIMPIEZA > P10-PRL-LGC-MERMA,,,,,
asociacion_contenedor_hijos_final_p10.csv,P10-PRL-DSP-DSP01,DSP01 P10 ASPIRADOR/DESPEDRADOR,,contenedor_por_ancestro_project,,385248,,P10 > P10-PRL-LGC-PRELIMPIEZA > P10-PRL-LGC-MERMA,,,,,
asociacion_contenedor_hijos_final_p10.csv,P10-PRL-ALM-M3DP,ALIMENTADOR INFERIOR ASPITRADOR DESPREDADOR,,contenedor_por_ancestro_project,,385248,,P10 > P10-PRL-LGC-PRELIMPIEZA > P10-PRL-LGC-MERMA,,,,,
asociacion_contenedor_hijos_final_p10.csv,P10-PRL-ALM-M2DP,ALIMENTADOR SUPERIOR ASPITRADOR DESPREDADOR,,contenedor_por_ancestro_project,,385248,,P10 > P10-PRL-LGC-PRELIMPIEZA > P10-PRL-LGC-MERMA,,,,,
asociacion_contenedor_hijos_final_p10.csv,P10-PRL-VLV-VR36,ROTATIVA SALIDA DESPEDRADOR,,contenedor_por_ancestro_project,,385248,,P10 > P10-PRL-LGC-PRELIMPIEZA > P10-PRL-LGC-MERMA,,,,,
asociacion_contenedor_hijos_final_p10.csv,P10-PRL-RSC-SF19,SALIDA DE DESPEDRADOR,,contenedor_por_ancestro_project,,385248,,P10 > P10-PRL-LGC-PRELIMPIEZA > P10-PRL-LGC-MERMA,,,,,
asociacion_contenedor_hijos_final_p10.csv,P10-PRL-VNT-M1DP,VENTILADOR DE DESPEDRADOR,,contenedor_por_ancestro_project,,385248,,P10 > P10-PRL-LGC-PRELIMPIEZA > P10-PRL-LGC-MERMA,,,,,
asociacion_contenedor_hijos_final_p10.csv,P10-PRL-RSC-SF16,ROSCA BAJO BA06,,contenedor_por_ancestro_project,,385248,,P10 > P10-PRL-LGC-PRELIMPIEZA > P10-PRL-LGC-MERMA,,,,,
contenedores_revit_p10.csv,,,,,281220,,P10 > P10-PRP-LGC-PREPARACION > P10-PRP-LGC-EXPANDIDO,,,,,,
contenedores_revit_p10.csv,,,,,281343,,P10 > P10-PRP-LGC-PREPARACION > P10-PRP-LGC-LAMINADORES,,,,,,
contenedores_revit_p10.csv,,,,,367888,,P10 > P10-HRN-LGC-HARINA > P10-HRN-ENF-EG01,,,,,,
contenedores_revit_p10.csv,,,,,373540,,P10 > P10-PRL-LGC-PRELIMPIEZA > P10-PRL-LGC-SILOS > P10-PRL-SLO-SLO1 DIARIO,,,,,,
contenedores_revit_p10.csv,,,,,373591,,P10 > P10-PRL-LGC-PRELIMPIEZA > P10-PRL-LGC-SILOS > P10-PRL-SLO-SLO2 DIARIO,,,,,,
contenedores_revit_p10.csv,,,,,377655,,TE > P10-PRL-LGC-PRELIMPIEZA > P10-PRL-ACS-TPRL,,,,,,
contenedores_revit_p10.csv,,,,,377972,,P10 > P10-GRL-LGC-EQUIPOS SEGURIDAD,,,,,,
contenedores_revit_p10.csv,,,,,381172,,P10 > P10-GRL-LGC-EQUIPOS IZAJE,,,,,,
contenedores_revit_p10.csv,,,,,384012,,P10 > P10-PRL-LGC-PRELIMPIEZA > P10-PRL-LGC-SILOS > P10-PRL-SLO-SRECUP,,,,,,
contenedores_revit_p10.csv,,,,,385248,,P10 > P10-PRL-LGC-PRELIMPIEZA > P10-PRL-LGC-MERMA,,,,,,
contenedores_revit_p10.csv,,,,,385396,,P10 > P10-PRL-LGC-PRELIMPIEZA > P10-PRL-LGC-MULTIASPIRADORES,,,,,,
contenedores_revit_p10.csv,,,,,385416,,P10 > P10-PRL-LGC-PRELIMPIEZA > P10-PRL-LGC-REDLER,,,,,,
contenedores_revit_p10.csv,,,,,385436,,P10 > P10-PRL-LGC-PRELIMPIEZA > P10-PRL-LGC-REDLER,,,,,,
