estado_match,tipo_asociacion,codigo_project,descripcion_project,project_id,outline_level,outline_number,parent_task_name,parent_codigo_project,ancestor_codes_project,ancestor_names_project,project_path,element_id_revit,unique_id_revit,category,family,type,name,btz_numero_activo,btz_path_actual,parametro_match,contenedor_sugerido_element_id,contenedor_sugerido_unique_id,contenedor_sugerido_path,contenedor_sugerido_nivel,slots_libres_contenedor,requiere_split_por_slots,puntaje_contenedor,segundo_puntaje_contenedor,diferencia_puntaje,criterio_contenedor,candidatos_contenedor,ancestro_project_usado,observacion,btz_description_01,btz_description_02,btz_description_03,btz_description_04,btz_description_05,btz_description_06,btz_description_07,btz_description_08,btz_description_09,btz_description_10,btz_description_11,btz_description_12,btz_description_13,btz_description_14,btz_description_15,btz_description_16,btz_description_17,btz_description_18,btz_description_19,btz_description_20,btz_description_21,btz_description_22,btz_description_23,btz_description_24,btz_description_25,btz_description_26,btz_description_27,btz_description_28,btz_description_29,btz_description_30,motivo_revision
duplicado,elemento_puntual,P10-DSC-LGC-DESCASCARADO,SECTOR DESCASCARADO P10,2,2,2,P10,,,P10,P10 > P10-DSC-LGC-DESCASCARADO,281184,a027b4da-4e9c-44ad-b607-5fb48d4c7061-00044a60,Roofs,,Genérico - 400 mm,Genérico - 400 mm,,P10 > P10-DSC-LGC-DESCASCARADO > P10-DSC-LGC-TOLVA,btz_description_02,,,,,,,,,,,,,7 elementos Revit contienen el código exacto.,P10,P10-DSC-LGC-DESCASCARADO,P10-DSC-LGC-TOLVA,,,,,,,,,,,,,,,,,,,,,,,,,,,,hay más de un elemento puntual posible
duplicado,elemento_puntual,P10-DSC-LGC-DESCASCARADO,SECTOR DESCASCARADO P10,2,2,2,P10,,,P10,P10 > P10-DSC-LGC-DESCASCARADO,378146,ddbef6d8-5146-4ece-9a6f-82caaca14519-0005c522,Roofs,,Genérico - 400 mm,Genérico - 400 mm,,P10 > P10-DSC-LGC-DESCASCARADO > P10-DSC-LGC-ZARANDAS,btz_description_02,,,,,,,,,,,,,7 elementos Revit contienen el código exacto.,P10,P10-DSC-LGC-DESCASCARADO,P10-DSC-LGC-ZARANDAS,,,,,,,,,,,,,,,,,,,,,,,,,,,,hay más de un elemento puntual posible
duplicado,elemento_puntual,P10-DSC-LGC-DESCASCARADO,SECTOR DESCASCARADO P10,2,2,2,P10,,,P10,P10 > P10-DSC-LGC-DESCASCARADO,378268,ddbef6d8-5146-4ece-9a6f-82caaca14519-0005c59c,Roofs,,Genérico - 400 mm,Genérico - 400 mm,,P10 > P10-DSC-LGC-DESCASCARADO > P10-DSC-LGC-QUEBRADORES,btz_description_02,,,,,,,,,,,,,7 elementos Revit contienen el código exacto.,P10,P10-DSC-LGC-DESCASCARADO,P10-DSC-LGC-QUEBRADORES,,,,,,,,,,,,,,,,,,,,,,,,,,,,hay más de un elemento puntual posible
duplicado,elemento_puntual,P10-DSC-LGC-DESCASCARADO,SECTOR DESCASCARADO P10,2,2,2,P10,,,P10,P10 > P10-DSC-LGC-DESCASCARADO,378308,ddbef6d8-5146-4ece-9a6f-82caaca14519-0005c5c4,Roofs,,Genérico - 400 mm,Genérico - 400 mm,,P10 > P10-DSC-LGC-DESCASCARADO > P10-DSC-LGC-CONJUNTO CCD 1RA,btz_description_02,,,,,,,,,,,,,7 elementos Revit contienen el código exacto.,P10,P10-DSC-LGC-DESCASCARADO,P10-DSC-LGC-CONJUNTO CCD 1RA,,,,,,,,,,,,,,,,,,,,,,,,,,,,hay más de un elemento puntual posible
duplicado,elemento_puntual,P10-DSC-LGC-DESCASCARADO,SECTOR DESCASCARADO P10,2,2,2,P10,,,P10,P10 > P10-DSC-LGC-DESCASCARADO,378434,ddbef6d8-5146-4ece-9a6f-82caaca14519-0005c642,Roofs,,Genérico - 400 mm,Genérico - 400 mm,,P10 > P10-DSC-LGC-DESCASCARADO > P10-DSC-LGC-CONJUNTO CCC 2DA,btz_description_02,,,,,,,,,,,,,7 elementos Revit contienen el código exacto.,P10,P10-DSC-LGC-DESCASCARADO,P10-DSC-LGC-CONJUNTO CCC 2DA,,,,,,,,,,,,,,,,,,,,,,,,,,,,hay más de un elemento puntual posible
duplicado,elemento_puntual,P10-DSC-LGC-DESCASCARADO,SECTOR DESCASCARADO P10,2,2,2,P10,,,P10,P10 > P10-DSC-LGC-DESCASCARADO,378617,ddbef6d8-5146-4ece-9a6f-82caaca14519-0005c6f9,Roofs,,Genérico - 400 mm,Genérico - 400 mm,,P10 > P10-DSC-LGC-DESCASCARADO > P10-DSC-LGC-MOLINO,btz_description_02,,,,,,,,,,,,,7 elementos Revit contienen el código exacto.,P10,P10-DSC-LGC-DESCASCARADO,P10-DSC-LGC-MOLINO,,,,,,,,,,,,,,,,,,,,,,,,,,,,hay más de un elemento puntual posible
duplicado,elemento_puntual,P10-DSC-LGC-DESCASCARADO,SECTOR DESCASCARADO P10,2,2,2,P10,,,P10,P10 > P10-DSC-LGC-DESCASCARADO,378728,ddbef6d8-5146-4ece-9a6f-82caaca14519-0005c768,Roofs,,Genérico - 400 mm,Genérico - 400 mm,,P10 > P10-DSC-LGC-DESCASCARADO > P10-DSC-LGC-REDLER,btz_description_02,,,,,,,,,,,,,7 elementos Revit contienen el código exacto.,P10,P10-DSC-LGC-DESCASCARADO,P10-DSC-LGC-REDLER,,,,,,,,,,,,,,,,,,,,,,,,,,,,hay más de un elemento puntual posible
contenedor_duplicado,contenedor_por_ancestro_project,P10-DSC-ASP-ASP4,ASPIRADOR SECUNDARIO,3,3,3,P10-DSC-LGC-DESCASCARADO,P10-DSC-LGC-DESCASCARADO,P10-DSC-LGC-DESCASCARADO,P10 > P10-DSC-LGC-DESCASCARADO,P10 > P10-DSC-LGC-DESCASCARADO > P10-DSC-ASP-ASP4,281184,a027b4da-4e9c-44ad-b607-5fb48d4c7061-00044a60,Roofs,,Genérico - 400 mm,Genérico - 400 mm,,P10 > P10-DSC-LGC-DESCASCARADO > P10-DSC-LGC-TOLVA,contenedor_scoring,281184,a027b4da-4e9c-44ad-b607-5fb48d4c7061-00044a60,P10 > P10-DSC-LGC-DESCASCARADO > P10-DSC-LGC-TOLVA,3,27,NO,200,200,0,ancestro_project_exacto_duplicado,281184:200:P10 > P10-DSC-LGC-DESCASCARADO > P10-DSC-LGC-TOLVA || 378146:200:P10 > P10-DSC-LGC-DESCASCARADO > P10-DSC-LGC-ZARANDAS || 378268:200:P10 > P10-DSC-LGC-DESCASCARADO > P10-DSC-LGC-QUEBRADORES || 378308:200:P10 > P10-DSC-LGC-DESCASCARADO > P10-DSC-LGC-CONJUNTO CCD 1RA || 378434:200:P10 > P10-DSC-LGC-DESCASCARADO > P10-DSC-LGC-CONJUNTO CCC 2DA || 378617:200:P10 > P10-DSC-LGC-DESCASCARADO > P10-DSC-LGC-MOLINO || 378728:200:P10 > P10-DSC-LGC-DESCASCARADO > P10-DSC-LGC-REDLER,P10-DSC-LGC-DESCASCARADO,Ancestro Project P10-DSC-LGC-DESCASCARADO aparece en 7 contenedores.,P10,P10-DSC-LGC-DESCASCARADO,P10-DSC-LGC-TOLVA,,,,,,,,,,,,,,,,,,,,,,,,,,,,hay más de un contenedor candidato
contenedor_duplicado,contenedor_por_ancestro_project,P10-DSC-ALM-AS04,ALIMENTA ASPIRADOR DE CASCARA,4,4,4,P10-DSC-ASP-ASP4,P10-DSC-ASP-ASP4,P10-DSC-LGC-DESCASCARADO > P10-DSC-ASP-ASP4,P10 > P10-DSC-LGC-DESCASCARADO > P10-DSC-ASP-ASP4,P10 > P10-DSC-LGC-DESCASCARADO > P10-DSC-ASP-ASP4 > P10-DSC-ALM-AS04,281184,a027b4da-4e9c-44ad-b607-5fb48d4c7061-00044a60,Roofs,,Genérico - 400 mm,Genérico - 400 mm,,P10 > P10-DSC-LGC-DESCASCARADO > P10-DSC-LGC-TOLVA,contenedor_scoring,281184,a027b4da-4e9c-44ad-b607-5fb48d4c7061-00044a60,P10 > P10-DSC-LGC-DESCASCARADO > P10-DSC-LGC-TOLVA,3,27,NO,200,200,0,ancestro_project_exacto_duplicado,281184:200:P10 > P10-DSC-LGC-DESCASCARADO > P10-DSC-LGC-TOLVA || 378146:200:P10 > P10-DSC-LGC-DESCASCARADO > P10-DSC-LGC-ZARANDAS || 378268:200:P10 > P10-DSC-LGC-DESCASCARADO > P10-DSC-LGC-QUEBRADORES || 378308:200:P10 > P10-DSC-LGC-DESCASCARADO > P10-DSC-LGC-CONJUNTO CCD 1RA || 378434:200:P10 > P10-DSC-LGC-DESCASCARADO > P10-DSC-LGC-CONJUNTO CCC 2DA || 378617:200:P10 > P10-DSC-LGC-DESCASCARADO > P10-DSC-LGC-MOLINO || 378728:200:P10 > P10-DSC-LGC-DESCASCARADO > P10-DSC-LGC-REDLER,P10-DSC-LGC-DESCASCARADO,Ancestro Project P10-DSC-LGC-DESCASCARADO aparece en 7 contenedores.,P10,P10-DSC-LGC-DESCASCARADO,P10-DSC-LGC-TOLVA,,,,,,,,,,,,,,,,,,,,,,,,,,,,hay más de un contenedor candidato
contenedor_duplicado,contenedor_por_ancestro_project,P10-DSC-VNT-VE14,VENTILADOR ASP. VE14 ASPIRADOR AS04,5,4,5,P10-DSC-ASP-ASP4,P10-DSC-ASP-ASP4,P10-DSC-LGC-DESCASCARADO > P10-DSC-ASP-ASP4,P10 > P10-DSC-LGC-DESCASCARADO > P10-DSC-ASP-ASP4,P10 > P10-DSC-LGC-DESCASCARADO > P10-DSC-ASP-ASP4 > P10-DSC-VNT-VE14,281184,a027b4da-4e9c-44ad-b607-5fb48d4c7061-00044a60,Roofs,,Genérico - 400 mm,Genérico - 400 mm,,P10 > P10-DSC-LGC-DESCASCARADO > P10-DSC-LGC-TOLVA,contenedor_scoring,281184,a027b4da-4e9c-44ad-b607-5fb48d4c7061-00044a60,P10 > P10-DSC-LGC-DESCASCARADO > P10-DSC-LGC-TOLVA,3,27,NO,200,200,0,ancestro_project_exacto_duplicado,281184:200:P10 > P10-DSC-LGC-DESCASCARADO > P10-DSC-LGC-TOLVA || 378146:200:P10 > P10-DSC-LGC-DESCASCARADO > P10-DSC-LGC-ZARANDAS || 378268:200:P10 > P10-DSC-LGC-DESCASCARADO > P10-DSC-LGC-QUEBRADORES || 378308:200:P10 > P10-DSC-LGC-DESCASCARADO > P10-DSC-LGC-CONJUNTO CCD 1RA || 378434:200:P10 > P10-DSC-LGC-DESCASCARADO > P10-DSC-LGC-CONJUNTO CCC 2DA || 378617:200:P10 > P10-DSC-LGC-DESCASCARADO > P10-DSC-LGC-MOLINO || 378728:200:P10 > P10-DSC-LGC-DESCASCARADO > P10-DSC-LGC-REDLER,P10-DSC-LGC-DESCASCARADO,Ancestro Project P10-DSC-LGC-DESCASCARADO aparece en 7 contenedores.,P10,P10-DSC-LGC-DESCASCARADO,P10-DSC-LGC-TOLVA,,,,,,,,,,,,,,,,,,,,,,,,,,,,hay más de un contenedor candidato
contenedor_duplicado,contenedor_por_ancestro_project,P10-DSC-CCL-CVE14,CICLON VENT. ASP. VE14,6,5,6,P10-DSC-VNT-VE14,P10-DSC-VNT-VE14,P10-DSC-LGC-DESCASCARADO > P10-DSC-ASP-ASP4 > P10-DSC-VNT-VE14,P10 > P10-DSC-LGC-DESCASCARADO > P10-DSC-ASP-ASP4 > P10-DSC-VNT-VE14,P10 > P10-DSC-LGC-DESCASCARADO > P10-DSC-ASP-ASP4 > P10-DSC-VNT-VE14 > P10-DSC-CCL-CVE14,281184,a027b4da-4e9c-44ad-b607-5fb48d4c7061-00044a60,Roofs,,Genérico - 400 mm,Genérico - 400 mm,,P10 > P10-DSC-LGC-DESCASCARADO > P10-DSC-LGC-TOLVA,contenedor_scoring,281184,a027b4da-4e9c-44ad-b607-5fb48d4c7061-00044a60,P10 > P10-DSC-LGC-DESCASCARADO > P10-DSC-LGC-TOLVA,3,27,NO,200,200,0,ancestro_project_exacto_duplicado,281184:200:P10 > P10-DSC-LGC-DESCASCARADO > P10-DSC-LGC-TOLVA || 378146:200:P10 > P10-DSC-LGC-DESCASCARADO > P10-DSC-LGC-ZARANDAS || 378268:200:P10 > P10-DSC-LGC-DESCASCARADO > P10-DSC-LGC-QUEBRADORES || 378308:200:P10 > P10-DSC-LGC-DESCASCARADO > P10-DSC-LGC-CONJUNTO CCD 1RA || 378434:200:P10 > P10-DSC-LGC-DESCASCARADO > P10-DSC-LGC-CONJUNTO CCC 2DA || 378617:200:P10 > P10-DSC-LGC-DESCASCARADO > P10-DSC-LGC-MOLINO || 378728:200:P10 > P10-DSC-LGC-DESCASCARADO > P10-DSC-LGC-REDLER,P10-DSC-LGC-DESCASCARADO,Ancestro Project P10-DSC-LGC-DESCASCARADO aparece en 7 contenedores.,P10,P10-DSC-LGC-DESCASCARADO,P10-DSC-LGC-TOLVA,,,,,,,,,,,,,,,,,,,,,,,,,,,,hay más de un contenedor candidato
contenedor_duplicado,contenedor_por_ancestro_project,P10-DSC-VLV-VR14,VALVULA ROTATIVA  VR14,7,5,7,P10-DSC-VNT-VE14,P10-DSC-VNT-VE14,P10-DSC-LGC-DESCASCARADO > P10-DSC-ASP-ASP4 > P10-DSC-VNT-VE14,P10 > P10-DSC-LGC-DESCASCARADO > P10-DSC-ASP-ASP4 > P10-DSC-VNT-VE14,P10 > P10-DSC-LGC-DESCASCARADO > P10-DSC-ASP-ASP4 > P10-DSC-VNT-VE14 > P10-DSC-VLV-VR14,281184,a027b4da-4e9c-44ad-b607-5fb48d4c7061-00044a60,Roofs,,Genérico - 400 mm,Genérico - 400 mm,,P10 > P10-DSC-LGC-DESCASCARADO > P10-DSC-LGC-TOLVA,contenedor_scoring,281184,a027b4da-4e9c-44ad-b607-5fb48d4c7061-00044a60,P10 > P10-DSC-LGC-DESCASCARADO > P10-DSC-LGC-TOLVA,3,27,NO,200,200,0,ancestro_project_exacto_duplicado,281184:200:P10 > P10-DSC-LGC-DESCASCARADO > P10-DSC-LGC-TOLVA || 378146:200:P10 > P10-DSC-LGC-DESCASCARADO > P10-DSC-LGC-ZARANDAS || 378268:200:P10 > P10-DSC-LGC-DESCASCARADO > P10-DSC-LGC-QUEBRADORES || 378308:200:P10 > P10-DSC-LGC-DESCASCARADO > P10-DSC-LGC-CONJUNTO CCD 1RA || 378434:200:P10 > P10-DSC-LGC-DESCASCARADO > P10-DSC-LGC-CONJUNTO CCC 2DA || 378617:200:P10 > P10-DSC-LGC-DESCASCARADO > P10-DSC-LGC-MOLINO || 378728:200:P10 > P10-DSC-LGC-DESCASCARADO > P10-DSC-LGC-REDLER,P10-DSC-LGC-DESCASCARADO,Ancestro Project P10-DSC-LGC-DESCASCARADO aparece en 7 contenedores.,P10,P10-DSC-LGC-DESCASCARADO,P10-DSC-LGC-TOLVA,,,,,,,,,,,,,,,,,,,,,,,,,,,,hay más de un contenedor candidato
duplicado,elemento_puntual,P10-DSC-LGC-CONJUNTO,CONJUNTO DE CCC SEGUNDA PASADA DESCASCARADO P10,8,3,8,P10-DSC-LGC-DESCASCARADO,P10-DSC-LGC-DESCASCARADO,P10-DSC-LGC-DESCASCARADO,P10 > P10-DSC-LGC-DESCASCARADO,P10 > P10-DSC-LGC-DESCASCARADO > P10-DSC-LGC-CONJUNTO CCC 2DA,378308,ddbef6d8-5146-4ece-9a6f-82caaca14519-0005c5c4,Roofs,,Genérico - 400 mm,Genérico - 400 mm,,P10 > P10-DSC-LGC-DESCASCARADO > P10-DSC-LGC-CONJUNTO CCD 1RA,btz_description_03,,,,,,,,,,,,,Código repetido en Project 2 veces. 2 elementos Revit contienen el código exacto.,P10,P10-DSC-LGC-DESCASCARADO,P10-DSC-LGC-CONJUNTO CCD 1RA,,,,,,,,,,,,,,,,,,,,,,,,,,,,hay más de un elemento puntual posible
duplicado,elemento_puntual,P10-DSC-LGC-CONJUNTO,CONJUNTO DE CCC SEGUNDA PASADA DESCASCARADO P10,8,3,8,P10-DSC-LGC-DESCASCARADO,P10-DSC-LGC-DESCASCARADO,P10-DSC-LGC-DESCASCARADO,P10 > P10-DSC-LGC-DESCASCARADO,P10 > P10-DSC-LGC-DESCASCARADO > P10-DSC-LGC-CONJUNTO CCC 2DA,378434,ddbef6d8-5146-4ece-9a6f-82caaca14519-0005c642,Roofs,,Genérico - 400 mm,Genérico - 400 mm,,P10 > P10-DSC-LGC-DESCASCARADO > P10-DSC-LGC-CONJUNTO CCC 2DA,btz_description_03,,,,,,,,,,,,,Código repetido en Project 2 veces. 2 elementos Revit contienen el código exacto.,P10,P10-DSC-LGC-DESCASCARADO,P10-DSC-LGC-CONJUNTO CCC 2DA,,,,,,,,,,,,,,,,,,,,,,,,,,,,hay más de un elemento puntual posible
contenedor_duplicado,contenedor_por_ancestro_project,P10-DSC-ART-ARTVE12,AEROTERMO VENT. ASP. VE12,9,4,9,P10-DSC-LGC-CONJUNTO CCC 2DA,P10-DSC-LGC-CONJUNTO,P10-DSC-LGC-DESCASCARADO > P10-DSC-LGC-CONJUNTO,P10 > P10-DSC-LGC-DESCASCARADO > P10-DSC-LGC-CONJUNTO CCC 2DA,P10 > P10-DSC-LGC-DESCASCARADO > P10-DSC-LGC-CONJUNTO CCC 2DA > P10-DSC-ART-ARTVE12,281184,a027b4da-4e9c-44ad-b607-5fb48d4c7061-00044a60,Roofs,,Genérico - 400 mm,Genérico - 400 mm,,P10 > P10-DSC-LGC-DESCASCARADO > P10-DSC-LGC-TOLVA,contenedor_scoring,281184,a027b4da-4e9c-44ad-b607-5fb48d4c7061-00044a60,P10 > P10-DSC-LGC-DESCASCARADO > P10-DSC-LGC-TOLVA,3,27,NO,200,200,0,ancestro_project_exacto_duplicado,281184:200:P10 > P10-DSC-LGC-DESCASCARADO > P10-DSC-LGC-TOLVA || 378146:200:P10 > P10-DSC-LGC-DESCASCARADO > P10-DSC-LGC-ZARANDAS || 378268:200:P10 > P10-DSC-LGC-DESCASCARADO > P10-DSC-LGC-QUEBRADORES || 378308:200:P10 > P10-DSC-LGC-DESCASCARADO > P10-DSC-LGC-CONJUNTO CCD 1RA || 378434:200:P10 > P10-DSC-LGC-DESCASCARADO > P10-DSC-LGC-CONJUNTO CCC 2DA || 378617:200:P10 > P10-DSC-LGC-DESCASCARADO > P10-DSC-LGC-MOLINO || 378728:200:P10 > P10-DSC-LGC-DESCASCARADO > P10-DSC-LGC-REDLER,P10-DSC-LGC-DESCASCARADO,Ancestro Project P10-DSC-LGC-DESCASCARADO aparece en 7 contenedores.,P10,P10-DSC-LGC-DESCASCARADO,P10-DSC-LGC-TOLVA,,,,,,,,,,,,,,,,,,,,,,,,,,,,hay más de un contenedor candidato
contenedor_duplicado,contenedor_por_ancestro_project,P10-DSC-ART-ARTVE13,AEROTERMO VENT. ASP. VE13,10,4,10,P10-DSC-LGC-CONJUNTO CCC 2DA,P10-DSC-LGC-CONJUNTO,P10-DSC-LGC-DESCASCARADO > P10-DSC-LGC-CONJUNTO,P10 > P10-DSC-LGC-DESCASCARADO > P10-DSC-LGC-CONJUNTO CCC 2DA,P10 > P10-DSC-LGC-DESCASCARADO > P10-DSC-LGC-CONJUNTO CCC 2DA > P10-DSC-ART-ARTVE13,281184,a027b4da-4e9c-44ad-b607-5fb48d4c7061-00044a60,Roofs,,Genérico - 400 mm,Genérico - 400 mm,,P10 > P10-DSC-LGC-DESCASCARADO > P10-DSC-LGC-TOLVA,contenedor_scoring,281184,a027b4da-4e9c-44ad-b607-5fb48d4c7061-00044a60,P10 > P10-DSC-LGC-DESCASCARADO > P10-DSC-LGC-TOLVA,3,27,NO,200,200,0,ancestro_project_exacto_duplicado,281184:200:P10 > P10-DSC-LGC-DESCASCARADO > P10-DSC-LGC-TOLVA || 378146:200:P10 > P10-DSC-LGC-DESCASCARADO > P10-DSC-LGC-ZARANDAS || 378268:200:P10 > P10-DSC-LGC-DESCASCARADO > P10-DSC-LGC-QUEBRADORES || 378308:200:P10 > P10-DSC-LGC-DESCASCARADO > P10-DSC-LGC-CONJUNTO CCD 1RA || 378434:200:P10 > P10-DSC-LGC-DESCASCARADO > P10-DSC-LGC-CONJUNTO CCC 2DA || 378617:200:P10 > P10-DSC-LGC-DESCASCARADO > P10-DSC-LGC-MOLINO || 378728:200:P10 > P10-DSC-LGC-DESCASCARADO > P10-DSC-LGC-REDLER,P10-DSC-LGC-DESCASCARADO,Ancestro Project P10-DSC-LGC-DESCASCARADO aparece en 7 contenedores.,P10,P10-DSC-LGC-DESCASCARADO,P10-DSC-LGC-TOLVA,,,,,,,,,,,,,,,,,,,,,,,,,,,,hay más de un contenedor candidato
contenedor_duplicado,contenedor_por_ancestro_project,P10-DSC-VNT-VE12,VENT. ASP. VE12 LINEA 1 DE CCC LADO ESTE,11,4,11,P10-DSC-LGC-CONJUNTO CCC 2DA,P10-DSC-LGC-CONJUNTO,P10-DSC-LGC-DESCASCARADO > P10-DSC-LGC-CONJUNTO,P10 > P10-DSC-LGC-DESCASCARADO > P10-DSC-LGC-CONJUNTO CCC 2DA,P10 > P10-DSC-LGC-DESCASCARADO > P10-DSC-LGC-CONJUNTO CCC 2DA > P10-DSC-VNT-VE12,281184,a027b4da-4e9c-44ad-b607-5fb48d4c7061-00044a60,Roofs,,Genérico - 400 mm,Genérico - 400 mm,,P10 > P10-DSC-LGC-DESCASCARADO > P10-DSC-LGC-TOLVA,contenedor_scoring,281184,a027b4da-4e9c-44ad-b607-5fb48d4c7061-00044a60,P10 > P10-DSC-LGC-DESCASCARADO > P10-DSC-LGC-TOLVA,3,27,NO,200,200,0,ancestro_project_exacto_duplicado,281184:200:P10 > P10-DSC-LGC-DESCASCARADO > P10-DSC-LGC-TOLVA || 378146:200:P10 > P10-DSC-LGC-DESCASCARADO > P10-DSC-LGC-ZARANDAS || 378268:200:P10 > P10-DSC-LGC-DESCASCARADO > P10-DSC-LGC-QUEBRADORES || 378308:200:P10 > P10-DSC-LGC-DESCASCARADO > P10-DSC-LGC-CONJUNTO CCD 1RA || 378434:200:P10 > P10-DSC-LGC-DESCASCARADO > P10-DSC-LGC-CONJUNTO CCC 2DA || 378617:200:P10 > P10-DSC-LGC-DESCASCARADO > P10-DSC-LGC-MOLINO || 378728:200:P10 > P10-DSC-LGC-DESCASCARADO > P10-DSC-LGC-REDLER,P10-DSC-LGC-DESCASCARADO,Ancestro Project P10-DSC-LGC-DESCASCARADO aparece en 7 contenedores.,P10,P10-DSC-LGC-DESCASCARADO,P10-DSC-LGC-TOLVA,,,,,,,,,,,,,,,,,,,,,,,,,,,,hay más de un contenedor candidato
contenedor_duplicado,contenedor_por_ancestro_project,P10-DSC-CCL-CVE12,CICLON VENT. ASP. VE12 LINEA 1 DE CCC LADO ESTE,12,5,12,P10-DSC-VNT-VE12,P10-DSC-VNT-VE12,P10-DSC-LGC-DESCASCARADO > P10-DSC-LGC-CONJUNTO > P10-DSC-VNT-VE12,P10 > P10-DSC-LGC-DESCASCARADO > P10-DSC-LGC-CONJUNTO CCC 2DA > P10-DSC-VNT-VE12,P10 > P10-DSC-LGC-DESCASCARADO > P10-DSC-LGC-CONJUNTO CCC 2DA > P10-DSC-VNT-VE12 > P10-DSC-CCL-CVE12,281184,a027b4da-4e9c-44ad-b607-5fb48d4c7061-00044a60,Roofs,,Genérico - 400 mm,Genérico - 400 mm,,P10 > P10-DSC-LGC-DESCASCARADO > P10-DSC-LGC-TOLVA,contenedor_scoring,281184,a027b4da-4e9c-44ad-b607-5fb48d4c7061-00044a60,P10 > P10-DSC-LGC-DESCASCARADO > P10-DSC-LGC-TOLVA,3,27,NO,200,200,0,ancestro_project_exacto_duplicado,281184:200:P10 > P10-DSC-LGC-DESCASCARADO > P10-DSC-LGC-TOLVA || 378146:200:P10 > P10-DSC-LGC-DESCASCARADO > P10-DSC-LGC-ZARANDAS || 378268:200:P10 > P10-DSC-LGC-DESCASCARADO > P10-DSC-LGC-QUEBRADORES || 378308:200:P10 > P10-DSC-LGC-DESCASCARADO > P10-DSC-LGC-CONJUNTO CCD 1RA || 378434:200:P10 > P10-DSC-LGC-DESCASCARADO > P10-DSC-LGC-CONJUNTO CCC 2DA || 378617:200:P10 > P10-DSC-LGC-DESCASCARADO > P10-DSC-LGC-MOLINO || 378728:200:P10 > P10-DSC-LGC-DESCASCARADO > P10-DSC-LGC-REDLER,P10-DSC-LGC-DESCASCARADO,Ancestro Project P10-DSC-LGC-DESCASCARADO aparece en 7 contenedores.,P10,P10-DSC-LGC-DESCASCARADO,P10-DSC-LGC-TOLVA,,,,,,,,,,,,,,,,,,,,,,,,,,,,hay más de un contenedor candidato
contenedor_duplicado,contenedor_por_ancestro_project,P10-DSC-VLV-VR12,VALVULA ROTATIVA VR12 LADO OESTE,13,5,13,P10-DSC-VNT-VE12,P10-DSC-VNT-VE12,P10-DSC-LGC-DESCASCARADO > P10-DSC-LGC-CONJUNTO > P10-DSC-VNT-VE12,P10 > P10-DSC-LGC-DESCASCARADO > P10-DSC-LGC-CONJUNTO CCC 2DA > P10-DSC-VNT-VE12,P10 > P10-DSC-LGC-DESCASCARADO > P10-DSC-LGC-CONJUNTO CCC 2DA > P10-DSC-VNT-VE12 > P10-DSC-VLV-VR12,281184,a027b4da-4e9c-44ad-b607-5fb48d4c7061-00044a60,Roofs,,Genérico - 400 mm,Genérico - 400 mm,,P10 > P10-DSC-LGC-DESCASCARADO > P10-DSC-LGC-TOLVA,contenedor_scoring,281184,a027b4da-4e9c-44ad-b607-5fb48d4c7061-00044a60,P10 > P10-DSC-LGC-DESCASCARADO > P10-DSC-LGC-TOLVA,3,27,NO,200,200,0,ancestro_project_exacto_duplicado,281184:200:P10 > P10-DSC-LGC-DESCASCARADO > P10-DSC-LGC-TOLVA || 378146:200:P10 > P10-DSC-LGC-DESCASCARADO > P10-DSC-LGC-ZARANDAS || 378268:200:P10 > P10-DSC-LGC-DESCASCARADO > P10-DSC-LGC-QUEBRADORES || 378308:200:P10 > P10-DSC-LGC-DESCASCARADO > P10-DSC-LGC-CONJUNTO CCD 1RA || 378434:200:P10 > P10-DSC-LGC-DESCASCARADO > P10-DSC-LGC-CONJUNTO CCC 2DA || 378617:200:P10 > P10-DSC-LGC-DESCASCARADO > P10-DSC-LGC-MOLINO || 378728:200:P10 > P10-DSC-LGC-DESCASCARADO > P10-DSC-LGC-REDLER,P10-DSC-LGC-DESCASCARADO,Ancestro Project P10-DSC-LGC-DESCASCARADO aparece en 7 contenedores.,P10,P10-DSC-LGC-DESCASCARADO,P10-DSC-LGC-TOLVA,,,,,,,,,,,,,,,,,,,,,,,,,,,,hay más de un contenedor candidato
contenedor_duplicado,contenedor_por_ancestro_project,P10-DSC-VNT-VE13,VENT. ASP. VE13 LINEA 2 DE CCC LADO OESTE,14,4,14,P10-DSC-LGC-CONJUNTO CCC 2DA,P10-DSC-LGC-CONJUNTO,P10-DSC-LGC-DESCASCARADO > P10-DSC-LGC-CONJUNTO,P10 > P10-DSC-LGC-DESCASCARADO > P10-DSC-LGC-CONJUNTO CCC 2DA,P10 > P10-DSC-LGC-DESCASCARADO > P10-DSC-LGC-CONJUNTO CCC 2DA > P10-DSC-VNT-VE13,281184,a027b4da-4e9c-44ad-b607-5fb48d4c7061-00044a60,Roofs,,Genérico - 400 mm,Genérico - 400 mm,,P10 > P10-DSC-LGC-DESCASCARADO > P10-DSC-LGC-TOLVA,contenedor_scoring,281184,a027b4da-4e9c-44ad-b607-5fb48d4c7061-00044a60,P10 > P10-DSC-LGC-DESCASCARADO > P10-DSC-LGC-TOLVA,3,27,NO,200,200,0,ancestro_project_exacto_duplicado,281184:200:P10 > P10-DSC-LGC-DESCASCARADO > P10-DSC-LGC-TOLVA || 378146:200:P10 > P10-DSC-LGC-DESCASCARADO > P10-DSC-LGC-ZARANDAS || 378268:200:P10 > P10-DSC-LGC-DESCASCARADO > P10-DSC-LGC-QUEBRADORES || 378308:200:P10 > P10-DSC-LGC-DESCASCARADO > P10-DSC-LGC-CONJUNTO CCD 1RA || 378434:200:P10 > P10-DSC-LGC-DESCASCARADO > P10-DSC-LGC-CONJUNTO CCC 2DA || 378617:200:P10 > P10-DSC-LGC-DESCASCARADO > P10-DSC-LGC-MOLINO || 378728:200:P10 > P10-DSC-LGC-DESCASCARADO > P10-DSC-LGC-REDLER,P10-DSC-LGC-DESCASCARADO,Ancestro Project P10-DSC-LGC-DESCASCARADO aparece en 7 contenedores.,P10,P10-DSC-LGC-DESCASCARADO,P10-DSC-LGC-TOLVA,,,,,,,,,,,,,,,,,,,,,,,,,,,,hay más de un contenedor candidato
contenedor_duplicado,contenedor_por_ancestro_project,P10-DSC-CCL-CVE13,CICLON VENT. ASP. VE13 LINEA 2 DE CCC LADO OESTE,15,5,15,P10-DSC-VNT-VE13,P10-DSC-VNT-VE13,P10-DSC-LGC-DESCASCARADO > P10-DSC-LGC-CONJUNTO > P10-DSC-VNT-VE13,P10 > P10-DSC-LGC-DESCASCARADO > P10-DSC-LGC-CONJUNTO CCC 2DA > P10-DSC-VNT-VE13,P10 > P10-DSC-LGC-DESCASCARADO > P10-DSC-LGC-CONJUNTO CCC 2DA > P10-DSC-VNT-VE13 > P10-DSC-CCL-CVE13,281184,a027b4da-4e9c-44ad-b607-5fb48d4c7061-00044a60,Roofs,,Genérico - 400 mm,Genérico - 400 mm,,P10 > P10-DSC-LGC-DESCASCARADO > P10-DSC-LGC-TOLVA,contenedor_scoring,281184,a027b4da-4e9c-44ad-b607-5fb48d4c7061-00044a60,P10 > P10-DSC-LGC-DESCASCARADO > P10-DSC-LGC-TOLVA,3,27,NO,200,200,0,ancestro_project_exacto_duplicado,281184:200:P10 > P10-DSC-LGC-DESCASCARADO > P10-DSC-LGC-TOLVA || 378146:200:P10 > P10-DSC-LGC-DESCASCARADO > P10-DSC-LGC-ZARANDAS || 378268:200:P10 > P10-DSC-LGC-DESCASCARADO > P10-DSC-LGC-QUEBRADORES || 378308:200:P10 > P10-DSC-LGC-DESCASCARADO > P10-DSC-LGC-CONJUNTO CCD 1RA || 378434:200:P10 > P10-DSC-LGC-DESCASCARADO > P10-DSC-LGC-CONJUNTO CCC 2DA || 378617:200:P10 > P10-DSC-LGC-DESCASCARADO > P10-DSC-LGC-MOLINO || 378728:200:P10 > P10-DSC-LGC-DESCASCARADO > P10-DSC-LGC-REDLER,P10-DSC-LGC-DESCASCARADO,Ancestro Project P10-DSC-LGC-DESCASCARADO aparece en 7 contenedores.,P10,P10-DSC-LGC-DESCASCARADO,P10-DSC-LGC-TOLVA,,,,,,,,,,,,,,,,,,,,,,,,,,,,hay más de un contenedor candidato
contenedor_duplicado,contenedor_por_ancestro_project,P10-DSC-VLV-VR13,VALVULA ROTATIVA  VR13 LADO ESTE,16,5,16,P10-DSC-VNT-VE13,P10-DSC-VNT-VE13,P10-DSC-LGC-DESCASCARADO > P10-DSC-LGC-CONJUNTO > P10-DSC-VNT-VE13,P10 > P10-DSC-LGC-DESCASCARADO > P10-DSC-LGC-CONJUNTO CCC 2DA > P10-DSC-VNT-VE13,P10 > P10-DSC-LGC-DESCASCARADO > P10-DSC-LGC-CONJUNTO CCC 2DA > P10-DSC-VNT-VE13 > P10-DSC-VLV-VR13,281184,a027b4da-4e9c-44ad-b607-5fb48d4c7061-00044a60,Roofs,,Genérico - 400 mm,Genérico - 400 mm,,P10 > P10-DSC-LGC-DESCASCARADO > P10-DSC-LGC-TOLVA,contenedor_scoring,281184,a027b4da-4e9c-44ad-b607-5fb48d4c7061-00044a60,P10 > P10-DSC-LGC-DESCASCARADO > P10-DSC-LGC-TOLVA,3,27,NO,200,200,0,ancestro_project_exacto_duplicado,281184:200:P10 > P10-DSC-LGC-DESCASCARADO > P10-DSC-LGC-TOLVA || 378146:200:P10 > P10-DSC-LGC-DESCASCARADO > P10-DSC-LGC-ZARANDAS || 378268:200:P10 > P10-DSC-LGC-DESCASCARADO > P10-DSC-LGC-QUEBRADORES || 378308:200:P10 > P10-DSC-LGC-DESCASCARADO > P10-DSC-LGC-CONJUNTO CCD 1RA || 378434:200:P10 > P10-DSC-LGC-DESCASCARADO > P10-DSC-LGC-CONJUNTO CCC 2DA || 378617:200:P10 > P10-DSC-LGC-DESCASCARADO > P10-DSC-LGC-MOLINO || 378728:200:P10 > P10-DSC-LGC-DESCASCARADO > P10-DSC-LGC-REDLER,P10-DSC-LGC-DESCASCARADO,Ancestro Project P10-DSC-LGC-DESCASCARADO aparece en 7 contenedores.,P10,P10-DSC-LGC-DESCASCARADO,P10-DSC-LGC-TOLVA,,,,,,,,,,,,,,,,,,,,,,,,,,,,hay más de un contenedor candidato
contenedor_duplicado,contenedor_por_ancestro_project,P10-DSC-ART-ARTVE68-69,AEROTERMO VENT. ASP. VE68-VE69,18,4,18,P10-DSC-LGC-CONJUNTO CCD 1RA,P10-DSC-LGC-CONJUNTO,P10-DSC-LGC-DESCASCARADO > P10-DSC-LGC-CONJUNTO,P10 > P10-DSC-LGC-DESCASCARADO > P10-DSC-LGC-CONJUNTO CCD 1RA,P10 > P10-DSC-LGC-DESCASCARADO > P10-DSC-LGC-CONJUNTO CCD 1RA > P10-DSC-ART-ARTVE68-69,281184,a027b4da-4e9c-44ad-b607-5fb48d4c7061-00044a60,Roofs,,Genérico - 400 mm,Genérico - 400 mm,,P10 > P10-DSC-LGC-DESCASCARADO > P10-DSC-LGC-TOLVA,contenedor_scoring,281184,a027b4da-4e9c-44ad-b607-5fb48d4c7061-00044a60,P10 > P10-DSC-LGC-DESCASCARADO > P10-DSC-LGC-TOLVA,3,27,NO,200,200,0,ancestro_project_exacto_duplicado,281184:200:P10 > P10-DSC-LGC-DESCASCARADO > P10-DSC-LGC-TOLVA || 378146:200:P10 > P10-DSC-LGC-DESCASCARADO > P10-DSC-LGC-ZARANDAS || 378268:200:P10 > P10-DSC-LGC-DESCASCARADO > P10-DSC-LGC-QUEBRADORES || 378308:200:P10 > P10-DSC-LGC-DESCASCARADO > P10-DSC-LGC-CONJUNTO CCD 1RA || 378434:200:P10 > P10-DSC-LGC-DESCASCARADO > P10-DSC-LGC-CONJUNTO CCC 2DA || 378617:200:P10 > P10-DSC-LGC-DESCASCARADO > P10-DSC-LGC-MOLINO || 378728:200:P10 > P10-DSC-LGC-DESCASCARADO > P10-DSC-LGC-REDLER,P10-DSC-LGC-DESCASCARADO,Ancestro Project P10-DSC-LGC-DESCASCARADO aparece en 7 contenedores.,P10,P10-DSC-LGC-DESCASCARADO,P10-DSC-LGC-TOLVA,,,,,,,,,,,,,,,,,,,,,,,,,,,,hay más de un contenedor candidato
contenedor_duplicado,contenedor_por_ancestro_project,P10-DSC-VNT-VE68,ASPIRACION LINEA 1 CCC DESC 1RA PASADA,19,4,19,P10-DSC-LGC-CONJUNTO CCD 1RA,P10-DSC-LGC-CONJUNTO,P10-DSC-LGC-DESCASCARADO > P10-DSC-LGC-CONJUNTO,P10 > P10-DSC-LGC-DESCASCARADO > P10-DSC-LGC-CONJUNTO CCD 1RA,P10 > P10-DSC-LGC-DESCASCARADO > P10-DSC-LGC-CONJUNTO CCD 1RA > P10-DSC-VNT-VE68,281184,a027b4da-4e9c-44ad-b607-5fb48d4c7061-00044a60,Roofs,,Genérico - 400 mm,Genérico - 400 mm,,P10 > P10-DSC-LGC-DESCASCARADO > P10-DSC-LGC-TOLVA,contenedor_scoring,281184,a027b4da-4e9c-44ad-b607-5fb48d4c7061-00044a60,P10 > P10-DSC-LGC-DESCASCARADO > P10-DSC-LGC-TOLVA,3,27,NO,200,200,0,ancestro_project_exacto_duplicado,281184:200:P10 > P10-DSC-LGC-DESCASCARADO > P10-DSC-LGC-TOLVA || 378146:200:P10 > P10-DSC-LGC-DESCASCARADO > P10-DSC-LGC-ZARANDAS || 378268:200:P10 > P10-DSC-LGC-DESCASCARADO > P10-DSC-LGC-QUEBRADORES || 378308:200:P10 > P10-DSC-LGC-DESCASCARADO > P10-DSC-LGC-CONJUNTO CCD 1RA || 378434:200:P10 > P10-DSC-LGC-DESCASCARADO > P10-DSC-LGC-CONJUNTO CCC 2DA || 378617:200:P10 > P10-DSC-LGC-DESCASCARADO > P10-DSC-LGC-MOLINO || 378728:200:P10 > P10-DSC-LGC-DESCASCARADO > P10-DSC-LGC-REDLER,P10-DSC-LGC-DESCASCARADO,Ancestro Project P10-DSC-LGC-DESCASCARADO aparece en 7 contenedores.,P10,P10-DSC-LGC-DESCASCARADO,P10-DSC-LGC-TOLVA,,,,,,,,,,,,,,,,,,,,,,,,,,,,hay más de un contenedor candidato
contenedor_duplicado,contenedor_por_ancestro_project,P10-DSC-CCL-CVE68,CICLON ASPIRACION LINEA 1 CCC DESC 1RA PASADA,20,5,20,P10-DSC-VNT-VE68,P10-DSC-VNT-VE68,P10-DSC-LGC-DESCASCARADO > P10-DSC-LGC-CONJUNTO > P10-DSC-VNT-VE68,P10 > P10-DSC-LGC-DESCASCARADO > P10-DSC-LGC-CONJUNTO CCD 1RA > P10-DSC-VNT-VE68,P10 > P10-DSC-LGC-DESCASCARADO > P10-DSC-LGC-CONJUNTO CCD 1RA > P10-DSC-VNT-VE68 > P10-DSC-CCL-CVE68,281184,a027b4da-4e9c-44ad-b607-5fb48d4c7061-00044a60,Roofs,,Genérico - 400 mm,Genérico - 400 mm,,P10 > P10-DSC-LGC-DESCASCARADO > P10-DSC-LGC-TOLVA,contenedor_scoring,281184,a027b4da-4e9c-44ad-b607-5fb48d4c7061-00044a60,P10 > P10-DSC-LGC-DESCASCARADO > P10-DSC-LGC-TOLVA,3,27,NO,200,200,0,ancestro_project_exacto_duplicado,281184:200:P10 > P10-DSC-LGC-DESCASCARADO > P10-DSC-LGC-TOLVA || 378146:200:P10 > P10-DSC-LGC-DESCASCARADO > P10-DSC-LGC-ZARANDAS || 378268:200:P10 > P10-DSC-LGC-DESCASCARADO > P10-DSC-LGC-QUEBRADORES || 378308:200:P10 > P10-DSC-LGC-DESCASCARADO > P10-DSC-LGC-CONJUNTO CCD 1RA || 378434:200:P10 > P10-DSC-LGC-DESCASCARADO > P10-DSC-LGC-CONJUNTO CCC 2DA || 378617:200:P10 > P10-DSC-LGC-DESCASCARADO > P10-DSC-LGC-MOLINO || 378728:200:P10 > P10-DSC-LGC-DESCASCARADO > P10-DSC-LGC-REDLER,P10-DSC-LGC-DESCASCARADO,Ancestro Project P10-DSC-LGC-DESCASCARADO aparece en 7 contenedores.,P10,P10-DSC-LGC-DESCASCARADO,P10-DSC-LGC-TOLVA,,,,,,,,,,,,,,,,,,,,,,,,,,,,hay más de un contenedor candidato
contenedor_duplicado,contenedor_por_ancestro_project,P10-DSC-VLV-VR68,VALVULA VENTILADOR VE68,21,5,21,P10-DSC-VNT-VE68,P10-DSC-VNT-VE68,P10-DSC-LGC-DESCASCARADO > P10-DSC-LGC-CONJUNTO > P10-DSC-VNT-VE68,P10 > P10-DSC-LGC-DESCASCARADO > P10-DSC-LGC-CONJUNTO CCD 1RA > P10-DSC-VNT-VE68,P10 > P10-DSC-LGC-DESCASCARADO > P10-DSC-LGC-CONJUNTO CCD 1RA > P10-DSC-VNT-VE68 > P10-DSC-VLV-VR68,281184,a027b4da-4e9c-44ad-b607-5fb48d4c7061-00044a60,Roofs,,Genérico - 400 mm,Genérico - 400 mm,,P10 > P10-DSC-LGC-DESCASCARADO > P10-DSC-LGC-TOLVA,contenedor_scoring,281184,a027b4da-4e9c-44ad-b607-5fb48d4c7061-00044a60,P10 > P10-DSC-LGC-DESCASCARADO > P10-DSC-LGC-TOLVA,3,27,NO,200,200,0,ancestro_project_exacto_duplicado,281184:200:P10 > P10-DSC-LGC-DESCASCARADO > P10-DSC-LGC-TOLVA || 378146:200:P10 > P10-DSC-LGC-DESCASCARADO > P10-DSC-LGC-ZARANDAS || 378268:200:P10 > P10-DSC-LGC-DESCASCARADO > P10-DSC-LGC-QUEBRADORES || 378308:200:P10 > P10-DSC-LGC-DESCASCARADO > P10-DSC-LGC-CONJUNTO CCD 1RA || 378434:200:P10 > P10-DSC-LGC-DESCASCARADO > P10-DSC-LGC-CONJUNTO CCC 2DA || 378617:200:P10 > P10-DSC-LGC-DESCASCARADO > P10-DSC-LGC-MOLINO || 378728:200:P10 > P10-DSC-LGC-DESCASCARADO > P10-DSC-LGC-REDLER,P10-DSC-LGC-DESCASCARADO,Ancestro Project P10-DSC-LGC-DESCASCARADO aparece en 7 contenedores.,P10,P10-DSC-LGC-DESCASCARADO,P10-DSC-LGC-TOLVA,,,,,,,,,,,,,,,,,,,,,,,,,,,,hay más de un contenedor candidato
contenedor_duplicado,contenedor_por_ancestro_project,P10-DSC-VNT-VE69,ASPIRACION LINEA 2 CCC DESC 1RA PASADA,22,4,22,P10-DSC-LGC-CONJUNTO CCD 1RA,P10-DSC-LGC-CONJUNTO,P10-DSC-LGC-DESCASCARADO > P10-DSC-LGC-CONJUNTO,P10 > P10-DSC-LGC-DESCASCARADO > P10-DSC-LGC-CONJUNTO CCD 1RA,P10 > P10-DSC-LGC-DESCASCARADO > P10-DSC-LGC-CONJUNTO CCD 1RA > P10-DSC-VNT-VE69,281184,a027b4da-4e9c-44ad-b607-5fb48d4c7061-00044a60,Roofs,,Genérico - 400 mm,Genérico - 400 mm,,P10 > P10-DSC-LGC-DESCASCARADO > P10-DSC-LGC-TOLVA,contenedor_scoring,281184,a027b4da-4e9c-44ad-b607-5fb48d4c7061-00044a60,P10 > P10-DSC-LGC-DESCASCARADO > P10-DSC-LGC-TOLVA,3,27,NO,200,200,0,ancestro_project_exacto_duplicado,281184:200:P10 > P10-DSC-LGC-DESCASCARADO > P10-DSC-LGC-TOLVA || 378146:200:P10 > P10-DSC-LGC-DESCASCARADO > P10-DSC-LGC-ZARANDAS || 378268:200:P10 > P10-DSC-LGC-DESCASCARADO > P10-DSC-LGC-QUEBRADORES || 378308:200:P10 > P10-DSC-LGC-DESCASCARADO > P10-DSC-LGC-CONJUNTO CCD 1RA || 378434:200:P10 > P10-DSC-LGC-DESCASCARADO > P10-DSC-LGC-CONJUNTO CCC 2DA || 378617:200:P10 > P10-DSC-LGC-DESCASCARADO > P10-DSC-LGC-MOLINO || 378728:200:P10 > P10-DSC-LGC-DESCASCARADO > P10-DSC-LGC-REDLER,P10-DSC-LGC-DESCASCARADO,Ancestro Project P10-DSC-LGC-DESCASCARADO aparece en 7 contenedores.,P10,P10-DSC-LGC-DESCASCARADO,P10-DSC-LGC-TOLVA,,,,,,,,,,,,,,,,,,,,,,,,,,,,hay más de un contenedor candidato
contenedor_duplicado,contenedor_por_ancestro_project,P10-DSC-CCL-CVE69,CICLON ASPIRACION LINEA 2 CCC DESC 1RA PASADA,23,5,23,P10-DSC-VNT-VE69,P10-DSC-VNT-VE69,P10-DSC-LGC-DESCASCARADO > P10-DSC-LGC-CONJUNTO > P10-DSC-VNT-VE69,P10 > P10-DSC-LGC-DESCASCARADO > P10-DSC-LGC-CONJUNTO CCD 1RA > P10-DSC-VNT-VE69,P10 > P10-DSC-LGC-DESCASCARADO > P10-DSC-LGC-CONJUNTO CCD 1RA > P10-DSC-VNT-VE69 > P10-DSC-CCL-CVE69,281184,a027b4da-4e9c-44ad-b607-5fb48d4c7061-00044a60,Roofs,,Genérico - 400 mm,Genérico - 400 mm,,P10 > P10-DSC-LGC-DESCASCARADO > P10-DSC-LGC-TOLVA,contenedor_scoring,281184,a027b4da-4e9c-44ad-b607-5fb48d4c7061-00044a60,P10 > P10-DSC-LGC-DESCASCARADO > P10-DSC-LGC-TOLVA,3,27,NO,200,200,0,ancestro_project_exacto_duplicado,281184:200:P10 > P10-DSC-LGC-DESCASCARADO > P10-DSC-LGC-TOLVA || 378146:200:P10 > P10-DSC-LGC-DESCASCARADO > P10-DSC-LGC-ZARANDAS || 378268:200:P10 > P10-DSC-LGC-DESCASCARADO > P10-DSC-LGC-QUEBRADORES || 378308:200:P10 > P10-DSC-LGC-DESCASCARADO > P10-DSC-LGC-CONJUNTO CCD 1RA || 378434:200:P10 > P10-DSC-LGC-DESCASCARADO > P10-DSC-LGC-CONJUNTO CCC 2DA || 378617:200:P10 > P10-DSC-LGC-DESCASCARADO > P10-DSC-LGC-MOLINO || 378728:200:P10 > P10-DSC-LGC-DESCASCARADO > P10-DSC-LGC-REDLER,P10-DSC-LGC-DESCASCARADO,Ancestro Project P10-DSC-LGC-DESCASCARADO aparece en 7 contenedores.,P10,P10-DSC-LGC-DESCASCARADO,P10-DSC-LGC-TOLVA,,,,,,,,,,,,,,,,,,,,,,,,,,,,hay más de un contenedor candidato
contenedor_duplicado,contenedor_por_ancestro_project,P10-DSC-VLV-VR69,VALVULA VENTILADOR VE69,24,5,24,P10-DSC-VNT-VE69,P10-DSC-VNT-VE69,P10-DSC-LGC-DESCASCARADO > P10-DSC-LGC-CONJUNTO > P10-DSC-VNT-VE69,P10 > P10-DSC-LGC-DESCASCARADO > P10-DSC-LGC-CONJUNTO CCD 1RA > P10-DSC-VNT-VE69,P10 > P10-DSC-LGC-DESCASCARADO > P10-DSC-LGC-CONJUNTO CCD 1RA > P10-DSC-VNT-VE69 > P10-DSC-VLV-VR69,281184,a027b4da-4e9c-44ad-b607-5fb48d4c7061-00044a60,Roofs,,Genérico - 400 mm,Genérico - 400 mm,,P10 > P10-DSC-LGC-DESCASCARADO > P10-DSC-LGC-TOLVA,contenedor_scoring,281184,a027b4da-4e9c-44ad-b607-5fb48d4c7061-00044a60,P10 > P10-DSC-LGC-DESCASCARADO > P10-DSC-LGC-TOLVA,3,27,NO,200,200,0,ancestro_project_exacto_duplicado,281184:200:P10 > P10-DSC-LGC-DESCASCARADO > P10-DSC-LGC-TOLVA || 378146:200:P10 > P10-DSC-LGC-DESCASCARADO > P10-DSC-LGC-ZARANDAS || 378268:200:P10 > P10-DSC-LGC-DESCASCARADO > P10-DSC-LGC-QUEBRADORES || 378308:200:P10 > P10-DSC-LGC-DESCASCARADO > P10-DSC-LGC-CONJUNTO CCD 1RA || 378434:200:P10 > P10-DSC-LGC-DESCASCARADO > P10-DSC-LGC-CONJUNTO CCC 2DA || 378617:200:P10 > P10-DSC-LGC-DESCASCARADO > P10-DSC-LGC-MOLINO || 378728:200:P10 > P10-DSC-LGC-DESCASCARADO > P10-DSC-LGC-REDLER,P10-DSC-LGC-DESCASCARADO,Ancestro Project P10-DSC-LGC-DESCASCARADO aparece en 7 contenedores.,P10,P10-DSC-LGC-DESCASCARADO,P10-DSC-LGC-TOLVA,,,,,,,,,,,,,,,,,,,,,,,,,,,,hay más de un contenedor candidato
contenedor_duplicado,contenedor_por_ancestro_project,P10-DSC-CCC-CCC01,CCC 01 (CROWN CASCADA COOLER),25,4,25,P10-DSC-LGC-CONJUNTO CCD 1RA,P10-DSC-LGC-CONJUNTO,P10-DSC-LGC-DESCASCARADO > P10-DSC-LGC-CONJUNTO,P10 > P10-DSC-LGC-DESCASCARADO > P10-DSC-LGC-CONJUNTO CCD 1RA,P10 > P10-DSC-LGC-DESCASCARADO > P10-DSC-LGC-CONJUNTO CCD 1RA > P10-DSC-CCC-CCC01,281184,a027b4da-4e9c-44ad-b607-5fb48d4c7061-00044a60,Roofs,,Genérico - 400 mm,Genérico - 400 mm,,P10 > P10-DSC-LGC-DESCASCARADO > P10-DSC-LGC-TOLVA,contenedor_scoring,281184,a027b4da-4e9c-44ad-b607-5fb48d4c7061-00044a60,P10 > P10-DSC-LGC-DESCASCARADO > P10-DSC-LGC-TOLVA,3,27,NO,200,200,0,ancestro_project_exacto_duplicado,281184:200:P10 > P10-DSC-LGC-DESCASCARADO > P10-DSC-LGC-TOLVA || 378146:200:P10 > P10-DSC-LGC-DESCASCARADO > P10-DSC-LGC-ZARANDAS || 378268:200:P10 > P10-DSC-LGC-DESCASCARADO > P10-DSC-LGC-QUEBRADORES || 378308:200:P10 > P10-DSC-LGC-DESCASCARADO > P10-DSC-LGC-CONJUNTO CCD 1RA || 378434:200:P10 > P10-DSC-LGC-DESCASCARADO > P10-DSC-LGC-CONJUNTO CCC 2DA || 378617:200:P10 > P10-DSC-LGC-DESCASCARADO > P10-DSC-LGC-MOLINO || 378728:200:P10 > P10-DSC-LGC-DESCASCARADO > P10-DSC-LGC-REDLER,P10-DSC-LGC-DESCASCARADO,Ancestro Project P10-DSC-LGC-DESCASCARADO aparece en 7 contenedores.,P10,P10-DSC-LGC-DESCASCARADO,P10-DSC-LGC-TOLVA,,,,,,,,,,,,,,,,,,,,,,,,,,,,hay más de un contenedor candidato
contenedor_duplicado,contenedor_por_ancestro_project,P10-DSC-CCC-CCC02,CCC 02 (CROWN CASCADA COOLER),26,4,26,P10-DSC-LGC-CONJUNTO CCD 1RA,P10-DSC-LGC-CONJUNTO,P10-DSC-LGC-DESCASCARADO > P10-DSC-LGC-CONJUNTO,P10 > P10-DSC-LGC-DESCASCARADO > P10-DSC-LGC-CONJUNTO CCD 1RA,P10 > P10-DSC-LGC-DESCASCARADO > P10-DSC-LGC-CONJUNTO CCD 1RA > P10-DSC-CCC-CCC02,281184,a027b4da-4e9c-44ad-b607-5fb48d4c7061-00044a60,Roofs,,Genérico - 400 mm,Genérico - 400 mm,,P10 > P10-DSC-LGC-DESCASCARADO > P10-DSC-LGC-TOLVA,contenedor_scoring,281184,a027b4da-4e9c-44ad-b607-5fb48d4c7061-00044a60,P10 > P10-DSC-LGC-DESCASCARADO > P10-DSC-LGC-TOLVA,3,27,NO,200,200,0,ancestro_project_exacto_duplicado,281184:200:P10 > P10-DSC-LGC-DESCASCARADO > P10-DSC-LGC-TOLVA || 378146:200:P10 > P10-DSC-LGC-DESCASCARADO > P10-DSC-LGC-ZARANDAS || 378268:200:P10 > P10-DSC-LGC-DESCASCARADO > P10-DSC-LGC-QUEBRADORES || 378308:200:P10 > P10-DSC-LGC-DESCASCARADO > P10-DSC-LGC-CONJUNTO CCD 1RA || 378434:200:P10 > P10-DSC-LGC-DESCASCARADO > P10-DSC-LGC-CONJUNTO CCC 2DA || 378617:200:P10 > P10-DSC-LGC-DESCASCARADO > P10-DSC-LGC-MOLINO || 378728:200:P10 > P10-DSC-LGC-DESCASCARADO > P10-DSC-LGC-REDLER,P10-DSC-LGC-DESCASCARADO,Ancestro Project P10-DSC-LGC-DESCASCARADO aparece en 7 contenedores.,P10,P10-DSC-LGC-DESCASCARADO,P10-DSC-LGC-TOLVA,,,,,,,,,,,,,,,,,,,,,,,,,,,,hay más de un contenedor candidato
contenedor_duplicado,contenedor_por_ancestro_project,P10-DSC-CCC-CCC03,CCC 03 (CROWN CASCADA COOLER),27,4,27,P10-DSC-LGC-CONJUNTO CCD 1RA,P10-DSC-LGC-CONJUNTO,P10-DSC-LGC-DESCASCARADO > P10-DSC-LGC-CONJUNTO,P10 > P10-DSC-LGC-DESCASCARADO > P10-DSC-LGC-CONJUNTO CCD 1RA,P10 > P10-DSC-LGC-DESCASCARADO > P10-DSC-LGC-CONJUNTO CCD 1RA > P10-DSC-CCC-CCC03,281184,a027b4da-4e9c-44ad-b607-5fb48d4c7061-00044a60,Roofs,,Genérico - 400 mm,Genérico - 400 mm,,P10 > P10-DSC-LGC-DESCASCARADO > P10-DSC-LGC-TOLVA,contenedor_scoring,281184,a027b4da-4e9c-44ad-b607-5fb48d4c7061-00044a60,P10 > P10-DSC-LGC-DESCASCARADO > P10-DSC-LGC-TOLVA,3,27,NO,200,200,0,ancestro_project_exacto_duplicado,281184:200:P10 > P10-DSC-LGC-DESCASCARADO > P10-DSC-LGC-TOLVA || 378146:200:P10 > P10-DSC-LGC-DESCASCARADO > P10-DSC-LGC-ZARANDAS || 378268:200:P10 > P10-DSC-LGC-DESCASCARADO > P10-DSC-LGC-QUEBRADORES || 378308:200:P10 > P10-DSC-LGC-DESCASCARADO > P10-DSC-LGC-CONJUNTO CCD 1RA || 378434:200:P10 > P10-DSC-LGC-DESCASCARADO > P10-DSC-LGC-CONJUNTO CCC 2DA || 378617:200:P10 > P10-DSC-LGC-DESCASCARADO > P10-DSC-LGC-MOLINO || 378728:200:P10 > P10-DSC-LGC-DESCASCARADO > P10-DSC-LGC-REDLER,P10-DSC-LGC-DESCASCARADO,Ancestro Project P10-DSC-LGC-DESCASCARADO aparece en 7 contenedores.,P10,P10-DSC-LGC-DESCASCARADO,P10-DSC-LGC-TOLVA,,,,,,,,,,,,,,,,,,,,,,,,,,,,hay más de un contenedor candidato
contenedor_duplicado,contenedor_por_ancestro_project,P10-DSC-CCC-CCC04,CCC 04 (CROWN CASCADA COOLER),28,4,28,P10-DSC-LGC-CONJUNTO CCD 1RA,P10-DSC-LGC-CONJUNTO,P10-DSC-LGC-DESCASCARADO > P10-DSC-LGC-CONJUNTO,P10 > P10-DSC-LGC-DESCASCARADO > P10-DSC-LGC-CONJUNTO CCD 1RA,P10 > P10-DSC-LGC-DESCASCARADO > P10-DSC-LGC-CONJUNTO CCD 1RA > P10-DSC-CCC-CCC04,281184,a027b4da-4e9c-44ad-b607-5fb48d4c7061-00044a60,Roofs,,Genérico - 400 mm,Genérico - 400 mm,,P10 > P10-DSC-LGC-DESCASCARADO > P10-DSC-LGC-TOLVA,contenedor_scoring,281184,a027b4da-4e9c-44ad-b607-5fb48d4c7061-00044a60,P10 > P10-DSC-LGC-DESCASCARADO > P10-DSC-LGC-TOLVA,3,27,NO,200,200,0,ancestro_project_exacto_duplicado,281184:200:P10 > P10-DSC-LGC-DESCASCARADO > P10-DSC-LGC-TOLVA || 378146:200:P10 > P10-DSC-LGC-DESCASCARADO > P10-DSC-LGC-ZARANDAS || 378268:200:P10 > P10-DSC-LGC-DESCASCARADO > P10-DSC-LGC-QUEBRADORES || 378308:200:P10 > P10-DSC-LGC-DESCASCARADO > P10-DSC-LGC-CONJUNTO CCD 1RA || 378434:200:P10 > P10-DSC-LGC-DESCASCARADO > P10-DSC-LGC-CONJUNTO CCC 2DA || 378617:200:P10 > P10-DSC-LGC-DESCASCARADO > P10-DSC-LGC-MOLINO || 378728:200:P10 > P10-DSC-LGC-DESCASCARADO > P10-DSC-LGC-REDLER,P10-DSC-LGC-DESCASCARADO,Ancestro Project P10-DSC-LGC-DESCASCARADO aparece en 7 contenedores.,P10,P10-DSC-LGC-DESCASCARADO,P10-DSC-LGC-TOLVA,,,,,,,,,,,,,,,,,,,,,,,,,,,,hay más de un contenedor candidato
contenedor_duplicado,contenedor_por_ancestro_project,P10-DSC-CCC-CCC06,CCC 06 (CROWN CASCADA COOLER),29,4,29,P10-DSC-LGC-CONJUNTO CCD 1RA,P10-DSC-LGC-CONJUNTO,P10-DSC-LGC-DESCASCARADO > P10-DSC-LGC-CONJUNTO,P10 > P10-DSC-LGC-DESCASCARADO > P10-DSC-LGC-CONJUNTO CCD 1RA,P10 > P10-DSC-LGC-DESCASCARADO > P10-DSC-LGC-CONJUNTO CCD 1RA > P10-DSC-CCC-CCC06,281184,a027b4da-4e9c-44ad-b607-5fb48d4c7061-00044a60,Roofs,,Genérico - 400 mm,Genérico - 400 mm,,P10 > P10-DSC-LGC-DESCASCARADO > P10-DSC-LGC-TOLVA,contenedor_scoring,281184,a027b4da-4e9c-44ad-b607-5fb48d4c7061-00044a60,P10 > P10-DSC-LGC-DESCASCARADO > P10-DSC-LGC-TOLVA,3,27,NO,200,200,0,ancestro_project_exacto_duplicado,281184:200:P10 > P10-DSC-LGC-DESCASCARADO > P10-DSC-LGC-TOLVA || 378146:200:P10 > P10-DSC-LGC-DESCASCARADO > P10-DSC-LGC-ZARANDAS || 378268:200:P10 > P10-DSC-LGC-DESCASCARADO > P10-DSC-LGC-QUEBRADORES || 378308:200:P10 > P10-DSC-LGC-DESCASCARADO > P10-DSC-LGC-CONJUNTO CCD 1RA || 378434:200:P10 > P10-DSC-LGC-DESCASCARADO > P10-DSC-LGC-CONJUNTO CCC 2DA || 378617:200:P10 > P10-DSC-LGC-DESCASCARADO > P10-DSC-LGC-MOLINO || 378728:200:P10 > P10-DSC-LGC-DESCASCARADO > P10-DSC-LGC-REDLER,P10-DSC-LGC-DESCASCARADO,Ancestro Project P10-DSC-LGC-DESCASCARADO aparece en 7 contenedores.,P10,P10-DSC-LGC-DESCASCARADO,P10-DSC-LGC-TOLVA,,,,,,,,,,,,,,,,,,,,,,,,,,,,hay más de un contenedor candidato
contenedor_duplicado,contenedor_por_ancestro_project,P10-DSC-CCC-CCC07,CCC 07 (CROWN CASCADA COOLER),30,4,30,P10-DSC-LGC-CONJUNTO CCD 1RA,P10-DSC-LGC-CONJUNTO,P10-DSC-LGC-DESCASCARADO > P10-DSC-LGC-CONJUNTO,P10 > P10-DSC-LGC-DESCASCARADO > P10-DSC-LGC-CONJUNTO CCD 1RA,P10 > P10-DSC-LGC-DESCASCARADO > P10-DSC-LGC-CONJUNTO CCD 1RA > P10-DSC-CCC-CCC07,281184,a027b4da-4e9c-44ad-b607-5fb48d4c7061-00044a60,Roofs,,Genérico - 400 mm,Genérico - 400 mm,,P10 > P10-DSC-LGC-DESCASCARADO > P10-DSC-LGC-TOLVA,contenedor_scoring,281184,a027b4da-4e9c-44ad-b607-5fb48d4c7061-00044a60,P10 > P10-DSC-LGC-DESCASCARADO > P10-DSC-LGC-TOLVA,3,27,NO,200,200,0,ancestro_project_exacto_duplicado,281184:200:P10 > P10-DSC-LGC-DESCASCARADO > P10-DSC-LGC-TOLVA || 378146:200:P10 > P10-DSC-LGC-DESCASCARADO > P10-DSC-LGC-ZARANDAS || 378268:200:P10 > P10-DSC-LGC-DESCASCARADO > P10-DSC-LGC-QUEBRADORES || 378308:200:P10 > P10-DSC-LGC-DESCASCARADO > P10-DSC-LGC-CONJUNTO CCD 1RA || 378434:200:P10 > P10-DSC-LGC-DESCASCARADO > P10-DSC-LGC-CONJUNTO CCC 2DA || 378617:200:P10 > P10-DSC-LGC-DESCASCARADO > P10-DSC-LGC-MOLINO || 378728:200:P10 > P10-DSC-LGC-DESCASCARADO > P10-DSC-LGC-REDLER,P10-DSC-LGC-DESCASCARADO,Ancestro Project P10-DSC-LGC-DESCASCARADO aparece en 7 contenedores.,P10,P10-DSC-LGC-DESCASCARADO,P10-DSC-LGC-TOLVA,,,,,,,,,,,,,,,,,,,,,,,,,,,,hay más de un contenedor candidato
contenedor_duplicado,contenedor_por_ancestro_project,P10-DSC-CCC-CCC08,CCC 08 (CROWN CASCADA COOLER),31,4,31,P10-DSC-LGC-CONJUNTO CCD 1RA,P10-DSC-LGC-CONJUNTO,P10-DSC-LGC-DESCASCARADO > P10-DSC-LGC-CONJUNTO,P10 > P10-DSC-LGC-DESCASCARADO > P10-DSC-LGC-CONJUNTO CCD 1RA,P10 > P10-DSC-LGC-DESCASCARADO > P10-DSC-LGC-CONJUNTO CCD 1RA > P10-DSC-CCC-CCC08,281184,a027b4da-4e9c-44ad-b607-5fb48d4c7061-00044a60,Roofs,,Genérico - 400 mm,Genérico - 400 mm,,P10 > P10-DSC-LGC-DESCASCARADO > P10-DSC-LGC-TOLVA,contenedor_scoring,281184,a027b4da-4e9c-44ad-b607-5fb48d4c7061-00044a60,P10 > P10-DSC-LGC-DESCASCARADO > P10-DSC-LGC-TOLVA,3,27,NO,200,200,0,ancestro_project_exacto_duplicado,281184:200:P10 > P10-DSC-LGC-DESCASCARADO > P10-DSC-LGC-TOLVA || 378146:200:P10 > P10-DSC-LGC-DESCASCARADO > P10-DSC-LGC-ZARANDAS || 378268:200:P10 > P10-DSC-LGC-DESCASCARADO > P10-DSC-LGC-QUEBRADORES || 378308:200:P10 > P10-DSC-LGC-DESCASCARADO > P10-DSC-LGC-CONJUNTO CCD 1RA || 378434:200:P10 > P10-DSC-LGC-DESCASCARADO > P10-DSC-LGC-CONJUNTO CCC 2DA || 378617:200:P10 > P10-DSC-LGC-DESCASCARADO > P10-DSC-LGC-MOLINO || 378728:200:P10 > P10-DSC-LGC-DESCASCARADO > P10-DSC-LGC-REDLER,P10-DSC-LGC-DESCASCARADO,Ancestro Project P10-DSC-LGC-DESCASCARADO aparece en 7 contenedores.,P10,P10-DSC-LGC-DESCASCARADO,P10-DSC-LGC-TOLVA,,,,,,,,,,,,,,,,,,,,,,,,,,,,hay más de un contenedor candidato
contenedor_duplicado,contenedor_por_ancestro_project,P10-DSC-CCC-CCC09,CCC 09 (CROWN CASCADA COOLER),32,4,32,P10-DSC-LGC-CONJUNTO CCD 1RA,P10-DSC-LGC-CONJUNTO,P10-DSC-LGC-DESCASCARADO > P10-DSC-LGC-CONJUNTO,P10 > P10-DSC-LGC-DESCASCARADO > P10-DSC-LGC-CONJUNTO CCD 1RA,P10 > P10-DSC-LGC-DESCASCARADO > P10-DSC-LGC-CONJUNTO CCD 1RA > P10-DSC-CCC-CCC09,281184,a027b4da-4e9c-44ad-b607-5fb48d4c7061-00044a60,Roofs,,Genérico - 400 mm,Genérico - 400 mm,,P10 > P10-DSC-LGC-DESCASCARADO > P10-DSC-LGC-TOLVA,contenedor_scoring,281184,a027b4da-4e9c-44ad-b607-5fb48d4c7061-00044a60,P10 > P10-DSC-LGC-DESCASCARADO > P10-DSC-LGC-TOLVA,3,27,NO,200,200,0,ancestro_project_exacto_duplicado,281184:200:P10 > P10-DSC-LGC-DESCASCARADO > P10-DSC-LGC-TOLVA || 378146:200:P10 > P10-DSC-LGC-DESCASCARADO > P10-DSC-LGC-ZARANDAS || 378268:200:P10 > P10-DSC-LGC-DESCASCARADO > P10-DSC-LGC-QUEBRADORES || 378308:200:P10 > P10-DSC-LGC-DESCASCARADO > P10-DSC-LGC-CONJUNTO CCD 1RA || 378434:200:P10 > P10-DSC-LGC-DESCASCARADO > P10-DSC-LGC-CONJUNTO CCC 2DA || 378617:200:P10 > P10-DSC-LGC-DESCASCARADO > P10-DSC-LGC-MOLINO || 378728:200:P10 > P10-DSC-LGC-DESCASCARADO > P10-DSC-LGC-REDLER,P10-DSC-LGC-DESCASCARADO,Ancestro Project P10-DSC-LGC-DESCASCARADO aparece en 7 contenedores.,P10,P10-DSC-LGC-DESCASCARADO,P10-DSC-LGC-TOLVA,,,,,,,,,,,,,,,,,,,,,,,,,,,,hay más de un contenedor candidato
contenedor_duplicado,contenedor_por_ancestro_project,P10-DSC-CCC-CCC11,CCC11 DESC 1RA PASADA RECIBE Q11,33,4,33,P10-DSC-LGC-CONJUNTO CCD 1RA,P10-DSC-LGC-CONJUNTO,P10-DSC-LGC-DESCASCARADO > P10-DSC-LGC-CONJUNTO,P10 > P10-DSC-LGC-DESCASCARADO > P10-DSC-LGC-CONJUNTO CCD 1RA,P10 > P10-DSC-LGC-DESCASCARADO > P10-DSC-LGC-CONJUNTO CCD 1RA > P10-DSC-CCC-CCC11,281184,a027b4da-4e9c-44ad-b607-5fb48d4c7061-00044a60,Roofs,,Genérico - 400 mm,Genérico - 400 mm,,P10 > P10-DSC-LGC-DESCASCARADO > P10-DSC-LGC-TOLVA,contenedor_scoring,281184,a027b4da-4e9c-44ad-b607-5fb48d4c7061-00044a60,P10 > P10-DSC-LGC-DESCASCARADO > P10-DSC-LGC-TOLVA,3,27,NO,200,200,0,ancestro_project_exacto_duplicado,281184:200:P10 > P10-DSC-LGC-DESCASCARADO > P10-DSC-LGC-TOLVA || 378146:200:P10 > P10-DSC-LGC-DESCASCARADO > P10-DSC-LGC-ZARANDAS || 378268:200:P10 > P10-DSC-LGC-DESCASCARADO > P10-DSC-LGC-QUEBRADORES || 378308:200:P10 > P10-DSC-LGC-DESCASCARADO > P10-DSC-LGC-CONJUNTO CCD 1RA || 378434:200:P10 > P10-DSC-LGC-DESCASCARADO > P10-DSC-LGC-CONJUNTO CCC 2DA || 378617:200:P10 > P10-DSC-LGC-DESCASCARADO > P10-DSC-LGC-MOLINO || 378728:200:P10 > P10-DSC-LGC-DESCASCARADO > P10-DSC-LGC-REDLER,P10-DSC-LGC-DESCASCARADO,Ancestro Project P10-DSC-LGC-DESCASCARADO aparece en 7 contenedores.,P10,P10-DSC-LGC-DESCASCARADO,P10-DSC-LGC-TOLVA,,,,,,,,,,,,,,,,,,,,,,,,,,,,hay más de un contenedor candidato
contenedor_duplicado,contenedor_por_ancestro_project,P10-DSC-CCC-CCC12,CCC12 DESC 1RA PASADA RECIBE Q12,34,4,34,P10-DSC-LGC-CONJUNTO CCD 1RA,P10-DSC-LGC-CONJUNTO,P10-DSC-LGC-DESCASCARADO > P10-DSC-LGC-CONJUNTO,P10 > P10-DSC-LGC-DESCASCARADO > P10-DSC-LGC-CONJUNTO CCD 1RA,P10 > P10-DSC-LGC-DESCASCARADO > P10-DSC-LGC-CONJUNTO CCD 1RA > P10-DSC-CCC-CCC12,281184,a027b4da-4e9c-44ad-b607-5fb48d4c7061-00044a60,Roofs,,Genérico - 400 mm,Genérico - 400 mm,,P10 > P10-DSC-LGC-DESCASCARADO > P10-DSC-LGC-TOLVA,contenedor_scoring,281184,a027b4da-4e9c-44ad-b607-5fb48d4c7061-00044a60,P10 > P10-DSC-LGC-DESCASCARADO > P10-DSC-LGC-TOLVA,3,27,NO,200,200,0,ancestro_project_exacto_duplicado,281184:200:P10 > P10-DSC-LGC-DESCASCARADO > P10-DSC-LGC-TOLVA || 378146:200:P10 > P10-DSC-LGC-DESCASCARADO > P10-DSC-LGC-ZARANDAS || 378268:200:P10 > P10-DSC-LGC-DESCASCARADO > P10-DSC-LGC-QUEBRADORES || 378308:200:P10 > P10-DSC-LGC-DESCASCARADO > P10-DSC-LGC-CONJUNTO CCD 1RA || 378434:200:P10 > P10-DSC-LGC-DESCASCARADO > P10-DSC-LGC-CONJUNTO CCC 2DA || 378617:200:P10 > P10-DSC-LGC-DESCASCARADO > P10-DSC-LGC-MOLINO || 378728:200:P10 > P10-DSC-LGC-DESCASCARADO > P10-DSC-LGC-REDLER,P10-DSC-LGC-DESCASCARADO,Ancestro Project P10-DSC-LGC-DESCASCARADO aparece en 7 contenedores.,P10,P10-DSC-LGC-DESCASCARADO,P10-DSC-LGC-TOLVA,,,,,,,,,,,,,,,,,,,,,,,,,,,,hay más de un contenedor candidato
contenedor_duplicado,contenedor_por_ancestro_project,P10-DSC-CCC-CCC13,CCC13 DESC 1RA PASADA RECIBE Q13,35,4,35,P10-DSC-LGC-CONJUNTO CCD 1RA,P10-DSC-LGC-CONJUNTO,P10-DSC-LGC-DESCASCARADO > P10-DSC-LGC-CONJUNTO,P10 > P10-DSC-LGC-DESCASCARADO > P10-DSC-LGC-CONJUNTO CCD 1RA,P10 > P10-DSC-LGC-DESCASCARADO > P10-DSC-LGC-CONJUNTO CCD 1RA > P10-DSC-CCC-CCC13,281184,a027b4da-4e9c-44ad-b607-5fb48d4c7061-00044a60,Roofs,,Genérico - 400 mm,Genérico - 400 mm,,P10 > P10-DSC-LGC-DESCASCARADO > P10-DSC-LGC-TOLVA,contenedor_scoring,281184,a027b4da-4e9c-44ad-b607-5fb48d4c7061-00044a60,P10 > P10-DSC-LGC-DESCASCARADO > P10-DSC-LGC-TOLVA,3,27,NO,200,200,0,ancestro_project_exacto_duplicado,281184:200:P10 > P10-DSC-LGC-DESCASCARADO > P10-DSC-LGC-TOLVA || 378146:200:P10 > P10-DSC-LGC-DESCASCARADO > P10-DSC-LGC-ZARANDAS || 378268:200:P10 > P10-DSC-LGC-DESCASCARADO > P10-DSC-LGC-QUEBRADORES || 378308:200:P10 > P10-DSC-LGC-DESCASCARADO > P10-DSC-LGC-CONJUNTO CCD 1RA || 378434:200:P10 > P10-DSC-LGC-DESCASCARADO > P10-DSC-LGC-CONJUNTO CCC 2DA || 378617:200:P10 > P10-DSC-LGC-DESCASCARADO > P10-DSC-LGC-MOLINO || 378728:200:P10 > P10-DSC-LGC-DESCASCARADO > P10-DSC-LGC-REDLER,P10-DSC-LGC-DESCASCARADO,Ancestro Project P10-DSC-LGC-DESCASCARADO aparece en 7 contenedores.,P10,P10-DSC-LGC-DESCASCARADO,P10-DSC-LGC-TOLVA,,,,,,,,,,,,,,,,,,,,,,,,,,,,hay más de un contenedor candidato
contenedor_duplicado,contenedor_por_ancestro_project,P10-DSC-CCC-CCC14,CCC14 DESC 1RA PASADA RECIBE Q14,36,4,36,P10-DSC-LGC-CONJUNTO CCD 1RA,P10-DSC-LGC-CONJUNTO,P10-DSC-LGC-DESCASCARADO > P10-DSC-LGC-CONJUNTO,P10 > P10-DSC-LGC-DESCASCARADO > P10-DSC-LGC-CONJUNTO CCD 1RA,P10 > P10-DSC-LGC-DESCASCARADO > P10-DSC-LGC-CONJUNTO CCD 1RA > P10-DSC-CCC-CCC14,281184,a027b4da-4e9c-44ad-b607-5fb48d4c7061-00044a60,Roofs,,Genérico - 400 mm,Genérico - 400 mm,,P10 > P10-DSC-LGC-DESCASCARADO > P10-DSC-LGC-TOLVA,contenedor_scoring,281184,a027b4da-4e9c-44ad-b607-5fb48d4c7061-00044a60,P10 > P10-DSC-LGC-DESCASCARADO > P10-DSC-LGC-TOLVA,3,27,NO,200,200,0,ancestro_project_exacto_duplicado,281184:200:P10 > P10-DSC-LGC-DESCASCARADO > P10-DSC-LGC-TOLVA || 378146:200:P10 > P10-DSC-LGC-DESCASCARADO > P10-DSC-LGC-ZARANDAS || 378268:200:P10 > P10-DSC-LGC-DESCASCARADO > P10-DSC-LGC-QUEBRADORES || 378308:200:P10 > P10-DSC-LGC-DESCASCARADO > P10-DSC-LGC-CONJUNTO CCD 1RA || 378434:200:P10 > P10-DSC-LGC-DESCASCARADO > P10-DSC-LGC-CONJUNTO CCC 2DA || 378617:200:P10 > P10-DSC-LGC-DESCASCARADO > P10-DSC-LGC-MOLINO || 378728:200:P10 > P10-DSC-LGC-DESCASCARADO > P10-DSC-LGC-REDLER,P10-DSC-LGC-DESCASCARADO,Ancestro Project P10-DSC-LGC-DESCASCARADO aparece en 7 contenedores.,P10,P10-DSC-LGC-DESCASCARADO,P10-DSC-LGC-TOLVA,,,,,,,,,,,,,,,,,,,,,,,,,,,,hay más de un contenedor candidato
contenedor_duplicado,contenedor_por_ancestro_project,P10-DSC-CCC-CCC15,CCC15 DESC 1RA PASADA RECIBE Q15,37,4,37,P10-DSC-LGC-CONJUNTO CCD 1RA,P10-DSC-LGC-CONJUNTO,P10-DSC-LGC-DESCASCARADO > P10-DSC-LGC-CONJUNTO,P10 > P10-DSC-LGC-DESCASCARADO > P10-DSC-LGC-CONJUNTO CCD 1RA,P10 > P10-DSC-LGC-DESCASCARADO > P10-DSC-LGC-CONJUNTO CCD 1RA > P10-DSC-CCC-CCC15,281184,a027b4da-4e9c-44ad-b607-5fb48d4c7061-00044a60,Roofs,,Genérico - 400 mm,Genérico - 400 mm,,P10 > P10-DSC-LGC-DESCASCARADO > P10-DSC-LGC-TOLVA,contenedor_scoring,281184,a027b4da-4e9c-44ad-b607-5fb48d4c7061-00044a60,P10 > P10-DSC-LGC-DESCASCARADO > P10-DSC-LGC-TOLVA,3,27,NO,200,200,0,ancestro_project_exacto_duplicado,281184:200:P10 > P10-DSC-LGC-DESCASCARADO > P10-DSC-LGC-TOLVA || 378146:200:P10 > P10-DSC-LGC-DESCASCARADO > P10-DSC-LGC-ZARANDAS || 378268:200:P10 > P10-DSC-LGC-DESCASCARADO > P10-DSC-LGC-QUEBRADORES || 378308:200:P10 > P10-DSC-LGC-DESCASCARADO > P10-DSC-LGC-CONJUNTO CCD 1RA || 378434:200:P10 > P10-DSC-LGC-DESCASCARADO > P10-DSC-LGC-CONJUNTO CCC 2DA || 378617:200:P10 > P10-DSC-LGC-DESCASCARADO > P10-DSC-LGC-MOLINO || 378728:200:P10 > P10-DSC-LGC-DESCASCARADO > P10-DSC-LGC-REDLER,P10-DSC-LGC-DESCASCARADO,Ancestro Project P10-DSC-LGC-DESCASCARADO aparece en 7 contenedores.,P10,P10-DSC-LGC-DESCASCARADO,P10-DSC-LGC-TOLVA,,,,,,,,,,,,,,,,,,,,,,,,,,,,hay más de un contenedor candidato
contenedor_duplicado,contenedor_por_ancestro_project,P10-DSC-CCC-CCC16,CCC16 DESC 1RA PASADA RECIBE Q16,38,4,38,P10-DSC-LGC-CONJUNTO CCD 1RA,P10-DSC-LGC-CONJUNTO,P10-DSC-LGC-DESCASCARADO > P10-DSC-LGC-CONJUNTO,P10 > P10-DSC-LGC-DESCASCARADO > P10-DSC-LGC-CONJUNTO CCD 1RA,P10 > P10-DSC-LGC-DESCASCARADO > P10-DSC-LGC-CONJUNTO CCD 1RA > P10-DSC-CCC-CCC16,281184,a027b4da-4e9c-44ad-b607-5fb48d4c7061-00044a60,Roofs,,Genérico - 400 mm,Genérico - 400 mm,,P10 > P10-DSC-LGC-DESCASCARADO > P10-DSC-LGC-TOLVA,contenedor_scoring,281184,a027b4da-4e9c-44ad-b607-5fb48d4c7061-00044a60,P10 > P10-DSC-LGC-DESCASCARADO > P10-DSC-LGC-TOLVA,3,27,NO,200,200,0,ancestro_project_exacto_duplicado,281184:200:P10 > P10-DSC-LGC-DESCASCARADO > P10-DSC-LGC-TOLVA || 378146:200:P10 > P10-DSC-LGC-DESCASCARADO > P10-DSC-LGC-ZARANDAS || 378268:200:P10 > P10-DSC-LGC-DESCASCARADO > P10-DSC-LGC-QUEBRADORES || 378308:200:P10 > P10-DSC-LGC-DESCASCARADO > P10-DSC-LGC-CONJUNTO CCD 1RA || 378434:200:P10 > P10-DSC-LGC-DESCASCARADO > P10-DSC-LGC-CONJUNTO CCC 2DA || 378617:200:P10 > P10-DSC-LGC-DESCASCARADO > P10-DSC-LGC-MOLINO || 378728:200:P10 > P10-DSC-LGC-DESCASCARADO > P10-DSC-LGC-REDLER,P10-DSC-LGC-DESCASCARADO,Ancestro Project P10-DSC-LGC-DESCASCARADO aparece en 7 contenedores.,P10,P10-DSC-LGC-DESCASCARADO,P10-DSC-LGC-TOLVA,,,,,,,,,,,,,,,,,,,,,,,,,,,,hay más de un contenedor candidato
contenedor_duplicado,contenedor_por_ancestro_project,P10-DSC-CCC-CCC17,CCC17 DESC 1RA PASADA RECIBE Q17,39,4,39,P10-DSC-LGC-CONJUNTO CCD 1RA,P10-DSC-LGC-CONJUNTO,P10-DSC-LGC-DESCASCARADO > P10-DSC-LGC-CONJUNTO,P10 > P10-DSC-LGC-DESCASCARADO > P10-DSC-LGC-CONJUNTO CCD 1RA,P10 > P10-DSC-LGC-DESCASCARADO > P10-DSC-LGC-CONJUNTO CCD 1RA > P10-DSC-CCC-CCC17,281184,a027b4da-4e9c-44ad-b607-5fb48d4c7061-00044a60,Roofs,,Genérico - 400 mm,Genérico - 400 mm,,P10 > P10-DSC-LGC-DESCASCARADO > P10-DSC-LGC-TOLVA,contenedor_scoring,281184,a027b4da-4e9c-44ad-b607-5fb48d4c7061-00044a60,P10 > P10-DSC-LGC-DESCASCARADO > P10-DSC-LGC-TOLVA,3,27,NO,200,200,0,ancestro_project_exacto_duplicado,281184:200:P10 > P10-DSC-LGC-DESCASCARADO > P10-DSC-LGC-TOLVA || 378146:200:P10 > P10-DSC-LGC-DESCASCARADO > P10-DSC-LGC-ZARANDAS || 378268:200:P10 > P10-DSC-LGC-DESCASCARADO > P10-DSC-LGC-QUEBRADORES || 378308:200:P10 > P10-DSC-LGC-DESCASCARADO > P10-DSC-LGC-CONJUNTO CCD 1RA || 378434:200:P10 > P10-DSC-LGC-DESCASCARADO > P10-DSC-LGC-CONJUNTO CCC 2DA || 378617:200:P10 > P10-DSC-LGC-DESCASCARADO > P10-DSC-LGC-MOLINO || 378728:200:P10 > P10-DSC-LGC-DESCASCARADO > P10-DSC-LGC-REDLER,P10-DSC-LGC-DESCASCARADO,Ancestro Project P10-DSC-LGC-DESCASCARADO aparece en 7 contenedores.,P10,P10-DSC-LGC-DESCASCARADO,P10-DSC-LGC-TOLVA,,,,,,,,,,,,,,,,,,,,,,,,,,,,hay más de un contenedor candidato
contenedor_duplicado,contenedor_por_ancestro_project,P10-DSC-CCC-CCC18,CCC18 DESC 1RA PASADA RECIBE Q18,40,4,40,P10-DSC-LGC-CONJUNTO CCD 1RA,P10-DSC-LGC-CONJUNTO,P10-DSC-LGC-DESCASCARADO > P10-DSC-LGC-CONJUNTO,P10 > P10-DSC-LGC-DESCASCARADO > P10-DSC-LGC-CONJUNTO CCD 1RA,P10 > P10-DSC-LGC-DESCASCARADO > P10-DSC-LGC-CONJUNTO CCD 1RA > P10-DSC-CCC-CCC18,281184,a027b4da-4e9c-44ad-b607-5fb48d4c7061-00044a60,Roofs,,Genérico - 400 mm,Genérico - 400 mm,,P10 > P10-DSC-LGC-DESCASCARADO > P10-DSC-LGC-TOLVA,contenedor_scoring,281184,a027b4da-4e9c-44ad-b607-5fb48d4c7061-00044a60,P10 > P10-DSC-LGC-DESCASCARADO > P10-DSC-LGC-TOLVA,3,27,NO,200,200,0,ancestro_project_exacto_duplicado,281184:200:P10 > P10-DSC-LGC-DESCASCARADO > P10-DSC-LGC-TOLVA || 378146:200:P10 > P10-DSC-LGC-DESCASCARADO > P10-DSC-LGC-ZARANDAS || 378268:200:P10 > P10-DSC-LGC-DESCASCARADO > P10-DSC-LGC-QUEBRADORES || 378308:200:P10 > P10-DSC-LGC-DESCASCARADO > P10-DSC-LGC-CONJUNTO CCD 1RA || 378434:200:P10 > P10-DSC-LGC-DESCASCARADO > P10-DSC-LGC-CONJUNTO CCC 2DA || 378617:200:P10 > P10-DSC-LGC-DESCASCARADO > P10-DSC-LGC-MOLINO || 378728:200:P10 > P10-DSC-LGC-DESCASCARADO > P10-DSC-LGC-REDLER,P10-DSC-LGC-DESCASCARADO,Ancestro Project P10-DSC-LGC-DESCASCARADO aparece en 7 contenedores.,P10,P10-DSC-LGC-DESCASCARADO,P10-DSC-LGC-TOLVA,,,,,,,,,,,,,,,,,,,,,,,,,,,,hay más de un contenedor candidato
contenedor_duplicado,contenedor_por_ancestro_project,P10-DSC-FLT-FMM,FILTRO MANGAS MOLINO CASCARDA,88,3,88,P10-DSC-LGC-DESCASCARADO,P10-DSC-LGC-DESCASCARADO,P10-DSC-LGC-DESCASCARADO,P10 > P10-DSC-LGC-DESCASCARADO,P10 > P10-DSC-LGC-DESCASCARADO > P10-DSC-FLT-FMM DESC,281184,a027b4da-4e9c-44ad-b607-5fb48d4c7061-00044a60,Roofs,,Genérico - 400 mm,Genérico - 400 mm,,P10 > P10-DSC-LGC-DESCASCARADO > P10-DSC-LGC-TOLVA,contenedor_scoring,281184,a027b4da-4e9c-44ad-b607-5fb48d4c7061-00044a60,P10 > P10-DSC-LGC-DESCASCARADO > P10-DSC-LGC-TOLVA,3,27,NO,200,200,0,ancestro_project_exacto_duplicado,281184:200:P10 > P10-DSC-LGC-DESCASCARADO > P10-DSC-LGC-TOLVA || 378146:200:P10 > P10-DSC-LGC-DESCASCARADO > P10-DSC-LGC-ZARANDAS || 378268:200:P10 > P10-DSC-LGC-DESCASCARADO > P10-DSC-LGC-QUEBRADORES || 378308:200:P10 > P10-DSC-LGC-DESCASCARADO > P10-DSC-LGC-CONJUNTO CCD 1RA || 378434:200:P10 > P10-DSC-LGC-DESCASCARADO > P10-DSC-LGC-CONJUNTO CCC 2DA || 378617:200:P10 > P10-DSC-LGC-DESCASCARADO > P10-DSC-LGC-MOLINO || 378728:200:P10 > P10-DSC-LGC-DESCASCARADO > P10-DSC-LGC-REDLER,P10-DSC-LGC-DESCASCARADO,Ancestro Project P10-DSC-LGC-DESCASCARADO aparece en 7 contenedores.,P10,P10-DSC-LGC-DESCASCARADO,P10-DSC-LGC-TOLVA,,,,,,,,,,,,,,,,,,,,,,,,,,,,hay más de un contenedor candidato
contenedor_duplicado,contenedor_por_ancestro_project,P10-DSC-VLV-VR33,BAJO FILTRO DE MANGAS FMM DESC,89,4,89,P10-DSC-FLT-FMM DESC,P10-DSC-FLT-FMM,P10-DSC-LGC-DESCASCARADO > P10-DSC-FLT-FMM,P10 > P10-DSC-LGC-DESCASCARADO > P10-DSC-FLT-FMM DESC,P10 > P10-DSC-LGC-DESCASCARADO > P10-DSC-FLT-FMM DESC > P10-DSC-VLV-VR33,281184,a027b4da-4e9c-44ad-b607-5fb48d4c7061-00044a60,Roofs,,Genérico - 400 mm,Genérico - 400 mm,,P10 > P10-DSC-LGC-DESCASCARADO > P10-DSC-LGC-TOLVA,contenedor_scoring,281184,a027b4da-4e9c-44ad-b607-5fb48d4c7061-00044a60,P10 > P10-DSC-LGC-DESCASCARADO > P10-DSC-LGC-TOLVA,3,27,NO,200,200,0,ancestro_project_exacto_duplicado,281184:200:P10 > P10-DSC-LGC-DESCASCARADO > P10-DSC-LGC-TOLVA || 378146:200:P10 > P10-DSC-LGC-DESCASCARADO > P10-DSC-LGC-ZARANDAS || 378268:200:P10 > P10-DSC-LGC-DESCASCARADO > P10-DSC-LGC-QUEBRADORES || 378308:200:P10 > P10-DSC-LGC-DESCASCARADO > P10-DSC-LGC-CONJUNTO CCD 1RA || 378434:200:P10 > P10-DSC-LGC-DESCASCARADO > P10-DSC-LGC-CONJUNTO CCC 2DA || 378617:200:P10 > P10-DSC-LGC-DESCASCARADO > P10-DSC-LGC-MOLINO || 378728:200:P10 > P10-DSC-LGC-DESCASCARADO > P10-DSC-LGC-REDLER,P10-DSC-LGC-DESCASCARADO,Ancestro Project P10-DSC-LGC-DESCASCARADO aparece en 7 contenedores.,P10,P10-DSC-LGC-DESCASCARADO,P10-DSC-LGC-TOLVA,,,,,,,,,,,,,,,,,,,,,,,,,,,,hay más de un contenedor candidato
contenedor_duplicado,contenedor_por_ancestro_project,P10-DSC-BRL-BRL2,BRAZO ROT. LIMPIEZA FILTRO MANGAS FMM DESC,90,4,90,P10-DSC-FLT-FMM DESC,P10-DSC-FLT-FMM,P10-DSC-LGC-DESCASCARADO > P10-DSC-FLT-FMM,P10 > P10-DSC-LGC-DESCASCARADO > P10-DSC-FLT-FMM DESC,P10 > P10-DSC-LGC-DESCASCARADO > P10-DSC-FLT-FMM DESC > P10-DSC-BRL-BRL2,281184,a027b4da-4e9c-44ad-b607-5fb48d4c7061-00044a60,Roofs,,Genérico - 400 mm,Genérico - 400 mm,,P10 > P10-DSC-LGC-DESCASCARADO > P10-DSC-LGC-TOLVA,contenedor_scoring,281184,a027b4da-4e9c-44ad-b607-5fb48d4c7061-00044a60,P10 > P10-DSC-LGC-DESCASCARADO > P10-DSC-LGC-TOLVA,3,27,NO,200,200,0,ancestro_project_exacto_duplicado,281184:200:P10 > P10-DSC-LGC-DESCASCARADO > P10-DSC-LGC-TOLVA || 378146:200:P10 > P10-DSC-LGC-DESCASCARADO > P10-DSC-LGC-ZARANDAS || 378268:200:P10 > P10-DSC-LGC-DESCASCARADO > P10-DSC-LGC-QUEBRADORES || 378308:200:P10 > P10-DSC-LGC-DESCASCARADO > P10-DSC-LGC-CONJUNTO CCD 1RA || 378434:200:P10 > P10-DSC-LGC-DESCASCARADO > P10-DSC-LGC-CONJUNTO CCC 2DA || 378617:200:P10 > P10-DSC-LGC-DESCASCARADO > P10-DSC-LGC-MOLINO || 378728:200:P10 > P10-DSC-LGC-DESCASCARADO > P10-DSC-LGC-REDLER,P10-DSC-LGC-DESCASCARADO,Ancestro Project P10-DSC-LGC-DESCASCARADO aparece en 7 contenedores.,P10,P10-DSC-LGC-DESCASCARADO,P10-DSC-LGC-TOLVA,,,,,,,,,,,,,,,,,,,,,,,,,,,,hay más de un contenedor candidato
contenedor_duplicado,contenedor_por_ancestro_project,P10-DSC-RSC-SF09,SIN FIN UNIFICADOR CICLON FMM DESC,91,4,91,P10-DSC-FLT-FMM DESC,P10-DSC-FLT-FMM,P10-DSC-LGC-DESCASCARADO > P10-DSC-FLT-FMM,P10 > P10-DSC-LGC-DESCASCARADO > P10-DSC-FLT-FMM DESC,P10 > P10-DSC-LGC-DESCASCARADO > P10-DSC-FLT-FMM DESC > P10-DSC-RSC-SF09,281184,a027b4da-4e9c-44ad-b607-5fb48d4c7061-00044a60,Roofs,,Genérico - 400 mm,Genérico - 400 mm,,P10 > P10-DSC-LGC-DESCASCARADO > P10-DSC-LGC-TOLVA,contenedor_scoring,281184,a027b4da-4e9c-44ad-b607-5fb48d4c7061-00044a60,P10 > P10-DSC-LGC-DESCASCARADO > P10-DSC-LGC-TOLVA,3,27,NO,200,200,0,ancestro_project_exacto_duplicado,281184:200:P10 > P10-DSC-LGC-DESCASCARADO > P10-DSC-LGC-TOLVA || 378146:200:P10 > P10-DSC-LGC-DESCASCARADO > P10-DSC-LGC-ZARANDAS || 378268:200:P10 > P10-DSC-LGC-DESCASCARADO > P10-DSC-LGC-QUEBRADORES || 378308:200:P10 > P10-DSC-LGC-DESCASCARADO > P10-DSC-LGC-CONJUNTO CCD 1RA || 378434:200:P10 > P10-DSC-LGC-DESCASCARADO > P10-DSC-LGC-CONJUNTO CCC 2DA || 378617:200:P10 > P10-DSC-LGC-DESCASCARADO > P10-DSC-LGC-MOLINO || 378728:200:P10 > P10-DSC-LGC-DESCASCARADO > P10-DSC-LGC-REDLER,P10-DSC-LGC-DESCASCARADO,Ancestro Project P10-DSC-LGC-DESCASCARADO aparece en 7 contenedores.,P10,P10-DSC-LGC-DESCASCARADO,P10-DSC-LGC-TOLVA,,,,,,,,,,,,,,,,,,,,,,,,,,,,hay más de un contenedor candidato
contenedor_duplicado,contenedor_por_ancestro_project,P10-DSC-VLV-VR34,VALV. ROT. CICLON FMM DESC,92,4,92,P10-DSC-FLT-FMM DESC,P10-DSC-FLT-FMM,P10-DSC-LGC-DESCASCARADO > P10-DSC-FLT-FMM,P10 > P10-DSC-LGC-DESCASCARADO > P10-DSC-FLT-FMM DESC,P10 > P10-DSC-LGC-DESCASCARADO > P10-DSC-FLT-FMM DESC > P10-DSC-VLV-VR34,281184,a027b4da-4e9c-44ad-b607-5fb48d4c7061-00044a60,Roofs,,Genérico - 400 mm,Genérico - 400 mm,,P10 > P10-DSC-LGC-DESCASCARADO > P10-DSC-LGC-TOLVA,contenedor_scoring,281184,a027b4da-4e9c-44ad-b607-5fb48d4c7061-00044a60,P10 > P10-DSC-LGC-DESCASCARADO > P10-DSC-LGC-TOLVA,3,27,NO,200,200,0,ancestro_project_exacto_duplicado,281184:200:P10 > P10-DSC-LGC-DESCASCARADO > P10-DSC-LGC-TOLVA || 378146:200:P10 > P10-DSC-LGC-DESCASCARADO > P10-DSC-LGC-ZARANDAS || 378268:200:P10 > P10-DSC-LGC-DESCASCARADO > P10-DSC-LGC-QUEBRADORES || 378308:200:P10 > P10-DSC-LGC-DESCASCARADO > P10-DSC-LGC-CONJUNTO CCD 1RA || 378434:200:P10 > P10-DSC-LGC-DESCASCARADO > P10-DSC-LGC-CONJUNTO CCC 2DA || 378617:200:P10 > P10-DSC-LGC-DESCASCARADO > P10-DSC-LGC-MOLINO || 378728:200:P10 > P10-DSC-LGC-DESCASCARADO > P10-DSC-LGC-REDLER,P10-DSC-LGC-DESCASCARADO,Ancestro Project P10-DSC-LGC-DESCASCARADO aparece en 7 contenedores.,P10,P10-DSC-LGC-DESCASCARADO,P10-DSC-LGC-TOLVA,,,,,,,,,,,,,,,,,,,,,,,,,,,,hay más de un contenedor candidato
contenedor_duplicado,contenedor_por_ancestro_project,P10-DSC-VNT-VE66,VENTILADOR VE66 BRAZO LIMPIEZA FMM DESC,93,4,93,P10-DSC-FLT-FMM DESC,P10-DSC-FLT-FMM,P10-DSC-LGC-DESCASCARADO > P10-DSC-FLT-FMM,P10 > P10-DSC-LGC-DESCASCARADO > P10-DSC-FLT-FMM DESC,P10 > P10-DSC-LGC-DESCASCARADO > P10-DSC-FLT-FMM DESC > P10-DSC-VNT-VE66,281184,a027b4da-4e9c-44ad-b607-5fb48d4c7061-00044a60,Roofs,,Genérico - 400 mm,Genérico - 400 mm,,P10 > P10-DSC-LGC-DESCASCARADO > P10-DSC-LGC-TOLVA,contenedor_scoring,281184,a027b4da-4e9c-44ad-b607-5fb48d4c7061-00044a60,P10 > P10-DSC-LGC-DESCASCARADO > P10-DSC-LGC-TOLVA,3,27,NO,200,200,0,ancestro_project_exacto_duplicado,281184:200:P10 > P10-DSC-LGC-DESCASCARADO > P10-DSC-LGC-TOLVA || 378146:200:P10 > P10-DSC-LGC-DESCASCARADO > P10-DSC-LGC-ZARANDAS || 378268:200:P10 > P10-DSC-LGC-DESCASCARADO > P10-DSC-LGC-QUEBRADORES || 378308:200:P10 > P10-DSC-LGC-DESCASCARADO > P10-DSC-LGC-CONJUNTO CCD 1RA || 378434:200:P10 > P10-DSC-LGC-DESCASCARADO > P10-DSC-LGC-CONJUNTO CCC 2DA || 378617:200:P10 > P10-DSC-LGC-DESCASCARADO > P10-DSC-LGC-MOLINO || 378728:200:P10 > P10-DSC-LGC-DESCASCARADO > P10-DSC-LGC-REDLER,P10-DSC-LGC-DESCASCARADO,Ancestro Project P10-DSC-LGC-DESCASCARADO aparece en 7 contenedores.,P10,P10-DSC-LGC-DESCASCARADO,P10-DSC-LGC-TOLVA,,,,,,,,,,,,,,,,,,,,,,,,,,,,hay más de un contenedor candidato
contenedor_duplicado,contenedor_por_ancestro_project,P10-DSC-VNT-VE09,VENTTILADOR VE09 FMM DESC,94,4,94,P10-DSC-FLT-FMM DESC,P10-DSC-FLT-FMM,P10-DSC-LGC-DESCASCARADO > P10-DSC-FLT-FMM,P10 > P10-DSC-LGC-DESCASCARADO > P10-DSC-FLT-FMM DESC,P10 > P10-DSC-LGC-DESCASCARADO > P10-DSC-FLT-FMM DESC > P10-DSC-VNT-VE09,281184,a027b4da-4e9c-44ad-b607-5fb48d4c7061-00044a60,Roofs,,Genérico - 400 mm,Genérico - 400 mm,,P10 > P10-DSC-LGC-DESCASCARADO > P10-DSC-LGC-TOLVA,contenedor_scoring,281184,a027b4da-4e9c-44ad-b607-5fb48d4c7061-00044a60,P10 > P10-DSC-LGC-DESCASCARADO > P10-DSC-LGC-TOLVA,3,27,NO,200,200,0,ancestro_project_exacto_duplicado,281184:200:P10 > P10-DSC-LGC-DESCASCARADO > P10-DSC-LGC-TOLVA || 378146:200:P10 > P10-DSC-LGC-DESCASCARADO > P10-DSC-LGC-ZARANDAS || 378268:200:P10 > P10-DSC-LGC-DESCASCARADO > P10-DSC-LGC-QUEBRADORES || 378308:200:P10 > P10-DSC-LGC-DESCASCARADO > P10-DSC-LGC-CONJUNTO CCD 1RA || 378434:200:P10 > P10-DSC-LGC-DESCASCARADO > P10-DSC-LGC-CONJUNTO CCC 2DA || 378617:200:P10 > P10-DSC-LGC-DESCASCARADO > P10-DSC-LGC-MOLINO || 378728:200:P10 > P10-DSC-LGC-DESCASCARADO > P10-DSC-LGC-REDLER,P10-DSC-LGC-DESCASCARADO,Ancestro Project P10-DSC-LGC-DESCASCARADO aparece en 7 contenedores.,P10,P10-DSC-LGC-DESCASCARADO,P10-DSC-LGC-TOLVA,,,,,,,,,,,,,,,,,,,,,,,,,,,,hay más de un contenedor candidato
contenedor_duplicado,contenedor_por_ancestro_project,P10-DSC-TLV-TLVCASC,TOLVA CASCARA DE R35,95,3,95,P10-DSC-LGC-DESCASCARADO,P10-DSC-LGC-DESCASCARADO,P10-DSC-LGC-DESCASCARADO,P10 > P10-DSC-LGC-DESCASCARADO,P10 > P10-DSC-LGC-DESCASCARADO > P10-DSC-TLV-TLVCASC,281184,a027b4da-4e9c-44ad-b607-5fb48d4c7061-00044a60,Roofs,,Genérico - 400 mm,Genérico - 400 mm,,P10 > P10-DSC-LGC-DESCASCARADO > P10-DSC-LGC-TOLVA,contenedor_scoring,281184,a027b4da-4e9c-44ad-b607-5fb48d4c7061-00044a60,P10 > P10-DSC-LGC-DESCASCARADO > P10-DSC-LGC-TOLVA,3,27,NO,200,200,0,ancestro_project_exacto_duplicado,281184:200:P10 > P10-DSC-LGC-DESCASCARADO > P10-DSC-LGC-TOLVA || 378146:200:P10 > P10-DSC-LGC-DESCASCARADO > P10-DSC-LGC-ZARANDAS || 378268:200:P10 > P10-DSC-LGC-DESCASCARADO > P10-DSC-LGC-QUEBRADORES || 378308:200:P10 > P10-DSC-LGC-DESCASCARADO > P10-DSC-LGC-CONJUNTO CCD 1RA || 378434:200:P10 > P10-DSC-LGC-DESCASCARADO > P10-DSC-LGC-CONJUNTO CCC 2DA || 378617:200:P10 > P10-DSC-LGC-DESCASCARADO > P10-DSC-LGC-MOLINO || 378728:200:P10 > P10-DSC-LGC-DESCASCARADO > P10-DSC-LGC-REDLER,P10-DSC-LGC-DESCASCARADO,Ancestro Project P10-DSC-LGC-DESCASCARADO aparece en 7 contenedores.,P10,P10-DSC-LGC-DESCASCARADO,P10-DSC-LGC-TOLVA,,,,,,,,,,,,,,,,,,,,,,,,,,,,hay más de un contenedor candidato
contenedor_duplicado,contenedor_por_ancestro_project,P10-DSC-RSC-SF17,ROSCA SF17 RECIBE DE R35,96,4,96,P10-DSC-TLV-TLVCASC,P10-DSC-TLV-TLVCASC,P10-DSC-LGC-DESCASCARADO > P10-DSC-TLV-TLVCASC,P10 > P10-DSC-LGC-DESCASCARADO > P10-DSC-TLV-TLVCASC,P10 > P10-DSC-LGC-DESCASCARADO > P10-DSC-TLV-TLVCASC > P10-DSC-RSC-SF17,281184,a027b4da-4e9c-44ad-b607-5fb48d4c7061-00044a60,Roofs,,Genérico - 400 mm,Genérico - 400 mm,,P10 > P10-DSC-LGC-DESCASCARADO > P10-DSC-LGC-TOLVA,contenedor_scoring,281184,a027b4da-4e9c-44ad-b607-5fb48d4c7061-00044a60,P10 > P10-DSC-LGC-DESCASCARADO > P10-DSC-LGC-TOLVA,3,27,NO,200,200,0,ancestro_project_exacto_duplicado,281184:200:P10 > P10-DSC-LGC-DESCASCARADO > P10-DSC-LGC-TOLVA || 378146:200:P10 > P10-DSC-LGC-DESCASCARADO > P10-DSC-LGC-ZARANDAS || 378268:200:P10 > P10-DSC-LGC-DESCASCARADO > P10-DSC-LGC-QUEBRADORES || 378308:200:P10 > P10-DSC-LGC-DESCASCARADO > P10-DSC-LGC-CONJUNTO CCD 1RA || 378434:200:P10 > P10-DSC-LGC-DESCASCARADO > P10-DSC-LGC-CONJUNTO CCC 2DA || 378617:200:P10 > P10-DSC-LGC-DESCASCARADO > P10-DSC-LGC-MOLINO || 378728:200:P10 > P10-DSC-LGC-DESCASCARADO > P10-DSC-LGC-REDLER,P10-DSC-LGC-DESCASCARADO,Ancestro Project P10-DSC-LGC-DESCASCARADO aparece en 7 contenedores.,P10,P10-DSC-LGC-DESCASCARADO,P10-DSC-LGC-TOLVA,,,,,,,,,,,,,,,,,,,,,,,,,,,,hay más de un contenedor candidato
contenedor_duplicado,contenedor_por_ancestro_project,P10-DSC-RSC-SF18,ROSCA SF18 SACA DE TOLVA A R35,97,4,97,P10-DSC-TLV-TLVCASC,P10-DSC-TLV-TLVCASC,P10-DSC-LGC-DESCASCARADO > P10-DSC-TLV-TLVCASC,P10 > P10-DSC-LGC-DESCASCARADO > P10-DSC-TLV-TLVCASC,P10 > P10-DSC-LGC-DESCASCARADO > P10-DSC-TLV-TLVCASC > P10-DSC-RSC-SF18,281184,a027b4da-4e9c-44ad-b607-5fb48d4c7061-00044a60,Roofs,,Genérico - 400 mm,Genérico - 400 mm,,P10 > P10-DSC-LGC-DESCASCARADO > P10-DSC-LGC-TOLVA,contenedor_scoring,281184,a027b4da-4e9c-44ad-b607-5fb48d4c7061-00044a60,P10 > P10-DSC-LGC-DESCASCARADO > P10-DSC-LGC-TOLVA,3,27,NO,200,200,0,ancestro_project_exacto_duplicado,281184:200:P10 > P10-DSC-LGC-DESCASCARADO > P10-DSC-LGC-TOLVA || 378146:200:P10 > P10-DSC-LGC-DESCASCARADO > P10-DSC-LGC-ZARANDAS || 378268:200:P10 > P10-DSC-LGC-DESCASCARADO > P10-DSC-LGC-QUEBRADORES || 378308:200:P10 > P10-DSC-LGC-DESCASCARADO > P10-DSC-LGC-CONJUNTO CCD 1RA || 378434:200:P10 > P10-DSC-LGC-DESCASCARADO > P10-DSC-LGC-CONJUNTO CCC 2DA || 378617:200:P10 > P10-DSC-LGC-DESCASCARADO > P10-DSC-LGC-MOLINO || 378728:200:P10 > P10-DSC-LGC-DESCASCARADO > P10-DSC-LGC-REDLER,P10-DSC-LGC-DESCASCARADO,Ancestro Project P10-DSC-LGC-DESCASCARADO aparece en 7 contenedores.,P10,P10-DSC-LGC-DESCASCARADO,P10-DSC-LGC-TOLVA,,,,,,,,,,,,,,,,,,,,,,,,,,,,hay más de un contenedor candidato
duplicado,elemento_puntual,P10-EXT-LGC-EXTRACCION,SECTOR EXTRACCION EXTRACCION P10,98,2,98,P10,,,P10,P10 > P10-EXT-LGC-EXTRACCION,282497,a027b4da-4e9c-44ad-b607-5fb48d4c7061-00044f81,Roofs,,Genérico - 400 mm,Genérico - 400 mm,,P10 > P10-EXT-LGC-EXTRACCION > P10-EXT-EXT-M202 > P10-EXT-LGC-BMB RECIRCULACION,btz_description_02,,,,,,,,,,,,,7 elementos Revit contienen el código exacto.,P10,P10-EXT-LGC-EXTRACCION,P10-EXT-EXT-M202,P10-EXT-LGC-BMB RECIRCULACION,,,,,,,,,,,,,,,,,,,,,,,,,,,hay más de un elemento puntual posible
duplicado,elemento_puntual,P10-EXT-LGC-EXTRACCION,SECTOR EXTRACCION EXTRACCION P10,98,2,98,P10,,,P10,P10 > P10-EXT-LGC-EXTRACCION,282656,a027b4da-4e9c-44ad-b607-5fb48d4c7061-00045020,Roofs,,Genérico - 400 mm,Genérico - 400 mm,,P10 > P10-EXT-LGC-EXTRACCION > P10-EXT-TST-DT250,btz_description_02,,,,,,,,,,,,,7 elementos Revit contienen el código exacto.,P10,P10-EXT-LGC-EXTRACCION,P10-EXT-TST-DT250,,,,,,,,,,,,,,,,,,,,,,,,,,,,hay más de un elemento puntual posible
duplicado,elemento_puntual,P10-EXT-LGC-EXTRACCION,SECTOR EXTRACCION EXTRACCION P10,98,2,98,P10,,,P10,P10 > P10-EXT-LGC-EXTRACCION,282755,a027b4da-4e9c-44ad-b607-5fb48d4c7061-00045083,Roofs,,Genérico - 400 mm,Genérico - 400 mm,,P10 > P10-EXT-LGC-EXTRACCION > P10-EXT-EXT-M202 > P10-EXT-LGC-HIDROCICLONES,btz_description_02,,,,,,,,,,,,,7 elementos Revit contienen el código exacto.,P10,P10-EXT-LGC-EXTRACCION,P10-EXT-EXT-M202,P10-EXT-LGC-HIDROCICLONES,,,,,,,,,,,,,,,,,,,,,,,,,,,hay más de un elemento puntual posible
duplicado,elemento_puntual,P10-EXT-LGC-EXTRACCION,SECTOR EXTRACCION EXTRACCION P10,98,2,98,P10,,,P10,P10 > P10-EXT-LGC-EXTRACCION,282804,a027b4da-4e9c-44ad-b607-5fb48d4c7061-000450b4,Roofs,,Genérico - 400 mm,Genérico - 400 mm,,P10 > P10-EXT-LGC-EXTRACCION > P10-EXT-LGC-RECUP GASES,btz_description_02,,,,,,,,,,,,,7 elementos Revit contienen el código exacto.,P10,P10-EXT-LGC-EXTRACCION,P10-EXT-LGC-RECUP GASES,,,,,,,,,,,,,,,,,,,,,,,,,,,,hay más de un elemento puntual posible
duplicado,elemento_puntual,P10-EXT-LGC-EXTRACCION,SECTOR EXTRACCION EXTRACCION P10,98,2,98,P10,,,P10,P10 > P10-EXT-LGC-EXTRACCION,282896,a027b4da-4e9c-44ad-b607-5fb48d4c7061-00045110,Roofs,,Genérico - 400 mm,Genérico - 400 mm,,P10 > P10-EXT-LGC-EXTRACCION > P10-EXT-LGC-SOLVENTE,btz_description_02,,,,,,,,,,,,,7 elementos Revit contienen el código exacto.,P10,P10-EXT-LGC-EXTRACCION,P10-EXT-LGC-SOLVENTE,,,,,,,,,,,,,,,,,,,,,,,,,,,,hay más de un elemento puntual posible
duplicado,elemento_puntual,P10-EXT-LGC-EXTRACCION,SECTOR EXTRACCION EXTRACCION P10,98,2,98,P10,,,P10,P10 > P10-EXT-LGC-EXTRACCION,282969,a027b4da-4e9c-44ad-b607-5fb48d4c7061-00045159,Roofs,,Genérico - 400 mm,Genérico - 400 mm,,P10 > P10-EXT-LGC-EXTRACCION > P10-EXT-LGC-DESTILACION,btz_description_02,,,,,,,,,,,,,7 elementos Revit contienen el código exacto.,P10,P10-EXT-LGC-EXTRACCION,P10-EXT-LGC-DESTILACION,,,,,,,,,,,,,,,,,,,,,,,,,,,,hay más de un elemento puntual posible
duplicado,elemento_puntual,P10-EXT-LGC-EXTRACCION,SECTOR EXTRACCION EXTRACCION P10,98,2,98,P10,,,P10,P10 > P10-EXT-LGC-EXTRACCION,282997,a027b4da-4e9c-44ad-b607-5fb48d4c7061-00045175,Roofs,,Genérico - 400 mm,Genérico - 400 mm,,P10 > P10-EXT-LGC-EXTRACCION > P10-EXT-LGC-DESGOMADO,btz_description_02,,,,,,,,,,,,,7 elementos Revit contienen el código exacto.,P10,P10-EXT-LGC-EXTRACCION,P10-EXT-LGC-DESGOMADO,,,,,,,,,,,,,,,,,,,,,,,,,,,,hay más de un elemento puntual posible
contenedor_duplicado,contenedor_por_ancestro_project,P10-EXT-BMB-BOJK,BOMBA JOKER RED INCENDIO,99,3,99,P10-EXT-LGC-EXTRACCION,P10-EXT-LGC-EXTRACCION,P10-EXT-LGC-EXTRACCION,P10 > P10-EXT-LGC-EXTRACCION,P10 > P10-EXT-LGC-EXTRACCION > P10-EXT-BMB-BOJK,282497,a027b4da-4e9c-44ad-b607-5fb48d4c7061-00044f81,Roofs,,Genérico - 400 mm,Genérico - 400 mm,,P10 > P10-EXT-LGC-EXTRACCION > P10-EXT-EXT-M202 > P10-EXT-LGC-BMB RECIRCULACION,contenedor_scoring,282497,a027b4da-4e9c-44ad-b607-5fb48d4c7061-00044f81,P10 > P10-EXT-LGC-EXTRACCION > P10-EXT-EXT-M202 > P10-EXT-LGC-BMB RECIRCULACION,4,26,NO,200,200,0,ancestro_project_exacto_duplicado,282497:200:P10 > P10-EXT-LGC-EXTRACCION > P10-EXT-EXT-M202 > P10-EXT-LGC-BMB RECIRCULACION || 282656:200:P10 > P10-EXT-LGC-EXTRACCION > P10-EXT-TST-DT250 || 282755:200:P10 > P10-EXT-LGC-EXTRACCION > P10-EXT-EXT-M202 > P10-EXT-LGC-HIDROCICLONES || 282804:200:P10 > P10-EXT-LGC-EXTRACCION > P10-EXT-LGC-RECUP GASES || 282896:200:P10 > P10-EXT-LGC-EXTRACCION > P10-EXT-LGC-SOLVENTE || 282969:200:P10 > P10-EXT-LGC-EXTRACCION > P10-EXT-LGC-DESTILACION || 282997:200:P10 > P10-EXT-LGC-EXTRACCION > P10-EXT-LGC-DESGOMADO,P10-EXT-LGC-EXTRACCION,Ancestro Project P10-EXT-LGC-EXTRACCION aparece en 7 contenedores.,P10,P10-EXT-LGC-EXTRACCION,P10-EXT-EXT-M202,P10-EXT-LGC-BMB RECIRCULACION,,,,,,,,,,,,,,,,,,,,,,,,,,,hay más de un contenedor candidato
duplicado,elemento_puntual,P10-EXT-EXT-M202,EXTRACTOR M202,100,3,100,P10-EXT-LGC-EXTRACCION,P10-EXT-LGC-EXTRACCION,P10-EXT-LGC-EXTRACCION,P10 > P10-EXT-LGC-EXTRACCION,P10 > P10-EXT-LGC-EXTRACCION > P10-EXT-EXT-M202,282497,a027b4da-4e9c-44ad-b607-5fb48d4c7061-00044f81,Roofs,,Genérico - 400 mm,Genérico - 400 mm,,P10 > P10-EXT-LGC-EXTRACCION > P10-EXT-EXT-M202 > P10-EXT-LGC-BMB RECIRCULACION,btz_description_03,,,,,,,,,,,,,2 elementos Revit contienen el código exacto.,P10,P10-EXT-LGC-EXTRACCION,P10-EXT-EXT-M202,P10-EXT-LGC-BMB RECIRCULACION,,,,,,,,,,,,,,,,,,,,,,,,,,,hay más de un elemento puntual posible
duplicado,elemento_puntual,P10-EXT-EXT-M202,EXTRACTOR M202,100,3,100,P10-EXT-LGC-EXTRACCION,P10-EXT-LGC-EXTRACCION,P10-EXT-LGC-EXTRACCION,P10 > P10-EXT-LGC-EXTRACCION,P10 > P10-EXT-LGC-EXTRACCION > P10-EXT-EXT-M202,282755,a027b4da-4e9c-44ad-b607-5fb48d4c7061-00045083,Roofs,,Genérico - 400 mm,Genérico - 400 mm,,P10 > P10-EXT-LGC-EXTRACCION > P10-EXT-EXT-M202 > P10-EXT-LGC-HIDROCICLONES,btz_description_03,,,,,,,,,,,,,2 elementos Revit contienen el código exacto.,P10,P10-EXT-LGC-EXTRACCION,P10-EXT-EXT-M202,P10-EXT-LGC-HIDROCICLONES,,,,,,,,,,,,,,,,,,,,,,,,,,,hay más de un elemento puntual posible
contenedor_duplicado,contenedor_por_ancestro_project,P10-EXT-BMB-P217,BOMBA DE FINOS P217,101,4,101,P10-EXT-EXT-M202,P10-EXT-EXT-M202,P10-EXT-LGC-EXTRACCION > P10-EXT-EXT-M202,P10 > P10-EXT-LGC-EXTRACCION > P10-EXT-EXT-M202,P10 > P10-EXT-LGC-EXTRACCION > P10-EXT-EXT-M202 > P10-EXT-BMB-P217,282497,a027b4da-4e9c-44ad-b607-5fb48d4c7061-00044f81,Roofs,,Genérico - 400 mm,Genérico - 400 mm,,P10 > P10-EXT-LGC-EXTRACCION > P10-EXT-EXT-M202 > P10-EXT-LGC-BMB RECIRCULACION,contenedor_scoring,282497,a027b4da-4e9c-44ad-b607-5fb48d4c7061-00044f81,P10 > P10-EXT-LGC-EXTRACCION > P10-EXT-EXT-M202 > P10-EXT-LGC-BMB RECIRCULACION,4,26,NO,200,200,0,ancestro_project_exacto_duplicado,282497:200:P10 > P10-EXT-LGC-EXTRACCION > P10-EXT-EXT-M202 > P10-EXT-LGC-BMB RECIRCULACION || 282755:200:P10 > P10-EXT-LGC-EXTRACCION > P10-EXT-EXT-M202 > P10-EXT-LGC-HIDROCICLONES,P10-EXT-EXT-M202,Ancestro Project P10-EXT-EXT-M202 aparece en 2 contenedores.,P10,P10-EXT-LGC-EXTRACCION,P10-EXT-EXT-M202,P10-EXT-LGC-BMB RECIRCULACION,,,,,,,,,,,,,,,,,,,,,,,,,,,hay más de un contenedor candidato
contenedor_duplicado,contenedor_por_ancestro_project,P10-EXT-CLT-CLTSOLV,CALENTADOR DE SOLVENTE P10,102,4,102,P10-EXT-EXT-M202,P10-EXT-EXT-M202,P10-EXT-LGC-EXTRACCION > P10-EXT-EXT-M202,P10 > P10-EXT-LGC-EXTRACCION > P10-EXT-EXT-M202,P10 > P10-EXT-LGC-EXTRACCION > P10-EXT-EXT-M202 > P10-EXT-CLT-CLTSOLV,282497,a027b4da-4e9c-44ad-b607-5fb48d4c7061-00044f81,Roofs,,Genérico - 400 mm,Genérico - 400 mm,,P10 > P10-EXT-LGC-EXTRACCION > P10-EXT-EXT-M202 > P10-EXT-LGC-BMB RECIRCULACION,contenedor_scoring,282497,a027b4da-4e9c-44ad-b607-5fb48d4c7061-00044f81,P10 > P10-EXT-LGC-EXTRACCION > P10-EXT-EXT-M202 > P10-EXT-LGC-BMB RECIRCULACION,4,26,NO,200,200,0,ancestro_project_exacto_duplicado,282497:200:P10 > P10-EXT-LGC-EXTRACCION > P10-EXT-EXT-M202 > P10-EXT-LGC-BMB RECIRCULACION || 282755:200:P10 > P10-EXT-LGC-EXTRACCION > P10-EXT-EXT-M202 > P10-EXT-LGC-HIDROCICLONES,P10-EXT-EXT-M202,Ancestro Project P10-EXT-EXT-M202 aparece en 2 contenedores.,P10,P10-EXT-LGC-EXTRACCION,P10-EXT-EXT-M202,P10-EXT-LGC-BMB RECIRCULACION,,,,,,,,,,,,,,,,,,,,,,,,,,,hay más de un contenedor candidato
contenedor_duplicado,contenedor_por_ancestro_project,P10-EXT-CND-HX319,CONDENSADOR EXTRACTOR P10,103,4,103,P10-EXT-EXT-M202,P10-EXT-EXT-M202,P10-EXT-LGC-EXTRACCION > P10-EXT-EXT-M202,P10 > P10-EXT-LGC-EXTRACCION > P10-EXT-EXT-M202,P10 > P10-EXT-LGC-EXTRACCION > P10-EXT-EXT-M202 > P10-EXT-CND-HX319 COND EXT,282497,a027b4da-4e9c-44ad-b607-5fb48d4c7061-00044f81,Roofs,,Genérico - 400 mm,Genérico - 400 mm,,P10 > P10-EXT-LGC-EXTRACCION > P10-EXT-EXT-M202 > P10-EXT-LGC-BMB RECIRCULACION,contenedor_scoring,282497,a027b4da-4e9c-44ad-b607-5fb48d4c7061-00044f81,P10 > P10-EXT-LGC-EXTRACCION > P10-EXT-EXT-M202 > P10-EXT-LGC-BMB RECIRCULACION,4,26,NO,200,200,0,ancestro_project_exacto_duplicado,282497:200:P10 > P10-EXT-LGC-EXTRACCION > P10-EXT-EXT-M202 > P10-EXT-LGC-BMB RECIRCULACION || 282755:200:P10 > P10-EXT-LGC-EXTRACCION > P10-EXT-EXT-M202 > P10-EXT-LGC-HIDROCICLONES,P10-EXT-EXT-M202,Ancestro Project P10-EXT-EXT-M202 aparece en 2 contenedores.,P10,P10-EXT-LGC-EXTRACCION,P10-EXT-EXT-M202,P10-EXT-LGC-BMB RECIRCULACION,,,,,,,,,,,,,,,,,,,,,,,,,,,hay más de un contenedor candidato
contenedor_duplicado,contenedor_por_ancestro_project,P10-EXT-BMB-P221,BOMBA ELEVACION MISCELA P221,105,5,105,P10-EXT-LGC-BMB RECIRCULACION,P10-EXT-LGC-BMB,P10-EXT-LGC-EXTRACCION > P10-EXT-EXT-M202 > P10-EXT-LGC-BMB,P10 > P10-EXT-LGC-EXTRACCION > P10-EXT-EXT-M202 > P10-EXT-LGC-BMB RECIRCULACION,P10 > P10-EXT-LGC-EXTRACCION > P10-EXT-EXT-M202 > P10-EXT-LGC-BMB RECIRCULACION > P10-EXT-BMB-P221,282497,a027b4da-4e9c-44ad-b607-5fb48d4c7061-00044f81,Roofs,,Genérico - 400 mm,Genérico - 400 mm,,P10 > P10-EXT-LGC-EXTRACCION > P10-EXT-EXT-M202 > P10-EXT-LGC-BMB RECIRCULACION,contenedor_scoring,282497,a027b4da-4e9c-44ad-b607-5fb48d4c7061-00044f81,P10 > P10-EXT-LGC-EXTRACCION > P10-EXT-EXT-M202 > P10-EXT-LGC-BMB RECIRCULACION,4,26,NO,200,200,0,ancestro_project_exacto_duplicado,282497:200:P10 > P10-EXT-LGC-EXTRACCION > P10-EXT-EXT-M202 > P10-EXT-LGC-BMB RECIRCULACION || 282755:200:P10 > P10-EXT-LGC-EXTRACCION > P10-EXT-EXT-M202 > P10-EXT-LGC-HIDROCICLONES,P10-EXT-EXT-M202,Ancestro Project P10-EXT-EXT-M202 aparece en 2 contenedores.,P10,P10-EXT-LGC-EXTRACCION,P10-EXT-EXT-M202,P10-EXT-LGC-BMB RECIRCULACION,,,,,,,,,,,,,,,,,,,,,,,,,,,hay más de un contenedor candidato
contenedor_duplicado,contenedor_por_ancestro_project,P10-EXT-BMB-P210,BOMBA RECIRC MISCELA CURVA TRASERA EXTRACTOR P210,106,5,106,P10-EXT-LGC-BMB RECIRCULACION,P10-EXT-LGC-BMB,P10-EXT-LGC-EXTRACCION > P10-EXT-EXT-M202 > P10-EXT-LGC-BMB,P10 > P10-EXT-LGC-EXTRACCION > P10-EXT-EXT-M202 > P10-EXT-LGC-BMB RECIRCULACION,P10 > P10-EXT-LGC-EXTRACCION > P10-EXT-EXT-M202 > P10-EXT-LGC-BMB RECIRCULACION > P10-EXT-BMB-P210,282497,a027b4da-4e9c-44ad-b607-5fb48d4c7061-00044f81,Roofs,,Genérico - 400 mm,Genérico - 400 mm,,P10 > P10-EXT-LGC-EXTRACCION > P10-EXT-EXT-M202 > P10-EXT-LGC-BMB RECIRCULACION,contenedor_scoring,282497,a027b4da-4e9c-44ad-b607-5fb48d4c7061-00044f81,P10 > P10-EXT-LGC-EXTRACCION > P10-EXT-EXT-M202 > P10-EXT-LGC-BMB RECIRCULACION,4,26,NO,200,200,0,ancestro_project_exacto_duplicado,282497:200:P10 > P10-EXT-LGC-EXTRACCION > P10-EXT-EXT-M202 > P10-EXT-LGC-BMB RECIRCULACION || 282755:200:P10 > P10-EXT-LGC-EXTRACCION > P10-EXT-EXT-M202 > P10-EXT-LGC-HIDROCICLONES,P10-EXT-EXT-M202,Ancestro Project P10-EXT-EXT-M202 aparece en 2 contenedores.,P10,P10-EXT-LGC-EXTRACCION,P10-EXT-EXT-M202,P10-EXT-LGC-BMB RECIRCULACION,,,,,,,,,,,,,,,,,,,,,,,,,,,hay más de un contenedor candidato
contenedor_duplicado,contenedor_por_ancestro_project,P10-EXT-BMB-P204,BOMBA RECIRCULACION MISCELA P204,107,5,107,P10-EXT-LGC-BMB RECIRCULACION,P10-EXT-LGC-BMB,P10-EXT-LGC-EXTRACCION > P10-EXT-EXT-M202 > P10-EXT-LGC-BMB,P10 > P10-EXT-LGC-EXTRACCION > P10-EXT-EXT-M202 > P10-EXT-LGC-BMB RECIRCULACION,P10 > P10-EXT-LGC-EXTRACCION > P10-EXT-EXT-M202 > P10-EXT-LGC-BMB RECIRCULACION > P10-EXT-BMB-P204,282497,a027b4da-4e9c-44ad-b607-5fb48d4c7061-00044f81,Roofs,,Genérico - 400 mm,Genérico - 400 mm,,P10 > P10-EXT-LGC-EXTRACCION > P10-EXT-EXT-M202 > P10-EXT-LGC-BMB RECIRCULACION,contenedor_scoring,282497,a027b4da-4e9c-44ad-b607-5fb48d4c7061-00044f81,P10 > P10-EXT-LGC-EXTRACCION > P10-EXT-EXT-M202 > P10-EXT-LGC-BMB RECIRCULACION,4,26,NO,200,200,0,ancestro_project_exacto_duplicado,282497:200:P10 > P10-EXT-LGC-EXTRACCION > P10-EXT-EXT-M202 > P10-EXT-LGC-BMB RECIRCULACION || 282755:200:P10 > P10-EXT-LGC-EXTRACCION > P10-EXT-EXT-M202 > P10-EXT-LGC-HIDROCICLONES,P10-EXT-EXT-M202,Ancestro Project P10-EXT-EXT-M202 aparece en 2 contenedores.,P10,P10-EXT-LGC-EXTRACCION,P10-EXT-EXT-M202,P10-EXT-LGC-BMB RECIRCULACION,,,,,,,,,,,,,,,,,,,,,,,,,,,hay más de un contenedor candidato
contenedor_duplicado,contenedor_por_ancestro_project,P10-EXT-BMB-P205,BOMBA RECIRCULACION MISCELA P205,108,5,108,P10-EXT-LGC-BMB RECIRCULACION,P10-EXT-LGC-BMB,P10-EXT-LGC-EXTRACCION > P10-EXT-EXT-M202 > P10-EXT-LGC-BMB,P10 > P10-EXT-LGC-EXTRACCION > P10-EXT-EXT-M202 > P10-EXT-LGC-BMB RECIRCULACION,P10 > P10-EXT-LGC-EXTRACCION > P10-EXT-EXT-M202 > P10-EXT-LGC-BMB RECIRCULACION > P10-EXT-BMB-P205,282497,a027b4da-4e9c-44ad-b607-5fb48d4c7061-00044f81,Roofs,,Genérico - 400 mm,Genérico - 400 mm,,P10 > P10-EXT-LGC-EXTRACCION > P10-EXT-EXT-M202 > P10-EXT-LGC-BMB RECIRCULACION,contenedor_scoring,282497,a027b4da-4e9c-44ad-b607-5fb48d4c7061-00044f81,P10 > P10-EXT-LGC-EXTRACCION > P10-EXT-EXT-M202 > P10-EXT-LGC-BMB RECIRCULACION,4,26,NO,200,200,0,ancestro_project_exacto_duplicado,282497:200:P10 > P10-EXT-LGC-EXTRACCION > P10-EXT-EXT-M202 > P10-EXT-LGC-BMB RECIRCULACION || 282755:200:P10 > P10-EXT-LGC-EXTRACCION > P10-EXT-EXT-M202 > P10-EXT-LGC-HIDROCICLONES,P10-EXT-EXT-M202,Ancestro Project P10-EXT-EXT-M202 aparece en 2 contenedores.,P10,P10-EXT-LGC-EXTRACCION,P10-EXT-EXT-M202,P10-EXT-LGC-BMB RECIRCULACION,,,,,,,,,,,,,,,,,,,,,,,,,,,hay más de un contenedor candidato
contenedor_duplicado,contenedor_por_ancestro_project,P10-EXT-BMB-P206,BOMBA RECIRCULACION MISCELA P206,109,5,109,P10-EXT-LGC-BMB RECIRCULACION,P10-EXT-LGC-BMB,P10-EXT-LGC-EXTRACCION > P10-EXT-EXT-M202 > P10-EXT-LGC-BMB,P10 > P10-EXT-LGC-EXTRACCION > P10-EXT-EXT-M202 > P10-EXT-LGC-BMB RECIRCULACION,P10 > P10-EXT-LGC-EXTRACCION > P10-EXT-EXT-M202 > P10-EXT-LGC-BMB RECIRCULACION > P10-EXT-BMB-P206,282497,a027b4da-4e9c-44ad-b607-5fb48d4c7061-00044f81,Roofs,,Genérico - 400 mm,Genérico - 400 mm,,P10 > P10-EXT-LGC-EXTRACCION > P10-EXT-EXT-M202 > P10-EXT-LGC-BMB RECIRCULACION,contenedor_scoring,282497,a027b4da-4e9c-44ad-b607-5fb48d4c7061-00044f81,P10 > P10-EXT-LGC-EXTRACCION > P10-EXT-EXT-M202 > P10-EXT-LGC-BMB RECIRCULACION,4,26,NO,200,200,0,ancestro_project_exacto_duplicado,282497:200:P10 > P10-EXT-LGC-EXTRACCION > P10-EXT-EXT-M202 > P10-EXT-LGC-BMB RECIRCULACION || 282755:200:P10 > P10-EXT-LGC-EXTRACCION > P10-EXT-EXT-M202 > P10-EXT-LGC-HIDROCICLONES,P10-EXT-EXT-M202,Ancestro Project P10-EXT-EXT-M202 aparece en 2 contenedores.,P10,P10-EXT-LGC-EXTRACCION,P10-EXT-EXT-M202,P10-EXT-LGC-BMB RECIRCULACION,,,,,,,,,,,,,,,,,,,,,,,,,,,hay más de un contenedor candidato
contenedor_duplicado,contenedor_por_ancestro_project,P10-EXT-BMB-P207,BOMBA RECIRCULACION MISCELA P207,110,5,110,P10-EXT-LGC-BMB RECIRCULACION,P10-EXT-LGC-BMB,P10-EXT-LGC-EXTRACCION > P10-EXT-EXT-M202 > P10-EXT-LGC-BMB,P10 > P10-EXT-LGC-EXTRACCION > P10-EXT-EXT-M202 > P10-EXT-LGC-BMB RECIRCULACION,P10 > P10-EXT-LGC-EXTRACCION > P10-EXT-EXT-M202 > P10-EXT-LGC-BMB RECIRCULACION > P10-EXT-BMB-P207,282497,a027b4da-4e9c-44ad-b607-5fb48d4c7061-00044f81,Roofs,,Genérico - 400 mm,Genérico - 400 mm,,P10 > P10-EXT-LGC-EXTRACCION > P10-EXT-EXT-M202 > P10-EXT-LGC-BMB RECIRCULACION,contenedor_scoring,282497,a027b4da-4e9c-44ad-b607-5fb48d4c7061-00044f81,P10 > P10-EXT-LGC-EXTRACCION > P10-EXT-EXT-M202 > P10-EXT-LGC-BMB RECIRCULACION,4,26,NO,200,200,0,ancestro_project_exacto_duplicado,282497:200:P10 > P10-EXT-LGC-EXTRACCION > P10-EXT-EXT-M202 > P10-EXT-LGC-BMB RECIRCULACION || 282755:200:P10 > P10-EXT-LGC-EXTRACCION > P10-EXT-EXT-M202 > P10-EXT-LGC-HIDROCICLONES,P10-EXT-EXT-M202,Ancestro Project P10-EXT-EXT-M202 aparece en 2 contenedores.,P10,P10-EXT-LGC-EXTRACCION,P10-EXT-EXT-M202,P10-EXT-LGC-BMB RECIRCULACION,,,,,,,,,,,,,,,,,,,,,,,,,,,hay más de un contenedor candidato
contenedor_duplicado,contenedor_por_ancestro_project,P10-EXT-BMB-P208,BOMBA RECIRCULACION MISCELA P208,111,5,111,P10-EXT-LGC-BMB RECIRCULACION,P10-EXT-LGC-BMB,P10-EXT-LGC-EXTRACCION > P10-EXT-EXT-M202 > P10-EXT-LGC-BMB,P10 > P10-EXT-LGC-EXTRACCION > P10-EXT-EXT-M202 > P10-EXT-LGC-BMB RECIRCULACION,P10 > P10-EXT-LGC-EXTRACCION > P10-EXT-EXT-M202 > P10-EXT-LGC-BMB RECIRCULACION > P10-EXT-BMB-P208,282497,a027b4da-4e9c-44ad-b607-5fb48d4c7061-00044f81,Roofs,,Genérico - 400 mm,Genérico - 400 mm,,P10 > P10-EXT-LGC-EXTRACCION > P10-EXT-EXT-M202 > P10-EXT-LGC-BMB RECIRCULACION,contenedor_scoring,282497,a027b4da-4e9c-44ad-b607-5fb48d4c7061-00044f81,P10 > P10-EXT-LGC-EXTRACCION > P10-EXT-EXT-M202 > P10-EXT-LGC-BMB RECIRCULACION,4,26,NO,200,200,0,ancestro_project_exacto_duplicado,282497:200:P10 > P10-EXT-LGC-EXTRACCION > P10-EXT-EXT-M202 > P10-EXT-LGC-BMB RECIRCULACION || 282755:200:P10 > P10-EXT-LGC-EXTRACCION > P10-EXT-EXT-M202 > P10-EXT-LGC-HIDROCICLONES,P10-EXT-EXT-M202,Ancestro Project P10-EXT-EXT-M202 aparece en 2 contenedores.,P10,P10-EXT-LGC-EXTRACCION,P10-EXT-EXT-M202,P10-EXT-LGC-BMB RECIRCULACION,,,,,,,,,,,,,,,,,,,,,,,,,,,hay más de un contenedor candidato
contenedor_duplicado,contenedor_por_ancestro_project,P10-EXT-BMB-P209,BOMBA RECIRCULACION MISCELA P209,112,5,112,P10-EXT-LGC-BMB RECIRCULACION,P10-EXT-LGC-BMB,P10-EXT-LGC-EXTRACCION > P10-EXT-EXT-M202 > P10-EXT-LGC-BMB,P10 > P10-EXT-LGC-EXTRACCION > P10-EXT-EXT-M202 > P10-EXT-LGC-BMB RECIRCULACION,P10 > P10-EXT-LGC-EXTRACCION > P10-EXT-EXT-M202 > P10-EXT-LGC-BMB RECIRCULACION > P10-EXT-BMB-P209,282497,a027b4da-4e9c-44ad-b607-5fb48d4c7061-00044f81,Roofs,,Genérico - 400 mm,Genérico - 400 mm,,P10 > P10-EXT-LGC-EXTRACCION > P10-EXT-EXT-M202 > P10-EXT-LGC-BMB RECIRCULACION,contenedor_scoring,282497,a027b4da-4e9c-44ad-b607-5fb48d4c7061-00044f81,P10 > P10-EXT-LGC-EXTRACCION > P10-EXT-EXT-M202 > P10-EXT-LGC-BMB RECIRCULACION,4,26,NO,200,200,0,ancestro_project_exacto_duplicado,282497:200:P10 > P10-EXT-LGC-EXTRACCION > P10-EXT-EXT-M202 > P10-EXT-LGC-BMB RECIRCULACION || 282755:200:P10 > P10-EXT-LGC-EXTRACCION > P10-EXT-EXT-M202 > P10-EXT-LGC-HIDROCICLONES,P10-EXT-EXT-M202,Ancestro Project P10-EXT-EXT-M202 aparece en 2 contenedores.,P10,P10-EXT-LGC-EXTRACCION,P10-EXT-EXT-M202,P10-EXT-LGC-BMB RECIRCULACION,,,,,,,,,,,,,,,,,,,,,,,,,,,hay más de un contenedor candidato
contenedor_duplicado,contenedor_por_ancestro_project,P10-EXT-BMB-P211,BOMBA RECIRCULACION MISCELA P211,113,5,113,P10-EXT-LGC-BMB RECIRCULACION,P10-EXT-LGC-BMB,P10-EXT-LGC-EXTRACCION > P10-EXT-EXT-M202 > P10-EXT-LGC-BMB,P10 > P10-EXT-LGC-EXTRACCION > P10-EXT-EXT-M202 > P10-EXT-LGC-BMB RECIRCULACION,P10 > P10-EXT-LGC-EXTRACCION > P10-EXT-EXT-M202 > P10-EXT-LGC-BMB RECIRCULACION > P10-EXT-BMB-P211,282497,a027b4da-4e9c-44ad-b607-5fb48d4c7061-00044f81,Roofs,,Genérico - 400 mm,Genérico - 400 mm,,P10 > P10-EXT-LGC-EXTRACCION > P10-EXT-EXT-M202 > P10-EXT-LGC-BMB RECIRCULACION,contenedor_scoring,282497,a027b4da-4e9c-44ad-b607-5fb48d4c7061-00044f81,P10 > P10-EXT-LGC-EXTRACCION > P10-EXT-EXT-M202 > P10-EXT-LGC-BMB RECIRCULACION,4,26,NO,200,200,0,ancestro_project_exacto_duplicado,282497:200:P10 > P10-EXT-LGC-EXTRACCION > P10-EXT-EXT-M202 > P10-EXT-LGC-BMB RECIRCULACION || 282755:200:P10 > P10-EXT-LGC-EXTRACCION > P10-EXT-EXT-M202 > P10-EXT-LGC-HIDROCICLONES,P10-EXT-EXT-M202,Ancestro Project P10-EXT-EXT-M202 aparece en 2 contenedores.,P10,P10-EXT-LGC-EXTRACCION,P10-EXT-EXT-M202,P10-EXT-LGC-BMB RECIRCULACION,,,,,,,,,,,,,,,,,,,,,,,,,,,hay más de un contenedor candidato
contenedor_duplicado,contenedor_por_ancestro_project,P10-EXT-BMB-P212,BOMBA RECIRCULACION MISCELA P212,114,5,114,P10-EXT-LGC-BMB RECIRCULACION,P10-EXT-LGC-BMB,P10-EXT-LGC-EXTRACCION > P10-EXT-EXT-M202 > P10-EXT-LGC-BMB,P10 > P10-EXT-LGC-EXTRACCION > P10-EXT-EXT-M202 > P10-EXT-LGC-BMB RECIRCULACION,P10 > P10-EXT-LGC-EXTRACCION > P10-EXT-EXT-M202 > P10-EXT-LGC-BMB RECIRCULACION > P10-EXT-BMB-P212,282497,a027b4da-4e9c-44ad-b607-5fb48d4c7061-00044f81,Roofs,,Genérico - 400 mm,Genérico - 400 mm,,P10 > P10-EXT-LGC-EXTRACCION > P10-EXT-EXT-M202 > P10-EXT-LGC-BMB RECIRCULACION,contenedor_scoring,282497,a027b4da-4e9c-44ad-b607-5fb48d4c7061-00044f81,P10 > P10-EXT-LGC-EXTRACCION > P10-EXT-EXT-M202 > P10-EXT-LGC-BMB RECIRCULACION,4,26,NO,200,200,0,ancestro_project_exacto_duplicado,282497:200:P10 > P10-EXT-LGC-EXTRACCION > P10-EXT-EXT-M202 > P10-EXT-LGC-BMB RECIRCULACION || 282755:200:P10 > P10-EXT-LGC-EXTRACCION > P10-EXT-EXT-M202 > P10-EXT-LGC-HIDROCICLONES,P10-EXT-EXT-M202,Ancestro Project P10-EXT-EXT-M202 aparece en 2 contenedores.,P10,P10-EXT-LGC-EXTRACCION,P10-EXT-EXT-M202,P10-EXT-LGC-BMB RECIRCULACION,,,,,,,,,,,,,,,,,,,,,,,,,,,hay más de un contenedor candidato
contenedor_duplicado,contenedor_por_ancestro_project,P10-EXT-BMB-P213,BOMBA RECIRCULACION MISCELA P213,115,5,115,P10-EXT-LGC-BMB RECIRCULACION,P10-EXT-LGC-BMB,P10-EXT-LGC-EXTRACCION > P10-EXT-EXT-M202 > P10-EXT-LGC-BMB,P10 > P10-EXT-LGC-EXTRACCION > P10-EXT-EXT-M202 > P10-EXT-LGC-BMB RECIRCULACION,P10 > P10-EXT-LGC-EXTRACCION > P10-EXT-EXT-M202 > P10-EXT-LGC-BMB RECIRCULACION > P10-EXT-BMB-P213,282497,a027b4da-4e9c-44ad-b607-5fb48d4c7061-00044f81,Roofs,,Genérico - 400 mm,Genérico - 400 mm,,P10 > P10-EXT-LGC-EXTRACCION > P10-EXT-EXT-M202 > P10-EXT-LGC-BMB RECIRCULACION,contenedor_scoring,282497,a027b4da-4e9c-44ad-b607-5fb48d4c7061-00044f81,P10 > P10-EXT-LGC-EXTRACCION > P10-EXT-EXT-M202 > P10-EXT-LGC-BMB RECIRCULACION,4,26,NO,200,200,0,ancestro_project_exacto_duplicado,282497:200:P10 > P10-EXT-LGC-EXTRACCION > P10-EXT-EXT-M202 > P10-EXT-LGC-BMB RECIRCULACION || 282755:200:P10 > P10-EXT-LGC-EXTRACCION > P10-EXT-EXT-M202 > P10-EXT-LGC-HIDROCICLONES,P10-EXT-EXT-M202,Ancestro Project P10-EXT-EXT-M202 aparece en 2 contenedores.,P10,P10-EXT-LGC-EXTRACCION,P10-EXT-EXT-M202,P10-EXT-LGC-BMB RECIRCULACION,,,,,,,,,,,,,,,,,,,,,,,,,,,hay más de un contenedor candidato
contenedor_duplicado,contenedor_por_ancestro_project,P10-EXT-BMB-P214,BOMBA RECIRCULACION MISCELA P214,116,5,116,P10-EXT-LGC-BMB RECIRCULACION,P10-EXT-LGC-BMB,P10-EXT-LGC-EXTRACCION > P10-EXT-EXT-M202 > P10-EXT-LGC-BMB,P10 > P10-EXT-LGC-EXTRACCION > P10-EXT-EXT-M202 > P10-EXT-LGC-BMB RECIRCULACION,P10 > P10-EXT-LGC-EXTRACCION > P10-EXT-EXT-M202 > P10-EXT-LGC-BMB RECIRCULACION > P10-EXT-BMB-P214,282497,a027b4da-4e9c-44ad-b607-5fb48d4c7061-00044f81,Roofs,,Genérico - 400 mm,Genérico - 400 mm,,P10 > P10-EXT-LGC-EXTRACCION > P10-EXT-EXT-M202 > P10-EXT-LGC-BMB RECIRCULACION,contenedor_scoring,282497,a027b4da-4e9c-44ad-b607-5fb48d4c7061-00044f81,P10 > P10-EXT-LGC-EXTRACCION > P10-EXT-EXT-M202 > P10-EXT-LGC-BMB RECIRCULACION,4,26,NO,200,200,0,ancestro_project_exacto_duplicado,282497:200:P10 > P10-EXT-LGC-EXTRACCION > P10-EXT-EXT-M202 > P10-EXT-LGC-BMB RECIRCULACION || 282755:200:P10 > P10-EXT-LGC-EXTRACCION > P10-EXT-EXT-M202 > P10-EXT-LGC-HIDROCICLONES,P10-EXT-EXT-M202,Ancestro Project P10-EXT-EXT-M202 aparece en 2 contenedores.,P10,P10-EXT-LGC-EXTRACCION,P10-EXT-EXT-M202,P10-EXT-LGC-BMB RECIRCULACION,,,,,,,,,,,,,,,,,,,,,,,,,,,hay más de un contenedor candidato
contenedor_duplicado,contenedor_por_ancestro_project,P10-EXT-BMB-P215,BOMBA RECIRCULACION MISCELA P215,117,5,117,P10-EXT-LGC-BMB RECIRCULACION,P10-EXT-LGC-BMB,P10-EXT-LGC-EXTRACCION > P10-EXT-EXT-M202 > P10-EXT-LGC-BMB,P10 > P10-EXT-LGC-EXTRACCION > P10-EXT-EXT-M202 > P10-EXT-LGC-BMB RECIRCULACION,P10 > P10-EXT-LGC-EXTRACCION > P10-EXT-EXT-M202 > P10-EXT-LGC-BMB RECIRCULACION > P10-EXT-BMB-P215,282497,a027b4da-4e9c-44ad-b607-5fb48d4c7061-00044f81,Roofs,,Genérico - 400 mm,Genérico - 400 mm,,P10 > P10-EXT-LGC-EXTRACCION > P10-EXT-EXT-M202 > P10-EXT-LGC-BMB RECIRCULACION,contenedor_scoring,282497,a027b4da-4e9c-44ad-b607-5fb48d4c7061-00044f81,P10 > P10-EXT-LGC-EXTRACCION > P10-EXT-EXT-M202 > P10-EXT-LGC-BMB RECIRCULACION,4,26,NO,200,200,0,ancestro_project_exacto_duplicado,282497:200:P10 > P10-EXT-LGC-EXTRACCION > P10-EXT-EXT-M202 > P10-EXT-LGC-BMB RECIRCULACION || 282755:200:P10 > P10-EXT-LGC-EXTRACCION > P10-EXT-EXT-M202 > P10-EXT-LGC-HIDROCICLONES,P10-EXT-EXT-M202,Ancestro Project P10-EXT-EXT-M202 aparece en 2 contenedores.,P10,P10-EXT-LGC-EXTRACCION,P10-EXT-EXT-M202,P10-EXT-LGC-BMB RECIRCULACION,,,,,,,,,,,,,,,,,,,,,,,,,,,hay más de un contenedor candidato
contenedor_duplicado,contenedor_por_ancestro_project,P10-EXT-BMB-P216,BOMBA RECIRCULACION MISCELA P216,118,5,118,P10-EXT-LGC-BMB RECIRCULACION,P10-EXT-LGC-BMB,P10-EXT-LGC-EXTRACCION > P10-EXT-EXT-M202 > P10-EXT-LGC-BMB,P10 > P10-EXT-LGC-EXTRACCION > P10-EXT-EXT-M202 > P10-EXT-LGC-BMB RECIRCULACION,P10 > P10-EXT-LGC-EXTRACCION > P10-EXT-EXT-M202 > P10-EXT-LGC-BMB RECIRCULACION > P10-EXT-BMB-P216,282497,a027b4da-4e9c-44ad-b607-5fb48d4c7061-00044f81,Roofs,,Genérico - 400 mm,Genérico - 400 mm,,P10 > P10-EXT-LGC-EXTRACCION > P10-EXT-EXT-M202 > P10-EXT-LGC-BMB RECIRCULACION,contenedor_scoring,282497,a027b4da-4e9c-44ad-b607-5fb48d4c7061-00044f81,P10 > P10-EXT-LGC-EXTRACCION > P10-EXT-EXT-M202 > P10-EXT-LGC-BMB RECIRCULACION,4,26,NO,200,200,0,ancestro_project_exacto_duplicado,282497:200:P10 > P10-EXT-LGC-EXTRACCION > P10-EXT-EXT-M202 > P10-EXT-LGC-BMB RECIRCULACION || 282755:200:P10 > P10-EXT-LGC-EXTRACCION > P10-EXT-EXT-M202 > P10-EXT-LGC-HIDROCICLONES,P10-EXT-EXT-M202,Ancestro Project P10-EXT-EXT-M202 aparece en 2 contenedores.,P10,P10-EXT-LGC-EXTRACCION,P10-EXT-EXT-M202,P10-EXT-LGC-BMB RECIRCULACION,,,,,,,,,,,,,,,,,,,,,,,,,,,hay más de un contenedor candidato
contenedor_duplicado,contenedor_por_ancestro_project,P10-EXT-BMB-P222,BOMBA RECIRCULACION MISCELA P222 PRIMER RIEGO SUPERIOR DE LA CURVA,119,5,119,P10-EXT-LGC-BMB RECIRCULACION,P10-EXT-LGC-BMB,P10-EXT-LGC-EXTRACCION > P10-EXT-EXT-M202 > P10-EXT-LGC-BMB,P10 > P10-EXT-LGC-EXTRACCION > P10-EXT-EXT-M202 > P10-EXT-LGC-BMB RECIRCULACION,P10 > P10-EXT-LGC-EXTRACCION > P10-EXT-EXT-M202 > P10-EXT-LGC-BMB RECIRCULACION > P10-EXT-BMB-P222,282497,a027b4da-4e9c-44ad-b607-5fb48d4c7061-00044f81,Roofs,,Genérico - 400 mm,Genérico - 400 mm,,P10 > P10-EXT-LGC-EXTRACCION > P10-EXT-EXT-M202 > P10-EXT-LGC-BMB RECIRCULACION,contenedor_scoring,282497,a027b4da-4e9c-44ad-b607-5fb48d4c7061-00044f81,P10 > P10-EXT-LGC-EXTRACCION > P10-EXT-EXT-M202 > P10-EXT-LGC-BMB RECIRCULACION,4,26,NO,200,200,0,ancestro_project_exacto_duplicado,282497:200:P10 > P10-EXT-LGC-EXTRACCION > P10-EXT-EXT-M202 > P10-EXT-LGC-BMB RECIRCULACION || 282755:200:P10 > P10-EXT-LGC-EXTRACCION > P10-EXT-EXT-M202 > P10-EXT-LGC-HIDROCICLONES,P10-EXT-EXT-M202,Ancestro Project P10-EXT-EXT-M202 aparece en 2 contenedores.,P10,P10-EXT-LGC-EXTRACCION,P10-EXT-EXT-M202,P10-EXT-LGC-BMB RECIRCULACION,,,,,,,,,,,,,,,,,,,,,,,,,,,hay más de un contenedor candidato
contenedor_duplicado,contenedor_por_ancestro_project,P10-EXT-FLT-M220A,FILTRO AMIAD,144,4,144,P10-EXT-EXT-M202,P10-EXT-EXT-M202,P10-EXT-LGC-EXTRACCION > P10-EXT-EXT-M202,P10 > P10-EXT-LGC-EXTRACCION > P10-EXT-EXT-M202,P10 > P10-EXT-LGC-EXTRACCION > P10-EXT-EXT-M202 > P10-EXT-FLT-M220A AMIAD,282497,a027b4da-4e9c-44ad-b607-5fb48d4c7061-00044f81,Roofs,,Genérico - 400 mm,Genérico - 400 mm,,P10 > P10-EXT-LGC-EXTRACCION > P10-EXT-EXT-M202 > P10-EXT-LGC-BMB RECIRCULACION,contenedor_scoring,282497,a027b4da-4e9c-44ad-b607-5fb48d4c7061-00044f81,P10 > P10-EXT-LGC-EXTRACCION > P10-EXT-EXT-M202 > P10-EXT-LGC-BMB RECIRCULACION,4,26,NO,200,200,0,ancestro_project_exacto_duplicado,282497:200:P10 > P10-EXT-LGC-EXTRACCION > P10-EXT-EXT-M202 > P10-EXT-LGC-BMB RECIRCULACION || 282755:200:P10 > P10-EXT-LGC-EXTRACCION > P10-EXT-EXT-M202 > P10-EXT-LGC-HIDROCICLONES,P10-EXT-EXT-M202,Ancestro Project P10-EXT-EXT-M202 aparece en 2 contenedores.,P10,P10-EXT-LGC-EXTRACCION,P10-EXT-EXT-M202,P10-EXT-LGC-BMB RECIRCULACION,,,,,,,,,,,,,,,,,,,,,,,,,,,hay más de un contenedor candidato
contenedor_duplicado,contenedor_por_ancestro_project,P10-EXT-RSC-SC201,ROSCA DE ALIMENTACION,145,4,145,P10-EXT-EXT-M202,P10-EXT-EXT-M202,P10-EXT-LGC-EXTRACCION > P10-EXT-EXT-M202,P10 > P10-EXT-LGC-EXTRACCION > P10-EXT-EXT-M202,P10 > P10-EXT-LGC-EXTRACCION > P10-EXT-EXT-M202 > P10-EXT-RSC-SC201,282497,a027b4da-4e9c-44ad-b607-5fb48d4c7061-00044f81,Roofs,,Genérico - 400 mm,Genérico - 400 mm,,P10 > P10-EXT-LGC-EXTRACCION > P10-EXT-EXT-M202 > P10-EXT-LGC-BMB RECIRCULACION,contenedor_scoring,282497,a027b4da-4e9c-44ad-b607-5fb48d4c7061-00044f81,P10 > P10-EXT-LGC-EXTRACCION > P10-EXT-EXT-M202 > P10-EXT-LGC-BMB RECIRCULACION,4,26,NO,200,200,0,ancestro_project_exacto_duplicado,282497:200:P10 > P10-EXT-LGC-EXTRACCION > P10-EXT-EXT-M202 > P10-EXT-LGC-BMB RECIRCULACION || 282755:200:P10 > P10-EXT-LGC-EXTRACCION > P10-EXT-EXT-M202 > P10-EXT-LGC-HIDROCICLONES,P10-EXT-EXT-M202,Ancestro Project P10-EXT-EXT-M202 aparece en 2 contenedores.,P10,P10-EXT-LGC-EXTRACCION,P10-EXT-EXT-M202,P10-EXT-LGC-BMB RECIRCULACION,,,,,,,,,,,,,,,,,,,,,,,,,,,hay más de un contenedor candidato
contenedor_duplicado,contenedor_por_ancestro_project,P10-EXT-TNQ-V218,TANQUE DE MISCELA,146,4,146,P10-EXT-EXT-M202,P10-EXT-EXT-M202,P10-EXT-LGC-EXTRACCION > P10-EXT-EXT-M202,P10 > P10-EXT-LGC-EXTRACCION > P10-EXT-EXT-M202,P10 > P10-EXT-LGC-EXTRACCION > P10-EXT-EXT-M202 > P10-EXT-TNQ-V218 TK MISCELA,282497,a027b4da-4e9c-44ad-b607-5fb48d4c7061-00044f81,Roofs,,Genérico - 400 mm,Genérico - 400 mm,,P10 > P10-EXT-LGC-EXTRACCION > P10-EXT-EXT-M202 > P10-EXT-LGC-BMB RECIRCULACION,contenedor_scoring,282497,a027b4da-4e9c-44ad-b607-5fb48d4c7061-00044f81,P10 > P10-EXT-LGC-EXTRACCION > P10-EXT-EXT-M202 > P10-EXT-LGC-BMB RECIRCULACION,4,26,NO,200,200,0,ancestro_project_exacto_duplicado,282497:200:P10 > P10-EXT-LGC-EXTRACCION > P10-EXT-EXT-M202 > P10-EXT-LGC-BMB RECIRCULACION || 282755:200:P10 > P10-EXT-LGC-EXTRACCION > P10-EXT-EXT-M202 > P10-EXT-LGC-HIDROCICLONES,P10-EXT-EXT-M202,Ancestro Project P10-EXT-EXT-M202 aparece en 2 contenedores.,P10,P10-EXT-LGC-EXTRACCION,P10-EXT-EXT-M202,P10-EXT-LGC-BMB RECIRCULACION,,,,,,,,,,,,,,,,,,,,,,,,,,,hay más de un contenedor candidato
contenedor_duplicado,contenedor_por_ancestro_project,P10-EXT-BMB-P218,BOMBA DE MISCELA GORDA P218,147,5,147,P10-EXT-TNQ-V218 TK MISCELA,P10-EXT-TNQ-V218,P10-EXT-LGC-EXTRACCION > P10-EXT-EXT-M202 > P10-EXT-TNQ-V218,P10 > P10-EXT-LGC-EXTRACCION > P10-EXT-EXT-M202 > P10-EXT-TNQ-V218 TK MISCELA,P10 > P10-EXT-LGC-EXTRACCION > P10-EXT-EXT-M202 > P10-EXT-TNQ-V218 TK MISCELA > P10-EXT-BMB-P218,282497,a027b4da-4e9c-44ad-b607-5fb48d4c7061-00044f81,Roofs,,Genérico - 400 mm,Genérico - 400 mm,,P10 > P10-EXT-LGC-EXTRACCION > P10-EXT-EXT-M202 > P10-EXT-LGC-BMB RECIRCULACION,contenedor_scoring,282497,a027b4da-4e9c-44ad-b607-5fb48d4c7061-00044f81,P10 > P10-EXT-LGC-EXTRACCION > P10-EXT-EXT-M202 > P10-EXT-LGC-BMB RECIRCULACION,4,26,NO,200,200,0,ancestro_project_exacto_duplicado,282497:200:P10 > P10-EXT-LGC-EXTRACCION > P10-EXT-EXT-M202 > P10-EXT-LGC-BMB RECIRCULACION || 282755:200:P10 > P10-EXT-LGC-EXTRACCION > P10-EXT-EXT-M202 > P10-EXT-LGC-HIDROCICLONES,P10-EXT-EXT-M202,Ancestro Project P10-EXT-EXT-M202 aparece en 2 contenedores.,P10,P10-EXT-LGC-EXTRACCION,P10-EXT-EXT-M202,P10-EXT-LGC-BMB RECIRCULACION,,,,,,,,,,,,,,,,,,,,,,,,,,,hay más de un contenedor candidato
contenedor_duplicado,contenedor_por_ancestro_project,P10-EXT-VLV-SOV202,VALVULA TOLVA EXTRACTOR,148,4,148,P10-EXT-EXT-M202,P10-EXT-EXT-M202,P10-EXT-LGC-EXTRACCION > P10-EXT-EXT-M202,P10 > P10-EXT-LGC-EXTRACCION > P10-EXT-EXT-M202,P10 > P10-EXT-LGC-EXTRACCION > P10-EXT-EXT-M202 > P10-EXT-VLV-SOV202,282497,a027b4da-4e9c-44ad-b607-5fb48d4c7061-00044f81,Roofs,,Genérico - 400 mm,Genérico - 400 mm,,P10 > P10-EXT-LGC-EXTRACCION > P10-EXT-EXT-M202 > P10-EXT-LGC-BMB RECIRCULACION,contenedor_scoring,282497,a027b4da-4e9c-44ad-b607-5fb48d4c7061-00044f81,P10 > P10-EXT-LGC-EXTRACCION > P10-EXT-EXT-M202 > P10-EXT-LGC-BMB RECIRCULACION,4,26,NO,200,200,0,ancestro_project_exacto_duplicado,282497:200:P10 > P10-EXT-LGC-EXTRACCION > P10-EXT-EXT-M202 > P10-EXT-LGC-BMB RECIRCULACION || 282755:200:P10 > P10-EXT-LGC-EXTRACCION > P10-EXT-EXT-M202 > P10-EXT-LGC-HIDROCICLONES,P10-EXT-EXT-M202,Ancestro Project P10-EXT-EXT-M202 aparece en 2 contenedores.,P10,P10-EXT-LGC-EXTRACCION,P10-EXT-EXT-M202,P10-EXT-LGC-BMB RECIRCULACION,,,,,,,,,,,,,,,,,,,,,,,,,,,hay más de un contenedor candidato
contenedor_duplicado,contenedor_por_ancestro_project,P10-EXT-RDL-DRG249,REDLER DRG249 DESCARGA EXTRACTOR (JOTA),149,3,149,P10-EXT-LGC-EXTRACCION,P10-EXT-LGC-EXTRACCION,P10-EXT-LGC-EXTRACCION,P10 > P10-EXT-LGC-EXTRACCION,P10 > P10-EXT-LGC-EXTRACCION > P10-EXT-RDL-DRG249,282497,a027b4da-4e9c-44ad-b607-5fb48d4c7061-00044f81,Roofs,,Genérico - 400 mm,Genérico - 400 mm,,P10 > P10-EXT-LGC-EXTRACCION > P10-EXT-EXT-M202 > P10-EXT-LGC-BMB RECIRCULACION,contenedor_scoring,282497,a027b4da-4e9c-44ad-b607-5fb48d4c7061-00044f81,P10 > P10-EXT-LGC-EXTRACCION > P10-EXT-EXT-M202 > P10-EXT-LGC-BMB RECIRCULACION,4,26,NO,200,200,0,ancestro_project_exacto_duplicado,282497:200:P10 > P10-EXT-LGC-EXTRACCION > P10-EXT-EXT-M202 > P10-EXT-LGC-BMB RECIRCULACION || 282656:200:P10 > P10-EXT-LGC-EXTRACCION > P10-EXT-TST-DT250 || 282755:200:P10 > P10-EXT-LGC-EXTRACCION > P10-EXT-EXT-M202 > P10-EXT-LGC-HIDROCICLONES || 282804:200:P10 > P10-EXT-LGC-EXTRACCION > P10-EXT-LGC-RECUP GASES || 282896:200:P10 > P10-EXT-LGC-EXTRACCION > P10-EXT-LGC-SOLVENTE || 282969:200:P10 > P10-EXT-LGC-EXTRACCION > P10-EXT-LGC-DESTILACION || 282997:200:P10 > P10-EXT-LGC-EXTRACCION > P10-EXT-LGC-DESGOMADO,P10-EXT-LGC-EXTRACCION,Ancestro Project P10-EXT-LGC-EXTRACCION aparece en 7 contenedores.,P10,P10-EXT-LGC-EXTRACCION,P10-EXT-EXT-M202,P10-EXT-LGC-BMB RECIRCULACION,,,,,,,,,,,,,,,,,,,,,,,,,,,hay más de un contenedor candidato
contenedor_duplicado,contenedor_por_ancestro_project,P10-EXT-ABS-V341,ABSORVEDOR MINERAL P10,195,4,195,P10-EXT-LGC-RECUP GASES,P10-EXT-LGC-RECUP,P10-EXT-LGC-EXTRACCION > P10-EXT-LGC-RECUP,P10 > P10-EXT-LGC-EXTRACCION > P10-EXT-LGC-RECUP GASES,P10 > P10-EXT-LGC-EXTRACCION > P10-EXT-LGC-RECUP GASES > P10-EXT-ABS-V341 ABSORV,282497,a027b4da-4e9c-44ad-b607-5fb48d4c7061-00044f81,Roofs,,Genérico - 400 mm,Genérico - 400 mm,,P10 > P10-EXT-LGC-EXTRACCION > P10-EXT-EXT-M202 > P10-EXT-LGC-BMB RECIRCULACION,contenedor_scoring,282497,a027b4da-4e9c-44ad-b607-5fb48d4c7061-00044f81,P10 > P10-EXT-LGC-EXTRACCION > P10-EXT-EXT-M202 > P10-EXT-LGC-BMB RECIRCULACION,4,26,NO,200,200,0,ancestro_project_exacto_duplicado,282497:200:P10 > P10-EXT-LGC-EXTRACCION > P10-EXT-EXT-M202 > P10-EXT-LGC-BMB RECIRCULACION || 282656:200:P10 > P10-EXT-LGC-EXTRACCION > P10-EXT-TST-DT250 || 282755:200:P10 > P10-EXT-LGC-EXTRACCION > P10-EXT-EXT-M202 > P10-EXT-LGC-HIDROCICLONES || 282804:200:P10 > P10-EXT-LGC-EXTRACCION > P10-EXT-LGC-RECUP GASES || 282896:200:P10 > P10-EXT-LGC-EXTRACCION > P10-EXT-LGC-SOLVENTE || 282969:200:P10 > P10-EXT-LGC-EXTRACCION > P10-EXT-LGC-DESTILACION || 282997:200:P10 > P10-EXT-LGC-EXTRACCION > P10-EXT-LGC-DESGOMADO,P10-EXT-LGC-EXTRACCION,Ancestro Project P10-EXT-LGC-EXTRACCION aparece en 7 contenedores.,P10,P10-EXT-LGC-EXTRACCION,P10-EXT-EXT-M202,P10-EXT-LGC-BMB RECIRCULACION,,,,,,,,,,,,,,,,,,,,,,,,,,,hay más de un contenedor candidato
contenedor_duplicado,contenedor_por_ancestro_project,P10-EXT-BMB-P342,BOMBA DE ACEITE MINERAL,196,4,196,P10-EXT-LGC-RECUP GASES,P10-EXT-LGC-RECUP,P10-EXT-LGC-EXTRACCION > P10-EXT-LGC-RECUP,P10 > P10-EXT-LGC-EXTRACCION > P10-EXT-LGC-RECUP GASES,P10 > P10-EXT-LGC-EXTRACCION > P10-EXT-LGC-RECUP GASES > P10-EXT-BMB-P342,282497,a027b4da-4e9c-44ad-b607-5fb48d4c7061-00044f81,Roofs,,Genérico - 400 mm,Genérico - 400 mm,,P10 > P10-EXT-LGC-EXTRACCION > P10-EXT-EXT-M202 > P10-EXT-LGC-BMB RECIRCULACION,contenedor_scoring,282497,a027b4da-4e9c-44ad-b607-5fb48d4c7061-00044f81,P10 > P10-EXT-LGC-EXTRACCION > P10-EXT-EXT-M202 > P10-EXT-LGC-BMB RECIRCULACION,4,26,NO,200,200,0,ancestro_project_exacto_duplicado,282497:200:P10 > P10-EXT-LGC-EXTRACCION > P10-EXT-EXT-M202 > P10-EXT-LGC-BMB RECIRCULACION || 282656:200:P10 > P10-EXT-LGC-EXTRACCION > P10-EXT-TST-DT250 || 282755:200:P10 > P10-EXT-LGC-EXTRACCION > P10-EXT-EXT-M202 > P10-EXT-LGC-HIDROCICLONES || 282804:200:P10 > P10-EXT-LGC-EXTRACCION > P10-EXT-LGC-RECUP GASES || 282896:200:P10 > P10-EXT-LGC-EXTRACCION > P10-EXT-LGC-SOLVENTE || 282969:200:P10 > P10-EXT-LGC-EXTRACCION > P10-EXT-LGC-DESTILACION || 282997:200:P10 > P10-EXT-LGC-EXTRACCION > P10-EXT-LGC-DESGOMADO,P10-EXT-LGC-EXTRACCION,Ancestro Project P10-EXT-LGC-EXTRACCION aparece en 7 contenedores.,P10,P10-EXT-LGC-EXTRACCION,P10-EXT-EXT-M202,P10-EXT-LGC-BMB RECIRCULACION,,,,,,,,,,,,,,,,,,,,,,,,,,,hay más de un contenedor candidato
contenedor_duplicado,contenedor_por_ancestro_project,P10-EXT-BMB-P346,BOMBA DE ACEITE MINERAL CALIENTE,197,4,197,P10-EXT-LGC-RECUP GASES,P10-EXT-LGC-RECUP,P10-EXT-LGC-EXTRACCION > P10-EXT-LGC-RECUP,P10 > P10-EXT-LGC-EXTRACCION > P10-EXT-LGC-RECUP GASES,P10 > P10-EXT-LGC-EXTRACCION > P10-EXT-LGC-RECUP GASES > P10-EXT-BMB-P346,282497,a027b4da-4e9c-44ad-b607-5fb48d4c7061-00044f81,Roofs,,Genérico - 400 mm,Genérico - 400 mm,,P10 > P10-EXT-LGC-EXTRACCION > P10-EXT-EXT-M202 > P10-EXT-LGC-BMB RECIRCULACION,contenedor_scoring,282497,a027b4da-4e9c-44ad-b607-5fb48d4c7061-00044f81,P10 > P10-EXT-LGC-EXTRACCION > P10-EXT-EXT-M202 > P10-EXT-LGC-BMB RECIRCULACION,4,26,NO,200,200,0,ancestro_project_exacto_duplicado,282497:200:P10 > P10-EXT-LGC-EXTRACCION > P10-EXT-EXT-M202 > P10-EXT-LGC-BMB RECIRCULACION || 282656:200:P10 > P10-EXT-LGC-EXTRACCION > P10-EXT-TST-DT250 || 282755:200:P10 > P10-EXT-LGC-EXTRACCION > P10-EXT-EXT-M202 > P10-EXT-LGC-HIDROCICLONES || 282804:200:P10 > P10-EXT-LGC-EXTRACCION > P10-EXT-LGC-RECUP GASES || 282896:200:P10 > P10-EXT-LGC-EXTRACCION > P10-EXT-LGC-SOLVENTE || 282969:200:P10 > P10-EXT-LGC-EXTRACCION > P10-EXT-LGC-DESTILACION || 282997:200:P10 > P10-EXT-LGC-EXTRACCION > P10-EXT-LGC-DESGOMADO,P10-EXT-LGC-EXTRACCION,Ancestro Project P10-EXT-LGC-EXTRACCION aparece en 7 contenedores.,P10,P10-EXT-LGC-EXTRACCION,P10-EXT-EXT-M202,P10-EXT-LGC-BMB RECIRCULACION,,,,,,,,,,,,,,,,,,,,,,,,,,,hay más de un contenedor candidato
contenedor_duplicado,contenedor_por_ancestro_project,P10-EXT-CLT-HX344,CALENTADOR ACEITE MINERAL P10,198,4,198,P10-EXT-LGC-RECUP GASES,P10-EXT-LGC-RECUP,P10-EXT-LGC-EXTRACCION > P10-EXT-LGC-RECUP,P10 > P10-EXT-LGC-EXTRACCION > P10-EXT-LGC-RECUP GASES,P10 > P10-EXT-LGC-EXTRACCION > P10-EXT-LGC-RECUP GASES > P10-EXT-CLT-HX344 AC MIN,282497,a027b4da-4e9c-44ad-b607-5fb48d4c7061-00044f81,Roofs,,Genérico - 400 mm,Genérico - 400 mm,,P10 > P10-EXT-LGC-EXTRACCION > P10-EXT-EXT-M202 > P10-EXT-LGC-BMB RECIRCULACION,contenedor_scoring,282497,a027b4da-4e9c-44ad-b607-5fb48d4c7061-00044f81,P10 > P10-EXT-LGC-EXTRACCION > P10-EXT-EXT-M202 > P10-EXT-LGC-BMB RECIRCULACION,4,26,NO,200,200,0,ancestro_project_exacto_duplicado,282497:200:P10 > P10-EXT-LGC-EXTRACCION > P10-EXT-EXT-M202 > P10-EXT-LGC-BMB RECIRCULACION || 282656:200:P10 > P10-EXT-LGC-EXTRACCION > P10-EXT-TST-DT250 || 282755:200:P10 > P10-EXT-LGC-EXTRACCION > P10-EXT-EXT-M202 > P10-EXT-LGC-HIDROCICLONES || 282804:200:P10 > P10-EXT-LGC-EXTRACCION > P10-EXT-LGC-RECUP GASES || 282896:200:P10 > P10-EXT-LGC-EXTRACCION > P10-EXT-LGC-SOLVENTE || 282969:200:P10 > P10-EXT-LGC-EXTRACCION > P10-EXT-LGC-DESTILACION || 282997:200:P10 > P10-EXT-LGC-EXTRACCION > P10-EXT-LGC-DESGOMADO,P10-EXT-LGC-EXTRACCION,Ancestro Project P10-EXT-LGC-EXTRACCION aparece en 7 contenedores.,P10,P10-EXT-LGC-EXTRACCION,P10-EXT-EXT-M202,P10-EXT-LGC-BMB RECIRCULACION,,,,,,,,,,,,,,,,,,,,,,,,,,,hay más de un contenedor candidato
contenedor_duplicado,contenedor_por_ancestro_project,P10-EXT-CND-HX340,CONDENSADOR VENTEO P10,199,4,199,P10-EXT-LGC-RECUP GASES,P10-EXT-LGC-RECUP,P10-EXT-LGC-EXTRACCION > P10-EXT-LGC-RECUP,P10 > P10-EXT-LGC-EXTRACCION > P10-EXT-LGC-RECUP GASES,P10 > P10-EXT-LGC-EXTRACCION > P10-EXT-LGC-RECUP GASES > P10-EXT-CND-HX340 VENTEO,282497,a027b4da-4e9c-44ad-b607-5fb48d4c7061-00044f81,Roofs,,Genérico - 400 mm,Genérico - 400 mm,,P10 > P10-EXT-LGC-EXTRACCION > P10-EXT-EXT-M202 > P10-EXT-LGC-BMB RECIRCULACION,contenedor_scoring,282497,a027b4da-4e9c-44ad-b607-5fb48d4c7061-00044f81,P10 > P10-EXT-LGC-EXTRACCION > P10-EXT-EXT-M202 > P10-EXT-LGC-BMB RECIRCULACION,4,26,NO,200,200,0,ancestro_project_exacto_duplicado,282497:200:P10 > P10-EXT-LGC-EXTRACCION > P10-EXT-EXT-M202 > P10-EXT-LGC-BMB RECIRCULACION || 282656:200:P10 > P10-EXT-LGC-EXTRACCION > P10-EXT-TST-DT250 || 282755:200:P10 > P10-EXT-LGC-EXTRACCION > P10-EXT-EXT-M202 > P10-EXT-LGC-HIDROCICLONES || 282804:200:P10 > P10-EXT-LGC-EXTRACCION > P10-EXT-LGC-RECUP GASES || 282896:200:P10 > P10-EXT-LGC-EXTRACCION > P10-EXT-LGC-SOLVENTE || 282969:200:P10 > P10-EXT-LGC-EXTRACCION > P10-EXT-LGC-DESTILACION || 282997:200:P10 > P10-EXT-LGC-EXTRACCION > P10-EXT-LGC-DESGOMADO,P10-EXT-LGC-EXTRACCION,Ancestro Project P10-EXT-LGC-EXTRACCION aparece en 7 contenedores.,P10,P10-EXT-LGC-EXTRACCION,P10-EXT-EXT-M202,P10-EXT-LGC-BMB RECIRCULACION,,,,,,,,,,,,,,,,,,,,,,,,,,,hay más de un contenedor candidato
contenedor_duplicado,contenedor_por_ancestro_project,P10-EXT-ENF-HX347,ENFRIADOR ACEITE MINERAL P10,200,4,200,P10-EXT-LGC-RECUP GASES,P10-EXT-LGC-RECUP,P10-EXT-LGC-EXTRACCION > P10-EXT-LGC-RECUP,P10 > P10-EXT-LGC-EXTRACCION > P10-EXT-LGC-RECUP GASES,P10 > P10-EXT-LGC-EXTRACCION > P10-EXT-LGC-RECUP GASES > P10-EXT-ENF-HX347 AC MIN,282497,a027b4da-4e9c-44ad-b607-5fb48d4c7061-00044f81,Roofs,,Genérico - 400 mm,Genérico - 400 mm,,P10 > P10-EXT-LGC-EXTRACCION > P10-EXT-EXT-M202 > P10-EXT-LGC-BMB RECIRCULACION,contenedor_scoring,282497,a027b4da-4e9c-44ad-b607-5fb48d4c7061-00044f81,P10 > P10-EXT-LGC-EXTRACCION > P10-EXT-EXT-M202 > P10-EXT-LGC-BMB RECIRCULACION,4,26,NO,200,200,0,ancestro_project_exacto_duplicado,282497:200:P10 > P10-EXT-LGC-EXTRACCION > P10-EXT-EXT-M202 > P10-EXT-LGC-BMB RECIRCULACION || 282656:200:P10 > P10-EXT-LGC-EXTRACCION > P10-EXT-TST-DT250 || 282755:200:P10 > P10-EXT-LGC-EXTRACCION > P10-EXT-EXT-M202 > P10-EXT-LGC-HIDROCICLONES || 282804:200:P10 > P10-EXT-LGC-EXTRACCION > P10-EXT-LGC-RECUP GASES || 282896:200:P10 > P10-EXT-LGC-EXTRACCION > P10-EXT-LGC-SOLVENTE || 282969:200:P10 > P10-EXT-LGC-EXTRACCION > P10-EXT-LGC-DESTILACION || 282997:200:P10 > P10-EXT-LGC-EXTRACCION > P10-EXT-LGC-DESGOMADO,P10-EXT-LGC-EXTRACCION,Ancestro Project P10-EXT-LGC-EXTRACCION aparece en 7 contenedores.,P10,P10-EXT-LGC-EXTRACCION,P10-EXT-EXT-M202,P10-EXT-LGC-BMB RECIRCULACION,,,,,,,,,,,,,,,,,,,,,,,,,,,hay más de un contenedor candidato
contenedor_duplicado,contenedor_por_ancestro_project,P10-EXT-INT-HX343,INTERC. ACEITE/ ACEITE MINERAL P10,201,4,201,P10-EXT-LGC-RECUP GASES,P10-EXT-LGC-RECUP,P10-EXT-LGC-EXTRACCION > P10-EXT-LGC-RECUP,P10 > P10-EXT-LGC-EXTRACCION > P10-EXT-LGC-RECUP GASES,P10 > P10-EXT-LGC-EXTRACCION > P10-EXT-LGC-RECUP GASES > P10-EXT-INT-HX343 AC/AC MIN,282497,a027b4da-4e9c-44ad-b607-5fb48d4c7061-00044f81,Roofs,,Genérico - 400 mm,Genérico - 400 mm,,P10 > P10-EXT-LGC-EXTRACCION > P10-EXT-EXT-M202 > P10-EXT-LGC-BMB RECIRCULACION,contenedor_scoring,282497,a027b4da-4e9c-44ad-b607-5fb48d4c7061-00044f81,P10 > P10-EXT-LGC-EXTRACCION > P10-EXT-EXT-M202 > P10-EXT-LGC-BMB RECIRCULACION,4,26,NO,200,200,0,ancestro_project_exacto_duplicado,282497:200:P10 > P10-EXT-LGC-EXTRACCION > P10-EXT-EXT-M202 > P10-EXT-LGC-BMB RECIRCULACION || 282656:200:P10 > P10-EXT-LGC-EXTRACCION > P10-EXT-TST-DT250 || 282755:200:P10 > P10-EXT-LGC-EXTRACCION > P10-EXT-EXT-M202 > P10-EXT-LGC-HIDROCICLONES || 282804:200:P10 > P10-EXT-LGC-EXTRACCION > P10-EXT-LGC-RECUP GASES || 282896:200:P10 > P10-EXT-LGC-EXTRACCION > P10-EXT-LGC-SOLVENTE || 282969:200:P10 > P10-EXT-LGC-EXTRACCION > P10-EXT-LGC-DESTILACION || 282997:200:P10 > P10-EXT-LGC-EXTRACCION > P10-EXT-LGC-DESGOMADO,P10-EXT-LGC-EXTRACCION,Ancestro Project P10-EXT-LGC-EXTRACCION aparece en 7 contenedores.,P10,P10-EXT-LGC-EXTRACCION,P10-EXT-EXT-M202,P10-EXT-LGC-BMB RECIRCULACION,,,,,,,,,,,,,,,,,,,,,,,,,,,hay más de un contenedor candidato
contenedor_duplicado,contenedor_por_ancestro_project,P10-EXT-STR-V345,STRIPER ACEITE MINERAL,202,4,202,P10-EXT-LGC-RECUP GASES,P10-EXT-LGC-RECUP,P10-EXT-LGC-EXTRACCION > P10-EXT-LGC-RECUP,P10 > P10-EXT-LGC-EXTRACCION > P10-EXT-LGC-RECUP GASES,P10 > P10-EXT-LGC-EXTRACCION > P10-EXT-LGC-RECUP GASES > P10-EXT-STR-V345 STRIP MIN,282497,a027b4da-4e9c-44ad-b607-5fb48d4c7061-00044f81,Roofs,,Genérico - 400 mm,Genérico - 400 mm,,P10 > P10-EXT-LGC-EXTRACCION > P10-EXT-EXT-M202 > P10-EXT-LGC-BMB RECIRCULACION,contenedor_scoring,282497,a027b4da-4e9c-44ad-b607-5fb48d4c7061-00044f81,P10 > P10-EXT-LGC-EXTRACCION > P10-EXT-EXT-M202 > P10-EXT-LGC-BMB RECIRCULACION,4,26,NO,200,200,0,ancestro_project_exacto_duplicado,282497:200:P10 > P10-EXT-LGC-EXTRACCION > P10-EXT-EXT-M202 > P10-EXT-LGC-BMB RECIRCULACION || 282656:200:P10 > P10-EXT-LGC-EXTRACCION > P10-EXT-TST-DT250 || 282755:200:P10 > P10-EXT-LGC-EXTRACCION > P10-EXT-EXT-M202 > P10-EXT-LGC-HIDROCICLONES || 282804:200:P10 > P10-EXT-LGC-EXTRACCION > P10-EXT-LGC-RECUP GASES || 282896:200:P10 > P10-EXT-LGC-EXTRACCION > P10-EXT-LGC-SOLVENTE || 282969:200:P10 > P10-EXT-LGC-EXTRACCION > P10-EXT-LGC-DESTILACION || 282997:200:P10 > P10-EXT-LGC-EXTRACCION > P10-EXT-LGC-DESGOMADO,P10-EXT-LGC-EXTRACCION,Ancestro Project P10-EXT-LGC-EXTRACCION aparece en 7 contenedores.,P10,P10-EXT-LGC-EXTRACCION,P10-EXT-EXT-M202,P10-EXT-LGC-BMB RECIRCULACION,,,,,,,,,,,,,,,,,,,,,,,,,,,hay más de un contenedor candidato
contenedor_duplicado,contenedor_por_ancestro_project,P10-EXT-VNT-P348,VENTILADOR DE GASES,203,4,203,P10-EXT-LGC-RECUP GASES,P10-EXT-LGC-RECUP,P10-EXT-LGC-EXTRACCION > P10-EXT-LGC-RECUP,P10 > P10-EXT-LGC-EXTRACCION > P10-EXT-LGC-RECUP GASES,P10 > P10-EXT-LGC-EXTRACCION > P10-EXT-LGC-RECUP GASES > P10-EXT-VNT-P348,282497,a027b4da-4e9c-44ad-b607-5fb48d4c7061-00044f81,Roofs,,Genérico - 400 mm,Genérico - 400 mm,,P10 > P10-EXT-LGC-EXTRACCION > P10-EXT-EXT-M202 > P10-EXT-LGC-BMB RECIRCULACION,contenedor_scoring,282497,a027b4da-4e9c-44ad-b607-5fb48d4c7061-00044f81,P10 > P10-EXT-LGC-EXTRACCION > P10-EXT-EXT-M202 > P10-EXT-LGC-BMB RECIRCULACION,4,26,NO,200,200,0,ancestro_project_exacto_duplicado,282497:200:P10 > P10-EXT-LGC-EXTRACCION > P10-EXT-EXT-M202 > P10-EXT-LGC-BMB RECIRCULACION || 282656:200:P10 > P10-EXT-LGC-EXTRACCION > P10-EXT-TST-DT250 || 282755:200:P10 > P10-EXT-LGC-EXTRACCION > P10-EXT-EXT-M202 > P10-EXT-LGC-HIDROCICLONES || 282804:200:P10 > P10-EXT-LGC-EXTRACCION > P10-EXT-LGC-RECUP GASES || 282896:200:P10 > P10-EXT-LGC-EXTRACCION > P10-EXT-LGC-SOLVENTE || 282969:200:P10 > P10-EXT-LGC-EXTRACCION > P10-EXT-LGC-DESTILACION || 282997:200:P10 > P10-EXT-LGC-EXTRACCION > P10-EXT-LGC-DESGOMADO,P10-EXT-LGC-EXTRACCION,Ancestro Project P10-EXT-LGC-EXTRACCION aparece en 7 contenedores.,P10,P10-EXT-LGC-EXTRACCION,P10-EXT-EXT-M202,P10-EXT-LGC-BMB RECIRCULACION,,,,,,,,,,,,,,,,,,,,,,,,,,,hay más de un contenedor candidato
contenedor_duplicado,contenedor_por_ancestro_project,P10-EXT-SPR-SEPGOT,SEPARADOR DE GOTAS EXTRACCION P10,221,3,221,P10-EXT-LGC-EXTRACCION,P10-EXT-LGC-EXTRACCION,P10-EXT-LGC-EXTRACCION,P10 > P10-EXT-LGC-EXTRACCION,P10 > P10-EXT-LGC-EXTRACCION > P10-EXT-SPR-SEPGOT,282497,a027b4da-4e9c-44ad-b607-5fb48d4c7061-00044f81,Roofs,,Genérico - 400 mm,Genérico - 400 mm,,P10 > P10-EXT-LGC-EXTRACCION > P10-EXT-EXT-M202 > P10-EXT-LGC-BMB RECIRCULACION,contenedor_scoring,282497,a027b4da-4e9c-44ad-b607-5fb48d4c7061-00044f81,P10 > P10-EXT-LGC-EXTRACCION > P10-EXT-EXT-M202 > P10-EXT-LGC-BMB RECIRCULACION,4,26,NO,200,200,0,ancestro_project_exacto_duplicado,282497:200:P10 > P10-EXT-LGC-EXTRACCION > P10-EXT-EXT-M202 > P10-EXT-LGC-BMB RECIRCULACION || 282656:200:P10 > P10-EXT-LGC-EXTRACCION > P10-EXT-TST-DT250 || 282755:200:P10 > P10-EXT-LGC-EXTRACCION > P10-EXT-EXT-M202 > P10-EXT-LGC-HIDROCICLONES || 282804:200:P10 > P10-EXT-LGC-EXTRACCION > P10-EXT-LGC-RECUP GASES || 282896:200:P10 > P10-EXT-LGC-EXTRACCION > P10-EXT-LGC-SOLVENTE || 282969:200:P10 > P10-EXT-LGC-EXTRACCION > P10-EXT-LGC-DESTILACION || 282997:200:P10 > P10-EXT-LGC-EXTRACCION > P10-EXT-LGC-DESGOMADO,P10-EXT-LGC-EXTRACCION,Ancestro Project P10-EXT-LGC-EXTRACCION aparece en 7 contenedores.,P10,P10-EXT-LGC-EXTRACCION,P10-EXT-EXT-M202,P10-EXT-LGC-BMB RECIRCULACION,,,,,,,,,,,,,,,,,,,,,,,,,,,hay más de un contenedor candidato
contenedor_duplicado,contenedor_por_ancestro_project,P10-EXT-SIS-DILUVIO,SISTEMA DILUVIO DE PLANTA DE EXTRACCION,222,3,222,P10-EXT-LGC-EXTRACCION,P10-EXT-LGC-EXTRACCION,P10-EXT-LGC-EXTRACCION,P10 > P10-EXT-LGC-EXTRACCION,P10 > P10-EXT-LGC-EXTRACCION > P10-EXT-SIS-DILUVIO,282497,a027b4da-4e9c-44ad-b607-5fb48d4c7061-00044f81,Roofs,,Genérico - 400 mm,Genérico - 400 mm,,P10 > P10-EXT-LGC-EXTRACCION > P10-EXT-EXT-M202 > P10-EXT-LGC-BMB RECIRCULACION,contenedor_scoring,282497,a027b4da-4e9c-44ad-b607-5fb48d4c7061-00044f81,P10 > P10-EXT-LGC-EXTRACCION > P10-EXT-EXT-M202 > P10-EXT-LGC-BMB RECIRCULACION,4,26,NO,200,200,0,ancestro_project_exacto_duplicado,282497:200:P10 > P10-EXT-LGC-EXTRACCION > P10-EXT-EXT-M202 > P10-EXT-LGC-BMB RECIRCULACION || 282656:200:P10 > P10-EXT-LGC-EXTRACCION > P10-EXT-TST-DT250 || 282755:200:P10 > P10-EXT-LGC-EXTRACCION > P10-EXT-EXT-M202 > P10-EXT-LGC-HIDROCICLONES || 282804:200:P10 > P10-EXT-LGC-EXTRACCION > P10-EXT-LGC-RECUP GASES || 282896:200:P10 > P10-EXT-LGC-EXTRACCION > P10-EXT-LGC-SOLVENTE || 282969:200:P10 > P10-EXT-LGC-EXTRACCION > P10-EXT-LGC-DESTILACION || 282997:200:P10 > P10-EXT-LGC-EXTRACCION > P10-EXT-LGC-DESGOMADO,P10-EXT-LGC-EXTRACCION,Ancestro Project P10-EXT-LGC-EXTRACCION aparece en 7 contenedores.,P10,P10-EXT-LGC-EXTRACCION,P10-EXT-EXT-M202,P10-EXT-LGC-BMB RECIRCULACION,,,,,,,,,,,,,,,,,,,,,,,,,,,hay más de un contenedor candidato
contenedor_duplicado,contenedor_por_ancestro_project,P10-EXT-VLV-VD01,VALVULA A DIAFRAGMA DE DILUVIO VD01 (DE NORTE A SUR),223,4,223,P10-EXT-SIS-DILUVIO,P10-EXT-SIS-DILUVIO,P10-EXT-LGC-EXTRACCION > P10-EXT-SIS-DILUVIO,P10 > P10-EXT-LGC-EXTRACCION > P10-EXT-SIS-DILUVIO,P10 > P10-EXT-LGC-EXTRACCION > P10-EXT-SIS-DILUVIO > P10-EXT-VLV-VD01,282497,a027b4da-4e9c-44ad-b607-5fb48d4c7061-00044f81,Roofs,,Genérico - 400 mm,Genérico - 400 mm,,P10 > P10-EXT-LGC-EXTRACCION > P10-EXT-EXT-M202 > P10-EXT-LGC-BMB RECIRCULACION,contenedor_scoring,282497,a027b4da-4e9c-44ad-b607-5fb48d4c7061-00044f81,P10 > P10-EXT-LGC-EXTRACCION > P10-EXT-EXT-M202 > P10-EXT-LGC-BMB RECIRCULACION,4,26,NO,200,200,0,ancestro_project_exacto_duplicado,282497:200:P10 > P10-EXT-LGC-EXTRACCION > P10-EXT-EXT-M202 > P10-EXT-LGC-BMB RECIRCULACION || 282656:200:P10 > P10-EXT-LGC-EXTRACCION > P10-EXT-TST-DT250 || 282755:200:P10 > P10-EXT-LGC-EXTRACCION > P10-EXT-EXT-M202 > P10-EXT-LGC-HIDROCICLONES || 282804:200:P10 > P10-EXT-LGC-EXTRACCION > P10-EXT-LGC-RECUP GASES || 282896:200:P10 > P10-EXT-LGC-EXTRACCION > P10-EXT-LGC-SOLVENTE || 282969:200:P10 > P10-EXT-LGC-EXTRACCION > P10-EXT-LGC-DESTILACION || 282997:200:P10 > P10-EXT-LGC-EXTRACCION > P10-EXT-LGC-DESGOMADO,P10-EXT-LGC-EXTRACCION,Ancestro Project P10-EXT-LGC-EXTRACCION aparece en 7 contenedores.,P10,P10-EXT-LGC-EXTRACCION,P10-EXT-EXT-M202,P10-EXT-LGC-BMB RECIRCULACION,,,,,,,,,,,,,,,,,,,,,,,,,,,hay más de un contenedor candidato
contenedor_duplicado,contenedor_por_ancestro_project,P10-EXT-VLV-VD02,VALVULA A DIAFRAGMA DE DILUVIO VD02 (DE NORTE A SUR),224,4,224,P10-EXT-SIS-DILUVIO,P10-EXT-SIS-DILUVIO,P10-EXT-LGC-EXTRACCION > P10-EXT-SIS-DILUVIO,P10 > P10-EXT-LGC-EXTRACCION > P10-EXT-SIS-DILUVIO,P10 > P10-EXT-LGC-EXTRACCION > P10-EXT-SIS-DILUVIO > P10-EXT-VLV-VD02,282497,a027b4da-4e9c-44ad-b607-5fb48d4c7061-00044f81,Roofs,,Genérico - 400 mm,Genérico - 400 mm,,P10 > P10-EXT-LGC-EXTRACCION > P10-EXT-EXT-M202 > P10-EXT-LGC-BMB RECIRCULACION,contenedor_scoring,282497,a027b4da-4e9c-44ad-b607-5fb48d4c7061-00044f81,P10 > P10-EXT-LGC-EXTRACCION > P10-EXT-EXT-M202 > P10-EXT-LGC-BMB RECIRCULACION,4,26,NO,200,200,0,ancestro_project_exacto_duplicado,282497:200:P10 > P10-EXT-LGC-EXTRACCION > P10-EXT-EXT-M202 > P10-EXT-LGC-BMB RECIRCULACION || 282656:200:P10 > P10-EXT-LGC-EXTRACCION > P10-EXT-TST-DT250 || 282755:200:P10 > P10-EXT-LGC-EXTRACCION > P10-EXT-EXT-M202 > P10-EXT-LGC-HIDROCICLONES || 282804:200:P10 > P10-EXT-LGC-EXTRACCION > P10-EXT-LGC-RECUP GASES || 282896:200:P10 > P10-EXT-LGC-EXTRACCION > P10-EXT-LGC-SOLVENTE || 282969:200:P10 > P10-EXT-LGC-EXTRACCION > P10-EXT-LGC-DESTILACION || 282997:200:P10 > P10-EXT-LGC-EXTRACCION > P10-EXT-LGC-DESGOMADO,P10-EXT-LGC-EXTRACCION,Ancestro Project P10-EXT-LGC-EXTRACCION aparece en 7 contenedores.,P10,P10-EXT-LGC-EXTRACCION,P10-EXT-EXT-M202,P10-EXT-LGC-BMB RECIRCULACION,,,,,,,,,,,,,,,,,,,,,,,,,,,hay más de un contenedor candidato
contenedor_duplicado,contenedor_por_ancestro_project,P10-EXT-VLV-VD03,VALVULA A DIAFRAGMA DE DILUVIO VD03 (DE NORTE A SUR),225,4,225,P10-EXT-SIS-DILUVIO,P10-EXT-SIS-DILUVIO,P10-EXT-LGC-EXTRACCION > P10-EXT-SIS-DILUVIO,P10 > P10-EXT-LGC-EXTRACCION > P10-EXT-SIS-DILUVIO,P10 > P10-EXT-LGC-EXTRACCION > P10-EXT-SIS-DILUVIO > P10-EXT-VLV-VD03,282497,a027b4da-4e9c-44ad-b607-5fb48d4c7061-00044f81,Roofs,,Genérico - 400 mm,Genérico - 400 mm,,P10 > P10-EXT-LGC-EXTRACCION > P10-EXT-EXT-M202 > P10-EXT-LGC-BMB RECIRCULACION,contenedor_scoring,282497,a027b4da-4e9c-44ad-b607-5fb48d4c7061-00044f81,P10 > P10-EXT-LGC-EXTRACCION > P10-EXT-EXT-M202 > P10-EXT-LGC-BMB RECIRCULACION,4,26,NO,200,200,0,ancestro_project_exacto_duplicado,282497:200:P10 > P10-EXT-LGC-EXTRACCION > P10-EXT-EXT-M202 > P10-EXT-LGC-BMB RECIRCULACION || 282656:200:P10 > P10-EXT-LGC-EXTRACCION > P10-EXT-TST-DT250 || 282755:200:P10 > P10-EXT-LGC-EXTRACCION > P10-EXT-EXT-M202 > P10-EXT-LGC-HIDROCICLONES || 282804:200:P10 > P10-EXT-LGC-EXTRACCION > P10-EXT-LGC-RECUP GASES || 282896:200:P10 > P10-EXT-LGC-EXTRACCION > P10-EXT-LGC-SOLVENTE || 282969:200:P10 > P10-EXT-LGC-EXTRACCION > P10-EXT-LGC-DESTILACION || 282997:200:P10 > P10-EXT-LGC-EXTRACCION > P10-EXT-LGC-DESGOMADO,P10-EXT-LGC-EXTRACCION,Ancestro Project P10-EXT-LGC-EXTRACCION aparece en 7 contenedores.,P10,P10-EXT-LGC-EXTRACCION,P10-EXT-EXT-M202,P10-EXT-LGC-BMB RECIRCULACION,,,,,,,,,,,,,,,,,,,,,,,,,,,hay más de un contenedor candidato
contenedor_duplicado,contenedor_por_ancestro_project,P10-EXT-VLV-VD04,VALVULA A DIAFRAGMA DE DILUVIO VD04 (DE NORTE A SUR),226,4,226,P10-EXT-SIS-DILUVIO,P10-EXT-SIS-DILUVIO,P10-EXT-LGC-EXTRACCION > P10-EXT-SIS-DILUVIO,P10 > P10-EXT-LGC-EXTRACCION > P10-EXT-SIS-DILUVIO,P10 > P10-EXT-LGC-EXTRACCION > P10-EXT-SIS-DILUVIO > P10-EXT-VLV-VD04,282497,a027b4da-4e9c-44ad-b607-5fb48d4c7061-00044f81,Roofs,,Genérico - 400 mm,Genérico - 400 mm,,P10 > P10-EXT-LGC-EXTRACCION > P10-EXT-EXT-M202 > P10-EXT-LGC-BMB RECIRCULACION,contenedor_scoring,282497,a027b4da-4e9c-44ad-b607-5fb48d4c7061-00044f81,P10 > P10-EXT-LGC-EXTRACCION > P10-EXT-EXT-M202 > P10-EXT-LGC-BMB RECIRCULACION,4,26,NO,200,200,0,ancestro_project_exacto_duplicado,282497:200:P10 > P10-EXT-LGC-EXTRACCION > P10-EXT-EXT-M202 > P10-EXT-LGC-BMB RECIRCULACION || 282656:200:P10 > P10-EXT-LGC-EXTRACCION > P10-EXT-TST-DT250 || 282755:200:P10 > P10-EXT-LGC-EXTRACCION > P10-EXT-EXT-M202 > P10-EXT-LGC-HIDROCICLONES || 282804:200:P10 > P10-EXT-LGC-EXTRACCION > P10-EXT-LGC-RECUP GASES || 282896:200:P10 > P10-EXT-LGC-EXTRACCION > P10-EXT-LGC-SOLVENTE || 282969:200:P10 > P10-EXT-LGC-EXTRACCION > P10-EXT-LGC-DESTILACION || 282997:200:P10 > P10-EXT-LGC-EXTRACCION > P10-EXT-LGC-DESGOMADO,P10-EXT-LGC-EXTRACCION,Ancestro Project P10-EXT-LGC-EXTRACCION aparece en 7 contenedores.,P10,P10-EXT-LGC-EXTRACCION,P10-EXT-EXT-M202,P10-EXT-LGC-BMB RECIRCULACION,,,,,,,,,,,,,,,,,,,,,,,,,,,hay más de un contenedor candidato
contenedor_duplicado,contenedor_por_ancestro_project,P10-EXT-SIS-LUBCENTRAL,SISTEMA LUBRICACION CENTRALIZADA EXTRACCION,227,3,227,P10-EXT-LGC-EXTRACCION,P10-EXT-LGC-EXTRACCION,P10-EXT-LGC-EXTRACCION,P10 > P10-EXT-LGC-EXTRACCION,P10 > P10-EXT-LGC-EXTRACCION > P10-EXT-SIS-LUBCENTRAL,282497,a027b4da-4e9c-44ad-b607-5fb48d4c7061-00044f81,Roofs,,Genérico - 400 mm,Genérico - 400 mm,,P10 > P10-EXT-LGC-EXTRACCION > P10-EXT-EXT-M202 > P10-EXT-LGC-BMB RECIRCULACION,contenedor_scoring,282497,a027b4da-4e9c-44ad-b607-5fb48d4c7061-00044f81,P10 > P10-EXT-LGC-EXTRACCION > P10-EXT-EXT-M202 > P10-EXT-LGC-BMB RECIRCULACION,4,26,NO,200,200,0,ancestro_project_exacto_duplicado,282497:200:P10 > P10-EXT-LGC-EXTRACCION > P10-EXT-EXT-M202 > P10-EXT-LGC-BMB RECIRCULACION || 282656:200:P10 > P10-EXT-LGC-EXTRACCION > P10-EXT-TST-DT250 || 282755:200:P10 > P10-EXT-LGC-EXTRACCION > P10-EXT-EXT-M202 > P10-EXT-LGC-HIDROCICLONES || 282804:200:P10 > P10-EXT-LGC-EXTRACCION > P10-EXT-LGC-RECUP GASES || 282896:200:P10 > P10-EXT-LGC-EXTRACCION > P10-EXT-LGC-SOLVENTE || 282969:200:P10 > P10-EXT-LGC-EXTRACCION > P10-EXT-LGC-DESTILACION || 282997:200:P10 > P10-EXT-LGC-EXTRACCION > P10-EXT-LGC-DESGOMADO,P10-EXT-LGC-EXTRACCION,Ancestro Project P10-EXT-LGC-EXTRACCION aparece en 7 contenedores.,P10,P10-EXT-LGC-EXTRACCION,P10-EXT-EXT-M202,P10-EXT-LGC-BMB RECIRCULACION,,,,,,,,,,,,,,,,,,,,,,,,,,,hay más de un contenedor candidato
contenedor_duplicado,contenedor_por_ancestro_project,P10-EXT-VLV-V3110,VALVULA PRESION/VACÍO DEL TK ENTERRADO (PROTEC TO SEAL) MODELO 836C (SETEO +/- 7 PULG CA),229,4,229,P10-EXT-TNQ-V351 TK ENT SOLV,P10-EXT-TNQ-V351,P10-EXT-LGC-EXTRACCION > P10-EXT-TNQ-V351,P10 > P10-EXT-LGC-EXTRACCION > P10-EXT-TNQ-V351 TK ENT SOLV,P10 > P10-EXT-LGC-EXTRACCION > P10-EXT-TNQ-V351 TK ENT SOLV > P10-EXT-VLV-V3110,282497,a027b4da-4e9c-44ad-b607-5fb48d4c7061-00044f81,Roofs,,Genérico - 400 mm,Genérico - 400 mm,,P10 > P10-EXT-LGC-EXTRACCION > P10-EXT-EXT-M202 > P10-EXT-LGC-BMB RECIRCULACION,contenedor_scoring,282497,a027b4da-4e9c-44ad-b607-5fb48d4c7061-00044f81,P10 > P10-EXT-LGC-EXTRACCION > P10-EXT-EXT-M202 > P10-EXT-LGC-BMB RECIRCULACION,4,26,NO,200,200,0,ancestro_project_exacto_duplicado,282497:200:P10 > P10-EXT-LGC-EXTRACCION > P10-EXT-EXT-M202 > P10-EXT-LGC-BMB RECIRCULACION || 282656:200:P10 > P10-EXT-LGC-EXTRACCION > P10-EXT-TST-DT250 || 282755:200:P10 > P10-EXT-LGC-EXTRACCION > P10-EXT-EXT-M202 > P10-EXT-LGC-HIDROCICLONES || 282804:200:P10 > P10-EXT-LGC-EXTRACCION > P10-EXT-LGC-RECUP GASES || 282896:200:P10 > P10-EXT-LGC-EXTRACCION > P10-EXT-LGC-SOLVENTE || 282969:200:P10 > P10-EXT-LGC-EXTRACCION > P10-EXT-LGC-DESTILACION || 282997:200:P10 > P10-EXT-LGC-EXTRACCION > P10-EXT-LGC-DESGOMADO,P10-EXT-LGC-EXTRACCION,Ancestro Project P10-EXT-LGC-EXTRACCION aparece en 7 contenedores.,P10,P10-EXT-LGC-EXTRACCION,P10-EXT-EXT-M202,P10-EXT-LGC-BMB RECIRCULACION,,,,,,,,,,,,,,,,,,,,,,,,,,,hay más de un contenedor candidato
contenedor_duplicado,contenedor_por_ancestro_project,P10-EXT-TRM-TRAMPASOLV,TRAMPA SOLVENTE P10,257,3,257,P10-EXT-LGC-EXTRACCION,P10-EXT-LGC-EXTRACCION,P10-EXT-LGC-EXTRACCION,P10 > P10-EXT-LGC-EXTRACCION,P10 > P10-EXT-LGC-EXTRACCION > P10-EXT-TRM-TRAMPASOLV,282497,a027b4da-4e9c-44ad-b607-5fb48d4c7061-00044f81,Roofs,,Genérico - 400 mm,Genérico - 400 mm,,P10 > P10-EXT-LGC-EXTRACCION > P10-EXT-EXT-M202 > P10-EXT-LGC-BMB RECIRCULACION,contenedor_scoring,282497,a027b4da-4e9c-44ad-b607-5fb48d4c7061-00044f81,P10 > P10-EXT-LGC-EXTRACCION > P10-EXT-EXT-M202 > P10-EXT-LGC-BMB RECIRCULACION,4,26,NO,200,200,0,ancestro_project_exacto_duplicado,282497:200:P10 > P10-EXT-LGC-EXTRACCION > P10-EXT-EXT-M202 > P10-EXT-LGC-BMB RECIRCULACION || 282656:200:P10 > P10-EXT-LGC-EXTRACCION > P10-EXT-TST-DT250 || 282755:200:P10 > P10-EXT-LGC-EXTRACCION > P10-EXT-EXT-M202 > P10-EXT-LGC-HIDROCICLONES || 282804:200:P10 > P10-EXT-LGC-EXTRACCION > P10-EXT-LGC-RECUP GASES || 282896:200:P10 > P10-EXT-LGC-EXTRACCION > P10-EXT-LGC-SOLVENTE || 282969:200:P10 > P10-EXT-LGC-EXTRACCION > P10-EXT-LGC-DESTILACION || 282997:200:P10 > P10-EXT-LGC-EXTRACCION > P10-EXT-LGC-DESGOMADO,P10-EXT-LGC-EXTRACCION,Ancestro Project P10-EXT-LGC-EXTRACCION aparece en 7 contenedores.,P10,P10-EXT-LGC-EXTRACCION,P10-EXT-EXT-M202,P10-EXT-LGC-BMB RECIRCULACION,,,,,,,,,,,,,,,,,,,,,,,,,,,hay más de un contenedor candidato
contenedor_duplicado,contenedor_por_ancestro_project,P10-EXT-BMB-BOEFL01,BOMBA DE EFLUENTES 1 (EN TRAMPA SOLV.) LADO ESTE,258,4,258,P10-EXT-TRM-TRAMPASOLV,P10-EXT-TRM-TRAMPASOLV,P10-EXT-LGC-EXTRACCION > P10-EXT-TRM-TRAMPASOLV,P10 > P10-EXT-LGC-EXTRACCION > P10-EXT-TRM-TRAMPASOLV,P10 > P10-EXT-LGC-EXTRACCION > P10-EXT-TRM-TRAMPASOLV > P10-EXT-BMB-BOEFL01,282497,a027b4da-4e9c-44ad-b607-5fb48d4c7061-00044f81,Roofs,,Genérico - 400 mm,Genérico - 400 mm,,P10 > P10-EXT-LGC-EXTRACCION > P10-EXT-EXT-M202 > P10-EXT-LGC-BMB RECIRCULACION,contenedor_scoring,282497,a027b4da-4e9c-44ad-b607-5fb48d4c7061-00044f81,P10 > P10-EXT-LGC-EXTRACCION > P10-EXT-EXT-M202 > P10-EXT-LGC-BMB RECIRCULACION,4,26,NO,200,200,0,ancestro_project_exacto_duplicado,282497:200:P10 > P10-EXT-LGC-EXTRACCION > P10-EXT-EXT-M202 > P10-EXT-LGC-BMB RECIRCULACION || 282656:200:P10 > P10-EXT-LGC-EXTRACCION > P10-EXT-TST-DT250 || 282755:200:P10 > P10-EXT-LGC-EXTRACCION > P10-EXT-EXT-M202 > P10-EXT-LGC-HIDROCICLONES || 282804:200:P10 > P10-EXT-LGC-EXTRACCION > P10-EXT-LGC-RECUP GASES || 282896:200:P10 > P10-EXT-LGC-EXTRACCION > P10-EXT-LGC-SOLVENTE || 282969:200:P10 > P10-EXT-LGC-EXTRACCION > P10-EXT-LGC-DESTILACION || 282997:200:P10 > P10-EXT-LGC-EXTRACCION > P10-EXT-LGC-DESGOMADO,P10-EXT-LGC-EXTRACCION,Ancestro Project P10-EXT-LGC-EXTRACCION aparece en 7 contenedores.,P10,P10-EXT-LGC-EXTRACCION,P10-EXT-EXT-M202,P10-EXT-LGC-BMB RECIRCULACION,,,,,,,,,,,,,,,,,,,,,,,,,,,hay más de un contenedor candidato
contenedor_duplicado,contenedor_por_ancestro_project,P10-EXT-BMB-BOEFL02,BOMBA DE EFLUENTES 2 (EN TRAMPA SOLV.) LADO ESTE,259,4,259,P10-EXT-TRM-TRAMPASOLV,P10-EXT-TRM-TRAMPASOLV,P10-EXT-LGC-EXTRACCION > P10-EXT-TRM-TRAMPASOLV,P10 > P10-EXT-LGC-EXTRACCION > P10-EXT-TRM-TRAMPASOLV,P10 > P10-EXT-LGC-EXTRACCION > P10-EXT-TRM-TRAMPASOLV > P10-EXT-BMB-BOEFL02,282497,a027b4da-4e9c-44ad-b607-5fb48d4c7061-00044f81,Roofs,,Genérico - 400 mm,Genérico - 400 mm,,P10 > P10-EXT-LGC-EXTRACCION > P10-EXT-EXT-M202 > P10-EXT-LGC-BMB RECIRCULACION,contenedor_scoring,282497,a027b4da-4e9c-44ad-b607-5fb48d4c7061-00044f81,P10 > P10-EXT-LGC-EXTRACCION > P10-EXT-EXT-M202 > P10-EXT-LGC-BMB RECIRCULACION,4,26,NO,200,200,0,ancestro_project_exacto_duplicado,282497:200:P10 > P10-EXT-LGC-EXTRACCION > P10-EXT-EXT-M202 > P10-EXT-LGC-BMB RECIRCULACION || 282656:200:P10 > P10-EXT-LGC-EXTRACCION > P10-EXT-TST-DT250 || 282755:200:P10 > P10-EXT-LGC-EXTRACCION > P10-EXT-EXT-M202 > P10-EXT-LGC-HIDROCICLONES || 282804:200:P10 > P10-EXT-LGC-EXTRACCION > P10-EXT-LGC-RECUP GASES || 282896:200:P10 > P10-EXT-LGC-EXTRACCION > P10-EXT-LGC-SOLVENTE || 282969:200:P10 > P10-EXT-LGC-EXTRACCION > P10-EXT-LGC-DESTILACION || 282997:200:P10 > P10-EXT-LGC-EXTRACCION > P10-EXT-LGC-DESGOMADO,P10-EXT-LGC-EXTRACCION,Ancestro Project P10-EXT-LGC-EXTRACCION aparece en 7 contenedores.,P10,P10-EXT-LGC-EXTRACCION,P10-EXT-EXT-M202,P10-EXT-LGC-BMB RECIRCULACION,,,,,,,,,,,,,,,,,,,,,,,,,,,hay más de un contenedor candidato
contenedor_duplicado,contenedor_por_ancestro_project,P10-EXT-BMB-WILDEN,BOMBA NEUMATICA WILDEN TRAMPA DE SOLVENTE,260,4,260,P10-EXT-TRM-TRAMPASOLV,P10-EXT-TRM-TRAMPASOLV,P10-EXT-LGC-EXTRACCION > P10-EXT-TRM-TRAMPASOLV,P10 > P10-EXT-LGC-EXTRACCION > P10-EXT-TRM-TRAMPASOLV,P10 > P10-EXT-LGC-EXTRACCION > P10-EXT-TRM-TRAMPASOLV > P10-EXT-BMB-WILDEN,282497,a027b4da-4e9c-44ad-b607-5fb48d4c7061-00044f81,Roofs,,Genérico - 400 mm,Genérico - 400 mm,,P10 > P10-EXT-LGC-EXTRACCION > P10-EXT-EXT-M202 > P10-EXT-LGC-BMB RECIRCULACION,contenedor_scoring,282497,a027b4da-4e9c-44ad-b607-5fb48d4c7061-00044f81,P10 > P10-EXT-LGC-EXTRACCION > P10-EXT-EXT-M202 > P10-EXT-LGC-BMB RECIRCULACION,4,26,NO,200,200,0,ancestro_project_exacto_duplicado,282497:200:P10 > P10-EXT-LGC-EXTRACCION > P10-EXT-EXT-M202 > P10-EXT-LGC-BMB RECIRCULACION || 282656:200:P10 > P10-EXT-LGC-EXTRACCION > P10-EXT-TST-DT250 || 282755:200:P10 > P10-EXT-LGC-EXTRACCION > P10-EXT-EXT-M202 > P10-EXT-LGC-HIDROCICLONES || 282804:200:P10 > P10-EXT-LGC-EXTRACCION > P10-EXT-LGC-RECUP GASES || 282896:200:P10 > P10-EXT-LGC-EXTRACCION > P10-EXT-LGC-SOLVENTE || 282969:200:P10 > P10-EXT-LGC-EXTRACCION > P10-EXT-LGC-DESTILACION || 282997:200:P10 > P10-EXT-LGC-EXTRACCION > P10-EXT-LGC-DESGOMADO,P10-EXT-LGC-EXTRACCION,Ancestro Project P10-EXT-LGC-EXTRACCION aparece en 7 contenedores.,P10,P10-EXT-LGC-EXTRACCION,P10-EXT-EXT-M202,P10-EXT-LGC-BMB RECIRCULACION,,,,,,,,,,,,,,,,,,,,,,,,,,,hay más de un contenedor candidato
contenedor_duplicado,contenedor_por_ancestro_project,P10-EXT-BMB-P203,BOMBA RECUPERO ACETEITE,261,4,261,P10-EXT-TRM-TRAMPASOLV,P10-EXT-TRM-TRAMPASOLV,P10-EXT-LGC-EXTRACCION > P10-EXT-TRM-TRAMPASOLV,P10 > P10-EXT-LGC-EXTRACCION > P10-EXT-TRM-TRAMPASOLV,P10 > P10-EXT-LGC-EXTRACCION > P10-EXT-TRM-TRAMPASOLV > P10-EXT-BMB-P203,282497,a027b4da-4e9c-44ad-b607-5fb48d4c7061-00044f81,Roofs,,Genérico - 400 mm,Genérico - 400 mm,,P10 > P10-EXT-LGC-EXTRACCION > P10-EXT-EXT-M202 > P10-EXT-LGC-BMB RECIRCULACION,contenedor_scoring,282497,a027b4da-4e9c-44ad-b607-5fb48d4c7061-00044f81,P10 > P10-EXT-LGC-EXTRACCION > P10-EXT-EXT-M202 > P10-EXT-LGC-BMB RECIRCULACION,4,26,NO,200,200,0,ancestro_project_exacto_duplicado,282497:200:P10 > P10-EXT-LGC-EXTRACCION > P10-EXT-EXT-M202 > P10-EXT-LGC-BMB RECIRCULACION || 282656:200:P10 > P10-EXT-LGC-EXTRACCION > P10-EXT-TST-DT250 || 282755:200:P10 > P10-EXT-LGC-EXTRACCION > P10-EXT-EXT-M202 > P10-EXT-LGC-HIDROCICLONES || 282804:200:P10 > P10-EXT-LGC-EXTRACCION > P10-EXT-LGC-RECUP GASES || 282896:200:P10 > P10-EXT-LGC-EXTRACCION > P10-EXT-LGC-SOLVENTE || 282969:200:P10 > P10-EXT-LGC-EXTRACCION > P10-EXT-LGC-DESTILACION || 282997:200:P10 > P10-EXT-LGC-EXTRACCION > P10-EXT-LGC-DESGOMADO,P10-EXT-LGC-EXTRACCION,Ancestro Project P10-EXT-LGC-EXTRACCION aparece en 7 contenedores.,P10,P10-EXT-LGC-EXTRACCION,P10-EXT-EXT-M202,P10-EXT-LGC-BMB RECIRCULACION,,,,,,,,,,,,,,,,,,,,,,,,,,,hay más de un contenedor candidato
duplicado,elemento_puntual,P10-HRN-LGC-HARINA,SECTOR HARINA P10,262,2,262,P10,,,P10,P10 > P10-HRN-LGC-HARINA,227678,25d0f85d-57da-4cae-8ca2-9b682363407e-0003795e,Roofs,,Genérico - 400 mm,Genérico - 400 mm,,P10 > P10-HRN-LGC-HARINA > P10-HRN-LGC-MOLINOS,btz_description_02,,,,,,,,,,,,,10 elementos Revit contienen el código exacto.,P10,P10-HRN-LGC-HARINA,P10-HRN-LGC-MOLINOS,,,,,,,,,,,,,,,,,,,,,,,,,,,,hay más de un elemento puntual posible
duplicado,elemento_puntual,P10-HRN-LGC-HARINA,SECTOR HARINA P10,262,2,262,P10,,,P10,P10 > P10-HRN-LGC-HARINA,281487,a027b4da-4e9c-44ad-b607-5fb48d4c7061-00044b8f,Roofs,,Genérico - 400 mm,Genérico - 400 mm,,P10 > P10-HRN-LGC-HARINA > P10-HRN-ENF-EG02,btz_description_02,,,,,,,,,,,,,10 elementos Revit contienen el código exacto.,P10,P10-HRN-LGC-HARINA,P10-HRN-ENF-EG02,,,,,,,,,,,,,,,,,,,,,,,,,,,,hay más de un elemento puntual posible
duplicado,elemento_puntual,P10-HRN-LGC-HARINA,SECTOR HARINA P10,262,2,262,P10,,,P10,P10 > P10-HRN-LGC-HARINA,358462,1dd21141-8de6-4d43-b824-f67da67065de-0005783e,Generic Models,Biodiesel3,Biodiesel,Biodiesel,,P10 > P10-HRN-LGC-HARINA > P10-HRN-LGC-SEC. ROTATIVOS > P10-HRN-SRT-SR01,btz_description_02,,,,,,,,,,,,,10 elementos Revit contienen el código exacto.,P10,P10-HRN-LGC-HARINA,P10-HRN-LGC-SEC. ROTATIVOS,P10-HRN-SRT-SR01,,,,,,,,,,,,,,,,,,,,,,,,,,,hay más de un elemento puntual posible
duplicado,elemento_puntual,P10-HRN-LGC-HARINA,SECTOR HARINA P10,262,2,262,P10,,,P10,P10 > P10-HRN-LGC-HARINA,358495,1dd21141-8de6-4d43-b824-f67da67065de-0005785f,Generic Models,Biodiesel4,Biodiesel,Biodiesel,,P10 > P10-HRN-LGC-HARINA > P10-HRN-LGC-SEC. ROTATIVOS > P10-HRN-SRT-SR02,btz_description_02,,,,,,,,,,,,,10 elementos Revit contienen el código exacto.,P10,P10-HRN-LGC-HARINA,P10-HRN-LGC-SEC. ROTATIVOS,P10-HRN-SRT-SR02,,,,,,,,,,,,,,,,,,,,,,,,,,,hay más de un elemento puntual posible
duplicado,elemento_puntual,P10-HRN-LGC-HARINA,SECTOR HARINA P10,262,2,262,P10,,,P10,P10 > P10-HRN-LGC-HARINA,367888,460ebebf-e4ee-449a-900c-ab33de4c697f-00059d10,Roofs,,Genérico - 400 mm,Genérico - 400 mm,,P10 > P10-HRN-LGC-HARINA > P10-HRN-ENF-EG01,btz_description_02,,,,,,,,,,,,,10 elementos Revit contienen el código exacto.,P10,P10-HRN-LGC-HARINA,P10-HRN-ENF-EG01,,,,,,,,,,,,,,,,,,,,,,,,,,,,hay más de un elemento puntual posible
duplicado,elemento_puntual,P10-HRN-LGC-HARINA,SECTOR HARINA P10,262,2,262,P10,,,P10,P10 > P10-HRN-LGC-HARINA,377635,c5ee6896-39ff-4562-be63-4682b50c65ca-0005c323,Generic Models,puert11,puert,puert,,P10 > P10-HRN-LGC-HARINA > P10-HRN-FLT-FMHRN,btz_description_02,,,,,,,,,,,,,10 elementos Revit contienen el código exacto.,P10,P10-HRN-LGC-HARINA,P10-HRN-FLT-FMHRN,,,,,,,,,,,,,,,,,,,,,,,,,,,,hay más de un elemento puntual posible
duplicado,elemento_puntual,P10-HRN-LGC-HARINA,SECTOR HARINA P10,262,2,262,P10,,,P10,P10 > P10-HRN-LGC-HARINA,380547,ddbef6d8-5146-4ece-9a6f-82caaca14519-0005ce83,Roofs,,Genérico - 400 mm,Genérico - 400 mm,,P10 > P10-HRN-LGC-HARINA > P10-HRN-LGC-TAMIZADORES,btz_description_02,,,,,,,,,,,,,10 elementos Revit contienen el código exacto.,P10,P10-HRN-LGC-HARINA,P10-HRN-LGC-TAMIZADORES,,,,,,,,,,,,,,,,,,,,,,,,,,,,hay más de un elemento puntual posible
duplicado,elemento_puntual,P10-HRN-LGC-HARINA,SECTOR HARINA P10,262,2,262,P10,,,P10,P10 > P10-HRN-LGC-HARINA,380565,ddbef6d8-5146-4ece-9a6f-82caaca14519-0005ce95,Roofs,,Genérico - 400 mm,Genérico - 400 mm,,P10 > P10-HRN-LGC-HARINA > P10-HRN-FLT-FMHRN,btz_description_02,,,,,,,,,,,,,10 elementos Revit contienen el código exacto.,P10,P10-HRN-LGC-HARINA,P10-HRN-FLT-FMHRN,,,,,,,,,,,,,,,,,,,,,,,,,,,,hay más de un elemento puntual posible
duplicado,elemento_puntual,P10-HRN-LGC-HARINA,SECTOR HARINA P10,262,2,262,P10,,,P10,P10 > P10-HRN-LGC-HARINA,380586,ddbef6d8-5146-4ece-9a6f-82caaca14519-0005ceaa,Roofs,,Genérico - 400 mm,Genérico - 400 mm,,P10 > P10-HRN-LGC-HARINA > P10-HRN-LGC-NORIAS,btz_description_02,,,,,,,,,,,,,10 elementos Revit contienen el código exacto.,P10,P10-HRN-LGC-HARINA,P10-HRN-LGC-NORIAS,,,,,,,,,,,,,,,,,,,,,,,,,,,,hay más de un elemento puntual posible
duplicado,elemento_puntual,P10-HRN-LGC-HARINA,SECTOR HARINA P10,262,2,262,P10,,,P10,P10 > P10-HRN-LGC-HARINA,385885,905be7f4-0c46-42ea-a443-0fdea469e6f3-0005e35d,Generic Models,Generic Models 15,Generic Models 2,Generic Models 2,,P10 > P10-HRN-LGC-HARINA > P10-HRN-CNT-C04,btz_description_02,,,,,,,,,,,,,10 elementos Revit contienen el código exacto.,P10,P10-HRN-LGC-HARINA,P10-HRN-CNT-C04,,,,,,,,,,,,,,,,,,,,,,,,,,,,hay más de un elemento puntual posible
contenedor_duplicado,contenedor_por_ancestro_project,P10-HRN-SIS-CTRAL,CENTRAL DE LUBRICACION DE SECADORES ROTATIVOS,263,3,263,P10-HRN-LGC-HARINA,P10-HRN-LGC-HARINA,P10-HRN-LGC-HARINA,P10 > P10-HRN-LGC-HARINA,P10 > P10-HRN-LGC-HARINA > P10-HRN-SIS-CTRAL LUB SR,227678,25d0f85d-57da-4cae-8ca2-9b682363407e-0003795e,Roofs,,Genérico - 400 mm,Genérico - 400 mm,,P10 > P10-HRN-LGC-HARINA > P10-HRN-LGC-MOLINOS,contenedor_scoring,227678,25d0f85d-57da-4cae-8ca2-9b682363407e-0003795e,P10 > P10-HRN-LGC-HARINA > P10-HRN-LGC-MOLINOS,3,27,NO,200,200,0,ancestro_project_exacto_duplicado,227678:200:P10 > P10-HRN-LGC-HARINA > P10-HRN-LGC-MOLINOS || 281487:200:P10 > P10-HRN-LGC-HARINA > P10-HRN-ENF-EG02 || 358462:200:P10 > P10-HRN-LGC-HARINA > P10-HRN-LGC-SEC. ROTATIVOS > P10-HRN-SRT-SR01 || 358495:200:P10 > P10-HRN-LGC-HARINA > P10-HRN-LGC-SEC. ROTATIVOS > P10-HRN-SRT-SR02 || 367888:200:P10 > P10-HRN-LGC-HARINA > P10-HRN-ENF-EG01 || 377635:200:P10 > P10-HRN-LGC-HARINA > P10-HRN-FLT-FMHRN || 380547:200:P10 > P10-HRN-LGC-HARINA > P10-HRN-LGC-TAMIZADORES || 380565:200:P10 > P10-HRN-LGC-HARINA > P10-HRN-FLT-FMHRN || ... +2,P10-HRN-LGC-HARINA,Ancestro Project P10-HRN-LGC-HARINA aparece en 10 contenedores.,P10,P10-HRN-LGC-HARINA,P10-HRN-LGC-MOLINOS,,,,,,,,,,,,,,,,,,,,,,,,,,,,hay más de un contenedor candidato
contenedor_duplicado,contenedor_por_ancestro_project,P10-HRN-LGC-REDLER,CONJUNTO DE REDLER HARINA P10,282,3,282,P10-HRN-LGC-HARINA,P10-HRN-LGC-HARINA,P10-HRN-LGC-HARINA,P10 > P10-HRN-LGC-HARINA,P10 > P10-HRN-LGC-HARINA > P10-HRN-LGC-REDLER,227678,25d0f85d-57da-4cae-8ca2-9b682363407e-0003795e,Roofs,,Genérico - 400 mm,Genérico - 400 mm,,P10 > P10-HRN-LGC-HARINA > P10-HRN-LGC-MOLINOS,contenedor_scoring,227678,25d0f85d-57da-4cae-8ca2-9b682363407e-0003795e,P10 > P10-HRN-LGC-HARINA > P10-HRN-LGC-MOLINOS,3,27,NO,200,200,0,ancestro_project_exacto_duplicado,227678:200:P10 > P10-HRN-LGC-HARINA > P10-HRN-LGC-MOLINOS || 281487:200:P10 > P10-HRN-LGC-HARINA > P10-HRN-ENF-EG02 || 358462:200:P10 > P10-HRN-LGC-HARINA > P10-HRN-LGC-SEC. ROTATIVOS > P10-HRN-SRT-SR01 || 358495:200:P10 > P10-HRN-LGC-HARINA > P10-HRN-LGC-SEC. ROTATIVOS > P10-HRN-SRT-SR02 || 367888:200:P10 > P10-HRN-LGC-HARINA > P10-HRN-ENF-EG01 || 377635:200:P10 > P10-HRN-LGC-HARINA > P10-HRN-FLT-FMHRN || 380547:200:P10 > P10-HRN-LGC-HARINA > P10-HRN-LGC-TAMIZADORES || 380565:200:P10 > P10-HRN-LGC-HARINA > P10-HRN-FLT-FMHRN || ... +2,P10-HRN-LGC-HARINA,Ancestro Project P10-HRN-LGC-HARINA aparece en 10 contenedores.,P10,P10-HRN-LGC-HARINA,P10-HRN-LGC-MOLINOS,,,,,,,,,,,,,,,,,,,,,,,,,,,,hay más de un contenedor candidato
contenedor_duplicado,contenedor_por_ancestro_project,P10-HRN-RDL-R23,REDLER R23 (SACA DE EXTRACCION),283,4,283,P10-HRN-LGC-REDLER,P10-HRN-LGC-REDLER,P10-HRN-LGC-HARINA > P10-HRN-LGC-REDLER,P10 > P10-HRN-LGC-HARINA > P10-HRN-LGC-REDLER,P10 > P10-HRN-LGC-HARINA > P10-HRN-LGC-REDLER > P10-HRN-RDL-R23,227678,25d0f85d-57da-4cae-8ca2-9b682363407e-0003795e,Roofs,,Genérico - 400 mm,Genérico - 400 mm,,P10 > P10-HRN-LGC-HARINA > P10-HRN-LGC-MOLINOS,contenedor_scoring,227678,25d0f85d-57da-4cae-8ca2-9b682363407e-0003795e,P10 > P10-HRN-LGC-HARINA > P10-HRN-LGC-MOLINOS,3,27,NO,200,200,0,ancestro_project_exacto_duplicado,227678:200:P10 > P10-HRN-LGC-HARINA > P10-HRN-LGC-MOLINOS || 281487:200:P10 > P10-HRN-LGC-HARINA > P10-HRN-ENF-EG02 || 358462:200:P10 > P10-HRN-LGC-HARINA > P10-HRN-LGC-SEC. ROTATIVOS > P10-HRN-SRT-SR01 || 358495:200:P10 > P10-HRN-LGC-HARINA > P10-HRN-LGC-SEC. ROTATIVOS > P10-HRN-SRT-SR02 || 367888:200:P10 > P10-HRN-LGC-HARINA > P10-HRN-ENF-EG01 || 377635:200:P10 > P10-HRN-LGC-HARINA > P10-HRN-FLT-FMHRN || 380547:200:P10 > P10-HRN-LGC-HARINA > P10-HRN-LGC-TAMIZADORES || 380565:200:P10 > P10-HRN-LGC-HARINA > P10-HRN-FLT-FMHRN || ... +2,P10-HRN-LGC-HARINA,Ancestro Project P10-HRN-LGC-HARINA aparece en 10 contenedores.,P10,P10-HRN-LGC-HARINA,P10-HRN-LGC-MOLINOS,,,,,,,,,,,,,,,,,,,,,,,,,,,,hay más de un contenedor candidato
contenedor_duplicado,contenedor_por_ancestro_project,P10-HRN-RDL-R24,REDLER R24 (BY-PASS DE ROTATIVOS),284,4,284,P10-HRN-LGC-REDLER,P10-HRN-LGC-REDLER,P10-HRN-LGC-HARINA > P10-HRN-LGC-REDLER,P10 > P10-HRN-LGC-HARINA > P10-HRN-LGC-REDLER,P10 > P10-HRN-LGC-HARINA > P10-HRN-LGC-REDLER > P10-HRN-RDL-R24,227678,25d0f85d-57da-4cae-8ca2-9b682363407e-0003795e,Roofs,,Genérico - 400 mm,Genérico - 400 mm,,P10 > P10-HRN-LGC-HARINA > P10-HRN-LGC-MOLINOS,contenedor_scoring,227678,25d0f85d-57da-4cae-8ca2-9b682363407e-0003795e,P10 > P10-HRN-LGC-HARINA > P10-HRN-LGC-MOLINOS,3,27,NO,200,200,0,ancestro_project_exacto_duplicado,227678:200:P10 > P10-HRN-LGC-HARINA > P10-HRN-LGC-MOLINOS || 281487:200:P10 > P10-HRN-LGC-HARINA > P10-HRN-ENF-EG02 || 358462:200:P10 > P10-HRN-LGC-HARINA > P10-HRN-LGC-SEC. ROTATIVOS > P10-HRN-SRT-SR01 || 358495:200:P10 > P10-HRN-LGC-HARINA > P10-HRN-LGC-SEC. ROTATIVOS > P10-HRN-SRT-SR02 || 367888:200:P10 > P10-HRN-LGC-HARINA > P10-HRN-ENF-EG01 || 377635:200:P10 > P10-HRN-LGC-HARINA > P10-HRN-FLT-FMHRN || 380547:200:P10 > P10-HRN-LGC-HARINA > P10-HRN-LGC-TAMIZADORES || 380565:200:P10 > P10-HRN-LGC-HARINA > P10-HRN-FLT-FMHRN || ... +2,P10-HRN-LGC-HARINA,Ancestro Project P10-HRN-LGC-HARINA aparece en 10 contenedores.,P10,P10-HRN-LGC-HARINA,P10-HRN-LGC-MOLINOS,,,,,,,,,,,,,,,,,,,,,,,,,,,,hay más de un contenedor candidato
contenedor_duplicado,contenedor_por_ancestro_project,P10-HRN-RDL-R25,REDLER R25 (RECIBE DE ROTATIVOS Y/O R24),285,4,285,P10-HRN-LGC-REDLER,P10-HRN-LGC-REDLER,P10-HRN-LGC-HARINA > P10-HRN-LGC-REDLER,P10 > P10-HRN-LGC-HARINA > P10-HRN-LGC-REDLER,P10 > P10-HRN-LGC-HARINA > P10-HRN-LGC-REDLER > P10-HRN-RDL-R25,227678,25d0f85d-57da-4cae-8ca2-9b682363407e-0003795e,Roofs,,Genérico - 400 mm,Genérico - 400 mm,,P10 > P10-HRN-LGC-HARINA > P10-HRN-LGC-MOLINOS,contenedor_scoring,227678,25d0f85d-57da-4cae-8ca2-9b682363407e-0003795e,P10 > P10-HRN-LGC-HARINA > P10-HRN-LGC-MOLINOS,3,27,NO,200,200,0,ancestro_project_exacto_duplicado,227678:200:P10 > P10-HRN-LGC-HARINA > P10-HRN-LGC-MOLINOS || 281487:200:P10 > P10-HRN-LGC-HARINA > P10-HRN-ENF-EG02 || 358462:200:P10 > P10-HRN-LGC-HARINA > P10-HRN-LGC-SEC. ROTATIVOS > P10-HRN-SRT-SR01 || 358495:200:P10 > P10-HRN-LGC-HARINA > P10-HRN-LGC-SEC. ROTATIVOS > P10-HRN-SRT-SR02 || 367888:200:P10 > P10-HRN-LGC-HARINA > P10-HRN-ENF-EG01 || 377635:200:P10 > P10-HRN-LGC-HARINA > P10-HRN-FLT-FMHRN || 380547:200:P10 > P10-HRN-LGC-HARINA > P10-HRN-LGC-TAMIZADORES || 380565:200:P10 > P10-HRN-LGC-HARINA > P10-HRN-FLT-FMHRN || ... +2,P10-HRN-LGC-HARINA,Ancestro Project P10-HRN-LGC-HARINA aparece en 10 contenedores.,P10,P10-HRN-LGC-HARINA,P10-HRN-LGC-MOLINOS,,,,,,,,,,,,,,,,,,,,,,,,,,,,hay más de un contenedor candidato
contenedor_duplicado,contenedor_por_ancestro_project,P10-HRN-RSC-SF26,ROSCA SF26 ROSCA DE REPROCESO,286,5,286,P10-HRN-RDL-R25,P10-HRN-RDL-R25,P10-HRN-LGC-HARINA > P10-HRN-LGC-REDLER > P10-HRN-RDL-R25,P10 > P10-HRN-LGC-HARINA > P10-HRN-LGC-REDLER > P10-HRN-RDL-R25,P10 > P10-HRN-LGC-HARINA > P10-HRN-LGC-REDLER > P10-HRN-RDL-R25 > P10-HRN-RSC-SF26,227678,25d0f85d-57da-4cae-8ca2-9b682363407e-0003795e,Roofs,,Genérico - 400 mm,Genérico - 400 mm,,P10 > P10-HRN-LGC-HARINA > P10-HRN-LGC-MOLINOS,contenedor_scoring,227678,25d0f85d-57da-4cae-8ca2-9b682363407e-0003795e,P10 > P10-HRN-LGC-HARINA > P10-HRN-LGC-MOLINOS,3,27,NO,200,200,0,ancestro_project_exacto_duplicado,227678:200:P10 > P10-HRN-LGC-HARINA > P10-HRN-LGC-MOLINOS || 281487:200:P10 > P10-HRN-LGC-HARINA > P10-HRN-ENF-EG02 || 358462:200:P10 > P10-HRN-LGC-HARINA > P10-HRN-LGC-SEC. ROTATIVOS > P10-HRN-SRT-SR01 || 358495:200:P10 > P10-HRN-LGC-HARINA > P10-HRN-LGC-SEC. ROTATIVOS > P10-HRN-SRT-SR02 || 367888:200:P10 > P10-HRN-LGC-HARINA > P10-HRN-ENF-EG01 || 377635:200:P10 > P10-HRN-LGC-HARINA > P10-HRN-FLT-FMHRN || 380547:200:P10 > P10-HRN-LGC-HARINA > P10-HRN-LGC-TAMIZADORES || 380565:200:P10 > P10-HRN-LGC-HARINA > P10-HRN-FLT-FMHRN || ... +2,P10-HRN-LGC-HARINA,Ancestro Project P10-HRN-LGC-HARINA aparece en 10 contenedores.,P10,P10-HRN-LGC-HARINA,P10-HRN-LGC-MOLINOS,,,,,,,,,,,,,,,,,,,,,,,,,,,,hay más de un contenedor candidato
contenedor_duplicado,contenedor_por_ancestro_project,P10-HRN-RDL-R26,REDLER R26 (FINOS VENT EG01),287,4,287,P10-HRN-LGC-REDLER,P10-HRN-LGC-REDLER,P10-HRN-LGC-HARINA > P10-HRN-LGC-REDLER,P10 > P10-HRN-LGC-HARINA > P10-HRN-LGC-REDLER,P10 > P10-HRN-LGC-HARINA > P10-HRN-LGC-REDLER > P10-HRN-RDL-R26,227678,25d0f85d-57da-4cae-8ca2-9b682363407e-0003795e,Roofs,,Genérico - 400 mm,Genérico - 400 mm,,P10 > P10-HRN-LGC-HARINA > P10-HRN-LGC-MOLINOS,contenedor_scoring,227678,25d0f85d-57da-4cae-8ca2-9b682363407e-0003795e,P10 > P10-HRN-LGC-HARINA > P10-HRN-LGC-MOLINOS,3,27,NO,200,200,0,ancestro_project_exacto_duplicado,227678:200:P10 > P10-HRN-LGC-HARINA > P10-HRN-LGC-MOLINOS || 281487:200:P10 > P10-HRN-LGC-HARINA > P10-HRN-ENF-EG02 || 358462:200:P10 > P10-HRN-LGC-HARINA > P10-HRN-LGC-SEC. ROTATIVOS > P10-HRN-SRT-SR01 || 358495:200:P10 > P10-HRN-LGC-HARINA > P10-HRN-LGC-SEC. ROTATIVOS > P10-HRN-SRT-SR02 || 367888:200:P10 > P10-HRN-LGC-HARINA > P10-HRN-ENF-EG01 || 377635:200:P10 > P10-HRN-LGC-HARINA > P10-HRN-FLT-FMHRN || 380547:200:P10 > P10-HRN-LGC-HARINA > P10-HRN-LGC-TAMIZADORES || 380565:200:P10 > P10-HRN-LGC-HARINA > P10-HRN-FLT-FMHRN || ... +2,P10-HRN-LGC-HARINA,Ancestro Project P10-HRN-LGC-HARINA aparece en 10 contenedores.,P10,P10-HRN-LGC-HARINA,P10-HRN-LGC-MOLINOS,,,,,,,,,,,,,,,,,,,,,,,,,,,,hay más de un contenedor candidato
contenedor_duplicado,contenedor_por_ancestro_project,P10-HRN-RDL-R27,REDLER R27 (FINOS VENT EG02),288,4,288,P10-HRN-LGC-REDLER,P10-HRN-LGC-REDLER,P10-HRN-LGC-HARINA > P10-HRN-LGC-REDLER,P10 > P10-HRN-LGC-HARINA > P10-HRN-LGC-REDLER,P10 > P10-HRN-LGC-HARINA > P10-HRN-LGC-REDLER > P10-HRN-RDL-R27,227678,25d0f85d-57da-4cae-8ca2-9b682363407e-0003795e,Roofs,,Genérico - 400 mm,Genérico - 400 mm,,P10 > P10-HRN-LGC-HARINA > P10-HRN-LGC-MOLINOS,contenedor_scoring,227678,25d0f85d-57da-4cae-8ca2-9b682363407e-0003795e,P10 > P10-HRN-LGC-HARINA > P10-HRN-LGC-MOLINOS,3,27,NO,200,200,0,ancestro_project_exacto_duplicado,227678:200:P10 > P10-HRN-LGC-HARINA > P10-HRN-LGC-MOLINOS || 281487:200:P10 > P10-HRN-LGC-HARINA > P10-HRN-ENF-EG02 || 358462:200:P10 > P10-HRN-LGC-HARINA > P10-HRN-LGC-SEC. ROTATIVOS > P10-HRN-SRT-SR01 || 358495:200:P10 > P10-HRN-LGC-HARINA > P10-HRN-LGC-SEC. ROTATIVOS > P10-HRN-SRT-SR02 || 367888:200:P10 > P10-HRN-LGC-HARINA > P10-HRN-ENF-EG01 || 377635:200:P10 > P10-HRN-LGC-HARINA > P10-HRN-FLT-FMHRN || 380547:200:P10 > P10-HRN-LGC-HARINA > P10-HRN-LGC-TAMIZADORES || 380565:200:P10 > P10-HRN-LGC-HARINA > P10-HRN-FLT-FMHRN || ... +2,P10-HRN-LGC-HARINA,Ancestro Project P10-HRN-LGC-HARINA aparece en 10 contenedores.,P10,P10-HRN-LGC-HARINA,P10-HRN-LGC-MOLINOS,,,,,,,,,,,,,,,,,,,,,,,,,,,,hay más de un contenedor candidato
contenedor_duplicado,contenedor_por_ancestro_project,P10-HRN-RDL-R28,REDLER R28 (RECIBE DE R27),289,4,289,P10-HRN-LGC-REDLER,P10-HRN-LGC-REDLER,P10-HRN-LGC-HARINA > P10-HRN-LGC-REDLER,P10 > P10-HRN-LGC-HARINA > P10-HRN-LGC-REDLER,P10 > P10-HRN-LGC-HARINA > P10-HRN-LGC-REDLER > P10-HRN-RDL-R28,227678,25d0f85d-57da-4cae-8ca2-9b682363407e-0003795e,Roofs,,Genérico - 400 mm,Genérico - 400 mm,,P10 > P10-HRN-LGC-HARINA > P10-HRN-LGC-MOLINOS,contenedor_scoring,227678,25d0f85d-57da-4cae-8ca2-9b682363407e-0003795e,P10 > P10-HRN-LGC-HARINA > P10-HRN-LGC-MOLINOS,3,27,NO,200,200,0,ancestro_project_exacto_duplicado,227678:200:P10 > P10-HRN-LGC-HARINA > P10-HRN-LGC-MOLINOS || 281487:200:P10 > P10-HRN-LGC-HARINA > P10-HRN-ENF-EG02 || 358462:200:P10 > P10-HRN-LGC-HARINA > P10-HRN-LGC-SEC. ROTATIVOS > P10-HRN-SRT-SR01 || 358495:200:P10 > P10-HRN-LGC-HARINA > P10-HRN-LGC-SEC. ROTATIVOS > P10-HRN-SRT-SR02 || 367888:200:P10 > P10-HRN-LGC-HARINA > P10-HRN-ENF-EG01 || 377635:200:P10 > P10-HRN-LGC-HARINA > P10-HRN-FLT-FMHRN || 380547:200:P10 > P10-HRN-LGC-HARINA > P10-HRN-LGC-TAMIZADORES || 380565:200:P10 > P10-HRN-LGC-HARINA > P10-HRN-FLT-FMHRN || ... +2,P10-HRN-LGC-HARINA,Ancestro Project P10-HRN-LGC-HARINA aparece en 10 contenedores.,P10,P10-HRN-LGC-HARINA,P10-HRN-LGC-MOLINOS,,,,,,,,,,,,,,,,,,,,,,,,,,,,hay más de un contenedor candidato
contenedor_duplicado,contenedor_por_ancestro_project,P10-HRN-RDL-R29,REDLER R29 (CARGA DE BATIDORAS  (DE N03)),290,4,290,P10-HRN-LGC-REDLER,P10-HRN-LGC-REDLER,P10-HRN-LGC-HARINA > P10-HRN-LGC-REDLER,P10 > P10-HRN-LGC-HARINA > P10-HRN-LGC-REDLER,P10 > P10-HRN-LGC-HARINA > P10-HRN-LGC-REDLER > P10-HRN-RDL-R29,227678,25d0f85d-57da-4cae-8ca2-9b682363407e-0003795e,Roofs,,Genérico - 400 mm,Genérico - 400 mm,,P10 > P10-HRN-LGC-HARINA > P10-HRN-LGC-MOLINOS,contenedor_scoring,227678,25d0f85d-57da-4cae-8ca2-9b682363407e-0003795e,P10 > P10-HRN-LGC-HARINA > P10-HRN-LGC-MOLINOS,3,27,NO,200,200,0,ancestro_project_exacto_duplicado,227678:200:P10 > P10-HRN-LGC-HARINA > P10-HRN-LGC-MOLINOS || 281487:200:P10 > P10-HRN-LGC-HARINA > P10-HRN-ENF-EG02 || 358462:200:P10 > P10-HRN-LGC-HARINA > P10-HRN-LGC-SEC. ROTATIVOS > P10-HRN-SRT-SR01 || 358495:200:P10 > P10-HRN-LGC-HARINA > P10-HRN-LGC-SEC. ROTATIVOS > P10-HRN-SRT-SR02 || 367888:200:P10 > P10-HRN-LGC-HARINA > P10-HRN-ENF-EG01 || 377635:200:P10 > P10-HRN-LGC-HARINA > P10-HRN-FLT-FMHRN || 380547:200:P10 > P10-HRN-LGC-HARINA > P10-HRN-LGC-TAMIZADORES || 380565:200:P10 > P10-HRN-LGC-HARINA > P10-HRN-FLT-FMHRN || ... +2,P10-HRN-LGC-HARINA,Ancestro Project P10-HRN-LGC-HARINA aparece en 10 contenedores.,P10,P10-HRN-LGC-HARINA,P10-HRN-LGC-MOLINOS,,,,,,,,,,,,,,,,,,,,,,,,,,,,hay más de un contenedor candidato
contenedor_duplicado,contenedor_por_ancestro_project,P10-HRN-RDL-R30,REDLER R30 (RECIBE FINOS DE BATIDORAS),291,4,291,P10-HRN-LGC-REDLER,P10-HRN-LGC-REDLER,P10-HRN-LGC-HARINA > P10-HRN-LGC-REDLER,P10 > P10-HRN-LGC-HARINA > P10-HRN-LGC-REDLER,P10 > P10-HRN-LGC-HARINA > P10-HRN-LGC-REDLER > P10-HRN-RDL-R30,227678,25d0f85d-57da-4cae-8ca2-9b682363407e-0003795e,Roofs,,Genérico - 400 mm,Genérico - 400 mm,,P10 > P10-HRN-LGC-HARINA > P10-HRN-LGC-MOLINOS,contenedor_scoring,227678,25d0f85d-57da-4cae-8ca2-9b682363407e-0003795e,P10 > P10-HRN-LGC-HARINA > P10-HRN-LGC-MOLINOS,3,27,NO,200,200,0,ancestro_project_exacto_duplicado,227678:200:P10 > P10-HRN-LGC-HARINA > P10-HRN-LGC-MOLINOS || 281487:200:P10 > P10-HRN-LGC-HARINA > P10-HRN-ENF-EG02 || 358462:200:P10 > P10-HRN-LGC-HARINA > P10-HRN-LGC-SEC. ROTATIVOS > P10-HRN-SRT-SR01 || 358495:200:P10 > P10-HRN-LGC-HARINA > P10-HRN-LGC-SEC. ROTATIVOS > P10-HRN-SRT-SR02 || 367888:200:P10 > P10-HRN-LGC-HARINA > P10-HRN-ENF-EG01 || 377635:200:P10 > P10-HRN-LGC-HARINA > P10-HRN-FLT-FMHRN || 380547:200:P10 > P10-HRN-LGC-HARINA > P10-HRN-LGC-TAMIZADORES || 380565:200:P10 > P10-HRN-LGC-HARINA > P10-HRN-FLT-FMHRN || ... +2,P10-HRN-LGC-HARINA,Ancestro Project P10-HRN-LGC-HARINA aparece en 10 contenedores.,P10,P10-HRN-LGC-HARINA,P10-HRN-LGC-MOLINOS,,,,,,,,,,,,,,,,,,,,,,,,,,,,hay más de un contenedor candidato
contenedor_duplicado,contenedor_por_ancestro_project,P10-HRN-RDL-R31,REDLER R31 ALIMENTACION MOLINOS,292,4,292,P10-HRN-LGC-REDLER,P10-HRN-LGC-REDLER,P10-HRN-LGC-HARINA > P10-HRN-LGC-REDLER,P10 > P10-HRN-LGC-HARINA > P10-HRN-LGC-REDLER,P10 > P10-HRN-LGC-HARINA > P10-HRN-LGC-REDLER > P10-HRN-RDL-R31,227678,25d0f85d-57da-4cae-8ca2-9b682363407e-0003795e,Roofs,,Genérico - 400 mm,Genérico - 400 mm,,P10 > P10-HRN-LGC-HARINA > P10-HRN-LGC-MOLINOS,contenedor_scoring,227678,25d0f85d-57da-4cae-8ca2-9b682363407e-0003795e,P10 > P10-HRN-LGC-HARINA > P10-HRN-LGC-MOLINOS,3,27,NO,200,200,0,ancestro_project_exacto_duplicado,227678:200:P10 > P10-HRN-LGC-HARINA > P10-HRN-LGC-MOLINOS || 281487:200:P10 > P10-HRN-LGC-HARINA > P10-HRN-ENF-EG02 || 358462:200:P10 > P10-HRN-LGC-HARINA > P10-HRN-LGC-SEC. ROTATIVOS > P10-HRN-SRT-SR01 || 358495:200:P10 > P10-HRN-LGC-HARINA > P10-HRN-LGC-SEC. ROTATIVOS > P10-HRN-SRT-SR02 || 367888:200:P10 > P10-HRN-LGC-HARINA > P10-HRN-ENF-EG01 || 377635:200:P10 > P10-HRN-LGC-HARINA > P10-HRN-FLT-FMHRN || 380547:200:P10 > P10-HRN-LGC-HARINA > P10-HRN-LGC-TAMIZADORES || 380565:200:P10 > P10-HRN-LGC-HARINA > P10-HRN-FLT-FMHRN || ... +2,P10-HRN-LGC-HARINA,Ancestro Project P10-HRN-LGC-HARINA aparece en 10 contenedores.,P10,P10-HRN-LGC-HARINA,P10-HRN-LGC-MOLINOS,,,,,,,,,,,,,,,,,,,,,,,,,,,,hay más de un contenedor candidato
contenedor_duplicado,contenedor_por_ancestro_project,P10-HRN-RDL-R32,REDLER R32 DESDE BATIDORAS,293,4,293,P10-HRN-LGC-REDLER,P10-HRN-LGC-REDLER,P10-HRN-LGC-HARINA > P10-HRN-LGC-REDLER,P10 > P10-HRN-LGC-HARINA > P10-HRN-LGC-REDLER,P10 > P10-HRN-LGC-HARINA > P10-HRN-LGC-REDLER > P10-HRN-RDL-R32,227678,25d0f85d-57da-4cae-8ca2-9b682363407e-0003795e,Roofs,,Genérico - 400 mm,Genérico - 400 mm,,P10 > P10-HRN-LGC-HARINA > P10-HRN-LGC-MOLINOS,contenedor_scoring,227678,25d0f85d-57da-4cae-8ca2-9b682363407e-0003795e,P10 > P10-HRN-LGC-HARINA > P10-HRN-LGC-MOLINOS,3,27,NO,200,200,0,ancestro_project_exacto_duplicado,227678:200:P10 > P10-HRN-LGC-HARINA > P10-HRN-LGC-MOLINOS || 281487:200:P10 > P10-HRN-LGC-HARINA > P10-HRN-ENF-EG02 || 358462:200:P10 > P10-HRN-LGC-HARINA > P10-HRN-LGC-SEC. ROTATIVOS > P10-HRN-SRT-SR01 || 358495:200:P10 > P10-HRN-LGC-HARINA > P10-HRN-LGC-SEC. ROTATIVOS > P10-HRN-SRT-SR02 || 367888:200:P10 > P10-HRN-LGC-HARINA > P10-HRN-ENF-EG01 || 377635:200:P10 > P10-HRN-LGC-HARINA > P10-HRN-FLT-FMHRN || 380547:200:P10 > P10-HRN-LGC-HARINA > P10-HRN-LGC-TAMIZADORES || 380565:200:P10 > P10-HRN-LGC-HARINA > P10-HRN-FLT-FMHRN || ... +2,P10-HRN-LGC-HARINA,Ancestro Project P10-HRN-LGC-HARINA aparece en 10 contenedores.,P10,P10-HRN-LGC-HARINA,P10-HRN-LGC-MOLINOS,,,,,,,,,,,,,,,,,,,,,,,,,,,,hay más de un contenedor candidato
duplicado,elemento_puntual,P10-HRN-LGC-SEC,CONJUNTO DE SECADORES ROTATIVOS HARINA P10,294,3,294,P10-HRN-LGC-HARINA,P10-HRN-LGC-HARINA,P10-HRN-LGC-HARINA,P10 > P10-HRN-LGC-HARINA,P10 > P10-HRN-LGC-HARINA > P10-HRN-LGC-SEC. ROTATIVOS,358462,1dd21141-8de6-4d43-b824-f67da67065de-0005783e,Generic Models,Biodiesel3,Biodiesel,Biodiesel,,P10 > P10-HRN-LGC-HARINA > P10-HRN-LGC-SEC. ROTATIVOS > P10-HRN-SRT-SR01,btz_description_03,,,,,,,,,,,,,2 elementos Revit contienen el código exacto.,P10,P10-HRN-LGC-HARINA,P10-HRN-LGC-SEC. ROTATIVOS,P10-HRN-SRT-SR01,,,,,,,,,,,,,,,,,,,,,,,,,,,hay más de un elemento puntual posible
duplicado,elemento_puntual,P10-HRN-LGC-SEC,CONJUNTO DE SECADORES ROTATIVOS HARINA P10,294,3,294,P10-HRN-LGC-HARINA,P10-HRN-LGC-HARINA,P10-HRN-LGC-HARINA,P10 > P10-HRN-LGC-HARINA,P10 > P10-HRN-LGC-HARINA > P10-HRN-LGC-SEC. ROTATIVOS,358495,1dd21141-8de6-4d43-b824-f67da67065de-0005785f,Generic Models,Biodiesel4,Biodiesel,Biodiesel,,P10 > P10-HRN-LGC-HARINA > P10-HRN-LGC-SEC. ROTATIVOS > P10-HRN-SRT-SR02,btz_description_03,,,,,,,,,,,,,2 elementos Revit contienen el código exacto.,P10,P10-HRN-LGC-HARINA,P10-HRN-LGC-SEC. ROTATIVOS,P10-HRN-SRT-SR02,,,,,,,,,,,,,,,,,,,,,,,,,,,hay más de un elemento puntual posible
contenedor_duplicado,contenedor_por_ancestro_project,P10-HRN-RSC-SF11R,ROSCA SIN FIN MEZCLADORA DER.,295,4,295,P10-HRN-LGC-SEC. ROTATIVOS,P10-HRN-LGC-SEC,P10-HRN-LGC-HARINA > P10-HRN-LGC-SEC,P10 > P10-HRN-LGC-HARINA > P10-HRN-LGC-SEC. ROTATIVOS,P10 > P10-HRN-LGC-HARINA > P10-HRN-LGC-SEC. ROTATIVOS > P10-HRN-RSC-SF11R,227678,25d0f85d-57da-4cae-8ca2-9b682363407e-0003795e,Roofs,,Genérico - 400 mm,Genérico - 400 mm,,P10 > P10-HRN-LGC-HARINA > P10-HRN-LGC-MOLINOS,contenedor_scoring,227678,25d0f85d-57da-4cae-8ca2-9b682363407e-0003795e,P10 > P10-HRN-LGC-HARINA > P10-HRN-LGC-MOLINOS,3,27,NO,200,200,0,ancestro_project_exacto_duplicado,227678:200:P10 > P10-HRN-LGC-HARINA > P10-HRN-LGC-MOLINOS || 281487:200:P10 > P10-HRN-LGC-HARINA > P10-HRN-ENF-EG02 || 358462:200:P10 > P10-HRN-LGC-HARINA > P10-HRN-LGC-SEC. ROTATIVOS > P10-HRN-SRT-SR01 || 358495:200:P10 > P10-HRN-LGC-HARINA > P10-HRN-LGC-SEC. ROTATIVOS > P10-HRN-SRT-SR02 || 367888:200:P10 > P10-HRN-LGC-HARINA > P10-HRN-ENF-EG01 || 377635:200:P10 > P10-HRN-LGC-HARINA > P10-HRN-FLT-FMHRN || 380547:200:P10 > P10-HRN-LGC-HARINA > P10-HRN-LGC-TAMIZADORES || 380565:200:P10 > P10-HRN-LGC-HARINA > P10-HRN-FLT-FMHRN || ... +2,P10-HRN-LGC-HARINA,Ancestro Project P10-HRN-LGC-HARINA aparece en 10 contenedores.,P10,P10-HRN-LGC-HARINA,P10-HRN-LGC-MOLINOS,,,,,,,,,,,,,,,,,,,,,,,,,,,,hay más de un contenedor candidato
contenedor_duplicado,contenedor_por_ancestro_project,P10-HRN-RSC-SF11L,ROSCA SIN FIN MEZCLADORA IZQ.,296,4,296,P10-HRN-LGC-SEC. ROTATIVOS,P10-HRN-LGC-SEC,P10-HRN-LGC-HARINA > P10-HRN-LGC-SEC,P10 > P10-HRN-LGC-HARINA > P10-HRN-LGC-SEC. ROTATIVOS,P10 > P10-HRN-LGC-HARINA > P10-HRN-LGC-SEC. ROTATIVOS > P10-HRN-RSC-SF11L,227678,25d0f85d-57da-4cae-8ca2-9b682363407e-0003795e,Roofs,,Genérico - 400 mm,Genérico - 400 mm,,P10 > P10-HRN-LGC-HARINA > P10-HRN-LGC-MOLINOS,contenedor_scoring,227678,25d0f85d-57da-4cae-8ca2-9b682363407e-0003795e,P10 > P10-HRN-LGC-HARINA > P10-HRN-LGC-MOLINOS,3,27,NO,200,200,0,ancestro_project_exacto_duplicado,227678:200:P10 > P10-HRN-LGC-HARINA > P10-HRN-LGC-MOLINOS || 281487:200:P10 > P10-HRN-LGC-HARINA > P10-HRN-ENF-EG02 || 358462:200:P10 > P10-HRN-LGC-HARINA > P10-HRN-LGC-SEC. ROTATIVOS > P10-HRN-SRT-SR01 || 358495:200:P10 > P10-HRN-LGC-HARINA > P10-HRN-LGC-SEC. ROTATIVOS > P10-HRN-SRT-SR02 || 367888:200:P10 > P10-HRN-LGC-HARINA > P10-HRN-ENF-EG01 || 377635:200:P10 > P10-HRN-LGC-HARINA > P10-HRN-FLT-FMHRN || 380547:200:P10 > P10-HRN-LGC-HARINA > P10-HRN-LGC-TAMIZADORES || 380565:200:P10 > P10-HRN-LGC-HARINA > P10-HRN-FLT-FMHRN || ... +2,P10-HRN-LGC-HARINA,Ancestro Project P10-HRN-LGC-HARINA aparece en 10 contenedores.,P10,P10-HRN-LGC-HARINA,P10-HRN-LGC-MOLINOS,,,,,,,,,,,,,,,,,,,,,,,,,,,,hay más de un contenedor candidato
contenedor_duplicado,contenedor_por_ancestro_project,P10-ECN-LGC-ECONOMIZER,SECTOR ECONOMIZER SOBRE SECADORES ROTATIVOS DE P10,303,4,303,P10-HRN-LGC-SEC. ROTATIVOS,P10-HRN-LGC-SEC,P10-HRN-LGC-HARINA > P10-HRN-LGC-SEC,P10 > P10-HRN-LGC-HARINA > P10-HRN-LGC-SEC. ROTATIVOS,P10 > P10-HRN-LGC-HARINA > P10-HRN-LGC-SEC. ROTATIVOS > P10-ECN-LGC-ECONOMIZER,227678,25d0f85d-57da-4cae-8ca2-9b682363407e-0003795e,Roofs,,Genérico - 400 mm,Genérico - 400 mm,,P10 > P10-HRN-LGC-HARINA > P10-HRN-LGC-MOLINOS,contenedor_scoring,227678,25d0f85d-57da-4cae-8ca2-9b682363407e-0003795e,P10 > P10-HRN-LGC-HARINA > P10-HRN-LGC-MOLINOS,3,27,NO,200,200,0,ancestro_project_exacto_duplicado,227678:200:P10 > P10-HRN-LGC-HARINA > P10-HRN-LGC-MOLINOS || 281487:200:P10 > P10-HRN-LGC-HARINA > P10-HRN-ENF-EG02 || 358462:200:P10 > P10-HRN-LGC-HARINA > P10-HRN-LGC-SEC. ROTATIVOS > P10-HRN-SRT-SR01 || 358495:200:P10 > P10-HRN-LGC-HARINA > P10-HRN-LGC-SEC. ROTATIVOS > P10-HRN-SRT-SR02 || 367888:200:P10 > P10-HRN-LGC-HARINA > P10-HRN-ENF-EG01 || 377635:200:P10 > P10-HRN-LGC-HARINA > P10-HRN-FLT-FMHRN || 380547:200:P10 > P10-HRN-LGC-HARINA > P10-HRN-LGC-TAMIZADORES || 380565:200:P10 > P10-HRN-LGC-HARINA > P10-HRN-FLT-FMHRN || ... +2,P10-HRN-LGC-HARINA,Ancestro Project P10-HRN-LGC-HARINA aparece en 10 contenedores.,P10,P10-HRN-LGC-HARINA,P10-HRN-LGC-MOLINOS,,,,,,,,,,,,,,,,,,,,,,,,,,,,hay más de un contenedor candidato
contenedor_duplicado,contenedor_por_ancestro_project,P10-ECN-BMB-BRS-01,BOMBA BRS-01 RECIRCULACION DE CONDENSADO ECONOMIZER KSB MCPK050-032-250,304,5,304,P10-ECN-LGC-ECONOMIZER,P10-ECN-LGC-ECONOMIZER,P10-HRN-LGC-HARINA > P10-HRN-LGC-SEC > P10-ECN-LGC-ECONOMIZER,P10 > P10-HRN-LGC-HARINA > P10-HRN-LGC-SEC. ROTATIVOS > P10-ECN-LGC-ECONOMIZER,P10 > P10-HRN-LGC-HARINA > P10-HRN-LGC-SEC. ROTATIVOS > P10-ECN-LGC-ECONOMIZER > P10-ECN-BMB-BRS-01,227678,25d0f85d-57da-4cae-8ca2-9b682363407e-0003795e,Roofs,,Genérico - 400 mm,Genérico - 400 mm,,P10 > P10-HRN-LGC-HARINA > P10-HRN-LGC-MOLINOS,contenedor_scoring,227678,25d0f85d-57da-4cae-8ca2-9b682363407e-0003795e,P10 > P10-HRN-LGC-HARINA > P10-HRN-LGC-MOLINOS,3,27,NO,200,200,0,ancestro_project_exacto_duplicado,227678:200:P10 > P10-HRN-LGC-HARINA > P10-HRN-LGC-MOLINOS || 281487:200:P10 > P10-HRN-LGC-HARINA > P10-HRN-ENF-EG02 || 358462:200:P10 > P10-HRN-LGC-HARINA > P10-HRN-LGC-SEC. ROTATIVOS > P10-HRN-SRT-SR01 || 358495:200:P10 > P10-HRN-LGC-HARINA > P10-HRN-LGC-SEC. ROTATIVOS > P10-HRN-SRT-SR02 || 367888:200:P10 > P10-HRN-LGC-HARINA > P10-HRN-ENF-EG01 || 377635:200:P10 > P10-HRN-LGC-HARINA > P10-HRN-FLT-FMHRN || 380547:200:P10 > P10-HRN-LGC-HARINA > P10-HRN-LGC-TAMIZADORES || 380565:200:P10 > P10-HRN-LGC-HARINA > P10-HRN-FLT-FMHRN || ... +2,P10-HRN-LGC-HARINA,Ancestro Project P10-HRN-LGC-HARINA aparece en 10 contenedores.,P10,P10-HRN-LGC-HARINA,P10-HRN-LGC-MOLINOS,,,,,,,,,,,,,,,,,,,,,,,,,,,,hay más de un contenedor candidato
contenedor_duplicado,contenedor_por_ancestro_project,P10-ECN-DMP-DAMP_1,DUMPER 1 ECONOMIZER,305,5,305,P10-ECN-LGC-ECONOMIZER,P10-ECN-LGC-ECONOMIZER,P10-HRN-LGC-HARINA > P10-HRN-LGC-SEC > P10-ECN-LGC-ECONOMIZER,P10 > P10-HRN-LGC-HARINA > P10-HRN-LGC-SEC. ROTATIVOS > P10-ECN-LGC-ECONOMIZER,P10 > P10-HRN-LGC-HARINA > P10-HRN-LGC-SEC. ROTATIVOS > P10-ECN-LGC-ECONOMIZER > P10-ECN-DMP-DAMP_1,227678,25d0f85d-57da-4cae-8ca2-9b682363407e-0003795e,Roofs,,Genérico - 400 mm,Genérico - 400 mm,,P10 > P10-HRN-LGC-HARINA > P10-HRN-LGC-MOLINOS,contenedor_scoring,227678,25d0f85d-57da-4cae-8ca2-9b682363407e-0003795e,P10 > P10-HRN-LGC-HARINA > P10-HRN-LGC-MOLINOS,3,27,NO,200,200,0,ancestro_project_exacto_duplicado,227678:200:P10 > P10-HRN-LGC-HARINA > P10-HRN-LGC-MOLINOS || 281487:200:P10 > P10-HRN-LGC-HARINA > P10-HRN-ENF-EG02 || 358462:200:P10 > P10-HRN-LGC-HARINA > P10-HRN-LGC-SEC. ROTATIVOS > P10-HRN-SRT-SR01 || 358495:200:P10 > P10-HRN-LGC-HARINA > P10-HRN-LGC-SEC. ROTATIVOS > P10-HRN-SRT-SR02 || 367888:200:P10 > P10-HRN-LGC-HARINA > P10-HRN-ENF-EG01 || 377635:200:P10 > P10-HRN-LGC-HARINA > P10-HRN-FLT-FMHRN || 380547:200:P10 > P10-HRN-LGC-HARINA > P10-HRN-LGC-TAMIZADORES || 380565:200:P10 > P10-HRN-LGC-HARINA > P10-HRN-FLT-FMHRN || ... +2,P10-HRN-LGC-HARINA,Ancestro Project P10-HRN-LGC-HARINA aparece en 10 contenedores.,P10,P10-HRN-LGC-HARINA,P10-HRN-LGC-MOLINOS,,,,,,,,,,,,,,,,,,,,,,,,,,,,hay más de un contenedor candidato
contenedor_duplicado,contenedor_por_ancestro_project,P10-ECN-DMP-DAMP_2,DUMPER 2 ECONOMIZER,306,5,306,P10-ECN-LGC-ECONOMIZER,P10-ECN-LGC-ECONOMIZER,P10-HRN-LGC-HARINA > P10-HRN-LGC-SEC > P10-ECN-LGC-ECONOMIZER,P10 > P10-HRN-LGC-HARINA > P10-HRN-LGC-SEC. ROTATIVOS > P10-ECN-LGC-ECONOMIZER,P10 > P10-HRN-LGC-HARINA > P10-HRN-LGC-SEC. ROTATIVOS > P10-ECN-LGC-ECONOMIZER > P10-ECN-DMP-DAMP_2,227678,25d0f85d-57da-4cae-8ca2-9b682363407e-0003795e,Roofs,,Genérico - 400 mm,Genérico - 400 mm,,P10 > P10-HRN-LGC-HARINA > P10-HRN-LGC-MOLINOS,contenedor_scoring,227678,25d0f85d-57da-4cae-8ca2-9b682363407e-0003795e,P10 > P10-HRN-LGC-HARINA > P10-HRN-LGC-MOLINOS,3,27,NO,200,200,0,ancestro_project_exacto_duplicado,227678:200:P10 > P10-HRN-LGC-HARINA > P10-HRN-LGC-MOLINOS || 281487:200:P10 > P10-HRN-LGC-HARINA > P10-HRN-ENF-EG02 || 358462:200:P10 > P10-HRN-LGC-HARINA > P10-HRN-LGC-SEC. ROTATIVOS > P10-HRN-SRT-SR01 || 358495:200:P10 > P10-HRN-LGC-HARINA > P10-HRN-LGC-SEC. ROTATIVOS > P10-HRN-SRT-SR02 || 367888:200:P10 > P10-HRN-LGC-HARINA > P10-HRN-ENF-EG01 || 377635:200:P10 > P10-HRN-LGC-HARINA > P10-HRN-FLT-FMHRN || 380547:200:P10 > P10-HRN-LGC-HARINA > P10-HRN-LGC-TAMIZADORES || 380565:200:P10 > P10-HRN-LGC-HARINA > P10-HRN-FLT-FMHRN || ... +2,P10-HRN-LGC-HARINA,Ancestro Project P10-HRN-LGC-HARINA aparece en 10 contenedores.,P10,P10-HRN-LGC-HARINA,P10-HRN-LGC-MOLINOS,,,,,,,,,,,,,,,,,,,,,,,,,,,,hay más de un contenedor candidato
contenedor_duplicado,contenedor_por_ancestro_project,P10-ECN-DMP-DAMP_3,DUMPER 3 ECONOMIZER,307,5,307,P10-ECN-LGC-ECONOMIZER,P10-ECN-LGC-ECONOMIZER,P10-HRN-LGC-HARINA > P10-HRN-LGC-SEC > P10-ECN-LGC-ECONOMIZER,P10 > P10-HRN-LGC-HARINA > P10-HRN-LGC-SEC. ROTATIVOS > P10-ECN-LGC-ECONOMIZER,P10 > P10-HRN-LGC-HARINA > P10-HRN-LGC-SEC. ROTATIVOS > P10-ECN-LGC-ECONOMIZER > P10-ECN-DMP-DAMP_3,227678,25d0f85d-57da-4cae-8ca2-9b682363407e-0003795e,Roofs,,Genérico - 400 mm,Genérico - 400 mm,,P10 > P10-HRN-LGC-HARINA > P10-HRN-LGC-MOLINOS,contenedor_scoring,227678,25d0f85d-57da-4cae-8ca2-9b682363407e-0003795e,P10 > P10-HRN-LGC-HARINA > P10-HRN-LGC-MOLINOS,3,27,NO,200,200,0,ancestro_project_exacto_duplicado,227678:200:P10 > P10-HRN-LGC-HARINA > P10-HRN-LGC-MOLINOS || 281487:200:P10 > P10-HRN-LGC-HARINA > P10-HRN-ENF-EG02 || 358462:200:P10 > P10-HRN-LGC-HARINA > P10-HRN-LGC-SEC. ROTATIVOS > P10-HRN-SRT-SR01 || 358495:200:P10 > P10-HRN-LGC-HARINA > P10-HRN-LGC-SEC. ROTATIVOS > P10-HRN-SRT-SR02 || 367888:200:P10 > P10-HRN-LGC-HARINA > P10-HRN-ENF-EG01 || 377635:200:P10 > P10-HRN-LGC-HARINA > P10-HRN-FLT-FMHRN || 380547:200:P10 > P10-HRN-LGC-HARINA > P10-HRN-LGC-TAMIZADORES || 380565:200:P10 > P10-HRN-LGC-HARINA > P10-HRN-FLT-FMHRN || ... +2,P10-HRN-LGC-HARINA,Ancestro Project P10-HRN-LGC-HARINA aparece en 10 contenedores.,P10,P10-HRN-LGC-HARINA,P10-HRN-LGC-MOLINOS,,,,,,,,,,,,,,,,,,,,,,,,,,,,hay más de un contenedor candidato
contenedor_duplicado,contenedor_por_ancestro_project,P10-ECN-DMP-DAMP_4,DUMPER 4 ECONOMIZER,308,5,308,P10-ECN-LGC-ECONOMIZER,P10-ECN-LGC-ECONOMIZER,P10-HRN-LGC-HARINA > P10-HRN-LGC-SEC > P10-ECN-LGC-ECONOMIZER,P10 > P10-HRN-LGC-HARINA > P10-HRN-LGC-SEC. ROTATIVOS > P10-ECN-LGC-ECONOMIZER,P10 > P10-HRN-LGC-HARINA > P10-HRN-LGC-SEC. ROTATIVOS > P10-ECN-LGC-ECONOMIZER > P10-ECN-DMP-DAMP_4,227678,25d0f85d-57da-4cae-8ca2-9b682363407e-0003795e,Roofs,,Genérico - 400 mm,Genérico - 400 mm,,P10 > P10-HRN-LGC-HARINA > P10-HRN-LGC-MOLINOS,contenedor_scoring,227678,25d0f85d-57da-4cae-8ca2-9b682363407e-0003795e,P10 > P10-HRN-LGC-HARINA > P10-HRN-LGC-MOLINOS,3,27,NO,200,200,0,ancestro_project_exacto_duplicado,227678:200:P10 > P10-HRN-LGC-HARINA > P10-HRN-LGC-MOLINOS || 281487:200:P10 > P10-HRN-LGC-HARINA > P10-HRN-ENF-EG02 || 358462:200:P10 > P10-HRN-LGC-HARINA > P10-HRN-LGC-SEC. ROTATIVOS > P10-HRN-SRT-SR01 || 358495:200:P10 > P10-HRN-LGC-HARINA > P10-HRN-LGC-SEC. ROTATIVOS > P10-HRN-SRT-SR02 || 367888:200:P10 > P10-HRN-LGC-HARINA > P10-HRN-ENF-EG01 || 377635:200:P10 > P10-HRN-LGC-HARINA > P10-HRN-FLT-FMHRN || 380547:200:P10 > P10-HRN-LGC-HARINA > P10-HRN-LGC-TAMIZADORES || 380565:200:P10 > P10-HRN-LGC-HARINA > P10-HRN-FLT-FMHRN || ... +2,P10-HRN-LGC-HARINA,Ancestro Project P10-HRN-LGC-HARINA aparece en 10 contenedores.,P10,P10-HRN-LGC-HARINA,P10-HRN-LGC-MOLINOS,,,,,,,,,,,,,,,,,,,,,,,,,,,,hay más de un contenedor candidato
contenedor_duplicado,contenedor_por_ancestro_project,P10-ECN-DMP-DAMP_5,DUMPER 5 ECONOMIZER,309,5,309,P10-ECN-LGC-ECONOMIZER,P10-ECN-LGC-ECONOMIZER,P10-HRN-LGC-HARINA > P10-HRN-LGC-SEC > P10-ECN-LGC-ECONOMIZER,P10 > P10-HRN-LGC-HARINA > P10-HRN-LGC-SEC. ROTATIVOS > P10-ECN-LGC-ECONOMIZER,P10 > P10-HRN-LGC-HARINA > P10-HRN-LGC-SEC. ROTATIVOS > P10-ECN-LGC-ECONOMIZER > P10-ECN-DMP-DAMP_5,227678,25d0f85d-57da-4cae-8ca2-9b682363407e-0003795e,Roofs,,Genérico - 400 mm,Genérico - 400 mm,,P10 > P10-HRN-LGC-HARINA > P10-HRN-LGC-MOLINOS,contenedor_scoring,227678,25d0f85d-57da-4cae-8ca2-9b682363407e-0003795e,P10 > P10-HRN-LGC-HARINA > P10-HRN-LGC-MOLINOS,3,27,NO,200,200,0,ancestro_project_exacto_duplicado,227678:200:P10 > P10-HRN-LGC-HARINA > P10-HRN-LGC-MOLINOS || 281487:200:P10 > P10-HRN-LGC-HARINA > P10-HRN-ENF-EG02 || 358462:200:P10 > P10-HRN-LGC-HARINA > P10-HRN-LGC-SEC. ROTATIVOS > P10-HRN-SRT-SR01 || 358495:200:P10 > P10-HRN-LGC-HARINA > P10-HRN-LGC-SEC. ROTATIVOS > P10-HRN-SRT-SR02 || 367888:200:P10 > P10-HRN-LGC-HARINA > P10-HRN-ENF-EG01 || 377635:200:P10 > P10-HRN-LGC-HARINA > P10-HRN-FLT-FMHRN || 380547:200:P10 > P10-HRN-LGC-HARINA > P10-HRN-LGC-TAMIZADORES || 380565:200:P10 > P10-HRN-LGC-HARINA > P10-HRN-FLT-FMHRN || ... +2,P10-HRN-LGC-HARINA,Ancestro Project P10-HRN-LGC-HARINA aparece en 10 contenedores.,P10,P10-HRN-LGC-HARINA,P10-HRN-LGC-MOLINOS,,,,,,,,,,,,,,,,,,,,,,,,,,,,hay más de un contenedor candidato
contenedor_duplicado,contenedor_por_ancestro_project,P10-ECN-ECN-ECONOMIZER,EQUIPO ECONOMIZER 13/20,310,5,310,P10-ECN-LGC-ECONOMIZER,P10-ECN-LGC-ECONOMIZER,P10-HRN-LGC-HARINA > P10-HRN-LGC-SEC > P10-ECN-LGC-ECONOMIZER,P10 > P10-HRN-LGC-HARINA > P10-HRN-LGC-SEC. ROTATIVOS > P10-ECN-LGC-ECONOMIZER,P10 > P10-HRN-LGC-HARINA > P10-HRN-LGC-SEC. ROTATIVOS > P10-ECN-LGC-ECONOMIZER > P10-ECN-ECN-ECONOMIZER,227678,25d0f85d-57da-4cae-8ca2-9b682363407e-0003795e,Roofs,,Genérico - 400 mm,Genérico - 400 mm,,P10 > P10-HRN-LGC-HARINA > P10-HRN-LGC-MOLINOS,contenedor_scoring,227678,25d0f85d-57da-4cae-8ca2-9b682363407e-0003795e,P10 > P10-HRN-LGC-HARINA > P10-HRN-LGC-MOLINOS,3,27,NO,200,200,0,ancestro_project_exacto_duplicado,227678:200:P10 > P10-HRN-LGC-HARINA > P10-HRN-LGC-MOLINOS || 281487:200:P10 > P10-HRN-LGC-HARINA > P10-HRN-ENF-EG02 || 358462:200:P10 > P10-HRN-LGC-HARINA > P10-HRN-LGC-SEC. ROTATIVOS > P10-HRN-SRT-SR01 || 358495:200:P10 > P10-HRN-LGC-HARINA > P10-HRN-LGC-SEC. ROTATIVOS > P10-HRN-SRT-SR02 || 367888:200:P10 > P10-HRN-LGC-HARINA > P10-HRN-ENF-EG01 || 377635:200:P10 > P10-HRN-LGC-HARINA > P10-HRN-FLT-FMHRN || 380547:200:P10 > P10-HRN-LGC-HARINA > P10-HRN-LGC-TAMIZADORES || 380565:200:P10 > P10-HRN-LGC-HARINA > P10-HRN-FLT-FMHRN || ... +2,P10-HRN-LGC-HARINA,Ancestro Project P10-HRN-LGC-HARINA aparece en 10 contenedores.,P10,P10-HRN-LGC-HARINA,P10-HRN-LGC-MOLINOS,,,,,,,,,,,,,,,,,,,,,,,,,,,,hay más de un contenedor candidato
contenedor_duplicado,contenedor_por_ancestro_project,P10-ECN-RSC-SF25,ROSCA SF25 DE ROTATIVA A MEZLCLAODRAS SF11L Y R,311,5,311,P10-ECN-LGC-ECONOMIZER,P10-ECN-LGC-ECONOMIZER,P10-HRN-LGC-HARINA > P10-HRN-LGC-SEC > P10-ECN-LGC-ECONOMIZER,P10 > P10-HRN-LGC-HARINA > P10-HRN-LGC-SEC. ROTATIVOS > P10-ECN-LGC-ECONOMIZER,P10 > P10-HRN-LGC-HARINA > P10-HRN-LGC-SEC. ROTATIVOS > P10-ECN-LGC-ECONOMIZER > P10-ECN-RSC-SF25,227678,25d0f85d-57da-4cae-8ca2-9b682363407e-0003795e,Roofs,,Genérico - 400 mm,Genérico - 400 mm,,P10 > P10-HRN-LGC-HARINA > P10-HRN-LGC-MOLINOS,contenedor_scoring,227678,25d0f85d-57da-4cae-8ca2-9b682363407e-0003795e,P10 > P10-HRN-LGC-HARINA > P10-HRN-LGC-MOLINOS,3,27,NO,200,200,0,ancestro_project_exacto_duplicado,227678:200:P10 > P10-HRN-LGC-HARINA > P10-HRN-LGC-MOLINOS || 281487:200:P10 > P10-HRN-LGC-HARINA > P10-HRN-ENF-EG02 || 358462:200:P10 > P10-HRN-LGC-HARINA > P10-HRN-LGC-SEC. ROTATIVOS > P10-HRN-SRT-SR01 || 358495:200:P10 > P10-HRN-LGC-HARINA > P10-HRN-LGC-SEC. ROTATIVOS > P10-HRN-SRT-SR02 || 367888:200:P10 > P10-HRN-LGC-HARINA > P10-HRN-ENF-EG01 || 377635:200:P10 > P10-HRN-LGC-HARINA > P10-HRN-FLT-FMHRN || 380547:200:P10 > P10-HRN-LGC-HARINA > P10-HRN-LGC-TAMIZADORES || 380565:200:P10 > P10-HRN-LGC-HARINA > P10-HRN-FLT-FMHRN || ... +2,P10-HRN-LGC-HARINA,Ancestro Project P10-HRN-LGC-HARINA aparece en 10 contenedores.,P10,P10-HRN-LGC-HARINA,P10-HRN-LGC-MOLINOS,,,,,,,,,,,,,,,,,,,,,,,,,,,,hay más de un contenedor candidato
contenedor_duplicado,contenedor_por_ancestro_project,P10-ECN-VNT-VE70,VENTILADOR VE70 ECONOMIZER,312,5,312,P10-ECN-LGC-ECONOMIZER,P10-ECN-LGC-ECONOMIZER,P10-HRN-LGC-HARINA > P10-HRN-LGC-SEC > P10-ECN-LGC-ECONOMIZER,P10 > P10-HRN-LGC-HARINA > P10-HRN-LGC-SEC. ROTATIVOS > P10-ECN-LGC-ECONOMIZER,P10 > P10-HRN-LGC-HARINA > P10-HRN-LGC-SEC. ROTATIVOS > P10-ECN-LGC-ECONOMIZER > P10-ECN-VNT-VE70,227678,25d0f85d-57da-4cae-8ca2-9b682363407e-0003795e,Roofs,,Genérico - 400 mm,Genérico - 400 mm,,P10 > P10-HRN-LGC-HARINA > P10-HRN-LGC-MOLINOS,contenedor_scoring,227678,25d0f85d-57da-4cae-8ca2-9b682363407e-0003795e,P10 > P10-HRN-LGC-HARINA > P10-HRN-LGC-MOLINOS,3,27,NO,200,200,0,ancestro_project_exacto_duplicado,227678:200:P10 > P10-HRN-LGC-HARINA > P10-HRN-LGC-MOLINOS || 281487:200:P10 > P10-HRN-LGC-HARINA > P10-HRN-ENF-EG02 || 358462:200:P10 > P10-HRN-LGC-HARINA > P10-HRN-LGC-SEC. ROTATIVOS > P10-HRN-SRT-SR01 || 358495:200:P10 > P10-HRN-LGC-HARINA > P10-HRN-LGC-SEC. ROTATIVOS > P10-HRN-SRT-SR02 || 367888:200:P10 > P10-HRN-LGC-HARINA > P10-HRN-ENF-EG01 || 377635:200:P10 > P10-HRN-LGC-HARINA > P10-HRN-FLT-FMHRN || 380547:200:P10 > P10-HRN-LGC-HARINA > P10-HRN-LGC-TAMIZADORES || 380565:200:P10 > P10-HRN-LGC-HARINA > P10-HRN-FLT-FMHRN || ... +2,P10-HRN-LGC-HARINA,Ancestro Project P10-HRN-LGC-HARINA aparece en 10 contenedores.,P10,P10-HRN-LGC-HARINA,P10-HRN-LGC-MOLINOS,,,,,,,,,,,,,,,,,,,,,,,,,,,,hay más de un contenedor candidato
contenedor_duplicado,contenedor_por_ancestro_project,P10-ECN-CCL-CVE70,CICLON VENTILADOR CVE70 ECONOMIZER,313,6,313,P10-ECN-VNT-VE70,P10-ECN-VNT-VE70,P10-HRN-LGC-HARINA > P10-HRN-LGC-SEC > P10-ECN-LGC-ECONOMIZER > P10-ECN-VNT-VE70,P10 > P10-HRN-LGC-HARINA > P10-HRN-LGC-SEC. ROTATIVOS > P10-ECN-LGC-ECONOMIZER > P10-ECN-VNT-VE70,P10 > P10-HRN-LGC-HARINA > P10-HRN-LGC-SEC. ROTATIVOS > P10-ECN-LGC-ECONOMIZER > P10-ECN-VNT-VE70 > P10-ECN-CCL-CVE70,227678,25d0f85d-57da-4cae-8ca2-9b682363407e-0003795e,Roofs,,Genérico - 400 mm,Genérico - 400 mm,,P10 > P10-HRN-LGC-HARINA > P10-HRN-LGC-MOLINOS,contenedor_scoring,227678,25d0f85d-57da-4cae-8ca2-9b682363407e-0003795e,P10 > P10-HRN-LGC-HARINA > P10-HRN-LGC-MOLINOS,3,27,NO,200,200,0,ancestro_project_exacto_duplicado,227678:200:P10 > P10-HRN-LGC-HARINA > P10-HRN-LGC-MOLINOS || 281487:200:P10 > P10-HRN-LGC-HARINA > P10-HRN-ENF-EG02 || 358462:200:P10 > P10-HRN-LGC-HARINA > P10-HRN-LGC-SEC. ROTATIVOS > P10-HRN-SRT-SR01 || 358495:200:P10 > P10-HRN-LGC-HARINA > P10-HRN-LGC-SEC. ROTATIVOS > P10-HRN-SRT-SR02 || 367888:200:P10 > P10-HRN-LGC-HARINA > P10-HRN-ENF-EG01 || 377635:200:P10 > P10-HRN-LGC-HARINA > P10-HRN-FLT-FMHRN || 380547:200:P10 > P10-HRN-LGC-HARINA > P10-HRN-LGC-TAMIZADORES || 380565:200:P10 > P10-HRN-LGC-HARINA > P10-HRN-FLT-FMHRN || ... +2,P10-HRN-LGC-HARINA,Ancestro Project P10-HRN-LGC-HARINA aparece en 10 contenedores.,P10,P10-HRN-LGC-HARINA,P10-HRN-LGC-MOLINOS,,,,,,,,,,,,,,,,,,,,,,,,,,,,hay más de un contenedor candidato
contenedor_duplicado,contenedor_por_ancestro_project,P10-ECN-VLV-VR70,VALVULA ROTATIVA BAJO CICLON VENTILADOR ECONOMIZER A ROSCA SF25,314,6,314,P10-ECN-VNT-VE70,P10-ECN-VNT-VE70,P10-HRN-LGC-HARINA > P10-HRN-LGC-SEC > P10-ECN-LGC-ECONOMIZER > P10-ECN-VNT-VE70,P10 > P10-HRN-LGC-HARINA > P10-HRN-LGC-SEC. ROTATIVOS > P10-ECN-LGC-ECONOMIZER > P10-ECN-VNT-VE70,P10 > P10-HRN-LGC-HARINA > P10-HRN-LGC-SEC. ROTATIVOS > P10-ECN-LGC-ECONOMIZER > P10-ECN-VNT-VE70 > P10-ECN-VLV-VR70,227678,25d0f85d-57da-4cae-8ca2-9b682363407e-0003795e,Roofs,,Genérico - 400 mm,Genérico - 400 mm,,P10 > P10-HRN-LGC-HARINA > P10-HRN-LGC-MOLINOS,contenedor_scoring,227678,25d0f85d-57da-4cae-8ca2-9b682363407e-0003795e,P10 > P10-HRN-LGC-HARINA > P10-HRN-LGC-MOLINOS,3,27,NO,200,200,0,ancestro_project_exacto_duplicado,227678:200:P10 > P10-HRN-LGC-HARINA > P10-HRN-LGC-MOLINOS || 281487:200:P10 > P10-HRN-LGC-HARINA > P10-HRN-ENF-EG02 || 358462:200:P10 > P10-HRN-LGC-HARINA > P10-HRN-LGC-SEC. ROTATIVOS > P10-HRN-SRT-SR01 || 358495:200:P10 > P10-HRN-LGC-HARINA > P10-HRN-LGC-SEC. ROTATIVOS > P10-HRN-SRT-SR02 || 367888:200:P10 > P10-HRN-LGC-HARINA > P10-HRN-ENF-EG01 || 377635:200:P10 > P10-HRN-LGC-HARINA > P10-HRN-FLT-FMHRN || 380547:200:P10 > P10-HRN-LGC-HARINA > P10-HRN-LGC-TAMIZADORES || 380565:200:P10 > P10-HRN-LGC-HARINA > P10-HRN-FLT-FMHRN || ... +2,P10-HRN-LGC-HARINA,Ancestro Project P10-HRN-LGC-HARINA aparece en 10 contenedores.,P10,P10-HRN-LGC-HARINA,P10-HRN-LGC-MOLINOS,,,,,,,,,,,,,,,,,,,,,,,,,,,,hay más de un contenedor candidato
contenedor_duplicado,contenedor_por_ancestro_project,P10-HRN-TNQ-TKSR,TANQUE CONDENSADO DE ROTATIVOS,315,4,315,P10-HRN-LGC-SEC. ROTATIVOS,P10-HRN-LGC-SEC,P10-HRN-LGC-HARINA > P10-HRN-LGC-SEC,P10 > P10-HRN-LGC-HARINA > P10-HRN-LGC-SEC. ROTATIVOS,P10 > P10-HRN-LGC-HARINA > P10-HRN-LGC-SEC. ROTATIVOS > P10-HRN-TNQ-TKSR,227678,25d0f85d-57da-4cae-8ca2-9b682363407e-0003795e,Roofs,,Genérico - 400 mm,Genérico - 400 mm,,P10 > P10-HRN-LGC-HARINA > P10-HRN-LGC-MOLINOS,contenedor_scoring,227678,25d0f85d-57da-4cae-8ca2-9b682363407e-0003795e,P10 > P10-HRN-LGC-HARINA > P10-HRN-LGC-MOLINOS,3,27,NO,200,200,0,ancestro_project_exacto_duplicado,227678:200:P10 > P10-HRN-LGC-HARINA > P10-HRN-LGC-MOLINOS || 281487:200:P10 > P10-HRN-LGC-HARINA > P10-HRN-ENF-EG02 || 358462:200:P10 > P10-HRN-LGC-HARINA > P10-HRN-LGC-SEC. ROTATIVOS > P10-HRN-SRT-SR01 || 358495:200:P10 > P10-HRN-LGC-HARINA > P10-HRN-LGC-SEC. ROTATIVOS > P10-HRN-SRT-SR02 || 367888:200:P10 > P10-HRN-LGC-HARINA > P10-HRN-ENF-EG01 || 377635:200:P10 > P10-HRN-LGC-HARINA > P10-HRN-FLT-FMHRN || 380547:200:P10 > P10-HRN-LGC-HARINA > P10-HRN-LGC-TAMIZADORES || 380565:200:P10 > P10-HRN-LGC-HARINA > P10-HRN-FLT-FMHRN || ... +2,P10-HRN-LGC-HARINA,Ancestro Project P10-HRN-LGC-HARINA aparece en 10 contenedores.,P10,P10-HRN-LGC-HARINA,P10-HRN-LGC-MOLINOS,,,,,,,,,,,,,,,,,,,,,,,,,,,,hay más de un contenedor candidato
contenedor_duplicado,contenedor_por_ancestro_project,P10-HRN-VLV-VSSR01,VALVULA SEGURIDAD DE SECADOR ROTATIVO SR01,317,4,317,P10-HRN-LGC-SEC. ROTATIVOS,P10-HRN-LGC-SEC,P10-HRN-LGC-HARINA > P10-HRN-LGC-SEC,P10 > P10-HRN-LGC-HARINA > P10-HRN-LGC-SEC. ROTATIVOS,P10 > P10-HRN-LGC-HARINA > P10-HRN-LGC-SEC. ROTATIVOS > P10-HRN-VLV-VSSR01,227678,25d0f85d-57da-4cae-8ca2-9b682363407e-0003795e,Roofs,,Genérico - 400 mm,Genérico - 400 mm,,P10 > P10-HRN-LGC-HARINA > P10-HRN-LGC-MOLINOS,contenedor_scoring,227678,25d0f85d-57da-4cae-8ca2-9b682363407e-0003795e,P10 > P10-HRN-LGC-HARINA > P10-HRN-LGC-MOLINOS,3,27,NO,200,200,0,ancestro_project_exacto_duplicado,227678:200:P10 > P10-HRN-LGC-HARINA > P10-HRN-LGC-MOLINOS || 281487:200:P10 > P10-HRN-LGC-HARINA > P10-HRN-ENF-EG02 || 358462:200:P10 > P10-HRN-LGC-HARINA > P10-HRN-LGC-SEC. ROTATIVOS > P10-HRN-SRT-SR01 || 358495:200:P10 > P10-HRN-LGC-HARINA > P10-HRN-LGC-SEC. ROTATIVOS > P10-HRN-SRT-SR02 || 367888:200:P10 > P10-HRN-LGC-HARINA > P10-HRN-ENF-EG01 || 377635:200:P10 > P10-HRN-LGC-HARINA > P10-HRN-FLT-FMHRN || 380547:200:P10 > P10-HRN-LGC-HARINA > P10-HRN-LGC-TAMIZADORES || 380565:200:P10 > P10-HRN-LGC-HARINA > P10-HRN-FLT-FMHRN || ... +2,P10-HRN-LGC-HARINA,Ancestro Project P10-HRN-LGC-HARINA aparece en 10 contenedores.,P10,P10-HRN-LGC-HARINA,P10-HRN-LGC-MOLINOS,,,,,,,,,,,,,,,,,,,,,,,,,,,,hay más de un contenedor candidato
contenedor_duplicado,contenedor_por_ancestro_project,P10-HRN-VLV-VSSR02,VALVULA SEGURIDAD DE SECADOR ROTATIVO SR02,318,4,318,P10-HRN-LGC-SEC. ROTATIVOS,P10-HRN-LGC-SEC,P10-HRN-LGC-HARINA > P10-HRN-LGC-SEC,P10 > P10-HRN-LGC-HARINA > P10-HRN-LGC-SEC. ROTATIVOS,P10 > P10-HRN-LGC-HARINA > P10-HRN-LGC-SEC. ROTATIVOS > P10-HRN-VLV-VSSR02,227678,25d0f85d-57da-4cae-8ca2-9b682363407e-0003795e,Roofs,,Genérico - 400 mm,Genérico - 400 mm,,P10 > P10-HRN-LGC-HARINA > P10-HRN-LGC-MOLINOS,contenedor_scoring,227678,25d0f85d-57da-4cae-8ca2-9b682363407e-0003795e,P10 > P10-HRN-LGC-HARINA > P10-HRN-LGC-MOLINOS,3,27,NO,200,200,0,ancestro_project_exacto_duplicado,227678:200:P10 > P10-HRN-LGC-HARINA > P10-HRN-LGC-MOLINOS || 281487:200:P10 > P10-HRN-LGC-HARINA > P10-HRN-ENF-EG02 || 358462:200:P10 > P10-HRN-LGC-HARINA > P10-HRN-LGC-SEC. ROTATIVOS > P10-HRN-SRT-SR01 || 358495:200:P10 > P10-HRN-LGC-HARINA > P10-HRN-LGC-SEC. ROTATIVOS > P10-HRN-SRT-SR02 || 367888:200:P10 > P10-HRN-LGC-HARINA > P10-HRN-ENF-EG01 || 377635:200:P10 > P10-HRN-LGC-HARINA > P10-HRN-FLT-FMHRN || 380547:200:P10 > P10-HRN-LGC-HARINA > P10-HRN-LGC-TAMIZADORES || 380565:200:P10 > P10-HRN-LGC-HARINA > P10-HRN-FLT-FMHRN || ... +2,P10-HRN-LGC-HARINA,Ancestro Project P10-HRN-LGC-HARINA aparece en 10 contenedores.,P10,P10-HRN-LGC-HARINA,P10-HRN-LGC-MOLINOS,,,,,,,,,,,,,,,,,,,,,,,,,,,,hay más de un contenedor candidato
duplicado,elemento_puntual,P10-HRN-FLT-FMHRN,FILTRO DE MANGAS HARINA,430,3,430,P10-HRN-LGC-HARINA,P10-HRN-LGC-HARINA,P10-HRN-LGC-HARINA,P10 > P10-HRN-LGC-HARINA,P10 > P10-HRN-LGC-HARINA > P10-HRN-FLT-FMHRN,377635,c5ee6896-39ff-4562-be63-4682b50c65ca-0005c323,Generic Models,puert11,puert,puert,,P10 > P10-HRN-LGC-HARINA > P10-HRN-FLT-FMHRN,btz_description_03,,,,,,,,,,,,,2 elementos Revit contienen el código exacto.,P10,P10-HRN-LGC-HARINA,P10-HRN-FLT-FMHRN,,,,,,,,,,,,,,,,,,,,,,,,,,,,hay más de un elemento puntual posible
duplicado,elemento_puntual,P10-HRN-FLT-FMHRN,FILTRO DE MANGAS HARINA,430,3,430,P10-HRN-LGC-HARINA,P10-HRN-LGC-HARINA,P10-HRN-LGC-HARINA,P10 > P10-HRN-LGC-HARINA,P10 > P10-HRN-LGC-HARINA > P10-HRN-FLT-FMHRN,380565,ddbef6d8-5146-4ece-9a6f-82caaca14519-0005ce95,Roofs,,Genérico - 400 mm,Genérico - 400 mm,,P10 > P10-HRN-LGC-HARINA > P10-HRN-FLT-FMHRN,btz_description_03,,,,,,,,,,,,,2 elementos Revit contienen el código exacto.,P10,P10-HRN-LGC-HARINA,P10-HRN-FLT-FMHRN,,,,,,,,,,,,,,,,,,,,,,,,,,,,hay más de un elemento puntual posible
contenedor_duplicado,contenedor_por_ancestro_project,P10-HRN-BRL-BRL3,BRAZO ROT. LIMPIEZA FMHRN,431,4,431,P10-HRN-FLT-FMHRN,P10-HRN-FLT-FMHRN,P10-HRN-LGC-HARINA > P10-HRN-FLT-FMHRN,P10 > P10-HRN-LGC-HARINA > P10-HRN-FLT-FMHRN,P10 > P10-HRN-LGC-HARINA > P10-HRN-FLT-FMHRN > P10-HRN-BRL-BRL3,377635,c5ee6896-39ff-4562-be63-4682b50c65ca-0005c323,Generic Models,puert11,puert,puert,,P10 > P10-HRN-LGC-HARINA > P10-HRN-FLT-FMHRN,contenedor_scoring,377635,c5ee6896-39ff-4562-be63-4682b50c65ca-0005c323,P10 > P10-HRN-LGC-HARINA > P10-HRN-FLT-FMHRN,3,27,NO,200,200,0,ancestro_project_exacto_duplicado,377635:200:P10 > P10-HRN-LGC-HARINA > P10-HRN-FLT-FMHRN || 380565:200:P10 > P10-HRN-LGC-HARINA > P10-HRN-FLT-FMHRN,P10-HRN-FLT-FMHRN,Ancestro Project P10-HRN-FLT-FMHRN aparece en 2 contenedores.,P10,P10-HRN-LGC-HARINA,P10-HRN-FLT-FMHRN,,,,,,,,,,,,,,,,,,,,,,,,,,,,hay más de un contenedor candidato
contenedor_duplicado,contenedor_por_ancestro_project,P10-HRN-RSC-HSF01,ROSCA SIN FIN FILTRO MANGA FMHRN,432,4,432,P10-HRN-FLT-FMHRN,P10-HRN-FLT-FMHRN,P10-HRN-LGC-HARINA > P10-HRN-FLT-FMHRN,P10 > P10-HRN-LGC-HARINA > P10-HRN-FLT-FMHRN,P10 > P10-HRN-LGC-HARINA > P10-HRN-FLT-FMHRN > P10-HRN-RSC-HSF01,377635,c5ee6896-39ff-4562-be63-4682b50c65ca-0005c323,Generic Models,puert11,puert,puert,,P10 > P10-HRN-LGC-HARINA > P10-HRN-FLT-FMHRN,contenedor_scoring,377635,c5ee6896-39ff-4562-be63-4682b50c65ca-0005c323,P10 > P10-HRN-LGC-HARINA > P10-HRN-FLT-FMHRN,3,27,NO,200,200,0,ancestro_project_exacto_duplicado,377635:200:P10 > P10-HRN-LGC-HARINA > P10-HRN-FLT-FMHRN || 380565:200:P10 > P10-HRN-LGC-HARINA > P10-HRN-FLT-FMHRN,P10-HRN-FLT-FMHRN,Ancestro Project P10-HRN-FLT-FMHRN aparece en 2 contenedores.,P10,P10-HRN-LGC-HARINA,P10-HRN-FLT-FMHRN,,,,,,,,,,,,,,,,,,,,,,,,,,,,hay más de un contenedor candidato
contenedor_duplicado,contenedor_por_ancestro_project,P10-HRN-VLV-VR32,VALV. ROT. 32 FILTRO DE MANGAS FMHRN,433,4,433,P10-HRN-FLT-FMHRN,P10-HRN-FLT-FMHRN,P10-HRN-LGC-HARINA > P10-HRN-FLT-FMHRN,P10 > P10-HRN-LGC-HARINA > P10-HRN-FLT-FMHRN,P10 > P10-HRN-LGC-HARINA > P10-HRN-FLT-FMHRN > P10-HRN-VLV-VR32,377635,c5ee6896-39ff-4562-be63-4682b50c65ca-0005c323,Generic Models,puert11,puert,puert,,P10 > P10-HRN-LGC-HARINA > P10-HRN-FLT-FMHRN,contenedor_scoring,377635,c5ee6896-39ff-4562-be63-4682b50c65ca-0005c323,P10 > P10-HRN-LGC-HARINA > P10-HRN-FLT-FMHRN,3,27,NO,200,200,0,ancestro_project_exacto_duplicado,377635:200:P10 > P10-HRN-LGC-HARINA > P10-HRN-FLT-FMHRN || 380565:200:P10 > P10-HRN-LGC-HARINA > P10-HRN-FLT-FMHRN,P10-HRN-FLT-FMHRN,Ancestro Project P10-HRN-FLT-FMHRN aparece en 2 contenedores.,P10,P10-HRN-LGC-HARINA,P10-HRN-FLT-FMHRN,,,,,,,,,,,,,,,,,,,,,,,,,,,,hay más de un contenedor candidato
contenedor_duplicado,contenedor_por_ancestro_project,P10-HRN-VNT-VE64,VENT. FILTRO DE MANGAS FMHRN,434,4,434,P10-HRN-FLT-FMHRN,P10-HRN-FLT-FMHRN,P10-HRN-LGC-HARINA > P10-HRN-FLT-FMHRN,P10 > P10-HRN-LGC-HARINA > P10-HRN-FLT-FMHRN,P10 > P10-HRN-LGC-HARINA > P10-HRN-FLT-FMHRN > P10-HRN-VNT-VE64,377635,c5ee6896-39ff-4562-be63-4682b50c65ca-0005c323,Generic Models,puert11,puert,puert,,P10 > P10-HRN-LGC-HARINA > P10-HRN-FLT-FMHRN,contenedor_scoring,377635,c5ee6896-39ff-4562-be63-4682b50c65ca-0005c323,P10 > P10-HRN-LGC-HARINA > P10-HRN-FLT-FMHRN,3,27,NO,200,200,0,ancestro_project_exacto_duplicado,377635:200:P10 > P10-HRN-LGC-HARINA > P10-HRN-FLT-FMHRN || 380565:200:P10 > P10-HRN-LGC-HARINA > P10-HRN-FLT-FMHRN,P10-HRN-FLT-FMHRN,Ancestro Project P10-HRN-FLT-FMHRN aparece en 2 contenedores.,P10,P10-HRN-LGC-HARINA,P10-HRN-FLT-FMHRN,,,,,,,,,,,,,,,,,,,,,,,,,,,,hay más de un contenedor candidato
contenedor_duplicado,contenedor_por_ancestro_project,P10-HRN-VNT-VE65,VENT. P/ LIMPIEZAFILTRO DE MANGAS FMHRN,435,4,435,P10-HRN-FLT-FMHRN,P10-HRN-FLT-FMHRN,P10-HRN-LGC-HARINA > P10-HRN-FLT-FMHRN,P10 > P10-HRN-LGC-HARINA > P10-HRN-FLT-FMHRN,P10 > P10-HRN-LGC-HARINA > P10-HRN-FLT-FMHRN > P10-HRN-VNT-VE65,377635,c5ee6896-39ff-4562-be63-4682b50c65ca-0005c323,Generic Models,puert11,puert,puert,,P10 > P10-HRN-LGC-HARINA > P10-HRN-FLT-FMHRN,contenedor_scoring,377635,c5ee6896-39ff-4562-be63-4682b50c65ca-0005c323,P10 > P10-HRN-LGC-HARINA > P10-HRN-FLT-FMHRN,3,27,NO,200,200,0,ancestro_project_exacto_duplicado,377635:200:P10 > P10-HRN-LGC-HARINA > P10-HRN-FLT-FMHRN || 380565:200:P10 > P10-HRN-LGC-HARINA > P10-HRN-FLT-FMHRN,P10-HRN-FLT-FMHRN,Ancestro Project P10-HRN-FLT-FMHRN aparece en 2 contenedores.,P10,P10-HRN-LGC-HARINA,P10-HRN-FLT-FMHRN,,,,,,,,,,,,,,,,,,,,,,,,,,,,hay más de un contenedor candidato
duplicado,elemento_puntual,P10-PRP-LGC-PREPARACION,SECTOR PREPARACION P10,436,2,436,P10,,,P10,P10 > P10-PRP-LGC-PREPARACION,281069,a027b4da-4e9c-44ad-b607-5fb48d4c7061-000449ed,Roofs,,Genérico - 400 mm,Genérico - 400 mm,,P10 > P10-PRP-LGC-PREPARACION > P10-PRP-LGC-QUEBRADORES,btz_description_02,,,,,,,,,,,,,7 elementos Revit contienen el código exacto.,P10,P10-PRP-LGC-PREPARACION,P10-PRP-LGC-QUEBRADORES,,,,,,,,,,,,,,,,,,,,,,,,,,,,hay más de un elemento puntual posible
duplicado,elemento_puntual,P10-PRP-LGC-PREPARACION,SECTOR PREPARACION P10,436,2,436,P10,,,P10,P10 > P10-PRP-LGC-PREPARACION,281220,a027b4da-4e9c-44ad-b607-5fb48d4c7061-00044a84,Roofs,,Genérico - 400 mm,Genérico - 400 mm,,P10 > P10-PRP-LGC-PREPARACION > P10-PRP-LGC-EXPANDIDO,btz_description_02,,,,,,,,,,,,,7 elementos Revit contienen el código exacto.,P10,P10-PRP-LGC-PREPARACION,P10-PRP-LGC-EXPANDIDO,,,,,,,,,,,,,,,,,,,,,,,,,,,,hay más de un elemento puntual posible
duplicado,elemento_puntual,P10-PRP-LGC-PREPARACION,SECTOR PREPARACION P10,436,2,436,P10,,,P10,P10 > P10-PRP-LGC-PREPARACION,281343,a027b4da-4e9c-44ad-b607-5fb48d4c7061-00044aff,Roofs,,Genérico - 400 mm,Genérico - 400 mm,,P10 > P10-PRP-LGC-PREPARACION > P10-PRP-LGC-LAMINADORES,btz_description_02,,,,,,,,,,,,,7 elementos Revit contienen el código exacto.,P10,P10-PRP-LGC-PREPARACION,P10-PRP-LGC-LAMINADORES,,,,,,,,,,,,,,,,,,,,,,,,,,,,hay más de un elemento puntual posible
duplicado,elemento_puntual,P10-PRP-LGC-PREPARACION,SECTOR PREPARACION P10,436,2,436,P10,,,P10,P10 > P10-PRP-LGC-PREPARACION,281815,a027b4da-4e9c-44ad-b607-5fb48d4c7061-00044cd7,Roofs,,Genérico - 400 mm,Genérico - 400 mm,,P10 > P10-PRP-LGC-PREPARACION > P10-PRP-LGC-REDLER,btz_description_02,,,,,,,,,,,,,7 elementos Revit contienen el código exacto.,P10,P10-PRP-LGC-PREPARACION,P10-PRP-LGC-REDLER,,,,,,,,,,,,,,,,,,,,,,,,,,,,hay más de un elemento puntual posible
duplicado,elemento_puntual,P10-PRP-LGC-PREPARACION,SECTOR PREPARACION P10,436,2,436,P10,,,P10,P10 > P10-PRP-LGC-PREPARACION,369188,460ebebf-e4ee-449a-900c-ab33de4c697f-0005a224,Roofs,,Genérico - 400 mm,Genérico - 400 mm,,P10 > P10-PRP-LGC-PREPARACION > P10-PRP-LGC-BEAN HEATER,btz_description_02,,,,,,,,,,,,,7 elementos Revit contienen el código exacto.,P10,P10-PRP-LGC-PREPARACION,P10-PRP-LGC-BEAN HEATER,,,,,,,,,,,,,,,,,,,,,,,,,,,,hay más de un elemento puntual posible
duplicado,elemento_puntual,P10-PRP-LGC-PREPARACION,SECTOR PREPARACION P10,436,2,436,P10,,,P10,P10 > P10-PRP-LGC-PREPARACION,376995,8accc226-fd17-4cff-b8d4-a22c3cd8ef0a-0005c0a3,Roofs,,Genérico - 400 mm,Genérico - 400 mm,,P10 > P10-PRP-LGC-PREPARACION > P10-PRP-LGC-REDLER,btz_description_02,,,,,,,,,,,,,7 elementos Revit contienen el código exacto.,P10,P10-PRP-LGC-PREPARACION,P10-PRP-LGC-REDLER,,,,,,,,,,,,,,,,,,,,,,,,,,,,hay más de un elemento puntual posible
duplicado,elemento_puntual,P10-PRP-LGC-PREPARACION,SECTOR PREPARACION P10,436,2,436,P10,,,P10,P10 > P10-PRP-LGC-PREPARACION,377104,8accc226-fd17-4cff-b8d4-a22c3cd8ef0a-0005c110,Roofs,,Genérico - 400 mm,Genérico - 400 mm,,P10 > P10-PRP-LGC-PREPARACION > P10-PRP-LGC-REDLER,btz_description_02,,,,,,,,,,,,,7 elementos Revit contienen el código exacto.,P10,P10-PRP-LGC-PREPARACION,P10-PRP-LGC-REDLER,,,,,,,,,,,,,,,,,,,,,,,,,,,,hay más de un elemento puntual posible
duplicado,elemento_puntual,P10-PRP-LGC-REDLER,CONJUNTO DE  REDLER PREPARACION P10,437,3,437,P10-PRP-LGC-PREPARACION,P10-PRP-LGC-PREPARACION,P10-PRP-LGC-PREPARACION,P10 > P10-PRP-LGC-PREPARACION,P10 > P10-PRP-LGC-PREPARACION > P10-PRP-LGC-REDLER,281815,a027b4da-4e9c-44ad-b607-5fb48d4c7061-00044cd7,Roofs,,Genérico - 400 mm,Genérico - 400 mm,,P10 > P10-PRP-LGC-PREPARACION > P10-PRP-LGC-REDLER,btz_description_03,,,,,,,,,,,,,3 elementos Revit contienen el código exacto.,P10,P10-PRP-LGC-PREPARACION,P10-PRP-LGC-REDLER,,,,,,,,,,,,,,,,,,,,,,,,,,,,hay más de un elemento puntual posible
duplicado,elemento_puntual,P10-PRP-LGC-REDLER,CONJUNTO DE  REDLER PREPARACION P10,437,3,437,P10-PRP-LGC-PREPARACION,P10-PRP-LGC-PREPARACION,P10-PRP-LGC-PREPARACION,P10 > P10-PRP-LGC-PREPARACION,P10 > P10-PRP-LGC-PREPARACION > P10-PRP-LGC-REDLER,376995,8accc226-fd17-4cff-b8d4-a22c3cd8ef0a-0005c0a3,Roofs,,Genérico - 400 mm,Genérico - 400 mm,,P10 > P10-PRP-LGC-PREPARACION > P10-PRP-LGC-REDLER,btz_description_03,,,,,,,,,,,,,3 elementos Revit contienen el código exacto.,P10,P10-PRP-LGC-PREPARACION,P10-PRP-LGC-REDLER,,,,,,,,,,,,,,,,,,,,,,,,,,,,hay más de un elemento puntual posible
duplicado,elemento_puntual,P10-PRP-LGC-REDLER,CONJUNTO DE  REDLER PREPARACION P10,437,3,437,P10-PRP-LGC-PREPARACION,P10-PRP-LGC-PREPARACION,P10-PRP-LGC-PREPARACION,P10 > P10-PRP-LGC-PREPARACION,P10 > P10-PRP-LGC-PREPARACION > P10-PRP-LGC-REDLER,377104,8accc226-fd17-4cff-b8d4-a22c3cd8ef0a-0005c110,Roofs,,Genérico - 400 mm,Genérico - 400 mm,,P10 > P10-PRP-LGC-PREPARACION > P10-PRP-LGC-REDLER,btz_description_03,,,,,,,,,,,,,3 elementos Revit contienen el código exacto.,P10,P10-PRP-LGC-PREPARACION,P10-PRP-LGC-REDLER,,,,,,,,,,,,,,,,,,,,,,,,,,,,hay más de un elemento puntual posible
contenedor_duplicado,contenedor_por_ancestro_project,P10-PRP-RDL-R20A,ALIMENTAN AL R22,438,4,438,P10-PRP-LGC-REDLER,P10-PRP-LGC-REDLER,P10-PRP-LGC-PREPARACION > P10-PRP-LGC-REDLER,P10 > P10-PRP-LGC-PREPARACION > P10-PRP-LGC-REDLER,P10 > P10-PRP-LGC-PREPARACION > P10-PRP-LGC-REDLER > P10-PRP-RDL-R20A,281815,a027b4da-4e9c-44ad-b607-5fb48d4c7061-00044cd7,Roofs,,Genérico - 400 mm,Genérico - 400 mm,,P10 > P10-PRP-LGC-PREPARACION > P10-PRP-LGC-REDLER,contenedor_scoring,281815,a027b4da-4e9c-44ad-b607-5fb48d4c7061-00044cd7,P10 > P10-PRP-LGC-PREPARACION > P10-PRP-LGC-REDLER,3,27,NO,200,200,0,ancestro_project_exacto_duplicado,281815:200:P10 > P10-PRP-LGC-PREPARACION > P10-PRP-LGC-REDLER || 376995:200:P10 > P10-PRP-LGC-PREPARACION > P10-PRP-LGC-REDLER || 377104:200:P10 > P10-PRP-LGC-PREPARACION > P10-PRP-LGC-REDLER,P10-PRP-LGC-REDLER,Ancestro Project P10-PRP-LGC-REDLER aparece en 3 contenedores.,P10,P10-PRP-LGC-PREPARACION,P10-PRP-LGC-REDLER,,,,,,,,,,,,,,,,,,,,,,,,,,,,hay más de un contenedor candidato
contenedor_duplicado,contenedor_por_ancestro_project,P10-PRP-RDL-R20B,ALIMENTAN AL R22,439,4,439,P10-PRP-LGC-REDLER,P10-PRP-LGC-REDLER,P10-PRP-LGC-PREPARACION > P10-PRP-LGC-REDLER,P10 > P10-PRP-LGC-PREPARACION > P10-PRP-LGC-REDLER,P10 > P10-PRP-LGC-PREPARACION > P10-PRP-LGC-REDLER > P10-PRP-RDL-R20B,281815,a027b4da-4e9c-44ad-b607-5fb48d4c7061-00044cd7,Roofs,,Genérico - 400 mm,Genérico - 400 mm,,P10 > P10-PRP-LGC-PREPARACION > P10-PRP-LGC-REDLER,contenedor_scoring,281815,a027b4da-4e9c-44ad-b607-5fb48d4c7061-00044cd7,P10 > P10-PRP-LGC-PREPARACION > P10-PRP-LGC-REDLER,3,27,NO,200,200,0,ancestro_project_exacto_duplicado,281815:200:P10 > P10-PRP-LGC-PREPARACION > P10-PRP-LGC-REDLER || 376995:200:P10 > P10-PRP-LGC-PREPARACION > P10-PRP-LGC-REDLER || 377104:200:P10 > P10-PRP-LGC-PREPARACION > P10-PRP-LGC-REDLER,P10-PRP-LGC-REDLER,Ancestro Project P10-PRP-LGC-REDLER aparece en 3 contenedores.,P10,P10-PRP-LGC-PREPARACION,P10-PRP-LGC-REDLER,,,,,,,,,,,,,,,,,,,,,,,,,,,,hay más de un contenedor candidato
contenedor_duplicado,contenedor_por_ancestro_project,P10-PRP-RDL-R17,REDLER CRUCERO SOBRANTE ALIM LAMINAD,440,4,440,P10-PRP-LGC-REDLER,P10-PRP-LGC-REDLER,P10-PRP-LGC-PREPARACION > P10-PRP-LGC-REDLER,P10 > P10-PRP-LGC-PREPARACION > P10-PRP-LGC-REDLER,P10 > P10-PRP-LGC-PREPARACION > P10-PRP-LGC-REDLER > P10-PRP-RDL-R17,281815,a027b4da-4e9c-44ad-b607-5fb48d4c7061-00044cd7,Roofs,,Genérico - 400 mm,Genérico - 400 mm,,P10 > P10-PRP-LGC-PREPARACION > P10-PRP-LGC-REDLER,contenedor_scoring,281815,a027b4da-4e9c-44ad-b607-5fb48d4c7061-00044cd7,P10 > P10-PRP-LGC-PREPARACION > P10-PRP-LGC-REDLER,3,27,NO,200,200,0,ancestro_project_exacto_duplicado,281815:200:P10 > P10-PRP-LGC-PREPARACION > P10-PRP-LGC-REDLER || 376995:200:P10 > P10-PRP-LGC-PREPARACION > P10-PRP-LGC-REDLER || 377104:200:P10 > P10-PRP-LGC-PREPARACION > P10-PRP-LGC-REDLER,P10-PRP-LGC-REDLER,Ancestro Project P10-PRP-LGC-REDLER aparece en 3 contenedores.,P10,P10-PRP-LGC-PREPARACION,P10-PRP-LGC-REDLER,,,,,,,,,,,,,,,,,,,,,,,,,,,,hay más de un contenedor candidato
contenedor_duplicado,contenedor_por_ancestro_project,P10-PRP-RDL-R05,REDLER DOBLE SOBRE QUEBRADORES,441,4,441,P10-PRP-LGC-REDLER,P10-PRP-LGC-REDLER,P10-PRP-LGC-PREPARACION > P10-PRP-LGC-REDLER,P10 > P10-PRP-LGC-PREPARACION > P10-PRP-LGC-REDLER,P10 > P10-PRP-LGC-PREPARACION > P10-PRP-LGC-REDLER > P10-PRP-RDL-R05,281815,a027b4da-4e9c-44ad-b607-5fb48d4c7061-00044cd7,Roofs,,Genérico - 400 mm,Genérico - 400 mm,,P10 > P10-PRP-LGC-PREPARACION > P10-PRP-LGC-REDLER,contenedor_scoring,281815,a027b4da-4e9c-44ad-b607-5fb48d4c7061-00044cd7,P10 > P10-PRP-LGC-PREPARACION > P10-PRP-LGC-REDLER,3,27,NO,200,200,0,ancestro_project_exacto_duplicado,281815:200:P10 > P10-PRP-LGC-PREPARACION > P10-PRP-LGC-REDLER || 376995:200:P10 > P10-PRP-LGC-PREPARACION > P10-PRP-LGC-REDLER || 377104:200:P10 > P10-PRP-LGC-PREPARACION > P10-PRP-LGC-REDLER,P10-PRP-LGC-REDLER,Ancestro Project P10-PRP-LGC-REDLER aparece en 3 contenedores.,P10,P10-PRP-LGC-PREPARACION,P10-PRP-LGC-REDLER,,,,,,,,,,,,,,,,,,,,,,,,,,,,hay más de un contenedor candidato
contenedor_duplicado,contenedor_por_ancestro_project,P10-PRP-RDL-R18,REDLER INCLINADO  SOBRANTE ALIMENT. LAMINAD.,442,4,442,P10-PRP-LGC-REDLER,P10-PRP-LGC-REDLER,P10-PRP-LGC-PREPARACION > P10-PRP-LGC-REDLER,P10 > P10-PRP-LGC-PREPARACION > P10-PRP-LGC-REDLER,P10 > P10-PRP-LGC-PREPARACION > P10-PRP-LGC-REDLER > P10-PRP-RDL-R18,281815,a027b4da-4e9c-44ad-b607-5fb48d4c7061-00044cd7,Roofs,,Genérico - 400 mm,Genérico - 400 mm,,P10 > P10-PRP-LGC-PREPARACION > P10-PRP-LGC-REDLER,contenedor_scoring,281815,a027b4da-4e9c-44ad-b607-5fb48d4c7061-00044cd7,P10 > P10-PRP-LGC-PREPARACION > P10-PRP-LGC-REDLER,3,27,NO,200,200,0,ancestro_project_exacto_duplicado,281815:200:P10 > P10-PRP-LGC-PREPARACION > P10-PRP-LGC-REDLER || 376995:200:P10 > P10-PRP-LGC-PREPARACION > P10-PRP-LGC-REDLER || 377104:200:P10 > P10-PRP-LGC-PREPARACION > P10-PRP-LGC-REDLER,P10-PRP-LGC-REDLER,Ancestro Project P10-PRP-LGC-REDLER aparece en 3 contenedores.,P10,P10-PRP-LGC-PREPARACION,P10-PRP-LGC-REDLER,,,,,,,,,,,,,,,,,,,,,,,,,,,,hay más de un contenedor candidato
contenedor_duplicado,contenedor_por_ancestro_project,P10-PRP-RDL-R07,REDLER R07 BAJO QUEBRADORES,443,4,443,P10-PRP-LGC-REDLER,P10-PRP-LGC-REDLER,P10-PRP-LGC-PREPARACION > P10-PRP-LGC-REDLER,P10 > P10-PRP-LGC-PREPARACION > P10-PRP-LGC-REDLER,P10 > P10-PRP-LGC-PREPARACION > P10-PRP-LGC-REDLER > P10-PRP-RDL-R07,281815,a027b4da-4e9c-44ad-b607-5fb48d4c7061-00044cd7,Roofs,,Genérico - 400 mm,Genérico - 400 mm,,P10 > P10-PRP-LGC-PREPARACION > P10-PRP-LGC-REDLER,contenedor_scoring,281815,a027b4da-4e9c-44ad-b607-5fb48d4c7061-00044cd7,P10 > P10-PRP-LGC-PREPARACION > P10-PRP-LGC-REDLER,3,27,NO,200,200,0,ancestro_project_exacto_duplicado,281815:200:P10 > P10-PRP-LGC-PREPARACION > P10-PRP-LGC-REDLER || 376995:200:P10 > P10-PRP-LGC-PREPARACION > P10-PRP-LGC-REDLER || 377104:200:P10 > P10-PRP-LGC-PREPARACION > P10-PRP-LGC-REDLER,P10-PRP-LGC-REDLER,Ancestro Project P10-PRP-LGC-REDLER aparece en 3 contenedores.,P10,P10-PRP-LGC-PREPARACION,P10-PRP-LGC-REDLER,,,,,,,,,,,,,,,,,,,,,,,,,,,,hay más de un contenedor candidato
contenedor_duplicado,contenedor_por_ancestro_project,P10-PRP-RDL-R09,REDLER R09 ALIM. HACIA CCC LINEA NORTE,444,4,444,P10-PRP-LGC-REDLER,P10-PRP-LGC-REDLER,P10-PRP-LGC-PREPARACION > P10-PRP-LGC-REDLER,P10 > P10-PRP-LGC-PREPARACION > P10-PRP-LGC-REDLER,P10 > P10-PRP-LGC-PREPARACION > P10-PRP-LGC-REDLER > P10-PRP-RDL-R09,281815,a027b4da-4e9c-44ad-b607-5fb48d4c7061-00044cd7,Roofs,,Genérico - 400 mm,Genérico - 400 mm,,P10 > P10-PRP-LGC-PREPARACION > P10-PRP-LGC-REDLER,contenedor_scoring,281815,a027b4da-4e9c-44ad-b607-5fb48d4c7061-00044cd7,P10 > P10-PRP-LGC-PREPARACION > P10-PRP-LGC-REDLER,3,27,NO,200,200,0,ancestro_project_exacto_duplicado,281815:200:P10 > P10-PRP-LGC-PREPARACION > P10-PRP-LGC-REDLER || 376995:200:P10 > P10-PRP-LGC-PREPARACION > P10-PRP-LGC-REDLER || 377104:200:P10 > P10-PRP-LGC-PREPARACION > P10-PRP-LGC-REDLER,P10-PRP-LGC-REDLER,Ancestro Project P10-PRP-LGC-REDLER aparece en 3 contenedores.,P10,P10-PRP-LGC-PREPARACION,P10-PRP-LGC-REDLER,,,,,,,,,,,,,,,,,,,,,,,,,,,,hay más de un contenedor candidato
contenedor_duplicado,contenedor_por_ancestro_project,P10-PRP-RDL-R10,REDLER R10 DESDE ROSCA SF09,445,4,445,P10-PRP-LGC-REDLER,P10-PRP-LGC-REDLER,P10-PRP-LGC-PREPARACION > P10-PRP-LGC-REDLER,P10 > P10-PRP-LGC-PREPARACION > P10-PRP-LGC-REDLER,P10 > P10-PRP-LGC-PREPARACION > P10-PRP-LGC-REDLER > P10-PRP-RDL-R10,281815,a027b4da-4e9c-44ad-b607-5fb48d4c7061-00044cd7,Roofs,,Genérico - 400 mm,Genérico - 400 mm,,P10 > P10-PRP-LGC-PREPARACION > P10-PRP-LGC-REDLER,contenedor_scoring,281815,a027b4da-4e9c-44ad-b607-5fb48d4c7061-00044cd7,P10 > P10-PRP-LGC-PREPARACION > P10-PRP-LGC-REDLER,3,27,NO,200,200,0,ancestro_project_exacto_duplicado,281815:200:P10 > P10-PRP-LGC-PREPARACION > P10-PRP-LGC-REDLER || 376995:200:P10 > P10-PRP-LGC-PREPARACION > P10-PRP-LGC-REDLER || 377104:200:P10 > P10-PRP-LGC-PREPARACION > P10-PRP-LGC-REDLER,P10-PRP-LGC-REDLER,Ancestro Project P10-PRP-LGC-REDLER aparece en 3 contenedores.,P10,P10-PRP-LGC-PREPARACION,P10-PRP-LGC-REDLER,,,,,,,,,,,,,,,,,,,,,,,,,,,,hay más de un contenedor candidato
contenedor_duplicado,contenedor_por_ancestro_project,P10-PRP-RDL-R11,REDLER R11 DESDE R-09,446,4,446,P10-PRP-LGC-REDLER,P10-PRP-LGC-REDLER,P10-PRP-LGC-PREPARACION > P10-PRP-LGC-REDLER,P10 > P10-PRP-LGC-PREPARACION > P10-PRP-LGC-REDLER,P10 > P10-PRP-LGC-PREPARACION > P10-PRP-LGC-REDLER > P10-PRP-RDL-R11,281815,a027b4da-4e9c-44ad-b607-5fb48d4c7061-00044cd7,Roofs,,Genérico - 400 mm,Genérico - 400 mm,,P10 > P10-PRP-LGC-PREPARACION > P10-PRP-LGC-REDLER,contenedor_scoring,281815,a027b4da-4e9c-44ad-b607-5fb48d4c7061-00044cd7,P10 > P10-PRP-LGC-PREPARACION > P10-PRP-LGC-REDLER,3,27,NO,200,200,0,ancestro_project_exacto_duplicado,281815:200:P10 > P10-PRP-LGC-PREPARACION > P10-PRP-LGC-REDLER || 376995:200:P10 > P10-PRP-LGC-PREPARACION > P10-PRP-LGC-REDLER || 377104:200:P10 > P10-PRP-LGC-PREPARACION > P10-PRP-LGC-REDLER,P10-PRP-LGC-REDLER,Ancestro Project P10-PRP-LGC-REDLER aparece en 3 contenedores.,P10,P10-PRP-LGC-PREPARACION,P10-PRP-LGC-REDLER,,,,,,,,,,,,,,,,,,,,,,,,,,,,hay más de un contenedor candidato
contenedor_duplicado,contenedor_por_ancestro_project,P10-PRP-RDL-R12,REDLER R12 SOBRE LAMINADORES SUR,447,4,447,P10-PRP-LGC-REDLER,P10-PRP-LGC-REDLER,P10-PRP-LGC-PREPARACION > P10-PRP-LGC-REDLER,P10 > P10-PRP-LGC-PREPARACION > P10-PRP-LGC-REDLER,P10 > P10-PRP-LGC-PREPARACION > P10-PRP-LGC-REDLER > P10-PRP-RDL-R12,281815,a027b4da-4e9c-44ad-b607-5fb48d4c7061-00044cd7,Roofs,,Genérico - 400 mm,Genérico - 400 mm,,P10 > P10-PRP-LGC-PREPARACION > P10-PRP-LGC-REDLER,contenedor_scoring,281815,a027b4da-4e9c-44ad-b607-5fb48d4c7061-00044cd7,P10 > P10-PRP-LGC-PREPARACION > P10-PRP-LGC-REDLER,3,27,NO,200,200,0,ancestro_project_exacto_duplicado,281815:200:P10 > P10-PRP-LGC-PREPARACION > P10-PRP-LGC-REDLER || 376995:200:P10 > P10-PRP-LGC-PREPARACION > P10-PRP-LGC-REDLER || 377104:200:P10 > P10-PRP-LGC-PREPARACION > P10-PRP-LGC-REDLER,P10-PRP-LGC-REDLER,Ancestro Project P10-PRP-LGC-REDLER aparece en 3 contenedores.,P10,P10-PRP-LGC-PREPARACION,P10-PRP-LGC-REDLER,,,,,,,,,,,,,,,,,,,,,,,,,,,,hay más de un contenedor candidato
contenedor_duplicado,contenedor_por_ancestro_project,P10-PRP-RDL-R13,REDLER R13 SOBRE LAMINADORES NORTE,448,4,448,P10-PRP-LGC-REDLER,P10-PRP-LGC-REDLER,P10-PRP-LGC-PREPARACION > P10-PRP-LGC-REDLER,P10 > P10-PRP-LGC-PREPARACION > P10-PRP-LGC-REDLER,P10 > P10-PRP-LGC-PREPARACION > P10-PRP-LGC-REDLER > P10-PRP-RDL-R13,281815,a027b4da-4e9c-44ad-b607-5fb48d4c7061-00044cd7,Roofs,,Genérico - 400 mm,Genérico - 400 mm,,P10 > P10-PRP-LGC-PREPARACION > P10-PRP-LGC-REDLER,contenedor_scoring,281815,a027b4da-4e9c-44ad-b607-5fb48d4c7061-00044cd7,P10 > P10-PRP-LGC-PREPARACION > P10-PRP-LGC-REDLER,3,27,NO,200,200,0,ancestro_project_exacto_duplicado,281815:200:P10 > P10-PRP-LGC-PREPARACION > P10-PRP-LGC-REDLER || 376995:200:P10 > P10-PRP-LGC-PREPARACION > P10-PRP-LGC-REDLER || 377104:200:P10 > P10-PRP-LGC-PREPARACION > P10-PRP-LGC-REDLER,P10-PRP-LGC-REDLER,Ancestro Project P10-PRP-LGC-REDLER aparece en 3 contenedores.,P10,P10-PRP-LGC-PREPARACION,P10-PRP-LGC-REDLER,,,,,,,,,,,,,,,,,,,,,,,,,,,,hay más de un contenedor candidato
contenedor_duplicado,contenedor_por_ancestro_project,P10-PRP-RDL-R14,REDLER R14 BAJO LAMINADORES SUR,449,4,449,P10-PRP-LGC-REDLER,P10-PRP-LGC-REDLER,P10-PRP-LGC-PREPARACION > P10-PRP-LGC-REDLER,P10 > P10-PRP-LGC-PREPARACION > P10-PRP-LGC-REDLER,P10 > P10-PRP-LGC-PREPARACION > P10-PRP-LGC-REDLER > P10-PRP-RDL-R14,281815,a027b4da-4e9c-44ad-b607-5fb48d4c7061-00044cd7,Roofs,,Genérico - 400 mm,Genérico - 400 mm,,P10 > P10-PRP-LGC-PREPARACION > P10-PRP-LGC-REDLER,contenedor_scoring,281815,a027b4da-4e9c-44ad-b607-5fb48d4c7061-00044cd7,P10 > P10-PRP-LGC-PREPARACION > P10-PRP-LGC-REDLER,3,27,NO,200,200,0,ancestro_project_exacto_duplicado,281815:200:P10 > P10-PRP-LGC-PREPARACION > P10-PRP-LGC-REDLER || 376995:200:P10 > P10-PRP-LGC-PREPARACION > P10-PRP-LGC-REDLER || 377104:200:P10 > P10-PRP-LGC-PREPARACION > P10-PRP-LGC-REDLER,P10-PRP-LGC-REDLER,Ancestro Project P10-PRP-LGC-REDLER aparece en 3 contenedores.,P10,P10-PRP-LGC-PREPARACION,P10-PRP-LGC-REDLER,,,,,,,,,,,,,,,,,,,,,,,,,,,,hay más de un contenedor candidato
contenedor_duplicado,contenedor_por_ancestro_project,P10-PRP-RDL-R15,REDLER R15 BAJO LAMINADORES NORTE,450,4,450,P10-PRP-LGC-REDLER,P10-PRP-LGC-REDLER,P10-PRP-LGC-PREPARACION > P10-PRP-LGC-REDLER,P10 > P10-PRP-LGC-PREPARACION > P10-PRP-LGC-REDLER,P10 > P10-PRP-LGC-PREPARACION > P10-PRP-LGC-REDLER > P10-PRP-RDL-R15,281815,a027b4da-4e9c-44ad-b607-5fb48d4c7061-00044cd7,Roofs,,Genérico - 400 mm,Genérico - 400 mm,,P10 > P10-PRP-LGC-PREPARACION > P10-PRP-LGC-REDLER,contenedor_scoring,281815,a027b4da-4e9c-44ad-b607-5fb48d4c7061-00044cd7,P10 > P10-PRP-LGC-PREPARACION > P10-PRP-LGC-REDLER,3,27,NO,200,200,0,ancestro_project_exacto_duplicado,281815:200:P10 > P10-PRP-LGC-PREPARACION > P10-PRP-LGC-REDLER || 376995:200:P10 > P10-PRP-LGC-PREPARACION > P10-PRP-LGC-REDLER || 377104:200:P10 > P10-PRP-LGC-PREPARACION > P10-PRP-LGC-REDLER,P10-PRP-LGC-REDLER,Ancestro Project P10-PRP-LGC-REDLER aparece en 3 contenedores.,P10,P10-PRP-LGC-PREPARACION,P10-PRP-LGC-REDLER,,,,,,,,,,,,,,,,,,,,,,,,,,,,hay más de un contenedor candidato
contenedor_duplicado,contenedor_por_ancestro_project,P10-PRP-RDL-R16,REDLER R16 DESCARGA REDLERS R14 Y R15,451,4,451,P10-PRP-LGC-REDLER,P10-PRP-LGC-REDLER,P10-PRP-LGC-PREPARACION > P10-PRP-LGC-REDLER,P10 > P10-PRP-LGC-PREPARACION > P10-PRP-LGC-REDLER,P10 > P10-PRP-LGC-PREPARACION > P10-PRP-LGC-REDLER > P10-PRP-RDL-R16,281815,a027b4da-4e9c-44ad-b607-5fb48d4c7061-00044cd7,Roofs,,Genérico - 400 mm,Genérico - 400 mm,,P10 > P10-PRP-LGC-PREPARACION > P10-PRP-LGC-REDLER,contenedor_scoring,281815,a027b4da-4e9c-44ad-b607-5fb48d4c7061-00044cd7,P10 > P10-PRP-LGC-PREPARACION > P10-PRP-LGC-REDLER,3,27,NO,200,200,0,ancestro_project_exacto_duplicado,281815:200:P10 > P10-PRP-LGC-PREPARACION > P10-PRP-LGC-REDLER || 376995:200:P10 > P10-PRP-LGC-PREPARACION > P10-PRP-LGC-REDLER || 377104:200:P10 > P10-PRP-LGC-PREPARACION > P10-PRP-LGC-REDLER,P10-PRP-LGC-REDLER,Ancestro Project P10-PRP-LGC-REDLER aparece en 3 contenedores.,P10,P10-PRP-LGC-PREPARACION,P10-PRP-LGC-REDLER,,,,,,,,,,,,,,,,,,,,,,,,,,,,hay más de un contenedor candidato
contenedor_duplicado,contenedor_por_ancestro_project,P10-PRP-RDL-R19,REDLER R19 DESDE R16,452,4,452,P10-PRP-LGC-REDLER,P10-PRP-LGC-REDLER,P10-PRP-LGC-PREPARACION > P10-PRP-LGC-REDLER,P10 > P10-PRP-LGC-PREPARACION > P10-PRP-LGC-REDLER,P10 > P10-PRP-LGC-PREPARACION > P10-PRP-LGC-REDLER > P10-PRP-RDL-R19,281815,a027b4da-4e9c-44ad-b607-5fb48d4c7061-00044cd7,Roofs,,Genérico - 400 mm,Genérico - 400 mm,,P10 > P10-PRP-LGC-PREPARACION > P10-PRP-LGC-REDLER,contenedor_scoring,281815,a027b4da-4e9c-44ad-b607-5fb48d4c7061-00044cd7,P10 > P10-PRP-LGC-PREPARACION > P10-PRP-LGC-REDLER,3,27,NO,200,200,0,ancestro_project_exacto_duplicado,281815:200:P10 > P10-PRP-LGC-PREPARACION > P10-PRP-LGC-REDLER || 376995:200:P10 > P10-PRP-LGC-PREPARACION > P10-PRP-LGC-REDLER || 377104:200:P10 > P10-PRP-LGC-PREPARACION > P10-PRP-LGC-REDLER,P10-PRP-LGC-REDLER,Ancestro Project P10-PRP-LGC-REDLER aparece en 3 contenedores.,P10,P10-PRP-LGC-PREPARACION,P10-PRP-LGC-REDLER,,,,,,,,,,,,,,,,,,,,,,,,,,,,hay más de un contenedor candidato
contenedor_duplicado,contenedor_por_ancestro_project,P10-PRP-RDL-R20,REDLER R20 SOBRE EXPANDERS,453,4,453,P10-PRP-LGC-REDLER,P10-PRP-LGC-REDLER,P10-PRP-LGC-PREPARACION > P10-PRP-LGC-REDLER,P10 > P10-PRP-LGC-PREPARACION > P10-PRP-LGC-REDLER,P10 > P10-PRP-LGC-PREPARACION > P10-PRP-LGC-REDLER > P10-PRP-RDL-R20,281815,a027b4da-4e9c-44ad-b607-5fb48d4c7061-00044cd7,Roofs,,Genérico - 400 mm,Genérico - 400 mm,,P10 > P10-PRP-LGC-PREPARACION > P10-PRP-LGC-REDLER,contenedor_scoring,281815,a027b4da-4e9c-44ad-b607-5fb48d4c7061-00044cd7,P10 > P10-PRP-LGC-PREPARACION > P10-PRP-LGC-REDLER,3,27,NO,200,200,0,ancestro_project_exacto_duplicado,281815:200:P10 > P10-PRP-LGC-PREPARACION > P10-PRP-LGC-REDLER || 376995:200:P10 > P10-PRP-LGC-PREPARACION > P10-PRP-LGC-REDLER || 377104:200:P10 > P10-PRP-LGC-PREPARACION > P10-PRP-LGC-REDLER,P10-PRP-LGC-REDLER,Ancestro Project P10-PRP-LGC-REDLER aparece en 3 contenedores.,P10,P10-PRP-LGC-PREPARACION,P10-PRP-LGC-REDLER,,,,,,,,,,,,,,,,,,,,,,,,,,,,hay más de un contenedor candidato
contenedor_duplicado,contenedor_por_ancestro_project,P10-PRP-RDL-R22,REDLER R22 A EXTRACCION (2 MANDOS A ESTE B OESTE),454,4,454,P10-PRP-LGC-REDLER,P10-PRP-LGC-REDLER,P10-PRP-LGC-PREPARACION > P10-PRP-LGC-REDLER,P10 > P10-PRP-LGC-PREPARACION > P10-PRP-LGC-REDLER,P10 > P10-PRP-LGC-PREPARACION > P10-PRP-LGC-REDLER > P10-PRP-RDL-R22,281815,a027b4da-4e9c-44ad-b607-5fb48d4c7061-00044cd7,Roofs,,Genérico - 400 mm,Genérico - 400 mm,,P10 > P10-PRP-LGC-PREPARACION > P10-PRP-LGC-REDLER,contenedor_scoring,281815,a027b4da-4e9c-44ad-b607-5fb48d4c7061-00044cd7,P10 > P10-PRP-LGC-PREPARACION > P10-PRP-LGC-REDLER,3,27,NO,200,200,0,ancestro_project_exacto_duplicado,281815:200:P10 > P10-PRP-LGC-PREPARACION > P10-PRP-LGC-REDLER || 376995:200:P10 > P10-PRP-LGC-PREPARACION > P10-PRP-LGC-REDLER || 377104:200:P10 > P10-PRP-LGC-PREPARACION > P10-PRP-LGC-REDLER,P10-PRP-LGC-REDLER,Ancestro Project P10-PRP-LGC-REDLER aparece en 3 contenedores.,P10,P10-PRP-LGC-PREPARACION,P10-PRP-LGC-REDLER,,,,,,,,,,,,,,,,,,,,,,,,,,,,hay más de un contenedor candidato
contenedor_duplicado,contenedor_por_ancestro_project,P10-PRP-RDL-RD05,REDLER RD05 SOBRE QUEBRADORES DESC 1RA PASADA,455,4,455,P10-PRP-LGC-REDLER,P10-PRP-LGC-REDLER,P10-PRP-LGC-PREPARACION > P10-PRP-LGC-REDLER,P10 > P10-PRP-LGC-PREPARACION > P10-PRP-LGC-REDLER,P10 > P10-PRP-LGC-PREPARACION > P10-PRP-LGC-REDLER > P10-PRP-RDL-RD05,281815,a027b4da-4e9c-44ad-b607-5fb48d4c7061-00044cd7,Roofs,,Genérico - 400 mm,Genérico - 400 mm,,P10 > P10-PRP-LGC-PREPARACION > P10-PRP-LGC-REDLER,contenedor_scoring,281815,a027b4da-4e9c-44ad-b607-5fb48d4c7061-00044cd7,P10 > P10-PRP-LGC-PREPARACION > P10-PRP-LGC-REDLER,3,27,NO,200,200,0,ancestro_project_exacto_duplicado,281815:200:P10 > P10-PRP-LGC-PREPARACION > P10-PRP-LGC-REDLER || 376995:200:P10 > P10-PRP-LGC-PREPARACION > P10-PRP-LGC-REDLER || 377104:200:P10 > P10-PRP-LGC-PREPARACION > P10-PRP-LGC-REDLER,P10-PRP-LGC-REDLER,Ancestro Project P10-PRP-LGC-REDLER aparece en 3 contenedores.,P10,P10-PRP-LGC-PREPARACION,P10-PRP-LGC-REDLER,,,,,,,,,,,,,,,,,,,,,,,,,,,,hay más de un contenedor candidato
contenedor_duplicado,contenedor_por_ancestro_project,P10-PRP-RDL-RZ04,REDLER RZ04  ZETA SALIDA DE LOS B.H.,456,4,456,P10-PRP-LGC-REDLER,P10-PRP-LGC-REDLER,P10-PRP-LGC-PREPARACION > P10-PRP-LGC-REDLER,P10 > P10-PRP-LGC-PREPARACION > P10-PRP-LGC-REDLER,P10 > P10-PRP-LGC-PREPARACION > P10-PRP-LGC-REDLER > P10-PRP-RDL-RZ04,281815,a027b4da-4e9c-44ad-b607-5fb48d4c7061-00044cd7,Roofs,,Genérico - 400 mm,Genérico - 400 mm,,P10 > P10-PRP-LGC-PREPARACION > P10-PRP-LGC-REDLER,contenedor_scoring,281815,a027b4da-4e9c-44ad-b607-5fb48d4c7061-00044cd7,P10 > P10-PRP-LGC-PREPARACION > P10-PRP-LGC-REDLER,3,27,NO,200,200,0,ancestro_project_exacto_duplicado,281815:200:P10 > P10-PRP-LGC-PREPARACION > P10-PRP-LGC-REDLER || 376995:200:P10 > P10-PRP-LGC-PREPARACION > P10-PRP-LGC-REDLER || 377104:200:P10 > P10-PRP-LGC-PREPARACION > P10-PRP-LGC-REDLER,P10-PRP-LGC-REDLER,Ancestro Project P10-PRP-LGC-REDLER aparece en 3 contenedores.,P10,P10-PRP-LGC-PREPARACION,P10-PRP-LGC-REDLER,,,,,,,,,,,,,,,,,,,,,,,,,,,,hay más de un contenedor candidato
contenedor_duplicado,contenedor_por_ancestro_project,P10-PRP-RDL-RZ08,REDLER RZ08  ZETA SALIDA QUEBRADORES,457,4,457,P10-PRP-LGC-REDLER,P10-PRP-LGC-REDLER,P10-PRP-LGC-PREPARACION > P10-PRP-LGC-REDLER,P10 > P10-PRP-LGC-PREPARACION > P10-PRP-LGC-REDLER,P10 > P10-PRP-LGC-PREPARACION > P10-PRP-LGC-REDLER > P10-PRP-RDL-RZ08,281815,a027b4da-4e9c-44ad-b607-5fb48d4c7061-00044cd7,Roofs,,Genérico - 400 mm,Genérico - 400 mm,,P10 > P10-PRP-LGC-PREPARACION > P10-PRP-LGC-REDLER,contenedor_scoring,281815,a027b4da-4e9c-44ad-b607-5fb48d4c7061-00044cd7,P10 > P10-PRP-LGC-PREPARACION > P10-PRP-LGC-REDLER,3,27,NO,200,200,0,ancestro_project_exacto_duplicado,281815:200:P10 > P10-PRP-LGC-PREPARACION > P10-PRP-LGC-REDLER || 376995:200:P10 > P10-PRP-LGC-PREPARACION > P10-PRP-LGC-REDLER || 377104:200:P10 > P10-PRP-LGC-PREPARACION > P10-PRP-LGC-REDLER,P10-PRP-LGC-REDLER,Ancestro Project P10-PRP-LGC-REDLER aparece en 3 contenedores.,P10,P10-PRP-LGC-PREPARACION,P10-PRP-LGC-REDLER,,,,,,,,,,,,,,,,,,,,,,,,,,,,hay más de un contenedor candidato
contenedor_duplicado,contenedor_por_ancestro_project,P10-PRP-BHT-BH01,BEAN HEATHER B.H. 01 <OESTE>,459,4,459,P10-PRP-LGC-BEAN HEATER,P10-PRP-LGC-BEAN,P10-PRP-LGC-PREPARACION > P10-PRP-LGC-BEAN,P10 > P10-PRP-LGC-PREPARACION > P10-PRP-LGC-BEAN HEATER,P10 > P10-PRP-LGC-PREPARACION > P10-PRP-LGC-BEAN HEATER > P10-PRP-BHT-BH01,281069,a027b4da-4e9c-44ad-b607-5fb48d4c7061-000449ed,Roofs,,Genérico - 400 mm,Genérico - 400 mm,,P10 > P10-PRP-LGC-PREPARACION > P10-PRP-LGC-QUEBRADORES,contenedor_scoring,281069,a027b4da-4e9c-44ad-b607-5fb48d4c7061-000449ed,P10 > P10-PRP-LGC-PREPARACION > P10-PRP-LGC-QUEBRADORES,3,27,NO,200,200,0,ancestro_project_exacto_duplicado,281069:200:P10 > P10-PRP-LGC-PREPARACION > P10-PRP-LGC-QUEBRADORES || 281220:200:P10 > P10-PRP-LGC-PREPARACION > P10-PRP-LGC-EXPANDIDO || 281343:200:P10 > P10-PRP-LGC-PREPARACION > P10-PRP-LGC-LAMINADORES || 281815:200:P10 > P10-PRP-LGC-PREPARACION > P10-PRP-LGC-REDLER || 369188:200:P10 > P10-PRP-LGC-PREPARACION > P10-PRP-LGC-BEAN HEATER || 376995:200:P10 > P10-PRP-LGC-PREPARACION > P10-PRP-LGC-REDLER || 377104:200:P10 > P10-PRP-LGC-PREPARACION > P10-PRP-LGC-REDLER,P10-PRP-LGC-PREPARACION,Ancestro Project P10-PRP-LGC-PREPARACION aparece en 7 contenedores.,P10,P10-PRP-LGC-PREPARACION,P10-PRP-LGC-QUEBRADORES,,,,,,,,,,,,,,,,,,,,,,,,,,,,hay más de un contenedor candidato
contenedor_duplicado,contenedor_por_ancestro_project,P10-PRP-ART-BHART01,AEROTERMO BEAN HEATER BH01,460,5,460,P10-PRP-BHT-BH01,P10-PRP-BHT-BH01,P10-PRP-LGC-PREPARACION > P10-PRP-LGC-BEAN > P10-PRP-BHT-BH01,P10 > P10-PRP-LGC-PREPARACION > P10-PRP-LGC-BEAN HEATER > P10-PRP-BHT-BH01,P10 > P10-PRP-LGC-PREPARACION > P10-PRP-LGC-BEAN HEATER > P10-PRP-BHT-BH01 > P10-PRP-ART-BHART01,281069,a027b4da-4e9c-44ad-b607-5fb48d4c7061-000449ed,Roofs,,Genérico - 400 mm,Genérico - 400 mm,,P10 > P10-PRP-LGC-PREPARACION > P10-PRP-LGC-QUEBRADORES,contenedor_scoring,281069,a027b4da-4e9c-44ad-b607-5fb48d4c7061-000449ed,P10 > P10-PRP-LGC-PREPARACION > P10-PRP-LGC-QUEBRADORES,3,27,NO,200,200,0,ancestro_project_exacto_duplicado,281069:200:P10 > P10-PRP-LGC-PREPARACION > P10-PRP-LGC-QUEBRADORES || 281220:200:P10 > P10-PRP-LGC-PREPARACION > P10-PRP-LGC-EXPANDIDO || 281343:200:P10 > P10-PRP-LGC-PREPARACION > P10-PRP-LGC-LAMINADORES || 281815:200:P10 > P10-PRP-LGC-PREPARACION > P10-PRP-LGC-REDLER || 369188:200:P10 > P10-PRP-LGC-PREPARACION > P10-PRP-LGC-BEAN HEATER || 376995:200:P10 > P10-PRP-LGC-PREPARACION > P10-PRP-LGC-REDLER || 377104:200:P10 > P10-PRP-LGC-PREPARACION > P10-PRP-LGC-REDLER,P10-PRP-LGC-PREPARACION,Ancestro Project P10-PRP-LGC-PREPARACION aparece en 7 contenedores.,P10,P10-PRP-LGC-PREPARACION,P10-PRP-LGC-QUEBRADORES,,,,,,,,,,,,,,,,,,,,,,,,,,,,hay más de un contenedor candidato
contenedor_duplicado,contenedor_por_ancestro_project,P10-PRP-BSC-BHD01,BASCULANTE BHD01,461,5,461,P10-PRP-BHT-BH01,P10-PRP-BHT-BH01,P10-PRP-LGC-PREPARACION > P10-PRP-LGC-BEAN > P10-PRP-BHT-BH01,P10 > P10-PRP-LGC-PREPARACION > P10-PRP-LGC-BEAN HEATER > P10-PRP-BHT-BH01,P10 > P10-PRP-LGC-PREPARACION > P10-PRP-LGC-BEAN HEATER > P10-PRP-BHT-BH01 > P10-PRP-BSC-BHD01 (BASC),281069,a027b4da-4e9c-44ad-b607-5fb48d4c7061-000449ed,Roofs,,Genérico - 400 mm,Genérico - 400 mm,,P10 > P10-PRP-LGC-PREPARACION > P10-PRP-LGC-QUEBRADORES,contenedor_scoring,281069,a027b4da-4e9c-44ad-b607-5fb48d4c7061-000449ed,P10 > P10-PRP-LGC-PREPARACION > P10-PRP-LGC-QUEBRADORES,3,27,NO,200,200,0,ancestro_project_exacto_duplicado,281069:200:P10 > P10-PRP-LGC-PREPARACION > P10-PRP-LGC-QUEBRADORES || 281220:200:P10 > P10-PRP-LGC-PREPARACION > P10-PRP-LGC-EXPANDIDO || 281343:200:P10 > P10-PRP-LGC-PREPARACION > P10-PRP-LGC-LAMINADORES || 281815:200:P10 > P10-PRP-LGC-PREPARACION > P10-PRP-LGC-REDLER || 369188:200:P10 > P10-PRP-LGC-PREPARACION > P10-PRP-LGC-BEAN HEATER || 376995:200:P10 > P10-PRP-LGC-PREPARACION > P10-PRP-LGC-REDLER || 377104:200:P10 > P10-PRP-LGC-PREPARACION > P10-PRP-LGC-REDLER,P10-PRP-LGC-PREPARACION,Ancestro Project P10-PRP-LGC-PREPARACION aparece en 7 contenedores.,P10,P10-PRP-LGC-PREPARACION,P10-PRP-LGC-QUEBRADORES,,,,,,,,,,,,,,,,,,,,,,,,,,,,hay más de un contenedor candidato
contenedor_duplicado,contenedor_por_ancestro_project,P10-PRP-VLV-BHA01,VALV. ALIMENT. BH01 <OESTE>,462,5,462,P10-PRP-BHT-BH01,P10-PRP-BHT-BH01,P10-PRP-LGC-PREPARACION > P10-PRP-LGC-BEAN > P10-PRP-BHT-BH01,P10 > P10-PRP-LGC-PREPARACION > P10-PRP-LGC-BEAN HEATER > P10-PRP-BHT-BH01,P10 > P10-PRP-LGC-PREPARACION > P10-PRP-LGC-BEAN HEATER > P10-PRP-BHT-BH01 > P10-PRP-VLV-BHA01,281069,a027b4da-4e9c-44ad-b607-5fb48d4c7061-000449ed,Roofs,,Genérico - 400 mm,Genérico - 400 mm,,P10 > P10-PRP-LGC-PREPARACION > P10-PRP-LGC-QUEBRADORES,contenedor_scoring,281069,a027b4da-4e9c-44ad-b607-5fb48d4c7061-000449ed,P10 > P10-PRP-LGC-PREPARACION > P10-PRP-LGC-QUEBRADORES,3,27,NO,200,200,0,ancestro_project_exacto_duplicado,281069:200:P10 > P10-PRP-LGC-PREPARACION > P10-PRP-LGC-QUEBRADORES || 281220:200:P10 > P10-PRP-LGC-PREPARACION > P10-PRP-LGC-EXPANDIDO || 281343:200:P10 > P10-PRP-LGC-PREPARACION > P10-PRP-LGC-LAMINADORES || 281815:200:P10 > P10-PRP-LGC-PREPARACION > P10-PRP-LGC-REDLER || 369188:200:P10 > P10-PRP-LGC-PREPARACION > P10-PRP-LGC-BEAN HEATER || 376995:200:P10 > P10-PRP-LGC-PREPARACION > P10-PRP-LGC-REDLER || 377104:200:P10 > P10-PRP-LGC-PREPARACION > P10-PRP-LGC-REDLER,P10-PRP-LGC-PREPARACION,Ancestro Project P10-PRP-LGC-PREPARACION aparece en 7 contenedores.,P10,P10-PRP-LGC-PREPARACION,P10-PRP-LGC-QUEBRADORES,,,,,,,,,,,,,,,,,,,,,,,,,,,,hay más de un contenedor candidato
contenedor_duplicado,contenedor_por_ancestro_project,P10-PRP-VLV-VSBH01,VALVULA DE SEGURIDAD BH01,463,5,463,P10-PRP-BHT-BH01,P10-PRP-BHT-BH01,P10-PRP-LGC-PREPARACION > P10-PRP-LGC-BEAN > P10-PRP-BHT-BH01,P10 > P10-PRP-LGC-PREPARACION > P10-PRP-LGC-BEAN HEATER > P10-PRP-BHT-BH01,P10 > P10-PRP-LGC-PREPARACION > P10-PRP-LGC-BEAN HEATER > P10-PRP-BHT-BH01 > P10-PRP-VLV-VSBH01,281069,a027b4da-4e9c-44ad-b607-5fb48d4c7061-000449ed,Roofs,,Genérico - 400 mm,Genérico - 400 mm,,P10 > P10-PRP-LGC-PREPARACION > P10-PRP-LGC-QUEBRADORES,contenedor_scoring,281069,a027b4da-4e9c-44ad-b607-5fb48d4c7061-000449ed,P10 > P10-PRP-LGC-PREPARACION > P10-PRP-LGC-QUEBRADORES,3,27,NO,200,200,0,ancestro_project_exacto_duplicado,281069:200:P10 > P10-PRP-LGC-PREPARACION > P10-PRP-LGC-QUEBRADORES || 281220:200:P10 > P10-PRP-LGC-PREPARACION > P10-PRP-LGC-EXPANDIDO || 281343:200:P10 > P10-PRP-LGC-PREPARACION > P10-PRP-LGC-LAMINADORES || 281815:200:P10 > P10-PRP-LGC-PREPARACION > P10-PRP-LGC-REDLER || 369188:200:P10 > P10-PRP-LGC-PREPARACION > P10-PRP-LGC-BEAN HEATER || 376995:200:P10 > P10-PRP-LGC-PREPARACION > P10-PRP-LGC-REDLER || 377104:200:P10 > P10-PRP-LGC-PREPARACION > P10-PRP-LGC-REDLER,P10-PRP-LGC-PREPARACION,Ancestro Project P10-PRP-LGC-PREPARACION aparece en 7 contenedores.,P10,P10-PRP-LGC-PREPARACION,P10-PRP-LGC-QUEBRADORES,,,,,,,,,,,,,,,,,,,,,,,,,,,,hay más de un contenedor candidato
contenedor_duplicado,contenedor_por_ancestro_project,P10-PRP-VLV-VGBH01N,"VALVULA GUILLOTINA SALIDA DE BH01 LADO NORTE (3 VALVULAS, CENTRO AUTOMATICA Y LAS OTRAS 2 MANUALES)",464,5,464,P10-PRP-BHT-BH01,P10-PRP-BHT-BH01,P10-PRP-LGC-PREPARACION > P10-PRP-LGC-BEAN > P10-PRP-BHT-BH01,P10 > P10-PRP-LGC-PREPARACION > P10-PRP-LGC-BEAN HEATER > P10-PRP-BHT-BH01,P10 > P10-PRP-LGC-PREPARACION > P10-PRP-LGC-BEAN HEATER > P10-PRP-BHT-BH01 > P10-PRP-VLV-VGBH01N,281069,a027b4da-4e9c-44ad-b607-5fb48d4c7061-000449ed,Roofs,,Genérico - 400 mm,Genérico - 400 mm,,P10 > P10-PRP-LGC-PREPARACION > P10-PRP-LGC-QUEBRADORES,contenedor_scoring,281069,a027b4da-4e9c-44ad-b607-5fb48d4c7061-000449ed,P10 > P10-PRP-LGC-PREPARACION > P10-PRP-LGC-QUEBRADORES,3,27,NO,200,200,0,ancestro_project_exacto_duplicado,281069:200:P10 > P10-PRP-LGC-PREPARACION > P10-PRP-LGC-QUEBRADORES || 281220:200:P10 > P10-PRP-LGC-PREPARACION > P10-PRP-LGC-EXPANDIDO || 281343:200:P10 > P10-PRP-LGC-PREPARACION > P10-PRP-LGC-LAMINADORES || 281815:200:P10 > P10-PRP-LGC-PREPARACION > P10-PRP-LGC-REDLER || 369188:200:P10 > P10-PRP-LGC-PREPARACION > P10-PRP-LGC-BEAN HEATER || 376995:200:P10 > P10-PRP-LGC-PREPARACION > P10-PRP-LGC-REDLER || 377104:200:P10 > P10-PRP-LGC-PREPARACION > P10-PRP-LGC-REDLER,P10-PRP-LGC-PREPARACION,Ancestro Project P10-PRP-LGC-PREPARACION aparece en 7 contenedores.,P10,P10-PRP-LGC-PREPARACION,P10-PRP-LGC-QUEBRADORES,,,,,,,,,,,,,,,,,,,,,,,,,,,,hay más de un contenedor candidato
contenedor_duplicado,contenedor_por_ancestro_project,P10-PRP-VLV-VGBH01S,"VALVULA GUILLOTINA SALIDA DE BH01 LADO SUR (3 VALVULAS, CENTRO AUTOMATICA Y LAS OTRAS 2 MANUALES)",465,5,465,P10-PRP-BHT-BH01,P10-PRP-BHT-BH01,P10-PRP-LGC-PREPARACION > P10-PRP-LGC-BEAN > P10-PRP-BHT-BH01,P10 > P10-PRP-LGC-PREPARACION > P10-PRP-LGC-BEAN HEATER > P10-PRP-BHT-BH01,P10 > P10-PRP-LGC-PREPARACION > P10-PRP-LGC-BEAN HEATER > P10-PRP-BHT-BH01 > P10-PRP-VLV-VGBH01S,281069,a027b4da-4e9c-44ad-b607-5fb48d4c7061-000449ed,Roofs,,Genérico - 400 mm,Genérico - 400 mm,,P10 > P10-PRP-LGC-PREPARACION > P10-PRP-LGC-QUEBRADORES,contenedor_scoring,281069,a027b4da-4e9c-44ad-b607-5fb48d4c7061-000449ed,P10 > P10-PRP-LGC-PREPARACION > P10-PRP-LGC-QUEBRADORES,3,27,NO,200,200,0,ancestro_project_exacto_duplicado,281069:200:P10 > P10-PRP-LGC-PREPARACION > P10-PRP-LGC-QUEBRADORES || 281220:200:P10 > P10-PRP-LGC-PREPARACION > P10-PRP-LGC-EXPANDIDO || 281343:200:P10 > P10-PRP-LGC-PREPARACION > P10-PRP-LGC-LAMINADORES || 281815:200:P10 > P10-PRP-LGC-PREPARACION > P10-PRP-LGC-REDLER || 369188:200:P10 > P10-PRP-LGC-PREPARACION > P10-PRP-LGC-BEAN HEATER || 376995:200:P10 > P10-PRP-LGC-PREPARACION > P10-PRP-LGC-REDLER || 377104:200:P10 > P10-PRP-LGC-PREPARACION > P10-PRP-LGC-REDLER,P10-PRP-LGC-PREPARACION,Ancestro Project P10-PRP-LGC-PREPARACION aparece en 7 contenedores.,P10,P10-PRP-LGC-PREPARACION,P10-PRP-LGC-QUEBRADORES,,,,,,,,,,,,,,,,,,,,,,,,,,,,hay más de un contenedor candidato
contenedor_duplicado,contenedor_por_ancestro_project,P10-PRP-VNT-VE05,VENT. ASPIRACION BH05  <OESTE>,466,5,466,P10-PRP-BHT-BH01,P10-PRP-BHT-BH01,P10-PRP-LGC-PREPARACION > P10-PRP-LGC-BEAN > P10-PRP-BHT-BH01,P10 > P10-PRP-LGC-PREPARACION > P10-PRP-LGC-BEAN HEATER > P10-PRP-BHT-BH01,P10 > P10-PRP-LGC-PREPARACION > P10-PRP-LGC-BEAN HEATER > P10-PRP-BHT-BH01 > P10-PRP-VNT-VE05,281069,a027b4da-4e9c-44ad-b607-5fb48d4c7061-000449ed,Roofs,,Genérico - 400 mm,Genérico - 400 mm,,P10 > P10-PRP-LGC-PREPARACION > P10-PRP-LGC-QUEBRADORES,contenedor_scoring,281069,a027b4da-4e9c-44ad-b607-5fb48d4c7061-000449ed,P10 > P10-PRP-LGC-PREPARACION > P10-PRP-LGC-QUEBRADORES,3,27,NO,200,200,0,ancestro_project_exacto_duplicado,281069:200:P10 > P10-PRP-LGC-PREPARACION > P10-PRP-LGC-QUEBRADORES || 281220:200:P10 > P10-PRP-LGC-PREPARACION > P10-PRP-LGC-EXPANDIDO || 281343:200:P10 > P10-PRP-LGC-PREPARACION > P10-PRP-LGC-LAMINADORES || 281815:200:P10 > P10-PRP-LGC-PREPARACION > P10-PRP-LGC-REDLER || 369188:200:P10 > P10-PRP-LGC-PREPARACION > P10-PRP-LGC-BEAN HEATER || 376995:200:P10 > P10-PRP-LGC-PREPARACION > P10-PRP-LGC-REDLER || 377104:200:P10 > P10-PRP-LGC-PREPARACION > P10-PRP-LGC-REDLER,P10-PRP-LGC-PREPARACION,Ancestro Project P10-PRP-LGC-PREPARACION aparece en 7 contenedores.,P10,P10-PRP-LGC-PREPARACION,P10-PRP-LGC-QUEBRADORES,,,,,,,,,,,,,,,,,,,,,,,,,,,,hay más de un contenedor candidato
contenedor_duplicado,contenedor_por_ancestro_project,P10-PRP-CCL-CVE05,CICLON VENT. ASPIRACION BH05  <OESTE>,467,6,467,P10-PRP-VNT-VE05,P10-PRP-VNT-VE05,P10-PRP-LGC-PREPARACION > P10-PRP-LGC-BEAN > P10-PRP-BHT-BH01 > P10-PRP-VNT-VE05,P10 > P10-PRP-LGC-PREPARACION > P10-PRP-LGC-BEAN HEATER > P10-PRP-BHT-BH01 > P10-PRP-VNT-VE05,P10 > P10-PRP-LGC-PREPARACION > P10-PRP-LGC-BEAN HEATER > P10-PRP-BHT-BH01 > P10-PRP-VNT-VE05 > P10-PRP-CCL-CVE05,281069,a027b4da-4e9c-44ad-b607-5fb48d4c7061-000449ed,Roofs,,Genérico - 400 mm,Genérico - 400 mm,,P10 > P10-PRP-LGC-PREPARACION > P10-PRP-LGC-QUEBRADORES,contenedor_scoring,281069,a027b4da-4e9c-44ad-b607-5fb48d4c7061-000449ed,P10 > P10-PRP-LGC-PREPARACION > P10-PRP-LGC-QUEBRADORES,3,27,NO,200,200,0,ancestro_project_exacto_duplicado,281069:200:P10 > P10-PRP-LGC-PREPARACION > P10-PRP-LGC-QUEBRADORES || 281220:200:P10 > P10-PRP-LGC-PREPARACION > P10-PRP-LGC-EXPANDIDO || 281343:200:P10 > P10-PRP-LGC-PREPARACION > P10-PRP-LGC-LAMINADORES || 281815:200:P10 > P10-PRP-LGC-PREPARACION > P10-PRP-LGC-REDLER || 369188:200:P10 > P10-PRP-LGC-PREPARACION > P10-PRP-LGC-BEAN HEATER || 376995:200:P10 > P10-PRP-LGC-PREPARACION > P10-PRP-LGC-REDLER || 377104:200:P10 > P10-PRP-LGC-PREPARACION > P10-PRP-LGC-REDLER,P10-PRP-LGC-PREPARACION,Ancestro Project P10-PRP-LGC-PREPARACION aparece en 7 contenedores.,P10,P10-PRP-LGC-PREPARACION,P10-PRP-LGC-QUEBRADORES,,,,,,,,,,,,,,,,,,,,,,,,,,,,hay más de un contenedor candidato
contenedor_duplicado,contenedor_por_ancestro_project,P10-PRP-VLV-VR05,VALV. ROT. VR05 DE BH01  <OESTE>,468,6,468,P10-PRP-VNT-VE05,P10-PRP-VNT-VE05,P10-PRP-LGC-PREPARACION > P10-PRP-LGC-BEAN > P10-PRP-BHT-BH01 > P10-PRP-VNT-VE05,P10 > P10-PRP-LGC-PREPARACION > P10-PRP-LGC-BEAN HEATER > P10-PRP-BHT-BH01 > P10-PRP-VNT-VE05,P10 > P10-PRP-LGC-PREPARACION > P10-PRP-LGC-BEAN HEATER > P10-PRP-BHT-BH01 > P10-PRP-VNT-VE05 > P10-PRP-VLV-VR05,281069,a027b4da-4e9c-44ad-b607-5fb48d4c7061-000449ed,Roofs,,Genérico - 400 mm,Genérico - 400 mm,,P10 > P10-PRP-LGC-PREPARACION > P10-PRP-LGC-QUEBRADORES,contenedor_scoring,281069,a027b4da-4e9c-44ad-b607-5fb48d4c7061-000449ed,P10 > P10-PRP-LGC-PREPARACION > P10-PRP-LGC-QUEBRADORES,3,27,NO,200,200,0,ancestro_project_exacto_duplicado,281069:200:P10 > P10-PRP-LGC-PREPARACION > P10-PRP-LGC-QUEBRADORES || 281220:200:P10 > P10-PRP-LGC-PREPARACION > P10-PRP-LGC-EXPANDIDO || 281343:200:P10 > P10-PRP-LGC-PREPARACION > P10-PRP-LGC-LAMINADORES || 281815:200:P10 > P10-PRP-LGC-PREPARACION > P10-PRP-LGC-REDLER || 369188:200:P10 > P10-PRP-LGC-PREPARACION > P10-PRP-LGC-BEAN HEATER || 376995:200:P10 > P10-PRP-LGC-PREPARACION > P10-PRP-LGC-REDLER || 377104:200:P10 > P10-PRP-LGC-PREPARACION > P10-PRP-LGC-REDLER,P10-PRP-LGC-PREPARACION,Ancestro Project P10-PRP-LGC-PREPARACION aparece en 7 contenedores.,P10,P10-PRP-LGC-PREPARACION,P10-PRP-LGC-QUEBRADORES,,,,,,,,,,,,,,,,,,,,,,,,,,,,hay más de un contenedor candidato
contenedor_duplicado,contenedor_por_ancestro_project,P10-PRP-BHT-BH02,BEAN HEATHER B.H. 02 <CENTRO>,469,4,469,P10-PRP-LGC-BEAN HEATER,P10-PRP-LGC-BEAN,P10-PRP-LGC-PREPARACION > P10-PRP-LGC-BEAN,P10 > P10-PRP-LGC-PREPARACION > P10-PRP-LGC-BEAN HEATER,P10 > P10-PRP-LGC-PREPARACION > P10-PRP-LGC-BEAN HEATER > P10-PRP-BHT-BH02,281069,a027b4da-4e9c-44ad-b607-5fb48d4c7061-000449ed,Roofs,,Genérico - 400 mm,Genérico - 400 mm,,P10 > P10-PRP-LGC-PREPARACION > P10-PRP-LGC-QUEBRADORES,contenedor_scoring,281069,a027b4da-4e9c-44ad-b607-5fb48d4c7061-000449ed,P10 > P10-PRP-LGC-PREPARACION > P10-PRP-LGC-QUEBRADORES,3,27,NO,200,200,0,ancestro_project_exacto_duplicado,281069:200:P10 > P10-PRP-LGC-PREPARACION > P10-PRP-LGC-QUEBRADORES || 281220:200:P10 > P10-PRP-LGC-PREPARACION > P10-PRP-LGC-EXPANDIDO || 281343:200:P10 > P10-PRP-LGC-PREPARACION > P10-PRP-LGC-LAMINADORES || 281815:200:P10 > P10-PRP-LGC-PREPARACION > P10-PRP-LGC-REDLER || 369188:200:P10 > P10-PRP-LGC-PREPARACION > P10-PRP-LGC-BEAN HEATER || 376995:200:P10 > P10-PRP-LGC-PREPARACION > P10-PRP-LGC-REDLER || 377104:200:P10 > P10-PRP-LGC-PREPARACION > P10-PRP-LGC-REDLER,P10-PRP-LGC-PREPARACION,Ancestro Project P10-PRP-LGC-PREPARACION aparece en 7 contenedores.,P10,P10-PRP-LGC-PREPARACION,P10-PRP-LGC-QUEBRADORES,,,,,,,,,,,,,,,,,,,,,,,,,,,,hay más de un contenedor candidato
contenedor_duplicado,contenedor_por_ancestro_project,P10-PRP-ART-BHART02,AEROTERMO BEAN HEATER BH02,470,5,470,P10-PRP-BHT-BH02,P10-PRP-BHT-BH02,P10-PRP-LGC-PREPARACION > P10-PRP-LGC-BEAN > P10-PRP-BHT-BH02,P10 > P10-PRP-LGC-PREPARACION > P10-PRP-LGC-BEAN HEATER > P10-PRP-BHT-BH02,P10 > P10-PRP-LGC-PREPARACION > P10-PRP-LGC-BEAN HEATER > P10-PRP-BHT-BH02 > P10-PRP-ART-BHART02,281069,a027b4da-4e9c-44ad-b607-5fb48d4c7061-000449ed,Roofs,,Genérico - 400 mm,Genérico - 400 mm,,P10 > P10-PRP-LGC-PREPARACION > P10-PRP-LGC-QUEBRADORES,contenedor_scoring,281069,a027b4da-4e9c-44ad-b607-5fb48d4c7061-000449ed,P10 > P10-PRP-LGC-PREPARACION > P10-PRP-LGC-QUEBRADORES,3,27,NO,200,200,0,ancestro_project_exacto_duplicado,281069:200:P10 > P10-PRP-LGC-PREPARACION > P10-PRP-LGC-QUEBRADORES || 281220:200:P10 > P10-PRP-LGC-PREPARACION > P10-PRP-LGC-EXPANDIDO || 281343:200:P10 > P10-PRP-LGC-PREPARACION > P10-PRP-LGC-LAMINADORES || 281815:200:P10 > P10-PRP-LGC-PREPARACION > P10-PRP-LGC-REDLER || 369188:200:P10 > P10-PRP-LGC-PREPARACION > P10-PRP-LGC-BEAN HEATER || 376995:200:P10 > P10-PRP-LGC-PREPARACION > P10-PRP-LGC-REDLER || 377104:200:P10 > P10-PRP-LGC-PREPARACION > P10-PRP-LGC-REDLER,P10-PRP-LGC-PREPARACION,Ancestro Project P10-PRP-LGC-PREPARACION aparece en 7 contenedores.,P10,P10-PRP-LGC-PREPARACION,P10-PRP-LGC-QUEBRADORES,,,,,,,,,,,,,,,,,,,,,,,,,,,,hay más de un contenedor candidato
contenedor_duplicado,contenedor_por_ancestro_project,P10-PRP-BSC-BHD02,BASCULANTE BHD02,471,5,471,P10-PRP-BHT-BH02,P10-PRP-BHT-BH02,P10-PRP-LGC-PREPARACION > P10-PRP-LGC-BEAN > P10-PRP-BHT-BH02,P10 > P10-PRP-LGC-PREPARACION > P10-PRP-LGC-BEAN HEATER > P10-PRP-BHT-BH02,P10 > P10-PRP-LGC-PREPARACION > P10-PRP-LGC-BEAN HEATER > P10-PRP-BHT-BH02 > P10-PRP-BSC-BHD02 (BASC),281069,a027b4da-4e9c-44ad-b607-5fb48d4c7061-000449ed,Roofs,,Genérico - 400 mm,Genérico - 400 mm,,P10 > P10-PRP-LGC-PREPARACION > P10-PRP-LGC-QUEBRADORES,contenedor_scoring,281069,a027b4da-4e9c-44ad-b607-5fb48d4c7061-000449ed,P10 > P10-PRP-LGC-PREPARACION > P10-PRP-LGC-QUEBRADORES,3,27,NO,200,200,0,ancestro_project_exacto_duplicado,281069:200:P10 > P10-PRP-LGC-PREPARACION > P10-PRP-LGC-QUEBRADORES || 281220:200:P10 > P10-PRP-LGC-PREPARACION > P10-PRP-LGC-EXPANDIDO || 281343:200:P10 > P10-PRP-LGC-PREPARACION > P10-PRP-LGC-LAMINADORES || 281815:200:P10 > P10-PRP-LGC-PREPARACION > P10-PRP-LGC-REDLER || 369188:200:P10 > P10-PRP-LGC-PREPARACION > P10-PRP-LGC-BEAN HEATER || 376995:200:P10 > P10-PRP-LGC-PREPARACION > P10-PRP-LGC-REDLER || 377104:200:P10 > P10-PRP-LGC-PREPARACION > P10-PRP-LGC-REDLER,P10-PRP-LGC-PREPARACION,Ancestro Project P10-PRP-LGC-PREPARACION aparece en 7 contenedores.,P10,P10-PRP-LGC-PREPARACION,P10-PRP-LGC-QUEBRADORES,,,,,,,,,,,,,,,,,,,,,,,,,,,,hay más de un contenedor candidato
contenedor_duplicado,contenedor_por_ancestro_project,P10-PRP-VLV-BHA02,VALV. ALIMENT. BH02 <CENTRO>,472,5,472,P10-PRP-BHT-BH02,P10-PRP-BHT-BH02,P10-PRP-LGC-PREPARACION > P10-PRP-LGC-BEAN > P10-PRP-BHT-BH02,P10 > P10-PRP-LGC-PREPARACION > P10-PRP-LGC-BEAN HEATER > P10-PRP-BHT-BH02,P10 > P10-PRP-LGC-PREPARACION > P10-PRP-LGC-BEAN HEATER > P10-PRP-BHT-BH02 > P10-PRP-VLV-BHA02,281069,a027b4da-4e9c-44ad-b607-5fb48d4c7061-000449ed,Roofs,,Genérico - 400 mm,Genérico - 400 mm,,P10 > P10-PRP-LGC-PREPARACION > P10-PRP-LGC-QUEBRADORES,contenedor_scoring,281069,a027b4da-4e9c-44ad-b607-5fb48d4c7061-000449ed,P10 > P10-PRP-LGC-PREPARACION > P10-PRP-LGC-QUEBRADORES,3,27,NO,200,200,0,ancestro_project_exacto_duplicado,281069:200:P10 > P10-PRP-LGC-PREPARACION > P10-PRP-LGC-QUEBRADORES || 281220:200:P10 > P10-PRP-LGC-PREPARACION > P10-PRP-LGC-EXPANDIDO || 281343:200:P10 > P10-PRP-LGC-PREPARACION > P10-PRP-LGC-LAMINADORES || 281815:200:P10 > P10-PRP-LGC-PREPARACION > P10-PRP-LGC-REDLER || 369188:200:P10 > P10-PRP-LGC-PREPARACION > P10-PRP-LGC-BEAN HEATER || 376995:200:P10 > P10-PRP-LGC-PREPARACION > P10-PRP-LGC-REDLER || 377104:200:P10 > P10-PRP-LGC-PREPARACION > P10-PRP-LGC-REDLER,P10-PRP-LGC-PREPARACION,Ancestro Project P10-PRP-LGC-PREPARACION aparece en 7 contenedores.,P10,P10-PRP-LGC-PREPARACION,P10-PRP-LGC-QUEBRADORES,,,,,,,,,,,,,,,,,,,,,,,,,,,,hay más de un contenedor candidato
contenedor_duplicado,contenedor_por_ancestro_project,P10-PRP-VLV-VSBH02,VALVULA DE SEGURIDAD BH02,473,5,473,P10-PRP-BHT-BH02,P10-PRP-BHT-BH02,P10-PRP-LGC-PREPARACION > P10-PRP-LGC-BEAN > P10-PRP-BHT-BH02,P10 > P10-PRP-LGC-PREPARACION > P10-PRP-LGC-BEAN HEATER > P10-PRP-BHT-BH02,P10 > P10-PRP-LGC-PREPARACION > P10-PRP-LGC-BEAN HEATER > P10-PRP-BHT-BH02 > P10-PRP-VLV-VSBH02,281069,a027b4da-4e9c-44ad-b607-5fb48d4c7061-000449ed,Roofs,,Genérico - 400 mm,Genérico - 400 mm,,P10 > P10-PRP-LGC-PREPARACION > P10-PRP-LGC-QUEBRADORES,contenedor_scoring,281069,a027b4da-4e9c-44ad-b607-5fb48d4c7061-000449ed,P10 > P10-PRP-LGC-PREPARACION > P10-PRP-LGC-QUEBRADORES,3,27,NO,200,200,0,ancestro_project_exacto_duplicado,281069:200:P10 > P10-PRP-LGC-PREPARACION > P10-PRP-LGC-QUEBRADORES || 281220:200:P10 > P10-PRP-LGC-PREPARACION > P10-PRP-LGC-EXPANDIDO || 281343:200:P10 > P10-PRP-LGC-PREPARACION > P10-PRP-LGC-LAMINADORES || 281815:200:P10 > P10-PRP-LGC-PREPARACION > P10-PRP-LGC-REDLER || 369188:200:P10 > P10-PRP-LGC-PREPARACION > P10-PRP-LGC-BEAN HEATER || 376995:200:P10 > P10-PRP-LGC-PREPARACION > P10-PRP-LGC-REDLER || 377104:200:P10 > P10-PRP-LGC-PREPARACION > P10-PRP-LGC-REDLER,P10-PRP-LGC-PREPARACION,Ancestro Project P10-PRP-LGC-PREPARACION aparece en 7 contenedores.,P10,P10-PRP-LGC-PREPARACION,P10-PRP-LGC-QUEBRADORES,,,,,,,,,,,,,,,,,,,,,,,,,,,,hay más de un contenedor candidato
contenedor_duplicado,contenedor_por_ancestro_project,P10-PRP-VLV-VGBH02N,"VALVULA GUILLOTINA SALIDA DE BH02 LADO NORTE (3 VALVULAS, CENTRO AUTOMATICA Y LAS OTRAS 2 MANUALES)",474,5,474,P10-PRP-BHT-BH02,P10-PRP-BHT-BH02,P10-PRP-LGC-PREPARACION > P10-PRP-LGC-BEAN > P10-PRP-BHT-BH02,P10 > P10-PRP-LGC-PREPARACION > P10-PRP-LGC-BEAN HEATER > P10-PRP-BHT-BH02,P10 > P10-PRP-LGC-PREPARACION > P10-PRP-LGC-BEAN HEATER > P10-PRP-BHT-BH02 > P10-PRP-VLV-VGBH02N,281069,a027b4da-4e9c-44ad-b607-5fb48d4c7061-000449ed,Roofs,,Genérico - 400 mm,Genérico - 400 mm,,P10 > P10-PRP-LGC-PREPARACION > P10-PRP-LGC-QUEBRADORES,contenedor_scoring,281069,a027b4da-4e9c-44ad-b607-5fb48d4c7061-000449ed,P10 > P10-PRP-LGC-PREPARACION > P10-PRP-LGC-QUEBRADORES,3,27,NO,200,200,0,ancestro_project_exacto_duplicado,281069:200:P10 > P10-PRP-LGC-PREPARACION > P10-PRP-LGC-QUEBRADORES || 281220:200:P10 > P10-PRP-LGC-PREPARACION > P10-PRP-LGC-EXPANDIDO || 281343:200:P10 > P10-PRP-LGC-PREPARACION > P10-PRP-LGC-LAMINADORES || 281815:200:P10 > P10-PRP-LGC-PREPARACION > P10-PRP-LGC-REDLER || 369188:200:P10 > P10-PRP-LGC-PREPARACION > P10-PRP-LGC-BEAN HEATER || 376995:200:P10 > P10-PRP-LGC-PREPARACION > P10-PRP-LGC-REDLER || 377104:200:P10 > P10-PRP-LGC-PREPARACION > P10-PRP-LGC-REDLER,P10-PRP-LGC-PREPARACION,Ancestro Project P10-PRP-LGC-PREPARACION aparece en 7 contenedores.,P10,P10-PRP-LGC-PREPARACION,P10-PRP-LGC-QUEBRADORES,,,,,,,,,,,,,,,,,,,,,,,,,,,,hay más de un contenedor candidato
contenedor_duplicado,contenedor_por_ancestro_project,P10-PRP-VLV-VGBH02S,"VALVULA GUILLOTINA SALIDA DE BH02 LADO SUR (3 VALVULAS, CENTRO AUTOMATICA Y LAS OTRAS 2 MANUALES)",475,5,475,P10-PRP-BHT-BH02,P10-PRP-BHT-BH02,P10-PRP-LGC-PREPARACION > P10-PRP-LGC-BEAN > P10-PRP-BHT-BH02,P10 > P10-PRP-LGC-PREPARACION > P10-PRP-LGC-BEAN HEATER > P10-PRP-BHT-BH02,P10 > P10-PRP-LGC-PREPARACION > P10-PRP-LGC-BEAN HEATER > P10-PRP-BHT-BH02 > P10-PRP-VLV-VGBH02S,281069,a027b4da-4e9c-44ad-b607-5fb48d4c7061-000449ed,Roofs,,Genérico - 400 mm,Genérico - 400 mm,,P10 > P10-PRP-LGC-PREPARACION > P10-PRP-LGC-QUEBRADORES,contenedor_scoring,281069,a027b4da-4e9c-44ad-b607-5fb48d4c7061-000449ed,P10 > P10-PRP-LGC-PREPARACION > P10-PRP-LGC-QUEBRADORES,3,27,NO,200,200,0,ancestro_project_exacto_duplicado,281069:200:P10 > P10-PRP-LGC-PREPARACION > P10-PRP-LGC-QUEBRADORES || 281220:200:P10 > P10-PRP-LGC-PREPARACION > P10-PRP-LGC-EXPANDIDO || 281343:200:P10 > P10-PRP-LGC-PREPARACION > P10-PRP-LGC-LAMINADORES || 281815:200:P10 > P10-PRP-LGC-PREPARACION > P10-PRP-LGC-REDLER || 369188:200:P10 > P10-PRP-LGC-PREPARACION > P10-PRP-LGC-BEAN HEATER || 376995:200:P10 > P10-PRP-LGC-PREPARACION > P10-PRP-LGC-REDLER || 377104:200:P10 > P10-PRP-LGC-PREPARACION > P10-PRP-LGC-REDLER,P10-PRP-LGC-PREPARACION,Ancestro Project P10-PRP-LGC-PREPARACION aparece en 7 contenedores.,P10,P10-PRP-LGC-PREPARACION,P10-PRP-LGC-QUEBRADORES,,,,,,,,,,,,,,,,,,,,,,,,,,,,hay más de un contenedor candidato
contenedor_duplicado,contenedor_por_ancestro_project,P10-PRP-VNT-VE06,VENT. ASPIRACION BH06  <CENTRO>,476,5,476,P10-PRP-BHT-BH02,P10-PRP-BHT-BH02,P10-PRP-LGC-PREPARACION > P10-PRP-LGC-BEAN > P10-PRP-BHT-BH02,P10 > P10-PRP-LGC-PREPARACION > P10-PRP-LGC-BEAN HEATER > P10-PRP-BHT-BH02,P10 > P10-PRP-LGC-PREPARACION > P10-PRP-LGC-BEAN HEATER > P10-PRP-BHT-BH02 > P10-PRP-VNT-VE06,281069,a027b4da-4e9c-44ad-b607-5fb48d4c7061-000449ed,Roofs,,Genérico - 400 mm,Genérico - 400 mm,,P10 > P10-PRP-LGC-PREPARACION > P10-PRP-LGC-QUEBRADORES,contenedor_scoring,281069,a027b4da-4e9c-44ad-b607-5fb48d4c7061-000449ed,P10 > P10-PRP-LGC-PREPARACION > P10-PRP-LGC-QUEBRADORES,3,27,NO,200,200,0,ancestro_project_exacto_duplicado,281069:200:P10 > P10-PRP-LGC-PREPARACION > P10-PRP-LGC-QUEBRADORES || 281220:200:P10 > P10-PRP-LGC-PREPARACION > P10-PRP-LGC-EXPANDIDO || 281343:200:P10 > P10-PRP-LGC-PREPARACION > P10-PRP-LGC-LAMINADORES || 281815:200:P10 > P10-PRP-LGC-PREPARACION > P10-PRP-LGC-REDLER || 369188:200:P10 > P10-PRP-LGC-PREPARACION > P10-PRP-LGC-BEAN HEATER || 376995:200:P10 > P10-PRP-LGC-PREPARACION > P10-PRP-LGC-REDLER || 377104:200:P10 > P10-PRP-LGC-PREPARACION > P10-PRP-LGC-REDLER,P10-PRP-LGC-PREPARACION,Ancestro Project P10-PRP-LGC-PREPARACION aparece en 7 contenedores.,P10,P10-PRP-LGC-PREPARACION,P10-PRP-LGC-QUEBRADORES,,,,,,,,,,,,,,,,,,,,,,,,,,,,hay más de un contenedor candidato
contenedor_duplicado,contenedor_por_ancestro_project,P10-PRP-CCL-CVE06,CICLON VENT. ASPIRACION BH06  <CENTRO>,477,6,477,P10-PRP-VNT-VE06,P10-PRP-VNT-VE06,P10-PRP-LGC-PREPARACION > P10-PRP-LGC-BEAN > P10-PRP-BHT-BH02 > P10-PRP-VNT-VE06,P10 > P10-PRP-LGC-PREPARACION > P10-PRP-LGC-BEAN HEATER > P10-PRP-BHT-BH02 > P10-PRP-VNT-VE06,P10 > P10-PRP-LGC-PREPARACION > P10-PRP-LGC-BEAN HEATER > P10-PRP-BHT-BH02 > P10-PRP-VNT-VE06 > P10-PRP-CCL-CVE06,281069,a027b4da-4e9c-44ad-b607-5fb48d4c7061-000449ed,Roofs,,Genérico - 400 mm,Genérico - 400 mm,,P10 > P10-PRP-LGC-PREPARACION > P10-PRP-LGC-QUEBRADORES,contenedor_scoring,281069,a027b4da-4e9c-44ad-b607-5fb48d4c7061-000449ed,P10 > P10-PRP-LGC-PREPARACION > P10-PRP-LGC-QUEBRADORES,3,27,NO,200,200,0,ancestro_project_exacto_duplicado,281069:200:P10 > P10-PRP-LGC-PREPARACION > P10-PRP-LGC-QUEBRADORES || 281220:200:P10 > P10-PRP-LGC-PREPARACION > P10-PRP-LGC-EXPANDIDO || 281343:200:P10 > P10-PRP-LGC-PREPARACION > P10-PRP-LGC-LAMINADORES || 281815:200:P10 > P10-PRP-LGC-PREPARACION > P10-PRP-LGC-REDLER || 369188:200:P10 > P10-PRP-LGC-PREPARACION > P10-PRP-LGC-BEAN HEATER || 376995:200:P10 > P10-PRP-LGC-PREPARACION > P10-PRP-LGC-REDLER || 377104:200:P10 > P10-PRP-LGC-PREPARACION > P10-PRP-LGC-REDLER,P10-PRP-LGC-PREPARACION,Ancestro Project P10-PRP-LGC-PREPARACION aparece en 7 contenedores.,P10,P10-PRP-LGC-PREPARACION,P10-PRP-LGC-QUEBRADORES,,,,,,,,,,,,,,,,,,,,,,,,,,,,hay más de un contenedor candidato
contenedor_duplicado,contenedor_por_ancestro_project,P10-PRP-VLV-VR06,VALV. ROT. VR06 DE BH02 (CENTRO),478,6,478,P10-PRP-VNT-VE06,P10-PRP-VNT-VE06,P10-PRP-LGC-PREPARACION > P10-PRP-LGC-BEAN > P10-PRP-BHT-BH02 > P10-PRP-VNT-VE06,P10 > P10-PRP-LGC-PREPARACION > P10-PRP-LGC-BEAN HEATER > P10-PRP-BHT-BH02 > P10-PRP-VNT-VE06,P10 > P10-PRP-LGC-PREPARACION > P10-PRP-LGC-BEAN HEATER > P10-PRP-BHT-BH02 > P10-PRP-VNT-VE06 > P10-PRP-VLV-VR06,281069,a027b4da-4e9c-44ad-b607-5fb48d4c7061-000449ed,Roofs,,Genérico - 400 mm,Genérico - 400 mm,,P10 > P10-PRP-LGC-PREPARACION > P10-PRP-LGC-QUEBRADORES,contenedor_scoring,281069,a027b4da-4e9c-44ad-b607-5fb48d4c7061-000449ed,P10 > P10-PRP-LGC-PREPARACION > P10-PRP-LGC-QUEBRADORES,3,27,NO,200,200,0,ancestro_project_exacto_duplicado,281069:200:P10 > P10-PRP-LGC-PREPARACION > P10-PRP-LGC-QUEBRADORES || 281220:200:P10 > P10-PRP-LGC-PREPARACION > P10-PRP-LGC-EXPANDIDO || 281343:200:P10 > P10-PRP-LGC-PREPARACION > P10-PRP-LGC-LAMINADORES || 281815:200:P10 > P10-PRP-LGC-PREPARACION > P10-PRP-LGC-REDLER || 369188:200:P10 > P10-PRP-LGC-PREPARACION > P10-PRP-LGC-BEAN HEATER || 376995:200:P10 > P10-PRP-LGC-PREPARACION > P10-PRP-LGC-REDLER || 377104:200:P10 > P10-PRP-LGC-PREPARACION > P10-PRP-LGC-REDLER,P10-PRP-LGC-PREPARACION,Ancestro Project P10-PRP-LGC-PREPARACION aparece en 7 contenedores.,P10,P10-PRP-LGC-PREPARACION,P10-PRP-LGC-QUEBRADORES,,,,,,,,,,,,,,,,,,,,,,,,,,,,hay más de un contenedor candidato
contenedor_duplicado,contenedor_por_ancestro_project,P10-PRP-BHT-BH03,BEAN HEATHER B.H. 03 <ESTE>,479,4,479,P10-PRP-LGC-BEAN HEATER,P10-PRP-LGC-BEAN,P10-PRP-LGC-PREPARACION > P10-PRP-LGC-BEAN,P10 > P10-PRP-LGC-PREPARACION > P10-PRP-LGC-BEAN HEATER,P10 > P10-PRP-LGC-PREPARACION > P10-PRP-LGC-BEAN HEATER > P10-PRP-BHT-BH03,281069,a027b4da-4e9c-44ad-b607-5fb48d4c7061-000449ed,Roofs,,Genérico - 400 mm,Genérico - 400 mm,,P10 > P10-PRP-LGC-PREPARACION > P10-PRP-LGC-QUEBRADORES,contenedor_scoring,281069,a027b4da-4e9c-44ad-b607-5fb48d4c7061-000449ed,P10 > P10-PRP-LGC-PREPARACION > P10-PRP-LGC-QUEBRADORES,3,27,NO,200,200,0,ancestro_project_exacto_duplicado,281069:200:P10 > P10-PRP-LGC-PREPARACION > P10-PRP-LGC-QUEBRADORES || 281220:200:P10 > P10-PRP-LGC-PREPARACION > P10-PRP-LGC-EXPANDIDO || 281343:200:P10 > P10-PRP-LGC-PREPARACION > P10-PRP-LGC-LAMINADORES || 281815:200:P10 > P10-PRP-LGC-PREPARACION > P10-PRP-LGC-REDLER || 369188:200:P10 > P10-PRP-LGC-PREPARACION > P10-PRP-LGC-BEAN HEATER || 376995:200:P10 > P10-PRP-LGC-PREPARACION > P10-PRP-LGC-REDLER || 377104:200:P10 > P10-PRP-LGC-PREPARACION > P10-PRP-LGC-REDLER,P10-PRP-LGC-PREPARACION,Ancestro Project P10-PRP-LGC-PREPARACION aparece en 7 contenedores.,P10,P10-PRP-LGC-PREPARACION,P10-PRP-LGC-QUEBRADORES,,,,,,,,,,,,,,,,,,,,,,,,,,,,hay más de un contenedor candidato
contenedor_duplicado,contenedor_por_ancestro_project,P10-PRP-ART-BHART03,AEROTERMO BEAN HEATER BH03,480,5,480,P10-PRP-BHT-BH03,P10-PRP-BHT-BH03,P10-PRP-LGC-PREPARACION > P10-PRP-LGC-BEAN > P10-PRP-BHT-BH03,P10 > P10-PRP-LGC-PREPARACION > P10-PRP-LGC-BEAN HEATER > P10-PRP-BHT-BH03,P10 > P10-PRP-LGC-PREPARACION > P10-PRP-LGC-BEAN HEATER > P10-PRP-BHT-BH03 > P10-PRP-ART-BHART03,281069,a027b4da-4e9c-44ad-b607-5fb48d4c7061-000449ed,Roofs,,Genérico - 400 mm,Genérico - 400 mm,,P10 > P10-PRP-LGC-PREPARACION > P10-PRP-LGC-QUEBRADORES,contenedor_scoring,281069,a027b4da-4e9c-44ad-b607-5fb48d4c7061-000449ed,P10 > P10-PRP-LGC-PREPARACION > P10-PRP-LGC-QUEBRADORES,3,27,NO,200,200,0,ancestro_project_exacto_duplicado,281069:200:P10 > P10-PRP-LGC-PREPARACION > P10-PRP-LGC-QUEBRADORES || 281220:200:P10 > P10-PRP-LGC-PREPARACION > P10-PRP-LGC-EXPANDIDO || 281343:200:P10 > P10-PRP-LGC-PREPARACION > P10-PRP-LGC-LAMINADORES || 281815:200:P10 > P10-PRP-LGC-PREPARACION > P10-PRP-LGC-REDLER || 369188:200:P10 > P10-PRP-LGC-PREPARACION > P10-PRP-LGC-BEAN HEATER || 376995:200:P10 > P10-PRP-LGC-PREPARACION > P10-PRP-LGC-REDLER || 377104:200:P10 > P10-PRP-LGC-PREPARACION > P10-PRP-LGC-REDLER,P10-PRP-LGC-PREPARACION,Ancestro Project P10-PRP-LGC-PREPARACION aparece en 7 contenedores.,P10,P10-PRP-LGC-PREPARACION,P10-PRP-LGC-QUEBRADORES,,,,,,,,,,,,,,,,,,,,,,,,,,,,hay más de un contenedor candidato
contenedor_duplicado,contenedor_por_ancestro_project,P10-PRP-BSC-BHD03,BASCULANTE BHD03,481,5,481,P10-PRP-BHT-BH03,P10-PRP-BHT-BH03,P10-PRP-LGC-PREPARACION > P10-PRP-LGC-BEAN > P10-PRP-BHT-BH03,P10 > P10-PRP-LGC-PREPARACION > P10-PRP-LGC-BEAN HEATER > P10-PRP-BHT-BH03,P10 > P10-PRP-LGC-PREPARACION > P10-PRP-LGC-BEAN HEATER > P10-PRP-BHT-BH03 > P10-PRP-BSC-BHD03 (BASC),281069,a027b4da-4e9c-44ad-b607-5fb48d4c7061-000449ed,Roofs,,Genérico - 400 mm,Genérico - 400 mm,,P10 > P10-PRP-LGC-PREPARACION > P10-PRP-LGC-QUEBRADORES,contenedor_scoring,281069,a027b4da-4e9c-44ad-b607-5fb48d4c7061-000449ed,P10 > P10-PRP-LGC-PREPARACION > P10-PRP-LGC-QUEBRADORES,3,27,NO,200,200,0,ancestro_project_exacto_duplicado,281069:200:P10 > P10-PRP-LGC-PREPARACION > P10-PRP-LGC-QUEBRADORES || 281220:200:P10 > P10-PRP-LGC-PREPARACION > P10-PRP-LGC-EXPANDIDO || 281343:200:P10 > P10-PRP-LGC-PREPARACION > P10-PRP-LGC-LAMINADORES || 281815:200:P10 > P10-PRP-LGC-PREPARACION > P10-PRP-LGC-REDLER || 369188:200:P10 > P10-PRP-LGC-PREPARACION > P10-PRP-LGC-BEAN HEATER || 376995:200:P10 > P10-PRP-LGC-PREPARACION > P10-PRP-LGC-REDLER || 377104:200:P10 > P10-PRP-LGC-PREPARACION > P10-PRP-LGC-REDLER,P10-PRP-LGC-PREPARACION,Ancestro Project P10-PRP-LGC-PREPARACION aparece en 7 contenedores.,P10,P10-PRP-LGC-PREPARACION,P10-PRP-LGC-QUEBRADORES,,,,,,,,,,,,,,,,,,,,,,,,,,,,hay más de un contenedor candidato
contenedor_duplicado,contenedor_por_ancestro_project,P10-PRP-VLV-BHA03,VALV. ALIMENT. BH03 <ESTE>,482,5,482,P10-PRP-BHT-BH03,P10-PRP-BHT-BH03,P10-PRP-LGC-PREPARACION > P10-PRP-LGC-BEAN > P10-PRP-BHT-BH03,P10 > P10-PRP-LGC-PREPARACION > P10-PRP-LGC-BEAN HEATER > P10-PRP-BHT-BH03,P10 > P10-PRP-LGC-PREPARACION > P10-PRP-LGC-BEAN HEATER > P10-PRP-BHT-BH03 > P10-PRP-VLV-BHA03,281069,a027b4da-4e9c-44ad-b607-5fb48d4c7061-000449ed,Roofs,,Genérico - 400 mm,Genérico - 400 mm,,P10 > P10-PRP-LGC-PREPARACION > P10-PRP-LGC-QUEBRADORES,contenedor_scoring,281069,a027b4da-4e9c-44ad-b607-5fb48d4c7061-000449ed,P10 > P10-PRP-LGC-PREPARACION > P10-PRP-LGC-QUEBRADORES,3,27,NO,200,200,0,ancestro_project_exacto_duplicado,281069:200:P10 > P10-PRP-LGC-PREPARACION > P10-PRP-LGC-QUEBRADORES || 281220:200:P10 > P10-PRP-LGC-PREPARACION > P10-PRP-LGC-EXPANDIDO || 281343:200:P10 > P10-PRP-LGC-PREPARACION > P10-PRP-LGC-LAMINADORES || 281815:200:P10 > P10-PRP-LGC-PREPARACION > P10-PRP-LGC-REDLER || 369188:200:P10 > P10-PRP-LGC-PREPARACION > P10-PRP-LGC-BEAN HEATER || 376995:200:P10 > P10-PRP-LGC-PREPARACION > P10-PRP-LGC-REDLER || 377104:200:P10 > P10-PRP-LGC-PREPARACION > P10-PRP-LGC-REDLER,P10-PRP-LGC-PREPARACION,Ancestro Project P10-PRP-LGC-PREPARACION aparece en 7 contenedores.,P10,P10-PRP-LGC-PREPARACION,P10-PRP-LGC-QUEBRADORES,,,,,,,,,,,,,,,,,,,,,,,,,,,,hay más de un contenedor candidato
contenedor_duplicado,contenedor_por_ancestro_project,P10-PRP-VLV-VSBH03,VALVULA DE SEGURIDAD BH03,483,5,483,P10-PRP-BHT-BH03,P10-PRP-BHT-BH03,P10-PRP-LGC-PREPARACION > P10-PRP-LGC-BEAN > P10-PRP-BHT-BH03,P10 > P10-PRP-LGC-PREPARACION > P10-PRP-LGC-BEAN HEATER > P10-PRP-BHT-BH03,P10 > P10-PRP-LGC-PREPARACION > P10-PRP-LGC-BEAN HEATER > P10-PRP-BHT-BH03 > P10-PRP-VLV-VSBH03,281069,a027b4da-4e9c-44ad-b607-5fb48d4c7061-000449ed,Roofs,,Genérico - 400 mm,Genérico - 400 mm,,P10 > P10-PRP-LGC-PREPARACION > P10-PRP-LGC-QUEBRADORES,contenedor_scoring,281069,a027b4da-4e9c-44ad-b607-5fb48d4c7061-000449ed,P10 > P10-PRP-LGC-PREPARACION > P10-PRP-LGC-QUEBRADORES,3,27,NO,200,200,0,ancestro_project_exacto_duplicado,281069:200:P10 > P10-PRP-LGC-PREPARACION > P10-PRP-LGC-QUEBRADORES || 281220:200:P10 > P10-PRP-LGC-PREPARACION > P10-PRP-LGC-EXPANDIDO || 281343:200:P10 > P10-PRP-LGC-PREPARACION > P10-PRP-LGC-LAMINADORES || 281815:200:P10 > P10-PRP-LGC-PREPARACION > P10-PRP-LGC-REDLER || 369188:200:P10 > P10-PRP-LGC-PREPARACION > P10-PRP-LGC-BEAN HEATER || 376995:200:P10 > P10-PRP-LGC-PREPARACION > P10-PRP-LGC-REDLER || 377104:200:P10 > P10-PRP-LGC-PREPARACION > P10-PRP-LGC-REDLER,P10-PRP-LGC-PREPARACION,Ancestro Project P10-PRP-LGC-PREPARACION aparece en 7 contenedores.,P10,P10-PRP-LGC-PREPARACION,P10-PRP-LGC-QUEBRADORES,,,,,,,,,,,,,,,,,,,,,,,,,,,,hay más de un contenedor candidato
contenedor_duplicado,contenedor_por_ancestro_project,P10-PRP-VLV-VGBH03N,"VALVULA GUILLOTINA SALIDA DE BH03 LADO NORTE (3 VALVULAS, CENTRO AUTOMATICA Y LAS OTRAS 2 MANUALES)",484,5,484,P10-PRP-BHT-BH03,P10-PRP-BHT-BH03,P10-PRP-LGC-PREPARACION > P10-PRP-LGC-BEAN > P10-PRP-BHT-BH03,P10 > P10-PRP-LGC-PREPARACION > P10-PRP-LGC-BEAN HEATER > P10-PRP-BHT-BH03,P10 > P10-PRP-LGC-PREPARACION > P10-PRP-LGC-BEAN HEATER > P10-PRP-BHT-BH03 > P10-PRP-VLV-VGBH03N,281069,a027b4da-4e9c-44ad-b607-5fb48d4c7061-000449ed,Roofs,,Genérico - 400 mm,Genérico - 400 mm,,P10 > P10-PRP-LGC-PREPARACION > P10-PRP-LGC-QUEBRADORES,contenedor_scoring,281069,a027b4da-4e9c-44ad-b607-5fb48d4c7061-000449ed,P10 > P10-PRP-LGC-PREPARACION > P10-PRP-LGC-QUEBRADORES,3,27,NO,200,200,0,ancestro_project_exacto_duplicado,281069:200:P10 > P10-PRP-LGC-PREPARACION > P10-PRP-LGC-QUEBRADORES || 281220:200:P10 > P10-PRP-LGC-PREPARACION > P10-PRP-LGC-EXPANDIDO || 281343:200:P10 > P10-PRP-LGC-PREPARACION > P10-PRP-LGC-LAMINADORES || 281815:200:P10 > P10-PRP-LGC-PREPARACION > P10-PRP-LGC-REDLER || 369188:200:P10 > P10-PRP-LGC-PREPARACION > P10-PRP-LGC-BEAN HEATER || 376995:200:P10 > P10-PRP-LGC-PREPARACION > P10-PRP-LGC-REDLER || 377104:200:P10 > P10-PRP-LGC-PREPARACION > P10-PRP-LGC-REDLER,P10-PRP-LGC-PREPARACION,Ancestro Project P10-PRP-LGC-PREPARACION aparece en 7 contenedores.,P10,P10-PRP-LGC-PREPARACION,P10-PRP-LGC-QUEBRADORES,,,,,,,,,,,,,,,,,,,,,,,,,,,,hay más de un contenedor candidato
contenedor_duplicado,contenedor_por_ancestro_project,P10-PRP-VLV-VGBH03S,"VALVULA GUILLOTINA SALIDA DE BH03 LADO SUR (3 VALVULAS, CENTRO AUTOMATICA Y LAS OTRAS 2 MANUALES)",485,5,485,P10-PRP-BHT-BH03,P10-PRP-BHT-BH03,P10-PRP-LGC-PREPARACION > P10-PRP-LGC-BEAN > P10-PRP-BHT-BH03,P10 > P10-PRP-LGC-PREPARACION > P10-PRP-LGC-BEAN HEATER > P10-PRP-BHT-BH03,P10 > P10-PRP-LGC-PREPARACION > P10-PRP-LGC-BEAN HEATER > P10-PRP-BHT-BH03 > P10-PRP-VLV-VGBH03S,281069,a027b4da-4e9c-44ad-b607-5fb48d4c7061-000449ed,Roofs,,Genérico - 400 mm,Genérico - 400 mm,,P10 > P10-PRP-LGC-PREPARACION > P10-PRP-LGC-QUEBRADORES,contenedor_scoring,281069,a027b4da-4e9c-44ad-b607-5fb48d4c7061-000449ed,P10 > P10-PRP-LGC-PREPARACION > P10-PRP-LGC-QUEBRADORES,3,27,NO,200,200,0,ancestro_project_exacto_duplicado,281069:200:P10 > P10-PRP-LGC-PREPARACION > P10-PRP-LGC-QUEBRADORES || 281220:200:P10 > P10-PRP-LGC-PREPARACION > P10-PRP-LGC-EXPANDIDO || 281343:200:P10 > P10-PRP-LGC-PREPARACION > P10-PRP-LGC-LAMINADORES || 281815:200:P10 > P10-PRP-LGC-PREPARACION > P10-PRP-LGC-REDLER || 369188:200:P10 > P10-PRP-LGC-PREPARACION > P10-PRP-LGC-BEAN HEATER || 376995:200:P10 > P10-PRP-LGC-PREPARACION > P10-PRP-LGC-REDLER || 377104:200:P10 > P10-PRP-LGC-PREPARACION > P10-PRP-LGC-REDLER,P10-PRP-LGC-PREPARACION,Ancestro Project P10-PRP-LGC-PREPARACION aparece en 7 contenedores.,P10,P10-PRP-LGC-PREPARACION,P10-PRP-LGC-QUEBRADORES,,,,,,,,,,,,,,,,,,,,,,,,,,,,hay más de un contenedor candidato
contenedor_duplicado,contenedor_por_ancestro_project,P10-PRP-VNT-VE07,VENT. ASPIRACION BH07  <ESTE>,486,5,486,P10-PRP-BHT-BH03,P10-PRP-BHT-BH03,P10-PRP-LGC-PREPARACION > P10-PRP-LGC-BEAN > P10-PRP-BHT-BH03,P10 > P10-PRP-LGC-PREPARACION > P10-PRP-LGC-BEAN HEATER > P10-PRP-BHT-BH03,P10 > P10-PRP-LGC-PREPARACION > P10-PRP-LGC-BEAN HEATER > P10-PRP-BHT-BH03 > P10-PRP-VNT-VE07,281069,a027b4da-4e9c-44ad-b607-5fb48d4c7061-000449ed,Roofs,,Genérico - 400 mm,Genérico - 400 mm,,P10 > P10-PRP-LGC-PREPARACION > P10-PRP-LGC-QUEBRADORES,contenedor_scoring,281069,a027b4da-4e9c-44ad-b607-5fb48d4c7061-000449ed,P10 > P10-PRP-LGC-PREPARACION > P10-PRP-LGC-QUEBRADORES,3,27,NO,200,200,0,ancestro_project_exacto_duplicado,281069:200:P10 > P10-PRP-LGC-PREPARACION > P10-PRP-LGC-QUEBRADORES || 281220:200:P10 > P10-PRP-LGC-PREPARACION > P10-PRP-LGC-EXPANDIDO || 281343:200:P10 > P10-PRP-LGC-PREPARACION > P10-PRP-LGC-LAMINADORES || 281815:200:P10 > P10-PRP-LGC-PREPARACION > P10-PRP-LGC-REDLER || 369188:200:P10 > P10-PRP-LGC-PREPARACION > P10-PRP-LGC-BEAN HEATER || 376995:200:P10 > P10-PRP-LGC-PREPARACION > P10-PRP-LGC-REDLER || 377104:200:P10 > P10-PRP-LGC-PREPARACION > P10-PRP-LGC-REDLER,P10-PRP-LGC-PREPARACION,Ancestro Project P10-PRP-LGC-PREPARACION aparece en 7 contenedores.,P10,P10-PRP-LGC-PREPARACION,P10-PRP-LGC-QUEBRADORES,,,,,,,,,,,,,,,,,,,,,,,,,,,,hay más de un contenedor candidato
contenedor_duplicado,contenedor_por_ancestro_project,P10-PRP-CCL-CVE07,CICLON VENT. ASPIRACION BH07  <ESTE>,487,6,487,P10-PRP-VNT-VE07,P10-PRP-VNT-VE07,P10-PRP-LGC-PREPARACION > P10-PRP-LGC-BEAN > P10-PRP-BHT-BH03 > P10-PRP-VNT-VE07,P10 > P10-PRP-LGC-PREPARACION > P10-PRP-LGC-BEAN HEATER > P10-PRP-BHT-BH03 > P10-PRP-VNT-VE07,P10 > P10-PRP-LGC-PREPARACION > P10-PRP-LGC-BEAN HEATER > P10-PRP-BHT-BH03 > P10-PRP-VNT-VE07 > P10-PRP-CCL-CVE07,281069,a027b4da-4e9c-44ad-b607-5fb48d4c7061-000449ed,Roofs,,Genérico - 400 mm,Genérico - 400 mm,,P10 > P10-PRP-LGC-PREPARACION > P10-PRP-LGC-QUEBRADORES,contenedor_scoring,281069,a027b4da-4e9c-44ad-b607-5fb48d4c7061-000449ed,P10 > P10-PRP-LGC-PREPARACION > P10-PRP-LGC-QUEBRADORES,3,27,NO,200,200,0,ancestro_project_exacto_duplicado,281069:200:P10 > P10-PRP-LGC-PREPARACION > P10-PRP-LGC-QUEBRADORES || 281220:200:P10 > P10-PRP-LGC-PREPARACION > P10-PRP-LGC-EXPANDIDO || 281343:200:P10 > P10-PRP-LGC-PREPARACION > P10-PRP-LGC-LAMINADORES || 281815:200:P10 > P10-PRP-LGC-PREPARACION > P10-PRP-LGC-REDLER || 369188:200:P10 > P10-PRP-LGC-PREPARACION > P10-PRP-LGC-BEAN HEATER || 376995:200:P10 > P10-PRP-LGC-PREPARACION > P10-PRP-LGC-REDLER || 377104:200:P10 > P10-PRP-LGC-PREPARACION > P10-PRP-LGC-REDLER,P10-PRP-LGC-PREPARACION,Ancestro Project P10-PRP-LGC-PREPARACION aparece en 7 contenedores.,P10,P10-PRP-LGC-PREPARACION,P10-PRP-LGC-QUEBRADORES,,,,,,,,,,,,,,,,,,,,,,,,,,,,hay más de un contenedor candidato
contenedor_duplicado,contenedor_por_ancestro_project,P10-PRP-VLV-VR07,VALV. ROT. VR07 DE BH03 (ESTE),488,6,488,P10-PRP-VNT-VE07,P10-PRP-VNT-VE07,P10-PRP-LGC-PREPARACION > P10-PRP-LGC-BEAN > P10-PRP-BHT-BH03 > P10-PRP-VNT-VE07,P10 > P10-PRP-LGC-PREPARACION > P10-PRP-LGC-BEAN HEATER > P10-PRP-BHT-BH03 > P10-PRP-VNT-VE07,P10 > P10-PRP-LGC-PREPARACION > P10-PRP-LGC-BEAN HEATER > P10-PRP-BHT-BH03 > P10-PRP-VNT-VE07 > P10-PRP-VLV-VR07,281069,a027b4da-4e9c-44ad-b607-5fb48d4c7061-000449ed,Roofs,,Genérico - 400 mm,Genérico - 400 mm,,P10 > P10-PRP-LGC-PREPARACION > P10-PRP-LGC-QUEBRADORES,contenedor_scoring,281069,a027b4da-4e9c-44ad-b607-5fb48d4c7061-000449ed,P10 > P10-PRP-LGC-PREPARACION > P10-PRP-LGC-QUEBRADORES,3,27,NO,200,200,0,ancestro_project_exacto_duplicado,281069:200:P10 > P10-PRP-LGC-PREPARACION > P10-PRP-LGC-QUEBRADORES || 281220:200:P10 > P10-PRP-LGC-PREPARACION > P10-PRP-LGC-EXPANDIDO || 281343:200:P10 > P10-PRP-LGC-PREPARACION > P10-PRP-LGC-LAMINADORES || 281815:200:P10 > P10-PRP-LGC-PREPARACION > P10-PRP-LGC-REDLER || 369188:200:P10 > P10-PRP-LGC-PREPARACION > P10-PRP-LGC-BEAN HEATER || 376995:200:P10 > P10-PRP-LGC-PREPARACION > P10-PRP-LGC-REDLER || 377104:200:P10 > P10-PRP-LGC-PREPARACION > P10-PRP-LGC-REDLER,P10-PRP-LGC-PREPARACION,Ancestro Project P10-PRP-LGC-PREPARACION aparece en 7 contenedores.,P10,P10-PRP-LGC-PREPARACION,P10-PRP-LGC-QUEBRADORES,,,,,,,,,,,,,,,,,,,,,,,,,,,,hay más de un contenedor candidato
contenedor_duplicado,contenedor_por_ancestro_project,P10-PRP-BMB-BBH01,BOMBA RECIRC. CONDENSADO B.H. 01 (ESTE),489,4,489,P10-PRP-LGC-BEAN HEATER,P10-PRP-LGC-BEAN,P10-PRP-LGC-PREPARACION > P10-PRP-LGC-BEAN,P10 > P10-PRP-LGC-PREPARACION > P10-PRP-LGC-BEAN HEATER,P10 > P10-PRP-LGC-PREPARACION > P10-PRP-LGC-BEAN HEATER > P10-PRP-BMB-BBH01,281069,a027b4da-4e9c-44ad-b607-5fb48d4c7061-000449ed,Roofs,,Genérico - 400 mm,Genérico - 400 mm,,P10 > P10-PRP-LGC-PREPARACION > P10-PRP-LGC-QUEBRADORES,contenedor_scoring,281069,a027b4da-4e9c-44ad-b607-5fb48d4c7061-000449ed,P10 > P10-PRP-LGC-PREPARACION > P10-PRP-LGC-QUEBRADORES,3,27,NO,200,200,0,ancestro_project_exacto_duplicado,281069:200:P10 > P10-PRP-LGC-PREPARACION > P10-PRP-LGC-QUEBRADORES || 281220:200:P10 > P10-PRP-LGC-PREPARACION > P10-PRP-LGC-EXPANDIDO || 281343:200:P10 > P10-PRP-LGC-PREPARACION > P10-PRP-LGC-LAMINADORES || 281815:200:P10 > P10-PRP-LGC-PREPARACION > P10-PRP-LGC-REDLER || 369188:200:P10 > P10-PRP-LGC-PREPARACION > P10-PRP-LGC-BEAN HEATER || 376995:200:P10 > P10-PRP-LGC-PREPARACION > P10-PRP-LGC-REDLER || 377104:200:P10 > P10-PRP-LGC-PREPARACION > P10-PRP-LGC-REDLER,P10-PRP-LGC-PREPARACION,Ancestro Project P10-PRP-LGC-PREPARACION aparece en 7 contenedores.,P10,P10-PRP-LGC-PREPARACION,P10-PRP-LGC-QUEBRADORES,,,,,,,,,,,,,,,,,,,,,,,,,,,,hay más de un contenedor candidato
contenedor_duplicado,contenedor_por_ancestro_project,P10-PRP-BMB-BBH02,BOMBA RECIRC. CONDENSADO B.H. 02 (OESTE),490,4,490,P10-PRP-LGC-BEAN HEATER,P10-PRP-LGC-BEAN,P10-PRP-LGC-PREPARACION > P10-PRP-LGC-BEAN,P10 > P10-PRP-LGC-PREPARACION > P10-PRP-LGC-BEAN HEATER,P10 > P10-PRP-LGC-PREPARACION > P10-PRP-LGC-BEAN HEATER > P10-PRP-BMB-BBH02,281069,a027b4da-4e9c-44ad-b607-5fb48d4c7061-000449ed,Roofs,,Genérico - 400 mm,Genérico - 400 mm,,P10 > P10-PRP-LGC-PREPARACION > P10-PRP-LGC-QUEBRADORES,contenedor_scoring,281069,a027b4da-4e9c-44ad-b607-5fb48d4c7061-000449ed,P10 > P10-PRP-LGC-PREPARACION > P10-PRP-LGC-QUEBRADORES,3,27,NO,200,200,0,ancestro_project_exacto_duplicado,281069:200:P10 > P10-PRP-LGC-PREPARACION > P10-PRP-LGC-QUEBRADORES || 281220:200:P10 > P10-PRP-LGC-PREPARACION > P10-PRP-LGC-EXPANDIDO || 281343:200:P10 > P10-PRP-LGC-PREPARACION > P10-PRP-LGC-LAMINADORES || 281815:200:P10 > P10-PRP-LGC-PREPARACION > P10-PRP-LGC-REDLER || 369188:200:P10 > P10-PRP-LGC-PREPARACION > P10-PRP-LGC-BEAN HEATER || 376995:200:P10 > P10-PRP-LGC-PREPARACION > P10-PRP-LGC-REDLER || 377104:200:P10 > P10-PRP-LGC-PREPARACION > P10-PRP-LGC-REDLER,P10-PRP-LGC-PREPARACION,Ancestro Project P10-PRP-LGC-PREPARACION aparece en 7 contenedores.,P10,P10-PRP-LGC-PREPARACION,P10-PRP-LGC-QUEBRADORES,,,,,,,,,,,,,,,,,,,,,,,,,,,,hay más de un contenedor candidato
contenedor_duplicado,contenedor_por_ancestro_project,P10-PRP-SPR-SEPGOT,SEPARADO DE GOTAS BEAN HEATER´S,491,4,491,P10-PRP-LGC-BEAN HEATER,P10-PRP-LGC-BEAN,P10-PRP-LGC-PREPARACION > P10-PRP-LGC-BEAN,P10 > P10-PRP-LGC-PREPARACION > P10-PRP-LGC-BEAN HEATER,P10 > P10-PRP-LGC-PREPARACION > P10-PRP-LGC-BEAN HEATER > P10-PRP-SPR-SEPGOT,281069,a027b4da-4e9c-44ad-b607-5fb48d4c7061-000449ed,Roofs,,Genérico - 400 mm,Genérico - 400 mm,,P10 > P10-PRP-LGC-PREPARACION > P10-PRP-LGC-QUEBRADORES,contenedor_scoring,281069,a027b4da-4e9c-44ad-b607-5fb48d4c7061-000449ed,P10 > P10-PRP-LGC-PREPARACION > P10-PRP-LGC-QUEBRADORES,3,27,NO,200,200,0,ancestro_project_exacto_duplicado,281069:200:P10 > P10-PRP-LGC-PREPARACION > P10-PRP-LGC-QUEBRADORES || 281220:200:P10 > P10-PRP-LGC-PREPARACION > P10-PRP-LGC-EXPANDIDO || 281343:200:P10 > P10-PRP-LGC-PREPARACION > P10-PRP-LGC-LAMINADORES || 281815:200:P10 > P10-PRP-LGC-PREPARACION > P10-PRP-LGC-REDLER || 369188:200:P10 > P10-PRP-LGC-PREPARACION > P10-PRP-LGC-BEAN HEATER || 376995:200:P10 > P10-PRP-LGC-PREPARACION > P10-PRP-LGC-REDLER || 377104:200:P10 > P10-PRP-LGC-PREPARACION > P10-PRP-LGC-REDLER,P10-PRP-LGC-PREPARACION,Ancestro Project P10-PRP-LGC-PREPARACION aparece en 7 contenedores.,P10,P10-PRP-LGC-PREPARACION,P10-PRP-LGC-QUEBRADORES,,,,,,,,,,,,,,,,,,,,,,,,,,,,hay más de un contenedor candidato
contenedor_duplicado,contenedor_por_ancestro_project,P10-PRP-RSC-SF03,SIN FIN DESCARGA RZ08 A REDLER SOBRE R10 CCC L1,631,3,631,P10-PRP-LGC-PREPARACION,P10-PRP-LGC-PREPARACION,P10-PRP-LGC-PREPARACION,P10 > P10-PRP-LGC-PREPARACION,P10 > P10-PRP-LGC-PREPARACION > P10-PRP-RSC-SF03,281069,a027b4da-4e9c-44ad-b607-5fb48d4c7061-000449ed,Roofs,,Genérico - 400 mm,Genérico - 400 mm,,P10 > P10-PRP-LGC-PREPARACION > P10-PRP-LGC-QUEBRADORES,contenedor_scoring,281069,a027b4da-4e9c-44ad-b607-5fb48d4c7061-000449ed,P10 > P10-PRP-LGC-PREPARACION > P10-PRP-LGC-QUEBRADORES,3,27,NO,200,200,0,ancestro_project_exacto_duplicado,281069:200:P10 > P10-PRP-LGC-PREPARACION > P10-PRP-LGC-QUEBRADORES || 281220:200:P10 > P10-PRP-LGC-PREPARACION > P10-PRP-LGC-EXPANDIDO || 281343:200:P10 > P10-PRP-LGC-PREPARACION > P10-PRP-LGC-LAMINADORES || 281815:200:P10 > P10-PRP-LGC-PREPARACION > P10-PRP-LGC-REDLER || 369188:200:P10 > P10-PRP-LGC-PREPARACION > P10-PRP-LGC-BEAN HEATER || 376995:200:P10 > P10-PRP-LGC-PREPARACION > P10-PRP-LGC-REDLER || 377104:200:P10 > P10-PRP-LGC-PREPARACION > P10-PRP-LGC-REDLER,P10-PRP-LGC-PREPARACION,Ancestro Project P10-PRP-LGC-PREPARACION aparece en 7 contenedores.,P10,P10-PRP-LGC-PREPARACION,P10-PRP-LGC-QUEBRADORES,,,,,,,,,,,,,,,,,,,,,,,,,,,,hay más de un contenedor candidato
duplicado,elemento_puntual,P10-PRL-LGC-PRELIMPIEZA,SECTOR PRELIMPIEZA P10,632,2,632,P10,,,P10,P10 > P10-PRL-LGC-PRELIMPIEZA,373540,1dd9711a-59af-4c3f-8b41-17903a787e86-0005b324,Generic Models,Silodiario harina,Silodiario harina,Silodiario harina,,P10 > P10-PRL-LGC-PRELIMPIEZA > P10-PRL-LGC-SILOS > P10-PRL-SLO-SLO1 DIARIO,btz_description_02,,,,,,,,,,,,,8 elementos Revit contienen el código exacto.,P10,P10-PRL-LGC-PRELIMPIEZA,P10-PRL-LGC-SILOS,P10-PRL-SLO-SLO1 DIARIO,,,,,,,,,,,,,,,,,,,,,,,,,,,hay más de un elemento puntual posible
duplicado,elemento_puntual,P10-PRL-LGC-PRELIMPIEZA,SECTOR PRELIMPIEZA P10,632,2,632,P10,,,P10,P10 > P10-PRL-LGC-PRELIMPIEZA,373591,1dd9711a-59af-4c3f-8b41-17903a787e86-0005b357,Generic Models,Silodiario harina1,Silodiario harina,Silodiario harina,,P10 > P10-PRL-LGC-PRELIMPIEZA > P10-PRL-LGC-SILOS > P10-PRL-SLO-SLO2 DIARIO,btz_description_02,,,,,,,,,,,,,8 elementos Revit contienen el código exacto.,P10,P10-PRL-LGC-PRELIMPIEZA,P10-PRL-LGC-SILOS,P10-PRL-SLO-SLO2 DIARIO,,,,,,,,,,,,,,,,,,,,,,,,,,,hay más de un elemento puntual posible
duplicado,elemento_puntual,P10-PRL-LGC-PRELIMPIEZA,SECTOR PRELIMPIEZA P10,632,2,632,P10,,,P10,P10 > P10-PRL-LGC-PRELIMPIEZA,377655,c5ee6896-39ff-4562-be63-4682b50c65ca-0005c337,Generic Models,puert12,puert,puert,,TE > P10-PRL-LGC-PRELIMPIEZA > P10-PRL-ACS-TPRL,btz_description_02,,,,,,,,,,,,,8 elementos Revit contienen el código exacto.,TE,P10-PRL-LGC-PRELIMPIEZA,P10-PRL-ACS-TPRL,,,,,,,,,,,,,,,,,,,,,,,,,,,,hay más de un elemento puntual posible
duplicado,elemento_puntual,P10-PRL-LGC-PRELIMPIEZA,SECTOR PRELIMPIEZA P10,632,2,632,P10,,,P10,P10 > P10-PRL-LGC-PRELIMPIEZA,384012,e0118a5a-e983-4b93-852f-e273cc5f6243-0005dc0c,Generic Models,Biodiesel10,Biodiesel,Biodiesel,,P10 > P10-PRL-LGC-PRELIMPIEZA > P10-PRL-LGC-SILOS > P10-PRL-SLO-SRECUP,btz_description_02,,,,,,,,,,,,,8 elementos Revit contienen el código exacto.,P10,P10-PRL-LGC-PRELIMPIEZA,P10-PRL-LGC-SILOS,P10-PRL-SLO-SRECUP,,,,,,,,,,,,,,,,,,,,,,,,,,,hay más de un elemento puntual posible
duplicado,elemento_puntual,P10-PRL-LGC-PRELIMPIEZA,SECTOR PRELIMPIEZA P10,632,2,632,P10,,,P10,P10 > P10-PRL-LGC-PRELIMPIEZA,385248,3ade3506-4f84-4896-9589-30d81e40c276-0005e0e0,Roofs,,Genérico - 400 mm,Genérico - 400 mm,,P10 > P10-PRL-LGC-PRELIMPIEZA > P10-PRL-LGC-MERMA,btz_description_02,,,,,,,,,,,,,8 elementos Revit contienen el código exacto.,P10,P10-PRL-LGC-PRELIMPIEZA,P10-PRL-LGC-MERMA,,,,,,,,,,,,,,,,,,,,,,,,,,,,hay más de un elemento puntual posible
duplicado,elemento_puntual,P10-PRL-LGC-PRELIMPIEZA,SECTOR PRELIMPIEZA P10,632,2,632,P10,,,P10,P10 > P10-PRL-LGC-PRELIMPIEZA,385396,3ade3506-4f84-4896-9589-30d81e40c276-0005e174,Roofs,,Genérico - 400 mm,Genérico - 400 mm,,P10 > P10-PRL-LGC-PRELIMPIEZA > P10-PRL-LGC-MULTIASPIRADORES,btz_description_02,,,,,,,,,,,,,8 elementos Revit contienen el código exacto.,P10,P10-PRL-LGC-PRELIMPIEZA,P10-PRL-LGC-MULTIASPIRADORES,,,,,,,,,,,,,,,,,,,,,,,,,,,,hay más de un elemento puntual posible
duplicado,elemento_puntual,P10-PRL-LGC-PRELIMPIEZA,SECTOR PRELIMPIEZA P10,632,2,632,P10,,,P10,P10 > P10-PRL-LGC-PRELIMPIEZA,385416,3ade3506-4f84-4896-9589-30d81e40c276-0005e188,Roofs,,Genérico - 400 mm,Genérico - 400 mm,,P10 > P10-PRL-LGC-PRELIMPIEZA > P10-PRL-LGC-REDLER,btz_description_02,,,,,,,,,,,,,8 elementos Revit contienen el código exacto.,P10,P10-PRL-LGC-PRELIMPIEZA,P10-PRL-LGC-REDLER,,,,,,,,,,,,,,,,,,,,,,,,,,,,hay más de un elemento puntual posible
duplicado,elemento_puntual,P10-PRL-LGC-PRELIMPIEZA,SECTOR PRELIMPIEZA P10,632,2,632,P10,,,P10,P10 > P10-PRL-LGC-PRELIMPIEZA,385436,3ade3506-4f84-4896-9589-30d81e40c276-0005e19c,Roofs,,Genérico - 400 mm,Genérico - 400 mm,,P10 > P10-PRL-LGC-PRELIMPIEZA > P10-PRL-LGC-REDLER,btz_description_02,,,,,,,,,,,,,8 elementos Revit contienen el código exacto.,P10,P10-PRL-LGC-PRELIMPIEZA,P10-PRL-LGC-REDLER,,,,,,,,,,,,,,,,,,,,,,,,,,,,hay más de un elemento puntual posible
contenedor_duplicado,contenedor_por_ancestro_project,P10-PRL-BMB-BS01,BOMBA SOPLANTE DE FINOS,634,3,634,P10-PRL-LGC-PRELIMPIEZA,P10-PRL-LGC-PRELIMPIEZA,P10-PRL-LGC-PRELIMPIEZA,P10 > P10-PRL-LGC-PRELIMPIEZA,P10 > P10-PRL-LGC-PRELIMPIEZA > P10-PRL-BMB-BS01,373540,1dd9711a-59af-4c3f-8b41-17903a787e86-0005b324,Generic Models,Silodiario harina,Silodiario harina,Silodiario harina,,P10 > P10-PRL-LGC-PRELIMPIEZA > P10-PRL-LGC-SILOS > P10-PRL-SLO-SLO1 DIARIO,contenedor_scoring,373540,1dd9711a-59af-4c3f-8b41-17903a787e86-0005b324,P10 > P10-PRL-LGC-PRELIMPIEZA > P10-PRL-LGC-SILOS > P10-PRL-SLO-SLO1 DIARIO,4,26,NO,200,200,0,ancestro_project_exacto_duplicado,373540:200:P10 > P10-PRL-LGC-PRELIMPIEZA > P10-PRL-LGC-SILOS > P10-PRL-SLO-SLO1 DIARIO || 373591:200:P10 > P10-PRL-LGC-PRELIMPIEZA > P10-PRL-LGC-SILOS > P10-PRL-SLO-SLO2 DIARIO || 377655:200:TE > P10-PRL-LGC-PRELIMPIEZA > P10-PRL-ACS-TPRL || 384012:200:P10 > P10-PRL-LGC-PRELIMPIEZA > P10-PRL-LGC-SILOS > P10-PRL-SLO-SRECUP || 385248:200:P10 > P10-PRL-LGC-PRELIMPIEZA > P10-PRL-LGC-MERMA || 385396:200:P10 > P10-PRL-LGC-PRELIMPIEZA > P10-PRL-LGC-MULTIASPIRADORES || 385416:200:P10 > P10-PRL-LGC-PRELIMPIEZA > P10-PRL-LGC-REDLER || 385436:200:P10 > P10-PRL-LGC-PRELIMPIEZA > P10-PRL-LGC-REDLER,P10-PRL-LGC-PRELIMPIEZA,Ancestro Project P10-PRL-LGC-PRELIMPIEZA aparece en 8 contenedores.,P10,P10-PRL-LGC-PRELIMPIEZA,P10-PRL-LGC-SILOS,P10-PRL-SLO-SLO1 DIARIO,,,,,,,,,,,,,,,,,,,,,,,,,,,hay más de un contenedor candidato
contenedor_duplicado,contenedor_por_ancestro_project,P10-PRL-VLV-VR09,ROTATIVA A BS01,635,4,635,P10-PRL-BMB-BS01,P10-PRL-BMB-BS01,P10-PRL-LGC-PRELIMPIEZA > P10-PRL-BMB-BS01,P10 > P10-PRL-LGC-PRELIMPIEZA > P10-PRL-BMB-BS01,P10 > P10-PRL-LGC-PRELIMPIEZA > P10-PRL-BMB-BS01 > P10-PRL-VLV-VR09,373540,1dd9711a-59af-4c3f-8b41-17903a787e86-0005b324,Generic Models,Silodiario harina,Silodiario harina,Silodiario harina,,P10 > P10-PRL-LGC-PRELIMPIEZA > P10-PRL-LGC-SILOS > P10-PRL-SLO-SLO1 DIARIO,contenedor_scoring,373540,1dd9711a-59af-4c3f-8b41-17903a787e86-0005b324,P10 > P10-PRL-LGC-PRELIMPIEZA > P10-PRL-LGC-SILOS > P10-PRL-SLO-SLO1 DIARIO,4,26,NO,200,200,0,ancestro_project_exacto_duplicado,373540:200:P10 > P10-PRL-LGC-PRELIMPIEZA > P10-PRL-LGC-SILOS > P10-PRL-SLO-SLO1 DIARIO || 373591:200:P10 > P10-PRL-LGC-PRELIMPIEZA > P10-PRL-LGC-SILOS > P10-PRL-SLO-SLO2 DIARIO || 377655:200:TE > P10-PRL-LGC-PRELIMPIEZA > P10-PRL-ACS-TPRL || 384012:200:P10 > P10-PRL-LGC-PRELIMPIEZA > P10-PRL-LGC-SILOS > P10-PRL-SLO-SRECUP || 385248:200:P10 > P10-PRL-LGC-PRELIMPIEZA > P10-PRL-LGC-MERMA || 385396:200:P10 > P10-PRL-LGC-PRELIMPIEZA > P10-PRL-LGC-MULTIASPIRADORES || 385416:200:P10 > P10-PRL-LGC-PRELIMPIEZA > P10-PRL-LGC-REDLER || 385436:200:P10 > P10-PRL-LGC-PRELIMPIEZA > P10-PRL-LGC-REDLER,P10-PRL-LGC-PRELIMPIEZA,Ancestro Project P10-PRL-LGC-PRELIMPIEZA aparece en 8 contenedores.,P10,P10-PRL-LGC-PRELIMPIEZA,P10-PRL-LGC-SILOS,P10-PRL-SLO-SLO1 DIARIO,,,,,,,,,,,,,,,,,,,,,,,,,,,hay más de un contenedor candidato
contenedor_duplicado,contenedor_por_ancestro_project,P10-PRL-LGC-NORIAS/CINTAS,CONJUNTO DE NORIAS/CINTAS PRELIMPIEZA P10,656,3,656,P10-PRL-LGC-PRELIMPIEZA,P10-PRL-LGC-PRELIMPIEZA,P10-PRL-LGC-PRELIMPIEZA,P10 > P10-PRL-LGC-PRELIMPIEZA,P10 > P10-PRL-LGC-PRELIMPIEZA > P10-PRL-LGC-NORIAS/CINTAS,373540,1dd9711a-59af-4c3f-8b41-17903a787e86-0005b324,Generic Models,Silodiario harina,Silodiario harina,Silodiario harina,,P10 > P10-PRL-LGC-PRELIMPIEZA > P10-PRL-LGC-SILOS > P10-PRL-SLO-SLO1 DIARIO,contenedor_scoring,373540,1dd9711a-59af-4c3f-8b41-17903a787e86-0005b324,P10 > P10-PRL-LGC-PRELIMPIEZA > P10-PRL-LGC-SILOS > P10-PRL-SLO-SLO1 DIARIO,4,26,NO,200,200,0,ancestro_project_exacto_duplicado,373540:200:P10 > P10-PRL-LGC-PRELIMPIEZA > P10-PRL-LGC-SILOS > P10-PRL-SLO-SLO1 DIARIO || 373591:200:P10 > P10-PRL-LGC-PRELIMPIEZA > P10-PRL-LGC-SILOS > P10-PRL-SLO-SLO2 DIARIO || 377655:200:TE > P10-PRL-LGC-PRELIMPIEZA > P10-PRL-ACS-TPRL || 384012:200:P10 > P10-PRL-LGC-PRELIMPIEZA > P10-PRL-LGC-SILOS > P10-PRL-SLO-SRECUP || 385248:200:P10 > P10-PRL-LGC-PRELIMPIEZA > P10-PRL-LGC-MERMA || 385396:200:P10 > P10-PRL-LGC-PRELIMPIEZA > P10-PRL-LGC-MULTIASPIRADORES || 385416:200:P10 > P10-PRL-LGC-PRELIMPIEZA > P10-PRL-LGC-REDLER || 385436:200:P10 > P10-PRL-LGC-PRELIMPIEZA > P10-PRL-LGC-REDLER,P10-PRL-LGC-PRELIMPIEZA,Ancestro Project P10-PRL-LGC-PRELIMPIEZA aparece en 8 contenedores.,P10,P10-PRL-LGC-PRELIMPIEZA,P10-PRL-LGC-SILOS,P10-PRL-SLO-SLO1 DIARIO,,,,,,,,,,,,,,,,,,,,,,,,,,,hay más de un contenedor candidato
contenedor_duplicado,contenedor_por_ancestro_project,P10-PRL-CNT-C03,CINTA  DE SILOS SUCIA A NORIA N1,657,4,657,P10-PRL-LGC-NORIAS/CINTAS,P10-PRL-LGC-NORIAS/CINTAS,P10-PRL-LGC-PRELIMPIEZA > P10-PRL-LGC-NORIAS/CINTAS,P10 > P10-PRL-LGC-PRELIMPIEZA > P10-PRL-LGC-NORIAS/CINTAS,P10 > P10-PRL-LGC-PRELIMPIEZA > P10-PRL-LGC-NORIAS/CINTAS > P10-PRL-CNT-C03,373540,1dd9711a-59af-4c3f-8b41-17903a787e86-0005b324,Generic Models,Silodiario harina,Silodiario harina,Silodiario harina,,P10 > P10-PRL-LGC-PRELIMPIEZA > P10-PRL-LGC-SILOS > P10-PRL-SLO-SLO1 DIARIO,contenedor_scoring,373540,1dd9711a-59af-4c3f-8b41-17903a787e86-0005b324,P10 > P10-PRL-LGC-PRELIMPIEZA > P10-PRL-LGC-SILOS > P10-PRL-SLO-SLO1 DIARIO,4,26,NO,200,200,0,ancestro_project_exacto_duplicado,373540:200:P10 > P10-PRL-LGC-PRELIMPIEZA > P10-PRL-LGC-SILOS > P10-PRL-SLO-SLO1 DIARIO || 373591:200:P10 > P10-PRL-LGC-PRELIMPIEZA > P10-PRL-LGC-SILOS > P10-PRL-SLO-SLO2 DIARIO || 377655:200:TE > P10-PRL-LGC-PRELIMPIEZA > P10-PRL-ACS-TPRL || 384012:200:P10 > P10-PRL-LGC-PRELIMPIEZA > P10-PRL-LGC-SILOS > P10-PRL-SLO-SRECUP || 385248:200:P10 > P10-PRL-LGC-PRELIMPIEZA > P10-PRL-LGC-MERMA || 385396:200:P10 > P10-PRL-LGC-PRELIMPIEZA > P10-PRL-LGC-MULTIASPIRADORES || 385416:200:P10 > P10-PRL-LGC-PRELIMPIEZA > P10-PRL-LGC-REDLER || 385436:200:P10 > P10-PRL-LGC-PRELIMPIEZA > P10-PRL-LGC-REDLER,P10-PRL-LGC-PRELIMPIEZA,Ancestro Project P10-PRL-LGC-PRELIMPIEZA aparece en 8 contenedores.,P10,P10-PRL-LGC-PRELIMPIEZA,P10-PRL-LGC-SILOS,P10-PRL-SLO-SLO1 DIARIO,,,,,,,,,,,,,,,,,,,,,,,,,,,hay más de un contenedor candidato
contenedor_duplicado,contenedor_por_ancestro_project,P10-PRL-CNT-C02,CINTA TRANSP. C02 SOBRE SILOS DIARIOS,658,4,658,P10-PRL-LGC-NORIAS/CINTAS,P10-PRL-LGC-NORIAS/CINTAS,P10-PRL-LGC-PRELIMPIEZA > P10-PRL-LGC-NORIAS/CINTAS,P10 > P10-PRL-LGC-PRELIMPIEZA > P10-PRL-LGC-NORIAS/CINTAS,P10 > P10-PRL-LGC-PRELIMPIEZA > P10-PRL-LGC-NORIAS/CINTAS > P10-PRL-CNT-C02,373540,1dd9711a-59af-4c3f-8b41-17903a787e86-0005b324,Generic Models,Silodiario harina,Silodiario harina,Silodiario harina,,P10 > P10-PRL-LGC-PRELIMPIEZA > P10-PRL-LGC-SILOS > P10-PRL-SLO-SLO1 DIARIO,contenedor_scoring,373540,1dd9711a-59af-4c3f-8b41-17903a787e86-0005b324,P10 > P10-PRL-LGC-PRELIMPIEZA > P10-PRL-LGC-SILOS > P10-PRL-SLO-SLO1 DIARIO,4,26,NO,200,200,0,ancestro_project_exacto_duplicado,373540:200:P10 > P10-PRL-LGC-PRELIMPIEZA > P10-PRL-LGC-SILOS > P10-PRL-SLO-SLO1 DIARIO || 373591:200:P10 > P10-PRL-LGC-PRELIMPIEZA > P10-PRL-LGC-SILOS > P10-PRL-SLO-SLO2 DIARIO || 377655:200:TE > P10-PRL-LGC-PRELIMPIEZA > P10-PRL-ACS-TPRL || 384012:200:P10 > P10-PRL-LGC-PRELIMPIEZA > P10-PRL-LGC-SILOS > P10-PRL-SLO-SRECUP || 385248:200:P10 > P10-PRL-LGC-PRELIMPIEZA > P10-PRL-LGC-MERMA || 385396:200:P10 > P10-PRL-LGC-PRELIMPIEZA > P10-PRL-LGC-MULTIASPIRADORES || 385416:200:P10 > P10-PRL-LGC-PRELIMPIEZA > P10-PRL-LGC-REDLER || 385436:200:P10 > P10-PRL-LGC-PRELIMPIEZA > P10-PRL-LGC-REDLER,P10-PRL-LGC-PRELIMPIEZA,Ancestro Project P10-PRL-LGC-PRELIMPIEZA aparece en 8 contenedores.,P10,P10-PRL-LGC-PRELIMPIEZA,P10-PRL-LGC-SILOS,P10-PRL-SLO-SLO1 DIARIO,,,,,,,,,,,,,,,,,,,,,,,,,,,hay más de un contenedor candidato
contenedor_duplicado,contenedor_por_ancestro_project,P10-PRL-NOR-N01,NORIA  N01 A ZARANDAS ROTATIVAS PRELIMPIEZA,659,4,659,P10-PRL-LGC-NORIAS/CINTAS,P10-PRL-LGC-NORIAS/CINTAS,P10-PRL-LGC-PRELIMPIEZA > P10-PRL-LGC-NORIAS/CINTAS,P10 > P10-PRL-LGC-PRELIMPIEZA > P10-PRL-LGC-NORIAS/CINTAS,P10 > P10-PRL-LGC-PRELIMPIEZA > P10-PRL-LGC-NORIAS/CINTAS > P10-PRL-NOR-N01,373540,1dd9711a-59af-4c3f-8b41-17903a787e86-0005b324,Generic Models,Silodiario harina,Silodiario harina,Silodiario harina,,P10 > P10-PRL-LGC-PRELIMPIEZA > P10-PRL-LGC-SILOS > P10-PRL-SLO-SLO1 DIARIO,contenedor_scoring,373540,1dd9711a-59af-4c3f-8b41-17903a787e86-0005b324,P10 > P10-PRL-LGC-PRELIMPIEZA > P10-PRL-LGC-SILOS > P10-PRL-SLO-SLO1 DIARIO,4,26,NO,200,200,0,ancestro_project_exacto_duplicado,373540:200:P10 > P10-PRL-LGC-PRELIMPIEZA > P10-PRL-LGC-SILOS > P10-PRL-SLO-SLO1 DIARIO || 373591:200:P10 > P10-PRL-LGC-PRELIMPIEZA > P10-PRL-LGC-SILOS > P10-PRL-SLO-SLO2 DIARIO || 377655:200:TE > P10-PRL-LGC-PRELIMPIEZA > P10-PRL-ACS-TPRL || 384012:200:P10 > P10-PRL-LGC-PRELIMPIEZA > P10-PRL-LGC-SILOS > P10-PRL-SLO-SRECUP || 385248:200:P10 > P10-PRL-LGC-PRELIMPIEZA > P10-PRL-LGC-MERMA || 385396:200:P10 > P10-PRL-LGC-PRELIMPIEZA > P10-PRL-LGC-MULTIASPIRADORES || 385416:200:P10 > P10-PRL-LGC-PRELIMPIEZA > P10-PRL-LGC-REDLER || 385436:200:P10 > P10-PRL-LGC-PRELIMPIEZA > P10-PRL-LGC-REDLER,P10-PRL-LGC-PRELIMPIEZA,Ancestro Project P10-PRL-LGC-PRELIMPIEZA aparece en 8 contenedores.,P10,P10-PRL-LGC-PRELIMPIEZA,P10-PRL-LGC-SILOS,P10-PRL-SLO-SLO1 DIARIO,,,,,,,,,,,,,,,,,,,,,,,,,,,hay más de un contenedor candidato
contenedor_duplicado,contenedor_por_ancestro_project,P10-PRL-MND-NML01,MANDO LENTO AUXILIAR N-01,660,5,660,P10-PRL-NOR-N01,P10-PRL-NOR-N01,P10-PRL-LGC-PRELIMPIEZA > P10-PRL-LGC-NORIAS/CINTAS > P10-PRL-NOR-N01,P10 > P10-PRL-LGC-PRELIMPIEZA > P10-PRL-LGC-NORIAS/CINTAS > P10-PRL-NOR-N01,P10 > P10-PRL-LGC-PRELIMPIEZA > P10-PRL-LGC-NORIAS/CINTAS > P10-PRL-NOR-N01 > P10-PRL-MND-NML01,373540,1dd9711a-59af-4c3f-8b41-17903a787e86-0005b324,Generic Models,Silodiario harina,Silodiario harina,Silodiario harina,,P10 > P10-PRL-LGC-PRELIMPIEZA > P10-PRL-LGC-SILOS > P10-PRL-SLO-SLO1 DIARIO,contenedor_scoring,373540,1dd9711a-59af-4c3f-8b41-17903a787e86-0005b324,P10 > P10-PRL-LGC-PRELIMPIEZA > P10-PRL-LGC-SILOS > P10-PRL-SLO-SLO1 DIARIO,4,26,NO,200,200,0,ancestro_project_exacto_duplicado,373540:200:P10 > P10-PRL-LGC-PRELIMPIEZA > P10-PRL-LGC-SILOS > P10-PRL-SLO-SLO1 DIARIO || 373591:200:P10 > P10-PRL-LGC-PRELIMPIEZA > P10-PRL-LGC-SILOS > P10-PRL-SLO-SLO2 DIARIO || 377655:200:TE > P10-PRL-LGC-PRELIMPIEZA > P10-PRL-ACS-TPRL || 384012:200:P10 > P10-PRL-LGC-PRELIMPIEZA > P10-PRL-LGC-SILOS > P10-PRL-SLO-SRECUP || 385248:200:P10 > P10-PRL-LGC-PRELIMPIEZA > P10-PRL-LGC-MERMA || 385396:200:P10 > P10-PRL-LGC-PRELIMPIEZA > P10-PRL-LGC-MULTIASPIRADORES || 385416:200:P10 > P10-PRL-LGC-PRELIMPIEZA > P10-PRL-LGC-REDLER || 385436:200:P10 > P10-PRL-LGC-PRELIMPIEZA > P10-PRL-LGC-REDLER,P10-PRL-LGC-PRELIMPIEZA,Ancestro Project P10-PRL-LGC-PRELIMPIEZA aparece en 8 contenedores.,P10,P10-PRL-LGC-PRELIMPIEZA,P10-PRL-LGC-SILOS,P10-PRL-SLO-SLO1 DIARIO,,,,,,,,,,,,,,,,,,,,,,,,,,,hay más de un contenedor candidato
contenedor_duplicado,contenedor_por_ancestro_project,P10-PRL-NOR-N02,NORIA N02,661,4,661,P10-PRL-LGC-NORIAS/CINTAS,P10-PRL-LGC-NORIAS/CINTAS,P10-PRL-LGC-PRELIMPIEZA > P10-PRL-LGC-NORIAS/CINTAS,P10 > P10-PRL-LGC-PRELIMPIEZA > P10-PRL-LGC-NORIAS/CINTAS,P10 > P10-PRL-LGC-PRELIMPIEZA > P10-PRL-LGC-NORIAS/CINTAS > P10-PRL-NOR-N02,373540,1dd9711a-59af-4c3f-8b41-17903a787e86-0005b324,Generic Models,Silodiario harina,Silodiario harina,Silodiario harina,,P10 > P10-PRL-LGC-PRELIMPIEZA > P10-PRL-LGC-SILOS > P10-PRL-SLO-SLO1 DIARIO,contenedor_scoring,373540,1dd9711a-59af-4c3f-8b41-17903a787e86-0005b324,P10 > P10-PRL-LGC-PRELIMPIEZA > P10-PRL-LGC-SILOS > P10-PRL-SLO-SLO1 DIARIO,4,26,NO,200,200,0,ancestro_project_exacto_duplicado,373540:200:P10 > P10-PRL-LGC-PRELIMPIEZA > P10-PRL-LGC-SILOS > P10-PRL-SLO-SLO1 DIARIO || 373591:200:P10 > P10-PRL-LGC-PRELIMPIEZA > P10-PRL-LGC-SILOS > P10-PRL-SLO-SLO2 DIARIO || 377655:200:TE > P10-PRL-LGC-PRELIMPIEZA > P10-PRL-ACS-TPRL || 384012:200:P10 > P10-PRL-LGC-PRELIMPIEZA > P10-PRL-LGC-SILOS > P10-PRL-SLO-SRECUP || 385248:200:P10 > P10-PRL-LGC-PRELIMPIEZA > P10-PRL-LGC-MERMA || 385396:200:P10 > P10-PRL-LGC-PRELIMPIEZA > P10-PRL-LGC-MULTIASPIRADORES || 385416:200:P10 > P10-PRL-LGC-PRELIMPIEZA > P10-PRL-LGC-REDLER || 385436:200:P10 > P10-PRL-LGC-PRELIMPIEZA > P10-PRL-LGC-REDLER,P10-PRL-LGC-PRELIMPIEZA,Ancestro Project P10-PRL-LGC-PRELIMPIEZA aparece en 8 contenedores.,P10,P10-PRL-LGC-PRELIMPIEZA,P10-PRL-LGC-SILOS,P10-PRL-SLO-SLO1 DIARIO,,,,,,,,,,,,,,,,,,,,,,,,,,,hay más de un contenedor candidato
contenedor_duplicado,contenedor_por_ancestro_project,P10-PRL-MND-NML02,MANDO LENTO AUXILIAR N-02,662,5,662,P10-PRL-NOR-N02,P10-PRL-NOR-N02,P10-PRL-LGC-PRELIMPIEZA > P10-PRL-LGC-NORIAS/CINTAS > P10-PRL-NOR-N02,P10 > P10-PRL-LGC-PRELIMPIEZA > P10-PRL-LGC-NORIAS/CINTAS > P10-PRL-NOR-N02,P10 > P10-PRL-LGC-PRELIMPIEZA > P10-PRL-LGC-NORIAS/CINTAS > P10-PRL-NOR-N02 > P10-PRL-MND-NML02,373540,1dd9711a-59af-4c3f-8b41-17903a787e86-0005b324,Generic Models,Silodiario harina,Silodiario harina,Silodiario harina,,P10 > P10-PRL-LGC-PRELIMPIEZA > P10-PRL-LGC-SILOS > P10-PRL-SLO-SLO1 DIARIO,contenedor_scoring,373540,1dd9711a-59af-4c3f-8b41-17903a787e86-0005b324,P10 > P10-PRL-LGC-PRELIMPIEZA > P10-PRL-LGC-SILOS > P10-PRL-SLO-SLO1 DIARIO,4,26,NO,200,200,0,ancestro_project_exacto_duplicado,373540:200:P10 > P10-PRL-LGC-PRELIMPIEZA > P10-PRL-LGC-SILOS > P10-PRL-SLO-SLO1 DIARIO || 373591:200:P10 > P10-PRL-LGC-PRELIMPIEZA > P10-PRL-LGC-SILOS > P10-PRL-SLO-SLO2 DIARIO || 377655:200:TE > P10-PRL-LGC-PRELIMPIEZA > P10-PRL-ACS-TPRL || 384012:200:P10 > P10-PRL-LGC-PRELIMPIEZA > P10-PRL-LGC-SILOS > P10-PRL-SLO-SRECUP || 385248:200:P10 > P10-PRL-LGC-PRELIMPIEZA > P10-PRL-LGC-MERMA || 385396:200:P10 > P10-PRL-LGC-PRELIMPIEZA > P10-PRL-LGC-MULTIASPIRADORES || 385416:200:P10 > P10-PRL-LGC-PRELIMPIEZA > P10-PRL-LGC-REDLER || 385436:200:P10 > P10-PRL-LGC-PRELIMPIEZA > P10-PRL-LGC-REDLER,P10-PRL-LGC-PRELIMPIEZA,Ancestro Project P10-PRL-LGC-PRELIMPIEZA aparece en 8 contenedores.,P10,P10-PRL-LGC-PRELIMPIEZA,P10-PRL-LGC-SILOS,P10-PRL-SLO-SLO1 DIARIO,,,,,,,,,,,,,,,,,,,,,,,,,,,hay más de un contenedor candidato
duplicado,elemento_puntual,P10-PRL-LGC-REDLER,CONJUNTO DE REDLER PRELIMPIEZA P10,663,3,663,P10-PRL-LGC-PRELIMPIEZA,P10-PRL-LGC-PRELIMPIEZA,P10-PRL-LGC-PRELIMPIEZA,P10 > P10-PRL-LGC-PRELIMPIEZA,P10 > P10-PRL-LGC-PRELIMPIEZA > P10-PRL-LGC-REDLER,385416,3ade3506-4f84-4896-9589-30d81e40c276-0005e188,Roofs,,Genérico - 400 mm,Genérico - 400 mm,,P10 > P10-PRL-LGC-PRELIMPIEZA > P10-PRL-LGC-REDLER,btz_description_03,,,,,,,,,,,,,2 elementos Revit contienen el código exacto.,P10,P10-PRL-LGC-PRELIMPIEZA,P10-PRL-LGC-REDLER,,,,,,,,,,,,,,,,,,,,,,,,,,,,hay más de un elemento puntual posible
duplicado,elemento_puntual,P10-PRL-LGC-REDLER,CONJUNTO DE REDLER PRELIMPIEZA P10,663,3,663,P10-PRL-LGC-PRELIMPIEZA,P10-PRL-LGC-PRELIMPIEZA,P10-PRL-LGC-PRELIMPIEZA,P10 > P10-PRL-LGC-PRELIMPIEZA,P10 > P10-PRL-LGC-PRELIMPIEZA > P10-PRL-LGC-REDLER,385436,3ade3506-4f84-4896-9589-30d81e40c276-0005e19c,Roofs,,Genérico - 400 mm,Genérico - 400 mm,,P10 > P10-PRL-LGC-PRELIMPIEZA > P10-PRL-LGC-REDLER,btz_description_03,,,,,,,,,,,,,2 elementos Revit contienen el código exacto.,P10,P10-PRL-LGC-PRELIMPIEZA,P10-PRL-LGC-REDLER,,,,,,,,,,,,,,,,,,,,,,,,,,,,hay más de un elemento puntual posible
contenedor_duplicado,contenedor_por_ancestro_project,P10-PRL-RDL-RM01,REDLER DE MERMA,664,4,664,P10-PRL-LGC-REDLER,P10-PRL-LGC-REDLER,P10-PRL-LGC-PRELIMPIEZA > P10-PRL-LGC-REDLER,P10 > P10-PRL-LGC-PRELIMPIEZA > P10-PRL-LGC-REDLER,P10 > P10-PRL-LGC-PRELIMPIEZA > P10-PRL-LGC-REDLER > P10-PRL-RDL-RM01,385416,3ade3506-4f84-4896-9589-30d81e40c276-0005e188,Roofs,,Genérico - 400 mm,Genérico - 400 mm,,P10 > P10-PRL-LGC-PRELIMPIEZA > P10-PRL-LGC-REDLER,contenedor_scoring,385416,3ade3506-4f84-4896-9589-30d81e40c276-0005e188,P10 > P10-PRL-LGC-PRELIMPIEZA > P10-PRL-LGC-REDLER,3,27,NO,200,200,0,ancestro_project_exacto_duplicado,385416:200:P10 > P10-PRL-LGC-PRELIMPIEZA > P10-PRL-LGC-REDLER || 385436:200:P10 > P10-PRL-LGC-PRELIMPIEZA > P10-PRL-LGC-REDLER,P10-PRL-LGC-REDLER,Ancestro Project P10-PRL-LGC-REDLER aparece en 2 contenedores.,P10,P10-PRL-LGC-PRELIMPIEZA,P10-PRL-LGC-REDLER,,,,,,,,,,,,,,,,,,,,,,,,,,,,hay más de un contenedor candidato
contenedor_duplicado,contenedor_por_ancestro_project,P10-PRL-RDL-R01,REDLER R01 DESCARTE DE ZARANDAS ZPP,665,4,665,P10-PRL-LGC-REDLER,P10-PRL-LGC-REDLER,P10-PRL-LGC-PRELIMPIEZA > P10-PRL-LGC-REDLER,P10 > P10-PRL-LGC-PRELIMPIEZA > P10-PRL-LGC-REDLER,P10 > P10-PRL-LGC-PRELIMPIEZA > P10-PRL-LGC-REDLER > P10-PRL-RDL-R01,385416,3ade3506-4f84-4896-9589-30d81e40c276-0005e188,Roofs,,Genérico - 400 mm,Genérico - 400 mm,,P10 > P10-PRL-LGC-PRELIMPIEZA > P10-PRL-LGC-REDLER,contenedor_scoring,385416,3ade3506-4f84-4896-9589-30d81e40c276-0005e188,P10 > P10-PRL-LGC-PRELIMPIEZA > P10-PRL-LGC-REDLER,3,27,NO,200,200,0,ancestro_project_exacto_duplicado,385416:200:P10 > P10-PRL-LGC-PRELIMPIEZA > P10-PRL-LGC-REDLER || 385436:200:P10 > P10-PRL-LGC-PRELIMPIEZA > P10-PRL-LGC-REDLER,P10-PRL-LGC-REDLER,Ancestro Project P10-PRL-LGC-REDLER aparece en 2 contenedores.,P10,P10-PRL-LGC-PRELIMPIEZA,P10-PRL-LGC-REDLER,,,,,,,,,,,,,,,,,,,,,,,,,,,,hay más de un contenedor candidato
contenedor_duplicado,contenedor_por_ancestro_project,P10-PRL-RDL-R02,REDLER R02 DESCARGA ZAR. ZPP03 A SILO LIMPIA,666,4,666,P10-PRL-LGC-REDLER,P10-PRL-LGC-REDLER,P10-PRL-LGC-PRELIMPIEZA > P10-PRL-LGC-REDLER,P10 > P10-PRL-LGC-PRELIMPIEZA > P10-PRL-LGC-REDLER,P10 > P10-PRL-LGC-PRELIMPIEZA > P10-PRL-LGC-REDLER > P10-PRL-RDL-R02,385416,3ade3506-4f84-4896-9589-30d81e40c276-0005e188,Roofs,,Genérico - 400 mm,Genérico - 400 mm,,P10 > P10-PRL-LGC-PRELIMPIEZA > P10-PRL-LGC-REDLER,contenedor_scoring,385416,3ade3506-4f84-4896-9589-30d81e40c276-0005e188,P10 > P10-PRL-LGC-PRELIMPIEZA > P10-PRL-LGC-REDLER,3,27,NO,200,200,0,ancestro_project_exacto_duplicado,385416:200:P10 > P10-PRL-LGC-PRELIMPIEZA > P10-PRL-LGC-REDLER || 385436:200:P10 > P10-PRL-LGC-PRELIMPIEZA > P10-PRL-LGC-REDLER,P10-PRL-LGC-REDLER,Ancestro Project P10-PRL-LGC-REDLER aparece en 2 contenedores.,P10,P10-PRL-LGC-PRELIMPIEZA,P10-PRL-LGC-REDLER,,,,,,,,,,,,,,,,,,,,,,,,,,,,hay más de un contenedor candidato
contenedor_duplicado,contenedor_por_ancestro_project,P10-PRL-RDL-R03,REDLER R03 DOBLE DESCARGA SOBRE BEAN HEATHERS,667,4,667,P10-PRL-LGC-REDLER,P10-PRL-LGC-REDLER,P10-PRL-LGC-PRELIMPIEZA > P10-PRL-LGC-REDLER,P10 > P10-PRL-LGC-PRELIMPIEZA > P10-PRL-LGC-REDLER,P10 > P10-PRL-LGC-PRELIMPIEZA > P10-PRL-LGC-REDLER > P10-PRL-RDL-R03,385416,3ade3506-4f84-4896-9589-30d81e40c276-0005e188,Roofs,,Genérico - 400 mm,Genérico - 400 mm,,P10 > P10-PRL-LGC-PRELIMPIEZA > P10-PRL-LGC-REDLER,contenedor_scoring,385416,3ade3506-4f84-4896-9589-30d81e40c276-0005e188,P10 > P10-PRL-LGC-PRELIMPIEZA > P10-PRL-LGC-REDLER,3,27,NO,200,200,0,ancestro_project_exacto_duplicado,385416:200:P10 > P10-PRL-LGC-PRELIMPIEZA > P10-PRL-LGC-REDLER || 385436:200:P10 > P10-PRL-LGC-PRELIMPIEZA > P10-PRL-LGC-REDLER,P10-PRL-LGC-REDLER,Ancestro Project P10-PRL-LGC-REDLER aparece en 2 contenedores.,P10,P10-PRL-LGC-PRELIMPIEZA,P10-PRL-LGC-REDLER,,,,,,,,,,,,,,,,,,,,,,,,,,,,hay más de un contenedor candidato
contenedor_duplicado,contenedor_por_ancestro_project,P10-PRL-RDL-RR01,REDLER RR01 SALIDA ZARANDA ROTATIVA ZR01,668,4,668,P10-PRL-LGC-REDLER,P10-PRL-LGC-REDLER,P10-PRL-LGC-PRELIMPIEZA > P10-PRL-LGC-REDLER,P10 > P10-PRL-LGC-PRELIMPIEZA > P10-PRL-LGC-REDLER,P10 > P10-PRL-LGC-PRELIMPIEZA > P10-PRL-LGC-REDLER > P10-PRL-RDL-RR01,385416,3ade3506-4f84-4896-9589-30d81e40c276-0005e188,Roofs,,Genérico - 400 mm,Genérico - 400 mm,,P10 > P10-PRL-LGC-PRELIMPIEZA > P10-PRL-LGC-REDLER,contenedor_scoring,385416,3ade3506-4f84-4896-9589-30d81e40c276-0005e188,P10 > P10-PRL-LGC-PRELIMPIEZA > P10-PRL-LGC-REDLER,3,27,NO,200,200,0,ancestro_project_exacto_duplicado,385416:200:P10 > P10-PRL-LGC-PRELIMPIEZA > P10-PRL-LGC-REDLER || 385436:200:P10 > P10-PRL-LGC-PRELIMPIEZA > P10-PRL-LGC-REDLER,P10-PRL-LGC-REDLER,Ancestro Project P10-PRL-LGC-REDLER aparece en 2 contenedores.,P10,P10-PRL-LGC-PRELIMPIEZA,P10-PRL-LGC-REDLER,,,,,,,,,,,,,,,,,,,,,,,,,,,,hay más de un contenedor candidato
contenedor_duplicado,contenedor_por_ancestro_project,P10-PRL-RDL-RR02,REDLER RR02 SALIDA ZARANDA ROTATIVA ZR02,669,4,669,P10-PRL-LGC-REDLER,P10-PRL-LGC-REDLER,P10-PRL-LGC-PRELIMPIEZA > P10-PRL-LGC-REDLER,P10 > P10-PRL-LGC-PRELIMPIEZA > P10-PRL-LGC-REDLER,P10 > P10-PRL-LGC-PRELIMPIEZA > P10-PRL-LGC-REDLER > P10-PRL-RDL-RR02,385416,3ade3506-4f84-4896-9589-30d81e40c276-0005e188,Roofs,,Genérico - 400 mm,Genérico - 400 mm,,P10 > P10-PRL-LGC-PRELIMPIEZA > P10-PRL-LGC-REDLER,contenedor_scoring,385416,3ade3506-4f84-4896-9589-30d81e40c276-0005e188,P10 > P10-PRL-LGC-PRELIMPIEZA > P10-PRL-LGC-REDLER,3,27,NO,200,200,0,ancestro_project_exacto_duplicado,385416:200:P10 > P10-PRL-LGC-PRELIMPIEZA > P10-PRL-LGC-REDLER || 385436:200:P10 > P10-PRL-LGC-PRELIMPIEZA > P10-PRL-LGC-REDLER,P10-PRL-LGC-REDLER,Ancestro Project P10-PRL-LGC-REDLER aparece en 2 contenedores.,P10,P10-PRL-LGC-PRELIMPIEZA,P10-PRL-LGC-REDLER,,,,,,,,,,,,,,,,,,,,,,,,,,,,hay más de un contenedor candidato
contenedor_duplicado,contenedor_por_ancestro_project,P10-PRL-RDL-RR03,REDLER RR03 SOBRE ASPIRADORES KICE <INCL>,670,4,670,P10-PRL-LGC-REDLER,P10-PRL-LGC-REDLER,P10-PRL-LGC-PRELIMPIEZA > P10-PRL-LGC-REDLER,P10 > P10-PRL-LGC-PRELIMPIEZA > P10-PRL-LGC-REDLER,P10 > P10-PRL-LGC-PRELIMPIEZA > P10-PRL-LGC-REDLER > P10-PRL-RDL-RR03,385416,3ade3506-4f84-4896-9589-30d81e40c276-0005e188,Roofs,,Genérico - 400 mm,Genérico - 400 mm,,P10 > P10-PRL-LGC-PRELIMPIEZA > P10-PRL-LGC-REDLER,contenedor_scoring,385416,3ade3506-4f84-4896-9589-30d81e40c276-0005e188,P10 > P10-PRL-LGC-PRELIMPIEZA > P10-PRL-LGC-REDLER,3,27,NO,200,200,0,ancestro_project_exacto_duplicado,385416:200:P10 > P10-PRL-LGC-PRELIMPIEZA > P10-PRL-LGC-REDLER || 385436:200:P10 > P10-PRL-LGC-PRELIMPIEZA > P10-PRL-LGC-REDLER,P10-PRL-LGC-REDLER,Ancestro Project P10-PRL-LGC-REDLER aparece en 2 contenedores.,P10,P10-PRL-LGC-PRELIMPIEZA,P10-PRL-LGC-REDLER,,,,,,,,,,,,,,,,,,,,,,,,,,,,hay más de un contenedor candidato
duplicado,elemento_puntual,P10-PRL-LGC-SILOS,CONJUNTO DE SILOS PRELIMPIEZA P10,671,3,671,P10-PRL-LGC-PRELIMPIEZA,P10-PRL-LGC-PRELIMPIEZA,P10-PRL-LGC-PRELIMPIEZA,P10 > P10-PRL-LGC-PRELIMPIEZA,P10 > P10-PRL-LGC-PRELIMPIEZA > P10-PRL-LGC-SILOS,373540,1dd9711a-59af-4c3f-8b41-17903a787e86-0005b324,Generic Models,Silodiario harina,Silodiario harina,Silodiario harina,,P10 > P10-PRL-LGC-PRELIMPIEZA > P10-PRL-LGC-SILOS > P10-PRL-SLO-SLO1 DIARIO,btz_description_03,,,,,,,,,,,,,3 elementos Revit contienen el código exacto.,P10,P10-PRL-LGC-PRELIMPIEZA,P10-PRL-LGC-SILOS,P10-PRL-SLO-SLO1 DIARIO,,,,,,,,,,,,,,,,,,,,,,,,,,,hay más de un elemento puntual posible
duplicado,elemento_puntual,P10-PRL-LGC-SILOS,CONJUNTO DE SILOS PRELIMPIEZA P10,671,3,671,P10-PRL-LGC-PRELIMPIEZA,P10-PRL-LGC-PRELIMPIEZA,P10-PRL-LGC-PRELIMPIEZA,P10 > P10-PRL-LGC-PRELIMPIEZA,P10 > P10-PRL-LGC-PRELIMPIEZA > P10-PRL-LGC-SILOS,373591,1dd9711a-59af-4c3f-8b41-17903a787e86-0005b357,Generic Models,Silodiario harina1,Silodiario harina,Silodiario harina,,P10 > P10-PRL-LGC-PRELIMPIEZA > P10-PRL-LGC-SILOS > P10-PRL-SLO-SLO2 DIARIO,btz_description_03,,,,,,,,,,,,,3 elementos Revit contienen el código exacto.,P10,P10-PRL-LGC-PRELIMPIEZA,P10-PRL-LGC-SILOS,P10-PRL-SLO-SLO2 DIARIO,,,,,,,,,,,,,,,,,,,,,,,,,,,hay más de un elemento puntual posible
duplicado,elemento_puntual,P10-PRL-LGC-SILOS,CONJUNTO DE SILOS PRELIMPIEZA P10,671,3,671,P10-PRL-LGC-PRELIMPIEZA,P10-PRL-LGC-PRELIMPIEZA,P10-PRL-LGC-PRELIMPIEZA,P10 > P10-PRL-LGC-PRELIMPIEZA,P10 > P10-PRL-LGC-PRELIMPIEZA > P10-PRL-LGC-SILOS,384012,e0118a5a-e983-4b93-852f-e273cc5f6243-0005dc0c,Generic Models,Biodiesel10,Biodiesel,Biodiesel,,P10 > P10-PRL-LGC-PRELIMPIEZA > P10-PRL-LGC-SILOS > P10-PRL-SLO-SRECUP,btz_description_03,,,,,,,,,,,,,3 elementos Revit contienen el código exacto.,P10,P10-PRL-LGC-PRELIMPIEZA,P10-PRL-LGC-SILOS,P10-PRL-SLO-SRECUP,,,,,,,,,,,,,,,,,,,,,,,,,,,hay más de un elemento puntual posible
contenedor_duplicado,contenedor_por_ancestro_project,P10-PRL-VLV-VG06,VALVULA A GUILLOTINA DESCARGA DE SILO SUCIA 1,673,5,673,P10-PRL-SLO-SLO2 DIARIO,P10-PRL-SLO-SLO2,P10-PRL-LGC-PRELIMPIEZA > P10-PRL-LGC-SILOS > P10-PRL-SLO-SLO2,P10 > P10-PRL-LGC-PRELIMPIEZA > P10-PRL-LGC-SILOS > P10-PRL-SLO-SLO2 DIARIO,P10 > P10-PRL-LGC-PRELIMPIEZA > P10-PRL-LGC-SILOS > P10-PRL-SLO-SLO2 DIARIO > P10-PRL-VLV-VG06,373540,1dd9711a-59af-4c3f-8b41-17903a787e86-0005b324,Generic Models,Silodiario harina,Silodiario harina,Silodiario harina,,P10 > P10-PRL-LGC-PRELIMPIEZA > P10-PRL-LGC-SILOS > P10-PRL-SLO-SLO1 DIARIO,contenedor_scoring,373540,1dd9711a-59af-4c3f-8b41-17903a787e86-0005b324,P10 > P10-PRL-LGC-PRELIMPIEZA > P10-PRL-LGC-SILOS > P10-PRL-SLO-SLO1 DIARIO,4,26,NO,200,200,0,ancestro_project_exacto_duplicado,373540:200:P10 > P10-PRL-LGC-PRELIMPIEZA > P10-PRL-LGC-SILOS > P10-PRL-SLO-SLO1 DIARIO || 373591:200:P10 > P10-PRL-LGC-PRELIMPIEZA > P10-PRL-LGC-SILOS > P10-PRL-SLO-SLO2 DIARIO || 384012:200:P10 > P10-PRL-LGC-PRELIMPIEZA > P10-PRL-LGC-SILOS > P10-PRL-SLO-SRECUP,P10-PRL-LGC-SILOS,Ancestro Project P10-PRL-LGC-SILOS aparece en 3 contenedores.,P10,P10-PRL-LGC-PRELIMPIEZA,P10-PRL-LGC-SILOS,P10-PRL-SLO-SLO1 DIARIO,,,,,,,,,,,,,,,,,,,,,,,,,,,hay más de un contenedor candidato
contenedor_duplicado,contenedor_por_ancestro_project,P10-PRL-VLV-VG07,VALVULA A GUILLOTINA DESCARGA DE SILO SUCIA 1,674,5,674,P10-PRL-SLO-SLO2 DIARIO,P10-PRL-SLO-SLO2,P10-PRL-LGC-PRELIMPIEZA > P10-PRL-LGC-SILOS > P10-PRL-SLO-SLO2,P10 > P10-PRL-LGC-PRELIMPIEZA > P10-PRL-LGC-SILOS > P10-PRL-SLO-SLO2 DIARIO,P10 > P10-PRL-LGC-PRELIMPIEZA > P10-PRL-LGC-SILOS > P10-PRL-SLO-SLO2 DIARIO > P10-PRL-VLV-VG07,373540,1dd9711a-59af-4c3f-8b41-17903a787e86-0005b324,Generic Models,Silodiario harina,Silodiario harina,Silodiario harina,,P10 > P10-PRL-LGC-PRELIMPIEZA > P10-PRL-LGC-SILOS > P10-PRL-SLO-SLO1 DIARIO,contenedor_scoring,373540,1dd9711a-59af-4c3f-8b41-17903a787e86-0005b324,P10 > P10-PRL-LGC-PRELIMPIEZA > P10-PRL-LGC-SILOS > P10-PRL-SLO-SLO1 DIARIO,4,26,NO,200,200,0,ancestro_project_exacto_duplicado,373540:200:P10 > P10-PRL-LGC-PRELIMPIEZA > P10-PRL-LGC-SILOS > P10-PRL-SLO-SLO1 DIARIO || 373591:200:P10 > P10-PRL-LGC-PRELIMPIEZA > P10-PRL-LGC-SILOS > P10-PRL-SLO-SLO2 DIARIO || 384012:200:P10 > P10-PRL-LGC-PRELIMPIEZA > P10-PRL-LGC-SILOS > P10-PRL-SLO-SRECUP,P10-PRL-LGC-SILOS,Ancestro Project P10-PRL-LGC-SILOS aparece en 3 contenedores.,P10,P10-PRL-LGC-PRELIMPIEZA,P10-PRL-LGC-SILOS,P10-PRL-SLO-SLO1 DIARIO,,,,,,,,,,,,,,,,,,,,,,,,,,,hay más de un contenedor candidato
contenedor_duplicado,contenedor_por_ancestro_project,P10-PRL-VLV-VN2A,VALVULA NEUMATICA SILO DIARIO 2,675,5,675,P10-PRL-SLO-SLO2 DIARIO,P10-PRL-SLO-SLO2,P10-PRL-LGC-PRELIMPIEZA > P10-PRL-LGC-SILOS > P10-PRL-SLO-SLO2,P10 > P10-PRL-LGC-PRELIMPIEZA > P10-PRL-LGC-SILOS > P10-PRL-SLO-SLO2 DIARIO,P10 > P10-PRL-LGC-PRELIMPIEZA > P10-PRL-LGC-SILOS > P10-PRL-SLO-SLO2 DIARIO > P10-PRL-VLV-VN2A,373540,1dd9711a-59af-4c3f-8b41-17903a787e86-0005b324,Generic Models,Silodiario harina,Silodiario harina,Silodiario harina,,P10 > P10-PRL-LGC-PRELIMPIEZA > P10-PRL-LGC-SILOS > P10-PRL-SLO-SLO1 DIARIO,contenedor_scoring,373540,1dd9711a-59af-4c3f-8b41-17903a787e86-0005b324,P10 > P10-PRL-LGC-PRELIMPIEZA > P10-PRL-LGC-SILOS > P10-PRL-SLO-SLO1 DIARIO,4,26,NO,200,200,0,ancestro_project_exacto_duplicado,373540:200:P10 > P10-PRL-LGC-PRELIMPIEZA > P10-PRL-LGC-SILOS > P10-PRL-SLO-SLO1 DIARIO || 373591:200:P10 > P10-PRL-LGC-PRELIMPIEZA > P10-PRL-LGC-SILOS > P10-PRL-SLO-SLO2 DIARIO || 384012:200:P10 > P10-PRL-LGC-PRELIMPIEZA > P10-PRL-LGC-SILOS > P10-PRL-SLO-SRECUP,P10-PRL-LGC-SILOS,Ancestro Project P10-PRL-LGC-SILOS aparece en 3 contenedores.,P10,P10-PRL-LGC-PRELIMPIEZA,P10-PRL-LGC-SILOS,P10-PRL-SLO-SLO1 DIARIO,,,,,,,,,,,,,,,,,,,,,,,,,,,hay más de un contenedor candidato
contenedor_duplicado,contenedor_por_ancestro_project,P10-PRL-VLV-VN2B,VALVULA NEUMATICA SILO DIARIO 2,676,5,676,P10-PRL-SLO-SLO2 DIARIO,P10-PRL-SLO-SLO2,P10-PRL-LGC-PRELIMPIEZA > P10-PRL-LGC-SILOS > P10-PRL-SLO-SLO2,P10 > P10-PRL-LGC-PRELIMPIEZA > P10-PRL-LGC-SILOS > P10-PRL-SLO-SLO2 DIARIO,P10 > P10-PRL-LGC-PRELIMPIEZA > P10-PRL-LGC-SILOS > P10-PRL-SLO-SLO2 DIARIO > P10-PRL-VLV-VN2B,373540,1dd9711a-59af-4c3f-8b41-17903a787e86-0005b324,Generic Models,Silodiario harina,Silodiario harina,Silodiario harina,,P10 > P10-PRL-LGC-PRELIMPIEZA > P10-PRL-LGC-SILOS > P10-PRL-SLO-SLO1 DIARIO,contenedor_scoring,373540,1dd9711a-59af-4c3f-8b41-17903a787e86-0005b324,P10 > P10-PRL-LGC-PRELIMPIEZA > P10-PRL-LGC-SILOS > P10-PRL-SLO-SLO1 DIARIO,4,26,NO,200,200,0,ancestro_project_exacto_duplicado,373540:200:P10 > P10-PRL-LGC-PRELIMPIEZA > P10-PRL-LGC-SILOS > P10-PRL-SLO-SLO1 DIARIO || 373591:200:P10 > P10-PRL-LGC-PRELIMPIEZA > P10-PRL-LGC-SILOS > P10-PRL-SLO-SLO2 DIARIO || 384012:200:P10 > P10-PRL-LGC-PRELIMPIEZA > P10-PRL-LGC-SILOS > P10-PRL-SLO-SRECUP,P10-PRL-LGC-SILOS,Ancestro Project P10-PRL-LGC-SILOS aparece en 3 contenedores.,P10,P10-PRL-LGC-PRELIMPIEZA,P10-PRL-LGC-SILOS,P10-PRL-SLO-SLO1 DIARIO,,,,,,,,,,,,,,,,,,,,,,,,,,,hay más de un contenedor candidato
contenedor_duplicado,contenedor_por_ancestro_project,P10-PRL-VLV-VG04,SE DESMONTÓ LA VALVULA Y SE MONTÓ UNA ROSCA VALVULA A GUILLOTINA DESCARGA DE SILO SUCIA 2,678,5,678,P10-PRL-SLO-SLO1 DIARIO,P10-PRL-SLO-SLO1,P10-PRL-LGC-PRELIMPIEZA > P10-PRL-LGC-SILOS > P10-PRL-SLO-SLO1,P10 > P10-PRL-LGC-PRELIMPIEZA > P10-PRL-LGC-SILOS > P10-PRL-SLO-SLO1 DIARIO,P10 > P10-PRL-LGC-PRELIMPIEZA > P10-PRL-LGC-SILOS > P10-PRL-SLO-SLO1 DIARIO > P10-PRL-VLV-VG04,373540,1dd9711a-59af-4c3f-8b41-17903a787e86-0005b324,Generic Models,Silodiario harina,Silodiario harina,Silodiario harina,,P10 > P10-PRL-LGC-PRELIMPIEZA > P10-PRL-LGC-SILOS > P10-PRL-SLO-SLO1 DIARIO,contenedor_scoring,373540,1dd9711a-59af-4c3f-8b41-17903a787e86-0005b324,P10 > P10-PRL-LGC-PRELIMPIEZA > P10-PRL-LGC-SILOS > P10-PRL-SLO-SLO1 DIARIO,4,26,NO,200,200,0,ancestro_project_exacto_duplicado,373540:200:P10 > P10-PRL-LGC-PRELIMPIEZA > P10-PRL-LGC-SILOS > P10-PRL-SLO-SLO1 DIARIO || 373591:200:P10 > P10-PRL-LGC-PRELIMPIEZA > P10-PRL-LGC-SILOS > P10-PRL-SLO-SLO2 DIARIO || 384012:200:P10 > P10-PRL-LGC-PRELIMPIEZA > P10-PRL-LGC-SILOS > P10-PRL-SLO-SRECUP,P10-PRL-LGC-SILOS,Ancestro Project P10-PRL-LGC-SILOS aparece en 3 contenedores.,P10,P10-PRL-LGC-PRELIMPIEZA,P10-PRL-LGC-SILOS,P10-PRL-SLO-SLO1 DIARIO,,,,,,,,,,,,,,,,,,,,,,,,,,,hay más de un contenedor candidato
contenedor_duplicado,contenedor_por_ancestro_project,P10-PRL-VLV-VG05,VALVULA A GUILLOTINA DESCARGA DE SILO SUCIA 2,679,5,679,P10-PRL-SLO-SLO1 DIARIO,P10-PRL-SLO-SLO1,P10-PRL-LGC-PRELIMPIEZA > P10-PRL-LGC-SILOS > P10-PRL-SLO-SLO1,P10 > P10-PRL-LGC-PRELIMPIEZA > P10-PRL-LGC-SILOS > P10-PRL-SLO-SLO1 DIARIO,P10 > P10-PRL-LGC-PRELIMPIEZA > P10-PRL-LGC-SILOS > P10-PRL-SLO-SLO1 DIARIO > P10-PRL-VLV-VG05,373540,1dd9711a-59af-4c3f-8b41-17903a787e86-0005b324,Generic Models,Silodiario harina,Silodiario harina,Silodiario harina,,P10 > P10-PRL-LGC-PRELIMPIEZA > P10-PRL-LGC-SILOS > P10-PRL-SLO-SLO1 DIARIO,contenedor_scoring,373540,1dd9711a-59af-4c3f-8b41-17903a787e86-0005b324,P10 > P10-PRL-LGC-PRELIMPIEZA > P10-PRL-LGC-SILOS > P10-PRL-SLO-SLO1 DIARIO,4,26,NO,200,200,0,ancestro_project_exacto_duplicado,373540:200:P10 > P10-PRL-LGC-PRELIMPIEZA > P10-PRL-LGC-SILOS > P10-PRL-SLO-SLO1 DIARIO || 373591:200:P10 > P10-PRL-LGC-PRELIMPIEZA > P10-PRL-LGC-SILOS > P10-PRL-SLO-SLO2 DIARIO || 384012:200:P10 > P10-PRL-LGC-PRELIMPIEZA > P10-PRL-LGC-SILOS > P10-PRL-SLO-SRECUP,P10-PRL-LGC-SILOS,Ancestro Project P10-PRL-LGC-SILOS aparece en 3 contenedores.,P10,P10-PRL-LGC-PRELIMPIEZA,P10-PRL-LGC-SILOS,P10-PRL-SLO-SLO1 DIARIO,,,,,,,,,,,,,,,,,,,,,,,,,,,hay más de un contenedor candidato
contenedor_duplicado,contenedor_por_ancestro_project,P10-PRL-VLV-VN1A,VALVULA NEUMATICA SILO DIARIO 1,680,5,680,P10-PRL-SLO-SLO1 DIARIO,P10-PRL-SLO-SLO1,P10-PRL-LGC-PRELIMPIEZA > P10-PRL-LGC-SILOS > P10-PRL-SLO-SLO1,P10 > P10-PRL-LGC-PRELIMPIEZA > P10-PRL-LGC-SILOS > P10-PRL-SLO-SLO1 DIARIO,P10 > P10-PRL-LGC-PRELIMPIEZA > P10-PRL-LGC-SILOS > P10-PRL-SLO-SLO1 DIARIO > P10-PRL-VLV-VN1A,373540,1dd9711a-59af-4c3f-8b41-17903a787e86-0005b324,Generic Models,Silodiario harina,Silodiario harina,Silodiario harina,,P10 > P10-PRL-LGC-PRELIMPIEZA > P10-PRL-LGC-SILOS > P10-PRL-SLO-SLO1 DIARIO,contenedor_scoring,373540,1dd9711a-59af-4c3f-8b41-17903a787e86-0005b324,P10 > P10-PRL-LGC-PRELIMPIEZA > P10-PRL-LGC-SILOS > P10-PRL-SLO-SLO1 DIARIO,4,26,NO,200,200,0,ancestro_project_exacto_duplicado,373540:200:P10 > P10-PRL-LGC-PRELIMPIEZA > P10-PRL-LGC-SILOS > P10-PRL-SLO-SLO1 DIARIO || 373591:200:P10 > P10-PRL-LGC-PRELIMPIEZA > P10-PRL-LGC-SILOS > P10-PRL-SLO-SLO2 DIARIO || 384012:200:P10 > P10-PRL-LGC-PRELIMPIEZA > P10-PRL-LGC-SILOS > P10-PRL-SLO-SRECUP,P10-PRL-LGC-SILOS,Ancestro Project P10-PRL-LGC-SILOS aparece en 3 contenedores.,P10,P10-PRL-LGC-PRELIMPIEZA,P10-PRL-LGC-SILOS,P10-PRL-SLO-SLO1 DIARIO,,,,,,,,,,,,,,,,,,,,,,,,,,,hay más de un contenedor candidato
contenedor_duplicado,contenedor_por_ancestro_project,P10-PRL-VLV-VN1B,VALVULA NEUMATICA SILO DIARIO 1,681,5,681,P10-PRL-SLO-SLO1 DIARIO,P10-PRL-SLO-SLO1,P10-PRL-LGC-PRELIMPIEZA > P10-PRL-LGC-SILOS > P10-PRL-SLO-SLO1,P10 > P10-PRL-LGC-PRELIMPIEZA > P10-PRL-LGC-SILOS > P10-PRL-SLO-SLO1 DIARIO,P10 > P10-PRL-LGC-PRELIMPIEZA > P10-PRL-LGC-SILOS > P10-PRL-SLO-SLO1 DIARIO > P10-PRL-VLV-VN1B,373540,1dd9711a-59af-4c3f-8b41-17903a787e86-0005b324,Generic Models,Silodiario harina,Silodiario harina,Silodiario harina,,P10 > P10-PRL-LGC-PRELIMPIEZA > P10-PRL-LGC-SILOS > P10-PRL-SLO-SLO1 DIARIO,contenedor_scoring,373540,1dd9711a-59af-4c3f-8b41-17903a787e86-0005b324,P10 > P10-PRL-LGC-PRELIMPIEZA > P10-PRL-LGC-SILOS > P10-PRL-SLO-SLO1 DIARIO,4,26,NO,200,200,0,ancestro_project_exacto_duplicado,373540:200:P10 > P10-PRL-LGC-PRELIMPIEZA > P10-PRL-LGC-SILOS > P10-PRL-SLO-SLO1 DIARIO || 373591:200:P10 > P10-PRL-LGC-PRELIMPIEZA > P10-PRL-LGC-SILOS > P10-PRL-SLO-SLO2 DIARIO || 384012:200:P10 > P10-PRL-LGC-PRELIMPIEZA > P10-PRL-LGC-SILOS > P10-PRL-SLO-SRECUP,P10-PRL-LGC-SILOS,Ancestro Project P10-PRL-LGC-SILOS aparece en 3 contenedores.,P10,P10-PRL-LGC-PRELIMPIEZA,P10-PRL-LGC-SILOS,P10-PRL-SLO-SLO1 DIARIO,,,,,,,,,,,,,,,,,,,,,,,,,,,hay más de un contenedor candidato
contenedor_duplicado,contenedor_por_ancestro_project,P10-PRL-SLO-SLO3,SILO PULMON <300 TN>,682,4,682,P10-PRL-LGC-SILOS,P10-PRL-LGC-SILOS,P10-PRL-LGC-PRELIMPIEZA > P10-PRL-LGC-SILOS,P10 > P10-PRL-LGC-PRELIMPIEZA > P10-PRL-LGC-SILOS,P10 > P10-PRL-LGC-PRELIMPIEZA > P10-PRL-LGC-SILOS > P10-PRL-SLO-SLO3 LIMPIA,373540,1dd9711a-59af-4c3f-8b41-17903a787e86-0005b324,Generic Models,Silodiario harina,Silodiario harina,Silodiario harina,,P10 > P10-PRL-LGC-PRELIMPIEZA > P10-PRL-LGC-SILOS > P10-PRL-SLO-SLO1 DIARIO,contenedor_scoring,373540,1dd9711a-59af-4c3f-8b41-17903a787e86-0005b324,P10 > P10-PRL-LGC-PRELIMPIEZA > P10-PRL-LGC-SILOS > P10-PRL-SLO-SLO1 DIARIO,4,26,NO,200,200,0,ancestro_project_exacto_duplicado,373540:200:P10 > P10-PRL-LGC-PRELIMPIEZA > P10-PRL-LGC-SILOS > P10-PRL-SLO-SLO1 DIARIO || 373591:200:P10 > P10-PRL-LGC-PRELIMPIEZA > P10-PRL-LGC-SILOS > P10-PRL-SLO-SLO2 DIARIO || 384012:200:P10 > P10-PRL-LGC-PRELIMPIEZA > P10-PRL-LGC-SILOS > P10-PRL-SLO-SRECUP,P10-PRL-LGC-SILOS,Ancestro Project P10-PRL-LGC-SILOS aparece en 3 contenedores.,P10,P10-PRL-LGC-PRELIMPIEZA,P10-PRL-LGC-SILOS,P10-PRL-SLO-SLO1 DIARIO,,,,,,,,,,,,,,,,,,,,,,,,,,,hay más de un contenedor candidato
contenedor_duplicado,contenedor_por_ancestro_project,P10-PRL-VLV-VG09,VALVULA A GUILLOTINA DESC. SILO PRINCIPAL LIMPIA,683,5,683,P10-PRL-SLO-SLO3 LIMPIA,P10-PRL-SLO-SLO3,P10-PRL-LGC-PRELIMPIEZA > P10-PRL-LGC-SILOS > P10-PRL-SLO-SLO3,P10 > P10-PRL-LGC-PRELIMPIEZA > P10-PRL-LGC-SILOS > P10-PRL-SLO-SLO3 LIMPIA,P10 > P10-PRL-LGC-PRELIMPIEZA > P10-PRL-LGC-SILOS > P10-PRL-SLO-SLO3 LIMPIA > P10-PRL-VLV-VG09,373540,1dd9711a-59af-4c3f-8b41-17903a787e86-0005b324,Generic Models,Silodiario harina,Silodiario harina,Silodiario harina,,P10 > P10-PRL-LGC-PRELIMPIEZA > P10-PRL-LGC-SILOS > P10-PRL-SLO-SLO1 DIARIO,contenedor_scoring,373540,1dd9711a-59af-4c3f-8b41-17903a787e86-0005b324,P10 > P10-PRL-LGC-PRELIMPIEZA > P10-PRL-LGC-SILOS > P10-PRL-SLO-SLO1 DIARIO,4,26,NO,200,200,0,ancestro_project_exacto_duplicado,373540:200:P10 > P10-PRL-LGC-PRELIMPIEZA > P10-PRL-LGC-SILOS > P10-PRL-SLO-SLO1 DIARIO || 373591:200:P10 > P10-PRL-LGC-PRELIMPIEZA > P10-PRL-LGC-SILOS > P10-PRL-SLO-SLO2 DIARIO || 384012:200:P10 > P10-PRL-LGC-PRELIMPIEZA > P10-PRL-LGC-SILOS > P10-PRL-SLO-SRECUP,P10-PRL-LGC-SILOS,Ancestro Project P10-PRL-LGC-SILOS aparece en 3 contenedores.,P10,P10-PRL-LGC-PRELIMPIEZA,P10-PRL-LGC-SILOS,P10-PRL-SLO-SLO1 DIARIO,,,,,,,,,,,,,,,,,,,,,,,,,,,hay más de un contenedor candidato
contenedor_duplicado,contenedor_por_ancestro_project,P10-PRL-VLV-VG08,VALVULA GUILL MANUAL  DESC. SILO PRINCIPAL LIMPIA,684,5,684,P10-PRL-SLO-SLO3 LIMPIA,P10-PRL-SLO-SLO3,P10-PRL-LGC-PRELIMPIEZA > P10-PRL-LGC-SILOS > P10-PRL-SLO-SLO3,P10 > P10-PRL-LGC-PRELIMPIEZA > P10-PRL-LGC-SILOS > P10-PRL-SLO-SLO3 LIMPIA,P10 > P10-PRL-LGC-PRELIMPIEZA > P10-PRL-LGC-SILOS > P10-PRL-SLO-SLO3 LIMPIA > P10-PRL-VLV-VG08,373540,1dd9711a-59af-4c3f-8b41-17903a787e86-0005b324,Generic Models,Silodiario harina,Silodiario harina,Silodiario harina,,P10 > P10-PRL-LGC-PRELIMPIEZA > P10-PRL-LGC-SILOS > P10-PRL-SLO-SLO1 DIARIO,contenedor_scoring,373540,1dd9711a-59af-4c3f-8b41-17903a787e86-0005b324,P10 > P10-PRL-LGC-PRELIMPIEZA > P10-PRL-LGC-SILOS > P10-PRL-SLO-SLO1 DIARIO,4,26,NO,200,200,0,ancestro_project_exacto_duplicado,373540:200:P10 > P10-PRL-LGC-PRELIMPIEZA > P10-PRL-LGC-SILOS > P10-PRL-SLO-SLO1 DIARIO || 373591:200:P10 > P10-PRL-LGC-PRELIMPIEZA > P10-PRL-LGC-SILOS > P10-PRL-SLO-SLO2 DIARIO || 384012:200:P10 > P10-PRL-LGC-PRELIMPIEZA > P10-PRL-LGC-SILOS > P10-PRL-SLO-SRECUP,P10-PRL-LGC-SILOS,Ancestro Project P10-PRL-LGC-SILOS aparece en 3 contenedores.,P10,P10-PRL-LGC-PRELIMPIEZA,P10-PRL-LGC-SILOS,P10-PRL-SLO-SLO1 DIARIO,,,,,,,,,,,,,,,,,,,,,,,,,,,hay más de un contenedor candidato
contenedor_duplicado,contenedor_por_ancestro_project,P10-PRL-LGC-VALVULAS,CONJUNTO DE VALVULAS VGP PRELIMPIEZA P10,687,3,687,P10-PRL-LGC-PRELIMPIEZA,P10-PRL-LGC-PRELIMPIEZA,P10-PRL-LGC-PRELIMPIEZA,P10 > P10-PRL-LGC-PRELIMPIEZA,P10 > P10-PRL-LGC-PRELIMPIEZA > P10-PRL-LGC-VALVULAS VGP,373540,1dd9711a-59af-4c3f-8b41-17903a787e86-0005b324,Generic Models,Silodiario harina,Silodiario harina,Silodiario harina,,P10 > P10-PRL-LGC-PRELIMPIEZA > P10-PRL-LGC-SILOS > P10-PRL-SLO-SLO1 DIARIO,contenedor_scoring,373540,1dd9711a-59af-4c3f-8b41-17903a787e86-0005b324,P10 > P10-PRL-LGC-PRELIMPIEZA > P10-PRL-LGC-SILOS > P10-PRL-SLO-SLO1 DIARIO,4,26,NO,200,200,0,ancestro_project_exacto_duplicado,373540:200:P10 > P10-PRL-LGC-PRELIMPIEZA > P10-PRL-LGC-SILOS > P10-PRL-SLO-SLO1 DIARIO || 373591:200:P10 > P10-PRL-LGC-PRELIMPIEZA > P10-PRL-LGC-SILOS > P10-PRL-SLO-SLO2 DIARIO || 377655:200:TE > P10-PRL-LGC-PRELIMPIEZA > P10-PRL-ACS-TPRL || 384012:200:P10 > P10-PRL-LGC-PRELIMPIEZA > P10-PRL-LGC-SILOS > P10-PRL-SLO-SRECUP || 385248:200:P10 > P10-PRL-LGC-PRELIMPIEZA > P10-PRL-LGC-MERMA || 385396:200:P10 > P10-PRL-LGC-PRELIMPIEZA > P10-PRL-LGC-MULTIASPIRADORES || 385416:200:P10 > P10-PRL-LGC-PRELIMPIEZA > P10-PRL-LGC-REDLER || 385436:200:P10 > P10-PRL-LGC-PRELIMPIEZA > P10-PRL-LGC-REDLER,P10-PRL-LGC-PRELIMPIEZA,Ancestro Project P10-PRL-LGC-PRELIMPIEZA aparece en 8 contenedores.,P10,P10-PRL-LGC-PRELIMPIEZA,P10-PRL-LGC-SILOS,P10-PRL-SLO-SLO1 DIARIO,,,,,,,,,,,,,,,,,,,,,,,,,,,hay más de un contenedor candidato
contenedor_duplicado,contenedor_por_ancestro_project,P10-PRL-VLV-VGP01,VALVULA A GUILLOTINA 01 INGRESO A PLANTA,688,4,688,P10-PRL-LGC-VALVULAS VGP,P10-PRL-LGC-VALVULAS,P10-PRL-LGC-PRELIMPIEZA > P10-PRL-LGC-VALVULAS,P10 > P10-PRL-LGC-PRELIMPIEZA > P10-PRL-LGC-VALVULAS VGP,P10 > P10-PRL-LGC-PRELIMPIEZA > P10-PRL-LGC-VALVULAS VGP > P10-PRL-VLV-VGP01,373540,1dd9711a-59af-4c3f-8b41-17903a787e86-0005b324,Generic Models,Silodiario harina,Silodiario harina,Silodiario harina,,P10 > P10-PRL-LGC-PRELIMPIEZA > P10-PRL-LGC-SILOS > P10-PRL-SLO-SLO1 DIARIO,contenedor_scoring,373540,1dd9711a-59af-4c3f-8b41-17903a787e86-0005b324,P10 > P10-PRL-LGC-PRELIMPIEZA > P10-PRL-LGC-SILOS > P10-PRL-SLO-SLO1 DIARIO,4,26,NO,200,200,0,ancestro_project_exacto_duplicado,373540:200:P10 > P10-PRL-LGC-PRELIMPIEZA > P10-PRL-LGC-SILOS > P10-PRL-SLO-SLO1 DIARIO || 373591:200:P10 > P10-PRL-LGC-PRELIMPIEZA > P10-PRL-LGC-SILOS > P10-PRL-SLO-SLO2 DIARIO || 377655:200:TE > P10-PRL-LGC-PRELIMPIEZA > P10-PRL-ACS-TPRL || 384012:200:P10 > P10-PRL-LGC-PRELIMPIEZA > P10-PRL-LGC-SILOS > P10-PRL-SLO-SRECUP || 385248:200:P10 > P10-PRL-LGC-PRELIMPIEZA > P10-PRL-LGC-MERMA || 385396:200:P10 > P10-PRL-LGC-PRELIMPIEZA > P10-PRL-LGC-MULTIASPIRADORES || 385416:200:P10 > P10-PRL-LGC-PRELIMPIEZA > P10-PRL-LGC-REDLER || 385436:200:P10 > P10-PRL-LGC-PRELIMPIEZA > P10-PRL-LGC-REDLER,P10-PRL-LGC-PRELIMPIEZA,Ancestro Project P10-PRL-LGC-PRELIMPIEZA aparece en 8 contenedores.,P10,P10-PRL-LGC-PRELIMPIEZA,P10-PRL-LGC-SILOS,P10-PRL-SLO-SLO1 DIARIO,,,,,,,,,,,,,,,,,,,,,,,,,,,hay más de un contenedor candidato
contenedor_duplicado,contenedor_por_ancestro_project,P10-PRL-VLV-VGP02,VALVULA A GUILLOTINA 02 CARGA ZR01,689,4,689,P10-PRL-LGC-VALVULAS VGP,P10-PRL-LGC-VALVULAS,P10-PRL-LGC-PRELIMPIEZA > P10-PRL-LGC-VALVULAS,P10 > P10-PRL-LGC-PRELIMPIEZA > P10-PRL-LGC-VALVULAS VGP,P10 > P10-PRL-LGC-PRELIMPIEZA > P10-PRL-LGC-VALVULAS VGP > P10-PRL-VLV-VGP02,373540,1dd9711a-59af-4c3f-8b41-17903a787e86-0005b324,Generic Models,Silodiario harina,Silodiario harina,Silodiario harina,,P10 > P10-PRL-LGC-PRELIMPIEZA > P10-PRL-LGC-SILOS > P10-PRL-SLO-SLO1 DIARIO,contenedor_scoring,373540,1dd9711a-59af-4c3f-8b41-17903a787e86-0005b324,P10 > P10-PRL-LGC-PRELIMPIEZA > P10-PRL-LGC-SILOS > P10-PRL-SLO-SLO1 DIARIO,4,26,NO,200,200,0,ancestro_project_exacto_duplicado,373540:200:P10 > P10-PRL-LGC-PRELIMPIEZA > P10-PRL-LGC-SILOS > P10-PRL-SLO-SLO1 DIARIO || 373591:200:P10 > P10-PRL-LGC-PRELIMPIEZA > P10-PRL-LGC-SILOS > P10-PRL-SLO-SLO2 DIARIO || 377655:200:TE > P10-PRL-LGC-PRELIMPIEZA > P10-PRL-ACS-TPRL || 384012:200:P10 > P10-PRL-LGC-PRELIMPIEZA > P10-PRL-LGC-SILOS > P10-PRL-SLO-SRECUP || 385248:200:P10 > P10-PRL-LGC-PRELIMPIEZA > P10-PRL-LGC-MERMA || 385396:200:P10 > P10-PRL-LGC-PRELIMPIEZA > P10-PRL-LGC-MULTIASPIRADORES || 385416:200:P10 > P10-PRL-LGC-PRELIMPIEZA > P10-PRL-LGC-REDLER || 385436:200:P10 > P10-PRL-LGC-PRELIMPIEZA > P10-PRL-LGC-REDLER,P10-PRL-LGC-PRELIMPIEZA,Ancestro Project P10-PRL-LGC-PRELIMPIEZA aparece en 8 contenedores.,P10,P10-PRL-LGC-PRELIMPIEZA,P10-PRL-LGC-SILOS,P10-PRL-SLO-SLO1 DIARIO,,,,,,,,,,,,,,,,,,,,,,,,,,,hay más de un contenedor candidato
contenedor_duplicado,contenedor_por_ancestro_project,P10-PRL-VLV-VGP03,VALVULA A GUILLOTINA 03 CARGA ZR02,690,4,690,P10-PRL-LGC-VALVULAS VGP,P10-PRL-LGC-VALVULAS,P10-PRL-LGC-PRELIMPIEZA > P10-PRL-LGC-VALVULAS,P10 > P10-PRL-LGC-PRELIMPIEZA > P10-PRL-LGC-VALVULAS VGP,P10 > P10-PRL-LGC-PRELIMPIEZA > P10-PRL-LGC-VALVULAS VGP > P10-PRL-VLV-VGP03,373540,1dd9711a-59af-4c3f-8b41-17903a787e86-0005b324,Generic Models,Silodiario harina,Silodiario harina,Silodiario harina,,P10 > P10-PRL-LGC-PRELIMPIEZA > P10-PRL-LGC-SILOS > P10-PRL-SLO-SLO1 DIARIO,contenedor_scoring,373540,1dd9711a-59af-4c3f-8b41-17903a787e86-0005b324,P10 > P10-PRL-LGC-PRELIMPIEZA > P10-PRL-LGC-SILOS > P10-PRL-SLO-SLO1 DIARIO,4,26,NO,200,200,0,ancestro_project_exacto_duplicado,373540:200:P10 > P10-PRL-LGC-PRELIMPIEZA > P10-PRL-LGC-SILOS > P10-PRL-SLO-SLO1 DIARIO || 373591:200:P10 > P10-PRL-LGC-PRELIMPIEZA > P10-PRL-LGC-SILOS > P10-PRL-SLO-SLO2 DIARIO || 377655:200:TE > P10-PRL-LGC-PRELIMPIEZA > P10-PRL-ACS-TPRL || 384012:200:P10 > P10-PRL-LGC-PRELIMPIEZA > P10-PRL-LGC-SILOS > P10-PRL-SLO-SRECUP || 385248:200:P10 > P10-PRL-LGC-PRELIMPIEZA > P10-PRL-LGC-MERMA || 385396:200:P10 > P10-PRL-LGC-PRELIMPIEZA > P10-PRL-LGC-MULTIASPIRADORES || 385416:200:P10 > P10-PRL-LGC-PRELIMPIEZA > P10-PRL-LGC-REDLER || 385436:200:P10 > P10-PRL-LGC-PRELIMPIEZA > P10-PRL-LGC-REDLER,P10-PRL-LGC-PRELIMPIEZA,Ancestro Project P10-PRL-LGC-PRELIMPIEZA aparece en 8 contenedores.,P10,P10-PRL-LGC-PRELIMPIEZA,P10-PRL-LGC-SILOS,P10-PRL-SLO-SLO1 DIARIO,,,,,,,,,,,,,,,,,,,,,,,,,,,hay más de un contenedor candidato
contenedor_duplicado,contenedor_por_ancestro_project,P10-PRL-VLV-VGP04,VALVULA A GUILLOTINA 04 BY-PASS PRELIMPIEZA,691,4,691,P10-PRL-LGC-VALVULAS VGP,P10-PRL-LGC-VALVULAS,P10-PRL-LGC-PRELIMPIEZA > P10-PRL-LGC-VALVULAS,P10 > P10-PRL-LGC-PRELIMPIEZA > P10-PRL-LGC-VALVULAS VGP,P10 > P10-PRL-LGC-PRELIMPIEZA > P10-PRL-LGC-VALVULAS VGP > P10-PRL-VLV-VGP04,373540,1dd9711a-59af-4c3f-8b41-17903a787e86-0005b324,Generic Models,Silodiario harina,Silodiario harina,Silodiario harina,,P10 > P10-PRL-LGC-PRELIMPIEZA > P10-PRL-LGC-SILOS > P10-PRL-SLO-SLO1 DIARIO,contenedor_scoring,373540,1dd9711a-59af-4c3f-8b41-17903a787e86-0005b324,P10 > P10-PRL-LGC-PRELIMPIEZA > P10-PRL-LGC-SILOS > P10-PRL-SLO-SLO1 DIARIO,4,26,NO,200,200,0,ancestro_project_exacto_duplicado,373540:200:P10 > P10-PRL-LGC-PRELIMPIEZA > P10-PRL-LGC-SILOS > P10-PRL-SLO-SLO1 DIARIO || 373591:200:P10 > P10-PRL-LGC-PRELIMPIEZA > P10-PRL-LGC-SILOS > P10-PRL-SLO-SLO2 DIARIO || 377655:200:TE > P10-PRL-LGC-PRELIMPIEZA > P10-PRL-ACS-TPRL || 384012:200:P10 > P10-PRL-LGC-PRELIMPIEZA > P10-PRL-LGC-SILOS > P10-PRL-SLO-SRECUP || 385248:200:P10 > P10-PRL-LGC-PRELIMPIEZA > P10-PRL-LGC-MERMA || 385396:200:P10 > P10-PRL-LGC-PRELIMPIEZA > P10-PRL-LGC-MULTIASPIRADORES || 385416:200:P10 > P10-PRL-LGC-PRELIMPIEZA > P10-PRL-LGC-REDLER || 385436:200:P10 > P10-PRL-LGC-PRELIMPIEZA > P10-PRL-LGC-REDLER,P10-PRL-LGC-PRELIMPIEZA,Ancestro Project P10-PRL-LGC-PRELIMPIEZA aparece en 8 contenedores.,P10,P10-PRL-LGC-PRELIMPIEZA,P10-PRL-LGC-SILOS,P10-PRL-SLO-SLO1 DIARIO,,,,,,,,,,,,,,,,,,,,,,,,,,,hay más de un contenedor candidato
contenedor_duplicado,contenedor_por_ancestro_project,P10-PRL-LGC-ZARANDAS,CONJUNTO DE ZARANDAS PRELIMPIEZA P10,692,3,692,P10-PRL-LGC-PRELIMPIEZA,P10-PRL-LGC-PRELIMPIEZA,P10-PRL-LGC-PRELIMPIEZA,P10 > P10-PRL-LGC-PRELIMPIEZA,P10 > P10-PRL-LGC-PRELIMPIEZA > P10-PRL-LGC-ZARANDAS,373540,1dd9711a-59af-4c3f-8b41-17903a787e86-0005b324,Generic Models,Silodiario harina,Silodiario harina,Silodiario harina,,P10 > P10-PRL-LGC-PRELIMPIEZA > P10-PRL-LGC-SILOS > P10-PRL-SLO-SLO1 DIARIO,contenedor_scoring,373540,1dd9711a-59af-4c3f-8b41-17903a787e86-0005b324,P10 > P10-PRL-LGC-PRELIMPIEZA > P10-PRL-LGC-SILOS > P10-PRL-SLO-SLO1 DIARIO,4,26,NO,200,200,0,ancestro_project_exacto_duplicado,373540:200:P10 > P10-PRL-LGC-PRELIMPIEZA > P10-PRL-LGC-SILOS > P10-PRL-SLO-SLO1 DIARIO || 373591:200:P10 > P10-PRL-LGC-PRELIMPIEZA > P10-PRL-LGC-SILOS > P10-PRL-SLO-SLO2 DIARIO || 377655:200:TE > P10-PRL-LGC-PRELIMPIEZA > P10-PRL-ACS-TPRL || 384012:200:P10 > P10-PRL-LGC-PRELIMPIEZA > P10-PRL-LGC-SILOS > P10-PRL-SLO-SRECUP || 385248:200:P10 > P10-PRL-LGC-PRELIMPIEZA > P10-PRL-LGC-MERMA || 385396:200:P10 > P10-PRL-LGC-PRELIMPIEZA > P10-PRL-LGC-MULTIASPIRADORES || 385416:200:P10 > P10-PRL-LGC-PRELIMPIEZA > P10-PRL-LGC-REDLER || 385436:200:P10 > P10-PRL-LGC-PRELIMPIEZA > P10-PRL-LGC-REDLER,P10-PRL-LGC-PRELIMPIEZA,Ancestro Project P10-PRL-LGC-PRELIMPIEZA aparece en 8 contenedores.,P10,P10-PRL-LGC-PRELIMPIEZA,P10-PRL-LGC-SILOS,P10-PRL-SLO-SLO1 DIARIO,,,,,,,,,,,,,,,,,,,,,,,,,,,hay más de un contenedor candidato
contenedor_duplicado,contenedor_por_ancestro_project,P10-PRL-ZRN-ZPP01,ZARANDA 01 ROTEX MODELO 732S GC,693,4,693,P10-PRL-LGC-ZARANDAS,P10-PRL-LGC-ZARANDAS,P10-PRL-LGC-PRELIMPIEZA > P10-PRL-LGC-ZARANDAS,P10 > P10-PRL-LGC-PRELIMPIEZA > P10-PRL-LGC-ZARANDAS,P10 > P10-PRL-LGC-PRELIMPIEZA > P10-PRL-LGC-ZARANDAS > P10-PRL-ZRN-ZPP01,373540,1dd9711a-59af-4c3f-8b41-17903a787e86-0005b324,Generic Models,Silodiario harina,Silodiario harina,Silodiario harina,,P10 > P10-PRL-LGC-PRELIMPIEZA > P10-PRL-LGC-SILOS > P10-PRL-SLO-SLO1 DIARIO,contenedor_scoring,373540,1dd9711a-59af-4c3f-8b41-17903a787e86-0005b324,P10 > P10-PRL-LGC-PRELIMPIEZA > P10-PRL-LGC-SILOS > P10-PRL-SLO-SLO1 DIARIO,4,26,NO,200,200,0,ancestro_project_exacto_duplicado,373540:200:P10 > P10-PRL-LGC-PRELIMPIEZA > P10-PRL-LGC-SILOS > P10-PRL-SLO-SLO1 DIARIO || 373591:200:P10 > P10-PRL-LGC-PRELIMPIEZA > P10-PRL-LGC-SILOS > P10-PRL-SLO-SLO2 DIARIO || 377655:200:TE > P10-PRL-LGC-PRELIMPIEZA > P10-PRL-ACS-TPRL || 384012:200:P10 > P10-PRL-LGC-PRELIMPIEZA > P10-PRL-LGC-SILOS > P10-PRL-SLO-SRECUP || 385248:200:P10 > P10-PRL-LGC-PRELIMPIEZA > P10-PRL-LGC-MERMA || 385396:200:P10 > P10-PRL-LGC-PRELIMPIEZA > P10-PRL-LGC-MULTIASPIRADORES || 385416:200:P10 > P10-PRL-LGC-PRELIMPIEZA > P10-PRL-LGC-REDLER || 385436:200:P10 > P10-PRL-LGC-PRELIMPIEZA > P10-PRL-LGC-REDLER,P10-PRL-LGC-PRELIMPIEZA,Ancestro Project P10-PRL-LGC-PRELIMPIEZA aparece en 8 contenedores.,P10,P10-PRL-LGC-PRELIMPIEZA,P10-PRL-LGC-SILOS,P10-PRL-SLO-SLO1 DIARIO,,,,,,,,,,,,,,,,,,,,,,,,,,,hay más de un contenedor candidato
contenedor_duplicado,contenedor_por_ancestro_project,P10-PRL-ZRN-ZPP02,ZARANDA 02 ROTEX MODELO 732S GC,694,4,694,P10-PRL-LGC-ZARANDAS,P10-PRL-LGC-ZARANDAS,P10-PRL-LGC-PRELIMPIEZA > P10-PRL-LGC-ZARANDAS,P10 > P10-PRL-LGC-PRELIMPIEZA > P10-PRL-LGC-ZARANDAS,P10 > P10-PRL-LGC-PRELIMPIEZA > P10-PRL-LGC-ZARANDAS > P10-PRL-ZRN-ZPP02,373540,1dd9711a-59af-4c3f-8b41-17903a787e86-0005b324,Generic Models,Silodiario harina,Silodiario harina,Silodiario harina,,P10 > P10-PRL-LGC-PRELIMPIEZA > P10-PRL-LGC-SILOS > P10-PRL-SLO-SLO1 DIARIO,contenedor_scoring,373540,1dd9711a-59af-4c3f-8b41-17903a787e86-0005b324,P10 > P10-PRL-LGC-PRELIMPIEZA > P10-PRL-LGC-SILOS > P10-PRL-SLO-SLO1 DIARIO,4,26,NO,200,200,0,ancestro_project_exacto_duplicado,373540:200:P10 > P10-PRL-LGC-PRELIMPIEZA > P10-PRL-LGC-SILOS > P10-PRL-SLO-SLO1 DIARIO || 373591:200:P10 > P10-PRL-LGC-PRELIMPIEZA > P10-PRL-LGC-SILOS > P10-PRL-SLO-SLO2 DIARIO || 377655:200:TE > P10-PRL-LGC-PRELIMPIEZA > P10-PRL-ACS-TPRL || 384012:200:P10 > P10-PRL-LGC-PRELIMPIEZA > P10-PRL-LGC-SILOS > P10-PRL-SLO-SRECUP || 385248:200:P10 > P10-PRL-LGC-PRELIMPIEZA > P10-PRL-LGC-MERMA || 385396:200:P10 > P10-PRL-LGC-PRELIMPIEZA > P10-PRL-LGC-MULTIASPIRADORES || 385416:200:P10 > P10-PRL-LGC-PRELIMPIEZA > P10-PRL-LGC-REDLER || 385436:200:P10 > P10-PRL-LGC-PRELIMPIEZA > P10-PRL-LGC-REDLER,P10-PRL-LGC-PRELIMPIEZA,Ancestro Project P10-PRL-LGC-PRELIMPIEZA aparece en 8 contenedores.,P10,P10-PRL-LGC-PRELIMPIEZA,P10-PRL-LGC-SILOS,P10-PRL-SLO-SLO1 DIARIO,,,,,,,,,,,,,,,,,,,,,,,,,,,hay más de un contenedor candidato
contenedor_duplicado,contenedor_por_ancestro_project,P10-PRL-ZRN-ZPP03,ZARANDA 03 ROTEX MODELO 732S GC,695,4,695,P10-PRL-LGC-ZARANDAS,P10-PRL-LGC-ZARANDAS,P10-PRL-LGC-PRELIMPIEZA > P10-PRL-LGC-ZARANDAS,P10 > P10-PRL-LGC-PRELIMPIEZA > P10-PRL-LGC-ZARANDAS,P10 > P10-PRL-LGC-PRELIMPIEZA > P10-PRL-LGC-ZARANDAS > P10-PRL-ZRN-ZPP03,373540,1dd9711a-59af-4c3f-8b41-17903a787e86-0005b324,Generic Models,Silodiario harina,Silodiario harina,Silodiario harina,,P10 > P10-PRL-LGC-PRELIMPIEZA > P10-PRL-LGC-SILOS > P10-PRL-SLO-SLO1 DIARIO,contenedor_scoring,373540,1dd9711a-59af-4c3f-8b41-17903a787e86-0005b324,P10 > P10-PRL-LGC-PRELIMPIEZA > P10-PRL-LGC-SILOS > P10-PRL-SLO-SLO1 DIARIO,4,26,NO,200,200,0,ancestro_project_exacto_duplicado,373540:200:P10 > P10-PRL-LGC-PRELIMPIEZA > P10-PRL-LGC-SILOS > P10-PRL-SLO-SLO1 DIARIO || 373591:200:P10 > P10-PRL-LGC-PRELIMPIEZA > P10-PRL-LGC-SILOS > P10-PRL-SLO-SLO2 DIARIO || 377655:200:TE > P10-PRL-LGC-PRELIMPIEZA > P10-PRL-ACS-TPRL || 384012:200:P10 > P10-PRL-LGC-PRELIMPIEZA > P10-PRL-LGC-SILOS > P10-PRL-SLO-SRECUP || 385248:200:P10 > P10-PRL-LGC-PRELIMPIEZA > P10-PRL-LGC-MERMA || 385396:200:P10 > P10-PRL-LGC-PRELIMPIEZA > P10-PRL-LGC-MULTIASPIRADORES || 385416:200:P10 > P10-PRL-LGC-PRELIMPIEZA > P10-PRL-LGC-REDLER || 385436:200:P10 > P10-PRL-LGC-PRELIMPIEZA > P10-PRL-LGC-REDLER,P10-PRL-LGC-PRELIMPIEZA,Ancestro Project P10-PRL-LGC-PRELIMPIEZA aparece en 8 contenedores.,P10,P10-PRL-LGC-PRELIMPIEZA,P10-PRL-LGC-SILOS,P10-PRL-SLO-SLO1 DIARIO,,,,,,,,,,,,,,,,,,,,,,,,,,,hay más de un contenedor candidato
contenedor_duplicado,contenedor_por_ancestro_project,P10-PRL-FLT-FMPRELIMP,FILTRO DE MANGAS PRELIMPIEZA,696,3,696,P10-PRL-LGC-PRELIMPIEZA,P10-PRL-LGC-PRELIMPIEZA,P10-PRL-LGC-PRELIMPIEZA,P10 > P10-PRL-LGC-PRELIMPIEZA,P10 > P10-PRL-LGC-PRELIMPIEZA > P10-PRL-FLT-FMPRELIMP,373540,1dd9711a-59af-4c3f-8b41-17903a787e86-0005b324,Generic Models,Silodiario harina,Silodiario harina,Silodiario harina,,P10 > P10-PRL-LGC-PRELIMPIEZA > P10-PRL-LGC-SILOS > P10-PRL-SLO-SLO1 DIARIO,contenedor_scoring,373540,1dd9711a-59af-4c3f-8b41-17903a787e86-0005b324,P10 > P10-PRL-LGC-PRELIMPIEZA > P10-PRL-LGC-SILOS > P10-PRL-SLO-SLO1 DIARIO,4,26,NO,200,200,0,ancestro_project_exacto_duplicado,373540:200:P10 > P10-PRL-LGC-PRELIMPIEZA > P10-PRL-LGC-SILOS > P10-PRL-SLO-SLO1 DIARIO || 373591:200:P10 > P10-PRL-LGC-PRELIMPIEZA > P10-PRL-LGC-SILOS > P10-PRL-SLO-SLO2 DIARIO || 377655:200:TE > P10-PRL-LGC-PRELIMPIEZA > P10-PRL-ACS-TPRL || 384012:200:P10 > P10-PRL-LGC-PRELIMPIEZA > P10-PRL-LGC-SILOS > P10-PRL-SLO-SRECUP || 385248:200:P10 > P10-PRL-LGC-PRELIMPIEZA > P10-PRL-LGC-MERMA || 385396:200:P10 > P10-PRL-LGC-PRELIMPIEZA > P10-PRL-LGC-MULTIASPIRADORES || 385416:200:P10 > P10-PRL-LGC-PRELIMPIEZA > P10-PRL-LGC-REDLER || 385436:200:P10 > P10-PRL-LGC-PRELIMPIEZA > P10-PRL-LGC-REDLER,P10-PRL-LGC-PRELIMPIEZA,Ancestro Project P10-PRL-LGC-PRELIMPIEZA aparece en 8 contenedores.,P10,P10-PRL-LGC-PRELIMPIEZA,P10-PRL-LGC-SILOS,P10-PRL-SLO-SLO1 DIARIO,,,,,,,,,,,,,,,,,,,,,,,,,,,hay más de un contenedor candidato
contenedor_duplicado,contenedor_por_ancestro_project,P10-PRL-BRL-BRL1,BRAZO ROT. LIMPIEZA FILTRO MANGAS FMPRELIMP,697,4,697,P10-PRL-FLT-FMPRELIMP,P10-PRL-FLT-FMPRELIMP,P10-PRL-LGC-PRELIMPIEZA > P10-PRL-FLT-FMPRELIMP,P10 > P10-PRL-LGC-PRELIMPIEZA > P10-PRL-FLT-FMPRELIMP,P10 > P10-PRL-LGC-PRELIMPIEZA > P10-PRL-FLT-FMPRELIMP > P10-PRL-BRL-BRL1,373540,1dd9711a-59af-4c3f-8b41-17903a787e86-0005b324,Generic Models,Silodiario harina,Silodiario harina,Silodiario harina,,P10 > P10-PRL-LGC-PRELIMPIEZA > P10-PRL-LGC-SILOS > P10-PRL-SLO-SLO1 DIARIO,contenedor_scoring,373540,1dd9711a-59af-4c3f-8b41-17903a787e86-0005b324,P10 > P10-PRL-LGC-PRELIMPIEZA > P10-PRL-LGC-SILOS > P10-PRL-SLO-SLO1 DIARIO,4,26,NO,200,200,0,ancestro_project_exacto_duplicado,373540:200:P10 > P10-PRL-LGC-PRELIMPIEZA > P10-PRL-LGC-SILOS > P10-PRL-SLO-SLO1 DIARIO || 373591:200:P10 > P10-PRL-LGC-PRELIMPIEZA > P10-PRL-LGC-SILOS > P10-PRL-SLO-SLO2 DIARIO || 377655:200:TE > P10-PRL-LGC-PRELIMPIEZA > P10-PRL-ACS-TPRL || 384012:200:P10 > P10-PRL-LGC-PRELIMPIEZA > P10-PRL-LGC-SILOS > P10-PRL-SLO-SRECUP || 385248:200:P10 > P10-PRL-LGC-PRELIMPIEZA > P10-PRL-LGC-MERMA || 385396:200:P10 > P10-PRL-LGC-PRELIMPIEZA > P10-PRL-LGC-MULTIASPIRADORES || 385416:200:P10 > P10-PRL-LGC-PRELIMPIEZA > P10-PRL-LGC-REDLER || 385436:200:P10 > P10-PRL-LGC-PRELIMPIEZA > P10-PRL-LGC-REDLER,P10-PRL-LGC-PRELIMPIEZA,Ancestro Project P10-PRL-LGC-PRELIMPIEZA aparece en 8 contenedores.,P10,P10-PRL-LGC-PRELIMPIEZA,P10-PRL-LGC-SILOS,P10-PRL-SLO-SLO1 DIARIO,,,,,,,,,,,,,,,,,,,,,,,,,,,hay más de un contenedor candidato
contenedor_duplicado,contenedor_por_ancestro_project,P10-PRL-RSC-SF01,ROSCA BAJO FILTRO MANGAS A VR04 FMPRELIMP,698,4,698,P10-PRL-FLT-FMPRELIMP,P10-PRL-FLT-FMPRELIMP,P10-PRL-LGC-PRELIMPIEZA > P10-PRL-FLT-FMPRELIMP,P10 > P10-PRL-LGC-PRELIMPIEZA > P10-PRL-FLT-FMPRELIMP,P10 > P10-PRL-LGC-PRELIMPIEZA > P10-PRL-FLT-FMPRELIMP > P10-PRL-RSC-SF01,373540,1dd9711a-59af-4c3f-8b41-17903a787e86-0005b324,Generic Models,Silodiario harina,Silodiario harina,Silodiario harina,,P10 > P10-PRL-LGC-PRELIMPIEZA > P10-PRL-LGC-SILOS > P10-PRL-SLO-SLO1 DIARIO,contenedor_scoring,373540,1dd9711a-59af-4c3f-8b41-17903a787e86-0005b324,P10 > P10-PRL-LGC-PRELIMPIEZA > P10-PRL-LGC-SILOS > P10-PRL-SLO-SLO1 DIARIO,4,26,NO,200,200,0,ancestro_project_exacto_duplicado,373540:200:P10 > P10-PRL-LGC-PRELIMPIEZA > P10-PRL-LGC-SILOS > P10-PRL-SLO-SLO1 DIARIO || 373591:200:P10 > P10-PRL-LGC-PRELIMPIEZA > P10-PRL-LGC-SILOS > P10-PRL-SLO-SLO2 DIARIO || 377655:200:TE > P10-PRL-LGC-PRELIMPIEZA > P10-PRL-ACS-TPRL || 384012:200:P10 > P10-PRL-LGC-PRELIMPIEZA > P10-PRL-LGC-SILOS > P10-PRL-SLO-SRECUP || 385248:200:P10 > P10-PRL-LGC-PRELIMPIEZA > P10-PRL-LGC-MERMA || 385396:200:P10 > P10-PRL-LGC-PRELIMPIEZA > P10-PRL-LGC-MULTIASPIRADORES || 385416:200:P10 > P10-PRL-LGC-PRELIMPIEZA > P10-PRL-LGC-REDLER || 385436:200:P10 > P10-PRL-LGC-PRELIMPIEZA > P10-PRL-LGC-REDLER,P10-PRL-LGC-PRELIMPIEZA,Ancestro Project P10-PRL-LGC-PRELIMPIEZA aparece en 8 contenedores.,P10,P10-PRL-LGC-PRELIMPIEZA,P10-PRL-LGC-SILOS,P10-PRL-SLO-SLO1 DIARIO,,,,,,,,,,,,,,,,,,,,,,,,,,,hay más de un contenedor candidato
contenedor_duplicado,contenedor_por_ancestro_project,P10-PRL-VLV-VR04,VALV ROT DESC. SIN FIN B/FILTRO DE MANGAS FMPRELIMP,699,4,699,P10-PRL-FLT-FMPRELIMP,P10-PRL-FLT-FMPRELIMP,P10-PRL-LGC-PRELIMPIEZA > P10-PRL-FLT-FMPRELIMP,P10 > P10-PRL-LGC-PRELIMPIEZA > P10-PRL-FLT-FMPRELIMP,P10 > P10-PRL-LGC-PRELIMPIEZA > P10-PRL-FLT-FMPRELIMP > P10-PRL-VLV-VR04,373540,1dd9711a-59af-4c3f-8b41-17903a787e86-0005b324,Generic Models,Silodiario harina,Silodiario harina,Silodiario harina,,P10 > P10-PRL-LGC-PRELIMPIEZA > P10-PRL-LGC-SILOS > P10-PRL-SLO-SLO1 DIARIO,contenedor_scoring,373540,1dd9711a-59af-4c3f-8b41-17903a787e86-0005b324,P10 > P10-PRL-LGC-PRELIMPIEZA > P10-PRL-LGC-SILOS > P10-PRL-SLO-SLO1 DIARIO,4,26,NO,200,200,0,ancestro_project_exacto_duplicado,373540:200:P10 > P10-PRL-LGC-PRELIMPIEZA > P10-PRL-LGC-SILOS > P10-PRL-SLO-SLO1 DIARIO || 373591:200:P10 > P10-PRL-LGC-PRELIMPIEZA > P10-PRL-LGC-SILOS > P10-PRL-SLO-SLO2 DIARIO || 377655:200:TE > P10-PRL-LGC-PRELIMPIEZA > P10-PRL-ACS-TPRL || 384012:200:P10 > P10-PRL-LGC-PRELIMPIEZA > P10-PRL-LGC-SILOS > P10-PRL-SLO-SRECUP || 385248:200:P10 > P10-PRL-LGC-PRELIMPIEZA > P10-PRL-LGC-MERMA || 385396:200:P10 > P10-PRL-LGC-PRELIMPIEZA > P10-PRL-LGC-MULTIASPIRADORES || 385416:200:P10 > P10-PRL-LGC-PRELIMPIEZA > P10-PRL-LGC-REDLER || 385436:200:P10 > P10-PRL-LGC-PRELIMPIEZA > P10-PRL-LGC-REDLER,P10-PRL-LGC-PRELIMPIEZA,Ancestro Project P10-PRL-LGC-PRELIMPIEZA aparece en 8 contenedores.,P10,P10-PRL-LGC-PRELIMPIEZA,P10-PRL-LGC-SILOS,P10-PRL-SLO-SLO1 DIARIO,,,,,,,,,,,,,,,,,,,,,,,,,,,hay más de un contenedor candidato
contenedor_duplicado,contenedor_por_ancestro_project,P10-PRL-VNT-VE67,VENT. LIMPIEZA FILTRO MANGAS FMPRELIMP,700,4,700,P10-PRL-FLT-FMPRELIMP,P10-PRL-FLT-FMPRELIMP,P10-PRL-LGC-PRELIMPIEZA > P10-PRL-FLT-FMPRELIMP,P10 > P10-PRL-LGC-PRELIMPIEZA > P10-PRL-FLT-FMPRELIMP,P10 > P10-PRL-LGC-PRELIMPIEZA > P10-PRL-FLT-FMPRELIMP > P10-PRL-VNT-VE67,373540,1dd9711a-59af-4c3f-8b41-17903a787e86-0005b324,Generic Models,Silodiario harina,Silodiario harina,Silodiario harina,,P10 > P10-PRL-LGC-PRELIMPIEZA > P10-PRL-LGC-SILOS > P10-PRL-SLO-SLO1 DIARIO,contenedor_scoring,373540,1dd9711a-59af-4c3f-8b41-17903a787e86-0005b324,P10 > P10-PRL-LGC-PRELIMPIEZA > P10-PRL-LGC-SILOS > P10-PRL-SLO-SLO1 DIARIO,4,26,NO,200,200,0,ancestro_project_exacto_duplicado,373540:200:P10 > P10-PRL-LGC-PRELIMPIEZA > P10-PRL-LGC-SILOS > P10-PRL-SLO-SLO1 DIARIO || 373591:200:P10 > P10-PRL-LGC-PRELIMPIEZA > P10-PRL-LGC-SILOS > P10-PRL-SLO-SLO2 DIARIO || 377655:200:TE > P10-PRL-LGC-PRELIMPIEZA > P10-PRL-ACS-TPRL || 384012:200:P10 > P10-PRL-LGC-PRELIMPIEZA > P10-PRL-LGC-SILOS > P10-PRL-SLO-SRECUP || 385248:200:P10 > P10-PRL-LGC-PRELIMPIEZA > P10-PRL-LGC-MERMA || 385396:200:P10 > P10-PRL-LGC-PRELIMPIEZA > P10-PRL-LGC-MULTIASPIRADORES || 385416:200:P10 > P10-PRL-LGC-PRELIMPIEZA > P10-PRL-LGC-REDLER || 385436:200:P10 > P10-PRL-LGC-PRELIMPIEZA > P10-PRL-LGC-REDLER,P10-PRL-LGC-PRELIMPIEZA,Ancestro Project P10-PRL-LGC-PRELIMPIEZA aparece en 8 contenedores.,P10,P10-PRL-LGC-PRELIMPIEZA,P10-PRL-LGC-SILOS,P10-PRL-SLO-SLO1 DIARIO,,,,,,,,,,,,,,,,,,,,,,,,,,,hay más de un contenedor candidato
contenedor_duplicado,contenedor_por_ancestro_project,P10-PRL-VNT-VE04,VENTILADOR FILTRO DE MANGAS FMPRELIMP,701,4,701,P10-PRL-FLT-FMPRELIMP,P10-PRL-FLT-FMPRELIMP,P10-PRL-LGC-PRELIMPIEZA > P10-PRL-FLT-FMPRELIMP,P10 > P10-PRL-LGC-PRELIMPIEZA > P10-PRL-FLT-FMPRELIMP,P10 > P10-PRL-LGC-PRELIMPIEZA > P10-PRL-FLT-FMPRELIMP > P10-PRL-VNT-VE04,373540,1dd9711a-59af-4c3f-8b41-17903a787e86-0005b324,Generic Models,Silodiario harina,Silodiario harina,Silodiario harina,,P10 > P10-PRL-LGC-PRELIMPIEZA > P10-PRL-LGC-SILOS > P10-PRL-SLO-SLO1 DIARIO,contenedor_scoring,373540,1dd9711a-59af-4c3f-8b41-17903a787e86-0005b324,P10 > P10-PRL-LGC-PRELIMPIEZA > P10-PRL-LGC-SILOS > P10-PRL-SLO-SLO1 DIARIO,4,26,NO,200,200,0,ancestro_project_exacto_duplicado,373540:200:P10 > P10-PRL-LGC-PRELIMPIEZA > P10-PRL-LGC-SILOS > P10-PRL-SLO-SLO1 DIARIO || 373591:200:P10 > P10-PRL-LGC-PRELIMPIEZA > P10-PRL-LGC-SILOS > P10-PRL-SLO-SLO2 DIARIO || 377655:200:TE > P10-PRL-LGC-PRELIMPIEZA > P10-PRL-ACS-TPRL || 384012:200:P10 > P10-PRL-LGC-PRELIMPIEZA > P10-PRL-LGC-SILOS > P10-PRL-SLO-SRECUP || 385248:200:P10 > P10-PRL-LGC-PRELIMPIEZA > P10-PRL-LGC-MERMA || 385396:200:P10 > P10-PRL-LGC-PRELIMPIEZA > P10-PRL-LGC-MULTIASPIRADORES || 385416:200:P10 > P10-PRL-LGC-PRELIMPIEZA > P10-PRL-LGC-REDLER || 385436:200:P10 > P10-PRL-LGC-PRELIMPIEZA > P10-PRL-LGC-REDLER,P10-PRL-LGC-PRELIMPIEZA,Ancestro Project P10-PRL-LGC-PRELIMPIEZA aparece en 8 contenedores.,P10,P10-PRL-LGC-PRELIMPIEZA,P10-PRL-LGC-SILOS,P10-PRL-SLO-SLO1 DIARIO,,,,,,,,,,,,,,,,,,,,,,,,,,,hay más de un contenedor candidato
contenedor_duplicado,contenedor_por_ancestro_project,P10-PRL-ZRN-ZR01,ZARANDA ROTATIVA 01 (OESTE),712,3,712,P10-PRL-LGC-PRELIMPIEZA,P10-PRL-LGC-PRELIMPIEZA,P10-PRL-LGC-PRELIMPIEZA,P10 > P10-PRL-LGC-PRELIMPIEZA,P10 > P10-PRL-LGC-PRELIMPIEZA > P10-PRL-ZRN-ZR01,373540,1dd9711a-59af-4c3f-8b41-17903a787e86-0005b324,Generic Models,Silodiario harina,Silodiario harina,Silodiario harina,,P10 > P10-PRL-LGC-PRELIMPIEZA > P10-PRL-LGC-SILOS > P10-PRL-SLO-SLO1 DIARIO,contenedor_scoring,373540,1dd9711a-59af-4c3f-8b41-17903a787e86-0005b324,P10 > P10-PRL-LGC-PRELIMPIEZA > P10-PRL-LGC-SILOS > P10-PRL-SLO-SLO1 DIARIO,4,26,NO,200,200,0,ancestro_project_exacto_duplicado,373540:200:P10 > P10-PRL-LGC-PRELIMPIEZA > P10-PRL-LGC-SILOS > P10-PRL-SLO-SLO1 DIARIO || 373591:200:P10 > P10-PRL-LGC-PRELIMPIEZA > P10-PRL-LGC-SILOS > P10-PRL-SLO-SLO2 DIARIO || 377655:200:TE > P10-PRL-LGC-PRELIMPIEZA > P10-PRL-ACS-TPRL || 384012:200:P10 > P10-PRL-LGC-PRELIMPIEZA > P10-PRL-LGC-SILOS > P10-PRL-SLO-SRECUP || 385248:200:P10 > P10-PRL-LGC-PRELIMPIEZA > P10-PRL-LGC-MERMA || 385396:200:P10 > P10-PRL-LGC-PRELIMPIEZA > P10-PRL-LGC-MULTIASPIRADORES || 385416:200:P10 > P10-PRL-LGC-PRELIMPIEZA > P10-PRL-LGC-REDLER || 385436:200:P10 > P10-PRL-LGC-PRELIMPIEZA > P10-PRL-LGC-REDLER,P10-PRL-LGC-PRELIMPIEZA,Ancestro Project P10-PRL-LGC-PRELIMPIEZA aparece en 8 contenedores.,P10,P10-PRL-LGC-PRELIMPIEZA,P10-PRL-LGC-SILOS,P10-PRL-SLO-SLO1 DIARIO,,,,,,,,,,,,,,,,,,,,,,,,,,,hay más de un contenedor candidato
contenedor_duplicado,contenedor_por_ancestro_project,P10-PRL-ALM-ZRA01,ALIM. ZARAN. ROT. ZR01,713,4,713,P10-PRL-ZRN-ZR01,P10-PRL-ZRN-ZR01,P10-PRL-LGC-PRELIMPIEZA > P10-PRL-ZRN-ZR01,P10 > P10-PRL-LGC-PRELIMPIEZA > P10-PRL-ZRN-ZR01,P10 > P10-PRL-LGC-PRELIMPIEZA > P10-PRL-ZRN-ZR01 > P10-PRL-ALM-ZRA01,373540,1dd9711a-59af-4c3f-8b41-17903a787e86-0005b324,Generic Models,Silodiario harina,Silodiario harina,Silodiario harina,,P10 > P10-PRL-LGC-PRELIMPIEZA > P10-PRL-LGC-SILOS > P10-PRL-SLO-SLO1 DIARIO,contenedor_scoring,373540,1dd9711a-59af-4c3f-8b41-17903a787e86-0005b324,P10 > P10-PRL-LGC-PRELIMPIEZA > P10-PRL-LGC-SILOS > P10-PRL-SLO-SLO1 DIARIO,4,26,NO,200,200,0,ancestro_project_exacto_duplicado,373540:200:P10 > P10-PRL-LGC-PRELIMPIEZA > P10-PRL-LGC-SILOS > P10-PRL-SLO-SLO1 DIARIO || 373591:200:P10 > P10-PRL-LGC-PRELIMPIEZA > P10-PRL-LGC-SILOS > P10-PRL-SLO-SLO2 DIARIO || 377655:200:TE > P10-PRL-LGC-PRELIMPIEZA > P10-PRL-ACS-TPRL || 384012:200:P10 > P10-PRL-LGC-PRELIMPIEZA > P10-PRL-LGC-SILOS > P10-PRL-SLO-SRECUP || 385248:200:P10 > P10-PRL-LGC-PRELIMPIEZA > P10-PRL-LGC-MERMA || 385396:200:P10 > P10-PRL-LGC-PRELIMPIEZA > P10-PRL-LGC-MULTIASPIRADORES || 385416:200:P10 > P10-PRL-LGC-PRELIMPIEZA > P10-PRL-LGC-REDLER || 385436:200:P10 > P10-PRL-LGC-PRELIMPIEZA > P10-PRL-LGC-REDLER,P10-PRL-LGC-PRELIMPIEZA,Ancestro Project P10-PRL-LGC-PRELIMPIEZA aparece en 8 contenedores.,P10,P10-PRL-LGC-PRELIMPIEZA,P10-PRL-LGC-SILOS,P10-PRL-SLO-SLO1 DIARIO,,,,,,,,,,,,,,,,,,,,,,,,,,,hay más de un contenedor candidato
contenedor_duplicado,contenedor_por_ancestro_project,P10-PRL-ZRN-ZR02,ZARANDA ROTATIVA 02 (ESTE),714,3,714,P10-PRL-LGC-PRELIMPIEZA,P10-PRL-LGC-PRELIMPIEZA,P10-PRL-LGC-PRELIMPIEZA,P10 > P10-PRL-LGC-PRELIMPIEZA,P10 > P10-PRL-LGC-PRELIMPIEZA > P10-PRL-ZRN-ZR02,373540,1dd9711a-59af-4c3f-8b41-17903a787e86-0005b324,Generic Models,Silodiario harina,Silodiario harina,Silodiario harina,,P10 > P10-PRL-LGC-PRELIMPIEZA > P10-PRL-LGC-SILOS > P10-PRL-SLO-SLO1 DIARIO,contenedor_scoring,373540,1dd9711a-59af-4c3f-8b41-17903a787e86-0005b324,P10 > P10-PRL-LGC-PRELIMPIEZA > P10-PRL-LGC-SILOS > P10-PRL-SLO-SLO1 DIARIO,4,26,NO,200,200,0,ancestro_project_exacto_duplicado,373540:200:P10 > P10-PRL-LGC-PRELIMPIEZA > P10-PRL-LGC-SILOS > P10-PRL-SLO-SLO1 DIARIO || 373591:200:P10 > P10-PRL-LGC-PRELIMPIEZA > P10-PRL-LGC-SILOS > P10-PRL-SLO-SLO2 DIARIO || 377655:200:TE > P10-PRL-LGC-PRELIMPIEZA > P10-PRL-ACS-TPRL || 384012:200:P10 > P10-PRL-LGC-PRELIMPIEZA > P10-PRL-LGC-SILOS > P10-PRL-SLO-SRECUP || 385248:200:P10 > P10-PRL-LGC-PRELIMPIEZA > P10-PRL-LGC-MERMA || 385396:200:P10 > P10-PRL-LGC-PRELIMPIEZA > P10-PRL-LGC-MULTIASPIRADORES || 385416:200:P10 > P10-PRL-LGC-PRELIMPIEZA > P10-PRL-LGC-REDLER || 385436:200:P10 > P10-PRL-LGC-PRELIMPIEZA > P10-PRL-LGC-REDLER,P10-PRL-LGC-PRELIMPIEZA,Ancestro Project P10-PRL-LGC-PRELIMPIEZA aparece en 8 contenedores.,P10,P10-PRL-LGC-PRELIMPIEZA,P10-PRL-LGC-SILOS,P10-PRL-SLO-SLO1 DIARIO,,,,,,,,,,,,,,,,,,,,,,,,,,,hay más de un contenedor candidato
contenedor_duplicado,contenedor_por_ancestro_project,P10-PRL-ALM-ZRA02,ALIM. ZARAN. ROT. ZR02,715,4,715,P10-PRL-ZRN-ZR02,P10-PRL-ZRN-ZR02,P10-PRL-LGC-PRELIMPIEZA > P10-PRL-ZRN-ZR02,P10 > P10-PRL-LGC-PRELIMPIEZA > P10-PRL-ZRN-ZR02,P10 > P10-PRL-LGC-PRELIMPIEZA > P10-PRL-ZRN-ZR02 > P10-PRL-ALM-ZRA02,373540,1dd9711a-59af-4c3f-8b41-17903a787e86-0005b324,Generic Models,Silodiario harina,Silodiario harina,Silodiario harina,,P10 > P10-PRL-LGC-PRELIMPIEZA > P10-PRL-LGC-SILOS > P10-PRL-SLO-SLO1 DIARIO,contenedor_scoring,373540,1dd9711a-59af-4c3f-8b41-17903a787e86-0005b324,P10 > P10-PRL-LGC-PRELIMPIEZA > P10-PRL-LGC-SILOS > P10-PRL-SLO-SLO1 DIARIO,4,26,NO,200,200,0,ancestro_project_exacto_duplicado,373540:200:P10 > P10-PRL-LGC-PRELIMPIEZA > P10-PRL-LGC-SILOS > P10-PRL-SLO-SLO1 DIARIO || 373591:200:P10 > P10-PRL-LGC-PRELIMPIEZA > P10-PRL-LGC-SILOS > P10-PRL-SLO-SLO2 DIARIO || 377655:200:TE > P10-PRL-LGC-PRELIMPIEZA > P10-PRL-ACS-TPRL || 384012:200:P10 > P10-PRL-LGC-PRELIMPIEZA > P10-PRL-LGC-SILOS > P10-PRL-SLO-SRECUP || 385248:200:P10 > P10-PRL-LGC-PRELIMPIEZA > P10-PRL-LGC-MERMA || 385396:200:P10 > P10-PRL-LGC-PRELIMPIEZA > P10-PRL-LGC-MULTIASPIRADORES || 385416:200:P10 > P10-PRL-LGC-PRELIMPIEZA > P10-PRL-LGC-REDLER || 385436:200:P10 > P10-PRL-LGC-PRELIMPIEZA > P10-PRL-LGC-REDLER,P10-PRL-LGC-PRELIMPIEZA,Ancestro Project P10-PRL-LGC-PRELIMPIEZA aparece en 8 contenedores.,P10,P10-PRL-LGC-PRELIMPIEZA,P10-PRL-LGC-SILOS,P10-PRL-SLO-SLO1 DIARIO,,,,,,,,,,,,,,,,,,,,,,,,,,,hay más de un contenedor candidato
duplicado,elemento_puntual,P10-SRV-LGC-SERVICIOS,SECTOR SERVICIOS GENERALES P10,716,2,716,P10,,,P10,P10 > P10-SRV-LGC-SERVICIOS,176327,e873c32e-5e0c-4f36-b2a7-48d4917bce06-0002b0c7,Roofs,,Genérico - 400 mm,Genérico - 400 mm,,P10 > P10-SRV-LGC-SERVICIOS > P10-ADM-OFC-OFICINA MANT,btz_description_02,,,,,,,,,,,,,21 elementos Revit contienen el código exacto.,P10,P10-SRV-LGC-SERVICIOS,P10-ADM-OFC-OFICINA MANT,,,,,,,,,,,,,,,,,,,,,,,,,,,,hay más de un elemento puntual posible
duplicado,elemento_puntual,P10-SRV-LGC-SERVICIOS,SECTOR SERVICIOS GENERALES P10,716,2,716,P10,,,P10,P10 > P10-SRV-LGC-SERVICIOS,185694,25d0f85d-57da-4cae-8ca2-9b682363407e-0002d55e,Roofs,,Genérico - 400 mm,Genérico - 400 mm,,P10 > P10-SRV-LGC-SERVICIOS > P10-SRV-LGC-TORRES ENF EXT,btz_description_02,,,,,,,,,,,,,21 elementos Revit contienen el código exacto.,P10,P10-SRV-LGC-SERVICIOS,P10-SRV-LGC-TORRES ENF EXT,,,,,,,,,,,,,,,,,,,,,,,,,,,,hay más de un elemento puntual posible
duplicado,elemento_puntual,P10-SRV-LGC-SERVICIOS,SECTOR SERVICIOS GENERALES P10,716,2,716,P10,,,P10,P10 > P10-SRV-LGC-SERVICIOS,227527,25d0f85d-57da-4cae-8ca2-9b682363407e-000378c7,Roofs,,Genérico - 400 mm,Genérico - 400 mm,,P10 > P10-SRV-LGC-SERVICIOS > P10-SRV-CLD-CMB CALDERA,btz_description_02,,,,,,,,,,,,,21 elementos Revit contienen el código exacto.,P10,P10-SRV-LGC-SERVICIOS,P10-SRV-CLD-CMB CALDERA,,,,,,,,,,,,,,,,,,,,,,,,,,,,hay más de un elemento puntual posible
duplicado,elemento_puntual,P10-SRV-LGC-SERVICIOS,SECTOR SERVICIOS GENERALES P10,716,2,716,P10,,,P10,P10 > P10-SRV-LGC-SERVICIOS,332643,dc2f52e8-69c4-45c8-a7dd-658a902d58d3-00051363,Generic Models,Silos 6,Silos 2,Silos 2,,P10 > P10-SRV-LGC-SERVICIOS > P10-SRV-LGC-TRATAMIENTO AGUA,btz_description_02,,,,,,,,,,,,,21 elementos Revit contienen el código exacto.,P10,P10-SRV-LGC-SERVICIOS,P10-SRV-LGC-TRATAMIENTO AGUA,,,,,,,,,,,,,,,,,,,,,,,,,,,,hay más de un elemento puntual posible
duplicado,elemento_puntual,P10-SRV-LGC-SERVICIOS,SECTOR SERVICIOS GENERALES P10,716,2,716,P10,,,P10,P10 > P10-SRV-LGC-SERVICIOS,355813,746ca086-f561-435a-ba68-1305e58fcca1-00056de5,Roofs,,Genérico - 400 mm,Genérico - 400 mm,,P10 > P10-SRV-LGC-SERVICIOS > P10-SCT-SECTOR OBRADORES,btz_description_02,,,,,,,,,,,,,21 elementos Revit contienen el código exacto.,P10,P10-SRV-LGC-SERVICIOS,P10-SCT-SECTOR OBRADORES,,,,,,,,,,,,,,,,,,,,,,,,,,,,hay más de un elemento puntual posible
duplicado,elemento_puntual,P10-SRV-LGC-SERVICIOS,SECTOR SERVICIOS GENERALES P10,716,2,716,P10,,,P10,P10 > P10-SRV-LGC-SERVICIOS,356583,746ca086-f561-435a-ba68-1305e58fcca1-000570e7,Roofs,,Genérico - 400 mm,Genérico - 400 mm,,P10 > P10-SRV-LGC-SERVICIOS > P10-SCT-SECTOR OBRADORES,btz_description_02,,,,,,,,,,,,,21 elementos Revit contienen el código exacto.,P10,P10-SRV-LGC-SERVICIOS,P10-SCT-SECTOR OBRADORES,,,,,,,,,,,,,,,,,,,,,,,,,,,,hay más de un elemento puntual posible
duplicado,elemento_puntual,P10-SRV-LGC-SERVICIOS,SECTOR SERVICIOS GENERALES P10,716,2,716,P10,,,P10,P10 > P10-SRV-LGC-SERVICIOS,356627,746ca086-f561-435a-ba68-1305e58fcca1-00057113,Roofs,,Genérico - 400 mm,Genérico - 400 mm,,P10 > P10-SRV-LGC-SERVICIOS > P10-SCT-SECTOR OBRADORES,btz_description_02,,,,,,,,,,,,,21 elementos Revit contienen el código exacto.,P10,P10-SRV-LGC-SERVICIOS,P10-SCT-SECTOR OBRADORES,,,,,,,,,,,,,,,,,,,,,,,,,,,,hay más de un elemento puntual posible
duplicado,elemento_puntual,P10-SRV-LGC-SERVICIOS,SECTOR SERVICIOS GENERALES P10,716,2,716,P10,,,P10,P10 > P10-SRV-LGC-SERVICIOS,356674,746ca086-f561-435a-ba68-1305e58fcca1-00057142,Roofs,,Genérico - 400 mm,Genérico - 400 mm,,P10 > P10-SRV-LGC-SERVICIOS > P10-SCT-SECTOR OBRADORES,btz_description_02,,,,,,,,,,,,,21 elementos Revit contienen el código exacto.,P10,P10-SRV-LGC-SERVICIOS,P10-SCT-SECTOR OBRADORES,,,,,,,,,,,,,,,,,,,,,,,,,,,,hay más de un elemento puntual posible
duplicado,elemento_puntual,P10-SRV-LGC-SERVICIOS,SECTOR SERVICIOS GENERALES P10,716,2,716,P10,,,P10,P10 > P10-SRV-LGC-SERVICIOS,356719,746ca086-f561-435a-ba68-1305e58fcca1-0005716f,Roofs,,Genérico - 400 mm,Genérico - 400 mm,,P10 > P10-SRV-LGC-SERVICIOS > P10-SCT-SECTOR OBRADORES,btz_description_02,,,,,,,,,,,,,21 elementos Revit contienen el código exacto.,P10,P10-SRV-LGC-SERVICIOS,P10-SCT-SECTOR OBRADORES,,,,,,,,,,,,,,,,,,,,,,,,,,,,hay más de un elemento puntual posible
duplicado,elemento_puntual,P10-SRV-LGC-SERVICIOS,SECTOR SERVICIOS GENERALES P10,716,2,716,P10,,,P10,P10 > P10-SRV-LGC-SERVICIOS,356816,746ca086-f561-435a-ba68-1305e58fcca1-000571d0,Roofs,,Genérico - 400 mm,Genérico - 400 mm,,P10 > P10-SRV-LGC-SERVICIOS > P10-SCT-SECTOR OBRADORES,btz_description_02,,,,,,,,,,,,,21 elementos Revit contienen el código exacto.,P10,P10-SRV-LGC-SERVICIOS,P10-SCT-SECTOR OBRADORES,,,,,,,,,,,,,,,,,,,,,,,,,,,,hay más de un elemento puntual posible
duplicado,elemento_puntual,P10-SRV-LGC-SERVICIOS,SECTOR SERVICIOS GENERALES P10,716,2,716,P10,,,P10,P10 > P10-SRV-LGC-SERVICIOS,356868,746ca086-f561-435a-ba68-1305e58fcca1-00057204,Roofs,,Genérico - 400 mm,Genérico - 400 mm,,P10 > P10-SRV-LGC-SERVICIOS > P10-SCT-SECTOR OBRADORES,btz_description_02,,,,,,,,,,,,,21 elementos Revit contienen el código exacto.,P10,P10-SRV-LGC-SERVICIOS,P10-SCT-SECTOR OBRADORES,,,,,,,,,,,,,,,,,,,,,,,,,,,,hay más de un elemento puntual posible
duplicado,elemento_puntual,P10-SRV-LGC-SERVICIOS,SECTOR SERVICIOS GENERALES P10,716,2,716,P10,,,P10,P10 > P10-SRV-LGC-SERVICIOS,357186,746ca086-f561-435a-ba68-1305e58fcca1-00057342,Roofs,,Genérico - 400 mm,Genérico - 400 mm,,P10 > P10-SRV-LGC-SERVICIOS > P10-SCT-SECTOR OBRADORES,btz_description_02,,,,,,,,,,,,,21 elementos Revit contienen el código exacto.,P10,P10-SRV-LGC-SERVICIOS,P10-SCT-SECTOR OBRADORES,,,,,,,,,,,,,,,,,,,,,,,,,,,,hay más de un elemento puntual posible
duplicado,elemento_puntual,P10-SRV-LGC-SERVICIOS,SECTOR SERVICIOS GENERALES P10,716,2,716,P10,,,P10,P10 > P10-SRV-LGC-SERVICIOS,357224,746ca086-f561-435a-ba68-1305e58fcca1-00057368,Roofs,,Genérico - 400 mm,Genérico - 400 mm,,P10 > P10-SRV-LGC-SERVICIOS > P10-SCT-SECTOR OBRADORES,btz_description_02,,,,,,,,,,,,,21 elementos Revit contienen el código exacto.,P10,P10-SRV-LGC-SERVICIOS,P10-SCT-SECTOR OBRADORES,,,,,,,,,,,,,,,,,,,,,,,,,,,,hay más de un elemento puntual posible
duplicado,elemento_puntual,P10-SRV-LGC-SERVICIOS,SECTOR SERVICIOS GENERALES P10,716,2,716,P10,,,P10,P10 > P10-SRV-LGC-SERVICIOS,357316,746ca086-f561-435a-ba68-1305e58fcca1-000573c4,Roofs,,Genérico - 400 mm,Genérico - 400 mm,,P10 > P10-SRV-LGC-SERVICIOS > P10-SCT-SECTOR OBRADORES,btz_description_02,,,,,,,,,,,,,21 elementos Revit contienen el código exacto.,P10,P10-SRV-LGC-SERVICIOS,P10-SCT-SECTOR OBRADORES,,,,,,,,,,,,,,,,,,,,,,,,,,,,hay más de un elemento puntual posible
duplicado,elemento_puntual,P10-SRV-LGC-SERVICIOS,SECTOR SERVICIOS GENERALES P10,716,2,716,P10,,,P10,P10 > P10-SRV-LGC-SERVICIOS,357351,746ca086-f561-435a-ba68-1305e58fcca1-000573e7,Roofs,,Genérico - 400 mm,Genérico - 400 mm,,P10 > P10-SRV-LGC-SERVICIOS > P10-SCT-SECTOR OBRADORES,btz_description_02,,,,,,,,,,,,,21 elementos Revit contienen el código exacto.,P10,P10-SRV-LGC-SERVICIOS,P10-SCT-SECTOR OBRADORES,,,,,,,,,,,,,,,,,,,,,,,,,,,,hay más de un elemento puntual posible
duplicado,elemento_puntual,P10-SRV-LGC-SERVICIOS,SECTOR SERVICIOS GENERALES P10,716,2,716,P10,,,P10,P10 > P10-SRV-LGC-SERVICIOS,357377,746ca086-f561-435a-ba68-1305e58fcca1-00057401,Roofs,,Genérico - 400 mm,Genérico - 400 mm,,P10 > P10-SRV-LGC-SERVICIOS > P10-SCT-SECTOR OBRADORES,btz_description_02,,,,,,,,,,,,,21 elementos Revit contienen el código exacto.,P10,P10-SRV-LGC-SERVICIOS,P10-SCT-SECTOR OBRADORES,,,,,,,,,,,,,,,,,,,,,,,,,,,,hay más de un elemento puntual posible
duplicado,elemento_puntual,P10-SRV-LGC-SERVICIOS,SECTOR SERVICIOS GENERALES P10,716,2,716,P10,,,P10,P10 > P10-SRV-LGC-SERVICIOS,361292,79a4e34a-87ef-4472-9c35-b34f669597e2-0005834c,Roofs,,Genérico - 400 mm,Genérico - 400 mm,,P10 > P10-SRV-LGC-SERVICIOS > P10-SCT-SECTOR OBRADORES,btz_description_02,,,,,,,,,,,,,21 elementos Revit contienen el código exacto.,P10,P10-SRV-LGC-SERVICIOS,P10-SCT-SECTOR OBRADORES,,,,,,,,,,,,,,,,,,,,,,,,,,,,hay más de un elemento puntual posible
duplicado,elemento_puntual,P10-SRV-LGC-SERVICIOS,SECTOR SERVICIOS GENERALES P10,716,2,716,P10,,,P10,P10 > P10-SRV-LGC-SERVICIOS,365213,5058d264-a8f9-4ba1-9628-877e44bc2201-0005929d,Roofs,,Genérico - 400 mm,Genérico - 400 mm,,P10 > P10-SRV-LGC-SERVICIOS > P10-SRV-LGC-OSMOSIS,btz_description_02,,,,,,,,,,,,,21 elementos Revit contienen el código exacto.,P10,P10-SRV-LGC-SERVICIOS,P10-SRV-LGC-OSMOSIS,,,,,,,,,,,,,,,,,,,,,,,,,,,,hay más de un elemento puntual posible
duplicado,elemento_puntual,P10-SRV-LGC-SERVICIOS,SECTOR SERVICIOS GENERALES P10,716,2,716,P10,,,P10,P10 > P10-SRV-LGC-SERVICIOS,365458,af4a1dfd-5c7d-4cb9-a1b8-2df1a4ebcc4e-00059392,Generic Models,Silos 7,Silos 2,Silos 2,,P10 > P10-SRV-LGC-SERVICIOS > P10-SRV-LGC-FUEL OIL,btz_description_02,,,,,,,,,,,,,21 elementos Revit contienen el código exacto.,P10,P10-SRV-LGC-SERVICIOS,P10-SRV-LGC-FUEL OIL,,,,,,,,,,,,,,,,,,,,,,,,,,,,hay más de un elemento puntual posible
duplicado,elemento_puntual,P10-SRV-LGC-SERVICIOS,SECTOR SERVICIOS GENERALES P10,716,2,716,P10,,,P10,P10 > P10-SRV-LGC-SERVICIOS,380971,ddbef6d8-5146-4ece-9a6f-82caaca14519-0005d02b,Roofs,,Genérico - 400 mm,Genérico - 400 mm,,P10 > P10-SRV-LGC-SERVICIOS > P10-SRV-LGC-TRAT QUIM CALD,btz_description_02,,,,,,,,,,,,,21 elementos Revit contienen el código exacto.,P10,P10-SRV-LGC-SERVICIOS,P10-SRV-LGC-TRAT QUIM CALD,,,,,,,,,,,,,,,,,,,,,,,,,,,,hay más de un elemento puntual posible
duplicado,elemento_puntual,P10-SRV-LGC-SERVICIOS,SECTOR SERVICIOS GENERALES P10,716,2,716,P10,,,P10,P10 > P10-SRV-LGC-SERVICIOS,384750,3ade3506-4f84-4896-9589-30d81e40c276-0005deee,Roofs,,Genérico - 400 mm,Genérico - 400 mm,,P10 > P10-SRV-LGC-SERVICIOS > P10-SRV-LGC-TRATAMIENTO AGUA,btz_description_02,,,,,,,,,,,,,21 elementos Revit contienen el código exacto.,P10,P10-SRV-LGC-SERVICIOS,P10-SRV-LGC-TRATAMIENTO AGUA,,,,,,,,,,,,,,,,,,,,,,,,,,,,hay más de un elemento puntual posible
contenedor_duplicado,contenedor_por_ancestro_project,P10-SRV-BMB-BO01,BOMBA DE ALIM. AGUA  BO01 AL DOMO OESTE,718,4,718,P10-SRV-CLD-CMB CALDERA,P10-SRV-CLD-CMB,P10-SRV-LGC-SERVICIOS > P10-SRV-CLD-CMB,P10 > P10-SRV-LGC-SERVICIOS > P10-SRV-CLD-CMB CALDERA,P10 > P10-SRV-LGC-SERVICIOS > P10-SRV-CLD-CMB CALDERA > P10-SRV-BMB-BO01,176327,e873c32e-5e0c-4f36-b2a7-48d4917bce06-0002b0c7,Roofs,,Genérico - 400 mm,Genérico - 400 mm,,P10 > P10-SRV-LGC-SERVICIOS > P10-ADM-OFC-OFICINA MANT,contenedor_scoring,176327,e873c32e-5e0c-4f36-b2a7-48d4917bce06-0002b0c7,P10 > P10-SRV-LGC-SERVICIOS > P10-ADM-OFC-OFICINA MANT,3,27,NO,200,200,0,ancestro_project_exacto_duplicado,176327:200:P10 > P10-SRV-LGC-SERVICIOS > P10-ADM-OFC-OFICINA MANT || 185694:200:P10 > P10-SRV-LGC-SERVICIOS > P10-SRV-LGC-TORRES ENF EXT || 227527:200:P10 > P10-SRV-LGC-SERVICIOS > P10-SRV-CLD-CMB CALDERA || 332643:200:P10 > P10-SRV-LGC-SERVICIOS > P10-SRV-LGC-TRATAMIENTO AGUA || 355813:200:P10 > P10-SRV-LGC-SERVICIOS > P10-SCT-SECTOR OBRADORES || 356583:200:P10 > P10-SRV-LGC-SERVICIOS > P10-SCT-SECTOR OBRADORES || 356627:200:P10 > P10-SRV-LGC-SERVICIOS > P10-SCT-SECTOR OBRADORES || 356674:200:P10 > P10-SRV-LGC-SERVICIOS > P10-SCT-SECTOR OBRADORES || ... +13,P10-SRV-LGC-SERVICIOS,Ancestro Project P10-SRV-LGC-SERVICIOS aparece en 21 contenedores.,P10,P10-SRV-LGC-SERVICIOS,P10-ADM-OFC-OFICINA MANT,,,,,,,,,,,,,,,,,,,,,,,,,,,,hay más de un contenedor candidato
contenedor_duplicado,contenedor_por_ancestro_project,P10-SRV-BMB-BO02,BOMBA DE ALIM. AGUA  BO02 AL DOMO ESTE,719,4,719,P10-SRV-CLD-CMB CALDERA,P10-SRV-CLD-CMB,P10-SRV-LGC-SERVICIOS > P10-SRV-CLD-CMB,P10 > P10-SRV-LGC-SERVICIOS > P10-SRV-CLD-CMB CALDERA,P10 > P10-SRV-LGC-SERVICIOS > P10-SRV-CLD-CMB CALDERA > P10-SRV-BMB-BO02,176327,e873c32e-5e0c-4f36-b2a7-48d4917bce06-0002b0c7,Roofs,,Genérico - 400 mm,Genérico - 400 mm,,P10 > P10-SRV-LGC-SERVICIOS > P10-ADM-OFC-OFICINA MANT,contenedor_scoring,176327,e873c32e-5e0c-4f36-b2a7-48d4917bce06-0002b0c7,P10 > P10-SRV-LGC-SERVICIOS > P10-ADM-OFC-OFICINA MANT,3,27,NO,200,200,0,ancestro_project_exacto_duplicado,176327:200:P10 > P10-SRV-LGC-SERVICIOS > P10-ADM-OFC-OFICINA MANT || 185694:200:P10 > P10-SRV-LGC-SERVICIOS > P10-SRV-LGC-TORRES ENF EXT || 227527:200:P10 > P10-SRV-LGC-SERVICIOS > P10-SRV-CLD-CMB CALDERA || 332643:200:P10 > P10-SRV-LGC-SERVICIOS > P10-SRV-LGC-TRATAMIENTO AGUA || 355813:200:P10 > P10-SRV-LGC-SERVICIOS > P10-SCT-SECTOR OBRADORES || 356583:200:P10 > P10-SRV-LGC-SERVICIOS > P10-SCT-SECTOR OBRADORES || 356627:200:P10 > P10-SRV-LGC-SERVICIOS > P10-SCT-SECTOR OBRADORES || 356674:200:P10 > P10-SRV-LGC-SERVICIOS > P10-SCT-SECTOR OBRADORES || ... +13,P10-SRV-LGC-SERVICIOS,Ancestro Project P10-SRV-LGC-SERVICIOS aparece en 21 contenedores.,P10,P10-SRV-LGC-SERVICIOS,P10-ADM-OFC-OFICINA MANT,,,,,,,,,,,,,,,,,,,,,,,,,,,,hay más de un contenedor candidato
contenedor_duplicado,contenedor_por_ancestro_project,P10-SRV-BMB-BO39,BOMBA DE ALIM. AGUA  DESAIREADOR ESTE,720,4,720,P10-SRV-CLD-CMB CALDERA,P10-SRV-CLD-CMB,P10-SRV-LGC-SERVICIOS > P10-SRV-CLD-CMB,P10 > P10-SRV-LGC-SERVICIOS > P10-SRV-CLD-CMB CALDERA,P10 > P10-SRV-LGC-SERVICIOS > P10-SRV-CLD-CMB CALDERA > P10-SRV-BMB-BO39,176327,e873c32e-5e0c-4f36-b2a7-48d4917bce06-0002b0c7,Roofs,,Genérico - 400 mm,Genérico - 400 mm,,P10 > P10-SRV-LGC-SERVICIOS > P10-ADM-OFC-OFICINA MANT,contenedor_scoring,176327,e873c32e-5e0c-4f36-b2a7-48d4917bce06-0002b0c7,P10 > P10-SRV-LGC-SERVICIOS > P10-ADM-OFC-OFICINA MANT,3,27,NO,200,200,0,ancestro_project_exacto_duplicado,176327:200:P10 > P10-SRV-LGC-SERVICIOS > P10-ADM-OFC-OFICINA MANT || 185694:200:P10 > P10-SRV-LGC-SERVICIOS > P10-SRV-LGC-TORRES ENF EXT || 227527:200:P10 > P10-SRV-LGC-SERVICIOS > P10-SRV-CLD-CMB CALDERA || 332643:200:P10 > P10-SRV-LGC-SERVICIOS > P10-SRV-LGC-TRATAMIENTO AGUA || 355813:200:P10 > P10-SRV-LGC-SERVICIOS > P10-SCT-SECTOR OBRADORES || 356583:200:P10 > P10-SRV-LGC-SERVICIOS > P10-SCT-SECTOR OBRADORES || 356627:200:P10 > P10-SRV-LGC-SERVICIOS > P10-SCT-SECTOR OBRADORES || 356674:200:P10 > P10-SRV-LGC-SERVICIOS > P10-SCT-SECTOR OBRADORES || ... +13,P10-SRV-LGC-SERVICIOS,Ancestro Project P10-SRV-LGC-SERVICIOS aparece en 21 contenedores.,P10,P10-SRV-LGC-SERVICIOS,P10-ADM-OFC-OFICINA MANT,,,,,,,,,,,,,,,,,,,,,,,,,,,,hay más de un contenedor candidato
contenedor_duplicado,contenedor_por_ancestro_project,P10-SRV-BMB-BO38,BOMBA DE ALIM. AGUA  DESAIREADOR OESTE,721,4,721,P10-SRV-CLD-CMB CALDERA,P10-SRV-CLD-CMB,P10-SRV-LGC-SERVICIOS > P10-SRV-CLD-CMB,P10 > P10-SRV-LGC-SERVICIOS > P10-SRV-CLD-CMB CALDERA,P10 > P10-SRV-LGC-SERVICIOS > P10-SRV-CLD-CMB CALDERA > P10-SRV-BMB-BO38,176327,e873c32e-5e0c-4f36-b2a7-48d4917bce06-0002b0c7,Roofs,,Genérico - 400 mm,Genérico - 400 mm,,P10 > P10-SRV-LGC-SERVICIOS > P10-ADM-OFC-OFICINA MANT,contenedor_scoring,176327,e873c32e-5e0c-4f36-b2a7-48d4917bce06-0002b0c7,P10 > P10-SRV-LGC-SERVICIOS > P10-ADM-OFC-OFICINA MANT,3,27,NO,200,200,0,ancestro_project_exacto_duplicado,176327:200:P10 > P10-SRV-LGC-SERVICIOS > P10-ADM-OFC-OFICINA MANT || 185694:200:P10 > P10-SRV-LGC-SERVICIOS > P10-SRV-LGC-TORRES ENF EXT || 227527:200:P10 > P10-SRV-LGC-SERVICIOS > P10-SRV-CLD-CMB CALDERA || 332643:200:P10 > P10-SRV-LGC-SERVICIOS > P10-SRV-LGC-TRATAMIENTO AGUA || 355813:200:P10 > P10-SRV-LGC-SERVICIOS > P10-SCT-SECTOR OBRADORES || 356583:200:P10 > P10-SRV-LGC-SERVICIOS > P10-SCT-SECTOR OBRADORES || 356627:200:P10 > P10-SRV-LGC-SERVICIOS > P10-SCT-SECTOR OBRADORES || 356674:200:P10 > P10-SRV-LGC-SERVICIOS > P10-SCT-SECTOR OBRADORES || ... +13,P10-SRV-LGC-SERVICIOS,Ancestro Project P10-SRV-LGC-SERVICIOS aparece en 21 contenedores.,P10,P10-SRV-LGC-SERVICIOS,P10-ADM-OFC-OFICINA MANT,,,,,,,,,,,,,,,,,,,,,,,,,,,,hay más de un contenedor candidato
contenedor_duplicado,contenedor_por_ancestro_project,P10-SRV-BMB-BO45,BOMBA FUEL OIL A QUEMADORES ESTE,722,4,722,P10-SRV-CLD-CMB CALDERA,P10-SRV-CLD-CMB,P10-SRV-LGC-SERVICIOS > P10-SRV-CLD-CMB,P10 > P10-SRV-LGC-SERVICIOS > P10-SRV-CLD-CMB CALDERA,P10 > P10-SRV-LGC-SERVICIOS > P10-SRV-CLD-CMB CALDERA > P10-SRV-BMB-BO45,176327,e873c32e-5e0c-4f36-b2a7-48d4917bce06-0002b0c7,Roofs,,Genérico - 400 mm,Genérico - 400 mm,,P10 > P10-SRV-LGC-SERVICIOS > P10-ADM-OFC-OFICINA MANT,contenedor_scoring,176327,e873c32e-5e0c-4f36-b2a7-48d4917bce06-0002b0c7,P10 > P10-SRV-LGC-SERVICIOS > P10-ADM-OFC-OFICINA MANT,3,27,NO,200,200,0,ancestro_project_exacto_duplicado,176327:200:P10 > P10-SRV-LGC-SERVICIOS > P10-ADM-OFC-OFICINA MANT || 185694:200:P10 > P10-SRV-LGC-SERVICIOS > P10-SRV-LGC-TORRES ENF EXT || 227527:200:P10 > P10-SRV-LGC-SERVICIOS > P10-SRV-CLD-CMB CALDERA || 332643:200:P10 > P10-SRV-LGC-SERVICIOS > P10-SRV-LGC-TRATAMIENTO AGUA || 355813:200:P10 > P10-SRV-LGC-SERVICIOS > P10-SCT-SECTOR OBRADORES || 356583:200:P10 > P10-SRV-LGC-SERVICIOS > P10-SCT-SECTOR OBRADORES || 356627:200:P10 > P10-SRV-LGC-SERVICIOS > P10-SCT-SECTOR OBRADORES || 356674:200:P10 > P10-SRV-LGC-SERVICIOS > P10-SCT-SECTOR OBRADORES || ... +13,P10-SRV-LGC-SERVICIOS,Ancestro Project P10-SRV-LGC-SERVICIOS aparece en 21 contenedores.,P10,P10-SRV-LGC-SERVICIOS,P10-ADM-OFC-OFICINA MANT,,,,,,,,,,,,,,,,,,,,,,,,,,,,hay más de un contenedor candidato
contenedor_duplicado,contenedor_por_ancestro_project,P10-SRV-BMB-BO44,BOMBA FUEL OIL A QUEMADORES OESTE,723,4,723,P10-SRV-CLD-CMB CALDERA,P10-SRV-CLD-CMB,P10-SRV-LGC-SERVICIOS > P10-SRV-CLD-CMB,P10 > P10-SRV-LGC-SERVICIOS > P10-SRV-CLD-CMB CALDERA,P10 > P10-SRV-LGC-SERVICIOS > P10-SRV-CLD-CMB CALDERA > P10-SRV-BMB-BO44,176327,e873c32e-5e0c-4f36-b2a7-48d4917bce06-0002b0c7,Roofs,,Genérico - 400 mm,Genérico - 400 mm,,P10 > P10-SRV-LGC-SERVICIOS > P10-ADM-OFC-OFICINA MANT,contenedor_scoring,176327,e873c32e-5e0c-4f36-b2a7-48d4917bce06-0002b0c7,P10 > P10-SRV-LGC-SERVICIOS > P10-ADM-OFC-OFICINA MANT,3,27,NO,200,200,0,ancestro_project_exacto_duplicado,176327:200:P10 > P10-SRV-LGC-SERVICIOS > P10-ADM-OFC-OFICINA MANT || 185694:200:P10 > P10-SRV-LGC-SERVICIOS > P10-SRV-LGC-TORRES ENF EXT || 227527:200:P10 > P10-SRV-LGC-SERVICIOS > P10-SRV-CLD-CMB CALDERA || 332643:200:P10 > P10-SRV-LGC-SERVICIOS > P10-SRV-LGC-TRATAMIENTO AGUA || 355813:200:P10 > P10-SRV-LGC-SERVICIOS > P10-SCT-SECTOR OBRADORES || 356583:200:P10 > P10-SRV-LGC-SERVICIOS > P10-SCT-SECTOR OBRADORES || 356627:200:P10 > P10-SRV-LGC-SERVICIOS > P10-SCT-SECTOR OBRADORES || 356674:200:P10 > P10-SRV-LGC-SERVICIOS > P10-SCT-SECTOR OBRADORES || ... +13,P10-SRV-LGC-SERVICIOS,Ancestro Project P10-SRV-LGC-SERVICIOS aparece en 21 contenedores.,P10,P10-SRV-LGC-SERVICIOS,P10-ADM-OFC-OFICINA MANT,,,,,,,,,,,,,,,,,,,,,,,,,,,,hay más de un contenedor candidato
contenedor_duplicado,contenedor_por_ancestro_project,P10-SRV-BMB-BO42,BOMBA FUEL OIL A TK DIARIO,724,4,724,P10-SRV-CLD-CMB CALDERA,P10-SRV-CLD-CMB,P10-SRV-LGC-SERVICIOS > P10-SRV-CLD-CMB,P10 > P10-SRV-LGC-SERVICIOS > P10-SRV-CLD-CMB CALDERA,P10 > P10-SRV-LGC-SERVICIOS > P10-SRV-CLD-CMB CALDERA > P10-SRV-BMB-BO42,176327,e873c32e-5e0c-4f36-b2a7-48d4917bce06-0002b0c7,Roofs,,Genérico - 400 mm,Genérico - 400 mm,,P10 > P10-SRV-LGC-SERVICIOS > P10-ADM-OFC-OFICINA MANT,contenedor_scoring,176327,e873c32e-5e0c-4f36-b2a7-48d4917bce06-0002b0c7,P10 > P10-SRV-LGC-SERVICIOS > P10-ADM-OFC-OFICINA MANT,3,27,NO,200,200,0,ancestro_project_exacto_duplicado,176327:200:P10 > P10-SRV-LGC-SERVICIOS > P10-ADM-OFC-OFICINA MANT || 185694:200:P10 > P10-SRV-LGC-SERVICIOS > P10-SRV-LGC-TORRES ENF EXT || 227527:200:P10 > P10-SRV-LGC-SERVICIOS > P10-SRV-CLD-CMB CALDERA || 332643:200:P10 > P10-SRV-LGC-SERVICIOS > P10-SRV-LGC-TRATAMIENTO AGUA || 355813:200:P10 > P10-SRV-LGC-SERVICIOS > P10-SCT-SECTOR OBRADORES || 356583:200:P10 > P10-SRV-LGC-SERVICIOS > P10-SCT-SECTOR OBRADORES || 356627:200:P10 > P10-SRV-LGC-SERVICIOS > P10-SCT-SECTOR OBRADORES || 356674:200:P10 > P10-SRV-LGC-SERVICIOS > P10-SCT-SECTOR OBRADORES || ... +13,P10-SRV-LGC-SERVICIOS,Ancestro Project P10-SRV-LGC-SERVICIOS aparece en 21 contenedores.,P10,P10-SRV-LGC-SERVICIOS,P10-ADM-OFC-OFICINA MANT,,,,,,,,,,,,,,,,,,,,,,,,,,,,hay más de un contenedor candidato
contenedor_duplicado,contenedor_por_ancestro_project,P10-SRV-BMB-BO43,BOMBA FUEL OIL A TK DIARIO,725,4,725,P10-SRV-CLD-CMB CALDERA,P10-SRV-CLD-CMB,P10-SRV-LGC-SERVICIOS > P10-SRV-CLD-CMB,P10 > P10-SRV-LGC-SERVICIOS > P10-SRV-CLD-CMB CALDERA,P10 > P10-SRV-LGC-SERVICIOS > P10-SRV-CLD-CMB CALDERA > P10-SRV-BMB-BO43,176327,e873c32e-5e0c-4f36-b2a7-48d4917bce06-0002b0c7,Roofs,,Genérico - 400 mm,Genérico - 400 mm,,P10 > P10-SRV-LGC-SERVICIOS > P10-ADM-OFC-OFICINA MANT,contenedor_scoring,176327,e873c32e-5e0c-4f36-b2a7-48d4917bce06-0002b0c7,P10 > P10-SRV-LGC-SERVICIOS > P10-ADM-OFC-OFICINA MANT,3,27,NO,200,200,0,ancestro_project_exacto_duplicado,176327:200:P10 > P10-SRV-LGC-SERVICIOS > P10-ADM-OFC-OFICINA MANT || 185694:200:P10 > P10-SRV-LGC-SERVICIOS > P10-SRV-LGC-TORRES ENF EXT || 227527:200:P10 > P10-SRV-LGC-SERVICIOS > P10-SRV-CLD-CMB CALDERA || 332643:200:P10 > P10-SRV-LGC-SERVICIOS > P10-SRV-LGC-TRATAMIENTO AGUA || 355813:200:P10 > P10-SRV-LGC-SERVICIOS > P10-SCT-SECTOR OBRADORES || 356583:200:P10 > P10-SRV-LGC-SERVICIOS > P10-SCT-SECTOR OBRADORES || 356627:200:P10 > P10-SRV-LGC-SERVICIOS > P10-SCT-SECTOR OBRADORES || 356674:200:P10 > P10-SRV-LGC-SERVICIOS > P10-SCT-SECTOR OBRADORES || ... +13,P10-SRV-LGC-SERVICIOS,Ancestro Project P10-SRV-LGC-SERVICIOS aparece en 21 contenedores.,P10,P10-SRV-LGC-SERVICIOS,P10-ADM-OFC-OFICINA MANT,,,,,,,,,,,,,,,,,,,,,,,,,,,,hay más de un contenedor candidato
contenedor_duplicado,contenedor_por_ancestro_project,P10-SRV-BMB-BO52,BOMBA GRUNDFOS DE AGUA FRIA A WESTFALIAS,726,4,726,P10-SRV-CLD-CMB CALDERA,P10-SRV-CLD-CMB,P10-SRV-LGC-SERVICIOS > P10-SRV-CLD-CMB,P10 > P10-SRV-LGC-SERVICIOS > P10-SRV-CLD-CMB CALDERA,P10 > P10-SRV-LGC-SERVICIOS > P10-SRV-CLD-CMB CALDERA > P10-SRV-BMB-BO52,176327,e873c32e-5e0c-4f36-b2a7-48d4917bce06-0002b0c7,Roofs,,Genérico - 400 mm,Genérico - 400 mm,,P10 > P10-SRV-LGC-SERVICIOS > P10-ADM-OFC-OFICINA MANT,contenedor_scoring,176327,e873c32e-5e0c-4f36-b2a7-48d4917bce06-0002b0c7,P10 > P10-SRV-LGC-SERVICIOS > P10-ADM-OFC-OFICINA MANT,3,27,NO,200,200,0,ancestro_project_exacto_duplicado,176327:200:P10 > P10-SRV-LGC-SERVICIOS > P10-ADM-OFC-OFICINA MANT || 185694:200:P10 > P10-SRV-LGC-SERVICIOS > P10-SRV-LGC-TORRES ENF EXT || 227527:200:P10 > P10-SRV-LGC-SERVICIOS > P10-SRV-CLD-CMB CALDERA || 332643:200:P10 > P10-SRV-LGC-SERVICIOS > P10-SRV-LGC-TRATAMIENTO AGUA || 355813:200:P10 > P10-SRV-LGC-SERVICIOS > P10-SCT-SECTOR OBRADORES || 356583:200:P10 > P10-SRV-LGC-SERVICIOS > P10-SCT-SECTOR OBRADORES || 356627:200:P10 > P10-SRV-LGC-SERVICIOS > P10-SCT-SECTOR OBRADORES || 356674:200:P10 > P10-SRV-LGC-SERVICIOS > P10-SCT-SECTOR OBRADORES || ... +13,P10-SRV-LGC-SERVICIOS,Ancestro Project P10-SRV-LGC-SERVICIOS aparece en 21 contenedores.,P10,P10-SRV-LGC-SERVICIOS,P10-ADM-OFC-OFICINA MANT,,,,,,,,,,,,,,,,,,,,,,,,,,,,hay más de un contenedor candidato
contenedor_duplicado,contenedor_por_ancestro_project,P10-SRV-CLC-COLECTOR,COLECTOR PRINCIPAL DE CALDERA,727,4,727,P10-SRV-CLD-CMB CALDERA,P10-SRV-CLD-CMB,P10-SRV-LGC-SERVICIOS > P10-SRV-CLD-CMB,P10 > P10-SRV-LGC-SERVICIOS > P10-SRV-CLD-CMB CALDERA,P10 > P10-SRV-LGC-SERVICIOS > P10-SRV-CLD-CMB CALDERA > P10-SRV-CLC-COLECTOR PRINCIPAL,176327,e873c32e-5e0c-4f36-b2a7-48d4917bce06-0002b0c7,Roofs,,Genérico - 400 mm,Genérico - 400 mm,,P10 > P10-SRV-LGC-SERVICIOS > P10-ADM-OFC-OFICINA MANT,contenedor_scoring,176327,e873c32e-5e0c-4f36-b2a7-48d4917bce06-0002b0c7,P10 > P10-SRV-LGC-SERVICIOS > P10-ADM-OFC-OFICINA MANT,3,27,NO,200,200,0,ancestro_project_exacto_duplicado,176327:200:P10 > P10-SRV-LGC-SERVICIOS > P10-ADM-OFC-OFICINA MANT || 185694:200:P10 > P10-SRV-LGC-SERVICIOS > P10-SRV-LGC-TORRES ENF EXT || 227527:200:P10 > P10-SRV-LGC-SERVICIOS > P10-SRV-CLD-CMB CALDERA || 332643:200:P10 > P10-SRV-LGC-SERVICIOS > P10-SRV-LGC-TRATAMIENTO AGUA || 355813:200:P10 > P10-SRV-LGC-SERVICIOS > P10-SCT-SECTOR OBRADORES || 356583:200:P10 > P10-SRV-LGC-SERVICIOS > P10-SCT-SECTOR OBRADORES || 356627:200:P10 > P10-SRV-LGC-SERVICIOS > P10-SCT-SECTOR OBRADORES || 356674:200:P10 > P10-SRV-LGC-SERVICIOS > P10-SCT-SECTOR OBRADORES || ... +13,P10-SRV-LGC-SERVICIOS,Ancestro Project P10-SRV-LGC-SERVICIOS aparece en 21 contenedores.,P10,P10-SRV-LGC-SERVICIOS,P10-ADM-OFC-OFICINA MANT,,,,,,,,,,,,,,,,,,,,,,,,,,,,hay más de un contenedor candidato
contenedor_duplicado,contenedor_por_ancestro_project,P10-SRV-LGC-VALV,CONJUNTO DE VALVULAS DE CONTROL CALDERA P10,728,4,728,P10-SRV-CLD-CMB CALDERA,P10-SRV-CLD-CMB,P10-SRV-LGC-SERVICIOS > P10-SRV-CLD-CMB,P10 > P10-SRV-LGC-SERVICIOS > P10-SRV-CLD-CMB CALDERA,P10 > P10-SRV-LGC-SERVICIOS > P10-SRV-CLD-CMB CALDERA > P10-SRV-LGC-VALV CONTROL CLD,176327,e873c32e-5e0c-4f36-b2a7-48d4917bce06-0002b0c7,Roofs,,Genérico - 400 mm,Genérico - 400 mm,,P10 > P10-SRV-LGC-SERVICIOS > P10-ADM-OFC-OFICINA MANT,contenedor_scoring,176327,e873c32e-5e0c-4f36-b2a7-48d4917bce06-0002b0c7,P10 > P10-SRV-LGC-SERVICIOS > P10-ADM-OFC-OFICINA MANT,3,27,NO,200,200,0,ancestro_project_exacto_duplicado,176327:200:P10 > P10-SRV-LGC-SERVICIOS > P10-ADM-OFC-OFICINA MANT || 185694:200:P10 > P10-SRV-LGC-SERVICIOS > P10-SRV-LGC-TORRES ENF EXT || 227527:200:P10 > P10-SRV-LGC-SERVICIOS > P10-SRV-CLD-CMB CALDERA || 332643:200:P10 > P10-SRV-LGC-SERVICIOS > P10-SRV-LGC-TRATAMIENTO AGUA || 355813:200:P10 > P10-SRV-LGC-SERVICIOS > P10-SCT-SECTOR OBRADORES || 356583:200:P10 > P10-SRV-LGC-SERVICIOS > P10-SCT-SECTOR OBRADORES || 356627:200:P10 > P10-SRV-LGC-SERVICIOS > P10-SCT-SECTOR OBRADORES || 356674:200:P10 > P10-SRV-LGC-SERVICIOS > P10-SCT-SECTOR OBRADORES || ... +13,P10-SRV-LGC-SERVICIOS,Ancestro Project P10-SRV-LGC-SERVICIOS aparece en 21 contenedores.,P10,P10-SRV-LGC-SERVICIOS,P10-ADM-OFC-OFICINA MANT,,,,,,,,,,,,,,,,,,,,,,,,,,,,hay más de un contenedor candidato
contenedor_duplicado,contenedor_por_ancestro_project,P10-SRV-VLV-CCV-001,MODULADORA DE PURGA CONTINUA,729,5,729,P10-SRV-LGC-VALV CONTROL CLD,P10-SRV-LGC-VALV,P10-SRV-LGC-SERVICIOS > P10-SRV-CLD-CMB > P10-SRV-LGC-VALV,P10 > P10-SRV-LGC-SERVICIOS > P10-SRV-CLD-CMB CALDERA > P10-SRV-LGC-VALV CONTROL CLD,P10 > P10-SRV-LGC-SERVICIOS > P10-SRV-CLD-CMB CALDERA > P10-SRV-LGC-VALV CONTROL CLD > P10-SRV-VLV-CCV-001,176327,e873c32e-5e0c-4f36-b2a7-48d4917bce06-0002b0c7,Roofs,,Genérico - 400 mm,Genérico - 400 mm,,P10 > P10-SRV-LGC-SERVICIOS > P10-ADM-OFC-OFICINA MANT,contenedor_scoring,176327,e873c32e-5e0c-4f36-b2a7-48d4917bce06-0002b0c7,P10 > P10-SRV-LGC-SERVICIOS > P10-ADM-OFC-OFICINA MANT,3,27,NO,200,200,0,ancestro_project_exacto_duplicado,176327:200:P10 > P10-SRV-LGC-SERVICIOS > P10-ADM-OFC-OFICINA MANT || 185694:200:P10 > P10-SRV-LGC-SERVICIOS > P10-SRV-LGC-TORRES ENF EXT || 227527:200:P10 > P10-SRV-LGC-SERVICIOS > P10-SRV-CLD-CMB CALDERA || 332643:200:P10 > P10-SRV-LGC-SERVICIOS > P10-SRV-LGC-TRATAMIENTO AGUA || 355813:200:P10 > P10-SRV-LGC-SERVICIOS > P10-SCT-SECTOR OBRADORES || 356583:200:P10 > P10-SRV-LGC-SERVICIOS > P10-SCT-SECTOR OBRADORES || 356627:200:P10 > P10-SRV-LGC-SERVICIOS > P10-SCT-SECTOR OBRADORES || 356674:200:P10 > P10-SRV-LGC-SERVICIOS > P10-SCT-SECTOR OBRADORES || ... +13,P10-SRV-LGC-SERVICIOS,Ancestro Project P10-SRV-LGC-SERVICIOS aparece en 21 contenedores.,P10,P10-SRV-LGC-SERVICIOS,P10-ADM-OFC-OFICINA MANT,,,,,,,,,,,,,,,,,,,,,,,,,,,,hay más de un contenedor candidato
contenedor_duplicado,contenedor_por_ancestro_project,P10-SRV-VLV-PCV-001,VALVULA AUTORREGULADORA DE GAS (GAS DE ENTRADA),730,5,730,P10-SRV-LGC-VALV CONTROL CLD,P10-SRV-LGC-VALV,P10-SRV-LGC-SERVICIOS > P10-SRV-CLD-CMB > P10-SRV-LGC-VALV,P10 > P10-SRV-LGC-SERVICIOS > P10-SRV-CLD-CMB CALDERA > P10-SRV-LGC-VALV CONTROL CLD,P10 > P10-SRV-LGC-SERVICIOS > P10-SRV-CLD-CMB CALDERA > P10-SRV-LGC-VALV CONTROL CLD > P10-SRV-VLV-PCV-001,176327,e873c32e-5e0c-4f36-b2a7-48d4917bce06-0002b0c7,Roofs,,Genérico - 400 mm,Genérico - 400 mm,,P10 > P10-SRV-LGC-SERVICIOS > P10-ADM-OFC-OFICINA MANT,contenedor_scoring,176327,e873c32e-5e0c-4f36-b2a7-48d4917bce06-0002b0c7,P10 > P10-SRV-LGC-SERVICIOS > P10-ADM-OFC-OFICINA MANT,3,27,NO,200,200,0,ancestro_project_exacto_duplicado,176327:200:P10 > P10-SRV-LGC-SERVICIOS > P10-ADM-OFC-OFICINA MANT || 185694:200:P10 > P10-SRV-LGC-SERVICIOS > P10-SRV-LGC-TORRES ENF EXT || 227527:200:P10 > P10-SRV-LGC-SERVICIOS > P10-SRV-CLD-CMB CALDERA || 332643:200:P10 > P10-SRV-LGC-SERVICIOS > P10-SRV-LGC-TRATAMIENTO AGUA || 355813:200:P10 > P10-SRV-LGC-SERVICIOS > P10-SCT-SECTOR OBRADORES || 356583:200:P10 > P10-SRV-LGC-SERVICIOS > P10-SCT-SECTOR OBRADORES || 356627:200:P10 > P10-SRV-LGC-SERVICIOS > P10-SCT-SECTOR OBRADORES || 356674:200:P10 > P10-SRV-LGC-SERVICIOS > P10-SCT-SECTOR OBRADORES || ... +13,P10-SRV-LGC-SERVICIOS,Ancestro Project P10-SRV-LGC-SERVICIOS aparece en 21 contenedores.,P10,P10-SRV-LGC-SERVICIOS,P10-ADM-OFC-OFICINA MANT,,,,,,,,,,,,,,,,,,,,,,,,,,,,hay más de un contenedor candidato
contenedor_duplicado,contenedor_por_ancestro_project,P10-SRV-VLV-SGR,VALVULA DE SEGURIDAD DE SUB-ESTACION DE GAS DE ENTRADA CALDERA P10,731,6,731,P10-SRV-VLV-PCV-001,P10-SRV-VLV-PCV-001,P10-SRV-LGC-SERVICIOS > P10-SRV-CLD-CMB > P10-SRV-LGC-VALV > P10-SRV-VLV-PCV-001,P10 > P10-SRV-LGC-SERVICIOS > P10-SRV-CLD-CMB CALDERA > P10-SRV-LGC-VALV CONTROL CLD > P10-SRV-VLV-PCV-001,P10 > P10-SRV-LGC-SERVICIOS > P10-SRV-CLD-CMB CALDERA > P10-SRV-LGC-VALV CONTROL CLD > P10-SRV-VLV-PCV-001 > P10-SRV-VLV-SGR SUB-EST GAS,176327,e873c32e-5e0c-4f36-b2a7-48d4917bce06-0002b0c7,Roofs,,Genérico - 400 mm,Genérico - 400 mm,,P10 > P10-SRV-LGC-SERVICIOS > P10-ADM-OFC-OFICINA MANT,contenedor_scoring,176327,e873c32e-5e0c-4f36-b2a7-48d4917bce06-0002b0c7,P10 > P10-SRV-LGC-SERVICIOS > P10-ADM-OFC-OFICINA MANT,3,27,NO,200,200,0,ancestro_project_exacto_duplicado,176327:200:P10 > P10-SRV-LGC-SERVICIOS > P10-ADM-OFC-OFICINA MANT || 185694:200:P10 > P10-SRV-LGC-SERVICIOS > P10-SRV-LGC-TORRES ENF EXT || 227527:200:P10 > P10-SRV-LGC-SERVICIOS > P10-SRV-CLD-CMB CALDERA || 332643:200:P10 > P10-SRV-LGC-SERVICIOS > P10-SRV-LGC-TRATAMIENTO AGUA || 355813:200:P10 > P10-SRV-LGC-SERVICIOS > P10-SCT-SECTOR OBRADORES || 356583:200:P10 > P10-SRV-LGC-SERVICIOS > P10-SCT-SECTOR OBRADORES || 356627:200:P10 > P10-SRV-LGC-SERVICIOS > P10-SCT-SECTOR OBRADORES || 356674:200:P10 > P10-SRV-LGC-SERVICIOS > P10-SCT-SECTOR OBRADORES || ... +13,P10-SRV-LGC-SERVICIOS,Código repetido en Project 6 veces. Ancestro Project P10-SRV-LGC-SERVICIOS aparece en 21 contenedores.,P10,P10-SRV-LGC-SERVICIOS,P10-ADM-OFC-OFICINA MANT,,,,,,,,,,,,,,,,,,,,,,,,,,,,hay más de un contenedor candidato
contenedor_duplicado,contenedor_por_ancestro_project,P10-SRV-VLV-LCV-001,VALVULA MODULADORA DE AGUA AL DOMO,732,5,732,P10-SRV-LGC-VALV CONTROL CLD,P10-SRV-LGC-VALV,P10-SRV-LGC-SERVICIOS > P10-SRV-CLD-CMB > P10-SRV-LGC-VALV,P10 > P10-SRV-LGC-SERVICIOS > P10-SRV-CLD-CMB CALDERA > P10-SRV-LGC-VALV CONTROL CLD,P10 > P10-SRV-LGC-SERVICIOS > P10-SRV-CLD-CMB CALDERA > P10-SRV-LGC-VALV CONTROL CLD > P10-SRV-VLV-LCV-001,176327,e873c32e-5e0c-4f36-b2a7-48d4917bce06-0002b0c7,Roofs,,Genérico - 400 mm,Genérico - 400 mm,,P10 > P10-SRV-LGC-SERVICIOS > P10-ADM-OFC-OFICINA MANT,contenedor_scoring,176327,e873c32e-5e0c-4f36-b2a7-48d4917bce06-0002b0c7,P10 > P10-SRV-LGC-SERVICIOS > P10-ADM-OFC-OFICINA MANT,3,27,NO,200,200,0,ancestro_project_exacto_duplicado,176327:200:P10 > P10-SRV-LGC-SERVICIOS > P10-ADM-OFC-OFICINA MANT || 185694:200:P10 > P10-SRV-LGC-SERVICIOS > P10-SRV-LGC-TORRES ENF EXT || 227527:200:P10 > P10-SRV-LGC-SERVICIOS > P10-SRV-CLD-CMB CALDERA || 332643:200:P10 > P10-SRV-LGC-SERVICIOS > P10-SRV-LGC-TRATAMIENTO AGUA || 355813:200:P10 > P10-SRV-LGC-SERVICIOS > P10-SCT-SECTOR OBRADORES || 356583:200:P10 > P10-SRV-LGC-SERVICIOS > P10-SCT-SECTOR OBRADORES || 356627:200:P10 > P10-SRV-LGC-SERVICIOS > P10-SCT-SECTOR OBRADORES || 356674:200:P10 > P10-SRV-LGC-SERVICIOS > P10-SCT-SECTOR OBRADORES || ... +13,P10-SRV-LGC-SERVICIOS,Ancestro Project P10-SRV-LGC-SERVICIOS aparece en 21 contenedores.,P10,P10-SRV-LGC-SERVICIOS,P10-ADM-OFC-OFICINA MANT,,,,,,,,,,,,,,,,,,,,,,,,,,,,hay más de un contenedor candidato
contenedor_duplicado,contenedor_por_ancestro_project,P10-SRV-VLV-PCV-003,VALVULA MODULADORA DE GAS,733,5,733,P10-SRV-LGC-VALV CONTROL CLD,P10-SRV-LGC-VALV,P10-SRV-LGC-SERVICIOS > P10-SRV-CLD-CMB > P10-SRV-LGC-VALV,P10 > P10-SRV-LGC-SERVICIOS > P10-SRV-CLD-CMB CALDERA > P10-SRV-LGC-VALV CONTROL CLD,P10 > P10-SRV-LGC-SERVICIOS > P10-SRV-CLD-CMB CALDERA > P10-SRV-LGC-VALV CONTROL CLD > P10-SRV-VLV-PCV-003,176327,e873c32e-5e0c-4f36-b2a7-48d4917bce06-0002b0c7,Roofs,,Genérico - 400 mm,Genérico - 400 mm,,P10 > P10-SRV-LGC-SERVICIOS > P10-ADM-OFC-OFICINA MANT,contenedor_scoring,176327,e873c32e-5e0c-4f36-b2a7-48d4917bce06-0002b0c7,P10 > P10-SRV-LGC-SERVICIOS > P10-ADM-OFC-OFICINA MANT,3,27,NO,200,200,0,ancestro_project_exacto_duplicado,176327:200:P10 > P10-SRV-LGC-SERVICIOS > P10-ADM-OFC-OFICINA MANT || 185694:200:P10 > P10-SRV-LGC-SERVICIOS > P10-SRV-LGC-TORRES ENF EXT || 227527:200:P10 > P10-SRV-LGC-SERVICIOS > P10-SRV-CLD-CMB CALDERA || 332643:200:P10 > P10-SRV-LGC-SERVICIOS > P10-SRV-LGC-TRATAMIENTO AGUA || 355813:200:P10 > P10-SRV-LGC-SERVICIOS > P10-SCT-SECTOR OBRADORES || 356583:200:P10 > P10-SRV-LGC-SERVICIOS > P10-SCT-SECTOR OBRADORES || 356627:200:P10 > P10-SRV-LGC-SERVICIOS > P10-SCT-SECTOR OBRADORES || 356674:200:P10 > P10-SRV-LGC-SERVICIOS > P10-SCT-SECTOR OBRADORES || ... +13,P10-SRV-LGC-SERVICIOS,Ancestro Project P10-SRV-LGC-SERVICIOS aparece en 21 contenedores.,P10,P10-SRV-LGC-SERVICIOS,P10-ADM-OFC-OFICINA MANT,,,,,,,,,,,,,,,,,,,,,,,,,,,,hay más de un contenedor candidato
contenedor_duplicado,contenedor_por_ancestro_project,P10-SRV-VLV-SOV-002,VALVULA ON-OFF GAS QUEMADOR 1 <ESTE>,734,5,734,P10-SRV-LGC-VALV CONTROL CLD,P10-SRV-LGC-VALV,P10-SRV-LGC-SERVICIOS > P10-SRV-CLD-CMB > P10-SRV-LGC-VALV,P10 > P10-SRV-LGC-SERVICIOS > P10-SRV-CLD-CMB CALDERA > P10-SRV-LGC-VALV CONTROL CLD,P10 > P10-SRV-LGC-SERVICIOS > P10-SRV-CLD-CMB CALDERA > P10-SRV-LGC-VALV CONTROL CLD > P10-SRV-VLV-SOV-002,176327,e873c32e-5e0c-4f36-b2a7-48d4917bce06-0002b0c7,Roofs,,Genérico - 400 mm,Genérico - 400 mm,,P10 > P10-SRV-LGC-SERVICIOS > P10-ADM-OFC-OFICINA MANT,contenedor_scoring,176327,e873c32e-5e0c-4f36-b2a7-48d4917bce06-0002b0c7,P10 > P10-SRV-LGC-SERVICIOS > P10-ADM-OFC-OFICINA MANT,3,27,NO,200,200,0,ancestro_project_exacto_duplicado,176327:200:P10 > P10-SRV-LGC-SERVICIOS > P10-ADM-OFC-OFICINA MANT || 185694:200:P10 > P10-SRV-LGC-SERVICIOS > P10-SRV-LGC-TORRES ENF EXT || 227527:200:P10 > P10-SRV-LGC-SERVICIOS > P10-SRV-CLD-CMB CALDERA || 332643:200:P10 > P10-SRV-LGC-SERVICIOS > P10-SRV-LGC-TRATAMIENTO AGUA || 355813:200:P10 > P10-SRV-LGC-SERVICIOS > P10-SCT-SECTOR OBRADORES || 356583:200:P10 > P10-SRV-LGC-SERVICIOS > P10-SCT-SECTOR OBRADORES || 356627:200:P10 > P10-SRV-LGC-SERVICIOS > P10-SCT-SECTOR OBRADORES || 356674:200:P10 > P10-SRV-LGC-SERVICIOS > P10-SCT-SECTOR OBRADORES || ... +13,P10-SRV-LGC-SERVICIOS,Ancestro Project P10-SRV-LGC-SERVICIOS aparece en 21 contenedores.,P10,P10-SRV-LGC-SERVICIOS,P10-ADM-OFC-OFICINA MANT,,,,,,,,,,,,,,,,,,,,,,,,,,,,hay más de un contenedor candidato
contenedor_duplicado,contenedor_por_ancestro_project,P10-SRV-VLV-SOV-001,VALVULA ON-OFF GAS QUEMADOR 1 <OESTE>,735,5,735,P10-SRV-LGC-VALV CONTROL CLD,P10-SRV-LGC-VALV,P10-SRV-LGC-SERVICIOS > P10-SRV-CLD-CMB > P10-SRV-LGC-VALV,P10 > P10-SRV-LGC-SERVICIOS > P10-SRV-CLD-CMB CALDERA > P10-SRV-LGC-VALV CONTROL CLD,P10 > P10-SRV-LGC-SERVICIOS > P10-SRV-CLD-CMB CALDERA > P10-SRV-LGC-VALV CONTROL CLD > P10-SRV-VLV-SOV-001,176327,e873c32e-5e0c-4f36-b2a7-48d4917bce06-0002b0c7,Roofs,,Genérico - 400 mm,Genérico - 400 mm,,P10 > P10-SRV-LGC-SERVICIOS > P10-ADM-OFC-OFICINA MANT,contenedor_scoring,176327,e873c32e-5e0c-4f36-b2a7-48d4917bce06-0002b0c7,P10 > P10-SRV-LGC-SERVICIOS > P10-ADM-OFC-OFICINA MANT,3,27,NO,200,200,0,ancestro_project_exacto_duplicado,176327:200:P10 > P10-SRV-LGC-SERVICIOS > P10-ADM-OFC-OFICINA MANT || 185694:200:P10 > P10-SRV-LGC-SERVICIOS > P10-SRV-LGC-TORRES ENF EXT || 227527:200:P10 > P10-SRV-LGC-SERVICIOS > P10-SRV-CLD-CMB CALDERA || 332643:200:P10 > P10-SRV-LGC-SERVICIOS > P10-SRV-LGC-TRATAMIENTO AGUA || 355813:200:P10 > P10-SRV-LGC-SERVICIOS > P10-SCT-SECTOR OBRADORES || 356583:200:P10 > P10-SRV-LGC-SERVICIOS > P10-SCT-SECTOR OBRADORES || 356627:200:P10 > P10-SRV-LGC-SERVICIOS > P10-SCT-SECTOR OBRADORES || 356674:200:P10 > P10-SRV-LGC-SERVICIOS > P10-SCT-SECTOR OBRADORES || ... +13,P10-SRV-LGC-SERVICIOS,Ancestro Project P10-SRV-LGC-SERVICIOS aparece en 21 contenedores.,P10,P10-SRV-LGC-SERVICIOS,P10-ADM-OFC-OFICINA MANT,,,,,,,,,,,,,,,,,,,,,,,,,,,,hay más de un contenedor candidato
contenedor_duplicado,contenedor_por_ancestro_project,P10-SRV-VLV-SOV-004,VALVULA ON-OFF GAS QUEMADOR 2 <ESTE>,736,5,736,P10-SRV-LGC-VALV CONTROL CLD,P10-SRV-LGC-VALV,P10-SRV-LGC-SERVICIOS > P10-SRV-CLD-CMB > P10-SRV-LGC-VALV,P10 > P10-SRV-LGC-SERVICIOS > P10-SRV-CLD-CMB CALDERA > P10-SRV-LGC-VALV CONTROL CLD,P10 > P10-SRV-LGC-SERVICIOS > P10-SRV-CLD-CMB CALDERA > P10-SRV-LGC-VALV CONTROL CLD > P10-SRV-VLV-SOV-004,176327,e873c32e-5e0c-4f36-b2a7-48d4917bce06-0002b0c7,Roofs,,Genérico - 400 mm,Genérico - 400 mm,,P10 > P10-SRV-LGC-SERVICIOS > P10-ADM-OFC-OFICINA MANT,contenedor_scoring,176327,e873c32e-5e0c-4f36-b2a7-48d4917bce06-0002b0c7,P10 > P10-SRV-LGC-SERVICIOS > P10-ADM-OFC-OFICINA MANT,3,27,NO,200,200,0,ancestro_project_exacto_duplicado,176327:200:P10 > P10-SRV-LGC-SERVICIOS > P10-ADM-OFC-OFICINA MANT || 185694:200:P10 > P10-SRV-LGC-SERVICIOS > P10-SRV-LGC-TORRES ENF EXT || 227527:200:P10 > P10-SRV-LGC-SERVICIOS > P10-SRV-CLD-CMB CALDERA || 332643:200:P10 > P10-SRV-LGC-SERVICIOS > P10-SRV-LGC-TRATAMIENTO AGUA || 355813:200:P10 > P10-SRV-LGC-SERVICIOS > P10-SCT-SECTOR OBRADORES || 356583:200:P10 > P10-SRV-LGC-SERVICIOS > P10-SCT-SECTOR OBRADORES || 356627:200:P10 > P10-SRV-LGC-SERVICIOS > P10-SCT-SECTOR OBRADORES || 356674:200:P10 > P10-SRV-LGC-SERVICIOS > P10-SCT-SECTOR OBRADORES || ... +13,P10-SRV-LGC-SERVICIOS,Ancestro Project P10-SRV-LGC-SERVICIOS aparece en 21 contenedores.,P10,P10-SRV-LGC-SERVICIOS,P10-ADM-OFC-OFICINA MANT,,,,,,,,,,,,,,,,,,,,,,,,,,,,hay más de un contenedor candidato
contenedor_duplicado,contenedor_por_ancestro_project,P10-SRV-VLV-SOV-003,VALVULA ON-OFF GAS QUEMADOR 2 <OESTE>,737,5,737,P10-SRV-LGC-VALV CONTROL CLD,P10-SRV-LGC-VALV,P10-SRV-LGC-SERVICIOS > P10-SRV-CLD-CMB > P10-SRV-LGC-VALV,P10 > P10-SRV-LGC-SERVICIOS > P10-SRV-CLD-CMB CALDERA > P10-SRV-LGC-VALV CONTROL CLD,P10 > P10-SRV-LGC-SERVICIOS > P10-SRV-CLD-CMB CALDERA > P10-SRV-LGC-VALV CONTROL CLD > P10-SRV-VLV-SOV-003,176327,e873c32e-5e0c-4f36-b2a7-48d4917bce06-0002b0c7,Roofs,,Genérico - 400 mm,Genérico - 400 mm,,P10 > P10-SRV-LGC-SERVICIOS > P10-ADM-OFC-OFICINA MANT,contenedor_scoring,176327,e873c32e-5e0c-4f36-b2a7-48d4917bce06-0002b0c7,P10 > P10-SRV-LGC-SERVICIOS > P10-ADM-OFC-OFICINA MANT,3,27,NO,200,200,0,ancestro_project_exacto_duplicado,176327:200:P10 > P10-SRV-LGC-SERVICIOS > P10-ADM-OFC-OFICINA MANT || 185694:200:P10 > P10-SRV-LGC-SERVICIOS > P10-SRV-LGC-TORRES ENF EXT || 227527:200:P10 > P10-SRV-LGC-SERVICIOS > P10-SRV-CLD-CMB CALDERA || 332643:200:P10 > P10-SRV-LGC-SERVICIOS > P10-SRV-LGC-TRATAMIENTO AGUA || 355813:200:P10 > P10-SRV-LGC-SERVICIOS > P10-SCT-SECTOR OBRADORES || 356583:200:P10 > P10-SRV-LGC-SERVICIOS > P10-SCT-SECTOR OBRADORES || 356627:200:P10 > P10-SRV-LGC-SERVICIOS > P10-SCT-SECTOR OBRADORES || 356674:200:P10 > P10-SRV-LGC-SERVICIOS > P10-SCT-SECTOR OBRADORES || ... +13,P10-SRV-LGC-SERVICIOS,Ancestro Project P10-SRV-LGC-SERVICIOS aparece en 21 contenedores.,P10,P10-SRV-LGC-SERVICIOS,P10-ADM-OFC-OFICINA MANT,,,,,,,,,,,,,,,,,,,,,,,,,,,,hay más de un contenedor candidato
contenedor_duplicado,contenedor_por_ancestro_project,P10-SRV-FLT-FG02,FILTRO DE GRAVAS P10,738,4,738,P10-SRV-CLD-CMB CALDERA,P10-SRV-CLD-CMB,P10-SRV-LGC-SERVICIOS > P10-SRV-CLD-CMB,P10 > P10-SRV-LGC-SERVICIOS > P10-SRV-CLD-CMB CALDERA,P10 > P10-SRV-LGC-SERVICIOS > P10-SRV-CLD-CMB CALDERA > P10-SRV-FLT-FG02,176327,e873c32e-5e0c-4f36-b2a7-48d4917bce06-0002b0c7,Roofs,,Genérico - 400 mm,Genérico - 400 mm,,P10 > P10-SRV-LGC-SERVICIOS > P10-ADM-OFC-OFICINA MANT,contenedor_scoring,176327,e873c32e-5e0c-4f36-b2a7-48d4917bce06-0002b0c7,P10 > P10-SRV-LGC-SERVICIOS > P10-ADM-OFC-OFICINA MANT,3,27,NO,200,200,0,ancestro_project_exacto_duplicado,176327:200:P10 > P10-SRV-LGC-SERVICIOS > P10-ADM-OFC-OFICINA MANT || 185694:200:P10 > P10-SRV-LGC-SERVICIOS > P10-SRV-LGC-TORRES ENF EXT || 227527:200:P10 > P10-SRV-LGC-SERVICIOS > P10-SRV-CLD-CMB CALDERA || 332643:200:P10 > P10-SRV-LGC-SERVICIOS > P10-SRV-LGC-TRATAMIENTO AGUA || 355813:200:P10 > P10-SRV-LGC-SERVICIOS > P10-SCT-SECTOR OBRADORES || 356583:200:P10 > P10-SRV-LGC-SERVICIOS > P10-SCT-SECTOR OBRADORES || 356627:200:P10 > P10-SRV-LGC-SERVICIOS > P10-SCT-SECTOR OBRADORES || 356674:200:P10 > P10-SRV-LGC-SERVICIOS > P10-SCT-SECTOR OBRADORES || ... +13,P10-SRV-LGC-SERVICIOS,Ancestro Project P10-SRV-LGC-SERVICIOS aparece en 21 contenedores.,P10,P10-SRV-LGC-SERVICIOS,P10-ADM-OFC-OFICINA MANT,,,,,,,,,,,,,,,,,,,,,,,,,,,,hay más de un contenedor candidato
contenedor_duplicado,contenedor_por_ancestro_project,P10-SRV-MGN-MAGNETROL,MAGNETROL LADO ESTE,739,4,739,P10-SRV-CLD-CMB CALDERA,P10-SRV-CLD-CMB,P10-SRV-LGC-SERVICIOS > P10-SRV-CLD-CMB,P10 > P10-SRV-LGC-SERVICIOS > P10-SRV-CLD-CMB CALDERA,P10 > P10-SRV-LGC-SERVICIOS > P10-SRV-CLD-CMB CALDERA > P10-SRV-MGN-MAGNETROL ESTE,176327,e873c32e-5e0c-4f36-b2a7-48d4917bce06-0002b0c7,Roofs,,Genérico - 400 mm,Genérico - 400 mm,,P10 > P10-SRV-LGC-SERVICIOS > P10-ADM-OFC-OFICINA MANT,contenedor_scoring,176327,e873c32e-5e0c-4f36-b2a7-48d4917bce06-0002b0c7,P10 > P10-SRV-LGC-SERVICIOS > P10-ADM-OFC-OFICINA MANT,3,27,NO,200,200,0,ancestro_project_exacto_duplicado,176327:200:P10 > P10-SRV-LGC-SERVICIOS > P10-ADM-OFC-OFICINA MANT || 185694:200:P10 > P10-SRV-LGC-SERVICIOS > P10-SRV-LGC-TORRES ENF EXT || 227527:200:P10 > P10-SRV-LGC-SERVICIOS > P10-SRV-CLD-CMB CALDERA || 332643:200:P10 > P10-SRV-LGC-SERVICIOS > P10-SRV-LGC-TRATAMIENTO AGUA || 355813:200:P10 > P10-SRV-LGC-SERVICIOS > P10-SCT-SECTOR OBRADORES || 356583:200:P10 > P10-SRV-LGC-SERVICIOS > P10-SCT-SECTOR OBRADORES || 356627:200:P10 > P10-SRV-LGC-SERVICIOS > P10-SCT-SECTOR OBRADORES || 356674:200:P10 > P10-SRV-LGC-SERVICIOS > P10-SCT-SECTOR OBRADORES || ... +13,P10-SRV-LGC-SERVICIOS,Código repetido en Project 2 veces. Ancestro Project P10-SRV-LGC-SERVICIOS aparece en 21 contenedores.,P10,P10-SRV-LGC-SERVICIOS,P10-ADM-OFC-OFICINA MANT,,,,,,,,,,,,,,,,,,,,,,,,,,,,hay más de un contenedor candidato
contenedor_duplicado,contenedor_por_ancestro_project,P10-SRV-SPL-SH01,SOPLADORES DE HOLLIN 01,741,4,741,P10-SRV-CLD-CMB CALDERA,P10-SRV-CLD-CMB,P10-SRV-LGC-SERVICIOS > P10-SRV-CLD-CMB,P10 > P10-SRV-LGC-SERVICIOS > P10-SRV-CLD-CMB CALDERA,P10 > P10-SRV-LGC-SERVICIOS > P10-SRV-CLD-CMB CALDERA > P10-SRV-SPL-SH01,176327,e873c32e-5e0c-4f36-b2a7-48d4917bce06-0002b0c7,Roofs,,Genérico - 400 mm,Genérico - 400 mm,,P10 > P10-SRV-LGC-SERVICIOS > P10-ADM-OFC-OFICINA MANT,contenedor_scoring,176327,e873c32e-5e0c-4f36-b2a7-48d4917bce06-0002b0c7,P10 > P10-SRV-LGC-SERVICIOS > P10-ADM-OFC-OFICINA MANT,3,27,NO,200,200,0,ancestro_project_exacto_duplicado,176327:200:P10 > P10-SRV-LGC-SERVICIOS > P10-ADM-OFC-OFICINA MANT || 185694:200:P10 > P10-SRV-LGC-SERVICIOS > P10-SRV-LGC-TORRES ENF EXT || 227527:200:P10 > P10-SRV-LGC-SERVICIOS > P10-SRV-CLD-CMB CALDERA || 332643:200:P10 > P10-SRV-LGC-SERVICIOS > P10-SRV-LGC-TRATAMIENTO AGUA || 355813:200:P10 > P10-SRV-LGC-SERVICIOS > P10-SCT-SECTOR OBRADORES || 356583:200:P10 > P10-SRV-LGC-SERVICIOS > P10-SCT-SECTOR OBRADORES || 356627:200:P10 > P10-SRV-LGC-SERVICIOS > P10-SCT-SECTOR OBRADORES || 356674:200:P10 > P10-SRV-LGC-SERVICIOS > P10-SCT-SECTOR OBRADORES || ... +13,P10-SRV-LGC-SERVICIOS,Ancestro Project P10-SRV-LGC-SERVICIOS aparece en 21 contenedores.,P10,P10-SRV-LGC-SERVICIOS,P10-ADM-OFC-OFICINA MANT,,,,,,,,,,,,,,,,,,,,,,,,,,,,hay más de un contenedor candidato
contenedor_duplicado,contenedor_por_ancestro_project,P10-SRV-SPL-SH02,SOPLADORES DE HOLLIN 02,742,4,742,P10-SRV-CLD-CMB CALDERA,P10-SRV-CLD-CMB,P10-SRV-LGC-SERVICIOS > P10-SRV-CLD-CMB,P10 > P10-SRV-LGC-SERVICIOS > P10-SRV-CLD-CMB CALDERA,P10 > P10-SRV-LGC-SERVICIOS > P10-SRV-CLD-CMB CALDERA > P10-SRV-SPL-SH02,176327,e873c32e-5e0c-4f36-b2a7-48d4917bce06-0002b0c7,Roofs,,Genérico - 400 mm,Genérico - 400 mm,,P10 > P10-SRV-LGC-SERVICIOS > P10-ADM-OFC-OFICINA MANT,contenedor_scoring,176327,e873c32e-5e0c-4f36-b2a7-48d4917bce06-0002b0c7,P10 > P10-SRV-LGC-SERVICIOS > P10-ADM-OFC-OFICINA MANT,3,27,NO,200,200,0,ancestro_project_exacto_duplicado,176327:200:P10 > P10-SRV-LGC-SERVICIOS > P10-ADM-OFC-OFICINA MANT || 185694:200:P10 > P10-SRV-LGC-SERVICIOS > P10-SRV-LGC-TORRES ENF EXT || 227527:200:P10 > P10-SRV-LGC-SERVICIOS > P10-SRV-CLD-CMB CALDERA || 332643:200:P10 > P10-SRV-LGC-SERVICIOS > P10-SRV-LGC-TRATAMIENTO AGUA || 355813:200:P10 > P10-SRV-LGC-SERVICIOS > P10-SCT-SECTOR OBRADORES || 356583:200:P10 > P10-SRV-LGC-SERVICIOS > P10-SCT-SECTOR OBRADORES || 356627:200:P10 > P10-SRV-LGC-SERVICIOS > P10-SCT-SECTOR OBRADORES || 356674:200:P10 > P10-SRV-LGC-SERVICIOS > P10-SCT-SECTOR OBRADORES || ... +13,P10-SRV-LGC-SERVICIOS,Ancestro Project P10-SRV-LGC-SERVICIOS aparece en 21 contenedores.,P10,P10-SRV-LGC-SERVICIOS,P10-ADM-OFC-OFICINA MANT,,,,,,,,,,,,,,,,,,,,,,,,,,,,hay más de un contenedor candidato
contenedor_duplicado,contenedor_por_ancestro_project,P10-SRV-SPL-SH03,SOPLADORES DE HOLLIN 03,743,4,743,P10-SRV-CLD-CMB CALDERA,P10-SRV-CLD-CMB,P10-SRV-LGC-SERVICIOS > P10-SRV-CLD-CMB,P10 > P10-SRV-LGC-SERVICIOS > P10-SRV-CLD-CMB CALDERA,P10 > P10-SRV-LGC-SERVICIOS > P10-SRV-CLD-CMB CALDERA > P10-SRV-SPL-SH03,176327,e873c32e-5e0c-4f36-b2a7-48d4917bce06-0002b0c7,Roofs,,Genérico - 400 mm,Genérico - 400 mm,,P10 > P10-SRV-LGC-SERVICIOS > P10-ADM-OFC-OFICINA MANT,contenedor_scoring,176327,e873c32e-5e0c-4f36-b2a7-48d4917bce06-0002b0c7,P10 > P10-SRV-LGC-SERVICIOS > P10-ADM-OFC-OFICINA MANT,3,27,NO,200,200,0,ancestro_project_exacto_duplicado,176327:200:P10 > P10-SRV-LGC-SERVICIOS > P10-ADM-OFC-OFICINA MANT || 185694:200:P10 > P10-SRV-LGC-SERVICIOS > P10-SRV-LGC-TORRES ENF EXT || 227527:200:P10 > P10-SRV-LGC-SERVICIOS > P10-SRV-CLD-CMB CALDERA || 332643:200:P10 > P10-SRV-LGC-SERVICIOS > P10-SRV-LGC-TRATAMIENTO AGUA || 355813:200:P10 > P10-SRV-LGC-SERVICIOS > P10-SCT-SECTOR OBRADORES || 356583:200:P10 > P10-SRV-LGC-SERVICIOS > P10-SCT-SECTOR OBRADORES || 356627:200:P10 > P10-SRV-LGC-SERVICIOS > P10-SCT-SECTOR OBRADORES || 356674:200:P10 > P10-SRV-LGC-SERVICIOS > P10-SCT-SECTOR OBRADORES || ... +13,P10-SRV-LGC-SERVICIOS,Ancestro Project P10-SRV-LGC-SERVICIOS aparece en 21 contenedores.,P10,P10-SRV-LGC-SERVICIOS,P10-ADM-OFC-OFICINA MANT,,,,,,,,,,,,,,,,,,,,,,,,,,,,hay más de un contenedor candidato
contenedor_duplicado,contenedor_por_ancestro_project,P10-SRV-SPL-SH04,SOPLADORES DE HOLLIN 04,744,4,744,P10-SRV-CLD-CMB CALDERA,P10-SRV-CLD-CMB,P10-SRV-LGC-SERVICIOS > P10-SRV-CLD-CMB,P10 > P10-SRV-LGC-SERVICIOS > P10-SRV-CLD-CMB CALDERA,P10 > P10-SRV-LGC-SERVICIOS > P10-SRV-CLD-CMB CALDERA > P10-SRV-SPL-SH04,176327,e873c32e-5e0c-4f36-b2a7-48d4917bce06-0002b0c7,Roofs,,Genérico - 400 mm,Genérico - 400 mm,,P10 > P10-SRV-LGC-SERVICIOS > P10-ADM-OFC-OFICINA MANT,contenedor_scoring,176327,e873c32e-5e0c-4f36-b2a7-48d4917bce06-0002b0c7,P10 > P10-SRV-LGC-SERVICIOS > P10-ADM-OFC-OFICINA MANT,3,27,NO,200,200,0,ancestro_project_exacto_duplicado,176327:200:P10 > P10-SRV-LGC-SERVICIOS > P10-ADM-OFC-OFICINA MANT || 185694:200:P10 > P10-SRV-LGC-SERVICIOS > P10-SRV-LGC-TORRES ENF EXT || 227527:200:P10 > P10-SRV-LGC-SERVICIOS > P10-SRV-CLD-CMB CALDERA || 332643:200:P10 > P10-SRV-LGC-SERVICIOS > P10-SRV-LGC-TRATAMIENTO AGUA || 355813:200:P10 > P10-SRV-LGC-SERVICIOS > P10-SCT-SECTOR OBRADORES || 356583:200:P10 > P10-SRV-LGC-SERVICIOS > P10-SCT-SECTOR OBRADORES || 356627:200:P10 > P10-SRV-LGC-SERVICIOS > P10-SCT-SECTOR OBRADORES || 356674:200:P10 > P10-SRV-LGC-SERVICIOS > P10-SCT-SECTOR OBRADORES || ... +13,P10-SRV-LGC-SERVICIOS,Ancestro Project P10-SRV-LGC-SERVICIOS aparece en 21 contenedores.,P10,P10-SRV-LGC-SERVICIOS,P10-ADM-OFC-OFICINA MANT,,,,,,,,,,,,,,,,,,,,,,,,,,,,hay más de un contenedor candidato
contenedor_duplicado,contenedor_por_ancestro_project,P10-SRV-TNQ-TKFLASH,TANQUE DE FLASH,745,4,745,P10-SRV-CLD-CMB CALDERA,P10-SRV-CLD-CMB,P10-SRV-LGC-SERVICIOS > P10-SRV-CLD-CMB,P10 > P10-SRV-LGC-SERVICIOS > P10-SRV-CLD-CMB CALDERA,P10 > P10-SRV-LGC-SERVICIOS > P10-SRV-CLD-CMB CALDERA > P10-SRV-TNQ-TKFLASH,176327,e873c32e-5e0c-4f36-b2a7-48d4917bce06-0002b0c7,Roofs,,Genérico - 400 mm,Genérico - 400 mm,,P10 > P10-SRV-LGC-SERVICIOS > P10-ADM-OFC-OFICINA MANT,contenedor_scoring,176327,e873c32e-5e0c-4f36-b2a7-48d4917bce06-0002b0c7,P10 > P10-SRV-LGC-SERVICIOS > P10-ADM-OFC-OFICINA MANT,3,27,NO,200,200,0,ancestro_project_exacto_duplicado,176327:200:P10 > P10-SRV-LGC-SERVICIOS > P10-ADM-OFC-OFICINA MANT || 185694:200:P10 > P10-SRV-LGC-SERVICIOS > P10-SRV-LGC-TORRES ENF EXT || 227527:200:P10 > P10-SRV-LGC-SERVICIOS > P10-SRV-CLD-CMB CALDERA || 332643:200:P10 > P10-SRV-LGC-SERVICIOS > P10-SRV-LGC-TRATAMIENTO AGUA || 355813:200:P10 > P10-SRV-LGC-SERVICIOS > P10-SCT-SECTOR OBRADORES || 356583:200:P10 > P10-SRV-LGC-SERVICIOS > P10-SCT-SECTOR OBRADORES || 356627:200:P10 > P10-SRV-LGC-SERVICIOS > P10-SCT-SECTOR OBRADORES || 356674:200:P10 > P10-SRV-LGC-SERVICIOS > P10-SCT-SECTOR OBRADORES || ... +13,P10-SRV-LGC-SERVICIOS,Ancestro Project P10-SRV-LGC-SERVICIOS aparece en 21 contenedores.,P10,P10-SRV-LGC-SERVICIOS,P10-ADM-OFC-OFICINA MANT,,,,,,,,,,,,,,,,,,,,,,,,,,,,hay más de un contenedor candidato
contenedor_duplicado,contenedor_por_ancestro_project,P10-SRV-TNQ-TKRESERVA,TANQUE DE RESERVA CALDERA P10,747,4,747,P10-SRV-CLD-CMB CALDERA,P10-SRV-CLD-CMB,P10-SRV-LGC-SERVICIOS > P10-SRV-CLD-CMB,P10 > P10-SRV-LGC-SERVICIOS > P10-SRV-CLD-CMB CALDERA,P10 > P10-SRV-LGC-SERVICIOS > P10-SRV-CLD-CMB CALDERA > P10-SRV-TNQ-TKRESERVA CLD,176327,e873c32e-5e0c-4f36-b2a7-48d4917bce06-0002b0c7,Roofs,,Genérico - 400 mm,Genérico - 400 mm,,P10 > P10-SRV-LGC-SERVICIOS > P10-ADM-OFC-OFICINA MANT,contenedor_scoring,176327,e873c32e-5e0c-4f36-b2a7-48d4917bce06-0002b0c7,P10 > P10-SRV-LGC-SERVICIOS > P10-ADM-OFC-OFICINA MANT,3,27,NO,200,200,0,ancestro_project_exacto_duplicado,176327:200:P10 > P10-SRV-LGC-SERVICIOS > P10-ADM-OFC-OFICINA MANT || 185694:200:P10 > P10-SRV-LGC-SERVICIOS > P10-SRV-LGC-TORRES ENF EXT || 227527:200:P10 > P10-SRV-LGC-SERVICIOS > P10-SRV-CLD-CMB CALDERA || 332643:200:P10 > P10-SRV-LGC-SERVICIOS > P10-SRV-LGC-TRATAMIENTO AGUA || 355813:200:P10 > P10-SRV-LGC-SERVICIOS > P10-SCT-SECTOR OBRADORES || 356583:200:P10 > P10-SRV-LGC-SERVICIOS > P10-SCT-SECTOR OBRADORES || 356627:200:P10 > P10-SRV-LGC-SERVICIOS > P10-SCT-SECTOR OBRADORES || 356674:200:P10 > P10-SRV-LGC-SERVICIOS > P10-SCT-SECTOR OBRADORES || ... +13,P10-SRV-LGC-SERVICIOS,Ancestro Project P10-SRV-LGC-SERVICIOS aparece en 21 contenedores.,P10,P10-SRV-LGC-SERVICIOS,P10-ADM-OFC-OFICINA MANT,,,,,,,,,,,,,,,,,,,,,,,,,,,,hay más de un contenedor candidato
contenedor_duplicado,contenedor_por_ancestro_project,P10-SRV-TNQ-TKDESAIREADOR,TANQUE DESAIREADOR,748,4,748,P10-SRV-CLD-CMB CALDERA,P10-SRV-CLD-CMB,P10-SRV-LGC-SERVICIOS > P10-SRV-CLD-CMB,P10 > P10-SRV-LGC-SERVICIOS > P10-SRV-CLD-CMB CALDERA,P10 > P10-SRV-LGC-SERVICIOS > P10-SRV-CLD-CMB CALDERA > P10-SRV-TNQ-TKDESAIREADOR,176327,e873c32e-5e0c-4f36-b2a7-48d4917bce06-0002b0c7,Roofs,,Genérico - 400 mm,Genérico - 400 mm,,P10 > P10-SRV-LGC-SERVICIOS > P10-ADM-OFC-OFICINA MANT,contenedor_scoring,176327,e873c32e-5e0c-4f36-b2a7-48d4917bce06-0002b0c7,P10 > P10-SRV-LGC-SERVICIOS > P10-ADM-OFC-OFICINA MANT,3,27,NO,200,200,0,ancestro_project_exacto_duplicado,176327:200:P10 > P10-SRV-LGC-SERVICIOS > P10-ADM-OFC-OFICINA MANT || 185694:200:P10 > P10-SRV-LGC-SERVICIOS > P10-SRV-LGC-TORRES ENF EXT || 227527:200:P10 > P10-SRV-LGC-SERVICIOS > P10-SRV-CLD-CMB CALDERA || 332643:200:P10 > P10-SRV-LGC-SERVICIOS > P10-SRV-LGC-TRATAMIENTO AGUA || 355813:200:P10 > P10-SRV-LGC-SERVICIOS > P10-SCT-SECTOR OBRADORES || 356583:200:P10 > P10-SRV-LGC-SERVICIOS > P10-SCT-SECTOR OBRADORES || 356627:200:P10 > P10-SRV-LGC-SERVICIOS > P10-SCT-SECTOR OBRADORES || 356674:200:P10 > P10-SRV-LGC-SERVICIOS > P10-SCT-SECTOR OBRADORES || ... +13,P10-SRV-LGC-SERVICIOS,Ancestro Project P10-SRV-LGC-SERVICIOS aparece en 21 contenedores.,P10,P10-SRV-LGC-SERVICIOS,P10-ADM-OFC-OFICINA MANT,,,,,,,,,,,,,,,,,,,,,,,,,,,,hay más de un contenedor candidato
contenedor_duplicado,contenedor_por_ancestro_project,P10-SRV-VLV-LCV-002,VALVULA MODULADORA DE AGUA AL DESAIREADOR,750,5,750,P10-SRV-TNQ-TKDESAIREADOR,P10-SRV-TNQ-TKDESAIREADOR,P10-SRV-LGC-SERVICIOS > P10-SRV-CLD-CMB > P10-SRV-TNQ-TKDESAIREADOR,P10 > P10-SRV-LGC-SERVICIOS > P10-SRV-CLD-CMB CALDERA > P10-SRV-TNQ-TKDESAIREADOR,P10 > P10-SRV-LGC-SERVICIOS > P10-SRV-CLD-CMB CALDERA > P10-SRV-TNQ-TKDESAIREADOR > P10-SRV-VLV-LCV-002,176327,e873c32e-5e0c-4f36-b2a7-48d4917bce06-0002b0c7,Roofs,,Genérico - 400 mm,Genérico - 400 mm,,P10 > P10-SRV-LGC-SERVICIOS > P10-ADM-OFC-OFICINA MANT,contenedor_scoring,176327,e873c32e-5e0c-4f36-b2a7-48d4917bce06-0002b0c7,P10 > P10-SRV-LGC-SERVICIOS > P10-ADM-OFC-OFICINA MANT,3,27,NO,200,200,0,ancestro_project_exacto_duplicado,176327:200:P10 > P10-SRV-LGC-SERVICIOS > P10-ADM-OFC-OFICINA MANT || 185694:200:P10 > P10-SRV-LGC-SERVICIOS > P10-SRV-LGC-TORRES ENF EXT || 227527:200:P10 > P10-SRV-LGC-SERVICIOS > P10-SRV-CLD-CMB CALDERA || 332643:200:P10 > P10-SRV-LGC-SERVICIOS > P10-SRV-LGC-TRATAMIENTO AGUA || 355813:200:P10 > P10-SRV-LGC-SERVICIOS > P10-SCT-SECTOR OBRADORES || 356583:200:P10 > P10-SRV-LGC-SERVICIOS > P10-SCT-SECTOR OBRADORES || 356627:200:P10 > P10-SRV-LGC-SERVICIOS > P10-SCT-SECTOR OBRADORES || 356674:200:P10 > P10-SRV-LGC-SERVICIOS > P10-SCT-SECTOR OBRADORES || ... +13,P10-SRV-LGC-SERVICIOS,Ancestro Project P10-SRV-LGC-SERVICIOS aparece en 21 contenedores.,P10,P10-SRV-LGC-SERVICIOS,P10-ADM-OFC-OFICINA MANT,,,,,,,,,,,,,,,,,,,,,,,,,,,,hay más de un contenedor candidato
contenedor_duplicado,contenedor_por_ancestro_project,P10-SRV-VLV-PCV-004,VALVULA MODULADORA VAPOR AL DESAIREADOR,751,5,751,P10-SRV-TNQ-TKDESAIREADOR,P10-SRV-TNQ-TKDESAIREADOR,P10-SRV-LGC-SERVICIOS > P10-SRV-CLD-CMB > P10-SRV-TNQ-TKDESAIREADOR,P10 > P10-SRV-LGC-SERVICIOS > P10-SRV-CLD-CMB CALDERA > P10-SRV-TNQ-TKDESAIREADOR,P10 > P10-SRV-LGC-SERVICIOS > P10-SRV-CLD-CMB CALDERA > P10-SRV-TNQ-TKDESAIREADOR > P10-SRV-VLV-PCV-004,176327,e873c32e-5e0c-4f36-b2a7-48d4917bce06-0002b0c7,Roofs,,Genérico - 400 mm,Genérico - 400 mm,,P10 > P10-SRV-LGC-SERVICIOS > P10-ADM-OFC-OFICINA MANT,contenedor_scoring,176327,e873c32e-5e0c-4f36-b2a7-48d4917bce06-0002b0c7,P10 > P10-SRV-LGC-SERVICIOS > P10-ADM-OFC-OFICINA MANT,3,27,NO,200,200,0,ancestro_project_exacto_duplicado,176327:200:P10 > P10-SRV-LGC-SERVICIOS > P10-ADM-OFC-OFICINA MANT || 185694:200:P10 > P10-SRV-LGC-SERVICIOS > P10-SRV-LGC-TORRES ENF EXT || 227527:200:P10 > P10-SRV-LGC-SERVICIOS > P10-SRV-CLD-CMB CALDERA || 332643:200:P10 > P10-SRV-LGC-SERVICIOS > P10-SRV-LGC-TRATAMIENTO AGUA || 355813:200:P10 > P10-SRV-LGC-SERVICIOS > P10-SCT-SECTOR OBRADORES || 356583:200:P10 > P10-SRV-LGC-SERVICIOS > P10-SCT-SECTOR OBRADORES || 356627:200:P10 > P10-SRV-LGC-SERVICIOS > P10-SCT-SECTOR OBRADORES || 356674:200:P10 > P10-SRV-LGC-SERVICIOS > P10-SCT-SECTOR OBRADORES || ... +13,P10-SRV-LGC-SERVICIOS,Ancestro Project P10-SRV-LGC-SERVICIOS aparece en 21 contenedores.,P10,P10-SRV-LGC-SERVICIOS,P10-ADM-OFC-OFICINA MANT,,,,,,,,,,,,,,,,,,,,,,,,,,,,hay más de un contenedor candidato
contenedor_duplicado,contenedor_por_ancestro_project,P10-SRV-VNT-VTF01,VENTILADOR TIRO FORZADO (VTF),754,4,754,P10-SRV-CLD-CMB CALDERA,P10-SRV-CLD-CMB,P10-SRV-LGC-SERVICIOS > P10-SRV-CLD-CMB,P10 > P10-SRV-LGC-SERVICIOS > P10-SRV-CLD-CMB CALDERA,P10 > P10-SRV-LGC-SERVICIOS > P10-SRV-CLD-CMB CALDERA > P10-SRV-VNT-VTF01,176327,e873c32e-5e0c-4f36-b2a7-48d4917bce06-0002b0c7,Roofs,,Genérico - 400 mm,Genérico - 400 mm,,P10 > P10-SRV-LGC-SERVICIOS > P10-ADM-OFC-OFICINA MANT,contenedor_scoring,176327,e873c32e-5e0c-4f36-b2a7-48d4917bce06-0002b0c7,P10 > P10-SRV-LGC-SERVICIOS > P10-ADM-OFC-OFICINA MANT,3,27,NO,200,200,0,ancestro_project_exacto_duplicado,176327:200:P10 > P10-SRV-LGC-SERVICIOS > P10-ADM-OFC-OFICINA MANT || 185694:200:P10 > P10-SRV-LGC-SERVICIOS > P10-SRV-LGC-TORRES ENF EXT || 227527:200:P10 > P10-SRV-LGC-SERVICIOS > P10-SRV-CLD-CMB CALDERA || 332643:200:P10 > P10-SRV-LGC-SERVICIOS > P10-SRV-LGC-TRATAMIENTO AGUA || 355813:200:P10 > P10-SRV-LGC-SERVICIOS > P10-SCT-SECTOR OBRADORES || 356583:200:P10 > P10-SRV-LGC-SERVICIOS > P10-SCT-SECTOR OBRADORES || 356627:200:P10 > P10-SRV-LGC-SERVICIOS > P10-SCT-SECTOR OBRADORES || 356674:200:P10 > P10-SRV-LGC-SERVICIOS > P10-SCT-SECTOR OBRADORES || ... +13,P10-SRV-LGC-SERVICIOS,Ancestro Project P10-SRV-LGC-SERVICIOS aparece en 21 contenedores.,P10,P10-SRV-LGC-SERVICIOS,P10-ADM-OFC-OFICINA MANT,,,,,,,,,,,,,,,,,,,,,,,,,,,,hay más de un contenedor candidato
contenedor_duplicado,contenedor_por_ancestro_project,P10-SRV-ECN-ECONOMIZADOR,ECONOMIZADOR,755,3,755,P10-SRV-LGC-SERVICIOS,P10-SRV-LGC-SERVICIOS,P10-SRV-LGC-SERVICIOS,P10 > P10-SRV-LGC-SERVICIOS,P10 > P10-SRV-LGC-SERVICIOS > P10-SRV-ECN-ECONOMIZADOR,176327,e873c32e-5e0c-4f36-b2a7-48d4917bce06-0002b0c7,Roofs,,Genérico - 400 mm,Genérico - 400 mm,,P10 > P10-SRV-LGC-SERVICIOS > P10-ADM-OFC-OFICINA MANT,contenedor_scoring,176327,e873c32e-5e0c-4f36-b2a7-48d4917bce06-0002b0c7,P10 > P10-SRV-LGC-SERVICIOS > P10-ADM-OFC-OFICINA MANT,3,27,NO,200,200,0,ancestro_project_exacto_duplicado,176327:200:P10 > P10-SRV-LGC-SERVICIOS > P10-ADM-OFC-OFICINA MANT || 185694:200:P10 > P10-SRV-LGC-SERVICIOS > P10-SRV-LGC-TORRES ENF EXT || 227527:200:P10 > P10-SRV-LGC-SERVICIOS > P10-SRV-CLD-CMB CALDERA || 332643:200:P10 > P10-SRV-LGC-SERVICIOS > P10-SRV-LGC-TRATAMIENTO AGUA || 355813:200:P10 > P10-SRV-LGC-SERVICIOS > P10-SCT-SECTOR OBRADORES || 356583:200:P10 > P10-SRV-LGC-SERVICIOS > P10-SCT-SECTOR OBRADORES || 356627:200:P10 > P10-SRV-LGC-SERVICIOS > P10-SCT-SECTOR OBRADORES || 356674:200:P10 > P10-SRV-LGC-SERVICIOS > P10-SCT-SECTOR OBRADORES || ... +13,P10-SRV-LGC-SERVICIOS,Ancestro Project P10-SRV-LGC-SERVICIOS aparece en 21 contenedores.,P10,P10-SRV-LGC-SERVICIOS,P10-ADM-OFC-OFICINA MANT,,,,,,,,,,,,,,,,,,,,,,,,,,,,hay más de un contenedor candidato
contenedor_duplicado,contenedor_por_ancestro_project,P10-SRV-SPL-SH06,SOPLADOR DE HOLLIN ECONOMIZADOR LADO CENTRO,756,4,756,P10-SRV-ECN-ECONOMIZADOR,P10-SRV-ECN-ECONOMIZADOR,P10-SRV-LGC-SERVICIOS > P10-SRV-ECN-ECONOMIZADOR,P10 > P10-SRV-LGC-SERVICIOS > P10-SRV-ECN-ECONOMIZADOR,P10 > P10-SRV-LGC-SERVICIOS > P10-SRV-ECN-ECONOMIZADOR > P10-SRV-SPL-SH06,176327,e873c32e-5e0c-4f36-b2a7-48d4917bce06-0002b0c7,Roofs,,Genérico - 400 mm,Genérico - 400 mm,,P10 > P10-SRV-LGC-SERVICIOS > P10-ADM-OFC-OFICINA MANT,contenedor_scoring,176327,e873c32e-5e0c-4f36-b2a7-48d4917bce06-0002b0c7,P10 > P10-SRV-LGC-SERVICIOS > P10-ADM-OFC-OFICINA MANT,3,27,NO,200,200,0,ancestro_project_exacto_duplicado,176327:200:P10 > P10-SRV-LGC-SERVICIOS > P10-ADM-OFC-OFICINA MANT || 185694:200:P10 > P10-SRV-LGC-SERVICIOS > P10-SRV-LGC-TORRES ENF EXT || 227527:200:P10 > P10-SRV-LGC-SERVICIOS > P10-SRV-CLD-CMB CALDERA || 332643:200:P10 > P10-SRV-LGC-SERVICIOS > P10-SRV-LGC-TRATAMIENTO AGUA || 355813:200:P10 > P10-SRV-LGC-SERVICIOS > P10-SCT-SECTOR OBRADORES || 356583:200:P10 > P10-SRV-LGC-SERVICIOS > P10-SCT-SECTOR OBRADORES || 356627:200:P10 > P10-SRV-LGC-SERVICIOS > P10-SCT-SECTOR OBRADORES || 356674:200:P10 > P10-SRV-LGC-SERVICIOS > P10-SCT-SECTOR OBRADORES || ... +13,P10-SRV-LGC-SERVICIOS,Ancestro Project P10-SRV-LGC-SERVICIOS aparece en 21 contenedores.,P10,P10-SRV-LGC-SERVICIOS,P10-ADM-OFC-OFICINA MANT,,,,,,,,,,,,,,,,,,,,,,,,,,,,hay más de un contenedor candidato
contenedor_duplicado,contenedor_por_ancestro_project,P10-SRV-SPL-SH05,SOPLADOR DE HOLLIN ECONOMIZADOR LADO NORTE,757,4,757,P10-SRV-ECN-ECONOMIZADOR,P10-SRV-ECN-ECONOMIZADOR,P10-SRV-LGC-SERVICIOS > P10-SRV-ECN-ECONOMIZADOR,P10 > P10-SRV-LGC-SERVICIOS > P10-SRV-ECN-ECONOMIZADOR,P10 > P10-SRV-LGC-SERVICIOS > P10-SRV-ECN-ECONOMIZADOR > P10-SRV-SPL-SH05,176327,e873c32e-5e0c-4f36-b2a7-48d4917bce06-0002b0c7,Roofs,,Genérico - 400 mm,Genérico - 400 mm,,P10 > P10-SRV-LGC-SERVICIOS > P10-ADM-OFC-OFICINA MANT,contenedor_scoring,176327,e873c32e-5e0c-4f36-b2a7-48d4917bce06-0002b0c7,P10 > P10-SRV-LGC-SERVICIOS > P10-ADM-OFC-OFICINA MANT,3,27,NO,200,200,0,ancestro_project_exacto_duplicado,176327:200:P10 > P10-SRV-LGC-SERVICIOS > P10-ADM-OFC-OFICINA MANT || 185694:200:P10 > P10-SRV-LGC-SERVICIOS > P10-SRV-LGC-TORRES ENF EXT || 227527:200:P10 > P10-SRV-LGC-SERVICIOS > P10-SRV-CLD-CMB CALDERA || 332643:200:P10 > P10-SRV-LGC-SERVICIOS > P10-SRV-LGC-TRATAMIENTO AGUA || 355813:200:P10 > P10-SRV-LGC-SERVICIOS > P10-SCT-SECTOR OBRADORES || 356583:200:P10 > P10-SRV-LGC-SERVICIOS > P10-SCT-SECTOR OBRADORES || 356627:200:P10 > P10-SRV-LGC-SERVICIOS > P10-SCT-SECTOR OBRADORES || 356674:200:P10 > P10-SRV-LGC-SERVICIOS > P10-SCT-SECTOR OBRADORES || ... +13,P10-SRV-LGC-SERVICIOS,Ancestro Project P10-SRV-LGC-SERVICIOS aparece en 21 contenedores.,P10,P10-SRV-LGC-SERVICIOS,P10-ADM-OFC-OFICINA MANT,,,,,,,,,,,,,,,,,,,,,,,,,,,,hay más de un contenedor candidato
contenedor_duplicado,contenedor_por_ancestro_project,P10-SRV-SPL-SH07,SOPLADOR DE HOLLIN ECONOMIZADOR LADO SUR,758,4,758,P10-SRV-ECN-ECONOMIZADOR,P10-SRV-ECN-ECONOMIZADOR,P10-SRV-LGC-SERVICIOS > P10-SRV-ECN-ECONOMIZADOR,P10 > P10-SRV-LGC-SERVICIOS > P10-SRV-ECN-ECONOMIZADOR,P10 > P10-SRV-LGC-SERVICIOS > P10-SRV-ECN-ECONOMIZADOR > P10-SRV-SPL-SH07,176327,e873c32e-5e0c-4f36-b2a7-48d4917bce06-0002b0c7,Roofs,,Genérico - 400 mm,Genérico - 400 mm,,P10 > P10-SRV-LGC-SERVICIOS > P10-ADM-OFC-OFICINA MANT,contenedor_scoring,176327,e873c32e-5e0c-4f36-b2a7-48d4917bce06-0002b0c7,P10 > P10-SRV-LGC-SERVICIOS > P10-ADM-OFC-OFICINA MANT,3,27,NO,200,200,0,ancestro_project_exacto_duplicado,176327:200:P10 > P10-SRV-LGC-SERVICIOS > P10-ADM-OFC-OFICINA MANT || 185694:200:P10 > P10-SRV-LGC-SERVICIOS > P10-SRV-LGC-TORRES ENF EXT || 227527:200:P10 > P10-SRV-LGC-SERVICIOS > P10-SRV-CLD-CMB CALDERA || 332643:200:P10 > P10-SRV-LGC-SERVICIOS > P10-SRV-LGC-TRATAMIENTO AGUA || 355813:200:P10 > P10-SRV-LGC-SERVICIOS > P10-SCT-SECTOR OBRADORES || 356583:200:P10 > P10-SRV-LGC-SERVICIOS > P10-SCT-SECTOR OBRADORES || 356627:200:P10 > P10-SRV-LGC-SERVICIOS > P10-SCT-SECTOR OBRADORES || 356674:200:P10 > P10-SRV-LGC-SERVICIOS > P10-SCT-SECTOR OBRADORES || ... +13,P10-SRV-LGC-SERVICIOS,Ancestro Project P10-SRV-LGC-SERVICIOS aparece en 21 contenedores.,P10,P10-SRV-LGC-SERVICIOS,P10-ADM-OFC-OFICINA MANT,,,,,,,,,,,,,,,,,,,,,,,,,,,,hay más de un contenedor candidato
contenedor_duplicado,contenedor_por_ancestro_project,P10-SRV-LGC-AIRE,SECTOR AIRE COMPRIMIDO SERVICIOS P10,760,3,760,P10-SRV-LGC-SERVICIOS,P10-SRV-LGC-SERVICIOS,P10-SRV-LGC-SERVICIOS,P10 > P10-SRV-LGC-SERVICIOS,P10 > P10-SRV-LGC-SERVICIOS > P10-SRV-LGC-AIRE COMPRIMIDO,176327,e873c32e-5e0c-4f36-b2a7-48d4917bce06-0002b0c7,Roofs,,Genérico - 400 mm,Genérico - 400 mm,,P10 > P10-SRV-LGC-SERVICIOS > P10-ADM-OFC-OFICINA MANT,contenedor_scoring,176327,e873c32e-5e0c-4f36-b2a7-48d4917bce06-0002b0c7,P10 > P10-SRV-LGC-SERVICIOS > P10-ADM-OFC-OFICINA MANT,3,27,NO,200,200,0,ancestro_project_exacto_duplicado,176327:200:P10 > P10-SRV-LGC-SERVICIOS > P10-ADM-OFC-OFICINA MANT || 185694:200:P10 > P10-SRV-LGC-SERVICIOS > P10-SRV-LGC-TORRES ENF EXT || 227527:200:P10 > P10-SRV-LGC-SERVICIOS > P10-SRV-CLD-CMB CALDERA || 332643:200:P10 > P10-SRV-LGC-SERVICIOS > P10-SRV-LGC-TRATAMIENTO AGUA || 355813:200:P10 > P10-SRV-LGC-SERVICIOS > P10-SCT-SECTOR OBRADORES || 356583:200:P10 > P10-SRV-LGC-SERVICIOS > P10-SCT-SECTOR OBRADORES || 356627:200:P10 > P10-SRV-LGC-SERVICIOS > P10-SCT-SECTOR OBRADORES || 356674:200:P10 > P10-SRV-LGC-SERVICIOS > P10-SCT-SECTOR OBRADORES || ... +13,P10-SRV-LGC-SERVICIOS,Ancestro Project P10-SRV-LGC-SERVICIOS aparece en 21 contenedores.,P10,P10-SRV-LGC-SERVICIOS,P10-ADM-OFC-OFICINA MANT,,,,,,,,,,,,,,,,,,,,,,,,,,,,hay más de un contenedor candidato
contenedor_duplicado,contenedor_por_ancestro_project,P10-SRV-CMP-CA02,COMPRESOR ATLAS COPCO GA75 LADO ESTE PAU993062,761,4,761,P10-SRV-LGC-AIRE COMPRIMIDO,P10-SRV-LGC-AIRE,P10-SRV-LGC-SERVICIOS > P10-SRV-LGC-AIRE,P10 > P10-SRV-LGC-SERVICIOS > P10-SRV-LGC-AIRE COMPRIMIDO,P10 > P10-SRV-LGC-SERVICIOS > P10-SRV-LGC-AIRE COMPRIMIDO > P10-SRV-CMP-CA02,176327,e873c32e-5e0c-4f36-b2a7-48d4917bce06-0002b0c7,Roofs,,Genérico - 400 mm,Genérico - 400 mm,,P10 > P10-SRV-LGC-SERVICIOS > P10-ADM-OFC-OFICINA MANT,contenedor_scoring,176327,e873c32e-5e0c-4f36-b2a7-48d4917bce06-0002b0c7,P10 > P10-SRV-LGC-SERVICIOS > P10-ADM-OFC-OFICINA MANT,3,27,NO,200,200,0,ancestro_project_exacto_duplicado,176327:200:P10 > P10-SRV-LGC-SERVICIOS > P10-ADM-OFC-OFICINA MANT || 185694:200:P10 > P10-SRV-LGC-SERVICIOS > P10-SRV-LGC-TORRES ENF EXT || 227527:200:P10 > P10-SRV-LGC-SERVICIOS > P10-SRV-CLD-CMB CALDERA || 332643:200:P10 > P10-SRV-LGC-SERVICIOS > P10-SRV-LGC-TRATAMIENTO AGUA || 355813:200:P10 > P10-SRV-LGC-SERVICIOS > P10-SCT-SECTOR OBRADORES || 356583:200:P10 > P10-SRV-LGC-SERVICIOS > P10-SCT-SECTOR OBRADORES || 356627:200:P10 > P10-SRV-LGC-SERVICIOS > P10-SCT-SECTOR OBRADORES || 356674:200:P10 > P10-SRV-LGC-SERVICIOS > P10-SCT-SECTOR OBRADORES || ... +13,P10-SRV-LGC-SERVICIOS,Ancestro Project P10-SRV-LGC-SERVICIOS aparece en 21 contenedores.,P10,P10-SRV-LGC-SERVICIOS,P10-ADM-OFC-OFICINA MANT,,,,,,,,,,,,,,,,,,,,,,,,,,,,hay más de un contenedor candidato
contenedor_duplicado,contenedor_por_ancestro_project,P10-SRV-CMP-CA01,COMPRESOR ATLAS COPCO GA75 LADO OESTE API633274 AÑO 2021 (SE SACÓ EL PAU993063),762,4,762,P10-SRV-LGC-AIRE COMPRIMIDO,P10-SRV-LGC-AIRE,P10-SRV-LGC-SERVICIOS > P10-SRV-LGC-AIRE,P10 > P10-SRV-LGC-SERVICIOS > P10-SRV-LGC-AIRE COMPRIMIDO,P10 > P10-SRV-LGC-SERVICIOS > P10-SRV-LGC-AIRE COMPRIMIDO > P10-SRV-CMP-CA01,176327,e873c32e-5e0c-4f36-b2a7-48d4917bce06-0002b0c7,Roofs,,Genérico - 400 mm,Genérico - 400 mm,,P10 > P10-SRV-LGC-SERVICIOS > P10-ADM-OFC-OFICINA MANT,contenedor_scoring,176327,e873c32e-5e0c-4f36-b2a7-48d4917bce06-0002b0c7,P10 > P10-SRV-LGC-SERVICIOS > P10-ADM-OFC-OFICINA MANT,3,27,NO,200,200,0,ancestro_project_exacto_duplicado,176327:200:P10 > P10-SRV-LGC-SERVICIOS > P10-ADM-OFC-OFICINA MANT || 185694:200:P10 > P10-SRV-LGC-SERVICIOS > P10-SRV-LGC-TORRES ENF EXT || 227527:200:P10 > P10-SRV-LGC-SERVICIOS > P10-SRV-CLD-CMB CALDERA || 332643:200:P10 > P10-SRV-LGC-SERVICIOS > P10-SRV-LGC-TRATAMIENTO AGUA || 355813:200:P10 > P10-SRV-LGC-SERVICIOS > P10-SCT-SECTOR OBRADORES || 356583:200:P10 > P10-SRV-LGC-SERVICIOS > P10-SCT-SECTOR OBRADORES || 356627:200:P10 > P10-SRV-LGC-SERVICIOS > P10-SCT-SECTOR OBRADORES || 356674:200:P10 > P10-SRV-LGC-SERVICIOS > P10-SCT-SECTOR OBRADORES || ... +13,P10-SRV-LGC-SERVICIOS,Ancestro Project P10-SRV-LGC-SERVICIOS aparece en 21 contenedores.,P10,P10-SRV-LGC-SERVICIOS,P10-ADM-OFC-OFICINA MANT,,,,,,,,,,,,,,,,,,,,,,,,,,,,hay más de un contenedor candidato
contenedor_duplicado,contenedor_por_ancestro_project,P10-SRV-SCD-SEAIRE2,SECADOR DE AIRE ATLAS COPCO FX 16,763,4,763,P10-SRV-LGC-AIRE COMPRIMIDO,P10-SRV-LGC-AIRE,P10-SRV-LGC-SERVICIOS > P10-SRV-LGC-AIRE,P10 > P10-SRV-LGC-SERVICIOS > P10-SRV-LGC-AIRE COMPRIMIDO,P10 > P10-SRV-LGC-SERVICIOS > P10-SRV-LGC-AIRE COMPRIMIDO > P10-SRV-SCD-SEAIRE2,176327,e873c32e-5e0c-4f36-b2a7-48d4917bce06-0002b0c7,Roofs,,Genérico - 400 mm,Genérico - 400 mm,,P10 > P10-SRV-LGC-SERVICIOS > P10-ADM-OFC-OFICINA MANT,contenedor_scoring,176327,e873c32e-5e0c-4f36-b2a7-48d4917bce06-0002b0c7,P10 > P10-SRV-LGC-SERVICIOS > P10-ADM-OFC-OFICINA MANT,3,27,NO,200,200,0,ancestro_project_exacto_duplicado,176327:200:P10 > P10-SRV-LGC-SERVICIOS > P10-ADM-OFC-OFICINA MANT || 185694:200:P10 > P10-SRV-LGC-SERVICIOS > P10-SRV-LGC-TORRES ENF EXT || 227527:200:P10 > P10-SRV-LGC-SERVICIOS > P10-SRV-CLD-CMB CALDERA || 332643:200:P10 > P10-SRV-LGC-SERVICIOS > P10-SRV-LGC-TRATAMIENTO AGUA || 355813:200:P10 > P10-SRV-LGC-SERVICIOS > P10-SCT-SECTOR OBRADORES || 356583:200:P10 > P10-SRV-LGC-SERVICIOS > P10-SCT-SECTOR OBRADORES || 356627:200:P10 > P10-SRV-LGC-SERVICIOS > P10-SCT-SECTOR OBRADORES || 356674:200:P10 > P10-SRV-LGC-SERVICIOS > P10-SCT-SECTOR OBRADORES || ... +13,P10-SRV-LGC-SERVICIOS,Ancestro Project P10-SRV-LGC-SERVICIOS aparece en 21 contenedores.,P10,P10-SRV-LGC-SERVICIOS,P10-ADM-OFC-OFICINA MANT,,,,,,,,,,,,,,,,,,,,,,,,,,,,hay más de un contenedor candidato
contenedor_duplicado,contenedor_por_ancestro_project,P10-SRV-SCD-SEAIRE1,SECADOR DE AIRE FX14 ATLAS COPCO,764,4,764,P10-SRV-LGC-AIRE COMPRIMIDO,P10-SRV-LGC-AIRE,P10-SRV-LGC-SERVICIOS > P10-SRV-LGC-AIRE,P10 > P10-SRV-LGC-SERVICIOS > P10-SRV-LGC-AIRE COMPRIMIDO,P10 > P10-SRV-LGC-SERVICIOS > P10-SRV-LGC-AIRE COMPRIMIDO > P10-SRV-SCD-SEAIRE1,176327,e873c32e-5e0c-4f36-b2a7-48d4917bce06-0002b0c7,Roofs,,Genérico - 400 mm,Genérico - 400 mm,,P10 > P10-SRV-LGC-SERVICIOS > P10-ADM-OFC-OFICINA MANT,contenedor_scoring,176327,e873c32e-5e0c-4f36-b2a7-48d4917bce06-0002b0c7,P10 > P10-SRV-LGC-SERVICIOS > P10-ADM-OFC-OFICINA MANT,3,27,NO,200,200,0,ancestro_project_exacto_duplicado,176327:200:P10 > P10-SRV-LGC-SERVICIOS > P10-ADM-OFC-OFICINA MANT || 185694:200:P10 > P10-SRV-LGC-SERVICIOS > P10-SRV-LGC-TORRES ENF EXT || 227527:200:P10 > P10-SRV-LGC-SERVICIOS > P10-SRV-CLD-CMB CALDERA || 332643:200:P10 > P10-SRV-LGC-SERVICIOS > P10-SRV-LGC-TRATAMIENTO AGUA || 355813:200:P10 > P10-SRV-LGC-SERVICIOS > P10-SCT-SECTOR OBRADORES || 356583:200:P10 > P10-SRV-LGC-SERVICIOS > P10-SCT-SECTOR OBRADORES || 356627:200:P10 > P10-SRV-LGC-SERVICIOS > P10-SCT-SECTOR OBRADORES || 356674:200:P10 > P10-SRV-LGC-SERVICIOS > P10-SCT-SECTOR OBRADORES || ... +13,P10-SRV-LGC-SERVICIOS,Ancestro Project P10-SRV-LGC-SERVICIOS aparece en 21 contenedores.,P10,P10-SRV-LGC-SERVICIOS,P10-ADM-OFC-OFICINA MANT,,,,,,,,,,,,,,,,,,,,,,,,,,,,hay más de un contenedor candidato
contenedor_duplicado,contenedor_por_ancestro_project,P10-SRV-BMB-BTRAMP,BOMBA TRAMPA CONTENCION TK DIARIO FUEL OIL,766,4,766,P10-SRV-LGC-FUEL OIL,P10-SRV-LGC-FUEL,P10-SRV-LGC-SERVICIOS > P10-SRV-LGC-FUEL,P10 > P10-SRV-LGC-SERVICIOS > P10-SRV-LGC-FUEL OIL,P10 > P10-SRV-LGC-SERVICIOS > P10-SRV-LGC-FUEL OIL > P10-SRV-BMB-BTRAMP FUEL OIL,176327,e873c32e-5e0c-4f36-b2a7-48d4917bce06-0002b0c7,Roofs,,Genérico - 400 mm,Genérico - 400 mm,,P10 > P10-SRV-LGC-SERVICIOS > P10-ADM-OFC-OFICINA MANT,contenedor_scoring,176327,e873c32e-5e0c-4f36-b2a7-48d4917bce06-0002b0c7,P10 > P10-SRV-LGC-SERVICIOS > P10-ADM-OFC-OFICINA MANT,3,27,NO,200,200,0,ancestro_project_exacto_duplicado,176327:200:P10 > P10-SRV-LGC-SERVICIOS > P10-ADM-OFC-OFICINA MANT || 185694:200:P10 > P10-SRV-LGC-SERVICIOS > P10-SRV-LGC-TORRES ENF EXT || 227527:200:P10 > P10-SRV-LGC-SERVICIOS > P10-SRV-CLD-CMB CALDERA || 332643:200:P10 > P10-SRV-LGC-SERVICIOS > P10-SRV-LGC-TRATAMIENTO AGUA || 355813:200:P10 > P10-SRV-LGC-SERVICIOS > P10-SCT-SECTOR OBRADORES || 356583:200:P10 > P10-SRV-LGC-SERVICIOS > P10-SCT-SECTOR OBRADORES || 356627:200:P10 > P10-SRV-LGC-SERVICIOS > P10-SCT-SECTOR OBRADORES || 356674:200:P10 > P10-SRV-LGC-SERVICIOS > P10-SCT-SECTOR OBRADORES || ... +13,P10-SRV-LGC-SERVICIOS,Ancestro Project P10-SRV-LGC-SERVICIOS aparece en 21 contenedores.,P10,P10-SRV-LGC-SERVICIOS,P10-ADM-OFC-OFICINA MANT,,,,,,,,,,,,,,,,,,,,,,,,,,,,hay más de un contenedor candidato
contenedor_duplicado,contenedor_por_ancestro_project,P10-SRV-TNQ-TKFUEL,TANQUE DIARIO DE FUEL OIL,767,4,767,P10-SRV-LGC-FUEL OIL,P10-SRV-LGC-FUEL,P10-SRV-LGC-SERVICIOS > P10-SRV-LGC-FUEL,P10 > P10-SRV-LGC-SERVICIOS > P10-SRV-LGC-FUEL OIL,P10 > P10-SRV-LGC-SERVICIOS > P10-SRV-LGC-FUEL OIL > P10-SRV-TNQ-TKFUEL,176327,e873c32e-5e0c-4f36-b2a7-48d4917bce06-0002b0c7,Roofs,,Genérico - 400 mm,Genérico - 400 mm,,P10 > P10-SRV-LGC-SERVICIOS > P10-ADM-OFC-OFICINA MANT,contenedor_scoring,176327,e873c32e-5e0c-4f36-b2a7-48d4917bce06-0002b0c7,P10 > P10-SRV-LGC-SERVICIOS > P10-ADM-OFC-OFICINA MANT,3,27,NO,200,200,0,ancestro_project_exacto_duplicado,176327:200:P10 > P10-SRV-LGC-SERVICIOS > P10-ADM-OFC-OFICINA MANT || 185694:200:P10 > P10-SRV-LGC-SERVICIOS > P10-SRV-LGC-TORRES ENF EXT || 227527:200:P10 > P10-SRV-LGC-SERVICIOS > P10-SRV-CLD-CMB CALDERA || 332643:200:P10 > P10-SRV-LGC-SERVICIOS > P10-SRV-LGC-TRATAMIENTO AGUA || 355813:200:P10 > P10-SRV-LGC-SERVICIOS > P10-SCT-SECTOR OBRADORES || 356583:200:P10 > P10-SRV-LGC-SERVICIOS > P10-SCT-SECTOR OBRADORES || 356627:200:P10 > P10-SRV-LGC-SERVICIOS > P10-SCT-SECTOR OBRADORES || 356674:200:P10 > P10-SRV-LGC-SERVICIOS > P10-SCT-SECTOR OBRADORES || ... +13,P10-SRV-LGC-SERVICIOS,Ancestro Project P10-SRV-LGC-SERVICIOS aparece en 21 contenedores.,P10,P10-SRV-LGC-SERVICIOS,P10-ADM-OFC-OFICINA MANT,,,,,,,,,,,,,,,,,,,,,,,,,,,,hay más de un contenedor candidato
contenedor_duplicado,contenedor_por_ancestro_project,P10-TRR-BMB-BO34,BOMBA DE CIRCULACION,784,4,784,P10-SRV-LGC-TORRES ENF EXT,P10-SRV-LGC-TORRES,P10-SRV-LGC-SERVICIOS > P10-SRV-LGC-TORRES,P10 > P10-SRV-LGC-SERVICIOS > P10-SRV-LGC-TORRES ENF EXT,P10 > P10-SRV-LGC-SERVICIOS > P10-SRV-LGC-TORRES ENF EXT > P10-TRR-BMB-BO34,176327,e873c32e-5e0c-4f36-b2a7-48d4917bce06-0002b0c7,Roofs,,Genérico - 400 mm,Genérico - 400 mm,,P10 > P10-SRV-LGC-SERVICIOS > P10-ADM-OFC-OFICINA MANT,contenedor_scoring,176327,e873c32e-5e0c-4f36-b2a7-48d4917bce06-0002b0c7,P10 > P10-SRV-LGC-SERVICIOS > P10-ADM-OFC-OFICINA MANT,3,27,NO,200,200,0,ancestro_project_exacto_duplicado,176327:200:P10 > P10-SRV-LGC-SERVICIOS > P10-ADM-OFC-OFICINA MANT || 185694:200:P10 > P10-SRV-LGC-SERVICIOS > P10-SRV-LGC-TORRES ENF EXT || 227527:200:P10 > P10-SRV-LGC-SERVICIOS > P10-SRV-CLD-CMB CALDERA || 332643:200:P10 > P10-SRV-LGC-SERVICIOS > P10-SRV-LGC-TRATAMIENTO AGUA || 355813:200:P10 > P10-SRV-LGC-SERVICIOS > P10-SCT-SECTOR OBRADORES || 356583:200:P10 > P10-SRV-LGC-SERVICIOS > P10-SCT-SECTOR OBRADORES || 356627:200:P10 > P10-SRV-LGC-SERVICIOS > P10-SCT-SECTOR OBRADORES || 356674:200:P10 > P10-SRV-LGC-SERVICIOS > P10-SCT-SECTOR OBRADORES || ... +13,P10-SRV-LGC-SERVICIOS,Ancestro Project P10-SRV-LGC-SERVICIOS aparece en 21 contenedores.,P10,P10-SRV-LGC-SERVICIOS,P10-ADM-OFC-OFICINA MANT,,,,,,,,,,,,,,,,,,,,,,,,,,,,hay más de un contenedor candidato
contenedor_duplicado,contenedor_por_ancestro_project,P10-TRR-BMB-BO35,BOMBA DE CIRCULACION,785,4,785,P10-SRV-LGC-TORRES ENF EXT,P10-SRV-LGC-TORRES,P10-SRV-LGC-SERVICIOS > P10-SRV-LGC-TORRES,P10 > P10-SRV-LGC-SERVICIOS > P10-SRV-LGC-TORRES ENF EXT,P10 > P10-SRV-LGC-SERVICIOS > P10-SRV-LGC-TORRES ENF EXT > P10-TRR-BMB-BO35,176327,e873c32e-5e0c-4f36-b2a7-48d4917bce06-0002b0c7,Roofs,,Genérico - 400 mm,Genérico - 400 mm,,P10 > P10-SRV-LGC-SERVICIOS > P10-ADM-OFC-OFICINA MANT,contenedor_scoring,176327,e873c32e-5e0c-4f36-b2a7-48d4917bce06-0002b0c7,P10 > P10-SRV-LGC-SERVICIOS > P10-ADM-OFC-OFICINA MANT,3,27,NO,200,200,0,ancestro_project_exacto_duplicado,176327:200:P10 > P10-SRV-LGC-SERVICIOS > P10-ADM-OFC-OFICINA MANT || 185694:200:P10 > P10-SRV-LGC-SERVICIOS > P10-SRV-LGC-TORRES ENF EXT || 227527:200:P10 > P10-SRV-LGC-SERVICIOS > P10-SRV-CLD-CMB CALDERA || 332643:200:P10 > P10-SRV-LGC-SERVICIOS > P10-SRV-LGC-TRATAMIENTO AGUA || 355813:200:P10 > P10-SRV-LGC-SERVICIOS > P10-SCT-SECTOR OBRADORES || 356583:200:P10 > P10-SRV-LGC-SERVICIOS > P10-SCT-SECTOR OBRADORES || 356627:200:P10 > P10-SRV-LGC-SERVICIOS > P10-SCT-SECTOR OBRADORES || 356674:200:P10 > P10-SRV-LGC-SERVICIOS > P10-SCT-SECTOR OBRADORES || ... +13,P10-SRV-LGC-SERVICIOS,Ancestro Project P10-SRV-LGC-SERVICIOS aparece en 21 contenedores.,P10,P10-SRV-LGC-SERVICIOS,P10-ADM-OFC-OFICINA MANT,,,,,,,,,,,,,,,,,,,,,,,,,,,,hay más de un contenedor candidato
contenedor_duplicado,contenedor_por_ancestro_project,P10-TRR-BMB-BO36,BOMBA DE CIRCULACION,786,4,786,P10-SRV-LGC-TORRES ENF EXT,P10-SRV-LGC-TORRES,P10-SRV-LGC-SERVICIOS > P10-SRV-LGC-TORRES,P10 > P10-SRV-LGC-SERVICIOS > P10-SRV-LGC-TORRES ENF EXT,P10 > P10-SRV-LGC-SERVICIOS > P10-SRV-LGC-TORRES ENF EXT > P10-TRR-BMB-BO36,176327,e873c32e-5e0c-4f36-b2a7-48d4917bce06-0002b0c7,Roofs,,Genérico - 400 mm,Genérico - 400 mm,,P10 > P10-SRV-LGC-SERVICIOS > P10-ADM-OFC-OFICINA MANT,contenedor_scoring,176327,e873c32e-5e0c-4f36-b2a7-48d4917bce06-0002b0c7,P10 > P10-SRV-LGC-SERVICIOS > P10-ADM-OFC-OFICINA MANT,3,27,NO,200,200,0,ancestro_project_exacto_duplicado,176327:200:P10 > P10-SRV-LGC-SERVICIOS > P10-ADM-OFC-OFICINA MANT || 185694:200:P10 > P10-SRV-LGC-SERVICIOS > P10-SRV-LGC-TORRES ENF EXT || 227527:200:P10 > P10-SRV-LGC-SERVICIOS > P10-SRV-CLD-CMB CALDERA || 332643:200:P10 > P10-SRV-LGC-SERVICIOS > P10-SRV-LGC-TRATAMIENTO AGUA || 355813:200:P10 > P10-SRV-LGC-SERVICIOS > P10-SCT-SECTOR OBRADORES || 356583:200:P10 > P10-SRV-LGC-SERVICIOS > P10-SCT-SECTOR OBRADORES || 356627:200:P10 > P10-SRV-LGC-SERVICIOS > P10-SCT-SECTOR OBRADORES || 356674:200:P10 > P10-SRV-LGC-SERVICIOS > P10-SCT-SECTOR OBRADORES || ... +13,P10-SRV-LGC-SERVICIOS,Ancestro Project P10-SRV-LGC-SERVICIOS aparece en 21 contenedores.,P10,P10-SRV-LGC-SERVICIOS,P10-ADM-OFC-OFICINA MANT,,,,,,,,,,,,,,,,,,,,,,,,,,,,hay más de un contenedor candidato
contenedor_duplicado,contenedor_por_ancestro_project,P10-TRR-BMB-BO37,BOMBA DE CIRCULACION (MAS MOTOR DIESEL),787,4,787,P10-SRV-LGC-TORRES ENF EXT,P10-SRV-LGC-TORRES,P10-SRV-LGC-SERVICIOS > P10-SRV-LGC-TORRES,P10 > P10-SRV-LGC-SERVICIOS > P10-SRV-LGC-TORRES ENF EXT,P10 > P10-SRV-LGC-SERVICIOS > P10-SRV-LGC-TORRES ENF EXT > P10-TRR-BMB-BO37,176327,e873c32e-5e0c-4f36-b2a7-48d4917bce06-0002b0c7,Roofs,,Genérico - 400 mm,Genérico - 400 mm,,P10 > P10-SRV-LGC-SERVICIOS > P10-ADM-OFC-OFICINA MANT,contenedor_scoring,176327,e873c32e-5e0c-4f36-b2a7-48d4917bce06-0002b0c7,P10 > P10-SRV-LGC-SERVICIOS > P10-ADM-OFC-OFICINA MANT,3,27,NO,200,200,0,ancestro_project_exacto_duplicado,176327:200:P10 > P10-SRV-LGC-SERVICIOS > P10-ADM-OFC-OFICINA MANT || 185694:200:P10 > P10-SRV-LGC-SERVICIOS > P10-SRV-LGC-TORRES ENF EXT || 227527:200:P10 > P10-SRV-LGC-SERVICIOS > P10-SRV-CLD-CMB CALDERA || 332643:200:P10 > P10-SRV-LGC-SERVICIOS > P10-SRV-LGC-TRATAMIENTO AGUA || 355813:200:P10 > P10-SRV-LGC-SERVICIOS > P10-SCT-SECTOR OBRADORES || 356583:200:P10 > P10-SRV-LGC-SERVICIOS > P10-SCT-SECTOR OBRADORES || 356627:200:P10 > P10-SRV-LGC-SERVICIOS > P10-SCT-SECTOR OBRADORES || 356674:200:P10 > P10-SRV-LGC-SERVICIOS > P10-SCT-SECTOR OBRADORES || ... +13,P10-SRV-LGC-SERVICIOS,Ancestro Project P10-SRV-LGC-SERVICIOS aparece en 21 contenedores.,P10,P10-SRV-LGC-SERVICIOS,P10-ADM-OFC-OFICINA MANT,,,,,,,,,,,,,,,,,,,,,,,,,,,,hay más de un contenedor candidato
contenedor_duplicado,contenedor_por_ancestro_project,P10-TRR-MTD-MDBO37,MOTOR DIESEL BOMBA BO37 TORRES DE ENFRIAMIENTO SCANIA DC1214A - 323 KW,788,5,788,P10-TRR-BMB-BO37,P10-TRR-BMB-BO37,P10-SRV-LGC-SERVICIOS > P10-SRV-LGC-TORRES > P10-TRR-BMB-BO37,P10 > P10-SRV-LGC-SERVICIOS > P10-SRV-LGC-TORRES ENF EXT > P10-TRR-BMB-BO37,P10 > P10-SRV-LGC-SERVICIOS > P10-SRV-LGC-TORRES ENF EXT > P10-TRR-BMB-BO37 > P10-TRR-MTD-MDBO37,176327,e873c32e-5e0c-4f36-b2a7-48d4917bce06-0002b0c7,Roofs,,Genérico - 400 mm,Genérico - 400 mm,,P10 > P10-SRV-LGC-SERVICIOS > P10-ADM-OFC-OFICINA MANT,contenedor_scoring,176327,e873c32e-5e0c-4f36-b2a7-48d4917bce06-0002b0c7,P10 > P10-SRV-LGC-SERVICIOS > P10-ADM-OFC-OFICINA MANT,3,27,NO,200,200,0,ancestro_project_exacto_duplicado,176327:200:P10 > P10-SRV-LGC-SERVICIOS > P10-ADM-OFC-OFICINA MANT || 185694:200:P10 > P10-SRV-LGC-SERVICIOS > P10-SRV-LGC-TORRES ENF EXT || 227527:200:P10 > P10-SRV-LGC-SERVICIOS > P10-SRV-CLD-CMB CALDERA || 332643:200:P10 > P10-SRV-LGC-SERVICIOS > P10-SRV-LGC-TRATAMIENTO AGUA || 355813:200:P10 > P10-SRV-LGC-SERVICIOS > P10-SCT-SECTOR OBRADORES || 356583:200:P10 > P10-SRV-LGC-SERVICIOS > P10-SCT-SECTOR OBRADORES || 356627:200:P10 > P10-SRV-LGC-SERVICIOS > P10-SCT-SECTOR OBRADORES || 356674:200:P10 > P10-SRV-LGC-SERVICIOS > P10-SCT-SECTOR OBRADORES || ... +13,P10-SRV-LGC-SERVICIOS,Ancestro Project P10-SRV-LGC-SERVICIOS aparece en 21 contenedores.,P10,P10-SRV-LGC-SERVICIOS,P10-ADM-OFC-OFICINA MANT,,,,,,,,,,,,,,,,,,,,,,,,,,,,hay más de un contenedor candidato
contenedor_duplicado,contenedor_por_ancestro_project,P10-TRR-SLA-SALA,SALA DE BOMBA DIESEL DE TORRES ENFRIAMIENTO,789,5,789,P10-TRR-BMB-BO37,P10-TRR-BMB-BO37,P10-SRV-LGC-SERVICIOS > P10-SRV-LGC-TORRES > P10-TRR-BMB-BO37,P10 > P10-SRV-LGC-SERVICIOS > P10-SRV-LGC-TORRES ENF EXT > P10-TRR-BMB-BO37,P10 > P10-SRV-LGC-SERVICIOS > P10-SRV-LGC-TORRES ENF EXT > P10-TRR-BMB-BO37 > P10-TRR-SLA-SALA BO37,176327,e873c32e-5e0c-4f36-b2a7-48d4917bce06-0002b0c7,Roofs,,Genérico - 400 mm,Genérico - 400 mm,,P10 > P10-SRV-LGC-SERVICIOS > P10-ADM-OFC-OFICINA MANT,contenedor_scoring,176327,e873c32e-5e0c-4f36-b2a7-48d4917bce06-0002b0c7,P10 > P10-SRV-LGC-SERVICIOS > P10-ADM-OFC-OFICINA MANT,3,27,NO,200,200,0,ancestro_project_exacto_duplicado,176327:200:P10 > P10-SRV-LGC-SERVICIOS > P10-ADM-OFC-OFICINA MANT || 185694:200:P10 > P10-SRV-LGC-SERVICIOS > P10-SRV-LGC-TORRES ENF EXT || 227527:200:P10 > P10-SRV-LGC-SERVICIOS > P10-SRV-CLD-CMB CALDERA || 332643:200:P10 > P10-SRV-LGC-SERVICIOS > P10-SRV-LGC-TRATAMIENTO AGUA || 355813:200:P10 > P10-SRV-LGC-SERVICIOS > P10-SCT-SECTOR OBRADORES || 356583:200:P10 > P10-SRV-LGC-SERVICIOS > P10-SCT-SECTOR OBRADORES || 356627:200:P10 > P10-SRV-LGC-SERVICIOS > P10-SCT-SECTOR OBRADORES || 356674:200:P10 > P10-SRV-LGC-SERVICIOS > P10-SCT-SECTOR OBRADORES || ... +13,P10-SRV-LGC-SERVICIOS,Ancestro Project P10-SRV-LGC-SERVICIOS aparece en 21 contenedores.,P10,P10-SRV-LGC-SERVICIOS,P10-ADM-OFC-OFICINA MANT,,,,,,,,,,,,,,,,,,,,,,,,,,,,hay más de un contenedor candidato
contenedor_duplicado,contenedor_por_ancestro_project,P10-TRR-BMB-BOREFRIG,BOMBA REFRIGERACION AIRE ACONDICIONADO (JUNTO TORRES),790,4,790,P10-SRV-LGC-TORRES ENF EXT,P10-SRV-LGC-TORRES,P10-SRV-LGC-SERVICIOS > P10-SRV-LGC-TORRES,P10 > P10-SRV-LGC-SERVICIOS > P10-SRV-LGC-TORRES ENF EXT,P10 > P10-SRV-LGC-SERVICIOS > P10-SRV-LGC-TORRES ENF EXT > P10-TRR-BMB-BOREFRIG,176327,e873c32e-5e0c-4f36-b2a7-48d4917bce06-0002b0c7,Roofs,,Genérico - 400 mm,Genérico - 400 mm,,P10 > P10-SRV-LGC-SERVICIOS > P10-ADM-OFC-OFICINA MANT,contenedor_scoring,176327,e873c32e-5e0c-4f36-b2a7-48d4917bce06-0002b0c7,P10 > P10-SRV-LGC-SERVICIOS > P10-ADM-OFC-OFICINA MANT,3,27,NO,200,200,0,ancestro_project_exacto_duplicado,176327:200:P10 > P10-SRV-LGC-SERVICIOS > P10-ADM-OFC-OFICINA MANT || 185694:200:P10 > P10-SRV-LGC-SERVICIOS > P10-SRV-LGC-TORRES ENF EXT || 227527:200:P10 > P10-SRV-LGC-SERVICIOS > P10-SRV-CLD-CMB CALDERA || 332643:200:P10 > P10-SRV-LGC-SERVICIOS > P10-SRV-LGC-TRATAMIENTO AGUA || 355813:200:P10 > P10-SRV-LGC-SERVICIOS > P10-SCT-SECTOR OBRADORES || 356583:200:P10 > P10-SRV-LGC-SERVICIOS > P10-SCT-SECTOR OBRADORES || 356627:200:P10 > P10-SRV-LGC-SERVICIOS > P10-SCT-SECTOR OBRADORES || 356674:200:P10 > P10-SRV-LGC-SERVICIOS > P10-SCT-SECTOR OBRADORES || ... +13,P10-SRV-LGC-SERVICIOS,Ancestro Project P10-SRV-LGC-SERVICIOS aparece en 21 contenedores.,P10,P10-SRV-LGC-SERVICIOS,P10-ADM-OFC-OFICINA MANT,,,,,,,,,,,,,,,,,,,,,,,,,,,,hay más de un contenedor candidato
contenedor_duplicado,contenedor_por_ancestro_project,P10-TRR-TRR-TEP10,TORRE ENFRIAMIENTO P10 (EDIFICIO),791,4,791,P10-SRV-LGC-TORRES ENF EXT,P10-SRV-LGC-TORRES,P10-SRV-LGC-SERVICIOS > P10-SRV-LGC-TORRES,P10 > P10-SRV-LGC-SERVICIOS > P10-SRV-LGC-TORRES ENF EXT,P10 > P10-SRV-LGC-SERVICIOS > P10-SRV-LGC-TORRES ENF EXT > P10-TRR-TRR-TEP10,176327,e873c32e-5e0c-4f36-b2a7-48d4917bce06-0002b0c7,Roofs,,Genérico - 400 mm,Genérico - 400 mm,,P10 > P10-SRV-LGC-SERVICIOS > P10-ADM-OFC-OFICINA MANT,contenedor_scoring,176327,e873c32e-5e0c-4f36-b2a7-48d4917bce06-0002b0c7,P10 > P10-SRV-LGC-SERVICIOS > P10-ADM-OFC-OFICINA MANT,3,27,NO,200,200,0,ancestro_project_exacto_duplicado,176327:200:P10 > P10-SRV-LGC-SERVICIOS > P10-ADM-OFC-OFICINA MANT || 185694:200:P10 > P10-SRV-LGC-SERVICIOS > P10-SRV-LGC-TORRES ENF EXT || 227527:200:P10 > P10-SRV-LGC-SERVICIOS > P10-SRV-CLD-CMB CALDERA || 332643:200:P10 > P10-SRV-LGC-SERVICIOS > P10-SRV-LGC-TRATAMIENTO AGUA || 355813:200:P10 > P10-SRV-LGC-SERVICIOS > P10-SCT-SECTOR OBRADORES || 356583:200:P10 > P10-SRV-LGC-SERVICIOS > P10-SCT-SECTOR OBRADORES || 356627:200:P10 > P10-SRV-LGC-SERVICIOS > P10-SCT-SECTOR OBRADORES || 356674:200:P10 > P10-SRV-LGC-SERVICIOS > P10-SCT-SECTOR OBRADORES || ... +13,P10-SRV-LGC-SERVICIOS,Ancestro Project P10-SRV-LGC-SERVICIOS aparece en 21 contenedores.,P10,P10-SRV-LGC-SERVICIOS,P10-ADM-OFC-OFICINA MANT,,,,,,,,,,,,,,,,,,,,,,,,,,,,hay más de un contenedor candidato
contenedor_duplicado,contenedor_por_ancestro_project,P10-TRR-BMB-BMB,BOMBA TANQUE DE HIPOCLORITO,792,5,792,P10-TRR-TRR-TEP10,P10-TRR-TRR-TEP10,P10-SRV-LGC-SERVICIOS > P10-SRV-LGC-TORRES > P10-TRR-TRR-TEP10,P10 > P10-SRV-LGC-SERVICIOS > P10-SRV-LGC-TORRES ENF EXT > P10-TRR-TRR-TEP10,P10 > P10-SRV-LGC-SERVICIOS > P10-SRV-LGC-TORRES ENF EXT > P10-TRR-TRR-TEP10 > P10-TRR-BMB-BMB TK HIPO,176327,e873c32e-5e0c-4f36-b2a7-48d4917bce06-0002b0c7,Roofs,,Genérico - 400 mm,Genérico - 400 mm,,P10 > P10-SRV-LGC-SERVICIOS > P10-ADM-OFC-OFICINA MANT,contenedor_scoring,176327,e873c32e-5e0c-4f36-b2a7-48d4917bce06-0002b0c7,P10 > P10-SRV-LGC-SERVICIOS > P10-ADM-OFC-OFICINA MANT,3,27,NO,200,200,0,ancestro_project_exacto_duplicado,176327:200:P10 > P10-SRV-LGC-SERVICIOS > P10-ADM-OFC-OFICINA MANT || 185694:200:P10 > P10-SRV-LGC-SERVICIOS > P10-SRV-LGC-TORRES ENF EXT || 227527:200:P10 > P10-SRV-LGC-SERVICIOS > P10-SRV-CLD-CMB CALDERA || 332643:200:P10 > P10-SRV-LGC-SERVICIOS > P10-SRV-LGC-TRATAMIENTO AGUA || 355813:200:P10 > P10-SRV-LGC-SERVICIOS > P10-SCT-SECTOR OBRADORES || 356583:200:P10 > P10-SRV-LGC-SERVICIOS > P10-SCT-SECTOR OBRADORES || 356627:200:P10 > P10-SRV-LGC-SERVICIOS > P10-SCT-SECTOR OBRADORES || 356674:200:P10 > P10-SRV-LGC-SERVICIOS > P10-SCT-SECTOR OBRADORES || ... +13,P10-SRV-LGC-SERVICIOS,Ancestro Project P10-SRV-LGC-SERVICIOS aparece en 21 contenedores.,P10,P10-SRV-LGC-SERVICIOS,P10-ADM-OFC-OFICINA MANT,,,,,,,,,,,,,,,,,,,,,,,,,,,,hay más de un contenedor candidato
contenedor_duplicado,contenedor_por_ancestro_project,P10-TRR-TNQ-TK,TANQUE HIPOCLORITO,793,5,793,P10-TRR-TRR-TEP10,P10-TRR-TRR-TEP10,P10-SRV-LGC-SERVICIOS > P10-SRV-LGC-TORRES > P10-TRR-TRR-TEP10,P10 > P10-SRV-LGC-SERVICIOS > P10-SRV-LGC-TORRES ENF EXT > P10-TRR-TRR-TEP10,P10 > P10-SRV-LGC-SERVICIOS > P10-SRV-LGC-TORRES ENF EXT > P10-TRR-TRR-TEP10 > P10-TRR-TNQ-TK HIPOCLORITO,176327,e873c32e-5e0c-4f36-b2a7-48d4917bce06-0002b0c7,Roofs,,Genérico - 400 mm,Genérico - 400 mm,,P10 > P10-SRV-LGC-SERVICIOS > P10-ADM-OFC-OFICINA MANT,contenedor_scoring,176327,e873c32e-5e0c-4f36-b2a7-48d4917bce06-0002b0c7,P10 > P10-SRV-LGC-SERVICIOS > P10-ADM-OFC-OFICINA MANT,3,27,NO,200,200,0,ancestro_project_exacto_duplicado,176327:200:P10 > P10-SRV-LGC-SERVICIOS > P10-ADM-OFC-OFICINA MANT || 185694:200:P10 > P10-SRV-LGC-SERVICIOS > P10-SRV-LGC-TORRES ENF EXT || 227527:200:P10 > P10-SRV-LGC-SERVICIOS > P10-SRV-CLD-CMB CALDERA || 332643:200:P10 > P10-SRV-LGC-SERVICIOS > P10-SRV-LGC-TRATAMIENTO AGUA || 355813:200:P10 > P10-SRV-LGC-SERVICIOS > P10-SCT-SECTOR OBRADORES || 356583:200:P10 > P10-SRV-LGC-SERVICIOS > P10-SCT-SECTOR OBRADORES || 356627:200:P10 > P10-SRV-LGC-SERVICIOS > P10-SCT-SECTOR OBRADORES || 356674:200:P10 > P10-SRV-LGC-SERVICIOS > P10-SCT-SECTOR OBRADORES || ... +13,P10-SRV-LGC-SERVICIOS,Ancestro Project P10-SRV-LGC-SERVICIOS aparece en 21 contenedores.,P10,P10-SRV-LGC-SERVICIOS,P10-ADM-OFC-OFICINA MANT,,,,,,,,,,,,,,,,,,,,,,,,,,,,hay más de un contenedor candidato
contenedor_duplicado,contenedor_por_ancestro_project,P10-TRR-BMB-BO,BOMBA HIPOCLORITO DE SODIO A TORRE,794,6,794,P10-TRR-TNQ-TK HIPOCLORITO,P10-TRR-TNQ-TK,P10-SRV-LGC-SERVICIOS > P10-SRV-LGC-TORRES > P10-TRR-TRR-TEP10 > P10-TRR-TNQ-TK,P10 > P10-SRV-LGC-SERVICIOS > P10-SRV-LGC-TORRES ENF EXT > P10-TRR-TRR-TEP10 > P10-TRR-TNQ-TK HIPOCLORITO,P10 > P10-SRV-LGC-SERVICIOS > P10-SRV-LGC-TORRES ENF EXT > P10-TRR-TRR-TEP10 > P10-TRR-TNQ-TK HIPOCLORITO > P10-TRR-BMB-BO HIPOCLR,176327,e873c32e-5e0c-4f36-b2a7-48d4917bce06-0002b0c7,Roofs,,Genérico - 400 mm,Genérico - 400 mm,,P10 > P10-SRV-LGC-SERVICIOS > P10-ADM-OFC-OFICINA MANT,contenedor_scoring,176327,e873c32e-5e0c-4f36-b2a7-48d4917bce06-0002b0c7,P10 > P10-SRV-LGC-SERVICIOS > P10-ADM-OFC-OFICINA MANT,3,27,NO,200,200,0,ancestro_project_exacto_duplicado,176327:200:P10 > P10-SRV-LGC-SERVICIOS > P10-ADM-OFC-OFICINA MANT || 185694:200:P10 > P10-SRV-LGC-SERVICIOS > P10-SRV-LGC-TORRES ENF EXT || 227527:200:P10 > P10-SRV-LGC-SERVICIOS > P10-SRV-CLD-CMB CALDERA || 332643:200:P10 > P10-SRV-LGC-SERVICIOS > P10-SRV-LGC-TRATAMIENTO AGUA || 355813:200:P10 > P10-SRV-LGC-SERVICIOS > P10-SCT-SECTOR OBRADORES || 356583:200:P10 > P10-SRV-LGC-SERVICIOS > P10-SCT-SECTOR OBRADORES || 356627:200:P10 > P10-SRV-LGC-SERVICIOS > P10-SCT-SECTOR OBRADORES || 356674:200:P10 > P10-SRV-LGC-SERVICIOS > P10-SCT-SECTOR OBRADORES || ... +13,P10-SRV-LGC-SERVICIOS,Código repetido en Project 6 veces. Ancestro Project P10-SRV-LGC-SERVICIOS aparece en 21 contenedores.,P10,P10-SRV-LGC-SERVICIOS,P10-ADM-OFC-OFICINA MANT,,,,,,,,,,,,,,,,,,,,,,,,,,,,hay más de un contenedor candidato
contenedor_duplicado,contenedor_por_ancestro_project,P10-TRR-LGC-TRAT,TRATAMIENTO QUIMICO DE TORRES SUEZ,795,4,795,P10-SRV-LGC-TORRES ENF EXT,P10-SRV-LGC-TORRES,P10-SRV-LGC-SERVICIOS > P10-SRV-LGC-TORRES,P10 > P10-SRV-LGC-SERVICIOS > P10-SRV-LGC-TORRES ENF EXT,P10 > P10-SRV-LGC-SERVICIOS > P10-SRV-LGC-TORRES ENF EXT > P10-TRR-LGC-TRAT QUIM TORRES,176327,e873c32e-5e0c-4f36-b2a7-48d4917bce06-0002b0c7,Roofs,,Genérico - 400 mm,Genérico - 400 mm,,P10 > P10-SRV-LGC-SERVICIOS > P10-ADM-OFC-OFICINA MANT,contenedor_scoring,176327,e873c32e-5e0c-4f36-b2a7-48d4917bce06-0002b0c7,P10 > P10-SRV-LGC-SERVICIOS > P10-ADM-OFC-OFICINA MANT,3,27,NO,200,200,0,ancestro_project_exacto_duplicado,176327:200:P10 > P10-SRV-LGC-SERVICIOS > P10-ADM-OFC-OFICINA MANT || 185694:200:P10 > P10-SRV-LGC-SERVICIOS > P10-SRV-LGC-TORRES ENF EXT || 227527:200:P10 > P10-SRV-LGC-SERVICIOS > P10-SRV-CLD-CMB CALDERA || 332643:200:P10 > P10-SRV-LGC-SERVICIOS > P10-SRV-LGC-TRATAMIENTO AGUA || 355813:200:P10 > P10-SRV-LGC-SERVICIOS > P10-SCT-SECTOR OBRADORES || 356583:200:P10 > P10-SRV-LGC-SERVICIOS > P10-SCT-SECTOR OBRADORES || 356627:200:P10 > P10-SRV-LGC-SERVICIOS > P10-SCT-SECTOR OBRADORES || 356674:200:P10 > P10-SRV-LGC-SERVICIOS > P10-SCT-SECTOR OBRADORES || ... +13,P10-SRV-LGC-SERVICIOS,Ancestro Project P10-SRV-LGC-SERVICIOS aparece en 21 contenedores.,P10,P10-SRV-LGC-SERVICIOS,P10-ADM-OFC-OFICINA MANT,,,,,,,,,,,,,,,,,,,,,,,,,,,,hay más de un contenedor candidato
contenedor_duplicado,contenedor_por_ancestro_project,P10-TRR-IBC-02,IBC DE SUEZ FLOGARD MS6209 INHIBIDOR DE CORROSION,801,5,801,P10-TRR-LGC-TRAT QUIM TORRES,P10-TRR-LGC-TRAT,P10-SRV-LGC-SERVICIOS > P10-SRV-LGC-TORRES > P10-TRR-LGC-TRAT,P10 > P10-SRV-LGC-SERVICIOS > P10-SRV-LGC-TORRES ENF EXT > P10-TRR-LGC-TRAT QUIM TORRES,P10 > P10-SRV-LGC-SERVICIOS > P10-SRV-LGC-TORRES ENF EXT > P10-TRR-LGC-TRAT QUIM TORRES > P10-TRR-IBC-02,176327,e873c32e-5e0c-4f36-b2a7-48d4917bce06-0002b0c7,Roofs,,Genérico - 400 mm,Genérico - 400 mm,,P10 > P10-SRV-LGC-SERVICIOS > P10-ADM-OFC-OFICINA MANT,contenedor_scoring,176327,e873c32e-5e0c-4f36-b2a7-48d4917bce06-0002b0c7,P10 > P10-SRV-LGC-SERVICIOS > P10-ADM-OFC-OFICINA MANT,3,27,NO,200,200,0,ancestro_project_exacto_duplicado,176327:200:P10 > P10-SRV-LGC-SERVICIOS > P10-ADM-OFC-OFICINA MANT || 185694:200:P10 > P10-SRV-LGC-SERVICIOS > P10-SRV-LGC-TORRES ENF EXT || 227527:200:P10 > P10-SRV-LGC-SERVICIOS > P10-SRV-CLD-CMB CALDERA || 332643:200:P10 > P10-SRV-LGC-SERVICIOS > P10-SRV-LGC-TRATAMIENTO AGUA || 355813:200:P10 > P10-SRV-LGC-SERVICIOS > P10-SCT-SECTOR OBRADORES || 356583:200:P10 > P10-SRV-LGC-SERVICIOS > P10-SCT-SECTOR OBRADORES || 356627:200:P10 > P10-SRV-LGC-SERVICIOS > P10-SCT-SECTOR OBRADORES || 356674:200:P10 > P10-SRV-LGC-SERVICIOS > P10-SCT-SECTOR OBRADORES || ... +13,P10-SRV-LGC-SERVICIOS,Ancestro Project P10-SRV-LGC-SERVICIOS aparece en 21 contenedores.,P10,P10-SRV-LGC-SERVICIOS,P10-ADM-OFC-OFICINA MANT,,,,,,,,,,,,,,,,,,,,,,,,,,,,hay más de un contenedor candidato
contenedor_duplicado,contenedor_por_ancestro_project,P10-TRR-IBC-01,IBC DE SUEZ GENGARD GN8020 AGENTE DE CONTROL DE DEPOSITOS,802,5,802,P10-TRR-LGC-TRAT QUIM TORRES,P10-TRR-LGC-TRAT,P10-SRV-LGC-SERVICIOS > P10-SRV-LGC-TORRES > P10-TRR-LGC-TRAT,P10 > P10-SRV-LGC-SERVICIOS > P10-SRV-LGC-TORRES ENF EXT > P10-TRR-LGC-TRAT QUIM TORRES,P10 > P10-SRV-LGC-SERVICIOS > P10-SRV-LGC-TORRES ENF EXT > P10-TRR-LGC-TRAT QUIM TORRES > P10-TRR-IBC-01,176327,e873c32e-5e0c-4f36-b2a7-48d4917bce06-0002b0c7,Roofs,,Genérico - 400 mm,Genérico - 400 mm,,P10 > P10-SRV-LGC-SERVICIOS > P10-ADM-OFC-OFICINA MANT,contenedor_scoring,176327,e873c32e-5e0c-4f36-b2a7-48d4917bce06-0002b0c7,P10 > P10-SRV-LGC-SERVICIOS > P10-ADM-OFC-OFICINA MANT,3,27,NO,200,200,0,ancestro_project_exacto_duplicado,176327:200:P10 > P10-SRV-LGC-SERVICIOS > P10-ADM-OFC-OFICINA MANT || 185694:200:P10 > P10-SRV-LGC-SERVICIOS > P10-SRV-LGC-TORRES ENF EXT || 227527:200:P10 > P10-SRV-LGC-SERVICIOS > P10-SRV-CLD-CMB CALDERA || 332643:200:P10 > P10-SRV-LGC-SERVICIOS > P10-SRV-LGC-TRATAMIENTO AGUA || 355813:200:P10 > P10-SRV-LGC-SERVICIOS > P10-SCT-SECTOR OBRADORES || 356583:200:P10 > P10-SRV-LGC-SERVICIOS > P10-SCT-SECTOR OBRADORES || 356627:200:P10 > P10-SRV-LGC-SERVICIOS > P10-SCT-SECTOR OBRADORES || 356674:200:P10 > P10-SRV-LGC-SERVICIOS > P10-SCT-SECTOR OBRADORES || ... +13,P10-SRV-LGC-SERVICIOS,Ancestro Project P10-SRV-LGC-SERVICIOS aparece en 21 contenedores.,P10,P10-SRV-LGC-SERVICIOS,P10-ADM-OFC-OFICINA MANT,,,,,,,,,,,,,,,,,,,,,,,,,,,,hay más de un contenedor candidato
contenedor_duplicado,contenedor_por_ancestro_project,P10-TRR-IBC-03,IBC DE SUEZ SPECTRUS OX1201 AGENTE DE CONTROL MICROBIOLOGICO BASE AGUA,803,5,803,P10-TRR-LGC-TRAT QUIM TORRES,P10-TRR-LGC-TRAT,P10-SRV-LGC-SERVICIOS > P10-SRV-LGC-TORRES > P10-TRR-LGC-TRAT,P10 > P10-SRV-LGC-SERVICIOS > P10-SRV-LGC-TORRES ENF EXT > P10-TRR-LGC-TRAT QUIM TORRES,P10 > P10-SRV-LGC-SERVICIOS > P10-SRV-LGC-TORRES ENF EXT > P10-TRR-LGC-TRAT QUIM TORRES > P10-TRR-IBC-03,176327,e873c32e-5e0c-4f36-b2a7-48d4917bce06-0002b0c7,Roofs,,Genérico - 400 mm,Genérico - 400 mm,,P10 > P10-SRV-LGC-SERVICIOS > P10-ADM-OFC-OFICINA MANT,contenedor_scoring,176327,e873c32e-5e0c-4f36-b2a7-48d4917bce06-0002b0c7,P10 > P10-SRV-LGC-SERVICIOS > P10-ADM-OFC-OFICINA MANT,3,27,NO,200,200,0,ancestro_project_exacto_duplicado,176327:200:P10 > P10-SRV-LGC-SERVICIOS > P10-ADM-OFC-OFICINA MANT || 185694:200:P10 > P10-SRV-LGC-SERVICIOS > P10-SRV-LGC-TORRES ENF EXT || 227527:200:P10 > P10-SRV-LGC-SERVICIOS > P10-SRV-CLD-CMB CALDERA || 332643:200:P10 > P10-SRV-LGC-SERVICIOS > P10-SRV-LGC-TRATAMIENTO AGUA || 355813:200:P10 > P10-SRV-LGC-SERVICIOS > P10-SCT-SECTOR OBRADORES || 356583:200:P10 > P10-SRV-LGC-SERVICIOS > P10-SCT-SECTOR OBRADORES || 356627:200:P10 > P10-SRV-LGC-SERVICIOS > P10-SCT-SECTOR OBRADORES || 356674:200:P10 > P10-SRV-LGC-SERVICIOS > P10-SCT-SECTOR OBRADORES || ... +13,P10-SRV-LGC-SERVICIOS,Ancestro Project P10-SRV-LGC-SERVICIOS aparece en 21 contenedores.,P10,P10-SRV-LGC-SERVICIOS,P10-ADM-OFC-OFICINA MANT,,,,,,,,,,,,,,,,,,,,,,,,,,,,hay más de un contenedor candidato
contenedor_duplicado,contenedor_por_ancestro_project,P10-TRR-VNT-VETE01,VENTILADOR TORRE ENFRIAMIENTO SULZER EWZ 70-16,804,4,804,P10-SRV-LGC-TORRES ENF EXT,P10-SRV-LGC-TORRES,P10-SRV-LGC-SERVICIOS > P10-SRV-LGC-TORRES,P10 > P10-SRV-LGC-SERVICIOS > P10-SRV-LGC-TORRES ENF EXT,P10 > P10-SRV-LGC-SERVICIOS > P10-SRV-LGC-TORRES ENF EXT > P10-TRR-VNT-VETE01,176327,e873c32e-5e0c-4f36-b2a7-48d4917bce06-0002b0c7,Roofs,,Genérico - 400 mm,Genérico - 400 mm,,P10 > P10-SRV-LGC-SERVICIOS > P10-ADM-OFC-OFICINA MANT,contenedor_scoring,176327,e873c32e-5e0c-4f36-b2a7-48d4917bce06-0002b0c7,P10 > P10-SRV-LGC-SERVICIOS > P10-ADM-OFC-OFICINA MANT,3,27,NO,200,200,0,ancestro_project_exacto_duplicado,176327:200:P10 > P10-SRV-LGC-SERVICIOS > P10-ADM-OFC-OFICINA MANT || 185694:200:P10 > P10-SRV-LGC-SERVICIOS > P10-SRV-LGC-TORRES ENF EXT || 227527:200:P10 > P10-SRV-LGC-SERVICIOS > P10-SRV-CLD-CMB CALDERA || 332643:200:P10 > P10-SRV-LGC-SERVICIOS > P10-SRV-LGC-TRATAMIENTO AGUA || 355813:200:P10 > P10-SRV-LGC-SERVICIOS > P10-SCT-SECTOR OBRADORES || 356583:200:P10 > P10-SRV-LGC-SERVICIOS > P10-SCT-SECTOR OBRADORES || 356627:200:P10 > P10-SRV-LGC-SERVICIOS > P10-SCT-SECTOR OBRADORES || 356674:200:P10 > P10-SRV-LGC-SERVICIOS > P10-SCT-SECTOR OBRADORES || ... +13,P10-SRV-LGC-SERVICIOS,Ancestro Project P10-SRV-LGC-SERVICIOS aparece en 21 contenedores.,P10,P10-SRV-LGC-SERVICIOS,P10-ADM-OFC-OFICINA MANT,,,,,,,,,,,,,,,,,,,,,,,,,,,,hay más de un contenedor candidato
contenedor_duplicado,contenedor_por_ancestro_project,P10-TRR-VNT-VETE02,VENTILADOR TORRE ENFRIAMIENTO SULZER EWZ 70-16,805,4,805,P10-SRV-LGC-TORRES ENF EXT,P10-SRV-LGC-TORRES,P10-SRV-LGC-SERVICIOS > P10-SRV-LGC-TORRES,P10 > P10-SRV-LGC-SERVICIOS > P10-SRV-LGC-TORRES ENF EXT,P10 > P10-SRV-LGC-SERVICIOS > P10-SRV-LGC-TORRES ENF EXT > P10-TRR-VNT-VETE02,176327,e873c32e-5e0c-4f36-b2a7-48d4917bce06-0002b0c7,Roofs,,Genérico - 400 mm,Genérico - 400 mm,,P10 > P10-SRV-LGC-SERVICIOS > P10-ADM-OFC-OFICINA MANT,contenedor_scoring,176327,e873c32e-5e0c-4f36-b2a7-48d4917bce06-0002b0c7,P10 > P10-SRV-LGC-SERVICIOS > P10-ADM-OFC-OFICINA MANT,3,27,NO,200,200,0,ancestro_project_exacto_duplicado,176327:200:P10 > P10-SRV-LGC-SERVICIOS > P10-ADM-OFC-OFICINA MANT || 185694:200:P10 > P10-SRV-LGC-SERVICIOS > P10-SRV-LGC-TORRES ENF EXT || 227527:200:P10 > P10-SRV-LGC-SERVICIOS > P10-SRV-CLD-CMB CALDERA || 332643:200:P10 > P10-SRV-LGC-SERVICIOS > P10-SRV-LGC-TRATAMIENTO AGUA || 355813:200:P10 > P10-SRV-LGC-SERVICIOS > P10-SCT-SECTOR OBRADORES || 356583:200:P10 > P10-SRV-LGC-SERVICIOS > P10-SCT-SECTOR OBRADORES || 356627:200:P10 > P10-SRV-LGC-SERVICIOS > P10-SCT-SECTOR OBRADORES || 356674:200:P10 > P10-SRV-LGC-SERVICIOS > P10-SCT-SECTOR OBRADORES || ... +13,P10-SRV-LGC-SERVICIOS,Ancestro Project P10-SRV-LGC-SERVICIOS aparece en 21 contenedores.,P10,P10-SRV-LGC-SERVICIOS,P10-ADM-OFC-OFICINA MANT,,,,,,,,,,,,,,,,,,,,,,,,,,,,hay más de un contenedor candidato
contenedor_duplicado,contenedor_por_ancestro_project,P10-TRR-VNT-VETE03,VENTILADOR TORRE ENFRIAMIENTO SULZER EWZ 70-16,806,4,806,P10-SRV-LGC-TORRES ENF EXT,P10-SRV-LGC-TORRES,P10-SRV-LGC-SERVICIOS > P10-SRV-LGC-TORRES,P10 > P10-SRV-LGC-SERVICIOS > P10-SRV-LGC-TORRES ENF EXT,P10 > P10-SRV-LGC-SERVICIOS > P10-SRV-LGC-TORRES ENF EXT > P10-TRR-VNT-VETE03,176327,e873c32e-5e0c-4f36-b2a7-48d4917bce06-0002b0c7,Roofs,,Genérico - 400 mm,Genérico - 400 mm,,P10 > P10-SRV-LGC-SERVICIOS > P10-ADM-OFC-OFICINA MANT,contenedor_scoring,176327,e873c32e-5e0c-4f36-b2a7-48d4917bce06-0002b0c7,P10 > P10-SRV-LGC-SERVICIOS > P10-ADM-OFC-OFICINA MANT,3,27,NO,200,200,0,ancestro_project_exacto_duplicado,176327:200:P10 > P10-SRV-LGC-SERVICIOS > P10-ADM-OFC-OFICINA MANT || 185694:200:P10 > P10-SRV-LGC-SERVICIOS > P10-SRV-LGC-TORRES ENF EXT || 227527:200:P10 > P10-SRV-LGC-SERVICIOS > P10-SRV-CLD-CMB CALDERA || 332643:200:P10 > P10-SRV-LGC-SERVICIOS > P10-SRV-LGC-TRATAMIENTO AGUA || 355813:200:P10 > P10-SRV-LGC-SERVICIOS > P10-SCT-SECTOR OBRADORES || 356583:200:P10 > P10-SRV-LGC-SERVICIOS > P10-SCT-SECTOR OBRADORES || 356627:200:P10 > P10-SRV-LGC-SERVICIOS > P10-SCT-SECTOR OBRADORES || 356674:200:P10 > P10-SRV-LGC-SERVICIOS > P10-SCT-SECTOR OBRADORES || ... +13,P10-SRV-LGC-SERVICIOS,Ancestro Project P10-SRV-LGC-SERVICIOS aparece en 21 contenedores.,P10,P10-SRV-LGC-SERVICIOS,P10-ADM-OFC-OFICINA MANT,,,,,,,,,,,,,,,,,,,,,,,,,,,,hay más de un contenedor candidato
contenedor_duplicado,contenedor_por_ancestro_project,P10-TRR-VNT-VETE04,VENTILADOR TORRE ENFRIAMIENTO SULZER EWZ 70-16,807,4,807,P10-SRV-LGC-TORRES ENF EXT,P10-SRV-LGC-TORRES,P10-SRV-LGC-SERVICIOS > P10-SRV-LGC-TORRES,P10 > P10-SRV-LGC-SERVICIOS > P10-SRV-LGC-TORRES ENF EXT,P10 > P10-SRV-LGC-SERVICIOS > P10-SRV-LGC-TORRES ENF EXT > P10-TRR-VNT-VETE04,176327,e873c32e-5e0c-4f36-b2a7-48d4917bce06-0002b0c7,Roofs,,Genérico - 400 mm,Genérico - 400 mm,,P10 > P10-SRV-LGC-SERVICIOS > P10-ADM-OFC-OFICINA MANT,contenedor_scoring,176327,e873c32e-5e0c-4f36-b2a7-48d4917bce06-0002b0c7,P10 > P10-SRV-LGC-SERVICIOS > P10-ADM-OFC-OFICINA MANT,3,27,NO,200,200,0,ancestro_project_exacto_duplicado,176327:200:P10 > P10-SRV-LGC-SERVICIOS > P10-ADM-OFC-OFICINA MANT || 185694:200:P10 > P10-SRV-LGC-SERVICIOS > P10-SRV-LGC-TORRES ENF EXT || 227527:200:P10 > P10-SRV-LGC-SERVICIOS > P10-SRV-CLD-CMB CALDERA || 332643:200:P10 > P10-SRV-LGC-SERVICIOS > P10-SRV-LGC-TRATAMIENTO AGUA || 355813:200:P10 > P10-SRV-LGC-SERVICIOS > P10-SCT-SECTOR OBRADORES || 356583:200:P10 > P10-SRV-LGC-SERVICIOS > P10-SCT-SECTOR OBRADORES || 356627:200:P10 > P10-SRV-LGC-SERVICIOS > P10-SCT-SECTOR OBRADORES || 356674:200:P10 > P10-SRV-LGC-SERVICIOS > P10-SCT-SECTOR OBRADORES || ... +13,P10-SRV-LGC-SERVICIOS,Ancestro Project P10-SRV-LGC-SERVICIOS aparece en 21 contenedores.,P10,P10-SRV-LGC-SERVICIOS,P10-ADM-OFC-OFICINA MANT,,,,,,,,,,,,,,,,,,,,,,,,,,,,hay más de un contenedor candidato
contenedor_duplicado,contenedor_por_ancestro_project,P10-TRR-VNT-VETE05,VENTILADOR TORRE ENFRIAMIENTO SULZER EWZ 70-16,808,4,808,P10-SRV-LGC-TORRES ENF EXT,P10-SRV-LGC-TORRES,P10-SRV-LGC-SERVICIOS > P10-SRV-LGC-TORRES,P10 > P10-SRV-LGC-SERVICIOS > P10-SRV-LGC-TORRES ENF EXT,P10 > P10-SRV-LGC-SERVICIOS > P10-SRV-LGC-TORRES ENF EXT > P10-TRR-VNT-VETE05,176327,e873c32e-5e0c-4f36-b2a7-48d4917bce06-0002b0c7,Roofs,,Genérico - 400 mm,Genérico - 400 mm,,P10 > P10-SRV-LGC-SERVICIOS > P10-ADM-OFC-OFICINA MANT,contenedor_scoring,176327,e873c32e-5e0c-4f36-b2a7-48d4917bce06-0002b0c7,P10 > P10-SRV-LGC-SERVICIOS > P10-ADM-OFC-OFICINA MANT,3,27,NO,200,200,0,ancestro_project_exacto_duplicado,176327:200:P10 > P10-SRV-LGC-SERVICIOS > P10-ADM-OFC-OFICINA MANT || 185694:200:P10 > P10-SRV-LGC-SERVICIOS > P10-SRV-LGC-TORRES ENF EXT || 227527:200:P10 > P10-SRV-LGC-SERVICIOS > P10-SRV-CLD-CMB CALDERA || 332643:200:P10 > P10-SRV-LGC-SERVICIOS > P10-SRV-LGC-TRATAMIENTO AGUA || 355813:200:P10 > P10-SRV-LGC-SERVICIOS > P10-SCT-SECTOR OBRADORES || 356583:200:P10 > P10-SRV-LGC-SERVICIOS > P10-SCT-SECTOR OBRADORES || 356627:200:P10 > P10-SRV-LGC-SERVICIOS > P10-SCT-SECTOR OBRADORES || 356674:200:P10 > P10-SRV-LGC-SERVICIOS > P10-SCT-SECTOR OBRADORES || ... +13,P10-SRV-LGC-SERVICIOS,Ancestro Project P10-SRV-LGC-SERVICIOS aparece en 21 contenedores.,P10,P10-SRV-LGC-SERVICIOS,P10-ADM-OFC-OFICINA MANT,,,,,,,,,,,,,,,,,,,,,,,,,,,,hay más de un contenedor candidato
contenedor_duplicado,contenedor_por_ancestro_project,P10-TRR-VNT-VETE06,VENTILADOR TORRE ENFRIAMIENTO SULZER EWZ 70-16,809,4,809,P10-SRV-LGC-TORRES ENF EXT,P10-SRV-LGC-TORRES,P10-SRV-LGC-SERVICIOS > P10-SRV-LGC-TORRES,P10 > P10-SRV-LGC-SERVICIOS > P10-SRV-LGC-TORRES ENF EXT,P10 > P10-SRV-LGC-SERVICIOS > P10-SRV-LGC-TORRES ENF EXT > P10-TRR-VNT-VETE06,176327,e873c32e-5e0c-4f36-b2a7-48d4917bce06-0002b0c7,Roofs,,Genérico - 400 mm,Genérico - 400 mm,,P10 > P10-SRV-LGC-SERVICIOS > P10-ADM-OFC-OFICINA MANT,contenedor_scoring,176327,e873c32e-5e0c-4f36-b2a7-48d4917bce06-0002b0c7,P10 > P10-SRV-LGC-SERVICIOS > P10-ADM-OFC-OFICINA MANT,3,27,NO,200,200,0,ancestro_project_exacto_duplicado,176327:200:P10 > P10-SRV-LGC-SERVICIOS > P10-ADM-OFC-OFICINA MANT || 185694:200:P10 > P10-SRV-LGC-SERVICIOS > P10-SRV-LGC-TORRES ENF EXT || 227527:200:P10 > P10-SRV-LGC-SERVICIOS > P10-SRV-CLD-CMB CALDERA || 332643:200:P10 > P10-SRV-LGC-SERVICIOS > P10-SRV-LGC-TRATAMIENTO AGUA || 355813:200:P10 > P10-SRV-LGC-SERVICIOS > P10-SCT-SECTOR OBRADORES || 356583:200:P10 > P10-SRV-LGC-SERVICIOS > P10-SCT-SECTOR OBRADORES || 356627:200:P10 > P10-SRV-LGC-SERVICIOS > P10-SCT-SECTOR OBRADORES || 356674:200:P10 > P10-SRV-LGC-SERVICIOS > P10-SCT-SECTOR OBRADORES || ... +13,P10-SRV-LGC-SERVICIOS,Ancestro Project P10-SRV-LGC-SERVICIOS aparece en 21 contenedores.,P10,P10-SRV-LGC-SERVICIOS,P10-ADM-OFC-OFICINA MANT,,,,,,,,,,,,,,,,,,,,,,,,,,,,hay más de un contenedor candidato
duplicado,elemento_puntual,P10-SRV-LGC-TRATAMIENTO,SECTOR TRATAMIENTO DE A SERVICIOS P10,810,3,810,P10-SRV-LGC-SERVICIOS,P10-SRV-LGC-SERVICIOS,P10-SRV-LGC-SERVICIOS,P10 > P10-SRV-LGC-SERVICIOS,P10 > P10-SRV-LGC-SERVICIOS > P10-SRV-LGC-TRATAMIENTO AGUA,332643,dc2f52e8-69c4-45c8-a7dd-658a902d58d3-00051363,Generic Models,Silos 6,Silos 2,Silos 2,,P10 > P10-SRV-LGC-SERVICIOS > P10-SRV-LGC-TRATAMIENTO AGUA,btz_description_03,,,,,,,,,,,,,2 elementos Revit contienen el código exacto.,P10,P10-SRV-LGC-SERVICIOS,P10-SRV-LGC-TRATAMIENTO AGUA,,,,,,,,,,,,,,,,,,,,,,,,,,,,hay más de un elemento puntual posible
duplicado,elemento_puntual,P10-SRV-LGC-TRATAMIENTO,SECTOR TRATAMIENTO DE A SERVICIOS P10,810,3,810,P10-SRV-LGC-SERVICIOS,P10-SRV-LGC-SERVICIOS,P10-SRV-LGC-SERVICIOS,P10 > P10-SRV-LGC-SERVICIOS,P10 > P10-SRV-LGC-SERVICIOS > P10-SRV-LGC-TRATAMIENTO AGUA,384750,3ade3506-4f84-4896-9589-30d81e40c276-0005deee,Roofs,,Genérico - 400 mm,Genérico - 400 mm,,P10 > P10-SRV-LGC-SERVICIOS > P10-SRV-LGC-TRATAMIENTO AGUA,btz_description_03,,,,,,,,,,,,,2 elementos Revit contienen el código exacto.,P10,P10-SRV-LGC-SERVICIOS,P10-SRV-LGC-TRATAMIENTO AGUA,,,,,,,,,,,,,,,,,,,,,,,,,,,,hay más de un elemento puntual posible
contenedor_duplicado,contenedor_por_ancestro_project,P10-SRV-ABL-AA01,ABLANDADOR 01,811,4,811,P10-SRV-LGC-TRATAMIENTO AGUA,P10-SRV-LGC-TRATAMIENTO,P10-SRV-LGC-SERVICIOS > P10-SRV-LGC-TRATAMIENTO,P10 > P10-SRV-LGC-SERVICIOS > P10-SRV-LGC-TRATAMIENTO AGUA,P10 > P10-SRV-LGC-SERVICIOS > P10-SRV-LGC-TRATAMIENTO AGUA > P10-SRV-ABL-AA01,176327,e873c32e-5e0c-4f36-b2a7-48d4917bce06-0002b0c7,Roofs,,Genérico - 400 mm,Genérico - 400 mm,,P10 > P10-SRV-LGC-SERVICIOS > P10-ADM-OFC-OFICINA MANT,contenedor_scoring,176327,e873c32e-5e0c-4f36-b2a7-48d4917bce06-0002b0c7,P10 > P10-SRV-LGC-SERVICIOS > P10-ADM-OFC-OFICINA MANT,3,27,NO,200,200,0,ancestro_project_exacto_duplicado,176327:200:P10 > P10-SRV-LGC-SERVICIOS > P10-ADM-OFC-OFICINA MANT || 185694:200:P10 > P10-SRV-LGC-SERVICIOS > P10-SRV-LGC-TORRES ENF EXT || 227527:200:P10 > P10-SRV-LGC-SERVICIOS > P10-SRV-CLD-CMB CALDERA || 332643:200:P10 > P10-SRV-LGC-SERVICIOS > P10-SRV-LGC-TRATAMIENTO AGUA || 355813:200:P10 > P10-SRV-LGC-SERVICIOS > P10-SCT-SECTOR OBRADORES || 356583:200:P10 > P10-SRV-LGC-SERVICIOS > P10-SCT-SECTOR OBRADORES || 356627:200:P10 > P10-SRV-LGC-SERVICIOS > P10-SCT-SECTOR OBRADORES || 356674:200:P10 > P10-SRV-LGC-SERVICIOS > P10-SCT-SECTOR OBRADORES || ... +13,P10-SRV-LGC-SERVICIOS,Ancestro Project P10-SRV-LGC-SERVICIOS aparece en 21 contenedores.,P10,P10-SRV-LGC-SERVICIOS,P10-ADM-OFC-OFICINA MANT,,,,,,,,,,,,,,,,,,,,,,,,,,,,hay más de un contenedor candidato
contenedor_duplicado,contenedor_por_ancestro_project,P10-SRV-ABL-AA02,ABLANDADOR 02,812,4,812,P10-SRV-LGC-TRATAMIENTO AGUA,P10-SRV-LGC-TRATAMIENTO,P10-SRV-LGC-SERVICIOS > P10-SRV-LGC-TRATAMIENTO,P10 > P10-SRV-LGC-SERVICIOS > P10-SRV-LGC-TRATAMIENTO AGUA,P10 > P10-SRV-LGC-SERVICIOS > P10-SRV-LGC-TRATAMIENTO AGUA > P10-SRV-ABL-AA02,176327,e873c32e-5e0c-4f36-b2a7-48d4917bce06-0002b0c7,Roofs,,Genérico - 400 mm,Genérico - 400 mm,,P10 > P10-SRV-LGC-SERVICIOS > P10-ADM-OFC-OFICINA MANT,contenedor_scoring,176327,e873c32e-5e0c-4f36-b2a7-48d4917bce06-0002b0c7,P10 > P10-SRV-LGC-SERVICIOS > P10-ADM-OFC-OFICINA MANT,3,27,NO,200,200,0,ancestro_project_exacto_duplicado,176327:200:P10 > P10-SRV-LGC-SERVICIOS > P10-ADM-OFC-OFICINA MANT || 185694:200:P10 > P10-SRV-LGC-SERVICIOS > P10-SRV-LGC-TORRES ENF EXT || 227527:200:P10 > P10-SRV-LGC-SERVICIOS > P10-SRV-CLD-CMB CALDERA || 332643:200:P10 > P10-SRV-LGC-SERVICIOS > P10-SRV-LGC-TRATAMIENTO AGUA || 355813:200:P10 > P10-SRV-LGC-SERVICIOS > P10-SCT-SECTOR OBRADORES || 356583:200:P10 > P10-SRV-LGC-SERVICIOS > P10-SCT-SECTOR OBRADORES || 356627:200:P10 > P10-SRV-LGC-SERVICIOS > P10-SCT-SECTOR OBRADORES || 356674:200:P10 > P10-SRV-LGC-SERVICIOS > P10-SCT-SECTOR OBRADORES || ... +13,P10-SRV-LGC-SERVICIOS,Ancestro Project P10-SRV-LGC-SERVICIOS aparece en 21 contenedores.,P10,P10-SRV-LGC-SERVICIOS,P10-ADM-OFC-OFICINA MANT,,,,,,,,,,,,,,,,,,,,,,,,,,,,hay más de un contenedor candidato
contenedor_duplicado,contenedor_por_ancestro_project,P10-SRV-BMB-BOABLN,BOMBA AGUA ABLANDADORES LADO NORTE,813,4,813,P10-SRV-LGC-TRATAMIENTO AGUA,P10-SRV-LGC-TRATAMIENTO,P10-SRV-LGC-SERVICIOS > P10-SRV-LGC-TRATAMIENTO,P10 > P10-SRV-LGC-SERVICIOS > P10-SRV-LGC-TRATAMIENTO AGUA,P10 > P10-SRV-LGC-SERVICIOS > P10-SRV-LGC-TRATAMIENTO AGUA > P10-SRV-BMB-BOABLN,176327,e873c32e-5e0c-4f36-b2a7-48d4917bce06-0002b0c7,Roofs,,Genérico - 400 mm,Genérico - 400 mm,,P10 > P10-SRV-LGC-SERVICIOS > P10-ADM-OFC-OFICINA MANT,contenedor_scoring,176327,e873c32e-5e0c-4f36-b2a7-48d4917bce06-0002b0c7,P10 > P10-SRV-LGC-SERVICIOS > P10-ADM-OFC-OFICINA MANT,3,27,NO,200,200,0,ancestro_project_exacto_duplicado,176327:200:P10 > P10-SRV-LGC-SERVICIOS > P10-ADM-OFC-OFICINA MANT || 185694:200:P10 > P10-SRV-LGC-SERVICIOS > P10-SRV-LGC-TORRES ENF EXT || 227527:200:P10 > P10-SRV-LGC-SERVICIOS > P10-SRV-CLD-CMB CALDERA || 332643:200:P10 > P10-SRV-LGC-SERVICIOS > P10-SRV-LGC-TRATAMIENTO AGUA || 355813:200:P10 > P10-SRV-LGC-SERVICIOS > P10-SCT-SECTOR OBRADORES || 356583:200:P10 > P10-SRV-LGC-SERVICIOS > P10-SCT-SECTOR OBRADORES || 356627:200:P10 > P10-SRV-LGC-SERVICIOS > P10-SCT-SECTOR OBRADORES || 356674:200:P10 > P10-SRV-LGC-SERVICIOS > P10-SCT-SECTOR OBRADORES || ... +13,P10-SRV-LGC-SERVICIOS,Ancestro Project P10-SRV-LGC-SERVICIOS aparece en 21 contenedores.,P10,P10-SRV-LGC-SERVICIOS,P10-ADM-OFC-OFICINA MANT,,,,,,,,,,,,,,,,,,,,,,,,,,,,hay más de un contenedor candidato
contenedor_duplicado,contenedor_por_ancestro_project,P10-SRV-BMB-BOABLS,BOMBA AGUA ABLANDADORES LADO SUR,814,4,814,P10-SRV-LGC-TRATAMIENTO AGUA,P10-SRV-LGC-TRATAMIENTO,P10-SRV-LGC-SERVICIOS > P10-SRV-LGC-TRATAMIENTO,P10 > P10-SRV-LGC-SERVICIOS > P10-SRV-LGC-TRATAMIENTO AGUA,P10 > P10-SRV-LGC-SERVICIOS > P10-SRV-LGC-TRATAMIENTO AGUA > P10-SRV-BMB-BOABLS,176327,e873c32e-5e0c-4f36-b2a7-48d4917bce06-0002b0c7,Roofs,,Genérico - 400 mm,Genérico - 400 mm,,P10 > P10-SRV-LGC-SERVICIOS > P10-ADM-OFC-OFICINA MANT,contenedor_scoring,176327,e873c32e-5e0c-4f36-b2a7-48d4917bce06-0002b0c7,P10 > P10-SRV-LGC-SERVICIOS > P10-ADM-OFC-OFICINA MANT,3,27,NO,200,200,0,ancestro_project_exacto_duplicado,176327:200:P10 > P10-SRV-LGC-SERVICIOS > P10-ADM-OFC-OFICINA MANT || 185694:200:P10 > P10-SRV-LGC-SERVICIOS > P10-SRV-LGC-TORRES ENF EXT || 227527:200:P10 > P10-SRV-LGC-SERVICIOS > P10-SRV-CLD-CMB CALDERA || 332643:200:P10 > P10-SRV-LGC-SERVICIOS > P10-SRV-LGC-TRATAMIENTO AGUA || 355813:200:P10 > P10-SRV-LGC-SERVICIOS > P10-SCT-SECTOR OBRADORES || 356583:200:P10 > P10-SRV-LGC-SERVICIOS > P10-SCT-SECTOR OBRADORES || 356627:200:P10 > P10-SRV-LGC-SERVICIOS > P10-SCT-SECTOR OBRADORES || 356674:200:P10 > P10-SRV-LGC-SERVICIOS > P10-SCT-SECTOR OBRADORES || ... +13,P10-SRV-LGC-SERVICIOS,Ancestro Project P10-SRV-LGC-SERVICIOS aparece en 21 contenedores.,P10,P10-SRV-LGC-SERVICIOS,P10-ADM-OFC-OFICINA MANT,,,,,,,,,,,,,,,,,,,,,,,,,,,,hay más de un contenedor candidato
contenedor_duplicado,contenedor_por_ancestro_project,P10-SRV-BMB-BO,BOMBA AMINA SATELITAL (COLECTOR O A CADA LINEA),815,4,815,P10-SRV-LGC-TRATAMIENTO AGUA,P10-SRV-LGC-TRATAMIENTO,P10-SRV-LGC-SERVICIOS > P10-SRV-LGC-TRATAMIENTO,P10 > P10-SRV-LGC-SERVICIOS > P10-SRV-LGC-TRATAMIENTO AGUA,P10 > P10-SRV-LGC-SERVICIOS > P10-SRV-LGC-TRATAMIENTO AGUA > P10-SRV-BMB-BO AMINA COLECTOR,176327,e873c32e-5e0c-4f36-b2a7-48d4917bce06-0002b0c7,Roofs,,Genérico - 400 mm,Genérico - 400 mm,,P10 > P10-SRV-LGC-SERVICIOS > P10-ADM-OFC-OFICINA MANT,contenedor_scoring,176327,e873c32e-5e0c-4f36-b2a7-48d4917bce06-0002b0c7,P10 > P10-SRV-LGC-SERVICIOS > P10-ADM-OFC-OFICINA MANT,3,27,NO,200,200,0,ancestro_project_exacto_duplicado,176327:200:P10 > P10-SRV-LGC-SERVICIOS > P10-ADM-OFC-OFICINA MANT || 185694:200:P10 > P10-SRV-LGC-SERVICIOS > P10-SRV-LGC-TORRES ENF EXT || 227527:200:P10 > P10-SRV-LGC-SERVICIOS > P10-SRV-CLD-CMB CALDERA || 332643:200:P10 > P10-SRV-LGC-SERVICIOS > P10-SRV-LGC-TRATAMIENTO AGUA || 355813:200:P10 > P10-SRV-LGC-SERVICIOS > P10-SCT-SECTOR OBRADORES || 356583:200:P10 > P10-SRV-LGC-SERVICIOS > P10-SCT-SECTOR OBRADORES || 356627:200:P10 > P10-SRV-LGC-SERVICIOS > P10-SCT-SECTOR OBRADORES || 356674:200:P10 > P10-SRV-LGC-SERVICIOS > P10-SCT-SECTOR OBRADORES || ... +13,P10-SRV-LGC-SERVICIOS,Código repetido en Project 10 veces. Ancestro Project P10-SRV-LGC-SERVICIOS aparece en 21 contenedores.,P10,P10-SRV-LGC-SERVICIOS,P10-ADM-OFC-OFICINA MANT,,,,,,,,,,,,,,,,,,,,,,,,,,,,hay más de un contenedor candidato
contenedor_duplicado,contenedor_por_ancestro_project,P10-SRV-TNQ-TKSALMUERA,TANQUE DE SALMUERA,817,4,817,P10-SRV-LGC-TRATAMIENTO AGUA,P10-SRV-LGC-TRATAMIENTO,P10-SRV-LGC-SERVICIOS > P10-SRV-LGC-TRATAMIENTO,P10 > P10-SRV-LGC-SERVICIOS > P10-SRV-LGC-TRATAMIENTO AGUA,P10 > P10-SRV-LGC-SERVICIOS > P10-SRV-LGC-TRATAMIENTO AGUA > P10-SRV-TNQ-TKSALMUERA,176327,e873c32e-5e0c-4f36-b2a7-48d4917bce06-0002b0c7,Roofs,,Genérico - 400 mm,Genérico - 400 mm,,P10 > P10-SRV-LGC-SERVICIOS > P10-ADM-OFC-OFICINA MANT,contenedor_scoring,176327,e873c32e-5e0c-4f36-b2a7-48d4917bce06-0002b0c7,P10 > P10-SRV-LGC-SERVICIOS > P10-ADM-OFC-OFICINA MANT,3,27,NO,200,200,0,ancestro_project_exacto_duplicado,176327:200:P10 > P10-SRV-LGC-SERVICIOS > P10-ADM-OFC-OFICINA MANT || 185694:200:P10 > P10-SRV-LGC-SERVICIOS > P10-SRV-LGC-TORRES ENF EXT || 227527:200:P10 > P10-SRV-LGC-SERVICIOS > P10-SRV-CLD-CMB CALDERA || 332643:200:P10 > P10-SRV-LGC-SERVICIOS > P10-SRV-LGC-TRATAMIENTO AGUA || 355813:200:P10 > P10-SRV-LGC-SERVICIOS > P10-SCT-SECTOR OBRADORES || 356583:200:P10 > P10-SRV-LGC-SERVICIOS > P10-SCT-SECTOR OBRADORES || 356627:200:P10 > P10-SRV-LGC-SERVICIOS > P10-SCT-SECTOR OBRADORES || 356674:200:P10 > P10-SRV-LGC-SERVICIOS > P10-SCT-SECTOR OBRADORES || ... +13,P10-SRV-LGC-SERVICIOS,Ancestro Project P10-SRV-LGC-SERVICIOS aparece en 21 contenedores.,P10,P10-SRV-LGC-SERVICIOS,P10-ADM-OFC-OFICINA MANT,,,,,,,,,,,,,,,,,,,,,,,,,,,,hay más de un contenedor candidato
contenedor_duplicado,contenedor_por_ancestro_project,P10-SRV-TNQ-TKSALERO,TANQUE SALERO,818,4,818,P10-SRV-LGC-TRATAMIENTO AGUA,P10-SRV-LGC-TRATAMIENTO,P10-SRV-LGC-SERVICIOS > P10-SRV-LGC-TRATAMIENTO,P10 > P10-SRV-LGC-SERVICIOS > P10-SRV-LGC-TRATAMIENTO AGUA,P10 > P10-SRV-LGC-SERVICIOS > P10-SRV-LGC-TRATAMIENTO AGUA > P10-SRV-TNQ-TKSALERO,176327,e873c32e-5e0c-4f36-b2a7-48d4917bce06-0002b0c7,Roofs,,Genérico - 400 mm,Genérico - 400 mm,,P10 > P10-SRV-LGC-SERVICIOS > P10-ADM-OFC-OFICINA MANT,contenedor_scoring,176327,e873c32e-5e0c-4f36-b2a7-48d4917bce06-0002b0c7,P10 > P10-SRV-LGC-SERVICIOS > P10-ADM-OFC-OFICINA MANT,3,27,NO,200,200,0,ancestro_project_exacto_duplicado,176327:200:P10 > P10-SRV-LGC-SERVICIOS > P10-ADM-OFC-OFICINA MANT || 185694:200:P10 > P10-SRV-LGC-SERVICIOS > P10-SRV-LGC-TORRES ENF EXT || 227527:200:P10 > P10-SRV-LGC-SERVICIOS > P10-SRV-CLD-CMB CALDERA || 332643:200:P10 > P10-SRV-LGC-SERVICIOS > P10-SRV-LGC-TRATAMIENTO AGUA || 355813:200:P10 > P10-SRV-LGC-SERVICIOS > P10-SCT-SECTOR OBRADORES || 356583:200:P10 > P10-SRV-LGC-SERVICIOS > P10-SCT-SECTOR OBRADORES || 356627:200:P10 > P10-SRV-LGC-SERVICIOS > P10-SCT-SECTOR OBRADORES || 356674:200:P10 > P10-SRV-LGC-SERVICIOS > P10-SCT-SECTOR OBRADORES || ... +13,P10-SRV-LGC-SERVICIOS,Ancestro Project P10-SRV-LGC-SERVICIOS aparece en 21 contenedores.,P10,P10-SRV-LGC-SERVICIOS,P10-ADM-OFC-OFICINA MANT,,,,,,,,,,,,,,,,,,,,,,,,,,,,hay más de un contenedor candidato
contenedor_duplicado,contenedor_por_ancestro_project,P10-SRV-IBC-TRAT,IBC DE STEAMATE NA1321 TRATAMIENTO DE VAPOR CONDENSADO,825,4,825,P10-SRV-LGC-TRAT QUIM CALD,P10-SRV-LGC-TRAT,P10-SRV-LGC-SERVICIOS > P10-SRV-LGC-TRAT,P10 > P10-SRV-LGC-SERVICIOS > P10-SRV-LGC-TRAT QUIM CALD,P10 > P10-SRV-LGC-SERVICIOS > P10-SRV-LGC-TRAT QUIM CALD > P10-SRV-IBC-TRAT VAPOR COND,176327,e873c32e-5e0c-4f36-b2a7-48d4917bce06-0002b0c7,Roofs,,Genérico - 400 mm,Genérico - 400 mm,,P10 > P10-SRV-LGC-SERVICIOS > P10-ADM-OFC-OFICINA MANT,contenedor_scoring,176327,e873c32e-5e0c-4f36-b2a7-48d4917bce06-0002b0c7,P10 > P10-SRV-LGC-SERVICIOS > P10-ADM-OFC-OFICINA MANT,3,27,NO,200,200,0,ancestro_project_exacto_duplicado,176327:200:P10 > P10-SRV-LGC-SERVICIOS > P10-ADM-OFC-OFICINA MANT || 185694:200:P10 > P10-SRV-LGC-SERVICIOS > P10-SRV-LGC-TORRES ENF EXT || 227527:200:P10 > P10-SRV-LGC-SERVICIOS > P10-SRV-CLD-CMB CALDERA || 332643:200:P10 > P10-SRV-LGC-SERVICIOS > P10-SRV-LGC-TRATAMIENTO AGUA || 355813:200:P10 > P10-SRV-LGC-SERVICIOS > P10-SCT-SECTOR OBRADORES || 356583:200:P10 > P10-SRV-LGC-SERVICIOS > P10-SCT-SECTOR OBRADORES || 356627:200:P10 > P10-SRV-LGC-SERVICIOS > P10-SCT-SECTOR OBRADORES || 356674:200:P10 > P10-SRV-LGC-SERVICIOS > P10-SCT-SECTOR OBRADORES || ... +13,P10-SRV-LGC-SERVICIOS,Ancestro Project P10-SRV-LGC-SERVICIOS aparece en 21 contenedores.,P10,P10-SRV-LGC-SERVICIOS,P10-ADM-OFC-OFICINA MANT,,,,,,,,,,,,,,,,,,,,,,,,,,,,hay más de un contenedor candidato
duplicado,elemento_puntual,P10-GRL-LGC-EQUIPOS,CONJUNTO DE EQUIPOS DE SEGURIDAD P10,839,2,839,P10,,,P10,P10 > P10-GRL-LGC-EQUIPOS SEGURIDAD,377972,c5ee6896-39ff-4562-be63-4682b50c65ca-0005c474,Roofs,,Genérico - 400 mm,Genérico - 400 mm,,P10 > P10-GRL-LGC-EQUIPOS SEGURIDAD,btz_description_02,,,,,,,,,,,,,Código repetido en Project 2 veces. 2 elementos Revit contienen el código exacto.,P10,P10-GRL-LGC-EQUIPOS SEGURIDAD,,,,,,,,,,,,,,,,,,,,,,,,,,,,,hay más de un elemento puntual posible
duplicado,elemento_puntual,P10-GRL-LGC-EQUIPOS,CONJUNTO DE EQUIPOS DE SEGURIDAD P10,839,2,839,P10,,,P10,P10 > P10-GRL-LGC-EQUIPOS SEGURIDAD,381172,ddbef6d8-5146-4ece-9a6f-82caaca14519-0005d0f4,Roofs,,Genérico - 400 mm,Genérico - 400 mm,,P10 > P10-GRL-LGC-EQUIPOS IZAJE,btz_description_02,,,,,,,,,,,,,Código repetido en Project 2 veces. 2 elementos Revit contienen el código exacto.,P10,P10-GRL-LGC-EQUIPOS IZAJE,,,,,,,,,,,,,,,,,,,,,,,,,,,,,hay más de un elemento puntual posible
sin_contenedor,sin_asociacion,P10-SRA-MTD-MDBOIN,MOTOR DIESEL BOMBA LUCHA CONTRA INCENDIO (MOTOR PERKINS 4006C-23TAG3A SERIE Nº DGD062001U7184L),844,4,844,P10-SRA-BMB-BOIN,P10-SRA-BMB-BOIN,P10-GRL-LGC-EQUIPOS > P10-SRA-BMB-BOIN,P10 > P10-GRL-LGC-EQUIPOS SEGURIDAD > P10-SRA-BMB-BOIN,P10 > P10-GRL-LGC-EQUIPOS SEGURIDAD > P10-SRA-BMB-BOIN > P10-SRA-MTD-MDBOIN,,,,,,,,,,,,,,,,,,,,,,Ningún contenedor supera puntaje mínimo 40.,,,,,,,,,,,,,,,,,,,,,,,,,,,,,,,no se encontró contenedor compatible
sin_contenedor,sin_asociacion,P10-SRA-SLA-SALA,SALA DE BOMBA DIESEL DE RED DE INCENDIO,845,3,845,P10-GRL-LGC-EQUIPOS SEGURIDAD,P10-GRL-LGC-EQUIPOS,P10-GRL-LGC-EQUIPOS,P10 > P10-GRL-LGC-EQUIPOS SEGURIDAD,P10 > P10-GRL-LGC-EQUIPOS SEGURIDAD > P10-SRA-SLA-SALA BOIN,,,,,,,,,,,,,,,,,,,,,,Ningún contenedor supera puntaje mínimo 40.,,,,,,,,,,,,,,,,,,,,,,,,,,,,,,,no se encontró contenedor compatible
sin_contenedor,sin_asociacion,P10-SRA-VLV-VSBOIN,VALVULA DE SEGURIDAD DE MOTOR DIESEL RED INCENDIO P10,846,4,846,P10-SRA-SLA-SALA BOIN,P10-SRA-SLA-SALA,P10-GRL-LGC-EQUIPOS > P10-SRA-SLA-SALA,P10 > P10-GRL-LGC-EQUIPOS SEGURIDAD > P10-SRA-SLA-SALA BOIN,P10 > P10-GRL-LGC-EQUIPOS SEGURIDAD > P10-SRA-SLA-SALA BOIN > P10-SRA-VLV-VSBOIN,,,,,,,,,,,,,,,,,,,,,,Ningún contenedor supera puntaje mínimo 40.,,,,,,,,,,,,,,,,,,,,,,,,,,,,,,,no se encontró contenedor compatible
contenedor_duplicado,contenedor,P10-GRL-SRN-SIRPRP,SIRENA ALARMA DE EMERGENCIA PREPARACION P10,847,3,847,P10-GRL-LGC-EQUIPOS SEGURIDAD,P10-GRL-LGC-EQUIPOS,P10-GRL-LGC-EQUIPOS,P10 > P10-GRL-LGC-EQUIPOS SEGURIDAD,P10 > P10-GRL-LGC-EQUIPOS SEGURIDAD > P10-GRL-SRN-SIRPRP,377972,c5ee6896-39ff-4562-be63-4682b50c65ca-0005c474,Roofs,,Genérico - 400 mm,Genérico - 400 mm,,P10 > P10-GRL-LGC-EQUIPOS SEGURIDAD,contenedor_scoring,377972,c5ee6896-39ff-4562-be63-4682b50c65ca-0005c474,P10 > P10-GRL-LGC-EQUIPOS SEGURIDAD,2,28,NO,80,80,0,+40 contiene P10-GRL; +20 contiene P10; +20 bloques en path,377972:80:P10 > P10-GRL-LGC-EQUIPOS SEGURIDAD || 378523:80:P10 > P10-GRL-LGC-CCM || 381172:80:P10 > P10-GRL-LGC-EQUIPOS IZAJE,,"Scoring ambiguo: mejor=80, segundo=80, diferencia=0.",P10,P10-GRL-LGC-EQUIPOS SEGURIDAD,,,,,,,,,,,,,,,,,,,,,,,,,,,,,hay más de un contenedor candidato
sin_contenedor,sin_asociacion,P10-SRA-TNQ-TKRED,TANQUE RED INCENDIO,848,3,848,P10-GRL-LGC-EQUIPOS SEGURIDAD,P10-GRL-LGC-EQUIPOS,P10-GRL-LGC-EQUIPOS,P10 > P10-GRL-LGC-EQUIPOS SEGURIDAD,P10 > P10-GRL-LGC-EQUIPOS SEGURIDAD > P10-SRA-TNQ-TKRED,,,,,,,,,,,,,,,,,,,,,,Ningún contenedor supera puntaje mínimo 40.,,,,,,,,,,,,,,,,,,,,,,,,,,,,,,,no se encontró contenedor compatible
sin_contenedor,sin_asociacion,P10-PRD-ELE-CCMPEL,CCM PELETERAS P10,851,2,851,P10,,,P10,P10 > P10-PRD-ELE-CCMPEL,,,,,,,,,,,,,,,,,,,,,,Ningún contenedor supera puntaje mínimo 40.,,,,,,,,,,,,,,,,,,,,,,,,,,,,,,,no se encontró contenedor compatible
sin_contenedor,sin_asociacion,P10-APR-APA02,APAREJO ELECTRICO MOLINOS DESCASCARADO P10,873,3,873,P10-GRL-LGC-EQUIPOS IZAJE,P10-GRL-LGC-EQUIPOS,P10-GRL-LGC-EQUIPOS,P10 > P10-GRL-LGC-EQUIPOS IZAJE,P10 > P10-GRL-LGC-EQUIPOS IZAJE > P10-APR-APA02 MOL CASC,,,,,,,,,,,,,,,,,,,,,,Ningún contenedor supera puntaje mínimo 40.,,,,,,,,,,,,,,,,,,,,,,,,,,,,,,,no se encontró contenedor compatible
sin_contenedor,sin_asociacion,P10-APR-APA04,APAREJO ELECTRICO PELLETERAS P10,874,3,874,P10-GRL-LGC-EQUIPOS IZAJE,P10-GRL-LGC-EQUIPOS,P10-GRL-LGC-EQUIPOS,P10 > P10-GRL-LGC-EQUIPOS IZAJE,P10 > P10-GRL-LGC-EQUIPOS IZAJE > P10-APR-APA04 PELLET,,,,,,,,,,,,,,,,,,,,,,Ningún contenedor supera puntaje mínimo 40.,,,,,,,,,,,,,,,,,,,,,,,,,,,,,,,no se encontró contenedor compatible
sin_contenedor,sin_asociacion,P10-APR-APA03,APAREJO ELECTRICO ROLOS QUEBRADORES  DESCASCARADO P10,875,3,875,P10-GRL-LGC-EQUIPOS IZAJE,P10-GRL-LGC-EQUIPOS,P10-GRL-LGC-EQUIPOS,P10 > P10-GRL-LGC-EQUIPOS IZAJE,P10 > P10-GRL-LGC-EQUIPOS IZAJE > P10-APR-APA03 QUEB 1RA PAS,,,,,,,,,,,,,,,,,,,,,,Ningún contenedor supera puntaje mínimo 40.,,,,,,,,,,,,,,,,,,,,,,,,,,,,,,,no se encontró contenedor compatible
sin_contenedor,sin_asociacion,P10-APR-APA01,APAREJO ELECTRICO TALLER P10,876,3,876,P10-GRL-LGC-EQUIPOS IZAJE,P10-GRL-LGC-EQUIPOS,P10-GRL-LGC-EQUIPOS,P10 > P10-GRL-LGC-EQUIPOS IZAJE,P10 > P10-GRL-LGC-EQUIPOS IZAJE > P10-APR-APA01 TALLER,,,,,,,,,,,,,,,,,,,,,,Ningún contenedor supera puntaje mínimo 40.,,,,,,,,,,,,,,,,,,,,,,,,,,,,,,,no se encontró contenedor compatible
sin_contenedor,sin_asociacion,P10-APR-APA05,APAREJO ELECTRICO ZARANDAS ROTEX DESCASCARADO,877,3,877,P10-GRL-LGC-EQUIPOS IZAJE,P10-GRL-LGC-EQUIPOS,P10-GRL-LGC-EQUIPOS,P10 > P10-GRL-LGC-EQUIPOS IZAJE,P10 > P10-GRL-LGC-EQUIPOS IZAJE > P10-APR-APA05 ZAR ROTEX,,,,,,,,,,,,,,,,,,,,,,Ningún contenedor supera puntaje mínimo 40.,,,,,,,,,,,,,,,,,,,,,,,,,,,,,,,no se encontró contenedor compatible
sin_contenedor,sin_asociacion,P10-TLLM-GND-GND01,GUINDOLA CERTIFICADA GND01,878,3,878,P10-GRL-LGC-EQUIPOS IZAJE,P10-GRL-LGC-EQUIPOS,P10-GRL-LGC-EQUIPOS,P10 > P10-GRL-LGC-EQUIPOS IZAJE,P10 > P10-GRL-LGC-EQUIPOS IZAJE > P10-TLLM-GND-GND01,,,,,,,,,,,,,,,,,,,,,,Ningún contenedor supera puntaje mínimo 40.,,,,,,,,,,,,,,,,,,,,,,,,,,,,,,,no se encontró contenedor compatible
contenedor_duplicado,contenedor,P10-PRP-PRC-PERCHA,PERCHA PARA MOVIMIENTO DE EXPANDER 1800,879,3,879,P10-GRL-LGC-EQUIPOS IZAJE,P10-GRL-LGC-EQUIPOS,P10-GRL-LGC-EQUIPOS,P10 > P10-GRL-LGC-EQUIPOS IZAJE,P10 > P10-GRL-LGC-EQUIPOS IZAJE > P10-PRP-PRC-PERCHA EXP,281815,a027b4da-4e9c-44ad-b607-5fb48d4c7061-00044cd7,Roofs,,Genérico - 400 mm,Genérico - 400 mm,,P10 > P10-PRP-LGC-PREPARACION > P10-PRP-LGC-REDLER,contenedor_scoring,281815,a027b4da-4e9c-44ad-b607-5fb48d4c7061-00044cd7,P10 > P10-PRP-LGC-PREPARACION > P10-PRP-LGC-REDLER,3,27,NO,80,80,0,+40 contiene P10-PRP; +20 contiene P10; +20 bloques en path,281815:80:P10 > P10-PRP-LGC-PREPARACION > P10-PRP-LGC-REDLER || 369188:80:P10 > P10-PRP-LGC-PREPARACION > P10-PRP-LGC-BEAN HEATER || 376995:80:P10 > P10-PRP-LGC-PREPARACION > P10-PRP-LGC-REDLER || 377104:80:P10 > P10-PRP-LGC-PREPARACION > P10-PRP-LGC-REDLER || 281069:80:P10 > P10-PRP-LGC-PREPARACION > P10-PRP-LGC-QUEBRADORES || 281220:60:P10 > P10-PRP-LGC-PREPARACION > P10-PRP-LGC-EXPANDIDO || 281343:60:P10 > P10-PRP-LGC-PREPARACION > P10-PRP-LGC-LAMINADORES,,"Scoring ambiguo: mejor=80, segundo=80, diferencia=0.",P10,P10-PRP-LGC-PREPARACION,P10-PRP-LGC-REDLER,,,,,,,,,,,,,,,,,,,,,,,,,,,,hay más de un contenedor candidato
contenedor_duplicado,contenedor,P10-LGC-EQUIPOS,EQUIPO LOGICOS ZONAS DE SUPERVISORES P10,880,2,880,P10,,,P10,P10 > P10-LGC-EQUIPOS LOGICOS,377972,c5ee6896-39ff-4562-be63-4682b50c65ca-0005c474,Roofs,,Genérico - 400 mm,Genérico - 400 mm,,P10 > P10-GRL-LGC-EQUIPOS SEGURIDAD,contenedor_scoring,377972,c5ee6896-39ff-4562-be63-4682b50c65ca-0005c474,P10 > P10-GRL-LGC-EQUIPOS SEGURIDAD,2,28,NO,200,200,0,+80 contiene P10-LGC-EQUIPOS; +60 equivalencia tipo EQUIPOS; +40 contiene P10-LGC; +20 contiene P10; +30 bloques en path; -30 otro sector (GRL),377972:200:P10 > P10-GRL-LGC-EQUIPOS SEGURIDAD || 381172:200:P10 > P10-GRL-LGC-EQUIPOS IZAJE || 373540:50:P10 > P10-PRL-LGC-PRELIMPIEZA > P10-PRL-LGC-SILOS > P10-PRL-SLO-SLO1 DIARIO || 373591:50:P10 > P10-PRL-LGC-PRELIMPIEZA > P10-PRL-LGC-SILOS > P10-PRL-SLO-SLO2 DIARIO || 176327:50:P10 > P10-SRV-LGC-SERVICIOS > P10-ADM-OFC-OFICINA MANT || 185694:50:P10 > P10-SRV-LGC-SERVICIOS > P10-SRV-LGC-TORRES ENF EXT || 227527:50:P10 > P10-SRV-LGC-SERVICIOS > P10-SRV-CLD-CMB CALDERA || 281184:50:P10 > P10-DSC-LGC-DESCASCARADO > P10-DSC-LGC-TOLVA || ... +56,,"Código repetido en Project 3 veces. Scoring ambiguo: mejor=200, segundo=200, diferencia=0.",P10,P10-GRL-LGC-EQUIPOS SEGURIDAD,,,,,,,,,,,,,,,,,,,,,,,,,,,,,hay más de un contenedor candidato
contenedor_duplicado,contenedor,P10-LGC-ZONA,EQUIPOS DE ZONA ELECTRICA O1,883,3,883,P10-LGC-EQUIPOS LOGICOS,P10-LGC-EQUIPOS,P10-LGC-EQUIPOS,P10 > P10-LGC-EQUIPOS LOGICOS,P10 > P10-LGC-EQUIPOS LOGICOS > P10-LGC-ZONA ELE O1,373540,1dd9711a-59af-4c3f-8b41-17903a787e86-0005b324,Generic Models,Silodiario harina,Silodiario harina,Silodiario harina,,P10 > P10-PRL-LGC-PRELIMPIEZA > P10-PRL-LGC-SILOS > P10-PRL-SLO-SLO1 DIARIO,contenedor_scoring,373540,1dd9711a-59af-4c3f-8b41-17903a787e86-0005b324,P10 > P10-PRL-LGC-PRELIMPIEZA > P10-PRL-LGC-SILOS > P10-PRL-SLO-SLO1 DIARIO,4,26,NO,50,50,0,+40 contiene P10-LGC; +20 contiene P10; +20 bloques en path; -30 otro sector (PRL),373540:50:P10 > P10-PRL-LGC-PRELIMPIEZA > P10-PRL-LGC-SILOS > P10-PRL-SLO-SLO1 DIARIO || 373591:50:P10 > P10-PRL-LGC-PRELIMPIEZA > P10-PRL-LGC-SILOS > P10-PRL-SLO-SLO2 DIARIO || 176327:50:P10 > P10-SRV-LGC-SERVICIOS > P10-ADM-OFC-OFICINA MANT || 185694:50:P10 > P10-SRV-LGC-SERVICIOS > P10-SRV-LGC-TORRES ENF EXT || 227527:50:P10 > P10-SRV-LGC-SERVICIOS > P10-SRV-CLD-CMB CALDERA || 281184:50:P10 > P10-DSC-LGC-DESCASCARADO > P10-DSC-LGC-TOLVA || 281815:50:P10 > P10-PRP-LGC-PREPARACION > P10-PRP-LGC-REDLER || 282804:50:P10 > P10-EXT-LGC-EXTRACCION > P10-EXT-LGC-RECUP GASES || ... +56,,"Código repetido en Project 8 veces. Scoring ambiguo: mejor=50, segundo=50, diferencia=0.",P10,P10-PRL-LGC-PRELIMPIEZA,P10-PRL-LGC-SILOS,P10-PRL-SLO-SLO1 DIARIO,,,,,,,,,,,,,,,,,,,,,,,,,,,hay más de un contenedor candidato
contenedor_duplicado,contenedor,P10-LGC-RUTAS,RUTAS DE LUBRICACION P10,891,3,891,P10-LGC-EQUIPOS LOGICOS,P10-LGC-EQUIPOS,P10-LGC-EQUIPOS,P10 > P10-LGC-EQUIPOS LOGICOS,P10 > P10-LGC-EQUIPOS LOGICOS > P10-LGC-RUTAS DE LUBRICACION,373540,1dd9711a-59af-4c3f-8b41-17903a787e86-0005b324,Generic Models,Silodiario harina,Silodiario harina,Silodiario harina,,P10 > P10-PRL-LGC-PRELIMPIEZA > P10-PRL-LGC-SILOS > P10-PRL-SLO-SLO1 DIARIO,contenedor_scoring,373540,1dd9711a-59af-4c3f-8b41-17903a787e86-0005b324,P10 > P10-PRL-LGC-PRELIMPIEZA > P10-PRL-LGC-SILOS > P10-PRL-SLO-SLO1 DIARIO,4,26,NO,50,50,0,+40 contiene P10-LGC; +20 contiene P10; +20 bloques en path; -30 otro sector (PRL),373540:50:P10 > P10-PRL-LGC-PRELIMPIEZA > P10-PRL-LGC-SILOS > P10-PRL-SLO-SLO1 DIARIO || 373591:50:P10 > P10-PRL-LGC-PRELIMPIEZA > P10-PRL-LGC-SILOS > P10-PRL-SLO-SLO2 DIARIO || 176327:50:P10 > P10-SRV-LGC-SERVICIOS > P10-ADM-OFC-OFICINA MANT || 185694:50:P10 > P10-SRV-LGC-SERVICIOS > P10-SRV-LGC-TORRES ENF EXT || 227527:50:P10 > P10-SRV-LGC-SERVICIOS > P10-SRV-CLD-CMB CALDERA || 281184:50:P10 > P10-DSC-LGC-DESCASCARADO > P10-DSC-LGC-TOLVA || 281815:50:P10 > P10-PRP-LGC-PREPARACION > P10-PRP-LGC-REDLER || 282804:50:P10 > P10-EXT-LGC-EXTRACCION > P10-EXT-LGC-RECUP GASES || ... +56,,"Código repetido en Project 2 veces. Scoring ambiguo: mejor=50, segundo=50, diferencia=0.",P10,P10-PRL-LGC-PRELIMPIEZA,P10-PRL-LGC-SILOS,P10-PRL-SLO-SLO1 DIARIO,,,,,,,,,,,,,,,,,,,,,,,,,,,hay más de un contenedor candidato
contenedor_duplicado,contenedor,P10-GRL-LGC-MAQUINARIAS,MAQUINARIAS P10,893,2,893,P10,,,P10,P10 > P10-GRL-LGC-MAQUINARIAS,377972,c5ee6896-39ff-4562-be63-4682b50c65ca-0005c474,Roofs,,Genérico - 400 mm,Genérico - 400 mm,,P10 > P10-GRL-LGC-EQUIPOS SEGURIDAD,contenedor_scoring,377972,c5ee6896-39ff-4562-be63-4682b50c65ca-0005c474,P10 > P10-GRL-LGC-EQUIPOS SEGURIDAD,2,28,NO,230,230,0,+80 contiene P10-GRL-LGC; +60 equivalencia tipo LGC; +40 contiene P10-GRL; +20 contiene P10; +30 bloques en path,377972:230:P10 > P10-GRL-LGC-EQUIPOS SEGURIDAD || 381172:230:P10 > P10-GRL-LGC-EQUIPOS IZAJE || 378523:230:P10 > P10-GRL-LGC-CCM || 373540:70:P10 > P10-PRL-LGC-PRELIMPIEZA > P10-PRL-LGC-SILOS > P10-PRL-SLO-SLO1 DIARIO || 373591:70:P10 > P10-PRL-LGC-PRELIMPIEZA > P10-PRL-LGC-SILOS > P10-PRL-SLO-SLO2 DIARIO || 176327:70:P10 > P10-SRV-LGC-SERVICIOS > P10-ADM-OFC-OFICINA MANT || 185694:70:P10 > P10-SRV-LGC-SERVICIOS > P10-SRV-LGC-TORRES ENF EXT || 227527:70:P10 > P10-SRV-LGC-SERVICIOS > P10-SRV-CLD-CMB CALDERA || ... +56,,"Scoring ambiguo: mejor=230, segundo=230, diferencia=0.",P10,P10-GRL-LGC-EQUIPOS SEGURIDAD,,,,,,,,,,,,,,,,,,,,,,,,,,,,,hay más de un contenedor candidato
sin_contenedor,sin_asociacion,P10-TLLM-GRU-TRT555,GRUA TEREX  RT-555  NRO 3,894,3,894,P10-GRL-LGC-MAQUINARIAS,P10-GRL-LGC-MAQUINARIAS,P10-GRL-LGC-MAQUINARIAS,P10 > P10-GRL-LGC-MAQUINARIAS,P10 > P10-GRL-LGC-MAQUINARIAS > P10-TLLM-GRU-TRT555,,,,,,,,,,,,,,,,,,,,,,Ningún contenedor supera puntaje mínimo 40.,,,,,,,,,,,,,,,,,,,,,,,,,,,,,,,no se encontró contenedor compatible
contenedor_duplicado,contenedor,P10-RPS-LGC-REPUESTOS,"REPUESTOS DE P10 EN STOCK, ACTIVOS MOVILES",895,2,895,P10,,,P10,P10 > P10-RPS-LGC-REPUESTOS,373540,1dd9711a-59af-4c3f-8b41-17903a787e86-0005b324,Generic Models,Silodiario harina,Silodiario harina,Silodiario harina,,P10 > P10-PRL-LGC-PRELIMPIEZA > P10-PRL-LGC-SILOS > P10-PRL-SLO-SLO1 DIARIO,contenedor_scoring,373540,1dd9711a-59af-4c3f-8b41-17903a787e86-0005b324,P10 > P10-PRL-LGC-PRELIMPIEZA > P10-PRL-LGC-SILOS > P10-PRL-SLO-SLO1 DIARIO,4,26,NO,70,70,0,+60 equivalencia tipo LGC; +20 contiene P10; +20 bloques en path; -30 otro sector (PRL),373540:70:P10 > P10-PRL-LGC-PRELIMPIEZA > P10-PRL-LGC-SILOS > P10-PRL-SLO-SLO1 DIARIO || 373591:70:P10 > P10-PRL-LGC-PRELIMPIEZA > P10-PRL-LGC-SILOS > P10-PRL-SLO-SLO2 DIARIO || 176327:70:P10 > P10-SRV-LGC-SERVICIOS > P10-ADM-OFC-OFICINA MANT || 185694:70:P10 > P10-SRV-LGC-SERVICIOS > P10-SRV-LGC-TORRES ENF EXT || 227527:70:P10 > P10-SRV-LGC-SERVICIOS > P10-SRV-CLD-CMB CALDERA || 281184:70:P10 > P10-DSC-LGC-DESCASCARADO > P10-DSC-LGC-TOLVA || 281815:70:P10 > P10-PRP-LGC-PREPARACION > P10-PRP-LGC-REDLER || 282804:70:P10 > P10-EXT-LGC-EXTRACCION > P10-EXT-LGC-RECUP GASES || ... +56,,"Scoring ambiguo: mejor=70, segundo=70, diferencia=0.",P10,P10-PRL-LGC-PRELIMPIEZA,P10-PRL-LGC-SILOS,P10-PRL-SLO-SLO1 DIARIO,,,,,,,,,,,,,,,,,,,,,,,,,,,hay más de un contenedor candidato
contenedor_duplicado,contenedor,P10-RPS-LGC-EN,"REPUESTOS DE P10 EN REPARACION, ACTIVOS MOVILES",896,3,896,P10-RPS-LGC-REPUESTOS,P10-RPS-LGC-REPUESTOS,P10-RPS-LGC-REPUESTOS,P10 > P10-RPS-LGC-REPUESTOS,P10 > P10-RPS-LGC-REPUESTOS > P10-RPS-LGC-EN REPARACION,373540,1dd9711a-59af-4c3f-8b41-17903a787e86-0005b324,Generic Models,Silodiario harina,Silodiario harina,Silodiario harina,,P10 > P10-PRL-LGC-PRELIMPIEZA > P10-PRL-LGC-SILOS > P10-PRL-SLO-SLO1 DIARIO,contenedor_scoring,373540,1dd9711a-59af-4c3f-8b41-17903a787e86-0005b324,P10 > P10-PRL-LGC-PRELIMPIEZA > P10-PRL-LGC-SILOS > P10-PRL-SLO-SLO1 DIARIO,4,26,NO,70,70,0,+60 equivalencia tipo LGC; +20 contiene P10; +20 bloques en path; -30 otro sector (PRL),373540:70:P10 > P10-PRL-LGC-PRELIMPIEZA > P10-PRL-LGC-SILOS > P10-PRL-SLO-SLO1 DIARIO || 373591:70:P10 > P10-PRL-LGC-PRELIMPIEZA > P10-PRL-LGC-SILOS > P10-PRL-SLO-SLO2 DIARIO || 176327:70:P10 > P10-SRV-LGC-SERVICIOS > P10-ADM-OFC-OFICINA MANT || 185694:70:P10 > P10-SRV-LGC-SERVICIOS > P10-SRV-LGC-TORRES ENF EXT || 227527:70:P10 > P10-SRV-LGC-SERVICIOS > P10-SRV-CLD-CMB CALDERA || 281184:70:P10 > P10-DSC-LGC-DESCASCARADO > P10-DSC-LGC-TOLVA || 281815:70:P10 > P10-PRP-LGC-PREPARACION > P10-PRP-LGC-REDLER || 282804:70:P10 > P10-EXT-LGC-EXTRACCION > P10-EXT-LGC-RECUP GASES || ... +56,,"Scoring ambiguo: mejor=70, segundo=70, diferencia=0.",P10,P10-PRL-LGC-PRELIMPIEZA,P10-PRL-LGC-SILOS,P10-PRL-SLO-SLO1 DIARIO,,,,,,,,,,,,,,,,,,,,,,,,,,,hay más de un contenedor candidato
duplicado,elemento_puntual,P10-SCT-SECTOR,SECTOR OBRADORES,897,2,897,P10,,,P10,P10 > P10-SCT-SECTOR OBRADORES,355813,746ca086-f561-435a-ba68-1305e58fcca1-00056de5,Roofs,,Genérico - 400 mm,Genérico - 400 mm,,P10 > P10-SRV-LGC-SERVICIOS > P10-SCT-SECTOR OBRADORES,btz_description_03,,,,,,,,,,,,,13 elementos Revit contienen el código exacto.,P10,P10-SRV-LGC-SERVICIOS,P10-SCT-SECTOR OBRADORES,,,,,,,,,,,,,,,,,,,,,,,,,,,,hay más de un elemento puntual posible
duplicado,elemento_puntual,P10-SCT-SECTOR,SECTOR OBRADORES,897,2,897,P10,,,P10,P10 > P10-SCT-SECTOR OBRADORES,356583,746ca086-f561-435a-ba68-1305e58fcca1-000570e7,Roofs,,Genérico - 400 mm,Genérico - 400 mm,,P10 > P10-SRV-LGC-SERVICIOS > P10-SCT-SECTOR OBRADORES,btz_description_03,,,,,,,,,,,,,13 elementos Revit contienen el código exacto.,P10,P10-SRV-LGC-SERVICIOS,P10-SCT-SECTOR OBRADORES,,,,,,,,,,,,,,,,,,,,,,,,,,,,hay más de un elemento puntual posible
duplicado,elemento_puntual,P10-SCT-SECTOR,SECTOR OBRADORES,897,2,897,P10,,,P10,P10 > P10-SCT-SECTOR OBRADORES,356627,746ca086-f561-435a-ba68-1305e58fcca1-00057113,Roofs,,Genérico - 400 mm,Genérico - 400 mm,,P10 > P10-SRV-LGC-SERVICIOS > P10-SCT-SECTOR OBRADORES,btz_description_03,,,,,,,,,,,,,13 elementos Revit contienen el código exacto.,P10,P10-SRV-LGC-SERVICIOS,P10-SCT-SECTOR OBRADORES,,,,,,,,,,,,,,,,,,,,,,,,,,,,hay más de un elemento puntual posible
duplicado,elemento_puntual,P10-SCT-SECTOR,SECTOR OBRADORES,897,2,897,P10,,,P10,P10 > P10-SCT-SECTOR OBRADORES,356674,746ca086-f561-435a-ba68-1305e58fcca1-00057142,Roofs,,Genérico - 400 mm,Genérico - 400 mm,,P10 > P10-SRV-LGC-SERVICIOS > P10-SCT-SECTOR OBRADORES,btz_description_03,,,,,,,,,,,,,13 elementos Revit contienen el código exacto.,P10,P10-SRV-LGC-SERVICIOS,P10-SCT-SECTOR OBRADORES,,,,,,,,,,,,,,,,,,,,,,,,,,,,hay más de un elemento puntual posible
duplicado,elemento_puntual,P10-SCT-SECTOR,SECTOR OBRADORES,897,2,897,P10,,,P10,P10 > P10-SCT-SECTOR OBRADORES,356719,746ca086-f561-435a-ba68-1305e58fcca1-0005716f,Roofs,,Genérico - 400 mm,Genérico - 400 mm,,P10 > P10-SRV-LGC-SERVICIOS > P10-SCT-SECTOR OBRADORES,btz_description_03,,,,,,,,,,,,,13 elementos Revit contienen el código exacto.,P10,P10-SRV-LGC-SERVICIOS,P10-SCT-SECTOR OBRADORES,,,,,,,,,,,,,,,,,,,,,,,,,,,,hay más de un elemento puntual posible
duplicado,elemento_puntual,P10-SCT-SECTOR,SECTOR OBRADORES,897,2,897,P10,,,P10,P10 > P10-SCT-SECTOR OBRADORES,356816,746ca086-f561-435a-ba68-1305e58fcca1-000571d0,Roofs,,Genérico - 400 mm,Genérico - 400 mm,,P10 > P10-SRV-LGC-SERVICIOS > P10-SCT-SECTOR OBRADORES,btz_description_03,,,,,,,,,,,,,13 elementos Revit contienen el código exacto.,P10,P10-SRV-LGC-SERVICIOS,P10-SCT-SECTOR OBRADORES,,,,,,,,,,,,,,,,,,,,,,,,,,,,hay más de un elemento puntual posible
duplicado,elemento_puntual,P10-SCT-SECTOR,SECTOR OBRADORES,897,2,897,P10,,,P10,P10 > P10-SCT-SECTOR OBRADORES,356868,746ca086-f561-435a-ba68-1305e58fcca1-00057204,Roofs,,Genérico - 400 mm,Genérico - 400 mm,,P10 > P10-SRV-LGC-SERVICIOS > P10-SCT-SECTOR OBRADORES,btz_description_03,,,,,,,,,,,,,13 elementos Revit contienen el código exacto.,P10,P10-SRV-LGC-SERVICIOS,P10-SCT-SECTOR OBRADORES,,,,,,,,,,,,,,,,,,,,,,,,,,,,hay más de un elemento puntual posible
duplicado,elemento_puntual,P10-SCT-SECTOR,SECTOR OBRADORES,897,2,897,P10,,,P10,P10 > P10-SCT-SECTOR OBRADORES,357186,746ca086-f561-435a-ba68-1305e58fcca1-00057342,Roofs,,Genérico - 400 mm,Genérico - 400 mm,,P10 > P10-SRV-LGC-SERVICIOS > P10-SCT-SECTOR OBRADORES,btz_description_03,,,,,,,,,,,,,13 elementos Revit contienen el código exacto.,P10,P10-SRV-LGC-SERVICIOS,P10-SCT-SECTOR OBRADORES,,,,,,,,,,,,,,,,,,,,,,,,,,,,hay más de un elemento puntual posible
duplicado,elemento_puntual,P10-SCT-SECTOR,SECTOR OBRADORES,897,2,897,P10,,,P10,P10 > P10-SCT-SECTOR OBRADORES,357224,746ca086-f561-435a-ba68-1305e58fcca1-00057368,Roofs,,Genérico - 400 mm,Genérico - 400 mm,,P10 > P10-SRV-LGC-SERVICIOS > P10-SCT-SECTOR OBRADORES,btz_description_03,,,,,,,,,,,,,13 elementos Revit contienen el código exacto.,P10,P10-SRV-LGC-SERVICIOS,P10-SCT-SECTOR OBRADORES,,,,,,,,,,,,,,,,,,,,,,,,,,,,hay más de un elemento puntual posible
duplicado,elemento_puntual,P10-SCT-SECTOR,SECTOR OBRADORES,897,2,897,P10,,,P10,P10 > P10-SCT-SECTOR OBRADORES,357316,746ca086-f561-435a-ba68-1305e58fcca1-000573c4,Roofs,,Genérico - 400 mm,Genérico - 400 mm,,P10 > P10-SRV-LGC-SERVICIOS > P10-SCT-SECTOR OBRADORES,btz_description_03,,,,,,,,,,,,,13 elementos Revit contienen el código exacto.,P10,P10-SRV-LGC-SERVICIOS,P10-SCT-SECTOR OBRADORES,,,,,,,,,,,,,,,,,,,,,,,,,,,,hay más de un elemento puntual posible
duplicado,elemento_puntual,P10-SCT-SECTOR,SECTOR OBRADORES,897,2,897,P10,,,P10,P10 > P10-SCT-SECTOR OBRADORES,357351,746ca086-f561-435a-ba68-1305e58fcca1-000573e7,Roofs,,Genérico - 400 mm,Genérico - 400 mm,,P10 > P10-SRV-LGC-SERVICIOS > P10-SCT-SECTOR OBRADORES,btz_description_03,,,,,,,,,,,,,13 elementos Revit contienen el código exacto.,P10,P10-SRV-LGC-SERVICIOS,P10-SCT-SECTOR OBRADORES,,,,,,,,,,,,,,,,,,,,,,,,,,,,hay más de un elemento puntual posible
duplicado,elemento_puntual,P10-SCT-SECTOR,SECTOR OBRADORES,897,2,897,P10,,,P10,P10 > P10-SCT-SECTOR OBRADORES,357377,746ca086-f561-435a-ba68-1305e58fcca1-00057401,Roofs,,Genérico - 400 mm,Genérico - 400 mm,,P10 > P10-SRV-LGC-SERVICIOS > P10-SCT-SECTOR OBRADORES,btz_description_03,,,,,,,,,,,,,13 elementos Revit contienen el código exacto.,P10,P10-SRV-LGC-SERVICIOS,P10-SCT-SECTOR OBRADORES,,,,,,,,,,,,,,,,,,,,,,,,,,,,hay más de un elemento puntual posible
duplicado,elemento_puntual,P10-SCT-SECTOR,SECTOR OBRADORES,897,2,897,P10,,,P10,P10 > P10-SCT-SECTOR OBRADORES,361292,79a4e34a-87ef-4472-9c35-b34f669597e2-0005834c,Roofs,,Genérico - 400 mm,Genérico - 400 mm,,P10 > P10-SRV-LGC-SERVICIOS > P10-SCT-SECTOR OBRADORES,btz_description_03,,,,,,,,,,,,,13 elementos Revit contienen el código exacto.,P10,P10-SRV-LGC-SERVICIOS,P10-SCT-SECTOR OBRADORES,,,,,,,,,,,,,,,,,,,,,,,,,,,,hay más de un elemento puntual posible
contenedor_duplicado,contenedor,P10-PLL-LGC-PELLETERA,SECTOR PELLETEADO P10,898,2,898,P10,,,P10,P10 > P10-PLL-LGC-PELLETERA,373540,1dd9711a-59af-4c3f-8b41-17903a787e86-0005b324,Generic Models,Silodiario harina,Silodiario harina,Silodiario harina,,P10 > P10-PRL-LGC-PRELIMPIEZA > P10-PRL-LGC-SILOS > P10-PRL-SLO-SLO1 DIARIO,contenedor_scoring,373540,1dd9711a-59af-4c3f-8b41-17903a787e86-0005b324,P10 > P10-PRL-LGC-PRELIMPIEZA > P10-PRL-LGC-SILOS > P10-PRL-SLO-SLO1 DIARIO,4,26,NO,70,70,0,+60 equivalencia tipo LGC; +20 contiene P10; +20 bloques en path; -30 otro sector (PRL),373540:70:P10 > P10-PRL-LGC-PRELIMPIEZA > P10-PRL-LGC-SILOS > P10-PRL-SLO-SLO1 DIARIO || 373591:70:P10 > P10-PRL-LGC-PRELIMPIEZA > P10-PRL-LGC-SILOS > P10-PRL-SLO-SLO2 DIARIO || 176327:70:P10 > P10-SRV-LGC-SERVICIOS > P10-ADM-OFC-OFICINA MANT || 185694:70:P10 > P10-SRV-LGC-SERVICIOS > P10-SRV-LGC-TORRES ENF EXT || 227527:70:P10 > P10-SRV-LGC-SERVICIOS > P10-SRV-CLD-CMB CALDERA || 281184:70:P10 > P10-DSC-LGC-DESCASCARADO > P10-DSC-LGC-TOLVA || 281815:70:P10 > P10-PRP-LGC-PREPARACION > P10-PRP-LGC-REDLER || 282804:70:P10 > P10-EXT-LGC-EXTRACCION > P10-EXT-LGC-RECUP GASES || ... +56,,"Scoring ambiguo: mejor=70, segundo=70, diferencia=0.",P10,P10-PRL-LGC-PRELIMPIEZA,P10-PRL-LGC-SILOS,P10-PRL-SLO-SLO1 DIARIO,,,,,,,,,,,,,,,,,,,,,,,,,,,hay más de un contenedor candidato
sin_contenedor,sin_asociacion,P10-PLL-CCL-CBS03A,1ER CICLON SOBRE CELDA 3 (SUR A NORTE),900,4,900,P10-PLL-BMB-BS03,P10-PLL-BMB-BS03,P10-PLL-LGC-PELLETERA > P10-PLL-BMB-BS03,P10 > P10-PLL-LGC-PELLETERA > P10-PLL-BMB-BS03,P10 > P10-PLL-LGC-PELLETERA > P10-PLL-BMB-BS03 > P10-PLL-CCL-CBS03A,,,,,,,,,,,,,,,,,,,,,,Ningún contenedor supera puntaje mínimo 40.,,,,,,,,,,,,,,,,,,,,,,,,,,,,,,,no se encontró contenedor compatible
sin_contenedor,sin_asociacion,P10-PLL-CCL-CBS03B,2DO CICLON SOBRE CELDA 3 (SUR A NORTE),901,4,901,P10-PLL-BMB-BS03,P10-PLL-BMB-BS03,P10-PLL-LGC-PELLETERA > P10-PLL-BMB-BS03,P10 > P10-PLL-LGC-PELLETERA > P10-PLL-BMB-BS03,P10 > P10-PLL-LGC-PELLETERA > P10-PLL-BMB-BS03 > P10-PLL-CCL-CBS03B,,,,,,,,,,,,,,,,,,,,,,Ningún contenedor supera puntaje mínimo 40.,,,,,,,,,,,,,,,,,,,,,,,,,,,,,,,no se encontró contenedor compatible
sin_contenedor,sin_asociacion,P10-PLL-VLV-VR35,VALVULA ROTATIVA RECIBE DEL DEP,902,4,902,P10-PLL-BMB-BS03,P10-PLL-BMB-BS03,P10-PLL-LGC-PELLETERA > P10-PLL-BMB-BS03,P10 > P10-PLL-LGC-PELLETERA > P10-PLL-BMB-BS03,P10 > P10-PLL-LGC-PELLETERA > P10-PLL-BMB-BS03 > P10-PLL-VLV-VR35,,,,,,,,,,,,,,,,,,,,,,Ningún contenedor supera puntaje mínimo 40.,,,,,,,,,,,,,,,,,,,,,,,,,,,,,,,no se encontró contenedor compatible
sin_contenedor,sin_asociacion,P10-PLL-PLL-P01,PELLETERA PP 665-225  1 (MODIFICADA) 3RA (NORTE-SUR),903,3,903,P10-PLL-LGC-PELLETERA,P10-PLL-LGC-PELLETERA,P10-PLL-LGC-PELLETERA,P10 > P10-PLL-LGC-PELLETERA,P10 > P10-PLL-LGC-PELLETERA > P10-PLL-PLL-P01,,,,,,,,,,,,,,,,,,,,,,Ningún contenedor supera puntaje mínimo 40.,,,,,,,,,,,,,,,,,,,,,,,,,,,,,,,no se encontró contenedor compatible
sin_contenedor,sin_asociacion,P10-PLL-ALM-PA01,ALIM. P 665-225  1 SUR (MODIFICADA),904,4,904,P10-PLL-PLL-P01,P10-PLL-PLL-P01,P10-PLL-LGC-PELLETERA > P10-PLL-PLL-P01,P10 > P10-PLL-LGC-PELLETERA > P10-PLL-PLL-P01,P10 > P10-PLL-LGC-PELLETERA > P10-PLL-PLL-P01 > P10-PLL-ALM-PA01,,,,,,,,,,,,,,,,,,,,,,Ningún contenedor supera puntaje mínimo 40.,,,,,,,,,,,,,,,,,,,,,,,,,,,,,,,no se encontró contenedor compatible
sin_contenedor,sin_asociacion,P10-PLL-FRZ-PF01,FORZADOR P 665-225  1 SUR (MODIFICADA),905,4,905,P10-PLL-PLL-P01,P10-PLL-PLL-P01,P10-PLL-LGC-PELLETERA > P10-PLL-PLL-P01,P10 > P10-PLL-LGC-PELLETERA > P10-PLL-PLL-P01,P10 > P10-PLL-LGC-PELLETERA > P10-PLL-PLL-P01 > P10-PLL-FRZ-PF01,,,,,,,,,,,,,,,,,,,,,,Ningún contenedor supera puntaje mínimo 40.,,,,,,,,,,,,,,,,,,,,,,,,,,,,,,,no se encontró contenedor compatible
sin_contenedor,sin_asociacion,P10-PLL-MZC-PM01,MEZCLADOR P 665-225  1 SUR (MODIFICADA),906,4,906,P10-PLL-PLL-P01,P10-PLL-PLL-P01,P10-PLL-LGC-PELLETERA > P10-PLL-PLL-P01,P10 > P10-PLL-LGC-PELLETERA > P10-PLL-PLL-P01,P10 > P10-PLL-LGC-PELLETERA > P10-PLL-PLL-P01 > P10-PLL-MZC-PM01,,,,,,,,,,,,,,,,,,,,,,Ningún contenedor supera puntaje mínimo 40.,,,,,,,,,,,,,,,,,,,,,,,,,,,,,,,no se encontró contenedor compatible
sin_contenedor,sin_asociacion,P10-PLL-PLL-P02,PELLETERA PP 665-225  2 (MODIFICADA) 4TA (NORTE-SUR),907,3,907,P10-PLL-LGC-PELLETERA,P10-PLL-LGC-PELLETERA,P10-PLL-LGC-PELLETERA,P10 > P10-PLL-LGC-PELLETERA,P10 > P10-PLL-LGC-PELLETERA > P10-PLL-PLL-P02,,,,,,,,,,,,,,,,,,,,,,Ningún contenedor supera puntaje mínimo 40.,,,,,,,,,,,,,,,,,,,,,,,,,,,,,,,no se encontró contenedor compatible
sin_contenedor,sin_asociacion,P10-PLL-ALM-PA02,ALIM. P 665-225  2 NORTE (MODIFICADA),908,4,908,P10-PLL-PLL-P02,P10-PLL-PLL-P02,P10-PLL-LGC-PELLETERA > P10-PLL-PLL-P02,P10 > P10-PLL-LGC-PELLETERA > P10-PLL-PLL-P02,P10 > P10-PLL-LGC-PELLETERA > P10-PLL-PLL-P02 > P10-PLL-ALM-PA02,,,,,,,,,,,,,,,,,,,,,,Ningún contenedor supera puntaje mínimo 40.,,,,,,,,,,,,,,,,,,,,,,,,,,,,,,,no se encontró contenedor compatible
sin_contenedor,sin_asociacion,P10-PLL-FRZ-PF02,FORZADOR PELLETERA GH3 NRO 2,909,4,909,P10-PLL-PLL-P02,P10-PLL-PLL-P02,P10-PLL-LGC-PELLETERA > P10-PLL-PLL-P02,P10 > P10-PLL-LGC-PELLETERA > P10-PLL-PLL-P02,P10 > P10-PLL-LGC-PELLETERA > P10-PLL-PLL-P02 > P10-PLL-FRZ-PF02,,,,,,,,,,,,,,,,,,,,,,Ningún contenedor supera puntaje mínimo 40.,,,,,,,,,,,,,,,,,,,,,,,,,,,,,,,no se encontró contenedor compatible
sin_contenedor,sin_asociacion,P10-PLL-MZC-PM02,MEZCLADOR PELLETERA GH3  2 (SIN MODIFICAR),910,4,910,P10-PLL-PLL-P02,P10-PLL-PLL-P02,P10-PLL-LGC-PELLETERA > P10-PLL-PLL-P02,P10 > P10-PLL-LGC-PELLETERA > P10-PLL-PLL-P02,P10 > P10-PLL-LGC-PELLETERA > P10-PLL-PLL-P02 > P10-PLL-MZC-PM02,,,,,,,,,,,,,,,,,,,,,,Ningún contenedor supera puntaje mínimo 40.,,,,,,,,,,,,,,,,,,,,,,,,,,,,,,,no se encontró contenedor compatible
contenedor_duplicado,contenedor,P10-PLL-RDL-R37,REDLER A PELLETERAS R37,911,3,911,P10-PLL-LGC-PELLETERA,P10-PLL-LGC-PELLETERA,P10-PLL-LGC-PELLETERA,P10 > P10-PLL-LGC-PELLETERA,P10 > P10-PLL-LGC-PELLETERA > P10-PLL-RDL-R37,281815,a027b4da-4e9c-44ad-b607-5fb48d4c7061-00044cd7,Roofs,,Genérico - 400 mm,Genérico - 400 mm,,P10 > P10-PRP-LGC-PREPARACION > P10-PRP-LGC-REDLER,contenedor_scoring,281815,a027b4da-4e9c-44ad-b607-5fb48d4c7061-00044cd7,P10 > P10-PRP-LGC-PREPARACION > P10-PRP-LGC-REDLER,3,27,NO,60,60,0,+60 equivalencia tipo REDLER; +20 contiene P10; +10 bloques en path; -30 otro sector (PRP),281815:60:P10 > P10-PRP-LGC-PREPARACION > P10-PRP-LGC-REDLER || 376995:60:P10 > P10-PRP-LGC-PREPARACION > P10-PRP-LGC-REDLER || 377104:60:P10 > P10-PRP-LGC-PREPARACION > P10-PRP-LGC-REDLER || 385416:60:P10 > P10-PRL-LGC-PRELIMPIEZA > P10-PRL-LGC-REDLER || 385436:60:P10 > P10-PRL-LGC-PRELIMPIEZA > P10-PRL-LGC-REDLER || 378728:60:P10 > P10-DSC-LGC-DESCASCARADO > P10-DSC-LGC-REDLER,,"Scoring ambiguo: mejor=60, segundo=60, diferencia=0.",P10,P10-PRP-LGC-PREPARACION,P10-PRP-LGC-REDLER,,,,,,,,,,,,,,,,,,,,,,,,,,,,hay más de un contenedor candidato
sin_contenedor,sin_asociacion,P10-PLL-VLV-SOV-P02,VALVULA ON-OFF DE VAPOR A PELLETERA P02,912,3,912,P10-PLL-LGC-PELLETERA,P10-PLL-LGC-PELLETERA,P10-PLL-LGC-PELLETERA,P10 > P10-PLL-LGC-PELLETERA,P10 > P10-PLL-LGC-PELLETERA > P10-PLL-VLV-SOV-P02,,,,,,,,,,,,,,,,,,,,,,Ningún contenedor supera puntaje mínimo 40.,,,,,,,,,,,,,,,,,,,,,,,,,,,,,,,no se encontró contenedor compatible
sin_contenedor,sin_asociacion,P10-TLL-TALLER,SECTOR TALLER P10,913,2,913,P10,,,P10,P10 > P10-TLL-TALLER CENTRAL,,,,,,,,,,,,,,,,,,,,,,Código repetido en Project 2 veces. Ningún contenedor supera puntaje mínimo 40.,,,,,,,,,,,,,,,,,,,,,,,,,,,,,,,no se encontró contenedor compatible
sin_contenedor,sin_asociacion,P10-TLL-AIR-AIRE,AIRE ACONDICIONADO OFICINA ADMINISTRACION TALLER CARRIER 6 TR,916,4,916,P10-ADM-OFC-ADM,P10-ADM-OFC-ADM,P10-TLL-TALLER > P10-ADM-OFC-ADM,P10 > P10-TLL-TALLER CENTRAL > P10-ADM-OFC-ADM,P10 > P10-TLL-TALLER CENTRAL > P10-ADM-OFC-ADM > P10-TLL-AIR-AIRE OF ADMINIST,,,,,,,,,,,,,,,,,,,,,,Código repetido en Project 2 veces. Ningún contenedor supera puntaje mínimo 40.,,,,,,,,,,,,,,,,,,,,,,,,,,,,,,,no se encontró contenedor compatible
sin_contenedor,sin_asociacion,P10-TLL-CMP-COMP,COMPRESOR 6-1 OFICINA ADMINISTRACION DEL TALLER,917,5,917,P10-TLL-AIR-AIRE OF ADMINIST,P10-TLL-AIR-AIRE,P10-TLL-TALLER > P10-ADM-OFC-ADM > P10-TLL-AIR-AIRE,P10 > P10-TLL-TALLER CENTRAL > P10-ADM-OFC-ADM > P10-TLL-AIR-AIRE OF ADMINIST,P10 > P10-TLL-TALLER CENTRAL > P10-ADM-OFC-ADM > P10-TLL-AIR-AIRE OF ADMINIST > P10-TLL-CMP-COMP AIRE TAL-6-1,,,,,,,,,,,,,,,,,,,,,,Código repetido en Project 3 veces. Ningún contenedor supera puntaje mínimo 40.,,,,,,,,,,,,,,,,,,,,,,,,,,,,,,,no se encontró contenedor compatible
sin_contenedor,sin_asociacion,P10-TLL-PAÑOL,PAÑOL P10,923,3,923,P10-TLL-TALLER CENTRAL,P10-TLL-TALLER,P10-TLL-TALLER,P10 > P10-TLL-TALLER CENTRAL,P10 > P10-TLL-TALLER CENTRAL > P10-TLL-PAÑOL,,,,,,,,,,,,,,,,,,,,,,Ningún contenedor supera puntaje mínimo 40.,,,,,,,,,,,,,,,,,,,,,,,,,,,,,,,no se encontró contenedor compatible
