element_id,unique_id,category,family,type,name,mark,comments,btz_numero_activo,btz_description_01,btz_description_02,btz_description_03,btz_description_04,btz_description_05,btz_description_06,btz_description_07,btz_description_08,btz_description_09,btz_description_10,btz_description_11,btz_description_12,btz_description_13,btz_description_14,btz_description_15,btz_description_16,btz_description_17,btz_description_18,btz_description_19,btz_description_20,btz_description_21,btz_description_22,btz_description_23,btz_description_24,btz_description_25,btz_description_26,btz_description_27,btz_description_28,btz_description_29,btz_description_30,btz_description_31,btz_description_32,btz_description_33,btz_description_34,btz_description_35,btz_description_36,btz_description_37,btz_description_38,btz_description_39,btz_description_40,btz_description_41,btz_description_42,btz_description_43,btz_description_44,btz_description_45,btz_description_46,btz_description_47,btz_description_48,btz_description_49,btz_description_50,btz_description_51,btz_description_52,btz_description_53,btz_description_54,btz_description_55,btz_description_56,btz_description_57,btz_description_58,btz_description_59,btz_description_60,btz_description_61,btz_description_62,btz_description_63,btz_description_64,btz_description_65,btz_description_66,btz_description_67,btz_description_68,btz_description_69,btz_description_70,btz_description_71,btz_description_72,btz_description_73,btz_description_74,btz_description_75,btz_description_76,btz_description_77,btz_description_78,btz_description_79,btz_description_80,btz_path_detectado,cantidad_btz_description_con_valor
153025,e873c32e-5e0c-4f36-b2a7-48d4917bce06-000255c1,Walls,,Genérico - 200 mm,Genérico - 200 mm,,CIR_01_V01;CIR_03_V01;CIR_03_V02;CIR_03_V03;VUE_02_V01;VUE_04_V01;VUE_04_V02;VUE_04_V03;CIR_02_V01;CIR_04_V01;CIR_04_V03;CIR_05_V03;MIX_02_V01;MIX_04_V01;MIX_04_V03,,TE,TE-EXP-LGC-EXPEDICION,TE-EXP-LGC-SECTOR ACCESO OSL,,TE-DDV-BLN-BALANZA VAGONES,,,,,,,,,,,,,,,,,,,,,,,,,,,,,,,,,,,,,,,,,,,,,,,,,,,,,,,,,,,,,,,,,,,,,,,,,,,,TE > TE-EXP-LGC-EXPEDICION > TE-EXP-LGC-SECTOR ACCESO OSL > TE-DDV-BLN-BALANZA VAGONES,4
153117,e873c32e-5e0c-4f36-b2a7-48d4917bce06-0002561d,Walls,,Genérico - 200 mm,Genérico - 200 mm,,CIR_01_V01;CIR_03_V01;CIR_03_V02;CIR_03_V03;VUE_02_V01;VUE_04_V01;VUE_04_V02;VUE_04_V03;CIR_02_V01;CIR_04_V01;CIR_04_V03;CIR_05_V03;MIX_02_V01;MIX_04_V01;MIX_04_V03,,TE,TE-EXP-LGC-EXPEDICION,TE-EXP-LGC-SECTOR ACCESO OSL,,TE-EXP-LGC-SECTOR,,,,,,,,,,,,,,,,,,,,,,,,,,,,,,,,,,,,,,,,,,,,,,,,,,,,,,,,,,,,,,,,,,,,,,,,,,,,TE > TE-EXP-LGC-EXPEDICION > TE-EXP-LGC-SECTOR ACCESO OSL > TE-EXP-LGC-SECTOR,4
153162,e873c32e-5e0c-4f36-b2a7-48d4917bce06-0002564a,Walls,,Genérico - 200 mm,Genérico - 200 mm,,CIR_01_V01;CIR_03_V01;CIR_03_V02;CIR_03_V03;VUE_02_V01;VUE_04_V01;VUE_04_V02;VUE_04_V03;CIR_02_V01;CIR_04_V01;CIR_04_V03;CIR_05_V03;MIX_02_V01;MIX_04_V01;MIX_04_V03,,TE,TE-EXP-LGC-EXPEDICION,TE-EXP-LGC-SECTOR ACCESO OSL,,TE-EXP-BRR-BARR,,,,,,,,,,,,,,,,,,,,,,,,,,,,,,,,,,,,,,,,,,,,,,,,,,,,,,,,,,,,,,,,,,,,,,,,,,,,TE > TE-EXP-LGC-EXPEDICION > TE-EXP-LGC-SECTOR ACCESO OSL > TE-EXP-BRR-BARR,4
164153,e873c32e-5e0c-4f36-b2a7-48d4917bce06-00028139,Roofs,,Genérico - 400 mm,Genérico - 400 mm,,,,TE,TE-ALM-LGC-ALMACENAJE (CELDAS),TE-ALM-CLD-CELDA 1,,TE-ALM-LGC-ALMACENAJE (SILOS,TE-ALM-VNT-VBRFMSV,TE-ALM-VNT-VEFMAPELL,TE-ALM-CLD-CELDA,TE-ALM-LGC-VALV,TE-ALM-VLV-V105,TE-ALM-VLV-V110,TE-ALM-VLV-V115,TE-ALM-VLV-V120,TE-ALM-VLV-V125,TE-ALM-CCM-CCMBC2,TE-ALM-VLV-V202,TE-ALM-VLV-V207,TE-ALM-VLV-V212,TE-ALM-VLV-V217,TE-ALM-BMB-BDN3,TE-ALM-FLT-FMACSC3INF,TE-ALM-VLV-V304,TE-ALM-VLV-V309,TE-ALM-VLV-V314,TE-ALM-VLV-V319,TE-ALM-VLV-V324,TE-ALM-VLV-V329,TE-ALM-VNT-VECSC3-04,TE-ALM-VNT-VECSC3-09,TE-ALM-CNT-C12 (CBC4-12,TE-ALM-CNT-C7 (C4C7,TE-ALM-CNT-C9 (C9SC4,TE-ALM-RSC-RFMC4,TE-ALM-VLV-VC402,TE-ALM-VLV-VC407,TE-ALM-VLV-VC412,TE-ALM-VLV-VC417,TE-ALM-VLV-VC422,TE-ALM-VLV-VC427,TE-ALM-VLV-VC432,TE-ALM-VLV-VC437,TE-ALM-VLV-VC442,TE-ALM-VLV-VC447,TE-ALM-VLV-VC452,,,,,,,,,,,,,,,,,,,,,,,,,,,,,,,,,,,,,TE > TE-ALM-LGC-ALMACENAJE (CELDAS) > TE-ALM-CLD-CELDA 1 > TE-ALM-LGC-ALMACENAJE (SILOS > TE-ALM-VNT-VBRFMSV > TE-ALM-VNT-VEFMAPELL > TE-ALM-CLD-CELDA > TE-ALM-LGC-VALV > TE-ALM-VLV-V105 > TE-ALM-VLV-V110 > TE-ALM-VLV-V115 > TE-ALM-VLV-V120 > TE-ALM-VLV-V125 > TE-ALM-CCM-CCMBC2 > TE-ALM-VLV-V202 > TE-ALM-VLV-V207 > TE-ALM-VLV-V212 > TE-ALM-VLV-V217 > TE-ALM-BMB-BDN3 > TE-ALM-FLT-FMACSC3INF > TE-ALM-VLV-V304 > TE-ALM-VLV-V309 > TE-ALM-VLV-V314 > TE-ALM-VLV-V319 > TE-ALM-VLV-V324 > TE-ALM-VLV-V329 > TE-ALM-VNT-VECSC3-04 > TE-ALM-VNT-VECSC3-09 > TE-ALM-CNT-C12 (CBC4-12 > TE-ALM-CNT-C7 (C4C7 > TE-ALM-CNT-C9 (C9SC4 > TE-ALM-RSC-RFMC4 > TE-ALM-VLV-VC402 > TE-ALM-VLV-VC407 > TE-ALM-VLV-VC412 > TE-ALM-VLV-VC417 > TE-ALM-VLV-VC422 > TE-ALM-VLV-VC427 > TE-ALM-VLV-VC432 > TE-ALM-VLV-VC437 > TE-ALM-VLV-VC442 > TE-ALM-VLV-VC447 > TE-ALM-VLV-VC452,43
164356,e873c32e-5e0c-4f36-b2a7-48d4917bce06-00028204,Roofs,,Genérico - 400 mm,Genérico - 400 mm,,PTD_A3_V03,,TE,TE-ALM-LGC-ALMACENAJE (CELDAS),TE-ALM-CLD-CELDA 2,,TE-ALM-FLT-FMAPELL,TE-ALM-VNT-VEFMSV,TE-ALM-BMB-BDN1,TE-ALM-VLV-V101,TE-ALM-VLV-V106,TE-ALM-VLV-V111,TE-ALM-VLV-V116,TE-ALM-VLV-V121,TE-TNL-CNT-CBC1,TE-ALM-CNT-CBC2,TE-ALM-VLV-V203,TE-ALM-VLV-V208,TE-ALM-VLV-V213,TE-ALM-VLV-V218,TE-ALM-CCM-CCMBC3,TE-ALM-VNT-VLFMACSC3INF,TE-ALM-VLV-V305,TE-ALM-VLV-V310,TE-ALM-VLV-V315,TE-ALM-VLV-V320,TE-ALM-VLV-V325,TE-ALM-SIS-VENTICELDA3,TE-ALM-VNT-VECSC3-05,TE-ALM-VNT-VECSC3-10,TE-ALM-CNT-C13 (CBC4-13,TE-ALM-VLV-VG19,TE-ALM-CRR-CTC9,TE-ALM-VLV-VRFMC4,TE-ALM-VLV-VC403,TE-ALM-VLV-VC408,TE-ALM-VLV-VC413,TE-ALM-VLV-VC418,TE-ALM-VLV-VC423,TE-ALM-VLV-VC428,TE-ALM-VLV-VC433,TE-ALM-VLV-VC438,TE-ALM-VLV-VC443,TE-ALM-VLV-VC448,TE-ALM-VLV-VC453,,,,,,,,,,,,,,,,,,,,,,,,,,,,,,,,,,,,,,TE > TE-ALM-LGC-ALMACENAJE (CELDAS) > TE-ALM-CLD-CELDA 2 > TE-ALM-FLT-FMAPELL > TE-ALM-VNT-VEFMSV > TE-ALM-BMB-BDN1 > TE-ALM-VLV-V101 > TE-ALM-VLV-V106 > TE-ALM-VLV-V111 > TE-ALM-VLV-V116 > TE-ALM-VLV-V121 > TE-TNL-CNT-CBC1 > TE-ALM-CNT-CBC2 > TE-ALM-VLV-V203 > TE-ALM-VLV-V208 > TE-ALM-VLV-V213 > TE-ALM-VLV-V218 > TE-ALM-CCM-CCMBC3 > TE-ALM-VNT-VLFMACSC3INF > TE-ALM-VLV-V305 > TE-ALM-VLV-V310 > TE-ALM-VLV-V315 > TE-ALM-VLV-V320 > TE-ALM-VLV-V325 > TE-ALM-SIS-VENTICELDA3 > TE-ALM-VNT-VECSC3-05 > TE-ALM-VNT-VECSC3-10 > TE-ALM-CNT-C13 (CBC4-13 > TE-ALM-VLV-VG19 > TE-ALM-CRR-CTC9 > TE-ALM-VLV-VRFMC4 > TE-ALM-VLV-VC403 > TE-ALM-VLV-VC408 > TE-ALM-VLV-VC413 > TE-ALM-VLV-VC418 > TE-ALM-VLV-VC423 > TE-ALM-VLV-VC428 > TE-ALM-VLV-VC433 > TE-ALM-VLV-VC438 > TE-ALM-VLV-VC443 > TE-ALM-VLV-VC448 > TE-ALM-VLV-VC453,42
166634,e873c32e-5e0c-4f36-b2a7-48d4917bce06-00028aea,Roofs,,Genérico - 400 mm,Genérico - 400 mm,,VUE_02_V01;CIR_02_V01;CIR_04_V01;CIR_04_V03;CIR_03_V01;CIR_03_V02;CIR_04_V02;CIR_05_V01;CIR_05_V02;CIR_05_V03;MIX_02_V01,,,TE-ADM-LGC-EDIFICIOS VARIOS,,,,,,,,,,,,,,,,,,,,,,,,,,,,,,,,,,,,,,,,,,,,,,,,,,,,,,,,,,,,,,,,,,,,,,,,,,,,,,,TE-ADM-LGC-EDIFICIOS VARIOS,1
166752,e873c32e-5e0c-4f36-b2a7-48d4917bce06-00028b60,Roofs,,Genérico - 400 mm,Genérico - 400 mm,,TE-porteria,TE-ADM-EDF-PORTERIA,TE,TE-ADM-LGC-EDIFICIOS VARIOS,TE-ADM-EDF-PORTERIA,,TE-ADM-EDF-BICICLETERO,,,,,,,,,,,,,,,,,,,,,,,,,,,,,,,,,,,,,,,,,,,,,,,,,,,,,,,,,,,,,,,,,,,,,,,,,,,,TE > TE-ADM-LGC-EDIFICIOS VARIOS > TE-ADM-EDF-PORTERIA > TE-ADM-EDF-BICICLETERO,4
168183,e873c32e-5e0c-4f36-b2a7-48d4917bce06-000290f7,Roofs,,Genérico - 400 mm,Genérico - 400 mm,,TE-oficinas,,TE,TE-ADM-LGC-EDIFICIOS VARIOS,TE-ADM-EDF-OFICINAS,,,,,,,,,,,,,,,,,,,,,,,,,,,,,,,,,,,,,,,,,,,,,,,,,,,,,,,,,,,,,,,,,,,,,,,,,,,,,,TE > TE-ADM-LGC-EDIFICIOS VARIOS > TE-ADM-EDF-OFICINAS,3
168280,e873c32e-5e0c-4f36-b2a7-48d4917bce06-00029158,Roofs,,Genérico - 400 mm,Genérico - 400 mm,,,,TE,TE-ADM-LGC-EDIFICIOS VARIOS,TE-ADM-EDF-OFICINAS,,,,,,,,,,,,,,,,,,,,,,,,,,,,,,,,,,,,,,,,,,,,,,,,,,,,,,,,,,,,,,,,,,,,,,,,,,,,,,TE > TE-ADM-LGC-EDIFICIOS VARIOS > TE-ADM-EDF-OFICINAS,3
170458,e873c32e-5e0c-4f36-b2a7-48d4917bce06-000299da,Roofs,,Genérico - 400 mm,Genérico - 400 mm,,TE-pv5,TE-DDC-PTV-PV5,TE,TE-DDC-LGC-DESCARGA CAMIONES,TE-DDC-PTV-PV5,Es exclusivamente de la secadora,,TE-DDC-VNT-VFMDDC,TE-DDC-CHD-CHPV5,TE-DDC-CLZ-CPV5,TE-DDC-CHD-CHCALZPV05,TE-DDC-FLT-FMAPV5,TE-DDC-SIS-DUSTMASTER-PV5,TE-DDC-VLV-PV5A,TE-DDC-VLV-PV5B,TE-DDC-VLV-PV5C,TE-DDC-VNT-VEFMAPV5,,,,,,,,,,,,,,,,,,,,,,,,,,,,,,,,,,,,,,,,,,,,,,,,,,,,,,,,,,,,,,,,,,TE > TE-DDC-LGC-DESCARGA CAMIONES > TE-DDC-PTV-PV5 > Es exclusivamente de la secadora > TE-DDC-VNT-VFMDDC > TE-DDC-CHD-CHPV5 > TE-DDC-CLZ-CPV5 > TE-DDC-CHD-CHCALZPV05 > TE-DDC-FLT-FMAPV5 > TE-DDC-SIS-DUSTMASTER-PV5 > TE-DDC-VLV-PV5A > TE-DDC-VLV-PV5B > TE-DDC-VLV-PV5C > TE-DDC-VNT-VEFMAPV5,14
171843,e873c32e-5e0c-4f36-b2a7-48d4917bce06-00029f43,Generic Models,silos,silos,silos,,,TE-BIO-TNQ-TK402,TE,TE-ACT-LGC-SECTOR ACEITE,TE-ACT-LGC-TANQUES 400,TE-BIO-TNQ-TK402,,TE-ACT-LGC-TANQUES,TE-ACT-VLV-TFPD6-11148,TE-ACT-VLV-TFPD6-11202,,,,,,,,,,,,,,,,,,,,,,,,,,,,,,,,,,,,,,,,,,,,,,,,,,,,,,,,,,,,,,,,,,,,,,,,,TE > TE-ACT-LGC-SECTOR ACEITE > TE-ACT-LGC-TANQUES 400 > TE-BIO-TNQ-TK402 > TE-ACT-LGC-TANQUES > TE-ACT-VLV-TFPD6-11148 > TE-ACT-VLV-TFPD6-11202,7
171963,e873c32e-5e0c-4f36-b2a7-48d4917bce06-00029fbb,Generic Models,Silos 2,Silos 2,Silos 2,,,TE-FUEL-TNQ-TK403,TE,TE-ACT-LGC-SECTOR ACEITE,TE-ACT-LGC-TANQUES 400,TE-FUEL-TNQ-TK403,TE-ACT-CCM-CCMAC,TE-ACT-MLC-MLC MANG ACEITE,TE-ACT-VLV-TFPD6-11199,TE-ACT-VLV-TFPD6-12867,,,,,,,,,,,,,,,,,,,,,,,,,,,,,,,,,,,,,,,,,,,,,,,,,,,,,,,,,,,,,,,,,,,,,,,,,TE > TE-ACT-LGC-SECTOR ACEITE > TE-ACT-LGC-TANQUES 400 > TE-FUEL-TNQ-TK403 > TE-ACT-CCM-CCMAC > TE-ACT-MLC-MLC MANG ACEITE > TE-ACT-VLV-TFPD6-11199 > TE-ACT-VLV-TFPD6-12867,8
172255,e873c32e-5e0c-4f36-b2a7-48d4917bce06-0002a0df,Roofs,,Genérico - 400 mm,Genérico - 400 mm,,,,TE,TE-ALM-LGC-ALMACENAJE (CELDAS),TE-ALM-CLD-CELDA 3,,TE-ALM-FLT-FMSV,TE-ALM-LGC-ALIMENT PTA 6000,TE-ALM-CCM-CCMBC1,TE-ALM-VLV-V102,TE-ALM-VLV-V107,TE-ALM-VLV-V112,TE-ALM-VLV-V117,TE-ALM-VLV-V122,TE-TDM-SIS-ASP,TE-ALM-CNT-CSC2,TE-ALM-VLV-V204,TE-ALM-VLV-V209,TE-ALM-VLV-V214,TE-ALM-VLV-V219,TE-ALM-CNT-CSC3,TE-ALM-VLV-V301,TE-ALM-VLV-V306,TE-ALM-VLV-V311,TE-ALM-VLV-V316,TE-ALM-VLV-V321,TE-ALM-VLV-V326,TE-ALM-VNT-VECSC3-01,TE-ALM-VNT-VECSC3-06,TE-TNL-CNT-CBC3,TE-ALM-CNT-C6 (C6CC4,TE-ALM-VLV-VG20,TE-ALM-FLT-FMC4,TE-ALM-VLV-VRFMC4INF,TE-ALM-VLV-VC404,TE-ALM-VLV-VC409,TE-ALM-VLV-VC414,TE-ALM-VLV-VC419,TE-ALM-VLV-VC424,TE-ALM-VLV-VC429,TE-ALM-VLV-VC434,TE-ALM-VLV-VC439,TE-ALM-VLV-VC444,TE-ALM-VLV-VC449,TE-TNL-CNT-CBC4 C10,,,,,,,,,,,,,,,,,,,,,,,,,,,,,,,,,,,,,,TE > TE-ALM-LGC-ALMACENAJE (CELDAS) > TE-ALM-CLD-CELDA 3 > TE-ALM-FLT-FMSV > TE-ALM-LGC-ALIMENT PTA 6000 > TE-ALM-CCM-CCMBC1 > TE-ALM-VLV-V102 > TE-ALM-VLV-V107 > TE-ALM-VLV-V112 > TE-ALM-VLV-V117 > TE-ALM-VLV-V122 > TE-TDM-SIS-ASP > TE-ALM-CNT-CSC2 > TE-ALM-VLV-V204 > TE-ALM-VLV-V209 > TE-ALM-VLV-V214 > TE-ALM-VLV-V219 > TE-ALM-CNT-CSC3 > TE-ALM-VLV-V301 > TE-ALM-VLV-V306 > TE-ALM-VLV-V311 > TE-ALM-VLV-V316 > TE-ALM-VLV-V321 > TE-ALM-VLV-V326 > TE-ALM-VNT-VECSC3-01 > TE-ALM-VNT-VECSC3-06 > TE-TNL-CNT-CBC3 > TE-ALM-CNT-C6 (C6CC4 > TE-ALM-VLV-VG20 > TE-ALM-FLT-FMC4 > TE-ALM-VLV-VRFMC4INF > TE-ALM-VLV-VC404 > TE-ALM-VLV-VC409 > TE-ALM-VLV-VC414 > TE-ALM-VLV-VC419 > TE-ALM-VLV-VC424 > TE-ALM-VLV-VC429 > TE-ALM-VLV-VC434 > TE-ALM-VLV-VC439 > TE-ALM-VLV-VC444 > TE-ALM-VLV-VC449 > TE-TNL-CNT-CBC4 C10,42
173600,e873c32e-5e0c-4f36-b2a7-48d4917bce06-0002a620,Generic Models,Silo diario,Silo diario,Silo diario,,,PP-PRL-SLO-SA00,,,PP-PRL-LGC-SILOS,PP-PRL-SLO-SA00,PP-PRL-VLV-VG01,PP-PRL-VLV-VG02,PP-PRL-VLV-VG03,PP-PRL-VLV-VG04,PP-PRL-VLV-VG05,PP-PRL-VLV-VG06,PP-PRL-VLV-VG07,,,,,,,,,,,,,,,,,,,,,,,,,,,,,,,,,,,,,,,,,,,,,,,,,,,,,,,,,,,,,,,,,,,,,,PP-PRL-LGC-SILOS > PP-PRL-SLO-SA00 > PP-PRL-VLV-VG01 > PP-PRL-VLV-VG02 > PP-PRL-VLV-VG03 > PP-PRL-VLV-VG04 > PP-PRL-VLV-VG05 > PP-PRL-VLV-VG06 > PP-PRL-VLV-VG07,9
173806,e873c32e-5e0c-4f36-b2a7-48d4917bce06-0002a6ee,Generic Models,silos 567,silos 567,silos 567,,TE-silo6,,TE,TE-ALM-LGC-ALMACENAJE (SILOS),TE-ALM-SLO-SILO 6,,TE-ALM-BMB-BSFMSV,TE-ALM-CNT-CSSDIARIO,TE-ALM-SLO-SILO,TE-ALM-VNT-A15,TE-ALM-VNT-A55,TE-ALM-VLV-P57 DESC,TE-ALM-CNT-CSS6,TE-ALM-VNT-A46,TE-ALM-VNT-A86,TE-TNL-CNT-CBS6,TE-ALM-VNT-A37,TE-ALM-VNT-A77,TE-ALM-VLV-P79 DESC,TE-ALM-VLV-P53,TE-ALM-VLV-P48 DESC,TE-ALM-VLV-Q54,,,,,,,,,,,,,,,,,,,,,,,,,,,,,,,,,,,,,,,,,,,,,,,,,,,,,,,,,,,,,TE > TE-ALM-LGC-ALMACENAJE (SILOS) > TE-ALM-SLO-SILO 6 > TE-ALM-BMB-BSFMSV > TE-ALM-CNT-CSSDIARIO > TE-ALM-SLO-SILO > TE-ALM-VNT-A15 > TE-ALM-VNT-A55 > TE-ALM-VLV-P57 DESC > TE-ALM-CNT-CSS6 > TE-ALM-VNT-A46 > TE-ALM-VNT-A86 > TE-TNL-CNT-CBS6 > TE-ALM-VNT-A37 > TE-ALM-VNT-A77 > TE-ALM-VLV-P79 DESC > TE-ALM-VLV-P53 > TE-ALM-VLV-P48 DESC > TE-ALM-VLV-Q54,19
174050,e873c32e-5e0c-4f36-b2a7-48d4917bce06-0002a7e2,Generic Models,distrib,distrib,distrib,,TE-silo4,,TE,TE-ALM-LGC-ALMACENAJE (SILOS),TE-ALM-SLO-SILO 4,,TE-ALM-VLV-VRTNFMSV,TE-ALM-FLT-FMACSSD,TE-ALM-CNT-CSS5,TE-ALM-VNT-A25,TE-ALM-VNT-A65,TE-ALM-VLV-P58 DESC,TE-ALM-VNT-A16,TE-ALM-VNT-A56,TE-ALM-VLV-P65 DESC,TE-ALM-CNT-CSS7,TE-ALM-VNT-A47,TE-ALM-VNT-A87,TE-TNL-CNT-CBS7,TE-ALM-VLV-P54,TE-ALM-VLV-P49 DESC,TE-ALM-VLV-Q55,,,,,,,,,,,,,,,,,,,,,,,,,,,,,,,,,,,,,,,,,,,,,,,,,,,,,,,,,,,,,TE > TE-ALM-LGC-ALMACENAJE (SILOS) > TE-ALM-SLO-SILO 4 > TE-ALM-VLV-VRTNFMSV > TE-ALM-FLT-FMACSSD > TE-ALM-CNT-CSS5 > TE-ALM-VNT-A25 > TE-ALM-VNT-A65 > TE-ALM-VLV-P58 DESC > TE-ALM-VNT-A16 > TE-ALM-VNT-A56 > TE-ALM-VLV-P65 DESC > TE-ALM-CNT-CSS7 > TE-ALM-VNT-A47 > TE-ALM-VNT-A87 > TE-TNL-CNT-CBS7 > TE-ALM-VLV-P54 > TE-ALM-VLV-P49 DESC > TE-ALM-VLV-Q55,19
174187,e873c32e-5e0c-4f36-b2a7-48d4917bce06-0002a86b,Generic Models,Tanques aceite,Tanques aceite,Tanques aceite,,PTD_E2_V02;PTD_E3_V03,,TE,TE-ACT-LGC-SECTOR ACEITE,TE-ACT-LGC-TANQUES,TE-ACT-TNQ-TK10,TE-ACT-AGT-AG501,,,,,,,,,,,,,,,,,,,,,,,,,,,,,,,,,,,,,,,,,,,,,,,,,,,,,,,,,,,,,,,,,,,,,,,,,,,,TE > TE-ACT-LGC-SECTOR ACEITE > TE-ACT-LGC-TANQUES > TE-ACT-TNQ-TK10 > TE-ACT-AGT-AG501,5
174203,e873c32e-5e0c-4f36-b2a7-48d4917bce06-0002a87b,Generic Models,Tanques aceite1,Tanques aceite,Tanques aceite,,PTD_E2_V02;PTD_E3_V03,TE-ACT-AGT-AG500,TE,TE-ACT-LGC-SECTOR ACEITE,TE-ACT-LGC-TANQUES,TE-ACT-TNQ-TK9,TE-ACT-AGT-AG500,,,,,,,,,,,,,,,,,,,,,,,,,,,,,,,,,,,,,,,,,,,,,,,,,,,,,,,,,,,,,,,,,,,,,,,,,,,,TE > TE-ACT-LGC-SECTOR ACEITE > TE-ACT-LGC-TANQUES > TE-ACT-TNQ-TK9 > TE-ACT-AGT-AG500,5
174229,e873c32e-5e0c-4f36-b2a7-48d4917bce06-0002a895,Generic Models,Tanques aceite2,Tanques aceite,Tanques aceite,,,TE-ACT-TNQ-TK12,TE,TE-ACT-LGC-SECTOR ACEITE,TE-ACT-LGC-TANQUES ACEITE OSL,TE-ACT-TNQ-TK12,TE-ACT-PLM-AIRE2,TE-FUEL-BMB-BO410,TE-ACT-AGT-AG503,,,,,,,,,,,,,,,,,,,,,,,,,,,,,,,,,,,,,,,,,,,,,,,,,,,,,,,,,,,,,,,,,,,,,,,,,,TE > TE-ACT-LGC-SECTOR ACEITE > TE-ACT-LGC-TANQUES ACEITE OSL > TE-ACT-TNQ-TK12 > TE-ACT-PLM-AIRE2 > TE-FUEL-BMB-BO410 > TE-ACT-AGT-AG503,7
174292,e873c32e-5e0c-4f36-b2a7-48d4917bce06-0002a8d4,Roofs,,Genérico - 400 mm,Genérico - 400 mm,,,,TE,TE-ALM-LGC-ALMACENAJE(CELDAS,TE-ALM-CLD-CELDA,TE-ALM-CNT-C6 (C6CC4,TE-ALM-VLV-VG17,TE-ALM-VLV-VG18,TE-ALM-CNT-C7 (C4C7,TE-ALM-VLV-VG19,TE-ALM-VLV-VG20,TE-ALM-CNT-C8 (C8SC4,TE-ALM-CRR-CTC8,TE-ALM-CNT-C9 (C9SC4,TE-ALM-CRR-CTC9,TE-ALM-LGC-VALV,TE-ALM-VLV-VC401,TE-ALM-VLV-VC402,TE-ALM-VLV-VC403,TE-ALM-VLV-VC404,TE-ALM-VLV-VC405,TE-ALM-VLV-VC406,TE-ALM-VLV-VC407,TE-ALM-VLV-VC408,TE-ALM-VLV-VC409,TE-ALM-VLV-VC410,TE-ALM-VLV-VC411,TE-ALM-VLV-VC412,TE-ALM-VLV-VC413,TE-ALM-VLV-VC414,TE-ALM-VLV-VC415,TE-ALM-VLV-VC416,TE-ALM-VLV-VC417,TE-ALM-VLV-VC418,TE-ALM-VLV-VC419,TE-ALM-VLV-VC420,TE-ALM-VLV-VC421,TE-ALM-VLV-VC422,TE-ALM-VLV-VC423,TE-ALM-VLV-VC424,TE-ALM-VLV-VC425,TE-ALM-VLV-VC426,TE-ALM-VLV-VC427,TE-ALM-VLV-VC428,TE-ALM-VLV-VC429,TE-ALM-VLV-VC430,TE-ALM-VLV-VC431,TE-ALM-VLV-VC432,TE-ALM-VLV-VC433,TE-ALM-VLV-VC434,TE-ALM-VLV-VC435,TE-ALM-VLV-VC436,TE-ALM-VLV-VC437,TE-ALM-VLV-VC438,TE-ALM-VLV-VC439,TE-ALM-VLV-VC440,TE-ALM-VLV-VC441,TE-ALM-VLV-VC442,TE-ALM-VLV-VC443,TE-ALM-VLV-VC444,TE-ALM-VLV-VC445,TE-ALM-VLV-VC446,TE-ALM-VLV-VC447,TE-ALM-VLV-VC448,TE-ALM-VLV-VC449,TE-ALM-VLV-VC450,TE-ALM-VLV-VC451,TE-ALM-VLV-VC452,TE-ALM-VLV-VC453,TE-TNL-CNT-CBC4 C10,TE-TNL-VNT-IA4,,,,,,,,,,,,TE > TE-ALM-LGC-ALMACENAJE(CELDAS > TE-ALM-CLD-CELDA > TE-ALM-CNT-C6 (C6CC4 > TE-ALM-VLV-VG17 > TE-ALM-VLV-VG18 > TE-ALM-CNT-C7 (C4C7 > TE-ALM-VLV-VG19 > TE-ALM-VLV-VG20 > TE-ALM-CNT-C8 (C8SC4 > TE-ALM-CRR-CTC8 > TE-ALM-CNT-C9 (C9SC4 > TE-ALM-CRR-CTC9 > TE-ALM-LGC-VALV > TE-ALM-VLV-VC401 > TE-ALM-VLV-VC402 > TE-ALM-VLV-VC403 > TE-ALM-VLV-VC404 > TE-ALM-VLV-VC405 > TE-ALM-VLV-VC406 > TE-ALM-VLV-VC407 > TE-ALM-VLV-VC408 > TE-ALM-VLV-VC409 > TE-ALM-VLV-VC410 > TE-ALM-VLV-VC411 > TE-ALM-VLV-VC412 > TE-ALM-VLV-VC413 > TE-ALM-VLV-VC414 > TE-ALM-VLV-VC415 > TE-ALM-VLV-VC416 > TE-ALM-VLV-VC417 > TE-ALM-VLV-VC418 > TE-ALM-VLV-VC419 > TE-ALM-VLV-VC420 > TE-ALM-VLV-VC421 > TE-ALM-VLV-VC422 > TE-ALM-VLV-VC423 > TE-ALM-VLV-VC424 > TE-ALM-VLV-VC425 > TE-ALM-VLV-VC426 > TE-ALM-VLV-VC427 > TE-ALM-VLV-VC428 > TE-ALM-VLV-VC429 > TE-ALM-VLV-VC430 > TE-ALM-VLV-VC431 > TE-ALM-VLV-VC432 > TE-ALM-VLV-VC433 > TE-ALM-VLV-VC434 > TE-ALM-VLV-VC435 > TE-ALM-VLV-VC436 > TE-ALM-VLV-VC437 > TE-ALM-VLV-VC438 > TE-ALM-VLV-VC439 > TE-ALM-VLV-VC440 > TE-ALM-VLV-VC441 > TE-ALM-VLV-VC442 > TE-ALM-VLV-VC443 > TE-ALM-VLV-VC444 > TE-ALM-VLV-VC445 > TE-ALM-VLV-VC446 > TE-ALM-VLV-VC447 > TE-ALM-VLV-VC448 > TE-ALM-VLV-VC449 > TE-ALM-VLV-VC450 > TE-ALM-VLV-VC451 > TE-ALM-VLV-VC452 > TE-ALM-VLV-VC453 > TE-TNL-CNT-CBC4 C10 > TE-TNL-VNT-IA4,69
176327,e873c32e-5e0c-4f36-b2a7-48d4917bce06-0002b0c7,Roofs,,Genérico - 400 mm,Genérico - 400 mm,,,P10-ADM-OFC-OFICINA,P10,P10-LGC-EQUIPOS,P10-LGC-ZONA,P10-LGC-RUTAS,P10-GRL-LGC-MAQUINARIAS,P10-TLLM-GRU-TRT555,P10-TLL-TALLER CENTRAL,P10-ENE-GNR-GENERADOR CUMMI,P10-ADM-OFC-OFICINA MANT,P10-TLL-AIR-AIRE OF ADMINIST,P10-TLL-CMP-COMP TEC-14-1,P10-ADM-OFC-OFICINA,P10-TLL-PAÑOL,P10-ADM-OFC-OFICINA TECNICA,P10-TLL-TALLER ELCTRICO,P10-TLL-AIR-AIRE OF TECNICA,P10-TLL-CMP-COMP AIRE TAL-6-1,P10-TLL-CMP-COMP TEC-14-2,,,,,,,,,,,,,,,,,,,,,,,,,,,,,,,,,,,,,,,,,,,,,,,,,,,,,,,,,,,,,,,P10 > P10-LGC-EQUIPOS > P10-LGC-ZONA > P10-LGC-RUTAS > P10-GRL-LGC-MAQUINARIAS > P10-TLLM-GRU-TRT555 > P10-TLL-TALLER CENTRAL > P10-ENE-GNR-GENERADOR CUMMI > P10-ADM-OFC-OFICINA MANT > P10-TLL-AIR-AIRE OF ADMINIST > P10-TLL-CMP-COMP TEC-14-1 > P10-ADM-OFC-OFICINA > P10-TLL-PAÑOL > P10-ADM-OFC-OFICINA TECNICA > P10-TLL-TALLER ELCTRICO > P10-TLL-AIR-AIRE OF TECNICA > P10-TLL-CMP-COMP AIRE TAL-6-1 > P10-TLL-CMP-COMP TEC-14-2,18
179296,e873c32e-5e0c-4f36-b2a7-48d4917bce06-0002bc60,Roofs,,Genérico - 400 mm,Genérico - 400 mm,,,PP-EXT-LGC-DESGOMADO,PP,PP-EXT-LGC-EXTRACCION,PP-EXT-LGC-DESGOMADO,PP-EXT-BMB-BO46,PP-EXT-BMB-BO47,PP-EXT-BMB-BO48 E,PP-EXT-BMB-PSODA,PP-EXT-DSG-CE01 NORTE,PP-EXT-DSG-CE02 SUR,PP-EXT-ENF-EASTOCK1,PP-EXT-RCT-REACTOR,PP-EXT-SCD-SECACEITE,PP-EXT-BMB-BO34,PP-EXT-CLT-CALENT,PP-EXT-CND-COND,PP-EXT-TNQ-TKAGUA DESGOM,PP-EXT-BMB-BO31,PP-EXT-TNQ-TKGOMAS CENTRIF,PP-EXT-BMB-BO33,PP-EXT-BMB-BOGL,PP-EXT-TNQ-TKHIDRATADOR,PP-EXT-AGT-AG01,PP-EXT-TNQ-TKMADURADOR,PP-EXT-AGT-AG02,PP-EXT-TNQ-TKMANIO,PP-EXT-TNQ-TKPULMON ACEITE,PP-EXT-BMB-BO30,PP-EXT-MZC-MEZCDINAMICO (BO28,PP-EXT-TQN-TKGOMAS AUX,PP-EXT-BMB-BO33A,PP-EXT-TQN-TKSODA,PP-EXT-BMB-BO45,PP-EXT-VLV-FCV-540,PP-EXT-VLV-PCV-510,PP-EXT-VLV-TCV-511,PP-EXT-VLV-TCV-512,PP-EXT-TNQ-TKLAV QUIMICO,PP-EXT-BMB-BO28,,,,,,,,,,,,,,,,,,,,,,,,,,,,,,,,,,,,,,,,,,,PP > PP-EXT-LGC-EXTRACCION > PP-EXT-LGC-DESGOMADO > PP-EXT-BMB-BO46 > PP-EXT-BMB-BO47 > PP-EXT-BMB-BO48 E > PP-EXT-BMB-PSODA > PP-EXT-DSG-CE01 NORTE > PP-EXT-DSG-CE02 SUR > PP-EXT-ENF-EASTOCK1 > PP-EXT-RCT-REACTOR > PP-EXT-SCD-SECACEITE > PP-EXT-BMB-BO34 > PP-EXT-CLT-CALENT > PP-EXT-CND-COND > PP-EXT-TNQ-TKAGUA DESGOM > PP-EXT-BMB-BO31 > PP-EXT-TNQ-TKGOMAS CENTRIF > PP-EXT-BMB-BO33 > PP-EXT-BMB-BOGL > PP-EXT-TNQ-TKHIDRATADOR > PP-EXT-AGT-AG01 > PP-EXT-TNQ-TKMADURADOR > PP-EXT-AGT-AG02 > PP-EXT-TNQ-TKMANIO > PP-EXT-TNQ-TKPULMON ACEITE > PP-EXT-BMB-BO30 > PP-EXT-MZC-MEZCDINAMICO (BO28 > PP-EXT-TQN-TKGOMAS AUX > PP-EXT-BMB-BO33A > PP-EXT-TQN-TKSODA > PP-EXT-BMB-BO45 > PP-EXT-VLV-FCV-540 > PP-EXT-VLV-PCV-510 > PP-EXT-VLV-TCV-511 > PP-EXT-VLV-TCV-512 > PP-EXT-TNQ-TKLAV QUIMICO > PP-EXT-BMB-BO28,38
179346,e873c32e-5e0c-4f36-b2a7-48d4917bce06-0002bc92,Roofs,,Genérico - 400 mm,Genérico - 400 mm,,,PP-EXT-EXT-EX01 EXTRACTOR,PP,PP-EXT-LGC-EXTRACCION,PP-EXT-TST-DT01,PP-EXT-BMB-BO27,PP-EXT-HDR-HCSOLV,PP-EXT-RDC-RDT01,PP-EXT-TNQ-TKCOND DT,PP-EXT-BMB-BO40,PP-EXT-BMB-BO41,PP-EXT-TNQ-TKFLASH,PP-EXT-VLV-VSTK FLASHEO,PP-EXT-VLV-EC01,PP-EXT-VLV-SOV-114 VS03,PP-EXT-VLV-TCV-110,PP-EXT-VLV-TCV-111,PP-EXT-VLV-VS01,PP-EXT-VLV-VS02,PP-EXT-SPR-SEPGOTAEXT,,,,,,,,,,,,,,,,,,,,,,,,,,,,,,,,,,,,,,,,,,,,,,,,,,,,,,,,,,,,,,,PP > PP-EXT-LGC-EXTRACCION > PP-EXT-TST-DT01 > PP-EXT-BMB-BO27 > PP-EXT-HDR-HCSOLV > PP-EXT-RDC-RDT01 > PP-EXT-TNQ-TKCOND DT > PP-EXT-BMB-BO40 > PP-EXT-BMB-BO41 > PP-EXT-TNQ-TKFLASH > PP-EXT-VLV-VSTK FLASHEO > PP-EXT-VLV-EC01 > PP-EXT-VLV-SOV-114 VS03 > PP-EXT-VLV-TCV-110 > PP-EXT-VLV-TCV-111 > PP-EXT-VLV-VS01 > PP-EXT-VLV-VS02 > PP-EXT-SPR-SEPGOTAEXT,18
183538,e873c32e-5e0c-4f36-b2a7-48d4917bce06-0002ccf2,Roofs,,Genérico - 400 mm,Genérico - 400 mm,,,,PP,PP-DSC-LGC-DESCASCARADO,PP-DSC-SLO-SILO CASCARA,PP-DSC-RSC-DSF06,PP-DSC-RSC-DSF07,,,,,,,,,,,,,,,,,,,,,,,,,,,,,,,,,,,,,,,,,,,,,,,,,,,,,,,,,,,,,,,,,,,,,,,,,,,,PP > PP-DSC-LGC-DESCASCARADO > PP-DSC-SLO-SILO CASCARA > PP-DSC-RSC-DSF06 > PP-DSC-RSC-DSF07,5
183810,e873c32e-5e0c-4f36-b2a7-48d4917bce06-0002ce02,Roofs,,Genérico - 400 mm,Genérico - 400 mm,,,,PP,PP-DSC-LGC-DESCASCARADO,PP-DSC-LGC-DCCC,PP-DSC-ART-DART01,PP-DSC-CCC-DCCC01,PP-DSC-CCC-DCCC02,PP-DSC-CCC-DCCC03,PP-DSC-CCC-DCCC04,PP-DSC-CCC-DCCC05,PP-DSC-CCC-DCCC06,PP-DSC-CCC-DCCC07,PP-DSC-CCC-DCCC08,PP-DSC-VNT-DVE11,PP-DSC-CCL-CDVE11,PP-DSC-VLV-DVR13,PP-DSC-VNT-DVE12,PP-DSC-CCL-CDVE12,PP-DSC-VLV-DVR14,,,,,,,,,,,,,,,,,,,,,,,,,,,,,,,,,,,,,,,,,,,,,,,,,,,,,,,,,,,,,,,PP > PP-DSC-LGC-DESCASCARADO > PP-DSC-LGC-DCCC > PP-DSC-ART-DART01 > PP-DSC-CCC-DCCC01 > PP-DSC-CCC-DCCC02 > PP-DSC-CCC-DCCC03 > PP-DSC-CCC-DCCC04 > PP-DSC-CCC-DCCC05 > PP-DSC-CCC-DCCC06 > PP-DSC-CCC-DCCC07 > PP-DSC-CCC-DCCC08 > PP-DSC-VNT-DVE11 > PP-DSC-CCL-CDVE11 > PP-DSC-VLV-DVR13 > PP-DSC-VNT-DVE12 > PP-DSC-CCL-CDVE12 > PP-DSC-VLV-DVR14,18
184070,e873c32e-5e0c-4f36-b2a7-48d4917bce06-0002cf06,Roofs,,Genérico - 400 mm,Genérico - 400 mm,,,,PP,PP-DSC-LGC-DESCASCARADO,PP-DSC-LGC-QUEBRADORES,PP-DSC-QBR-DQ01,PP-DSC-ALM-DQA01,PP-DSC-QBR-DQ02,PP-DSC-ALM-DQA02,PP-DSC-QBR-DQ03,PP-DSC-ALM-DQA03,PP-DSC-QBR-DQ04,PP-DSC-ALM-DQA04,PP-DSC-QBR-DQ05,PP-DSC-ALM-DQA05,PP-DSC-QBR-DQ06,PP-DSC-ALM-DQA06,,,,,,,,,,,,,,,,,,,,,,,,,,,,,,,,,,,,,,,,,,,,,,,,,,,,,,,,,,,,,,,,,,PP > PP-DSC-LGC-DESCASCARADO > PP-DSC-LGC-QUEBRADORES > PP-DSC-QBR-DQ01 > PP-DSC-ALM-DQA01 > PP-DSC-QBR-DQ02 > PP-DSC-ALM-DQA02 > PP-DSC-QBR-DQ03 > PP-DSC-ALM-DQA03 > PP-DSC-QBR-DQ04 > PP-DSC-ALM-DQA04 > PP-DSC-QBR-DQ05 > PP-DSC-ALM-DQA05 > PP-DSC-QBR-DQ06 > PP-DSC-ALM-DQA06,15
184857,e873c32e-5e0c-4f36-b2a7-48d4917bce06-0002d219,Roofs,,Genérico - 400 mm,Genérico - 400 mm,,PP-lecitina,,PP,PP-LCT-LGC-LECITINA,PP_LCT_VOTATOR,,PP-LCT-AGT-AG01,PP-LCT-BMB-BE07,PP-LCT-BMB-BE48,PP-LCT-AGT-RTK01,PP-LCT-AGT-RTK02,PP-LCT-AGT-RTK03,PP-LCT-AGT-RTK04,PP-LCT-AGT-RTK05,PP-LCT-BMB-BA05,PP-LCT-BMB-BA04,PP-LCT-BMB-BE11,PP-LCT-BMB-P483,PP-LCT-BMB-BE04,PP-LCT-BMB-BE12,PP-LCT-EVP-EV04,PP-LCT-CLT-CL04,PP-LCT-BMB-BE22,PP-LCT-BMB-BE23,PP-LCT-EVP-EV07,PP-LCT-CLT-CL07,PP-LCT-BMB-BE33,PP-LCT-BMB-BE34,PP-LCT-EVP-EV10,PP-LCT-CLT-CL10,PP-LCT-BMB-BE39,PP-LCT-BMB-BE41,PP-LCT-EVP-EV13,PP-LCT-CLT-CL13,PP-LCT-BMB-BE47,PP-LCT-EVP-EV15,PP-LCT-CLT-CL15,PP-LCT-BMB-BA01,PP-LCT-BMB-BA08,PP-LCT-PLT-PILETA BAROMET,PP-LCT-BMB-BA06,PP-LCT-TRR-TE03,PP-LCT-TRR-TE06,PP-LCT-TRR-TE09,PP-LCT-ENF-VOTATOR,,,,,,,,,,,,,,,,,,,,,,,,,,,,,,,,,,,,,,PP > PP-LCT-LGC-LECITINA > PP_LCT_VOTATOR > PP-LCT-AGT-AG01 > PP-LCT-BMB-BE07 > PP-LCT-BMB-BE48 > PP-LCT-AGT-RTK01 > PP-LCT-AGT-RTK02 > PP-LCT-AGT-RTK03 > PP-LCT-AGT-RTK04 > PP-LCT-AGT-RTK05 > PP-LCT-BMB-BA05 > PP-LCT-BMB-BA04 > PP-LCT-BMB-BE11 > PP-LCT-BMB-P483 > PP-LCT-BMB-BE04 > PP-LCT-BMB-BE12 > PP-LCT-EVP-EV04 > PP-LCT-CLT-CL04 > PP-LCT-BMB-BE22 > PP-LCT-BMB-BE23 > PP-LCT-EVP-EV07 > PP-LCT-CLT-CL07 > PP-LCT-BMB-BE33 > PP-LCT-BMB-BE34 > PP-LCT-EVP-EV10 > PP-LCT-CLT-CL10 > PP-LCT-BMB-BE39 > PP-LCT-BMB-BE41 > PP-LCT-EVP-EV13 > PP-LCT-CLT-CL13 > PP-LCT-BMB-BE47 > PP-LCT-EVP-EV15 > PP-LCT-CLT-CL15 > PP-LCT-BMB-BA01 > PP-LCT-BMB-BA08 > PP-LCT-PLT-PILETA BAROMET > PP-LCT-BMB-BA06 > PP-LCT-TRR-TE03 > PP-LCT-TRR-TE06 > PP-LCT-TRR-TE09 > PP-LCT-ENF-VOTATOR,42
185694,25d0f85d-57da-4cae-8ca2-9b682363407e-0002d55e,Roofs,,Genérico - 400 mm,Genérico - 400 mm,,PP-torresenfriamiento,,P10,P10-SRV-LGC-SERVICIOS,P10-SRV-LGC-TORRES ENF EXT,,P10-TRR-BMB-BO34,P10-TRR-BMB-BO35,P10-TRR-BMB-BO36,P10-TRR-BMB-BO37,P10-TRR-MTD-MDBO37,P10-TRR-SLA-SALA BO37,P10-TRR-BMB-BOREFRIG,P10-TRR-TRR-TEP10,P10-TRR-BMB-BMB TK HIPO,P10-TRR-TNQ-TK HIPOCLORITO,P10-TRR-BMB-BO SUEZ 05,P10-TRR-LGC-TRAT QUIM TORRES,P10-TRR-IBC-02,P10-TRR-IBC-01,P10-TRR-IBC-03,P10-TRR-VNT-VETE01,P10-TRR-VNT-VETE02,P10-TRR-VNT-VETE03,P10-TRR-VNT-VETE04,P10-TRR-VNT-VETE05,P10-TRR-VNT-VETE06,P10-TRR-BMB-BO SUEZ 04,P10-TRR-BMB-BO SUEZ 03,P10-TRR-BMB-BO SUEZ 02,P10-TRR-BMB-BO SUEZ 01,P10-TRR-BMB-BO HIPOCLR,,,,,,,,,,,,,,,,,,,,,,,,,,,,,,,,,,,,,,,,,,,,,,,,,,,P10 > P10-SRV-LGC-SERVICIOS > P10-SRV-LGC-TORRES ENF EXT > P10-TRR-BMB-BO34 > P10-TRR-BMB-BO35 > P10-TRR-BMB-BO36 > P10-TRR-BMB-BO37 > P10-TRR-MTD-MDBO37 > P10-TRR-SLA-SALA BO37 > P10-TRR-BMB-BOREFRIG > P10-TRR-TRR-TEP10 > P10-TRR-BMB-BMB TK HIPO > P10-TRR-TNQ-TK HIPOCLORITO > P10-TRR-BMB-BO SUEZ 05 > P10-TRR-LGC-TRAT QUIM TORRES > P10-TRR-IBC-02 > P10-TRR-IBC-01 > P10-TRR-IBC-03 > P10-TRR-VNT-VETE01 > P10-TRR-VNT-VETE02 > P10-TRR-VNT-VETE03 > P10-TRR-VNT-VETE04 > P10-TRR-VNT-VETE05 > P10-TRR-VNT-VETE06 > P10-TRR-BMB-BO SUEZ 04 > P10-TRR-BMB-BO SUEZ 03 > P10-TRR-BMB-BO SUEZ 02 > P10-TRR-BMB-BO SUEZ 01 > P10-TRR-BMB-BO HIPOCLR,29
196831,25d0f85d-57da-4cae-8ca2-9b682363407e-000300df,Generic Models,silos rio,silos rio,silos rio,,PTC_E1_V01;PTC_E3_V03;PTC_E01_V01,TE-ACT-TNQ-TK4,TE,TE-ACT-LGC-SECTOR ACEITE,TE-ACT-LGC-TANQUES ACEITE,TE-ACT-TNQ-TK4,TE-ACT-CÑR-CAÑERIA,TE-ACT-VLV-TFPD-11145,TE-ACT-VLV-TFPD-11146,TE-ACT-TNQ-TK10,,,,,,,,,,,,,,,,,,,,,,,,,,,,,,,,,,,,,,,,,,,,,,,,,,,,,,,,,,,,,,,,,,,,,,,,,TE > TE-ACT-LGC-SECTOR ACEITE > TE-ACT-LGC-TANQUES ACEITE > TE-ACT-TNQ-TK4 > TE-ACT-CÑR-CAÑERIA > TE-ACT-VLV-TFPD-11145 > TE-ACT-VLV-TFPD-11146 > TE-ACT-TNQ-TK10,8
196851,25d0f85d-57da-4cae-8ca2-9b682363407e-000300f3,Generic Models,silos rio1,silos rio,silos rio,,PTC_E1_V01;PTC_E3_V03;PTC_E01_V01,TE-ACT-TNQ-TK2,TE,TE-ACT-LGC-SECTOR ACEITE,TE-ACT-LGC-TANQUES ACEITE,TE-ACT-TNQ-TK2,TE-ACT-AGT-AG501,TE-ACT-LIN-LINEA VAPOR,,,,,,,,,,,,,,,,,,,,,,,,,,,,,,,,,,,,,,,,,,,,,,,,,,,,,,,,,,,,,,,,,,,,,,,,,,,TE > TE-ACT-LGC-SECTOR ACEITE > TE-ACT-LGC-TANQUES ACEITE > TE-ACT-TNQ-TK2 > TE-ACT-AGT-AG501 > TE-ACT-LIN-LINEA VAPOR,6
196872,25d0f85d-57da-4cae-8ca2-9b682363407e-00030108,Generic Models,silos rio2,silos rio,silos rio,,PTC_E1_V01;PTC_E3_V03;PTC_E01_V01,TE-ACT-TNQ-TK1,TE,TE-ACT-LGC-SECTOR ACEITE,TE-ACT-LGC-TANQUES ACEITE,TE-ACT-TNQ-TK1,TE-ACT-VLV-TFPD-13783,TE-ACT-VLV-TFPD-13786,TE-ACT-TNQ-TK11,TE-BBR-BMB-DESAG CAMARA,,,,,,,,,,,,,,,,,,,,,,,,,,,,,,,,,,,,,,,,,,,,,,,,,,,,,,,,,,,,,,,,,,,,,,,,,TE > TE-ACT-LGC-SECTOR ACEITE > TE-ACT-LGC-TANQUES ACEITE > TE-ACT-TNQ-TK1 > TE-ACT-VLV-TFPD-13783 > TE-ACT-VLV-TFPD-13786 > TE-ACT-TNQ-TK11 > TE-BBR-BMB-DESAG CAMARA,8
196891,25d0f85d-57da-4cae-8ca2-9b682363407e-0003011b,Generic Models,silos rio3,silos rio,silos rio,,PTC_E1_V01;PTC_E3_V03;PTC_E01_V01,TE-ACT-TNQ-TK3,TE,TE-ACT-LGC-SECTOR ACEITE,TE-ACT-LGC-TANQUES ACEITE,TE-ACT-TNQ-TK3,TE-ACT-VLV-TFPD-11198,TE-ACT-VLV-TFPD-11200,TE-ACT-AGT-AG502,TE-GLC-LGC-BOMBAS GLICERINA,,,,,,,,,,,,,,,,,,,,,,,,,,,,,,,,,,,,,,,,,,,,,,,,,,,,,,,,,,,,,,,,,,,,,,,,,TE > TE-ACT-LGC-SECTOR ACEITE > TE-ACT-LGC-TANQUES ACEITE > TE-ACT-TNQ-TK3 > TE-ACT-VLV-TFPD-11198 > TE-ACT-VLV-TFPD-11200 > TE-ACT-AGT-AG502 > TE-GLC-LGC-BOMBAS GLICERINA,8
197248,25d0f85d-57da-4cae-8ca2-9b682363407e-00030280,Roofs,,Genérico - 400 mm,Genérico - 400 mm,,VUE_04_V03;PTD_D3_V03;PTC_D3_V03;PTD_C3_V03;PTC_E1_V01,,TE,TE-ACT-LGC-SECTOR ACEITE,TE-RFN-LGC-CARGADERO,TE-RFN-BRZ-BRAZO,TE-RFN-CDL-CAUDAL,TE-RFN-CRT-CORTINA,TE-RFN-FLT-FARG SUR,TE-RFN-FLT-FARS NORTE,TE-RFN-LCT-LECTOR TARJET REF,TE-RFN-VLV-VN,,,,,,,,,,,,,,,,,,,,,,,,,,,,,,,,,,,,,,,,,,,,,,,,,,,,,,,,,,,,,,,,,,,,,,,TE > TE-ACT-LGC-SECTOR ACEITE > TE-RFN-LGC-CARGADERO > TE-RFN-BRZ-BRAZO > TE-RFN-CDL-CAUDAL > TE-RFN-CRT-CORTINA > TE-RFN-FLT-FARG SUR > TE-RFN-FLT-FARS NORTE > TE-RFN-LCT-LECTOR TARJET REF > TE-RFN-VLV-VN,10
198056,25d0f85d-57da-4cae-8ca2-9b682363407e-000305a8,Roofs,,Genérico - 400 mm,Genérico - 400 mm,,,,TE,TE-ADM-LGC-EDIFICIOS VARIOS,TE-TLL-LGC-OBRADOR ELECTRICO,,TE-TLL-LGC-OBRADOR,,,,,,,,,,,,,,,,,,,,,,,,,,,,,,,,,,,,,,,,,,,,,,,,,,,,,,,,,,,,,,,,,,,,,,,,,,,,TE > TE-ADM-LGC-EDIFICIOS VARIOS > TE-TLL-LGC-OBRADOR ELECTRICO > TE-TLL-LGC-OBRADOR,4
198120,25d0f85d-57da-4cae-8ca2-9b682363407e-000305e8,Roofs,,Genérico - 400 mm,Genérico - 400 mm,,,,TE,TE-ADM-LGC-EDIFICIOS VARIOS,TE-TLL-TALLER TERM EMB,,TE-TLL-GNR- GENERADOR GNW73ER,TE-TLL-MLC-MLC TALLER,,,,,,,,,,,,,,,,,,,,,,,,,,,,,,,,,,,,,,,,,,,,,,,,,,,,,,,,,,,,,,,,,,,,,,,,,,,TE > TE-ADM-LGC-EDIFICIOS VARIOS > TE-TLL-TALLER TERM EMB > TE-TLL-GNR- GENERADOR GNW73ER > TE-TLL-MLC-MLC TALLER,5
200296,25d0f85d-57da-4cae-8ca2-9b682363407e-00030e68,Floors,,Hormigón in situ 225 mm,Hormigón in situ 225 mm,,CIR_01_V01;CIR_03_V01;CIR_03_V02;CIR_03_V03;VUE_02_V01;VUE_04_V01;VUE_04_V02;VUE_04_V03;VUE_05_V01;VUE_05_V02;VUE_05_V03,,TE,TE-EXP-LGC-EXPEDICION,TE-EXP-LGC-SECTOR ACCESO OSL,,TE-EXP-CBN-CAB,,,,,,,,,,,,,,,,,,,,,,,,,,,,,,,,,,,,,,,,,,,,,,,,,,,,,,,,,,,,,,,,,,,,,,,,,,,,TE > TE-EXP-LGC-EXPEDICION > TE-EXP-LGC-SECTOR ACCESO OSL > TE-EXP-CBN-CAB,4
227527,25d0f85d-57da-4cae-8ca2-9b682363407e-000378c7,Roofs,,Genérico - 400 mm,Genérico - 400 mm,,,,P10,P10-SRV-LGC-SERVICIOS,P10-SRV-CLD-CMB CALDERA,P10-SRV-BMB-BO01,P10-SRV-BMB-BO02,P10-SRV-BMB-BO39,P10-SRV-BMB-BO38,P10-SRV-BMB-BO45,P10-SRV-BMB-BO44,P10-SRV-BMB-BO42,P10-SRV-BMB-BO43,P10-SRV-BMB-BO52,P10-SRV-CLC-COLECTOR PRINCIPAL,P10-SRV-LGC-VALV CONTROL CLD,P10-SRV-VLV-CCV-001,P10-SRV-VLV-PCV-001,P10-SRV-VLV-SGR,P10-SRV-VLV-LCV-001,P10-SRV-VLV-PCV-003,P10-SRV-VLV-SOV-002,P10-SRV-VLV-SOV-001,P10-SRV-VLV-SOV-004,P10-SRV-VLV-SOV-003,P10-SRV-FLT-FG02,P10-SRV-MGN-MAGNETROL,P10-SRV-SPL-SH01,P10-SRV-SPL-SH02,P10-SRV-SPL-SH03,P10-SRV-SPL-SH04,P10-SRV-TNQ-TKFLASH,P10-SRV-TNQ-TKRESERVA CLD,P10-SRV-TNQ-TKDESAIREADOR,P10-SRV-VLV-LCV-002,P10-SRV-VLV-PCV-004,P10-SRV-VNT-VTF01,,,,,,,,,,,,,,,,,,,,,,,,,,,,,,,,,,,,,,,,,,,,,,P10 > P10-SRV-LGC-SERVICIOS > P10-SRV-CLD-CMB CALDERA > P10-SRV-BMB-BO01 > P10-SRV-BMB-BO02 > P10-SRV-BMB-BO39 > P10-SRV-BMB-BO38 > P10-SRV-BMB-BO45 > P10-SRV-BMB-BO44 > P10-SRV-BMB-BO42 > P10-SRV-BMB-BO43 > P10-SRV-BMB-BO52 > P10-SRV-CLC-COLECTOR PRINCIPAL > P10-SRV-LGC-VALV CONTROL CLD > P10-SRV-VLV-CCV-001 > P10-SRV-VLV-PCV-001 > P10-SRV-VLV-SGR > P10-SRV-VLV-LCV-001 > P10-SRV-VLV-PCV-003 > P10-SRV-VLV-SOV-002 > P10-SRV-VLV-SOV-001 > P10-SRV-VLV-SOV-004 > P10-SRV-VLV-SOV-003 > P10-SRV-FLT-FG02 > P10-SRV-MGN-MAGNETROL > P10-SRV-SPL-SH01 > P10-SRV-SPL-SH02 > P10-SRV-SPL-SH03 > P10-SRV-SPL-SH04 > P10-SRV-TNQ-TKFLASH > P10-SRV-TNQ-TKRESERVA CLD > P10-SRV-TNQ-TKDESAIREADOR > P10-SRV-VLV-LCV-002 > P10-SRV-VLV-PCV-004 > P10-SRV-VNT-VTF01,35
227678,25d0f85d-57da-4cae-8ca2-9b682363407e-0003795e,Roofs,,Genérico - 400 mm,Genérico - 400 mm,,dividir en 6 modulos,P10-HRN-LGC-MOLINOS,P10,P10-HRN-LGC-HARINA,P10-HRN-LGC-MOLINOS,P10-HRN-MLN-M01,P10-HRN-ALM-MA01,P10-HRN-RSC-MSF01,P10-HRN-MLN-M02,P10-HRN-ALM-MA02,P10-HRN-RSC-MSF02,P10-HRN-MLN-M03,P10-HRN-ALM-MA03,P10-HRN-RSC-MSF03,,,,,,,,,,,,,,,,,,,,,,,,,,,,,,,,,,,,,,,,,,,,,,,,,,,,,,,,,,,,,,,,,,,,,P10 > P10-HRN-LGC-HARINA > P10-HRN-LGC-MOLINOS > P10-HRN-MLN-M01 > P10-HRN-ALM-MA01 > P10-HRN-RSC-MSF01 > P10-HRN-MLN-M02 > P10-HRN-ALM-MA02 > P10-HRN-RSC-MSF02 > P10-HRN-MLN-M03 > P10-HRN-ALM-MA03 > P10-HRN-RSC-MSF03,12
228225,25d0f85d-57da-4cae-8ca2-9b682363407e-00037b81,Roofs,,Genérico - 400 mm,Genérico - 400 mm,,,P10-ENE-LGC-TRAFOS,P10,P10-ENE-LGC-TRAFOS,P10-ENE-TRF-TRA1,P10-ENE-TRF-TRA2,P10-ENE-TRF-TRA3,P10-ENE-TRF-TRA4,P10-ENE-TRF-TRA5,P10-ENE-TRF-TRA6,P10-ENE-TRF-TRA7,P10-ENE-TRF-TRA8,P10-ENE-TRF-TRA9,P10-ENE-GNR-GENERADOR CUMMI,,,,,,,,,,,,,,,,,,,,,,,,,,,,,,,,,,,,,,,,,,,,,,,,,,,,,,,,,,,,,,,,,,,,,P10 > P10-ENE-LGC-TRAFOS > P10-ENE-TRF-TRA1 > P10-ENE-TRF-TRA2 > P10-ENE-TRF-TRA3 > P10-ENE-TRF-TRA4 > P10-ENE-TRF-TRA5 > P10-ENE-TRF-TRA6 > P10-ENE-TRF-TRA7 > P10-ENE-TRF-TRA8 > P10-ENE-TRF-TRA9 > P10-ENE-GNR-GENERADOR CUMMI,12
238339,25d0f85d-57da-4cae-8ca2-9b682363407e-0003a303,Generic Models,puert,puert,puert,,,,TE,TE-EMB-LGC-SECTOR EMBARQUE,TE-EMB-LGC-ATRAQUE/AMARRE,,,TE-EMB-MLL-MAB,,,,,,,,,,,,,,,,,,,,,,,,,,,,,,,,,,,,,,,,,,,,,,,,,,,,,,,,,,,,,,,,,,,,,,,,,,,TE > TE-EMB-LGC-SECTOR EMBARQUE > TE-EMB-LGC-ATRAQUE/AMARRE > TE-EMB-MLL-MAB,4
238578,25d0f85d-57da-4cae-8ca2-9b682363407e-0003a3f2,Generic Models,puert1,puert,puert,,,,TE,TE-EMB-LGC-SECTOR EMBARQUE,TE-EMB-LGC-ATRAQUE/AMARRE,,TE-EMB-CHD-CHSERV,TE-EMB-TRR-TAN,,,,,,,,,,,,,,,,,,,,,,,,,,,,,,,,,,,,,,,,,,,,,,,,,,,,,,,,,,,,,,,,,,,,,,,,,,,TE > TE-EMB-LGC-SECTOR EMBARQUE > TE-EMB-LGC-ATRAQUE/AMARRE > TE-EMB-CHD-CHSERV > TE-EMB-TRR-TAN,5
238598,25d0f85d-57da-4cae-8ca2-9b682363407e-0003a406,Generic Models,puert2,puert,puert,,,,TE,TE-EMB-LGC-SECTOR EMBARQUE,TE-EMB-LGC-ATRAQUE/AMARRE,,TE-EMB-CUCH-CUCH,TE-EMB-TRR-TAS,,,,,,,,,,,,,,,,,,,,,,,,,,,,,,,,,,,,,,,,,,,,,,,,,,,,,,,,,,,,,,,,,,,,,,,,,,,TE > TE-EMB-LGC-SECTOR EMBARQUE > TE-EMB-LGC-ATRAQUE/AMARRE > TE-EMB-CUCH-CUCH > TE-EMB-TRR-TAS,5
238634,25d0f85d-57da-4cae-8ca2-9b682363407e-0003a42a,Generic Models,puert3,puert,puert,,,,,TE-EMB-LGC-SECTOR EMBARQUE,,,TE-EMB-CÑO-CAÑONASPERSOR,,,,,,,,,,,,,,,,,,,,,,,,,,,,,,,,,,,,,,,,,,,,,,,,,,,,,,,,,,,,,,,,,,,,,,,,,,,,TE-EMB-LGC-SECTOR EMBARQUE > TE-EMB-CÑO-CAÑONASPERSOR,2
238674,25d0f85d-57da-4cae-8ca2-9b682363407e-0003a452,Generic Models,puert4,puert,puert,,,,TE,TE-TDM-LGC-TORRE DE MANIPULEO,TE-TDM-LGC-PENDULARES TDM,TE-TDM-PND-PEN1,TE-TDM-PND-PEN2,TE-TDM-PND-PEN3,TE-TDM-VLV-AP,,,,,,,,,,,,,,,,,,,,,,,,,,,,,,,,,,,,,,,,,,,,,,,,,,,,,,,,,,,,,,,,,,,,,,,,,,TE > TE-TDM-LGC-TORRE DE MANIPULEO > TE-TDM-LGC-PENDULARES TDM > TE-TDM-PND-PEN1 > TE-TDM-PND-PEN2 > TE-TDM-PND-PEN3 > TE-TDM-VLV-AP,7
239666,25d0f85d-57da-4cae-8ca2-9b682363407e-0003a832,Generic Models,embarque,embarque,embarque,,,,TE,TE-EMB-LGC-SECTOR EMBARQUE,TE-EMB-LGC-CINTAS EMBARQUE,,TE-EMB-GLR-ACCESO BUQUE,,TE-EMB-ASP-ACE1,TE-EMB-VLV-VDP1/2,TE-EMB-ASP-ACE2,TE-EMB-VLV-VDP3/4,TE-EMB-ASP-ACE3,TE-EMB-ASP-ACE4,TE-EMB-VLV-VDP5/6,TE-EMB-ASP-ACE5,TE-EMB-VLV-VDP7/8,,,,,,,,,,,,,,,,,,,,,,,,,,,,,,,,,,,,,,,,,,,,,,,,,,,,,,,,,,,,,,,,,,TE > TE-EMB-LGC-SECTOR EMBARQUE > TE-EMB-LGC-CINTAS EMBARQUE > TE-EMB-GLR-ACCESO BUQUE > TE-EMB-ASP-ACE1 > TE-EMB-VLV-VDP1/2 > TE-EMB-ASP-ACE2 > TE-EMB-VLV-VDP3/4 > TE-EMB-ASP-ACE3 > TE-EMB-ASP-ACE4 > TE-EMB-VLV-VDP5/6 > TE-EMB-ASP-ACE5 > TE-EMB-VLV-VDP7/8,13
239853,25d0f85d-57da-4cae-8ca2-9b682363407e-0003a8ed,Generic Models,Silos rio carga,Silos rio carga,Silos rio carga,,PTC_E1_V01;PTC_E3_V03;PTC_E01_V01,TE-ACT-TNQ-TK7,TE,TE-ACT-LGC-SECTOR ACEITE,TE-ACT-LGC-TANQUES ACEITE,TE-ACT-TNQ-TK7,TE-ACT-TNQ-TK9,TE-GLC-BMB-BO301,,,,,,,,,,,,,,,,,,,,,,,,,,,,,,,,,,,,,,,,,,,,,,,,,,,,,,,,,,,,,,,,,,,,,,,,,,,TE > TE-ACT-LGC-SECTOR ACEITE > TE-ACT-LGC-TANQUES ACEITE > TE-ACT-TNQ-TK7 > TE-ACT-TNQ-TK9 > TE-GLC-BMB-BO301,6
239868,25d0f85d-57da-4cae-8ca2-9b682363407e-0003a8fc,Generic Models,Silos rio carga1,Silos rio carga,Silos rio carga,,PTC_E1_V01;PTC_E3_V03;PTC_E01_V01,TE-ACT-TNQ-TK6,TE,TE-ACT-LGC-SECTOR ACEITE,TE-ACT-LGC-TANQUES ACEITE,TE-ACT-TNQ-TK6,TE-ACT-AGT-AG500,TE-GLC-BMB-BO302,,,,,,,,,,,,,,,,,,,,,,,,,,,,,,,,,,,,,,,,,,,,,,,,,,,,,,,,,,,,,,,,,,,,,,,,,,,TE > TE-ACT-LGC-SECTOR ACEITE > TE-ACT-LGC-TANQUES ACEITE > TE-ACT-TNQ-TK6 > TE-ACT-AGT-AG500 > TE-GLC-BMB-BO302,6
239885,25d0f85d-57da-4cae-8ca2-9b682363407e-0003a90d,Generic Models,Silos rio carga2,Silos rio carga,Silos rio carga,,PTC_E1_V01;PTC_E3_V03;PTC_E01_V01,TE-ACT-TNQ-TK5,TE,TE-ACT-LGC-SECTOR ACEITE,TE-ACT-LGC-TANQUES ACEITE,TE-ACT-TNQ-TK5,TE-GLC-BMB-BO303,,,,,,,,,,,,,,,,,,,,,,,,,,,,,,,,,,,,,,,,,,,,,,,,,,,,,,,,,,,,,,,,,,,,,,,,,,,,TE > TE-ACT-LGC-SECTOR ACEITE > TE-ACT-LGC-TANQUES ACEITE > TE-ACT-TNQ-TK5 > TE-GLC-BMB-BO303,5
239910,25d0f85d-57da-4cae-8ca2-9b682363407e-0003a926,Generic Models,Silos rio carga3,Silos rio carga,Silos rio carga,,PTC_E1_V01;PTC_E3_V03;PTC_E01_V01,,TE,TE-ACT-LGC-SECTOR ACEITE,TE-GLC-LGC-TANQUES TGR,TE-GLC-TNQ-TK TGR7,TE-GLC-BMB-BO304,,TE-ACT-VLV-TFPD6-13785,TE-ACT-VLV-TFPD4-17102,,,,,,,,,,,,,,,,,,,,,,,,,,,,,,,,,,,,,,,,,,,,,,,,,,,,,,,,,,,,,,,,,,,,,,,,,TE > TE-ACT-LGC-SECTOR ACEITE > TE-GLC-LGC-TANQUES TGR > TE-GLC-TNQ-TK TGR7 > TE-GLC-BMB-BO304 > TE-ACT-VLV-TFPD6-13785 > TE-ACT-VLV-TFPD4-17102,7
240154,25d0f85d-57da-4cae-8ca2-9b682363407e-0003aa1a,Roofs,,Genérico - 400 mm,Genérico - 400 mm,,TE-dptomedico,,TE,TE-ADM-LGC-EDIFICIOS VARIOS,TE-CLD-LGC-DPTOCALIDAD,,,,,,,,,,,,,,,,,,,,,,,,,,,,,,,,,,,,,,,,,,,,,,,,,,,,,,,,,,,,,,,,,,,,,,,,,,,,,,TE > TE-ADM-LGC-EDIFICIOS VARIOS > TE-CLD-LGC-DPTOCALIDAD,3
240182,25d0f85d-57da-4cae-8ca2-9b682363407e-0003aa36,Roofs,,Genérico - 400 mm,Genérico - 400 mm,,,,TE,TE-ADM-LGC-EDIFICIOS VARIOS,TE-ADM-EDF-VESTUARIOS GRALES,,,,,,,,,,,,,,,,,,,,,,,,,,,,,,,,,,,,,,,,,,,,,,,,,,,,,,,,,,,,,,,,,,,,,,,,,,,,,,TE > TE-ADM-LGC-EDIFICIOS VARIOS > TE-ADM-EDF-VESTUARIOS GRALES,3
243779,94c5ceaf-9c93-4a8b-ad76-b4723e012880-0003b843,Roofs,,Genérico - 400 mm,Genérico - 400 mm,,TE-caladocamiones,,TE,TE-ADM-LGC-EDIFICIOS VARIOS,TE-CLD-LGC-DPTOCALIDAD,TE-CLD-LGC-CALADO CAMIONES,,,,,,,,,,,,,,,,,,,,,,,,,,,,,,,,,,,,,,,,,,,,,,,,,,,,,,,,,,,,,,,,,,,,,,,,,,,,,TE > TE-ADM-LGC-EDIFICIOS VARIOS > TE-CLD-LGC-DPTOCALIDAD > TE-CLD-LGC-CALADO CAMIONES,4
243861,94c5ceaf-9c93-4a8b-ad76-b4723e012880-0003b895,Roofs,,Genérico - 400 mm,Genérico - 400 mm,,TE-cocheras,,TE,TE-ADM-LGC-EDIFICIOS VARIOS,TE-ADM-EDF-DPTO MEDICO,,,,,,,,,,,,,,,,,,,,,,,,,,,,,,,,,,,,,,,,,,,,,,,,,,,,,,,,,,,,,,,,,,,,,,,,,,,,,,TE > TE-ADM-LGC-EDIFICIOS VARIOS > TE-ADM-EDF-DPTO MEDICO,3
244647,537a4952-56a2-40b2-b335-4f8c5f98eeab-0003bba7,Roofs,,Genérico - 400 mm,Genérico - 400 mm,,PTC_D1;PTC_D1_V01;PTC_E1_V01;PTC_C1_V01;PTD_C1_V01;PTD_D1_V01;PTC_E02_V02,TE-ACT-PLA-CARGDESCACEOSL,TE,TE-ACT-PLA-CARGDESCACEOSL,TE-ACT-PLA-CARGDESCACEOSL,TE-ACT-LGC-SECTOR ACEITE,TE-RFN-LGC-CARGADERO,TE-RFN-BRZ-BRAZO,TE-RFN-CDL-CAUDAL,TE-RFN-CRT-CORTINA,TE-RFN-FLT-FARG SUR,TE-RFN-FLT-FARS NORTE,TE-RFN-LCT-LECTOR TARJET REF,TE-RFN-VLV-VN,,,,,,,,,,,,,,,,,,,,,,,,,,,,,,,,,,,,,,,,,,,,,,,,,,,,,,,,,,,,,,,,,,,,,TE > TE-ACT-PLA-CARGDESCACEOSL > TE-ACT-PLA-CARGDESCACEOSL > TE-ACT-LGC-SECTOR ACEITE > TE-RFN-LGC-CARGADERO > TE-RFN-BRZ-BRAZO > TE-RFN-CDL-CAUDAL > TE-RFN-CRT-CORTINA > TE-RFN-FLT-FARG SUR > TE-RFN-FLT-FARS NORTE > TE-RFN-LCT-LECTOR TARJET REF > TE-RFN-VLV-VN,12
246541,6d934a82-96dc-4146-9e66-1ddfb42e3787-0003c30d,Floors,,Hormigón in situ 225 mm,Hormigón in situ 225 mm,,VUE_01_V01;VUE_03_V03;CIR_04_V03;CIR_02_V01;VUE_03_V01;CIR_04_V02;CIR_04_V01;VUE_05_V01;CIR_05_V01;CIR_05_V02;CIR_05_V03;MIX_05_V01,,TE,TE-EXP-LGC-EXPEDICION,TE-EXP-LGC-SECTOR BALANZA PTO,,TE-EXP-CMR-CAM,,,,,,,,,,,,,,,,,,,,,,,,,,,,,,,,,,,,,,,,,,,,,,,,,,,,,,,,,,,,,,,,,,,,,,,,,,,,TE > TE-EXP-LGC-EXPEDICION > TE-EXP-LGC-SECTOR BALANZA PTO > TE-EXP-CMR-CAM,4
247155,6d934a82-96dc-4146-9e66-1ddfb42e3787-0003c573,Roofs,,Genérico - 400 mm,Genérico - 400 mm,,TE-balanzavagones,,TE,TE-DDV-LGC-DESC. VAGONES,TE-DDV-ASP-ASPER. DESC. VAG,TE-DDV-CCM-DESCVAGONES,TE-DDV-FLT-FMDDV,TE-DDV-BRL-BFMDDV,TE-DDV-RSC-RFMDDV,TE-DDV-VLV-VRFMDDV,TE-DDV-VNT-VFMDDV,TE-DDV-NOR-EDDVAG,TE-DDV-VLV-CLAP/VAGONES,TE-DDV-VLV-VAGONES/CAMIONES,TE-DDV-VLV-VAGONES/CR6,TE-DDV-VLV-VAGONES/RETORNO,,,,,,,,,,,,,,,,,,,,,,,,,,,,,,,,,,,,,,,,,,,,,,,,,,,,,,,,,,,,,,,,,,,TE > TE-DDV-LGC-DESC. VAGONES > TE-DDV-ASP-ASPER. DESC. VAG > TE-DDV-CCM-DESCVAGONES > TE-DDV-FLT-FMDDV > TE-DDV-BRL-BFMDDV > TE-DDV-RSC-RFMDDV > TE-DDV-VLV-VRFMDDV > TE-DDV-VNT-VFMDDV > TE-DDV-NOR-EDDVAG > TE-DDV-VLV-CLAP/VAGONES > TE-DDV-VLV-VAGONES/CAMIONES > TE-DDV-VLV-VAGONES/CR6 > TE-DDV-VLV-VAGONES/RETORNO,14
247308,6d934a82-96dc-4146-9e66-1ddfb42e3787-0003c60c,Roofs,,Genérico - 400 mm,Genérico - 400 mm,,TE-descvagones,,TE,TE-DDV-LGC-DESC. VAGONES,TE-DDV-ASP-ASPER. DESC. VAG,TE-DDV-CCM-DESCVAGONES,TE-DDV-FLT-FMDDV,TE-DDV-BRL-BFMDDV,TE-DDV-RSC-RFMDDV,TE-DDV-VLV-VRFMDDV,TE-DDV-VNT-VFMDDV,TE-DDV-NOR-EDDVAG,TE-DDV-VLV-CLAP/VAGONES,TE-DDV-VLV-VAGONES/CAMIONES,TE-DDV-VLV-VAGONES/CR6,TE-DDV-VLV-VAGONES/RETORNO,,,,,,,,,,,,,,,,,,,,,,,,,,,,,,,,,,,,,,,,,,,,,,,,,,,,,,,,,,,,,,,,,,,TE > TE-DDV-LGC-DESC. VAGONES > TE-DDV-ASP-ASPER. DESC. VAG > TE-DDV-CCM-DESCVAGONES > TE-DDV-FLT-FMDDV > TE-DDV-BRL-BFMDDV > TE-DDV-RSC-RFMDDV > TE-DDV-VLV-VRFMDDV > TE-DDV-VNT-VFMDDV > TE-DDV-NOR-EDDVAG > TE-DDV-VLV-CLAP/VAGONES > TE-DDV-VLV-VAGONES/CAMIONES > TE-DDV-VLV-VAGONES/CR6 > TE-DDV-VLV-VAGONES/RETORNO,14
247346,6d934a82-96dc-4146-9e66-1ddfb42e3787-0003c632,Roofs,,Genérico - 400 mm,Genérico - 400 mm,,TE-descvagones,,TE,TE-DDV-LGC-DESC. VAGONES,TE-DDV-ASP-ASPER. DESC. VAG,TE-DDV-CCM-DESCVAGONES,TE-DDV-FLT-FMDDV,TE-DDV-BRL-BFMDDV,TE-DDV-RSC-RFMDDV,TE-DDV-VLV-VRFMDDV,TE-DDV-VNT-VFMDDV,TE-DDV-NOR-EDDVAG,TE-DDV-VLV-CLAP/VAGONES,TE-DDV-VLV-VAGONES/CAMIONES,TE-DDV-VLV-VAGONES/CR6,TE-DDV-VLV-VAGONES/RETORNO,,,,,,,,,,,,,,,,,,,,,,,,,,,,,,,,,,,,,,,,,,,,,,,,,,,,,,,,,,,,,,,,,,,TE > TE-DDV-LGC-DESC. VAGONES > TE-DDV-ASP-ASPER. DESC. VAG > TE-DDV-CCM-DESCVAGONES > TE-DDV-FLT-FMDDV > TE-DDV-BRL-BFMDDV > TE-DDV-RSC-RFMDDV > TE-DDV-VLV-VRFMDDV > TE-DDV-VNT-VFMDDV > TE-DDV-NOR-EDDVAG > TE-DDV-VLV-CLAP/VAGONES > TE-DDV-VLV-VAGONES/CAMIONES > TE-DDV-VLV-VAGONES/CR6 > TE-DDV-VLV-VAGONES/RETORNO,14
247373,6d934a82-96dc-4146-9e66-1ddfb42e3787-0003c64d,Roofs,,Genérico - 400 mm,Genérico - 400 mm,,TE-descvagones,,TE,TE-EXP-LGC-EXPEDICION,TE-DDV-BLN-BALANZA VAGONES,,,,,,,,,,,,,,,,,,,,,,,,,,,,,,,,,,,,,,,,,,,,,,,,,,,,,,,,,,,,,,,,,,,,,,,,,,,,,,TE > TE-EXP-LGC-EXPEDICION > TE-DDV-BLN-BALANZA VAGONES,3
248505,6d934a82-96dc-4146-9e66-1ddfb42e3787-0003cab9,Walls,,Genérico - 200 mm,Genérico - 200 mm,,CIR_01_V01;CIR_03_V01;CIR_03_V02;CIR_03_V03;VUE_02_V01;VUE_04_V01;VUE_04_V02;VUE_04_V03;CIR_02_V01;CIR_04_V01;CIR_04_V03;CIR_04_V02;CIR_05_V01;CIR_05_V02;CIR_05_V03;MIX_02_V01;MIX_04_V01;MIX_04_V02;MIX_04_V03,,TE,TE-EXP-LGC-EXPEDICION,TE-EXP-LGC-SECTOR BALANZA PTO,,TE-PLY-BLN-OSL,,,,,,,,,,,,,,,,,,,,,,,,,,,,,,,,,,,,,,,,,,,,,,,,,,,,,,,,,,,,,,,,,,,,,,,,,,,,TE > TE-EXP-LGC-EXPEDICION > TE-EXP-LGC-SECTOR BALANZA PTO > TE-PLY-BLN-OSL,4
249234,6d934a82-96dc-4146-9e66-1ddfb42e3787-0003cd92,Walls,,Genérico - 200 mm,Genérico - 200 mm,,CIR_01_V01;CIR_03_V01;CIR_03_V02;CIR_03_V03;VUE_02_V01;VUE_04_V01;VUE_04_V02;VUE_04_V03;CIR_02_V01;CIR_04_V01;CIR_04_V03;CIR_04_V02;CIR_05_V01;CIR_05_V02;CIR_05_V03;MIX_02_V01;MIX_04_V01;MIX_04_V02;MIX_04_V03,,TE,TE-EXP-LGC-EXPEDICION,TE-EXP-LGC-SECTOR BALANZA PTO,,TE-PLY-BLN-1 SUR,,,,,,,,,,,,,,,,,,,,,,,,,,,,,,,,,,,,,,,,,,,,,,,,,,,,,,,,,,,,,,,,,,,,,,,,,,,,TE > TE-EXP-LGC-EXPEDICION > TE-EXP-LGC-SECTOR BALANZA PTO > TE-PLY-BLN-1 SUR,4
249243,6d934a82-96dc-4146-9e66-1ddfb42e3787-0003cd9b,Walls,,Genérico - 200 mm,Genérico - 200 mm,,CIR_01_V01;CIR_03_V01;CIR_03_V02;CIR_03_V03;VUE_02_V01;VUE_04_V01;VUE_04_V02;VUE_04_V03;CIR_02_V01;CIR_04_V01;CIR_04_V03;CIR_04_V02;CIR_05_V01;CIR_05_V02;CIR_05_V03;MIX_02_V01;MIX_04_V01;MIX_04_V02;MIX_04_V03,,TE,TE-EXP-LGC-EXPEDICION,TE-EXP-LGC-SECTOR BALANZA PTO,,TE-PLY-BLN-2 NORTE,,,,,,,,,,,,,,,,,,,,,,,,,,,,,,,,,,,,,,,,,,,,,,,,,,,,,,,,,,,,,,,,,,,,,,,,,,,,TE > TE-EXP-LGC-EXPEDICION > TE-EXP-LGC-SECTOR BALANZA PTO > TE-PLY-BLN-2 NORTE,4
249637,6d934a82-96dc-4146-9e66-1ddfb42e3787-0003cf25,Walls,,Genérico - 200 mm,Genérico - 200 mm,,CIR_01_V01;CIR_03_V01;CIR_03_V02;CIR_03_V03;VUE_02_V01;VUE_04_V01;VUE_04_V02;VUE_04_V03;CIR_02_V01;CIR_04_V01;CIR_04_V03;CIR_04_V02;CIR_05_V01;CIR_05_V02;CIR_05_V03;MIX_02_V01;MIX_04_V01;MIX_04_V02;MIX_04_V03,,TE,TE-EXP-LGC-EXPEDICION,TE-EXP-LGC-SECTOR BALANZA PTO,,,,,,,,,,,,,,,,,,,,,,,,,,,,,,,,,,,,,,,,,,,,,,,,,,,,,,,,,,,,,,,,,,,,,,,,,,,,,,TE > TE-EXP-LGC-EXPEDICION > TE-EXP-LGC-SECTOR BALANZA PTO,3
250078,6d934a82-96dc-4146-9e66-1ddfb42e3787-0003d0de,Roofs,,Genérico - 400 mm,Genérico - 400 mm,,balanza,,TE,TE-EXP-LGC-EXPEDICION,TE-EXP-LGC-SECTOR,TE-EXP-BRR-BARR,TE-EXP-CBN-CAB,TE-EXP-CMR-CAM,TE-PLY-BLN-1 SUR,TE-PLY-BLN-2 NORTE,,,,,,,,,,,,,,,,,,,,,,,,,,,,,,,,,,,,,,,,,,,,,,,,,,,,,,,,,,,,,,,,,,,,,,,,,TE > TE-EXP-LGC-EXPEDICION > TE-EXP-LGC-SECTOR > TE-EXP-BRR-BARR > TE-EXP-CBN-CAB > TE-EXP-CMR-CAM > TE-PLY-BLN-1 SUR > TE-PLY-BLN-2 NORTE,8
250604,6d934a82-96dc-4146-9e66-1ddfb42e3787-0003d2ec,Walls,,Genérico - 200 mm,Genérico - 200 mm,,CIR_01_V01;CIR_03_V01;CIR_03_V02;CIR_03_V03;VUE_02_V01;VUE_04_V01;VUE_04_V02;VUE_04_V03;CIR_04_V01;CIR_04_V03;CIR_05_V01;CIR_04_V02;CIR_05_V02;CIR_05_V03;MIX_04_V01;MIX_04_V02;MIX_04_V03,,TE,TE-EXP-LGC-EXPEDICION,TE-EXP-LGC-SECTOR BALANZA OSL,,,,,,,,,,,,,,,,,,,,,,,,,,,,,,,,,,,,,,,,,,,,,,,,,,,,,,,,,,,,,,,,,,,,,,,,,,,,,,TE > TE-EXP-LGC-EXPEDICION > TE-EXP-LGC-SECTOR BALANZA OSL,3
250727,6d934a82-96dc-4146-9e66-1ddfb42e3787-0003d367,Walls,,Genérico - 200 mm,Genérico - 200 mm,,CIR_01_V01;CIR_03_V01;CIR_03_V02;CIR_03_V03;VUE_02_V01;VUE_04_V01;VUE_04_V02;VUE_04_V03;CIR_04_V01;CIR_04_V03;CIR_05_V01;CIR_04_V02;CIR_05_V02;CIR_05_V03;MIX_04_V01;MIX_04_V02;MIX_04_V03,,TE,TE-EXP-LGC-EXPEDICION,TE-EXP-LGC-SECTOR BALANZA OSL,,,,,,,,,,,,,,,,,,,,,,,,,,,,,,,,,,,,,,,,,,,,,,,,,,,,,,,,,,,,,,,,,,,,,,,,,,,,,,TE > TE-EXP-LGC-EXPEDICION > TE-EXP-LGC-SECTOR BALANZA OSL,3
250817,6d934a82-96dc-4146-9e66-1ddfb42e3787-0003d3c1,Floors,,Hormigón in situ 225 mm,Hormigón in situ 225 mm,,CIR_01_V01;CIR_03_V01;CIR_03_V02;CIR_03_V03;VUE_02_V01;VUE_04_V01;VUE_04_V02;VUE_04_V03;CIR_05_V02;CIR_05_V03,,TE,TE-EXP-LGC-EXPEDICION,TE-EXP-LGC-SECTOR BALANZA OSL,,,,,,,,,,,,,,,,,,,,,,,,,,,,,,,,,,,,,,,,,,,,,,,,,,,,,,,,,,,,,,,,,,,,,,,,,,,,,,TE > TE-EXP-LGC-EXPEDICION > TE-EXP-LGC-SECTOR BALANZA OSL,3
251677,6d934a82-96dc-4146-9e66-1ddfb42e3787-0003d71d,Roofs,,Genérico - 400 mm,Genérico - 400 mm,,,,TE,TE-EXP-LGC-EXPEDICION,TE-EXP-LGC-SECTOR,TE-EXP-BRR-BARR,TE-EXP-CBN-CAB,TE-EXP-CMR-CAM,TE-PLY-BLN-OSL,,,,,,,,,,,,,,,,,,,,,,,,,,,,,,,,,,,,,,,,,,,,,,,,,,,,,,,,,,,,,,,,,,,,,,,,,,TE > TE-EXP-LGC-EXPEDICION > TE-EXP-LGC-SECTOR > TE-EXP-BRR-BARR > TE-EXP-CBN-CAB > TE-EXP-CMR-CAM > TE-PLY-BLN-OSL,7
251912,6d934a82-96dc-4146-9e66-1ddfb42e3787-0003d808,Roofs,,Genérico - 400 mm,Genérico - 400 mm,,CIR_01_V01;CIR_03_V01;CIR_03_V02;CIR_03_V03;VUE_02_V01;VUE_04_V01;VUE_04_V02;VUE_04_V03;CIR_02_V01;CIR_04_V01;CIR_04_V03;CIR_05_V03;MIX_02_V01;MIX_04_V01;MIX_04_V03,,TE,TE-EXP-LGC-EXPEDICION,TE-EXP-LGC-SECTOR ACCESO OSL,,,,,,,,,,,,,,,,,,,,,,,,,,,,,,,,,,,,,,,,,,,,,,,,,,,,,,,,,,,,,,,,,,,,,,,,,,,,,,TE > TE-EXP-LGC-EXPEDICION > TE-EXP-LGC-SECTOR ACCESO OSL,3
281069,a027b4da-4e9c-44ad-b607-5fb48d4c7061-000449ed,Roofs,,Genérico - 400 mm,Genérico - 400 mm,,,P10-PRP-LGC-QUEBRADORES,P10,P10-PRP-LGC-PREPARACION,P10-PRP-LGC-QUEBRADORES,P10-PRP-QBR-Q01,P10-PRP-ALM-AQ01,P10-PRP-QBR-Q02,P10-PRP-ALM-AQ02,P10-PRP-QBR-Q03,P10-PRP-ALM-AQ03,P10-PRP-QBR-Q04,P10-PRP-ALM-AQ04,P10-PRP-QBR-Q05,P10-PRP-ALM-AQ05,P10-PRP-QBR-Q06,P10-PRP-ALM-AQ06,P10-PRP-QBR-Q07,P10-PRP-ALM-AQ07,P10-PRP-QBR-Q08,P10-PRP-ALM-AQ08,P10-PRP-QBR-Q09,P10-PRP-ALM-AQ09,P10-PRP-QBR-Q10,P10-PRP-ALM-AQ10,P10-PRP-RSC-SF14,P10-PRP-VLV-VR18,P10-PRP-RSC-SF02,P10-PRP-VNT-VE08,P10-PRP-CCL-CVE08,P10-PRP-VLV-VR08,,,,,,,,,,,,,,,,,,,,,,,,,,,,,,,,,,,,,,,,,,,,,,,,,,,,P10 > P10-PRP-LGC-PREPARACION > P10-PRP-LGC-QUEBRADORES > P10-PRP-QBR-Q01 > P10-PRP-ALM-AQ01 > P10-PRP-QBR-Q02 > P10-PRP-ALM-AQ02 > P10-PRP-QBR-Q03 > P10-PRP-ALM-AQ03 > P10-PRP-QBR-Q04 > P10-PRP-ALM-AQ04 > P10-PRP-QBR-Q05 > P10-PRP-ALM-AQ05 > P10-PRP-QBR-Q06 > P10-PRP-ALM-AQ06 > P10-PRP-QBR-Q07 > P10-PRP-ALM-AQ07 > P10-PRP-QBR-Q08 > P10-PRP-ALM-AQ08 > P10-PRP-QBR-Q09 > P10-PRP-ALM-AQ09 > P10-PRP-QBR-Q10 > P10-PRP-ALM-AQ10 > P10-PRP-RSC-SF14 > P10-PRP-VLV-VR18 > P10-PRP-RSC-SF02 > P10-PRP-VNT-VE08 > P10-PRP-CCL-CVE08 > P10-PRP-VLV-VR08,29
281184,a027b4da-4e9c-44ad-b607-5fb48d4c7061-00044a60,Roofs,,Genérico - 400 mm,Genérico - 400 mm,,,,P10,P10-DSC-LGC-DESCASCARADO,P10-DSC-TLV-TLVCASC,P10-DSC-RSC-SF17,P10-DSC-RSC-SF18,,,,,,,,,,,,,,,,,,,,,,,,,,,,,,,,,,,,,,,,,,,,,,,,,,,,,,,,,,,,,,,,,,,,,,,,,,,,P10 > P10-DSC-LGC-DESCASCARADO > P10-DSC-TLV-TLVCASC > P10-DSC-RSC-SF17 > P10-DSC-RSC-SF18,5
281220,a027b4da-4e9c-44ad-b607-5fb48d4c7061-00044a84,Roofs,,Genérico - 400 mm,Genérico - 400 mm,,,P10-PRP-LGC-EXPANDIDO,P10,P10-PRP-LGC-PREPARACION,P10-PRP-LGC-EXPANDIDO,P10-PRP-ENF-EE01,P10-PRP-VLV-VREE1,P10-PRP-VNT-VE21,P10-PRP-VNT-VE22,P10-PRP-VNT-VE23,P10-PRP-VNT-VE24,P10-PRP-VNT-VE25,P10-PRP-VNT-VE26,P10-PRP-VNT-VTEE01,P10-PRP-ENF-EE02,P10-PRP-VLV-VREE2,P10-PRP-VNT-VE15,P10-PRP-VNT-VE16,P10-PRP-VNT-VE17,P10-PRP-VNT-VE18,P10-PRP-VNT-VE19,P10-PRP-VNT-VE20,P10-PRP-VNT-VTEE02,P10-PRP-EXP-E01,P10-PRP-ALM-AE01,P10-PRP-BMB-EBLI01,P10-PRP-BMB-EBLE01,P10-PRP-VNT-VRA01,P10-PRP-EXP-E02,P10-PRP-ALM-AE02,P10-PRP-BMB-EBLI02,P10-PRP-BMB-EBLE02,P10-PRP-VNT-VRA02,P10-PRP-EXP-E03,P10-PRP-ALM-AE03,P10-PRP-BMB-EBLI03,P10-PRP-BMB-EBLE03,P10-PRP-VNT-VRA03,P10-PRP-EXP-E04,P10-PRP-ALM-AE04,P10-PRP-BMB-EBLI04,P10-PRP-BMB-EBLE04,P10-PRP-VNT-VRA04,P10-PRP-EXP-E05,P10-PRP-ALM-AE05,P10-PRP-BMB-EBLI05,P10-PRP-BMB-EBLE05,P10-PRP-VNT-VRA05,P10-PRP-EXP-E06,P10-PRP-ALM-AE06,P10-PRP-BMB-EBLI06,P10-PRP-BMB-EBLE06,P10-PRP-VNT-VRA06,P10-PRP-RSC-SF10,,,,,,,,,,,,,,,,,,,,,,,,,,,,,P10 > P10-PRP-LGC-PREPARACION > P10-PRP-LGC-EXPANDIDO > P10-PRP-ENF-EE01 > P10-PRP-VLV-VREE1 > P10-PRP-VNT-VE21 > P10-PRP-VNT-VE22 > P10-PRP-VNT-VE23 > P10-PRP-VNT-VE24 > P10-PRP-VNT-VE25 > P10-PRP-VNT-VE26 > P10-PRP-VNT-VTEE01 > P10-PRP-ENF-EE02 > P10-PRP-VLV-VREE2 > P10-PRP-VNT-VE15 > P10-PRP-VNT-VE16 > P10-PRP-VNT-VE17 > P10-PRP-VNT-VE18 > P10-PRP-VNT-VE19 > P10-PRP-VNT-VE20 > P10-PRP-VNT-VTEE02 > P10-PRP-EXP-E01 > P10-PRP-ALM-AE01 > P10-PRP-BMB-EBLI01 > P10-PRP-BMB-EBLE01 > P10-PRP-VNT-VRA01 > P10-PRP-EXP-E02 > P10-PRP-ALM-AE02 > P10-PRP-BMB-EBLI02 > P10-PRP-BMB-EBLE02 > P10-PRP-VNT-VRA02 > P10-PRP-EXP-E03 > P10-PRP-ALM-AE03 > P10-PRP-BMB-EBLI03 > P10-PRP-BMB-EBLE03 > P10-PRP-VNT-VRA03 > P10-PRP-EXP-E04 > P10-PRP-ALM-AE04 > P10-PRP-BMB-EBLI04 > P10-PRP-BMB-EBLE04 > P10-PRP-VNT-VRA04 > P10-PRP-EXP-E05 > P10-PRP-ALM-AE05 > P10-PRP-BMB-EBLI05 > P10-PRP-BMB-EBLE05 > P10-PRP-VNT-VRA05 > P10-PRP-EXP-E06 > P10-PRP-ALM-AE06 > P10-PRP-BMB-EBLI06 > P10-PRP-BMB-EBLE06 > P10-PRP-VNT-VRA06 > P10-PRP-RSC-SF10,52
281343,a027b4da-4e9c-44ad-b607-5fb48d4c7061-00044aff,Roofs,,Genérico - 400 mm,Genérico - 400 mm,,,P10-PRP-LGC-LAMINADORES,P10,P10-PRP-LGC-PREPARACION,P10-PRP-LGC-LAMINADORES,P10-PRP-CHD-LCH01,P10-PRP-CHD-LCH02,P10-PRP-CHD-LCH03,P10-PRP-CHD-LCH04,P10-PRP-LMN-LF01,P10-PRP-ALM-ALF01,P10-PRP-CHD-LFBH01,P10-PRP-LMN-L01,P10-PRP-ALM-AL01,P10-PRP-LMN-L02,P10-PRP-ALM-AL02,P10-PRP-LMN-L03,P10-PRP-ALM-AL03,P10-PRP-LMN-L04,P10-PRP-ALM-AL04,P10-PRP-LMN-L05,P10-PRP-ALM-AL05,P10-PRP-LMN-L06,P10-PRP-ALM-AL06,P10-PRP-LMN-L07,P10-PRP-ALM-AL07,P10-PRP-LMN-L08,P10-PRP-ALM-AL08,P10-PRP-LMN-L09,P10-PRP-ALM-AL09,P10-PRP-LMN-L10,P10-PRP-ALM-AL10,P10-PRP-LMN-L11,P10-PRP-ALM-AL11,P10-PRP-LMN-L12,P10-PRP-ALM-AL12,P10-PRP-LMN-L13,P10-PRP-ALM-AL13,P10-PRP-LMN-L14,P10-PRP-ALM-AL14,P10-PRP-LMN-L15,P10-PRP-ALM-AL15,P10-PRP-LMN-L16,P10-PRP-ALM-AL16,P10-PRP-LMN-L17,P10-PRP-ALM-AL17,P10-PRP-LMN-L18,P10-PRP-ALM-AL18,P10-PRP-LMN-L19,P10-PRP-ALM-AL19,P10-PRP-LMN-L20,P10-PRP-ALM-AL20,P10-PRP-LMN-L21,P10-PRP-ALM-AL21,P10-PRP-LMN-L22,P10-PRP-ALM-AL22,P10-PRP-RCT-REC01,P10-PRP-RCT-REC02,P10-PRP-VNT-VE10,P10-PRP-CCL-CVE10,P10-PRP-RSC-SF12,P10-PRP-VLV-VR10,P10-PRP-VNT-VE11,P10-PRP-CCL-CVE11,P10-PRP-RSC-SF13,P10-PRP-VLV-VR11,,,,,,,,,,,,,,,,,P10 > P10-PRP-LGC-PREPARACION > P10-PRP-LGC-LAMINADORES > P10-PRP-CHD-LCH01 > P10-PRP-CHD-LCH02 > P10-PRP-CHD-LCH03 > P10-PRP-CHD-LCH04 > P10-PRP-LMN-LF01 > P10-PRP-ALM-ALF01 > P10-PRP-CHD-LFBH01 > P10-PRP-LMN-L01 > P10-PRP-ALM-AL01 > P10-PRP-LMN-L02 > P10-PRP-ALM-AL02 > P10-PRP-LMN-L03 > P10-PRP-ALM-AL03 > P10-PRP-LMN-L04 > P10-PRP-ALM-AL04 > P10-PRP-LMN-L05 > P10-PRP-ALM-AL05 > P10-PRP-LMN-L06 > P10-PRP-ALM-AL06 > P10-PRP-LMN-L07 > P10-PRP-ALM-AL07 > P10-PRP-LMN-L08 > P10-PRP-ALM-AL08 > P10-PRP-LMN-L09 > P10-PRP-ALM-AL09 > P10-PRP-LMN-L10 > P10-PRP-ALM-AL10 > P10-PRP-LMN-L11 > P10-PRP-ALM-AL11 > P10-PRP-LMN-L12 > P10-PRP-ALM-AL12 > P10-PRP-LMN-L13 > P10-PRP-ALM-AL13 > P10-PRP-LMN-L14 > P10-PRP-ALM-AL14 > P10-PRP-LMN-L15 > P10-PRP-ALM-AL15 > P10-PRP-LMN-L16 > P10-PRP-ALM-AL16 > P10-PRP-LMN-L17 > P10-PRP-ALM-AL17 > P10-PRP-LMN-L18 > P10-PRP-ALM-AL18 > P10-PRP-LMN-L19 > P10-PRP-ALM-AL19 > P10-PRP-LMN-L20 > P10-PRP-ALM-AL20 > P10-PRP-LMN-L21 > P10-PRP-ALM-AL21 > P10-PRP-LMN-L22 > P10-PRP-ALM-AL22 > P10-PRP-RCT-REC01 > P10-PRP-RCT-REC02 > P10-PRP-VNT-VE10 > P10-PRP-CCL-CVE10 > P10-PRP-RSC-SF12 > P10-PRP-VLV-VR10 > P10-PRP-VNT-VE11 > P10-PRP-CCL-CVE11 > P10-PRP-RSC-SF13 > P10-PRP-VLV-VR11,64
281487,a027b4da-4e9c-44ad-b607-5fb48d4c7061-00044b8f,Roofs,,Genérico - 400 mm,Genérico - 400 mm,,divi,P10-HRN-ENF-EG02,P10,P10-HRN-LGC-HARINA,P10-HRN-ENF-EG02,P10-HRN-RSC-EGSF05,P10-HRN-RSC-EGSF06,P10-HRN-RSC-EGSF07,P10-HRN-VNT-VE35,P10-HRN-CCL-CVE35,P10-HRN-VLV-VR28,P10-HRN-VNT-VE36,P10-HRN-CCL-CVE36,P10-HRN-VLV-VR29,P10-HRN-VNT-VE37,P10-HRN-CCL-CVE37,P10-HRN-VLV-VR30,P10-HRN-VNT-VE38,P10-HRN-CCL-CVE38,P10-HRN-VLV-VR31,,,,,,,,,,,,,,,,,,,,,,,,,,,,,,,,,,,,,,,,,,,,,,,,,,,,,,,,,,,,,,,P10 > P10-HRN-LGC-HARINA > P10-HRN-ENF-EG02 > P10-HRN-RSC-EGSF05 > P10-HRN-RSC-EGSF06 > P10-HRN-RSC-EGSF07 > P10-HRN-VNT-VE35 > P10-HRN-CCL-CVE35 > P10-HRN-VLV-VR28 > P10-HRN-VNT-VE36 > P10-HRN-CCL-CVE36 > P10-HRN-VLV-VR29 > P10-HRN-VNT-VE37 > P10-HRN-CCL-CVE37 > P10-HRN-VLV-VR30 > P10-HRN-VNT-VE38 > P10-HRN-CCL-CVE38 > P10-HRN-VLV-VR31,18
281815,a027b4da-4e9c-44ad-b607-5fb48d4c7061-00044cd7,Roofs,,Genérico - 400 mm,Genérico - 400 mm,,,,P10,P10-PRP-LGC-PREPARACION,P10-PRP-LGC-REDLER,P10-PRP-RDL-R20A,P10-PRP-RDL-R20B,P10-PRP-RDL-R17,P10-PRP-RDL-R05,P10-PRP-RDL-R18,P10-PRP-RDL-R07,P10-PRP-RDL-R09,P10-PRP-RDL-R10,P10-PRP-RDL-R11,P10-PRP-RDL-R12,P10-PRP-RDL-R13,P10-PRP-RDL-R14,P10-PRP-RDL-R15,P10-PRP-RDL-R16,P10-PRP-RDL-R19,P10-PRP-RDL-R20,P10-PRP-RDL-R22,P10-PRP-RDL-RD05,P10-PRP-RDL-RZ04,P10-PRP-RDL-RZ08,P10-PRP-RSC-SF03,,,,,,,,,,,,,,,,,,,,,,,,,,,,,,,,,,,,,,,,,,,,,,,,,,,,,,,,,P10 > P10-PRP-LGC-PREPARACION > P10-PRP-LGC-REDLER > P10-PRP-RDL-R20A > P10-PRP-RDL-R20B > P10-PRP-RDL-R17 > P10-PRP-RDL-R05 > P10-PRP-RDL-R18 > P10-PRP-RDL-R07 > P10-PRP-RDL-R09 > P10-PRP-RDL-R10 > P10-PRP-RDL-R11 > P10-PRP-RDL-R12 > P10-PRP-RDL-R13 > P10-PRP-RDL-R14 > P10-PRP-RDL-R15 > P10-PRP-RDL-R16 > P10-PRP-RDL-R19 > P10-PRP-RDL-R20 > P10-PRP-RDL-R22 > P10-PRP-RDL-RD05 > P10-PRP-RDL-RZ04 > P10-PRP-RDL-RZ08 > P10-PRP-RSC-SF03,24
282497,a027b4da-4e9c-44ad-b607-5fb48d4c7061-00044f81,Roofs,,Genérico - 400 mm,Genérico - 400 mm,,,,P10,P10-EXT-LGC-EXTRACCION,P10-EXT-EXT-M202,P10-EXT-LGC-BMB RECIRCULACION,P10-SRA-BMB-BO70,P10-SRA-BMB-JOCKEY,P10-SRA-BMB-BOIN,P10-SRA-BMB-DOSIF APL,P10-EXT-BMB-P439B,P10-PLL-BMB-BS03,,,,,,,,,,,,,,,,,,,,,,,,,,,,,,,,,,,,,,,,,,,,,,,,,,,,,,,,,,,,,,,,,,,,,,,P10 > P10-EXT-LGC-EXTRACCION > P10-EXT-EXT-M202 > P10-EXT-LGC-BMB RECIRCULACION > P10-SRA-BMB-BO70 > P10-SRA-BMB-JOCKEY > P10-SRA-BMB-BOIN > P10-SRA-BMB-DOSIF APL > P10-EXT-BMB-P439B > P10-PLL-BMB-BS03,10
282656,a027b4da-4e9c-44ad-b607-5fb48d4c7061-00045020,Roofs,,Genérico - 400 mm,Genérico - 400 mm,,,P10-EXT-TST-DT250,P10,P10-EXT-LGC-EXTRACCION,P10-EXT-TST-DT250,P10-EXT-CND-HX303 COND DT,P10-EXT-LGC-VLV SEG DT250,P10-EXT-VLV-PRV259,P10-EXT-VLV-PRV258,P10-EXT-VLV-PRV260,P10-EXT-MND-M250A,P10-EXT-RDC-RDT250,P10-EXT-BMB-P250,P10-EXT-TNQ-V480 COND DT,P10-EXT-BMB-P490,P10-EXT-BMB-P481,P10-EXT-BMB-P482,P10-EXT-TNQ-V262 COND DT,P10-EXT-TNQ-V475 TK FLASHEO,P10-EXT-VLV-SOV250,P10-EXT-VLV-RV255A,P10-EXT-VLV-RV255B,P10-EXT-VLV-RV256A,P10-EXT-VLV-RV256B,P10-EXT-VLV-RV257A,P10-EXT-VLV-RV257B,P10-EXT-VLV-RV258A,P10-EXT-VLV-RV258B,P10-EXT-VLV-RV259,P10-EXT-VLV-RV260,P10-EXT-VLV-SOV252,,,,,,,,,,,,,,,,,,,,,,,,,,,,,,,,,,,,,,,,,,,,,,,,,,,,P10 > P10-EXT-LGC-EXTRACCION > P10-EXT-TST-DT250 > P10-EXT-CND-HX303 COND DT > P10-EXT-LGC-VLV SEG DT250 > P10-EXT-VLV-PRV259 > P10-EXT-VLV-PRV258 > P10-EXT-VLV-PRV260 > P10-EXT-MND-M250A > P10-EXT-RDC-RDT250 > P10-EXT-BMB-P250 > P10-EXT-TNQ-V480 COND DT > P10-EXT-BMB-P490 > P10-EXT-BMB-P481 > P10-EXT-BMB-P482 > P10-EXT-TNQ-V262 COND DT > P10-EXT-TNQ-V475 TK FLASHEO > P10-EXT-VLV-SOV250 > P10-EXT-VLV-RV255A > P10-EXT-VLV-RV255B > P10-EXT-VLV-RV256A > P10-EXT-VLV-RV256B > P10-EXT-VLV-RV257A > P10-EXT-VLV-RV257B > P10-EXT-VLV-RV258A > P10-EXT-VLV-RV258B > P10-EXT-VLV-RV259 > P10-EXT-VLV-RV260 > P10-EXT-VLV-SOV252,29
282755,a027b4da-4e9c-44ad-b607-5fb48d4c7061-00045083,Roofs,,Genérico - 400 mm,Genérico - 400 mm,,,P10-EXT-LGC-HIDROCICLONES,P10,P10-EXT-LGC-EXTRACCION,P10-EXT-EXT-M202,P10-EXT-LGC-HIDROCICLONES,P10-EXT-HDR-HCP01,P10-EXT-HDR-HCP02,P10-EXT-HDR-HCP03,P10-EXT-HDR-HCS01E,P10-EXT-HDR-HCS01O,P10-EXT-HDR-HCS02E,P10-EXT-HDR-HCS02O,P10-EXT-HDR-HCS03E,P10-EXT-HDR-HCS03O,P10-EXT-HDR-HCS04E,P10-EXT-HDR-HCS04O,P10-EXT-HDR-HCS05E,P10-EXT-HDR-HCS05O,P10-EXT-HDR-HCS06E,P10-EXT-HDR-HCS06O,P10-EXT-HDR-HCS07E,P10-EXT-HDR-HCS07O,P10-EXT-HDR-HCS08E,P10-EXT-HDR-HCS08O,P10-EXT-HDR-HCS09E,P10-EXT-HDR-HCS09O,P10-EXT-HDR-HCS10E,P10-EXT-HDR-HCS10O,,,,,,,,,,,,,,,,,,,,,,,,,,,,,,,,,,,,,,,,,,,,,,,,,,,,,,P10 > P10-EXT-LGC-EXTRACCION > P10-EXT-EXT-M202 > P10-EXT-LGC-HIDROCICLONES > P10-EXT-HDR-HCP01 > P10-EXT-HDR-HCP02 > P10-EXT-HDR-HCP03 > P10-EXT-HDR-HCS01E > P10-EXT-HDR-HCS01O > P10-EXT-HDR-HCS02E > P10-EXT-HDR-HCS02O > P10-EXT-HDR-HCS03E > P10-EXT-HDR-HCS03O > P10-EXT-HDR-HCS04E > P10-EXT-HDR-HCS04O > P10-EXT-HDR-HCS05E > P10-EXT-HDR-HCS05O > P10-EXT-HDR-HCS06E > P10-EXT-HDR-HCS06O > P10-EXT-HDR-HCS07E > P10-EXT-HDR-HCS07O > P10-EXT-HDR-HCS08E > P10-EXT-HDR-HCS08O > P10-EXT-HDR-HCS09E > P10-EXT-HDR-HCS09O > P10-EXT-HDR-HCS10E > P10-EXT-HDR-HCS10O,27
282804,a027b4da-4e9c-44ad-b607-5fb48d4c7061-000450b4,Roofs,,Genérico - 400 mm,Genérico - 400 mm,,,,P10,P10-EXT-LGC-EXTRACCION,P10-EXT-LGC-RECUP GASES,P10-EXT-ABS-V341 ABSORV,P10-EXT-BMB-P342,P10-EXT-BMB-P346,P10-EXT-CLT-HX344 AC MIN,P10-EXT-CND-HX340 VENTEO,P10-EXT-ENF-HX347 AC MIN,P10-EXT-INT-HX343 AC/AC MIN,P10-EXT-STR-V345 STRIP MIN,P10-EXT-VNT-P348,,,,,,,,,,,,,,,,,,,,,,,,,,,,,,,,,,,,,,,,,,,,,,,,,,,,,,,,,,,,,,,,,,,,,P10 > P10-EXT-LGC-EXTRACCION > P10-EXT-LGC-RECUP GASES > P10-EXT-ABS-V341 ABSORV > P10-EXT-BMB-P342 > P10-EXT-BMB-P346 > P10-EXT-CLT-HX344 AC MIN > P10-EXT-CND-HX340 VENTEO > P10-EXT-ENF-HX347 AC MIN > P10-EXT-INT-HX343 AC/AC MIN > P10-EXT-STR-V345 STRIP MIN > P10-EXT-VNT-P348,12
282896,a027b4da-4e9c-44ad-b607-5fb48d4c7061-00045110,Roofs,,Genérico - 400 mm,Genérico - 400 mm,,,P10-EXT-LGC-SOLVENTE,P10,P10-EXT-LGC-EXTRACCION,P10-EXT-LGC-SOLVENTE,P10-EXT-BMB-P336,P10-EXT-BMB-P351,P10-EXT-PRC-HX302 PREC SOLV,P10-EXT-INT-V338 INT REHERV,P10-EXT-RHV-HX337 REHERVIDOR,P10-EXT-TNQ-V330 TK SERVICIO,P10-EXT-BMB-P331,P10-EXT-BMB-P335,P10-EXT-TNQ-V351,P10-EXT-TNQ-TKD,P10-EXT-BMB-P335A,P10-EXT-AH101,P10-EXT-AH103,P10-EXT-AH102,P10-EXT-AH105,P10-EXT-AH104,,,,,,,,,,,,,,,,,,,,,,,,,,,,,,,,,,,,,,,,,,,,,,,,,,,,,,,,,,,,,,P10 > P10-EXT-LGC-EXTRACCION > P10-EXT-LGC-SOLVENTE > P10-EXT-BMB-P336 > P10-EXT-BMB-P351 > P10-EXT-PRC-HX302 PREC SOLV > P10-EXT-INT-V338 INT REHERV > P10-EXT-RHV-HX337 REHERVIDOR > P10-EXT-TNQ-V330 TK SERVICIO > P10-EXT-BMB-P331 > P10-EXT-BMB-P335 > P10-EXT-TNQ-V351 > P10-EXT-TNQ-TKD > P10-EXT-BMB-P335A > P10-EXT-AH101 > P10-EXT-AH103 > P10-EXT-AH102 > P10-EXT-AH105 > P10-EXT-AH104,19
282969,a027b4da-4e9c-44ad-b607-5fb48d4c7061-00045159,Roofs,,Genérico - 400 mm,Genérico - 400 mm,,,P10-EXT-LGC-DESTILACION,P10,P10-EXT-LGC-EXTRACCION,P10-EXT-LGC-DESTILACION,P10-EXT-EVP-HX301 EV01,P10-EXT-CND-HX305 EV01 OESTE,P10-EXT-CND-HX304 EV01 ESTE,P10-EXT-EVP-HX307 EV02,P10-EXT-CND-HX308 EV02-3,P10-EXT-EVP-HX309 EV03,P10-EXT-BMB-P310,P10-EXT-INT-HX314 AC/MIS,P10-EXT-STR-V311 STRIP VEG,P10-EXT-BMB-P313B,P10-EXT-BMB-P313,P10-EXT-CND-HX312 STRIP VEG,P10-EXT-VLV-TCV-307,P10-EXT-VLV-TCV-309,,,,,,,,,,,,,,,,,,,,,,,,,,,,,,,,,,,,,,,,,,,,,,,,,,,,,,,,,,,,,,,,P10 > P10-EXT-LGC-EXTRACCION > P10-EXT-LGC-DESTILACION > P10-EXT-EVP-HX301 EV01 > P10-EXT-CND-HX305 EV01 OESTE > P10-EXT-CND-HX304 EV01 ESTE > P10-EXT-EVP-HX307 EV02 > P10-EXT-CND-HX308 EV02-3 > P10-EXT-EVP-HX309 EV03 > P10-EXT-BMB-P310 > P10-EXT-INT-HX314 AC/MIS > P10-EXT-STR-V311 STRIP VEG > P10-EXT-BMB-P313B > P10-EXT-BMB-P313 > P10-EXT-CND-HX312 STRIP VEG > P10-EXT-VLV-TCV-307 > P10-EXT-VLV-TCV-309,17
282997,a027b4da-4e9c-44ad-b607-5fb48d4c7061-00045175,Roofs,,Genérico - 400 mm,Genérico - 400 mm,,,P10-EXT-LGC-DESGOMADO,P10,P10-EXT-LGC-EXTRACCION,P10-EXT-LGC-DESGOMADO,P10-EXT-BMB-PSODA,P10-EXT-BMB-P435A,P10-EXT-CLT-HX445 CLT SECAD,P10-EXT-DSG-C425,P10-EXT-DSG-C430,P10-EXT-DSG-C435,P10-EXT-ENF-HX460 ENF AC STOCK,P10-EXT-INT-HX440 AC/AC,P10-EXT-BMB-P439,P10-EXT-SCD-V450 SECAD AC,P10-EXT-BMB-P450,P10-EXT-TNQ-V415 HIDRAT DESG,P10-EXT-BMB-P415,P10-EXT-TNQ-HX435 GOMAS,P10-EXT-BMB-P435,P10-EXT-TNQ-V495 MANIOBRAS,P10-EXT-BMB-P491,P10-EXT-TNQ-V410 TK CRUDO,P10-EXT-AGT-A420C,P10-EXT-BMB-P410,P10-EXT-TNQ-V420 TK HIDRAT,P10-EXT-AGT-A420,P10-EXT-VLV-VSA420,P10-EXT-TNQ-V420B TK VERDE,P10-EXT-TNQ-TK492 LAV DESG,P10-EXT-BMB-P492,P10-EXT-VLV-SOV430,P10-EXT-VLV-SOV426,,,,,,,,,,,,,,,,,,,,,,,,,,,,,,,,,,,,,,,,,,,,,,,,,,P10 > P10-EXT-LGC-EXTRACCION > P10-EXT-LGC-DESGOMADO > P10-EXT-BMB-PSODA > P10-EXT-BMB-P435A > P10-EXT-CLT-HX445 CLT SECAD > P10-EXT-DSG-C425 > P10-EXT-DSG-C430 > P10-EXT-DSG-C435 > P10-EXT-ENF-HX460 ENF AC STOCK > P10-EXT-INT-HX440 AC/AC > P10-EXT-BMB-P439 > P10-EXT-SCD-V450 SECAD AC > P10-EXT-BMB-P450 > P10-EXT-TNQ-V415 HIDRAT DESG > P10-EXT-BMB-P415 > P10-EXT-TNQ-HX435 GOMAS > P10-EXT-BMB-P435 > P10-EXT-TNQ-V495 MANIOBRAS > P10-EXT-BMB-P491 > P10-EXT-TNQ-V410 TK CRUDO > P10-EXT-AGT-A420C > P10-EXT-BMB-P410 > P10-EXT-TNQ-V420 TK HIDRAT > P10-EXT-AGT-A420 > P10-EXT-VLV-VSA420 > P10-EXT-TNQ-V420B TK VERDE > P10-EXT-TNQ-TK492 LAV DESG > P10-EXT-BMB-P492 > P10-EXT-VLV-SOV430 > P10-EXT-VLV-SOV426,31
284902,121e7c49-6f80-4698-91bd-c7c5a38e25dd-000458e6,Roofs,,Genérico - 400 mm,Genérico - 400 mm,,,,PP,PP-PRP-LGC-PREPARACION,PP-PRP-LGC-BEAN HEATER,PP-PRP-BHT-DBH01,PP-PRP-BMB-DBO01,PP-PRP-VLV-DBHA01,PP-PRP-VLV-DBHS01,PP-PRP-VNT-DVE01,PP-PRP-CCL-CDVE01,PP-PRP-VLV-DVR01,,,,,,,,,,,,,,,,,,,,,,,,,,,,,,,,,,,,,,,,,,,,,,,,,,,,,,,,,,,,,,,,,,,,,,,PP > PP-PRP-LGC-PREPARACION > PP-PRP-LGC-BEAN HEATER > PP-PRP-BHT-DBH01 > PP-PRP-BMB-DBO01 > PP-PRP-VLV-DBHA01 > PP-PRP-VLV-DBHS01 > PP-PRP-VNT-DVE01 > PP-PRP-CCL-CDVE01 > PP-PRP-VLV-DVR01,10
285276,121e7c49-6f80-4698-91bd-c7c5a38e25dd-00045a5c,Roofs,,Genérico - 400 mm,Genérico - 400 mm,,,PP-HRN-LGC-NORIAS,PP,PP-HRN-LGC-HARINA,PP-HRN-LGC-TAMIZADORES,PP-HRN-BTD-TAM01,PP-HRN-RSC-RTAM01,PP-HRN-RSC-S17,PP-HRN-BTD-TAM02,PP-HRN-RSC-RTAM02,PP-HRN-RSC-S18,PP-HRN-BTD-TAM03,PP-HRN-RSC-RTAM03,PP-HRN-RSC-S19,,,,,,,,,,,,,,,,,,,,,,,,,,,,,,,,,,,,,,,,,,,,,,,,,,,,,,,,,,,,,,,,,,,,,PP > PP-HRN-LGC-HARINA > PP-HRN-LGC-TAMIZADORES > PP-HRN-BTD-TAM01 > PP-HRN-RSC-RTAM01 > PP-HRN-RSC-S17 > PP-HRN-BTD-TAM02 > PP-HRN-RSC-RTAM02 > PP-HRN-RSC-S18 > PP-HRN-BTD-TAM03 > PP-HRN-RSC-RTAM03 > PP-HRN-RSC-S19,12
285377,121e7c49-6f80-4698-91bd-c7c5a38e25dd-00045ac1,Roofs,,Genérico - 400 mm,Genérico - 400 mm,,,PP-PLL-LGC-PELLETERA,PP,PP-PLL-LGC-PELLETERA,PP-PLL-BMB-DBS02,PP-PLL-CCL-CDBS02,PP-PLL-CCL-CDBS02A,PP-PLL-CCL-CDBS02B,PP-PLL-VLV-DVR18,PP-PLL-ENF-DEP,PP-PLL-VNT-DVE14,PP-PLL-CCL-CDVE14,PP-PLL-RSC-DSF04,PP-PLL-VLV-DVR17,PP-PLL-PLL-DP01,PP-PLL-ALM-DPA01,PP-PLL-FRZ-DFP01,PP-PLL-MZC-DMP01,PP-PLL-PLL-DP02,PP-PLL-ALM-DPA02,PP-PLL-FRZ-DFP02,PP-PLL-MZC-DMP02,PP-PLL-RDL-DR19,PP-PLL-RSC-DSF05,PP-PLL-SIS-CTRAL LUB PELL,PP-PLL-TNQ-TKPELL,,,,,,,,,,,,,,,,,,,,,,,,,,,,,,,,,,,,,,,,,,,,,,,,,,,,,,,,,PP > PP-PLL-LGC-PELLETERA > PP-PLL-BMB-DBS02 > PP-PLL-CCL-CDBS02 > PP-PLL-CCL-CDBS02A > PP-PLL-CCL-CDBS02B > PP-PLL-VLV-DVR18 > PP-PLL-ENF-DEP > PP-PLL-VNT-DVE14 > PP-PLL-CCL-CDVE14 > PP-PLL-RSC-DSF04 > PP-PLL-VLV-DVR17 > PP-PLL-PLL-DP01 > PP-PLL-ALM-DPA01 > PP-PLL-FRZ-DFP01 > PP-PLL-MZC-DMP01 > PP-PLL-PLL-DP02 > PP-PLL-ALM-DPA02 > PP-PLL-FRZ-DFP02 > PP-PLL-MZC-DMP02 > PP-PLL-RDL-DR19 > PP-PLL-RSC-DSF05 > PP-PLL-SIS-CTRAL LUB PELL > PP-PLL-TNQ-TKPELL,24
285419,121e7c49-6f80-4698-91bd-c7c5a38e25dd-00045aeb,Roofs,,Genérico - 400 mm,Genérico - 400 mm,,dividir e ¿n 8 sectores,TE-SCD-FLT-FMAMAP,TE,TE-SCD-LGC-SECTOR SECADORA,TE-SCD-CCM-CCM SECAD,TE-SCD-LGC-REDLER SECADORA,TE-SEC-RDL-R31,TE-SEC-RDL-R32,TE-SEC-VLV-V1,TE-SEC-VLV-V2,TE-SEC-RDL-R33,TE-SEC-RDL-R34,TE-SEC-SEC-SEKW (SECADORA,TE-SEC-BSC-BASCULANTE,TE-SEC-DPR-DEPU1,TE-SEC-BRZ-BDEP1,TE-SEC-CCL-CDEPU1,TE-SEC-RSC-ROSCDEPU,TE-SEC-DPR-DEPU2,TE-SEC-BRZ-BDEP2,TE-SEC-CCL-CDEPU2,TE-SEC-DST-DESTERRADOR,TE-SEC-VLV-VRDEST,TE-SEC-VNT-VENTDEST,TE-SEC-VLV-VALV,TE-SEC-VLV-V5,TE-SEC-VLV-V6,TE-SEC-VLV-V8,,,,,,,,,,,,,,,,,,,,,,,,,,,,,,,,,,,,,,,,,,,,,,,,,,,,,,,TE > TE-SCD-LGC-SECTOR SECADORA > TE-SCD-CCM-CCM SECAD > TE-SCD-LGC-REDLER SECADORA > TE-SEC-RDL-R31 > TE-SEC-RDL-R32 > TE-SEC-VLV-V1 > TE-SEC-VLV-V2 > TE-SEC-RDL-R33 > TE-SEC-RDL-R34 > TE-SEC-SEC-SEKW (SECADORA > TE-SEC-BSC-BASCULANTE > TE-SEC-DPR-DEPU1 > TE-SEC-BRZ-BDEP1 > TE-SEC-CCL-CDEPU1 > TE-SEC-RSC-ROSCDEPU > TE-SEC-DPR-DEPU2 > TE-SEC-BRZ-BDEP2 > TE-SEC-CCL-CDEPU2 > TE-SEC-DST-DESTERRADOR > TE-SEC-VLV-VRDEST > TE-SEC-VNT-VENTDEST > TE-SEC-VLV-VALV > TE-SEC-VLV-V5 > TE-SEC-VLV-V6 > TE-SEC-VLV-V8,26
285673,121e7c49-6f80-4698-91bd-c7c5a38e25dd-00045be9,Generic Models,Biodiesel1,Biodiesel,Biodiesel,,Paralelo a linea de tierra,PP-HRN-SRT-SR01,PP,PP-HRN-SRT-SR01,,,PP-HRN-RSC-RER01,PP-HRN-VLV-PCVSR01,PP-HRN-VLV-TCVSR01,PP-HRN-VLV-VSSR,,,,,,,,,,,,,,,,,,,,,,,,,,,,,,,,,,,,,,,,,,,,,,,,,,,,,,,,,,,,,,,,,,,,,,,,,PP > PP-HRN-SRT-SR01 > PP-HRN-RSC-RER01 > PP-HRN-VLV-PCVSR01 > PP-HRN-VLV-TCVSR01 > PP-HRN-VLV-VSSR,6
286288,121e7c49-6f80-4698-91bd-c7c5a38e25dd-00045e50,Roofs,,Genérico - 400 mm,Genérico - 400 mm,,,PP-PRP-LGC-EXPANDIDO,,PP-PRP-LGC-PREPARACION,PP-PRP-LGC-EXPANDIDO,PP-PRP-ENF-EE03,PP-PRP-VNT-VE11,PP-PRP-CCL-CVE11,PP-PRP-VLV-VR11A,PP-PRP-VNT-VE12,PP-PRP-CCL-CVE12,PP-PRP-VLV-VR12A,PP-PRP-ENF-EE04,PP-PRP-VNT-VE13,PP-PRP-CCL-CVE13,PP-PRP-VLV-VR13A,PP-PRP-VNT-VE14,PP-PRP-CCL-CVE14,PP-PRP-VLV-VR14A,PP-PRP-EXP-E01,PP-PRP-ALM-EA01,PP-PRP-EXP-E02,PP-PRP-ALM-EA02,PP-PRP-EXP-E03,PP-PRP-ALM-EA03,PP-PRP-EXP-E04,PP-PRP-ALM-EA04,PP-PRP-EXP-E05,PP-PRP-ALM-EA05,PP-PRP-EXP-E06,PP-PRP-ALM-EA06,PP-PRP-RSC-SF05,PP-PRP-RSC-SF07,,,,,,,,,,,,,,,,,,,,,,,,,,,,,,,,,,,,,,,,,,,,,,,,,,PP-PRP-LGC-PREPARACION > PP-PRP-LGC-EXPANDIDO > PP-PRP-ENF-EE03 > PP-PRP-VNT-VE11 > PP-PRP-CCL-CVE11 > PP-PRP-VLV-VR11A > PP-PRP-VNT-VE12 > PP-PRP-CCL-CVE12 > PP-PRP-VLV-VR12A > PP-PRP-ENF-EE04 > PP-PRP-VNT-VE13 > PP-PRP-CCL-CVE13 > PP-PRP-VLV-VR13A > PP-PRP-VNT-VE14 > PP-PRP-CCL-CVE14 > PP-PRP-VLV-VR14A > PP-PRP-EXP-E01 > PP-PRP-ALM-EA01 > PP-PRP-EXP-E02 > PP-PRP-ALM-EA02 > PP-PRP-EXP-E03 > PP-PRP-ALM-EA03 > PP-PRP-EXP-E04 > PP-PRP-ALM-EA04 > PP-PRP-EXP-E05 > PP-PRP-ALM-EA05 > PP-PRP-EXP-E06 > PP-PRP-ALM-EA06 > PP-PRP-RSC-SF05 > PP-PRP-RSC-SF07,30
286415,121e7c49-6f80-4698-91bd-c7c5a38e25dd-00045ecf,Roofs,,Genérico - 400 mm,Genérico - 400 mm,,,PP-PRP-LGC-LAMINADORES,,PP-PRP-LGC-PREPARACION,PP-PRP-LGC-LAMINADORES,,PP-PRP-BMB-DBO01,PP-PRP-VLV-DVR01,PP-PRP-VNT-DVE02,PP-PRP-RSC-DSF01,PP-PRP-VLV-VSBH,PP-PRP-TRF-TRA4,PP-PRP-LMN-LP01,PP-PRP-ALM-LA01,PP-PRP-LMN-LP02,PP-PRP-ALM-LA02,PP-PRP-LMN-LP03,PP-PRP-ALM-LA03,PP-PRP-LMN-LP04,PP-PRP-ALM-LA04,PP-PRP-LMN-LP05,PP-PRP-ALM-LA05,PP-PRP-LMN-LP06,PP-PRP-ALM-LA06,PP-PRP-LMN-LP07,PP-PRP-ALM-LA07,PP-PRP-LMN-LP08,PP-PRP-ALM-LA08,PP-PRP-LMN-LP09,PP-PRP-ALM-LA09,PP-PRP-LMN-LP10,PP-PRP-ALM-LA10,PP-PRP-LMN-LP11,PP-PRP-ALM-LA11,PP-PRP-LMN-LP12,PP-PRP-ALM-LA12,PP-PRP-LMN-LP13,PP-PRP-ALM-LA13,PP-PRP-LMN-LP14,PP-PRP-ALM-LA14,PP-PRP-RCT-REC01,PP-PRP-RCT-REC02,PP-PRP-RSC-DSF08,PP-PRP-VNT-VE09,PP-PRP-CCL-CVE09,PP-PRP-VLV-VR09,PP-PRP-VNT-VE10,PP-PRP-CCL-CVE10,PP-PRP-VLV-VR10,,,,,,,,,,,,,,,,,,,,,,,,,,,,,,,,,,PP-PRP-LGC-PREPARACION > PP-PRP-LGC-LAMINADORES > PP-PRP-BMB-DBO01 > PP-PRP-VLV-DVR01 > PP-PRP-VNT-DVE02 > PP-PRP-RSC-DSF01 > PP-PRP-VLV-VSBH > PP-PRP-TRF-TRA4 > PP-PRP-LMN-LP01 > PP-PRP-ALM-LA01 > PP-PRP-LMN-LP02 > PP-PRP-ALM-LA02 > PP-PRP-LMN-LP03 > PP-PRP-ALM-LA03 > PP-PRP-LMN-LP04 > PP-PRP-ALM-LA04 > PP-PRP-LMN-LP05 > PP-PRP-ALM-LA05 > PP-PRP-LMN-LP06 > PP-PRP-ALM-LA06 > PP-PRP-LMN-LP07 > PP-PRP-ALM-LA07 > PP-PRP-LMN-LP08 > PP-PRP-ALM-LA08 > PP-PRP-LMN-LP09 > PP-PRP-ALM-LA09 > PP-PRP-LMN-LP10 > PP-PRP-ALM-LA10 > PP-PRP-LMN-LP11 > PP-PRP-ALM-LA11 > PP-PRP-LMN-LP12 > PP-PRP-ALM-LA12 > PP-PRP-LMN-LP13 > PP-PRP-ALM-LA13 > PP-PRP-LMN-LP14 > PP-PRP-ALM-LA14 > PP-PRP-RCT-REC01 > PP-PRP-RCT-REC02 > PP-PRP-RSC-DSF08 > PP-PRP-VNT-VE09 > PP-PRP-CCL-CVE09 > PP-PRP-VLV-VR09 > PP-PRP-VNT-VE10 > PP-PRP-CCL-CVE10 > PP-PRP-VLV-VR10,45
286467,121e7c49-6f80-4698-91bd-c7c5a38e25dd-00045f03,Roofs,,Genérico - 400 mm,Genérico - 400 mm,,,PP-PRP-LGC-QUEBRADORES,,PP-PRP-LGC-PREPARACION,PP-PRP-LGC-QUEBRADORES,PP-PRP-QBR-QS01,PP-PRP-ALM-QA01,PP-PRP-QBR-QS02,PP-PRP-ALM-QA02,PP-PRP-QBR-QS03,PP-PRP-ALM-QA03,PP-PRP-QBR-QS04,PP-PRP-ALM-QA04,PP-PRP-QBR-QS05,PP-PRP-ALM-QA05,PP-PRP-QBR-QS06,PP-PRP-ALM-QA06,PP-PRP-QBR-QS07,PP-PRP-ALM-QA07,PP-PRP-QBR-QS08,PP-PRP-ALM-QA08,PP-PRP-QBR-QS09,PP-PRP-ALM-QA09,PP-PRP-QBR-QS10,PP-PRP-ALM-QA10,PP-PRP-QBR-QS11,PP-PRP-ALM-QA11,PP-PRP-QBR-QS12,PP-PRP-ALM-QA12,PP-PRP-RSC-S20,PP-PRP-TLV-TLVRETOR,PP-PRP-VLV-VG08,PP-PRP-VLV-VR05A,,,,,,,,,,,,,,,,,,,,,,,,,,,,,,,,,,,,,,,,,,,,,,,,,,PP-PRP-LGC-PREPARACION > PP-PRP-LGC-QUEBRADORES > PP-PRP-QBR-QS01 > PP-PRP-ALM-QA01 > PP-PRP-QBR-QS02 > PP-PRP-ALM-QA02 > PP-PRP-QBR-QS03 > PP-PRP-ALM-QA03 > PP-PRP-QBR-QS04 > PP-PRP-ALM-QA04 > PP-PRP-QBR-QS05 > PP-PRP-ALM-QA05 > PP-PRP-QBR-QS06 > PP-PRP-ALM-QA06 > PP-PRP-QBR-QS07 > PP-PRP-ALM-QA07 > PP-PRP-QBR-QS08 > PP-PRP-ALM-QA08 > PP-PRP-QBR-QS09 > PP-PRP-ALM-QA09 > PP-PRP-QBR-QS10 > PP-PRP-ALM-QA10 > PP-PRP-QBR-QS11 > PP-PRP-ALM-QA11 > PP-PRP-QBR-QS12 > PP-PRP-ALM-QA12 > PP-PRP-RSC-S20 > PP-PRP-TLV-TLVRETOR > PP-PRP-VLV-VG08 > PP-PRP-VLV-VR05A,30
286530,121e7c49-6f80-4698-91bd-c7c5a38e25dd-00045f42,Roofs,,Genérico - 400 mm,Genérico - 400 mm,,,PP-PRL-LGC-PRELIMPIEZA,PP,PP-PRL-LGC-PRELIMPIEZA,PP-PRL-BMB-BS59,PP-PRL-VLV-SM04,PP-PRL-FLT-FM01,PP-PRL-RSC-SF02,PP-PRL-RSC-SF03,PP-PRL-RSC-SF04,PP-PRL-VLV-VR04,PP-PRL-VNT-VE04,PP-PRL-LGC-ASPIRACIONES,PP-PRL-VNT-VE01,PP-PRL-CCL-CVE01,PP-PRL-VLV-VR01,PP-PRL-VNT-VE02,PP-PRL-CCL-CVE02,PP-PRL-VLV-VR02,PP-PRL-VNT-VE03,PP-PRL-CCL-CVE03,PP-PRL-VLV-VR03,PP-PRL-VNT-VE26,PP-PRL-LGC-DESPEDRADOR,PP-PRL-BTD-DBA01,PP-PRL-RSC-DSF10,PP-PRL-RSC-DSF11,PP-PRL-DSP-DSP01,PP-PRL-ALM-DAD01,PP-PRL-ALM-DAD02,PP-PRL-RSC-DSF12,PP-PRL-VNT-DVE03,PP-PRL-CCL-CDVE03,PP-PRL-VLV-DVR05,PP-PRL-LGC-MERMA,PP-PRL-CHM-CHIMERMA,PP-PRL-RSC-S21,PP-PRL-RSC-SF01,PP-PRL-LGC-REDLER,PP-PRL-RDL-DR12,PP-PRL-RDL-R01,PP-PRL-RDL-R01B,PP-PRL-RDL-R02,PP-PRL-RDL-R35,PP-PRL-RDL-RF01,PP-PRL-RDL-RG02,PP-PRL-LGC-ZARANDAS,PP-PRL-ZRN-Z01,PP-PRL-ALM-MTMA01,PP-PRL-ZRN-Z02,PP-PRL-ALM-MTMA02,PP-PRL-ZRN-Z03,PP-PRL-ALM-MTMA03,PP-PRL-ZRN-Z04,PP-PRL-ALM-MTMA04,PP-PRL-ZRN-ZPP1,PP-PRL-NOR-N02,,,,,,,,,,,,,,,,,,,,,,,,,,PP > PP-PRL-LGC-PRELIMPIEZA > PP-PRL-BMB-BS59 > PP-PRL-VLV-SM04 > PP-PRL-FLT-FM01 > PP-PRL-RSC-SF02 > PP-PRL-RSC-SF03 > PP-PRL-RSC-SF04 > PP-PRL-VLV-VR04 > PP-PRL-VNT-VE04 > PP-PRL-LGC-ASPIRACIONES > PP-PRL-VNT-VE01 > PP-PRL-CCL-CVE01 > PP-PRL-VLV-VR01 > PP-PRL-VNT-VE02 > PP-PRL-CCL-CVE02 > PP-PRL-VLV-VR02 > PP-PRL-VNT-VE03 > PP-PRL-CCL-CVE03 > PP-PRL-VLV-VR03 > PP-PRL-VNT-VE26 > PP-PRL-LGC-DESPEDRADOR > PP-PRL-BTD-DBA01 > PP-PRL-RSC-DSF10 > PP-PRL-RSC-DSF11 > PP-PRL-DSP-DSP01 > PP-PRL-ALM-DAD01 > PP-PRL-ALM-DAD02 > PP-PRL-RSC-DSF12 > PP-PRL-VNT-DVE03 > PP-PRL-CCL-CDVE03 > PP-PRL-VLV-DVR05 > PP-PRL-LGC-MERMA > PP-PRL-CHM-CHIMERMA > PP-PRL-RSC-S21 > PP-PRL-RSC-SF01 > PP-PRL-LGC-REDLER > PP-PRL-RDL-DR12 > PP-PRL-RDL-R01 > PP-PRL-RDL-R01B > PP-PRL-RDL-R02 > PP-PRL-RDL-R35 > PP-PRL-RDL-RF01 > PP-PRL-RDL-RG02 > PP-PRL-LGC-ZARANDAS > PP-PRL-ZRN-Z01 > PP-PRL-ALM-MTMA01 > PP-PRL-ZRN-Z02 > PP-PRL-ALM-MTMA02 > PP-PRL-ZRN-Z03 > PP-PRL-ALM-MTMA03 > PP-PRL-ZRN-Z04 > PP-PRL-ALM-MTMA04 > PP-PRL-ZRN-ZPP1 > PP-PRL-NOR-N02,55
286624,121e7c49-6f80-4698-91bd-c7c5a38e25dd-00045fa0,Roofs,,Genérico - 400 mm,Genérico - 400 mm,,,PP-HRN-LGC-ENFRIADORES,,PP-HRN-LGC-HARINA,PP-HRN-LGC-ENFRIADORES,PP-HRN-ENF-EG11,PP-HRN-ART-ATER-01,PP-HRN-ART-ATER-02,PP-HRN-ART-ATER-03,PP-HRN-ART-ATER-04,PP-HRN-ART-ATER-05,PP-HRN-ART-ATER-06,PP-HRN-ART-ATER-07,PP-HRN-ART-ATER-08,PP-HRN-ART-ATER-09,PP-HRN-ART-ATER-10,PP-HRN-ART-ATER-11,PP-HRN-ART-ATER-12,PP-HRN-ART-ATER-13,PP-HRN-ART-ATER-14,PP-HRN-ART-ATER-15,PP-HRN-ART-ATER-16,PP-HRN-RSC-S08,PP-HRN-RSC-S10,PP-HRN-VLV-SOV-200,PP-HRN-VNT-VE15,PP-HRN-CCL-CVE15,PP-HRN-VLV-VR15,PP-HRN-VNT-VE16,PP-HRN-CCL-CVE16,PP-HRN-VLV-VR16,PP-HRN-VNT-VE17,PP-HRN-CCL-CVE17,PP-HRN-VLV-VR17,PP-HRN-VNT-VE18,PP-HRN-CCL-CVE18,PP-HRN-VLV-VR18,,,,,,,,,,,,,,,,,,,,,,,,,,,,,,,,,,,,,,,,,,,,,,PP-HRN-LGC-HARINA > PP-HRN-LGC-ENFRIADORES > PP-HRN-ENF-EG11 > PP-HRN-ART-ATER-01 > PP-HRN-ART-ATER-02 > PP-HRN-ART-ATER-03 > PP-HRN-ART-ATER-04 > PP-HRN-ART-ATER-05 > PP-HRN-ART-ATER-06 > PP-HRN-ART-ATER-07 > PP-HRN-ART-ATER-08 > PP-HRN-ART-ATER-09 > PP-HRN-ART-ATER-10 > PP-HRN-ART-ATER-11 > PP-HRN-ART-ATER-12 > PP-HRN-ART-ATER-13 > PP-HRN-ART-ATER-14 > PP-HRN-ART-ATER-15 > PP-HRN-ART-ATER-16 > PP-HRN-RSC-S08 > PP-HRN-RSC-S10 > PP-HRN-VLV-SOV-200 > PP-HRN-VNT-VE15 > PP-HRN-CCL-CVE15 > PP-HRN-VLV-VR15 > PP-HRN-VNT-VE16 > PP-HRN-CCL-CVE16 > PP-HRN-VLV-VR16 > PP-HRN-VNT-VE17 > PP-HRN-CCL-CVE17 > PP-HRN-VLV-VR17 > PP-HRN-VNT-VE18 > PP-HRN-CCL-CVE18 > PP-HRN-VLV-VR18,34
286906,121e7c49-6f80-4698-91bd-c7c5a38e25dd-000460ba,Roofs,,Genérico - 400 mm,Genérico - 400 mm,,,PP-PRP-LGC-REDLER,,PP-PRP-LGC-PREPARACION,PP-PRP-LGC-REDLER,PP-PRP-RDL-DR01,PP-PRP-RDL-DR05,PP-PRP-RDL-DR06,PP-PRP-RDL-DR07,PP-PRP-RDL-R03,PP-PRP-RDL-R04,PP-PRP-RDL-R05,PP-PRP-RDL-R06,PP-PRP-RDL-R07,PP-PRP-RDL-R08,PP-PRP-RDL-R09,PP-PRP-RDL-R10,PP-PRP-RDL-R11,PP-PRP-RDL-R12,PP-PRP-RDL-R13,PP-PRP-RDL-R14,PP-PRP-RDL-R15,PP-PRP-RDL-R16,PP-PRP-RDL-R17,PP-PRP-RDL-RR01,PP-PRP-RDL-RZ01,PP-PRP-RDL-RZ02,PP-PRP-RDL-RZ03,,,,,,,,,,,,,,,,,,,,,,,,,,,,,,,,,,,,,,,,,,,,,,,,,,,,,,,PP-PRP-LGC-PREPARACION > PP-PRP-LGC-REDLER > PP-PRP-RDL-DR01 > PP-PRP-RDL-DR05 > PP-PRP-RDL-DR06 > PP-PRP-RDL-DR07 > PP-PRP-RDL-R03 > PP-PRP-RDL-R04 > PP-PRP-RDL-R05 > PP-PRP-RDL-R06 > PP-PRP-RDL-R07 > PP-PRP-RDL-R08 > PP-PRP-RDL-R09 > PP-PRP-RDL-R10 > PP-PRP-RDL-R11 > PP-PRP-RDL-R12 > PP-PRP-RDL-R13 > PP-PRP-RDL-R14 > PP-PRP-RDL-R15 > PP-PRP-RDL-R16 > PP-PRP-RDL-R17 > PP-PRP-RDL-RR01 > PP-PRP-RDL-RZ01 > PP-PRP-RDL-RZ02 > PP-PRP-RDL-RZ03,25
287117,121e7c49-6f80-4698-91bd-c7c5a38e25dd-0004618d,Generic Models,Silos rio carga4,Silos rio carga,Silos rio carga,,PTC_E1_V01;PTC_E3_V03;PTC_E01_V01; ESCALAR,,TE,TE-ACT-LGC-SECTOR ACEITE,TE-GLC-LGC-TANQUES TGR,TE-GLC-TNQ-TK TGR9,TE-GLC-BMB-BO305,TE-GLC-CLT-CALDERIN,TE-ACT-VLV-TFPD4-17099,TE-ACT-VLV-TFPD6-14116,,,,,,,,,,,,,,,,,,,,,,,,,,,,,,,,,,,,,,,,,,,,,,,,,,,,,,,,,,,,,,,,,,,,,,,,,TE > TE-ACT-LGC-SECTOR ACEITE > TE-GLC-LGC-TANQUES TGR > TE-GLC-TNQ-TK TGR9 > TE-GLC-BMB-BO305 > TE-GLC-CLT-CALDERIN > TE-ACT-VLV-TFPD4-17099 > TE-ACT-VLV-TFPD6-14116,8
287288,3ef3eb15-44e2-4f2f-86e5-968d98d4d492-00046238,Generic Models,silos rio4,silos rio,silos rio,,PTC_E1_V01;PTC_E3_V03;PTC_E01_V01,TE-LCT-TNQ-TK8,TE,TE-ACT-LGC-SECTOR ACEITE,TE-ACT-LGC-TANQUES ACEITE,TE-LCT-TNQ-TK8,TE-LCT-CLT-CALDERIN,TE-GLC-BMB-BO306,,TE-ACT-LIN-LINEA VAPOR,,,,,,,,,,,,,,,,,,,,,,,,,,,,,,,,,,,,,,,,,,,,,,,,,,,,,,,,,,,,,,,,,,,,,,,,,TE > TE-ACT-LGC-SECTOR ACEITE > TE-ACT-LGC-TANQUES ACEITE > TE-LCT-TNQ-TK8 > TE-LCT-CLT-CALDERIN > TE-GLC-BMB-BO306 > TE-ACT-LIN-LINEA VAPOR,7
308642,dc2f52e8-69c4-45c8-a7dd-658a902d58d3-0004b5a2,Generic Models,Silos rio carga5,Silos rio carga,Silos rio carga,,PTC_E1_V01;PTC_E3_V03;PTC_E01_V01,,TE,TE-ACT-LGC-SECTOR ACEITE,TE-GLC-LGC-TANQUES TGR,TE-GLC-TNQ-TK TGR8,TE-GLC-TNQ-TK,TE-ACT-VLV-TFPD4-17103,TE-ACT-VLV-TFPD6-14117,TE-RFN-LCT-LECTOR TARJET REF,,,,,,,,,,,,,,,,,,,,,,,,,,,,,,,,,,,,,,,,,,,,,,,,,,,,,,,,,,,,,,,,,,,,,,,,,TE > TE-ACT-LGC-SECTOR ACEITE > TE-GLC-LGC-TANQUES TGR > TE-GLC-TNQ-TK TGR8 > TE-GLC-TNQ-TK > TE-ACT-VLV-TFPD4-17103 > TE-ACT-VLV-TFPD6-14117 > TE-RFN-LCT-LECTOR TARJET REF,8
308734,dc2f52e8-69c4-45c8-a7dd-658a902d58d3-0004b5fe,Generic Models,Silos rio carga6,Silos rio carga,Silos rio carga,,PTC_E1_V01;PTC_E3_V03;PTC_E01_V01; ESCALAR,,TE,TE-ACT-LGC-SECTOR ACEITE,TE-GLC-LGC-TANQUES TGR,TE-GLC-TNQ-TK TGR10,TE-ACT-VLV-TFPD6-13781,TE-ACT-VLV-TFPD4-17100,,,,,,,,,,,,,,,,,,,,,,,,,,,,,,,,,,,,,,,,,,,,,,,,,,,,,,,,,,,,,,,,,,,,,,,,,,,TE > TE-ACT-LGC-SECTOR ACEITE > TE-GLC-LGC-TANQUES TGR > TE-GLC-TNQ-TK TGR10 > TE-ACT-VLV-TFPD6-13781 > TE-ACT-VLV-TFPD4-17100,6
314154,dc2f52e8-69c4-45c8-a7dd-658a902d58d3-0004cb2a,Roofs,,Genérico - 400 mm,Genérico - 400 mm,,TE-pv1,TE-DDC-PTV-PV1,TE,TE-DDC-LGC-DESCARGA CAMIONES,TE-DDC-PTV-PV1,,TE-DDC-FLT-FMDDC,TE-DDC-LGC-PLAT. VOLCABLES,TE-DDC-CHD-CHPV1,TE-DDC-CLZ-CPV1,TE-DDC-CHD-CHCALZPV01,TE-DDC-SIS-DUSTMASTER-PV1,TE-DDC-VLV-PV1A,TE-DDC-VLV-PV1B,TE-DDC-VLV-PV1C,TE-DDC-VLV-PV1D,TE-DDC-VLV-PV1E,TE-DDC-VLV-PV1F,,,,,,,,,,,,,,,,,,,,,,,,,,,,,,,,,,,,,,,,,,,,,,,,,,,,,,,,,,,,,,,,,TE > TE-DDC-LGC-DESCARGA CAMIONES > TE-DDC-PTV-PV1 > TE-DDC-FLT-FMDDC > TE-DDC-LGC-PLAT. VOLCABLES > TE-DDC-CHD-CHPV1 > TE-DDC-CLZ-CPV1 > TE-DDC-CHD-CHCALZPV01 > TE-DDC-SIS-DUSTMASTER-PV1 > TE-DDC-VLV-PV1A > TE-DDC-VLV-PV1B > TE-DDC-VLV-PV1C > TE-DDC-VLV-PV1D > TE-DDC-VLV-PV1E > TE-DDC-VLV-PV1F,15
314190,dc2f52e8-69c4-45c8-a7dd-658a902d58d3-0004cb4e,Roofs,,Genérico - 400 mm,Genérico - 400 mm,,TE-pv2,TE-DDC-PTV-PV2,TE,TE-DDC-LGC-DESCARGA CAMIONES,TE-DDC-PTV-PV2,,TE-DDC-BRL-BFMDDC,TE-DDC-CHD-CHPV2,TE-DDC-CLZ-CPV2,TE-DDC-CHD-CHCALZPV02,TE-DDC-SIS-DUSTMASTER-PV2,TE-DDC-VLV-PV2A,TE-DDC-VLV-PV2B,TE-DDC-VLV-PV2C,TE-DDC-VLV-PV2D,TE-DDC-VLV-PV2E,TE-DDC-VLV-PV2F,TE-DDC-SIS-LUBCENTRAL,,,,,,,,,,,,,,,,,,,,,,,,,,,,,,,,,,,,,,,,,,,,,,,,,,,,,,,,,,,,,,,,,TE > TE-DDC-LGC-DESCARGA CAMIONES > TE-DDC-PTV-PV2 > TE-DDC-BRL-BFMDDC > TE-DDC-CHD-CHPV2 > TE-DDC-CLZ-CPV2 > TE-DDC-CHD-CHCALZPV02 > TE-DDC-SIS-DUSTMASTER-PV2 > TE-DDC-VLV-PV2A > TE-DDC-VLV-PV2B > TE-DDC-VLV-PV2C > TE-DDC-VLV-PV2D > TE-DDC-VLV-PV2E > TE-DDC-VLV-PV2F > TE-DDC-SIS-LUBCENTRAL,15
314219,dc2f52e8-69c4-45c8-a7dd-658a902d58d3-0004cb6b,Roofs,,Genérico - 400 mm,Genérico - 400 mm,,TE-pv3,TE-DDC-PTV-PV3,TE,TE-DDC-LGC-DESCARGA CAMIONES,TE-DDC-PTV-PV3,,TE-DDC-RSC-RFMDDC,TE-DDC-CHD-CHPV3,TE-DDC-CLZ-CPV3,TE-DDC-CHD-CHCALZPV03,TE-DDC-SIS-DUSTMASTER-PV3,TE-DDC-VLV-PV3A,TE-DDC-VLV-PV3B,TE-DDC-VLV-PV3C,TE-DDC-VLV-PV3D,TE-DDC-VLV-PV3E,TE-DDC-VLV-PV3F,TE-DDC-SIS-ASPIRACION CH PV,,,,,,,,,,,,,,,,,,,,,,,,,,,,,,,,,,,,,,,,,,,,,,,,,,,,,,,,,,,,,,,,,TE > TE-DDC-LGC-DESCARGA CAMIONES > TE-DDC-PTV-PV3 > TE-DDC-RSC-RFMDDC > TE-DDC-CHD-CHPV3 > TE-DDC-CLZ-CPV3 > TE-DDC-CHD-CHCALZPV03 > TE-DDC-SIS-DUSTMASTER-PV3 > TE-DDC-VLV-PV3A > TE-DDC-VLV-PV3B > TE-DDC-VLV-PV3C > TE-DDC-VLV-PV3D > TE-DDC-VLV-PV3E > TE-DDC-VLV-PV3F > TE-DDC-SIS-ASPIRACION CH PV,15
314239,dc2f52e8-69c4-45c8-a7dd-658a902d58d3-0004cb7f,Roofs,,Genérico - 400 mm,Genérico - 400 mm,,TE-pv4,TE-DDC-PTV-PV4,TE,TE-DDC-LGC-DESCARGA CAMIONES,TE-DDC-PTV-PV4,,TE-DDC-VLV-VRFMDDC,TE-DDC-CHD-CHPV4,TE-DDC-CLZ-CPV4,TE-DDC-CHD-CHCALZPV04,TE-DDC-SIS-DUSTMASTER-PV4,TE-DDC-VLV-PV4A,TE-DDC-VLV-PV4B,TE-DDC-VLV-PV4C,TE-DDC-VLV-PV4D,TE-DDC-VLV-PV4E,TE-DDC-VLV-PV4F,,,,,,,,,,,,,,,,,,,,,,,,,,,,,,,,,,,,,,,,,,,,,,,,,,,,,,,,,,,,,,,,,,TE > TE-DDC-LGC-DESCARGA CAMIONES > TE-DDC-PTV-PV4 > TE-DDC-VLV-VRFMDDC > TE-DDC-CHD-CHPV4 > TE-DDC-CLZ-CPV4 > TE-DDC-CHD-CHCALZPV04 > TE-DDC-SIS-DUSTMASTER-PV4 > TE-DDC-VLV-PV4A > TE-DDC-VLV-PV4B > TE-DDC-VLV-PV4C > TE-DDC-VLV-PV4D > TE-DDC-VLV-PV4E > TE-DDC-VLV-PV4F,14
314581,dc2f52e8-69c4-45c8-a7dd-658a902d58d3-0004ccd5,Generic Models,silos 1,silos 567,silos 567,,TE-silo7,,TE,TE-ALM-LGC-ALMACENAJE (SILOS),TE-ALM-SLO-SILO 7,,TE-ALM-RSC-RFMSV,TE-ALM-NOR-EL5,TE-ALM-SRN-SIRSS5,TE-ALM-VNT-A35,TE-ALM-VNT-A75,TE-ALM-VLV-P59 DESC,TE-ALM-VNT-A26,TE-ALM-VNT-A66,TE-ALM-VLV-P66 DESC,TE-ALM-VNT-A17,TE-ALM-VNT-A57,TE-ALM-VLV-P77 DESC,TE-ALM-CCM-CCMBS4,TE-ALM-VLV-P55,TE-EMB-CNT-CSS4S,TE-ALM-VLV-Q56,,,,,,,,,,,,,,,,,,,,,,,,,,,,,,,,,,,,,,,,,,,,,,,,,,,,,,,,,,,,,TE > TE-ALM-LGC-ALMACENAJE (SILOS) > TE-ALM-SLO-SILO 7 > TE-ALM-RSC-RFMSV > TE-ALM-NOR-EL5 > TE-ALM-SRN-SIRSS5 > TE-ALM-VNT-A35 > TE-ALM-VNT-A75 > TE-ALM-VLV-P59 DESC > TE-ALM-VNT-A26 > TE-ALM-VNT-A66 > TE-ALM-VLV-P66 DESC > TE-ALM-VNT-A17 > TE-ALM-VNT-A57 > TE-ALM-VLV-P77 DESC > TE-ALM-CCM-CCMBS4 > TE-ALM-VLV-P55 > TE-EMB-CNT-CSS4S > TE-ALM-VLV-Q56,19
314647,dc2f52e8-69c4-45c8-a7dd-658a902d58d3-0004cd17,Generic Models,silos 3,silos 567,silos 567,,TE-silo5 TE-silo5 TE-silo5,,TE,TE-ALM-LGC-ALMACENAJE (SILOS),TE-ALM-SLO-SILO 5,,TE-ALM-VLV-VDFMSV,TE-ALM-MLC-MALRESSIL,TE-ALM-SIS-AIREACION,TE-ALM-VNT-A45,TE-ALM-VNT-A85,TE-TNL-CNT-CBS5,TE-ALM-VNT-A36,TE-ALM-VNT-A76,TE-ALM-VLV-P67 DESC,TE-ALM-VNT-A27,TE-ALM-VNT-A67,TE-ALM-VLV-P78 DESC,TE-ALM-CNT-CSS4,TE-ALM-VLV-P56,TE-ALM-VLV-Q53,TE-TNL-CNT-CBS4,,,,,,,,,,,,,,,,,,,,,,,,,,,,,,,,,,,,,,,,,,,,,,,,,,,,,,,,,,,,,TE > TE-ALM-LGC-ALMACENAJE (SILOS) > TE-ALM-SLO-SILO 5 > TE-ALM-VLV-VDFMSV > TE-ALM-MLC-MALRESSIL > TE-ALM-SIS-AIREACION > TE-ALM-VNT-A45 > TE-ALM-VNT-A85 > TE-TNL-CNT-CBS5 > TE-ALM-VNT-A36 > TE-ALM-VNT-A76 > TE-ALM-VLV-P67 DESC > TE-ALM-VNT-A27 > TE-ALM-VNT-A67 > TE-ALM-VLV-P78 DESC > TE-ALM-CNT-CSS4 > TE-ALM-VLV-P56 > TE-ALM-VLV-Q53 > TE-TNL-CNT-CBS4,19
318340,dc2f52e8-69c4-45c8-a7dd-658a902d58d3-0004db84,Generic Models,silos1,silos,silos,,,TE-BIO-TNQ-TK401,TE,TE-ACT-LGC-SECTOR ACEITE,TE-ACT-LGC-TANQUES 400,TE-BIO-TNQ-TK401,TE-ACT-VLV-TFPD6-11147,TE-ACT-VLV-TFPD6-11201,,,,,,,,,,,,,,,,,,,,,,,,,,,,,,,,,,,,,,,,,,,,,,,,,,,,,,,,,,,,,,,,,,,,,,,,,,,TE > TE-ACT-LGC-SECTOR ACEITE > TE-ACT-LGC-TANQUES 400 > TE-BIO-TNQ-TK401 > TE-ACT-VLV-TFPD6-11147 > TE-ACT-VLV-TFPD6-11201,6
318365,dc2f52e8-69c4-45c8-a7dd-658a902d58d3-0004db9d,Generic Models,silos2,silos,silos,,,TE-BIO-TNQ-TK400,TE,TE-ACT-LGC-SECTOR ACEITE,TE-ACT-LGC-TANQUES 400,TE-BIO-TNQ-TK400,TE-ACT-VLV-TFPD6-12870,,,,,,,,,,,,,,,,,,,,,,,,,,,,,,,,,,,,,,,,,,,,,,,,,,,,,,,,,,,,,,,,,,,,,,,,,,,,TE > TE-ACT-LGC-SECTOR ACEITE > TE-ACT-LGC-TANQUES 400 > TE-BIO-TNQ-TK400 > TE-ACT-VLV-TFPD6-12870,5
318484,dc2f52e8-69c4-45c8-a7dd-658a902d58d3-0004dc14,Generic Models,Silos 4,Silos 2,Silos 2,,,TE-FUEL-TNQ-TK404,TE,TE-ACT-LGC-SECTOR ACEITE,TE-ACT-LGC-TANQUES 400,TE-FUEL-TNQ-TK404,TE-ACT-VLV-TFPD6-12871,TE-ACT-VLV-TFPD6-12872,,,,,,,,,,,,,,,,,,,,,,,,,,,,,,,,,,,,,,,,,,,,,,,,,,,,,,,,,,,,,,,,,,,,,,,,,,,TE > TE-ACT-LGC-SECTOR ACEITE > TE-ACT-LGC-TANQUES 400 > TE-FUEL-TNQ-TK404 > TE-ACT-VLV-TFPD6-12871 > TE-ACT-VLV-TFPD6-12872,6
318499,dc2f52e8-69c4-45c8-a7dd-658a902d58d3-0004dc23,Generic Models,Silos 5,Silos 2,Silos 2,,,TE-FUEL-TNQ-TK405,TE,TE-ACT-LGC-SECTOR ACEITE,TE-ACT-LGC-TANQUES 400,TE-FUEL-TNQ-TK405,TE-ACT-VLV-TFPD6-12868,TE-ACT-VLV-TFPD6-12869,,,,,,,,,,,,,,,,,,,,,,,,,,,,,,,,,,,,,,,,,,,,,,,,,,,,,,,,,,,,,,,,,,,,,,,,,,,TE > TE-ACT-LGC-SECTOR ACEITE > TE-ACT-LGC-TANQUES 400 > TE-FUEL-TNQ-TK405 > TE-ACT-VLV-TFPD6-12868 > TE-ACT-VLV-TFPD6-12869,6
330783,dc2f52e8-69c4-45c8-a7dd-658a902d58d3-00050c1f,Generic Models,Tanques aceite3,Tanques aceite,Tanques aceite,,,,TE,TE-ACT-LGC-SECTOR ACEITE,TE-ACT-LGC-TANQUES ACEITE OSL,TE-LCT-TNQ-TK11,,,,,,,,,,,,,,,,,,,,,,,,,,,,,,,,,,,,,,,,,,,,,,,,,,,,,,,,,,,,,,,,,,,,,,,,,,,,,TE > TE-ACT-LGC-SECTOR ACEITE > TE-ACT-LGC-TANQUES ACEITE OSL > TE-LCT-TNQ-TK11,4
332643,dc2f52e8-69c4-45c8-a7dd-658a902d58d3-00051363,Generic Models,Silos 6,Silos 2,Silos 2,,,,P10,P10-SRV-LGC-SERVICIOS,P10-SRV-LGC-TRATAMIENTO AGUA,,,,,,,,,,,,,,,,,,,,,,,,,,,,,,,,,,,,,,,,,,,,,,,,,,,,,,,,,,,,,,,,,,,,,,,,,,,,,,P10 > P10-SRV-LGC-SERVICIOS > P10-SRV-LGC-TRATAMIENTO AGUA,3
346372,166708fd-8f1f-4231-bc3b-68b8d7570667-00054904,Generic Models,puert5,puert,puert,,,,TE,TE-TDM-LGC-TORRE DE MANIPULEO,TE-TE6-LGC-TORRE EL9,,TE-TDM-ASC-ASCENSOR 1,TE-TDM-BMB-BRPF,TE-TDM-VLV-VRBSFMTDM-2,TE-EMB-VLV-VPBE2,TE-TDM-CCM-CCMP0,TE-TDM-INCENDIO,TE-TDM-VLV-P62,TE-TDM-CMP-AC TAB-5-1,TE-TE6-LGC-TORRE EL6,TE-TE6-BRZ-BRFMEL9,TE-TE6-VLV-VR2TN1,TE-TE6-VLV-VR3CYC,TE-TE6-VNT-VLFMEL9,TE-TE6-MLC-MALC EL6,TE-TE6-VLV-VG12,TE-TE6-VLV-VG22,TE-TE6-VLV-VG24,TE-TE6-VLV-VG26,TE-TE6-VLV-VG29,TE-TE6-MND-MLEL9,TE-TE6-VLV-VG14,TE-TE6-VLV-VG16,,,,,,,,,,,,,,,,,,,,,,,,,,,,,,,,,,,,,,,,,,,,,,,,,,,,,,,TE > TE-TDM-LGC-TORRE DE MANIPULEO > TE-TE6-LGC-TORRE EL9 > TE-TDM-ASC-ASCENSOR 1 > TE-TDM-BMB-BRPF > TE-TDM-VLV-VRBSFMTDM-2 > TE-EMB-VLV-VPBE2 > TE-TDM-CCM-CCMP0 > TE-TDM-INCENDIO > TE-TDM-VLV-P62 > TE-TDM-CMP-AC TAB-5-1 > TE-TE6-LGC-TORRE EL6 > TE-TE6-BRZ-BRFMEL9 > TE-TE6-VLV-VR2TN1 > TE-TE6-VLV-VR3CYC > TE-TE6-VNT-VLFMEL9 > TE-TE6-MLC-MALC EL6 > TE-TE6-VLV-VG12 > TE-TE6-VLV-VG22 > TE-TE6-VLV-VG24 > TE-TE6-VLV-VG26 > TE-TE6-VLV-VG29 > TE-TE6-MND-MLEL9 > TE-TE6-VLV-VG14 > TE-TE6-VLV-VG16,25
349738,166708fd-8f1f-4231-bc3b-68b8d7570667-0005562a,Generic Models,Generic Models 1,Generic Models 1,Generic Models 1,,,TE-TDM-CNT-C01,TE,TE-TDM-LGC-TORRE DE MANIPULEO,TE-TDM-LGC-GALERIA C01/C05,TE-TDM-CNT-C01,,TE-TDM-SRN-SIRC01,TE-TDM-ASP-ASPERSOR TDM,TE-TDM-CMP-COM1 (COMPRESOR,TE-TDM-VLV-VRFMTDM -M3,TE-TDM-VLV-ABE2,TE-TDM-AIR-AIRTM0-1,TE-TDM-LGC-BANCO DE CAPACITORE,TE-TDM-VLV-P71,TE-TDM-VNT-B35,,,,,,,,,,,,,,,,,,,,,,,,,,,,,,,,,,,,,,,,,,,,,,,,,,,,,,,,,,,,,,,,,,,TE > TE-TDM-LGC-TORRE DE MANIPULEO > TE-TDM-LGC-GALERIA C01/C05 > TE-TDM-CNT-C01 > TE-TDM-SRN-SIRC01 > TE-TDM-ASP-ASPERSOR TDM > TE-TDM-CMP-COM1 (COMPRESOR > TE-TDM-VLV-VRFMTDM -M3 > TE-TDM-VLV-ABE2 > TE-TDM-AIR-AIRTM0-1 > TE-TDM-LGC-BANCO DE CAPACITORE > TE-TDM-VLV-P71 > TE-TDM-VNT-B35,13
350465,166708fd-8f1f-4231-bc3b-68b8d7570667-00055901,Generic Models,Generic Models 2,Generic Models 2,Generic Models 2,,,,secadora a maniouleo,,,,,,,,,,,,,,,,,,,,,,,,,,,,,,,,,,,,,,,,,,,,,,,,,,,,,,,,,,,,,,,,,,,,,,,,,,,,,,,,secadora a maniouleo,1
350532,166708fd-8f1f-4231-bc3b-68b8d7570667-00055944,Generic Models,puert6,puert,puert,,,,,TE-EMB-LGC-SECTOR EMBARQUE,,,TE-EMB-ESC-ESC A BUQUE,,,,,,,,,,,,,,,,,,,,,,,,,,,,,,,,,,,,,,,,,,,,,,,,,,,,,,,,,,,,,,,,,,,,,,,,,,,,TE-EMB-LGC-SECTOR EMBARQUE > TE-EMB-ESC-ESC A BUQUE,2
350956,166708fd-8f1f-4231-bc3b-68b8d7570667-00055aec,Roofs,,Genérico - 400 mm,Genérico - 400 mm,,,,TE,TE-ACT-LGC-SECTOR ACEITE,TE-ACT-LGC-BOMBAS DE ACEITE,TE-ACT-SLA-SALA BMB ACEITE,TE-ACT-LGC-BOMBAS LECITINA,TE-LCT-BMB-BO105,TE-ACT-SLA-SALA,TE-ACT-BMB-BO109,TE-ACT-BMB-BO512,TE-ACT-BMB-BO201,,,,,,,,,,,,,,,,,,,,,,,,,,,,,,,,,,,,,,,,,,,,,,,,,,,,,,,,,,,,,,,,,,,,,,,TE > TE-ACT-LGC-SECTOR ACEITE > TE-ACT-LGC-BOMBAS DE ACEITE > TE-ACT-SLA-SALA BMB ACEITE > TE-ACT-LGC-BOMBAS LECITINA > TE-LCT-BMB-BO105 > TE-ACT-SLA-SALA > TE-ACT-BMB-BO109 > TE-ACT-BMB-BO512 > TE-ACT-BMB-BO201,10
351012,166708fd-8f1f-4231-bc3b-68b8d7570667-00055b24,Roofs,,Genérico - 400 mm,Genérico - 400 mm,,,,TE,TE-ACT-LGC-SECTOR ACEITE,TE-BBR-LGC-SECTOR BAJO BARR,TE-ACT-SLA-SALA,TE-ACT-BMB-BO200,TE-ACT-BMB-BO201,TE-BBR-CNL-CANAL PLUVIAL BBR,TE-BBR-VLV-CLAP PLUV NORTE,TE-BBR-VLV-DESPURGUE DCT NORTE,TE-BBR-VLV-EGRESO DCT NORTE,TE-BBR-VLV-INGRESO DCT NORTE,TE-BRR-VLV-VALV,TE-BBR-PLT-PILETA DECANT,TE-BBR-BMB-DESAG CAMARA,TE-BBR-CMR-CAMARA DESGRAS,,,,,,,,,,,,,,,,,,,,,,,,,,,,,,,,,,,,,,,,,,,,,,,,,,,,,,,,,,,,,,,,,,TE > TE-ACT-LGC-SECTOR ACEITE > TE-BBR-LGC-SECTOR BAJO BARR > TE-ACT-SLA-SALA > TE-ACT-BMB-BO200 > TE-ACT-BMB-BO201 > TE-BBR-CNL-CANAL PLUVIAL BBR > TE-BBR-VLV-CLAP PLUV NORTE > TE-BBR-VLV-DESPURGUE DCT NORTE > TE-BBR-VLV-EGRESO DCT NORTE > TE-BBR-VLV-INGRESO DCT NORTE > TE-BRR-VLV-VALV > TE-BBR-PLT-PILETA DECANT > TE-BBR-BMB-DESAG CAMARA > TE-BBR-CMR-CAMARA DESGRAS,15
352276,166708fd-8f1f-4231-bc3b-68b8d7570667-00056014,Generic Models,Generic Models 3,Generic Models 3,Generic Models 3,,,TE-EMB-LGC-DOLPHIN,TE,TE-EMB-LGC-SECTOR EMBARQUE,TE-EMB-LGC-DOLPHIN,,TE-EMB-LGC-CCM EMBARQUE,TE-EMB-DLP-D1,TE-EMB-DLP-D2,TE-EMB-DLP-D3,TE-EMB-DLP-D4,,,,,,,,,,,,,,,,,,,,,,,,,,,,,,,,,,,,,,,,,,,,,,,,,,,,,,,,,,,,,,,,,,,,,,,,TE > TE-EMB-LGC-SECTOR EMBARQUE > TE-EMB-LGC-DOLPHIN > TE-EMB-LGC-CCM EMBARQUE > TE-EMB-DLP-D1 > TE-EMB-DLP-D2 > TE-EMB-DLP-D3 > TE-EMB-DLP-D4,8
354957,b711483d-ace3-4f9c-be95-628f10df186b-00056a8d,Generic Models,Generic Models 8,Generic Models 5,Generic Models 5,,,,,TE-ACT-SLA-SALA BMB BAJO BARR,TE-ACT-BMB-BO106,TE-ACT-BMB-BO510,TE-ACT-BMB-BO513,,,,,,,,,,,,,,,,,,,,,,,,,,,,,,,,,,,,,,,,,,,,,,,,,,,,,,,,,,,,,,,,,,,,,,,,,,,,TE-ACT-SLA-SALA BMB BAJO BARR > TE-ACT-BMB-BO106 > TE-ACT-BMB-BO510 > TE-ACT-BMB-BO513,4
355813,746ca086-f561-435a-ba68-1305e58fcca1-00056de5,Roofs,,Genérico - 400 mm,Genérico - 400 mm,,PTD_C2_V02;PTD_D2_V02;PTD_E01_V01;PTD_E02_V02,,P10,P10-SRV-LGC-SERVICIOS,P10-SCT-SECTOR OBRADORES,,,,,,,,,,,,,,,,,,,,,,,,,,,,,,,,,,,,,,,,,,,,,,,,,,,,,,,,,,,,,,,,,,,,,,,,,,,,,,P10 > P10-SRV-LGC-SERVICIOS > P10-SCT-SECTOR OBRADORES,3
356583,746ca086-f561-435a-ba68-1305e58fcca1-000570e7,Roofs,,Genérico - 400 mm,Genérico - 400 mm,,PTD_C2_V02;PTD_D2_V02;PTD_E01_V01;PTD_E02_V02,,P10,P10-SRV-LGC-SERVICIOS,P10-SCT-SECTOR OBRADORES,,,,,,,,,,,,,,,,,,,,,,,,,,,,,,,,,,,,,,,,,,,,,,,,,,,,,,,,,,,,,,,,,,,,,,,,,,,,,,P10 > P10-SRV-LGC-SERVICIOS > P10-SCT-SECTOR OBRADORES,3
356627,746ca086-f561-435a-ba68-1305e58fcca1-00057113,Roofs,,Genérico - 400 mm,Genérico - 400 mm,,PTD_C2_V02;PTD_D2_V02;PTD_E01_V01;PTD_E02_V02,,P10,P10-SRV-LGC-SERVICIOS,P10-SCT-SECTOR OBRADORES,,,,,,,,,,,,,,,,,,,,,,,,,,,,,,,,,,,,,,,,,,,,,,,,,,,,,,,,,,,,,,,,,,,,,,,,,,,,,,P10 > P10-SRV-LGC-SERVICIOS > P10-SCT-SECTOR OBRADORES,3
356674,746ca086-f561-435a-ba68-1305e58fcca1-00057142,Roofs,,Genérico - 400 mm,Genérico - 400 mm,,PTD_C2_V02;PTD_D2_V02;PTD_E01_V01;PTD_E02_V02,,P10,P10-SRV-LGC-SERVICIOS,P10-SCT-SECTOR OBRADORES,,,,,,,,,,,,,,,,,,,,,,,,,,,,,,,,,,,,,,,,,,,,,,,,,,,,,,,,,,,,,,,,,,,,,,,,,,,,,,P10 > P10-SRV-LGC-SERVICIOS > P10-SCT-SECTOR OBRADORES,3
356719,746ca086-f561-435a-ba68-1305e58fcca1-0005716f,Roofs,,Genérico - 400 mm,Genérico - 400 mm,,PTD_C2_V02;PTD_D2_V02;PTD_E01_V01;PTD_E02_V02,,P10,P10-SRV-LGC-SERVICIOS,P10-SCT-SECTOR OBRADORES,,,,,,,,,,,,,,,,,,,,,,,,,,,,,,,,,,,,,,,,,,,,,,,,,,,,,,,,,,,,,,,,,,,,,,,,,,,,,,P10 > P10-SRV-LGC-SERVICIOS > P10-SCT-SECTOR OBRADORES,3
356816,746ca086-f561-435a-ba68-1305e58fcca1-000571d0,Roofs,,Genérico - 400 mm,Genérico - 400 mm,,PTD_C2_V02;PTD_D2_V02;PTD_E01_V01;PTD_E02_V02,,P10,P10-SRV-LGC-SERVICIOS,P10-SCT-SECTOR OBRADORES,,,,,,,,,,,,,,,,,,,,,,,,,,,,,,,,,,,,,,,,,,,,,,,,,,,,,,,,,,,,,,,,,,,,,,,,,,,,,,P10 > P10-SRV-LGC-SERVICIOS > P10-SCT-SECTOR OBRADORES,3
356868,746ca086-f561-435a-ba68-1305e58fcca1-00057204,Roofs,,Genérico - 400 mm,Genérico - 400 mm,,PTD_C2_V02;PTD_D2_V02;PTD_E01_V01;PTD_E02_V02,,P10,P10-SRV-LGC-SERVICIOS,P10-SCT-SECTOR OBRADORES,,,,,,,,,,,,,,,,,,,,,,,,,,,,,,,,,,,,,,,,,,,,,,,,,,,,,,,,,,,,,,,,,,,,,,,,,,,,,,P10 > P10-SRV-LGC-SERVICIOS > P10-SCT-SECTOR OBRADORES,3
357186,746ca086-f561-435a-ba68-1305e58fcca1-00057342,Roofs,,Genérico - 400 mm,Genérico - 400 mm,,PTD_C2_V02;PTD_D2_V02;PTD_E01_V01;PTD_E02_V02,,P10,P10-SRV-LGC-SERVICIOS,P10-SCT-SECTOR OBRADORES,,,,,,,,,,,,,,,,,,,,,,,,,,,,,,,,,,,,,,,,,,,,,,,,,,,,,,,,,,,,,,,,,,,,,,,,,,,,,,P10 > P10-SRV-LGC-SERVICIOS > P10-SCT-SECTOR OBRADORES,3
357224,746ca086-f561-435a-ba68-1305e58fcca1-00057368,Roofs,,Genérico - 400 mm,Genérico - 400 mm,,PTD_C2_V02;PTD_D2_V02;PTD_E01_V01;PTD_E02_V02,,P10,P10-SRV-LGC-SERVICIOS,P10-SCT-SECTOR OBRADORES,,,,,,,,,,,,,,,,,,,,,,,,,,,,,,,,,,,,,,,,,,,,,,,,,,,,,,,,,,,,,,,,,,,,,,,,,,,,,,P10 > P10-SRV-LGC-SERVICIOS > P10-SCT-SECTOR OBRADORES,3
357316,746ca086-f561-435a-ba68-1305e58fcca1-000573c4,Roofs,,Genérico - 400 mm,Genérico - 400 mm,,PTD_C2_V02;PTD_D2_V02;PTD_E01_V01;PTD_E02_V02,,P10,P10-SRV-LGC-SERVICIOS,P10-SCT-SECTOR OBRADORES,,,,,,,,,,,,,,,,,,,,,,,,,,,,,,,,,,,,,,,,,,,,,,,,,,,,,,,,,,,,,,,,,,,,,,,,,,,,,,P10 > P10-SRV-LGC-SERVICIOS > P10-SCT-SECTOR OBRADORES,3
357351,746ca086-f561-435a-ba68-1305e58fcca1-000573e7,Roofs,,Genérico - 400 mm,Genérico - 400 mm,,PTD_C2_V02;PTD_D2_V02;PTD_E01_V01;PTD_E02_V02,,P10,P10-SRV-LGC-SERVICIOS,P10-SCT-SECTOR OBRADORES,,,,,,,,,,,,,,,,,,,,,,,,,,,,,,,,,,,,,,,,,,,,,,,,,,,,,,,,,,,,,,,,,,,,,,,,,,,,,,P10 > P10-SRV-LGC-SERVICIOS > P10-SCT-SECTOR OBRADORES,3
357377,746ca086-f561-435a-ba68-1305e58fcca1-00057401,Roofs,,Genérico - 400 mm,Genérico - 400 mm,,PTD_C2_V02;PTD_D2_V02;PTD_E01_V01;PTD_E02_V02,,P10,P10-SRV-LGC-SERVICIOS,P10-SCT-SECTOR OBRADORES,,,,,,,,,,,,,,,,,,,,,,,,,,,,,,,,,,,,,,,,,,,,,,,,,,,,,,,,,,,,,,,,,,,,,,,,,,,,,,P10 > P10-SRV-LGC-SERVICIOS > P10-SCT-SECTOR OBRADORES,3
357674,1dd21141-8de6-4d43-b824-f67da67065de-0005752a,Roofs,,Genérico - 400 mm,Genérico - 400 mm,,,,TE,TE-ACT-LGC-SECTOR ACEITE,TE-ACT-LGC-BOMBAS DE ACEITE,TE-ACT-SLA-SALA BMB OSL,TE-LCT-BMB-BO102,TE-LCT-BMB-BO113,TE-ACT-BMB-BO108,TE-ACT-BMB-BO511,TE-ACT-BMB-BO200,,,,,,,,,,,,,,,,,,,,,,,,,,,,,,,,,,,,,,,,,,,,,,,,,,,,,,,,,,,,,,,,,,,,,,,,TE > TE-ACT-LGC-SECTOR ACEITE > TE-ACT-LGC-BOMBAS DE ACEITE > TE-ACT-SLA-SALA BMB OSL > TE-LCT-BMB-BO102 > TE-LCT-BMB-BO113 > TE-ACT-BMB-BO108 > TE-ACT-BMB-BO511 > TE-ACT-BMB-BO200,9
358462,1dd21141-8de6-4d43-b824-f67da67065de-0005783e,Generic Models,Biodiesel3,Biodiesel,Biodiesel,,Paralelo a linea de tierra,P10-HRN-SRT-SR01,P10,P10-HRN-LGC-HARINA,P10-HRN-LGC-SEC. ROTATIVOS,P10-HRN-SRT-SR01,P10-HRN-RSC-SF04,P10-HRN-VLV-VALV AUTREG SR,P10-HRN-RSC-SF11L,P10-HRN-RSC-SF11R,P10-HRN-TNQ-TKSR,P10-HRN-VLV-VALV SR01LP,P10-HRN-VLV-VSSR01,,,,,,,,,,,,,,,,,,,,,,,,,,,,,,,,,,,,,,,,,,,,,,,,,,,,,,,,,,,,,,,,,,,,,,P10 > P10-HRN-LGC-HARINA > P10-HRN-LGC-SEC. ROTATIVOS > P10-HRN-SRT-SR01 > P10-HRN-RSC-SF04 > P10-HRN-VLV-VALV AUTREG SR > P10-HRN-RSC-SF11L > P10-HRN-RSC-SF11R > P10-HRN-TNQ-TKSR > P10-HRN-VLV-VALV SR01LP > P10-HRN-VLV-VSSR01,11
358495,1dd21141-8de6-4d43-b824-f67da67065de-0005785f,Generic Models,Biodiesel4,Biodiesel,Biodiesel,,Paralelo a linea de tierra,P10-HRN-SRT-SR02,P10,P10-HRN-LGC-HARINA,P10-HRN-LGC-SEC. ROTATIVOS,P10-HRN-SRT-SR02,P10-HRN-RSC-SF05,P10-HRN-VLV-VSSR02,P10-HRN-VLV-VALV SR02LP,,,,,,,,,,,,,,,,,,,,,,,,,,,,,,,,,,,,,,,,,,,,,,,,,,,,,,,,,,,,,,,,,,,,,,,,,,P10 > P10-HRN-LGC-HARINA > P10-HRN-LGC-SEC. ROTATIVOS > P10-HRN-SRT-SR02 > P10-HRN-RSC-SF05 > P10-HRN-VLV-VSSR02 > P10-HRN-VLV-VALV SR02LP,7
361205,79a4e34a-87ef-4472-9c35-b34f669597e2-000582f5,Roofs,,Genérico - 400 mm,Genérico - 400 mm,,,,TE,TE-ACT-LGC-SECTOR ACEITE,TE-ACT-LGC-BOMBAS DE ACEITE,TE-ACT-LGC-BOMBAS LECITINA,TE-LCT-BMB-BO103,,,,,,,,,,,,,,,,,,,,,,,,,,,,,,,,,,,,,,,,,,,,,,,,,,,,,,,,,,,,,,,,,,,,,,,,,,,,TE > TE-ACT-LGC-SECTOR ACEITE > TE-ACT-LGC-BOMBAS DE ACEITE > TE-ACT-LGC-BOMBAS LECITINA > TE-LCT-BMB-BO103,5
361292,79a4e34a-87ef-4472-9c35-b34f669597e2-0005834c,Roofs,,Genérico - 400 mm,Genérico - 400 mm,,PTD_C2_V02;PTD_D2_V02;PTD_E01_V01;PTD_E02_V02,,P10,P10-SRV-LGC-SERVICIOS,P10-SCT-SECTOR OBRADORES,,,,,,,,,,,,,,,,,,,,,,,,,,,,,,,,,,,,,,,,,,,,,,,,,,,,,,,,,,,,,,,,,,,,,,,,,,,,,,P10 > P10-SRV-LGC-SERVICIOS > P10-SCT-SECTOR OBRADORES,3
361370,79a4e34a-87ef-4472-9c35-b34f669597e2-0005839a,Roofs,,Genérico - 400 mm,Genérico - 400 mm,,PTD_C2_V02;PTD_D2_V02;PTD_E01_V01;PTD_E02_V02,,TE,TE-ACT-LGC-SECTOR ACEITE,TE-ACT-LGC-BOMBAS DE ACEITE,TE-BIO-SLA-SALA BMB TK400,TE-BIO-BMB-BO414,TE-BIO-BMB-BO415,TE-FUEL-BMB-BO412,TE-FUEL-BMB-BO413,TE-BIO-BMB-BO411,TE-LCT-BMB-BO104,TE-BIO-BMB-BO110,TE-BIO-BMB-BO111,TE-BIO-BMB-BO112,,,,,,,,,,,,,,,,,,,,,,,,,,,,,,,,,,,,,,,,,,,,,,,,,,,,,,,,,,,,,,,,,,,,TE > TE-ACT-LGC-SECTOR ACEITE > TE-ACT-LGC-BOMBAS DE ACEITE > TE-BIO-SLA-SALA BMB TK400 > TE-BIO-BMB-BO414 > TE-BIO-BMB-BO415 > TE-FUEL-BMB-BO412 > TE-FUEL-BMB-BO413 > TE-BIO-BMB-BO411 > TE-LCT-BMB-BO104 > TE-BIO-BMB-BO110 > TE-BIO-BMB-BO111 > TE-BIO-BMB-BO112,13
363228,c5789114-c0d4-413a-baf1-dd659684e66c-00058adc,Floors,,Hormigón in situ 225 mm,Hormigón in situ 225 mm,,,TE-ADM-EDF-COCHERAS,TE,TE-ADM-LGC-EDIFICIOS VARIOS,TE-ADM-EDF-COCHERAS,,,,,,,,,,,,,,,,,,,,,,,,,,,,,,,,,,,,,,,,,,,,,,,,,,,,,,,,,,,,,,,,,,,,,,,,,,,,,,TE > TE-ADM-LGC-EDIFICIOS VARIOS > TE-ADM-EDF-COCHERAS,3
364143,c5789114-c0d4-413a-baf1-dd659684e66c-00058e6f,Roofs,,Genérico - 400 mm,Genérico - 400 mm,,,,TE,TE-ADM-LGC-EDIFICIOS VARIOS,,,,,,,,,,,,,,,,,,,,,,,,,,,,,,,,,,,,,,,,,,,,,,,,,,,,,,,,,,,,,,,,,,,,,,,,,,,,,,,TE > TE-ADM-LGC-EDIFICIOS VARIOS,2
364734,c5789114-c0d4-413a-baf1-dd659684e66c-000590be,Roofs,,Genérico - 400 mm,Genérico - 400 mm,,,TE-ADM-EDF-COMEDOR,,TE-ADM-LGC-EDIFICIOS VARIOS,TE-ADM-EDF-COMEDOR,,,,,,,,,,,,,,,,,,,,,,,,,,,,,,,,,,,,,,,,,,,,,,,,,,,,,,,,,,,,,,,,,,,,,,,,,,,,,,TE-ADM-LGC-EDIFICIOS VARIOS > TE-ADM-EDF-COMEDOR,2
364898,c5789114-c0d4-413a-baf1-dd659684e66c-00059162,Roofs,,Genérico - 400 mm,Genérico - 400 mm,,,,TE,TE-ADM-LGC-EDIFICIOS VARIOS,TE-TLL-LGC-OBRADOR MECANICO,,,,,,,,,,,,,,,,,,,,,,,,,,,,,,,,,,,,,,,,,,,,,,,,,,,,,,,,,,,,,,,,,,,,,,,,,,,,,,TE > TE-ADM-LGC-EDIFICIOS VARIOS > TE-TLL-LGC-OBRADOR MECANICO,3
365213,5058d264-a8f9-4ba1-9628-877e44bc2201-0005929d,Roofs,,Genérico - 400 mm,Genérico - 400 mm,,,P10-SRV-LGC-OSMOSIS,P10,P10-SRV-LGC-SERVICIOS,P10-SRV-LGC-OSMOSIS,P10-OSM-BMB-BAP01,P10-OSM-BMB-BAP02,P10-OSM-BMB-BC2,P10-OSM-BMB-BC1,P10-OSM-BMB-BC251,P10-OSM-BMB-BD01,P10-OSM-BMB-BD02,P10-OSM-BMB-BO68,P10-OSM-BMB-BO67,P10-OSM-FLT-FLTBOL,P10-OSM-FLT-MF01,P10-OSM-FLT-MF02,P10-OSM-MDL-MDL01,P10-OSM-MDL-MDL02,,,,,,,,,,,,,,,,,,,,,,,,,,,,,,,,,,,,,,,,,,,,,,,,,,,,,,,,,,,,,,,,P10 > P10-SRV-LGC-SERVICIOS > P10-SRV-LGC-OSMOSIS > P10-OSM-BMB-BAP01 > P10-OSM-BMB-BAP02 > P10-OSM-BMB-BC2 > P10-OSM-BMB-BC1 > P10-OSM-BMB-BC251 > P10-OSM-BMB-BD01 > P10-OSM-BMB-BD02 > P10-OSM-BMB-BO68 > P10-OSM-BMB-BO67 > P10-OSM-FLT-FLTBOL > P10-OSM-FLT-MF01 > P10-OSM-FLT-MF02 > P10-OSM-MDL-MDL01 > P10-OSM-MDL-MDL02,17
365517,af4a1dfd-5c7d-4cb9-a1b8-2df1a4ebcc4e-000593cd,Generic Models,Biodiesel5,Biodiesel,Biodiesel,,,PP-PRL-SLO-SRECUP,PP,,PP-PRL-LGC-SILOS,PP-PRL-SLO-SRECUP,PP-PRL-VLV-VG09,PP-PRL-VLV-VR24,,,,,,,,,,,,,,,,,,,,,,,,,,,,,,,,,,,,,,,,,,,,,,,,,,,,,,,,,,,,,,,,,,,,,,,,,,,PP > PP-PRL-LGC-SILOS > PP-PRL-SLO-SRECUP > PP-PRL-VLV-VG09 > PP-PRL-VLV-VR24,5
366082,112ed255-2c3e-4575-ba44-903fa5f3f8e7-00059602,Roofs,,Genérico - 400 mm,Genérico - 400 mm,,,PP-HRN-LGC-MOLINOS,,PP-HRN-LGC-HARINA,PP-HRN-LGC-ENFRIADORES,PP-HRN-ENF-EG12,PP-HRN-ART-ATER-17,PP-HRN-ART-ATER-18,PP-HRN-ART-ATER-19,PP-HRN-ART-ATER-20,PP-HRN-ART-ATER-21,PP-HRN-ART-ATER-22,PP-HRN-ART-ATER-23,PP-HRN-ART-ATER-24,PP-HRN-ART-ATER-25,PP-HRN-ART-ATER-26,PP-HRN-ART-ATER-27,PP-HRN-ART-ATER-28,PP-HRN-ART-ATER-29,PP-HRN-RSC-S09,PP-HRN-RSC-S11,PP-HRN-RSC-S22,PP-HRN-RSC-S23,PP-HRN-VLV-SOV-201,PP-HRN-VLV-SOV-202,PP-HRN-VNT-VE19,PP-HRN-CCL-CVE19,PP-HRN-VLV-VR19,PP-HRN-VNT-VE20,PP-HRN-CCL-CVE20,PP-HRN-VLV-VR20,PP-HRN-VNT-VE21,PP-HRN-CCL-CVE21,PP-HRN-VLV-VR21,PP-HRN-VNT-VE22,PP-HRN-CCL-CVE22,PP-HRN-VLV-VR22,,,,,,,,,,,,,,,,,,,,,,,,,,,,,,,,,,,,,,,,,,,,,,PP-HRN-LGC-HARINA > PP-HRN-LGC-ENFRIADORES > PP-HRN-ENF-EG12 > PP-HRN-ART-ATER-17 > PP-HRN-ART-ATER-18 > PP-HRN-ART-ATER-19 > PP-HRN-ART-ATER-20 > PP-HRN-ART-ATER-21 > PP-HRN-ART-ATER-22 > PP-HRN-ART-ATER-23 > PP-HRN-ART-ATER-24 > PP-HRN-ART-ATER-25 > PP-HRN-ART-ATER-26 > PP-HRN-ART-ATER-27 > PP-HRN-ART-ATER-28 > PP-HRN-ART-ATER-29 > PP-HRN-RSC-S09 > PP-HRN-RSC-S11 > PP-HRN-RSC-S22 > PP-HRN-RSC-S23 > PP-HRN-VLV-SOV-201 > PP-HRN-VLV-SOV-202 > PP-HRN-VNT-VE19 > PP-HRN-CCL-CVE19 > PP-HRN-VLV-VR19 > PP-HRN-VNT-VE20 > PP-HRN-CCL-CVE20 > PP-HRN-VLV-VR20 > PP-HRN-VNT-VE21 > PP-HRN-CCL-CVE21 > PP-HRN-VLV-VR21 > PP-HRN-VNT-VE22 > PP-HRN-CCL-CVE22 > PP-HRN-VLV-VR22,34
366280,112ed255-2c3e-4575-ba44-903fa5f3f8e7-000596c8,Roofs,,Genérico - 400 mm,Genérico - 400 mm,,,PP-HRN-LGC-VALVULAS A PUERTO,PP,PP-HRN-LGC-HARINA,PP-HRN-LGC-MOLINOS,PP-HRN-MLN-M01,PP-HRN-RSC-MA01,PP-HRN-RSC-SM01,PP-HRN-MLN-M02,PP-HRN-RSC-MA02,PP-HRN-RSC-SM02,,,,,,,,,,,,,,,,,,,,,,,,,,,,,,,,,,,,,,,,,,,,,,,,,,,,,,,,,,,,,,,,,,,,,,,,PP > PP-HRN-LGC-HARINA > PP-HRN-LGC-MOLINOS > PP-HRN-MLN-M01 > PP-HRN-RSC-MA01 > PP-HRN-RSC-SM01 > PP-HRN-MLN-M02 > PP-HRN-RSC-MA02 > PP-HRN-RSC-SM02,9
366559,58a0c5ec-573a-4dcc-9a0e-9d96a2f21f89-000597df,Roofs,,Genérico - 400 mm,Genérico - 400 mm,,,PP-EXT-LGC-SOLVENTE,PP,PP-EXT-LGC-EXTRACCION,PP-EXT-LGC-DESTILACION,PP-EXT-BMB-BO22,PP-EXT-CDL-MASICO,PP-EXT-CND-COND,PP-EXT-EVP-EV01,PP-EXT-EVP-EV02,PP-EXT-BMB-BO20,PP-EXT-VLV-VSEV02,PP-EXT-EVP-EV03,PP-EXT-BMB-BO50 E,PP-EXT-PRC-PRECALEN,PP-EXT-STR-STRIPPER,PP-EXT-BMB-BO21,PP-EXT-VLV-LCV-230,PP-EXT-VLV-LCV-232,PP-EXT-VLV-LCV-233,PP-EXT-VLV-LCV-234,PP-EXT-VLV-PCV-010,PP-EXT-VLV-SOV-214 VS04,PP-EXT-VLV-TCV-011,PP-EXT-VLV-TCV-212,,,,,,,,,,,,,,,,,,,,,,,,,,,,,,,,,,,,,,,,,,,,,,,,,,,,,,,,,,PP > PP-EXT-LGC-EXTRACCION > PP-EXT-LGC-DESTILACION > PP-EXT-BMB-BO22 > PP-EXT-CDL-MASICO > PP-EXT-CND-COND > PP-EXT-EVP-EV01 > PP-EXT-EVP-EV02 > PP-EXT-BMB-BO20 > PP-EXT-VLV-VSEV02 > PP-EXT-EVP-EV03 > PP-EXT-BMB-BO50 E > PP-EXT-PRC-PRECALEN > PP-EXT-STR-STRIPPER > PP-EXT-BMB-BO21 > PP-EXT-VLV-LCV-230 > PP-EXT-VLV-LCV-232 > PP-EXT-VLV-LCV-233 > PP-EXT-VLV-LCV-234 > PP-EXT-VLV-PCV-010 > PP-EXT-VLV-SOV-214 VS04 > PP-EXT-VLV-TCV-011 > PP-EXT-VLV-TCV-212,23
366791,58a0c5ec-573a-4dcc-9a0e-9d96a2f21f89-000598c7,Roofs,,Genérico - 400 mm,Genérico - 400 mm,,,,PP,PP-EXT-LGC-EXTRACCION,PP-EXT-LGC-RECUP GASES,PP-EXT-ABS-ABSOV MINERAL,PP-EXT-BMB-BO24,PP-EXT-CND-CVENT01,PP-EXT-CND-CVENT02,PP-EXT-CDL-CAUDALIM,PP-EXT-ENF-EACMINERAL,PP-EXT-INT-INT02 AC/AC MIN,PP-EXT-INT-INT03 EAC/MINERAL,PP-EXT-STR-STRIPPER,PP-EXT-BMB-BO23,PP-EXT-CLT-CALENT,PP-EXT-VLV-SOV-310 VS08,PP-EXT-VLV-SOV-320 VS09,PP-EXT-VNT-VE02 E,,,,,,,,,,,,,,,,,,,,,,,,,,,,,,,,,,,,,,,,,,,,,,,,,,,,,,,,,,,,,,,,PP > PP-EXT-LGC-EXTRACCION > PP-EXT-LGC-RECUP GASES > PP-EXT-ABS-ABSOV MINERAL > PP-EXT-BMB-BO24 > PP-EXT-CND-CVENT01 > PP-EXT-CND-CVENT02 > PP-EXT-CDL-CAUDALIM > PP-EXT-ENF-EACMINERAL > PP-EXT-INT-INT02 AC/AC MIN > PP-EXT-INT-INT03 EAC/MINERAL > PP-EXT-STR-STRIPPER > PP-EXT-BMB-BO23 > PP-EXT-CLT-CALENT > PP-EXT-VLV-SOV-310 VS08 > PP-EXT-VLV-SOV-320 VS09 > PP-EXT-VNT-VE02 E,17
366859,58a0c5ec-573a-4dcc-9a0e-9d96a2f21f89-0005990b,Roofs,,Genérico - 400 mm,Genérico - 400 mm,,,,PP,PP-EXT-LGC-EXTRACCION,PP-EXT-EXT-EX01 EXTRACTOR,PP-EXT-CIL-SOV-080,PP-EXT-CLT-CALENT,PP-EXT-CND-COND,PP-EXT-FLT-F-AMIAD,PP-EXT-INT-INT01 AC/MIS,PP-EXT-RSC-RO01,PP-EXT-TNQ-TKMISCELAS,PP-EXT-BMB-BO51 E,PP-EXT-VLV-FCV-050,PP-EXT-VLV-LCV-030,PP-EXT-VLV-SOV-031,PP-EXT-VLV-VS07,PP-EXT-SIS-DILUVIO,PP-EXT-VLV-VD01,PP-EXT-VLV-VD02,PP-EXT-VLV-VD03,,,,,,,,,,,,,,,,,,,,,,,,,,,,,,,,,,,,,,,,,,,,,,,,,,,,,,,,,,,,,,PP > PP-EXT-LGC-EXTRACCION > PP-EXT-EXT-EX01 EXTRACTOR > PP-EXT-CIL-SOV-080 > PP-EXT-CLT-CALENT > PP-EXT-CND-COND > PP-EXT-FLT-F-AMIAD > PP-EXT-INT-INT01 AC/MIS > PP-EXT-RSC-RO01 > PP-EXT-TNQ-TKMISCELAS > PP-EXT-BMB-BO51 E > PP-EXT-VLV-FCV-050 > PP-EXT-VLV-LCV-030 > PP-EXT-VLV-SOV-031 > PP-EXT-VLV-VS07 > PP-EXT-SIS-DILUVIO > PP-EXT-VLV-VD01 > PP-EXT-VLV-VD02 > PP-EXT-VLV-VD03,19
366922,58a0c5ec-573a-4dcc-9a0e-9d96a2f21f89-0005994a,Roofs,,Genérico - 400 mm,Genérico - 400 mm,,,PP-EXT-TST-DT01,PP,PP-EXT-LGC-EXTRACCION,PP-EXT-TRM-TRMSOLV,PP-EXT-BMB-BO43,PP-EXT-BMB-BO44,PP-EXT-BMB-BO49 E,PP-EXT-TNQ-DECANTADOR,,,,,,,,,,,,,,,,,,,,,,,,,,,,,,,,,,,,,,,,,,,,,,,,,,,,,,,,,,,,,,,,,,,,,,,,,,PP > PP-EXT-LGC-EXTRACCION > PP-EXT-TRM-TRMSOLV > PP-EXT-BMB-BO43 > PP-EXT-BMB-BO44 > PP-EXT-BMB-BO49 E > PP-EXT-TNQ-DECANTADOR,7
367233,83998b8f-3075-40bb-b815-6060fbf51833-00059a81,Roofs,,Genérico - 400 mm,Genérico - 400 mm,,PP-lecitina,,PP,PP-LCT-LGC-LECITINA,PP_LCT_ESTANDARIZADO,,PP-LCT-LGC-ESTANDARIZADO,PP-LCT-BMB-BE18,PP-LCT-BMB-BE49,PP-LCT-BMB-BE16,PP-LCT-BMB-BE10,PP-LCT-BMB-BE09,PP-LCT-BMB-BE08,PP-LCT-BMB-BE17,PP-LCT-BMB-BE25,PP-LCT-BMB-BE26,PP-LCT-BMB-BE40,PP-LCT-EVP-EV02,PP-LCT-CLT-CL02,PP-LCT-BMB-BE14,PP-LCT-BMB-BE13,PP-LCT-EVP-EV05,PP-LCT-CLT-CL05,PP-LCT-BMB-BE24,PP-LCT-BMB-BE30,PP-LCT-EVP-EV08,PP-LCT-CLT-CL08,PP-LCT-BMB-BE35,PP-LCT-BMB-BE36,PP-LCT-EVP-EV11,PP-LCT-CLT-CL11,PP-LCT-BMB-BE42,PP-LCT-BMB-BE43,PP-LCT-EVP-EV14,PP-LCT-CLT-CL14,PP-LCT-BMB-BE01,PP-LCT-INT-TL10-BFG,PP-LCT-BMB-BA02,PP-LCT-INT-INTBARNOR,PP-LCT-LGC-TORRES ENFRIAMIENTO,PP-LCT-TRR-TE01,PP-LCT-TRR-TE04,PP-LCT-TRR-TE07,PP-LCT-TRR-TE10,PP-LCT-AGT-A422,,,,,,,,,,,,,,,,,,,,,,,,,,,,,,,,,,,,,,PP > PP-LCT-LGC-LECITINA > PP_LCT_ESTANDARIZADO > PP-LCT-LGC-ESTANDARIZADO > PP-LCT-BMB-BE18 > PP-LCT-BMB-BE49 > PP-LCT-BMB-BE16 > PP-LCT-BMB-BE10 > PP-LCT-BMB-BE09 > PP-LCT-BMB-BE08 > PP-LCT-BMB-BE17 > PP-LCT-BMB-BE25 > PP-LCT-BMB-BE26 > PP-LCT-BMB-BE40 > PP-LCT-EVP-EV02 > PP-LCT-CLT-CL02 > PP-LCT-BMB-BE14 > PP-LCT-BMB-BE13 > PP-LCT-EVP-EV05 > PP-LCT-CLT-CL05 > PP-LCT-BMB-BE24 > PP-LCT-BMB-BE30 > PP-LCT-EVP-EV08 > PP-LCT-CLT-CL08 > PP-LCT-BMB-BE35 > PP-LCT-BMB-BE36 > PP-LCT-EVP-EV11 > PP-LCT-CLT-CL11 > PP-LCT-BMB-BE42 > PP-LCT-BMB-BE43 > PP-LCT-EVP-EV14 > PP-LCT-CLT-CL14 > PP-LCT-BMB-BE01 > PP-LCT-INT-TL10-BFG > PP-LCT-BMB-BA02 > PP-LCT-INT-INTBARNOR > PP-LCT-LGC-TORRES ENFRIAMIENTO > PP-LCT-TRR-TE01 > PP-LCT-TRR-TE04 > PP-LCT-TRR-TE07 > PP-LCT-TRR-TE10 > PP-LCT-AGT-A422,42
367512,83998b8f-3075-40bb-b815-6060fbf51833-00059b98,Roofs,,Genérico - 400 mm,Genérico - 400 mm,,PP-lecitina,,PP,PP-LCT-LGC-LECITINA,PP_LCT_EVAPORADORES,,PP-LCT-BMB-BE06,PP-LCT-BMB-BE19,PP-LCT-TNQ-TK01,PP-LCT-TNQ-TK02,PP-LCT-TNQ-TK03 GOM HUM,PP-LCT-TNQ-TK04,PP-LCT-TNQ-TK05,PP-LCT-TNQ-TK10,PP-LCT-TNQ-TK11,PP-LCT-LGC-EVAPORADORES,PP-LCT-BMB-BE45,PP-LCT-BMB-BE02,PP-LCT-EVP-EV03,PP-LCT-CLT-CL03,PP-LCT-BMB-BE15,PP-LCT-BMB-BE21,PP-LCT-EVP-EV06,PP-LCT-CLT-CL06,PP-LCT-BMB-BE31,PP-LCT-BMB-BE32,PP-LCT-EVP-EV09,PP-LCT-CLT-CL09,PP-LCT-BMB-BE37,PP-LCT-BMB-BE38,PP-LCT-EVP-EV12,PP-LCT-CLT-CL12,PP-LCT-BMB-BE44,PP-LCT-BMB-BE46,PP-LCT-INT-NT100X,PP-LCT-BMB-BE03,PP-LCT-LGC-PILETA BAROMETRICA,PP-LCT-BMB-BA07,PP-LCT-INT-INTBARSUR,PP-LCT-BMB-BA03,PP-LCT-TRR-TE02,PP-LCT-TRR-TE05,PP-LCT-TRR-TE08,PP-LCT-LGC-VOTATOR,PP-LCT-BMB-BE05,,,,,,,,,,,,,,,,,,,,,,,,,,,,,,,,,,,,,,PP > PP-LCT-LGC-LECITINA > PP_LCT_EVAPORADORES > PP-LCT-BMB-BE06 > PP-LCT-BMB-BE19 > PP-LCT-TNQ-TK01 > PP-LCT-TNQ-TK02 > PP-LCT-TNQ-TK03 GOM HUM > PP-LCT-TNQ-TK04 > PP-LCT-TNQ-TK05 > PP-LCT-TNQ-TK10 > PP-LCT-TNQ-TK11 > PP-LCT-LGC-EVAPORADORES > PP-LCT-BMB-BE45 > PP-LCT-BMB-BE02 > PP-LCT-EVP-EV03 > PP-LCT-CLT-CL03 > PP-LCT-BMB-BE15 > PP-LCT-BMB-BE21 > PP-LCT-EVP-EV06 > PP-LCT-CLT-CL06 > PP-LCT-BMB-BE31 > PP-LCT-BMB-BE32 > PP-LCT-EVP-EV09 > PP-LCT-CLT-CL09 > PP-LCT-BMB-BE37 > PP-LCT-BMB-BE38 > PP-LCT-EVP-EV12 > PP-LCT-CLT-CL12 > PP-LCT-BMB-BE44 > PP-LCT-BMB-BE46 > PP-LCT-INT-NT100X > PP-LCT-BMB-BE03 > PP-LCT-LGC-PILETA BAROMETRICA > PP-LCT-BMB-BA07 > PP-LCT-INT-INTBARSUR > PP-LCT-BMB-BA03 > PP-LCT-TRR-TE02 > PP-LCT-TRR-TE05 > PP-LCT-TRR-TE08 > PP-LCT-LGC-VOTATOR > PP-LCT-BMB-BE05,42
367888,460ebebf-e4ee-449a-900c-ab33de4c697f-00059d10,Roofs,,Genérico - 400 mm,Genérico - 400 mm,,divi,P10-HRN-ENF-EG01,P10,P10-HRN-LGC-HARINA,P10-HRN-ENF-EG01,P10-HRN-RSC-EGSF01,P10-HRN-RSC-EGSF02,P10-HRN-RSC-EGSF03,P10-HRN-RSC-EGSF04,P10-HRN-VNT-VE27,P10-HRN-CCL-CVE27,P10-HRN-VLV-VR20,P10-HRN-VNT-VE28,P10-HRN-CCL-CVE28,P10-HRN-VLV-VR21,P10-HRN-VNT-VE29,P10-HRN-CCL-CVE29,P10-HRN-VLV-VR22,P10-HRN-VNT-VE30,P10-HRN-CCL-CVE30,P10-HRN-VLV-VR23,P10-HRN-VNT-VE31,P10-HRN-CCL-CVE31,P10-HRN-VLV-VR24,P10-HRN-VNT-VE32,P10-HRN-CCL-CVE32,P10-HRN-VLV-VR25,P10-HRN-VNT-VE33,P10-HRN-CCL-CVE33,P10-HRN-VLV-VR26,P10-HRN-VNT-VE34,P10-HRN-CCL-CVE34,P10-HRN-VLV-VR27,,,,,,,,,,,,,,,,,,,,,,,,,,,,,,,,,,,,,,,,,,,,,,,,,,P10 > P10-HRN-LGC-HARINA > P10-HRN-ENF-EG01 > P10-HRN-RSC-EGSF01 > P10-HRN-RSC-EGSF02 > P10-HRN-RSC-EGSF03 > P10-HRN-RSC-EGSF04 > P10-HRN-VNT-VE27 > P10-HRN-CCL-CVE27 > P10-HRN-VLV-VR20 > P10-HRN-VNT-VE28 > P10-HRN-CCL-CVE28 > P10-HRN-VLV-VR21 > P10-HRN-VNT-VE29 > P10-HRN-CCL-CVE29 > P10-HRN-VLV-VR22 > P10-HRN-VNT-VE30 > P10-HRN-CCL-CVE30 > P10-HRN-VLV-VR23 > P10-HRN-VNT-VE31 > P10-HRN-CCL-CVE31 > P10-HRN-VLV-VR24 > P10-HRN-VNT-VE32 > P10-HRN-CCL-CVE32 > P10-HRN-VLV-VR25 > P10-HRN-VNT-VE33 > P10-HRN-CCL-CVE33 > P10-HRN-VLV-VR26 > P10-HRN-VNT-VE34 > P10-HRN-CCL-CVE34 > P10-HRN-VLV-VR27,31
369188,460ebebf-e4ee-449a-900c-ab33de4c697f-0005a224,Roofs,,Genérico - 400 mm,Genérico - 400 mm,,,,P10,P10-PRP-LGC-PREPARACION,P10-PRP-LGC-BEAN HEATER,P10-PRP-BHT-BH03,P10-PRP-ART-BHART03,P10-PRP-BSC-BHD03 (BASC),P10-PRP-VLV-BHA03,P10-PRP-VLV-VSBH03,P10-PRP-VLV-VGBH03N,P10-PRP-VLV-VGBH03S,P10-PRP-VNT-VE07,P10-PRP-CCL-CVE07,P10-PRP-VLV-VR07,,,,,,,,,,,,,,,,,,,,,,,,,,,,,,,,,,,,,,,,,,,,,,,,,,,,,,,,,,,,,,,,,,,,P10 > P10-PRP-LGC-PREPARACION > P10-PRP-LGC-BEAN HEATER > P10-PRP-BHT-BH03 > P10-PRP-ART-BHART03 > P10-PRP-BSC-BHD03 (BASC) > P10-PRP-VLV-BHA03 > P10-PRP-VLV-VSBH03 > P10-PRP-VLV-VGBH03N > P10-PRP-VLV-VGBH03S > P10-PRP-VNT-VE07 > P10-PRP-CCL-CVE07 > P10-PRP-VLV-VR07,13
370890,c0e94eee-2efb-4074-b595-adbb9aa5b956-0005a8ca,Generic Models,Generic Models 10,Generic Models 10,Generic Models 10,,,TE-EMB-PSC-P1,TE,TE-EMB-LGC-SECTOR EMBARQUE,TE-EMB-LGC-PESCANTES,TE-EMB-PSC-P1,TE-EMB-CCM-CCMP1,TE-EMB-CHD-CENT,TE-EMB-CHD-CUCHARA,TE-EMB-CIL-CHPP1,TE-EMB-CNT-TB1,TE-EMB-PIL-PILA,TE-EMB-TTL-TUBO,,,,,,,,,,,,,,,,,,,,,,,,,,,,,,,,,,,,,,,,,,,,,,,,,,,,,,,,,,,,,,,,,,,,,,TE > TE-EMB-LGC-SECTOR EMBARQUE > TE-EMB-LGC-PESCANTES > TE-EMB-PSC-P1 > TE-EMB-CCM-CCMP1 > TE-EMB-CHD-CENT > TE-EMB-CHD-CUCHARA > TE-EMB-CIL-CHPP1 > TE-EMB-CNT-TB1 > TE-EMB-PIL-PILA > TE-EMB-TTL-TUBO,11
372532,c0e94eee-2efb-4074-b595-adbb9aa5b956-0005af34,Generic Models,Generic Models 11,Generic Models 10,Generic Models 10,,,TE-EMB-PSC-P2,TE,TE-EMB-LGC-SECTOR EMBARQUE,TE-EMB-LGC-PESCANTES,TE-EMB-PSC-P2,TE-EMB-CCM-CCMP1INF,TE-EMB-CIL-CHPP2,TE-EMB-CNT-TB2,,,,,,,,,,,,,,,,,,,,,,,,,,,,,,,,,,,,,,,,,,,,,,,,,,,,,,,,,,,,,,,,,,,,,,,,,,TE > TE-EMB-LGC-SECTOR EMBARQUE > TE-EMB-LGC-PESCANTES > TE-EMB-PSC-P2 > TE-EMB-CCM-CCMP1INF > TE-EMB-CIL-CHPP2 > TE-EMB-CNT-TB2,7
372571,c0e94eee-2efb-4074-b595-adbb9aa5b956-0005af5b,Generic Models,Generic Models 12,Generic Models 10,Generic Models 10,,,TE-EMB-PSC-P3,TE,TE-EMB-LGC-SECTOR EMBARQUE,TE-EMB-LGC-PESCANTES,TE-EMB-PSC-P3,TE-EMB-CCM-CCMP2,TE-EMB-CIL-CHPP3,TE-EMB-CNT-TB3,,,,,,,,,,,,,,,,,,,,,,,,,,,,,,,,,,,,,,,,,,,,,,,,,,,,,,,,,,,,,,,,,,,,,,,,,,TE > TE-EMB-LGC-SECTOR EMBARQUE > TE-EMB-LGC-PESCANTES > TE-EMB-PSC-P3 > TE-EMB-CCM-CCMP2 > TE-EMB-CIL-CHPP3 > TE-EMB-CNT-TB3,7
373139,c0e94eee-2efb-4074-b595-adbb9aa5b956-0005b193,Generic Models,Generic Models 13,Generic Models 13,Generic Models 13,,,,TE,TE-EMB-LGC-SECTOR EMBARQUE,TE-EMB-LGC-CINTAS EMBARQUE,,TE-EMB-CCM-CCMP3,TE-EMB-CNT-CE1,TE-EMB-VLV-RNCE1,TE-EMB-CNT-CE2,TE-EMB-VLV-RNCE2,TE-EMB-CNT-CE3,TE-EMB-CNT-CE4,TE-EMB-VLV-RNCE4,TE-EMB-CNT-CE5,TE-EMB-VLV-RNCE5,TE-EMB-GLR-GCE,,,,,,,,,,,,,,,,,,,,,,,,,,,,,,,,,,,,,,,,,,,,,,,,,,,,,,,,,,,,,,,,,,TE > TE-EMB-LGC-SECTOR EMBARQUE > TE-EMB-LGC-CINTAS EMBARQUE > TE-EMB-CCM-CCMP3 > TE-EMB-CNT-CE1 > TE-EMB-VLV-RNCE1 > TE-EMB-CNT-CE2 > TE-EMB-VLV-RNCE2 > TE-EMB-CNT-CE3 > TE-EMB-CNT-CE4 > TE-EMB-VLV-RNCE4 > TE-EMB-CNT-CE5 > TE-EMB-VLV-RNCE5 > TE-EMB-GLR-GCE,14
373369,1dd9711a-59af-4c3f-8b41-17903a787e86-0005b279,Generic Models,puert7,puert,puert,,,,TE,TE-TDM-LGC-TORRE DE MANIPULEO,TE-TE6-LGC-TORRE EL6,,TE-TDM-BMB-BATM1,TE-TDM-PUL-AIRE3,TE-TDM-VNT-VFMTDM,TE-TDM-VLV-VBPB2,TE-TDM-CMP-TM,TE-TDM-LGC-SIRENAS TDM,TE-TDM-VLV-P72,TE-TE6-FLT-FMEL9,TE-TE6-RSC-RFMEL9,TE-TE6-FLT-CFINOS PREPA-OSL,TE-TE6-VLV-VRFMEL9,TE-TE6-VNT-VPFMEL9,TE-TE6-NOR-EL6,TE-TE6-VLV-VG21,TE-TE6-VLV-VG23,TE-TE6-VLV-VG25,TE-TE6-VLV-VG28,TE-TE6-NOR-EL9,TE-TE6-VLV-VG13,TE-TE6-VLV-VG15,TE-TE6-VLV-VG27,,,,,,,,,,,,,,,,,,,,,,,,,,,,,,,,,,,,,,,,,,,,,,,,,,,,,,,,TE > TE-TDM-LGC-TORRE DE MANIPULEO > TE-TE6-LGC-TORRE EL6 > TE-TDM-BMB-BATM1 > TE-TDM-PUL-AIRE3 > TE-TDM-VNT-VFMTDM > TE-TDM-VLV-VBPB2 > TE-TDM-CMP-TM > TE-TDM-LGC-SIRENAS TDM > TE-TDM-VLV-P72 > TE-TE6-FLT-FMEL9 > TE-TE6-RSC-RFMEL9 > TE-TE6-FLT-CFINOS PREPA-OSL > TE-TE6-VLV-VRFMEL9 > TE-TE6-VNT-VPFMEL9 > TE-TE6-NOR-EL6 > TE-TE6-VLV-VG21 > TE-TE6-VLV-VG23 > TE-TE6-VLV-VG25 > TE-TE6-VLV-VG28 > TE-TE6-NOR-EL9 > TE-TE6-VLV-VG13 > TE-TE6-VLV-VG15 > TE-TE6-VLV-VG27,24
373540,1dd9711a-59af-4c3f-8b41-17903a787e86-0005b324,Generic Models,Silodiario harina,Silodiario harina,Silodiario harina,,,,P10,P10-PRL-LGC-PRELIMPIEZA,P10-PRL-LGC-SILOS,P10-PRL-SLO-SLO1 DIARIO,P10-PRL-VLV-VG04,P10-PRL-VLV-VG05,P10-PRL-VLV-VN1A,P10-PRL-VLV-VN1B,,,,,,,,,,,,,,,,,,,,,,,,,,,,,,,,,,,,,,,,,,,,,,,,,,,,,,,,,,,,,,,,,,,,,,,,,P10 > P10-PRL-LGC-PRELIMPIEZA > P10-PRL-LGC-SILOS > P10-PRL-SLO-SLO1 DIARIO > P10-PRL-VLV-VG04 > P10-PRL-VLV-VG05 > P10-PRL-VLV-VN1A > P10-PRL-VLV-VN1B,8
373591,1dd9711a-59af-4c3f-8b41-17903a787e86-0005b357,Generic Models,Silodiario harina1,Silodiario harina,Silodiario harina,,,,P10,P10-PRL-LGC-PRELIMPIEZA,P10-PRL-LGC-SILOS,P10-PRL-SLO-SLO2 DIARIO,P10-PRL-VLV-VG06,P10-PRL-VLV-VG07,P10-PRL-VLV-VN2A,P10-PRL-VLV-VN2B,,,,,,,,,,,,,,,,,,,,,,,,,,,,,,,,,,,,,,,,,,,,,,,,,,,,,,,,,,,,,,,,,,,,,,,,,P10 > P10-PRL-LGC-PRELIMPIEZA > P10-PRL-LGC-SILOS > P10-PRL-SLO-SLO2 DIARIO > P10-PRL-VLV-VG06 > P10-PRL-VLV-VG07 > P10-PRL-VLV-VN2A > P10-PRL-VLV-VN2B,8
374208,1dd9711a-59af-4c3f-8b41-17903a787e86-0005b5c0,Generic Models,Generic Models 14,Generic Models 1,Generic Models 1,,,TE-TDM-CNT-C05,TE,TE-TDM-LGC-TORRE DE MANIPULEO,TE-TDM-LGC-GALERIA C01/C05,TE-TDM-CNT-C05,TE-TDM-VLV-Q01,TE-TDM-VLV-Q02,TE-TDM-VLV-Q03,TE-TDM-VLV-Q04,TE-TDM-VLV-Q05,TE-TDM-VLV-Q06,TE-TDM-CNT-SACAMMETALES,TE-TDM-BMB-BATM2,TE-TDM-FLT-FMTDM,TE-TDM-LGC-BALANZAS EMBARQUE,TE-TDM-VLV-ABE3,TE-TDM-AIR-AIRTM0-2,TE-TDM-SRN-SIR,TE-TDM-VLV-P81,,,,,,,,,,,,,,,,,,,,,,,,,,,,,,,,,,,,,,,,,,,,,,,,,,,,,,,,,,,,,,,TE > TE-TDM-LGC-TORRE DE MANIPULEO > TE-TDM-LGC-GALERIA C01/C05 > TE-TDM-CNT-C05 > TE-TDM-VLV-Q01 > TE-TDM-VLV-Q02 > TE-TDM-VLV-Q03 > TE-TDM-VLV-Q04 > TE-TDM-VLV-Q05 > TE-TDM-VLV-Q06 > TE-TDM-CNT-SACAMMETALES > TE-TDM-BMB-BATM2 > TE-TDM-FLT-FMTDM > TE-TDM-LGC-BALANZAS EMBARQUE > TE-TDM-VLV-ABE3 > TE-TDM-AIR-AIRTM0-2 > TE-TDM-SRN-SIR > TE-TDM-VLV-P81,18
374459,1dd9711a-59af-4c3f-8b41-17903a787e86-0005b6bb,Generic Models,puert8,puert,puert,,,TE-TDM-LGC-ELEVADORES,TE,TE-TDM-LGC-TORRE DE MANIPULEO,TE-TDM-ASC-ASCENSOR 1,,,,,,,,,,,,,,,,,,,,,,,,,,,,,,,,,,,,,,,,,,,,,,,,,,,,,,,,,,,,,,,,,,,,,,,,,,,,,,TE > TE-TDM-LGC-TORRE DE MANIPULEO > TE-TDM-ASC-ASCENSOR 1,3
374802,1dd9711a-59af-4c3f-8b41-17903a787e86-0005b812,Generic Models,puert9,puert,puert,,,,TE,TE-TDM-LGC-TORRE DE MANIPULEO,TE-TDM-LGC-PENDULARES TDM,,TE-TDM-BMB-BDPO,TE-TDM-BMB-BSFMTDM-2,TE-EMB-VLV-VPBE1,TE-TDM-VLV-P21,TE-TDM-CCM-CCMP2,TE-TDM-PND-PEN1,TE-TDM-PND-PEN2,TE-TDM-PND-PEN3,TE-TDM-VLV-AP,TE-TDM-VLV-P51,TE-TDM-MLC-FOSOTDM,,,,,,,,,,,,,,,,,,,,,,,,,,,,,,,,,,,,,,,,,,,,,,,,,,,,,,,,,,,,,,,,,,TE > TE-TDM-LGC-TORRE DE MANIPULEO > TE-TDM-LGC-PENDULARES TDM > TE-TDM-BMB-BDPO > TE-TDM-BMB-BSFMTDM-2 > TE-EMB-VLV-VPBE1 > TE-TDM-VLV-P21 > TE-TDM-CCM-CCMP2 > TE-TDM-PND-PEN1 > TE-TDM-PND-PEN2 > TE-TDM-PND-PEN3 > TE-TDM-VLV-AP > TE-TDM-VLV-P51 > TE-TDM-MLC-FOSOTDM,14
375014,8accc226-fd17-4cff-b8d4-a22c3cd8ef0a-0005b8e6,Generic Models,puert10,puert,puert,,,TE-TDM-LGC-CINTAS TRANSFERENCI,TE,TE-TDM-LGC-TORRE DE MANIPULEO,TE-TDM-LGC-CCM TDM,TE-TDM-CCM-CCMP0,TE-TDM-AIR-AIRTM0-1,TE-TDM-CMP-TM,TE-TDM-AIR-AIRTM0-2,TE-TDM-GNR-GENERADOR GEP2183,TE-TDM-CCM-CCMP2,TE-TDM-AIR-AIRTM2-1,TE-TDM-AIR-AIRTM2-2,TE-TDM-INCENDIO,TE-TDM-LGC-BANCO DE CAPACITORE,TE-TDM-LGC-SIRENAS TDM,TE-TDM-SRN-SIR,,,,,,,,,,,,,,,,,,,,,,,,,,,,,,,,,,,,,,,,,,,,,,,,,,,,,,,,,,,,,,,,,,TE > TE-TDM-LGC-TORRE DE MANIPULEO > TE-TDM-LGC-CCM TDM > TE-TDM-CCM-CCMP0 > TE-TDM-AIR-AIRTM0-1 > TE-TDM-CMP-TM > TE-TDM-AIR-AIRTM0-2 > TE-TDM-GNR-GENERADOR GEP2183 > TE-TDM-CCM-CCMP2 > TE-TDM-AIR-AIRTM2-1 > TE-TDM-AIR-AIRTM2-2 > TE-TDM-INCENDIO > TE-TDM-LGC-BANCO DE CAPACITORE > TE-TDM-LGC-SIRENAS TDM > TE-TDM-SRN-SIR,15
376778,8accc226-fd17-4cff-b8d4-a22c3cd8ef0a-0005bfca,Roofs,,Genérico - 400 mm,Genérico - 400 mm,,dividir e ¿n 8 sectores,TE-SCD-LGC-REDLER SECADORA,TE,TE-SCD-LGC-SECTOR SECADORA,TE-SEC-NOR-EL7,TE-SEC-VLV-V3,TE-SEC-VLV-V4,TE-SEC-NOR-EL8,,,,,,,,,,,,,,,,,,,,,,,,,,,,,,,,,,,,,,,,,,,,,,,,,,,,,,,,,,,,,,,,,,,,,,,,,,,TE > TE-SCD-LGC-SECTOR SECADORA > TE-SEC-NOR-EL7 > TE-SEC-VLV-V3 > TE-SEC-VLV-V4 > TE-SEC-NOR-EL8,6
376800,8accc226-fd17-4cff-b8d4-a22c3cd8ef0a-0005bfe0,Roofs,,Genérico - 400 mm,Genérico - 400 mm,,dividir e ¿n 8 sectores,TE-SEC-NOR-EL7,TE,TE-SCD-LGC-SECTOR SECADORA,TE-SCD-FLT-FMAMAP,TE-SCD-VLV-VRFMAMAP,TE-SCD-VNT-VLFMAMAP,,,,,,,,,,,,,,,,,,,,,,,,,,,,,,,,,,,,,,,,,,,,,,,,,,,,,,,,,,,,,,,,,,,,,,,,,,,,TE > TE-SCD-LGC-SECTOR SECADORA > TE-SCD-FLT-FMAMAP > TE-SCD-VLV-VRFMAMAP > TE-SCD-VNT-VLFMAMAP,5
376826,8accc226-fd17-4cff-b8d4-a22c3cd8ef0a-0005bffa,Roofs,,Genérico - 400 mm,Genérico - 400 mm,,dividir e ¿n 8 sectores,,TE,TE-SCD-LGC-SECTOR SECADORA,TE-SCD-LGC-QUEMADORES,TE-SEC-QMD-QM01,TE-SEC-QMD-QM02,TE-SEC-QMD-QM03,TE-SEC-QMD-QM04,TE-SEC-QMD-QM05,TE-SEC-QMD-QM06,TE-SCD-LGC-VENTIL AIRE CALIENT,TE-SEC-VNT-VE01 AIRE CAL,TE-SEC-VNT-VE02 AIRE CAL,TE-SEC-VNT-VE03 AIRE CAL,TE-SEC-VNT-VE04 AIRE CAL,TE-SEC-VNT-VE05 AIRE CAL,,,,,,,,,,,,,,,,,,,,,,,,,,,,,,,,,,,,,,,,,,,,,,,,,,,,,,,,,,,,,,,,,,TE > TE-SCD-LGC-SECTOR SECADORA > TE-SCD-LGC-QUEMADORES > TE-SEC-QMD-QM01 > TE-SEC-QMD-QM02 > TE-SEC-QMD-QM03 > TE-SEC-QMD-QM04 > TE-SEC-QMD-QM05 > TE-SEC-QMD-QM06 > TE-SCD-LGC-VENTIL AIRE CALIENT > TE-SEC-VNT-VE01 AIRE CAL > TE-SEC-VNT-VE02 AIRE CAL > TE-SEC-VNT-VE03 AIRE CAL > TE-SEC-VNT-VE04 AIRE CAL > TE-SEC-VNT-VE05 AIRE CAL,15
376896,8accc226-fd17-4cff-b8d4-a22c3cd8ef0a-0005c040,Roofs,,Genérico - 400 mm,Genérico - 400 mm,,,,PP,PP-HRN-LGC-HARINA,PP-HRN-LGC-NORIAS,PP-HRN-NOR-N03,PP-HRN-NOR-N04,,,,,,,,,,,,,,,,,,,,,,,,,,,,,,,,,,,,,,,,,,,,,,,,,,,,,,,,,,,,,,,,,,,,,,,,,,,,PP > PP-HRN-LGC-HARINA > PP-HRN-LGC-NORIAS > PP-HRN-NOR-N03 > PP-HRN-NOR-N04,5
376995,8accc226-fd17-4cff-b8d4-a22c3cd8ef0a-0005c0a3,Roofs,,Genérico - 400 mm,Genérico - 400 mm,,,,P10,P10-PRP-LGC-PREPARACION,P10-PRP-LGC-REDLER,,,,,,,,,,,,,,,,,,,,,,,,,,,,,,,,,,,,,,,,,,,,,,,,,,,,,,,,,,,,,,,,,,,,,,,,,,,,,,P10 > P10-PRP-LGC-PREPARACION > P10-PRP-LGC-REDLER,3
377104,8accc226-fd17-4cff-b8d4-a22c3cd8ef0a-0005c110,Roofs,,Genérico - 400 mm,Genérico - 400 mm,,,,P10,P10-HRN-LGC-HARINA,P10-HRN-LGC-REDLER,P10-HRN-RDL-R23,P10-HRN-RDL-R24,P10-HRN-RDL-R25,P10-HRN-RSC-SF26,P10-HRN-RDL-R26,P10-HRN-RDL-R27,P10-HRN-RDL-R28,P10-HRN-RDL-R29,P10-HRN-RDL-R30,P10-HRN-RDL-R31,P10-HRN-RDL-R32,,,,,,,,,,,,,,,,,,,,,,,,,,,,,,,,,,,,,,,,,,,,,,,,,,,,,,,,,,,,,,,,,,,P10 > P10-HRN-LGC-HARINA > P10-HRN-LGC-REDLER > P10-HRN-RDL-R23 > P10-HRN-RDL-R24 > P10-HRN-RDL-R25 > P10-HRN-RSC-SF26 > P10-HRN-RDL-R26 > P10-HRN-RDL-R27 > P10-HRN-RDL-R28 > P10-HRN-RDL-R29 > P10-HRN-RDL-R30 > P10-HRN-RDL-R31 > P10-HRN-RDL-R32,14
377635,c5ee6896-39ff-4562-be63-4682b50c65ca-0005c323,Generic Models,puert11,puert,puert,,,,P10,P10-HRN-LGC-HARINA,P10-HRN-FLT-FMHRN,P10-HRN-BRL-BRL3,P10-HRN-RSC-HSF01,P10-HRN-VLV-VR32,P10-HRN-VNT-VE64,P10-HRN-VNT-VE65,,,,,,,,,,,,,,,,,,,,,,,,,,,,,,,,,,,,,,,,,,,,,,,,,,,,,,,,,,,,,,,,,,,,,,,,,P10 > P10-HRN-LGC-HARINA > P10-HRN-FLT-FMHRN > P10-HRN-BRL-BRL3 > P10-HRN-RSC-HSF01 > P10-HRN-VLV-VR32 > P10-HRN-VNT-VE64 > P10-HRN-VNT-VE65,8
377655,c5ee6896-39ff-4562-be63-4682b50c65ca-0005c337,Generic Models,puert12,puert,puert,,,P10-PRL-ACS-TPRL,P10,P10-PRL-LGC-PRELIMPIEZA,P10-PRL-ACS-TPRL,,,,,,,,,,,,,,,,,,,,,,,,,,,,,,,,,,,,,,,,,,,,,,,,,,,,,,,,,,,,,,,,,,,,,,,,,,,,,,P10 > P10-PRL-LGC-PRELIMPIEZA > P10-PRL-ACS-TPRL,3
377972,c5ee6896-39ff-4562-be63-4682b50c65ca-0005c474,Roofs,,Genérico - 400 mm,Genérico - 400 mm,,,,P10,P10-GRL-LGC-EQUIPOS SEGURIDAD,P10-SRA-BMB-BO70,P10-SRA-BMB-JOCKEY,P10-SRA-BMB-BOIN,P10-SRA-MTD-MDBOIN,P10-SRA-SLA-SALA BOIN,P10-SRA-VLV-VSBOIN,P10-GRL-SRN-SIRPRP,P10-SRA-TNQ-TKRED,P10-SRA-BMB-DOSIF APL,,,,,,,,,,,,,,,,,,,,,,,,,,,,,,,,,,,,,,,,,,,,,,,,,,,,,,,,,,,,,,,,,,,,,,P10 > P10-GRL-LGC-EQUIPOS SEGURIDAD > P10-SRA-BMB-BO70 > P10-SRA-BMB-JOCKEY > P10-SRA-BMB-BOIN > P10-SRA-MTD-MDBOIN > P10-SRA-SLA-SALA BOIN > P10-SRA-VLV-VSBOIN > P10-GRL-SRN-SIRPRP > P10-SRA-TNQ-TKRED > P10-SRA-BMB-DOSIF APL,11
378146,ddbef6d8-5146-4ece-9a6f-82caaca14519-0005c522,Roofs,,Genérico - 400 mm,Genérico - 400 mm,,,P10-DSC-LGC-ZARANDAS,P10,P10-DSC-LGC-DESCASCARADO,P10-DSC-LGC-ZARANDAS,P10-DSC-RSC-SF07,P10-DSC-RSC-SF06,P10-DSC-RSC-SF23,P10-DSC-RSC-SF21,P10-DSC-RSC-SF22,P10-DSC-RSC-SF24,P10-DSC-ZRN-Z01,P10-DSC-ZRN-Z02,P10-DSC-ZRN-Z03,P10-DSC-ZRN-Z04,P10-DSC-ZRN-Z05,P10-DSC-ZRN-Z06,,,,,,,,,,,,,,,,,,,,,,,,,,,,,,,,,,,,,,,,,,,,,,,,,,,,,,,,,,,,,,,,,,P10 > P10-DSC-LGC-DESCASCARADO > P10-DSC-LGC-ZARANDAS > P10-DSC-RSC-SF07 > P10-DSC-RSC-SF06 > P10-DSC-RSC-SF23 > P10-DSC-RSC-SF21 > P10-DSC-RSC-SF22 > P10-DSC-RSC-SF24 > P10-DSC-ZRN-Z01 > P10-DSC-ZRN-Z02 > P10-DSC-ZRN-Z03 > P10-DSC-ZRN-Z04 > P10-DSC-ZRN-Z05 > P10-DSC-ZRN-Z06,15
378268,ddbef6d8-5146-4ece-9a6f-82caaca14519-0005c59c,Roofs,,Genérico - 400 mm,Genérico - 400 mm,,,P10-DSC-LGC-QUEBRADORES,P10,P10-DSC-LGC-DESCASCARADO,P10-DSC-LGC-QUEBRADORES,P10-DSC-QBR-Q11,P10-DSC-QBR-QA11,P10-DSC-QBR-Q12,P10-DSC-QBR-QA12,P10-DSC-QBR-Q13,P10-DSC-QBR-QA13,P10-DSC-QBR-Q14,P10-DSC-QBR-QA14,P10-DSC-QBR-Q15,P10-DSC-QBR-QA15,P10-DSC-QBR-Q16,P10-DSC-QBR-QA16,P10-DSC-QBR-Q17,P10-DSC-QBR-QA17,P10-DSC-QBR-Q18,P10-DSC-QBR-QA18,,,,,,,,,,,,,,,,,,,,,,,,,,,,,,,,,,,,,,,,,,,,,,,,,,,,,,,,,,,,,,P10 > P10-DSC-LGC-DESCASCARADO > P10-DSC-LGC-QUEBRADORES > P10-DSC-QBR-Q11 > P10-DSC-QBR-QA11 > P10-DSC-QBR-Q12 > P10-DSC-QBR-QA12 > P10-DSC-QBR-Q13 > P10-DSC-QBR-QA13 > P10-DSC-QBR-Q14 > P10-DSC-QBR-QA14 > P10-DSC-QBR-Q15 > P10-DSC-QBR-QA15 > P10-DSC-QBR-Q16 > P10-DSC-QBR-QA16 > P10-DSC-QBR-Q17 > P10-DSC-QBR-QA17 > P10-DSC-QBR-Q18 > P10-DSC-QBR-QA18,19
378308,ddbef6d8-5146-4ece-9a6f-82caaca14519-0005c5c4,Roofs,,Genérico - 400 mm,Genérico - 400 mm,,,,P10,P10-DSC-LGC-DESCASCARADO,P10-DSC-LGC-CONJUNTO CCD 1RA,P10-DSC-ART-ARTVE68-69,P10-DSC-VNT-VE68,P10-DSC-CCL-CVE68,P10-DSC-VLV-VR68,P10-DSC-VNT-VE69,P10-DSC-CCL-CVE69,P10-DSC-VLV-VR69,P10-DSC-CCC-CCC01,P10-DSC-CCC-CCC02,P10-DSC-CCC-CCC03,P10-DSC-CCC-CCC04,P10-DSC-CCC-CCC06,P10-DSC-CCC-CCC07,P10-DSC-CCC-CCC08,P10-DSC-CCC-CCC09,P10-DSC-CCC-CCC11,P10-DSC-CCC-CCC12,P10-DSC-CCC-CCC13,P10-DSC-CCC-CCC14,P10-DSC-CCC-CCC15,P10-DSC-CCC-CCC16,P10-DSC-CCC-CCC17,P10-DSC-CCC-CCC18,,,,,,,,,,,,,,,,,,,,,,,,,,,,,,,,,,,,,,,,,,,,,,,,,,,,,,,P10 > P10-DSC-LGC-DESCASCARADO > P10-DSC-LGC-CONJUNTO CCD 1RA > P10-DSC-ART-ARTVE68-69 > P10-DSC-VNT-VE68 > P10-DSC-CCL-CVE68 > P10-DSC-VLV-VR68 > P10-DSC-VNT-VE69 > P10-DSC-CCL-CVE69 > P10-DSC-VLV-VR69 > P10-DSC-CCC-CCC01 > P10-DSC-CCC-CCC02 > P10-DSC-CCC-CCC03 > P10-DSC-CCC-CCC04 > P10-DSC-CCC-CCC06 > P10-DSC-CCC-CCC07 > P10-DSC-CCC-CCC08 > P10-DSC-CCC-CCC09 > P10-DSC-CCC-CCC11 > P10-DSC-CCC-CCC12 > P10-DSC-CCC-CCC13 > P10-DSC-CCC-CCC14 > P10-DSC-CCC-CCC15 > P10-DSC-CCC-CCC16 > P10-DSC-CCC-CCC17 > P10-DSC-CCC-CCC18,26
378434,ddbef6d8-5146-4ece-9a6f-82caaca14519-0005c642,Roofs,,Genérico - 400 mm,Genérico - 400 mm,,,,P10,P10-DSC-LGC-DESCASCARADO,P10-DSC-LGC-CONJUNTO CCC 2DA,P10-DSC-ART-ARTVE12,P10-DSC-ART-ARTVE13,P10-DSC-VNT-VE12,P10-DSC-CCL-CVE12,P10-DSC-VLV-VR12,P10-DSC-VNT-VE13,P10-DSC-CCL-CVE13,P10-DSC-VLV-VR13,,,,,,,,,,,,,,,,,,,,,,,,,,,,,,,,,,,,,,,,,,,,,,,,,,,,,,,,,,,,,,,,,,,,,,P10 > P10-DSC-LGC-DESCASCARADO > P10-DSC-LGC-CONJUNTO CCC 2DA > P10-DSC-ART-ARTVE12 > P10-DSC-ART-ARTVE13 > P10-DSC-VNT-VE12 > P10-DSC-CCL-CVE12 > P10-DSC-VLV-VR12 > P10-DSC-VNT-VE13 > P10-DSC-CCL-CVE13 > P10-DSC-VLV-VR13,11
378523,ddbef6d8-5146-4ece-9a6f-82caaca14519-0005c69b,Roofs,,Genérico - 400 mm,Genérico - 400 mm,,,P10-GRL-LGC-CCM,P10,P10-GRL-LGC-CCM,P10-CCM-CCM-CLD,P10-CCM-AIR-AIRCLD 2,P10-CCM-CMP-AC CLD-20-3,P10-CCM-CCM-PELL,P10-CCM-AIR-AIREXT 2,P10-CCM-CCM-PRP,P10-CCM-AIR-AIRPRP 2,P10-CCM-CMP-AC CLD-20-4,P10-CCM-CMP-AC CLD-20-1,P10-CCM-CMP-AC CLD-20-2,P10-CCM-CMP-AC EXT-20-1,P10-CCM-CMP-AC EXT-20-2,P10-CCM-CMP-AC EXT-15-1,P10-CCM-CMP-AC PRP-15-3,P10-CCM-CMP-AC PRP-15-2,,,,,,,,,,,,,,,,,,,,,,,,,,,,,,,,,,,,,,,,,,,,,,,,,,,,,,,,,,,,,,,,P10 > P10-GRL-LGC-CCM > P10-CCM-CCM-CLD > P10-CCM-AIR-AIRCLD 2 > P10-CCM-CMP-AC CLD-20-3 > P10-CCM-CCM-PELL > P10-CCM-AIR-AIREXT 2 > P10-CCM-CCM-PRP > P10-CCM-AIR-AIRPRP 2 > P10-CCM-CMP-AC CLD-20-4 > P10-CCM-CMP-AC CLD-20-1 > P10-CCM-CMP-AC CLD-20-2 > P10-CCM-CMP-AC EXT-20-1 > P10-CCM-CMP-AC EXT-20-2 > P10-CCM-CMP-AC EXT-15-1 > P10-CCM-CMP-AC PRP-15-3 > P10-CCM-CMP-AC PRP-15-2,17
378617,ddbef6d8-5146-4ece-9a6f-82caaca14519-0005c6f9,Roofs,,Genérico - 400 mm,Genérico - 400 mm,,,P10-DSC-LGC-MOLINO,P10,P10-DSC-LGC-DESCASCARADO,P10-DSC-LGC-MOLINO,P10-DSC-BMB-BS02,P10-DSC-CCL-CBS02,P10-DSC-MLN-M05,P10-DSC-ALM-MA05,P10-DSC-RSC-MSF05,P10-DSC-MLN-M06,P10-DSC-ALM-MA06,P10-DSC-RSC-MSF06,P10-DSC-RSC-SF15,P10-DSC-VLV-VR17,P10-DSC-VLV-VR15A,,,,,,,,,,,,,,,,,,,,,,,,,,,,,,,,,,,,,,,,,,,,,,,,,,,,,,,,,,,,,,,,,,,P10 > P10-DSC-LGC-DESCASCARADO > P10-DSC-LGC-MOLINO > P10-DSC-BMB-BS02 > P10-DSC-CCL-CBS02 > P10-DSC-MLN-M05 > P10-DSC-ALM-MA05 > P10-DSC-RSC-MSF05 > P10-DSC-MLN-M06 > P10-DSC-ALM-MA06 > P10-DSC-RSC-MSF06 > P10-DSC-RSC-SF15 > P10-DSC-VLV-VR17 > P10-DSC-VLV-VR15A,14
378728,ddbef6d8-5146-4ece-9a6f-82caaca14519-0005c768,Roofs,,Genérico - 400 mm,Genérico - 400 mm,,,P10-DSC-LGC-REDLER,P10,P10-DSC-LGC-DESCASCARADO,P10-DSC-LGC-REDLER,P10-DSC-RDL-R33,P10-DSC-RDL-R34,P10-DSC-RDL-R35,P10-DSC-RDL-R36,,,,,,,,,,,,,,,,,,,,,,,,,,,,,,,,,,,,,,,,,,,,,,,,,,,,,,,,,,,,,,,,,,,,,,,,,,P10 > P10-DSC-LGC-DESCASCARADO > P10-DSC-LGC-REDLER > P10-DSC-RDL-R33 > P10-DSC-RDL-R34 > P10-DSC-RDL-R35 > P10-DSC-RDL-R36,7
380547,ddbef6d8-5146-4ece-9a6f-82caaca14519-0005ce83,Roofs,,Genérico - 400 mm,Genérico - 400 mm,,dividir en 6 modulos,P10-HRN-LGC-TAMIZADORES,P10,P10-HRN-LGC-HARINA,P10-HRN-LGC-TAMIZADORES,P10-HRN-BTD-BA01,P10-HRN-RSC-SFBA01,P10-HRN-RSC-BAA01,P10-HRN-BTD-BA02,P10-HRN-RSC-SFBA02,P10-HRN-RSC-BAA02,P10-HRN-BTD-BA03,P10-HRN-RSC-SFBA03,P10-HRN-RSC-BAA03,P10-HRN-BTD-BA04,P10-HRN-RSC-SFBA04,P10-HRN-RSC-BAA04,P10-HRN-BTD-BA05,P10-HRN-RSC-SFBA05,P10-HRN-RSC-BAA05,,,,,,,,,,,,,,,,,,,,,,,,,,,,,,,,,,,,,,,,,,,,,,,,,,,,,,,,,,,,,,,P10 > P10-HRN-LGC-HARINA > P10-HRN-LGC-TAMIZADORES > P10-HRN-BTD-BA01 > P10-HRN-RSC-SFBA01 > P10-HRN-RSC-BAA01 > P10-HRN-BTD-BA02 > P10-HRN-RSC-SFBA02 > P10-HRN-RSC-BAA02 > P10-HRN-BTD-BA03 > P10-HRN-RSC-SFBA03 > P10-HRN-RSC-BAA03 > P10-HRN-BTD-BA04 > P10-HRN-RSC-SFBA04 > P10-HRN-RSC-BAA04 > P10-HRN-BTD-BA05 > P10-HRN-RSC-SFBA05 > P10-HRN-RSC-BAA05,18
380586,ddbef6d8-5146-4ece-9a6f-82caaca14519-0005ceaa,Roofs,,Genérico - 400 mm,Genérico - 400 mm,,dividir en 6 modulos,P10-HRN-LGC-NORIAS,P10,P10-HRN-LGC-HARINA,P10-HRN-LGC-NORIAS,P10-HRN-NOR-N03,P10-HRN-NOR-N04,P10-HRN-NOR-N05,P10-HRN-MNL-NML05,,,,,,,,,,,,,,,,,,,,,,,,,,,,,,,,,,,,,,,,,,,,,,,,,,,,,,,,,,,,,,,,,,,,,,,,,,P10 > P10-HRN-LGC-HARINA > P10-HRN-LGC-NORIAS > P10-HRN-NOR-N03 > P10-HRN-NOR-N04 > P10-HRN-NOR-N05 > P10-HRN-MNL-NML05,7
380971,ddbef6d8-5146-4ece-9a6f-82caaca14519-0005d02b,Roofs,,Genérico - 400 mm,Genérico - 400 mm,,,,P10,P10-SRV-LGC-SERVICIOS,P10-SRV-LGC-TRAT QUIM CALD,P10-SRV-ABL-AA01,P10-SRV-ABL-AA02,P10-SRV-BMB-BOABLN,P10-SRV-BMB-BOABLS,P10-SRV-BMB-BO SUEZ 01,P10-SRV-TNQ-TKSALMUERA,P10-SRV-TNQ-TKSALERO,P10-SRV-BMB-BO SUEZ 02,P10-SRV-BMB-BO SUEZ 03,P10-SRV-BMB-BO SUEZ 04,P10-SRV-BMB-BO SUEZ 05,P10-SRV-BMB-BO SUEZ 06,P10-SRV-BMB-BO SUEZ 07,P10-SRV-BMB-BO SUEZ 08,,,,,,,,,,,,,,,,,,,,,,,,,,,,,,,,,,,,,,,,,,,,,,,,,,,,,,,,,,,,,,,,P10 > P10-SRV-LGC-SERVICIOS > P10-SRV-LGC-TRAT QUIM CALD > P10-SRV-ABL-AA01 > P10-SRV-ABL-AA02 > P10-SRV-BMB-BOABLN > P10-SRV-BMB-BOABLS > P10-SRV-BMB-BO SUEZ 01 > P10-SRV-TNQ-TKSALMUERA > P10-SRV-TNQ-TKSALERO > P10-SRV-BMB-BO SUEZ 02 > P10-SRV-BMB-BO SUEZ 03 > P10-SRV-BMB-BO SUEZ 04 > P10-SRV-BMB-BO SUEZ 05 > P10-SRV-BMB-BO SUEZ 06 > P10-SRV-BMB-BO SUEZ 07 > P10-SRV-BMB-BO SUEZ 08,17
381172,ddbef6d8-5146-4ece-9a6f-82caaca14519-0005d0f4,Roofs,,Genérico - 400 mm,Genérico - 400 mm,,PTD_C2_V02;PTD_D2_V02;PTD_E01_V01;PTD_E02_V02,,P10,P10-GRL-LGC-EQUIPOS IZAJE,P10-APR-APA02 MOL CASC,P10-APR-APA04 PELLET,P10-APR-APA03 QUEB 1RA PAS,P10-APR-APA01 TALLER,P10-APR-APA05 ZAR ROTEX,P10-TLLM-GND-GND01,P10-PRP-PRC-PERCHA EXP,,,,,,,,,,,,,,,,,,,,,,,,,,,,,,,,,,,,,,,,,,,,,,,,,,,,,,,,,,,,,,,,,,,,,,,,P10 > P10-GRL-LGC-EQUIPOS IZAJE > P10-APR-APA02 MOL CASC > P10-APR-APA04 PELLET > P10-APR-APA03 QUEB 1RA PAS > P10-APR-APA01 TALLER > P10-APR-APA05 ZAR ROTEX > P10-TLLM-GND-GND01 > P10-PRP-PRC-PERCHA EXP,9
384012,e0118a5a-e983-4b93-852f-e273cc5f6243-0005dc0c,Generic Models,Biodiesel10,Biodiesel,Biodiesel,,,P10-PRL-SLO-SRECUP,P10,P10-PRL-LGC-PRELIMPIEZA,P10-PRL-LGC-SILOS,P10-PRL-SLO-SLO3 LIMPIA,P10-PRL-VLV-VG09,P10-PRL-VLV-VG08,,,,,,,,,,,,,,,,,,,,,,,,,,,,,,,,,,,,,,,,,,,,,,,,,,,,,,,,,,,,,,,,,,,,,,,,,,,P10 > P10-PRL-LGC-PRELIMPIEZA > P10-PRL-LGC-SILOS > P10-PRL-SLO-SLO3 LIMPIA > P10-PRL-VLV-VG09 > P10-PRL-VLV-VG08,6
384750,3ade3506-4f84-4896-9589-30d81e40c276-0005deee,Roofs,,Genérico - 400 mm,Genérico - 400 mm,,,,P10,P10-SRV-LGC-SERVICIOS,P10-SRV-LGC-TRATAMIENTO AGUA,P10-SRV-ABL-AA01,P10-SRV-ABL-AA02,P10-SRV-BMB-BOABLN,P10-SRV-BMB-BOABLS,P10-SRV-BMB-BO,P10-SRV-TNQ-TKSALMUERA,P10-SRV-TNQ-TKSALERO,,,,,,,,,,,,,,,,,,,,,,,,,,,,,,,,,,,,,,,,,,,,,,,,,,,,,,,,,,,,,,,,,,,,,,,P10 > P10-SRV-LGC-SERVICIOS > P10-SRV-LGC-TRATAMIENTO AGUA > P10-SRV-ABL-AA01 > P10-SRV-ABL-AA02 > P10-SRV-BMB-BOABLN > P10-SRV-BMB-BOABLS > P10-SRV-BMB-BO > P10-SRV-TNQ-TKSALMUERA > P10-SRV-TNQ-TKSALERO,10
385248,3ade3506-4f84-4896-9589-30d81e40c276-0005e0e0,Roofs,,Genérico - 400 mm,Genérico - 400 mm,,,P10-PRL-LGC-MERMA,P10,P10-PRL-LGC-PRELIMPIEZA,P10-PRL-LGC-MERMA,P10-PRL-BTD-BA06,P10-PRL-RSC-SF20,P10-PRL-DSP-DSP01,P10-PRL-ALM-M3DP,P10-PRL-ALM-M2DP,P10-PRL-VLV-VR36,P10-PRL-RSC-SF19,P10-PRL-VNT-M1DP,P10-PRL-RSC-SF16,,,,,,,,,,,,,,,,,,,,,,,,,,,,,,,,,,,,,,,,,,,,,,,,,,,,,,,,,,,,,,,,,,,,,P10 > P10-PRL-LGC-PRELIMPIEZA > P10-PRL-LGC-MERMA > P10-PRL-BTD-BA06 > P10-PRL-RSC-SF20 > P10-PRL-DSP-DSP01 > P10-PRL-ALM-M3DP > P10-PRL-ALM-M2DP > P10-PRL-VLV-VR36 > P10-PRL-RSC-SF19 > P10-PRL-VNT-M1DP > P10-PRL-RSC-SF16,12
385396,3ade3506-4f84-4896-9589-30d81e40c276-0005e174,Roofs,,Genérico - 400 mm,Genérico - 400 mm,,,P10-PRL-LGC-MULTIASPIRADORES,P10,P10-PRL-LGC-PRELIMPIEZA,P10-PRL-LGC-MULTIASPIRADORES,P10-PRL-MLT-ASP1,P10-PRL-ALM-AS01A,P10-PRL-ALM-AS01B,P10-PRL-VNT-VE01,P10-PRL-CCL-CVE01,P10-PRL-VLV-VR01,P10-PRL-MLT-ASP2,P10-PRL-ALM-AS02A,P10-PRL-ALM-AS02B,P10-PRL-VNT-VE02,P10-PRL-CCL-CVE02,P10-PRL-VLV-VR02,P10-PRL-MLT-ASP3,P10-PRL-ALM-AS03A,P10-PRL-ALM-AS03B,P10-PRL-VNT-VE03,P10-PRL-CCL-CVE03,P10-PRL-VLV-VR03,P10-PRL-RSC-SF08,,,,,,,,,,,,,,,,,,,,,,,,,,,,,,,,,,,,,,,,,,,,,,,,,,,,,,,,,,,P10 > P10-PRL-LGC-PRELIMPIEZA > P10-PRL-LGC-MULTIASPIRADORES > P10-PRL-MLT-ASP1 > P10-PRL-ALM-AS01A > P10-PRL-ALM-AS01B > P10-PRL-VNT-VE01 > P10-PRL-CCL-CVE01 > P10-PRL-VLV-VR01 > P10-PRL-MLT-ASP2 > P10-PRL-ALM-AS02A > P10-PRL-ALM-AS02B > P10-PRL-VNT-VE02 > P10-PRL-CCL-CVE02 > P10-PRL-VLV-VR02 > P10-PRL-MLT-ASP3 > P10-PRL-ALM-AS03A > P10-PRL-ALM-AS03B > P10-PRL-VNT-VE03 > P10-PRL-CCL-CVE03 > P10-PRL-VLV-VR03 > P10-PRL-RSC-SF08,22
385416,3ade3506-4f84-4896-9589-30d81e40c276-0005e188,Roofs,,Genérico - 400 mm,Genérico - 400 mm,,,,P10,P10-PRL-LGC-PRELIMPIEZA,P10-PRL-LGC-ZARANDAS,P10-PRL-ZRN-ZPP01,P10-PRL-ZRN-ZPP02,P10-PRL-ZRN-ZPP03,P10-PRL-ZRN-ZR01,P10-PRL-ALM-ZRA01,P10-PRL-ZRN-ZR02,P10-PRL-ALM-ZRA02,,,,,,,,,,,,,,,,,,,,,,,,,,,,,,,,,,,,,,,,,,,,,,,,,,,,,,,,,,,,,,,,,,,,,,,P10 > P10-PRL-LGC-PRELIMPIEZA > P10-PRL-LGC-ZARANDAS > P10-PRL-ZRN-ZPP01 > P10-PRL-ZRN-ZPP02 > P10-PRL-ZRN-ZPP03 > P10-PRL-ZRN-ZR01 > P10-PRL-ALM-ZRA01 > P10-PRL-ZRN-ZR02 > P10-PRL-ALM-ZRA02,10
385436,3ade3506-4f84-4896-9589-30d81e40c276-0005e19c,Roofs,,Genérico - 400 mm,Genérico - 400 mm,,,,P10,P10-PRL-LGC-PRELIMPIEZA,P10-PRL-LGC-REDLER,P10-PRL-RDL-RM01,P10-PRL-RDL-R01,P10-PRL-RDL-R02,P10-PRL-RDL-R03,P10-PRL-RDL-RR01,P10-PRL-RDL-RR02,P10-PRL-RDL-RR03,,,,,,,,,,,,,,,,,,,,,,,,,,,,,,,,,,,,,,,,,,,,,,,,,,,,,,,,,,,,,,,,,,,,,,,P10 > P10-PRL-LGC-PRELIMPIEZA > P10-PRL-LGC-REDLER > P10-PRL-RDL-RM01 > P10-PRL-RDL-R01 > P10-PRL-RDL-R02 > P10-PRL-RDL-R03 > P10-PRL-RDL-RR01 > P10-PRL-RDL-RR02 > P10-PRL-RDL-RR03,10
385885,905be7f4-0c46-42ea-a443-0fdea469e6f3-0005e35d,Generic Models,Generic Models 15,Generic Models 2,Generic Models 2,,,P10-HRN-CNT-C04,P10,P10-HRN-LGC-HARINA,P10-HRN-CNT-C04,P10-HRN-VLV-VGG01,P10-HRN-VLV-VGH01,,,,,,,,,,,,,,,,,,,,,,,,,,,,,,,,,,,,,,,,,,,,,,,,,,,,,,,,,,,,,,,,,,,,,,,,,,,,P10 > P10-HRN-LGC-HARINA > P10-HRN-CNT-C04 > P10-HRN-VLV-VGG01 > P10-HRN-VLV-VGH01,5
386142,905be7f4-0c46-42ea-a443-0fdea469e6f3-0005e45e,Generic Models,puert13,puert,puert,,,,TE,TE-ALM-LGC-ALMACENAJE (CELDAS),TE-ALM-CLD-CELDA 4,,TE-ALM-VLV-VRFMSV,TE-ALM-VLV-VR2TN2FMAPELL,TE-ALM-CRR-CTCSC1,TE-ALM-VLV-V104,TE-ALM-VLV-V109,TE-ALM-VLV-V114,TE-ALM-VLV-V119,TE-ALM-VLV-V124,TE-ALM-BMB-BDN2,TE-ALM-VLV-V201,TE-ALM-VLV-V206,TE-ALM-VLV-V211,TE-ALM-VLV-V216,TE-ALM-ASP-ASPERSOR,TE-ALM-CRR-CTCSC3,TE-ALM-VLV-V303,TE-ALM-VLV-V308,TE-ALM-VLV-V313,TE-ALM-VLV-V318,TE-ALM-VLV-V323,TE-ALM-VLV-V328,TE-ALM-VNT-VECSC3-03,TE-ALM-VNT-VECSC3-08,TE-ALM-CNT-C11 (C4C11,TE-ALM-VLV-VG18,TE-ALM-CRR-CTC8,TE-ALM-BRL-BRFMC4,TE-ALM-VLV-VC401,TE-ALM-VLV-VC406,TE-ALM-VLV-VC411,TE-ALM-VLV-VC416,TE-ALM-VLV-VC421,TE-ALM-VLV-VC426,TE-ALM-VLV-VC431,TE-ALM-VLV-VC436,TE-ALM-VLV-VC441,TE-ALM-VLV-VC446,TE-ALM-VLV-VC451,,,,,,,,,,,,,,,,,,,,,,,,,,,,,,,,,,,,,,,TE > TE-ALM-LGC-ALMACENAJE (CELDAS) > TE-ALM-CLD-CELDA 4 > TE-ALM-VLV-VRFMSV > TE-ALM-VLV-VR2TN2FMAPELL > TE-ALM-CRR-CTCSC1 > TE-ALM-VLV-V104 > TE-ALM-VLV-V109 > TE-ALM-VLV-V114 > TE-ALM-VLV-V119 > TE-ALM-VLV-V124 > TE-ALM-BMB-BDN2 > TE-ALM-VLV-V201 > TE-ALM-VLV-V206 > TE-ALM-VLV-V211 > TE-ALM-VLV-V216 > TE-ALM-ASP-ASPERSOR > TE-ALM-CRR-CTCSC3 > TE-ALM-VLV-V303 > TE-ALM-VLV-V308 > TE-ALM-VLV-V313 > TE-ALM-VLV-V318 > TE-ALM-VLV-V323 > TE-ALM-VLV-V328 > TE-ALM-VNT-VECSC3-03 > TE-ALM-VNT-VECSC3-08 > TE-ALM-CNT-C11 (C4C11 > TE-ALM-VLV-VG18 > TE-ALM-CRR-CTC8 > TE-ALM-BRL-BRFMC4 > TE-ALM-VLV-VC401 > TE-ALM-VLV-VC406 > TE-ALM-VLV-VC411 > TE-ALM-VLV-VC416 > TE-ALM-VLV-VC421 > TE-ALM-VLV-VC426 > TE-ALM-VLV-VC431 > TE-ALM-VLV-VC436 > TE-ALM-VLV-VC441 > TE-ALM-VLV-VC446 > TE-ALM-VLV-VC451,41
398298,c5bd9b6d-1b33-4c70-af81-ae4fc321dc5f-000613da,Generic Models,Biodiesel11,Biodiesel,Biodiesel,,,P10-PRL-SLO-SRECUP,P10,P10-PRL-LGC-PRELIMPIEZA,P10-PRL-LGC-SILOS,P10-PRL-SLO-SRECUP,P10-PRL-VLV-VR19,,,,,,,,,,,,,,,,,,,,,,,,,,,,,,,,,,,,,,,,,,,,,,,,,,,,,,,,,,,,,,,,,,,,,,,,,,,,P10 > P10-PRL-LGC-PRELIMPIEZA > P10-PRL-LGC-SILOS > P10-PRL-SLO-SRECUP > P10-PRL-VLV-VR19,5
398544,c5bd9b6d-1b33-4c70-af81-ae4fc321dc5f-000614d0,Roofs,,Genérico - 400 mm,Genérico - 400 mm,,,PP-SRV-LGC-SERVICIOS,,PP-SRV-LGC-SERVICIOS,PP-SRV-LGC-VAPOR,PP-SRV-CLD-CBW1,PP-SRV-BMB-BO45C,PP-SRV-BMB-BO46C,PP-SRV-CCH-CDUCT,PP-SRV-CIL-SOV-002,PP-SRV-MGN-MAGNETROL,PP-SRV-SPL-SH01,PP-SRV-SPL-SH02,PP-SRV-SPL-SH03,PP-SRV-SPL-SH04,PP-SRV-VLV-DPCV-051,PP-SRV-VLV-FCV-041,PP-SRV-VLV-LCV-010,PP-SRV-VLV-PCV-040,PP-SRV-VLV-SGR SUB-EST GAS,PP-SRV-VLV-PCV-052,PP-SRV-VLV-SOV-021,PP-SRV-VLV-SOV-040A,PP-SRV-VLV-SOV-040B,PP-SRV-VLV-SOV-044,PP-SRV-VLV-SOV-050,PP-SRV-VLV-VSE,PP-SRV-VLV-VSO,,,,,,,,,,,,,,,,,,,,,,,,,,,,,,,,,,,,,,,,,,,,,,,,,,,,,,,PP-SRV-LGC-SERVICIOS > PP-SRV-LGC-VAPOR > PP-SRV-CLD-CBW1 > PP-SRV-BMB-BO45C > PP-SRV-BMB-BO46C > PP-SRV-CCH-CDUCT > PP-SRV-CIL-SOV-002 > PP-SRV-MGN-MAGNETROL > PP-SRV-SPL-SH01 > PP-SRV-SPL-SH02 > PP-SRV-SPL-SH03 > PP-SRV-SPL-SH04 > PP-SRV-VLV-DPCV-051 > PP-SRV-VLV-FCV-041 > PP-SRV-VLV-LCV-010 > PP-SRV-VLV-PCV-040 > PP-SRV-VLV-SGR SUB-EST GAS > PP-SRV-VLV-PCV-052 > PP-SRV-VLV-SOV-021 > PP-SRV-VLV-SOV-040A > PP-SRV-VLV-SOV-040B > PP-SRV-VLV-SOV-044 > PP-SRV-VLV-SOV-050 > PP-SRV-VLV-VSE > PP-SRV-VLV-VSO,25
398693,613b2511-9188-4473-a91f-b1bad0266697-00061565,Roofs,,Genérico - 400 mm,Genérico - 400 mm,,,PP-HRN-LGC-ENFRIADORES,,PP-HRN-LGC-HARINA,PP-HRN-LGC-MEZCLADORAS,PP-HRN-RSC-S04,PP-HRN-RSC-S05,,,,,,,,,,,,,,,,,,,,,,,,,,,,,,,,,,,,,,,,,,,,,,,,,,,,,,,,,,,,,,,,,,,,,,,,,,,,PP-HRN-LGC-HARINA > PP-HRN-LGC-MEZCLADORAS > PP-HRN-RSC-S04 > PP-HRN-RSC-S05,4
398765,613b2511-9188-4473-a91f-b1bad0266697-000615ad,Roofs,,Genérico - 400 mm,Genérico - 400 mm,,,PP-PRP-LGC-REDLER,,PP-HRN-LGC-HARINA,PP-HRN-LGC-REDLER,PP-HRN-RDL-R20,PP-HRN-RDL-R22,PP-HRN-RDL-R23,PP-HRN-RDL-R24,PP-HRN-RDL-R25,PP-HRN-RDL-R26,PP-HRN-RDL-R27,,,,,,,,,,,,,,,,,,,,,,,,,,,,,,,,,,,,,,,,,,,,,,,,,,,,,,,,,,,,,,,,,,,,,,,PP-HRN-LGC-HARINA > PP-HRN-LGC-REDLER > PP-HRN-RDL-R20 > PP-HRN-RDL-R22 > PP-HRN-RDL-R23 > PP-HRN-RDL-R24 > PP-HRN-RDL-R25 > PP-HRN-RDL-R26 > PP-HRN-RDL-R27,9
399199,613b2511-9188-4473-a91f-b1bad0266697-0006175f,Roofs,,Genérico - 400 mm,Genérico - 400 mm,,,PP-PRP-LGC-REDLER,,PP-HRN-LGC-HARINA,PP-HRN-LGC-REDLER,PP-HRN-RDL-R19,PP-HRN-RDL-R20,,,,,,,,,,,,,,,,,,,,,,,,,,,,,,,,,,,,,,,,,,,,,,,,,,,,,,,,,,,,,,,,,,,,,,,,,,,,PP-HRN-LGC-HARINA > PP-HRN-LGC-REDLER > PP-HRN-RDL-R19 > PP-HRN-RDL-R20,4
399999,613b2511-9188-4473-a91f-b1bad0266697-00061a7f,Roofs,,Genérico - 400 mm,Genérico - 400 mm,,,PP-PRP-LGC-REDLER,PP,PP-HRN-LGC-HARINA,PP-HRN-LGC-REDLER,PP-HRN-RDL-R18,PP-HRN-RDL-R18A,PP-HRN-RDL-R18B,PP-HRN-RDL-R18C,,,,,,,,,,,,,,,,,,,,,,,,,,,,,,,,,,,,,,,,,,,,,,,,,,,,,,,,,,,,,,,,,,,,,,,,,,PP > PP-HRN-LGC-HARINA > PP-HRN-LGC-REDLER > PP-HRN-RDL-R18 > PP-HRN-RDL-R18A > PP-HRN-RDL-R18B > PP-HRN-RDL-R18C,7
400854,613b2511-9188-4473-a91f-b1bad0266697-00061dd6,Generic Models,Biodiesel12,Biodiesel,Biodiesel,,Paralelo a linea de tierra,PP-HRN-SRT-SR01,PP,PP-HRN-LGC-HARINA,PP-HRN-SIS-CTRAL LUB SR,,,,,,,,,,,,,,,,,,,,,,,,,,,,,,,,,,,,,,,,,,,,,,,,,,,,,,,,,,,,,,,,,,,,,,,,,,,,,,PP > PP-HRN-LGC-HARINA > PP-HRN-SIS-CTRAL LUB SR,3
401091,613b2511-9188-4473-a91f-b1bad0266697-00061ec3,Generic Models,Biodiesel13,Biodiesel,Biodiesel,,,PP-PRL-SLO-SRECUP,PP,PP-HRN-LGC-HARINA,PP-HRN-FLT-FM02,PP-HRN-RSC-SF08,PP-HRN-RSC-SF09,PP-HRN-RSC-SF10,PP-HRN-VLV-VR23A,PP-HRN-VLV-VR23B,PP-HRN-VNT-VE23,PP-HRN-CCL-CVE23,,,,,,,,,,,,,,,,,,,,,,,,,,,,,,,,,,,,,,,,,,,,,,,,,,,,,,,,,,,,,,,,,,,,,,,PP > PP-HRN-LGC-HARINA > PP-HRN-FLT-FM02 > PP-HRN-RSC-SF08 > PP-HRN-RSC-SF09 > PP-HRN-RSC-SF10 > PP-HRN-VLV-VR23A > PP-HRN-VLV-VR23B > PP-HRN-VNT-VE23 > PP-HRN-CCL-CVE23,10
401551,613b2511-9188-4473-a91f-b1bad0266697-0006208f,Roofs,,Genérico - 400 mm,Genérico - 400 mm,,,,PP,PP-HRN-LGC-HARINA,PP-HRN-LGC-VALVULAS A PUERTO,PP-HRN-VLV-VM01,PP-HRN-VLV-VM02,PP-HRN-VLV-VM03,PP-HRN-VLV-VM04,PP-HRN-VLV-VM05,PP-HRN-VLV-VM06,PP-HRN-VLV-VM07,,,,,,,,,,,,,,,,,,,,,,,,,,,,,,,,,,,,,,,,,,,,,,,,,,,,,,,,,,,,,,,,,,,,,,,PP > PP-HRN-LGC-HARINA > PP-HRN-LGC-VALVULAS A PUERTO > PP-HRN-VLV-VM01 > PP-HRN-VLV-VM02 > PP-HRN-VLV-VM03 > PP-HRN-VLV-VM04 > PP-HRN-VLV-VM05 > PP-HRN-VLV-VM06 > PP-HRN-VLV-VM07,10
401826,2d073a82-2546-46d8-8ab7-4a272b6a40f8-000621a2,Roofs,,Genérico - 400 mm,Genérico - 400 mm,,,P10-SRV-LGC-OSMOSIS,PP,PP-SRV-LGC-SERVICIOS,PP-SRV-BMB-BO60,PP-SGR-SAL-SALA BO60,,,,,,,,,,,,,,,,,,,,,,,,,,,,,,,,,,,,,,,,,,,,,,,,,,,,,,,,,,,,,,,,,,,,,,,,,,,,,PP > PP-SRV-LGC-SERVICIOS > PP-SRV-BMB-BO60 > PP-SGR-SAL-SALA BO60,4
402084,2d073a82-2546-46d8-8ab7-4a272b6a40f8-000622a4,Roofs,,Genérico - 400 mm,Genérico - 400 mm,,,PP-SRV-LGC-SERVICIOS,,PP-SRV-LGC-SERVICIOS,PP-SRV-CLT-COLECTOR PRINC,PP-SRV-CLT-COLECTOR SECUND,,,,,,,,,,,,,,,,,,,,,,,,,,,,,,,,,,,,,,,,,,,,,,,,,,,,,,,,,,,,,,,,,,,,,,,,,,,,,PP-SRV-LGC-SERVICIOS > PP-SRV-CLT-COLECTOR PRINC > PP-SRV-CLT-COLECTOR SECUND,3
402103,2d073a82-2546-46d8-8ab7-4a272b6a40f8-000622b7,Roofs,,Genérico - 400 mm,Genérico - 400 mm,,,PP-SRV-LGC-SERVICIOS,,PP-SRV-LGC-SERVICIOS,PP-SRV-LGC-TRAT,PP-SRV-BMB-BO,PP-SRV-IBC-01,PP-SRV-IBC-02,PP-SRV-IBC-03,,,,,,,,,,,,,,,,,,,,,,,,,,,,,,,,,,,,,,,,,,,,,,,,,,,,,,,,,,,,,,,,,,,,,,,,,,PP-SRV-LGC-SERVICIOS > PP-SRV-LGC-TRAT > PP-SRV-BMB-BO > PP-SRV-IBC-01 > PP-SRV-IBC-02 > PP-SRV-IBC-03,6
402142,2d073a82-2546-46d8-8ab7-4a272b6a40f8-000622de,Roofs,,Genérico - 400 mm,Genérico - 400 mm,,,PP-SRV-LGC-SERVICIOS,,PP-SRV-LGC-SERVICIOS,PP-SRV-LGC-VAPOR,PP-SRV-DSR-DESAIREADOR,PP-SRV-BMB-BO47C,PP-SRV-BMB-BO48C,PP-SRV-TNQ-TKRESERV,PP-SRV-VLV-LCV020,PP-SRV-VLV-VSDS,PP-SRV-ECN-ECONO,PP-SRV-VLV-VSEC,PP-SRV-TNQ-TKFLASH,PP-SRV-VLV-VSTK FLASH,PP-SRV-VNT-VE25 VTF,PP-SRV-CIL-060,,,,,,,,,,,,,,,,,,,,,,,,,,,,,,,,,,,,,,,,,,,,,,,,,,,,,,,,,,,,,,,,,,PP-SRV-LGC-SERVICIOS > PP-SRV-LGC-VAPOR > PP-SRV-DSR-DESAIREADOR > PP-SRV-BMB-BO47C > PP-SRV-BMB-BO48C > PP-SRV-TNQ-TKRESERV > PP-SRV-VLV-LCV020 > PP-SRV-VLV-VSDS > PP-SRV-ECN-ECONO > PP-SRV-VLV-VSEC > PP-SRV-TNQ-TKFLASH > PP-SRV-VLV-VSTK FLASH > PP-SRV-VNT-VE25 VTF > PP-SRV-CIL-060,14
402164,2d073a82-2546-46d8-8ab7-4a272b6a40f8-000622f4,Roofs,,Genérico - 400 mm,Genérico - 400 mm,,,PP-SRV-LGC-SERVICIOS,,PP-SRV-LGC-SERVICIOS,PP-SRV-LGC-AIRE COMPRIMIDO,PP-SRV-CMP-CA01,PP-SRV-CMP-CA02,PP-SRV-SCD-SEAIRE1,PP-SRV-SCD-SEAIRE2,,,,,,,,,,,,,,,,,,,,,,,,,,,,,,,,,,,,,,,,,,,,,,,,,,,,,,,,,,,,,,,,,,,,,,,,,,PP-SRV-LGC-SERVICIOS > PP-SRV-LGC-AIRE COMPRIMIDO > PP-SRV-CMP-CA01 > PP-SRV-CMP-CA02 > PP-SRV-SCD-SEAIRE1 > PP-SRV-SCD-SEAIRE2,6
402272,2d073a82-2546-46d8-8ab7-4a272b6a40f8-00062360,Roofs,,Genérico - 400 mm,Genérico - 400 mm,,,PP-SRV-LGC-SERVICIOS,,PP-SRV-LGC-SERVICIOS,PP-SRV-LGC-FUEL OIL,PP-SRV-BMB-BO53,PP-SRV-BMB-BO54,PP-SRV-BMB-BOREPOS,PP-SRV-TNQ-TKFUEL,PP-SRV-BMB-BOFC,PP-SRV-BMB-BOFN,PP-SRV-BMB-BOFS,,,,,,,,,,,,,,,,,,,,,,,,,,,,,,,,,,,,,,,,,,,,,,,,,,,,,,,,,,,,,,,,,,,,,,,PP-SRV-LGC-SERVICIOS > PP-SRV-LGC-FUEL OIL > PP-SRV-BMB-BO53 > PP-SRV-BMB-BO54 > PP-SRV-BMB-BOREPOS > PP-SRV-TNQ-TKFUEL > PP-SRV-BMB-BOFC > PP-SRV-BMB-BOFN > PP-SRV-BMB-BOFS,9
402462,2d073a82-2546-46d8-8ab7-4a272b6a40f8-0006241e,Generic Models,Silos 8,Silos 2,Silos 2,,,,P10,P10-SRV-LGC-SERVICIOS,P10-SRV-LGC-FUEL OIL,P10-SRV-BMB-BTRAMP FUEL OIL,P10-SRV-TNQ-TKFUEL,,,,,,,,,,,,,,,,,,,,,,,,,,,,,,,,,,,,,,,,,,,,,,,,,,,,,,,,,,,,,,,,,,,,,,,,,,,,P10 > P10-SRV-LGC-SERVICIOS > P10-SRV-LGC-FUEL OIL > P10-SRV-BMB-BTRAMP FUEL OIL > P10-SRV-TNQ-TKFUEL,5
402545,2d073a82-2546-46d8-8ab7-4a272b6a40f8-00062471,Roofs,,Genérico - 400 mm,Genérico - 400 mm,,,P10-SRV-LGC-OSMOSIS,PP,PP-SRV-LGC-SERVICIOS,PP-SRV-CBN-CLGAS,PP-SRV-VLV-RAMAL,PP-SRV-VLV-SEG,,,,,,,,,,,,,,,,,,,,,,,,,,,,,,,,,,,,,,,,,,,,,,,,,,,,,,,,,,,,,,,,,,,,,,,,,,,,PP > PP-SRV-LGC-SERVICIOS > PP-SRV-CBN-CLGAS > PP-SRV-VLV-RAMAL > PP-SRV-VLV-SEG,5
402668,2d073a82-2546-46d8-8ab7-4a272b6a40f8-000624ec,Roofs,,Genérico - 400 mm,Genérico - 400 mm,,,PP-SRV-BMB-BO45R,PP,PP-SRV-LGC-SERVICIOS,PP-SRV-LGC-BOMBAS DE RIO,PP-SRV-BMB-BO45R,,,,,,,,,,,,,,,,,,,,,,,,,,,,,,,,,,,,,,,,,,,,,,,,,,,,,,,,,,,,,,,,,,,,,,,,,,,,,PP > PP-SRV-LGC-SERVICIOS > PP-SRV-LGC-BOMBAS DE RIO > PP-SRV-BMB-BO45R,4
403517,2d073a82-2546-46d8-8ab7-4a272b6a40f8-0006283d,Roofs,,Genérico - 400 mm,Genérico - 400 mm,,,PP-SRV-BMB-BO45R,PP,PP-SRV-LGC-SERVICIOS,PP-SRV-LGC-BOMBAS DE RIO,PP-SRV-BMB-BO44R,,,,,,,,,,,,,,,,,,,,,,,,,,,,,,,,,,,,,,,,,,,,,,,,,,,,,,,,,,,,,,,,,,,,,,,,,,,,,PP > PP-SRV-LGC-SERVICIOS > PP-SRV-LGC-BOMBAS DE RIO > PP-SRV-BMB-BO44R,4
403537,2d073a82-2546-46d8-8ab7-4a272b6a40f8-00062851,Roofs,,Genérico - 400 mm,Genérico - 400 mm,,,PP-SRV-BMB-BO45R,PP,PP-SRV-LGC-SERVICIOS,PP-SRV-LGC-BOMBAS DE RIO,PP-SRV-BMB-BO43R,,,,,,,,,,,,,,,,,,,,,,,,,,,,,,,,,,,,,,,,,,,,,,,,,,,,,,,,,,,,,,,,,,,,,,,,,,,,,PP > PP-SRV-LGC-SERVICIOS > PP-SRV-LGC-BOMBAS DE RIO > PP-SRV-BMB-BO43R,4
403561,2d073a82-2546-46d8-8ab7-4a272b6a40f8-00062869,Roofs,,Genérico - 400 mm,Genérico - 400 mm,,,PP-SRV-BMB-BO45R,PP,PP-SRV-LGC-SERVICIOS,PP-SRV-LGC-BOMBAS DE RIO,PP-SRV-BMB-BO42R,,,,,,,,,,,,,,,,,,,,,,,,,,,,,,,,,,,,,,,,,,,,,,,,,,,,,,,,,,,,,,,,,,,,,,,,,,,,,PP > PP-SRV-LGC-SERVICIOS > PP-SRV-LGC-BOMBAS DE RIO > PP-SRV-BMB-BO42R,4
403679,2d073a82-2546-46d8-8ab7-4a272b6a40f8-000628df,Roofs,,Genérico - 400 mm,Genérico - 400 mm,,,PP-SRV-BMB-BO45R,PP,PP-SRV-LGC-SERVICIOS,PP-SRV-TRF-TRA6,,,,,,,,,,,,,,,,,,,,,,,,,,,,,,,,,,,,,,,,,,,,,,,,,,,,,,,,,,,,,,,,,,,,,,,,,,,,,,PP > PP-SRV-LGC-SERVICIOS > PP-SRV-TRF-TRA6,3
403966,2d073a82-2546-46d8-8ab7-4a272b6a40f8-000629fe,Roofs,,Genérico - 400 mm,Genérico - 400 mm,,,,PP,PP-SRV-LGC-SERVICIOS,PP-SRV-LGC-CLARIFICADORA,,,,,,PP-PCA-BMB-BOETATRON,PP-PCA-BMB-BOKLARAID,PP-PCA-BMB-DOSIV,PP-PCA-CST-CST01,PP-PCA-FLT-FA01,PP-PCA-FLT-FA02,PP-PCA-FLT-FA03,PP-PCA-IBC-01,PP-PCA-IBC-02,PP-PCA-IBC-03,PP-PCA-IBC-04,PP-PCA-PLT-CEDIM,PP-PCA-PLT-FLOC,PP-PCA-PLT-PD01,PP-PCA-BMB-BRB01,PP-PCA-PLC-FLOC01,PP-PCA-PLC-FLOC02,PP-PCA-PLT-PD02,PP-PCA-BMB-BRB02,PP-PCA-PLC-FLOC03,PP-PCA-PLC-FLOC04,PP-PCA-PLT-PD03,PP-PCA-BMB-BRB03,PP-PCA-PLC-FLOC05,PP-PCA-PLC-FLOC06,PP-PCA-TNQ-TKKLARAID,PP-PCA-TNQ-TKVERDE,,,,,,,,,,,,,,,,,,,,,,,,,,,,,,,,,,,,,,,,,,,,,,PP > PP-SRV-LGC-SERVICIOS > PP-SRV-LGC-CLARIFICADORA > PP-PCA-BMB-BOETATRON > PP-PCA-BMB-BOKLARAID > PP-PCA-BMB-DOSIV > PP-PCA-CST-CST01 > PP-PCA-FLT-FA01 > PP-PCA-FLT-FA02 > PP-PCA-FLT-FA03 > PP-PCA-IBC-01 > PP-PCA-IBC-02 > PP-PCA-IBC-03 > PP-PCA-IBC-04 > PP-PCA-PLT-CEDIM > PP-PCA-PLT-FLOC > PP-PCA-PLT-PD01 > PP-PCA-BMB-BRB01 > PP-PCA-PLC-FLOC01 > PP-PCA-PLC-FLOC02 > PP-PCA-PLT-PD02 > PP-PCA-BMB-BRB02 > PP-PCA-PLC-FLOC03 > PP-PCA-PLC-FLOC04 > PP-PCA-PLT-PD03 > PP-PCA-BMB-BRB03 > PP-PCA-PLC-FLOC05 > PP-PCA-PLC-FLOC06 > PP-PCA-TNQ-TKKLARAID > PP-PCA-TNQ-TKVERDE,30
404365,2d073a82-2546-46d8-8ab7-4a272b6a40f8-00062b8d,Roofs,,Genérico - 400 mm,Genérico - 400 mm,,,P10-SRV-LGC-OSMOSIS,PP,PP-SRV-LGC-SERVICIOS,PP-SRV-LGC-CLARIFICADORA,PP-PCA-BMB-BO62,PP-PCA-BMB-BO63,PP-PCA-BMB-BO64,PP-PCA-BMB-BO65,PP-PCA-BMB-BO66,,,,,,,,,,,,,,,,,,,,,,,,,,,,,,,,,,,,,,,,,,,,,,,,,,,,,,,,,,,,,,,,,,,,,,,,,PP > PP-SRV-LGC-SERVICIOS > PP-SRV-LGC-CLARIFICADORA > PP-PCA-BMB-BO62 > PP-PCA-BMB-BO63 > PP-PCA-BMB-BO64 > PP-PCA-BMB-BO65 > PP-PCA-BMB-BO66,8
404573,2d073a82-2546-46d8-8ab7-4a272b6a40f8-00062c5d,Roofs,,Genérico - 400 mm,Genérico - 400 mm,,,PP-PRL-LGC-PRELIMPIEZA,PP,PP-PRL-LGC-PRELIMPIEZA,PP-PRL-FLT-FM01,PP-PRL-RSC-SF02,PP-PRL-RSC-SF03,PP-PRL-RSC-SF04,PP-PRL-VLV-VR04,PP-PRL-VNT-VE04,,,,,,,,,,,,,,,,,,,,,,,,,,,,,,,,,,,,,,,,,,,,,,,,,,,,,,,,,,,,,,,,,,,,,,,,,PP > PP-PRL-LGC-PRELIMPIEZA > PP-PRL-FLT-FM01 > PP-PRL-RSC-SF02 > PP-PRL-RSC-SF03 > PP-PRL-RSC-SF04 > PP-PRL-VLV-VR04 > PP-PRL-VNT-VE04,8
404654,2d073a82-2546-46d8-8ab7-4a272b6a40f8-00062cae,Roofs,,Genérico - 400 mm,Genérico - 400 mm,,,,PP,PP-PRP-LGC-PREPARACION,PP-PRP-LGC-BEAN HEATER,PP-PRP-BHT-DBH02,PP-PRP-BMB-DBO02,PP-PRP-VLV-DBHA02,PP-PRP-VLV-DBHS02,PP-PRP-VNT-DVE02,PP-PRP-CCL-CDVE02,PP-PRP-VLV-DVR02,,,,,,,,,,,,,,,,,,,,,,,,,,,,,,,,,,,,,,,,,,,,,,,,,,,,,,,,,,,,,,,,,,,,,,,PP > PP-PRP-LGC-PREPARACION > PP-PRP-LGC-BEAN HEATER > PP-PRP-BHT-DBH02 > PP-PRP-BMB-DBO02 > PP-PRP-VLV-DBHA02 > PP-PRP-VLV-DBHS02 > PP-PRP-VNT-DVE02 > PP-PRP-CCL-CDVE02 > PP-PRP-VLV-DVR02,10
404773,2d073a82-2546-46d8-8ab7-4a272b6a40f8-00062d25,Roofs,,Genérico - 400 mm,Genérico - 400 mm,,,,PP,PP-PRP-LGC-PREPARACION,PP-PRP-LGC-BEAN HEATER,PP-PRP-ART-DARTBH,PP-PRP-DMP-DMPAC,PP-PRP-DMP-DMPAF,PP-PRP-RSC-DSF01,PP-PRP-SPR-SEPGOTA,PP-PRP-TNQ-TKCON,PP-PRP-VLV-SOV-100,PP-PRP-VLV-TCV-101,PP-PRP-VLV-VSBH,,,,,,,,,,,,,,,,,,,,,,,,,,,,,,,,,,,,,,,,,,,,,,,,,,,,,,,,,,,,,,,,,,,,,PP > PP-PRP-LGC-PREPARACION > PP-PRP-LGC-BEAN HEATER > PP-PRP-ART-DARTBH > PP-PRP-DMP-DMPAC > PP-PRP-DMP-DMPAF > PP-PRP-RSC-DSF01 > PP-PRP-SPR-SEPGOTA > PP-PRP-TNQ-TKCON > PP-PRP-VLV-SOV-100 > PP-PRP-VLV-TCV-101 > PP-PRP-VLV-VSBH,12
405187,06330d2d-5e16-4339-91e6-b65ac5aa1910-00062ec3,Roofs,,Genérico - 400 mm,Genérico - 400 mm,,,,PP,PP-DSC-LGC-DESCASCARADO,PP-DSC-LGC-DCCD,PP-DSC-ART-DART02,PP-DSC-CCC-DCCD01,PP-DSC-CCC-DCCD02,PP-DSC-CCC-DCCD03,PP-DSC-CCC-DCCD04,PP-DSC-CCC-DCCD05,PP-DSC-CCC-DCCD06,PP-DSC-VNT-DVE04,PP-DSC-CCL-CDVE04,PP-DSC-VLV-DVR03,PP-DSC-VNT-DVE05,PP-DSC-CCL-CDVE05,PP-DSC-VLV-DVR04,,,,,,,,,,,,,,,,,,,,,,,,,,,,,,,,,,,,,,,,,,,,,,,,,,,,,,,,,,,,,,,,,PP > PP-DSC-LGC-DESCASCARADO > PP-DSC-LGC-DCCD > PP-DSC-ART-DART02 > PP-DSC-CCC-DCCD01 > PP-DSC-CCC-DCCD02 > PP-DSC-CCC-DCCD03 > PP-DSC-CCC-DCCD04 > PP-DSC-CCC-DCCD05 > PP-DSC-CCC-DCCD06 > PP-DSC-VNT-DVE04 > PP-DSC-CCL-CDVE04 > PP-DSC-VLV-DVR03 > PP-DSC-VNT-DVE05 > PP-DSC-CCL-CDVE05 > PP-DSC-VLV-DVR04,16
405283,06330d2d-5e16-4339-91e6-b65ac5aa1910-00062f23,Roofs,,Genérico - 400 mm,Genérico - 400 mm,,,PP-PRP-LGC-REDLER,PP,PP-DSC-LGC-DESCASCARADO,PP-DSC-LGC-REDLER,PP-DSC-RDL-DR10,PP-DSC-RDL-DR11,PP-DSC-RDL-DR14,PP-DSC-RDL-DR17,PP-DSC-RDL-DR18,PP-DSC-RDL-DRZ01,,,,,,,,,,,,,,,,,,,,,,,,,,,,,,,,,,,,,,,,,,,,,,,,,,,,,,,,,,,,,,,,,,,,,,,,PP > PP-DSC-LGC-DESCASCARADO > PP-DSC-LGC-REDLER > PP-DSC-RDL-DR10 > PP-DSC-RDL-DR11 > PP-DSC-RDL-DR14 > PP-DSC-RDL-DR17 > PP-DSC-RDL-DR18 > PP-DSC-RDL-DRZ01,9
405603,06330d2d-5e16-4339-91e6-b65ac5aa1910-00063063,Roofs,,Genérico - 400 mm,Genérico - 400 mm,,,PP-DSC-RDL-DR02,PP,PP-DSC-LGC-DESCASCARADO,PP-DSC-LGC-REDLER,PP-DSC-RDL-DR02,PP-DSC-RDL-DR05A,PP-DSC-RDL-DR08,PP-DSC-RDL-DR09,PP-DSC-RDL-RZ01A,,,,,,,,,,,,,,,,,,,,,,,,,,,,,,,,,,,,,,,,,,,,,,,,,,,,,,,,,,,,,,,,,,,,,,,,,PP > PP-DSC-LGC-DESCASCARADO > PP-DSC-LGC-REDLER > PP-DSC-RDL-DR02 > PP-DSC-RDL-DR05A > PP-DSC-RDL-DR08 > PP-DSC-RDL-DR09 > PP-DSC-RDL-RZ01A,8
405721,06330d2d-5e16-4339-91e6-b65ac5aa1910-000630d9,Roofs,,Genérico - 400 mm,Genérico - 400 mm,,,PP-DSC-RDL-DR02,PP,PP-PRP-LGC-PREPARACION,PP-PRP-LGC-REDLER,PP-PRP-RDL-RZ02,PP-PRP-RDL-RZ03,,,,,,,,,,,,,,,,,,,,,,,,,,,,,,,,,,,,,,,,,,,,,,,,,,,,,,,,,,,,,,,,,,,,,,,,,,,,PP > PP-PRP-LGC-PREPARACION > PP-PRP-LGC-REDLER > PP-PRP-RDL-RZ02 > PP-PRP-RDL-RZ03,5
405873,35fdbbec-a6c9-4778-9f64-8b03ca6d0798-00063171,Roofs,,Genérico - 400 mm,Genérico - 400 mm,,,P10-EXT-LGC-HIDROCICLONES,P10,P10-EXT-LGC-EXTRACCION,P10-EXT-EXT-M202,P10-EXT-BMB-P217,P10-EXT-CLT-CLTSOLV,P10-EXT-CND-HX319 COND EXT,P10-EXT-LGC-BMB RECIRCULACION,P10-EXT-BMB-P221,P10-EXT-BMB-P210,P10-EXT-BMB-P204,P10-EXT-BMB-P205,P10-EXT-BMB-P206,P10-EXT-BMB-P207,P10-EXT-BMB-P208,P10-EXT-BMB-P209,P10-EXT-BMB-P211,P10-EXT-BMB-P212,P10-EXT-BMB-P213,P10-EXT-BMB-P214,P10-EXT-BMB-P215,P10-EXT-BMB-P216,P10-EXT-BMB-P222,P10-EXT-FLT-M220A AMIAD,P10-EXT-RSC-SC201,P10-EXT-TNQ-V218 TK MISCELA,P10-EXT-BMB-P218,P10-EXT-VLV-SOV202,,,,,,,,,,,,,,,,,,,,,,,,,,,,,,,,,,,,,,,,,,,,,,,,,,,,,,P10 > P10-EXT-LGC-EXTRACCION > P10-EXT-EXT-M202 > P10-EXT-BMB-P217 > P10-EXT-CLT-CLTSOLV > P10-EXT-CND-HX319 COND EXT > P10-EXT-LGC-BMB RECIRCULACION > P10-EXT-BMB-P221 > P10-EXT-BMB-P210 > P10-EXT-BMB-P204 > P10-EXT-BMB-P205 > P10-EXT-BMB-P206 > P10-EXT-BMB-P207 > P10-EXT-BMB-P208 > P10-EXT-BMB-P209 > P10-EXT-BMB-P211 > P10-EXT-BMB-P212 > P10-EXT-BMB-P213 > P10-EXT-BMB-P214 > P10-EXT-BMB-P215 > P10-EXT-BMB-P216 > P10-EXT-BMB-P222 > P10-EXT-FLT-M220A AMIAD > P10-EXT-RSC-SC201 > P10-EXT-TNQ-V218 TK MISCELA > P10-EXT-BMB-P218 > P10-EXT-VLV-SOV202,27
405968,35fdbbec-a6c9-4778-9f64-8b03ca6d0798-000631d0,Roofs,,Genérico - 400 mm,Genérico - 400 mm,,divi,P10-HRN-ENF-EG01,P10,P10-HRN-LGC-HARINA,P10-HRN-ENF-EG01,P10-HRN-VNT-VE39,P10-HRN-ART-ARTVE39,P10-HRN-VNT-VE40,P10-HRN-ART-ARTVE40,P10-HRN-VNT-VE41,P10-HRN-ART-ARTVE41,P10-HRN-VNT-VE42,P10-HRN-ART-ARTVE42,P10-HRN-VNT-VE43,P10-HRN-ART-ARTVE43,P10-HRN-VNT-VE44,P10-HRN-ART-ARTVE44,P10-HRN-VNT-VE45,P10-HRN-ART-ARTVE45,P10-HRN-VNT-VE46,P10-HRN-ART-ARTVE46,P10-HRN-VNT-VE47,P10-HRN-ART-ARTVE47,P10-HRN-VNT-VE48,P10-HRN-ART-ARTVE48,P10-HRN-VNT-VE49,P10-HRN-ART-ARTVE49,P10-HRN-VNT-VE50,P10-HRN-ART-ARTVE50,P10-HRN-VNT-VE51,P10-HRN-ART-ARTVE51,,,,,,,,,,,,,,,,,,,,,,,,,,,,,,,,,,,,,,,,,,,,,,,,,,,,P10 > P10-HRN-LGC-HARINA > P10-HRN-ENF-EG01 > P10-HRN-VNT-VE39 > P10-HRN-ART-ARTVE39 > P10-HRN-VNT-VE40 > P10-HRN-ART-ARTVE40 > P10-HRN-VNT-VE41 > P10-HRN-ART-ARTVE41 > P10-HRN-VNT-VE42 > P10-HRN-ART-ARTVE42 > P10-HRN-VNT-VE43 > P10-HRN-ART-ARTVE43 > P10-HRN-VNT-VE44 > P10-HRN-ART-ARTVE44 > P10-HRN-VNT-VE45 > P10-HRN-ART-ARTVE45 > P10-HRN-VNT-VE46 > P10-HRN-ART-ARTVE46 > P10-HRN-VNT-VE47 > P10-HRN-ART-ARTVE47 > P10-HRN-VNT-VE48 > P10-HRN-ART-ARTVE48 > P10-HRN-VNT-VE49 > P10-HRN-ART-ARTVE49 > P10-HRN-VNT-VE50 > P10-HRN-ART-ARTVE50 > P10-HRN-VNT-VE51 > P10-HRN-ART-ARTVE51,29
405987,35fdbbec-a6c9-4778-9f64-8b03ca6d0798-000631e3,Roofs,,Genérico - 400 mm,Genérico - 400 mm,,divi,P10-HRN-ENF-EG01,P10,P10-HRN-LGC-HARINA,P10-HRN-ENF-EG01,P10-HRN-VNT-VE52,P10-HRN-ART-ARTVE52,P10-HRN-VNT-VE53,P10-HRN-ART-ARTVE53,P10-HRN-VNT-VE54,P10-HRN-ART-ARTVE54,P10-HRN-VNT-VE55,P10-HRN-ART-ARTVE55,P10-HRN-VNT-VE56,P10-HRN-ART-ARTVE56,P10-HRN-VNT-VE57,P10-HRN-ART-ARTVE57,P10-HRN-VNT-VE58,P10-HRN-ART-ARTVE58,P10-HRN-VNT-VE59,P10-HRN-ART-ARTVE59,P10-HRN-VNT-VE60,P10-HRN-ART-ARTVE60,P10-HRN-VNT-VE61,P10-HRN-ART-ARTVE61,P10-HRN-VNT-VE62,P10-HRN-ART-ARTVE62,P10-HRN-VNT-VE63,P10-HRN-ART-ARTVE63,,,,,,,,,,,,,,,,,,,,,,,,,,,,,,,,,,,,,,,,,,,,,,,,,,,,,,P10 > P10-HRN-LGC-HARINA > P10-HRN-ENF-EG01 > P10-HRN-VNT-VE52 > P10-HRN-ART-ARTVE52 > P10-HRN-VNT-VE53 > P10-HRN-ART-ARTVE53 > P10-HRN-VNT-VE54 > P10-HRN-ART-ARTVE54 > P10-HRN-VNT-VE55 > P10-HRN-ART-ARTVE55 > P10-HRN-VNT-VE56 > P10-HRN-ART-ARTVE56 > P10-HRN-VNT-VE57 > P10-HRN-ART-ARTVE57 > P10-HRN-VNT-VE58 > P10-HRN-ART-ARTVE58 > P10-HRN-VNT-VE59 > P10-HRN-ART-ARTVE59 > P10-HRN-VNT-VE60 > P10-HRN-ART-ARTVE60 > P10-HRN-VNT-VE61 > P10-HRN-ART-ARTVE61 > P10-HRN-VNT-VE62 > P10-HRN-ART-ARTVE62 > P10-HRN-VNT-VE63 > P10-HRN-ART-ARTVE63,27
406102,35fdbbec-a6c9-4778-9f64-8b03ca6d0798-00063256,Roofs,,Genérico - 400 mm,Genérico - 400 mm,,,,P10,P10-PRP-LGC-PREPARACION,P10-PRP-LGC-BEAN HEATER,P10-PRP-BHT-BH02,P10-PRP-ART-BHART02,P10-PRP-BSC-BHD02 (BASC),P10-PRP-VLV-BHA02,P10-PRP-VLV-VSBH02,P10-PRP-VLV-VGBH02N,P10-PRP-VLV-VGBH02S,P10-PRP-VNT-VE06,P10-PRP-CCL-CVE06,P10-PRP-VLV-VR06,P10-PRP-BMB-BBH02,,,,,,,,,,,,,,,,,,,,,,,,,,,,,,,,,,,,,,,,,,,,,,,,,,,,,,,,,,,,,,,,,,,P10 > P10-PRP-LGC-PREPARACION > P10-PRP-LGC-BEAN HEATER > P10-PRP-BHT-BH02 > P10-PRP-ART-BHART02 > P10-PRP-BSC-BHD02 (BASC) > P10-PRP-VLV-BHA02 > P10-PRP-VLV-VSBH02 > P10-PRP-VLV-VGBH02N > P10-PRP-VLV-VGBH02S > P10-PRP-VNT-VE06 > P10-PRP-CCL-CVE06 > P10-PRP-VLV-VR06 > P10-PRP-BMB-BBH02,14
406124,35fdbbec-a6c9-4778-9f64-8b03ca6d0798-0006326c,Roofs,,Genérico - 400 mm,Genérico - 400 mm,,,,P10,P10-PRP-LGC-PREPARACION,P10-PRP-LGC-BEAN HEATER,P10-PRP-BHT-BH01,P10-PRP-ART-BHART01,P10-PRP-BSC-BHD01 (BASC),P10-PRP-VLV-BHA01,P10-PRP-VLV-VSBH01,P10-PRP-VLV-VGBH01N,P10-PRP-VLV-VGBH01S,P10-PRP-VNT-VE05,P10-PRP-CCL-CVE05,P10-PRP-VLV-VR05,P10-PRP-BMB-BBH01,P10-PRP-SPR-SEPGOT,,,,,,,,,,,,,,,,,,,,,,,,,,,,,,,,,,,,,,,,,,,,,,,,,,,,,,,,,,,,,,,,,,P10 > P10-PRP-LGC-PREPARACION > P10-PRP-LGC-BEAN HEATER > P10-PRP-BHT-BH01 > P10-PRP-ART-BHART01 > P10-PRP-BSC-BHD01 (BASC) > P10-PRP-VLV-BHA01 > P10-PRP-VLV-VSBH01 > P10-PRP-VLV-VGBH01N > P10-PRP-VLV-VGBH01S > P10-PRP-VNT-VE05 > P10-PRP-CCL-CVE05 > P10-PRP-VLV-VR05 > P10-PRP-BMB-BBH01 > P10-PRP-SPR-SEPGOT,15
406633,7713a3b9-e708-4df0-a840-2320141b75e2-00063469,Roofs,,Genérico - 400 mm,Genérico - 400 mm,,,P10-ENE-LGC-TRAFOS,P10,P10-HRN-LGC-HARINA,P10-HRN-SIS-CTRAL LUB SR,,,,,,,,,,,,,,,,,,,,,,,,,,,,,,,,,,,,,,,,,,,,,,,,,,,,,,,,,,,,,,,,,,,,,,,,,,,,,,P10 > P10-HRN-LGC-HARINA > P10-HRN-SIS-CTRAL LUB SR,3
406921,7713a3b9-e708-4df0-a840-2320141b75e2-00063589,Roofs,,Genérico - 400 mm,Genérico - 400 mm,,,P10-SRV-LGC-TRAT QUIM CALD,P10,P10-SRV-LGC-SERVICIOS,P10-SRV-LGC-AIRE COMPRIMIDO,P10-SRV-CMP-CA02,P10-SRV-CMP-CA01,P10-SRV-SCD-SEAIRE2,P10-SRV-SCD-SEAIRE1,,,,,,,,,,,,,,,,,,,,,,,,,,,,,,,,,,,,,,,,,,,,,,,,,,,,,,,,,,,,,,,,,,,,,,,,,,P10 > P10-SRV-LGC-SERVICIOS > P10-SRV-LGC-AIRE COMPRIMIDO > P10-SRV-CMP-CA02 > P10-SRV-CMP-CA01 > P10-SRV-SCD-SEAIRE2 > P10-SRV-SCD-SEAIRE1,7
407002,7713a3b9-e708-4df0-a840-2320141b75e2-000635da,Roofs,,Genérico - 400 mm,Genérico - 400 mm,,,P10-SRV-LGC-TRAT QUIM CALD,P10,P10-SRV-LGC-SERVICIOS,P10-SRV-ECN-ECONOMIZADOR,P10-SRV-SPL-SH06,P10-SRV-SPL-SH05,P10-SRV-SPL-SH07,P10-SRV-VLV-SGR,,,,,,,,,,,,,,,,,,,,,,,,,,,,,,,,,,,,,,,,,,,,,,,,,,,,,,,,,,,,,,,,,,,,,,,,,,P10 > P10-SRV-LGC-SERVICIOS > P10-SRV-ECN-ECONOMIZADOR > P10-SRV-SPL-SH06 > P10-SRV-SPL-SH05 > P10-SRV-SPL-SH07 > P10-SRV-VLV-SGR,7
407200,05006a48-2ec1-4af5-bbec-4034ff3f5e38-000636a0,Roofs,,Genérico - 400 mm,Genérico - 400 mm,,,,TE,TE-ALM-LGC-ALMACENAJE(CELDAS,TE-ALM-CLD-CELDA,TE-ALM-ASP-ASPERSOR,TE-ALM-CCM-CCMBC4,TE-ALM-CNT-C11 (C4C11,TE-ALM-CNT-C12 (CBC4-12,TE-ALM-CNT-C13 (CBC4-13,TE-ALM-CNT-C6 (C6CC4,TE-ALM-VLV-VG17,TE-ALM-VLV-VG18,,,,,,,,,,,,,,,,,,,,,,,,,,,,,,,,,,,,,,,,,,,,,,,,,,,,,,,,,,,,,,,,,,,,,,TE > TE-ALM-LGC-ALMACENAJE(CELDAS > TE-ALM-CLD-CELDA > TE-ALM-ASP-ASPERSOR > TE-ALM-CCM-CCMBC4 > TE-ALM-CNT-C11 (C4C11 > TE-ALM-CNT-C12 (CBC4-12 > TE-ALM-CNT-C13 (CBC4-13 > TE-ALM-CNT-C6 (C6CC4 > TE-ALM-VLV-VG17 > TE-ALM-VLV-VG18,11
407416,05006a48-2ec1-4af5-bbec-4034ff3f5e38-00063778,Roofs,,Genérico - 400 mm,Genérico - 400 mm,,,,TE,TE-ALM-LGC-ALMACENAJE(CELDAS,TE-ALM-CLD-CELDA,TE-ALM-CNT-C6 (C6CC4,TE-ALM-VLV-VG17,TE-ALM-VLV-VG18,TE-ALM-CNT-C7 (C4C7,TE-ALM-VLV-VG19,TE-ALM-VLV-VG20,TE-ALM-CNT-C8 (C8SC4,TE-ALM-CRR-CTC8,TE-ALM-CNT-C9 (C9SC4,TE-ALM-CRR-CTC9,TE-ALM-LGC-VALV,TE-ALM-VLV-VC401,TE-ALM-VLV-VC402,TE-ALM-VLV-VC403,TE-ALM-VLV-VC404,TE-ALM-VLV-VC405,TE-ALM-VLV-VC406,TE-ALM-VLV-VC407,TE-ALM-VLV-VC408,TE-ALM-VLV-VC409,TE-ALM-VLV-VC410,TE-ALM-VLV-VC411,TE-ALM-VLV-VC412,TE-ALM-VLV-VC413,TE-ALM-VLV-VC414,TE-ALM-VLV-VC415,TE-ALM-VLV-VC416,TE-ALM-VLV-VC417,TE-ALM-VLV-VC418,TE-ALM-VLV-VC419,TE-ALM-VLV-VC420,TE-ALM-VLV-VC421,TE-ALM-VLV-VC422,TE-ALM-VLV-VC423,TE-ALM-VLV-VC424,TE-ALM-VLV-VC425,TE-ALM-VLV-VC426,TE-ALM-VLV-VC427,TE-ALM-VLV-VC428,TE-ALM-VLV-VC429,TE-ALM-VLV-VC430,TE-ALM-VLV-VC431,TE-ALM-VLV-VC432,TE-ALM-VLV-VC433,TE-ALM-VLV-VC434,TE-ALM-VLV-VC435,TE-ALM-VLV-VC436,TE-ALM-VLV-VC437,TE-ALM-VLV-VC438,TE-ALM-VLV-VC439,TE-ALM-VLV-VC440,TE-ALM-VLV-VC441,TE-ALM-VLV-VC442,TE-ALM-VLV-VC443,TE-ALM-VLV-VC444,TE-ALM-VLV-VC445,TE-ALM-VLV-VC446,TE-ALM-VLV-VC447,TE-ALM-VLV-VC448,TE-ALM-VLV-VC449,TE-ALM-VLV-VC450,TE-ALM-VLV-VC451,TE-ALM-VLV-VC452,TE-ALM-VLV-VC453,TE-TNL-CNT-CBC4 C10,TE-TNL-VNT-IA4,,,,,,,,,,,,TE > TE-ALM-LGC-ALMACENAJE(CELDAS > TE-ALM-CLD-CELDA > TE-ALM-CNT-C6 (C6CC4 > TE-ALM-VLV-VG17 > TE-ALM-VLV-VG18 > TE-ALM-CNT-C7 (C4C7 > TE-ALM-VLV-VG19 > TE-ALM-VLV-VG20 > TE-ALM-CNT-C8 (C8SC4 > TE-ALM-CRR-CTC8 > TE-ALM-CNT-C9 (C9SC4 > TE-ALM-CRR-CTC9 > TE-ALM-LGC-VALV > TE-ALM-VLV-VC401 > TE-ALM-VLV-VC402 > TE-ALM-VLV-VC403 > TE-ALM-VLV-VC404 > TE-ALM-VLV-VC405 > TE-ALM-VLV-VC406 > TE-ALM-VLV-VC407 > TE-ALM-VLV-VC408 > TE-ALM-VLV-VC409 > TE-ALM-VLV-VC410 > TE-ALM-VLV-VC411 > TE-ALM-VLV-VC412 > TE-ALM-VLV-VC413 > TE-ALM-VLV-VC414 > TE-ALM-VLV-VC415 > TE-ALM-VLV-VC416 > TE-ALM-VLV-VC417 > TE-ALM-VLV-VC418 > TE-ALM-VLV-VC419 > TE-ALM-VLV-VC420 > TE-ALM-VLV-VC421 > TE-ALM-VLV-VC422 > TE-ALM-VLV-VC423 > TE-ALM-VLV-VC424 > TE-ALM-VLV-VC425 > TE-ALM-VLV-VC426 > TE-ALM-VLV-VC427 > TE-ALM-VLV-VC428 > TE-ALM-VLV-VC429 > TE-ALM-VLV-VC430 > TE-ALM-VLV-VC431 > TE-ALM-VLV-VC432 > TE-ALM-VLV-VC433 > TE-ALM-VLV-VC434 > TE-ALM-VLV-VC435 > TE-ALM-VLV-VC436 > TE-ALM-VLV-VC437 > TE-ALM-VLV-VC438 > TE-ALM-VLV-VC439 > TE-ALM-VLV-VC440 > TE-ALM-VLV-VC441 > TE-ALM-VLV-VC442 > TE-ALM-VLV-VC443 > TE-ALM-VLV-VC444 > TE-ALM-VLV-VC445 > TE-ALM-VLV-VC446 > TE-ALM-VLV-VC447 > TE-ALM-VLV-VC448 > TE-ALM-VLV-VC449 > TE-ALM-VLV-VC450 > TE-ALM-VLV-VC451 > TE-ALM-VLV-VC452 > TE-ALM-VLV-VC453 > TE-TNL-CNT-CBC4 C10 > TE-TNL-VNT-IA4,69
407582,05006a48-2ec1-4af5-bbec-4034ff3f5e38-0006381e,Roofs,,Genérico - 400 mm,Genérico - 400 mm,,,,PP,PP-DSC-LGC-DESCASCARADO,PP-DSC-LGC-ZARANDAS,PP-DSC-RSC-DSF02,PP-DSC-RSC-DSF03,PP-DSC-ZRN-DZ01,PP-DSC-ZRN-DZ02,PP-DSC-ZRN-DZ03,PP-DSC-ZRN-DZ04,,,,,,,,,,,,,,,,,,,,,,,,,,,,,,,,,,,,,,,,,,,,,,,,,,,,,,,,,,,,,,,,,,,,,,,,PP > PP-DSC-LGC-DESCASCARADO > PP-DSC-LGC-ZARANDAS > PP-DSC-RSC-DSF02 > PP-DSC-RSC-DSF03 > PP-DSC-ZRN-DZ01 > PP-DSC-ZRN-DZ02 > PP-DSC-ZRN-DZ03 > PP-DSC-ZRN-DZ04,9
407687,05006a48-2ec1-4af5-bbec-4034ff3f5e38-00063887,Roofs,,Genérico - 400 mm,Genérico - 400 mm,,,,PP,PP-DSC-LGC-DESCASCARADO,PP-DSC-LGC-MOLINO,PP-DSC-BMB-DBS01,PP-DSC-MLN-DM01,PP-DSC-RSC-DMA01,PP-DSC-RSC-DSF09,PP-DSC-RSC-DSFM01,PP-DSC-VLV-DVR16,PP-DSC-LGC-ASPIRADORES,PP-DSC-ASP-DAS01,PP-DSC-ASP-DAS02,PP-DSC-ASP-DAS03,PP-DSC-ASP-DAS04,PP-DSC-VNT-DVE13,PP-DSC-CCL-CDVE13,PP-DSC-VLV-DVR15,P10-DSC-ASP-ASP4,P10-DSC-ALM-AS04,P10-DSC-VNT-VE14,P10-DSC-CCL-CVE14,P10-DSC-VLV-VR14,,,,,,,,,,,,,,,,,,,,,,,,,,,,,,,,,,,,,,,,,,,,,,,,,,,,,,,,,,,PP > PP-DSC-LGC-DESCASCARADO > PP-DSC-LGC-MOLINO > PP-DSC-BMB-DBS01 > PP-DSC-MLN-DM01 > PP-DSC-RSC-DMA01 > PP-DSC-RSC-DSF09 > PP-DSC-RSC-DSFM01 > PP-DSC-VLV-DVR16 > PP-DSC-LGC-ASPIRADORES > PP-DSC-ASP-DAS01 > PP-DSC-ASP-DAS02 > PP-DSC-ASP-DAS03 > PP-DSC-ASP-DAS04 > PP-DSC-VNT-DVE13 > PP-DSC-CCL-CDVE13 > PP-DSC-VLV-DVR15 > P10-DSC-ASP-ASP4 > P10-DSC-ALM-AS04 > P10-DSC-VNT-VE14 > P10-DSC-CCL-CVE14 > P10-DSC-VLV-VR14,22
408017,05006a48-2ec1-4af5-bbec-4034ff3f5e38-000639d1,Roofs,,Genérico - 400 mm,Genérico - 400 mm,,,,PP,PP-EXT-LGC-EXTRACCION,PP-EXT-EXT-EX01 EXTRACTOR,PP-EXT-LGC-HIDROCICLONES,PP-EXT-HDR-HCP01,PP-EXT-HDR-HCP02,PP-EXT-HDR-HCS01N,PP-EXT-HDR-HCS01S,PP-EXT-HDR-HCS02N,PP-EXT-HDR-HCS02S,PP-EXT-HDR-HCS03N,PP-EXT-HDR-HCS03S,PP-EXT-HDR-HCS04N,PP-EXT-HDR-HCS04S,PP-EXT-HDR-HCS05N,PP-EXT-HDR-HCS05S,PP-EXT-HDR-HCS06N,PP-EXT-HDR-HCS06S,PP-EXT-HDR-HCS07N,PP-EXT-HDR-HCS07S,PP-EXT-HDR-HCS08N,,,,,,,,,,,,,,,,,,,,,,,,,,,,,,,,,,,,,,,,,,,,,,,,,,,,,,,,,,,,PP > PP-EXT-LGC-EXTRACCION > PP-EXT-EXT-EX01 EXTRACTOR > PP-EXT-LGC-HIDROCICLONES > PP-EXT-HDR-HCP01 > PP-EXT-HDR-HCP02 > PP-EXT-HDR-HCS01N > PP-EXT-HDR-HCS01S > PP-EXT-HDR-HCS02N > PP-EXT-HDR-HCS02S > PP-EXT-HDR-HCS03N > PP-EXT-HDR-HCS03S > PP-EXT-HDR-HCS04N > PP-EXT-HDR-HCS04S > PP-EXT-HDR-HCS05N > PP-EXT-HDR-HCS05S > PP-EXT-HDR-HCS06N > PP-EXT-HDR-HCS06S > PP-EXT-HDR-HCS07N > PP-EXT-HDR-HCS07S > PP-EXT-HDR-HCS08N,21
408074,05006a48-2ec1-4af5-bbec-4034ff3f5e38-00063a0a,Roofs,,Genérico - 400 mm,Genérico - 400 mm,,,PP-EXT-LGC-DESGOMADO,PP,PP-EXT-LGC-EXTRACCION,PP-EXT-LGC-SOLVENTE,PP-EXT-BMB-BO01,PP-EXT-BMB-BO25,PP-EXT-BMB-BO29,PP-EXT-CDL-CAUDALIM,PP-EXT-HEX01,PP-EXT-HEX02,PP-EXT-HEX03,PP-EXT-HEX04,PP-EXT-HEX05,PP-EXT-HRV-HERVIDOR SOLV,PP-EXT-INT-INT04HERV,PP-EXT-TNQ-TKSERVICIO,,,,,,,,,,,,,,,,,,,,,,,,,,,,,,,,,,,,,,,,,,,,,,,,,,,,,,,,,,,,,,,,,,PP > PP-EXT-LGC-EXTRACCION > PP-EXT-LGC-SOLVENTE > PP-EXT-BMB-BO01 > PP-EXT-BMB-BO25 > PP-EXT-BMB-BO29 > PP-EXT-CDL-CAUDALIM > PP-EXT-HEX01 > PP-EXT-HEX02 > PP-EXT-HEX03 > PP-EXT-HEX04 > PP-EXT-HEX05 > PP-EXT-HRV-HERVIDOR SOLV > PP-EXT-INT-INT04HERV > PP-EXT-TNQ-TKSERVICIO,15
408280,43d663df-9888-4368-ba32-0773056a16cc-00063ad8,Roofs,,Genérico - 400 mm,Genérico - 400 mm,,,,PP,PP-EXT-LGC-EXTRACCION,PP-EXT-EXT-EX01 EXTRACTOR,PP-EXT-BMB-BO15,PP-EXT-BMB-BO52 E,PP-EXT-LGC-BMB RECIRC,PP-EXT-BMB-BO02,PP-EXT-BMB-BO03,PP-EXT-BMB-BO04,PP-EXT-BMB-BO05,PP-EXT-BMB-BO06,PP-EXT-BMB-BO07,PP-EXT-BMB-BO08,PP-EXT-BMB-BO09,PP-EXT-BMB-BO10,PP-EXT-BMB-BO11,PP-EXT-BMB-BO12,PP-EXT-BMB-BO13,PP-EXT-BMB-BO14,PP-EXT-BMB-BO16,PP-EXT-BMB-BO17,,,,,,,,,,,,,,,,,,,,,,,,,,,,,,,,,,,,,,,,,,,,,,,,,,,,,,,,,,,,PP > PP-EXT-LGC-EXTRACCION > PP-EXT-EXT-EX01 EXTRACTOR > PP-EXT-BMB-BO15 > PP-EXT-BMB-BO52 E > PP-EXT-LGC-BMB RECIRC > PP-EXT-BMB-BO02 > PP-EXT-BMB-BO03 > PP-EXT-BMB-BO04 > PP-EXT-BMB-BO05 > PP-EXT-BMB-BO06 > PP-EXT-BMB-BO07 > PP-EXT-BMB-BO08 > PP-EXT-BMB-BO09 > PP-EXT-BMB-BO10 > PP-EXT-BMB-BO11 > PP-EXT-BMB-BO12 > PP-EXT-BMB-BO13 > PP-EXT-BMB-BO14 > PP-EXT-BMB-BO16 > PP-EXT-BMB-BO17,21
408751,43d663df-9888-4368-ba32-0773056a16cc-00063caf,Generic Models,Biodiesel14,Biodiesel,Biodiesel,,Paralelo a linea de tierra,PP-HRN-SRT-SR01,PP,PP-EXT-LGC-EXTRACCION,PP-EXT-LGC-SOLVENTE,PP-EXT-TNQ-TKC,,,,,,,,,,,,,,,,,,,,,,,,,,,,,,,,,,,,,,,,,,,,,,,,,,,,,,,,,,,,,,,,,,,,,,,,,,,,,PP > PP-EXT-LGC-EXTRACCION > PP-EXT-LGC-SOLVENTE > PP-EXT-TNQ-TKC,4
408827,43d663df-9888-4368-ba32-0773056a16cc-00063cfb,Generic Models,Biodiesel15,Biodiesel,Biodiesel,,Paralelo a linea de tierra,PP-HRN-SRT-SR01,PP,PP-EXT-LGC-EXTRACCION,PP-EXT-LGC-SOLVENTE,PP-EXT-TNQ-TKB,,,,,,,,,,,,,,,,,,,,,,,,,,,,,,,,,,,,,,,,,,,,,,,,,,,,,,,,,,,,,,,,,,,,,,,,,,,,,PP > PP-EXT-LGC-EXTRACCION > PP-EXT-LGC-SOLVENTE > PP-EXT-TNQ-TKB,4
408848,43d663df-9888-4368-ba32-0773056a16cc-00063d10,Generic Models,Biodiesel16,Biodiesel,Biodiesel,,Paralelo a linea de tierra,PP-HRN-SRT-SR01,PP,PP-EXT-LGC-EXTRACCION,PP-EXT-LGC-SOLVENTE,PP-EXT-BMB-BO26,PP-EXT-BMB-BO42,PP-EXT-TNQ-TKA,,,,,,,,,,,,,,,,,,,,,,,,,,,,,,,,,,,,,,,,,,,,,,,,,,,,,,,,,,,,,,,,,,,,,,,,,,,PP > PP-EXT-LGC-EXTRACCION > PP-EXT-LGC-SOLVENTE > PP-EXT-BMB-BO26 > PP-EXT-BMB-BO42 > PP-EXT-TNQ-TKA,6
408894,43d663df-9888-4368-ba32-0773056a16cc-00063d3e,Roofs,,Genérico - 400 mm,Genérico - 400 mm,,,,PP,PP-EXT-LGC-EXTRACCION,PP-EXT-SRN-SIREXT,PP-EXT-TRF-TRA5,,,,,,,,,,,,,,,,,,,,,,,,,,,,,,,,,,,,,,,,,,,,,,,,,,,,,,,,,,,,,,,,,,,,,,,,,,,,,PP > PP-EXT-LGC-EXTRACCION > PP-EXT-SRN-SIREXT > PP-EXT-TRF-TRA5,4
409476,43d663df-9888-4368-ba32-0773056a16cc-00063f84,Roofs,,Genérico - 400 mm,Genérico - 400 mm,,,PP-EXT-BMB-BODG,PP,PP-EXT-BMB-BODG,,,,,,,,,,,,,,,,,,,,,,,,,,,,,,,,,,,,,,,,,,,,,,,,,,,,,,,,,,,,,,,,,,,,,,,,,,,,,,,PP > PP-EXT-BMB-BODG,2
410257,43d663df-9888-4368-ba32-0773056a16cc-00064291,Generic Models,puert14,puert,puert,,,,TE,TE-TDM-LGC-TORRE DE MANIPULEO,TE-TDM-LGC-VALVULAS VDT,TE-TDM-VLV-P51,TE-TDM-VLV-P52,TE-TDM-VLV-P61,TE-TDM-VLV-P62,TE-TDM-VLV-P71,TE-TDM-VLV-P72,TE-TDM-VLV-P81,TE-TDM-VLV-P82,,,,,,,,,,,,,,,,,,,,,,,,,,,,,,,,,,,,,,,,,,,,,,,,,,,,,,,,,,,,,,,,,,,,,,TE > TE-TDM-LGC-TORRE DE MANIPULEO > TE-TDM-LGC-VALVULAS VDT > TE-TDM-VLV-P51 > TE-TDM-VLV-P52 > TE-TDM-VLV-P61 > TE-TDM-VLV-P62 > TE-TDM-VLV-P71 > TE-TDM-VLV-P72 > TE-TDM-VLV-P81 > TE-TDM-VLV-P82,11
410369,43d663df-9888-4368-ba32-0773056a16cc-00064301,Generic Models,puert15,puert,puert,,,,TE,TE-TDM-LGC-TORRE DE MANIPULEO,TE-TDM-ASP-ASPERSOR TDM,TE-TDM-BMB-BATM1,TE-TDM-BMB-BATM2,TE-TDM-BMB-BATM3,TE-TDM-BMB-BDPO,TE-TDM-BMB-BR1,TE-TDM-BMB-BR2,TE-TDM-BMB-BRPF,,,,,,,,,,,,,,,,,,,,,,,,,,,,,,,,,,,,,,,,,,,,,,,,,,,,,,,,,,,,,,,,,,,,,,,TE > TE-TDM-LGC-TORRE DE MANIPULEO > TE-TDM-ASP-ASPERSOR TDM > TE-TDM-BMB-BATM1 > TE-TDM-BMB-BATM2 > TE-TDM-BMB-BATM3 > TE-TDM-BMB-BDPO > TE-TDM-BMB-BR1 > TE-TDM-BMB-BR2 > TE-TDM-BMB-BRPF,10
410459,43d663df-9888-4368-ba32-0773056a16cc-0006435b,Generic Models,puert16,puert,puert,,,,TE,TE-TDM-LGC-TORRE DE MANIPULEO,TE-TDM-LGC-BALANZAS EMBARQUE,TE-TDM-BLN-BALANZA,TE-EMB-VLV-VPBE1,TE-TDM-SIS-ASP,TE-TDM-VLV-ABE1,TE-TDM-VLV-VBPB1,TE-EMB-VLV-VPBE2,TE-TDM-VLV-ABE2,TE-TDM-VLV-VBPB2,TE-TDM-VLV-ABE3,TE-TDM-VLV-P20,TE-TDM-VLV-P21,TE-TDM-VLV-P75,,,,,,,,,,,,,,,,,,,,,,,,,,,,,,,,,,,,,,,,,,,,,,,,,,,,,,,,,,,,,,,,,,TE > TE-TDM-LGC-TORRE DE MANIPULEO > TE-TDM-LGC-BALANZAS EMBARQUE > TE-TDM-BLN-BALANZA > TE-EMB-VLV-VPBE1 > TE-TDM-SIS-ASP > TE-TDM-VLV-ABE1 > TE-TDM-VLV-VBPB1 > TE-EMB-VLV-VPBE2 > TE-TDM-VLV-ABE2 > TE-TDM-VLV-VBPB2 > TE-TDM-VLV-ABE3 > TE-TDM-VLV-P20 > TE-TDM-VLV-P21 > TE-TDM-VLV-P75,15
410709,43d663df-9888-4368-ba32-0773056a16cc-00064455,Generic Models,puert17,puert,puert,,,,TE,TE-TDM-LGC-TORRE DE MANIPULEO,TE-TDM-CMP-COM1 (COMPRESOR,TE-TDM-PUL-AIRE3,,,,,,,,,,,,,,,,,,,,,,,,,,,,,,,,,,,,,,,,,,,,,,,,,,,,,,,,,,,,,,,,,,,,,,,,,,,,,TE > TE-TDM-LGC-TORRE DE MANIPULEO > TE-TDM-CMP-COM1 (COMPRESOR > TE-TDM-PUL-AIRE3,4
410829,43d663df-9888-4368-ba32-0773056a16cc-000644cd,Generic Models,puert18,puert,puert,,,TE-TDM-LGC-CINTAS TRANSFERENCI,TE,TE-TDM-LGC-TORRE DE MANIPULEO,TE-TDM-FLT-FMTDM,TE-TDM-BMB-BSFMTDM,TE-TDM-BMB-BSFMTDM-2,TE-TDM-BRL-BRFMTDM,TE-TDM-RSC-RFMTDM,TE-TDM-VLV-VRBSFMTDM-2,TE-TDM-VLV-VRFMTDM -M3,TE-TDM-VNT-VFMTDM,,,,,,,,,,,,,,,,,,,,,,,,,,,,,,,,,,,,,,,,,,,,,,,,,,,,,,,,,,,,,,,,,,,,,,,TE > TE-TDM-LGC-TORRE DE MANIPULEO > TE-TDM-FLT-FMTDM > TE-TDM-BMB-BSFMTDM > TE-TDM-BMB-BSFMTDM-2 > TE-TDM-BRL-BRFMTDM > TE-TDM-RSC-RFMTDM > TE-TDM-VLV-VRBSFMTDM-2 > TE-TDM-VLV-VRFMTDM -M3 > TE-TDM-VNT-VFMTDM,10
411141,ecbf5d78-89f8-4fa8-a0ff-f31edc5dc2e0-00064605,Generic Models,puert19,puert,puert,,,TE-TDM-LGC-ELEVADORES,TE,TE-TDM-LGC-TORRE DE MANIPULEO,TE-TDM-LGC-ELEVADORES,TE-TDM-NOR-EL1,TE-TDM-VLV-ASEL1,TE-TDM-NOR-EL2,TE-TDM-VLV-ASEL2,TE-TDM-VLV-Q10,TE-TDM-VLV-Q11,TE-TDM-VLV-Q12,TE-TDM-VLV-Q13,TE-TDM-NOR-EL3,TE-TDM-VLV-Q07,TE-TDM-VLV-Q08,TE-TDM-VLV-Q09,TE-TDM-VLV-Q45,TE-TDM-VLV-Q9 - (1,TE-TDM-NOR-EL4,TE-TDM-VLV-Q35,TE-TDM-VLV-Q36,TE-TDM-VLV-Q37,TE-TDM-VLV-Q38,TE-TDM-VLV-Q39,TE-TDM-VLV-Q39A,TE-TDM-VNT-B35,TE-TDM-MLC-FOSOTDM,TE-TDM-SIS-ASP,,,,,,,,,,,,,,,,,,,,,,,,,,,,,,,,,,,,,,,,,,,,,,,,,,,,,,TE > TE-TDM-LGC-TORRE DE MANIPULEO > TE-TDM-LGC-ELEVADORES > TE-TDM-NOR-EL1 > TE-TDM-VLV-ASEL1 > TE-TDM-NOR-EL2 > TE-TDM-VLV-ASEL2 > TE-TDM-VLV-Q10 > TE-TDM-VLV-Q11 > TE-TDM-VLV-Q12 > TE-TDM-VLV-Q13 > TE-TDM-NOR-EL3 > TE-TDM-VLV-Q07 > TE-TDM-VLV-Q08 > TE-TDM-VLV-Q09 > TE-TDM-VLV-Q45 > TE-TDM-VLV-Q9 - (1 > TE-TDM-NOR-EL4 > TE-TDM-VLV-Q35 > TE-TDM-VLV-Q36 > TE-TDM-VLV-Q37 > TE-TDM-VLV-Q38 > TE-TDM-VLV-Q39 > TE-TDM-VLV-Q39A > TE-TDM-VNT-B35 > TE-TDM-MLC-FOSOTDM > TE-TDM-SIS-ASP,27
411286,ecbf5d78-89f8-4fa8-a0ff-f31edc5dc2e0-00064696,Generic Models,puert20,puert,puert,,,,TE,TE-TDM-LGC-TORRE DE MANIPULEO,TE-TDM-TBL-TABLERO EMBARQUE,TE-TDM-AIR-AIRTABLERO,TE-TDM-CMP-AC TAB-5-1,,,,,,,,,,,,,,,,,,,,,,,,,,,,,,,,,,,,,,,,,,,,,,,,,,,,,,,,,,,,,,,,,,,,,,,,,,,,TE > TE-TDM-LGC-TORRE DE MANIPULEO > TE-TDM-TBL-TABLERO EMBARQUE > TE-TDM-AIR-AIRTABLERO > TE-TDM-CMP-AC TAB-5-1,5
411390,ecbf5d78-89f8-4fa8-a0ff-f31edc5dc2e0-000646fe,Roofs,,Genérico - 400 mm,Genérico - 400 mm,,,PP-SRV-BMB-BO45R,TE,TE-ACT-LGC-SECTOR ACEITE,TE-ACT-CCM-CCMAC,TE-ACT-CMP-COM708,TE-ACT-PLM-AIRE1,TE-ACT-PLM-AIRE2,,,,,,,,,,,,,,,,,,,,,,,,,,,,,,,,,,,,,,,,,,,,,,,,,,,,,,,,,,,,,,,,,,,,,,,,,,,TE > TE-ACT-LGC-SECTOR ACEITE > TE-ACT-CCM-CCMAC > TE-ACT-CMP-COM708 > TE-ACT-PLM-AIRE1 > TE-ACT-PLM-AIRE2,6
411556,ecbf5d78-89f8-4fa8-a0ff-f31edc5dc2e0-000647a4,Generic Models,Generic Models 17,Generic Models 5,Generic Models 5,,,TE-LGC-OLEO-VIC-PAT,TE,TE-ACT-LGC-SECTOR ACEITE,TE-ACT-CÑR-CAÑERIA LECITINA,TE-ACT-CÑR-CAÑERIA FUEL OIL,TE-ACT-CÑR-CAÑERIA ACEITE/BIO DIESEL,TE-ACT-CÑR-CAÑERIA GLICERINA,TE-LGC-OLEO-VIC-PAT,,,,,,,,,,,,,,,,,,,,,,,,,,,,,,,,,,,,,,,,,,,,,,,,,,,,,,,,,,,,,,,,,,,,,,,,,,TE > TE-ACT-LGC-SECTOR ACEITE > TE-ACT-CÑR-CAÑERIA LECITINA > TE-ACT-CÑR-CAÑERIA FUEL OIL > TE-ACT-CÑR-CAÑERIA ACEITE/BIO DIESEL > TE-ACT-CÑR-CAÑERIA GLICERINA > TE-LGC-OLEO-VIC-PAT,7
411757,ecbf5d78-89f8-4fa8-a0ff-f31edc5dc2e0-0006486d,Generic Models,Generic Models 18,Generic Models 3,Generic Models 3,,,TE-EMB-LGC-DOLPHIN,TE,TE-ACT-LGC-SECTOR ACEITE,TE-MSB-LGC-SECTOR SAN BENITO,TE-MSB-CÑR-CAÑERIA ACT/BIO,,,,,,,,,,,,,,,,,,,,,,,,,,,,,,,,,,,,,,,,,,,,,,,,,,,,,,,,,,,,,,,,,,,,,,,,,,,,,TE > TE-ACT-LGC-SECTOR ACEITE > TE-MSB-LGC-SECTOR SAN BENITO > TE-MSB-CÑR-CAÑERIA ACT/BIO,4
411822,ecbf5d78-89f8-4fa8-a0ff-f31edc5dc2e0-000648ae,Generic Models,Generic Models 19,Generic Models 3,Generic Models 3,,,TE-EMB-LGC-DOLPHIN,TE,TE-EMB-LGC-SECTOR EMBARQUE,TE-EMB-LGC-DOLPHIN,,TE-EMB-LGC-CCM EMBARQUE,TE-EMB-DLP-D1,TE-EMB-DLP-D2,TE-EMB-DLP-D3,TE-EMB-DLP-D4,,,,,,,,,,,,,,,,,,,,,,,,,,,,,,,,,,,,,,,,,,,,,,,,,,,,,,,,,,,,,,,,,,,,,,,,TE > TE-EMB-LGC-SECTOR EMBARQUE > TE-EMB-LGC-DOLPHIN > TE-EMB-LGC-CCM EMBARQUE > TE-EMB-DLP-D1 > TE-EMB-DLP-D2 > TE-EMB-DLP-D3 > TE-EMB-DLP-D4,8
412029,ecbf5d78-89f8-4fa8-a0ff-f31edc5dc2e0-0006497d,Generic Models,Generic Models 20,Generic Models 3,Generic Models 3,,,TE-EMB-LGC-DOLPHIN,TE,TE-ACT-LGC-SECTOR ACEITE,TE-MDU-LGC-SECTOR AKZO NOBEL,TE-MDU-CSL-CASILLA VIGIA OP,TE-MDU-CÑR-CAÑERIA AKZO NOBE,TE-MDU-LGC-REPUESTOS,TE-MDU-BOY-BOYA,TE-MDU-MLC-M.E.T. DE MANGUERA,TE-MDU-MNG-MANGUERAS AKZO NOBE,TE-MDU-SIS-SIST DIST AMARRE,TE-MDU-TRM-SCRAPPER AKZO NOBEL,TE-MDU-VLV-ELE VAL AKZO NOBEL,,,,,,,,,,,,,,,,,,,,,,,,,,,,,,,,,,,,,,,,,,,,,,,,,,,,,,,,,,,,,,,,,,,,,TE > TE-ACT-LGC-SECTOR ACEITE > TE-MDU-LGC-SECTOR AKZO NOBEL > TE-MDU-CSL-CASILLA VIGIA OP > TE-MDU-CÑR-CAÑERIA AKZO NOBE > TE-MDU-LGC-REPUESTOS > TE-MDU-BOY-BOYA > TE-MDU-MLC-M.E.T. DE MANGUERA > TE-MDU-MNG-MANGUERAS AKZO NOBE > TE-MDU-SIS-SIST DIST AMARRE > TE-MDU-TRM-SCRAPPER AKZO NOBEL > TE-MDU-VLV-ELE VAL AKZO NOBEL,12
412041,ecbf5d78-89f8-4fa8-a0ff-f31edc5dc2e0-00064989,Generic Models,Generic Models 21,Generic Models 3,Generic Models 3,,,TE-EMB-LGC-DOLPHIN,TE,TE-EMB-LGC-SECTOR EMBARQUE,TE-EMB-LGC-DOLPHIN,,TE-EMB-LGC-CCM EMBARQUE,TE-EMB-DLP-D1,TE-EMB-DLP-D2,TE-EMB-DLP-D3,TE-EMB-DLP-D4,,,,,,,,,,,,,,,,,,,,,,,,,,,,,,,,,,,,,,,,,,,,,,,,,,,,,,,,,,,,,,,,,,,,,,,,TE > TE-EMB-LGC-SECTOR EMBARQUE > TE-EMB-LGC-DOLPHIN > TE-EMB-LGC-CCM EMBARQUE > TE-EMB-DLP-D1 > TE-EMB-DLP-D2 > TE-EMB-DLP-D3 > TE-EMB-DLP-D4,8
412209,ecbf5d78-89f8-4fa8-a0ff-f31edc5dc2e0-00064a31,Roofs,,Genérico - 400 mm,Genérico - 400 mm,,,,TE,TE-ACT-LGC-SECTOR ACEITE,TE-GLC-LGC-BOMBAS GLICERINA,TE-GLC-BMB-BO300,TE-GLC-BMB-BO301,TE-GLC-BMB-BO302,TE-GLC-BMB-BO303,TE-GLC-BMB-BO304,TE-GLC-BMB-BO305,TE-GLC-BMB-BO306,,,,,,,,,,,,,,,,,,,,,,,,,,,,,,,,,,,,,,,,,,,,,,,,,,,,,,,,,,,,,,,,,,,,,,,TE > TE-ACT-LGC-SECTOR ACEITE > TE-GLC-LGC-BOMBAS GLICERINA > TE-GLC-BMB-BO300 > TE-GLC-BMB-BO301 > TE-GLC-BMB-BO302 > TE-GLC-BMB-BO303 > TE-GLC-BMB-BO304 > TE-GLC-BMB-BO305 > TE-GLC-BMB-BO306,10
