codigo_project,descripcion_project,element_id_contenedor,unique_id_contenedor,btz_path_contenedor,tipo_asociacion,ancestro_project_usado,estado_asociacion,escrito_en_btz_description,btz_description_slot_usado,motivo
PP-AGR-RDL-R28,REDLER R-28 | Grupo: PP-REDLER R28,366280,112ed255-2c3e-4575-ba44-903fa5f3f8e7-000596c8,PP > PP-HRN-LGC-HARINA > PP-HRN-LGC-VALVULAS A PUERTO,contenedor_por_registry_capacidad,PP-AGR-LGC-AGREGADO,asociado_a_contenedor,SI,btz_description_05,escrito_slot_05_80
PP-AGR-RDL-R29,REDLER R- 29   <A REDLER R-30> | Grupo: PP-REDLER R29,366280,112ed255-2c3e-4575-ba44-903fa5f3f8e7-000596c8,PP > PP-HRN-LGC-HARINA > PP-HRN-LGC-VALVULAS A PUERTO,contenedor_por_registry_capacidad,PP-AGR-LGC-AGREGADO,asociado_a_contenedor,SI,btz_description_06,escrito_slot_05_80
PP-AGR-RDL-R30,REDLER R-30     <A REDLER R-19> | Grupo: PP-REDLER R30,366280,112ed255-2c3e-4575-ba44-903fa5f3f8e7-000596c8,PP > PP-HRN-LGC-HARINA > PP-HRN-LGC-VALVULAS A PUERTO,contenedor_por_registry_capacidad,PP-AGR-LGC-AGREGADO,asociado_a_contenedor,SI,btz_description_07,escrito_slot_05_80
PP-AGR-RDL-R30A,REDLER R30A DE AGREGADO | Grupo: PP-REDLER R30 A,366280,112ed255-2c3e-4575-ba44-903fa5f3f8e7-000596c8,PP > PP-HRN-LGC-HARINA > PP-HRN-LGC-VALVULAS A PUERTO,contenedor_por_registry_capacidad,PP-AGR-LGC-AGREGADO,asociado_a_contenedor,SI,btz_description_08,escrito_slot_05_80
PP-AGR-SLO-SA1,SILO  SA1 ACOPIO 1 | Grupo: PP-RSC SA1,366280,112ed255-2c3e-4575-ba44-903fa5f3f8e7-000596c8,PP > PP-HRN-LGC-HARINA > PP-HRN-LGC-VALVULAS A PUERTO,contenedor_por_registry_capacidad,PP-AGR-LGC-AGREGADO,asociado_a_contenedor,SI,btz_description_09,escrito_slot_05_80
PP-AGR-SLO-SA2,SILO  SA2 ACOPIO 2 | Grupo: PP-RSC SA2,366280,112ed255-2c3e-4575-ba44-903fa5f3f8e7-000596c8,PP > PP-HRN-LGC-HARINA > PP-HRN-LGC-VALVULAS A PUERTO,contenedor_por_registry_capacidad,PP-AGR-LGC-AGREGADO,asociado_a_contenedor,SI,btz_description_10,escrito_slot_05_80
PP-AGR-SLO-SA3,SILO  SA3  ACOPIO 3 | Grupo: PP-RSC SA3,366280,112ed255-2c3e-4575-ba44-903fa5f3f8e7-000596c8,PP > PP-HRN-LGC-HARINA > PP-HRN-LGC-VALVULAS A PUERTO,contenedor_por_registry_capacidad,PP-AGR-LGC-AGREGADO,asociado_a_contenedor,SI,btz_description_11,escrito_slot_05_80
PP-AGR-VLV-VR26A,VALVULA ROTATIVA VR26A | Grupo: PP-VLV ROTATIVA VR26A,366280,112ed255-2c3e-4575-ba44-903fa5f3f8e7-000596c8,PP > PP-HRN-LGC-HARINA > PP-HRN-LGC-VALVULAS A PUERTO,contenedor_por_scoring,,asociado_a_contenedor,SI,btz_description_12,escrito_slot_05_80
PP-DSC-LGC-DESCASCARADO,SECTOR DESCASCARADO PTA PTO | Grupo: PP-SECTOR,183538,e873c32e-5e0c-4f36-b2a7-48d4917bce06-0002ccf2,PP > PP-DSC-LGC-DESCASCARADO > Silo de cascara,contenedor_por_match_puntual_multi,PP-DSC-LGC-DESCASCARADO,asociado_a_contenedor,SI,btz_description_02,ya_existia_en_btz
PP-DSC-LGC-ASPIRADORES,SECTOR ASPIRADORES DESCASCARADO PTA PTO | Grupo: PP-SECTOR ASP DESC,183538,e873c32e-5e0c-4f36-b2a7-48d4917bce06-0002ccf2,PP > PP-DSC-LGC-DESCASCARADO > Silo de cascara,contenedor_por_ancestro_project,PP-DSC-LGC-DESCASCARADO,asociado_a_contenedor,SI,btz_description_05,escrito_slot_05_80
PP-DSC-ASP-DAS01,ASPIRADOR SECUNDARIO DE CASC DAS01 | Grupo: PP-ASP ASPIRADORES,183638,e873c32e-5e0c-4f36-b2a7-48d4917bce06-0002cd56,PP > PP-DSC-LGC-DESCASCARADO > Silo de cascara,contenedor_por_ancestro_project,PP-DSC-LGC-DESCASCARADO,asociado_a_contenedor,SI,btz_description_07,escrito_slot_05_80
PP-DSC-ASP-DAS02,ASPIRADOR SECUNDARIO DE CASC DAS02 | Grupo: PP-ASP ASPIRADORES,183810,e873c32e-5e0c-4f36-b2a7-48d4917bce06-0002ce02,PP > PP-DSC-LGC-DESCASCARADO > Silo de cascara,contenedor_por_ancestro_project,PP-DSC-LGC-DESCASCARADO,asociado_a_contenedor,SI,btz_description_05,escrito_slot_05_80
PP-DSC-ASP-DAS03,ASPIRADOR SECUNDARIO DE CASC DAS03 | Grupo: PP-ASP ASPIRADORES,184070,e873c32e-5e0c-4f36-b2a7-48d4917bce06-0002cf06,PP > PP-DSC-LGC-DESCASCARADO > Silo de cascara,contenedor_por_ancestro_project,PP-DSC-LGC-DESCASCARADO,asociado_a_contenedor,SI,btz_description_05,escrito_slot_05_80
PP-DSC-ASP-DAS04,ASPIRADOR SECUNDARIO DE CASC DAS04 | Grupo: PP-ASP ASPIRADORES,183538,e873c32e-5e0c-4f36-b2a7-48d4917bce06-0002ccf2,PP > PP-DSC-LGC-DESCASCARADO > Silo de cascara,contenedor_por_ancestro_project,PP-DSC-LGC-DESCASCARADO,asociado_a_contenedor,SI,btz_description_06,escrito_slot_05_80
PP-DSC-VNT-DVE13,VENTILADOR ASPIRADOR SECUNDARIO (CHICO) | Grupo: PP-VNT DVE13,183638,e873c32e-5e0c-4f36-b2a7-48d4917bce06-0002cd56,PP > PP-DSC-LGC-DESCASCARADO > Silo de cascara,contenedor_por_ancestro_project,PP-DSC-LGC-DESCASCARADO,asociado_a_contenedor,SI,btz_description_08,escrito_slot_05_80
PP-DSC-CCL-CDVE13,CICLON VENTILADOR ASPIRADOR SECUNDARIO (CHICO) | Grupo: PP-CCL CICLON DESCASC,183810,e873c32e-5e0c-4f36-b2a7-48d4917bce06-0002ce02,PP > PP-DSC-LGC-DESCASCARADO > Silo de cascara,contenedor_por_ancestro_project,PP-DSC-LGC-DESCASCARADO,asociado_a_contenedor,SI,btz_description_06,escrito_slot_05_80
PP-DSC-VLV-DVR15,VALVULA ROTATIVA (DVE13) | Grupo: PP-VLV ROTATIVA DVR15,184070,e873c32e-5e0c-4f36-b2a7-48d4917bce06-0002cf06,PP > PP-DSC-LGC-DESCASCARADO > Silo de cascara,contenedor_por_ancestro_project,PP-DSC-LGC-DESCASCARADO,asociado_a_contenedor,SI,btz_description_06,escrito_slot_05_80
PP-DSC-LGC-DCCC,CONJUNTO DCCC DESCASCARADO PTA PTO | Grupo: PP-CONJ DCCC,183538,e873c32e-5e0c-4f36-b2a7-48d4917bce06-0002ccf2,PP > PP-DSC-LGC-DESCASCARADO > Silo de cascara,contenedor_por_ancestro_project,PP-DSC-LGC-DESCASCARADO,asociado_a_contenedor,SI,btz_description_07,escrito_slot_05_80
PP-DSC-ART-DART01,AEROTERMO DE LAS CASCADAS(DVE11-DVE12) | Grupo: PP-ART AEROTERMO DESC,183638,e873c32e-5e0c-4f36-b2a7-48d4917bce06-0002cd56,PP > PP-DSC-LGC-DESCASCARADO > Silo de cascara,contenedor_por_ancestro_project,PP-DSC-LGC-DESCASCARADO,asociado_a_contenedor,SI,btz_description_09,escrito_slot_05_80
PP-DSC-CCC-DCCC01,CCC01 (CROWN CASCADA COOLER) | Grupo: PP-CCC,183810,e873c32e-5e0c-4f36-b2a7-48d4917bce06-0002ce02,PP > PP-DSC-LGC-DESCASCARADO > Silo de cascara,contenedor_por_ancestro_project,PP-DSC-LGC-DESCASCARADO,asociado_a_contenedor,SI,btz_description_07,escrito_slot_05_80
PP-DSC-CCC-DCCC02,CCC02 (CROWN CASCADA COOLER) | Grupo: PP-CCC,184070,e873c32e-5e0c-4f36-b2a7-48d4917bce06-0002cf06,PP > PP-DSC-LGC-DESCASCARADO > Silo de cascara,contenedor_por_ancestro_project,PP-DSC-LGC-DESCASCARADO,asociado_a_contenedor,SI,btz_description_07,escrito_slot_05_80
PP-DSC-CCC-DCCC03,CCC03 (CROWN CASCADA COOLER) | Grupo: PP-CCC,183538,e873c32e-5e0c-4f36-b2a7-48d4917bce06-0002ccf2,PP > PP-DSC-LGC-DESCASCARADO > Silo de cascara,contenedor_por_ancestro_project,PP-DSC-LGC-DESCASCARADO,asociado_a_contenedor,SI,btz_description_08,escrito_slot_05_80
PP-DSC-CCC-DCCC04,CCC04 (CROWN CASCADA COOLER) | Grupo: PP-CCC,183638,e873c32e-5e0c-4f36-b2a7-48d4917bce06-0002cd56,PP > PP-DSC-LGC-DESCASCARADO > Silo de cascara,contenedor_por_ancestro_project,PP-DSC-LGC-DESCASCARADO,asociado_a_contenedor,SI,btz_description_10,escrito_slot_05_80
PP-DSC-CCC-DCCC05,CCC05 (CROWN CASCADA COOLER) | Grupo: PP-CCC,183810,e873c32e-5e0c-4f36-b2a7-48d4917bce06-0002ce02,PP > PP-DSC-LGC-DESCASCARADO > Silo de cascara,contenedor_por_ancestro_project,PP-DSC-LGC-DESCASCARADO,asociado_a_contenedor,SI,btz_description_08,escrito_slot_05_80
PP-DSC-CCC-DCCC06,CCC06 (CROWN CASCADA COOLER) | Grupo: PP-CCC,184070,e873c32e-5e0c-4f36-b2a7-48d4917bce06-0002cf06,PP > PP-DSC-LGC-DESCASCARADO > Silo de cascara,contenedor_por_ancestro_project,PP-DSC-LGC-DESCASCARADO,asociado_a_contenedor,SI,btz_description_08,escrito_slot_05_80
PP-DSC-CCC-DCCC07,CCC07 (CROWN CASCADA COOLER) | Grupo: PP-CCC,183538,e873c32e-5e0c-4f36-b2a7-48d4917bce06-0002ccf2,PP > PP-DSC-LGC-DESCASCARADO > Silo de cascara,contenedor_por_ancestro_project,PP-DSC-LGC-DESCASCARADO,asociado_a_contenedor,SI,btz_description_09,escrito_slot_05_80
PP-DSC-CCC-DCCC08,CCC08 (CROWN CASCADA COOLER) | Grupo: PP-CCC,183638,e873c32e-5e0c-4f36-b2a7-48d4917bce06-0002cd56,PP > PP-DSC-LGC-DESCASCARADO > Silo de cascara,contenedor_por_ancestro_project,PP-DSC-LGC-DESCASCARADO,asociado_a_contenedor,SI,btz_description_11,escrito_slot_05_80
PP-DSC-VNT-DVE11,VENTILADOR DVE11 (LADO NORTE) | Grupo: PP-VNT DVE11-DVE12,183810,e873c32e-5e0c-4f36-b2a7-48d4917bce06-0002ce02,PP > PP-DSC-LGC-DESCASCARADO > Silo de cascara,contenedor_por_ancestro_project,PP-DSC-LGC-DESCASCARADO,asociado_a_contenedor,SI,btz_description_09,escrito_slot_05_80
PP-DSC-CCL-CDVE11,CICLON VENTILADOR DVE11 (LADO NORTE) | Grupo: PP-CCL CICLON DESCASC,184070,e873c32e-5e0c-4f36-b2a7-48d4917bce06-0002cf06,PP > PP-DSC-LGC-DESCASCARADO > Silo de cascara,contenedor_por_ancestro_project,PP-DSC-LGC-DESCASCARADO,asociado_a_contenedor,SI,btz_description_09,escrito_slot_05_80
PP-DSC-VLV-DVR13,VALV. ROT CICLON CASC (DVE11) | Grupo: PP-VLV ROTATIVA DVR13 Y DVR14,183538,e873c32e-5e0c-4f36-b2a7-48d4917bce06-0002ccf2,PP > PP-DSC-LGC-DESCASCARADO > Silo de cascara,contenedor_por_ancestro_project,PP-DSC-LGC-DESCASCARADO,asociado_a_contenedor,SI,btz_description_10,escrito_slot_05_80
PP-DSC-VNT-DVE12,VENTILADOR DVE12 (LADO SUR) | Grupo: PP-VNT DVE11-DVE12,183638,e873c32e-5e0c-4f36-b2a7-48d4917bce06-0002cd56,PP > PP-DSC-LGC-DESCASCARADO > Silo de cascara,contenedor_por_ancestro_project,PP-DSC-LGC-DESCASCARADO,asociado_a_contenedor,SI,btz_description_12,escrito_slot_05_80
PP-DSC-CCL-CDVE12,CICLON VENTILADOR DVE12 (LADO SUR) | Grupo: PP-CCL CICLON DESCASC,183810,e873c32e-5e0c-4f36-b2a7-48d4917bce06-0002ce02,PP > PP-DSC-LGC-DESCASCARADO > Silo de cascara,contenedor_por_ancestro_project,PP-DSC-LGC-DESCASCARADO,asociado_a_contenedor,SI,btz_description_10,escrito_slot_05_80
PP-DSC-VLV-DVR14,VALVULA ROT. DESCARGA  CASCARA (DVE12) | Grupo: PP-VLV ROTATIVA DVR13 Y DVR14,184070,e873c32e-5e0c-4f36-b2a7-48d4917bce06-0002cf06,PP > PP-DSC-LGC-DESCASCARADO > Silo de cascara,contenedor_por_ancestro_project,PP-DSC-LGC-DESCASCARADO,asociado_a_contenedor,SI,btz_description_10,escrito_slot_05_80
PP-DSC-LGC-DCCD,CONJUNTO DCCD PRIMERA PASADA DESCASCARADO PTA PTO | Grupo: PP-CONJ DCCD,183538,e873c32e-5e0c-4f36-b2a7-48d4917bce06-0002ccf2,PP > PP-DSC-LGC-DESCASCARADO > Silo de cascara,contenedor_por_ancestro_project,PP-DSC-LGC-DESCASCARADO,asociado_a_contenedor,SI,btz_description_11,escrito_slot_05_80
PP-DSC-ART-DART02,AEROTERMO DE LAS CASCADAS(DVE04-DVE05) | Grupo: PP-ART AEROTERMO DESC,183638,e873c32e-5e0c-4f36-b2a7-48d4917bce06-0002cd56,PP > PP-DSC-LGC-DESCASCARADO > Silo de cascara,contenedor_por_ancestro_project,PP-DSC-LGC-DESCASCARADO,asociado_a_contenedor,SI,btz_description_13,escrito_slot_05_80
PP-DSC-CCC-DCCD01,DCCD01 DESC PRIMERA PASADA | Grupo: PP-CCC,183810,e873c32e-5e0c-4f36-b2a7-48d4917bce06-0002ce02,PP > PP-DSC-LGC-DESCASCARADO > Silo de cascara,contenedor_por_ancestro_project,PP-DSC-LGC-DESCASCARADO,asociado_a_contenedor,SI,btz_description_11,escrito_slot_05_80
PP-DSC-CCC-DCCD02,DCCD02 DESC PRIMERA PASADA | Grupo: PP-CCC,184070,e873c32e-5e0c-4f36-b2a7-48d4917bce06-0002cf06,PP > PP-DSC-LGC-DESCASCARADO > Silo de cascara,contenedor_por_ancestro_project,PP-DSC-LGC-DESCASCARADO,asociado_a_contenedor,SI,btz_description_11,escrito_slot_05_80
PP-DSC-CCC-DCCD03,DCCD03 DESC PRIMERA PASADA | Grupo: PP-CCC,183538,e873c32e-5e0c-4f36-b2a7-48d4917bce06-0002ccf2,PP > PP-DSC-LGC-DESCASCARADO > Silo de cascara,contenedor_por_ancestro_project,PP-DSC-LGC-DESCASCARADO,asociado_a_contenedor,SI,btz_description_12,escrito_slot_05_80
PP-DSC-CCC-DCCD04,DCCD04 DESC PRIMERA PASADA | Grupo: PP-CCC,183638,e873c32e-5e0c-4f36-b2a7-48d4917bce06-0002cd56,PP > PP-DSC-LGC-DESCASCARADO > Silo de cascara,contenedor_por_ancestro_project,PP-DSC-LGC-DESCASCARADO,asociado_a_contenedor,SI,btz_description_14,escrito_slot_05_80
PP-DSC-CCC-DCCD05,DCCD05 DESC PRIMERA PASADA | Grupo: PP-CCC,183810,e873c32e-5e0c-4f36-b2a7-48d4917bce06-0002ce02,PP > PP-DSC-LGC-DESCASCARADO > Silo de cascara,contenedor_por_ancestro_project,PP-DSC-LGC-DESCASCARADO,asociado_a_contenedor,SI,btz_description_12,escrito_slot_05_80
PP-DSC-CCC-DCCD06,DCCD06 DESC PRIMERA PASADA | Grupo: PP-CCC,184070,e873c32e-5e0c-4f36-b2a7-48d4917bce06-0002cf06,PP > PP-DSC-LGC-DESCASCARADO > Silo de cascara,contenedor_por_ancestro_project,PP-DSC-LGC-DESCASCARADO,asociado_a_contenedor,SI,btz_description_12,escrito_slot_05_80
PP-DSC-VNT-DVE04,VENTILADOR DVE04 DESCASCARADO PRIMERA PASADA | Grupo: PP-VNT DVE04-DVE05,183538,e873c32e-5e0c-4f36-b2a7-48d4917bce06-0002ccf2,PP > PP-DSC-LGC-DESCASCARADO > Silo de cascara,contenedor_por_ancestro_project,PP-DSC-LGC-DESCASCARADO,asociado_a_contenedor,SI,btz_description_13,escrito_slot_05_80
PP-DSC-CCL-CDVE04,CICLON DVE04 | Grupo: PP-CCL CICLON DESCASC,183638,e873c32e-5e0c-4f36-b2a7-48d4917bce06-0002cd56,PP > PP-DSC-LGC-DESCASCARADO > Silo de cascara,contenedor_por_ancestro_project,PP-DSC-LGC-DESCASCARADO,asociado_a_contenedor,SI,btz_description_15,escrito_slot_05_80
PP-DSC-VLV-DVR03,VALVULA ROTATIVA DVE04 | Grupo: PP-VLV ROTATIVA DVR03 Y DVR04,183810,e873c32e-5e0c-4f36-b2a7-48d4917bce06-0002ce02,PP > PP-DSC-LGC-DESCASCARADO > Silo de cascara,contenedor_por_ancestro_project,PP-DSC-LGC-DESCASCARADO,asociado_a_contenedor,SI,btz_description_13,escrito_slot_05_80
PP-DSC-VNT-DVE05,VENTILADOR DVE05 DESCASCARADO PRIMERA PASADA | Grupo: PP-VNT DVE04-DVE05,184070,e873c32e-5e0c-4f36-b2a7-48d4917bce06-0002cf06,PP > PP-DSC-LGC-DESCASCARADO > Silo de cascara,contenedor_por_ancestro_project,PP-DSC-LGC-DESCASCARADO,asociado_a_contenedor,SI,btz_description_13,escrito_slot_05_80
PP-DSC-CCL-CDVE05,CICLON DVE05 | Grupo: PP-CCL CICLON DESCASC,183538,e873c32e-5e0c-4f36-b2a7-48d4917bce06-0002ccf2,PP > PP-DSC-LGC-DESCASCARADO > Silo de cascara,contenedor_por_ancestro_project,PP-DSC-LGC-DESCASCARADO,asociado_a_contenedor,SI,btz_description_14,escrito_slot_05_80
PP-DSC-VLV-DVR04,VALVULA ROTATIVA DVE05 | Grupo: PP-VLV ROTATIVA DVR03 Y DVR04,183638,e873c32e-5e0c-4f36-b2a7-48d4917bce06-0002cd56,PP > PP-DSC-LGC-DESCASCARADO > Silo de cascara,contenedor_por_ancestro_project,PP-DSC-LGC-DESCASCARADO,asociado_a_contenedor,SI,btz_description_16,escrito_slot_05_80
PP-DSC-LGC-MOLINO,SECTOR MOLINO DESCASCARADO PTA PTO | Grupo: PP-SECTOR MOLINO DESC,183810,e873c32e-5e0c-4f36-b2a7-48d4917bce06-0002ce02,PP > PP-DSC-LGC-DESCASCARADO > Silo de cascara,contenedor_por_ancestro_project,PP-DSC-LGC-DESCASCARADO,asociado_a_contenedor,SI,btz_description_14,escrito_slot_05_80
PP-DSC-BMB-DBS01,SOPLANTE ROOTS CASC A PELLETEADO | Grupo: PP-BMB SOPLANTE DBS01,184070,e873c32e-5e0c-4f36-b2a7-48d4917bce06-0002cf06,PP > PP-DSC-LGC-DESCASCARADO > Silo de cascara,contenedor_por_ancestro_project,PP-DSC-LGC-DESCASCARADO,asociado_a_contenedor,SI,btz_description_14,escrito_slot_05_80
PP-DSC-MLN-DM01,MOLINO A MARTILLO DE CASCARA | Grupo: PP-MLN DM01,183538,e873c32e-5e0c-4f36-b2a7-48d4917bce06-0002ccf2,PP > PP-DSC-LGC-DESCASCARADO > Silo de cascara,contenedor_por_ancestro_project,PP-DSC-LGC-DESCASCARADO,asociado_a_contenedor,SI,btz_description_15,escrito_slot_05_80
PP-DSC-RSC-DMA01,ROSCA ALIMENTADOR DE DM01 | Grupo: PP-RSC ALIM DMA01,183638,e873c32e-5e0c-4f36-b2a7-48d4917bce06-0002cd56,PP > PP-DSC-LGC-DESCASCARADO > Silo de cascara,contenedor_por_ancestro_project,PP-DSC-LGC-DESCASCARADO,asociado_a_contenedor,SI,btz_description_17,escrito_slot_05_80
PP-DSC-RSC-DSF09,ROSCA DSF09 A DMA01 (MOLINO CASCARA) | Grupo: PP-RSC-DSF09,183810,e873c32e-5e0c-4f36-b2a7-48d4917bce06-0002ce02,PP > PP-DSC-LGC-DESCASCARADO > Silo de cascara,contenedor_por_ancestro_project,PP-DSC-LGC-DESCASCARADO,asociado_a_contenedor,SI,btz_description_15,escrito_slot_05_80
PP-DSC-RSC-DSFM01,SALIDA DE MOLINO DM01 | Grupo: PP-RSC-DSFM01,184070,e873c32e-5e0c-4f36-b2a7-48d4917bce06-0002cf06,PP > PP-DSC-LGC-DESCASCARADO > Silo de cascara,contenedor_por_ancestro_project,PP-DSC-LGC-DESCASCARADO,asociado_a_contenedor,SI,btz_description_15,escrito_slot_05_80
PP-DSC-VLV-DVR16,CONJUNTO VALVULA ROTATIVA GRANDE DVR16 (SOPLANTE DBS01) | Grupo: PP-VLV ROTATIVA CONJUNTO DVR16,183538,e873c32e-5e0c-4f36-b2a7-48d4917bce06-0002ccf2,PP > PP-DSC-LGC-DESCASCARADO > Silo de cascara,contenedor_por_ancestro_project,PP-DSC-LGC-DESCASCARADO,asociado_a_contenedor,SI,btz_description_16,escrito_slot_05_80
PP-DSC-LGC-QUEBRADORES,SECTOR QUEBRADORES PRIMARIOS PTA PTO | Grupo: PP-SECTOR QBR DESC,183638,e873c32e-5e0c-4f36-b2a7-48d4917bce06-0002cd56,PP > PP-DSC-LGC-DESCASCARADO > Silo de cascara,contenedor_por_ancestro_project,PP-DSC-LGC-DESCASCARADO,asociado_a_contenedor,SI,btz_description_18,escrito_slot_05_80
PP-DSC-QBR-DQ01,QUEBRADOR DQ01 DESC PRIMERA PASADA | Grupo: PP-QBR BUHLER,183810,e873c32e-5e0c-4f36-b2a7-48d4917bce06-0002ce02,PP > PP-DSC-LGC-DESCASCARADO > Silo de cascara,contenedor_por_ancestro_project,PP-DSC-LGC-DESCASCARADO,asociado_a_contenedor,SI,btz_description_16,escrito_slot_05_80
PP-DSC-ALM-DQA01,ALIMENTADOR DQA01 | Grupo: PP-ALM QBR BUHLER,184070,e873c32e-5e0c-4f36-b2a7-48d4917bce06-0002cf06,PP > PP-DSC-LGC-DESCASCARADO > Silo de cascara,contenedor_por_ancestro_project,PP-DSC-LGC-DESCASCARADO,asociado_a_contenedor,SI,btz_description_16,escrito_slot_05_80
PP-DSC-QBR-DQ02,QUEBRADOR DQ02 DESC PRIMERA PASADA | Grupo: PP-QBR BUHLER,183538,e873c32e-5e0c-4f36-b2a7-48d4917bce06-0002ccf2,PP > PP-DSC-LGC-DESCASCARADO > Silo de cascara,contenedor_por_ancestro_project,PP-DSC-LGC-DESCASCARADO,asociado_a_contenedor,SI,btz_description_17,escrito_slot_05_80
PP-DSC-ALM-DQA02,ALIMENTADOR DQA02 | Grupo: PP-ALM QBR BUHLER,183638,e873c32e-5e0c-4f36-b2a7-48d4917bce06-0002cd56,PP > PP-DSC-LGC-DESCASCARADO > Silo de cascara,contenedor_por_ancestro_project,PP-DSC-LGC-DESCASCARADO,asociado_a_contenedor,SI,btz_description_19,escrito_slot_05_80
PP-DSC-QBR-DQ03,QUEBRADOR DQ03 DESC PRIMERA PASADA | Grupo: PP-QBR BUHLER,183810,e873c32e-5e0c-4f36-b2a7-48d4917bce06-0002ce02,PP > PP-DSC-LGC-DESCASCARADO > Silo de cascara,contenedor_por_ancestro_project,PP-DSC-LGC-DESCASCARADO,asociado_a_contenedor,SI,btz_description_17,escrito_slot_05_80
PP-DSC-ALM-DQA03,ALIMENTADOR DQA03 | Grupo: PP-ALM QBR BUHLER,184070,e873c32e-5e0c-4f36-b2a7-48d4917bce06-0002cf06,PP > PP-DSC-LGC-DESCASCARADO > Silo de cascara,contenedor_por_ancestro_project,PP-DSC-LGC-DESCASCARADO,asociado_a_contenedor,SI,btz_description_17,escrito_slot_05_80
PP-DSC-QBR-DQ04,QUEBRADOR DQ04 DESC PRIMERA PASADA | Grupo: PP-QBR DQ04,183538,e873c32e-5e0c-4f36-b2a7-48d4917bce06-0002ccf2,PP > PP-DSC-LGC-DESCASCARADO > Silo de cascara,contenedor_por_ancestro_project,PP-DSC-LGC-DESCASCARADO,asociado_a_contenedor,SI,btz_description_18,escrito_slot_05_80
PP-DSC-ALM-DQA04,ALIMENTADOR DQA04 | Grupo: PP-ALM QBR DQA04,183638,e873c32e-5e0c-4f36-b2a7-48d4917bce06-0002cd56,PP > PP-DSC-LGC-DESCASCARADO > Silo de cascara,contenedor_por_ancestro_project,PP-DSC-LGC-DESCASCARADO,asociado_a_contenedor,SI,btz_description_20,escrito_slot_05_80
PP-DSC-QBR-DQ05,QUEBRADOR DQ05 DESC PRIMERA PASADA | Grupo: PP-QBR BUHLER,183810,e873c32e-5e0c-4f36-b2a7-48d4917bce06-0002ce02,PP > PP-DSC-LGC-DESCASCARADO > Silo de cascara,contenedor_por_ancestro_project,PP-DSC-LGC-DESCASCARADO,asociado_a_contenedor,SI,btz_description_18,escrito_slot_05_80
PP-DSC-ALM-DQA05,ALIMENTADOR DQA05 | Grupo: PP-ALM QBR BUHLER,184070,e873c32e-5e0c-4f36-b2a7-48d4917bce06-0002cf06,PP > PP-DSC-LGC-DESCASCARADO > Silo de cascara,contenedor_por_ancestro_project,PP-DSC-LGC-DESCASCARADO,asociado_a_contenedor,SI,btz_description_18,escrito_slot_05_80
PP-DSC-QBR-DQ06,QUEBRADOR DQ06 DESC PRIMERA PASADA | Grupo: PP-QBR BUHLER,183538,e873c32e-5e0c-4f36-b2a7-48d4917bce06-0002ccf2,PP > PP-DSC-LGC-DESCASCARADO > Silo de cascara,contenedor_por_ancestro_project,PP-DSC-LGC-DESCASCARADO,asociado_a_contenedor,SI,btz_description_19,escrito_slot_05_80
PP-DSC-ALM-DQA06,ALIMENTADOR DQA06 | Grupo: PP-ALM QBR BUHLER,183638,e873c32e-5e0c-4f36-b2a7-48d4917bce06-0002cd56,PP > PP-DSC-LGC-DESCASCARADO > Silo de cascara,contenedor_por_ancestro_project,PP-DSC-LGC-DESCASCARADO,asociado_a_contenedor,SI,btz_description_21,escrito_slot_05_80
PP-DSC-LGC-REDLER,CONJUNTO REDLER DESCASCARADO PTA PTO | Grupo: PP-CONJ RDL DESC,183810,e873c32e-5e0c-4f36-b2a7-48d4917bce06-0002ce02,PP > PP-DSC-LGC-DESCASCARADO > Silo de cascara,contenedor_por_ancestro_project,PP-DSC-LGC-DESCASCARADO,asociado_a_contenedor,SI,btz_description_19,escrito_slot_05_80
PP-DSC-RDL-DR02,REDLER DR02 CARGA QUEBRADORES DESCASCARADO PRIMERA PASADA | Grupo: PP-REDLER DR02,184070,e873c32e-5e0c-4f36-b2a7-48d4917bce06-0002cf06,PP > PP-DSC-LGC-DESCASCARADO > Silo de cascara,contenedor_por_ancestro_project,PP-DSC-LGC-DESCASCARADO,asociado_a_contenedor,SI,btz_description_19,escrito_slot_05_80
PP-DSC-RDL-DR05A,RECIBE RZ01A A DR05 (QUEBRADORES) | Grupo: PP-REDLER DR05A,183538,e873c32e-5e0c-4f36-b2a7-48d4917bce06-0002ccf2,PP > PP-DSC-LGC-DESCASCARADO > Silo de cascara,contenedor_por_ancestro_project,PP-DSC-LGC-DESCASCARADO,asociado_a_contenedor,SI,btz_description_20,escrito_slot_05_80
PP-DSC-RDL-DR08,REDLER DR08 REDLER A RZ02 | Grupo: PP-REDLER DR08,183638,e873c32e-5e0c-4f36-b2a7-48d4917bce06-0002cd56,PP > PP-DSC-LGC-DESCASCARADO > Silo de cascara,contenedor_por_ancestro_project,PP-DSC-LGC-DESCASCARADO,asociado_a_contenedor,SI,btz_description_22,escrito_slot_05_80
PP-DSC-RDL-DR09,REDLER DR09 REDLER A RZ03 | Grupo: PP-REDLER DR09,183810,e873c32e-5e0c-4f36-b2a7-48d4917bce06-0002ce02,PP > PP-DSC-LGC-DESCASCARADO > Silo de cascara,contenedor_por_ancestro_project,PP-DSC-LGC-DESCASCARADO,asociado_a_contenedor,SI,btz_description_20,escrito_slot_05_80
PP-DSC-RDL-DR10,REDLER DR10 REDLER ALIMENTAC CCC LINEA 1 | Grupo: PP-REDLER DR10,184070,e873c32e-5e0c-4f36-b2a7-48d4917bce06-0002cf06,PP > PP-DSC-LGC-DESCASCARADO > Silo de cascara,contenedor_por_ancestro_project,PP-DSC-LGC-DESCASCARADO,asociado_a_contenedor,SI,btz_description_20,escrito_slot_05_80
PP-DSC-RDL-DR11,REDLER DR11 REDLER ALIMNETAC CCC LINEA 2 | Grupo: PP-REDLER DR11,183538,e873c32e-5e0c-4f36-b2a7-48d4917bce06-0002ccf2,PP > PP-DSC-LGC-DESCASCARADO > Silo de cascara,contenedor_por_ancestro_project,PP-DSC-LGC-DESCASCARADO,asociado_a_contenedor,SI,btz_description_21,escrito_slot_05_80
PP-DSC-RDL-DR14,REDLER DR14 (CASCARA DE ZARANDAS) | Grupo: PP-REDLER DR14,183638,e873c32e-5e0c-4f36-b2a7-48d4917bce06-0002cd56,PP > PP-DSC-LGC-DESCASCARADO > Silo de cascara,contenedor_por_ancestro_project,PP-DSC-LGC-DESCASCARADO,asociado_a_contenedor,SI,btz_description_23,escrito_slot_05_80
PP-DSC-RDL-DR17,REDLER DR17 FINOS DE ZARANDAS ROTEX A R1 | Grupo: PP-REDLER DR17,183810,e873c32e-5e0c-4f36-b2a7-48d4917bce06-0002ce02,PP > PP-DSC-LGC-DESCASCARADO > Silo de cascara,contenedor_por_ancestro_project,PP-DSC-LGC-DESCASCARADO,asociado_a_contenedor,SI,btz_description_21,escrito_slot_05_80
PP-DSC-RDL-DR18,DR18 FINOS DE ZAR. ROTEX A RZ01 (COMPARTE DR17) | Grupo: PP-REDLER DR18,184070,e873c32e-5e0c-4f36-b2a7-48d4917bce06-0002cf06,PP > PP-DSC-LGC-DESCASCARADO > Silo de cascara,contenedor_por_ancestro_project,PP-DSC-LGC-DESCASCARADO,asociado_a_contenedor,SI,btz_description_21,escrito_slot_05_80
PP-DSC-RDL-DRZ01,REDLER DRZ01 A R08 | Grupo: PP-REDLER DRZ01,183538,e873c32e-5e0c-4f36-b2a7-48d4917bce06-0002ccf2,PP > PP-DSC-LGC-DESCASCARADO > Silo de cascara,contenedor_por_ancestro_project,PP-DSC-LGC-DESCASCARADO,asociado_a_contenedor,SI,btz_description_22,escrito_slot_05_80
PP-DSC-RDL-RZ01A,REDLER RZ01A RECIBE DE CCC´S DESCASCARADO PRIMERA PASADA | Grupo: PP-REDLER RZ01A,183638,e873c32e-5e0c-4f36-b2a7-48d4917bce06-0002cd56,PP > PP-DSC-LGC-DESCASCARADO > Silo de cascara,contenedor_por_ancestro_project,PP-DSC-LGC-DESCASCARADO,asociado_a_contenedor,SI,btz_description_24,escrito_slot_05_80
PP-DSC-LGC-ZARANDAS,SECTOR ZARANDAS DESCASCARADO PTA PTO | Grupo: PP-SECTOR ZRN DESC,183810,e873c32e-5e0c-4f36-b2a7-48d4917bce06-0002ce02,PP > PP-DSC-LGC-DESCASCARADO > Silo de cascara,contenedor_por_ancestro_project,PP-DSC-LGC-DESCASCARADO,asociado_a_contenedor,SI,btz_description_22,escrito_slot_05_80
PP-DSC-RSC-DSF02,SIN FIN DSF02 ALIMENTA DZ01 Y DZ02 | Grupo: PP-RSC-DSF02,184070,e873c32e-5e0c-4f36-b2a7-48d4917bce06-0002cf06,PP > PP-DSC-LGC-DESCASCARADO > Silo de cascara,contenedor_por_ancestro_project,PP-DSC-LGC-DESCASCARADO,asociado_a_contenedor,SI,btz_description_22,escrito_slot_05_80
PP-DSC-RSC-DSF03,SIN FIN DSF03 ALIMENTA DZ03 Y DZ04 | Grupo: PP-RSC-DSF03,183538,e873c32e-5e0c-4f36-b2a7-48d4917bce06-0002ccf2,PP > PP-DSC-LGC-DESCASCARADO > Silo de cascara,contenedor_por_ancestro_project,PP-DSC-LGC-DESCASCARADO,asociado_a_contenedor,SI,btz_description_23,escrito_slot_05_80
PP-DSC-ZRN-DZ01,ZARANDA ROTEX DZ01 MODELO 5722S | Grupo: PP-ZRN ZARANDA 5722S,183638,e873c32e-5e0c-4f36-b2a7-48d4917bce06-0002cd56,PP > PP-DSC-LGC-DESCASCARADO > Silo de cascara,contenedor_por_ancestro_project,PP-DSC-LGC-DESCASCARADO,asociado_a_contenedor,SI,btz_description_25,escrito_slot_05_80
PP-DSC-ZRN-DZ02,ZARANDA ROTEX DZ02 MODELO 5722S | Grupo: PP-ZRN ZARANDA 5722S,183810,e873c32e-5e0c-4f36-b2a7-48d4917bce06-0002ce02,PP > PP-DSC-LGC-DESCASCARADO > Silo de cascara,contenedor_por_ancestro_project,PP-DSC-LGC-DESCASCARADO,asociado_a_contenedor,SI,btz_description_23,escrito_slot_05_80
PP-DSC-ZRN-DZ03,ZARANDA ROTEX DZ03 MODELO 5722S | Grupo: PP-ZRN ZARANDA 5722S,184070,e873c32e-5e0c-4f36-b2a7-48d4917bce06-0002cf06,PP > PP-DSC-LGC-DESCASCARADO > Silo de cascara,contenedor_por_ancestro_project,PP-DSC-LGC-DESCASCARADO,asociado_a_contenedor,SI,btz_description_23,escrito_slot_05_80
PP-DSC-ZRN-DZ04,ZARANDA ROTEX DZ04 MODELO 5722S | Grupo: PP-ZRN ZARANDA 5722S,183538,e873c32e-5e0c-4f36-b2a7-48d4917bce06-0002ccf2,PP > PP-DSC-LGC-DESCASCARADO > Silo de cascara,contenedor_por_ancestro_project,PP-DSC-LGC-DESCASCARADO,asociado_a_contenedor,SI,btz_description_24,escrito_slot_05_80
PP-DSC-LMN-DL01,"LAMINADOR AC-200 DE FINOS, RECIBE  DR17 | Grupo: PP-LMN DL01",183638,e873c32e-5e0c-4f36-b2a7-48d4917bce06-0002cd56,PP > PP-DSC-LGC-DESCASCARADO > Silo de cascara,contenedor_por_ancestro_project,PP-DSC-LGC-DESCASCARADO,asociado_a_contenedor,SI,btz_description_26,escrito_slot_05_80
PP-DSC-ALM-DLA01,ALIMENTADOR DL01 | Grupo: PP-ALM DLA01,183810,e873c32e-5e0c-4f36-b2a7-48d4917bce06-0002ce02,PP > PP-DSC-LGC-DESCASCARADO > Silo de cascara,contenedor_por_ancestro_project,PP-DSC-LGC-DESCASCARADO,asociado_a_contenedor,SI,btz_description_24,escrito_slot_05_80
PP-DSC-CHD-DLBH01,BOMBA CENTRAL HIDRAULICA DL01 | Grupo: PP-CHD CTRAL HID LAM DL01,184070,e873c32e-5e0c-4f36-b2a7-48d4917bce06-0002cf06,PP > PP-DSC-LGC-DESCASCARADO > Silo de cascara,contenedor_por_ancestro_project,PP-DSC-LGC-DESCASCARADO,asociado_a_contenedor,SI,btz_description_24,escrito_slot_05_80
PP-DSC-SLO-SILO,SILO DE CASCARA | Grupo: PP-SLO SILO,183538,e873c32e-5e0c-4f36-b2a7-48d4917bce06-0002ccf2,PP > PP-DSC-LGC-DESCASCARADO > Silo de cascara,contenedor_por_ancestro_project,PP-DSC-LGC-DESCASCARADO,asociado_a_contenedor,SI,btz_description_25,escrito_slot_05_80
PP-DSC-RSC-DSF06,"ROSCA DSF06, SALIDA SILO DE CASCARA | Grupo: PP-RSC-DSF06",183638,e873c32e-5e0c-4f36-b2a7-48d4917bce06-0002cd56,PP > PP-DSC-LGC-DESCASCARADO > Silo de cascara,contenedor_por_ancestro_project,PP-DSC-LGC-DESCASCARADO,asociado_a_contenedor,SI,btz_description_27,escrito_slot_05_80
PP-DSC-RSC-DSF07,"ROSCA DSF07, CARGA SILO DE CASCARA | Grupo: PP-RSC-DSF07",183810,e873c32e-5e0c-4f36-b2a7-48d4917bce06-0002ce02,PP > PP-DSC-LGC-DESCASCARADO > Silo de cascara,contenedor_por_ancestro_project,PP-DSC-LGC-DESCASCARADO,asociado_a_contenedor,SI,btz_description_25,escrito_slot_05_80
PP-EXT-LGC-EXTRACCION,SECTOR EXTRACCION EXTRACCION PTA PTO | Grupo: PP-SECTOR,179296,e873c32e-5e0c-4f36-b2a7-48d4917bce06-0002bc60,PP > PP-EXT-LGC-EXTRACCION > PP-EXT-LGC-DESGOMADO,contenedor_por_match_puntual_multi,PP-EXT-LGC-EXTRACCION,asociado_a_contenedor,SI,btz_description_02,ya_existia_en_btz
PP-EXT-BMB-BO15,BOMBA BO15  MISCELA | Grupo: PP-BMB CENTRIF BO15,179296,e873c32e-5e0c-4f36-b2a7-48d4917bce06-0002bc60,PP > PP-EXT-LGC-EXTRACCION > PP-EXT-LGC-DESGOMADO,contenedor_por_ancestro_project,PP-EXT-LGC-EXTRACCION,asociado_a_contenedor,SI,btz_description_05,escrito_slot_05_80
PP-EXT-BMB-BO52,BOMBA BO52 DE RECIRCULACION ENTRE BO13 Y BO15 | Grupo: PP-BMB CENTRIF BO52E,179346,e873c32e-5e0c-4f36-b2a7-48d4917bce06-0002bc92,PP > PP-EXT-LGC-EXTRACCION > PP-EXT-LGC-DESGOMADO,contenedor_por_ancestro_project,PP-EXT-LGC-EXTRACCION,asociado_a_contenedor,SI,btz_description_05,escrito_slot_05_80
PP-EXT-CIL-SOV-080,CILINDRO NEUMATICO CUCHILLA ENTRADA EXTRACTOR | Grupo: PP-CIL CILINDRO NEUAMT,366559,58a0c5ec-573a-4dcc-9a0e-9d96a2f21f89-000597df,PP > PP-EXT-LGC-EXTRACCION > PP-EXT-LGC-DESGOMADO,contenedor_por_ancestro_project,PP-EXT-LGC-EXTRACCION,asociado_a_contenedor,SI,btz_description_05,escrito_slot_05_80
PP-EXT-CLT-CALENT,CALENTADOR CL01 DE SOLVENTE | Grupo: PP-CLT CAL SOLVENTE,366791,58a0c5ec-573a-4dcc-9a0e-9d96a2f21f89-000598c7,PP > PP-EXT-LGC-EXTRACCION > PP-EXT-LGC-DESGOMADO,contenedor_por_ancestro_project,PP-EXT-LGC-EXTRACCION,asociado_a_contenedor,SI,btz_description_05,escrito_slot_05_80
PP-EXT-CND-COND,CONDENSADOR CD01 EXTRACTOR | Grupo: PP-CND CONDENSADOR,366838,58a0c5ec-573a-4dcc-9a0e-9d96a2f21f89-000598f6,PP > PP-EXT-LGC-EXTRACCION > PP-EXT-LGC-DESGOMADO,contenedor_por_ancestro_project,PP-EXT-LGC-EXTRACCION,asociado_a_contenedor,SI,btz_description_05,escrito_slot_05_80
PP-EXT-FLT-F-AMIAD,F-AMIAD MISCELAS (AUTOLIMPIANTE) | Grupo: PP-FLT AMIAD,366859,58a0c5ec-573a-4dcc-9a0e-9d96a2f21f89-0005990b,PP > PP-EXT-LGC-EXTRACCION > PP-EXT-LGC-DESGOMADO,contenedor_por_ancestro_project,PP-EXT-LGC-EXTRACCION,asociado_a_contenedor,SI,btz_description_05,escrito_slot_05_80
PP-EXT-INT-INT01,INTERCAM. ACEITE/MISCELA | Grupo: PP-INT PLACAS AC/MIS,366922,58a0c5ec-573a-4dcc-9a0e-9d96a2f21f89-0005994a,PP > PP-EXT-LGC-EXTRACCION > PP-EXT-LGC-DESGOMADO,contenedor_por_ancestro_project,PP-EXT-LGC-EXTRACCION,asociado_a_contenedor,SI,btz_description_05,escrito_slot_05_80
PP-EXT-LGC-BMB,CONJUNTO DE BOMBAS DE RECIRCULACION EXTRACCION PTA PTO | Grupo: PP-CONJ BMB RECIRC EXT,179296,e873c32e-5e0c-4f36-b2a7-48d4917bce06-0002bc60,PP > PP-EXT-LGC-EXTRACCION > PP-EXT-LGC-DESGOMADO,contenedor_por_ancestro_project,PP-EXT-LGC-EXTRACCION,asociado_a_contenedor,SI,btz_description_06,escrito_slot_05_80
PP-EXT-BMB-BO02,BOMBA BO02  RECIRCULACION | Grupo: PP-BMB CENTRIF RIEGO,179346,e873c32e-5e0c-4f36-b2a7-48d4917bce06-0002bc92,PP > PP-EXT-LGC-EXTRACCION > PP-EXT-LGC-DESGOMADO,contenedor_por_ancestro_project,PP-EXT-LGC-EXTRACCION,asociado_a_contenedor,SI,btz_description_06,escrito_slot_05_80
PP-EXT-BMB-BO03,BOMBA BO03  RECIRCULACION | Grupo: PP-BMB CENTRIF RIEGO,366559,58a0c5ec-573a-4dcc-9a0e-9d96a2f21f89-000597df,PP > PP-EXT-LGC-EXTRACCION > PP-EXT-LGC-DESGOMADO,contenedor_por_ancestro_project,PP-EXT-LGC-EXTRACCION,asociado_a_contenedor,SI,btz_description_06,escrito_slot_05_80
PP-EXT-BMB-BO04,BOMBA BO04  RECIRCULACION | Grupo: PP-BMB CENTRIF RIEGO,366791,58a0c5ec-573a-4dcc-9a0e-9d96a2f21f89-000598c7,PP > PP-EXT-LGC-EXTRACCION > PP-EXT-LGC-DESGOMADO,contenedor_por_ancestro_project,PP-EXT-LGC-EXTRACCION,asociado_a_contenedor,SI,btz_description_06,escrito_slot_05_80
PP-EXT-BMB-BO05,BOMBA BO05  RECIRCULACION | Grupo: PP-BMB CENTRIF RIEGO,366838,58a0c5ec-573a-4dcc-9a0e-9d96a2f21f89-000598f6,PP > PP-EXT-LGC-EXTRACCION > PP-EXT-LGC-DESGOMADO,contenedor_por_ancestro_project,PP-EXT-LGC-EXTRACCION,asociado_a_contenedor,SI,btz_description_06,escrito_slot_05_80
PP-EXT-BMB-BO06,BOMBA BO06  RECIRCULACION | Grupo: PP-BMB CENTRIF RIEGO,366859,58a0c5ec-573a-4dcc-9a0e-9d96a2f21f89-0005990b,PP > PP-EXT-LGC-EXTRACCION > PP-EXT-LGC-DESGOMADO,contenedor_por_ancestro_project,PP-EXT-LGC-EXTRACCION,asociado_a_contenedor,SI,btz_description_06,escrito_slot_05_80
PP-EXT-BMB-BO07,BOMBA BO07  RECIRCULACION | Grupo: PP-BMB CENTRIF RIEGO,366922,58a0c5ec-573a-4dcc-9a0e-9d96a2f21f89-0005994a,PP > PP-EXT-LGC-EXTRACCION > PP-EXT-LGC-DESGOMADO,contenedor_por_ancestro_project,PP-EXT-LGC-EXTRACCION,asociado_a_contenedor,SI,btz_description_06,escrito_slot_05_80
PP-EXT-BMB-BO08,BOMBA BO08  RECIRCULACION | Grupo: PP-BMB CENTRIF RIEGO,179296,e873c32e-5e0c-4f36-b2a7-48d4917bce06-0002bc60,PP > PP-EXT-LGC-EXTRACCION > PP-EXT-LGC-DESGOMADO,contenedor_por_ancestro_project,PP-EXT-LGC-EXTRACCION,asociado_a_contenedor,SI,btz_description_07,escrito_slot_05_80
PP-EXT-BMB-BO09,BOMBA BO09  RECIRCULACION | Grupo: PP-BMB CENTRIF RIEGO,179346,e873c32e-5e0c-4f36-b2a7-48d4917bce06-0002bc92,PP > PP-EXT-LGC-EXTRACCION > PP-EXT-LGC-DESGOMADO,contenedor_por_ancestro_project,PP-EXT-LGC-EXTRACCION,asociado_a_contenedor,SI,btz_description_07,escrito_slot_05_80
PP-EXT-BMB-BO10,BOMBA BO10  RECIRCULACION | Grupo: PP-BMB CENTRIF RIEGO,366559,58a0c5ec-573a-4dcc-9a0e-9d96a2f21f89-000597df,PP > PP-EXT-LGC-EXTRACCION > PP-EXT-LGC-DESGOMADO,contenedor_por_ancestro_project,PP-EXT-LGC-EXTRACCION,asociado_a_contenedor,SI,btz_description_07,escrito_slot_05_80
PP-EXT-BMB-BO11,BOMBA BO11  RECIRCULACION | Grupo: PP-BMB CENTRIF RIEGO,366791,58a0c5ec-573a-4dcc-9a0e-9d96a2f21f89-000598c7,PP > PP-EXT-LGC-EXTRACCION > PP-EXT-LGC-DESGOMADO,contenedor_por_ancestro_project,PP-EXT-LGC-EXTRACCION,asociado_a_contenedor,SI,btz_description_07,escrito_slot_05_80
PP-EXT-BMB-BO12,BOMBA BO12  RECIRCULACION | Grupo: PP-BMB CENTRIF RIEGO,366838,58a0c5ec-573a-4dcc-9a0e-9d96a2f21f89-000598f6,PP > PP-EXT-LGC-EXTRACCION > PP-EXT-LGC-DESGOMADO,contenedor_por_ancestro_project,PP-EXT-LGC-EXTRACCION,asociado_a_contenedor,SI,btz_description_07,escrito_slot_05_80
PP-EXT-BMB-BO13,BOMBA BO13  RECIRCULACION | Grupo: PP-BMB CENTRIF RIEGO,366859,58a0c5ec-573a-4dcc-9a0e-9d96a2f21f89-0005990b,PP > PP-EXT-LGC-EXTRACCION > PP-EXT-LGC-DESGOMADO,contenedor_por_ancestro_project,PP-EXT-LGC-EXTRACCION,asociado_a_contenedor,SI,btz_description_07,escrito_slot_05_80
PP-EXT-BMB-BO14,BOMBA BO14  RECIRCULACION | Grupo: PP-BMB CENTRIF RIEGO,366922,58a0c5ec-573a-4dcc-9a0e-9d96a2f21f89-0005994a,PP > PP-EXT-LGC-EXTRACCION > PP-EXT-LGC-DESGOMADO,contenedor_por_ancestro_project,PP-EXT-LGC-EXTRACCION,asociado_a_contenedor,SI,btz_description_07,escrito_slot_05_80
PP-EXT-BMB-BO16,BOMBA BO16 DE ELEVACION MISCELA (ACTUAL ETA 250-40) | Grupo: PP-BMB CENTRIF RIEGO,179296,e873c32e-5e0c-4f36-b2a7-48d4917bce06-0002bc60,PP > PP-EXT-LGC-EXTRACCION > PP-EXT-LGC-DESGOMADO,contenedor_por_ancestro_project,PP-EXT-LGC-EXTRACCION,asociado_a_contenedor,SI,btz_description_08,escrito_slot_05_80
PP-EXT-BMB-BO17,BOMBA BO17 RECIRCULACION | Grupo: PP-BMB CENTRIF RIEGO,179346,e873c32e-5e0c-4f36-b2a7-48d4917bce06-0002bc92,PP > PP-EXT-LGC-EXTRACCION > PP-EXT-LGC-DESGOMADO,contenedor_por_ancestro_project,PP-EXT-LGC-EXTRACCION,asociado_a_contenedor,SI,btz_description_08,escrito_slot_05_80
PP-EXT-LGC-HIDROCICLONES,CONJUNTO DE HIDROCICLONES CONJUNTO EXTRACCION PTA PTO | Grupo: PP-HIDROCICLONES EXT,366559,58a0c5ec-573a-4dcc-9a0e-9d96a2f21f89-000597df,PP > PP-EXT-LGC-EXTRACCION > PP-EXT-LGC-DESGOMADO,contenedor_por_ancestro_project,PP-EXT-LGC-EXTRACCION,asociado_a_contenedor,SI,btz_description_08,escrito_slot_05_80
PP-EXT-HDR-HCP01,HIDROCICLON PRIMARIO HCP01 LADO NORTE | Grupo: PP-HIDROCICLON PRIM,366791,58a0c5ec-573a-4dcc-9a0e-9d96a2f21f89-000598c7,PP > PP-EXT-LGC-EXTRACCION > PP-EXT-LGC-DESGOMADO,contenedor_por_ancestro_project,PP-EXT-LGC-EXTRACCION,asociado_a_contenedor,SI,btz_description_08,escrito_slot_05_80
PP-EXT-HDR-HCP02,HIDROCICLON PRIMARIO HCP02 LADO SUR | Grupo: PP-HIDROCICLON PRIM,366838,58a0c5ec-573a-4dcc-9a0e-9d96a2f21f89-000598f6,PP > PP-EXT-LGC-EXTRACCION > PP-EXT-LGC-DESGOMADO,contenedor_por_ancestro_project,PP-EXT-LGC-EXTRACCION,asociado_a_contenedor,SI,btz_description_08,escrito_slot_05_80
PP-EXT-HDR-HCS01N,HIDROCICLON SECUND. HCS01N LADO NORTE-ESTE A OESTE | Grupo: PP-HIDROCICLON SECUND,366859,58a0c5ec-573a-4dcc-9a0e-9d96a2f21f89-0005990b,PP > PP-EXT-LGC-EXTRACCION > PP-EXT-LGC-DESGOMADO,contenedor_por_ancestro_project,PP-EXT-LGC-EXTRACCION,asociado_a_contenedor,SI,btz_description_08,escrito_slot_05_80
PP-EXT-HDR-HCS01S,HIDROCICLON SECUND. HCS01S LADO SUR-ESTE A OESTE | Grupo: PP-HIDROCICLON SECUND,366922,58a0c5ec-573a-4dcc-9a0e-9d96a2f21f89-0005994a,PP > PP-EXT-LGC-EXTRACCION > PP-EXT-LGC-DESGOMADO,contenedor_por_ancestro_project,PP-EXT-LGC-EXTRACCION,asociado_a_contenedor,SI,btz_description_08,escrito_slot_05_80
PP-EXT-HDR-HCS02N,HIDROCICLON SECUND. HCS02N LADO NORTE-ESTE A OESTE | Grupo: PP-HIDROCICLON SECUND,179296,e873c32e-5e0c-4f36-b2a7-48d4917bce06-0002bc60,PP > PP-EXT-LGC-EXTRACCION > PP-EXT-LGC-DESGOMADO,contenedor_por_ancestro_project,PP-EXT-LGC-EXTRACCION,asociado_a_contenedor,SI,btz_description_09,escrito_slot_05_80
PP-EXT-HDR-HCS02S,HIDROCICLON SECUND. HCS02S LADO SUR-ESTE A OESTE | Grupo: PP-HIDROCICLON SECUND,179346,e873c32e-5e0c-4f36-b2a7-48d4917bce06-0002bc92,PP > PP-EXT-LGC-EXTRACCION > PP-EXT-LGC-DESGOMADO,contenedor_por_ancestro_project,PP-EXT-LGC-EXTRACCION,asociado_a_contenedor,SI,btz_description_09,escrito_slot_05_80
PP-EXT-HDR-HCS03N,HIDROCICLON SECUND. HCS03N LADO NORTE-ESTE A OESTE | Grupo: PP-HIDROCICLON SECUND,366559,58a0c5ec-573a-4dcc-9a0e-9d96a2f21f89-000597df,PP > PP-EXT-LGC-EXTRACCION > PP-EXT-LGC-DESGOMADO,contenedor_por_ancestro_project,PP-EXT-LGC-EXTRACCION,asociado_a_contenedor,SI,btz_description_09,escrito_slot_05_80
PP-EXT-HDR-HCS03S,HIDROCICLON SECUND. HCS03S LADO SUR-ESTE A OESTE | Grupo: PP-HIDROCICLON SECUND,366791,58a0c5ec-573a-4dcc-9a0e-9d96a2f21f89-000598c7,PP > PP-EXT-LGC-EXTRACCION > PP-EXT-LGC-DESGOMADO,contenedor_por_ancestro_project,PP-EXT-LGC-EXTRACCION,asociado_a_contenedor,SI,btz_description_09,escrito_slot_05_80
PP-EXT-HDR-HCS04N,HIDROCICLON SECUND. HCS04N LADO NORTE-ESTE A OESTE | Grupo: PP-HIDROCICLON SECUND,366838,58a0c5ec-573a-4dcc-9a0e-9d96a2f21f89-000598f6,PP > PP-EXT-LGC-EXTRACCION > PP-EXT-LGC-DESGOMADO,contenedor_por_ancestro_project,PP-EXT-LGC-EXTRACCION,asociado_a_contenedor,SI,btz_description_09,escrito_slot_05_80
PP-EXT-HDR-HCS04S,HIDROCICLON SECUND. HCS04S LADO SUR-ESTE A OESTE | Grupo: PP-HIDROCICLON SECUND,366859,58a0c5ec-573a-4dcc-9a0e-9d96a2f21f89-0005990b,PP > PP-EXT-LGC-EXTRACCION > PP-EXT-LGC-DESGOMADO,contenedor_por_ancestro_project,PP-EXT-LGC-EXTRACCION,asociado_a_contenedor,SI,btz_description_09,escrito_slot_05_80
PP-EXT-HDR-HCS05N,HIDROCICLON SECUND. HCS05N LADO NORTE-ESTE A OESTE | Grupo: PP-HIDROCICLON SECUND,366922,58a0c5ec-573a-4dcc-9a0e-9d96a2f21f89-0005994a,PP > PP-EXT-LGC-EXTRACCION > PP-EXT-LGC-DESGOMADO,contenedor_por_ancestro_project,PP-EXT-LGC-EXTRACCION,asociado_a_contenedor,SI,btz_description_09,escrito_slot_05_80
PP-EXT-HDR-HCS05S,HIDROCICLON SECUND. HCS05S LADO SUR-ESTE A OESTE | Grupo: PP-HIDROCICLON SECUND,179296,e873c32e-5e0c-4f36-b2a7-48d4917bce06-0002bc60,PP > PP-EXT-LGC-EXTRACCION > PP-EXT-LGC-DESGOMADO,contenedor_por_ancestro_project,PP-EXT-LGC-EXTRACCION,asociado_a_contenedor,SI,btz_description_10,escrito_slot_05_80
PP-EXT-HDR-HCS06N,HIDROCICLON SECUND. HCS06N LADO NORTE-ESTE A OESTE | Grupo: PP-HIDROCICLON SECUND,179346,e873c32e-5e0c-4f36-b2a7-48d4917bce06-0002bc92,PP > PP-EXT-LGC-EXTRACCION > PP-EXT-LGC-DESGOMADO,contenedor_por_ancestro_project,PP-EXT-LGC-EXTRACCION,asociado_a_contenedor,SI,btz_description_10,escrito_slot_05_80
PP-EXT-HDR-HCS06S,HIDROCICLON SECUND. HCS06S LADO SUR-ESTE A OESTE | Grupo: PP-HIDROCICLON SECUND,366559,58a0c5ec-573a-4dcc-9a0e-9d96a2f21f89-000597df,PP > PP-EXT-LGC-EXTRACCION > PP-EXT-LGC-DESGOMADO,contenedor_por_ancestro_project,PP-EXT-LGC-EXTRACCION,asociado_a_contenedor,SI,btz_description_10,escrito_slot_05_80
PP-EXT-HDR-HCS07N,HIDROCICLON SECUND. HCS07N LADO NORTE-ESTE A OESTE | Grupo: PP-HIDROCICLON SECUND,366791,58a0c5ec-573a-4dcc-9a0e-9d96a2f21f89-000598c7,PP > PP-EXT-LGC-EXTRACCION > PP-EXT-LGC-DESGOMADO,contenedor_por_ancestro_project,PP-EXT-LGC-EXTRACCION,asociado_a_contenedor,SI,btz_description_10,escrito_slot_05_80
PP-EXT-HDR-HCS07S,HIDROCICLON SECUND. HCS07S LADO SUR-ESTE A OESTE | Grupo: PP-HIDROCICLON SECUND,366838,58a0c5ec-573a-4dcc-9a0e-9d96a2f21f89-000598f6,PP > PP-EXT-LGC-EXTRACCION > PP-EXT-LGC-DESGOMADO,contenedor_por_ancestro_project,PP-EXT-LGC-EXTRACCION,asociado_a_contenedor,SI,btz_description_10,escrito_slot_05_80
PP-EXT-HDR-HCS08N,HIDROCICLON SECUND. HCS08N LADO NORTE-ESTE A OESTE | Grupo: PP-HIDROCICLON SECUND,366859,58a0c5ec-573a-4dcc-9a0e-9d96a2f21f89-0005990b,PP > PP-EXT-LGC-EXTRACCION > PP-EXT-LGC-DESGOMADO,contenedor_por_ancestro_project,PP-EXT-LGC-EXTRACCION,asociado_a_contenedor,SI,btz_description_10,escrito_slot_05_80
PP-EXT-RSC-RO01,ROSCA RO01 CARGA EXTRACTOR | Grupo: PP-RSC RO01,366922,58a0c5ec-573a-4dcc-9a0e-9d96a2f21f89-0005994a,PP > PP-EXT-LGC-EXTRACCION > PP-EXT-LGC-DESGOMADO,contenedor_por_ancestro_project,PP-EXT-LGC-EXTRACCION,asociado_a_contenedor,SI,btz_description_10,escrito_slot_05_80
PP-EXT-TNQ-TKMISCELAS,TANQUE TK08 MISCELAS | Grupo: PP-TNQ EXTRACCION,179296,e873c32e-5e0c-4f36-b2a7-48d4917bce06-0002bc60,PP > PP-EXT-LGC-EXTRACCION > PP-EXT-LGC-DESGOMADO,contenedor_por_ancestro_project,PP-EXT-LGC-EXTRACCION,asociado_a_contenedor,SI,btz_description_11,escrito_slot_05_80
PP-EXT-BMB-BO51,BOMBA FINOS TANQUE MISCELAS | Grupo: PP-BMB CENTRIF BO51 E,179346,e873c32e-5e0c-4f36-b2a7-48d4917bce06-0002bc92,PP > PP-EXT-LGC-EXTRACCION > PP-EXT-LGC-DESGOMADO,contenedor_por_ancestro_project,PP-EXT-LGC-EXTRACCION,asociado_a_contenedor,SI,btz_description_11,escrito_slot_05_80
PP-EXT-VLV-FCV-050,VALVULA DE CONTROL DE CAUDAL DE SOLVENTE AL EXTRACTOR | Grupo: PP-VLV CTROL EXT,366559,58a0c5ec-573a-4dcc-9a0e-9d96a2f21f89-000597df,PP > PP-EXT-LGC-EXTRACCION > PP-EXT-LGC-DESGOMADO,contenedor_por_ancestro_project,PP-EXT-LGC-EXTRACCION,asociado_a_contenedor,SI,btz_description_11,escrito_slot_05_80
PP-EXT-VLV-LCV-030,VALVULA DE CONTROL DE NIVEL DE TOLVA INFERIOR EXTRACTOR | Grupo: PP-VLV CTROL EXT,366791,58a0c5ec-573a-4dcc-9a0e-9d96a2f21f89-000598c7,PP > PP-EXT-LGC-EXTRACCION > PP-EXT-LGC-DESGOMADO,contenedor_por_ancestro_project,PP-EXT-LGC-EXTRACCION,asociado_a_contenedor,SI,btz_description_11,escrito_slot_05_80
PP-EXT-VLV-SOV-031,VALVULA ON-OFF FILTRO AMIAD | Grupo: PP-VLV CTROL EXT,366838,58a0c5ec-573a-4dcc-9a0e-9d96a2f21f89-000598f6,PP > PP-EXT-LGC-EXTRACCION > PP-EXT-LGC-DESGOMADO,contenedor_por_ancestro_project,PP-EXT-LGC-EXTRACCION,asociado_a_contenedor,SI,btz_description_11,escrito_slot_05_80
PP-EXT-VLV-VS07,VALVULA VS07 CUCHILLA DEL EXTRACTOR | Grupo: PP-VLV CTROL EXT,366859,58a0c5ec-573a-4dcc-9a0e-9d96a2f21f89-0005990b,PP > PP-EXT-LGC-EXTRACCION > PP-EXT-LGC-DESGOMADO,contenedor_por_ancestro_project,PP-EXT-LGC-EXTRACCION,asociado_a_contenedor,SI,btz_description_11,escrito_slot_05_80
PP-EXT-FLT-FILTRO,FILTRO DE ENTRADA AGUA DE ENFRIAMIENTO A PLANTA | Grupo: PP-FLT ENTRADA AGUA,366922,58a0c5ec-573a-4dcc-9a0e-9d96a2f21f89-0005994a,PP > PP-EXT-LGC-EXTRACCION > PP-EXT-LGC-DESGOMADO,contenedor_por_ancestro_project,PP-EXT-LGC-EXTRACCION,asociado_a_contenedor,SI,btz_description_11,escrito_slot_05_80
PP-EXT-BMB-BO46,BOMBA DE ACEITE A SECADOR SALIDA DESGOMADORAS | Grupo: PP-BMB CENTRIF BO46,179296,e873c32e-5e0c-4f36-b2a7-48d4917bce06-0002bc60,PP > PP-EXT-LGC-EXTRACCION > PP-EXT-LGC-DESGOMADO,contenedor_por_ancestro_project,PP-EXT-LGC-DESGOMADO,asociado_a_contenedor,SI,btz_description_12,escrito_slot_05_80
PP-EXT-BMB-BO47,BOMBA BO47  AGUA CALIENTE A PX | Grupo: PP-BMB GRUND BO47,179296,e873c32e-5e0c-4f36-b2a7-48d4917bce06-0002bc60,PP > PP-EXT-LGC-EXTRACCION > PP-EXT-LGC-DESGOMADO,contenedor_por_ancestro_project,PP-EXT-LGC-DESGOMADO,asociado_a_contenedor,SI,btz_description_13,escrito_slot_05_80
PP-EXT-BMB-BO48,BOMBA BO48 E  - AGUA FRIA DE CALD.  A PX | Grupo: PP-BMB GRUND BO48 E,179296,e873c32e-5e0c-4f36-b2a7-48d4917bce06-0002bc60,PP > PP-EXT-LGC-EXTRACCION > PP-EXT-LGC-DESGOMADO,contenedor_por_ancestro_project,PP-EXT-LGC-DESGOMADO,asociado_a_contenedor,SI,btz_description_14,escrito_slot_05_80
PP-EXT-BMB-PSODA,BOMBA DE SODA CAUSTICA DE CONTENEDOR | Grupo: PP-BMB CENTRIF PSODA,179296,e873c32e-5e0c-4f36-b2a7-48d4917bce06-0002bc60,PP > PP-EXT-LGC-EXTRACCION > PP-EXT-LGC-DESGOMADO,contenedor_por_ancestro_project,PP-EXT-LGC-DESGOMADO,asociado_a_contenedor,SI,btz_description_15,escrito_slot_05_80
PP-EXT-DSG-CE01,DESGOMADORA CENTR.PX90 CE01 (553)(NORTE) | Grupo: PP-DSG PX90,179296,e873c32e-5e0c-4f36-b2a7-48d4917bce06-0002bc60,PP > PP-EXT-LGC-EXTRACCION > PP-EXT-LGC-DESGOMADO,contenedor_por_ancestro_project,PP-EXT-LGC-DESGOMADO,asociado_a_contenedor,SI,btz_description_16,escrito_slot_05_80
PP-EXT-DSG-CE02,DESGOMADORA CENTR.PX90 CE02 (015) (SUR) | Grupo: PP-DSG PX90,179296,e873c32e-5e0c-4f36-b2a7-48d4917bce06-0002bc60,PP > PP-EXT-LGC-EXTRACCION > PP-EXT-LGC-DESGOMADO,contenedor_por_ancestro_project,PP-EXT-LGC-DESGOMADO,asociado_a_contenedor,SI,btz_description_17,escrito_slot_05_80
PP-EXT-ENF-EASTOCK1,ENFRIADOR DE ACEITE A STOCK 1 | Grupo: PP-ENF ACEIT STOCK,179296,e873c32e-5e0c-4f36-b2a7-48d4917bce06-0002bc60,PP > PP-EXT-LGC-EXTRACCION > PP-EXT-LGC-DESGOMADO,contenedor_por_ancestro_project,PP-EXT-LGC-DESGOMADO,asociado_a_contenedor,SI,btz_description_18,escrito_slot_05_80
PP-EXT-RCT-REACTOR,REACTOR DESGOMADO | Grupo: PP-RCT REACTOR,179296,e873c32e-5e0c-4f36-b2a7-48d4917bce06-0002bc60,PP > PP-EXT-LGC-EXTRACCION > PP-EXT-LGC-DESGOMADO,contenedor_por_ancestro_project,PP-EXT-LGC-DESGOMADO,asociado_a_contenedor,SI,btz_description_19,escrito_slot_05_80
PP-EXT-SCD-SECACEITE,SECADOR DE ACEITE | Grupo: PP-SCD SECADOR ACEITE,179296,e873c32e-5e0c-4f36-b2a7-48d4917bce06-0002bc60,PP > PP-EXT-LGC-EXTRACCION > PP-EXT-LGC-DESGOMADO,contenedor_por_ancestro_project,PP-EXT-LGC-DESGOMADO,asociado_a_contenedor,SI,btz_description_20,escrito_slot_05_80
PP-EXT-BMB-BO34,BOMBA BO34  ACEITE P/TANQUES SECADOR AL ENFRIADOR | Grupo: PP-BMB CENTRIF BO34,179296,e873c32e-5e0c-4f36-b2a7-48d4917bce06-0002bc60,PP > PP-EXT-LGC-EXTRACCION > PP-EXT-LGC-DESGOMADO,contenedor_por_ancestro_project,PP-EXT-LGC-DESGOMADO,asociado_a_contenedor,SI,btz_description_21,escrito_slot_05_80
PP-EXT-TNQ-TKAGUA,TANQUE TK02 DE AGUA (ADICION) | Grupo: PP-TNQ EXTRACCION,179296,e873c32e-5e0c-4f36-b2a7-48d4917bce06-0002bc60,PP > PP-EXT-LGC-EXTRACCION > PP-EXT-LGC-DESGOMADO,contenedor_por_ancestro_project,PP-EXT-LGC-DESGOMADO,asociado_a_contenedor,SI,btz_description_22,escrito_slot_05_80
PP-EXT-BMB-BO31,BOMBA BO31 AGUA  P/ HIDRATADOR | Grupo: PP-BMB GRUND BO31,179296,e873c32e-5e0c-4f36-b2a7-48d4917bce06-0002bc60,PP > PP-EXT-LGC-EXTRACCION > PP-EXT-LGC-DESGOMADO,contenedor_por_ancestro_project,PP-EXT-LGC-DESGOMADO,asociado_a_contenedor,SI,btz_description_23,escrito_slot_05_80
PP-EXT-TNQ-TKGOMAS,TANQUE TK03  DE GOMAS (CENTRIFUGAS) | Grupo: PP-TNQ EXTRACCION,179296,e873c32e-5e0c-4f36-b2a7-48d4917bce06-0002bc60,PP > PP-EXT-LGC-EXTRACCION > PP-EXT-LGC-DESGOMADO,contenedor_por_ancestro_project,PP-EXT-LGC-DESGOMADO,asociado_a_contenedor,SI,btz_description_24,escrito_slot_05_80
PP-EXT-BMB-BO33,BOMBA BO33 TANQUE GOMA A DT01 | Grupo: PP-BMB ENGR BO33,179296,e873c32e-5e0c-4f36-b2a7-48d4917bce06-0002bc60,PP > PP-EXT-LGC-EXTRACCION > PP-EXT-LGC-DESGOMADO,contenedor_por_ancestro_project,PP-EXT-LGC-DESGOMADO,asociado_a_contenedor,SI,btz_description_25,escrito_slot_05_80
PP-EXT-BMB-BOGL,BOMBA GOMAS A LECITINA | Grupo: PP-BMB ENGR BOGL,179296,e873c32e-5e0c-4f36-b2a7-48d4917bce06-0002bc60,PP > PP-EXT-LGC-EXTRACCION > PP-EXT-LGC-DESGOMADO,contenedor_por_ancestro_project,PP-EXT-LGC-DESGOMADO,asociado_a_contenedor,SI,btz_description_26,escrito_slot_05_80
PP-EXT-TNQ-TKHIDRATADOR,TANQUE  TK07 HIDRATADOR | Grupo: PP-TNQ EXTRACCION,179296,e873c32e-5e0c-4f36-b2a7-48d4917bce06-0002bc60,PP > PP-EXT-LGC-EXTRACCION > PP-EXT-LGC-DESGOMADO,contenedor_por_ancestro_project,PP-EXT-LGC-DESGOMADO,asociado_a_contenedor,SI,btz_description_27,escrito_slot_05_80
PP-EXT-AGT-AG01,AGITADOR AG01 DE ACEITE CRUDO | Grupo: PP-AGT-AG01,179296,e873c32e-5e0c-4f36-b2a7-48d4917bce06-0002bc60,PP > PP-EXT-LGC-EXTRACCION > PP-EXT-LGC-DESGOMADO,contenedor_por_ancestro_project,PP-EXT-LGC-DESGOMADO,asociado_a_contenedor,SI,btz_description_28,escrito_slot_05_80
PP-EXT-TNQ-TKMADURADOR,TANQUE MADURADOR | Grupo: PP-TNQ EXTRACCION,179296,e873c32e-5e0c-4f36-b2a7-48d4917bce06-0002bc60,PP > PP-EXT-LGC-EXTRACCION > PP-EXT-LGC-DESGOMADO,contenedor_por_ancestro_project,PP-EXT-LGC-DESGOMADO,asociado_a_contenedor,SI,btz_description_29,escrito_slot_05_80
PP-EXT-AGT-AG02,AGITADOR AG02 DE ACEITE CRUDO MADURADOR | Grupo: PP-AGT-AG02,179296,e873c32e-5e0c-4f36-b2a7-48d4917bce06-0002bc60,PP > PP-EXT-LGC-EXTRACCION > PP-EXT-LGC-DESGOMADO,contenedor_por_ancestro_project,PP-EXT-LGC-DESGOMADO,asociado_a_contenedor,SI,btz_description_30,escrito_slot_05_80
PP-EXT-TNQ-TKMANIO,TK DE AGUA DE MANIOBRAS PX | Grupo: PP-TNQ EXTRACCION,179296,e873c32e-5e0c-4f36-b2a7-48d4917bce06-0002bc60,PP > PP-EXT-LGC-EXTRACCION > PP-EXT-LGC-DESGOMADO,contenedor_por_ancestro_project,PP-EXT-LGC-DESGOMADO,asociado_a_contenedor,SI,btz_description_31,escrito_slot_05_80
PP-EXT-TNQ-TKPULMON,TANQUE TK01 PULMON ACTE. CRUDO | Grupo: PP-TNQ EXTRACCION,179296,e873c32e-5e0c-4f36-b2a7-48d4917bce06-0002bc60,PP > PP-EXT-LGC-EXTRACCION > PP-EXT-LGC-DESGOMADO,contenedor_por_ancestro_project,PP-EXT-LGC-DESGOMADO,asociado_a_contenedor,SI,btz_description_32,escrito_slot_05_80
PP-EXT-BMB-BO30,BOMBA BO30  TK AC. CRUDO A HIDRATADOR | Grupo: PP-BMB CENTRIF BO30,179296,e873c32e-5e0c-4f36-b2a7-48d4917bce06-0002bc60,PP > PP-EXT-LGC-EXTRACCION > PP-EXT-LGC-DESGOMADO,contenedor_por_ancestro_project,PP-EXT-LGC-DESGOMADO,asociado_a_contenedor,SI,btz_description_33,escrito_slot_05_80
PP-EXT-MZC-MEZCDINAMICO,MEZCLADOR DINAMICO SHARPLES | Grupo: PP-MZC MEZCDINAMICO,179296,e873c32e-5e0c-4f36-b2a7-48d4917bce06-0002bc60,PP > PP-EXT-LGC-EXTRACCION > PP-EXT-LGC-DESGOMADO,contenedor_por_ancestro_project,PP-EXT-LGC-DESGOMADO,asociado_a_contenedor,SI,btz_description_34,escrito_slot_05_80
PP-EXT-TQN-TKGOMAS,TK AUXILIAR DE GOMAS AGREGADOS | Grupo: PP-TNQ EXTRACCION,179296,e873c32e-5e0c-4f36-b2a7-48d4917bce06-0002bc60,PP > PP-EXT-LGC-EXTRACCION > PP-EXT-LGC-DESGOMADO,contenedor_por_ancestro_project,PP-EXT-LGC-DESGOMADO,asociado_a_contenedor,SI,btz_description_35,escrito_slot_05_80
PP-EXT-BMB-BO33A,BOMBA 33A GOMAS AUXILIARES TIRA GOMA A SALIDA DT | Grupo: PP-BMB ENGR BO33A,179296,e873c32e-5e0c-4f36-b2a7-48d4917bce06-0002bc60,PP > PP-EXT-LGC-EXTRACCION > PP-EXT-LGC-DESGOMADO,contenedor_por_ancestro_project,PP-EXT-LGC-DESGOMADO,asociado_a_contenedor,SI,btz_description_36,escrito_slot_05_80
PP-EXT-TQN-TKSODA,TANQUE TK05 DE SODA CAUSTICA | Grupo: PP-TNQ EXTRACCION,179296,e873c32e-5e0c-4f36-b2a7-48d4917bce06-0002bc60,PP > PP-EXT-LGC-EXTRACCION > PP-EXT-LGC-DESGOMADO,contenedor_por_ancestro_project,PP-EXT-LGC-DESGOMADO,asociado_a_contenedor,SI,btz_description_37,escrito_slot_05_80
PP-EXT-BMB-BO45,BOMBA BO45 TK SODA CAUTICA | Grupo: PP-BMB CENTRIF BO45,179296,e873c32e-5e0c-4f36-b2a7-48d4917bce06-0002bc60,PP > PP-EXT-LGC-EXTRACCION > PP-EXT-LGC-DESGOMADO,contenedor_por_ancestro_project,PP-EXT-LGC-DESGOMADO,asociado_a_contenedor,SI,btz_description_38,escrito_slot_05_80
PP-EXT-VLV-FCV-540,VALVULA DE CONTROL DE CAUDAL DE AGUA HIDRATACION A GOMA | Grupo: PP-VLV CTROL EXT,179296,e873c32e-5e0c-4f36-b2a7-48d4917bce06-0002bc60,PP > PP-EXT-LGC-EXTRACCION > PP-EXT-LGC-DESGOMADO,contenedor_por_ancestro_project,PP-EXT-LGC-DESGOMADO,asociado_a_contenedor,SI,btz_description_39,escrito_slot_05_80
PP-EXT-VLV-PCV-510,VALVULA AUTORREGULADORA PRESION VAPOR A CALENTADOR ACEITE | Grupo: PP-VLV CTROL EXT,179296,e873c32e-5e0c-4f36-b2a7-48d4917bce06-0002bc60,PP > PP-EXT-LGC-EXTRACCION > PP-EXT-LGC-DESGOMADO,contenedor_por_ancestro_project,PP-EXT-LGC-DESGOMADO,asociado_a_contenedor,SI,btz_description_40,escrito_slot_05_80
PP-EXT-VLV-TCV-511,VALVULA DE CONTROL DE TEMPERATURA CALENTADOR DE ACEITE | Grupo: PP-VLV CTROL EXT,179296,e873c32e-5e0c-4f36-b2a7-48d4917bce06-0002bc60,PP > PP-EXT-LGC-EXTRACCION > PP-EXT-LGC-DESGOMADO,contenedor_por_ancestro_project,PP-EXT-LGC-DESGOMADO,asociado_a_contenedor,SI,btz_description_41,escrito_slot_05_80
PP-EXT-VLV-TCV-512,VALVULA DE CONTROL DE TEMPERATURA DE AGUA DE HIDRATACION | Grupo: PP-VLV CTROL EXT,179296,e873c32e-5e0c-4f36-b2a7-48d4917bce06-0002bc60,PP > PP-EXT-LGC-EXTRACCION > PP-EXT-LGC-DESGOMADO,contenedor_por_ancestro_project,PP-EXT-LGC-DESGOMADO,asociado_a_contenedor,SI,btz_description_42,escrito_slot_05_80
PP-EXT-BMB-BO22,BOMBA CONDENSADORES EVAPORADORES | Grupo: PP-BMB CENTRIF BO22,366838,58a0c5ec-573a-4dcc-9a0e-9d96a2f21f89-000598f6,PP > PP-EXT-LGC-EXTRACCION > PP-EXT-LGC-DESTILACION,contenedor_por_ancestro_project,PP-EXT-LGC-DESTILACION,asociado_a_contenedor,SI,btz_description_12,escrito_slot_05_80
PP-EXT-CDL-MASICO,CAUDALIMETRO MASICO PLANTA PUERTO | Grupo: PP-CDL MASICO,366838,58a0c5ec-573a-4dcc-9a0e-9d96a2f21f89-000598f6,PP > PP-EXT-LGC-EXTRACCION > PP-EXT-LGC-DESTILACION,contenedor_por_ancestro_project,PP-EXT-LGC-DESTILACION,asociado_a_contenedor,SI,btz_description_13,escrito_slot_05_80
PP-EXT-EVP-EV01,EVAPORADOR EV01 1RA ETAPA | Grupo: PP-EVP EVP DESTILACION,366838,58a0c5ec-573a-4dcc-9a0e-9d96a2f21f89-000598f6,PP > PP-EXT-LGC-EXTRACCION > PP-EXT-LGC-DESTILACION,contenedor_por_ancestro_project,PP-EXT-LGC-DESTILACION,asociado_a_contenedor,SI,btz_description_14,escrito_slot_05_80
PP-EXT-EVP-EV02,EVAPORADOR EV02  2DA ETAPA | Grupo: PP-EVP EVP DESTILACION,366838,58a0c5ec-573a-4dcc-9a0e-9d96a2f21f89-000598f6,PP > PP-EXT-LGC-EXTRACCION > PP-EXT-LGC-DESTILACION,contenedor_por_ancestro_project,PP-EXT-LGC-DESTILACION,asociado_a_contenedor,SI,btz_description_15,escrito_slot_05_80
PP-EXT-BMB-BO20,BOMBA EVAPORADOR SEGUNDA ETAPA | Grupo: PP-BMB CENTRIF BO20,366838,58a0c5ec-573a-4dcc-9a0e-9d96a2f21f89-000598f6,PP > PP-EXT-LGC-EXTRACCION > PP-EXT-LGC-DESTILACION,contenedor_por_ancestro_project,PP-EXT-LGC-DESTILACION,asociado_a_contenedor,SI,btz_description_16,escrito_slot_05_80
PP-EXT-VLV-VSEV02,VALVULA DE SEGURIDAD EVAPORADOR EV02 | Grupo: PP-VLV SEG EV02,366838,58a0c5ec-573a-4dcc-9a0e-9d96a2f21f89-000598f6,PP > PP-EXT-LGC-EXTRACCION > PP-EXT-LGC-DESTILACION,contenedor_por_ancestro_project,PP-EXT-LGC-DESTILACION,asociado_a_contenedor,SI,btz_description_17,escrito_slot_05_80
PP-EXT-EVP-EV03,EVAPORADOR EV03  3RA  ETAPA | Grupo: PP-EVP EVP DESTILACION,366838,58a0c5ec-573a-4dcc-9a0e-9d96a2f21f89-000598f6,PP > PP-EXT-LGC-EXTRACCION > PP-EXT-LGC-DESTILACION,contenedor_por_ancestro_project,PP-EXT-LGC-DESTILACION,asociado_a_contenedor,SI,btz_description_18,escrito_slot_05_80
PP-EXT-BMB-BO50,BOMBA EVAPORADOR 3 ETAPA | Grupo: PP-BMB CENTRIF BO50E,366838,58a0c5ec-573a-4dcc-9a0e-9d96a2f21f89-000598f6,PP > PP-EXT-LGC-EXTRACCION > PP-EXT-LGC-DESTILACION,contenedor_por_ancestro_project,PP-EXT-LGC-DESTILACION,asociado_a_contenedor,SI,btz_description_19,escrito_slot_05_80
PP-EXT-PRC-PRECALEN,PRECALENTADOR DE SOLVENTE NRO 1 | Grupo: PP-PRC-PRECAL SOLVENTE,366838,58a0c5ec-573a-4dcc-9a0e-9d96a2f21f89-000598f6,PP > PP-EXT-LGC-EXTRACCION > PP-EXT-LGC-DESTILACION,contenedor_por_ancestro_project,PP-EXT-LGC-DESTILACION,asociado_a_contenedor,SI,btz_description_20,escrito_slot_05_80
PP-EXT-STR-STRIPPER,STRIPPER ST01 AC. VEGETAL | Grupo: PP-STR STRIPPER VEGETAL,366838,58a0c5ec-573a-4dcc-9a0e-9d96a2f21f89-000598f6,PP > PP-EXT-LGC-EXTRACCION > PP-EXT-LGC-DESTILACION,contenedor_por_ancestro_project,PP-EXT-LGC-DESTILACION,asociado_a_contenedor,SI,btz_description_21,escrito_slot_05_80
PP-EXT-BMB-BO21,BOMBA STRIPPER DE ACEITE | Grupo: PP-BMB CENTRIF BO21,366838,58a0c5ec-573a-4dcc-9a0e-9d96a2f21f89-000598f6,PP > PP-EXT-LGC-EXTRACCION > PP-EXT-LGC-DESTILACION,contenedor_por_ancestro_project,PP-EXT-LGC-DESTILACION,asociado_a_contenedor,SI,btz_description_22,escrito_slot_05_80
PP-EXT-VLV-LCV-230,VALVULA DE CONTROL MISCELA A EVPORADOR 1RA ETAPA | Grupo: PP-VLV CTROL EXT,366838,58a0c5ec-573a-4dcc-9a0e-9d96a2f21f89-000598f6,PP > PP-EXT-LGC-EXTRACCION > PP-EXT-LGC-DESTILACION,contenedor_por_ancestro_project,PP-EXT-LGC-DESTILACION,asociado_a_contenedor,SI,btz_description_23,escrito_slot_05_80
PP-EXT-VLV-LCV-232,VALVULA DE CONTROL DE NIVEL DE 2DO EVAPORADOR | Grupo: PP-VLV CTROL EXT,366838,58a0c5ec-573a-4dcc-9a0e-9d96a2f21f89-000598f6,PP > PP-EXT-LGC-EXTRACCION > PP-EXT-LGC-DESTILACION,contenedor_por_ancestro_project,PP-EXT-LGC-DESTILACION,asociado_a_contenedor,SI,btz_description_24,escrito_slot_05_80
PP-EXT-VLV-LCV-233,VALVULA DE CONTROL DE NIVEL DE EVAPORADOR 3º ETAPA | Grupo: PP-VLV CTROL EXT,366838,58a0c5ec-573a-4dcc-9a0e-9d96a2f21f89-000598f6,PP > PP-EXT-LGC-EXTRACCION > PP-EXT-LGC-DESTILACION,contenedor_por_ancestro_project,PP-EXT-LGC-DESTILACION,asociado_a_contenedor,SI,btz_description_25,escrito_slot_05_80
PP-EXT-VLV-LCV-234,VALVULA DE CONTROL DE NIVEL DE STRIPPER | Grupo: PP-VLV CTROL EXT,366838,58a0c5ec-573a-4dcc-9a0e-9d96a2f21f89-000598f6,PP > PP-EXT-LGC-EXTRACCION > PP-EXT-LGC-DESTILACION,contenedor_por_ancestro_project,PP-EXT-LGC-DESTILACION,asociado_a_contenedor,SI,btz_description_26,escrito_slot_05_80
PP-EXT-VLV-PCV-010,VALVULA AUTORREGULADORA PRESION VAPOR CALENTADOR DE SOLVENTE | Grupo: PP-VLV CTROL EXT,366838,58a0c5ec-573a-4dcc-9a0e-9d96a2f21f89-000598f6,PP > PP-EXT-LGC-EXTRACCION > PP-EXT-LGC-DESTILACION,contenedor_por_ancestro_project,PP-EXT-LGC-DESTILACION,asociado_a_contenedor,SI,btz_description_27,escrito_slot_05_80
PP-EXT-VLV-SOV-214,VALVULA ON-OFF VAPOR STRIPPER | Grupo: PP-VLV CTROL EXT,366838,58a0c5ec-573a-4dcc-9a0e-9d96a2f21f89-000598f6,PP > PP-EXT-LGC-EXTRACCION > PP-EXT-LGC-DESTILACION,contenedor_por_ancestro_project,PP-EXT-LGC-DESTILACION,asociado_a_contenedor,SI,btz_description_28,escrito_slot_05_80
PP-EXT-VLV-TCV-011,VALVULA DE CONTROL DE TEMPERATURA DE CALENTADOR DE SOLVENTE | Grupo: PP-VLV CTROL EXT,366838,58a0c5ec-573a-4dcc-9a0e-9d96a2f21f89-000598f6,PP > PP-EXT-LGC-EXTRACCION > PP-EXT-LGC-DESTILACION,contenedor_por_ancestro_project,PP-EXT-LGC-DESTILACION,asociado_a_contenedor,SI,btz_description_29,escrito_slot_05_80
PP-EXT-VLV-TCV-212,VALVULA DE CONTROL TEMPERATURA VAPOR AL EVAP. DE 2DO ETAPA | Grupo: PP-VLV CTROL EXT,366838,58a0c5ec-573a-4dcc-9a0e-9d96a2f21f89-000598f6,PP > PP-EXT-LGC-EXTRACCION > PP-EXT-LGC-DESTILACION,contenedor_por_ancestro_project,PP-EXT-LGC-DESTILACION,asociado_a_contenedor,SI,btz_description_30,escrito_slot_05_80
PP-EXT-ABS-ABSOV,ABSORVEDOR AB02 DE MINERAL | Grupo: PP-ABS ABSORV. MINERAL,179296,e873c32e-5e0c-4f36-b2a7-48d4917bce06-0002bc60,PP > PP-EXT-LGC-EXTRACCION > PP-EXT-LGC-DESGOMADO,contenedor_por_ancestro_project,PP-EXT-LGC-EXTRACCION,asociado_a_contenedor,SI,btz_description_43,escrito_slot_05_80
PP-EXT-BMB-BO24,BOMBA BO24  AC. MINERAL FRIO | Grupo: PP-BMB CENTRIF BO24,179346,e873c32e-5e0c-4f36-b2a7-48d4917bce06-0002bc92,PP > PP-EXT-LGC-EXTRACCION > PP-EXT-LGC-DESGOMADO,contenedor_por_ancestro_project,PP-EXT-LGC-EXTRACCION,asociado_a_contenedor,SI,btz_description_12,escrito_slot_05_80
PP-EXT-CND-CVENT01,CONDENSADOR DE VENTEO N° 1 | Grupo: PP-CND CONDENSADOR,366559,58a0c5ec-573a-4dcc-9a0e-9d96a2f21f89-000597df,PP > PP-EXT-LGC-EXTRACCION > PP-EXT-LGC-DESGOMADO,contenedor_por_ancestro_project,PP-EXT-LGC-EXTRACCION,asociado_a_contenedor,SI,btz_description_12,escrito_slot_05_80
PP-EXT-CND-CVENT02,CONDENSADOR DE VENTEO N° 2 | Grupo: PP-CND CONDENSADOR,366791,58a0c5ec-573a-4dcc-9a0e-9d96a2f21f89-000598c7,PP > PP-EXT-LGC-EXTRACCION > PP-EXT-LGC-DESGOMADO,contenedor_por_ancestro_project,PP-EXT-LGC-EXTRACCION,asociado_a_contenedor,SI,btz_description_12,escrito_slot_05_80
PP-EXT-CDL-CAUDALIM,CAUDALIMETRO DE ACEITE MINERAL | Grupo: PP-CDL MINERAL,366838,58a0c5ec-573a-4dcc-9a0e-9d96a2f21f89-000598f6,PP > PP-EXT-LGC-EXTRACCION > PP-EXT-LGC-DESGOMADO,contenedor_por_ancestro_project,PP-EXT-LGC-EXTRACCION,asociado_a_contenedor,SI,btz_description_31,escrito_slot_05_80
PP-EXT-ENF-EACMINERAL,ENFRIADOR DE ACEITE MINERAL VERTICAL | Grupo: PP-ENF ACEIT MIN,366859,58a0c5ec-573a-4dcc-9a0e-9d96a2f21f89-0005990b,PP > PP-EXT-LGC-EXTRACCION > PP-EXT-LGC-DESGOMADO,contenedor_por_ancestro_project,PP-EXT-LGC-EXTRACCION,asociado_a_contenedor,SI,btz_description_12,escrito_slot_05_80
PP-EXT-INT-INT02,INTERCAM. CALOR A PLACAS (MINERAL) | Grupo: PP-INT PLACAS AC/AC MIN,366922,58a0c5ec-573a-4dcc-9a0e-9d96a2f21f89-0005994a,PP > PP-EXT-LGC-EXTRACCION > PP-EXT-LGC-DESGOMADO,contenedor_por_ancestro_project,PP-EXT-LGC-EXTRACCION,asociado_a_contenedor,SI,btz_description_12,escrito_slot_05_80
PP-EXT-INT-INT03,ENFRIADOR ACEITE MINERAL A PLACAS (MODIFICADO) | Grupo: PP-INT PLACAS AC/AC,179296,e873c32e-5e0c-4f36-b2a7-48d4917bce06-0002bc60,PP > PP-EXT-LGC-EXTRACCION > PP-EXT-LGC-DESGOMADO,contenedor_por_ancestro_project,PP-EXT-LGC-EXTRACCION,asociado_a_contenedor,SI,btz_description_44,escrito_slot_05_80
PP-EXT-BMB-BO23,BOMBA ACEITE MINERAL CALIENTE | Grupo: PP-BMB CENTRIF BO23,179346,e873c32e-5e0c-4f36-b2a7-48d4917bce06-0002bc92,PP > PP-EXT-LGC-EXTRACCION > PP-EXT-LGC-DESGOMADO,contenedor_por_ancestro_project,PP-EXT-LGC-EXTRACCION,asociado_a_contenedor,SI,btz_description_13,escrito_slot_05_80
PP-EXT-VLV-SOV-310,VALVULA ON-OFF VAPOR A EYECTOR GASES | Grupo: PP-VLV CTROL EXT,366559,58a0c5ec-573a-4dcc-9a0e-9d96a2f21f89-000597df,PP > PP-EXT-LGC-EXTRACCION > PP-EXT-LGC-DESGOMADO,contenedor_por_ancestro_project,PP-EXT-LGC-EXTRACCION,asociado_a_contenedor,SI,btz_description_13,escrito_slot_05_80
PP-EXT-VLV-SOV-320,VALVULA ON-OFF SALIDA DE GASES A ATMOSFERA | Grupo: PP-VLV CTROL EXT,366791,58a0c5ec-573a-4dcc-9a0e-9d96a2f21f89-000598c7,PP > PP-EXT-LGC-EXTRACCION > PP-EXT-LGC-DESGOMADO,contenedor_por_ancestro_project,PP-EXT-LGC-EXTRACCION,asociado_a_contenedor,SI,btz_description_13,escrito_slot_05_80
PP-EXT-VNT-VE02,VENTILADOR VE02 E CIRCUITO MINERAL | Grupo: PP-VNT VE02 EXTRACCION,366838,58a0c5ec-573a-4dcc-9a0e-9d96a2f21f89-000598f6,PP > PP-EXT-LGC-EXTRACCION > PP-EXT-LGC-DESGOMADO,contenedor_por_ancestro_project,PP-EXT-LGC-EXTRACCION,asociado_a_contenedor,SI,btz_description_32,escrito_slot_05_80
PP-EXT-BMB-BO01,BOMBA BO01 SOLVENTE | Grupo: PP-BMB CENTRIF BO01,366559,58a0c5ec-573a-4dcc-9a0e-9d96a2f21f89-000597df,PP > PP-EXT-LGC-EXTRACCION > PP-EXT-LGC-SOLVENTE,contenedor_por_ancestro_project,PP-EXT-LGC-SOLVENTE,asociado_a_contenedor,SI,btz_description_14,escrito_slot_05_80
PP-EXT-BMB-BO25,BOMBA TK SERVICIO DE SOLVENTE RECIRCIRCULA | Grupo: PP-BMB CENTRIF BO25,366559,58a0c5ec-573a-4dcc-9a0e-9d96a2f21f89-000597df,PP > PP-EXT-LGC-EXTRACCION > PP-EXT-LGC-SOLVENTE,contenedor_por_ancestro_project,PP-EXT-LGC-SOLVENTE,asociado_a_contenedor,SI,btz_description_15,escrito_slot_05_80
PP-EXT-BMB-BO26,BOMBA TK DE SERVICIO SOLVENTE (CARGA) | Grupo: PP-BMB CENTRIF BO26,366559,58a0c5ec-573a-4dcc-9a0e-9d96a2f21f89-000597df,PP > PP-EXT-LGC-EXTRACCION > PP-EXT-LGC-SOLVENTE,contenedor_por_ancestro_project,PP-EXT-LGC-SOLVENTE,asociado_a_contenedor,SI,btz_description_16,escrito_slot_05_80
PP-EXT-BMB-BO29,LAVADO DE SELLOS | Grupo: PP-BMB CENTRIF BO29,366559,58a0c5ec-573a-4dcc-9a0e-9d96a2f21f89-000597df,PP > PP-EXT-LGC-EXTRACCION > PP-EXT-LGC-SOLVENTE,contenedor_por_ancestro_project,PP-EXT-LGC-SOLVENTE,asociado_a_contenedor,SI,btz_description_17,escrito_slot_05_80
PP-EXT-BMB-BO42,BOMBA BO42 SOLVENTE A STOCK | Grupo: PP-BMB CENTRIF BO42,366559,58a0c5ec-573a-4dcc-9a0e-9d96a2f21f89-000597df,PP > PP-EXT-LGC-EXTRACCION > PP-EXT-LGC-SOLVENTE,contenedor_por_ancestro_project,PP-EXT-LGC-SOLVENTE,asociado_a_contenedor,SI,btz_description_18,escrito_slot_05_80
PP-EXT-HEX01,TRANSMISOR DE HEXANO EN R18 A LA SALIDA DEL DT | Grupo: PP-EXT-TRANSM HEX,366559,58a0c5ec-573a-4dcc-9a0e-9d96a2f21f89-000597df,PP > PP-EXT-LGC-EXTRACCION > PP-EXT-LGC-SOLVENTE,contenedor_por_ancestro_project,PP-EXT-LGC-SOLVENTE,asociado_a_contenedor,SI,btz_description_19,escrito_slot_05_80
PP-EXT-HEX02,TRANSMISOR DE HEXANO EN BO02 | Grupo: PP-EXT-TRANSM HEX,366559,58a0c5ec-573a-4dcc-9a0e-9d96a2f21f89-000597df,PP > PP-EXT-LGC-EXTRACCION > PP-EXT-LGC-SOLVENTE,contenedor_por_ancestro_project,PP-EXT-LGC-SOLVENTE,asociado_a_contenedor,SI,btz_description_20,escrito_slot_05_80
PP-EXT-HEX03,TRANSMISOR DE HEXANO EN BO07 | Grupo: PP-EXT-TRANSM HEX,366559,58a0c5ec-573a-4dcc-9a0e-9d96a2f21f89-000597df,PP > PP-EXT-LGC-EXTRACCION > PP-EXT-LGC-SOLVENTE,contenedor_por_ancestro_project,PP-EXT-LGC-SOLVENTE,asociado_a_contenedor,SI,btz_description_21,escrito_slot_05_80
PP-EXT-HEX04,TRANSMISOR DE HEXANO EN TRAMPA DE SOLVENTE | Grupo: PP-EXT-TRANSM HEX,366559,58a0c5ec-573a-4dcc-9a0e-9d96a2f21f89-000597df,PP > PP-EXT-LGC-EXTRACCION > PP-EXT-LGC-SOLVENTE,contenedor_por_ancestro_project,PP-EXT-LGC-SOLVENTE,asociado_a_contenedor,SI,btz_description_22,escrito_slot_05_80
PP-EXT-HEX05,TRANSMISOR DE HEXANO EN ROSCA DE CARGA EX01 | Grupo: PP-EXT-TRANSM HEX,366559,58a0c5ec-573a-4dcc-9a0e-9d96a2f21f89-000597df,PP > PP-EXT-LGC-EXTRACCION > PP-EXT-LGC-SOLVENTE,contenedor_por_ancestro_project,PP-EXT-LGC-SOLVENTE,asociado_a_contenedor,SI,btz_description_23,escrito_slot_05_80
PP-EXT-HRV-HERVIDOR,HERVIDOR DE SOLVENTE | Grupo: PP-HRV HERVIDOR SOLV,366559,58a0c5ec-573a-4dcc-9a0e-9d96a2f21f89-000597df,PP > PP-EXT-LGC-EXTRACCION > PP-EXT-LGC-SOLVENTE,contenedor_por_ancestro_project,PP-EXT-LGC-SOLVENTE,asociado_a_contenedor,SI,btz_description_24,escrito_slot_05_80
PP-EXT-INT-INT04HERV,INTERCAMBIADOR DEL HERVIDOR | Grupo: PP-INTERCAMBIADOR HERVIDOR,366559,58a0c5ec-573a-4dcc-9a0e-9d96a2f21f89-000597df,PP > PP-EXT-LGC-EXTRACCION > PP-EXT-LGC-SOLVENTE,contenedor_por_ancestro_project,PP-EXT-LGC-SOLVENTE,asociado_a_contenedor,SI,btz_description_25,escrito_slot_05_80
PP-EXT-TNQ-TKA,TANQUE A  DE SOLVENTE | Grupo: PP-TNQ EXTRACCION,366559,58a0c5ec-573a-4dcc-9a0e-9d96a2f21f89-000597df,PP > PP-EXT-LGC-EXTRACCION > PP-EXT-LGC-SOLVENTE,contenedor_por_ancestro_project,PP-EXT-LGC-SOLVENTE,asociado_a_contenedor,SI,btz_description_26,escrito_slot_05_80
PP-EXT-TNQ-TKB,TANQUE B  DE SOLVENTE | Grupo: PP-TNQ EXTRACCION,366559,58a0c5ec-573a-4dcc-9a0e-9d96a2f21f89-000597df,PP > PP-EXT-LGC-EXTRACCION > PP-EXT-LGC-SOLVENTE,contenedor_por_ancestro_project,PP-EXT-LGC-SOLVENTE,asociado_a_contenedor,SI,btz_description_27,escrito_slot_05_80
PP-EXT-TNQ-TKC,TANQUE C  DE SOLVENTE | Grupo: PP-TNQ EXTRACCION,366559,58a0c5ec-573a-4dcc-9a0e-9d96a2f21f89-000597df,PP > PP-EXT-LGC-EXTRACCION > PP-EXT-LGC-SOLVENTE,contenedor_por_ancestro_project,PP-EXT-LGC-SOLVENTE,asociado_a_contenedor,SI,btz_description_28,escrito_slot_05_80
PP-EXT-TNQ-TKSERVICIO,TANQUE SERVICIO DE SOLVENTE | Grupo: PP-TNQ EXTRACCION,366559,58a0c5ec-573a-4dcc-9a0e-9d96a2f21f89-000597df,PP > PP-EXT-LGC-EXTRACCION > PP-EXT-LGC-SOLVENTE,contenedor_por_ancestro_project,PP-EXT-LGC-SOLVENTE,asociado_a_contenedor,SI,btz_description_29,escrito_slot_05_80
PP-EXT-RDL-RD02,REDLER RD02  ZETA SALIDA EX01 A DT01 | Grupo: PP-REDLER RD02,366859,58a0c5ec-573a-4dcc-9a0e-9d96a2f21f89-0005990b,PP > PP-EXT-LGC-EXTRACCION > PP-EXT-LGC-DESGOMADO,contenedor_por_ancestro_project,PP-EXT-LGC-EXTRACCION,asociado_a_contenedor,SI,btz_description_13,escrito_slot_05_80
PP-EXT-SIS-DILUVIO,SISTEMA DILUVIO DE PLANTA DE EXTRACCION | Grupo: PP-SIS DILUVIO,366922,58a0c5ec-573a-4dcc-9a0e-9d96a2f21f89-0005994a,PP > PP-EXT-LGC-EXTRACCION > PP-EXT-LGC-DESGOMADO,contenedor_por_ancestro_project,PP-EXT-LGC-EXTRACCION,asociado_a_contenedor,SI,btz_description_13,escrito_slot_05_80
PP-EXT-VLV-VD01,VALVULA A DIAFRAGMA DE DILUVIO VD01 (DE NORTE A SUR) | Grupo: PP-VALVULA DE DILUVIO,179296,e873c32e-5e0c-4f36-b2a7-48d4917bce06-0002bc60,PP > PP-EXT-LGC-EXTRACCION > PP-EXT-LGC-DESGOMADO,contenedor_por_ancestro_project,PP-EXT-LGC-EXTRACCION,asociado_a_contenedor,SI,btz_description_45,escrito_slot_05_80
PP-EXT-VLV-VD02,VALVULA A DIAFRAGMA DE DILUVIO VD02 (DE NORTE A SUR) | Grupo: PP-VALVULA DE DILUVIO,179346,e873c32e-5e0c-4f36-b2a7-48d4917bce06-0002bc92,PP > PP-EXT-LGC-EXTRACCION > PP-EXT-LGC-DESGOMADO,contenedor_por_ancestro_project,PP-EXT-LGC-EXTRACCION,asociado_a_contenedor,SI,btz_description_14,escrito_slot_05_80
PP-EXT-VLV-VD03,VALVULA A DIAFRAGMA DE DILUVIO VD03 (DE NORTE A SUR) | Grupo: PP-VALVULA DE DILUVIO,366559,58a0c5ec-573a-4dcc-9a0e-9d96a2f21f89-000597df,PP > PP-EXT-LGC-EXTRACCION > PP-EXT-LGC-DESGOMADO,contenedor_por_ancestro_project,PP-EXT-LGC-EXTRACCION,asociado_a_contenedor,SI,btz_description_30,escrito_slot_05_80
PP-EXT-SIS-LUBCENTRAL,SISTEMA LUBRICACION CENTRALIZADA EXT. | Grupo: PP-SIS LUBRIC CENTR EXTR,366791,58a0c5ec-573a-4dcc-9a0e-9d96a2f21f89-000598c7,PP > PP-EXT-LGC-EXTRACCION > PP-EXT-LGC-DESGOMADO,contenedor_por_ancestro_project,PP-EXT-LGC-EXTRACCION,asociado_a_contenedor,SI,btz_description_14,escrito_slot_05_80
PP-EXT-SPR-SEPGOTAEXT,SEPARADOR DE GOTAS EXTRACCION | Grupo: PP-EXT-SPR-SEPGOTAEXT,366838,58a0c5ec-573a-4dcc-9a0e-9d96a2f21f89-000598f6,PP > PP-EXT-LGC-EXTRACCION > PP-EXT-LGC-DESGOMADO,contenedor_por_ancestro_project,PP-EXT-LGC-EXTRACCION,asociado_a_contenedor,SI,btz_description_33,escrito_slot_05_80
PP-EXT-SRN-SIREXT,SIRENA ALARMA DE EMERGENCIA EXTRACCION PTA PTO | Grupo: TE-SIRENAS PP,366859,58a0c5ec-573a-4dcc-9a0e-9d96a2f21f89-0005990b,PP > PP-EXT-LGC-EXTRACCION > PP-EXT-LGC-DESGOMADO,contenedor_por_ancestro_project,PP-EXT-LGC-EXTRACCION,asociado_a_contenedor,SI,btz_description_14,escrito_slot_05_80
PP-EXT-TNQ-TKLAV,TANQUE TK09 LAVADO QUIMICO | Grupo: PP-TNQ EXTRACCION,366922,58a0c5ec-573a-4dcc-9a0e-9d96a2f21f89-0005994a,PP > PP-EXT-LGC-EXTRACCION > PP-EXT-LGC-DESGOMADO,contenedor_por_ancestro_project,PP-EXT-LGC-EXTRACCION,asociado_a_contenedor,SI,btz_description_14,escrito_slot_05_80
PP-EXT-BMB-BO28,LAVADO QUIMICO | Grupo: PP-BMB CENTRIF BO28,179296,e873c32e-5e0c-4f36-b2a7-48d4917bce06-0002bc60,PP > PP-EXT-LGC-EXTRACCION > PP-EXT-LGC-DESGOMADO,contenedor_por_ancestro_project,PP-EXT-LGC-EXTRACCION,asociado_a_contenedor,SI,btz_description_46,escrito_slot_05_80
PP-EXT-TRF-TRA5,TRANSFORMADOR 05 EXTRACCION | Grupo: PP-TRF TRAFO  EXT,179346,e873c32e-5e0c-4f36-b2a7-48d4917bce06-0002bc92,PP > PP-EXT-LGC-EXTRACCION > PP-EXT-LGC-DESGOMADO,contenedor_por_ancestro_project,PP-EXT-LGC-EXTRACCION,asociado_a_contenedor,SI,btz_description_15,escrito_slot_05_80
PP-EXT-TRM-TRMSOLV,TRAMPA SOLVENTE PTA PTO | Grupo: PP-TRM TRAMPA SOLVENTE,366559,58a0c5ec-573a-4dcc-9a0e-9d96a2f21f89-000597df,PP > PP-EXT-LGC-EXTRACCION > PP-EXT-LGC-DESGOMADO,contenedor_por_ancestro_project,PP-EXT-LGC-EXTRACCION,asociado_a_contenedor,SI,btz_description_31,escrito_slot_05_80
PP-EXT-BMB-BO43,BOMBA BO43 TRAMPA SOLVENTE A TK SERV. | Grupo: PP-BMB VERTICAL BO43,366791,58a0c5ec-573a-4dcc-9a0e-9d96a2f21f89-000598c7,PP > PP-EXT-LGC-EXTRACCION > PP-EXT-LGC-DESGOMADO,contenedor_por_ancestro_project,PP-EXT-LGC-EXTRACCION,asociado_a_contenedor,SI,btz_description_15,escrito_slot_05_80
PP-EXT-BMB-BO44,BOMBA BO44 TRAMPA SOLVENTE A DESAGUE | Grupo: PP-BMB VERTICAL BO44,366838,58a0c5ec-573a-4dcc-9a0e-9d96a2f21f89-000598f6,PP > PP-EXT-LGC-EXTRACCION > PP-EXT-LGC-DESGOMADO,contenedor_por_ancestro_project,PP-EXT-LGC-EXTRACCION,asociado_a_contenedor,SI,btz_description_34,escrito_slot_05_80
PP-EXT-BMB-BO49,BOMBA BO49 E - RECUPERO DE TRAMPA | Grupo: PP-BMB CENTRIF BO49 E,366859,58a0c5ec-573a-4dcc-9a0e-9d96a2f21f89-0005990b,PP > PP-EXT-LGC-EXTRACCION > PP-EXT-LGC-DESGOMADO,contenedor_por_ancestro_project,PP-EXT-LGC-EXTRACCION,asociado_a_contenedor,SI,btz_description_15,escrito_slot_05_80
PP-EXT-BMB-BO27,BOMBA BO27  LAVADOR DE GASES TK SERVICIO A CICLON  DT | Grupo: PP-BMB CENTRIF BO27,366922,58a0c5ec-573a-4dcc-9a0e-9d96a2f21f89-0005994a,PP > PP-EXT-LGC-EXTRACCION > PP-EXT-TST-DT01,contenedor_por_ancestro_project,PP-EXT-TST-DT01,asociado_a_contenedor,SI,btz_description_15,escrito_slot_05_80
PP-EXT-HDR-HCSOLV,HIDROCICLON DE SOLVENTE | Grupo: PP-HIDROCICLON SOLVENTE,366922,58a0c5ec-573a-4dcc-9a0e-9d96a2f21f89-0005994a,PP > PP-EXT-LGC-EXTRACCION > PP-EXT-TST-DT01,contenedor_por_ancestro_project,PP-EXT-TST-DT01,asociado_a_contenedor,SI,btz_description_16,escrito_slot_05_80
PP-EXT-RDC-RDT01,REDUCTOR  DT01 - FALK 2197YBXU3-S-138 (1:138.4) | Grupo: PP-RDC REDUCTOR RDT01,366922,58a0c5ec-573a-4dcc-9a0e-9d96a2f21f89-0005994a,PP > PP-EXT-LGC-EXTRACCION > PP-EXT-TST-DT01,contenedor_por_ancestro_project,PP-EXT-TST-DT01,asociado_a_contenedor,SI,btz_description_17,escrito_slot_05_80
PP-EXT-TNQ-TKCOND,TANQUE TK04 DE CONDENSADO DT | Grupo: PP-TNQ EXTRACCION,366922,58a0c5ec-573a-4dcc-9a0e-9d96a2f21f89-0005994a,PP > PP-EXT-LGC-EXTRACCION > PP-EXT-TST-DT01,contenedor_por_ancestro_project,PP-EXT-TST-DT01,asociado_a_contenedor,SI,btz_description_18,escrito_slot_05_80
PP-EXT-BMB-BO40,BOMBA BO40 RETORNO CONDENSADOS SUR | Grupo: PP-BMB CENTRIF BO40,366922,58a0c5ec-573a-4dcc-9a0e-9d96a2f21f89-0005994a,PP > PP-EXT-LGC-EXTRACCION > PP-EXT-TST-DT01,contenedor_por_ancestro_project,PP-EXT-TST-DT01,asociado_a_contenedor,SI,btz_description_19,escrito_slot_05_80
PP-EXT-BMB-BO41,BOMBA BO41 RETORNO CONDENSADOS NORTE | Grupo: PP-BMB CENTRIF BO41,366922,58a0c5ec-573a-4dcc-9a0e-9d96a2f21f89-0005994a,PP > PP-EXT-LGC-EXTRACCION > PP-EXT-TST-DT01,contenedor_por_ancestro_project,PP-EXT-TST-DT01,asociado_a_contenedor,SI,btz_description_20,escrito_slot_05_80
PP-EXT-TNQ-TKFLASH,TANQUE DE FLASHEO | Grupo: PP-TNQ EXTRACCION,366922,58a0c5ec-573a-4dcc-9a0e-9d96a2f21f89-0005994a,PP > PP-EXT-LGC-EXTRACCION > PP-EXT-TST-DT01,contenedor_por_ancestro_project,PP-EXT-TST-DT01,asociado_a_contenedor,SI,btz_description_21,escrito_slot_05_80
PP-EXT-VLV-VSTK,VALVULA DE SEGURIDAD TK FLASHEO EXTRACCION | Grupo: PP-VLV TK FLASHEO EXT,366922,58a0c5ec-573a-4dcc-9a0e-9d96a2f21f89-0005994a,PP > PP-EXT-LGC-EXTRACCION > PP-EXT-TST-DT01,contenedor_por_ancestro_project,PP-EXT-TST-DT01,asociado_a_contenedor,SI,btz_description_22,escrito_slot_05_80
PP-EXT-VLV-EC01,VALVULA ROTATIVA EC01 | Grupo: PP-VLV ROTATIVA EC01,366922,58a0c5ec-573a-4dcc-9a0e-9d96a2f21f89-0005994a,PP > PP-EXT-LGC-EXTRACCION > PP-EXT-TST-DT01,contenedor_por_ancestro_project,PP-EXT-TST-DT01,asociado_a_contenedor,SI,btz_description_23,escrito_slot_05_80
PP-EXT-VLV-SOV-114,VALVULA PURGA CONDENSADO DT | Grupo: PP-VLV CTROL EXT,366922,58a0c5ec-573a-4dcc-9a0e-9d96a2f21f89-0005994a,PP > PP-EXT-LGC-EXTRACCION > PP-EXT-TST-DT01,contenedor_por_ancestro_project,PP-EXT-TST-DT01,asociado_a_contenedor,SI,btz_description_24,escrito_slot_05_80
PP-EXT-VLV-TCV-110,VALVULA CONTROL TEMPERATURA VAPOR DIRECTO AL PISO INF. DT | Grupo: PP-VLV CTROL EXT,366922,58a0c5ec-573a-4dcc-9a0e-9d96a2f21f89-0005994a,PP > PP-EXT-LGC-EXTRACCION > PP-EXT-TST-DT01,contenedor_por_ancestro_project,PP-EXT-TST-DT01,asociado_a_contenedor,SI,btz_description_25,escrito_slot_05_80
PP-EXT-VLV-TCV-111,VALVULA CONTROL TEMPERATURA VAPOR DIRECTO A LA OLLA  DT | Grupo: PP-VLV CTROL EXT,366922,58a0c5ec-573a-4dcc-9a0e-9d96a2f21f89-0005994a,PP > PP-EXT-LGC-EXTRACCION > PP-EXT-TST-DT01,contenedor_por_ancestro_project,PP-EXT-TST-DT01,asociado_a_contenedor,SI,btz_description_26,escrito_slot_05_80
PP-EXT-VLV-VS01,VALVULA ON-OFF VAPOR DE PRECALENTAMIENTO AL DT | Grupo: PP-VLV CTROL EXT,366922,58a0c5ec-573a-4dcc-9a0e-9d96a2f21f89-0005994a,PP > PP-EXT-LGC-EXTRACCION > PP-EXT-TST-DT01,contenedor_por_ancestro_project,PP-EXT-TST-DT01,asociado_a_contenedor,SI,btz_description_27,escrito_slot_05_80
PP-EXT-VLV-VS02,VALVULA ON-OFF ENTRADA VAPOR DT | Grupo: PP-VLV CTROL EXT,366922,58a0c5ec-573a-4dcc-9a0e-9d96a2f21f89-0005994a,PP > PP-EXT-LGC-EXTRACCION > PP-EXT-TST-DT01,contenedor_por_ancestro_project,PP-EXT-TST-DT01,asociado_a_contenedor,SI,btz_description_28,escrito_slot_05_80
PP-HRN-LGC-HARINA,SECTOR HARINA PTA PTO | Grupo: PP-SECTOR,285276,121e7c49-6f80-4698-91bd-c7c5a38e25dd-00045a5c,PP > PP-HRN-LGC-HARINA > PP-HRN-LGC-HARINA,contenedor_por_match_puntual_multi,PP-HRN-LGC-HARINA,asociado_a_contenedor,SI,btz_description_02,ya_existia_en_btz
PP-HRN-FLT-FM02,FILTRO DE MANGA FM02 | Grupo: PP-FLT FILTRO MANGA FM02,285276,121e7c49-6f80-4698-91bd-c7c5a38e25dd-00045a5c,PP > PP-HRN-LGC-HARINA > PP-HRN-LGC-HARINA,contenedor_por_ancestro_project,PP-HRN-LGC-HARINA,asociado_a_contenedor,SI,btz_description_05,escrito_slot_05_80
PP-HRN-RSC-SF08,ROSCA SF08  A SF09 RESIVE DE VR23A-B SALIDA FM02 | Grupo: PP-RSC SF08,286624,121e7c49-6f80-4698-91bd-c7c5a38e25dd-00045fa0,PP > PP-HRN-LGC-HARINA > PP-HRN-LGC-HARINA,contenedor_por_ancestro_project,PP-HRN-LGC-HARINA,asociado_a_contenedor,SI,btz_description_05,escrito_slot_05_80
PP-HRN-RSC-SF09,ROSCA SF09  A R27 | Grupo: PP-RSC SF09,365759,112ed255-2c3e-4575-ba44-903fa5f3f8e7-000594bf,PP > PP-HRN-LGC-HARINA > PP-HRN-LGC-HARINA,contenedor_por_ancestro_project,PP-HRN-LGC-HARINA,asociado_a_contenedor,SI,btz_description_05,escrito_slot_05_80
PP-HRN-RSC-SF10,ROSCA SF10  A VR23B BAJO FILTRO MANGAS | Grupo: PP-RSC SF10,366082,112ed255-2c3e-4575-ba44-903fa5f3f8e7-00059602,PP > PP-HRN-LGC-HARINA > PP-HRN-LGC-HARINA,contenedor_por_ancestro_project,PP-HRN-LGC-HARINA,asociado_a_contenedor,SI,btz_description_05,escrito_slot_05_80
PP-HRN-VLV-VR23A,VALVULA ROTATIVA VR23A | Grupo: PP-VLV ROTATIVA VR23A-B,366106,112ed255-2c3e-4575-ba44-903fa5f3f8e7-0005961a,PP > PP-HRN-LGC-HARINA > PP-HRN-LGC-HARINA,contenedor_por_ancestro_project,PP-HRN-LGC-HARINA,asociado_a_contenedor,SI,btz_description_05,escrito_slot_05_80
PP-HRN-VLV-VR23B,VALVULA ROTATIVA VR23B | Grupo: PP-VLV ROTATIVA VR23A-B,366183,112ed255-2c3e-4575-ba44-903fa5f3f8e7-00059667,PP > PP-HRN-LGC-HARINA > PP-HRN-LGC-HARINA,contenedor_por_ancestro_project,PP-HRN-LGC-HARINA,asociado_a_contenedor,SI,btz_description_05,escrito_slot_05_80
PP-HRN-VNT-VE23,VENTILADOR VE23 | Grupo: PP-VNT VE23,366280,112ed255-2c3e-4575-ba44-903fa5f3f8e7-000596c8,PP > PP-HRN-LGC-HARINA > PP-HRN-LGC-HARINA,contenedor_por_ancestro_project,PP-HRN-LGC-HARINA,asociado_a_contenedor,SI,btz_description_13,escrito_slot_05_80
PP-HRN-CCL-CVE23,CICLON VENTILADOR VE23 | Grupo: PP-CCL CICLON ENF HRN,285276,121e7c49-6f80-4698-91bd-c7c5a38e25dd-00045a5c,PP > PP-HRN-LGC-HARINA > PP-HRN-LGC-HARINA,contenedor_por_ancestro_project,PP-HRN-LGC-HARINA,asociado_a_contenedor,SI,btz_description_06,escrito_slot_05_80
PP-HRN-ENF-EG11,SECADOR ENFRIADOR EG11 | Grupo: PP-ENF ENFRIAOR EG11,286624,121e7c49-6f80-4698-91bd-c7c5a38e25dd-00045fa0,PP > PP-HRN-LGC-HARINA > PP-HRN-LGC-ENFRIADORES,contenedor_por_ancestro_project,PP-HRN-LGC-ENFRIADORES,asociado_a_contenedor,SI,btz_description_06,escrito_slot_05_80
PP-HRN-ART-ATER-01,AEROTERMO ATERM-01  (GRANDE) EG11 | Grupo: PP-ART GRANDE EG11,286624,121e7c49-6f80-4698-91bd-c7c5a38e25dd-00045fa0,PP > PP-HRN-LGC-HARINA > PP-HRN-LGC-ENFRIADORES,contenedor_por_ancestro_project,PP-HRN-LGC-ENFRIADORES,asociado_a_contenedor,SI,btz_description_07,escrito_slot_05_80
PP-HRN-ART-ATER-02,AEROTERMO ATERM-02 (GRANDE) EG11 | Grupo: PP-ART GRANDE EG11,286624,121e7c49-6f80-4698-91bd-c7c5a38e25dd-00045fa0,PP > PP-HRN-LGC-HARINA > PP-HRN-LGC-ENFRIADORES,contenedor_por_ancestro_project,PP-HRN-LGC-ENFRIADORES,asociado_a_contenedor,SI,btz_description_08,escrito_slot_05_80
PP-HRN-ART-ATER-03,AEROTERMO ATERM-03 (GRANDE) EG11 | Grupo: PP-ART GRANDE EG11,286624,121e7c49-6f80-4698-91bd-c7c5a38e25dd-00045fa0,PP > PP-HRN-LGC-HARINA > PP-HRN-LGC-ENFRIADORES,contenedor_por_ancestro_project,PP-HRN-LGC-ENFRIADORES,asociado_a_contenedor,SI,btz_description_09,escrito_slot_05_80
PP-HRN-ART-ATER-04,AEROTERMO ATERM-04 (GRANDE) EG11 | Grupo: PP-ART GRANDE EG11,286624,121e7c49-6f80-4698-91bd-c7c5a38e25dd-00045fa0,PP > PP-HRN-LGC-HARINA > PP-HRN-LGC-ENFRIADORES,contenedor_por_ancestro_project,PP-HRN-LGC-ENFRIADORES,asociado_a_contenedor,SI,btz_description_10,escrito_slot_05_80
PP-HRN-ART-ATER-05,AEROTERMO ATERM-05 (GRANDE) EG11 | Grupo: PP-ART GRANDE EG11,286624,121e7c49-6f80-4698-91bd-c7c5a38e25dd-00045fa0,PP > PP-HRN-LGC-HARINA > PP-HRN-LGC-ENFRIADORES,contenedor_por_ancestro_project,PP-HRN-LGC-ENFRIADORES,asociado_a_contenedor,SI,btz_description_11,escrito_slot_05_80
PP-HRN-ART-ATER-06,AEROTERMO ATERM-06 (GRANDE) EG11 | Grupo: PP-ART GRANDE EG11,286624,121e7c49-6f80-4698-91bd-c7c5a38e25dd-00045fa0,PP > PP-HRN-LGC-HARINA > PP-HRN-LGC-ENFRIADORES,contenedor_por_ancestro_project,PP-HRN-LGC-ENFRIADORES,asociado_a_contenedor,SI,btz_description_12,escrito_slot_05_80
PP-HRN-ART-ATER-07,AEROTERMO ATERM-07 (GRANDE) EG11 | Grupo: PP-ART GRANDE EG11,286624,121e7c49-6f80-4698-91bd-c7c5a38e25dd-00045fa0,PP > PP-HRN-LGC-HARINA > PP-HRN-LGC-ENFRIADORES,contenedor_por_ancestro_project,PP-HRN-LGC-ENFRIADORES,asociado_a_contenedor,SI,btz_description_13,escrito_slot_05_80
PP-HRN-ART-ATER-08,AEROTERMO ATERM-08 (GRANDE) EG11 | Grupo: PP-ART GRANDE EG11,286624,121e7c49-6f80-4698-91bd-c7c5a38e25dd-00045fa0,PP > PP-HRN-LGC-HARINA > PP-HRN-LGC-ENFRIADORES,contenedor_por_ancestro_project,PP-HRN-LGC-ENFRIADORES,asociado_a_contenedor,SI,btz_description_14,escrito_slot_05_80
PP-HRN-ART-ATER-09,AEROTERMO ATERM-09 (GRANDE) EG11 | Grupo: PP-ART GRANDE EG11,286624,121e7c49-6f80-4698-91bd-c7c5a38e25dd-00045fa0,PP > PP-HRN-LGC-HARINA > PP-HRN-LGC-ENFRIADORES,contenedor_por_ancestro_project,PP-HRN-LGC-ENFRIADORES,asociado_a_contenedor,SI,btz_description_15,escrito_slot_05_80
PP-HRN-ART-ATER-10,AEROTERMO ATERM-10 (GRANDE) EG11 | Grupo: PP-ART GRANDE EG11,286624,121e7c49-6f80-4698-91bd-c7c5a38e25dd-00045fa0,PP > PP-HRN-LGC-HARINA > PP-HRN-LGC-ENFRIADORES,contenedor_por_ancestro_project,PP-HRN-LGC-ENFRIADORES,asociado_a_contenedor,SI,btz_description_16,escrito_slot_05_80
PP-HRN-ART-ATER-11,AEROTERMO ATERM-11 (GRANDE) EG11 | Grupo: PP-ART GRANDE EG11,286624,121e7c49-6f80-4698-91bd-c7c5a38e25dd-00045fa0,PP > PP-HRN-LGC-HARINA > PP-HRN-LGC-ENFRIADORES,contenedor_por_ancestro_project,PP-HRN-LGC-ENFRIADORES,asociado_a_contenedor,SI,btz_description_17,escrito_slot_05_80
PP-HRN-ART-ATER-12,AEROTERMO ATERM-12 (GRANDE) EG11 | Grupo: PP-ART GRANDE EG11,286624,121e7c49-6f80-4698-91bd-c7c5a38e25dd-00045fa0,PP > PP-HRN-LGC-HARINA > PP-HRN-LGC-ENFRIADORES,contenedor_por_ancestro_project,PP-HRN-LGC-ENFRIADORES,asociado_a_contenedor,SI,btz_description_18,escrito_slot_05_80
PP-HRN-ART-ATER-13,AEROTERMO ATERM-13 (GRANDE) EG11 | Grupo: PP-ART GRANDE EG11,286624,121e7c49-6f80-4698-91bd-c7c5a38e25dd-00045fa0,PP > PP-HRN-LGC-HARINA > PP-HRN-LGC-ENFRIADORES,contenedor_por_ancestro_project,PP-HRN-LGC-ENFRIADORES,asociado_a_contenedor,SI,btz_description_19,escrito_slot_05_80
PP-HRN-ART-ATER-14,AEROTERMO ATERM-14 (GRANDE) EG11 | Grupo: PP-ART GRANDE EG11,286624,121e7c49-6f80-4698-91bd-c7c5a38e25dd-00045fa0,PP > PP-HRN-LGC-HARINA > PP-HRN-LGC-ENFRIADORES,contenedor_por_ancestro_project,PP-HRN-LGC-ENFRIADORES,asociado_a_contenedor,SI,btz_description_20,escrito_slot_05_80
PP-HRN-ART-ATER-15,AEROTERMO ATERM-15 (GRANDE) EG11 | Grupo: PP-ART GRANDE EG11,286624,121e7c49-6f80-4698-91bd-c7c5a38e25dd-00045fa0,PP > PP-HRN-LGC-HARINA > PP-HRN-LGC-ENFRIADORES,contenedor_por_ancestro_project,PP-HRN-LGC-ENFRIADORES,asociado_a_contenedor,SI,btz_description_21,escrito_slot_05_80
PP-HRN-ART-ATER-16,AEROTERMO ATERM-16 (GRANDE) EG11 | Grupo: PP-ART GRANDE EG11,286624,121e7c49-6f80-4698-91bd-c7c5a38e25dd-00045fa0,PP > PP-HRN-LGC-HARINA > PP-HRN-LGC-ENFRIADORES,contenedor_por_ancestro_project,PP-HRN-LGC-ENFRIADORES,asociado_a_contenedor,SI,btz_description_22,escrito_slot_05_80
PP-HRN-RSC-S08,ROSCA S08  A S10 SALIDA DE EG11 | Grupo: PP-RSC S08,286624,121e7c49-6f80-4698-91bd-c7c5a38e25dd-00045fa0,PP > PP-HRN-LGC-HARINA > PP-HRN-LGC-ENFRIADORES,contenedor_por_ancestro_project,PP-HRN-LGC-ENFRIADORES,asociado_a_contenedor,SI,btz_description_23,escrito_slot_05_80
PP-HRN-RSC-S10,ROSCA S10  A R22 | Grupo: PP-RSC S10,286624,121e7c49-6f80-4698-91bd-c7c5a38e25dd-00045fa0,PP > PP-HRN-LGC-HARINA > PP-HRN-LGC-ENFRIADORES,contenedor_por_ancestro_project,PP-HRN-LGC-ENFRIADORES,asociado_a_contenedor,SI,btz_description_24,escrito_slot_05_80
PP-HRN-VLV-SOV-200,VALVULA ON-OFF VAPOR AHOGO ENFRIADOR EG11 INFERIOR | Grupo: PP-VLV CONTROL HARINA,286624,121e7c49-6f80-4698-91bd-c7c5a38e25dd-00045fa0,PP > PP-HRN-LGC-HARINA > PP-HRN-LGC-ENFRIADORES,contenedor_por_ancestro_project,PP-HRN-LGC-ENFRIADORES,asociado_a_contenedor,SI,btz_description_25,escrito_slot_05_80
PP-HRN-VNT-VE15,VENTILADOR VE15 EG11 | Grupo: PP-VNT VENTIL EG11-EG12,286624,121e7c49-6f80-4698-91bd-c7c5a38e25dd-00045fa0,PP > PP-HRN-LGC-HARINA > PP-HRN-LGC-ENFRIADORES,contenedor_por_ancestro_project,PP-HRN-LGC-ENFRIADORES,asociado_a_contenedor,SI,btz_description_26,escrito_slot_05_80
PP-HRN-CCL-CVE15,CICLON VENTILADOR VE15 | Grupo: PP-CCL CICLON ENF HRN,286624,121e7c49-6f80-4698-91bd-c7c5a38e25dd-00045fa0,PP > PP-HRN-LGC-HARINA > PP-HRN-LGC-ENFRIADORES,contenedor_por_ancestro_project,PP-HRN-LGC-ENFRIADORES,asociado_a_contenedor,SI,btz_description_27,escrito_slot_05_80
PP-HRN-VLV-VR15,VALVULA ROTATIVA VR15 | Grupo: PP-VLV ROT ENF HARINA,286624,121e7c49-6f80-4698-91bd-c7c5a38e25dd-00045fa0,PP > PP-HRN-LGC-HARINA > PP-HRN-LGC-ENFRIADORES,contenedor_por_ancestro_project,PP-HRN-LGC-ENFRIADORES,asociado_a_contenedor,SI,btz_description_28,escrito_slot_05_80
PP-HRN-VNT-VE16,VENTILADOR VE16 EG11 | Grupo: PP-VNT VENTIL EG11-EG12,286624,121e7c49-6f80-4698-91bd-c7c5a38e25dd-00045fa0,PP > PP-HRN-LGC-HARINA > PP-HRN-LGC-ENFRIADORES,contenedor_por_ancestro_project,PP-HRN-LGC-ENFRIADORES,asociado_a_contenedor,SI,btz_description_29,escrito_slot_05_80
PP-HRN-CCL-CVE16,CICLON VENTILADOR VE16 | Grupo: PP-CCL CICLON ENF HRN,286624,121e7c49-6f80-4698-91bd-c7c5a38e25dd-00045fa0,PP > PP-HRN-LGC-HARINA > PP-HRN-LGC-ENFRIADORES,contenedor_por_ancestro_project,PP-HRN-LGC-ENFRIADORES,asociado_a_contenedor,SI,btz_description_30,escrito_slot_05_80
PP-HRN-VLV-VR16,VALVULA ROTATIVA VR16 | Grupo: PP-VLV ROT ENF HARINA,286624,121e7c49-6f80-4698-91bd-c7c5a38e25dd-00045fa0,PP > PP-HRN-LGC-HARINA > PP-HRN-LGC-ENFRIADORES,contenedor_por_ancestro_project,PP-HRN-LGC-ENFRIADORES,asociado_a_contenedor,SI,btz_description_31,escrito_slot_05_80
PP-HRN-VNT-VE17,VENTILADOR VE17 EG11 | Grupo: PP-VNT VENTIL EG11-EG12,286624,121e7c49-6f80-4698-91bd-c7c5a38e25dd-00045fa0,PP > PP-HRN-LGC-HARINA > PP-HRN-LGC-ENFRIADORES,contenedor_por_ancestro_project,PP-HRN-LGC-ENFRIADORES,asociado_a_contenedor,SI,btz_description_32,escrito_slot_05_80
PP-HRN-CCL-CVE17,CICLON VENTILADOR VE17 | Grupo: PP-CCL CICLON ENF HRN,286624,121e7c49-6f80-4698-91bd-c7c5a38e25dd-00045fa0,PP > PP-HRN-LGC-HARINA > PP-HRN-LGC-ENFRIADORES,contenedor_por_ancestro_project,PP-HRN-LGC-ENFRIADORES,asociado_a_contenedor,SI,btz_description_33,escrito_slot_05_80
PP-HRN-VLV-VR17,VALVULA ROTATIVA VR17 | Grupo: PP-VLV ROT ENF HARINA,286624,121e7c49-6f80-4698-91bd-c7c5a38e25dd-00045fa0,PP > PP-HRN-LGC-HARINA > PP-HRN-LGC-ENFRIADORES,contenedor_por_ancestro_project,PP-HRN-LGC-ENFRIADORES,asociado_a_contenedor,SI,btz_description_34,escrito_slot_05_80
PP-HRN-VNT-VE18,VENTILADOR VE18 EG11 | Grupo: PP-VNT VENTIL EG11-EG12,286624,121e7c49-6f80-4698-91bd-c7c5a38e25dd-00045fa0,PP > PP-HRN-LGC-HARINA > PP-HRN-LGC-ENFRIADORES,contenedor_por_ancestro_project,PP-HRN-LGC-ENFRIADORES,asociado_a_contenedor,SI,btz_description_35,escrito_slot_05_80
PP-HRN-CCL-CVE18,CICLON VENTILADOR VE18 | Grupo: PP-CCL CICLON ENF HRN,286624,121e7c49-6f80-4698-91bd-c7c5a38e25dd-00045fa0,PP > PP-HRN-LGC-HARINA > PP-HRN-LGC-ENFRIADORES,contenedor_por_ancestro_project,PP-HRN-LGC-ENFRIADORES,asociado_a_contenedor,SI,btz_description_36,escrito_slot_05_80
PP-HRN-VLV-VR18,VALVULA ROTATIVA VR18 | Grupo: PP-VLV ROT ENF HARINA,286624,121e7c49-6f80-4698-91bd-c7c5a38e25dd-00045fa0,PP > PP-HRN-LGC-HARINA > PP-HRN-LGC-ENFRIADORES,contenedor_por_ancestro_project,PP-HRN-LGC-ENFRIADORES,asociado_a_contenedor,SI,btz_description_37,escrito_slot_05_80
PP-HRN-ENF-EG12,SECADOR ENFRIADOR EG12 | Grupo: PP-ENF ENFRIAOR EG12,286624,121e7c49-6f80-4698-91bd-c7c5a38e25dd-00045fa0,PP > PP-HRN-LGC-HARINA > PP-HRN-LGC-ENFRIADORES,contenedor_por_ancestro_project,PP-HRN-LGC-ENFRIADORES,asociado_a_contenedor,SI,btz_description_38,escrito_slot_05_80
PP-HRN-ART-ATER-17,AEROTERMO ATERM-17 (GRANDE) EG12 | Grupo: PP-ART GRANDE EG11,286624,121e7c49-6f80-4698-91bd-c7c5a38e25dd-00045fa0,PP > PP-HRN-LGC-HARINA > PP-HRN-LGC-ENFRIADORES,contenedor_por_ancestro_project,PP-HRN-LGC-ENFRIADORES,asociado_a_contenedor,SI,btz_description_39,escrito_slot_05_80
PP-HRN-ART-ATER-18,AEROTERMO ATERM-18 (GRANDE) EG12 | Grupo: PP-ART GRANDE EG11,286624,121e7c49-6f80-4698-91bd-c7c5a38e25dd-00045fa0,PP > PP-HRN-LGC-HARINA > PP-HRN-LGC-ENFRIADORES,contenedor_por_ancestro_project,PP-HRN-LGC-ENFRIADORES,asociado_a_contenedor,SI,btz_description_40,escrito_slot_05_80
PP-HRN-ART-ATER-19,AEROTERMO ATERM-19 (CHICO) EG12 | Grupo: PP-ART CHICO EG12,286624,121e7c49-6f80-4698-91bd-c7c5a38e25dd-00045fa0,PP > PP-HRN-LGC-HARINA > PP-HRN-LGC-ENFRIADORES,contenedor_por_ancestro_project,PP-HRN-LGC-ENFRIADORES,asociado_a_contenedor,SI,btz_description_41,escrito_slot_05_80
PP-HRN-ART-ATER-20,AEROTERMO ATERM-20 (CHICO) EG12 | Grupo: PP-ART CHICO EG12,286624,121e7c49-6f80-4698-91bd-c7c5a38e25dd-00045fa0,PP > PP-HRN-LGC-HARINA > PP-HRN-LGC-ENFRIADORES,contenedor_por_ancestro_project,PP-HRN-LGC-ENFRIADORES,asociado_a_contenedor,SI,btz_description_42,escrito_slot_05_80
PP-HRN-ART-ATER-21,AEROTERMO ATERM-21 (CHICO) EG12 | Grupo: PP-ART CHICO EG12,286624,121e7c49-6f80-4698-91bd-c7c5a38e25dd-00045fa0,PP > PP-HRN-LGC-HARINA > PP-HRN-LGC-ENFRIADORES,contenedor_por_ancestro_project,PP-HRN-LGC-ENFRIADORES,asociado_a_contenedor,SI,btz_description_43,escrito_slot_05_80
PP-HRN-ART-ATER-22,AEROTERMO ATERM-22 (CHICO) EG12 | Grupo: PP-ART CHICO EG12,286624,121e7c49-6f80-4698-91bd-c7c5a38e25dd-00045fa0,PP > PP-HRN-LGC-HARINA > PP-HRN-LGC-ENFRIADORES,contenedor_por_ancestro_project,PP-HRN-LGC-ENFRIADORES,asociado_a_contenedor,SI,btz_description_44,escrito_slot_05_80
PP-HRN-ART-ATER-23,AEROTERMO ATERM-23 (CHICO) EG12 | Grupo: PP-ART CHICO EG12,286624,121e7c49-6f80-4698-91bd-c7c5a38e25dd-00045fa0,PP > PP-HRN-LGC-HARINA > PP-HRN-LGC-ENFRIADORES,contenedor_por_ancestro_project,PP-HRN-LGC-ENFRIADORES,asociado_a_contenedor,SI,btz_description_45,escrito_slot_05_80
PP-HRN-ART-ATER-24,AEROTERMO ATERM-24 (CHICO) EG12 | Grupo: PP-ART CHICO EG12,286624,121e7c49-6f80-4698-91bd-c7c5a38e25dd-00045fa0,PP > PP-HRN-LGC-HARINA > PP-HRN-LGC-ENFRIADORES,contenedor_por_ancestro_project,PP-HRN-LGC-ENFRIADORES,asociado_a_contenedor,SI,btz_description_46,escrito_slot_05_80
PP-HRN-ART-ATER-25,AEROTERMO ATERM-25 (GRANDE) EG12 | Grupo: PP-ART GRANDE EG12,286624,121e7c49-6f80-4698-91bd-c7c5a38e25dd-00045fa0,PP > PP-HRN-LGC-HARINA > PP-HRN-LGC-ENFRIADORES,contenedor_por_ancestro_project,PP-HRN-LGC-ENFRIADORES,asociado_a_contenedor,SI,btz_description_47,escrito_slot_05_80
PP-HRN-ART-ATER-26,AEROTERMO ATERM-26 (CHICO) EG12 | Grupo: PP-ART CHICO EG12,286624,121e7c49-6f80-4698-91bd-c7c5a38e25dd-00045fa0,PP > PP-HRN-LGC-HARINA > PP-HRN-LGC-ENFRIADORES,contenedor_por_ancestro_project,PP-HRN-LGC-ENFRIADORES,asociado_a_contenedor,SI,btz_description_48,escrito_slot_05_80
PP-HRN-ART-ATER-27,AEROTERMO ATERM-27 (GRANDE) EG12 | Grupo: PP-ART GRANDE EG12,286624,121e7c49-6f80-4698-91bd-c7c5a38e25dd-00045fa0,PP > PP-HRN-LGC-HARINA > PP-HRN-LGC-ENFRIADORES,contenedor_por_ancestro_project,PP-HRN-LGC-ENFRIADORES,asociado_a_contenedor,SI,btz_description_49,escrito_slot_05_80
PP-HRN-ART-ATER-28,AEROTERMO ATERM-28 (GRANDE) EG12 | Grupo: PP-ART GRANDE EG12,286624,121e7c49-6f80-4698-91bd-c7c5a38e25dd-00045fa0,PP > PP-HRN-LGC-HARINA > PP-HRN-LGC-ENFRIADORES,contenedor_por_ancestro_project,PP-HRN-LGC-ENFRIADORES,asociado_a_contenedor,SI,btz_description_50,escrito_slot_05_80
PP-HRN-ART-ATER-29,AEROTERMO ATERM-29 (GRANDE) EG12 | Grupo: PP-ART GRANDE EG12,286624,121e7c49-6f80-4698-91bd-c7c5a38e25dd-00045fa0,PP > PP-HRN-LGC-HARINA > PP-HRN-LGC-ENFRIADORES,contenedor_por_ancestro_project,PP-HRN-LGC-ENFRIADORES,asociado_a_contenedor,SI,btz_description_51,escrito_slot_05_80
PP-HRN-RSC-S09,ROSCA S09  A S11 SALIDA DE EG12 | Grupo: PP-RSC S09,286624,121e7c49-6f80-4698-91bd-c7c5a38e25dd-00045fa0,PP > PP-HRN-LGC-HARINA > PP-HRN-LGC-ENFRIADORES,contenedor_por_ancestro_project,PP-HRN-LGC-ENFRIADORES,asociado_a_contenedor,SI,btz_description_52,escrito_slot_05_80
PP-HRN-RSC-S11,ROSCA S11  A R22 | Grupo: PP-RSC S11,286624,121e7c49-6f80-4698-91bd-c7c5a38e25dd-00045fa0,PP > PP-HRN-LGC-HARINA > PP-HRN-LGC-ENFRIADORES,contenedor_por_ancestro_project,PP-HRN-LGC-ENFRIADORES,asociado_a_contenedor,SI,btz_description_53,escrito_slot_05_80
PP-HRN-RSC-S22,ROSCA S22 ALIVIO DE FINOS EG12 A S23 | Grupo: PP-RSC S22,286624,121e7c49-6f80-4698-91bd-c7c5a38e25dd-00045fa0,PP > PP-HRN-LGC-HARINA > PP-HRN-LGC-ENFRIADORES,contenedor_por_ancestro_project,PP-HRN-LGC-ENFRIADORES,asociado_a_contenedor,SI,btz_description_54,escrito_slot_05_80
PP-HRN-RSC-S23,ROSCA S23 ALIVIO DE FINOS EG12 A R23 | Grupo: PP-RSC S23,286624,121e7c49-6f80-4698-91bd-c7c5a38e25dd-00045fa0,PP > PP-HRN-LGC-HARINA > PP-HRN-LGC-ENFRIADORES,contenedor_por_ancestro_project,PP-HRN-LGC-ENFRIADORES,asociado_a_contenedor,SI,btz_description_55,escrito_slot_05_80
PP-HRN-VLV-SOV-201,VALVULA ON-OFF VAPOR AHOGO ENFRIADOR EG11 SUPERIOR | Grupo: PP-VLV CONTROL HARINA,286624,121e7c49-6f80-4698-91bd-c7c5a38e25dd-00045fa0,PP > PP-HRN-LGC-HARINA > PP-HRN-LGC-ENFRIADORES,contenedor_por_ancestro_project,PP-HRN-LGC-ENFRIADORES,asociado_a_contenedor,SI,btz_description_56,escrito_slot_05_80
PP-HRN-VLV-SOV-202,VALVULA ON-OFF VAPOR AHOGO ENFRIADOR EG12 | Grupo: PP-VLV CONTROL HARINA,286624,121e7c49-6f80-4698-91bd-c7c5a38e25dd-00045fa0,PP > PP-HRN-LGC-HARINA > PP-HRN-LGC-ENFRIADORES,contenedor_por_ancestro_project,PP-HRN-LGC-ENFRIADORES,asociado_a_contenedor,SI,btz_description_57,escrito_slot_05_80
PP-HRN-VNT-VE19,VENTILADOR VE19 EG12 | Grupo: PP-VNT VENTIL EG11-EG12,286624,121e7c49-6f80-4698-91bd-c7c5a38e25dd-00045fa0,PP > PP-HRN-LGC-HARINA > PP-HRN-LGC-ENFRIADORES,contenedor_por_ancestro_project,PP-HRN-LGC-ENFRIADORES,asociado_a_contenedor,SI,btz_description_58,escrito_slot_05_80
PP-HRN-CCL-CVE19,CICLON VENTILADOR VE19 | Grupo: PP-CCL CICLON ENF HRN,286624,121e7c49-6f80-4698-91bd-c7c5a38e25dd-00045fa0,PP > PP-HRN-LGC-HARINA > PP-HRN-LGC-ENFRIADORES,contenedor_por_ancestro_project,PP-HRN-LGC-ENFRIADORES,asociado_a_contenedor,SI,btz_description_59,escrito_slot_05_80
PP-HRN-VLV-VR19,VALVULA ROTATIVA VR19 | Grupo: PP-VLV ROT ENF HARINA,286624,121e7c49-6f80-4698-91bd-c7c5a38e25dd-00045fa0,PP > PP-HRN-LGC-HARINA > PP-HRN-LGC-ENFRIADORES,contenedor_por_ancestro_project,PP-HRN-LGC-ENFRIADORES,asociado_a_contenedor,SI,btz_description_60,escrito_slot_05_80
PP-HRN-VNT-VE20,VENTILADOR VE20 EG12 | Grupo: PP-VNT VENTIL EG11-EG12,286624,121e7c49-6f80-4698-91bd-c7c5a38e25dd-00045fa0,PP > PP-HRN-LGC-HARINA > PP-HRN-LGC-ENFRIADORES,contenedor_por_ancestro_project,PP-HRN-LGC-ENFRIADORES,asociado_a_contenedor,SI,btz_description_61,escrito_slot_05_80
PP-HRN-CCL-CVE20,CICLON VENTILADOR VE20 | Grupo: PP-CCL CICLON ENF HRN,286624,121e7c49-6f80-4698-91bd-c7c5a38e25dd-00045fa0,PP > PP-HRN-LGC-HARINA > PP-HRN-LGC-ENFRIADORES,contenedor_por_ancestro_project,PP-HRN-LGC-ENFRIADORES,asociado_a_contenedor,SI,btz_description_62,escrito_slot_05_80
PP-HRN-VLV-VR20,VALVULA ROTATIVA VR20 | Grupo: PP-VLV ROT ENF HARINA,286624,121e7c49-6f80-4698-91bd-c7c5a38e25dd-00045fa0,PP > PP-HRN-LGC-HARINA > PP-HRN-LGC-ENFRIADORES,contenedor_por_ancestro_project,PP-HRN-LGC-ENFRIADORES,asociado_a_contenedor,SI,btz_description_63,escrito_slot_05_80
PP-HRN-VNT-VE21,VENTILADOR VE21 EG12 | Grupo: PP-VNT VENTIL EG11-EG12,286624,121e7c49-6f80-4698-91bd-c7c5a38e25dd-00045fa0,PP > PP-HRN-LGC-HARINA > PP-HRN-LGC-ENFRIADORES,contenedor_por_ancestro_project,PP-HRN-LGC-ENFRIADORES,asociado_a_contenedor,SI,btz_description_64,escrito_slot_05_80
PP-HRN-CCL-CVE21,CICLON VENTILADOR VE21 | Grupo: PP-CCL CICLON ENF HRN,286624,121e7c49-6f80-4698-91bd-c7c5a38e25dd-00045fa0,PP > PP-HRN-LGC-HARINA > PP-HRN-LGC-ENFRIADORES,contenedor_por_ancestro_project,PP-HRN-LGC-ENFRIADORES,asociado_a_contenedor,SI,btz_description_65,escrito_slot_05_80
PP-HRN-VLV-VR21,VALVULA ROTATIVA VR21 | Grupo: PP-VLV ROT ENF HARINA,286624,121e7c49-6f80-4698-91bd-c7c5a38e25dd-00045fa0,PP > PP-HRN-LGC-HARINA > PP-HRN-LGC-ENFRIADORES,contenedor_por_ancestro_project,PP-HRN-LGC-ENFRIADORES,asociado_a_contenedor,SI,btz_description_66,escrito_slot_05_80
PP-HRN-VNT-VE22,VENTILADOR VE22 EG12 | Grupo: PP-VNT VENTIL EG11-EG12,286624,121e7c49-6f80-4698-91bd-c7c5a38e25dd-00045fa0,PP > PP-HRN-LGC-HARINA > PP-HRN-LGC-ENFRIADORES,contenedor_por_ancestro_project,PP-HRN-LGC-ENFRIADORES,asociado_a_contenedor,SI,btz_description_67,escrito_slot_05_80
PP-HRN-CCL-CVE22,CICLON VENTILADOR VE22 | Grupo: PP-CCL CICLON ENF HRN,286624,121e7c49-6f80-4698-91bd-c7c5a38e25dd-00045fa0,PP > PP-HRN-LGC-HARINA > PP-HRN-LGC-ENFRIADORES,contenedor_por_ancestro_project,PP-HRN-LGC-ENFRIADORES,asociado_a_contenedor,SI,btz_description_68,escrito_slot_05_80
PP-HRN-VLV-VR22,VALVULA ROTATIVA VR22 | Grupo: PP-VLV ROT ENF HARINA,286624,121e7c49-6f80-4698-91bd-c7c5a38e25dd-00045fa0,PP > PP-HRN-LGC-HARINA > PP-HRN-LGC-ENFRIADORES,contenedor_por_ancestro_project,PP-HRN-LGC-ENFRIADORES,asociado_a_contenedor,SI,btz_description_69,escrito_slot_05_80
PP-HRN-LGC-MEZCLADORAS,CONJUNTO DE MEZCLADORAS HARINA PTA PTO | Grupo: PP-CONJ MEZCLADORAS HRN,286624,121e7c49-6f80-4698-91bd-c7c5a38e25dd-00045fa0,PP > PP-HRN-LGC-HARINA > PP-HRN-LGC-HARINA,contenedor_por_ancestro_project,PP-HRN-LGC-HARINA,asociado_a_contenedor,SI,btz_description_70,escrito_slot_05_80
PP-HRN-RSC-S04,ROSCA S04  MEZCLADOR (LADO ESTE) | Grupo: PP-RSC S04,365759,112ed255-2c3e-4575-ba44-903fa5f3f8e7-000594bf,PP > PP-HRN-LGC-HARINA > PP-HRN-LGC-HARINA,contenedor_por_ancestro_project,PP-HRN-LGC-HARINA,asociado_a_contenedor,SI,btz_description_06,escrito_slot_05_80
PP-HRN-RSC-S05,ROSCA S05  MEZCLADOR (LADO OESTE) | Grupo: PP-RSC S05,366082,112ed255-2c3e-4575-ba44-903fa5f3f8e7-00059602,PP > PP-HRN-LGC-HARINA > PP-HRN-LGC-HARINA,contenedor_por_ancestro_project,PP-HRN-LGC-HARINA,asociado_a_contenedor,SI,btz_description_06,escrito_slot_05_80
PP-HRN-MLN-M01,MOLINO M01 | Grupo: PP-MLN MARTILLOS HRN,366082,112ed255-2c3e-4575-ba44-903fa5f3f8e7-00059602,PP > PP-HRN-LGC-HARINA > PP-HRN-LGC-MOLINOS,contenedor_por_ancestro_project,PP-HRN-LGC-MOLINOS,asociado_a_contenedor,SI,btz_description_07,escrito_slot_05_80
PP-HRN-RSC-MA01,ROSCA MA01 ALIMENTADOR | Grupo: PP-RSC ALIM MA01-MA02,366082,112ed255-2c3e-4575-ba44-903fa5f3f8e7-00059602,PP > PP-HRN-LGC-HARINA > PP-HRN-LGC-MOLINOS,contenedor_por_ancestro_project,PP-HRN-LGC-MOLINOS,asociado_a_contenedor,SI,btz_description_08,escrito_slot_05_80
PP-HRN-RSC-SM01,ROSCA SM01  A R27 | Grupo: PP-ROSCA SACA MLN HRN,366082,112ed255-2c3e-4575-ba44-903fa5f3f8e7-00059602,PP > PP-HRN-LGC-HARINA > PP-HRN-LGC-MOLINOS,contenedor_por_ancestro_project,PP-HRN-LGC-MOLINOS,asociado_a_contenedor,SI,btz_description_09,escrito_slot_05_80
PP-HRN-MLN-M02,MOLINO M02 | Grupo: PP-MLN MARTILLOS HRN,366082,112ed255-2c3e-4575-ba44-903fa5f3f8e7-00059602,PP > PP-HRN-LGC-HARINA > PP-HRN-LGC-MOLINOS,contenedor_por_ancestro_project,PP-HRN-LGC-MOLINOS,asociado_a_contenedor,SI,btz_description_10,escrito_slot_05_80
PP-HRN-RSC-MA02,ROSCA MA02  ALIMENTADOR | Grupo: PP-RSC ALIM MA01-MA02,366082,112ed255-2c3e-4575-ba44-903fa5f3f8e7-00059602,PP > PP-HRN-LGC-HARINA > PP-HRN-LGC-MOLINOS,contenedor_por_ancestro_project,PP-HRN-LGC-MOLINOS,asociado_a_contenedor,SI,btz_description_11,escrito_slot_05_80
PP-HRN-RSC-SM02,ROSCA SM02  A R27 | Grupo: PP-ROSCA SACA MLN HRN,366082,112ed255-2c3e-4575-ba44-903fa5f3f8e7-00059602,PP > PP-HRN-LGC-HARINA > PP-HRN-LGC-MOLINOS,contenedor_por_ancestro_project,PP-HRN-LGC-MOLINOS,asociado_a_contenedor,SI,btz_description_12,escrito_slot_05_80
PP-HRN-NOR-N03,NORIA N03  A R25 | Grupo: PP-NOR N03,285276,121e7c49-6f80-4698-91bd-c7c5a38e25dd-00045a5c,PP > PP-HRN-LGC-HARINA > PP-HRN-LGC-NORIAS,contenedor_por_ancestro_project,PP-HRN-LGC-NORIAS,asociado_a_contenedor,SI,btz_description_07,escrito_slot_05_80
PP-HRN-NOR-N04,NORIA N04  A CSC3 | Grupo: PP-NOR N04,285276,121e7c49-6f80-4698-91bd-c7c5a38e25dd-00045a5c,PP > PP-HRN-LGC-HARINA > PP-HRN-LGC-NORIAS,contenedor_por_ancestro_project,PP-HRN-LGC-NORIAS,asociado_a_contenedor,SI,btz_description_08,escrito_slot_05_80
PP-HRN-RDL-R18,REDLER R18  INCLINADO A R19 | Grupo: PP-REDLER R18,365759,112ed255-2c3e-4575-ba44-903fa5f3f8e7-000594bf,PP > PP-HRN-LGC-HARINA > PP-HRN-LGC-REDLER,contenedor_por_ancestro_project,PP-HRN-LGC-REDLER,asociado_a_contenedor,SI,btz_description_07,escrito_slot_05_80
PP-HRN-RDL-R18A,REDLER R18A (A ROTATIVO) | Grupo: PP-REDLER R18A,365759,112ed255-2c3e-4575-ba44-903fa5f3f8e7-000594bf,PP > PP-HRN-LGC-HARINA > PP-HRN-LGC-REDLER,contenedor_por_ancestro_project,PP-HRN-LGC-REDLER,asociado_a_contenedor,SI,btz_description_08,escrito_slot_05_80
PP-HRN-RDL-R18B,REDLER R18B (A ROTATIVO) | Grupo: PP-REDLER R18B,365759,112ed255-2c3e-4575-ba44-903fa5f3f8e7-000594bf,PP > PP-HRN-LGC-HARINA > PP-HRN-LGC-REDLER,contenedor_por_ancestro_project,PP-HRN-LGC-REDLER,asociado_a_contenedor,SI,btz_description_09,escrito_slot_05_80
PP-HRN-RDL-R18C,REDLER R18C (A ROTATIVO) | Grupo: PP-REDLER R18C,365759,112ed255-2c3e-4575-ba44-903fa5f3f8e7-000594bf,PP > PP-HRN-LGC-HARINA > PP-HRN-LGC-REDLER,contenedor_por_ancestro_project,PP-HRN-LGC-REDLER,asociado_a_contenedor,SI,btz_description_10,escrito_slot_05_80
PP-HRN-RDL-R19,REDLER R19 SOBRE MEZCLADORA Y/O R20 | Grupo: PP-REDLER R19,365759,112ed255-2c3e-4575-ba44-903fa5f3f8e7-000594bf,PP > PP-HRN-LGC-HARINA > PP-HRN-LGC-REDLER,contenedor_por_ancestro_project,PP-HRN-LGC-REDLER,asociado_a_contenedor,SI,btz_description_11,escrito_slot_05_80
PP-HRN-RDL-R20,REDLER R20 SOBRE GRANULADORES | Grupo: PP-REDLER R20,365759,112ed255-2c3e-4575-ba44-903fa5f3f8e7-000594bf,PP > PP-HRN-LGC-HARINA > PP-HRN-LGC-REDLER,contenedor_por_ancestro_project,PP-HRN-LGC-REDLER,asociado_a_contenedor,SI,btz_description_12,escrito_slot_05_80
PP-HRN-RDL-R22,REDLER R22  A R23 BAJO CICLONES ENFR. GE11 | Grupo: PP-REDLER R22,365759,112ed255-2c3e-4575-ba44-903fa5f3f8e7-000594bf,PP > PP-HRN-LGC-HARINA > PP-HRN-LGC-REDLER,contenedor_por_ancestro_project,PP-HRN-LGC-REDLER,asociado_a_contenedor,SI,btz_description_13,escrito_slot_05_80
PP-HRN-RDL-R23,REDLER R23  A R24 BAJO CICLONES ENFR. GE12 | Grupo: PP-REDLER R23,365759,112ed255-2c3e-4575-ba44-903fa5f3f8e7-000594bf,PP > PP-HRN-LGC-HARINA > PP-HRN-LGC-REDLER,contenedor_por_ancestro_project,PP-HRN-LGC-REDLER,asociado_a_contenedor,SI,btz_description_14,escrito_slot_05_80
PP-HRN-RDL-R24,REDLER R24  A PLANTA DE HARINA | Grupo: PP-REDLER R24,365759,112ed255-2c3e-4575-ba44-903fa5f3f8e7-000594bf,PP > PP-HRN-LGC-HARINA > PP-HRN-LGC-REDLER,contenedor_por_ancestro_project,PP-HRN-LGC-REDLER,asociado_a_contenedor,SI,btz_description_15,escrito_slot_05_80
PP-HRN-RDL-R25,REDLER R25  A TAM o R26 | Grupo: PP-REDLER R25,365759,112ed255-2c3e-4575-ba44-903fa5f3f8e7-000594bf,PP > PP-HRN-LGC-HARINA > PP-HRN-LGC-REDLER,contenedor_por_ancestro_project,PP-HRN-LGC-REDLER,asociado_a_contenedor,SI,btz_description_16,escrito_slot_05_80
PP-HRN-RDL-R26,REDLER R26  A MOLINOS | Grupo: PP-REDLER R26,365759,112ed255-2c3e-4575-ba44-903fa5f3f8e7-000594bf,PP > PP-HRN-LGC-HARINA > PP-HRN-LGC-REDLER,contenedor_por_ancestro_project,PP-HRN-LGC-REDLER,asociado_a_contenedor,SI,btz_description_17,escrito_slot_05_80
PP-HRN-RDL-R27,REDLER R27  A N04 o CR3 y 4 | Grupo: PP-REDLER R27,365759,112ed255-2c3e-4575-ba44-903fa5f3f8e7-000594bf,PP > PP-HRN-LGC-HARINA > PP-HRN-LGC-REDLER,contenedor_por_ancestro_project,PP-HRN-LGC-REDLER,asociado_a_contenedor,SI,btz_description_18,escrito_slot_05_80
PP-HRN-BTD-TAM01,BATIDORA TAM01 | Grupo: PP-BTD BATIDORA HARINA,366106,112ed255-2c3e-4575-ba44-903fa5f3f8e7-0005961a,PP > PP-HRN-LGC-HARINA > PP-HRN-LGC-TAMIZADORES,contenedor_por_ancestro_project,PP-HRN-LGC-TAMIZADORES,asociado_a_contenedor,SI,btz_description_06,escrito_slot_05_80
PP-HRN-RSC-RTAM01,ROSCA DESCARGA DE FINOS DE TAM01 | Grupo: PP-RSC SALIDA BTD HRN,366106,112ed255-2c3e-4575-ba44-903fa5f3f8e7-0005961a,PP > PP-HRN-LGC-HARINA > PP-HRN-LGC-TAMIZADORES,contenedor_por_ancestro_project,PP-HRN-LGC-TAMIZADORES,asociado_a_contenedor,SI,btz_description_07,escrito_slot_05_80
PP-HRN-RSC-S17,ROSCA  S17 ALIMENTA TAM01 | Grupo: PP-RSC ALIMENTA TAMIZ,366106,112ed255-2c3e-4575-ba44-903fa5f3f8e7-0005961a,PP > PP-HRN-LGC-HARINA > PP-HRN-LGC-TAMIZADORES,contenedor_por_ancestro_project,PP-HRN-LGC-TAMIZADORES,asociado_a_contenedor,SI,btz_description_08,escrito_slot_05_80
PP-HRN-BTD-TAM02,BATIDORA TAM02 | Grupo: PP-BTD BATIDORA HARINA,366106,112ed255-2c3e-4575-ba44-903fa5f3f8e7-0005961a,PP > PP-HRN-LGC-HARINA > PP-HRN-LGC-TAMIZADORES,contenedor_por_ancestro_project,PP-HRN-LGC-TAMIZADORES,asociado_a_contenedor,SI,btz_description_09,escrito_slot_05_80
PP-HRN-RSC-RTAM02,ROSCA DESCARGA DE FINOS DE TAM02 | Grupo: PP-RSC SALIDA BTD HRN,366106,112ed255-2c3e-4575-ba44-903fa5f3f8e7-0005961a,PP > PP-HRN-LGC-HARINA > PP-HRN-LGC-TAMIZADORES,contenedor_por_ancestro_project,PP-HRN-LGC-TAMIZADORES,asociado_a_contenedor,SI,btz_description_10,escrito_slot_05_80
PP-HRN-RSC-S18,ROSCA  S18 ALIMENTA TAM02 | Grupo: PP-RSC ALIMENTA TAMIZ,366106,112ed255-2c3e-4575-ba44-903fa5f3f8e7-0005961a,PP > PP-HRN-LGC-HARINA > PP-HRN-LGC-TAMIZADORES,contenedor_por_ancestro_project,PP-HRN-LGC-TAMIZADORES,asociado_a_contenedor,SI,btz_description_11,escrito_slot_05_80
PP-HRN-BTD-TAM03,BATIDORA TAM03 | Grupo: PP-BTD BATIDORA HARINA,366106,112ed255-2c3e-4575-ba44-903fa5f3f8e7-0005961a,PP > PP-HRN-LGC-HARINA > PP-HRN-LGC-TAMIZADORES,contenedor_por_ancestro_project,PP-HRN-LGC-TAMIZADORES,asociado_a_contenedor,SI,btz_description_12,escrito_slot_05_80
PP-HRN-RSC-RTAM03,ROSCA DESCARGA DE FINOS DE TAM03 | Grupo: PP-RSC SALIDA BTD HRN,366106,112ed255-2c3e-4575-ba44-903fa5f3f8e7-0005961a,PP > PP-HRN-LGC-HARINA > PP-HRN-LGC-TAMIZADORES,contenedor_por_ancestro_project,PP-HRN-LGC-TAMIZADORES,asociado_a_contenedor,SI,btz_description_13,escrito_slot_05_80
PP-HRN-RSC-S19,ROSCA  S19 ALIMENTA TAM03 | Grupo: PP-RSC ALIMENTA TAMIZ,366106,112ed255-2c3e-4575-ba44-903fa5f3f8e7-0005961a,PP > PP-HRN-LGC-HARINA > PP-HRN-LGC-TAMIZADORES,contenedor_por_ancestro_project,PP-HRN-LGC-TAMIZADORES,asociado_a_contenedor,SI,btz_description_14,escrito_slot_05_80
PP-HRN-VLV-VM01,VALVULA MANUAL VM01 DE R24 A N03 | Grupo: PP-VLV MANUAL  HRN,366106,112ed255-2c3e-4575-ba44-903fa5f3f8e7-0005961a,PP > PP-HRN-LGC-HARINA > PP-HRN-LGC-HARINA,contenedor_por_ancestro_project,PP-HRN-LGC-HARINA,asociado_a_contenedor,SI,btz_description_15,escrito_slot_05_80
PP-HRN-VLV-VM02,VALVULA MANUAL VM02 DE R24 A N04 | Grupo: PP-VLV MANUAL  HRN,366183,112ed255-2c3e-4575-ba44-903fa5f3f8e7-00059667,PP > PP-HRN-LGC-HARINA > PP-HRN-LGC-HARINA,contenedor_por_ancestro_project,PP-HRN-LGC-HARINA,asociado_a_contenedor,SI,btz_description_06,escrito_slot_05_80
PP-HRN-VLV-VM03,VALVULA ELECTRICA VM03 DE R24 A VM06 O VM04 O VM05 | Grupo: PP-VLV ELECTRICA HRN,366280,112ed255-2c3e-4575-ba44-903fa5f3f8e7-000596c8,PP > PP-HRN-LGC-HARINA > PP-HRN-LGC-HARINA,contenedor_por_ancestro_project,PP-HRN-LGC-HARINA,asociado_a_contenedor,SI,btz_description_14,escrito_slot_05_80
PP-HRN-VLV-VM04,VALVULA MANUAL VM04 A CR04 | Grupo: PP-VLV MANUAL  HRN,285276,121e7c49-6f80-4698-91bd-c7c5a38e25dd-00045a5c,PP > PP-HRN-LGC-HARINA > PP-HRN-LGC-HARINA,contenedor_por_ancestro_project,PP-HRN-LGC-HARINA,asociado_a_contenedor,SI,btz_description_09,escrito_slot_05_80
PP-HRN-VLV-VM05,VALVULA MANUAL VM05 A CR03 | Grupo: PP-VLV MANUAL  HRN,286624,121e7c49-6f80-4698-91bd-c7c5a38e25dd-00045fa0,PP > PP-HRN-LGC-HARINA > PP-HRN-LGC-HARINA,contenedor_por_ancestro_project,PP-HRN-LGC-HARINA,asociado_a_contenedor,SI,btz_description_71,escrito_slot_05_80
PP-HRN-VLV-VM06,VALVULA MANUAL VM06  DE R27 A CR03-CR04 | Grupo: PP-VLV MANUAL  HRN,365759,112ed255-2c3e-4575-ba44-903fa5f3f8e7-000594bf,PP > PP-HRN-LGC-HARINA > PP-HRN-LGC-HARINA,contenedor_por_ancestro_project,PP-HRN-LGC-HARINA,asociado_a_contenedor,SI,btz_description_19,escrito_slot_05_80
PP-HRN-VLV-VM07,VALVULA MANUAL VM07 DE R27 A N03 | Grupo: PP-VLV MANUAL  HRN,366082,112ed255-2c3e-4575-ba44-903fa5f3f8e7-00059602,PP > PP-HRN-LGC-HARINA > PP-HRN-LGC-HARINA,contenedor_por_ancestro_project,PP-HRN-LGC-HARINA,asociado_a_contenedor,SI,btz_description_13,escrito_slot_05_80
PP-HRN-SIS-CTRAL,CENTRAL DE LUBRICACION DE SECADOR ROTATIVO | Grupo: PP-CENTRAL LUB SEC ROT,366106,112ed255-2c3e-4575-ba44-903fa5f3f8e7-0005961a,PP > PP-HRN-LGC-HARINA > PP-HRN-LGC-HARINA,contenedor_por_ancestro_project,PP-HRN-LGC-HARINA,asociado_a_contenedor,SI,btz_description_16,escrito_slot_05_80
PP-HRN-RSC-RER01,ROSCA ENTRADA SR01 DE PTA 6000 | Grupo: PP-RSC RER01,285673,121e7c49-6f80-4698-91bd-c7c5a38e25dd-00045be9,PP > PP-HRN-SRT-SR01,contenedor_por_ancestro_project,PP-HRN-SRT-SR01,asociado_a_contenedor,SI,btz_description_05,escrito_slot_05_80
PP-HRN-VLV-PCVSR01,VALVULA AUTORREGULADORA PRESION VAPOR SECADOR ROTATIVO | Grupo: PP-VLV CONTROL SRT,285673,121e7c49-6f80-4698-91bd-c7c5a38e25dd-00045be9,PP > PP-HRN-SRT-SR01,contenedor_por_ancestro_project,PP-HRN-SRT-SR01,asociado_a_contenedor,SI,btz_description_06,escrito_slot_05_80
PP-HRN-VLV-TCVSR01,VALVULA DE CONTROL DE TEMPERATURA SECADOR ROTATIVO | Grupo: PP-VLV CONTROL SRT,285673,121e7c49-6f80-4698-91bd-c7c5a38e25dd-00045be9,PP > PP-HRN-SRT-SR01,contenedor_por_ancestro_project,PP-HRN-SRT-SR01,asociado_a_contenedor,SI,btz_description_07,escrito_slot_05_80
PP-HRN-VLV-VSSR,VALVULA DE SEGURIDAD SECADOR ROTATIVO | Grupo: PP-VLV SEGUR HARINA,285673,121e7c49-6f80-4698-91bd-c7c5a38e25dd-00045be9,PP > PP-HRN-SRT-SR01,contenedor_por_ancestro_project,PP-HRN-SRT-SR01,asociado_a_contenedor,SI,btz_description_08,escrito_slot_05_80
PP-LCT-LGC-LECITINA,SECTOR LECITINA PTA PTO (UBICADA EN PLANTA PUERTO) | Grupo: PP-SECTOR,184857,e873c32e-5e0c-4f36-b2a7-48d4917bce06-0002d219,PP > PP-LCT-LGC-LECITINA > PP_LCT_VOTATOR,contenedor_por_match_puntual_multi,PP-LCT-LGC-LECITINA,asociado_a_contenedor,SI,btz_description_02,ya_existia_en_btz
PP-LCT-AGT-AG01,AGITADOR ESTANDARIZADO | Grupo: PP-AGT AG01,184857,e873c32e-5e0c-4f36-b2a7-48d4917bce06-0002d219,PP > PP-LCT-LGC-LECITINA > PP_LCT_VOTATOR,contenedor_por_ancestro_project,PP-LCT-LGC-LECITINA,asociado_a_contenedor,SI,btz_description_05,escrito_slot_05_80
PP-LCT-LGC-ESTANDARIZADO,SECTOR ESTANDARIZADO | Grupo: PP-SECTOR,367233,83998b8f-3075-40bb-b815-6060fbf51833-00059a81,PP > PP-LCT-LGC-LECITINA > PP_LCT_VOTATOR,contenedor_por_ancestro_project,PP-LCT-LGC-LECITINA,asociado_a_contenedor,SI,btz_description_05,escrito_slot_05_80
PP-LCT-BMB-BE06,BOMBA A ENGRANAJE LECITINA A FRACCIONADO | Grupo: PP-BMB BE06,367512,83998b8f-3075-40bb-b815-6060fbf51833-00059b98,PP > PP-LCT-LGC-LECITINA > PP_LCT_VOTATOR,contenedor_por_ancestro_project,PP-LCT-LGC-LECITINA,asociado_a_contenedor,SI,btz_description_05,escrito_slot_05_80
PP-LCT-BMB-BE07,BOMBA CARGA DE CAMIONES O RECIRCULACION | Grupo: PP-BMB BE07,184857,e873c32e-5e0c-4f36-b2a7-48d4917bce06-0002d219,PP > PP-LCT-LGC-LECITINA > PP_LCT_VOTATOR,contenedor_por_ancestro_project,PP-LCT-LGC-LECITINA,asociado_a_contenedor,SI,btz_description_06,escrito_slot_05_80
PP-LCT-BMB-BE18,BOMBA ESTANDARIZADO | Grupo: PP-BMB  BE18,367233,83998b8f-3075-40bb-b815-6060fbf51833-00059a81,PP > PP-LCT-LGC-LECITINA > PP_LCT_VOTATOR,contenedor_por_ancestro_project,PP-LCT-LGC-LECITINA,asociado_a_contenedor,SI,btz_description_06,escrito_slot_05_80
PP-LCT-BMB-BE19,BOMBA ESTANDARIZADO | Grupo: PP-BMB  BE19,367512,83998b8f-3075-40bb-b815-6060fbf51833-00059b98,PP > PP-LCT-LGC-LECITINA > PP_LCT_VOTATOR,contenedor_por_ancestro_project,PP-LCT-LGC-LECITINA,asociado_a_contenedor,SI,btz_description_06,escrito_slot_05_80
PP-LCT-BMB-BE48,BOMBA DE LECITINA | Grupo: PP-BMB  BE48,184857,e873c32e-5e0c-4f36-b2a7-48d4917bce06-0002d219,PP > PP-LCT-LGC-LECITINA > PP_LCT_VOTATOR,contenedor_por_ancestro_project,PP-LCT-LGC-LECITINA,asociado_a_contenedor,SI,btz_description_07,escrito_slot_05_80
PP-LCT-BMB-BE49,"BOMBA ESTANDARIZADO, CARGA OLEINA | Grupo: PP-BMB  BE49",367233,83998b8f-3075-40bb-b815-6060fbf51833-00059a81,PP > PP-LCT-LGC-LECITINA > PP_LCT_VOTATOR,contenedor_por_ancestro_project,PP-LCT-LGC-LECITINA,asociado_a_contenedor,SI,btz_description_07,escrito_slot_05_80
PP-LCT-TNQ-TK01,TANQUE LECITINA 1 | Grupo: PP-TK STANDARIZADO,367512,83998b8f-3075-40bb-b815-6060fbf51833-00059b98,PP > PP-LCT-LGC-LECITINA > PP_LCT_VOTATOR,contenedor_por_ancestro_project,PP-LCT-LGC-LECITINA,asociado_a_contenedor,SI,btz_description_07,escrito_slot_05_80
PP-LCT-AGT-RTK01,AGITADOR TK STOCK ESTANDARIZADO LECITINA TK01 | Grupo: PP-AGT TANTES ESTAND,184857,e873c32e-5e0c-4f36-b2a7-48d4917bce06-0002d219,PP > PP-LCT-LGC-LECITINA > PP_LCT_VOTATOR,contenedor_por_ancestro_project,PP-LCT-LGC-LECITINA,asociado_a_contenedor,SI,btz_description_08,escrito_slot_05_80
PP-LCT-BMB-BE16,BOMBA RECIRCULACION TK01 | Grupo: PP-BMB RECIRC LCT,367233,83998b8f-3075-40bb-b815-6060fbf51833-00059a81,PP > PP-LCT-LGC-LECITINA > PP_LCT_VOTATOR,contenedor_por_ancestro_project,PP-LCT-LGC-LECITINA,asociado_a_contenedor,SI,btz_description_08,escrito_slot_05_80
PP-LCT-TNQ-TK02,TANQUE LECITINA 2 | Grupo: PP-TK STANDARIZADO,367512,83998b8f-3075-40bb-b815-6060fbf51833-00059b98,PP > PP-LCT-LGC-LECITINA > PP_LCT_VOTATOR,contenedor_por_ancestro_project,PP-LCT-LGC-LECITINA,asociado_a_contenedor,SI,btz_description_08,escrito_slot_05_80
PP-LCT-AGT-RTK02,AGITADOR TK STOCK ESTANDARIZADO LECITINA TK02 | Grupo: PP-AGT TANTES ESTAND,184857,e873c32e-5e0c-4f36-b2a7-48d4917bce06-0002d219,PP > PP-LCT-LGC-LECITINA > PP_LCT_VOTATOR,contenedor_por_ancestro_project,PP-LCT-LGC-LECITINA,asociado_a_contenedor,SI,btz_description_09,escrito_slot_05_80
PP-LCT-BMB-BE10,BOMBA RECIRCULACION TK02 | Grupo: PP-BMB RECIRC LCT,367233,83998b8f-3075-40bb-b815-6060fbf51833-00059a81,PP > PP-LCT-LGC-LECITINA > PP_LCT_VOTATOR,contenedor_por_ancestro_project,PP-LCT-LGC-LECITINA,asociado_a_contenedor,SI,btz_description_09,escrito_slot_05_80
PP-LCT-TNQ-TK03,TANQUE LECITINA 3 | Grupo: PP-TK STANDARIZADO,367512,83998b8f-3075-40bb-b815-6060fbf51833-00059b98,PP > PP-LCT-LGC-LECITINA > PP_LCT_VOTATOR,contenedor_por_ancestro_project,PP-LCT-LGC-LECITINA,asociado_a_contenedor,SI,btz_description_09,escrito_slot_05_80
PP-LCT-AGT-RTK03,AGITADOR TK STOCK ESTANDARIZADO LECITINA TK03 | Grupo: PP-AGT TANTES ESTAND,184857,e873c32e-5e0c-4f36-b2a7-48d4917bce06-0002d219,PP > PP-LCT-LGC-LECITINA > PP_LCT_VOTATOR,contenedor_por_ancestro_project,PP-LCT-LGC-LECITINA,asociado_a_contenedor,SI,btz_description_10,escrito_slot_05_80
PP-LCT-BMB-BE09,BOMBA RECIRCULACION TK03 | Grupo: PP-BMB RECIRC LCT,367233,83998b8f-3075-40bb-b815-6060fbf51833-00059a81,PP > PP-LCT-LGC-LECITINA > PP_LCT_VOTATOR,contenedor_por_ancestro_project,PP-LCT-LGC-LECITINA,asociado_a_contenedor,SI,btz_description_10,escrito_slot_05_80
PP-LCT-TNQ-TK04,TANQUE LECITINA 4 | Grupo: PP-TK STANDARIZADO,367512,83998b8f-3075-40bb-b815-6060fbf51833-00059b98,PP > PP-LCT-LGC-LECITINA > PP_LCT_VOTATOR,contenedor_por_ancestro_project,PP-LCT-LGC-LECITINA,asociado_a_contenedor,SI,btz_description_10,escrito_slot_05_80
PP-LCT-AGT-RTK04,AGITADOR TK STOCK ESTANDARIZADO LECITINA TK04 | Grupo: PP-AGT TANTES ESTAND,184857,e873c32e-5e0c-4f36-b2a7-48d4917bce06-0002d219,PP > PP-LCT-LGC-LECITINA > PP_LCT_VOTATOR,contenedor_por_ancestro_project,PP-LCT-LGC-LECITINA,asociado_a_contenedor,SI,btz_description_11,escrito_slot_05_80
PP-LCT-BMB-BE08,BOMBA RECIRCULACION TK04 | Grupo: PP-BMB RECIRC LCT,367233,83998b8f-3075-40bb-b815-6060fbf51833-00059a81,PP > PP-LCT-LGC-LECITINA > PP_LCT_VOTATOR,contenedor_por_ancestro_project,PP-LCT-LGC-LECITINA,asociado_a_contenedor,SI,btz_description_11,escrito_slot_05_80
PP-LCT-TNQ-TK05,TANQUE LECITINA 5 | Grupo: PP-TK STANDARIZADO,367512,83998b8f-3075-40bb-b815-6060fbf51833-00059b98,PP > PP-LCT-LGC-LECITINA > PP_LCT_VOTATOR,contenedor_por_ancestro_project,PP-LCT-LGC-LECITINA,asociado_a_contenedor,SI,btz_description_11,escrito_slot_05_80
PP-LCT-AGT-RTK05,AGITADOR TK STOCK ESTANDARIZADO LECITINA TK05 | Grupo: PP-AGT TANTES ESTAND,184857,e873c32e-5e0c-4f36-b2a7-48d4917bce06-0002d219,PP > PP-LCT-LGC-LECITINA > PP_LCT_VOTATOR,contenedor_por_ancestro_project,PP-LCT-LGC-LECITINA,asociado_a_contenedor,SI,btz_description_12,escrito_slot_05_80
PP-LCT-BMB-BE17,BOMBA RECIRCULACION TK05 | Grupo: PP-BMB RECIRC LCT,367233,83998b8f-3075-40bb-b815-6060fbf51833-00059a81,PP > PP-LCT-LGC-LECITINA > PP_LCT_VOTATOR,contenedor_por_ancestro_project,PP-LCT-LGC-LECITINA,asociado_a_contenedor,SI,btz_description_12,escrito_slot_05_80
PP-LCT-TNQ-TK10,TANQUE LECITINA 10 | Grupo: PP-TK STANDARIZADO,367512,83998b8f-3075-40bb-b815-6060fbf51833-00059b98,PP > PP-LCT-LGC-LECITINA > PP_LCT_VOTATOR,contenedor_por_ancestro_project,PP-LCT-LGC-LECITINA,asociado_a_contenedor,SI,btz_description_12,escrito_slot_05_80
PP-LCT-BMB-BA05,BOMBA CONDENSADO TK10 | Grupo: PP-BMB COND TK10 Y TK11,184857,e873c32e-5e0c-4f36-b2a7-48d4917bce06-0002d219,PP > PP-LCT-LGC-LECITINA > PP_LCT_VOTATOR,contenedor_por_ancestro_project,PP-LCT-LGC-LECITINA,asociado_a_contenedor,SI,btz_description_13,escrito_slot_05_80
PP-LCT-BMB-BE25,BOMBA RECIRCULACION TK06 | Grupo: PP-BMB RECIRC LCT,367233,83998b8f-3075-40bb-b815-6060fbf51833-00059a81,PP > PP-LCT-LGC-LECITINA > PP_LCT_VOTATOR,contenedor_por_ancestro_project,PP-LCT-LGC-LECITINA,asociado_a_contenedor,SI,btz_description_13,escrito_slot_05_80
PP-LCT-TNQ-TK11,TANQUE LECITINA 11 | Grupo: PP-TK STANDARIZADO,367512,83998b8f-3075-40bb-b815-6060fbf51833-00059b98,PP > PP-LCT-LGC-LECITINA > PP_LCT_VOTATOR,contenedor_por_ancestro_project,PP-LCT-LGC-LECITINA,asociado_a_contenedor,SI,btz_description_13,escrito_slot_05_80
PP-LCT-BMB-BA04,BOMBA CONDENSADO TK11 | Grupo: PP-BMB COND TK10 Y TK11,184857,e873c32e-5e0c-4f36-b2a7-48d4917bce06-0002d219,PP > PP-LCT-LGC-LECITINA > PP_LCT_VOTATOR,contenedor_por_ancestro_project,PP-LCT-LGC-LECITINA,asociado_a_contenedor,SI,btz_description_14,escrito_slot_05_80
PP-LCT-BMB-BE26,BOMBA RECIRCULACION TK11 | Grupo: PP-BMB RECIRC LCT,367233,83998b8f-3075-40bb-b815-6060fbf51833-00059a81,PP > PP-LCT-LGC-LECITINA > PP_LCT_VOTATOR,contenedor_por_ancestro_project,PP-LCT-LGC-LECITINA,asociado_a_contenedor,SI,btz_description_14,escrito_slot_05_80
PP-LCT-LGC-EVAPORADORES,SECTOR EVAPORADORES DE LECITINA | Grupo: PP-SECTOR EVP LECITINA,367512,83998b8f-3075-40bb-b815-6060fbf51833-00059b98,PP > PP-LCT-LGC-LECITINA > PP_LCT_VOTATOR,contenedor_por_ancestro_project,PP-LCT-LGC-LECITINA,asociado_a_contenedor,SI,btz_description_14,escrito_slot_05_80
PP-LCT-BMB-BE11,BOMBA BE11 DE COLECTOR A DEPOSITO O R23 | Grupo: PP-BMB ENGR BE11,184857,e873c32e-5e0c-4f36-b2a7-48d4917bce06-0002d219,PP > PP-LCT-LGC-LECITINA > PP_LCT_VOTATOR,contenedor_por_ancestro_project,PP-LCT-LGC-LECITINA,asociado_a_contenedor,SI,btz_description_15,escrito_slot_05_80
PP-LCT-BMB-BE40,BOMBA BE40 DE COLECTOR A DEPOSITO O R23 | Grupo: PP-BMB ENGR BE40,367233,83998b8f-3075-40bb-b815-6060fbf51833-00059a81,PP > PP-LCT-LGC-LECITINA > PP_LCT_VOTATOR,contenedor_por_ancestro_project,PP-LCT-LGC-LECITINA,asociado_a_contenedor,SI,btz_description_15,escrito_slot_05_80
PP-LCT-BMB-BE45,BOMBA BE45 DE COLECTOR A DEPOSITO O R23 | Grupo: PP-BMB ENGR BE45,367512,83998b8f-3075-40bb-b815-6060fbf51833-00059b98,PP > PP-LCT-LGC-LECITINA > PP_LCT_VOTATOR,contenedor_por_ancestro_project,PP-LCT-LGC-LECITINA,asociado_a_contenedor,SI,btz_description_15,escrito_slot_05_80
PP-LCT-BMB-P483,BOMBA TK CONDENSADO EVAPORADORES | Grupo: PP-BMB ENGR P483,184857,e873c32e-5e0c-4f36-b2a7-48d4917bce06-0002d219,PP > PP-LCT-LGC-LECITINA > PP_LCT_VOTATOR,contenedor_por_ancestro_project,PP-LCT-LGC-LECITINA,asociado_a_contenedor,SI,btz_description_16,escrito_slot_05_80
PP-LCT-EVP-EV02,EVAPORADOR LECITINA EV02  MOD. EPDA 500 6TO DE NORTE A SUR | Grupo: PP-EVP EVAP LCT EPDA 500,367233,83998b8f-3075-40bb-b815-6060fbf51833-00059a81,PP > PP-LCT-LGC-LECITINA > PP_LCT_VOTATOR,contenedor_por_ancestro_project,PP-LCT-LGC-LECITINA,asociado_a_contenedor,SI,btz_description_16,escrito_slot_05_80
PP-LCT-BMB-BE02,BOMBA BE02 SACA DE 2DO EVAP A TK COLCETOR | Grupo: PP-BMB ENGR BE02,367512,83998b8f-3075-40bb-b815-6060fbf51833-00059b98,PP > PP-LCT-LGC-LECITINA > PP_LCT_VOTATOR,contenedor_por_ancestro_project,PP-LCT-LGC-LECITINA,asociado_a_contenedor,SI,btz_description_16,escrito_slot_05_80
PP-LCT-BMB-BE04,BOMBA BE04 CARGA EV02 | Grupo: PP-BMB ENGR BE04,184857,e873c32e-5e0c-4f36-b2a7-48d4917bce06-0002d219,PP > PP-LCT-LGC-LECITINA > PP_LCT_VOTATOR,contenedor_por_ancestro_project,PP-LCT-LGC-LECITINA,asociado_a_contenedor,SI,btz_description_17,escrito_slot_05_80
PP-LCT-CLT-CL02,CALENTADOR DE EVAPORADOR 2 LECITINA | Grupo: PP-CLT EVAPORADORES,367233,83998b8f-3075-40bb-b815-6060fbf51833-00059a81,PP > PP-LCT-LGC-LECITINA > PP_LCT_VOTATOR,contenedor_por_ancestro_project,PP-LCT-LGC-LECITINA,asociado_a_contenedor,SI,btz_description_17,escrito_slot_05_80
PP-LCT-EVP-EV03,EVAPORADOR LECITINA EV03 MOD. EPDA 500 8VO DE NORTE A SUR | Grupo: PP-EVP EVAP LCT EPDA 500,367512,83998b8f-3075-40bb-b815-6060fbf51833-00059b98,PP > PP-LCT-LGC-LECITINA > PP_LCT_VOTATOR,contenedor_por_ancestro_project,PP-LCT-LGC-LECITINA,asociado_a_contenedor,SI,btz_description_17,escrito_slot_05_80
PP-LCT-BMB-BE12,BOMBA BE12 CARGA EV03 | Grupo: PP-BMB ENGR BE12,184857,e873c32e-5e0c-4f36-b2a7-48d4917bce06-0002d219,PP > PP-LCT-LGC-LECITINA > PP_LCT_VOTATOR,contenedor_por_ancestro_project,PP-LCT-LGC-LECITINA,asociado_a_contenedor,SI,btz_description_18,escrito_slot_05_80
PP-LCT-BMB-BE14,BOMBA BE14 SACA EV03 | Grupo: PP-BMB ENGR BE14,367233,83998b8f-3075-40bb-b815-6060fbf51833-00059a81,PP > PP-LCT-LGC-LECITINA > PP_LCT_VOTATOR,contenedor_por_ancestro_project,PP-LCT-LGC-LECITINA,asociado_a_contenedor,SI,btz_description_18,escrito_slot_05_80
PP-LCT-CLT-CL03,CALENTADOR DE EVAPORADOR 3 LECITINA | Grupo: PP-CLT EVAPORADORES,367512,83998b8f-3075-40bb-b815-6060fbf51833-00059b98,PP > PP-LCT-LGC-LECITINA > PP_LCT_VOTATOR,contenedor_por_ancestro_project,PP-LCT-LGC-LECITINA,asociado_a_contenedor,SI,btz_description_18,escrito_slot_05_80
PP-LCT-EVP-EV04,EVAPORADOR LECITINA EV04 MOD. EPDA 500 9NO DE NORTE A SUR | Grupo: PP-EVP EVAP LCT EPDA 500,184857,e873c32e-5e0c-4f36-b2a7-48d4917bce06-0002d219,PP > PP-LCT-LGC-LECITINA > PP_LCT_VOTATOR,contenedor_por_ancestro_project,PP-LCT-LGC-LECITINA,asociado_a_contenedor,SI,btz_description_19,escrito_slot_05_80
PP-LCT-BMB-BE13,BOMBA BE13 CARGA EV04 | Grupo: PP-BMB ENGR BE13,367233,83998b8f-3075-40bb-b815-6060fbf51833-00059a81,PP > PP-LCT-LGC-LECITINA > PP_LCT_VOTATOR,contenedor_por_ancestro_project,PP-LCT-LGC-LECITINA,asociado_a_contenedor,SI,btz_description_19,escrito_slot_05_80
PP-LCT-BMB-BE15,BOMBA BE15 SACA EV04 | Grupo: PP-BMB ENGR BE15,367512,83998b8f-3075-40bb-b815-6060fbf51833-00059b98,PP > PP-LCT-LGC-LECITINA > PP_LCT_VOTATOR,contenedor_por_ancestro_project,PP-LCT-LGC-LECITINA,asociado_a_contenedor,SI,btz_description_19,escrito_slot_05_80
PP-LCT-CLT-CL04,CALENTADOR DE EVAPORADOR 4 LECITINA | Grupo: PP-CLT EVAPORADORES,184857,e873c32e-5e0c-4f36-b2a7-48d4917bce06-0002d219,PP > PP-LCT-LGC-LECITINA > PP_LCT_VOTATOR,contenedor_por_ancestro_project,PP-LCT-LGC-LECITINA,asociado_a_contenedor,SI,btz_description_20,escrito_slot_05_80
PP-LCT-EVP-EV05,EVAPORADOR LECITINA EV05 MOD. EPDA 500 11RO DE NORTE A SUR | Grupo: PP-EVP EVAP LCT EPDA 500,367233,83998b8f-3075-40bb-b815-6060fbf51833-00059a81,PP > PP-LCT-LGC-LECITINA > PP_LCT_VOTATOR,contenedor_por_ancestro_project,PP-LCT-LGC-LECITINA,asociado_a_contenedor,SI,btz_description_20,escrito_slot_05_80
PP-LCT-BMB-BE21,BE21 DESCARGA EV05 | Grupo: PP-BMB ENGR BE21,367512,83998b8f-3075-40bb-b815-6060fbf51833-00059b98,PP > PP-LCT-LGC-LECITINA > PP_LCT_VOTATOR,contenedor_por_ancestro_project,PP-LCT-LGC-LECITINA,asociado_a_contenedor,SI,btz_description_20,escrito_slot_05_80
PP-LCT-BMB-BE22,BE22 CARGA EV05 | Grupo: PP-BMB ENGR BE22,184857,e873c32e-5e0c-4f36-b2a7-48d4917bce06-0002d219,PP > PP-LCT-LGC-LECITINA > PP_LCT_VOTATOR,contenedor_por_ancestro_project,PP-LCT-LGC-LECITINA,asociado_a_contenedor,SI,btz_description_21,escrito_slot_05_80
PP-LCT-CLT-CL05,CALENTADOR DE EVAPORADOR 5 LECITINA | Grupo: PP-CLT EVAPORADORES,367233,83998b8f-3075-40bb-b815-6060fbf51833-00059a81,PP > PP-LCT-LGC-LECITINA > PP_LCT_VOTATOR,contenedor_por_ancestro_project,PP-LCT-LGC-LECITINA,asociado_a_contenedor,SI,btz_description_21,escrito_slot_05_80
PP-LCT-EVP-EV06,EVAPORADOR LECITINA EV06 MOD. EPDA 500 12DO DE NORTE A SUR | Grupo: PP-EVP EVAP LCT EPDA 500,367512,83998b8f-3075-40bb-b815-6060fbf51833-00059b98,PP > PP-LCT-LGC-LECITINA > PP_LCT_VOTATOR,contenedor_por_ancestro_project,PP-LCT-LGC-LECITINA,asociado_a_contenedor,SI,btz_description_21,escrito_slot_05_80
PP-LCT-BMB-BE23,BE23 DESCARGA EV06 | Grupo: PP-BMB ENGR BE23,184857,e873c32e-5e0c-4f36-b2a7-48d4917bce06-0002d219,PP > PP-LCT-LGC-LECITINA > PP_LCT_VOTATOR,contenedor_por_ancestro_project,PP-LCT-LGC-LECITINA,asociado_a_contenedor,SI,btz_description_22,escrito_slot_05_80
PP-LCT-BMB-BE24,BE24 CARGA EV06 | Grupo: PP-BMB ENGR BE24,367233,83998b8f-3075-40bb-b815-6060fbf51833-00059a81,PP > PP-LCT-LGC-LECITINA > PP_LCT_VOTATOR,contenedor_por_ancestro_project,PP-LCT-LGC-LECITINA,asociado_a_contenedor,SI,btz_description_22,escrito_slot_05_80
PP-LCT-CLT-CL06,CALENTADOR DE EVAPORADOR 6 LECITINA | Grupo: PP-CLT EVAPORADORES,367512,83998b8f-3075-40bb-b815-6060fbf51833-00059b98,PP > PP-LCT-LGC-LECITINA > PP_LCT_VOTATOR,contenedor_por_ancestro_project,PP-LCT-LGC-LECITINA,asociado_a_contenedor,SI,btz_description_22,escrito_slot_05_80
PP-LCT-EVP-EV07,EVAPORADOR LECITINA EV07 MOD. EPDA 500 4TO DE NORTE A SUR | Grupo: PP-EVP EVAP LCT EPDA 500,184857,e873c32e-5e0c-4f36-b2a7-48d4917bce06-0002d219,PP > PP-LCT-LGC-LECITINA > PP_LCT_VOTATOR,contenedor_por_ancestro_project,PP-LCT-LGC-LECITINA,asociado_a_contenedor,SI,btz_description_23,escrito_slot_05_80
PP-LCT-BMB-BE30,BE30 CARGA EV07 | Grupo: PP-BMB ENGR BE30,367233,83998b8f-3075-40bb-b815-6060fbf51833-00059a81,PP > PP-LCT-LGC-LECITINA > PP_LCT_VOTATOR,contenedor_por_ancestro_project,PP-LCT-LGC-LECITINA,asociado_a_contenedor,SI,btz_description_23,escrito_slot_05_80
PP-LCT-BMB-BE31,BE31 SACA EV07 | Grupo: PP-BMB ENGR BE31,367512,83998b8f-3075-40bb-b815-6060fbf51833-00059b98,PP > PP-LCT-LGC-LECITINA > PP_LCT_VOTATOR,contenedor_por_ancestro_project,PP-LCT-LGC-LECITINA,asociado_a_contenedor,SI,btz_description_23,escrito_slot_05_80
PP-LCT-CLT-CL07,CALENTADOR DE EVAPORADOR 7 LECITINA | Grupo: PP-CLT EVAPORADORES,184857,e873c32e-5e0c-4f36-b2a7-48d4917bce06-0002d219,PP > PP-LCT-LGC-LECITINA > PP_LCT_VOTATOR,contenedor_por_ancestro_project,PP-LCT-LGC-LECITINA,asociado_a_contenedor,SI,btz_description_24,escrito_slot_05_80
PP-LCT-EVP-EV08,EVAPORADOR LECITINA EV08 MOD. EPDA 500 3RO DE NORTE A SUR | Grupo: PP-EVP EVAP LCT EPDA 500,367233,83998b8f-3075-40bb-b815-6060fbf51833-00059a81,PP > PP-LCT-LGC-LECITINA > PP_LCT_VOTATOR,contenedor_por_ancestro_project,PP-LCT-LGC-LECITINA,asociado_a_contenedor,SI,btz_description_24,escrito_slot_05_80
PP-LCT-BMB-BE32,BE32 CARGA EVAPORADOR EV08 | Grupo: PP-BMB ENGR BE32,367512,83998b8f-3075-40bb-b815-6060fbf51833-00059b98,PP > PP-LCT-LGC-LECITINA > PP_LCT_VOTATOR,contenedor_por_ancestro_project,PP-LCT-LGC-LECITINA,asociado_a_contenedor,SI,btz_description_24,escrito_slot_05_80
PP-LCT-BMB-BE33,BE33 SACA EV08 | Grupo: PP-BMB ENGR BE33,184857,e873c32e-5e0c-4f36-b2a7-48d4917bce06-0002d219,PP > PP-LCT-LGC-LECITINA > PP_LCT_VOTATOR,contenedor_por_ancestro_project,PP-LCT-LGC-LECITINA,asociado_a_contenedor,SI,btz_description_25,escrito_slot_05_80
PP-LCT-CLT-CL08,CALENTADOR DE EVAPORADOR 8 LECITINA | Grupo: PP-CLT EVAPORADORES,367233,83998b8f-3075-40bb-b815-6060fbf51833-00059a81,PP > PP-LCT-LGC-LECITINA > PP_LCT_VOTATOR,contenedor_por_ancestro_project,PP-LCT-LGC-LECITINA,asociado_a_contenedor,SI,btz_description_25,escrito_slot_05_80
PP-LCT-EVP-EV09,EVAPORADOR LECITINA EV09 MOD. EPDA 500 2DO DE NORTE A SUR | Grupo: PP-EVP EVAP LCT EPDA 500,367512,83998b8f-3075-40bb-b815-6060fbf51833-00059b98,PP > PP-LCT-LGC-LECITINA > PP_LCT_VOTATOR,contenedor_por_ancestro_project,PP-LCT-LGC-LECITINA,asociado_a_contenedor,SI,btz_description_25,escrito_slot_05_80
PP-LCT-BMB-BE34,BE34 SACA EV09 | Grupo: PP-BMB ENGR BE34,184857,e873c32e-5e0c-4f36-b2a7-48d4917bce06-0002d219,PP > PP-LCT-LGC-LECITINA > PP_LCT_VOTATOR,contenedor_por_ancestro_project,PP-LCT-LGC-LECITINA,asociado_a_contenedor,SI,btz_description_26,escrito_slot_05_80
PP-LCT-BMB-BE35,BE35 CARGA EV09 | Grupo: PP-BMB ENGR BE35,367233,83998b8f-3075-40bb-b815-6060fbf51833-00059a81,PP > PP-LCT-LGC-LECITINA > PP_LCT_VOTATOR,contenedor_por_ancestro_project,PP-LCT-LGC-LECITINA,asociado_a_contenedor,SI,btz_description_26,escrito_slot_05_80
PP-LCT-CLT-CL09,CALENTADOR DE EVAPORADOR 9 LECITINA | Grupo: PP-CLT EVAPORADORES,367512,83998b8f-3075-40bb-b815-6060fbf51833-00059b98,PP > PP-LCT-LGC-LECITINA > PP_LCT_VOTATOR,contenedor_por_ancestro_project,PP-LCT-LGC-LECITINA,asociado_a_contenedor,SI,btz_description_26,escrito_slot_05_80
PP-LCT-EVP-EV10,EVAPORADOR LECITINA EV10 MOD. EPDA 500 1RO DE NORTE A SUR | Grupo: PP-EVP EVAP LCT EPDA 500,184857,e873c32e-5e0c-4f36-b2a7-48d4917bce06-0002d219,PP > PP-LCT-LGC-LECITINA > PP_LCT_VOTATOR,contenedor_por_ancestro_project,PP-LCT-LGC-LECITINA,asociado_a_contenedor,SI,btz_description_27,escrito_slot_05_80
PP-LCT-BMB-BE36,BE36 SACA EV10 | Grupo: PP-BMB ENGR BE36,367233,83998b8f-3075-40bb-b815-6060fbf51833-00059a81,PP > PP-LCT-LGC-LECITINA > PP_LCT_VOTATOR,contenedor_por_ancestro_project,PP-LCT-LGC-LECITINA,asociado_a_contenedor,SI,btz_description_27,escrito_slot_05_80
PP-LCT-BMB-BE37,BE37 CARGA EV10 | Grupo: PP-BMB ENGR BE37,367512,83998b8f-3075-40bb-b815-6060fbf51833-00059b98,PP > PP-LCT-LGC-LECITINA > PP_LCT_VOTATOR,contenedor_por_ancestro_project,PP-LCT-LGC-LECITINA,asociado_a_contenedor,SI,btz_description_27,escrito_slot_05_80
PP-LCT-CLT-CL10,CALENTADOR DE EVAPORADOR 10 LECITINA | Grupo: PP-CLT EVAPORADORES,184857,e873c32e-5e0c-4f36-b2a7-48d4917bce06-0002d219,PP > PP-LCT-LGC-LECITINA > PP_LCT_VOTATOR,contenedor_por_ancestro_project,PP-LCT-LGC-LECITINA,asociado_a_contenedor,SI,btz_description_28,escrito_slot_05_80
PP-LCT-EVP-EV11,EVAPORADOR LECITINA EV11 MOD. EPDA 500 7MO DE NORTE A SUR | Grupo: PP-EVP EVAP LCT EPDA 500,367233,83998b8f-3075-40bb-b815-6060fbf51833-00059a81,PP > PP-LCT-LGC-LECITINA > PP_LCT_VOTATOR,contenedor_por_ancestro_project,PP-LCT-LGC-LECITINA,asociado_a_contenedor,SI,btz_description_28,escrito_slot_05_80
PP-LCT-BMB-BE38,BE38 CARGA EV11 | Grupo: PP-BMB ENGR BE38,367512,83998b8f-3075-40bb-b815-6060fbf51833-00059b98,PP > PP-LCT-LGC-LECITINA > PP_LCT_VOTATOR,contenedor_por_ancestro_project,PP-LCT-LGC-LECITINA,asociado_a_contenedor,SI,btz_description_28,escrito_slot_05_80
PP-LCT-BMB-BE39,BE39 DESCARGA EV11 | Grupo: PP-BMB ENGR BE39,184857,e873c32e-5e0c-4f36-b2a7-48d4917bce06-0002d219,PP > PP-LCT-LGC-LECITINA > PP_LCT_VOTATOR,contenedor_por_ancestro_project,PP-LCT-LGC-LECITINA,asociado_a_contenedor,SI,btz_description_29,escrito_slot_05_80
PP-LCT-CLT-CL11,CALENTADOR DE EVAPORADOR 11 LECITINA | Grupo: PP-CLT EVAPORADORES,367233,83998b8f-3075-40bb-b815-6060fbf51833-00059a81,PP > PP-LCT-LGC-LECITINA > PP_LCT_VOTATOR,contenedor_por_ancestro_project,PP-LCT-LGC-LECITINA,asociado_a_contenedor,SI,btz_description_29,escrito_slot_05_80
PP-LCT-EVP-EV12,EVAPORADOR LECITINA EV12 MOD. EPDA 500 10MO DE NORTE A SUR | Grupo: PP-EVP EVAP LCT EPDA 500,367512,83998b8f-3075-40bb-b815-6060fbf51833-00059b98,PP > PP-LCT-LGC-LECITINA > PP_LCT_VOTATOR,contenedor_por_ancestro_project,PP-LCT-LGC-LECITINA,asociado_a_contenedor,SI,btz_description_29,escrito_slot_05_80
PP-LCT-BMB-BE41,BE41 CARGA EV12 | Grupo: PP-BMB ENGR BE41,184857,e873c32e-5e0c-4f36-b2a7-48d4917bce06-0002d219,PP > PP-LCT-LGC-LECITINA > PP_LCT_VOTATOR,contenedor_por_ancestro_project,PP-LCT-LGC-LECITINA,asociado_a_contenedor,SI,btz_description_30,escrito_slot_05_80
PP-LCT-BMB-BE42,BE42 DESCARGA EV12 | Grupo: PP-BMB ENGR BE42,367233,83998b8f-3075-40bb-b815-6060fbf51833-00059a81,PP > PP-LCT-LGC-LECITINA > PP_LCT_VOTATOR,contenedor_por_ancestro_project,PP-LCT-LGC-LECITINA,asociado_a_contenedor,SI,btz_description_30,escrito_slot_05_80
PP-LCT-CLT-CL12,CALENTADOR DE EVAPORADOR 12 LECITINA | Grupo: PP-CLT EVAPORADORES,367512,83998b8f-3075-40bb-b815-6060fbf51833-00059b98,PP > PP-LCT-LGC-LECITINA > PP_LCT_VOTATOR,contenedor_por_ancestro_project,PP-LCT-LGC-LECITINA,asociado_a_contenedor,SI,btz_description_30,escrito_slot_05_80
PP-LCT-EVP-EV13,EVAPORADOR LECITINA EV13 MOD. EPDA 1000 | Grupo: PP-EVP EVAP LCT EPDA 1000,184857,e873c32e-5e0c-4f36-b2a7-48d4917bce06-0002d219,PP > PP-LCT-LGC-LECITINA > PP_LCT_VOTATOR,contenedor_por_ancestro_project,PP-LCT-LGC-LECITINA,asociado_a_contenedor,SI,btz_description_31,escrito_slot_05_80
PP-LCT-BMB-BE43,BE43 CARGA EV13 | Grupo: PP-BMB ENGR BE43,367233,83998b8f-3075-40bb-b815-6060fbf51833-00059a81,PP > PP-LCT-LGC-LECITINA > PP_LCT_VOTATOR,contenedor_por_ancestro_project,PP-LCT-LGC-LECITINA,asociado_a_contenedor,SI,btz_description_31,escrito_slot_05_80
PP-LCT-BMB-BE44,BE44 DESCARGA EV13 | Grupo: PP-BMB ENGR BE44,367512,83998b8f-3075-40bb-b815-6060fbf51833-00059b98,PP > PP-LCT-LGC-LECITINA > PP_LCT_VOTATOR,contenedor_por_ancestro_project,PP-LCT-LGC-LECITINA,asociado_a_contenedor,SI,btz_description_31,escrito_slot_05_80
PP-LCT-CLT-CL13,CALENTADOR DE EVAPORADOR 13 LECITINA | Grupo: PP-CLT EVAPORADORES,184857,e873c32e-5e0c-4f36-b2a7-48d4917bce06-0002d219,PP > PP-LCT-LGC-LECITINA > PP_LCT_VOTATOR,contenedor_por_ancestro_project,PP-LCT-LGC-LECITINA,asociado_a_contenedor,SI,btz_description_32,escrito_slot_05_80
PP-LCT-EVP-EV14,EVAPORADOR 14 LECITINA  MOD. EPDA 1000 | Grupo: PP-EVP EVAP LCT EPDA 1000,367233,83998b8f-3075-40bb-b815-6060fbf51833-00059a81,PP > PP-LCT-LGC-LECITINA > PP_LCT_VOTATOR,contenedor_por_ancestro_project,PP-LCT-LGC-LECITINA,asociado_a_contenedor,SI,btz_description_32,escrito_slot_05_80
PP-LCT-BMB-BE46,BE46 CARGA EV14 | Grupo: PP-BMB ENGR BE46,367512,83998b8f-3075-40bb-b815-6060fbf51833-00059b98,PP > PP-LCT-LGC-LECITINA > PP_LCT_VOTATOR,contenedor_por_ancestro_project,PP-LCT-LGC-LECITINA,asociado_a_contenedor,SI,btz_description_32,escrito_slot_05_80
PP-LCT-BMB-BE47,BE47 DESCARGA EV14 | Grupo: PP-BMB ENGR BE47,184857,e873c32e-5e0c-4f36-b2a7-48d4917bce06-0002d219,PP > PP-LCT-LGC-LECITINA > PP_LCT_VOTATOR,contenedor_por_ancestro_project,PP-LCT-LGC-LECITINA,asociado_a_contenedor,SI,btz_description_33,escrito_slot_05_80
PP-LCT-CLT-CL14,CALENTADOR DE EVAPORADOR 14 LECITINA | Grupo: PP-CLT EVAP CL14,367233,83998b8f-3075-40bb-b815-6060fbf51833-00059a81,PP > PP-LCT-LGC-LECITINA > PP_LCT_VOTATOR,contenedor_por_ancestro_project,PP-LCT-LGC-LECITINA,asociado_a_contenedor,SI,btz_description_33,escrito_slot_05_80
PP-LCT-INT-NT100X,INTERCAMBIADOR DE CALOR EVAPORADOR EV14 | Grupo: PP-INTERC NT100X,367512,83998b8f-3075-40bb-b815-6060fbf51833-00059b98,PP > PP-LCT-LGC-LECITINA > PP_LCT_VOTATOR,contenedor_por_ancestro_project,PP-LCT-LGC-LECITINA,asociado_a_contenedor,SI,btz_description_33,escrito_slot_05_80
PP-LCT-EVP-EV15,EVAPORADOR 15 LECITINA MOD. EPDA 1000 | Grupo: PP-EVP EVAP LCT EPDA 1000,184857,e873c32e-5e0c-4f36-b2a7-48d4917bce06-0002d219,PP > PP-LCT-LGC-LECITINA > PP_LCT_VOTATOR,contenedor_por_ancestro_project,PP-LCT-LGC-LECITINA,asociado_a_contenedor,SI,btz_description_34,escrito_slot_05_80
PP-LCT-BMB-BE01,BOMBA BE01 SACA DE 15 EVAP A TK COLECTOR | Grupo: PP-BMB ENGR BE01,367233,83998b8f-3075-40bb-b815-6060fbf51833-00059a81,PP > PP-LCT-LGC-LECITINA > PP_LCT_VOTATOR,contenedor_por_ancestro_project,PP-LCT-LGC-LECITINA,asociado_a_contenedor,SI,btz_description_34,escrito_slot_05_80
PP-LCT-BMB-BE03,BOMBA BE03 CARGA EV15 | Grupo: PP-BMB ENGR BE03,367512,83998b8f-3075-40bb-b815-6060fbf51833-00059b98,PP > PP-LCT-LGC-LECITINA > PP_LCT_VOTATOR,contenedor_por_ancestro_project,PP-LCT-LGC-LECITINA,asociado_a_contenedor,SI,btz_description_34,escrito_slot_05_80
PP-LCT-CLT-CL15,CALENTADOR DE EVAPORADOR 15 LECITINA | Grupo: PP-CLT EVAPORADORES,184857,e873c32e-5e0c-4f36-b2a7-48d4917bce06-0002d219,PP > PP-LCT-LGC-LECITINA > PP_LCT_VOTATOR,contenedor_por_ancestro_project,PP-LCT-LGC-LECITINA,asociado_a_contenedor,SI,btz_description_35,escrito_slot_05_80
PP-LCT-INT-TL10-BFG,INTERCAMBIADOR DE CALOR EVAPORADOR EV15 | Grupo: PP-INTERC TL10-BFG,367233,83998b8f-3075-40bb-b815-6060fbf51833-00059a81,PP > PP-LCT-LGC-LECITINA > PP_LCT_VOTATOR,contenedor_por_ancestro_project,PP-LCT-LGC-LECITINA,asociado_a_contenedor,SI,btz_description_35,escrito_slot_05_80
PP-LCT-LGC-PILETA,SECTOR PILETA BAROMETRICA DE LECITINA | Grupo: PP-SECTOR PLT BAROM,367512,83998b8f-3075-40bb-b815-6060fbf51833-00059b98,PP > PP-LCT-LGC-LECITINA > PP_LCT_VOTATOR,contenedor_por_ancestro_project,PP-LCT-LGC-LECITINA,asociado_a_contenedor,SI,btz_description_35,escrito_slot_05_80
PP-LCT-BMB-BA01,BOMBA BA01 RECIRCULACION CONDENSADO | Grupo: PP-BMB CENTRIF BA01,184857,e873c32e-5e0c-4f36-b2a7-48d4917bce06-0002d219,PP > PP-LCT-LGC-LECITINA > PP_LCT_VOTATOR,contenedor_por_ancestro_project,PP-LCT-LGC-LECITINA,asociado_a_contenedor,SI,btz_description_36,escrito_slot_05_80
PP-LCT-BMB-BA02,SELLO BAROMETRICO LECITINA LADO OESTE | Grupo: PP-BMB CENTRIF BA02,367233,83998b8f-3075-40bb-b815-6060fbf51833-00059a81,PP > PP-LCT-LGC-LECITINA > PP_LCT_VOTATOR,contenedor_por_ancestro_project,PP-LCT-LGC-LECITINA,asociado_a_contenedor,SI,btz_description_36,escrito_slot_05_80
PP-LCT-BMB-BA07,SELLO BAROMETRICO LECITINA LADO OESTE | Grupo: PP-BMB CENTRIF BA07,367512,83998b8f-3075-40bb-b815-6060fbf51833-00059b98,PP > PP-LCT-LGC-LECITINA > PP_LCT_VOTATOR,contenedor_por_ancestro_project,PP-LCT-LGC-LECITINA,asociado_a_contenedor,SI,btz_description_36,escrito_slot_05_80
PP-LCT-BMB-BA08,BA08 SELLO BAROMETRICO LECITINA EV14 | Grupo: PP-BMB CENTRIF BA08,184857,e873c32e-5e0c-4f36-b2a7-48d4917bce06-0002d219,PP > PP-LCT-LGC-LECITINA > PP_LCT_VOTATOR,contenedor_por_ancestro_project,PP-LCT-LGC-LECITINA,asociado_a_contenedor,SI,btz_description_37,escrito_slot_05_80
PP-LCT-INT-INTBARNOR,INTERCAMBIADOR A PLACAS PILETA BAROMETRICA LADO NORTE NT100X CDL-10 GEA ECOFLEX | Grupo: PP-INT INTBARNOR,367233,83998b8f-3075-40bb-b815-6060fbf51833-00059a81,PP > PP-LCT-LGC-LECITINA > PP_LCT_VOTATOR,contenedor_por_ancestro_project,PP-LCT-LGC-LECITINA,asociado_a_contenedor,SI,btz_description_37,escrito_slot_05_80
PP-LCT-INT-INTBARSUR,INTERCAMBIADOR A PLACAS PILETA BAROMETRICA LADO SUR  LT10-BFG ALFA LAVAL | Grupo: PP-INT INTBARSUR,367512,83998b8f-3075-40bb-b815-6060fbf51833-00059b98,PP > PP-LCT-LGC-LECITINA > PP_LCT_VOTATOR,contenedor_por_ancestro_project,PP-LCT-LGC-LECITINA,asociado_a_contenedor,SI,btz_description_37,escrito_slot_05_80
PP-LCT-PLT-PILETA,PILETA BAROMETRICA | Grupo: PP-PLT BAROMETRICA,184857,e873c32e-5e0c-4f36-b2a7-48d4917bce06-0002d219,PP > PP-LCT-LGC-LECITINA > PP_LCT_VOTATOR,contenedor_por_ancestro_project,PP-LCT-LGC-LECITINA,asociado_a_contenedor,SI,btz_description_38,escrito_slot_05_80
PP-LCT-LGC-TORRES,SECTOR TORRES ENFRIAMIENTO DE LECITINA | Grupo: PP-SECTOR TORRES LECITINA,367233,83998b8f-3075-40bb-b815-6060fbf51833-00059a81,PP > PP-LCT-LGC-LECITINA > PP_LCT_VOTATOR,contenedor_por_ancestro_project,PP-LCT-LGC-LECITINA,asociado_a_contenedor,SI,btz_description_38,escrito_slot_05_80
PP-LCT-BMB-BA03,AGUA TORRES DE LECITINA LADO NORTE | Grupo: PP-BMB CENTRIF BA03,367512,83998b8f-3075-40bb-b815-6060fbf51833-00059b98,PP > PP-LCT-LGC-LECITINA > PP_LCT_VOTATOR,contenedor_por_ancestro_project,PP-LCT-LGC-LECITINA,asociado_a_contenedor,SI,btz_description_38,escrito_slot_05_80
PP-LCT-BMB-BA06,AGUA TORRES DE LECITINA LADO SUR | Grupo: PP-BMB CENTRIF BA06,184857,e873c32e-5e0c-4f36-b2a7-48d4917bce06-0002d219,PP > PP-LCT-LGC-LECITINA > PP_LCT_VOTATOR,contenedor_por_ancestro_project,PP-LCT-LGC-LECITINA,asociado_a_contenedor,SI,btz_description_39,escrito_slot_05_80
PP-LCT-TRR-TE01,TORRE ENF TE01 (2A CONTANDO NORTE/ESTE) | Grupo: PP-TRR TORRE ENF LECIT,367233,83998b8f-3075-40bb-b815-6060fbf51833-00059a81,PP > PP-LCT-LGC-LECITINA > PP_LCT_VOTATOR,contenedor_por_ancestro_project,PP-LCT-LGC-LECITINA,asociado_a_contenedor,SI,btz_description_39,escrito_slot_05_80
PP-LCT-TRR-TE02,TORRE ENF TE02  (3A CONTANDO NORTE/OESTE) | Grupo: PP-TRR TORRE ENF LECIT,367512,83998b8f-3075-40bb-b815-6060fbf51833-00059b98,PP > PP-LCT-LGC-LECITINA > PP_LCT_VOTATOR,contenedor_por_ancestro_project,PP-LCT-LGC-LECITINA,asociado_a_contenedor,SI,btz_description_39,escrito_slot_05_80
PP-LCT-TRR-TE03,TORRE ENF TE03 (2A CONTANDO NORTE/ESTE) | Grupo: PP-TRR TORRE ENF LECIT,184857,e873c32e-5e0c-4f36-b2a7-48d4917bce06-0002d219,PP > PP-LCT-LGC-LECITINA > PP_LCT_VOTATOR,contenedor_por_ancestro_project,PP-LCT-LGC-LECITINA,asociado_a_contenedor,SI,btz_description_40,escrito_slot_05_80
PP-LCT-TRR-TE04,TORRE ENF TE04  (3A CONTANDO NORTE/OESTE) | Grupo: PP-TRR TORRE ENF LECIT,367233,83998b8f-3075-40bb-b815-6060fbf51833-00059a81,PP > PP-LCT-LGC-LECITINA > PP_LCT_VOTATOR,contenedor_por_ancestro_project,PP-LCT-LGC-LECITINA,asociado_a_contenedor,SI,btz_description_40,escrito_slot_05_80
PP-LCT-TRR-TE05,TORRE ENF TE05  (4A CONTANDO NORTE/OESTE) | Grupo: PP-TRR TORRE ENF LECIT,367512,83998b8f-3075-40bb-b815-6060fbf51833-00059b98,PP > PP-LCT-LGC-LECITINA > PP_LCT_VOTATOR,contenedor_por_ancestro_project,PP-LCT-LGC-LECITINA,asociado_a_contenedor,SI,btz_description_40,escrito_slot_05_80
PP-LCT-TRR-TE06,TORRE ENFTE06 (4A CONTANDO NORTE/ESTE) | Grupo: PP-TRR TORRE ENF LECIT,184857,e873c32e-5e0c-4f36-b2a7-48d4917bce06-0002d219,PP > PP-LCT-LGC-LECITINA > PP_LCT_VOTATOR,contenedor_por_ancestro_project,PP-LCT-LGC-LECITINA,asociado_a_contenedor,SI,btz_description_41,escrito_slot_05_80
PP-LCT-TRR-TE07,TORRE ENF TE07 (5A CONTANDO NORTE/ESTE) | Grupo: PP-TRR TORRE ENF LECIT,367233,83998b8f-3075-40bb-b815-6060fbf51833-00059a81,PP > PP-LCT-LGC-LECITINA > PP_LCT_VOTATOR,contenedor_por_ancestro_project,PP-LCT-LGC-LECITINA,asociado_a_contenedor,SI,btz_description_41,escrito_slot_05_80
PP-LCT-TRR-TE08,TORRE ENF TE08 (5A CONTANDO NORTE/OESTE) | Grupo: PP-TRR TORRE ENF LECIT,367512,83998b8f-3075-40bb-b815-6060fbf51833-00059b98,PP > PP-LCT-LGC-LECITINA > PP_LCT_VOTATOR,contenedor_por_ancestro_project,PP-LCT-LGC-LECITINA,asociado_a_contenedor,SI,btz_description_41,escrito_slot_05_80
PP-LCT-TRR-TE09,TORRE ENF TE09 (1RA CONTANDO NORTE/ESTE) | Grupo: PP-TRR TORRE ENF LECIT,184857,e873c32e-5e0c-4f36-b2a7-48d4917bce06-0002d219,PP > PP-LCT-LGC-LECITINA > PP_LCT_VOTATOR,contenedor_por_ancestro_project,PP-LCT-LGC-LECITINA,asociado_a_contenedor,SI,btz_description_42,escrito_slot_05_80
PP-LCT-TRR-TE10,TORRE ENF TE10 (1RA CONTANDO NORTE/OESTE) | Grupo: PP-TRR TORRE ENF LECIT,367233,83998b8f-3075-40bb-b815-6060fbf51833-00059a81,PP > PP-LCT-LGC-LECITINA > PP_LCT_VOTATOR,contenedor_por_ancestro_project,PP-LCT-LGC-LECITINA,asociado_a_contenedor,SI,btz_description_42,escrito_slot_05_80
PP-LCT-LGC-VOTATOR,SECTOR VOTATOR DE LECITINA | Grupo: PP-SECTOR VOTATOR,367512,83998b8f-3075-40bb-b815-6060fbf51833-00059b98,PP > PP-LCT-LGC-LECITINA > PP_LCT_VOTATOR,contenedor_por_ancestro_project,PP-LCT-LGC-LECITINA,asociado_a_contenedor,SI,btz_description_42,escrito_slot_05_80
PP-LCT-ENF-VOTATOR,ENFRIADOR DE LECITINA VOTATOR 1 LADO SUR | Grupo: PP-ENF VOTATOR,184857,e873c32e-5e0c-4f36-b2a7-48d4917bce06-0002d219,PP > PP-LCT-LGC-LECITINA > PP_LCT_VOTATOR,contenedor_por_ancestro_project,PP-LCT-LGC-LECITINA,asociado_a_contenedor,SI,btz_description_43,escrito_slot_05_80
PP-LCT-AGT-A422,AGITADOR TK GOMAS HUMEDAS | Grupo: PP-AGT A422,367233,83998b8f-3075-40bb-b815-6060fbf51833-00059a81,PP > PP-LCT-LGC-LECITINA > PP_LCT_VOTATOR,contenedor_por_ancestro_project,PP-LCT-LGC-LECITINA,asociado_a_contenedor,SI,btz_description_43,escrito_slot_05_80
PP-LCT-BMB-BE05,BOMBA GOMAS HUMEDA A TK1 LECITINA | Grupo: PP-BMB ENGR BE05,367512,83998b8f-3075-40bb-b815-6060fbf51833-00059b98,PP > PP-LCT-LGC-LECITINA > PP_LCT_VOTATOR,contenedor_por_ancestro_project,PP-LCT-LGC-LECITINA,asociado_a_contenedor,SI,btz_description_43,escrito_slot_05_80
PP-PLL-BMB-DBS02,SOPLANTE ROOTS PELLETS A CELDA 3 | Grupo: PP-BOMBA SOPLANTE DBS02,285377,121e7c49-6f80-4698-91bd-c7c5a38e25dd-00045ac1,PP > PP-PLL-LGC-PELLETERA,contenedor_por_ancestro_project,PP-PLL-LGC-PELLETERA,asociado_a_contenedor,SI,btz_description_05,escrito_slot_05_80
PP-PLL-CCL-CDBS02,CICLON RECIBE DE DBS02 A R37 | Grupo: PP-CCL CICLON PELLETERA,285377,121e7c49-6f80-4698-91bd-c7c5a38e25dd-00045ac1,PP > PP-PLL-LGC-PELLETERA,contenedor_por_ancestro_project,PP-PLL-LGC-PELLETERA,asociado_a_contenedor,SI,btz_description_06,escrito_slot_05_80
PP-PLL-CCL-CDBS02A,CICLON DBS02A (1ER CICLON SOBRE CELDA 3 SUR-NORTE) | Grupo: PP-CCL CICLON PELLETERA,285377,121e7c49-6f80-4698-91bd-c7c5a38e25dd-00045ac1,PP > PP-PLL-LGC-PELLETERA,contenedor_por_ancestro_project,PP-PLL-LGC-PELLETERA,asociado_a_contenedor,SI,btz_description_07,escrito_slot_05_80
PP-PLL-CCL-CDBS02B,CICLON DBS02B (2DO CICLON SOBRE CELDA 3 SUR-NORTE) | Grupo: PP-CCL CICLON PELLETERA,285377,121e7c49-6f80-4698-91bd-c7c5a38e25dd-00045ac1,PP > PP-PLL-LGC-PELLETERA,contenedor_por_ancestro_project,PP-PLL-LGC-PELLETERA,asociado_a_contenedor,SI,btz_description_08,escrito_slot_05_80
PP-PLL-VLV-DVR18,VALVULA ROTATIVA SALIDA DEP A DBS02 | Grupo: PP-VLV ROTATIVA DVR18,285377,121e7c49-6f80-4698-91bd-c7c5a38e25dd-00045ac1,PP > PP-PLL-LGC-PELLETERA,contenedor_por_ancestro_project,PP-PLL-LGC-PELLETERA,asociado_a_contenedor,SI,btz_description_09,escrito_slot_05_80
PP-PLL-ENF-DEP,ENFRIADOR DE PELLET | Grupo: PP-ENF PELLETERA,285377,121e7c49-6f80-4698-91bd-c7c5a38e25dd-00045ac1,PP > PP-PLL-LGC-PELLETERA,contenedor_por_ancestro_project,PP-PLL-LGC-PELLETERA,asociado_a_contenedor,SI,btz_description_10,escrito_slot_05_80
PP-PLL-VNT-DVE14,VENTILADOR FINOS ENFRIADOR | Grupo: PP-VNT DVE14,285377,121e7c49-6f80-4698-91bd-c7c5a38e25dd-00045ac1,PP > PP-PLL-LGC-PELLETERA,contenedor_por_ancestro_project,PP-PLL-LGC-PELLETERA,asociado_a_contenedor,SI,btz_description_11,escrito_slot_05_80
PP-PLL-CCL-CDVE14,CICLON VENTILADOR FINOS ENFRIADOR | Grupo: PP-CCL CICLON PELLETERA,285377,121e7c49-6f80-4698-91bd-c7c5a38e25dd-00045ac1,PP > PP-PLL-LGC-PELLETERA,contenedor_por_ancestro_project,PP-PLL-LGC-PELLETERA,asociado_a_contenedor,SI,btz_description_12,escrito_slot_05_80
PP-PLL-RSC-DSF04,ROSCA DEL DVE14 AL DEP | Grupo: PP-RSC DSF04,285377,121e7c49-6f80-4698-91bd-c7c5a38e25dd-00045ac1,PP > PP-PLL-LGC-PELLETERA,contenedor_por_ancestro_project,PP-PLL-LGC-PELLETERA,asociado_a_contenedor,SI,btz_description_13,escrito_slot_05_80
PP-PLL-VLV-DVR17,VALVULA SALIDA CICLON DVE14 | Grupo: PP-VLV ROTATIVA DVR17,285377,121e7c49-6f80-4698-91bd-c7c5a38e25dd-00045ac1,PP > PP-PLL-LGC-PELLETERA,contenedor_por_ancestro_project,PP-PLL-LGC-PELLETERA,asociado_a_contenedor,SI,btz_description_14,escrito_slot_05_80
PP-PLL-PLL-DP01,PELLETERA DP01 2DA (NORTE-SUR) | Grupo: PP-PLL PELLETERA P665-225,285377,121e7c49-6f80-4698-91bd-c7c5a38e25dd-00045ac1,PP > PP-PLL-LGC-PELLETERA,contenedor_por_ancestro_project,PP-PLL-LGC-PELLETERA,asociado_a_contenedor,SI,btz_description_15,escrito_slot_05_80
PP-PLL-ALM-DPA01,ALIMENTADOR PELLETERA DP01 GIULIANI AP – 30.20 | Grupo: PP-ALM PELLETERA,285377,121e7c49-6f80-4698-91bd-c7c5a38e25dd-00045ac1,PP > PP-PLL-LGC-PELLETERA,contenedor_por_ancestro_project,PP-PLL-LGC-PELLETERA,asociado_a_contenedor,SI,btz_description_16,escrito_slot_05_80
PP-PLL-FRZ-DFP01,FORZADOR PELLETERA DP01 | Grupo: PP-FRZ FORZADOR PELL,285377,121e7c49-6f80-4698-91bd-c7c5a38e25dd-00045ac1,PP > PP-PLL-LGC-PELLETERA,contenedor_por_ancestro_project,PP-PLL-LGC-PELLETERA,asociado_a_contenedor,SI,btz_description_17,escrito_slot_05_80
PP-PLL-MZC-DMP01,MEZCLADOR DE PELLETERA DP01 (ACONDICIONADOR ACP-60.30) | Grupo: PP-FRZ MEZCLADOR PELL,285377,121e7c49-6f80-4698-91bd-c7c5a38e25dd-00045ac1,PP > PP-PLL-LGC-PELLETERA,contenedor_por_ancestro_project,PP-PLL-LGC-PELLETERA,asociado_a_contenedor,SI,btz_description_18,escrito_slot_05_80
PP-PLL-PLL-DP02,PELLETERA DP02 1RA (NORTE-SUR) | Grupo: PP-PLL PELLETERA P665-225,285377,121e7c49-6f80-4698-91bd-c7c5a38e25dd-00045ac1,PP > PP-PLL-LGC-PELLETERA,contenedor_por_ancestro_project,PP-PLL-LGC-PELLETERA,asociado_a_contenedor,SI,btz_description_19,escrito_slot_05_80
PP-PLL-ALM-DPA02,ALIMENTADOR PELLETERA DP02 GIULIANI AP – 30.20 | Grupo: PP-ALM PELLETERA,285377,121e7c49-6f80-4698-91bd-c7c5a38e25dd-00045ac1,PP > PP-PLL-LGC-PELLETERA,contenedor_por_ancestro_project,PP-PLL-LGC-PELLETERA,asociado_a_contenedor,SI,btz_description_20,escrito_slot_05_80
PP-PLL-FRZ-DFP02,FORZADOR PELLETERA DP02 | Grupo: PP-FRZ FORZADOR PELL,285377,121e7c49-6f80-4698-91bd-c7c5a38e25dd-00045ac1,PP > PP-PLL-LGC-PELLETERA,contenedor_por_ancestro_project,PP-PLL-LGC-PELLETERA,asociado_a_contenedor,SI,btz_description_21,escrito_slot_05_80
PP-PLL-MZC-DMP02,MEZCLADOR DE PELLETERA DP02 (ACONDICIONADOR ACP-60.30) | Grupo: PP-FRZ MEZCLADOR PELL,285377,121e7c49-6f80-4698-91bd-c7c5a38e25dd-00045ac1,PP > PP-PLL-LGC-PELLETERA,contenedor_por_ancestro_project,PP-PLL-LGC-PELLETERA,asociado_a_contenedor,SI,btz_description_22,escrito_slot_05_80
PP-PLL-RDL-DR19,REDLER SALIDA PELLETERAS | Grupo: PP-REDLER DR19,285377,121e7c49-6f80-4698-91bd-c7c5a38e25dd-00045ac1,PP > PP-PLL-LGC-PELLETERA,contenedor_por_ancestro_project,PP-PLL-LGC-PELLETERA,asociado_a_contenedor,SI,btz_description_23,escrito_slot_05_80
PP-PLL-RSC-DSF05,ROSCA DE RETORNO DEL DR19 AL DEP | Grupo: PP-RSC DSF05,285377,121e7c49-6f80-4698-91bd-c7c5a38e25dd-00045ac1,PP > PP-PLL-LGC-PELLETERA,contenedor_por_ancestro_project,PP-PLL-LGC-PELLETERA,asociado_a_contenedor,SI,btz_description_24,escrito_slot_05_80
PP-PLL-SIS-CTRAL,CENTRAL DE LUBRICACION DE PELLETERA | Grupo: PP-CENTRAL LUB PELLET,285377,121e7c49-6f80-4698-91bd-c7c5a38e25dd-00045ac1,PP > PP-PLL-LGC-PELLETERA,contenedor_por_ancestro_project,PP-PLL-LGC-PELLETERA,asociado_a_contenedor,SI,btz_description_25,escrito_slot_05_80
PP-PLL-TNQ-TKPELL,TANQUE DE AGUA PELLETERAS | Grupo: PP-TNQ AGUA PELL,285377,121e7c49-6f80-4698-91bd-c7c5a38e25dd-00045ac1,PP > PP-PLL-LGC-PELLETERA,contenedor_por_ancestro_project,PP-PLL-LGC-PELLETERA,asociado_a_contenedor,SI,btz_description_26,escrito_slot_05_80
PP-PRL-BMB-BS59,BOMBA BO59  SOPLANTE | Grupo: PP-BMB SOPLANTE BS59,286530,121e7c49-6f80-4698-91bd-c7c5a38e25dd-00045f42,PP > PP-PRL-LGC-PRELIMPIEZA,contenedor_por_ancestro_project,PP-PRL-LGC-PRELIMPIEZA,asociado_a_contenedor,SI,btz_description_05,escrito_slot_05_80
PP-PRL-VLV-SM04,VALVULA SM04 | Grupo: PP-VLV ROTATIVA SM04,286530,121e7c49-6f80-4698-91bd-c7c5a38e25dd-00045f42,PP > PP-PRL-LGC-PRELIMPIEZA,contenedor_por_ancestro_project,PP-PRL-LGC-PRELIMPIEZA,asociado_a_contenedor,SI,btz_description_06,escrito_slot_05_80
PP-PRL-FLT-FM01,FILTRO DE MANGA FM01 | Grupo: PP-FLT FILTRO MANGA FM01,286530,121e7c49-6f80-4698-91bd-c7c5a38e25dd-00045f42,PP > PP-PRL-LGC-PRELIMPIEZA,contenedor_por_ancestro_project,PP-PRL-LGC-PRELIMPIEZA,asociado_a_contenedor,SI,btz_description_07,escrito_slot_05_80
PP-PRL-RSC-SF02,ROSCA SF02 SALIDA FILTRO MANGAS | Grupo: PP-RSC-SF02,286530,121e7c49-6f80-4698-91bd-c7c5a38e25dd-00045f42,PP > PP-PRL-LGC-PRELIMPIEZA,contenedor_por_ancestro_project,PP-PRL-LGC-PRELIMPIEZA,asociado_a_contenedor,SI,btz_description_08,escrito_slot_05_80
PP-PRL-RSC-SF03,ROSCA SF03  A ROSCA INCL.SF04 | Grupo: PP-RSC-SF03,286530,121e7c49-6f80-4698-91bd-c7c5a38e25dd-00045f42,PP > PP-PRL-LGC-PRELIMPIEZA,contenedor_por_ancestro_project,PP-PRL-LGC-PRELIMPIEZA,asociado_a_contenedor,SI,btz_description_09,escrito_slot_05_80
PP-PRL-RSC-SF04,ROSCA SF04  INCLINADA | Grupo: PP-RSC-SF04,286530,121e7c49-6f80-4698-91bd-c7c5a38e25dd-00045f42,PP > PP-PRL-LGC-PRELIMPIEZA,contenedor_por_ancestro_project,PP-PRL-LGC-PRELIMPIEZA,asociado_a_contenedor,SI,btz_description_10,escrito_slot_05_80
PP-PRL-VLV-VR04,VALVULA ROTATIVA VR04 | Grupo: PP-VLV ROTATIVA VR04,286530,121e7c49-6f80-4698-91bd-c7c5a38e25dd-00045f42,PP > PP-PRL-LGC-PRELIMPIEZA,contenedor_por_ancestro_project,PP-PRL-LGC-PRELIMPIEZA,asociado_a_contenedor,SI,btz_description_11,escrito_slot_05_80
PP-PRL-VNT-VE04,VENTILADOR VE04 | Grupo: PP-VNT VE04,286530,121e7c49-6f80-4698-91bd-c7c5a38e25dd-00045f42,PP > PP-PRL-LGC-PRELIMPIEZA,contenedor_por_ancestro_project,PP-PRL-LGC-PRELIMPIEZA,asociado_a_contenedor,SI,btz_description_12,escrito_slot_05_80
PP-PRL-LGC-ASPIRACIONES,CONJUNTO DE ASPIRACIONES PRELIMPIEZA PTA PTO | Grupo: PP-CONJ ASP KICE,286530,121e7c49-6f80-4698-91bd-c7c5a38e25dd-00045f42,PP > PP-PRL-LGC-PRELIMPIEZA,contenedor_por_ancestro_project,PP-PRL-LGC-PRELIMPIEZA,asociado_a_contenedor,SI,btz_description_13,escrito_slot_05_80
PP-PRL-VNT-VE01,VENTILADOR VE01 | Grupo: PP-VNT VE01,286530,121e7c49-6f80-4698-91bd-c7c5a38e25dd-00045f42,PP > PP-PRL-LGC-PRELIMPIEZA,contenedor_por_ancestro_project,PP-PRL-LGC-PRELIMPIEZA,asociado_a_contenedor,SI,btz_description_14,escrito_slot_05_80
PP-PRL-CCL-CVE01,CICLON VENTILADOR VE01 | Grupo: PP-CCL CICLON PRELIMPIEZA,286530,121e7c49-6f80-4698-91bd-c7c5a38e25dd-00045f42,PP > PP-PRL-LGC-PRELIMPIEZA,contenedor_por_ancestro_project,PP-PRL-LGC-PRELIMPIEZA,asociado_a_contenedor,SI,btz_description_15,escrito_slot_05_80
PP-PRL-VLV-VR01,VALVULA ROTATIVA VR01 | Grupo: PP-VLV ROTATIVA VR01,286530,121e7c49-6f80-4698-91bd-c7c5a38e25dd-00045f42,PP > PP-PRL-LGC-PRELIMPIEZA,contenedor_por_ancestro_project,PP-PRL-LGC-PRELIMPIEZA,asociado_a_contenedor,SI,btz_description_16,escrito_slot_05_80
PP-PRL-VNT-VE02,VENTILADOR VE02 | Grupo: PP-VNT VE02,286530,121e7c49-6f80-4698-91bd-c7c5a38e25dd-00045f42,PP > PP-PRL-LGC-PRELIMPIEZA,contenedor_por_ancestro_project,PP-PRL-LGC-PRELIMPIEZA,asociado_a_contenedor,SI,btz_description_17,escrito_slot_05_80
PP-PRL-CCL-CVE02,CICLON VENTILADOR VE02 | Grupo: PP-CCL CICLON PRELIMPIEZA,286530,121e7c49-6f80-4698-91bd-c7c5a38e25dd-00045f42,PP > PP-PRL-LGC-PRELIMPIEZA,contenedor_por_ancestro_project,PP-PRL-LGC-PRELIMPIEZA,asociado_a_contenedor,SI,btz_description_18,escrito_slot_05_80
PP-PRL-VLV-VR02,VALVULA ROTATIVA VR02 | Grupo: PP-VLV ROTATIVA VR02,286530,121e7c49-6f80-4698-91bd-c7c5a38e25dd-00045f42,PP > PP-PRL-LGC-PRELIMPIEZA,contenedor_por_ancestro_project,PP-PRL-LGC-PRELIMPIEZA,asociado_a_contenedor,SI,btz_description_19,escrito_slot_05_80
PP-PRL-VNT-VE03,VENTILADOR VE03 | Grupo: PP-VNT VE03,286530,121e7c49-6f80-4698-91bd-c7c5a38e25dd-00045f42,PP > PP-PRL-LGC-PRELIMPIEZA,contenedor_por_ancestro_project,PP-PRL-LGC-PRELIMPIEZA,asociado_a_contenedor,SI,btz_description_20,escrito_slot_05_80
PP-PRL-CCL-CVE03,CICLON VENTILADOR VE03 | Grupo: PP-CCL CICLON PRELIMPIEZA,286530,121e7c49-6f80-4698-91bd-c7c5a38e25dd-00045f42,PP > PP-PRL-LGC-PRELIMPIEZA,contenedor_por_ancestro_project,PP-PRL-LGC-PRELIMPIEZA,asociado_a_contenedor,SI,btz_description_21,escrito_slot_05_80
PP-PRL-VLV-VR03,VALVULA ROTATIVA VR03 | Grupo: PP-VLV ROTATIVA VR03,286530,121e7c49-6f80-4698-91bd-c7c5a38e25dd-00045f42,PP > PP-PRL-LGC-PRELIMPIEZA,contenedor_por_ancestro_project,PP-PRL-LGC-PRELIMPIEZA,asociado_a_contenedor,SI,btz_description_22,escrito_slot_05_80
PP-PRL-VNT-VE26,VENTILADOR ASPIRACION TUNEL DE REDLER R01 | Grupo: PP-VNT VE26,286530,121e7c49-6f80-4698-91bd-c7c5a38e25dd-00045f42,PP > PP-PRL-LGC-PRELIMPIEZA,contenedor_por_ancestro_project,PP-PRL-LGC-PRELIMPIEZA,asociado_a_contenedor,SI,btz_description_23,escrito_slot_05_80
PP-PRL-LGC-DESPEDRADOR,SECTOR DESPEDRADOR PRELIMPIEZA PTA PTO | Grupo: PP-SECTOR DESPEDRADOR,286530,121e7c49-6f80-4698-91bd-c7c5a38e25dd-00045f42,PP > PP-PRL-LGC-PRELIMPIEZA,contenedor_por_ancestro_project,PP-PRL-LGC-PRELIMPIEZA,asociado_a_contenedor,SI,btz_description_24,escrito_slot_05_80
PP-PRL-BTD-DBA01,BATIDORA DBA01A ASPIRADOR/DESPEDRADOR | Grupo: PP-BTD DBA01,286530,121e7c49-6f80-4698-91bd-c7c5a38e25dd-00045f42,PP > PP-PRL-LGC-PRELIMPIEZA,contenedor_por_ancestro_project,PP-PRL-LGC-PRELIMPIEZA,asociado_a_contenedor,SI,btz_description_25,escrito_slot_05_80
PP-PRL-RSC-DSF10,"ROSCA DSF10, SOJA SALIDA DBA01 A N02 | Grupo: PP-RSC-DSF10",286530,121e7c49-6f80-4698-91bd-c7c5a38e25dd-00045f42,PP > PP-PRL-LGC-PRELIMPIEZA,contenedor_por_ancestro_project,PP-PRL-LGC-PRELIMPIEZA,asociado_a_contenedor,SI,btz_description_26,escrito_slot_05_80
PP-PRL-RSC-DSF11,"ROSCA DSF11, GRUESOS BATIDORA A ASPIRADOR/DESPREDADOR | Grupo: PP-RSC-DSF11",286530,121e7c49-6f80-4698-91bd-c7c5a38e25dd-00045f42,PP > PP-PRL-LGC-PRELIMPIEZA,contenedor_por_ancestro_project,PP-PRL-LGC-PRELIMPIEZA,asociado_a_contenedor,SI,btz_description_27,escrito_slot_05_80
PP-PRL-DSP-DSP01,DSP01 PTA PTO ASPIRADOR/DESPEDRADOR | Grupo: PP-DSP DESPEDRADOR,286530,121e7c49-6f80-4698-91bd-c7c5a38e25dd-00045f42,PP > PP-PRL-LGC-PRELIMPIEZA,contenedor_por_ancestro_project,PP-PRL-LGC-PRELIMPIEZA,asociado_a_contenedor,SI,btz_description_28,escrito_slot_05_80
PP-PRL-ALM-DAD01,ALIMENTADOR DADD01 SALIDA ASPIRADOR/DESPEDRADOR | Grupo: PP-ALM DESPEDR,286530,121e7c49-6f80-4698-91bd-c7c5a38e25dd-00045f42,PP > PP-PRL-LGC-PRELIMPIEZA,contenedor_por_ancestro_project,PP-PRL-LGC-PRELIMPIEZA,asociado_a_contenedor,SI,btz_description_29,escrito_slot_05_80
PP-PRL-ALM-DAD02,ALIMENTADOR DADD01 SALIDA ASPIRADOR/DESPEDRADOR | Grupo: PP-ALM DESPEDR,286530,121e7c49-6f80-4698-91bd-c7c5a38e25dd-00045f42,PP > PP-PRL-LGC-PRELIMPIEZA,contenedor_por_ancestro_project,PP-PRL-LGC-PRELIMPIEZA,asociado_a_contenedor,SI,btz_description_30,escrito_slot_05_80
PP-PRL-RSC-DSF12,"ROSCA DSF12, SALIDA FINOS ASPIRADOR A SF01 | Grupo: PP-RSC-DSF12",286530,121e7c49-6f80-4698-91bd-c7c5a38e25dd-00045f42,PP > PP-PRL-LGC-PRELIMPIEZA,contenedor_por_ancestro_project,PP-PRL-LGC-PRELIMPIEZA,asociado_a_contenedor,SI,btz_description_31,escrito_slot_05_80
PP-PRL-VNT-DVE03,DVE03 VENTILADOR ASPIRADOR/DESPEDRADOR | Grupo: PP-VNT DVE03,286530,121e7c49-6f80-4698-91bd-c7c5a38e25dd-00045f42,PP > PP-PRL-LGC-PRELIMPIEZA,contenedor_por_ancestro_project,PP-PRL-LGC-PRELIMPIEZA,asociado_a_contenedor,SI,btz_description_32,escrito_slot_05_80
PP-PRL-CCL-CDVE03,CICLON DVE03 VENTILADOR ASPIRADOR/DESPEDRADOR | Grupo: PP-CCL CICLON PRELIMPIEZA,286530,121e7c49-6f80-4698-91bd-c7c5a38e25dd-00045f42,PP > PP-PRL-LGC-PRELIMPIEZA,contenedor_por_ancestro_project,PP-PRL-LGC-PRELIMPIEZA,asociado_a_contenedor,SI,btz_description_33,escrito_slot_05_80
PP-PRL-VLV-DVR05,DVR05 SALIDA CICLON DVE03 DE ASPIRADOR/DEPEDRADOR | Grupo: PP-VLV ROTATIVA DVR05,286530,121e7c49-6f80-4698-91bd-c7c5a38e25dd-00045f42,PP > PP-PRL-LGC-PRELIMPIEZA,contenedor_por_ancestro_project,PP-PRL-LGC-PRELIMPIEZA,asociado_a_contenedor,SI,btz_description_34,escrito_slot_05_80
PP-PRL-LGC-MERMA,SECTOR MERMA PRELIMPIEZA PTA PTO | Grupo: PP-SECTOR MERMA,286530,121e7c49-6f80-4698-91bd-c7c5a38e25dd-00045f42,PP > PP-PRL-LGC-PRELIMPIEZA,contenedor_por_ancestro_project,PP-PRL-LGC-PRELIMPIEZA,asociado_a_contenedor,SI,btz_description_35,escrito_slot_05_80
PP-PRL-CHM-CHIMERMA,CHIMANGO DE MERMA PRELIMPIEZA | Grupo: PP-CHM CHIMANGO MERMA,286530,121e7c49-6f80-4698-91bd-c7c5a38e25dd-00045f42,PP > PP-PRL-LGC-PRELIMPIEZA,contenedor_por_ancestro_project,PP-PRL-LGC-PRELIMPIEZA,asociado_a_contenedor,SI,btz_description_36,escrito_slot_05_80
PP-PRL-RSC-S21,ROSCA S21 SALIDA RG02 A CARRO | Grupo: PP-RSC-S21,286530,121e7c49-6f80-4698-91bd-c7c5a38e25dd-00045f42,PP > PP-PRL-LGC-PRELIMPIEZA,contenedor_por_ancestro_project,PP-PRL-LGC-PRELIMPIEZA,asociado_a_contenedor,SI,btz_description_37,escrito_slot_05_80
PP-PRL-RSC-SF01,ROSCA SF01 RECIBE DE RF01-DR12-DSF12 | Grupo: PP-RSC-SF01,286530,121e7c49-6f80-4698-91bd-c7c5a38e25dd-00045f42,PP > PP-PRL-LGC-PRELIMPIEZA,contenedor_por_ancestro_project,PP-PRL-LGC-PRELIMPIEZA,asociado_a_contenedor,SI,btz_description_38,escrito_slot_05_80
PP-PRL-LGC-REDLER,CONJUNTO DE REDLER PRELIMPIEZA PTA PTO | Grupo: PP-CONJ RDL PRL,286530,121e7c49-6f80-4698-91bd-c7c5a38e25dd-00045f42,PP > PP-PRL-LGC-PRELIMPIEZA,contenedor_por_ancestro_project,PP-PRL-LGC-PRELIMPIEZA,asociado_a_contenedor,SI,btz_description_39,escrito_slot_05_80
PP-PRL-RDL-DR12,REDLER DR12 DESCARGA FINOS ZAR BÜHLER | Grupo: PP-REDLER DR12,286530,121e7c49-6f80-4698-91bd-c7c5a38e25dd-00045f42,PP > PP-PRL-LGC-PRELIMPIEZA,contenedor_por_ancestro_project,PP-PRL-LGC-PRELIMPIEZA,asociado_a_contenedor,SI,btz_description_40,escrito_slot_05_80
PP-PRL-RDL-R01,REDLER R01 SIMPLE SALIDA SILO DIARIO | Grupo: PP-REDLER R01,286530,121e7c49-6f80-4698-91bd-c7c5a38e25dd-00045f42,PP > PP-PRL-LGC-PRELIMPIEZA,contenedor_por_ancestro_project,PP-PRL-LGC-PRELIMPIEZA,asociado_a_contenedor,SI,btz_description_41,escrito_slot_05_80
PP-PRL-RDL-R01B,DE SILO DE RECUPERO A NORIA N02 | Grupo: PP-REDLER R01B,286530,121e7c49-6f80-4698-91bd-c7c5a38e25dd-00045f42,PP > PP-PRL-LGC-PRELIMPIEZA,contenedor_por_ancestro_project,PP-PRL-LGC-PRELIMPIEZA,asociado_a_contenedor,SI,btz_description_42,escrito_slot_05_80
PP-PRL-RDL-R02,REDLER R02  DOBLE SOBRE ZARANDAS | Grupo: PP-REDLER R02,286530,121e7c49-6f80-4698-91bd-c7c5a38e25dd-00045f42,PP > PP-PRL-LGC-PRELIMPIEZA,contenedor_por_ancestro_project,PP-PRL-LGC-PRELIMPIEZA,asociado_a_contenedor,SI,btz_description_43,escrito_slot_05_80
PP-PRL-RDL-R35,REDLER R35 CARGA SILO DE RECUPERO | Grupo: PP-REDLER R35,286530,121e7c49-6f80-4698-91bd-c7c5a38e25dd-00045f42,PP > PP-PRL-LGC-PRELIMPIEZA,contenedor_por_ancestro_project,PP-PRL-LGC-PRELIMPIEZA,asociado_a_contenedor,SI,btz_description_44,escrito_slot_05_80
PP-PRL-RDL-RF01,REDLER RF01  FINO ZAR. | Grupo: PP-REDLER RF01,286530,121e7c49-6f80-4698-91bd-c7c5a38e25dd-00045f42,PP > PP-PRL-LGC-PRELIMPIEZA,contenedor_por_ancestro_project,PP-PRL-LGC-PRELIMPIEZA,asociado_a_contenedor,SI,btz_description_45,escrito_slot_05_80
PP-PRL-RDL-RG02,REDLER RG02  GRUESO ZAR. | Grupo: PP-REDLER RG02,286530,121e7c49-6f80-4698-91bd-c7c5a38e25dd-00045f42,PP > PP-PRL-LGC-PRELIMPIEZA,contenedor_por_ancestro_project,PP-PRL-LGC-PRELIMPIEZA,asociado_a_contenedor,SI,btz_description_46,escrito_slot_05_80
PP-PRL-LGC-SILOS,SECTOR SILOS PRELIMPIEZA PTA PTO | Grupo: PP-SECTOR SILOS PRL,173600,e873c32e-5e0c-4f36-b2a7-48d4917bce06-0002a620,PP > PP-PRL-LGC-SILOS > PP-PRL-SLO-SA00,contenedor_por_match_puntual_multi,PP-PRL-LGC-SILOS,asociado_a_contenedor,SI,btz_description_03,ya_existia_en_btz
PP-PRL-VLV-VG01,1RA VALVULA SILO DIARIO (ESTE A OESTE) | Grupo: PP-VLV GUILL B/SILO DIARIO,173600,e873c32e-5e0c-4f36-b2a7-48d4917bce06-0002a620,PP > PP-PRL-LGC-SILOS > PP-PRL-SLO-SA00,contenedor_por_ancestro_project,PP-PRL-SLO-SA00,asociado_a_contenedor,SI,btz_description_05,escrito_slot_05_80
PP-PRL-VLV-VG02,2DA VALVULA SILO DIARIO (ESTE A OESTE) | Grupo: PP-VLV GUILL B/SILO DIARIO,173600,e873c32e-5e0c-4f36-b2a7-48d4917bce06-0002a620,PP > PP-PRL-LGC-SILOS > PP-PRL-SLO-SA00,contenedor_por_ancestro_project,PP-PRL-SLO-SA00,asociado_a_contenedor,SI,btz_description_06,escrito_slot_05_80
PP-PRL-VLV-VG03,3RA VALVULA SILO DIARIO (ESTE A OESTE) | Grupo: PP-VLV GUILL B/SILO DIARIO,173600,e873c32e-5e0c-4f36-b2a7-48d4917bce06-0002a620,PP > PP-PRL-LGC-SILOS > PP-PRL-SLO-SA00,contenedor_por_ancestro_project,PP-PRL-SLO-SA00,asociado_a_contenedor,SI,btz_description_07,escrito_slot_05_80
PP-PRL-VLV-VG04,4TA VALVULA SILO DIARIO (ESTE A OESTE) | Grupo: PP-VLV GUILL B/SILO DIARIO,173600,e873c32e-5e0c-4f36-b2a7-48d4917bce06-0002a620,PP > PP-PRL-LGC-SILOS > PP-PRL-SLO-SA00,contenedor_por_ancestro_project,PP-PRL-SLO-SA00,asociado_a_contenedor,SI,btz_description_08,escrito_slot_05_80
PP-PRL-VLV-VG05,5TA VALVULA SILO DIARIO (ESTE A OESTE) | Grupo: PP-VLV GUILL B/SILO DIARIO,173600,e873c32e-5e0c-4f36-b2a7-48d4917bce06-0002a620,PP > PP-PRL-LGC-SILOS > PP-PRL-SLO-SA00,contenedor_por_ancestro_project,PP-PRL-SLO-SA00,asociado_a_contenedor,SI,btz_description_09,escrito_slot_05_80
PP-PRL-VLV-VG06,6TA VALVULA SILO DIARIO (ESTE A OESTE) | Grupo: PP-VLV GUILL B/SILO DIARIO,173600,e873c32e-5e0c-4f36-b2a7-48d4917bce06-0002a620,PP > PP-PRL-LGC-SILOS > PP-PRL-SLO-SA00,contenedor_por_ancestro_project,PP-PRL-SLO-SA00,asociado_a_contenedor,SI,btz_description_10,escrito_slot_05_80
PP-PRL-VLV-VG07,7MA VALVULA SILO DIARIO (ESTE A OESTE) | Grupo: PP-VLV GUILL B/SILO DIARIO,173600,e873c32e-5e0c-4f36-b2a7-48d4917bce06-0002a620,PP > PP-PRL-LGC-SILOS > PP-PRL-SLO-SA00,contenedor_por_ancestro_project,PP-PRL-SLO-SA00,asociado_a_contenedor,SI,btz_description_11,escrito_slot_05_80
PP-PRL-VLV-VG09,VALVULA HABILITA  RECUPERO O SILO DIARIO | Grupo: PP-VLV GUILL VG09,365517,af4a1dfd-5c7d-4cb9-a1b8-2df1a4ebcc4e-000593cd,PP > PP-PRL-LGC-SILOS > PP-PRL-SLO-SRECUP,contenedor_por_ancestro_project,PP-PRL-SLO-SRECUP,asociado_a_contenedor,SI,btz_description_05,escrito_slot_05_80
PP-PRL-VLV-VR24,VALVULA ROTATIVA VR24 | Grupo: PP-VLV ROTATIVA VR24,365517,af4a1dfd-5c7d-4cb9-a1b8-2df1a4ebcc4e-000593cd,PP > PP-PRL-LGC-SILOS > PP-PRL-SLO-SRECUP,contenedor_por_ancestro_project,PP-PRL-SLO-SRECUP,asociado_a_contenedor,SI,btz_description_06,escrito_slot_05_80
PP-PRL-LGC-ZARANDAS,SECTOR ZARANDAS PRELIMPIEZA PTA PTO | Grupo: PP-SECTOR ZRN PRL,286530,121e7c49-6f80-4698-91bd-c7c5a38e25dd-00045f42,PP > PP-PRL-LGC-PRELIMPIEZA,contenedor_por_ancestro_project,PP-PRL-LGC-PRELIMPIEZA,asociado_a_contenedor,SI,btz_description_47,escrito_slot_05_80
PP-PRL-ZRN-Z01,ZARANDA Z01 | Grupo: PP-ZRN ZRAND BUHLER PRL,286530,121e7c49-6f80-4698-91bd-c7c5a38e25dd-00045f42,PP > PP-PRL-LGC-PRELIMPIEZA,contenedor_por_ancestro_project,PP-PRL-LGC-PRELIMPIEZA,asociado_a_contenedor,SI,btz_description_48,escrito_slot_05_80
PP-PRL-ALM-MTMA01,ALIMENTADOR SALIDA ZARANDA BUHLER Z01 | Grupo: PP-ALM MTMA BUHLER,286530,121e7c49-6f80-4698-91bd-c7c5a38e25dd-00045f42,PP > PP-PRL-LGC-PRELIMPIEZA,contenedor_por_ancestro_project,PP-PRL-LGC-PRELIMPIEZA,asociado_a_contenedor,SI,btz_description_49,escrito_slot_05_80
PP-PRL-ZRN-Z02,ZARANDA Z02 | Grupo: PP-ZRN ZRAND BUHLER PRL,286530,121e7c49-6f80-4698-91bd-c7c5a38e25dd-00045f42,PP > PP-PRL-LGC-PRELIMPIEZA,contenedor_por_ancestro_project,PP-PRL-LGC-PRELIMPIEZA,asociado_a_contenedor,SI,btz_description_50,escrito_slot_05_80
PP-PRL-ALM-MTMA02,ALIMENTADOR SALIDA ZARANDA BUHLER Z02 | Grupo: PP-ALM MTMA BUHLER,286530,121e7c49-6f80-4698-91bd-c7c5a38e25dd-00045f42,PP > PP-PRL-LGC-PRELIMPIEZA,contenedor_por_ancestro_project,PP-PRL-LGC-PRELIMPIEZA,asociado_a_contenedor,SI,btz_description_51,escrito_slot_05_80
PP-PRL-ZRN-Z03,ZARANDA Z03 | Grupo: PP-ZRN ZRAND BUHLER PRL,286530,121e7c49-6f80-4698-91bd-c7c5a38e25dd-00045f42,PP > PP-PRL-LGC-PRELIMPIEZA,contenedor_por_ancestro_project,PP-PRL-LGC-PRELIMPIEZA,asociado_a_contenedor,SI,btz_description_52,escrito_slot_05_80
PP-PRL-ALM-MTMA03,ALIMENTADOR SALIDA ZARANDA BUHLER Z03 | Grupo: PP-ALM MTMA BUHLER,286530,121e7c49-6f80-4698-91bd-c7c5a38e25dd-00045f42,PP > PP-PRL-LGC-PRELIMPIEZA,contenedor_por_ancestro_project,PP-PRL-LGC-PRELIMPIEZA,asociado_a_contenedor,SI,btz_description_53,escrito_slot_05_80
PP-PRL-ZRN-Z04,ZARANDA Z04 | Grupo: PP-ZRN ZRAND BUHLER PRL,286530,121e7c49-6f80-4698-91bd-c7c5a38e25dd-00045f42,PP > PP-PRL-LGC-PRELIMPIEZA,contenedor_por_ancestro_project,PP-PRL-LGC-PRELIMPIEZA,asociado_a_contenedor,SI,btz_description_54,escrito_slot_05_80
PP-PRL-ALM-MTMA04,ALIMENTADOR SALIDA ZARANDA BUHLER Z04 | Grupo: PP-ALM MTMA BUHLER,286530,121e7c49-6f80-4698-91bd-c7c5a38e25dd-00045f42,PP > PP-PRL-LGC-PRELIMPIEZA,contenedor_por_ancestro_project,PP-PRL-LGC-PRELIMPIEZA,asociado_a_contenedor,SI,btz_description_55,escrito_slot_05_80
PP-PRL-ZRN-ZPP1,ZARANDA DE PRELIMPIEZA ROTEX ZPP1 MODELO 81SGC | Grupo: PP-ZRN ZPP1,286530,121e7c49-6f80-4698-91bd-c7c5a38e25dd-00045f42,PP > PP-PRL-LGC-PRELIMPIEZA,contenedor_por_ancestro_project,PP-PRL-LGC-PRELIMPIEZA,asociado_a_contenedor,SI,btz_description_56,escrito_slot_05_80
PP-PRL-NOR-N02,NORIA N02  LEVANTA A PRELIMPIEZA | Grupo: PP-NOR N02,286530,121e7c49-6f80-4698-91bd-c7c5a38e25dd-00045f42,PP > PP-PRL-LGC-PRELIMPIEZA,contenedor_por_ancestro_project,PP-PRL-LGC-PRELIMPIEZA,asociado_a_contenedor,SI,btz_description_57,escrito_slot_05_80
PP-PRP-LGC-PREPARACION,SECTOR PREPARACION PTA PTO | Grupo: PP-SECTOR,284902,121e7c49-6f80-4698-91bd-c7c5a38e25dd-000458e6,PP > PP-PRP-LGC-PREPARACION > PP-PRP-LGC-BEAN HEATER,contenedor_por_match_puntual_multi,PP-PRP-LGC-PREPARACION,asociado_a_contenedor,SI,btz_description_02,ya_existia_en_btz
PP-PRP-ART-DARTBH,AEROTERMO DE BEAN HEATER | Grupo: PP-AEROTERMO BH,284902,121e7c49-6f80-4698-91bd-c7c5a38e25dd-000458e6,PP > PP-PRP-LGC-PREPARACION > PP-PRP-LGC-BEAN HEATER,contenedor_por_ancestro_project,PP-PRP-LGC-PREPARACION,asociado_a_contenedor,SI,btz_description_05,escrito_slot_05_80
PP-PRP-BHT-DBH01,BEAN HEATER NRO 1 (VSC) | Grupo: PP-BEAN HEATER,286288,121e7c49-6f80-4698-91bd-c7c5a38e25dd-00045e50,PP > PP-PRP-LGC-PREPARACION > PP-PRP-LGC-BEAN HEATER,contenedor_por_ancestro_project,PP-PRP-LGC-PREPARACION,asociado_a_contenedor,SI,btz_description_05,escrito_slot_05_80
PP-PRP-BMB-DBO01,BOMBA EXTRACCION CONDENSADO NRO 1 | Grupo: PP-BMB CENTRIF DBO01,286415,121e7c49-6f80-4698-91bd-c7c5a38e25dd-00045ecf,PP > PP-PRP-LGC-PREPARACION > PP-PRP-LGC-BEAN HEATER,contenedor_por_ancestro_project,PP-PRP-LGC-PREPARACION,asociado_a_contenedor,SI,btz_description_05,escrito_slot_05_80
PP-PRP-VLV-DBHA01,VALVULA ROTATIVA ALIMENTADOR BEAN HEATER 01 | Grupo: PP-VLV ROTATIVA BEAN HEATER,286467,121e7c49-6f80-4698-91bd-c7c5a38e25dd-00045f03,PP > PP-PRP-LGC-PREPARACION > PP-PRP-LGC-BEAN HEATER,contenedor_por_ancestro_project,PP-PRP-LGC-PREPARACION,asociado_a_contenedor,SI,btz_description_05,escrito_slot_05_80
PP-PRP-VLV-DBHS01,VALV ROT SAL BEAN HEATER 1 | Grupo: PP-VLV ROT SALIDA BH,286906,121e7c49-6f80-4698-91bd-c7c5a38e25dd-000460ba,PP > PP-PRP-LGC-PREPARACION > PP-PRP-LGC-BEAN HEATER,contenedor_por_ancestro_project,PP-PRP-LGC-PREPARACION,asociado_a_contenedor,SI,btz_description_05,escrito_slot_05_80
PP-PRP-VNT-DVE01,VENTILADOR 1 BEAN HEATER | Grupo: PP-VNT VENTILADOR BH,284902,121e7c49-6f80-4698-91bd-c7c5a38e25dd-000458e6,PP > PP-PRP-LGC-PREPARACION > PP-PRP-LGC-BEAN HEATER,contenedor_por_ancestro_project,PP-PRP-LGC-PREPARACION,asociado_a_contenedor,SI,btz_description_06,escrito_slot_05_80
PP-PRP-CCL-CDVE01,CICLON VENTILADOR 1 BEAN HEATER | Grupo: PP-CCL CICLON BH,286288,121e7c49-6f80-4698-91bd-c7c5a38e25dd-00045e50,PP > PP-PRP-LGC-PREPARACION > PP-PRP-LGC-BEAN HEATER,contenedor_por_ancestro_project,PP-PRP-LGC-PREPARACION,asociado_a_contenedor,SI,btz_description_06,escrito_slot_05_80
PP-PRP-VLV-DVR01,VALV ROT CICLONES BEAN HEATER | Grupo: PP-VLV ROTATIVA CICLON BH,286415,121e7c49-6f80-4698-91bd-c7c5a38e25dd-00045ecf,PP > PP-PRP-LGC-PREPARACION > PP-PRP-LGC-BEAN HEATER,contenedor_por_ancestro_project,PP-PRP-LGC-PREPARACION,asociado_a_contenedor,SI,btz_description_06,escrito_slot_05_80
PP-PRP-BHT-DBH02,BEAN HEATER NRO 2 (VSC) | Grupo: PP-BEAN HEATER,286467,121e7c49-6f80-4698-91bd-c7c5a38e25dd-00045f03,PP > PP-PRP-LGC-PREPARACION > PP-PRP-LGC-BEAN HEATER,contenedor_por_ancestro_project,PP-PRP-LGC-PREPARACION,asociado_a_contenedor,SI,btz_description_06,escrito_slot_05_80
PP-PRP-BMB-DBO02,BOMBA EXTRACCION CONDENSADO NRO 2 | Grupo: PP-BMB CENTRIF DBO02,286906,121e7c49-6f80-4698-91bd-c7c5a38e25dd-000460ba,PP > PP-PRP-LGC-PREPARACION > PP-PRP-LGC-BEAN HEATER,contenedor_por_ancestro_project,PP-PRP-LGC-PREPARACION,asociado_a_contenedor,SI,btz_description_06,escrito_slot_05_80
PP-PRP-VLV-DBHA02,VALVULA ROTATIVA ALIMENTADOR BEAN HEATER 02 | Grupo: PP-VLV ROTATIVA BEAN HEATER,284902,121e7c49-6f80-4698-91bd-c7c5a38e25dd-000458e6,PP > PP-PRP-LGC-PREPARACION > PP-PRP-LGC-BEAN HEATER,contenedor_por_ancestro_project,PP-PRP-LGC-PREPARACION,asociado_a_contenedor,SI,btz_description_07,escrito_slot_05_80
PP-PRP-VLV-DBHS02,VALV ROT SAL BEAN HEATER 2 | Grupo: PP-VLV ROT SALIDA BH,286288,121e7c49-6f80-4698-91bd-c7c5a38e25dd-00045e50,PP > PP-PRP-LGC-PREPARACION > PP-PRP-LGC-BEAN HEATER,contenedor_por_ancestro_project,PP-PRP-LGC-PREPARACION,asociado_a_contenedor,SI,btz_description_07,escrito_slot_05_80
PP-PRP-VNT-DVE02,VENTILADOR 2 BEAN HEATER | Grupo: PP-VNT VENTILADOR BH,286415,121e7c49-6f80-4698-91bd-c7c5a38e25dd-00045ecf,PP > PP-PRP-LGC-PREPARACION > PP-PRP-LGC-BEAN HEATER,contenedor_por_ancestro_project,PP-PRP-LGC-PREPARACION,asociado_a_contenedor,SI,btz_description_07,escrito_slot_05_80
PP-PRP-CCL-CDVE02,CICLON VENTILADOR 2 BEAN HEATER | Grupo: PP-CCL CICLON BH,286467,121e7c49-6f80-4698-91bd-c7c5a38e25dd-00045f03,PP > PP-PRP-LGC-PREPARACION > PP-PRP-LGC-BEAN HEATER,contenedor_por_ancestro_project,PP-PRP-LGC-PREPARACION,asociado_a_contenedor,SI,btz_description_07,escrito_slot_05_80
PP-PRP-VLV-DVR02,VALV. ROTATIVA CICLONES BEAN HEATER | Grupo: PP-VLV ROTATIVA CICLON BH,286906,121e7c49-6f80-4698-91bd-c7c5a38e25dd-000460ba,PP > PP-PRP-LGC-PREPARACION > PP-PRP-LGC-BEAN HEATER,contenedor_por_ancestro_project,PP-PRP-LGC-PREPARACION,asociado_a_contenedor,SI,btz_description_07,escrito_slot_05_80
PP-PRP-DMP-DMPAC,PP-DUMPER AIRE CALIENTE A BEAN HEATER | Grupo: PP-DMP BEAN HEATER,284902,121e7c49-6f80-4698-91bd-c7c5a38e25dd-000458e6,PP > PP-PRP-LGC-PREPARACION > PP-PRP-LGC-BEAN HEATER,contenedor_por_ancestro_project,PP-PRP-LGC-PREPARACION,asociado_a_contenedor,SI,btz_description_08,escrito_slot_05_80
PP-PRP-DMP-DMPAF,PP-DUMPER AIRE FALSO A BEAN HEATER | Grupo: PP-DMP BEAN HEATER,286288,121e7c49-6f80-4698-91bd-c7c5a38e25dd-00045e50,PP > PP-PRP-LGC-PREPARACION > PP-PRP-LGC-BEAN HEATER,contenedor_por_ancestro_project,PP-PRP-LGC-PREPARACION,asociado_a_contenedor,SI,btz_description_08,escrito_slot_05_80
PP-PRP-RSC-DSF01,SIN FIN SALIDA CICLONES BEAN HEATER | Grupo: PP-RSC DSF01,286415,121e7c49-6f80-4698-91bd-c7c5a38e25dd-00045ecf,PP > PP-PRP-LGC-PREPARACION > PP-PRP-LGC-BEAN HEATER,contenedor_por_ancestro_project,PP-PRP-LGC-PREPARACION,asociado_a_contenedor,SI,btz_description_08,escrito_slot_05_80
PP-PRP-SPR-SEPGOTA,SEPARADOR DE GOTAS BEAN HEATER | Grupo: PP-SPR SEPARADOR GOTAS,286467,121e7c49-6f80-4698-91bd-c7c5a38e25dd-00045f03,PP > PP-PRP-LGC-PREPARACION > PP-PRP-LGC-BEAN HEATER,contenedor_por_ancestro_project,PP-PRP-LGC-PREPARACION,asociado_a_contenedor,SI,btz_description_08,escrito_slot_05_80
PP-PRP-TNQ-TKCON,TANQUE DE CONDENSADO DE BEAN HEATER | Grupo: PP-TNQ TKCOND BH,286906,121e7c49-6f80-4698-91bd-c7c5a38e25dd-000460ba,PP > PP-PRP-LGC-PREPARACION > PP-PRP-LGC-BEAN HEATER,contenedor_por_ancestro_project,PP-PRP-LGC-PREPARACION,asociado_a_contenedor,SI,btz_description_08,escrito_slot_05_80
PP-PRP-VLV-SOV-100,VALVULA ON-OFF VAPOR A BEAN HEATERS | Grupo: PP-PRP-VALVULA CONTROL,284902,121e7c49-6f80-4698-91bd-c7c5a38e25dd-000458e6,PP > PP-PRP-LGC-PREPARACION > PP-PRP-LGC-BEAN HEATER,contenedor_por_ancestro_project,PP-PRP-LGC-PREPARACION,asociado_a_contenedor,SI,btz_description_09,escrito_slot_05_80
PP-PRP-VLV-TCV-101,VALVULA DE CONTROL DE TEMPERATURA BEAN HEATERS | Grupo: PP-PRP-VALVULA CONTROL,286288,121e7c49-6f80-4698-91bd-c7c5a38e25dd-00045e50,PP > PP-PRP-LGC-PREPARACION > PP-PRP-LGC-BEAN HEATER,contenedor_por_ancestro_project,PP-PRP-LGC-PREPARACION,asociado_a_contenedor,SI,btz_description_09,escrito_slot_05_80
PP-PRP-VLV-VSBH,VALVULA DE SEGURIDAD BEAN HEATERS | Grupo: PP-VLV SEGURIDAD BH,286415,121e7c49-6f80-4698-91bd-c7c5a38e25dd-00045ecf,PP > PP-PRP-LGC-PREPARACION > PP-PRP-LGC-BEAN HEATER,contenedor_por_ancestro_project,PP-PRP-LGC-PREPARACION,asociado_a_contenedor,SI,btz_description_09,escrito_slot_05_80
PP-PRP-LGC-CONJ,CONJUNTOS DE TRAFOS PREPARACION | Grupo: PP-CONJ TRAFOS PRP,286467,121e7c49-6f80-4698-91bd-c7c5a38e25dd-00045f03,PP > PP-PRP-LGC-PREPARACION > PP-PRP-LGC-BEAN HEATER,contenedor_por_ancestro_project,PP-PRP-LGC-PREPARACION,asociado_a_contenedor,SI,btz_description_09,escrito_slot_05_80
PP-PRP-TRF-TRA1,TRANSFORMADOR 01 | Grupo: PP-TRF TRAFO PRP,286906,121e7c49-6f80-4698-91bd-c7c5a38e25dd-000460ba,PP > PP-PRP-LGC-PREPARACION > PP-PRP-LGC-BEAN HEATER,contenedor_por_ancestro_project,PP-PRP-LGC-PREPARACION,asociado_a_contenedor,SI,btz_description_09,escrito_slot_05_80
PP-PRP-TRF-TRA2,TRANSFORMADOR 02 | Grupo: PP-TRF TRAFO PRP,284902,121e7c49-6f80-4698-91bd-c7c5a38e25dd-000458e6,PP > PP-PRP-LGC-PREPARACION > PP-PRP-LGC-BEAN HEATER,contenedor_por_ancestro_project,PP-PRP-LGC-PREPARACION,asociado_a_contenedor,SI,btz_description_10,escrito_slot_05_80
PP-PRP-TRF-TRA3,TRANSFORMADOR 03 | Grupo: PP-TRF TRAFO PRP,286288,121e7c49-6f80-4698-91bd-c7c5a38e25dd-00045e50,PP > PP-PRP-LGC-PREPARACION > PP-PRP-LGC-BEAN HEATER,contenedor_por_ancestro_project,PP-PRP-LGC-PREPARACION,asociado_a_contenedor,SI,btz_description_10,escrito_slot_05_80
PP-PRP-TRF-TRA4,TRANSFORMADOR 04 | Grupo: PP-TRF TRAFO PRP,286415,121e7c49-6f80-4698-91bd-c7c5a38e25dd-00045ecf,PP > PP-PRP-LGC-PREPARACION > PP-PRP-LGC-BEAN HEATER,contenedor_por_ancestro_project,PP-PRP-LGC-PREPARACION,asociado_a_contenedor,SI,btz_description_10,escrito_slot_05_80
PP-PRP-ENF-EE03,ENFRIADOR EE03 DE EXPANDIDO OESTE | Grupo: PP-ENF EE03,286288,121e7c49-6f80-4698-91bd-c7c5a38e25dd-00045e50,PP > PP-PRP-LGC-PREPARACION > PP-PRP-LGC-EXPANDIDO,contenedor_por_ancestro_project,PP-PRP-LGC-EXPANDIDO,asociado_a_contenedor,SI,btz_description_11,escrito_slot_05_80
PP-PRP-VNT-VE11,VENTILADOR VE11 | Grupo: PP-VNT VENT ENF EXP,286288,121e7c49-6f80-4698-91bd-c7c5a38e25dd-00045e50,PP > PP-PRP-LGC-PREPARACION > PP-PRP-LGC-EXPANDIDO,contenedor_por_ancestro_project,PP-PRP-LGC-EXPANDIDO,asociado_a_contenedor,SI,btz_description_12,escrito_slot_05_80
PP-PRP-CCL-CVE11,CICLON VENTILADOR VE11 | Grupo: PP-CCL CICLON ENF EXP,286288,121e7c49-6f80-4698-91bd-c7c5a38e25dd-00045e50,PP > PP-PRP-LGC-PREPARACION > PP-PRP-LGC-EXPANDIDO,contenedor_por_ancestro_project,PP-PRP-LGC-EXPANDIDO,asociado_a_contenedor,SI,btz_description_13,escrito_slot_05_80
PP-PRP-VLV-VR11A,VALVULA ROTATIVA VR11A | Grupo: PP-VLV ROTATIVA CICLON ENF EXP,286288,121e7c49-6f80-4698-91bd-c7c5a38e25dd-00045e50,PP > PP-PRP-LGC-PREPARACION > PP-PRP-LGC-EXPANDIDO,contenedor_por_ancestro_project,PP-PRP-LGC-EXPANDIDO,asociado_a_contenedor,SI,btz_description_14,escrito_slot_05_80
PP-PRP-VNT-VE12,VENTILADOR VE12 | Grupo: PP-VNT VENT ENF EXP,286288,121e7c49-6f80-4698-91bd-c7c5a38e25dd-00045e50,PP > PP-PRP-LGC-PREPARACION > PP-PRP-LGC-EXPANDIDO,contenedor_por_ancestro_project,PP-PRP-LGC-EXPANDIDO,asociado_a_contenedor,SI,btz_description_15,escrito_slot_05_80
PP-PRP-CCL-CVE12,CICLON VENTILADOR VE12 | Grupo: PP-CCL CICLON ENF EXP,286288,121e7c49-6f80-4698-91bd-c7c5a38e25dd-00045e50,PP > PP-PRP-LGC-PREPARACION > PP-PRP-LGC-EXPANDIDO,contenedor_por_ancestro_project,PP-PRP-LGC-EXPANDIDO,asociado_a_contenedor,SI,btz_description_16,escrito_slot_05_80
PP-PRP-VLV-VR12A,VALVULA ROTATIVA VR12A | Grupo: PP-VLV ROTATIVA CICLON ENF EXP,286288,121e7c49-6f80-4698-91bd-c7c5a38e25dd-00045e50,PP > PP-PRP-LGC-PREPARACION > PP-PRP-LGC-EXPANDIDO,contenedor_por_ancestro_project,PP-PRP-LGC-EXPANDIDO,asociado_a_contenedor,SI,btz_description_17,escrito_slot_05_80
PP-PRP-ENF-EE04,ENFRIADOR EE04 DE EXPANDIDO ESTE | Grupo: PP-ENF EE04,286288,121e7c49-6f80-4698-91bd-c7c5a38e25dd-00045e50,PP > PP-PRP-LGC-PREPARACION > PP-PRP-LGC-EXPANDIDO,contenedor_por_ancestro_project,PP-PRP-LGC-EXPANDIDO,asociado_a_contenedor,SI,btz_description_18,escrito_slot_05_80
PP-PRP-VNT-VE13,VENTILADOR VE13 | Grupo: PP-VNT VENT ENF EXP,286288,121e7c49-6f80-4698-91bd-c7c5a38e25dd-00045e50,PP > PP-PRP-LGC-PREPARACION > PP-PRP-LGC-EXPANDIDO,contenedor_por_ancestro_project,PP-PRP-LGC-EXPANDIDO,asociado_a_contenedor,SI,btz_description_19,escrito_slot_05_80
PP-PRP-CCL-CVE13,CICLON VENTILADOR VE13 | Grupo: PP-CCL CICLON ENF EXP,286288,121e7c49-6f80-4698-91bd-c7c5a38e25dd-00045e50,PP > PP-PRP-LGC-PREPARACION > PP-PRP-LGC-EXPANDIDO,contenedor_por_ancestro_project,PP-PRP-LGC-EXPANDIDO,asociado_a_contenedor,SI,btz_description_20,escrito_slot_05_80
PP-PRP-VLV-VR13A,VALVULA ROTATIVA VR13A | Grupo: PP-VLV ROTATIVA CICLON ENF EXP,286288,121e7c49-6f80-4698-91bd-c7c5a38e25dd-00045e50,PP > PP-PRP-LGC-PREPARACION > PP-PRP-LGC-EXPANDIDO,contenedor_por_ancestro_project,PP-PRP-LGC-EXPANDIDO,asociado_a_contenedor,SI,btz_description_21,escrito_slot_05_80
PP-PRP-VNT-VE14,VENTILADOR VE14 | Grupo: PP-VNT VENT ENF EXP,286288,121e7c49-6f80-4698-91bd-c7c5a38e25dd-00045e50,PP > PP-PRP-LGC-PREPARACION > PP-PRP-LGC-EXPANDIDO,contenedor_por_ancestro_project,PP-PRP-LGC-EXPANDIDO,asociado_a_contenedor,SI,btz_description_22,escrito_slot_05_80
PP-PRP-CCL-CVE14,CICLON VENTILADOR VE14 | Grupo: PP-CCL CICLON ENF EXP,286288,121e7c49-6f80-4698-91bd-c7c5a38e25dd-00045e50,PP > PP-PRP-LGC-PREPARACION > PP-PRP-LGC-EXPANDIDO,contenedor_por_ancestro_project,PP-PRP-LGC-EXPANDIDO,asociado_a_contenedor,SI,btz_description_23,escrito_slot_05_80
PP-PRP-VLV-VR14A,VALVULA ROTATIVA VR14A | Grupo: PP-VLV ROTATIVA CICLON ENF EXP,286288,121e7c49-6f80-4698-91bd-c7c5a38e25dd-00045e50,PP > PP-PRP-LGC-PREPARACION > PP-PRP-LGC-EXPANDIDO,contenedor_por_ancestro_project,PP-PRP-LGC-EXPANDIDO,asociado_a_contenedor,SI,btz_description_24,escrito_slot_05_80
PP-PRP-EXP-E01,EXPANDER E01 OESTE | Grupo: PP-EXPANDER 1000,286288,121e7c49-6f80-4698-91bd-c7c5a38e25dd-00045e50,PP > PP-PRP-LGC-PREPARACION > PP-PRP-LGC-EXPANDIDO,contenedor_por_ancestro_project,PP-PRP-LGC-EXPANDIDO,asociado_a_contenedor,SI,btz_description_25,escrito_slot_05_80
PP-PRP-ALM-EA01,PP-ALIMENTADOR EA01 | Grupo: PP-ALM EXPANDER,286288,121e7c49-6f80-4698-91bd-c7c5a38e25dd-00045e50,PP > PP-PRP-LGC-PREPARACION > PP-PRP-LGC-EXPANDIDO,contenedor_por_ancestro_project,PP-PRP-LGC-EXPANDIDO,asociado_a_contenedor,SI,btz_description_26,escrito_slot_05_80
PP-PRP-EXP-E02,EXPANDER E02 | Grupo: PP-EXPANDER 1000,286288,121e7c49-6f80-4698-91bd-c7c5a38e25dd-00045e50,PP > PP-PRP-LGC-PREPARACION > PP-PRP-LGC-EXPANDIDO,contenedor_por_ancestro_project,PP-PRP-LGC-EXPANDIDO,asociado_a_contenedor,SI,btz_description_27,escrito_slot_05_80
PP-PRP-ALM-EA02,PP-ALIMENTADOR EA02 | Grupo: PP-ALM EXPANDER,286288,121e7c49-6f80-4698-91bd-c7c5a38e25dd-00045e50,PP > PP-PRP-LGC-PREPARACION > PP-PRP-LGC-EXPANDIDO,contenedor_por_ancestro_project,PP-PRP-LGC-EXPANDIDO,asociado_a_contenedor,SI,btz_description_28,escrito_slot_05_80
PP-PRP-EXP-E03,EXPANDER E03 | Grupo: PP-EXPANDER 1000,286288,121e7c49-6f80-4698-91bd-c7c5a38e25dd-00045e50,PP > PP-PRP-LGC-PREPARACION > PP-PRP-LGC-EXPANDIDO,contenedor_por_ancestro_project,PP-PRP-LGC-EXPANDIDO,asociado_a_contenedor,SI,btz_description_29,escrito_slot_05_80
PP-PRP-ALM-EA03,PP-ALIMENTADOR EA03 | Grupo: PP-ALM EXPANDER,286288,121e7c49-6f80-4698-91bd-c7c5a38e25dd-00045e50,PP > PP-PRP-LGC-PREPARACION > PP-PRP-LGC-EXPANDIDO,contenedor_por_ancestro_project,PP-PRP-LGC-EXPANDIDO,asociado_a_contenedor,SI,btz_description_30,escrito_slot_05_80
PP-PRP-EXP-E04,EXPANDER E04 | Grupo: PP-EXPANDER 1000,286288,121e7c49-6f80-4698-91bd-c7c5a38e25dd-00045e50,PP > PP-PRP-LGC-PREPARACION > PP-PRP-LGC-EXPANDIDO,contenedor_por_ancestro_project,PP-PRP-LGC-EXPANDIDO,asociado_a_contenedor,SI,btz_description_31,escrito_slot_05_80
PP-PRP-ALM-EA04,PP-ALIMENTADOR EA04 | Grupo: PP-ALM EXPANDER,286288,121e7c49-6f80-4698-91bd-c7c5a38e25dd-00045e50,PP > PP-PRP-LGC-PREPARACION > PP-PRP-LGC-EXPANDIDO,contenedor_por_ancestro_project,PP-PRP-LGC-EXPANDIDO,asociado_a_contenedor,SI,btz_description_32,escrito_slot_05_80
PP-PRP-EXP-E05,EXPANDER E05 | Grupo: PP-EXPANDER 1000,286288,121e7c49-6f80-4698-91bd-c7c5a38e25dd-00045e50,PP > PP-PRP-LGC-PREPARACION > PP-PRP-LGC-EXPANDIDO,contenedor_por_ancestro_project,PP-PRP-LGC-EXPANDIDO,asociado_a_contenedor,SI,btz_description_33,escrito_slot_05_80
PP-PRP-ALM-EA05,PP-ALIMENTADOR EA05 | Grupo: PP-ALM EXPANDER,286288,121e7c49-6f80-4698-91bd-c7c5a38e25dd-00045e50,PP > PP-PRP-LGC-PREPARACION > PP-PRP-LGC-EXPANDIDO,contenedor_por_ancestro_project,PP-PRP-LGC-EXPANDIDO,asociado_a_contenedor,SI,btz_description_34,escrito_slot_05_80
PP-PRP-EXP-E06,EXPANDER E06 ESTE | Grupo: PP-EXPANDER 1000,286288,121e7c49-6f80-4698-91bd-c7c5a38e25dd-00045e50,PP > PP-PRP-LGC-PREPARACION > PP-PRP-LGC-EXPANDIDO,contenedor_por_ancestro_project,PP-PRP-LGC-EXPANDIDO,asociado_a_contenedor,SI,btz_description_35,escrito_slot_05_80
PP-PRP-ALM-EA06,PP-ALIMENTADOR EA06 | Grupo: PP-ALM EXPANDER,286288,121e7c49-6f80-4698-91bd-c7c5a38e25dd-00045e50,PP > PP-PRP-LGC-PREPARACION > PP-PRP-LGC-EXPANDIDO,contenedor_por_ancestro_project,PP-PRP-LGC-EXPANDIDO,asociado_a_contenedor,SI,btz_description_36,escrito_slot_05_80
PP-PRP-RSC-SF05,ROSCA SF05 CONT. SF07  A R17 | Grupo: PP-RSC SF05,286288,121e7c49-6f80-4698-91bd-c7c5a38e25dd-00045e50,PP > PP-PRP-LGC-PREPARACION > PP-PRP-LGC-EXPANDIDO,contenedor_por_ancestro_project,PP-PRP-LGC-EXPANDIDO,asociado_a_contenedor,SI,btz_description_37,escrito_slot_05_80
PP-PRP-RSC-SF07,ROSCA SF07 BAJO CICL. ENFR. EXPANDIDOS | Grupo: PP-RSC SF07,286288,121e7c49-6f80-4698-91bd-c7c5a38e25dd-00045e50,PP > PP-PRP-LGC-PREPARACION > PP-PRP-LGC-EXPANDIDO,contenedor_por_ancestro_project,PP-PRP-LGC-EXPANDIDO,asociado_a_contenedor,SI,btz_description_38,escrito_slot_05_80
PP-PRP-LMN-LP01,LAMINADOR LP01 | Grupo: PP-LAMINADOR BUHLER,286415,121e7c49-6f80-4698-91bd-c7c5a38e25dd-00045ecf,PP > PP-PRP-LGC-PREPARACION > PP-PRP-LGC-LAMINADORES,contenedor_por_ancestro_project,PP-PRP-LGC-LAMINADORES,asociado_a_contenedor,SI,btz_description_11,escrito_slot_05_80
PP-PRP-ALM-LA01,PP-ALIMENTADOR LA01 | Grupo: PP-ALM LAMINADOR,286415,121e7c49-6f80-4698-91bd-c7c5a38e25dd-00045ecf,PP > PP-PRP-LGC-PREPARACION > PP-PRP-LGC-LAMINADORES,contenedor_por_ancestro_project,PP-PRP-LGC-LAMINADORES,asociado_a_contenedor,SI,btz_description_12,escrito_slot_05_80
PP-PRP-LMN-LP02,LAMINADOR LP02 | Grupo: PP-LAMINADOR BUHLER,286415,121e7c49-6f80-4698-91bd-c7c5a38e25dd-00045ecf,PP > PP-PRP-LGC-PREPARACION > PP-PRP-LGC-LAMINADORES,contenedor_por_ancestro_project,PP-PRP-LGC-LAMINADORES,asociado_a_contenedor,SI,btz_description_13,escrito_slot_05_80
PP-PRP-ALM-LA02,PP-ALIMENTADOR LA02 | Grupo: PP-ALM LAMINADOR,286415,121e7c49-6f80-4698-91bd-c7c5a38e25dd-00045ecf,PP > PP-PRP-LGC-PREPARACION > PP-PRP-LGC-LAMINADORES,contenedor_por_ancestro_project,PP-PRP-LGC-LAMINADORES,asociado_a_contenedor,SI,btz_description_14,escrito_slot_05_80
PP-PRP-LMN-LP03,LAMINADOR LP03 | Grupo: PP-LAMINADOR BUHLER,286415,121e7c49-6f80-4698-91bd-c7c5a38e25dd-00045ecf,PP > PP-PRP-LGC-PREPARACION > PP-PRP-LGC-LAMINADORES,contenedor_por_ancestro_project,PP-PRP-LGC-LAMINADORES,asociado_a_contenedor,SI,btz_description_15,escrito_slot_05_80
PP-PRP-ALM-LA03,PP-ALIMENTADOR LA03 | Grupo: PP-ALM LAMINADOR,286415,121e7c49-6f80-4698-91bd-c7c5a38e25dd-00045ecf,PP > PP-PRP-LGC-PREPARACION > PP-PRP-LGC-LAMINADORES,contenedor_por_ancestro_project,PP-PRP-LGC-LAMINADORES,asociado_a_contenedor,SI,btz_description_16,escrito_slot_05_80
PP-PRP-LMN-LP04,LAMINADOR LP04 | Grupo: PP-LAMINADOR BUHLER,286415,121e7c49-6f80-4698-91bd-c7c5a38e25dd-00045ecf,PP > PP-PRP-LGC-PREPARACION > PP-PRP-LGC-LAMINADORES,contenedor_por_ancestro_project,PP-PRP-LGC-LAMINADORES,asociado_a_contenedor,SI,btz_description_17,escrito_slot_05_80
PP-PRP-ALM-LA04,PP-ALIMENTADOR LA04 | Grupo: PP-ALM LAMINADOR,286415,121e7c49-6f80-4698-91bd-c7c5a38e25dd-00045ecf,PP > PP-PRP-LGC-PREPARACION > PP-PRP-LGC-LAMINADORES,contenedor_por_ancestro_project,PP-PRP-LGC-LAMINADORES,asociado_a_contenedor,SI,btz_description_18,escrito_slot_05_80
PP-PRP-LMN-LP05,LAMINADOR LP05 | Grupo: PP-LAMINADOR BUHLER,286415,121e7c49-6f80-4698-91bd-c7c5a38e25dd-00045ecf,PP > PP-PRP-LGC-PREPARACION > PP-PRP-LGC-LAMINADORES,contenedor_por_ancestro_project,PP-PRP-LGC-LAMINADORES,asociado_a_contenedor,SI,btz_description_19,escrito_slot_05_80
PP-PRP-ALM-LA05,PP-ALIMENTADOR LA05 | Grupo: PP-ALM LAMINADOR,286415,121e7c49-6f80-4698-91bd-c7c5a38e25dd-00045ecf,PP > PP-PRP-LGC-PREPARACION > PP-PRP-LGC-LAMINADORES,contenedor_por_ancestro_project,PP-PRP-LGC-LAMINADORES,asociado_a_contenedor,SI,btz_description_20,escrito_slot_05_80
PP-PRP-LMN-LP06,LAMINADOR LP06 | Grupo: PP-LAMINADOR BUHLER,286415,121e7c49-6f80-4698-91bd-c7c5a38e25dd-00045ecf,PP > PP-PRP-LGC-PREPARACION > PP-PRP-LGC-LAMINADORES,contenedor_por_ancestro_project,PP-PRP-LGC-LAMINADORES,asociado_a_contenedor,SI,btz_description_21,escrito_slot_05_80
PP-PRP-ALM-LA06,PP-ALIMENTADOR LA06 | Grupo: PP-ALM LAMINADOR,286415,121e7c49-6f80-4698-91bd-c7c5a38e25dd-00045ecf,PP > PP-PRP-LGC-PREPARACION > PP-PRP-LGC-LAMINADORES,contenedor_por_ancestro_project,PP-PRP-LGC-LAMINADORES,asociado_a_contenedor,SI,btz_description_22,escrito_slot_05_80
PP-PRP-LMN-LP07,LAMINADOR LP07 | Grupo: PP-LAMINADOR BUHLER,286415,121e7c49-6f80-4698-91bd-c7c5a38e25dd-00045ecf,PP > PP-PRP-LGC-PREPARACION > PP-PRP-LGC-LAMINADORES,contenedor_por_ancestro_project,PP-PRP-LGC-LAMINADORES,asociado_a_contenedor,SI,btz_description_23,escrito_slot_05_80
PP-PRP-ALM-LA07,PP-ALIMENTADOR LA07 | Grupo: PP-ALM LAMINADOR,286415,121e7c49-6f80-4698-91bd-c7c5a38e25dd-00045ecf,PP > PP-PRP-LGC-PREPARACION > PP-PRP-LGC-LAMINADORES,contenedor_por_ancestro_project,PP-PRP-LGC-LAMINADORES,asociado_a_contenedor,SI,btz_description_24,escrito_slot_05_80
PP-PRP-LMN-LP08,LAMINADOR LP08 | Grupo: PP-LAMINADOR BUHLER,286415,121e7c49-6f80-4698-91bd-c7c5a38e25dd-00045ecf,PP > PP-PRP-LGC-PREPARACION > PP-PRP-LGC-LAMINADORES,contenedor_por_ancestro_project,PP-PRP-LGC-LAMINADORES,asociado_a_contenedor,SI,btz_description_25,escrito_slot_05_80
PP-PRP-ALM-LA08,PP-ALIMENTADOR LA08 | Grupo: PP-ALM LAMINADOR,286415,121e7c49-6f80-4698-91bd-c7c5a38e25dd-00045ecf,PP > PP-PRP-LGC-PREPARACION > PP-PRP-LGC-LAMINADORES,contenedor_por_ancestro_project,PP-PRP-LGC-LAMINADORES,asociado_a_contenedor,SI,btz_description_26,escrito_slot_05_80
PP-PRP-LMN-LP09,LAMINADOR LP09 | Grupo: PP-LAMINADOR BUHLER,286415,121e7c49-6f80-4698-91bd-c7c5a38e25dd-00045ecf,PP > PP-PRP-LGC-PREPARACION > PP-PRP-LGC-LAMINADORES,contenedor_por_ancestro_project,PP-PRP-LGC-LAMINADORES,asociado_a_contenedor,SI,btz_description_27,escrito_slot_05_80
PP-PRP-ALM-LA09,PP-ALIMENTADOR LA09 | Grupo: PP-ALM LAMINADOR,286415,121e7c49-6f80-4698-91bd-c7c5a38e25dd-00045ecf,PP > PP-PRP-LGC-PREPARACION > PP-PRP-LGC-LAMINADORES,contenedor_por_ancestro_project,PP-PRP-LGC-LAMINADORES,asociado_a_contenedor,SI,btz_description_28,escrito_slot_05_80
PP-PRP-LMN-LP10,LAMINADOR LP10 | Grupo: PP-LAMINADOR BUHLER,286415,121e7c49-6f80-4698-91bd-c7c5a38e25dd-00045ecf,PP > PP-PRP-LGC-PREPARACION > PP-PRP-LGC-LAMINADORES,contenedor_por_ancestro_project,PP-PRP-LGC-LAMINADORES,asociado_a_contenedor,SI,btz_description_29,escrito_slot_05_80
PP-PRP-ALM-LA10,PP-ALIMENTADOR LA10 | Grupo: PP-ALM LAMINADOR,286415,121e7c49-6f80-4698-91bd-c7c5a38e25dd-00045ecf,PP > PP-PRP-LGC-PREPARACION > PP-PRP-LGC-LAMINADORES,contenedor_por_ancestro_project,PP-PRP-LGC-LAMINADORES,asociado_a_contenedor,SI,btz_description_30,escrito_slot_05_80
PP-PRP-LMN-LP11,LAMINADOR LP11 | Grupo: PP-LAMINADOR BUHLER,286415,121e7c49-6f80-4698-91bd-c7c5a38e25dd-00045ecf,PP > PP-PRP-LGC-PREPARACION > PP-PRP-LGC-LAMINADORES,contenedor_por_ancestro_project,PP-PRP-LGC-LAMINADORES,asociado_a_contenedor,SI,btz_description_31,escrito_slot_05_80
PP-PRP-ALM-LA11,PP-ALIMENTADOR LA11 | Grupo: PP-ALM LAMINADOR,286415,121e7c49-6f80-4698-91bd-c7c5a38e25dd-00045ecf,PP > PP-PRP-LGC-PREPARACION > PP-PRP-LGC-LAMINADORES,contenedor_por_ancestro_project,PP-PRP-LGC-LAMINADORES,asociado_a_contenedor,SI,btz_description_32,escrito_slot_05_80
PP-PRP-LMN-LP12,LAMINADOR LP12 | Grupo: PP-LAMINADOR BUHLER,286415,121e7c49-6f80-4698-91bd-c7c5a38e25dd-00045ecf,PP > PP-PRP-LGC-PREPARACION > PP-PRP-LGC-LAMINADORES,contenedor_por_ancestro_project,PP-PRP-LGC-LAMINADORES,asociado_a_contenedor,SI,btz_description_33,escrito_slot_05_80
PP-PRP-ALM-LA12,PP-ALIMENTADOR LA12 | Grupo: PP-ALM LAMINADOR,286415,121e7c49-6f80-4698-91bd-c7c5a38e25dd-00045ecf,PP > PP-PRP-LGC-PREPARACION > PP-PRP-LGC-LAMINADORES,contenedor_por_ancestro_project,PP-PRP-LGC-LAMINADORES,asociado_a_contenedor,SI,btz_description_34,escrito_slot_05_80
PP-PRP-LMN-LP13,LAMINADOR LP13 | Grupo: PP-LAMINADOR BUHLER,286415,121e7c49-6f80-4698-91bd-c7c5a38e25dd-00045ecf,PP > PP-PRP-LGC-PREPARACION > PP-PRP-LGC-LAMINADORES,contenedor_por_ancestro_project,PP-PRP-LGC-LAMINADORES,asociado_a_contenedor,SI,btz_description_35,escrito_slot_05_80
PP-PRP-ALM-LA13,PP-ALIMENTADOR LA13 | Grupo: PP-ALM LAMINADOR,286415,121e7c49-6f80-4698-91bd-c7c5a38e25dd-00045ecf,PP > PP-PRP-LGC-PREPARACION > PP-PRP-LGC-LAMINADORES,contenedor_por_ancestro_project,PP-PRP-LGC-LAMINADORES,asociado_a_contenedor,SI,btz_description_36,escrito_slot_05_80
PP-PRP-LMN-LP14,LAMINADOR LP14 | Grupo: PP-LAMINADOR BUHLER,286415,121e7c49-6f80-4698-91bd-c7c5a38e25dd-00045ecf,PP > PP-PRP-LGC-PREPARACION > PP-PRP-LGC-LAMINADORES,contenedor_por_ancestro_project,PP-PRP-LGC-LAMINADORES,asociado_a_contenedor,SI,btz_description_37,escrito_slot_05_80
PP-PRP-ALM-LA14,PP-ALIMENTADOR LA14 | Grupo: PP-ALM LAMINADOR,286415,121e7c49-6f80-4698-91bd-c7c5a38e25dd-00045ecf,PP > PP-PRP-LGC-PREPARACION > PP-PRP-LGC-LAMINADORES,contenedor_por_ancestro_project,PP-PRP-LGC-LAMINADORES,asociado_a_contenedor,SI,btz_description_38,escrito_slot_05_80
PP-PRP-RCT-REC01,RECTIFICADORA DE PTA PTO NRO 1 | Grupo: PP-RECTIFICADORA,286415,121e7c49-6f80-4698-91bd-c7c5a38e25dd-00045ecf,PP > PP-PRP-LGC-PREPARACION > PP-PRP-LGC-LAMINADORES,contenedor_por_ancestro_project,PP-PRP-LGC-LAMINADORES,asociado_a_contenedor,SI,btz_description_39,escrito_slot_05_80
PP-PRP-RCT-REC02,RECTIFICADORA DE PTA PTO NRO 2 | Grupo: PP-RECTIFICADORA,286415,121e7c49-6f80-4698-91bd-c7c5a38e25dd-00045ecf,PP > PP-PRP-LGC-PREPARACION > PP-PRP-LGC-LAMINADORES,contenedor_por_ancestro_project,PP-PRP-LGC-LAMINADORES,asociado_a_contenedor,SI,btz_description_40,escrito_slot_05_80
PP-PRP-RSC-DSF08,ROSCA RETORNO DE LAMINADORES (de RR01 a DRZ01) | Grupo: PP-RSC DSF08,286415,121e7c49-6f80-4698-91bd-c7c5a38e25dd-00045ecf,PP > PP-PRP-LGC-PREPARACION > PP-PRP-LGC-LAMINADORES,contenedor_por_ancestro_project,PP-PRP-LGC-LAMINADORES,asociado_a_contenedor,SI,btz_description_41,escrito_slot_05_80
PP-PRP-VNT-VE09,VENTILADOR VE09 | Grupo: PP-VNT VENT LAMIN,286415,121e7c49-6f80-4698-91bd-c7c5a38e25dd-00045ecf,PP > PP-PRP-LGC-PREPARACION > PP-PRP-LGC-LAMINADORES,contenedor_por_ancestro_project,PP-PRP-LGC-LAMINADORES,asociado_a_contenedor,SI,btz_description_42,escrito_slot_05_80
PP-PRP-CCL-CVE09,CICLON VENTILADOR VE09 | Grupo: PP-CCL CICLON LMN,286415,121e7c49-6f80-4698-91bd-c7c5a38e25dd-00045ecf,PP > PP-PRP-LGC-PREPARACION > PP-PRP-LGC-LAMINADORES,contenedor_por_ancestro_project,PP-PRP-LGC-LAMINADORES,asociado_a_contenedor,SI,btz_description_43,escrito_slot_05_80
PP-PRP-VLV-VR09,VALVULA ROTATIVA VR09 | Grupo: PP-VLV ROTATIVA CICLON LAMINAD,286415,121e7c49-6f80-4698-91bd-c7c5a38e25dd-00045ecf,PP > PP-PRP-LGC-PREPARACION > PP-PRP-LGC-LAMINADORES,contenedor_por_ancestro_project,PP-PRP-LGC-LAMINADORES,asociado_a_contenedor,SI,btz_description_44,escrito_slot_05_80
PP-PRP-VNT-VE10,VENTILADOR VE10 | Grupo: PP-VNT VENT LAMIN,286415,121e7c49-6f80-4698-91bd-c7c5a38e25dd-00045ecf,PP > PP-PRP-LGC-PREPARACION > PP-PRP-LGC-LAMINADORES,contenedor_por_ancestro_project,PP-PRP-LGC-LAMINADORES,asociado_a_contenedor,SI,btz_description_45,escrito_slot_05_80
PP-PRP-CCL-CVE10,CICLON VENTILADOR VE10 | Grupo: PP-CCL CICLON LMN,286415,121e7c49-6f80-4698-91bd-c7c5a38e25dd-00045ecf,PP > PP-PRP-LGC-PREPARACION > PP-PRP-LGC-LAMINADORES,contenedor_por_ancestro_project,PP-PRP-LGC-LAMINADORES,asociado_a_contenedor,SI,btz_description_46,escrito_slot_05_80
PP-PRP-VLV-VR10,VALVULA ROTATIVA VR10 | Grupo: PP-VLV ROTATIVA CICLON LAMINAD,286415,121e7c49-6f80-4698-91bd-c7c5a38e25dd-00045ecf,PP > PP-PRP-LGC-PREPARACION > PP-PRP-LGC-LAMINADORES,contenedor_por_ancestro_project,PP-PRP-LGC-LAMINADORES,asociado_a_contenedor,SI,btz_description_47,escrito_slot_05_80
PP-PRP-QBR-QS01,QUEBRADOR QS01 | Grupo: PP-QUEBRADOR ALLOCO,286467,121e7c49-6f80-4698-91bd-c7c5a38e25dd-00045f03,PP > PP-PRP-LGC-PREPARACION > PP-PRP-LGC-QUEBRADORES,contenedor_por_ancestro_project,PP-PRP-LGC-QUEBRADORES,asociado_a_contenedor,SI,btz_description_10,escrito_slot_05_80
PP-PRP-ALM-QA01,PP-ALIMENTADOR QA01 | Grupo: PP-ALM QBR ALLOCO,286467,121e7c49-6f80-4698-91bd-c7c5a38e25dd-00045f03,PP > PP-PRP-LGC-PREPARACION > PP-PRP-LGC-QUEBRADORES,contenedor_por_ancestro_project,PP-PRP-LGC-QUEBRADORES,asociado_a_contenedor,SI,btz_description_11,escrito_slot_05_80
PP-PRP-QBR-QS02,QUEBRADOR QS02 | Grupo: PP-QUEBRADOR ALLOCO,286467,121e7c49-6f80-4698-91bd-c7c5a38e25dd-00045f03,PP > PP-PRP-LGC-PREPARACION > PP-PRP-LGC-QUEBRADORES,contenedor_por_ancestro_project,PP-PRP-LGC-QUEBRADORES,asociado_a_contenedor,SI,btz_description_12,escrito_slot_05_80
PP-PRP-ALM-QA02,PP-ALIMENTADOR QA02 | Grupo: PP-ALM QBR ALLOCO,286467,121e7c49-6f80-4698-91bd-c7c5a38e25dd-00045f03,PP > PP-PRP-LGC-PREPARACION > PP-PRP-LGC-QUEBRADORES,contenedor_por_ancestro_project,PP-PRP-LGC-QUEBRADORES,asociado_a_contenedor,SI,btz_description_13,escrito_slot_05_80
PP-PRP-QBR-QS03,QUEBRADOR QS03 | Grupo: PP-QUEBRADOR ALLOCO,286467,121e7c49-6f80-4698-91bd-c7c5a38e25dd-00045f03,PP > PP-PRP-LGC-PREPARACION > PP-PRP-LGC-QUEBRADORES,contenedor_por_ancestro_project,PP-PRP-LGC-QUEBRADORES,asociado_a_contenedor,SI,btz_description_14,escrito_slot_05_80
PP-PRP-ALM-QA03,PP-ALIMENTADOR QA03 | Grupo: PP-ALM QBR ALLOCO,286467,121e7c49-6f80-4698-91bd-c7c5a38e25dd-00045f03,PP > PP-PRP-LGC-PREPARACION > PP-PRP-LGC-QUEBRADORES,contenedor_por_ancestro_project,PP-PRP-LGC-QUEBRADORES,asociado_a_contenedor,SI,btz_description_15,escrito_slot_05_80
PP-PRP-QBR-QS04,QUEBRADOR QS04 | Grupo: PP-QUEBRADOR ALLOCO,286467,121e7c49-6f80-4698-91bd-c7c5a38e25dd-00045f03,PP > PP-PRP-LGC-PREPARACION > PP-PRP-LGC-QUEBRADORES,contenedor_por_ancestro_project,PP-PRP-LGC-QUEBRADORES,asociado_a_contenedor,SI,btz_description_16,escrito_slot_05_80
PP-PRP-ALM-QA04,PP-ALIMENTADOR QA04 | Grupo: PP-ALM QBR ALLOCO,286467,121e7c49-6f80-4698-91bd-c7c5a38e25dd-00045f03,PP > PP-PRP-LGC-PREPARACION > PP-PRP-LGC-QUEBRADORES,contenedor_por_ancestro_project,PP-PRP-LGC-QUEBRADORES,asociado_a_contenedor,SI,btz_description_17,escrito_slot_05_80
PP-PRP-QBR-QS05,QUEBRADOR QS05 | Grupo: PP-QUEBRADOR ALLOCO,286467,121e7c49-6f80-4698-91bd-c7c5a38e25dd-00045f03,PP > PP-PRP-LGC-PREPARACION > PP-PRP-LGC-QUEBRADORES,contenedor_por_ancestro_project,PP-PRP-LGC-QUEBRADORES,asociado_a_contenedor,SI,btz_description_18,escrito_slot_05_80
PP-PRP-ALM-QA05,PP-ALIMENTADOR QA05 | Grupo: PP-ALM QBR ALLOCO,286467,121e7c49-6f80-4698-91bd-c7c5a38e25dd-00045f03,PP > PP-PRP-LGC-PREPARACION > PP-PRP-LGC-QUEBRADORES,contenedor_por_ancestro_project,PP-PRP-LGC-QUEBRADORES,asociado_a_contenedor,SI,btz_description_19,escrito_slot_05_80
PP-PRP-QBR-QS06,QUEBRADOR QS06  (RESERVA) | Grupo: PP-QUEBRADOR ALLOCO,286467,121e7c49-6f80-4698-91bd-c7c5a38e25dd-00045f03,PP > PP-PRP-LGC-PREPARACION > PP-PRP-LGC-QUEBRADORES,contenedor_por_ancestro_project,PP-PRP-LGC-QUEBRADORES,asociado_a_contenedor,SI,btz_description_20,escrito_slot_05_80
PP-PRP-ALM-QA06,PP-ALIMENTADOR QA06 | Grupo: PP-ALM QBR ALLOCO,286467,121e7c49-6f80-4698-91bd-c7c5a38e25dd-00045f03,PP > PP-PRP-LGC-PREPARACION > PP-PRP-LGC-QUEBRADORES,contenedor_por_ancestro_project,PP-PRP-LGC-QUEBRADORES,asociado_a_contenedor,SI,btz_description_21,escrito_slot_05_80
PP-PRP-QBR-QS07,QUEBRADOR QS07 | Grupo: PP-QUEBRADOR ALLOCO,286467,121e7c49-6f80-4698-91bd-c7c5a38e25dd-00045f03,PP > PP-PRP-LGC-PREPARACION > PP-PRP-LGC-QUEBRADORES,contenedor_por_ancestro_project,PP-PRP-LGC-QUEBRADORES,asociado_a_contenedor,SI,btz_description_22,escrito_slot_05_80
PP-PRP-ALM-QA07,PP-ALIMENTADOR QA07 | Grupo: PP-ALM QBR ALLOCO,286467,121e7c49-6f80-4698-91bd-c7c5a38e25dd-00045f03,PP > PP-PRP-LGC-PREPARACION > PP-PRP-LGC-QUEBRADORES,contenedor_por_ancestro_project,PP-PRP-LGC-QUEBRADORES,asociado_a_contenedor,SI,btz_description_23,escrito_slot_05_80
PP-PRP-QBR-QS08,QUEBRADOR QS08 | Grupo: PP-QUEBRADOR ALLOCO,286467,121e7c49-6f80-4698-91bd-c7c5a38e25dd-00045f03,PP > PP-PRP-LGC-PREPARACION > PP-PRP-LGC-QUEBRADORES,contenedor_por_ancestro_project,PP-PRP-LGC-QUEBRADORES,asociado_a_contenedor,SI,btz_description_24,escrito_slot_05_80
PP-PRP-ALM-QA08,PP-ALIMENTADOR QA08 | Grupo: PP-ALM QBR ALLOCO,286467,121e7c49-6f80-4698-91bd-c7c5a38e25dd-00045f03,PP > PP-PRP-LGC-PREPARACION > PP-PRP-LGC-QUEBRADORES,contenedor_por_ancestro_project,PP-PRP-LGC-QUEBRADORES,asociado_a_contenedor,SI,btz_description_25,escrito_slot_05_80
PP-PRP-QBR-QS09,QUEBRADOR QS09 | Grupo: PP-QUEBRADOR ALLOCO,286467,121e7c49-6f80-4698-91bd-c7c5a38e25dd-00045f03,PP > PP-PRP-LGC-PREPARACION > PP-PRP-LGC-QUEBRADORES,contenedor_por_ancestro_project,PP-PRP-LGC-QUEBRADORES,asociado_a_contenedor,SI,btz_description_26,escrito_slot_05_80
PP-PRP-ALM-QA09,PP-ALIMENTADOR QA09 | Grupo: PP-ALM QBR ALLOCO,286467,121e7c49-6f80-4698-91bd-c7c5a38e25dd-00045f03,PP > PP-PRP-LGC-PREPARACION > PP-PRP-LGC-QUEBRADORES,contenedor_por_ancestro_project,PP-PRP-LGC-QUEBRADORES,asociado_a_contenedor,SI,btz_description_27,escrito_slot_05_80
PP-PRP-QBR-QS10,QUEBRADOR QS10 | Grupo: PP-QUEBRADOR ALLOCO,286467,121e7c49-6f80-4698-91bd-c7c5a38e25dd-00045f03,PP > PP-PRP-LGC-PREPARACION > PP-PRP-LGC-QUEBRADORES,contenedor_por_ancestro_project,PP-PRP-LGC-QUEBRADORES,asociado_a_contenedor,SI,btz_description_28,escrito_slot_05_80
PP-PRP-ALM-QA10,PP-ALIMENTADOR QA10 | Grupo: PP-ALM QBR ALLOCO,286467,121e7c49-6f80-4698-91bd-c7c5a38e25dd-00045f03,PP > PP-PRP-LGC-PREPARACION > PP-PRP-LGC-QUEBRADORES,contenedor_por_ancestro_project,PP-PRP-LGC-QUEBRADORES,asociado_a_contenedor,SI,btz_description_29,escrito_slot_05_80
PP-PRP-QBR-QS11,QUEBRADOR QS11 | Grupo: PP-QUEBRADOR ALLOCO,286467,121e7c49-6f80-4698-91bd-c7c5a38e25dd-00045f03,PP > PP-PRP-LGC-PREPARACION > PP-PRP-LGC-QUEBRADORES,contenedor_por_ancestro_project,PP-PRP-LGC-QUEBRADORES,asociado_a_contenedor,SI,btz_description_30,escrito_slot_05_80
PP-PRP-ALM-QA11,PP-ALIMENTADOR QA11 | Grupo: PP-ALM QBR ALLOCO,286467,121e7c49-6f80-4698-91bd-c7c5a38e25dd-00045f03,PP > PP-PRP-LGC-PREPARACION > PP-PRP-LGC-QUEBRADORES,contenedor_por_ancestro_project,PP-PRP-LGC-QUEBRADORES,asociado_a_contenedor,SI,btz_description_31,escrito_slot_05_80
PP-PRP-QBR-QS12,QUEBRADOR QS12  (RESERVA) | Grupo: PP-QUEBRADOR ALLOCO,286467,121e7c49-6f80-4698-91bd-c7c5a38e25dd-00045f03,PP > PP-PRP-LGC-PREPARACION > PP-PRP-LGC-QUEBRADORES,contenedor_por_ancestro_project,PP-PRP-LGC-QUEBRADORES,asociado_a_contenedor,SI,btz_description_32,escrito_slot_05_80
PP-PRP-ALM-QA12,PP-ALIMENTADOR QA12 | Grupo: PP-ALM QBR ALLOCO,286467,121e7c49-6f80-4698-91bd-c7c5a38e25dd-00045f03,PP > PP-PRP-LGC-PREPARACION > PP-PRP-LGC-QUEBRADORES,contenedor_por_ancestro_project,PP-PRP-LGC-QUEBRADORES,asociado_a_contenedor,SI,btz_description_33,escrito_slot_05_80
PP-PRP-RSC-S20,DE QUEBRADORES A TOLVA DE RETORNO | Grupo: PP-RSC S20,286467,121e7c49-6f80-4698-91bd-c7c5a38e25dd-00045f03,PP > PP-PRP-LGC-PREPARACION > PP-PRP-LGC-QUEBRADORES,contenedor_por_ancestro_project,PP-PRP-LGC-QUEBRADORES,asociado_a_contenedor,SI,btz_description_34,escrito_slot_05_80
PP-PRP-TLV-TLVRETOR,TOLVA DE RETORNO DE QUEBRADORES | Grupo: PP-TLV RETORNO QUEBR,286467,121e7c49-6f80-4698-91bd-c7c5a38e25dd-00045f03,PP > PP-PRP-LGC-PREPARACION > PP-PRP-LGC-QUEBRADORES,contenedor_por_ancestro_project,PP-PRP-LGC-QUEBRADORES,asociado_a_contenedor,SI,btz_description_35,escrito_slot_05_80
PP-PRP-VLV-VG08,VALVULA ROTATIVA VG08 | Grupo: PP-VLV GUILLOTINA VG08,286467,121e7c49-6f80-4698-91bd-c7c5a38e25dd-00045f03,PP > PP-PRP-LGC-PREPARACION > PP-PRP-LGC-QUEBRADORES,contenedor_por_ancestro_project,PP-PRP-LGC-QUEBRADORES,asociado_a_contenedor,SI,btz_description_36,escrito_slot_05_80
PP-PRP-VLV-VR05A,VALVULA ROTATIVA VR05A SALIDA DE TOVA DE RETORNO | Grupo: PP-VLV ROT VR05A,286467,121e7c49-6f80-4698-91bd-c7c5a38e25dd-00045f03,PP > PP-PRP-LGC-PREPARACION > PP-PRP-LGC-QUEBRADORES,contenedor_por_ancestro_project,PP-PRP-LGC-QUEBRADORES,asociado_a_contenedor,SI,btz_description_37,escrito_slot_05_80
PP-PRP-RDL-DR01,REDLER ALIMENTACION BEAN HEATER | Grupo: PP-REDLER DR01,286906,121e7c49-6f80-4698-91bd-c7c5a38e25dd-000460ba,PP > PP-PRP-LGC-PREPARACION > PP-PRP-LGC-REDLER,contenedor_por_ancestro_project,PP-PRP-LGC-REDLER,asociado_a_contenedor,SI,btz_description_10,escrito_slot_05_80
PP-PRP-RDL-DR05,REDLER DR05 ALIMENT LINEA 1 QUEB 2 PAS | Grupo: PP-REDLER DR05,286906,121e7c49-6f80-4698-91bd-c7c5a38e25dd-000460ba,PP > PP-PRP-LGC-PREPARACION > PP-PRP-LGC-REDLER,contenedor_por_ancestro_project,PP-PRP-LGC-REDLER,asociado_a_contenedor,SI,btz_description_11,escrito_slot_05_80
PP-PRP-RDL-DR06,REDLER DR06 REDLER A LINEA 2 QUEB | Grupo: PP-REDLER DR06,286906,121e7c49-6f80-4698-91bd-c7c5a38e25dd-000460ba,PP > PP-PRP-LGC-PREPARACION > PP-PRP-LGC-REDLER,contenedor_por_ancestro_project,PP-PRP-LGC-REDLER,asociado_a_contenedor,SI,btz_description_12,escrito_slot_05_80
PP-PRP-RDL-DR07,REDLER DR07 ALIMENT LINEA 2 QUEB 2 PAS | Grupo: PP-REDLER DR07,286906,121e7c49-6f80-4698-91bd-c7c5a38e25dd-000460ba,PP > PP-PRP-LGC-PREPARACION > PP-PRP-LGC-REDLER,contenedor_por_ancestro_project,PP-PRP-LGC-REDLER,asociado_a_contenedor,SI,btz_description_13,escrito_slot_05_80
PP-PRP-RDL-R03,REDLER R03  DOBLE SOBRE QUEBRADORES | Grupo: PP-REDLER R03,286906,121e7c49-6f80-4698-91bd-c7c5a38e25dd-000460ba,PP > PP-PRP-LGC-PREPARACION > PP-PRP-LGC-REDLER,contenedor_por_ancestro_project,PP-PRP-LGC-REDLER,asociado_a_contenedor,SI,btz_description_14,escrito_slot_05_80
PP-PRP-RDL-R04,REDLER R04 BAJO QUEBRADORES L-1 | Grupo: PP-REDLER R04,286906,121e7c49-6f80-4698-91bd-c7c5a38e25dd-000460ba,PP > PP-PRP-LGC-PREPARACION > PP-PRP-LGC-REDLER,contenedor_por_ancestro_project,PP-PRP-LGC-REDLER,asociado_a_contenedor,SI,btz_description_15,escrito_slot_05_80
PP-PRP-RDL-R05,REDLER R05 BAJO QUEBRADORES L-2 | Grupo: PP-REDLER R05,286906,121e7c49-6f80-4698-91bd-c7c5a38e25dd-000460ba,PP > PP-PRP-LGC-PREPARACION > PP-PRP-LGC-REDLER,contenedor_por_ancestro_project,PP-PRP-LGC-REDLER,asociado_a_contenedor,SI,btz_description_16,escrito_slot_05_80
PP-PRP-RDL-R06,REDLER R06 DE DR10 A R08 (SOBRE LINEA 1 LAMI | Grupo: PP-REDLER R06,286906,121e7c49-6f80-4698-91bd-c7c5a38e25dd-000460ba,PP > PP-PRP-LGC-PREPARACION > PP-PRP-LGC-REDLER,contenedor_por_ancestro_project,PP-PRP-LGC-REDLER,asociado_a_contenedor,SI,btz_description_17,escrito_slot_05_80
PP-PRP-RDL-R07,REDLER R07 DE DR11 A R09 (SOBRE LINEA 2 LAMI | Grupo: PP-REDLER R07,286906,121e7c49-6f80-4698-91bd-c7c5a38e25dd-000460ba,PP > PP-PRP-LGC-PREPARACION > PP-PRP-LGC-REDLER,contenedor_por_ancestro_project,PP-PRP-LGC-REDLER,asociado_a_contenedor,SI,btz_description_18,escrito_slot_05_80
PP-PRP-RDL-R08,REDLER R08 SOBRE LAMINADORES L-1 | Grupo: PP-REDLER R08,286906,121e7c49-6f80-4698-91bd-c7c5a38e25dd-000460ba,PP > PP-PRP-LGC-PREPARACION > PP-PRP-LGC-REDLER,contenedor_por_ancestro_project,PP-PRP-LGC-REDLER,asociado_a_contenedor,SI,btz_description_19,escrito_slot_05_80
PP-PRP-RDL-R09,REDLER R09 SOBRE LAMINADORES L-2 | Grupo: PP-REDLER R09,286906,121e7c49-6f80-4698-91bd-c7c5a38e25dd-000460ba,PP > PP-PRP-LGC-PREPARACION > PP-PRP-LGC-REDLER,contenedor_por_ancestro_project,PP-PRP-LGC-REDLER,asociado_a_contenedor,SI,btz_description_20,escrito_slot_05_80
PP-PRP-RDL-R10,REDLER R10 BAJO LAMINADORES L-1 | Grupo: PP-REDLER R10,286906,121e7c49-6f80-4698-91bd-c7c5a38e25dd-000460ba,PP > PP-PRP-LGC-PREPARACION > PP-PRP-LGC-REDLER,contenedor_por_ancestro_project,PP-PRP-LGC-REDLER,asociado_a_contenedor,SI,btz_description_21,escrito_slot_05_80
PP-PRP-RDL-R11,REDLER R11 BAJO LAMINADORES L-2 | Grupo: PP-REDLER R11,286906,121e7c49-6f80-4698-91bd-c7c5a38e25dd-000460ba,PP > PP-PRP-LGC-PREPARACION > PP-PRP-LGC-REDLER,contenedor_por_ancestro_project,PP-PRP-LGC-REDLER,asociado_a_contenedor,SI,btz_description_22,escrito_slot_05_80
PP-PRP-RDL-R12,REDLER R12 SALIDA R10 LINEA 1 A R14 | Grupo: PP-REDLER R12,286906,121e7c49-6f80-4698-91bd-c7c5a38e25dd-000460ba,PP > PP-PRP-LGC-PREPARACION > PP-PRP-LGC-REDLER,contenedor_por_ancestro_project,PP-PRP-LGC-REDLER,asociado_a_contenedor,SI,btz_description_23,escrito_slot_05_80
PP-PRP-RDL-R13,REDLER R13 SALIDA R11 LINEA 2 A R14 | Grupo: PP-REDLER R13,286906,121e7c49-6f80-4698-91bd-c7c5a38e25dd-000460ba,PP > PP-PRP-LGC-PREPARACION > PP-PRP-LGC-REDLER,contenedor_por_ancestro_project,PP-PRP-LGC-REDLER,asociado_a_contenedor,SI,btz_description_24,escrito_slot_05_80
PP-PRP-RDL-R14,REDLER R14  INCLINADO | Grupo: PP-REDLER R14,286906,121e7c49-6f80-4698-91bd-c7c5a38e25dd-000460ba,PP > PP-PRP-LGC-PREPARACION > PP-PRP-LGC-REDLER,contenedor_por_ancestro_project,PP-PRP-LGC-REDLER,asociado_a_contenedor,SI,btz_description_25,escrito_slot_05_80
PP-PRP-RDL-R15,REDLER R15 SOBRE EXPANDERS | Grupo: PP-REDLER R15,286906,121e7c49-6f80-4698-91bd-c7c5a38e25dd-000460ba,PP > PP-PRP-LGC-PREPARACION > PP-PRP-LGC-REDLER,contenedor_por_ancestro_project,PP-PRP-LGC-REDLER,asociado_a_contenedor,SI,btz_description_26,escrito_slot_05_80
PP-PRP-RDL-R16,REDLER R16 BAJO ENFRIADORES EXPANDIDOS | Grupo: PP-REDLER R16,286906,121e7c49-6f80-4698-91bd-c7c5a38e25dd-000460ba,PP > PP-PRP-LGC-PREPARACION > PP-PRP-LGC-REDLER,contenedor_por_ancestro_project,PP-PRP-LGC-REDLER,asociado_a_contenedor,SI,btz_description_27,escrito_slot_05_80
PP-PRP-RDL-R17,REDLER R17 A PTA. EXTRACCION | Grupo: PP-REDLER R17,286906,121e7c49-6f80-4698-91bd-c7c5a38e25dd-000460ba,PP > PP-PRP-LGC-PREPARACION > PP-PRP-LGC-REDLER,contenedor_por_ancestro_project,PP-PRP-LGC-REDLER,asociado_a_contenedor,SI,btz_description_28,escrito_slot_05_80
PP-PRP-RDL-RR01,REDLER RR01 RETORNO LAMINADORES | Grupo: PP-REDLER RR01,286906,121e7c49-6f80-4698-91bd-c7c5a38e25dd-000460ba,PP > PP-PRP-LGC-PREPARACION > PP-PRP-LGC-REDLER,contenedor_por_ancestro_project,PP-PRP-LGC-REDLER,asociado_a_contenedor,SI,btz_description_29,escrito_slot_05_80
PP-PRP-RDL-RZ01,REDLER RZ01  ZETA SALIDA DE BEAN HEATER | Grupo: PP-REDLER RZ01,286906,121e7c49-6f80-4698-91bd-c7c5a38e25dd-000460ba,PP > PP-PRP-LGC-PREPARACION > PP-PRP-LGC-REDLER,contenedor_por_ancestro_project,PP-PRP-LGC-REDLER,asociado_a_contenedor,SI,btz_description_30,escrito_slot_05_80
PP-PRP-RDL-RZ02,REDLER RZ02  ZETA DE DR08 A DR10 (LADO ESTE) | Grupo: PP-REDLER RZ02,286906,121e7c49-6f80-4698-91bd-c7c5a38e25dd-000460ba,PP > PP-PRP-LGC-PREPARACION > PP-PRP-LGC-REDLER,contenedor_por_ancestro_project,PP-PRP-LGC-REDLER,asociado_a_contenedor,SI,btz_description_31,escrito_slot_05_80
PP-PRP-RDL-RZ03,REDLER RZ03  ZETA DE DR09 A DR11 (LADO OESTE) | Grupo: PP-REDLER RZ03,286906,121e7c49-6f80-4698-91bd-c7c5a38e25dd-000460ba,PP > PP-PRP-LGC-PREPARACION > PP-PRP-LGC-REDLER,contenedor_por_ancestro_project,PP-PRP-LGC-REDLER,asociado_a_contenedor,SI,btz_description_32,escrito_slot_05_80
PP-PRP-NOR-DN01,NORIA DN01 ALIMENTACION A BEAN HEATER | Grupo: PP-NOR DN01,286467,121e7c49-6f80-4698-91bd-c7c5a38e25dd-00045f03,PP > PP-PRP-LGC-PREPARACION > PP-PRP-LGC-BEAN HEATER,contenedor_por_ancestro_project,PP-PRP-LGC-PREPARACION,asociado_a_contenedor,SI,btz_description_38,escrito_slot_05_80
PP-PRP-RSC-S01,ROSCA S01 RETORNO DE DR07 | Grupo: PP-RSC S01,286906,121e7c49-6f80-4698-91bd-c7c5a38e25dd-000460ba,PP > PP-PRP-LGC-PREPARACION > PP-PRP-LGC-BEAN HEATER,contenedor_por_ancestro_project,PP-PRP-LGC-PREPARACION,asociado_a_contenedor,SI,btz_description_33,escrito_slot_05_80
PP-SRV-BMB-BO60,BOMBA BO60 DE LAVADO | Grupo: PP-BMB BO60,284763,121e7c49-6f80-4698-91bd-c7c5a38e25dd-0004585b,PP > PP-SRV-LGC-SERVICIOS,contenedor_por_ancestro_project,PP-SRV-LGC-SERVICIOS,asociado_a_contenedor,SI,btz_description_05,escrito_slot_05_80
PP-SGR-SAL-SALA,SALA DE BOMBA BO60 | Grupo: PP-SALA BOMBA BO60,284763,121e7c49-6f80-4698-91bd-c7c5a38e25dd-0004585b,PP > PP-SRV-LGC-SERVICIOS,contenedor_por_ancestro_project,PP-SRV-LGC-SERVICIOS,asociado_a_contenedor,SI,btz_description_06,escrito_slot_05_80
PP-SRV-CBN-CLGAS,CABINA DE LITORAL GAS | Grupo: PP-CBN CABINA LITORAL GAS,284763,121e7c49-6f80-4698-91bd-c7c5a38e25dd-0004585b,PP > PP-SRV-LGC-SERVICIOS,contenedor_por_ancestro_project,PP-SRV-LGC-SERVICIOS,asociado_a_contenedor,SI,btz_description_07,escrito_slot_05_80
PP-SRV-VLV-RAMAL,VALVULA AUTOREGULADORA ENTRADA EN CABINA LITORAL GAS RAMAL NORTE | Grupo: PP-VLV AUTOR CABINA LGAS,284763,121e7c49-6f80-4698-91bd-c7c5a38e25dd-0004585b,PP > PP-SRV-LGC-SERVICIOS,contenedor_por_ancestro_project,PP-SRV-LGC-SERVICIOS,asociado_a_contenedor,SI,btz_description_08,escrito_slot_05_80
PP-SRV-VLV-SEG,VALVULA DE SEGURIDAD CABINA LITORAL GAS RAMAL NORTE | Grupo: PP-VALV SEG CABINA LGAS,284763,121e7c49-6f80-4698-91bd-c7c5a38e25dd-0004585b,PP > PP-SRV-LGC-SERVICIOS,contenedor_por_ancestro_project,PP-SRV-LGC-SERVICIOS,asociado_a_contenedor,SI,btz_description_09,escrito_slot_05_80
PP-SRV-CLT-COLECTOR,COLECTOR PRINCIPAL VAPOR CALDERA | Grupo: PP-COLECT PRINCIPAL CALDERA,284763,121e7c49-6f80-4698-91bd-c7c5a38e25dd-0004585b,PP > PP-SRV-LGC-SERVICIOS,contenedor_por_ancestro_project,PP-SRV-LGC-SERVICIOS,asociado_a_contenedor,SI,btz_description_10,escrito_slot_05_80
PP-SRV-LGC-AIRE,SECTOR AIRE COMPRIMIDO SERVICIOS PTA PTO | Grupo: PP-SECTOR AIRE COMPR,284763,121e7c49-6f80-4698-91bd-c7c5a38e25dd-0004585b,PP > PP-SRV-LGC-SERVICIOS,contenedor_por_ancestro_project,PP-SRV-LGC-SERVICIOS,asociado_a_contenedor,SI,btz_description_11,escrito_slot_05_80
PP-SRV-CMP-CA01,COMPRESOR SULLAIR Nº 7507 (EX-GA55) | Grupo: PP-CMP COMPRESOR GA55,284763,121e7c49-6f80-4698-91bd-c7c5a38e25dd-0004585b,PP > PP-SRV-LGC-SERVICIOS,contenedor_por_ancestro_project,PP-SRV-LGC-SERVICIOS,asociado_a_contenedor,SI,btz_description_12,escrito_slot_05_80
PP-SRV-CMP-CA02,COMPRESOR ATLAS COPCO GA75P API 615291 | Grupo: PP-CMP COMPRESOR GA75,284763,121e7c49-6f80-4698-91bd-c7c5a38e25dd-0004585b,PP > PP-SRV-LGC-SERVICIOS,contenedor_por_ancestro_project,PP-SRV-LGC-SERVICIOS,asociado_a_contenedor,SI,btz_description_13,escrito_slot_05_80
PP-SRV-SCD-SEAIRE1,SECADOR DE AIRE FX 9 (A7.5) | Grupo: PP-SCD AIRE FX9,284763,121e7c49-6f80-4698-91bd-c7c5a38e25dd-0004585b,PP > PP-SRV-LGC-SERVICIOS,contenedor_por_ancestro_project,PP-SRV-LGC-SERVICIOS,asociado_a_contenedor,SI,btz_description_14,escrito_slot_05_80
PP-SRV-SCD-SEAIRE2,SECADOR AIRE FX14 (E12) | Grupo: PP-SCD AIRE FX14,284763,121e7c49-6f80-4698-91bd-c7c5a38e25dd-0004585b,PP > PP-SRV-LGC-SERVICIOS,contenedor_por_ancestro_project,PP-SRV-LGC-SERVICIOS,asociado_a_contenedor,SI,btz_description_15,escrito_slot_05_80
PP-SRV-LGC-BOMBAS,SECTOR BOMBAS DE RIO PTA PTO | Grupo: PP-SECTOR BOMBAS RIO,284763,121e7c49-6f80-4698-91bd-c7c5a38e25dd-0004585b,PP > PP-SRV-LGC-SERVICIOS,contenedor_por_ancestro_project,PP-SRV-LGC-SERVICIOS,asociado_a_contenedor,SI,btz_description_16,escrito_slot_05_80
PP-SRV-BMB-BO42R,BOMBA BO42 RIO | Grupo: PP-BMB VERT B22 DE RIO,284763,121e7c49-6f80-4698-91bd-c7c5a38e25dd-0004585b,PP > PP-SRV-LGC-SERVICIOS,contenedor_por_ancestro_project,PP-SRV-LGC-SERVICIOS,asociado_a_contenedor,SI,btz_description_17,escrito_slot_05_80
PP-SRV-BMB-BO43R,BOMBA BO43 RIO | Grupo: PP-BMB VERT B22 DE RIO,284763,121e7c49-6f80-4698-91bd-c7c5a38e25dd-0004585b,PP > PP-SRV-LGC-SERVICIOS,contenedor_por_ancestro_project,PP-SRV-LGC-SERVICIOS,asociado_a_contenedor,SI,btz_description_18,escrito_slot_05_80
PP-SRV-BMB-BO44R,BOMBA BO44 RIO | Grupo: PP-BMB VERT B22 DE RIO,284763,121e7c49-6f80-4698-91bd-c7c5a38e25dd-0004585b,PP > PP-SRV-LGC-SERVICIOS,contenedor_por_ancestro_project,PP-SRV-LGC-SERVICIOS,asociado_a_contenedor,SI,btz_description_19,escrito_slot_05_80
PP-SRV-MTD-MDBO44R,"MOTOR DIESEL BOMBA DE RIO BO44R CUMMINS, MODELO:NTA-855-G6 | Grupo: PP- MOT DIESEL BO44R",284763,121e7c49-6f80-4698-91bd-c7c5a38e25dd-0004585b,PP > PP-SRV-LGC-SERVICIOS,contenedor_por_ancestro_project,PP-SRV-LGC-SERVICIOS,asociado_a_contenedor,SI,btz_description_20,escrito_slot_05_80
PP-SRV-BMB-BO45R,BOMBA BO45 RIO | Grupo: PP-BMB VERT B22 DE RIO,284763,121e7c49-6f80-4698-91bd-c7c5a38e25dd-0004585b,PP > PP-SRV-LGC-SERVICIOS,contenedor_por_ancestro_project,PP-SRV-LGC-SERVICIOS,asociado_a_contenedor,SI,btz_description_21,escrito_slot_05_80
PP-SRV-LGC-CLARIFICADORA,SECTOR PLANTA CLARIFICADORA PTA PTO | Grupo: PP-SECTOR PTA CLARIF,284763,121e7c49-6f80-4698-91bd-c7c5a38e25dd-0004585b,PP > PP-SRV-LGC-SERVICIOS,contenedor_por_ancestro_project,PP-SRV-LGC-SERVICIOS,asociado_a_contenedor,SI,btz_description_22,escrito_slot_05_80
PP-PCA-BMB-BO62,BOMBA 62 ENVIA A P. RICARDONE | Grupo: PP-BMB CENTRIF BO62,284763,121e7c49-6f80-4698-91bd-c7c5a38e25dd-0004585b,PP > PP-SRV-LGC-SERVICIOS,contenedor_por_ancestro_project,PP-SRV-LGC-SERVICIOS,asociado_a_contenedor,SI,btz_description_23,escrito_slot_05_80
PP-PCA-BMB-BO63,BOMBA 63 ENVIA A P. RICARDONE | Grupo: PP-BMB CENTRIF BO63,284763,121e7c49-6f80-4698-91bd-c7c5a38e25dd-0004585b,PP > PP-SRV-LGC-SERVICIOS,contenedor_por_ancestro_project,PP-SRV-LGC-SERVICIOS,asociado_a_contenedor,SI,btz_description_24,escrito_slot_05_80
PP-PCA-BMB-BO64,BOMBA 64 ENVIA A PLANTA PUERTO | Grupo: PP-BMB CENTRIF BO64,284763,121e7c49-6f80-4698-91bd-c7c5a38e25dd-0004585b,PP > PP-SRV-LGC-SERVICIOS,contenedor_por_ancestro_project,PP-SRV-LGC-SERVICIOS,asociado_a_contenedor,SI,btz_description_25,escrito_slot_05_80
PP-PCA-BMB-BO65,BOMBA 65 ENVIA A PLANTA PUERTO (CONTRALA | Grupo: PP-BMB CENTRIF BO65,284763,121e7c49-6f80-4698-91bd-c7c5a38e25dd-0004585b,PP > PP-SRV-LGC-SERVICIOS,contenedor_por_ancestro_project,PP-SRV-LGC-SERVICIOS,asociado_a_contenedor,SI,btz_description_26,escrito_slot_05_80
PP-PCA-BMB-BO66,BOMBA 66 ENVIA AGUA RETORNO EXTRACCION A PTA AGUA | Grupo: PP-BMB CENTRIF BO66,284763,121e7c49-6f80-4698-91bd-c7c5a38e25dd-0004585b,PP > PP-SRV-LGC-SERVICIOS,contenedor_por_ancestro_project,PP-SRV-LGC-SERVICIOS,asociado_a_contenedor,SI,btz_description_27,escrito_slot_05_80
PP-PCA-BMB-BOETATRON,BOMBA ETATRON DLXB-MF/M (POLY) - PKX-MA/A | Grupo: PP-BOMBA ETATRON,284763,121e7c49-6f80-4698-91bd-c7c5a38e25dd-0004585b,PP > PP-SRV-LGC-SERVICIOS,contenedor_por_ancestro_project,PP-SRV-LGC-SERVICIOS,asociado_a_contenedor,SI,btz_description_28,escrito_slot_05_80
PP-PCA-BMB-BOKLARAID,BOMBA TK KLARAID A PLANTA CLARIFICADORA | Grupo: PP-BOMBA KLARAID,284763,121e7c49-6f80-4698-91bd-c7c5a38e25dd-0004585b,PP > PP-SRV-LGC-SERVICIOS,contenedor_por_ancestro_project,PP-SRV-LGC-SERVICIOS,asociado_a_contenedor,SI,btz_description_29,escrito_slot_05_80
PP-PCA-BMB-DOSIV,BOMBA DOSIVAC DD30 (PACK) | Grupo: PP-BOMBA DOSIVAC DD3,284763,121e7c49-6f80-4698-91bd-c7c5a38e25dd-0004585b,PP > PP-SRV-LGC-SERVICIOS,contenedor_por_ancestro_project,PP-SRV-LGC-SERVICIOS,asociado_a_contenedor,SI,btz_description_30,escrito_slot_05_80
PP-PCA-CST-CST01,CISTERNA DE AGUA FILTRADA | Grupo: PP-CST CISTERNA,284763,121e7c49-6f80-4698-91bd-c7c5a38e25dd-0004585b,PP > PP-SRV-LGC-SERVICIOS,contenedor_por_ancestro_project,PP-SRV-LGC-SERVICIOS,asociado_a_contenedor,SI,btz_description_31,escrito_slot_05_80
PP-PCA-FLT-FA01,FILTRO DE ARENA NRO 1 | Grupo: PP-FLT FILTRO ARENA,284763,121e7c49-6f80-4698-91bd-c7c5a38e25dd-0004585b,PP > PP-SRV-LGC-SERVICIOS,contenedor_por_ancestro_project,PP-SRV-LGC-SERVICIOS,asociado_a_contenedor,SI,btz_description_32,escrito_slot_05_80
PP-PCA-FLT-FA02,FILTRO DE ARENA NRO 2 | Grupo: PP-FLT FILTRO ARENA,284763,121e7c49-6f80-4698-91bd-c7c5a38e25dd-0004585b,PP > PP-SRV-LGC-SERVICIOS,contenedor_por_ancestro_project,PP-SRV-LGC-SERVICIOS,asociado_a_contenedor,SI,btz_description_33,escrito_slot_05_80
PP-PCA-FLT-FA03,FILTRO DE ARENA NRO 3 | Grupo: PP-FLT FILTRO ARENA,284763,121e7c49-6f80-4698-91bd-c7c5a38e25dd-0004585b,PP > PP-SRV-LGC-SERVICIOS,contenedor_por_ancestro_project,PP-SRV-LGC-SERVICIOS,asociado_a_contenedor,SI,btz_description_34,escrito_slot_05_80
PP-PCA-IBC-01,HIPOCLORITO DE SODIO | Grupo: PP-IBC,284763,121e7c49-6f80-4698-91bd-c7c5a38e25dd-0004585b,PP > PP-SRV-LGC-SERVICIOS,contenedor_por_ancestro_project,PP-SRV-LGC-SERVICIOS,asociado_a_contenedor,SI,btz_description_35,escrito_slot_05_80
PP-PCA-IBC-02,CORTROL IS3020 SECUESTRANTE DE OXIGENO DISUELTO / PASIVADOR E METAL BASE ACUOSA | Grupo: PP-IBC,284763,121e7c49-6f80-4698-91bd-c7c5a38e25dd-0004585b,PP > PP-SRV-LGC-SERVICIOS,contenedor_por_ancestro_project,PP-SRV-LGC-SERVICIOS,asociado_a_contenedor,SI,btz_description_36,escrito_slot_05_80
PP-PCA-IBC-03,KLARAID IC1176L COAGULANTE | Grupo: PP-IBC,284763,121e7c49-6f80-4698-91bd-c7c5a38e25dd-0004585b,PP > PP-SRV-LGC-SERVICIOS,contenedor_por_ancestro_project,PP-SRV-LGC-SERVICIOS,asociado_a_contenedor,SI,btz_description_37,escrito_slot_05_80
PP-PCA-IBC-04,KLARAID PC1216 COAGULANTE | Grupo: PP-IBC,284763,121e7c49-6f80-4698-91bd-c7c5a38e25dd-0004585b,PP > PP-SRV-LGC-SERVICIOS,contenedor_por_ancestro_project,PP-SRV-LGC-SERVICIOS,asociado_a_contenedor,SI,btz_description_38,escrito_slot_05_80
PP-PCA-PLT-CEDIM,PILETA DE CEDIMENTACION CON PLACAS | Grupo: PP-PLT CEDIMENTADORA,284763,121e7c49-6f80-4698-91bd-c7c5a38e25dd-0004585b,PP > PP-SRV-LGC-SERVICIOS,contenedor_por_ancestro_project,PP-SRV-LGC-SERVICIOS,asociado_a_contenedor,SI,btz_description_39,escrito_slot_05_80
PP-PCA-PLT-FLOC,PILETA DE FLOCULADORES 1 Y 2 | Grupo: PP-FLC FLOCULADOR,284763,121e7c49-6f80-4698-91bd-c7c5a38e25dd-0004585b,PP > PP-SRV-LGC-SERVICIOS,contenedor_por_ancestro_project,PP-SRV-LGC-SERVICIOS,asociado_a_contenedor,SI,btz_description_40,escrito_slot_05_80
PP-PCA-PLT-PD01,PILETA DECANTADORA 1 SECTOR CENTRAL | Grupo: PP-PILETA DECANTADORA,284763,121e7c49-6f80-4698-91bd-c7c5a38e25dd-0004585b,PP > PP-SRV-LGC-SERVICIOS,contenedor_por_ancestro_project,PP-SRV-LGC-SERVICIOS,asociado_a_contenedor,SI,btz_description_41,escrito_slot_05_80
PP-PCA-BMB-BRB01,BOMBA DE RECIRCULACION DE BARRO 01 DECANTADORA 1 INDESUR D25 PPEXN-Z | Grupo: PP-BMB RECIRC BARRO,284763,121e7c49-6f80-4698-91bd-c7c5a38e25dd-0004585b,PP > PP-SRV-LGC-SERVICIOS,contenedor_por_ancestro_project,PP-SRV-LGC-SERVICIOS,asociado_a_contenedor,SI,btz_description_42,escrito_slot_05_80
PP-PCA-PLC-FLOC01,FLOCULADOR 01 DECANTADORA 1 | Grupo: PP-FLOCULADOR PIL DECANT,284763,121e7c49-6f80-4698-91bd-c7c5a38e25dd-0004585b,PP > PP-SRV-LGC-SERVICIOS,contenedor_por_ancestro_project,PP-SRV-LGC-SERVICIOS,asociado_a_contenedor,SI,btz_description_43,escrito_slot_05_80
PP-PCA-PLC-FLOC02,FLOCULADOR 02 DECANTADORA 1 | Grupo: PP-FLOCULADOR PIL DECANT,284763,121e7c49-6f80-4698-91bd-c7c5a38e25dd-0004585b,PP > PP-SRV-LGC-SERVICIOS,contenedor_por_ancestro_project,PP-SRV-LGC-SERVICIOS,asociado_a_contenedor,SI,btz_description_44,escrito_slot_05_80
PP-PCA-PLT-PD02,PILETA DECANTADORA 2 SECTOR NORTE | Grupo: PP-PILETA DECANTADORA,284763,121e7c49-6f80-4698-91bd-c7c5a38e25dd-0004585b,PP > PP-SRV-LGC-SERVICIOS,contenedor_por_ancestro_project,PP-SRV-LGC-SERVICIOS,asociado_a_contenedor,SI,btz_description_45,escrito_slot_05_80
PP-PCA-BMB-BRB02,BOMBA DE RECIRCULACION DE BARRO 02 DECANTADORA 3 INDESUR D25 PPEXN-Z | Grupo: PP-BMB RECIRC BARRO,284763,121e7c49-6f80-4698-91bd-c7c5a38e25dd-0004585b,PP > PP-SRV-LGC-SERVICIOS,contenedor_por_ancestro_project,PP-SRV-LGC-SERVICIOS,asociado_a_contenedor,SI,btz_description_46,escrito_slot_05_80
PP-PCA-PLC-FLOC03,FLOCULADOR 03 DECANTADORA 2 | Grupo: PP-FLOCULADOR PIL DECANT,284763,121e7c49-6f80-4698-91bd-c7c5a38e25dd-0004585b,PP > PP-SRV-LGC-SERVICIOS,contenedor_por_ancestro_project,PP-SRV-LGC-SERVICIOS,asociado_a_contenedor,SI,btz_description_47,escrito_slot_05_80
PP-PCA-PLC-FLOC04,FLOCULADOR 04 DECANTADORA 2 | Grupo: PP-FLOCULADOR PIL DECANT,284763,121e7c49-6f80-4698-91bd-c7c5a38e25dd-0004585b,PP > PP-SRV-LGC-SERVICIOS,contenedor_por_ancestro_project,PP-SRV-LGC-SERVICIOS,asociado_a_contenedor,SI,btz_description_48,escrito_slot_05_80
PP-PCA-PLT-PD03,PILETA DECANTADORA 3 SECTOR SUR | Grupo: PP-PILETA DECANTADORA,284763,121e7c49-6f80-4698-91bd-c7c5a38e25dd-0004585b,PP > PP-SRV-LGC-SERVICIOS,contenedor_por_ancestro_project,PP-SRV-LGC-SERVICIOS,asociado_a_contenedor,SI,btz_description_49,escrito_slot_05_80
PP-PCA-BMB-BRB03,BOMBA DE RECIRCULACION DE BARRO 03 DECANTADORA 3 INDESUR D25 PPEXN-Z | Grupo: PP-BMB RECIRC BARRO,284763,121e7c49-6f80-4698-91bd-c7c5a38e25dd-0004585b,PP > PP-SRV-LGC-SERVICIOS,contenedor_por_ancestro_project,PP-SRV-LGC-SERVICIOS,asociado_a_contenedor,SI,btz_description_50,escrito_slot_05_80
PP-PCA-PLC-FLOC05,FLOCULADOR 05 DECANTADORA 3 | Grupo: PP-FLOCULADOR PIL DECANT,284763,121e7c49-6f80-4698-91bd-c7c5a38e25dd-0004585b,PP > PP-SRV-LGC-SERVICIOS,contenedor_por_ancestro_project,PP-SRV-LGC-SERVICIOS,asociado_a_contenedor,SI,btz_description_51,escrito_slot_05_80
PP-PCA-PLC-FLOC06,FLOCULADOR 06 DECANTADORA 3 | Grupo: PP-FLOCULADOR PIL DECANT,284763,121e7c49-6f80-4698-91bd-c7c5a38e25dd-0004585b,PP > PP-SRV-LGC-SERVICIOS,contenedor_por_ancestro_project,PP-SRV-LGC-SERVICIOS,asociado_a_contenedor,SI,btz_description_52,escrito_slot_05_80
PP-PCA-TNQ-TKKLARAID,TK PLASTICO KLARAID IC1176L - 23 M3 | Grupo: PP-TANQUE KLARAID,284763,121e7c49-6f80-4698-91bd-c7c5a38e25dd-0004585b,PP > PP-SRV-LGC-SERVICIOS,contenedor_por_ancestro_project,PP-SRV-LGC-SERVICIOS,asociado_a_contenedor,SI,btz_description_53,escrito_slot_05_80
PP-PCA-TNQ-TKVERDE,TANQUE VERDE PLANTA DE AGUA | Grupo: PP-TNQ TK VERDE,284763,121e7c49-6f80-4698-91bd-c7c5a38e25dd-0004585b,PP > PP-SRV-LGC-SERVICIOS,contenedor_por_ancestro_project,PP-SRV-LGC-SERVICIOS,asociado_a_contenedor,SI,btz_description_54,escrito_slot_05_80
PP-SRV-LGC-FUEL,SECTOR FUEL OIL PTA PTO | Grupo: PP-SECTOR FUEL OIL,284763,121e7c49-6f80-4698-91bd-c7c5a38e25dd-0004585b,PP > PP-SRV-LGC-SERVICIOS,contenedor_por_ancestro_project,PP-SRV-LGC-SERVICIOS,asociado_a_contenedor,SI,btz_description_55,escrito_slot_05_80
PP-SRV-BMB-BO53,BOMBA BO53  FUEL-OIL A QUEMAD. | Grupo: PP-BMB ENGR BO53,284763,121e7c49-6f80-4698-91bd-c7c5a38e25dd-0004585b,PP > PP-SRV-LGC-SERVICIOS,contenedor_por_ancestro_project,PP-SRV-LGC-SERVICIOS,asociado_a_contenedor,SI,btz_description_56,escrito_slot_05_80
PP-SRV-BMB-BO54,BOMBA BO54  FUEL-OIL A QUEMAD. | Grupo: PP-BMB ENGR BO54,284763,121e7c49-6f80-4698-91bd-c7c5a38e25dd-0004585b,PP > PP-SRV-LGC-SERVICIOS,contenedor_por_ancestro_project,PP-SRV-LGC-SERVICIOS,asociado_a_contenedor,SI,btz_description_57,escrito_slot_05_80
PP-SRV-BMB-BOREPOS,BOMBA DE REPOSICION DE FUEL OIL | Grupo: PP-BMB BOREPOS,284763,121e7c49-6f80-4698-91bd-c7c5a38e25dd-0004585b,PP > PP-SRV-LGC-SERVICIOS,contenedor_por_ancestro_project,PP-SRV-LGC-SERVICIOS,asociado_a_contenedor,SI,btz_description_58,escrito_slot_05_80
PP-SRV-TNQ-TKFUEL,TANQUE FUEL OIL ENTERRADO | Grupo: PP-TNQ TKFUEL,284763,121e7c49-6f80-4698-91bd-c7c5a38e25dd-0004585b,PP > PP-SRV-LGC-SERVICIOS,contenedor_por_ancestro_project,PP-SRV-LGC-SERVICIOS,asociado_a_contenedor,SI,btz_description_59,escrito_slot_05_80
PP-SRV-BMB-BOFC,BOMBA DE FUEL OIL A TK DIARIOS CALDERA 6000/OSL CENTRO | Grupo: PP-BMB FUEL OIL,284763,121e7c49-6f80-4698-91bd-c7c5a38e25dd-0004585b,PP > PP-SRV-LGC-SERVICIOS,contenedor_por_ancestro_project,PP-SRV-LGC-SERVICIOS,asociado_a_contenedor,SI,btz_description_60,escrito_slot_05_80
PP-SRV-BMB-BOFN,BOMBA DE FUEL OIL A TK DIARIOS CALDERA 6000/OSL NORTE | Grupo: PP-BMB FUEL OIL,284763,121e7c49-6f80-4698-91bd-c7c5a38e25dd-0004585b,PP > PP-SRV-LGC-SERVICIOS,contenedor_por_ancestro_project,PP-SRV-LGC-SERVICIOS,asociado_a_contenedor,SI,btz_description_61,escrito_slot_05_80
PP-SRV-BMB-BOFS,BOMBA DE FUEL OIL A TK DIARIOS CALDERA 6000/OSL SUR | Grupo: PP-BMB FUEL OIL,284763,121e7c49-6f80-4698-91bd-c7c5a38e25dd-0004585b,PP > PP-SRV-LGC-SERVICIOS,contenedor_por_ancestro_project,PP-SRV-LGC-SERVICIOS,asociado_a_contenedor,SI,btz_description_62,escrito_slot_05_80
PP-SRV-LGC-TRAT,TRATAMIENTO QUIMICO DE CALDERA SUEZ | Grupo: PP-LOGICO TRAT CALDERA,284763,121e7c49-6f80-4698-91bd-c7c5a38e25dd-0004585b,PP > PP-SRV-LGC-SERVICIOS,contenedor_por_ancestro_project,PP-SRV-LGC-SERVICIOS,asociado_a_contenedor,SI,btz_description_63,escrito_slot_05_80
PP-SRV-BMB-BO,BOMBA AMINA SATELITAL (A CADA LINEA) DOSIVAC | Grupo: PP-BOMBA AMINA,284763,121e7c49-6f80-4698-91bd-c7c5a38e25dd-0004585b,PP > PP-SRV-LGC-SERVICIOS,contenedor_por_ancestro_project,PP-SRV-LGC-SERVICIOS,asociado_a_contenedor,SI,btz_description_64,escrito_slot_05_80
PP-SRV-IBC-01,IBC DE SUEZ CORTROL OS9990 SECUESTRANTE ED OXIGENO DISUELTO EN BASE ACUOSA | Grupo: PP-IBC,284763,121e7c49-6f80-4698-91bd-c7c5a38e25dd-0004585b,PP > PP-SRV-LGC-SERVICIOS,contenedor_por_ancestro_project,PP-SRV-LGC-SERVICIOS,asociado_a_contenedor,SI,btz_description_65,escrito_slot_05_80
PP-SRV-IBC-02,IBC DE SUEZ OPTISPERSE PO5572 TRATAMIENTO INTERNO DE AGUA DE CALDERA | Grupo: PP-IBC,284763,121e7c49-6f80-4698-91bd-c7c5a38e25dd-0004585b,PP > PP-SRV-LGC-SERVICIOS,contenedor_por_ancestro_project,PP-SRV-LGC-SERVICIOS,asociado_a_contenedor,SI,btz_description_66,escrito_slot_05_80
PP-SRV-IBC-03,IBC DE SUEZ STEAMATE NA1321 TRATAMIENTO DE VAPOR CONDENSADO | Grupo: PP-IBC,284763,121e7c49-6f80-4698-91bd-c7c5a38e25dd-0004585b,PP > PP-SRV-LGC-SERVICIOS,contenedor_por_ancestro_project,PP-SRV-LGC-SERVICIOS,asociado_a_contenedor,SI,btz_description_67,escrito_slot_05_80
PP-SRV-ABL-AA01,ABLANDADOR AA01 | Grupo: PP-ABL ABLANDADOR,284763,121e7c49-6f80-4698-91bd-c7c5a38e25dd-0004585b,PP > PP-SRV-LGC-SERVICIOS,contenedor_por_ancestro_project,PP-SRV-LGC-SERVICIOS,asociado_a_contenedor,SI,btz_description_68,escrito_slot_05_80
PP-SRV-ABL-AA02,ABLANDADOR AA02 | Grupo: PP-ABL ABLANDADOR,284763,121e7c49-6f80-4698-91bd-c7c5a38e25dd-0004585b,PP > PP-SRV-LGC-SERVICIOS,contenedor_por_ancestro_project,PP-SRV-LGC-SERVICIOS,asociado_a_contenedor,SI,btz_description_69,escrito_slot_05_80
PP-SRV-BMB-BOAPL,BOMBA BOAPL - DOSIFICACION DE  APL | Grupo: PP-BMB DOSIFIC APL,284763,121e7c49-6f80-4698-91bd-c7c5a38e25dd-0004585b,PP > PP-SRV-LGC-SERVICIOS,contenedor_por_ancestro_project,PP-SRV-LGC-SERVICIOS,asociado_a_contenedor,SI,btz_description_70,escrito_slot_05_80
PP-SRV-BMB-BSAL,BOMBA SAL ABLANDADORES | Grupo: PP-BMB BSAL,284763,121e7c49-6f80-4698-91bd-c7c5a38e25dd-0004585b,PP > PP-SRV-LGC-SERVICIOS,contenedor_por_ancestro_project,PP-SRV-LGC-SERVICIOS,asociado_a_contenedor,SI,btz_description_71,escrito_slot_05_80
PP-SRV-FLT-FG01,FILTRO DE GRAVAS | Grupo: PP-FLT GRAVAS,284763,121e7c49-6f80-4698-91bd-c7c5a38e25dd-0004585b,PP > PP-SRV-LGC-SERVICIOS,contenedor_por_ancestro_project,PP-SRV-LGC-SERVICIOS,asociado_a_contenedor,SI,btz_description_72,escrito_slot_05_80
PP-SRV-LGC-VAPOR,SECTOR VAPOR GENERACION PTA PTO | Grupo: PP-SECTOR VAPOR,284763,121e7c49-6f80-4698-91bd-c7c5a38e25dd-0004585b,PP > PP-SRV-LGC-SERVICIOS,contenedor_por_ancestro_project,PP-SRV-LGC-SERVICIOS,asociado_a_contenedor,SI,btz_description_73,escrito_slot_05_80
PP-SRV-CLD-CBW1,CALDERA GONELLA BABCOCK WILCOX | Grupo: PP-CLD CALDERA,284763,121e7c49-6f80-4698-91bd-c7c5a38e25dd-0004585b,PP > PP-SRV-LGC-SERVICIOS,contenedor_por_ancestro_project,PP-SRV-LGC-SERVICIOS,asociado_a_contenedor,SI,btz_description_74,escrito_slot_05_80
PP-SRV-BMB-BO45C,BOMBA BO45 C LADO SUR | Grupo: PP-BMB CENTRIF BO45C,284763,121e7c49-6f80-4698-91bd-c7c5a38e25dd-0004585b,PP > PP-SRV-LGC-SERVICIOS,contenedor_por_ancestro_project,PP-SRV-LGC-SERVICIOS,asociado_a_contenedor,SI,btz_description_75,escrito_slot_05_80
PP-SRV-BMB-BO46C,BOMBA BO46 C LADO NORTE | Grupo: PP-BMB CENTRIF BO46C,284763,121e7c49-6f80-4698-91bd-c7c5a38e25dd-0004585b,PP > PP-SRV-LGC-SERVICIOS,contenedor_por_ancestro_project,PP-SRV-LGC-SERVICIOS,asociado_a_contenedor,SI,btz_description_76,escrito_slot_05_80
PP-SRV-CCH-CDUCT,CUCHILLA DUCTO A EG11 | Grupo: PP-CCH DUCTO EG11,284763,121e7c49-6f80-4698-91bd-c7c5a38e25dd-0004585b,PP > PP-SRV-LGC-SERVICIOS,contenedor_por_ancestro_project,PP-SRV-LGC-SERVICIOS,asociado_a_contenedor,SI,btz_description_77,escrito_slot_05_80
PP-SRV-CIL-SOV-002,CILINDRO NEUMATICO TAPA CHIMENEA CALDERA | Grupo: PP-CIL CILINDRO SOV002,284763,121e7c49-6f80-4698-91bd-c7c5a38e25dd-0004585b,PP > PP-SRV-LGC-SERVICIOS,contenedor_por_ancestro_project,PP-SRV-LGC-SERVICIOS,asociado_a_contenedor,SI,btz_description_78,escrito_slot_05_80
PP-SRV-MGN-MAGNETROL,MAGNETROL LADO NORTE | Grupo: PP-MAGNETROL,284763,121e7c49-6f80-4698-91bd-c7c5a38e25dd-0004585b,PP > PP-SRV-LGC-SERVICIOS,contenedor_por_ancestro_project,PP-SRV-LGC-SERVICIOS,asociado_a_contenedor,SI,btz_description_79,escrito_slot_05_80
PP-SRV-SPL-SH01,SOPLADOR DE HOLLIN SH01 | Grupo: PP-SPL SOPLADOR HOLLIN,284763,121e7c49-6f80-4698-91bd-c7c5a38e25dd-0004585b,PP > PP-SRV-LGC-SERVICIOS,contenedor_por_ancestro_project,PP-SRV-LGC-SERVICIOS,asociado_a_contenedor,SI,btz_description_80,escrito_slot_05_80
PP-SRV-SPL-SH02,SOPLADOR DE HOLLIN SH02 | Grupo: PP-SPL SOPLADOR HOLLIN,284763,121e7c49-6f80-4698-91bd-c7c5a38e25dd-0004585b,PP > PP-SRV-LGC-SERVICIOS,contenedor_por_ancestro_project,PP-SRV-LGC-SERVICIOS,omitido_por_slots,NO,,omitido_por_slots
PP-SRV-SPL-SH03,SOPLADOR DE HOLLIN SH03 | Grupo: PP-SPL SOPLADOR HOLLIN,284763,121e7c49-6f80-4698-91bd-c7c5a38e25dd-0004585b,PP > PP-SRV-LGC-SERVICIOS,contenedor_por_ancestro_project,PP-SRV-LGC-SERVICIOS,omitido_por_slots,NO,,omitido_por_slots
PP-SRV-SPL-SH04,SOPLADOR DE HOLLIN SH04 | Grupo: PP-SPL SOPLADOR HOLLIN,284763,121e7c49-6f80-4698-91bd-c7c5a38e25dd-0004585b,PP > PP-SRV-LGC-SERVICIOS,contenedor_por_ancestro_project,PP-SRV-LGC-SERVICIOS,omitido_por_slots,NO,,omitido_por_slots
PP-SRV-VLV-DPCV-051,VALVULA DE CONTROL DIFERENCIAL DE PRESION DE VAPOR <ATOMIZA> | Grupo: PP-VLV CONTROL CALDERA,284763,121e7c49-6f80-4698-91bd-c7c5a38e25dd-0004585b,PP > PP-SRV-LGC-SERVICIOS,contenedor_por_ancestro_project,PP-SRV-LGC-SERVICIOS,omitido_por_slots,NO,,omitido_por_slots
PP-SRV-VLV-FCV-041,VALVULA DE CONTROL DE CAUDAL DE GAS | Grupo: PP-VLV CONTROL CALDERA,284763,121e7c49-6f80-4698-91bd-c7c5a38e25dd-0004585b,PP > PP-SRV-LGC-SERVICIOS,contenedor_por_ancestro_project,PP-SRV-LGC-SERVICIOS,omitido_por_slots,NO,,omitido_por_slots
PP-SRV-VLV-LCV-010,VALVULA DE CONTROL DE NIVEL AGUA DOMO | Grupo: PP-VLV CONTROL CALDERA,284763,121e7c49-6f80-4698-91bd-c7c5a38e25dd-0004585b,PP > PP-SRV-LGC-SERVICIOS,contenedor_por_ancestro_project,PP-SRV-LGC-SERVICIOS,omitido_por_slots,NO,,omitido_por_slots
PP-SRV-VLV-PCV-040,VALVULA AUTORREGULADORA PRESION LINEA DE GAS (SUB.ESTACION) | Grupo: PP-VLV CONTROL CALDERA,284763,121e7c49-6f80-4698-91bd-c7c5a38e25dd-0004585b,PP > PP-SRV-LGC-SERVICIOS,contenedor_por_ancestro_project,PP-SRV-LGC-SERVICIOS,omitido_por_slots,NO,,omitido_por_slots
PP-SRV-VLV-SGR,VALVULA SEGURIDAD SUB ESTACION DE GAS | Grupo: PP-VLV SEG SUB-EST GAS,284763,121e7c49-6f80-4698-91bd-c7c5a38e25dd-0004585b,PP > PP-SRV-LGC-SERVICIOS,contenedor_por_ancestro_project,PP-SRV-LGC-SERVICIOS,omitido_por_slots,NO,,omitido_por_slots
PP-SRV-VLV-PCV-052,VALVULA DE CONTROL DE PRESION ENTRADA FUEL OIL A CALDERA | Grupo: PP-VLV CONTROL CALDERA,284763,121e7c49-6f80-4698-91bd-c7c5a38e25dd-0004585b,PP > PP-SRV-LGC-SERVICIOS,contenedor_por_ancestro_project,PP-SRV-LGC-SERVICIOS,omitido_por_slots,NO,,omitido_por_slots
PP-SRV-VLV-SOV-021,VALVULA ON-OFF RECIRCULACION AGUA A DOMO | Grupo: PP-VLV CONTROL CALDERA,284763,121e7c49-6f80-4698-91bd-c7c5a38e25dd-0004585b,PP > PP-SRV-LGC-SERVICIOS,contenedor_por_ancestro_project,PP-SRV-LGC-SERVICIOS,omitido_por_slots,NO,,omitido_por_slots
PP-SRV-VLV-SOV-040A,VALVULA ON-OFF BLOQUEO GAS <NORTE > | Grupo: PP-VLV CONTROL CALDERA,284763,121e7c49-6f80-4698-91bd-c7c5a38e25dd-0004585b,PP > PP-SRV-LGC-SERVICIOS,contenedor_por_ancestro_project,PP-SRV-LGC-SERVICIOS,omitido_por_slots,NO,,omitido_por_slots
PP-SRV-VLV-SOV-040B,VALVULA ON-OFF BLOQUEO GAS <SUR> | Grupo: PP-VLV CONTROL CALDERA,284763,121e7c49-6f80-4698-91bd-c7c5a38e25dd-0004585b,PP > PP-SRV-LGC-SERVICIOS,contenedor_por_ancestro_project,PP-SRV-LGC-SERVICIOS,omitido_por_slots,NO,,omitido_por_slots
PP-SRV-VLV-SOV-044,VALVULA ON-OFF VENTEO DE GAS | Grupo: PP-VLV CONTROL CALDERA,284763,121e7c49-6f80-4698-91bd-c7c5a38e25dd-0004585b,PP > PP-SRV-LGC-SERVICIOS,contenedor_por_ancestro_project,PP-SRV-LGC-SERVICIOS,omitido_por_slots,NO,,omitido_por_slots
PP-SRV-VLV-SOV-050,VALVULA ON-OFF ENTRADA FUEL OIL A CALDERA | Grupo: PP-VLV CONTROL CALDERA,284763,121e7c49-6f80-4698-91bd-c7c5a38e25dd-0004585b,PP > PP-SRV-LGC-SERVICIOS,contenedor_por_ancestro_project,PP-SRV-LGC-SERVICIOS,omitido_por_slots,NO,,omitido_por_slots
PP-SRV-VLV-VSE,VALVULA SEGURIDAD CALDERA 6000 LADO ESTE | Grupo: PP-VLV SEGUR CALDERA,284763,121e7c49-6f80-4698-91bd-c7c5a38e25dd-0004585b,PP > PP-SRV-LGC-SERVICIOS,contenedor_por_ancestro_project,PP-SRV-LGC-SERVICIOS,omitido_por_slots,NO,,omitido_por_slots
PP-SRV-VLV-VSO,VALVULA SEGURIDAD CALDERA 6000 LADO OESTE | Grupo: PP-VLV SEGUR CALDERA,284763,121e7c49-6f80-4698-91bd-c7c5a38e25dd-0004585b,PP > PP-SRV-LGC-SERVICIOS,contenedor_por_ancestro_project,PP-SRV-LGC-SERVICIOS,omitido_por_slots,NO,,omitido_por_slots
PP-SRV-DSR-DESAIREADOR,DESAIREADOR PTA PTO | Grupo: PP-DSR DESAIREADOR,284763,121e7c49-6f80-4698-91bd-c7c5a38e25dd-0004585b,PP > PP-SRV-LGC-SERVICIOS,contenedor_por_ancestro_project,PP-SRV-LGC-SERVICIOS,omitido_por_slots,NO,,omitido_por_slots
PP-SRV-BMB-BO47C,BOMBA BO47 C LADO SUR (ACTUAL Meganorm 100-065-200 G) | Grupo: PP-BMB CENTRIF BO47C,284763,121e7c49-6f80-4698-91bd-c7c5a38e25dd-0004585b,PP > PP-SRV-LGC-SERVICIOS,contenedor_por_ancestro_project,PP-SRV-LGC-SERVICIOS,omitido_por_slots,NO,,omitido_por_slots
PP-SRV-BMB-BO48C,BOMBA BO48 C LADO NORTE | Grupo: PP-BMB CENTRIF BO48C,284763,121e7c49-6f80-4698-91bd-c7c5a38e25dd-0004585b,PP > PP-SRV-LGC-SERVICIOS,contenedor_por_ancestro_project,PP-SRV-LGC-SERVICIOS,omitido_por_slots,NO,,omitido_por_slots
PP-SRV-TNQ-TKRESERV,TK DE RESERVA DE AGUA BLANDA | Grupo: PP-TANQUE RESERVA,284763,121e7c49-6f80-4698-91bd-c7c5a38e25dd-0004585b,PP > PP-SRV-LGC-SERVICIOS,contenedor_por_ancestro_project,PP-SRV-LGC-SERVICIOS,omitido_por_slots,NO,,omitido_por_slots
PP-SRV-VLV-LCV020,VALVULA DE CONTROL DE NIVEL AGUA DESAIREADOR | Grupo: PP-VLV CONTROL DESAIREADOR,284763,121e7c49-6f80-4698-91bd-c7c5a38e25dd-0004585b,PP > PP-SRV-LGC-SERVICIOS,contenedor_por_ancestro_project,PP-SRV-LGC-SERVICIOS,omitido_por_slots,NO,,omitido_por_slots
PP-SRV-VLV-VSDS,VALVULA DE SEGURIDAD DE DESAIREADOR | Grupo: PP-VLV SEGUR DESAIREADOR,284763,121e7c49-6f80-4698-91bd-c7c5a38e25dd-0004585b,PP > PP-SRV-LGC-SERVICIOS,contenedor_por_ancestro_project,PP-SRV-LGC-SERVICIOS,omitido_por_slots,NO,,omitido_por_slots
PP-SRV-ECN-ECONO,ECONOMIZADOR CADLERA | Grupo: PP-ECN ECONOMIZADOR CLD,284763,121e7c49-6f80-4698-91bd-c7c5a38e25dd-0004585b,PP > PP-SRV-LGC-SERVICIOS,contenedor_por_ancestro_project,PP-SRV-LGC-SERVICIOS,omitido_por_slots,NO,,omitido_por_slots
PP-SRV-VLV-VSEC,VALVULA DE SEGURIDAD ENTRADA ECONOMIZADOR | Grupo: PP-VLV SEGUR ECOMOMI,284763,121e7c49-6f80-4698-91bd-c7c5a38e25dd-0004585b,PP > PP-SRV-LGC-SERVICIOS,contenedor_por_ancestro_project,PP-SRV-LGC-SERVICIOS,omitido_por_slots,NO,,omitido_por_slots
PP-SRV-TNQ-TKFLASH,TANQUE SE FLASH CALDERA SERVICIOS | Grupo: PP-TNQ TKFLASH,284763,121e7c49-6f80-4698-91bd-c7c5a38e25dd-0004585b,PP > PP-SRV-LGC-SERVICIOS,contenedor_por_ancestro_project,PP-SRV-LGC-SERVICIOS,omitido_por_slots,NO,,omitido_por_slots
PP-SRV-VLV-VSTK,VALVULA DE SEGURIDAD TK FLASH | Grupo: PP-VLV SEG TK FLASH,284763,121e7c49-6f80-4698-91bd-c7c5a38e25dd-0004585b,PP > PP-SRV-LGC-SERVICIOS,contenedor_por_ancestro_project,PP-SRV-LGC-SERVICIOS,omitido_por_slots,NO,,omitido_por_slots
PP-SRV-VNT-VE25,VENTILADOR VE25  (VTF) | Grupo: PP-VNT VTF VE25,284763,121e7c49-6f80-4698-91bd-c7c5a38e25dd-0004585b,PP > PP-SRV-LGC-SERVICIOS,contenedor_por_ancestro_project,PP-SRV-LGC-SERVICIOS,omitido_por_slots,NO,,omitido_por_slots
PP-SRV-CIL-060,CILINDRO NEUMATICO DUMPER VTF | Grupo: PP-CIL CILINDRO VTF,284763,121e7c49-6f80-4698-91bd-c7c5a38e25dd-0004585b,PP > PP-SRV-LGC-SERVICIOS,contenedor_por_ancestro_project,PP-SRV-LGC-SERVICIOS,omitido_por_slots,NO,,omitido_por_slots
PP-SRV-TRF-TRA6,TRANSFORMADOR 6  RIO | Grupo: PP-TRF TRAFO RIO,284763,121e7c49-6f80-4698-91bd-c7c5a38e25dd-0004585b,PP > PP-SRV-LGC-SERVICIOS,contenedor_por_ancestro_project,PP-SRV-LGC-SERVICIOS,omitido_por_slots,NO,,omitido_por_slots
