estado_match,tipo_asociacion,codigo_project,descripcion_project,project_id,outline_level,outline_number,parent_task_name,parent_codigo_project,ancestor_codes_project,ancestor_names_project,project_path,element_id_revit,unique_id_revit,category,family,type,name,btz_numero_activo,btz_path_actual,parametro_match,contenedor_sugerido_element_id,contenedor_sugerido_unique_id,contenedor_sugerido_path,contenedor_sugerido_nivel,slots_libres_contenedor,requiere_split_por_slots,puntaje_contenedor,segundo_puntaje_contenedor,diferencia_puntaje,criterio_contenedor,candidatos_contenedor,ancestro_project_usado,observacion,tipo_resolucion,ancestro_usado,cluster_element_ids,element_id_destino,btz_slot_sugerido,cluster_mode,motivo,btz_description_01,btz_description_02,btz_description_03,btz_description_04,btz_description_05,btz_description_06,btz_description_07,btz_description_08,btz_description_09,btz_description_10,btz_description_11,btz_description_12,btz_description_13,btz_description_14,btz_description_15,btz_description_16,btz_description_17,btz_description_18,btz_description_19,btz_description_20,btz_description_21,btz_description_22,btz_description_23,btz_description_24,btz_description_25,btz_description_26,btz_description_27,btz_description_28,btz_description_29,btz_description_30,btz_description_31,btz_description_32,btz_description_33,btz_description_34,btz_description_35,btz_description_36,btz_description_37,btz_description_38,btz_description_39,btz_description_40,btz_description_41,btz_description_42,btz_description_43,btz_description_44,btz_description_45,btz_description_46,btz_description_47,btz_description_48,btz_description_49,btz_description_50,btz_description_51,btz_description_52,btz_description_53,btz_description_54,btz_description_55,btz_description_56,btz_description_57,btz_description_58,btz_description_59,btz_description_60,btz_description_61,btz_description_62,btz_description_63,btz_description_64,btz_description_65,btz_description_66,btz_description_67,btz_description_68,btz_description_69,btz_description_70,btz_description_71,btz_description_72,btz_description_73,btz_description_74,btz_description_75,btz_description_76,btz_description_77,btz_description_78,btz_description_79,btz_description_80
sin_contenedor,sin_asociacion,PP-ADM-CMN-THS,CAMIONETA TOYOTA HILUX C/SIMPLE PATENTE NAH953 | Grupo: PP-CAMIONETA NAH953,2,2,2,PP,,,PP,PP > PP-ADM-CMN-THS,,,,,,,,,,,,,,,,,,,,,,Ningún contenedor supera puntaje mínimo 40.,,,,,,,,,,,,,,,,,,,,,,,,,,,,,,,,,,,,,,,,,,,,,,,,,,,,,,,,,,,,,,,,,,,,,,,,,,,,,,,,,,,,,,,
sin_contenedor,sin_asociacion,PP-AGR-LGC-AGREGADO,SECTOR AGREGADO PTA PTO | Grupo: PP-SECTOR,3,2,3,PP,,,PP,PP > PP-AGR-LGC-AGREGADO,,,,,,,,,,,,,,,,,,,,,,force_ancestor_container: ningún ancestro de Project coincide con el export Revit (campos BTZ/Mark/Comments/path).,force_ancestor_sin_contenedor,,,,,,force_ancestor_container: sin_ancestro_en_modelo,,,,,,,,,,,,,,,,,,,,,,,,,,,,,,,,,,,,,,,,,,,,,,,,,,,,,,,,,,,,,,,,,,,,,,,,,,,,,,,,
sin_contenedor,sin_asociacion,PP-AGR-NOR-N05,NORIA N05 | Grupo: PP-NOR N05,4,3,4,PP-AGR-LGC-AGREGADO,PP-AGR-LGC-AGREGADO,PP-AGR-LGC-AGREGADO,PP > PP-AGR-LGC-AGREGADO,PP > PP-AGR-LGC-AGREGADO > PP-AGR-NOR-N05,,,,,,,,,,,,,,,,,,,,,,Ningún contenedor supera puntaje mínimo 40.,,,,,,,,,,,,,,,,,,,,,,,,,,,,,,,,,,,,,,,,,,,,,,,,,,,,,,,,,,,,,,,,,,,,,,,,,,,,,,,,,,,,,,,
sin_contenedor,sin_asociacion,PP-AGR-PTV-PVA,PLATAFORMA VOLCABLE AGREGADO | Grupo: PP-PTV AGREGADO,5,3,5,PP-AGR-LGC-AGREGADO,PP-AGR-LGC-AGREGADO,PP-AGR-LGC-AGREGADO,PP > PP-AGR-LGC-AGREGADO,PP > PP-AGR-LGC-AGREGADO > PP-AGR-PTV-PVA,,,,,,,,,,,,,,,,,,,,,,Ningún contenedor supera puntaje mínimo 40.,,,,,,,,,,,,,,,,,,,,,,,,,,,,,,,,,,,,,,,,,,,,,,,,,,,,,,,,,,,,,,,,,,,,,,,,,,,,,,,,,,,,,,,
sin_contenedor,sin_asociacion,PP-AGR-CHD-PVCH,CENTRAL HIDRAULICA PLAT. VOLC. | Grupo: PP-CHD CTRAL HID PVA,6,4,6,PP-AGR-PTV-PVA,PP-AGR-PTV-PVA,PP-AGR-LGC-AGREGADO > PP-AGR-PTV-PVA,PP > PP-AGR-LGC-AGREGADO > PP-AGR-PTV-PVA,PP > PP-AGR-LGC-AGREGADO > PP-AGR-PTV-PVA > PP-AGR-CHD-PVCH,,,,,,,,,,,,,,,,,,,,,,Ningún contenedor supera puntaje mínimo 40.,,,,,,,,,,,,,,,,,,,,,,,,,,,,,,,,,,,,,,,,,,,,,,,,,,,,,,,,,,,,,,,,,,,,,,,,,,,,,,,,,,,,,,,
sin_contenedor,sin_asociacion,PP-AGR-RSC-S12,ROSCA S12   A N05 | Grupo: PP-RSC S12,7,4,7,PP-AGR-PTV-PVA,PP-AGR-PTV-PVA,PP-AGR-LGC-AGREGADO > PP-AGR-PTV-PVA,PP > PP-AGR-LGC-AGREGADO > PP-AGR-PTV-PVA,PP > PP-AGR-LGC-AGREGADO > PP-AGR-PTV-PVA > PP-AGR-RSC-S12,,,,,,,,,,,,,,,,,,,,,,Ningún contenedor supera puntaje mínimo 40.,,,,,,,,,,,,,,,,,,,,,,,,,,,,,,,,,,,,,,,,,,,,,,,,,,,,,,,,,,,,,,,,,,,,,,,,,,,,,,,,,,,,,,,
contenedor_logico_duplicado_distributed,contenedor_por_registry_capacidad,PP-AGR-RDL-R28,REDLER R-28 | Grupo: PP-REDLER R28,8,3,8,PP-AGR-LGC-AGREGADO,PP-AGR-LGC-AGREGADO,PP-AGR-LGC-AGREGADO,PP > PP-AGR-LGC-AGREGADO,PP > PP-AGR-LGC-AGREGADO > PP-AGR-RDL-R28,366280,112ed255-2c3e-4575-ba44-903fa5f3f8e7-000596c8,Roofs,,Genérico - 400 mm,Genérico - 400 mm,,PP > PP-HRN-LGC-HARINA > PP-HRN-LGC-VALVULAS A PUERTO,contenedor_scoring,366280,112ed255-2c3e-4575-ba44-903fa5f3f8e7-000596c8,PP > PP-HRN-LGC-HARINA > PP-HRN-LGC-VALVULAS A PUERTO,3,77,NO,190,0,190,post_ambiguo_registry_ancestro_capacidad,366280:190:PP > PP-HRN-LGC-HARINA > PP-HRN-LGC-VALVULAS A PUERTO,PP-AGR-LGC-AGREGADO,Reclasificado desde ambiguo_real: ancestro Project PP-AGR-LGC-AGREGADO mapea a un único cluster Revit con capacidad BTZ_05-80 (sin competencia de otro ancestro).,ambiguo_absorbido_cluster_capacidad,PP-AGR-LGC-AGREGADO,366280,,,distributed,unico_ancestro_mapea_cluster_sin_competencia,PP,PP-HRN-LGC-HARINA,PP-HRN-LGC-VALVULAS A PUERTO,,,,,,,,,,,,,,,,,,,,,,,,,,,,,,,,,,,,,,,,,,,,,,,,,,,,,,,,,,,,,,,,,,,,,,,,,,,,,
contenedor_logico_duplicado_distributed,contenedor_por_registry_capacidad,PP-AGR-RDL-R29,REDLER R- 29   <A REDLER R-30> | Grupo: PP-REDLER R29,9,3,9,PP-AGR-LGC-AGREGADO,PP-AGR-LGC-AGREGADO,PP-AGR-LGC-AGREGADO,PP > PP-AGR-LGC-AGREGADO,PP > PP-AGR-LGC-AGREGADO > PP-AGR-RDL-R29,366280,112ed255-2c3e-4575-ba44-903fa5f3f8e7-000596c8,Roofs,,Genérico - 400 mm,Genérico - 400 mm,,PP > PP-HRN-LGC-HARINA > PP-HRN-LGC-VALVULAS A PUERTO,contenedor_scoring,366280,112ed255-2c3e-4575-ba44-903fa5f3f8e7-000596c8,PP > PP-HRN-LGC-HARINA > PP-HRN-LGC-VALVULAS A PUERTO,3,77,NO,190,0,190,post_ambiguo_registry_ancestro_capacidad,366280:190:PP > PP-HRN-LGC-HARINA > PP-HRN-LGC-VALVULAS A PUERTO,PP-AGR-LGC-AGREGADO,Reclasificado desde ambiguo_real: ancestro Project PP-AGR-LGC-AGREGADO mapea a un único cluster Revit con capacidad BTZ_05-80 (sin competencia de otro ancestro).,ambiguo_absorbido_cluster_capacidad,PP-AGR-LGC-AGREGADO,366280,,,distributed,unico_ancestro_mapea_cluster_sin_competencia,PP,PP-HRN-LGC-HARINA,PP-HRN-LGC-VALVULAS A PUERTO,,,,,,,,,,,,,,,,,,,,,,,,,,,,,,,,,,,,,,,,,,,,,,,,,,,,,,,,,,,,,,,,,,,,,,,,,,,,,
contenedor_logico_duplicado_distributed,contenedor_por_registry_capacidad,PP-AGR-RDL-R30,REDLER R-30     <A REDLER R-19> | Grupo: PP-REDLER R30,10,3,10,PP-AGR-LGC-AGREGADO,PP-AGR-LGC-AGREGADO,PP-AGR-LGC-AGREGADO,PP > PP-AGR-LGC-AGREGADO,PP > PP-AGR-LGC-AGREGADO > PP-AGR-RDL-R30,366280,112ed255-2c3e-4575-ba44-903fa5f3f8e7-000596c8,Roofs,,Genérico - 400 mm,Genérico - 400 mm,,PP > PP-HRN-LGC-HARINA > PP-HRN-LGC-VALVULAS A PUERTO,contenedor_scoring,366280,112ed255-2c3e-4575-ba44-903fa5f3f8e7-000596c8,PP > PP-HRN-LGC-HARINA > PP-HRN-LGC-VALVULAS A PUERTO,3,77,NO,190,0,190,post_ambiguo_registry_ancestro_capacidad,366280:190:PP > PP-HRN-LGC-HARINA > PP-HRN-LGC-VALVULAS A PUERTO,PP-AGR-LGC-AGREGADO,Reclasificado desde ambiguo_real: ancestro Project PP-AGR-LGC-AGREGADO mapea a un único cluster Revit con capacidad BTZ_05-80 (sin competencia de otro ancestro).,ambiguo_absorbido_cluster_capacidad,PP-AGR-LGC-AGREGADO,366280,,,distributed,unico_ancestro_mapea_cluster_sin_competencia,PP,PP-HRN-LGC-HARINA,PP-HRN-LGC-VALVULAS A PUERTO,,,,,,,,,,,,,,,,,,,,,,,,,,,,,,,,,,,,,,,,,,,,,,,,,,,,,,,,,,,,,,,,,,,,,,,,,,,,,
contenedor_logico_duplicado_distributed,contenedor_por_registry_capacidad,PP-AGR-RDL-R30A,REDLER R30A DE AGREGADO | Grupo: PP-REDLER R30 A,11,3,11,PP-AGR-LGC-AGREGADO,PP-AGR-LGC-AGREGADO,PP-AGR-LGC-AGREGADO,PP > PP-AGR-LGC-AGREGADO,PP > PP-AGR-LGC-AGREGADO > PP-AGR-RDL-R30A,366280,112ed255-2c3e-4575-ba44-903fa5f3f8e7-000596c8,Roofs,,Genérico - 400 mm,Genérico - 400 mm,,PP > PP-HRN-LGC-HARINA > PP-HRN-LGC-VALVULAS A PUERTO,contenedor_scoring,366280,112ed255-2c3e-4575-ba44-903fa5f3f8e7-000596c8,PP > PP-HRN-LGC-HARINA > PP-HRN-LGC-VALVULAS A PUERTO,3,77,NO,190,0,190,post_ambiguo_registry_ancestro_capacidad,366280:190:PP > PP-HRN-LGC-HARINA > PP-HRN-LGC-VALVULAS A PUERTO,PP-AGR-LGC-AGREGADO,Reclasificado desde ambiguo_real: ancestro Project PP-AGR-LGC-AGREGADO mapea a un único cluster Revit con capacidad BTZ_05-80 (sin competencia de otro ancestro).,ambiguo_absorbido_cluster_capacidad,PP-AGR-LGC-AGREGADO,366280,,,distributed,unico_ancestro_mapea_cluster_sin_competencia,PP,PP-HRN-LGC-HARINA,PP-HRN-LGC-VALVULAS A PUERTO,,,,,,,,,,,,,,,,,,,,,,,,,,,,,,,,,,,,,,,,,,,,,,,,,,,,,,,,,,,,,,,,,,,,,,,,,,,,,
contenedor_logico_duplicado_distributed,contenedor_por_registry_capacidad,PP-AGR-SLO-SA1,SILO  SA1 ACOPIO 1 | Grupo: PP-RSC SA1,12,3,12,PP-AGR-LGC-AGREGADO,PP-AGR-LGC-AGREGADO,PP-AGR-LGC-AGREGADO,PP > PP-AGR-LGC-AGREGADO,PP > PP-AGR-LGC-AGREGADO > PP-AGR-SLO-SA1,366280,112ed255-2c3e-4575-ba44-903fa5f3f8e7-000596c8,Roofs,,Genérico - 400 mm,Genérico - 400 mm,,PP > PP-HRN-LGC-HARINA > PP-HRN-LGC-VALVULAS A PUERTO,contenedor_scoring,366280,112ed255-2c3e-4575-ba44-903fa5f3f8e7-000596c8,PP > PP-HRN-LGC-HARINA > PP-HRN-LGC-VALVULAS A PUERTO,3,77,NO,190,0,190,post_ambiguo_registry_ancestro_capacidad,366280:190:PP > PP-HRN-LGC-HARINA > PP-HRN-LGC-VALVULAS A PUERTO,PP-AGR-LGC-AGREGADO,Reclasificado desde ambiguo_real: ancestro Project PP-AGR-LGC-AGREGADO mapea a un único cluster Revit con capacidad BTZ_05-80 (sin competencia de otro ancestro).,ambiguo_absorbido_cluster_capacidad,PP-AGR-LGC-AGREGADO,366280,,,distributed,unico_ancestro_mapea_cluster_sin_competencia,PP,PP-HRN-LGC-HARINA,PP-HRN-LGC-VALVULAS A PUERTO,,,,,,,,,,,,,,,,,,,,,,,,,,,,,,,,,,,,,,,,,,,,,,,,,,,,,,,,,,,,,,,,,,,,,,,,,,,,,
sin_contenedor,sin_asociacion,PP-AGR-RSC-S13,ROSCA S13   A R29 | Grupo: PP-RSC S13,13,4,13,PP-AGR-SLO-SA1,PP-AGR-SLO-SA1,PP-AGR-LGC-AGREGADO > PP-AGR-SLO-SA1,PP > PP-AGR-LGC-AGREGADO > PP-AGR-SLO-SA1,PP > PP-AGR-LGC-AGREGADO > PP-AGR-SLO-SA1 > PP-AGR-RSC-S13,,,,,,,,,,,,,,,,,,,,,,Ningún contenedor supera puntaje mínimo 40.,,,,,,,,,,,,,,,,,,,,,,,,,,,,,,,,,,,,,,,,,,,,,,,,,,,,,,,,,,,,,,,,,,,,,,,,,,,,,,,,,,,,,,,
contenedor_logico_duplicado_distributed,contenedor_por_registry_capacidad,PP-AGR-SLO-SA2,SILO  SA2 ACOPIO 2 | Grupo: PP-RSC SA2,14,3,14,PP-AGR-LGC-AGREGADO,PP-AGR-LGC-AGREGADO,PP-AGR-LGC-AGREGADO,PP > PP-AGR-LGC-AGREGADO,PP > PP-AGR-LGC-AGREGADO > PP-AGR-SLO-SA2,366280,112ed255-2c3e-4575-ba44-903fa5f3f8e7-000596c8,Roofs,,Genérico - 400 mm,Genérico - 400 mm,,PP > PP-HRN-LGC-HARINA > PP-HRN-LGC-VALVULAS A PUERTO,contenedor_scoring,366280,112ed255-2c3e-4575-ba44-903fa5f3f8e7-000596c8,PP > PP-HRN-LGC-HARINA > PP-HRN-LGC-VALVULAS A PUERTO,3,77,NO,190,0,190,post_ambiguo_registry_ancestro_capacidad,366280:190:PP > PP-HRN-LGC-HARINA > PP-HRN-LGC-VALVULAS A PUERTO,PP-AGR-LGC-AGREGADO,Reclasificado desde ambiguo_real: ancestro Project PP-AGR-LGC-AGREGADO mapea a un único cluster Revit con capacidad BTZ_05-80 (sin competencia de otro ancestro).,ambiguo_absorbido_cluster_capacidad,PP-AGR-LGC-AGREGADO,366280,,,distributed,unico_ancestro_mapea_cluster_sin_competencia,PP,PP-HRN-LGC-HARINA,PP-HRN-LGC-VALVULAS A PUERTO,,,,,,,,,,,,,,,,,,,,,,,,,,,,,,,,,,,,,,,,,,,,,,,,,,,,,,,,,,,,,,,,,,,,,,,,,,,,,
sin_contenedor,sin_asociacion,PP-AGR-RSC-S14,ROSCA S14   A R29 | Grupo: PP-RSC S14,15,4,15,PP-AGR-SLO-SA2,PP-AGR-SLO-SA2,PP-AGR-LGC-AGREGADO > PP-AGR-SLO-SA2,PP > PP-AGR-LGC-AGREGADO > PP-AGR-SLO-SA2,PP > PP-AGR-LGC-AGREGADO > PP-AGR-SLO-SA2 > PP-AGR-RSC-S14,,,,,,,,,,,,,,,,,,,,,,Ningún contenedor supera puntaje mínimo 40.,,,,,,,,,,,,,,,,,,,,,,,,,,,,,,,,,,,,,,,,,,,,,,,,,,,,,,,,,,,,,,,,,,,,,,,,,,,,,,,,,,,,,,,
contenedor_logico_duplicado_distributed,contenedor_por_registry_capacidad,PP-AGR-SLO-SA3,SILO  SA3  ACOPIO 3 | Grupo: PP-RSC SA3,16,3,16,PP-AGR-LGC-AGREGADO,PP-AGR-LGC-AGREGADO,PP-AGR-LGC-AGREGADO,PP > PP-AGR-LGC-AGREGADO,PP > PP-AGR-LGC-AGREGADO > PP-AGR-SLO-SA3,366280,112ed255-2c3e-4575-ba44-903fa5f3f8e7-000596c8,Roofs,,Genérico - 400 mm,Genérico - 400 mm,,PP > PP-HRN-LGC-HARINA > PP-HRN-LGC-VALVULAS A PUERTO,contenedor_scoring,366280,112ed255-2c3e-4575-ba44-903fa5f3f8e7-000596c8,PP > PP-HRN-LGC-HARINA > PP-HRN-LGC-VALVULAS A PUERTO,3,77,NO,190,0,190,post_ambiguo_registry_ancestro_capacidad,366280:190:PP > PP-HRN-LGC-HARINA > PP-HRN-LGC-VALVULAS A PUERTO,PP-AGR-LGC-AGREGADO,Reclasificado desde ambiguo_real: ancestro Project PP-AGR-LGC-AGREGADO mapea a un único cluster Revit con capacidad BTZ_05-80 (sin competencia de otro ancestro).,ambiguo_absorbido_cluster_capacidad,PP-AGR-LGC-AGREGADO,366280,,,distributed,unico_ancestro_mapea_cluster_sin_competencia,PP,PP-HRN-LGC-HARINA,PP-HRN-LGC-VALVULAS A PUERTO,,,,,,,,,,,,,,,,,,,,,,,,,,,,,,,,,,,,,,,,,,,,,,,,,,,,,,,,,,,,,,,,,,,,,,,,,,,,,
sin_contenedor,sin_asociacion,PP-AGR-RSC-S15,ROSCA S15   A R29 | Grupo: PP-RSC S15,17,4,17,PP-AGR-SLO-SA3,PP-AGR-SLO-SA3,PP-AGR-LGC-AGREGADO > PP-AGR-SLO-SA3,PP > PP-AGR-LGC-AGREGADO > PP-AGR-SLO-SA3,PP > PP-AGR-LGC-AGREGADO > PP-AGR-SLO-SA3 > PP-AGR-RSC-S15,,,,,,,,,,,,,,,,,,,,,,Ningún contenedor supera puntaje mínimo 40.,,,,,,,,,,,,,,,,,,,,,,,,,,,,,,,,,,,,,,,,,,,,,,,,,,,,,,,,,,,,,,,,,,,,,,,,,,,,,,,,,,,,,,,
contenedor_unico,contenedor_por_scoring,PP-AGR-VLV-VR26A,VALVULA ROTATIVA VR26A | Grupo: PP-VLV ROTATIVA VR26A,18,3,18,PP-AGR-LGC-AGREGADO,PP-AGR-LGC-AGREGADO,PP-AGR-LGC-AGREGADO,PP > PP-AGR-LGC-AGREGADO,PP > PP-AGR-LGC-AGREGADO > PP-AGR-VLV-VR26A,366280,112ed255-2c3e-4575-ba44-903fa5f3f8e7-000596c8,Roofs,,Genérico - 400 mm,Genérico - 400 mm,,PP > PP-HRN-LGC-HARINA > PP-HRN-LGC-VALVULAS A PUERTO,contenedor_scoring,366280,112ed255-2c3e-4575-ba44-903fa5f3f8e7-000596c8,PP > PP-HRN-LGC-HARINA > PP-HRN-LGC-VALVULAS A PUERTO,3,77,NO,60,0,60,+60 equivalencia tipo VALVULAS; +20 contiene PP; +10 bloques en path; -30 otro sector (HRN),366280:60:PP > PP-HRN-LGC-HARINA > PP-HRN-LGC-VALVULAS A PUERTO,,Sin match puntual; contenedor único por scoring (diferencia 60).,scoring_claro,,366280,366280,,,diff_scores_mayor_igual_15,PP,PP-HRN-LGC-HARINA,PP-HRN-LGC-VALVULAS A PUERTO,,,,,,,,,,,,,,,,,,,,,,,,,,,,,,,,,,,,,,,,,,,,,,,,,,,,,,,,,,,,,,,,,,,,,,,,,,,,,
sin_contenedor,sin_asociacion,PP-ALM-LGC-ALMACENES,SECTOR ALMACENES | Grupo: PP-SECTOR,19,2,19,PP,,,PP,PP > PP-ALM-LGC-ALMACENES,,,,,,,,,,,,,,,,,,,,,,force_ancestor_container: ningún ancestro de Project coincide con el export Revit (campos BTZ/Mark/Comments/path).,force_ancestor_sin_contenedor,,,,,,force_ancestor_container: sin_ancestro_en_modelo,,,,,,,,,,,,,,,,,,,,,,,,,,,,,,,,,,,,,,,,,,,,,,,,,,,,,,,,,,,,,,,,,,,,,,,,,,,,,,,,
sin_contenedor,sin_asociacion,PP-ALM-AUT-AELV,AUTOELEVADOR TOYOTA MOD: 628FD25 (Nº INT 1361) | Grupo: PP-AUT ALMACENES,20,3,20,PP-ALM-LGC-ALMACENES,PP-ALM-LGC-ALMACENES,PP-ALM-LGC-ALMACENES,PP > PP-ALM-LGC-ALMACENES,PP > PP-ALM-LGC-ALMACENES > PP-ALM-AUT-AELV TOYOTA,,,,,,,,,,,,,,,,,,,,,,Ningún contenedor supera puntaje mínimo 40.,,,,,,,,,,,,,,,,,,,,,,,,,,,,,,,,,,,,,,,,,,,,,,,,,,,,,,,,,,,,,,,,,,,,,,,,,,,,,,,,,,,,,,,
sin_contenedor,sin_asociacion,PP-ALM-BMB-GOIL,BOMBA EXPENDIO GAS-OIL | Grupo: PP-BMB GAS OIL,21,3,21,PP-ALM-LGC-ALMACENES,PP-ALM-LGC-ALMACENES,PP-ALM-LGC-ALMACENES,PP > PP-ALM-LGC-ALMACENES,PP > PP-ALM-LGC-ALMACENES > PP-ALM-BMB-GOIL,,,,,,,,,,,,,,,,,,,,,,Ningún contenedor supera puntaje mínimo 40.,,,,,,,,,,,,,,,,,,,,,,,,,,,,,,,,,,,,,,,,,,,,,,,,,,,,,,,,,,,,,,,,,,,,,,,,,,,,,,,,,,,,,,,
sin_contenedor,sin_asociacion,PP-ALM-EDF-EDIFICIO,EDIFICIO ALMACENES | Grupo: PP-EDIFICIO,22,3,22,PP-ALM-LGC-ALMACENES,PP-ALM-LGC-ALMACENES,PP-ALM-LGC-ALMACENES,PP > PP-ALM-LGC-ALMACENES,PP > PP-ALM-LGC-ALMACENES > PP-ALM-EDF-EDIFICIO ALM,,,,,,,,,,,,,,,,,,,,,,Ningún contenedor supera puntaje mínimo 40.,,,,,,,,,,,,,,,,,,,,,,,,,,,,,,,,,,,,,,,,,,,,,,,,,,,,,,,,,,,,,,,,,,,,,,,,,,,,,,,,,,,,,,,
sin_contenedor,sin_asociacion,PP-ALM-TNQ-TKGASOIL,TANQUE GAS OIL PLANTA PUERTO | Grupo: PP-TNQ TKGASOIL,23,3,23,PP-ALM-LGC-ALMACENES,PP-ALM-LGC-ALMACENES,PP-ALM-LGC-ALMACENES,PP > PP-ALM-LGC-ALMACENES,PP > PP-ALM-LGC-ALMACENES > PP-ALM-TNQ-TKGASOIL,,,,,,,,,,,,,,,,,,,,,,Ningún contenedor supera puntaje mínimo 40.,,,,,,,,,,,,,,,,,,,,,,,,,,,,,,,,,,,,,,,,,,,,,,,,,,,,,,,,,,,,,,,,,,,,,,,,,,,,,,,,,,,,,,,
sin_contenedor,sin_asociacion,PP-APR-APA06,APAREJO ELECTRICO ZARANDAS BHULER | Grupo: P10-APAREJO APA06,24,2,24,PP,,,PP,PP > PP-APR-APA06 ZAR BHU,,,,,,,,,,,,,,,,,,,,,,Ningún contenedor supera puntaje mínimo 40.,,,,,,,,,,,,,,,,,,,,,,,,,,,,,,,,,,,,,,,,,,,,,,,,,,,,,,,,,,,,,,,,,,,,,,,,,,,,,,,,,,,,,,,
sin_contenedor,sin_asociacion,PP-CCM-LGC-SECTOR,SECTOR DE CCM | Grupo: PP-SECTOR,25,2,25,PP,,,PP,PP > PP-CCM-LGC-SECTOR CCM,,,,,,,,,,,,,,,,,,,,,,force_ancestor_container: ningún ancestro de Project coincide con el export Revit (campos BTZ/Mark/Comments/path).,force_ancestor_sin_contenedor,,,,,,force_ancestor_container: sin_ancestro_en_modelo,,,,,,,,,,,,,,,,,,,,,,,,,,,,,,,,,,,,,,,,,,,,,,,,,,,,,,,,,,,,,,,,,,,,,,,,,,,,,,,,
sin_contenedor,sin_asociacion,PP-CCM-CCMEXT,CCM EXTRACCION | Grupo: PP-CCM EXT,26,3,26,PP-CCM-LGC-SECTOR CCM,PP-CCM-LGC-SECTOR,PP-CCM-LGC-SECTOR,PP > PP-CCM-LGC-SECTOR CCM,PP > PP-CCM-LGC-SECTOR CCM > PP-CCM-CCMEXT,,,,,,,,,,,,,,,,,,,,,,Ningún contenedor supera puntaje mínimo 40.,,,,,,,,,,,,,,,,,,,,,,,,,,,,,,,,,,,,,,,,,,,,,,,,,,,,,,,,,,,,,,,,,,,,,,,,,,,,,,,,,,,,,,,
sin_contenedor,sin_asociacion,PP-CCM-AIR-AIREXT,AIRE ACONDICIONADO CCM EXTRACCION PTA PTO FLEXCOLD 6 TR | Grupo: PP-AIRE ACOND PTA PTO,27,4,27,PP-CCM-CCMEXT,PP-CCM-CCMEXT,PP-CCM-LGC-SECTOR > PP-CCM-CCMEXT,PP > PP-CCM-LGC-SECTOR CCM > PP-CCM-CCMEXT,PP > PP-CCM-LGC-SECTOR CCM > PP-CCM-CCMEXT > PP-CCM-AIR-AIREXT 1,,,,,,,,,,,,,,,,,,,,,,Código repetido en Project 2 veces. Ningún contenedor supera puntaje mínimo 40.,,,,,,,,,,,,,,,,,,,,,,,,,,,,,,,,,,,,,,,,,,,,,,,,,,,,,,,,,,,,,,,,,,,,,,,,,,,,,,,,,,,,,,,
sin_contenedor,sin_asociacion,PP-CCM-CMP-AC,COMPRESOR DE AIRE ACONDICIONADO 6-1 CCM EXTRACCION | Grupo: PP-COMPRESOR 6 TR,28,5,28,PP-CCM-AIR-AIREXT 1,PP-CCM-AIR-AIREXT,PP-CCM-LGC-SECTOR > PP-CCM-CCMEXT > PP-CCM-AIR-AIREXT,PP > PP-CCM-LGC-SECTOR CCM > PP-CCM-CCMEXT > PP-CCM-AIR-AIREXT 1,PP > PP-CCM-LGC-SECTOR CCM > PP-CCM-CCMEXT > PP-CCM-AIR-AIREXT 1 > PP-CCM-CMP-AC EXT-6-1,,,,,,,,,,,,,,,,,,,,,,Código repetido en Project 8 veces. Ningún contenedor supera puntaje mínimo 40.,,,,,,,,,,,,,,,,,,,,,,,,,,,,,,,,,,,,,,,,,,,,,,,,,,,,,,,,,,,,,,,,,,,,,,,,,,,,,,,,,,,,,,,
sin_contenedor,sin_asociacion,PP-CCM-CCMHRN,CCM HARINA | Grupo: PP-CCM HRN,31,3,31,PP-CCM-LGC-SECTOR CCM,PP-CCM-LGC-SECTOR,PP-CCM-LGC-SECTOR,PP > PP-CCM-LGC-SECTOR CCM,PP > PP-CCM-LGC-SECTOR CCM > PP-CCM-CCMHRN,,,,,,,,,,,,,,,,,,,,,,Ningún contenedor supera puntaje mínimo 40.,,,,,,,,,,,,,,,,,,,,,,,,,,,,,,,,,,,,,,,,,,,,,,,,,,,,,,,,,,,,,,,,,,,,,,,,,,,,,,,,,,,,,,,
sin_contenedor,sin_asociacion,PP-CCM-AIR-AIRHRN,AIRE ACONDICIONADO CCM HARINA PTA PTO SURREY 5 TR | Grupo: PP-AIRE ACOND PTA PTO,32,4,32,PP-CCM-CCMHRN,PP-CCM-CCMHRN,PP-CCM-LGC-SECTOR > PP-CCM-CCMHRN,PP > PP-CCM-LGC-SECTOR CCM > PP-CCM-CCMHRN,PP > PP-CCM-LGC-SECTOR CCM > PP-CCM-CCMHRN > PP-CCM-AIR-AIRHRN,,,,,,,,,,,,,,,,,,,,,,Ningún contenedor supera puntaje mínimo 40.,,,,,,,,,,,,,,,,,,,,,,,,,,,,,,,,,,,,,,,,,,,,,,,,,,,,,,,,,,,,,,,,,,,,,,,,,,,,,,,,,,,,,,,
sin_contenedor,sin_asociacion,PP-CCM-CCMPRP,CCM PREPARACION | Grupo: PP-CCM PRP,34,3,34,PP-CCM-LGC-SECTOR CCM,PP-CCM-LGC-SECTOR,PP-CCM-LGC-SECTOR,PP > PP-CCM-LGC-SECTOR CCM,PP > PP-CCM-LGC-SECTOR CCM > PP-CCM-CCMPRP,,,,,,,,,,,,,,,,,,,,,,Ningún contenedor supera puntaje mínimo 40.,,,,,,,,,,,,,,,,,,,,,,,,,,,,,,,,,,,,,,,,,,,,,,,,,,,,,,,,,,,,,,,,,,,,,,,,,,,,,,,,,,,,,,,
sin_contenedor,sin_asociacion,PP-CCM-AIR-AIRPRP,AIRE ACONDICIONADO CCM PREPARACION PTA PTO YORK 50 TR | Grupo: PP-AIRE ACOND PTA PTO,35,4,35,PP-CCM-CCMPRP,PP-CCM-CCMPRP,PP-CCM-LGC-SECTOR > PP-CCM-CCMPRP,PP > PP-CCM-LGC-SECTOR CCM > PP-CCM-CCMPRP,PP > PP-CCM-LGC-SECTOR CCM > PP-CCM-CCMPRP > PP-CCM-AIR-AIRPRP 1,,,,,,,,,,,,,,,,,,,,,,Código repetido en Project 3 veces. Ningún contenedor supera puntaje mínimo 40.,,,,,,,,,,,,,,,,,,,,,,,,,,,,,,,,,,,,,,,,,,,,,,,,,,,,,,,,,,,,,,,,,,,,,,,,,,,,,,,,,,,,,,,
sin_contenedor,sin_asociacion,PP-CCM-CCMRIO,CCM RIO | Grupo: PP-CCM RIO,43,3,43,PP-CCM-LGC-SECTOR CCM,PP-CCM-LGC-SECTOR,PP-CCM-LGC-SECTOR,PP > PP-CCM-LGC-SECTOR CCM,PP > PP-CCM-LGC-SECTOR CCM > PP-CCM-CCMRIO,,,,,,,,,,,,,,,,,,,,,,Ningún contenedor supera puntaje mínimo 40.,,,,,,,,,,,,,,,,,,,,,,,,,,,,,,,,,,,,,,,,,,,,,,,,,,,,,,,,,,,,,,,,,,,,,,,,,,,,,,,,,,,,,,,
contenedor_logico_duplicado_distributed,contenedor_por_match_puntual_multi,PP-DSC-LGC-DESCASCARADO,SECTOR DESCASCARADO PTA PTO | Grupo: PP-SECTOR,44,2,44,PP,,,PP,PP > PP-DSC-LGC-DESCASCARADO,183538,e873c32e-5e0c-4f36-b2a7-48d4917bce06-0002ccf2,Roofs,,Genérico - 400 mm,Genérico - 400 mm,,PP > PP-DSC-LGC-DESCASCARADO > Silo de cascara,contenedor_scoring,183538,e873c32e-5e0c-4f36-b2a7-48d4917bce06-0002ccf2,PP > PP-DSC-LGC-DESCASCARADO > Silo de cascara,3,77,NO,200,200,0,match_puntual_multi_id_cluster_logico,183538:200:PP > PP-DSC-LGC-DESCASCARADO > Silo de cascara || 183638:200:PP > PP-DSC-LGC-DESCASCARADO > ASPIRADORES > MOLINO > REDLER > ZAranda || 183810:200:PP > PP-DSC-LGC-DESCASCARADO > DCCC || 184070:200:PP > PP-DSC-LGC-DESCASCARADO > quebradores > dccd,PP-DSC-LGC-DESCASCARADO,Mismo código en 4 elementos Revit; cluster lógico (no ambigüedad real).,ambiguo_falso_por_contenedor_duplicado,PP-DSC-LGC-DESCASCARADO,183538;183638;183810;184070,,,distributed,mismo_codigo_varios_element_ids_cluster_distributed,PP,PP-DSC-LGC-DESCASCARADO,Silo de cascara,,,,,,,,,,,,,,,,,,,,,,,,,,,,,,,,,,,,,,,,,,,,,,,,,,,,,,,,,,,,,,,,,,,,,,,,,,,,,
contenedor_logico_duplicado_distributed,contenedor_por_ancestro_project,PP-DSC-LGC-ASPIRADORES,SECTOR ASPIRADORES DESCASCARADO PTA PTO | Grupo: PP-SECTOR ASP DESC,45,3,45,PP-DSC-LGC-DESCASCARADO,PP-DSC-LGC-DESCASCARADO,PP-DSC-LGC-DESCASCARADO,PP > PP-DSC-LGC-DESCASCARADO,PP > PP-DSC-LGC-DESCASCARADO > PP-DSC-LGC-ASPIRADORES,183538,e873c32e-5e0c-4f36-b2a7-48d4917bce06-0002ccf2,Roofs,,Genérico - 400 mm,Genérico - 400 mm,,PP > PP-DSC-LGC-DESCASCARADO > Silo de cascara,contenedor_scoring,183538,e873c32e-5e0c-4f36-b2a7-48d4917bce06-0002ccf2,PP > PP-DSC-LGC-DESCASCARADO > Silo de cascara,3,77,NO,200,200,0,cluster_logico_mismo_sector,183538:200:PP > PP-DSC-LGC-DESCASCARADO > Silo de cascara || 183638:200:PP > PP-DSC-LGC-DESCASCARADO > ASPIRADORES > MOLINO > REDLER > ZAranda || 183810:200:PP > PP-DSC-LGC-DESCASCARADO > DCCC || 184070:200:PP > PP-DSC-LGC-DESCASCARADO > quebradores > dccd,PP-DSC-LGC-DESCASCARADO,Cluster lógico: ancestro PP-DSC-LGC-DESCASCARADO en 4 elementos Revit equivalentes.,ambiguo_falso_por_contenedor_duplicado,PP-DSC-LGC-DESCASCARADO,183538;183638;183810;184070,,,distributed,distribucion_round_robin_en_preparar_aplicar,PP,PP-DSC-LGC-DESCASCARADO,Silo de cascara,,,,,,,,,,,,,,,,,,,,,,,,,,,,,,,,,,,,,,,,,,,,,,,,,,,,,,,,,,,,,,,,,,,,,,,,,,,,,
contenedor_logico_duplicado_distributed,contenedor_por_ancestro_project,PP-DSC-ASP-DAS01,ASPIRADOR SECUNDARIO DE CASC DAS01 | Grupo: PP-ASP ASPIRADORES,46,4,46,PP-DSC-LGC-ASPIRADORES,PP-DSC-LGC-ASPIRADORES,PP-DSC-LGC-DESCASCARADO > PP-DSC-LGC-ASPIRADORES,PP > PP-DSC-LGC-DESCASCARADO > PP-DSC-LGC-ASPIRADORES,PP > PP-DSC-LGC-DESCASCARADO > PP-DSC-LGC-ASPIRADORES > PP-DSC-ASP-DAS01,183538,e873c32e-5e0c-4f36-b2a7-48d4917bce06-0002ccf2,Roofs,,Genérico - 400 mm,Genérico - 400 mm,,PP > PP-DSC-LGC-DESCASCARADO > Silo de cascara,contenedor_scoring,183538,e873c32e-5e0c-4f36-b2a7-48d4917bce06-0002ccf2,PP > PP-DSC-LGC-DESCASCARADO > Silo de cascara,3,77,NO,200,200,0,cluster_logico_mismo_sector,183538:200:PP > PP-DSC-LGC-DESCASCARADO > Silo de cascara || 183638:200:PP > PP-DSC-LGC-DESCASCARADO > ASPIRADORES > MOLINO > REDLER > ZAranda || 183810:200:PP > PP-DSC-LGC-DESCASCARADO > DCCC || 184070:200:PP > PP-DSC-LGC-DESCASCARADO > quebradores > dccd,PP-DSC-LGC-DESCASCARADO,Cluster lógico: ancestro PP-DSC-LGC-DESCASCARADO en 4 elementos Revit equivalentes.,ambiguo_falso_por_contenedor_duplicado,PP-DSC-LGC-DESCASCARADO,183538;183638;183810;184070,,,distributed,distribucion_round_robin_en_preparar_aplicar,PP,PP-DSC-LGC-DESCASCARADO,Silo de cascara,,,,,,,,,,,,,,,,,,,,,,,,,,,,,,,,,,,,,,,,,,,,,,,,,,,,,,,,,,,,,,,,,,,,,,,,,,,,,
contenedor_logico_duplicado_distributed,contenedor_por_ancestro_project,PP-DSC-ASP-DAS02,ASPIRADOR SECUNDARIO DE CASC DAS02 | Grupo: PP-ASP ASPIRADORES,47,4,47,PP-DSC-LGC-ASPIRADORES,PP-DSC-LGC-ASPIRADORES,PP-DSC-LGC-DESCASCARADO > PP-DSC-LGC-ASPIRADORES,PP > PP-DSC-LGC-DESCASCARADO > PP-DSC-LGC-ASPIRADORES,PP > PP-DSC-LGC-DESCASCARADO > PP-DSC-LGC-ASPIRADORES > PP-DSC-ASP-DAS02,183538,e873c32e-5e0c-4f36-b2a7-48d4917bce06-0002ccf2,Roofs,,Genérico - 400 mm,Genérico - 400 mm,,PP > PP-DSC-LGC-DESCASCARADO > Silo de cascara,contenedor_scoring,183538,e873c32e-5e0c-4f36-b2a7-48d4917bce06-0002ccf2,PP > PP-DSC-LGC-DESCASCARADO > Silo de cascara,3,77,NO,200,200,0,cluster_logico_mismo_sector,183538:200:PP > PP-DSC-LGC-DESCASCARADO > Silo de cascara || 183638:200:PP > PP-DSC-LGC-DESCASCARADO > ASPIRADORES > MOLINO > REDLER > ZAranda || 183810:200:PP > PP-DSC-LGC-DESCASCARADO > DCCC || 184070:200:PP > PP-DSC-LGC-DESCASCARADO > quebradores > dccd,PP-DSC-LGC-DESCASCARADO,Cluster lógico: ancestro PP-DSC-LGC-DESCASCARADO en 4 elementos Revit equivalentes.,ambiguo_falso_por_contenedor_duplicado,PP-DSC-LGC-DESCASCARADO,183538;183638;183810;184070,,,distributed,distribucion_round_robin_en_preparar_aplicar,PP,PP-DSC-LGC-DESCASCARADO,Silo de cascara,,,,,,,,,,,,,,,,,,,,,,,,,,,,,,,,,,,,,,,,,,,,,,,,,,,,,,,,,,,,,,,,,,,,,,,,,,,,,
contenedor_logico_duplicado_distributed,contenedor_por_ancestro_project,PP-DSC-ASP-DAS03,ASPIRADOR SECUNDARIO DE CASC DAS03 | Grupo: PP-ASP ASPIRADORES,48,4,48,PP-DSC-LGC-ASPIRADORES,PP-DSC-LGC-ASPIRADORES,PP-DSC-LGC-DESCASCARADO > PP-DSC-LGC-ASPIRADORES,PP > PP-DSC-LGC-DESCASCARADO > PP-DSC-LGC-ASPIRADORES,PP > PP-DSC-LGC-DESCASCARADO > PP-DSC-LGC-ASPIRADORES > PP-DSC-ASP-DAS03,183538,e873c32e-5e0c-4f36-b2a7-48d4917bce06-0002ccf2,Roofs,,Genérico - 400 mm,Genérico - 400 mm,,PP > PP-DSC-LGC-DESCASCARADO > Silo de cascara,contenedor_scoring,183538,e873c32e-5e0c-4f36-b2a7-48d4917bce06-0002ccf2,PP > PP-DSC-LGC-DESCASCARADO > Silo de cascara,3,77,NO,200,200,0,cluster_logico_mismo_sector,183538:200:PP > PP-DSC-LGC-DESCASCARADO > Silo de cascara || 183638:200:PP > PP-DSC-LGC-DESCASCARADO > ASPIRADORES > MOLINO > REDLER > ZAranda || 183810:200:PP > PP-DSC-LGC-DESCASCARADO > DCCC || 184070:200:PP > PP-DSC-LGC-DESCASCARADO > quebradores > dccd,PP-DSC-LGC-DESCASCARADO,Cluster lógico: ancestro PP-DSC-LGC-DESCASCARADO en 4 elementos Revit equivalentes.,ambiguo_falso_por_contenedor_duplicado,PP-DSC-LGC-DESCASCARADO,183538;183638;183810;184070,,,distributed,distribucion_round_robin_en_preparar_aplicar,PP,PP-DSC-LGC-DESCASCARADO,Silo de cascara,,,,,,,,,,,,,,,,,,,,,,,,,,,,,,,,,,,,,,,,,,,,,,,,,,,,,,,,,,,,,,,,,,,,,,,,,,,,,
contenedor_logico_duplicado_distributed,contenedor_por_ancestro_project,PP-DSC-ASP-DAS04,ASPIRADOR SECUNDARIO DE CASC DAS04 | Grupo: PP-ASP ASPIRADORES,49,4,49,PP-DSC-LGC-ASPIRADORES,PP-DSC-LGC-ASPIRADORES,PP-DSC-LGC-DESCASCARADO > PP-DSC-LGC-ASPIRADORES,PP > PP-DSC-LGC-DESCASCARADO > PP-DSC-LGC-ASPIRADORES,PP > PP-DSC-LGC-DESCASCARADO > PP-DSC-LGC-ASPIRADORES > PP-DSC-ASP-DAS04,183538,e873c32e-5e0c-4f36-b2a7-48d4917bce06-0002ccf2,Roofs,,Genérico - 400 mm,Genérico - 400 mm,,PP > PP-DSC-LGC-DESCASCARADO > Silo de cascara,contenedor_scoring,183538,e873c32e-5e0c-4f36-b2a7-48d4917bce06-0002ccf2,PP > PP-DSC-LGC-DESCASCARADO > Silo de cascara,3,77,NO,200,200,0,cluster_logico_mismo_sector,183538:200:PP > PP-DSC-LGC-DESCASCARADO > Silo de cascara || 183638:200:PP > PP-DSC-LGC-DESCASCARADO > ASPIRADORES > MOLINO > REDLER > ZAranda || 183810:200:PP > PP-DSC-LGC-DESCASCARADO > DCCC || 184070:200:PP > PP-DSC-LGC-DESCASCARADO > quebradores > dccd,PP-DSC-LGC-DESCASCARADO,Cluster lógico: ancestro PP-DSC-LGC-DESCASCARADO en 4 elementos Revit equivalentes.,ambiguo_falso_por_contenedor_duplicado,PP-DSC-LGC-DESCASCARADO,183538;183638;183810;184070,,,distributed,distribucion_round_robin_en_preparar_aplicar,PP,PP-DSC-LGC-DESCASCARADO,Silo de cascara,,,,,,,,,,,,,,,,,,,,,,,,,,,,,,,,,,,,,,,,,,,,,,,,,,,,,,,,,,,,,,,,,,,,,,,,,,,,,
contenedor_logico_duplicado_distributed,contenedor_por_ancestro_project,PP-DSC-VNT-DVE13,VENTILADOR ASPIRADOR SECUNDARIO (CHICO) | Grupo: PP-VNT DVE13,50,4,50,PP-DSC-LGC-ASPIRADORES,PP-DSC-LGC-ASPIRADORES,PP-DSC-LGC-DESCASCARADO > PP-DSC-LGC-ASPIRADORES,PP > PP-DSC-LGC-DESCASCARADO > PP-DSC-LGC-ASPIRADORES,PP > PP-DSC-LGC-DESCASCARADO > PP-DSC-LGC-ASPIRADORES > PP-DSC-VNT-DVE13,183538,e873c32e-5e0c-4f36-b2a7-48d4917bce06-0002ccf2,Roofs,,Genérico - 400 mm,Genérico - 400 mm,,PP > PP-DSC-LGC-DESCASCARADO > Silo de cascara,contenedor_scoring,183538,e873c32e-5e0c-4f36-b2a7-48d4917bce06-0002ccf2,PP > PP-DSC-LGC-DESCASCARADO > Silo de cascara,3,77,NO,200,200,0,cluster_logico_mismo_sector,183538:200:PP > PP-DSC-LGC-DESCASCARADO > Silo de cascara || 183638:200:PP > PP-DSC-LGC-DESCASCARADO > ASPIRADORES > MOLINO > REDLER > ZAranda || 183810:200:PP > PP-DSC-LGC-DESCASCARADO > DCCC || 184070:200:PP > PP-DSC-LGC-DESCASCARADO > quebradores > dccd,PP-DSC-LGC-DESCASCARADO,Cluster lógico: ancestro PP-DSC-LGC-DESCASCARADO en 4 elementos Revit equivalentes.,ambiguo_falso_por_contenedor_duplicado,PP-DSC-LGC-DESCASCARADO,183538;183638;183810;184070,,,distributed,distribucion_round_robin_en_preparar_aplicar,PP,PP-DSC-LGC-DESCASCARADO,Silo de cascara,,,,,,,,,,,,,,,,,,,,,,,,,,,,,,,,,,,,,,,,,,,,,,,,,,,,,,,,,,,,,,,,,,,,,,,,,,,,,
contenedor_logico_duplicado_distributed,contenedor_por_ancestro_project,PP-DSC-CCL-CDVE13,CICLON VENTILADOR ASPIRADOR SECUNDARIO (CHICO) | Grupo: PP-CCL CICLON DESCASC,51,5,51,PP-DSC-VNT-DVE13,PP-DSC-VNT-DVE13,PP-DSC-LGC-DESCASCARADO > PP-DSC-LGC-ASPIRADORES > PP-DSC-VNT-DVE13,PP > PP-DSC-LGC-DESCASCARADO > PP-DSC-LGC-ASPIRADORES > PP-DSC-VNT-DVE13,PP > PP-DSC-LGC-DESCASCARADO > PP-DSC-LGC-ASPIRADORES > PP-DSC-VNT-DVE13 > PP-DSC-CCL-CDVE13,183538,e873c32e-5e0c-4f36-b2a7-48d4917bce06-0002ccf2,Roofs,,Genérico - 400 mm,Genérico - 400 mm,,PP > PP-DSC-LGC-DESCASCARADO > Silo de cascara,contenedor_scoring,183538,e873c32e-5e0c-4f36-b2a7-48d4917bce06-0002ccf2,PP > PP-DSC-LGC-DESCASCARADO > Silo de cascara,3,77,NO,200,200,0,cluster_logico_mismo_sector,183538:200:PP > PP-DSC-LGC-DESCASCARADO > Silo de cascara || 183638:200:PP > PP-DSC-LGC-DESCASCARADO > ASPIRADORES > MOLINO > REDLER > ZAranda || 183810:200:PP > PP-DSC-LGC-DESCASCARADO > DCCC || 184070:200:PP > PP-DSC-LGC-DESCASCARADO > quebradores > dccd,PP-DSC-LGC-DESCASCARADO,Cluster lógico: ancestro PP-DSC-LGC-DESCASCARADO en 4 elementos Revit equivalentes.,ambiguo_falso_por_contenedor_duplicado,PP-DSC-LGC-DESCASCARADO,183538;183638;183810;184070,,,distributed,distribucion_round_robin_en_preparar_aplicar,PP,PP-DSC-LGC-DESCASCARADO,Silo de cascara,,,,,,,,,,,,,,,,,,,,,,,,,,,,,,,,,,,,,,,,,,,,,,,,,,,,,,,,,,,,,,,,,,,,,,,,,,,,,
contenedor_logico_duplicado_distributed,contenedor_por_ancestro_project,PP-DSC-VLV-DVR15,VALVULA ROTATIVA (DVE13) | Grupo: PP-VLV ROTATIVA DVR15,52,5,52,PP-DSC-VNT-DVE13,PP-DSC-VNT-DVE13,PP-DSC-LGC-DESCASCARADO > PP-DSC-LGC-ASPIRADORES > PP-DSC-VNT-DVE13,PP > PP-DSC-LGC-DESCASCARADO > PP-DSC-LGC-ASPIRADORES > PP-DSC-VNT-DVE13,PP > PP-DSC-LGC-DESCASCARADO > PP-DSC-LGC-ASPIRADORES > PP-DSC-VNT-DVE13 > PP-DSC-VLV-DVR15,183538,e873c32e-5e0c-4f36-b2a7-48d4917bce06-0002ccf2,Roofs,,Genérico - 400 mm,Genérico - 400 mm,,PP > PP-DSC-LGC-DESCASCARADO > Silo de cascara,contenedor_scoring,183538,e873c32e-5e0c-4f36-b2a7-48d4917bce06-0002ccf2,PP > PP-DSC-LGC-DESCASCARADO > Silo de cascara,3,77,NO,200,200,0,cluster_logico_mismo_sector,183538:200:PP > PP-DSC-LGC-DESCASCARADO > Silo de cascara || 183638:200:PP > PP-DSC-LGC-DESCASCARADO > ASPIRADORES > MOLINO > REDLER > ZAranda || 183810:200:PP > PP-DSC-LGC-DESCASCARADO > DCCC || 184070:200:PP > PP-DSC-LGC-DESCASCARADO > quebradores > dccd,PP-DSC-LGC-DESCASCARADO,Cluster lógico: ancestro PP-DSC-LGC-DESCASCARADO en 4 elementos Revit equivalentes.,ambiguo_falso_por_contenedor_duplicado,PP-DSC-LGC-DESCASCARADO,183538;183638;183810;184070,,,distributed,distribucion_round_robin_en_preparar_aplicar,PP,PP-DSC-LGC-DESCASCARADO,Silo de cascara,,,,,,,,,,,,,,,,,,,,,,,,,,,,,,,,,,,,,,,,,,,,,,,,,,,,,,,,,,,,,,,,,,,,,,,,,,,,,
contenedor_logico_duplicado_distributed,contenedor_por_ancestro_project,PP-DSC-LGC-DCCC,CONJUNTO DCCC DESCASCARADO PTA PTO | Grupo: PP-CONJ DCCC,53,3,53,PP-DSC-LGC-DESCASCARADO,PP-DSC-LGC-DESCASCARADO,PP-DSC-LGC-DESCASCARADO,PP > PP-DSC-LGC-DESCASCARADO,PP > PP-DSC-LGC-DESCASCARADO > PP-DSC-LGC-DCCC,183538,e873c32e-5e0c-4f36-b2a7-48d4917bce06-0002ccf2,Roofs,,Genérico - 400 mm,Genérico - 400 mm,,PP > PP-DSC-LGC-DESCASCARADO > Silo de cascara,contenedor_scoring,183538,e873c32e-5e0c-4f36-b2a7-48d4917bce06-0002ccf2,PP > PP-DSC-LGC-DESCASCARADO > Silo de cascara,3,77,NO,200,200,0,cluster_logico_mismo_sector,183538:200:PP > PP-DSC-LGC-DESCASCARADO > Silo de cascara || 183638:200:PP > PP-DSC-LGC-DESCASCARADO > ASPIRADORES > MOLINO > REDLER > ZAranda || 183810:200:PP > PP-DSC-LGC-DESCASCARADO > DCCC || 184070:200:PP > PP-DSC-LGC-DESCASCARADO > quebradores > dccd,PP-DSC-LGC-DESCASCARADO,Cluster lógico: ancestro PP-DSC-LGC-DESCASCARADO en 4 elementos Revit equivalentes.,ambiguo_falso_por_contenedor_duplicado,PP-DSC-LGC-DESCASCARADO,183538;183638;183810;184070,,,distributed,distribucion_round_robin_en_preparar_aplicar,PP,PP-DSC-LGC-DESCASCARADO,Silo de cascara,,,,,,,,,,,,,,,,,,,,,,,,,,,,,,,,,,,,,,,,,,,,,,,,,,,,,,,,,,,,,,,,,,,,,,,,,,,,,
contenedor_logico_duplicado_distributed,contenedor_por_ancestro_project,PP-DSC-ART-DART01,AEROTERMO DE LAS CASCADAS(DVE11-DVE12) | Grupo: PP-ART AEROTERMO DESC,54,4,54,PP-DSC-LGC-DCCC,PP-DSC-LGC-DCCC,PP-DSC-LGC-DESCASCARADO > PP-DSC-LGC-DCCC,PP > PP-DSC-LGC-DESCASCARADO > PP-DSC-LGC-DCCC,PP > PP-DSC-LGC-DESCASCARADO > PP-DSC-LGC-DCCC > PP-DSC-ART-DART01,183538,e873c32e-5e0c-4f36-b2a7-48d4917bce06-0002ccf2,Roofs,,Genérico - 400 mm,Genérico - 400 mm,,PP > PP-DSC-LGC-DESCASCARADO > Silo de cascara,contenedor_scoring,183538,e873c32e-5e0c-4f36-b2a7-48d4917bce06-0002ccf2,PP > PP-DSC-LGC-DESCASCARADO > Silo de cascara,3,77,NO,200,200,0,cluster_logico_mismo_sector,183538:200:PP > PP-DSC-LGC-DESCASCARADO > Silo de cascara || 183638:200:PP > PP-DSC-LGC-DESCASCARADO > ASPIRADORES > MOLINO > REDLER > ZAranda || 183810:200:PP > PP-DSC-LGC-DESCASCARADO > DCCC || 184070:200:PP > PP-DSC-LGC-DESCASCARADO > quebradores > dccd,PP-DSC-LGC-DESCASCARADO,Cluster lógico: ancestro PP-DSC-LGC-DESCASCARADO en 4 elementos Revit equivalentes.,ambiguo_falso_por_contenedor_duplicado,PP-DSC-LGC-DESCASCARADO,183538;183638;183810;184070,,,distributed,distribucion_round_robin_en_preparar_aplicar,PP,PP-DSC-LGC-DESCASCARADO,Silo de cascara,,,,,,,,,,,,,,,,,,,,,,,,,,,,,,,,,,,,,,,,,,,,,,,,,,,,,,,,,,,,,,,,,,,,,,,,,,,,,
contenedor_logico_duplicado_distributed,contenedor_por_ancestro_project,PP-DSC-CCC-DCCC01,CCC01 (CROWN CASCADA COOLER) | Grupo: PP-CCC,55,4,55,PP-DSC-LGC-DCCC,PP-DSC-LGC-DCCC,PP-DSC-LGC-DESCASCARADO > PP-DSC-LGC-DCCC,PP > PP-DSC-LGC-DESCASCARADO > PP-DSC-LGC-DCCC,PP > PP-DSC-LGC-DESCASCARADO > PP-DSC-LGC-DCCC > PP-DSC-CCC-DCCC01,183538,e873c32e-5e0c-4f36-b2a7-48d4917bce06-0002ccf2,Roofs,,Genérico - 400 mm,Genérico - 400 mm,,PP > PP-DSC-LGC-DESCASCARADO > Silo de cascara,contenedor_scoring,183538,e873c32e-5e0c-4f36-b2a7-48d4917bce06-0002ccf2,PP > PP-DSC-LGC-DESCASCARADO > Silo de cascara,3,77,NO,200,200,0,cluster_logico_mismo_sector,183538:200:PP > PP-DSC-LGC-DESCASCARADO > Silo de cascara || 183638:200:PP > PP-DSC-LGC-DESCASCARADO > ASPIRADORES > MOLINO > REDLER > ZAranda || 183810:200:PP > PP-DSC-LGC-DESCASCARADO > DCCC || 184070:200:PP > PP-DSC-LGC-DESCASCARADO > quebradores > dccd,PP-DSC-LGC-DESCASCARADO,Cluster lógico: ancestro PP-DSC-LGC-DESCASCARADO en 4 elementos Revit equivalentes.,ambiguo_falso_por_contenedor_duplicado,PP-DSC-LGC-DESCASCARADO,183538;183638;183810;184070,,,distributed,distribucion_round_robin_en_preparar_aplicar,PP,PP-DSC-LGC-DESCASCARADO,Silo de cascara,,,,,,,,,,,,,,,,,,,,,,,,,,,,,,,,,,,,,,,,,,,,,,,,,,,,,,,,,,,,,,,,,,,,,,,,,,,,,
contenedor_logico_duplicado_distributed,contenedor_por_ancestro_project,PP-DSC-CCC-DCCC02,CCC02 (CROWN CASCADA COOLER) | Grupo: PP-CCC,56,4,56,PP-DSC-LGC-DCCC,PP-DSC-LGC-DCCC,PP-DSC-LGC-DESCASCARADO > PP-DSC-LGC-DCCC,PP > PP-DSC-LGC-DESCASCARADO > PP-DSC-LGC-DCCC,PP > PP-DSC-LGC-DESCASCARADO > PP-DSC-LGC-DCCC > PP-DSC-CCC-DCCC02,183538,e873c32e-5e0c-4f36-b2a7-48d4917bce06-0002ccf2,Roofs,,Genérico - 400 mm,Genérico - 400 mm,,PP > PP-DSC-LGC-DESCASCARADO > Silo de cascara,contenedor_scoring,183538,e873c32e-5e0c-4f36-b2a7-48d4917bce06-0002ccf2,PP > PP-DSC-LGC-DESCASCARADO > Silo de cascara,3,77,NO,200,200,0,cluster_logico_mismo_sector,183538:200:PP > PP-DSC-LGC-DESCASCARADO > Silo de cascara || 183638:200:PP > PP-DSC-LGC-DESCASCARADO > ASPIRADORES > MOLINO > REDLER > ZAranda || 183810:200:PP > PP-DSC-LGC-DESCASCARADO > DCCC || 184070:200:PP > PP-DSC-LGC-DESCASCARADO > quebradores > dccd,PP-DSC-LGC-DESCASCARADO,Cluster lógico: ancestro PP-DSC-LGC-DESCASCARADO en 4 elementos Revit equivalentes.,ambiguo_falso_por_contenedor_duplicado,PP-DSC-LGC-DESCASCARADO,183538;183638;183810;184070,,,distributed,distribucion_round_robin_en_preparar_aplicar,PP,PP-DSC-LGC-DESCASCARADO,Silo de cascara,,,,,,,,,,,,,,,,,,,,,,,,,,,,,,,,,,,,,,,,,,,,,,,,,,,,,,,,,,,,,,,,,,,,,,,,,,,,,
contenedor_logico_duplicado_distributed,contenedor_por_ancestro_project,PP-DSC-CCC-DCCC03,CCC03 (CROWN CASCADA COOLER) | Grupo: PP-CCC,57,4,57,PP-DSC-LGC-DCCC,PP-DSC-LGC-DCCC,PP-DSC-LGC-DESCASCARADO > PP-DSC-LGC-DCCC,PP > PP-DSC-LGC-DESCASCARADO > PP-DSC-LGC-DCCC,PP > PP-DSC-LGC-DESCASCARADO > PP-DSC-LGC-DCCC > PP-DSC-CCC-DCCC03,183538,e873c32e-5e0c-4f36-b2a7-48d4917bce06-0002ccf2,Roofs,,Genérico - 400 mm,Genérico - 400 mm,,PP > PP-DSC-LGC-DESCASCARADO > Silo de cascara,contenedor_scoring,183538,e873c32e-5e0c-4f36-b2a7-48d4917bce06-0002ccf2,PP > PP-DSC-LGC-DESCASCARADO > Silo de cascara,3,77,NO,200,200,0,cluster_logico_mismo_sector,183538:200:PP > PP-DSC-LGC-DESCASCARADO > Silo de cascara || 183638:200:PP > PP-DSC-LGC-DESCASCARADO > ASPIRADORES > MOLINO > REDLER > ZAranda || 183810:200:PP > PP-DSC-LGC-DESCASCARADO > DCCC || 184070:200:PP > PP-DSC-LGC-DESCASCARADO > quebradores > dccd,PP-DSC-LGC-DESCASCARADO,Cluster lógico: ancestro PP-DSC-LGC-DESCASCARADO en 4 elementos Revit equivalentes.,ambiguo_falso_por_contenedor_duplicado,PP-DSC-LGC-DESCASCARADO,183538;183638;183810;184070,,,distributed,distribucion_round_robin_en_preparar_aplicar,PP,PP-DSC-LGC-DESCASCARADO,Silo de cascara,,,,,,,,,,,,,,,,,,,,,,,,,,,,,,,,,,,,,,,,,,,,,,,,,,,,,,,,,,,,,,,,,,,,,,,,,,,,,
contenedor_logico_duplicado_distributed,contenedor_por_ancestro_project,PP-DSC-CCC-DCCC04,CCC04 (CROWN CASCADA COOLER) | Grupo: PP-CCC,58,4,58,PP-DSC-LGC-DCCC,PP-DSC-LGC-DCCC,PP-DSC-LGC-DESCASCARADO > PP-DSC-LGC-DCCC,PP > PP-DSC-LGC-DESCASCARADO > PP-DSC-LGC-DCCC,PP > PP-DSC-LGC-DESCASCARADO > PP-DSC-LGC-DCCC > PP-DSC-CCC-DCCC04,183538,e873c32e-5e0c-4f36-b2a7-48d4917bce06-0002ccf2,Roofs,,Genérico - 400 mm,Genérico - 400 mm,,PP > PP-DSC-LGC-DESCASCARADO > Silo de cascara,contenedor_scoring,183538,e873c32e-5e0c-4f36-b2a7-48d4917bce06-0002ccf2,PP > PP-DSC-LGC-DESCASCARADO > Silo de cascara,3,77,NO,200,200,0,cluster_logico_mismo_sector,183538:200:PP > PP-DSC-LGC-DESCASCARADO > Silo de cascara || 183638:200:PP > PP-DSC-LGC-DESCASCARADO > ASPIRADORES > MOLINO > REDLER > ZAranda || 183810:200:PP > PP-DSC-LGC-DESCASCARADO > DCCC || 184070:200:PP > PP-DSC-LGC-DESCASCARADO > quebradores > dccd,PP-DSC-LGC-DESCASCARADO,Cluster lógico: ancestro PP-DSC-LGC-DESCASCARADO en 4 elementos Revit equivalentes.,ambiguo_falso_por_contenedor_duplicado,PP-DSC-LGC-DESCASCARADO,183538;183638;183810;184070,,,distributed,distribucion_round_robin_en_preparar_aplicar,PP,PP-DSC-LGC-DESCASCARADO,Silo de cascara,,,,,,,,,,,,,,,,,,,,,,,,,,,,,,,,,,,,,,,,,,,,,,,,,,,,,,,,,,,,,,,,,,,,,,,,,,,,,
contenedor_logico_duplicado_distributed,contenedor_por_ancestro_project,PP-DSC-CCC-DCCC05,CCC05 (CROWN CASCADA COOLER) | Grupo: PP-CCC,59,4,59,PP-DSC-LGC-DCCC,PP-DSC-LGC-DCCC,PP-DSC-LGC-DESCASCARADO > PP-DSC-LGC-DCCC,PP > PP-DSC-LGC-DESCASCARADO > PP-DSC-LGC-DCCC,PP > PP-DSC-LGC-DESCASCARADO > PP-DSC-LGC-DCCC > PP-DSC-CCC-DCCC05,183538,e873c32e-5e0c-4f36-b2a7-48d4917bce06-0002ccf2,Roofs,,Genérico - 400 mm,Genérico - 400 mm,,PP > PP-DSC-LGC-DESCASCARADO > Silo de cascara,contenedor_scoring,183538,e873c32e-5e0c-4f36-b2a7-48d4917bce06-0002ccf2,PP > PP-DSC-LGC-DESCASCARADO > Silo de cascara,3,77,NO,200,200,0,cluster_logico_mismo_sector,183538:200:PP > PP-DSC-LGC-DESCASCARADO > Silo de cascara || 183638:200:PP > PP-DSC-LGC-DESCASCARADO > ASPIRADORES > MOLINO > REDLER > ZAranda || 183810:200:PP > PP-DSC-LGC-DESCASCARADO > DCCC || 184070:200:PP > PP-DSC-LGC-DESCASCARADO > quebradores > dccd,PP-DSC-LGC-DESCASCARADO,Cluster lógico: ancestro PP-DSC-LGC-DESCASCARADO en 4 elementos Revit equivalentes.,ambiguo_falso_por_contenedor_duplicado,PP-DSC-LGC-DESCASCARADO,183538;183638;183810;184070,,,distributed,distribucion_round_robin_en_preparar_aplicar,PP,PP-DSC-LGC-DESCASCARADO,Silo de cascara,,,,,,,,,,,,,,,,,,,,,,,,,,,,,,,,,,,,,,,,,,,,,,,,,,,,,,,,,,,,,,,,,,,,,,,,,,,,,
contenedor_logico_duplicado_distributed,contenedor_por_ancestro_project,PP-DSC-CCC-DCCC06,CCC06 (CROWN CASCADA COOLER) | Grupo: PP-CCC,60,4,60,PP-DSC-LGC-DCCC,PP-DSC-LGC-DCCC,PP-DSC-LGC-DESCASCARADO > PP-DSC-LGC-DCCC,PP > PP-DSC-LGC-DESCASCARADO > PP-DSC-LGC-DCCC,PP > PP-DSC-LGC-DESCASCARADO > PP-DSC-LGC-DCCC > PP-DSC-CCC-DCCC06,183538,e873c32e-5e0c-4f36-b2a7-48d4917bce06-0002ccf2,Roofs,,Genérico - 400 mm,Genérico - 400 mm,,PP > PP-DSC-LGC-DESCASCARADO > Silo de cascara,contenedor_scoring,183538,e873c32e-5e0c-4f36-b2a7-48d4917bce06-0002ccf2,PP > PP-DSC-LGC-DESCASCARADO > Silo de cascara,3,77,NO,200,200,0,cluster_logico_mismo_sector,183538:200:PP > PP-DSC-LGC-DESCASCARADO > Silo de cascara || 183638:200:PP > PP-DSC-LGC-DESCASCARADO > ASPIRADORES > MOLINO > REDLER > ZAranda || 183810:200:PP > PP-DSC-LGC-DESCASCARADO > DCCC || 184070:200:PP > PP-DSC-LGC-DESCASCARADO > quebradores > dccd,PP-DSC-LGC-DESCASCARADO,Cluster lógico: ancestro PP-DSC-LGC-DESCASCARADO en 4 elementos Revit equivalentes.,ambiguo_falso_por_contenedor_duplicado,PP-DSC-LGC-DESCASCARADO,183538;183638;183810;184070,,,distributed,distribucion_round_robin_en_preparar_aplicar,PP,PP-DSC-LGC-DESCASCARADO,Silo de cascara,,,,,,,,,,,,,,,,,,,,,,,,,,,,,,,,,,,,,,,,,,,,,,,,,,,,,,,,,,,,,,,,,,,,,,,,,,,,,
contenedor_logico_duplicado_distributed,contenedor_por_ancestro_project,PP-DSC-CCC-DCCC07,CCC07 (CROWN CASCADA COOLER) | Grupo: PP-CCC,61,4,61,PP-DSC-LGC-DCCC,PP-DSC-LGC-DCCC,PP-DSC-LGC-DESCASCARADO > PP-DSC-LGC-DCCC,PP > PP-DSC-LGC-DESCASCARADO > PP-DSC-LGC-DCCC,PP > PP-DSC-LGC-DESCASCARADO > PP-DSC-LGC-DCCC > PP-DSC-CCC-DCCC07,183538,e873c32e-5e0c-4f36-b2a7-48d4917bce06-0002ccf2,Roofs,,Genérico - 400 mm,Genérico - 400 mm,,PP > PP-DSC-LGC-DESCASCARADO > Silo de cascara,contenedor_scoring,183538,e873c32e-5e0c-4f36-b2a7-48d4917bce06-0002ccf2,PP > PP-DSC-LGC-DESCASCARADO > Silo de cascara,3,77,NO,200,200,0,cluster_logico_mismo_sector,183538:200:PP > PP-DSC-LGC-DESCASCARADO > Silo de cascara || 183638:200:PP > PP-DSC-LGC-DESCASCARADO > ASPIRADORES > MOLINO > REDLER > ZAranda || 183810:200:PP > PP-DSC-LGC-DESCASCARADO > DCCC || 184070:200:PP > PP-DSC-LGC-DESCASCARADO > quebradores > dccd,PP-DSC-LGC-DESCASCARADO,Cluster lógico: ancestro PP-DSC-LGC-DESCASCARADO en 4 elementos Revit equivalentes.,ambiguo_falso_por_contenedor_duplicado,PP-DSC-LGC-DESCASCARADO,183538;183638;183810;184070,,,distributed,distribucion_round_robin_en_preparar_aplicar,PP,PP-DSC-LGC-DESCASCARADO,Silo de cascara,,,,,,,,,,,,,,,,,,,,,,,,,,,,,,,,,,,,,,,,,,,,,,,,,,,,,,,,,,,,,,,,,,,,,,,,,,,,,
contenedor_logico_duplicado_distributed,contenedor_por_ancestro_project,PP-DSC-CCC-DCCC08,CCC08 (CROWN CASCADA COOLER) | Grupo: PP-CCC,62,4,62,PP-DSC-LGC-DCCC,PP-DSC-LGC-DCCC,PP-DSC-LGC-DESCASCARADO > PP-DSC-LGC-DCCC,PP > PP-DSC-LGC-DESCASCARADO > PP-DSC-LGC-DCCC,PP > PP-DSC-LGC-DESCASCARADO > PP-DSC-LGC-DCCC > PP-DSC-CCC-DCCC08,183538,e873c32e-5e0c-4f36-b2a7-48d4917bce06-0002ccf2,Roofs,,Genérico - 400 mm,Genérico - 400 mm,,PP > PP-DSC-LGC-DESCASCARADO > Silo de cascara,contenedor_scoring,183538,e873c32e-5e0c-4f36-b2a7-48d4917bce06-0002ccf2,PP > PP-DSC-LGC-DESCASCARADO > Silo de cascara,3,77,NO,200,200,0,cluster_logico_mismo_sector,183538:200:PP > PP-DSC-LGC-DESCASCARADO > Silo de cascara || 183638:200:PP > PP-DSC-LGC-DESCASCARADO > ASPIRADORES > MOLINO > REDLER > ZAranda || 183810:200:PP > PP-DSC-LGC-DESCASCARADO > DCCC || 184070:200:PP > PP-DSC-LGC-DESCASCARADO > quebradores > dccd,PP-DSC-LGC-DESCASCARADO,Cluster lógico: ancestro PP-DSC-LGC-DESCASCARADO en 4 elementos Revit equivalentes.,ambiguo_falso_por_contenedor_duplicado,PP-DSC-LGC-DESCASCARADO,183538;183638;183810;184070,,,distributed,distribucion_round_robin_en_preparar_aplicar,PP,PP-DSC-LGC-DESCASCARADO,Silo de cascara,,,,,,,,,,,,,,,,,,,,,,,,,,,,,,,,,,,,,,,,,,,,,,,,,,,,,,,,,,,,,,,,,,,,,,,,,,,,,
contenedor_logico_duplicado_distributed,contenedor_por_ancestro_project,PP-DSC-VNT-DVE11,VENTILADOR DVE11 (LADO NORTE) | Grupo: PP-VNT DVE11-DVE12,63,4,63,PP-DSC-LGC-DCCC,PP-DSC-LGC-DCCC,PP-DSC-LGC-DESCASCARADO > PP-DSC-LGC-DCCC,PP > PP-DSC-LGC-DESCASCARADO > PP-DSC-LGC-DCCC,PP > PP-DSC-LGC-DESCASCARADO > PP-DSC-LGC-DCCC > PP-DSC-VNT-DVE11,183538,e873c32e-5e0c-4f36-b2a7-48d4917bce06-0002ccf2,Roofs,,Genérico - 400 mm,Genérico - 400 mm,,PP > PP-DSC-LGC-DESCASCARADO > Silo de cascara,contenedor_scoring,183538,e873c32e-5e0c-4f36-b2a7-48d4917bce06-0002ccf2,PP > PP-DSC-LGC-DESCASCARADO > Silo de cascara,3,77,NO,200,200,0,cluster_logico_mismo_sector,183538:200:PP > PP-DSC-LGC-DESCASCARADO > Silo de cascara || 183638:200:PP > PP-DSC-LGC-DESCASCARADO > ASPIRADORES > MOLINO > REDLER > ZAranda || 183810:200:PP > PP-DSC-LGC-DESCASCARADO > DCCC || 184070:200:PP > PP-DSC-LGC-DESCASCARADO > quebradores > dccd,PP-DSC-LGC-DESCASCARADO,Cluster lógico: ancestro PP-DSC-LGC-DESCASCARADO en 4 elementos Revit equivalentes.,ambiguo_falso_por_contenedor_duplicado,PP-DSC-LGC-DESCASCARADO,183538;183638;183810;184070,,,distributed,distribucion_round_robin_en_preparar_aplicar,PP,PP-DSC-LGC-DESCASCARADO,Silo de cascara,,,,,,,,,,,,,,,,,,,,,,,,,,,,,,,,,,,,,,,,,,,,,,,,,,,,,,,,,,,,,,,,,,,,,,,,,,,,,
contenedor_logico_duplicado_distributed,contenedor_por_ancestro_project,PP-DSC-CCL-CDVE11,CICLON VENTILADOR DVE11 (LADO NORTE) | Grupo: PP-CCL CICLON DESCASC,64,5,64,PP-DSC-VNT-DVE11,PP-DSC-VNT-DVE11,PP-DSC-LGC-DESCASCARADO > PP-DSC-LGC-DCCC > PP-DSC-VNT-DVE11,PP > PP-DSC-LGC-DESCASCARADO > PP-DSC-LGC-DCCC > PP-DSC-VNT-DVE11,PP > PP-DSC-LGC-DESCASCARADO > PP-DSC-LGC-DCCC > PP-DSC-VNT-DVE11 > PP-DSC-CCL-CDVE11,183538,e873c32e-5e0c-4f36-b2a7-48d4917bce06-0002ccf2,Roofs,,Genérico - 400 mm,Genérico - 400 mm,,PP > PP-DSC-LGC-DESCASCARADO > Silo de cascara,contenedor_scoring,183538,e873c32e-5e0c-4f36-b2a7-48d4917bce06-0002ccf2,PP > PP-DSC-LGC-DESCASCARADO > Silo de cascara,3,77,NO,200,200,0,cluster_logico_mismo_sector,183538:200:PP > PP-DSC-LGC-DESCASCARADO > Silo de cascara || 183638:200:PP > PP-DSC-LGC-DESCASCARADO > ASPIRADORES > MOLINO > REDLER > ZAranda || 183810:200:PP > PP-DSC-LGC-DESCASCARADO > DCCC || 184070:200:PP > PP-DSC-LGC-DESCASCARADO > quebradores > dccd,PP-DSC-LGC-DESCASCARADO,Cluster lógico: ancestro PP-DSC-LGC-DESCASCARADO en 4 elementos Revit equivalentes.,ambiguo_falso_por_contenedor_duplicado,PP-DSC-LGC-DESCASCARADO,183538;183638;183810;184070,,,distributed,distribucion_round_robin_en_preparar_aplicar,PP,PP-DSC-LGC-DESCASCARADO,Silo de cascara,,,,,,,,,,,,,,,,,,,,,,,,,,,,,,,,,,,,,,,,,,,,,,,,,,,,,,,,,,,,,,,,,,,,,,,,,,,,,
contenedor_logico_duplicado_distributed,contenedor_por_ancestro_project,PP-DSC-VLV-DVR13,VALV. ROT CICLON CASC (DVE11) | Grupo: PP-VLV ROTATIVA DVR13 Y DVR14,65,5,65,PP-DSC-VNT-DVE11,PP-DSC-VNT-DVE11,PP-DSC-LGC-DESCASCARADO > PP-DSC-LGC-DCCC > PP-DSC-VNT-DVE11,PP > PP-DSC-LGC-DESCASCARADO > PP-DSC-LGC-DCCC > PP-DSC-VNT-DVE11,PP > PP-DSC-LGC-DESCASCARADO > PP-DSC-LGC-DCCC > PP-DSC-VNT-DVE11 > PP-DSC-VLV-DVR13,183538,e873c32e-5e0c-4f36-b2a7-48d4917bce06-0002ccf2,Roofs,,Genérico - 400 mm,Genérico - 400 mm,,PP > PP-DSC-LGC-DESCASCARADO > Silo de cascara,contenedor_scoring,183538,e873c32e-5e0c-4f36-b2a7-48d4917bce06-0002ccf2,PP > PP-DSC-LGC-DESCASCARADO > Silo de cascara,3,77,NO,200,200,0,cluster_logico_mismo_sector,183538:200:PP > PP-DSC-LGC-DESCASCARADO > Silo de cascara || 183638:200:PP > PP-DSC-LGC-DESCASCARADO > ASPIRADORES > MOLINO > REDLER > ZAranda || 183810:200:PP > PP-DSC-LGC-DESCASCARADO > DCCC || 184070:200:PP > PP-DSC-LGC-DESCASCARADO > quebradores > dccd,PP-DSC-LGC-DESCASCARADO,Cluster lógico: ancestro PP-DSC-LGC-DESCASCARADO en 4 elementos Revit equivalentes.,ambiguo_falso_por_contenedor_duplicado,PP-DSC-LGC-DESCASCARADO,183538;183638;183810;184070,,,distributed,distribucion_round_robin_en_preparar_aplicar,PP,PP-DSC-LGC-DESCASCARADO,Silo de cascara,,,,,,,,,,,,,,,,,,,,,,,,,,,,,,,,,,,,,,,,,,,,,,,,,,,,,,,,,,,,,,,,,,,,,,,,,,,,,
contenedor_logico_duplicado_distributed,contenedor_por_ancestro_project,PP-DSC-VNT-DVE12,VENTILADOR DVE12 (LADO SUR) | Grupo: PP-VNT DVE11-DVE12,66,4,66,PP-DSC-LGC-DCCC,PP-DSC-LGC-DCCC,PP-DSC-LGC-DESCASCARADO > PP-DSC-LGC-DCCC,PP > PP-DSC-LGC-DESCASCARADO > PP-DSC-LGC-DCCC,PP > PP-DSC-LGC-DESCASCARADO > PP-DSC-LGC-DCCC > PP-DSC-VNT-DVE12,183538,e873c32e-5e0c-4f36-b2a7-48d4917bce06-0002ccf2,Roofs,,Genérico - 400 mm,Genérico - 400 mm,,PP > PP-DSC-LGC-DESCASCARADO > Silo de cascara,contenedor_scoring,183538,e873c32e-5e0c-4f36-b2a7-48d4917bce06-0002ccf2,PP > PP-DSC-LGC-DESCASCARADO > Silo de cascara,3,77,NO,200,200,0,cluster_logico_mismo_sector,183538:200:PP > PP-DSC-LGC-DESCASCARADO > Silo de cascara || 183638:200:PP > PP-DSC-LGC-DESCASCARADO > ASPIRADORES > MOLINO > REDLER > ZAranda || 183810:200:PP > PP-DSC-LGC-DESCASCARADO > DCCC || 184070:200:PP > PP-DSC-LGC-DESCASCARADO > quebradores > dccd,PP-DSC-LGC-DESCASCARADO,Cluster lógico: ancestro PP-DSC-LGC-DESCASCARADO en 4 elementos Revit equivalentes.,ambiguo_falso_por_contenedor_duplicado,PP-DSC-LGC-DESCASCARADO,183538;183638;183810;184070,,,distributed,distribucion_round_robin_en_preparar_aplicar,PP,PP-DSC-LGC-DESCASCARADO,Silo de cascara,,,,,,,,,,,,,,,,,,,,,,,,,,,,,,,,,,,,,,,,,,,,,,,,,,,,,,,,,,,,,,,,,,,,,,,,,,,,,
contenedor_logico_duplicado_distributed,contenedor_por_ancestro_project,PP-DSC-CCL-CDVE12,CICLON VENTILADOR DVE12 (LADO SUR) | Grupo: PP-CCL CICLON DESCASC,67,5,67,PP-DSC-VNT-DVE12,PP-DSC-VNT-DVE12,PP-DSC-LGC-DESCASCARADO > PP-DSC-LGC-DCCC > PP-DSC-VNT-DVE12,PP > PP-DSC-LGC-DESCASCARADO > PP-DSC-LGC-DCCC > PP-DSC-VNT-DVE12,PP > PP-DSC-LGC-DESCASCARADO > PP-DSC-LGC-DCCC > PP-DSC-VNT-DVE12 > PP-DSC-CCL-CDVE12,183538,e873c32e-5e0c-4f36-b2a7-48d4917bce06-0002ccf2,Roofs,,Genérico - 400 mm,Genérico - 400 mm,,PP > PP-DSC-LGC-DESCASCARADO > Silo de cascara,contenedor_scoring,183538,e873c32e-5e0c-4f36-b2a7-48d4917bce06-0002ccf2,PP > PP-DSC-LGC-DESCASCARADO > Silo de cascara,3,77,NO,200,200,0,cluster_logico_mismo_sector,183538:200:PP > PP-DSC-LGC-DESCASCARADO > Silo de cascara || 183638:200:PP > PP-DSC-LGC-DESCASCARADO > ASPIRADORES > MOLINO > REDLER > ZAranda || 183810:200:PP > PP-DSC-LGC-DESCASCARADO > DCCC || 184070:200:PP > PP-DSC-LGC-DESCASCARADO > quebradores > dccd,PP-DSC-LGC-DESCASCARADO,Cluster lógico: ancestro PP-DSC-LGC-DESCASCARADO en 4 elementos Revit equivalentes.,ambiguo_falso_por_contenedor_duplicado,PP-DSC-LGC-DESCASCARADO,183538;183638;183810;184070,,,distributed,distribucion_round_robin_en_preparar_aplicar,PP,PP-DSC-LGC-DESCASCARADO,Silo de cascara,,,,,,,,,,,,,,,,,,,,,,,,,,,,,,,,,,,,,,,,,,,,,,,,,,,,,,,,,,,,,,,,,,,,,,,,,,,,,
contenedor_logico_duplicado_distributed,contenedor_por_ancestro_project,PP-DSC-VLV-DVR14,VALVULA ROT. DESCARGA  CASCARA (DVE12) | Grupo: PP-VLV ROTATIVA DVR13 Y DVR14,68,5,68,PP-DSC-VNT-DVE12,PP-DSC-VNT-DVE12,PP-DSC-LGC-DESCASCARADO > PP-DSC-LGC-DCCC > PP-DSC-VNT-DVE12,PP > PP-DSC-LGC-DESCASCARADO > PP-DSC-LGC-DCCC > PP-DSC-VNT-DVE12,PP > PP-DSC-LGC-DESCASCARADO > PP-DSC-LGC-DCCC > PP-DSC-VNT-DVE12 > PP-DSC-VLV-DVR14,183538,e873c32e-5e0c-4f36-b2a7-48d4917bce06-0002ccf2,Roofs,,Genérico - 400 mm,Genérico - 400 mm,,PP > PP-DSC-LGC-DESCASCARADO > Silo de cascara,contenedor_scoring,183538,e873c32e-5e0c-4f36-b2a7-48d4917bce06-0002ccf2,PP > PP-DSC-LGC-DESCASCARADO > Silo de cascara,3,77,NO,200,200,0,cluster_logico_mismo_sector,183538:200:PP > PP-DSC-LGC-DESCASCARADO > Silo de cascara || 183638:200:PP > PP-DSC-LGC-DESCASCARADO > ASPIRADORES > MOLINO > REDLER > ZAranda || 183810:200:PP > PP-DSC-LGC-DESCASCARADO > DCCC || 184070:200:PP > PP-DSC-LGC-DESCASCARADO > quebradores > dccd,PP-DSC-LGC-DESCASCARADO,Cluster lógico: ancestro PP-DSC-LGC-DESCASCARADO en 4 elementos Revit equivalentes.,ambiguo_falso_por_contenedor_duplicado,PP-DSC-LGC-DESCASCARADO,183538;183638;183810;184070,,,distributed,distribucion_round_robin_en_preparar_aplicar,PP,PP-DSC-LGC-DESCASCARADO,Silo de cascara,,,,,,,,,,,,,,,,,,,,,,,,,,,,,,,,,,,,,,,,,,,,,,,,,,,,,,,,,,,,,,,,,,,,,,,,,,,,,
contenedor_logico_duplicado_distributed,contenedor_por_ancestro_project,PP-DSC-LGC-DCCD,CONJUNTO DCCD PRIMERA PASADA DESCASCARADO PTA PTO | Grupo: PP-CONJ DCCD,69,3,69,PP-DSC-LGC-DESCASCARADO,PP-DSC-LGC-DESCASCARADO,PP-DSC-LGC-DESCASCARADO,PP > PP-DSC-LGC-DESCASCARADO,PP > PP-DSC-LGC-DESCASCARADO > PP-DSC-LGC-DCCD,183538,e873c32e-5e0c-4f36-b2a7-48d4917bce06-0002ccf2,Roofs,,Genérico - 400 mm,Genérico - 400 mm,,PP > PP-DSC-LGC-DESCASCARADO > Silo de cascara,contenedor_scoring,183538,e873c32e-5e0c-4f36-b2a7-48d4917bce06-0002ccf2,PP > PP-DSC-LGC-DESCASCARADO > Silo de cascara,3,77,NO,200,200,0,cluster_logico_mismo_sector,183538:200:PP > PP-DSC-LGC-DESCASCARADO > Silo de cascara || 183638:200:PP > PP-DSC-LGC-DESCASCARADO > ASPIRADORES > MOLINO > REDLER > ZAranda || 183810:200:PP > PP-DSC-LGC-DESCASCARADO > DCCC || 184070:200:PP > PP-DSC-LGC-DESCASCARADO > quebradores > dccd,PP-DSC-LGC-DESCASCARADO,Cluster lógico: ancestro PP-DSC-LGC-DESCASCARADO en 4 elementos Revit equivalentes.,ambiguo_falso_por_contenedor_duplicado,PP-DSC-LGC-DESCASCARADO,183538;183638;183810;184070,,,distributed,distribucion_round_robin_en_preparar_aplicar,PP,PP-DSC-LGC-DESCASCARADO,Silo de cascara,,,,,,,,,,,,,,,,,,,,,,,,,,,,,,,,,,,,,,,,,,,,,,,,,,,,,,,,,,,,,,,,,,,,,,,,,,,,,
contenedor_logico_duplicado_distributed,contenedor_por_ancestro_project,PP-DSC-ART-DART02,AEROTERMO DE LAS CASCADAS(DVE04-DVE05) | Grupo: PP-ART AEROTERMO DESC,70,4,70,PP-DSC-LGC-DCCD,PP-DSC-LGC-DCCD,PP-DSC-LGC-DESCASCARADO > PP-DSC-LGC-DCCD,PP > PP-DSC-LGC-DESCASCARADO > PP-DSC-LGC-DCCD,PP > PP-DSC-LGC-DESCASCARADO > PP-DSC-LGC-DCCD > PP-DSC-ART-DART02,183538,e873c32e-5e0c-4f36-b2a7-48d4917bce06-0002ccf2,Roofs,,Genérico - 400 mm,Genérico - 400 mm,,PP > PP-DSC-LGC-DESCASCARADO > Silo de cascara,contenedor_scoring,183538,e873c32e-5e0c-4f36-b2a7-48d4917bce06-0002ccf2,PP > PP-DSC-LGC-DESCASCARADO > Silo de cascara,3,77,NO,200,200,0,cluster_logico_mismo_sector,183538:200:PP > PP-DSC-LGC-DESCASCARADO > Silo de cascara || 183638:200:PP > PP-DSC-LGC-DESCASCARADO > ASPIRADORES > MOLINO > REDLER > ZAranda || 183810:200:PP > PP-DSC-LGC-DESCASCARADO > DCCC || 184070:200:PP > PP-DSC-LGC-DESCASCARADO > quebradores > dccd,PP-DSC-LGC-DESCASCARADO,Cluster lógico: ancestro PP-DSC-LGC-DESCASCARADO en 4 elementos Revit equivalentes.,ambiguo_falso_por_contenedor_duplicado,PP-DSC-LGC-DESCASCARADO,183538;183638;183810;184070,,,distributed,distribucion_round_robin_en_preparar_aplicar,PP,PP-DSC-LGC-DESCASCARADO,Silo de cascara,,,,,,,,,,,,,,,,,,,,,,,,,,,,,,,,,,,,,,,,,,,,,,,,,,,,,,,,,,,,,,,,,,,,,,,,,,,,,
contenedor_logico_duplicado_distributed,contenedor_por_ancestro_project,PP-DSC-CCC-DCCD01,DCCD01 DESC PRIMERA PASADA | Grupo: PP-CCC,71,4,71,PP-DSC-LGC-DCCD,PP-DSC-LGC-DCCD,PP-DSC-LGC-DESCASCARADO > PP-DSC-LGC-DCCD,PP > PP-DSC-LGC-DESCASCARADO > PP-DSC-LGC-DCCD,PP > PP-DSC-LGC-DESCASCARADO > PP-DSC-LGC-DCCD > PP-DSC-CCC-DCCD01,183538,e873c32e-5e0c-4f36-b2a7-48d4917bce06-0002ccf2,Roofs,,Genérico - 400 mm,Genérico - 400 mm,,PP > PP-DSC-LGC-DESCASCARADO > Silo de cascara,contenedor_scoring,183538,e873c32e-5e0c-4f36-b2a7-48d4917bce06-0002ccf2,PP > PP-DSC-LGC-DESCASCARADO > Silo de cascara,3,77,NO,200,200,0,cluster_logico_mismo_sector,183538:200:PP > PP-DSC-LGC-DESCASCARADO > Silo de cascara || 183638:200:PP > PP-DSC-LGC-DESCASCARADO > ASPIRADORES > MOLINO > REDLER > ZAranda || 183810:200:PP > PP-DSC-LGC-DESCASCARADO > DCCC || 184070:200:PP > PP-DSC-LGC-DESCASCARADO > quebradores > dccd,PP-DSC-LGC-DESCASCARADO,Cluster lógico: ancestro PP-DSC-LGC-DESCASCARADO en 4 elementos Revit equivalentes.,ambiguo_falso_por_contenedor_duplicado,PP-DSC-LGC-DESCASCARADO,183538;183638;183810;184070,,,distributed,distribucion_round_robin_en_preparar_aplicar,PP,PP-DSC-LGC-DESCASCARADO,Silo de cascara,,,,,,,,,,,,,,,,,,,,,,,,,,,,,,,,,,,,,,,,,,,,,,,,,,,,,,,,,,,,,,,,,,,,,,,,,,,,,
contenedor_logico_duplicado_distributed,contenedor_por_ancestro_project,PP-DSC-CCC-DCCD02,DCCD02 DESC PRIMERA PASADA | Grupo: PP-CCC,72,4,72,PP-DSC-LGC-DCCD,PP-DSC-LGC-DCCD,PP-DSC-LGC-DESCASCARADO > PP-DSC-LGC-DCCD,PP > PP-DSC-LGC-DESCASCARADO > PP-DSC-LGC-DCCD,PP > PP-DSC-LGC-DESCASCARADO > PP-DSC-LGC-DCCD > PP-DSC-CCC-DCCD02,183538,e873c32e-5e0c-4f36-b2a7-48d4917bce06-0002ccf2,Roofs,,Genérico - 400 mm,Genérico - 400 mm,,PP > PP-DSC-LGC-DESCASCARADO > Silo de cascara,contenedor_scoring,183538,e873c32e-5e0c-4f36-b2a7-48d4917bce06-0002ccf2,PP > PP-DSC-LGC-DESCASCARADO > Silo de cascara,3,77,NO,200,200,0,cluster_logico_mismo_sector,183538:200:PP > PP-DSC-LGC-DESCASCARADO > Silo de cascara || 183638:200:PP > PP-DSC-LGC-DESCASCARADO > ASPIRADORES > MOLINO > REDLER > ZAranda || 183810:200:PP > PP-DSC-LGC-DESCASCARADO > DCCC || 184070:200:PP > PP-DSC-LGC-DESCASCARADO > quebradores > dccd,PP-DSC-LGC-DESCASCARADO,Cluster lógico: ancestro PP-DSC-LGC-DESCASCARADO en 4 elementos Revit equivalentes.,ambiguo_falso_por_contenedor_duplicado,PP-DSC-LGC-DESCASCARADO,183538;183638;183810;184070,,,distributed,distribucion_round_robin_en_preparar_aplicar,PP,PP-DSC-LGC-DESCASCARADO,Silo de cascara,,,,,,,,,,,,,,,,,,,,,,,,,,,,,,,,,,,,,,,,,,,,,,,,,,,,,,,,,,,,,,,,,,,,,,,,,,,,,
contenedor_logico_duplicado_distributed,contenedor_por_ancestro_project,PP-DSC-CCC-DCCD03,DCCD03 DESC PRIMERA PASADA | Grupo: PP-CCC,73,4,73,PP-DSC-LGC-DCCD,PP-DSC-LGC-DCCD,PP-DSC-LGC-DESCASCARADO > PP-DSC-LGC-DCCD,PP > PP-DSC-LGC-DESCASCARADO > PP-DSC-LGC-DCCD,PP > PP-DSC-LGC-DESCASCARADO > PP-DSC-LGC-DCCD > PP-DSC-CCC-DCCD03,183538,e873c32e-5e0c-4f36-b2a7-48d4917bce06-0002ccf2,Roofs,,Genérico - 400 mm,Genérico - 400 mm,,PP > PP-DSC-LGC-DESCASCARADO > Silo de cascara,contenedor_scoring,183538,e873c32e-5e0c-4f36-b2a7-48d4917bce06-0002ccf2,PP > PP-DSC-LGC-DESCASCARADO > Silo de cascara,3,77,NO,200,200,0,cluster_logico_mismo_sector,183538:200:PP > PP-DSC-LGC-DESCASCARADO > Silo de cascara || 183638:200:PP > PP-DSC-LGC-DESCASCARADO > ASPIRADORES > MOLINO > REDLER > ZAranda || 183810:200:PP > PP-DSC-LGC-DESCASCARADO > DCCC || 184070:200:PP > PP-DSC-LGC-DESCASCARADO > quebradores > dccd,PP-DSC-LGC-DESCASCARADO,Cluster lógico: ancestro PP-DSC-LGC-DESCASCARADO en 4 elementos Revit equivalentes.,ambiguo_falso_por_contenedor_duplicado,PP-DSC-LGC-DESCASCARADO,183538;183638;183810;184070,,,distributed,distribucion_round_robin_en_preparar_aplicar,PP,PP-DSC-LGC-DESCASCARADO,Silo de cascara,,,,,,,,,,,,,,,,,,,,,,,,,,,,,,,,,,,,,,,,,,,,,,,,,,,,,,,,,,,,,,,,,,,,,,,,,,,,,
contenedor_logico_duplicado_distributed,contenedor_por_ancestro_project,PP-DSC-CCC-DCCD04,DCCD04 DESC PRIMERA PASADA | Grupo: PP-CCC,74,4,74,PP-DSC-LGC-DCCD,PP-DSC-LGC-DCCD,PP-DSC-LGC-DESCASCARADO > PP-DSC-LGC-DCCD,PP > PP-DSC-LGC-DESCASCARADO > PP-DSC-LGC-DCCD,PP > PP-DSC-LGC-DESCASCARADO > PP-DSC-LGC-DCCD > PP-DSC-CCC-DCCD04,183538,e873c32e-5e0c-4f36-b2a7-48d4917bce06-0002ccf2,Roofs,,Genérico - 400 mm,Genérico - 400 mm,,PP > PP-DSC-LGC-DESCASCARADO > Silo de cascara,contenedor_scoring,183538,e873c32e-5e0c-4f36-b2a7-48d4917bce06-0002ccf2,PP > PP-DSC-LGC-DESCASCARADO > Silo de cascara,3,77,NO,200,200,0,cluster_logico_mismo_sector,183538:200:PP > PP-DSC-LGC-DESCASCARADO > Silo de cascara || 183638:200:PP > PP-DSC-LGC-DESCASCARADO > ASPIRADORES > MOLINO > REDLER > ZAranda || 183810:200:PP > PP-DSC-LGC-DESCASCARADO > DCCC || 184070:200:PP > PP-DSC-LGC-DESCASCARADO > quebradores > dccd,PP-DSC-LGC-DESCASCARADO,Cluster lógico: ancestro PP-DSC-LGC-DESCASCARADO en 4 elementos Revit equivalentes.,ambiguo_falso_por_contenedor_duplicado,PP-DSC-LGC-DESCASCARADO,183538;183638;183810;184070,,,distributed,distribucion_round_robin_en_preparar_aplicar,PP,PP-DSC-LGC-DESCASCARADO,Silo de cascara,,,,,,,,,,,,,,,,,,,,,,,,,,,,,,,,,,,,,,,,,,,,,,,,,,,,,,,,,,,,,,,,,,,,,,,,,,,,,
contenedor_logico_duplicado_distributed,contenedor_por_ancestro_project,PP-DSC-CCC-DCCD05,DCCD05 DESC PRIMERA PASADA | Grupo: PP-CCC,75,4,75,PP-DSC-LGC-DCCD,PP-DSC-LGC-DCCD,PP-DSC-LGC-DESCASCARADO > PP-DSC-LGC-DCCD,PP > PP-DSC-LGC-DESCASCARADO > PP-DSC-LGC-DCCD,PP > PP-DSC-LGC-DESCASCARADO > PP-DSC-LGC-DCCD > PP-DSC-CCC-DCCD05,183538,e873c32e-5e0c-4f36-b2a7-48d4917bce06-0002ccf2,Roofs,,Genérico - 400 mm,Genérico - 400 mm,,PP > PP-DSC-LGC-DESCASCARADO > Silo de cascara,contenedor_scoring,183538,e873c32e-5e0c-4f36-b2a7-48d4917bce06-0002ccf2,PP > PP-DSC-LGC-DESCASCARADO > Silo de cascara,3,77,NO,200,200,0,cluster_logico_mismo_sector,183538:200:PP > PP-DSC-LGC-DESCASCARADO > Silo de cascara || 183638:200:PP > PP-DSC-LGC-DESCASCARADO > ASPIRADORES > MOLINO > REDLER > ZAranda || 183810:200:PP > PP-DSC-LGC-DESCASCARADO > DCCC || 184070:200:PP > PP-DSC-LGC-DESCASCARADO > quebradores > dccd,PP-DSC-LGC-DESCASCARADO,Cluster lógico: ancestro PP-DSC-LGC-DESCASCARADO en 4 elementos Revit equivalentes.,ambiguo_falso_por_contenedor_duplicado,PP-DSC-LGC-DESCASCARADO,183538;183638;183810;184070,,,distributed,distribucion_round_robin_en_preparar_aplicar,PP,PP-DSC-LGC-DESCASCARADO,Silo de cascara,,,,,,,,,,,,,,,,,,,,,,,,,,,,,,,,,,,,,,,,,,,,,,,,,,,,,,,,,,,,,,,,,,,,,,,,,,,,,
contenedor_logico_duplicado_distributed,contenedor_por_ancestro_project,PP-DSC-CCC-DCCD06,DCCD06 DESC PRIMERA PASADA | Grupo: PP-CCC,76,4,76,PP-DSC-LGC-DCCD,PP-DSC-LGC-DCCD,PP-DSC-LGC-DESCASCARADO > PP-DSC-LGC-DCCD,PP > PP-DSC-LGC-DESCASCARADO > PP-DSC-LGC-DCCD,PP > PP-DSC-LGC-DESCASCARADO > PP-DSC-LGC-DCCD > PP-DSC-CCC-DCCD06,183538,e873c32e-5e0c-4f36-b2a7-48d4917bce06-0002ccf2,Roofs,,Genérico - 400 mm,Genérico - 400 mm,,PP > PP-DSC-LGC-DESCASCARADO > Silo de cascara,contenedor_scoring,183538,e873c32e-5e0c-4f36-b2a7-48d4917bce06-0002ccf2,PP > PP-DSC-LGC-DESCASCARADO > Silo de cascara,3,77,NO,200,200,0,cluster_logico_mismo_sector,183538:200:PP > PP-DSC-LGC-DESCASCARADO > Silo de cascara || 183638:200:PP > PP-DSC-LGC-DESCASCARADO > ASPIRADORES > MOLINO > REDLER > ZAranda || 183810:200:PP > PP-DSC-LGC-DESCASCARADO > DCCC || 184070:200:PP > PP-DSC-LGC-DESCASCARADO > quebradores > dccd,PP-DSC-LGC-DESCASCARADO,Cluster lógico: ancestro PP-DSC-LGC-DESCASCARADO en 4 elementos Revit equivalentes.,ambiguo_falso_por_contenedor_duplicado,PP-DSC-LGC-DESCASCARADO,183538;183638;183810;184070,,,distributed,distribucion_round_robin_en_preparar_aplicar,PP,PP-DSC-LGC-DESCASCARADO,Silo de cascara,,,,,,,,,,,,,,,,,,,,,,,,,,,,,,,,,,,,,,,,,,,,,,,,,,,,,,,,,,,,,,,,,,,,,,,,,,,,,
contenedor_logico_duplicado_distributed,contenedor_por_ancestro_project,PP-DSC-VNT-DVE04,VENTILADOR DVE04 DESCASCARADO PRIMERA PASADA | Grupo: PP-VNT DVE04-DVE05,77,4,77,PP-DSC-LGC-DCCD,PP-DSC-LGC-DCCD,PP-DSC-LGC-DESCASCARADO > PP-DSC-LGC-DCCD,PP > PP-DSC-LGC-DESCASCARADO > PP-DSC-LGC-DCCD,PP > PP-DSC-LGC-DESCASCARADO > PP-DSC-LGC-DCCD > PP-DSC-VNT-DVE04,183538,e873c32e-5e0c-4f36-b2a7-48d4917bce06-0002ccf2,Roofs,,Genérico - 400 mm,Genérico - 400 mm,,PP > PP-DSC-LGC-DESCASCARADO > Silo de cascara,contenedor_scoring,183538,e873c32e-5e0c-4f36-b2a7-48d4917bce06-0002ccf2,PP > PP-DSC-LGC-DESCASCARADO > Silo de cascara,3,77,NO,200,200,0,cluster_logico_mismo_sector,183538:200:PP > PP-DSC-LGC-DESCASCARADO > Silo de cascara || 183638:200:PP > PP-DSC-LGC-DESCASCARADO > ASPIRADORES > MOLINO > REDLER > ZAranda || 183810:200:PP > PP-DSC-LGC-DESCASCARADO > DCCC || 184070:200:PP > PP-DSC-LGC-DESCASCARADO > quebradores > dccd,PP-DSC-LGC-DESCASCARADO,Cluster lógico: ancestro PP-DSC-LGC-DESCASCARADO en 4 elementos Revit equivalentes.,ambiguo_falso_por_contenedor_duplicado,PP-DSC-LGC-DESCASCARADO,183538;183638;183810;184070,,,distributed,distribucion_round_robin_en_preparar_aplicar,PP,PP-DSC-LGC-DESCASCARADO,Silo de cascara,,,,,,,,,,,,,,,,,,,,,,,,,,,,,,,,,,,,,,,,,,,,,,,,,,,,,,,,,,,,,,,,,,,,,,,,,,,,,
contenedor_logico_duplicado_distributed,contenedor_por_ancestro_project,PP-DSC-CCL-CDVE04,CICLON DVE04 | Grupo: PP-CCL CICLON DESCASC,78,5,78,PP-DSC-VNT-DVE04,PP-DSC-VNT-DVE04,PP-DSC-LGC-DESCASCARADO > PP-DSC-LGC-DCCD > PP-DSC-VNT-DVE04,PP > PP-DSC-LGC-DESCASCARADO > PP-DSC-LGC-DCCD > PP-DSC-VNT-DVE04,PP > PP-DSC-LGC-DESCASCARADO > PP-DSC-LGC-DCCD > PP-DSC-VNT-DVE04 > PP-DSC-CCL-CDVE04,183538,e873c32e-5e0c-4f36-b2a7-48d4917bce06-0002ccf2,Roofs,,Genérico - 400 mm,Genérico - 400 mm,,PP > PP-DSC-LGC-DESCASCARADO > Silo de cascara,contenedor_scoring,183538,e873c32e-5e0c-4f36-b2a7-48d4917bce06-0002ccf2,PP > PP-DSC-LGC-DESCASCARADO > Silo de cascara,3,77,NO,200,200,0,cluster_logico_mismo_sector,183538:200:PP > PP-DSC-LGC-DESCASCARADO > Silo de cascara || 183638:200:PP > PP-DSC-LGC-DESCASCARADO > ASPIRADORES > MOLINO > REDLER > ZAranda || 183810:200:PP > PP-DSC-LGC-DESCASCARADO > DCCC || 184070:200:PP > PP-DSC-LGC-DESCASCARADO > quebradores > dccd,PP-DSC-LGC-DESCASCARADO,Cluster lógico: ancestro PP-DSC-LGC-DESCASCARADO en 4 elementos Revit equivalentes.,ambiguo_falso_por_contenedor_duplicado,PP-DSC-LGC-DESCASCARADO,183538;183638;183810;184070,,,distributed,distribucion_round_robin_en_preparar_aplicar,PP,PP-DSC-LGC-DESCASCARADO,Silo de cascara,,,,,,,,,,,,,,,,,,,,,,,,,,,,,,,,,,,,,,,,,,,,,,,,,,,,,,,,,,,,,,,,,,,,,,,,,,,,,
contenedor_logico_duplicado_distributed,contenedor_por_ancestro_project,PP-DSC-VLV-DVR03,VALVULA ROTATIVA DVE04 | Grupo: PP-VLV ROTATIVA DVR03 Y DVR04,79,5,79,PP-DSC-VNT-DVE04,PP-DSC-VNT-DVE04,PP-DSC-LGC-DESCASCARADO > PP-DSC-LGC-DCCD > PP-DSC-VNT-DVE04,PP > PP-DSC-LGC-DESCASCARADO > PP-DSC-LGC-DCCD > PP-DSC-VNT-DVE04,PP > PP-DSC-LGC-DESCASCARADO > PP-DSC-LGC-DCCD > PP-DSC-VNT-DVE04 > PP-DSC-VLV-DVR03,183538,e873c32e-5e0c-4f36-b2a7-48d4917bce06-0002ccf2,Roofs,,Genérico - 400 mm,Genérico - 400 mm,,PP > PP-DSC-LGC-DESCASCARADO > Silo de cascara,contenedor_scoring,183538,e873c32e-5e0c-4f36-b2a7-48d4917bce06-0002ccf2,PP > PP-DSC-LGC-DESCASCARADO > Silo de cascara,3,77,NO,200,200,0,cluster_logico_mismo_sector,183538:200:PP > PP-DSC-LGC-DESCASCARADO > Silo de cascara || 183638:200:PP > PP-DSC-LGC-DESCASCARADO > ASPIRADORES > MOLINO > REDLER > ZAranda || 183810:200:PP > PP-DSC-LGC-DESCASCARADO > DCCC || 184070:200:PP > PP-DSC-LGC-DESCASCARADO > quebradores > dccd,PP-DSC-LGC-DESCASCARADO,Cluster lógico: ancestro PP-DSC-LGC-DESCASCARADO en 4 elementos Revit equivalentes.,ambiguo_falso_por_contenedor_duplicado,PP-DSC-LGC-DESCASCARADO,183538;183638;183810;184070,,,distributed,distribucion_round_robin_en_preparar_aplicar,PP,PP-DSC-LGC-DESCASCARADO,Silo de cascara,,,,,,,,,,,,,,,,,,,,,,,,,,,,,,,,,,,,,,,,,,,,,,,,,,,,,,,,,,,,,,,,,,,,,,,,,,,,,
contenedor_logico_duplicado_distributed,contenedor_por_ancestro_project,PP-DSC-VNT-DVE05,VENTILADOR DVE05 DESCASCARADO PRIMERA PASADA | Grupo: PP-VNT DVE04-DVE05,80,4,80,PP-DSC-LGC-DCCD,PP-DSC-LGC-DCCD,PP-DSC-LGC-DESCASCARADO > PP-DSC-LGC-DCCD,PP > PP-DSC-LGC-DESCASCARADO > PP-DSC-LGC-DCCD,PP > PP-DSC-LGC-DESCASCARADO > PP-DSC-LGC-DCCD > PP-DSC-VNT-DVE05,183538,e873c32e-5e0c-4f36-b2a7-48d4917bce06-0002ccf2,Roofs,,Genérico - 400 mm,Genérico - 400 mm,,PP > PP-DSC-LGC-DESCASCARADO > Silo de cascara,contenedor_scoring,183538,e873c32e-5e0c-4f36-b2a7-48d4917bce06-0002ccf2,PP > PP-DSC-LGC-DESCASCARADO > Silo de cascara,3,77,NO,200,200,0,cluster_logico_mismo_sector,183538:200:PP > PP-DSC-LGC-DESCASCARADO > Silo de cascara || 183638:200:PP > PP-DSC-LGC-DESCASCARADO > ASPIRADORES > MOLINO > REDLER > ZAranda || 183810:200:PP > PP-DSC-LGC-DESCASCARADO > DCCC || 184070:200:PP > PP-DSC-LGC-DESCASCARADO > quebradores > dccd,PP-DSC-LGC-DESCASCARADO,Cluster lógico: ancestro PP-DSC-LGC-DESCASCARADO en 4 elementos Revit equivalentes.,ambiguo_falso_por_contenedor_duplicado,PP-DSC-LGC-DESCASCARADO,183538;183638;183810;184070,,,distributed,distribucion_round_robin_en_preparar_aplicar,PP,PP-DSC-LGC-DESCASCARADO,Silo de cascara,,,,,,,,,,,,,,,,,,,,,,,,,,,,,,,,,,,,,,,,,,,,,,,,,,,,,,,,,,,,,,,,,,,,,,,,,,,,,
contenedor_logico_duplicado_distributed,contenedor_por_ancestro_project,PP-DSC-CCL-CDVE05,CICLON DVE05 | Grupo: PP-CCL CICLON DESCASC,81,5,81,PP-DSC-VNT-DVE05,PP-DSC-VNT-DVE05,PP-DSC-LGC-DESCASCARADO > PP-DSC-LGC-DCCD > PP-DSC-VNT-DVE05,PP > PP-DSC-LGC-DESCASCARADO > PP-DSC-LGC-DCCD > PP-DSC-VNT-DVE05,PP > PP-DSC-LGC-DESCASCARADO > PP-DSC-LGC-DCCD > PP-DSC-VNT-DVE05 > PP-DSC-CCL-CDVE05,183538,e873c32e-5e0c-4f36-b2a7-48d4917bce06-0002ccf2,Roofs,,Genérico - 400 mm,Genérico - 400 mm,,PP > PP-DSC-LGC-DESCASCARADO > Silo de cascara,contenedor_scoring,183538,e873c32e-5e0c-4f36-b2a7-48d4917bce06-0002ccf2,PP > PP-DSC-LGC-DESCASCARADO > Silo de cascara,3,77,NO,200,200,0,cluster_logico_mismo_sector,183538:200:PP > PP-DSC-LGC-DESCASCARADO > Silo de cascara || 183638:200:PP > PP-DSC-LGC-DESCASCARADO > ASPIRADORES > MOLINO > REDLER > ZAranda || 183810:200:PP > PP-DSC-LGC-DESCASCARADO > DCCC || 184070:200:PP > PP-DSC-LGC-DESCASCARADO > quebradores > dccd,PP-DSC-LGC-DESCASCARADO,Cluster lógico: ancestro PP-DSC-LGC-DESCASCARADO en 4 elementos Revit equivalentes.,ambiguo_falso_por_contenedor_duplicado,PP-DSC-LGC-DESCASCARADO,183538;183638;183810;184070,,,distributed,distribucion_round_robin_en_preparar_aplicar,PP,PP-DSC-LGC-DESCASCARADO,Silo de cascara,,,,,,,,,,,,,,,,,,,,,,,,,,,,,,,,,,,,,,,,,,,,,,,,,,,,,,,,,,,,,,,,,,,,,,,,,,,,,
contenedor_logico_duplicado_distributed,contenedor_por_ancestro_project,PP-DSC-VLV-DVR04,VALVULA ROTATIVA DVE05 | Grupo: PP-VLV ROTATIVA DVR03 Y DVR04,82,5,82,PP-DSC-VNT-DVE05,PP-DSC-VNT-DVE05,PP-DSC-LGC-DESCASCARADO > PP-DSC-LGC-DCCD > PP-DSC-VNT-DVE05,PP > PP-DSC-LGC-DESCASCARADO > PP-DSC-LGC-DCCD > PP-DSC-VNT-DVE05,PP > PP-DSC-LGC-DESCASCARADO > PP-DSC-LGC-DCCD > PP-DSC-VNT-DVE05 > PP-DSC-VLV-DVR04,183538,e873c32e-5e0c-4f36-b2a7-48d4917bce06-0002ccf2,Roofs,,Genérico - 400 mm,Genérico - 400 mm,,PP > PP-DSC-LGC-DESCASCARADO > Silo de cascara,contenedor_scoring,183538,e873c32e-5e0c-4f36-b2a7-48d4917bce06-0002ccf2,PP > PP-DSC-LGC-DESCASCARADO > Silo de cascara,3,77,NO,200,200,0,cluster_logico_mismo_sector,183538:200:PP > PP-DSC-LGC-DESCASCARADO > Silo de cascara || 183638:200:PP > PP-DSC-LGC-DESCASCARADO > ASPIRADORES > MOLINO > REDLER > ZAranda || 183810:200:PP > PP-DSC-LGC-DESCASCARADO > DCCC || 184070:200:PP > PP-DSC-LGC-DESCASCARADO > quebradores > dccd,PP-DSC-LGC-DESCASCARADO,Cluster lógico: ancestro PP-DSC-LGC-DESCASCARADO en 4 elementos Revit equivalentes.,ambiguo_falso_por_contenedor_duplicado,PP-DSC-LGC-DESCASCARADO,183538;183638;183810;184070,,,distributed,distribucion_round_robin_en_preparar_aplicar,PP,PP-DSC-LGC-DESCASCARADO,Silo de cascara,,,,,,,,,,,,,,,,,,,,,,,,,,,,,,,,,,,,,,,,,,,,,,,,,,,,,,,,,,,,,,,,,,,,,,,,,,,,,
contenedor_logico_duplicado_distributed,contenedor_por_ancestro_project,PP-DSC-LGC-MOLINO,SECTOR MOLINO DESCASCARADO PTA PTO | Grupo: PP-SECTOR MOLINO DESC,83,3,83,PP-DSC-LGC-DESCASCARADO,PP-DSC-LGC-DESCASCARADO,PP-DSC-LGC-DESCASCARADO,PP > PP-DSC-LGC-DESCASCARADO,PP > PP-DSC-LGC-DESCASCARADO > PP-DSC-LGC-MOLINO,183538,e873c32e-5e0c-4f36-b2a7-48d4917bce06-0002ccf2,Roofs,,Genérico - 400 mm,Genérico - 400 mm,,PP > PP-DSC-LGC-DESCASCARADO > Silo de cascara,contenedor_scoring,183538,e873c32e-5e0c-4f36-b2a7-48d4917bce06-0002ccf2,PP > PP-DSC-LGC-DESCASCARADO > Silo de cascara,3,77,NO,200,200,0,cluster_logico_mismo_sector,183538:200:PP > PP-DSC-LGC-DESCASCARADO > Silo de cascara || 183638:200:PP > PP-DSC-LGC-DESCASCARADO > ASPIRADORES > MOLINO > REDLER > ZAranda || 183810:200:PP > PP-DSC-LGC-DESCASCARADO > DCCC || 184070:200:PP > PP-DSC-LGC-DESCASCARADO > quebradores > dccd,PP-DSC-LGC-DESCASCARADO,Cluster lógico: ancestro PP-DSC-LGC-DESCASCARADO en 4 elementos Revit equivalentes.,ambiguo_falso_por_contenedor_duplicado,PP-DSC-LGC-DESCASCARADO,183538;183638;183810;184070,,,distributed,distribucion_round_robin_en_preparar_aplicar,PP,PP-DSC-LGC-DESCASCARADO,Silo de cascara,,,,,,,,,,,,,,,,,,,,,,,,,,,,,,,,,,,,,,,,,,,,,,,,,,,,,,,,,,,,,,,,,,,,,,,,,,,,,
contenedor_logico_duplicado_distributed,contenedor_por_ancestro_project,PP-DSC-BMB-DBS01,SOPLANTE ROOTS CASC A PELLETEADO | Grupo: PP-BMB SOPLANTE DBS01,84,4,84,PP-DSC-LGC-MOLINO,PP-DSC-LGC-MOLINO,PP-DSC-LGC-DESCASCARADO > PP-DSC-LGC-MOLINO,PP > PP-DSC-LGC-DESCASCARADO > PP-DSC-LGC-MOLINO,PP > PP-DSC-LGC-DESCASCARADO > PP-DSC-LGC-MOLINO > PP-DSC-BMB-DBS01,183538,e873c32e-5e0c-4f36-b2a7-48d4917bce06-0002ccf2,Roofs,,Genérico - 400 mm,Genérico - 400 mm,,PP > PP-DSC-LGC-DESCASCARADO > Silo de cascara,contenedor_scoring,183538,e873c32e-5e0c-4f36-b2a7-48d4917bce06-0002ccf2,PP > PP-DSC-LGC-DESCASCARADO > Silo de cascara,3,77,NO,200,200,0,cluster_logico_mismo_sector,183538:200:PP > PP-DSC-LGC-DESCASCARADO > Silo de cascara || 183638:200:PP > PP-DSC-LGC-DESCASCARADO > ASPIRADORES > MOLINO > REDLER > ZAranda || 183810:200:PP > PP-DSC-LGC-DESCASCARADO > DCCC || 184070:200:PP > PP-DSC-LGC-DESCASCARADO > quebradores > dccd,PP-DSC-LGC-DESCASCARADO,Cluster lógico: ancestro PP-DSC-LGC-DESCASCARADO en 4 elementos Revit equivalentes.,ambiguo_falso_por_contenedor_duplicado,PP-DSC-LGC-DESCASCARADO,183538;183638;183810;184070,,,distributed,distribucion_round_robin_en_preparar_aplicar,PP,PP-DSC-LGC-DESCASCARADO,Silo de cascara,,,,,,,,,,,,,,,,,,,,,,,,,,,,,,,,,,,,,,,,,,,,,,,,,,,,,,,,,,,,,,,,,,,,,,,,,,,,,
contenedor_logico_duplicado_distributed,contenedor_por_ancestro_project,PP-DSC-MLN-DM01,MOLINO A MARTILLO DE CASCARA | Grupo: PP-MLN DM01,85,4,85,PP-DSC-LGC-MOLINO,PP-DSC-LGC-MOLINO,PP-DSC-LGC-DESCASCARADO > PP-DSC-LGC-MOLINO,PP > PP-DSC-LGC-DESCASCARADO > PP-DSC-LGC-MOLINO,PP > PP-DSC-LGC-DESCASCARADO > PP-DSC-LGC-MOLINO > PP-DSC-MLN-DM01,183538,e873c32e-5e0c-4f36-b2a7-48d4917bce06-0002ccf2,Roofs,,Genérico - 400 mm,Genérico - 400 mm,,PP > PP-DSC-LGC-DESCASCARADO > Silo de cascara,contenedor_scoring,183538,e873c32e-5e0c-4f36-b2a7-48d4917bce06-0002ccf2,PP > PP-DSC-LGC-DESCASCARADO > Silo de cascara,3,77,NO,200,200,0,cluster_logico_mismo_sector,183538:200:PP > PP-DSC-LGC-DESCASCARADO > Silo de cascara || 183638:200:PP > PP-DSC-LGC-DESCASCARADO > ASPIRADORES > MOLINO > REDLER > ZAranda || 183810:200:PP > PP-DSC-LGC-DESCASCARADO > DCCC || 184070:200:PP > PP-DSC-LGC-DESCASCARADO > quebradores > dccd,PP-DSC-LGC-DESCASCARADO,Cluster lógico: ancestro PP-DSC-LGC-DESCASCARADO en 4 elementos Revit equivalentes.,ambiguo_falso_por_contenedor_duplicado,PP-DSC-LGC-DESCASCARADO,183538;183638;183810;184070,,,distributed,distribucion_round_robin_en_preparar_aplicar,PP,PP-DSC-LGC-DESCASCARADO,Silo de cascara,,,,,,,,,,,,,,,,,,,,,,,,,,,,,,,,,,,,,,,,,,,,,,,,,,,,,,,,,,,,,,,,,,,,,,,,,,,,,
contenedor_logico_duplicado_distributed,contenedor_por_ancestro_project,PP-DSC-RSC-DMA01,ROSCA ALIMENTADOR DE DM01 | Grupo: PP-RSC ALIM DMA01,86,5,86,PP-DSC-MLN-DM01,PP-DSC-MLN-DM01,PP-DSC-LGC-DESCASCARADO > PP-DSC-LGC-MOLINO > PP-DSC-MLN-DM01,PP > PP-DSC-LGC-DESCASCARADO > PP-DSC-LGC-MOLINO > PP-DSC-MLN-DM01,PP > PP-DSC-LGC-DESCASCARADO > PP-DSC-LGC-MOLINO > PP-DSC-MLN-DM01 > PP-DSC-RSC-DMA01,183538,e873c32e-5e0c-4f36-b2a7-48d4917bce06-0002ccf2,Roofs,,Genérico - 400 mm,Genérico - 400 mm,,PP > PP-DSC-LGC-DESCASCARADO > Silo de cascara,contenedor_scoring,183538,e873c32e-5e0c-4f36-b2a7-48d4917bce06-0002ccf2,PP > PP-DSC-LGC-DESCASCARADO > Silo de cascara,3,77,NO,200,200,0,cluster_logico_mismo_sector,183538:200:PP > PP-DSC-LGC-DESCASCARADO > Silo de cascara || 183638:200:PP > PP-DSC-LGC-DESCASCARADO > ASPIRADORES > MOLINO > REDLER > ZAranda || 183810:200:PP > PP-DSC-LGC-DESCASCARADO > DCCC || 184070:200:PP > PP-DSC-LGC-DESCASCARADO > quebradores > dccd,PP-DSC-LGC-DESCASCARADO,Cluster lógico: ancestro PP-DSC-LGC-DESCASCARADO en 4 elementos Revit equivalentes.,ambiguo_falso_por_contenedor_duplicado,PP-DSC-LGC-DESCASCARADO,183538;183638;183810;184070,,,distributed,distribucion_round_robin_en_preparar_aplicar,PP,PP-DSC-LGC-DESCASCARADO,Silo de cascara,,,,,,,,,,,,,,,,,,,,,,,,,,,,,,,,,,,,,,,,,,,,,,,,,,,,,,,,,,,,,,,,,,,,,,,,,,,,,
contenedor_logico_duplicado_distributed,contenedor_por_ancestro_project,PP-DSC-RSC-DSF09,ROSCA DSF09 A DMA01 (MOLINO CASCARA) | Grupo: PP-RSC-DSF09,87,5,87,PP-DSC-MLN-DM01,PP-DSC-MLN-DM01,PP-DSC-LGC-DESCASCARADO > PP-DSC-LGC-MOLINO > PP-DSC-MLN-DM01,PP > PP-DSC-LGC-DESCASCARADO > PP-DSC-LGC-MOLINO > PP-DSC-MLN-DM01,PP > PP-DSC-LGC-DESCASCARADO > PP-DSC-LGC-MOLINO > PP-DSC-MLN-DM01 > PP-DSC-RSC-DSF09,183538,e873c32e-5e0c-4f36-b2a7-48d4917bce06-0002ccf2,Roofs,,Genérico - 400 mm,Genérico - 400 mm,,PP > PP-DSC-LGC-DESCASCARADO > Silo de cascara,contenedor_scoring,183538,e873c32e-5e0c-4f36-b2a7-48d4917bce06-0002ccf2,PP > PP-DSC-LGC-DESCASCARADO > Silo de cascara,3,77,NO,200,200,0,cluster_logico_mismo_sector,183538:200:PP > PP-DSC-LGC-DESCASCARADO > Silo de cascara || 183638:200:PP > PP-DSC-LGC-DESCASCARADO > ASPIRADORES > MOLINO > REDLER > ZAranda || 183810:200:PP > PP-DSC-LGC-DESCASCARADO > DCCC || 184070:200:PP > PP-DSC-LGC-DESCASCARADO > quebradores > dccd,PP-DSC-LGC-DESCASCARADO,Cluster lógico: ancestro PP-DSC-LGC-DESCASCARADO en 4 elementos Revit equivalentes.,ambiguo_falso_por_contenedor_duplicado,PP-DSC-LGC-DESCASCARADO,183538;183638;183810;184070,,,distributed,distribucion_round_robin_en_preparar_aplicar,PP,PP-DSC-LGC-DESCASCARADO,Silo de cascara,,,,,,,,,,,,,,,,,,,,,,,,,,,,,,,,,,,,,,,,,,,,,,,,,,,,,,,,,,,,,,,,,,,,,,,,,,,,,
contenedor_logico_duplicado_distributed,contenedor_por_ancestro_project,PP-DSC-RSC-DSFM01,SALIDA DE MOLINO DM01 | Grupo: PP-RSC-DSFM01,88,5,88,PP-DSC-MLN-DM01,PP-DSC-MLN-DM01,PP-DSC-LGC-DESCASCARADO > PP-DSC-LGC-MOLINO > PP-DSC-MLN-DM01,PP > PP-DSC-LGC-DESCASCARADO > PP-DSC-LGC-MOLINO > PP-DSC-MLN-DM01,PP > PP-DSC-LGC-DESCASCARADO > PP-DSC-LGC-MOLINO > PP-DSC-MLN-DM01 > PP-DSC-RSC-DSFM01,183538,e873c32e-5e0c-4f36-b2a7-48d4917bce06-0002ccf2,Roofs,,Genérico - 400 mm,Genérico - 400 mm,,PP > PP-DSC-LGC-DESCASCARADO > Silo de cascara,contenedor_scoring,183538,e873c32e-5e0c-4f36-b2a7-48d4917bce06-0002ccf2,PP > PP-DSC-LGC-DESCASCARADO > Silo de cascara,3,77,NO,200,200,0,cluster_logico_mismo_sector,183538:200:PP > PP-DSC-LGC-DESCASCARADO > Silo de cascara || 183638:200:PP > PP-DSC-LGC-DESCASCARADO > ASPIRADORES > MOLINO > REDLER > ZAranda || 183810:200:PP > PP-DSC-LGC-DESCASCARADO > DCCC || 184070:200:PP > PP-DSC-LGC-DESCASCARADO > quebradores > dccd,PP-DSC-LGC-DESCASCARADO,Cluster lógico: ancestro PP-DSC-LGC-DESCASCARADO en 4 elementos Revit equivalentes.,ambiguo_falso_por_contenedor_duplicado,PP-DSC-LGC-DESCASCARADO,183538;183638;183810;184070,,,distributed,distribucion_round_robin_en_preparar_aplicar,PP,PP-DSC-LGC-DESCASCARADO,Silo de cascara,,,,,,,,,,,,,,,,,,,,,,,,,,,,,,,,,,,,,,,,,,,,,,,,,,,,,,,,,,,,,,,,,,,,,,,,,,,,,
contenedor_logico_duplicado_distributed,contenedor_por_ancestro_project,PP-DSC-VLV-DVR16,CONJUNTO VALVULA ROTATIVA GRANDE DVR16 (SOPLANTE DBS01) | Grupo: PP-VLV ROTATIVA CONJUNTO DVR16,89,4,89,PP-DSC-LGC-MOLINO,PP-DSC-LGC-MOLINO,PP-DSC-LGC-DESCASCARADO > PP-DSC-LGC-MOLINO,PP > PP-DSC-LGC-DESCASCARADO > PP-DSC-LGC-MOLINO,PP > PP-DSC-LGC-DESCASCARADO > PP-DSC-LGC-MOLINO > PP-DSC-VLV-DVR16,183538,e873c32e-5e0c-4f36-b2a7-48d4917bce06-0002ccf2,Roofs,,Genérico - 400 mm,Genérico - 400 mm,,PP > PP-DSC-LGC-DESCASCARADO > Silo de cascara,contenedor_scoring,183538,e873c32e-5e0c-4f36-b2a7-48d4917bce06-0002ccf2,PP > PP-DSC-LGC-DESCASCARADO > Silo de cascara,3,77,NO,200,200,0,cluster_logico_mismo_sector,183538:200:PP > PP-DSC-LGC-DESCASCARADO > Silo de cascara || 183638:200:PP > PP-DSC-LGC-DESCASCARADO > ASPIRADORES > MOLINO > REDLER > ZAranda || 183810:200:PP > PP-DSC-LGC-DESCASCARADO > DCCC || 184070:200:PP > PP-DSC-LGC-DESCASCARADO > quebradores > dccd,PP-DSC-LGC-DESCASCARADO,Cluster lógico: ancestro PP-DSC-LGC-DESCASCARADO en 4 elementos Revit equivalentes.,ambiguo_falso_por_contenedor_duplicado,PP-DSC-LGC-DESCASCARADO,183538;183638;183810;184070,,,distributed,distribucion_round_robin_en_preparar_aplicar,PP,PP-DSC-LGC-DESCASCARADO,Silo de cascara,,,,,,,,,,,,,,,,,,,,,,,,,,,,,,,,,,,,,,,,,,,,,,,,,,,,,,,,,,,,,,,,,,,,,,,,,,,,,
contenedor_logico_duplicado_distributed,contenedor_por_ancestro_project,PP-DSC-LGC-QUEBRADORES,SECTOR QUEBRADORES PRIMARIOS PTA PTO | Grupo: PP-SECTOR QBR DESC,90,3,90,PP-DSC-LGC-DESCASCARADO,PP-DSC-LGC-DESCASCARADO,PP-DSC-LGC-DESCASCARADO,PP > PP-DSC-LGC-DESCASCARADO,PP > PP-DSC-LGC-DESCASCARADO > PP-DSC-LGC-QUEBRADORES,183538,e873c32e-5e0c-4f36-b2a7-48d4917bce06-0002ccf2,Roofs,,Genérico - 400 mm,Genérico - 400 mm,,PP > PP-DSC-LGC-DESCASCARADO > Silo de cascara,contenedor_scoring,183538,e873c32e-5e0c-4f36-b2a7-48d4917bce06-0002ccf2,PP > PP-DSC-LGC-DESCASCARADO > Silo de cascara,3,77,NO,200,200,0,cluster_logico_mismo_sector,183538:200:PP > PP-DSC-LGC-DESCASCARADO > Silo de cascara || 183638:200:PP > PP-DSC-LGC-DESCASCARADO > ASPIRADORES > MOLINO > REDLER > ZAranda || 183810:200:PP > PP-DSC-LGC-DESCASCARADO > DCCC || 184070:200:PP > PP-DSC-LGC-DESCASCARADO > quebradores > dccd,PP-DSC-LGC-DESCASCARADO,Cluster lógico: ancestro PP-DSC-LGC-DESCASCARADO en 4 elementos Revit equivalentes.,ambiguo_falso_por_contenedor_duplicado,PP-DSC-LGC-DESCASCARADO,183538;183638;183810;184070,,,distributed,distribucion_round_robin_en_preparar_aplicar,PP,PP-DSC-LGC-DESCASCARADO,Silo de cascara,,,,,,,,,,,,,,,,,,,,,,,,,,,,,,,,,,,,,,,,,,,,,,,,,,,,,,,,,,,,,,,,,,,,,,,,,,,,,
contenedor_logico_duplicado_distributed,contenedor_por_ancestro_project,PP-DSC-QBR-DQ01,QUEBRADOR DQ01 DESC PRIMERA PASADA | Grupo: PP-QBR BUHLER,91,4,91,PP-DSC-LGC-QUEBRADORES,PP-DSC-LGC-QUEBRADORES,PP-DSC-LGC-DESCASCARADO > PP-DSC-LGC-QUEBRADORES,PP > PP-DSC-LGC-DESCASCARADO > PP-DSC-LGC-QUEBRADORES,PP > PP-DSC-LGC-DESCASCARADO > PP-DSC-LGC-QUEBRADORES > PP-DSC-QBR-DQ01,183538,e873c32e-5e0c-4f36-b2a7-48d4917bce06-0002ccf2,Roofs,,Genérico - 400 mm,Genérico - 400 mm,,PP > PP-DSC-LGC-DESCASCARADO > Silo de cascara,contenedor_scoring,183538,e873c32e-5e0c-4f36-b2a7-48d4917bce06-0002ccf2,PP > PP-DSC-LGC-DESCASCARADO > Silo de cascara,3,77,NO,200,200,0,cluster_logico_mismo_sector,183538:200:PP > PP-DSC-LGC-DESCASCARADO > Silo de cascara || 183638:200:PP > PP-DSC-LGC-DESCASCARADO > ASPIRADORES > MOLINO > REDLER > ZAranda || 183810:200:PP > PP-DSC-LGC-DESCASCARADO > DCCC || 184070:200:PP > PP-DSC-LGC-DESCASCARADO > quebradores > dccd,PP-DSC-LGC-DESCASCARADO,Cluster lógico: ancestro PP-DSC-LGC-DESCASCARADO en 4 elementos Revit equivalentes.,ambiguo_falso_por_contenedor_duplicado,PP-DSC-LGC-DESCASCARADO,183538;183638;183810;184070,,,distributed,distribucion_round_robin_en_preparar_aplicar,PP,PP-DSC-LGC-DESCASCARADO,Silo de cascara,,,,,,,,,,,,,,,,,,,,,,,,,,,,,,,,,,,,,,,,,,,,,,,,,,,,,,,,,,,,,,,,,,,,,,,,,,,,,
contenedor_logico_duplicado_distributed,contenedor_por_ancestro_project,PP-DSC-ALM-DQA01,ALIMENTADOR DQA01 | Grupo: PP-ALM QBR BUHLER,92,5,92,PP-DSC-QBR-DQ01,PP-DSC-QBR-DQ01,PP-DSC-LGC-DESCASCARADO > PP-DSC-LGC-QUEBRADORES > PP-DSC-QBR-DQ01,PP > PP-DSC-LGC-DESCASCARADO > PP-DSC-LGC-QUEBRADORES > PP-DSC-QBR-DQ01,PP > PP-DSC-LGC-DESCASCARADO > PP-DSC-LGC-QUEBRADORES > PP-DSC-QBR-DQ01 > PP-DSC-ALM-DQA01,183538,e873c32e-5e0c-4f36-b2a7-48d4917bce06-0002ccf2,Roofs,,Genérico - 400 mm,Genérico - 400 mm,,PP > PP-DSC-LGC-DESCASCARADO > Silo de cascara,contenedor_scoring,183538,e873c32e-5e0c-4f36-b2a7-48d4917bce06-0002ccf2,PP > PP-DSC-LGC-DESCASCARADO > Silo de cascara,3,77,NO,200,200,0,cluster_logico_mismo_sector,183538:200:PP > PP-DSC-LGC-DESCASCARADO > Silo de cascara || 183638:200:PP > PP-DSC-LGC-DESCASCARADO > ASPIRADORES > MOLINO > REDLER > ZAranda || 183810:200:PP > PP-DSC-LGC-DESCASCARADO > DCCC || 184070:200:PP > PP-DSC-LGC-DESCASCARADO > quebradores > dccd,PP-DSC-LGC-DESCASCARADO,Cluster lógico: ancestro PP-DSC-LGC-DESCASCARADO en 4 elementos Revit equivalentes.,ambiguo_falso_por_contenedor_duplicado,PP-DSC-LGC-DESCASCARADO,183538;183638;183810;184070,,,distributed,distribucion_round_robin_en_preparar_aplicar,PP,PP-DSC-LGC-DESCASCARADO,Silo de cascara,,,,,,,,,,,,,,,,,,,,,,,,,,,,,,,,,,,,,,,,,,,,,,,,,,,,,,,,,,,,,,,,,,,,,,,,,,,,,
contenedor_logico_duplicado_distributed,contenedor_por_ancestro_project,PP-DSC-QBR-DQ02,QUEBRADOR DQ02 DESC PRIMERA PASADA | Grupo: PP-QBR BUHLER,93,4,93,PP-DSC-LGC-QUEBRADORES,PP-DSC-LGC-QUEBRADORES,PP-DSC-LGC-DESCASCARADO > PP-DSC-LGC-QUEBRADORES,PP > PP-DSC-LGC-DESCASCARADO > PP-DSC-LGC-QUEBRADORES,PP > PP-DSC-LGC-DESCASCARADO > PP-DSC-LGC-QUEBRADORES > PP-DSC-QBR-DQ02,183538,e873c32e-5e0c-4f36-b2a7-48d4917bce06-0002ccf2,Roofs,,Genérico - 400 mm,Genérico - 400 mm,,PP > PP-DSC-LGC-DESCASCARADO > Silo de cascara,contenedor_scoring,183538,e873c32e-5e0c-4f36-b2a7-48d4917bce06-0002ccf2,PP > PP-DSC-LGC-DESCASCARADO > Silo de cascara,3,77,NO,200,200,0,cluster_logico_mismo_sector,183538:200:PP > PP-DSC-LGC-DESCASCARADO > Silo de cascara || 183638:200:PP > PP-DSC-LGC-DESCASCARADO > ASPIRADORES > MOLINO > REDLER > ZAranda || 183810:200:PP > PP-DSC-LGC-DESCASCARADO > DCCC || 184070:200:PP > PP-DSC-LGC-DESCASCARADO > quebradores > dccd,PP-DSC-LGC-DESCASCARADO,Cluster lógico: ancestro PP-DSC-LGC-DESCASCARADO en 4 elementos Revit equivalentes.,ambiguo_falso_por_contenedor_duplicado,PP-DSC-LGC-DESCASCARADO,183538;183638;183810;184070,,,distributed,distribucion_round_robin_en_preparar_aplicar,PP,PP-DSC-LGC-DESCASCARADO,Silo de cascara,,,,,,,,,,,,,,,,,,,,,,,,,,,,,,,,,,,,,,,,,,,,,,,,,,,,,,,,,,,,,,,,,,,,,,,,,,,,,
contenedor_logico_duplicado_distributed,contenedor_por_ancestro_project,PP-DSC-ALM-DQA02,ALIMENTADOR DQA02 | Grupo: PP-ALM QBR BUHLER,94,5,94,PP-DSC-QBR-DQ02,PP-DSC-QBR-DQ02,PP-DSC-LGC-DESCASCARADO > PP-DSC-LGC-QUEBRADORES > PP-DSC-QBR-DQ02,PP > PP-DSC-LGC-DESCASCARADO > PP-DSC-LGC-QUEBRADORES > PP-DSC-QBR-DQ02,PP > PP-DSC-LGC-DESCASCARADO > PP-DSC-LGC-QUEBRADORES > PP-DSC-QBR-DQ02 > PP-DSC-ALM-DQA02,183538,e873c32e-5e0c-4f36-b2a7-48d4917bce06-0002ccf2,Roofs,,Genérico - 400 mm,Genérico - 400 mm,,PP > PP-DSC-LGC-DESCASCARADO > Silo de cascara,contenedor_scoring,183538,e873c32e-5e0c-4f36-b2a7-48d4917bce06-0002ccf2,PP > PP-DSC-LGC-DESCASCARADO > Silo de cascara,3,77,NO,200,200,0,cluster_logico_mismo_sector,183538:200:PP > PP-DSC-LGC-DESCASCARADO > Silo de cascara || 183638:200:PP > PP-DSC-LGC-DESCASCARADO > ASPIRADORES > MOLINO > REDLER > ZAranda || 183810:200:PP > PP-DSC-LGC-DESCASCARADO > DCCC || 184070:200:PP > PP-DSC-LGC-DESCASCARADO > quebradores > dccd,PP-DSC-LGC-DESCASCARADO,Cluster lógico: ancestro PP-DSC-LGC-DESCASCARADO en 4 elementos Revit equivalentes.,ambiguo_falso_por_contenedor_duplicado,PP-DSC-LGC-DESCASCARADO,183538;183638;183810;184070,,,distributed,distribucion_round_robin_en_preparar_aplicar,PP,PP-DSC-LGC-DESCASCARADO,Silo de cascara,,,,,,,,,,,,,,,,,,,,,,,,,,,,,,,,,,,,,,,,,,,,,,,,,,,,,,,,,,,,,,,,,,,,,,,,,,,,,
contenedor_logico_duplicado_distributed,contenedor_por_ancestro_project,PP-DSC-QBR-DQ03,QUEBRADOR DQ03 DESC PRIMERA PASADA | Grupo: PP-QBR BUHLER,95,4,95,PP-DSC-LGC-QUEBRADORES,PP-DSC-LGC-QUEBRADORES,PP-DSC-LGC-DESCASCARADO > PP-DSC-LGC-QUEBRADORES,PP > PP-DSC-LGC-DESCASCARADO > PP-DSC-LGC-QUEBRADORES,PP > PP-DSC-LGC-DESCASCARADO > PP-DSC-LGC-QUEBRADORES > PP-DSC-QBR-DQ03,183538,e873c32e-5e0c-4f36-b2a7-48d4917bce06-0002ccf2,Roofs,,Genérico - 400 mm,Genérico - 400 mm,,PP > PP-DSC-LGC-DESCASCARADO > Silo de cascara,contenedor_scoring,183538,e873c32e-5e0c-4f36-b2a7-48d4917bce06-0002ccf2,PP > PP-DSC-LGC-DESCASCARADO > Silo de cascara,3,77,NO,200,200,0,cluster_logico_mismo_sector,183538:200:PP > PP-DSC-LGC-DESCASCARADO > Silo de cascara || 183638:200:PP > PP-DSC-LGC-DESCASCARADO > ASPIRADORES > MOLINO > REDLER > ZAranda || 183810:200:PP > PP-DSC-LGC-DESCASCARADO > DCCC || 184070:200:PP > PP-DSC-LGC-DESCASCARADO > quebradores > dccd,PP-DSC-LGC-DESCASCARADO,Cluster lógico: ancestro PP-DSC-LGC-DESCASCARADO en 4 elementos Revit equivalentes.,ambiguo_falso_por_contenedor_duplicado,PP-DSC-LGC-DESCASCARADO,183538;183638;183810;184070,,,distributed,distribucion_round_robin_en_preparar_aplicar,PP,PP-DSC-LGC-DESCASCARADO,Silo de cascara,,,,,,,,,,,,,,,,,,,,,,,,,,,,,,,,,,,,,,,,,,,,,,,,,,,,,,,,,,,,,,,,,,,,,,,,,,,,,
contenedor_logico_duplicado_distributed,contenedor_por_ancestro_project,PP-DSC-ALM-DQA03,ALIMENTADOR DQA03 | Grupo: PP-ALM QBR BUHLER,96,5,96,PP-DSC-QBR-DQ03,PP-DSC-QBR-DQ03,PP-DSC-LGC-DESCASCARADO > PP-DSC-LGC-QUEBRADORES > PP-DSC-QBR-DQ03,PP > PP-DSC-LGC-DESCASCARADO > PP-DSC-LGC-QUEBRADORES > PP-DSC-QBR-DQ03,PP > PP-DSC-LGC-DESCASCARADO > PP-DSC-LGC-QUEBRADORES > PP-DSC-QBR-DQ03 > PP-DSC-ALM-DQA03,183538,e873c32e-5e0c-4f36-b2a7-48d4917bce06-0002ccf2,Roofs,,Genérico - 400 mm,Genérico - 400 mm,,PP > PP-DSC-LGC-DESCASCARADO > Silo de cascara,contenedor_scoring,183538,e873c32e-5e0c-4f36-b2a7-48d4917bce06-0002ccf2,PP > PP-DSC-LGC-DESCASCARADO > Silo de cascara,3,77,NO,200,200,0,cluster_logico_mismo_sector,183538:200:PP > PP-DSC-LGC-DESCASCARADO > Silo de cascara || 183638:200:PP > PP-DSC-LGC-DESCASCARADO > ASPIRADORES > MOLINO > REDLER > ZAranda || 183810:200:PP > PP-DSC-LGC-DESCASCARADO > DCCC || 184070:200:PP > PP-DSC-LGC-DESCASCARADO > quebradores > dccd,PP-DSC-LGC-DESCASCARADO,Cluster lógico: ancestro PP-DSC-LGC-DESCASCARADO en 4 elementos Revit equivalentes.,ambiguo_falso_por_contenedor_duplicado,PP-DSC-LGC-DESCASCARADO,183538;183638;183810;184070,,,distributed,distribucion_round_robin_en_preparar_aplicar,PP,PP-DSC-LGC-DESCASCARADO,Silo de cascara,,,,,,,,,,,,,,,,,,,,,,,,,,,,,,,,,,,,,,,,,,,,,,,,,,,,,,,,,,,,,,,,,,,,,,,,,,,,,
contenedor_logico_duplicado_distributed,contenedor_por_ancestro_project,PP-DSC-QBR-DQ04,QUEBRADOR DQ04 DESC PRIMERA PASADA | Grupo: PP-QBR DQ04,97,4,97,PP-DSC-LGC-QUEBRADORES,PP-DSC-LGC-QUEBRADORES,PP-DSC-LGC-DESCASCARADO > PP-DSC-LGC-QUEBRADORES,PP > PP-DSC-LGC-DESCASCARADO > PP-DSC-LGC-QUEBRADORES,PP > PP-DSC-LGC-DESCASCARADO > PP-DSC-LGC-QUEBRADORES > PP-DSC-QBR-DQ04,183538,e873c32e-5e0c-4f36-b2a7-48d4917bce06-0002ccf2,Roofs,,Genérico - 400 mm,Genérico - 400 mm,,PP > PP-DSC-LGC-DESCASCARADO > Silo de cascara,contenedor_scoring,183538,e873c32e-5e0c-4f36-b2a7-48d4917bce06-0002ccf2,PP > PP-DSC-LGC-DESCASCARADO > Silo de cascara,3,77,NO,200,200,0,cluster_logico_mismo_sector,183538:200:PP > PP-DSC-LGC-DESCASCARADO > Silo de cascara || 183638:200:PP > PP-DSC-LGC-DESCASCARADO > ASPIRADORES > MOLINO > REDLER > ZAranda || 183810:200:PP > PP-DSC-LGC-DESCASCARADO > DCCC || 184070:200:PP > PP-DSC-LGC-DESCASCARADO > quebradores > dccd,PP-DSC-LGC-DESCASCARADO,Cluster lógico: ancestro PP-DSC-LGC-DESCASCARADO en 4 elementos Revit equivalentes.,ambiguo_falso_por_contenedor_duplicado,PP-DSC-LGC-DESCASCARADO,183538;183638;183810;184070,,,distributed,distribucion_round_robin_en_preparar_aplicar,PP,PP-DSC-LGC-DESCASCARADO,Silo de cascara,,,,,,,,,,,,,,,,,,,,,,,,,,,,,,,,,,,,,,,,,,,,,,,,,,,,,,,,,,,,,,,,,,,,,,,,,,,,,
contenedor_logico_duplicado_distributed,contenedor_por_ancestro_project,PP-DSC-ALM-DQA04,ALIMENTADOR DQA04 | Grupo: PP-ALM QBR DQA04,98,5,98,PP-DSC-QBR-DQ04,PP-DSC-QBR-DQ04,PP-DSC-LGC-DESCASCARADO > PP-DSC-LGC-QUEBRADORES > PP-DSC-QBR-DQ04,PP > PP-DSC-LGC-DESCASCARADO > PP-DSC-LGC-QUEBRADORES > PP-DSC-QBR-DQ04,PP > PP-DSC-LGC-DESCASCARADO > PP-DSC-LGC-QUEBRADORES > PP-DSC-QBR-DQ04 > PP-DSC-ALM-DQA04,183538,e873c32e-5e0c-4f36-b2a7-48d4917bce06-0002ccf2,Roofs,,Genérico - 400 mm,Genérico - 400 mm,,PP > PP-DSC-LGC-DESCASCARADO > Silo de cascara,contenedor_scoring,183538,e873c32e-5e0c-4f36-b2a7-48d4917bce06-0002ccf2,PP > PP-DSC-LGC-DESCASCARADO > Silo de cascara,3,77,NO,200,200,0,cluster_logico_mismo_sector,183538:200:PP > PP-DSC-LGC-DESCASCARADO > Silo de cascara || 183638:200:PP > PP-DSC-LGC-DESCASCARADO > ASPIRADORES > MOLINO > REDLER > ZAranda || 183810:200:PP > PP-DSC-LGC-DESCASCARADO > DCCC || 184070:200:PP > PP-DSC-LGC-DESCASCARADO > quebradores > dccd,PP-DSC-LGC-DESCASCARADO,Cluster lógico: ancestro PP-DSC-LGC-DESCASCARADO en 4 elementos Revit equivalentes.,ambiguo_falso_por_contenedor_duplicado,PP-DSC-LGC-DESCASCARADO,183538;183638;183810;184070,,,distributed,distribucion_round_robin_en_preparar_aplicar,PP,PP-DSC-LGC-DESCASCARADO,Silo de cascara,,,,,,,,,,,,,,,,,,,,,,,,,,,,,,,,,,,,,,,,,,,,,,,,,,,,,,,,,,,,,,,,,,,,,,,,,,,,,
contenedor_logico_duplicado_distributed,contenedor_por_ancestro_project,PP-DSC-QBR-DQ05,QUEBRADOR DQ05 DESC PRIMERA PASADA | Grupo: PP-QBR BUHLER,99,4,99,PP-DSC-LGC-QUEBRADORES,PP-DSC-LGC-QUEBRADORES,PP-DSC-LGC-DESCASCARADO > PP-DSC-LGC-QUEBRADORES,PP > PP-DSC-LGC-DESCASCARADO > PP-DSC-LGC-QUEBRADORES,PP > PP-DSC-LGC-DESCASCARADO > PP-DSC-LGC-QUEBRADORES > PP-DSC-QBR-DQ05,183538,e873c32e-5e0c-4f36-b2a7-48d4917bce06-0002ccf2,Roofs,,Genérico - 400 mm,Genérico - 400 mm,,PP > PP-DSC-LGC-DESCASCARADO > Silo de cascara,contenedor_scoring,183538,e873c32e-5e0c-4f36-b2a7-48d4917bce06-0002ccf2,PP > PP-DSC-LGC-DESCASCARADO > Silo de cascara,3,77,NO,200,200,0,cluster_logico_mismo_sector,183538:200:PP > PP-DSC-LGC-DESCASCARADO > Silo de cascara || 183638:200:PP > PP-DSC-LGC-DESCASCARADO > ASPIRADORES > MOLINO > REDLER > ZAranda || 183810:200:PP > PP-DSC-LGC-DESCASCARADO > DCCC || 184070:200:PP > PP-DSC-LGC-DESCASCARADO > quebradores > dccd,PP-DSC-LGC-DESCASCARADO,Cluster lógico: ancestro PP-DSC-LGC-DESCASCARADO en 4 elementos Revit equivalentes.,ambiguo_falso_por_contenedor_duplicado,PP-DSC-LGC-DESCASCARADO,183538;183638;183810;184070,,,distributed,distribucion_round_robin_en_preparar_aplicar,PP,PP-DSC-LGC-DESCASCARADO,Silo de cascara,,,,,,,,,,,,,,,,,,,,,,,,,,,,,,,,,,,,,,,,,,,,,,,,,,,,,,,,,,,,,,,,,,,,,,,,,,,,,
contenedor_logico_duplicado_distributed,contenedor_por_ancestro_project,PP-DSC-ALM-DQA05,ALIMENTADOR DQA05 | Grupo: PP-ALM QBR BUHLER,100,5,100,PP-DSC-QBR-DQ05,PP-DSC-QBR-DQ05,PP-DSC-LGC-DESCASCARADO > PP-DSC-LGC-QUEBRADORES > PP-DSC-QBR-DQ05,PP > PP-DSC-LGC-DESCASCARADO > PP-DSC-LGC-QUEBRADORES > PP-DSC-QBR-DQ05,PP > PP-DSC-LGC-DESCASCARADO > PP-DSC-LGC-QUEBRADORES > PP-DSC-QBR-DQ05 > PP-DSC-ALM-DQA05,183538,e873c32e-5e0c-4f36-b2a7-48d4917bce06-0002ccf2,Roofs,,Genérico - 400 mm,Genérico - 400 mm,,PP > PP-DSC-LGC-DESCASCARADO > Silo de cascara,contenedor_scoring,183538,e873c32e-5e0c-4f36-b2a7-48d4917bce06-0002ccf2,PP > PP-DSC-LGC-DESCASCARADO > Silo de cascara,3,77,NO,200,200,0,cluster_logico_mismo_sector,183538:200:PP > PP-DSC-LGC-DESCASCARADO > Silo de cascara || 183638:200:PP > PP-DSC-LGC-DESCASCARADO > ASPIRADORES > MOLINO > REDLER > ZAranda || 183810:200:PP > PP-DSC-LGC-DESCASCARADO > DCCC || 184070:200:PP > PP-DSC-LGC-DESCASCARADO > quebradores > dccd,PP-DSC-LGC-DESCASCARADO,Cluster lógico: ancestro PP-DSC-LGC-DESCASCARADO en 4 elementos Revit equivalentes.,ambiguo_falso_por_contenedor_duplicado,PP-DSC-LGC-DESCASCARADO,183538;183638;183810;184070,,,distributed,distribucion_round_robin_en_preparar_aplicar,PP,PP-DSC-LGC-DESCASCARADO,Silo de cascara,,,,,,,,,,,,,,,,,,,,,,,,,,,,,,,,,,,,,,,,,,,,,,,,,,,,,,,,,,,,,,,,,,,,,,,,,,,,,
contenedor_logico_duplicado_distributed,contenedor_por_ancestro_project,PP-DSC-QBR-DQ06,QUEBRADOR DQ06 DESC PRIMERA PASADA | Grupo: PP-QBR BUHLER,101,4,101,PP-DSC-LGC-QUEBRADORES,PP-DSC-LGC-QUEBRADORES,PP-DSC-LGC-DESCASCARADO > PP-DSC-LGC-QUEBRADORES,PP > PP-DSC-LGC-DESCASCARADO > PP-DSC-LGC-QUEBRADORES,PP > PP-DSC-LGC-DESCASCARADO > PP-DSC-LGC-QUEBRADORES > PP-DSC-QBR-DQ06,183538,e873c32e-5e0c-4f36-b2a7-48d4917bce06-0002ccf2,Roofs,,Genérico - 400 mm,Genérico - 400 mm,,PP > PP-DSC-LGC-DESCASCARADO > Silo de cascara,contenedor_scoring,183538,e873c32e-5e0c-4f36-b2a7-48d4917bce06-0002ccf2,PP > PP-DSC-LGC-DESCASCARADO > Silo de cascara,3,77,NO,200,200,0,cluster_logico_mismo_sector,183538:200:PP > PP-DSC-LGC-DESCASCARADO > Silo de cascara || 183638:200:PP > PP-DSC-LGC-DESCASCARADO > ASPIRADORES > MOLINO > REDLER > ZAranda || 183810:200:PP > PP-DSC-LGC-DESCASCARADO > DCCC || 184070:200:PP > PP-DSC-LGC-DESCASCARADO > quebradores > dccd,PP-DSC-LGC-DESCASCARADO,Cluster lógico: ancestro PP-DSC-LGC-DESCASCARADO en 4 elementos Revit equivalentes.,ambiguo_falso_por_contenedor_duplicado,PP-DSC-LGC-DESCASCARADO,183538;183638;183810;184070,,,distributed,distribucion_round_robin_en_preparar_aplicar,PP,PP-DSC-LGC-DESCASCARADO,Silo de cascara,,,,,,,,,,,,,,,,,,,,,,,,,,,,,,,,,,,,,,,,,,,,,,,,,,,,,,,,,,,,,,,,,,,,,,,,,,,,,
contenedor_logico_duplicado_distributed,contenedor_por_ancestro_project,PP-DSC-ALM-DQA06,ALIMENTADOR DQA06 | Grupo: PP-ALM QBR BUHLER,102,5,102,PP-DSC-QBR-DQ06,PP-DSC-QBR-DQ06,PP-DSC-LGC-DESCASCARADO > PP-DSC-LGC-QUEBRADORES > PP-DSC-QBR-DQ06,PP > PP-DSC-LGC-DESCASCARADO > PP-DSC-LGC-QUEBRADORES > PP-DSC-QBR-DQ06,PP > PP-DSC-LGC-DESCASCARADO > PP-DSC-LGC-QUEBRADORES > PP-DSC-QBR-DQ06 > PP-DSC-ALM-DQA06,183538,e873c32e-5e0c-4f36-b2a7-48d4917bce06-0002ccf2,Roofs,,Genérico - 400 mm,Genérico - 400 mm,,PP > PP-DSC-LGC-DESCASCARADO > Silo de cascara,contenedor_scoring,183538,e873c32e-5e0c-4f36-b2a7-48d4917bce06-0002ccf2,PP > PP-DSC-LGC-DESCASCARADO > Silo de cascara,3,77,NO,200,200,0,cluster_logico_mismo_sector,183538:200:PP > PP-DSC-LGC-DESCASCARADO > Silo de cascara || 183638:200:PP > PP-DSC-LGC-DESCASCARADO > ASPIRADORES > MOLINO > REDLER > ZAranda || 183810:200:PP > PP-DSC-LGC-DESCASCARADO > DCCC || 184070:200:PP > PP-DSC-LGC-DESCASCARADO > quebradores > dccd,PP-DSC-LGC-DESCASCARADO,Cluster lógico: ancestro PP-DSC-LGC-DESCASCARADO en 4 elementos Revit equivalentes.,ambiguo_falso_por_contenedor_duplicado,PP-DSC-LGC-DESCASCARADO,183538;183638;183810;184070,,,distributed,distribucion_round_robin_en_preparar_aplicar,PP,PP-DSC-LGC-DESCASCARADO,Silo de cascara,,,,,,,,,,,,,,,,,,,,,,,,,,,,,,,,,,,,,,,,,,,,,,,,,,,,,,,,,,,,,,,,,,,,,,,,,,,,,
contenedor_logico_duplicado_distributed,contenedor_por_ancestro_project,PP-DSC-LGC-REDLER,CONJUNTO REDLER DESCASCARADO PTA PTO | Grupo: PP-CONJ RDL DESC,103,3,103,PP-DSC-LGC-DESCASCARADO,PP-DSC-LGC-DESCASCARADO,PP-DSC-LGC-DESCASCARADO,PP > PP-DSC-LGC-DESCASCARADO,PP > PP-DSC-LGC-DESCASCARADO > PP-DSC-LGC-REDLER,183538,e873c32e-5e0c-4f36-b2a7-48d4917bce06-0002ccf2,Roofs,,Genérico - 400 mm,Genérico - 400 mm,,PP > PP-DSC-LGC-DESCASCARADO > Silo de cascara,contenedor_scoring,183538,e873c32e-5e0c-4f36-b2a7-48d4917bce06-0002ccf2,PP > PP-DSC-LGC-DESCASCARADO > Silo de cascara,3,77,NO,200,200,0,cluster_logico_mismo_sector,183538:200:PP > PP-DSC-LGC-DESCASCARADO > Silo de cascara || 183638:200:PP > PP-DSC-LGC-DESCASCARADO > ASPIRADORES > MOLINO > REDLER > ZAranda || 183810:200:PP > PP-DSC-LGC-DESCASCARADO > DCCC || 184070:200:PP > PP-DSC-LGC-DESCASCARADO > quebradores > dccd,PP-DSC-LGC-DESCASCARADO,Cluster lógico: ancestro PP-DSC-LGC-DESCASCARADO en 4 elementos Revit equivalentes.,ambiguo_falso_por_contenedor_duplicado,PP-DSC-LGC-DESCASCARADO,183538;183638;183810;184070,,,distributed,distribucion_round_robin_en_preparar_aplicar,PP,PP-DSC-LGC-DESCASCARADO,Silo de cascara,,,,,,,,,,,,,,,,,,,,,,,,,,,,,,,,,,,,,,,,,,,,,,,,,,,,,,,,,,,,,,,,,,,,,,,,,,,,,
contenedor_logico_duplicado_distributed,contenedor_por_ancestro_project,PP-DSC-RDL-DR02,REDLER DR02 CARGA QUEBRADORES DESCASCARADO PRIMERA PASADA | Grupo: PP-REDLER DR02,104,4,104,PP-DSC-LGC-REDLER,PP-DSC-LGC-REDLER,PP-DSC-LGC-DESCASCARADO > PP-DSC-LGC-REDLER,PP > PP-DSC-LGC-DESCASCARADO > PP-DSC-LGC-REDLER,PP > PP-DSC-LGC-DESCASCARADO > PP-DSC-LGC-REDLER > PP-DSC-RDL-DR02,183538,e873c32e-5e0c-4f36-b2a7-48d4917bce06-0002ccf2,Roofs,,Genérico - 400 mm,Genérico - 400 mm,,PP > PP-DSC-LGC-DESCASCARADO > Silo de cascara,contenedor_scoring,183538,e873c32e-5e0c-4f36-b2a7-48d4917bce06-0002ccf2,PP > PP-DSC-LGC-DESCASCARADO > Silo de cascara,3,77,NO,200,200,0,cluster_logico_mismo_sector,183538:200:PP > PP-DSC-LGC-DESCASCARADO > Silo de cascara || 183638:200:PP > PP-DSC-LGC-DESCASCARADO > ASPIRADORES > MOLINO > REDLER > ZAranda || 183810:200:PP > PP-DSC-LGC-DESCASCARADO > DCCC || 184070:200:PP > PP-DSC-LGC-DESCASCARADO > quebradores > dccd,PP-DSC-LGC-DESCASCARADO,Cluster lógico: ancestro PP-DSC-LGC-DESCASCARADO en 4 elementos Revit equivalentes.,ambiguo_falso_por_contenedor_duplicado,PP-DSC-LGC-DESCASCARADO,183538;183638;183810;184070,,,distributed,distribucion_round_robin_en_preparar_aplicar,PP,PP-DSC-LGC-DESCASCARADO,Silo de cascara,,,,,,,,,,,,,,,,,,,,,,,,,,,,,,,,,,,,,,,,,,,,,,,,,,,,,,,,,,,,,,,,,,,,,,,,,,,,,
contenedor_logico_duplicado_distributed,contenedor_por_ancestro_project,PP-DSC-RDL-DR05A,RECIBE RZ01A A DR05 (QUEBRADORES) | Grupo: PP-REDLER DR05A,106,4,106,PP-DSC-LGC-REDLER,PP-DSC-LGC-REDLER,PP-DSC-LGC-DESCASCARADO > PP-DSC-LGC-REDLER,PP > PP-DSC-LGC-DESCASCARADO > PP-DSC-LGC-REDLER,PP > PP-DSC-LGC-DESCASCARADO > PP-DSC-LGC-REDLER > PP-DSC-RDL-DR05A,183538,e873c32e-5e0c-4f36-b2a7-48d4917bce06-0002ccf2,Roofs,,Genérico - 400 mm,Genérico - 400 mm,,PP > PP-DSC-LGC-DESCASCARADO > Silo de cascara,contenedor_scoring,183538,e873c32e-5e0c-4f36-b2a7-48d4917bce06-0002ccf2,PP > PP-DSC-LGC-DESCASCARADO > Silo de cascara,3,77,NO,200,200,0,cluster_logico_mismo_sector,183538:200:PP > PP-DSC-LGC-DESCASCARADO > Silo de cascara || 183638:200:PP > PP-DSC-LGC-DESCASCARADO > ASPIRADORES > MOLINO > REDLER > ZAranda || 183810:200:PP > PP-DSC-LGC-DESCASCARADO > DCCC || 184070:200:PP > PP-DSC-LGC-DESCASCARADO > quebradores > dccd,PP-DSC-LGC-DESCASCARADO,Cluster lógico: ancestro PP-DSC-LGC-DESCASCARADO en 4 elementos Revit equivalentes.,ambiguo_falso_por_contenedor_duplicado,PP-DSC-LGC-DESCASCARADO,183538;183638;183810;184070,,,distributed,distribucion_round_robin_en_preparar_aplicar,PP,PP-DSC-LGC-DESCASCARADO,Silo de cascara,,,,,,,,,,,,,,,,,,,,,,,,,,,,,,,,,,,,,,,,,,,,,,,,,,,,,,,,,,,,,,,,,,,,,,,,,,,,,
contenedor_logico_duplicado_distributed,contenedor_por_ancestro_project,PP-DSC-RDL-DR08,REDLER DR08 REDLER A RZ02 | Grupo: PP-REDLER DR08,107,4,107,PP-DSC-LGC-REDLER,PP-DSC-LGC-REDLER,PP-DSC-LGC-DESCASCARADO > PP-DSC-LGC-REDLER,PP > PP-DSC-LGC-DESCASCARADO > PP-DSC-LGC-REDLER,PP > PP-DSC-LGC-DESCASCARADO > PP-DSC-LGC-REDLER > PP-DSC-RDL-DR08,183538,e873c32e-5e0c-4f36-b2a7-48d4917bce06-0002ccf2,Roofs,,Genérico - 400 mm,Genérico - 400 mm,,PP > PP-DSC-LGC-DESCASCARADO > Silo de cascara,contenedor_scoring,183538,e873c32e-5e0c-4f36-b2a7-48d4917bce06-0002ccf2,PP > PP-DSC-LGC-DESCASCARADO > Silo de cascara,3,77,NO,200,200,0,cluster_logico_mismo_sector,183538:200:PP > PP-DSC-LGC-DESCASCARADO > Silo de cascara || 183638:200:PP > PP-DSC-LGC-DESCASCARADO > ASPIRADORES > MOLINO > REDLER > ZAranda || 183810:200:PP > PP-DSC-LGC-DESCASCARADO > DCCC || 184070:200:PP > PP-DSC-LGC-DESCASCARADO > quebradores > dccd,PP-DSC-LGC-DESCASCARADO,Cluster lógico: ancestro PP-DSC-LGC-DESCASCARADO en 4 elementos Revit equivalentes.,ambiguo_falso_por_contenedor_duplicado,PP-DSC-LGC-DESCASCARADO,183538;183638;183810;184070,,,distributed,distribucion_round_robin_en_preparar_aplicar,PP,PP-DSC-LGC-DESCASCARADO,Silo de cascara,,,,,,,,,,,,,,,,,,,,,,,,,,,,,,,,,,,,,,,,,,,,,,,,,,,,,,,,,,,,,,,,,,,,,,,,,,,,,
contenedor_logico_duplicado_distributed,contenedor_por_ancestro_project,PP-DSC-RDL-DR09,REDLER DR09 REDLER A RZ03 | Grupo: PP-REDLER DR09,108,4,108,PP-DSC-LGC-REDLER,PP-DSC-LGC-REDLER,PP-DSC-LGC-DESCASCARADO > PP-DSC-LGC-REDLER,PP > PP-DSC-LGC-DESCASCARADO > PP-DSC-LGC-REDLER,PP > PP-DSC-LGC-DESCASCARADO > PP-DSC-LGC-REDLER > PP-DSC-RDL-DR09,183538,e873c32e-5e0c-4f36-b2a7-48d4917bce06-0002ccf2,Roofs,,Genérico - 400 mm,Genérico - 400 mm,,PP > PP-DSC-LGC-DESCASCARADO > Silo de cascara,contenedor_scoring,183538,e873c32e-5e0c-4f36-b2a7-48d4917bce06-0002ccf2,PP > PP-DSC-LGC-DESCASCARADO > Silo de cascara,3,77,NO,200,200,0,cluster_logico_mismo_sector,183538:200:PP > PP-DSC-LGC-DESCASCARADO > Silo de cascara || 183638:200:PP > PP-DSC-LGC-DESCASCARADO > ASPIRADORES > MOLINO > REDLER > ZAranda || 183810:200:PP > PP-DSC-LGC-DESCASCARADO > DCCC || 184070:200:PP > PP-DSC-LGC-DESCASCARADO > quebradores > dccd,PP-DSC-LGC-DESCASCARADO,Cluster lógico: ancestro PP-DSC-LGC-DESCASCARADO en 4 elementos Revit equivalentes.,ambiguo_falso_por_contenedor_duplicado,PP-DSC-LGC-DESCASCARADO,183538;183638;183810;184070,,,distributed,distribucion_round_robin_en_preparar_aplicar,PP,PP-DSC-LGC-DESCASCARADO,Silo de cascara,,,,,,,,,,,,,,,,,,,,,,,,,,,,,,,,,,,,,,,,,,,,,,,,,,,,,,,,,,,,,,,,,,,,,,,,,,,,,
contenedor_logico_duplicado_distributed,contenedor_por_ancestro_project,PP-DSC-RDL-DR10,REDLER DR10 REDLER ALIMENTAC CCC LINEA 1 | Grupo: PP-REDLER DR10,109,4,109,PP-DSC-LGC-REDLER,PP-DSC-LGC-REDLER,PP-DSC-LGC-DESCASCARADO > PP-DSC-LGC-REDLER,PP > PP-DSC-LGC-DESCASCARADO > PP-DSC-LGC-REDLER,PP > PP-DSC-LGC-DESCASCARADO > PP-DSC-LGC-REDLER > PP-DSC-RDL-DR10,183538,e873c32e-5e0c-4f36-b2a7-48d4917bce06-0002ccf2,Roofs,,Genérico - 400 mm,Genérico - 400 mm,,PP > PP-DSC-LGC-DESCASCARADO > Silo de cascara,contenedor_scoring,183538,e873c32e-5e0c-4f36-b2a7-48d4917bce06-0002ccf2,PP > PP-DSC-LGC-DESCASCARADO > Silo de cascara,3,77,NO,200,200,0,cluster_logico_mismo_sector,183538:200:PP > PP-DSC-LGC-DESCASCARADO > Silo de cascara || 183638:200:PP > PP-DSC-LGC-DESCASCARADO > ASPIRADORES > MOLINO > REDLER > ZAranda || 183810:200:PP > PP-DSC-LGC-DESCASCARADO > DCCC || 184070:200:PP > PP-DSC-LGC-DESCASCARADO > quebradores > dccd,PP-DSC-LGC-DESCASCARADO,Cluster lógico: ancestro PP-DSC-LGC-DESCASCARADO en 4 elementos Revit equivalentes.,ambiguo_falso_por_contenedor_duplicado,PP-DSC-LGC-DESCASCARADO,183538;183638;183810;184070,,,distributed,distribucion_round_robin_en_preparar_aplicar,PP,PP-DSC-LGC-DESCASCARADO,Silo de cascara,,,,,,,,,,,,,,,,,,,,,,,,,,,,,,,,,,,,,,,,,,,,,,,,,,,,,,,,,,,,,,,,,,,,,,,,,,,,,
contenedor_logico_duplicado_distributed,contenedor_por_ancestro_project,PP-DSC-RDL-DR11,REDLER DR11 REDLER ALIMNETAC CCC LINEA 2 | Grupo: PP-REDLER DR11,110,4,110,PP-DSC-LGC-REDLER,PP-DSC-LGC-REDLER,PP-DSC-LGC-DESCASCARADO > PP-DSC-LGC-REDLER,PP > PP-DSC-LGC-DESCASCARADO > PP-DSC-LGC-REDLER,PP > PP-DSC-LGC-DESCASCARADO > PP-DSC-LGC-REDLER > PP-DSC-RDL-DR11,183538,e873c32e-5e0c-4f36-b2a7-48d4917bce06-0002ccf2,Roofs,,Genérico - 400 mm,Genérico - 400 mm,,PP > PP-DSC-LGC-DESCASCARADO > Silo de cascara,contenedor_scoring,183538,e873c32e-5e0c-4f36-b2a7-48d4917bce06-0002ccf2,PP > PP-DSC-LGC-DESCASCARADO > Silo de cascara,3,77,NO,200,200,0,cluster_logico_mismo_sector,183538:200:PP > PP-DSC-LGC-DESCASCARADO > Silo de cascara || 183638:200:PP > PP-DSC-LGC-DESCASCARADO > ASPIRADORES > MOLINO > REDLER > ZAranda || 183810:200:PP > PP-DSC-LGC-DESCASCARADO > DCCC || 184070:200:PP > PP-DSC-LGC-DESCASCARADO > quebradores > dccd,PP-DSC-LGC-DESCASCARADO,Cluster lógico: ancestro PP-DSC-LGC-DESCASCARADO en 4 elementos Revit equivalentes.,ambiguo_falso_por_contenedor_duplicado,PP-DSC-LGC-DESCASCARADO,183538;183638;183810;184070,,,distributed,distribucion_round_robin_en_preparar_aplicar,PP,PP-DSC-LGC-DESCASCARADO,Silo de cascara,,,,,,,,,,,,,,,,,,,,,,,,,,,,,,,,,,,,,,,,,,,,,,,,,,,,,,,,,,,,,,,,,,,,,,,,,,,,,
contenedor_logico_duplicado_distributed,contenedor_por_ancestro_project,PP-DSC-RDL-DR14,REDLER DR14 (CASCARA DE ZARANDAS) | Grupo: PP-REDLER DR14,111,4,111,PP-DSC-LGC-REDLER,PP-DSC-LGC-REDLER,PP-DSC-LGC-DESCASCARADO > PP-DSC-LGC-REDLER,PP > PP-DSC-LGC-DESCASCARADO > PP-DSC-LGC-REDLER,PP > PP-DSC-LGC-DESCASCARADO > PP-DSC-LGC-REDLER > PP-DSC-RDL-DR14,183538,e873c32e-5e0c-4f36-b2a7-48d4917bce06-0002ccf2,Roofs,,Genérico - 400 mm,Genérico - 400 mm,,PP > PP-DSC-LGC-DESCASCARADO > Silo de cascara,contenedor_scoring,183538,e873c32e-5e0c-4f36-b2a7-48d4917bce06-0002ccf2,PP > PP-DSC-LGC-DESCASCARADO > Silo de cascara,3,77,NO,200,200,0,cluster_logico_mismo_sector,183538:200:PP > PP-DSC-LGC-DESCASCARADO > Silo de cascara || 183638:200:PP > PP-DSC-LGC-DESCASCARADO > ASPIRADORES > MOLINO > REDLER > ZAranda || 183810:200:PP > PP-DSC-LGC-DESCASCARADO > DCCC || 184070:200:PP > PP-DSC-LGC-DESCASCARADO > quebradores > dccd,PP-DSC-LGC-DESCASCARADO,Cluster lógico: ancestro PP-DSC-LGC-DESCASCARADO en 4 elementos Revit equivalentes.,ambiguo_falso_por_contenedor_duplicado,PP-DSC-LGC-DESCASCARADO,183538;183638;183810;184070,,,distributed,distribucion_round_robin_en_preparar_aplicar,PP,PP-DSC-LGC-DESCASCARADO,Silo de cascara,,,,,,,,,,,,,,,,,,,,,,,,,,,,,,,,,,,,,,,,,,,,,,,,,,,,,,,,,,,,,,,,,,,,,,,,,,,,,
contenedor_logico_duplicado_distributed,contenedor_por_ancestro_project,PP-DSC-RDL-DR17,REDLER DR17 FINOS DE ZARANDAS ROTEX A R1 | Grupo: PP-REDLER DR17,112,4,112,PP-DSC-LGC-REDLER,PP-DSC-LGC-REDLER,PP-DSC-LGC-DESCASCARADO > PP-DSC-LGC-REDLER,PP > PP-DSC-LGC-DESCASCARADO > PP-DSC-LGC-REDLER,PP > PP-DSC-LGC-DESCASCARADO > PP-DSC-LGC-REDLER > PP-DSC-RDL-DR17,183538,e873c32e-5e0c-4f36-b2a7-48d4917bce06-0002ccf2,Roofs,,Genérico - 400 mm,Genérico - 400 mm,,PP > PP-DSC-LGC-DESCASCARADO > Silo de cascara,contenedor_scoring,183538,e873c32e-5e0c-4f36-b2a7-48d4917bce06-0002ccf2,PP > PP-DSC-LGC-DESCASCARADO > Silo de cascara,3,77,NO,200,200,0,cluster_logico_mismo_sector,183538:200:PP > PP-DSC-LGC-DESCASCARADO > Silo de cascara || 183638:200:PP > PP-DSC-LGC-DESCASCARADO > ASPIRADORES > MOLINO > REDLER > ZAranda || 183810:200:PP > PP-DSC-LGC-DESCASCARADO > DCCC || 184070:200:PP > PP-DSC-LGC-DESCASCARADO > quebradores > dccd,PP-DSC-LGC-DESCASCARADO,Cluster lógico: ancestro PP-DSC-LGC-DESCASCARADO en 4 elementos Revit equivalentes.,ambiguo_falso_por_contenedor_duplicado,PP-DSC-LGC-DESCASCARADO,183538;183638;183810;184070,,,distributed,distribucion_round_robin_en_preparar_aplicar,PP,PP-DSC-LGC-DESCASCARADO,Silo de cascara,,,,,,,,,,,,,,,,,,,,,,,,,,,,,,,,,,,,,,,,,,,,,,,,,,,,,,,,,,,,,,,,,,,,,,,,,,,,,
contenedor_logico_duplicado_distributed,contenedor_por_ancestro_project,PP-DSC-RDL-DR18,DR18 FINOS DE ZAR. ROTEX A RZ01 (COMPARTE DR17) | Grupo: PP-REDLER DR18,113,4,113,PP-DSC-LGC-REDLER,PP-DSC-LGC-REDLER,PP-DSC-LGC-DESCASCARADO > PP-DSC-LGC-REDLER,PP > PP-DSC-LGC-DESCASCARADO > PP-DSC-LGC-REDLER,PP > PP-DSC-LGC-DESCASCARADO > PP-DSC-LGC-REDLER > PP-DSC-RDL-DR18,183538,e873c32e-5e0c-4f36-b2a7-48d4917bce06-0002ccf2,Roofs,,Genérico - 400 mm,Genérico - 400 mm,,PP > PP-DSC-LGC-DESCASCARADO > Silo de cascara,contenedor_scoring,183538,e873c32e-5e0c-4f36-b2a7-48d4917bce06-0002ccf2,PP > PP-DSC-LGC-DESCASCARADO > Silo de cascara,3,77,NO,200,200,0,cluster_logico_mismo_sector,183538:200:PP > PP-DSC-LGC-DESCASCARADO > Silo de cascara || 183638:200:PP > PP-DSC-LGC-DESCASCARADO > ASPIRADORES > MOLINO > REDLER > ZAranda || 183810:200:PP > PP-DSC-LGC-DESCASCARADO > DCCC || 184070:200:PP > PP-DSC-LGC-DESCASCARADO > quebradores > dccd,PP-DSC-LGC-DESCASCARADO,Cluster lógico: ancestro PP-DSC-LGC-DESCASCARADO en 4 elementos Revit equivalentes.,ambiguo_falso_por_contenedor_duplicado,PP-DSC-LGC-DESCASCARADO,183538;183638;183810;184070,,,distributed,distribucion_round_robin_en_preparar_aplicar,PP,PP-DSC-LGC-DESCASCARADO,Silo de cascara,,,,,,,,,,,,,,,,,,,,,,,,,,,,,,,,,,,,,,,,,,,,,,,,,,,,,,,,,,,,,,,,,,,,,,,,,,,,,
contenedor_logico_duplicado_distributed,contenedor_por_ancestro_project,PP-DSC-RDL-DRZ01,REDLER DRZ01 A R08 | Grupo: PP-REDLER DRZ01,114,4,114,PP-DSC-LGC-REDLER,PP-DSC-LGC-REDLER,PP-DSC-LGC-DESCASCARADO > PP-DSC-LGC-REDLER,PP > PP-DSC-LGC-DESCASCARADO > PP-DSC-LGC-REDLER,PP > PP-DSC-LGC-DESCASCARADO > PP-DSC-LGC-REDLER > PP-DSC-RDL-DRZ01,183538,e873c32e-5e0c-4f36-b2a7-48d4917bce06-0002ccf2,Roofs,,Genérico - 400 mm,Genérico - 400 mm,,PP > PP-DSC-LGC-DESCASCARADO > Silo de cascara,contenedor_scoring,183538,e873c32e-5e0c-4f36-b2a7-48d4917bce06-0002ccf2,PP > PP-DSC-LGC-DESCASCARADO > Silo de cascara,3,77,NO,200,200,0,cluster_logico_mismo_sector,183538:200:PP > PP-DSC-LGC-DESCASCARADO > Silo de cascara || 183638:200:PP > PP-DSC-LGC-DESCASCARADO > ASPIRADORES > MOLINO > REDLER > ZAranda || 183810:200:PP > PP-DSC-LGC-DESCASCARADO > DCCC || 184070:200:PP > PP-DSC-LGC-DESCASCARADO > quebradores > dccd,PP-DSC-LGC-DESCASCARADO,Cluster lógico: ancestro PP-DSC-LGC-DESCASCARADO en 4 elementos Revit equivalentes.,ambiguo_falso_por_contenedor_duplicado,PP-DSC-LGC-DESCASCARADO,183538;183638;183810;184070,,,distributed,distribucion_round_robin_en_preparar_aplicar,PP,PP-DSC-LGC-DESCASCARADO,Silo de cascara,,,,,,,,,,,,,,,,,,,,,,,,,,,,,,,,,,,,,,,,,,,,,,,,,,,,,,,,,,,,,,,,,,,,,,,,,,,,,
contenedor_logico_duplicado_distributed,contenedor_por_ancestro_project,PP-DSC-RDL-RZ01A,REDLER RZ01A RECIBE DE CCC´S DESCASCARADO PRIMERA PASADA | Grupo: PP-REDLER RZ01A,115,4,115,PP-DSC-LGC-REDLER,PP-DSC-LGC-REDLER,PP-DSC-LGC-DESCASCARADO > PP-DSC-LGC-REDLER,PP > PP-DSC-LGC-DESCASCARADO > PP-DSC-LGC-REDLER,PP > PP-DSC-LGC-DESCASCARADO > PP-DSC-LGC-REDLER > PP-DSC-RDL-RZ01A,183538,e873c32e-5e0c-4f36-b2a7-48d4917bce06-0002ccf2,Roofs,,Genérico - 400 mm,Genérico - 400 mm,,PP > PP-DSC-LGC-DESCASCARADO > Silo de cascara,contenedor_scoring,183538,e873c32e-5e0c-4f36-b2a7-48d4917bce06-0002ccf2,PP > PP-DSC-LGC-DESCASCARADO > Silo de cascara,3,77,NO,200,200,0,cluster_logico_mismo_sector,183538:200:PP > PP-DSC-LGC-DESCASCARADO > Silo de cascara || 183638:200:PP > PP-DSC-LGC-DESCASCARADO > ASPIRADORES > MOLINO > REDLER > ZAranda || 183810:200:PP > PP-DSC-LGC-DESCASCARADO > DCCC || 184070:200:PP > PP-DSC-LGC-DESCASCARADO > quebradores > dccd,PP-DSC-LGC-DESCASCARADO,Cluster lógico: ancestro PP-DSC-LGC-DESCASCARADO en 4 elementos Revit equivalentes.,ambiguo_falso_por_contenedor_duplicado,PP-DSC-LGC-DESCASCARADO,183538;183638;183810;184070,,,distributed,distribucion_round_robin_en_preparar_aplicar,PP,PP-DSC-LGC-DESCASCARADO,Silo de cascara,,,,,,,,,,,,,,,,,,,,,,,,,,,,,,,,,,,,,,,,,,,,,,,,,,,,,,,,,,,,,,,,,,,,,,,,,,,,,
contenedor_logico_duplicado_distributed,contenedor_por_ancestro_project,PP-DSC-LGC-ZARANDAS,SECTOR ZARANDAS DESCASCARADO PTA PTO | Grupo: PP-SECTOR ZRN DESC,117,3,117,PP-DSC-LGC-DESCASCARADO,PP-DSC-LGC-DESCASCARADO,PP-DSC-LGC-DESCASCARADO,PP > PP-DSC-LGC-DESCASCARADO,PP > PP-DSC-LGC-DESCASCARADO > PP-DSC-LGC-ZARANDAS,183538,e873c32e-5e0c-4f36-b2a7-48d4917bce06-0002ccf2,Roofs,,Genérico - 400 mm,Genérico - 400 mm,,PP > PP-DSC-LGC-DESCASCARADO > Silo de cascara,contenedor_scoring,183538,e873c32e-5e0c-4f36-b2a7-48d4917bce06-0002ccf2,PP > PP-DSC-LGC-DESCASCARADO > Silo de cascara,3,77,NO,200,200,0,cluster_logico_mismo_sector,183538:200:PP > PP-DSC-LGC-DESCASCARADO > Silo de cascara || 183638:200:PP > PP-DSC-LGC-DESCASCARADO > ASPIRADORES > MOLINO > REDLER > ZAranda || 183810:200:PP > PP-DSC-LGC-DESCASCARADO > DCCC || 184070:200:PP > PP-DSC-LGC-DESCASCARADO > quebradores > dccd,PP-DSC-LGC-DESCASCARADO,Cluster lógico: ancestro PP-DSC-LGC-DESCASCARADO en 4 elementos Revit equivalentes.,ambiguo_falso_por_contenedor_duplicado,PP-DSC-LGC-DESCASCARADO,183538;183638;183810;184070,,,distributed,distribucion_round_robin_en_preparar_aplicar,PP,PP-DSC-LGC-DESCASCARADO,Silo de cascara,,,,,,,,,,,,,,,,,,,,,,,,,,,,,,,,,,,,,,,,,,,,,,,,,,,,,,,,,,,,,,,,,,,,,,,,,,,,,
contenedor_logico_duplicado_distributed,contenedor_por_ancestro_project,PP-DSC-RSC-DSF02,SIN FIN DSF02 ALIMENTA DZ01 Y DZ02 | Grupo: PP-RSC-DSF02,118,4,118,PP-DSC-LGC-ZARANDAS,PP-DSC-LGC-ZARANDAS,PP-DSC-LGC-DESCASCARADO > PP-DSC-LGC-ZARANDAS,PP > PP-DSC-LGC-DESCASCARADO > PP-DSC-LGC-ZARANDAS,PP > PP-DSC-LGC-DESCASCARADO > PP-DSC-LGC-ZARANDAS > PP-DSC-RSC-DSF02,183538,e873c32e-5e0c-4f36-b2a7-48d4917bce06-0002ccf2,Roofs,,Genérico - 400 mm,Genérico - 400 mm,,PP > PP-DSC-LGC-DESCASCARADO > Silo de cascara,contenedor_scoring,183538,e873c32e-5e0c-4f36-b2a7-48d4917bce06-0002ccf2,PP > PP-DSC-LGC-DESCASCARADO > Silo de cascara,3,77,NO,200,200,0,cluster_logico_mismo_sector,183538:200:PP > PP-DSC-LGC-DESCASCARADO > Silo de cascara || 183638:200:PP > PP-DSC-LGC-DESCASCARADO > ASPIRADORES > MOLINO > REDLER > ZAranda || 183810:200:PP > PP-DSC-LGC-DESCASCARADO > DCCC || 184070:200:PP > PP-DSC-LGC-DESCASCARADO > quebradores > dccd,PP-DSC-LGC-DESCASCARADO,Cluster lógico: ancestro PP-DSC-LGC-DESCASCARADO en 4 elementos Revit equivalentes.,ambiguo_falso_por_contenedor_duplicado,PP-DSC-LGC-DESCASCARADO,183538;183638;183810;184070,,,distributed,distribucion_round_robin_en_preparar_aplicar,PP,PP-DSC-LGC-DESCASCARADO,Silo de cascara,,,,,,,,,,,,,,,,,,,,,,,,,,,,,,,,,,,,,,,,,,,,,,,,,,,,,,,,,,,,,,,,,,,,,,,,,,,,,
contenedor_logico_duplicado_distributed,contenedor_por_ancestro_project,PP-DSC-RSC-DSF03,SIN FIN DSF03 ALIMENTA DZ03 Y DZ04 | Grupo: PP-RSC-DSF03,119,4,119,PP-DSC-LGC-ZARANDAS,PP-DSC-LGC-ZARANDAS,PP-DSC-LGC-DESCASCARADO > PP-DSC-LGC-ZARANDAS,PP > PP-DSC-LGC-DESCASCARADO > PP-DSC-LGC-ZARANDAS,PP > PP-DSC-LGC-DESCASCARADO > PP-DSC-LGC-ZARANDAS > PP-DSC-RSC-DSF03,183538,e873c32e-5e0c-4f36-b2a7-48d4917bce06-0002ccf2,Roofs,,Genérico - 400 mm,Genérico - 400 mm,,PP > PP-DSC-LGC-DESCASCARADO > Silo de cascara,contenedor_scoring,183538,e873c32e-5e0c-4f36-b2a7-48d4917bce06-0002ccf2,PP > PP-DSC-LGC-DESCASCARADO > Silo de cascara,3,77,NO,200,200,0,cluster_logico_mismo_sector,183538:200:PP > PP-DSC-LGC-DESCASCARADO > Silo de cascara || 183638:200:PP > PP-DSC-LGC-DESCASCARADO > ASPIRADORES > MOLINO > REDLER > ZAranda || 183810:200:PP > PP-DSC-LGC-DESCASCARADO > DCCC || 184070:200:PP > PP-DSC-LGC-DESCASCARADO > quebradores > dccd,PP-DSC-LGC-DESCASCARADO,Cluster lógico: ancestro PP-DSC-LGC-DESCASCARADO en 4 elementos Revit equivalentes.,ambiguo_falso_por_contenedor_duplicado,PP-DSC-LGC-DESCASCARADO,183538;183638;183810;184070,,,distributed,distribucion_round_robin_en_preparar_aplicar,PP,PP-DSC-LGC-DESCASCARADO,Silo de cascara,,,,,,,,,,,,,,,,,,,,,,,,,,,,,,,,,,,,,,,,,,,,,,,,,,,,,,,,,,,,,,,,,,,,,,,,,,,,,
contenedor_logico_duplicado_distributed,contenedor_por_ancestro_project,PP-DSC-ZRN-DZ01,ZARANDA ROTEX DZ01 MODELO 5722S | Grupo: PP-ZRN ZARANDA 5722S,120,4,120,PP-DSC-LGC-ZARANDAS,PP-DSC-LGC-ZARANDAS,PP-DSC-LGC-DESCASCARADO > PP-DSC-LGC-ZARANDAS,PP > PP-DSC-LGC-DESCASCARADO > PP-DSC-LGC-ZARANDAS,PP > PP-DSC-LGC-DESCASCARADO > PP-DSC-LGC-ZARANDAS > PP-DSC-ZRN-DZ01,183538,e873c32e-5e0c-4f36-b2a7-48d4917bce06-0002ccf2,Roofs,,Genérico - 400 mm,Genérico - 400 mm,,PP > PP-DSC-LGC-DESCASCARADO > Silo de cascara,contenedor_scoring,183538,e873c32e-5e0c-4f36-b2a7-48d4917bce06-0002ccf2,PP > PP-DSC-LGC-DESCASCARADO > Silo de cascara,3,77,NO,200,200,0,cluster_logico_mismo_sector,183538:200:PP > PP-DSC-LGC-DESCASCARADO > Silo de cascara || 183638:200:PP > PP-DSC-LGC-DESCASCARADO > ASPIRADORES > MOLINO > REDLER > ZAranda || 183810:200:PP > PP-DSC-LGC-DESCASCARADO > DCCC || 184070:200:PP > PP-DSC-LGC-DESCASCARADO > quebradores > dccd,PP-DSC-LGC-DESCASCARADO,Cluster lógico: ancestro PP-DSC-LGC-DESCASCARADO en 4 elementos Revit equivalentes.,ambiguo_falso_por_contenedor_duplicado,PP-DSC-LGC-DESCASCARADO,183538;183638;183810;184070,,,distributed,distribucion_round_robin_en_preparar_aplicar,PP,PP-DSC-LGC-DESCASCARADO,Silo de cascara,,,,,,,,,,,,,,,,,,,,,,,,,,,,,,,,,,,,,,,,,,,,,,,,,,,,,,,,,,,,,,,,,,,,,,,,,,,,,
contenedor_logico_duplicado_distributed,contenedor_por_ancestro_project,PP-DSC-ZRN-DZ02,ZARANDA ROTEX DZ02 MODELO 5722S | Grupo: PP-ZRN ZARANDA 5722S,121,4,121,PP-DSC-LGC-ZARANDAS,PP-DSC-LGC-ZARANDAS,PP-DSC-LGC-DESCASCARADO > PP-DSC-LGC-ZARANDAS,PP > PP-DSC-LGC-DESCASCARADO > PP-DSC-LGC-ZARANDAS,PP > PP-DSC-LGC-DESCASCARADO > PP-DSC-LGC-ZARANDAS > PP-DSC-ZRN-DZ02,183538,e873c32e-5e0c-4f36-b2a7-48d4917bce06-0002ccf2,Roofs,,Genérico - 400 mm,Genérico - 400 mm,,PP > PP-DSC-LGC-DESCASCARADO > Silo de cascara,contenedor_scoring,183538,e873c32e-5e0c-4f36-b2a7-48d4917bce06-0002ccf2,PP > PP-DSC-LGC-DESCASCARADO > Silo de cascara,3,77,NO,200,200,0,cluster_logico_mismo_sector,183538:200:PP > PP-DSC-LGC-DESCASCARADO > Silo de cascara || 183638:200:PP > PP-DSC-LGC-DESCASCARADO > ASPIRADORES > MOLINO > REDLER > ZAranda || 183810:200:PP > PP-DSC-LGC-DESCASCARADO > DCCC || 184070:200:PP > PP-DSC-LGC-DESCASCARADO > quebradores > dccd,PP-DSC-LGC-DESCASCARADO,Cluster lógico: ancestro PP-DSC-LGC-DESCASCARADO en 4 elementos Revit equivalentes.,ambiguo_falso_por_contenedor_duplicado,PP-DSC-LGC-DESCASCARADO,183538;183638;183810;184070,,,distributed,distribucion_round_robin_en_preparar_aplicar,PP,PP-DSC-LGC-DESCASCARADO,Silo de cascara,,,,,,,,,,,,,,,,,,,,,,,,,,,,,,,,,,,,,,,,,,,,,,,,,,,,,,,,,,,,,,,,,,,,,,,,,,,,,
contenedor_logico_duplicado_distributed,contenedor_por_ancestro_project,PP-DSC-ZRN-DZ03,ZARANDA ROTEX DZ03 MODELO 5722S | Grupo: PP-ZRN ZARANDA 5722S,122,4,122,PP-DSC-LGC-ZARANDAS,PP-DSC-LGC-ZARANDAS,PP-DSC-LGC-DESCASCARADO > PP-DSC-LGC-ZARANDAS,PP > PP-DSC-LGC-DESCASCARADO > PP-DSC-LGC-ZARANDAS,PP > PP-DSC-LGC-DESCASCARADO > PP-DSC-LGC-ZARANDAS > PP-DSC-ZRN-DZ03,183538,e873c32e-5e0c-4f36-b2a7-48d4917bce06-0002ccf2,Roofs,,Genérico - 400 mm,Genérico - 400 mm,,PP > PP-DSC-LGC-DESCASCARADO > Silo de cascara,contenedor_scoring,183538,e873c32e-5e0c-4f36-b2a7-48d4917bce06-0002ccf2,PP > PP-DSC-LGC-DESCASCARADO > Silo de cascara,3,77,NO,200,200,0,cluster_logico_mismo_sector,183538:200:PP > PP-DSC-LGC-DESCASCARADO > Silo de cascara || 183638:200:PP > PP-DSC-LGC-DESCASCARADO > ASPIRADORES > MOLINO > REDLER > ZAranda || 183810:200:PP > PP-DSC-LGC-DESCASCARADO > DCCC || 184070:200:PP > PP-DSC-LGC-DESCASCARADO > quebradores > dccd,PP-DSC-LGC-DESCASCARADO,Cluster lógico: ancestro PP-DSC-LGC-DESCASCARADO en 4 elementos Revit equivalentes.,ambiguo_falso_por_contenedor_duplicado,PP-DSC-LGC-DESCASCARADO,183538;183638;183810;184070,,,distributed,distribucion_round_robin_en_preparar_aplicar,PP,PP-DSC-LGC-DESCASCARADO,Silo de cascara,,,,,,,,,,,,,,,,,,,,,,,,,,,,,,,,,,,,,,,,,,,,,,,,,,,,,,,,,,,,,,,,,,,,,,,,,,,,,
contenedor_logico_duplicado_distributed,contenedor_por_ancestro_project,PP-DSC-ZRN-DZ04,ZARANDA ROTEX DZ04 MODELO 5722S | Grupo: PP-ZRN ZARANDA 5722S,123,4,123,PP-DSC-LGC-ZARANDAS,PP-DSC-LGC-ZARANDAS,PP-DSC-LGC-DESCASCARADO > PP-DSC-LGC-ZARANDAS,PP > PP-DSC-LGC-DESCASCARADO > PP-DSC-LGC-ZARANDAS,PP > PP-DSC-LGC-DESCASCARADO > PP-DSC-LGC-ZARANDAS > PP-DSC-ZRN-DZ04,183538,e873c32e-5e0c-4f36-b2a7-48d4917bce06-0002ccf2,Roofs,,Genérico - 400 mm,Genérico - 400 mm,,PP > PP-DSC-LGC-DESCASCARADO > Silo de cascara,contenedor_scoring,183538,e873c32e-5e0c-4f36-b2a7-48d4917bce06-0002ccf2,PP > PP-DSC-LGC-DESCASCARADO > Silo de cascara,3,77,NO,200,200,0,cluster_logico_mismo_sector,183538:200:PP > PP-DSC-LGC-DESCASCARADO > Silo de cascara || 183638:200:PP > PP-DSC-LGC-DESCASCARADO > ASPIRADORES > MOLINO > REDLER > ZAranda || 183810:200:PP > PP-DSC-LGC-DESCASCARADO > DCCC || 184070:200:PP > PP-DSC-LGC-DESCASCARADO > quebradores > dccd,PP-DSC-LGC-DESCASCARADO,Cluster lógico: ancestro PP-DSC-LGC-DESCASCARADO en 4 elementos Revit equivalentes.,ambiguo_falso_por_contenedor_duplicado,PP-DSC-LGC-DESCASCARADO,183538;183638;183810;184070,,,distributed,distribucion_round_robin_en_preparar_aplicar,PP,PP-DSC-LGC-DESCASCARADO,Silo de cascara,,,,,,,,,,,,,,,,,,,,,,,,,,,,,,,,,,,,,,,,,,,,,,,,,,,,,,,,,,,,,,,,,,,,,,,,,,,,,
contenedor_logico_duplicado_distributed,contenedor_por_ancestro_project,PP-DSC-LMN-DL01,"LAMINADOR AC-200 DE FINOS, RECIBE  DR17 | Grupo: PP-LMN DL01",124,3,124,PP-DSC-LGC-DESCASCARADO,PP-DSC-LGC-DESCASCARADO,PP-DSC-LGC-DESCASCARADO,PP > PP-DSC-LGC-DESCASCARADO,PP > PP-DSC-LGC-DESCASCARADO > PP-DSC-LMN-DL01,183538,e873c32e-5e0c-4f36-b2a7-48d4917bce06-0002ccf2,Roofs,,Genérico - 400 mm,Genérico - 400 mm,,PP > PP-DSC-LGC-DESCASCARADO > Silo de cascara,contenedor_scoring,183538,e873c32e-5e0c-4f36-b2a7-48d4917bce06-0002ccf2,PP > PP-DSC-LGC-DESCASCARADO > Silo de cascara,3,77,NO,200,200,0,cluster_logico_mismo_sector,183538:200:PP > PP-DSC-LGC-DESCASCARADO > Silo de cascara || 183638:200:PP > PP-DSC-LGC-DESCASCARADO > ASPIRADORES > MOLINO > REDLER > ZAranda || 183810:200:PP > PP-DSC-LGC-DESCASCARADO > DCCC || 184070:200:PP > PP-DSC-LGC-DESCASCARADO > quebradores > dccd,PP-DSC-LGC-DESCASCARADO,Cluster lógico: ancestro PP-DSC-LGC-DESCASCARADO en 4 elementos Revit equivalentes.,ambiguo_falso_por_contenedor_duplicado,PP-DSC-LGC-DESCASCARADO,183538;183638;183810;184070,,,distributed,distribucion_round_robin_en_preparar_aplicar,PP,PP-DSC-LGC-DESCASCARADO,Silo de cascara,,,,,,,,,,,,,,,,,,,,,,,,,,,,,,,,,,,,,,,,,,,,,,,,,,,,,,,,,,,,,,,,,,,,,,,,,,,,,
contenedor_logico_duplicado_distributed,contenedor_por_ancestro_project,PP-DSC-ALM-DLA01,ALIMENTADOR DL01 | Grupo: PP-ALM DLA01,125,4,125,PP-DSC-LMN-DL01,PP-DSC-LMN-DL01,PP-DSC-LGC-DESCASCARADO > PP-DSC-LMN-DL01,PP > PP-DSC-LGC-DESCASCARADO > PP-DSC-LMN-DL01,PP > PP-DSC-LGC-DESCASCARADO > PP-DSC-LMN-DL01 > PP-DSC-ALM-DLA01,183538,e873c32e-5e0c-4f36-b2a7-48d4917bce06-0002ccf2,Roofs,,Genérico - 400 mm,Genérico - 400 mm,,PP > PP-DSC-LGC-DESCASCARADO > Silo de cascara,contenedor_scoring,183538,e873c32e-5e0c-4f36-b2a7-48d4917bce06-0002ccf2,PP > PP-DSC-LGC-DESCASCARADO > Silo de cascara,3,77,NO,200,200,0,cluster_logico_mismo_sector,183538:200:PP > PP-DSC-LGC-DESCASCARADO > Silo de cascara || 183638:200:PP > PP-DSC-LGC-DESCASCARADO > ASPIRADORES > MOLINO > REDLER > ZAranda || 183810:200:PP > PP-DSC-LGC-DESCASCARADO > DCCC || 184070:200:PP > PP-DSC-LGC-DESCASCARADO > quebradores > dccd,PP-DSC-LGC-DESCASCARADO,Cluster lógico: ancestro PP-DSC-LGC-DESCASCARADO en 4 elementos Revit equivalentes.,ambiguo_falso_por_contenedor_duplicado,PP-DSC-LGC-DESCASCARADO,183538;183638;183810;184070,,,distributed,distribucion_round_robin_en_preparar_aplicar,PP,PP-DSC-LGC-DESCASCARADO,Silo de cascara,,,,,,,,,,,,,,,,,,,,,,,,,,,,,,,,,,,,,,,,,,,,,,,,,,,,,,,,,,,,,,,,,,,,,,,,,,,,,
contenedor_logico_duplicado_distributed,contenedor_por_ancestro_project,PP-DSC-CHD-DLBH01,BOMBA CENTRAL HIDRAULICA DL01 | Grupo: PP-CHD CTRAL HID LAM DL01,126,4,126,PP-DSC-LMN-DL01,PP-DSC-LMN-DL01,PP-DSC-LGC-DESCASCARADO > PP-DSC-LMN-DL01,PP > PP-DSC-LGC-DESCASCARADO > PP-DSC-LMN-DL01,PP > PP-DSC-LGC-DESCASCARADO > PP-DSC-LMN-DL01 > PP-DSC-CHD-DLBH01,183538,e873c32e-5e0c-4f36-b2a7-48d4917bce06-0002ccf2,Roofs,,Genérico - 400 mm,Genérico - 400 mm,,PP > PP-DSC-LGC-DESCASCARADO > Silo de cascara,contenedor_scoring,183538,e873c32e-5e0c-4f36-b2a7-48d4917bce06-0002ccf2,PP > PP-DSC-LGC-DESCASCARADO > Silo de cascara,3,77,NO,200,200,0,cluster_logico_mismo_sector,183538:200:PP > PP-DSC-LGC-DESCASCARADO > Silo de cascara || 183638:200:PP > PP-DSC-LGC-DESCASCARADO > ASPIRADORES > MOLINO > REDLER > ZAranda || 183810:200:PP > PP-DSC-LGC-DESCASCARADO > DCCC || 184070:200:PP > PP-DSC-LGC-DESCASCARADO > quebradores > dccd,PP-DSC-LGC-DESCASCARADO,Cluster lógico: ancestro PP-DSC-LGC-DESCASCARADO en 4 elementos Revit equivalentes.,ambiguo_falso_por_contenedor_duplicado,PP-DSC-LGC-DESCASCARADO,183538;183638;183810;184070,,,distributed,distribucion_round_robin_en_preparar_aplicar,PP,PP-DSC-LGC-DESCASCARADO,Silo de cascara,,,,,,,,,,,,,,,,,,,,,,,,,,,,,,,,,,,,,,,,,,,,,,,,,,,,,,,,,,,,,,,,,,,,,,,,,,,,,
contenedor_logico_duplicado_distributed,contenedor_por_ancestro_project,PP-DSC-SLO-SILO,SILO DE CASCARA | Grupo: PP-SLO SILO,127,3,127,PP-DSC-LGC-DESCASCARADO,PP-DSC-LGC-DESCASCARADO,PP-DSC-LGC-DESCASCARADO,PP > PP-DSC-LGC-DESCASCARADO,PP > PP-DSC-LGC-DESCASCARADO > PP-DSC-SLO-SILO CASCARA,183538,e873c32e-5e0c-4f36-b2a7-48d4917bce06-0002ccf2,Roofs,,Genérico - 400 mm,Genérico - 400 mm,,PP > PP-DSC-LGC-DESCASCARADO > Silo de cascara,contenedor_scoring,183538,e873c32e-5e0c-4f36-b2a7-48d4917bce06-0002ccf2,PP > PP-DSC-LGC-DESCASCARADO > Silo de cascara,3,77,NO,200,200,0,cluster_logico_mismo_sector,183538:200:PP > PP-DSC-LGC-DESCASCARADO > Silo de cascara || 183638:200:PP > PP-DSC-LGC-DESCASCARADO > ASPIRADORES > MOLINO > REDLER > ZAranda || 183810:200:PP > PP-DSC-LGC-DESCASCARADO > DCCC || 184070:200:PP > PP-DSC-LGC-DESCASCARADO > quebradores > dccd,PP-DSC-LGC-DESCASCARADO,Cluster lógico: ancestro PP-DSC-LGC-DESCASCARADO en 4 elementos Revit equivalentes.,ambiguo_falso_por_contenedor_duplicado,PP-DSC-LGC-DESCASCARADO,183538;183638;183810;184070,,,distributed,distribucion_round_robin_en_preparar_aplicar,PP,PP-DSC-LGC-DESCASCARADO,Silo de cascara,,,,,,,,,,,,,,,,,,,,,,,,,,,,,,,,,,,,,,,,,,,,,,,,,,,,,,,,,,,,,,,,,,,,,,,,,,,,,
contenedor_logico_duplicado_distributed,contenedor_por_ancestro_project,PP-DSC-RSC-DSF06,"ROSCA DSF06, SALIDA SILO DE CASCARA | Grupo: PP-RSC-DSF06",128,4,128,PP-DSC-SLO-SILO CASCARA,PP-DSC-SLO-SILO,PP-DSC-LGC-DESCASCARADO > PP-DSC-SLO-SILO,PP > PP-DSC-LGC-DESCASCARADO > PP-DSC-SLO-SILO CASCARA,PP > PP-DSC-LGC-DESCASCARADO > PP-DSC-SLO-SILO CASCARA > PP-DSC-RSC-DSF06,183538,e873c32e-5e0c-4f36-b2a7-48d4917bce06-0002ccf2,Roofs,,Genérico - 400 mm,Genérico - 400 mm,,PP > PP-DSC-LGC-DESCASCARADO > Silo de cascara,contenedor_scoring,183538,e873c32e-5e0c-4f36-b2a7-48d4917bce06-0002ccf2,PP > PP-DSC-LGC-DESCASCARADO > Silo de cascara,3,77,NO,200,200,0,cluster_logico_mismo_sector,183538:200:PP > PP-DSC-LGC-DESCASCARADO > Silo de cascara || 183638:200:PP > PP-DSC-LGC-DESCASCARADO > ASPIRADORES > MOLINO > REDLER > ZAranda || 183810:200:PP > PP-DSC-LGC-DESCASCARADO > DCCC || 184070:200:PP > PP-DSC-LGC-DESCASCARADO > quebradores > dccd,PP-DSC-LGC-DESCASCARADO,Cluster lógico: ancestro PP-DSC-LGC-DESCASCARADO en 4 elementos Revit equivalentes.,ambiguo_falso_por_contenedor_duplicado,PP-DSC-LGC-DESCASCARADO,183538;183638;183810;184070,,,distributed,distribucion_round_robin_en_preparar_aplicar,PP,PP-DSC-LGC-DESCASCARADO,Silo de cascara,,,,,,,,,,,,,,,,,,,,,,,,,,,,,,,,,,,,,,,,,,,,,,,,,,,,,,,,,,,,,,,,,,,,,,,,,,,,,
contenedor_logico_duplicado_distributed,contenedor_por_ancestro_project,PP-DSC-RSC-DSF07,"ROSCA DSF07, CARGA SILO DE CASCARA | Grupo: PP-RSC-DSF07",129,4,129,PP-DSC-SLO-SILO CASCARA,PP-DSC-SLO-SILO,PP-DSC-LGC-DESCASCARADO > PP-DSC-SLO-SILO,PP > PP-DSC-LGC-DESCASCARADO > PP-DSC-SLO-SILO CASCARA,PP > PP-DSC-LGC-DESCASCARADO > PP-DSC-SLO-SILO CASCARA > PP-DSC-RSC-DSF07,183538,e873c32e-5e0c-4f36-b2a7-48d4917bce06-0002ccf2,Roofs,,Genérico - 400 mm,Genérico - 400 mm,,PP > PP-DSC-LGC-DESCASCARADO > Silo de cascara,contenedor_scoring,183538,e873c32e-5e0c-4f36-b2a7-48d4917bce06-0002ccf2,PP > PP-DSC-LGC-DESCASCARADO > Silo de cascara,3,77,NO,200,200,0,cluster_logico_mismo_sector,183538:200:PP > PP-DSC-LGC-DESCASCARADO > Silo de cascara || 183638:200:PP > PP-DSC-LGC-DESCASCARADO > ASPIRADORES > MOLINO > REDLER > ZAranda || 183810:200:PP > PP-DSC-LGC-DESCASCARADO > DCCC || 184070:200:PP > PP-DSC-LGC-DESCASCARADO > quebradores > dccd,PP-DSC-LGC-DESCASCARADO,Cluster lógico: ancestro PP-DSC-LGC-DESCASCARADO en 4 elementos Revit equivalentes.,ambiguo_falso_por_contenedor_duplicado,PP-DSC-LGC-DESCASCARADO,183538;183638;183810;184070,,,distributed,distribucion_round_robin_en_preparar_aplicar,PP,PP-DSC-LGC-DESCASCARADO,Silo de cascara,,,,,,,,,,,,,,,,,,,,,,,,,,,,,,,,,,,,,,,,,,,,,,,,,,,,,,,,,,,,,,,,,,,,,,,,,,,,,
sin_contenedor,sin_asociacion,PP-ENE-LGC-TRAFOS,SECTOR TRANSFORMADORES | Grupo: PP-SECTOR,130,2,130,PP,,,PP,PP > PP-ENE-LGC-TRAFOS,,,,,,,,,,,,,,,,,,,,,,force_ancestor_container: ningún ancestro de Project coincide con el export Revit (campos BTZ/Mark/Comments/path).,force_ancestor_sin_contenedor,,,,,,force_ancestor_container: sin_ancestro_en_modelo,,,,,,,,,,,,,,,,,,,,,,,,,,,,,,,,,,,,,,,,,,,,,,,,,,,,,,,,,,,,,,,,,,,,,,,,,,,,,,,,
sin_contenedor,sin_asociacion,PP-EXT-BMB-BODG,BODG-DESCARGA GOMAS DEL CAMION | Grupo: PP-BMB ENGR BODG,131,2,131,PP,,,PP,PP > PP-EXT-BMB-BODG,,,,,,,,,,,,,,,,,,,,,,force_ancestor_container: ningún ancestro de Project coincide con el export Revit (campos BTZ/Mark/Comments/path).,force_ancestor_sin_contenedor,,,,,,force_ancestor_container: sin_ancestro_en_modelo,,,,,,,,,,,,,,,,,,,,,,,,,,,,,,,,,,,,,,,,,,,,,,,,,,,,,,,,,,,,,,,,,,,,,,,,,,,,,,,,
contenedor_logico_duplicado_distributed,contenedor_por_match_puntual_multi,PP-EXT-LGC-EXTRACCION,SECTOR EXTRACCION EXTRACCION PTA PTO | Grupo: PP-SECTOR,132,2,132,PP,,,PP,PP > PP-EXT-LGC-EXTRACCION,179296,e873c32e-5e0c-4f36-b2a7-48d4917bce06-0002bc60,Roofs,,Genérico - 400 mm,Genérico - 400 mm,,PP > PP-EXT-LGC-EXTRACCION > PP-EXT-LGC-DESGOMADO,contenedor_scoring,179296,e873c32e-5e0c-4f36-b2a7-48d4917bce06-0002bc60,PP > PP-EXT-LGC-EXTRACCION > PP-EXT-LGC-DESGOMADO,3,77,NO,200,200,0,match_puntual_multi_id_cluster_logico,179296:200:PP > PP-EXT-LGC-EXTRACCION > PP-EXT-LGC-DESGOMADO || 179346:200:PP > PP-EXT-LGC-EXTRACCION > PP-EXT-EXT-EX01 EXTRACTOR || 366559:200:PP > PP-EXT-LGC-EXTRACCION > PP-EXT-LGC-SOLVENTE || 366791:200:PP > PP-EXT-LGC-EXTRACCION > PP-EXT-LGC-RECUP GASES || 366838:200:PP > PP-EXT-LGC-EXTRACCION > PP-EXT-LGC-DESTILACION || 366859:200:PP > PP-EXT-LGC-EXTRACCION || 366922:200:PP > PP-EXT-LGC-EXTRACCION > PP-EXT-TST-DT01,PP-EXT-LGC-EXTRACCION,Mismo código en 7 elementos Revit; cluster lógico (no ambigüedad real).,ambiguo_falso_por_contenedor_duplicado,PP-EXT-LGC-EXTRACCION,179296;179346;366559;366791;366838;366859;366922,,,distributed,mismo_codigo_varios_element_ids_cluster_distributed,PP,PP-EXT-LGC-EXTRACCION,PP-EXT-LGC-DESGOMADO,,,,,,,,,,,,,,,,,,,,,,,,,,,,,,,,,,,,,,,,,,,,,,,,,,,,,,,,,,,,,,,,,,,,,,,,,,,,,
match_directo,elemento_puntual,PP-EXT-EXT-EX01,EXTRACTOR EX01 | Grupo: PP-EXT EXTRACTOR,133,3,133,PP-EXT-LGC-EXTRACCION,PP-EXT-LGC-EXTRACCION,PP-EXT-LGC-EXTRACCION,PP > PP-EXT-LGC-EXTRACCION,PP > PP-EXT-LGC-EXTRACCION > PP-EXT-EXT-EX01 EXTRACTOR,179346,e873c32e-5e0c-4f36-b2a7-48d4917bce06-0002bc92,Roofs,,Genérico - 400 mm,Genérico - 400 mm,,PP > PP-EXT-LGC-EXTRACCION > PP-EXT-EXT-EX01 EXTRACTOR,btz_description_03,,,,,,,,,,,,,Coincidencia exacta única con elemento Revit.,match_directo,,,,,,match_puntual_unico,PP,PP-EXT-LGC-EXTRACCION,PP-EXT-EXT-EX01 EXTRACTOR,,,,,,,,,,,,,,,,,,,,,,,,,,,,,,,,,,,,,,,,,,,,,,,,,,,,,,,,,,,,,,,,,,,,,,,,,,,,,
contenedor_logico_duplicado_distributed,contenedor_por_ancestro_project,PP-EXT-BMB-BO15,BOMBA BO15  MISCELA | Grupo: PP-BMB CENTRIF BO15,134,4,134,PP-EXT-EXT-EX01 EXTRACTOR,PP-EXT-EXT-EX01,PP-EXT-LGC-EXTRACCION > PP-EXT-EXT-EX01,PP > PP-EXT-LGC-EXTRACCION > PP-EXT-EXT-EX01 EXTRACTOR,PP > PP-EXT-LGC-EXTRACCION > PP-EXT-EXT-EX01 EXTRACTOR > PP-EXT-BMB-BO15,179296,e873c32e-5e0c-4f36-b2a7-48d4917bce06-0002bc60,Roofs,,Genérico - 400 mm,Genérico - 400 mm,,PP > PP-EXT-LGC-EXTRACCION > PP-EXT-LGC-DESGOMADO,contenedor_scoring,179296,e873c32e-5e0c-4f36-b2a7-48d4917bce06-0002bc60,PP > PP-EXT-LGC-EXTRACCION > PP-EXT-LGC-DESGOMADO,3,77,NO,200,200,0,cluster_logico_mismo_sector,179296:200:PP > PP-EXT-LGC-EXTRACCION > PP-EXT-LGC-DESGOMADO || 179346:200:PP > PP-EXT-LGC-EXTRACCION > PP-EXT-EXT-EX01 EXTRACTOR || 366559:200:PP > PP-EXT-LGC-EXTRACCION > PP-EXT-LGC-SOLVENTE || 366791:200:PP > PP-EXT-LGC-EXTRACCION > PP-EXT-LGC-RECUP GASES || 366838:200:PP > PP-EXT-LGC-EXTRACCION > PP-EXT-LGC-DESTILACION || 366859:200:PP > PP-EXT-LGC-EXTRACCION || 366922:200:PP > PP-EXT-LGC-EXTRACCION > PP-EXT-TST-DT01,PP-EXT-LGC-EXTRACCION,Cluster lógico: ancestro PP-EXT-LGC-EXTRACCION en 7 elementos Revit equivalentes.,ambiguo_falso_por_contenedor_duplicado,PP-EXT-LGC-EXTRACCION,179296;179346;366559;366791;366838;366859;366922,,,distributed,distribucion_round_robin_en_preparar_aplicar,PP,PP-EXT-LGC-EXTRACCION,PP-EXT-LGC-DESGOMADO,,,,,,,,,,,,,,,,,,,,,,,,,,,,,,,,,,,,,,,,,,,,,,,,,,,,,,,,,,,,,,,,,,,,,,,,,,,,,
contenedor_logico_duplicado_distributed,contenedor_por_ancestro_project,PP-EXT-BMB-BO52,BOMBA BO52 DE RECIRCULACION ENTRE BO13 Y BO15 | Grupo: PP-BMB CENTRIF BO52E,135,4,135,PP-EXT-EXT-EX01 EXTRACTOR,PP-EXT-EXT-EX01,PP-EXT-LGC-EXTRACCION > PP-EXT-EXT-EX01,PP > PP-EXT-LGC-EXTRACCION > PP-EXT-EXT-EX01 EXTRACTOR,PP > PP-EXT-LGC-EXTRACCION > PP-EXT-EXT-EX01 EXTRACTOR > PP-EXT-BMB-BO52 E,179296,e873c32e-5e0c-4f36-b2a7-48d4917bce06-0002bc60,Roofs,,Genérico - 400 mm,Genérico - 400 mm,,PP > PP-EXT-LGC-EXTRACCION > PP-EXT-LGC-DESGOMADO,contenedor_scoring,179296,e873c32e-5e0c-4f36-b2a7-48d4917bce06-0002bc60,PP > PP-EXT-LGC-EXTRACCION > PP-EXT-LGC-DESGOMADO,3,77,NO,200,200,0,cluster_logico_mismo_sector,179296:200:PP > PP-EXT-LGC-EXTRACCION > PP-EXT-LGC-DESGOMADO || 179346:200:PP > PP-EXT-LGC-EXTRACCION > PP-EXT-EXT-EX01 EXTRACTOR || 366559:200:PP > PP-EXT-LGC-EXTRACCION > PP-EXT-LGC-SOLVENTE || 366791:200:PP > PP-EXT-LGC-EXTRACCION > PP-EXT-LGC-RECUP GASES || 366838:200:PP > PP-EXT-LGC-EXTRACCION > PP-EXT-LGC-DESTILACION || 366859:200:PP > PP-EXT-LGC-EXTRACCION || 366922:200:PP > PP-EXT-LGC-EXTRACCION > PP-EXT-TST-DT01,PP-EXT-LGC-EXTRACCION,Cluster lógico: ancestro PP-EXT-LGC-EXTRACCION en 7 elementos Revit equivalentes.,ambiguo_falso_por_contenedor_duplicado,PP-EXT-LGC-EXTRACCION,179296;179346;366559;366791;366838;366859;366922,,,distributed,distribucion_round_robin_en_preparar_aplicar,PP,PP-EXT-LGC-EXTRACCION,PP-EXT-LGC-DESGOMADO,,,,,,,,,,,,,,,,,,,,,,,,,,,,,,,,,,,,,,,,,,,,,,,,,,,,,,,,,,,,,,,,,,,,,,,,,,,,,
contenedor_logico_duplicado_distributed,contenedor_por_ancestro_project,PP-EXT-CIL-SOV-080,CILINDRO NEUMATICO CUCHILLA ENTRADA EXTRACTOR | Grupo: PP-CIL CILINDRO NEUAMT,136,4,136,PP-EXT-EXT-EX01 EXTRACTOR,PP-EXT-EXT-EX01,PP-EXT-LGC-EXTRACCION > PP-EXT-EXT-EX01,PP > PP-EXT-LGC-EXTRACCION > PP-EXT-EXT-EX01 EXTRACTOR,PP > PP-EXT-LGC-EXTRACCION > PP-EXT-EXT-EX01 EXTRACTOR > PP-EXT-CIL-SOV-080,179296,e873c32e-5e0c-4f36-b2a7-48d4917bce06-0002bc60,Roofs,,Genérico - 400 mm,Genérico - 400 mm,,PP > PP-EXT-LGC-EXTRACCION > PP-EXT-LGC-DESGOMADO,contenedor_scoring,179296,e873c32e-5e0c-4f36-b2a7-48d4917bce06-0002bc60,PP > PP-EXT-LGC-EXTRACCION > PP-EXT-LGC-DESGOMADO,3,77,NO,200,200,0,cluster_logico_mismo_sector,179296:200:PP > PP-EXT-LGC-EXTRACCION > PP-EXT-LGC-DESGOMADO || 179346:200:PP > PP-EXT-LGC-EXTRACCION > PP-EXT-EXT-EX01 EXTRACTOR || 366559:200:PP > PP-EXT-LGC-EXTRACCION > PP-EXT-LGC-SOLVENTE || 366791:200:PP > PP-EXT-LGC-EXTRACCION > PP-EXT-LGC-RECUP GASES || 366838:200:PP > PP-EXT-LGC-EXTRACCION > PP-EXT-LGC-DESTILACION || 366859:200:PP > PP-EXT-LGC-EXTRACCION || 366922:200:PP > PP-EXT-LGC-EXTRACCION > PP-EXT-TST-DT01,PP-EXT-LGC-EXTRACCION,Cluster lógico: ancestro PP-EXT-LGC-EXTRACCION en 7 elementos Revit equivalentes.,ambiguo_falso_por_contenedor_duplicado,PP-EXT-LGC-EXTRACCION,179296;179346;366559;366791;366838;366859;366922,,,distributed,distribucion_round_robin_en_preparar_aplicar,PP,PP-EXT-LGC-EXTRACCION,PP-EXT-LGC-DESGOMADO,,,,,,,,,,,,,,,,,,,,,,,,,,,,,,,,,,,,,,,,,,,,,,,,,,,,,,,,,,,,,,,,,,,,,,,,,,,,,
contenedor_logico_duplicado_distributed,contenedor_por_ancestro_project,PP-EXT-CLT-CALENT,CALENTADOR CL01 DE SOLVENTE | Grupo: PP-CLT CAL SOLVENTE,137,4,137,PP-EXT-EXT-EX01 EXTRACTOR,PP-EXT-EXT-EX01,PP-EXT-LGC-EXTRACCION > PP-EXT-EXT-EX01,PP > PP-EXT-LGC-EXTRACCION > PP-EXT-EXT-EX01 EXTRACTOR,PP > PP-EXT-LGC-EXTRACCION > PP-EXT-EXT-EX01 EXTRACTOR > PP-EXT-CLT-CALENT SOLVENTE,179296,e873c32e-5e0c-4f36-b2a7-48d4917bce06-0002bc60,Roofs,,Genérico - 400 mm,Genérico - 400 mm,,PP > PP-EXT-LGC-EXTRACCION > PP-EXT-LGC-DESGOMADO,contenedor_scoring,179296,e873c32e-5e0c-4f36-b2a7-48d4917bce06-0002bc60,PP > PP-EXT-LGC-EXTRACCION > PP-EXT-LGC-DESGOMADO,3,77,NO,200,200,0,cluster_logico_mismo_sector,179296:200:PP > PP-EXT-LGC-EXTRACCION > PP-EXT-LGC-DESGOMADO || 179346:200:PP > PP-EXT-LGC-EXTRACCION > PP-EXT-EXT-EX01 EXTRACTOR || 366559:200:PP > PP-EXT-LGC-EXTRACCION > PP-EXT-LGC-SOLVENTE || 366791:200:PP > PP-EXT-LGC-EXTRACCION > PP-EXT-LGC-RECUP GASES || 366838:200:PP > PP-EXT-LGC-EXTRACCION > PP-EXT-LGC-DESTILACION || 366859:200:PP > PP-EXT-LGC-EXTRACCION || 366922:200:PP > PP-EXT-LGC-EXTRACCION > PP-EXT-TST-DT01,PP-EXT-LGC-EXTRACCION,Código repetido en Project 4 veces. Cluster lógico: ancestro PP-EXT-LGC-EXTRACCION en 7 elementos Revit equivalentes.,ambiguo_falso_por_contenedor_duplicado,PP-EXT-LGC-EXTRACCION,179296;179346;366559;366791;366838;366859;366922,,,distributed,distribucion_round_robin_en_preparar_aplicar,PP,PP-EXT-LGC-EXTRACCION,PP-EXT-LGC-DESGOMADO,,,,,,,,,,,,,,,,,,,,,,,,,,,,,,,,,,,,,,,,,,,,,,,,,,,,,,,,,,,,,,,,,,,,,,,,,,,,,
contenedor_logico_duplicado_distributed,contenedor_por_ancestro_project,PP-EXT-CND-COND,CONDENSADOR CD01 EXTRACTOR | Grupo: PP-CND CONDENSADOR,138,4,138,PP-EXT-EXT-EX01 EXTRACTOR,PP-EXT-EXT-EX01,PP-EXT-LGC-EXTRACCION > PP-EXT-EXT-EX01,PP > PP-EXT-LGC-EXTRACCION > PP-EXT-EXT-EX01 EXTRACTOR,PP > PP-EXT-LGC-EXTRACCION > PP-EXT-EXT-EX01 EXTRACTOR > PP-EXT-CND-COND EXTRACTOR,179296,e873c32e-5e0c-4f36-b2a7-48d4917bce06-0002bc60,Roofs,,Genérico - 400 mm,Genérico - 400 mm,,PP > PP-EXT-LGC-EXTRACCION > PP-EXT-LGC-DESGOMADO,contenedor_scoring,179296,e873c32e-5e0c-4f36-b2a7-48d4917bce06-0002bc60,PP > PP-EXT-LGC-EXTRACCION > PP-EXT-LGC-DESGOMADO,3,77,NO,200,200,0,cluster_logico_mismo_sector,179296:200:PP > PP-EXT-LGC-EXTRACCION > PP-EXT-LGC-DESGOMADO || 179346:200:PP > PP-EXT-LGC-EXTRACCION > PP-EXT-EXT-EX01 EXTRACTOR || 366559:200:PP > PP-EXT-LGC-EXTRACCION > PP-EXT-LGC-SOLVENTE || 366791:200:PP > PP-EXT-LGC-EXTRACCION > PP-EXT-LGC-RECUP GASES || 366838:200:PP > PP-EXT-LGC-EXTRACCION > PP-EXT-LGC-DESTILACION || 366859:200:PP > PP-EXT-LGC-EXTRACCION || 366922:200:PP > PP-EXT-LGC-EXTRACCION > PP-EXT-TST-DT01,PP-EXT-LGC-EXTRACCION,Código repetido en Project 8 veces. Cluster lógico: ancestro PP-EXT-LGC-EXTRACCION en 7 elementos Revit equivalentes.,ambiguo_falso_por_contenedor_duplicado,PP-EXT-LGC-EXTRACCION,179296;179346;366559;366791;366838;366859;366922,,,distributed,distribucion_round_robin_en_preparar_aplicar,PP,PP-EXT-LGC-EXTRACCION,PP-EXT-LGC-DESGOMADO,,,,,,,,,,,,,,,,,,,,,,,,,,,,,,,,,,,,,,,,,,,,,,,,,,,,,,,,,,,,,,,,,,,,,,,,,,,,,
contenedor_logico_duplicado_distributed,contenedor_por_ancestro_project,PP-EXT-FLT-F-AMIAD,F-AMIAD MISCELAS (AUTOLIMPIANTE) | Grupo: PP-FLT AMIAD,139,4,139,PP-EXT-EXT-EX01 EXTRACTOR,PP-EXT-EXT-EX01,PP-EXT-LGC-EXTRACCION > PP-EXT-EXT-EX01,PP > PP-EXT-LGC-EXTRACCION > PP-EXT-EXT-EX01 EXTRACTOR,PP > PP-EXT-LGC-EXTRACCION > PP-EXT-EXT-EX01 EXTRACTOR > PP-EXT-FLT-F-AMIAD,179296,e873c32e-5e0c-4f36-b2a7-48d4917bce06-0002bc60,Roofs,,Genérico - 400 mm,Genérico - 400 mm,,PP > PP-EXT-LGC-EXTRACCION > PP-EXT-LGC-DESGOMADO,contenedor_scoring,179296,e873c32e-5e0c-4f36-b2a7-48d4917bce06-0002bc60,PP > PP-EXT-LGC-EXTRACCION > PP-EXT-LGC-DESGOMADO,3,77,NO,200,200,0,cluster_logico_mismo_sector,179296:200:PP > PP-EXT-LGC-EXTRACCION > PP-EXT-LGC-DESGOMADO || 179346:200:PP > PP-EXT-LGC-EXTRACCION > PP-EXT-EXT-EX01 EXTRACTOR || 366559:200:PP > PP-EXT-LGC-EXTRACCION > PP-EXT-LGC-SOLVENTE || 366791:200:PP > PP-EXT-LGC-EXTRACCION > PP-EXT-LGC-RECUP GASES || 366838:200:PP > PP-EXT-LGC-EXTRACCION > PP-EXT-LGC-DESTILACION || 366859:200:PP > PP-EXT-LGC-EXTRACCION || 366922:200:PP > PP-EXT-LGC-EXTRACCION > PP-EXT-TST-DT01,PP-EXT-LGC-EXTRACCION,Cluster lógico: ancestro PP-EXT-LGC-EXTRACCION en 7 elementos Revit equivalentes.,ambiguo_falso_por_contenedor_duplicado,PP-EXT-LGC-EXTRACCION,179296;179346;366559;366791;366838;366859;366922,,,distributed,distribucion_round_robin_en_preparar_aplicar,PP,PP-EXT-LGC-EXTRACCION,PP-EXT-LGC-DESGOMADO,,,,,,,,,,,,,,,,,,,,,,,,,,,,,,,,,,,,,,,,,,,,,,,,,,,,,,,,,,,,,,,,,,,,,,,,,,,,,
contenedor_logico_duplicado_distributed,contenedor_por_ancestro_project,PP-EXT-INT-INT01,INTERCAM. ACEITE/MISCELA | Grupo: PP-INT PLACAS AC/MIS,140,4,140,PP-EXT-EXT-EX01 EXTRACTOR,PP-EXT-EXT-EX01,PP-EXT-LGC-EXTRACCION > PP-EXT-EXT-EX01,PP > PP-EXT-LGC-EXTRACCION > PP-EXT-EXT-EX01 EXTRACTOR,PP > PP-EXT-LGC-EXTRACCION > PP-EXT-EXT-EX01 EXTRACTOR > PP-EXT-INT-INT01 AC/MIS,179296,e873c32e-5e0c-4f36-b2a7-48d4917bce06-0002bc60,Roofs,,Genérico - 400 mm,Genérico - 400 mm,,PP > PP-EXT-LGC-EXTRACCION > PP-EXT-LGC-DESGOMADO,contenedor_scoring,179296,e873c32e-5e0c-4f36-b2a7-48d4917bce06-0002bc60,PP > PP-EXT-LGC-EXTRACCION > PP-EXT-LGC-DESGOMADO,3,77,NO,200,200,0,cluster_logico_mismo_sector,179296:200:PP > PP-EXT-LGC-EXTRACCION > PP-EXT-LGC-DESGOMADO || 179346:200:PP > PP-EXT-LGC-EXTRACCION > PP-EXT-EXT-EX01 EXTRACTOR || 366559:200:PP > PP-EXT-LGC-EXTRACCION > PP-EXT-LGC-SOLVENTE || 366791:200:PP > PP-EXT-LGC-EXTRACCION > PP-EXT-LGC-RECUP GASES || 366838:200:PP > PP-EXT-LGC-EXTRACCION > PP-EXT-LGC-DESTILACION || 366859:200:PP > PP-EXT-LGC-EXTRACCION || 366922:200:PP > PP-EXT-LGC-EXTRACCION > PP-EXT-TST-DT01,PP-EXT-LGC-EXTRACCION,Cluster lógico: ancestro PP-EXT-LGC-EXTRACCION en 7 elementos Revit equivalentes.,ambiguo_falso_por_contenedor_duplicado,PP-EXT-LGC-EXTRACCION,179296;179346;366559;366791;366838;366859;366922,,,distributed,distribucion_round_robin_en_preparar_aplicar,PP,PP-EXT-LGC-EXTRACCION,PP-EXT-LGC-DESGOMADO,,,,,,,,,,,,,,,,,,,,,,,,,,,,,,,,,,,,,,,,,,,,,,,,,,,,,,,,,,,,,,,,,,,,,,,,,,,,,
contenedor_logico_duplicado_distributed,contenedor_por_ancestro_project,PP-EXT-LGC-BMB,CONJUNTO DE BOMBAS DE RECIRCULACION EXTRACCION PTA PTO | Grupo: PP-CONJ BMB RECIRC EXT,141,4,141,PP-EXT-EXT-EX01 EXTRACTOR,PP-EXT-EXT-EX01,PP-EXT-LGC-EXTRACCION > PP-EXT-EXT-EX01,PP > PP-EXT-LGC-EXTRACCION > PP-EXT-EXT-EX01 EXTRACTOR,PP > PP-EXT-LGC-EXTRACCION > PP-EXT-EXT-EX01 EXTRACTOR > PP-EXT-LGC-BMB RECIRC,179296,e873c32e-5e0c-4f36-b2a7-48d4917bce06-0002bc60,Roofs,,Genérico - 400 mm,Genérico - 400 mm,,PP > PP-EXT-LGC-EXTRACCION > PP-EXT-LGC-DESGOMADO,contenedor_scoring,179296,e873c32e-5e0c-4f36-b2a7-48d4917bce06-0002bc60,PP > PP-EXT-LGC-EXTRACCION > PP-EXT-LGC-DESGOMADO,3,77,NO,200,200,0,cluster_logico_mismo_sector,179296:200:PP > PP-EXT-LGC-EXTRACCION > PP-EXT-LGC-DESGOMADO || 179346:200:PP > PP-EXT-LGC-EXTRACCION > PP-EXT-EXT-EX01 EXTRACTOR || 366559:200:PP > PP-EXT-LGC-EXTRACCION > PP-EXT-LGC-SOLVENTE || 366791:200:PP > PP-EXT-LGC-EXTRACCION > PP-EXT-LGC-RECUP GASES || 366838:200:PP > PP-EXT-LGC-EXTRACCION > PP-EXT-LGC-DESTILACION || 366859:200:PP > PP-EXT-LGC-EXTRACCION || 366922:200:PP > PP-EXT-LGC-EXTRACCION > PP-EXT-TST-DT01,PP-EXT-LGC-EXTRACCION,Cluster lógico: ancestro PP-EXT-LGC-EXTRACCION en 7 elementos Revit equivalentes.,ambiguo_falso_por_contenedor_duplicado,PP-EXT-LGC-EXTRACCION,179296;179346;366559;366791;366838;366859;366922,,,distributed,distribucion_round_robin_en_preparar_aplicar,PP,PP-EXT-LGC-EXTRACCION,PP-EXT-LGC-DESGOMADO,,,,,,,,,,,,,,,,,,,,,,,,,,,,,,,,,,,,,,,,,,,,,,,,,,,,,,,,,,,,,,,,,,,,,,,,,,,,,
contenedor_logico_duplicado_distributed,contenedor_por_ancestro_project,PP-EXT-BMB-BO02,BOMBA BO02  RECIRCULACION | Grupo: PP-BMB CENTRIF RIEGO,142,5,142,PP-EXT-LGC-BMB RECIRC,PP-EXT-LGC-BMB,PP-EXT-LGC-EXTRACCION > PP-EXT-EXT-EX01 > PP-EXT-LGC-BMB,PP > PP-EXT-LGC-EXTRACCION > PP-EXT-EXT-EX01 EXTRACTOR > PP-EXT-LGC-BMB RECIRC,PP > PP-EXT-LGC-EXTRACCION > PP-EXT-EXT-EX01 EXTRACTOR > PP-EXT-LGC-BMB RECIRC > PP-EXT-BMB-BO02,179296,e873c32e-5e0c-4f36-b2a7-48d4917bce06-0002bc60,Roofs,,Genérico - 400 mm,Genérico - 400 mm,,PP > PP-EXT-LGC-EXTRACCION > PP-EXT-LGC-DESGOMADO,contenedor_scoring,179296,e873c32e-5e0c-4f36-b2a7-48d4917bce06-0002bc60,PP > PP-EXT-LGC-EXTRACCION > PP-EXT-LGC-DESGOMADO,3,77,NO,200,200,0,cluster_logico_mismo_sector,179296:200:PP > PP-EXT-LGC-EXTRACCION > PP-EXT-LGC-DESGOMADO || 179346:200:PP > PP-EXT-LGC-EXTRACCION > PP-EXT-EXT-EX01 EXTRACTOR || 366559:200:PP > PP-EXT-LGC-EXTRACCION > PP-EXT-LGC-SOLVENTE || 366791:200:PP > PP-EXT-LGC-EXTRACCION > PP-EXT-LGC-RECUP GASES || 366838:200:PP > PP-EXT-LGC-EXTRACCION > PP-EXT-LGC-DESTILACION || 366859:200:PP > PP-EXT-LGC-EXTRACCION || 366922:200:PP > PP-EXT-LGC-EXTRACCION > PP-EXT-TST-DT01,PP-EXT-LGC-EXTRACCION,Cluster lógico: ancestro PP-EXT-LGC-EXTRACCION en 7 elementos Revit equivalentes.,ambiguo_falso_por_contenedor_duplicado,PP-EXT-LGC-EXTRACCION,179296;179346;366559;366791;366838;366859;366922,,,distributed,distribucion_round_robin_en_preparar_aplicar,PP,PP-EXT-LGC-EXTRACCION,PP-EXT-LGC-DESGOMADO,,,,,,,,,,,,,,,,,,,,,,,,,,,,,,,,,,,,,,,,,,,,,,,,,,,,,,,,,,,,,,,,,,,,,,,,,,,,,
contenedor_logico_duplicado_distributed,contenedor_por_ancestro_project,PP-EXT-BMB-BO03,BOMBA BO03  RECIRCULACION | Grupo: PP-BMB CENTRIF RIEGO,143,5,143,PP-EXT-LGC-BMB RECIRC,PP-EXT-LGC-BMB,PP-EXT-LGC-EXTRACCION > PP-EXT-EXT-EX01 > PP-EXT-LGC-BMB,PP > PP-EXT-LGC-EXTRACCION > PP-EXT-EXT-EX01 EXTRACTOR > PP-EXT-LGC-BMB RECIRC,PP > PP-EXT-LGC-EXTRACCION > PP-EXT-EXT-EX01 EXTRACTOR > PP-EXT-LGC-BMB RECIRC > PP-EXT-BMB-BO03,179296,e873c32e-5e0c-4f36-b2a7-48d4917bce06-0002bc60,Roofs,,Genérico - 400 mm,Genérico - 400 mm,,PP > PP-EXT-LGC-EXTRACCION > PP-EXT-LGC-DESGOMADO,contenedor_scoring,179296,e873c32e-5e0c-4f36-b2a7-48d4917bce06-0002bc60,PP > PP-EXT-LGC-EXTRACCION > PP-EXT-LGC-DESGOMADO,3,77,NO,200,200,0,cluster_logico_mismo_sector,179296:200:PP > PP-EXT-LGC-EXTRACCION > PP-EXT-LGC-DESGOMADO || 179346:200:PP > PP-EXT-LGC-EXTRACCION > PP-EXT-EXT-EX01 EXTRACTOR || 366559:200:PP > PP-EXT-LGC-EXTRACCION > PP-EXT-LGC-SOLVENTE || 366791:200:PP > PP-EXT-LGC-EXTRACCION > PP-EXT-LGC-RECUP GASES || 366838:200:PP > PP-EXT-LGC-EXTRACCION > PP-EXT-LGC-DESTILACION || 366859:200:PP > PP-EXT-LGC-EXTRACCION || 366922:200:PP > PP-EXT-LGC-EXTRACCION > PP-EXT-TST-DT01,PP-EXT-LGC-EXTRACCION,Cluster lógico: ancestro PP-EXT-LGC-EXTRACCION en 7 elementos Revit equivalentes.,ambiguo_falso_por_contenedor_duplicado,PP-EXT-LGC-EXTRACCION,179296;179346;366559;366791;366838;366859;366922,,,distributed,distribucion_round_robin_en_preparar_aplicar,PP,PP-EXT-LGC-EXTRACCION,PP-EXT-LGC-DESGOMADO,,,,,,,,,,,,,,,,,,,,,,,,,,,,,,,,,,,,,,,,,,,,,,,,,,,,,,,,,,,,,,,,,,,,,,,,,,,,,
contenedor_logico_duplicado_distributed,contenedor_por_ancestro_project,PP-EXT-BMB-BO04,BOMBA BO04  RECIRCULACION | Grupo: PP-BMB CENTRIF RIEGO,144,5,144,PP-EXT-LGC-BMB RECIRC,PP-EXT-LGC-BMB,PP-EXT-LGC-EXTRACCION > PP-EXT-EXT-EX01 > PP-EXT-LGC-BMB,PP > PP-EXT-LGC-EXTRACCION > PP-EXT-EXT-EX01 EXTRACTOR > PP-EXT-LGC-BMB RECIRC,PP > PP-EXT-LGC-EXTRACCION > PP-EXT-EXT-EX01 EXTRACTOR > PP-EXT-LGC-BMB RECIRC > PP-EXT-BMB-BO04,179296,e873c32e-5e0c-4f36-b2a7-48d4917bce06-0002bc60,Roofs,,Genérico - 400 mm,Genérico - 400 mm,,PP > PP-EXT-LGC-EXTRACCION > PP-EXT-LGC-DESGOMADO,contenedor_scoring,179296,e873c32e-5e0c-4f36-b2a7-48d4917bce06-0002bc60,PP > PP-EXT-LGC-EXTRACCION > PP-EXT-LGC-DESGOMADO,3,77,NO,200,200,0,cluster_logico_mismo_sector,179296:200:PP > PP-EXT-LGC-EXTRACCION > PP-EXT-LGC-DESGOMADO || 179346:200:PP > PP-EXT-LGC-EXTRACCION > PP-EXT-EXT-EX01 EXTRACTOR || 366559:200:PP > PP-EXT-LGC-EXTRACCION > PP-EXT-LGC-SOLVENTE || 366791:200:PP > PP-EXT-LGC-EXTRACCION > PP-EXT-LGC-RECUP GASES || 366838:200:PP > PP-EXT-LGC-EXTRACCION > PP-EXT-LGC-DESTILACION || 366859:200:PP > PP-EXT-LGC-EXTRACCION || 366922:200:PP > PP-EXT-LGC-EXTRACCION > PP-EXT-TST-DT01,PP-EXT-LGC-EXTRACCION,Cluster lógico: ancestro PP-EXT-LGC-EXTRACCION en 7 elementos Revit equivalentes.,ambiguo_falso_por_contenedor_duplicado,PP-EXT-LGC-EXTRACCION,179296;179346;366559;366791;366838;366859;366922,,,distributed,distribucion_round_robin_en_preparar_aplicar,PP,PP-EXT-LGC-EXTRACCION,PP-EXT-LGC-DESGOMADO,,,,,,,,,,,,,,,,,,,,,,,,,,,,,,,,,,,,,,,,,,,,,,,,,,,,,,,,,,,,,,,,,,,,,,,,,,,,,
contenedor_logico_duplicado_distributed,contenedor_por_ancestro_project,PP-EXT-BMB-BO05,BOMBA BO05  RECIRCULACION | Grupo: PP-BMB CENTRIF RIEGO,145,5,145,PP-EXT-LGC-BMB RECIRC,PP-EXT-LGC-BMB,PP-EXT-LGC-EXTRACCION > PP-EXT-EXT-EX01 > PP-EXT-LGC-BMB,PP > PP-EXT-LGC-EXTRACCION > PP-EXT-EXT-EX01 EXTRACTOR > PP-EXT-LGC-BMB RECIRC,PP > PP-EXT-LGC-EXTRACCION > PP-EXT-EXT-EX01 EXTRACTOR > PP-EXT-LGC-BMB RECIRC > PP-EXT-BMB-BO05,179296,e873c32e-5e0c-4f36-b2a7-48d4917bce06-0002bc60,Roofs,,Genérico - 400 mm,Genérico - 400 mm,,PP > PP-EXT-LGC-EXTRACCION > PP-EXT-LGC-DESGOMADO,contenedor_scoring,179296,e873c32e-5e0c-4f36-b2a7-48d4917bce06-0002bc60,PP > PP-EXT-LGC-EXTRACCION > PP-EXT-LGC-DESGOMADO,3,77,NO,200,200,0,cluster_logico_mismo_sector,179296:200:PP > PP-EXT-LGC-EXTRACCION > PP-EXT-LGC-DESGOMADO || 179346:200:PP > PP-EXT-LGC-EXTRACCION > PP-EXT-EXT-EX01 EXTRACTOR || 366559:200:PP > PP-EXT-LGC-EXTRACCION > PP-EXT-LGC-SOLVENTE || 366791:200:PP > PP-EXT-LGC-EXTRACCION > PP-EXT-LGC-RECUP GASES || 366838:200:PP > PP-EXT-LGC-EXTRACCION > PP-EXT-LGC-DESTILACION || 366859:200:PP > PP-EXT-LGC-EXTRACCION || 366922:200:PP > PP-EXT-LGC-EXTRACCION > PP-EXT-TST-DT01,PP-EXT-LGC-EXTRACCION,Cluster lógico: ancestro PP-EXT-LGC-EXTRACCION en 7 elementos Revit equivalentes.,ambiguo_falso_por_contenedor_duplicado,PP-EXT-LGC-EXTRACCION,179296;179346;366559;366791;366838;366859;366922,,,distributed,distribucion_round_robin_en_preparar_aplicar,PP,PP-EXT-LGC-EXTRACCION,PP-EXT-LGC-DESGOMADO,,,,,,,,,,,,,,,,,,,,,,,,,,,,,,,,,,,,,,,,,,,,,,,,,,,,,,,,,,,,,,,,,,,,,,,,,,,,,
contenedor_logico_duplicado_distributed,contenedor_por_ancestro_project,PP-EXT-BMB-BO06,BOMBA BO06  RECIRCULACION | Grupo: PP-BMB CENTRIF RIEGO,146,5,146,PP-EXT-LGC-BMB RECIRC,PP-EXT-LGC-BMB,PP-EXT-LGC-EXTRACCION > PP-EXT-EXT-EX01 > PP-EXT-LGC-BMB,PP > PP-EXT-LGC-EXTRACCION > PP-EXT-EXT-EX01 EXTRACTOR > PP-EXT-LGC-BMB RECIRC,PP > PP-EXT-LGC-EXTRACCION > PP-EXT-EXT-EX01 EXTRACTOR > PP-EXT-LGC-BMB RECIRC > PP-EXT-BMB-BO06,179296,e873c32e-5e0c-4f36-b2a7-48d4917bce06-0002bc60,Roofs,,Genérico - 400 mm,Genérico - 400 mm,,PP > PP-EXT-LGC-EXTRACCION > PP-EXT-LGC-DESGOMADO,contenedor_scoring,179296,e873c32e-5e0c-4f36-b2a7-48d4917bce06-0002bc60,PP > PP-EXT-LGC-EXTRACCION > PP-EXT-LGC-DESGOMADO,3,77,NO,200,200,0,cluster_logico_mismo_sector,179296:200:PP > PP-EXT-LGC-EXTRACCION > PP-EXT-LGC-DESGOMADO || 179346:200:PP > PP-EXT-LGC-EXTRACCION > PP-EXT-EXT-EX01 EXTRACTOR || 366559:200:PP > PP-EXT-LGC-EXTRACCION > PP-EXT-LGC-SOLVENTE || 366791:200:PP > PP-EXT-LGC-EXTRACCION > PP-EXT-LGC-RECUP GASES || 366838:200:PP > PP-EXT-LGC-EXTRACCION > PP-EXT-LGC-DESTILACION || 366859:200:PP > PP-EXT-LGC-EXTRACCION || 366922:200:PP > PP-EXT-LGC-EXTRACCION > PP-EXT-TST-DT01,PP-EXT-LGC-EXTRACCION,Cluster lógico: ancestro PP-EXT-LGC-EXTRACCION en 7 elementos Revit equivalentes.,ambiguo_falso_por_contenedor_duplicado,PP-EXT-LGC-EXTRACCION,179296;179346;366559;366791;366838;366859;366922,,,distributed,distribucion_round_robin_en_preparar_aplicar,PP,PP-EXT-LGC-EXTRACCION,PP-EXT-LGC-DESGOMADO,,,,,,,,,,,,,,,,,,,,,,,,,,,,,,,,,,,,,,,,,,,,,,,,,,,,,,,,,,,,,,,,,,,,,,,,,,,,,
contenedor_logico_duplicado_distributed,contenedor_por_ancestro_project,PP-EXT-BMB-BO07,BOMBA BO07  RECIRCULACION | Grupo: PP-BMB CENTRIF RIEGO,147,5,147,PP-EXT-LGC-BMB RECIRC,PP-EXT-LGC-BMB,PP-EXT-LGC-EXTRACCION > PP-EXT-EXT-EX01 > PP-EXT-LGC-BMB,PP > PP-EXT-LGC-EXTRACCION > PP-EXT-EXT-EX01 EXTRACTOR > PP-EXT-LGC-BMB RECIRC,PP > PP-EXT-LGC-EXTRACCION > PP-EXT-EXT-EX01 EXTRACTOR > PP-EXT-LGC-BMB RECIRC > PP-EXT-BMB-BO07,179296,e873c32e-5e0c-4f36-b2a7-48d4917bce06-0002bc60,Roofs,,Genérico - 400 mm,Genérico - 400 mm,,PP > PP-EXT-LGC-EXTRACCION > PP-EXT-LGC-DESGOMADO,contenedor_scoring,179296,e873c32e-5e0c-4f36-b2a7-48d4917bce06-0002bc60,PP > PP-EXT-LGC-EXTRACCION > PP-EXT-LGC-DESGOMADO,3,77,NO,200,200,0,cluster_logico_mismo_sector,179296:200:PP > PP-EXT-LGC-EXTRACCION > PP-EXT-LGC-DESGOMADO || 179346:200:PP > PP-EXT-LGC-EXTRACCION > PP-EXT-EXT-EX01 EXTRACTOR || 366559:200:PP > PP-EXT-LGC-EXTRACCION > PP-EXT-LGC-SOLVENTE || 366791:200:PP > PP-EXT-LGC-EXTRACCION > PP-EXT-LGC-RECUP GASES || 366838:200:PP > PP-EXT-LGC-EXTRACCION > PP-EXT-LGC-DESTILACION || 366859:200:PP > PP-EXT-LGC-EXTRACCION || 366922:200:PP > PP-EXT-LGC-EXTRACCION > PP-EXT-TST-DT01,PP-EXT-LGC-EXTRACCION,Cluster lógico: ancestro PP-EXT-LGC-EXTRACCION en 7 elementos Revit equivalentes.,ambiguo_falso_por_contenedor_duplicado,PP-EXT-LGC-EXTRACCION,179296;179346;366559;366791;366838;366859;366922,,,distributed,distribucion_round_robin_en_preparar_aplicar,PP,PP-EXT-LGC-EXTRACCION,PP-EXT-LGC-DESGOMADO,,,,,,,,,,,,,,,,,,,,,,,,,,,,,,,,,,,,,,,,,,,,,,,,,,,,,,,,,,,,,,,,,,,,,,,,,,,,,
contenedor_logico_duplicado_distributed,contenedor_por_ancestro_project,PP-EXT-BMB-BO08,BOMBA BO08  RECIRCULACION | Grupo: PP-BMB CENTRIF RIEGO,148,5,148,PP-EXT-LGC-BMB RECIRC,PP-EXT-LGC-BMB,PP-EXT-LGC-EXTRACCION > PP-EXT-EXT-EX01 > PP-EXT-LGC-BMB,PP > PP-EXT-LGC-EXTRACCION > PP-EXT-EXT-EX01 EXTRACTOR > PP-EXT-LGC-BMB RECIRC,PP > PP-EXT-LGC-EXTRACCION > PP-EXT-EXT-EX01 EXTRACTOR > PP-EXT-LGC-BMB RECIRC > PP-EXT-BMB-BO08,179296,e873c32e-5e0c-4f36-b2a7-48d4917bce06-0002bc60,Roofs,,Genérico - 400 mm,Genérico - 400 mm,,PP > PP-EXT-LGC-EXTRACCION > PP-EXT-LGC-DESGOMADO,contenedor_scoring,179296,e873c32e-5e0c-4f36-b2a7-48d4917bce06-0002bc60,PP > PP-EXT-LGC-EXTRACCION > PP-EXT-LGC-DESGOMADO,3,77,NO,200,200,0,cluster_logico_mismo_sector,179296:200:PP > PP-EXT-LGC-EXTRACCION > PP-EXT-LGC-DESGOMADO || 179346:200:PP > PP-EXT-LGC-EXTRACCION > PP-EXT-EXT-EX01 EXTRACTOR || 366559:200:PP > PP-EXT-LGC-EXTRACCION > PP-EXT-LGC-SOLVENTE || 366791:200:PP > PP-EXT-LGC-EXTRACCION > PP-EXT-LGC-RECUP GASES || 366838:200:PP > PP-EXT-LGC-EXTRACCION > PP-EXT-LGC-DESTILACION || 366859:200:PP > PP-EXT-LGC-EXTRACCION || 366922:200:PP > PP-EXT-LGC-EXTRACCION > PP-EXT-TST-DT01,PP-EXT-LGC-EXTRACCION,Cluster lógico: ancestro PP-EXT-LGC-EXTRACCION en 7 elementos Revit equivalentes.,ambiguo_falso_por_contenedor_duplicado,PP-EXT-LGC-EXTRACCION,179296;179346;366559;366791;366838;366859;366922,,,distributed,distribucion_round_robin_en_preparar_aplicar,PP,PP-EXT-LGC-EXTRACCION,PP-EXT-LGC-DESGOMADO,,,,,,,,,,,,,,,,,,,,,,,,,,,,,,,,,,,,,,,,,,,,,,,,,,,,,,,,,,,,,,,,,,,,,,,,,,,,,
contenedor_logico_duplicado_distributed,contenedor_por_ancestro_project,PP-EXT-BMB-BO09,BOMBA BO09  RECIRCULACION | Grupo: PP-BMB CENTRIF RIEGO,149,5,149,PP-EXT-LGC-BMB RECIRC,PP-EXT-LGC-BMB,PP-EXT-LGC-EXTRACCION > PP-EXT-EXT-EX01 > PP-EXT-LGC-BMB,PP > PP-EXT-LGC-EXTRACCION > PP-EXT-EXT-EX01 EXTRACTOR > PP-EXT-LGC-BMB RECIRC,PP > PP-EXT-LGC-EXTRACCION > PP-EXT-EXT-EX01 EXTRACTOR > PP-EXT-LGC-BMB RECIRC > PP-EXT-BMB-BO09,179296,e873c32e-5e0c-4f36-b2a7-48d4917bce06-0002bc60,Roofs,,Genérico - 400 mm,Genérico - 400 mm,,PP > PP-EXT-LGC-EXTRACCION > PP-EXT-LGC-DESGOMADO,contenedor_scoring,179296,e873c32e-5e0c-4f36-b2a7-48d4917bce06-0002bc60,PP > PP-EXT-LGC-EXTRACCION > PP-EXT-LGC-DESGOMADO,3,77,NO,200,200,0,cluster_logico_mismo_sector,179296:200:PP > PP-EXT-LGC-EXTRACCION > PP-EXT-LGC-DESGOMADO || 179346:200:PP > PP-EXT-LGC-EXTRACCION > PP-EXT-EXT-EX01 EXTRACTOR || 366559:200:PP > PP-EXT-LGC-EXTRACCION > PP-EXT-LGC-SOLVENTE || 366791:200:PP > PP-EXT-LGC-EXTRACCION > PP-EXT-LGC-RECUP GASES || 366838:200:PP > PP-EXT-LGC-EXTRACCION > PP-EXT-LGC-DESTILACION || 366859:200:PP > PP-EXT-LGC-EXTRACCION || 366922:200:PP > PP-EXT-LGC-EXTRACCION > PP-EXT-TST-DT01,PP-EXT-LGC-EXTRACCION,Cluster lógico: ancestro PP-EXT-LGC-EXTRACCION en 7 elementos Revit equivalentes.,ambiguo_falso_por_contenedor_duplicado,PP-EXT-LGC-EXTRACCION,179296;179346;366559;366791;366838;366859;366922,,,distributed,distribucion_round_robin_en_preparar_aplicar,PP,PP-EXT-LGC-EXTRACCION,PP-EXT-LGC-DESGOMADO,,,,,,,,,,,,,,,,,,,,,,,,,,,,,,,,,,,,,,,,,,,,,,,,,,,,,,,,,,,,,,,,,,,,,,,,,,,,,
contenedor_logico_duplicado_distributed,contenedor_por_ancestro_project,PP-EXT-BMB-BO10,BOMBA BO10  RECIRCULACION | Grupo: PP-BMB CENTRIF RIEGO,150,5,150,PP-EXT-LGC-BMB RECIRC,PP-EXT-LGC-BMB,PP-EXT-LGC-EXTRACCION > PP-EXT-EXT-EX01 > PP-EXT-LGC-BMB,PP > PP-EXT-LGC-EXTRACCION > PP-EXT-EXT-EX01 EXTRACTOR > PP-EXT-LGC-BMB RECIRC,PP > PP-EXT-LGC-EXTRACCION > PP-EXT-EXT-EX01 EXTRACTOR > PP-EXT-LGC-BMB RECIRC > PP-EXT-BMB-BO10,179296,e873c32e-5e0c-4f36-b2a7-48d4917bce06-0002bc60,Roofs,,Genérico - 400 mm,Genérico - 400 mm,,PP > PP-EXT-LGC-EXTRACCION > PP-EXT-LGC-DESGOMADO,contenedor_scoring,179296,e873c32e-5e0c-4f36-b2a7-48d4917bce06-0002bc60,PP > PP-EXT-LGC-EXTRACCION > PP-EXT-LGC-DESGOMADO,3,77,NO,200,200,0,cluster_logico_mismo_sector,179296:200:PP > PP-EXT-LGC-EXTRACCION > PP-EXT-LGC-DESGOMADO || 179346:200:PP > PP-EXT-LGC-EXTRACCION > PP-EXT-EXT-EX01 EXTRACTOR || 366559:200:PP > PP-EXT-LGC-EXTRACCION > PP-EXT-LGC-SOLVENTE || 366791:200:PP > PP-EXT-LGC-EXTRACCION > PP-EXT-LGC-RECUP GASES || 366838:200:PP > PP-EXT-LGC-EXTRACCION > PP-EXT-LGC-DESTILACION || 366859:200:PP > PP-EXT-LGC-EXTRACCION || 366922:200:PP > PP-EXT-LGC-EXTRACCION > PP-EXT-TST-DT01,PP-EXT-LGC-EXTRACCION,Cluster lógico: ancestro PP-EXT-LGC-EXTRACCION en 7 elementos Revit equivalentes.,ambiguo_falso_por_contenedor_duplicado,PP-EXT-LGC-EXTRACCION,179296;179346;366559;366791;366838;366859;366922,,,distributed,distribucion_round_robin_en_preparar_aplicar,PP,PP-EXT-LGC-EXTRACCION,PP-EXT-LGC-DESGOMADO,,,,,,,,,,,,,,,,,,,,,,,,,,,,,,,,,,,,,,,,,,,,,,,,,,,,,,,,,,,,,,,,,,,,,,,,,,,,,
contenedor_logico_duplicado_distributed,contenedor_por_ancestro_project,PP-EXT-BMB-BO11,BOMBA BO11  RECIRCULACION | Grupo: PP-BMB CENTRIF RIEGO,151,5,151,PP-EXT-LGC-BMB RECIRC,PP-EXT-LGC-BMB,PP-EXT-LGC-EXTRACCION > PP-EXT-EXT-EX01 > PP-EXT-LGC-BMB,PP > PP-EXT-LGC-EXTRACCION > PP-EXT-EXT-EX01 EXTRACTOR > PP-EXT-LGC-BMB RECIRC,PP > PP-EXT-LGC-EXTRACCION > PP-EXT-EXT-EX01 EXTRACTOR > PP-EXT-LGC-BMB RECIRC > PP-EXT-BMB-BO11,179296,e873c32e-5e0c-4f36-b2a7-48d4917bce06-0002bc60,Roofs,,Genérico - 400 mm,Genérico - 400 mm,,PP > PP-EXT-LGC-EXTRACCION > PP-EXT-LGC-DESGOMADO,contenedor_scoring,179296,e873c32e-5e0c-4f36-b2a7-48d4917bce06-0002bc60,PP > PP-EXT-LGC-EXTRACCION > PP-EXT-LGC-DESGOMADO,3,77,NO,200,200,0,cluster_logico_mismo_sector,179296:200:PP > PP-EXT-LGC-EXTRACCION > PP-EXT-LGC-DESGOMADO || 179346:200:PP > PP-EXT-LGC-EXTRACCION > PP-EXT-EXT-EX01 EXTRACTOR || 366559:200:PP > PP-EXT-LGC-EXTRACCION > PP-EXT-LGC-SOLVENTE || 366791:200:PP > PP-EXT-LGC-EXTRACCION > PP-EXT-LGC-RECUP GASES || 366838:200:PP > PP-EXT-LGC-EXTRACCION > PP-EXT-LGC-DESTILACION || 366859:200:PP > PP-EXT-LGC-EXTRACCION || 366922:200:PP > PP-EXT-LGC-EXTRACCION > PP-EXT-TST-DT01,PP-EXT-LGC-EXTRACCION,Cluster lógico: ancestro PP-EXT-LGC-EXTRACCION en 7 elementos Revit equivalentes.,ambiguo_falso_por_contenedor_duplicado,PP-EXT-LGC-EXTRACCION,179296;179346;366559;366791;366838;366859;366922,,,distributed,distribucion_round_robin_en_preparar_aplicar,PP,PP-EXT-LGC-EXTRACCION,PP-EXT-LGC-DESGOMADO,,,,,,,,,,,,,,,,,,,,,,,,,,,,,,,,,,,,,,,,,,,,,,,,,,,,,,,,,,,,,,,,,,,,,,,,,,,,,
contenedor_logico_duplicado_distributed,contenedor_por_ancestro_project,PP-EXT-BMB-BO12,BOMBA BO12  RECIRCULACION | Grupo: PP-BMB CENTRIF RIEGO,152,5,152,PP-EXT-LGC-BMB RECIRC,PP-EXT-LGC-BMB,PP-EXT-LGC-EXTRACCION > PP-EXT-EXT-EX01 > PP-EXT-LGC-BMB,PP > PP-EXT-LGC-EXTRACCION > PP-EXT-EXT-EX01 EXTRACTOR > PP-EXT-LGC-BMB RECIRC,PP > PP-EXT-LGC-EXTRACCION > PP-EXT-EXT-EX01 EXTRACTOR > PP-EXT-LGC-BMB RECIRC > PP-EXT-BMB-BO12,179296,e873c32e-5e0c-4f36-b2a7-48d4917bce06-0002bc60,Roofs,,Genérico - 400 mm,Genérico - 400 mm,,PP > PP-EXT-LGC-EXTRACCION > PP-EXT-LGC-DESGOMADO,contenedor_scoring,179296,e873c32e-5e0c-4f36-b2a7-48d4917bce06-0002bc60,PP > PP-EXT-LGC-EXTRACCION > PP-EXT-LGC-DESGOMADO,3,77,NO,200,200,0,cluster_logico_mismo_sector,179296:200:PP > PP-EXT-LGC-EXTRACCION > PP-EXT-LGC-DESGOMADO || 179346:200:PP > PP-EXT-LGC-EXTRACCION > PP-EXT-EXT-EX01 EXTRACTOR || 366559:200:PP > PP-EXT-LGC-EXTRACCION > PP-EXT-LGC-SOLVENTE || 366791:200:PP > PP-EXT-LGC-EXTRACCION > PP-EXT-LGC-RECUP GASES || 366838:200:PP > PP-EXT-LGC-EXTRACCION > PP-EXT-LGC-DESTILACION || 366859:200:PP > PP-EXT-LGC-EXTRACCION || 366922:200:PP > PP-EXT-LGC-EXTRACCION > PP-EXT-TST-DT01,PP-EXT-LGC-EXTRACCION,Cluster lógico: ancestro PP-EXT-LGC-EXTRACCION en 7 elementos Revit equivalentes.,ambiguo_falso_por_contenedor_duplicado,PP-EXT-LGC-EXTRACCION,179296;179346;366559;366791;366838;366859;366922,,,distributed,distribucion_round_robin_en_preparar_aplicar,PP,PP-EXT-LGC-EXTRACCION,PP-EXT-LGC-DESGOMADO,,,,,,,,,,,,,,,,,,,,,,,,,,,,,,,,,,,,,,,,,,,,,,,,,,,,,,,,,,,,,,,,,,,,,,,,,,,,,
contenedor_logico_duplicado_distributed,contenedor_por_ancestro_project,PP-EXT-BMB-BO13,BOMBA BO13  RECIRCULACION | Grupo: PP-BMB CENTRIF RIEGO,153,5,153,PP-EXT-LGC-BMB RECIRC,PP-EXT-LGC-BMB,PP-EXT-LGC-EXTRACCION > PP-EXT-EXT-EX01 > PP-EXT-LGC-BMB,PP > PP-EXT-LGC-EXTRACCION > PP-EXT-EXT-EX01 EXTRACTOR > PP-EXT-LGC-BMB RECIRC,PP > PP-EXT-LGC-EXTRACCION > PP-EXT-EXT-EX01 EXTRACTOR > PP-EXT-LGC-BMB RECIRC > PP-EXT-BMB-BO13,179296,e873c32e-5e0c-4f36-b2a7-48d4917bce06-0002bc60,Roofs,,Genérico - 400 mm,Genérico - 400 mm,,PP > PP-EXT-LGC-EXTRACCION > PP-EXT-LGC-DESGOMADO,contenedor_scoring,179296,e873c32e-5e0c-4f36-b2a7-48d4917bce06-0002bc60,PP > PP-EXT-LGC-EXTRACCION > PP-EXT-LGC-DESGOMADO,3,77,NO,200,200,0,cluster_logico_mismo_sector,179296:200:PP > PP-EXT-LGC-EXTRACCION > PP-EXT-LGC-DESGOMADO || 179346:200:PP > PP-EXT-LGC-EXTRACCION > PP-EXT-EXT-EX01 EXTRACTOR || 366559:200:PP > PP-EXT-LGC-EXTRACCION > PP-EXT-LGC-SOLVENTE || 366791:200:PP > PP-EXT-LGC-EXTRACCION > PP-EXT-LGC-RECUP GASES || 366838:200:PP > PP-EXT-LGC-EXTRACCION > PP-EXT-LGC-DESTILACION || 366859:200:PP > PP-EXT-LGC-EXTRACCION || 366922:200:PP > PP-EXT-LGC-EXTRACCION > PP-EXT-TST-DT01,PP-EXT-LGC-EXTRACCION,Cluster lógico: ancestro PP-EXT-LGC-EXTRACCION en 7 elementos Revit equivalentes.,ambiguo_falso_por_contenedor_duplicado,PP-EXT-LGC-EXTRACCION,179296;179346;366559;366791;366838;366859;366922,,,distributed,distribucion_round_robin_en_preparar_aplicar,PP,PP-EXT-LGC-EXTRACCION,PP-EXT-LGC-DESGOMADO,,,,,,,,,,,,,,,,,,,,,,,,,,,,,,,,,,,,,,,,,,,,,,,,,,,,,,,,,,,,,,,,,,,,,,,,,,,,,
contenedor_logico_duplicado_distributed,contenedor_por_ancestro_project,PP-EXT-BMB-BO14,BOMBA BO14  RECIRCULACION | Grupo: PP-BMB CENTRIF RIEGO,154,5,154,PP-EXT-LGC-BMB RECIRC,PP-EXT-LGC-BMB,PP-EXT-LGC-EXTRACCION > PP-EXT-EXT-EX01 > PP-EXT-LGC-BMB,PP > PP-EXT-LGC-EXTRACCION > PP-EXT-EXT-EX01 EXTRACTOR > PP-EXT-LGC-BMB RECIRC,PP > PP-EXT-LGC-EXTRACCION > PP-EXT-EXT-EX01 EXTRACTOR > PP-EXT-LGC-BMB RECIRC > PP-EXT-BMB-BO14,179296,e873c32e-5e0c-4f36-b2a7-48d4917bce06-0002bc60,Roofs,,Genérico - 400 mm,Genérico - 400 mm,,PP > PP-EXT-LGC-EXTRACCION > PP-EXT-LGC-DESGOMADO,contenedor_scoring,179296,e873c32e-5e0c-4f36-b2a7-48d4917bce06-0002bc60,PP > PP-EXT-LGC-EXTRACCION > PP-EXT-LGC-DESGOMADO,3,77,NO,200,200,0,cluster_logico_mismo_sector,179296:200:PP > PP-EXT-LGC-EXTRACCION > PP-EXT-LGC-DESGOMADO || 179346:200:PP > PP-EXT-LGC-EXTRACCION > PP-EXT-EXT-EX01 EXTRACTOR || 366559:200:PP > PP-EXT-LGC-EXTRACCION > PP-EXT-LGC-SOLVENTE || 366791:200:PP > PP-EXT-LGC-EXTRACCION > PP-EXT-LGC-RECUP GASES || 366838:200:PP > PP-EXT-LGC-EXTRACCION > PP-EXT-LGC-DESTILACION || 366859:200:PP > PP-EXT-LGC-EXTRACCION || 366922:200:PP > PP-EXT-LGC-EXTRACCION > PP-EXT-TST-DT01,PP-EXT-LGC-EXTRACCION,Cluster lógico: ancestro PP-EXT-LGC-EXTRACCION en 7 elementos Revit equivalentes.,ambiguo_falso_por_contenedor_duplicado,PP-EXT-LGC-EXTRACCION,179296;179346;366559;366791;366838;366859;366922,,,distributed,distribucion_round_robin_en_preparar_aplicar,PP,PP-EXT-LGC-EXTRACCION,PP-EXT-LGC-DESGOMADO,,,,,,,,,,,,,,,,,,,,,,,,,,,,,,,,,,,,,,,,,,,,,,,,,,,,,,,,,,,,,,,,,,,,,,,,,,,,,
contenedor_logico_duplicado_distributed,contenedor_por_ancestro_project,PP-EXT-BMB-BO16,BOMBA BO16 DE ELEVACION MISCELA (ACTUAL ETA 250-40) | Grupo: PP-BMB CENTRIF RIEGO,155,5,155,PP-EXT-LGC-BMB RECIRC,PP-EXT-LGC-BMB,PP-EXT-LGC-EXTRACCION > PP-EXT-EXT-EX01 > PP-EXT-LGC-BMB,PP > PP-EXT-LGC-EXTRACCION > PP-EXT-EXT-EX01 EXTRACTOR > PP-EXT-LGC-BMB RECIRC,PP > PP-EXT-LGC-EXTRACCION > PP-EXT-EXT-EX01 EXTRACTOR > PP-EXT-LGC-BMB RECIRC > PP-EXT-BMB-BO16,179296,e873c32e-5e0c-4f36-b2a7-48d4917bce06-0002bc60,Roofs,,Genérico - 400 mm,Genérico - 400 mm,,PP > PP-EXT-LGC-EXTRACCION > PP-EXT-LGC-DESGOMADO,contenedor_scoring,179296,e873c32e-5e0c-4f36-b2a7-48d4917bce06-0002bc60,PP > PP-EXT-LGC-EXTRACCION > PP-EXT-LGC-DESGOMADO,3,77,NO,200,200,0,cluster_logico_mismo_sector,179296:200:PP > PP-EXT-LGC-EXTRACCION > PP-EXT-LGC-DESGOMADO || 179346:200:PP > PP-EXT-LGC-EXTRACCION > PP-EXT-EXT-EX01 EXTRACTOR || 366559:200:PP > PP-EXT-LGC-EXTRACCION > PP-EXT-LGC-SOLVENTE || 366791:200:PP > PP-EXT-LGC-EXTRACCION > PP-EXT-LGC-RECUP GASES || 366838:200:PP > PP-EXT-LGC-EXTRACCION > PP-EXT-LGC-DESTILACION || 366859:200:PP > PP-EXT-LGC-EXTRACCION || 366922:200:PP > PP-EXT-LGC-EXTRACCION > PP-EXT-TST-DT01,PP-EXT-LGC-EXTRACCION,Cluster lógico: ancestro PP-EXT-LGC-EXTRACCION en 7 elementos Revit equivalentes.,ambiguo_falso_por_contenedor_duplicado,PP-EXT-LGC-EXTRACCION,179296;179346;366559;366791;366838;366859;366922,,,distributed,distribucion_round_robin_en_preparar_aplicar,PP,PP-EXT-LGC-EXTRACCION,PP-EXT-LGC-DESGOMADO,,,,,,,,,,,,,,,,,,,,,,,,,,,,,,,,,,,,,,,,,,,,,,,,,,,,,,,,,,,,,,,,,,,,,,,,,,,,,
contenedor_logico_duplicado_distributed,contenedor_por_ancestro_project,PP-EXT-BMB-BO17,BOMBA BO17 RECIRCULACION | Grupo: PP-BMB CENTRIF RIEGO,156,5,156,PP-EXT-LGC-BMB RECIRC,PP-EXT-LGC-BMB,PP-EXT-LGC-EXTRACCION > PP-EXT-EXT-EX01 > PP-EXT-LGC-BMB,PP > PP-EXT-LGC-EXTRACCION > PP-EXT-EXT-EX01 EXTRACTOR > PP-EXT-LGC-BMB RECIRC,PP > PP-EXT-LGC-EXTRACCION > PP-EXT-EXT-EX01 EXTRACTOR > PP-EXT-LGC-BMB RECIRC > PP-EXT-BMB-BO17,179296,e873c32e-5e0c-4f36-b2a7-48d4917bce06-0002bc60,Roofs,,Genérico - 400 mm,Genérico - 400 mm,,PP > PP-EXT-LGC-EXTRACCION > PP-EXT-LGC-DESGOMADO,contenedor_scoring,179296,e873c32e-5e0c-4f36-b2a7-48d4917bce06-0002bc60,PP > PP-EXT-LGC-EXTRACCION > PP-EXT-LGC-DESGOMADO,3,77,NO,200,200,0,cluster_logico_mismo_sector,179296:200:PP > PP-EXT-LGC-EXTRACCION > PP-EXT-LGC-DESGOMADO || 179346:200:PP > PP-EXT-LGC-EXTRACCION > PP-EXT-EXT-EX01 EXTRACTOR || 366559:200:PP > PP-EXT-LGC-EXTRACCION > PP-EXT-LGC-SOLVENTE || 366791:200:PP > PP-EXT-LGC-EXTRACCION > PP-EXT-LGC-RECUP GASES || 366838:200:PP > PP-EXT-LGC-EXTRACCION > PP-EXT-LGC-DESTILACION || 366859:200:PP > PP-EXT-LGC-EXTRACCION || 366922:200:PP > PP-EXT-LGC-EXTRACCION > PP-EXT-TST-DT01,PP-EXT-LGC-EXTRACCION,Cluster lógico: ancestro PP-EXT-LGC-EXTRACCION en 7 elementos Revit equivalentes.,ambiguo_falso_por_contenedor_duplicado,PP-EXT-LGC-EXTRACCION,179296;179346;366559;366791;366838;366859;366922,,,distributed,distribucion_round_robin_en_preparar_aplicar,PP,PP-EXT-LGC-EXTRACCION,PP-EXT-LGC-DESGOMADO,,,,,,,,,,,,,,,,,,,,,,,,,,,,,,,,,,,,,,,,,,,,,,,,,,,,,,,,,,,,,,,,,,,,,,,,,,,,,
contenedor_logico_duplicado_distributed,contenedor_por_ancestro_project,PP-EXT-LGC-HIDROCICLONES,CONJUNTO DE HIDROCICLONES CONJUNTO EXTRACCION PTA PTO | Grupo: PP-HIDROCICLONES EXT,157,4,157,PP-EXT-EXT-EX01 EXTRACTOR,PP-EXT-EXT-EX01,PP-EXT-LGC-EXTRACCION > PP-EXT-EXT-EX01,PP > PP-EXT-LGC-EXTRACCION > PP-EXT-EXT-EX01 EXTRACTOR,PP > PP-EXT-LGC-EXTRACCION > PP-EXT-EXT-EX01 EXTRACTOR > PP-EXT-LGC-HIDROCICLONES,179296,e873c32e-5e0c-4f36-b2a7-48d4917bce06-0002bc60,Roofs,,Genérico - 400 mm,Genérico - 400 mm,,PP > PP-EXT-LGC-EXTRACCION > PP-EXT-LGC-DESGOMADO,contenedor_scoring,179296,e873c32e-5e0c-4f36-b2a7-48d4917bce06-0002bc60,PP > PP-EXT-LGC-EXTRACCION > PP-EXT-LGC-DESGOMADO,3,77,NO,200,200,0,cluster_logico_mismo_sector,179296:200:PP > PP-EXT-LGC-EXTRACCION > PP-EXT-LGC-DESGOMADO || 179346:200:PP > PP-EXT-LGC-EXTRACCION > PP-EXT-EXT-EX01 EXTRACTOR || 366559:200:PP > PP-EXT-LGC-EXTRACCION > PP-EXT-LGC-SOLVENTE || 366791:200:PP > PP-EXT-LGC-EXTRACCION > PP-EXT-LGC-RECUP GASES || 366838:200:PP > PP-EXT-LGC-EXTRACCION > PP-EXT-LGC-DESTILACION || 366859:200:PP > PP-EXT-LGC-EXTRACCION || 366922:200:PP > PP-EXT-LGC-EXTRACCION > PP-EXT-TST-DT01,PP-EXT-LGC-EXTRACCION,Cluster lógico: ancestro PP-EXT-LGC-EXTRACCION en 7 elementos Revit equivalentes.,ambiguo_falso_por_contenedor_duplicado,PP-EXT-LGC-EXTRACCION,179296;179346;366559;366791;366838;366859;366922,,,distributed,distribucion_round_robin_en_preparar_aplicar,PP,PP-EXT-LGC-EXTRACCION,PP-EXT-LGC-DESGOMADO,,,,,,,,,,,,,,,,,,,,,,,,,,,,,,,,,,,,,,,,,,,,,,,,,,,,,,,,,,,,,,,,,,,,,,,,,,,,,
contenedor_logico_duplicado_distributed,contenedor_por_ancestro_project,PP-EXT-HDR-HCP01,HIDROCICLON PRIMARIO HCP01 LADO NORTE | Grupo: PP-HIDROCICLON PRIM,158,5,158,PP-EXT-LGC-HIDROCICLONES,PP-EXT-LGC-HIDROCICLONES,PP-EXT-LGC-EXTRACCION > PP-EXT-EXT-EX01 > PP-EXT-LGC-HIDROCICLONES,PP > PP-EXT-LGC-EXTRACCION > PP-EXT-EXT-EX01 EXTRACTOR > PP-EXT-LGC-HIDROCICLONES,PP > PP-EXT-LGC-EXTRACCION > PP-EXT-EXT-EX01 EXTRACTOR > PP-EXT-LGC-HIDROCICLONES > PP-EXT-HDR-HCP01,179296,e873c32e-5e0c-4f36-b2a7-48d4917bce06-0002bc60,Roofs,,Genérico - 400 mm,Genérico - 400 mm,,PP > PP-EXT-LGC-EXTRACCION > PP-EXT-LGC-DESGOMADO,contenedor_scoring,179296,e873c32e-5e0c-4f36-b2a7-48d4917bce06-0002bc60,PP > PP-EXT-LGC-EXTRACCION > PP-EXT-LGC-DESGOMADO,3,77,NO,200,200,0,cluster_logico_mismo_sector,179296:200:PP > PP-EXT-LGC-EXTRACCION > PP-EXT-LGC-DESGOMADO || 179346:200:PP > PP-EXT-LGC-EXTRACCION > PP-EXT-EXT-EX01 EXTRACTOR || 366559:200:PP > PP-EXT-LGC-EXTRACCION > PP-EXT-LGC-SOLVENTE || 366791:200:PP > PP-EXT-LGC-EXTRACCION > PP-EXT-LGC-RECUP GASES || 366838:200:PP > PP-EXT-LGC-EXTRACCION > PP-EXT-LGC-DESTILACION || 366859:200:PP > PP-EXT-LGC-EXTRACCION || 366922:200:PP > PP-EXT-LGC-EXTRACCION > PP-EXT-TST-DT01,PP-EXT-LGC-EXTRACCION,Cluster lógico: ancestro PP-EXT-LGC-EXTRACCION en 7 elementos Revit equivalentes.,ambiguo_falso_por_contenedor_duplicado,PP-EXT-LGC-EXTRACCION,179296;179346;366559;366791;366838;366859;366922,,,distributed,distribucion_round_robin_en_preparar_aplicar,PP,PP-EXT-LGC-EXTRACCION,PP-EXT-LGC-DESGOMADO,,,,,,,,,,,,,,,,,,,,,,,,,,,,,,,,,,,,,,,,,,,,,,,,,,,,,,,,,,,,,,,,,,,,,,,,,,,,,
contenedor_logico_duplicado_distributed,contenedor_por_ancestro_project,PP-EXT-HDR-HCP02,HIDROCICLON PRIMARIO HCP02 LADO SUR | Grupo: PP-HIDROCICLON PRIM,159,5,159,PP-EXT-LGC-HIDROCICLONES,PP-EXT-LGC-HIDROCICLONES,PP-EXT-LGC-EXTRACCION > PP-EXT-EXT-EX01 > PP-EXT-LGC-HIDROCICLONES,PP > PP-EXT-LGC-EXTRACCION > PP-EXT-EXT-EX01 EXTRACTOR > PP-EXT-LGC-HIDROCICLONES,PP > PP-EXT-LGC-EXTRACCION > PP-EXT-EXT-EX01 EXTRACTOR > PP-EXT-LGC-HIDROCICLONES > PP-EXT-HDR-HCP02,179296,e873c32e-5e0c-4f36-b2a7-48d4917bce06-0002bc60,Roofs,,Genérico - 400 mm,Genérico - 400 mm,,PP > PP-EXT-LGC-EXTRACCION > PP-EXT-LGC-DESGOMADO,contenedor_scoring,179296,e873c32e-5e0c-4f36-b2a7-48d4917bce06-0002bc60,PP > PP-EXT-LGC-EXTRACCION > PP-EXT-LGC-DESGOMADO,3,77,NO,200,200,0,cluster_logico_mismo_sector,179296:200:PP > PP-EXT-LGC-EXTRACCION > PP-EXT-LGC-DESGOMADO || 179346:200:PP > PP-EXT-LGC-EXTRACCION > PP-EXT-EXT-EX01 EXTRACTOR || 366559:200:PP > PP-EXT-LGC-EXTRACCION > PP-EXT-LGC-SOLVENTE || 366791:200:PP > PP-EXT-LGC-EXTRACCION > PP-EXT-LGC-RECUP GASES || 366838:200:PP > PP-EXT-LGC-EXTRACCION > PP-EXT-LGC-DESTILACION || 366859:200:PP > PP-EXT-LGC-EXTRACCION || 366922:200:PP > PP-EXT-LGC-EXTRACCION > PP-EXT-TST-DT01,PP-EXT-LGC-EXTRACCION,Cluster lógico: ancestro PP-EXT-LGC-EXTRACCION en 7 elementos Revit equivalentes.,ambiguo_falso_por_contenedor_duplicado,PP-EXT-LGC-EXTRACCION,179296;179346;366559;366791;366838;366859;366922,,,distributed,distribucion_round_robin_en_preparar_aplicar,PP,PP-EXT-LGC-EXTRACCION,PP-EXT-LGC-DESGOMADO,,,,,,,,,,,,,,,,,,,,,,,,,,,,,,,,,,,,,,,,,,,,,,,,,,,,,,,,,,,,,,,,,,,,,,,,,,,,,
contenedor_logico_duplicado_distributed,contenedor_por_ancestro_project,PP-EXT-HDR-HCS01N,HIDROCICLON SECUND. HCS01N LADO NORTE-ESTE A OESTE | Grupo: PP-HIDROCICLON SECUND,160,5,160,PP-EXT-LGC-HIDROCICLONES,PP-EXT-LGC-HIDROCICLONES,PP-EXT-LGC-EXTRACCION > PP-EXT-EXT-EX01 > PP-EXT-LGC-HIDROCICLONES,PP > PP-EXT-LGC-EXTRACCION > PP-EXT-EXT-EX01 EXTRACTOR > PP-EXT-LGC-HIDROCICLONES,PP > PP-EXT-LGC-EXTRACCION > PP-EXT-EXT-EX01 EXTRACTOR > PP-EXT-LGC-HIDROCICLONES > PP-EXT-HDR-HCS01N,179296,e873c32e-5e0c-4f36-b2a7-48d4917bce06-0002bc60,Roofs,,Genérico - 400 mm,Genérico - 400 mm,,PP > PP-EXT-LGC-EXTRACCION > PP-EXT-LGC-DESGOMADO,contenedor_scoring,179296,e873c32e-5e0c-4f36-b2a7-48d4917bce06-0002bc60,PP > PP-EXT-LGC-EXTRACCION > PP-EXT-LGC-DESGOMADO,3,77,NO,200,200,0,cluster_logico_mismo_sector,179296:200:PP > PP-EXT-LGC-EXTRACCION > PP-EXT-LGC-DESGOMADO || 179346:200:PP > PP-EXT-LGC-EXTRACCION > PP-EXT-EXT-EX01 EXTRACTOR || 366559:200:PP > PP-EXT-LGC-EXTRACCION > PP-EXT-LGC-SOLVENTE || 366791:200:PP > PP-EXT-LGC-EXTRACCION > PP-EXT-LGC-RECUP GASES || 366838:200:PP > PP-EXT-LGC-EXTRACCION > PP-EXT-LGC-DESTILACION || 366859:200:PP > PP-EXT-LGC-EXTRACCION || 366922:200:PP > PP-EXT-LGC-EXTRACCION > PP-EXT-TST-DT01,PP-EXT-LGC-EXTRACCION,Cluster lógico: ancestro PP-EXT-LGC-EXTRACCION en 7 elementos Revit equivalentes.,ambiguo_falso_por_contenedor_duplicado,PP-EXT-LGC-EXTRACCION,179296;179346;366559;366791;366838;366859;366922,,,distributed,distribucion_round_robin_en_preparar_aplicar,PP,PP-EXT-LGC-EXTRACCION,PP-EXT-LGC-DESGOMADO,,,,,,,,,,,,,,,,,,,,,,,,,,,,,,,,,,,,,,,,,,,,,,,,,,,,,,,,,,,,,,,,,,,,,,,,,,,,,
contenedor_logico_duplicado_distributed,contenedor_por_ancestro_project,PP-EXT-HDR-HCS01S,HIDROCICLON SECUND. HCS01S LADO SUR-ESTE A OESTE | Grupo: PP-HIDROCICLON SECUND,161,5,161,PP-EXT-LGC-HIDROCICLONES,PP-EXT-LGC-HIDROCICLONES,PP-EXT-LGC-EXTRACCION > PP-EXT-EXT-EX01 > PP-EXT-LGC-HIDROCICLONES,PP > PP-EXT-LGC-EXTRACCION > PP-EXT-EXT-EX01 EXTRACTOR > PP-EXT-LGC-HIDROCICLONES,PP > PP-EXT-LGC-EXTRACCION > PP-EXT-EXT-EX01 EXTRACTOR > PP-EXT-LGC-HIDROCICLONES > PP-EXT-HDR-HCS01S,179296,e873c32e-5e0c-4f36-b2a7-48d4917bce06-0002bc60,Roofs,,Genérico - 400 mm,Genérico - 400 mm,,PP > PP-EXT-LGC-EXTRACCION > PP-EXT-LGC-DESGOMADO,contenedor_scoring,179296,e873c32e-5e0c-4f36-b2a7-48d4917bce06-0002bc60,PP > PP-EXT-LGC-EXTRACCION > PP-EXT-LGC-DESGOMADO,3,77,NO,200,200,0,cluster_logico_mismo_sector,179296:200:PP > PP-EXT-LGC-EXTRACCION > PP-EXT-LGC-DESGOMADO || 179346:200:PP > PP-EXT-LGC-EXTRACCION > PP-EXT-EXT-EX01 EXTRACTOR || 366559:200:PP > PP-EXT-LGC-EXTRACCION > PP-EXT-LGC-SOLVENTE || 366791:200:PP > PP-EXT-LGC-EXTRACCION > PP-EXT-LGC-RECUP GASES || 366838:200:PP > PP-EXT-LGC-EXTRACCION > PP-EXT-LGC-DESTILACION || 366859:200:PP > PP-EXT-LGC-EXTRACCION || 366922:200:PP > PP-EXT-LGC-EXTRACCION > PP-EXT-TST-DT01,PP-EXT-LGC-EXTRACCION,Cluster lógico: ancestro PP-EXT-LGC-EXTRACCION en 7 elementos Revit equivalentes.,ambiguo_falso_por_contenedor_duplicado,PP-EXT-LGC-EXTRACCION,179296;179346;366559;366791;366838;366859;366922,,,distributed,distribucion_round_robin_en_preparar_aplicar,PP,PP-EXT-LGC-EXTRACCION,PP-EXT-LGC-DESGOMADO,,,,,,,,,,,,,,,,,,,,,,,,,,,,,,,,,,,,,,,,,,,,,,,,,,,,,,,,,,,,,,,,,,,,,,,,,,,,,
contenedor_logico_duplicado_distributed,contenedor_por_ancestro_project,PP-EXT-HDR-HCS02N,HIDROCICLON SECUND. HCS02N LADO NORTE-ESTE A OESTE | Grupo: PP-HIDROCICLON SECUND,162,5,162,PP-EXT-LGC-HIDROCICLONES,PP-EXT-LGC-HIDROCICLONES,PP-EXT-LGC-EXTRACCION > PP-EXT-EXT-EX01 > PP-EXT-LGC-HIDROCICLONES,PP > PP-EXT-LGC-EXTRACCION > PP-EXT-EXT-EX01 EXTRACTOR > PP-EXT-LGC-HIDROCICLONES,PP > PP-EXT-LGC-EXTRACCION > PP-EXT-EXT-EX01 EXTRACTOR > PP-EXT-LGC-HIDROCICLONES > PP-EXT-HDR-HCS02N,179296,e873c32e-5e0c-4f36-b2a7-48d4917bce06-0002bc60,Roofs,,Genérico - 400 mm,Genérico - 400 mm,,PP > PP-EXT-LGC-EXTRACCION > PP-EXT-LGC-DESGOMADO,contenedor_scoring,179296,e873c32e-5e0c-4f36-b2a7-48d4917bce06-0002bc60,PP > PP-EXT-LGC-EXTRACCION > PP-EXT-LGC-DESGOMADO,3,77,NO,200,200,0,cluster_logico_mismo_sector,179296:200:PP > PP-EXT-LGC-EXTRACCION > PP-EXT-LGC-DESGOMADO || 179346:200:PP > PP-EXT-LGC-EXTRACCION > PP-EXT-EXT-EX01 EXTRACTOR || 366559:200:PP > PP-EXT-LGC-EXTRACCION > PP-EXT-LGC-SOLVENTE || 366791:200:PP > PP-EXT-LGC-EXTRACCION > PP-EXT-LGC-RECUP GASES || 366838:200:PP > PP-EXT-LGC-EXTRACCION > PP-EXT-LGC-DESTILACION || 366859:200:PP > PP-EXT-LGC-EXTRACCION || 366922:200:PP > PP-EXT-LGC-EXTRACCION > PP-EXT-TST-DT01,PP-EXT-LGC-EXTRACCION,Cluster lógico: ancestro PP-EXT-LGC-EXTRACCION en 7 elementos Revit equivalentes.,ambiguo_falso_por_contenedor_duplicado,PP-EXT-LGC-EXTRACCION,179296;179346;366559;366791;366838;366859;366922,,,distributed,distribucion_round_robin_en_preparar_aplicar,PP,PP-EXT-LGC-EXTRACCION,PP-EXT-LGC-DESGOMADO,,,,,,,,,,,,,,,,,,,,,,,,,,,,,,,,,,,,,,,,,,,,,,,,,,,,,,,,,,,,,,,,,,,,,,,,,,,,,
contenedor_logico_duplicado_distributed,contenedor_por_ancestro_project,PP-EXT-HDR-HCS02S,HIDROCICLON SECUND. HCS02S LADO SUR-ESTE A OESTE | Grupo: PP-HIDROCICLON SECUND,163,5,163,PP-EXT-LGC-HIDROCICLONES,PP-EXT-LGC-HIDROCICLONES,PP-EXT-LGC-EXTRACCION > PP-EXT-EXT-EX01 > PP-EXT-LGC-HIDROCICLONES,PP > PP-EXT-LGC-EXTRACCION > PP-EXT-EXT-EX01 EXTRACTOR > PP-EXT-LGC-HIDROCICLONES,PP > PP-EXT-LGC-EXTRACCION > PP-EXT-EXT-EX01 EXTRACTOR > PP-EXT-LGC-HIDROCICLONES > PP-EXT-HDR-HCS02S,179296,e873c32e-5e0c-4f36-b2a7-48d4917bce06-0002bc60,Roofs,,Genérico - 400 mm,Genérico - 400 mm,,PP > PP-EXT-LGC-EXTRACCION > PP-EXT-LGC-DESGOMADO,contenedor_scoring,179296,e873c32e-5e0c-4f36-b2a7-48d4917bce06-0002bc60,PP > PP-EXT-LGC-EXTRACCION > PP-EXT-LGC-DESGOMADO,3,77,NO,200,200,0,cluster_logico_mismo_sector,179296:200:PP > PP-EXT-LGC-EXTRACCION > PP-EXT-LGC-DESGOMADO || 179346:200:PP > PP-EXT-LGC-EXTRACCION > PP-EXT-EXT-EX01 EXTRACTOR || 366559:200:PP > PP-EXT-LGC-EXTRACCION > PP-EXT-LGC-SOLVENTE || 366791:200:PP > PP-EXT-LGC-EXTRACCION > PP-EXT-LGC-RECUP GASES || 366838:200:PP > PP-EXT-LGC-EXTRACCION > PP-EXT-LGC-DESTILACION || 366859:200:PP > PP-EXT-LGC-EXTRACCION || 366922:200:PP > PP-EXT-LGC-EXTRACCION > PP-EXT-TST-DT01,PP-EXT-LGC-EXTRACCION,Cluster lógico: ancestro PP-EXT-LGC-EXTRACCION en 7 elementos Revit equivalentes.,ambiguo_falso_por_contenedor_duplicado,PP-EXT-LGC-EXTRACCION,179296;179346;366559;366791;366838;366859;366922,,,distributed,distribucion_round_robin_en_preparar_aplicar,PP,PP-EXT-LGC-EXTRACCION,PP-EXT-LGC-DESGOMADO,,,,,,,,,,,,,,,,,,,,,,,,,,,,,,,,,,,,,,,,,,,,,,,,,,,,,,,,,,,,,,,,,,,,,,,,,,,,,
contenedor_logico_duplicado_distributed,contenedor_por_ancestro_project,PP-EXT-HDR-HCS03N,HIDROCICLON SECUND. HCS03N LADO NORTE-ESTE A OESTE | Grupo: PP-HIDROCICLON SECUND,164,5,164,PP-EXT-LGC-HIDROCICLONES,PP-EXT-LGC-HIDROCICLONES,PP-EXT-LGC-EXTRACCION > PP-EXT-EXT-EX01 > PP-EXT-LGC-HIDROCICLONES,PP > PP-EXT-LGC-EXTRACCION > PP-EXT-EXT-EX01 EXTRACTOR > PP-EXT-LGC-HIDROCICLONES,PP > PP-EXT-LGC-EXTRACCION > PP-EXT-EXT-EX01 EXTRACTOR > PP-EXT-LGC-HIDROCICLONES > PP-EXT-HDR-HCS03N,179296,e873c32e-5e0c-4f36-b2a7-48d4917bce06-0002bc60,Roofs,,Genérico - 400 mm,Genérico - 400 mm,,PP > PP-EXT-LGC-EXTRACCION > PP-EXT-LGC-DESGOMADO,contenedor_scoring,179296,e873c32e-5e0c-4f36-b2a7-48d4917bce06-0002bc60,PP > PP-EXT-LGC-EXTRACCION > PP-EXT-LGC-DESGOMADO,3,77,NO,200,200,0,cluster_logico_mismo_sector,179296:200:PP > PP-EXT-LGC-EXTRACCION > PP-EXT-LGC-DESGOMADO || 179346:200:PP > PP-EXT-LGC-EXTRACCION > PP-EXT-EXT-EX01 EXTRACTOR || 366559:200:PP > PP-EXT-LGC-EXTRACCION > PP-EXT-LGC-SOLVENTE || 366791:200:PP > PP-EXT-LGC-EXTRACCION > PP-EXT-LGC-RECUP GASES || 366838:200:PP > PP-EXT-LGC-EXTRACCION > PP-EXT-LGC-DESTILACION || 366859:200:PP > PP-EXT-LGC-EXTRACCION || 366922:200:PP > PP-EXT-LGC-EXTRACCION > PP-EXT-TST-DT01,PP-EXT-LGC-EXTRACCION,Cluster lógico: ancestro PP-EXT-LGC-EXTRACCION en 7 elementos Revit equivalentes.,ambiguo_falso_por_contenedor_duplicado,PP-EXT-LGC-EXTRACCION,179296;179346;366559;366791;366838;366859;366922,,,distributed,distribucion_round_robin_en_preparar_aplicar,PP,PP-EXT-LGC-EXTRACCION,PP-EXT-LGC-DESGOMADO,,,,,,,,,,,,,,,,,,,,,,,,,,,,,,,,,,,,,,,,,,,,,,,,,,,,,,,,,,,,,,,,,,,,,,,,,,,,,
contenedor_logico_duplicado_distributed,contenedor_por_ancestro_project,PP-EXT-HDR-HCS03S,HIDROCICLON SECUND. HCS03S LADO SUR-ESTE A OESTE | Grupo: PP-HIDROCICLON SECUND,165,5,165,PP-EXT-LGC-HIDROCICLONES,PP-EXT-LGC-HIDROCICLONES,PP-EXT-LGC-EXTRACCION > PP-EXT-EXT-EX01 > PP-EXT-LGC-HIDROCICLONES,PP > PP-EXT-LGC-EXTRACCION > PP-EXT-EXT-EX01 EXTRACTOR > PP-EXT-LGC-HIDROCICLONES,PP > PP-EXT-LGC-EXTRACCION > PP-EXT-EXT-EX01 EXTRACTOR > PP-EXT-LGC-HIDROCICLONES > PP-EXT-HDR-HCS03S,179296,e873c32e-5e0c-4f36-b2a7-48d4917bce06-0002bc60,Roofs,,Genérico - 400 mm,Genérico - 400 mm,,PP > PP-EXT-LGC-EXTRACCION > PP-EXT-LGC-DESGOMADO,contenedor_scoring,179296,e873c32e-5e0c-4f36-b2a7-48d4917bce06-0002bc60,PP > PP-EXT-LGC-EXTRACCION > PP-EXT-LGC-DESGOMADO,3,77,NO,200,200,0,cluster_logico_mismo_sector,179296:200:PP > PP-EXT-LGC-EXTRACCION > PP-EXT-LGC-DESGOMADO || 179346:200:PP > PP-EXT-LGC-EXTRACCION > PP-EXT-EXT-EX01 EXTRACTOR || 366559:200:PP > PP-EXT-LGC-EXTRACCION > PP-EXT-LGC-SOLVENTE || 366791:200:PP > PP-EXT-LGC-EXTRACCION > PP-EXT-LGC-RECUP GASES || 366838:200:PP > PP-EXT-LGC-EXTRACCION > PP-EXT-LGC-DESTILACION || 366859:200:PP > PP-EXT-LGC-EXTRACCION || 366922:200:PP > PP-EXT-LGC-EXTRACCION > PP-EXT-TST-DT01,PP-EXT-LGC-EXTRACCION,Cluster lógico: ancestro PP-EXT-LGC-EXTRACCION en 7 elementos Revit equivalentes.,ambiguo_falso_por_contenedor_duplicado,PP-EXT-LGC-EXTRACCION,179296;179346;366559;366791;366838;366859;366922,,,distributed,distribucion_round_robin_en_preparar_aplicar,PP,PP-EXT-LGC-EXTRACCION,PP-EXT-LGC-DESGOMADO,,,,,,,,,,,,,,,,,,,,,,,,,,,,,,,,,,,,,,,,,,,,,,,,,,,,,,,,,,,,,,,,,,,,,,,,,,,,,
contenedor_logico_duplicado_distributed,contenedor_por_ancestro_project,PP-EXT-HDR-HCS04N,HIDROCICLON SECUND. HCS04N LADO NORTE-ESTE A OESTE | Grupo: PP-HIDROCICLON SECUND,166,5,166,PP-EXT-LGC-HIDROCICLONES,PP-EXT-LGC-HIDROCICLONES,PP-EXT-LGC-EXTRACCION > PP-EXT-EXT-EX01 > PP-EXT-LGC-HIDROCICLONES,PP > PP-EXT-LGC-EXTRACCION > PP-EXT-EXT-EX01 EXTRACTOR > PP-EXT-LGC-HIDROCICLONES,PP > PP-EXT-LGC-EXTRACCION > PP-EXT-EXT-EX01 EXTRACTOR > PP-EXT-LGC-HIDROCICLONES > PP-EXT-HDR-HCS04N,179296,e873c32e-5e0c-4f36-b2a7-48d4917bce06-0002bc60,Roofs,,Genérico - 400 mm,Genérico - 400 mm,,PP > PP-EXT-LGC-EXTRACCION > PP-EXT-LGC-DESGOMADO,contenedor_scoring,179296,e873c32e-5e0c-4f36-b2a7-48d4917bce06-0002bc60,PP > PP-EXT-LGC-EXTRACCION > PP-EXT-LGC-DESGOMADO,3,77,NO,200,200,0,cluster_logico_mismo_sector,179296:200:PP > PP-EXT-LGC-EXTRACCION > PP-EXT-LGC-DESGOMADO || 179346:200:PP > PP-EXT-LGC-EXTRACCION > PP-EXT-EXT-EX01 EXTRACTOR || 366559:200:PP > PP-EXT-LGC-EXTRACCION > PP-EXT-LGC-SOLVENTE || 366791:200:PP > PP-EXT-LGC-EXTRACCION > PP-EXT-LGC-RECUP GASES || 366838:200:PP > PP-EXT-LGC-EXTRACCION > PP-EXT-LGC-DESTILACION || 366859:200:PP > PP-EXT-LGC-EXTRACCION || 366922:200:PP > PP-EXT-LGC-EXTRACCION > PP-EXT-TST-DT01,PP-EXT-LGC-EXTRACCION,Cluster lógico: ancestro PP-EXT-LGC-EXTRACCION en 7 elementos Revit equivalentes.,ambiguo_falso_por_contenedor_duplicado,PP-EXT-LGC-EXTRACCION,179296;179346;366559;366791;366838;366859;366922,,,distributed,distribucion_round_robin_en_preparar_aplicar,PP,PP-EXT-LGC-EXTRACCION,PP-EXT-LGC-DESGOMADO,,,,,,,,,,,,,,,,,,,,,,,,,,,,,,,,,,,,,,,,,,,,,,,,,,,,,,,,,,,,,,,,,,,,,,,,,,,,,
contenedor_logico_duplicado_distributed,contenedor_por_ancestro_project,PP-EXT-HDR-HCS04S,HIDROCICLON SECUND. HCS04S LADO SUR-ESTE A OESTE | Grupo: PP-HIDROCICLON SECUND,167,5,167,PP-EXT-LGC-HIDROCICLONES,PP-EXT-LGC-HIDROCICLONES,PP-EXT-LGC-EXTRACCION > PP-EXT-EXT-EX01 > PP-EXT-LGC-HIDROCICLONES,PP > PP-EXT-LGC-EXTRACCION > PP-EXT-EXT-EX01 EXTRACTOR > PP-EXT-LGC-HIDROCICLONES,PP > PP-EXT-LGC-EXTRACCION > PP-EXT-EXT-EX01 EXTRACTOR > PP-EXT-LGC-HIDROCICLONES > PP-EXT-HDR-HCS04S,179296,e873c32e-5e0c-4f36-b2a7-48d4917bce06-0002bc60,Roofs,,Genérico - 400 mm,Genérico - 400 mm,,PP > PP-EXT-LGC-EXTRACCION > PP-EXT-LGC-DESGOMADO,contenedor_scoring,179296,e873c32e-5e0c-4f36-b2a7-48d4917bce06-0002bc60,PP > PP-EXT-LGC-EXTRACCION > PP-EXT-LGC-DESGOMADO,3,77,NO,200,200,0,cluster_logico_mismo_sector,179296:200:PP > PP-EXT-LGC-EXTRACCION > PP-EXT-LGC-DESGOMADO || 179346:200:PP > PP-EXT-LGC-EXTRACCION > PP-EXT-EXT-EX01 EXTRACTOR || 366559:200:PP > PP-EXT-LGC-EXTRACCION > PP-EXT-LGC-SOLVENTE || 366791:200:PP > PP-EXT-LGC-EXTRACCION > PP-EXT-LGC-RECUP GASES || 366838:200:PP > PP-EXT-LGC-EXTRACCION > PP-EXT-LGC-DESTILACION || 366859:200:PP > PP-EXT-LGC-EXTRACCION || 366922:200:PP > PP-EXT-LGC-EXTRACCION > PP-EXT-TST-DT01,PP-EXT-LGC-EXTRACCION,Cluster lógico: ancestro PP-EXT-LGC-EXTRACCION en 7 elementos Revit equivalentes.,ambiguo_falso_por_contenedor_duplicado,PP-EXT-LGC-EXTRACCION,179296;179346;366559;366791;366838;366859;366922,,,distributed,distribucion_round_robin_en_preparar_aplicar,PP,PP-EXT-LGC-EXTRACCION,PP-EXT-LGC-DESGOMADO,,,,,,,,,,,,,,,,,,,,,,,,,,,,,,,,,,,,,,,,,,,,,,,,,,,,,,,,,,,,,,,,,,,,,,,,,,,,,
contenedor_logico_duplicado_distributed,contenedor_por_ancestro_project,PP-EXT-HDR-HCS05N,HIDROCICLON SECUND. HCS05N LADO NORTE-ESTE A OESTE | Grupo: PP-HIDROCICLON SECUND,168,5,168,PP-EXT-LGC-HIDROCICLONES,PP-EXT-LGC-HIDROCICLONES,PP-EXT-LGC-EXTRACCION > PP-EXT-EXT-EX01 > PP-EXT-LGC-HIDROCICLONES,PP > PP-EXT-LGC-EXTRACCION > PP-EXT-EXT-EX01 EXTRACTOR > PP-EXT-LGC-HIDROCICLONES,PP > PP-EXT-LGC-EXTRACCION > PP-EXT-EXT-EX01 EXTRACTOR > PP-EXT-LGC-HIDROCICLONES > PP-EXT-HDR-HCS05N,179296,e873c32e-5e0c-4f36-b2a7-48d4917bce06-0002bc60,Roofs,,Genérico - 400 mm,Genérico - 400 mm,,PP > PP-EXT-LGC-EXTRACCION > PP-EXT-LGC-DESGOMADO,contenedor_scoring,179296,e873c32e-5e0c-4f36-b2a7-48d4917bce06-0002bc60,PP > PP-EXT-LGC-EXTRACCION > PP-EXT-LGC-DESGOMADO,3,77,NO,200,200,0,cluster_logico_mismo_sector,179296:200:PP > PP-EXT-LGC-EXTRACCION > PP-EXT-LGC-DESGOMADO || 179346:200:PP > PP-EXT-LGC-EXTRACCION > PP-EXT-EXT-EX01 EXTRACTOR || 366559:200:PP > PP-EXT-LGC-EXTRACCION > PP-EXT-LGC-SOLVENTE || 366791:200:PP > PP-EXT-LGC-EXTRACCION > PP-EXT-LGC-RECUP GASES || 366838:200:PP > PP-EXT-LGC-EXTRACCION > PP-EXT-LGC-DESTILACION || 366859:200:PP > PP-EXT-LGC-EXTRACCION || 366922:200:PP > PP-EXT-LGC-EXTRACCION > PP-EXT-TST-DT01,PP-EXT-LGC-EXTRACCION,Cluster lógico: ancestro PP-EXT-LGC-EXTRACCION en 7 elementos Revit equivalentes.,ambiguo_falso_por_contenedor_duplicado,PP-EXT-LGC-EXTRACCION,179296;179346;366559;366791;366838;366859;366922,,,distributed,distribucion_round_robin_en_preparar_aplicar,PP,PP-EXT-LGC-EXTRACCION,PP-EXT-LGC-DESGOMADO,,,,,,,,,,,,,,,,,,,,,,,,,,,,,,,,,,,,,,,,,,,,,,,,,,,,,,,,,,,,,,,,,,,,,,,,,,,,,
contenedor_logico_duplicado_distributed,contenedor_por_ancestro_project,PP-EXT-HDR-HCS05S,HIDROCICLON SECUND. HCS05S LADO SUR-ESTE A OESTE | Grupo: PP-HIDROCICLON SECUND,169,5,169,PP-EXT-LGC-HIDROCICLONES,PP-EXT-LGC-HIDROCICLONES,PP-EXT-LGC-EXTRACCION > PP-EXT-EXT-EX01 > PP-EXT-LGC-HIDROCICLONES,PP > PP-EXT-LGC-EXTRACCION > PP-EXT-EXT-EX01 EXTRACTOR > PP-EXT-LGC-HIDROCICLONES,PP > PP-EXT-LGC-EXTRACCION > PP-EXT-EXT-EX01 EXTRACTOR > PP-EXT-LGC-HIDROCICLONES > PP-EXT-HDR-HCS05S,179296,e873c32e-5e0c-4f36-b2a7-48d4917bce06-0002bc60,Roofs,,Genérico - 400 mm,Genérico - 400 mm,,PP > PP-EXT-LGC-EXTRACCION > PP-EXT-LGC-DESGOMADO,contenedor_scoring,179296,e873c32e-5e0c-4f36-b2a7-48d4917bce06-0002bc60,PP > PP-EXT-LGC-EXTRACCION > PP-EXT-LGC-DESGOMADO,3,77,NO,200,200,0,cluster_logico_mismo_sector,179296:200:PP > PP-EXT-LGC-EXTRACCION > PP-EXT-LGC-DESGOMADO || 179346:200:PP > PP-EXT-LGC-EXTRACCION > PP-EXT-EXT-EX01 EXTRACTOR || 366559:200:PP > PP-EXT-LGC-EXTRACCION > PP-EXT-LGC-SOLVENTE || 366791:200:PP > PP-EXT-LGC-EXTRACCION > PP-EXT-LGC-RECUP GASES || 366838:200:PP > PP-EXT-LGC-EXTRACCION > PP-EXT-LGC-DESTILACION || 366859:200:PP > PP-EXT-LGC-EXTRACCION || 366922:200:PP > PP-EXT-LGC-EXTRACCION > PP-EXT-TST-DT01,PP-EXT-LGC-EXTRACCION,Cluster lógico: ancestro PP-EXT-LGC-EXTRACCION en 7 elementos Revit equivalentes.,ambiguo_falso_por_contenedor_duplicado,PP-EXT-LGC-EXTRACCION,179296;179346;366559;366791;366838;366859;366922,,,distributed,distribucion_round_robin_en_preparar_aplicar,PP,PP-EXT-LGC-EXTRACCION,PP-EXT-LGC-DESGOMADO,,,,,,,,,,,,,,,,,,,,,,,,,,,,,,,,,,,,,,,,,,,,,,,,,,,,,,,,,,,,,,,,,,,,,,,,,,,,,
contenedor_logico_duplicado_distributed,contenedor_por_ancestro_project,PP-EXT-HDR-HCS06N,HIDROCICLON SECUND. HCS06N LADO NORTE-ESTE A OESTE | Grupo: PP-HIDROCICLON SECUND,170,5,170,PP-EXT-LGC-HIDROCICLONES,PP-EXT-LGC-HIDROCICLONES,PP-EXT-LGC-EXTRACCION > PP-EXT-EXT-EX01 > PP-EXT-LGC-HIDROCICLONES,PP > PP-EXT-LGC-EXTRACCION > PP-EXT-EXT-EX01 EXTRACTOR > PP-EXT-LGC-HIDROCICLONES,PP > PP-EXT-LGC-EXTRACCION > PP-EXT-EXT-EX01 EXTRACTOR > PP-EXT-LGC-HIDROCICLONES > PP-EXT-HDR-HCS06N,179296,e873c32e-5e0c-4f36-b2a7-48d4917bce06-0002bc60,Roofs,,Genérico - 400 mm,Genérico - 400 mm,,PP > PP-EXT-LGC-EXTRACCION > PP-EXT-LGC-DESGOMADO,contenedor_scoring,179296,e873c32e-5e0c-4f36-b2a7-48d4917bce06-0002bc60,PP > PP-EXT-LGC-EXTRACCION > PP-EXT-LGC-DESGOMADO,3,77,NO,200,200,0,cluster_logico_mismo_sector,179296:200:PP > PP-EXT-LGC-EXTRACCION > PP-EXT-LGC-DESGOMADO || 179346:200:PP > PP-EXT-LGC-EXTRACCION > PP-EXT-EXT-EX01 EXTRACTOR || 366559:200:PP > PP-EXT-LGC-EXTRACCION > PP-EXT-LGC-SOLVENTE || 366791:200:PP > PP-EXT-LGC-EXTRACCION > PP-EXT-LGC-RECUP GASES || 366838:200:PP > PP-EXT-LGC-EXTRACCION > PP-EXT-LGC-DESTILACION || 366859:200:PP > PP-EXT-LGC-EXTRACCION || 366922:200:PP > PP-EXT-LGC-EXTRACCION > PP-EXT-TST-DT01,PP-EXT-LGC-EXTRACCION,Cluster lógico: ancestro PP-EXT-LGC-EXTRACCION en 7 elementos Revit equivalentes.,ambiguo_falso_por_contenedor_duplicado,PP-EXT-LGC-EXTRACCION,179296;179346;366559;366791;366838;366859;366922,,,distributed,distribucion_round_robin_en_preparar_aplicar,PP,PP-EXT-LGC-EXTRACCION,PP-EXT-LGC-DESGOMADO,,,,,,,,,,,,,,,,,,,,,,,,,,,,,,,,,,,,,,,,,,,,,,,,,,,,,,,,,,,,,,,,,,,,,,,,,,,,,
contenedor_logico_duplicado_distributed,contenedor_por_ancestro_project,PP-EXT-HDR-HCS06S,HIDROCICLON SECUND. HCS06S LADO SUR-ESTE A OESTE | Grupo: PP-HIDROCICLON SECUND,171,5,171,PP-EXT-LGC-HIDROCICLONES,PP-EXT-LGC-HIDROCICLONES,PP-EXT-LGC-EXTRACCION > PP-EXT-EXT-EX01 > PP-EXT-LGC-HIDROCICLONES,PP > PP-EXT-LGC-EXTRACCION > PP-EXT-EXT-EX01 EXTRACTOR > PP-EXT-LGC-HIDROCICLONES,PP > PP-EXT-LGC-EXTRACCION > PP-EXT-EXT-EX01 EXTRACTOR > PP-EXT-LGC-HIDROCICLONES > PP-EXT-HDR-HCS06S,179296,e873c32e-5e0c-4f36-b2a7-48d4917bce06-0002bc60,Roofs,,Genérico - 400 mm,Genérico - 400 mm,,PP > PP-EXT-LGC-EXTRACCION > PP-EXT-LGC-DESGOMADO,contenedor_scoring,179296,e873c32e-5e0c-4f36-b2a7-48d4917bce06-0002bc60,PP > PP-EXT-LGC-EXTRACCION > PP-EXT-LGC-DESGOMADO,3,77,NO,200,200,0,cluster_logico_mismo_sector,179296:200:PP > PP-EXT-LGC-EXTRACCION > PP-EXT-LGC-DESGOMADO || 179346:200:PP > PP-EXT-LGC-EXTRACCION > PP-EXT-EXT-EX01 EXTRACTOR || 366559:200:PP > PP-EXT-LGC-EXTRACCION > PP-EXT-LGC-SOLVENTE || 366791:200:PP > PP-EXT-LGC-EXTRACCION > PP-EXT-LGC-RECUP GASES || 366838:200:PP > PP-EXT-LGC-EXTRACCION > PP-EXT-LGC-DESTILACION || 366859:200:PP > PP-EXT-LGC-EXTRACCION || 366922:200:PP > PP-EXT-LGC-EXTRACCION > PP-EXT-TST-DT01,PP-EXT-LGC-EXTRACCION,Cluster lógico: ancestro PP-EXT-LGC-EXTRACCION en 7 elementos Revit equivalentes.,ambiguo_falso_por_contenedor_duplicado,PP-EXT-LGC-EXTRACCION,179296;179346;366559;366791;366838;366859;366922,,,distributed,distribucion_round_robin_en_preparar_aplicar,PP,PP-EXT-LGC-EXTRACCION,PP-EXT-LGC-DESGOMADO,,,,,,,,,,,,,,,,,,,,,,,,,,,,,,,,,,,,,,,,,,,,,,,,,,,,,,,,,,,,,,,,,,,,,,,,,,,,,
contenedor_logico_duplicado_distributed,contenedor_por_ancestro_project,PP-EXT-HDR-HCS07N,HIDROCICLON SECUND. HCS07N LADO NORTE-ESTE A OESTE | Grupo: PP-HIDROCICLON SECUND,172,5,172,PP-EXT-LGC-HIDROCICLONES,PP-EXT-LGC-HIDROCICLONES,PP-EXT-LGC-EXTRACCION > PP-EXT-EXT-EX01 > PP-EXT-LGC-HIDROCICLONES,PP > PP-EXT-LGC-EXTRACCION > PP-EXT-EXT-EX01 EXTRACTOR > PP-EXT-LGC-HIDROCICLONES,PP > PP-EXT-LGC-EXTRACCION > PP-EXT-EXT-EX01 EXTRACTOR > PP-EXT-LGC-HIDROCICLONES > PP-EXT-HDR-HCS07N,179296,e873c32e-5e0c-4f36-b2a7-48d4917bce06-0002bc60,Roofs,,Genérico - 400 mm,Genérico - 400 mm,,PP > PP-EXT-LGC-EXTRACCION > PP-EXT-LGC-DESGOMADO,contenedor_scoring,179296,e873c32e-5e0c-4f36-b2a7-48d4917bce06-0002bc60,PP > PP-EXT-LGC-EXTRACCION > PP-EXT-LGC-DESGOMADO,3,77,NO,200,200,0,cluster_logico_mismo_sector,179296:200:PP > PP-EXT-LGC-EXTRACCION > PP-EXT-LGC-DESGOMADO || 179346:200:PP > PP-EXT-LGC-EXTRACCION > PP-EXT-EXT-EX01 EXTRACTOR || 366559:200:PP > PP-EXT-LGC-EXTRACCION > PP-EXT-LGC-SOLVENTE || 366791:200:PP > PP-EXT-LGC-EXTRACCION > PP-EXT-LGC-RECUP GASES || 366838:200:PP > PP-EXT-LGC-EXTRACCION > PP-EXT-LGC-DESTILACION || 366859:200:PP > PP-EXT-LGC-EXTRACCION || 366922:200:PP > PP-EXT-LGC-EXTRACCION > PP-EXT-TST-DT01,PP-EXT-LGC-EXTRACCION,Cluster lógico: ancestro PP-EXT-LGC-EXTRACCION en 7 elementos Revit equivalentes.,ambiguo_falso_por_contenedor_duplicado,PP-EXT-LGC-EXTRACCION,179296;179346;366559;366791;366838;366859;366922,,,distributed,distribucion_round_robin_en_preparar_aplicar,PP,PP-EXT-LGC-EXTRACCION,PP-EXT-LGC-DESGOMADO,,,,,,,,,,,,,,,,,,,,,,,,,,,,,,,,,,,,,,,,,,,,,,,,,,,,,,,,,,,,,,,,,,,,,,,,,,,,,
contenedor_logico_duplicado_distributed,contenedor_por_ancestro_project,PP-EXT-HDR-HCS07S,HIDROCICLON SECUND. HCS07S LADO SUR-ESTE A OESTE | Grupo: PP-HIDROCICLON SECUND,173,5,173,PP-EXT-LGC-HIDROCICLONES,PP-EXT-LGC-HIDROCICLONES,PP-EXT-LGC-EXTRACCION > PP-EXT-EXT-EX01 > PP-EXT-LGC-HIDROCICLONES,PP > PP-EXT-LGC-EXTRACCION > PP-EXT-EXT-EX01 EXTRACTOR > PP-EXT-LGC-HIDROCICLONES,PP > PP-EXT-LGC-EXTRACCION > PP-EXT-EXT-EX01 EXTRACTOR > PP-EXT-LGC-HIDROCICLONES > PP-EXT-HDR-HCS07S,179296,e873c32e-5e0c-4f36-b2a7-48d4917bce06-0002bc60,Roofs,,Genérico - 400 mm,Genérico - 400 mm,,PP > PP-EXT-LGC-EXTRACCION > PP-EXT-LGC-DESGOMADO,contenedor_scoring,179296,e873c32e-5e0c-4f36-b2a7-48d4917bce06-0002bc60,PP > PP-EXT-LGC-EXTRACCION > PP-EXT-LGC-DESGOMADO,3,77,NO,200,200,0,cluster_logico_mismo_sector,179296:200:PP > PP-EXT-LGC-EXTRACCION > PP-EXT-LGC-DESGOMADO || 179346:200:PP > PP-EXT-LGC-EXTRACCION > PP-EXT-EXT-EX01 EXTRACTOR || 366559:200:PP > PP-EXT-LGC-EXTRACCION > PP-EXT-LGC-SOLVENTE || 366791:200:PP > PP-EXT-LGC-EXTRACCION > PP-EXT-LGC-RECUP GASES || 366838:200:PP > PP-EXT-LGC-EXTRACCION > PP-EXT-LGC-DESTILACION || 366859:200:PP > PP-EXT-LGC-EXTRACCION || 366922:200:PP > PP-EXT-LGC-EXTRACCION > PP-EXT-TST-DT01,PP-EXT-LGC-EXTRACCION,Cluster lógico: ancestro PP-EXT-LGC-EXTRACCION en 7 elementos Revit equivalentes.,ambiguo_falso_por_contenedor_duplicado,PP-EXT-LGC-EXTRACCION,179296;179346;366559;366791;366838;366859;366922,,,distributed,distribucion_round_robin_en_preparar_aplicar,PP,PP-EXT-LGC-EXTRACCION,PP-EXT-LGC-DESGOMADO,,,,,,,,,,,,,,,,,,,,,,,,,,,,,,,,,,,,,,,,,,,,,,,,,,,,,,,,,,,,,,,,,,,,,,,,,,,,,
contenedor_logico_duplicado_distributed,contenedor_por_ancestro_project,PP-EXT-HDR-HCS08N,HIDROCICLON SECUND. HCS08N LADO NORTE-ESTE A OESTE | Grupo: PP-HIDROCICLON SECUND,174,5,174,PP-EXT-LGC-HIDROCICLONES,PP-EXT-LGC-HIDROCICLONES,PP-EXT-LGC-EXTRACCION > PP-EXT-EXT-EX01 > PP-EXT-LGC-HIDROCICLONES,PP > PP-EXT-LGC-EXTRACCION > PP-EXT-EXT-EX01 EXTRACTOR > PP-EXT-LGC-HIDROCICLONES,PP > PP-EXT-LGC-EXTRACCION > PP-EXT-EXT-EX01 EXTRACTOR > PP-EXT-LGC-HIDROCICLONES > PP-EXT-HDR-HCS08N,179296,e873c32e-5e0c-4f36-b2a7-48d4917bce06-0002bc60,Roofs,,Genérico - 400 mm,Genérico - 400 mm,,PP > PP-EXT-LGC-EXTRACCION > PP-EXT-LGC-DESGOMADO,contenedor_scoring,179296,e873c32e-5e0c-4f36-b2a7-48d4917bce06-0002bc60,PP > PP-EXT-LGC-EXTRACCION > PP-EXT-LGC-DESGOMADO,3,77,NO,200,200,0,cluster_logico_mismo_sector,179296:200:PP > PP-EXT-LGC-EXTRACCION > PP-EXT-LGC-DESGOMADO || 179346:200:PP > PP-EXT-LGC-EXTRACCION > PP-EXT-EXT-EX01 EXTRACTOR || 366559:200:PP > PP-EXT-LGC-EXTRACCION > PP-EXT-LGC-SOLVENTE || 366791:200:PP > PP-EXT-LGC-EXTRACCION > PP-EXT-LGC-RECUP GASES || 366838:200:PP > PP-EXT-LGC-EXTRACCION > PP-EXT-LGC-DESTILACION || 366859:200:PP > PP-EXT-LGC-EXTRACCION || 366922:200:PP > PP-EXT-LGC-EXTRACCION > PP-EXT-TST-DT01,PP-EXT-LGC-EXTRACCION,Cluster lógico: ancestro PP-EXT-LGC-EXTRACCION en 7 elementos Revit equivalentes.,ambiguo_falso_por_contenedor_duplicado,PP-EXT-LGC-EXTRACCION,179296;179346;366559;366791;366838;366859;366922,,,distributed,distribucion_round_robin_en_preparar_aplicar,PP,PP-EXT-LGC-EXTRACCION,PP-EXT-LGC-DESGOMADO,,,,,,,,,,,,,,,,,,,,,,,,,,,,,,,,,,,,,,,,,,,,,,,,,,,,,,,,,,,,,,,,,,,,,,,,,,,,,
contenedor_logico_duplicado_distributed,contenedor_por_ancestro_project,PP-EXT-RSC-RO01,ROSCA RO01 CARGA EXTRACTOR | Grupo: PP-RSC RO01,175,4,175,PP-EXT-EXT-EX01 EXTRACTOR,PP-EXT-EXT-EX01,PP-EXT-LGC-EXTRACCION > PP-EXT-EXT-EX01,PP > PP-EXT-LGC-EXTRACCION > PP-EXT-EXT-EX01 EXTRACTOR,PP > PP-EXT-LGC-EXTRACCION > PP-EXT-EXT-EX01 EXTRACTOR > PP-EXT-RSC-RO01,179296,e873c32e-5e0c-4f36-b2a7-48d4917bce06-0002bc60,Roofs,,Genérico - 400 mm,Genérico - 400 mm,,PP > PP-EXT-LGC-EXTRACCION > PP-EXT-LGC-DESGOMADO,contenedor_scoring,179296,e873c32e-5e0c-4f36-b2a7-48d4917bce06-0002bc60,PP > PP-EXT-LGC-EXTRACCION > PP-EXT-LGC-DESGOMADO,3,77,NO,200,200,0,cluster_logico_mismo_sector,179296:200:PP > PP-EXT-LGC-EXTRACCION > PP-EXT-LGC-DESGOMADO || 179346:200:PP > PP-EXT-LGC-EXTRACCION > PP-EXT-EXT-EX01 EXTRACTOR || 366559:200:PP > PP-EXT-LGC-EXTRACCION > PP-EXT-LGC-SOLVENTE || 366791:200:PP > PP-EXT-LGC-EXTRACCION > PP-EXT-LGC-RECUP GASES || 366838:200:PP > PP-EXT-LGC-EXTRACCION > PP-EXT-LGC-DESTILACION || 366859:200:PP > PP-EXT-LGC-EXTRACCION || 366922:200:PP > PP-EXT-LGC-EXTRACCION > PP-EXT-TST-DT01,PP-EXT-LGC-EXTRACCION,Cluster lógico: ancestro PP-EXT-LGC-EXTRACCION en 7 elementos Revit equivalentes.,ambiguo_falso_por_contenedor_duplicado,PP-EXT-LGC-EXTRACCION,179296;179346;366559;366791;366838;366859;366922,,,distributed,distribucion_round_robin_en_preparar_aplicar,PP,PP-EXT-LGC-EXTRACCION,PP-EXT-LGC-DESGOMADO,,,,,,,,,,,,,,,,,,,,,,,,,,,,,,,,,,,,,,,,,,,,,,,,,,,,,,,,,,,,,,,,,,,,,,,,,,,,,
contenedor_logico_duplicado_distributed,contenedor_por_ancestro_project,PP-EXT-TNQ-TKMISCELAS,TANQUE TK08 MISCELAS | Grupo: PP-TNQ EXTRACCION,176,4,176,PP-EXT-EXT-EX01 EXTRACTOR,PP-EXT-EXT-EX01,PP-EXT-LGC-EXTRACCION > PP-EXT-EXT-EX01,PP > PP-EXT-LGC-EXTRACCION > PP-EXT-EXT-EX01 EXTRACTOR,PP > PP-EXT-LGC-EXTRACCION > PP-EXT-EXT-EX01 EXTRACTOR > PP-EXT-TNQ-TKMISCELAS,179296,e873c32e-5e0c-4f36-b2a7-48d4917bce06-0002bc60,Roofs,,Genérico - 400 mm,Genérico - 400 mm,,PP > PP-EXT-LGC-EXTRACCION > PP-EXT-LGC-DESGOMADO,contenedor_scoring,179296,e873c32e-5e0c-4f36-b2a7-48d4917bce06-0002bc60,PP > PP-EXT-LGC-EXTRACCION > PP-EXT-LGC-DESGOMADO,3,77,NO,200,200,0,cluster_logico_mismo_sector,179296:200:PP > PP-EXT-LGC-EXTRACCION > PP-EXT-LGC-DESGOMADO || 179346:200:PP > PP-EXT-LGC-EXTRACCION > PP-EXT-EXT-EX01 EXTRACTOR || 366559:200:PP > PP-EXT-LGC-EXTRACCION > PP-EXT-LGC-SOLVENTE || 366791:200:PP > PP-EXT-LGC-EXTRACCION > PP-EXT-LGC-RECUP GASES || 366838:200:PP > PP-EXT-LGC-EXTRACCION > PP-EXT-LGC-DESTILACION || 366859:200:PP > PP-EXT-LGC-EXTRACCION || 366922:200:PP > PP-EXT-LGC-EXTRACCION > PP-EXT-TST-DT01,PP-EXT-LGC-EXTRACCION,Cluster lógico: ancestro PP-EXT-LGC-EXTRACCION en 7 elementos Revit equivalentes.,ambiguo_falso_por_contenedor_duplicado,PP-EXT-LGC-EXTRACCION,179296;179346;366559;366791;366838;366859;366922,,,distributed,distribucion_round_robin_en_preparar_aplicar,PP,PP-EXT-LGC-EXTRACCION,PP-EXT-LGC-DESGOMADO,,,,,,,,,,,,,,,,,,,,,,,,,,,,,,,,,,,,,,,,,,,,,,,,,,,,,,,,,,,,,,,,,,,,,,,,,,,,,
contenedor_logico_duplicado_distributed,contenedor_por_ancestro_project,PP-EXT-BMB-BO51,BOMBA FINOS TANQUE MISCELAS | Grupo: PP-BMB CENTRIF BO51 E,177,5,177,PP-EXT-TNQ-TKMISCELAS,PP-EXT-TNQ-TKMISCELAS,PP-EXT-LGC-EXTRACCION > PP-EXT-EXT-EX01 > PP-EXT-TNQ-TKMISCELAS,PP > PP-EXT-LGC-EXTRACCION > PP-EXT-EXT-EX01 EXTRACTOR > PP-EXT-TNQ-TKMISCELAS,PP > PP-EXT-LGC-EXTRACCION > PP-EXT-EXT-EX01 EXTRACTOR > PP-EXT-TNQ-TKMISCELAS > PP-EXT-BMB-BO51 E,179296,e873c32e-5e0c-4f36-b2a7-48d4917bce06-0002bc60,Roofs,,Genérico - 400 mm,Genérico - 400 mm,,PP > PP-EXT-LGC-EXTRACCION > PP-EXT-LGC-DESGOMADO,contenedor_scoring,179296,e873c32e-5e0c-4f36-b2a7-48d4917bce06-0002bc60,PP > PP-EXT-LGC-EXTRACCION > PP-EXT-LGC-DESGOMADO,3,77,NO,200,200,0,cluster_logico_mismo_sector,179296:200:PP > PP-EXT-LGC-EXTRACCION > PP-EXT-LGC-DESGOMADO || 179346:200:PP > PP-EXT-LGC-EXTRACCION > PP-EXT-EXT-EX01 EXTRACTOR || 366559:200:PP > PP-EXT-LGC-EXTRACCION > PP-EXT-LGC-SOLVENTE || 366791:200:PP > PP-EXT-LGC-EXTRACCION > PP-EXT-LGC-RECUP GASES || 366838:200:PP > PP-EXT-LGC-EXTRACCION > PP-EXT-LGC-DESTILACION || 366859:200:PP > PP-EXT-LGC-EXTRACCION || 366922:200:PP > PP-EXT-LGC-EXTRACCION > PP-EXT-TST-DT01,PP-EXT-LGC-EXTRACCION,Cluster lógico: ancestro PP-EXT-LGC-EXTRACCION en 7 elementos Revit equivalentes.,ambiguo_falso_por_contenedor_duplicado,PP-EXT-LGC-EXTRACCION,179296;179346;366559;366791;366838;366859;366922,,,distributed,distribucion_round_robin_en_preparar_aplicar,PP,PP-EXT-LGC-EXTRACCION,PP-EXT-LGC-DESGOMADO,,,,,,,,,,,,,,,,,,,,,,,,,,,,,,,,,,,,,,,,,,,,,,,,,,,,,,,,,,,,,,,,,,,,,,,,,,,,,
contenedor_logico_duplicado_distributed,contenedor_por_ancestro_project,PP-EXT-VLV-FCV-050,VALVULA DE CONTROL DE CAUDAL DE SOLVENTE AL EXTRACTOR | Grupo: PP-VLV CTROL EXT,178,4,178,PP-EXT-EXT-EX01 EXTRACTOR,PP-EXT-EXT-EX01,PP-EXT-LGC-EXTRACCION > PP-EXT-EXT-EX01,PP > PP-EXT-LGC-EXTRACCION > PP-EXT-EXT-EX01 EXTRACTOR,PP > PP-EXT-LGC-EXTRACCION > PP-EXT-EXT-EX01 EXTRACTOR > PP-EXT-VLV-FCV-050,179296,e873c32e-5e0c-4f36-b2a7-48d4917bce06-0002bc60,Roofs,,Genérico - 400 mm,Genérico - 400 mm,,PP > PP-EXT-LGC-EXTRACCION > PP-EXT-LGC-DESGOMADO,contenedor_scoring,179296,e873c32e-5e0c-4f36-b2a7-48d4917bce06-0002bc60,PP > PP-EXT-LGC-EXTRACCION > PP-EXT-LGC-DESGOMADO,3,77,NO,200,200,0,cluster_logico_mismo_sector,179296:200:PP > PP-EXT-LGC-EXTRACCION > PP-EXT-LGC-DESGOMADO || 179346:200:PP > PP-EXT-LGC-EXTRACCION > PP-EXT-EXT-EX01 EXTRACTOR || 366559:200:PP > PP-EXT-LGC-EXTRACCION > PP-EXT-LGC-SOLVENTE || 366791:200:PP > PP-EXT-LGC-EXTRACCION > PP-EXT-LGC-RECUP GASES || 366838:200:PP > PP-EXT-LGC-EXTRACCION > PP-EXT-LGC-DESTILACION || 366859:200:PP > PP-EXT-LGC-EXTRACCION || 366922:200:PP > PP-EXT-LGC-EXTRACCION > PP-EXT-TST-DT01,PP-EXT-LGC-EXTRACCION,Cluster lógico: ancestro PP-EXT-LGC-EXTRACCION en 7 elementos Revit equivalentes.,ambiguo_falso_por_contenedor_duplicado,PP-EXT-LGC-EXTRACCION,179296;179346;366559;366791;366838;366859;366922,,,distributed,distribucion_round_robin_en_preparar_aplicar,PP,PP-EXT-LGC-EXTRACCION,PP-EXT-LGC-DESGOMADO,,,,,,,,,,,,,,,,,,,,,,,,,,,,,,,,,,,,,,,,,,,,,,,,,,,,,,,,,,,,,,,,,,,,,,,,,,,,,
contenedor_logico_duplicado_distributed,contenedor_por_ancestro_project,PP-EXT-VLV-LCV-030,VALVULA DE CONTROL DE NIVEL DE TOLVA INFERIOR EXTRACTOR | Grupo: PP-VLV CTROL EXT,179,4,179,PP-EXT-EXT-EX01 EXTRACTOR,PP-EXT-EXT-EX01,PP-EXT-LGC-EXTRACCION > PP-EXT-EXT-EX01,PP > PP-EXT-LGC-EXTRACCION > PP-EXT-EXT-EX01 EXTRACTOR,PP > PP-EXT-LGC-EXTRACCION > PP-EXT-EXT-EX01 EXTRACTOR > PP-EXT-VLV-LCV-030,179296,e873c32e-5e0c-4f36-b2a7-48d4917bce06-0002bc60,Roofs,,Genérico - 400 mm,Genérico - 400 mm,,PP > PP-EXT-LGC-EXTRACCION > PP-EXT-LGC-DESGOMADO,contenedor_scoring,179296,e873c32e-5e0c-4f36-b2a7-48d4917bce06-0002bc60,PP > PP-EXT-LGC-EXTRACCION > PP-EXT-LGC-DESGOMADO,3,77,NO,200,200,0,cluster_logico_mismo_sector,179296:200:PP > PP-EXT-LGC-EXTRACCION > PP-EXT-LGC-DESGOMADO || 179346:200:PP > PP-EXT-LGC-EXTRACCION > PP-EXT-EXT-EX01 EXTRACTOR || 366559:200:PP > PP-EXT-LGC-EXTRACCION > PP-EXT-LGC-SOLVENTE || 366791:200:PP > PP-EXT-LGC-EXTRACCION > PP-EXT-LGC-RECUP GASES || 366838:200:PP > PP-EXT-LGC-EXTRACCION > PP-EXT-LGC-DESTILACION || 366859:200:PP > PP-EXT-LGC-EXTRACCION || 366922:200:PP > PP-EXT-LGC-EXTRACCION > PP-EXT-TST-DT01,PP-EXT-LGC-EXTRACCION,Cluster lógico: ancestro PP-EXT-LGC-EXTRACCION en 7 elementos Revit equivalentes.,ambiguo_falso_por_contenedor_duplicado,PP-EXT-LGC-EXTRACCION,179296;179346;366559;366791;366838;366859;366922,,,distributed,distribucion_round_robin_en_preparar_aplicar,PP,PP-EXT-LGC-EXTRACCION,PP-EXT-LGC-DESGOMADO,,,,,,,,,,,,,,,,,,,,,,,,,,,,,,,,,,,,,,,,,,,,,,,,,,,,,,,,,,,,,,,,,,,,,,,,,,,,,
contenedor_logico_duplicado_distributed,contenedor_por_ancestro_project,PP-EXT-VLV-SOV-031,VALVULA ON-OFF FILTRO AMIAD | Grupo: PP-VLV CTROL EXT,180,4,180,PP-EXT-EXT-EX01 EXTRACTOR,PP-EXT-EXT-EX01,PP-EXT-LGC-EXTRACCION > PP-EXT-EXT-EX01,PP > PP-EXT-LGC-EXTRACCION > PP-EXT-EXT-EX01 EXTRACTOR,PP > PP-EXT-LGC-EXTRACCION > PP-EXT-EXT-EX01 EXTRACTOR > PP-EXT-VLV-SOV-031,179296,e873c32e-5e0c-4f36-b2a7-48d4917bce06-0002bc60,Roofs,,Genérico - 400 mm,Genérico - 400 mm,,PP > PP-EXT-LGC-EXTRACCION > PP-EXT-LGC-DESGOMADO,contenedor_scoring,179296,e873c32e-5e0c-4f36-b2a7-48d4917bce06-0002bc60,PP > PP-EXT-LGC-EXTRACCION > PP-EXT-LGC-DESGOMADO,3,77,NO,200,200,0,cluster_logico_mismo_sector,179296:200:PP > PP-EXT-LGC-EXTRACCION > PP-EXT-LGC-DESGOMADO || 179346:200:PP > PP-EXT-LGC-EXTRACCION > PP-EXT-EXT-EX01 EXTRACTOR || 366559:200:PP > PP-EXT-LGC-EXTRACCION > PP-EXT-LGC-SOLVENTE || 366791:200:PP > PP-EXT-LGC-EXTRACCION > PP-EXT-LGC-RECUP GASES || 366838:200:PP > PP-EXT-LGC-EXTRACCION > PP-EXT-LGC-DESTILACION || 366859:200:PP > PP-EXT-LGC-EXTRACCION || 366922:200:PP > PP-EXT-LGC-EXTRACCION > PP-EXT-TST-DT01,PP-EXT-LGC-EXTRACCION,Cluster lógico: ancestro PP-EXT-LGC-EXTRACCION en 7 elementos Revit equivalentes.,ambiguo_falso_por_contenedor_duplicado,PP-EXT-LGC-EXTRACCION,179296;179346;366559;366791;366838;366859;366922,,,distributed,distribucion_round_robin_en_preparar_aplicar,PP,PP-EXT-LGC-EXTRACCION,PP-EXT-LGC-DESGOMADO,,,,,,,,,,,,,,,,,,,,,,,,,,,,,,,,,,,,,,,,,,,,,,,,,,,,,,,,,,,,,,,,,,,,,,,,,,,,,
contenedor_logico_duplicado_distributed,contenedor_por_ancestro_project,PP-EXT-VLV-VS07,VALVULA VS07 CUCHILLA DEL EXTRACTOR | Grupo: PP-VLV CTROL EXT,181,4,181,PP-EXT-EXT-EX01 EXTRACTOR,PP-EXT-EXT-EX01,PP-EXT-LGC-EXTRACCION > PP-EXT-EXT-EX01,PP > PP-EXT-LGC-EXTRACCION > PP-EXT-EXT-EX01 EXTRACTOR,PP > PP-EXT-LGC-EXTRACCION > PP-EXT-EXT-EX01 EXTRACTOR > PP-EXT-VLV-VS07,179296,e873c32e-5e0c-4f36-b2a7-48d4917bce06-0002bc60,Roofs,,Genérico - 400 mm,Genérico - 400 mm,,PP > PP-EXT-LGC-EXTRACCION > PP-EXT-LGC-DESGOMADO,contenedor_scoring,179296,e873c32e-5e0c-4f36-b2a7-48d4917bce06-0002bc60,PP > PP-EXT-LGC-EXTRACCION > PP-EXT-LGC-DESGOMADO,3,77,NO,200,200,0,cluster_logico_mismo_sector,179296:200:PP > PP-EXT-LGC-EXTRACCION > PP-EXT-LGC-DESGOMADO || 179346:200:PP > PP-EXT-LGC-EXTRACCION > PP-EXT-EXT-EX01 EXTRACTOR || 366559:200:PP > PP-EXT-LGC-EXTRACCION > PP-EXT-LGC-SOLVENTE || 366791:200:PP > PP-EXT-LGC-EXTRACCION > PP-EXT-LGC-RECUP GASES || 366838:200:PP > PP-EXT-LGC-EXTRACCION > PP-EXT-LGC-DESTILACION || 366859:200:PP > PP-EXT-LGC-EXTRACCION || 366922:200:PP > PP-EXT-LGC-EXTRACCION > PP-EXT-TST-DT01,PP-EXT-LGC-EXTRACCION,Cluster lógico: ancestro PP-EXT-LGC-EXTRACCION en 7 elementos Revit equivalentes.,ambiguo_falso_por_contenedor_duplicado,PP-EXT-LGC-EXTRACCION,179296;179346;366559;366791;366838;366859;366922,,,distributed,distribucion_round_robin_en_preparar_aplicar,PP,PP-EXT-LGC-EXTRACCION,PP-EXT-LGC-DESGOMADO,,,,,,,,,,,,,,,,,,,,,,,,,,,,,,,,,,,,,,,,,,,,,,,,,,,,,,,,,,,,,,,,,,,,,,,,,,,,,
contenedor_logico_duplicado_distributed,contenedor_por_ancestro_project,PP-EXT-FLT-FILTRO,FILTRO DE ENTRADA AGUA DE ENFRIAMIENTO A PLANTA | Grupo: PP-FLT ENTRADA AGUA,182,3,182,PP-EXT-LGC-EXTRACCION,PP-EXT-LGC-EXTRACCION,PP-EXT-LGC-EXTRACCION,PP > PP-EXT-LGC-EXTRACCION,PP > PP-EXT-LGC-EXTRACCION > PP-EXT-FLT-FILTRO ENT AGUA ENF,179296,e873c32e-5e0c-4f36-b2a7-48d4917bce06-0002bc60,Roofs,,Genérico - 400 mm,Genérico - 400 mm,,PP > PP-EXT-LGC-EXTRACCION > PP-EXT-LGC-DESGOMADO,contenedor_scoring,179296,e873c32e-5e0c-4f36-b2a7-48d4917bce06-0002bc60,PP > PP-EXT-LGC-EXTRACCION > PP-EXT-LGC-DESGOMADO,3,77,NO,200,200,0,cluster_logico_mismo_sector,179296:200:PP > PP-EXT-LGC-EXTRACCION > PP-EXT-LGC-DESGOMADO || 179346:200:PP > PP-EXT-LGC-EXTRACCION > PP-EXT-EXT-EX01 EXTRACTOR || 366559:200:PP > PP-EXT-LGC-EXTRACCION > PP-EXT-LGC-SOLVENTE || 366791:200:PP > PP-EXT-LGC-EXTRACCION > PP-EXT-LGC-RECUP GASES || 366838:200:PP > PP-EXT-LGC-EXTRACCION > PP-EXT-LGC-DESTILACION || 366859:200:PP > PP-EXT-LGC-EXTRACCION || 366922:200:PP > PP-EXT-LGC-EXTRACCION > PP-EXT-TST-DT01,PP-EXT-LGC-EXTRACCION,Cluster lógico: ancestro PP-EXT-LGC-EXTRACCION en 7 elementos Revit equivalentes.,ambiguo_falso_por_contenedor_duplicado,PP-EXT-LGC-EXTRACCION,179296;179346;366559;366791;366838;366859;366922,,,distributed,distribucion_round_robin_en_preparar_aplicar,PP,PP-EXT-LGC-EXTRACCION,PP-EXT-LGC-DESGOMADO,,,,,,,,,,,,,,,,,,,,,,,,,,,,,,,,,,,,,,,,,,,,,,,,,,,,,,,,,,,,,,,,,,,,,,,,,,,,,
match_directo,elemento_puntual,PP-EXT-LGC-DESGOMADO,SECTOR DESGOMADO EXTRACCION PTA PTO | Grupo: PP-SECTOR DESGOMADO,183,3,183,PP-EXT-LGC-EXTRACCION,PP-EXT-LGC-EXTRACCION,PP-EXT-LGC-EXTRACCION,PP > PP-EXT-LGC-EXTRACCION,PP > PP-EXT-LGC-EXTRACCION > PP-EXT-LGC-DESGOMADO,179296,e873c32e-5e0c-4f36-b2a7-48d4917bce06-0002bc60,Roofs,,Genérico - 400 mm,Genérico - 400 mm,,PP > PP-EXT-LGC-EXTRACCION > PP-EXT-LGC-DESGOMADO,btz_description_03,,,,,,,,,,,,,Coincidencia exacta única con elemento Revit.,match_directo,,,,,,match_puntual_unico,PP,PP-EXT-LGC-EXTRACCION,PP-EXT-LGC-DESGOMADO,,,,,,,,,,,,,,,,,,,,,,,,,,,,,,,,,,,,,,,,,,,,,,,,,,,,,,,,,,,,,,,,,,,,,,,,,,,,,
contenedor_unico,contenedor_por_ancestro_project,PP-EXT-BMB-BO46,BOMBA DE ACEITE A SECADOR SALIDA DESGOMADORAS | Grupo: PP-BMB CENTRIF BO46,184,4,184,PP-EXT-LGC-DESGOMADO,PP-EXT-LGC-DESGOMADO,PP-EXT-LGC-EXTRACCION > PP-EXT-LGC-DESGOMADO,PP > PP-EXT-LGC-EXTRACCION > PP-EXT-LGC-DESGOMADO,PP > PP-EXT-LGC-EXTRACCION > PP-EXT-LGC-DESGOMADO > PP-EXT-BMB-BO46,179296,e873c32e-5e0c-4f36-b2a7-48d4917bce06-0002bc60,Roofs,,Genérico - 400 mm,Genérico - 400 mm,,PP > PP-EXT-LGC-EXTRACCION > PP-EXT-LGC-DESGOMADO,contenedor_scoring,179296,e873c32e-5e0c-4f36-b2a7-48d4917bce06-0002bc60,PP > PP-EXT-LGC-EXTRACCION > PP-EXT-LGC-DESGOMADO,3,77,NO,200,0,200,ancestro_project_exacto,179296:200:PP > PP-EXT-LGC-EXTRACCION > PP-EXT-LGC-DESGOMADO,PP-EXT-LGC-DESGOMADO,Sin match puntual; contenedor único por ancestro Project PP-EXT-LGC-DESGOMADO.,contenedor_unico_ancestro,PP-EXT-LGC-DESGOMADO,179296,179296,,,un_elemento_revit_para_ancestro,PP,PP-EXT-LGC-EXTRACCION,PP-EXT-LGC-DESGOMADO,,,,,,,,,,,,,,,,,,,,,,,,,,,,,,,,,,,,,,,,,,,,,,,,,,,,,,,,,,,,,,,,,,,,,,,,,,,,,
contenedor_unico,contenedor_por_ancestro_project,PP-EXT-BMB-BO47,BOMBA BO47  AGUA CALIENTE A PX | Grupo: PP-BMB GRUND BO47,185,4,185,PP-EXT-LGC-DESGOMADO,PP-EXT-LGC-DESGOMADO,PP-EXT-LGC-EXTRACCION > PP-EXT-LGC-DESGOMADO,PP > PP-EXT-LGC-EXTRACCION > PP-EXT-LGC-DESGOMADO,PP > PP-EXT-LGC-EXTRACCION > PP-EXT-LGC-DESGOMADO > PP-EXT-BMB-BO47,179296,e873c32e-5e0c-4f36-b2a7-48d4917bce06-0002bc60,Roofs,,Genérico - 400 mm,Genérico - 400 mm,,PP > PP-EXT-LGC-EXTRACCION > PP-EXT-LGC-DESGOMADO,contenedor_scoring,179296,e873c32e-5e0c-4f36-b2a7-48d4917bce06-0002bc60,PP > PP-EXT-LGC-EXTRACCION > PP-EXT-LGC-DESGOMADO,3,77,NO,200,0,200,ancestro_project_exacto,179296:200:PP > PP-EXT-LGC-EXTRACCION > PP-EXT-LGC-DESGOMADO,PP-EXT-LGC-DESGOMADO,Sin match puntual; contenedor único por ancestro Project PP-EXT-LGC-DESGOMADO.,contenedor_unico_ancestro,PP-EXT-LGC-DESGOMADO,179296,179296,,,un_elemento_revit_para_ancestro,PP,PP-EXT-LGC-EXTRACCION,PP-EXT-LGC-DESGOMADO,,,,,,,,,,,,,,,,,,,,,,,,,,,,,,,,,,,,,,,,,,,,,,,,,,,,,,,,,,,,,,,,,,,,,,,,,,,,,
contenedor_unico,contenedor_por_ancestro_project,PP-EXT-BMB-BO48,BOMBA BO48 E  - AGUA FRIA DE CALD.  A PX | Grupo: PP-BMB GRUND BO48 E,186,4,186,PP-EXT-LGC-DESGOMADO,PP-EXT-LGC-DESGOMADO,PP-EXT-LGC-EXTRACCION > PP-EXT-LGC-DESGOMADO,PP > PP-EXT-LGC-EXTRACCION > PP-EXT-LGC-DESGOMADO,PP > PP-EXT-LGC-EXTRACCION > PP-EXT-LGC-DESGOMADO > PP-EXT-BMB-BO48 E,179296,e873c32e-5e0c-4f36-b2a7-48d4917bce06-0002bc60,Roofs,,Genérico - 400 mm,Genérico - 400 mm,,PP > PP-EXT-LGC-EXTRACCION > PP-EXT-LGC-DESGOMADO,contenedor_scoring,179296,e873c32e-5e0c-4f36-b2a7-48d4917bce06-0002bc60,PP > PP-EXT-LGC-EXTRACCION > PP-EXT-LGC-DESGOMADO,3,77,NO,200,0,200,ancestro_project_exacto,179296:200:PP > PP-EXT-LGC-EXTRACCION > PP-EXT-LGC-DESGOMADO,PP-EXT-LGC-DESGOMADO,Sin match puntual; contenedor único por ancestro Project PP-EXT-LGC-DESGOMADO.,contenedor_unico_ancestro,PP-EXT-LGC-DESGOMADO,179296,179296,,,un_elemento_revit_para_ancestro,PP,PP-EXT-LGC-EXTRACCION,PP-EXT-LGC-DESGOMADO,,,,,,,,,,,,,,,,,,,,,,,,,,,,,,,,,,,,,,,,,,,,,,,,,,,,,,,,,,,,,,,,,,,,,,,,,,,,,
contenedor_unico,contenedor_por_ancestro_project,PP-EXT-BMB-PSODA,BOMBA DE SODA CAUSTICA DE CONTENEDOR | Grupo: PP-BMB CENTRIF PSODA,187,4,187,PP-EXT-LGC-DESGOMADO,PP-EXT-LGC-DESGOMADO,PP-EXT-LGC-EXTRACCION > PP-EXT-LGC-DESGOMADO,PP > PP-EXT-LGC-EXTRACCION > PP-EXT-LGC-DESGOMADO,PP > PP-EXT-LGC-EXTRACCION > PP-EXT-LGC-DESGOMADO > PP-EXT-BMB-PSODA,179296,e873c32e-5e0c-4f36-b2a7-48d4917bce06-0002bc60,Roofs,,Genérico - 400 mm,Genérico - 400 mm,,PP > PP-EXT-LGC-EXTRACCION > PP-EXT-LGC-DESGOMADO,contenedor_scoring,179296,e873c32e-5e0c-4f36-b2a7-48d4917bce06-0002bc60,PP > PP-EXT-LGC-EXTRACCION > PP-EXT-LGC-DESGOMADO,3,77,NO,200,0,200,ancestro_project_exacto,179296:200:PP > PP-EXT-LGC-EXTRACCION > PP-EXT-LGC-DESGOMADO,PP-EXT-LGC-DESGOMADO,Sin match puntual; contenedor único por ancestro Project PP-EXT-LGC-DESGOMADO.,contenedor_unico_ancestro,PP-EXT-LGC-DESGOMADO,179296,179296,,,un_elemento_revit_para_ancestro,PP,PP-EXT-LGC-EXTRACCION,PP-EXT-LGC-DESGOMADO,,,,,,,,,,,,,,,,,,,,,,,,,,,,,,,,,,,,,,,,,,,,,,,,,,,,,,,,,,,,,,,,,,,,,,,,,,,,,
contenedor_unico,contenedor_por_ancestro_project,PP-EXT-DSG-CE01,DESGOMADORA CENTR.PX90 CE01 (553)(NORTE) | Grupo: PP-DSG PX90,188,4,188,PP-EXT-LGC-DESGOMADO,PP-EXT-LGC-DESGOMADO,PP-EXT-LGC-EXTRACCION > PP-EXT-LGC-DESGOMADO,PP > PP-EXT-LGC-EXTRACCION > PP-EXT-LGC-DESGOMADO,PP > PP-EXT-LGC-EXTRACCION > PP-EXT-LGC-DESGOMADO > PP-EXT-DSG-CE01 NORTE,179296,e873c32e-5e0c-4f36-b2a7-48d4917bce06-0002bc60,Roofs,,Genérico - 400 mm,Genérico - 400 mm,,PP > PP-EXT-LGC-EXTRACCION > PP-EXT-LGC-DESGOMADO,contenedor_scoring,179296,e873c32e-5e0c-4f36-b2a7-48d4917bce06-0002bc60,PP > PP-EXT-LGC-EXTRACCION > PP-EXT-LGC-DESGOMADO,3,77,NO,200,0,200,ancestro_project_exacto,179296:200:PP > PP-EXT-LGC-EXTRACCION > PP-EXT-LGC-DESGOMADO,PP-EXT-LGC-DESGOMADO,Sin match puntual; contenedor único por ancestro Project PP-EXT-LGC-DESGOMADO.,contenedor_unico_ancestro,PP-EXT-LGC-DESGOMADO,179296,179296,,,un_elemento_revit_para_ancestro,PP,PP-EXT-LGC-EXTRACCION,PP-EXT-LGC-DESGOMADO,,,,,,,,,,,,,,,,,,,,,,,,,,,,,,,,,,,,,,,,,,,,,,,,,,,,,,,,,,,,,,,,,,,,,,,,,,,,,
contenedor_unico,contenedor_por_ancestro_project,PP-EXT-DSG-CE02,DESGOMADORA CENTR.PX90 CE02 (015) (SUR) | Grupo: PP-DSG PX90,189,4,189,PP-EXT-LGC-DESGOMADO,PP-EXT-LGC-DESGOMADO,PP-EXT-LGC-EXTRACCION > PP-EXT-LGC-DESGOMADO,PP > PP-EXT-LGC-EXTRACCION > PP-EXT-LGC-DESGOMADO,PP > PP-EXT-LGC-EXTRACCION > PP-EXT-LGC-DESGOMADO > PP-EXT-DSG-CE02 SUR,179296,e873c32e-5e0c-4f36-b2a7-48d4917bce06-0002bc60,Roofs,,Genérico - 400 mm,Genérico - 400 mm,,PP > PP-EXT-LGC-EXTRACCION > PP-EXT-LGC-DESGOMADO,contenedor_scoring,179296,e873c32e-5e0c-4f36-b2a7-48d4917bce06-0002bc60,PP > PP-EXT-LGC-EXTRACCION > PP-EXT-LGC-DESGOMADO,3,77,NO,200,0,200,ancestro_project_exacto,179296:200:PP > PP-EXT-LGC-EXTRACCION > PP-EXT-LGC-DESGOMADO,PP-EXT-LGC-DESGOMADO,Sin match puntual; contenedor único por ancestro Project PP-EXT-LGC-DESGOMADO.,contenedor_unico_ancestro,PP-EXT-LGC-DESGOMADO,179296,179296,,,un_elemento_revit_para_ancestro,PP,PP-EXT-LGC-EXTRACCION,PP-EXT-LGC-DESGOMADO,,,,,,,,,,,,,,,,,,,,,,,,,,,,,,,,,,,,,,,,,,,,,,,,,,,,,,,,,,,,,,,,,,,,,,,,,,,,,
contenedor_unico,contenedor_por_ancestro_project,PP-EXT-ENF-EASTOCK1,ENFRIADOR DE ACEITE A STOCK 1 | Grupo: PP-ENF ACEIT STOCK,190,4,190,PP-EXT-LGC-DESGOMADO,PP-EXT-LGC-DESGOMADO,PP-EXT-LGC-EXTRACCION > PP-EXT-LGC-DESGOMADO,PP > PP-EXT-LGC-EXTRACCION > PP-EXT-LGC-DESGOMADO,PP > PP-EXT-LGC-EXTRACCION > PP-EXT-LGC-DESGOMADO > PP-EXT-ENF-EASTOCK1,179296,e873c32e-5e0c-4f36-b2a7-48d4917bce06-0002bc60,Roofs,,Genérico - 400 mm,Genérico - 400 mm,,PP > PP-EXT-LGC-EXTRACCION > PP-EXT-LGC-DESGOMADO,contenedor_scoring,179296,e873c32e-5e0c-4f36-b2a7-48d4917bce06-0002bc60,PP > PP-EXT-LGC-EXTRACCION > PP-EXT-LGC-DESGOMADO,3,77,NO,200,0,200,ancestro_project_exacto,179296:200:PP > PP-EXT-LGC-EXTRACCION > PP-EXT-LGC-DESGOMADO,PP-EXT-LGC-DESGOMADO,Sin match puntual; contenedor único por ancestro Project PP-EXT-LGC-DESGOMADO.,contenedor_unico_ancestro,PP-EXT-LGC-DESGOMADO,179296,179296,,,un_elemento_revit_para_ancestro,PP,PP-EXT-LGC-EXTRACCION,PP-EXT-LGC-DESGOMADO,,,,,,,,,,,,,,,,,,,,,,,,,,,,,,,,,,,,,,,,,,,,,,,,,,,,,,,,,,,,,,,,,,,,,,,,,,,,,
contenedor_unico,contenedor_por_ancestro_project,PP-EXT-RCT-REACTOR,REACTOR DESGOMADO | Grupo: PP-RCT REACTOR,191,4,191,PP-EXT-LGC-DESGOMADO,PP-EXT-LGC-DESGOMADO,PP-EXT-LGC-EXTRACCION > PP-EXT-LGC-DESGOMADO,PP > PP-EXT-LGC-EXTRACCION > PP-EXT-LGC-DESGOMADO,PP > PP-EXT-LGC-EXTRACCION > PP-EXT-LGC-DESGOMADO > PP-EXT-RCT-REACTOR,179296,e873c32e-5e0c-4f36-b2a7-48d4917bce06-0002bc60,Roofs,,Genérico - 400 mm,Genérico - 400 mm,,PP > PP-EXT-LGC-EXTRACCION > PP-EXT-LGC-DESGOMADO,contenedor_scoring,179296,e873c32e-5e0c-4f36-b2a7-48d4917bce06-0002bc60,PP > PP-EXT-LGC-EXTRACCION > PP-EXT-LGC-DESGOMADO,3,77,NO,200,0,200,ancestro_project_exacto,179296:200:PP > PP-EXT-LGC-EXTRACCION > PP-EXT-LGC-DESGOMADO,PP-EXT-LGC-DESGOMADO,Sin match puntual; contenedor único por ancestro Project PP-EXT-LGC-DESGOMADO.,contenedor_unico_ancestro,PP-EXT-LGC-DESGOMADO,179296,179296,,,un_elemento_revit_para_ancestro,PP,PP-EXT-LGC-EXTRACCION,PP-EXT-LGC-DESGOMADO,,,,,,,,,,,,,,,,,,,,,,,,,,,,,,,,,,,,,,,,,,,,,,,,,,,,,,,,,,,,,,,,,,,,,,,,,,,,,
contenedor_unico,contenedor_por_ancestro_project,PP-EXT-SCD-SECACEITE,SECADOR DE ACEITE | Grupo: PP-SCD SECADOR ACEITE,192,4,192,PP-EXT-LGC-DESGOMADO,PP-EXT-LGC-DESGOMADO,PP-EXT-LGC-EXTRACCION > PP-EXT-LGC-DESGOMADO,PP > PP-EXT-LGC-EXTRACCION > PP-EXT-LGC-DESGOMADO,PP > PP-EXT-LGC-EXTRACCION > PP-EXT-LGC-DESGOMADO > PP-EXT-SCD-SECACEITE,179296,e873c32e-5e0c-4f36-b2a7-48d4917bce06-0002bc60,Roofs,,Genérico - 400 mm,Genérico - 400 mm,,PP > PP-EXT-LGC-EXTRACCION > PP-EXT-LGC-DESGOMADO,contenedor_scoring,179296,e873c32e-5e0c-4f36-b2a7-48d4917bce06-0002bc60,PP > PP-EXT-LGC-EXTRACCION > PP-EXT-LGC-DESGOMADO,3,77,NO,200,0,200,ancestro_project_exacto,179296:200:PP > PP-EXT-LGC-EXTRACCION > PP-EXT-LGC-DESGOMADO,PP-EXT-LGC-DESGOMADO,Sin match puntual; contenedor único por ancestro Project PP-EXT-LGC-DESGOMADO.,contenedor_unico_ancestro,PP-EXT-LGC-DESGOMADO,179296,179296,,,un_elemento_revit_para_ancestro,PP,PP-EXT-LGC-EXTRACCION,PP-EXT-LGC-DESGOMADO,,,,,,,,,,,,,,,,,,,,,,,,,,,,,,,,,,,,,,,,,,,,,,,,,,,,,,,,,,,,,,,,,,,,,,,,,,,,,
contenedor_unico,contenedor_por_ancestro_project,PP-EXT-BMB-BO34,BOMBA BO34  ACEITE P/TANQUES SECADOR AL ENFRIADOR | Grupo: PP-BMB CENTRIF BO34,193,5,193,PP-EXT-SCD-SECACEITE,PP-EXT-SCD-SECACEITE,PP-EXT-LGC-EXTRACCION > PP-EXT-LGC-DESGOMADO > PP-EXT-SCD-SECACEITE,PP > PP-EXT-LGC-EXTRACCION > PP-EXT-LGC-DESGOMADO > PP-EXT-SCD-SECACEITE,PP > PP-EXT-LGC-EXTRACCION > PP-EXT-LGC-DESGOMADO > PP-EXT-SCD-SECACEITE > PP-EXT-BMB-BO34,179296,e873c32e-5e0c-4f36-b2a7-48d4917bce06-0002bc60,Roofs,,Genérico - 400 mm,Genérico - 400 mm,,PP > PP-EXT-LGC-EXTRACCION > PP-EXT-LGC-DESGOMADO,contenedor_scoring,179296,e873c32e-5e0c-4f36-b2a7-48d4917bce06-0002bc60,PP > PP-EXT-LGC-EXTRACCION > PP-EXT-LGC-DESGOMADO,3,77,NO,200,0,200,ancestro_project_exacto,179296:200:PP > PP-EXT-LGC-EXTRACCION > PP-EXT-LGC-DESGOMADO,PP-EXT-LGC-DESGOMADO,Sin match puntual; contenedor único por ancestro Project PP-EXT-LGC-DESGOMADO.,contenedor_unico_ancestro,PP-EXT-LGC-DESGOMADO,179296,179296,,,un_elemento_revit_para_ancestro,PP,PP-EXT-LGC-EXTRACCION,PP-EXT-LGC-DESGOMADO,,,,,,,,,,,,,,,,,,,,,,,,,,,,,,,,,,,,,,,,,,,,,,,,,,,,,,,,,,,,,,,,,,,,,,,,,,,,,
contenedor_unico,contenedor_por_ancestro_project,PP-EXT-TNQ-TKAGUA,TANQUE TK02 DE AGUA (ADICION) | Grupo: PP-TNQ EXTRACCION,197,4,197,PP-EXT-LGC-DESGOMADO,PP-EXT-LGC-DESGOMADO,PP-EXT-LGC-EXTRACCION > PP-EXT-LGC-DESGOMADO,PP > PP-EXT-LGC-EXTRACCION > PP-EXT-LGC-DESGOMADO,PP > PP-EXT-LGC-EXTRACCION > PP-EXT-LGC-DESGOMADO > PP-EXT-TNQ-TKAGUA DESGOM,179296,e873c32e-5e0c-4f36-b2a7-48d4917bce06-0002bc60,Roofs,,Genérico - 400 mm,Genérico - 400 mm,,PP > PP-EXT-LGC-EXTRACCION > PP-EXT-LGC-DESGOMADO,contenedor_scoring,179296,e873c32e-5e0c-4f36-b2a7-48d4917bce06-0002bc60,PP > PP-EXT-LGC-EXTRACCION > PP-EXT-LGC-DESGOMADO,3,77,NO,200,0,200,ancestro_project_exacto,179296:200:PP > PP-EXT-LGC-EXTRACCION > PP-EXT-LGC-DESGOMADO,PP-EXT-LGC-DESGOMADO,Sin match puntual; contenedor único por ancestro Project PP-EXT-LGC-DESGOMADO.,contenedor_unico_ancestro,PP-EXT-LGC-DESGOMADO,179296,179296,,,un_elemento_revit_para_ancestro,PP,PP-EXT-LGC-EXTRACCION,PP-EXT-LGC-DESGOMADO,,,,,,,,,,,,,,,,,,,,,,,,,,,,,,,,,,,,,,,,,,,,,,,,,,,,,,,,,,,,,,,,,,,,,,,,,,,,,
contenedor_unico,contenedor_por_ancestro_project,PP-EXT-BMB-BO31,BOMBA BO31 AGUA  P/ HIDRATADOR | Grupo: PP-BMB GRUND BO31,198,5,198,PP-EXT-TNQ-TKAGUA DESGOM,PP-EXT-TNQ-TKAGUA,PP-EXT-LGC-EXTRACCION > PP-EXT-LGC-DESGOMADO > PP-EXT-TNQ-TKAGUA,PP > PP-EXT-LGC-EXTRACCION > PP-EXT-LGC-DESGOMADO > PP-EXT-TNQ-TKAGUA DESGOM,PP > PP-EXT-LGC-EXTRACCION > PP-EXT-LGC-DESGOMADO > PP-EXT-TNQ-TKAGUA DESGOM > PP-EXT-BMB-BO31,179296,e873c32e-5e0c-4f36-b2a7-48d4917bce06-0002bc60,Roofs,,Genérico - 400 mm,Genérico - 400 mm,,PP > PP-EXT-LGC-EXTRACCION > PP-EXT-LGC-DESGOMADO,contenedor_scoring,179296,e873c32e-5e0c-4f36-b2a7-48d4917bce06-0002bc60,PP > PP-EXT-LGC-EXTRACCION > PP-EXT-LGC-DESGOMADO,3,77,NO,200,0,200,ancestro_project_exacto,179296:200:PP > PP-EXT-LGC-EXTRACCION > PP-EXT-LGC-DESGOMADO,PP-EXT-LGC-DESGOMADO,Sin match puntual; contenedor único por ancestro Project PP-EXT-LGC-DESGOMADO.,contenedor_unico_ancestro,PP-EXT-LGC-DESGOMADO,179296,179296,,,un_elemento_revit_para_ancestro,PP,PP-EXT-LGC-EXTRACCION,PP-EXT-LGC-DESGOMADO,,,,,,,,,,,,,,,,,,,,,,,,,,,,,,,,,,,,,,,,,,,,,,,,,,,,,,,,,,,,,,,,,,,,,,,,,,,,,
contenedor_unico,contenedor_por_ancestro_project,PP-EXT-TNQ-TKGOMAS,TANQUE TK03  DE GOMAS (CENTRIFUGAS) | Grupo: PP-TNQ EXTRACCION,199,4,199,PP-EXT-LGC-DESGOMADO,PP-EXT-LGC-DESGOMADO,PP-EXT-LGC-EXTRACCION > PP-EXT-LGC-DESGOMADO,PP > PP-EXT-LGC-EXTRACCION > PP-EXT-LGC-DESGOMADO,PP > PP-EXT-LGC-EXTRACCION > PP-EXT-LGC-DESGOMADO > PP-EXT-TNQ-TKGOMAS CENTRIF,179296,e873c32e-5e0c-4f36-b2a7-48d4917bce06-0002bc60,Roofs,,Genérico - 400 mm,Genérico - 400 mm,,PP > PP-EXT-LGC-EXTRACCION > PP-EXT-LGC-DESGOMADO,contenedor_scoring,179296,e873c32e-5e0c-4f36-b2a7-48d4917bce06-0002bc60,PP > PP-EXT-LGC-EXTRACCION > PP-EXT-LGC-DESGOMADO,3,77,NO,200,0,200,ancestro_project_exacto,179296:200:PP > PP-EXT-LGC-EXTRACCION > PP-EXT-LGC-DESGOMADO,PP-EXT-LGC-DESGOMADO,Sin match puntual; contenedor único por ancestro Project PP-EXT-LGC-DESGOMADO.,contenedor_unico_ancestro,PP-EXT-LGC-DESGOMADO,179296,179296,,,un_elemento_revit_para_ancestro,PP,PP-EXT-LGC-EXTRACCION,PP-EXT-LGC-DESGOMADO,,,,,,,,,,,,,,,,,,,,,,,,,,,,,,,,,,,,,,,,,,,,,,,,,,,,,,,,,,,,,,,,,,,,,,,,,,,,,
contenedor_unico,contenedor_por_ancestro_project,PP-EXT-BMB-BO33,BOMBA BO33 TANQUE GOMA A DT01 | Grupo: PP-BMB ENGR BO33,200,5,200,PP-EXT-TNQ-TKGOMAS CENTRIF,PP-EXT-TNQ-TKGOMAS,PP-EXT-LGC-EXTRACCION > PP-EXT-LGC-DESGOMADO > PP-EXT-TNQ-TKGOMAS,PP > PP-EXT-LGC-EXTRACCION > PP-EXT-LGC-DESGOMADO > PP-EXT-TNQ-TKGOMAS CENTRIF,PP > PP-EXT-LGC-EXTRACCION > PP-EXT-LGC-DESGOMADO > PP-EXT-TNQ-TKGOMAS CENTRIF > PP-EXT-BMB-BO33,179296,e873c32e-5e0c-4f36-b2a7-48d4917bce06-0002bc60,Roofs,,Genérico - 400 mm,Genérico - 400 mm,,PP > PP-EXT-LGC-EXTRACCION > PP-EXT-LGC-DESGOMADO,contenedor_scoring,179296,e873c32e-5e0c-4f36-b2a7-48d4917bce06-0002bc60,PP > PP-EXT-LGC-EXTRACCION > PP-EXT-LGC-DESGOMADO,3,77,NO,200,0,200,ancestro_project_exacto,179296:200:PP > PP-EXT-LGC-EXTRACCION > PP-EXT-LGC-DESGOMADO,PP-EXT-LGC-DESGOMADO,Sin match puntual; contenedor único por ancestro Project PP-EXT-LGC-DESGOMADO.,contenedor_unico_ancestro,PP-EXT-LGC-DESGOMADO,179296,179296,,,un_elemento_revit_para_ancestro,PP,PP-EXT-LGC-EXTRACCION,PP-EXT-LGC-DESGOMADO,,,,,,,,,,,,,,,,,,,,,,,,,,,,,,,,,,,,,,,,,,,,,,,,,,,,,,,,,,,,,,,,,,,,,,,,,,,,,
contenedor_unico,contenedor_por_ancestro_project,PP-EXT-BMB-BOGL,BOMBA GOMAS A LECITINA | Grupo: PP-BMB ENGR BOGL,201,5,201,PP-EXT-TNQ-TKGOMAS CENTRIF,PP-EXT-TNQ-TKGOMAS,PP-EXT-LGC-EXTRACCION > PP-EXT-LGC-DESGOMADO > PP-EXT-TNQ-TKGOMAS,PP > PP-EXT-LGC-EXTRACCION > PP-EXT-LGC-DESGOMADO > PP-EXT-TNQ-TKGOMAS CENTRIF,PP > PP-EXT-LGC-EXTRACCION > PP-EXT-LGC-DESGOMADO > PP-EXT-TNQ-TKGOMAS CENTRIF > PP-EXT-BMB-BOGL,179296,e873c32e-5e0c-4f36-b2a7-48d4917bce06-0002bc60,Roofs,,Genérico - 400 mm,Genérico - 400 mm,,PP > PP-EXT-LGC-EXTRACCION > PP-EXT-LGC-DESGOMADO,contenedor_scoring,179296,e873c32e-5e0c-4f36-b2a7-48d4917bce06-0002bc60,PP > PP-EXT-LGC-EXTRACCION > PP-EXT-LGC-DESGOMADO,3,77,NO,200,0,200,ancestro_project_exacto,179296:200:PP > PP-EXT-LGC-EXTRACCION > PP-EXT-LGC-DESGOMADO,PP-EXT-LGC-DESGOMADO,Sin match puntual; contenedor único por ancestro Project PP-EXT-LGC-DESGOMADO.,contenedor_unico_ancestro,PP-EXT-LGC-DESGOMADO,179296,179296,,,un_elemento_revit_para_ancestro,PP,PP-EXT-LGC-EXTRACCION,PP-EXT-LGC-DESGOMADO,,,,,,,,,,,,,,,,,,,,,,,,,,,,,,,,,,,,,,,,,,,,,,,,,,,,,,,,,,,,,,,,,,,,,,,,,,,,,
contenedor_unico,contenedor_por_ancestro_project,PP-EXT-TNQ-TKHIDRATADOR,TANQUE  TK07 HIDRATADOR | Grupo: PP-TNQ EXTRACCION,202,4,202,PP-EXT-LGC-DESGOMADO,PP-EXT-LGC-DESGOMADO,PP-EXT-LGC-EXTRACCION > PP-EXT-LGC-DESGOMADO,PP > PP-EXT-LGC-EXTRACCION > PP-EXT-LGC-DESGOMADO,PP > PP-EXT-LGC-EXTRACCION > PP-EXT-LGC-DESGOMADO > PP-EXT-TNQ-TKHIDRATADOR,179296,e873c32e-5e0c-4f36-b2a7-48d4917bce06-0002bc60,Roofs,,Genérico - 400 mm,Genérico - 400 mm,,PP > PP-EXT-LGC-EXTRACCION > PP-EXT-LGC-DESGOMADO,contenedor_scoring,179296,e873c32e-5e0c-4f36-b2a7-48d4917bce06-0002bc60,PP > PP-EXT-LGC-EXTRACCION > PP-EXT-LGC-DESGOMADO,3,77,NO,200,0,200,ancestro_project_exacto,179296:200:PP > PP-EXT-LGC-EXTRACCION > PP-EXT-LGC-DESGOMADO,PP-EXT-LGC-DESGOMADO,Sin match puntual; contenedor único por ancestro Project PP-EXT-LGC-DESGOMADO.,contenedor_unico_ancestro,PP-EXT-LGC-DESGOMADO,179296,179296,,,un_elemento_revit_para_ancestro,PP,PP-EXT-LGC-EXTRACCION,PP-EXT-LGC-DESGOMADO,,,,,,,,,,,,,,,,,,,,,,,,,,,,,,,,,,,,,,,,,,,,,,,,,,,,,,,,,,,,,,,,,,,,,,,,,,,,,
contenedor_unico,contenedor_por_ancestro_project,PP-EXT-AGT-AG01,AGITADOR AG01 DE ACEITE CRUDO | Grupo: PP-AGT-AG01,203,5,203,PP-EXT-TNQ-TKHIDRATADOR,PP-EXT-TNQ-TKHIDRATADOR,PP-EXT-LGC-EXTRACCION > PP-EXT-LGC-DESGOMADO > PP-EXT-TNQ-TKHIDRATADOR,PP > PP-EXT-LGC-EXTRACCION > PP-EXT-LGC-DESGOMADO > PP-EXT-TNQ-TKHIDRATADOR,PP > PP-EXT-LGC-EXTRACCION > PP-EXT-LGC-DESGOMADO > PP-EXT-TNQ-TKHIDRATADOR > PP-EXT-AGT-AG01,179296,e873c32e-5e0c-4f36-b2a7-48d4917bce06-0002bc60,Roofs,,Genérico - 400 mm,Genérico - 400 mm,,PP > PP-EXT-LGC-EXTRACCION > PP-EXT-LGC-DESGOMADO,contenedor_scoring,179296,e873c32e-5e0c-4f36-b2a7-48d4917bce06-0002bc60,PP > PP-EXT-LGC-EXTRACCION > PP-EXT-LGC-DESGOMADO,3,77,NO,200,0,200,ancestro_project_exacto,179296:200:PP > PP-EXT-LGC-EXTRACCION > PP-EXT-LGC-DESGOMADO,PP-EXT-LGC-DESGOMADO,Sin match puntual; contenedor único por ancestro Project PP-EXT-LGC-DESGOMADO.,contenedor_unico_ancestro,PP-EXT-LGC-DESGOMADO,179296,179296,,,un_elemento_revit_para_ancestro,PP,PP-EXT-LGC-EXTRACCION,PP-EXT-LGC-DESGOMADO,,,,,,,,,,,,,,,,,,,,,,,,,,,,,,,,,,,,,,,,,,,,,,,,,,,,,,,,,,,,,,,,,,,,,,,,,,,,,
contenedor_unico,contenedor_por_ancestro_project,PP-EXT-TNQ-TKMADURADOR,TANQUE MADURADOR | Grupo: PP-TNQ EXTRACCION,204,4,204,PP-EXT-LGC-DESGOMADO,PP-EXT-LGC-DESGOMADO,PP-EXT-LGC-EXTRACCION > PP-EXT-LGC-DESGOMADO,PP > PP-EXT-LGC-EXTRACCION > PP-EXT-LGC-DESGOMADO,PP > PP-EXT-LGC-EXTRACCION > PP-EXT-LGC-DESGOMADO > PP-EXT-TNQ-TKMADURADOR,179296,e873c32e-5e0c-4f36-b2a7-48d4917bce06-0002bc60,Roofs,,Genérico - 400 mm,Genérico - 400 mm,,PP > PP-EXT-LGC-EXTRACCION > PP-EXT-LGC-DESGOMADO,contenedor_scoring,179296,e873c32e-5e0c-4f36-b2a7-48d4917bce06-0002bc60,PP > PP-EXT-LGC-EXTRACCION > PP-EXT-LGC-DESGOMADO,3,77,NO,200,0,200,ancestro_project_exacto,179296:200:PP > PP-EXT-LGC-EXTRACCION > PP-EXT-LGC-DESGOMADO,PP-EXT-LGC-DESGOMADO,Sin match puntual; contenedor único por ancestro Project PP-EXT-LGC-DESGOMADO.,contenedor_unico_ancestro,PP-EXT-LGC-DESGOMADO,179296,179296,,,un_elemento_revit_para_ancestro,PP,PP-EXT-LGC-EXTRACCION,PP-EXT-LGC-DESGOMADO,,,,,,,,,,,,,,,,,,,,,,,,,,,,,,,,,,,,,,,,,,,,,,,,,,,,,,,,,,,,,,,,,,,,,,,,,,,,,
contenedor_unico,contenedor_por_ancestro_project,PP-EXT-AGT-AG02,AGITADOR AG02 DE ACEITE CRUDO MADURADOR | Grupo: PP-AGT-AG02,205,5,205,PP-EXT-TNQ-TKMADURADOR,PP-EXT-TNQ-TKMADURADOR,PP-EXT-LGC-EXTRACCION > PP-EXT-LGC-DESGOMADO > PP-EXT-TNQ-TKMADURADOR,PP > PP-EXT-LGC-EXTRACCION > PP-EXT-LGC-DESGOMADO > PP-EXT-TNQ-TKMADURADOR,PP > PP-EXT-LGC-EXTRACCION > PP-EXT-LGC-DESGOMADO > PP-EXT-TNQ-TKMADURADOR > PP-EXT-AGT-AG02,179296,e873c32e-5e0c-4f36-b2a7-48d4917bce06-0002bc60,Roofs,,Genérico - 400 mm,Genérico - 400 mm,,PP > PP-EXT-LGC-EXTRACCION > PP-EXT-LGC-DESGOMADO,contenedor_scoring,179296,e873c32e-5e0c-4f36-b2a7-48d4917bce06-0002bc60,PP > PP-EXT-LGC-EXTRACCION > PP-EXT-LGC-DESGOMADO,3,77,NO,200,0,200,ancestro_project_exacto,179296:200:PP > PP-EXT-LGC-EXTRACCION > PP-EXT-LGC-DESGOMADO,PP-EXT-LGC-DESGOMADO,Sin match puntual; contenedor único por ancestro Project PP-EXT-LGC-DESGOMADO.,contenedor_unico_ancestro,PP-EXT-LGC-DESGOMADO,179296,179296,,,un_elemento_revit_para_ancestro,PP,PP-EXT-LGC-EXTRACCION,PP-EXT-LGC-DESGOMADO,,,,,,,,,,,,,,,,,,,,,,,,,,,,,,,,,,,,,,,,,,,,,,,,,,,,,,,,,,,,,,,,,,,,,,,,,,,,,
contenedor_unico,contenedor_por_ancestro_project,PP-EXT-TNQ-TKMANIO,TK DE AGUA DE MANIOBRAS PX | Grupo: PP-TNQ EXTRACCION,206,4,206,PP-EXT-LGC-DESGOMADO,PP-EXT-LGC-DESGOMADO,PP-EXT-LGC-EXTRACCION > PP-EXT-LGC-DESGOMADO,PP > PP-EXT-LGC-EXTRACCION > PP-EXT-LGC-DESGOMADO,PP > PP-EXT-LGC-EXTRACCION > PP-EXT-LGC-DESGOMADO > PP-EXT-TNQ-TKMANIO,179296,e873c32e-5e0c-4f36-b2a7-48d4917bce06-0002bc60,Roofs,,Genérico - 400 mm,Genérico - 400 mm,,PP > PP-EXT-LGC-EXTRACCION > PP-EXT-LGC-DESGOMADO,contenedor_scoring,179296,e873c32e-5e0c-4f36-b2a7-48d4917bce06-0002bc60,PP > PP-EXT-LGC-EXTRACCION > PP-EXT-LGC-DESGOMADO,3,77,NO,200,0,200,ancestro_project_exacto,179296:200:PP > PP-EXT-LGC-EXTRACCION > PP-EXT-LGC-DESGOMADO,PP-EXT-LGC-DESGOMADO,Sin match puntual; contenedor único por ancestro Project PP-EXT-LGC-DESGOMADO.,contenedor_unico_ancestro,PP-EXT-LGC-DESGOMADO,179296,179296,,,un_elemento_revit_para_ancestro,PP,PP-EXT-LGC-EXTRACCION,PP-EXT-LGC-DESGOMADO,,,,,,,,,,,,,,,,,,,,,,,,,,,,,,,,,,,,,,,,,,,,,,,,,,,,,,,,,,,,,,,,,,,,,,,,,,,,,
contenedor_unico,contenedor_por_ancestro_project,PP-EXT-TNQ-TKPULMON,TANQUE TK01 PULMON ACTE. CRUDO | Grupo: PP-TNQ EXTRACCION,207,4,207,PP-EXT-LGC-DESGOMADO,PP-EXT-LGC-DESGOMADO,PP-EXT-LGC-EXTRACCION > PP-EXT-LGC-DESGOMADO,PP > PP-EXT-LGC-EXTRACCION > PP-EXT-LGC-DESGOMADO,PP > PP-EXT-LGC-EXTRACCION > PP-EXT-LGC-DESGOMADO > PP-EXT-TNQ-TKPULMON ACEITE,179296,e873c32e-5e0c-4f36-b2a7-48d4917bce06-0002bc60,Roofs,,Genérico - 400 mm,Genérico - 400 mm,,PP > PP-EXT-LGC-EXTRACCION > PP-EXT-LGC-DESGOMADO,contenedor_scoring,179296,e873c32e-5e0c-4f36-b2a7-48d4917bce06-0002bc60,PP > PP-EXT-LGC-EXTRACCION > PP-EXT-LGC-DESGOMADO,3,77,NO,200,0,200,ancestro_project_exacto,179296:200:PP > PP-EXT-LGC-EXTRACCION > PP-EXT-LGC-DESGOMADO,PP-EXT-LGC-DESGOMADO,Sin match puntual; contenedor único por ancestro Project PP-EXT-LGC-DESGOMADO.,contenedor_unico_ancestro,PP-EXT-LGC-DESGOMADO,179296,179296,,,un_elemento_revit_para_ancestro,PP,PP-EXT-LGC-EXTRACCION,PP-EXT-LGC-DESGOMADO,,,,,,,,,,,,,,,,,,,,,,,,,,,,,,,,,,,,,,,,,,,,,,,,,,,,,,,,,,,,,,,,,,,,,,,,,,,,,
contenedor_unico,contenedor_por_ancestro_project,PP-EXT-BMB-BO30,BOMBA BO30  TK AC. CRUDO A HIDRATADOR | Grupo: PP-BMB CENTRIF BO30,208,5,208,PP-EXT-TNQ-TKPULMON ACEITE,PP-EXT-TNQ-TKPULMON,PP-EXT-LGC-EXTRACCION > PP-EXT-LGC-DESGOMADO > PP-EXT-TNQ-TKPULMON,PP > PP-EXT-LGC-EXTRACCION > PP-EXT-LGC-DESGOMADO > PP-EXT-TNQ-TKPULMON ACEITE,PP > PP-EXT-LGC-EXTRACCION > PP-EXT-LGC-DESGOMADO > PP-EXT-TNQ-TKPULMON ACEITE > PP-EXT-BMB-BO30,179296,e873c32e-5e0c-4f36-b2a7-48d4917bce06-0002bc60,Roofs,,Genérico - 400 mm,Genérico - 400 mm,,PP > PP-EXT-LGC-EXTRACCION > PP-EXT-LGC-DESGOMADO,contenedor_scoring,179296,e873c32e-5e0c-4f36-b2a7-48d4917bce06-0002bc60,PP > PP-EXT-LGC-EXTRACCION > PP-EXT-LGC-DESGOMADO,3,77,NO,200,0,200,ancestro_project_exacto,179296:200:PP > PP-EXT-LGC-EXTRACCION > PP-EXT-LGC-DESGOMADO,PP-EXT-LGC-DESGOMADO,Sin match puntual; contenedor único por ancestro Project PP-EXT-LGC-DESGOMADO.,contenedor_unico_ancestro,PP-EXT-LGC-DESGOMADO,179296,179296,,,un_elemento_revit_para_ancestro,PP,PP-EXT-LGC-EXTRACCION,PP-EXT-LGC-DESGOMADO,,,,,,,,,,,,,,,,,,,,,,,,,,,,,,,,,,,,,,,,,,,,,,,,,,,,,,,,,,,,,,,,,,,,,,,,,,,,,
contenedor_unico,contenedor_por_ancestro_project,PP-EXT-MZC-MEZCDINAMICO,MEZCLADOR DINAMICO SHARPLES | Grupo: PP-MZC MEZCDINAMICO,209,5,209,PP-EXT-TNQ-TKPULMON ACEITE,PP-EXT-TNQ-TKPULMON,PP-EXT-LGC-EXTRACCION > PP-EXT-LGC-DESGOMADO > PP-EXT-TNQ-TKPULMON,PP > PP-EXT-LGC-EXTRACCION > PP-EXT-LGC-DESGOMADO > PP-EXT-TNQ-TKPULMON ACEITE,PP > PP-EXT-LGC-EXTRACCION > PP-EXT-LGC-DESGOMADO > PP-EXT-TNQ-TKPULMON ACEITE > PP-EXT-MZC-MEZCDINAMICO (BO28),179296,e873c32e-5e0c-4f36-b2a7-48d4917bce06-0002bc60,Roofs,,Genérico - 400 mm,Genérico - 400 mm,,PP > PP-EXT-LGC-EXTRACCION > PP-EXT-LGC-DESGOMADO,contenedor_scoring,179296,e873c32e-5e0c-4f36-b2a7-48d4917bce06-0002bc60,PP > PP-EXT-LGC-EXTRACCION > PP-EXT-LGC-DESGOMADO,3,77,NO,200,0,200,ancestro_project_exacto,179296:200:PP > PP-EXT-LGC-EXTRACCION > PP-EXT-LGC-DESGOMADO,PP-EXT-LGC-DESGOMADO,Sin match puntual; contenedor único por ancestro Project PP-EXT-LGC-DESGOMADO.,contenedor_unico_ancestro,PP-EXT-LGC-DESGOMADO,179296,179296,,,un_elemento_revit_para_ancestro,PP,PP-EXT-LGC-EXTRACCION,PP-EXT-LGC-DESGOMADO,,,,,,,,,,,,,,,,,,,,,,,,,,,,,,,,,,,,,,,,,,,,,,,,,,,,,,,,,,,,,,,,,,,,,,,,,,,,,
contenedor_unico,contenedor_por_ancestro_project,PP-EXT-TQN-TKGOMAS,TK AUXILIAR DE GOMAS AGREGADOS | Grupo: PP-TNQ EXTRACCION,210,4,210,PP-EXT-LGC-DESGOMADO,PP-EXT-LGC-DESGOMADO,PP-EXT-LGC-EXTRACCION > PP-EXT-LGC-DESGOMADO,PP > PP-EXT-LGC-EXTRACCION > PP-EXT-LGC-DESGOMADO,PP > PP-EXT-LGC-EXTRACCION > PP-EXT-LGC-DESGOMADO > PP-EXT-TQN-TKGOMAS AUX,179296,e873c32e-5e0c-4f36-b2a7-48d4917bce06-0002bc60,Roofs,,Genérico - 400 mm,Genérico - 400 mm,,PP > PP-EXT-LGC-EXTRACCION > PP-EXT-LGC-DESGOMADO,contenedor_scoring,179296,e873c32e-5e0c-4f36-b2a7-48d4917bce06-0002bc60,PP > PP-EXT-LGC-EXTRACCION > PP-EXT-LGC-DESGOMADO,3,77,NO,200,0,200,ancestro_project_exacto,179296:200:PP > PP-EXT-LGC-EXTRACCION > PP-EXT-LGC-DESGOMADO,PP-EXT-LGC-DESGOMADO,Sin match puntual; contenedor único por ancestro Project PP-EXT-LGC-DESGOMADO.,contenedor_unico_ancestro,PP-EXT-LGC-DESGOMADO,179296,179296,,,un_elemento_revit_para_ancestro,PP,PP-EXT-LGC-EXTRACCION,PP-EXT-LGC-DESGOMADO,,,,,,,,,,,,,,,,,,,,,,,,,,,,,,,,,,,,,,,,,,,,,,,,,,,,,,,,,,,,,,,,,,,,,,,,,,,,,
contenedor_unico,contenedor_por_ancestro_project,PP-EXT-BMB-BO33A,BOMBA 33A GOMAS AUXILIARES TIRA GOMA A SALIDA DT | Grupo: PP-BMB ENGR BO33A,211,5,211,PP-EXT-TQN-TKGOMAS AUX,PP-EXT-TQN-TKGOMAS,PP-EXT-LGC-EXTRACCION > PP-EXT-LGC-DESGOMADO > PP-EXT-TQN-TKGOMAS,PP > PP-EXT-LGC-EXTRACCION > PP-EXT-LGC-DESGOMADO > PP-EXT-TQN-TKGOMAS AUX,PP > PP-EXT-LGC-EXTRACCION > PP-EXT-LGC-DESGOMADO > PP-EXT-TQN-TKGOMAS AUX > PP-EXT-BMB-BO33A,179296,e873c32e-5e0c-4f36-b2a7-48d4917bce06-0002bc60,Roofs,,Genérico - 400 mm,Genérico - 400 mm,,PP > PP-EXT-LGC-EXTRACCION > PP-EXT-LGC-DESGOMADO,contenedor_scoring,179296,e873c32e-5e0c-4f36-b2a7-48d4917bce06-0002bc60,PP > PP-EXT-LGC-EXTRACCION > PP-EXT-LGC-DESGOMADO,3,77,NO,200,0,200,ancestro_project_exacto,179296:200:PP > PP-EXT-LGC-EXTRACCION > PP-EXT-LGC-DESGOMADO,PP-EXT-LGC-DESGOMADO,Sin match puntual; contenedor único por ancestro Project PP-EXT-LGC-DESGOMADO.,contenedor_unico_ancestro,PP-EXT-LGC-DESGOMADO,179296,179296,,,un_elemento_revit_para_ancestro,PP,PP-EXT-LGC-EXTRACCION,PP-EXT-LGC-DESGOMADO,,,,,,,,,,,,,,,,,,,,,,,,,,,,,,,,,,,,,,,,,,,,,,,,,,,,,,,,,,,,,,,,,,,,,,,,,,,,,
contenedor_unico,contenedor_por_ancestro_project,PP-EXT-TQN-TKSODA,TANQUE TK05 DE SODA CAUSTICA | Grupo: PP-TNQ EXTRACCION,212,4,212,PP-EXT-LGC-DESGOMADO,PP-EXT-LGC-DESGOMADO,PP-EXT-LGC-EXTRACCION > PP-EXT-LGC-DESGOMADO,PP > PP-EXT-LGC-EXTRACCION > PP-EXT-LGC-DESGOMADO,PP > PP-EXT-LGC-EXTRACCION > PP-EXT-LGC-DESGOMADO > PP-EXT-TQN-TKSODA,179296,e873c32e-5e0c-4f36-b2a7-48d4917bce06-0002bc60,Roofs,,Genérico - 400 mm,Genérico - 400 mm,,PP > PP-EXT-LGC-EXTRACCION > PP-EXT-LGC-DESGOMADO,contenedor_scoring,179296,e873c32e-5e0c-4f36-b2a7-48d4917bce06-0002bc60,PP > PP-EXT-LGC-EXTRACCION > PP-EXT-LGC-DESGOMADO,3,77,NO,200,0,200,ancestro_project_exacto,179296:200:PP > PP-EXT-LGC-EXTRACCION > PP-EXT-LGC-DESGOMADO,PP-EXT-LGC-DESGOMADO,Sin match puntual; contenedor único por ancestro Project PP-EXT-LGC-DESGOMADO.,contenedor_unico_ancestro,PP-EXT-LGC-DESGOMADO,179296,179296,,,un_elemento_revit_para_ancestro,PP,PP-EXT-LGC-EXTRACCION,PP-EXT-LGC-DESGOMADO,,,,,,,,,,,,,,,,,,,,,,,,,,,,,,,,,,,,,,,,,,,,,,,,,,,,,,,,,,,,,,,,,,,,,,,,,,,,,
contenedor_unico,contenedor_por_ancestro_project,PP-EXT-BMB-BO45,BOMBA BO45 TK SODA CAUTICA | Grupo: PP-BMB CENTRIF BO45,213,5,213,PP-EXT-TQN-TKSODA,PP-EXT-TQN-TKSODA,PP-EXT-LGC-EXTRACCION > PP-EXT-LGC-DESGOMADO > PP-EXT-TQN-TKSODA,PP > PP-EXT-LGC-EXTRACCION > PP-EXT-LGC-DESGOMADO > PP-EXT-TQN-TKSODA,PP > PP-EXT-LGC-EXTRACCION > PP-EXT-LGC-DESGOMADO > PP-EXT-TQN-TKSODA > PP-EXT-BMB-BO45,179296,e873c32e-5e0c-4f36-b2a7-48d4917bce06-0002bc60,Roofs,,Genérico - 400 mm,Genérico - 400 mm,,PP > PP-EXT-LGC-EXTRACCION > PP-EXT-LGC-DESGOMADO,contenedor_scoring,179296,e873c32e-5e0c-4f36-b2a7-48d4917bce06-0002bc60,PP > PP-EXT-LGC-EXTRACCION > PP-EXT-LGC-DESGOMADO,3,77,NO,200,0,200,ancestro_project_exacto,179296:200:PP > PP-EXT-LGC-EXTRACCION > PP-EXT-LGC-DESGOMADO,PP-EXT-LGC-DESGOMADO,Sin match puntual; contenedor único por ancestro Project PP-EXT-LGC-DESGOMADO.,contenedor_unico_ancestro,PP-EXT-LGC-DESGOMADO,179296,179296,,,un_elemento_revit_para_ancestro,PP,PP-EXT-LGC-EXTRACCION,PP-EXT-LGC-DESGOMADO,,,,,,,,,,,,,,,,,,,,,,,,,,,,,,,,,,,,,,,,,,,,,,,,,,,,,,,,,,,,,,,,,,,,,,,,,,,,,
contenedor_unico,contenedor_por_ancestro_project,PP-EXT-VLV-FCV-540,VALVULA DE CONTROL DE CAUDAL DE AGUA HIDRATACION A GOMA | Grupo: PP-VLV CTROL EXT,214,4,214,PP-EXT-LGC-DESGOMADO,PP-EXT-LGC-DESGOMADO,PP-EXT-LGC-EXTRACCION > PP-EXT-LGC-DESGOMADO,PP > PP-EXT-LGC-EXTRACCION > PP-EXT-LGC-DESGOMADO,PP > PP-EXT-LGC-EXTRACCION > PP-EXT-LGC-DESGOMADO > PP-EXT-VLV-FCV-540,179296,e873c32e-5e0c-4f36-b2a7-48d4917bce06-0002bc60,Roofs,,Genérico - 400 mm,Genérico - 400 mm,,PP > PP-EXT-LGC-EXTRACCION > PP-EXT-LGC-DESGOMADO,contenedor_scoring,179296,e873c32e-5e0c-4f36-b2a7-48d4917bce06-0002bc60,PP > PP-EXT-LGC-EXTRACCION > PP-EXT-LGC-DESGOMADO,3,77,NO,200,0,200,ancestro_project_exacto,179296:200:PP > PP-EXT-LGC-EXTRACCION > PP-EXT-LGC-DESGOMADO,PP-EXT-LGC-DESGOMADO,Sin match puntual; contenedor único por ancestro Project PP-EXT-LGC-DESGOMADO.,contenedor_unico_ancestro,PP-EXT-LGC-DESGOMADO,179296,179296,,,un_elemento_revit_para_ancestro,PP,PP-EXT-LGC-EXTRACCION,PP-EXT-LGC-DESGOMADO,,,,,,,,,,,,,,,,,,,,,,,,,,,,,,,,,,,,,,,,,,,,,,,,,,,,,,,,,,,,,,,,,,,,,,,,,,,,,
contenedor_unico,contenedor_por_ancestro_project,PP-EXT-VLV-PCV-510,VALVULA AUTORREGULADORA PRESION VAPOR A CALENTADOR ACEITE | Grupo: PP-VLV CTROL EXT,215,4,215,PP-EXT-LGC-DESGOMADO,PP-EXT-LGC-DESGOMADO,PP-EXT-LGC-EXTRACCION > PP-EXT-LGC-DESGOMADO,PP > PP-EXT-LGC-EXTRACCION > PP-EXT-LGC-DESGOMADO,PP > PP-EXT-LGC-EXTRACCION > PP-EXT-LGC-DESGOMADO > PP-EXT-VLV-PCV-510,179296,e873c32e-5e0c-4f36-b2a7-48d4917bce06-0002bc60,Roofs,,Genérico - 400 mm,Genérico - 400 mm,,PP > PP-EXT-LGC-EXTRACCION > PP-EXT-LGC-DESGOMADO,contenedor_scoring,179296,e873c32e-5e0c-4f36-b2a7-48d4917bce06-0002bc60,PP > PP-EXT-LGC-EXTRACCION > PP-EXT-LGC-DESGOMADO,3,77,NO,200,0,200,ancestro_project_exacto,179296:200:PP > PP-EXT-LGC-EXTRACCION > PP-EXT-LGC-DESGOMADO,PP-EXT-LGC-DESGOMADO,Sin match puntual; contenedor único por ancestro Project PP-EXT-LGC-DESGOMADO.,contenedor_unico_ancestro,PP-EXT-LGC-DESGOMADO,179296,179296,,,un_elemento_revit_para_ancestro,PP,PP-EXT-LGC-EXTRACCION,PP-EXT-LGC-DESGOMADO,,,,,,,,,,,,,,,,,,,,,,,,,,,,,,,,,,,,,,,,,,,,,,,,,,,,,,,,,,,,,,,,,,,,,,,,,,,,,
contenedor_unico,contenedor_por_ancestro_project,PP-EXT-VLV-TCV-511,VALVULA DE CONTROL DE TEMPERATURA CALENTADOR DE ACEITE | Grupo: PP-VLV CTROL EXT,216,4,216,PP-EXT-LGC-DESGOMADO,PP-EXT-LGC-DESGOMADO,PP-EXT-LGC-EXTRACCION > PP-EXT-LGC-DESGOMADO,PP > PP-EXT-LGC-EXTRACCION > PP-EXT-LGC-DESGOMADO,PP > PP-EXT-LGC-EXTRACCION > PP-EXT-LGC-DESGOMADO > PP-EXT-VLV-TCV-511,179296,e873c32e-5e0c-4f36-b2a7-48d4917bce06-0002bc60,Roofs,,Genérico - 400 mm,Genérico - 400 mm,,PP > PP-EXT-LGC-EXTRACCION > PP-EXT-LGC-DESGOMADO,contenedor_scoring,179296,e873c32e-5e0c-4f36-b2a7-48d4917bce06-0002bc60,PP > PP-EXT-LGC-EXTRACCION > PP-EXT-LGC-DESGOMADO,3,77,NO,200,0,200,ancestro_project_exacto,179296:200:PP > PP-EXT-LGC-EXTRACCION > PP-EXT-LGC-DESGOMADO,PP-EXT-LGC-DESGOMADO,Sin match puntual; contenedor único por ancestro Project PP-EXT-LGC-DESGOMADO.,contenedor_unico_ancestro,PP-EXT-LGC-DESGOMADO,179296,179296,,,un_elemento_revit_para_ancestro,PP,PP-EXT-LGC-EXTRACCION,PP-EXT-LGC-DESGOMADO,,,,,,,,,,,,,,,,,,,,,,,,,,,,,,,,,,,,,,,,,,,,,,,,,,,,,,,,,,,,,,,,,,,,,,,,,,,,,
contenedor_unico,contenedor_por_ancestro_project,PP-EXT-VLV-TCV-512,VALVULA DE CONTROL DE TEMPERATURA DE AGUA DE HIDRATACION | Grupo: PP-VLV CTROL EXT,217,4,217,PP-EXT-LGC-DESGOMADO,PP-EXT-LGC-DESGOMADO,PP-EXT-LGC-EXTRACCION > PP-EXT-LGC-DESGOMADO,PP > PP-EXT-LGC-EXTRACCION > PP-EXT-LGC-DESGOMADO,PP > PP-EXT-LGC-EXTRACCION > PP-EXT-LGC-DESGOMADO > PP-EXT-VLV-TCV-512,179296,e873c32e-5e0c-4f36-b2a7-48d4917bce06-0002bc60,Roofs,,Genérico - 400 mm,Genérico - 400 mm,,PP > PP-EXT-LGC-EXTRACCION > PP-EXT-LGC-DESGOMADO,contenedor_scoring,179296,e873c32e-5e0c-4f36-b2a7-48d4917bce06-0002bc60,PP > PP-EXT-LGC-EXTRACCION > PP-EXT-LGC-DESGOMADO,3,77,NO,200,0,200,ancestro_project_exacto,179296:200:PP > PP-EXT-LGC-EXTRACCION > PP-EXT-LGC-DESGOMADO,PP-EXT-LGC-DESGOMADO,Sin match puntual; contenedor único por ancestro Project PP-EXT-LGC-DESGOMADO.,contenedor_unico_ancestro,PP-EXT-LGC-DESGOMADO,179296,179296,,,un_elemento_revit_para_ancestro,PP,PP-EXT-LGC-EXTRACCION,PP-EXT-LGC-DESGOMADO,,,,,,,,,,,,,,,,,,,,,,,,,,,,,,,,,,,,,,,,,,,,,,,,,,,,,,,,,,,,,,,,,,,,,,,,,,,,,
match_directo,elemento_puntual,PP-EXT-LGC-DESTILACION,SECTOR DESTILACION EXTRACCION PTA PTO | Grupo: PP-SECTOR DESTILACION,218,3,218,PP-EXT-LGC-EXTRACCION,PP-EXT-LGC-EXTRACCION,PP-EXT-LGC-EXTRACCION,PP > PP-EXT-LGC-EXTRACCION,PP > PP-EXT-LGC-EXTRACCION > PP-EXT-LGC-DESTILACION,366838,58a0c5ec-573a-4dcc-9a0e-9d96a2f21f89-000598f6,Roofs,,Genérico - 400 mm,Genérico - 400 mm,,PP > PP-EXT-LGC-EXTRACCION > PP-EXT-LGC-DESTILACION,btz_description_03,,,,,,,,,,,,,Coincidencia exacta única con elemento Revit.,match_directo,,,,,,match_puntual_unico,PP,PP-EXT-LGC-EXTRACCION,PP-EXT-LGC-DESTILACION,,,,,,,,,,,,,,,,,,,,,,,,,,,,,,,,,,,,,,,,,,,,,,,,,,,,,,,,,,,,,,,,,,,,,,,,,,,,,
contenedor_unico,contenedor_por_ancestro_project,PP-EXT-BMB-BO22,BOMBA CONDENSADORES EVAPORADORES | Grupo: PP-BMB CENTRIF BO22,219,4,219,PP-EXT-LGC-DESTILACION,PP-EXT-LGC-DESTILACION,PP-EXT-LGC-EXTRACCION > PP-EXT-LGC-DESTILACION,PP > PP-EXT-LGC-EXTRACCION > PP-EXT-LGC-DESTILACION,PP > PP-EXT-LGC-EXTRACCION > PP-EXT-LGC-DESTILACION > PP-EXT-BMB-BO22,366838,58a0c5ec-573a-4dcc-9a0e-9d96a2f21f89-000598f6,Roofs,,Genérico - 400 mm,Genérico - 400 mm,,PP > PP-EXT-LGC-EXTRACCION > PP-EXT-LGC-DESTILACION,contenedor_scoring,366838,58a0c5ec-573a-4dcc-9a0e-9d96a2f21f89-000598f6,PP > PP-EXT-LGC-EXTRACCION > PP-EXT-LGC-DESTILACION,3,77,NO,200,0,200,ancestro_project_exacto,366838:200:PP > PP-EXT-LGC-EXTRACCION > PP-EXT-LGC-DESTILACION,PP-EXT-LGC-DESTILACION,Sin match puntual; contenedor único por ancestro Project PP-EXT-LGC-DESTILACION.,contenedor_unico_ancestro,PP-EXT-LGC-DESTILACION,366838,366838,,,un_elemento_revit_para_ancestro,PP,PP-EXT-LGC-EXTRACCION,PP-EXT-LGC-DESTILACION,,,,,,,,,,,,,,,,,,,,,,,,,,,,,,,,,,,,,,,,,,,,,,,,,,,,,,,,,,,,,,,,,,,,,,,,,,,,,
contenedor_unico,contenedor_por_ancestro_project,PP-EXT-CDL-MASICO,CAUDALIMETRO MASICO PLANTA PUERTO | Grupo: PP-CDL MASICO,220,4,220,PP-EXT-LGC-DESTILACION,PP-EXT-LGC-DESTILACION,PP-EXT-LGC-EXTRACCION > PP-EXT-LGC-DESTILACION,PP > PP-EXT-LGC-EXTRACCION > PP-EXT-LGC-DESTILACION,PP > PP-EXT-LGC-EXTRACCION > PP-EXT-LGC-DESTILACION > PP-EXT-CDL-MASICO,366838,58a0c5ec-573a-4dcc-9a0e-9d96a2f21f89-000598f6,Roofs,,Genérico - 400 mm,Genérico - 400 mm,,PP > PP-EXT-LGC-EXTRACCION > PP-EXT-LGC-DESTILACION,contenedor_scoring,366838,58a0c5ec-573a-4dcc-9a0e-9d96a2f21f89-000598f6,PP > PP-EXT-LGC-EXTRACCION > PP-EXT-LGC-DESTILACION,3,77,NO,200,0,200,ancestro_project_exacto,366838:200:PP > PP-EXT-LGC-EXTRACCION > PP-EXT-LGC-DESTILACION,PP-EXT-LGC-DESTILACION,Sin match puntual; contenedor único por ancestro Project PP-EXT-LGC-DESTILACION.,contenedor_unico_ancestro,PP-EXT-LGC-DESTILACION,366838,366838,,,un_elemento_revit_para_ancestro,PP,PP-EXT-LGC-EXTRACCION,PP-EXT-LGC-DESTILACION,,,,,,,,,,,,,,,,,,,,,,,,,,,,,,,,,,,,,,,,,,,,,,,,,,,,,,,,,,,,,,,,,,,,,,,,,,,,,
contenedor_unico,contenedor_por_ancestro_project,PP-EXT-EVP-EV01,EVAPORADOR EV01 1RA ETAPA | Grupo: PP-EVP EVP DESTILACION,223,4,223,PP-EXT-LGC-DESTILACION,PP-EXT-LGC-DESTILACION,PP-EXT-LGC-EXTRACCION > PP-EXT-LGC-DESTILACION,PP > PP-EXT-LGC-EXTRACCION > PP-EXT-LGC-DESTILACION,PP > PP-EXT-LGC-EXTRACCION > PP-EXT-LGC-DESTILACION > PP-EXT-EVP-EV01,366838,58a0c5ec-573a-4dcc-9a0e-9d96a2f21f89-000598f6,Roofs,,Genérico - 400 mm,Genérico - 400 mm,,PP > PP-EXT-LGC-EXTRACCION > PP-EXT-LGC-DESTILACION,contenedor_scoring,366838,58a0c5ec-573a-4dcc-9a0e-9d96a2f21f89-000598f6,PP > PP-EXT-LGC-EXTRACCION > PP-EXT-LGC-DESTILACION,3,77,NO,200,0,200,ancestro_project_exacto,366838:200:PP > PP-EXT-LGC-EXTRACCION > PP-EXT-LGC-DESTILACION,PP-EXT-LGC-DESTILACION,Sin match puntual; contenedor único por ancestro Project PP-EXT-LGC-DESTILACION.,contenedor_unico_ancestro,PP-EXT-LGC-DESTILACION,366838,366838,,,un_elemento_revit_para_ancestro,PP,PP-EXT-LGC-EXTRACCION,PP-EXT-LGC-DESTILACION,,,,,,,,,,,,,,,,,,,,,,,,,,,,,,,,,,,,,,,,,,,,,,,,,,,,,,,,,,,,,,,,,,,,,,,,,,,,,
contenedor_unico,contenedor_por_ancestro_project,PP-EXT-EVP-EV02,EVAPORADOR EV02  2DA ETAPA | Grupo: PP-EVP EVP DESTILACION,225,4,225,PP-EXT-LGC-DESTILACION,PP-EXT-LGC-DESTILACION,PP-EXT-LGC-EXTRACCION > PP-EXT-LGC-DESTILACION,PP > PP-EXT-LGC-EXTRACCION > PP-EXT-LGC-DESTILACION,PP > PP-EXT-LGC-EXTRACCION > PP-EXT-LGC-DESTILACION > PP-EXT-EVP-EV02,366838,58a0c5ec-573a-4dcc-9a0e-9d96a2f21f89-000598f6,Roofs,,Genérico - 400 mm,Genérico - 400 mm,,PP > PP-EXT-LGC-EXTRACCION > PP-EXT-LGC-DESTILACION,contenedor_scoring,366838,58a0c5ec-573a-4dcc-9a0e-9d96a2f21f89-000598f6,PP > PP-EXT-LGC-EXTRACCION > PP-EXT-LGC-DESTILACION,3,77,NO,200,0,200,ancestro_project_exacto,366838:200:PP > PP-EXT-LGC-EXTRACCION > PP-EXT-LGC-DESTILACION,PP-EXT-LGC-DESTILACION,Sin match puntual; contenedor único por ancestro Project PP-EXT-LGC-DESTILACION.,contenedor_unico_ancestro,PP-EXT-LGC-DESTILACION,366838,366838,,,un_elemento_revit_para_ancestro,PP,PP-EXT-LGC-EXTRACCION,PP-EXT-LGC-DESTILACION,,,,,,,,,,,,,,,,,,,,,,,,,,,,,,,,,,,,,,,,,,,,,,,,,,,,,,,,,,,,,,,,,,,,,,,,,,,,,
contenedor_unico,contenedor_por_ancestro_project,PP-EXT-BMB-BO20,BOMBA EVAPORADOR SEGUNDA ETAPA | Grupo: PP-BMB CENTRIF BO20,226,5,226,PP-EXT-EVP-EV02,PP-EXT-EVP-EV02,PP-EXT-LGC-EXTRACCION > PP-EXT-LGC-DESTILACION > PP-EXT-EVP-EV02,PP > PP-EXT-LGC-EXTRACCION > PP-EXT-LGC-DESTILACION > PP-EXT-EVP-EV02,PP > PP-EXT-LGC-EXTRACCION > PP-EXT-LGC-DESTILACION > PP-EXT-EVP-EV02 > PP-EXT-BMB-BO20,366838,58a0c5ec-573a-4dcc-9a0e-9d96a2f21f89-000598f6,Roofs,,Genérico - 400 mm,Genérico - 400 mm,,PP > PP-EXT-LGC-EXTRACCION > PP-EXT-LGC-DESTILACION,contenedor_scoring,366838,58a0c5ec-573a-4dcc-9a0e-9d96a2f21f89-000598f6,PP > PP-EXT-LGC-EXTRACCION > PP-EXT-LGC-DESTILACION,3,77,NO,200,0,200,ancestro_project_exacto,366838:200:PP > PP-EXT-LGC-EXTRACCION > PP-EXT-LGC-DESTILACION,PP-EXT-LGC-DESTILACION,Sin match puntual; contenedor único por ancestro Project PP-EXT-LGC-DESTILACION.,contenedor_unico_ancestro,PP-EXT-LGC-DESTILACION,366838,366838,,,un_elemento_revit_para_ancestro,PP,PP-EXT-LGC-EXTRACCION,PP-EXT-LGC-DESTILACION,,,,,,,,,,,,,,,,,,,,,,,,,,,,,,,,,,,,,,,,,,,,,,,,,,,,,,,,,,,,,,,,,,,,,,,,,,,,,
contenedor_unico,contenedor_por_ancestro_project,PP-EXT-VLV-VSEV02,VALVULA DE SEGURIDAD EVAPORADOR EV02 | Grupo: PP-VLV SEG EV02,228,5,228,PP-EXT-EVP-EV02,PP-EXT-EVP-EV02,PP-EXT-LGC-EXTRACCION > PP-EXT-LGC-DESTILACION > PP-EXT-EVP-EV02,PP > PP-EXT-LGC-EXTRACCION > PP-EXT-LGC-DESTILACION > PP-EXT-EVP-EV02,PP > PP-EXT-LGC-EXTRACCION > PP-EXT-LGC-DESTILACION > PP-EXT-EVP-EV02 > PP-EXT-VLV-VSEV02,366838,58a0c5ec-573a-4dcc-9a0e-9d96a2f21f89-000598f6,Roofs,,Genérico - 400 mm,Genérico - 400 mm,,PP > PP-EXT-LGC-EXTRACCION > PP-EXT-LGC-DESTILACION,contenedor_scoring,366838,58a0c5ec-573a-4dcc-9a0e-9d96a2f21f89-000598f6,PP > PP-EXT-LGC-EXTRACCION > PP-EXT-LGC-DESTILACION,3,77,NO,200,0,200,ancestro_project_exacto,366838:200:PP > PP-EXT-LGC-EXTRACCION > PP-EXT-LGC-DESTILACION,PP-EXT-LGC-DESTILACION,Sin match puntual; contenedor único por ancestro Project PP-EXT-LGC-DESTILACION.,contenedor_unico_ancestro,PP-EXT-LGC-DESTILACION,366838,366838,,,un_elemento_revit_para_ancestro,PP,PP-EXT-LGC-EXTRACCION,PP-EXT-LGC-DESTILACION,,,,,,,,,,,,,,,,,,,,,,,,,,,,,,,,,,,,,,,,,,,,,,,,,,,,,,,,,,,,,,,,,,,,,,,,,,,,,
contenedor_unico,contenedor_por_ancestro_project,PP-EXT-EVP-EV03,EVAPORADOR EV03  3RA  ETAPA | Grupo: PP-EVP EVP DESTILACION,229,4,229,PP-EXT-LGC-DESTILACION,PP-EXT-LGC-DESTILACION,PP-EXT-LGC-EXTRACCION > PP-EXT-LGC-DESTILACION,PP > PP-EXT-LGC-EXTRACCION > PP-EXT-LGC-DESTILACION,PP > PP-EXT-LGC-EXTRACCION > PP-EXT-LGC-DESTILACION > PP-EXT-EVP-EV03,366838,58a0c5ec-573a-4dcc-9a0e-9d96a2f21f89-000598f6,Roofs,,Genérico - 400 mm,Genérico - 400 mm,,PP > PP-EXT-LGC-EXTRACCION > PP-EXT-LGC-DESTILACION,contenedor_scoring,366838,58a0c5ec-573a-4dcc-9a0e-9d96a2f21f89-000598f6,PP > PP-EXT-LGC-EXTRACCION > PP-EXT-LGC-DESTILACION,3,77,NO,200,0,200,ancestro_project_exacto,366838:200:PP > PP-EXT-LGC-EXTRACCION > PP-EXT-LGC-DESTILACION,PP-EXT-LGC-DESTILACION,Sin match puntual; contenedor único por ancestro Project PP-EXT-LGC-DESTILACION.,contenedor_unico_ancestro,PP-EXT-LGC-DESTILACION,366838,366838,,,un_elemento_revit_para_ancestro,PP,PP-EXT-LGC-EXTRACCION,PP-EXT-LGC-DESTILACION,,,,,,,,,,,,,,,,,,,,,,,,,,,,,,,,,,,,,,,,,,,,,,,,,,,,,,,,,,,,,,,,,,,,,,,,,,,,,
contenedor_unico,contenedor_por_ancestro_project,PP-EXT-BMB-BO50,BOMBA EVAPORADOR 3 ETAPA | Grupo: PP-BMB CENTRIF BO50E,230,5,230,PP-EXT-EVP-EV03,PP-EXT-EVP-EV03,PP-EXT-LGC-EXTRACCION > PP-EXT-LGC-DESTILACION > PP-EXT-EVP-EV03,PP > PP-EXT-LGC-EXTRACCION > PP-EXT-LGC-DESTILACION > PP-EXT-EVP-EV03,PP > PP-EXT-LGC-EXTRACCION > PP-EXT-LGC-DESTILACION > PP-EXT-EVP-EV03 > PP-EXT-BMB-BO50 E,366838,58a0c5ec-573a-4dcc-9a0e-9d96a2f21f89-000598f6,Roofs,,Genérico - 400 mm,Genérico - 400 mm,,PP > PP-EXT-LGC-EXTRACCION > PP-EXT-LGC-DESTILACION,contenedor_scoring,366838,58a0c5ec-573a-4dcc-9a0e-9d96a2f21f89-000598f6,PP > PP-EXT-LGC-EXTRACCION > PP-EXT-LGC-DESTILACION,3,77,NO,200,0,200,ancestro_project_exacto,366838:200:PP > PP-EXT-LGC-EXTRACCION > PP-EXT-LGC-DESTILACION,PP-EXT-LGC-DESTILACION,Sin match puntual; contenedor único por ancestro Project PP-EXT-LGC-DESTILACION.,contenedor_unico_ancestro,PP-EXT-LGC-DESTILACION,366838,366838,,,un_elemento_revit_para_ancestro,PP,PP-EXT-LGC-EXTRACCION,PP-EXT-LGC-DESTILACION,,,,,,,,,,,,,,,,,,,,,,,,,,,,,,,,,,,,,,,,,,,,,,,,,,,,,,,,,,,,,,,,,,,,,,,,,,,,,
contenedor_unico,contenedor_por_ancestro_project,PP-EXT-PRC-PRECALEN,PRECALENTADOR DE SOLVENTE NRO 1 | Grupo: PP-PRC-PRECAL SOLVENTE,232,4,232,PP-EXT-LGC-DESTILACION,PP-EXT-LGC-DESTILACION,PP-EXT-LGC-EXTRACCION > PP-EXT-LGC-DESTILACION,PP > PP-EXT-LGC-EXTRACCION > PP-EXT-LGC-DESTILACION,PP > PP-EXT-LGC-EXTRACCION > PP-EXT-LGC-DESTILACION > PP-EXT-PRC-PRECALEN SOLV,366838,58a0c5ec-573a-4dcc-9a0e-9d96a2f21f89-000598f6,Roofs,,Genérico - 400 mm,Genérico - 400 mm,,PP > PP-EXT-LGC-EXTRACCION > PP-EXT-LGC-DESTILACION,contenedor_scoring,366838,58a0c5ec-573a-4dcc-9a0e-9d96a2f21f89-000598f6,PP > PP-EXT-LGC-EXTRACCION > PP-EXT-LGC-DESTILACION,3,77,NO,200,0,200,ancestro_project_exacto,366838:200:PP > PP-EXT-LGC-EXTRACCION > PP-EXT-LGC-DESTILACION,PP-EXT-LGC-DESTILACION,Código repetido en Project 2 veces. Sin match puntual; contenedor único por ancestro Project PP-EXT-LGC-DESTILACION.,contenedor_unico_ancestro,PP-EXT-LGC-DESTILACION,366838,366838,,,un_elemento_revit_para_ancestro,PP,PP-EXT-LGC-EXTRACCION,PP-EXT-LGC-DESTILACION,,,,,,,,,,,,,,,,,,,,,,,,,,,,,,,,,,,,,,,,,,,,,,,,,,,,,,,,,,,,,,,,,,,,,,,,,,,,,
contenedor_unico,contenedor_por_ancestro_project,PP-EXT-STR-STRIPPER,STRIPPER ST01 AC. VEGETAL | Grupo: PP-STR STRIPPER VEGETAL,234,4,234,PP-EXT-LGC-DESTILACION,PP-EXT-LGC-DESTILACION,PP-EXT-LGC-EXTRACCION > PP-EXT-LGC-DESTILACION,PP > PP-EXT-LGC-EXTRACCION > PP-EXT-LGC-DESTILACION,PP > PP-EXT-LGC-EXTRACCION > PP-EXT-LGC-DESTILACION > PP-EXT-STR-STRIPPER VEGERTAL,366838,58a0c5ec-573a-4dcc-9a0e-9d96a2f21f89-000598f6,Roofs,,Genérico - 400 mm,Genérico - 400 mm,,PP > PP-EXT-LGC-EXTRACCION > PP-EXT-LGC-DESTILACION,contenedor_scoring,366838,58a0c5ec-573a-4dcc-9a0e-9d96a2f21f89-000598f6,PP > PP-EXT-LGC-EXTRACCION > PP-EXT-LGC-DESTILACION,3,77,NO,200,0,200,ancestro_project_exacto,366838:200:PP > PP-EXT-LGC-EXTRACCION > PP-EXT-LGC-DESTILACION,PP-EXT-LGC-DESTILACION,Código repetido en Project 2 veces. Sin match puntual; contenedor único por ancestro Project PP-EXT-LGC-DESTILACION.,contenedor_unico_ancestro,PP-EXT-LGC-DESTILACION,366838,366838,,,un_elemento_revit_para_ancestro,PP,PP-EXT-LGC-EXTRACCION,PP-EXT-LGC-DESTILACION,,,,,,,,,,,,,,,,,,,,,,,,,,,,,,,,,,,,,,,,,,,,,,,,,,,,,,,,,,,,,,,,,,,,,,,,,,,,,
contenedor_unico,contenedor_por_ancestro_project,PP-EXT-BMB-BO21,BOMBA STRIPPER DE ACEITE | Grupo: PP-BMB CENTRIF BO21,235,5,235,PP-EXT-STR-STRIPPER VEGERTAL,PP-EXT-STR-STRIPPER,PP-EXT-LGC-EXTRACCION > PP-EXT-LGC-DESTILACION > PP-EXT-STR-STRIPPER,PP > PP-EXT-LGC-EXTRACCION > PP-EXT-LGC-DESTILACION > PP-EXT-STR-STRIPPER VEGERTAL,PP > PP-EXT-LGC-EXTRACCION > PP-EXT-LGC-DESTILACION > PP-EXT-STR-STRIPPER VEGERTAL > PP-EXT-BMB-BO21,366838,58a0c5ec-573a-4dcc-9a0e-9d96a2f21f89-000598f6,Roofs,,Genérico - 400 mm,Genérico - 400 mm,,PP > PP-EXT-LGC-EXTRACCION > PP-EXT-LGC-DESTILACION,contenedor_scoring,366838,58a0c5ec-573a-4dcc-9a0e-9d96a2f21f89-000598f6,PP > PP-EXT-LGC-EXTRACCION > PP-EXT-LGC-DESTILACION,3,77,NO,200,0,200,ancestro_project_exacto,366838:200:PP > PP-EXT-LGC-EXTRACCION > PP-EXT-LGC-DESTILACION,PP-EXT-LGC-DESTILACION,Sin match puntual; contenedor único por ancestro Project PP-EXT-LGC-DESTILACION.,contenedor_unico_ancestro,PP-EXT-LGC-DESTILACION,366838,366838,,,un_elemento_revit_para_ancestro,PP,PP-EXT-LGC-EXTRACCION,PP-EXT-LGC-DESTILACION,,,,,,,,,,,,,,,,,,,,,,,,,,,,,,,,,,,,,,,,,,,,,,,,,,,,,,,,,,,,,,,,,,,,,,,,,,,,,
contenedor_unico,contenedor_por_ancestro_project,PP-EXT-VLV-LCV-230,VALVULA DE CONTROL MISCELA A EVPORADOR 1RA ETAPA | Grupo: PP-VLV CTROL EXT,237,4,237,PP-EXT-LGC-DESTILACION,PP-EXT-LGC-DESTILACION,PP-EXT-LGC-EXTRACCION > PP-EXT-LGC-DESTILACION,PP > PP-EXT-LGC-EXTRACCION > PP-EXT-LGC-DESTILACION,PP > PP-EXT-LGC-EXTRACCION > PP-EXT-LGC-DESTILACION > PP-EXT-VLV-LCV-230,366838,58a0c5ec-573a-4dcc-9a0e-9d96a2f21f89-000598f6,Roofs,,Genérico - 400 mm,Genérico - 400 mm,,PP > PP-EXT-LGC-EXTRACCION > PP-EXT-LGC-DESTILACION,contenedor_scoring,366838,58a0c5ec-573a-4dcc-9a0e-9d96a2f21f89-000598f6,PP > PP-EXT-LGC-EXTRACCION > PP-EXT-LGC-DESTILACION,3,77,NO,200,0,200,ancestro_project_exacto,366838:200:PP > PP-EXT-LGC-EXTRACCION > PP-EXT-LGC-DESTILACION,PP-EXT-LGC-DESTILACION,Sin match puntual; contenedor único por ancestro Project PP-EXT-LGC-DESTILACION.,contenedor_unico_ancestro,PP-EXT-LGC-DESTILACION,366838,366838,,,un_elemento_revit_para_ancestro,PP,PP-EXT-LGC-EXTRACCION,PP-EXT-LGC-DESTILACION,,,,,,,,,,,,,,,,,,,,,,,,,,,,,,,,,,,,,,,,,,,,,,,,,,,,,,,,,,,,,,,,,,,,,,,,,,,,,
contenedor_unico,contenedor_por_ancestro_project,PP-EXT-VLV-LCV-232,VALVULA DE CONTROL DE NIVEL DE 2DO EVAPORADOR | Grupo: PP-VLV CTROL EXT,238,4,238,PP-EXT-LGC-DESTILACION,PP-EXT-LGC-DESTILACION,PP-EXT-LGC-EXTRACCION > PP-EXT-LGC-DESTILACION,PP > PP-EXT-LGC-EXTRACCION > PP-EXT-LGC-DESTILACION,PP > PP-EXT-LGC-EXTRACCION > PP-EXT-LGC-DESTILACION > PP-EXT-VLV-LCV-232,366838,58a0c5ec-573a-4dcc-9a0e-9d96a2f21f89-000598f6,Roofs,,Genérico - 400 mm,Genérico - 400 mm,,PP > PP-EXT-LGC-EXTRACCION > PP-EXT-LGC-DESTILACION,contenedor_scoring,366838,58a0c5ec-573a-4dcc-9a0e-9d96a2f21f89-000598f6,PP > PP-EXT-LGC-EXTRACCION > PP-EXT-LGC-DESTILACION,3,77,NO,200,0,200,ancestro_project_exacto,366838:200:PP > PP-EXT-LGC-EXTRACCION > PP-EXT-LGC-DESTILACION,PP-EXT-LGC-DESTILACION,Sin match puntual; contenedor único por ancestro Project PP-EXT-LGC-DESTILACION.,contenedor_unico_ancestro,PP-EXT-LGC-DESTILACION,366838,366838,,,un_elemento_revit_para_ancestro,PP,PP-EXT-LGC-EXTRACCION,PP-EXT-LGC-DESTILACION,,,,,,,,,,,,,,,,,,,,,,,,,,,,,,,,,,,,,,,,,,,,,,,,,,,,,,,,,,,,,,,,,,,,,,,,,,,,,
contenedor_unico,contenedor_por_ancestro_project,PP-EXT-VLV-LCV-233,VALVULA DE CONTROL DE NIVEL DE EVAPORADOR 3º ETAPA | Grupo: PP-VLV CTROL EXT,239,4,239,PP-EXT-LGC-DESTILACION,PP-EXT-LGC-DESTILACION,PP-EXT-LGC-EXTRACCION > PP-EXT-LGC-DESTILACION,PP > PP-EXT-LGC-EXTRACCION > PP-EXT-LGC-DESTILACION,PP > PP-EXT-LGC-EXTRACCION > PP-EXT-LGC-DESTILACION > PP-EXT-VLV-LCV-233,366838,58a0c5ec-573a-4dcc-9a0e-9d96a2f21f89-000598f6,Roofs,,Genérico - 400 mm,Genérico - 400 mm,,PP > PP-EXT-LGC-EXTRACCION > PP-EXT-LGC-DESTILACION,contenedor_scoring,366838,58a0c5ec-573a-4dcc-9a0e-9d96a2f21f89-000598f6,PP > PP-EXT-LGC-EXTRACCION > PP-EXT-LGC-DESTILACION,3,77,NO,200,0,200,ancestro_project_exacto,366838:200:PP > PP-EXT-LGC-EXTRACCION > PP-EXT-LGC-DESTILACION,PP-EXT-LGC-DESTILACION,Sin match puntual; contenedor único por ancestro Project PP-EXT-LGC-DESTILACION.,contenedor_unico_ancestro,PP-EXT-LGC-DESTILACION,366838,366838,,,un_elemento_revit_para_ancestro,PP,PP-EXT-LGC-EXTRACCION,PP-EXT-LGC-DESTILACION,,,,,,,,,,,,,,,,,,,,,,,,,,,,,,,,,,,,,,,,,,,,,,,,,,,,,,,,,,,,,,,,,,,,,,,,,,,,,
contenedor_unico,contenedor_por_ancestro_project,PP-EXT-VLV-LCV-234,VALVULA DE CONTROL DE NIVEL DE STRIPPER | Grupo: PP-VLV CTROL EXT,240,4,240,PP-EXT-LGC-DESTILACION,PP-EXT-LGC-DESTILACION,PP-EXT-LGC-EXTRACCION > PP-EXT-LGC-DESTILACION,PP > PP-EXT-LGC-EXTRACCION > PP-EXT-LGC-DESTILACION,PP > PP-EXT-LGC-EXTRACCION > PP-EXT-LGC-DESTILACION > PP-EXT-VLV-LCV-234,366838,58a0c5ec-573a-4dcc-9a0e-9d96a2f21f89-000598f6,Roofs,,Genérico - 400 mm,Genérico - 400 mm,,PP > PP-EXT-LGC-EXTRACCION > PP-EXT-LGC-DESTILACION,contenedor_scoring,366838,58a0c5ec-573a-4dcc-9a0e-9d96a2f21f89-000598f6,PP > PP-EXT-LGC-EXTRACCION > PP-EXT-LGC-DESTILACION,3,77,NO,200,0,200,ancestro_project_exacto,366838:200:PP > PP-EXT-LGC-EXTRACCION > PP-EXT-LGC-DESTILACION,PP-EXT-LGC-DESTILACION,Sin match puntual; contenedor único por ancestro Project PP-EXT-LGC-DESTILACION.,contenedor_unico_ancestro,PP-EXT-LGC-DESTILACION,366838,366838,,,un_elemento_revit_para_ancestro,PP,PP-EXT-LGC-EXTRACCION,PP-EXT-LGC-DESTILACION,,,,,,,,,,,,,,,,,,,,,,,,,,,,,,,,,,,,,,,,,,,,,,,,,,,,,,,,,,,,,,,,,,,,,,,,,,,,,
contenedor_unico,contenedor_por_ancestro_project,PP-EXT-VLV-PCV-010,VALVULA AUTORREGULADORA PRESION VAPOR CALENTADOR DE SOLVENTE | Grupo: PP-VLV CTROL EXT,241,4,241,PP-EXT-LGC-DESTILACION,PP-EXT-LGC-DESTILACION,PP-EXT-LGC-EXTRACCION > PP-EXT-LGC-DESTILACION,PP > PP-EXT-LGC-EXTRACCION > PP-EXT-LGC-DESTILACION,PP > PP-EXT-LGC-EXTRACCION > PP-EXT-LGC-DESTILACION > PP-EXT-VLV-PCV-010,366838,58a0c5ec-573a-4dcc-9a0e-9d96a2f21f89-000598f6,Roofs,,Genérico - 400 mm,Genérico - 400 mm,,PP > PP-EXT-LGC-EXTRACCION > PP-EXT-LGC-DESTILACION,contenedor_scoring,366838,58a0c5ec-573a-4dcc-9a0e-9d96a2f21f89-000598f6,PP > PP-EXT-LGC-EXTRACCION > PP-EXT-LGC-DESTILACION,3,77,NO,200,0,200,ancestro_project_exacto,366838:200:PP > PP-EXT-LGC-EXTRACCION > PP-EXT-LGC-DESTILACION,PP-EXT-LGC-DESTILACION,Sin match puntual; contenedor único por ancestro Project PP-EXT-LGC-DESTILACION.,contenedor_unico_ancestro,PP-EXT-LGC-DESTILACION,366838,366838,,,un_elemento_revit_para_ancestro,PP,PP-EXT-LGC-EXTRACCION,PP-EXT-LGC-DESTILACION,,,,,,,,,,,,,,,,,,,,,,,,,,,,,,,,,,,,,,,,,,,,,,,,,,,,,,,,,,,,,,,,,,,,,,,,,,,,,
contenedor_unico,contenedor_por_ancestro_project,PP-EXT-VLV-SOV-214,VALVULA ON-OFF VAPOR STRIPPER | Grupo: PP-VLV CTROL EXT,242,4,242,PP-EXT-LGC-DESTILACION,PP-EXT-LGC-DESTILACION,PP-EXT-LGC-EXTRACCION > PP-EXT-LGC-DESTILACION,PP > PP-EXT-LGC-EXTRACCION > PP-EXT-LGC-DESTILACION,PP > PP-EXT-LGC-EXTRACCION > PP-EXT-LGC-DESTILACION > PP-EXT-VLV-SOV-214 VS04,366838,58a0c5ec-573a-4dcc-9a0e-9d96a2f21f89-000598f6,Roofs,,Genérico - 400 mm,Genérico - 400 mm,,PP > PP-EXT-LGC-EXTRACCION > PP-EXT-LGC-DESTILACION,contenedor_scoring,366838,58a0c5ec-573a-4dcc-9a0e-9d96a2f21f89-000598f6,PP > PP-EXT-LGC-EXTRACCION > PP-EXT-LGC-DESTILACION,3,77,NO,200,0,200,ancestro_project_exacto,366838:200:PP > PP-EXT-LGC-EXTRACCION > PP-EXT-LGC-DESTILACION,PP-EXT-LGC-DESTILACION,Sin match puntual; contenedor único por ancestro Project PP-EXT-LGC-DESTILACION.,contenedor_unico_ancestro,PP-EXT-LGC-DESTILACION,366838,366838,,,un_elemento_revit_para_ancestro,PP,PP-EXT-LGC-EXTRACCION,PP-EXT-LGC-DESTILACION,,,,,,,,,,,,,,,,,,,,,,,,,,,,,,,,,,,,,,,,,,,,,,,,,,,,,,,,,,,,,,,,,,,,,,,,,,,,,
contenedor_unico,contenedor_por_ancestro_project,PP-EXT-VLV-TCV-011,VALVULA DE CONTROL DE TEMPERATURA DE CALENTADOR DE SOLVENTE | Grupo: PP-VLV CTROL EXT,243,4,243,PP-EXT-LGC-DESTILACION,PP-EXT-LGC-DESTILACION,PP-EXT-LGC-EXTRACCION > PP-EXT-LGC-DESTILACION,PP > PP-EXT-LGC-EXTRACCION > PP-EXT-LGC-DESTILACION,PP > PP-EXT-LGC-EXTRACCION > PP-EXT-LGC-DESTILACION > PP-EXT-VLV-TCV-011,366838,58a0c5ec-573a-4dcc-9a0e-9d96a2f21f89-000598f6,Roofs,,Genérico - 400 mm,Genérico - 400 mm,,PP > PP-EXT-LGC-EXTRACCION > PP-EXT-LGC-DESTILACION,contenedor_scoring,366838,58a0c5ec-573a-4dcc-9a0e-9d96a2f21f89-000598f6,PP > PP-EXT-LGC-EXTRACCION > PP-EXT-LGC-DESTILACION,3,77,NO,200,0,200,ancestro_project_exacto,366838:200:PP > PP-EXT-LGC-EXTRACCION > PP-EXT-LGC-DESTILACION,PP-EXT-LGC-DESTILACION,Sin match puntual; contenedor único por ancestro Project PP-EXT-LGC-DESTILACION.,contenedor_unico_ancestro,PP-EXT-LGC-DESTILACION,366838,366838,,,un_elemento_revit_para_ancestro,PP,PP-EXT-LGC-EXTRACCION,PP-EXT-LGC-DESTILACION,,,,,,,,,,,,,,,,,,,,,,,,,,,,,,,,,,,,,,,,,,,,,,,,,,,,,,,,,,,,,,,,,,,,,,,,,,,,,
contenedor_unico,contenedor_por_ancestro_project,PP-EXT-VLV-TCV-212,VALVULA DE CONTROL TEMPERATURA VAPOR AL EVAP. DE 2DO ETAPA | Grupo: PP-VLV CTROL EXT,244,4,244,PP-EXT-LGC-DESTILACION,PP-EXT-LGC-DESTILACION,PP-EXT-LGC-EXTRACCION > PP-EXT-LGC-DESTILACION,PP > PP-EXT-LGC-EXTRACCION > PP-EXT-LGC-DESTILACION,PP > PP-EXT-LGC-EXTRACCION > PP-EXT-LGC-DESTILACION > PP-EXT-VLV-TCV-212,366838,58a0c5ec-573a-4dcc-9a0e-9d96a2f21f89-000598f6,Roofs,,Genérico - 400 mm,Genérico - 400 mm,,PP > PP-EXT-LGC-EXTRACCION > PP-EXT-LGC-DESTILACION,contenedor_scoring,366838,58a0c5ec-573a-4dcc-9a0e-9d96a2f21f89-000598f6,PP > PP-EXT-LGC-EXTRACCION > PP-EXT-LGC-DESTILACION,3,77,NO,200,0,200,ancestro_project_exacto,366838:200:PP > PP-EXT-LGC-EXTRACCION > PP-EXT-LGC-DESTILACION,PP-EXT-LGC-DESTILACION,Sin match puntual; contenedor único por ancestro Project PP-EXT-LGC-DESTILACION.,contenedor_unico_ancestro,PP-EXT-LGC-DESTILACION,366838,366838,,,un_elemento_revit_para_ancestro,PP,PP-EXT-LGC-EXTRACCION,PP-EXT-LGC-DESTILACION,,,,,,,,,,,,,,,,,,,,,,,,,,,,,,,,,,,,,,,,,,,,,,,,,,,,,,,,,,,,,,,,,,,,,,,,,,,,,
match_directo,elemento_puntual,PP-EXT-LGC-RECUP,SECTOR RECUPERACION DE GASES EXTRACCION PTA PTO | Grupo: PP-SECTOR RECUP GASES,245,3,245,PP-EXT-LGC-EXTRACCION,PP-EXT-LGC-EXTRACCION,PP-EXT-LGC-EXTRACCION,PP > PP-EXT-LGC-EXTRACCION,PP > PP-EXT-LGC-EXTRACCION > PP-EXT-LGC-RECUP GASES,366791,58a0c5ec-573a-4dcc-9a0e-9d96a2f21f89-000598c7,Roofs,,Genérico - 400 mm,Genérico - 400 mm,,PP > PP-EXT-LGC-EXTRACCION > PP-EXT-LGC-RECUP GASES,btz_description_03,,,,,,,,,,,,,Coincidencia exacta única con elemento Revit.,match_directo,,,,,,match_puntual_unico,PP,PP-EXT-LGC-EXTRACCION,PP-EXT-LGC-RECUP GASES,,,,,,,,,,,,,,,,,,,,,,,,,,,,,,,,,,,,,,,,,,,,,,,,,,,,,,,,,,,,,,,,,,,,,,,,,,,,,
contenedor_logico_duplicado_distributed,contenedor_por_ancestro_project,PP-EXT-ABS-ABSOV,ABSORVEDOR AB02 DE MINERAL | Grupo: PP-ABS ABSORV. MINERAL,246,4,246,PP-EXT-LGC-RECUP GASES,PP-EXT-LGC-RECUP,PP-EXT-LGC-EXTRACCION > PP-EXT-LGC-RECUP,PP > PP-EXT-LGC-EXTRACCION > PP-EXT-LGC-RECUP GASES,PP > PP-EXT-LGC-EXTRACCION > PP-EXT-LGC-RECUP GASES > PP-EXT-ABS-ABSOV MINERAL,179296,e873c32e-5e0c-4f36-b2a7-48d4917bce06-0002bc60,Roofs,,Genérico - 400 mm,Genérico - 400 mm,,PP > PP-EXT-LGC-EXTRACCION > PP-EXT-LGC-DESGOMADO,contenedor_scoring,179296,e873c32e-5e0c-4f36-b2a7-48d4917bce06-0002bc60,PP > PP-EXT-LGC-EXTRACCION > PP-EXT-LGC-DESGOMADO,3,77,NO,200,200,0,cluster_logico_mismo_sector,179296:200:PP > PP-EXT-LGC-EXTRACCION > PP-EXT-LGC-DESGOMADO || 179346:200:PP > PP-EXT-LGC-EXTRACCION > PP-EXT-EXT-EX01 EXTRACTOR || 366559:200:PP > PP-EXT-LGC-EXTRACCION > PP-EXT-LGC-SOLVENTE || 366791:200:PP > PP-EXT-LGC-EXTRACCION > PP-EXT-LGC-RECUP GASES || 366838:200:PP > PP-EXT-LGC-EXTRACCION > PP-EXT-LGC-DESTILACION || 366859:200:PP > PP-EXT-LGC-EXTRACCION || 366922:200:PP > PP-EXT-LGC-EXTRACCION > PP-EXT-TST-DT01,PP-EXT-LGC-EXTRACCION,Cluster lógico: ancestro PP-EXT-LGC-EXTRACCION en 7 elementos Revit equivalentes.,ambiguo_falso_por_contenedor_duplicado,PP-EXT-LGC-EXTRACCION,179296;179346;366559;366791;366838;366859;366922,,,distributed,distribucion_round_robin_en_preparar_aplicar,PP,PP-EXT-LGC-EXTRACCION,PP-EXT-LGC-DESGOMADO,,,,,,,,,,,,,,,,,,,,,,,,,,,,,,,,,,,,,,,,,,,,,,,,,,,,,,,,,,,,,,,,,,,,,,,,,,,,,
contenedor_logico_duplicado_distributed,contenedor_por_ancestro_project,PP-EXT-BMB-BO24,BOMBA BO24  AC. MINERAL FRIO | Grupo: PP-BMB CENTRIF BO24,247,5,247,PP-EXT-ABS-ABSOV MINERAL,PP-EXT-ABS-ABSOV,PP-EXT-LGC-EXTRACCION > PP-EXT-LGC-RECUP > PP-EXT-ABS-ABSOV,PP > PP-EXT-LGC-EXTRACCION > PP-EXT-LGC-RECUP GASES > PP-EXT-ABS-ABSOV MINERAL,PP > PP-EXT-LGC-EXTRACCION > PP-EXT-LGC-RECUP GASES > PP-EXT-ABS-ABSOV MINERAL > PP-EXT-BMB-BO24,179296,e873c32e-5e0c-4f36-b2a7-48d4917bce06-0002bc60,Roofs,,Genérico - 400 mm,Genérico - 400 mm,,PP > PP-EXT-LGC-EXTRACCION > PP-EXT-LGC-DESGOMADO,contenedor_scoring,179296,e873c32e-5e0c-4f36-b2a7-48d4917bce06-0002bc60,PP > PP-EXT-LGC-EXTRACCION > PP-EXT-LGC-DESGOMADO,3,77,NO,200,200,0,cluster_logico_mismo_sector,179296:200:PP > PP-EXT-LGC-EXTRACCION > PP-EXT-LGC-DESGOMADO || 179346:200:PP > PP-EXT-LGC-EXTRACCION > PP-EXT-EXT-EX01 EXTRACTOR || 366559:200:PP > PP-EXT-LGC-EXTRACCION > PP-EXT-LGC-SOLVENTE || 366791:200:PP > PP-EXT-LGC-EXTRACCION > PP-EXT-LGC-RECUP GASES || 366838:200:PP > PP-EXT-LGC-EXTRACCION > PP-EXT-LGC-DESTILACION || 366859:200:PP > PP-EXT-LGC-EXTRACCION || 366922:200:PP > PP-EXT-LGC-EXTRACCION > PP-EXT-TST-DT01,PP-EXT-LGC-EXTRACCION,Cluster lógico: ancestro PP-EXT-LGC-EXTRACCION en 7 elementos Revit equivalentes.,ambiguo_falso_por_contenedor_duplicado,PP-EXT-LGC-EXTRACCION,179296;179346;366559;366791;366838;366859;366922,,,distributed,distribucion_round_robin_en_preparar_aplicar,PP,PP-EXT-LGC-EXTRACCION,PP-EXT-LGC-DESGOMADO,,,,,,,,,,,,,,,,,,,,,,,,,,,,,,,,,,,,,,,,,,,,,,,,,,,,,,,,,,,,,,,,,,,,,,,,,,,,,
contenedor_logico_duplicado_distributed,contenedor_por_ancestro_project,PP-EXT-CND-CVENT01,CONDENSADOR DE VENTEO N° 1 | Grupo: PP-CND CONDENSADOR,248,5,248,PP-EXT-ABS-ABSOV MINERAL,PP-EXT-ABS-ABSOV,PP-EXT-LGC-EXTRACCION > PP-EXT-LGC-RECUP > PP-EXT-ABS-ABSOV,PP > PP-EXT-LGC-EXTRACCION > PP-EXT-LGC-RECUP GASES > PP-EXT-ABS-ABSOV MINERAL,PP > PP-EXT-LGC-EXTRACCION > PP-EXT-LGC-RECUP GASES > PP-EXT-ABS-ABSOV MINERAL > PP-EXT-CND-CVENT01,179296,e873c32e-5e0c-4f36-b2a7-48d4917bce06-0002bc60,Roofs,,Genérico - 400 mm,Genérico - 400 mm,,PP > PP-EXT-LGC-EXTRACCION > PP-EXT-LGC-DESGOMADO,contenedor_scoring,179296,e873c32e-5e0c-4f36-b2a7-48d4917bce06-0002bc60,PP > PP-EXT-LGC-EXTRACCION > PP-EXT-LGC-DESGOMADO,3,77,NO,200,200,0,cluster_logico_mismo_sector,179296:200:PP > PP-EXT-LGC-EXTRACCION > PP-EXT-LGC-DESGOMADO || 179346:200:PP > PP-EXT-LGC-EXTRACCION > PP-EXT-EXT-EX01 EXTRACTOR || 366559:200:PP > PP-EXT-LGC-EXTRACCION > PP-EXT-LGC-SOLVENTE || 366791:200:PP > PP-EXT-LGC-EXTRACCION > PP-EXT-LGC-RECUP GASES || 366838:200:PP > PP-EXT-LGC-EXTRACCION > PP-EXT-LGC-DESTILACION || 366859:200:PP > PP-EXT-LGC-EXTRACCION || 366922:200:PP > PP-EXT-LGC-EXTRACCION > PP-EXT-TST-DT01,PP-EXT-LGC-EXTRACCION,Cluster lógico: ancestro PP-EXT-LGC-EXTRACCION en 7 elementos Revit equivalentes.,ambiguo_falso_por_contenedor_duplicado,PP-EXT-LGC-EXTRACCION,179296;179346;366559;366791;366838;366859;366922,,,distributed,distribucion_round_robin_en_preparar_aplicar,PP,PP-EXT-LGC-EXTRACCION,PP-EXT-LGC-DESGOMADO,,,,,,,,,,,,,,,,,,,,,,,,,,,,,,,,,,,,,,,,,,,,,,,,,,,,,,,,,,,,,,,,,,,,,,,,,,,,,
contenedor_logico_duplicado_distributed,contenedor_por_ancestro_project,PP-EXT-CND-CVENT02,CONDENSADOR DE VENTEO N° 2 | Grupo: PP-CND CONDENSADOR,249,5,249,PP-EXT-ABS-ABSOV MINERAL,PP-EXT-ABS-ABSOV,PP-EXT-LGC-EXTRACCION > PP-EXT-LGC-RECUP > PP-EXT-ABS-ABSOV,PP > PP-EXT-LGC-EXTRACCION > PP-EXT-LGC-RECUP GASES > PP-EXT-ABS-ABSOV MINERAL,PP > PP-EXT-LGC-EXTRACCION > PP-EXT-LGC-RECUP GASES > PP-EXT-ABS-ABSOV MINERAL > PP-EXT-CND-CVENT02,179296,e873c32e-5e0c-4f36-b2a7-48d4917bce06-0002bc60,Roofs,,Genérico - 400 mm,Genérico - 400 mm,,PP > PP-EXT-LGC-EXTRACCION > PP-EXT-LGC-DESGOMADO,contenedor_scoring,179296,e873c32e-5e0c-4f36-b2a7-48d4917bce06-0002bc60,PP > PP-EXT-LGC-EXTRACCION > PP-EXT-LGC-DESGOMADO,3,77,NO,200,200,0,cluster_logico_mismo_sector,179296:200:PP > PP-EXT-LGC-EXTRACCION > PP-EXT-LGC-DESGOMADO || 179346:200:PP > PP-EXT-LGC-EXTRACCION > PP-EXT-EXT-EX01 EXTRACTOR || 366559:200:PP > PP-EXT-LGC-EXTRACCION > PP-EXT-LGC-SOLVENTE || 366791:200:PP > PP-EXT-LGC-EXTRACCION > PP-EXT-LGC-RECUP GASES || 366838:200:PP > PP-EXT-LGC-EXTRACCION > PP-EXT-LGC-DESTILACION || 366859:200:PP > PP-EXT-LGC-EXTRACCION || 366922:200:PP > PP-EXT-LGC-EXTRACCION > PP-EXT-TST-DT01,PP-EXT-LGC-EXTRACCION,Cluster lógico: ancestro PP-EXT-LGC-EXTRACCION en 7 elementos Revit equivalentes.,ambiguo_falso_por_contenedor_duplicado,PP-EXT-LGC-EXTRACCION,179296;179346;366559;366791;366838;366859;366922,,,distributed,distribucion_round_robin_en_preparar_aplicar,PP,PP-EXT-LGC-EXTRACCION,PP-EXT-LGC-DESGOMADO,,,,,,,,,,,,,,,,,,,,,,,,,,,,,,,,,,,,,,,,,,,,,,,,,,,,,,,,,,,,,,,,,,,,,,,,,,,,,
contenedor_logico_duplicado_distributed,contenedor_por_ancestro_project,PP-EXT-CDL-CAUDALIM,CAUDALIMETRO DE ACEITE MINERAL | Grupo: PP-CDL MINERAL,250,4,250,PP-EXT-LGC-RECUP GASES,PP-EXT-LGC-RECUP,PP-EXT-LGC-EXTRACCION > PP-EXT-LGC-RECUP,PP > PP-EXT-LGC-EXTRACCION > PP-EXT-LGC-RECUP GASES,PP > PP-EXT-LGC-EXTRACCION > PP-EXT-LGC-RECUP GASES > PP-EXT-CDL-CAUDALIM MIN,179296,e873c32e-5e0c-4f36-b2a7-48d4917bce06-0002bc60,Roofs,,Genérico - 400 mm,Genérico - 400 mm,,PP > PP-EXT-LGC-EXTRACCION > PP-EXT-LGC-DESGOMADO,contenedor_scoring,179296,e873c32e-5e0c-4f36-b2a7-48d4917bce06-0002bc60,PP > PP-EXT-LGC-EXTRACCION > PP-EXT-LGC-DESGOMADO,3,77,NO,200,200,0,cluster_logico_mismo_sector,179296:200:PP > PP-EXT-LGC-EXTRACCION > PP-EXT-LGC-DESGOMADO || 179346:200:PP > PP-EXT-LGC-EXTRACCION > PP-EXT-EXT-EX01 EXTRACTOR || 366559:200:PP > PP-EXT-LGC-EXTRACCION > PP-EXT-LGC-SOLVENTE || 366791:200:PP > PP-EXT-LGC-EXTRACCION > PP-EXT-LGC-RECUP GASES || 366838:200:PP > PP-EXT-LGC-EXTRACCION > PP-EXT-LGC-DESTILACION || 366859:200:PP > PP-EXT-LGC-EXTRACCION || 366922:200:PP > PP-EXT-LGC-EXTRACCION > PP-EXT-TST-DT01,PP-EXT-LGC-EXTRACCION,Código repetido en Project 2 veces. Cluster lógico: ancestro PP-EXT-LGC-EXTRACCION en 7 elementos Revit equivalentes.,ambiguo_falso_por_contenedor_duplicado,PP-EXT-LGC-EXTRACCION,179296;179346;366559;366791;366838;366859;366922,,,distributed,distribucion_round_robin_en_preparar_aplicar,PP,PP-EXT-LGC-EXTRACCION,PP-EXT-LGC-DESGOMADO,,,,,,,,,,,,,,,,,,,,,,,,,,,,,,,,,,,,,,,,,,,,,,,,,,,,,,,,,,,,,,,,,,,,,,,,,,,,,
contenedor_logico_duplicado_distributed,contenedor_por_ancestro_project,PP-EXT-ENF-EACMINERAL,ENFRIADOR DE ACEITE MINERAL VERTICAL | Grupo: PP-ENF ACEIT MIN,251,4,251,PP-EXT-LGC-RECUP GASES,PP-EXT-LGC-RECUP,PP-EXT-LGC-EXTRACCION > PP-EXT-LGC-RECUP,PP > PP-EXT-LGC-EXTRACCION > PP-EXT-LGC-RECUP GASES,PP > PP-EXT-LGC-EXTRACCION > PP-EXT-LGC-RECUP GASES > PP-EXT-ENF-EACMINERAL,179296,e873c32e-5e0c-4f36-b2a7-48d4917bce06-0002bc60,Roofs,,Genérico - 400 mm,Genérico - 400 mm,,PP > PP-EXT-LGC-EXTRACCION > PP-EXT-LGC-DESGOMADO,contenedor_scoring,179296,e873c32e-5e0c-4f36-b2a7-48d4917bce06-0002bc60,PP > PP-EXT-LGC-EXTRACCION > PP-EXT-LGC-DESGOMADO,3,77,NO,200,200,0,cluster_logico_mismo_sector,179296:200:PP > PP-EXT-LGC-EXTRACCION > PP-EXT-LGC-DESGOMADO || 179346:200:PP > PP-EXT-LGC-EXTRACCION > PP-EXT-EXT-EX01 EXTRACTOR || 366559:200:PP > PP-EXT-LGC-EXTRACCION > PP-EXT-LGC-SOLVENTE || 366791:200:PP > PP-EXT-LGC-EXTRACCION > PP-EXT-LGC-RECUP GASES || 366838:200:PP > PP-EXT-LGC-EXTRACCION > PP-EXT-LGC-DESTILACION || 366859:200:PP > PP-EXT-LGC-EXTRACCION || 366922:200:PP > PP-EXT-LGC-EXTRACCION > PP-EXT-TST-DT01,PP-EXT-LGC-EXTRACCION,Cluster lógico: ancestro PP-EXT-LGC-EXTRACCION en 7 elementos Revit equivalentes.,ambiguo_falso_por_contenedor_duplicado,PP-EXT-LGC-EXTRACCION,179296;179346;366559;366791;366838;366859;366922,,,distributed,distribucion_round_robin_en_preparar_aplicar,PP,PP-EXT-LGC-EXTRACCION,PP-EXT-LGC-DESGOMADO,,,,,,,,,,,,,,,,,,,,,,,,,,,,,,,,,,,,,,,,,,,,,,,,,,,,,,,,,,,,,,,,,,,,,,,,,,,,,
contenedor_logico_duplicado_distributed,contenedor_por_ancestro_project,PP-EXT-INT-INT02,INTERCAM. CALOR A PLACAS (MINERAL) | Grupo: PP-INT PLACAS AC/AC MIN,252,4,252,PP-EXT-LGC-RECUP GASES,PP-EXT-LGC-RECUP,PP-EXT-LGC-EXTRACCION > PP-EXT-LGC-RECUP,PP > PP-EXT-LGC-EXTRACCION > PP-EXT-LGC-RECUP GASES,PP > PP-EXT-LGC-EXTRACCION > PP-EXT-LGC-RECUP GASES > PP-EXT-INT-INT02 AC/AC MIN,179296,e873c32e-5e0c-4f36-b2a7-48d4917bce06-0002bc60,Roofs,,Genérico - 400 mm,Genérico - 400 mm,,PP > PP-EXT-LGC-EXTRACCION > PP-EXT-LGC-DESGOMADO,contenedor_scoring,179296,e873c32e-5e0c-4f36-b2a7-48d4917bce06-0002bc60,PP > PP-EXT-LGC-EXTRACCION > PP-EXT-LGC-DESGOMADO,3,77,NO,200,200,0,cluster_logico_mismo_sector,179296:200:PP > PP-EXT-LGC-EXTRACCION > PP-EXT-LGC-DESGOMADO || 179346:200:PP > PP-EXT-LGC-EXTRACCION > PP-EXT-EXT-EX01 EXTRACTOR || 366559:200:PP > PP-EXT-LGC-EXTRACCION > PP-EXT-LGC-SOLVENTE || 366791:200:PP > PP-EXT-LGC-EXTRACCION > PP-EXT-LGC-RECUP GASES || 366838:200:PP > PP-EXT-LGC-EXTRACCION > PP-EXT-LGC-DESTILACION || 366859:200:PP > PP-EXT-LGC-EXTRACCION || 366922:200:PP > PP-EXT-LGC-EXTRACCION > PP-EXT-TST-DT01,PP-EXT-LGC-EXTRACCION,Cluster lógico: ancestro PP-EXT-LGC-EXTRACCION en 7 elementos Revit equivalentes.,ambiguo_falso_por_contenedor_duplicado,PP-EXT-LGC-EXTRACCION,179296;179346;366559;366791;366838;366859;366922,,,distributed,distribucion_round_robin_en_preparar_aplicar,PP,PP-EXT-LGC-EXTRACCION,PP-EXT-LGC-DESGOMADO,,,,,,,,,,,,,,,,,,,,,,,,,,,,,,,,,,,,,,,,,,,,,,,,,,,,,,,,,,,,,,,,,,,,,,,,,,,,,
contenedor_logico_duplicado_distributed,contenedor_por_ancestro_project,PP-EXT-INT-INT03,ENFRIADOR ACEITE MINERAL A PLACAS (MODIFICADO) | Grupo: PP-INT PLACAS AC/AC,253,4,253,PP-EXT-LGC-RECUP GASES,PP-EXT-LGC-RECUP,PP-EXT-LGC-EXTRACCION > PP-EXT-LGC-RECUP,PP > PP-EXT-LGC-EXTRACCION > PP-EXT-LGC-RECUP GASES,PP > PP-EXT-LGC-EXTRACCION > PP-EXT-LGC-RECUP GASES > PP-EXT-INT-INT03 EAC/MINERAL,179296,e873c32e-5e0c-4f36-b2a7-48d4917bce06-0002bc60,Roofs,,Genérico - 400 mm,Genérico - 400 mm,,PP > PP-EXT-LGC-EXTRACCION > PP-EXT-LGC-DESGOMADO,contenedor_scoring,179296,e873c32e-5e0c-4f36-b2a7-48d4917bce06-0002bc60,PP > PP-EXT-LGC-EXTRACCION > PP-EXT-LGC-DESGOMADO,3,77,NO,200,200,0,cluster_logico_mismo_sector,179296:200:PP > PP-EXT-LGC-EXTRACCION > PP-EXT-LGC-DESGOMADO || 179346:200:PP > PP-EXT-LGC-EXTRACCION > PP-EXT-EXT-EX01 EXTRACTOR || 366559:200:PP > PP-EXT-LGC-EXTRACCION > PP-EXT-LGC-SOLVENTE || 366791:200:PP > PP-EXT-LGC-EXTRACCION > PP-EXT-LGC-RECUP GASES || 366838:200:PP > PP-EXT-LGC-EXTRACCION > PP-EXT-LGC-DESTILACION || 366859:200:PP > PP-EXT-LGC-EXTRACCION || 366922:200:PP > PP-EXT-LGC-EXTRACCION > PP-EXT-TST-DT01,PP-EXT-LGC-EXTRACCION,Cluster lógico: ancestro PP-EXT-LGC-EXTRACCION en 7 elementos Revit equivalentes.,ambiguo_falso_por_contenedor_duplicado,PP-EXT-LGC-EXTRACCION,179296;179346;366559;366791;366838;366859;366922,,,distributed,distribucion_round_robin_en_preparar_aplicar,PP,PP-EXT-LGC-EXTRACCION,PP-EXT-LGC-DESGOMADO,,,,,,,,,,,,,,,,,,,,,,,,,,,,,,,,,,,,,,,,,,,,,,,,,,,,,,,,,,,,,,,,,,,,,,,,,,,,,
contenedor_logico_duplicado_distributed,contenedor_por_ancestro_project,PP-EXT-BMB-BO23,BOMBA ACEITE MINERAL CALIENTE | Grupo: PP-BMB CENTRIF BO23,255,5,255,PP-EXT-STR-STRIPPER MINERAL,PP-EXT-STR-STRIPPER,PP-EXT-LGC-EXTRACCION > PP-EXT-LGC-RECUP > PP-EXT-STR-STRIPPER,PP > PP-EXT-LGC-EXTRACCION > PP-EXT-LGC-RECUP GASES > PP-EXT-STR-STRIPPER MINERAL,PP > PP-EXT-LGC-EXTRACCION > PP-EXT-LGC-RECUP GASES > PP-EXT-STR-STRIPPER MINERAL > PP-EXT-BMB-BO23,179296,e873c32e-5e0c-4f36-b2a7-48d4917bce06-0002bc60,Roofs,,Genérico - 400 mm,Genérico - 400 mm,,PP > PP-EXT-LGC-EXTRACCION > PP-EXT-LGC-DESGOMADO,contenedor_scoring,179296,e873c32e-5e0c-4f36-b2a7-48d4917bce06-0002bc60,PP > PP-EXT-LGC-EXTRACCION > PP-EXT-LGC-DESGOMADO,3,77,NO,200,200,0,cluster_logico_mismo_sector,179296:200:PP > PP-EXT-LGC-EXTRACCION > PP-EXT-LGC-DESGOMADO || 179346:200:PP > PP-EXT-LGC-EXTRACCION > PP-EXT-EXT-EX01 EXTRACTOR || 366559:200:PP > PP-EXT-LGC-EXTRACCION > PP-EXT-LGC-SOLVENTE || 366791:200:PP > PP-EXT-LGC-EXTRACCION > PP-EXT-LGC-RECUP GASES || 366838:200:PP > PP-EXT-LGC-EXTRACCION > PP-EXT-LGC-DESTILACION || 366859:200:PP > PP-EXT-LGC-EXTRACCION || 366922:200:PP > PP-EXT-LGC-EXTRACCION > PP-EXT-TST-DT01,PP-EXT-LGC-EXTRACCION,Cluster lógico: ancestro PP-EXT-LGC-EXTRACCION en 7 elementos Revit equivalentes.,ambiguo_falso_por_contenedor_duplicado,PP-EXT-LGC-EXTRACCION,179296;179346;366559;366791;366838;366859;366922,,,distributed,distribucion_round_robin_en_preparar_aplicar,PP,PP-EXT-LGC-EXTRACCION,PP-EXT-LGC-DESGOMADO,,,,,,,,,,,,,,,,,,,,,,,,,,,,,,,,,,,,,,,,,,,,,,,,,,,,,,,,,,,,,,,,,,,,,,,,,,,,,
contenedor_logico_duplicado_distributed,contenedor_por_ancestro_project,PP-EXT-VLV-SOV-310,VALVULA ON-OFF VAPOR A EYECTOR GASES | Grupo: PP-VLV CTROL EXT,257,4,257,PP-EXT-LGC-RECUP GASES,PP-EXT-LGC-RECUP,PP-EXT-LGC-EXTRACCION > PP-EXT-LGC-RECUP,PP > PP-EXT-LGC-EXTRACCION > PP-EXT-LGC-RECUP GASES,PP > PP-EXT-LGC-EXTRACCION > PP-EXT-LGC-RECUP GASES > PP-EXT-VLV-SOV-310  VS08,179296,e873c32e-5e0c-4f36-b2a7-48d4917bce06-0002bc60,Roofs,,Genérico - 400 mm,Genérico - 400 mm,,PP > PP-EXT-LGC-EXTRACCION > PP-EXT-LGC-DESGOMADO,contenedor_scoring,179296,e873c32e-5e0c-4f36-b2a7-48d4917bce06-0002bc60,PP > PP-EXT-LGC-EXTRACCION > PP-EXT-LGC-DESGOMADO,3,77,NO,200,200,0,cluster_logico_mismo_sector,179296:200:PP > PP-EXT-LGC-EXTRACCION > PP-EXT-LGC-DESGOMADO || 179346:200:PP > PP-EXT-LGC-EXTRACCION > PP-EXT-EXT-EX01 EXTRACTOR || 366559:200:PP > PP-EXT-LGC-EXTRACCION > PP-EXT-LGC-SOLVENTE || 366791:200:PP > PP-EXT-LGC-EXTRACCION > PP-EXT-LGC-RECUP GASES || 366838:200:PP > PP-EXT-LGC-EXTRACCION > PP-EXT-LGC-DESTILACION || 366859:200:PP > PP-EXT-LGC-EXTRACCION || 366922:200:PP > PP-EXT-LGC-EXTRACCION > PP-EXT-TST-DT01,PP-EXT-LGC-EXTRACCION,Cluster lógico: ancestro PP-EXT-LGC-EXTRACCION en 7 elementos Revit equivalentes.,ambiguo_falso_por_contenedor_duplicado,PP-EXT-LGC-EXTRACCION,179296;179346;366559;366791;366838;366859;366922,,,distributed,distribucion_round_robin_en_preparar_aplicar,PP,PP-EXT-LGC-EXTRACCION,PP-EXT-LGC-DESGOMADO,,,,,,,,,,,,,,,,,,,,,,,,,,,,,,,,,,,,,,,,,,,,,,,,,,,,,,,,,,,,,,,,,,,,,,,,,,,,,
contenedor_logico_duplicado_distributed,contenedor_por_ancestro_project,PP-EXT-VLV-SOV-320,VALVULA ON-OFF SALIDA DE GASES A ATMOSFERA | Grupo: PP-VLV CTROL EXT,258,4,258,PP-EXT-LGC-RECUP GASES,PP-EXT-LGC-RECUP,PP-EXT-LGC-EXTRACCION > PP-EXT-LGC-RECUP,PP > PP-EXT-LGC-EXTRACCION > PP-EXT-LGC-RECUP GASES,PP > PP-EXT-LGC-EXTRACCION > PP-EXT-LGC-RECUP GASES > PP-EXT-VLV-SOV-320 VS09,179296,e873c32e-5e0c-4f36-b2a7-48d4917bce06-0002bc60,Roofs,,Genérico - 400 mm,Genérico - 400 mm,,PP > PP-EXT-LGC-EXTRACCION > PP-EXT-LGC-DESGOMADO,contenedor_scoring,179296,e873c32e-5e0c-4f36-b2a7-48d4917bce06-0002bc60,PP > PP-EXT-LGC-EXTRACCION > PP-EXT-LGC-DESGOMADO,3,77,NO,200,200,0,cluster_logico_mismo_sector,179296:200:PP > PP-EXT-LGC-EXTRACCION > PP-EXT-LGC-DESGOMADO || 179346:200:PP > PP-EXT-LGC-EXTRACCION > PP-EXT-EXT-EX01 EXTRACTOR || 366559:200:PP > PP-EXT-LGC-EXTRACCION > PP-EXT-LGC-SOLVENTE || 366791:200:PP > PP-EXT-LGC-EXTRACCION > PP-EXT-LGC-RECUP GASES || 366838:200:PP > PP-EXT-LGC-EXTRACCION > PP-EXT-LGC-DESTILACION || 366859:200:PP > PP-EXT-LGC-EXTRACCION || 366922:200:PP > PP-EXT-LGC-EXTRACCION > PP-EXT-TST-DT01,PP-EXT-LGC-EXTRACCION,Cluster lógico: ancestro PP-EXT-LGC-EXTRACCION en 7 elementos Revit equivalentes.,ambiguo_falso_por_contenedor_duplicado,PP-EXT-LGC-EXTRACCION,179296;179346;366559;366791;366838;366859;366922,,,distributed,distribucion_round_robin_en_preparar_aplicar,PP,PP-EXT-LGC-EXTRACCION,PP-EXT-LGC-DESGOMADO,,,,,,,,,,,,,,,,,,,,,,,,,,,,,,,,,,,,,,,,,,,,,,,,,,,,,,,,,,,,,,,,,,,,,,,,,,,,,
contenedor_logico_duplicado_distributed,contenedor_por_ancestro_project,PP-EXT-VNT-VE02,VENTILADOR VE02 E CIRCUITO MINERAL | Grupo: PP-VNT VE02 EXTRACCION,259,4,259,PP-EXT-LGC-RECUP GASES,PP-EXT-LGC-RECUP,PP-EXT-LGC-EXTRACCION > PP-EXT-LGC-RECUP,PP > PP-EXT-LGC-EXTRACCION > PP-EXT-LGC-RECUP GASES,PP > PP-EXT-LGC-EXTRACCION > PP-EXT-LGC-RECUP GASES > PP-EXT-VNT-VE02 E,179296,e873c32e-5e0c-4f36-b2a7-48d4917bce06-0002bc60,Roofs,,Genérico - 400 mm,Genérico - 400 mm,,PP > PP-EXT-LGC-EXTRACCION > PP-EXT-LGC-DESGOMADO,contenedor_scoring,179296,e873c32e-5e0c-4f36-b2a7-48d4917bce06-0002bc60,PP > PP-EXT-LGC-EXTRACCION > PP-EXT-LGC-DESGOMADO,3,77,NO,200,200,0,cluster_logico_mismo_sector,179296:200:PP > PP-EXT-LGC-EXTRACCION > PP-EXT-LGC-DESGOMADO || 179346:200:PP > PP-EXT-LGC-EXTRACCION > PP-EXT-EXT-EX01 EXTRACTOR || 366559:200:PP > PP-EXT-LGC-EXTRACCION > PP-EXT-LGC-SOLVENTE || 366791:200:PP > PP-EXT-LGC-EXTRACCION > PP-EXT-LGC-RECUP GASES || 366838:200:PP > PP-EXT-LGC-EXTRACCION > PP-EXT-LGC-DESTILACION || 366859:200:PP > PP-EXT-LGC-EXTRACCION || 366922:200:PP > PP-EXT-LGC-EXTRACCION > PP-EXT-TST-DT01,PP-EXT-LGC-EXTRACCION,Cluster lógico: ancestro PP-EXT-LGC-EXTRACCION en 7 elementos Revit equivalentes.,ambiguo_falso_por_contenedor_duplicado,PP-EXT-LGC-EXTRACCION,179296;179346;366559;366791;366838;366859;366922,,,distributed,distribucion_round_robin_en_preparar_aplicar,PP,PP-EXT-LGC-EXTRACCION,PP-EXT-LGC-DESGOMADO,,,,,,,,,,,,,,,,,,,,,,,,,,,,,,,,,,,,,,,,,,,,,,,,,,,,,,,,,,,,,,,,,,,,,,,,,,,,,
match_directo,elemento_puntual,PP-EXT-LGC-SOLVENTE,SECTOR SOLVENTE FRESCO EXTRACCION PTA PTO | Grupo: PP-SECTOR SOLVENTE,260,3,260,PP-EXT-LGC-EXTRACCION,PP-EXT-LGC-EXTRACCION,PP-EXT-LGC-EXTRACCION,PP > PP-EXT-LGC-EXTRACCION,PP > PP-EXT-LGC-EXTRACCION > PP-EXT-LGC-SOLVENTE,366559,58a0c5ec-573a-4dcc-9a0e-9d96a2f21f89-000597df,Roofs,,Genérico - 400 mm,Genérico - 400 mm,,PP > PP-EXT-LGC-EXTRACCION > PP-EXT-LGC-SOLVENTE,btz_description_03,,,,,,,,,,,,,Coincidencia exacta única con elemento Revit.,match_directo,,,,,,match_puntual_unico,PP,PP-EXT-LGC-EXTRACCION,PP-EXT-LGC-SOLVENTE,,,,,,,,,,,,,,,,,,,,,,,,,,,,,,,,,,,,,,,,,,,,,,,,,,,,,,,,,,,,,,,,,,,,,,,,,,,,,
contenedor_unico,contenedor_por_ancestro_project,PP-EXT-BMB-BO01,BOMBA BO01 SOLVENTE | Grupo: PP-BMB CENTRIF BO01,261,4,261,PP-EXT-LGC-SOLVENTE,PP-EXT-LGC-SOLVENTE,PP-EXT-LGC-EXTRACCION > PP-EXT-LGC-SOLVENTE,PP > PP-EXT-LGC-EXTRACCION > PP-EXT-LGC-SOLVENTE,PP > PP-EXT-LGC-EXTRACCION > PP-EXT-LGC-SOLVENTE > PP-EXT-BMB-BO01,366559,58a0c5ec-573a-4dcc-9a0e-9d96a2f21f89-000597df,Roofs,,Genérico - 400 mm,Genérico - 400 mm,,PP > PP-EXT-LGC-EXTRACCION > PP-EXT-LGC-SOLVENTE,contenedor_scoring,366559,58a0c5ec-573a-4dcc-9a0e-9d96a2f21f89-000597df,PP > PP-EXT-LGC-EXTRACCION > PP-EXT-LGC-SOLVENTE,3,77,NO,200,0,200,ancestro_project_exacto,366559:200:PP > PP-EXT-LGC-EXTRACCION > PP-EXT-LGC-SOLVENTE,PP-EXT-LGC-SOLVENTE,Sin match puntual; contenedor único por ancestro Project PP-EXT-LGC-SOLVENTE.,contenedor_unico_ancestro,PP-EXT-LGC-SOLVENTE,366559,366559,,,un_elemento_revit_para_ancestro,PP,PP-EXT-LGC-EXTRACCION,PP-EXT-LGC-SOLVENTE,,,,,,,,,,,,,,,,,,,,,,,,,,,,,,,,,,,,,,,,,,,,,,,,,,,,,,,,,,,,,,,,,,,,,,,,,,,,,
contenedor_unico,contenedor_por_ancestro_project,PP-EXT-BMB-BO25,BOMBA TK SERVICIO DE SOLVENTE RECIRCIRCULA | Grupo: PP-BMB CENTRIF BO25,262,4,262,PP-EXT-LGC-SOLVENTE,PP-EXT-LGC-SOLVENTE,PP-EXT-LGC-EXTRACCION > PP-EXT-LGC-SOLVENTE,PP > PP-EXT-LGC-EXTRACCION > PP-EXT-LGC-SOLVENTE,PP > PP-EXT-LGC-EXTRACCION > PP-EXT-LGC-SOLVENTE > PP-EXT-BMB-BO25,366559,58a0c5ec-573a-4dcc-9a0e-9d96a2f21f89-000597df,Roofs,,Genérico - 400 mm,Genérico - 400 mm,,PP > PP-EXT-LGC-EXTRACCION > PP-EXT-LGC-SOLVENTE,contenedor_scoring,366559,58a0c5ec-573a-4dcc-9a0e-9d96a2f21f89-000597df,PP > PP-EXT-LGC-EXTRACCION > PP-EXT-LGC-SOLVENTE,3,77,NO,200,0,200,ancestro_project_exacto,366559:200:PP > PP-EXT-LGC-EXTRACCION > PP-EXT-LGC-SOLVENTE,PP-EXT-LGC-SOLVENTE,Sin match puntual; contenedor único por ancestro Project PP-EXT-LGC-SOLVENTE.,contenedor_unico_ancestro,PP-EXT-LGC-SOLVENTE,366559,366559,,,un_elemento_revit_para_ancestro,PP,PP-EXT-LGC-EXTRACCION,PP-EXT-LGC-SOLVENTE,,,,,,,,,,,,,,,,,,,,,,,,,,,,,,,,,,,,,,,,,,,,,,,,,,,,,,,,,,,,,,,,,,,,,,,,,,,,,
contenedor_unico,contenedor_por_ancestro_project,PP-EXT-BMB-BO26,BOMBA TK DE SERVICIO SOLVENTE (CARGA) | Grupo: PP-BMB CENTRIF BO26,263,4,263,PP-EXT-LGC-SOLVENTE,PP-EXT-LGC-SOLVENTE,PP-EXT-LGC-EXTRACCION > PP-EXT-LGC-SOLVENTE,PP > PP-EXT-LGC-EXTRACCION > PP-EXT-LGC-SOLVENTE,PP > PP-EXT-LGC-EXTRACCION > PP-EXT-LGC-SOLVENTE > PP-EXT-BMB-BO26,366559,58a0c5ec-573a-4dcc-9a0e-9d96a2f21f89-000597df,Roofs,,Genérico - 400 mm,Genérico - 400 mm,,PP > PP-EXT-LGC-EXTRACCION > PP-EXT-LGC-SOLVENTE,contenedor_scoring,366559,58a0c5ec-573a-4dcc-9a0e-9d96a2f21f89-000597df,PP > PP-EXT-LGC-EXTRACCION > PP-EXT-LGC-SOLVENTE,3,77,NO,200,0,200,ancestro_project_exacto,366559:200:PP > PP-EXT-LGC-EXTRACCION > PP-EXT-LGC-SOLVENTE,PP-EXT-LGC-SOLVENTE,Sin match puntual; contenedor único por ancestro Project PP-EXT-LGC-SOLVENTE.,contenedor_unico_ancestro,PP-EXT-LGC-SOLVENTE,366559,366559,,,un_elemento_revit_para_ancestro,PP,PP-EXT-LGC-EXTRACCION,PP-EXT-LGC-SOLVENTE,,,,,,,,,,,,,,,,,,,,,,,,,,,,,,,,,,,,,,,,,,,,,,,,,,,,,,,,,,,,,,,,,,,,,,,,,,,,,
contenedor_unico,contenedor_por_ancestro_project,PP-EXT-BMB-BO29,LAVADO DE SELLOS | Grupo: PP-BMB CENTRIF BO29,264,4,264,PP-EXT-LGC-SOLVENTE,PP-EXT-LGC-SOLVENTE,PP-EXT-LGC-EXTRACCION > PP-EXT-LGC-SOLVENTE,PP > PP-EXT-LGC-EXTRACCION > PP-EXT-LGC-SOLVENTE,PP > PP-EXT-LGC-EXTRACCION > PP-EXT-LGC-SOLVENTE > PP-EXT-BMB-BO29,366559,58a0c5ec-573a-4dcc-9a0e-9d96a2f21f89-000597df,Roofs,,Genérico - 400 mm,Genérico - 400 mm,,PP > PP-EXT-LGC-EXTRACCION > PP-EXT-LGC-SOLVENTE,contenedor_scoring,366559,58a0c5ec-573a-4dcc-9a0e-9d96a2f21f89-000597df,PP > PP-EXT-LGC-EXTRACCION > PP-EXT-LGC-SOLVENTE,3,77,NO,200,0,200,ancestro_project_exacto,366559:200:PP > PP-EXT-LGC-EXTRACCION > PP-EXT-LGC-SOLVENTE,PP-EXT-LGC-SOLVENTE,Sin match puntual; contenedor único por ancestro Project PP-EXT-LGC-SOLVENTE.,contenedor_unico_ancestro,PP-EXT-LGC-SOLVENTE,366559,366559,,,un_elemento_revit_para_ancestro,PP,PP-EXT-LGC-EXTRACCION,PP-EXT-LGC-SOLVENTE,,,,,,,,,,,,,,,,,,,,,,,,,,,,,,,,,,,,,,,,,,,,,,,,,,,,,,,,,,,,,,,,,,,,,,,,,,,,,
contenedor_unico,contenedor_por_ancestro_project,PP-EXT-BMB-BO42,BOMBA BO42 SOLVENTE A STOCK | Grupo: PP-BMB CENTRIF BO42,265,4,265,PP-EXT-LGC-SOLVENTE,PP-EXT-LGC-SOLVENTE,PP-EXT-LGC-EXTRACCION > PP-EXT-LGC-SOLVENTE,PP > PP-EXT-LGC-EXTRACCION > PP-EXT-LGC-SOLVENTE,PP > PP-EXT-LGC-EXTRACCION > PP-EXT-LGC-SOLVENTE > PP-EXT-BMB-BO42,366559,58a0c5ec-573a-4dcc-9a0e-9d96a2f21f89-000597df,Roofs,,Genérico - 400 mm,Genérico - 400 mm,,PP > PP-EXT-LGC-EXTRACCION > PP-EXT-LGC-SOLVENTE,contenedor_scoring,366559,58a0c5ec-573a-4dcc-9a0e-9d96a2f21f89-000597df,PP > PP-EXT-LGC-EXTRACCION > PP-EXT-LGC-SOLVENTE,3,77,NO,200,0,200,ancestro_project_exacto,366559:200:PP > PP-EXT-LGC-EXTRACCION > PP-EXT-LGC-SOLVENTE,PP-EXT-LGC-SOLVENTE,Sin match puntual; contenedor único por ancestro Project PP-EXT-LGC-SOLVENTE.,contenedor_unico_ancestro,PP-EXT-LGC-SOLVENTE,366559,366559,,,un_elemento_revit_para_ancestro,PP,PP-EXT-LGC-EXTRACCION,PP-EXT-LGC-SOLVENTE,,,,,,,,,,,,,,,,,,,,,,,,,,,,,,,,,,,,,,,,,,,,,,,,,,,,,,,,,,,,,,,,,,,,,,,,,,,,,
contenedor_unico,contenedor_por_ancestro_project,PP-EXT-HEX01,TRANSMISOR DE HEXANO EN R18 A LA SALIDA DEL DT | Grupo: PP-EXT-TRANSM HEX,267,4,267,PP-EXT-LGC-SOLVENTE,PP-EXT-LGC-SOLVENTE,PP-EXT-LGC-EXTRACCION > PP-EXT-LGC-SOLVENTE,PP > PP-EXT-LGC-EXTRACCION > PP-EXT-LGC-SOLVENTE,PP > PP-EXT-LGC-EXTRACCION > PP-EXT-LGC-SOLVENTE > PP-EXT-HEX01,366559,58a0c5ec-573a-4dcc-9a0e-9d96a2f21f89-000597df,Roofs,,Genérico - 400 mm,Genérico - 400 mm,,PP > PP-EXT-LGC-EXTRACCION > PP-EXT-LGC-SOLVENTE,contenedor_scoring,366559,58a0c5ec-573a-4dcc-9a0e-9d96a2f21f89-000597df,PP > PP-EXT-LGC-EXTRACCION > PP-EXT-LGC-SOLVENTE,3,77,NO,200,0,200,ancestro_project_exacto,366559:200:PP > PP-EXT-LGC-EXTRACCION > PP-EXT-LGC-SOLVENTE,PP-EXT-LGC-SOLVENTE,Sin match puntual; contenedor único por ancestro Project PP-EXT-LGC-SOLVENTE.,contenedor_unico_ancestro,PP-EXT-LGC-SOLVENTE,366559,366559,,,un_elemento_revit_para_ancestro,PP,PP-EXT-LGC-EXTRACCION,PP-EXT-LGC-SOLVENTE,,,,,,,,,,,,,,,,,,,,,,,,,,,,,,,,,,,,,,,,,,,,,,,,,,,,,,,,,,,,,,,,,,,,,,,,,,,,,
contenedor_unico,contenedor_por_ancestro_project,PP-EXT-HEX02,TRANSMISOR DE HEXANO EN BO02 | Grupo: PP-EXT-TRANSM HEX,268,4,268,PP-EXT-LGC-SOLVENTE,PP-EXT-LGC-SOLVENTE,PP-EXT-LGC-EXTRACCION > PP-EXT-LGC-SOLVENTE,PP > PP-EXT-LGC-EXTRACCION > PP-EXT-LGC-SOLVENTE,PP > PP-EXT-LGC-EXTRACCION > PP-EXT-LGC-SOLVENTE > PP-EXT-HEX02,366559,58a0c5ec-573a-4dcc-9a0e-9d96a2f21f89-000597df,Roofs,,Genérico - 400 mm,Genérico - 400 mm,,PP > PP-EXT-LGC-EXTRACCION > PP-EXT-LGC-SOLVENTE,contenedor_scoring,366559,58a0c5ec-573a-4dcc-9a0e-9d96a2f21f89-000597df,PP > PP-EXT-LGC-EXTRACCION > PP-EXT-LGC-SOLVENTE,3,77,NO,200,0,200,ancestro_project_exacto,366559:200:PP > PP-EXT-LGC-EXTRACCION > PP-EXT-LGC-SOLVENTE,PP-EXT-LGC-SOLVENTE,Sin match puntual; contenedor único por ancestro Project PP-EXT-LGC-SOLVENTE.,contenedor_unico_ancestro,PP-EXT-LGC-SOLVENTE,366559,366559,,,un_elemento_revit_para_ancestro,PP,PP-EXT-LGC-EXTRACCION,PP-EXT-LGC-SOLVENTE,,,,,,,,,,,,,,,,,,,,,,,,,,,,,,,,,,,,,,,,,,,,,,,,,,,,,,,,,,,,,,,,,,,,,,,,,,,,,
contenedor_unico,contenedor_por_ancestro_project,PP-EXT-HEX03,TRANSMISOR DE HEXANO EN BO07 | Grupo: PP-EXT-TRANSM HEX,269,4,269,PP-EXT-LGC-SOLVENTE,PP-EXT-LGC-SOLVENTE,PP-EXT-LGC-EXTRACCION > PP-EXT-LGC-SOLVENTE,PP > PP-EXT-LGC-EXTRACCION > PP-EXT-LGC-SOLVENTE,PP > PP-EXT-LGC-EXTRACCION > PP-EXT-LGC-SOLVENTE > PP-EXT-HEX03,366559,58a0c5ec-573a-4dcc-9a0e-9d96a2f21f89-000597df,Roofs,,Genérico - 400 mm,Genérico - 400 mm,,PP > PP-EXT-LGC-EXTRACCION > PP-EXT-LGC-SOLVENTE,contenedor_scoring,366559,58a0c5ec-573a-4dcc-9a0e-9d96a2f21f89-000597df,PP > PP-EXT-LGC-EXTRACCION > PP-EXT-LGC-SOLVENTE,3,77,NO,200,0,200,ancestro_project_exacto,366559:200:PP > PP-EXT-LGC-EXTRACCION > PP-EXT-LGC-SOLVENTE,PP-EXT-LGC-SOLVENTE,Sin match puntual; contenedor único por ancestro Project PP-EXT-LGC-SOLVENTE.,contenedor_unico_ancestro,PP-EXT-LGC-SOLVENTE,366559,366559,,,un_elemento_revit_para_ancestro,PP,PP-EXT-LGC-EXTRACCION,PP-EXT-LGC-SOLVENTE,,,,,,,,,,,,,,,,,,,,,,,,,,,,,,,,,,,,,,,,,,,,,,,,,,,,,,,,,,,,,,,,,,,,,,,,,,,,,
contenedor_unico,contenedor_por_ancestro_project,PP-EXT-HEX04,TRANSMISOR DE HEXANO EN TRAMPA DE SOLVENTE | Grupo: PP-EXT-TRANSM HEX,270,4,270,PP-EXT-LGC-SOLVENTE,PP-EXT-LGC-SOLVENTE,PP-EXT-LGC-EXTRACCION > PP-EXT-LGC-SOLVENTE,PP > PP-EXT-LGC-EXTRACCION > PP-EXT-LGC-SOLVENTE,PP > PP-EXT-LGC-EXTRACCION > PP-EXT-LGC-SOLVENTE > PP-EXT-HEX04,366559,58a0c5ec-573a-4dcc-9a0e-9d96a2f21f89-000597df,Roofs,,Genérico - 400 mm,Genérico - 400 mm,,PP > PP-EXT-LGC-EXTRACCION > PP-EXT-LGC-SOLVENTE,contenedor_scoring,366559,58a0c5ec-573a-4dcc-9a0e-9d96a2f21f89-000597df,PP > PP-EXT-LGC-EXTRACCION > PP-EXT-LGC-SOLVENTE,3,77,NO,200,0,200,ancestro_project_exacto,366559:200:PP > PP-EXT-LGC-EXTRACCION > PP-EXT-LGC-SOLVENTE,PP-EXT-LGC-SOLVENTE,Sin match puntual; contenedor único por ancestro Project PP-EXT-LGC-SOLVENTE.,contenedor_unico_ancestro,PP-EXT-LGC-SOLVENTE,366559,366559,,,un_elemento_revit_para_ancestro,PP,PP-EXT-LGC-EXTRACCION,PP-EXT-LGC-SOLVENTE,,,,,,,,,,,,,,,,,,,,,,,,,,,,,,,,,,,,,,,,,,,,,,,,,,,,,,,,,,,,,,,,,,,,,,,,,,,,,
contenedor_unico,contenedor_por_ancestro_project,PP-EXT-HEX05,TRANSMISOR DE HEXANO EN ROSCA DE CARGA EX01 | Grupo: PP-EXT-TRANSM HEX,271,4,271,PP-EXT-LGC-SOLVENTE,PP-EXT-LGC-SOLVENTE,PP-EXT-LGC-EXTRACCION > PP-EXT-LGC-SOLVENTE,PP > PP-EXT-LGC-EXTRACCION > PP-EXT-LGC-SOLVENTE,PP > PP-EXT-LGC-EXTRACCION > PP-EXT-LGC-SOLVENTE > PP-EXT-HEX05,366559,58a0c5ec-573a-4dcc-9a0e-9d96a2f21f89-000597df,Roofs,,Genérico - 400 mm,Genérico - 400 mm,,PP > PP-EXT-LGC-EXTRACCION > PP-EXT-LGC-SOLVENTE,contenedor_scoring,366559,58a0c5ec-573a-4dcc-9a0e-9d96a2f21f89-000597df,PP > PP-EXT-LGC-EXTRACCION > PP-EXT-LGC-SOLVENTE,3,77,NO,200,0,200,ancestro_project_exacto,366559:200:PP > PP-EXT-LGC-EXTRACCION > PP-EXT-LGC-SOLVENTE,PP-EXT-LGC-SOLVENTE,Sin match puntual; contenedor único por ancestro Project PP-EXT-LGC-SOLVENTE.,contenedor_unico_ancestro,PP-EXT-LGC-SOLVENTE,366559,366559,,,un_elemento_revit_para_ancestro,PP,PP-EXT-LGC-EXTRACCION,PP-EXT-LGC-SOLVENTE,,,,,,,,,,,,,,,,,,,,,,,,,,,,,,,,,,,,,,,,,,,,,,,,,,,,,,,,,,,,,,,,,,,,,,,,,,,,,
contenedor_unico,contenedor_por_ancestro_project,PP-EXT-HRV-HERVIDOR,HERVIDOR DE SOLVENTE | Grupo: PP-HRV HERVIDOR SOLV,272,4,272,PP-EXT-LGC-SOLVENTE,PP-EXT-LGC-SOLVENTE,PP-EXT-LGC-EXTRACCION > PP-EXT-LGC-SOLVENTE,PP > PP-EXT-LGC-EXTRACCION > PP-EXT-LGC-SOLVENTE,PP > PP-EXT-LGC-EXTRACCION > PP-EXT-LGC-SOLVENTE > PP-EXT-HRV-HERVIDOR SOLV,366559,58a0c5ec-573a-4dcc-9a0e-9d96a2f21f89-000597df,Roofs,,Genérico - 400 mm,Genérico - 400 mm,,PP > PP-EXT-LGC-EXTRACCION > PP-EXT-LGC-SOLVENTE,contenedor_scoring,366559,58a0c5ec-573a-4dcc-9a0e-9d96a2f21f89-000597df,PP > PP-EXT-LGC-EXTRACCION > PP-EXT-LGC-SOLVENTE,3,77,NO,200,0,200,ancestro_project_exacto,366559:200:PP > PP-EXT-LGC-EXTRACCION > PP-EXT-LGC-SOLVENTE,PP-EXT-LGC-SOLVENTE,Sin match puntual; contenedor único por ancestro Project PP-EXT-LGC-SOLVENTE.,contenedor_unico_ancestro,PP-EXT-LGC-SOLVENTE,366559,366559,,,un_elemento_revit_para_ancestro,PP,PP-EXT-LGC-EXTRACCION,PP-EXT-LGC-SOLVENTE,,,,,,,,,,,,,,,,,,,,,,,,,,,,,,,,,,,,,,,,,,,,,,,,,,,,,,,,,,,,,,,,,,,,,,,,,,,,,
contenedor_unico,contenedor_por_ancestro_project,PP-EXT-INT-INT04HERV,INTERCAMBIADOR DEL HERVIDOR | Grupo: PP-INTERCAMBIADOR HERVIDOR,273,5,273,PP-EXT-HRV-HERVIDOR SOLV,PP-EXT-HRV-HERVIDOR,PP-EXT-LGC-EXTRACCION > PP-EXT-LGC-SOLVENTE > PP-EXT-HRV-HERVIDOR,PP > PP-EXT-LGC-EXTRACCION > PP-EXT-LGC-SOLVENTE > PP-EXT-HRV-HERVIDOR SOLV,PP > PP-EXT-LGC-EXTRACCION > PP-EXT-LGC-SOLVENTE > PP-EXT-HRV-HERVIDOR SOLV > PP-EXT-INT-INT04HERV,366559,58a0c5ec-573a-4dcc-9a0e-9d96a2f21f89-000597df,Roofs,,Genérico - 400 mm,Genérico - 400 mm,,PP > PP-EXT-LGC-EXTRACCION > PP-EXT-LGC-SOLVENTE,contenedor_scoring,366559,58a0c5ec-573a-4dcc-9a0e-9d96a2f21f89-000597df,PP > PP-EXT-LGC-EXTRACCION > PP-EXT-LGC-SOLVENTE,3,77,NO,200,0,200,ancestro_project_exacto,366559:200:PP > PP-EXT-LGC-EXTRACCION > PP-EXT-LGC-SOLVENTE,PP-EXT-LGC-SOLVENTE,Sin match puntual; contenedor único por ancestro Project PP-EXT-LGC-SOLVENTE.,contenedor_unico_ancestro,PP-EXT-LGC-SOLVENTE,366559,366559,,,un_elemento_revit_para_ancestro,PP,PP-EXT-LGC-EXTRACCION,PP-EXT-LGC-SOLVENTE,,,,,,,,,,,,,,,,,,,,,,,,,,,,,,,,,,,,,,,,,,,,,,,,,,,,,,,,,,,,,,,,,,,,,,,,,,,,,
contenedor_unico,contenedor_por_ancestro_project,PP-EXT-TNQ-TKA,TANQUE A  DE SOLVENTE | Grupo: PP-TNQ EXTRACCION,274,4,274,PP-EXT-LGC-SOLVENTE,PP-EXT-LGC-SOLVENTE,PP-EXT-LGC-EXTRACCION > PP-EXT-LGC-SOLVENTE,PP > PP-EXT-LGC-EXTRACCION > PP-EXT-LGC-SOLVENTE,PP > PP-EXT-LGC-EXTRACCION > PP-EXT-LGC-SOLVENTE > PP-EXT-TNQ-TKA,366559,58a0c5ec-573a-4dcc-9a0e-9d96a2f21f89-000597df,Roofs,,Genérico - 400 mm,Genérico - 400 mm,,PP > PP-EXT-LGC-EXTRACCION > PP-EXT-LGC-SOLVENTE,contenedor_scoring,366559,58a0c5ec-573a-4dcc-9a0e-9d96a2f21f89-000597df,PP > PP-EXT-LGC-EXTRACCION > PP-EXT-LGC-SOLVENTE,3,77,NO,200,0,200,ancestro_project_exacto,366559:200:PP > PP-EXT-LGC-EXTRACCION > PP-EXT-LGC-SOLVENTE,PP-EXT-LGC-SOLVENTE,Sin match puntual; contenedor único por ancestro Project PP-EXT-LGC-SOLVENTE.,contenedor_unico_ancestro,PP-EXT-LGC-SOLVENTE,366559,366559,,,un_elemento_revit_para_ancestro,PP,PP-EXT-LGC-EXTRACCION,PP-EXT-LGC-SOLVENTE,,,,,,,,,,,,,,,,,,,,,,,,,,,,,,,,,,,,,,,,,,,,,,,,,,,,,,,,,,,,,,,,,,,,,,,,,,,,,
contenedor_unico,contenedor_por_ancestro_project,PP-EXT-TNQ-TKB,TANQUE B  DE SOLVENTE | Grupo: PP-TNQ EXTRACCION,275,4,275,PP-EXT-LGC-SOLVENTE,PP-EXT-LGC-SOLVENTE,PP-EXT-LGC-EXTRACCION > PP-EXT-LGC-SOLVENTE,PP > PP-EXT-LGC-EXTRACCION > PP-EXT-LGC-SOLVENTE,PP > PP-EXT-LGC-EXTRACCION > PP-EXT-LGC-SOLVENTE > PP-EXT-TNQ-TKB,366559,58a0c5ec-573a-4dcc-9a0e-9d96a2f21f89-000597df,Roofs,,Genérico - 400 mm,Genérico - 400 mm,,PP > PP-EXT-LGC-EXTRACCION > PP-EXT-LGC-SOLVENTE,contenedor_scoring,366559,58a0c5ec-573a-4dcc-9a0e-9d96a2f21f89-000597df,PP > PP-EXT-LGC-EXTRACCION > PP-EXT-LGC-SOLVENTE,3,77,NO,200,0,200,ancestro_project_exacto,366559:200:PP > PP-EXT-LGC-EXTRACCION > PP-EXT-LGC-SOLVENTE,PP-EXT-LGC-SOLVENTE,Sin match puntual; contenedor único por ancestro Project PP-EXT-LGC-SOLVENTE.,contenedor_unico_ancestro,PP-EXT-LGC-SOLVENTE,366559,366559,,,un_elemento_revit_para_ancestro,PP,PP-EXT-LGC-EXTRACCION,PP-EXT-LGC-SOLVENTE,,,,,,,,,,,,,,,,,,,,,,,,,,,,,,,,,,,,,,,,,,,,,,,,,,,,,,,,,,,,,,,,,,,,,,,,,,,,,
contenedor_unico,contenedor_por_ancestro_project,PP-EXT-TNQ-TKC,TANQUE C  DE SOLVENTE | Grupo: PP-TNQ EXTRACCION,276,4,276,PP-EXT-LGC-SOLVENTE,PP-EXT-LGC-SOLVENTE,PP-EXT-LGC-EXTRACCION > PP-EXT-LGC-SOLVENTE,PP > PP-EXT-LGC-EXTRACCION > PP-EXT-LGC-SOLVENTE,PP > PP-EXT-LGC-EXTRACCION > PP-EXT-LGC-SOLVENTE > PP-EXT-TNQ-TKC,366559,58a0c5ec-573a-4dcc-9a0e-9d96a2f21f89-000597df,Roofs,,Genérico - 400 mm,Genérico - 400 mm,,PP > PP-EXT-LGC-EXTRACCION > PP-EXT-LGC-SOLVENTE,contenedor_scoring,366559,58a0c5ec-573a-4dcc-9a0e-9d96a2f21f89-000597df,PP > PP-EXT-LGC-EXTRACCION > PP-EXT-LGC-SOLVENTE,3,77,NO,200,0,200,ancestro_project_exacto,366559:200:PP > PP-EXT-LGC-EXTRACCION > PP-EXT-LGC-SOLVENTE,PP-EXT-LGC-SOLVENTE,Sin match puntual; contenedor único por ancestro Project PP-EXT-LGC-SOLVENTE.,contenedor_unico_ancestro,PP-EXT-LGC-SOLVENTE,366559,366559,,,un_elemento_revit_para_ancestro,PP,PP-EXT-LGC-EXTRACCION,PP-EXT-LGC-SOLVENTE,,,,,,,,,,,,,,,,,,,,,,,,,,,,,,,,,,,,,,,,,,,,,,,,,,,,,,,,,,,,,,,,,,,,,,,,,,,,,
contenedor_unico,contenedor_por_ancestro_project,PP-EXT-TNQ-TKSERVICIO,TANQUE SERVICIO DE SOLVENTE | Grupo: PP-TNQ EXTRACCION,277,4,277,PP-EXT-LGC-SOLVENTE,PP-EXT-LGC-SOLVENTE,PP-EXT-LGC-EXTRACCION > PP-EXT-LGC-SOLVENTE,PP > PP-EXT-LGC-EXTRACCION > PP-EXT-LGC-SOLVENTE,PP > PP-EXT-LGC-EXTRACCION > PP-EXT-LGC-SOLVENTE > PP-EXT-TNQ-TKSERVICIO,366559,58a0c5ec-573a-4dcc-9a0e-9d96a2f21f89-000597df,Roofs,,Genérico - 400 mm,Genérico - 400 mm,,PP > PP-EXT-LGC-EXTRACCION > PP-EXT-LGC-SOLVENTE,contenedor_scoring,366559,58a0c5ec-573a-4dcc-9a0e-9d96a2f21f89-000597df,PP > PP-EXT-LGC-EXTRACCION > PP-EXT-LGC-SOLVENTE,3,77,NO,200,0,200,ancestro_project_exacto,366559:200:PP > PP-EXT-LGC-EXTRACCION > PP-EXT-LGC-SOLVENTE,PP-EXT-LGC-SOLVENTE,Sin match puntual; contenedor único por ancestro Project PP-EXT-LGC-SOLVENTE.,contenedor_unico_ancestro,PP-EXT-LGC-SOLVENTE,366559,366559,,,un_elemento_revit_para_ancestro,PP,PP-EXT-LGC-EXTRACCION,PP-EXT-LGC-SOLVENTE,,,,,,,,,,,,,,,,,,,,,,,,,,,,,,,,,,,,,,,,,,,,,,,,,,,,,,,,,,,,,,,,,,,,,,,,,,,,,
contenedor_logico_duplicado_distributed,contenedor_por_ancestro_project,PP-EXT-RDL-RD02,REDLER RD02  ZETA SALIDA EX01 A DT01 | Grupo: PP-REDLER RD02,278,3,278,PP-EXT-LGC-EXTRACCION,PP-EXT-LGC-EXTRACCION,PP-EXT-LGC-EXTRACCION,PP > PP-EXT-LGC-EXTRACCION,PP > PP-EXT-LGC-EXTRACCION > PP-EXT-RDL-RD02,179296,e873c32e-5e0c-4f36-b2a7-48d4917bce06-0002bc60,Roofs,,Genérico - 400 mm,Genérico - 400 mm,,PP > PP-EXT-LGC-EXTRACCION > PP-EXT-LGC-DESGOMADO,contenedor_scoring,179296,e873c32e-5e0c-4f36-b2a7-48d4917bce06-0002bc60,PP > PP-EXT-LGC-EXTRACCION > PP-EXT-LGC-DESGOMADO,3,77,NO,200,200,0,cluster_logico_mismo_sector,179296:200:PP > PP-EXT-LGC-EXTRACCION > PP-EXT-LGC-DESGOMADO || 179346:200:PP > PP-EXT-LGC-EXTRACCION > PP-EXT-EXT-EX01 EXTRACTOR || 366559:200:PP > PP-EXT-LGC-EXTRACCION > PP-EXT-LGC-SOLVENTE || 366791:200:PP > PP-EXT-LGC-EXTRACCION > PP-EXT-LGC-RECUP GASES || 366838:200:PP > PP-EXT-LGC-EXTRACCION > PP-EXT-LGC-DESTILACION || 366859:200:PP > PP-EXT-LGC-EXTRACCION || 366922:200:PP > PP-EXT-LGC-EXTRACCION > PP-EXT-TST-DT01,PP-EXT-LGC-EXTRACCION,Cluster lógico: ancestro PP-EXT-LGC-EXTRACCION en 7 elementos Revit equivalentes.,ambiguo_falso_por_contenedor_duplicado,PP-EXT-LGC-EXTRACCION,179296;179346;366559;366791;366838;366859;366922,,,distributed,distribucion_round_robin_en_preparar_aplicar,PP,PP-EXT-LGC-EXTRACCION,PP-EXT-LGC-DESGOMADO,,,,,,,,,,,,,,,,,,,,,,,,,,,,,,,,,,,,,,,,,,,,,,,,,,,,,,,,,,,,,,,,,,,,,,,,,,,,,
contenedor_logico_duplicado_distributed,contenedor_por_ancestro_project,PP-EXT-SIS-DILUVIO,SISTEMA DILUVIO DE PLANTA DE EXTRACCION | Grupo: PP-SIS DILUVIO,279,3,279,PP-EXT-LGC-EXTRACCION,PP-EXT-LGC-EXTRACCION,PP-EXT-LGC-EXTRACCION,PP > PP-EXT-LGC-EXTRACCION,PP > PP-EXT-LGC-EXTRACCION > PP-EXT-SIS-DILUVIO,179296,e873c32e-5e0c-4f36-b2a7-48d4917bce06-0002bc60,Roofs,,Genérico - 400 mm,Genérico - 400 mm,,PP > PP-EXT-LGC-EXTRACCION > PP-EXT-LGC-DESGOMADO,contenedor_scoring,179296,e873c32e-5e0c-4f36-b2a7-48d4917bce06-0002bc60,PP > PP-EXT-LGC-EXTRACCION > PP-EXT-LGC-DESGOMADO,3,77,NO,200,200,0,cluster_logico_mismo_sector,179296:200:PP > PP-EXT-LGC-EXTRACCION > PP-EXT-LGC-DESGOMADO || 179346:200:PP > PP-EXT-LGC-EXTRACCION > PP-EXT-EXT-EX01 EXTRACTOR || 366559:200:PP > PP-EXT-LGC-EXTRACCION > PP-EXT-LGC-SOLVENTE || 366791:200:PP > PP-EXT-LGC-EXTRACCION > PP-EXT-LGC-RECUP GASES || 366838:200:PP > PP-EXT-LGC-EXTRACCION > PP-EXT-LGC-DESTILACION || 366859:200:PP > PP-EXT-LGC-EXTRACCION || 366922:200:PP > PP-EXT-LGC-EXTRACCION > PP-EXT-TST-DT01,PP-EXT-LGC-EXTRACCION,Cluster lógico: ancestro PP-EXT-LGC-EXTRACCION en 7 elementos Revit equivalentes.,ambiguo_falso_por_contenedor_duplicado,PP-EXT-LGC-EXTRACCION,179296;179346;366559;366791;366838;366859;366922,,,distributed,distribucion_round_robin_en_preparar_aplicar,PP,PP-EXT-LGC-EXTRACCION,PP-EXT-LGC-DESGOMADO,,,,,,,,,,,,,,,,,,,,,,,,,,,,,,,,,,,,,,,,,,,,,,,,,,,,,,,,,,,,,,,,,,,,,,,,,,,,,
contenedor_logico_duplicado_distributed,contenedor_por_ancestro_project,PP-EXT-VLV-VD01,VALVULA A DIAFRAGMA DE DILUVIO VD01 (DE NORTE A SUR) | Grupo: PP-VALVULA DE DILUVIO,280,4,280,PP-EXT-SIS-DILUVIO,PP-EXT-SIS-DILUVIO,PP-EXT-LGC-EXTRACCION > PP-EXT-SIS-DILUVIO,PP > PP-EXT-LGC-EXTRACCION > PP-EXT-SIS-DILUVIO,PP > PP-EXT-LGC-EXTRACCION > PP-EXT-SIS-DILUVIO > PP-EXT-VLV-VD01,179296,e873c32e-5e0c-4f36-b2a7-48d4917bce06-0002bc60,Roofs,,Genérico - 400 mm,Genérico - 400 mm,,PP > PP-EXT-LGC-EXTRACCION > PP-EXT-LGC-DESGOMADO,contenedor_scoring,179296,e873c32e-5e0c-4f36-b2a7-48d4917bce06-0002bc60,PP > PP-EXT-LGC-EXTRACCION > PP-EXT-LGC-DESGOMADO,3,77,NO,200,200,0,cluster_logico_mismo_sector,179296:200:PP > PP-EXT-LGC-EXTRACCION > PP-EXT-LGC-DESGOMADO || 179346:200:PP > PP-EXT-LGC-EXTRACCION > PP-EXT-EXT-EX01 EXTRACTOR || 366559:200:PP > PP-EXT-LGC-EXTRACCION > PP-EXT-LGC-SOLVENTE || 366791:200:PP > PP-EXT-LGC-EXTRACCION > PP-EXT-LGC-RECUP GASES || 366838:200:PP > PP-EXT-LGC-EXTRACCION > PP-EXT-LGC-DESTILACION || 366859:200:PP > PP-EXT-LGC-EXTRACCION || 366922:200:PP > PP-EXT-LGC-EXTRACCION > PP-EXT-TST-DT01,PP-EXT-LGC-EXTRACCION,Cluster lógico: ancestro PP-EXT-LGC-EXTRACCION en 7 elementos Revit equivalentes.,ambiguo_falso_por_contenedor_duplicado,PP-EXT-LGC-EXTRACCION,179296;179346;366559;366791;366838;366859;366922,,,distributed,distribucion_round_robin_en_preparar_aplicar,PP,PP-EXT-LGC-EXTRACCION,PP-EXT-LGC-DESGOMADO,,,,,,,,,,,,,,,,,,,,,,,,,,,,,,,,,,,,,,,,,,,,,,,,,,,,,,,,,,,,,,,,,,,,,,,,,,,,,
contenedor_logico_duplicado_distributed,contenedor_por_ancestro_project,PP-EXT-VLV-VD02,VALVULA A DIAFRAGMA DE DILUVIO VD02 (DE NORTE A SUR) | Grupo: PP-VALVULA DE DILUVIO,281,4,281,PP-EXT-SIS-DILUVIO,PP-EXT-SIS-DILUVIO,PP-EXT-LGC-EXTRACCION > PP-EXT-SIS-DILUVIO,PP > PP-EXT-LGC-EXTRACCION > PP-EXT-SIS-DILUVIO,PP > PP-EXT-LGC-EXTRACCION > PP-EXT-SIS-DILUVIO > PP-EXT-VLV-VD02,179296,e873c32e-5e0c-4f36-b2a7-48d4917bce06-0002bc60,Roofs,,Genérico - 400 mm,Genérico - 400 mm,,PP > PP-EXT-LGC-EXTRACCION > PP-EXT-LGC-DESGOMADO,contenedor_scoring,179296,e873c32e-5e0c-4f36-b2a7-48d4917bce06-0002bc60,PP > PP-EXT-LGC-EXTRACCION > PP-EXT-LGC-DESGOMADO,3,77,NO,200,200,0,cluster_logico_mismo_sector,179296:200:PP > PP-EXT-LGC-EXTRACCION > PP-EXT-LGC-DESGOMADO || 179346:200:PP > PP-EXT-LGC-EXTRACCION > PP-EXT-EXT-EX01 EXTRACTOR || 366559:200:PP > PP-EXT-LGC-EXTRACCION > PP-EXT-LGC-SOLVENTE || 366791:200:PP > PP-EXT-LGC-EXTRACCION > PP-EXT-LGC-RECUP GASES || 366838:200:PP > PP-EXT-LGC-EXTRACCION > PP-EXT-LGC-DESTILACION || 366859:200:PP > PP-EXT-LGC-EXTRACCION || 366922:200:PP > PP-EXT-LGC-EXTRACCION > PP-EXT-TST-DT01,PP-EXT-LGC-EXTRACCION,Cluster lógico: ancestro PP-EXT-LGC-EXTRACCION en 7 elementos Revit equivalentes.,ambiguo_falso_por_contenedor_duplicado,PP-EXT-LGC-EXTRACCION,179296;179346;366559;366791;366838;366859;366922,,,distributed,distribucion_round_robin_en_preparar_aplicar,PP,PP-EXT-LGC-EXTRACCION,PP-EXT-LGC-DESGOMADO,,,,,,,,,,,,,,,,,,,,,,,,,,,,,,,,,,,,,,,,,,,,,,,,,,,,,,,,,,,,,,,,,,,,,,,,,,,,,
contenedor_logico_duplicado_distributed,contenedor_por_ancestro_project,PP-EXT-VLV-VD03,VALVULA A DIAFRAGMA DE DILUVIO VD03 (DE NORTE A SUR) | Grupo: PP-VALVULA DE DILUVIO,282,4,282,PP-EXT-SIS-DILUVIO,PP-EXT-SIS-DILUVIO,PP-EXT-LGC-EXTRACCION > PP-EXT-SIS-DILUVIO,PP > PP-EXT-LGC-EXTRACCION > PP-EXT-SIS-DILUVIO,PP > PP-EXT-LGC-EXTRACCION > PP-EXT-SIS-DILUVIO > PP-EXT-VLV-VD03,179296,e873c32e-5e0c-4f36-b2a7-48d4917bce06-0002bc60,Roofs,,Genérico - 400 mm,Genérico - 400 mm,,PP > PP-EXT-LGC-EXTRACCION > PP-EXT-LGC-DESGOMADO,contenedor_scoring,179296,e873c32e-5e0c-4f36-b2a7-48d4917bce06-0002bc60,PP > PP-EXT-LGC-EXTRACCION > PP-EXT-LGC-DESGOMADO,3,77,NO,200,200,0,cluster_logico_mismo_sector,179296:200:PP > PP-EXT-LGC-EXTRACCION > PP-EXT-LGC-DESGOMADO || 179346:200:PP > PP-EXT-LGC-EXTRACCION > PP-EXT-EXT-EX01 EXTRACTOR || 366559:200:PP > PP-EXT-LGC-EXTRACCION > PP-EXT-LGC-SOLVENTE || 366791:200:PP > PP-EXT-LGC-EXTRACCION > PP-EXT-LGC-RECUP GASES || 366838:200:PP > PP-EXT-LGC-EXTRACCION > PP-EXT-LGC-DESTILACION || 366859:200:PP > PP-EXT-LGC-EXTRACCION || 366922:200:PP > PP-EXT-LGC-EXTRACCION > PP-EXT-TST-DT01,PP-EXT-LGC-EXTRACCION,Cluster lógico: ancestro PP-EXT-LGC-EXTRACCION en 7 elementos Revit equivalentes.,ambiguo_falso_por_contenedor_duplicado,PP-EXT-LGC-EXTRACCION,179296;179346;366559;366791;366838;366859;366922,,,distributed,distribucion_round_robin_en_preparar_aplicar,PP,PP-EXT-LGC-EXTRACCION,PP-EXT-LGC-DESGOMADO,,,,,,,,,,,,,,,,,,,,,,,,,,,,,,,,,,,,,,,,,,,,,,,,,,,,,,,,,,,,,,,,,,,,,,,,,,,,,
contenedor_logico_duplicado_distributed,contenedor_por_ancestro_project,PP-EXT-SIS-LUBCENTRAL,SISTEMA LUBRICACION CENTRALIZADA EXT. | Grupo: PP-SIS LUBRIC CENTR EXTR,283,3,283,PP-EXT-LGC-EXTRACCION,PP-EXT-LGC-EXTRACCION,PP-EXT-LGC-EXTRACCION,PP > PP-EXT-LGC-EXTRACCION,PP > PP-EXT-LGC-EXTRACCION > PP-EXT-SIS-LUBCENTRAL,179296,e873c32e-5e0c-4f36-b2a7-48d4917bce06-0002bc60,Roofs,,Genérico - 400 mm,Genérico - 400 mm,,PP > PP-EXT-LGC-EXTRACCION > PP-EXT-LGC-DESGOMADO,contenedor_scoring,179296,e873c32e-5e0c-4f36-b2a7-48d4917bce06-0002bc60,PP > PP-EXT-LGC-EXTRACCION > PP-EXT-LGC-DESGOMADO,3,77,NO,200,200,0,cluster_logico_mismo_sector,179296:200:PP > PP-EXT-LGC-EXTRACCION > PP-EXT-LGC-DESGOMADO || 179346:200:PP > PP-EXT-LGC-EXTRACCION > PP-EXT-EXT-EX01 EXTRACTOR || 366559:200:PP > PP-EXT-LGC-EXTRACCION > PP-EXT-LGC-SOLVENTE || 366791:200:PP > PP-EXT-LGC-EXTRACCION > PP-EXT-LGC-RECUP GASES || 366838:200:PP > PP-EXT-LGC-EXTRACCION > PP-EXT-LGC-DESTILACION || 366859:200:PP > PP-EXT-LGC-EXTRACCION || 366922:200:PP > PP-EXT-LGC-EXTRACCION > PP-EXT-TST-DT01,PP-EXT-LGC-EXTRACCION,Cluster lógico: ancestro PP-EXT-LGC-EXTRACCION en 7 elementos Revit equivalentes.,ambiguo_falso_por_contenedor_duplicado,PP-EXT-LGC-EXTRACCION,179296;179346;366559;366791;366838;366859;366922,,,distributed,distribucion_round_robin_en_preparar_aplicar,PP,PP-EXT-LGC-EXTRACCION,PP-EXT-LGC-DESGOMADO,,,,,,,,,,,,,,,,,,,,,,,,,,,,,,,,,,,,,,,,,,,,,,,,,,,,,,,,,,,,,,,,,,,,,,,,,,,,,
contenedor_logico_duplicado_distributed,contenedor_por_ancestro_project,PP-EXT-SPR-SEPGOTAEXT,SEPARADOR DE GOTAS EXTRACCION | Grupo: PP-EXT-SPR-SEPGOTAEXT,284,3,284,PP-EXT-LGC-EXTRACCION,PP-EXT-LGC-EXTRACCION,PP-EXT-LGC-EXTRACCION,PP > PP-EXT-LGC-EXTRACCION,PP > PP-EXT-LGC-EXTRACCION > PP-EXT-SPR-SEPGOTAEXT,179296,e873c32e-5e0c-4f36-b2a7-48d4917bce06-0002bc60,Roofs,,Genérico - 400 mm,Genérico - 400 mm,,PP > PP-EXT-LGC-EXTRACCION > PP-EXT-LGC-DESGOMADO,contenedor_scoring,179296,e873c32e-5e0c-4f36-b2a7-48d4917bce06-0002bc60,PP > PP-EXT-LGC-EXTRACCION > PP-EXT-LGC-DESGOMADO,3,77,NO,200,200,0,cluster_logico_mismo_sector,179296:200:PP > PP-EXT-LGC-EXTRACCION > PP-EXT-LGC-DESGOMADO || 179346:200:PP > PP-EXT-LGC-EXTRACCION > PP-EXT-EXT-EX01 EXTRACTOR || 366559:200:PP > PP-EXT-LGC-EXTRACCION > PP-EXT-LGC-SOLVENTE || 366791:200:PP > PP-EXT-LGC-EXTRACCION > PP-EXT-LGC-RECUP GASES || 366838:200:PP > PP-EXT-LGC-EXTRACCION > PP-EXT-LGC-DESTILACION || 366859:200:PP > PP-EXT-LGC-EXTRACCION || 366922:200:PP > PP-EXT-LGC-EXTRACCION > PP-EXT-TST-DT01,PP-EXT-LGC-EXTRACCION,Cluster lógico: ancestro PP-EXT-LGC-EXTRACCION en 7 elementos Revit equivalentes.,ambiguo_falso_por_contenedor_duplicado,PP-EXT-LGC-EXTRACCION,179296;179346;366559;366791;366838;366859;366922,,,distributed,distribucion_round_robin_en_preparar_aplicar,PP,PP-EXT-LGC-EXTRACCION,PP-EXT-LGC-DESGOMADO,,,,,,,,,,,,,,,,,,,,,,,,,,,,,,,,,,,,,,,,,,,,,,,,,,,,,,,,,,,,,,,,,,,,,,,,,,,,,
contenedor_logico_duplicado_distributed,contenedor_por_ancestro_project,PP-EXT-SRN-SIREXT,SIRENA ALARMA DE EMERGENCIA EXTRACCION PTA PTO | Grupo: TE-SIRENAS PP,285,3,285,PP-EXT-LGC-EXTRACCION,PP-EXT-LGC-EXTRACCION,PP-EXT-LGC-EXTRACCION,PP > PP-EXT-LGC-EXTRACCION,PP > PP-EXT-LGC-EXTRACCION > PP-EXT-SRN-SIREXT,179296,e873c32e-5e0c-4f36-b2a7-48d4917bce06-0002bc60,Roofs,,Genérico - 400 mm,Genérico - 400 mm,,PP > PP-EXT-LGC-EXTRACCION > PP-EXT-LGC-DESGOMADO,contenedor_scoring,179296,e873c32e-5e0c-4f36-b2a7-48d4917bce06-0002bc60,PP > PP-EXT-LGC-EXTRACCION > PP-EXT-LGC-DESGOMADO,3,77,NO,200,200,0,cluster_logico_mismo_sector,179296:200:PP > PP-EXT-LGC-EXTRACCION > PP-EXT-LGC-DESGOMADO || 179346:200:PP > PP-EXT-LGC-EXTRACCION > PP-EXT-EXT-EX01 EXTRACTOR || 366559:200:PP > PP-EXT-LGC-EXTRACCION > PP-EXT-LGC-SOLVENTE || 366791:200:PP > PP-EXT-LGC-EXTRACCION > PP-EXT-LGC-RECUP GASES || 366838:200:PP > PP-EXT-LGC-EXTRACCION > PP-EXT-LGC-DESTILACION || 366859:200:PP > PP-EXT-LGC-EXTRACCION || 366922:200:PP > PP-EXT-LGC-EXTRACCION > PP-EXT-TST-DT01,PP-EXT-LGC-EXTRACCION,Cluster lógico: ancestro PP-EXT-LGC-EXTRACCION en 7 elementos Revit equivalentes.,ambiguo_falso_por_contenedor_duplicado,PP-EXT-LGC-EXTRACCION,179296;179346;366559;366791;366838;366859;366922,,,distributed,distribucion_round_robin_en_preparar_aplicar,PP,PP-EXT-LGC-EXTRACCION,PP-EXT-LGC-DESGOMADO,,,,,,,,,,,,,,,,,,,,,,,,,,,,,,,,,,,,,,,,,,,,,,,,,,,,,,,,,,,,,,,,,,,,,,,,,,,,,
contenedor_logico_duplicado_distributed,contenedor_por_ancestro_project,PP-EXT-TNQ-TKLAV,TANQUE TK09 LAVADO QUIMICO | Grupo: PP-TNQ EXTRACCION,286,3,286,PP-EXT-LGC-EXTRACCION,PP-EXT-LGC-EXTRACCION,PP-EXT-LGC-EXTRACCION,PP > PP-EXT-LGC-EXTRACCION,PP > PP-EXT-LGC-EXTRACCION > PP-EXT-TNQ-TKLAV QUIMICO,179296,e873c32e-5e0c-4f36-b2a7-48d4917bce06-0002bc60,Roofs,,Genérico - 400 mm,Genérico - 400 mm,,PP > PP-EXT-LGC-EXTRACCION > PP-EXT-LGC-DESGOMADO,contenedor_scoring,179296,e873c32e-5e0c-4f36-b2a7-48d4917bce06-0002bc60,PP > PP-EXT-LGC-EXTRACCION > PP-EXT-LGC-DESGOMADO,3,77,NO,200,200,0,cluster_logico_mismo_sector,179296:200:PP > PP-EXT-LGC-EXTRACCION > PP-EXT-LGC-DESGOMADO || 179346:200:PP > PP-EXT-LGC-EXTRACCION > PP-EXT-EXT-EX01 EXTRACTOR || 366559:200:PP > PP-EXT-LGC-EXTRACCION > PP-EXT-LGC-SOLVENTE || 366791:200:PP > PP-EXT-LGC-EXTRACCION > PP-EXT-LGC-RECUP GASES || 366838:200:PP > PP-EXT-LGC-EXTRACCION > PP-EXT-LGC-DESTILACION || 366859:200:PP > PP-EXT-LGC-EXTRACCION || 366922:200:PP > PP-EXT-LGC-EXTRACCION > PP-EXT-TST-DT01,PP-EXT-LGC-EXTRACCION,Cluster lógico: ancestro PP-EXT-LGC-EXTRACCION en 7 elementos Revit equivalentes.,ambiguo_falso_por_contenedor_duplicado,PP-EXT-LGC-EXTRACCION,179296;179346;366559;366791;366838;366859;366922,,,distributed,distribucion_round_robin_en_preparar_aplicar,PP,PP-EXT-LGC-EXTRACCION,PP-EXT-LGC-DESGOMADO,,,,,,,,,,,,,,,,,,,,,,,,,,,,,,,,,,,,,,,,,,,,,,,,,,,,,,,,,,,,,,,,,,,,,,,,,,,,,
contenedor_logico_duplicado_distributed,contenedor_por_ancestro_project,PP-EXT-BMB-BO28,LAVADO QUIMICO | Grupo: PP-BMB CENTRIF BO28,287,4,287,PP-EXT-TNQ-TKLAV QUIMICO,PP-EXT-TNQ-TKLAV,PP-EXT-LGC-EXTRACCION > PP-EXT-TNQ-TKLAV,PP > PP-EXT-LGC-EXTRACCION > PP-EXT-TNQ-TKLAV QUIMICO,PP > PP-EXT-LGC-EXTRACCION > PP-EXT-TNQ-TKLAV QUIMICO > PP-EXT-BMB-BO28,179296,e873c32e-5e0c-4f36-b2a7-48d4917bce06-0002bc60,Roofs,,Genérico - 400 mm,Genérico - 400 mm,,PP > PP-EXT-LGC-EXTRACCION > PP-EXT-LGC-DESGOMADO,contenedor_scoring,179296,e873c32e-5e0c-4f36-b2a7-48d4917bce06-0002bc60,PP > PP-EXT-LGC-EXTRACCION > PP-EXT-LGC-DESGOMADO,3,77,NO,200,200,0,cluster_logico_mismo_sector,179296:200:PP > PP-EXT-LGC-EXTRACCION > PP-EXT-LGC-DESGOMADO || 179346:200:PP > PP-EXT-LGC-EXTRACCION > PP-EXT-EXT-EX01 EXTRACTOR || 366559:200:PP > PP-EXT-LGC-EXTRACCION > PP-EXT-LGC-SOLVENTE || 366791:200:PP > PP-EXT-LGC-EXTRACCION > PP-EXT-LGC-RECUP GASES || 366838:200:PP > PP-EXT-LGC-EXTRACCION > PP-EXT-LGC-DESTILACION || 366859:200:PP > PP-EXT-LGC-EXTRACCION || 366922:200:PP > PP-EXT-LGC-EXTRACCION > PP-EXT-TST-DT01,PP-EXT-LGC-EXTRACCION,Cluster lógico: ancestro PP-EXT-LGC-EXTRACCION en 7 elementos Revit equivalentes.,ambiguo_falso_por_contenedor_duplicado,PP-EXT-LGC-EXTRACCION,179296;179346;366559;366791;366838;366859;366922,,,distributed,distribucion_round_robin_en_preparar_aplicar,PP,PP-EXT-LGC-EXTRACCION,PP-EXT-LGC-DESGOMADO,,,,,,,,,,,,,,,,,,,,,,,,,,,,,,,,,,,,,,,,,,,,,,,,,,,,,,,,,,,,,,,,,,,,,,,,,,,,,
contenedor_logico_duplicado_distributed,contenedor_por_ancestro_project,PP-EXT-TRF-TRA5,TRANSFORMADOR 05 EXTRACCION | Grupo: PP-TRF TRAFO  EXT,288,3,288,PP-EXT-LGC-EXTRACCION,PP-EXT-LGC-EXTRACCION,PP-EXT-LGC-EXTRACCION,PP > PP-EXT-LGC-EXTRACCION,PP > PP-EXT-LGC-EXTRACCION > PP-EXT-TRF-TRA5,179296,e873c32e-5e0c-4f36-b2a7-48d4917bce06-0002bc60,Roofs,,Genérico - 400 mm,Genérico - 400 mm,,PP > PP-EXT-LGC-EXTRACCION > PP-EXT-LGC-DESGOMADO,contenedor_scoring,179296,e873c32e-5e0c-4f36-b2a7-48d4917bce06-0002bc60,PP > PP-EXT-LGC-EXTRACCION > PP-EXT-LGC-DESGOMADO,3,77,NO,200,200,0,cluster_logico_mismo_sector,179296:200:PP > PP-EXT-LGC-EXTRACCION > PP-EXT-LGC-DESGOMADO || 179346:200:PP > PP-EXT-LGC-EXTRACCION > PP-EXT-EXT-EX01 EXTRACTOR || 366559:200:PP > PP-EXT-LGC-EXTRACCION > PP-EXT-LGC-SOLVENTE || 366791:200:PP > PP-EXT-LGC-EXTRACCION > PP-EXT-LGC-RECUP GASES || 366838:200:PP > PP-EXT-LGC-EXTRACCION > PP-EXT-LGC-DESTILACION || 366859:200:PP > PP-EXT-LGC-EXTRACCION || 366922:200:PP > PP-EXT-LGC-EXTRACCION > PP-EXT-TST-DT01,PP-EXT-LGC-EXTRACCION,Cluster lógico: ancestro PP-EXT-LGC-EXTRACCION en 7 elementos Revit equivalentes.,ambiguo_falso_por_contenedor_duplicado,PP-EXT-LGC-EXTRACCION,179296;179346;366559;366791;366838;366859;366922,,,distributed,distribucion_round_robin_en_preparar_aplicar,PP,PP-EXT-LGC-EXTRACCION,PP-EXT-LGC-DESGOMADO,,,,,,,,,,,,,,,,,,,,,,,,,,,,,,,,,,,,,,,,,,,,,,,,,,,,,,,,,,,,,,,,,,,,,,,,,,,,,
contenedor_logico_duplicado_distributed,contenedor_por_ancestro_project,PP-EXT-TRM-TRMSOLV,TRAMPA SOLVENTE PTA PTO | Grupo: PP-TRM TRAMPA SOLVENTE,289,3,289,PP-EXT-LGC-EXTRACCION,PP-EXT-LGC-EXTRACCION,PP-EXT-LGC-EXTRACCION,PP > PP-EXT-LGC-EXTRACCION,PP > PP-EXT-LGC-EXTRACCION > PP-EXT-TRM-TRMSOLV,179296,e873c32e-5e0c-4f36-b2a7-48d4917bce06-0002bc60,Roofs,,Genérico - 400 mm,Genérico - 400 mm,,PP > PP-EXT-LGC-EXTRACCION > PP-EXT-LGC-DESGOMADO,contenedor_scoring,179296,e873c32e-5e0c-4f36-b2a7-48d4917bce06-0002bc60,PP > PP-EXT-LGC-EXTRACCION > PP-EXT-LGC-DESGOMADO,3,77,NO,200,200,0,cluster_logico_mismo_sector,179296:200:PP > PP-EXT-LGC-EXTRACCION > PP-EXT-LGC-DESGOMADO || 179346:200:PP > PP-EXT-LGC-EXTRACCION > PP-EXT-EXT-EX01 EXTRACTOR || 366559:200:PP > PP-EXT-LGC-EXTRACCION > PP-EXT-LGC-SOLVENTE || 366791:200:PP > PP-EXT-LGC-EXTRACCION > PP-EXT-LGC-RECUP GASES || 366838:200:PP > PP-EXT-LGC-EXTRACCION > PP-EXT-LGC-DESTILACION || 366859:200:PP > PP-EXT-LGC-EXTRACCION || 366922:200:PP > PP-EXT-LGC-EXTRACCION > PP-EXT-TST-DT01,PP-EXT-LGC-EXTRACCION,Cluster lógico: ancestro PP-EXT-LGC-EXTRACCION en 7 elementos Revit equivalentes.,ambiguo_falso_por_contenedor_duplicado,PP-EXT-LGC-EXTRACCION,179296;179346;366559;366791;366838;366859;366922,,,distributed,distribucion_round_robin_en_preparar_aplicar,PP,PP-EXT-LGC-EXTRACCION,PP-EXT-LGC-DESGOMADO,,,,,,,,,,,,,,,,,,,,,,,,,,,,,,,,,,,,,,,,,,,,,,,,,,,,,,,,,,,,,,,,,,,,,,,,,,,,,
contenedor_logico_duplicado_distributed,contenedor_por_ancestro_project,PP-EXT-BMB-BO43,BOMBA BO43 TRAMPA SOLVENTE A TK SERV. | Grupo: PP-BMB VERTICAL BO43,290,4,290,PP-EXT-TRM-TRMSOLV,PP-EXT-TRM-TRMSOLV,PP-EXT-LGC-EXTRACCION > PP-EXT-TRM-TRMSOLV,PP > PP-EXT-LGC-EXTRACCION > PP-EXT-TRM-TRMSOLV,PP > PP-EXT-LGC-EXTRACCION > PP-EXT-TRM-TRMSOLV > PP-EXT-BMB-BO43,179296,e873c32e-5e0c-4f36-b2a7-48d4917bce06-0002bc60,Roofs,,Genérico - 400 mm,Genérico - 400 mm,,PP > PP-EXT-LGC-EXTRACCION > PP-EXT-LGC-DESGOMADO,contenedor_scoring,179296,e873c32e-5e0c-4f36-b2a7-48d4917bce06-0002bc60,PP > PP-EXT-LGC-EXTRACCION > PP-EXT-LGC-DESGOMADO,3,77,NO,200,200,0,cluster_logico_mismo_sector,179296:200:PP > PP-EXT-LGC-EXTRACCION > PP-EXT-LGC-DESGOMADO || 179346:200:PP > PP-EXT-LGC-EXTRACCION > PP-EXT-EXT-EX01 EXTRACTOR || 366559:200:PP > PP-EXT-LGC-EXTRACCION > PP-EXT-LGC-SOLVENTE || 366791:200:PP > PP-EXT-LGC-EXTRACCION > PP-EXT-LGC-RECUP GASES || 366838:200:PP > PP-EXT-LGC-EXTRACCION > PP-EXT-LGC-DESTILACION || 366859:200:PP > PP-EXT-LGC-EXTRACCION || 366922:200:PP > PP-EXT-LGC-EXTRACCION > PP-EXT-TST-DT01,PP-EXT-LGC-EXTRACCION,Cluster lógico: ancestro PP-EXT-LGC-EXTRACCION en 7 elementos Revit equivalentes.,ambiguo_falso_por_contenedor_duplicado,PP-EXT-LGC-EXTRACCION,179296;179346;366559;366791;366838;366859;366922,,,distributed,distribucion_round_robin_en_preparar_aplicar,PP,PP-EXT-LGC-EXTRACCION,PP-EXT-LGC-DESGOMADO,,,,,,,,,,,,,,,,,,,,,,,,,,,,,,,,,,,,,,,,,,,,,,,,,,,,,,,,,,,,,,,,,,,,,,,,,,,,,
contenedor_logico_duplicado_distributed,contenedor_por_ancestro_project,PP-EXT-BMB-BO44,BOMBA BO44 TRAMPA SOLVENTE A DESAGUE | Grupo: PP-BMB VERTICAL BO44,291,4,291,PP-EXT-TRM-TRMSOLV,PP-EXT-TRM-TRMSOLV,PP-EXT-LGC-EXTRACCION > PP-EXT-TRM-TRMSOLV,PP > PP-EXT-LGC-EXTRACCION > PP-EXT-TRM-TRMSOLV,PP > PP-EXT-LGC-EXTRACCION > PP-EXT-TRM-TRMSOLV > PP-EXT-BMB-BO44,179296,e873c32e-5e0c-4f36-b2a7-48d4917bce06-0002bc60,Roofs,,Genérico - 400 mm,Genérico - 400 mm,,PP > PP-EXT-LGC-EXTRACCION > PP-EXT-LGC-DESGOMADO,contenedor_scoring,179296,e873c32e-5e0c-4f36-b2a7-48d4917bce06-0002bc60,PP > PP-EXT-LGC-EXTRACCION > PP-EXT-LGC-DESGOMADO,3,77,NO,200,200,0,cluster_logico_mismo_sector,179296:200:PP > PP-EXT-LGC-EXTRACCION > PP-EXT-LGC-DESGOMADO || 179346:200:PP > PP-EXT-LGC-EXTRACCION > PP-EXT-EXT-EX01 EXTRACTOR || 366559:200:PP > PP-EXT-LGC-EXTRACCION > PP-EXT-LGC-SOLVENTE || 366791:200:PP > PP-EXT-LGC-EXTRACCION > PP-EXT-LGC-RECUP GASES || 366838:200:PP > PP-EXT-LGC-EXTRACCION > PP-EXT-LGC-DESTILACION || 366859:200:PP > PP-EXT-LGC-EXTRACCION || 366922:200:PP > PP-EXT-LGC-EXTRACCION > PP-EXT-TST-DT01,PP-EXT-LGC-EXTRACCION,Cluster lógico: ancestro PP-EXT-LGC-EXTRACCION en 7 elementos Revit equivalentes.,ambiguo_falso_por_contenedor_duplicado,PP-EXT-LGC-EXTRACCION,179296;179346;366559;366791;366838;366859;366922,,,distributed,distribucion_round_robin_en_preparar_aplicar,PP,PP-EXT-LGC-EXTRACCION,PP-EXT-LGC-DESGOMADO,,,,,,,,,,,,,,,,,,,,,,,,,,,,,,,,,,,,,,,,,,,,,,,,,,,,,,,,,,,,,,,,,,,,,,,,,,,,,
contenedor_logico_duplicado_distributed,contenedor_por_ancestro_project,PP-EXT-BMB-BO49,BOMBA BO49 E - RECUPERO DE TRAMPA | Grupo: PP-BMB CENTRIF BO49 E,292,4,292,PP-EXT-TRM-TRMSOLV,PP-EXT-TRM-TRMSOLV,PP-EXT-LGC-EXTRACCION > PP-EXT-TRM-TRMSOLV,PP > PP-EXT-LGC-EXTRACCION > PP-EXT-TRM-TRMSOLV,PP > PP-EXT-LGC-EXTRACCION > PP-EXT-TRM-TRMSOLV > PP-EXT-BMB-BO49 E,179296,e873c32e-5e0c-4f36-b2a7-48d4917bce06-0002bc60,Roofs,,Genérico - 400 mm,Genérico - 400 mm,,PP > PP-EXT-LGC-EXTRACCION > PP-EXT-LGC-DESGOMADO,contenedor_scoring,179296,e873c32e-5e0c-4f36-b2a7-48d4917bce06-0002bc60,PP > PP-EXT-LGC-EXTRACCION > PP-EXT-LGC-DESGOMADO,3,77,NO,200,200,0,cluster_logico_mismo_sector,179296:200:PP > PP-EXT-LGC-EXTRACCION > PP-EXT-LGC-DESGOMADO || 179346:200:PP > PP-EXT-LGC-EXTRACCION > PP-EXT-EXT-EX01 EXTRACTOR || 366559:200:PP > PP-EXT-LGC-EXTRACCION > PP-EXT-LGC-SOLVENTE || 366791:200:PP > PP-EXT-LGC-EXTRACCION > PP-EXT-LGC-RECUP GASES || 366838:200:PP > PP-EXT-LGC-EXTRACCION > PP-EXT-LGC-DESTILACION || 366859:200:PP > PP-EXT-LGC-EXTRACCION || 366922:200:PP > PP-EXT-LGC-EXTRACCION > PP-EXT-TST-DT01,PP-EXT-LGC-EXTRACCION,Cluster lógico: ancestro PP-EXT-LGC-EXTRACCION en 7 elementos Revit equivalentes.,ambiguo_falso_por_contenedor_duplicado,PP-EXT-LGC-EXTRACCION,179296;179346;366559;366791;366838;366859;366922,,,distributed,distribucion_round_robin_en_preparar_aplicar,PP,PP-EXT-LGC-EXTRACCION,PP-EXT-LGC-DESGOMADO,,,,,,,,,,,,,,,,,,,,,,,,,,,,,,,,,,,,,,,,,,,,,,,,,,,,,,,,,,,,,,,,,,,,,,,,,,,,,
match_directo,elemento_puntual,PP-EXT-TST-DT01,TOSTER  DT01 | Grupo: PP-TST TOSTER DT01,293,3,293,PP-EXT-LGC-EXTRACCION,PP-EXT-LGC-EXTRACCION,PP-EXT-LGC-EXTRACCION,PP > PP-EXT-LGC-EXTRACCION,PP > PP-EXT-LGC-EXTRACCION > PP-EXT-TST-DT01,366922,58a0c5ec-573a-4dcc-9a0e-9d96a2f21f89-0005994a,Roofs,,Genérico - 400 mm,Genérico - 400 mm,,PP > PP-EXT-LGC-EXTRACCION > PP-EXT-TST-DT01,btz_description_03,,,,,,,,,,,,,Coincidencia exacta única con elemento Revit.,match_directo,,,,,,match_puntual_unico,PP,PP-EXT-LGC-EXTRACCION,PP-EXT-TST-DT01,,,,,,,,,,,,,,,,,,,,,,,,,,,,,,,,,,,,,,,,,,,,,,,,,,,,,,,,,,,,,,,,,,,,,,,,,,,,,
contenedor_unico,contenedor_por_ancestro_project,PP-EXT-BMB-BO27,BOMBA BO27  LAVADOR DE GASES TK SERVICIO A CICLON  DT | Grupo: PP-BMB CENTRIF BO27,294,4,294,PP-EXT-TST-DT01,PP-EXT-TST-DT01,PP-EXT-LGC-EXTRACCION > PP-EXT-TST-DT01,PP > PP-EXT-LGC-EXTRACCION > PP-EXT-TST-DT01,PP > PP-EXT-LGC-EXTRACCION > PP-EXT-TST-DT01 > PP-EXT-BMB-BO27,366922,58a0c5ec-573a-4dcc-9a0e-9d96a2f21f89-0005994a,Roofs,,Genérico - 400 mm,Genérico - 400 mm,,PP > PP-EXT-LGC-EXTRACCION > PP-EXT-TST-DT01,contenedor_scoring,366922,58a0c5ec-573a-4dcc-9a0e-9d96a2f21f89-0005994a,PP > PP-EXT-LGC-EXTRACCION > PP-EXT-TST-DT01,3,77,NO,200,0,200,ancestro_project_exacto,366922:200:PP > PP-EXT-LGC-EXTRACCION > PP-EXT-TST-DT01,PP-EXT-TST-DT01,Sin match puntual; contenedor único por ancestro Project PP-EXT-TST-DT01.,contenedor_unico_ancestro,PP-EXT-TST-DT01,366922,366922,,,un_elemento_revit_para_ancestro,PP,PP-EXT-LGC-EXTRACCION,PP-EXT-TST-DT01,,,,,,,,,,,,,,,,,,,,,,,,,,,,,,,,,,,,,,,,,,,,,,,,,,,,,,,,,,,,,,,,,,,,,,,,,,,,,
contenedor_unico,contenedor_por_ancestro_project,PP-EXT-HDR-HCSOLV,HIDROCICLON DE SOLVENTE | Grupo: PP-HIDROCICLON SOLVENTE,295,4,295,PP-EXT-TST-DT01,PP-EXT-TST-DT01,PP-EXT-LGC-EXTRACCION > PP-EXT-TST-DT01,PP > PP-EXT-LGC-EXTRACCION > PP-EXT-TST-DT01,PP > PP-EXT-LGC-EXTRACCION > PP-EXT-TST-DT01 > PP-EXT-HDR-HCSOLV,366922,58a0c5ec-573a-4dcc-9a0e-9d96a2f21f89-0005994a,Roofs,,Genérico - 400 mm,Genérico - 400 mm,,PP > PP-EXT-LGC-EXTRACCION > PP-EXT-TST-DT01,contenedor_scoring,366922,58a0c5ec-573a-4dcc-9a0e-9d96a2f21f89-0005994a,PP > PP-EXT-LGC-EXTRACCION > PP-EXT-TST-DT01,3,77,NO,200,0,200,ancestro_project_exacto,366922:200:PP > PP-EXT-LGC-EXTRACCION > PP-EXT-TST-DT01,PP-EXT-TST-DT01,Sin match puntual; contenedor único por ancestro Project PP-EXT-TST-DT01.,contenedor_unico_ancestro,PP-EXT-TST-DT01,366922,366922,,,un_elemento_revit_para_ancestro,PP,PP-EXT-LGC-EXTRACCION,PP-EXT-TST-DT01,,,,,,,,,,,,,,,,,,,,,,,,,,,,,,,,,,,,,,,,,,,,,,,,,,,,,,,,,,,,,,,,,,,,,,,,,,,,,
contenedor_unico,contenedor_por_ancestro_project,PP-EXT-RDC-RDT01,REDUCTOR  DT01 - FALK 2197YBXU3-S-138 (1:138.4) | Grupo: PP-RDC REDUCTOR RDT01,296,4,296,PP-EXT-TST-DT01,PP-EXT-TST-DT01,PP-EXT-LGC-EXTRACCION > PP-EXT-TST-DT01,PP > PP-EXT-LGC-EXTRACCION > PP-EXT-TST-DT01,PP > PP-EXT-LGC-EXTRACCION > PP-EXT-TST-DT01 > PP-EXT-RDC-RDT01,366922,58a0c5ec-573a-4dcc-9a0e-9d96a2f21f89-0005994a,Roofs,,Genérico - 400 mm,Genérico - 400 mm,,PP > PP-EXT-LGC-EXTRACCION > PP-EXT-TST-DT01,contenedor_scoring,366922,58a0c5ec-573a-4dcc-9a0e-9d96a2f21f89-0005994a,PP > PP-EXT-LGC-EXTRACCION > PP-EXT-TST-DT01,3,77,NO,200,0,200,ancestro_project_exacto,366922:200:PP > PP-EXT-LGC-EXTRACCION > PP-EXT-TST-DT01,PP-EXT-TST-DT01,Sin match puntual; contenedor único por ancestro Project PP-EXT-TST-DT01.,contenedor_unico_ancestro,PP-EXT-TST-DT01,366922,366922,,,un_elemento_revit_para_ancestro,PP,PP-EXT-LGC-EXTRACCION,PP-EXT-TST-DT01,,,,,,,,,,,,,,,,,,,,,,,,,,,,,,,,,,,,,,,,,,,,,,,,,,,,,,,,,,,,,,,,,,,,,,,,,,,,,
contenedor_unico,contenedor_por_ancestro_project,PP-EXT-TNQ-TKCOND,TANQUE TK04 DE CONDENSADO DT | Grupo: PP-TNQ EXTRACCION,297,4,297,PP-EXT-TST-DT01,PP-EXT-TST-DT01,PP-EXT-LGC-EXTRACCION > PP-EXT-TST-DT01,PP > PP-EXT-LGC-EXTRACCION > PP-EXT-TST-DT01,PP > PP-EXT-LGC-EXTRACCION > PP-EXT-TST-DT01 > PP-EXT-TNQ-TKCOND DT,366922,58a0c5ec-573a-4dcc-9a0e-9d96a2f21f89-0005994a,Roofs,,Genérico - 400 mm,Genérico - 400 mm,,PP > PP-EXT-LGC-EXTRACCION > PP-EXT-TST-DT01,contenedor_scoring,366922,58a0c5ec-573a-4dcc-9a0e-9d96a2f21f89-0005994a,PP > PP-EXT-LGC-EXTRACCION > PP-EXT-TST-DT01,3,77,NO,200,0,200,ancestro_project_exacto,366922:200:PP > PP-EXT-LGC-EXTRACCION > PP-EXT-TST-DT01,PP-EXT-TST-DT01,Sin match puntual; contenedor único por ancestro Project PP-EXT-TST-DT01.,contenedor_unico_ancestro,PP-EXT-TST-DT01,366922,366922,,,un_elemento_revit_para_ancestro,PP,PP-EXT-LGC-EXTRACCION,PP-EXT-TST-DT01,,,,,,,,,,,,,,,,,,,,,,,,,,,,,,,,,,,,,,,,,,,,,,,,,,,,,,,,,,,,,,,,,,,,,,,,,,,,,
contenedor_unico,contenedor_por_ancestro_project,PP-EXT-BMB-BO40,BOMBA BO40 RETORNO CONDENSADOS SUR | Grupo: PP-BMB CENTRIF BO40,298,5,298,PP-EXT-TNQ-TKCOND DT,PP-EXT-TNQ-TKCOND,PP-EXT-LGC-EXTRACCION > PP-EXT-TST-DT01 > PP-EXT-TNQ-TKCOND,PP > PP-EXT-LGC-EXTRACCION > PP-EXT-TST-DT01 > PP-EXT-TNQ-TKCOND DT,PP > PP-EXT-LGC-EXTRACCION > PP-EXT-TST-DT01 > PP-EXT-TNQ-TKCOND DT > PP-EXT-BMB-BO40,366922,58a0c5ec-573a-4dcc-9a0e-9d96a2f21f89-0005994a,Roofs,,Genérico - 400 mm,Genérico - 400 mm,,PP > PP-EXT-LGC-EXTRACCION > PP-EXT-TST-DT01,contenedor_scoring,366922,58a0c5ec-573a-4dcc-9a0e-9d96a2f21f89-0005994a,PP > PP-EXT-LGC-EXTRACCION > PP-EXT-TST-DT01,3,77,NO,200,0,200,ancestro_project_exacto,366922:200:PP > PP-EXT-LGC-EXTRACCION > PP-EXT-TST-DT01,PP-EXT-TST-DT01,Sin match puntual; contenedor único por ancestro Project PP-EXT-TST-DT01.,contenedor_unico_ancestro,PP-EXT-TST-DT01,366922,366922,,,un_elemento_revit_para_ancestro,PP,PP-EXT-LGC-EXTRACCION,PP-EXT-TST-DT01,,,,,,,,,,,,,,,,,,,,,,,,,,,,,,,,,,,,,,,,,,,,,,,,,,,,,,,,,,,,,,,,,,,,,,,,,,,,,
contenedor_unico,contenedor_por_ancestro_project,PP-EXT-BMB-BO41,BOMBA BO41 RETORNO CONDENSADOS NORTE | Grupo: PP-BMB CENTRIF BO41,299,5,299,PP-EXT-TNQ-TKCOND DT,PP-EXT-TNQ-TKCOND,PP-EXT-LGC-EXTRACCION > PP-EXT-TST-DT01 > PP-EXT-TNQ-TKCOND,PP > PP-EXT-LGC-EXTRACCION > PP-EXT-TST-DT01 > PP-EXT-TNQ-TKCOND DT,PP > PP-EXT-LGC-EXTRACCION > PP-EXT-TST-DT01 > PP-EXT-TNQ-TKCOND DT > PP-EXT-BMB-BO41,366922,58a0c5ec-573a-4dcc-9a0e-9d96a2f21f89-0005994a,Roofs,,Genérico - 400 mm,Genérico - 400 mm,,PP > PP-EXT-LGC-EXTRACCION > PP-EXT-TST-DT01,contenedor_scoring,366922,58a0c5ec-573a-4dcc-9a0e-9d96a2f21f89-0005994a,PP > PP-EXT-LGC-EXTRACCION > PP-EXT-TST-DT01,3,77,NO,200,0,200,ancestro_project_exacto,366922:200:PP > PP-EXT-LGC-EXTRACCION > PP-EXT-TST-DT01,PP-EXT-TST-DT01,Sin match puntual; contenedor único por ancestro Project PP-EXT-TST-DT01.,contenedor_unico_ancestro,PP-EXT-TST-DT01,366922,366922,,,un_elemento_revit_para_ancestro,PP,PP-EXT-LGC-EXTRACCION,PP-EXT-TST-DT01,,,,,,,,,,,,,,,,,,,,,,,,,,,,,,,,,,,,,,,,,,,,,,,,,,,,,,,,,,,,,,,,,,,,,,,,,,,,,
contenedor_unico,contenedor_por_ancestro_project,PP-EXT-TNQ-TKFLASH,TANQUE DE FLASHEO | Grupo: PP-TNQ EXTRACCION,300,4,300,PP-EXT-TST-DT01,PP-EXT-TST-DT01,PP-EXT-LGC-EXTRACCION > PP-EXT-TST-DT01,PP > PP-EXT-LGC-EXTRACCION > PP-EXT-TST-DT01,PP > PP-EXT-LGC-EXTRACCION > PP-EXT-TST-DT01 > PP-EXT-TNQ-TKFLASH,366922,58a0c5ec-573a-4dcc-9a0e-9d96a2f21f89-0005994a,Roofs,,Genérico - 400 mm,Genérico - 400 mm,,PP > PP-EXT-LGC-EXTRACCION > PP-EXT-TST-DT01,contenedor_scoring,366922,58a0c5ec-573a-4dcc-9a0e-9d96a2f21f89-0005994a,PP > PP-EXT-LGC-EXTRACCION > PP-EXT-TST-DT01,3,77,NO,200,0,200,ancestro_project_exacto,366922:200:PP > PP-EXT-LGC-EXTRACCION > PP-EXT-TST-DT01,PP-EXT-TST-DT01,Sin match puntual; contenedor único por ancestro Project PP-EXT-TST-DT01.,contenedor_unico_ancestro,PP-EXT-TST-DT01,366922,366922,,,un_elemento_revit_para_ancestro,PP,PP-EXT-LGC-EXTRACCION,PP-EXT-TST-DT01,,,,,,,,,,,,,,,,,,,,,,,,,,,,,,,,,,,,,,,,,,,,,,,,,,,,,,,,,,,,,,,,,,,,,,,,,,,,,
contenedor_unico,contenedor_por_ancestro_project,PP-EXT-VLV-VSTK,VALVULA DE SEGURIDAD TK FLASHEO EXTRACCION | Grupo: PP-VLV TK FLASHEO EXT,301,5,301,PP-EXT-TNQ-TKFLASH,PP-EXT-TNQ-TKFLASH,PP-EXT-LGC-EXTRACCION > PP-EXT-TST-DT01 > PP-EXT-TNQ-TKFLASH,PP > PP-EXT-LGC-EXTRACCION > PP-EXT-TST-DT01 > PP-EXT-TNQ-TKFLASH,PP > PP-EXT-LGC-EXTRACCION > PP-EXT-TST-DT01 > PP-EXT-TNQ-TKFLASH > PP-EXT-VLV-VSTK FLASHEO,366922,58a0c5ec-573a-4dcc-9a0e-9d96a2f21f89-0005994a,Roofs,,Genérico - 400 mm,Genérico - 400 mm,,PP > PP-EXT-LGC-EXTRACCION > PP-EXT-TST-DT01,contenedor_scoring,366922,58a0c5ec-573a-4dcc-9a0e-9d96a2f21f89-0005994a,PP > PP-EXT-LGC-EXTRACCION > PP-EXT-TST-DT01,3,77,NO,200,0,200,ancestro_project_exacto,366922:200:PP > PP-EXT-LGC-EXTRACCION > PP-EXT-TST-DT01,PP-EXT-TST-DT01,Sin match puntual; contenedor único por ancestro Project PP-EXT-TST-DT01.,contenedor_unico_ancestro,PP-EXT-TST-DT01,366922,366922,,,un_elemento_revit_para_ancestro,PP,PP-EXT-LGC-EXTRACCION,PP-EXT-TST-DT01,,,,,,,,,,,,,,,,,,,,,,,,,,,,,,,,,,,,,,,,,,,,,,,,,,,,,,,,,,,,,,,,,,,,,,,,,,,,,
contenedor_unico,contenedor_por_ancestro_project,PP-EXT-VLV-EC01,VALVULA ROTATIVA EC01 | Grupo: PP-VLV ROTATIVA EC01,302,4,302,PP-EXT-TST-DT01,PP-EXT-TST-DT01,PP-EXT-LGC-EXTRACCION > PP-EXT-TST-DT01,PP > PP-EXT-LGC-EXTRACCION > PP-EXT-TST-DT01,PP > PP-EXT-LGC-EXTRACCION > PP-EXT-TST-DT01 > PP-EXT-VLV-EC01,366922,58a0c5ec-573a-4dcc-9a0e-9d96a2f21f89-0005994a,Roofs,,Genérico - 400 mm,Genérico - 400 mm,,PP > PP-EXT-LGC-EXTRACCION > PP-EXT-TST-DT01,contenedor_scoring,366922,58a0c5ec-573a-4dcc-9a0e-9d96a2f21f89-0005994a,PP > PP-EXT-LGC-EXTRACCION > PP-EXT-TST-DT01,3,77,NO,200,0,200,ancestro_project_exacto,366922:200:PP > PP-EXT-LGC-EXTRACCION > PP-EXT-TST-DT01,PP-EXT-TST-DT01,Sin match puntual; contenedor único por ancestro Project PP-EXT-TST-DT01.,contenedor_unico_ancestro,PP-EXT-TST-DT01,366922,366922,,,un_elemento_revit_para_ancestro,PP,PP-EXT-LGC-EXTRACCION,PP-EXT-TST-DT01,,,,,,,,,,,,,,,,,,,,,,,,,,,,,,,,,,,,,,,,,,,,,,,,,,,,,,,,,,,,,,,,,,,,,,,,,,,,,
contenedor_unico,contenedor_por_ancestro_project,PP-EXT-VLV-SOV-114,VALVULA PURGA CONDENSADO DT | Grupo: PP-VLV CTROL EXT,303,4,303,PP-EXT-TST-DT01,PP-EXT-TST-DT01,PP-EXT-LGC-EXTRACCION > PP-EXT-TST-DT01,PP > PP-EXT-LGC-EXTRACCION > PP-EXT-TST-DT01,PP > PP-EXT-LGC-EXTRACCION > PP-EXT-TST-DT01 > PP-EXT-VLV-SOV-114 VS03,366922,58a0c5ec-573a-4dcc-9a0e-9d96a2f21f89-0005994a,Roofs,,Genérico - 400 mm,Genérico - 400 mm,,PP > PP-EXT-LGC-EXTRACCION > PP-EXT-TST-DT01,contenedor_scoring,366922,58a0c5ec-573a-4dcc-9a0e-9d96a2f21f89-0005994a,PP > PP-EXT-LGC-EXTRACCION > PP-EXT-TST-DT01,3,77,NO,200,0,200,ancestro_project_exacto,366922:200:PP > PP-EXT-LGC-EXTRACCION > PP-EXT-TST-DT01,PP-EXT-TST-DT01,Sin match puntual; contenedor único por ancestro Project PP-EXT-TST-DT01.,contenedor_unico_ancestro,PP-EXT-TST-DT01,366922,366922,,,un_elemento_revit_para_ancestro,PP,PP-EXT-LGC-EXTRACCION,PP-EXT-TST-DT01,,,,,,,,,,,,,,,,,,,,,,,,,,,,,,,,,,,,,,,,,,,,,,,,,,,,,,,,,,,,,,,,,,,,,,,,,,,,,
contenedor_unico,contenedor_por_ancestro_project,PP-EXT-VLV-TCV-110,VALVULA CONTROL TEMPERATURA VAPOR DIRECTO AL PISO INF. DT | Grupo: PP-VLV CTROL EXT,304,4,304,PP-EXT-TST-DT01,PP-EXT-TST-DT01,PP-EXT-LGC-EXTRACCION > PP-EXT-TST-DT01,PP > PP-EXT-LGC-EXTRACCION > PP-EXT-TST-DT01,PP > PP-EXT-LGC-EXTRACCION > PP-EXT-TST-DT01 > PP-EXT-VLV-TCV-110,366922,58a0c5ec-573a-4dcc-9a0e-9d96a2f21f89-0005994a,Roofs,,Genérico - 400 mm,Genérico - 400 mm,,PP > PP-EXT-LGC-EXTRACCION > PP-EXT-TST-DT01,contenedor_scoring,366922,58a0c5ec-573a-4dcc-9a0e-9d96a2f21f89-0005994a,PP > PP-EXT-LGC-EXTRACCION > PP-EXT-TST-DT01,3,77,NO,200,0,200,ancestro_project_exacto,366922:200:PP > PP-EXT-LGC-EXTRACCION > PP-EXT-TST-DT01,PP-EXT-TST-DT01,Sin match puntual; contenedor único por ancestro Project PP-EXT-TST-DT01.,contenedor_unico_ancestro,PP-EXT-TST-DT01,366922,366922,,,un_elemento_revit_para_ancestro,PP,PP-EXT-LGC-EXTRACCION,PP-EXT-TST-DT01,,,,,,,,,,,,,,,,,,,,,,,,,,,,,,,,,,,,,,,,,,,,,,,,,,,,,,,,,,,,,,,,,,,,,,,,,,,,,
contenedor_unico,contenedor_por_ancestro_project,PP-EXT-VLV-TCV-111,VALVULA CONTROL TEMPERATURA VAPOR DIRECTO A LA OLLA  DT | Grupo: PP-VLV CTROL EXT,305,4,305,PP-EXT-TST-DT01,PP-EXT-TST-DT01,PP-EXT-LGC-EXTRACCION > PP-EXT-TST-DT01,PP > PP-EXT-LGC-EXTRACCION > PP-EXT-TST-DT01,PP > PP-EXT-LGC-EXTRACCION > PP-EXT-TST-DT01 > PP-EXT-VLV-TCV-111,366922,58a0c5ec-573a-4dcc-9a0e-9d96a2f21f89-0005994a,Roofs,,Genérico - 400 mm,Genérico - 400 mm,,PP > PP-EXT-LGC-EXTRACCION > PP-EXT-TST-DT01,contenedor_scoring,366922,58a0c5ec-573a-4dcc-9a0e-9d96a2f21f89-0005994a,PP > PP-EXT-LGC-EXTRACCION > PP-EXT-TST-DT01,3,77,NO,200,0,200,ancestro_project_exacto,366922:200:PP > PP-EXT-LGC-EXTRACCION > PP-EXT-TST-DT01,PP-EXT-TST-DT01,Sin match puntual; contenedor único por ancestro Project PP-EXT-TST-DT01.,contenedor_unico_ancestro,PP-EXT-TST-DT01,366922,366922,,,un_elemento_revit_para_ancestro,PP,PP-EXT-LGC-EXTRACCION,PP-EXT-TST-DT01,,,,,,,,,,,,,,,,,,,,,,,,,,,,,,,,,,,,,,,,,,,,,,,,,,,,,,,,,,,,,,,,,,,,,,,,,,,,,
contenedor_unico,contenedor_por_ancestro_project,PP-EXT-VLV-VS01,VALVULA ON-OFF VAPOR DE PRECALENTAMIENTO AL DT | Grupo: PP-VLV CTROL EXT,306,4,306,PP-EXT-TST-DT01,PP-EXT-TST-DT01,PP-EXT-LGC-EXTRACCION > PP-EXT-TST-DT01,PP > PP-EXT-LGC-EXTRACCION > PP-EXT-TST-DT01,PP > PP-EXT-LGC-EXTRACCION > PP-EXT-TST-DT01 > PP-EXT-VLV-VS01,366922,58a0c5ec-573a-4dcc-9a0e-9d96a2f21f89-0005994a,Roofs,,Genérico - 400 mm,Genérico - 400 mm,,PP > PP-EXT-LGC-EXTRACCION > PP-EXT-TST-DT01,contenedor_scoring,366922,58a0c5ec-573a-4dcc-9a0e-9d96a2f21f89-0005994a,PP > PP-EXT-LGC-EXTRACCION > PP-EXT-TST-DT01,3,77,NO,200,0,200,ancestro_project_exacto,366922:200:PP > PP-EXT-LGC-EXTRACCION > PP-EXT-TST-DT01,PP-EXT-TST-DT01,Sin match puntual; contenedor único por ancestro Project PP-EXT-TST-DT01.,contenedor_unico_ancestro,PP-EXT-TST-DT01,366922,366922,,,un_elemento_revit_para_ancestro,PP,PP-EXT-LGC-EXTRACCION,PP-EXT-TST-DT01,,,,,,,,,,,,,,,,,,,,,,,,,,,,,,,,,,,,,,,,,,,,,,,,,,,,,,,,,,,,,,,,,,,,,,,,,,,,,
contenedor_unico,contenedor_por_ancestro_project,PP-EXT-VLV-VS02,VALVULA ON-OFF ENTRADA VAPOR DT | Grupo: PP-VLV CTROL EXT,307,4,307,PP-EXT-TST-DT01,PP-EXT-TST-DT01,PP-EXT-LGC-EXTRACCION > PP-EXT-TST-DT01,PP > PP-EXT-LGC-EXTRACCION > PP-EXT-TST-DT01,PP > PP-EXT-LGC-EXTRACCION > PP-EXT-TST-DT01 > PP-EXT-VLV-VS02,366922,58a0c5ec-573a-4dcc-9a0e-9d96a2f21f89-0005994a,Roofs,,Genérico - 400 mm,Genérico - 400 mm,,PP > PP-EXT-LGC-EXTRACCION > PP-EXT-TST-DT01,contenedor_scoring,366922,58a0c5ec-573a-4dcc-9a0e-9d96a2f21f89-0005994a,PP > PP-EXT-LGC-EXTRACCION > PP-EXT-TST-DT01,3,77,NO,200,0,200,ancestro_project_exacto,366922:200:PP > PP-EXT-LGC-EXTRACCION > PP-EXT-TST-DT01,PP-EXT-TST-DT01,Sin match puntual; contenedor único por ancestro Project PP-EXT-TST-DT01.,contenedor_unico_ancestro,PP-EXT-TST-DT01,366922,366922,,,un_elemento_revit_para_ancestro,PP,PP-EXT-LGC-EXTRACCION,PP-EXT-TST-DT01,,,,,,,,,,,,,,,,,,,,,,,,,,,,,,,,,,,,,,,,,,,,,,,,,,,,,,,,,,,,,,,,,,,,,,,,,,,,,
sin_contenedor,sin_asociacion,PP-EXT-TNQ-DECANTADOR,TANQUE TK10 RECUPERACION TRAMPA SOLVENTE | Grupo: PP-TNQ EXTRACCION,308,2,308,PP,,,PP,PP > PP-EXT-TNQ-DECANTADOR,,,,,,,,,,,,,,,,,,,,,,force_ancestor_container: ningún ancestro de Project coincide con el export Revit (campos BTZ/Mark/Comments/path).,force_ancestor_sin_contenedor,,,,,,force_ancestor_container: sin_ancestro_en_modelo,,,,,,,,,,,,,,,,,,,,,,,,,,,,,,,,,,,,,,,,,,,,,,,,,,,,,,,,,,,,,,,,,,,,,,,,,,,,,,,,
sin_contenedor,sin_asociacion,PP-GRL-LGC-EQUIPOS,CONJUNTO DE EQUIPOS IZAJE PTA PTO | Grupo: PP-CONJ EQUIP IZAJE,309,2,309,PP,,,PP,PP > PP-GRL-LGC-EQUIPOS IZAJE,,,,,,,,,,,,,,,,,,,,,,force_ancestor_container: ningún ancestro de Project coincide con el export Revit (campos BTZ/Mark/Comments/path).,force_ancestor_sin_contenedor,,,,,,force_ancestor_container: sin_ancestro_en_modelo,,,,,,,,,,,,,,,,,,,,,,,,,,,,,,,,,,,,,,,,,,,,,,,,,,,,,,,,,,,,,,,,,,,,,,,,,,,,,,,,
sin_contenedor,sin_asociacion,PP-GRN-LGC-GRANULADO,SECTOR GRANULADO PTA PTO | Grupo: PP-SECTOR,310,2,310,PP,,,PP,PP > PP-GRN-LGC-GRANULADO,,,,,,,,,,,,,,,,,,,,,,force_ancestor_container: ningún ancestro de Project coincide con el export Revit (campos BTZ/Mark/Comments/path).,force_ancestor_sin_contenedor,,,,,,force_ancestor_container: sin_ancestro_en_modelo,,,,,,,,,,,,,,,,,,,,,,,,,,,,,,,,,,,,,,,,,,,,,,,,,,,,,,,,,,,,,,,,,,,,,,,,,,,,,,,,
sin_contenedor,sin_asociacion,PP-GRN-GRN-G01,GRANULADOR G01 | Grupo: PP-GRN GRANULADOR,311,3,311,PP-GRN-LGC-GRANULADO,PP-GRN-LGC-GRANULADO,PP-GRN-LGC-GRANULADO,PP > PP-GRN-LGC-GRANULADO,PP > PP-GRN-LGC-GRANULADO > PP-GRN-GRN-G01,,,,,,,,,,,,,,,,,,,,,,Ningún contenedor supera puntaje mínimo 40.,,,,,,,,,,,,,,,,,,,,,,,,,,,,,,,,,,,,,,,,,,,,,,,,,,,,,,,,,,,,,,,,,,,,,,,,,,,,,,,,,,,,,,,
sin_contenedor,sin_asociacion,PP-GRN-ALM-GA01,ALIMENTADOR GA01 | Grupo: PP-ALM ALIM GRANULADOR,312,4,312,PP-GRN-GRN-G01,PP-GRN-GRN-G01,PP-GRN-LGC-GRANULADO > PP-GRN-GRN-G01,PP > PP-GRN-LGC-GRANULADO > PP-GRN-GRN-G01,PP > PP-GRN-LGC-GRANULADO > PP-GRN-GRN-G01 > PP-GRN-ALM-GA01,,,,,,,,,,,,,,,,,,,,,,Ningún contenedor supera puntaje mínimo 40.,,,,,,,,,,,,,,,,,,,,,,,,,,,,,,,,,,,,,,,,,,,,,,,,,,,,,,,,,,,,,,,,,,,,,,,,,,,,,,,,,,,,,,,
sin_contenedor,sin_asociacion,PP-GRN-GRN-G02,GRANULADOR G02 | Grupo: PP-GRN GRANULADOR,313,3,313,PP-GRN-LGC-GRANULADO,PP-GRN-LGC-GRANULADO,PP-GRN-LGC-GRANULADO,PP > PP-GRN-LGC-GRANULADO,PP > PP-GRN-LGC-GRANULADO > PP-GRN-GRN-G02,,,,,,,,,,,,,,,,,,,,,,Ningún contenedor supera puntaje mínimo 40.,,,,,,,,,,,,,,,,,,,,,,,,,,,,,,,,,,,,,,,,,,,,,,,,,,,,,,,,,,,,,,,,,,,,,,,,,,,,,,,,,,,,,,,
sin_contenedor,sin_asociacion,PP-GRN-ALM-GA02,ALIMENTADOR GA02 | Grupo: PP-ALM ALIM GRANULADOR,314,4,314,PP-GRN-GRN-G02,PP-GRN-GRN-G02,PP-GRN-LGC-GRANULADO > PP-GRN-GRN-G02,PP > PP-GRN-LGC-GRANULADO > PP-GRN-GRN-G02,PP > PP-GRN-LGC-GRANULADO > PP-GRN-GRN-G02 > PP-GRN-ALM-GA02,,,,,,,,,,,,,,,,,,,,,,Ningún contenedor supera puntaje mínimo 40.,,,,,,,,,,,,,,,,,,,,,,,,,,,,,,,,,,,,,,,,,,,,,,,,,,,,,,,,,,,,,,,,,,,,,,,,,,,,,,,,,,,,,,,
sin_contenedor,sin_asociacion,PP-GRN-GRN-G03,GRANULADOR G03 | Grupo: PP-GRN GRANULADOR,315,3,315,PP-GRN-LGC-GRANULADO,PP-GRN-LGC-GRANULADO,PP-GRN-LGC-GRANULADO,PP > PP-GRN-LGC-GRANULADO,PP > PP-GRN-LGC-GRANULADO > PP-GRN-GRN-G03,,,,,,,,,,,,,,,,,,,,,,Ningún contenedor supera puntaje mínimo 40.,,,,,,,,,,,,,,,,,,,,,,,,,,,,,,,,,,,,,,,,,,,,,,,,,,,,,,,,,,,,,,,,,,,,,,,,,,,,,,,,,,,,,,,
sin_contenedor,sin_asociacion,PP-GRN-ALM-GA03,ALIMENTADOR GA03 | Grupo: PP-ALM ALIM GRANULADOR,316,4,316,PP-GRN-GRN-G03,PP-GRN-GRN-G03,PP-GRN-LGC-GRANULADO > PP-GRN-GRN-G03,PP > PP-GRN-LGC-GRANULADO > PP-GRN-GRN-G03,PP > PP-GRN-LGC-GRANULADO > PP-GRN-GRN-G03 > PP-GRN-ALM-GA03,,,,,,,,,,,,,,,,,,,,,,Ningún contenedor supera puntaje mínimo 40.,,,,,,,,,,,,,,,,,,,,,,,,,,,,,,,,,,,,,,,,,,,,,,,,,,,,,,,,,,,,,,,,,,,,,,,,,,,,,,,,,,,,,,,
sin_contenedor,sin_asociacion,PP-GRN-GRN-G04,GRANULADOR G04 | Grupo: PP-GRN GRANULADOR,317,3,317,PP-GRN-LGC-GRANULADO,PP-GRN-LGC-GRANULADO,PP-GRN-LGC-GRANULADO,PP > PP-GRN-LGC-GRANULADO,PP > PP-GRN-LGC-GRANULADO > PP-GRN-GRN-G04,,,,,,,,,,,,,,,,,,,,,,Ningún contenedor supera puntaje mínimo 40.,,,,,,,,,,,,,,,,,,,,,,,,,,,,,,,,,,,,,,,,,,,,,,,,,,,,,,,,,,,,,,,,,,,,,,,,,,,,,,,,,,,,,,,
sin_contenedor,sin_asociacion,PP-GRN-ALM-GA04,ALIMENTADOR GA04 | Grupo: PP-ALM ALIM GRANULADOR,318,4,318,PP-GRN-GRN-G04,PP-GRN-GRN-G04,PP-GRN-LGC-GRANULADO > PP-GRN-GRN-G04,PP > PP-GRN-LGC-GRANULADO > PP-GRN-GRN-G04,PP > PP-GRN-LGC-GRANULADO > PP-GRN-GRN-G04 > PP-GRN-ALM-GA04,,,,,,,,,,,,,,,,,,,,,,Ningún contenedor supera puntaje mínimo 40.,,,,,,,,,,,,,,,,,,,,,,,,,,,,,,,,,,,,,,,,,,,,,,,,,,,,,,,,,,,,,,,,,,,,,,,,,,,,,,,,,,,,,,,
sin_contenedor,sin_asociacion,PP-GRN-GRN-G05,GRANULADOR G05 | Grupo: PP-GRN GRANULADOR,319,3,319,PP-GRN-LGC-GRANULADO,PP-GRN-LGC-GRANULADO,PP-GRN-LGC-GRANULADO,PP > PP-GRN-LGC-GRANULADO,PP > PP-GRN-LGC-GRANULADO > PP-GRN-GRN-G05,,,,,,,,,,,,,,,,,,,,,,Ningún contenedor supera puntaje mínimo 40.,,,,,,,,,,,,,,,,,,,,,,,,,,,,,,,,,,,,,,,,,,,,,,,,,,,,,,,,,,,,,,,,,,,,,,,,,,,,,,,,,,,,,,,
sin_contenedor,sin_asociacion,PP-GRN-ALM-GA05,ALIMENTADOR GA05 | Grupo: PP-ALM ALIM GRANULADOR,320,4,320,PP-GRN-GRN-G05,PP-GRN-GRN-G05,PP-GRN-LGC-GRANULADO > PP-GRN-GRN-G05,PP > PP-GRN-LGC-GRANULADO > PP-GRN-GRN-G05,PP > PP-GRN-LGC-GRANULADO > PP-GRN-GRN-G05 > PP-GRN-ALM-GA05,,,,,,,,,,,,,,,,,,,,,,Ningún contenedor supera puntaje mínimo 40.,,,,,,,,,,,,,,,,,,,,,,,,,,,,,,,,,,,,,,,,,,,,,,,,,,,,,,,,,,,,,,,,,,,,,,,,,,,,,,,,,,,,,,,
sin_contenedor,sin_asociacion,PP-GRN-GRN-G06,GRANULADOR G06 | Grupo: PP-GRN GRANULADOR,321,3,321,PP-GRN-LGC-GRANULADO,PP-GRN-LGC-GRANULADO,PP-GRN-LGC-GRANULADO,PP > PP-GRN-LGC-GRANULADO,PP > PP-GRN-LGC-GRANULADO > PP-GRN-GRN-G06,,,,,,,,,,,,,,,,,,,,,,Ningún contenedor supera puntaje mínimo 40.,,,,,,,,,,,,,,,,,,,,,,,,,,,,,,,,,,,,,,,,,,,,,,,,,,,,,,,,,,,,,,,,,,,,,,,,,,,,,,,,,,,,,,,
sin_contenedor,sin_asociacion,PP-GRN-ALM-GA06,ALIMENTADOR GA06 | Grupo: PP-ALM ALIM GRANULADOR,322,4,322,PP-GRN-GRN-G06,PP-GRN-GRN-G06,PP-GRN-LGC-GRANULADO > PP-GRN-GRN-G06,PP > PP-GRN-LGC-GRANULADO > PP-GRN-GRN-G06,PP > PP-GRN-LGC-GRANULADO > PP-GRN-GRN-G06 > PP-GRN-ALM-GA06,,,,,,,,,,,,,,,,,,,,,,Ningún contenedor supera puntaje mínimo 40.,,,,,,,,,,,,,,,,,,,,,,,,,,,,,,,,,,,,,,,,,,,,,,,,,,,,,,,,,,,,,,,,,,,,,,,,,,,,,,,,,,,,,,,
sin_contenedor,sin_asociacion,PP-GRN-GRN-G07,GRANULADOR G07 | Grupo: PP-GRN GRANULADOR,323,3,323,PP-GRN-LGC-GRANULADO,PP-GRN-LGC-GRANULADO,PP-GRN-LGC-GRANULADO,PP > PP-GRN-LGC-GRANULADO,PP > PP-GRN-LGC-GRANULADO > PP-GRN-GRN-G07,,,,,,,,,,,,,,,,,,,,,,Ningún contenedor supera puntaje mínimo 40.,,,,,,,,,,,,,,,,,,,,,,,,,,,,,,,,,,,,,,,,,,,,,,,,,,,,,,,,,,,,,,,,,,,,,,,,,,,,,,,,,,,,,,,
sin_contenedor,sin_asociacion,PP-GRN-ALM-GA07,ALIMENTADOR GA07 | Grupo: PP-ALM ALIM GRANULADOR,324,4,324,PP-GRN-GRN-G07,PP-GRN-GRN-G07,PP-GRN-LGC-GRANULADO > PP-GRN-GRN-G07,PP > PP-GRN-LGC-GRANULADO > PP-GRN-GRN-G07,PP > PP-GRN-LGC-GRANULADO > PP-GRN-GRN-G07 > PP-GRN-ALM-GA07,,,,,,,,,,,,,,,,,,,,,,Ningún contenedor supera puntaje mínimo 40.,,,,,,,,,,,,,,,,,,,,,,,,,,,,,,,,,,,,,,,,,,,,,,,,,,,,,,,,,,,,,,,,,,,,,,,,,,,,,,,,,,,,,,,
sin_contenedor,sin_asociacion,PP-GRN-GRN-G08,GRANULADOR G08 | Grupo: PP-GRN GRANULADOR,325,3,325,PP-GRN-LGC-GRANULADO,PP-GRN-LGC-GRANULADO,PP-GRN-LGC-GRANULADO,PP > PP-GRN-LGC-GRANULADO,PP > PP-GRN-LGC-GRANULADO > PP-GRN-GRN-G08,,,,,,,,,,,,,,,,,,,,,,Ningún contenedor supera puntaje mínimo 40.,,,,,,,,,,,,,,,,,,,,,,,,,,,,,,,,,,,,,,,,,,,,,,,,,,,,,,,,,,,,,,,,,,,,,,,,,,,,,,,,,,,,,,,
sin_contenedor,sin_asociacion,PP-GRN-ALM-GA08,ALIMENTADOR GA08 | Grupo: PP-ALM ALIM GRANULADOR,326,4,326,PP-GRN-GRN-G08,PP-GRN-GRN-G08,PP-GRN-LGC-GRANULADO > PP-GRN-GRN-G08,PP > PP-GRN-LGC-GRANULADO > PP-GRN-GRN-G08,PP > PP-GRN-LGC-GRANULADO > PP-GRN-GRN-G08 > PP-GRN-ALM-GA08,,,,,,,,,,,,,,,,,,,,,,Ningún contenedor supera puntaje mínimo 40.,,,,,,,,,,,,,,,,,,,,,,,,,,,,,,,,,,,,,,,,,,,,,,,,,,,,,,,,,,,,,,,,,,,,,,,,,,,,,,,,,,,,,,,
sin_contenedor,sin_asociacion,PP-GRN-GRN-G09,GRANULADOR G09 | Grupo: PP-GRN GRANULADOR,327,3,327,PP-GRN-LGC-GRANULADO,PP-GRN-LGC-GRANULADO,PP-GRN-LGC-GRANULADO,PP > PP-GRN-LGC-GRANULADO,PP > PP-GRN-LGC-GRANULADO > PP-GRN-GRN-G09,,,,,,,,,,,,,,,,,,,,,,Ningún contenedor supera puntaje mínimo 40.,,,,,,,,,,,,,,,,,,,,,,,,,,,,,,,,,,,,,,,,,,,,,,,,,,,,,,,,,,,,,,,,,,,,,,,,,,,,,,,,,,,,,,,
sin_contenedor,sin_asociacion,PP-GRN-ALM-GA09,ALIMENTADOR GA09 | Grupo: PP-ALM ALIM GRANULADOR,328,4,328,PP-GRN-GRN-G09,PP-GRN-GRN-G09,PP-GRN-LGC-GRANULADO > PP-GRN-GRN-G09,PP > PP-GRN-LGC-GRANULADO > PP-GRN-GRN-G09,PP > PP-GRN-LGC-GRANULADO > PP-GRN-GRN-G09 > PP-GRN-ALM-GA09,,,,,,,,,,,,,,,,,,,,,,Ningún contenedor supera puntaje mínimo 40.,,,,,,,,,,,,,,,,,,,,,,,,,,,,,,,,,,,,,,,,,,,,,,,,,,,,,,,,,,,,,,,,,,,,,,,,,,,,,,,,,,,,,,,
sin_contenedor,sin_asociacion,PP-GRN-GRN-G10,GRANULADOR G10 | Grupo: PP-GRN GRANULADOR,329,3,329,PP-GRN-LGC-GRANULADO,PP-GRN-LGC-GRANULADO,PP-GRN-LGC-GRANULADO,PP > PP-GRN-LGC-GRANULADO,PP > PP-GRN-LGC-GRANULADO > PP-GRN-GRN-G10,,,,,,,,,,,,,,,,,,,,,,Ningún contenedor supera puntaje mínimo 40.,,,,,,,,,,,,,,,,,,,,,,,,,,,,,,,,,,,,,,,,,,,,,,,,,,,,,,,,,,,,,,,,,,,,,,,,,,,,,,,,,,,,,,,
sin_contenedor,sin_asociacion,PP-GRN-ALM-GA10,ALIMENTADOR GA10 | Grupo: PP-ALM ALIM GRANULADOR,330,4,330,PP-GRN-GRN-G10,PP-GRN-GRN-G10,PP-GRN-LGC-GRANULADO > PP-GRN-GRN-G10,PP > PP-GRN-LGC-GRANULADO > PP-GRN-GRN-G10,PP > PP-GRN-LGC-GRANULADO > PP-GRN-GRN-G10 > PP-GRN-ALM-GA10,,,,,,,,,,,,,,,,,,,,,,Ningún contenedor supera puntaje mínimo 40.,,,,,,,,,,,,,,,,,,,,,,,,,,,,,,,,,,,,,,,,,,,,,,,,,,,,,,,,,,,,,,,,,,,,,,,,,,,,,,,,,,,,,,,
sin_contenedor,sin_asociacion,PP-GRN-GRN-G11,GRANULADOR G11 | Grupo: PP-GRN GRANULADOR,331,3,331,PP-GRN-LGC-GRANULADO,PP-GRN-LGC-GRANULADO,PP-GRN-LGC-GRANULADO,PP > PP-GRN-LGC-GRANULADO,PP > PP-GRN-LGC-GRANULADO > PP-GRN-GRN-G11,,,,,,,,,,,,,,,,,,,,,,Ningún contenedor supera puntaje mínimo 40.,,,,,,,,,,,,,,,,,,,,,,,,,,,,,,,,,,,,,,,,,,,,,,,,,,,,,,,,,,,,,,,,,,,,,,,,,,,,,,,,,,,,,,,
sin_contenedor,sin_asociacion,PP-GRN-ALM-GA11,ALIMENTADOR GA11 | Grupo: PP-ALM ALIM GRANULADOR,332,4,332,PP-GRN-GRN-G11,PP-GRN-GRN-G11,PP-GRN-LGC-GRANULADO > PP-GRN-GRN-G11,PP > PP-GRN-LGC-GRANULADO > PP-GRN-GRN-G11,PP > PP-GRN-LGC-GRANULADO > PP-GRN-GRN-G11 > PP-GRN-ALM-GA11,,,,,,,,,,,,,,,,,,,,,,Ningún contenedor supera puntaje mínimo 40.,,,,,,,,,,,,,,,,,,,,,,,,,,,,,,,,,,,,,,,,,,,,,,,,,,,,,,,,,,,,,,,,,,,,,,,,,,,,,,,,,,,,,,,
sin_contenedor,sin_asociacion,PP-GRN-GRN-G12,GRANULADOR G12 | Grupo: PP-GRN GRANULADOR,333,3,333,PP-GRN-LGC-GRANULADO,PP-GRN-LGC-GRANULADO,PP-GRN-LGC-GRANULADO,PP > PP-GRN-LGC-GRANULADO,PP > PP-GRN-LGC-GRANULADO > PP-GRN-GRN-G12,,,,,,,,,,,,,,,,,,,,,,Ningún contenedor supera puntaje mínimo 40.,,,,,,,,,,,,,,,,,,,,,,,,,,,,,,,,,,,,,,,,,,,,,,,,,,,,,,,,,,,,,,,,,,,,,,,,,,,,,,,,,,,,,,,
sin_contenedor,sin_asociacion,PP-GRN-ALM-GA12,ALIMENTADOR GA12 | Grupo: PP-ALM ALIM GRANULADOR,334,4,334,PP-GRN-GRN-G12,PP-GRN-GRN-G12,PP-GRN-LGC-GRANULADO > PP-GRN-GRN-G12,PP > PP-GRN-LGC-GRANULADO > PP-GRN-GRN-G12,PP > PP-GRN-LGC-GRANULADO > PP-GRN-GRN-G12 > PP-GRN-ALM-GA12,,,,,,,,,,,,,,,,,,,,,,Ningún contenedor supera puntaje mínimo 40.,,,,,,,,,,,,,,,,,,,,,,,,,,,,,,,,,,,,,,,,,,,,,,,,,,,,,,,,,,,,,,,,,,,,,,,,,,,,,,,,,,,,,,,
sin_contenedor,sin_asociacion,PP-GRN-RDL-R21,REDLER R21 BAJO GRANULADORES | Grupo: PP-REDLER R21,335,3,335,PP-GRN-LGC-GRANULADO,PP-GRN-LGC-GRANULADO,PP-GRN-LGC-GRANULADO,PP > PP-GRN-LGC-GRANULADO,PP > PP-GRN-LGC-GRANULADO > PP-GRN-RDL-R21,,,,,,,,,,,,,,,,,,,,,,force_ancestor_container: ningún ancestro de Project coincide con el export Revit (campos BTZ/Mark/Comments/path).,force_ancestor_sin_contenedor,,,,,,force_ancestor_container: sin_ancestro_en_modelo,,,,,,,,,,,,,,,,,,,,,,,,,,,,,,,,,,,,,,,,,,,,,,,,,,,,,,,,,,,,,,,,,,,,,,,,,,,,,,,,
contenedor_logico_duplicado_distributed,contenedor_por_match_puntual_multi,PP-HRN-LGC-HARINA,SECTOR HARINA PTA PTO | Grupo: PP-SECTOR,336,2,336,PP,,,PP,PP > PP-HRN-LGC-HARINA,366183,112ed255-2c3e-4575-ba44-903fa5f3f8e7-00059667,Roofs,,Genérico - 400 mm,Genérico - 400 mm,,PP > PP-HRN-LGC-HARINA > PP-HRN-LGC-HARINA,contenedor_scoring,366183,112ed255-2c3e-4575-ba44-903fa5f3f8e7-00059667,PP > PP-HRN-LGC-HARINA > PP-HRN-LGC-HARINA,3,77,NO,200,200,0,match_puntual_multi_id_cluster_logico,285276:200:PP > PP-HRN-LGC-HARINA > PP-HRN-LGC-NORIAS || 286624:200:PP > PP-HRN-LGC-HARINA > PP-HRN-LGC-ENFRIADORES || 365759:200:PP > PP-HRN-LGC-HARINA > PP-HRN-LGC-REDLER || 366082:200:PP > PP-HRN-LGC-HARINA > PP-HRN-LGC-MOLINOS || 366106:200:PP > PP-HRN-LGC-HARINA > PP-HRN-LGC-TAMIZADORES || 366183:200:PP > PP-HRN-LGC-HARINA > PP-HRN-LGC-HARINA || 366280:200:PP > PP-HRN-LGC-HARINA > PP-HRN-LGC-VALVULAS A PUERTO,PP-HRN-LGC-HARINA,Mismo código en 7 elementos Revit; cluster lógico (no ambigüedad real).,ambiguo_falso_por_contenedor_duplicado,PP-HRN-LGC-HARINA,285276;286624;365759;366082;366106;366183;366280,,,distributed,mismo_codigo_varios_element_ids_cluster_distributed,PP,PP-HRN-LGC-HARINA,PP-HRN-LGC-HARINA,,,,,,,,,,,,,,,,,,,,,,,,,,,,,,,,,,,,,,,,,,,,,,,,,,,,,,,,,,,,,,,,,,,,,,,,,,,,,
contenedor_logico_duplicado_distributed,contenedor_por_ancestro_project,PP-HRN-FLT-FM02,FILTRO DE MANGA FM02 | Grupo: PP-FLT FILTRO MANGA FM02,337,3,337,PP-HRN-LGC-HARINA,PP-HRN-LGC-HARINA,PP-HRN-LGC-HARINA,PP > PP-HRN-LGC-HARINA,PP > PP-HRN-LGC-HARINA > PP-HRN-FLT-FM02,366183,112ed255-2c3e-4575-ba44-903fa5f3f8e7-00059667,Roofs,,Genérico - 400 mm,Genérico - 400 mm,,PP > PP-HRN-LGC-HARINA > PP-HRN-LGC-HARINA,contenedor_scoring,366183,112ed255-2c3e-4575-ba44-903fa5f3f8e7-00059667,PP > PP-HRN-LGC-HARINA > PP-HRN-LGC-HARINA,3,77,NO,200,200,0,cluster_logico_mismo_sector,285276:200:PP > PP-HRN-LGC-HARINA > PP-HRN-LGC-NORIAS || 286624:200:PP > PP-HRN-LGC-HARINA > PP-HRN-LGC-ENFRIADORES || 365759:200:PP > PP-HRN-LGC-HARINA > PP-HRN-LGC-REDLER || 366082:200:PP > PP-HRN-LGC-HARINA > PP-HRN-LGC-MOLINOS || 366106:200:PP > PP-HRN-LGC-HARINA > PP-HRN-LGC-TAMIZADORES || 366183:200:PP > PP-HRN-LGC-HARINA > PP-HRN-LGC-HARINA || 366280:200:PP > PP-HRN-LGC-HARINA > PP-HRN-LGC-VALVULAS A PUERTO,PP-HRN-LGC-HARINA,Cluster lógico: ancestro PP-HRN-LGC-HARINA en 7 elementos Revit equivalentes.,ambiguo_falso_por_contenedor_duplicado,PP-HRN-LGC-HARINA,285276;286624;365759;366082;366106;366183;366280,,,distributed,distribucion_round_robin_en_preparar_aplicar,PP,PP-HRN-LGC-HARINA,PP-HRN-LGC-HARINA,,,,,,,,,,,,,,,,,,,,,,,,,,,,,,,,,,,,,,,,,,,,,,,,,,,,,,,,,,,,,,,,,,,,,,,,,,,,,
contenedor_logico_duplicado_distributed,contenedor_por_ancestro_project,PP-HRN-RSC-SF08,ROSCA SF08  A SF09 RESIVE DE VR23A-B SALIDA FM02 | Grupo: PP-RSC SF08,338,4,338,PP-HRN-FLT-FM02,PP-HRN-FLT-FM02,PP-HRN-LGC-HARINA > PP-HRN-FLT-FM02,PP > PP-HRN-LGC-HARINA > PP-HRN-FLT-FM02,PP > PP-HRN-LGC-HARINA > PP-HRN-FLT-FM02 > PP-HRN-RSC-SF08,366183,112ed255-2c3e-4575-ba44-903fa5f3f8e7-00059667,Roofs,,Genérico - 400 mm,Genérico - 400 mm,,PP > PP-HRN-LGC-HARINA > PP-HRN-LGC-HARINA,contenedor_scoring,366183,112ed255-2c3e-4575-ba44-903fa5f3f8e7-00059667,PP > PP-HRN-LGC-HARINA > PP-HRN-LGC-HARINA,3,77,NO,200,200,0,cluster_logico_mismo_sector,285276:200:PP > PP-HRN-LGC-HARINA > PP-HRN-LGC-NORIAS || 286624:200:PP > PP-HRN-LGC-HARINA > PP-HRN-LGC-ENFRIADORES || 365759:200:PP > PP-HRN-LGC-HARINA > PP-HRN-LGC-REDLER || 366082:200:PP > PP-HRN-LGC-HARINA > PP-HRN-LGC-MOLINOS || 366106:200:PP > PP-HRN-LGC-HARINA > PP-HRN-LGC-TAMIZADORES || 366183:200:PP > PP-HRN-LGC-HARINA > PP-HRN-LGC-HARINA || 366280:200:PP > PP-HRN-LGC-HARINA > PP-HRN-LGC-VALVULAS A PUERTO,PP-HRN-LGC-HARINA,Cluster lógico: ancestro PP-HRN-LGC-HARINA en 7 elementos Revit equivalentes.,ambiguo_falso_por_contenedor_duplicado,PP-HRN-LGC-HARINA,285276;286624;365759;366082;366106;366183;366280,,,distributed,distribucion_round_robin_en_preparar_aplicar,PP,PP-HRN-LGC-HARINA,PP-HRN-LGC-HARINA,,,,,,,,,,,,,,,,,,,,,,,,,,,,,,,,,,,,,,,,,,,,,,,,,,,,,,,,,,,,,,,,,,,,,,,,,,,,,
contenedor_logico_duplicado_distributed,contenedor_por_ancestro_project,PP-HRN-RSC-SF09,ROSCA SF09  A R27 | Grupo: PP-RSC SF09,339,4,339,PP-HRN-FLT-FM02,PP-HRN-FLT-FM02,PP-HRN-LGC-HARINA > PP-HRN-FLT-FM02,PP > PP-HRN-LGC-HARINA > PP-HRN-FLT-FM02,PP > PP-HRN-LGC-HARINA > PP-HRN-FLT-FM02 > PP-HRN-RSC-SF09,366183,112ed255-2c3e-4575-ba44-903fa5f3f8e7-00059667,Roofs,,Genérico - 400 mm,Genérico - 400 mm,,PP > PP-HRN-LGC-HARINA > PP-HRN-LGC-HARINA,contenedor_scoring,366183,112ed255-2c3e-4575-ba44-903fa5f3f8e7-00059667,PP > PP-HRN-LGC-HARINA > PP-HRN-LGC-HARINA,3,77,NO,200,200,0,cluster_logico_mismo_sector,285276:200:PP > PP-HRN-LGC-HARINA > PP-HRN-LGC-NORIAS || 286624:200:PP > PP-HRN-LGC-HARINA > PP-HRN-LGC-ENFRIADORES || 365759:200:PP > PP-HRN-LGC-HARINA > PP-HRN-LGC-REDLER || 366082:200:PP > PP-HRN-LGC-HARINA > PP-HRN-LGC-MOLINOS || 366106:200:PP > PP-HRN-LGC-HARINA > PP-HRN-LGC-TAMIZADORES || 366183:200:PP > PP-HRN-LGC-HARINA > PP-HRN-LGC-HARINA || 366280:200:PP > PP-HRN-LGC-HARINA > PP-HRN-LGC-VALVULAS A PUERTO,PP-HRN-LGC-HARINA,Cluster lógico: ancestro PP-HRN-LGC-HARINA en 7 elementos Revit equivalentes.,ambiguo_falso_por_contenedor_duplicado,PP-HRN-LGC-HARINA,285276;286624;365759;366082;366106;366183;366280,,,distributed,distribucion_round_robin_en_preparar_aplicar,PP,PP-HRN-LGC-HARINA,PP-HRN-LGC-HARINA,,,,,,,,,,,,,,,,,,,,,,,,,,,,,,,,,,,,,,,,,,,,,,,,,,,,,,,,,,,,,,,,,,,,,,,,,,,,,
contenedor_logico_duplicado_distributed,contenedor_por_ancestro_project,PP-HRN-RSC-SF10,ROSCA SF10  A VR23B BAJO FILTRO MANGAS | Grupo: PP-RSC SF10,340,4,340,PP-HRN-FLT-FM02,PP-HRN-FLT-FM02,PP-HRN-LGC-HARINA > PP-HRN-FLT-FM02,PP > PP-HRN-LGC-HARINA > PP-HRN-FLT-FM02,PP > PP-HRN-LGC-HARINA > PP-HRN-FLT-FM02 > PP-HRN-RSC-SF10,366183,112ed255-2c3e-4575-ba44-903fa5f3f8e7-00059667,Roofs,,Genérico - 400 mm,Genérico - 400 mm,,PP > PP-HRN-LGC-HARINA > PP-HRN-LGC-HARINA,contenedor_scoring,366183,112ed255-2c3e-4575-ba44-903fa5f3f8e7-00059667,PP > PP-HRN-LGC-HARINA > PP-HRN-LGC-HARINA,3,77,NO,200,200,0,cluster_logico_mismo_sector,285276:200:PP > PP-HRN-LGC-HARINA > PP-HRN-LGC-NORIAS || 286624:200:PP > PP-HRN-LGC-HARINA > PP-HRN-LGC-ENFRIADORES || 365759:200:PP > PP-HRN-LGC-HARINA > PP-HRN-LGC-REDLER || 366082:200:PP > PP-HRN-LGC-HARINA > PP-HRN-LGC-MOLINOS || 366106:200:PP > PP-HRN-LGC-HARINA > PP-HRN-LGC-TAMIZADORES || 366183:200:PP > PP-HRN-LGC-HARINA > PP-HRN-LGC-HARINA || 366280:200:PP > PP-HRN-LGC-HARINA > PP-HRN-LGC-VALVULAS A PUERTO,PP-HRN-LGC-HARINA,Cluster lógico: ancestro PP-HRN-LGC-HARINA en 7 elementos Revit equivalentes.,ambiguo_falso_por_contenedor_duplicado,PP-HRN-LGC-HARINA,285276;286624;365759;366082;366106;366183;366280,,,distributed,distribucion_round_robin_en_preparar_aplicar,PP,PP-HRN-LGC-HARINA,PP-HRN-LGC-HARINA,,,,,,,,,,,,,,,,,,,,,,,,,,,,,,,,,,,,,,,,,,,,,,,,,,,,,,,,,,,,,,,,,,,,,,,,,,,,,
contenedor_logico_duplicado_distributed,contenedor_por_ancestro_project,PP-HRN-VLV-VR23A,VALVULA ROTATIVA VR23A | Grupo: PP-VLV ROTATIVA VR23A-B,341,4,341,PP-HRN-FLT-FM02,PP-HRN-FLT-FM02,PP-HRN-LGC-HARINA > PP-HRN-FLT-FM02,PP > PP-HRN-LGC-HARINA > PP-HRN-FLT-FM02,PP > PP-HRN-LGC-HARINA > PP-HRN-FLT-FM02 > PP-HRN-VLV-VR23A,366183,112ed255-2c3e-4575-ba44-903fa5f3f8e7-00059667,Roofs,,Genérico - 400 mm,Genérico - 400 mm,,PP > PP-HRN-LGC-HARINA > PP-HRN-LGC-HARINA,contenedor_scoring,366183,112ed255-2c3e-4575-ba44-903fa5f3f8e7-00059667,PP > PP-HRN-LGC-HARINA > PP-HRN-LGC-HARINA,3,77,NO,200,200,0,cluster_logico_mismo_sector,285276:200:PP > PP-HRN-LGC-HARINA > PP-HRN-LGC-NORIAS || 286624:200:PP > PP-HRN-LGC-HARINA > PP-HRN-LGC-ENFRIADORES || 365759:200:PP > PP-HRN-LGC-HARINA > PP-HRN-LGC-REDLER || 366082:200:PP > PP-HRN-LGC-HARINA > PP-HRN-LGC-MOLINOS || 366106:200:PP > PP-HRN-LGC-HARINA > PP-HRN-LGC-TAMIZADORES || 366183:200:PP > PP-HRN-LGC-HARINA > PP-HRN-LGC-HARINA || 366280:200:PP > PP-HRN-LGC-HARINA > PP-HRN-LGC-VALVULAS A PUERTO,PP-HRN-LGC-HARINA,Cluster lógico: ancestro PP-HRN-LGC-HARINA en 7 elementos Revit equivalentes.,ambiguo_falso_por_contenedor_duplicado,PP-HRN-LGC-HARINA,285276;286624;365759;366082;366106;366183;366280,,,distributed,distribucion_round_robin_en_preparar_aplicar,PP,PP-HRN-LGC-HARINA,PP-HRN-LGC-HARINA,,,,,,,,,,,,,,,,,,,,,,,,,,,,,,,,,,,,,,,,,,,,,,,,,,,,,,,,,,,,,,,,,,,,,,,,,,,,,
contenedor_logico_duplicado_distributed,contenedor_por_ancestro_project,PP-HRN-VLV-VR23B,VALVULA ROTATIVA VR23B | Grupo: PP-VLV ROTATIVA VR23A-B,342,4,342,PP-HRN-FLT-FM02,PP-HRN-FLT-FM02,PP-HRN-LGC-HARINA > PP-HRN-FLT-FM02,PP > PP-HRN-LGC-HARINA > PP-HRN-FLT-FM02,PP > PP-HRN-LGC-HARINA > PP-HRN-FLT-FM02 > PP-HRN-VLV-VR23B,366183,112ed255-2c3e-4575-ba44-903fa5f3f8e7-00059667,Roofs,,Genérico - 400 mm,Genérico - 400 mm,,PP > PP-HRN-LGC-HARINA > PP-HRN-LGC-HARINA,contenedor_scoring,366183,112ed255-2c3e-4575-ba44-903fa5f3f8e7-00059667,PP > PP-HRN-LGC-HARINA > PP-HRN-LGC-HARINA,3,77,NO,200,200,0,cluster_logico_mismo_sector,285276:200:PP > PP-HRN-LGC-HARINA > PP-HRN-LGC-NORIAS || 286624:200:PP > PP-HRN-LGC-HARINA > PP-HRN-LGC-ENFRIADORES || 365759:200:PP > PP-HRN-LGC-HARINA > PP-HRN-LGC-REDLER || 366082:200:PP > PP-HRN-LGC-HARINA > PP-HRN-LGC-MOLINOS || 366106:200:PP > PP-HRN-LGC-HARINA > PP-HRN-LGC-TAMIZADORES || 366183:200:PP > PP-HRN-LGC-HARINA > PP-HRN-LGC-HARINA || 366280:200:PP > PP-HRN-LGC-HARINA > PP-HRN-LGC-VALVULAS A PUERTO,PP-HRN-LGC-HARINA,Cluster lógico: ancestro PP-HRN-LGC-HARINA en 7 elementos Revit equivalentes.,ambiguo_falso_por_contenedor_duplicado,PP-HRN-LGC-HARINA,285276;286624;365759;366082;366106;366183;366280,,,distributed,distribucion_round_robin_en_preparar_aplicar,PP,PP-HRN-LGC-HARINA,PP-HRN-LGC-HARINA,,,,,,,,,,,,,,,,,,,,,,,,,,,,,,,,,,,,,,,,,,,,,,,,,,,,,,,,,,,,,,,,,,,,,,,,,,,,,
contenedor_logico_duplicado_distributed,contenedor_por_ancestro_project,PP-HRN-VNT-VE23,VENTILADOR VE23 | Grupo: PP-VNT VE23,343,4,343,PP-HRN-FLT-FM02,PP-HRN-FLT-FM02,PP-HRN-LGC-HARINA > PP-HRN-FLT-FM02,PP > PP-HRN-LGC-HARINA > PP-HRN-FLT-FM02,PP > PP-HRN-LGC-HARINA > PP-HRN-FLT-FM02 > PP-HRN-VNT-VE23,366183,112ed255-2c3e-4575-ba44-903fa5f3f8e7-00059667,Roofs,,Genérico - 400 mm,Genérico - 400 mm,,PP > PP-HRN-LGC-HARINA > PP-HRN-LGC-HARINA,contenedor_scoring,366183,112ed255-2c3e-4575-ba44-903fa5f3f8e7-00059667,PP > PP-HRN-LGC-HARINA > PP-HRN-LGC-HARINA,3,77,NO,200,200,0,cluster_logico_mismo_sector,285276:200:PP > PP-HRN-LGC-HARINA > PP-HRN-LGC-NORIAS || 286624:200:PP > PP-HRN-LGC-HARINA > PP-HRN-LGC-ENFRIADORES || 365759:200:PP > PP-HRN-LGC-HARINA > PP-HRN-LGC-REDLER || 366082:200:PP > PP-HRN-LGC-HARINA > PP-HRN-LGC-MOLINOS || 366106:200:PP > PP-HRN-LGC-HARINA > PP-HRN-LGC-TAMIZADORES || 366183:200:PP > PP-HRN-LGC-HARINA > PP-HRN-LGC-HARINA || 366280:200:PP > PP-HRN-LGC-HARINA > PP-HRN-LGC-VALVULAS A PUERTO,PP-HRN-LGC-HARINA,Cluster lógico: ancestro PP-HRN-LGC-HARINA en 7 elementos Revit equivalentes.,ambiguo_falso_por_contenedor_duplicado,PP-HRN-LGC-HARINA,285276;286624;365759;366082;366106;366183;366280,,,distributed,distribucion_round_robin_en_preparar_aplicar,PP,PP-HRN-LGC-HARINA,PP-HRN-LGC-HARINA,,,,,,,,,,,,,,,,,,,,,,,,,,,,,,,,,,,,,,,,,,,,,,,,,,,,,,,,,,,,,,,,,,,,,,,,,,,,,
contenedor_logico_duplicado_distributed,contenedor_por_ancestro_project,PP-HRN-CCL-CVE23,CICLON VENTILADOR VE23 | Grupo: PP-CCL CICLON ENF HRN,344,5,344,PP-HRN-VNT-VE23,PP-HRN-VNT-VE23,PP-HRN-LGC-HARINA > PP-HRN-FLT-FM02 > PP-HRN-VNT-VE23,PP > PP-HRN-LGC-HARINA > PP-HRN-FLT-FM02 > PP-HRN-VNT-VE23,PP > PP-HRN-LGC-HARINA > PP-HRN-FLT-FM02 > PP-HRN-VNT-VE23 > PP-HRN-CCL-CVE23,366183,112ed255-2c3e-4575-ba44-903fa5f3f8e7-00059667,Roofs,,Genérico - 400 mm,Genérico - 400 mm,,PP > PP-HRN-LGC-HARINA > PP-HRN-LGC-HARINA,contenedor_scoring,366183,112ed255-2c3e-4575-ba44-903fa5f3f8e7-00059667,PP > PP-HRN-LGC-HARINA > PP-HRN-LGC-HARINA,3,77,NO,200,200,0,cluster_logico_mismo_sector,285276:200:PP > PP-HRN-LGC-HARINA > PP-HRN-LGC-NORIAS || 286624:200:PP > PP-HRN-LGC-HARINA > PP-HRN-LGC-ENFRIADORES || 365759:200:PP > PP-HRN-LGC-HARINA > PP-HRN-LGC-REDLER || 366082:200:PP > PP-HRN-LGC-HARINA > PP-HRN-LGC-MOLINOS || 366106:200:PP > PP-HRN-LGC-HARINA > PP-HRN-LGC-TAMIZADORES || 366183:200:PP > PP-HRN-LGC-HARINA > PP-HRN-LGC-HARINA || 366280:200:PP > PP-HRN-LGC-HARINA > PP-HRN-LGC-VALVULAS A PUERTO,PP-HRN-LGC-HARINA,Cluster lógico: ancestro PP-HRN-LGC-HARINA en 7 elementos Revit equivalentes.,ambiguo_falso_por_contenedor_duplicado,PP-HRN-LGC-HARINA,285276;286624;365759;366082;366106;366183;366280,,,distributed,distribucion_round_robin_en_preparar_aplicar,PP,PP-HRN-LGC-HARINA,PP-HRN-LGC-HARINA,,,,,,,,,,,,,,,,,,,,,,,,,,,,,,,,,,,,,,,,,,,,,,,,,,,,,,,,,,,,,,,,,,,,,,,,,,,,,
match_directo,elemento_puntual,PP-HRN-LGC-ENFRIADORES,SECTOR ENFRIADORES HORIZONTALES HARINA PTA PTO | Grupo: PP-SECTOR ENF HARINA,345,3,345,PP-HRN-LGC-HARINA,PP-HRN-LGC-HARINA,PP-HRN-LGC-HARINA,PP > PP-HRN-LGC-HARINA,PP > PP-HRN-LGC-HARINA > PP-HRN-LGC-ENFRIADORES,286624,121e7c49-6f80-4698-91bd-c7c5a38e25dd-00045fa0,Roofs,,Genérico - 400 mm,Genérico - 400 mm,,PP > PP-HRN-LGC-HARINA > PP-HRN-LGC-ENFRIADORES,btz_description_03,,,,,,,,,,,,,Coincidencia exacta única con elemento Revit.,match_directo,,,,,,match_puntual_unico,PP,PP-HRN-LGC-HARINA,PP-HRN-LGC-ENFRIADORES,,,,,,,,,,,,,,,,,,,,,,,,,,,,,,,,,,,,,,,,,,,,,,,,,,,,,,,,,,,,,,,,,,,,,,,,,,,,,
contenedor_unico,contenedor_por_ancestro_project,PP-HRN-ENF-EG11,SECADOR ENFRIADOR EG11 | Grupo: PP-ENF ENFRIAOR EG11,346,4,346,PP-HRN-LGC-ENFRIADORES,PP-HRN-LGC-ENFRIADORES,PP-HRN-LGC-HARINA > PP-HRN-LGC-ENFRIADORES,PP > PP-HRN-LGC-HARINA > PP-HRN-LGC-ENFRIADORES,PP > PP-HRN-LGC-HARINA > PP-HRN-LGC-ENFRIADORES > PP-HRN-ENF-EG11,286624,121e7c49-6f80-4698-91bd-c7c5a38e25dd-00045fa0,Roofs,,Genérico - 400 mm,Genérico - 400 mm,,PP > PP-HRN-LGC-HARINA > PP-HRN-LGC-ENFRIADORES,contenedor_scoring,286624,121e7c49-6f80-4698-91bd-c7c5a38e25dd-00045fa0,PP > PP-HRN-LGC-HARINA > PP-HRN-LGC-ENFRIADORES,3,77,NO,200,0,200,ancestro_project_exacto,286624:200:PP > PP-HRN-LGC-HARINA > PP-HRN-LGC-ENFRIADORES,PP-HRN-LGC-ENFRIADORES,Sin match puntual; contenedor único por ancestro Project PP-HRN-LGC-ENFRIADORES.,contenedor_unico_ancestro,PP-HRN-LGC-ENFRIADORES,286624,286624,,,un_elemento_revit_para_ancestro,PP,PP-HRN-LGC-HARINA,PP-HRN-LGC-ENFRIADORES,,,,,,,,,,,,,,,,,,,,,,,,,,,,,,,,,,,,,,,,,,,,,,,,,,,,,,,,,,,,,,,,,,,,,,,,,,,,,
contenedor_unico,contenedor_por_ancestro_project,PP-HRN-ART-ATER-01,AEROTERMO ATERM-01  (GRANDE) EG11 | Grupo: PP-ART GRANDE EG11,347,5,347,PP-HRN-ENF-EG11,PP-HRN-ENF-EG11,PP-HRN-LGC-HARINA > PP-HRN-LGC-ENFRIADORES > PP-HRN-ENF-EG11,PP > PP-HRN-LGC-HARINA > PP-HRN-LGC-ENFRIADORES > PP-HRN-ENF-EG11,PP > PP-HRN-LGC-HARINA > PP-HRN-LGC-ENFRIADORES > PP-HRN-ENF-EG11 > PP-HRN-ART-ATER-01,286624,121e7c49-6f80-4698-91bd-c7c5a38e25dd-00045fa0,Roofs,,Genérico - 400 mm,Genérico - 400 mm,,PP > PP-HRN-LGC-HARINA > PP-HRN-LGC-ENFRIADORES,contenedor_scoring,286624,121e7c49-6f80-4698-91bd-c7c5a38e25dd-00045fa0,PP > PP-HRN-LGC-HARINA > PP-HRN-LGC-ENFRIADORES,3,77,NO,200,0,200,ancestro_project_exacto,286624:200:PP > PP-HRN-LGC-HARINA > PP-HRN-LGC-ENFRIADORES,PP-HRN-LGC-ENFRIADORES,Sin match puntual; contenedor único por ancestro Project PP-HRN-LGC-ENFRIADORES.,contenedor_unico_ancestro,PP-HRN-LGC-ENFRIADORES,286624,286624,,,un_elemento_revit_para_ancestro,PP,PP-HRN-LGC-HARINA,PP-HRN-LGC-ENFRIADORES,,,,,,,,,,,,,,,,,,,,,,,,,,,,,,,,,,,,,,,,,,,,,,,,,,,,,,,,,,,,,,,,,,,,,,,,,,,,,
contenedor_unico,contenedor_por_ancestro_project,PP-HRN-ART-ATER-02,AEROTERMO ATERM-02 (GRANDE) EG11 | Grupo: PP-ART GRANDE EG11,348,5,348,PP-HRN-ENF-EG11,PP-HRN-ENF-EG11,PP-HRN-LGC-HARINA > PP-HRN-LGC-ENFRIADORES > PP-HRN-ENF-EG11,PP > PP-HRN-LGC-HARINA > PP-HRN-LGC-ENFRIADORES > PP-HRN-ENF-EG11,PP > PP-HRN-LGC-HARINA > PP-HRN-LGC-ENFRIADORES > PP-HRN-ENF-EG11 > PP-HRN-ART-ATER-02,286624,121e7c49-6f80-4698-91bd-c7c5a38e25dd-00045fa0,Roofs,,Genérico - 400 mm,Genérico - 400 mm,,PP > PP-HRN-LGC-HARINA > PP-HRN-LGC-ENFRIADORES,contenedor_scoring,286624,121e7c49-6f80-4698-91bd-c7c5a38e25dd-00045fa0,PP > PP-HRN-LGC-HARINA > PP-HRN-LGC-ENFRIADORES,3,77,NO,200,0,200,ancestro_project_exacto,286624:200:PP > PP-HRN-LGC-HARINA > PP-HRN-LGC-ENFRIADORES,PP-HRN-LGC-ENFRIADORES,Sin match puntual; contenedor único por ancestro Project PP-HRN-LGC-ENFRIADORES.,contenedor_unico_ancestro,PP-HRN-LGC-ENFRIADORES,286624,286624,,,un_elemento_revit_para_ancestro,PP,PP-HRN-LGC-HARINA,PP-HRN-LGC-ENFRIADORES,,,,,,,,,,,,,,,,,,,,,,,,,,,,,,,,,,,,,,,,,,,,,,,,,,,,,,,,,,,,,,,,,,,,,,,,,,,,,
contenedor_unico,contenedor_por_ancestro_project,PP-HRN-ART-ATER-03,AEROTERMO ATERM-03 (GRANDE) EG11 | Grupo: PP-ART GRANDE EG11,349,5,349,PP-HRN-ENF-EG11,PP-HRN-ENF-EG11,PP-HRN-LGC-HARINA > PP-HRN-LGC-ENFRIADORES > PP-HRN-ENF-EG11,PP > PP-HRN-LGC-HARINA > PP-HRN-LGC-ENFRIADORES > PP-HRN-ENF-EG11,PP > PP-HRN-LGC-HARINA > PP-HRN-LGC-ENFRIADORES > PP-HRN-ENF-EG11 > PP-HRN-ART-ATER-03,286624,121e7c49-6f80-4698-91bd-c7c5a38e25dd-00045fa0,Roofs,,Genérico - 400 mm,Genérico - 400 mm,,PP > PP-HRN-LGC-HARINA > PP-HRN-LGC-ENFRIADORES,contenedor_scoring,286624,121e7c49-6f80-4698-91bd-c7c5a38e25dd-00045fa0,PP > PP-HRN-LGC-HARINA > PP-HRN-LGC-ENFRIADORES,3,77,NO,200,0,200,ancestro_project_exacto,286624:200:PP > PP-HRN-LGC-HARINA > PP-HRN-LGC-ENFRIADORES,PP-HRN-LGC-ENFRIADORES,Sin match puntual; contenedor único por ancestro Project PP-HRN-LGC-ENFRIADORES.,contenedor_unico_ancestro,PP-HRN-LGC-ENFRIADORES,286624,286624,,,un_elemento_revit_para_ancestro,PP,PP-HRN-LGC-HARINA,PP-HRN-LGC-ENFRIADORES,,,,,,,,,,,,,,,,,,,,,,,,,,,,,,,,,,,,,,,,,,,,,,,,,,,,,,,,,,,,,,,,,,,,,,,,,,,,,
contenedor_unico,contenedor_por_ancestro_project,PP-HRN-ART-ATER-04,AEROTERMO ATERM-04 (GRANDE) EG11 | Grupo: PP-ART GRANDE EG11,350,5,350,PP-HRN-ENF-EG11,PP-HRN-ENF-EG11,PP-HRN-LGC-HARINA > PP-HRN-LGC-ENFRIADORES > PP-HRN-ENF-EG11,PP > PP-HRN-LGC-HARINA > PP-HRN-LGC-ENFRIADORES > PP-HRN-ENF-EG11,PP > PP-HRN-LGC-HARINA > PP-HRN-LGC-ENFRIADORES > PP-HRN-ENF-EG11 > PP-HRN-ART-ATER-04,286624,121e7c49-6f80-4698-91bd-c7c5a38e25dd-00045fa0,Roofs,,Genérico - 400 mm,Genérico - 400 mm,,PP > PP-HRN-LGC-HARINA > PP-HRN-LGC-ENFRIADORES,contenedor_scoring,286624,121e7c49-6f80-4698-91bd-c7c5a38e25dd-00045fa0,PP > PP-HRN-LGC-HARINA > PP-HRN-LGC-ENFRIADORES,3,77,NO,200,0,200,ancestro_project_exacto,286624:200:PP > PP-HRN-LGC-HARINA > PP-HRN-LGC-ENFRIADORES,PP-HRN-LGC-ENFRIADORES,Sin match puntual; contenedor único por ancestro Project PP-HRN-LGC-ENFRIADORES.,contenedor_unico_ancestro,PP-HRN-LGC-ENFRIADORES,286624,286624,,,un_elemento_revit_para_ancestro,PP,PP-HRN-LGC-HARINA,PP-HRN-LGC-ENFRIADORES,,,,,,,,,,,,,,,,,,,,,,,,,,,,,,,,,,,,,,,,,,,,,,,,,,,,,,,,,,,,,,,,,,,,,,,,,,,,,
contenedor_unico,contenedor_por_ancestro_project,PP-HRN-ART-ATER-05,AEROTERMO ATERM-05 (GRANDE) EG11 | Grupo: PP-ART GRANDE EG11,351,5,351,PP-HRN-ENF-EG11,PP-HRN-ENF-EG11,PP-HRN-LGC-HARINA > PP-HRN-LGC-ENFRIADORES > PP-HRN-ENF-EG11,PP > PP-HRN-LGC-HARINA > PP-HRN-LGC-ENFRIADORES > PP-HRN-ENF-EG11,PP > PP-HRN-LGC-HARINA > PP-HRN-LGC-ENFRIADORES > PP-HRN-ENF-EG11 > PP-HRN-ART-ATER-05,286624,121e7c49-6f80-4698-91bd-c7c5a38e25dd-00045fa0,Roofs,,Genérico - 400 mm,Genérico - 400 mm,,PP > PP-HRN-LGC-HARINA > PP-HRN-LGC-ENFRIADORES,contenedor_scoring,286624,121e7c49-6f80-4698-91bd-c7c5a38e25dd-00045fa0,PP > PP-HRN-LGC-HARINA > PP-HRN-LGC-ENFRIADORES,3,77,NO,200,0,200,ancestro_project_exacto,286624:200:PP > PP-HRN-LGC-HARINA > PP-HRN-LGC-ENFRIADORES,PP-HRN-LGC-ENFRIADORES,Sin match puntual; contenedor único por ancestro Project PP-HRN-LGC-ENFRIADORES.,contenedor_unico_ancestro,PP-HRN-LGC-ENFRIADORES,286624,286624,,,un_elemento_revit_para_ancestro,PP,PP-HRN-LGC-HARINA,PP-HRN-LGC-ENFRIADORES,,,,,,,,,,,,,,,,,,,,,,,,,,,,,,,,,,,,,,,,,,,,,,,,,,,,,,,,,,,,,,,,,,,,,,,,,,,,,
contenedor_unico,contenedor_por_ancestro_project,PP-HRN-ART-ATER-06,AEROTERMO ATERM-06 (GRANDE) EG11 | Grupo: PP-ART GRANDE EG11,352,5,352,PP-HRN-ENF-EG11,PP-HRN-ENF-EG11,PP-HRN-LGC-HARINA > PP-HRN-LGC-ENFRIADORES > PP-HRN-ENF-EG11,PP > PP-HRN-LGC-HARINA > PP-HRN-LGC-ENFRIADORES > PP-HRN-ENF-EG11,PP > PP-HRN-LGC-HARINA > PP-HRN-LGC-ENFRIADORES > PP-HRN-ENF-EG11 > PP-HRN-ART-ATER-06,286624,121e7c49-6f80-4698-91bd-c7c5a38e25dd-00045fa0,Roofs,,Genérico - 400 mm,Genérico - 400 mm,,PP > PP-HRN-LGC-HARINA > PP-HRN-LGC-ENFRIADORES,contenedor_scoring,286624,121e7c49-6f80-4698-91bd-c7c5a38e25dd-00045fa0,PP > PP-HRN-LGC-HARINA > PP-HRN-LGC-ENFRIADORES,3,77,NO,200,0,200,ancestro_project_exacto,286624:200:PP > PP-HRN-LGC-HARINA > PP-HRN-LGC-ENFRIADORES,PP-HRN-LGC-ENFRIADORES,Sin match puntual; contenedor único por ancestro Project PP-HRN-LGC-ENFRIADORES.,contenedor_unico_ancestro,PP-HRN-LGC-ENFRIADORES,286624,286624,,,un_elemento_revit_para_ancestro,PP,PP-HRN-LGC-HARINA,PP-HRN-LGC-ENFRIADORES,,,,,,,,,,,,,,,,,,,,,,,,,,,,,,,,,,,,,,,,,,,,,,,,,,,,,,,,,,,,,,,,,,,,,,,,,,,,,
contenedor_unico,contenedor_por_ancestro_project,PP-HRN-ART-ATER-07,AEROTERMO ATERM-07 (GRANDE) EG11 | Grupo: PP-ART GRANDE EG11,353,5,353,PP-HRN-ENF-EG11,PP-HRN-ENF-EG11,PP-HRN-LGC-HARINA > PP-HRN-LGC-ENFRIADORES > PP-HRN-ENF-EG11,PP > PP-HRN-LGC-HARINA > PP-HRN-LGC-ENFRIADORES > PP-HRN-ENF-EG11,PP > PP-HRN-LGC-HARINA > PP-HRN-LGC-ENFRIADORES > PP-HRN-ENF-EG11 > PP-HRN-ART-ATER-07,286624,121e7c49-6f80-4698-91bd-c7c5a38e25dd-00045fa0,Roofs,,Genérico - 400 mm,Genérico - 400 mm,,PP > PP-HRN-LGC-HARINA > PP-HRN-LGC-ENFRIADORES,contenedor_scoring,286624,121e7c49-6f80-4698-91bd-c7c5a38e25dd-00045fa0,PP > PP-HRN-LGC-HARINA > PP-HRN-LGC-ENFRIADORES,3,77,NO,200,0,200,ancestro_project_exacto,286624:200:PP > PP-HRN-LGC-HARINA > PP-HRN-LGC-ENFRIADORES,PP-HRN-LGC-ENFRIADORES,Sin match puntual; contenedor único por ancestro Project PP-HRN-LGC-ENFRIADORES.,contenedor_unico_ancestro,PP-HRN-LGC-ENFRIADORES,286624,286624,,,un_elemento_revit_para_ancestro,PP,PP-HRN-LGC-HARINA,PP-HRN-LGC-ENFRIADORES,,,,,,,,,,,,,,,,,,,,,,,,,,,,,,,,,,,,,,,,,,,,,,,,,,,,,,,,,,,,,,,,,,,,,,,,,,,,,
contenedor_unico,contenedor_por_ancestro_project,PP-HRN-ART-ATER-08,AEROTERMO ATERM-08 (GRANDE) EG11 | Grupo: PP-ART GRANDE EG11,354,5,354,PP-HRN-ENF-EG11,PP-HRN-ENF-EG11,PP-HRN-LGC-HARINA > PP-HRN-LGC-ENFRIADORES > PP-HRN-ENF-EG11,PP > PP-HRN-LGC-HARINA > PP-HRN-LGC-ENFRIADORES > PP-HRN-ENF-EG11,PP > PP-HRN-LGC-HARINA > PP-HRN-LGC-ENFRIADORES > PP-HRN-ENF-EG11 > PP-HRN-ART-ATER-08,286624,121e7c49-6f80-4698-91bd-c7c5a38e25dd-00045fa0,Roofs,,Genérico - 400 mm,Genérico - 400 mm,,PP > PP-HRN-LGC-HARINA > PP-HRN-LGC-ENFRIADORES,contenedor_scoring,286624,121e7c49-6f80-4698-91bd-c7c5a38e25dd-00045fa0,PP > PP-HRN-LGC-HARINA > PP-HRN-LGC-ENFRIADORES,3,77,NO,200,0,200,ancestro_project_exacto,286624:200:PP > PP-HRN-LGC-HARINA > PP-HRN-LGC-ENFRIADORES,PP-HRN-LGC-ENFRIADORES,Sin match puntual; contenedor único por ancestro Project PP-HRN-LGC-ENFRIADORES.,contenedor_unico_ancestro,PP-HRN-LGC-ENFRIADORES,286624,286624,,,un_elemento_revit_para_ancestro,PP,PP-HRN-LGC-HARINA,PP-HRN-LGC-ENFRIADORES,,,,,,,,,,,,,,,,,,,,,,,,,,,,,,,,,,,,,,,,,,,,,,,,,,,,,,,,,,,,,,,,,,,,,,,,,,,,,
contenedor_unico,contenedor_por_ancestro_project,PP-HRN-ART-ATER-09,AEROTERMO ATERM-09 (GRANDE) EG11 | Grupo: PP-ART GRANDE EG11,355,5,355,PP-HRN-ENF-EG11,PP-HRN-ENF-EG11,PP-HRN-LGC-HARINA > PP-HRN-LGC-ENFRIADORES > PP-HRN-ENF-EG11,PP > PP-HRN-LGC-HARINA > PP-HRN-LGC-ENFRIADORES > PP-HRN-ENF-EG11,PP > PP-HRN-LGC-HARINA > PP-HRN-LGC-ENFRIADORES > PP-HRN-ENF-EG11 > PP-HRN-ART-ATER-09,286624,121e7c49-6f80-4698-91bd-c7c5a38e25dd-00045fa0,Roofs,,Genérico - 400 mm,Genérico - 400 mm,,PP > PP-HRN-LGC-HARINA > PP-HRN-LGC-ENFRIADORES,contenedor_scoring,286624,121e7c49-6f80-4698-91bd-c7c5a38e25dd-00045fa0,PP > PP-HRN-LGC-HARINA > PP-HRN-LGC-ENFRIADORES,3,77,NO,200,0,200,ancestro_project_exacto,286624:200:PP > PP-HRN-LGC-HARINA > PP-HRN-LGC-ENFRIADORES,PP-HRN-LGC-ENFRIADORES,Sin match puntual; contenedor único por ancestro Project PP-HRN-LGC-ENFRIADORES.,contenedor_unico_ancestro,PP-HRN-LGC-ENFRIADORES,286624,286624,,,un_elemento_revit_para_ancestro,PP,PP-HRN-LGC-HARINA,PP-HRN-LGC-ENFRIADORES,,,,,,,,,,,,,,,,,,,,,,,,,,,,,,,,,,,,,,,,,,,,,,,,,,,,,,,,,,,,,,,,,,,,,,,,,,,,,
contenedor_unico,contenedor_por_ancestro_project,PP-HRN-ART-ATER-10,AEROTERMO ATERM-10 (GRANDE) EG11 | Grupo: PP-ART GRANDE EG11,356,5,356,PP-HRN-ENF-EG11,PP-HRN-ENF-EG11,PP-HRN-LGC-HARINA > PP-HRN-LGC-ENFRIADORES > PP-HRN-ENF-EG11,PP > PP-HRN-LGC-HARINA > PP-HRN-LGC-ENFRIADORES > PP-HRN-ENF-EG11,PP > PP-HRN-LGC-HARINA > PP-HRN-LGC-ENFRIADORES > PP-HRN-ENF-EG11 > PP-HRN-ART-ATER-10,286624,121e7c49-6f80-4698-91bd-c7c5a38e25dd-00045fa0,Roofs,,Genérico - 400 mm,Genérico - 400 mm,,PP > PP-HRN-LGC-HARINA > PP-HRN-LGC-ENFRIADORES,contenedor_scoring,286624,121e7c49-6f80-4698-91bd-c7c5a38e25dd-00045fa0,PP > PP-HRN-LGC-HARINA > PP-HRN-LGC-ENFRIADORES,3,77,NO,200,0,200,ancestro_project_exacto,286624:200:PP > PP-HRN-LGC-HARINA > PP-HRN-LGC-ENFRIADORES,PP-HRN-LGC-ENFRIADORES,Sin match puntual; contenedor único por ancestro Project PP-HRN-LGC-ENFRIADORES.,contenedor_unico_ancestro,PP-HRN-LGC-ENFRIADORES,286624,286624,,,un_elemento_revit_para_ancestro,PP,PP-HRN-LGC-HARINA,PP-HRN-LGC-ENFRIADORES,,,,,,,,,,,,,,,,,,,,,,,,,,,,,,,,,,,,,,,,,,,,,,,,,,,,,,,,,,,,,,,,,,,,,,,,,,,,,
contenedor_unico,contenedor_por_ancestro_project,PP-HRN-ART-ATER-11,AEROTERMO ATERM-11 (GRANDE) EG11 | Grupo: PP-ART GRANDE EG11,357,5,357,PP-HRN-ENF-EG11,PP-HRN-ENF-EG11,PP-HRN-LGC-HARINA > PP-HRN-LGC-ENFRIADORES > PP-HRN-ENF-EG11,PP > PP-HRN-LGC-HARINA > PP-HRN-LGC-ENFRIADORES > PP-HRN-ENF-EG11,PP > PP-HRN-LGC-HARINA > PP-HRN-LGC-ENFRIADORES > PP-HRN-ENF-EG11 > PP-HRN-ART-ATER-11,286624,121e7c49-6f80-4698-91bd-c7c5a38e25dd-00045fa0,Roofs,,Genérico - 400 mm,Genérico - 400 mm,,PP > PP-HRN-LGC-HARINA > PP-HRN-LGC-ENFRIADORES,contenedor_scoring,286624,121e7c49-6f80-4698-91bd-c7c5a38e25dd-00045fa0,PP > PP-HRN-LGC-HARINA > PP-HRN-LGC-ENFRIADORES,3,77,NO,200,0,200,ancestro_project_exacto,286624:200:PP > PP-HRN-LGC-HARINA > PP-HRN-LGC-ENFRIADORES,PP-HRN-LGC-ENFRIADORES,Sin match puntual; contenedor único por ancestro Project PP-HRN-LGC-ENFRIADORES.,contenedor_unico_ancestro,PP-HRN-LGC-ENFRIADORES,286624,286624,,,un_elemento_revit_para_ancestro,PP,PP-HRN-LGC-HARINA,PP-HRN-LGC-ENFRIADORES,,,,,,,,,,,,,,,,,,,,,,,,,,,,,,,,,,,,,,,,,,,,,,,,,,,,,,,,,,,,,,,,,,,,,,,,,,,,,
contenedor_unico,contenedor_por_ancestro_project,PP-HRN-ART-ATER-12,AEROTERMO ATERM-12 (GRANDE) EG11 | Grupo: PP-ART GRANDE EG11,358,5,358,PP-HRN-ENF-EG11,PP-HRN-ENF-EG11,PP-HRN-LGC-HARINA > PP-HRN-LGC-ENFRIADORES > PP-HRN-ENF-EG11,PP > PP-HRN-LGC-HARINA > PP-HRN-LGC-ENFRIADORES > PP-HRN-ENF-EG11,PP > PP-HRN-LGC-HARINA > PP-HRN-LGC-ENFRIADORES > PP-HRN-ENF-EG11 > PP-HRN-ART-ATER-12,286624,121e7c49-6f80-4698-91bd-c7c5a38e25dd-00045fa0,Roofs,,Genérico - 400 mm,Genérico - 400 mm,,PP > PP-HRN-LGC-HARINA > PP-HRN-LGC-ENFRIADORES,contenedor_scoring,286624,121e7c49-6f80-4698-91bd-c7c5a38e25dd-00045fa0,PP > PP-HRN-LGC-HARINA > PP-HRN-LGC-ENFRIADORES,3,77,NO,200,0,200,ancestro_project_exacto,286624:200:PP > PP-HRN-LGC-HARINA > PP-HRN-LGC-ENFRIADORES,PP-HRN-LGC-ENFRIADORES,Sin match puntual; contenedor único por ancestro Project PP-HRN-LGC-ENFRIADORES.,contenedor_unico_ancestro,PP-HRN-LGC-ENFRIADORES,286624,286624,,,un_elemento_revit_para_ancestro,PP,PP-HRN-LGC-HARINA,PP-HRN-LGC-ENFRIADORES,,,,,,,,,,,,,,,,,,,,,,,,,,,,,,,,,,,,,,,,,,,,,,,,,,,,,,,,,,,,,,,,,,,,,,,,,,,,,
contenedor_unico,contenedor_por_ancestro_project,PP-HRN-ART-ATER-13,AEROTERMO ATERM-13 (GRANDE) EG11 | Grupo: PP-ART GRANDE EG11,359,5,359,PP-HRN-ENF-EG11,PP-HRN-ENF-EG11,PP-HRN-LGC-HARINA > PP-HRN-LGC-ENFRIADORES > PP-HRN-ENF-EG11,PP > PP-HRN-LGC-HARINA > PP-HRN-LGC-ENFRIADORES > PP-HRN-ENF-EG11,PP > PP-HRN-LGC-HARINA > PP-HRN-LGC-ENFRIADORES > PP-HRN-ENF-EG11 > PP-HRN-ART-ATER-13,286624,121e7c49-6f80-4698-91bd-c7c5a38e25dd-00045fa0,Roofs,,Genérico - 400 mm,Genérico - 400 mm,,PP > PP-HRN-LGC-HARINA > PP-HRN-LGC-ENFRIADORES,contenedor_scoring,286624,121e7c49-6f80-4698-91bd-c7c5a38e25dd-00045fa0,PP > PP-HRN-LGC-HARINA > PP-HRN-LGC-ENFRIADORES,3,77,NO,200,0,200,ancestro_project_exacto,286624:200:PP > PP-HRN-LGC-HARINA > PP-HRN-LGC-ENFRIADORES,PP-HRN-LGC-ENFRIADORES,Sin match puntual; contenedor único por ancestro Project PP-HRN-LGC-ENFRIADORES.,contenedor_unico_ancestro,PP-HRN-LGC-ENFRIADORES,286624,286624,,,un_elemento_revit_para_ancestro,PP,PP-HRN-LGC-HARINA,PP-HRN-LGC-ENFRIADORES,,,,,,,,,,,,,,,,,,,,,,,,,,,,,,,,,,,,,,,,,,,,,,,,,,,,,,,,,,,,,,,,,,,,,,,,,,,,,
contenedor_unico,contenedor_por_ancestro_project,PP-HRN-ART-ATER-14,AEROTERMO ATERM-14 (GRANDE) EG11 | Grupo: PP-ART GRANDE EG11,360,5,360,PP-HRN-ENF-EG11,PP-HRN-ENF-EG11,PP-HRN-LGC-HARINA > PP-HRN-LGC-ENFRIADORES > PP-HRN-ENF-EG11,PP > PP-HRN-LGC-HARINA > PP-HRN-LGC-ENFRIADORES > PP-HRN-ENF-EG11,PP > PP-HRN-LGC-HARINA > PP-HRN-LGC-ENFRIADORES > PP-HRN-ENF-EG11 > PP-HRN-ART-ATER-14,286624,121e7c49-6f80-4698-91bd-c7c5a38e25dd-00045fa0,Roofs,,Genérico - 400 mm,Genérico - 400 mm,,PP > PP-HRN-LGC-HARINA > PP-HRN-LGC-ENFRIADORES,contenedor_scoring,286624,121e7c49-6f80-4698-91bd-c7c5a38e25dd-00045fa0,PP > PP-HRN-LGC-HARINA > PP-HRN-LGC-ENFRIADORES,3,77,NO,200,0,200,ancestro_project_exacto,286624:200:PP > PP-HRN-LGC-HARINA > PP-HRN-LGC-ENFRIADORES,PP-HRN-LGC-ENFRIADORES,Sin match puntual; contenedor único por ancestro Project PP-HRN-LGC-ENFRIADORES.,contenedor_unico_ancestro,PP-HRN-LGC-ENFRIADORES,286624,286624,,,un_elemento_revit_para_ancestro,PP,PP-HRN-LGC-HARINA,PP-HRN-LGC-ENFRIADORES,,,,,,,,,,,,,,,,,,,,,,,,,,,,,,,,,,,,,,,,,,,,,,,,,,,,,,,,,,,,,,,,,,,,,,,,,,,,,
contenedor_unico,contenedor_por_ancestro_project,PP-HRN-ART-ATER-15,AEROTERMO ATERM-15 (GRANDE) EG11 | Grupo: PP-ART GRANDE EG11,361,5,361,PP-HRN-ENF-EG11,PP-HRN-ENF-EG11,PP-HRN-LGC-HARINA > PP-HRN-LGC-ENFRIADORES > PP-HRN-ENF-EG11,PP > PP-HRN-LGC-HARINA > PP-HRN-LGC-ENFRIADORES > PP-HRN-ENF-EG11,PP > PP-HRN-LGC-HARINA > PP-HRN-LGC-ENFRIADORES > PP-HRN-ENF-EG11 > PP-HRN-ART-ATER-15,286624,121e7c49-6f80-4698-91bd-c7c5a38e25dd-00045fa0,Roofs,,Genérico - 400 mm,Genérico - 400 mm,,PP > PP-HRN-LGC-HARINA > PP-HRN-LGC-ENFRIADORES,contenedor_scoring,286624,121e7c49-6f80-4698-91bd-c7c5a38e25dd-00045fa0,PP > PP-HRN-LGC-HARINA > PP-HRN-LGC-ENFRIADORES,3,77,NO,200,0,200,ancestro_project_exacto,286624:200:PP > PP-HRN-LGC-HARINA > PP-HRN-LGC-ENFRIADORES,PP-HRN-LGC-ENFRIADORES,Sin match puntual; contenedor único por ancestro Project PP-HRN-LGC-ENFRIADORES.,contenedor_unico_ancestro,PP-HRN-LGC-ENFRIADORES,286624,286624,,,un_elemento_revit_para_ancestro,PP,PP-HRN-LGC-HARINA,PP-HRN-LGC-ENFRIADORES,,,,,,,,,,,,,,,,,,,,,,,,,,,,,,,,,,,,,,,,,,,,,,,,,,,,,,,,,,,,,,,,,,,,,,,,,,,,,
contenedor_unico,contenedor_por_ancestro_project,PP-HRN-ART-ATER-16,AEROTERMO ATERM-16 (GRANDE) EG11 | Grupo: PP-ART GRANDE EG11,362,5,362,PP-HRN-ENF-EG11,PP-HRN-ENF-EG11,PP-HRN-LGC-HARINA > PP-HRN-LGC-ENFRIADORES > PP-HRN-ENF-EG11,PP > PP-HRN-LGC-HARINA > PP-HRN-LGC-ENFRIADORES > PP-HRN-ENF-EG11,PP > PP-HRN-LGC-HARINA > PP-HRN-LGC-ENFRIADORES > PP-HRN-ENF-EG11 > PP-HRN-ART-ATER-16,286624,121e7c49-6f80-4698-91bd-c7c5a38e25dd-00045fa0,Roofs,,Genérico - 400 mm,Genérico - 400 mm,,PP > PP-HRN-LGC-HARINA > PP-HRN-LGC-ENFRIADORES,contenedor_scoring,286624,121e7c49-6f80-4698-91bd-c7c5a38e25dd-00045fa0,PP > PP-HRN-LGC-HARINA > PP-HRN-LGC-ENFRIADORES,3,77,NO,200,0,200,ancestro_project_exacto,286624:200:PP > PP-HRN-LGC-HARINA > PP-HRN-LGC-ENFRIADORES,PP-HRN-LGC-ENFRIADORES,Sin match puntual; contenedor único por ancestro Project PP-HRN-LGC-ENFRIADORES.,contenedor_unico_ancestro,PP-HRN-LGC-ENFRIADORES,286624,286624,,,un_elemento_revit_para_ancestro,PP,PP-HRN-LGC-HARINA,PP-HRN-LGC-ENFRIADORES,,,,,,,,,,,,,,,,,,,,,,,,,,,,,,,,,,,,,,,,,,,,,,,,,,,,,,,,,,,,,,,,,,,,,,,,,,,,,
contenedor_unico,contenedor_por_ancestro_project,PP-HRN-RSC-S08,ROSCA S08  A S10 SALIDA DE EG11 | Grupo: PP-RSC S08,363,5,363,PP-HRN-ENF-EG11,PP-HRN-ENF-EG11,PP-HRN-LGC-HARINA > PP-HRN-LGC-ENFRIADORES > PP-HRN-ENF-EG11,PP > PP-HRN-LGC-HARINA > PP-HRN-LGC-ENFRIADORES > PP-HRN-ENF-EG11,PP > PP-HRN-LGC-HARINA > PP-HRN-LGC-ENFRIADORES > PP-HRN-ENF-EG11 > PP-HRN-RSC-S08,286624,121e7c49-6f80-4698-91bd-c7c5a38e25dd-00045fa0,Roofs,,Genérico - 400 mm,Genérico - 400 mm,,PP > PP-HRN-LGC-HARINA > PP-HRN-LGC-ENFRIADORES,contenedor_scoring,286624,121e7c49-6f80-4698-91bd-c7c5a38e25dd-00045fa0,PP > PP-HRN-LGC-HARINA > PP-HRN-LGC-ENFRIADORES,3,77,NO,200,0,200,ancestro_project_exacto,286624:200:PP > PP-HRN-LGC-HARINA > PP-HRN-LGC-ENFRIADORES,PP-HRN-LGC-ENFRIADORES,Sin match puntual; contenedor único por ancestro Project PP-HRN-LGC-ENFRIADORES.,contenedor_unico_ancestro,PP-HRN-LGC-ENFRIADORES,286624,286624,,,un_elemento_revit_para_ancestro,PP,PP-HRN-LGC-HARINA,PP-HRN-LGC-ENFRIADORES,,,,,,,,,,,,,,,,,,,,,,,,,,,,,,,,,,,,,,,,,,,,,,,,,,,,,,,,,,,,,,,,,,,,,,,,,,,,,
contenedor_unico,contenedor_por_ancestro_project,PP-HRN-RSC-S10,ROSCA S10  A R22 | Grupo: PP-RSC S10,364,5,364,PP-HRN-ENF-EG11,PP-HRN-ENF-EG11,PP-HRN-LGC-HARINA > PP-HRN-LGC-ENFRIADORES > PP-HRN-ENF-EG11,PP > PP-HRN-LGC-HARINA > PP-HRN-LGC-ENFRIADORES > PP-HRN-ENF-EG11,PP > PP-HRN-LGC-HARINA > PP-HRN-LGC-ENFRIADORES > PP-HRN-ENF-EG11 > PP-HRN-RSC-S10,286624,121e7c49-6f80-4698-91bd-c7c5a38e25dd-00045fa0,Roofs,,Genérico - 400 mm,Genérico - 400 mm,,PP > PP-HRN-LGC-HARINA > PP-HRN-LGC-ENFRIADORES,contenedor_scoring,286624,121e7c49-6f80-4698-91bd-c7c5a38e25dd-00045fa0,PP > PP-HRN-LGC-HARINA > PP-HRN-LGC-ENFRIADORES,3,77,NO,200,0,200,ancestro_project_exacto,286624:200:PP > PP-HRN-LGC-HARINA > PP-HRN-LGC-ENFRIADORES,PP-HRN-LGC-ENFRIADORES,Sin match puntual; contenedor único por ancestro Project PP-HRN-LGC-ENFRIADORES.,contenedor_unico_ancestro,PP-HRN-LGC-ENFRIADORES,286624,286624,,,un_elemento_revit_para_ancestro,PP,PP-HRN-LGC-HARINA,PP-HRN-LGC-ENFRIADORES,,,,,,,,,,,,,,,,,,,,,,,,,,,,,,,,,,,,,,,,,,,,,,,,,,,,,,,,,,,,,,,,,,,,,,,,,,,,,
contenedor_unico,contenedor_por_ancestro_project,PP-HRN-VLV-SOV-200,VALVULA ON-OFF VAPOR AHOGO ENFRIADOR EG11 INFERIOR | Grupo: PP-VLV CONTROL HARINA,365,5,365,PP-HRN-ENF-EG11,PP-HRN-ENF-EG11,PP-HRN-LGC-HARINA > PP-HRN-LGC-ENFRIADORES > PP-HRN-ENF-EG11,PP > PP-HRN-LGC-HARINA > PP-HRN-LGC-ENFRIADORES > PP-HRN-ENF-EG11,PP > PP-HRN-LGC-HARINA > PP-HRN-LGC-ENFRIADORES > PP-HRN-ENF-EG11 > PP-HRN-VLV-SOV-200,286624,121e7c49-6f80-4698-91bd-c7c5a38e25dd-00045fa0,Roofs,,Genérico - 400 mm,Genérico - 400 mm,,PP > PP-HRN-LGC-HARINA > PP-HRN-LGC-ENFRIADORES,contenedor_scoring,286624,121e7c49-6f80-4698-91bd-c7c5a38e25dd-00045fa0,PP > PP-HRN-LGC-HARINA > PP-HRN-LGC-ENFRIADORES,3,77,NO,200,0,200,ancestro_project_exacto,286624:200:PP > PP-HRN-LGC-HARINA > PP-HRN-LGC-ENFRIADORES,PP-HRN-LGC-ENFRIADORES,Sin match puntual; contenedor único por ancestro Project PP-HRN-LGC-ENFRIADORES.,contenedor_unico_ancestro,PP-HRN-LGC-ENFRIADORES,286624,286624,,,un_elemento_revit_para_ancestro,PP,PP-HRN-LGC-HARINA,PP-HRN-LGC-ENFRIADORES,,,,,,,,,,,,,,,,,,,,,,,,,,,,,,,,,,,,,,,,,,,,,,,,,,,,,,,,,,,,,,,,,,,,,,,,,,,,,
contenedor_unico,contenedor_por_ancestro_project,PP-HRN-VNT-VE15,VENTILADOR VE15 EG11 | Grupo: PP-VNT VENTIL EG11-EG12,366,5,366,PP-HRN-ENF-EG11,PP-HRN-ENF-EG11,PP-HRN-LGC-HARINA > PP-HRN-LGC-ENFRIADORES > PP-HRN-ENF-EG11,PP > PP-HRN-LGC-HARINA > PP-HRN-LGC-ENFRIADORES > PP-HRN-ENF-EG11,PP > PP-HRN-LGC-HARINA > PP-HRN-LGC-ENFRIADORES > PP-HRN-ENF-EG11 > PP-HRN-VNT-VE15,286624,121e7c49-6f80-4698-91bd-c7c5a38e25dd-00045fa0,Roofs,,Genérico - 400 mm,Genérico - 400 mm,,PP > PP-HRN-LGC-HARINA > PP-HRN-LGC-ENFRIADORES,contenedor_scoring,286624,121e7c49-6f80-4698-91bd-c7c5a38e25dd-00045fa0,PP > PP-HRN-LGC-HARINA > PP-HRN-LGC-ENFRIADORES,3,77,NO,200,0,200,ancestro_project_exacto,286624:200:PP > PP-HRN-LGC-HARINA > PP-HRN-LGC-ENFRIADORES,PP-HRN-LGC-ENFRIADORES,Sin match puntual; contenedor único por ancestro Project PP-HRN-LGC-ENFRIADORES.,contenedor_unico_ancestro,PP-HRN-LGC-ENFRIADORES,286624,286624,,,un_elemento_revit_para_ancestro,PP,PP-HRN-LGC-HARINA,PP-HRN-LGC-ENFRIADORES,,,,,,,,,,,,,,,,,,,,,,,,,,,,,,,,,,,,,,,,,,,,,,,,,,,,,,,,,,,,,,,,,,,,,,,,,,,,,
contenedor_unico,contenedor_por_ancestro_project,PP-HRN-CCL-CVE15,CICLON VENTILADOR VE15 | Grupo: PP-CCL CICLON ENF HRN,367,6,367,PP-HRN-VNT-VE15,PP-HRN-VNT-VE15,PP-HRN-LGC-HARINA > PP-HRN-LGC-ENFRIADORES > PP-HRN-ENF-EG11 > PP-HRN-VNT-VE15,PP > PP-HRN-LGC-HARINA > PP-HRN-LGC-ENFRIADORES > PP-HRN-ENF-EG11 > PP-HRN-VNT-VE15,PP > PP-HRN-LGC-HARINA > PP-HRN-LGC-ENFRIADORES > PP-HRN-ENF-EG11 > PP-HRN-VNT-VE15 > PP-HRN-CCL-CVE15,286624,121e7c49-6f80-4698-91bd-c7c5a38e25dd-00045fa0,Roofs,,Genérico - 400 mm,Genérico - 400 mm,,PP > PP-HRN-LGC-HARINA > PP-HRN-LGC-ENFRIADORES,contenedor_scoring,286624,121e7c49-6f80-4698-91bd-c7c5a38e25dd-00045fa0,PP > PP-HRN-LGC-HARINA > PP-HRN-LGC-ENFRIADORES,3,77,NO,200,0,200,ancestro_project_exacto,286624:200:PP > PP-HRN-LGC-HARINA > PP-HRN-LGC-ENFRIADORES,PP-HRN-LGC-ENFRIADORES,Sin match puntual; contenedor único por ancestro Project PP-HRN-LGC-ENFRIADORES.,contenedor_unico_ancestro,PP-HRN-LGC-ENFRIADORES,286624,286624,,,un_elemento_revit_para_ancestro,PP,PP-HRN-LGC-HARINA,PP-HRN-LGC-ENFRIADORES,,,,,,,,,,,,,,,,,,,,,,,,,,,,,,,,,,,,,,,,,,,,,,,,,,,,,,,,,,,,,,,,,,,,,,,,,,,,,
contenedor_unico,contenedor_por_ancestro_project,PP-HRN-VLV-VR15,VALVULA ROTATIVA VR15 | Grupo: PP-VLV ROT ENF HARINA,368,6,368,PP-HRN-VNT-VE15,PP-HRN-VNT-VE15,PP-HRN-LGC-HARINA > PP-HRN-LGC-ENFRIADORES > PP-HRN-ENF-EG11 > PP-HRN-VNT-VE15,PP > PP-HRN-LGC-HARINA > PP-HRN-LGC-ENFRIADORES > PP-HRN-ENF-EG11 > PP-HRN-VNT-VE15,PP > PP-HRN-LGC-HARINA > PP-HRN-LGC-ENFRIADORES > PP-HRN-ENF-EG11 > PP-HRN-VNT-VE15 > PP-HRN-VLV-VR15,286624,121e7c49-6f80-4698-91bd-c7c5a38e25dd-00045fa0,Roofs,,Genérico - 400 mm,Genérico - 400 mm,,PP > PP-HRN-LGC-HARINA > PP-HRN-LGC-ENFRIADORES,contenedor_scoring,286624,121e7c49-6f80-4698-91bd-c7c5a38e25dd-00045fa0,PP > PP-HRN-LGC-HARINA > PP-HRN-LGC-ENFRIADORES,3,77,NO,200,0,200,ancestro_project_exacto,286624:200:PP > PP-HRN-LGC-HARINA > PP-HRN-LGC-ENFRIADORES,PP-HRN-LGC-ENFRIADORES,Sin match puntual; contenedor único por ancestro Project PP-HRN-LGC-ENFRIADORES.,contenedor_unico_ancestro,PP-HRN-LGC-ENFRIADORES,286624,286624,,,un_elemento_revit_para_ancestro,PP,PP-HRN-LGC-HARINA,PP-HRN-LGC-ENFRIADORES,,,,,,,,,,,,,,,,,,,,,,,,,,,,,,,,,,,,,,,,,,,,,,,,,,,,,,,,,,,,,,,,,,,,,,,,,,,,,
contenedor_unico,contenedor_por_ancestro_project,PP-HRN-VNT-VE16,VENTILADOR VE16 EG11 | Grupo: PP-VNT VENTIL EG11-EG12,369,5,369,PP-HRN-ENF-EG11,PP-HRN-ENF-EG11,PP-HRN-LGC-HARINA > PP-HRN-LGC-ENFRIADORES > PP-HRN-ENF-EG11,PP > PP-HRN-LGC-HARINA > PP-HRN-LGC-ENFRIADORES > PP-HRN-ENF-EG11,PP > PP-HRN-LGC-HARINA > PP-HRN-LGC-ENFRIADORES > PP-HRN-ENF-EG11 > PP-HRN-VNT-VE16,286624,121e7c49-6f80-4698-91bd-c7c5a38e25dd-00045fa0,Roofs,,Genérico - 400 mm,Genérico - 400 mm,,PP > PP-HRN-LGC-HARINA > PP-HRN-LGC-ENFRIADORES,contenedor_scoring,286624,121e7c49-6f80-4698-91bd-c7c5a38e25dd-00045fa0,PP > PP-HRN-LGC-HARINA > PP-HRN-LGC-ENFRIADORES,3,77,NO,200,0,200,ancestro_project_exacto,286624:200:PP > PP-HRN-LGC-HARINA > PP-HRN-LGC-ENFRIADORES,PP-HRN-LGC-ENFRIADORES,Sin match puntual; contenedor único por ancestro Project PP-HRN-LGC-ENFRIADORES.,contenedor_unico_ancestro,PP-HRN-LGC-ENFRIADORES,286624,286624,,,un_elemento_revit_para_ancestro,PP,PP-HRN-LGC-HARINA,PP-HRN-LGC-ENFRIADORES,,,,,,,,,,,,,,,,,,,,,,,,,,,,,,,,,,,,,,,,,,,,,,,,,,,,,,,,,,,,,,,,,,,,,,,,,,,,,
contenedor_unico,contenedor_por_ancestro_project,PP-HRN-CCL-CVE16,CICLON VENTILADOR VE16 | Grupo: PP-CCL CICLON ENF HRN,370,6,370,PP-HRN-VNT-VE16,PP-HRN-VNT-VE16,PP-HRN-LGC-HARINA > PP-HRN-LGC-ENFRIADORES > PP-HRN-ENF-EG11 > PP-HRN-VNT-VE16,PP > PP-HRN-LGC-HARINA > PP-HRN-LGC-ENFRIADORES > PP-HRN-ENF-EG11 > PP-HRN-VNT-VE16,PP > PP-HRN-LGC-HARINA > PP-HRN-LGC-ENFRIADORES > PP-HRN-ENF-EG11 > PP-HRN-VNT-VE16 > PP-HRN-CCL-CVE16,286624,121e7c49-6f80-4698-91bd-c7c5a38e25dd-00045fa0,Roofs,,Genérico - 400 mm,Genérico - 400 mm,,PP > PP-HRN-LGC-HARINA > PP-HRN-LGC-ENFRIADORES,contenedor_scoring,286624,121e7c49-6f80-4698-91bd-c7c5a38e25dd-00045fa0,PP > PP-HRN-LGC-HARINA > PP-HRN-LGC-ENFRIADORES,3,77,NO,200,0,200,ancestro_project_exacto,286624:200:PP > PP-HRN-LGC-HARINA > PP-HRN-LGC-ENFRIADORES,PP-HRN-LGC-ENFRIADORES,Sin match puntual; contenedor único por ancestro Project PP-HRN-LGC-ENFRIADORES.,contenedor_unico_ancestro,PP-HRN-LGC-ENFRIADORES,286624,286624,,,un_elemento_revit_para_ancestro,PP,PP-HRN-LGC-HARINA,PP-HRN-LGC-ENFRIADORES,,,,,,,,,,,,,,,,,,,,,,,,,,,,,,,,,,,,,,,,,,,,,,,,,,,,,,,,,,,,,,,,,,,,,,,,,,,,,
contenedor_unico,contenedor_por_ancestro_project,PP-HRN-VLV-VR16,VALVULA ROTATIVA VR16 | Grupo: PP-VLV ROT ENF HARINA,371,6,371,PP-HRN-VNT-VE16,PP-HRN-VNT-VE16,PP-HRN-LGC-HARINA > PP-HRN-LGC-ENFRIADORES > PP-HRN-ENF-EG11 > PP-HRN-VNT-VE16,PP > PP-HRN-LGC-HARINA > PP-HRN-LGC-ENFRIADORES > PP-HRN-ENF-EG11 > PP-HRN-VNT-VE16,PP > PP-HRN-LGC-HARINA > PP-HRN-LGC-ENFRIADORES > PP-HRN-ENF-EG11 > PP-HRN-VNT-VE16 > PP-HRN-VLV-VR16,286624,121e7c49-6f80-4698-91bd-c7c5a38e25dd-00045fa0,Roofs,,Genérico - 400 mm,Genérico - 400 mm,,PP > PP-HRN-LGC-HARINA > PP-HRN-LGC-ENFRIADORES,contenedor_scoring,286624,121e7c49-6f80-4698-91bd-c7c5a38e25dd-00045fa0,PP > PP-HRN-LGC-HARINA > PP-HRN-LGC-ENFRIADORES,3,77,NO,200,0,200,ancestro_project_exacto,286624:200:PP > PP-HRN-LGC-HARINA > PP-HRN-LGC-ENFRIADORES,PP-HRN-LGC-ENFRIADORES,Sin match puntual; contenedor único por ancestro Project PP-HRN-LGC-ENFRIADORES.,contenedor_unico_ancestro,PP-HRN-LGC-ENFRIADORES,286624,286624,,,un_elemento_revit_para_ancestro,PP,PP-HRN-LGC-HARINA,PP-HRN-LGC-ENFRIADORES,,,,,,,,,,,,,,,,,,,,,,,,,,,,,,,,,,,,,,,,,,,,,,,,,,,,,,,,,,,,,,,,,,,,,,,,,,,,,
contenedor_unico,contenedor_por_ancestro_project,PP-HRN-VNT-VE17,VENTILADOR VE17 EG11 | Grupo: PP-VNT VENTIL EG11-EG12,372,5,372,PP-HRN-ENF-EG11,PP-HRN-ENF-EG11,PP-HRN-LGC-HARINA > PP-HRN-LGC-ENFRIADORES > PP-HRN-ENF-EG11,PP > PP-HRN-LGC-HARINA > PP-HRN-LGC-ENFRIADORES > PP-HRN-ENF-EG11,PP > PP-HRN-LGC-HARINA > PP-HRN-LGC-ENFRIADORES > PP-HRN-ENF-EG11 > PP-HRN-VNT-VE17,286624,121e7c49-6f80-4698-91bd-c7c5a38e25dd-00045fa0,Roofs,,Genérico - 400 mm,Genérico - 400 mm,,PP > PP-HRN-LGC-HARINA > PP-HRN-LGC-ENFRIADORES,contenedor_scoring,286624,121e7c49-6f80-4698-91bd-c7c5a38e25dd-00045fa0,PP > PP-HRN-LGC-HARINA > PP-HRN-LGC-ENFRIADORES,3,77,NO,200,0,200,ancestro_project_exacto,286624:200:PP > PP-HRN-LGC-HARINA > PP-HRN-LGC-ENFRIADORES,PP-HRN-LGC-ENFRIADORES,Sin match puntual; contenedor único por ancestro Project PP-HRN-LGC-ENFRIADORES.,contenedor_unico_ancestro,PP-HRN-LGC-ENFRIADORES,286624,286624,,,un_elemento_revit_para_ancestro,PP,PP-HRN-LGC-HARINA,PP-HRN-LGC-ENFRIADORES,,,,,,,,,,,,,,,,,,,,,,,,,,,,,,,,,,,,,,,,,,,,,,,,,,,,,,,,,,,,,,,,,,,,,,,,,,,,,
contenedor_unico,contenedor_por_ancestro_project,PP-HRN-CCL-CVE17,CICLON VENTILADOR VE17 | Grupo: PP-CCL CICLON ENF HRN,373,6,373,PP-HRN-VNT-VE17,PP-HRN-VNT-VE17,PP-HRN-LGC-HARINA > PP-HRN-LGC-ENFRIADORES > PP-HRN-ENF-EG11 > PP-HRN-VNT-VE17,PP > PP-HRN-LGC-HARINA > PP-HRN-LGC-ENFRIADORES > PP-HRN-ENF-EG11 > PP-HRN-VNT-VE17,PP > PP-HRN-LGC-HARINA > PP-HRN-LGC-ENFRIADORES > PP-HRN-ENF-EG11 > PP-HRN-VNT-VE17 > PP-HRN-CCL-CVE17,286624,121e7c49-6f80-4698-91bd-c7c5a38e25dd-00045fa0,Roofs,,Genérico - 400 mm,Genérico - 400 mm,,PP > PP-HRN-LGC-HARINA > PP-HRN-LGC-ENFRIADORES,contenedor_scoring,286624,121e7c49-6f80-4698-91bd-c7c5a38e25dd-00045fa0,PP > PP-HRN-LGC-HARINA > PP-HRN-LGC-ENFRIADORES,3,77,NO,200,0,200,ancestro_project_exacto,286624:200:PP > PP-HRN-LGC-HARINA > PP-HRN-LGC-ENFRIADORES,PP-HRN-LGC-ENFRIADORES,Sin match puntual; contenedor único por ancestro Project PP-HRN-LGC-ENFRIADORES.,contenedor_unico_ancestro,PP-HRN-LGC-ENFRIADORES,286624,286624,,,un_elemento_revit_para_ancestro,PP,PP-HRN-LGC-HARINA,PP-HRN-LGC-ENFRIADORES,,,,,,,,,,,,,,,,,,,,,,,,,,,,,,,,,,,,,,,,,,,,,,,,,,,,,,,,,,,,,,,,,,,,,,,,,,,,,
contenedor_unico,contenedor_por_ancestro_project,PP-HRN-VLV-VR17,VALVULA ROTATIVA VR17 | Grupo: PP-VLV ROT ENF HARINA,374,6,374,PP-HRN-VNT-VE17,PP-HRN-VNT-VE17,PP-HRN-LGC-HARINA > PP-HRN-LGC-ENFRIADORES > PP-HRN-ENF-EG11 > PP-HRN-VNT-VE17,PP > PP-HRN-LGC-HARINA > PP-HRN-LGC-ENFRIADORES > PP-HRN-ENF-EG11 > PP-HRN-VNT-VE17,PP > PP-HRN-LGC-HARINA > PP-HRN-LGC-ENFRIADORES > PP-HRN-ENF-EG11 > PP-HRN-VNT-VE17 > PP-HRN-VLV-VR17,286624,121e7c49-6f80-4698-91bd-c7c5a38e25dd-00045fa0,Roofs,,Genérico - 400 mm,Genérico - 400 mm,,PP > PP-HRN-LGC-HARINA > PP-HRN-LGC-ENFRIADORES,contenedor_scoring,286624,121e7c49-6f80-4698-91bd-c7c5a38e25dd-00045fa0,PP > PP-HRN-LGC-HARINA > PP-HRN-LGC-ENFRIADORES,3,77,NO,200,0,200,ancestro_project_exacto,286624:200:PP > PP-HRN-LGC-HARINA > PP-HRN-LGC-ENFRIADORES,PP-HRN-LGC-ENFRIADORES,Sin match puntual; contenedor único por ancestro Project PP-HRN-LGC-ENFRIADORES.,contenedor_unico_ancestro,PP-HRN-LGC-ENFRIADORES,286624,286624,,,un_elemento_revit_para_ancestro,PP,PP-HRN-LGC-HARINA,PP-HRN-LGC-ENFRIADORES,,,,,,,,,,,,,,,,,,,,,,,,,,,,,,,,,,,,,,,,,,,,,,,,,,,,,,,,,,,,,,,,,,,,,,,,,,,,,
contenedor_unico,contenedor_por_ancestro_project,PP-HRN-VNT-VE18,VENTILADOR VE18 EG11 | Grupo: PP-VNT VENTIL EG11-EG12,375,5,375,PP-HRN-ENF-EG11,PP-HRN-ENF-EG11,PP-HRN-LGC-HARINA > PP-HRN-LGC-ENFRIADORES > PP-HRN-ENF-EG11,PP > PP-HRN-LGC-HARINA > PP-HRN-LGC-ENFRIADORES > PP-HRN-ENF-EG11,PP > PP-HRN-LGC-HARINA > PP-HRN-LGC-ENFRIADORES > PP-HRN-ENF-EG11 > PP-HRN-VNT-VE18,286624,121e7c49-6f80-4698-91bd-c7c5a38e25dd-00045fa0,Roofs,,Genérico - 400 mm,Genérico - 400 mm,,PP > PP-HRN-LGC-HARINA > PP-HRN-LGC-ENFRIADORES,contenedor_scoring,286624,121e7c49-6f80-4698-91bd-c7c5a38e25dd-00045fa0,PP > PP-HRN-LGC-HARINA > PP-HRN-LGC-ENFRIADORES,3,77,NO,200,0,200,ancestro_project_exacto,286624:200:PP > PP-HRN-LGC-HARINA > PP-HRN-LGC-ENFRIADORES,PP-HRN-LGC-ENFRIADORES,Sin match puntual; contenedor único por ancestro Project PP-HRN-LGC-ENFRIADORES.,contenedor_unico_ancestro,PP-HRN-LGC-ENFRIADORES,286624,286624,,,un_elemento_revit_para_ancestro,PP,PP-HRN-LGC-HARINA,PP-HRN-LGC-ENFRIADORES,,,,,,,,,,,,,,,,,,,,,,,,,,,,,,,,,,,,,,,,,,,,,,,,,,,,,,,,,,,,,,,,,,,,,,,,,,,,,
contenedor_unico,contenedor_por_ancestro_project,PP-HRN-CCL-CVE18,CICLON VENTILADOR VE18 | Grupo: PP-CCL CICLON ENF HRN,376,6,376,PP-HRN-VNT-VE18,PP-HRN-VNT-VE18,PP-HRN-LGC-HARINA > PP-HRN-LGC-ENFRIADORES > PP-HRN-ENF-EG11 > PP-HRN-VNT-VE18,PP > PP-HRN-LGC-HARINA > PP-HRN-LGC-ENFRIADORES > PP-HRN-ENF-EG11 > PP-HRN-VNT-VE18,PP > PP-HRN-LGC-HARINA > PP-HRN-LGC-ENFRIADORES > PP-HRN-ENF-EG11 > PP-HRN-VNT-VE18 > PP-HRN-CCL-CVE18,286624,121e7c49-6f80-4698-91bd-c7c5a38e25dd-00045fa0,Roofs,,Genérico - 400 mm,Genérico - 400 mm,,PP > PP-HRN-LGC-HARINA > PP-HRN-LGC-ENFRIADORES,contenedor_scoring,286624,121e7c49-6f80-4698-91bd-c7c5a38e25dd-00045fa0,PP > PP-HRN-LGC-HARINA > PP-HRN-LGC-ENFRIADORES,3,77,NO,200,0,200,ancestro_project_exacto,286624:200:PP > PP-HRN-LGC-HARINA > PP-HRN-LGC-ENFRIADORES,PP-HRN-LGC-ENFRIADORES,Sin match puntual; contenedor único por ancestro Project PP-HRN-LGC-ENFRIADORES.,contenedor_unico_ancestro,PP-HRN-LGC-ENFRIADORES,286624,286624,,,un_elemento_revit_para_ancestro,PP,PP-HRN-LGC-HARINA,PP-HRN-LGC-ENFRIADORES,,,,,,,,,,,,,,,,,,,,,,,,,,,,,,,,,,,,,,,,,,,,,,,,,,,,,,,,,,,,,,,,,,,,,,,,,,,,,
contenedor_unico,contenedor_por_ancestro_project,PP-HRN-VLV-VR18,VALVULA ROTATIVA VR18 | Grupo: PP-VLV ROT ENF HARINA,377,6,377,PP-HRN-VNT-VE18,PP-HRN-VNT-VE18,PP-HRN-LGC-HARINA > PP-HRN-LGC-ENFRIADORES > PP-HRN-ENF-EG11 > PP-HRN-VNT-VE18,PP > PP-HRN-LGC-HARINA > PP-HRN-LGC-ENFRIADORES > PP-HRN-ENF-EG11 > PP-HRN-VNT-VE18,PP > PP-HRN-LGC-HARINA > PP-HRN-LGC-ENFRIADORES > PP-HRN-ENF-EG11 > PP-HRN-VNT-VE18 > PP-HRN-VLV-VR18,286624,121e7c49-6f80-4698-91bd-c7c5a38e25dd-00045fa0,Roofs,,Genérico - 400 mm,Genérico - 400 mm,,PP > PP-HRN-LGC-HARINA > PP-HRN-LGC-ENFRIADORES,contenedor_scoring,286624,121e7c49-6f80-4698-91bd-c7c5a38e25dd-00045fa0,PP > PP-HRN-LGC-HARINA > PP-HRN-LGC-ENFRIADORES,3,77,NO,200,0,200,ancestro_project_exacto,286624:200:PP > PP-HRN-LGC-HARINA > PP-HRN-LGC-ENFRIADORES,PP-HRN-LGC-ENFRIADORES,Sin match puntual; contenedor único por ancestro Project PP-HRN-LGC-ENFRIADORES.,contenedor_unico_ancestro,PP-HRN-LGC-ENFRIADORES,286624,286624,,,un_elemento_revit_para_ancestro,PP,PP-HRN-LGC-HARINA,PP-HRN-LGC-ENFRIADORES,,,,,,,,,,,,,,,,,,,,,,,,,,,,,,,,,,,,,,,,,,,,,,,,,,,,,,,,,,,,,,,,,,,,,,,,,,,,,
contenedor_unico,contenedor_por_ancestro_project,PP-HRN-ENF-EG12,SECADOR ENFRIADOR EG12 | Grupo: PP-ENF ENFRIAOR EG12,378,4,378,PP-HRN-LGC-ENFRIADORES,PP-HRN-LGC-ENFRIADORES,PP-HRN-LGC-HARINA > PP-HRN-LGC-ENFRIADORES,PP > PP-HRN-LGC-HARINA > PP-HRN-LGC-ENFRIADORES,PP > PP-HRN-LGC-HARINA > PP-HRN-LGC-ENFRIADORES > PP-HRN-ENF-EG12,286624,121e7c49-6f80-4698-91bd-c7c5a38e25dd-00045fa0,Roofs,,Genérico - 400 mm,Genérico - 400 mm,,PP > PP-HRN-LGC-HARINA > PP-HRN-LGC-ENFRIADORES,contenedor_scoring,286624,121e7c49-6f80-4698-91bd-c7c5a38e25dd-00045fa0,PP > PP-HRN-LGC-HARINA > PP-HRN-LGC-ENFRIADORES,3,77,NO,200,0,200,ancestro_project_exacto,286624:200:PP > PP-HRN-LGC-HARINA > PP-HRN-LGC-ENFRIADORES,PP-HRN-LGC-ENFRIADORES,Sin match puntual; contenedor único por ancestro Project PP-HRN-LGC-ENFRIADORES.,contenedor_unico_ancestro,PP-HRN-LGC-ENFRIADORES,286624,286624,,,un_elemento_revit_para_ancestro,PP,PP-HRN-LGC-HARINA,PP-HRN-LGC-ENFRIADORES,,,,,,,,,,,,,,,,,,,,,,,,,,,,,,,,,,,,,,,,,,,,,,,,,,,,,,,,,,,,,,,,,,,,,,,,,,,,,
contenedor_unico,contenedor_por_ancestro_project,PP-HRN-ART-ATER-17,AEROTERMO ATERM-17 (GRANDE) EG12 | Grupo: PP-ART GRANDE EG11,379,5,379,PP-HRN-ENF-EG12,PP-HRN-ENF-EG12,PP-HRN-LGC-HARINA > PP-HRN-LGC-ENFRIADORES > PP-HRN-ENF-EG12,PP > PP-HRN-LGC-HARINA > PP-HRN-LGC-ENFRIADORES > PP-HRN-ENF-EG12,PP > PP-HRN-LGC-HARINA > PP-HRN-LGC-ENFRIADORES > PP-HRN-ENF-EG12 > PP-HRN-ART-ATER-17,286624,121e7c49-6f80-4698-91bd-c7c5a38e25dd-00045fa0,Roofs,,Genérico - 400 mm,Genérico - 400 mm,,PP > PP-HRN-LGC-HARINA > PP-HRN-LGC-ENFRIADORES,contenedor_scoring,286624,121e7c49-6f80-4698-91bd-c7c5a38e25dd-00045fa0,PP > PP-HRN-LGC-HARINA > PP-HRN-LGC-ENFRIADORES,3,77,NO,200,0,200,ancestro_project_exacto,286624:200:PP > PP-HRN-LGC-HARINA > PP-HRN-LGC-ENFRIADORES,PP-HRN-LGC-ENFRIADORES,Sin match puntual; contenedor único por ancestro Project PP-HRN-LGC-ENFRIADORES.,contenedor_unico_ancestro,PP-HRN-LGC-ENFRIADORES,286624,286624,,,un_elemento_revit_para_ancestro,PP,PP-HRN-LGC-HARINA,PP-HRN-LGC-ENFRIADORES,,,,,,,,,,,,,,,,,,,,,,,,,,,,,,,,,,,,,,,,,,,,,,,,,,,,,,,,,,,,,,,,,,,,,,,,,,,,,
contenedor_unico,contenedor_por_ancestro_project,PP-HRN-ART-ATER-18,AEROTERMO ATERM-18 (GRANDE) EG12 | Grupo: PP-ART GRANDE EG11,380,5,380,PP-HRN-ENF-EG12,PP-HRN-ENF-EG12,PP-HRN-LGC-HARINA > PP-HRN-LGC-ENFRIADORES > PP-HRN-ENF-EG12,PP > PP-HRN-LGC-HARINA > PP-HRN-LGC-ENFRIADORES > PP-HRN-ENF-EG12,PP > PP-HRN-LGC-HARINA > PP-HRN-LGC-ENFRIADORES > PP-HRN-ENF-EG12 > PP-HRN-ART-ATER-18,286624,121e7c49-6f80-4698-91bd-c7c5a38e25dd-00045fa0,Roofs,,Genérico - 400 mm,Genérico - 400 mm,,PP > PP-HRN-LGC-HARINA > PP-HRN-LGC-ENFRIADORES,contenedor_scoring,286624,121e7c49-6f80-4698-91bd-c7c5a38e25dd-00045fa0,PP > PP-HRN-LGC-HARINA > PP-HRN-LGC-ENFRIADORES,3,77,NO,200,0,200,ancestro_project_exacto,286624:200:PP > PP-HRN-LGC-HARINA > PP-HRN-LGC-ENFRIADORES,PP-HRN-LGC-ENFRIADORES,Sin match puntual; contenedor único por ancestro Project PP-HRN-LGC-ENFRIADORES.,contenedor_unico_ancestro,PP-HRN-LGC-ENFRIADORES,286624,286624,,,un_elemento_revit_para_ancestro,PP,PP-HRN-LGC-HARINA,PP-HRN-LGC-ENFRIADORES,,,,,,,,,,,,,,,,,,,,,,,,,,,,,,,,,,,,,,,,,,,,,,,,,,,,,,,,,,,,,,,,,,,,,,,,,,,,,
contenedor_unico,contenedor_por_ancestro_project,PP-HRN-ART-ATER-19,AEROTERMO ATERM-19 (CHICO) EG12 | Grupo: PP-ART CHICO EG12,381,5,381,PP-HRN-ENF-EG12,PP-HRN-ENF-EG12,PP-HRN-LGC-HARINA > PP-HRN-LGC-ENFRIADORES > PP-HRN-ENF-EG12,PP > PP-HRN-LGC-HARINA > PP-HRN-LGC-ENFRIADORES > PP-HRN-ENF-EG12,PP > PP-HRN-LGC-HARINA > PP-HRN-LGC-ENFRIADORES > PP-HRN-ENF-EG12 > PP-HRN-ART-ATER-19,286624,121e7c49-6f80-4698-91bd-c7c5a38e25dd-00045fa0,Roofs,,Genérico - 400 mm,Genérico - 400 mm,,PP > PP-HRN-LGC-HARINA > PP-HRN-LGC-ENFRIADORES,contenedor_scoring,286624,121e7c49-6f80-4698-91bd-c7c5a38e25dd-00045fa0,PP > PP-HRN-LGC-HARINA > PP-HRN-LGC-ENFRIADORES,3,77,NO,200,0,200,ancestro_project_exacto,286624:200:PP > PP-HRN-LGC-HARINA > PP-HRN-LGC-ENFRIADORES,PP-HRN-LGC-ENFRIADORES,Sin match puntual; contenedor único por ancestro Project PP-HRN-LGC-ENFRIADORES.,contenedor_unico_ancestro,PP-HRN-LGC-ENFRIADORES,286624,286624,,,un_elemento_revit_para_ancestro,PP,PP-HRN-LGC-HARINA,PP-HRN-LGC-ENFRIADORES,,,,,,,,,,,,,,,,,,,,,,,,,,,,,,,,,,,,,,,,,,,,,,,,,,,,,,,,,,,,,,,,,,,,,,,,,,,,,
contenedor_unico,contenedor_por_ancestro_project,PP-HRN-ART-ATER-20,AEROTERMO ATERM-20 (CHICO) EG12 | Grupo: PP-ART CHICO EG12,382,5,382,PP-HRN-ENF-EG12,PP-HRN-ENF-EG12,PP-HRN-LGC-HARINA > PP-HRN-LGC-ENFRIADORES > PP-HRN-ENF-EG12,PP > PP-HRN-LGC-HARINA > PP-HRN-LGC-ENFRIADORES > PP-HRN-ENF-EG12,PP > PP-HRN-LGC-HARINA > PP-HRN-LGC-ENFRIADORES > PP-HRN-ENF-EG12 > PP-HRN-ART-ATER-20,286624,121e7c49-6f80-4698-91bd-c7c5a38e25dd-00045fa0,Roofs,,Genérico - 400 mm,Genérico - 400 mm,,PP > PP-HRN-LGC-HARINA > PP-HRN-LGC-ENFRIADORES,contenedor_scoring,286624,121e7c49-6f80-4698-91bd-c7c5a38e25dd-00045fa0,PP > PP-HRN-LGC-HARINA > PP-HRN-LGC-ENFRIADORES,3,77,NO,200,0,200,ancestro_project_exacto,286624:200:PP > PP-HRN-LGC-HARINA > PP-HRN-LGC-ENFRIADORES,PP-HRN-LGC-ENFRIADORES,Sin match puntual; contenedor único por ancestro Project PP-HRN-LGC-ENFRIADORES.,contenedor_unico_ancestro,PP-HRN-LGC-ENFRIADORES,286624,286624,,,un_elemento_revit_para_ancestro,PP,PP-HRN-LGC-HARINA,PP-HRN-LGC-ENFRIADORES,,,,,,,,,,,,,,,,,,,,,,,,,,,,,,,,,,,,,,,,,,,,,,,,,,,,,,,,,,,,,,,,,,,,,,,,,,,,,
contenedor_unico,contenedor_por_ancestro_project,PP-HRN-ART-ATER-21,AEROTERMO ATERM-21 (CHICO) EG12 | Grupo: PP-ART CHICO EG12,383,5,383,PP-HRN-ENF-EG12,PP-HRN-ENF-EG12,PP-HRN-LGC-HARINA > PP-HRN-LGC-ENFRIADORES > PP-HRN-ENF-EG12,PP > PP-HRN-LGC-HARINA > PP-HRN-LGC-ENFRIADORES > PP-HRN-ENF-EG12,PP > PP-HRN-LGC-HARINA > PP-HRN-LGC-ENFRIADORES > PP-HRN-ENF-EG12 > PP-HRN-ART-ATER-21,286624,121e7c49-6f80-4698-91bd-c7c5a38e25dd-00045fa0,Roofs,,Genérico - 400 mm,Genérico - 400 mm,,PP > PP-HRN-LGC-HARINA > PP-HRN-LGC-ENFRIADORES,contenedor_scoring,286624,121e7c49-6f80-4698-91bd-c7c5a38e25dd-00045fa0,PP > PP-HRN-LGC-HARINA > PP-HRN-LGC-ENFRIADORES,3,77,NO,200,0,200,ancestro_project_exacto,286624:200:PP > PP-HRN-LGC-HARINA > PP-HRN-LGC-ENFRIADORES,PP-HRN-LGC-ENFRIADORES,Sin match puntual; contenedor único por ancestro Project PP-HRN-LGC-ENFRIADORES.,contenedor_unico_ancestro,PP-HRN-LGC-ENFRIADORES,286624,286624,,,un_elemento_revit_para_ancestro,PP,PP-HRN-LGC-HARINA,PP-HRN-LGC-ENFRIADORES,,,,,,,,,,,,,,,,,,,,,,,,,,,,,,,,,,,,,,,,,,,,,,,,,,,,,,,,,,,,,,,,,,,,,,,,,,,,,
contenedor_unico,contenedor_por_ancestro_project,PP-HRN-ART-ATER-22,AEROTERMO ATERM-22 (CHICO) EG12 | Grupo: PP-ART CHICO EG12,384,5,384,PP-HRN-ENF-EG12,PP-HRN-ENF-EG12,PP-HRN-LGC-HARINA > PP-HRN-LGC-ENFRIADORES > PP-HRN-ENF-EG12,PP > PP-HRN-LGC-HARINA > PP-HRN-LGC-ENFRIADORES > PP-HRN-ENF-EG12,PP > PP-HRN-LGC-HARINA > PP-HRN-LGC-ENFRIADORES > PP-HRN-ENF-EG12 > PP-HRN-ART-ATER-22,286624,121e7c49-6f80-4698-91bd-c7c5a38e25dd-00045fa0,Roofs,,Genérico - 400 mm,Genérico - 400 mm,,PP > PP-HRN-LGC-HARINA > PP-HRN-LGC-ENFRIADORES,contenedor_scoring,286624,121e7c49-6f80-4698-91bd-c7c5a38e25dd-00045fa0,PP > PP-HRN-LGC-HARINA > PP-HRN-LGC-ENFRIADORES,3,77,NO,200,0,200,ancestro_project_exacto,286624:200:PP > PP-HRN-LGC-HARINA > PP-HRN-LGC-ENFRIADORES,PP-HRN-LGC-ENFRIADORES,Sin match puntual; contenedor único por ancestro Project PP-HRN-LGC-ENFRIADORES.,contenedor_unico_ancestro,PP-HRN-LGC-ENFRIADORES,286624,286624,,,un_elemento_revit_para_ancestro,PP,PP-HRN-LGC-HARINA,PP-HRN-LGC-ENFRIADORES,,,,,,,,,,,,,,,,,,,,,,,,,,,,,,,,,,,,,,,,,,,,,,,,,,,,,,,,,,,,,,,,,,,,,,,,,,,,,
contenedor_unico,contenedor_por_ancestro_project,PP-HRN-ART-ATER-23,AEROTERMO ATERM-23 (CHICO) EG12 | Grupo: PP-ART CHICO EG12,385,5,385,PP-HRN-ENF-EG12,PP-HRN-ENF-EG12,PP-HRN-LGC-HARINA > PP-HRN-LGC-ENFRIADORES > PP-HRN-ENF-EG12,PP > PP-HRN-LGC-HARINA > PP-HRN-LGC-ENFRIADORES > PP-HRN-ENF-EG12,PP > PP-HRN-LGC-HARINA > PP-HRN-LGC-ENFRIADORES > PP-HRN-ENF-EG12 > PP-HRN-ART-ATER-23,286624,121e7c49-6f80-4698-91bd-c7c5a38e25dd-00045fa0,Roofs,,Genérico - 400 mm,Genérico - 400 mm,,PP > PP-HRN-LGC-HARINA > PP-HRN-LGC-ENFRIADORES,contenedor_scoring,286624,121e7c49-6f80-4698-91bd-c7c5a38e25dd-00045fa0,PP > PP-HRN-LGC-HARINA > PP-HRN-LGC-ENFRIADORES,3,77,NO,200,0,200,ancestro_project_exacto,286624:200:PP > PP-HRN-LGC-HARINA > PP-HRN-LGC-ENFRIADORES,PP-HRN-LGC-ENFRIADORES,Sin match puntual; contenedor único por ancestro Project PP-HRN-LGC-ENFRIADORES.,contenedor_unico_ancestro,PP-HRN-LGC-ENFRIADORES,286624,286624,,,un_elemento_revit_para_ancestro,PP,PP-HRN-LGC-HARINA,PP-HRN-LGC-ENFRIADORES,,,,,,,,,,,,,,,,,,,,,,,,,,,,,,,,,,,,,,,,,,,,,,,,,,,,,,,,,,,,,,,,,,,,,,,,,,,,,
contenedor_unico,contenedor_por_ancestro_project,PP-HRN-ART-ATER-24,AEROTERMO ATERM-24 (CHICO) EG12 | Grupo: PP-ART CHICO EG12,386,5,386,PP-HRN-ENF-EG12,PP-HRN-ENF-EG12,PP-HRN-LGC-HARINA > PP-HRN-LGC-ENFRIADORES > PP-HRN-ENF-EG12,PP > PP-HRN-LGC-HARINA > PP-HRN-LGC-ENFRIADORES > PP-HRN-ENF-EG12,PP > PP-HRN-LGC-HARINA > PP-HRN-LGC-ENFRIADORES > PP-HRN-ENF-EG12 > PP-HRN-ART-ATER-24,286624,121e7c49-6f80-4698-91bd-c7c5a38e25dd-00045fa0,Roofs,,Genérico - 400 mm,Genérico - 400 mm,,PP > PP-HRN-LGC-HARINA > PP-HRN-LGC-ENFRIADORES,contenedor_scoring,286624,121e7c49-6f80-4698-91bd-c7c5a38e25dd-00045fa0,PP > PP-HRN-LGC-HARINA > PP-HRN-LGC-ENFRIADORES,3,77,NO,200,0,200,ancestro_project_exacto,286624:200:PP > PP-HRN-LGC-HARINA > PP-HRN-LGC-ENFRIADORES,PP-HRN-LGC-ENFRIADORES,Sin match puntual; contenedor único por ancestro Project PP-HRN-LGC-ENFRIADORES.,contenedor_unico_ancestro,PP-HRN-LGC-ENFRIADORES,286624,286624,,,un_elemento_revit_para_ancestro,PP,PP-HRN-LGC-HARINA,PP-HRN-LGC-ENFRIADORES,,,,,,,,,,,,,,,,,,,,,,,,,,,,,,,,,,,,,,,,,,,,,,,,,,,,,,,,,,,,,,,,,,,,,,,,,,,,,
contenedor_unico,contenedor_por_ancestro_project,PP-HRN-ART-ATER-25,AEROTERMO ATERM-25 (GRANDE) EG12 | Grupo: PP-ART GRANDE EG12,387,5,387,PP-HRN-ENF-EG12,PP-HRN-ENF-EG12,PP-HRN-LGC-HARINA > PP-HRN-LGC-ENFRIADORES > PP-HRN-ENF-EG12,PP > PP-HRN-LGC-HARINA > PP-HRN-LGC-ENFRIADORES > PP-HRN-ENF-EG12,PP > PP-HRN-LGC-HARINA > PP-HRN-LGC-ENFRIADORES > PP-HRN-ENF-EG12 > PP-HRN-ART-ATER-25,286624,121e7c49-6f80-4698-91bd-c7c5a38e25dd-00045fa0,Roofs,,Genérico - 400 mm,Genérico - 400 mm,,PP > PP-HRN-LGC-HARINA > PP-HRN-LGC-ENFRIADORES,contenedor_scoring,286624,121e7c49-6f80-4698-91bd-c7c5a38e25dd-00045fa0,PP > PP-HRN-LGC-HARINA > PP-HRN-LGC-ENFRIADORES,3,77,NO,200,0,200,ancestro_project_exacto,286624:200:PP > PP-HRN-LGC-HARINA > PP-HRN-LGC-ENFRIADORES,PP-HRN-LGC-ENFRIADORES,Sin match puntual; contenedor único por ancestro Project PP-HRN-LGC-ENFRIADORES.,contenedor_unico_ancestro,PP-HRN-LGC-ENFRIADORES,286624,286624,,,un_elemento_revit_para_ancestro,PP,PP-HRN-LGC-HARINA,PP-HRN-LGC-ENFRIADORES,,,,,,,,,,,,,,,,,,,,,,,,,,,,,,,,,,,,,,,,,,,,,,,,,,,,,,,,,,,,,,,,,,,,,,,,,,,,,
contenedor_unico,contenedor_por_ancestro_project,PP-HRN-ART-ATER-26,AEROTERMO ATERM-26 (CHICO) EG12 | Grupo: PP-ART CHICO EG12,388,5,388,PP-HRN-ENF-EG12,PP-HRN-ENF-EG12,PP-HRN-LGC-HARINA > PP-HRN-LGC-ENFRIADORES > PP-HRN-ENF-EG12,PP > PP-HRN-LGC-HARINA > PP-HRN-LGC-ENFRIADORES > PP-HRN-ENF-EG12,PP > PP-HRN-LGC-HARINA > PP-HRN-LGC-ENFRIADORES > PP-HRN-ENF-EG12 > PP-HRN-ART-ATER-26,286624,121e7c49-6f80-4698-91bd-c7c5a38e25dd-00045fa0,Roofs,,Genérico - 400 mm,Genérico - 400 mm,,PP > PP-HRN-LGC-HARINA > PP-HRN-LGC-ENFRIADORES,contenedor_scoring,286624,121e7c49-6f80-4698-91bd-c7c5a38e25dd-00045fa0,PP > PP-HRN-LGC-HARINA > PP-HRN-LGC-ENFRIADORES,3,77,NO,200,0,200,ancestro_project_exacto,286624:200:PP > PP-HRN-LGC-HARINA > PP-HRN-LGC-ENFRIADORES,PP-HRN-LGC-ENFRIADORES,Sin match puntual; contenedor único por ancestro Project PP-HRN-LGC-ENFRIADORES.,contenedor_unico_ancestro,PP-HRN-LGC-ENFRIADORES,286624,286624,,,un_elemento_revit_para_ancestro,PP,PP-HRN-LGC-HARINA,PP-HRN-LGC-ENFRIADORES,,,,,,,,,,,,,,,,,,,,,,,,,,,,,,,,,,,,,,,,,,,,,,,,,,,,,,,,,,,,,,,,,,,,,,,,,,,,,
contenedor_unico,contenedor_por_ancestro_project,PP-HRN-ART-ATER-27,AEROTERMO ATERM-27 (GRANDE) EG12 | Grupo: PP-ART GRANDE EG12,389,5,389,PP-HRN-ENF-EG12,PP-HRN-ENF-EG12,PP-HRN-LGC-HARINA > PP-HRN-LGC-ENFRIADORES > PP-HRN-ENF-EG12,PP > PP-HRN-LGC-HARINA > PP-HRN-LGC-ENFRIADORES > PP-HRN-ENF-EG12,PP > PP-HRN-LGC-HARINA > PP-HRN-LGC-ENFRIADORES > PP-HRN-ENF-EG12 > PP-HRN-ART-ATER-27,286624,121e7c49-6f80-4698-91bd-c7c5a38e25dd-00045fa0,Roofs,,Genérico - 400 mm,Genérico - 400 mm,,PP > PP-HRN-LGC-HARINA > PP-HRN-LGC-ENFRIADORES,contenedor_scoring,286624,121e7c49-6f80-4698-91bd-c7c5a38e25dd-00045fa0,PP > PP-HRN-LGC-HARINA > PP-HRN-LGC-ENFRIADORES,3,77,NO,200,0,200,ancestro_project_exacto,286624:200:PP > PP-HRN-LGC-HARINA > PP-HRN-LGC-ENFRIADORES,PP-HRN-LGC-ENFRIADORES,Sin match puntual; contenedor único por ancestro Project PP-HRN-LGC-ENFRIADORES.,contenedor_unico_ancestro,PP-HRN-LGC-ENFRIADORES,286624,286624,,,un_elemento_revit_para_ancestro,PP,PP-HRN-LGC-HARINA,PP-HRN-LGC-ENFRIADORES,,,,,,,,,,,,,,,,,,,,,,,,,,,,,,,,,,,,,,,,,,,,,,,,,,,,,,,,,,,,,,,,,,,,,,,,,,,,,
contenedor_unico,contenedor_por_ancestro_project,PP-HRN-ART-ATER-28,AEROTERMO ATERM-28 (GRANDE) EG12 | Grupo: PP-ART GRANDE EG12,390,5,390,PP-HRN-ENF-EG12,PP-HRN-ENF-EG12,PP-HRN-LGC-HARINA > PP-HRN-LGC-ENFRIADORES > PP-HRN-ENF-EG12,PP > PP-HRN-LGC-HARINA > PP-HRN-LGC-ENFRIADORES > PP-HRN-ENF-EG12,PP > PP-HRN-LGC-HARINA > PP-HRN-LGC-ENFRIADORES > PP-HRN-ENF-EG12 > PP-HRN-ART-ATER-28,286624,121e7c49-6f80-4698-91bd-c7c5a38e25dd-00045fa0,Roofs,,Genérico - 400 mm,Genérico - 400 mm,,PP > PP-HRN-LGC-HARINA > PP-HRN-LGC-ENFRIADORES,contenedor_scoring,286624,121e7c49-6f80-4698-91bd-c7c5a38e25dd-00045fa0,PP > PP-HRN-LGC-HARINA > PP-HRN-LGC-ENFRIADORES,3,77,NO,200,0,200,ancestro_project_exacto,286624:200:PP > PP-HRN-LGC-HARINA > PP-HRN-LGC-ENFRIADORES,PP-HRN-LGC-ENFRIADORES,Sin match puntual; contenedor único por ancestro Project PP-HRN-LGC-ENFRIADORES.,contenedor_unico_ancestro,PP-HRN-LGC-ENFRIADORES,286624,286624,,,un_elemento_revit_para_ancestro,PP,PP-HRN-LGC-HARINA,PP-HRN-LGC-ENFRIADORES,,,,,,,,,,,,,,,,,,,,,,,,,,,,,,,,,,,,,,,,,,,,,,,,,,,,,,,,,,,,,,,,,,,,,,,,,,,,,
contenedor_unico,contenedor_por_ancestro_project,PP-HRN-ART-ATER-29,AEROTERMO ATERM-29 (GRANDE) EG12 | Grupo: PP-ART GRANDE EG12,391,5,391,PP-HRN-ENF-EG12,PP-HRN-ENF-EG12,PP-HRN-LGC-HARINA > PP-HRN-LGC-ENFRIADORES > PP-HRN-ENF-EG12,PP > PP-HRN-LGC-HARINA > PP-HRN-LGC-ENFRIADORES > PP-HRN-ENF-EG12,PP > PP-HRN-LGC-HARINA > PP-HRN-LGC-ENFRIADORES > PP-HRN-ENF-EG12 > PP-HRN-ART-ATER-29,286624,121e7c49-6f80-4698-91bd-c7c5a38e25dd-00045fa0,Roofs,,Genérico - 400 mm,Genérico - 400 mm,,PP > PP-HRN-LGC-HARINA > PP-HRN-LGC-ENFRIADORES,contenedor_scoring,286624,121e7c49-6f80-4698-91bd-c7c5a38e25dd-00045fa0,PP > PP-HRN-LGC-HARINA > PP-HRN-LGC-ENFRIADORES,3,77,NO,200,0,200,ancestro_project_exacto,286624:200:PP > PP-HRN-LGC-HARINA > PP-HRN-LGC-ENFRIADORES,PP-HRN-LGC-ENFRIADORES,Sin match puntual; contenedor único por ancestro Project PP-HRN-LGC-ENFRIADORES.,contenedor_unico_ancestro,PP-HRN-LGC-ENFRIADORES,286624,286624,,,un_elemento_revit_para_ancestro,PP,PP-HRN-LGC-HARINA,PP-HRN-LGC-ENFRIADORES,,,,,,,,,,,,,,,,,,,,,,,,,,,,,,,,,,,,,,,,,,,,,,,,,,,,,,,,,,,,,,,,,,,,,,,,,,,,,
contenedor_unico,contenedor_por_ancestro_project,PP-HRN-RSC-S09,ROSCA S09  A S11 SALIDA DE EG12 | Grupo: PP-RSC S09,392,5,392,PP-HRN-ENF-EG12,PP-HRN-ENF-EG12,PP-HRN-LGC-HARINA > PP-HRN-LGC-ENFRIADORES > PP-HRN-ENF-EG12,PP > PP-HRN-LGC-HARINA > PP-HRN-LGC-ENFRIADORES > PP-HRN-ENF-EG12,PP > PP-HRN-LGC-HARINA > PP-HRN-LGC-ENFRIADORES > PP-HRN-ENF-EG12 > PP-HRN-RSC-S09,286624,121e7c49-6f80-4698-91bd-c7c5a38e25dd-00045fa0,Roofs,,Genérico - 400 mm,Genérico - 400 mm,,PP > PP-HRN-LGC-HARINA > PP-HRN-LGC-ENFRIADORES,contenedor_scoring,286624,121e7c49-6f80-4698-91bd-c7c5a38e25dd-00045fa0,PP > PP-HRN-LGC-HARINA > PP-HRN-LGC-ENFRIADORES,3,77,NO,200,0,200,ancestro_project_exacto,286624:200:PP > PP-HRN-LGC-HARINA > PP-HRN-LGC-ENFRIADORES,PP-HRN-LGC-ENFRIADORES,Sin match puntual; contenedor único por ancestro Project PP-HRN-LGC-ENFRIADORES.,contenedor_unico_ancestro,PP-HRN-LGC-ENFRIADORES,286624,286624,,,un_elemento_revit_para_ancestro,PP,PP-HRN-LGC-HARINA,PP-HRN-LGC-ENFRIADORES,,,,,,,,,,,,,,,,,,,,,,,,,,,,,,,,,,,,,,,,,,,,,,,,,,,,,,,,,,,,,,,,,,,,,,,,,,,,,
contenedor_unico,contenedor_por_ancestro_project,PP-HRN-RSC-S11,ROSCA S11  A R22 | Grupo: PP-RSC S11,393,5,393,PP-HRN-ENF-EG12,PP-HRN-ENF-EG12,PP-HRN-LGC-HARINA > PP-HRN-LGC-ENFRIADORES > PP-HRN-ENF-EG12,PP > PP-HRN-LGC-HARINA > PP-HRN-LGC-ENFRIADORES > PP-HRN-ENF-EG12,PP > PP-HRN-LGC-HARINA > PP-HRN-LGC-ENFRIADORES > PP-HRN-ENF-EG12 > PP-HRN-RSC-S11,286624,121e7c49-6f80-4698-91bd-c7c5a38e25dd-00045fa0,Roofs,,Genérico - 400 mm,Genérico - 400 mm,,PP > PP-HRN-LGC-HARINA > PP-HRN-LGC-ENFRIADORES,contenedor_scoring,286624,121e7c49-6f80-4698-91bd-c7c5a38e25dd-00045fa0,PP > PP-HRN-LGC-HARINA > PP-HRN-LGC-ENFRIADORES,3,77,NO,200,0,200,ancestro_project_exacto,286624:200:PP > PP-HRN-LGC-HARINA > PP-HRN-LGC-ENFRIADORES,PP-HRN-LGC-ENFRIADORES,Sin match puntual; contenedor único por ancestro Project PP-HRN-LGC-ENFRIADORES.,contenedor_unico_ancestro,PP-HRN-LGC-ENFRIADORES,286624,286624,,,un_elemento_revit_para_ancestro,PP,PP-HRN-LGC-HARINA,PP-HRN-LGC-ENFRIADORES,,,,,,,,,,,,,,,,,,,,,,,,,,,,,,,,,,,,,,,,,,,,,,,,,,,,,,,,,,,,,,,,,,,,,,,,,,,,,
contenedor_unico,contenedor_por_ancestro_project,PP-HRN-RSC-S22,ROSCA S22 ALIVIO DE FINOS EG12 A S23 | Grupo: PP-RSC S22,394,5,394,PP-HRN-ENF-EG12,PP-HRN-ENF-EG12,PP-HRN-LGC-HARINA > PP-HRN-LGC-ENFRIADORES > PP-HRN-ENF-EG12,PP > PP-HRN-LGC-HARINA > PP-HRN-LGC-ENFRIADORES > PP-HRN-ENF-EG12,PP > PP-HRN-LGC-HARINA > PP-HRN-LGC-ENFRIADORES > PP-HRN-ENF-EG12 > PP-HRN-RSC-S22,286624,121e7c49-6f80-4698-91bd-c7c5a38e25dd-00045fa0,Roofs,,Genérico - 400 mm,Genérico - 400 mm,,PP > PP-HRN-LGC-HARINA > PP-HRN-LGC-ENFRIADORES,contenedor_scoring,286624,121e7c49-6f80-4698-91bd-c7c5a38e25dd-00045fa0,PP > PP-HRN-LGC-HARINA > PP-HRN-LGC-ENFRIADORES,3,77,NO,200,0,200,ancestro_project_exacto,286624:200:PP > PP-HRN-LGC-HARINA > PP-HRN-LGC-ENFRIADORES,PP-HRN-LGC-ENFRIADORES,Sin match puntual; contenedor único por ancestro Project PP-HRN-LGC-ENFRIADORES.,contenedor_unico_ancestro,PP-HRN-LGC-ENFRIADORES,286624,286624,,,un_elemento_revit_para_ancestro,PP,PP-HRN-LGC-HARINA,PP-HRN-LGC-ENFRIADORES,,,,,,,,,,,,,,,,,,,,,,,,,,,,,,,,,,,,,,,,,,,,,,,,,,,,,,,,,,,,,,,,,,,,,,,,,,,,,
contenedor_unico,contenedor_por_ancestro_project,PP-HRN-RSC-S23,ROSCA S23 ALIVIO DE FINOS EG12 A R23 | Grupo: PP-RSC S23,395,5,395,PP-HRN-ENF-EG12,PP-HRN-ENF-EG12,PP-HRN-LGC-HARINA > PP-HRN-LGC-ENFRIADORES > PP-HRN-ENF-EG12,PP > PP-HRN-LGC-HARINA > PP-HRN-LGC-ENFRIADORES > PP-HRN-ENF-EG12,PP > PP-HRN-LGC-HARINA > PP-HRN-LGC-ENFRIADORES > PP-HRN-ENF-EG12 > PP-HRN-RSC-S23,286624,121e7c49-6f80-4698-91bd-c7c5a38e25dd-00045fa0,Roofs,,Genérico - 400 mm,Genérico - 400 mm,,PP > PP-HRN-LGC-HARINA > PP-HRN-LGC-ENFRIADORES,contenedor_scoring,286624,121e7c49-6f80-4698-91bd-c7c5a38e25dd-00045fa0,PP > PP-HRN-LGC-HARINA > PP-HRN-LGC-ENFRIADORES,3,77,NO,200,0,200,ancestro_project_exacto,286624:200:PP > PP-HRN-LGC-HARINA > PP-HRN-LGC-ENFRIADORES,PP-HRN-LGC-ENFRIADORES,Sin match puntual; contenedor único por ancestro Project PP-HRN-LGC-ENFRIADORES.,contenedor_unico_ancestro,PP-HRN-LGC-ENFRIADORES,286624,286624,,,un_elemento_revit_para_ancestro,PP,PP-HRN-LGC-HARINA,PP-HRN-LGC-ENFRIADORES,,,,,,,,,,,,,,,,,,,,,,,,,,,,,,,,,,,,,,,,,,,,,,,,,,,,,,,,,,,,,,,,,,,,,,,,,,,,,
contenedor_unico,contenedor_por_ancestro_project,PP-HRN-VLV-SOV-201,VALVULA ON-OFF VAPOR AHOGO ENFRIADOR EG11 SUPERIOR | Grupo: PP-VLV CONTROL HARINA,396,5,396,PP-HRN-ENF-EG12,PP-HRN-ENF-EG12,PP-HRN-LGC-HARINA > PP-HRN-LGC-ENFRIADORES > PP-HRN-ENF-EG12,PP > PP-HRN-LGC-HARINA > PP-HRN-LGC-ENFRIADORES > PP-HRN-ENF-EG12,PP > PP-HRN-LGC-HARINA > PP-HRN-LGC-ENFRIADORES > PP-HRN-ENF-EG12 > PP-HRN-VLV-SOV-201,286624,121e7c49-6f80-4698-91bd-c7c5a38e25dd-00045fa0,Roofs,,Genérico - 400 mm,Genérico - 400 mm,,PP > PP-HRN-LGC-HARINA > PP-HRN-LGC-ENFRIADORES,contenedor_scoring,286624,121e7c49-6f80-4698-91bd-c7c5a38e25dd-00045fa0,PP > PP-HRN-LGC-HARINA > PP-HRN-LGC-ENFRIADORES,3,77,NO,200,0,200,ancestro_project_exacto,286624:200:PP > PP-HRN-LGC-HARINA > PP-HRN-LGC-ENFRIADORES,PP-HRN-LGC-ENFRIADORES,Sin match puntual; contenedor único por ancestro Project PP-HRN-LGC-ENFRIADORES.,contenedor_unico_ancestro,PP-HRN-LGC-ENFRIADORES,286624,286624,,,un_elemento_revit_para_ancestro,PP,PP-HRN-LGC-HARINA,PP-HRN-LGC-ENFRIADORES,,,,,,,,,,,,,,,,,,,,,,,,,,,,,,,,,,,,,,,,,,,,,,,,,,,,,,,,,,,,,,,,,,,,,,,,,,,,,
contenedor_unico,contenedor_por_ancestro_project,PP-HRN-VLV-SOV-202,VALVULA ON-OFF VAPOR AHOGO ENFRIADOR EG12 | Grupo: PP-VLV CONTROL HARINA,397,5,397,PP-HRN-ENF-EG12,PP-HRN-ENF-EG12,PP-HRN-LGC-HARINA > PP-HRN-LGC-ENFRIADORES > PP-HRN-ENF-EG12,PP > PP-HRN-LGC-HARINA > PP-HRN-LGC-ENFRIADORES > PP-HRN-ENF-EG12,PP > PP-HRN-LGC-HARINA > PP-HRN-LGC-ENFRIADORES > PP-HRN-ENF-EG12 > PP-HRN-VLV-SOV-202,286624,121e7c49-6f80-4698-91bd-c7c5a38e25dd-00045fa0,Roofs,,Genérico - 400 mm,Genérico - 400 mm,,PP > PP-HRN-LGC-HARINA > PP-HRN-LGC-ENFRIADORES,contenedor_scoring,286624,121e7c49-6f80-4698-91bd-c7c5a38e25dd-00045fa0,PP > PP-HRN-LGC-HARINA > PP-HRN-LGC-ENFRIADORES,3,77,NO,200,0,200,ancestro_project_exacto,286624:200:PP > PP-HRN-LGC-HARINA > PP-HRN-LGC-ENFRIADORES,PP-HRN-LGC-ENFRIADORES,Sin match puntual; contenedor único por ancestro Project PP-HRN-LGC-ENFRIADORES.,contenedor_unico_ancestro,PP-HRN-LGC-ENFRIADORES,286624,286624,,,un_elemento_revit_para_ancestro,PP,PP-HRN-LGC-HARINA,PP-HRN-LGC-ENFRIADORES,,,,,,,,,,,,,,,,,,,,,,,,,,,,,,,,,,,,,,,,,,,,,,,,,,,,,,,,,,,,,,,,,,,,,,,,,,,,,
contenedor_unico,contenedor_por_ancestro_project,PP-HRN-VNT-VE19,VENTILADOR VE19 EG12 | Grupo: PP-VNT VENTIL EG11-EG12,398,5,398,PP-HRN-ENF-EG12,PP-HRN-ENF-EG12,PP-HRN-LGC-HARINA > PP-HRN-LGC-ENFRIADORES > PP-HRN-ENF-EG12,PP > PP-HRN-LGC-HARINA > PP-HRN-LGC-ENFRIADORES > PP-HRN-ENF-EG12,PP > PP-HRN-LGC-HARINA > PP-HRN-LGC-ENFRIADORES > PP-HRN-ENF-EG12 > PP-HRN-VNT-VE19,286624,121e7c49-6f80-4698-91bd-c7c5a38e25dd-00045fa0,Roofs,,Genérico - 400 mm,Genérico - 400 mm,,PP > PP-HRN-LGC-HARINA > PP-HRN-LGC-ENFRIADORES,contenedor_scoring,286624,121e7c49-6f80-4698-91bd-c7c5a38e25dd-00045fa0,PP > PP-HRN-LGC-HARINA > PP-HRN-LGC-ENFRIADORES,3,77,NO,200,0,200,ancestro_project_exacto,286624:200:PP > PP-HRN-LGC-HARINA > PP-HRN-LGC-ENFRIADORES,PP-HRN-LGC-ENFRIADORES,Sin match puntual; contenedor único por ancestro Project PP-HRN-LGC-ENFRIADORES.,contenedor_unico_ancestro,PP-HRN-LGC-ENFRIADORES,286624,286624,,,un_elemento_revit_para_ancestro,PP,PP-HRN-LGC-HARINA,PP-HRN-LGC-ENFRIADORES,,,,,,,,,,,,,,,,,,,,,,,,,,,,,,,,,,,,,,,,,,,,,,,,,,,,,,,,,,,,,,,,,,,,,,,,,,,,,
contenedor_unico,contenedor_por_ancestro_project,PP-HRN-CCL-CVE19,CICLON VENTILADOR VE19 | Grupo: PP-CCL CICLON ENF HRN,399,6,399,PP-HRN-VNT-VE19,PP-HRN-VNT-VE19,PP-HRN-LGC-HARINA > PP-HRN-LGC-ENFRIADORES > PP-HRN-ENF-EG12 > PP-HRN-VNT-VE19,PP > PP-HRN-LGC-HARINA > PP-HRN-LGC-ENFRIADORES > PP-HRN-ENF-EG12 > PP-HRN-VNT-VE19,PP > PP-HRN-LGC-HARINA > PP-HRN-LGC-ENFRIADORES > PP-HRN-ENF-EG12 > PP-HRN-VNT-VE19 > PP-HRN-CCL-CVE19,286624,121e7c49-6f80-4698-91bd-c7c5a38e25dd-00045fa0,Roofs,,Genérico - 400 mm,Genérico - 400 mm,,PP > PP-HRN-LGC-HARINA > PP-HRN-LGC-ENFRIADORES,contenedor_scoring,286624,121e7c49-6f80-4698-91bd-c7c5a38e25dd-00045fa0,PP > PP-HRN-LGC-HARINA > PP-HRN-LGC-ENFRIADORES,3,77,NO,200,0,200,ancestro_project_exacto,286624:200:PP > PP-HRN-LGC-HARINA > PP-HRN-LGC-ENFRIADORES,PP-HRN-LGC-ENFRIADORES,Sin match puntual; contenedor único por ancestro Project PP-HRN-LGC-ENFRIADORES.,contenedor_unico_ancestro,PP-HRN-LGC-ENFRIADORES,286624,286624,,,un_elemento_revit_para_ancestro,PP,PP-HRN-LGC-HARINA,PP-HRN-LGC-ENFRIADORES,,,,,,,,,,,,,,,,,,,,,,,,,,,,,,,,,,,,,,,,,,,,,,,,,,,,,,,,,,,,,,,,,,,,,,,,,,,,,
contenedor_unico,contenedor_por_ancestro_project,PP-HRN-VLV-VR19,VALVULA ROTATIVA VR19 | Grupo: PP-VLV ROT ENF HARINA,400,6,400,PP-HRN-VNT-VE19,PP-HRN-VNT-VE19,PP-HRN-LGC-HARINA > PP-HRN-LGC-ENFRIADORES > PP-HRN-ENF-EG12 > PP-HRN-VNT-VE19,PP > PP-HRN-LGC-HARINA > PP-HRN-LGC-ENFRIADORES > PP-HRN-ENF-EG12 > PP-HRN-VNT-VE19,PP > PP-HRN-LGC-HARINA > PP-HRN-LGC-ENFRIADORES > PP-HRN-ENF-EG12 > PP-HRN-VNT-VE19 > PP-HRN-VLV-VR19,286624,121e7c49-6f80-4698-91bd-c7c5a38e25dd-00045fa0,Roofs,,Genérico - 400 mm,Genérico - 400 mm,,PP > PP-HRN-LGC-HARINA > PP-HRN-LGC-ENFRIADORES,contenedor_scoring,286624,121e7c49-6f80-4698-91bd-c7c5a38e25dd-00045fa0,PP > PP-HRN-LGC-HARINA > PP-HRN-LGC-ENFRIADORES,3,77,NO,200,0,200,ancestro_project_exacto,286624:200:PP > PP-HRN-LGC-HARINA > PP-HRN-LGC-ENFRIADORES,PP-HRN-LGC-ENFRIADORES,Sin match puntual; contenedor único por ancestro Project PP-HRN-LGC-ENFRIADORES.,contenedor_unico_ancestro,PP-HRN-LGC-ENFRIADORES,286624,286624,,,un_elemento_revit_para_ancestro,PP,PP-HRN-LGC-HARINA,PP-HRN-LGC-ENFRIADORES,,,,,,,,,,,,,,,,,,,,,,,,,,,,,,,,,,,,,,,,,,,,,,,,,,,,,,,,,,,,,,,,,,,,,,,,,,,,,
contenedor_unico,contenedor_por_ancestro_project,PP-HRN-VNT-VE20,VENTILADOR VE20 EG12 | Grupo: PP-VNT VENTIL EG11-EG12,401,5,401,PP-HRN-ENF-EG12,PP-HRN-ENF-EG12,PP-HRN-LGC-HARINA > PP-HRN-LGC-ENFRIADORES > PP-HRN-ENF-EG12,PP > PP-HRN-LGC-HARINA > PP-HRN-LGC-ENFRIADORES > PP-HRN-ENF-EG12,PP > PP-HRN-LGC-HARINA > PP-HRN-LGC-ENFRIADORES > PP-HRN-ENF-EG12 > PP-HRN-VNT-VE20,286624,121e7c49-6f80-4698-91bd-c7c5a38e25dd-00045fa0,Roofs,,Genérico - 400 mm,Genérico - 400 mm,,PP > PP-HRN-LGC-HARINA > PP-HRN-LGC-ENFRIADORES,contenedor_scoring,286624,121e7c49-6f80-4698-91bd-c7c5a38e25dd-00045fa0,PP > PP-HRN-LGC-HARINA > PP-HRN-LGC-ENFRIADORES,3,77,NO,200,0,200,ancestro_project_exacto,286624:200:PP > PP-HRN-LGC-HARINA > PP-HRN-LGC-ENFRIADORES,PP-HRN-LGC-ENFRIADORES,Sin match puntual; contenedor único por ancestro Project PP-HRN-LGC-ENFRIADORES.,contenedor_unico_ancestro,PP-HRN-LGC-ENFRIADORES,286624,286624,,,un_elemento_revit_para_ancestro,PP,PP-HRN-LGC-HARINA,PP-HRN-LGC-ENFRIADORES,,,,,,,,,,,,,,,,,,,,,,,,,,,,,,,,,,,,,,,,,,,,,,,,,,,,,,,,,,,,,,,,,,,,,,,,,,,,,
contenedor_unico,contenedor_por_ancestro_project,PP-HRN-CCL-CVE20,CICLON VENTILADOR VE20 | Grupo: PP-CCL CICLON ENF HRN,402,6,402,PP-HRN-VNT-VE20,PP-HRN-VNT-VE20,PP-HRN-LGC-HARINA > PP-HRN-LGC-ENFRIADORES > PP-HRN-ENF-EG12 > PP-HRN-VNT-VE20,PP > PP-HRN-LGC-HARINA > PP-HRN-LGC-ENFRIADORES > PP-HRN-ENF-EG12 > PP-HRN-VNT-VE20,PP > PP-HRN-LGC-HARINA > PP-HRN-LGC-ENFRIADORES > PP-HRN-ENF-EG12 > PP-HRN-VNT-VE20 > PP-HRN-CCL-CVE20,286624,121e7c49-6f80-4698-91bd-c7c5a38e25dd-00045fa0,Roofs,,Genérico - 400 mm,Genérico - 400 mm,,PP > PP-HRN-LGC-HARINA > PP-HRN-LGC-ENFRIADORES,contenedor_scoring,286624,121e7c49-6f80-4698-91bd-c7c5a38e25dd-00045fa0,PP > PP-HRN-LGC-HARINA > PP-HRN-LGC-ENFRIADORES,3,77,NO,200,0,200,ancestro_project_exacto,286624:200:PP > PP-HRN-LGC-HARINA > PP-HRN-LGC-ENFRIADORES,PP-HRN-LGC-ENFRIADORES,Sin match puntual; contenedor único por ancestro Project PP-HRN-LGC-ENFRIADORES.,contenedor_unico_ancestro,PP-HRN-LGC-ENFRIADORES,286624,286624,,,un_elemento_revit_para_ancestro,PP,PP-HRN-LGC-HARINA,PP-HRN-LGC-ENFRIADORES,,,,,,,,,,,,,,,,,,,,,,,,,,,,,,,,,,,,,,,,,,,,,,,,,,,,,,,,,,,,,,,,,,,,,,,,,,,,,
contenedor_unico,contenedor_por_ancestro_project,PP-HRN-VLV-VR20,VALVULA ROTATIVA VR20 | Grupo: PP-VLV ROT ENF HARINA,403,6,403,PP-HRN-VNT-VE20,PP-HRN-VNT-VE20,PP-HRN-LGC-HARINA > PP-HRN-LGC-ENFRIADORES > PP-HRN-ENF-EG12 > PP-HRN-VNT-VE20,PP > PP-HRN-LGC-HARINA > PP-HRN-LGC-ENFRIADORES > PP-HRN-ENF-EG12 > PP-HRN-VNT-VE20,PP > PP-HRN-LGC-HARINA > PP-HRN-LGC-ENFRIADORES > PP-HRN-ENF-EG12 > PP-HRN-VNT-VE20 > PP-HRN-VLV-VR20,286624,121e7c49-6f80-4698-91bd-c7c5a38e25dd-00045fa0,Roofs,,Genérico - 400 mm,Genérico - 400 mm,,PP > PP-HRN-LGC-HARINA > PP-HRN-LGC-ENFRIADORES,contenedor_scoring,286624,121e7c49-6f80-4698-91bd-c7c5a38e25dd-00045fa0,PP > PP-HRN-LGC-HARINA > PP-HRN-LGC-ENFRIADORES,3,77,NO,200,0,200,ancestro_project_exacto,286624:200:PP > PP-HRN-LGC-HARINA > PP-HRN-LGC-ENFRIADORES,PP-HRN-LGC-ENFRIADORES,Sin match puntual; contenedor único por ancestro Project PP-HRN-LGC-ENFRIADORES.,contenedor_unico_ancestro,PP-HRN-LGC-ENFRIADORES,286624,286624,,,un_elemento_revit_para_ancestro,PP,PP-HRN-LGC-HARINA,PP-HRN-LGC-ENFRIADORES,,,,,,,,,,,,,,,,,,,,,,,,,,,,,,,,,,,,,,,,,,,,,,,,,,,,,,,,,,,,,,,,,,,,,,,,,,,,,
contenedor_unico,contenedor_por_ancestro_project,PP-HRN-VNT-VE21,VENTILADOR VE21 EG12 | Grupo: PP-VNT VENTIL EG11-EG12,404,5,404,PP-HRN-ENF-EG12,PP-HRN-ENF-EG12,PP-HRN-LGC-HARINA > PP-HRN-LGC-ENFRIADORES > PP-HRN-ENF-EG12,PP > PP-HRN-LGC-HARINA > PP-HRN-LGC-ENFRIADORES > PP-HRN-ENF-EG12,PP > PP-HRN-LGC-HARINA > PP-HRN-LGC-ENFRIADORES > PP-HRN-ENF-EG12 > PP-HRN-VNT-VE21,286624,121e7c49-6f80-4698-91bd-c7c5a38e25dd-00045fa0,Roofs,,Genérico - 400 mm,Genérico - 400 mm,,PP > PP-HRN-LGC-HARINA > PP-HRN-LGC-ENFRIADORES,contenedor_scoring,286624,121e7c49-6f80-4698-91bd-c7c5a38e25dd-00045fa0,PP > PP-HRN-LGC-HARINA > PP-HRN-LGC-ENFRIADORES,3,77,NO,200,0,200,ancestro_project_exacto,286624:200:PP > PP-HRN-LGC-HARINA > PP-HRN-LGC-ENFRIADORES,PP-HRN-LGC-ENFRIADORES,Sin match puntual; contenedor único por ancestro Project PP-HRN-LGC-ENFRIADORES.,contenedor_unico_ancestro,PP-HRN-LGC-ENFRIADORES,286624,286624,,,un_elemento_revit_para_ancestro,PP,PP-HRN-LGC-HARINA,PP-HRN-LGC-ENFRIADORES,,,,,,,,,,,,,,,,,,,,,,,,,,,,,,,,,,,,,,,,,,,,,,,,,,,,,,,,,,,,,,,,,,,,,,,,,,,,,
contenedor_unico,contenedor_por_ancestro_project,PP-HRN-CCL-CVE21,CICLON VENTILADOR VE21 | Grupo: PP-CCL CICLON ENF HRN,405,6,405,PP-HRN-VNT-VE21,PP-HRN-VNT-VE21,PP-HRN-LGC-HARINA > PP-HRN-LGC-ENFRIADORES > PP-HRN-ENF-EG12 > PP-HRN-VNT-VE21,PP > PP-HRN-LGC-HARINA > PP-HRN-LGC-ENFRIADORES > PP-HRN-ENF-EG12 > PP-HRN-VNT-VE21,PP > PP-HRN-LGC-HARINA > PP-HRN-LGC-ENFRIADORES > PP-HRN-ENF-EG12 > PP-HRN-VNT-VE21 > PP-HRN-CCL-CVE21,286624,121e7c49-6f80-4698-91bd-c7c5a38e25dd-00045fa0,Roofs,,Genérico - 400 mm,Genérico - 400 mm,,PP > PP-HRN-LGC-HARINA > PP-HRN-LGC-ENFRIADORES,contenedor_scoring,286624,121e7c49-6f80-4698-91bd-c7c5a38e25dd-00045fa0,PP > PP-HRN-LGC-HARINA > PP-HRN-LGC-ENFRIADORES,3,77,NO,200,0,200,ancestro_project_exacto,286624:200:PP > PP-HRN-LGC-HARINA > PP-HRN-LGC-ENFRIADORES,PP-HRN-LGC-ENFRIADORES,Sin match puntual; contenedor único por ancestro Project PP-HRN-LGC-ENFRIADORES.,contenedor_unico_ancestro,PP-HRN-LGC-ENFRIADORES,286624,286624,,,un_elemento_revit_para_ancestro,PP,PP-HRN-LGC-HARINA,PP-HRN-LGC-ENFRIADORES,,,,,,,,,,,,,,,,,,,,,,,,,,,,,,,,,,,,,,,,,,,,,,,,,,,,,,,,,,,,,,,,,,,,,,,,,,,,,
contenedor_unico,contenedor_por_ancestro_project,PP-HRN-VLV-VR21,VALVULA ROTATIVA VR21 | Grupo: PP-VLV ROT ENF HARINA,406,6,406,PP-HRN-VNT-VE21,PP-HRN-VNT-VE21,PP-HRN-LGC-HARINA > PP-HRN-LGC-ENFRIADORES > PP-HRN-ENF-EG12 > PP-HRN-VNT-VE21,PP > PP-HRN-LGC-HARINA > PP-HRN-LGC-ENFRIADORES > PP-HRN-ENF-EG12 > PP-HRN-VNT-VE21,PP > PP-HRN-LGC-HARINA > PP-HRN-LGC-ENFRIADORES > PP-HRN-ENF-EG12 > PP-HRN-VNT-VE21 > PP-HRN-VLV-VR21,286624,121e7c49-6f80-4698-91bd-c7c5a38e25dd-00045fa0,Roofs,,Genérico - 400 mm,Genérico - 400 mm,,PP > PP-HRN-LGC-HARINA > PP-HRN-LGC-ENFRIADORES,contenedor_scoring,286624,121e7c49-6f80-4698-91bd-c7c5a38e25dd-00045fa0,PP > PP-HRN-LGC-HARINA > PP-HRN-LGC-ENFRIADORES,3,77,NO,200,0,200,ancestro_project_exacto,286624:200:PP > PP-HRN-LGC-HARINA > PP-HRN-LGC-ENFRIADORES,PP-HRN-LGC-ENFRIADORES,Sin match puntual; contenedor único por ancestro Project PP-HRN-LGC-ENFRIADORES.,contenedor_unico_ancestro,PP-HRN-LGC-ENFRIADORES,286624,286624,,,un_elemento_revit_para_ancestro,PP,PP-HRN-LGC-HARINA,PP-HRN-LGC-ENFRIADORES,,,,,,,,,,,,,,,,,,,,,,,,,,,,,,,,,,,,,,,,,,,,,,,,,,,,,,,,,,,,,,,,,,,,,,,,,,,,,
contenedor_unico,contenedor_por_ancestro_project,PP-HRN-VNT-VE22,VENTILADOR VE22 EG12 | Grupo: PP-VNT VENTIL EG11-EG12,407,5,407,PP-HRN-ENF-EG12,PP-HRN-ENF-EG12,PP-HRN-LGC-HARINA > PP-HRN-LGC-ENFRIADORES > PP-HRN-ENF-EG12,PP > PP-HRN-LGC-HARINA > PP-HRN-LGC-ENFRIADORES > PP-HRN-ENF-EG12,PP > PP-HRN-LGC-HARINA > PP-HRN-LGC-ENFRIADORES > PP-HRN-ENF-EG12 > PP-HRN-VNT-VE22,286624,121e7c49-6f80-4698-91bd-c7c5a38e25dd-00045fa0,Roofs,,Genérico - 400 mm,Genérico - 400 mm,,PP > PP-HRN-LGC-HARINA > PP-HRN-LGC-ENFRIADORES,contenedor_scoring,286624,121e7c49-6f80-4698-91bd-c7c5a38e25dd-00045fa0,PP > PP-HRN-LGC-HARINA > PP-HRN-LGC-ENFRIADORES,3,77,NO,200,0,200,ancestro_project_exacto,286624:200:PP > PP-HRN-LGC-HARINA > PP-HRN-LGC-ENFRIADORES,PP-HRN-LGC-ENFRIADORES,Sin match puntual; contenedor único por ancestro Project PP-HRN-LGC-ENFRIADORES.,contenedor_unico_ancestro,PP-HRN-LGC-ENFRIADORES,286624,286624,,,un_elemento_revit_para_ancestro,PP,PP-HRN-LGC-HARINA,PP-HRN-LGC-ENFRIADORES,,,,,,,,,,,,,,,,,,,,,,,,,,,,,,,,,,,,,,,,,,,,,,,,,,,,,,,,,,,,,,,,,,,,,,,,,,,,,
contenedor_unico,contenedor_por_ancestro_project,PP-HRN-CCL-CVE22,CICLON VENTILADOR VE22 | Grupo: PP-CCL CICLON ENF HRN,408,6,408,PP-HRN-VNT-VE22,PP-HRN-VNT-VE22,PP-HRN-LGC-HARINA > PP-HRN-LGC-ENFRIADORES > PP-HRN-ENF-EG12 > PP-HRN-VNT-VE22,PP > PP-HRN-LGC-HARINA > PP-HRN-LGC-ENFRIADORES > PP-HRN-ENF-EG12 > PP-HRN-VNT-VE22,PP > PP-HRN-LGC-HARINA > PP-HRN-LGC-ENFRIADORES > PP-HRN-ENF-EG12 > PP-HRN-VNT-VE22 > PP-HRN-CCL-CVE22,286624,121e7c49-6f80-4698-91bd-c7c5a38e25dd-00045fa0,Roofs,,Genérico - 400 mm,Genérico - 400 mm,,PP > PP-HRN-LGC-HARINA > PP-HRN-LGC-ENFRIADORES,contenedor_scoring,286624,121e7c49-6f80-4698-91bd-c7c5a38e25dd-00045fa0,PP > PP-HRN-LGC-HARINA > PP-HRN-LGC-ENFRIADORES,3,77,NO,200,0,200,ancestro_project_exacto,286624:200:PP > PP-HRN-LGC-HARINA > PP-HRN-LGC-ENFRIADORES,PP-HRN-LGC-ENFRIADORES,Sin match puntual; contenedor único por ancestro Project PP-HRN-LGC-ENFRIADORES.,contenedor_unico_ancestro,PP-HRN-LGC-ENFRIADORES,286624,286624,,,un_elemento_revit_para_ancestro,PP,PP-HRN-LGC-HARINA,PP-HRN-LGC-ENFRIADORES,,,,,,,,,,,,,,,,,,,,,,,,,,,,,,,,,,,,,,,,,,,,,,,,,,,,,,,,,,,,,,,,,,,,,,,,,,,,,
contenedor_unico,contenedor_por_ancestro_project,PP-HRN-VLV-VR22,VALVULA ROTATIVA VR22 | Grupo: PP-VLV ROT ENF HARINA,409,6,409,PP-HRN-VNT-VE22,PP-HRN-VNT-VE22,PP-HRN-LGC-HARINA > PP-HRN-LGC-ENFRIADORES > PP-HRN-ENF-EG12 > PP-HRN-VNT-VE22,PP > PP-HRN-LGC-HARINA > PP-HRN-LGC-ENFRIADORES > PP-HRN-ENF-EG12 > PP-HRN-VNT-VE22,PP > PP-HRN-LGC-HARINA > PP-HRN-LGC-ENFRIADORES > PP-HRN-ENF-EG12 > PP-HRN-VNT-VE22 > PP-HRN-VLV-VR22,286624,121e7c49-6f80-4698-91bd-c7c5a38e25dd-00045fa0,Roofs,,Genérico - 400 mm,Genérico - 400 mm,,PP > PP-HRN-LGC-HARINA > PP-HRN-LGC-ENFRIADORES,contenedor_scoring,286624,121e7c49-6f80-4698-91bd-c7c5a38e25dd-00045fa0,PP > PP-HRN-LGC-HARINA > PP-HRN-LGC-ENFRIADORES,3,77,NO,200,0,200,ancestro_project_exacto,286624:200:PP > PP-HRN-LGC-HARINA > PP-HRN-LGC-ENFRIADORES,PP-HRN-LGC-ENFRIADORES,Sin match puntual; contenedor único por ancestro Project PP-HRN-LGC-ENFRIADORES.,contenedor_unico_ancestro,PP-HRN-LGC-ENFRIADORES,286624,286624,,,un_elemento_revit_para_ancestro,PP,PP-HRN-LGC-HARINA,PP-HRN-LGC-ENFRIADORES,,,,,,,,,,,,,,,,,,,,,,,,,,,,,,,,,,,,,,,,,,,,,,,,,,,,,,,,,,,,,,,,,,,,,,,,,,,,,
contenedor_logico_duplicado_distributed,contenedor_por_ancestro_project,PP-HRN-LGC-MEZCLADORAS,CONJUNTO DE MEZCLADORAS HARINA PTA PTO | Grupo: PP-CONJ MEZCLADORAS HRN,410,3,410,PP-HRN-LGC-HARINA,PP-HRN-LGC-HARINA,PP-HRN-LGC-HARINA,PP > PP-HRN-LGC-HARINA,PP > PP-HRN-LGC-HARINA > PP-HRN-LGC-MEZCLADORAS,366183,112ed255-2c3e-4575-ba44-903fa5f3f8e7-00059667,Roofs,,Genérico - 400 mm,Genérico - 400 mm,,PP > PP-HRN-LGC-HARINA > PP-HRN-LGC-HARINA,contenedor_scoring,366183,112ed255-2c3e-4575-ba44-903fa5f3f8e7-00059667,PP > PP-HRN-LGC-HARINA > PP-HRN-LGC-HARINA,3,77,NO,200,200,0,cluster_logico_mismo_sector,285276:200:PP > PP-HRN-LGC-HARINA > PP-HRN-LGC-NORIAS || 286624:200:PP > PP-HRN-LGC-HARINA > PP-HRN-LGC-ENFRIADORES || 365759:200:PP > PP-HRN-LGC-HARINA > PP-HRN-LGC-REDLER || 366082:200:PP > PP-HRN-LGC-HARINA > PP-HRN-LGC-MOLINOS || 366106:200:PP > PP-HRN-LGC-HARINA > PP-HRN-LGC-TAMIZADORES || 366183:200:PP > PP-HRN-LGC-HARINA > PP-HRN-LGC-HARINA || 366280:200:PP > PP-HRN-LGC-HARINA > PP-HRN-LGC-VALVULAS A PUERTO,PP-HRN-LGC-HARINA,Cluster lógico: ancestro PP-HRN-LGC-HARINA en 7 elementos Revit equivalentes.,ambiguo_falso_por_contenedor_duplicado,PP-HRN-LGC-HARINA,285276;286624;365759;366082;366106;366183;366280,,,distributed,distribucion_round_robin_en_preparar_aplicar,PP,PP-HRN-LGC-HARINA,PP-HRN-LGC-HARINA,,,,,,,,,,,,,,,,,,,,,,,,,,,,,,,,,,,,,,,,,,,,,,,,,,,,,,,,,,,,,,,,,,,,,,,,,,,,,
contenedor_logico_duplicado_distributed,contenedor_por_ancestro_project,PP-HRN-RSC-S04,ROSCA S04  MEZCLADOR (LADO ESTE) | Grupo: PP-RSC S04,411,4,411,PP-HRN-LGC-MEZCLADORAS,PP-HRN-LGC-MEZCLADORAS,PP-HRN-LGC-HARINA > PP-HRN-LGC-MEZCLADORAS,PP > PP-HRN-LGC-HARINA > PP-HRN-LGC-MEZCLADORAS,PP > PP-HRN-LGC-HARINA > PP-HRN-LGC-MEZCLADORAS > PP-HRN-RSC-S04,366183,112ed255-2c3e-4575-ba44-903fa5f3f8e7-00059667,Roofs,,Genérico - 400 mm,Genérico - 400 mm,,PP > PP-HRN-LGC-HARINA > PP-HRN-LGC-HARINA,contenedor_scoring,366183,112ed255-2c3e-4575-ba44-903fa5f3f8e7-00059667,PP > PP-HRN-LGC-HARINA > PP-HRN-LGC-HARINA,3,77,NO,200,200,0,cluster_logico_mismo_sector,285276:200:PP > PP-HRN-LGC-HARINA > PP-HRN-LGC-NORIAS || 286624:200:PP > PP-HRN-LGC-HARINA > PP-HRN-LGC-ENFRIADORES || 365759:200:PP > PP-HRN-LGC-HARINA > PP-HRN-LGC-REDLER || 366082:200:PP > PP-HRN-LGC-HARINA > PP-HRN-LGC-MOLINOS || 366106:200:PP > PP-HRN-LGC-HARINA > PP-HRN-LGC-TAMIZADORES || 366183:200:PP > PP-HRN-LGC-HARINA > PP-HRN-LGC-HARINA || 366280:200:PP > PP-HRN-LGC-HARINA > PP-HRN-LGC-VALVULAS A PUERTO,PP-HRN-LGC-HARINA,Cluster lógico: ancestro PP-HRN-LGC-HARINA en 7 elementos Revit equivalentes.,ambiguo_falso_por_contenedor_duplicado,PP-HRN-LGC-HARINA,285276;286624;365759;366082;366106;366183;366280,,,distributed,distribucion_round_robin_en_preparar_aplicar,PP,PP-HRN-LGC-HARINA,PP-HRN-LGC-HARINA,,,,,,,,,,,,,,,,,,,,,,,,,,,,,,,,,,,,,,,,,,,,,,,,,,,,,,,,,,,,,,,,,,,,,,,,,,,,,
contenedor_logico_duplicado_distributed,contenedor_por_ancestro_project,PP-HRN-RSC-S05,ROSCA S05  MEZCLADOR (LADO OESTE) | Grupo: PP-RSC S05,412,4,412,PP-HRN-LGC-MEZCLADORAS,PP-HRN-LGC-MEZCLADORAS,PP-HRN-LGC-HARINA > PP-HRN-LGC-MEZCLADORAS,PP > PP-HRN-LGC-HARINA > PP-HRN-LGC-MEZCLADORAS,PP > PP-HRN-LGC-HARINA > PP-HRN-LGC-MEZCLADORAS > PP-HRN-RSC-S05,366183,112ed255-2c3e-4575-ba44-903fa5f3f8e7-00059667,Roofs,,Genérico - 400 mm,Genérico - 400 mm,,PP > PP-HRN-LGC-HARINA > PP-HRN-LGC-HARINA,contenedor_scoring,366183,112ed255-2c3e-4575-ba44-903fa5f3f8e7-00059667,PP > PP-HRN-LGC-HARINA > PP-HRN-LGC-HARINA,3,77,NO,200,200,0,cluster_logico_mismo_sector,285276:200:PP > PP-HRN-LGC-HARINA > PP-HRN-LGC-NORIAS || 286624:200:PP > PP-HRN-LGC-HARINA > PP-HRN-LGC-ENFRIADORES || 365759:200:PP > PP-HRN-LGC-HARINA > PP-HRN-LGC-REDLER || 366082:200:PP > PP-HRN-LGC-HARINA > PP-HRN-LGC-MOLINOS || 366106:200:PP > PP-HRN-LGC-HARINA > PP-HRN-LGC-TAMIZADORES || 366183:200:PP > PP-HRN-LGC-HARINA > PP-HRN-LGC-HARINA || 366280:200:PP > PP-HRN-LGC-HARINA > PP-HRN-LGC-VALVULAS A PUERTO,PP-HRN-LGC-HARINA,Cluster lógico: ancestro PP-HRN-LGC-HARINA en 7 elementos Revit equivalentes.,ambiguo_falso_por_contenedor_duplicado,PP-HRN-LGC-HARINA,285276;286624;365759;366082;366106;366183;366280,,,distributed,distribucion_round_robin_en_preparar_aplicar,PP,PP-HRN-LGC-HARINA,PP-HRN-LGC-HARINA,,,,,,,,,,,,,,,,,,,,,,,,,,,,,,,,,,,,,,,,,,,,,,,,,,,,,,,,,,,,,,,,,,,,,,,,,,,,,
match_directo,elemento_puntual,PP-HRN-LGC-MOLINOS,SECTOR MOLINOS HARINA PTA PTO | Grupo: PP-SECTOR MOLINOS HRN,413,3,413,PP-HRN-LGC-HARINA,PP-HRN-LGC-HARINA,PP-HRN-LGC-HARINA,PP > PP-HRN-LGC-HARINA,PP > PP-HRN-LGC-HARINA > PP-HRN-LGC-MOLINOS,366082,112ed255-2c3e-4575-ba44-903fa5f3f8e7-00059602,Roofs,,Genérico - 400 mm,Genérico - 400 mm,,PP > PP-HRN-LGC-HARINA > PP-HRN-LGC-MOLINOS,btz_description_03,,,,,,,,,,,,,Coincidencia exacta única con elemento Revit.,match_directo,,,,,,match_puntual_unico,PP,PP-HRN-LGC-HARINA,PP-HRN-LGC-MOLINOS,,,,,,,,,,,,,,,,,,,,,,,,,,,,,,,,,,,,,,,,,,,,,,,,,,,,,,,,,,,,,,,,,,,,,,,,,,,,,
contenedor_unico,contenedor_por_ancestro_project,PP-HRN-MLN-M01,MOLINO M01 | Grupo: PP-MLN MARTILLOS HRN,414,4,414,PP-HRN-LGC-MOLINOS,PP-HRN-LGC-MOLINOS,PP-HRN-LGC-HARINA > PP-HRN-LGC-MOLINOS,PP > PP-HRN-LGC-HARINA > PP-HRN-LGC-MOLINOS,PP > PP-HRN-LGC-HARINA > PP-HRN-LGC-MOLINOS > PP-HRN-MLN-M01,366082,112ed255-2c3e-4575-ba44-903fa5f3f8e7-00059602,Roofs,,Genérico - 400 mm,Genérico - 400 mm,,PP > PP-HRN-LGC-HARINA > PP-HRN-LGC-MOLINOS,contenedor_scoring,366082,112ed255-2c3e-4575-ba44-903fa5f3f8e7-00059602,PP > PP-HRN-LGC-HARINA > PP-HRN-LGC-MOLINOS,3,77,NO,200,0,200,ancestro_project_exacto,366082:200:PP > PP-HRN-LGC-HARINA > PP-HRN-LGC-MOLINOS,PP-HRN-LGC-MOLINOS,Sin match puntual; contenedor único por ancestro Project PP-HRN-LGC-MOLINOS.,contenedor_unico_ancestro,PP-HRN-LGC-MOLINOS,366082,366082,,,un_elemento_revit_para_ancestro,PP,PP-HRN-LGC-HARINA,PP-HRN-LGC-MOLINOS,,,,,,,,,,,,,,,,,,,,,,,,,,,,,,,,,,,,,,,,,,,,,,,,,,,,,,,,,,,,,,,,,,,,,,,,,,,,,
contenedor_unico,contenedor_por_ancestro_project,PP-HRN-RSC-MA01,ROSCA MA01 ALIMENTADOR | Grupo: PP-RSC ALIM MA01-MA02,415,5,415,PP-HRN-MLN-M01,PP-HRN-MLN-M01,PP-HRN-LGC-HARINA > PP-HRN-LGC-MOLINOS > PP-HRN-MLN-M01,PP > PP-HRN-LGC-HARINA > PP-HRN-LGC-MOLINOS > PP-HRN-MLN-M01,PP > PP-HRN-LGC-HARINA > PP-HRN-LGC-MOLINOS > PP-HRN-MLN-M01 > PP-HRN-RSC-MA01,366082,112ed255-2c3e-4575-ba44-903fa5f3f8e7-00059602,Roofs,,Genérico - 400 mm,Genérico - 400 mm,,PP > PP-HRN-LGC-HARINA > PP-HRN-LGC-MOLINOS,contenedor_scoring,366082,112ed255-2c3e-4575-ba44-903fa5f3f8e7-00059602,PP > PP-HRN-LGC-HARINA > PP-HRN-LGC-MOLINOS,3,77,NO,200,0,200,ancestro_project_exacto,366082:200:PP > PP-HRN-LGC-HARINA > PP-HRN-LGC-MOLINOS,PP-HRN-LGC-MOLINOS,Sin match puntual; contenedor único por ancestro Project PP-HRN-LGC-MOLINOS.,contenedor_unico_ancestro,PP-HRN-LGC-MOLINOS,366082,366082,,,un_elemento_revit_para_ancestro,PP,PP-HRN-LGC-HARINA,PP-HRN-LGC-MOLINOS,,,,,,,,,,,,,,,,,,,,,,,,,,,,,,,,,,,,,,,,,,,,,,,,,,,,,,,,,,,,,,,,,,,,,,,,,,,,,
contenedor_unico,contenedor_por_ancestro_project,PP-HRN-RSC-SM01,ROSCA SM01  A R27 | Grupo: PP-ROSCA SACA MLN HRN,416,5,416,PP-HRN-MLN-M01,PP-HRN-MLN-M01,PP-HRN-LGC-HARINA > PP-HRN-LGC-MOLINOS > PP-HRN-MLN-M01,PP > PP-HRN-LGC-HARINA > PP-HRN-LGC-MOLINOS > PP-HRN-MLN-M01,PP > PP-HRN-LGC-HARINA > PP-HRN-LGC-MOLINOS > PP-HRN-MLN-M01 > PP-HRN-RSC-SM01,366082,112ed255-2c3e-4575-ba44-903fa5f3f8e7-00059602,Roofs,,Genérico - 400 mm,Genérico - 400 mm,,PP > PP-HRN-LGC-HARINA > PP-HRN-LGC-MOLINOS,contenedor_scoring,366082,112ed255-2c3e-4575-ba44-903fa5f3f8e7-00059602,PP > PP-HRN-LGC-HARINA > PP-HRN-LGC-MOLINOS,3,77,NO,200,0,200,ancestro_project_exacto,366082:200:PP > PP-HRN-LGC-HARINA > PP-HRN-LGC-MOLINOS,PP-HRN-LGC-MOLINOS,Sin match puntual; contenedor único por ancestro Project PP-HRN-LGC-MOLINOS.,contenedor_unico_ancestro,PP-HRN-LGC-MOLINOS,366082,366082,,,un_elemento_revit_para_ancestro,PP,PP-HRN-LGC-HARINA,PP-HRN-LGC-MOLINOS,,,,,,,,,,,,,,,,,,,,,,,,,,,,,,,,,,,,,,,,,,,,,,,,,,,,,,,,,,,,,,,,,,,,,,,,,,,,,
contenedor_unico,contenedor_por_ancestro_project,PP-HRN-MLN-M02,MOLINO M02 | Grupo: PP-MLN MARTILLOS HRN,417,4,417,PP-HRN-LGC-MOLINOS,PP-HRN-LGC-MOLINOS,PP-HRN-LGC-HARINA > PP-HRN-LGC-MOLINOS,PP > PP-HRN-LGC-HARINA > PP-HRN-LGC-MOLINOS,PP > PP-HRN-LGC-HARINA > PP-HRN-LGC-MOLINOS > PP-HRN-MLN-M02,366082,112ed255-2c3e-4575-ba44-903fa5f3f8e7-00059602,Roofs,,Genérico - 400 mm,Genérico - 400 mm,,PP > PP-HRN-LGC-HARINA > PP-HRN-LGC-MOLINOS,contenedor_scoring,366082,112ed255-2c3e-4575-ba44-903fa5f3f8e7-00059602,PP > PP-HRN-LGC-HARINA > PP-HRN-LGC-MOLINOS,3,77,NO,200,0,200,ancestro_project_exacto,366082:200:PP > PP-HRN-LGC-HARINA > PP-HRN-LGC-MOLINOS,PP-HRN-LGC-MOLINOS,Sin match puntual; contenedor único por ancestro Project PP-HRN-LGC-MOLINOS.,contenedor_unico_ancestro,PP-HRN-LGC-MOLINOS,366082,366082,,,un_elemento_revit_para_ancestro,PP,PP-HRN-LGC-HARINA,PP-HRN-LGC-MOLINOS,,,,,,,,,,,,,,,,,,,,,,,,,,,,,,,,,,,,,,,,,,,,,,,,,,,,,,,,,,,,,,,,,,,,,,,,,,,,,
contenedor_unico,contenedor_por_ancestro_project,PP-HRN-RSC-MA02,ROSCA MA02  ALIMENTADOR | Grupo: PP-RSC ALIM MA01-MA02,418,5,418,PP-HRN-MLN-M02,PP-HRN-MLN-M02,PP-HRN-LGC-HARINA > PP-HRN-LGC-MOLINOS > PP-HRN-MLN-M02,PP > PP-HRN-LGC-HARINA > PP-HRN-LGC-MOLINOS > PP-HRN-MLN-M02,PP > PP-HRN-LGC-HARINA > PP-HRN-LGC-MOLINOS > PP-HRN-MLN-M02 > PP-HRN-RSC-MA02,366082,112ed255-2c3e-4575-ba44-903fa5f3f8e7-00059602,Roofs,,Genérico - 400 mm,Genérico - 400 mm,,PP > PP-HRN-LGC-HARINA > PP-HRN-LGC-MOLINOS,contenedor_scoring,366082,112ed255-2c3e-4575-ba44-903fa5f3f8e7-00059602,PP > PP-HRN-LGC-HARINA > PP-HRN-LGC-MOLINOS,3,77,NO,200,0,200,ancestro_project_exacto,366082:200:PP > PP-HRN-LGC-HARINA > PP-HRN-LGC-MOLINOS,PP-HRN-LGC-MOLINOS,Sin match puntual; contenedor único por ancestro Project PP-HRN-LGC-MOLINOS.,contenedor_unico_ancestro,PP-HRN-LGC-MOLINOS,366082,366082,,,un_elemento_revit_para_ancestro,PP,PP-HRN-LGC-HARINA,PP-HRN-LGC-MOLINOS,,,,,,,,,,,,,,,,,,,,,,,,,,,,,,,,,,,,,,,,,,,,,,,,,,,,,,,,,,,,,,,,,,,,,,,,,,,,,
contenedor_unico,contenedor_por_ancestro_project,PP-HRN-RSC-SM02,ROSCA SM02  A R27 | Grupo: PP-ROSCA SACA MLN HRN,419,5,419,PP-HRN-MLN-M02,PP-HRN-MLN-M02,PP-HRN-LGC-HARINA > PP-HRN-LGC-MOLINOS > PP-HRN-MLN-M02,PP > PP-HRN-LGC-HARINA > PP-HRN-LGC-MOLINOS > PP-HRN-MLN-M02,PP > PP-HRN-LGC-HARINA > PP-HRN-LGC-MOLINOS > PP-HRN-MLN-M02 > PP-HRN-RSC-SM02,366082,112ed255-2c3e-4575-ba44-903fa5f3f8e7-00059602,Roofs,,Genérico - 400 mm,Genérico - 400 mm,,PP > PP-HRN-LGC-HARINA > PP-HRN-LGC-MOLINOS,contenedor_scoring,366082,112ed255-2c3e-4575-ba44-903fa5f3f8e7-00059602,PP > PP-HRN-LGC-HARINA > PP-HRN-LGC-MOLINOS,3,77,NO,200,0,200,ancestro_project_exacto,366082:200:PP > PP-HRN-LGC-HARINA > PP-HRN-LGC-MOLINOS,PP-HRN-LGC-MOLINOS,Sin match puntual; contenedor único por ancestro Project PP-HRN-LGC-MOLINOS.,contenedor_unico_ancestro,PP-HRN-LGC-MOLINOS,366082,366082,,,un_elemento_revit_para_ancestro,PP,PP-HRN-LGC-HARINA,PP-HRN-LGC-MOLINOS,,,,,,,,,,,,,,,,,,,,,,,,,,,,,,,,,,,,,,,,,,,,,,,,,,,,,,,,,,,,,,,,,,,,,,,,,,,,,
match_directo,elemento_puntual,PP-HRN-LGC-NORIAS,CONJUNTO DE NORIAS HARINA PTA PTO | Grupo: PP-CONJ NORIA HRN,420,3,420,PP-HRN-LGC-HARINA,PP-HRN-LGC-HARINA,PP-HRN-LGC-HARINA,PP > PP-HRN-LGC-HARINA,PP > PP-HRN-LGC-HARINA > PP-HRN-LGC-NORIAS,285276,121e7c49-6f80-4698-91bd-c7c5a38e25dd-00045a5c,Roofs,,Genérico - 400 mm,Genérico - 400 mm,,PP > PP-HRN-LGC-HARINA > PP-HRN-LGC-NORIAS,btz_description_03,,,,,,,,,,,,,Coincidencia exacta única con elemento Revit.,match_directo,,,,,,match_puntual_unico,PP,PP-HRN-LGC-HARINA,PP-HRN-LGC-NORIAS,,,,,,,,,,,,,,,,,,,,,,,,,,,,,,,,,,,,,,,,,,,,,,,,,,,,,,,,,,,,,,,,,,,,,,,,,,,,,
contenedor_unico,contenedor_por_ancestro_project,PP-HRN-NOR-N03,NORIA N03  A R25 | Grupo: PP-NOR N03,421,4,421,PP-HRN-LGC-NORIAS,PP-HRN-LGC-NORIAS,PP-HRN-LGC-HARINA > PP-HRN-LGC-NORIAS,PP > PP-HRN-LGC-HARINA > PP-HRN-LGC-NORIAS,PP > PP-HRN-LGC-HARINA > PP-HRN-LGC-NORIAS > PP-HRN-NOR-N03,285276,121e7c49-6f80-4698-91bd-c7c5a38e25dd-00045a5c,Roofs,,Genérico - 400 mm,Genérico - 400 mm,,PP > PP-HRN-LGC-HARINA > PP-HRN-LGC-NORIAS,contenedor_scoring,285276,121e7c49-6f80-4698-91bd-c7c5a38e25dd-00045a5c,PP > PP-HRN-LGC-HARINA > PP-HRN-LGC-NORIAS,3,77,NO,200,0,200,ancestro_project_exacto,285276:200:PP > PP-HRN-LGC-HARINA > PP-HRN-LGC-NORIAS,PP-HRN-LGC-NORIAS,Sin match puntual; contenedor único por ancestro Project PP-HRN-LGC-NORIAS.,contenedor_unico_ancestro,PP-HRN-LGC-NORIAS,285276,285276,,,un_elemento_revit_para_ancestro,PP,PP-HRN-LGC-HARINA,PP-HRN-LGC-NORIAS,,,,,,,,,,,,,,,,,,,,,,,,,,,,,,,,,,,,,,,,,,,,,,,,,,,,,,,,,,,,,,,,,,,,,,,,,,,,,
contenedor_unico,contenedor_por_ancestro_project,PP-HRN-NOR-N04,NORIA N04  A CSC3 | Grupo: PP-NOR N04,422,4,422,PP-HRN-LGC-NORIAS,PP-HRN-LGC-NORIAS,PP-HRN-LGC-HARINA > PP-HRN-LGC-NORIAS,PP > PP-HRN-LGC-HARINA > PP-HRN-LGC-NORIAS,PP > PP-HRN-LGC-HARINA > PP-HRN-LGC-NORIAS > PP-HRN-NOR-N04,285276,121e7c49-6f80-4698-91bd-c7c5a38e25dd-00045a5c,Roofs,,Genérico - 400 mm,Genérico - 400 mm,,PP > PP-HRN-LGC-HARINA > PP-HRN-LGC-NORIAS,contenedor_scoring,285276,121e7c49-6f80-4698-91bd-c7c5a38e25dd-00045a5c,PP > PP-HRN-LGC-HARINA > PP-HRN-LGC-NORIAS,3,77,NO,200,0,200,ancestro_project_exacto,285276:200:PP > PP-HRN-LGC-HARINA > PP-HRN-LGC-NORIAS,PP-HRN-LGC-NORIAS,Sin match puntual; contenedor único por ancestro Project PP-HRN-LGC-NORIAS.,contenedor_unico_ancestro,PP-HRN-LGC-NORIAS,285276,285276,,,un_elemento_revit_para_ancestro,PP,PP-HRN-LGC-HARINA,PP-HRN-LGC-NORIAS,,,,,,,,,,,,,,,,,,,,,,,,,,,,,,,,,,,,,,,,,,,,,,,,,,,,,,,,,,,,,,,,,,,,,,,,,,,,,
match_directo,elemento_puntual,PP-HRN-LGC-REDLER,CONJUNTO DE REDLER HARINA PTA PTO | Grupo: PP-CONJ RDL HRN,423,3,423,PP-HRN-LGC-HARINA,PP-HRN-LGC-HARINA,PP-HRN-LGC-HARINA,PP > PP-HRN-LGC-HARINA,PP > PP-HRN-LGC-HARINA > PP-HRN-LGC-REDLER,365759,112ed255-2c3e-4575-ba44-903fa5f3f8e7-000594bf,Roofs,,Genérico - 400 mm,Genérico - 400 mm,,PP > PP-HRN-LGC-HARINA > PP-HRN-LGC-REDLER,btz_description_03,,,,,,,,,,,,,Coincidencia exacta única con elemento Revit.,match_directo,,,,,,match_puntual_unico,PP,PP-HRN-LGC-HARINA,PP-HRN-LGC-REDLER,,,,,,,,,,,,,,,,,,,,,,,,,,,,,,,,,,,,,,,,,,,,,,,,,,,,,,,,,,,,,,,,,,,,,,,,,,,,,
contenedor_unico,contenedor_por_ancestro_project,PP-HRN-RDL-R18,REDLER R18  INCLINADO A R19 | Grupo: PP-REDLER R18,424,4,424,PP-HRN-LGC-REDLER,PP-HRN-LGC-REDLER,PP-HRN-LGC-HARINA > PP-HRN-LGC-REDLER,PP > PP-HRN-LGC-HARINA > PP-HRN-LGC-REDLER,PP > PP-HRN-LGC-HARINA > PP-HRN-LGC-REDLER > PP-HRN-RDL-R18,365759,112ed255-2c3e-4575-ba44-903fa5f3f8e7-000594bf,Roofs,,Genérico - 400 mm,Genérico - 400 mm,,PP > PP-HRN-LGC-HARINA > PP-HRN-LGC-REDLER,contenedor_scoring,365759,112ed255-2c3e-4575-ba44-903fa5f3f8e7-000594bf,PP > PP-HRN-LGC-HARINA > PP-HRN-LGC-REDLER,3,77,NO,200,0,200,ancestro_project_exacto,365759:200:PP > PP-HRN-LGC-HARINA > PP-HRN-LGC-REDLER,PP-HRN-LGC-REDLER,Sin match puntual; contenedor único por ancestro Project PP-HRN-LGC-REDLER.,contenedor_unico_ancestro,PP-HRN-LGC-REDLER,365759,365759,,,un_elemento_revit_para_ancestro,PP,PP-HRN-LGC-HARINA,PP-HRN-LGC-REDLER,,,,,,,,,,,,,,,,,,,,,,,,,,,,,,,,,,,,,,,,,,,,,,,,,,,,,,,,,,,,,,,,,,,,,,,,,,,,,
contenedor_unico,contenedor_por_ancestro_project,PP-HRN-RDL-R18A,REDLER R18A (A ROTATIVO) | Grupo: PP-REDLER R18A,425,4,425,PP-HRN-LGC-REDLER,PP-HRN-LGC-REDLER,PP-HRN-LGC-HARINA > PP-HRN-LGC-REDLER,PP > PP-HRN-LGC-HARINA > PP-HRN-LGC-REDLER,PP > PP-HRN-LGC-HARINA > PP-HRN-LGC-REDLER > PP-HRN-RDL-R18A,365759,112ed255-2c3e-4575-ba44-903fa5f3f8e7-000594bf,Roofs,,Genérico - 400 mm,Genérico - 400 mm,,PP > PP-HRN-LGC-HARINA > PP-HRN-LGC-REDLER,contenedor_scoring,365759,112ed255-2c3e-4575-ba44-903fa5f3f8e7-000594bf,PP > PP-HRN-LGC-HARINA > PP-HRN-LGC-REDLER,3,77,NO,200,0,200,ancestro_project_exacto,365759:200:PP > PP-HRN-LGC-HARINA > PP-HRN-LGC-REDLER,PP-HRN-LGC-REDLER,Sin match puntual; contenedor único por ancestro Project PP-HRN-LGC-REDLER.,contenedor_unico_ancestro,PP-HRN-LGC-REDLER,365759,365759,,,un_elemento_revit_para_ancestro,PP,PP-HRN-LGC-HARINA,PP-HRN-LGC-REDLER,,,,,,,,,,,,,,,,,,,,,,,,,,,,,,,,,,,,,,,,,,,,,,,,,,,,,,,,,,,,,,,,,,,,,,,,,,,,,
contenedor_unico,contenedor_por_ancestro_project,PP-HRN-RDL-R18B,REDLER R18B (A ROTATIVO) | Grupo: PP-REDLER R18B,426,4,426,PP-HRN-LGC-REDLER,PP-HRN-LGC-REDLER,PP-HRN-LGC-HARINA > PP-HRN-LGC-REDLER,PP > PP-HRN-LGC-HARINA > PP-HRN-LGC-REDLER,PP > PP-HRN-LGC-HARINA > PP-HRN-LGC-REDLER > PP-HRN-RDL-R18B,365759,112ed255-2c3e-4575-ba44-903fa5f3f8e7-000594bf,Roofs,,Genérico - 400 mm,Genérico - 400 mm,,PP > PP-HRN-LGC-HARINA > PP-HRN-LGC-REDLER,contenedor_scoring,365759,112ed255-2c3e-4575-ba44-903fa5f3f8e7-000594bf,PP > PP-HRN-LGC-HARINA > PP-HRN-LGC-REDLER,3,77,NO,200,0,200,ancestro_project_exacto,365759:200:PP > PP-HRN-LGC-HARINA > PP-HRN-LGC-REDLER,PP-HRN-LGC-REDLER,Sin match puntual; contenedor único por ancestro Project PP-HRN-LGC-REDLER.,contenedor_unico_ancestro,PP-HRN-LGC-REDLER,365759,365759,,,un_elemento_revit_para_ancestro,PP,PP-HRN-LGC-HARINA,PP-HRN-LGC-REDLER,,,,,,,,,,,,,,,,,,,,,,,,,,,,,,,,,,,,,,,,,,,,,,,,,,,,,,,,,,,,,,,,,,,,,,,,,,,,,
contenedor_unico,contenedor_por_ancestro_project,PP-HRN-RDL-R18C,REDLER R18C (A ROTATIVO) | Grupo: PP-REDLER R18C,427,4,427,PP-HRN-LGC-REDLER,PP-HRN-LGC-REDLER,PP-HRN-LGC-HARINA > PP-HRN-LGC-REDLER,PP > PP-HRN-LGC-HARINA > PP-HRN-LGC-REDLER,PP > PP-HRN-LGC-HARINA > PP-HRN-LGC-REDLER > PP-HRN-RDL-R18C,365759,112ed255-2c3e-4575-ba44-903fa5f3f8e7-000594bf,Roofs,,Genérico - 400 mm,Genérico - 400 mm,,PP > PP-HRN-LGC-HARINA > PP-HRN-LGC-REDLER,contenedor_scoring,365759,112ed255-2c3e-4575-ba44-903fa5f3f8e7-000594bf,PP > PP-HRN-LGC-HARINA > PP-HRN-LGC-REDLER,3,77,NO,200,0,200,ancestro_project_exacto,365759:200:PP > PP-HRN-LGC-HARINA > PP-HRN-LGC-REDLER,PP-HRN-LGC-REDLER,Sin match puntual; contenedor único por ancestro Project PP-HRN-LGC-REDLER.,contenedor_unico_ancestro,PP-HRN-LGC-REDLER,365759,365759,,,un_elemento_revit_para_ancestro,PP,PP-HRN-LGC-HARINA,PP-HRN-LGC-REDLER,,,,,,,,,,,,,,,,,,,,,,,,,,,,,,,,,,,,,,,,,,,,,,,,,,,,,,,,,,,,,,,,,,,,,,,,,,,,,
contenedor_unico,contenedor_por_ancestro_project,PP-HRN-RDL-R19,REDLER R19 SOBRE MEZCLADORA Y/O R20 | Grupo: PP-REDLER R19,428,4,428,PP-HRN-LGC-REDLER,PP-HRN-LGC-REDLER,PP-HRN-LGC-HARINA > PP-HRN-LGC-REDLER,PP > PP-HRN-LGC-HARINA > PP-HRN-LGC-REDLER,PP > PP-HRN-LGC-HARINA > PP-HRN-LGC-REDLER > PP-HRN-RDL-R19,365759,112ed255-2c3e-4575-ba44-903fa5f3f8e7-000594bf,Roofs,,Genérico - 400 mm,Genérico - 400 mm,,PP > PP-HRN-LGC-HARINA > PP-HRN-LGC-REDLER,contenedor_scoring,365759,112ed255-2c3e-4575-ba44-903fa5f3f8e7-000594bf,PP > PP-HRN-LGC-HARINA > PP-HRN-LGC-REDLER,3,77,NO,200,0,200,ancestro_project_exacto,365759:200:PP > PP-HRN-LGC-HARINA > PP-HRN-LGC-REDLER,PP-HRN-LGC-REDLER,Sin match puntual; contenedor único por ancestro Project PP-HRN-LGC-REDLER.,contenedor_unico_ancestro,PP-HRN-LGC-REDLER,365759,365759,,,un_elemento_revit_para_ancestro,PP,PP-HRN-LGC-HARINA,PP-HRN-LGC-REDLER,,,,,,,,,,,,,,,,,,,,,,,,,,,,,,,,,,,,,,,,,,,,,,,,,,,,,,,,,,,,,,,,,,,,,,,,,,,,,
contenedor_unico,contenedor_por_ancestro_project,PP-HRN-RDL-R20,REDLER R20 SOBRE GRANULADORES | Grupo: PP-REDLER R20,429,4,429,PP-HRN-LGC-REDLER,PP-HRN-LGC-REDLER,PP-HRN-LGC-HARINA > PP-HRN-LGC-REDLER,PP > PP-HRN-LGC-HARINA > PP-HRN-LGC-REDLER,PP > PP-HRN-LGC-HARINA > PP-HRN-LGC-REDLER > PP-HRN-RDL-R20,365759,112ed255-2c3e-4575-ba44-903fa5f3f8e7-000594bf,Roofs,,Genérico - 400 mm,Genérico - 400 mm,,PP > PP-HRN-LGC-HARINA > PP-HRN-LGC-REDLER,contenedor_scoring,365759,112ed255-2c3e-4575-ba44-903fa5f3f8e7-000594bf,PP > PP-HRN-LGC-HARINA > PP-HRN-LGC-REDLER,3,77,NO,200,0,200,ancestro_project_exacto,365759:200:PP > PP-HRN-LGC-HARINA > PP-HRN-LGC-REDLER,PP-HRN-LGC-REDLER,Sin match puntual; contenedor único por ancestro Project PP-HRN-LGC-REDLER.,contenedor_unico_ancestro,PP-HRN-LGC-REDLER,365759,365759,,,un_elemento_revit_para_ancestro,PP,PP-HRN-LGC-HARINA,PP-HRN-LGC-REDLER,,,,,,,,,,,,,,,,,,,,,,,,,,,,,,,,,,,,,,,,,,,,,,,,,,,,,,,,,,,,,,,,,,,,,,,,,,,,,
contenedor_unico,contenedor_por_ancestro_project,PP-HRN-RDL-R22,REDLER R22  A R23 BAJO CICLONES ENFR. GE11 | Grupo: PP-REDLER R22,430,4,430,PP-HRN-LGC-REDLER,PP-HRN-LGC-REDLER,PP-HRN-LGC-HARINA > PP-HRN-LGC-REDLER,PP > PP-HRN-LGC-HARINA > PP-HRN-LGC-REDLER,PP > PP-HRN-LGC-HARINA > PP-HRN-LGC-REDLER > PP-HRN-RDL-R22,365759,112ed255-2c3e-4575-ba44-903fa5f3f8e7-000594bf,Roofs,,Genérico - 400 mm,Genérico - 400 mm,,PP > PP-HRN-LGC-HARINA > PP-HRN-LGC-REDLER,contenedor_scoring,365759,112ed255-2c3e-4575-ba44-903fa5f3f8e7-000594bf,PP > PP-HRN-LGC-HARINA > PP-HRN-LGC-REDLER,3,77,NO,200,0,200,ancestro_project_exacto,365759:200:PP > PP-HRN-LGC-HARINA > PP-HRN-LGC-REDLER,PP-HRN-LGC-REDLER,Sin match puntual; contenedor único por ancestro Project PP-HRN-LGC-REDLER.,contenedor_unico_ancestro,PP-HRN-LGC-REDLER,365759,365759,,,un_elemento_revit_para_ancestro,PP,PP-HRN-LGC-HARINA,PP-HRN-LGC-REDLER,,,,,,,,,,,,,,,,,,,,,,,,,,,,,,,,,,,,,,,,,,,,,,,,,,,,,,,,,,,,,,,,,,,,,,,,,,,,,
contenedor_unico,contenedor_por_ancestro_project,PP-HRN-RDL-R23,REDLER R23  A R24 BAJO CICLONES ENFR. GE12 | Grupo: PP-REDLER R23,431,4,431,PP-HRN-LGC-REDLER,PP-HRN-LGC-REDLER,PP-HRN-LGC-HARINA > PP-HRN-LGC-REDLER,PP > PP-HRN-LGC-HARINA > PP-HRN-LGC-REDLER,PP > PP-HRN-LGC-HARINA > PP-HRN-LGC-REDLER > PP-HRN-RDL-R23,365759,112ed255-2c3e-4575-ba44-903fa5f3f8e7-000594bf,Roofs,,Genérico - 400 mm,Genérico - 400 mm,,PP > PP-HRN-LGC-HARINA > PP-HRN-LGC-REDLER,contenedor_scoring,365759,112ed255-2c3e-4575-ba44-903fa5f3f8e7-000594bf,PP > PP-HRN-LGC-HARINA > PP-HRN-LGC-REDLER,3,77,NO,200,0,200,ancestro_project_exacto,365759:200:PP > PP-HRN-LGC-HARINA > PP-HRN-LGC-REDLER,PP-HRN-LGC-REDLER,Sin match puntual; contenedor único por ancestro Project PP-HRN-LGC-REDLER.,contenedor_unico_ancestro,PP-HRN-LGC-REDLER,365759,365759,,,un_elemento_revit_para_ancestro,PP,PP-HRN-LGC-HARINA,PP-HRN-LGC-REDLER,,,,,,,,,,,,,,,,,,,,,,,,,,,,,,,,,,,,,,,,,,,,,,,,,,,,,,,,,,,,,,,,,,,,,,,,,,,,,
contenedor_unico,contenedor_por_ancestro_project,PP-HRN-RDL-R24,REDLER R24  A PLANTA DE HARINA | Grupo: PP-REDLER R24,432,4,432,PP-HRN-LGC-REDLER,PP-HRN-LGC-REDLER,PP-HRN-LGC-HARINA > PP-HRN-LGC-REDLER,PP > PP-HRN-LGC-HARINA > PP-HRN-LGC-REDLER,PP > PP-HRN-LGC-HARINA > PP-HRN-LGC-REDLER > PP-HRN-RDL-R24,365759,112ed255-2c3e-4575-ba44-903fa5f3f8e7-000594bf,Roofs,,Genérico - 400 mm,Genérico - 400 mm,,PP > PP-HRN-LGC-HARINA > PP-HRN-LGC-REDLER,contenedor_scoring,365759,112ed255-2c3e-4575-ba44-903fa5f3f8e7-000594bf,PP > PP-HRN-LGC-HARINA > PP-HRN-LGC-REDLER,3,77,NO,200,0,200,ancestro_project_exacto,365759:200:PP > PP-HRN-LGC-HARINA > PP-HRN-LGC-REDLER,PP-HRN-LGC-REDLER,Sin match puntual; contenedor único por ancestro Project PP-HRN-LGC-REDLER.,contenedor_unico_ancestro,PP-HRN-LGC-REDLER,365759,365759,,,un_elemento_revit_para_ancestro,PP,PP-HRN-LGC-HARINA,PP-HRN-LGC-REDLER,,,,,,,,,,,,,,,,,,,,,,,,,,,,,,,,,,,,,,,,,,,,,,,,,,,,,,,,,,,,,,,,,,,,,,,,,,,,,
contenedor_unico,contenedor_por_ancestro_project,PP-HRN-RDL-R25,REDLER R25  A TAM o R26 | Grupo: PP-REDLER R25,433,4,433,PP-HRN-LGC-REDLER,PP-HRN-LGC-REDLER,PP-HRN-LGC-HARINA > PP-HRN-LGC-REDLER,PP > PP-HRN-LGC-HARINA > PP-HRN-LGC-REDLER,PP > PP-HRN-LGC-HARINA > PP-HRN-LGC-REDLER > PP-HRN-RDL-R25,365759,112ed255-2c3e-4575-ba44-903fa5f3f8e7-000594bf,Roofs,,Genérico - 400 mm,Genérico - 400 mm,,PP > PP-HRN-LGC-HARINA > PP-HRN-LGC-REDLER,contenedor_scoring,365759,112ed255-2c3e-4575-ba44-903fa5f3f8e7-000594bf,PP > PP-HRN-LGC-HARINA > PP-HRN-LGC-REDLER,3,77,NO,200,0,200,ancestro_project_exacto,365759:200:PP > PP-HRN-LGC-HARINA > PP-HRN-LGC-REDLER,PP-HRN-LGC-REDLER,Sin match puntual; contenedor único por ancestro Project PP-HRN-LGC-REDLER.,contenedor_unico_ancestro,PP-HRN-LGC-REDLER,365759,365759,,,un_elemento_revit_para_ancestro,PP,PP-HRN-LGC-HARINA,PP-HRN-LGC-REDLER,,,,,,,,,,,,,,,,,,,,,,,,,,,,,,,,,,,,,,,,,,,,,,,,,,,,,,,,,,,,,,,,,,,,,,,,,,,,,
contenedor_unico,contenedor_por_ancestro_project,PP-HRN-RDL-R26,REDLER R26  A MOLINOS | Grupo: PP-REDLER R26,434,4,434,PP-HRN-LGC-REDLER,PP-HRN-LGC-REDLER,PP-HRN-LGC-HARINA > PP-HRN-LGC-REDLER,PP > PP-HRN-LGC-HARINA > PP-HRN-LGC-REDLER,PP > PP-HRN-LGC-HARINA > PP-HRN-LGC-REDLER > PP-HRN-RDL-R26,365759,112ed255-2c3e-4575-ba44-903fa5f3f8e7-000594bf,Roofs,,Genérico - 400 mm,Genérico - 400 mm,,PP > PP-HRN-LGC-HARINA > PP-HRN-LGC-REDLER,contenedor_scoring,365759,112ed255-2c3e-4575-ba44-903fa5f3f8e7-000594bf,PP > PP-HRN-LGC-HARINA > PP-HRN-LGC-REDLER,3,77,NO,200,0,200,ancestro_project_exacto,365759:200:PP > PP-HRN-LGC-HARINA > PP-HRN-LGC-REDLER,PP-HRN-LGC-REDLER,Sin match puntual; contenedor único por ancestro Project PP-HRN-LGC-REDLER.,contenedor_unico_ancestro,PP-HRN-LGC-REDLER,365759,365759,,,un_elemento_revit_para_ancestro,PP,PP-HRN-LGC-HARINA,PP-HRN-LGC-REDLER,,,,,,,,,,,,,,,,,,,,,,,,,,,,,,,,,,,,,,,,,,,,,,,,,,,,,,,,,,,,,,,,,,,,,,,,,,,,,
contenedor_unico,contenedor_por_ancestro_project,PP-HRN-RDL-R27,REDLER R27  A N04 o CR3 y 4 | Grupo: PP-REDLER R27,435,4,435,PP-HRN-LGC-REDLER,PP-HRN-LGC-REDLER,PP-HRN-LGC-HARINA > PP-HRN-LGC-REDLER,PP > PP-HRN-LGC-HARINA > PP-HRN-LGC-REDLER,PP > PP-HRN-LGC-HARINA > PP-HRN-LGC-REDLER > PP-HRN-RDL-R27,365759,112ed255-2c3e-4575-ba44-903fa5f3f8e7-000594bf,Roofs,,Genérico - 400 mm,Genérico - 400 mm,,PP > PP-HRN-LGC-HARINA > PP-HRN-LGC-REDLER,contenedor_scoring,365759,112ed255-2c3e-4575-ba44-903fa5f3f8e7-000594bf,PP > PP-HRN-LGC-HARINA > PP-HRN-LGC-REDLER,3,77,NO,200,0,200,ancestro_project_exacto,365759:200:PP > PP-HRN-LGC-HARINA > PP-HRN-LGC-REDLER,PP-HRN-LGC-REDLER,Sin match puntual; contenedor único por ancestro Project PP-HRN-LGC-REDLER.,contenedor_unico_ancestro,PP-HRN-LGC-REDLER,365759,365759,,,un_elemento_revit_para_ancestro,PP,PP-HRN-LGC-HARINA,PP-HRN-LGC-REDLER,,,,,,,,,,,,,,,,,,,,,,,,,,,,,,,,,,,,,,,,,,,,,,,,,,,,,,,,,,,,,,,,,,,,,,,,,,,,,
match_directo,elemento_puntual,PP-HRN-LGC-TAMIZADORES,SECTOR TAMIZADORES HARINA PTA PTO | Grupo: PP-SECTOR TAMIZ HRN,436,3,436,PP-HRN-LGC-HARINA,PP-HRN-LGC-HARINA,PP-HRN-LGC-HARINA,PP > PP-HRN-LGC-HARINA,PP > PP-HRN-LGC-HARINA > PP-HRN-LGC-TAMIZADORES,366106,112ed255-2c3e-4575-ba44-903fa5f3f8e7-0005961a,Roofs,,Genérico - 400 mm,Genérico - 400 mm,,PP > PP-HRN-LGC-HARINA > PP-HRN-LGC-TAMIZADORES,btz_description_03,,,,,,,,,,,,,Coincidencia exacta única con elemento Revit.,match_directo,,,,,,match_puntual_unico,PP,PP-HRN-LGC-HARINA,PP-HRN-LGC-TAMIZADORES,,,,,,,,,,,,,,,,,,,,,,,,,,,,,,,,,,,,,,,,,,,,,,,,,,,,,,,,,,,,,,,,,,,,,,,,,,,,,
contenedor_unico,contenedor_por_ancestro_project,PP-HRN-BTD-TAM01,BATIDORA TAM01 | Grupo: PP-BTD BATIDORA HARINA,437,4,437,PP-HRN-LGC-TAMIZADORES,PP-HRN-LGC-TAMIZADORES,PP-HRN-LGC-HARINA > PP-HRN-LGC-TAMIZADORES,PP > PP-HRN-LGC-HARINA > PP-HRN-LGC-TAMIZADORES,PP > PP-HRN-LGC-HARINA > PP-HRN-LGC-TAMIZADORES > PP-HRN-BTD-TAM01,366106,112ed255-2c3e-4575-ba44-903fa5f3f8e7-0005961a,Roofs,,Genérico - 400 mm,Genérico - 400 mm,,PP > PP-HRN-LGC-HARINA > PP-HRN-LGC-TAMIZADORES,contenedor_scoring,366106,112ed255-2c3e-4575-ba44-903fa5f3f8e7-0005961a,PP > PP-HRN-LGC-HARINA > PP-HRN-LGC-TAMIZADORES,3,77,NO,200,0,200,ancestro_project_exacto,366106:200:PP > PP-HRN-LGC-HARINA > PP-HRN-LGC-TAMIZADORES,PP-HRN-LGC-TAMIZADORES,Sin match puntual; contenedor único por ancestro Project PP-HRN-LGC-TAMIZADORES.,contenedor_unico_ancestro,PP-HRN-LGC-TAMIZADORES,366106,366106,,,un_elemento_revit_para_ancestro,PP,PP-HRN-LGC-HARINA,PP-HRN-LGC-TAMIZADORES,,,,,,,,,,,,,,,,,,,,,,,,,,,,,,,,,,,,,,,,,,,,,,,,,,,,,,,,,,,,,,,,,,,,,,,,,,,,,
contenedor_unico,contenedor_por_ancestro_project,PP-HRN-RSC-RTAM01,ROSCA DESCARGA DE FINOS DE TAM01 | Grupo: PP-RSC SALIDA BTD HRN,438,5,438,PP-HRN-BTD-TAM01,PP-HRN-BTD-TAM01,PP-HRN-LGC-HARINA > PP-HRN-LGC-TAMIZADORES > PP-HRN-BTD-TAM01,PP > PP-HRN-LGC-HARINA > PP-HRN-LGC-TAMIZADORES > PP-HRN-BTD-TAM01,PP > PP-HRN-LGC-HARINA > PP-HRN-LGC-TAMIZADORES > PP-HRN-BTD-TAM01 > PP-HRN-RSC-RTAM01,366106,112ed255-2c3e-4575-ba44-903fa5f3f8e7-0005961a,Roofs,,Genérico - 400 mm,Genérico - 400 mm,,PP > PP-HRN-LGC-HARINA > PP-HRN-LGC-TAMIZADORES,contenedor_scoring,366106,112ed255-2c3e-4575-ba44-903fa5f3f8e7-0005961a,PP > PP-HRN-LGC-HARINA > PP-HRN-LGC-TAMIZADORES,3,77,NO,200,0,200,ancestro_project_exacto,366106:200:PP > PP-HRN-LGC-HARINA > PP-HRN-LGC-TAMIZADORES,PP-HRN-LGC-TAMIZADORES,Sin match puntual; contenedor único por ancestro Project PP-HRN-LGC-TAMIZADORES.,contenedor_unico_ancestro,PP-HRN-LGC-TAMIZADORES,366106,366106,,,un_elemento_revit_para_ancestro,PP,PP-HRN-LGC-HARINA,PP-HRN-LGC-TAMIZADORES,,,,,,,,,,,,,,,,,,,,,,,,,,,,,,,,,,,,,,,,,,,,,,,,,,,,,,,,,,,,,,,,,,,,,,,,,,,,,
contenedor_unico,contenedor_por_ancestro_project,PP-HRN-RSC-S17,ROSCA  S17 ALIMENTA TAM01 | Grupo: PP-RSC ALIMENTA TAMIZ,439,5,439,PP-HRN-BTD-TAM01,PP-HRN-BTD-TAM01,PP-HRN-LGC-HARINA > PP-HRN-LGC-TAMIZADORES > PP-HRN-BTD-TAM01,PP > PP-HRN-LGC-HARINA > PP-HRN-LGC-TAMIZADORES > PP-HRN-BTD-TAM01,PP > PP-HRN-LGC-HARINA > PP-HRN-LGC-TAMIZADORES > PP-HRN-BTD-TAM01 > PP-HRN-RSC-S17,366106,112ed255-2c3e-4575-ba44-903fa5f3f8e7-0005961a,Roofs,,Genérico - 400 mm,Genérico - 400 mm,,PP > PP-HRN-LGC-HARINA > PP-HRN-LGC-TAMIZADORES,contenedor_scoring,366106,112ed255-2c3e-4575-ba44-903fa5f3f8e7-0005961a,PP > PP-HRN-LGC-HARINA > PP-HRN-LGC-TAMIZADORES,3,77,NO,200,0,200,ancestro_project_exacto,366106:200:PP > PP-HRN-LGC-HARINA > PP-HRN-LGC-TAMIZADORES,PP-HRN-LGC-TAMIZADORES,Sin match puntual; contenedor único por ancestro Project PP-HRN-LGC-TAMIZADORES.,contenedor_unico_ancestro,PP-HRN-LGC-TAMIZADORES,366106,366106,,,un_elemento_revit_para_ancestro,PP,PP-HRN-LGC-HARINA,PP-HRN-LGC-TAMIZADORES,,,,,,,,,,,,,,,,,,,,,,,,,,,,,,,,,,,,,,,,,,,,,,,,,,,,,,,,,,,,,,,,,,,,,,,,,,,,,
contenedor_unico,contenedor_por_ancestro_project,PP-HRN-BTD-TAM02,BATIDORA TAM02 | Grupo: PP-BTD BATIDORA HARINA,440,4,440,PP-HRN-LGC-TAMIZADORES,PP-HRN-LGC-TAMIZADORES,PP-HRN-LGC-HARINA > PP-HRN-LGC-TAMIZADORES,PP > PP-HRN-LGC-HARINA > PP-HRN-LGC-TAMIZADORES,PP > PP-HRN-LGC-HARINA > PP-HRN-LGC-TAMIZADORES > PP-HRN-BTD-TAM02,366106,112ed255-2c3e-4575-ba44-903fa5f3f8e7-0005961a,Roofs,,Genérico - 400 mm,Genérico - 400 mm,,PP > PP-HRN-LGC-HARINA > PP-HRN-LGC-TAMIZADORES,contenedor_scoring,366106,112ed255-2c3e-4575-ba44-903fa5f3f8e7-0005961a,PP > PP-HRN-LGC-HARINA > PP-HRN-LGC-TAMIZADORES,3,77,NO,200,0,200,ancestro_project_exacto,366106:200:PP > PP-HRN-LGC-HARINA > PP-HRN-LGC-TAMIZADORES,PP-HRN-LGC-TAMIZADORES,Sin match puntual; contenedor único por ancestro Project PP-HRN-LGC-TAMIZADORES.,contenedor_unico_ancestro,PP-HRN-LGC-TAMIZADORES,366106,366106,,,un_elemento_revit_para_ancestro,PP,PP-HRN-LGC-HARINA,PP-HRN-LGC-TAMIZADORES,,,,,,,,,,,,,,,,,,,,,,,,,,,,,,,,,,,,,,,,,,,,,,,,,,,,,,,,,,,,,,,,,,,,,,,,,,,,,
contenedor_unico,contenedor_por_ancestro_project,PP-HRN-RSC-RTAM02,ROSCA DESCARGA DE FINOS DE TAM02 | Grupo: PP-RSC SALIDA BTD HRN,441,5,441,PP-HRN-BTD-TAM02,PP-HRN-BTD-TAM02,PP-HRN-LGC-HARINA > PP-HRN-LGC-TAMIZADORES > PP-HRN-BTD-TAM02,PP > PP-HRN-LGC-HARINA > PP-HRN-LGC-TAMIZADORES > PP-HRN-BTD-TAM02,PP > PP-HRN-LGC-HARINA > PP-HRN-LGC-TAMIZADORES > PP-HRN-BTD-TAM02 > PP-HRN-RSC-RTAM02,366106,112ed255-2c3e-4575-ba44-903fa5f3f8e7-0005961a,Roofs,,Genérico - 400 mm,Genérico - 400 mm,,PP > PP-HRN-LGC-HARINA > PP-HRN-LGC-TAMIZADORES,contenedor_scoring,366106,112ed255-2c3e-4575-ba44-903fa5f3f8e7-0005961a,PP > PP-HRN-LGC-HARINA > PP-HRN-LGC-TAMIZADORES,3,77,NO,200,0,200,ancestro_project_exacto,366106:200:PP > PP-HRN-LGC-HARINA > PP-HRN-LGC-TAMIZADORES,PP-HRN-LGC-TAMIZADORES,Sin match puntual; contenedor único por ancestro Project PP-HRN-LGC-TAMIZADORES.,contenedor_unico_ancestro,PP-HRN-LGC-TAMIZADORES,366106,366106,,,un_elemento_revit_para_ancestro,PP,PP-HRN-LGC-HARINA,PP-HRN-LGC-TAMIZADORES,,,,,,,,,,,,,,,,,,,,,,,,,,,,,,,,,,,,,,,,,,,,,,,,,,,,,,,,,,,,,,,,,,,,,,,,,,,,,
contenedor_unico,contenedor_por_ancestro_project,PP-HRN-RSC-S18,ROSCA  S18 ALIMENTA TAM02 | Grupo: PP-RSC ALIMENTA TAMIZ,442,5,442,PP-HRN-BTD-TAM02,PP-HRN-BTD-TAM02,PP-HRN-LGC-HARINA > PP-HRN-LGC-TAMIZADORES > PP-HRN-BTD-TAM02,PP > PP-HRN-LGC-HARINA > PP-HRN-LGC-TAMIZADORES > PP-HRN-BTD-TAM02,PP > PP-HRN-LGC-HARINA > PP-HRN-LGC-TAMIZADORES > PP-HRN-BTD-TAM02 > PP-HRN-RSC-S18,366106,112ed255-2c3e-4575-ba44-903fa5f3f8e7-0005961a,Roofs,,Genérico - 400 mm,Genérico - 400 mm,,PP > PP-HRN-LGC-HARINA > PP-HRN-LGC-TAMIZADORES,contenedor_scoring,366106,112ed255-2c3e-4575-ba44-903fa5f3f8e7-0005961a,PP > PP-HRN-LGC-HARINA > PP-HRN-LGC-TAMIZADORES,3,77,NO,200,0,200,ancestro_project_exacto,366106:200:PP > PP-HRN-LGC-HARINA > PP-HRN-LGC-TAMIZADORES,PP-HRN-LGC-TAMIZADORES,Sin match puntual; contenedor único por ancestro Project PP-HRN-LGC-TAMIZADORES.,contenedor_unico_ancestro,PP-HRN-LGC-TAMIZADORES,366106,366106,,,un_elemento_revit_para_ancestro,PP,PP-HRN-LGC-HARINA,PP-HRN-LGC-TAMIZADORES,,,,,,,,,,,,,,,,,,,,,,,,,,,,,,,,,,,,,,,,,,,,,,,,,,,,,,,,,,,,,,,,,,,,,,,,,,,,,
contenedor_unico,contenedor_por_ancestro_project,PP-HRN-BTD-TAM03,BATIDORA TAM03 | Grupo: PP-BTD BATIDORA HARINA,443,4,443,PP-HRN-LGC-TAMIZADORES,PP-HRN-LGC-TAMIZADORES,PP-HRN-LGC-HARINA > PP-HRN-LGC-TAMIZADORES,PP > PP-HRN-LGC-HARINA > PP-HRN-LGC-TAMIZADORES,PP > PP-HRN-LGC-HARINA > PP-HRN-LGC-TAMIZADORES > PP-HRN-BTD-TAM03,366106,112ed255-2c3e-4575-ba44-903fa5f3f8e7-0005961a,Roofs,,Genérico - 400 mm,Genérico - 400 mm,,PP > PP-HRN-LGC-HARINA > PP-HRN-LGC-TAMIZADORES,contenedor_scoring,366106,112ed255-2c3e-4575-ba44-903fa5f3f8e7-0005961a,PP > PP-HRN-LGC-HARINA > PP-HRN-LGC-TAMIZADORES,3,77,NO,200,0,200,ancestro_project_exacto,366106:200:PP > PP-HRN-LGC-HARINA > PP-HRN-LGC-TAMIZADORES,PP-HRN-LGC-TAMIZADORES,Sin match puntual; contenedor único por ancestro Project PP-HRN-LGC-TAMIZADORES.,contenedor_unico_ancestro,PP-HRN-LGC-TAMIZADORES,366106,366106,,,un_elemento_revit_para_ancestro,PP,PP-HRN-LGC-HARINA,PP-HRN-LGC-TAMIZADORES,,,,,,,,,,,,,,,,,,,,,,,,,,,,,,,,,,,,,,,,,,,,,,,,,,,,,,,,,,,,,,,,,,,,,,,,,,,,,
contenedor_unico,contenedor_por_ancestro_project,PP-HRN-RSC-RTAM03,ROSCA DESCARGA DE FINOS DE TAM03 | Grupo: PP-RSC SALIDA BTD HRN,444,5,444,PP-HRN-BTD-TAM03,PP-HRN-BTD-TAM03,PP-HRN-LGC-HARINA > PP-HRN-LGC-TAMIZADORES > PP-HRN-BTD-TAM03,PP > PP-HRN-LGC-HARINA > PP-HRN-LGC-TAMIZADORES > PP-HRN-BTD-TAM03,PP > PP-HRN-LGC-HARINA > PP-HRN-LGC-TAMIZADORES > PP-HRN-BTD-TAM03 > PP-HRN-RSC-RTAM03,366106,112ed255-2c3e-4575-ba44-903fa5f3f8e7-0005961a,Roofs,,Genérico - 400 mm,Genérico - 400 mm,,PP > PP-HRN-LGC-HARINA > PP-HRN-LGC-TAMIZADORES,contenedor_scoring,366106,112ed255-2c3e-4575-ba44-903fa5f3f8e7-0005961a,PP > PP-HRN-LGC-HARINA > PP-HRN-LGC-TAMIZADORES,3,77,NO,200,0,200,ancestro_project_exacto,366106:200:PP > PP-HRN-LGC-HARINA > PP-HRN-LGC-TAMIZADORES,PP-HRN-LGC-TAMIZADORES,Sin match puntual; contenedor único por ancestro Project PP-HRN-LGC-TAMIZADORES.,contenedor_unico_ancestro,PP-HRN-LGC-TAMIZADORES,366106,366106,,,un_elemento_revit_para_ancestro,PP,PP-HRN-LGC-HARINA,PP-HRN-LGC-TAMIZADORES,,,,,,,,,,,,,,,,,,,,,,,,,,,,,,,,,,,,,,,,,,,,,,,,,,,,,,,,,,,,,,,,,,,,,,,,,,,,,
contenedor_unico,contenedor_por_ancestro_project,PP-HRN-RSC-S19,ROSCA  S19 ALIMENTA TAM03 | Grupo: PP-RSC ALIMENTA TAMIZ,445,5,445,PP-HRN-BTD-TAM03,PP-HRN-BTD-TAM03,PP-HRN-LGC-HARINA > PP-HRN-LGC-TAMIZADORES > PP-HRN-BTD-TAM03,PP > PP-HRN-LGC-HARINA > PP-HRN-LGC-TAMIZADORES > PP-HRN-BTD-TAM03,PP > PP-HRN-LGC-HARINA > PP-HRN-LGC-TAMIZADORES > PP-HRN-BTD-TAM03 > PP-HRN-RSC-S19,366106,112ed255-2c3e-4575-ba44-903fa5f3f8e7-0005961a,Roofs,,Genérico - 400 mm,Genérico - 400 mm,,PP > PP-HRN-LGC-HARINA > PP-HRN-LGC-TAMIZADORES,contenedor_scoring,366106,112ed255-2c3e-4575-ba44-903fa5f3f8e7-0005961a,PP > PP-HRN-LGC-HARINA > PP-HRN-LGC-TAMIZADORES,3,77,NO,200,0,200,ancestro_project_exacto,366106:200:PP > PP-HRN-LGC-HARINA > PP-HRN-LGC-TAMIZADORES,PP-HRN-LGC-TAMIZADORES,Sin match puntual; contenedor único por ancestro Project PP-HRN-LGC-TAMIZADORES.,contenedor_unico_ancestro,PP-HRN-LGC-TAMIZADORES,366106,366106,,,un_elemento_revit_para_ancestro,PP,PP-HRN-LGC-HARINA,PP-HRN-LGC-TAMIZADORES,,,,,,,,,,,,,,,,,,,,,,,,,,,,,,,,,,,,,,,,,,,,,,,,,,,,,,,,,,,,,,,,,,,,,,,,,,,,,
match_directo,elemento_puntual,PP-HRN-LGC-VALVULAS,CONJUNTO DE VALVULAS A PUERTO HARINA PTA PTO | Grupo: PP-CONJ VALV HRM PTO,446,3,446,PP-HRN-LGC-HARINA,PP-HRN-LGC-HARINA,PP-HRN-LGC-HARINA,PP > PP-HRN-LGC-HARINA,PP > PP-HRN-LGC-HARINA > PP-HRN-LGC-VALVULAS A PUERTO,366280,112ed255-2c3e-4575-ba44-903fa5f3f8e7-000596c8,Roofs,,Genérico - 400 mm,Genérico - 400 mm,,PP > PP-HRN-LGC-HARINA > PP-HRN-LGC-VALVULAS A PUERTO,btz_description_03,,,,,,,,,,,,,Coincidencia exacta única con elemento Revit.,match_directo,,,,,,match_puntual_unico,PP,PP-HRN-LGC-HARINA,PP-HRN-LGC-VALVULAS A PUERTO,,,,,,,,,,,,,,,,,,,,,,,,,,,,,,,,,,,,,,,,,,,,,,,,,,,,,,,,,,,,,,,,,,,,,,,,,,,,,
contenedor_logico_duplicado_distributed,contenedor_por_ancestro_project,PP-HRN-VLV-VM01,VALVULA MANUAL VM01 DE R24 A N03 | Grupo: PP-VLV MANUAL  HRN,447,4,447,PP-HRN-LGC-VALVULAS A PUERTO,PP-HRN-LGC-VALVULAS,PP-HRN-LGC-HARINA > PP-HRN-LGC-VALVULAS,PP > PP-HRN-LGC-HARINA > PP-HRN-LGC-VALVULAS A PUERTO,PP > PP-HRN-LGC-HARINA > PP-HRN-LGC-VALVULAS A PUERTO > PP-HRN-VLV-VM01,366183,112ed255-2c3e-4575-ba44-903fa5f3f8e7-00059667,Roofs,,Genérico - 400 mm,Genérico - 400 mm,,PP > PP-HRN-LGC-HARINA > PP-HRN-LGC-HARINA,contenedor_scoring,366183,112ed255-2c3e-4575-ba44-903fa5f3f8e7-00059667,PP > PP-HRN-LGC-HARINA > PP-HRN-LGC-HARINA,3,77,NO,200,200,0,cluster_logico_mismo_sector,285276:200:PP > PP-HRN-LGC-HARINA > PP-HRN-LGC-NORIAS || 286624:200:PP > PP-HRN-LGC-HARINA > PP-HRN-LGC-ENFRIADORES || 365759:200:PP > PP-HRN-LGC-HARINA > PP-HRN-LGC-REDLER || 366082:200:PP > PP-HRN-LGC-HARINA > PP-HRN-LGC-MOLINOS || 366106:200:PP > PP-HRN-LGC-HARINA > PP-HRN-LGC-TAMIZADORES || 366183:200:PP > PP-HRN-LGC-HARINA > PP-HRN-LGC-HARINA || 366280:200:PP > PP-HRN-LGC-HARINA > PP-HRN-LGC-VALVULAS A PUERTO,PP-HRN-LGC-HARINA,Cluster lógico: ancestro PP-HRN-LGC-HARINA en 7 elementos Revit equivalentes.,ambiguo_falso_por_contenedor_duplicado,PP-HRN-LGC-HARINA,285276;286624;365759;366082;366106;366183;366280,,,distributed,distribucion_round_robin_en_preparar_aplicar,PP,PP-HRN-LGC-HARINA,PP-HRN-LGC-HARINA,,,,,,,,,,,,,,,,,,,,,,,,,,,,,,,,,,,,,,,,,,,,,,,,,,,,,,,,,,,,,,,,,,,,,,,,,,,,,
contenedor_logico_duplicado_distributed,contenedor_por_ancestro_project,PP-HRN-VLV-VM02,VALVULA MANUAL VM02 DE R24 A N04 | Grupo: PP-VLV MANUAL  HRN,448,4,448,PP-HRN-LGC-VALVULAS A PUERTO,PP-HRN-LGC-VALVULAS,PP-HRN-LGC-HARINA > PP-HRN-LGC-VALVULAS,PP > PP-HRN-LGC-HARINA > PP-HRN-LGC-VALVULAS A PUERTO,PP > PP-HRN-LGC-HARINA > PP-HRN-LGC-VALVULAS A PUERTO > PP-HRN-VLV-VM02,366183,112ed255-2c3e-4575-ba44-903fa5f3f8e7-00059667,Roofs,,Genérico - 400 mm,Genérico - 400 mm,,PP > PP-HRN-LGC-HARINA > PP-HRN-LGC-HARINA,contenedor_scoring,366183,112ed255-2c3e-4575-ba44-903fa5f3f8e7-00059667,PP > PP-HRN-LGC-HARINA > PP-HRN-LGC-HARINA,3,77,NO,200,200,0,cluster_logico_mismo_sector,285276:200:PP > PP-HRN-LGC-HARINA > PP-HRN-LGC-NORIAS || 286624:200:PP > PP-HRN-LGC-HARINA > PP-HRN-LGC-ENFRIADORES || 365759:200:PP > PP-HRN-LGC-HARINA > PP-HRN-LGC-REDLER || 366082:200:PP > PP-HRN-LGC-HARINA > PP-HRN-LGC-MOLINOS || 366106:200:PP > PP-HRN-LGC-HARINA > PP-HRN-LGC-TAMIZADORES || 366183:200:PP > PP-HRN-LGC-HARINA > PP-HRN-LGC-HARINA || 366280:200:PP > PP-HRN-LGC-HARINA > PP-HRN-LGC-VALVULAS A PUERTO,PP-HRN-LGC-HARINA,Cluster lógico: ancestro PP-HRN-LGC-HARINA en 7 elementos Revit equivalentes.,ambiguo_falso_por_contenedor_duplicado,PP-HRN-LGC-HARINA,285276;286624;365759;366082;366106;366183;366280,,,distributed,distribucion_round_robin_en_preparar_aplicar,PP,PP-HRN-LGC-HARINA,PP-HRN-LGC-HARINA,,,,,,,,,,,,,,,,,,,,,,,,,,,,,,,,,,,,,,,,,,,,,,,,,,,,,,,,,,,,,,,,,,,,,,,,,,,,,
contenedor_logico_duplicado_distributed,contenedor_por_ancestro_project,PP-HRN-VLV-VM03,VALVULA ELECTRICA VM03 DE R24 A VM06 O VM04 O VM05 | Grupo: PP-VLV ELECTRICA HRN,449,4,449,PP-HRN-LGC-VALVULAS A PUERTO,PP-HRN-LGC-VALVULAS,PP-HRN-LGC-HARINA > PP-HRN-LGC-VALVULAS,PP > PP-HRN-LGC-HARINA > PP-HRN-LGC-VALVULAS A PUERTO,PP > PP-HRN-LGC-HARINA > PP-HRN-LGC-VALVULAS A PUERTO > PP-HRN-VLV-VM03,366183,112ed255-2c3e-4575-ba44-903fa5f3f8e7-00059667,Roofs,,Genérico - 400 mm,Genérico - 400 mm,,PP > PP-HRN-LGC-HARINA > PP-HRN-LGC-HARINA,contenedor_scoring,366183,112ed255-2c3e-4575-ba44-903fa5f3f8e7-00059667,PP > PP-HRN-LGC-HARINA > PP-HRN-LGC-HARINA,3,77,NO,200,200,0,cluster_logico_mismo_sector,285276:200:PP > PP-HRN-LGC-HARINA > PP-HRN-LGC-NORIAS || 286624:200:PP > PP-HRN-LGC-HARINA > PP-HRN-LGC-ENFRIADORES || 365759:200:PP > PP-HRN-LGC-HARINA > PP-HRN-LGC-REDLER || 366082:200:PP > PP-HRN-LGC-HARINA > PP-HRN-LGC-MOLINOS || 366106:200:PP > PP-HRN-LGC-HARINA > PP-HRN-LGC-TAMIZADORES || 366183:200:PP > PP-HRN-LGC-HARINA > PP-HRN-LGC-HARINA || 366280:200:PP > PP-HRN-LGC-HARINA > PP-HRN-LGC-VALVULAS A PUERTO,PP-HRN-LGC-HARINA,Cluster lógico: ancestro PP-HRN-LGC-HARINA en 7 elementos Revit equivalentes.,ambiguo_falso_por_contenedor_duplicado,PP-HRN-LGC-HARINA,285276;286624;365759;366082;366106;366183;366280,,,distributed,distribucion_round_robin_en_preparar_aplicar,PP,PP-HRN-LGC-HARINA,PP-HRN-LGC-HARINA,,,,,,,,,,,,,,,,,,,,,,,,,,,,,,,,,,,,,,,,,,,,,,,,,,,,,,,,,,,,,,,,,,,,,,,,,,,,,
contenedor_logico_duplicado_distributed,contenedor_por_ancestro_project,PP-HRN-VLV-VM04,VALVULA MANUAL VM04 A CR04 | Grupo: PP-VLV MANUAL  HRN,450,4,450,PP-HRN-LGC-VALVULAS A PUERTO,PP-HRN-LGC-VALVULAS,PP-HRN-LGC-HARINA > PP-HRN-LGC-VALVULAS,PP > PP-HRN-LGC-HARINA > PP-HRN-LGC-VALVULAS A PUERTO,PP > PP-HRN-LGC-HARINA > PP-HRN-LGC-VALVULAS A PUERTO > PP-HRN-VLV-VM04,366183,112ed255-2c3e-4575-ba44-903fa5f3f8e7-00059667,Roofs,,Genérico - 400 mm,Genérico - 400 mm,,PP > PP-HRN-LGC-HARINA > PP-HRN-LGC-HARINA,contenedor_scoring,366183,112ed255-2c3e-4575-ba44-903fa5f3f8e7-00059667,PP > PP-HRN-LGC-HARINA > PP-HRN-LGC-HARINA,3,77,NO,200,200,0,cluster_logico_mismo_sector,285276:200:PP > PP-HRN-LGC-HARINA > PP-HRN-LGC-NORIAS || 286624:200:PP > PP-HRN-LGC-HARINA > PP-HRN-LGC-ENFRIADORES || 365759:200:PP > PP-HRN-LGC-HARINA > PP-HRN-LGC-REDLER || 366082:200:PP > PP-HRN-LGC-HARINA > PP-HRN-LGC-MOLINOS || 366106:200:PP > PP-HRN-LGC-HARINA > PP-HRN-LGC-TAMIZADORES || 366183:200:PP > PP-HRN-LGC-HARINA > PP-HRN-LGC-HARINA || 366280:200:PP > PP-HRN-LGC-HARINA > PP-HRN-LGC-VALVULAS A PUERTO,PP-HRN-LGC-HARINA,Cluster lógico: ancestro PP-HRN-LGC-HARINA en 7 elementos Revit equivalentes.,ambiguo_falso_por_contenedor_duplicado,PP-HRN-LGC-HARINA,285276;286624;365759;366082;366106;366183;366280,,,distributed,distribucion_round_robin_en_preparar_aplicar,PP,PP-HRN-LGC-HARINA,PP-HRN-LGC-HARINA,,,,,,,,,,,,,,,,,,,,,,,,,,,,,,,,,,,,,,,,,,,,,,,,,,,,,,,,,,,,,,,,,,,,,,,,,,,,,
contenedor_logico_duplicado_distributed,contenedor_por_ancestro_project,PP-HRN-VLV-VM05,VALVULA MANUAL VM05 A CR03 | Grupo: PP-VLV MANUAL  HRN,451,4,451,PP-HRN-LGC-VALVULAS A PUERTO,PP-HRN-LGC-VALVULAS,PP-HRN-LGC-HARINA > PP-HRN-LGC-VALVULAS,PP > PP-HRN-LGC-HARINA > PP-HRN-LGC-VALVULAS A PUERTO,PP > PP-HRN-LGC-HARINA > PP-HRN-LGC-VALVULAS A PUERTO > PP-HRN-VLV-VM05,366183,112ed255-2c3e-4575-ba44-903fa5f3f8e7-00059667,Roofs,,Genérico - 400 mm,Genérico - 400 mm,,PP > PP-HRN-LGC-HARINA > PP-HRN-LGC-HARINA,contenedor_scoring,366183,112ed255-2c3e-4575-ba44-903fa5f3f8e7-00059667,PP > PP-HRN-LGC-HARINA > PP-HRN-LGC-HARINA,3,77,NO,200,200,0,cluster_logico_mismo_sector,285276:200:PP > PP-HRN-LGC-HARINA > PP-HRN-LGC-NORIAS || 286624:200:PP > PP-HRN-LGC-HARINA > PP-HRN-LGC-ENFRIADORES || 365759:200:PP > PP-HRN-LGC-HARINA > PP-HRN-LGC-REDLER || 366082:200:PP > PP-HRN-LGC-HARINA > PP-HRN-LGC-MOLINOS || 366106:200:PP > PP-HRN-LGC-HARINA > PP-HRN-LGC-TAMIZADORES || 366183:200:PP > PP-HRN-LGC-HARINA > PP-HRN-LGC-HARINA || 366280:200:PP > PP-HRN-LGC-HARINA > PP-HRN-LGC-VALVULAS A PUERTO,PP-HRN-LGC-HARINA,Cluster lógico: ancestro PP-HRN-LGC-HARINA en 7 elementos Revit equivalentes.,ambiguo_falso_por_contenedor_duplicado,PP-HRN-LGC-HARINA,285276;286624;365759;366082;366106;366183;366280,,,distributed,distribucion_round_robin_en_preparar_aplicar,PP,PP-HRN-LGC-HARINA,PP-HRN-LGC-HARINA,,,,,,,,,,,,,,,,,,,,,,,,,,,,,,,,,,,,,,,,,,,,,,,,,,,,,,,,,,,,,,,,,,,,,,,,,,,,,
contenedor_logico_duplicado_distributed,contenedor_por_ancestro_project,PP-HRN-VLV-VM06,VALVULA MANUAL VM06  DE R27 A CR03-CR04 | Grupo: PP-VLV MANUAL  HRN,452,4,452,PP-HRN-LGC-VALVULAS A PUERTO,PP-HRN-LGC-VALVULAS,PP-HRN-LGC-HARINA > PP-HRN-LGC-VALVULAS,PP > PP-HRN-LGC-HARINA > PP-HRN-LGC-VALVULAS A PUERTO,PP > PP-HRN-LGC-HARINA > PP-HRN-LGC-VALVULAS A PUERTO > PP-HRN-VLV-VM06,366183,112ed255-2c3e-4575-ba44-903fa5f3f8e7-00059667,Roofs,,Genérico - 400 mm,Genérico - 400 mm,,PP > PP-HRN-LGC-HARINA > PP-HRN-LGC-HARINA,contenedor_scoring,366183,112ed255-2c3e-4575-ba44-903fa5f3f8e7-00059667,PP > PP-HRN-LGC-HARINA > PP-HRN-LGC-HARINA,3,77,NO,200,200,0,cluster_logico_mismo_sector,285276:200:PP > PP-HRN-LGC-HARINA > PP-HRN-LGC-NORIAS || 286624:200:PP > PP-HRN-LGC-HARINA > PP-HRN-LGC-ENFRIADORES || 365759:200:PP > PP-HRN-LGC-HARINA > PP-HRN-LGC-REDLER || 366082:200:PP > PP-HRN-LGC-HARINA > PP-HRN-LGC-MOLINOS || 366106:200:PP > PP-HRN-LGC-HARINA > PP-HRN-LGC-TAMIZADORES || 366183:200:PP > PP-HRN-LGC-HARINA > PP-HRN-LGC-HARINA || 366280:200:PP > PP-HRN-LGC-HARINA > PP-HRN-LGC-VALVULAS A PUERTO,PP-HRN-LGC-HARINA,Cluster lógico: ancestro PP-HRN-LGC-HARINA en 7 elementos Revit equivalentes.,ambiguo_falso_por_contenedor_duplicado,PP-HRN-LGC-HARINA,285276;286624;365759;366082;366106;366183;366280,,,distributed,distribucion_round_robin_en_preparar_aplicar,PP,PP-HRN-LGC-HARINA,PP-HRN-LGC-HARINA,,,,,,,,,,,,,,,,,,,,,,,,,,,,,,,,,,,,,,,,,,,,,,,,,,,,,,,,,,,,,,,,,,,,,,,,,,,,,
contenedor_logico_duplicado_distributed,contenedor_por_ancestro_project,PP-HRN-VLV-VM07,VALVULA MANUAL VM07 DE R27 A N03 | Grupo: PP-VLV MANUAL  HRN,453,4,453,PP-HRN-LGC-VALVULAS A PUERTO,PP-HRN-LGC-VALVULAS,PP-HRN-LGC-HARINA > PP-HRN-LGC-VALVULAS,PP > PP-HRN-LGC-HARINA > PP-HRN-LGC-VALVULAS A PUERTO,PP > PP-HRN-LGC-HARINA > PP-HRN-LGC-VALVULAS A PUERTO > PP-HRN-VLV-VM07,366183,112ed255-2c3e-4575-ba44-903fa5f3f8e7-00059667,Roofs,,Genérico - 400 mm,Genérico - 400 mm,,PP > PP-HRN-LGC-HARINA > PP-HRN-LGC-HARINA,contenedor_scoring,366183,112ed255-2c3e-4575-ba44-903fa5f3f8e7-00059667,PP > PP-HRN-LGC-HARINA > PP-HRN-LGC-HARINA,3,77,NO,200,200,0,cluster_logico_mismo_sector,285276:200:PP > PP-HRN-LGC-HARINA > PP-HRN-LGC-NORIAS || 286624:200:PP > PP-HRN-LGC-HARINA > PP-HRN-LGC-ENFRIADORES || 365759:200:PP > PP-HRN-LGC-HARINA > PP-HRN-LGC-REDLER || 366082:200:PP > PP-HRN-LGC-HARINA > PP-HRN-LGC-MOLINOS || 366106:200:PP > PP-HRN-LGC-HARINA > PP-HRN-LGC-TAMIZADORES || 366183:200:PP > PP-HRN-LGC-HARINA > PP-HRN-LGC-HARINA || 366280:200:PP > PP-HRN-LGC-HARINA > PP-HRN-LGC-VALVULAS A PUERTO,PP-HRN-LGC-HARINA,Cluster lógico: ancestro PP-HRN-LGC-HARINA en 7 elementos Revit equivalentes.,ambiguo_falso_por_contenedor_duplicado,PP-HRN-LGC-HARINA,285276;286624;365759;366082;366106;366183;366280,,,distributed,distribucion_round_robin_en_preparar_aplicar,PP,PP-HRN-LGC-HARINA,PP-HRN-LGC-HARINA,,,,,,,,,,,,,,,,,,,,,,,,,,,,,,,,,,,,,,,,,,,,,,,,,,,,,,,,,,,,,,,,,,,,,,,,,,,,,
contenedor_logico_duplicado_distributed,contenedor_por_ancestro_project,PP-HRN-SIS-CTRAL,CENTRAL DE LUBRICACION DE SECADOR ROTATIVO | Grupo: PP-CENTRAL LUB SEC ROT,454,3,454,PP-HRN-LGC-HARINA,PP-HRN-LGC-HARINA,PP-HRN-LGC-HARINA,PP > PP-HRN-LGC-HARINA,PP > PP-HRN-LGC-HARINA > PP-HRN-SIS-CTRAL LUB SR,366183,112ed255-2c3e-4575-ba44-903fa5f3f8e7-00059667,Roofs,,Genérico - 400 mm,Genérico - 400 mm,,PP > PP-HRN-LGC-HARINA > PP-HRN-LGC-HARINA,contenedor_scoring,366183,112ed255-2c3e-4575-ba44-903fa5f3f8e7-00059667,PP > PP-HRN-LGC-HARINA > PP-HRN-LGC-HARINA,3,77,NO,200,200,0,cluster_logico_mismo_sector,285276:200:PP > PP-HRN-LGC-HARINA > PP-HRN-LGC-NORIAS || 286624:200:PP > PP-HRN-LGC-HARINA > PP-HRN-LGC-ENFRIADORES || 365759:200:PP > PP-HRN-LGC-HARINA > PP-HRN-LGC-REDLER || 366082:200:PP > PP-HRN-LGC-HARINA > PP-HRN-LGC-MOLINOS || 366106:200:PP > PP-HRN-LGC-HARINA > PP-HRN-LGC-TAMIZADORES || 366183:200:PP > PP-HRN-LGC-HARINA > PP-HRN-LGC-HARINA || 366280:200:PP > PP-HRN-LGC-HARINA > PP-HRN-LGC-VALVULAS A PUERTO,PP-HRN-LGC-HARINA,Cluster lógico: ancestro PP-HRN-LGC-HARINA en 7 elementos Revit equivalentes.,ambiguo_falso_por_contenedor_duplicado,PP-HRN-LGC-HARINA,285276;286624;365759;366082;366106;366183;366280,,,distributed,distribucion_round_robin_en_preparar_aplicar,PP,PP-HRN-LGC-HARINA,PP-HRN-LGC-HARINA,,,,,,,,,,,,,,,,,,,,,,,,,,,,,,,,,,,,,,,,,,,,,,,,,,,,,,,,,,,,,,,,,,,,,,,,,,,,,
match_directo,elemento_puntual,PP-HRN-SRT-SR01,SECADOR ROTATIVO PTA 6000 | Grupo: PP-SRT SECADOR ROTATIVO,455,3,455,PP-HRN-LGC-HARINA,PP-HRN-LGC-HARINA,PP-HRN-LGC-HARINA,PP > PP-HRN-LGC-HARINA,PP > PP-HRN-LGC-HARINA > PP-HRN-SRT-SR01,285673,121e7c49-6f80-4698-91bd-c7c5a38e25dd-00045be9,Generic Models,Biodiesel1,Biodiesel,Biodiesel,,PP > PP-HRN-SRT-SR01,btz_description_02,,,,,,,,,,,,,Coincidencia exacta única con elemento Revit.,match_directo,,,,,,match_puntual_unico,PP,PP-HRN-SRT-SR01,,,,,,,,,,,,,,,,,,,,,,,,,,,,,,,,,,,,,,,,,,,,,,,,,,,,,,,,,,,,,,,,,,,,,,,,,,,,,,
contenedor_unico,contenedor_por_ancestro_project,PP-HRN-RSC-RER01,ROSCA ENTRADA SR01 DE PTA 6000 | Grupo: PP-RSC RER01,457,4,457,PP-HRN-SRT-SR01,PP-HRN-SRT-SR01,PP-HRN-LGC-HARINA > PP-HRN-SRT-SR01,PP > PP-HRN-LGC-HARINA > PP-HRN-SRT-SR01,PP > PP-HRN-LGC-HARINA > PP-HRN-SRT-SR01 > PP-HRN-RSC-RER01,285673,121e7c49-6f80-4698-91bd-c7c5a38e25dd-00045be9,Generic Models,Biodiesel1,Biodiesel,Biodiesel,,PP > PP-HRN-SRT-SR01,contenedor_scoring,285673,121e7c49-6f80-4698-91bd-c7c5a38e25dd-00045be9,PP > PP-HRN-SRT-SR01,2,78,NO,200,0,200,ancestro_project_exacto,285673:200:PP > PP-HRN-SRT-SR01,PP-HRN-SRT-SR01,Sin match puntual; contenedor único por ancestro Project PP-HRN-SRT-SR01.,contenedor_unico_ancestro,PP-HRN-SRT-SR01,285673,285673,,,un_elemento_revit_para_ancestro,PP,PP-HRN-SRT-SR01,,,,,,,,,,,,,,,,,,,,,,,,,,,,,,,,,,,,,,,,,,,,,,,,,,,,,,,,,,,,,,,,,,,,,,,,,,,,,,
contenedor_unico,contenedor_por_ancestro_project,PP-HRN-VLV-PCVSR01,VALVULA AUTORREGULADORA PRESION VAPOR SECADOR ROTATIVO | Grupo: PP-VLV CONTROL SRT,458,4,458,PP-HRN-SRT-SR01,PP-HRN-SRT-SR01,PP-HRN-LGC-HARINA > PP-HRN-SRT-SR01,PP > PP-HRN-LGC-HARINA > PP-HRN-SRT-SR01,PP > PP-HRN-LGC-HARINA > PP-HRN-SRT-SR01 > PP-HRN-VLV-PCVSR01,285673,121e7c49-6f80-4698-91bd-c7c5a38e25dd-00045be9,Generic Models,Biodiesel1,Biodiesel,Biodiesel,,PP > PP-HRN-SRT-SR01,contenedor_scoring,285673,121e7c49-6f80-4698-91bd-c7c5a38e25dd-00045be9,PP > PP-HRN-SRT-SR01,2,78,NO,200,0,200,ancestro_project_exacto,285673:200:PP > PP-HRN-SRT-SR01,PP-HRN-SRT-SR01,Sin match puntual; contenedor único por ancestro Project PP-HRN-SRT-SR01.,contenedor_unico_ancestro,PP-HRN-SRT-SR01,285673,285673,,,un_elemento_revit_para_ancestro,PP,PP-HRN-SRT-SR01,,,,,,,,,,,,,,,,,,,,,,,,,,,,,,,,,,,,,,,,,,,,,,,,,,,,,,,,,,,,,,,,,,,,,,,,,,,,,,
contenedor_unico,contenedor_por_ancestro_project,PP-HRN-VLV-TCVSR01,VALVULA DE CONTROL DE TEMPERATURA SECADOR ROTATIVO | Grupo: PP-VLV CONTROL SRT,459,4,459,PP-HRN-SRT-SR01,PP-HRN-SRT-SR01,PP-HRN-LGC-HARINA > PP-HRN-SRT-SR01,PP > PP-HRN-LGC-HARINA > PP-HRN-SRT-SR01,PP > PP-HRN-LGC-HARINA > PP-HRN-SRT-SR01 > PP-HRN-VLV-TCVSR01,285673,121e7c49-6f80-4698-91bd-c7c5a38e25dd-00045be9,Generic Models,Biodiesel1,Biodiesel,Biodiesel,,PP > PP-HRN-SRT-SR01,contenedor_scoring,285673,121e7c49-6f80-4698-91bd-c7c5a38e25dd-00045be9,PP > PP-HRN-SRT-SR01,2,78,NO,200,0,200,ancestro_project_exacto,285673:200:PP > PP-HRN-SRT-SR01,PP-HRN-SRT-SR01,Sin match puntual; contenedor único por ancestro Project PP-HRN-SRT-SR01.,contenedor_unico_ancestro,PP-HRN-SRT-SR01,285673,285673,,,un_elemento_revit_para_ancestro,PP,PP-HRN-SRT-SR01,,,,,,,,,,,,,,,,,,,,,,,,,,,,,,,,,,,,,,,,,,,,,,,,,,,,,,,,,,,,,,,,,,,,,,,,,,,,,,
contenedor_unico,contenedor_por_ancestro_project,PP-HRN-VLV-VSSR,VALVULA DE SEGURIDAD SECADOR ROTATIVO | Grupo: PP-VLV SEGUR HARINA,460,4,460,PP-HRN-SRT-SR01,PP-HRN-SRT-SR01,PP-HRN-LGC-HARINA > PP-HRN-SRT-SR01,PP > PP-HRN-LGC-HARINA > PP-HRN-SRT-SR01,PP > PP-HRN-LGC-HARINA > PP-HRN-SRT-SR01 > PP-HRN-VLV-VSSR,285673,121e7c49-6f80-4698-91bd-c7c5a38e25dd-00045be9,Generic Models,Biodiesel1,Biodiesel,Biodiesel,,PP > PP-HRN-SRT-SR01,contenedor_scoring,285673,121e7c49-6f80-4698-91bd-c7c5a38e25dd-00045be9,PP > PP-HRN-SRT-SR01,2,78,NO,200,0,200,ancestro_project_exacto,285673:200:PP > PP-HRN-SRT-SR01,PP-HRN-SRT-SR01,Sin match puntual; contenedor único por ancestro Project PP-HRN-SRT-SR01.,contenedor_unico_ancestro,PP-HRN-SRT-SR01,285673,285673,,,un_elemento_revit_para_ancestro,PP,PP-HRN-SRT-SR01,,,,,,,,,,,,,,,,,,,,,,,,,,,,,,,,,,,,,,,,,,,,,,,,,,,,,,,,,,,,,,,,,,,,,,,,,,,,,,
contenedor_logico_duplicado_distributed,contenedor_por_match_puntual_multi,PP-LCT-LGC-LECITINA,SECTOR LECITINA PTA PTO (UBICADA EN PLANTA PUERTO) | Grupo: PP-SECTOR,461,2,461,PP,,,PP,PP > PP-LCT-LGC-LECITINA,184857,e873c32e-5e0c-4f36-b2a7-48d4917bce06-0002d219,Roofs,,Genérico - 400 mm,Genérico - 400 mm,,PP > PP-LCT-LGC-LECITINA > PP_LCT_VOTATOR,contenedor_scoring,184857,e873c32e-5e0c-4f36-b2a7-48d4917bce06-0002d219,PP > PP-LCT-LGC-LECITINA > PP_LCT_VOTATOR,3,77,NO,200,200,0,match_puntual_multi_id_cluster_logico,184857:200:PP > PP-LCT-LGC-LECITINA > PP_LCT_VOTATOR || 367233:200:PP > PP-LCT-LGC-LECITINA > PP_LCT_ESTANDARIZADO || 367512:200:PP > PP-LCT-LGC-LECITINA > PP_LCT_EVAPORADORES,PP-LCT-LGC-LECITINA,Mismo código en 3 elementos Revit; cluster lógico (no ambigüedad real).,ambiguo_falso_por_contenedor_duplicado,PP-LCT-LGC-LECITINA,184857;367233;367512,,,distributed,mismo_codigo_varios_element_ids_cluster_distributed,PP,PP-LCT-LGC-LECITINA,PP_LCT_VOTATOR,,,,,,,,,,,,,,,,,,,,,,,,,,,,,,,,,,,,,,,,,,,,,,,,,,,,,,,,,,,,,,,,,,,,,,,,,,,,,
contenedor_logico_duplicado_distributed,contenedor_por_ancestro_project,PP-LCT-AGT-AG01,AGITADOR ESTANDARIZADO | Grupo: PP-AGT AG01,462,3,462,PP-LCT-LGC-LECITINA,PP-LCT-LGC-LECITINA,PP-LCT-LGC-LECITINA,PP > PP-LCT-LGC-LECITINA,PP > PP-LCT-LGC-LECITINA > PP-LCT-AGT-AG01,184857,e873c32e-5e0c-4f36-b2a7-48d4917bce06-0002d219,Roofs,,Genérico - 400 mm,Genérico - 400 mm,,PP > PP-LCT-LGC-LECITINA > PP_LCT_VOTATOR,contenedor_scoring,184857,e873c32e-5e0c-4f36-b2a7-48d4917bce06-0002d219,PP > PP-LCT-LGC-LECITINA > PP_LCT_VOTATOR,3,77,NO,200,200,0,cluster_logico_mismo_sector,184857:200:PP > PP-LCT-LGC-LECITINA > PP_LCT_VOTATOR || 367233:200:PP > PP-LCT-LGC-LECITINA > PP_LCT_ESTANDARIZADO || 367512:200:PP > PP-LCT-LGC-LECITINA > PP_LCT_EVAPORADORES,PP-LCT-LGC-LECITINA,Cluster lógico: ancestro PP-LCT-LGC-LECITINA en 3 elementos Revit equivalentes.,ambiguo_falso_por_contenedor_duplicado,PP-LCT-LGC-LECITINA,184857;367233;367512,,,distributed,distribucion_round_robin_en_preparar_aplicar,PP,PP-LCT-LGC-LECITINA,PP_LCT_VOTATOR,,,,,,,,,,,,,,,,,,,,,,,,,,,,,,,,,,,,,,,,,,,,,,,,,,,,,,,,,,,,,,,,,,,,,,,,,,,,,
contenedor_logico_duplicado_distributed,contenedor_por_ancestro_project,PP-LCT-LGC-ESTANDARIZADO,SECTOR ESTANDARIZADO | Grupo: PP-SECTOR,463,3,463,PP-LCT-LGC-LECITINA,PP-LCT-LGC-LECITINA,PP-LCT-LGC-LECITINA,PP > PP-LCT-LGC-LECITINA,PP > PP-LCT-LGC-LECITINA > PP-LCT-LGC-ESTANDARIZADO,184857,e873c32e-5e0c-4f36-b2a7-48d4917bce06-0002d219,Roofs,,Genérico - 400 mm,Genérico - 400 mm,,PP > PP-LCT-LGC-LECITINA > PP_LCT_VOTATOR,contenedor_scoring,184857,e873c32e-5e0c-4f36-b2a7-48d4917bce06-0002d219,PP > PP-LCT-LGC-LECITINA > PP_LCT_VOTATOR,3,77,NO,200,200,0,cluster_logico_mismo_sector,184857:200:PP > PP-LCT-LGC-LECITINA > PP_LCT_VOTATOR || 367233:200:PP > PP-LCT-LGC-LECITINA > PP_LCT_ESTANDARIZADO || 367512:200:PP > PP-LCT-LGC-LECITINA > PP_LCT_EVAPORADORES,PP-LCT-LGC-LECITINA,Cluster lógico: ancestro PP-LCT-LGC-LECITINA en 3 elementos Revit equivalentes.,ambiguo_falso_por_contenedor_duplicado,PP-LCT-LGC-LECITINA,184857;367233;367512,,,distributed,distribucion_round_robin_en_preparar_aplicar,PP,PP-LCT-LGC-LECITINA,PP_LCT_VOTATOR,,,,,,,,,,,,,,,,,,,,,,,,,,,,,,,,,,,,,,,,,,,,,,,,,,,,,,,,,,,,,,,,,,,,,,,,,,,,,
contenedor_logico_duplicado_distributed,contenedor_por_ancestro_project,PP-LCT-BMB-BE06,BOMBA A ENGRANAJE LECITINA A FRACCIONADO | Grupo: PP-BMB BE06,464,4,464,PP-LCT-LGC-ESTANDARIZADO,PP-LCT-LGC-ESTANDARIZADO,PP-LCT-LGC-LECITINA > PP-LCT-LGC-ESTANDARIZADO,PP > PP-LCT-LGC-LECITINA > PP-LCT-LGC-ESTANDARIZADO,PP > PP-LCT-LGC-LECITINA > PP-LCT-LGC-ESTANDARIZADO > PP-LCT-BMB-BE06,184857,e873c32e-5e0c-4f36-b2a7-48d4917bce06-0002d219,Roofs,,Genérico - 400 mm,Genérico - 400 mm,,PP > PP-LCT-LGC-LECITINA > PP_LCT_VOTATOR,contenedor_scoring,184857,e873c32e-5e0c-4f36-b2a7-48d4917bce06-0002d219,PP > PP-LCT-LGC-LECITINA > PP_LCT_VOTATOR,3,77,NO,200,200,0,cluster_logico_mismo_sector,184857:200:PP > PP-LCT-LGC-LECITINA > PP_LCT_VOTATOR || 367233:200:PP > PP-LCT-LGC-LECITINA > PP_LCT_ESTANDARIZADO || 367512:200:PP > PP-LCT-LGC-LECITINA > PP_LCT_EVAPORADORES,PP-LCT-LGC-LECITINA,Cluster lógico: ancestro PP-LCT-LGC-LECITINA en 3 elementos Revit equivalentes.,ambiguo_falso_por_contenedor_duplicado,PP-LCT-LGC-LECITINA,184857;367233;367512,,,distributed,distribucion_round_robin_en_preparar_aplicar,PP,PP-LCT-LGC-LECITINA,PP_LCT_VOTATOR,,,,,,,,,,,,,,,,,,,,,,,,,,,,,,,,,,,,,,,,,,,,,,,,,,,,,,,,,,,,,,,,,,,,,,,,,,,,,
contenedor_logico_duplicado_distributed,contenedor_por_ancestro_project,PP-LCT-BMB-BE07,BOMBA CARGA DE CAMIONES O RECIRCULACION | Grupo: PP-BMB BE07,465,4,465,PP-LCT-LGC-ESTANDARIZADO,PP-LCT-LGC-ESTANDARIZADO,PP-LCT-LGC-LECITINA > PP-LCT-LGC-ESTANDARIZADO,PP > PP-LCT-LGC-LECITINA > PP-LCT-LGC-ESTANDARIZADO,PP > PP-LCT-LGC-LECITINA > PP-LCT-LGC-ESTANDARIZADO > PP-LCT-BMB-BE07,184857,e873c32e-5e0c-4f36-b2a7-48d4917bce06-0002d219,Roofs,,Genérico - 400 mm,Genérico - 400 mm,,PP > PP-LCT-LGC-LECITINA > PP_LCT_VOTATOR,contenedor_scoring,184857,e873c32e-5e0c-4f36-b2a7-48d4917bce06-0002d219,PP > PP-LCT-LGC-LECITINA > PP_LCT_VOTATOR,3,77,NO,200,200,0,cluster_logico_mismo_sector,184857:200:PP > PP-LCT-LGC-LECITINA > PP_LCT_VOTATOR || 367233:200:PP > PP-LCT-LGC-LECITINA > PP_LCT_ESTANDARIZADO || 367512:200:PP > PP-LCT-LGC-LECITINA > PP_LCT_EVAPORADORES,PP-LCT-LGC-LECITINA,Cluster lógico: ancestro PP-LCT-LGC-LECITINA en 3 elementos Revit equivalentes.,ambiguo_falso_por_contenedor_duplicado,PP-LCT-LGC-LECITINA,184857;367233;367512,,,distributed,distribucion_round_robin_en_preparar_aplicar,PP,PP-LCT-LGC-LECITINA,PP_LCT_VOTATOR,,,,,,,,,,,,,,,,,,,,,,,,,,,,,,,,,,,,,,,,,,,,,,,,,,,,,,,,,,,,,,,,,,,,,,,,,,,,,
contenedor_logico_duplicado_distributed,contenedor_por_ancestro_project,PP-LCT-BMB-BE18,BOMBA ESTANDARIZADO | Grupo: PP-BMB  BE18,466,4,466,PP-LCT-LGC-ESTANDARIZADO,PP-LCT-LGC-ESTANDARIZADO,PP-LCT-LGC-LECITINA > PP-LCT-LGC-ESTANDARIZADO,PP > PP-LCT-LGC-LECITINA > PP-LCT-LGC-ESTANDARIZADO,PP > PP-LCT-LGC-LECITINA > PP-LCT-LGC-ESTANDARIZADO > PP-LCT-BMB-BE18,184857,e873c32e-5e0c-4f36-b2a7-48d4917bce06-0002d219,Roofs,,Genérico - 400 mm,Genérico - 400 mm,,PP > PP-LCT-LGC-LECITINA > PP_LCT_VOTATOR,contenedor_scoring,184857,e873c32e-5e0c-4f36-b2a7-48d4917bce06-0002d219,PP > PP-LCT-LGC-LECITINA > PP_LCT_VOTATOR,3,77,NO,200,200,0,cluster_logico_mismo_sector,184857:200:PP > PP-LCT-LGC-LECITINA > PP_LCT_VOTATOR || 367233:200:PP > PP-LCT-LGC-LECITINA > PP_LCT_ESTANDARIZADO || 367512:200:PP > PP-LCT-LGC-LECITINA > PP_LCT_EVAPORADORES,PP-LCT-LGC-LECITINA,Cluster lógico: ancestro PP-LCT-LGC-LECITINA en 3 elementos Revit equivalentes.,ambiguo_falso_por_contenedor_duplicado,PP-LCT-LGC-LECITINA,184857;367233;367512,,,distributed,distribucion_round_robin_en_preparar_aplicar,PP,PP-LCT-LGC-LECITINA,PP_LCT_VOTATOR,,,,,,,,,,,,,,,,,,,,,,,,,,,,,,,,,,,,,,,,,,,,,,,,,,,,,,,,,,,,,,,,,,,,,,,,,,,,,
contenedor_logico_duplicado_distributed,contenedor_por_ancestro_project,PP-LCT-BMB-BE19,BOMBA ESTANDARIZADO | Grupo: PP-BMB  BE19,467,4,467,PP-LCT-LGC-ESTANDARIZADO,PP-LCT-LGC-ESTANDARIZADO,PP-LCT-LGC-LECITINA > PP-LCT-LGC-ESTANDARIZADO,PP > PP-LCT-LGC-LECITINA > PP-LCT-LGC-ESTANDARIZADO,PP > PP-LCT-LGC-LECITINA > PP-LCT-LGC-ESTANDARIZADO > PP-LCT-BMB-BE19,184857,e873c32e-5e0c-4f36-b2a7-48d4917bce06-0002d219,Roofs,,Genérico - 400 mm,Genérico - 400 mm,,PP > PP-LCT-LGC-LECITINA > PP_LCT_VOTATOR,contenedor_scoring,184857,e873c32e-5e0c-4f36-b2a7-48d4917bce06-0002d219,PP > PP-LCT-LGC-LECITINA > PP_LCT_VOTATOR,3,77,NO,200,200,0,cluster_logico_mismo_sector,184857:200:PP > PP-LCT-LGC-LECITINA > PP_LCT_VOTATOR || 367233:200:PP > PP-LCT-LGC-LECITINA > PP_LCT_ESTANDARIZADO || 367512:200:PP > PP-LCT-LGC-LECITINA > PP_LCT_EVAPORADORES,PP-LCT-LGC-LECITINA,Cluster lógico: ancestro PP-LCT-LGC-LECITINA en 3 elementos Revit equivalentes.,ambiguo_falso_por_contenedor_duplicado,PP-LCT-LGC-LECITINA,184857;367233;367512,,,distributed,distribucion_round_robin_en_preparar_aplicar,PP,PP-LCT-LGC-LECITINA,PP_LCT_VOTATOR,,,,,,,,,,,,,,,,,,,,,,,,,,,,,,,,,,,,,,,,,,,,,,,,,,,,,,,,,,,,,,,,,,,,,,,,,,,,,
contenedor_logico_duplicado_distributed,contenedor_por_ancestro_project,PP-LCT-BMB-BE48,BOMBA DE LECITINA | Grupo: PP-BMB  BE48,468,4,468,PP-LCT-LGC-ESTANDARIZADO,PP-LCT-LGC-ESTANDARIZADO,PP-LCT-LGC-LECITINA > PP-LCT-LGC-ESTANDARIZADO,PP > PP-LCT-LGC-LECITINA > PP-LCT-LGC-ESTANDARIZADO,PP > PP-LCT-LGC-LECITINA > PP-LCT-LGC-ESTANDARIZADO > PP-LCT-BMB-BE48,184857,e873c32e-5e0c-4f36-b2a7-48d4917bce06-0002d219,Roofs,,Genérico - 400 mm,Genérico - 400 mm,,PP > PP-LCT-LGC-LECITINA > PP_LCT_VOTATOR,contenedor_scoring,184857,e873c32e-5e0c-4f36-b2a7-48d4917bce06-0002d219,PP > PP-LCT-LGC-LECITINA > PP_LCT_VOTATOR,3,77,NO,200,200,0,cluster_logico_mismo_sector,184857:200:PP > PP-LCT-LGC-LECITINA > PP_LCT_VOTATOR || 367233:200:PP > PP-LCT-LGC-LECITINA > PP_LCT_ESTANDARIZADO || 367512:200:PP > PP-LCT-LGC-LECITINA > PP_LCT_EVAPORADORES,PP-LCT-LGC-LECITINA,Cluster lógico: ancestro PP-LCT-LGC-LECITINA en 3 elementos Revit equivalentes.,ambiguo_falso_por_contenedor_duplicado,PP-LCT-LGC-LECITINA,184857;367233;367512,,,distributed,distribucion_round_robin_en_preparar_aplicar,PP,PP-LCT-LGC-LECITINA,PP_LCT_VOTATOR,,,,,,,,,,,,,,,,,,,,,,,,,,,,,,,,,,,,,,,,,,,,,,,,,,,,,,,,,,,,,,,,,,,,,,,,,,,,,
contenedor_logico_duplicado_distributed,contenedor_por_ancestro_project,PP-LCT-BMB-BE49,"BOMBA ESTANDARIZADO, CARGA OLEINA | Grupo: PP-BMB  BE49",469,4,469,PP-LCT-LGC-ESTANDARIZADO,PP-LCT-LGC-ESTANDARIZADO,PP-LCT-LGC-LECITINA > PP-LCT-LGC-ESTANDARIZADO,PP > PP-LCT-LGC-LECITINA > PP-LCT-LGC-ESTANDARIZADO,PP > PP-LCT-LGC-LECITINA > PP-LCT-LGC-ESTANDARIZADO > PP-LCT-BMB-BE49,184857,e873c32e-5e0c-4f36-b2a7-48d4917bce06-0002d219,Roofs,,Genérico - 400 mm,Genérico - 400 mm,,PP > PP-LCT-LGC-LECITINA > PP_LCT_VOTATOR,contenedor_scoring,184857,e873c32e-5e0c-4f36-b2a7-48d4917bce06-0002d219,PP > PP-LCT-LGC-LECITINA > PP_LCT_VOTATOR,3,77,NO,200,200,0,cluster_logico_mismo_sector,184857:200:PP > PP-LCT-LGC-LECITINA > PP_LCT_VOTATOR || 367233:200:PP > PP-LCT-LGC-LECITINA > PP_LCT_ESTANDARIZADO || 367512:200:PP > PP-LCT-LGC-LECITINA > PP_LCT_EVAPORADORES,PP-LCT-LGC-LECITINA,Cluster lógico: ancestro PP-LCT-LGC-LECITINA en 3 elementos Revit equivalentes.,ambiguo_falso_por_contenedor_duplicado,PP-LCT-LGC-LECITINA,184857;367233;367512,,,distributed,distribucion_round_robin_en_preparar_aplicar,PP,PP-LCT-LGC-LECITINA,PP_LCT_VOTATOR,,,,,,,,,,,,,,,,,,,,,,,,,,,,,,,,,,,,,,,,,,,,,,,,,,,,,,,,,,,,,,,,,,,,,,,,,,,,,
contenedor_logico_duplicado_distributed,contenedor_por_ancestro_project,PP-LCT-TNQ-TK01,TANQUE LECITINA 1 | Grupo: PP-TK STANDARIZADO,470,4,470,PP-LCT-LGC-ESTANDARIZADO,PP-LCT-LGC-ESTANDARIZADO,PP-LCT-LGC-LECITINA > PP-LCT-LGC-ESTANDARIZADO,PP > PP-LCT-LGC-LECITINA > PP-LCT-LGC-ESTANDARIZADO,PP > PP-LCT-LGC-LECITINA > PP-LCT-LGC-ESTANDARIZADO > PP-LCT-TNQ-TK01,184857,e873c32e-5e0c-4f36-b2a7-48d4917bce06-0002d219,Roofs,,Genérico - 400 mm,Genérico - 400 mm,,PP > PP-LCT-LGC-LECITINA > PP_LCT_VOTATOR,contenedor_scoring,184857,e873c32e-5e0c-4f36-b2a7-48d4917bce06-0002d219,PP > PP-LCT-LGC-LECITINA > PP_LCT_VOTATOR,3,77,NO,200,200,0,cluster_logico_mismo_sector,184857:200:PP > PP-LCT-LGC-LECITINA > PP_LCT_VOTATOR || 367233:200:PP > PP-LCT-LGC-LECITINA > PP_LCT_ESTANDARIZADO || 367512:200:PP > PP-LCT-LGC-LECITINA > PP_LCT_EVAPORADORES,PP-LCT-LGC-LECITINA,Cluster lógico: ancestro PP-LCT-LGC-LECITINA en 3 elementos Revit equivalentes.,ambiguo_falso_por_contenedor_duplicado,PP-LCT-LGC-LECITINA,184857;367233;367512,,,distributed,distribucion_round_robin_en_preparar_aplicar,PP,PP-LCT-LGC-LECITINA,PP_LCT_VOTATOR,,,,,,,,,,,,,,,,,,,,,,,,,,,,,,,,,,,,,,,,,,,,,,,,,,,,,,,,,,,,,,,,,,,,,,,,,,,,,
contenedor_logico_duplicado_distributed,contenedor_por_ancestro_project,PP-LCT-AGT-RTK01,AGITADOR TK STOCK ESTANDARIZADO LECITINA TK01 | Grupo: PP-AGT TANTES ESTAND,471,5,471,PP-LCT-TNQ-TK01,PP-LCT-TNQ-TK01,PP-LCT-LGC-LECITINA > PP-LCT-LGC-ESTANDARIZADO > PP-LCT-TNQ-TK01,PP > PP-LCT-LGC-LECITINA > PP-LCT-LGC-ESTANDARIZADO > PP-LCT-TNQ-TK01,PP > PP-LCT-LGC-LECITINA > PP-LCT-LGC-ESTANDARIZADO > PP-LCT-TNQ-TK01 > PP-LCT-AGT-RTK01,184857,e873c32e-5e0c-4f36-b2a7-48d4917bce06-0002d219,Roofs,,Genérico - 400 mm,Genérico - 400 mm,,PP > PP-LCT-LGC-LECITINA > PP_LCT_VOTATOR,contenedor_scoring,184857,e873c32e-5e0c-4f36-b2a7-48d4917bce06-0002d219,PP > PP-LCT-LGC-LECITINA > PP_LCT_VOTATOR,3,77,NO,200,200,0,cluster_logico_mismo_sector,184857:200:PP > PP-LCT-LGC-LECITINA > PP_LCT_VOTATOR || 367233:200:PP > PP-LCT-LGC-LECITINA > PP_LCT_ESTANDARIZADO || 367512:200:PP > PP-LCT-LGC-LECITINA > PP_LCT_EVAPORADORES,PP-LCT-LGC-LECITINA,Cluster lógico: ancestro PP-LCT-LGC-LECITINA en 3 elementos Revit equivalentes.,ambiguo_falso_por_contenedor_duplicado,PP-LCT-LGC-LECITINA,184857;367233;367512,,,distributed,distribucion_round_robin_en_preparar_aplicar,PP,PP-LCT-LGC-LECITINA,PP_LCT_VOTATOR,,,,,,,,,,,,,,,,,,,,,,,,,,,,,,,,,,,,,,,,,,,,,,,,,,,,,,,,,,,,,,,,,,,,,,,,,,,,,
contenedor_logico_duplicado_distributed,contenedor_por_ancestro_project,PP-LCT-BMB-BE16,BOMBA RECIRCULACION TK01 | Grupo: PP-BMB RECIRC LCT,472,5,472,PP-LCT-TNQ-TK01,PP-LCT-TNQ-TK01,PP-LCT-LGC-LECITINA > PP-LCT-LGC-ESTANDARIZADO > PP-LCT-TNQ-TK01,PP > PP-LCT-LGC-LECITINA > PP-LCT-LGC-ESTANDARIZADO > PP-LCT-TNQ-TK01,PP > PP-LCT-LGC-LECITINA > PP-LCT-LGC-ESTANDARIZADO > PP-LCT-TNQ-TK01 > PP-LCT-BMB-BE16,184857,e873c32e-5e0c-4f36-b2a7-48d4917bce06-0002d219,Roofs,,Genérico - 400 mm,Genérico - 400 mm,,PP > PP-LCT-LGC-LECITINA > PP_LCT_VOTATOR,contenedor_scoring,184857,e873c32e-5e0c-4f36-b2a7-48d4917bce06-0002d219,PP > PP-LCT-LGC-LECITINA > PP_LCT_VOTATOR,3,77,NO,200,200,0,cluster_logico_mismo_sector,184857:200:PP > PP-LCT-LGC-LECITINA > PP_LCT_VOTATOR || 367233:200:PP > PP-LCT-LGC-LECITINA > PP_LCT_ESTANDARIZADO || 367512:200:PP > PP-LCT-LGC-LECITINA > PP_LCT_EVAPORADORES,PP-LCT-LGC-LECITINA,Cluster lógico: ancestro PP-LCT-LGC-LECITINA en 3 elementos Revit equivalentes.,ambiguo_falso_por_contenedor_duplicado,PP-LCT-LGC-LECITINA,184857;367233;367512,,,distributed,distribucion_round_robin_en_preparar_aplicar,PP,PP-LCT-LGC-LECITINA,PP_LCT_VOTATOR,,,,,,,,,,,,,,,,,,,,,,,,,,,,,,,,,,,,,,,,,,,,,,,,,,,,,,,,,,,,,,,,,,,,,,,,,,,,,
contenedor_logico_duplicado_distributed,contenedor_por_ancestro_project,PP-LCT-TNQ-TK02,TANQUE LECITINA 2 | Grupo: PP-TK STANDARIZADO,473,4,473,PP-LCT-LGC-ESTANDARIZADO,PP-LCT-LGC-ESTANDARIZADO,PP-LCT-LGC-LECITINA > PP-LCT-LGC-ESTANDARIZADO,PP > PP-LCT-LGC-LECITINA > PP-LCT-LGC-ESTANDARIZADO,PP > PP-LCT-LGC-LECITINA > PP-LCT-LGC-ESTANDARIZADO > PP-LCT-TNQ-TK02,184857,e873c32e-5e0c-4f36-b2a7-48d4917bce06-0002d219,Roofs,,Genérico - 400 mm,Genérico - 400 mm,,PP > PP-LCT-LGC-LECITINA > PP_LCT_VOTATOR,contenedor_scoring,184857,e873c32e-5e0c-4f36-b2a7-48d4917bce06-0002d219,PP > PP-LCT-LGC-LECITINA > PP_LCT_VOTATOR,3,77,NO,200,200,0,cluster_logico_mismo_sector,184857:200:PP > PP-LCT-LGC-LECITINA > PP_LCT_VOTATOR || 367233:200:PP > PP-LCT-LGC-LECITINA > PP_LCT_ESTANDARIZADO || 367512:200:PP > PP-LCT-LGC-LECITINA > PP_LCT_EVAPORADORES,PP-LCT-LGC-LECITINA,Cluster lógico: ancestro PP-LCT-LGC-LECITINA en 3 elementos Revit equivalentes.,ambiguo_falso_por_contenedor_duplicado,PP-LCT-LGC-LECITINA,184857;367233;367512,,,distributed,distribucion_round_robin_en_preparar_aplicar,PP,PP-LCT-LGC-LECITINA,PP_LCT_VOTATOR,,,,,,,,,,,,,,,,,,,,,,,,,,,,,,,,,,,,,,,,,,,,,,,,,,,,,,,,,,,,,,,,,,,,,,,,,,,,,
contenedor_logico_duplicado_distributed,contenedor_por_ancestro_project,PP-LCT-AGT-RTK02,AGITADOR TK STOCK ESTANDARIZADO LECITINA TK02 | Grupo: PP-AGT TANTES ESTAND,474,5,474,PP-LCT-TNQ-TK02,PP-LCT-TNQ-TK02,PP-LCT-LGC-LECITINA > PP-LCT-LGC-ESTANDARIZADO > PP-LCT-TNQ-TK02,PP > PP-LCT-LGC-LECITINA > PP-LCT-LGC-ESTANDARIZADO > PP-LCT-TNQ-TK02,PP > PP-LCT-LGC-LECITINA > PP-LCT-LGC-ESTANDARIZADO > PP-LCT-TNQ-TK02 > PP-LCT-AGT-RTK02,184857,e873c32e-5e0c-4f36-b2a7-48d4917bce06-0002d219,Roofs,,Genérico - 400 mm,Genérico - 400 mm,,PP > PP-LCT-LGC-LECITINA > PP_LCT_VOTATOR,contenedor_scoring,184857,e873c32e-5e0c-4f36-b2a7-48d4917bce06-0002d219,PP > PP-LCT-LGC-LECITINA > PP_LCT_VOTATOR,3,77,NO,200,200,0,cluster_logico_mismo_sector,184857:200:PP > PP-LCT-LGC-LECITINA > PP_LCT_VOTATOR || 367233:200:PP > PP-LCT-LGC-LECITINA > PP_LCT_ESTANDARIZADO || 367512:200:PP > PP-LCT-LGC-LECITINA > PP_LCT_EVAPORADORES,PP-LCT-LGC-LECITINA,Cluster lógico: ancestro PP-LCT-LGC-LECITINA en 3 elementos Revit equivalentes.,ambiguo_falso_por_contenedor_duplicado,PP-LCT-LGC-LECITINA,184857;367233;367512,,,distributed,distribucion_round_robin_en_preparar_aplicar,PP,PP-LCT-LGC-LECITINA,PP_LCT_VOTATOR,,,,,,,,,,,,,,,,,,,,,,,,,,,,,,,,,,,,,,,,,,,,,,,,,,,,,,,,,,,,,,,,,,,,,,,,,,,,,
contenedor_logico_duplicado_distributed,contenedor_por_ancestro_project,PP-LCT-BMB-BE10,BOMBA RECIRCULACION TK02 | Grupo: PP-BMB RECIRC LCT,475,5,475,PP-LCT-TNQ-TK02,PP-LCT-TNQ-TK02,PP-LCT-LGC-LECITINA > PP-LCT-LGC-ESTANDARIZADO > PP-LCT-TNQ-TK02,PP > PP-LCT-LGC-LECITINA > PP-LCT-LGC-ESTANDARIZADO > PP-LCT-TNQ-TK02,PP > PP-LCT-LGC-LECITINA > PP-LCT-LGC-ESTANDARIZADO > PP-LCT-TNQ-TK02 > PP-LCT-BMB-BE10,184857,e873c32e-5e0c-4f36-b2a7-48d4917bce06-0002d219,Roofs,,Genérico - 400 mm,Genérico - 400 mm,,PP > PP-LCT-LGC-LECITINA > PP_LCT_VOTATOR,contenedor_scoring,184857,e873c32e-5e0c-4f36-b2a7-48d4917bce06-0002d219,PP > PP-LCT-LGC-LECITINA > PP_LCT_VOTATOR,3,77,NO,200,200,0,cluster_logico_mismo_sector,184857:200:PP > PP-LCT-LGC-LECITINA > PP_LCT_VOTATOR || 367233:200:PP > PP-LCT-LGC-LECITINA > PP_LCT_ESTANDARIZADO || 367512:200:PP > PP-LCT-LGC-LECITINA > PP_LCT_EVAPORADORES,PP-LCT-LGC-LECITINA,Cluster lógico: ancestro PP-LCT-LGC-LECITINA en 3 elementos Revit equivalentes.,ambiguo_falso_por_contenedor_duplicado,PP-LCT-LGC-LECITINA,184857;367233;367512,,,distributed,distribucion_round_robin_en_preparar_aplicar,PP,PP-LCT-LGC-LECITINA,PP_LCT_VOTATOR,,,,,,,,,,,,,,,,,,,,,,,,,,,,,,,,,,,,,,,,,,,,,,,,,,,,,,,,,,,,,,,,,,,,,,,,,,,,,
contenedor_logico_duplicado_distributed,contenedor_por_ancestro_project,PP-LCT-TNQ-TK03,TANQUE LECITINA 3 | Grupo: PP-TK STANDARIZADO,476,4,476,PP-LCT-LGC-ESTANDARIZADO,PP-LCT-LGC-ESTANDARIZADO,PP-LCT-LGC-LECITINA > PP-LCT-LGC-ESTANDARIZADO,PP > PP-LCT-LGC-LECITINA > PP-LCT-LGC-ESTANDARIZADO,PP > PP-LCT-LGC-LECITINA > PP-LCT-LGC-ESTANDARIZADO > PP-LCT-TNQ-TK03,184857,e873c32e-5e0c-4f36-b2a7-48d4917bce06-0002d219,Roofs,,Genérico - 400 mm,Genérico - 400 mm,,PP > PP-LCT-LGC-LECITINA > PP_LCT_VOTATOR,contenedor_scoring,184857,e873c32e-5e0c-4f36-b2a7-48d4917bce06-0002d219,PP > PP-LCT-LGC-LECITINA > PP_LCT_VOTATOR,3,77,NO,200,200,0,cluster_logico_mismo_sector,184857:200:PP > PP-LCT-LGC-LECITINA > PP_LCT_VOTATOR || 367233:200:PP > PP-LCT-LGC-LECITINA > PP_LCT_ESTANDARIZADO || 367512:200:PP > PP-LCT-LGC-LECITINA > PP_LCT_EVAPORADORES,PP-LCT-LGC-LECITINA,Código repetido en Project 2 veces. Cluster lógico: ancestro PP-LCT-LGC-LECITINA en 3 elementos Revit equivalentes.,ambiguo_falso_por_contenedor_duplicado,PP-LCT-LGC-LECITINA,184857;367233;367512,,,distributed,distribucion_round_robin_en_preparar_aplicar,PP,PP-LCT-LGC-LECITINA,PP_LCT_VOTATOR,,,,,,,,,,,,,,,,,,,,,,,,,,,,,,,,,,,,,,,,,,,,,,,,,,,,,,,,,,,,,,,,,,,,,,,,,,,,,
contenedor_logico_duplicado_distributed,contenedor_por_ancestro_project,PP-LCT-AGT-RTK03,AGITADOR TK STOCK ESTANDARIZADO LECITINA TK03 | Grupo: PP-AGT TANTES ESTAND,477,5,477,PP-LCT-TNQ-TK03,PP-LCT-TNQ-TK03,PP-LCT-LGC-LECITINA > PP-LCT-LGC-ESTANDARIZADO > PP-LCT-TNQ-TK03,PP > PP-LCT-LGC-LECITINA > PP-LCT-LGC-ESTANDARIZADO > PP-LCT-TNQ-TK03,PP > PP-LCT-LGC-LECITINA > PP-LCT-LGC-ESTANDARIZADO > PP-LCT-TNQ-TK03 > PP-LCT-AGT-RTK03,184857,e873c32e-5e0c-4f36-b2a7-48d4917bce06-0002d219,Roofs,,Genérico - 400 mm,Genérico - 400 mm,,PP > PP-LCT-LGC-LECITINA > PP_LCT_VOTATOR,contenedor_scoring,184857,e873c32e-5e0c-4f36-b2a7-48d4917bce06-0002d219,PP > PP-LCT-LGC-LECITINA > PP_LCT_VOTATOR,3,77,NO,200,200,0,cluster_logico_mismo_sector,184857:200:PP > PP-LCT-LGC-LECITINA > PP_LCT_VOTATOR || 367233:200:PP > PP-LCT-LGC-LECITINA > PP_LCT_ESTANDARIZADO || 367512:200:PP > PP-LCT-LGC-LECITINA > PP_LCT_EVAPORADORES,PP-LCT-LGC-LECITINA,Cluster lógico: ancestro PP-LCT-LGC-LECITINA en 3 elementos Revit equivalentes.,ambiguo_falso_por_contenedor_duplicado,PP-LCT-LGC-LECITINA,184857;367233;367512,,,distributed,distribucion_round_robin_en_preparar_aplicar,PP,PP-LCT-LGC-LECITINA,PP_LCT_VOTATOR,,,,,,,,,,,,,,,,,,,,,,,,,,,,,,,,,,,,,,,,,,,,,,,,,,,,,,,,,,,,,,,,,,,,,,,,,,,,,
contenedor_logico_duplicado_distributed,contenedor_por_ancestro_project,PP-LCT-BMB-BE09,BOMBA RECIRCULACION TK03 | Grupo: PP-BMB RECIRC LCT,478,5,478,PP-LCT-TNQ-TK03,PP-LCT-TNQ-TK03,PP-LCT-LGC-LECITINA > PP-LCT-LGC-ESTANDARIZADO > PP-LCT-TNQ-TK03,PP > PP-LCT-LGC-LECITINA > PP-LCT-LGC-ESTANDARIZADO > PP-LCT-TNQ-TK03,PP > PP-LCT-LGC-LECITINA > PP-LCT-LGC-ESTANDARIZADO > PP-LCT-TNQ-TK03 > PP-LCT-BMB-BE09,184857,e873c32e-5e0c-4f36-b2a7-48d4917bce06-0002d219,Roofs,,Genérico - 400 mm,Genérico - 400 mm,,PP > PP-LCT-LGC-LECITINA > PP_LCT_VOTATOR,contenedor_scoring,184857,e873c32e-5e0c-4f36-b2a7-48d4917bce06-0002d219,PP > PP-LCT-LGC-LECITINA > PP_LCT_VOTATOR,3,77,NO,200,200,0,cluster_logico_mismo_sector,184857:200:PP > PP-LCT-LGC-LECITINA > PP_LCT_VOTATOR || 367233:200:PP > PP-LCT-LGC-LECITINA > PP_LCT_ESTANDARIZADO || 367512:200:PP > PP-LCT-LGC-LECITINA > PP_LCT_EVAPORADORES,PP-LCT-LGC-LECITINA,Cluster lógico: ancestro PP-LCT-LGC-LECITINA en 3 elementos Revit equivalentes.,ambiguo_falso_por_contenedor_duplicado,PP-LCT-LGC-LECITINA,184857;367233;367512,,,distributed,distribucion_round_robin_en_preparar_aplicar,PP,PP-LCT-LGC-LECITINA,PP_LCT_VOTATOR,,,,,,,,,,,,,,,,,,,,,,,,,,,,,,,,,,,,,,,,,,,,,,,,,,,,,,,,,,,,,,,,,,,,,,,,,,,,,
contenedor_logico_duplicado_distributed,contenedor_por_ancestro_project,PP-LCT-TNQ-TK04,TANQUE LECITINA 4 | Grupo: PP-TK STANDARIZADO,479,4,479,PP-LCT-LGC-ESTANDARIZADO,PP-LCT-LGC-ESTANDARIZADO,PP-LCT-LGC-LECITINA > PP-LCT-LGC-ESTANDARIZADO,PP > PP-LCT-LGC-LECITINA > PP-LCT-LGC-ESTANDARIZADO,PP > PP-LCT-LGC-LECITINA > PP-LCT-LGC-ESTANDARIZADO > PP-LCT-TNQ-TK04,184857,e873c32e-5e0c-4f36-b2a7-48d4917bce06-0002d219,Roofs,,Genérico - 400 mm,Genérico - 400 mm,,PP > PP-LCT-LGC-LECITINA > PP_LCT_VOTATOR,contenedor_scoring,184857,e873c32e-5e0c-4f36-b2a7-48d4917bce06-0002d219,PP > PP-LCT-LGC-LECITINA > PP_LCT_VOTATOR,3,77,NO,200,200,0,cluster_logico_mismo_sector,184857:200:PP > PP-LCT-LGC-LECITINA > PP_LCT_VOTATOR || 367233:200:PP > PP-LCT-LGC-LECITINA > PP_LCT_ESTANDARIZADO || 367512:200:PP > PP-LCT-LGC-LECITINA > PP_LCT_EVAPORADORES,PP-LCT-LGC-LECITINA,Cluster lógico: ancestro PP-LCT-LGC-LECITINA en 3 elementos Revit equivalentes.,ambiguo_falso_por_contenedor_duplicado,PP-LCT-LGC-LECITINA,184857;367233;367512,,,distributed,distribucion_round_robin_en_preparar_aplicar,PP,PP-LCT-LGC-LECITINA,PP_LCT_VOTATOR,,,,,,,,,,,,,,,,,,,,,,,,,,,,,,,,,,,,,,,,,,,,,,,,,,,,,,,,,,,,,,,,,,,,,,,,,,,,,
contenedor_logico_duplicado_distributed,contenedor_por_ancestro_project,PP-LCT-AGT-RTK04,AGITADOR TK STOCK ESTANDARIZADO LECITINA TK04 | Grupo: PP-AGT TANTES ESTAND,480,5,480,PP-LCT-TNQ-TK04,PP-LCT-TNQ-TK04,PP-LCT-LGC-LECITINA > PP-LCT-LGC-ESTANDARIZADO > PP-LCT-TNQ-TK04,PP > PP-LCT-LGC-LECITINA > PP-LCT-LGC-ESTANDARIZADO > PP-LCT-TNQ-TK04,PP > PP-LCT-LGC-LECITINA > PP-LCT-LGC-ESTANDARIZADO > PP-LCT-TNQ-TK04 > PP-LCT-AGT-RTK04,184857,e873c32e-5e0c-4f36-b2a7-48d4917bce06-0002d219,Roofs,,Genérico - 400 mm,Genérico - 400 mm,,PP > PP-LCT-LGC-LECITINA > PP_LCT_VOTATOR,contenedor_scoring,184857,e873c32e-5e0c-4f36-b2a7-48d4917bce06-0002d219,PP > PP-LCT-LGC-LECITINA > PP_LCT_VOTATOR,3,77,NO,200,200,0,cluster_logico_mismo_sector,184857:200:PP > PP-LCT-LGC-LECITINA > PP_LCT_VOTATOR || 367233:200:PP > PP-LCT-LGC-LECITINA > PP_LCT_ESTANDARIZADO || 367512:200:PP > PP-LCT-LGC-LECITINA > PP_LCT_EVAPORADORES,PP-LCT-LGC-LECITINA,Cluster lógico: ancestro PP-LCT-LGC-LECITINA en 3 elementos Revit equivalentes.,ambiguo_falso_por_contenedor_duplicado,PP-LCT-LGC-LECITINA,184857;367233;367512,,,distributed,distribucion_round_robin_en_preparar_aplicar,PP,PP-LCT-LGC-LECITINA,PP_LCT_VOTATOR,,,,,,,,,,,,,,,,,,,,,,,,,,,,,,,,,,,,,,,,,,,,,,,,,,,,,,,,,,,,,,,,,,,,,,,,,,,,,
contenedor_logico_duplicado_distributed,contenedor_por_ancestro_project,PP-LCT-BMB-BE08,BOMBA RECIRCULACION TK04 | Grupo: PP-BMB RECIRC LCT,481,5,481,PP-LCT-TNQ-TK04,PP-LCT-TNQ-TK04,PP-LCT-LGC-LECITINA > PP-LCT-LGC-ESTANDARIZADO > PP-LCT-TNQ-TK04,PP > PP-LCT-LGC-LECITINA > PP-LCT-LGC-ESTANDARIZADO > PP-LCT-TNQ-TK04,PP > PP-LCT-LGC-LECITINA > PP-LCT-LGC-ESTANDARIZADO > PP-LCT-TNQ-TK04 > PP-LCT-BMB-BE08,184857,e873c32e-5e0c-4f36-b2a7-48d4917bce06-0002d219,Roofs,,Genérico - 400 mm,Genérico - 400 mm,,PP > PP-LCT-LGC-LECITINA > PP_LCT_VOTATOR,contenedor_scoring,184857,e873c32e-5e0c-4f36-b2a7-48d4917bce06-0002d219,PP > PP-LCT-LGC-LECITINA > PP_LCT_VOTATOR,3,77,NO,200,200,0,cluster_logico_mismo_sector,184857:200:PP > PP-LCT-LGC-LECITINA > PP_LCT_VOTATOR || 367233:200:PP > PP-LCT-LGC-LECITINA > PP_LCT_ESTANDARIZADO || 367512:200:PP > PP-LCT-LGC-LECITINA > PP_LCT_EVAPORADORES,PP-LCT-LGC-LECITINA,Cluster lógico: ancestro PP-LCT-LGC-LECITINA en 3 elementos Revit equivalentes.,ambiguo_falso_por_contenedor_duplicado,PP-LCT-LGC-LECITINA,184857;367233;367512,,,distributed,distribucion_round_robin_en_preparar_aplicar,PP,PP-LCT-LGC-LECITINA,PP_LCT_VOTATOR,,,,,,,,,,,,,,,,,,,,,,,,,,,,,,,,,,,,,,,,,,,,,,,,,,,,,,,,,,,,,,,,,,,,,,,,,,,,,
contenedor_logico_duplicado_distributed,contenedor_por_ancestro_project,PP-LCT-TNQ-TK05,TANQUE LECITINA 5 | Grupo: PP-TK STANDARIZADO,482,4,482,PP-LCT-LGC-ESTANDARIZADO,PP-LCT-LGC-ESTANDARIZADO,PP-LCT-LGC-LECITINA > PP-LCT-LGC-ESTANDARIZADO,PP > PP-LCT-LGC-LECITINA > PP-LCT-LGC-ESTANDARIZADO,PP > PP-LCT-LGC-LECITINA > PP-LCT-LGC-ESTANDARIZADO > PP-LCT-TNQ-TK05,184857,e873c32e-5e0c-4f36-b2a7-48d4917bce06-0002d219,Roofs,,Genérico - 400 mm,Genérico - 400 mm,,PP > PP-LCT-LGC-LECITINA > PP_LCT_VOTATOR,contenedor_scoring,184857,e873c32e-5e0c-4f36-b2a7-48d4917bce06-0002d219,PP > PP-LCT-LGC-LECITINA > PP_LCT_VOTATOR,3,77,NO,200,200,0,cluster_logico_mismo_sector,184857:200:PP > PP-LCT-LGC-LECITINA > PP_LCT_VOTATOR || 367233:200:PP > PP-LCT-LGC-LECITINA > PP_LCT_ESTANDARIZADO || 367512:200:PP > PP-LCT-LGC-LECITINA > PP_LCT_EVAPORADORES,PP-LCT-LGC-LECITINA,Cluster lógico: ancestro PP-LCT-LGC-LECITINA en 3 elementos Revit equivalentes.,ambiguo_falso_por_contenedor_duplicado,PP-LCT-LGC-LECITINA,184857;367233;367512,,,distributed,distribucion_round_robin_en_preparar_aplicar,PP,PP-LCT-LGC-LECITINA,PP_LCT_VOTATOR,,,,,,,,,,,,,,,,,,,,,,,,,,,,,,,,,,,,,,,,,,,,,,,,,,,,,,,,,,,,,,,,,,,,,,,,,,,,,
contenedor_logico_duplicado_distributed,contenedor_por_ancestro_project,PP-LCT-AGT-RTK05,AGITADOR TK STOCK ESTANDARIZADO LECITINA TK05 | Grupo: PP-AGT TANTES ESTAND,483,5,483,PP-LCT-TNQ-TK05,PP-LCT-TNQ-TK05,PP-LCT-LGC-LECITINA > PP-LCT-LGC-ESTANDARIZADO > PP-LCT-TNQ-TK05,PP > PP-LCT-LGC-LECITINA > PP-LCT-LGC-ESTANDARIZADO > PP-LCT-TNQ-TK05,PP > PP-LCT-LGC-LECITINA > PP-LCT-LGC-ESTANDARIZADO > PP-LCT-TNQ-TK05 > PP-LCT-AGT-RTK05,184857,e873c32e-5e0c-4f36-b2a7-48d4917bce06-0002d219,Roofs,,Genérico - 400 mm,Genérico - 400 mm,,PP > PP-LCT-LGC-LECITINA > PP_LCT_VOTATOR,contenedor_scoring,184857,e873c32e-5e0c-4f36-b2a7-48d4917bce06-0002d219,PP > PP-LCT-LGC-LECITINA > PP_LCT_VOTATOR,3,77,NO,200,200,0,cluster_logico_mismo_sector,184857:200:PP > PP-LCT-LGC-LECITINA > PP_LCT_VOTATOR || 367233:200:PP > PP-LCT-LGC-LECITINA > PP_LCT_ESTANDARIZADO || 367512:200:PP > PP-LCT-LGC-LECITINA > PP_LCT_EVAPORADORES,PP-LCT-LGC-LECITINA,Cluster lógico: ancestro PP-LCT-LGC-LECITINA en 3 elementos Revit equivalentes.,ambiguo_falso_por_contenedor_duplicado,PP-LCT-LGC-LECITINA,184857;367233;367512,,,distributed,distribucion_round_robin_en_preparar_aplicar,PP,PP-LCT-LGC-LECITINA,PP_LCT_VOTATOR,,,,,,,,,,,,,,,,,,,,,,,,,,,,,,,,,,,,,,,,,,,,,,,,,,,,,,,,,,,,,,,,,,,,,,,,,,,,,
contenedor_logico_duplicado_distributed,contenedor_por_ancestro_project,PP-LCT-BMB-BE17,BOMBA RECIRCULACION TK05 | Grupo: PP-BMB RECIRC LCT,484,5,484,PP-LCT-TNQ-TK05,PP-LCT-TNQ-TK05,PP-LCT-LGC-LECITINA > PP-LCT-LGC-ESTANDARIZADO > PP-LCT-TNQ-TK05,PP > PP-LCT-LGC-LECITINA > PP-LCT-LGC-ESTANDARIZADO > PP-LCT-TNQ-TK05,PP > PP-LCT-LGC-LECITINA > PP-LCT-LGC-ESTANDARIZADO > PP-LCT-TNQ-TK05 > PP-LCT-BMB-BE17,184857,e873c32e-5e0c-4f36-b2a7-48d4917bce06-0002d219,Roofs,,Genérico - 400 mm,Genérico - 400 mm,,PP > PP-LCT-LGC-LECITINA > PP_LCT_VOTATOR,contenedor_scoring,184857,e873c32e-5e0c-4f36-b2a7-48d4917bce06-0002d219,PP > PP-LCT-LGC-LECITINA > PP_LCT_VOTATOR,3,77,NO,200,200,0,cluster_logico_mismo_sector,184857:200:PP > PP-LCT-LGC-LECITINA > PP_LCT_VOTATOR || 367233:200:PP > PP-LCT-LGC-LECITINA > PP_LCT_ESTANDARIZADO || 367512:200:PP > PP-LCT-LGC-LECITINA > PP_LCT_EVAPORADORES,PP-LCT-LGC-LECITINA,Cluster lógico: ancestro PP-LCT-LGC-LECITINA en 3 elementos Revit equivalentes.,ambiguo_falso_por_contenedor_duplicado,PP-LCT-LGC-LECITINA,184857;367233;367512,,,distributed,distribucion_round_robin_en_preparar_aplicar,PP,PP-LCT-LGC-LECITINA,PP_LCT_VOTATOR,,,,,,,,,,,,,,,,,,,,,,,,,,,,,,,,,,,,,,,,,,,,,,,,,,,,,,,,,,,,,,,,,,,,,,,,,,,,,
contenedor_logico_duplicado_distributed,contenedor_por_ancestro_project,PP-LCT-TNQ-TK10,TANQUE LECITINA 10 | Grupo: PP-TK STANDARIZADO,485,4,485,PP-LCT-LGC-ESTANDARIZADO,PP-LCT-LGC-ESTANDARIZADO,PP-LCT-LGC-LECITINA > PP-LCT-LGC-ESTANDARIZADO,PP > PP-LCT-LGC-LECITINA > PP-LCT-LGC-ESTANDARIZADO,PP > PP-LCT-LGC-LECITINA > PP-LCT-LGC-ESTANDARIZADO > PP-LCT-TNQ-TK10,184857,e873c32e-5e0c-4f36-b2a7-48d4917bce06-0002d219,Roofs,,Genérico - 400 mm,Genérico - 400 mm,,PP > PP-LCT-LGC-LECITINA > PP_LCT_VOTATOR,contenedor_scoring,184857,e873c32e-5e0c-4f36-b2a7-48d4917bce06-0002d219,PP > PP-LCT-LGC-LECITINA > PP_LCT_VOTATOR,3,77,NO,200,200,0,cluster_logico_mismo_sector,184857:200:PP > PP-LCT-LGC-LECITINA > PP_LCT_VOTATOR || 367233:200:PP > PP-LCT-LGC-LECITINA > PP_LCT_ESTANDARIZADO || 367512:200:PP > PP-LCT-LGC-LECITINA > PP_LCT_EVAPORADORES,PP-LCT-LGC-LECITINA,Cluster lógico: ancestro PP-LCT-LGC-LECITINA en 3 elementos Revit equivalentes.,ambiguo_falso_por_contenedor_duplicado,PP-LCT-LGC-LECITINA,184857;367233;367512,,,distributed,distribucion_round_robin_en_preparar_aplicar,PP,PP-LCT-LGC-LECITINA,PP_LCT_VOTATOR,,,,,,,,,,,,,,,,,,,,,,,,,,,,,,,,,,,,,,,,,,,,,,,,,,,,,,,,,,,,,,,,,,,,,,,,,,,,,
contenedor_logico_duplicado_distributed,contenedor_por_ancestro_project,PP-LCT-BMB-BA05,BOMBA CONDENSADO TK10 | Grupo: PP-BMB COND TK10 Y TK11,486,5,486,PP-LCT-TNQ-TK10,PP-LCT-TNQ-TK10,PP-LCT-LGC-LECITINA > PP-LCT-LGC-ESTANDARIZADO > PP-LCT-TNQ-TK10,PP > PP-LCT-LGC-LECITINA > PP-LCT-LGC-ESTANDARIZADO > PP-LCT-TNQ-TK10,PP > PP-LCT-LGC-LECITINA > PP-LCT-LGC-ESTANDARIZADO > PP-LCT-TNQ-TK10 > PP-LCT-BMB-BA05,184857,e873c32e-5e0c-4f36-b2a7-48d4917bce06-0002d219,Roofs,,Genérico - 400 mm,Genérico - 400 mm,,PP > PP-LCT-LGC-LECITINA > PP_LCT_VOTATOR,contenedor_scoring,184857,e873c32e-5e0c-4f36-b2a7-48d4917bce06-0002d219,PP > PP-LCT-LGC-LECITINA > PP_LCT_VOTATOR,3,77,NO,200,200,0,cluster_logico_mismo_sector,184857:200:PP > PP-LCT-LGC-LECITINA > PP_LCT_VOTATOR || 367233:200:PP > PP-LCT-LGC-LECITINA > PP_LCT_ESTANDARIZADO || 367512:200:PP > PP-LCT-LGC-LECITINA > PP_LCT_EVAPORADORES,PP-LCT-LGC-LECITINA,Cluster lógico: ancestro PP-LCT-LGC-LECITINA en 3 elementos Revit equivalentes.,ambiguo_falso_por_contenedor_duplicado,PP-LCT-LGC-LECITINA,184857;367233;367512,,,distributed,distribucion_round_robin_en_preparar_aplicar,PP,PP-LCT-LGC-LECITINA,PP_LCT_VOTATOR,,,,,,,,,,,,,,,,,,,,,,,,,,,,,,,,,,,,,,,,,,,,,,,,,,,,,,,,,,,,,,,,,,,,,,,,,,,,,
contenedor_logico_duplicado_distributed,contenedor_por_ancestro_project,PP-LCT-BMB-BE25,BOMBA RECIRCULACION TK06 | Grupo: PP-BMB RECIRC LCT,487,5,487,PP-LCT-TNQ-TK10,PP-LCT-TNQ-TK10,PP-LCT-LGC-LECITINA > PP-LCT-LGC-ESTANDARIZADO > PP-LCT-TNQ-TK10,PP > PP-LCT-LGC-LECITINA > PP-LCT-LGC-ESTANDARIZADO > PP-LCT-TNQ-TK10,PP > PP-LCT-LGC-LECITINA > PP-LCT-LGC-ESTANDARIZADO > PP-LCT-TNQ-TK10 > PP-LCT-BMB-BE25,184857,e873c32e-5e0c-4f36-b2a7-48d4917bce06-0002d219,Roofs,,Genérico - 400 mm,Genérico - 400 mm,,PP > PP-LCT-LGC-LECITINA > PP_LCT_VOTATOR,contenedor_scoring,184857,e873c32e-5e0c-4f36-b2a7-48d4917bce06-0002d219,PP > PP-LCT-LGC-LECITINA > PP_LCT_VOTATOR,3,77,NO,200,200,0,cluster_logico_mismo_sector,184857:200:PP > PP-LCT-LGC-LECITINA > PP_LCT_VOTATOR || 367233:200:PP > PP-LCT-LGC-LECITINA > PP_LCT_ESTANDARIZADO || 367512:200:PP > PP-LCT-LGC-LECITINA > PP_LCT_EVAPORADORES,PP-LCT-LGC-LECITINA,Cluster lógico: ancestro PP-LCT-LGC-LECITINA en 3 elementos Revit equivalentes.,ambiguo_falso_por_contenedor_duplicado,PP-LCT-LGC-LECITINA,184857;367233;367512,,,distributed,distribucion_round_robin_en_preparar_aplicar,PP,PP-LCT-LGC-LECITINA,PP_LCT_VOTATOR,,,,,,,,,,,,,,,,,,,,,,,,,,,,,,,,,,,,,,,,,,,,,,,,,,,,,,,,,,,,,,,,,,,,,,,,,,,,,
contenedor_logico_duplicado_distributed,contenedor_por_ancestro_project,PP-LCT-TNQ-TK11,TANQUE LECITINA 11 | Grupo: PP-TK STANDARIZADO,488,4,488,PP-LCT-LGC-ESTANDARIZADO,PP-LCT-LGC-ESTANDARIZADO,PP-LCT-LGC-LECITINA > PP-LCT-LGC-ESTANDARIZADO,PP > PP-LCT-LGC-LECITINA > PP-LCT-LGC-ESTANDARIZADO,PP > PP-LCT-LGC-LECITINA > PP-LCT-LGC-ESTANDARIZADO > PP-LCT-TNQ-TK11,184857,e873c32e-5e0c-4f36-b2a7-48d4917bce06-0002d219,Roofs,,Genérico - 400 mm,Genérico - 400 mm,,PP > PP-LCT-LGC-LECITINA > PP_LCT_VOTATOR,contenedor_scoring,184857,e873c32e-5e0c-4f36-b2a7-48d4917bce06-0002d219,PP > PP-LCT-LGC-LECITINA > PP_LCT_VOTATOR,3,77,NO,200,200,0,cluster_logico_mismo_sector,184857:200:PP > PP-LCT-LGC-LECITINA > PP_LCT_VOTATOR || 367233:200:PP > PP-LCT-LGC-LECITINA > PP_LCT_ESTANDARIZADO || 367512:200:PP > PP-LCT-LGC-LECITINA > PP_LCT_EVAPORADORES,PP-LCT-LGC-LECITINA,Cluster lógico: ancestro PP-LCT-LGC-LECITINA en 3 elementos Revit equivalentes.,ambiguo_falso_por_contenedor_duplicado,PP-LCT-LGC-LECITINA,184857;367233;367512,,,distributed,distribucion_round_robin_en_preparar_aplicar,PP,PP-LCT-LGC-LECITINA,PP_LCT_VOTATOR,,,,,,,,,,,,,,,,,,,,,,,,,,,,,,,,,,,,,,,,,,,,,,,,,,,,,,,,,,,,,,,,,,,,,,,,,,,,,
contenedor_logico_duplicado_distributed,contenedor_por_ancestro_project,PP-LCT-BMB-BA04,BOMBA CONDENSADO TK11 | Grupo: PP-BMB COND TK10 Y TK11,489,5,489,PP-LCT-TNQ-TK11,PP-LCT-TNQ-TK11,PP-LCT-LGC-LECITINA > PP-LCT-LGC-ESTANDARIZADO > PP-LCT-TNQ-TK11,PP > PP-LCT-LGC-LECITINA > PP-LCT-LGC-ESTANDARIZADO > PP-LCT-TNQ-TK11,PP > PP-LCT-LGC-LECITINA > PP-LCT-LGC-ESTANDARIZADO > PP-LCT-TNQ-TK11 > PP-LCT-BMB-BA04,184857,e873c32e-5e0c-4f36-b2a7-48d4917bce06-0002d219,Roofs,,Genérico - 400 mm,Genérico - 400 mm,,PP > PP-LCT-LGC-LECITINA > PP_LCT_VOTATOR,contenedor_scoring,184857,e873c32e-5e0c-4f36-b2a7-48d4917bce06-0002d219,PP > PP-LCT-LGC-LECITINA > PP_LCT_VOTATOR,3,77,NO,200,200,0,cluster_logico_mismo_sector,184857:200:PP > PP-LCT-LGC-LECITINA > PP_LCT_VOTATOR || 367233:200:PP > PP-LCT-LGC-LECITINA > PP_LCT_ESTANDARIZADO || 367512:200:PP > PP-LCT-LGC-LECITINA > PP_LCT_EVAPORADORES,PP-LCT-LGC-LECITINA,Cluster lógico: ancestro PP-LCT-LGC-LECITINA en 3 elementos Revit equivalentes.,ambiguo_falso_por_contenedor_duplicado,PP-LCT-LGC-LECITINA,184857;367233;367512,,,distributed,distribucion_round_robin_en_preparar_aplicar,PP,PP-LCT-LGC-LECITINA,PP_LCT_VOTATOR,,,,,,,,,,,,,,,,,,,,,,,,,,,,,,,,,,,,,,,,,,,,,,,,,,,,,,,,,,,,,,,,,,,,,,,,,,,,,
contenedor_logico_duplicado_distributed,contenedor_por_ancestro_project,PP-LCT-BMB-BE26,BOMBA RECIRCULACION TK11 | Grupo: PP-BMB RECIRC LCT,490,5,490,PP-LCT-TNQ-TK11,PP-LCT-TNQ-TK11,PP-LCT-LGC-LECITINA > PP-LCT-LGC-ESTANDARIZADO > PP-LCT-TNQ-TK11,PP > PP-LCT-LGC-LECITINA > PP-LCT-LGC-ESTANDARIZADO > PP-LCT-TNQ-TK11,PP > PP-LCT-LGC-LECITINA > PP-LCT-LGC-ESTANDARIZADO > PP-LCT-TNQ-TK11 > PP-LCT-BMB-BE26,184857,e873c32e-5e0c-4f36-b2a7-48d4917bce06-0002d219,Roofs,,Genérico - 400 mm,Genérico - 400 mm,,PP > PP-LCT-LGC-LECITINA > PP_LCT_VOTATOR,contenedor_scoring,184857,e873c32e-5e0c-4f36-b2a7-48d4917bce06-0002d219,PP > PP-LCT-LGC-LECITINA > PP_LCT_VOTATOR,3,77,NO,200,200,0,cluster_logico_mismo_sector,184857:200:PP > PP-LCT-LGC-LECITINA > PP_LCT_VOTATOR || 367233:200:PP > PP-LCT-LGC-LECITINA > PP_LCT_ESTANDARIZADO || 367512:200:PP > PP-LCT-LGC-LECITINA > PP_LCT_EVAPORADORES,PP-LCT-LGC-LECITINA,Cluster lógico: ancestro PP-LCT-LGC-LECITINA en 3 elementos Revit equivalentes.,ambiguo_falso_por_contenedor_duplicado,PP-LCT-LGC-LECITINA,184857;367233;367512,,,distributed,distribucion_round_robin_en_preparar_aplicar,PP,PP-LCT-LGC-LECITINA,PP_LCT_VOTATOR,,,,,,,,,,,,,,,,,,,,,,,,,,,,,,,,,,,,,,,,,,,,,,,,,,,,,,,,,,,,,,,,,,,,,,,,,,,,,
contenedor_logico_duplicado_distributed,contenedor_por_ancestro_project,PP-LCT-LGC-EVAPORADORES,SECTOR EVAPORADORES DE LECITINA | Grupo: PP-SECTOR EVP LECITINA,491,3,491,PP-LCT-LGC-LECITINA,PP-LCT-LGC-LECITINA,PP-LCT-LGC-LECITINA,PP > PP-LCT-LGC-LECITINA,PP > PP-LCT-LGC-LECITINA > PP-LCT-LGC-EVAPORADORES,184857,e873c32e-5e0c-4f36-b2a7-48d4917bce06-0002d219,Roofs,,Genérico - 400 mm,Genérico - 400 mm,,PP > PP-LCT-LGC-LECITINA > PP_LCT_VOTATOR,contenedor_scoring,184857,e873c32e-5e0c-4f36-b2a7-48d4917bce06-0002d219,PP > PP-LCT-LGC-LECITINA > PP_LCT_VOTATOR,3,77,NO,200,200,0,cluster_logico_mismo_sector,184857:200:PP > PP-LCT-LGC-LECITINA > PP_LCT_VOTATOR || 367233:200:PP > PP-LCT-LGC-LECITINA > PP_LCT_ESTANDARIZADO || 367512:200:PP > PP-LCT-LGC-LECITINA > PP_LCT_EVAPORADORES,PP-LCT-LGC-LECITINA,Cluster lógico: ancestro PP-LCT-LGC-LECITINA en 3 elementos Revit equivalentes.,ambiguo_falso_por_contenedor_duplicado,PP-LCT-LGC-LECITINA,184857;367233;367512,,,distributed,distribucion_round_robin_en_preparar_aplicar,PP,PP-LCT-LGC-LECITINA,PP_LCT_VOTATOR,,,,,,,,,,,,,,,,,,,,,,,,,,,,,,,,,,,,,,,,,,,,,,,,,,,,,,,,,,,,,,,,,,,,,,,,,,,,,
contenedor_logico_duplicado_distributed,contenedor_por_ancestro_project,PP-LCT-BMB-BE11,BOMBA BE11 DE COLECTOR A DEPOSITO O R23 | Grupo: PP-BMB ENGR BE11,492,4,492,PP-LCT-LGC-EVAPORADORES,PP-LCT-LGC-EVAPORADORES,PP-LCT-LGC-LECITINA > PP-LCT-LGC-EVAPORADORES,PP > PP-LCT-LGC-LECITINA > PP-LCT-LGC-EVAPORADORES,PP > PP-LCT-LGC-LECITINA > PP-LCT-LGC-EVAPORADORES > PP-LCT-BMB-BE11,184857,e873c32e-5e0c-4f36-b2a7-48d4917bce06-0002d219,Roofs,,Genérico - 400 mm,Genérico - 400 mm,,PP > PP-LCT-LGC-LECITINA > PP_LCT_VOTATOR,contenedor_scoring,184857,e873c32e-5e0c-4f36-b2a7-48d4917bce06-0002d219,PP > PP-LCT-LGC-LECITINA > PP_LCT_VOTATOR,3,77,NO,200,200,0,cluster_logico_mismo_sector,184857:200:PP > PP-LCT-LGC-LECITINA > PP_LCT_VOTATOR || 367233:200:PP > PP-LCT-LGC-LECITINA > PP_LCT_ESTANDARIZADO || 367512:200:PP > PP-LCT-LGC-LECITINA > PP_LCT_EVAPORADORES,PP-LCT-LGC-LECITINA,Cluster lógico: ancestro PP-LCT-LGC-LECITINA en 3 elementos Revit equivalentes.,ambiguo_falso_por_contenedor_duplicado,PP-LCT-LGC-LECITINA,184857;367233;367512,,,distributed,distribucion_round_robin_en_preparar_aplicar,PP,PP-LCT-LGC-LECITINA,PP_LCT_VOTATOR,,,,,,,,,,,,,,,,,,,,,,,,,,,,,,,,,,,,,,,,,,,,,,,,,,,,,,,,,,,,,,,,,,,,,,,,,,,,,
contenedor_logico_duplicado_distributed,contenedor_por_ancestro_project,PP-LCT-BMB-BE40,BOMBA BE40 DE COLECTOR A DEPOSITO O R23 | Grupo: PP-BMB ENGR BE40,493,4,493,PP-LCT-LGC-EVAPORADORES,PP-LCT-LGC-EVAPORADORES,PP-LCT-LGC-LECITINA > PP-LCT-LGC-EVAPORADORES,PP > PP-LCT-LGC-LECITINA > PP-LCT-LGC-EVAPORADORES,PP > PP-LCT-LGC-LECITINA > PP-LCT-LGC-EVAPORADORES > PP-LCT-BMB-BE40,184857,e873c32e-5e0c-4f36-b2a7-48d4917bce06-0002d219,Roofs,,Genérico - 400 mm,Genérico - 400 mm,,PP > PP-LCT-LGC-LECITINA > PP_LCT_VOTATOR,contenedor_scoring,184857,e873c32e-5e0c-4f36-b2a7-48d4917bce06-0002d219,PP > PP-LCT-LGC-LECITINA > PP_LCT_VOTATOR,3,77,NO,200,200,0,cluster_logico_mismo_sector,184857:200:PP > PP-LCT-LGC-LECITINA > PP_LCT_VOTATOR || 367233:200:PP > PP-LCT-LGC-LECITINA > PP_LCT_ESTANDARIZADO || 367512:200:PP > PP-LCT-LGC-LECITINA > PP_LCT_EVAPORADORES,PP-LCT-LGC-LECITINA,Cluster lógico: ancestro PP-LCT-LGC-LECITINA en 3 elementos Revit equivalentes.,ambiguo_falso_por_contenedor_duplicado,PP-LCT-LGC-LECITINA,184857;367233;367512,,,distributed,distribucion_round_robin_en_preparar_aplicar,PP,PP-LCT-LGC-LECITINA,PP_LCT_VOTATOR,,,,,,,,,,,,,,,,,,,,,,,,,,,,,,,,,,,,,,,,,,,,,,,,,,,,,,,,,,,,,,,,,,,,,,,,,,,,,
contenedor_logico_duplicado_distributed,contenedor_por_ancestro_project,PP-LCT-BMB-BE45,BOMBA BE45 DE COLECTOR A DEPOSITO O R23 | Grupo: PP-BMB ENGR BE45,494,4,494,PP-LCT-LGC-EVAPORADORES,PP-LCT-LGC-EVAPORADORES,PP-LCT-LGC-LECITINA > PP-LCT-LGC-EVAPORADORES,PP > PP-LCT-LGC-LECITINA > PP-LCT-LGC-EVAPORADORES,PP > PP-LCT-LGC-LECITINA > PP-LCT-LGC-EVAPORADORES > PP-LCT-BMB-BE45,184857,e873c32e-5e0c-4f36-b2a7-48d4917bce06-0002d219,Roofs,,Genérico - 400 mm,Genérico - 400 mm,,PP > PP-LCT-LGC-LECITINA > PP_LCT_VOTATOR,contenedor_scoring,184857,e873c32e-5e0c-4f36-b2a7-48d4917bce06-0002d219,PP > PP-LCT-LGC-LECITINA > PP_LCT_VOTATOR,3,77,NO,200,200,0,cluster_logico_mismo_sector,184857:200:PP > PP-LCT-LGC-LECITINA > PP_LCT_VOTATOR || 367233:200:PP > PP-LCT-LGC-LECITINA > PP_LCT_ESTANDARIZADO || 367512:200:PP > PP-LCT-LGC-LECITINA > PP_LCT_EVAPORADORES,PP-LCT-LGC-LECITINA,Cluster lógico: ancestro PP-LCT-LGC-LECITINA en 3 elementos Revit equivalentes.,ambiguo_falso_por_contenedor_duplicado,PP-LCT-LGC-LECITINA,184857;367233;367512,,,distributed,distribucion_round_robin_en_preparar_aplicar,PP,PP-LCT-LGC-LECITINA,PP_LCT_VOTATOR,,,,,,,,,,,,,,,,,,,,,,,,,,,,,,,,,,,,,,,,,,,,,,,,,,,,,,,,,,,,,,,,,,,,,,,,,,,,,
contenedor_logico_duplicado_distributed,contenedor_por_ancestro_project,PP-LCT-BMB-P483,BOMBA TK CONDENSADO EVAPORADORES | Grupo: PP-BMB ENGR P483,495,4,495,PP-LCT-LGC-EVAPORADORES,PP-LCT-LGC-EVAPORADORES,PP-LCT-LGC-LECITINA > PP-LCT-LGC-EVAPORADORES,PP > PP-LCT-LGC-LECITINA > PP-LCT-LGC-EVAPORADORES,PP > PP-LCT-LGC-LECITINA > PP-LCT-LGC-EVAPORADORES > PP-LCT-BMB-P483,184857,e873c32e-5e0c-4f36-b2a7-48d4917bce06-0002d219,Roofs,,Genérico - 400 mm,Genérico - 400 mm,,PP > PP-LCT-LGC-LECITINA > PP_LCT_VOTATOR,contenedor_scoring,184857,e873c32e-5e0c-4f36-b2a7-48d4917bce06-0002d219,PP > PP-LCT-LGC-LECITINA > PP_LCT_VOTATOR,3,77,NO,200,200,0,cluster_logico_mismo_sector,184857:200:PP > PP-LCT-LGC-LECITINA > PP_LCT_VOTATOR || 367233:200:PP > PP-LCT-LGC-LECITINA > PP_LCT_ESTANDARIZADO || 367512:200:PP > PP-LCT-LGC-LECITINA > PP_LCT_EVAPORADORES,PP-LCT-LGC-LECITINA,Cluster lógico: ancestro PP-LCT-LGC-LECITINA en 3 elementos Revit equivalentes.,ambiguo_falso_por_contenedor_duplicado,PP-LCT-LGC-LECITINA,184857;367233;367512,,,distributed,distribucion_round_robin_en_preparar_aplicar,PP,PP-LCT-LGC-LECITINA,PP_LCT_VOTATOR,,,,,,,,,,,,,,,,,,,,,,,,,,,,,,,,,,,,,,,,,,,,,,,,,,,,,,,,,,,,,,,,,,,,,,,,,,,,,
contenedor_logico_duplicado_distributed,contenedor_por_ancestro_project,PP-LCT-EVP-EV02,EVAPORADOR LECITINA EV02  MOD. EPDA 500 6TO DE NORTE A SUR | Grupo: PP-EVP EVAP LCT EPDA 500,496,4,496,PP-LCT-LGC-EVAPORADORES,PP-LCT-LGC-EVAPORADORES,PP-LCT-LGC-LECITINA > PP-LCT-LGC-EVAPORADORES,PP > PP-LCT-LGC-LECITINA > PP-LCT-LGC-EVAPORADORES,PP > PP-LCT-LGC-LECITINA > PP-LCT-LGC-EVAPORADORES > PP-LCT-EVP-EV02,184857,e873c32e-5e0c-4f36-b2a7-48d4917bce06-0002d219,Roofs,,Genérico - 400 mm,Genérico - 400 mm,,PP > PP-LCT-LGC-LECITINA > PP_LCT_VOTATOR,contenedor_scoring,184857,e873c32e-5e0c-4f36-b2a7-48d4917bce06-0002d219,PP > PP-LCT-LGC-LECITINA > PP_LCT_VOTATOR,3,77,NO,200,200,0,cluster_logico_mismo_sector,184857:200:PP > PP-LCT-LGC-LECITINA > PP_LCT_VOTATOR || 367233:200:PP > PP-LCT-LGC-LECITINA > PP_LCT_ESTANDARIZADO || 367512:200:PP > PP-LCT-LGC-LECITINA > PP_LCT_EVAPORADORES,PP-LCT-LGC-LECITINA,Cluster lógico: ancestro PP-LCT-LGC-LECITINA en 3 elementos Revit equivalentes.,ambiguo_falso_por_contenedor_duplicado,PP-LCT-LGC-LECITINA,184857;367233;367512,,,distributed,distribucion_round_robin_en_preparar_aplicar,PP,PP-LCT-LGC-LECITINA,PP_LCT_VOTATOR,,,,,,,,,,,,,,,,,,,,,,,,,,,,,,,,,,,,,,,,,,,,,,,,,,,,,,,,,,,,,,,,,,,,,,,,,,,,,
contenedor_logico_duplicado_distributed,contenedor_por_ancestro_project,PP-LCT-BMB-BE02,BOMBA BE02 SACA DE 2DO EVAP A TK COLCETOR | Grupo: PP-BMB ENGR BE02,497,5,497,PP-LCT-EVP-EV02,PP-LCT-EVP-EV02,PP-LCT-LGC-LECITINA > PP-LCT-LGC-EVAPORADORES > PP-LCT-EVP-EV02,PP > PP-LCT-LGC-LECITINA > PP-LCT-LGC-EVAPORADORES > PP-LCT-EVP-EV02,PP > PP-LCT-LGC-LECITINA > PP-LCT-LGC-EVAPORADORES > PP-LCT-EVP-EV02 > PP-LCT-BMB-BE02,184857,e873c32e-5e0c-4f36-b2a7-48d4917bce06-0002d219,Roofs,,Genérico - 400 mm,Genérico - 400 mm,,PP > PP-LCT-LGC-LECITINA > PP_LCT_VOTATOR,contenedor_scoring,184857,e873c32e-5e0c-4f36-b2a7-48d4917bce06-0002d219,PP > PP-LCT-LGC-LECITINA > PP_LCT_VOTATOR,3,77,NO,200,200,0,cluster_logico_mismo_sector,184857:200:PP > PP-LCT-LGC-LECITINA > PP_LCT_VOTATOR || 367233:200:PP > PP-LCT-LGC-LECITINA > PP_LCT_ESTANDARIZADO || 367512:200:PP > PP-LCT-LGC-LECITINA > PP_LCT_EVAPORADORES,PP-LCT-LGC-LECITINA,Cluster lógico: ancestro PP-LCT-LGC-LECITINA en 3 elementos Revit equivalentes.,ambiguo_falso_por_contenedor_duplicado,PP-LCT-LGC-LECITINA,184857;367233;367512,,,distributed,distribucion_round_robin_en_preparar_aplicar,PP,PP-LCT-LGC-LECITINA,PP_LCT_VOTATOR,,,,,,,,,,,,,,,,,,,,,,,,,,,,,,,,,,,,,,,,,,,,,,,,,,,,,,,,,,,,,,,,,,,,,,,,,,,,,
contenedor_logico_duplicado_distributed,contenedor_por_ancestro_project,PP-LCT-BMB-BE04,BOMBA BE04 CARGA EV02 | Grupo: PP-BMB ENGR BE04,498,5,498,PP-LCT-EVP-EV02,PP-LCT-EVP-EV02,PP-LCT-LGC-LECITINA > PP-LCT-LGC-EVAPORADORES > PP-LCT-EVP-EV02,PP > PP-LCT-LGC-LECITINA > PP-LCT-LGC-EVAPORADORES > PP-LCT-EVP-EV02,PP > PP-LCT-LGC-LECITINA > PP-LCT-LGC-EVAPORADORES > PP-LCT-EVP-EV02 > PP-LCT-BMB-BE04,184857,e873c32e-5e0c-4f36-b2a7-48d4917bce06-0002d219,Roofs,,Genérico - 400 mm,Genérico - 400 mm,,PP > PP-LCT-LGC-LECITINA > PP_LCT_VOTATOR,contenedor_scoring,184857,e873c32e-5e0c-4f36-b2a7-48d4917bce06-0002d219,PP > PP-LCT-LGC-LECITINA > PP_LCT_VOTATOR,3,77,NO,200,200,0,cluster_logico_mismo_sector,184857:200:PP > PP-LCT-LGC-LECITINA > PP_LCT_VOTATOR || 367233:200:PP > PP-LCT-LGC-LECITINA > PP_LCT_ESTANDARIZADO || 367512:200:PP > PP-LCT-LGC-LECITINA > PP_LCT_EVAPORADORES,PP-LCT-LGC-LECITINA,Cluster lógico: ancestro PP-LCT-LGC-LECITINA en 3 elementos Revit equivalentes.,ambiguo_falso_por_contenedor_duplicado,PP-LCT-LGC-LECITINA,184857;367233;367512,,,distributed,distribucion_round_robin_en_preparar_aplicar,PP,PP-LCT-LGC-LECITINA,PP_LCT_VOTATOR,,,,,,,,,,,,,,,,,,,,,,,,,,,,,,,,,,,,,,,,,,,,,,,,,,,,,,,,,,,,,,,,,,,,,,,,,,,,,
contenedor_logico_duplicado_distributed,contenedor_por_ancestro_project,PP-LCT-CLT-CL02,CALENTADOR DE EVAPORADOR 2 LECITINA | Grupo: PP-CLT EVAPORADORES,499,5,499,PP-LCT-EVP-EV02,PP-LCT-EVP-EV02,PP-LCT-LGC-LECITINA > PP-LCT-LGC-EVAPORADORES > PP-LCT-EVP-EV02,PP > PP-LCT-LGC-LECITINA > PP-LCT-LGC-EVAPORADORES > PP-LCT-EVP-EV02,PP > PP-LCT-LGC-LECITINA > PP-LCT-LGC-EVAPORADORES > PP-LCT-EVP-EV02 > PP-LCT-CLT-CL02,184857,e873c32e-5e0c-4f36-b2a7-48d4917bce06-0002d219,Roofs,,Genérico - 400 mm,Genérico - 400 mm,,PP > PP-LCT-LGC-LECITINA > PP_LCT_VOTATOR,contenedor_scoring,184857,e873c32e-5e0c-4f36-b2a7-48d4917bce06-0002d219,PP > PP-LCT-LGC-LECITINA > PP_LCT_VOTATOR,3,77,NO,200,200,0,cluster_logico_mismo_sector,184857:200:PP > PP-LCT-LGC-LECITINA > PP_LCT_VOTATOR || 367233:200:PP > PP-LCT-LGC-LECITINA > PP_LCT_ESTANDARIZADO || 367512:200:PP > PP-LCT-LGC-LECITINA > PP_LCT_EVAPORADORES,PP-LCT-LGC-LECITINA,Cluster lógico: ancestro PP-LCT-LGC-LECITINA en 3 elementos Revit equivalentes.,ambiguo_falso_por_contenedor_duplicado,PP-LCT-LGC-LECITINA,184857;367233;367512,,,distributed,distribucion_round_robin_en_preparar_aplicar,PP,PP-LCT-LGC-LECITINA,PP_LCT_VOTATOR,,,,,,,,,,,,,,,,,,,,,,,,,,,,,,,,,,,,,,,,,,,,,,,,,,,,,,,,,,,,,,,,,,,,,,,,,,,,,
contenedor_logico_duplicado_distributed,contenedor_por_ancestro_project,PP-LCT-EVP-EV03,EVAPORADOR LECITINA EV03 MOD. EPDA 500 8VO DE NORTE A SUR | Grupo: PP-EVP EVAP LCT EPDA 500,500,4,500,PP-LCT-LGC-EVAPORADORES,PP-LCT-LGC-EVAPORADORES,PP-LCT-LGC-LECITINA > PP-LCT-LGC-EVAPORADORES,PP > PP-LCT-LGC-LECITINA > PP-LCT-LGC-EVAPORADORES,PP > PP-LCT-LGC-LECITINA > PP-LCT-LGC-EVAPORADORES > PP-LCT-EVP-EV03,184857,e873c32e-5e0c-4f36-b2a7-48d4917bce06-0002d219,Roofs,,Genérico - 400 mm,Genérico - 400 mm,,PP > PP-LCT-LGC-LECITINA > PP_LCT_VOTATOR,contenedor_scoring,184857,e873c32e-5e0c-4f36-b2a7-48d4917bce06-0002d219,PP > PP-LCT-LGC-LECITINA > PP_LCT_VOTATOR,3,77,NO,200,200,0,cluster_logico_mismo_sector,184857:200:PP > PP-LCT-LGC-LECITINA > PP_LCT_VOTATOR || 367233:200:PP > PP-LCT-LGC-LECITINA > PP_LCT_ESTANDARIZADO || 367512:200:PP > PP-LCT-LGC-LECITINA > PP_LCT_EVAPORADORES,PP-LCT-LGC-LECITINA,Cluster lógico: ancestro PP-LCT-LGC-LECITINA en 3 elementos Revit equivalentes.,ambiguo_falso_por_contenedor_duplicado,PP-LCT-LGC-LECITINA,184857;367233;367512,,,distributed,distribucion_round_robin_en_preparar_aplicar,PP,PP-LCT-LGC-LECITINA,PP_LCT_VOTATOR,,,,,,,,,,,,,,,,,,,,,,,,,,,,,,,,,,,,,,,,,,,,,,,,,,,,,,,,,,,,,,,,,,,,,,,,,,,,,
contenedor_logico_duplicado_distributed,contenedor_por_ancestro_project,PP-LCT-BMB-BE12,BOMBA BE12 CARGA EV03 | Grupo: PP-BMB ENGR BE12,501,5,501,PP-LCT-EVP-EV03,PP-LCT-EVP-EV03,PP-LCT-LGC-LECITINA > PP-LCT-LGC-EVAPORADORES > PP-LCT-EVP-EV03,PP > PP-LCT-LGC-LECITINA > PP-LCT-LGC-EVAPORADORES > PP-LCT-EVP-EV03,PP > PP-LCT-LGC-LECITINA > PP-LCT-LGC-EVAPORADORES > PP-LCT-EVP-EV03 > PP-LCT-BMB-BE12,184857,e873c32e-5e0c-4f36-b2a7-48d4917bce06-0002d219,Roofs,,Genérico - 400 mm,Genérico - 400 mm,,PP > PP-LCT-LGC-LECITINA > PP_LCT_VOTATOR,contenedor_scoring,184857,e873c32e-5e0c-4f36-b2a7-48d4917bce06-0002d219,PP > PP-LCT-LGC-LECITINA > PP_LCT_VOTATOR,3,77,NO,200,200,0,cluster_logico_mismo_sector,184857:200:PP > PP-LCT-LGC-LECITINA > PP_LCT_VOTATOR || 367233:200:PP > PP-LCT-LGC-LECITINA > PP_LCT_ESTANDARIZADO || 367512:200:PP > PP-LCT-LGC-LECITINA > PP_LCT_EVAPORADORES,PP-LCT-LGC-LECITINA,Cluster lógico: ancestro PP-LCT-LGC-LECITINA en 3 elementos Revit equivalentes.,ambiguo_falso_por_contenedor_duplicado,PP-LCT-LGC-LECITINA,184857;367233;367512,,,distributed,distribucion_round_robin_en_preparar_aplicar,PP,PP-LCT-LGC-LECITINA,PP_LCT_VOTATOR,,,,,,,,,,,,,,,,,,,,,,,,,,,,,,,,,,,,,,,,,,,,,,,,,,,,,,,,,,,,,,,,,,,,,,,,,,,,,
contenedor_logico_duplicado_distributed,contenedor_por_ancestro_project,PP-LCT-BMB-BE14,BOMBA BE14 SACA EV03 | Grupo: PP-BMB ENGR BE14,502,5,502,PP-LCT-EVP-EV03,PP-LCT-EVP-EV03,PP-LCT-LGC-LECITINA > PP-LCT-LGC-EVAPORADORES > PP-LCT-EVP-EV03,PP > PP-LCT-LGC-LECITINA > PP-LCT-LGC-EVAPORADORES > PP-LCT-EVP-EV03,PP > PP-LCT-LGC-LECITINA > PP-LCT-LGC-EVAPORADORES > PP-LCT-EVP-EV03 > PP-LCT-BMB-BE14,184857,e873c32e-5e0c-4f36-b2a7-48d4917bce06-0002d219,Roofs,,Genérico - 400 mm,Genérico - 400 mm,,PP > PP-LCT-LGC-LECITINA > PP_LCT_VOTATOR,contenedor_scoring,184857,e873c32e-5e0c-4f36-b2a7-48d4917bce06-0002d219,PP > PP-LCT-LGC-LECITINA > PP_LCT_VOTATOR,3,77,NO,200,200,0,cluster_logico_mismo_sector,184857:200:PP > PP-LCT-LGC-LECITINA > PP_LCT_VOTATOR || 367233:200:PP > PP-LCT-LGC-LECITINA > PP_LCT_ESTANDARIZADO || 367512:200:PP > PP-LCT-LGC-LECITINA > PP_LCT_EVAPORADORES,PP-LCT-LGC-LECITINA,Cluster lógico: ancestro PP-LCT-LGC-LECITINA en 3 elementos Revit equivalentes.,ambiguo_falso_por_contenedor_duplicado,PP-LCT-LGC-LECITINA,184857;367233;367512,,,distributed,distribucion_round_robin_en_preparar_aplicar,PP,PP-LCT-LGC-LECITINA,PP_LCT_VOTATOR,,,,,,,,,,,,,,,,,,,,,,,,,,,,,,,,,,,,,,,,,,,,,,,,,,,,,,,,,,,,,,,,,,,,,,,,,,,,,
contenedor_logico_duplicado_distributed,contenedor_por_ancestro_project,PP-LCT-CLT-CL03,CALENTADOR DE EVAPORADOR 3 LECITINA | Grupo: PP-CLT EVAPORADORES,503,5,503,PP-LCT-EVP-EV03,PP-LCT-EVP-EV03,PP-LCT-LGC-LECITINA > PP-LCT-LGC-EVAPORADORES > PP-LCT-EVP-EV03,PP > PP-LCT-LGC-LECITINA > PP-LCT-LGC-EVAPORADORES > PP-LCT-EVP-EV03,PP > PP-LCT-LGC-LECITINA > PP-LCT-LGC-EVAPORADORES > PP-LCT-EVP-EV03 > PP-LCT-CLT-CL03,184857,e873c32e-5e0c-4f36-b2a7-48d4917bce06-0002d219,Roofs,,Genérico - 400 mm,Genérico - 400 mm,,PP > PP-LCT-LGC-LECITINA > PP_LCT_VOTATOR,contenedor_scoring,184857,e873c32e-5e0c-4f36-b2a7-48d4917bce06-0002d219,PP > PP-LCT-LGC-LECITINA > PP_LCT_VOTATOR,3,77,NO,200,200,0,cluster_logico_mismo_sector,184857:200:PP > PP-LCT-LGC-LECITINA > PP_LCT_VOTATOR || 367233:200:PP > PP-LCT-LGC-LECITINA > PP_LCT_ESTANDARIZADO || 367512:200:PP > PP-LCT-LGC-LECITINA > PP_LCT_EVAPORADORES,PP-LCT-LGC-LECITINA,Cluster lógico: ancestro PP-LCT-LGC-LECITINA en 3 elementos Revit equivalentes.,ambiguo_falso_por_contenedor_duplicado,PP-LCT-LGC-LECITINA,184857;367233;367512,,,distributed,distribucion_round_robin_en_preparar_aplicar,PP,PP-LCT-LGC-LECITINA,PP_LCT_VOTATOR,,,,,,,,,,,,,,,,,,,,,,,,,,,,,,,,,,,,,,,,,,,,,,,,,,,,,,,,,,,,,,,,,,,,,,,,,,,,,
contenedor_logico_duplicado_distributed,contenedor_por_ancestro_project,PP-LCT-EVP-EV04,EVAPORADOR LECITINA EV04 MOD. EPDA 500 9NO DE NORTE A SUR | Grupo: PP-EVP EVAP LCT EPDA 500,504,4,504,PP-LCT-LGC-EVAPORADORES,PP-LCT-LGC-EVAPORADORES,PP-LCT-LGC-LECITINA > PP-LCT-LGC-EVAPORADORES,PP > PP-LCT-LGC-LECITINA > PP-LCT-LGC-EVAPORADORES,PP > PP-LCT-LGC-LECITINA > PP-LCT-LGC-EVAPORADORES > PP-LCT-EVP-EV04,184857,e873c32e-5e0c-4f36-b2a7-48d4917bce06-0002d219,Roofs,,Genérico - 400 mm,Genérico - 400 mm,,PP > PP-LCT-LGC-LECITINA > PP_LCT_VOTATOR,contenedor_scoring,184857,e873c32e-5e0c-4f36-b2a7-48d4917bce06-0002d219,PP > PP-LCT-LGC-LECITINA > PP_LCT_VOTATOR,3,77,NO,200,200,0,cluster_logico_mismo_sector,184857:200:PP > PP-LCT-LGC-LECITINA > PP_LCT_VOTATOR || 367233:200:PP > PP-LCT-LGC-LECITINA > PP_LCT_ESTANDARIZADO || 367512:200:PP > PP-LCT-LGC-LECITINA > PP_LCT_EVAPORADORES,PP-LCT-LGC-LECITINA,Cluster lógico: ancestro PP-LCT-LGC-LECITINA en 3 elementos Revit equivalentes.,ambiguo_falso_por_contenedor_duplicado,PP-LCT-LGC-LECITINA,184857;367233;367512,,,distributed,distribucion_round_robin_en_preparar_aplicar,PP,PP-LCT-LGC-LECITINA,PP_LCT_VOTATOR,,,,,,,,,,,,,,,,,,,,,,,,,,,,,,,,,,,,,,,,,,,,,,,,,,,,,,,,,,,,,,,,,,,,,,,,,,,,,
contenedor_logico_duplicado_distributed,contenedor_por_ancestro_project,PP-LCT-BMB-BE13,BOMBA BE13 CARGA EV04 | Grupo: PP-BMB ENGR BE13,505,5,505,PP-LCT-EVP-EV04,PP-LCT-EVP-EV04,PP-LCT-LGC-LECITINA > PP-LCT-LGC-EVAPORADORES > PP-LCT-EVP-EV04,PP > PP-LCT-LGC-LECITINA > PP-LCT-LGC-EVAPORADORES > PP-LCT-EVP-EV04,PP > PP-LCT-LGC-LECITINA > PP-LCT-LGC-EVAPORADORES > PP-LCT-EVP-EV04 > PP-LCT-BMB-BE13,184857,e873c32e-5e0c-4f36-b2a7-48d4917bce06-0002d219,Roofs,,Genérico - 400 mm,Genérico - 400 mm,,PP > PP-LCT-LGC-LECITINA > PP_LCT_VOTATOR,contenedor_scoring,184857,e873c32e-5e0c-4f36-b2a7-48d4917bce06-0002d219,PP > PP-LCT-LGC-LECITINA > PP_LCT_VOTATOR,3,77,NO,200,200,0,cluster_logico_mismo_sector,184857:200:PP > PP-LCT-LGC-LECITINA > PP_LCT_VOTATOR || 367233:200:PP > PP-LCT-LGC-LECITINA > PP_LCT_ESTANDARIZADO || 367512:200:PP > PP-LCT-LGC-LECITINA > PP_LCT_EVAPORADORES,PP-LCT-LGC-LECITINA,Cluster lógico: ancestro PP-LCT-LGC-LECITINA en 3 elementos Revit equivalentes.,ambiguo_falso_por_contenedor_duplicado,PP-LCT-LGC-LECITINA,184857;367233;367512,,,distributed,distribucion_round_robin_en_preparar_aplicar,PP,PP-LCT-LGC-LECITINA,PP_LCT_VOTATOR,,,,,,,,,,,,,,,,,,,,,,,,,,,,,,,,,,,,,,,,,,,,,,,,,,,,,,,,,,,,,,,,,,,,,,,,,,,,,
contenedor_logico_duplicado_distributed,contenedor_por_ancestro_project,PP-LCT-BMB-BE15,BOMBA BE15 SACA EV04 | Grupo: PP-BMB ENGR BE15,506,5,506,PP-LCT-EVP-EV04,PP-LCT-EVP-EV04,PP-LCT-LGC-LECITINA > PP-LCT-LGC-EVAPORADORES > PP-LCT-EVP-EV04,PP > PP-LCT-LGC-LECITINA > PP-LCT-LGC-EVAPORADORES > PP-LCT-EVP-EV04,PP > PP-LCT-LGC-LECITINA > PP-LCT-LGC-EVAPORADORES > PP-LCT-EVP-EV04 > PP-LCT-BMB-BE15,184857,e873c32e-5e0c-4f36-b2a7-48d4917bce06-0002d219,Roofs,,Genérico - 400 mm,Genérico - 400 mm,,PP > PP-LCT-LGC-LECITINA > PP_LCT_VOTATOR,contenedor_scoring,184857,e873c32e-5e0c-4f36-b2a7-48d4917bce06-0002d219,PP > PP-LCT-LGC-LECITINA > PP_LCT_VOTATOR,3,77,NO,200,200,0,cluster_logico_mismo_sector,184857:200:PP > PP-LCT-LGC-LECITINA > PP_LCT_VOTATOR || 367233:200:PP > PP-LCT-LGC-LECITINA > PP_LCT_ESTANDARIZADO || 367512:200:PP > PP-LCT-LGC-LECITINA > PP_LCT_EVAPORADORES,PP-LCT-LGC-LECITINA,Cluster lógico: ancestro PP-LCT-LGC-LECITINA en 3 elementos Revit equivalentes.,ambiguo_falso_por_contenedor_duplicado,PP-LCT-LGC-LECITINA,184857;367233;367512,,,distributed,distribucion_round_robin_en_preparar_aplicar,PP,PP-LCT-LGC-LECITINA,PP_LCT_VOTATOR,,,,,,,,,,,,,,,,,,,,,,,,,,,,,,,,,,,,,,,,,,,,,,,,,,,,,,,,,,,,,,,,,,,,,,,,,,,,,
contenedor_logico_duplicado_distributed,contenedor_por_ancestro_project,PP-LCT-CLT-CL04,CALENTADOR DE EVAPORADOR 4 LECITINA | Grupo: PP-CLT EVAPORADORES,507,5,507,PP-LCT-EVP-EV04,PP-LCT-EVP-EV04,PP-LCT-LGC-LECITINA > PP-LCT-LGC-EVAPORADORES > PP-LCT-EVP-EV04,PP > PP-LCT-LGC-LECITINA > PP-LCT-LGC-EVAPORADORES > PP-LCT-EVP-EV04,PP > PP-LCT-LGC-LECITINA > PP-LCT-LGC-EVAPORADORES > PP-LCT-EVP-EV04 > PP-LCT-CLT-CL04,184857,e873c32e-5e0c-4f36-b2a7-48d4917bce06-0002d219,Roofs,,Genérico - 400 mm,Genérico - 400 mm,,PP > PP-LCT-LGC-LECITINA > PP_LCT_VOTATOR,contenedor_scoring,184857,e873c32e-5e0c-4f36-b2a7-48d4917bce06-0002d219,PP > PP-LCT-LGC-LECITINA > PP_LCT_VOTATOR,3,77,NO,200,200,0,cluster_logico_mismo_sector,184857:200:PP > PP-LCT-LGC-LECITINA > PP_LCT_VOTATOR || 367233:200:PP > PP-LCT-LGC-LECITINA > PP_LCT_ESTANDARIZADO || 367512:200:PP > PP-LCT-LGC-LECITINA > PP_LCT_EVAPORADORES,PP-LCT-LGC-LECITINA,Cluster lógico: ancestro PP-LCT-LGC-LECITINA en 3 elementos Revit equivalentes.,ambiguo_falso_por_contenedor_duplicado,PP-LCT-LGC-LECITINA,184857;367233;367512,,,distributed,distribucion_round_robin_en_preparar_aplicar,PP,PP-LCT-LGC-LECITINA,PP_LCT_VOTATOR,,,,,,,,,,,,,,,,,,,,,,,,,,,,,,,,,,,,,,,,,,,,,,,,,,,,,,,,,,,,,,,,,,,,,,,,,,,,,
contenedor_logico_duplicado_distributed,contenedor_por_ancestro_project,PP-LCT-EVP-EV05,EVAPORADOR LECITINA EV05 MOD. EPDA 500 11RO DE NORTE A SUR | Grupo: PP-EVP EVAP LCT EPDA 500,508,4,508,PP-LCT-LGC-EVAPORADORES,PP-LCT-LGC-EVAPORADORES,PP-LCT-LGC-LECITINA > PP-LCT-LGC-EVAPORADORES,PP > PP-LCT-LGC-LECITINA > PP-LCT-LGC-EVAPORADORES,PP > PP-LCT-LGC-LECITINA > PP-LCT-LGC-EVAPORADORES > PP-LCT-EVP-EV05,184857,e873c32e-5e0c-4f36-b2a7-48d4917bce06-0002d219,Roofs,,Genérico - 400 mm,Genérico - 400 mm,,PP > PP-LCT-LGC-LECITINA > PP_LCT_VOTATOR,contenedor_scoring,184857,e873c32e-5e0c-4f36-b2a7-48d4917bce06-0002d219,PP > PP-LCT-LGC-LECITINA > PP_LCT_VOTATOR,3,77,NO,200,200,0,cluster_logico_mismo_sector,184857:200:PP > PP-LCT-LGC-LECITINA > PP_LCT_VOTATOR || 367233:200:PP > PP-LCT-LGC-LECITINA > PP_LCT_ESTANDARIZADO || 367512:200:PP > PP-LCT-LGC-LECITINA > PP_LCT_EVAPORADORES,PP-LCT-LGC-LECITINA,Cluster lógico: ancestro PP-LCT-LGC-LECITINA en 3 elementos Revit equivalentes.,ambiguo_falso_por_contenedor_duplicado,PP-LCT-LGC-LECITINA,184857;367233;367512,,,distributed,distribucion_round_robin_en_preparar_aplicar,PP,PP-LCT-LGC-LECITINA,PP_LCT_VOTATOR,,,,,,,,,,,,,,,,,,,,,,,,,,,,,,,,,,,,,,,,,,,,,,,,,,,,,,,,,,,,,,,,,,,,,,,,,,,,,
contenedor_logico_duplicado_distributed,contenedor_por_ancestro_project,PP-LCT-BMB-BE21,BE21 DESCARGA EV05 | Grupo: PP-BMB ENGR BE21,509,5,509,PP-LCT-EVP-EV05,PP-LCT-EVP-EV05,PP-LCT-LGC-LECITINA > PP-LCT-LGC-EVAPORADORES > PP-LCT-EVP-EV05,PP > PP-LCT-LGC-LECITINA > PP-LCT-LGC-EVAPORADORES > PP-LCT-EVP-EV05,PP > PP-LCT-LGC-LECITINA > PP-LCT-LGC-EVAPORADORES > PP-LCT-EVP-EV05 > PP-LCT-BMB-BE21,184857,e873c32e-5e0c-4f36-b2a7-48d4917bce06-0002d219,Roofs,,Genérico - 400 mm,Genérico - 400 mm,,PP > PP-LCT-LGC-LECITINA > PP_LCT_VOTATOR,contenedor_scoring,184857,e873c32e-5e0c-4f36-b2a7-48d4917bce06-0002d219,PP > PP-LCT-LGC-LECITINA > PP_LCT_VOTATOR,3,77,NO,200,200,0,cluster_logico_mismo_sector,184857:200:PP > PP-LCT-LGC-LECITINA > PP_LCT_VOTATOR || 367233:200:PP > PP-LCT-LGC-LECITINA > PP_LCT_ESTANDARIZADO || 367512:200:PP > PP-LCT-LGC-LECITINA > PP_LCT_EVAPORADORES,PP-LCT-LGC-LECITINA,Cluster lógico: ancestro PP-LCT-LGC-LECITINA en 3 elementos Revit equivalentes.,ambiguo_falso_por_contenedor_duplicado,PP-LCT-LGC-LECITINA,184857;367233;367512,,,distributed,distribucion_round_robin_en_preparar_aplicar,PP,PP-LCT-LGC-LECITINA,PP_LCT_VOTATOR,,,,,,,,,,,,,,,,,,,,,,,,,,,,,,,,,,,,,,,,,,,,,,,,,,,,,,,,,,,,,,,,,,,,,,,,,,,,,
contenedor_logico_duplicado_distributed,contenedor_por_ancestro_project,PP-LCT-BMB-BE22,BE22 CARGA EV05 | Grupo: PP-BMB ENGR BE22,510,5,510,PP-LCT-EVP-EV05,PP-LCT-EVP-EV05,PP-LCT-LGC-LECITINA > PP-LCT-LGC-EVAPORADORES > PP-LCT-EVP-EV05,PP > PP-LCT-LGC-LECITINA > PP-LCT-LGC-EVAPORADORES > PP-LCT-EVP-EV05,PP > PP-LCT-LGC-LECITINA > PP-LCT-LGC-EVAPORADORES > PP-LCT-EVP-EV05 > PP-LCT-BMB-BE22,184857,e873c32e-5e0c-4f36-b2a7-48d4917bce06-0002d219,Roofs,,Genérico - 400 mm,Genérico - 400 mm,,PP > PP-LCT-LGC-LECITINA > PP_LCT_VOTATOR,contenedor_scoring,184857,e873c32e-5e0c-4f36-b2a7-48d4917bce06-0002d219,PP > PP-LCT-LGC-LECITINA > PP_LCT_VOTATOR,3,77,NO,200,200,0,cluster_logico_mismo_sector,184857:200:PP > PP-LCT-LGC-LECITINA > PP_LCT_VOTATOR || 367233:200:PP > PP-LCT-LGC-LECITINA > PP_LCT_ESTANDARIZADO || 367512:200:PP > PP-LCT-LGC-LECITINA > PP_LCT_EVAPORADORES,PP-LCT-LGC-LECITINA,Cluster lógico: ancestro PP-LCT-LGC-LECITINA en 3 elementos Revit equivalentes.,ambiguo_falso_por_contenedor_duplicado,PP-LCT-LGC-LECITINA,184857;367233;367512,,,distributed,distribucion_round_robin_en_preparar_aplicar,PP,PP-LCT-LGC-LECITINA,PP_LCT_VOTATOR,,,,,,,,,,,,,,,,,,,,,,,,,,,,,,,,,,,,,,,,,,,,,,,,,,,,,,,,,,,,,,,,,,,,,,,,,,,,,
contenedor_logico_duplicado_distributed,contenedor_por_ancestro_project,PP-LCT-CLT-CL05,CALENTADOR DE EVAPORADOR 5 LECITINA | Grupo: PP-CLT EVAPORADORES,511,5,511,PP-LCT-EVP-EV05,PP-LCT-EVP-EV05,PP-LCT-LGC-LECITINA > PP-LCT-LGC-EVAPORADORES > PP-LCT-EVP-EV05,PP > PP-LCT-LGC-LECITINA > PP-LCT-LGC-EVAPORADORES > PP-LCT-EVP-EV05,PP > PP-LCT-LGC-LECITINA > PP-LCT-LGC-EVAPORADORES > PP-LCT-EVP-EV05 > PP-LCT-CLT-CL05,184857,e873c32e-5e0c-4f36-b2a7-48d4917bce06-0002d219,Roofs,,Genérico - 400 mm,Genérico - 400 mm,,PP > PP-LCT-LGC-LECITINA > PP_LCT_VOTATOR,contenedor_scoring,184857,e873c32e-5e0c-4f36-b2a7-48d4917bce06-0002d219,PP > PP-LCT-LGC-LECITINA > PP_LCT_VOTATOR,3,77,NO,200,200,0,cluster_logico_mismo_sector,184857:200:PP > PP-LCT-LGC-LECITINA > PP_LCT_VOTATOR || 367233:200:PP > PP-LCT-LGC-LECITINA > PP_LCT_ESTANDARIZADO || 367512:200:PP > PP-LCT-LGC-LECITINA > PP_LCT_EVAPORADORES,PP-LCT-LGC-LECITINA,Cluster lógico: ancestro PP-LCT-LGC-LECITINA en 3 elementos Revit equivalentes.,ambiguo_falso_por_contenedor_duplicado,PP-LCT-LGC-LECITINA,184857;367233;367512,,,distributed,distribucion_round_robin_en_preparar_aplicar,PP,PP-LCT-LGC-LECITINA,PP_LCT_VOTATOR,,,,,,,,,,,,,,,,,,,,,,,,,,,,,,,,,,,,,,,,,,,,,,,,,,,,,,,,,,,,,,,,,,,,,,,,,,,,,
contenedor_logico_duplicado_distributed,contenedor_por_ancestro_project,PP-LCT-EVP-EV06,EVAPORADOR LECITINA EV06 MOD. EPDA 500 12DO DE NORTE A SUR | Grupo: PP-EVP EVAP LCT EPDA 500,512,4,512,PP-LCT-LGC-EVAPORADORES,PP-LCT-LGC-EVAPORADORES,PP-LCT-LGC-LECITINA > PP-LCT-LGC-EVAPORADORES,PP > PP-LCT-LGC-LECITINA > PP-LCT-LGC-EVAPORADORES,PP > PP-LCT-LGC-LECITINA > PP-LCT-LGC-EVAPORADORES > PP-LCT-EVP-EV06,184857,e873c32e-5e0c-4f36-b2a7-48d4917bce06-0002d219,Roofs,,Genérico - 400 mm,Genérico - 400 mm,,PP > PP-LCT-LGC-LECITINA > PP_LCT_VOTATOR,contenedor_scoring,184857,e873c32e-5e0c-4f36-b2a7-48d4917bce06-0002d219,PP > PP-LCT-LGC-LECITINA > PP_LCT_VOTATOR,3,77,NO,200,200,0,cluster_logico_mismo_sector,184857:200:PP > PP-LCT-LGC-LECITINA > PP_LCT_VOTATOR || 367233:200:PP > PP-LCT-LGC-LECITINA > PP_LCT_ESTANDARIZADO || 367512:200:PP > PP-LCT-LGC-LECITINA > PP_LCT_EVAPORADORES,PP-LCT-LGC-LECITINA,Cluster lógico: ancestro PP-LCT-LGC-LECITINA en 3 elementos Revit equivalentes.,ambiguo_falso_por_contenedor_duplicado,PP-LCT-LGC-LECITINA,184857;367233;367512,,,distributed,distribucion_round_robin_en_preparar_aplicar,PP,PP-LCT-LGC-LECITINA,PP_LCT_VOTATOR,,,,,,,,,,,,,,,,,,,,,,,,,,,,,,,,,,,,,,,,,,,,,,,,,,,,,,,,,,,,,,,,,,,,,,,,,,,,,
contenedor_logico_duplicado_distributed,contenedor_por_ancestro_project,PP-LCT-BMB-BE23,BE23 DESCARGA EV06 | Grupo: PP-BMB ENGR BE23,513,5,513,PP-LCT-EVP-EV06,PP-LCT-EVP-EV06,PP-LCT-LGC-LECITINA > PP-LCT-LGC-EVAPORADORES > PP-LCT-EVP-EV06,PP > PP-LCT-LGC-LECITINA > PP-LCT-LGC-EVAPORADORES > PP-LCT-EVP-EV06,PP > PP-LCT-LGC-LECITINA > PP-LCT-LGC-EVAPORADORES > PP-LCT-EVP-EV06 > PP-LCT-BMB-BE23,184857,e873c32e-5e0c-4f36-b2a7-48d4917bce06-0002d219,Roofs,,Genérico - 400 mm,Genérico - 400 mm,,PP > PP-LCT-LGC-LECITINA > PP_LCT_VOTATOR,contenedor_scoring,184857,e873c32e-5e0c-4f36-b2a7-48d4917bce06-0002d219,PP > PP-LCT-LGC-LECITINA > PP_LCT_VOTATOR,3,77,NO,200,200,0,cluster_logico_mismo_sector,184857:200:PP > PP-LCT-LGC-LECITINA > PP_LCT_VOTATOR || 367233:200:PP > PP-LCT-LGC-LECITINA > PP_LCT_ESTANDARIZADO || 367512:200:PP > PP-LCT-LGC-LECITINA > PP_LCT_EVAPORADORES,PP-LCT-LGC-LECITINA,Cluster lógico: ancestro PP-LCT-LGC-LECITINA en 3 elementos Revit equivalentes.,ambiguo_falso_por_contenedor_duplicado,PP-LCT-LGC-LECITINA,184857;367233;367512,,,distributed,distribucion_round_robin_en_preparar_aplicar,PP,PP-LCT-LGC-LECITINA,PP_LCT_VOTATOR,,,,,,,,,,,,,,,,,,,,,,,,,,,,,,,,,,,,,,,,,,,,,,,,,,,,,,,,,,,,,,,,,,,,,,,,,,,,,
contenedor_logico_duplicado_distributed,contenedor_por_ancestro_project,PP-LCT-BMB-BE24,BE24 CARGA EV06 | Grupo: PP-BMB ENGR BE24,514,5,514,PP-LCT-EVP-EV06,PP-LCT-EVP-EV06,PP-LCT-LGC-LECITINA > PP-LCT-LGC-EVAPORADORES > PP-LCT-EVP-EV06,PP > PP-LCT-LGC-LECITINA > PP-LCT-LGC-EVAPORADORES > PP-LCT-EVP-EV06,PP > PP-LCT-LGC-LECITINA > PP-LCT-LGC-EVAPORADORES > PP-LCT-EVP-EV06 > PP-LCT-BMB-BE24,184857,e873c32e-5e0c-4f36-b2a7-48d4917bce06-0002d219,Roofs,,Genérico - 400 mm,Genérico - 400 mm,,PP > PP-LCT-LGC-LECITINA > PP_LCT_VOTATOR,contenedor_scoring,184857,e873c32e-5e0c-4f36-b2a7-48d4917bce06-0002d219,PP > PP-LCT-LGC-LECITINA > PP_LCT_VOTATOR,3,77,NO,200,200,0,cluster_logico_mismo_sector,184857:200:PP > PP-LCT-LGC-LECITINA > PP_LCT_VOTATOR || 367233:200:PP > PP-LCT-LGC-LECITINA > PP_LCT_ESTANDARIZADO || 367512:200:PP > PP-LCT-LGC-LECITINA > PP_LCT_EVAPORADORES,PP-LCT-LGC-LECITINA,Cluster lógico: ancestro PP-LCT-LGC-LECITINA en 3 elementos Revit equivalentes.,ambiguo_falso_por_contenedor_duplicado,PP-LCT-LGC-LECITINA,184857;367233;367512,,,distributed,distribucion_round_robin_en_preparar_aplicar,PP,PP-LCT-LGC-LECITINA,PP_LCT_VOTATOR,,,,,,,,,,,,,,,,,,,,,,,,,,,,,,,,,,,,,,,,,,,,,,,,,,,,,,,,,,,,,,,,,,,,,,,,,,,,,
contenedor_logico_duplicado_distributed,contenedor_por_ancestro_project,PP-LCT-CLT-CL06,CALENTADOR DE EVAPORADOR 6 LECITINA | Grupo: PP-CLT EVAPORADORES,515,5,515,PP-LCT-EVP-EV06,PP-LCT-EVP-EV06,PP-LCT-LGC-LECITINA > PP-LCT-LGC-EVAPORADORES > PP-LCT-EVP-EV06,PP > PP-LCT-LGC-LECITINA > PP-LCT-LGC-EVAPORADORES > PP-LCT-EVP-EV06,PP > PP-LCT-LGC-LECITINA > PP-LCT-LGC-EVAPORADORES > PP-LCT-EVP-EV06 > PP-LCT-CLT-CL06,184857,e873c32e-5e0c-4f36-b2a7-48d4917bce06-0002d219,Roofs,,Genérico - 400 mm,Genérico - 400 mm,,PP > PP-LCT-LGC-LECITINA > PP_LCT_VOTATOR,contenedor_scoring,184857,e873c32e-5e0c-4f36-b2a7-48d4917bce06-0002d219,PP > PP-LCT-LGC-LECITINA > PP_LCT_VOTATOR,3,77,NO,200,200,0,cluster_logico_mismo_sector,184857:200:PP > PP-LCT-LGC-LECITINA > PP_LCT_VOTATOR || 367233:200:PP > PP-LCT-LGC-LECITINA > PP_LCT_ESTANDARIZADO || 367512:200:PP > PP-LCT-LGC-LECITINA > PP_LCT_EVAPORADORES,PP-LCT-LGC-LECITINA,Cluster lógico: ancestro PP-LCT-LGC-LECITINA en 3 elementos Revit equivalentes.,ambiguo_falso_por_contenedor_duplicado,PP-LCT-LGC-LECITINA,184857;367233;367512,,,distributed,distribucion_round_robin_en_preparar_aplicar,PP,PP-LCT-LGC-LECITINA,PP_LCT_VOTATOR,,,,,,,,,,,,,,,,,,,,,,,,,,,,,,,,,,,,,,,,,,,,,,,,,,,,,,,,,,,,,,,,,,,,,,,,,,,,,
contenedor_logico_duplicado_distributed,contenedor_por_ancestro_project,PP-LCT-EVP-EV07,EVAPORADOR LECITINA EV07 MOD. EPDA 500 4TO DE NORTE A SUR | Grupo: PP-EVP EVAP LCT EPDA 500,516,4,516,PP-LCT-LGC-EVAPORADORES,PP-LCT-LGC-EVAPORADORES,PP-LCT-LGC-LECITINA > PP-LCT-LGC-EVAPORADORES,PP > PP-LCT-LGC-LECITINA > PP-LCT-LGC-EVAPORADORES,PP > PP-LCT-LGC-LECITINA > PP-LCT-LGC-EVAPORADORES > PP-LCT-EVP-EV07,184857,e873c32e-5e0c-4f36-b2a7-48d4917bce06-0002d219,Roofs,,Genérico - 400 mm,Genérico - 400 mm,,PP > PP-LCT-LGC-LECITINA > PP_LCT_VOTATOR,contenedor_scoring,184857,e873c32e-5e0c-4f36-b2a7-48d4917bce06-0002d219,PP > PP-LCT-LGC-LECITINA > PP_LCT_VOTATOR,3,77,NO,200,200,0,cluster_logico_mismo_sector,184857:200:PP > PP-LCT-LGC-LECITINA > PP_LCT_VOTATOR || 367233:200:PP > PP-LCT-LGC-LECITINA > PP_LCT_ESTANDARIZADO || 367512:200:PP > PP-LCT-LGC-LECITINA > PP_LCT_EVAPORADORES,PP-LCT-LGC-LECITINA,Cluster lógico: ancestro PP-LCT-LGC-LECITINA en 3 elementos Revit equivalentes.,ambiguo_falso_por_contenedor_duplicado,PP-LCT-LGC-LECITINA,184857;367233;367512,,,distributed,distribucion_round_robin_en_preparar_aplicar,PP,PP-LCT-LGC-LECITINA,PP_LCT_VOTATOR,,,,,,,,,,,,,,,,,,,,,,,,,,,,,,,,,,,,,,,,,,,,,,,,,,,,,,,,,,,,,,,,,,,,,,,,,,,,,
contenedor_logico_duplicado_distributed,contenedor_por_ancestro_project,PP-LCT-BMB-BE30,BE30 CARGA EV07 | Grupo: PP-BMB ENGR BE30,517,5,517,PP-LCT-EVP-EV07,PP-LCT-EVP-EV07,PP-LCT-LGC-LECITINA > PP-LCT-LGC-EVAPORADORES > PP-LCT-EVP-EV07,PP > PP-LCT-LGC-LECITINA > PP-LCT-LGC-EVAPORADORES > PP-LCT-EVP-EV07,PP > PP-LCT-LGC-LECITINA > PP-LCT-LGC-EVAPORADORES > PP-LCT-EVP-EV07 > PP-LCT-BMB-BE30,184857,e873c32e-5e0c-4f36-b2a7-48d4917bce06-0002d219,Roofs,,Genérico - 400 mm,Genérico - 400 mm,,PP > PP-LCT-LGC-LECITINA > PP_LCT_VOTATOR,contenedor_scoring,184857,e873c32e-5e0c-4f36-b2a7-48d4917bce06-0002d219,PP > PP-LCT-LGC-LECITINA > PP_LCT_VOTATOR,3,77,NO,200,200,0,cluster_logico_mismo_sector,184857:200:PP > PP-LCT-LGC-LECITINA > PP_LCT_VOTATOR || 367233:200:PP > PP-LCT-LGC-LECITINA > PP_LCT_ESTANDARIZADO || 367512:200:PP > PP-LCT-LGC-LECITINA > PP_LCT_EVAPORADORES,PP-LCT-LGC-LECITINA,Cluster lógico: ancestro PP-LCT-LGC-LECITINA en 3 elementos Revit equivalentes.,ambiguo_falso_por_contenedor_duplicado,PP-LCT-LGC-LECITINA,184857;367233;367512,,,distributed,distribucion_round_robin_en_preparar_aplicar,PP,PP-LCT-LGC-LECITINA,PP_LCT_VOTATOR,,,,,,,,,,,,,,,,,,,,,,,,,,,,,,,,,,,,,,,,,,,,,,,,,,,,,,,,,,,,,,,,,,,,,,,,,,,,,
contenedor_logico_duplicado_distributed,contenedor_por_ancestro_project,PP-LCT-BMB-BE31,BE31 SACA EV07 | Grupo: PP-BMB ENGR BE31,518,5,518,PP-LCT-EVP-EV07,PP-LCT-EVP-EV07,PP-LCT-LGC-LECITINA > PP-LCT-LGC-EVAPORADORES > PP-LCT-EVP-EV07,PP > PP-LCT-LGC-LECITINA > PP-LCT-LGC-EVAPORADORES > PP-LCT-EVP-EV07,PP > PP-LCT-LGC-LECITINA > PP-LCT-LGC-EVAPORADORES > PP-LCT-EVP-EV07 > PP-LCT-BMB-BE31,184857,e873c32e-5e0c-4f36-b2a7-48d4917bce06-0002d219,Roofs,,Genérico - 400 mm,Genérico - 400 mm,,PP > PP-LCT-LGC-LECITINA > PP_LCT_VOTATOR,contenedor_scoring,184857,e873c32e-5e0c-4f36-b2a7-48d4917bce06-0002d219,PP > PP-LCT-LGC-LECITINA > PP_LCT_VOTATOR,3,77,NO,200,200,0,cluster_logico_mismo_sector,184857:200:PP > PP-LCT-LGC-LECITINA > PP_LCT_VOTATOR || 367233:200:PP > PP-LCT-LGC-LECITINA > PP_LCT_ESTANDARIZADO || 367512:200:PP > PP-LCT-LGC-LECITINA > PP_LCT_EVAPORADORES,PP-LCT-LGC-LECITINA,Cluster lógico: ancestro PP-LCT-LGC-LECITINA en 3 elementos Revit equivalentes.,ambiguo_falso_por_contenedor_duplicado,PP-LCT-LGC-LECITINA,184857;367233;367512,,,distributed,distribucion_round_robin_en_preparar_aplicar,PP,PP-LCT-LGC-LECITINA,PP_LCT_VOTATOR,,,,,,,,,,,,,,,,,,,,,,,,,,,,,,,,,,,,,,,,,,,,,,,,,,,,,,,,,,,,,,,,,,,,,,,,,,,,,
contenedor_logico_duplicado_distributed,contenedor_por_ancestro_project,PP-LCT-CLT-CL07,CALENTADOR DE EVAPORADOR 7 LECITINA | Grupo: PP-CLT EVAPORADORES,519,5,519,PP-LCT-EVP-EV07,PP-LCT-EVP-EV07,PP-LCT-LGC-LECITINA > PP-LCT-LGC-EVAPORADORES > PP-LCT-EVP-EV07,PP > PP-LCT-LGC-LECITINA > PP-LCT-LGC-EVAPORADORES > PP-LCT-EVP-EV07,PP > PP-LCT-LGC-LECITINA > PP-LCT-LGC-EVAPORADORES > PP-LCT-EVP-EV07 > PP-LCT-CLT-CL07,184857,e873c32e-5e0c-4f36-b2a7-48d4917bce06-0002d219,Roofs,,Genérico - 400 mm,Genérico - 400 mm,,PP > PP-LCT-LGC-LECITINA > PP_LCT_VOTATOR,contenedor_scoring,184857,e873c32e-5e0c-4f36-b2a7-48d4917bce06-0002d219,PP > PP-LCT-LGC-LECITINA > PP_LCT_VOTATOR,3,77,NO,200,200,0,cluster_logico_mismo_sector,184857:200:PP > PP-LCT-LGC-LECITINA > PP_LCT_VOTATOR || 367233:200:PP > PP-LCT-LGC-LECITINA > PP_LCT_ESTANDARIZADO || 367512:200:PP > PP-LCT-LGC-LECITINA > PP_LCT_EVAPORADORES,PP-LCT-LGC-LECITINA,Cluster lógico: ancestro PP-LCT-LGC-LECITINA en 3 elementos Revit equivalentes.,ambiguo_falso_por_contenedor_duplicado,PP-LCT-LGC-LECITINA,184857;367233;367512,,,distributed,distribucion_round_robin_en_preparar_aplicar,PP,PP-LCT-LGC-LECITINA,PP_LCT_VOTATOR,,,,,,,,,,,,,,,,,,,,,,,,,,,,,,,,,,,,,,,,,,,,,,,,,,,,,,,,,,,,,,,,,,,,,,,,,,,,,
contenedor_logico_duplicado_distributed,contenedor_por_ancestro_project,PP-LCT-EVP-EV08,EVAPORADOR LECITINA EV08 MOD. EPDA 500 3RO DE NORTE A SUR | Grupo: PP-EVP EVAP LCT EPDA 500,520,4,520,PP-LCT-LGC-EVAPORADORES,PP-LCT-LGC-EVAPORADORES,PP-LCT-LGC-LECITINA > PP-LCT-LGC-EVAPORADORES,PP > PP-LCT-LGC-LECITINA > PP-LCT-LGC-EVAPORADORES,PP > PP-LCT-LGC-LECITINA > PP-LCT-LGC-EVAPORADORES > PP-LCT-EVP-EV08,184857,e873c32e-5e0c-4f36-b2a7-48d4917bce06-0002d219,Roofs,,Genérico - 400 mm,Genérico - 400 mm,,PP > PP-LCT-LGC-LECITINA > PP_LCT_VOTATOR,contenedor_scoring,184857,e873c32e-5e0c-4f36-b2a7-48d4917bce06-0002d219,PP > PP-LCT-LGC-LECITINA > PP_LCT_VOTATOR,3,77,NO,200,200,0,cluster_logico_mismo_sector,184857:200:PP > PP-LCT-LGC-LECITINA > PP_LCT_VOTATOR || 367233:200:PP > PP-LCT-LGC-LECITINA > PP_LCT_ESTANDARIZADO || 367512:200:PP > PP-LCT-LGC-LECITINA > PP_LCT_EVAPORADORES,PP-LCT-LGC-LECITINA,Cluster lógico: ancestro PP-LCT-LGC-LECITINA en 3 elementos Revit equivalentes.,ambiguo_falso_por_contenedor_duplicado,PP-LCT-LGC-LECITINA,184857;367233;367512,,,distributed,distribucion_round_robin_en_preparar_aplicar,PP,PP-LCT-LGC-LECITINA,PP_LCT_VOTATOR,,,,,,,,,,,,,,,,,,,,,,,,,,,,,,,,,,,,,,,,,,,,,,,,,,,,,,,,,,,,,,,,,,,,,,,,,,,,,
contenedor_logico_duplicado_distributed,contenedor_por_ancestro_project,PP-LCT-BMB-BE32,BE32 CARGA EVAPORADOR EV08 | Grupo: PP-BMB ENGR BE32,521,5,521,PP-LCT-EVP-EV08,PP-LCT-EVP-EV08,PP-LCT-LGC-LECITINA > PP-LCT-LGC-EVAPORADORES > PP-LCT-EVP-EV08,PP > PP-LCT-LGC-LECITINA > PP-LCT-LGC-EVAPORADORES > PP-LCT-EVP-EV08,PP > PP-LCT-LGC-LECITINA > PP-LCT-LGC-EVAPORADORES > PP-LCT-EVP-EV08 > PP-LCT-BMB-BE32,184857,e873c32e-5e0c-4f36-b2a7-48d4917bce06-0002d219,Roofs,,Genérico - 400 mm,Genérico - 400 mm,,PP > PP-LCT-LGC-LECITINA > PP_LCT_VOTATOR,contenedor_scoring,184857,e873c32e-5e0c-4f36-b2a7-48d4917bce06-0002d219,PP > PP-LCT-LGC-LECITINA > PP_LCT_VOTATOR,3,77,NO,200,200,0,cluster_logico_mismo_sector,184857:200:PP > PP-LCT-LGC-LECITINA > PP_LCT_VOTATOR || 367233:200:PP > PP-LCT-LGC-LECITINA > PP_LCT_ESTANDARIZADO || 367512:200:PP > PP-LCT-LGC-LECITINA > PP_LCT_EVAPORADORES,PP-LCT-LGC-LECITINA,Cluster lógico: ancestro PP-LCT-LGC-LECITINA en 3 elementos Revit equivalentes.,ambiguo_falso_por_contenedor_duplicado,PP-LCT-LGC-LECITINA,184857;367233;367512,,,distributed,distribucion_round_robin_en_preparar_aplicar,PP,PP-LCT-LGC-LECITINA,PP_LCT_VOTATOR,,,,,,,,,,,,,,,,,,,,,,,,,,,,,,,,,,,,,,,,,,,,,,,,,,,,,,,,,,,,,,,,,,,,,,,,,,,,,
contenedor_logico_duplicado_distributed,contenedor_por_ancestro_project,PP-LCT-BMB-BE33,BE33 SACA EV08 | Grupo: PP-BMB ENGR BE33,522,5,522,PP-LCT-EVP-EV08,PP-LCT-EVP-EV08,PP-LCT-LGC-LECITINA > PP-LCT-LGC-EVAPORADORES > PP-LCT-EVP-EV08,PP > PP-LCT-LGC-LECITINA > PP-LCT-LGC-EVAPORADORES > PP-LCT-EVP-EV08,PP > PP-LCT-LGC-LECITINA > PP-LCT-LGC-EVAPORADORES > PP-LCT-EVP-EV08 > PP-LCT-BMB-BE33,184857,e873c32e-5e0c-4f36-b2a7-48d4917bce06-0002d219,Roofs,,Genérico - 400 mm,Genérico - 400 mm,,PP > PP-LCT-LGC-LECITINA > PP_LCT_VOTATOR,contenedor_scoring,184857,e873c32e-5e0c-4f36-b2a7-48d4917bce06-0002d219,PP > PP-LCT-LGC-LECITINA > PP_LCT_VOTATOR,3,77,NO,200,200,0,cluster_logico_mismo_sector,184857:200:PP > PP-LCT-LGC-LECITINA > PP_LCT_VOTATOR || 367233:200:PP > PP-LCT-LGC-LECITINA > PP_LCT_ESTANDARIZADO || 367512:200:PP > PP-LCT-LGC-LECITINA > PP_LCT_EVAPORADORES,PP-LCT-LGC-LECITINA,Cluster lógico: ancestro PP-LCT-LGC-LECITINA en 3 elementos Revit equivalentes.,ambiguo_falso_por_contenedor_duplicado,PP-LCT-LGC-LECITINA,184857;367233;367512,,,distributed,distribucion_round_robin_en_preparar_aplicar,PP,PP-LCT-LGC-LECITINA,PP_LCT_VOTATOR,,,,,,,,,,,,,,,,,,,,,,,,,,,,,,,,,,,,,,,,,,,,,,,,,,,,,,,,,,,,,,,,,,,,,,,,,,,,,
contenedor_logico_duplicado_distributed,contenedor_por_ancestro_project,PP-LCT-CLT-CL08,CALENTADOR DE EVAPORADOR 8 LECITINA | Grupo: PP-CLT EVAPORADORES,523,5,523,PP-LCT-EVP-EV08,PP-LCT-EVP-EV08,PP-LCT-LGC-LECITINA > PP-LCT-LGC-EVAPORADORES > PP-LCT-EVP-EV08,PP > PP-LCT-LGC-LECITINA > PP-LCT-LGC-EVAPORADORES > PP-LCT-EVP-EV08,PP > PP-LCT-LGC-LECITINA > PP-LCT-LGC-EVAPORADORES > PP-LCT-EVP-EV08 > PP-LCT-CLT-CL08,184857,e873c32e-5e0c-4f36-b2a7-48d4917bce06-0002d219,Roofs,,Genérico - 400 mm,Genérico - 400 mm,,PP > PP-LCT-LGC-LECITINA > PP_LCT_VOTATOR,contenedor_scoring,184857,e873c32e-5e0c-4f36-b2a7-48d4917bce06-0002d219,PP > PP-LCT-LGC-LECITINA > PP_LCT_VOTATOR,3,77,NO,200,200,0,cluster_logico_mismo_sector,184857:200:PP > PP-LCT-LGC-LECITINA > PP_LCT_VOTATOR || 367233:200:PP > PP-LCT-LGC-LECITINA > PP_LCT_ESTANDARIZADO || 367512:200:PP > PP-LCT-LGC-LECITINA > PP_LCT_EVAPORADORES,PP-LCT-LGC-LECITINA,Cluster lógico: ancestro PP-LCT-LGC-LECITINA en 3 elementos Revit equivalentes.,ambiguo_falso_por_contenedor_duplicado,PP-LCT-LGC-LECITINA,184857;367233;367512,,,distributed,distribucion_round_robin_en_preparar_aplicar,PP,PP-LCT-LGC-LECITINA,PP_LCT_VOTATOR,,,,,,,,,,,,,,,,,,,,,,,,,,,,,,,,,,,,,,,,,,,,,,,,,,,,,,,,,,,,,,,,,,,,,,,,,,,,,
contenedor_logico_duplicado_distributed,contenedor_por_ancestro_project,PP-LCT-EVP-EV09,EVAPORADOR LECITINA EV09 MOD. EPDA 500 2DO DE NORTE A SUR | Grupo: PP-EVP EVAP LCT EPDA 500,524,4,524,PP-LCT-LGC-EVAPORADORES,PP-LCT-LGC-EVAPORADORES,PP-LCT-LGC-LECITINA > PP-LCT-LGC-EVAPORADORES,PP > PP-LCT-LGC-LECITINA > PP-LCT-LGC-EVAPORADORES,PP > PP-LCT-LGC-LECITINA > PP-LCT-LGC-EVAPORADORES > PP-LCT-EVP-EV09,184857,e873c32e-5e0c-4f36-b2a7-48d4917bce06-0002d219,Roofs,,Genérico - 400 mm,Genérico - 400 mm,,PP > PP-LCT-LGC-LECITINA > PP_LCT_VOTATOR,contenedor_scoring,184857,e873c32e-5e0c-4f36-b2a7-48d4917bce06-0002d219,PP > PP-LCT-LGC-LECITINA > PP_LCT_VOTATOR,3,77,NO,200,200,0,cluster_logico_mismo_sector,184857:200:PP > PP-LCT-LGC-LECITINA > PP_LCT_VOTATOR || 367233:200:PP > PP-LCT-LGC-LECITINA > PP_LCT_ESTANDARIZADO || 367512:200:PP > PP-LCT-LGC-LECITINA > PP_LCT_EVAPORADORES,PP-LCT-LGC-LECITINA,Cluster lógico: ancestro PP-LCT-LGC-LECITINA en 3 elementos Revit equivalentes.,ambiguo_falso_por_contenedor_duplicado,PP-LCT-LGC-LECITINA,184857;367233;367512,,,distributed,distribucion_round_robin_en_preparar_aplicar,PP,PP-LCT-LGC-LECITINA,PP_LCT_VOTATOR,,,,,,,,,,,,,,,,,,,,,,,,,,,,,,,,,,,,,,,,,,,,,,,,,,,,,,,,,,,,,,,,,,,,,,,,,,,,,
contenedor_logico_duplicado_distributed,contenedor_por_ancestro_project,PP-LCT-BMB-BE34,BE34 SACA EV09 | Grupo: PP-BMB ENGR BE34,525,5,525,PP-LCT-EVP-EV09,PP-LCT-EVP-EV09,PP-LCT-LGC-LECITINA > PP-LCT-LGC-EVAPORADORES > PP-LCT-EVP-EV09,PP > PP-LCT-LGC-LECITINA > PP-LCT-LGC-EVAPORADORES > PP-LCT-EVP-EV09,PP > PP-LCT-LGC-LECITINA > PP-LCT-LGC-EVAPORADORES > PP-LCT-EVP-EV09 > PP-LCT-BMB-BE34,184857,e873c32e-5e0c-4f36-b2a7-48d4917bce06-0002d219,Roofs,,Genérico - 400 mm,Genérico - 400 mm,,PP > PP-LCT-LGC-LECITINA > PP_LCT_VOTATOR,contenedor_scoring,184857,e873c32e-5e0c-4f36-b2a7-48d4917bce06-0002d219,PP > PP-LCT-LGC-LECITINA > PP_LCT_VOTATOR,3,77,NO,200,200,0,cluster_logico_mismo_sector,184857:200:PP > PP-LCT-LGC-LECITINA > PP_LCT_VOTATOR || 367233:200:PP > PP-LCT-LGC-LECITINA > PP_LCT_ESTANDARIZADO || 367512:200:PP > PP-LCT-LGC-LECITINA > PP_LCT_EVAPORADORES,PP-LCT-LGC-LECITINA,Cluster lógico: ancestro PP-LCT-LGC-LECITINA en 3 elementos Revit equivalentes.,ambiguo_falso_por_contenedor_duplicado,PP-LCT-LGC-LECITINA,184857;367233;367512,,,distributed,distribucion_round_robin_en_preparar_aplicar,PP,PP-LCT-LGC-LECITINA,PP_LCT_VOTATOR,,,,,,,,,,,,,,,,,,,,,,,,,,,,,,,,,,,,,,,,,,,,,,,,,,,,,,,,,,,,,,,,,,,,,,,,,,,,,
contenedor_logico_duplicado_distributed,contenedor_por_ancestro_project,PP-LCT-BMB-BE35,BE35 CARGA EV09 | Grupo: PP-BMB ENGR BE35,526,5,526,PP-LCT-EVP-EV09,PP-LCT-EVP-EV09,PP-LCT-LGC-LECITINA > PP-LCT-LGC-EVAPORADORES > PP-LCT-EVP-EV09,PP > PP-LCT-LGC-LECITINA > PP-LCT-LGC-EVAPORADORES > PP-LCT-EVP-EV09,PP > PP-LCT-LGC-LECITINA > PP-LCT-LGC-EVAPORADORES > PP-LCT-EVP-EV09 > PP-LCT-BMB-BE35,184857,e873c32e-5e0c-4f36-b2a7-48d4917bce06-0002d219,Roofs,,Genérico - 400 mm,Genérico - 400 mm,,PP > PP-LCT-LGC-LECITINA > PP_LCT_VOTATOR,contenedor_scoring,184857,e873c32e-5e0c-4f36-b2a7-48d4917bce06-0002d219,PP > PP-LCT-LGC-LECITINA > PP_LCT_VOTATOR,3,77,NO,200,200,0,cluster_logico_mismo_sector,184857:200:PP > PP-LCT-LGC-LECITINA > PP_LCT_VOTATOR || 367233:200:PP > PP-LCT-LGC-LECITINA > PP_LCT_ESTANDARIZADO || 367512:200:PP > PP-LCT-LGC-LECITINA > PP_LCT_EVAPORADORES,PP-LCT-LGC-LECITINA,Cluster lógico: ancestro PP-LCT-LGC-LECITINA en 3 elementos Revit equivalentes.,ambiguo_falso_por_contenedor_duplicado,PP-LCT-LGC-LECITINA,184857;367233;367512,,,distributed,distribucion_round_robin_en_preparar_aplicar,PP,PP-LCT-LGC-LECITINA,PP_LCT_VOTATOR,,,,,,,,,,,,,,,,,,,,,,,,,,,,,,,,,,,,,,,,,,,,,,,,,,,,,,,,,,,,,,,,,,,,,,,,,,,,,
contenedor_logico_duplicado_distributed,contenedor_por_ancestro_project,PP-LCT-CLT-CL09,CALENTADOR DE EVAPORADOR 9 LECITINA | Grupo: PP-CLT EVAPORADORES,527,5,527,PP-LCT-EVP-EV09,PP-LCT-EVP-EV09,PP-LCT-LGC-LECITINA > PP-LCT-LGC-EVAPORADORES > PP-LCT-EVP-EV09,PP > PP-LCT-LGC-LECITINA > PP-LCT-LGC-EVAPORADORES > PP-LCT-EVP-EV09,PP > PP-LCT-LGC-LECITINA > PP-LCT-LGC-EVAPORADORES > PP-LCT-EVP-EV09 > PP-LCT-CLT-CL09,184857,e873c32e-5e0c-4f36-b2a7-48d4917bce06-0002d219,Roofs,,Genérico - 400 mm,Genérico - 400 mm,,PP > PP-LCT-LGC-LECITINA > PP_LCT_VOTATOR,contenedor_scoring,184857,e873c32e-5e0c-4f36-b2a7-48d4917bce06-0002d219,PP > PP-LCT-LGC-LECITINA > PP_LCT_VOTATOR,3,77,NO,200,200,0,cluster_logico_mismo_sector,184857:200:PP > PP-LCT-LGC-LECITINA > PP_LCT_VOTATOR || 367233:200:PP > PP-LCT-LGC-LECITINA > PP_LCT_ESTANDARIZADO || 367512:200:PP > PP-LCT-LGC-LECITINA > PP_LCT_EVAPORADORES,PP-LCT-LGC-LECITINA,Cluster lógico: ancestro PP-LCT-LGC-LECITINA en 3 elementos Revit equivalentes.,ambiguo_falso_por_contenedor_duplicado,PP-LCT-LGC-LECITINA,184857;367233;367512,,,distributed,distribucion_round_robin_en_preparar_aplicar,PP,PP-LCT-LGC-LECITINA,PP_LCT_VOTATOR,,,,,,,,,,,,,,,,,,,,,,,,,,,,,,,,,,,,,,,,,,,,,,,,,,,,,,,,,,,,,,,,,,,,,,,,,,,,,
contenedor_logico_duplicado_distributed,contenedor_por_ancestro_project,PP-LCT-EVP-EV10,EVAPORADOR LECITINA EV10 MOD. EPDA 500 1RO DE NORTE A SUR | Grupo: PP-EVP EVAP LCT EPDA 500,528,4,528,PP-LCT-LGC-EVAPORADORES,PP-LCT-LGC-EVAPORADORES,PP-LCT-LGC-LECITINA > PP-LCT-LGC-EVAPORADORES,PP > PP-LCT-LGC-LECITINA > PP-LCT-LGC-EVAPORADORES,PP > PP-LCT-LGC-LECITINA > PP-LCT-LGC-EVAPORADORES > PP-LCT-EVP-EV10,184857,e873c32e-5e0c-4f36-b2a7-48d4917bce06-0002d219,Roofs,,Genérico - 400 mm,Genérico - 400 mm,,PP > PP-LCT-LGC-LECITINA > PP_LCT_VOTATOR,contenedor_scoring,184857,e873c32e-5e0c-4f36-b2a7-48d4917bce06-0002d219,PP > PP-LCT-LGC-LECITINA > PP_LCT_VOTATOR,3,77,NO,200,200,0,cluster_logico_mismo_sector,184857:200:PP > PP-LCT-LGC-LECITINA > PP_LCT_VOTATOR || 367233:200:PP > PP-LCT-LGC-LECITINA > PP_LCT_ESTANDARIZADO || 367512:200:PP > PP-LCT-LGC-LECITINA > PP_LCT_EVAPORADORES,PP-LCT-LGC-LECITINA,Cluster lógico: ancestro PP-LCT-LGC-LECITINA en 3 elementos Revit equivalentes.,ambiguo_falso_por_contenedor_duplicado,PP-LCT-LGC-LECITINA,184857;367233;367512,,,distributed,distribucion_round_robin_en_preparar_aplicar,PP,PP-LCT-LGC-LECITINA,PP_LCT_VOTATOR,,,,,,,,,,,,,,,,,,,,,,,,,,,,,,,,,,,,,,,,,,,,,,,,,,,,,,,,,,,,,,,,,,,,,,,,,,,,,
contenedor_logico_duplicado_distributed,contenedor_por_ancestro_project,PP-LCT-BMB-BE36,BE36 SACA EV10 | Grupo: PP-BMB ENGR BE36,529,5,529,PP-LCT-EVP-EV10,PP-LCT-EVP-EV10,PP-LCT-LGC-LECITINA > PP-LCT-LGC-EVAPORADORES > PP-LCT-EVP-EV10,PP > PP-LCT-LGC-LECITINA > PP-LCT-LGC-EVAPORADORES > PP-LCT-EVP-EV10,PP > PP-LCT-LGC-LECITINA > PP-LCT-LGC-EVAPORADORES > PP-LCT-EVP-EV10 > PP-LCT-BMB-BE36,184857,e873c32e-5e0c-4f36-b2a7-48d4917bce06-0002d219,Roofs,,Genérico - 400 mm,Genérico - 400 mm,,PP > PP-LCT-LGC-LECITINA > PP_LCT_VOTATOR,contenedor_scoring,184857,e873c32e-5e0c-4f36-b2a7-48d4917bce06-0002d219,PP > PP-LCT-LGC-LECITINA > PP_LCT_VOTATOR,3,77,NO,200,200,0,cluster_logico_mismo_sector,184857:200:PP > PP-LCT-LGC-LECITINA > PP_LCT_VOTATOR || 367233:200:PP > PP-LCT-LGC-LECITINA > PP_LCT_ESTANDARIZADO || 367512:200:PP > PP-LCT-LGC-LECITINA > PP_LCT_EVAPORADORES,PP-LCT-LGC-LECITINA,Cluster lógico: ancestro PP-LCT-LGC-LECITINA en 3 elementos Revit equivalentes.,ambiguo_falso_por_contenedor_duplicado,PP-LCT-LGC-LECITINA,184857;367233;367512,,,distributed,distribucion_round_robin_en_preparar_aplicar,PP,PP-LCT-LGC-LECITINA,PP_LCT_VOTATOR,,,,,,,,,,,,,,,,,,,,,,,,,,,,,,,,,,,,,,,,,,,,,,,,,,,,,,,,,,,,,,,,,,,,,,,,,,,,,
contenedor_logico_duplicado_distributed,contenedor_por_ancestro_project,PP-LCT-BMB-BE37,BE37 CARGA EV10 | Grupo: PP-BMB ENGR BE37,530,5,530,PP-LCT-EVP-EV10,PP-LCT-EVP-EV10,PP-LCT-LGC-LECITINA > PP-LCT-LGC-EVAPORADORES > PP-LCT-EVP-EV10,PP > PP-LCT-LGC-LECITINA > PP-LCT-LGC-EVAPORADORES > PP-LCT-EVP-EV10,PP > PP-LCT-LGC-LECITINA > PP-LCT-LGC-EVAPORADORES > PP-LCT-EVP-EV10 > PP-LCT-BMB-BE37,184857,e873c32e-5e0c-4f36-b2a7-48d4917bce06-0002d219,Roofs,,Genérico - 400 mm,Genérico - 400 mm,,PP > PP-LCT-LGC-LECITINA > PP_LCT_VOTATOR,contenedor_scoring,184857,e873c32e-5e0c-4f36-b2a7-48d4917bce06-0002d219,PP > PP-LCT-LGC-LECITINA > PP_LCT_VOTATOR,3,77,NO,200,200,0,cluster_logico_mismo_sector,184857:200:PP > PP-LCT-LGC-LECITINA > PP_LCT_VOTATOR || 367233:200:PP > PP-LCT-LGC-LECITINA > PP_LCT_ESTANDARIZADO || 367512:200:PP > PP-LCT-LGC-LECITINA > PP_LCT_EVAPORADORES,PP-LCT-LGC-LECITINA,Cluster lógico: ancestro PP-LCT-LGC-LECITINA en 3 elementos Revit equivalentes.,ambiguo_falso_por_contenedor_duplicado,PP-LCT-LGC-LECITINA,184857;367233;367512,,,distributed,distribucion_round_robin_en_preparar_aplicar,PP,PP-LCT-LGC-LECITINA,PP_LCT_VOTATOR,,,,,,,,,,,,,,,,,,,,,,,,,,,,,,,,,,,,,,,,,,,,,,,,,,,,,,,,,,,,,,,,,,,,,,,,,,,,,
contenedor_logico_duplicado_distributed,contenedor_por_ancestro_project,PP-LCT-CLT-CL10,CALENTADOR DE EVAPORADOR 10 LECITINA | Grupo: PP-CLT EVAPORADORES,531,5,531,PP-LCT-EVP-EV10,PP-LCT-EVP-EV10,PP-LCT-LGC-LECITINA > PP-LCT-LGC-EVAPORADORES > PP-LCT-EVP-EV10,PP > PP-LCT-LGC-LECITINA > PP-LCT-LGC-EVAPORADORES > PP-LCT-EVP-EV10,PP > PP-LCT-LGC-LECITINA > PP-LCT-LGC-EVAPORADORES > PP-LCT-EVP-EV10 > PP-LCT-CLT-CL10,184857,e873c32e-5e0c-4f36-b2a7-48d4917bce06-0002d219,Roofs,,Genérico - 400 mm,Genérico - 400 mm,,PP > PP-LCT-LGC-LECITINA > PP_LCT_VOTATOR,contenedor_scoring,184857,e873c32e-5e0c-4f36-b2a7-48d4917bce06-0002d219,PP > PP-LCT-LGC-LECITINA > PP_LCT_VOTATOR,3,77,NO,200,200,0,cluster_logico_mismo_sector,184857:200:PP > PP-LCT-LGC-LECITINA > PP_LCT_VOTATOR || 367233:200:PP > PP-LCT-LGC-LECITINA > PP_LCT_ESTANDARIZADO || 367512:200:PP > PP-LCT-LGC-LECITINA > PP_LCT_EVAPORADORES,PP-LCT-LGC-LECITINA,Cluster lógico: ancestro PP-LCT-LGC-LECITINA en 3 elementos Revit equivalentes.,ambiguo_falso_por_contenedor_duplicado,PP-LCT-LGC-LECITINA,184857;367233;367512,,,distributed,distribucion_round_robin_en_preparar_aplicar,PP,PP-LCT-LGC-LECITINA,PP_LCT_VOTATOR,,,,,,,,,,,,,,,,,,,,,,,,,,,,,,,,,,,,,,,,,,,,,,,,,,,,,,,,,,,,,,,,,,,,,,,,,,,,,
contenedor_logico_duplicado_distributed,contenedor_por_ancestro_project,PP-LCT-EVP-EV11,EVAPORADOR LECITINA EV11 MOD. EPDA 500 7MO DE NORTE A SUR | Grupo: PP-EVP EVAP LCT EPDA 500,532,4,532,PP-LCT-LGC-EVAPORADORES,PP-LCT-LGC-EVAPORADORES,PP-LCT-LGC-LECITINA > PP-LCT-LGC-EVAPORADORES,PP > PP-LCT-LGC-LECITINA > PP-LCT-LGC-EVAPORADORES,PP > PP-LCT-LGC-LECITINA > PP-LCT-LGC-EVAPORADORES > PP-LCT-EVP-EV11,184857,e873c32e-5e0c-4f36-b2a7-48d4917bce06-0002d219,Roofs,,Genérico - 400 mm,Genérico - 400 mm,,PP > PP-LCT-LGC-LECITINA > PP_LCT_VOTATOR,contenedor_scoring,184857,e873c32e-5e0c-4f36-b2a7-48d4917bce06-0002d219,PP > PP-LCT-LGC-LECITINA > PP_LCT_VOTATOR,3,77,NO,200,200,0,cluster_logico_mismo_sector,184857:200:PP > PP-LCT-LGC-LECITINA > PP_LCT_VOTATOR || 367233:200:PP > PP-LCT-LGC-LECITINA > PP_LCT_ESTANDARIZADO || 367512:200:PP > PP-LCT-LGC-LECITINA > PP_LCT_EVAPORADORES,PP-LCT-LGC-LECITINA,Cluster lógico: ancestro PP-LCT-LGC-LECITINA en 3 elementos Revit equivalentes.,ambiguo_falso_por_contenedor_duplicado,PP-LCT-LGC-LECITINA,184857;367233;367512,,,distributed,distribucion_round_robin_en_preparar_aplicar,PP,PP-LCT-LGC-LECITINA,PP_LCT_VOTATOR,,,,,,,,,,,,,,,,,,,,,,,,,,,,,,,,,,,,,,,,,,,,,,,,,,,,,,,,,,,,,,,,,,,,,,,,,,,,,
contenedor_logico_duplicado_distributed,contenedor_por_ancestro_project,PP-LCT-BMB-BE38,BE38 CARGA EV11 | Grupo: PP-BMB ENGR BE38,533,5,533,PP-LCT-EVP-EV11,PP-LCT-EVP-EV11,PP-LCT-LGC-LECITINA > PP-LCT-LGC-EVAPORADORES > PP-LCT-EVP-EV11,PP > PP-LCT-LGC-LECITINA > PP-LCT-LGC-EVAPORADORES > PP-LCT-EVP-EV11,PP > PP-LCT-LGC-LECITINA > PP-LCT-LGC-EVAPORADORES > PP-LCT-EVP-EV11 > PP-LCT-BMB-BE38,184857,e873c32e-5e0c-4f36-b2a7-48d4917bce06-0002d219,Roofs,,Genérico - 400 mm,Genérico - 400 mm,,PP > PP-LCT-LGC-LECITINA > PP_LCT_VOTATOR,contenedor_scoring,184857,e873c32e-5e0c-4f36-b2a7-48d4917bce06-0002d219,PP > PP-LCT-LGC-LECITINA > PP_LCT_VOTATOR,3,77,NO,200,200,0,cluster_logico_mismo_sector,184857:200:PP > PP-LCT-LGC-LECITINA > PP_LCT_VOTATOR || 367233:200:PP > PP-LCT-LGC-LECITINA > PP_LCT_ESTANDARIZADO || 367512:200:PP > PP-LCT-LGC-LECITINA > PP_LCT_EVAPORADORES,PP-LCT-LGC-LECITINA,Cluster lógico: ancestro PP-LCT-LGC-LECITINA en 3 elementos Revit equivalentes.,ambiguo_falso_por_contenedor_duplicado,PP-LCT-LGC-LECITINA,184857;367233;367512,,,distributed,distribucion_round_robin_en_preparar_aplicar,PP,PP-LCT-LGC-LECITINA,PP_LCT_VOTATOR,,,,,,,,,,,,,,,,,,,,,,,,,,,,,,,,,,,,,,,,,,,,,,,,,,,,,,,,,,,,,,,,,,,,,,,,,,,,,
contenedor_logico_duplicado_distributed,contenedor_por_ancestro_project,PP-LCT-BMB-BE39,BE39 DESCARGA EV11 | Grupo: PP-BMB ENGR BE39,534,5,534,PP-LCT-EVP-EV11,PP-LCT-EVP-EV11,PP-LCT-LGC-LECITINA > PP-LCT-LGC-EVAPORADORES > PP-LCT-EVP-EV11,PP > PP-LCT-LGC-LECITINA > PP-LCT-LGC-EVAPORADORES > PP-LCT-EVP-EV11,PP > PP-LCT-LGC-LECITINA > PP-LCT-LGC-EVAPORADORES > PP-LCT-EVP-EV11 > PP-LCT-BMB-BE39,184857,e873c32e-5e0c-4f36-b2a7-48d4917bce06-0002d219,Roofs,,Genérico - 400 mm,Genérico - 400 mm,,PP > PP-LCT-LGC-LECITINA > PP_LCT_VOTATOR,contenedor_scoring,184857,e873c32e-5e0c-4f36-b2a7-48d4917bce06-0002d219,PP > PP-LCT-LGC-LECITINA > PP_LCT_VOTATOR,3,77,NO,200,200,0,cluster_logico_mismo_sector,184857:200:PP > PP-LCT-LGC-LECITINA > PP_LCT_VOTATOR || 367233:200:PP > PP-LCT-LGC-LECITINA > PP_LCT_ESTANDARIZADO || 367512:200:PP > PP-LCT-LGC-LECITINA > PP_LCT_EVAPORADORES,PP-LCT-LGC-LECITINA,Cluster lógico: ancestro PP-LCT-LGC-LECITINA en 3 elementos Revit equivalentes.,ambiguo_falso_por_contenedor_duplicado,PP-LCT-LGC-LECITINA,184857;367233;367512,,,distributed,distribucion_round_robin_en_preparar_aplicar,PP,PP-LCT-LGC-LECITINA,PP_LCT_VOTATOR,,,,,,,,,,,,,,,,,,,,,,,,,,,,,,,,,,,,,,,,,,,,,,,,,,,,,,,,,,,,,,,,,,,,,,,,,,,,,
contenedor_logico_duplicado_distributed,contenedor_por_ancestro_project,PP-LCT-CLT-CL11,CALENTADOR DE EVAPORADOR 11 LECITINA | Grupo: PP-CLT EVAPORADORES,535,5,535,PP-LCT-EVP-EV11,PP-LCT-EVP-EV11,PP-LCT-LGC-LECITINA > PP-LCT-LGC-EVAPORADORES > PP-LCT-EVP-EV11,PP > PP-LCT-LGC-LECITINA > PP-LCT-LGC-EVAPORADORES > PP-LCT-EVP-EV11,PP > PP-LCT-LGC-LECITINA > PP-LCT-LGC-EVAPORADORES > PP-LCT-EVP-EV11 > PP-LCT-CLT-CL11,184857,e873c32e-5e0c-4f36-b2a7-48d4917bce06-0002d219,Roofs,,Genérico - 400 mm,Genérico - 400 mm,,PP > PP-LCT-LGC-LECITINA > PP_LCT_VOTATOR,contenedor_scoring,184857,e873c32e-5e0c-4f36-b2a7-48d4917bce06-0002d219,PP > PP-LCT-LGC-LECITINA > PP_LCT_VOTATOR,3,77,NO,200,200,0,cluster_logico_mismo_sector,184857:200:PP > PP-LCT-LGC-LECITINA > PP_LCT_VOTATOR || 367233:200:PP > PP-LCT-LGC-LECITINA > PP_LCT_ESTANDARIZADO || 367512:200:PP > PP-LCT-LGC-LECITINA > PP_LCT_EVAPORADORES,PP-LCT-LGC-LECITINA,Cluster lógico: ancestro PP-LCT-LGC-LECITINA en 3 elementos Revit equivalentes.,ambiguo_falso_por_contenedor_duplicado,PP-LCT-LGC-LECITINA,184857;367233;367512,,,distributed,distribucion_round_robin_en_preparar_aplicar,PP,PP-LCT-LGC-LECITINA,PP_LCT_VOTATOR,,,,,,,,,,,,,,,,,,,,,,,,,,,,,,,,,,,,,,,,,,,,,,,,,,,,,,,,,,,,,,,,,,,,,,,,,,,,,
contenedor_logico_duplicado_distributed,contenedor_por_ancestro_project,PP-LCT-EVP-EV12,EVAPORADOR LECITINA EV12 MOD. EPDA 500 10MO DE NORTE A SUR | Grupo: PP-EVP EVAP LCT EPDA 500,536,4,536,PP-LCT-LGC-EVAPORADORES,PP-LCT-LGC-EVAPORADORES,PP-LCT-LGC-LECITINA > PP-LCT-LGC-EVAPORADORES,PP > PP-LCT-LGC-LECITINA > PP-LCT-LGC-EVAPORADORES,PP > PP-LCT-LGC-LECITINA > PP-LCT-LGC-EVAPORADORES > PP-LCT-EVP-EV12,184857,e873c32e-5e0c-4f36-b2a7-48d4917bce06-0002d219,Roofs,,Genérico - 400 mm,Genérico - 400 mm,,PP > PP-LCT-LGC-LECITINA > PP_LCT_VOTATOR,contenedor_scoring,184857,e873c32e-5e0c-4f36-b2a7-48d4917bce06-0002d219,PP > PP-LCT-LGC-LECITINA > PP_LCT_VOTATOR,3,77,NO,200,200,0,cluster_logico_mismo_sector,184857:200:PP > PP-LCT-LGC-LECITINA > PP_LCT_VOTATOR || 367233:200:PP > PP-LCT-LGC-LECITINA > PP_LCT_ESTANDARIZADO || 367512:200:PP > PP-LCT-LGC-LECITINA > PP_LCT_EVAPORADORES,PP-LCT-LGC-LECITINA,Cluster lógico: ancestro PP-LCT-LGC-LECITINA en 3 elementos Revit equivalentes.,ambiguo_falso_por_contenedor_duplicado,PP-LCT-LGC-LECITINA,184857;367233;367512,,,distributed,distribucion_round_robin_en_preparar_aplicar,PP,PP-LCT-LGC-LECITINA,PP_LCT_VOTATOR,,,,,,,,,,,,,,,,,,,,,,,,,,,,,,,,,,,,,,,,,,,,,,,,,,,,,,,,,,,,,,,,,,,,,,,,,,,,,
contenedor_logico_duplicado_distributed,contenedor_por_ancestro_project,PP-LCT-BMB-BE41,BE41 CARGA EV12 | Grupo: PP-BMB ENGR BE41,537,5,537,PP-LCT-EVP-EV12,PP-LCT-EVP-EV12,PP-LCT-LGC-LECITINA > PP-LCT-LGC-EVAPORADORES > PP-LCT-EVP-EV12,PP > PP-LCT-LGC-LECITINA > PP-LCT-LGC-EVAPORADORES > PP-LCT-EVP-EV12,PP > PP-LCT-LGC-LECITINA > PP-LCT-LGC-EVAPORADORES > PP-LCT-EVP-EV12 > PP-LCT-BMB-BE41,184857,e873c32e-5e0c-4f36-b2a7-48d4917bce06-0002d219,Roofs,,Genérico - 400 mm,Genérico - 400 mm,,PP > PP-LCT-LGC-LECITINA > PP_LCT_VOTATOR,contenedor_scoring,184857,e873c32e-5e0c-4f36-b2a7-48d4917bce06-0002d219,PP > PP-LCT-LGC-LECITINA > PP_LCT_VOTATOR,3,77,NO,200,200,0,cluster_logico_mismo_sector,184857:200:PP > PP-LCT-LGC-LECITINA > PP_LCT_VOTATOR || 367233:200:PP > PP-LCT-LGC-LECITINA > PP_LCT_ESTANDARIZADO || 367512:200:PP > PP-LCT-LGC-LECITINA > PP_LCT_EVAPORADORES,PP-LCT-LGC-LECITINA,Cluster lógico: ancestro PP-LCT-LGC-LECITINA en 3 elementos Revit equivalentes.,ambiguo_falso_por_contenedor_duplicado,PP-LCT-LGC-LECITINA,184857;367233;367512,,,distributed,distribucion_round_robin_en_preparar_aplicar,PP,PP-LCT-LGC-LECITINA,PP_LCT_VOTATOR,,,,,,,,,,,,,,,,,,,,,,,,,,,,,,,,,,,,,,,,,,,,,,,,,,,,,,,,,,,,,,,,,,,,,,,,,,,,,
contenedor_logico_duplicado_distributed,contenedor_por_ancestro_project,PP-LCT-BMB-BE42,BE42 DESCARGA EV12 | Grupo: PP-BMB ENGR BE42,538,5,538,PP-LCT-EVP-EV12,PP-LCT-EVP-EV12,PP-LCT-LGC-LECITINA > PP-LCT-LGC-EVAPORADORES > PP-LCT-EVP-EV12,PP > PP-LCT-LGC-LECITINA > PP-LCT-LGC-EVAPORADORES > PP-LCT-EVP-EV12,PP > PP-LCT-LGC-LECITINA > PP-LCT-LGC-EVAPORADORES > PP-LCT-EVP-EV12 > PP-LCT-BMB-BE42,184857,e873c32e-5e0c-4f36-b2a7-48d4917bce06-0002d219,Roofs,,Genérico - 400 mm,Genérico - 400 mm,,PP > PP-LCT-LGC-LECITINA > PP_LCT_VOTATOR,contenedor_scoring,184857,e873c32e-5e0c-4f36-b2a7-48d4917bce06-0002d219,PP > PP-LCT-LGC-LECITINA > PP_LCT_VOTATOR,3,77,NO,200,200,0,cluster_logico_mismo_sector,184857:200:PP > PP-LCT-LGC-LECITINA > PP_LCT_VOTATOR || 367233:200:PP > PP-LCT-LGC-LECITINA > PP_LCT_ESTANDARIZADO || 367512:200:PP > PP-LCT-LGC-LECITINA > PP_LCT_EVAPORADORES,PP-LCT-LGC-LECITINA,Cluster lógico: ancestro PP-LCT-LGC-LECITINA en 3 elementos Revit equivalentes.,ambiguo_falso_por_contenedor_duplicado,PP-LCT-LGC-LECITINA,184857;367233;367512,,,distributed,distribucion_round_robin_en_preparar_aplicar,PP,PP-LCT-LGC-LECITINA,PP_LCT_VOTATOR,,,,,,,,,,,,,,,,,,,,,,,,,,,,,,,,,,,,,,,,,,,,,,,,,,,,,,,,,,,,,,,,,,,,,,,,,,,,,
contenedor_logico_duplicado_distributed,contenedor_por_ancestro_project,PP-LCT-CLT-CL12,CALENTADOR DE EVAPORADOR 12 LECITINA | Grupo: PP-CLT EVAPORADORES,539,5,539,PP-LCT-EVP-EV12,PP-LCT-EVP-EV12,PP-LCT-LGC-LECITINA > PP-LCT-LGC-EVAPORADORES > PP-LCT-EVP-EV12,PP > PP-LCT-LGC-LECITINA > PP-LCT-LGC-EVAPORADORES > PP-LCT-EVP-EV12,PP > PP-LCT-LGC-LECITINA > PP-LCT-LGC-EVAPORADORES > PP-LCT-EVP-EV12 > PP-LCT-CLT-CL12,184857,e873c32e-5e0c-4f36-b2a7-48d4917bce06-0002d219,Roofs,,Genérico - 400 mm,Genérico - 400 mm,,PP > PP-LCT-LGC-LECITINA > PP_LCT_VOTATOR,contenedor_scoring,184857,e873c32e-5e0c-4f36-b2a7-48d4917bce06-0002d219,PP > PP-LCT-LGC-LECITINA > PP_LCT_VOTATOR,3,77,NO,200,200,0,cluster_logico_mismo_sector,184857:200:PP > PP-LCT-LGC-LECITINA > PP_LCT_VOTATOR || 367233:200:PP > PP-LCT-LGC-LECITINA > PP_LCT_ESTANDARIZADO || 367512:200:PP > PP-LCT-LGC-LECITINA > PP_LCT_EVAPORADORES,PP-LCT-LGC-LECITINA,Cluster lógico: ancestro PP-LCT-LGC-LECITINA en 3 elementos Revit equivalentes.,ambiguo_falso_por_contenedor_duplicado,PP-LCT-LGC-LECITINA,184857;367233;367512,,,distributed,distribucion_round_robin_en_preparar_aplicar,PP,PP-LCT-LGC-LECITINA,PP_LCT_VOTATOR,,,,,,,,,,,,,,,,,,,,,,,,,,,,,,,,,,,,,,,,,,,,,,,,,,,,,,,,,,,,,,,,,,,,,,,,,,,,,
contenedor_logico_duplicado_distributed,contenedor_por_ancestro_project,PP-LCT-EVP-EV13,EVAPORADOR LECITINA EV13 MOD. EPDA 1000 | Grupo: PP-EVP EVAP LCT EPDA 1000,540,4,540,PP-LCT-LGC-EVAPORADORES,PP-LCT-LGC-EVAPORADORES,PP-LCT-LGC-LECITINA > PP-LCT-LGC-EVAPORADORES,PP > PP-LCT-LGC-LECITINA > PP-LCT-LGC-EVAPORADORES,PP > PP-LCT-LGC-LECITINA > PP-LCT-LGC-EVAPORADORES > PP-LCT-EVP-EV13,184857,e873c32e-5e0c-4f36-b2a7-48d4917bce06-0002d219,Roofs,,Genérico - 400 mm,Genérico - 400 mm,,PP > PP-LCT-LGC-LECITINA > PP_LCT_VOTATOR,contenedor_scoring,184857,e873c32e-5e0c-4f36-b2a7-48d4917bce06-0002d219,PP > PP-LCT-LGC-LECITINA > PP_LCT_VOTATOR,3,77,NO,200,200,0,cluster_logico_mismo_sector,184857:200:PP > PP-LCT-LGC-LECITINA > PP_LCT_VOTATOR || 367233:200:PP > PP-LCT-LGC-LECITINA > PP_LCT_ESTANDARIZADO || 367512:200:PP > PP-LCT-LGC-LECITINA > PP_LCT_EVAPORADORES,PP-LCT-LGC-LECITINA,Cluster lógico: ancestro PP-LCT-LGC-LECITINA en 3 elementos Revit equivalentes.,ambiguo_falso_por_contenedor_duplicado,PP-LCT-LGC-LECITINA,184857;367233;367512,,,distributed,distribucion_round_robin_en_preparar_aplicar,PP,PP-LCT-LGC-LECITINA,PP_LCT_VOTATOR,,,,,,,,,,,,,,,,,,,,,,,,,,,,,,,,,,,,,,,,,,,,,,,,,,,,,,,,,,,,,,,,,,,,,,,,,,,,,
contenedor_logico_duplicado_distributed,contenedor_por_ancestro_project,PP-LCT-BMB-BE43,BE43 CARGA EV13 | Grupo: PP-BMB ENGR BE43,541,5,541,PP-LCT-EVP-EV13,PP-LCT-EVP-EV13,PP-LCT-LGC-LECITINA > PP-LCT-LGC-EVAPORADORES > PP-LCT-EVP-EV13,PP > PP-LCT-LGC-LECITINA > PP-LCT-LGC-EVAPORADORES > PP-LCT-EVP-EV13,PP > PP-LCT-LGC-LECITINA > PP-LCT-LGC-EVAPORADORES > PP-LCT-EVP-EV13 > PP-LCT-BMB-BE43,184857,e873c32e-5e0c-4f36-b2a7-48d4917bce06-0002d219,Roofs,,Genérico - 400 mm,Genérico - 400 mm,,PP > PP-LCT-LGC-LECITINA > PP_LCT_VOTATOR,contenedor_scoring,184857,e873c32e-5e0c-4f36-b2a7-48d4917bce06-0002d219,PP > PP-LCT-LGC-LECITINA > PP_LCT_VOTATOR,3,77,NO,200,200,0,cluster_logico_mismo_sector,184857:200:PP > PP-LCT-LGC-LECITINA > PP_LCT_VOTATOR || 367233:200:PP > PP-LCT-LGC-LECITINA > PP_LCT_ESTANDARIZADO || 367512:200:PP > PP-LCT-LGC-LECITINA > PP_LCT_EVAPORADORES,PP-LCT-LGC-LECITINA,Cluster lógico: ancestro PP-LCT-LGC-LECITINA en 3 elementos Revit equivalentes.,ambiguo_falso_por_contenedor_duplicado,PP-LCT-LGC-LECITINA,184857;367233;367512,,,distributed,distribucion_round_robin_en_preparar_aplicar,PP,PP-LCT-LGC-LECITINA,PP_LCT_VOTATOR,,,,,,,,,,,,,,,,,,,,,,,,,,,,,,,,,,,,,,,,,,,,,,,,,,,,,,,,,,,,,,,,,,,,,,,,,,,,,
contenedor_logico_duplicado_distributed,contenedor_por_ancestro_project,PP-LCT-BMB-BE44,BE44 DESCARGA EV13 | Grupo: PP-BMB ENGR BE44,542,5,542,PP-LCT-EVP-EV13,PP-LCT-EVP-EV13,PP-LCT-LGC-LECITINA > PP-LCT-LGC-EVAPORADORES > PP-LCT-EVP-EV13,PP > PP-LCT-LGC-LECITINA > PP-LCT-LGC-EVAPORADORES > PP-LCT-EVP-EV13,PP > PP-LCT-LGC-LECITINA > PP-LCT-LGC-EVAPORADORES > PP-LCT-EVP-EV13 > PP-LCT-BMB-BE44,184857,e873c32e-5e0c-4f36-b2a7-48d4917bce06-0002d219,Roofs,,Genérico - 400 mm,Genérico - 400 mm,,PP > PP-LCT-LGC-LECITINA > PP_LCT_VOTATOR,contenedor_scoring,184857,e873c32e-5e0c-4f36-b2a7-48d4917bce06-0002d219,PP > PP-LCT-LGC-LECITINA > PP_LCT_VOTATOR,3,77,NO,200,200,0,cluster_logico_mismo_sector,184857:200:PP > PP-LCT-LGC-LECITINA > PP_LCT_VOTATOR || 367233:200:PP > PP-LCT-LGC-LECITINA > PP_LCT_ESTANDARIZADO || 367512:200:PP > PP-LCT-LGC-LECITINA > PP_LCT_EVAPORADORES,PP-LCT-LGC-LECITINA,Cluster lógico: ancestro PP-LCT-LGC-LECITINA en 3 elementos Revit equivalentes.,ambiguo_falso_por_contenedor_duplicado,PP-LCT-LGC-LECITINA,184857;367233;367512,,,distributed,distribucion_round_robin_en_preparar_aplicar,PP,PP-LCT-LGC-LECITINA,PP_LCT_VOTATOR,,,,,,,,,,,,,,,,,,,,,,,,,,,,,,,,,,,,,,,,,,,,,,,,,,,,,,,,,,,,,,,,,,,,,,,,,,,,,
contenedor_logico_duplicado_distributed,contenedor_por_ancestro_project,PP-LCT-CLT-CL13,CALENTADOR DE EVAPORADOR 13 LECITINA | Grupo: PP-CLT EVAPORADORES,543,5,543,PP-LCT-EVP-EV13,PP-LCT-EVP-EV13,PP-LCT-LGC-LECITINA > PP-LCT-LGC-EVAPORADORES > PP-LCT-EVP-EV13,PP > PP-LCT-LGC-LECITINA > PP-LCT-LGC-EVAPORADORES > PP-LCT-EVP-EV13,PP > PP-LCT-LGC-LECITINA > PP-LCT-LGC-EVAPORADORES > PP-LCT-EVP-EV13 > PP-LCT-CLT-CL13,184857,e873c32e-5e0c-4f36-b2a7-48d4917bce06-0002d219,Roofs,,Genérico - 400 mm,Genérico - 400 mm,,PP > PP-LCT-LGC-LECITINA > PP_LCT_VOTATOR,contenedor_scoring,184857,e873c32e-5e0c-4f36-b2a7-48d4917bce06-0002d219,PP > PP-LCT-LGC-LECITINA > PP_LCT_VOTATOR,3,77,NO,200,200,0,cluster_logico_mismo_sector,184857:200:PP > PP-LCT-LGC-LECITINA > PP_LCT_VOTATOR || 367233:200:PP > PP-LCT-LGC-LECITINA > PP_LCT_ESTANDARIZADO || 367512:200:PP > PP-LCT-LGC-LECITINA > PP_LCT_EVAPORADORES,PP-LCT-LGC-LECITINA,Cluster lógico: ancestro PP-LCT-LGC-LECITINA en 3 elementos Revit equivalentes.,ambiguo_falso_por_contenedor_duplicado,PP-LCT-LGC-LECITINA,184857;367233;367512,,,distributed,distribucion_round_robin_en_preparar_aplicar,PP,PP-LCT-LGC-LECITINA,PP_LCT_VOTATOR,,,,,,,,,,,,,,,,,,,,,,,,,,,,,,,,,,,,,,,,,,,,,,,,,,,,,,,,,,,,,,,,,,,,,,,,,,,,,
contenedor_logico_duplicado_distributed,contenedor_por_ancestro_project,PP-LCT-EVP-EV14,EVAPORADOR 14 LECITINA  MOD. EPDA 1000 | Grupo: PP-EVP EVAP LCT EPDA 1000,544,4,544,PP-LCT-LGC-EVAPORADORES,PP-LCT-LGC-EVAPORADORES,PP-LCT-LGC-LECITINA > PP-LCT-LGC-EVAPORADORES,PP > PP-LCT-LGC-LECITINA > PP-LCT-LGC-EVAPORADORES,PP > PP-LCT-LGC-LECITINA > PP-LCT-LGC-EVAPORADORES > PP-LCT-EVP-EV14,184857,e873c32e-5e0c-4f36-b2a7-48d4917bce06-0002d219,Roofs,,Genérico - 400 mm,Genérico - 400 mm,,PP > PP-LCT-LGC-LECITINA > PP_LCT_VOTATOR,contenedor_scoring,184857,e873c32e-5e0c-4f36-b2a7-48d4917bce06-0002d219,PP > PP-LCT-LGC-LECITINA > PP_LCT_VOTATOR,3,77,NO,200,200,0,cluster_logico_mismo_sector,184857:200:PP > PP-LCT-LGC-LECITINA > PP_LCT_VOTATOR || 367233:200:PP > PP-LCT-LGC-LECITINA > PP_LCT_ESTANDARIZADO || 367512:200:PP > PP-LCT-LGC-LECITINA > PP_LCT_EVAPORADORES,PP-LCT-LGC-LECITINA,Cluster lógico: ancestro PP-LCT-LGC-LECITINA en 3 elementos Revit equivalentes.,ambiguo_falso_por_contenedor_duplicado,PP-LCT-LGC-LECITINA,184857;367233;367512,,,distributed,distribucion_round_robin_en_preparar_aplicar,PP,PP-LCT-LGC-LECITINA,PP_LCT_VOTATOR,,,,,,,,,,,,,,,,,,,,,,,,,,,,,,,,,,,,,,,,,,,,,,,,,,,,,,,,,,,,,,,,,,,,,,,,,,,,,
contenedor_logico_duplicado_distributed,contenedor_por_ancestro_project,PP-LCT-BMB-BE46,BE46 CARGA EV14 | Grupo: PP-BMB ENGR BE46,545,5,545,PP-LCT-EVP-EV14,PP-LCT-EVP-EV14,PP-LCT-LGC-LECITINA > PP-LCT-LGC-EVAPORADORES > PP-LCT-EVP-EV14,PP > PP-LCT-LGC-LECITINA > PP-LCT-LGC-EVAPORADORES > PP-LCT-EVP-EV14,PP > PP-LCT-LGC-LECITINA > PP-LCT-LGC-EVAPORADORES > PP-LCT-EVP-EV14 > PP-LCT-BMB-BE46,184857,e873c32e-5e0c-4f36-b2a7-48d4917bce06-0002d219,Roofs,,Genérico - 400 mm,Genérico - 400 mm,,PP > PP-LCT-LGC-LECITINA > PP_LCT_VOTATOR,contenedor_scoring,184857,e873c32e-5e0c-4f36-b2a7-48d4917bce06-0002d219,PP > PP-LCT-LGC-LECITINA > PP_LCT_VOTATOR,3,77,NO,200,200,0,cluster_logico_mismo_sector,184857:200:PP > PP-LCT-LGC-LECITINA > PP_LCT_VOTATOR || 367233:200:PP > PP-LCT-LGC-LECITINA > PP_LCT_ESTANDARIZADO || 367512:200:PP > PP-LCT-LGC-LECITINA > PP_LCT_EVAPORADORES,PP-LCT-LGC-LECITINA,Cluster lógico: ancestro PP-LCT-LGC-LECITINA en 3 elementos Revit equivalentes.,ambiguo_falso_por_contenedor_duplicado,PP-LCT-LGC-LECITINA,184857;367233;367512,,,distributed,distribucion_round_robin_en_preparar_aplicar,PP,PP-LCT-LGC-LECITINA,PP_LCT_VOTATOR,,,,,,,,,,,,,,,,,,,,,,,,,,,,,,,,,,,,,,,,,,,,,,,,,,,,,,,,,,,,,,,,,,,,,,,,,,,,,
contenedor_logico_duplicado_distributed,contenedor_por_ancestro_project,PP-LCT-BMB-BE47,BE47 DESCARGA EV14 | Grupo: PP-BMB ENGR BE47,546,5,546,PP-LCT-EVP-EV14,PP-LCT-EVP-EV14,PP-LCT-LGC-LECITINA > PP-LCT-LGC-EVAPORADORES > PP-LCT-EVP-EV14,PP > PP-LCT-LGC-LECITINA > PP-LCT-LGC-EVAPORADORES > PP-LCT-EVP-EV14,PP > PP-LCT-LGC-LECITINA > PP-LCT-LGC-EVAPORADORES > PP-LCT-EVP-EV14 > PP-LCT-BMB-BE47,184857,e873c32e-5e0c-4f36-b2a7-48d4917bce06-0002d219,Roofs,,Genérico - 400 mm,Genérico - 400 mm,,PP > PP-LCT-LGC-LECITINA > PP_LCT_VOTATOR,contenedor_scoring,184857,e873c32e-5e0c-4f36-b2a7-48d4917bce06-0002d219,PP > PP-LCT-LGC-LECITINA > PP_LCT_VOTATOR,3,77,NO,200,200,0,cluster_logico_mismo_sector,184857:200:PP > PP-LCT-LGC-LECITINA > PP_LCT_VOTATOR || 367233:200:PP > PP-LCT-LGC-LECITINA > PP_LCT_ESTANDARIZADO || 367512:200:PP > PP-LCT-LGC-LECITINA > PP_LCT_EVAPORADORES,PP-LCT-LGC-LECITINA,Cluster lógico: ancestro PP-LCT-LGC-LECITINA en 3 elementos Revit equivalentes.,ambiguo_falso_por_contenedor_duplicado,PP-LCT-LGC-LECITINA,184857;367233;367512,,,distributed,distribucion_round_robin_en_preparar_aplicar,PP,PP-LCT-LGC-LECITINA,PP_LCT_VOTATOR,,,,,,,,,,,,,,,,,,,,,,,,,,,,,,,,,,,,,,,,,,,,,,,,,,,,,,,,,,,,,,,,,,,,,,,,,,,,,
contenedor_logico_duplicado_distributed,contenedor_por_ancestro_project,PP-LCT-CLT-CL14,CALENTADOR DE EVAPORADOR 14 LECITINA | Grupo: PP-CLT EVAP CL14,547,5,547,PP-LCT-EVP-EV14,PP-LCT-EVP-EV14,PP-LCT-LGC-LECITINA > PP-LCT-LGC-EVAPORADORES > PP-LCT-EVP-EV14,PP > PP-LCT-LGC-LECITINA > PP-LCT-LGC-EVAPORADORES > PP-LCT-EVP-EV14,PP > PP-LCT-LGC-LECITINA > PP-LCT-LGC-EVAPORADORES > PP-LCT-EVP-EV14 > PP-LCT-CLT-CL14,184857,e873c32e-5e0c-4f36-b2a7-48d4917bce06-0002d219,Roofs,,Genérico - 400 mm,Genérico - 400 mm,,PP > PP-LCT-LGC-LECITINA > PP_LCT_VOTATOR,contenedor_scoring,184857,e873c32e-5e0c-4f36-b2a7-48d4917bce06-0002d219,PP > PP-LCT-LGC-LECITINA > PP_LCT_VOTATOR,3,77,NO,200,200,0,cluster_logico_mismo_sector,184857:200:PP > PP-LCT-LGC-LECITINA > PP_LCT_VOTATOR || 367233:200:PP > PP-LCT-LGC-LECITINA > PP_LCT_ESTANDARIZADO || 367512:200:PP > PP-LCT-LGC-LECITINA > PP_LCT_EVAPORADORES,PP-LCT-LGC-LECITINA,Cluster lógico: ancestro PP-LCT-LGC-LECITINA en 3 elementos Revit equivalentes.,ambiguo_falso_por_contenedor_duplicado,PP-LCT-LGC-LECITINA,184857;367233;367512,,,distributed,distribucion_round_robin_en_preparar_aplicar,PP,PP-LCT-LGC-LECITINA,PP_LCT_VOTATOR,,,,,,,,,,,,,,,,,,,,,,,,,,,,,,,,,,,,,,,,,,,,,,,,,,,,,,,,,,,,,,,,,,,,,,,,,,,,,
contenedor_logico_duplicado_distributed,contenedor_por_ancestro_project,PP-LCT-INT-NT100X,INTERCAMBIADOR DE CALOR EVAPORADOR EV14 | Grupo: PP-INTERC NT100X,548,5,548,PP-LCT-EVP-EV14,PP-LCT-EVP-EV14,PP-LCT-LGC-LECITINA > PP-LCT-LGC-EVAPORADORES > PP-LCT-EVP-EV14,PP > PP-LCT-LGC-LECITINA > PP-LCT-LGC-EVAPORADORES > PP-LCT-EVP-EV14,PP > PP-LCT-LGC-LECITINA > PP-LCT-LGC-EVAPORADORES > PP-LCT-EVP-EV14 > PP-LCT-INT-NT100X,184857,e873c32e-5e0c-4f36-b2a7-48d4917bce06-0002d219,Roofs,,Genérico - 400 mm,Genérico - 400 mm,,PP > PP-LCT-LGC-LECITINA > PP_LCT_VOTATOR,contenedor_scoring,184857,e873c32e-5e0c-4f36-b2a7-48d4917bce06-0002d219,PP > PP-LCT-LGC-LECITINA > PP_LCT_VOTATOR,3,77,NO,200,200,0,cluster_logico_mismo_sector,184857:200:PP > PP-LCT-LGC-LECITINA > PP_LCT_VOTATOR || 367233:200:PP > PP-LCT-LGC-LECITINA > PP_LCT_ESTANDARIZADO || 367512:200:PP > PP-LCT-LGC-LECITINA > PP_LCT_EVAPORADORES,PP-LCT-LGC-LECITINA,Cluster lógico: ancestro PP-LCT-LGC-LECITINA en 3 elementos Revit equivalentes.,ambiguo_falso_por_contenedor_duplicado,PP-LCT-LGC-LECITINA,184857;367233;367512,,,distributed,distribucion_round_robin_en_preparar_aplicar,PP,PP-LCT-LGC-LECITINA,PP_LCT_VOTATOR,,,,,,,,,,,,,,,,,,,,,,,,,,,,,,,,,,,,,,,,,,,,,,,,,,,,,,,,,,,,,,,,,,,,,,,,,,,,,
contenedor_logico_duplicado_distributed,contenedor_por_ancestro_project,PP-LCT-EVP-EV15,EVAPORADOR 15 LECITINA MOD. EPDA 1000 | Grupo: PP-EVP EVAP LCT EPDA 1000,549,4,549,PP-LCT-LGC-EVAPORADORES,PP-LCT-LGC-EVAPORADORES,PP-LCT-LGC-LECITINA > PP-LCT-LGC-EVAPORADORES,PP > PP-LCT-LGC-LECITINA > PP-LCT-LGC-EVAPORADORES,PP > PP-LCT-LGC-LECITINA > PP-LCT-LGC-EVAPORADORES > PP-LCT-EVP-EV15,184857,e873c32e-5e0c-4f36-b2a7-48d4917bce06-0002d219,Roofs,,Genérico - 400 mm,Genérico - 400 mm,,PP > PP-LCT-LGC-LECITINA > PP_LCT_VOTATOR,contenedor_scoring,184857,e873c32e-5e0c-4f36-b2a7-48d4917bce06-0002d219,PP > PP-LCT-LGC-LECITINA > PP_LCT_VOTATOR,3,77,NO,200,200,0,cluster_logico_mismo_sector,184857:200:PP > PP-LCT-LGC-LECITINA > PP_LCT_VOTATOR || 367233:200:PP > PP-LCT-LGC-LECITINA > PP_LCT_ESTANDARIZADO || 367512:200:PP > PP-LCT-LGC-LECITINA > PP_LCT_EVAPORADORES,PP-LCT-LGC-LECITINA,Cluster lógico: ancestro PP-LCT-LGC-LECITINA en 3 elementos Revit equivalentes.,ambiguo_falso_por_contenedor_duplicado,PP-LCT-LGC-LECITINA,184857;367233;367512,,,distributed,distribucion_round_robin_en_preparar_aplicar,PP,PP-LCT-LGC-LECITINA,PP_LCT_VOTATOR,,,,,,,,,,,,,,,,,,,,,,,,,,,,,,,,,,,,,,,,,,,,,,,,,,,,,,,,,,,,,,,,,,,,,,,,,,,,,
contenedor_logico_duplicado_distributed,contenedor_por_ancestro_project,PP-LCT-BMB-BE01,BOMBA BE01 SACA DE 15 EVAP A TK COLECTOR | Grupo: PP-BMB ENGR BE01,550,5,550,PP-LCT-EVP-EV15,PP-LCT-EVP-EV15,PP-LCT-LGC-LECITINA > PP-LCT-LGC-EVAPORADORES > PP-LCT-EVP-EV15,PP > PP-LCT-LGC-LECITINA > PP-LCT-LGC-EVAPORADORES > PP-LCT-EVP-EV15,PP > PP-LCT-LGC-LECITINA > PP-LCT-LGC-EVAPORADORES > PP-LCT-EVP-EV15 > PP-LCT-BMB-BE01,184857,e873c32e-5e0c-4f36-b2a7-48d4917bce06-0002d219,Roofs,,Genérico - 400 mm,Genérico - 400 mm,,PP > PP-LCT-LGC-LECITINA > PP_LCT_VOTATOR,contenedor_scoring,184857,e873c32e-5e0c-4f36-b2a7-48d4917bce06-0002d219,PP > PP-LCT-LGC-LECITINA > PP_LCT_VOTATOR,3,77,NO,200,200,0,cluster_logico_mismo_sector,184857:200:PP > PP-LCT-LGC-LECITINA > PP_LCT_VOTATOR || 367233:200:PP > PP-LCT-LGC-LECITINA > PP_LCT_ESTANDARIZADO || 367512:200:PP > PP-LCT-LGC-LECITINA > PP_LCT_EVAPORADORES,PP-LCT-LGC-LECITINA,Cluster lógico: ancestro PP-LCT-LGC-LECITINA en 3 elementos Revit equivalentes.,ambiguo_falso_por_contenedor_duplicado,PP-LCT-LGC-LECITINA,184857;367233;367512,,,distributed,distribucion_round_robin_en_preparar_aplicar,PP,PP-LCT-LGC-LECITINA,PP_LCT_VOTATOR,,,,,,,,,,,,,,,,,,,,,,,,,,,,,,,,,,,,,,,,,,,,,,,,,,,,,,,,,,,,,,,,,,,,,,,,,,,,,
contenedor_logico_duplicado_distributed,contenedor_por_ancestro_project,PP-LCT-BMB-BE03,BOMBA BE03 CARGA EV15 | Grupo: PP-BMB ENGR BE03,551,5,551,PP-LCT-EVP-EV15,PP-LCT-EVP-EV15,PP-LCT-LGC-LECITINA > PP-LCT-LGC-EVAPORADORES > PP-LCT-EVP-EV15,PP > PP-LCT-LGC-LECITINA > PP-LCT-LGC-EVAPORADORES > PP-LCT-EVP-EV15,PP > PP-LCT-LGC-LECITINA > PP-LCT-LGC-EVAPORADORES > PP-LCT-EVP-EV15 > PP-LCT-BMB-BE03,184857,e873c32e-5e0c-4f36-b2a7-48d4917bce06-0002d219,Roofs,,Genérico - 400 mm,Genérico - 400 mm,,PP > PP-LCT-LGC-LECITINA > PP_LCT_VOTATOR,contenedor_scoring,184857,e873c32e-5e0c-4f36-b2a7-48d4917bce06-0002d219,PP > PP-LCT-LGC-LECITINA > PP_LCT_VOTATOR,3,77,NO,200,200,0,cluster_logico_mismo_sector,184857:200:PP > PP-LCT-LGC-LECITINA > PP_LCT_VOTATOR || 367233:200:PP > PP-LCT-LGC-LECITINA > PP_LCT_ESTANDARIZADO || 367512:200:PP > PP-LCT-LGC-LECITINA > PP_LCT_EVAPORADORES,PP-LCT-LGC-LECITINA,Cluster lógico: ancestro PP-LCT-LGC-LECITINA en 3 elementos Revit equivalentes.,ambiguo_falso_por_contenedor_duplicado,PP-LCT-LGC-LECITINA,184857;367233;367512,,,distributed,distribucion_round_robin_en_preparar_aplicar,PP,PP-LCT-LGC-LECITINA,PP_LCT_VOTATOR,,,,,,,,,,,,,,,,,,,,,,,,,,,,,,,,,,,,,,,,,,,,,,,,,,,,,,,,,,,,,,,,,,,,,,,,,,,,,
contenedor_logico_duplicado_distributed,contenedor_por_ancestro_project,PP-LCT-CLT-CL15,CALENTADOR DE EVAPORADOR 15 LECITINA | Grupo: PP-CLT EVAPORADORES,552,5,552,PP-LCT-EVP-EV15,PP-LCT-EVP-EV15,PP-LCT-LGC-LECITINA > PP-LCT-LGC-EVAPORADORES > PP-LCT-EVP-EV15,PP > PP-LCT-LGC-LECITINA > PP-LCT-LGC-EVAPORADORES > PP-LCT-EVP-EV15,PP > PP-LCT-LGC-LECITINA > PP-LCT-LGC-EVAPORADORES > PP-LCT-EVP-EV15 > PP-LCT-CLT-CL15,184857,e873c32e-5e0c-4f36-b2a7-48d4917bce06-0002d219,Roofs,,Genérico - 400 mm,Genérico - 400 mm,,PP > PP-LCT-LGC-LECITINA > PP_LCT_VOTATOR,contenedor_scoring,184857,e873c32e-5e0c-4f36-b2a7-48d4917bce06-0002d219,PP > PP-LCT-LGC-LECITINA > PP_LCT_VOTATOR,3,77,NO,200,200,0,cluster_logico_mismo_sector,184857:200:PP > PP-LCT-LGC-LECITINA > PP_LCT_VOTATOR || 367233:200:PP > PP-LCT-LGC-LECITINA > PP_LCT_ESTANDARIZADO || 367512:200:PP > PP-LCT-LGC-LECITINA > PP_LCT_EVAPORADORES,PP-LCT-LGC-LECITINA,Cluster lógico: ancestro PP-LCT-LGC-LECITINA en 3 elementos Revit equivalentes.,ambiguo_falso_por_contenedor_duplicado,PP-LCT-LGC-LECITINA,184857;367233;367512,,,distributed,distribucion_round_robin_en_preparar_aplicar,PP,PP-LCT-LGC-LECITINA,PP_LCT_VOTATOR,,,,,,,,,,,,,,,,,,,,,,,,,,,,,,,,,,,,,,,,,,,,,,,,,,,,,,,,,,,,,,,,,,,,,,,,,,,,,
contenedor_logico_duplicado_distributed,contenedor_por_ancestro_project,PP-LCT-INT-TL10-BFG,INTERCAMBIADOR DE CALOR EVAPORADOR EV15 | Grupo: PP-INTERC TL10-BFG,553,5,553,PP-LCT-EVP-EV15,PP-LCT-EVP-EV15,PP-LCT-LGC-LECITINA > PP-LCT-LGC-EVAPORADORES > PP-LCT-EVP-EV15,PP > PP-LCT-LGC-LECITINA > PP-LCT-LGC-EVAPORADORES > PP-LCT-EVP-EV15,PP > PP-LCT-LGC-LECITINA > PP-LCT-LGC-EVAPORADORES > PP-LCT-EVP-EV15 > PP-LCT-INT-TL10-BFG,184857,e873c32e-5e0c-4f36-b2a7-48d4917bce06-0002d219,Roofs,,Genérico - 400 mm,Genérico - 400 mm,,PP > PP-LCT-LGC-LECITINA > PP_LCT_VOTATOR,contenedor_scoring,184857,e873c32e-5e0c-4f36-b2a7-48d4917bce06-0002d219,PP > PP-LCT-LGC-LECITINA > PP_LCT_VOTATOR,3,77,NO,200,200,0,cluster_logico_mismo_sector,184857:200:PP > PP-LCT-LGC-LECITINA > PP_LCT_VOTATOR || 367233:200:PP > PP-LCT-LGC-LECITINA > PP_LCT_ESTANDARIZADO || 367512:200:PP > PP-LCT-LGC-LECITINA > PP_LCT_EVAPORADORES,PP-LCT-LGC-LECITINA,Cluster lógico: ancestro PP-LCT-LGC-LECITINA en 3 elementos Revit equivalentes.,ambiguo_falso_por_contenedor_duplicado,PP-LCT-LGC-LECITINA,184857;367233;367512,,,distributed,distribucion_round_robin_en_preparar_aplicar,PP,PP-LCT-LGC-LECITINA,PP_LCT_VOTATOR,,,,,,,,,,,,,,,,,,,,,,,,,,,,,,,,,,,,,,,,,,,,,,,,,,,,,,,,,,,,,,,,,,,,,,,,,,,,,
contenedor_logico_duplicado_distributed,contenedor_por_ancestro_project,PP-LCT-LGC-PILETA,SECTOR PILETA BAROMETRICA DE LECITINA | Grupo: PP-SECTOR PLT BAROM,554,3,554,PP-LCT-LGC-LECITINA,PP-LCT-LGC-LECITINA,PP-LCT-LGC-LECITINA,PP > PP-LCT-LGC-LECITINA,PP > PP-LCT-LGC-LECITINA > PP-LCT-LGC-PILETA BAROMETRICA,184857,e873c32e-5e0c-4f36-b2a7-48d4917bce06-0002d219,Roofs,,Genérico - 400 mm,Genérico - 400 mm,,PP > PP-LCT-LGC-LECITINA > PP_LCT_VOTATOR,contenedor_scoring,184857,e873c32e-5e0c-4f36-b2a7-48d4917bce06-0002d219,PP > PP-LCT-LGC-LECITINA > PP_LCT_VOTATOR,3,77,NO,200,200,0,cluster_logico_mismo_sector,184857:200:PP > PP-LCT-LGC-LECITINA > PP_LCT_VOTATOR || 367233:200:PP > PP-LCT-LGC-LECITINA > PP_LCT_ESTANDARIZADO || 367512:200:PP > PP-LCT-LGC-LECITINA > PP_LCT_EVAPORADORES,PP-LCT-LGC-LECITINA,Cluster lógico: ancestro PP-LCT-LGC-LECITINA en 3 elementos Revit equivalentes.,ambiguo_falso_por_contenedor_duplicado,PP-LCT-LGC-LECITINA,184857;367233;367512,,,distributed,distribucion_round_robin_en_preparar_aplicar,PP,PP-LCT-LGC-LECITINA,PP_LCT_VOTATOR,,,,,,,,,,,,,,,,,,,,,,,,,,,,,,,,,,,,,,,,,,,,,,,,,,,,,,,,,,,,,,,,,,,,,,,,,,,,,
contenedor_logico_duplicado_distributed,contenedor_por_ancestro_project,PP-LCT-BMB-BA01,BOMBA BA01 RECIRCULACION CONDENSADO | Grupo: PP-BMB CENTRIF BA01,555,4,555,PP-LCT-LGC-PILETA BAROMETRICA,PP-LCT-LGC-PILETA,PP-LCT-LGC-LECITINA > PP-LCT-LGC-PILETA,PP > PP-LCT-LGC-LECITINA > PP-LCT-LGC-PILETA BAROMETRICA,PP > PP-LCT-LGC-LECITINA > PP-LCT-LGC-PILETA BAROMETRICA > PP-LCT-BMB-BA01,184857,e873c32e-5e0c-4f36-b2a7-48d4917bce06-0002d219,Roofs,,Genérico - 400 mm,Genérico - 400 mm,,PP > PP-LCT-LGC-LECITINA > PP_LCT_VOTATOR,contenedor_scoring,184857,e873c32e-5e0c-4f36-b2a7-48d4917bce06-0002d219,PP > PP-LCT-LGC-LECITINA > PP_LCT_VOTATOR,3,77,NO,200,200,0,cluster_logico_mismo_sector,184857:200:PP > PP-LCT-LGC-LECITINA > PP_LCT_VOTATOR || 367233:200:PP > PP-LCT-LGC-LECITINA > PP_LCT_ESTANDARIZADO || 367512:200:PP > PP-LCT-LGC-LECITINA > PP_LCT_EVAPORADORES,PP-LCT-LGC-LECITINA,Cluster lógico: ancestro PP-LCT-LGC-LECITINA en 3 elementos Revit equivalentes.,ambiguo_falso_por_contenedor_duplicado,PP-LCT-LGC-LECITINA,184857;367233;367512,,,distributed,distribucion_round_robin_en_preparar_aplicar,PP,PP-LCT-LGC-LECITINA,PP_LCT_VOTATOR,,,,,,,,,,,,,,,,,,,,,,,,,,,,,,,,,,,,,,,,,,,,,,,,,,,,,,,,,,,,,,,,,,,,,,,,,,,,,
contenedor_logico_duplicado_distributed,contenedor_por_ancestro_project,PP-LCT-BMB-BA02,SELLO BAROMETRICO LECITINA LADO OESTE | Grupo: PP-BMB CENTRIF BA02,556,4,556,PP-LCT-LGC-PILETA BAROMETRICA,PP-LCT-LGC-PILETA,PP-LCT-LGC-LECITINA > PP-LCT-LGC-PILETA,PP > PP-LCT-LGC-LECITINA > PP-LCT-LGC-PILETA BAROMETRICA,PP > PP-LCT-LGC-LECITINA > PP-LCT-LGC-PILETA BAROMETRICA > PP-LCT-BMB-BA02,184857,e873c32e-5e0c-4f36-b2a7-48d4917bce06-0002d219,Roofs,,Genérico - 400 mm,Genérico - 400 mm,,PP > PP-LCT-LGC-LECITINA > PP_LCT_VOTATOR,contenedor_scoring,184857,e873c32e-5e0c-4f36-b2a7-48d4917bce06-0002d219,PP > PP-LCT-LGC-LECITINA > PP_LCT_VOTATOR,3,77,NO,200,200,0,cluster_logico_mismo_sector,184857:200:PP > PP-LCT-LGC-LECITINA > PP_LCT_VOTATOR || 367233:200:PP > PP-LCT-LGC-LECITINA > PP_LCT_ESTANDARIZADO || 367512:200:PP > PP-LCT-LGC-LECITINA > PP_LCT_EVAPORADORES,PP-LCT-LGC-LECITINA,Cluster lógico: ancestro PP-LCT-LGC-LECITINA en 3 elementos Revit equivalentes.,ambiguo_falso_por_contenedor_duplicado,PP-LCT-LGC-LECITINA,184857;367233;367512,,,distributed,distribucion_round_robin_en_preparar_aplicar,PP,PP-LCT-LGC-LECITINA,PP_LCT_VOTATOR,,,,,,,,,,,,,,,,,,,,,,,,,,,,,,,,,,,,,,,,,,,,,,,,,,,,,,,,,,,,,,,,,,,,,,,,,,,,,
contenedor_logico_duplicado_distributed,contenedor_por_ancestro_project,PP-LCT-BMB-BA07,SELLO BAROMETRICO LECITINA LADO OESTE | Grupo: PP-BMB CENTRIF BA07,557,4,557,PP-LCT-LGC-PILETA BAROMETRICA,PP-LCT-LGC-PILETA,PP-LCT-LGC-LECITINA > PP-LCT-LGC-PILETA,PP > PP-LCT-LGC-LECITINA > PP-LCT-LGC-PILETA BAROMETRICA,PP > PP-LCT-LGC-LECITINA > PP-LCT-LGC-PILETA BAROMETRICA > PP-LCT-BMB-BA07,184857,e873c32e-5e0c-4f36-b2a7-48d4917bce06-0002d219,Roofs,,Genérico - 400 mm,Genérico - 400 mm,,PP > PP-LCT-LGC-LECITINA > PP_LCT_VOTATOR,contenedor_scoring,184857,e873c32e-5e0c-4f36-b2a7-48d4917bce06-0002d219,PP > PP-LCT-LGC-LECITINA > PP_LCT_VOTATOR,3,77,NO,200,200,0,cluster_logico_mismo_sector,184857:200:PP > PP-LCT-LGC-LECITINA > PP_LCT_VOTATOR || 367233:200:PP > PP-LCT-LGC-LECITINA > PP_LCT_ESTANDARIZADO || 367512:200:PP > PP-LCT-LGC-LECITINA > PP_LCT_EVAPORADORES,PP-LCT-LGC-LECITINA,Cluster lógico: ancestro PP-LCT-LGC-LECITINA en 3 elementos Revit equivalentes.,ambiguo_falso_por_contenedor_duplicado,PP-LCT-LGC-LECITINA,184857;367233;367512,,,distributed,distribucion_round_robin_en_preparar_aplicar,PP,PP-LCT-LGC-LECITINA,PP_LCT_VOTATOR,,,,,,,,,,,,,,,,,,,,,,,,,,,,,,,,,,,,,,,,,,,,,,,,,,,,,,,,,,,,,,,,,,,,,,,,,,,,,
contenedor_logico_duplicado_distributed,contenedor_por_ancestro_project,PP-LCT-BMB-BA08,BA08 SELLO BAROMETRICO LECITINA EV14 | Grupo: PP-BMB CENTRIF BA08,558,4,558,PP-LCT-LGC-PILETA BAROMETRICA,PP-LCT-LGC-PILETA,PP-LCT-LGC-LECITINA > PP-LCT-LGC-PILETA,PP > PP-LCT-LGC-LECITINA > PP-LCT-LGC-PILETA BAROMETRICA,PP > PP-LCT-LGC-LECITINA > PP-LCT-LGC-PILETA BAROMETRICA > PP-LCT-BMB-BA08,184857,e873c32e-5e0c-4f36-b2a7-48d4917bce06-0002d219,Roofs,,Genérico - 400 mm,Genérico - 400 mm,,PP > PP-LCT-LGC-LECITINA > PP_LCT_VOTATOR,contenedor_scoring,184857,e873c32e-5e0c-4f36-b2a7-48d4917bce06-0002d219,PP > PP-LCT-LGC-LECITINA > PP_LCT_VOTATOR,3,77,NO,200,200,0,cluster_logico_mismo_sector,184857:200:PP > PP-LCT-LGC-LECITINA > PP_LCT_VOTATOR || 367233:200:PP > PP-LCT-LGC-LECITINA > PP_LCT_ESTANDARIZADO || 367512:200:PP > PP-LCT-LGC-LECITINA > PP_LCT_EVAPORADORES,PP-LCT-LGC-LECITINA,Cluster lógico: ancestro PP-LCT-LGC-LECITINA en 3 elementos Revit equivalentes.,ambiguo_falso_por_contenedor_duplicado,PP-LCT-LGC-LECITINA,184857;367233;367512,,,distributed,distribucion_round_robin_en_preparar_aplicar,PP,PP-LCT-LGC-LECITINA,PP_LCT_VOTATOR,,,,,,,,,,,,,,,,,,,,,,,,,,,,,,,,,,,,,,,,,,,,,,,,,,,,,,,,,,,,,,,,,,,,,,,,,,,,,
contenedor_logico_duplicado_distributed,contenedor_por_ancestro_project,PP-LCT-INT-INTBARNOR,INTERCAMBIADOR A PLACAS PILETA BAROMETRICA LADO NORTE NT100X CDL-10 GEA ECOFLEX | Grupo: PP-INT INTBARNOR,559,4,559,PP-LCT-LGC-PILETA BAROMETRICA,PP-LCT-LGC-PILETA,PP-LCT-LGC-LECITINA > PP-LCT-LGC-PILETA,PP > PP-LCT-LGC-LECITINA > PP-LCT-LGC-PILETA BAROMETRICA,PP > PP-LCT-LGC-LECITINA > PP-LCT-LGC-PILETA BAROMETRICA > PP-LCT-INT-INTBARNOR,184857,e873c32e-5e0c-4f36-b2a7-48d4917bce06-0002d219,Roofs,,Genérico - 400 mm,Genérico - 400 mm,,PP > PP-LCT-LGC-LECITINA > PP_LCT_VOTATOR,contenedor_scoring,184857,e873c32e-5e0c-4f36-b2a7-48d4917bce06-0002d219,PP > PP-LCT-LGC-LECITINA > PP_LCT_VOTATOR,3,77,NO,200,200,0,cluster_logico_mismo_sector,184857:200:PP > PP-LCT-LGC-LECITINA > PP_LCT_VOTATOR || 367233:200:PP > PP-LCT-LGC-LECITINA > PP_LCT_ESTANDARIZADO || 367512:200:PP > PP-LCT-LGC-LECITINA > PP_LCT_EVAPORADORES,PP-LCT-LGC-LECITINA,Cluster lógico: ancestro PP-LCT-LGC-LECITINA en 3 elementos Revit equivalentes.,ambiguo_falso_por_contenedor_duplicado,PP-LCT-LGC-LECITINA,184857;367233;367512,,,distributed,distribucion_round_robin_en_preparar_aplicar,PP,PP-LCT-LGC-LECITINA,PP_LCT_VOTATOR,,,,,,,,,,,,,,,,,,,,,,,,,,,,,,,,,,,,,,,,,,,,,,,,,,,,,,,,,,,,,,,,,,,,,,,,,,,,,
contenedor_logico_duplicado_distributed,contenedor_por_ancestro_project,PP-LCT-INT-INTBARSUR,INTERCAMBIADOR A PLACAS PILETA BAROMETRICA LADO SUR  LT10-BFG ALFA LAVAL | Grupo: PP-INT INTBARSUR,560,4,560,PP-LCT-LGC-PILETA BAROMETRICA,PP-LCT-LGC-PILETA,PP-LCT-LGC-LECITINA > PP-LCT-LGC-PILETA,PP > PP-LCT-LGC-LECITINA > PP-LCT-LGC-PILETA BAROMETRICA,PP > PP-LCT-LGC-LECITINA > PP-LCT-LGC-PILETA BAROMETRICA > PP-LCT-INT-INTBARSUR,184857,e873c32e-5e0c-4f36-b2a7-48d4917bce06-0002d219,Roofs,,Genérico - 400 mm,Genérico - 400 mm,,PP > PP-LCT-LGC-LECITINA > PP_LCT_VOTATOR,contenedor_scoring,184857,e873c32e-5e0c-4f36-b2a7-48d4917bce06-0002d219,PP > PP-LCT-LGC-LECITINA > PP_LCT_VOTATOR,3,77,NO,200,200,0,cluster_logico_mismo_sector,184857:200:PP > PP-LCT-LGC-LECITINA > PP_LCT_VOTATOR || 367233:200:PP > PP-LCT-LGC-LECITINA > PP_LCT_ESTANDARIZADO || 367512:200:PP > PP-LCT-LGC-LECITINA > PP_LCT_EVAPORADORES,PP-LCT-LGC-LECITINA,Cluster lógico: ancestro PP-LCT-LGC-LECITINA en 3 elementos Revit equivalentes.,ambiguo_falso_por_contenedor_duplicado,PP-LCT-LGC-LECITINA,184857;367233;367512,,,distributed,distribucion_round_robin_en_preparar_aplicar,PP,PP-LCT-LGC-LECITINA,PP_LCT_VOTATOR,,,,,,,,,,,,,,,,,,,,,,,,,,,,,,,,,,,,,,,,,,,,,,,,,,,,,,,,,,,,,,,,,,,,,,,,,,,,,
contenedor_logico_duplicado_distributed,contenedor_por_ancestro_project,PP-LCT-PLT-PILETA,PILETA BAROMETRICA | Grupo: PP-PLT BAROMETRICA,561,4,561,PP-LCT-LGC-PILETA BAROMETRICA,PP-LCT-LGC-PILETA,PP-LCT-LGC-LECITINA > PP-LCT-LGC-PILETA,PP > PP-LCT-LGC-LECITINA > PP-LCT-LGC-PILETA BAROMETRICA,PP > PP-LCT-LGC-LECITINA > PP-LCT-LGC-PILETA BAROMETRICA > PP-LCT-PLT-PILETA BAROMET,184857,e873c32e-5e0c-4f36-b2a7-48d4917bce06-0002d219,Roofs,,Genérico - 400 mm,Genérico - 400 mm,,PP > PP-LCT-LGC-LECITINA > PP_LCT_VOTATOR,contenedor_scoring,184857,e873c32e-5e0c-4f36-b2a7-48d4917bce06-0002d219,PP > PP-LCT-LGC-LECITINA > PP_LCT_VOTATOR,3,77,NO,200,200,0,cluster_logico_mismo_sector,184857:200:PP > PP-LCT-LGC-LECITINA > PP_LCT_VOTATOR || 367233:200:PP > PP-LCT-LGC-LECITINA > PP_LCT_ESTANDARIZADO || 367512:200:PP > PP-LCT-LGC-LECITINA > PP_LCT_EVAPORADORES,PP-LCT-LGC-LECITINA,Cluster lógico: ancestro PP-LCT-LGC-LECITINA en 3 elementos Revit equivalentes.,ambiguo_falso_por_contenedor_duplicado,PP-LCT-LGC-LECITINA,184857;367233;367512,,,distributed,distribucion_round_robin_en_preparar_aplicar,PP,PP-LCT-LGC-LECITINA,PP_LCT_VOTATOR,,,,,,,,,,,,,,,,,,,,,,,,,,,,,,,,,,,,,,,,,,,,,,,,,,,,,,,,,,,,,,,,,,,,,,,,,,,,,
contenedor_logico_duplicado_distributed,contenedor_por_ancestro_project,PP-LCT-LGC-TORRES,SECTOR TORRES ENFRIAMIENTO DE LECITINA | Grupo: PP-SECTOR TORRES LECITINA,562,3,562,PP-LCT-LGC-LECITINA,PP-LCT-LGC-LECITINA,PP-LCT-LGC-LECITINA,PP > PP-LCT-LGC-LECITINA,PP > PP-LCT-LGC-LECITINA > PP-LCT-LGC-TORRES ENFRIAMIENTO,184857,e873c32e-5e0c-4f36-b2a7-48d4917bce06-0002d219,Roofs,,Genérico - 400 mm,Genérico - 400 mm,,PP > PP-LCT-LGC-LECITINA > PP_LCT_VOTATOR,contenedor_scoring,184857,e873c32e-5e0c-4f36-b2a7-48d4917bce06-0002d219,PP > PP-LCT-LGC-LECITINA > PP_LCT_VOTATOR,3,77,NO,200,200,0,cluster_logico_mismo_sector,184857:200:PP > PP-LCT-LGC-LECITINA > PP_LCT_VOTATOR || 367233:200:PP > PP-LCT-LGC-LECITINA > PP_LCT_ESTANDARIZADO || 367512:200:PP > PP-LCT-LGC-LECITINA > PP_LCT_EVAPORADORES,PP-LCT-LGC-LECITINA,Cluster lógico: ancestro PP-LCT-LGC-LECITINA en 3 elementos Revit equivalentes.,ambiguo_falso_por_contenedor_duplicado,PP-LCT-LGC-LECITINA,184857;367233;367512,,,distributed,distribucion_round_robin_en_preparar_aplicar,PP,PP-LCT-LGC-LECITINA,PP_LCT_VOTATOR,,,,,,,,,,,,,,,,,,,,,,,,,,,,,,,,,,,,,,,,,,,,,,,,,,,,,,,,,,,,,,,,,,,,,,,,,,,,,
contenedor_logico_duplicado_distributed,contenedor_por_ancestro_project,PP-LCT-BMB-BA03,AGUA TORRES DE LECITINA LADO NORTE | Grupo: PP-BMB CENTRIF BA03,563,4,563,PP-LCT-LGC-TORRES ENFRIAMIENTO,PP-LCT-LGC-TORRES,PP-LCT-LGC-LECITINA > PP-LCT-LGC-TORRES,PP > PP-LCT-LGC-LECITINA > PP-LCT-LGC-TORRES ENFRIAMIENTO,PP > PP-LCT-LGC-LECITINA > PP-LCT-LGC-TORRES ENFRIAMIENTO > PP-LCT-BMB-BA03,184857,e873c32e-5e0c-4f36-b2a7-48d4917bce06-0002d219,Roofs,,Genérico - 400 mm,Genérico - 400 mm,,PP > PP-LCT-LGC-LECITINA > PP_LCT_VOTATOR,contenedor_scoring,184857,e873c32e-5e0c-4f36-b2a7-48d4917bce06-0002d219,PP > PP-LCT-LGC-LECITINA > PP_LCT_VOTATOR,3,77,NO,200,200,0,cluster_logico_mismo_sector,184857:200:PP > PP-LCT-LGC-LECITINA > PP_LCT_VOTATOR || 367233:200:PP > PP-LCT-LGC-LECITINA > PP_LCT_ESTANDARIZADO || 367512:200:PP > PP-LCT-LGC-LECITINA > PP_LCT_EVAPORADORES,PP-LCT-LGC-LECITINA,Cluster lógico: ancestro PP-LCT-LGC-LECITINA en 3 elementos Revit equivalentes.,ambiguo_falso_por_contenedor_duplicado,PP-LCT-LGC-LECITINA,184857;367233;367512,,,distributed,distribucion_round_robin_en_preparar_aplicar,PP,PP-LCT-LGC-LECITINA,PP_LCT_VOTATOR,,,,,,,,,,,,,,,,,,,,,,,,,,,,,,,,,,,,,,,,,,,,,,,,,,,,,,,,,,,,,,,,,,,,,,,,,,,,,
contenedor_logico_duplicado_distributed,contenedor_por_ancestro_project,PP-LCT-BMB-BA06,AGUA TORRES DE LECITINA LADO SUR | Grupo: PP-BMB CENTRIF BA06,564,4,564,PP-LCT-LGC-TORRES ENFRIAMIENTO,PP-LCT-LGC-TORRES,PP-LCT-LGC-LECITINA > PP-LCT-LGC-TORRES,PP > PP-LCT-LGC-LECITINA > PP-LCT-LGC-TORRES ENFRIAMIENTO,PP > PP-LCT-LGC-LECITINA > PP-LCT-LGC-TORRES ENFRIAMIENTO > PP-LCT-BMB-BA06,184857,e873c32e-5e0c-4f36-b2a7-48d4917bce06-0002d219,Roofs,,Genérico - 400 mm,Genérico - 400 mm,,PP > PP-LCT-LGC-LECITINA > PP_LCT_VOTATOR,contenedor_scoring,184857,e873c32e-5e0c-4f36-b2a7-48d4917bce06-0002d219,PP > PP-LCT-LGC-LECITINA > PP_LCT_VOTATOR,3,77,NO,200,200,0,cluster_logico_mismo_sector,184857:200:PP > PP-LCT-LGC-LECITINA > PP_LCT_VOTATOR || 367233:200:PP > PP-LCT-LGC-LECITINA > PP_LCT_ESTANDARIZADO || 367512:200:PP > PP-LCT-LGC-LECITINA > PP_LCT_EVAPORADORES,PP-LCT-LGC-LECITINA,Cluster lógico: ancestro PP-LCT-LGC-LECITINA en 3 elementos Revit equivalentes.,ambiguo_falso_por_contenedor_duplicado,PP-LCT-LGC-LECITINA,184857;367233;367512,,,distributed,distribucion_round_robin_en_preparar_aplicar,PP,PP-LCT-LGC-LECITINA,PP_LCT_VOTATOR,,,,,,,,,,,,,,,,,,,,,,,,,,,,,,,,,,,,,,,,,,,,,,,,,,,,,,,,,,,,,,,,,,,,,,,,,,,,,
contenedor_logico_duplicado_distributed,contenedor_por_ancestro_project,PP-LCT-TRR-TE01,TORRE ENF TE01 (2A CONTANDO NORTE/ESTE) | Grupo: PP-TRR TORRE ENF LECIT,565,4,565,PP-LCT-LGC-TORRES ENFRIAMIENTO,PP-LCT-LGC-TORRES,PP-LCT-LGC-LECITINA > PP-LCT-LGC-TORRES,PP > PP-LCT-LGC-LECITINA > PP-LCT-LGC-TORRES ENFRIAMIENTO,PP > PP-LCT-LGC-LECITINA > PP-LCT-LGC-TORRES ENFRIAMIENTO > PP-LCT-TRR-TE01,184857,e873c32e-5e0c-4f36-b2a7-48d4917bce06-0002d219,Roofs,,Genérico - 400 mm,Genérico - 400 mm,,PP > PP-LCT-LGC-LECITINA > PP_LCT_VOTATOR,contenedor_scoring,184857,e873c32e-5e0c-4f36-b2a7-48d4917bce06-0002d219,PP > PP-LCT-LGC-LECITINA > PP_LCT_VOTATOR,3,77,NO,200,200,0,cluster_logico_mismo_sector,184857:200:PP > PP-LCT-LGC-LECITINA > PP_LCT_VOTATOR || 367233:200:PP > PP-LCT-LGC-LECITINA > PP_LCT_ESTANDARIZADO || 367512:200:PP > PP-LCT-LGC-LECITINA > PP_LCT_EVAPORADORES,PP-LCT-LGC-LECITINA,Cluster lógico: ancestro PP-LCT-LGC-LECITINA en 3 elementos Revit equivalentes.,ambiguo_falso_por_contenedor_duplicado,PP-LCT-LGC-LECITINA,184857;367233;367512,,,distributed,distribucion_round_robin_en_preparar_aplicar,PP,PP-LCT-LGC-LECITINA,PP_LCT_VOTATOR,,,,,,,,,,,,,,,,,,,,,,,,,,,,,,,,,,,,,,,,,,,,,,,,,,,,,,,,,,,,,,,,,,,,,,,,,,,,,
contenedor_logico_duplicado_distributed,contenedor_por_ancestro_project,PP-LCT-TRR-TE02,TORRE ENF TE02  (3A CONTANDO NORTE/OESTE) | Grupo: PP-TRR TORRE ENF LECIT,566,4,566,PP-LCT-LGC-TORRES ENFRIAMIENTO,PP-LCT-LGC-TORRES,PP-LCT-LGC-LECITINA > PP-LCT-LGC-TORRES,PP > PP-LCT-LGC-LECITINA > PP-LCT-LGC-TORRES ENFRIAMIENTO,PP > PP-LCT-LGC-LECITINA > PP-LCT-LGC-TORRES ENFRIAMIENTO > PP-LCT-TRR-TE02,184857,e873c32e-5e0c-4f36-b2a7-48d4917bce06-0002d219,Roofs,,Genérico - 400 mm,Genérico - 400 mm,,PP > PP-LCT-LGC-LECITINA > PP_LCT_VOTATOR,contenedor_scoring,184857,e873c32e-5e0c-4f36-b2a7-48d4917bce06-0002d219,PP > PP-LCT-LGC-LECITINA > PP_LCT_VOTATOR,3,77,NO,200,200,0,cluster_logico_mismo_sector,184857:200:PP > PP-LCT-LGC-LECITINA > PP_LCT_VOTATOR || 367233:200:PP > PP-LCT-LGC-LECITINA > PP_LCT_ESTANDARIZADO || 367512:200:PP > PP-LCT-LGC-LECITINA > PP_LCT_EVAPORADORES,PP-LCT-LGC-LECITINA,Cluster lógico: ancestro PP-LCT-LGC-LECITINA en 3 elementos Revit equivalentes.,ambiguo_falso_por_contenedor_duplicado,PP-LCT-LGC-LECITINA,184857;367233;367512,,,distributed,distribucion_round_robin_en_preparar_aplicar,PP,PP-LCT-LGC-LECITINA,PP_LCT_VOTATOR,,,,,,,,,,,,,,,,,,,,,,,,,,,,,,,,,,,,,,,,,,,,,,,,,,,,,,,,,,,,,,,,,,,,,,,,,,,,,
contenedor_logico_duplicado_distributed,contenedor_por_ancestro_project,PP-LCT-TRR-TE03,TORRE ENF TE03 (2A CONTANDO NORTE/ESTE) | Grupo: PP-TRR TORRE ENF LECIT,567,4,567,PP-LCT-LGC-TORRES ENFRIAMIENTO,PP-LCT-LGC-TORRES,PP-LCT-LGC-LECITINA > PP-LCT-LGC-TORRES,PP > PP-LCT-LGC-LECITINA > PP-LCT-LGC-TORRES ENFRIAMIENTO,PP > PP-LCT-LGC-LECITINA > PP-LCT-LGC-TORRES ENFRIAMIENTO > PP-LCT-TRR-TE03,184857,e873c32e-5e0c-4f36-b2a7-48d4917bce06-0002d219,Roofs,,Genérico - 400 mm,Genérico - 400 mm,,PP > PP-LCT-LGC-LECITINA > PP_LCT_VOTATOR,contenedor_scoring,184857,e873c32e-5e0c-4f36-b2a7-48d4917bce06-0002d219,PP > PP-LCT-LGC-LECITINA > PP_LCT_VOTATOR,3,77,NO,200,200,0,cluster_logico_mismo_sector,184857:200:PP > PP-LCT-LGC-LECITINA > PP_LCT_VOTATOR || 367233:200:PP > PP-LCT-LGC-LECITINA > PP_LCT_ESTANDARIZADO || 367512:200:PP > PP-LCT-LGC-LECITINA > PP_LCT_EVAPORADORES,PP-LCT-LGC-LECITINA,Cluster lógico: ancestro PP-LCT-LGC-LECITINA en 3 elementos Revit equivalentes.,ambiguo_falso_por_contenedor_duplicado,PP-LCT-LGC-LECITINA,184857;367233;367512,,,distributed,distribucion_round_robin_en_preparar_aplicar,PP,PP-LCT-LGC-LECITINA,PP_LCT_VOTATOR,,,,,,,,,,,,,,,,,,,,,,,,,,,,,,,,,,,,,,,,,,,,,,,,,,,,,,,,,,,,,,,,,,,,,,,,,,,,,
contenedor_logico_duplicado_distributed,contenedor_por_ancestro_project,PP-LCT-TRR-TE04,TORRE ENF TE04  (3A CONTANDO NORTE/OESTE) | Grupo: PP-TRR TORRE ENF LECIT,568,4,568,PP-LCT-LGC-TORRES ENFRIAMIENTO,PP-LCT-LGC-TORRES,PP-LCT-LGC-LECITINA > PP-LCT-LGC-TORRES,PP > PP-LCT-LGC-LECITINA > PP-LCT-LGC-TORRES ENFRIAMIENTO,PP > PP-LCT-LGC-LECITINA > PP-LCT-LGC-TORRES ENFRIAMIENTO > PP-LCT-TRR-TE04,184857,e873c32e-5e0c-4f36-b2a7-48d4917bce06-0002d219,Roofs,,Genérico - 400 mm,Genérico - 400 mm,,PP > PP-LCT-LGC-LECITINA > PP_LCT_VOTATOR,contenedor_scoring,184857,e873c32e-5e0c-4f36-b2a7-48d4917bce06-0002d219,PP > PP-LCT-LGC-LECITINA > PP_LCT_VOTATOR,3,77,NO,200,200,0,cluster_logico_mismo_sector,184857:200:PP > PP-LCT-LGC-LECITINA > PP_LCT_VOTATOR || 367233:200:PP > PP-LCT-LGC-LECITINA > PP_LCT_ESTANDARIZADO || 367512:200:PP > PP-LCT-LGC-LECITINA > PP_LCT_EVAPORADORES,PP-LCT-LGC-LECITINA,Cluster lógico: ancestro PP-LCT-LGC-LECITINA en 3 elementos Revit equivalentes.,ambiguo_falso_por_contenedor_duplicado,PP-LCT-LGC-LECITINA,184857;367233;367512,,,distributed,distribucion_round_robin_en_preparar_aplicar,PP,PP-LCT-LGC-LECITINA,PP_LCT_VOTATOR,,,,,,,,,,,,,,,,,,,,,,,,,,,,,,,,,,,,,,,,,,,,,,,,,,,,,,,,,,,,,,,,,,,,,,,,,,,,,
contenedor_logico_duplicado_distributed,contenedor_por_ancestro_project,PP-LCT-TRR-TE05,TORRE ENF TE05  (4A CONTANDO NORTE/OESTE) | Grupo: PP-TRR TORRE ENF LECIT,569,4,569,PP-LCT-LGC-TORRES ENFRIAMIENTO,PP-LCT-LGC-TORRES,PP-LCT-LGC-LECITINA > PP-LCT-LGC-TORRES,PP > PP-LCT-LGC-LECITINA > PP-LCT-LGC-TORRES ENFRIAMIENTO,PP > PP-LCT-LGC-LECITINA > PP-LCT-LGC-TORRES ENFRIAMIENTO > PP-LCT-TRR-TE05,184857,e873c32e-5e0c-4f36-b2a7-48d4917bce06-0002d219,Roofs,,Genérico - 400 mm,Genérico - 400 mm,,PP > PP-LCT-LGC-LECITINA > PP_LCT_VOTATOR,contenedor_scoring,184857,e873c32e-5e0c-4f36-b2a7-48d4917bce06-0002d219,PP > PP-LCT-LGC-LECITINA > PP_LCT_VOTATOR,3,77,NO,200,200,0,cluster_logico_mismo_sector,184857:200:PP > PP-LCT-LGC-LECITINA > PP_LCT_VOTATOR || 367233:200:PP > PP-LCT-LGC-LECITINA > PP_LCT_ESTANDARIZADO || 367512:200:PP > PP-LCT-LGC-LECITINA > PP_LCT_EVAPORADORES,PP-LCT-LGC-LECITINA,Cluster lógico: ancestro PP-LCT-LGC-LECITINA en 3 elementos Revit equivalentes.,ambiguo_falso_por_contenedor_duplicado,PP-LCT-LGC-LECITINA,184857;367233;367512,,,distributed,distribucion_round_robin_en_preparar_aplicar,PP,PP-LCT-LGC-LECITINA,PP_LCT_VOTATOR,,,,,,,,,,,,,,,,,,,,,,,,,,,,,,,,,,,,,,,,,,,,,,,,,,,,,,,,,,,,,,,,,,,,,,,,,,,,,
contenedor_logico_duplicado_distributed,contenedor_por_ancestro_project,PP-LCT-TRR-TE06,TORRE ENFTE06 (4A CONTANDO NORTE/ESTE) | Grupo: PP-TRR TORRE ENF LECIT,570,4,570,PP-LCT-LGC-TORRES ENFRIAMIENTO,PP-LCT-LGC-TORRES,PP-LCT-LGC-LECITINA > PP-LCT-LGC-TORRES,PP > PP-LCT-LGC-LECITINA > PP-LCT-LGC-TORRES ENFRIAMIENTO,PP > PP-LCT-LGC-LECITINA > PP-LCT-LGC-TORRES ENFRIAMIENTO > PP-LCT-TRR-TE06,184857,e873c32e-5e0c-4f36-b2a7-48d4917bce06-0002d219,Roofs,,Genérico - 400 mm,Genérico - 400 mm,,PP > PP-LCT-LGC-LECITINA > PP_LCT_VOTATOR,contenedor_scoring,184857,e873c32e-5e0c-4f36-b2a7-48d4917bce06-0002d219,PP > PP-LCT-LGC-LECITINA > PP_LCT_VOTATOR,3,77,NO,200,200,0,cluster_logico_mismo_sector,184857:200:PP > PP-LCT-LGC-LECITINA > PP_LCT_VOTATOR || 367233:200:PP > PP-LCT-LGC-LECITINA > PP_LCT_ESTANDARIZADO || 367512:200:PP > PP-LCT-LGC-LECITINA > PP_LCT_EVAPORADORES,PP-LCT-LGC-LECITINA,Cluster lógico: ancestro PP-LCT-LGC-LECITINA en 3 elementos Revit equivalentes.,ambiguo_falso_por_contenedor_duplicado,PP-LCT-LGC-LECITINA,184857;367233;367512,,,distributed,distribucion_round_robin_en_preparar_aplicar,PP,PP-LCT-LGC-LECITINA,PP_LCT_VOTATOR,,,,,,,,,,,,,,,,,,,,,,,,,,,,,,,,,,,,,,,,,,,,,,,,,,,,,,,,,,,,,,,,,,,,,,,,,,,,,
contenedor_logico_duplicado_distributed,contenedor_por_ancestro_project,PP-LCT-TRR-TE07,TORRE ENF TE07 (5A CONTANDO NORTE/ESTE) | Grupo: PP-TRR TORRE ENF LECIT,571,4,571,PP-LCT-LGC-TORRES ENFRIAMIENTO,PP-LCT-LGC-TORRES,PP-LCT-LGC-LECITINA > PP-LCT-LGC-TORRES,PP > PP-LCT-LGC-LECITINA > PP-LCT-LGC-TORRES ENFRIAMIENTO,PP > PP-LCT-LGC-LECITINA > PP-LCT-LGC-TORRES ENFRIAMIENTO > PP-LCT-TRR-TE07,184857,e873c32e-5e0c-4f36-b2a7-48d4917bce06-0002d219,Roofs,,Genérico - 400 mm,Genérico - 400 mm,,PP > PP-LCT-LGC-LECITINA > PP_LCT_VOTATOR,contenedor_scoring,184857,e873c32e-5e0c-4f36-b2a7-48d4917bce06-0002d219,PP > PP-LCT-LGC-LECITINA > PP_LCT_VOTATOR,3,77,NO,200,200,0,cluster_logico_mismo_sector,184857:200:PP > PP-LCT-LGC-LECITINA > PP_LCT_VOTATOR || 367233:200:PP > PP-LCT-LGC-LECITINA > PP_LCT_ESTANDARIZADO || 367512:200:PP > PP-LCT-LGC-LECITINA > PP_LCT_EVAPORADORES,PP-LCT-LGC-LECITINA,Cluster lógico: ancestro PP-LCT-LGC-LECITINA en 3 elementos Revit equivalentes.,ambiguo_falso_por_contenedor_duplicado,PP-LCT-LGC-LECITINA,184857;367233;367512,,,distributed,distribucion_round_robin_en_preparar_aplicar,PP,PP-LCT-LGC-LECITINA,PP_LCT_VOTATOR,,,,,,,,,,,,,,,,,,,,,,,,,,,,,,,,,,,,,,,,,,,,,,,,,,,,,,,,,,,,,,,,,,,,,,,,,,,,,
contenedor_logico_duplicado_distributed,contenedor_por_ancestro_project,PP-LCT-TRR-TE08,TORRE ENF TE08 (5A CONTANDO NORTE/OESTE) | Grupo: PP-TRR TORRE ENF LECIT,572,4,572,PP-LCT-LGC-TORRES ENFRIAMIENTO,PP-LCT-LGC-TORRES,PP-LCT-LGC-LECITINA > PP-LCT-LGC-TORRES,PP > PP-LCT-LGC-LECITINA > PP-LCT-LGC-TORRES ENFRIAMIENTO,PP > PP-LCT-LGC-LECITINA > PP-LCT-LGC-TORRES ENFRIAMIENTO > PP-LCT-TRR-TE08,184857,e873c32e-5e0c-4f36-b2a7-48d4917bce06-0002d219,Roofs,,Genérico - 400 mm,Genérico - 400 mm,,PP > PP-LCT-LGC-LECITINA > PP_LCT_VOTATOR,contenedor_scoring,184857,e873c32e-5e0c-4f36-b2a7-48d4917bce06-0002d219,PP > PP-LCT-LGC-LECITINA > PP_LCT_VOTATOR,3,77,NO,200,200,0,cluster_logico_mismo_sector,184857:200:PP > PP-LCT-LGC-LECITINA > PP_LCT_VOTATOR || 367233:200:PP > PP-LCT-LGC-LECITINA > PP_LCT_ESTANDARIZADO || 367512:200:PP > PP-LCT-LGC-LECITINA > PP_LCT_EVAPORADORES,PP-LCT-LGC-LECITINA,Cluster lógico: ancestro PP-LCT-LGC-LECITINA en 3 elementos Revit equivalentes.,ambiguo_falso_por_contenedor_duplicado,PP-LCT-LGC-LECITINA,184857;367233;367512,,,distributed,distribucion_round_robin_en_preparar_aplicar,PP,PP-LCT-LGC-LECITINA,PP_LCT_VOTATOR,,,,,,,,,,,,,,,,,,,,,,,,,,,,,,,,,,,,,,,,,,,,,,,,,,,,,,,,,,,,,,,,,,,,,,,,,,,,,
contenedor_logico_duplicado_distributed,contenedor_por_ancestro_project,PP-LCT-TRR-TE09,TORRE ENF TE09 (1RA CONTANDO NORTE/ESTE) | Grupo: PP-TRR TORRE ENF LECIT,573,4,573,PP-LCT-LGC-TORRES ENFRIAMIENTO,PP-LCT-LGC-TORRES,PP-LCT-LGC-LECITINA > PP-LCT-LGC-TORRES,PP > PP-LCT-LGC-LECITINA > PP-LCT-LGC-TORRES ENFRIAMIENTO,PP > PP-LCT-LGC-LECITINA > PP-LCT-LGC-TORRES ENFRIAMIENTO > PP-LCT-TRR-TE09,184857,e873c32e-5e0c-4f36-b2a7-48d4917bce06-0002d219,Roofs,,Genérico - 400 mm,Genérico - 400 mm,,PP > PP-LCT-LGC-LECITINA > PP_LCT_VOTATOR,contenedor_scoring,184857,e873c32e-5e0c-4f36-b2a7-48d4917bce06-0002d219,PP > PP-LCT-LGC-LECITINA > PP_LCT_VOTATOR,3,77,NO,200,200,0,cluster_logico_mismo_sector,184857:200:PP > PP-LCT-LGC-LECITINA > PP_LCT_VOTATOR || 367233:200:PP > PP-LCT-LGC-LECITINA > PP_LCT_ESTANDARIZADO || 367512:200:PP > PP-LCT-LGC-LECITINA > PP_LCT_EVAPORADORES,PP-LCT-LGC-LECITINA,Cluster lógico: ancestro PP-LCT-LGC-LECITINA en 3 elementos Revit equivalentes.,ambiguo_falso_por_contenedor_duplicado,PP-LCT-LGC-LECITINA,184857;367233;367512,,,distributed,distribucion_round_robin_en_preparar_aplicar,PP,PP-LCT-LGC-LECITINA,PP_LCT_VOTATOR,,,,,,,,,,,,,,,,,,,,,,,,,,,,,,,,,,,,,,,,,,,,,,,,,,,,,,,,,,,,,,,,,,,,,,,,,,,,,
contenedor_logico_duplicado_distributed,contenedor_por_ancestro_project,PP-LCT-TRR-TE10,TORRE ENF TE10 (1RA CONTANDO NORTE/OESTE) | Grupo: PP-TRR TORRE ENF LECIT,574,4,574,PP-LCT-LGC-TORRES ENFRIAMIENTO,PP-LCT-LGC-TORRES,PP-LCT-LGC-LECITINA > PP-LCT-LGC-TORRES,PP > PP-LCT-LGC-LECITINA > PP-LCT-LGC-TORRES ENFRIAMIENTO,PP > PP-LCT-LGC-LECITINA > PP-LCT-LGC-TORRES ENFRIAMIENTO > PP-LCT-TRR-TE10,184857,e873c32e-5e0c-4f36-b2a7-48d4917bce06-0002d219,Roofs,,Genérico - 400 mm,Genérico - 400 mm,,PP > PP-LCT-LGC-LECITINA > PP_LCT_VOTATOR,contenedor_scoring,184857,e873c32e-5e0c-4f36-b2a7-48d4917bce06-0002d219,PP > PP-LCT-LGC-LECITINA > PP_LCT_VOTATOR,3,77,NO,200,200,0,cluster_logico_mismo_sector,184857:200:PP > PP-LCT-LGC-LECITINA > PP_LCT_VOTATOR || 367233:200:PP > PP-LCT-LGC-LECITINA > PP_LCT_ESTANDARIZADO || 367512:200:PP > PP-LCT-LGC-LECITINA > PP_LCT_EVAPORADORES,PP-LCT-LGC-LECITINA,Cluster lógico: ancestro PP-LCT-LGC-LECITINA en 3 elementos Revit equivalentes.,ambiguo_falso_por_contenedor_duplicado,PP-LCT-LGC-LECITINA,184857;367233;367512,,,distributed,distribucion_round_robin_en_preparar_aplicar,PP,PP-LCT-LGC-LECITINA,PP_LCT_VOTATOR,,,,,,,,,,,,,,,,,,,,,,,,,,,,,,,,,,,,,,,,,,,,,,,,,,,,,,,,,,,,,,,,,,,,,,,,,,,,,
contenedor_logico_duplicado_distributed,contenedor_por_ancestro_project,PP-LCT-LGC-VOTATOR,SECTOR VOTATOR DE LECITINA | Grupo: PP-SECTOR VOTATOR,575,3,575,PP-LCT-LGC-LECITINA,PP-LCT-LGC-LECITINA,PP-LCT-LGC-LECITINA,PP > PP-LCT-LGC-LECITINA,PP > PP-LCT-LGC-LECITINA > PP-LCT-LGC-VOTATOR,184857,e873c32e-5e0c-4f36-b2a7-48d4917bce06-0002d219,Roofs,,Genérico - 400 mm,Genérico - 400 mm,,PP > PP-LCT-LGC-LECITINA > PP_LCT_VOTATOR,contenedor_scoring,184857,e873c32e-5e0c-4f36-b2a7-48d4917bce06-0002d219,PP > PP-LCT-LGC-LECITINA > PP_LCT_VOTATOR,3,77,NO,200,200,0,cluster_logico_mismo_sector,184857:200:PP > PP-LCT-LGC-LECITINA > PP_LCT_VOTATOR || 367233:200:PP > PP-LCT-LGC-LECITINA > PP_LCT_ESTANDARIZADO || 367512:200:PP > PP-LCT-LGC-LECITINA > PP_LCT_EVAPORADORES,PP-LCT-LGC-LECITINA,Cluster lógico: ancestro PP-LCT-LGC-LECITINA en 3 elementos Revit equivalentes.,ambiguo_falso_por_contenedor_duplicado,PP-LCT-LGC-LECITINA,184857;367233;367512,,,distributed,distribucion_round_robin_en_preparar_aplicar,PP,PP-LCT-LGC-LECITINA,PP_LCT_VOTATOR,,,,,,,,,,,,,,,,,,,,,,,,,,,,,,,,,,,,,,,,,,,,,,,,,,,,,,,,,,,,,,,,,,,,,,,,,,,,,
contenedor_logico_duplicado_distributed,contenedor_por_ancestro_project,PP-LCT-ENF-VOTATOR,ENFRIADOR DE LECITINA VOTATOR 1 LADO SUR | Grupo: PP-ENF VOTATOR,576,4,576,PP-LCT-LGC-VOTATOR,PP-LCT-LGC-VOTATOR,PP-LCT-LGC-LECITINA > PP-LCT-LGC-VOTATOR,PP > PP-LCT-LGC-LECITINA > PP-LCT-LGC-VOTATOR,PP > PP-LCT-LGC-LECITINA > PP-LCT-LGC-VOTATOR > PP-LCT-ENF-VOTATOR 1,184857,e873c32e-5e0c-4f36-b2a7-48d4917bce06-0002d219,Roofs,,Genérico - 400 mm,Genérico - 400 mm,,PP > PP-LCT-LGC-LECITINA > PP_LCT_VOTATOR,contenedor_scoring,184857,e873c32e-5e0c-4f36-b2a7-48d4917bce06-0002d219,PP > PP-LCT-LGC-LECITINA > PP_LCT_VOTATOR,3,77,NO,200,200,0,cluster_logico_mismo_sector,184857:200:PP > PP-LCT-LGC-LECITINA > PP_LCT_VOTATOR || 367233:200:PP > PP-LCT-LGC-LECITINA > PP_LCT_ESTANDARIZADO || 367512:200:PP > PP-LCT-LGC-LECITINA > PP_LCT_EVAPORADORES,PP-LCT-LGC-LECITINA,Código repetido en Project 3 veces. Cluster lógico: ancestro PP-LCT-LGC-LECITINA en 3 elementos Revit equivalentes.,ambiguo_falso_por_contenedor_duplicado,PP-LCT-LGC-LECITINA,184857;367233;367512,,,distributed,distribucion_round_robin_en_preparar_aplicar,PP,PP-LCT-LGC-LECITINA,PP_LCT_VOTATOR,,,,,,,,,,,,,,,,,,,,,,,,,,,,,,,,,,,,,,,,,,,,,,,,,,,,,,,,,,,,,,,,,,,,,,,,,,,,,
contenedor_logico_duplicado_distributed,contenedor_por_ancestro_project,PP-LCT-AGT-A422,AGITADOR TK GOMAS HUMEDAS | Grupo: PP-AGT A422,580,4,580,PP-LCT-TNQ-TK03 GOM HUM,PP-LCT-TNQ-TK03,PP-LCT-LGC-LECITINA > PP-LCT-TNQ-TK03,PP > PP-LCT-LGC-LECITINA > PP-LCT-TNQ-TK03 GOM HUM,PP > PP-LCT-LGC-LECITINA > PP-LCT-TNQ-TK03 GOM HUM > PP-LCT-AGT-A422,184857,e873c32e-5e0c-4f36-b2a7-48d4917bce06-0002d219,Roofs,,Genérico - 400 mm,Genérico - 400 mm,,PP > PP-LCT-LGC-LECITINA > PP_LCT_VOTATOR,contenedor_scoring,184857,e873c32e-5e0c-4f36-b2a7-48d4917bce06-0002d219,PP > PP-LCT-LGC-LECITINA > PP_LCT_VOTATOR,3,77,NO,200,200,0,cluster_logico_mismo_sector,184857:200:PP > PP-LCT-LGC-LECITINA > PP_LCT_VOTATOR || 367233:200:PP > PP-LCT-LGC-LECITINA > PP_LCT_ESTANDARIZADO || 367512:200:PP > PP-LCT-LGC-LECITINA > PP_LCT_EVAPORADORES,PP-LCT-LGC-LECITINA,Cluster lógico: ancestro PP-LCT-LGC-LECITINA en 3 elementos Revit equivalentes.,ambiguo_falso_por_contenedor_duplicado,PP-LCT-LGC-LECITINA,184857;367233;367512,,,distributed,distribucion_round_robin_en_preparar_aplicar,PP,PP-LCT-LGC-LECITINA,PP_LCT_VOTATOR,,,,,,,,,,,,,,,,,,,,,,,,,,,,,,,,,,,,,,,,,,,,,,,,,,,,,,,,,,,,,,,,,,,,,,,,,,,,,
contenedor_logico_duplicado_distributed,contenedor_por_ancestro_project,PP-LCT-BMB-BE05,BOMBA GOMAS HUMEDA A TK1 LECITINA | Grupo: PP-BMB ENGR BE05,581,4,581,PP-LCT-TNQ-TK03 GOM HUM,PP-LCT-TNQ-TK03,PP-LCT-LGC-LECITINA > PP-LCT-TNQ-TK03,PP > PP-LCT-LGC-LECITINA > PP-LCT-TNQ-TK03 GOM HUM,PP > PP-LCT-LGC-LECITINA > PP-LCT-TNQ-TK03 GOM HUM > PP-LCT-BMB-BE05,184857,e873c32e-5e0c-4f36-b2a7-48d4917bce06-0002d219,Roofs,,Genérico - 400 mm,Genérico - 400 mm,,PP > PP-LCT-LGC-LECITINA > PP_LCT_VOTATOR,contenedor_scoring,184857,e873c32e-5e0c-4f36-b2a7-48d4917bce06-0002d219,PP > PP-LCT-LGC-LECITINA > PP_LCT_VOTATOR,3,77,NO,200,200,0,cluster_logico_mismo_sector,184857:200:PP > PP-LCT-LGC-LECITINA > PP_LCT_VOTATOR || 367233:200:PP > PP-LCT-LGC-LECITINA > PP_LCT_ESTANDARIZADO || 367512:200:PP > PP-LCT-LGC-LECITINA > PP_LCT_EVAPORADORES,PP-LCT-LGC-LECITINA,Cluster lógico: ancestro PP-LCT-LGC-LECITINA en 3 elementos Revit equivalentes.,ambiguo_falso_por_contenedor_duplicado,PP-LCT-LGC-LECITINA,184857;367233;367512,,,distributed,distribucion_round_robin_en_preparar_aplicar,PP,PP-LCT-LGC-LECITINA,PP_LCT_VOTATOR,,,,,,,,,,,,,,,,,,,,,,,,,,,,,,,,,,,,,,,,,,,,,,,,,,,,,,,,,,,,,,,,,,,,,,,,,,,,,
sin_contenedor,sin_asociacion,PP-LGC-EQUIPOS,EQUIPO LOGICOS ZONAS DE SUPERVISORES PLANTA PUERTO | Grupo: PP-LOGICO,582,2,582,PP,,,PP,PP > PP-LGC-EQUIPOS LOGICOS,,,,,,,,,,,,,,,,,,,,,,force_ancestor_container: ningún ancestro de Project coincide con el export Revit (campos BTZ/Mark/Comments/path).,force_ancestor_sin_contenedor,,,,,,force_ancestor_container: sin_ancestro_en_modelo,,,,,,,,,,,,,,,,,,,,,,,,,,,,,,,,,,,,,,,,,,,,,,,,,,,,,,,,,,,,,,,,,,,,,,,,,,,,,,,,
sin_contenedor,sin_asociacion,PP-LGC-RUTAS,RUTAS DE LUBRICACION | Grupo: PP-LOGICO,587,3,587,PP-LGC-EQUIPOS LOGICOS,PP-LGC-EQUIPOS,PP-LGC-EQUIPOS,PP > PP-LGC-EQUIPOS LOGICOS,PP > PP-LGC-EQUIPOS LOGICOS > PP-LGC-RUTAS DE LUBRICACION,,,,,,,,,,,,,,,,,,,,,,force_ancestor_container: ningún ancestro de Project coincide con el export Revit (campos BTZ/Mark/Comments/path).,force_ancestor_sin_contenedor,,,,,,force_ancestor_container: sin_ancestro_en_modelo,,,,,,,,,,,,,,,,,,,,,,,,,,,,,,,,,,,,,,,,,,,,,,,,,,,,,,,,,,,,,,,,,,,,,,,,,,,,,,,,
sin_contenedor,sin_asociacion,PP-LGC-ZONA,EQUIPOS DE ZONA ELECTRICA P1 | Grupo: PP-LOGICO,589,3,589,PP-LGC-EQUIPOS LOGICOS,PP-LGC-EQUIPOS,PP-LGC-EQUIPOS,PP > PP-LGC-EQUIPOS LOGICOS,PP > PP-LGC-EQUIPOS LOGICOS > PP-LGC-ZONA ELE P1,,,,,,,,,,,,,,,,,,,,,,force_ancestor_container: ningún ancestro de Project coincide con el export Revit (campos BTZ/Mark/Comments/path).,force_ancestor_sin_contenedor,,,,,,force_ancestor_container: sin_ancestro_en_modelo,,,,,,,,,,,,,,,,,,,,,,,,,,,,,,,,,,,,,,,,,,,,,,,,,,,,,,,,,,,,,,,,,,,,,,,,,,,,,,,,
sin_contenedor,sin_asociacion,PP-LGC-MAQUINARIAS,MAQUINARIAS DE PLANTA PUERTO | Grupo: PP-MAQUINARIAS,599,2,599,PP,,,PP,PP > PP-LGC-MAQUINARIAS,,,,,,,,,,,,,,,,,,,,,,force_ancestor_container: ningún ancestro de Project coincide con el export Revit (campos BTZ/Mark/Comments/path).,force_ancestor_sin_contenedor,,,,,,force_ancestor_container: sin_ancestro_en_modelo,,,,,,,,,,,,,,,,,,,,,,,,,,,,,,,,,,,,,,,,,,,,,,,,,,,,,,,,,,,,,,,,,,,,,,,,,,,,,,,,
sin_contenedor,sin_asociacion,PP-MQN-BRR-BARREDORA,BARREDORA NILFISK MODELO SR1601 NRO SERIE 181000022 | Grupo: PP-BARREDORA SR1601,600,3,600,PP-LGC-MAQUINARIAS,PP-LGC-MAQUINARIAS,PP-LGC-MAQUINARIAS,PP > PP-LGC-MAQUINARIAS,PP > PP-LGC-MAQUINARIAS > PP-MQN-BRR-BARREDORA SR1601,,,,,,,,,,,,,,,,,,,,,,Ningún contenedor supera puntaje mínimo 40.,,,,,,,,,,,,,,,,,,,,,,,,,,,,,,,,,,,,,,,,,,,,,,,,,,,,,,,,,,,,,,,,,,,,,,,,,,,,,,,,,,,,,,,
sin_contenedor,sin_asociacion,PP-MQN-PLM-PALA,PALA MECANICA CASE W20F | Grupo: PP-PALA MEC CASE W20F,601,3,601,PP-LGC-MAQUINARIAS,PP-LGC-MAQUINARIAS,PP-LGC-MAQUINARIAS,PP > PP-LGC-MAQUINARIAS,PP > PP-LGC-MAQUINARIAS > PP-MQN-PLM-PALA CASE W20F,,,,,,,,,,,,,,,,,,,,,,Ningún contenedor supera puntaje mínimo 40.,,,,,,,,,,,,,,,,,,,,,,,,,,,,,,,,,,,,,,,,,,,,,,,,,,,,,,,,,,,,,,,,,,,,,,,,,,,,,,,,,,,,,,,
sin_contenedor,sin_asociacion,PP-TLL-AUT-AELV,AUTOELEVADOR TOYOTA TALLER MODELO: 628FD25 (Nº INT 1546) | Grupo: PP-AUT TOYOTA TALLER,602,3,602,PP-LGC-MAQUINARIAS,PP-LGC-MAQUINARIAS,PP-LGC-MAQUINARIAS,PP > PP-LGC-MAQUINARIAS,PP > PP-LGC-MAQUINARIAS > PP-TLL-AUT-AELV TOYOTA,,,,,,,,,,,,,,,,,,,,,,Código repetido en Project 3 veces. Ningún contenedor supera puntaje mínimo 40.,,,,,,,,,,,,,,,,,,,,,,,,,,,,,,,,,,,,,,,,,,,,,,,,,,,,,,,,,,,,,,,,,,,,,,,,,,,,,,,,,,,,,,,
sin_contenedor,sin_asociacion,PP-LGC-SUB,CONJUNTO DE SUB ESTACIONES TRANSFORMADORAS | Grupo: PP-SECTOR,605,2,605,PP,,,PP,PP > PP-LGC-SUB ESTACIONES TRANF,,,,,,,,,,,,,,,,,,,,,,force_ancestor_container: ningún ancestro de Project coincide con el export Revit (campos BTZ/Mark/Comments/path).,force_ancestor_sin_contenedor,,,,,,force_ancestor_container: sin_ancestro_en_modelo,,,,,,,,,,,,,,,,,,,,,,,,,,,,,,,,,,,,,,,,,,,,,,,,,,,,,,,,,,,,,,,,,,,,,,,,,,,,,,,,
sin_contenedor,sin_asociacion,PP-ET-CABINA,SUB ESTACION TRANSFORMADORA CABINA DE ENTRADA | Grupo: PP-ET-CABINA ENTRADA GRAL,606,3,606,PP-LGC-SUB ESTACIONES TRANF,PP-LGC-SUB,PP-LGC-SUB,PP > PP-LGC-SUB ESTACIONES TRANF,PP > PP-LGC-SUB ESTACIONES TRANF > PP-ET-CABINA ENTRADA GRAL,,,,,,,,,,,,,,,,,,,,,,Código repetido en Project 2 veces. Ningún contenedor supera puntaje mínimo 40.,,,,,,,,,,,,,,,,,,,,,,,,,,,,,,,,,,,,,,,,,,,,,,,,,,,,,,,,,,,,,,,,,,,,,,,,,,,,,,,,,,,,,,,
sin_contenedor,sin_asociacion,PP-ET-SULFACID,SUB ESTACION TRANSFORMADORA SULFACID | Grupo: PP-ET-SULFACID,608,3,608,PP-LGC-SUB ESTACIONES TRANF,PP-LGC-SUB,PP-LGC-SUB,PP > PP-LGC-SUB ESTACIONES TRANF,PP > PP-LGC-SUB ESTACIONES TRANF > PP-ET-SULFACID,,,,,,,,,,,,,,,,,,,,,,Ningún contenedor supera puntaje mínimo 40.,,,,,,,,,,,,,,,,,,,,,,,,,,,,,,,,,,,,,,,,,,,,,,,,,,,,,,,,,,,,,,,,,,,,,,,,,,,,,,,,,,,,,,,
sin_contenedor,sin_asociacion,PP-LGC-VEHICULOS,VEHICULOS DE PLANTA PUERTO | Grupo: PP-VEHICULOS,609,2,609,PP,,,PP,PP > PP-LGC-VEHICULOS,,,,,,,,,,,,,,,,,,,,,,force_ancestor_container: ningún ancestro de Project coincide con el export Revit (campos BTZ/Mark/Comments/path).,force_ancestor_sin_contenedor,,,,,,force_ancestor_container: sin_ancestro_en_modelo,,,,,,,,,,,,,,,,,,,,,,,,,,,,,,,,,,,,,,,,,,,,,,,,,,,,,,,,,,,,,,,,,,,,,,,,,,,,,,,,
sin_contenedor,sin_asociacion,PP-ADM-ATM-TOY,AUTOMOVIL TOYOTA COROLLA 1.8 (JYL322) | Grupo: PP-AUTO TOYOTA COROLLA,610,3,610,PP-LGC-VEHICULOS,PP-LGC-VEHICULOS,PP-LGC-VEHICULOS,PP > PP-LGC-VEHICULOS,PP > PP-LGC-VEHICULOS > PP-ADM-ATM-TOY,,,,,,,,,,,,,,,,,,,,,,Ningún contenedor supera puntaje mínimo 40.,,,,,,,,,,,,,,,,,,,,,,,,,,,,,,,,,,,,,,,,,,,,,,,,,,,,,,,,,,,,,,,,,,,,,,,,,,,,,,,,,,,,,,,
match_directo,elemento_puntual,PP-PLL-LGC-PELLETERA,SECTOR PELLETEADO | Grupo: PP-SECTOR,611,2,611,PP,,,PP,PP > PP-PLL-LGC-PELLETERA,285377,121e7c49-6f80-4698-91bd-c7c5a38e25dd-00045ac1,Roofs,,Genérico - 400 mm,Genérico - 400 mm,,PP > PP-PLL-LGC-PELLETERA,btz_description_02,,,,,,,,,,,,,Coincidencia exacta única con elemento Revit.,match_directo,,,,,,match_puntual_unico,PP,PP-PLL-LGC-PELLETERA,,,,,,,,,,,,,,,,,,,,,,,,,,,,,,,,,,,,,,,,,,,,,,,,,,,,,,,,,,,,,,,,,,,,,,,,,,,,,,
contenedor_unico,contenedor_por_ancestro_project,PP-PLL-BMB-DBS02,SOPLANTE ROOTS PELLETS A CELDA 3 | Grupo: PP-BOMBA SOPLANTE DBS02,612,3,612,PP-PLL-LGC-PELLETERA,PP-PLL-LGC-PELLETERA,PP-PLL-LGC-PELLETERA,PP > PP-PLL-LGC-PELLETERA,PP > PP-PLL-LGC-PELLETERA > PP-PLL-BMB-DBS02,285377,121e7c49-6f80-4698-91bd-c7c5a38e25dd-00045ac1,Roofs,,Genérico - 400 mm,Genérico - 400 mm,,PP > PP-PLL-LGC-PELLETERA,contenedor_scoring,285377,121e7c49-6f80-4698-91bd-c7c5a38e25dd-00045ac1,PP > PP-PLL-LGC-PELLETERA,2,78,NO,200,0,200,ancestro_project_exacto,285377:200:PP > PP-PLL-LGC-PELLETERA,PP-PLL-LGC-PELLETERA,Sin match puntual; contenedor único por ancestro Project PP-PLL-LGC-PELLETERA.,contenedor_unico_ancestro,PP-PLL-LGC-PELLETERA,285377,285377,,,un_elemento_revit_para_ancestro,PP,PP-PLL-LGC-PELLETERA,,,,,,,,,,,,,,,,,,,,,,,,,,,,,,,,,,,,,,,,,,,,,,,,,,,,,,,,,,,,,,,,,,,,,,,,,,,,,,
contenedor_unico,contenedor_por_ancestro_project,PP-PLL-CCL-CDBS02,CICLON RECIBE DE DBS02 A R37 | Grupo: PP-CCL CICLON PELLETERA,613,4,613,PP-PLL-BMB-DBS02,PP-PLL-BMB-DBS02,PP-PLL-LGC-PELLETERA > PP-PLL-BMB-DBS02,PP > PP-PLL-LGC-PELLETERA > PP-PLL-BMB-DBS02,PP > PP-PLL-LGC-PELLETERA > PP-PLL-BMB-DBS02 > PP-PLL-CCL-CDBS02,285377,121e7c49-6f80-4698-91bd-c7c5a38e25dd-00045ac1,Roofs,,Genérico - 400 mm,Genérico - 400 mm,,PP > PP-PLL-LGC-PELLETERA,contenedor_scoring,285377,121e7c49-6f80-4698-91bd-c7c5a38e25dd-00045ac1,PP > PP-PLL-LGC-PELLETERA,2,78,NO,200,0,200,ancestro_project_exacto,285377:200:PP > PP-PLL-LGC-PELLETERA,PP-PLL-LGC-PELLETERA,Sin match puntual; contenedor único por ancestro Project PP-PLL-LGC-PELLETERA.,contenedor_unico_ancestro,PP-PLL-LGC-PELLETERA,285377,285377,,,un_elemento_revit_para_ancestro,PP,PP-PLL-LGC-PELLETERA,,,,,,,,,,,,,,,,,,,,,,,,,,,,,,,,,,,,,,,,,,,,,,,,,,,,,,,,,,,,,,,,,,,,,,,,,,,,,,
contenedor_unico,contenedor_por_ancestro_project,PP-PLL-CCL-CDBS02A,CICLON DBS02A (1ER CICLON SOBRE CELDA 3 SUR-NORTE) | Grupo: PP-CCL CICLON PELLETERA,614,4,614,PP-PLL-BMB-DBS02,PP-PLL-BMB-DBS02,PP-PLL-LGC-PELLETERA > PP-PLL-BMB-DBS02,PP > PP-PLL-LGC-PELLETERA > PP-PLL-BMB-DBS02,PP > PP-PLL-LGC-PELLETERA > PP-PLL-BMB-DBS02 > PP-PLL-CCL-CDBS02A,285377,121e7c49-6f80-4698-91bd-c7c5a38e25dd-00045ac1,Roofs,,Genérico - 400 mm,Genérico - 400 mm,,PP > PP-PLL-LGC-PELLETERA,contenedor_scoring,285377,121e7c49-6f80-4698-91bd-c7c5a38e25dd-00045ac1,PP > PP-PLL-LGC-PELLETERA,2,78,NO,200,0,200,ancestro_project_exacto,285377:200:PP > PP-PLL-LGC-PELLETERA,PP-PLL-LGC-PELLETERA,Sin match puntual; contenedor único por ancestro Project PP-PLL-LGC-PELLETERA.,contenedor_unico_ancestro,PP-PLL-LGC-PELLETERA,285377,285377,,,un_elemento_revit_para_ancestro,PP,PP-PLL-LGC-PELLETERA,,,,,,,,,,,,,,,,,,,,,,,,,,,,,,,,,,,,,,,,,,,,,,,,,,,,,,,,,,,,,,,,,,,,,,,,,,,,,,
contenedor_unico,contenedor_por_ancestro_project,PP-PLL-CCL-CDBS02B,CICLON DBS02B (2DO CICLON SOBRE CELDA 3 SUR-NORTE) | Grupo: PP-CCL CICLON PELLETERA,615,4,615,PP-PLL-BMB-DBS02,PP-PLL-BMB-DBS02,PP-PLL-LGC-PELLETERA > PP-PLL-BMB-DBS02,PP > PP-PLL-LGC-PELLETERA > PP-PLL-BMB-DBS02,PP > PP-PLL-LGC-PELLETERA > PP-PLL-BMB-DBS02 > PP-PLL-CCL-CDBS02B,285377,121e7c49-6f80-4698-91bd-c7c5a38e25dd-00045ac1,Roofs,,Genérico - 400 mm,Genérico - 400 mm,,PP > PP-PLL-LGC-PELLETERA,contenedor_scoring,285377,121e7c49-6f80-4698-91bd-c7c5a38e25dd-00045ac1,PP > PP-PLL-LGC-PELLETERA,2,78,NO,200,0,200,ancestro_project_exacto,285377:200:PP > PP-PLL-LGC-PELLETERA,PP-PLL-LGC-PELLETERA,Sin match puntual; contenedor único por ancestro Project PP-PLL-LGC-PELLETERA.,contenedor_unico_ancestro,PP-PLL-LGC-PELLETERA,285377,285377,,,un_elemento_revit_para_ancestro,PP,PP-PLL-LGC-PELLETERA,,,,,,,,,,,,,,,,,,,,,,,,,,,,,,,,,,,,,,,,,,,,,,,,,,,,,,,,,,,,,,,,,,,,,,,,,,,,,,
contenedor_unico,contenedor_por_ancestro_project,PP-PLL-VLV-DVR18,VALVULA ROTATIVA SALIDA DEP A DBS02 | Grupo: PP-VLV ROTATIVA DVR18,616,4,616,PP-PLL-BMB-DBS02,PP-PLL-BMB-DBS02,PP-PLL-LGC-PELLETERA > PP-PLL-BMB-DBS02,PP > PP-PLL-LGC-PELLETERA > PP-PLL-BMB-DBS02,PP > PP-PLL-LGC-PELLETERA > PP-PLL-BMB-DBS02 > PP-PLL-VLV-DVR18,285377,121e7c49-6f80-4698-91bd-c7c5a38e25dd-00045ac1,Roofs,,Genérico - 400 mm,Genérico - 400 mm,,PP > PP-PLL-LGC-PELLETERA,contenedor_scoring,285377,121e7c49-6f80-4698-91bd-c7c5a38e25dd-00045ac1,PP > PP-PLL-LGC-PELLETERA,2,78,NO,200,0,200,ancestro_project_exacto,285377:200:PP > PP-PLL-LGC-PELLETERA,PP-PLL-LGC-PELLETERA,Sin match puntual; contenedor único por ancestro Project PP-PLL-LGC-PELLETERA.,contenedor_unico_ancestro,PP-PLL-LGC-PELLETERA,285377,285377,,,un_elemento_revit_para_ancestro,PP,PP-PLL-LGC-PELLETERA,,,,,,,,,,,,,,,,,,,,,,,,,,,,,,,,,,,,,,,,,,,,,,,,,,,,,,,,,,,,,,,,,,,,,,,,,,,,,,
contenedor_unico,contenedor_por_ancestro_project,PP-PLL-ENF-DEP,ENFRIADOR DE PELLET | Grupo: PP-ENF PELLETERA,617,3,617,PP-PLL-LGC-PELLETERA,PP-PLL-LGC-PELLETERA,PP-PLL-LGC-PELLETERA,PP > PP-PLL-LGC-PELLETERA,PP > PP-PLL-LGC-PELLETERA > PP-PLL-ENF-DEP,285377,121e7c49-6f80-4698-91bd-c7c5a38e25dd-00045ac1,Roofs,,Genérico - 400 mm,Genérico - 400 mm,,PP > PP-PLL-LGC-PELLETERA,contenedor_scoring,285377,121e7c49-6f80-4698-91bd-c7c5a38e25dd-00045ac1,PP > PP-PLL-LGC-PELLETERA,2,78,NO,200,0,200,ancestro_project_exacto,285377:200:PP > PP-PLL-LGC-PELLETERA,PP-PLL-LGC-PELLETERA,Sin match puntual; contenedor único por ancestro Project PP-PLL-LGC-PELLETERA.,contenedor_unico_ancestro,PP-PLL-LGC-PELLETERA,285377,285377,,,un_elemento_revit_para_ancestro,PP,PP-PLL-LGC-PELLETERA,,,,,,,,,,,,,,,,,,,,,,,,,,,,,,,,,,,,,,,,,,,,,,,,,,,,,,,,,,,,,,,,,,,,,,,,,,,,,,
contenedor_unico,contenedor_por_ancestro_project,PP-PLL-VNT-DVE14,VENTILADOR FINOS ENFRIADOR | Grupo: PP-VNT DVE14,618,4,618,PP-PLL-ENF-DEP,PP-PLL-ENF-DEP,PP-PLL-LGC-PELLETERA > PP-PLL-ENF-DEP,PP > PP-PLL-LGC-PELLETERA > PP-PLL-ENF-DEP,PP > PP-PLL-LGC-PELLETERA > PP-PLL-ENF-DEP > PP-PLL-VNT-DVE14,285377,121e7c49-6f80-4698-91bd-c7c5a38e25dd-00045ac1,Roofs,,Genérico - 400 mm,Genérico - 400 mm,,PP > PP-PLL-LGC-PELLETERA,contenedor_scoring,285377,121e7c49-6f80-4698-91bd-c7c5a38e25dd-00045ac1,PP > PP-PLL-LGC-PELLETERA,2,78,NO,200,0,200,ancestro_project_exacto,285377:200:PP > PP-PLL-LGC-PELLETERA,PP-PLL-LGC-PELLETERA,Sin match puntual; contenedor único por ancestro Project PP-PLL-LGC-PELLETERA.,contenedor_unico_ancestro,PP-PLL-LGC-PELLETERA,285377,285377,,,un_elemento_revit_para_ancestro,PP,PP-PLL-LGC-PELLETERA,,,,,,,,,,,,,,,,,,,,,,,,,,,,,,,,,,,,,,,,,,,,,,,,,,,,,,,,,,,,,,,,,,,,,,,,,,,,,,
contenedor_unico,contenedor_por_ancestro_project,PP-PLL-CCL-CDVE14,CICLON VENTILADOR FINOS ENFRIADOR | Grupo: PP-CCL CICLON PELLETERA,619,5,619,PP-PLL-VNT-DVE14,PP-PLL-VNT-DVE14,PP-PLL-LGC-PELLETERA > PP-PLL-ENF-DEP > PP-PLL-VNT-DVE14,PP > PP-PLL-LGC-PELLETERA > PP-PLL-ENF-DEP > PP-PLL-VNT-DVE14,PP > PP-PLL-LGC-PELLETERA > PP-PLL-ENF-DEP > PP-PLL-VNT-DVE14 > PP-PLL-CCL-CDVE14,285377,121e7c49-6f80-4698-91bd-c7c5a38e25dd-00045ac1,Roofs,,Genérico - 400 mm,Genérico - 400 mm,,PP > PP-PLL-LGC-PELLETERA,contenedor_scoring,285377,121e7c49-6f80-4698-91bd-c7c5a38e25dd-00045ac1,PP > PP-PLL-LGC-PELLETERA,2,78,NO,200,0,200,ancestro_project_exacto,285377:200:PP > PP-PLL-LGC-PELLETERA,PP-PLL-LGC-PELLETERA,Sin match puntual; contenedor único por ancestro Project PP-PLL-LGC-PELLETERA.,contenedor_unico_ancestro,PP-PLL-LGC-PELLETERA,285377,285377,,,un_elemento_revit_para_ancestro,PP,PP-PLL-LGC-PELLETERA,,,,,,,,,,,,,,,,,,,,,,,,,,,,,,,,,,,,,,,,,,,,,,,,,,,,,,,,,,,,,,,,,,,,,,,,,,,,,,
contenedor_unico,contenedor_por_ancestro_project,PP-PLL-RSC-DSF04,ROSCA DEL DVE14 AL DEP | Grupo: PP-RSC DSF04,620,5,620,PP-PLL-VNT-DVE14,PP-PLL-VNT-DVE14,PP-PLL-LGC-PELLETERA > PP-PLL-ENF-DEP > PP-PLL-VNT-DVE14,PP > PP-PLL-LGC-PELLETERA > PP-PLL-ENF-DEP > PP-PLL-VNT-DVE14,PP > PP-PLL-LGC-PELLETERA > PP-PLL-ENF-DEP > PP-PLL-VNT-DVE14 > PP-PLL-RSC-DSF04,285377,121e7c49-6f80-4698-91bd-c7c5a38e25dd-00045ac1,Roofs,,Genérico - 400 mm,Genérico - 400 mm,,PP > PP-PLL-LGC-PELLETERA,contenedor_scoring,285377,121e7c49-6f80-4698-91bd-c7c5a38e25dd-00045ac1,PP > PP-PLL-LGC-PELLETERA,2,78,NO,200,0,200,ancestro_project_exacto,285377:200:PP > PP-PLL-LGC-PELLETERA,PP-PLL-LGC-PELLETERA,Sin match puntual; contenedor único por ancestro Project PP-PLL-LGC-PELLETERA.,contenedor_unico_ancestro,PP-PLL-LGC-PELLETERA,285377,285377,,,un_elemento_revit_para_ancestro,PP,PP-PLL-LGC-PELLETERA,,,,,,,,,,,,,,,,,,,,,,,,,,,,,,,,,,,,,,,,,,,,,,,,,,,,,,,,,,,,,,,,,,,,,,,,,,,,,,
contenedor_unico,contenedor_por_ancestro_project,PP-PLL-VLV-DVR17,VALVULA SALIDA CICLON DVE14 | Grupo: PP-VLV ROTATIVA DVR17,621,5,621,PP-PLL-VNT-DVE14,PP-PLL-VNT-DVE14,PP-PLL-LGC-PELLETERA > PP-PLL-ENF-DEP > PP-PLL-VNT-DVE14,PP > PP-PLL-LGC-PELLETERA > PP-PLL-ENF-DEP > PP-PLL-VNT-DVE14,PP > PP-PLL-LGC-PELLETERA > PP-PLL-ENF-DEP > PP-PLL-VNT-DVE14 > PP-PLL-VLV-DVR17,285377,121e7c49-6f80-4698-91bd-c7c5a38e25dd-00045ac1,Roofs,,Genérico - 400 mm,Genérico - 400 mm,,PP > PP-PLL-LGC-PELLETERA,contenedor_scoring,285377,121e7c49-6f80-4698-91bd-c7c5a38e25dd-00045ac1,PP > PP-PLL-LGC-PELLETERA,2,78,NO,200,0,200,ancestro_project_exacto,285377:200:PP > PP-PLL-LGC-PELLETERA,PP-PLL-LGC-PELLETERA,Sin match puntual; contenedor único por ancestro Project PP-PLL-LGC-PELLETERA.,contenedor_unico_ancestro,PP-PLL-LGC-PELLETERA,285377,285377,,,un_elemento_revit_para_ancestro,PP,PP-PLL-LGC-PELLETERA,,,,,,,,,,,,,,,,,,,,,,,,,,,,,,,,,,,,,,,,,,,,,,,,,,,,,,,,,,,,,,,,,,,,,,,,,,,,,,
contenedor_unico,contenedor_por_ancestro_project,PP-PLL-PLL-DP01,PELLETERA DP01 2DA (NORTE-SUR) | Grupo: PP-PLL PELLETERA P665-225,622,3,622,PP-PLL-LGC-PELLETERA,PP-PLL-LGC-PELLETERA,PP-PLL-LGC-PELLETERA,PP > PP-PLL-LGC-PELLETERA,PP > PP-PLL-LGC-PELLETERA > PP-PLL-PLL-DP01,285377,121e7c49-6f80-4698-91bd-c7c5a38e25dd-00045ac1,Roofs,,Genérico - 400 mm,Genérico - 400 mm,,PP > PP-PLL-LGC-PELLETERA,contenedor_scoring,285377,121e7c49-6f80-4698-91bd-c7c5a38e25dd-00045ac1,PP > PP-PLL-LGC-PELLETERA,2,78,NO,200,0,200,ancestro_project_exacto,285377:200:PP > PP-PLL-LGC-PELLETERA,PP-PLL-LGC-PELLETERA,Sin match puntual; contenedor único por ancestro Project PP-PLL-LGC-PELLETERA.,contenedor_unico_ancestro,PP-PLL-LGC-PELLETERA,285377,285377,,,un_elemento_revit_para_ancestro,PP,PP-PLL-LGC-PELLETERA,,,,,,,,,,,,,,,,,,,,,,,,,,,,,,,,,,,,,,,,,,,,,,,,,,,,,,,,,,,,,,,,,,,,,,,,,,,,,,
contenedor_unico,contenedor_por_ancestro_project,PP-PLL-ALM-DPA01,ALIMENTADOR PELLETERA DP01 GIULIANI AP – 30.20 | Grupo: PP-ALM PELLETERA,623,4,623,PP-PLL-PLL-DP01,PP-PLL-PLL-DP01,PP-PLL-LGC-PELLETERA > PP-PLL-PLL-DP01,PP > PP-PLL-LGC-PELLETERA > PP-PLL-PLL-DP01,PP > PP-PLL-LGC-PELLETERA > PP-PLL-PLL-DP01 > PP-PLL-ALM-DPA01,285377,121e7c49-6f80-4698-91bd-c7c5a38e25dd-00045ac1,Roofs,,Genérico - 400 mm,Genérico - 400 mm,,PP > PP-PLL-LGC-PELLETERA,contenedor_scoring,285377,121e7c49-6f80-4698-91bd-c7c5a38e25dd-00045ac1,PP > PP-PLL-LGC-PELLETERA,2,78,NO,200,0,200,ancestro_project_exacto,285377:200:PP > PP-PLL-LGC-PELLETERA,PP-PLL-LGC-PELLETERA,Sin match puntual; contenedor único por ancestro Project PP-PLL-LGC-PELLETERA.,contenedor_unico_ancestro,PP-PLL-LGC-PELLETERA,285377,285377,,,un_elemento_revit_para_ancestro,PP,PP-PLL-LGC-PELLETERA,,,,,,,,,,,,,,,,,,,,,,,,,,,,,,,,,,,,,,,,,,,,,,,,,,,,,,,,,,,,,,,,,,,,,,,,,,,,,,
contenedor_unico,contenedor_por_ancestro_project,PP-PLL-FRZ-DFP01,FORZADOR PELLETERA DP01 | Grupo: PP-FRZ FORZADOR PELL,624,4,624,PP-PLL-PLL-DP01,PP-PLL-PLL-DP01,PP-PLL-LGC-PELLETERA > PP-PLL-PLL-DP01,PP > PP-PLL-LGC-PELLETERA > PP-PLL-PLL-DP01,PP > PP-PLL-LGC-PELLETERA > PP-PLL-PLL-DP01 > PP-PLL-FRZ-DFP01,285377,121e7c49-6f80-4698-91bd-c7c5a38e25dd-00045ac1,Roofs,,Genérico - 400 mm,Genérico - 400 mm,,PP > PP-PLL-LGC-PELLETERA,contenedor_scoring,285377,121e7c49-6f80-4698-91bd-c7c5a38e25dd-00045ac1,PP > PP-PLL-LGC-PELLETERA,2,78,NO,200,0,200,ancestro_project_exacto,285377:200:PP > PP-PLL-LGC-PELLETERA,PP-PLL-LGC-PELLETERA,Sin match puntual; contenedor único por ancestro Project PP-PLL-LGC-PELLETERA.,contenedor_unico_ancestro,PP-PLL-LGC-PELLETERA,285377,285377,,,un_elemento_revit_para_ancestro,PP,PP-PLL-LGC-PELLETERA,,,,,,,,,,,,,,,,,,,,,,,,,,,,,,,,,,,,,,,,,,,,,,,,,,,,,,,,,,,,,,,,,,,,,,,,,,,,,,
contenedor_unico,contenedor_por_ancestro_project,PP-PLL-MZC-DMP01,MEZCLADOR DE PELLETERA DP01 (ACONDICIONADOR ACP-60.30) | Grupo: PP-FRZ MEZCLADOR PELL,625,4,625,PP-PLL-PLL-DP01,PP-PLL-PLL-DP01,PP-PLL-LGC-PELLETERA > PP-PLL-PLL-DP01,PP > PP-PLL-LGC-PELLETERA > PP-PLL-PLL-DP01,PP > PP-PLL-LGC-PELLETERA > PP-PLL-PLL-DP01 > PP-PLL-MZC-DMP01,285377,121e7c49-6f80-4698-91bd-c7c5a38e25dd-00045ac1,Roofs,,Genérico - 400 mm,Genérico - 400 mm,,PP > PP-PLL-LGC-PELLETERA,contenedor_scoring,285377,121e7c49-6f80-4698-91bd-c7c5a38e25dd-00045ac1,PP > PP-PLL-LGC-PELLETERA,2,78,NO,200,0,200,ancestro_project_exacto,285377:200:PP > PP-PLL-LGC-PELLETERA,PP-PLL-LGC-PELLETERA,Sin match puntual; contenedor único por ancestro Project PP-PLL-LGC-PELLETERA.,contenedor_unico_ancestro,PP-PLL-LGC-PELLETERA,285377,285377,,,un_elemento_revit_para_ancestro,PP,PP-PLL-LGC-PELLETERA,,,,,,,,,,,,,,,,,,,,,,,,,,,,,,,,,,,,,,,,,,,,,,,,,,,,,,,,,,,,,,,,,,,,,,,,,,,,,,
contenedor_unico,contenedor_por_ancestro_project,PP-PLL-PLL-DP02,PELLETERA DP02 1RA (NORTE-SUR) | Grupo: PP-PLL PELLETERA P665-225,626,3,626,PP-PLL-LGC-PELLETERA,PP-PLL-LGC-PELLETERA,PP-PLL-LGC-PELLETERA,PP > PP-PLL-LGC-PELLETERA,PP > PP-PLL-LGC-PELLETERA > PP-PLL-PLL-DP02,285377,121e7c49-6f80-4698-91bd-c7c5a38e25dd-00045ac1,Roofs,,Genérico - 400 mm,Genérico - 400 mm,,PP > PP-PLL-LGC-PELLETERA,contenedor_scoring,285377,121e7c49-6f80-4698-91bd-c7c5a38e25dd-00045ac1,PP > PP-PLL-LGC-PELLETERA,2,78,NO,200,0,200,ancestro_project_exacto,285377:200:PP > PP-PLL-LGC-PELLETERA,PP-PLL-LGC-PELLETERA,Sin match puntual; contenedor único por ancestro Project PP-PLL-LGC-PELLETERA.,contenedor_unico_ancestro,PP-PLL-LGC-PELLETERA,285377,285377,,,un_elemento_revit_para_ancestro,PP,PP-PLL-LGC-PELLETERA,,,,,,,,,,,,,,,,,,,,,,,,,,,,,,,,,,,,,,,,,,,,,,,,,,,,,,,,,,,,,,,,,,,,,,,,,,,,,,
contenedor_unico,contenedor_por_ancestro_project,PP-PLL-ALM-DPA02,ALIMENTADOR PELLETERA DP02 GIULIANI AP – 30.20 | Grupo: PP-ALM PELLETERA,627,4,627,PP-PLL-PLL-DP02,PP-PLL-PLL-DP02,PP-PLL-LGC-PELLETERA > PP-PLL-PLL-DP02,PP > PP-PLL-LGC-PELLETERA > PP-PLL-PLL-DP02,PP > PP-PLL-LGC-PELLETERA > PP-PLL-PLL-DP02 > PP-PLL-ALM-DPA02,285377,121e7c49-6f80-4698-91bd-c7c5a38e25dd-00045ac1,Roofs,,Genérico - 400 mm,Genérico - 400 mm,,PP > PP-PLL-LGC-PELLETERA,contenedor_scoring,285377,121e7c49-6f80-4698-91bd-c7c5a38e25dd-00045ac1,PP > PP-PLL-LGC-PELLETERA,2,78,NO,200,0,200,ancestro_project_exacto,285377:200:PP > PP-PLL-LGC-PELLETERA,PP-PLL-LGC-PELLETERA,Sin match puntual; contenedor único por ancestro Project PP-PLL-LGC-PELLETERA.,contenedor_unico_ancestro,PP-PLL-LGC-PELLETERA,285377,285377,,,un_elemento_revit_para_ancestro,PP,PP-PLL-LGC-PELLETERA,,,,,,,,,,,,,,,,,,,,,,,,,,,,,,,,,,,,,,,,,,,,,,,,,,,,,,,,,,,,,,,,,,,,,,,,,,,,,,
contenedor_unico,contenedor_por_ancestro_project,PP-PLL-FRZ-DFP02,FORZADOR PELLETERA DP02 | Grupo: PP-FRZ FORZADOR PELL,628,4,628,PP-PLL-PLL-DP02,PP-PLL-PLL-DP02,PP-PLL-LGC-PELLETERA > PP-PLL-PLL-DP02,PP > PP-PLL-LGC-PELLETERA > PP-PLL-PLL-DP02,PP > PP-PLL-LGC-PELLETERA > PP-PLL-PLL-DP02 > PP-PLL-FRZ-DFP02,285377,121e7c49-6f80-4698-91bd-c7c5a38e25dd-00045ac1,Roofs,,Genérico - 400 mm,Genérico - 400 mm,,PP > PP-PLL-LGC-PELLETERA,contenedor_scoring,285377,121e7c49-6f80-4698-91bd-c7c5a38e25dd-00045ac1,PP > PP-PLL-LGC-PELLETERA,2,78,NO,200,0,200,ancestro_project_exacto,285377:200:PP > PP-PLL-LGC-PELLETERA,PP-PLL-LGC-PELLETERA,Sin match puntual; contenedor único por ancestro Project PP-PLL-LGC-PELLETERA.,contenedor_unico_ancestro,PP-PLL-LGC-PELLETERA,285377,285377,,,un_elemento_revit_para_ancestro,PP,PP-PLL-LGC-PELLETERA,,,,,,,,,,,,,,,,,,,,,,,,,,,,,,,,,,,,,,,,,,,,,,,,,,,,,,,,,,,,,,,,,,,,,,,,,,,,,,
contenedor_unico,contenedor_por_ancestro_project,PP-PLL-MZC-DMP02,MEZCLADOR DE PELLETERA DP02 (ACONDICIONADOR ACP-60.30) | Grupo: PP-FRZ MEZCLADOR PELL,629,4,629,PP-PLL-PLL-DP02,PP-PLL-PLL-DP02,PP-PLL-LGC-PELLETERA > PP-PLL-PLL-DP02,PP > PP-PLL-LGC-PELLETERA > PP-PLL-PLL-DP02,PP > PP-PLL-LGC-PELLETERA > PP-PLL-PLL-DP02 > PP-PLL-MZC-DMP02,285377,121e7c49-6f80-4698-91bd-c7c5a38e25dd-00045ac1,Roofs,,Genérico - 400 mm,Genérico - 400 mm,,PP > PP-PLL-LGC-PELLETERA,contenedor_scoring,285377,121e7c49-6f80-4698-91bd-c7c5a38e25dd-00045ac1,PP > PP-PLL-LGC-PELLETERA,2,78,NO,200,0,200,ancestro_project_exacto,285377:200:PP > PP-PLL-LGC-PELLETERA,PP-PLL-LGC-PELLETERA,Sin match puntual; contenedor único por ancestro Project PP-PLL-LGC-PELLETERA.,contenedor_unico_ancestro,PP-PLL-LGC-PELLETERA,285377,285377,,,un_elemento_revit_para_ancestro,PP,PP-PLL-LGC-PELLETERA,,,,,,,,,,,,,,,,,,,,,,,,,,,,,,,,,,,,,,,,,,,,,,,,,,,,,,,,,,,,,,,,,,,,,,,,,,,,,,
contenedor_unico,contenedor_por_ancestro_project,PP-PLL-RDL-DR19,REDLER SALIDA PELLETERAS | Grupo: PP-REDLER DR19,630,3,630,PP-PLL-LGC-PELLETERA,PP-PLL-LGC-PELLETERA,PP-PLL-LGC-PELLETERA,PP > PP-PLL-LGC-PELLETERA,PP > PP-PLL-LGC-PELLETERA > PP-PLL-RDL-DR19,285377,121e7c49-6f80-4698-91bd-c7c5a38e25dd-00045ac1,Roofs,,Genérico - 400 mm,Genérico - 400 mm,,PP > PP-PLL-LGC-PELLETERA,contenedor_scoring,285377,121e7c49-6f80-4698-91bd-c7c5a38e25dd-00045ac1,PP > PP-PLL-LGC-PELLETERA,2,78,NO,200,0,200,ancestro_project_exacto,285377:200:PP > PP-PLL-LGC-PELLETERA,PP-PLL-LGC-PELLETERA,Sin match puntual; contenedor único por ancestro Project PP-PLL-LGC-PELLETERA.,contenedor_unico_ancestro,PP-PLL-LGC-PELLETERA,285377,285377,,,un_elemento_revit_para_ancestro,PP,PP-PLL-LGC-PELLETERA,,,,,,,,,,,,,,,,,,,,,,,,,,,,,,,,,,,,,,,,,,,,,,,,,,,,,,,,,,,,,,,,,,,,,,,,,,,,,,
contenedor_unico,contenedor_por_ancestro_project,PP-PLL-RSC-DSF05,ROSCA DE RETORNO DEL DR19 AL DEP | Grupo: PP-RSC DSF05,631,4,631,PP-PLL-RDL-DR19,PP-PLL-RDL-DR19,PP-PLL-LGC-PELLETERA > PP-PLL-RDL-DR19,PP > PP-PLL-LGC-PELLETERA > PP-PLL-RDL-DR19,PP > PP-PLL-LGC-PELLETERA > PP-PLL-RDL-DR19 > PP-PLL-RSC-DSF05,285377,121e7c49-6f80-4698-91bd-c7c5a38e25dd-00045ac1,Roofs,,Genérico - 400 mm,Genérico - 400 mm,,PP > PP-PLL-LGC-PELLETERA,contenedor_scoring,285377,121e7c49-6f80-4698-91bd-c7c5a38e25dd-00045ac1,PP > PP-PLL-LGC-PELLETERA,2,78,NO,200,0,200,ancestro_project_exacto,285377:200:PP > PP-PLL-LGC-PELLETERA,PP-PLL-LGC-PELLETERA,Sin match puntual; contenedor único por ancestro Project PP-PLL-LGC-PELLETERA.,contenedor_unico_ancestro,PP-PLL-LGC-PELLETERA,285377,285377,,,un_elemento_revit_para_ancestro,PP,PP-PLL-LGC-PELLETERA,,,,,,,,,,,,,,,,,,,,,,,,,,,,,,,,,,,,,,,,,,,,,,,,,,,,,,,,,,,,,,,,,,,,,,,,,,,,,,
contenedor_unico,contenedor_por_ancestro_project,PP-PLL-SIS-CTRAL,CENTRAL DE LUBRICACION DE PELLETERA | Grupo: PP-CENTRAL LUB PELLET,632,3,632,PP-PLL-LGC-PELLETERA,PP-PLL-LGC-PELLETERA,PP-PLL-LGC-PELLETERA,PP > PP-PLL-LGC-PELLETERA,PP > PP-PLL-LGC-PELLETERA > PP-PLL-SIS-CTRAL LUB PELL,285377,121e7c49-6f80-4698-91bd-c7c5a38e25dd-00045ac1,Roofs,,Genérico - 400 mm,Genérico - 400 mm,,PP > PP-PLL-LGC-PELLETERA,contenedor_scoring,285377,121e7c49-6f80-4698-91bd-c7c5a38e25dd-00045ac1,PP > PP-PLL-LGC-PELLETERA,2,78,NO,200,0,200,ancestro_project_exacto,285377:200:PP > PP-PLL-LGC-PELLETERA,PP-PLL-LGC-PELLETERA,Sin match puntual; contenedor único por ancestro Project PP-PLL-LGC-PELLETERA.,contenedor_unico_ancestro,PP-PLL-LGC-PELLETERA,285377,285377,,,un_elemento_revit_para_ancestro,PP,PP-PLL-LGC-PELLETERA,,,,,,,,,,,,,,,,,,,,,,,,,,,,,,,,,,,,,,,,,,,,,,,,,,,,,,,,,,,,,,,,,,,,,,,,,,,,,,
contenedor_unico,contenedor_por_ancestro_project,PP-PLL-TNQ-TKPELL,TANQUE DE AGUA PELLETERAS | Grupo: PP-TNQ AGUA PELL,633,3,633,PP-PLL-LGC-PELLETERA,PP-PLL-LGC-PELLETERA,PP-PLL-LGC-PELLETERA,PP > PP-PLL-LGC-PELLETERA,PP > PP-PLL-LGC-PELLETERA > PP-PLL-TNQ-TKPELL,285377,121e7c49-6f80-4698-91bd-c7c5a38e25dd-00045ac1,Roofs,,Genérico - 400 mm,Genérico - 400 mm,,PP > PP-PLL-LGC-PELLETERA,contenedor_scoring,285377,121e7c49-6f80-4698-91bd-c7c5a38e25dd-00045ac1,PP > PP-PLL-LGC-PELLETERA,2,78,NO,200,0,200,ancestro_project_exacto,285377:200:PP > PP-PLL-LGC-PELLETERA,PP-PLL-LGC-PELLETERA,Sin match puntual; contenedor único por ancestro Project PP-PLL-LGC-PELLETERA.,contenedor_unico_ancestro,PP-PLL-LGC-PELLETERA,285377,285377,,,un_elemento_revit_para_ancestro,PP,PP-PLL-LGC-PELLETERA,,,,,,,,,,,,,,,,,,,,,,,,,,,,,,,,,,,,,,,,,,,,,,,,,,,,,,,,,,,,,,,,,,,,,,,,,,,,,,
match_directo,elemento_puntual,PP-PRL-LGC-PRELIMPIEZA,SECTOR PRELIMPIEZA PTA PTO | Grupo: PP-SECTOR,634,2,634,PP,,,PP,PP > PP-PRL-LGC-PRELIMPIEZA,286530,121e7c49-6f80-4698-91bd-c7c5a38e25dd-00045f42,Roofs,,Genérico - 400 mm,Genérico - 400 mm,,PP > PP-PRL-LGC-PRELIMPIEZA,btz_description_02,,,,,,,,,,,,,Coincidencia exacta única con elemento Revit.,match_directo,,,,,,match_puntual_unico,PP,PP-PRL-LGC-PRELIMPIEZA,,,,,,,,,,,,,,,,,,,,,,,,,,,,,,,,,,,,,,,,,,,,,,,,,,,,,,,,,,,,,,,,,,,,,,,,,,,,,,
contenedor_unico,contenedor_por_ancestro_project,PP-PRL-BMB-BS59,BOMBA BO59  SOPLANTE | Grupo: PP-BMB SOPLANTE BS59,635,3,635,PP-PRL-LGC-PRELIMPIEZA,PP-PRL-LGC-PRELIMPIEZA,PP-PRL-LGC-PRELIMPIEZA,PP > PP-PRL-LGC-PRELIMPIEZA,PP > PP-PRL-LGC-PRELIMPIEZA > PP-PRL-BMB-BS59,286530,121e7c49-6f80-4698-91bd-c7c5a38e25dd-00045f42,Roofs,,Genérico - 400 mm,Genérico - 400 mm,,PP > PP-PRL-LGC-PRELIMPIEZA,contenedor_scoring,286530,121e7c49-6f80-4698-91bd-c7c5a38e25dd-00045f42,PP > PP-PRL-LGC-PRELIMPIEZA,2,78,NO,200,0,200,ancestro_project_exacto,286530:200:PP > PP-PRL-LGC-PRELIMPIEZA,PP-PRL-LGC-PRELIMPIEZA,Sin match puntual; contenedor único por ancestro Project PP-PRL-LGC-PRELIMPIEZA.,contenedor_unico_ancestro,PP-PRL-LGC-PRELIMPIEZA,286530,286530,,,un_elemento_revit_para_ancestro,PP,PP-PRL-LGC-PRELIMPIEZA,,,,,,,,,,,,,,,,,,,,,,,,,,,,,,,,,,,,,,,,,,,,,,,,,,,,,,,,,,,,,,,,,,,,,,,,,,,,,,
contenedor_unico,contenedor_por_ancestro_project,PP-PRL-VLV-SM04,VALVULA SM04 | Grupo: PP-VLV ROTATIVA SM04,636,4,636,PP-PRL-BMB-BS59,PP-PRL-BMB-BS59,PP-PRL-LGC-PRELIMPIEZA > PP-PRL-BMB-BS59,PP > PP-PRL-LGC-PRELIMPIEZA > PP-PRL-BMB-BS59,PP > PP-PRL-LGC-PRELIMPIEZA > PP-PRL-BMB-BS59 > PP-PRL-VLV-SM04,286530,121e7c49-6f80-4698-91bd-c7c5a38e25dd-00045f42,Roofs,,Genérico - 400 mm,Genérico - 400 mm,,PP > PP-PRL-LGC-PRELIMPIEZA,contenedor_scoring,286530,121e7c49-6f80-4698-91bd-c7c5a38e25dd-00045f42,PP > PP-PRL-LGC-PRELIMPIEZA,2,78,NO,200,0,200,ancestro_project_exacto,286530:200:PP > PP-PRL-LGC-PRELIMPIEZA,PP-PRL-LGC-PRELIMPIEZA,Sin match puntual; contenedor único por ancestro Project PP-PRL-LGC-PRELIMPIEZA.,contenedor_unico_ancestro,PP-PRL-LGC-PRELIMPIEZA,286530,286530,,,un_elemento_revit_para_ancestro,PP,PP-PRL-LGC-PRELIMPIEZA,,,,,,,,,,,,,,,,,,,,,,,,,,,,,,,,,,,,,,,,,,,,,,,,,,,,,,,,,,,,,,,,,,,,,,,,,,,,,,
contenedor_unico,contenedor_por_ancestro_project,PP-PRL-FLT-FM01,FILTRO DE MANGA FM01 | Grupo: PP-FLT FILTRO MANGA FM01,637,3,637,PP-PRL-LGC-PRELIMPIEZA,PP-PRL-LGC-PRELIMPIEZA,PP-PRL-LGC-PRELIMPIEZA,PP > PP-PRL-LGC-PRELIMPIEZA,PP > PP-PRL-LGC-PRELIMPIEZA > PP-PRL-FLT-FM01,286530,121e7c49-6f80-4698-91bd-c7c5a38e25dd-00045f42,Roofs,,Genérico - 400 mm,Genérico - 400 mm,,PP > PP-PRL-LGC-PRELIMPIEZA,contenedor_scoring,286530,121e7c49-6f80-4698-91bd-c7c5a38e25dd-00045f42,PP > PP-PRL-LGC-PRELIMPIEZA,2,78,NO,200,0,200,ancestro_project_exacto,286530:200:PP > PP-PRL-LGC-PRELIMPIEZA,PP-PRL-LGC-PRELIMPIEZA,Sin match puntual; contenedor único por ancestro Project PP-PRL-LGC-PRELIMPIEZA.,contenedor_unico_ancestro,PP-PRL-LGC-PRELIMPIEZA,286530,286530,,,un_elemento_revit_para_ancestro,PP,PP-PRL-LGC-PRELIMPIEZA,,,,,,,,,,,,,,,,,,,,,,,,,,,,,,,,,,,,,,,,,,,,,,,,,,,,,,,,,,,,,,,,,,,,,,,,,,,,,,
contenedor_unico,contenedor_por_ancestro_project,PP-PRL-RSC-SF02,ROSCA SF02 SALIDA FILTRO MANGAS | Grupo: PP-RSC-SF02,638,4,638,PP-PRL-FLT-FM01,PP-PRL-FLT-FM01,PP-PRL-LGC-PRELIMPIEZA > PP-PRL-FLT-FM01,PP > PP-PRL-LGC-PRELIMPIEZA > PP-PRL-FLT-FM01,PP > PP-PRL-LGC-PRELIMPIEZA > PP-PRL-FLT-FM01 > PP-PRL-RSC-SF02,286530,121e7c49-6f80-4698-91bd-c7c5a38e25dd-00045f42,Roofs,,Genérico - 400 mm,Genérico - 400 mm,,PP > PP-PRL-LGC-PRELIMPIEZA,contenedor_scoring,286530,121e7c49-6f80-4698-91bd-c7c5a38e25dd-00045f42,PP > PP-PRL-LGC-PRELIMPIEZA,2,78,NO,200,0,200,ancestro_project_exacto,286530:200:PP > PP-PRL-LGC-PRELIMPIEZA,PP-PRL-LGC-PRELIMPIEZA,Sin match puntual; contenedor único por ancestro Project PP-PRL-LGC-PRELIMPIEZA.,contenedor_unico_ancestro,PP-PRL-LGC-PRELIMPIEZA,286530,286530,,,un_elemento_revit_para_ancestro,PP,PP-PRL-LGC-PRELIMPIEZA,,,,,,,,,,,,,,,,,,,,,,,,,,,,,,,,,,,,,,,,,,,,,,,,,,,,,,,,,,,,,,,,,,,,,,,,,,,,,,
contenedor_unico,contenedor_por_ancestro_project,PP-PRL-RSC-SF03,ROSCA SF03  A ROSCA INCL.SF04 | Grupo: PP-RSC-SF03,639,4,639,PP-PRL-FLT-FM01,PP-PRL-FLT-FM01,PP-PRL-LGC-PRELIMPIEZA > PP-PRL-FLT-FM01,PP > PP-PRL-LGC-PRELIMPIEZA > PP-PRL-FLT-FM01,PP > PP-PRL-LGC-PRELIMPIEZA > PP-PRL-FLT-FM01 > PP-PRL-RSC-SF03,286530,121e7c49-6f80-4698-91bd-c7c5a38e25dd-00045f42,Roofs,,Genérico - 400 mm,Genérico - 400 mm,,PP > PP-PRL-LGC-PRELIMPIEZA,contenedor_scoring,286530,121e7c49-6f80-4698-91bd-c7c5a38e25dd-00045f42,PP > PP-PRL-LGC-PRELIMPIEZA,2,78,NO,200,0,200,ancestro_project_exacto,286530:200:PP > PP-PRL-LGC-PRELIMPIEZA,PP-PRL-LGC-PRELIMPIEZA,Sin match puntual; contenedor único por ancestro Project PP-PRL-LGC-PRELIMPIEZA.,contenedor_unico_ancestro,PP-PRL-LGC-PRELIMPIEZA,286530,286530,,,un_elemento_revit_para_ancestro,PP,PP-PRL-LGC-PRELIMPIEZA,,,,,,,,,,,,,,,,,,,,,,,,,,,,,,,,,,,,,,,,,,,,,,,,,,,,,,,,,,,,,,,,,,,,,,,,,,,,,,
contenedor_unico,contenedor_por_ancestro_project,PP-PRL-RSC-SF04,ROSCA SF04  INCLINADA | Grupo: PP-RSC-SF04,640,4,640,PP-PRL-FLT-FM01,PP-PRL-FLT-FM01,PP-PRL-LGC-PRELIMPIEZA > PP-PRL-FLT-FM01,PP > PP-PRL-LGC-PRELIMPIEZA > PP-PRL-FLT-FM01,PP > PP-PRL-LGC-PRELIMPIEZA > PP-PRL-FLT-FM01 > PP-PRL-RSC-SF04,286530,121e7c49-6f80-4698-91bd-c7c5a38e25dd-00045f42,Roofs,,Genérico - 400 mm,Genérico - 400 mm,,PP > PP-PRL-LGC-PRELIMPIEZA,contenedor_scoring,286530,121e7c49-6f80-4698-91bd-c7c5a38e25dd-00045f42,PP > PP-PRL-LGC-PRELIMPIEZA,2,78,NO,200,0,200,ancestro_project_exacto,286530:200:PP > PP-PRL-LGC-PRELIMPIEZA,PP-PRL-LGC-PRELIMPIEZA,Sin match puntual; contenedor único por ancestro Project PP-PRL-LGC-PRELIMPIEZA.,contenedor_unico_ancestro,PP-PRL-LGC-PRELIMPIEZA,286530,286530,,,un_elemento_revit_para_ancestro,PP,PP-PRL-LGC-PRELIMPIEZA,,,,,,,,,,,,,,,,,,,,,,,,,,,,,,,,,,,,,,,,,,,,,,,,,,,,,,,,,,,,,,,,,,,,,,,,,,,,,,
contenedor_unico,contenedor_por_ancestro_project,PP-PRL-VLV-VR04,VALVULA ROTATIVA VR04 | Grupo: PP-VLV ROTATIVA VR04,641,4,641,PP-PRL-FLT-FM01,PP-PRL-FLT-FM01,PP-PRL-LGC-PRELIMPIEZA > PP-PRL-FLT-FM01,PP > PP-PRL-LGC-PRELIMPIEZA > PP-PRL-FLT-FM01,PP > PP-PRL-LGC-PRELIMPIEZA > PP-PRL-FLT-FM01 > PP-PRL-VLV-VR04,286530,121e7c49-6f80-4698-91bd-c7c5a38e25dd-00045f42,Roofs,,Genérico - 400 mm,Genérico - 400 mm,,PP > PP-PRL-LGC-PRELIMPIEZA,contenedor_scoring,286530,121e7c49-6f80-4698-91bd-c7c5a38e25dd-00045f42,PP > PP-PRL-LGC-PRELIMPIEZA,2,78,NO,200,0,200,ancestro_project_exacto,286530:200:PP > PP-PRL-LGC-PRELIMPIEZA,PP-PRL-LGC-PRELIMPIEZA,Sin match puntual; contenedor único por ancestro Project PP-PRL-LGC-PRELIMPIEZA.,contenedor_unico_ancestro,PP-PRL-LGC-PRELIMPIEZA,286530,286530,,,un_elemento_revit_para_ancestro,PP,PP-PRL-LGC-PRELIMPIEZA,,,,,,,,,,,,,,,,,,,,,,,,,,,,,,,,,,,,,,,,,,,,,,,,,,,,,,,,,,,,,,,,,,,,,,,,,,,,,,
contenedor_unico,contenedor_por_ancestro_project,PP-PRL-VNT-VE04,VENTILADOR VE04 | Grupo: PP-VNT VE04,642,4,642,PP-PRL-FLT-FM01,PP-PRL-FLT-FM01,PP-PRL-LGC-PRELIMPIEZA > PP-PRL-FLT-FM01,PP > PP-PRL-LGC-PRELIMPIEZA > PP-PRL-FLT-FM01,PP > PP-PRL-LGC-PRELIMPIEZA > PP-PRL-FLT-FM01 > PP-PRL-VNT-VE04,286530,121e7c49-6f80-4698-91bd-c7c5a38e25dd-00045f42,Roofs,,Genérico - 400 mm,Genérico - 400 mm,,PP > PP-PRL-LGC-PRELIMPIEZA,contenedor_scoring,286530,121e7c49-6f80-4698-91bd-c7c5a38e25dd-00045f42,PP > PP-PRL-LGC-PRELIMPIEZA,2,78,NO,200,0,200,ancestro_project_exacto,286530:200:PP > PP-PRL-LGC-PRELIMPIEZA,PP-PRL-LGC-PRELIMPIEZA,Sin match puntual; contenedor único por ancestro Project PP-PRL-LGC-PRELIMPIEZA.,contenedor_unico_ancestro,PP-PRL-LGC-PRELIMPIEZA,286530,286530,,,un_elemento_revit_para_ancestro,PP,PP-PRL-LGC-PRELIMPIEZA,,,,,,,,,,,,,,,,,,,,,,,,,,,,,,,,,,,,,,,,,,,,,,,,,,,,,,,,,,,,,,,,,,,,,,,,,,,,,,
contenedor_unico,contenedor_por_ancestro_project,PP-PRL-LGC-ASPIRACIONES,CONJUNTO DE ASPIRACIONES PRELIMPIEZA PTA PTO | Grupo: PP-CONJ ASP KICE,643,3,643,PP-PRL-LGC-PRELIMPIEZA,PP-PRL-LGC-PRELIMPIEZA,PP-PRL-LGC-PRELIMPIEZA,PP > PP-PRL-LGC-PRELIMPIEZA,PP > PP-PRL-LGC-PRELIMPIEZA > PP-PRL-LGC-ASPIRACIONES,286530,121e7c49-6f80-4698-91bd-c7c5a38e25dd-00045f42,Roofs,,Genérico - 400 mm,Genérico - 400 mm,,PP > PP-PRL-LGC-PRELIMPIEZA,contenedor_scoring,286530,121e7c49-6f80-4698-91bd-c7c5a38e25dd-00045f42,PP > PP-PRL-LGC-PRELIMPIEZA,2,78,NO,200,0,200,ancestro_project_exacto,286530:200:PP > PP-PRL-LGC-PRELIMPIEZA,PP-PRL-LGC-PRELIMPIEZA,Sin match puntual; contenedor único por ancestro Project PP-PRL-LGC-PRELIMPIEZA.,contenedor_unico_ancestro,PP-PRL-LGC-PRELIMPIEZA,286530,286530,,,un_elemento_revit_para_ancestro,PP,PP-PRL-LGC-PRELIMPIEZA,,,,,,,,,,,,,,,,,,,,,,,,,,,,,,,,,,,,,,,,,,,,,,,,,,,,,,,,,,,,,,,,,,,,,,,,,,,,,,
contenedor_unico,contenedor_por_ancestro_project,PP-PRL-VNT-VE01,VENTILADOR VE01 | Grupo: PP-VNT VE01,644,4,644,PP-PRL-LGC-ASPIRACIONES,PP-PRL-LGC-ASPIRACIONES,PP-PRL-LGC-PRELIMPIEZA > PP-PRL-LGC-ASPIRACIONES,PP > PP-PRL-LGC-PRELIMPIEZA > PP-PRL-LGC-ASPIRACIONES,PP > PP-PRL-LGC-PRELIMPIEZA > PP-PRL-LGC-ASPIRACIONES > PP-PRL-VNT-VE01,286530,121e7c49-6f80-4698-91bd-c7c5a38e25dd-00045f42,Roofs,,Genérico - 400 mm,Genérico - 400 mm,,PP > PP-PRL-LGC-PRELIMPIEZA,contenedor_scoring,286530,121e7c49-6f80-4698-91bd-c7c5a38e25dd-00045f42,PP > PP-PRL-LGC-PRELIMPIEZA,2,78,NO,200,0,200,ancestro_project_exacto,286530:200:PP > PP-PRL-LGC-PRELIMPIEZA,PP-PRL-LGC-PRELIMPIEZA,Sin match puntual; contenedor único por ancestro Project PP-PRL-LGC-PRELIMPIEZA.,contenedor_unico_ancestro,PP-PRL-LGC-PRELIMPIEZA,286530,286530,,,un_elemento_revit_para_ancestro,PP,PP-PRL-LGC-PRELIMPIEZA,,,,,,,,,,,,,,,,,,,,,,,,,,,,,,,,,,,,,,,,,,,,,,,,,,,,,,,,,,,,,,,,,,,,,,,,,,,,,,
contenedor_unico,contenedor_por_ancestro_project,PP-PRL-CCL-CVE01,CICLON VENTILADOR VE01 | Grupo: PP-CCL CICLON PRELIMPIEZA,645,5,645,PP-PRL-VNT-VE01,PP-PRL-VNT-VE01,PP-PRL-LGC-PRELIMPIEZA > PP-PRL-LGC-ASPIRACIONES > PP-PRL-VNT-VE01,PP > PP-PRL-LGC-PRELIMPIEZA > PP-PRL-LGC-ASPIRACIONES > PP-PRL-VNT-VE01,PP > PP-PRL-LGC-PRELIMPIEZA > PP-PRL-LGC-ASPIRACIONES > PP-PRL-VNT-VE01 > PP-PRL-CCL-CVE01,286530,121e7c49-6f80-4698-91bd-c7c5a38e25dd-00045f42,Roofs,,Genérico - 400 mm,Genérico - 400 mm,,PP > PP-PRL-LGC-PRELIMPIEZA,contenedor_scoring,286530,121e7c49-6f80-4698-91bd-c7c5a38e25dd-00045f42,PP > PP-PRL-LGC-PRELIMPIEZA,2,78,NO,200,0,200,ancestro_project_exacto,286530:200:PP > PP-PRL-LGC-PRELIMPIEZA,PP-PRL-LGC-PRELIMPIEZA,Sin match puntual; contenedor único por ancestro Project PP-PRL-LGC-PRELIMPIEZA.,contenedor_unico_ancestro,PP-PRL-LGC-PRELIMPIEZA,286530,286530,,,un_elemento_revit_para_ancestro,PP,PP-PRL-LGC-PRELIMPIEZA,,,,,,,,,,,,,,,,,,,,,,,,,,,,,,,,,,,,,,,,,,,,,,,,,,,,,,,,,,,,,,,,,,,,,,,,,,,,,,
contenedor_unico,contenedor_por_ancestro_project,PP-PRL-VLV-VR01,VALVULA ROTATIVA VR01 | Grupo: PP-VLV ROTATIVA VR01,646,5,646,PP-PRL-VNT-VE01,PP-PRL-VNT-VE01,PP-PRL-LGC-PRELIMPIEZA > PP-PRL-LGC-ASPIRACIONES > PP-PRL-VNT-VE01,PP > PP-PRL-LGC-PRELIMPIEZA > PP-PRL-LGC-ASPIRACIONES > PP-PRL-VNT-VE01,PP > PP-PRL-LGC-PRELIMPIEZA > PP-PRL-LGC-ASPIRACIONES > PP-PRL-VNT-VE01 > PP-PRL-VLV-VR01,286530,121e7c49-6f80-4698-91bd-c7c5a38e25dd-00045f42,Roofs,,Genérico - 400 mm,Genérico - 400 mm,,PP > PP-PRL-LGC-PRELIMPIEZA,contenedor_scoring,286530,121e7c49-6f80-4698-91bd-c7c5a38e25dd-00045f42,PP > PP-PRL-LGC-PRELIMPIEZA,2,78,NO,200,0,200,ancestro_project_exacto,286530:200:PP > PP-PRL-LGC-PRELIMPIEZA,PP-PRL-LGC-PRELIMPIEZA,Sin match puntual; contenedor único por ancestro Project PP-PRL-LGC-PRELIMPIEZA.,contenedor_unico_ancestro,PP-PRL-LGC-PRELIMPIEZA,286530,286530,,,un_elemento_revit_para_ancestro,PP,PP-PRL-LGC-PRELIMPIEZA,,,,,,,,,,,,,,,,,,,,,,,,,,,,,,,,,,,,,,,,,,,,,,,,,,,,,,,,,,,,,,,,,,,,,,,,,,,,,,
contenedor_unico,contenedor_por_ancestro_project,PP-PRL-VNT-VE02,VENTILADOR VE02 | Grupo: PP-VNT VE02,647,4,647,PP-PRL-LGC-ASPIRACIONES,PP-PRL-LGC-ASPIRACIONES,PP-PRL-LGC-PRELIMPIEZA > PP-PRL-LGC-ASPIRACIONES,PP > PP-PRL-LGC-PRELIMPIEZA > PP-PRL-LGC-ASPIRACIONES,PP > PP-PRL-LGC-PRELIMPIEZA > PP-PRL-LGC-ASPIRACIONES > PP-PRL-VNT-VE02,286530,121e7c49-6f80-4698-91bd-c7c5a38e25dd-00045f42,Roofs,,Genérico - 400 mm,Genérico - 400 mm,,PP > PP-PRL-LGC-PRELIMPIEZA,contenedor_scoring,286530,121e7c49-6f80-4698-91bd-c7c5a38e25dd-00045f42,PP > PP-PRL-LGC-PRELIMPIEZA,2,78,NO,200,0,200,ancestro_project_exacto,286530:200:PP > PP-PRL-LGC-PRELIMPIEZA,PP-PRL-LGC-PRELIMPIEZA,Sin match puntual; contenedor único por ancestro Project PP-PRL-LGC-PRELIMPIEZA.,contenedor_unico_ancestro,PP-PRL-LGC-PRELIMPIEZA,286530,286530,,,un_elemento_revit_para_ancestro,PP,PP-PRL-LGC-PRELIMPIEZA,,,,,,,,,,,,,,,,,,,,,,,,,,,,,,,,,,,,,,,,,,,,,,,,,,,,,,,,,,,,,,,,,,,,,,,,,,,,,,
contenedor_unico,contenedor_por_ancestro_project,PP-PRL-CCL-CVE02,CICLON VENTILADOR VE02 | Grupo: PP-CCL CICLON PRELIMPIEZA,648,5,648,PP-PRL-VNT-VE02,PP-PRL-VNT-VE02,PP-PRL-LGC-PRELIMPIEZA > PP-PRL-LGC-ASPIRACIONES > PP-PRL-VNT-VE02,PP > PP-PRL-LGC-PRELIMPIEZA > PP-PRL-LGC-ASPIRACIONES > PP-PRL-VNT-VE02,PP > PP-PRL-LGC-PRELIMPIEZA > PP-PRL-LGC-ASPIRACIONES > PP-PRL-VNT-VE02 > PP-PRL-CCL-CVE02,286530,121e7c49-6f80-4698-91bd-c7c5a38e25dd-00045f42,Roofs,,Genérico - 400 mm,Genérico - 400 mm,,PP > PP-PRL-LGC-PRELIMPIEZA,contenedor_scoring,286530,121e7c49-6f80-4698-91bd-c7c5a38e25dd-00045f42,PP > PP-PRL-LGC-PRELIMPIEZA,2,78,NO,200,0,200,ancestro_project_exacto,286530:200:PP > PP-PRL-LGC-PRELIMPIEZA,PP-PRL-LGC-PRELIMPIEZA,Sin match puntual; contenedor único por ancestro Project PP-PRL-LGC-PRELIMPIEZA.,contenedor_unico_ancestro,PP-PRL-LGC-PRELIMPIEZA,286530,286530,,,un_elemento_revit_para_ancestro,PP,PP-PRL-LGC-PRELIMPIEZA,,,,,,,,,,,,,,,,,,,,,,,,,,,,,,,,,,,,,,,,,,,,,,,,,,,,,,,,,,,,,,,,,,,,,,,,,,,,,,
contenedor_unico,contenedor_por_ancestro_project,PP-PRL-VLV-VR02,VALVULA ROTATIVA VR02 | Grupo: PP-VLV ROTATIVA VR02,649,5,649,PP-PRL-VNT-VE02,PP-PRL-VNT-VE02,PP-PRL-LGC-PRELIMPIEZA > PP-PRL-LGC-ASPIRACIONES > PP-PRL-VNT-VE02,PP > PP-PRL-LGC-PRELIMPIEZA > PP-PRL-LGC-ASPIRACIONES > PP-PRL-VNT-VE02,PP > PP-PRL-LGC-PRELIMPIEZA > PP-PRL-LGC-ASPIRACIONES > PP-PRL-VNT-VE02 > PP-PRL-VLV-VR02,286530,121e7c49-6f80-4698-91bd-c7c5a38e25dd-00045f42,Roofs,,Genérico - 400 mm,Genérico - 400 mm,,PP > PP-PRL-LGC-PRELIMPIEZA,contenedor_scoring,286530,121e7c49-6f80-4698-91bd-c7c5a38e25dd-00045f42,PP > PP-PRL-LGC-PRELIMPIEZA,2,78,NO,200,0,200,ancestro_project_exacto,286530:200:PP > PP-PRL-LGC-PRELIMPIEZA,PP-PRL-LGC-PRELIMPIEZA,Sin match puntual; contenedor único por ancestro Project PP-PRL-LGC-PRELIMPIEZA.,contenedor_unico_ancestro,PP-PRL-LGC-PRELIMPIEZA,286530,286530,,,un_elemento_revit_para_ancestro,PP,PP-PRL-LGC-PRELIMPIEZA,,,,,,,,,,,,,,,,,,,,,,,,,,,,,,,,,,,,,,,,,,,,,,,,,,,,,,,,,,,,,,,,,,,,,,,,,,,,,,
contenedor_unico,contenedor_por_ancestro_project,PP-PRL-VNT-VE03,VENTILADOR VE03 | Grupo: PP-VNT VE03,650,4,650,PP-PRL-LGC-ASPIRACIONES,PP-PRL-LGC-ASPIRACIONES,PP-PRL-LGC-PRELIMPIEZA > PP-PRL-LGC-ASPIRACIONES,PP > PP-PRL-LGC-PRELIMPIEZA > PP-PRL-LGC-ASPIRACIONES,PP > PP-PRL-LGC-PRELIMPIEZA > PP-PRL-LGC-ASPIRACIONES > PP-PRL-VNT-VE03,286530,121e7c49-6f80-4698-91bd-c7c5a38e25dd-00045f42,Roofs,,Genérico - 400 mm,Genérico - 400 mm,,PP > PP-PRL-LGC-PRELIMPIEZA,contenedor_scoring,286530,121e7c49-6f80-4698-91bd-c7c5a38e25dd-00045f42,PP > PP-PRL-LGC-PRELIMPIEZA,2,78,NO,200,0,200,ancestro_project_exacto,286530:200:PP > PP-PRL-LGC-PRELIMPIEZA,PP-PRL-LGC-PRELIMPIEZA,Sin match puntual; contenedor único por ancestro Project PP-PRL-LGC-PRELIMPIEZA.,contenedor_unico_ancestro,PP-PRL-LGC-PRELIMPIEZA,286530,286530,,,un_elemento_revit_para_ancestro,PP,PP-PRL-LGC-PRELIMPIEZA,,,,,,,,,,,,,,,,,,,,,,,,,,,,,,,,,,,,,,,,,,,,,,,,,,,,,,,,,,,,,,,,,,,,,,,,,,,,,,
contenedor_unico,contenedor_por_ancestro_project,PP-PRL-CCL-CVE03,CICLON VENTILADOR VE03 | Grupo: PP-CCL CICLON PRELIMPIEZA,651,5,651,PP-PRL-VNT-VE03,PP-PRL-VNT-VE03,PP-PRL-LGC-PRELIMPIEZA > PP-PRL-LGC-ASPIRACIONES > PP-PRL-VNT-VE03,PP > PP-PRL-LGC-PRELIMPIEZA > PP-PRL-LGC-ASPIRACIONES > PP-PRL-VNT-VE03,PP > PP-PRL-LGC-PRELIMPIEZA > PP-PRL-LGC-ASPIRACIONES > PP-PRL-VNT-VE03 > PP-PRL-CCL-CVE03,286530,121e7c49-6f80-4698-91bd-c7c5a38e25dd-00045f42,Roofs,,Genérico - 400 mm,Genérico - 400 mm,,PP > PP-PRL-LGC-PRELIMPIEZA,contenedor_scoring,286530,121e7c49-6f80-4698-91bd-c7c5a38e25dd-00045f42,PP > PP-PRL-LGC-PRELIMPIEZA,2,78,NO,200,0,200,ancestro_project_exacto,286530:200:PP > PP-PRL-LGC-PRELIMPIEZA,PP-PRL-LGC-PRELIMPIEZA,Sin match puntual; contenedor único por ancestro Project PP-PRL-LGC-PRELIMPIEZA.,contenedor_unico_ancestro,PP-PRL-LGC-PRELIMPIEZA,286530,286530,,,un_elemento_revit_para_ancestro,PP,PP-PRL-LGC-PRELIMPIEZA,,,,,,,,,,,,,,,,,,,,,,,,,,,,,,,,,,,,,,,,,,,,,,,,,,,,,,,,,,,,,,,,,,,,,,,,,,,,,,
contenedor_unico,contenedor_por_ancestro_project,PP-PRL-VLV-VR03,VALVULA ROTATIVA VR03 | Grupo: PP-VLV ROTATIVA VR03,652,5,652,PP-PRL-VNT-VE03,PP-PRL-VNT-VE03,PP-PRL-LGC-PRELIMPIEZA > PP-PRL-LGC-ASPIRACIONES > PP-PRL-VNT-VE03,PP > PP-PRL-LGC-PRELIMPIEZA > PP-PRL-LGC-ASPIRACIONES > PP-PRL-VNT-VE03,PP > PP-PRL-LGC-PRELIMPIEZA > PP-PRL-LGC-ASPIRACIONES > PP-PRL-VNT-VE03 > PP-PRL-VLV-VR03,286530,121e7c49-6f80-4698-91bd-c7c5a38e25dd-00045f42,Roofs,,Genérico - 400 mm,Genérico - 400 mm,,PP > PP-PRL-LGC-PRELIMPIEZA,contenedor_scoring,286530,121e7c49-6f80-4698-91bd-c7c5a38e25dd-00045f42,PP > PP-PRL-LGC-PRELIMPIEZA,2,78,NO,200,0,200,ancestro_project_exacto,286530:200:PP > PP-PRL-LGC-PRELIMPIEZA,PP-PRL-LGC-PRELIMPIEZA,Sin match puntual; contenedor único por ancestro Project PP-PRL-LGC-PRELIMPIEZA.,contenedor_unico_ancestro,PP-PRL-LGC-PRELIMPIEZA,286530,286530,,,un_elemento_revit_para_ancestro,PP,PP-PRL-LGC-PRELIMPIEZA,,,,,,,,,,,,,,,,,,,,,,,,,,,,,,,,,,,,,,,,,,,,,,,,,,,,,,,,,,,,,,,,,,,,,,,,,,,,,,
contenedor_unico,contenedor_por_ancestro_project,PP-PRL-VNT-VE26,VENTILADOR ASPIRACION TUNEL DE REDLER R01 | Grupo: PP-VNT VE26,653,4,653,PP-PRL-LGC-ASPIRACIONES,PP-PRL-LGC-ASPIRACIONES,PP-PRL-LGC-PRELIMPIEZA > PP-PRL-LGC-ASPIRACIONES,PP > PP-PRL-LGC-PRELIMPIEZA > PP-PRL-LGC-ASPIRACIONES,PP > PP-PRL-LGC-PRELIMPIEZA > PP-PRL-LGC-ASPIRACIONES > PP-PRL-VNT-VE26,286530,121e7c49-6f80-4698-91bd-c7c5a38e25dd-00045f42,Roofs,,Genérico - 400 mm,Genérico - 400 mm,,PP > PP-PRL-LGC-PRELIMPIEZA,contenedor_scoring,286530,121e7c49-6f80-4698-91bd-c7c5a38e25dd-00045f42,PP > PP-PRL-LGC-PRELIMPIEZA,2,78,NO,200,0,200,ancestro_project_exacto,286530:200:PP > PP-PRL-LGC-PRELIMPIEZA,PP-PRL-LGC-PRELIMPIEZA,Sin match puntual; contenedor único por ancestro Project PP-PRL-LGC-PRELIMPIEZA.,contenedor_unico_ancestro,PP-PRL-LGC-PRELIMPIEZA,286530,286530,,,un_elemento_revit_para_ancestro,PP,PP-PRL-LGC-PRELIMPIEZA,,,,,,,,,,,,,,,,,,,,,,,,,,,,,,,,,,,,,,,,,,,,,,,,,,,,,,,,,,,,,,,,,,,,,,,,,,,,,,
contenedor_unico,contenedor_por_ancestro_project,PP-PRL-LGC-DESPEDRADOR,SECTOR DESPEDRADOR PRELIMPIEZA PTA PTO | Grupo: PP-SECTOR DESPEDRADOR,654,3,654,PP-PRL-LGC-PRELIMPIEZA,PP-PRL-LGC-PRELIMPIEZA,PP-PRL-LGC-PRELIMPIEZA,PP > PP-PRL-LGC-PRELIMPIEZA,PP > PP-PRL-LGC-PRELIMPIEZA > PP-PRL-LGC-DESPEDRADOR,286530,121e7c49-6f80-4698-91bd-c7c5a38e25dd-00045f42,Roofs,,Genérico - 400 mm,Genérico - 400 mm,,PP > PP-PRL-LGC-PRELIMPIEZA,contenedor_scoring,286530,121e7c49-6f80-4698-91bd-c7c5a38e25dd-00045f42,PP > PP-PRL-LGC-PRELIMPIEZA,2,78,NO,200,0,200,ancestro_project_exacto,286530:200:PP > PP-PRL-LGC-PRELIMPIEZA,PP-PRL-LGC-PRELIMPIEZA,Sin match puntual; contenedor único por ancestro Project PP-PRL-LGC-PRELIMPIEZA.,contenedor_unico_ancestro,PP-PRL-LGC-PRELIMPIEZA,286530,286530,,,un_elemento_revit_para_ancestro,PP,PP-PRL-LGC-PRELIMPIEZA,,,,,,,,,,,,,,,,,,,,,,,,,,,,,,,,,,,,,,,,,,,,,,,,,,,,,,,,,,,,,,,,,,,,,,,,,,,,,,
contenedor_unico,contenedor_por_ancestro_project,PP-PRL-BTD-DBA01,BATIDORA DBA01A ASPIRADOR/DESPEDRADOR | Grupo: PP-BTD DBA01,655,4,655,PP-PRL-LGC-DESPEDRADOR,PP-PRL-LGC-DESPEDRADOR,PP-PRL-LGC-PRELIMPIEZA > PP-PRL-LGC-DESPEDRADOR,PP > PP-PRL-LGC-PRELIMPIEZA > PP-PRL-LGC-DESPEDRADOR,PP > PP-PRL-LGC-PRELIMPIEZA > PP-PRL-LGC-DESPEDRADOR > PP-PRL-BTD-DBA01,286530,121e7c49-6f80-4698-91bd-c7c5a38e25dd-00045f42,Roofs,,Genérico - 400 mm,Genérico - 400 mm,,PP > PP-PRL-LGC-PRELIMPIEZA,contenedor_scoring,286530,121e7c49-6f80-4698-91bd-c7c5a38e25dd-00045f42,PP > PP-PRL-LGC-PRELIMPIEZA,2,78,NO,200,0,200,ancestro_project_exacto,286530:200:PP > PP-PRL-LGC-PRELIMPIEZA,PP-PRL-LGC-PRELIMPIEZA,Sin match puntual; contenedor único por ancestro Project PP-PRL-LGC-PRELIMPIEZA.,contenedor_unico_ancestro,PP-PRL-LGC-PRELIMPIEZA,286530,286530,,,un_elemento_revit_para_ancestro,PP,PP-PRL-LGC-PRELIMPIEZA,,,,,,,,,,,,,,,,,,,,,,,,,,,,,,,,,,,,,,,,,,,,,,,,,,,,,,,,,,,,,,,,,,,,,,,,,,,,,,
contenedor_unico,contenedor_por_ancestro_project,PP-PRL-RSC-DSF10,"ROSCA DSF10, SOJA SALIDA DBA01 A N02 | Grupo: PP-RSC-DSF10",656,5,656,PP-PRL-BTD-DBA01,PP-PRL-BTD-DBA01,PP-PRL-LGC-PRELIMPIEZA > PP-PRL-LGC-DESPEDRADOR > PP-PRL-BTD-DBA01,PP > PP-PRL-LGC-PRELIMPIEZA > PP-PRL-LGC-DESPEDRADOR > PP-PRL-BTD-DBA01,PP > PP-PRL-LGC-PRELIMPIEZA > PP-PRL-LGC-DESPEDRADOR > PP-PRL-BTD-DBA01 > PP-PRL-RSC-DSF10,286530,121e7c49-6f80-4698-91bd-c7c5a38e25dd-00045f42,Roofs,,Genérico - 400 mm,Genérico - 400 mm,,PP > PP-PRL-LGC-PRELIMPIEZA,contenedor_scoring,286530,121e7c49-6f80-4698-91bd-c7c5a38e25dd-00045f42,PP > PP-PRL-LGC-PRELIMPIEZA,2,78,NO,200,0,200,ancestro_project_exacto,286530:200:PP > PP-PRL-LGC-PRELIMPIEZA,PP-PRL-LGC-PRELIMPIEZA,Sin match puntual; contenedor único por ancestro Project PP-PRL-LGC-PRELIMPIEZA.,contenedor_unico_ancestro,PP-PRL-LGC-PRELIMPIEZA,286530,286530,,,un_elemento_revit_para_ancestro,PP,PP-PRL-LGC-PRELIMPIEZA,,,,,,,,,,,,,,,,,,,,,,,,,,,,,,,,,,,,,,,,,,,,,,,,,,,,,,,,,,,,,,,,,,,,,,,,,,,,,,
contenedor_unico,contenedor_por_ancestro_project,PP-PRL-RSC-DSF11,"ROSCA DSF11, GRUESOS BATIDORA A ASPIRADOR/DESPREDADOR | Grupo: PP-RSC-DSF11",657,5,657,PP-PRL-BTD-DBA01,PP-PRL-BTD-DBA01,PP-PRL-LGC-PRELIMPIEZA > PP-PRL-LGC-DESPEDRADOR > PP-PRL-BTD-DBA01,PP > PP-PRL-LGC-PRELIMPIEZA > PP-PRL-LGC-DESPEDRADOR > PP-PRL-BTD-DBA01,PP > PP-PRL-LGC-PRELIMPIEZA > PP-PRL-LGC-DESPEDRADOR > PP-PRL-BTD-DBA01 > PP-PRL-RSC-DSF11,286530,121e7c49-6f80-4698-91bd-c7c5a38e25dd-00045f42,Roofs,,Genérico - 400 mm,Genérico - 400 mm,,PP > PP-PRL-LGC-PRELIMPIEZA,contenedor_scoring,286530,121e7c49-6f80-4698-91bd-c7c5a38e25dd-00045f42,PP > PP-PRL-LGC-PRELIMPIEZA,2,78,NO,200,0,200,ancestro_project_exacto,286530:200:PP > PP-PRL-LGC-PRELIMPIEZA,PP-PRL-LGC-PRELIMPIEZA,Sin match puntual; contenedor único por ancestro Project PP-PRL-LGC-PRELIMPIEZA.,contenedor_unico_ancestro,PP-PRL-LGC-PRELIMPIEZA,286530,286530,,,un_elemento_revit_para_ancestro,PP,PP-PRL-LGC-PRELIMPIEZA,,,,,,,,,,,,,,,,,,,,,,,,,,,,,,,,,,,,,,,,,,,,,,,,,,,,,,,,,,,,,,,,,,,,,,,,,,,,,,
contenedor_unico,contenedor_por_ancestro_project,PP-PRL-DSP-DSP01,DSP01 PTA PTO ASPIRADOR/DESPEDRADOR | Grupo: PP-DSP DESPEDRADOR,658,4,658,PP-PRL-LGC-DESPEDRADOR,PP-PRL-LGC-DESPEDRADOR,PP-PRL-LGC-PRELIMPIEZA > PP-PRL-LGC-DESPEDRADOR,PP > PP-PRL-LGC-PRELIMPIEZA > PP-PRL-LGC-DESPEDRADOR,PP > PP-PRL-LGC-PRELIMPIEZA > PP-PRL-LGC-DESPEDRADOR > PP-PRL-DSP-DSP01,286530,121e7c49-6f80-4698-91bd-c7c5a38e25dd-00045f42,Roofs,,Genérico - 400 mm,Genérico - 400 mm,,PP > PP-PRL-LGC-PRELIMPIEZA,contenedor_scoring,286530,121e7c49-6f80-4698-91bd-c7c5a38e25dd-00045f42,PP > PP-PRL-LGC-PRELIMPIEZA,2,78,NO,200,0,200,ancestro_project_exacto,286530:200:PP > PP-PRL-LGC-PRELIMPIEZA,PP-PRL-LGC-PRELIMPIEZA,Sin match puntual; contenedor único por ancestro Project PP-PRL-LGC-PRELIMPIEZA.,contenedor_unico_ancestro,PP-PRL-LGC-PRELIMPIEZA,286530,286530,,,un_elemento_revit_para_ancestro,PP,PP-PRL-LGC-PRELIMPIEZA,,,,,,,,,,,,,,,,,,,,,,,,,,,,,,,,,,,,,,,,,,,,,,,,,,,,,,,,,,,,,,,,,,,,,,,,,,,,,,
contenedor_unico,contenedor_por_ancestro_project,PP-PRL-ALM-DAD01,ALIMENTADOR DADD01 SALIDA ASPIRADOR/DESPEDRADOR | Grupo: PP-ALM DESPEDR,659,5,659,PP-PRL-DSP-DSP01,PP-PRL-DSP-DSP01,PP-PRL-LGC-PRELIMPIEZA > PP-PRL-LGC-DESPEDRADOR > PP-PRL-DSP-DSP01,PP > PP-PRL-LGC-PRELIMPIEZA > PP-PRL-LGC-DESPEDRADOR > PP-PRL-DSP-DSP01,PP > PP-PRL-LGC-PRELIMPIEZA > PP-PRL-LGC-DESPEDRADOR > PP-PRL-DSP-DSP01 > PP-PRL-ALM-DAD01,286530,121e7c49-6f80-4698-91bd-c7c5a38e25dd-00045f42,Roofs,,Genérico - 400 mm,Genérico - 400 mm,,PP > PP-PRL-LGC-PRELIMPIEZA,contenedor_scoring,286530,121e7c49-6f80-4698-91bd-c7c5a38e25dd-00045f42,PP > PP-PRL-LGC-PRELIMPIEZA,2,78,NO,200,0,200,ancestro_project_exacto,286530:200:PP > PP-PRL-LGC-PRELIMPIEZA,PP-PRL-LGC-PRELIMPIEZA,Sin match puntual; contenedor único por ancestro Project PP-PRL-LGC-PRELIMPIEZA.,contenedor_unico_ancestro,PP-PRL-LGC-PRELIMPIEZA,286530,286530,,,un_elemento_revit_para_ancestro,PP,PP-PRL-LGC-PRELIMPIEZA,,,,,,,,,,,,,,,,,,,,,,,,,,,,,,,,,,,,,,,,,,,,,,,,,,,,,,,,,,,,,,,,,,,,,,,,,,,,,,
contenedor_unico,contenedor_por_ancestro_project,PP-PRL-ALM-DAD02,ALIMENTADOR DADD01 SALIDA ASPIRADOR/DESPEDRADOR | Grupo: PP-ALM DESPEDR,660,5,660,PP-PRL-DSP-DSP01,PP-PRL-DSP-DSP01,PP-PRL-LGC-PRELIMPIEZA > PP-PRL-LGC-DESPEDRADOR > PP-PRL-DSP-DSP01,PP > PP-PRL-LGC-PRELIMPIEZA > PP-PRL-LGC-DESPEDRADOR > PP-PRL-DSP-DSP01,PP > PP-PRL-LGC-PRELIMPIEZA > PP-PRL-LGC-DESPEDRADOR > PP-PRL-DSP-DSP01 > PP-PRL-ALM-DAD02,286530,121e7c49-6f80-4698-91bd-c7c5a38e25dd-00045f42,Roofs,,Genérico - 400 mm,Genérico - 400 mm,,PP > PP-PRL-LGC-PRELIMPIEZA,contenedor_scoring,286530,121e7c49-6f80-4698-91bd-c7c5a38e25dd-00045f42,PP > PP-PRL-LGC-PRELIMPIEZA,2,78,NO,200,0,200,ancestro_project_exacto,286530:200:PP > PP-PRL-LGC-PRELIMPIEZA,PP-PRL-LGC-PRELIMPIEZA,Sin match puntual; contenedor único por ancestro Project PP-PRL-LGC-PRELIMPIEZA.,contenedor_unico_ancestro,PP-PRL-LGC-PRELIMPIEZA,286530,286530,,,un_elemento_revit_para_ancestro,PP,PP-PRL-LGC-PRELIMPIEZA,,,,,,,,,,,,,,,,,,,,,,,,,,,,,,,,,,,,,,,,,,,,,,,,,,,,,,,,,,,,,,,,,,,,,,,,,,,,,,
contenedor_unico,contenedor_por_ancestro_project,PP-PRL-RSC-DSF12,"ROSCA DSF12, SALIDA FINOS ASPIRADOR A SF01 | Grupo: PP-RSC-DSF12",661,5,661,PP-PRL-DSP-DSP01,PP-PRL-DSP-DSP01,PP-PRL-LGC-PRELIMPIEZA > PP-PRL-LGC-DESPEDRADOR > PP-PRL-DSP-DSP01,PP > PP-PRL-LGC-PRELIMPIEZA > PP-PRL-LGC-DESPEDRADOR > PP-PRL-DSP-DSP01,PP > PP-PRL-LGC-PRELIMPIEZA > PP-PRL-LGC-DESPEDRADOR > PP-PRL-DSP-DSP01 > PP-PRL-RSC-DSF12,286530,121e7c49-6f80-4698-91bd-c7c5a38e25dd-00045f42,Roofs,,Genérico - 400 mm,Genérico - 400 mm,,PP > PP-PRL-LGC-PRELIMPIEZA,contenedor_scoring,286530,121e7c49-6f80-4698-91bd-c7c5a38e25dd-00045f42,PP > PP-PRL-LGC-PRELIMPIEZA,2,78,NO,200,0,200,ancestro_project_exacto,286530:200:PP > PP-PRL-LGC-PRELIMPIEZA,PP-PRL-LGC-PRELIMPIEZA,Sin match puntual; contenedor único por ancestro Project PP-PRL-LGC-PRELIMPIEZA.,contenedor_unico_ancestro,PP-PRL-LGC-PRELIMPIEZA,286530,286530,,,un_elemento_revit_para_ancestro,PP,PP-PRL-LGC-PRELIMPIEZA,,,,,,,,,,,,,,,,,,,,,,,,,,,,,,,,,,,,,,,,,,,,,,,,,,,,,,,,,,,,,,,,,,,,,,,,,,,,,,
contenedor_unico,contenedor_por_ancestro_project,PP-PRL-VNT-DVE03,DVE03 VENTILADOR ASPIRADOR/DESPEDRADOR | Grupo: PP-VNT DVE03,662,4,662,PP-PRL-LGC-DESPEDRADOR,PP-PRL-LGC-DESPEDRADOR,PP-PRL-LGC-PRELIMPIEZA > PP-PRL-LGC-DESPEDRADOR,PP > PP-PRL-LGC-PRELIMPIEZA > PP-PRL-LGC-DESPEDRADOR,PP > PP-PRL-LGC-PRELIMPIEZA > PP-PRL-LGC-DESPEDRADOR > PP-PRL-VNT-DVE03,286530,121e7c49-6f80-4698-91bd-c7c5a38e25dd-00045f42,Roofs,,Genérico - 400 mm,Genérico - 400 mm,,PP > PP-PRL-LGC-PRELIMPIEZA,contenedor_scoring,286530,121e7c49-6f80-4698-91bd-c7c5a38e25dd-00045f42,PP > PP-PRL-LGC-PRELIMPIEZA,2,78,NO,200,0,200,ancestro_project_exacto,286530:200:PP > PP-PRL-LGC-PRELIMPIEZA,PP-PRL-LGC-PRELIMPIEZA,Sin match puntual; contenedor único por ancestro Project PP-PRL-LGC-PRELIMPIEZA.,contenedor_unico_ancestro,PP-PRL-LGC-PRELIMPIEZA,286530,286530,,,un_elemento_revit_para_ancestro,PP,PP-PRL-LGC-PRELIMPIEZA,,,,,,,,,,,,,,,,,,,,,,,,,,,,,,,,,,,,,,,,,,,,,,,,,,,,,,,,,,,,,,,,,,,,,,,,,,,,,,
contenedor_unico,contenedor_por_ancestro_project,PP-PRL-CCL-CDVE03,CICLON DVE03 VENTILADOR ASPIRADOR/DESPEDRADOR | Grupo: PP-CCL CICLON PRELIMPIEZA,663,5,663,PP-PRL-VNT-DVE03,PP-PRL-VNT-DVE03,PP-PRL-LGC-PRELIMPIEZA > PP-PRL-LGC-DESPEDRADOR > PP-PRL-VNT-DVE03,PP > PP-PRL-LGC-PRELIMPIEZA > PP-PRL-LGC-DESPEDRADOR > PP-PRL-VNT-DVE03,PP > PP-PRL-LGC-PRELIMPIEZA > PP-PRL-LGC-DESPEDRADOR > PP-PRL-VNT-DVE03 > PP-PRL-CCL-CDVE03,286530,121e7c49-6f80-4698-91bd-c7c5a38e25dd-00045f42,Roofs,,Genérico - 400 mm,Genérico - 400 mm,,PP > PP-PRL-LGC-PRELIMPIEZA,contenedor_scoring,286530,121e7c49-6f80-4698-91bd-c7c5a38e25dd-00045f42,PP > PP-PRL-LGC-PRELIMPIEZA,2,78,NO,200,0,200,ancestro_project_exacto,286530:200:PP > PP-PRL-LGC-PRELIMPIEZA,PP-PRL-LGC-PRELIMPIEZA,Sin match puntual; contenedor único por ancestro Project PP-PRL-LGC-PRELIMPIEZA.,contenedor_unico_ancestro,PP-PRL-LGC-PRELIMPIEZA,286530,286530,,,un_elemento_revit_para_ancestro,PP,PP-PRL-LGC-PRELIMPIEZA,,,,,,,,,,,,,,,,,,,,,,,,,,,,,,,,,,,,,,,,,,,,,,,,,,,,,,,,,,,,,,,,,,,,,,,,,,,,,,
contenedor_unico,contenedor_por_ancestro_project,PP-PRL-VLV-DVR05,DVR05 SALIDA CICLON DVE03 DE ASPIRADOR/DEPEDRADOR | Grupo: PP-VLV ROTATIVA DVR05,664,5,664,PP-PRL-VNT-DVE03,PP-PRL-VNT-DVE03,PP-PRL-LGC-PRELIMPIEZA > PP-PRL-LGC-DESPEDRADOR > PP-PRL-VNT-DVE03,PP > PP-PRL-LGC-PRELIMPIEZA > PP-PRL-LGC-DESPEDRADOR > PP-PRL-VNT-DVE03,PP > PP-PRL-LGC-PRELIMPIEZA > PP-PRL-LGC-DESPEDRADOR > PP-PRL-VNT-DVE03 > PP-PRL-VLV-DVR05,286530,121e7c49-6f80-4698-91bd-c7c5a38e25dd-00045f42,Roofs,,Genérico - 400 mm,Genérico - 400 mm,,PP > PP-PRL-LGC-PRELIMPIEZA,contenedor_scoring,286530,121e7c49-6f80-4698-91bd-c7c5a38e25dd-00045f42,PP > PP-PRL-LGC-PRELIMPIEZA,2,78,NO,200,0,200,ancestro_project_exacto,286530:200:PP > PP-PRL-LGC-PRELIMPIEZA,PP-PRL-LGC-PRELIMPIEZA,Sin match puntual; contenedor único por ancestro Project PP-PRL-LGC-PRELIMPIEZA.,contenedor_unico_ancestro,PP-PRL-LGC-PRELIMPIEZA,286530,286530,,,un_elemento_revit_para_ancestro,PP,PP-PRL-LGC-PRELIMPIEZA,,,,,,,,,,,,,,,,,,,,,,,,,,,,,,,,,,,,,,,,,,,,,,,,,,,,,,,,,,,,,,,,,,,,,,,,,,,,,,
contenedor_unico,contenedor_por_ancestro_project,PP-PRL-LGC-MERMA,SECTOR MERMA PRELIMPIEZA PTA PTO | Grupo: PP-SECTOR MERMA,665,3,665,PP-PRL-LGC-PRELIMPIEZA,PP-PRL-LGC-PRELIMPIEZA,PP-PRL-LGC-PRELIMPIEZA,PP > PP-PRL-LGC-PRELIMPIEZA,PP > PP-PRL-LGC-PRELIMPIEZA > PP-PRL-LGC-MERMA,286530,121e7c49-6f80-4698-91bd-c7c5a38e25dd-00045f42,Roofs,,Genérico - 400 mm,Genérico - 400 mm,,PP > PP-PRL-LGC-PRELIMPIEZA,contenedor_scoring,286530,121e7c49-6f80-4698-91bd-c7c5a38e25dd-00045f42,PP > PP-PRL-LGC-PRELIMPIEZA,2,78,NO,200,0,200,ancestro_project_exacto,286530:200:PP > PP-PRL-LGC-PRELIMPIEZA,PP-PRL-LGC-PRELIMPIEZA,Sin match puntual; contenedor único por ancestro Project PP-PRL-LGC-PRELIMPIEZA.,contenedor_unico_ancestro,PP-PRL-LGC-PRELIMPIEZA,286530,286530,,,un_elemento_revit_para_ancestro,PP,PP-PRL-LGC-PRELIMPIEZA,,,,,,,,,,,,,,,,,,,,,,,,,,,,,,,,,,,,,,,,,,,,,,,,,,,,,,,,,,,,,,,,,,,,,,,,,,,,,,
contenedor_unico,contenedor_por_ancestro_project,PP-PRL-CHM-CHIMERMA,CHIMANGO DE MERMA PRELIMPIEZA | Grupo: PP-CHM CHIMANGO MERMA,666,4,666,PP-PRL-LGC-MERMA,PP-PRL-LGC-MERMA,PP-PRL-LGC-PRELIMPIEZA > PP-PRL-LGC-MERMA,PP > PP-PRL-LGC-PRELIMPIEZA > PP-PRL-LGC-MERMA,PP > PP-PRL-LGC-PRELIMPIEZA > PP-PRL-LGC-MERMA > PP-PRL-CHM-CHIMERMA,286530,121e7c49-6f80-4698-91bd-c7c5a38e25dd-00045f42,Roofs,,Genérico - 400 mm,Genérico - 400 mm,,PP > PP-PRL-LGC-PRELIMPIEZA,contenedor_scoring,286530,121e7c49-6f80-4698-91bd-c7c5a38e25dd-00045f42,PP > PP-PRL-LGC-PRELIMPIEZA,2,78,NO,200,0,200,ancestro_project_exacto,286530:200:PP > PP-PRL-LGC-PRELIMPIEZA,PP-PRL-LGC-PRELIMPIEZA,Sin match puntual; contenedor único por ancestro Project PP-PRL-LGC-PRELIMPIEZA.,contenedor_unico_ancestro,PP-PRL-LGC-PRELIMPIEZA,286530,286530,,,un_elemento_revit_para_ancestro,PP,PP-PRL-LGC-PRELIMPIEZA,,,,,,,,,,,,,,,,,,,,,,,,,,,,,,,,,,,,,,,,,,,,,,,,,,,,,,,,,,,,,,,,,,,,,,,,,,,,,,
contenedor_unico,contenedor_por_ancestro_project,PP-PRL-RSC-S21,ROSCA S21 SALIDA RG02 A CARRO | Grupo: PP-RSC-S21,667,4,667,PP-PRL-LGC-MERMA,PP-PRL-LGC-MERMA,PP-PRL-LGC-PRELIMPIEZA > PP-PRL-LGC-MERMA,PP > PP-PRL-LGC-PRELIMPIEZA > PP-PRL-LGC-MERMA,PP > PP-PRL-LGC-PRELIMPIEZA > PP-PRL-LGC-MERMA > PP-PRL-RSC-S21,286530,121e7c49-6f80-4698-91bd-c7c5a38e25dd-00045f42,Roofs,,Genérico - 400 mm,Genérico - 400 mm,,PP > PP-PRL-LGC-PRELIMPIEZA,contenedor_scoring,286530,121e7c49-6f80-4698-91bd-c7c5a38e25dd-00045f42,PP > PP-PRL-LGC-PRELIMPIEZA,2,78,NO,200,0,200,ancestro_project_exacto,286530:200:PP > PP-PRL-LGC-PRELIMPIEZA,PP-PRL-LGC-PRELIMPIEZA,Sin match puntual; contenedor único por ancestro Project PP-PRL-LGC-PRELIMPIEZA.,contenedor_unico_ancestro,PP-PRL-LGC-PRELIMPIEZA,286530,286530,,,un_elemento_revit_para_ancestro,PP,PP-PRL-LGC-PRELIMPIEZA,,,,,,,,,,,,,,,,,,,,,,,,,,,,,,,,,,,,,,,,,,,,,,,,,,,,,,,,,,,,,,,,,,,,,,,,,,,,,,
contenedor_unico,contenedor_por_ancestro_project,PP-PRL-RSC-SF01,ROSCA SF01 RECIBE DE RF01-DR12-DSF12 | Grupo: PP-RSC-SF01,668,4,668,PP-PRL-LGC-MERMA,PP-PRL-LGC-MERMA,PP-PRL-LGC-PRELIMPIEZA > PP-PRL-LGC-MERMA,PP > PP-PRL-LGC-PRELIMPIEZA > PP-PRL-LGC-MERMA,PP > PP-PRL-LGC-PRELIMPIEZA > PP-PRL-LGC-MERMA > PP-PRL-RSC-SF01,286530,121e7c49-6f80-4698-91bd-c7c5a38e25dd-00045f42,Roofs,,Genérico - 400 mm,Genérico - 400 mm,,PP > PP-PRL-LGC-PRELIMPIEZA,contenedor_scoring,286530,121e7c49-6f80-4698-91bd-c7c5a38e25dd-00045f42,PP > PP-PRL-LGC-PRELIMPIEZA,2,78,NO,200,0,200,ancestro_project_exacto,286530:200:PP > PP-PRL-LGC-PRELIMPIEZA,PP-PRL-LGC-PRELIMPIEZA,Sin match puntual; contenedor único por ancestro Project PP-PRL-LGC-PRELIMPIEZA.,contenedor_unico_ancestro,PP-PRL-LGC-PRELIMPIEZA,286530,286530,,,un_elemento_revit_para_ancestro,PP,PP-PRL-LGC-PRELIMPIEZA,,,,,,,,,,,,,,,,,,,,,,,,,,,,,,,,,,,,,,,,,,,,,,,,,,,,,,,,,,,,,,,,,,,,,,,,,,,,,,
contenedor_unico,contenedor_por_ancestro_project,PP-PRL-LGC-REDLER,CONJUNTO DE REDLER PRELIMPIEZA PTA PTO | Grupo: PP-CONJ RDL PRL,669,3,669,PP-PRL-LGC-PRELIMPIEZA,PP-PRL-LGC-PRELIMPIEZA,PP-PRL-LGC-PRELIMPIEZA,PP > PP-PRL-LGC-PRELIMPIEZA,PP > PP-PRL-LGC-PRELIMPIEZA > PP-PRL-LGC-REDLER,286530,121e7c49-6f80-4698-91bd-c7c5a38e25dd-00045f42,Roofs,,Genérico - 400 mm,Genérico - 400 mm,,PP > PP-PRL-LGC-PRELIMPIEZA,contenedor_scoring,286530,121e7c49-6f80-4698-91bd-c7c5a38e25dd-00045f42,PP > PP-PRL-LGC-PRELIMPIEZA,2,78,NO,200,0,200,ancestro_project_exacto,286530:200:PP > PP-PRL-LGC-PRELIMPIEZA,PP-PRL-LGC-PRELIMPIEZA,Sin match puntual; contenedor único por ancestro Project PP-PRL-LGC-PRELIMPIEZA.,contenedor_unico_ancestro,PP-PRL-LGC-PRELIMPIEZA,286530,286530,,,un_elemento_revit_para_ancestro,PP,PP-PRL-LGC-PRELIMPIEZA,,,,,,,,,,,,,,,,,,,,,,,,,,,,,,,,,,,,,,,,,,,,,,,,,,,,,,,,,,,,,,,,,,,,,,,,,,,,,,
contenedor_unico,contenedor_por_ancestro_project,PP-PRL-RDL-DR12,REDLER DR12 DESCARGA FINOS ZAR BÜHLER | Grupo: PP-REDLER DR12,670,4,670,PP-PRL-LGC-REDLER,PP-PRL-LGC-REDLER,PP-PRL-LGC-PRELIMPIEZA > PP-PRL-LGC-REDLER,PP > PP-PRL-LGC-PRELIMPIEZA > PP-PRL-LGC-REDLER,PP > PP-PRL-LGC-PRELIMPIEZA > PP-PRL-LGC-REDLER > PP-PRL-RDL-DR12,286530,121e7c49-6f80-4698-91bd-c7c5a38e25dd-00045f42,Roofs,,Genérico - 400 mm,Genérico - 400 mm,,PP > PP-PRL-LGC-PRELIMPIEZA,contenedor_scoring,286530,121e7c49-6f80-4698-91bd-c7c5a38e25dd-00045f42,PP > PP-PRL-LGC-PRELIMPIEZA,2,78,NO,200,0,200,ancestro_project_exacto,286530:200:PP > PP-PRL-LGC-PRELIMPIEZA,PP-PRL-LGC-PRELIMPIEZA,Sin match puntual; contenedor único por ancestro Project PP-PRL-LGC-PRELIMPIEZA.,contenedor_unico_ancestro,PP-PRL-LGC-PRELIMPIEZA,286530,286530,,,un_elemento_revit_para_ancestro,PP,PP-PRL-LGC-PRELIMPIEZA,,,,,,,,,,,,,,,,,,,,,,,,,,,,,,,,,,,,,,,,,,,,,,,,,,,,,,,,,,,,,,,,,,,,,,,,,,,,,,
contenedor_unico,contenedor_por_ancestro_project,PP-PRL-RDL-R01,REDLER R01 SIMPLE SALIDA SILO DIARIO | Grupo: PP-REDLER R01,671,4,671,PP-PRL-LGC-REDLER,PP-PRL-LGC-REDLER,PP-PRL-LGC-PRELIMPIEZA > PP-PRL-LGC-REDLER,PP > PP-PRL-LGC-PRELIMPIEZA > PP-PRL-LGC-REDLER,PP > PP-PRL-LGC-PRELIMPIEZA > PP-PRL-LGC-REDLER > PP-PRL-RDL-R01,286530,121e7c49-6f80-4698-91bd-c7c5a38e25dd-00045f42,Roofs,,Genérico - 400 mm,Genérico - 400 mm,,PP > PP-PRL-LGC-PRELIMPIEZA,contenedor_scoring,286530,121e7c49-6f80-4698-91bd-c7c5a38e25dd-00045f42,PP > PP-PRL-LGC-PRELIMPIEZA,2,78,NO,200,0,200,ancestro_project_exacto,286530:200:PP > PP-PRL-LGC-PRELIMPIEZA,PP-PRL-LGC-PRELIMPIEZA,Sin match puntual; contenedor único por ancestro Project PP-PRL-LGC-PRELIMPIEZA.,contenedor_unico_ancestro,PP-PRL-LGC-PRELIMPIEZA,286530,286530,,,un_elemento_revit_para_ancestro,PP,PP-PRL-LGC-PRELIMPIEZA,,,,,,,,,,,,,,,,,,,,,,,,,,,,,,,,,,,,,,,,,,,,,,,,,,,,,,,,,,,,,,,,,,,,,,,,,,,,,,
contenedor_unico,contenedor_por_ancestro_project,PP-PRL-RDL-R01B,DE SILO DE RECUPERO A NORIA N02 | Grupo: PP-REDLER R01B,672,4,672,PP-PRL-LGC-REDLER,PP-PRL-LGC-REDLER,PP-PRL-LGC-PRELIMPIEZA > PP-PRL-LGC-REDLER,PP > PP-PRL-LGC-PRELIMPIEZA > PP-PRL-LGC-REDLER,PP > PP-PRL-LGC-PRELIMPIEZA > PP-PRL-LGC-REDLER > PP-PRL-RDL-R01B,286530,121e7c49-6f80-4698-91bd-c7c5a38e25dd-00045f42,Roofs,,Genérico - 400 mm,Genérico - 400 mm,,PP > PP-PRL-LGC-PRELIMPIEZA,contenedor_scoring,286530,121e7c49-6f80-4698-91bd-c7c5a38e25dd-00045f42,PP > PP-PRL-LGC-PRELIMPIEZA,2,78,NO,200,0,200,ancestro_project_exacto,286530:200:PP > PP-PRL-LGC-PRELIMPIEZA,PP-PRL-LGC-PRELIMPIEZA,Sin match puntual; contenedor único por ancestro Project PP-PRL-LGC-PRELIMPIEZA.,contenedor_unico_ancestro,PP-PRL-LGC-PRELIMPIEZA,286530,286530,,,un_elemento_revit_para_ancestro,PP,PP-PRL-LGC-PRELIMPIEZA,,,,,,,,,,,,,,,,,,,,,,,,,,,,,,,,,,,,,,,,,,,,,,,,,,,,,,,,,,,,,,,,,,,,,,,,,,,,,,
contenedor_unico,contenedor_por_ancestro_project,PP-PRL-RDL-R02,REDLER R02  DOBLE SOBRE ZARANDAS | Grupo: PP-REDLER R02,673,4,673,PP-PRL-LGC-REDLER,PP-PRL-LGC-REDLER,PP-PRL-LGC-PRELIMPIEZA > PP-PRL-LGC-REDLER,PP > PP-PRL-LGC-PRELIMPIEZA > PP-PRL-LGC-REDLER,PP > PP-PRL-LGC-PRELIMPIEZA > PP-PRL-LGC-REDLER > PP-PRL-RDL-R02,286530,121e7c49-6f80-4698-91bd-c7c5a38e25dd-00045f42,Roofs,,Genérico - 400 mm,Genérico - 400 mm,,PP > PP-PRL-LGC-PRELIMPIEZA,contenedor_scoring,286530,121e7c49-6f80-4698-91bd-c7c5a38e25dd-00045f42,PP > PP-PRL-LGC-PRELIMPIEZA,2,78,NO,200,0,200,ancestro_project_exacto,286530:200:PP > PP-PRL-LGC-PRELIMPIEZA,PP-PRL-LGC-PRELIMPIEZA,Sin match puntual; contenedor único por ancestro Project PP-PRL-LGC-PRELIMPIEZA.,contenedor_unico_ancestro,PP-PRL-LGC-PRELIMPIEZA,286530,286530,,,un_elemento_revit_para_ancestro,PP,PP-PRL-LGC-PRELIMPIEZA,,,,,,,,,,,,,,,,,,,,,,,,,,,,,,,,,,,,,,,,,,,,,,,,,,,,,,,,,,,,,,,,,,,,,,,,,,,,,,
contenedor_unico,contenedor_por_ancestro_project,PP-PRL-RDL-R35,REDLER R35 CARGA SILO DE RECUPERO | Grupo: PP-REDLER R35,674,4,674,PP-PRL-LGC-REDLER,PP-PRL-LGC-REDLER,PP-PRL-LGC-PRELIMPIEZA > PP-PRL-LGC-REDLER,PP > PP-PRL-LGC-PRELIMPIEZA > PP-PRL-LGC-REDLER,PP > PP-PRL-LGC-PRELIMPIEZA > PP-PRL-LGC-REDLER > PP-PRL-RDL-R35,286530,121e7c49-6f80-4698-91bd-c7c5a38e25dd-00045f42,Roofs,,Genérico - 400 mm,Genérico - 400 mm,,PP > PP-PRL-LGC-PRELIMPIEZA,contenedor_scoring,286530,121e7c49-6f80-4698-91bd-c7c5a38e25dd-00045f42,PP > PP-PRL-LGC-PRELIMPIEZA,2,78,NO,200,0,200,ancestro_project_exacto,286530:200:PP > PP-PRL-LGC-PRELIMPIEZA,PP-PRL-LGC-PRELIMPIEZA,Sin match puntual; contenedor único por ancestro Project PP-PRL-LGC-PRELIMPIEZA.,contenedor_unico_ancestro,PP-PRL-LGC-PRELIMPIEZA,286530,286530,,,un_elemento_revit_para_ancestro,PP,PP-PRL-LGC-PRELIMPIEZA,,,,,,,,,,,,,,,,,,,,,,,,,,,,,,,,,,,,,,,,,,,,,,,,,,,,,,,,,,,,,,,,,,,,,,,,,,,,,,
contenedor_unico,contenedor_por_ancestro_project,PP-PRL-RDL-RF01,REDLER RF01  FINO ZAR. | Grupo: PP-REDLER RF01,675,4,675,PP-PRL-LGC-REDLER,PP-PRL-LGC-REDLER,PP-PRL-LGC-PRELIMPIEZA > PP-PRL-LGC-REDLER,PP > PP-PRL-LGC-PRELIMPIEZA > PP-PRL-LGC-REDLER,PP > PP-PRL-LGC-PRELIMPIEZA > PP-PRL-LGC-REDLER > PP-PRL-RDL-RF01,286530,121e7c49-6f80-4698-91bd-c7c5a38e25dd-00045f42,Roofs,,Genérico - 400 mm,Genérico - 400 mm,,PP > PP-PRL-LGC-PRELIMPIEZA,contenedor_scoring,286530,121e7c49-6f80-4698-91bd-c7c5a38e25dd-00045f42,PP > PP-PRL-LGC-PRELIMPIEZA,2,78,NO,200,0,200,ancestro_project_exacto,286530:200:PP > PP-PRL-LGC-PRELIMPIEZA,PP-PRL-LGC-PRELIMPIEZA,Sin match puntual; contenedor único por ancestro Project PP-PRL-LGC-PRELIMPIEZA.,contenedor_unico_ancestro,PP-PRL-LGC-PRELIMPIEZA,286530,286530,,,un_elemento_revit_para_ancestro,PP,PP-PRL-LGC-PRELIMPIEZA,,,,,,,,,,,,,,,,,,,,,,,,,,,,,,,,,,,,,,,,,,,,,,,,,,,,,,,,,,,,,,,,,,,,,,,,,,,,,,
contenedor_unico,contenedor_por_ancestro_project,PP-PRL-RDL-RG02,REDLER RG02  GRUESO ZAR. | Grupo: PP-REDLER RG02,676,4,676,PP-PRL-LGC-REDLER,PP-PRL-LGC-REDLER,PP-PRL-LGC-PRELIMPIEZA > PP-PRL-LGC-REDLER,PP > PP-PRL-LGC-PRELIMPIEZA > PP-PRL-LGC-REDLER,PP > PP-PRL-LGC-PRELIMPIEZA > PP-PRL-LGC-REDLER > PP-PRL-RDL-RG02,286530,121e7c49-6f80-4698-91bd-c7c5a38e25dd-00045f42,Roofs,,Genérico - 400 mm,Genérico - 400 mm,,PP > PP-PRL-LGC-PRELIMPIEZA,contenedor_scoring,286530,121e7c49-6f80-4698-91bd-c7c5a38e25dd-00045f42,PP > PP-PRL-LGC-PRELIMPIEZA,2,78,NO,200,0,200,ancestro_project_exacto,286530:200:PP > PP-PRL-LGC-PRELIMPIEZA,PP-PRL-LGC-PRELIMPIEZA,Sin match puntual; contenedor único por ancestro Project PP-PRL-LGC-PRELIMPIEZA.,contenedor_unico_ancestro,PP-PRL-LGC-PRELIMPIEZA,286530,286530,,,un_elemento_revit_para_ancestro,PP,PP-PRL-LGC-PRELIMPIEZA,,,,,,,,,,,,,,,,,,,,,,,,,,,,,,,,,,,,,,,,,,,,,,,,,,,,,,,,,,,,,,,,,,,,,,,,,,,,,,
contenedor_logico_duplicado_distributed,contenedor_por_match_puntual_multi,PP-PRL-LGC-SILOS,SECTOR SILOS PRELIMPIEZA PTA PTO | Grupo: PP-SECTOR SILOS PRL,677,3,677,PP-PRL-LGC-PRELIMPIEZA,PP-PRL-LGC-PRELIMPIEZA,PP-PRL-LGC-PRELIMPIEZA,PP > PP-PRL-LGC-PRELIMPIEZA,PP > PP-PRL-LGC-PRELIMPIEZA > PP-PRL-LGC-SILOS,173600,e873c32e-5e0c-4f36-b2a7-48d4917bce06-0002a620,Generic Models,Silo diario,Silo diario,Silo diario,,PP > PP-PRL-LGC-SILOS > PP-PRL-SLO-SA00,contenedor_scoring,173600,e873c32e-5e0c-4f36-b2a7-48d4917bce06-0002a620,PP > PP-PRL-LGC-SILOS > PP-PRL-SLO-SA00,3,77,NO,200,200,0,match_puntual_multi_id_cluster_logico,173600:200:PP > PP-PRL-LGC-SILOS > PP-PRL-SLO-SA00 || 365517:200:PP > PP-PRL-LGC-SILOS > PP-PRL-SLO-SRECUP,PP-PRL-LGC-SILOS,Mismo código en 2 elementos Revit; cluster lógico (no ambigüedad real).,ambiguo_falso_por_contenedor_duplicado,PP-PRL-LGC-SILOS,173600;365517,,,distributed,mismo_codigo_varios_element_ids_cluster_distributed,PP,,PP-PRL-LGC-SILOS,PP-PRL-SLO-SA00,,,,,,,,,,,,,,,,,,,,,,,,,,,,,,,,,,,,,,,,,,,,,,,,,,,,,,,,,,,,,,,,,,,,,,,,,,,,
match_directo,elemento_puntual,PP-PRL-SLO-SA00,SILO SA00 ACOPIO SEMILLA (SILO DIARIO) | Grupo: PP-SLO SILO DIARIO,678,4,678,PP-PRL-LGC-SILOS,PP-PRL-LGC-SILOS,PP-PRL-LGC-PRELIMPIEZA > PP-PRL-LGC-SILOS,PP > PP-PRL-LGC-PRELIMPIEZA > PP-PRL-LGC-SILOS,PP > PP-PRL-LGC-PRELIMPIEZA > PP-PRL-LGC-SILOS > PP-PRL-SLO-SA00,173600,e873c32e-5e0c-4f36-b2a7-48d4917bce06-0002a620,Generic Models,Silo diario,Silo diario,Silo diario,,PP > PP-PRL-LGC-SILOS > PP-PRL-SLO-SA00,btz_description_04,,,,,,,,,,,,,Coincidencia exacta única con elemento Revit.,match_directo,,,,,,match_puntual_unico,PP,,PP-PRL-LGC-SILOS,PP-PRL-SLO-SA00,,,,,,,,,,,,,,,,,,,,,,,,,,,,,,,,,,,,,,,,,,,,,,,,,,,,,,,,,,,,,,,,,,,,,,,,,,,,
contenedor_unico,contenedor_por_ancestro_project,PP-PRL-VLV-VG01,1RA VALVULA SILO DIARIO (ESTE A OESTE) | Grupo: PP-VLV GUILL B/SILO DIARIO,679,5,679,PP-PRL-SLO-SA00,PP-PRL-SLO-SA00,PP-PRL-LGC-PRELIMPIEZA > PP-PRL-LGC-SILOS > PP-PRL-SLO-SA00,PP > PP-PRL-LGC-PRELIMPIEZA > PP-PRL-LGC-SILOS > PP-PRL-SLO-SA00,PP > PP-PRL-LGC-PRELIMPIEZA > PP-PRL-LGC-SILOS > PP-PRL-SLO-SA00 > PP-PRL-VLV-VG01,173600,e873c32e-5e0c-4f36-b2a7-48d4917bce06-0002a620,Generic Models,Silo diario,Silo diario,Silo diario,,PP > PP-PRL-LGC-SILOS > PP-PRL-SLO-SA00,contenedor_scoring,173600,e873c32e-5e0c-4f36-b2a7-48d4917bce06-0002a620,PP > PP-PRL-LGC-SILOS > PP-PRL-SLO-SA00,3,77,NO,200,0,200,ancestro_project_exacto,173600:200:PP > PP-PRL-LGC-SILOS > PP-PRL-SLO-SA00,PP-PRL-SLO-SA00,Sin match puntual; contenedor único por ancestro Project PP-PRL-SLO-SA00.,contenedor_unico_ancestro,PP-PRL-SLO-SA00,173600,173600,,,un_elemento_revit_para_ancestro,PP,,PP-PRL-LGC-SILOS,PP-PRL-SLO-SA00,,,,,,,,,,,,,,,,,,,,,,,,,,,,,,,,,,,,,,,,,,,,,,,,,,,,,,,,,,,,,,,,,,,,,,,,,,,,
contenedor_unico,contenedor_por_ancestro_project,PP-PRL-VLV-VG02,2DA VALVULA SILO DIARIO (ESTE A OESTE) | Grupo: PP-VLV GUILL B/SILO DIARIO,680,5,680,PP-PRL-SLO-SA00,PP-PRL-SLO-SA00,PP-PRL-LGC-PRELIMPIEZA > PP-PRL-LGC-SILOS > PP-PRL-SLO-SA00,PP > PP-PRL-LGC-PRELIMPIEZA > PP-PRL-LGC-SILOS > PP-PRL-SLO-SA00,PP > PP-PRL-LGC-PRELIMPIEZA > PP-PRL-LGC-SILOS > PP-PRL-SLO-SA00 > PP-PRL-VLV-VG02,173600,e873c32e-5e0c-4f36-b2a7-48d4917bce06-0002a620,Generic Models,Silo diario,Silo diario,Silo diario,,PP > PP-PRL-LGC-SILOS > PP-PRL-SLO-SA00,contenedor_scoring,173600,e873c32e-5e0c-4f36-b2a7-48d4917bce06-0002a620,PP > PP-PRL-LGC-SILOS > PP-PRL-SLO-SA00,3,77,NO,200,0,200,ancestro_project_exacto,173600:200:PP > PP-PRL-LGC-SILOS > PP-PRL-SLO-SA00,PP-PRL-SLO-SA00,Sin match puntual; contenedor único por ancestro Project PP-PRL-SLO-SA00.,contenedor_unico_ancestro,PP-PRL-SLO-SA00,173600,173600,,,un_elemento_revit_para_ancestro,PP,,PP-PRL-LGC-SILOS,PP-PRL-SLO-SA00,,,,,,,,,,,,,,,,,,,,,,,,,,,,,,,,,,,,,,,,,,,,,,,,,,,,,,,,,,,,,,,,,,,,,,,,,,,,
contenedor_unico,contenedor_por_ancestro_project,PP-PRL-VLV-VG03,3RA VALVULA SILO DIARIO (ESTE A OESTE) | Grupo: PP-VLV GUILL B/SILO DIARIO,681,5,681,PP-PRL-SLO-SA00,PP-PRL-SLO-SA00,PP-PRL-LGC-PRELIMPIEZA > PP-PRL-LGC-SILOS > PP-PRL-SLO-SA00,PP > PP-PRL-LGC-PRELIMPIEZA > PP-PRL-LGC-SILOS > PP-PRL-SLO-SA00,PP > PP-PRL-LGC-PRELIMPIEZA > PP-PRL-LGC-SILOS > PP-PRL-SLO-SA00 > PP-PRL-VLV-VG03,173600,e873c32e-5e0c-4f36-b2a7-48d4917bce06-0002a620,Generic Models,Silo diario,Silo diario,Silo diario,,PP > PP-PRL-LGC-SILOS > PP-PRL-SLO-SA00,contenedor_scoring,173600,e873c32e-5e0c-4f36-b2a7-48d4917bce06-0002a620,PP > PP-PRL-LGC-SILOS > PP-PRL-SLO-SA00,3,77,NO,200,0,200,ancestro_project_exacto,173600:200:PP > PP-PRL-LGC-SILOS > PP-PRL-SLO-SA00,PP-PRL-SLO-SA00,Sin match puntual; contenedor único por ancestro Project PP-PRL-SLO-SA00.,contenedor_unico_ancestro,PP-PRL-SLO-SA00,173600,173600,,,un_elemento_revit_para_ancestro,PP,,PP-PRL-LGC-SILOS,PP-PRL-SLO-SA00,,,,,,,,,,,,,,,,,,,,,,,,,,,,,,,,,,,,,,,,,,,,,,,,,,,,,,,,,,,,,,,,,,,,,,,,,,,,
contenedor_unico,contenedor_por_ancestro_project,PP-PRL-VLV-VG04,4TA VALVULA SILO DIARIO (ESTE A OESTE) | Grupo: PP-VLV GUILL B/SILO DIARIO,682,5,682,PP-PRL-SLO-SA00,PP-PRL-SLO-SA00,PP-PRL-LGC-PRELIMPIEZA > PP-PRL-LGC-SILOS > PP-PRL-SLO-SA00,PP > PP-PRL-LGC-PRELIMPIEZA > PP-PRL-LGC-SILOS > PP-PRL-SLO-SA00,PP > PP-PRL-LGC-PRELIMPIEZA > PP-PRL-LGC-SILOS > PP-PRL-SLO-SA00 > PP-PRL-VLV-VG04,173600,e873c32e-5e0c-4f36-b2a7-48d4917bce06-0002a620,Generic Models,Silo diario,Silo diario,Silo diario,,PP > PP-PRL-LGC-SILOS > PP-PRL-SLO-SA00,contenedor_scoring,173600,e873c32e-5e0c-4f36-b2a7-48d4917bce06-0002a620,PP > PP-PRL-LGC-SILOS > PP-PRL-SLO-SA00,3,77,NO,200,0,200,ancestro_project_exacto,173600:200:PP > PP-PRL-LGC-SILOS > PP-PRL-SLO-SA00,PP-PRL-SLO-SA00,Sin match puntual; contenedor único por ancestro Project PP-PRL-SLO-SA00.,contenedor_unico_ancestro,PP-PRL-SLO-SA00,173600,173600,,,un_elemento_revit_para_ancestro,PP,,PP-PRL-LGC-SILOS,PP-PRL-SLO-SA00,,,,,,,,,,,,,,,,,,,,,,,,,,,,,,,,,,,,,,,,,,,,,,,,,,,,,,,,,,,,,,,,,,,,,,,,,,,,
contenedor_unico,contenedor_por_ancestro_project,PP-PRL-VLV-VG05,5TA VALVULA SILO DIARIO (ESTE A OESTE) | Grupo: PP-VLV GUILL B/SILO DIARIO,683,5,683,PP-PRL-SLO-SA00,PP-PRL-SLO-SA00,PP-PRL-LGC-PRELIMPIEZA > PP-PRL-LGC-SILOS > PP-PRL-SLO-SA00,PP > PP-PRL-LGC-PRELIMPIEZA > PP-PRL-LGC-SILOS > PP-PRL-SLO-SA00,PP > PP-PRL-LGC-PRELIMPIEZA > PP-PRL-LGC-SILOS > PP-PRL-SLO-SA00 > PP-PRL-VLV-VG05,173600,e873c32e-5e0c-4f36-b2a7-48d4917bce06-0002a620,Generic Models,Silo diario,Silo diario,Silo diario,,PP > PP-PRL-LGC-SILOS > PP-PRL-SLO-SA00,contenedor_scoring,173600,e873c32e-5e0c-4f36-b2a7-48d4917bce06-0002a620,PP > PP-PRL-LGC-SILOS > PP-PRL-SLO-SA00,3,77,NO,200,0,200,ancestro_project_exacto,173600:200:PP > PP-PRL-LGC-SILOS > PP-PRL-SLO-SA00,PP-PRL-SLO-SA00,Sin match puntual; contenedor único por ancestro Project PP-PRL-SLO-SA00.,contenedor_unico_ancestro,PP-PRL-SLO-SA00,173600,173600,,,un_elemento_revit_para_ancestro,PP,,PP-PRL-LGC-SILOS,PP-PRL-SLO-SA00,,,,,,,,,,,,,,,,,,,,,,,,,,,,,,,,,,,,,,,,,,,,,,,,,,,,,,,,,,,,,,,,,,,,,,,,,,,,
contenedor_unico,contenedor_por_ancestro_project,PP-PRL-VLV-VG06,6TA VALVULA SILO DIARIO (ESTE A OESTE) | Grupo: PP-VLV GUILL B/SILO DIARIO,684,5,684,PP-PRL-SLO-SA00,PP-PRL-SLO-SA00,PP-PRL-LGC-PRELIMPIEZA > PP-PRL-LGC-SILOS > PP-PRL-SLO-SA00,PP > PP-PRL-LGC-PRELIMPIEZA > PP-PRL-LGC-SILOS > PP-PRL-SLO-SA00,PP > PP-PRL-LGC-PRELIMPIEZA > PP-PRL-LGC-SILOS > PP-PRL-SLO-SA00 > PP-PRL-VLV-VG06,173600,e873c32e-5e0c-4f36-b2a7-48d4917bce06-0002a620,Generic Models,Silo diario,Silo diario,Silo diario,,PP > PP-PRL-LGC-SILOS > PP-PRL-SLO-SA00,contenedor_scoring,173600,e873c32e-5e0c-4f36-b2a7-48d4917bce06-0002a620,PP > PP-PRL-LGC-SILOS > PP-PRL-SLO-SA00,3,77,NO,200,0,200,ancestro_project_exacto,173600:200:PP > PP-PRL-LGC-SILOS > PP-PRL-SLO-SA00,PP-PRL-SLO-SA00,Sin match puntual; contenedor único por ancestro Project PP-PRL-SLO-SA00.,contenedor_unico_ancestro,PP-PRL-SLO-SA00,173600,173600,,,un_elemento_revit_para_ancestro,PP,,PP-PRL-LGC-SILOS,PP-PRL-SLO-SA00,,,,,,,,,,,,,,,,,,,,,,,,,,,,,,,,,,,,,,,,,,,,,,,,,,,,,,,,,,,,,,,,,,,,,,,,,,,,
contenedor_unico,contenedor_por_ancestro_project,PP-PRL-VLV-VG07,7MA VALVULA SILO DIARIO (ESTE A OESTE) | Grupo: PP-VLV GUILL B/SILO DIARIO,685,5,685,PP-PRL-SLO-SA00,PP-PRL-SLO-SA00,PP-PRL-LGC-PRELIMPIEZA > PP-PRL-LGC-SILOS > PP-PRL-SLO-SA00,PP > PP-PRL-LGC-PRELIMPIEZA > PP-PRL-LGC-SILOS > PP-PRL-SLO-SA00,PP > PP-PRL-LGC-PRELIMPIEZA > PP-PRL-LGC-SILOS > PP-PRL-SLO-SA00 > PP-PRL-VLV-VG07,173600,e873c32e-5e0c-4f36-b2a7-48d4917bce06-0002a620,Generic Models,Silo diario,Silo diario,Silo diario,,PP > PP-PRL-LGC-SILOS > PP-PRL-SLO-SA00,contenedor_scoring,173600,e873c32e-5e0c-4f36-b2a7-48d4917bce06-0002a620,PP > PP-PRL-LGC-SILOS > PP-PRL-SLO-SA00,3,77,NO,200,0,200,ancestro_project_exacto,173600:200:PP > PP-PRL-LGC-SILOS > PP-PRL-SLO-SA00,PP-PRL-SLO-SA00,Sin match puntual; contenedor único por ancestro Project PP-PRL-SLO-SA00.,contenedor_unico_ancestro,PP-PRL-SLO-SA00,173600,173600,,,un_elemento_revit_para_ancestro,PP,,PP-PRL-LGC-SILOS,PP-PRL-SLO-SA00,,,,,,,,,,,,,,,,,,,,,,,,,,,,,,,,,,,,,,,,,,,,,,,,,,,,,,,,,,,,,,,,,,,,,,,,,,,,
match_directo,elemento_puntual,PP-PRL-SLO-SRECUP,SILO DE RECUPERO | Grupo: PP-SLO SILO RECUPERO,686,4,686,PP-PRL-LGC-SILOS,PP-PRL-LGC-SILOS,PP-PRL-LGC-PRELIMPIEZA > PP-PRL-LGC-SILOS,PP > PP-PRL-LGC-PRELIMPIEZA > PP-PRL-LGC-SILOS,PP > PP-PRL-LGC-PRELIMPIEZA > PP-PRL-LGC-SILOS > PP-PRL-SLO-SRECUP,365517,af4a1dfd-5c7d-4cb9-a1b8-2df1a4ebcc4e-000593cd,Generic Models,Biodiesel5,Biodiesel,Biodiesel,,PP > PP-PRL-LGC-SILOS > PP-PRL-SLO-SRECUP,btz_description_04,,,,,,,,,,,,,Coincidencia exacta única con elemento Revit.,match_directo,,,,,,match_puntual_unico,PP,,PP-PRL-LGC-SILOS,PP-PRL-SLO-SRECUP,,,,,,,,,,,,,,,,,,,,,,,,,,,,,,,,,,,,,,,,,,,,,,,,,,,,,,,,,,,,,,,,,,,,,,,,,,,,
contenedor_unico,contenedor_por_ancestro_project,PP-PRL-VLV-VG09,VALVULA HABILITA  RECUPERO O SILO DIARIO | Grupo: PP-VLV GUILL VG09,687,5,687,PP-PRL-SLO-SRECUP,PP-PRL-SLO-SRECUP,PP-PRL-LGC-PRELIMPIEZA > PP-PRL-LGC-SILOS > PP-PRL-SLO-SRECUP,PP > PP-PRL-LGC-PRELIMPIEZA > PP-PRL-LGC-SILOS > PP-PRL-SLO-SRECUP,PP > PP-PRL-LGC-PRELIMPIEZA > PP-PRL-LGC-SILOS > PP-PRL-SLO-SRECUP > PP-PRL-VLV-VG09,365517,af4a1dfd-5c7d-4cb9-a1b8-2df1a4ebcc4e-000593cd,Generic Models,Biodiesel5,Biodiesel,Biodiesel,,PP > PP-PRL-LGC-SILOS > PP-PRL-SLO-SRECUP,contenedor_scoring,365517,af4a1dfd-5c7d-4cb9-a1b8-2df1a4ebcc4e-000593cd,PP > PP-PRL-LGC-SILOS > PP-PRL-SLO-SRECUP,3,77,NO,200,0,200,ancestro_project_exacto,365517:200:PP > PP-PRL-LGC-SILOS > PP-PRL-SLO-SRECUP,PP-PRL-SLO-SRECUP,Sin match puntual; contenedor único por ancestro Project PP-PRL-SLO-SRECUP.,contenedor_unico_ancestro,PP-PRL-SLO-SRECUP,365517,365517,,,un_elemento_revit_para_ancestro,PP,,PP-PRL-LGC-SILOS,PP-PRL-SLO-SRECUP,,,,,,,,,,,,,,,,,,,,,,,,,,,,,,,,,,,,,,,,,,,,,,,,,,,,,,,,,,,,,,,,,,,,,,,,,,,,
contenedor_unico,contenedor_por_ancestro_project,PP-PRL-VLV-VR24,VALVULA ROTATIVA VR24 | Grupo: PP-VLV ROTATIVA VR24,688,5,688,PP-PRL-SLO-SRECUP,PP-PRL-SLO-SRECUP,PP-PRL-LGC-PRELIMPIEZA > PP-PRL-LGC-SILOS > PP-PRL-SLO-SRECUP,PP > PP-PRL-LGC-PRELIMPIEZA > PP-PRL-LGC-SILOS > PP-PRL-SLO-SRECUP,PP > PP-PRL-LGC-PRELIMPIEZA > PP-PRL-LGC-SILOS > PP-PRL-SLO-SRECUP > PP-PRL-VLV-VR24,365517,af4a1dfd-5c7d-4cb9-a1b8-2df1a4ebcc4e-000593cd,Generic Models,Biodiesel5,Biodiesel,Biodiesel,,PP > PP-PRL-LGC-SILOS > PP-PRL-SLO-SRECUP,contenedor_scoring,365517,af4a1dfd-5c7d-4cb9-a1b8-2df1a4ebcc4e-000593cd,PP > PP-PRL-LGC-SILOS > PP-PRL-SLO-SRECUP,3,77,NO,200,0,200,ancestro_project_exacto,365517:200:PP > PP-PRL-LGC-SILOS > PP-PRL-SLO-SRECUP,PP-PRL-SLO-SRECUP,Sin match puntual; contenedor único por ancestro Project PP-PRL-SLO-SRECUP.,contenedor_unico_ancestro,PP-PRL-SLO-SRECUP,365517,365517,,,un_elemento_revit_para_ancestro,PP,,PP-PRL-LGC-SILOS,PP-PRL-SLO-SRECUP,,,,,,,,,,,,,,,,,,,,,,,,,,,,,,,,,,,,,,,,,,,,,,,,,,,,,,,,,,,,,,,,,,,,,,,,,,,,
contenedor_unico,contenedor_por_ancestro_project,PP-PRL-LGC-ZARANDAS,SECTOR ZARANDAS PRELIMPIEZA PTA PTO | Grupo: PP-SECTOR ZRN PRL,689,3,689,PP-PRL-LGC-PRELIMPIEZA,PP-PRL-LGC-PRELIMPIEZA,PP-PRL-LGC-PRELIMPIEZA,PP > PP-PRL-LGC-PRELIMPIEZA,PP > PP-PRL-LGC-PRELIMPIEZA > PP-PRL-LGC-ZARANDAS,286530,121e7c49-6f80-4698-91bd-c7c5a38e25dd-00045f42,Roofs,,Genérico - 400 mm,Genérico - 400 mm,,PP > PP-PRL-LGC-PRELIMPIEZA,contenedor_scoring,286530,121e7c49-6f80-4698-91bd-c7c5a38e25dd-00045f42,PP > PP-PRL-LGC-PRELIMPIEZA,2,78,NO,200,0,200,ancestro_project_exacto,286530:200:PP > PP-PRL-LGC-PRELIMPIEZA,PP-PRL-LGC-PRELIMPIEZA,Sin match puntual; contenedor único por ancestro Project PP-PRL-LGC-PRELIMPIEZA.,contenedor_unico_ancestro,PP-PRL-LGC-PRELIMPIEZA,286530,286530,,,un_elemento_revit_para_ancestro,PP,PP-PRL-LGC-PRELIMPIEZA,,,,,,,,,,,,,,,,,,,,,,,,,,,,,,,,,,,,,,,,,,,,,,,,,,,,,,,,,,,,,,,,,,,,,,,,,,,,,,
contenedor_unico,contenedor_por_ancestro_project,PP-PRL-ZRN-Z01,ZARANDA Z01 | Grupo: PP-ZRN ZRAND BUHLER PRL,690,4,690,PP-PRL-LGC-ZARANDAS,PP-PRL-LGC-ZARANDAS,PP-PRL-LGC-PRELIMPIEZA > PP-PRL-LGC-ZARANDAS,PP > PP-PRL-LGC-PRELIMPIEZA > PP-PRL-LGC-ZARANDAS,PP > PP-PRL-LGC-PRELIMPIEZA > PP-PRL-LGC-ZARANDAS > PP-PRL-ZRN-Z01,286530,121e7c49-6f80-4698-91bd-c7c5a38e25dd-00045f42,Roofs,,Genérico - 400 mm,Genérico - 400 mm,,PP > PP-PRL-LGC-PRELIMPIEZA,contenedor_scoring,286530,121e7c49-6f80-4698-91bd-c7c5a38e25dd-00045f42,PP > PP-PRL-LGC-PRELIMPIEZA,2,78,NO,200,0,200,ancestro_project_exacto,286530:200:PP > PP-PRL-LGC-PRELIMPIEZA,PP-PRL-LGC-PRELIMPIEZA,Sin match puntual; contenedor único por ancestro Project PP-PRL-LGC-PRELIMPIEZA.,contenedor_unico_ancestro,PP-PRL-LGC-PRELIMPIEZA,286530,286530,,,un_elemento_revit_para_ancestro,PP,PP-PRL-LGC-PRELIMPIEZA,,,,,,,,,,,,,,,,,,,,,,,,,,,,,,,,,,,,,,,,,,,,,,,,,,,,,,,,,,,,,,,,,,,,,,,,,,,,,,
contenedor_unico,contenedor_por_ancestro_project,PP-PRL-ALM-MTMA01,ALIMENTADOR SALIDA ZARANDA BUHLER Z01 | Grupo: PP-ALM MTMA BUHLER,691,5,691,PP-PRL-ZRN-Z01,PP-PRL-ZRN-Z01,PP-PRL-LGC-PRELIMPIEZA > PP-PRL-LGC-ZARANDAS > PP-PRL-ZRN-Z01,PP > PP-PRL-LGC-PRELIMPIEZA > PP-PRL-LGC-ZARANDAS > PP-PRL-ZRN-Z01,PP > PP-PRL-LGC-PRELIMPIEZA > PP-PRL-LGC-ZARANDAS > PP-PRL-ZRN-Z01 > PP-PRL-ALM-MTMA01,286530,121e7c49-6f80-4698-91bd-c7c5a38e25dd-00045f42,Roofs,,Genérico - 400 mm,Genérico - 400 mm,,PP > PP-PRL-LGC-PRELIMPIEZA,contenedor_scoring,286530,121e7c49-6f80-4698-91bd-c7c5a38e25dd-00045f42,PP > PP-PRL-LGC-PRELIMPIEZA,2,78,NO,200,0,200,ancestro_project_exacto,286530:200:PP > PP-PRL-LGC-PRELIMPIEZA,PP-PRL-LGC-PRELIMPIEZA,Sin match puntual; contenedor único por ancestro Project PP-PRL-LGC-PRELIMPIEZA.,contenedor_unico_ancestro,PP-PRL-LGC-PRELIMPIEZA,286530,286530,,,un_elemento_revit_para_ancestro,PP,PP-PRL-LGC-PRELIMPIEZA,,,,,,,,,,,,,,,,,,,,,,,,,,,,,,,,,,,,,,,,,,,,,,,,,,,,,,,,,,,,,,,,,,,,,,,,,,,,,,
contenedor_unico,contenedor_por_ancestro_project,PP-PRL-ZRN-Z02,ZARANDA Z02 | Grupo: PP-ZRN ZRAND BUHLER PRL,692,4,692,PP-PRL-LGC-ZARANDAS,PP-PRL-LGC-ZARANDAS,PP-PRL-LGC-PRELIMPIEZA > PP-PRL-LGC-ZARANDAS,PP > PP-PRL-LGC-PRELIMPIEZA > PP-PRL-LGC-ZARANDAS,PP > PP-PRL-LGC-PRELIMPIEZA > PP-PRL-LGC-ZARANDAS > PP-PRL-ZRN-Z02,286530,121e7c49-6f80-4698-91bd-c7c5a38e25dd-00045f42,Roofs,,Genérico - 400 mm,Genérico - 400 mm,,PP > PP-PRL-LGC-PRELIMPIEZA,contenedor_scoring,286530,121e7c49-6f80-4698-91bd-c7c5a38e25dd-00045f42,PP > PP-PRL-LGC-PRELIMPIEZA,2,78,NO,200,0,200,ancestro_project_exacto,286530:200:PP > PP-PRL-LGC-PRELIMPIEZA,PP-PRL-LGC-PRELIMPIEZA,Sin match puntual; contenedor único por ancestro Project PP-PRL-LGC-PRELIMPIEZA.,contenedor_unico_ancestro,PP-PRL-LGC-PRELIMPIEZA,286530,286530,,,un_elemento_revit_para_ancestro,PP,PP-PRL-LGC-PRELIMPIEZA,,,,,,,,,,,,,,,,,,,,,,,,,,,,,,,,,,,,,,,,,,,,,,,,,,,,,,,,,,,,,,,,,,,,,,,,,,,,,,
contenedor_unico,contenedor_por_ancestro_project,PP-PRL-ALM-MTMA02,ALIMENTADOR SALIDA ZARANDA BUHLER Z02 | Grupo: PP-ALM MTMA BUHLER,693,5,693,PP-PRL-ZRN-Z02,PP-PRL-ZRN-Z02,PP-PRL-LGC-PRELIMPIEZA > PP-PRL-LGC-ZARANDAS > PP-PRL-ZRN-Z02,PP > PP-PRL-LGC-PRELIMPIEZA > PP-PRL-LGC-ZARANDAS > PP-PRL-ZRN-Z02,PP > PP-PRL-LGC-PRELIMPIEZA > PP-PRL-LGC-ZARANDAS > PP-PRL-ZRN-Z02 > PP-PRL-ALM-MTMA02,286530,121e7c49-6f80-4698-91bd-c7c5a38e25dd-00045f42,Roofs,,Genérico - 400 mm,Genérico - 400 mm,,PP > PP-PRL-LGC-PRELIMPIEZA,contenedor_scoring,286530,121e7c49-6f80-4698-91bd-c7c5a38e25dd-00045f42,PP > PP-PRL-LGC-PRELIMPIEZA,2,78,NO,200,0,200,ancestro_project_exacto,286530:200:PP > PP-PRL-LGC-PRELIMPIEZA,PP-PRL-LGC-PRELIMPIEZA,Sin match puntual; contenedor único por ancestro Project PP-PRL-LGC-PRELIMPIEZA.,contenedor_unico_ancestro,PP-PRL-LGC-PRELIMPIEZA,286530,286530,,,un_elemento_revit_para_ancestro,PP,PP-PRL-LGC-PRELIMPIEZA,,,,,,,,,,,,,,,,,,,,,,,,,,,,,,,,,,,,,,,,,,,,,,,,,,,,,,,,,,,,,,,,,,,,,,,,,,,,,,
contenedor_unico,contenedor_por_ancestro_project,PP-PRL-ZRN-Z03,ZARANDA Z03 | Grupo: PP-ZRN ZRAND BUHLER PRL,694,4,694,PP-PRL-LGC-ZARANDAS,PP-PRL-LGC-ZARANDAS,PP-PRL-LGC-PRELIMPIEZA > PP-PRL-LGC-ZARANDAS,PP > PP-PRL-LGC-PRELIMPIEZA > PP-PRL-LGC-ZARANDAS,PP > PP-PRL-LGC-PRELIMPIEZA > PP-PRL-LGC-ZARANDAS > PP-PRL-ZRN-Z03,286530,121e7c49-6f80-4698-91bd-c7c5a38e25dd-00045f42,Roofs,,Genérico - 400 mm,Genérico - 400 mm,,PP > PP-PRL-LGC-PRELIMPIEZA,contenedor_scoring,286530,121e7c49-6f80-4698-91bd-c7c5a38e25dd-00045f42,PP > PP-PRL-LGC-PRELIMPIEZA,2,78,NO,200,0,200,ancestro_project_exacto,286530:200:PP > PP-PRL-LGC-PRELIMPIEZA,PP-PRL-LGC-PRELIMPIEZA,Sin match puntual; contenedor único por ancestro Project PP-PRL-LGC-PRELIMPIEZA.,contenedor_unico_ancestro,PP-PRL-LGC-PRELIMPIEZA,286530,286530,,,un_elemento_revit_para_ancestro,PP,PP-PRL-LGC-PRELIMPIEZA,,,,,,,,,,,,,,,,,,,,,,,,,,,,,,,,,,,,,,,,,,,,,,,,,,,,,,,,,,,,,,,,,,,,,,,,,,,,,,
contenedor_unico,contenedor_por_ancestro_project,PP-PRL-ALM-MTMA03,ALIMENTADOR SALIDA ZARANDA BUHLER Z03 | Grupo: PP-ALM MTMA BUHLER,695,5,695,PP-PRL-ZRN-Z03,PP-PRL-ZRN-Z03,PP-PRL-LGC-PRELIMPIEZA > PP-PRL-LGC-ZARANDAS > PP-PRL-ZRN-Z03,PP > PP-PRL-LGC-PRELIMPIEZA > PP-PRL-LGC-ZARANDAS > PP-PRL-ZRN-Z03,PP > PP-PRL-LGC-PRELIMPIEZA > PP-PRL-LGC-ZARANDAS > PP-PRL-ZRN-Z03 > PP-PRL-ALM-MTMA03,286530,121e7c49-6f80-4698-91bd-c7c5a38e25dd-00045f42,Roofs,,Genérico - 400 mm,Genérico - 400 mm,,PP > PP-PRL-LGC-PRELIMPIEZA,contenedor_scoring,286530,121e7c49-6f80-4698-91bd-c7c5a38e25dd-00045f42,PP > PP-PRL-LGC-PRELIMPIEZA,2,78,NO,200,0,200,ancestro_project_exacto,286530:200:PP > PP-PRL-LGC-PRELIMPIEZA,PP-PRL-LGC-PRELIMPIEZA,Sin match puntual; contenedor único por ancestro Project PP-PRL-LGC-PRELIMPIEZA.,contenedor_unico_ancestro,PP-PRL-LGC-PRELIMPIEZA,286530,286530,,,un_elemento_revit_para_ancestro,PP,PP-PRL-LGC-PRELIMPIEZA,,,,,,,,,,,,,,,,,,,,,,,,,,,,,,,,,,,,,,,,,,,,,,,,,,,,,,,,,,,,,,,,,,,,,,,,,,,,,,
contenedor_unico,contenedor_por_ancestro_project,PP-PRL-ZRN-Z04,ZARANDA Z04 | Grupo: PP-ZRN ZRAND BUHLER PRL,696,4,696,PP-PRL-LGC-ZARANDAS,PP-PRL-LGC-ZARANDAS,PP-PRL-LGC-PRELIMPIEZA > PP-PRL-LGC-ZARANDAS,PP > PP-PRL-LGC-PRELIMPIEZA > PP-PRL-LGC-ZARANDAS,PP > PP-PRL-LGC-PRELIMPIEZA > PP-PRL-LGC-ZARANDAS > PP-PRL-ZRN-Z04,286530,121e7c49-6f80-4698-91bd-c7c5a38e25dd-00045f42,Roofs,,Genérico - 400 mm,Genérico - 400 mm,,PP > PP-PRL-LGC-PRELIMPIEZA,contenedor_scoring,286530,121e7c49-6f80-4698-91bd-c7c5a38e25dd-00045f42,PP > PP-PRL-LGC-PRELIMPIEZA,2,78,NO,200,0,200,ancestro_project_exacto,286530:200:PP > PP-PRL-LGC-PRELIMPIEZA,PP-PRL-LGC-PRELIMPIEZA,Sin match puntual; contenedor único por ancestro Project PP-PRL-LGC-PRELIMPIEZA.,contenedor_unico_ancestro,PP-PRL-LGC-PRELIMPIEZA,286530,286530,,,un_elemento_revit_para_ancestro,PP,PP-PRL-LGC-PRELIMPIEZA,,,,,,,,,,,,,,,,,,,,,,,,,,,,,,,,,,,,,,,,,,,,,,,,,,,,,,,,,,,,,,,,,,,,,,,,,,,,,,
contenedor_unico,contenedor_por_ancestro_project,PP-PRL-ALM-MTMA04,ALIMENTADOR SALIDA ZARANDA BUHLER Z04 | Grupo: PP-ALM MTMA BUHLER,697,5,697,PP-PRL-ZRN-Z04,PP-PRL-ZRN-Z04,PP-PRL-LGC-PRELIMPIEZA > PP-PRL-LGC-ZARANDAS > PP-PRL-ZRN-Z04,PP > PP-PRL-LGC-PRELIMPIEZA > PP-PRL-LGC-ZARANDAS > PP-PRL-ZRN-Z04,PP > PP-PRL-LGC-PRELIMPIEZA > PP-PRL-LGC-ZARANDAS > PP-PRL-ZRN-Z04 > PP-PRL-ALM-MTMA04,286530,121e7c49-6f80-4698-91bd-c7c5a38e25dd-00045f42,Roofs,,Genérico - 400 mm,Genérico - 400 mm,,PP > PP-PRL-LGC-PRELIMPIEZA,contenedor_scoring,286530,121e7c49-6f80-4698-91bd-c7c5a38e25dd-00045f42,PP > PP-PRL-LGC-PRELIMPIEZA,2,78,NO,200,0,200,ancestro_project_exacto,286530:200:PP > PP-PRL-LGC-PRELIMPIEZA,PP-PRL-LGC-PRELIMPIEZA,Sin match puntual; contenedor único por ancestro Project PP-PRL-LGC-PRELIMPIEZA.,contenedor_unico_ancestro,PP-PRL-LGC-PRELIMPIEZA,286530,286530,,,un_elemento_revit_para_ancestro,PP,PP-PRL-LGC-PRELIMPIEZA,,,,,,,,,,,,,,,,,,,,,,,,,,,,,,,,,,,,,,,,,,,,,,,,,,,,,,,,,,,,,,,,,,,,,,,,,,,,,,
contenedor_unico,contenedor_por_ancestro_project,PP-PRL-ZRN-ZPP1,ZARANDA DE PRELIMPIEZA ROTEX ZPP1 MODELO 81SGC | Grupo: PP-ZRN ZPP1,698,4,698,PP-PRL-LGC-ZARANDAS,PP-PRL-LGC-ZARANDAS,PP-PRL-LGC-PRELIMPIEZA > PP-PRL-LGC-ZARANDAS,PP > PP-PRL-LGC-PRELIMPIEZA > PP-PRL-LGC-ZARANDAS,PP > PP-PRL-LGC-PRELIMPIEZA > PP-PRL-LGC-ZARANDAS > PP-PRL-ZRN-ZPP1,286530,121e7c49-6f80-4698-91bd-c7c5a38e25dd-00045f42,Roofs,,Genérico - 400 mm,Genérico - 400 mm,,PP > PP-PRL-LGC-PRELIMPIEZA,contenedor_scoring,286530,121e7c49-6f80-4698-91bd-c7c5a38e25dd-00045f42,PP > PP-PRL-LGC-PRELIMPIEZA,2,78,NO,200,0,200,ancestro_project_exacto,286530:200:PP > PP-PRL-LGC-PRELIMPIEZA,PP-PRL-LGC-PRELIMPIEZA,Sin match puntual; contenedor único por ancestro Project PP-PRL-LGC-PRELIMPIEZA.,contenedor_unico_ancestro,PP-PRL-LGC-PRELIMPIEZA,286530,286530,,,un_elemento_revit_para_ancestro,PP,PP-PRL-LGC-PRELIMPIEZA,,,,,,,,,,,,,,,,,,,,,,,,,,,,,,,,,,,,,,,,,,,,,,,,,,,,,,,,,,,,,,,,,,,,,,,,,,,,,,
contenedor_unico,contenedor_por_ancestro_project,PP-PRL-NOR-N02,NORIA N02  LEVANTA A PRELIMPIEZA | Grupo: PP-NOR N02,699,3,699,PP-PRL-LGC-PRELIMPIEZA,PP-PRL-LGC-PRELIMPIEZA,PP-PRL-LGC-PRELIMPIEZA,PP > PP-PRL-LGC-PRELIMPIEZA,PP > PP-PRL-LGC-PRELIMPIEZA > PP-PRL-NOR-N02,286530,121e7c49-6f80-4698-91bd-c7c5a38e25dd-00045f42,Roofs,,Genérico - 400 mm,Genérico - 400 mm,,PP > PP-PRL-LGC-PRELIMPIEZA,contenedor_scoring,286530,121e7c49-6f80-4698-91bd-c7c5a38e25dd-00045f42,PP > PP-PRL-LGC-PRELIMPIEZA,2,78,NO,200,0,200,ancestro_project_exacto,286530:200:PP > PP-PRL-LGC-PRELIMPIEZA,PP-PRL-LGC-PRELIMPIEZA,Sin match puntual; contenedor único por ancestro Project PP-PRL-LGC-PRELIMPIEZA.,contenedor_unico_ancestro,PP-PRL-LGC-PRELIMPIEZA,286530,286530,,,un_elemento_revit_para_ancestro,PP,PP-PRL-LGC-PRELIMPIEZA,,,,,,,,,,,,,,,,,,,,,,,,,,,,,,,,,,,,,,,,,,,,,,,,,,,,,,,,,,,,,,,,,,,,,,,,,,,,,,
sin_contenedor,sin_asociacion,PP-PRP-EDF-SUPERVISORIO,OFICINA DE SUPERVISORIO | Grupo: PP-EDIFICIO,700,2,700,PP,,,PP,PP > PP-PRP-EDF-SUPERVISORIO,,,,,,,,,,,,,,,,,,,,,,force_ancestor_container: ningún ancestro de Project coincide con el export Revit (campos BTZ/Mark/Comments/path).,force_ancestor_sin_contenedor,,,,,,force_ancestor_container: sin_ancestro_en_modelo,,,,,,,,,,,,,,,,,,,,,,,,,,,,,,,,,,,,,,,,,,,,,,,,,,,,,,,,,,,,,,,,,,,,,,,,,,,,,,,,
sin_contenedor,sin_asociacion,PP-PRP-INCENDIO,CENTRAL DE SISTEMA DE DETECCION DE INCENDIO | Grupo: PP-PRP-INCEND,701,3,701,PP-PRP-EDF-SUPERVISORIO,PP-PRP-EDF-SUPERVISORIO,PP-PRP-EDF-SUPERVISORIO,PP > PP-PRP-EDF-SUPERVISORIO,PP > PP-PRP-EDF-SUPERVISORIO > PP-PRP-INCENDIO,,,,,,,,,,,,,,,,,,,,,,force_ancestor_container: ningún ancestro de Project coincide con el export Revit (campos BTZ/Mark/Comments/path).,force_ancestor_sin_contenedor,,,,,,force_ancestor_container: sin_ancestro_en_modelo,,,,,,,,,,,,,,,,,,,,,,,,,,,,,,,,,,,,,,,,,,,,,,,,,,,,,,,,,,,,,,,,,,,,,,,,,,,,,,,,
sin_contenedor,sin_asociacion,PP-SIS-CMP-PC,COMPUTADORA CONTROL DE PLANTA OSL EXTRACCION | Grupo: PP-PC DE CONTROL PLANTA,702,3,702,PP-PRP-EDF-SUPERVISORIO,PP-PRP-EDF-SUPERVISORIO,PP-PRP-EDF-SUPERVISORIO,PP > PP-PRP-EDF-SUPERVISORIO,PP > PP-PRP-EDF-SUPERVISORIO > PP-SIS-CMP-PC OSL EXT,,,,,,,,,,,,,,,,,,,,,,Código repetido en Project 4 veces. Ningún contenedor supera puntaje mínimo 40.,,,,,,,,,,,,,,,,,,,,,,,,,,,,,,,,,,,,,,,,,,,,,,,,,,,,,,,,,,,,,,,,,,,,,,,,,,,,,,,,,,,,,,,
contenedor_logico_duplicado_distributed,contenedor_por_match_puntual_multi,PP-PRP-LGC-PREPARACION,SECTOR PREPARACION PTA PTO | Grupo: PP-SECTOR,706,2,706,PP,,,PP,PP > PP-PRP-LGC-PREPARACION,284902,121e7c49-6f80-4698-91bd-c7c5a38e25dd-000458e6,Roofs,,Genérico - 400 mm,Genérico - 400 mm,,PP > PP-PRP-LGC-PREPARACION > PP-PRP-LGC-BEAN HEATER,contenedor_scoring,284902,121e7c49-6f80-4698-91bd-c7c5a38e25dd-000458e6,PP > PP-PRP-LGC-PREPARACION > PP-PRP-LGC-BEAN HEATER,3,77,NO,200,200,0,match_puntual_multi_id_cluster_logico,284902:200:PP > PP-PRP-LGC-PREPARACION > PP-PRP-LGC-BEAN HEATER || 286288:200:PP > PP-PRP-LGC-PREPARACION > PP-PRP-LGC-EXPANDIDO || 286415:200:PP > PP-PRP-LGC-PREPARACION > PP-PRP-LGC-LAMINADORES || 286467:200:PP > PP-PRP-LGC-PREPARACION > PP-PRP-LGC-QUEBRADORES || 286906:200:PP > PP-PRP-LGC-PREPARACION > PP-PRP-LGC-REDLER,PP-PRP-LGC-PREPARACION,Mismo código en 5 elementos Revit; cluster lógico (no ambigüedad real).,ambiguo_falso_por_contenedor_duplicado,PP-PRP-LGC-PREPARACION,284902;286288;286415;286467;286906,,,distributed,mismo_codigo_varios_element_ids_cluster_distributed,PP,PP-PRP-LGC-PREPARACION,PP-PRP-LGC-BEAN HEATER,,,,,,,,,,,,,,,,,,,,,,,,,,,,,,,,,,,,,,,,,,,,,,,,,,,,,,,,,,,,,,,,,,,,,,,,,,,,,
match_directo,elemento_puntual,PP-PRP-LGC-BEAN,SECTOR BEAN HEATER PTA PTO | Grupo: PP-SECTOR BEAN HEATER,707,3,707,PP-PRP-LGC-PREPARACION,PP-PRP-LGC-PREPARACION,PP-PRP-LGC-PREPARACION,PP > PP-PRP-LGC-PREPARACION,PP > PP-PRP-LGC-PREPARACION > PP-PRP-LGC-BEAN HEATER,284902,121e7c49-6f80-4698-91bd-c7c5a38e25dd-000458e6,Roofs,,Genérico - 400 mm,Genérico - 400 mm,,PP > PP-PRP-LGC-PREPARACION > PP-PRP-LGC-BEAN HEATER,btz_description_03,,,,,,,,,,,,,Coincidencia exacta única con elemento Revit.,match_directo,,,,,,match_puntual_unico,PP,PP-PRP-LGC-PREPARACION,PP-PRP-LGC-BEAN HEATER,,,,,,,,,,,,,,,,,,,,,,,,,,,,,,,,,,,,,,,,,,,,,,,,,,,,,,,,,,,,,,,,,,,,,,,,,,,,,
contenedor_logico_duplicado_distributed,contenedor_por_ancestro_project,PP-PRP-ART-DARTBH,AEROTERMO DE BEAN HEATER | Grupo: PP-AEROTERMO BH,708,4,708,PP-PRP-LGC-BEAN HEATER,PP-PRP-LGC-BEAN,PP-PRP-LGC-PREPARACION > PP-PRP-LGC-BEAN,PP > PP-PRP-LGC-PREPARACION > PP-PRP-LGC-BEAN HEATER,PP > PP-PRP-LGC-PREPARACION > PP-PRP-LGC-BEAN HEATER > PP-PRP-ART-DARTBH,284902,121e7c49-6f80-4698-91bd-c7c5a38e25dd-000458e6,Roofs,,Genérico - 400 mm,Genérico - 400 mm,,PP > PP-PRP-LGC-PREPARACION > PP-PRP-LGC-BEAN HEATER,contenedor_scoring,284902,121e7c49-6f80-4698-91bd-c7c5a38e25dd-000458e6,PP > PP-PRP-LGC-PREPARACION > PP-PRP-LGC-BEAN HEATER,3,77,NO,200,200,0,cluster_logico_mismo_sector,284902:200:PP > PP-PRP-LGC-PREPARACION > PP-PRP-LGC-BEAN HEATER || 286288:200:PP > PP-PRP-LGC-PREPARACION > PP-PRP-LGC-EXPANDIDO || 286415:200:PP > PP-PRP-LGC-PREPARACION > PP-PRP-LGC-LAMINADORES || 286467:200:PP > PP-PRP-LGC-PREPARACION > PP-PRP-LGC-QUEBRADORES || 286906:200:PP > PP-PRP-LGC-PREPARACION > PP-PRP-LGC-REDLER,PP-PRP-LGC-PREPARACION,Cluster lógico: ancestro PP-PRP-LGC-PREPARACION en 5 elementos Revit equivalentes.,ambiguo_falso_por_contenedor_duplicado,PP-PRP-LGC-PREPARACION,284902;286288;286415;286467;286906,,,distributed,distribucion_round_robin_en_preparar_aplicar,PP,PP-PRP-LGC-PREPARACION,PP-PRP-LGC-BEAN HEATER,,,,,,,,,,,,,,,,,,,,,,,,,,,,,,,,,,,,,,,,,,,,,,,,,,,,,,,,,,,,,,,,,,,,,,,,,,,,,
contenedor_logico_duplicado_distributed,contenedor_por_ancestro_project,PP-PRP-BHT-DBH01,BEAN HEATER NRO 1 (VSC) | Grupo: PP-BEAN HEATER,709,4,709,PP-PRP-LGC-BEAN HEATER,PP-PRP-LGC-BEAN,PP-PRP-LGC-PREPARACION > PP-PRP-LGC-BEAN,PP > PP-PRP-LGC-PREPARACION > PP-PRP-LGC-BEAN HEATER,PP > PP-PRP-LGC-PREPARACION > PP-PRP-LGC-BEAN HEATER > PP-PRP-BHT-DBH01,284902,121e7c49-6f80-4698-91bd-c7c5a38e25dd-000458e6,Roofs,,Genérico - 400 mm,Genérico - 400 mm,,PP > PP-PRP-LGC-PREPARACION > PP-PRP-LGC-BEAN HEATER,contenedor_scoring,284902,121e7c49-6f80-4698-91bd-c7c5a38e25dd-000458e6,PP > PP-PRP-LGC-PREPARACION > PP-PRP-LGC-BEAN HEATER,3,77,NO,200,200,0,cluster_logico_mismo_sector,284902:200:PP > PP-PRP-LGC-PREPARACION > PP-PRP-LGC-BEAN HEATER || 286288:200:PP > PP-PRP-LGC-PREPARACION > PP-PRP-LGC-EXPANDIDO || 286415:200:PP > PP-PRP-LGC-PREPARACION > PP-PRP-LGC-LAMINADORES || 286467:200:PP > PP-PRP-LGC-PREPARACION > PP-PRP-LGC-QUEBRADORES || 286906:200:PP > PP-PRP-LGC-PREPARACION > PP-PRP-LGC-REDLER,PP-PRP-LGC-PREPARACION,Cluster lógico: ancestro PP-PRP-LGC-PREPARACION en 5 elementos Revit equivalentes.,ambiguo_falso_por_contenedor_duplicado,PP-PRP-LGC-PREPARACION,284902;286288;286415;286467;286906,,,distributed,distribucion_round_robin_en_preparar_aplicar,PP,PP-PRP-LGC-PREPARACION,PP-PRP-LGC-BEAN HEATER,,,,,,,,,,,,,,,,,,,,,,,,,,,,,,,,,,,,,,,,,,,,,,,,,,,,,,,,,,,,,,,,,,,,,,,,,,,,,
contenedor_logico_duplicado_distributed,contenedor_por_ancestro_project,PP-PRP-BMB-DBO01,BOMBA EXTRACCION CONDENSADO NRO 1 | Grupo: PP-BMB CENTRIF DBO01,710,5,710,PP-PRP-BHT-DBH01,PP-PRP-BHT-DBH01,PP-PRP-LGC-PREPARACION > PP-PRP-LGC-BEAN > PP-PRP-BHT-DBH01,PP > PP-PRP-LGC-PREPARACION > PP-PRP-LGC-BEAN HEATER > PP-PRP-BHT-DBH01,PP > PP-PRP-LGC-PREPARACION > PP-PRP-LGC-BEAN HEATER > PP-PRP-BHT-DBH01 > PP-PRP-BMB-DBO01,284902,121e7c49-6f80-4698-91bd-c7c5a38e25dd-000458e6,Roofs,,Genérico - 400 mm,Genérico - 400 mm,,PP > PP-PRP-LGC-PREPARACION > PP-PRP-LGC-BEAN HEATER,contenedor_scoring,284902,121e7c49-6f80-4698-91bd-c7c5a38e25dd-000458e6,PP > PP-PRP-LGC-PREPARACION > PP-PRP-LGC-BEAN HEATER,3,77,NO,200,200,0,cluster_logico_mismo_sector,284902:200:PP > PP-PRP-LGC-PREPARACION > PP-PRP-LGC-BEAN HEATER || 286288:200:PP > PP-PRP-LGC-PREPARACION > PP-PRP-LGC-EXPANDIDO || 286415:200:PP > PP-PRP-LGC-PREPARACION > PP-PRP-LGC-LAMINADORES || 286467:200:PP > PP-PRP-LGC-PREPARACION > PP-PRP-LGC-QUEBRADORES || 286906:200:PP > PP-PRP-LGC-PREPARACION > PP-PRP-LGC-REDLER,PP-PRP-LGC-PREPARACION,Cluster lógico: ancestro PP-PRP-LGC-PREPARACION en 5 elementos Revit equivalentes.,ambiguo_falso_por_contenedor_duplicado,PP-PRP-LGC-PREPARACION,284902;286288;286415;286467;286906,,,distributed,distribucion_round_robin_en_preparar_aplicar,PP,PP-PRP-LGC-PREPARACION,PP-PRP-LGC-BEAN HEATER,,,,,,,,,,,,,,,,,,,,,,,,,,,,,,,,,,,,,,,,,,,,,,,,,,,,,,,,,,,,,,,,,,,,,,,,,,,,,
contenedor_logico_duplicado_distributed,contenedor_por_ancestro_project,PP-PRP-VLV-DBHA01,VALVULA ROTATIVA ALIMENTADOR BEAN HEATER 01 | Grupo: PP-VLV ROTATIVA BEAN HEATER,711,5,711,PP-PRP-BHT-DBH01,PP-PRP-BHT-DBH01,PP-PRP-LGC-PREPARACION > PP-PRP-LGC-BEAN > PP-PRP-BHT-DBH01,PP > PP-PRP-LGC-PREPARACION > PP-PRP-LGC-BEAN HEATER > PP-PRP-BHT-DBH01,PP > PP-PRP-LGC-PREPARACION > PP-PRP-LGC-BEAN HEATER > PP-PRP-BHT-DBH01 > PP-PRP-VLV-DBHA01,284902,121e7c49-6f80-4698-91bd-c7c5a38e25dd-000458e6,Roofs,,Genérico - 400 mm,Genérico - 400 mm,,PP > PP-PRP-LGC-PREPARACION > PP-PRP-LGC-BEAN HEATER,contenedor_scoring,284902,121e7c49-6f80-4698-91bd-c7c5a38e25dd-000458e6,PP > PP-PRP-LGC-PREPARACION > PP-PRP-LGC-BEAN HEATER,3,77,NO,200,200,0,cluster_logico_mismo_sector,284902:200:PP > PP-PRP-LGC-PREPARACION > PP-PRP-LGC-BEAN HEATER || 286288:200:PP > PP-PRP-LGC-PREPARACION > PP-PRP-LGC-EXPANDIDO || 286415:200:PP > PP-PRP-LGC-PREPARACION > PP-PRP-LGC-LAMINADORES || 286467:200:PP > PP-PRP-LGC-PREPARACION > PP-PRP-LGC-QUEBRADORES || 286906:200:PP > PP-PRP-LGC-PREPARACION > PP-PRP-LGC-REDLER,PP-PRP-LGC-PREPARACION,Cluster lógico: ancestro PP-PRP-LGC-PREPARACION en 5 elementos Revit equivalentes.,ambiguo_falso_por_contenedor_duplicado,PP-PRP-LGC-PREPARACION,284902;286288;286415;286467;286906,,,distributed,distribucion_round_robin_en_preparar_aplicar,PP,PP-PRP-LGC-PREPARACION,PP-PRP-LGC-BEAN HEATER,,,,,,,,,,,,,,,,,,,,,,,,,,,,,,,,,,,,,,,,,,,,,,,,,,,,,,,,,,,,,,,,,,,,,,,,,,,,,
contenedor_logico_duplicado_distributed,contenedor_por_ancestro_project,PP-PRP-VLV-DBHS01,VALV ROT SAL BEAN HEATER 1 | Grupo: PP-VLV ROT SALIDA BH,712,5,712,PP-PRP-BHT-DBH01,PP-PRP-BHT-DBH01,PP-PRP-LGC-PREPARACION > PP-PRP-LGC-BEAN > PP-PRP-BHT-DBH01,PP > PP-PRP-LGC-PREPARACION > PP-PRP-LGC-BEAN HEATER > PP-PRP-BHT-DBH01,PP > PP-PRP-LGC-PREPARACION > PP-PRP-LGC-BEAN HEATER > PP-PRP-BHT-DBH01 > PP-PRP-VLV-DBHS01,284902,121e7c49-6f80-4698-91bd-c7c5a38e25dd-000458e6,Roofs,,Genérico - 400 mm,Genérico - 400 mm,,PP > PP-PRP-LGC-PREPARACION > PP-PRP-LGC-BEAN HEATER,contenedor_scoring,284902,121e7c49-6f80-4698-91bd-c7c5a38e25dd-000458e6,PP > PP-PRP-LGC-PREPARACION > PP-PRP-LGC-BEAN HEATER,3,77,NO,200,200,0,cluster_logico_mismo_sector,284902:200:PP > PP-PRP-LGC-PREPARACION > PP-PRP-LGC-BEAN HEATER || 286288:200:PP > PP-PRP-LGC-PREPARACION > PP-PRP-LGC-EXPANDIDO || 286415:200:PP > PP-PRP-LGC-PREPARACION > PP-PRP-LGC-LAMINADORES || 286467:200:PP > PP-PRP-LGC-PREPARACION > PP-PRP-LGC-QUEBRADORES || 286906:200:PP > PP-PRP-LGC-PREPARACION > PP-PRP-LGC-REDLER,PP-PRP-LGC-PREPARACION,Cluster lógico: ancestro PP-PRP-LGC-PREPARACION en 5 elementos Revit equivalentes.,ambiguo_falso_por_contenedor_duplicado,PP-PRP-LGC-PREPARACION,284902;286288;286415;286467;286906,,,distributed,distribucion_round_robin_en_preparar_aplicar,PP,PP-PRP-LGC-PREPARACION,PP-PRP-LGC-BEAN HEATER,,,,,,,,,,,,,,,,,,,,,,,,,,,,,,,,,,,,,,,,,,,,,,,,,,,,,,,,,,,,,,,,,,,,,,,,,,,,,
contenedor_logico_duplicado_distributed,contenedor_por_ancestro_project,PP-PRP-VNT-DVE01,VENTILADOR 1 BEAN HEATER | Grupo: PP-VNT VENTILADOR BH,713,5,713,PP-PRP-BHT-DBH01,PP-PRP-BHT-DBH01,PP-PRP-LGC-PREPARACION > PP-PRP-LGC-BEAN > PP-PRP-BHT-DBH01,PP > PP-PRP-LGC-PREPARACION > PP-PRP-LGC-BEAN HEATER > PP-PRP-BHT-DBH01,PP > PP-PRP-LGC-PREPARACION > PP-PRP-LGC-BEAN HEATER > PP-PRP-BHT-DBH01 > PP-PRP-VNT-DVE01,284902,121e7c49-6f80-4698-91bd-c7c5a38e25dd-000458e6,Roofs,,Genérico - 400 mm,Genérico - 400 mm,,PP > PP-PRP-LGC-PREPARACION > PP-PRP-LGC-BEAN HEATER,contenedor_scoring,284902,121e7c49-6f80-4698-91bd-c7c5a38e25dd-000458e6,PP > PP-PRP-LGC-PREPARACION > PP-PRP-LGC-BEAN HEATER,3,77,NO,200,200,0,cluster_logico_mismo_sector,284902:200:PP > PP-PRP-LGC-PREPARACION > PP-PRP-LGC-BEAN HEATER || 286288:200:PP > PP-PRP-LGC-PREPARACION > PP-PRP-LGC-EXPANDIDO || 286415:200:PP > PP-PRP-LGC-PREPARACION > PP-PRP-LGC-LAMINADORES || 286467:200:PP > PP-PRP-LGC-PREPARACION > PP-PRP-LGC-QUEBRADORES || 286906:200:PP > PP-PRP-LGC-PREPARACION > PP-PRP-LGC-REDLER,PP-PRP-LGC-PREPARACION,Cluster lógico: ancestro PP-PRP-LGC-PREPARACION en 5 elementos Revit equivalentes.,ambiguo_falso_por_contenedor_duplicado,PP-PRP-LGC-PREPARACION,284902;286288;286415;286467;286906,,,distributed,distribucion_round_robin_en_preparar_aplicar,PP,PP-PRP-LGC-PREPARACION,PP-PRP-LGC-BEAN HEATER,,,,,,,,,,,,,,,,,,,,,,,,,,,,,,,,,,,,,,,,,,,,,,,,,,,,,,,,,,,,,,,,,,,,,,,,,,,,,
contenedor_logico_duplicado_distributed,contenedor_por_ancestro_project,PP-PRP-CCL-CDVE01,CICLON VENTILADOR 1 BEAN HEATER | Grupo: PP-CCL CICLON BH,714,6,714,PP-PRP-VNT-DVE01,PP-PRP-VNT-DVE01,PP-PRP-LGC-PREPARACION > PP-PRP-LGC-BEAN > PP-PRP-BHT-DBH01 > PP-PRP-VNT-DVE01,PP > PP-PRP-LGC-PREPARACION > PP-PRP-LGC-BEAN HEATER > PP-PRP-BHT-DBH01 > PP-PRP-VNT-DVE01,PP > PP-PRP-LGC-PREPARACION > PP-PRP-LGC-BEAN HEATER > PP-PRP-BHT-DBH01 > PP-PRP-VNT-DVE01 > PP-PRP-CCL-CDVE01,284902,121e7c49-6f80-4698-91bd-c7c5a38e25dd-000458e6,Roofs,,Genérico - 400 mm,Genérico - 400 mm,,PP > PP-PRP-LGC-PREPARACION > PP-PRP-LGC-BEAN HEATER,contenedor_scoring,284902,121e7c49-6f80-4698-91bd-c7c5a38e25dd-000458e6,PP > PP-PRP-LGC-PREPARACION > PP-PRP-LGC-BEAN HEATER,3,77,NO,200,200,0,cluster_logico_mismo_sector,284902:200:PP > PP-PRP-LGC-PREPARACION > PP-PRP-LGC-BEAN HEATER || 286288:200:PP > PP-PRP-LGC-PREPARACION > PP-PRP-LGC-EXPANDIDO || 286415:200:PP > PP-PRP-LGC-PREPARACION > PP-PRP-LGC-LAMINADORES || 286467:200:PP > PP-PRP-LGC-PREPARACION > PP-PRP-LGC-QUEBRADORES || 286906:200:PP > PP-PRP-LGC-PREPARACION > PP-PRP-LGC-REDLER,PP-PRP-LGC-PREPARACION,Cluster lógico: ancestro PP-PRP-LGC-PREPARACION en 5 elementos Revit equivalentes.,ambiguo_falso_por_contenedor_duplicado,PP-PRP-LGC-PREPARACION,284902;286288;286415;286467;286906,,,distributed,distribucion_round_robin_en_preparar_aplicar,PP,PP-PRP-LGC-PREPARACION,PP-PRP-LGC-BEAN HEATER,,,,,,,,,,,,,,,,,,,,,,,,,,,,,,,,,,,,,,,,,,,,,,,,,,,,,,,,,,,,,,,,,,,,,,,,,,,,,
contenedor_logico_duplicado_distributed,contenedor_por_ancestro_project,PP-PRP-VLV-DVR01,VALV ROT CICLONES BEAN HEATER | Grupo: PP-VLV ROTATIVA CICLON BH,715,6,715,PP-PRP-VNT-DVE01,PP-PRP-VNT-DVE01,PP-PRP-LGC-PREPARACION > PP-PRP-LGC-BEAN > PP-PRP-BHT-DBH01 > PP-PRP-VNT-DVE01,PP > PP-PRP-LGC-PREPARACION > PP-PRP-LGC-BEAN HEATER > PP-PRP-BHT-DBH01 > PP-PRP-VNT-DVE01,PP > PP-PRP-LGC-PREPARACION > PP-PRP-LGC-BEAN HEATER > PP-PRP-BHT-DBH01 > PP-PRP-VNT-DVE01 > PP-PRP-VLV-DVR01,284902,121e7c49-6f80-4698-91bd-c7c5a38e25dd-000458e6,Roofs,,Genérico - 400 mm,Genérico - 400 mm,,PP > PP-PRP-LGC-PREPARACION > PP-PRP-LGC-BEAN HEATER,contenedor_scoring,284902,121e7c49-6f80-4698-91bd-c7c5a38e25dd-000458e6,PP > PP-PRP-LGC-PREPARACION > PP-PRP-LGC-BEAN HEATER,3,77,NO,200,200,0,cluster_logico_mismo_sector,284902:200:PP > PP-PRP-LGC-PREPARACION > PP-PRP-LGC-BEAN HEATER || 286288:200:PP > PP-PRP-LGC-PREPARACION > PP-PRP-LGC-EXPANDIDO || 286415:200:PP > PP-PRP-LGC-PREPARACION > PP-PRP-LGC-LAMINADORES || 286467:200:PP > PP-PRP-LGC-PREPARACION > PP-PRP-LGC-QUEBRADORES || 286906:200:PP > PP-PRP-LGC-PREPARACION > PP-PRP-LGC-REDLER,PP-PRP-LGC-PREPARACION,Cluster lógico: ancestro PP-PRP-LGC-PREPARACION en 5 elementos Revit equivalentes.,ambiguo_falso_por_contenedor_duplicado,PP-PRP-LGC-PREPARACION,284902;286288;286415;286467;286906,,,distributed,distribucion_round_robin_en_preparar_aplicar,PP,PP-PRP-LGC-PREPARACION,PP-PRP-LGC-BEAN HEATER,,,,,,,,,,,,,,,,,,,,,,,,,,,,,,,,,,,,,,,,,,,,,,,,,,,,,,,,,,,,,,,,,,,,,,,,,,,,,
contenedor_logico_duplicado_distributed,contenedor_por_ancestro_project,PP-PRP-BHT-DBH02,BEAN HEATER NRO 2 (VSC) | Grupo: PP-BEAN HEATER,716,4,716,PP-PRP-LGC-BEAN HEATER,PP-PRP-LGC-BEAN,PP-PRP-LGC-PREPARACION > PP-PRP-LGC-BEAN,PP > PP-PRP-LGC-PREPARACION > PP-PRP-LGC-BEAN HEATER,PP > PP-PRP-LGC-PREPARACION > PP-PRP-LGC-BEAN HEATER > PP-PRP-BHT-DBH02,284902,121e7c49-6f80-4698-91bd-c7c5a38e25dd-000458e6,Roofs,,Genérico - 400 mm,Genérico - 400 mm,,PP > PP-PRP-LGC-PREPARACION > PP-PRP-LGC-BEAN HEATER,contenedor_scoring,284902,121e7c49-6f80-4698-91bd-c7c5a38e25dd-000458e6,PP > PP-PRP-LGC-PREPARACION > PP-PRP-LGC-BEAN HEATER,3,77,NO,200,200,0,cluster_logico_mismo_sector,284902:200:PP > PP-PRP-LGC-PREPARACION > PP-PRP-LGC-BEAN HEATER || 286288:200:PP > PP-PRP-LGC-PREPARACION > PP-PRP-LGC-EXPANDIDO || 286415:200:PP > PP-PRP-LGC-PREPARACION > PP-PRP-LGC-LAMINADORES || 286467:200:PP > PP-PRP-LGC-PREPARACION > PP-PRP-LGC-QUEBRADORES || 286906:200:PP > PP-PRP-LGC-PREPARACION > PP-PRP-LGC-REDLER,PP-PRP-LGC-PREPARACION,Cluster lógico: ancestro PP-PRP-LGC-PREPARACION en 5 elementos Revit equivalentes.,ambiguo_falso_por_contenedor_duplicado,PP-PRP-LGC-PREPARACION,284902;286288;286415;286467;286906,,,distributed,distribucion_round_robin_en_preparar_aplicar,PP,PP-PRP-LGC-PREPARACION,PP-PRP-LGC-BEAN HEATER,,,,,,,,,,,,,,,,,,,,,,,,,,,,,,,,,,,,,,,,,,,,,,,,,,,,,,,,,,,,,,,,,,,,,,,,,,,,,
contenedor_logico_duplicado_distributed,contenedor_por_ancestro_project,PP-PRP-BMB-DBO02,BOMBA EXTRACCION CONDENSADO NRO 2 | Grupo: PP-BMB CENTRIF DBO02,717,5,717,PP-PRP-BHT-DBH02,PP-PRP-BHT-DBH02,PP-PRP-LGC-PREPARACION > PP-PRP-LGC-BEAN > PP-PRP-BHT-DBH02,PP > PP-PRP-LGC-PREPARACION > PP-PRP-LGC-BEAN HEATER > PP-PRP-BHT-DBH02,PP > PP-PRP-LGC-PREPARACION > PP-PRP-LGC-BEAN HEATER > PP-PRP-BHT-DBH02 > PP-PRP-BMB-DBO02,284902,121e7c49-6f80-4698-91bd-c7c5a38e25dd-000458e6,Roofs,,Genérico - 400 mm,Genérico - 400 mm,,PP > PP-PRP-LGC-PREPARACION > PP-PRP-LGC-BEAN HEATER,contenedor_scoring,284902,121e7c49-6f80-4698-91bd-c7c5a38e25dd-000458e6,PP > PP-PRP-LGC-PREPARACION > PP-PRP-LGC-BEAN HEATER,3,77,NO,200,200,0,cluster_logico_mismo_sector,284902:200:PP > PP-PRP-LGC-PREPARACION > PP-PRP-LGC-BEAN HEATER || 286288:200:PP > PP-PRP-LGC-PREPARACION > PP-PRP-LGC-EXPANDIDO || 286415:200:PP > PP-PRP-LGC-PREPARACION > PP-PRP-LGC-LAMINADORES || 286467:200:PP > PP-PRP-LGC-PREPARACION > PP-PRP-LGC-QUEBRADORES || 286906:200:PP > PP-PRP-LGC-PREPARACION > PP-PRP-LGC-REDLER,PP-PRP-LGC-PREPARACION,Cluster lógico: ancestro PP-PRP-LGC-PREPARACION en 5 elementos Revit equivalentes.,ambiguo_falso_por_contenedor_duplicado,PP-PRP-LGC-PREPARACION,284902;286288;286415;286467;286906,,,distributed,distribucion_round_robin_en_preparar_aplicar,PP,PP-PRP-LGC-PREPARACION,PP-PRP-LGC-BEAN HEATER,,,,,,,,,,,,,,,,,,,,,,,,,,,,,,,,,,,,,,,,,,,,,,,,,,,,,,,,,,,,,,,,,,,,,,,,,,,,,
contenedor_logico_duplicado_distributed,contenedor_por_ancestro_project,PP-PRP-VLV-DBHA02,VALVULA ROTATIVA ALIMENTADOR BEAN HEATER 02 | Grupo: PP-VLV ROTATIVA BEAN HEATER,718,5,718,PP-PRP-BHT-DBH02,PP-PRP-BHT-DBH02,PP-PRP-LGC-PREPARACION > PP-PRP-LGC-BEAN > PP-PRP-BHT-DBH02,PP > PP-PRP-LGC-PREPARACION > PP-PRP-LGC-BEAN HEATER > PP-PRP-BHT-DBH02,PP > PP-PRP-LGC-PREPARACION > PP-PRP-LGC-BEAN HEATER > PP-PRP-BHT-DBH02 > PP-PRP-VLV-DBHA02,284902,121e7c49-6f80-4698-91bd-c7c5a38e25dd-000458e6,Roofs,,Genérico - 400 mm,Genérico - 400 mm,,PP > PP-PRP-LGC-PREPARACION > PP-PRP-LGC-BEAN HEATER,contenedor_scoring,284902,121e7c49-6f80-4698-91bd-c7c5a38e25dd-000458e6,PP > PP-PRP-LGC-PREPARACION > PP-PRP-LGC-BEAN HEATER,3,77,NO,200,200,0,cluster_logico_mismo_sector,284902:200:PP > PP-PRP-LGC-PREPARACION > PP-PRP-LGC-BEAN HEATER || 286288:200:PP > PP-PRP-LGC-PREPARACION > PP-PRP-LGC-EXPANDIDO || 286415:200:PP > PP-PRP-LGC-PREPARACION > PP-PRP-LGC-LAMINADORES || 286467:200:PP > PP-PRP-LGC-PREPARACION > PP-PRP-LGC-QUEBRADORES || 286906:200:PP > PP-PRP-LGC-PREPARACION > PP-PRP-LGC-REDLER,PP-PRP-LGC-PREPARACION,Cluster lógico: ancestro PP-PRP-LGC-PREPARACION en 5 elementos Revit equivalentes.,ambiguo_falso_por_contenedor_duplicado,PP-PRP-LGC-PREPARACION,284902;286288;286415;286467;286906,,,distributed,distribucion_round_robin_en_preparar_aplicar,PP,PP-PRP-LGC-PREPARACION,PP-PRP-LGC-BEAN HEATER,,,,,,,,,,,,,,,,,,,,,,,,,,,,,,,,,,,,,,,,,,,,,,,,,,,,,,,,,,,,,,,,,,,,,,,,,,,,,
contenedor_logico_duplicado_distributed,contenedor_por_ancestro_project,PP-PRP-VLV-DBHS02,VALV ROT SAL BEAN HEATER 2 | Grupo: PP-VLV ROT SALIDA BH,719,5,719,PP-PRP-BHT-DBH02,PP-PRP-BHT-DBH02,PP-PRP-LGC-PREPARACION > PP-PRP-LGC-BEAN > PP-PRP-BHT-DBH02,PP > PP-PRP-LGC-PREPARACION > PP-PRP-LGC-BEAN HEATER > PP-PRP-BHT-DBH02,PP > PP-PRP-LGC-PREPARACION > PP-PRP-LGC-BEAN HEATER > PP-PRP-BHT-DBH02 > PP-PRP-VLV-DBHS02,284902,121e7c49-6f80-4698-91bd-c7c5a38e25dd-000458e6,Roofs,,Genérico - 400 mm,Genérico - 400 mm,,PP > PP-PRP-LGC-PREPARACION > PP-PRP-LGC-BEAN HEATER,contenedor_scoring,284902,121e7c49-6f80-4698-91bd-c7c5a38e25dd-000458e6,PP > PP-PRP-LGC-PREPARACION > PP-PRP-LGC-BEAN HEATER,3,77,NO,200,200,0,cluster_logico_mismo_sector,284902:200:PP > PP-PRP-LGC-PREPARACION > PP-PRP-LGC-BEAN HEATER || 286288:200:PP > PP-PRP-LGC-PREPARACION > PP-PRP-LGC-EXPANDIDO || 286415:200:PP > PP-PRP-LGC-PREPARACION > PP-PRP-LGC-LAMINADORES || 286467:200:PP > PP-PRP-LGC-PREPARACION > PP-PRP-LGC-QUEBRADORES || 286906:200:PP > PP-PRP-LGC-PREPARACION > PP-PRP-LGC-REDLER,PP-PRP-LGC-PREPARACION,Cluster lógico: ancestro PP-PRP-LGC-PREPARACION en 5 elementos Revit equivalentes.,ambiguo_falso_por_contenedor_duplicado,PP-PRP-LGC-PREPARACION,284902;286288;286415;286467;286906,,,distributed,distribucion_round_robin_en_preparar_aplicar,PP,PP-PRP-LGC-PREPARACION,PP-PRP-LGC-BEAN HEATER,,,,,,,,,,,,,,,,,,,,,,,,,,,,,,,,,,,,,,,,,,,,,,,,,,,,,,,,,,,,,,,,,,,,,,,,,,,,,
contenedor_logico_duplicado_distributed,contenedor_por_ancestro_project,PP-PRP-VNT-DVE02,VENTILADOR 2 BEAN HEATER | Grupo: PP-VNT VENTILADOR BH,720,5,720,PP-PRP-BHT-DBH02,PP-PRP-BHT-DBH02,PP-PRP-LGC-PREPARACION > PP-PRP-LGC-BEAN > PP-PRP-BHT-DBH02,PP > PP-PRP-LGC-PREPARACION > PP-PRP-LGC-BEAN HEATER > PP-PRP-BHT-DBH02,PP > PP-PRP-LGC-PREPARACION > PP-PRP-LGC-BEAN HEATER > PP-PRP-BHT-DBH02 > PP-PRP-VNT-DVE02,284902,121e7c49-6f80-4698-91bd-c7c5a38e25dd-000458e6,Roofs,,Genérico - 400 mm,Genérico - 400 mm,,PP > PP-PRP-LGC-PREPARACION > PP-PRP-LGC-BEAN HEATER,contenedor_scoring,284902,121e7c49-6f80-4698-91bd-c7c5a38e25dd-000458e6,PP > PP-PRP-LGC-PREPARACION > PP-PRP-LGC-BEAN HEATER,3,77,NO,200,200,0,cluster_logico_mismo_sector,284902:200:PP > PP-PRP-LGC-PREPARACION > PP-PRP-LGC-BEAN HEATER || 286288:200:PP > PP-PRP-LGC-PREPARACION > PP-PRP-LGC-EXPANDIDO || 286415:200:PP > PP-PRP-LGC-PREPARACION > PP-PRP-LGC-LAMINADORES || 286467:200:PP > PP-PRP-LGC-PREPARACION > PP-PRP-LGC-QUEBRADORES || 286906:200:PP > PP-PRP-LGC-PREPARACION > PP-PRP-LGC-REDLER,PP-PRP-LGC-PREPARACION,Cluster lógico: ancestro PP-PRP-LGC-PREPARACION en 5 elementos Revit equivalentes.,ambiguo_falso_por_contenedor_duplicado,PP-PRP-LGC-PREPARACION,284902;286288;286415;286467;286906,,,distributed,distribucion_round_robin_en_preparar_aplicar,PP,PP-PRP-LGC-PREPARACION,PP-PRP-LGC-BEAN HEATER,,,,,,,,,,,,,,,,,,,,,,,,,,,,,,,,,,,,,,,,,,,,,,,,,,,,,,,,,,,,,,,,,,,,,,,,,,,,,
contenedor_logico_duplicado_distributed,contenedor_por_ancestro_project,PP-PRP-CCL-CDVE02,CICLON VENTILADOR 2 BEAN HEATER | Grupo: PP-CCL CICLON BH,721,6,721,PP-PRP-VNT-DVE02,PP-PRP-VNT-DVE02,PP-PRP-LGC-PREPARACION > PP-PRP-LGC-BEAN > PP-PRP-BHT-DBH02 > PP-PRP-VNT-DVE02,PP > PP-PRP-LGC-PREPARACION > PP-PRP-LGC-BEAN HEATER > PP-PRP-BHT-DBH02 > PP-PRP-VNT-DVE02,PP > PP-PRP-LGC-PREPARACION > PP-PRP-LGC-BEAN HEATER > PP-PRP-BHT-DBH02 > PP-PRP-VNT-DVE02 > PP-PRP-CCL-CDVE02,284902,121e7c49-6f80-4698-91bd-c7c5a38e25dd-000458e6,Roofs,,Genérico - 400 mm,Genérico - 400 mm,,PP > PP-PRP-LGC-PREPARACION > PP-PRP-LGC-BEAN HEATER,contenedor_scoring,284902,121e7c49-6f80-4698-91bd-c7c5a38e25dd-000458e6,PP > PP-PRP-LGC-PREPARACION > PP-PRP-LGC-BEAN HEATER,3,77,NO,200,200,0,cluster_logico_mismo_sector,284902:200:PP > PP-PRP-LGC-PREPARACION > PP-PRP-LGC-BEAN HEATER || 286288:200:PP > PP-PRP-LGC-PREPARACION > PP-PRP-LGC-EXPANDIDO || 286415:200:PP > PP-PRP-LGC-PREPARACION > PP-PRP-LGC-LAMINADORES || 286467:200:PP > PP-PRP-LGC-PREPARACION > PP-PRP-LGC-QUEBRADORES || 286906:200:PP > PP-PRP-LGC-PREPARACION > PP-PRP-LGC-REDLER,PP-PRP-LGC-PREPARACION,Cluster lógico: ancestro PP-PRP-LGC-PREPARACION en 5 elementos Revit equivalentes.,ambiguo_falso_por_contenedor_duplicado,PP-PRP-LGC-PREPARACION,284902;286288;286415;286467;286906,,,distributed,distribucion_round_robin_en_preparar_aplicar,PP,PP-PRP-LGC-PREPARACION,PP-PRP-LGC-BEAN HEATER,,,,,,,,,,,,,,,,,,,,,,,,,,,,,,,,,,,,,,,,,,,,,,,,,,,,,,,,,,,,,,,,,,,,,,,,,,,,,
contenedor_logico_duplicado_distributed,contenedor_por_ancestro_project,PP-PRP-VLV-DVR02,VALV. ROTATIVA CICLONES BEAN HEATER | Grupo: PP-VLV ROTATIVA CICLON BH,722,6,722,PP-PRP-VNT-DVE02,PP-PRP-VNT-DVE02,PP-PRP-LGC-PREPARACION > PP-PRP-LGC-BEAN > PP-PRP-BHT-DBH02 > PP-PRP-VNT-DVE02,PP > PP-PRP-LGC-PREPARACION > PP-PRP-LGC-BEAN HEATER > PP-PRP-BHT-DBH02 > PP-PRP-VNT-DVE02,PP > PP-PRP-LGC-PREPARACION > PP-PRP-LGC-BEAN HEATER > PP-PRP-BHT-DBH02 > PP-PRP-VNT-DVE02 > PP-PRP-VLV-DVR02,284902,121e7c49-6f80-4698-91bd-c7c5a38e25dd-000458e6,Roofs,,Genérico - 400 mm,Genérico - 400 mm,,PP > PP-PRP-LGC-PREPARACION > PP-PRP-LGC-BEAN HEATER,contenedor_scoring,284902,121e7c49-6f80-4698-91bd-c7c5a38e25dd-000458e6,PP > PP-PRP-LGC-PREPARACION > PP-PRP-LGC-BEAN HEATER,3,77,NO,200,200,0,cluster_logico_mismo_sector,284902:200:PP > PP-PRP-LGC-PREPARACION > PP-PRP-LGC-BEAN HEATER || 286288:200:PP > PP-PRP-LGC-PREPARACION > PP-PRP-LGC-EXPANDIDO || 286415:200:PP > PP-PRP-LGC-PREPARACION > PP-PRP-LGC-LAMINADORES || 286467:200:PP > PP-PRP-LGC-PREPARACION > PP-PRP-LGC-QUEBRADORES || 286906:200:PP > PP-PRP-LGC-PREPARACION > PP-PRP-LGC-REDLER,PP-PRP-LGC-PREPARACION,Cluster lógico: ancestro PP-PRP-LGC-PREPARACION en 5 elementos Revit equivalentes.,ambiguo_falso_por_contenedor_duplicado,PP-PRP-LGC-PREPARACION,284902;286288;286415;286467;286906,,,distributed,distribucion_round_robin_en_preparar_aplicar,PP,PP-PRP-LGC-PREPARACION,PP-PRP-LGC-BEAN HEATER,,,,,,,,,,,,,,,,,,,,,,,,,,,,,,,,,,,,,,,,,,,,,,,,,,,,,,,,,,,,,,,,,,,,,,,,,,,,,
contenedor_logico_duplicado_distributed,contenedor_por_ancestro_project,PP-PRP-DMP-DMPAC,PP-DUMPER AIRE CALIENTE A BEAN HEATER | Grupo: PP-DMP BEAN HEATER,723,4,723,PP-PRP-LGC-BEAN HEATER,PP-PRP-LGC-BEAN,PP-PRP-LGC-PREPARACION > PP-PRP-LGC-BEAN,PP > PP-PRP-LGC-PREPARACION > PP-PRP-LGC-BEAN HEATER,PP > PP-PRP-LGC-PREPARACION > PP-PRP-LGC-BEAN HEATER > PP-PRP-DMP-DMPAC,284902,121e7c49-6f80-4698-91bd-c7c5a38e25dd-000458e6,Roofs,,Genérico - 400 mm,Genérico - 400 mm,,PP > PP-PRP-LGC-PREPARACION > PP-PRP-LGC-BEAN HEATER,contenedor_scoring,284902,121e7c49-6f80-4698-91bd-c7c5a38e25dd-000458e6,PP > PP-PRP-LGC-PREPARACION > PP-PRP-LGC-BEAN HEATER,3,77,NO,200,200,0,cluster_logico_mismo_sector,284902:200:PP > PP-PRP-LGC-PREPARACION > PP-PRP-LGC-BEAN HEATER || 286288:200:PP > PP-PRP-LGC-PREPARACION > PP-PRP-LGC-EXPANDIDO || 286415:200:PP > PP-PRP-LGC-PREPARACION > PP-PRP-LGC-LAMINADORES || 286467:200:PP > PP-PRP-LGC-PREPARACION > PP-PRP-LGC-QUEBRADORES || 286906:200:PP > PP-PRP-LGC-PREPARACION > PP-PRP-LGC-REDLER,PP-PRP-LGC-PREPARACION,Cluster lógico: ancestro PP-PRP-LGC-PREPARACION en 5 elementos Revit equivalentes.,ambiguo_falso_por_contenedor_duplicado,PP-PRP-LGC-PREPARACION,284902;286288;286415;286467;286906,,,distributed,distribucion_round_robin_en_preparar_aplicar,PP,PP-PRP-LGC-PREPARACION,PP-PRP-LGC-BEAN HEATER,,,,,,,,,,,,,,,,,,,,,,,,,,,,,,,,,,,,,,,,,,,,,,,,,,,,,,,,,,,,,,,,,,,,,,,,,,,,,
contenedor_logico_duplicado_distributed,contenedor_por_ancestro_project,PP-PRP-DMP-DMPAF,PP-DUMPER AIRE FALSO A BEAN HEATER | Grupo: PP-DMP BEAN HEATER,724,4,724,PP-PRP-LGC-BEAN HEATER,PP-PRP-LGC-BEAN,PP-PRP-LGC-PREPARACION > PP-PRP-LGC-BEAN,PP > PP-PRP-LGC-PREPARACION > PP-PRP-LGC-BEAN HEATER,PP > PP-PRP-LGC-PREPARACION > PP-PRP-LGC-BEAN HEATER > PP-PRP-DMP-DMPAF,284902,121e7c49-6f80-4698-91bd-c7c5a38e25dd-000458e6,Roofs,,Genérico - 400 mm,Genérico - 400 mm,,PP > PP-PRP-LGC-PREPARACION > PP-PRP-LGC-BEAN HEATER,contenedor_scoring,284902,121e7c49-6f80-4698-91bd-c7c5a38e25dd-000458e6,PP > PP-PRP-LGC-PREPARACION > PP-PRP-LGC-BEAN HEATER,3,77,NO,200,200,0,cluster_logico_mismo_sector,284902:200:PP > PP-PRP-LGC-PREPARACION > PP-PRP-LGC-BEAN HEATER || 286288:200:PP > PP-PRP-LGC-PREPARACION > PP-PRP-LGC-EXPANDIDO || 286415:200:PP > PP-PRP-LGC-PREPARACION > PP-PRP-LGC-LAMINADORES || 286467:200:PP > PP-PRP-LGC-PREPARACION > PP-PRP-LGC-QUEBRADORES || 286906:200:PP > PP-PRP-LGC-PREPARACION > PP-PRP-LGC-REDLER,PP-PRP-LGC-PREPARACION,Cluster lógico: ancestro PP-PRP-LGC-PREPARACION en 5 elementos Revit equivalentes.,ambiguo_falso_por_contenedor_duplicado,PP-PRP-LGC-PREPARACION,284902;286288;286415;286467;286906,,,distributed,distribucion_round_robin_en_preparar_aplicar,PP,PP-PRP-LGC-PREPARACION,PP-PRP-LGC-BEAN HEATER,,,,,,,,,,,,,,,,,,,,,,,,,,,,,,,,,,,,,,,,,,,,,,,,,,,,,,,,,,,,,,,,,,,,,,,,,,,,,
contenedor_logico_duplicado_distributed,contenedor_por_ancestro_project,PP-PRP-RSC-DSF01,SIN FIN SALIDA CICLONES BEAN HEATER | Grupo: PP-RSC DSF01,725,4,725,PP-PRP-LGC-BEAN HEATER,PP-PRP-LGC-BEAN,PP-PRP-LGC-PREPARACION > PP-PRP-LGC-BEAN,PP > PP-PRP-LGC-PREPARACION > PP-PRP-LGC-BEAN HEATER,PP > PP-PRP-LGC-PREPARACION > PP-PRP-LGC-BEAN HEATER > PP-PRP-RSC-DSF01,284902,121e7c49-6f80-4698-91bd-c7c5a38e25dd-000458e6,Roofs,,Genérico - 400 mm,Genérico - 400 mm,,PP > PP-PRP-LGC-PREPARACION > PP-PRP-LGC-BEAN HEATER,contenedor_scoring,284902,121e7c49-6f80-4698-91bd-c7c5a38e25dd-000458e6,PP > PP-PRP-LGC-PREPARACION > PP-PRP-LGC-BEAN HEATER,3,77,NO,200,200,0,cluster_logico_mismo_sector,284902:200:PP > PP-PRP-LGC-PREPARACION > PP-PRP-LGC-BEAN HEATER || 286288:200:PP > PP-PRP-LGC-PREPARACION > PP-PRP-LGC-EXPANDIDO || 286415:200:PP > PP-PRP-LGC-PREPARACION > PP-PRP-LGC-LAMINADORES || 286467:200:PP > PP-PRP-LGC-PREPARACION > PP-PRP-LGC-QUEBRADORES || 286906:200:PP > PP-PRP-LGC-PREPARACION > PP-PRP-LGC-REDLER,PP-PRP-LGC-PREPARACION,Cluster lógico: ancestro PP-PRP-LGC-PREPARACION en 5 elementos Revit equivalentes.,ambiguo_falso_por_contenedor_duplicado,PP-PRP-LGC-PREPARACION,284902;286288;286415;286467;286906,,,distributed,distribucion_round_robin_en_preparar_aplicar,PP,PP-PRP-LGC-PREPARACION,PP-PRP-LGC-BEAN HEATER,,,,,,,,,,,,,,,,,,,,,,,,,,,,,,,,,,,,,,,,,,,,,,,,,,,,,,,,,,,,,,,,,,,,,,,,,,,,,
contenedor_logico_duplicado_distributed,contenedor_por_ancestro_project,PP-PRP-SPR-SEPGOTA,SEPARADOR DE GOTAS BEAN HEATER | Grupo: PP-SPR SEPARADOR GOTAS,726,4,726,PP-PRP-LGC-BEAN HEATER,PP-PRP-LGC-BEAN,PP-PRP-LGC-PREPARACION > PP-PRP-LGC-BEAN,PP > PP-PRP-LGC-PREPARACION > PP-PRP-LGC-BEAN HEATER,PP > PP-PRP-LGC-PREPARACION > PP-PRP-LGC-BEAN HEATER > PP-PRP-SPR-SEPGOTA,284902,121e7c49-6f80-4698-91bd-c7c5a38e25dd-000458e6,Roofs,,Genérico - 400 mm,Genérico - 400 mm,,PP > PP-PRP-LGC-PREPARACION > PP-PRP-LGC-BEAN HEATER,contenedor_scoring,284902,121e7c49-6f80-4698-91bd-c7c5a38e25dd-000458e6,PP > PP-PRP-LGC-PREPARACION > PP-PRP-LGC-BEAN HEATER,3,77,NO,200,200,0,cluster_logico_mismo_sector,284902:200:PP > PP-PRP-LGC-PREPARACION > PP-PRP-LGC-BEAN HEATER || 286288:200:PP > PP-PRP-LGC-PREPARACION > PP-PRP-LGC-EXPANDIDO || 286415:200:PP > PP-PRP-LGC-PREPARACION > PP-PRP-LGC-LAMINADORES || 286467:200:PP > PP-PRP-LGC-PREPARACION > PP-PRP-LGC-QUEBRADORES || 286906:200:PP > PP-PRP-LGC-PREPARACION > PP-PRP-LGC-REDLER,PP-PRP-LGC-PREPARACION,Cluster lógico: ancestro PP-PRP-LGC-PREPARACION en 5 elementos Revit equivalentes.,ambiguo_falso_por_contenedor_duplicado,PP-PRP-LGC-PREPARACION,284902;286288;286415;286467;286906,,,distributed,distribucion_round_robin_en_preparar_aplicar,PP,PP-PRP-LGC-PREPARACION,PP-PRP-LGC-BEAN HEATER,,,,,,,,,,,,,,,,,,,,,,,,,,,,,,,,,,,,,,,,,,,,,,,,,,,,,,,,,,,,,,,,,,,,,,,,,,,,,
contenedor_logico_duplicado_distributed,contenedor_por_ancestro_project,PP-PRP-TNQ-TKCON,TANQUE DE CONDENSADO DE BEAN HEATER | Grupo: PP-TNQ TKCOND BH,727,4,727,PP-PRP-LGC-BEAN HEATER,PP-PRP-LGC-BEAN,PP-PRP-LGC-PREPARACION > PP-PRP-LGC-BEAN,PP > PP-PRP-LGC-PREPARACION > PP-PRP-LGC-BEAN HEATER,PP > PP-PRP-LGC-PREPARACION > PP-PRP-LGC-BEAN HEATER > PP-PRP-TNQ-TKCON,284902,121e7c49-6f80-4698-91bd-c7c5a38e25dd-000458e6,Roofs,,Genérico - 400 mm,Genérico - 400 mm,,PP > PP-PRP-LGC-PREPARACION > PP-PRP-LGC-BEAN HEATER,contenedor_scoring,284902,121e7c49-6f80-4698-91bd-c7c5a38e25dd-000458e6,PP > PP-PRP-LGC-PREPARACION > PP-PRP-LGC-BEAN HEATER,3,77,NO,200,200,0,cluster_logico_mismo_sector,284902:200:PP > PP-PRP-LGC-PREPARACION > PP-PRP-LGC-BEAN HEATER || 286288:200:PP > PP-PRP-LGC-PREPARACION > PP-PRP-LGC-EXPANDIDO || 286415:200:PP > PP-PRP-LGC-PREPARACION > PP-PRP-LGC-LAMINADORES || 286467:200:PP > PP-PRP-LGC-PREPARACION > PP-PRP-LGC-QUEBRADORES || 286906:200:PP > PP-PRP-LGC-PREPARACION > PP-PRP-LGC-REDLER,PP-PRP-LGC-PREPARACION,Cluster lógico: ancestro PP-PRP-LGC-PREPARACION en 5 elementos Revit equivalentes.,ambiguo_falso_por_contenedor_duplicado,PP-PRP-LGC-PREPARACION,284902;286288;286415;286467;286906,,,distributed,distribucion_round_robin_en_preparar_aplicar,PP,PP-PRP-LGC-PREPARACION,PP-PRP-LGC-BEAN HEATER,,,,,,,,,,,,,,,,,,,,,,,,,,,,,,,,,,,,,,,,,,,,,,,,,,,,,,,,,,,,,,,,,,,,,,,,,,,,,
contenedor_logico_duplicado_distributed,contenedor_por_ancestro_project,PP-PRP-VLV-SOV-100,VALVULA ON-OFF VAPOR A BEAN HEATERS | Grupo: PP-PRP-VALVULA CONTROL,728,4,728,PP-PRP-LGC-BEAN HEATER,PP-PRP-LGC-BEAN,PP-PRP-LGC-PREPARACION > PP-PRP-LGC-BEAN,PP > PP-PRP-LGC-PREPARACION > PP-PRP-LGC-BEAN HEATER,PP > PP-PRP-LGC-PREPARACION > PP-PRP-LGC-BEAN HEATER > PP-PRP-VLV-SOV-100,284902,121e7c49-6f80-4698-91bd-c7c5a38e25dd-000458e6,Roofs,,Genérico - 400 mm,Genérico - 400 mm,,PP > PP-PRP-LGC-PREPARACION > PP-PRP-LGC-BEAN HEATER,contenedor_scoring,284902,121e7c49-6f80-4698-91bd-c7c5a38e25dd-000458e6,PP > PP-PRP-LGC-PREPARACION > PP-PRP-LGC-BEAN HEATER,3,77,NO,200,200,0,cluster_logico_mismo_sector,284902:200:PP > PP-PRP-LGC-PREPARACION > PP-PRP-LGC-BEAN HEATER || 286288:200:PP > PP-PRP-LGC-PREPARACION > PP-PRP-LGC-EXPANDIDO || 286415:200:PP > PP-PRP-LGC-PREPARACION > PP-PRP-LGC-LAMINADORES || 286467:200:PP > PP-PRP-LGC-PREPARACION > PP-PRP-LGC-QUEBRADORES || 286906:200:PP > PP-PRP-LGC-PREPARACION > PP-PRP-LGC-REDLER,PP-PRP-LGC-PREPARACION,Cluster lógico: ancestro PP-PRP-LGC-PREPARACION en 5 elementos Revit equivalentes.,ambiguo_falso_por_contenedor_duplicado,PP-PRP-LGC-PREPARACION,284902;286288;286415;286467;286906,,,distributed,distribucion_round_robin_en_preparar_aplicar,PP,PP-PRP-LGC-PREPARACION,PP-PRP-LGC-BEAN HEATER,,,,,,,,,,,,,,,,,,,,,,,,,,,,,,,,,,,,,,,,,,,,,,,,,,,,,,,,,,,,,,,,,,,,,,,,,,,,,
contenedor_logico_duplicado_distributed,contenedor_por_ancestro_project,PP-PRP-VLV-TCV-101,VALVULA DE CONTROL DE TEMPERATURA BEAN HEATERS | Grupo: PP-PRP-VALVULA CONTROL,729,4,729,PP-PRP-LGC-BEAN HEATER,PP-PRP-LGC-BEAN,PP-PRP-LGC-PREPARACION > PP-PRP-LGC-BEAN,PP > PP-PRP-LGC-PREPARACION > PP-PRP-LGC-BEAN HEATER,PP > PP-PRP-LGC-PREPARACION > PP-PRP-LGC-BEAN HEATER > PP-PRP-VLV-TCV-101,284902,121e7c49-6f80-4698-91bd-c7c5a38e25dd-000458e6,Roofs,,Genérico - 400 mm,Genérico - 400 mm,,PP > PP-PRP-LGC-PREPARACION > PP-PRP-LGC-BEAN HEATER,contenedor_scoring,284902,121e7c49-6f80-4698-91bd-c7c5a38e25dd-000458e6,PP > PP-PRP-LGC-PREPARACION > PP-PRP-LGC-BEAN HEATER,3,77,NO,200,200,0,cluster_logico_mismo_sector,284902:200:PP > PP-PRP-LGC-PREPARACION > PP-PRP-LGC-BEAN HEATER || 286288:200:PP > PP-PRP-LGC-PREPARACION > PP-PRP-LGC-EXPANDIDO || 286415:200:PP > PP-PRP-LGC-PREPARACION > PP-PRP-LGC-LAMINADORES || 286467:200:PP > PP-PRP-LGC-PREPARACION > PP-PRP-LGC-QUEBRADORES || 286906:200:PP > PP-PRP-LGC-PREPARACION > PP-PRP-LGC-REDLER,PP-PRP-LGC-PREPARACION,Cluster lógico: ancestro PP-PRP-LGC-PREPARACION en 5 elementos Revit equivalentes.,ambiguo_falso_por_contenedor_duplicado,PP-PRP-LGC-PREPARACION,284902;286288;286415;286467;286906,,,distributed,distribucion_round_robin_en_preparar_aplicar,PP,PP-PRP-LGC-PREPARACION,PP-PRP-LGC-BEAN HEATER,,,,,,,,,,,,,,,,,,,,,,,,,,,,,,,,,,,,,,,,,,,,,,,,,,,,,,,,,,,,,,,,,,,,,,,,,,,,,
contenedor_logico_duplicado_distributed,contenedor_por_ancestro_project,PP-PRP-VLV-VSBH,VALVULA DE SEGURIDAD BEAN HEATERS | Grupo: PP-VLV SEGURIDAD BH,730,4,730,PP-PRP-LGC-BEAN HEATER,PP-PRP-LGC-BEAN,PP-PRP-LGC-PREPARACION > PP-PRP-LGC-BEAN,PP > PP-PRP-LGC-PREPARACION > PP-PRP-LGC-BEAN HEATER,PP > PP-PRP-LGC-PREPARACION > PP-PRP-LGC-BEAN HEATER > PP-PRP-VLV-VSBH,284902,121e7c49-6f80-4698-91bd-c7c5a38e25dd-000458e6,Roofs,,Genérico - 400 mm,Genérico - 400 mm,,PP > PP-PRP-LGC-PREPARACION > PP-PRP-LGC-BEAN HEATER,contenedor_scoring,284902,121e7c49-6f80-4698-91bd-c7c5a38e25dd-000458e6,PP > PP-PRP-LGC-PREPARACION > PP-PRP-LGC-BEAN HEATER,3,77,NO,200,200,0,cluster_logico_mismo_sector,284902:200:PP > PP-PRP-LGC-PREPARACION > PP-PRP-LGC-BEAN HEATER || 286288:200:PP > PP-PRP-LGC-PREPARACION > PP-PRP-LGC-EXPANDIDO || 286415:200:PP > PP-PRP-LGC-PREPARACION > PP-PRP-LGC-LAMINADORES || 286467:200:PP > PP-PRP-LGC-PREPARACION > PP-PRP-LGC-QUEBRADORES || 286906:200:PP > PP-PRP-LGC-PREPARACION > PP-PRP-LGC-REDLER,PP-PRP-LGC-PREPARACION,Cluster lógico: ancestro PP-PRP-LGC-PREPARACION en 5 elementos Revit equivalentes.,ambiguo_falso_por_contenedor_duplicado,PP-PRP-LGC-PREPARACION,284902;286288;286415;286467;286906,,,distributed,distribucion_round_robin_en_preparar_aplicar,PP,PP-PRP-LGC-PREPARACION,PP-PRP-LGC-BEAN HEATER,,,,,,,,,,,,,,,,,,,,,,,,,,,,,,,,,,,,,,,,,,,,,,,,,,,,,,,,,,,,,,,,,,,,,,,,,,,,,
contenedor_logico_duplicado_distributed,contenedor_por_ancestro_project,PP-PRP-LGC-CONJ,CONJUNTOS DE TRAFOS PREPARACION | Grupo: PP-CONJ TRAFOS PRP,731,3,731,PP-PRP-LGC-PREPARACION,PP-PRP-LGC-PREPARACION,PP-PRP-LGC-PREPARACION,PP > PP-PRP-LGC-PREPARACION,PP > PP-PRP-LGC-PREPARACION > PP-PRP-LGC-CONJ TRAFOS,284902,121e7c49-6f80-4698-91bd-c7c5a38e25dd-000458e6,Roofs,,Genérico - 400 mm,Genérico - 400 mm,,PP > PP-PRP-LGC-PREPARACION > PP-PRP-LGC-BEAN HEATER,contenedor_scoring,284902,121e7c49-6f80-4698-91bd-c7c5a38e25dd-000458e6,PP > PP-PRP-LGC-PREPARACION > PP-PRP-LGC-BEAN HEATER,3,77,NO,200,200,0,cluster_logico_mismo_sector,284902:200:PP > PP-PRP-LGC-PREPARACION > PP-PRP-LGC-BEAN HEATER || 286288:200:PP > PP-PRP-LGC-PREPARACION > PP-PRP-LGC-EXPANDIDO || 286415:200:PP > PP-PRP-LGC-PREPARACION > PP-PRP-LGC-LAMINADORES || 286467:200:PP > PP-PRP-LGC-PREPARACION > PP-PRP-LGC-QUEBRADORES || 286906:200:PP > PP-PRP-LGC-PREPARACION > PP-PRP-LGC-REDLER,PP-PRP-LGC-PREPARACION,Cluster lógico: ancestro PP-PRP-LGC-PREPARACION en 5 elementos Revit equivalentes.,ambiguo_falso_por_contenedor_duplicado,PP-PRP-LGC-PREPARACION,284902;286288;286415;286467;286906,,,distributed,distribucion_round_robin_en_preparar_aplicar,PP,PP-PRP-LGC-PREPARACION,PP-PRP-LGC-BEAN HEATER,,,,,,,,,,,,,,,,,,,,,,,,,,,,,,,,,,,,,,,,,,,,,,,,,,,,,,,,,,,,,,,,,,,,,,,,,,,,,
contenedor_logico_duplicado_distributed,contenedor_por_ancestro_project,PP-PRP-TRF-TRA1,TRANSFORMADOR 01 | Grupo: PP-TRF TRAFO PRP,732,4,732,PP-PRP-LGC-CONJ TRAFOS,PP-PRP-LGC-CONJ,PP-PRP-LGC-PREPARACION > PP-PRP-LGC-CONJ,PP > PP-PRP-LGC-PREPARACION > PP-PRP-LGC-CONJ TRAFOS,PP > PP-PRP-LGC-PREPARACION > PP-PRP-LGC-CONJ TRAFOS > PP-PRP-TRF-TRA1,284902,121e7c49-6f80-4698-91bd-c7c5a38e25dd-000458e6,Roofs,,Genérico - 400 mm,Genérico - 400 mm,,PP > PP-PRP-LGC-PREPARACION > PP-PRP-LGC-BEAN HEATER,contenedor_scoring,284902,121e7c49-6f80-4698-91bd-c7c5a38e25dd-000458e6,PP > PP-PRP-LGC-PREPARACION > PP-PRP-LGC-BEAN HEATER,3,77,NO,200,200,0,cluster_logico_mismo_sector,284902:200:PP > PP-PRP-LGC-PREPARACION > PP-PRP-LGC-BEAN HEATER || 286288:200:PP > PP-PRP-LGC-PREPARACION > PP-PRP-LGC-EXPANDIDO || 286415:200:PP > PP-PRP-LGC-PREPARACION > PP-PRP-LGC-LAMINADORES || 286467:200:PP > PP-PRP-LGC-PREPARACION > PP-PRP-LGC-QUEBRADORES || 286906:200:PP > PP-PRP-LGC-PREPARACION > PP-PRP-LGC-REDLER,PP-PRP-LGC-PREPARACION,Cluster lógico: ancestro PP-PRP-LGC-PREPARACION en 5 elementos Revit equivalentes.,ambiguo_falso_por_contenedor_duplicado,PP-PRP-LGC-PREPARACION,284902;286288;286415;286467;286906,,,distributed,distribucion_round_robin_en_preparar_aplicar,PP,PP-PRP-LGC-PREPARACION,PP-PRP-LGC-BEAN HEATER,,,,,,,,,,,,,,,,,,,,,,,,,,,,,,,,,,,,,,,,,,,,,,,,,,,,,,,,,,,,,,,,,,,,,,,,,,,,,
contenedor_logico_duplicado_distributed,contenedor_por_ancestro_project,PP-PRP-TRF-TRA2,TRANSFORMADOR 02 | Grupo: PP-TRF TRAFO PRP,733,4,733,PP-PRP-LGC-CONJ TRAFOS,PP-PRP-LGC-CONJ,PP-PRP-LGC-PREPARACION > PP-PRP-LGC-CONJ,PP > PP-PRP-LGC-PREPARACION > PP-PRP-LGC-CONJ TRAFOS,PP > PP-PRP-LGC-PREPARACION > PP-PRP-LGC-CONJ TRAFOS > PP-PRP-TRF-TRA2,284902,121e7c49-6f80-4698-91bd-c7c5a38e25dd-000458e6,Roofs,,Genérico - 400 mm,Genérico - 400 mm,,PP > PP-PRP-LGC-PREPARACION > PP-PRP-LGC-BEAN HEATER,contenedor_scoring,284902,121e7c49-6f80-4698-91bd-c7c5a38e25dd-000458e6,PP > PP-PRP-LGC-PREPARACION > PP-PRP-LGC-BEAN HEATER,3,77,NO,200,200,0,cluster_logico_mismo_sector,284902:200:PP > PP-PRP-LGC-PREPARACION > PP-PRP-LGC-BEAN HEATER || 286288:200:PP > PP-PRP-LGC-PREPARACION > PP-PRP-LGC-EXPANDIDO || 286415:200:PP > PP-PRP-LGC-PREPARACION > PP-PRP-LGC-LAMINADORES || 286467:200:PP > PP-PRP-LGC-PREPARACION > PP-PRP-LGC-QUEBRADORES || 286906:200:PP > PP-PRP-LGC-PREPARACION > PP-PRP-LGC-REDLER,PP-PRP-LGC-PREPARACION,Cluster lógico: ancestro PP-PRP-LGC-PREPARACION en 5 elementos Revit equivalentes.,ambiguo_falso_por_contenedor_duplicado,PP-PRP-LGC-PREPARACION,284902;286288;286415;286467;286906,,,distributed,distribucion_round_robin_en_preparar_aplicar,PP,PP-PRP-LGC-PREPARACION,PP-PRP-LGC-BEAN HEATER,,,,,,,,,,,,,,,,,,,,,,,,,,,,,,,,,,,,,,,,,,,,,,,,,,,,,,,,,,,,,,,,,,,,,,,,,,,,,
contenedor_logico_duplicado_distributed,contenedor_por_ancestro_project,PP-PRP-TRF-TRA3,TRANSFORMADOR 03 | Grupo: PP-TRF TRAFO PRP,734,4,734,PP-PRP-LGC-CONJ TRAFOS,PP-PRP-LGC-CONJ,PP-PRP-LGC-PREPARACION > PP-PRP-LGC-CONJ,PP > PP-PRP-LGC-PREPARACION > PP-PRP-LGC-CONJ TRAFOS,PP > PP-PRP-LGC-PREPARACION > PP-PRP-LGC-CONJ TRAFOS > PP-PRP-TRF-TRA3,284902,121e7c49-6f80-4698-91bd-c7c5a38e25dd-000458e6,Roofs,,Genérico - 400 mm,Genérico - 400 mm,,PP > PP-PRP-LGC-PREPARACION > PP-PRP-LGC-BEAN HEATER,contenedor_scoring,284902,121e7c49-6f80-4698-91bd-c7c5a38e25dd-000458e6,PP > PP-PRP-LGC-PREPARACION > PP-PRP-LGC-BEAN HEATER,3,77,NO,200,200,0,cluster_logico_mismo_sector,284902:200:PP > PP-PRP-LGC-PREPARACION > PP-PRP-LGC-BEAN HEATER || 286288:200:PP > PP-PRP-LGC-PREPARACION > PP-PRP-LGC-EXPANDIDO || 286415:200:PP > PP-PRP-LGC-PREPARACION > PP-PRP-LGC-LAMINADORES || 286467:200:PP > PP-PRP-LGC-PREPARACION > PP-PRP-LGC-QUEBRADORES || 286906:200:PP > PP-PRP-LGC-PREPARACION > PP-PRP-LGC-REDLER,PP-PRP-LGC-PREPARACION,Cluster lógico: ancestro PP-PRP-LGC-PREPARACION en 5 elementos Revit equivalentes.,ambiguo_falso_por_contenedor_duplicado,PP-PRP-LGC-PREPARACION,284902;286288;286415;286467;286906,,,distributed,distribucion_round_robin_en_preparar_aplicar,PP,PP-PRP-LGC-PREPARACION,PP-PRP-LGC-BEAN HEATER,,,,,,,,,,,,,,,,,,,,,,,,,,,,,,,,,,,,,,,,,,,,,,,,,,,,,,,,,,,,,,,,,,,,,,,,,,,,,
contenedor_logico_duplicado_distributed,contenedor_por_ancestro_project,PP-PRP-TRF-TRA4,TRANSFORMADOR 04 | Grupo: PP-TRF TRAFO PRP,735,4,735,PP-PRP-LGC-CONJ TRAFOS,PP-PRP-LGC-CONJ,PP-PRP-LGC-PREPARACION > PP-PRP-LGC-CONJ,PP > PP-PRP-LGC-PREPARACION > PP-PRP-LGC-CONJ TRAFOS,PP > PP-PRP-LGC-PREPARACION > PP-PRP-LGC-CONJ TRAFOS > PP-PRP-TRF-TRA4,284902,121e7c49-6f80-4698-91bd-c7c5a38e25dd-000458e6,Roofs,,Genérico - 400 mm,Genérico - 400 mm,,PP > PP-PRP-LGC-PREPARACION > PP-PRP-LGC-BEAN HEATER,contenedor_scoring,284902,121e7c49-6f80-4698-91bd-c7c5a38e25dd-000458e6,PP > PP-PRP-LGC-PREPARACION > PP-PRP-LGC-BEAN HEATER,3,77,NO,200,200,0,cluster_logico_mismo_sector,284902:200:PP > PP-PRP-LGC-PREPARACION > PP-PRP-LGC-BEAN HEATER || 286288:200:PP > PP-PRP-LGC-PREPARACION > PP-PRP-LGC-EXPANDIDO || 286415:200:PP > PP-PRP-LGC-PREPARACION > PP-PRP-LGC-LAMINADORES || 286467:200:PP > PP-PRP-LGC-PREPARACION > PP-PRP-LGC-QUEBRADORES || 286906:200:PP > PP-PRP-LGC-PREPARACION > PP-PRP-LGC-REDLER,PP-PRP-LGC-PREPARACION,Cluster lógico: ancestro PP-PRP-LGC-PREPARACION en 5 elementos Revit equivalentes.,ambiguo_falso_por_contenedor_duplicado,PP-PRP-LGC-PREPARACION,284902;286288;286415;286467;286906,,,distributed,distribucion_round_robin_en_preparar_aplicar,PP,PP-PRP-LGC-PREPARACION,PP-PRP-LGC-BEAN HEATER,,,,,,,,,,,,,,,,,,,,,,,,,,,,,,,,,,,,,,,,,,,,,,,,,,,,,,,,,,,,,,,,,,,,,,,,,,,,,
match_directo,elemento_puntual,PP-PRP-LGC-EXPANDIDO,SECTOR EXPANDIDO PTA PTO | Grupo: PP-SECTOR EXPANDIDO,736,3,736,PP-PRP-LGC-PREPARACION,PP-PRP-LGC-PREPARACION,PP-PRP-LGC-PREPARACION,PP > PP-PRP-LGC-PREPARACION,PP > PP-PRP-LGC-PREPARACION > PP-PRP-LGC-EXPANDIDO,286288,121e7c49-6f80-4698-91bd-c7c5a38e25dd-00045e50,Roofs,,Genérico - 400 mm,Genérico - 400 mm,,PP > PP-PRP-LGC-PREPARACION > PP-PRP-LGC-EXPANDIDO,btz_description_03,,,,,,,,,,,,,Coincidencia exacta única con elemento Revit.,match_directo,,,,,,match_puntual_unico,PP,PP-PRP-LGC-PREPARACION,PP-PRP-LGC-EXPANDIDO,,,,,,,,,,,,,,,,,,,,,,,,,,,,,,,,,,,,,,,,,,,,,,,,,,,,,,,,,,,,,,,,,,,,,,,,,,,,,
contenedor_unico,contenedor_por_ancestro_project,PP-PRP-ENF-EE03,ENFRIADOR EE03 DE EXPANDIDO OESTE | Grupo: PP-ENF EE03,737,4,737,PP-PRP-LGC-EXPANDIDO,PP-PRP-LGC-EXPANDIDO,PP-PRP-LGC-PREPARACION > PP-PRP-LGC-EXPANDIDO,PP > PP-PRP-LGC-PREPARACION > PP-PRP-LGC-EXPANDIDO,PP > PP-PRP-LGC-PREPARACION > PP-PRP-LGC-EXPANDIDO > PP-PRP-ENF-EE03,286288,121e7c49-6f80-4698-91bd-c7c5a38e25dd-00045e50,Roofs,,Genérico - 400 mm,Genérico - 400 mm,,PP > PP-PRP-LGC-PREPARACION > PP-PRP-LGC-EXPANDIDO,contenedor_scoring,286288,121e7c49-6f80-4698-91bd-c7c5a38e25dd-00045e50,PP > PP-PRP-LGC-PREPARACION > PP-PRP-LGC-EXPANDIDO,3,77,NO,200,0,200,ancestro_project_exacto,286288:200:PP > PP-PRP-LGC-PREPARACION > PP-PRP-LGC-EXPANDIDO,PP-PRP-LGC-EXPANDIDO,Sin match puntual; contenedor único por ancestro Project PP-PRP-LGC-EXPANDIDO.,contenedor_unico_ancestro,PP-PRP-LGC-EXPANDIDO,286288,286288,,,un_elemento_revit_para_ancestro,PP,PP-PRP-LGC-PREPARACION,PP-PRP-LGC-EXPANDIDO,,,,,,,,,,,,,,,,,,,,,,,,,,,,,,,,,,,,,,,,,,,,,,,,,,,,,,,,,,,,,,,,,,,,,,,,,,,,,
contenedor_unico,contenedor_por_ancestro_project,PP-PRP-VNT-VE11,VENTILADOR VE11 | Grupo: PP-VNT VENT ENF EXP,738,5,738,PP-PRP-ENF-EE03,PP-PRP-ENF-EE03,PP-PRP-LGC-PREPARACION > PP-PRP-LGC-EXPANDIDO > PP-PRP-ENF-EE03,PP > PP-PRP-LGC-PREPARACION > PP-PRP-LGC-EXPANDIDO > PP-PRP-ENF-EE03,PP > PP-PRP-LGC-PREPARACION > PP-PRP-LGC-EXPANDIDO > PP-PRP-ENF-EE03 > PP-PRP-VNT-VE11,286288,121e7c49-6f80-4698-91bd-c7c5a38e25dd-00045e50,Roofs,,Genérico - 400 mm,Genérico - 400 mm,,PP > PP-PRP-LGC-PREPARACION > PP-PRP-LGC-EXPANDIDO,contenedor_scoring,286288,121e7c49-6f80-4698-91bd-c7c5a38e25dd-00045e50,PP > PP-PRP-LGC-PREPARACION > PP-PRP-LGC-EXPANDIDO,3,77,NO,200,0,200,ancestro_project_exacto,286288:200:PP > PP-PRP-LGC-PREPARACION > PP-PRP-LGC-EXPANDIDO,PP-PRP-LGC-EXPANDIDO,Sin match puntual; contenedor único por ancestro Project PP-PRP-LGC-EXPANDIDO.,contenedor_unico_ancestro,PP-PRP-LGC-EXPANDIDO,286288,286288,,,un_elemento_revit_para_ancestro,PP,PP-PRP-LGC-PREPARACION,PP-PRP-LGC-EXPANDIDO,,,,,,,,,,,,,,,,,,,,,,,,,,,,,,,,,,,,,,,,,,,,,,,,,,,,,,,,,,,,,,,,,,,,,,,,,,,,,
contenedor_unico,contenedor_por_ancestro_project,PP-PRP-CCL-CVE11,CICLON VENTILADOR VE11 | Grupo: PP-CCL CICLON ENF EXP,739,6,739,PP-PRP-VNT-VE11,PP-PRP-VNT-VE11,PP-PRP-LGC-PREPARACION > PP-PRP-LGC-EXPANDIDO > PP-PRP-ENF-EE03 > PP-PRP-VNT-VE11,PP > PP-PRP-LGC-PREPARACION > PP-PRP-LGC-EXPANDIDO > PP-PRP-ENF-EE03 > PP-PRP-VNT-VE11,PP > PP-PRP-LGC-PREPARACION > PP-PRP-LGC-EXPANDIDO > PP-PRP-ENF-EE03 > PP-PRP-VNT-VE11 > PP-PRP-CCL-CVE11,286288,121e7c49-6f80-4698-91bd-c7c5a38e25dd-00045e50,Roofs,,Genérico - 400 mm,Genérico - 400 mm,,PP > PP-PRP-LGC-PREPARACION > PP-PRP-LGC-EXPANDIDO,contenedor_scoring,286288,121e7c49-6f80-4698-91bd-c7c5a38e25dd-00045e50,PP > PP-PRP-LGC-PREPARACION > PP-PRP-LGC-EXPANDIDO,3,77,NO,200,0,200,ancestro_project_exacto,286288:200:PP > PP-PRP-LGC-PREPARACION > PP-PRP-LGC-EXPANDIDO,PP-PRP-LGC-EXPANDIDO,Sin match puntual; contenedor único por ancestro Project PP-PRP-LGC-EXPANDIDO.,contenedor_unico_ancestro,PP-PRP-LGC-EXPANDIDO,286288,286288,,,un_elemento_revit_para_ancestro,PP,PP-PRP-LGC-PREPARACION,PP-PRP-LGC-EXPANDIDO,,,,,,,,,,,,,,,,,,,,,,,,,,,,,,,,,,,,,,,,,,,,,,,,,,,,,,,,,,,,,,,,,,,,,,,,,,,,,
contenedor_unico,contenedor_por_ancestro_project,PP-PRP-VLV-VR11A,VALVULA ROTATIVA VR11A | Grupo: PP-VLV ROTATIVA CICLON ENF EXP,740,6,740,PP-PRP-VNT-VE11,PP-PRP-VNT-VE11,PP-PRP-LGC-PREPARACION > PP-PRP-LGC-EXPANDIDO > PP-PRP-ENF-EE03 > PP-PRP-VNT-VE11,PP > PP-PRP-LGC-PREPARACION > PP-PRP-LGC-EXPANDIDO > PP-PRP-ENF-EE03 > PP-PRP-VNT-VE11,PP > PP-PRP-LGC-PREPARACION > PP-PRP-LGC-EXPANDIDO > PP-PRP-ENF-EE03 > PP-PRP-VNT-VE11 > PP-PRP-VLV-VR11A,286288,121e7c49-6f80-4698-91bd-c7c5a38e25dd-00045e50,Roofs,,Genérico - 400 mm,Genérico - 400 mm,,PP > PP-PRP-LGC-PREPARACION > PP-PRP-LGC-EXPANDIDO,contenedor_scoring,286288,121e7c49-6f80-4698-91bd-c7c5a38e25dd-00045e50,PP > PP-PRP-LGC-PREPARACION > PP-PRP-LGC-EXPANDIDO,3,77,NO,200,0,200,ancestro_project_exacto,286288:200:PP > PP-PRP-LGC-PREPARACION > PP-PRP-LGC-EXPANDIDO,PP-PRP-LGC-EXPANDIDO,Sin match puntual; contenedor único por ancestro Project PP-PRP-LGC-EXPANDIDO.,contenedor_unico_ancestro,PP-PRP-LGC-EXPANDIDO,286288,286288,,,un_elemento_revit_para_ancestro,PP,PP-PRP-LGC-PREPARACION,PP-PRP-LGC-EXPANDIDO,,,,,,,,,,,,,,,,,,,,,,,,,,,,,,,,,,,,,,,,,,,,,,,,,,,,,,,,,,,,,,,,,,,,,,,,,,,,,
contenedor_unico,contenedor_por_ancestro_project,PP-PRP-VNT-VE12,VENTILADOR VE12 | Grupo: PP-VNT VENT ENF EXP,741,5,741,PP-PRP-ENF-EE03,PP-PRP-ENF-EE03,PP-PRP-LGC-PREPARACION > PP-PRP-LGC-EXPANDIDO > PP-PRP-ENF-EE03,PP > PP-PRP-LGC-PREPARACION > PP-PRP-LGC-EXPANDIDO > PP-PRP-ENF-EE03,PP > PP-PRP-LGC-PREPARACION > PP-PRP-LGC-EXPANDIDO > PP-PRP-ENF-EE03 > PP-PRP-VNT-VE12,286288,121e7c49-6f80-4698-91bd-c7c5a38e25dd-00045e50,Roofs,,Genérico - 400 mm,Genérico - 400 mm,,PP > PP-PRP-LGC-PREPARACION > PP-PRP-LGC-EXPANDIDO,contenedor_scoring,286288,121e7c49-6f80-4698-91bd-c7c5a38e25dd-00045e50,PP > PP-PRP-LGC-PREPARACION > PP-PRP-LGC-EXPANDIDO,3,77,NO,200,0,200,ancestro_project_exacto,286288:200:PP > PP-PRP-LGC-PREPARACION > PP-PRP-LGC-EXPANDIDO,PP-PRP-LGC-EXPANDIDO,Sin match puntual; contenedor único por ancestro Project PP-PRP-LGC-EXPANDIDO.,contenedor_unico_ancestro,PP-PRP-LGC-EXPANDIDO,286288,286288,,,un_elemento_revit_para_ancestro,PP,PP-PRP-LGC-PREPARACION,PP-PRP-LGC-EXPANDIDO,,,,,,,,,,,,,,,,,,,,,,,,,,,,,,,,,,,,,,,,,,,,,,,,,,,,,,,,,,,,,,,,,,,,,,,,,,,,,
contenedor_unico,contenedor_por_ancestro_project,PP-PRP-CCL-CVE12,CICLON VENTILADOR VE12 | Grupo: PP-CCL CICLON ENF EXP,742,6,742,PP-PRP-VNT-VE12,PP-PRP-VNT-VE12,PP-PRP-LGC-PREPARACION > PP-PRP-LGC-EXPANDIDO > PP-PRP-ENF-EE03 > PP-PRP-VNT-VE12,PP > PP-PRP-LGC-PREPARACION > PP-PRP-LGC-EXPANDIDO > PP-PRP-ENF-EE03 > PP-PRP-VNT-VE12,PP > PP-PRP-LGC-PREPARACION > PP-PRP-LGC-EXPANDIDO > PP-PRP-ENF-EE03 > PP-PRP-VNT-VE12 > PP-PRP-CCL-CVE12,286288,121e7c49-6f80-4698-91bd-c7c5a38e25dd-00045e50,Roofs,,Genérico - 400 mm,Genérico - 400 mm,,PP > PP-PRP-LGC-PREPARACION > PP-PRP-LGC-EXPANDIDO,contenedor_scoring,286288,121e7c49-6f80-4698-91bd-c7c5a38e25dd-00045e50,PP > PP-PRP-LGC-PREPARACION > PP-PRP-LGC-EXPANDIDO,3,77,NO,200,0,200,ancestro_project_exacto,286288:200:PP > PP-PRP-LGC-PREPARACION > PP-PRP-LGC-EXPANDIDO,PP-PRP-LGC-EXPANDIDO,Sin match puntual; contenedor único por ancestro Project PP-PRP-LGC-EXPANDIDO.,contenedor_unico_ancestro,PP-PRP-LGC-EXPANDIDO,286288,286288,,,un_elemento_revit_para_ancestro,PP,PP-PRP-LGC-PREPARACION,PP-PRP-LGC-EXPANDIDO,,,,,,,,,,,,,,,,,,,,,,,,,,,,,,,,,,,,,,,,,,,,,,,,,,,,,,,,,,,,,,,,,,,,,,,,,,,,,
contenedor_unico,contenedor_por_ancestro_project,PP-PRP-VLV-VR12A,VALVULA ROTATIVA VR12A | Grupo: PP-VLV ROTATIVA CICLON ENF EXP,743,6,743,PP-PRP-VNT-VE12,PP-PRP-VNT-VE12,PP-PRP-LGC-PREPARACION > PP-PRP-LGC-EXPANDIDO > PP-PRP-ENF-EE03 > PP-PRP-VNT-VE12,PP > PP-PRP-LGC-PREPARACION > PP-PRP-LGC-EXPANDIDO > PP-PRP-ENF-EE03 > PP-PRP-VNT-VE12,PP > PP-PRP-LGC-PREPARACION > PP-PRP-LGC-EXPANDIDO > PP-PRP-ENF-EE03 > PP-PRP-VNT-VE12 > PP-PRP-VLV-VR12A,286288,121e7c49-6f80-4698-91bd-c7c5a38e25dd-00045e50,Roofs,,Genérico - 400 mm,Genérico - 400 mm,,PP > PP-PRP-LGC-PREPARACION > PP-PRP-LGC-EXPANDIDO,contenedor_scoring,286288,121e7c49-6f80-4698-91bd-c7c5a38e25dd-00045e50,PP > PP-PRP-LGC-PREPARACION > PP-PRP-LGC-EXPANDIDO,3,77,NO,200,0,200,ancestro_project_exacto,286288:200:PP > PP-PRP-LGC-PREPARACION > PP-PRP-LGC-EXPANDIDO,PP-PRP-LGC-EXPANDIDO,Sin match puntual; contenedor único por ancestro Project PP-PRP-LGC-EXPANDIDO.,contenedor_unico_ancestro,PP-PRP-LGC-EXPANDIDO,286288,286288,,,un_elemento_revit_para_ancestro,PP,PP-PRP-LGC-PREPARACION,PP-PRP-LGC-EXPANDIDO,,,,,,,,,,,,,,,,,,,,,,,,,,,,,,,,,,,,,,,,,,,,,,,,,,,,,,,,,,,,,,,,,,,,,,,,,,,,,
contenedor_unico,contenedor_por_ancestro_project,PP-PRP-ENF-EE04,ENFRIADOR EE04 DE EXPANDIDO ESTE | Grupo: PP-ENF EE04,744,4,744,PP-PRP-LGC-EXPANDIDO,PP-PRP-LGC-EXPANDIDO,PP-PRP-LGC-PREPARACION > PP-PRP-LGC-EXPANDIDO,PP > PP-PRP-LGC-PREPARACION > PP-PRP-LGC-EXPANDIDO,PP > PP-PRP-LGC-PREPARACION > PP-PRP-LGC-EXPANDIDO > PP-PRP-ENF-EE04,286288,121e7c49-6f80-4698-91bd-c7c5a38e25dd-00045e50,Roofs,,Genérico - 400 mm,Genérico - 400 mm,,PP > PP-PRP-LGC-PREPARACION > PP-PRP-LGC-EXPANDIDO,contenedor_scoring,286288,121e7c49-6f80-4698-91bd-c7c5a38e25dd-00045e50,PP > PP-PRP-LGC-PREPARACION > PP-PRP-LGC-EXPANDIDO,3,77,NO,200,0,200,ancestro_project_exacto,286288:200:PP > PP-PRP-LGC-PREPARACION > PP-PRP-LGC-EXPANDIDO,PP-PRP-LGC-EXPANDIDO,Sin match puntual; contenedor único por ancestro Project PP-PRP-LGC-EXPANDIDO.,contenedor_unico_ancestro,PP-PRP-LGC-EXPANDIDO,286288,286288,,,un_elemento_revit_para_ancestro,PP,PP-PRP-LGC-PREPARACION,PP-PRP-LGC-EXPANDIDO,,,,,,,,,,,,,,,,,,,,,,,,,,,,,,,,,,,,,,,,,,,,,,,,,,,,,,,,,,,,,,,,,,,,,,,,,,,,,
contenedor_unico,contenedor_por_ancestro_project,PP-PRP-VNT-VE13,VENTILADOR VE13 | Grupo: PP-VNT VENT ENF EXP,745,5,745,PP-PRP-ENF-EE04,PP-PRP-ENF-EE04,PP-PRP-LGC-PREPARACION > PP-PRP-LGC-EXPANDIDO > PP-PRP-ENF-EE04,PP > PP-PRP-LGC-PREPARACION > PP-PRP-LGC-EXPANDIDO > PP-PRP-ENF-EE04,PP > PP-PRP-LGC-PREPARACION > PP-PRP-LGC-EXPANDIDO > PP-PRP-ENF-EE04 > PP-PRP-VNT-VE13,286288,121e7c49-6f80-4698-91bd-c7c5a38e25dd-00045e50,Roofs,,Genérico - 400 mm,Genérico - 400 mm,,PP > PP-PRP-LGC-PREPARACION > PP-PRP-LGC-EXPANDIDO,contenedor_scoring,286288,121e7c49-6f80-4698-91bd-c7c5a38e25dd-00045e50,PP > PP-PRP-LGC-PREPARACION > PP-PRP-LGC-EXPANDIDO,3,77,NO,200,0,200,ancestro_project_exacto,286288:200:PP > PP-PRP-LGC-PREPARACION > PP-PRP-LGC-EXPANDIDO,PP-PRP-LGC-EXPANDIDO,Sin match puntual; contenedor único por ancestro Project PP-PRP-LGC-EXPANDIDO.,contenedor_unico_ancestro,PP-PRP-LGC-EXPANDIDO,286288,286288,,,un_elemento_revit_para_ancestro,PP,PP-PRP-LGC-PREPARACION,PP-PRP-LGC-EXPANDIDO,,,,,,,,,,,,,,,,,,,,,,,,,,,,,,,,,,,,,,,,,,,,,,,,,,,,,,,,,,,,,,,,,,,,,,,,,,,,,
contenedor_unico,contenedor_por_ancestro_project,PP-PRP-CCL-CVE13,CICLON VENTILADOR VE13 | Grupo: PP-CCL CICLON ENF EXP,746,6,746,PP-PRP-VNT-VE13,PP-PRP-VNT-VE13,PP-PRP-LGC-PREPARACION > PP-PRP-LGC-EXPANDIDO > PP-PRP-ENF-EE04 > PP-PRP-VNT-VE13,PP > PP-PRP-LGC-PREPARACION > PP-PRP-LGC-EXPANDIDO > PP-PRP-ENF-EE04 > PP-PRP-VNT-VE13,PP > PP-PRP-LGC-PREPARACION > PP-PRP-LGC-EXPANDIDO > PP-PRP-ENF-EE04 > PP-PRP-VNT-VE13 > PP-PRP-CCL-CVE13,286288,121e7c49-6f80-4698-91bd-c7c5a38e25dd-00045e50,Roofs,,Genérico - 400 mm,Genérico - 400 mm,,PP > PP-PRP-LGC-PREPARACION > PP-PRP-LGC-EXPANDIDO,contenedor_scoring,286288,121e7c49-6f80-4698-91bd-c7c5a38e25dd-00045e50,PP > PP-PRP-LGC-PREPARACION > PP-PRP-LGC-EXPANDIDO,3,77,NO,200,0,200,ancestro_project_exacto,286288:200:PP > PP-PRP-LGC-PREPARACION > PP-PRP-LGC-EXPANDIDO,PP-PRP-LGC-EXPANDIDO,Sin match puntual; contenedor único por ancestro Project PP-PRP-LGC-EXPANDIDO.,contenedor_unico_ancestro,PP-PRP-LGC-EXPANDIDO,286288,286288,,,un_elemento_revit_para_ancestro,PP,PP-PRP-LGC-PREPARACION,PP-PRP-LGC-EXPANDIDO,,,,,,,,,,,,,,,,,,,,,,,,,,,,,,,,,,,,,,,,,,,,,,,,,,,,,,,,,,,,,,,,,,,,,,,,,,,,,
contenedor_unico,contenedor_por_ancestro_project,PP-PRP-VLV-VR13A,VALVULA ROTATIVA VR13A | Grupo: PP-VLV ROTATIVA CICLON ENF EXP,747,6,747,PP-PRP-VNT-VE13,PP-PRP-VNT-VE13,PP-PRP-LGC-PREPARACION > PP-PRP-LGC-EXPANDIDO > PP-PRP-ENF-EE04 > PP-PRP-VNT-VE13,PP > PP-PRP-LGC-PREPARACION > PP-PRP-LGC-EXPANDIDO > PP-PRP-ENF-EE04 > PP-PRP-VNT-VE13,PP > PP-PRP-LGC-PREPARACION > PP-PRP-LGC-EXPANDIDO > PP-PRP-ENF-EE04 > PP-PRP-VNT-VE13 > PP-PRP-VLV-VR13A,286288,121e7c49-6f80-4698-91bd-c7c5a38e25dd-00045e50,Roofs,,Genérico - 400 mm,Genérico - 400 mm,,PP > PP-PRP-LGC-PREPARACION > PP-PRP-LGC-EXPANDIDO,contenedor_scoring,286288,121e7c49-6f80-4698-91bd-c7c5a38e25dd-00045e50,PP > PP-PRP-LGC-PREPARACION > PP-PRP-LGC-EXPANDIDO,3,77,NO,200,0,200,ancestro_project_exacto,286288:200:PP > PP-PRP-LGC-PREPARACION > PP-PRP-LGC-EXPANDIDO,PP-PRP-LGC-EXPANDIDO,Sin match puntual; contenedor único por ancestro Project PP-PRP-LGC-EXPANDIDO.,contenedor_unico_ancestro,PP-PRP-LGC-EXPANDIDO,286288,286288,,,un_elemento_revit_para_ancestro,PP,PP-PRP-LGC-PREPARACION,PP-PRP-LGC-EXPANDIDO,,,,,,,,,,,,,,,,,,,,,,,,,,,,,,,,,,,,,,,,,,,,,,,,,,,,,,,,,,,,,,,,,,,,,,,,,,,,,
contenedor_unico,contenedor_por_ancestro_project,PP-PRP-VNT-VE14,VENTILADOR VE14 | Grupo: PP-VNT VENT ENF EXP,748,5,748,PP-PRP-ENF-EE04,PP-PRP-ENF-EE04,PP-PRP-LGC-PREPARACION > PP-PRP-LGC-EXPANDIDO > PP-PRP-ENF-EE04,PP > PP-PRP-LGC-PREPARACION > PP-PRP-LGC-EXPANDIDO > PP-PRP-ENF-EE04,PP > PP-PRP-LGC-PREPARACION > PP-PRP-LGC-EXPANDIDO > PP-PRP-ENF-EE04 > PP-PRP-VNT-VE14,286288,121e7c49-6f80-4698-91bd-c7c5a38e25dd-00045e50,Roofs,,Genérico - 400 mm,Genérico - 400 mm,,PP > PP-PRP-LGC-PREPARACION > PP-PRP-LGC-EXPANDIDO,contenedor_scoring,286288,121e7c49-6f80-4698-91bd-c7c5a38e25dd-00045e50,PP > PP-PRP-LGC-PREPARACION > PP-PRP-LGC-EXPANDIDO,3,77,NO,200,0,200,ancestro_project_exacto,286288:200:PP > PP-PRP-LGC-PREPARACION > PP-PRP-LGC-EXPANDIDO,PP-PRP-LGC-EXPANDIDO,Sin match puntual; contenedor único por ancestro Project PP-PRP-LGC-EXPANDIDO.,contenedor_unico_ancestro,PP-PRP-LGC-EXPANDIDO,286288,286288,,,un_elemento_revit_para_ancestro,PP,PP-PRP-LGC-PREPARACION,PP-PRP-LGC-EXPANDIDO,,,,,,,,,,,,,,,,,,,,,,,,,,,,,,,,,,,,,,,,,,,,,,,,,,,,,,,,,,,,,,,,,,,,,,,,,,,,,
contenedor_unico,contenedor_por_ancestro_project,PP-PRP-CCL-CVE14,CICLON VENTILADOR VE14 | Grupo: PP-CCL CICLON ENF EXP,749,6,749,PP-PRP-VNT-VE14,PP-PRP-VNT-VE14,PP-PRP-LGC-PREPARACION > PP-PRP-LGC-EXPANDIDO > PP-PRP-ENF-EE04 > PP-PRP-VNT-VE14,PP > PP-PRP-LGC-PREPARACION > PP-PRP-LGC-EXPANDIDO > PP-PRP-ENF-EE04 > PP-PRP-VNT-VE14,PP > PP-PRP-LGC-PREPARACION > PP-PRP-LGC-EXPANDIDO > PP-PRP-ENF-EE04 > PP-PRP-VNT-VE14 > PP-PRP-CCL-CVE14,286288,121e7c49-6f80-4698-91bd-c7c5a38e25dd-00045e50,Roofs,,Genérico - 400 mm,Genérico - 400 mm,,PP > PP-PRP-LGC-PREPARACION > PP-PRP-LGC-EXPANDIDO,contenedor_scoring,286288,121e7c49-6f80-4698-91bd-c7c5a38e25dd-00045e50,PP > PP-PRP-LGC-PREPARACION > PP-PRP-LGC-EXPANDIDO,3,77,NO,200,0,200,ancestro_project_exacto,286288:200:PP > PP-PRP-LGC-PREPARACION > PP-PRP-LGC-EXPANDIDO,PP-PRP-LGC-EXPANDIDO,Sin match puntual; contenedor único por ancestro Project PP-PRP-LGC-EXPANDIDO.,contenedor_unico_ancestro,PP-PRP-LGC-EXPANDIDO,286288,286288,,,un_elemento_revit_para_ancestro,PP,PP-PRP-LGC-PREPARACION,PP-PRP-LGC-EXPANDIDO,,,,,,,,,,,,,,,,,,,,,,,,,,,,,,,,,,,,,,,,,,,,,,,,,,,,,,,,,,,,,,,,,,,,,,,,,,,,,
contenedor_unico,contenedor_por_ancestro_project,PP-PRP-VLV-VR14A,VALVULA ROTATIVA VR14A | Grupo: PP-VLV ROTATIVA CICLON ENF EXP,750,6,750,PP-PRP-VNT-VE14,PP-PRP-VNT-VE14,PP-PRP-LGC-PREPARACION > PP-PRP-LGC-EXPANDIDO > PP-PRP-ENF-EE04 > PP-PRP-VNT-VE14,PP > PP-PRP-LGC-PREPARACION > PP-PRP-LGC-EXPANDIDO > PP-PRP-ENF-EE04 > PP-PRP-VNT-VE14,PP > PP-PRP-LGC-PREPARACION > PP-PRP-LGC-EXPANDIDO > PP-PRP-ENF-EE04 > PP-PRP-VNT-VE14 > PP-PRP-VLV-VR14A,286288,121e7c49-6f80-4698-91bd-c7c5a38e25dd-00045e50,Roofs,,Genérico - 400 mm,Genérico - 400 mm,,PP > PP-PRP-LGC-PREPARACION > PP-PRP-LGC-EXPANDIDO,contenedor_scoring,286288,121e7c49-6f80-4698-91bd-c7c5a38e25dd-00045e50,PP > PP-PRP-LGC-PREPARACION > PP-PRP-LGC-EXPANDIDO,3,77,NO,200,0,200,ancestro_project_exacto,286288:200:PP > PP-PRP-LGC-PREPARACION > PP-PRP-LGC-EXPANDIDO,PP-PRP-LGC-EXPANDIDO,Sin match puntual; contenedor único por ancestro Project PP-PRP-LGC-EXPANDIDO.,contenedor_unico_ancestro,PP-PRP-LGC-EXPANDIDO,286288,286288,,,un_elemento_revit_para_ancestro,PP,PP-PRP-LGC-PREPARACION,PP-PRP-LGC-EXPANDIDO,,,,,,,,,,,,,,,,,,,,,,,,,,,,,,,,,,,,,,,,,,,,,,,,,,,,,,,,,,,,,,,,,,,,,,,,,,,,,
contenedor_unico,contenedor_por_ancestro_project,PP-PRP-EXP-E01,EXPANDER E01 OESTE | Grupo: PP-EXPANDER 1000,751,4,751,PP-PRP-LGC-EXPANDIDO,PP-PRP-LGC-EXPANDIDO,PP-PRP-LGC-PREPARACION > PP-PRP-LGC-EXPANDIDO,PP > PP-PRP-LGC-PREPARACION > PP-PRP-LGC-EXPANDIDO,PP > PP-PRP-LGC-PREPARACION > PP-PRP-LGC-EXPANDIDO > PP-PRP-EXP-E01,286288,121e7c49-6f80-4698-91bd-c7c5a38e25dd-00045e50,Roofs,,Genérico - 400 mm,Genérico - 400 mm,,PP > PP-PRP-LGC-PREPARACION > PP-PRP-LGC-EXPANDIDO,contenedor_scoring,286288,121e7c49-6f80-4698-91bd-c7c5a38e25dd-00045e50,PP > PP-PRP-LGC-PREPARACION > PP-PRP-LGC-EXPANDIDO,3,77,NO,200,0,200,ancestro_project_exacto,286288:200:PP > PP-PRP-LGC-PREPARACION > PP-PRP-LGC-EXPANDIDO,PP-PRP-LGC-EXPANDIDO,Sin match puntual; contenedor único por ancestro Project PP-PRP-LGC-EXPANDIDO.,contenedor_unico_ancestro,PP-PRP-LGC-EXPANDIDO,286288,286288,,,un_elemento_revit_para_ancestro,PP,PP-PRP-LGC-PREPARACION,PP-PRP-LGC-EXPANDIDO,,,,,,,,,,,,,,,,,,,,,,,,,,,,,,,,,,,,,,,,,,,,,,,,,,,,,,,,,,,,,,,,,,,,,,,,,,,,,
contenedor_unico,contenedor_por_ancestro_project,PP-PRP-ALM-EA01,PP-ALIMENTADOR EA01 | Grupo: PP-ALM EXPANDER,752,5,752,PP-PRP-EXP-E01,PP-PRP-EXP-E01,PP-PRP-LGC-PREPARACION > PP-PRP-LGC-EXPANDIDO > PP-PRP-EXP-E01,PP > PP-PRP-LGC-PREPARACION > PP-PRP-LGC-EXPANDIDO > PP-PRP-EXP-E01,PP > PP-PRP-LGC-PREPARACION > PP-PRP-LGC-EXPANDIDO > PP-PRP-EXP-E01 > PP-PRP-ALM-EA01,286288,121e7c49-6f80-4698-91bd-c7c5a38e25dd-00045e50,Roofs,,Genérico - 400 mm,Genérico - 400 mm,,PP > PP-PRP-LGC-PREPARACION > PP-PRP-LGC-EXPANDIDO,contenedor_scoring,286288,121e7c49-6f80-4698-91bd-c7c5a38e25dd-00045e50,PP > PP-PRP-LGC-PREPARACION > PP-PRP-LGC-EXPANDIDO,3,77,NO,200,0,200,ancestro_project_exacto,286288:200:PP > PP-PRP-LGC-PREPARACION > PP-PRP-LGC-EXPANDIDO,PP-PRP-LGC-EXPANDIDO,Sin match puntual; contenedor único por ancestro Project PP-PRP-LGC-EXPANDIDO.,contenedor_unico_ancestro,PP-PRP-LGC-EXPANDIDO,286288,286288,,,un_elemento_revit_para_ancestro,PP,PP-PRP-LGC-PREPARACION,PP-PRP-LGC-EXPANDIDO,,,,,,,,,,,,,,,,,,,,,,,,,,,,,,,,,,,,,,,,,,,,,,,,,,,,,,,,,,,,,,,,,,,,,,,,,,,,,
contenedor_unico,contenedor_por_ancestro_project,PP-PRP-EXP-E02,EXPANDER E02 | Grupo: PP-EXPANDER 1000,753,4,753,PP-PRP-LGC-EXPANDIDO,PP-PRP-LGC-EXPANDIDO,PP-PRP-LGC-PREPARACION > PP-PRP-LGC-EXPANDIDO,PP > PP-PRP-LGC-PREPARACION > PP-PRP-LGC-EXPANDIDO,PP > PP-PRP-LGC-PREPARACION > PP-PRP-LGC-EXPANDIDO > PP-PRP-EXP-E02,286288,121e7c49-6f80-4698-91bd-c7c5a38e25dd-00045e50,Roofs,,Genérico - 400 mm,Genérico - 400 mm,,PP > PP-PRP-LGC-PREPARACION > PP-PRP-LGC-EXPANDIDO,contenedor_scoring,286288,121e7c49-6f80-4698-91bd-c7c5a38e25dd-00045e50,PP > PP-PRP-LGC-PREPARACION > PP-PRP-LGC-EXPANDIDO,3,77,NO,200,0,200,ancestro_project_exacto,286288:200:PP > PP-PRP-LGC-PREPARACION > PP-PRP-LGC-EXPANDIDO,PP-PRP-LGC-EXPANDIDO,Sin match puntual; contenedor único por ancestro Project PP-PRP-LGC-EXPANDIDO.,contenedor_unico_ancestro,PP-PRP-LGC-EXPANDIDO,286288,286288,,,un_elemento_revit_para_ancestro,PP,PP-PRP-LGC-PREPARACION,PP-PRP-LGC-EXPANDIDO,,,,,,,,,,,,,,,,,,,,,,,,,,,,,,,,,,,,,,,,,,,,,,,,,,,,,,,,,,,,,,,,,,,,,,,,,,,,,
contenedor_unico,contenedor_por_ancestro_project,PP-PRP-ALM-EA02,PP-ALIMENTADOR EA02 | Grupo: PP-ALM EXPANDER,754,5,754,PP-PRP-EXP-E02,PP-PRP-EXP-E02,PP-PRP-LGC-PREPARACION > PP-PRP-LGC-EXPANDIDO > PP-PRP-EXP-E02,PP > PP-PRP-LGC-PREPARACION > PP-PRP-LGC-EXPANDIDO > PP-PRP-EXP-E02,PP > PP-PRP-LGC-PREPARACION > PP-PRP-LGC-EXPANDIDO > PP-PRP-EXP-E02 > PP-PRP-ALM-EA02,286288,121e7c49-6f80-4698-91bd-c7c5a38e25dd-00045e50,Roofs,,Genérico - 400 mm,Genérico - 400 mm,,PP > PP-PRP-LGC-PREPARACION > PP-PRP-LGC-EXPANDIDO,contenedor_scoring,286288,121e7c49-6f80-4698-91bd-c7c5a38e25dd-00045e50,PP > PP-PRP-LGC-PREPARACION > PP-PRP-LGC-EXPANDIDO,3,77,NO,200,0,200,ancestro_project_exacto,286288:200:PP > PP-PRP-LGC-PREPARACION > PP-PRP-LGC-EXPANDIDO,PP-PRP-LGC-EXPANDIDO,Sin match puntual; contenedor único por ancestro Project PP-PRP-LGC-EXPANDIDO.,contenedor_unico_ancestro,PP-PRP-LGC-EXPANDIDO,286288,286288,,,un_elemento_revit_para_ancestro,PP,PP-PRP-LGC-PREPARACION,PP-PRP-LGC-EXPANDIDO,,,,,,,,,,,,,,,,,,,,,,,,,,,,,,,,,,,,,,,,,,,,,,,,,,,,,,,,,,,,,,,,,,,,,,,,,,,,,
contenedor_unico,contenedor_por_ancestro_project,PP-PRP-EXP-E03,EXPANDER E03 | Grupo: PP-EXPANDER 1000,755,4,755,PP-PRP-LGC-EXPANDIDO,PP-PRP-LGC-EXPANDIDO,PP-PRP-LGC-PREPARACION > PP-PRP-LGC-EXPANDIDO,PP > PP-PRP-LGC-PREPARACION > PP-PRP-LGC-EXPANDIDO,PP > PP-PRP-LGC-PREPARACION > PP-PRP-LGC-EXPANDIDO > PP-PRP-EXP-E03,286288,121e7c49-6f80-4698-91bd-c7c5a38e25dd-00045e50,Roofs,,Genérico - 400 mm,Genérico - 400 mm,,PP > PP-PRP-LGC-PREPARACION > PP-PRP-LGC-EXPANDIDO,contenedor_scoring,286288,121e7c49-6f80-4698-91bd-c7c5a38e25dd-00045e50,PP > PP-PRP-LGC-PREPARACION > PP-PRP-LGC-EXPANDIDO,3,77,NO,200,0,200,ancestro_project_exacto,286288:200:PP > PP-PRP-LGC-PREPARACION > PP-PRP-LGC-EXPANDIDO,PP-PRP-LGC-EXPANDIDO,Sin match puntual; contenedor único por ancestro Project PP-PRP-LGC-EXPANDIDO.,contenedor_unico_ancestro,PP-PRP-LGC-EXPANDIDO,286288,286288,,,un_elemento_revit_para_ancestro,PP,PP-PRP-LGC-PREPARACION,PP-PRP-LGC-EXPANDIDO,,,,,,,,,,,,,,,,,,,,,,,,,,,,,,,,,,,,,,,,,,,,,,,,,,,,,,,,,,,,,,,,,,,,,,,,,,,,,
contenedor_unico,contenedor_por_ancestro_project,PP-PRP-ALM-EA03,PP-ALIMENTADOR EA03 | Grupo: PP-ALM EXPANDER,756,5,756,PP-PRP-EXP-E03,PP-PRP-EXP-E03,PP-PRP-LGC-PREPARACION > PP-PRP-LGC-EXPANDIDO > PP-PRP-EXP-E03,PP > PP-PRP-LGC-PREPARACION > PP-PRP-LGC-EXPANDIDO > PP-PRP-EXP-E03,PP > PP-PRP-LGC-PREPARACION > PP-PRP-LGC-EXPANDIDO > PP-PRP-EXP-E03 > PP-PRP-ALM-EA03,286288,121e7c49-6f80-4698-91bd-c7c5a38e25dd-00045e50,Roofs,,Genérico - 400 mm,Genérico - 400 mm,,PP > PP-PRP-LGC-PREPARACION > PP-PRP-LGC-EXPANDIDO,contenedor_scoring,286288,121e7c49-6f80-4698-91bd-c7c5a38e25dd-00045e50,PP > PP-PRP-LGC-PREPARACION > PP-PRP-LGC-EXPANDIDO,3,77,NO,200,0,200,ancestro_project_exacto,286288:200:PP > PP-PRP-LGC-PREPARACION > PP-PRP-LGC-EXPANDIDO,PP-PRP-LGC-EXPANDIDO,Sin match puntual; contenedor único por ancestro Project PP-PRP-LGC-EXPANDIDO.,contenedor_unico_ancestro,PP-PRP-LGC-EXPANDIDO,286288,286288,,,un_elemento_revit_para_ancestro,PP,PP-PRP-LGC-PREPARACION,PP-PRP-LGC-EXPANDIDO,,,,,,,,,,,,,,,,,,,,,,,,,,,,,,,,,,,,,,,,,,,,,,,,,,,,,,,,,,,,,,,,,,,,,,,,,,,,,
contenedor_unico,contenedor_por_ancestro_project,PP-PRP-EXP-E04,EXPANDER E04 | Grupo: PP-EXPANDER 1000,757,4,757,PP-PRP-LGC-EXPANDIDO,PP-PRP-LGC-EXPANDIDO,PP-PRP-LGC-PREPARACION > PP-PRP-LGC-EXPANDIDO,PP > PP-PRP-LGC-PREPARACION > PP-PRP-LGC-EXPANDIDO,PP > PP-PRP-LGC-PREPARACION > PP-PRP-LGC-EXPANDIDO > PP-PRP-EXP-E04,286288,121e7c49-6f80-4698-91bd-c7c5a38e25dd-00045e50,Roofs,,Genérico - 400 mm,Genérico - 400 mm,,PP > PP-PRP-LGC-PREPARACION > PP-PRP-LGC-EXPANDIDO,contenedor_scoring,286288,121e7c49-6f80-4698-91bd-c7c5a38e25dd-00045e50,PP > PP-PRP-LGC-PREPARACION > PP-PRP-LGC-EXPANDIDO,3,77,NO,200,0,200,ancestro_project_exacto,286288:200:PP > PP-PRP-LGC-PREPARACION > PP-PRP-LGC-EXPANDIDO,PP-PRP-LGC-EXPANDIDO,Sin match puntual; contenedor único por ancestro Project PP-PRP-LGC-EXPANDIDO.,contenedor_unico_ancestro,PP-PRP-LGC-EXPANDIDO,286288,286288,,,un_elemento_revit_para_ancestro,PP,PP-PRP-LGC-PREPARACION,PP-PRP-LGC-EXPANDIDO,,,,,,,,,,,,,,,,,,,,,,,,,,,,,,,,,,,,,,,,,,,,,,,,,,,,,,,,,,,,,,,,,,,,,,,,,,,,,
contenedor_unico,contenedor_por_ancestro_project,PP-PRP-ALM-EA04,PP-ALIMENTADOR EA04 | Grupo: PP-ALM EXPANDER,758,5,758,PP-PRP-EXP-E04,PP-PRP-EXP-E04,PP-PRP-LGC-PREPARACION > PP-PRP-LGC-EXPANDIDO > PP-PRP-EXP-E04,PP > PP-PRP-LGC-PREPARACION > PP-PRP-LGC-EXPANDIDO > PP-PRP-EXP-E04,PP > PP-PRP-LGC-PREPARACION > PP-PRP-LGC-EXPANDIDO > PP-PRP-EXP-E04 > PP-PRP-ALM-EA04,286288,121e7c49-6f80-4698-91bd-c7c5a38e25dd-00045e50,Roofs,,Genérico - 400 mm,Genérico - 400 mm,,PP > PP-PRP-LGC-PREPARACION > PP-PRP-LGC-EXPANDIDO,contenedor_scoring,286288,121e7c49-6f80-4698-91bd-c7c5a38e25dd-00045e50,PP > PP-PRP-LGC-PREPARACION > PP-PRP-LGC-EXPANDIDO,3,77,NO,200,0,200,ancestro_project_exacto,286288:200:PP > PP-PRP-LGC-PREPARACION > PP-PRP-LGC-EXPANDIDO,PP-PRP-LGC-EXPANDIDO,Sin match puntual; contenedor único por ancestro Project PP-PRP-LGC-EXPANDIDO.,contenedor_unico_ancestro,PP-PRP-LGC-EXPANDIDO,286288,286288,,,un_elemento_revit_para_ancestro,PP,PP-PRP-LGC-PREPARACION,PP-PRP-LGC-EXPANDIDO,,,,,,,,,,,,,,,,,,,,,,,,,,,,,,,,,,,,,,,,,,,,,,,,,,,,,,,,,,,,,,,,,,,,,,,,,,,,,
contenedor_unico,contenedor_por_ancestro_project,PP-PRP-EXP-E05,EXPANDER E05 | Grupo: PP-EXPANDER 1000,759,4,759,PP-PRP-LGC-EXPANDIDO,PP-PRP-LGC-EXPANDIDO,PP-PRP-LGC-PREPARACION > PP-PRP-LGC-EXPANDIDO,PP > PP-PRP-LGC-PREPARACION > PP-PRP-LGC-EXPANDIDO,PP > PP-PRP-LGC-PREPARACION > PP-PRP-LGC-EXPANDIDO > PP-PRP-EXP-E05,286288,121e7c49-6f80-4698-91bd-c7c5a38e25dd-00045e50,Roofs,,Genérico - 400 mm,Genérico - 400 mm,,PP > PP-PRP-LGC-PREPARACION > PP-PRP-LGC-EXPANDIDO,contenedor_scoring,286288,121e7c49-6f80-4698-91bd-c7c5a38e25dd-00045e50,PP > PP-PRP-LGC-PREPARACION > PP-PRP-LGC-EXPANDIDO,3,77,NO,200,0,200,ancestro_project_exacto,286288:200:PP > PP-PRP-LGC-PREPARACION > PP-PRP-LGC-EXPANDIDO,PP-PRP-LGC-EXPANDIDO,Sin match puntual; contenedor único por ancestro Project PP-PRP-LGC-EXPANDIDO.,contenedor_unico_ancestro,PP-PRP-LGC-EXPANDIDO,286288,286288,,,un_elemento_revit_para_ancestro,PP,PP-PRP-LGC-PREPARACION,PP-PRP-LGC-EXPANDIDO,,,,,,,,,,,,,,,,,,,,,,,,,,,,,,,,,,,,,,,,,,,,,,,,,,,,,,,,,,,,,,,,,,,,,,,,,,,,,
contenedor_unico,contenedor_por_ancestro_project,PP-PRP-ALM-EA05,PP-ALIMENTADOR EA05 | Grupo: PP-ALM EXPANDER,760,5,760,PP-PRP-EXP-E05,PP-PRP-EXP-E05,PP-PRP-LGC-PREPARACION > PP-PRP-LGC-EXPANDIDO > PP-PRP-EXP-E05,PP > PP-PRP-LGC-PREPARACION > PP-PRP-LGC-EXPANDIDO > PP-PRP-EXP-E05,PP > PP-PRP-LGC-PREPARACION > PP-PRP-LGC-EXPANDIDO > PP-PRP-EXP-E05 > PP-PRP-ALM-EA05,286288,121e7c49-6f80-4698-91bd-c7c5a38e25dd-00045e50,Roofs,,Genérico - 400 mm,Genérico - 400 mm,,PP > PP-PRP-LGC-PREPARACION > PP-PRP-LGC-EXPANDIDO,contenedor_scoring,286288,121e7c49-6f80-4698-91bd-c7c5a38e25dd-00045e50,PP > PP-PRP-LGC-PREPARACION > PP-PRP-LGC-EXPANDIDO,3,77,NO,200,0,200,ancestro_project_exacto,286288:200:PP > PP-PRP-LGC-PREPARACION > PP-PRP-LGC-EXPANDIDO,PP-PRP-LGC-EXPANDIDO,Sin match puntual; contenedor único por ancestro Project PP-PRP-LGC-EXPANDIDO.,contenedor_unico_ancestro,PP-PRP-LGC-EXPANDIDO,286288,286288,,,un_elemento_revit_para_ancestro,PP,PP-PRP-LGC-PREPARACION,PP-PRP-LGC-EXPANDIDO,,,,,,,,,,,,,,,,,,,,,,,,,,,,,,,,,,,,,,,,,,,,,,,,,,,,,,,,,,,,,,,,,,,,,,,,,,,,,
contenedor_unico,contenedor_por_ancestro_project,PP-PRP-EXP-E06,EXPANDER E06 ESTE | Grupo: PP-EXPANDER 1000,761,4,761,PP-PRP-LGC-EXPANDIDO,PP-PRP-LGC-EXPANDIDO,PP-PRP-LGC-PREPARACION > PP-PRP-LGC-EXPANDIDO,PP > PP-PRP-LGC-PREPARACION > PP-PRP-LGC-EXPANDIDO,PP > PP-PRP-LGC-PREPARACION > PP-PRP-LGC-EXPANDIDO > PP-PRP-EXP-E06,286288,121e7c49-6f80-4698-91bd-c7c5a38e25dd-00045e50,Roofs,,Genérico - 400 mm,Genérico - 400 mm,,PP > PP-PRP-LGC-PREPARACION > PP-PRP-LGC-EXPANDIDO,contenedor_scoring,286288,121e7c49-6f80-4698-91bd-c7c5a38e25dd-00045e50,PP > PP-PRP-LGC-PREPARACION > PP-PRP-LGC-EXPANDIDO,3,77,NO,200,0,200,ancestro_project_exacto,286288:200:PP > PP-PRP-LGC-PREPARACION > PP-PRP-LGC-EXPANDIDO,PP-PRP-LGC-EXPANDIDO,Sin match puntual; contenedor único por ancestro Project PP-PRP-LGC-EXPANDIDO.,contenedor_unico_ancestro,PP-PRP-LGC-EXPANDIDO,286288,286288,,,un_elemento_revit_para_ancestro,PP,PP-PRP-LGC-PREPARACION,PP-PRP-LGC-EXPANDIDO,,,,,,,,,,,,,,,,,,,,,,,,,,,,,,,,,,,,,,,,,,,,,,,,,,,,,,,,,,,,,,,,,,,,,,,,,,,,,
contenedor_unico,contenedor_por_ancestro_project,PP-PRP-ALM-EA06,PP-ALIMENTADOR EA06 | Grupo: PP-ALM EXPANDER,762,5,762,PP-PRP-EXP-E06,PP-PRP-EXP-E06,PP-PRP-LGC-PREPARACION > PP-PRP-LGC-EXPANDIDO > PP-PRP-EXP-E06,PP > PP-PRP-LGC-PREPARACION > PP-PRP-LGC-EXPANDIDO > PP-PRP-EXP-E06,PP > PP-PRP-LGC-PREPARACION > PP-PRP-LGC-EXPANDIDO > PP-PRP-EXP-E06 > PP-PRP-ALM-EA06,286288,121e7c49-6f80-4698-91bd-c7c5a38e25dd-00045e50,Roofs,,Genérico - 400 mm,Genérico - 400 mm,,PP > PP-PRP-LGC-PREPARACION > PP-PRP-LGC-EXPANDIDO,contenedor_scoring,286288,121e7c49-6f80-4698-91bd-c7c5a38e25dd-00045e50,PP > PP-PRP-LGC-PREPARACION > PP-PRP-LGC-EXPANDIDO,3,77,NO,200,0,200,ancestro_project_exacto,286288:200:PP > PP-PRP-LGC-PREPARACION > PP-PRP-LGC-EXPANDIDO,PP-PRP-LGC-EXPANDIDO,Sin match puntual; contenedor único por ancestro Project PP-PRP-LGC-EXPANDIDO.,contenedor_unico_ancestro,PP-PRP-LGC-EXPANDIDO,286288,286288,,,un_elemento_revit_para_ancestro,PP,PP-PRP-LGC-PREPARACION,PP-PRP-LGC-EXPANDIDO,,,,,,,,,,,,,,,,,,,,,,,,,,,,,,,,,,,,,,,,,,,,,,,,,,,,,,,,,,,,,,,,,,,,,,,,,,,,,
contenedor_unico,contenedor_por_ancestro_project,PP-PRP-RSC-SF05,ROSCA SF05 CONT. SF07  A R17 | Grupo: PP-RSC SF05,763,4,763,PP-PRP-LGC-EXPANDIDO,PP-PRP-LGC-EXPANDIDO,PP-PRP-LGC-PREPARACION > PP-PRP-LGC-EXPANDIDO,PP > PP-PRP-LGC-PREPARACION > PP-PRP-LGC-EXPANDIDO,PP > PP-PRP-LGC-PREPARACION > PP-PRP-LGC-EXPANDIDO > PP-PRP-RSC-SF05,286288,121e7c49-6f80-4698-91bd-c7c5a38e25dd-00045e50,Roofs,,Genérico - 400 mm,Genérico - 400 mm,,PP > PP-PRP-LGC-PREPARACION > PP-PRP-LGC-EXPANDIDO,contenedor_scoring,286288,121e7c49-6f80-4698-91bd-c7c5a38e25dd-00045e50,PP > PP-PRP-LGC-PREPARACION > PP-PRP-LGC-EXPANDIDO,3,77,NO,200,0,200,ancestro_project_exacto,286288:200:PP > PP-PRP-LGC-PREPARACION > PP-PRP-LGC-EXPANDIDO,PP-PRP-LGC-EXPANDIDO,Sin match puntual; contenedor único por ancestro Project PP-PRP-LGC-EXPANDIDO.,contenedor_unico_ancestro,PP-PRP-LGC-EXPANDIDO,286288,286288,,,un_elemento_revit_para_ancestro,PP,PP-PRP-LGC-PREPARACION,PP-PRP-LGC-EXPANDIDO,,,,,,,,,,,,,,,,,,,,,,,,,,,,,,,,,,,,,,,,,,,,,,,,,,,,,,,,,,,,,,,,,,,,,,,,,,,,,
contenedor_unico,contenedor_por_ancestro_project,PP-PRP-RSC-SF07,ROSCA SF07 BAJO CICL. ENFR. EXPANDIDOS | Grupo: PP-RSC SF07,764,4,764,PP-PRP-LGC-EXPANDIDO,PP-PRP-LGC-EXPANDIDO,PP-PRP-LGC-PREPARACION > PP-PRP-LGC-EXPANDIDO,PP > PP-PRP-LGC-PREPARACION > PP-PRP-LGC-EXPANDIDO,PP > PP-PRP-LGC-PREPARACION > PP-PRP-LGC-EXPANDIDO > PP-PRP-RSC-SF07,286288,121e7c49-6f80-4698-91bd-c7c5a38e25dd-00045e50,Roofs,,Genérico - 400 mm,Genérico - 400 mm,,PP > PP-PRP-LGC-PREPARACION > PP-PRP-LGC-EXPANDIDO,contenedor_scoring,286288,121e7c49-6f80-4698-91bd-c7c5a38e25dd-00045e50,PP > PP-PRP-LGC-PREPARACION > PP-PRP-LGC-EXPANDIDO,3,77,NO,200,0,200,ancestro_project_exacto,286288:200:PP > PP-PRP-LGC-PREPARACION > PP-PRP-LGC-EXPANDIDO,PP-PRP-LGC-EXPANDIDO,Sin match puntual; contenedor único por ancestro Project PP-PRP-LGC-EXPANDIDO.,contenedor_unico_ancestro,PP-PRP-LGC-EXPANDIDO,286288,286288,,,un_elemento_revit_para_ancestro,PP,PP-PRP-LGC-PREPARACION,PP-PRP-LGC-EXPANDIDO,,,,,,,,,,,,,,,,,,,,,,,,,,,,,,,,,,,,,,,,,,,,,,,,,,,,,,,,,,,,,,,,,,,,,,,,,,,,,
match_directo,elemento_puntual,PP-PRP-LGC-LAMINADORES,SECTOR LAMINADORES PTA PTO | Grupo: PP-SECTOR LAMINADORES,765,3,765,PP-PRP-LGC-PREPARACION,PP-PRP-LGC-PREPARACION,PP-PRP-LGC-PREPARACION,PP > PP-PRP-LGC-PREPARACION,PP > PP-PRP-LGC-PREPARACION > PP-PRP-LGC-LAMINADORES,286415,121e7c49-6f80-4698-91bd-c7c5a38e25dd-00045ecf,Roofs,,Genérico - 400 mm,Genérico - 400 mm,,PP > PP-PRP-LGC-PREPARACION > PP-PRP-LGC-LAMINADORES,btz_description_03,,,,,,,,,,,,,Coincidencia exacta única con elemento Revit.,match_directo,,,,,,match_puntual_unico,PP,PP-PRP-LGC-PREPARACION,PP-PRP-LGC-LAMINADORES,,,,,,,,,,,,,,,,,,,,,,,,,,,,,,,,,,,,,,,,,,,,,,,,,,,,,,,,,,,,,,,,,,,,,,,,,,,,,
contenedor_unico,contenedor_por_ancestro_project,PP-PRP-LMN-LP01,LAMINADOR LP01 | Grupo: PP-LAMINADOR BUHLER,766,4,766,PP-PRP-LGC-LAMINADORES,PP-PRP-LGC-LAMINADORES,PP-PRP-LGC-PREPARACION > PP-PRP-LGC-LAMINADORES,PP > PP-PRP-LGC-PREPARACION > PP-PRP-LGC-LAMINADORES,PP > PP-PRP-LGC-PREPARACION > PP-PRP-LGC-LAMINADORES > PP-PRP-LMN-LP01,286415,121e7c49-6f80-4698-91bd-c7c5a38e25dd-00045ecf,Roofs,,Genérico - 400 mm,Genérico - 400 mm,,PP > PP-PRP-LGC-PREPARACION > PP-PRP-LGC-LAMINADORES,contenedor_scoring,286415,121e7c49-6f80-4698-91bd-c7c5a38e25dd-00045ecf,PP > PP-PRP-LGC-PREPARACION > PP-PRP-LGC-LAMINADORES,3,77,NO,200,0,200,ancestro_project_exacto,286415:200:PP > PP-PRP-LGC-PREPARACION > PP-PRP-LGC-LAMINADORES,PP-PRP-LGC-LAMINADORES,Sin match puntual; contenedor único por ancestro Project PP-PRP-LGC-LAMINADORES.,contenedor_unico_ancestro,PP-PRP-LGC-LAMINADORES,286415,286415,,,un_elemento_revit_para_ancestro,PP,PP-PRP-LGC-PREPARACION,PP-PRP-LGC-LAMINADORES,,,,,,,,,,,,,,,,,,,,,,,,,,,,,,,,,,,,,,,,,,,,,,,,,,,,,,,,,,,,,,,,,,,,,,,,,,,,,
contenedor_unico,contenedor_por_ancestro_project,PP-PRP-ALM-LA01,PP-ALIMENTADOR LA01 | Grupo: PP-ALM LAMINADOR,767,5,767,PP-PRP-LMN-LP01,PP-PRP-LMN-LP01,PP-PRP-LGC-PREPARACION > PP-PRP-LGC-LAMINADORES > PP-PRP-LMN-LP01,PP > PP-PRP-LGC-PREPARACION > PP-PRP-LGC-LAMINADORES > PP-PRP-LMN-LP01,PP > PP-PRP-LGC-PREPARACION > PP-PRP-LGC-LAMINADORES > PP-PRP-LMN-LP01 > PP-PRP-ALM-LA01,286415,121e7c49-6f80-4698-91bd-c7c5a38e25dd-00045ecf,Roofs,,Genérico - 400 mm,Genérico - 400 mm,,PP > PP-PRP-LGC-PREPARACION > PP-PRP-LGC-LAMINADORES,contenedor_scoring,286415,121e7c49-6f80-4698-91bd-c7c5a38e25dd-00045ecf,PP > PP-PRP-LGC-PREPARACION > PP-PRP-LGC-LAMINADORES,3,77,NO,200,0,200,ancestro_project_exacto,286415:200:PP > PP-PRP-LGC-PREPARACION > PP-PRP-LGC-LAMINADORES,PP-PRP-LGC-LAMINADORES,Sin match puntual; contenedor único por ancestro Project PP-PRP-LGC-LAMINADORES.,contenedor_unico_ancestro,PP-PRP-LGC-LAMINADORES,286415,286415,,,un_elemento_revit_para_ancestro,PP,PP-PRP-LGC-PREPARACION,PP-PRP-LGC-LAMINADORES,,,,,,,,,,,,,,,,,,,,,,,,,,,,,,,,,,,,,,,,,,,,,,,,,,,,,,,,,,,,,,,,,,,,,,,,,,,,,
contenedor_unico,contenedor_por_ancestro_project,PP-PRP-LMN-LP02,LAMINADOR LP02 | Grupo: PP-LAMINADOR BUHLER,768,4,768,PP-PRP-LGC-LAMINADORES,PP-PRP-LGC-LAMINADORES,PP-PRP-LGC-PREPARACION > PP-PRP-LGC-LAMINADORES,PP > PP-PRP-LGC-PREPARACION > PP-PRP-LGC-LAMINADORES,PP > PP-PRP-LGC-PREPARACION > PP-PRP-LGC-LAMINADORES > PP-PRP-LMN-LP02,286415,121e7c49-6f80-4698-91bd-c7c5a38e25dd-00045ecf,Roofs,,Genérico - 400 mm,Genérico - 400 mm,,PP > PP-PRP-LGC-PREPARACION > PP-PRP-LGC-LAMINADORES,contenedor_scoring,286415,121e7c49-6f80-4698-91bd-c7c5a38e25dd-00045ecf,PP > PP-PRP-LGC-PREPARACION > PP-PRP-LGC-LAMINADORES,3,77,NO,200,0,200,ancestro_project_exacto,286415:200:PP > PP-PRP-LGC-PREPARACION > PP-PRP-LGC-LAMINADORES,PP-PRP-LGC-LAMINADORES,Sin match puntual; contenedor único por ancestro Project PP-PRP-LGC-LAMINADORES.,contenedor_unico_ancestro,PP-PRP-LGC-LAMINADORES,286415,286415,,,un_elemento_revit_para_ancestro,PP,PP-PRP-LGC-PREPARACION,PP-PRP-LGC-LAMINADORES,,,,,,,,,,,,,,,,,,,,,,,,,,,,,,,,,,,,,,,,,,,,,,,,,,,,,,,,,,,,,,,,,,,,,,,,,,,,,
contenedor_unico,contenedor_por_ancestro_project,PP-PRP-ALM-LA02,PP-ALIMENTADOR LA02 | Grupo: PP-ALM LAMINADOR,769,5,769,PP-PRP-LMN-LP02,PP-PRP-LMN-LP02,PP-PRP-LGC-PREPARACION > PP-PRP-LGC-LAMINADORES > PP-PRP-LMN-LP02,PP > PP-PRP-LGC-PREPARACION > PP-PRP-LGC-LAMINADORES > PP-PRP-LMN-LP02,PP > PP-PRP-LGC-PREPARACION > PP-PRP-LGC-LAMINADORES > PP-PRP-LMN-LP02 > PP-PRP-ALM-LA02,286415,121e7c49-6f80-4698-91bd-c7c5a38e25dd-00045ecf,Roofs,,Genérico - 400 mm,Genérico - 400 mm,,PP > PP-PRP-LGC-PREPARACION > PP-PRP-LGC-LAMINADORES,contenedor_scoring,286415,121e7c49-6f80-4698-91bd-c7c5a38e25dd-00045ecf,PP > PP-PRP-LGC-PREPARACION > PP-PRP-LGC-LAMINADORES,3,77,NO,200,0,200,ancestro_project_exacto,286415:200:PP > PP-PRP-LGC-PREPARACION > PP-PRP-LGC-LAMINADORES,PP-PRP-LGC-LAMINADORES,Sin match puntual; contenedor único por ancestro Project PP-PRP-LGC-LAMINADORES.,contenedor_unico_ancestro,PP-PRP-LGC-LAMINADORES,286415,286415,,,un_elemento_revit_para_ancestro,PP,PP-PRP-LGC-PREPARACION,PP-PRP-LGC-LAMINADORES,,,,,,,,,,,,,,,,,,,,,,,,,,,,,,,,,,,,,,,,,,,,,,,,,,,,,,,,,,,,,,,,,,,,,,,,,,,,,
contenedor_unico,contenedor_por_ancestro_project,PP-PRP-LMN-LP03,LAMINADOR LP03 | Grupo: PP-LAMINADOR BUHLER,770,4,770,PP-PRP-LGC-LAMINADORES,PP-PRP-LGC-LAMINADORES,PP-PRP-LGC-PREPARACION > PP-PRP-LGC-LAMINADORES,PP > PP-PRP-LGC-PREPARACION > PP-PRP-LGC-LAMINADORES,PP > PP-PRP-LGC-PREPARACION > PP-PRP-LGC-LAMINADORES > PP-PRP-LMN-LP03,286415,121e7c49-6f80-4698-91bd-c7c5a38e25dd-00045ecf,Roofs,,Genérico - 400 mm,Genérico - 400 mm,,PP > PP-PRP-LGC-PREPARACION > PP-PRP-LGC-LAMINADORES,contenedor_scoring,286415,121e7c49-6f80-4698-91bd-c7c5a38e25dd-00045ecf,PP > PP-PRP-LGC-PREPARACION > PP-PRP-LGC-LAMINADORES,3,77,NO,200,0,200,ancestro_project_exacto,286415:200:PP > PP-PRP-LGC-PREPARACION > PP-PRP-LGC-LAMINADORES,PP-PRP-LGC-LAMINADORES,Sin match puntual; contenedor único por ancestro Project PP-PRP-LGC-LAMINADORES.,contenedor_unico_ancestro,PP-PRP-LGC-LAMINADORES,286415,286415,,,un_elemento_revit_para_ancestro,PP,PP-PRP-LGC-PREPARACION,PP-PRP-LGC-LAMINADORES,,,,,,,,,,,,,,,,,,,,,,,,,,,,,,,,,,,,,,,,,,,,,,,,,,,,,,,,,,,,,,,,,,,,,,,,,,,,,
contenedor_unico,contenedor_por_ancestro_project,PP-PRP-ALM-LA03,PP-ALIMENTADOR LA03 | Grupo: PP-ALM LAMINADOR,771,5,771,PP-PRP-LMN-LP03,PP-PRP-LMN-LP03,PP-PRP-LGC-PREPARACION > PP-PRP-LGC-LAMINADORES > PP-PRP-LMN-LP03,PP > PP-PRP-LGC-PREPARACION > PP-PRP-LGC-LAMINADORES > PP-PRP-LMN-LP03,PP > PP-PRP-LGC-PREPARACION > PP-PRP-LGC-LAMINADORES > PP-PRP-LMN-LP03 > PP-PRP-ALM-LA03,286415,121e7c49-6f80-4698-91bd-c7c5a38e25dd-00045ecf,Roofs,,Genérico - 400 mm,Genérico - 400 mm,,PP > PP-PRP-LGC-PREPARACION > PP-PRP-LGC-LAMINADORES,contenedor_scoring,286415,121e7c49-6f80-4698-91bd-c7c5a38e25dd-00045ecf,PP > PP-PRP-LGC-PREPARACION > PP-PRP-LGC-LAMINADORES,3,77,NO,200,0,200,ancestro_project_exacto,286415:200:PP > PP-PRP-LGC-PREPARACION > PP-PRP-LGC-LAMINADORES,PP-PRP-LGC-LAMINADORES,Sin match puntual; contenedor único por ancestro Project PP-PRP-LGC-LAMINADORES.,contenedor_unico_ancestro,PP-PRP-LGC-LAMINADORES,286415,286415,,,un_elemento_revit_para_ancestro,PP,PP-PRP-LGC-PREPARACION,PP-PRP-LGC-LAMINADORES,,,,,,,,,,,,,,,,,,,,,,,,,,,,,,,,,,,,,,,,,,,,,,,,,,,,,,,,,,,,,,,,,,,,,,,,,,,,,
contenedor_unico,contenedor_por_ancestro_project,PP-PRP-LMN-LP04,LAMINADOR LP04 | Grupo: PP-LAMINADOR BUHLER,772,4,772,PP-PRP-LGC-LAMINADORES,PP-PRP-LGC-LAMINADORES,PP-PRP-LGC-PREPARACION > PP-PRP-LGC-LAMINADORES,PP > PP-PRP-LGC-PREPARACION > PP-PRP-LGC-LAMINADORES,PP > PP-PRP-LGC-PREPARACION > PP-PRP-LGC-LAMINADORES > PP-PRP-LMN-LP04,286415,121e7c49-6f80-4698-91bd-c7c5a38e25dd-00045ecf,Roofs,,Genérico - 400 mm,Genérico - 400 mm,,PP > PP-PRP-LGC-PREPARACION > PP-PRP-LGC-LAMINADORES,contenedor_scoring,286415,121e7c49-6f80-4698-91bd-c7c5a38e25dd-00045ecf,PP > PP-PRP-LGC-PREPARACION > PP-PRP-LGC-LAMINADORES,3,77,NO,200,0,200,ancestro_project_exacto,286415:200:PP > PP-PRP-LGC-PREPARACION > PP-PRP-LGC-LAMINADORES,PP-PRP-LGC-LAMINADORES,Sin match puntual; contenedor único por ancestro Project PP-PRP-LGC-LAMINADORES.,contenedor_unico_ancestro,PP-PRP-LGC-LAMINADORES,286415,286415,,,un_elemento_revit_para_ancestro,PP,PP-PRP-LGC-PREPARACION,PP-PRP-LGC-LAMINADORES,,,,,,,,,,,,,,,,,,,,,,,,,,,,,,,,,,,,,,,,,,,,,,,,,,,,,,,,,,,,,,,,,,,,,,,,,,,,,
contenedor_unico,contenedor_por_ancestro_project,PP-PRP-ALM-LA04,PP-ALIMENTADOR LA04 | Grupo: PP-ALM LAMINADOR,773,5,773,PP-PRP-LMN-LP04,PP-PRP-LMN-LP04,PP-PRP-LGC-PREPARACION > PP-PRP-LGC-LAMINADORES > PP-PRP-LMN-LP04,PP > PP-PRP-LGC-PREPARACION > PP-PRP-LGC-LAMINADORES > PP-PRP-LMN-LP04,PP > PP-PRP-LGC-PREPARACION > PP-PRP-LGC-LAMINADORES > PP-PRP-LMN-LP04 > PP-PRP-ALM-LA04,286415,121e7c49-6f80-4698-91bd-c7c5a38e25dd-00045ecf,Roofs,,Genérico - 400 mm,Genérico - 400 mm,,PP > PP-PRP-LGC-PREPARACION > PP-PRP-LGC-LAMINADORES,contenedor_scoring,286415,121e7c49-6f80-4698-91bd-c7c5a38e25dd-00045ecf,PP > PP-PRP-LGC-PREPARACION > PP-PRP-LGC-LAMINADORES,3,77,NO,200,0,200,ancestro_project_exacto,286415:200:PP > PP-PRP-LGC-PREPARACION > PP-PRP-LGC-LAMINADORES,PP-PRP-LGC-LAMINADORES,Sin match puntual; contenedor único por ancestro Project PP-PRP-LGC-LAMINADORES.,contenedor_unico_ancestro,PP-PRP-LGC-LAMINADORES,286415,286415,,,un_elemento_revit_para_ancestro,PP,PP-PRP-LGC-PREPARACION,PP-PRP-LGC-LAMINADORES,,,,,,,,,,,,,,,,,,,,,,,,,,,,,,,,,,,,,,,,,,,,,,,,,,,,,,,,,,,,,,,,,,,,,,,,,,,,,
contenedor_unico,contenedor_por_ancestro_project,PP-PRP-LMN-LP05,LAMINADOR LP05 | Grupo: PP-LAMINADOR BUHLER,774,4,774,PP-PRP-LGC-LAMINADORES,PP-PRP-LGC-LAMINADORES,PP-PRP-LGC-PREPARACION > PP-PRP-LGC-LAMINADORES,PP > PP-PRP-LGC-PREPARACION > PP-PRP-LGC-LAMINADORES,PP > PP-PRP-LGC-PREPARACION > PP-PRP-LGC-LAMINADORES > PP-PRP-LMN-LP05,286415,121e7c49-6f80-4698-91bd-c7c5a38e25dd-00045ecf,Roofs,,Genérico - 400 mm,Genérico - 400 mm,,PP > PP-PRP-LGC-PREPARACION > PP-PRP-LGC-LAMINADORES,contenedor_scoring,286415,121e7c49-6f80-4698-91bd-c7c5a38e25dd-00045ecf,PP > PP-PRP-LGC-PREPARACION > PP-PRP-LGC-LAMINADORES,3,77,NO,200,0,200,ancestro_project_exacto,286415:200:PP > PP-PRP-LGC-PREPARACION > PP-PRP-LGC-LAMINADORES,PP-PRP-LGC-LAMINADORES,Sin match puntual; contenedor único por ancestro Project PP-PRP-LGC-LAMINADORES.,contenedor_unico_ancestro,PP-PRP-LGC-LAMINADORES,286415,286415,,,un_elemento_revit_para_ancestro,PP,PP-PRP-LGC-PREPARACION,PP-PRP-LGC-LAMINADORES,,,,,,,,,,,,,,,,,,,,,,,,,,,,,,,,,,,,,,,,,,,,,,,,,,,,,,,,,,,,,,,,,,,,,,,,,,,,,
contenedor_unico,contenedor_por_ancestro_project,PP-PRP-ALM-LA05,PP-ALIMENTADOR LA05 | Grupo: PP-ALM LAMINADOR,775,5,775,PP-PRP-LMN-LP05,PP-PRP-LMN-LP05,PP-PRP-LGC-PREPARACION > PP-PRP-LGC-LAMINADORES > PP-PRP-LMN-LP05,PP > PP-PRP-LGC-PREPARACION > PP-PRP-LGC-LAMINADORES > PP-PRP-LMN-LP05,PP > PP-PRP-LGC-PREPARACION > PP-PRP-LGC-LAMINADORES > PP-PRP-LMN-LP05 > PP-PRP-ALM-LA05,286415,121e7c49-6f80-4698-91bd-c7c5a38e25dd-00045ecf,Roofs,,Genérico - 400 mm,Genérico - 400 mm,,PP > PP-PRP-LGC-PREPARACION > PP-PRP-LGC-LAMINADORES,contenedor_scoring,286415,121e7c49-6f80-4698-91bd-c7c5a38e25dd-00045ecf,PP > PP-PRP-LGC-PREPARACION > PP-PRP-LGC-LAMINADORES,3,77,NO,200,0,200,ancestro_project_exacto,286415:200:PP > PP-PRP-LGC-PREPARACION > PP-PRP-LGC-LAMINADORES,PP-PRP-LGC-LAMINADORES,Sin match puntual; contenedor único por ancestro Project PP-PRP-LGC-LAMINADORES.,contenedor_unico_ancestro,PP-PRP-LGC-LAMINADORES,286415,286415,,,un_elemento_revit_para_ancestro,PP,PP-PRP-LGC-PREPARACION,PP-PRP-LGC-LAMINADORES,,,,,,,,,,,,,,,,,,,,,,,,,,,,,,,,,,,,,,,,,,,,,,,,,,,,,,,,,,,,,,,,,,,,,,,,,,,,,
contenedor_unico,contenedor_por_ancestro_project,PP-PRP-LMN-LP06,LAMINADOR LP06 | Grupo: PP-LAMINADOR BUHLER,776,4,776,PP-PRP-LGC-LAMINADORES,PP-PRP-LGC-LAMINADORES,PP-PRP-LGC-PREPARACION > PP-PRP-LGC-LAMINADORES,PP > PP-PRP-LGC-PREPARACION > PP-PRP-LGC-LAMINADORES,PP > PP-PRP-LGC-PREPARACION > PP-PRP-LGC-LAMINADORES > PP-PRP-LMN-LP06,286415,121e7c49-6f80-4698-91bd-c7c5a38e25dd-00045ecf,Roofs,,Genérico - 400 mm,Genérico - 400 mm,,PP > PP-PRP-LGC-PREPARACION > PP-PRP-LGC-LAMINADORES,contenedor_scoring,286415,121e7c49-6f80-4698-91bd-c7c5a38e25dd-00045ecf,PP > PP-PRP-LGC-PREPARACION > PP-PRP-LGC-LAMINADORES,3,77,NO,200,0,200,ancestro_project_exacto,286415:200:PP > PP-PRP-LGC-PREPARACION > PP-PRP-LGC-LAMINADORES,PP-PRP-LGC-LAMINADORES,Sin match puntual; contenedor único por ancestro Project PP-PRP-LGC-LAMINADORES.,contenedor_unico_ancestro,PP-PRP-LGC-LAMINADORES,286415,286415,,,un_elemento_revit_para_ancestro,PP,PP-PRP-LGC-PREPARACION,PP-PRP-LGC-LAMINADORES,,,,,,,,,,,,,,,,,,,,,,,,,,,,,,,,,,,,,,,,,,,,,,,,,,,,,,,,,,,,,,,,,,,,,,,,,,,,,
contenedor_unico,contenedor_por_ancestro_project,PP-PRP-ALM-LA06,PP-ALIMENTADOR LA06 | Grupo: PP-ALM LAMINADOR,777,5,777,PP-PRP-LMN-LP06,PP-PRP-LMN-LP06,PP-PRP-LGC-PREPARACION > PP-PRP-LGC-LAMINADORES > PP-PRP-LMN-LP06,PP > PP-PRP-LGC-PREPARACION > PP-PRP-LGC-LAMINADORES > PP-PRP-LMN-LP06,PP > PP-PRP-LGC-PREPARACION > PP-PRP-LGC-LAMINADORES > PP-PRP-LMN-LP06 > PP-PRP-ALM-LA06,286415,121e7c49-6f80-4698-91bd-c7c5a38e25dd-00045ecf,Roofs,,Genérico - 400 mm,Genérico - 400 mm,,PP > PP-PRP-LGC-PREPARACION > PP-PRP-LGC-LAMINADORES,contenedor_scoring,286415,121e7c49-6f80-4698-91bd-c7c5a38e25dd-00045ecf,PP > PP-PRP-LGC-PREPARACION > PP-PRP-LGC-LAMINADORES,3,77,NO,200,0,200,ancestro_project_exacto,286415:200:PP > PP-PRP-LGC-PREPARACION > PP-PRP-LGC-LAMINADORES,PP-PRP-LGC-LAMINADORES,Sin match puntual; contenedor único por ancestro Project PP-PRP-LGC-LAMINADORES.,contenedor_unico_ancestro,PP-PRP-LGC-LAMINADORES,286415,286415,,,un_elemento_revit_para_ancestro,PP,PP-PRP-LGC-PREPARACION,PP-PRP-LGC-LAMINADORES,,,,,,,,,,,,,,,,,,,,,,,,,,,,,,,,,,,,,,,,,,,,,,,,,,,,,,,,,,,,,,,,,,,,,,,,,,,,,
contenedor_unico,contenedor_por_ancestro_project,PP-PRP-LMN-LP07,LAMINADOR LP07 | Grupo: PP-LAMINADOR BUHLER,778,4,778,PP-PRP-LGC-LAMINADORES,PP-PRP-LGC-LAMINADORES,PP-PRP-LGC-PREPARACION > PP-PRP-LGC-LAMINADORES,PP > PP-PRP-LGC-PREPARACION > PP-PRP-LGC-LAMINADORES,PP > PP-PRP-LGC-PREPARACION > PP-PRP-LGC-LAMINADORES > PP-PRP-LMN-LP07,286415,121e7c49-6f80-4698-91bd-c7c5a38e25dd-00045ecf,Roofs,,Genérico - 400 mm,Genérico - 400 mm,,PP > PP-PRP-LGC-PREPARACION > PP-PRP-LGC-LAMINADORES,contenedor_scoring,286415,121e7c49-6f80-4698-91bd-c7c5a38e25dd-00045ecf,PP > PP-PRP-LGC-PREPARACION > PP-PRP-LGC-LAMINADORES,3,77,NO,200,0,200,ancestro_project_exacto,286415:200:PP > PP-PRP-LGC-PREPARACION > PP-PRP-LGC-LAMINADORES,PP-PRP-LGC-LAMINADORES,Sin match puntual; contenedor único por ancestro Project PP-PRP-LGC-LAMINADORES.,contenedor_unico_ancestro,PP-PRP-LGC-LAMINADORES,286415,286415,,,un_elemento_revit_para_ancestro,PP,PP-PRP-LGC-PREPARACION,PP-PRP-LGC-LAMINADORES,,,,,,,,,,,,,,,,,,,,,,,,,,,,,,,,,,,,,,,,,,,,,,,,,,,,,,,,,,,,,,,,,,,,,,,,,,,,,
contenedor_unico,contenedor_por_ancestro_project,PP-PRP-ALM-LA07,PP-ALIMENTADOR LA07 | Grupo: PP-ALM LAMINADOR,779,5,779,PP-PRP-LMN-LP07,PP-PRP-LMN-LP07,PP-PRP-LGC-PREPARACION > PP-PRP-LGC-LAMINADORES > PP-PRP-LMN-LP07,PP > PP-PRP-LGC-PREPARACION > PP-PRP-LGC-LAMINADORES > PP-PRP-LMN-LP07,PP > PP-PRP-LGC-PREPARACION > PP-PRP-LGC-LAMINADORES > PP-PRP-LMN-LP07 > PP-PRP-ALM-LA07,286415,121e7c49-6f80-4698-91bd-c7c5a38e25dd-00045ecf,Roofs,,Genérico - 400 mm,Genérico - 400 mm,,PP > PP-PRP-LGC-PREPARACION > PP-PRP-LGC-LAMINADORES,contenedor_scoring,286415,121e7c49-6f80-4698-91bd-c7c5a38e25dd-00045ecf,PP > PP-PRP-LGC-PREPARACION > PP-PRP-LGC-LAMINADORES,3,77,NO,200,0,200,ancestro_project_exacto,286415:200:PP > PP-PRP-LGC-PREPARACION > PP-PRP-LGC-LAMINADORES,PP-PRP-LGC-LAMINADORES,Sin match puntual; contenedor único por ancestro Project PP-PRP-LGC-LAMINADORES.,contenedor_unico_ancestro,PP-PRP-LGC-LAMINADORES,286415,286415,,,un_elemento_revit_para_ancestro,PP,PP-PRP-LGC-PREPARACION,PP-PRP-LGC-LAMINADORES,,,,,,,,,,,,,,,,,,,,,,,,,,,,,,,,,,,,,,,,,,,,,,,,,,,,,,,,,,,,,,,,,,,,,,,,,,,,,
contenedor_unico,contenedor_por_ancestro_project,PP-PRP-LMN-LP08,LAMINADOR LP08 | Grupo: PP-LAMINADOR BUHLER,780,4,780,PP-PRP-LGC-LAMINADORES,PP-PRP-LGC-LAMINADORES,PP-PRP-LGC-PREPARACION > PP-PRP-LGC-LAMINADORES,PP > PP-PRP-LGC-PREPARACION > PP-PRP-LGC-LAMINADORES,PP > PP-PRP-LGC-PREPARACION > PP-PRP-LGC-LAMINADORES > PP-PRP-LMN-LP08,286415,121e7c49-6f80-4698-91bd-c7c5a38e25dd-00045ecf,Roofs,,Genérico - 400 mm,Genérico - 400 mm,,PP > PP-PRP-LGC-PREPARACION > PP-PRP-LGC-LAMINADORES,contenedor_scoring,286415,121e7c49-6f80-4698-91bd-c7c5a38e25dd-00045ecf,PP > PP-PRP-LGC-PREPARACION > PP-PRP-LGC-LAMINADORES,3,77,NO,200,0,200,ancestro_project_exacto,286415:200:PP > PP-PRP-LGC-PREPARACION > PP-PRP-LGC-LAMINADORES,PP-PRP-LGC-LAMINADORES,Sin match puntual; contenedor único por ancestro Project PP-PRP-LGC-LAMINADORES.,contenedor_unico_ancestro,PP-PRP-LGC-LAMINADORES,286415,286415,,,un_elemento_revit_para_ancestro,PP,PP-PRP-LGC-PREPARACION,PP-PRP-LGC-LAMINADORES,,,,,,,,,,,,,,,,,,,,,,,,,,,,,,,,,,,,,,,,,,,,,,,,,,,,,,,,,,,,,,,,,,,,,,,,,,,,,
contenedor_unico,contenedor_por_ancestro_project,PP-PRP-ALM-LA08,PP-ALIMENTADOR LA08 | Grupo: PP-ALM LAMINADOR,781,5,781,PP-PRP-LMN-LP08,PP-PRP-LMN-LP08,PP-PRP-LGC-PREPARACION > PP-PRP-LGC-LAMINADORES > PP-PRP-LMN-LP08,PP > PP-PRP-LGC-PREPARACION > PP-PRP-LGC-LAMINADORES > PP-PRP-LMN-LP08,PP > PP-PRP-LGC-PREPARACION > PP-PRP-LGC-LAMINADORES > PP-PRP-LMN-LP08 > PP-PRP-ALM-LA08,286415,121e7c49-6f80-4698-91bd-c7c5a38e25dd-00045ecf,Roofs,,Genérico - 400 mm,Genérico - 400 mm,,PP > PP-PRP-LGC-PREPARACION > PP-PRP-LGC-LAMINADORES,contenedor_scoring,286415,121e7c49-6f80-4698-91bd-c7c5a38e25dd-00045ecf,PP > PP-PRP-LGC-PREPARACION > PP-PRP-LGC-LAMINADORES,3,77,NO,200,0,200,ancestro_project_exacto,286415:200:PP > PP-PRP-LGC-PREPARACION > PP-PRP-LGC-LAMINADORES,PP-PRP-LGC-LAMINADORES,Sin match puntual; contenedor único por ancestro Project PP-PRP-LGC-LAMINADORES.,contenedor_unico_ancestro,PP-PRP-LGC-LAMINADORES,286415,286415,,,un_elemento_revit_para_ancestro,PP,PP-PRP-LGC-PREPARACION,PP-PRP-LGC-LAMINADORES,,,,,,,,,,,,,,,,,,,,,,,,,,,,,,,,,,,,,,,,,,,,,,,,,,,,,,,,,,,,,,,,,,,,,,,,,,,,,
contenedor_unico,contenedor_por_ancestro_project,PP-PRP-LMN-LP09,LAMINADOR LP09 | Grupo: PP-LAMINADOR BUHLER,782,4,782,PP-PRP-LGC-LAMINADORES,PP-PRP-LGC-LAMINADORES,PP-PRP-LGC-PREPARACION > PP-PRP-LGC-LAMINADORES,PP > PP-PRP-LGC-PREPARACION > PP-PRP-LGC-LAMINADORES,PP > PP-PRP-LGC-PREPARACION > PP-PRP-LGC-LAMINADORES > PP-PRP-LMN-LP09,286415,121e7c49-6f80-4698-91bd-c7c5a38e25dd-00045ecf,Roofs,,Genérico - 400 mm,Genérico - 400 mm,,PP > PP-PRP-LGC-PREPARACION > PP-PRP-LGC-LAMINADORES,contenedor_scoring,286415,121e7c49-6f80-4698-91bd-c7c5a38e25dd-00045ecf,PP > PP-PRP-LGC-PREPARACION > PP-PRP-LGC-LAMINADORES,3,77,NO,200,0,200,ancestro_project_exacto,286415:200:PP > PP-PRP-LGC-PREPARACION > PP-PRP-LGC-LAMINADORES,PP-PRP-LGC-LAMINADORES,Sin match puntual; contenedor único por ancestro Project PP-PRP-LGC-LAMINADORES.,contenedor_unico_ancestro,PP-PRP-LGC-LAMINADORES,286415,286415,,,un_elemento_revit_para_ancestro,PP,PP-PRP-LGC-PREPARACION,PP-PRP-LGC-LAMINADORES,,,,,,,,,,,,,,,,,,,,,,,,,,,,,,,,,,,,,,,,,,,,,,,,,,,,,,,,,,,,,,,,,,,,,,,,,,,,,
contenedor_unico,contenedor_por_ancestro_project,PP-PRP-ALM-LA09,PP-ALIMENTADOR LA09 | Grupo: PP-ALM LAMINADOR,783,5,783,PP-PRP-LMN-LP09,PP-PRP-LMN-LP09,PP-PRP-LGC-PREPARACION > PP-PRP-LGC-LAMINADORES > PP-PRP-LMN-LP09,PP > PP-PRP-LGC-PREPARACION > PP-PRP-LGC-LAMINADORES > PP-PRP-LMN-LP09,PP > PP-PRP-LGC-PREPARACION > PP-PRP-LGC-LAMINADORES > PP-PRP-LMN-LP09 > PP-PRP-ALM-LA09,286415,121e7c49-6f80-4698-91bd-c7c5a38e25dd-00045ecf,Roofs,,Genérico - 400 mm,Genérico - 400 mm,,PP > PP-PRP-LGC-PREPARACION > PP-PRP-LGC-LAMINADORES,contenedor_scoring,286415,121e7c49-6f80-4698-91bd-c7c5a38e25dd-00045ecf,PP > PP-PRP-LGC-PREPARACION > PP-PRP-LGC-LAMINADORES,3,77,NO,200,0,200,ancestro_project_exacto,286415:200:PP > PP-PRP-LGC-PREPARACION > PP-PRP-LGC-LAMINADORES,PP-PRP-LGC-LAMINADORES,Sin match puntual; contenedor único por ancestro Project PP-PRP-LGC-LAMINADORES.,contenedor_unico_ancestro,PP-PRP-LGC-LAMINADORES,286415,286415,,,un_elemento_revit_para_ancestro,PP,PP-PRP-LGC-PREPARACION,PP-PRP-LGC-LAMINADORES,,,,,,,,,,,,,,,,,,,,,,,,,,,,,,,,,,,,,,,,,,,,,,,,,,,,,,,,,,,,,,,,,,,,,,,,,,,,,
contenedor_unico,contenedor_por_ancestro_project,PP-PRP-LMN-LP10,LAMINADOR LP10 | Grupo: PP-LAMINADOR BUHLER,784,4,784,PP-PRP-LGC-LAMINADORES,PP-PRP-LGC-LAMINADORES,PP-PRP-LGC-PREPARACION > PP-PRP-LGC-LAMINADORES,PP > PP-PRP-LGC-PREPARACION > PP-PRP-LGC-LAMINADORES,PP > PP-PRP-LGC-PREPARACION > PP-PRP-LGC-LAMINADORES > PP-PRP-LMN-LP10,286415,121e7c49-6f80-4698-91bd-c7c5a38e25dd-00045ecf,Roofs,,Genérico - 400 mm,Genérico - 400 mm,,PP > PP-PRP-LGC-PREPARACION > PP-PRP-LGC-LAMINADORES,contenedor_scoring,286415,121e7c49-6f80-4698-91bd-c7c5a38e25dd-00045ecf,PP > PP-PRP-LGC-PREPARACION > PP-PRP-LGC-LAMINADORES,3,77,NO,200,0,200,ancestro_project_exacto,286415:200:PP > PP-PRP-LGC-PREPARACION > PP-PRP-LGC-LAMINADORES,PP-PRP-LGC-LAMINADORES,Sin match puntual; contenedor único por ancestro Project PP-PRP-LGC-LAMINADORES.,contenedor_unico_ancestro,PP-PRP-LGC-LAMINADORES,286415,286415,,,un_elemento_revit_para_ancestro,PP,PP-PRP-LGC-PREPARACION,PP-PRP-LGC-LAMINADORES,,,,,,,,,,,,,,,,,,,,,,,,,,,,,,,,,,,,,,,,,,,,,,,,,,,,,,,,,,,,,,,,,,,,,,,,,,,,,
contenedor_unico,contenedor_por_ancestro_project,PP-PRP-ALM-LA10,PP-ALIMENTADOR LA10 | Grupo: PP-ALM LAMINADOR,785,5,785,PP-PRP-LMN-LP10,PP-PRP-LMN-LP10,PP-PRP-LGC-PREPARACION > PP-PRP-LGC-LAMINADORES > PP-PRP-LMN-LP10,PP > PP-PRP-LGC-PREPARACION > PP-PRP-LGC-LAMINADORES > PP-PRP-LMN-LP10,PP > PP-PRP-LGC-PREPARACION > PP-PRP-LGC-LAMINADORES > PP-PRP-LMN-LP10 > PP-PRP-ALM-LA10,286415,121e7c49-6f80-4698-91bd-c7c5a38e25dd-00045ecf,Roofs,,Genérico - 400 mm,Genérico - 400 mm,,PP > PP-PRP-LGC-PREPARACION > PP-PRP-LGC-LAMINADORES,contenedor_scoring,286415,121e7c49-6f80-4698-91bd-c7c5a38e25dd-00045ecf,PP > PP-PRP-LGC-PREPARACION > PP-PRP-LGC-LAMINADORES,3,77,NO,200,0,200,ancestro_project_exacto,286415:200:PP > PP-PRP-LGC-PREPARACION > PP-PRP-LGC-LAMINADORES,PP-PRP-LGC-LAMINADORES,Sin match puntual; contenedor único por ancestro Project PP-PRP-LGC-LAMINADORES.,contenedor_unico_ancestro,PP-PRP-LGC-LAMINADORES,286415,286415,,,un_elemento_revit_para_ancestro,PP,PP-PRP-LGC-PREPARACION,PP-PRP-LGC-LAMINADORES,,,,,,,,,,,,,,,,,,,,,,,,,,,,,,,,,,,,,,,,,,,,,,,,,,,,,,,,,,,,,,,,,,,,,,,,,,,,,
contenedor_unico,contenedor_por_ancestro_project,PP-PRP-LMN-LP11,LAMINADOR LP11 | Grupo: PP-LAMINADOR BUHLER,786,4,786,PP-PRP-LGC-LAMINADORES,PP-PRP-LGC-LAMINADORES,PP-PRP-LGC-PREPARACION > PP-PRP-LGC-LAMINADORES,PP > PP-PRP-LGC-PREPARACION > PP-PRP-LGC-LAMINADORES,PP > PP-PRP-LGC-PREPARACION > PP-PRP-LGC-LAMINADORES > PP-PRP-LMN-LP11,286415,121e7c49-6f80-4698-91bd-c7c5a38e25dd-00045ecf,Roofs,,Genérico - 400 mm,Genérico - 400 mm,,PP > PP-PRP-LGC-PREPARACION > PP-PRP-LGC-LAMINADORES,contenedor_scoring,286415,121e7c49-6f80-4698-91bd-c7c5a38e25dd-00045ecf,PP > PP-PRP-LGC-PREPARACION > PP-PRP-LGC-LAMINADORES,3,77,NO,200,0,200,ancestro_project_exacto,286415:200:PP > PP-PRP-LGC-PREPARACION > PP-PRP-LGC-LAMINADORES,PP-PRP-LGC-LAMINADORES,Sin match puntual; contenedor único por ancestro Project PP-PRP-LGC-LAMINADORES.,contenedor_unico_ancestro,PP-PRP-LGC-LAMINADORES,286415,286415,,,un_elemento_revit_para_ancestro,PP,PP-PRP-LGC-PREPARACION,PP-PRP-LGC-LAMINADORES,,,,,,,,,,,,,,,,,,,,,,,,,,,,,,,,,,,,,,,,,,,,,,,,,,,,,,,,,,,,,,,,,,,,,,,,,,,,,
contenedor_unico,contenedor_por_ancestro_project,PP-PRP-ALM-LA11,PP-ALIMENTADOR LA11 | Grupo: PP-ALM LAMINADOR,787,5,787,PP-PRP-LMN-LP11,PP-PRP-LMN-LP11,PP-PRP-LGC-PREPARACION > PP-PRP-LGC-LAMINADORES > PP-PRP-LMN-LP11,PP > PP-PRP-LGC-PREPARACION > PP-PRP-LGC-LAMINADORES > PP-PRP-LMN-LP11,PP > PP-PRP-LGC-PREPARACION > PP-PRP-LGC-LAMINADORES > PP-PRP-LMN-LP11 > PP-PRP-ALM-LA11,286415,121e7c49-6f80-4698-91bd-c7c5a38e25dd-00045ecf,Roofs,,Genérico - 400 mm,Genérico - 400 mm,,PP > PP-PRP-LGC-PREPARACION > PP-PRP-LGC-LAMINADORES,contenedor_scoring,286415,121e7c49-6f80-4698-91bd-c7c5a38e25dd-00045ecf,PP > PP-PRP-LGC-PREPARACION > PP-PRP-LGC-LAMINADORES,3,77,NO,200,0,200,ancestro_project_exacto,286415:200:PP > PP-PRP-LGC-PREPARACION > PP-PRP-LGC-LAMINADORES,PP-PRP-LGC-LAMINADORES,Sin match puntual; contenedor único por ancestro Project PP-PRP-LGC-LAMINADORES.,contenedor_unico_ancestro,PP-PRP-LGC-LAMINADORES,286415,286415,,,un_elemento_revit_para_ancestro,PP,PP-PRP-LGC-PREPARACION,PP-PRP-LGC-LAMINADORES,,,,,,,,,,,,,,,,,,,,,,,,,,,,,,,,,,,,,,,,,,,,,,,,,,,,,,,,,,,,,,,,,,,,,,,,,,,,,
contenedor_unico,contenedor_por_ancestro_project,PP-PRP-LMN-LP12,LAMINADOR LP12 | Grupo: PP-LAMINADOR BUHLER,788,4,788,PP-PRP-LGC-LAMINADORES,PP-PRP-LGC-LAMINADORES,PP-PRP-LGC-PREPARACION > PP-PRP-LGC-LAMINADORES,PP > PP-PRP-LGC-PREPARACION > PP-PRP-LGC-LAMINADORES,PP > PP-PRP-LGC-PREPARACION > PP-PRP-LGC-LAMINADORES > PP-PRP-LMN-LP12,286415,121e7c49-6f80-4698-91bd-c7c5a38e25dd-00045ecf,Roofs,,Genérico - 400 mm,Genérico - 400 mm,,PP > PP-PRP-LGC-PREPARACION > PP-PRP-LGC-LAMINADORES,contenedor_scoring,286415,121e7c49-6f80-4698-91bd-c7c5a38e25dd-00045ecf,PP > PP-PRP-LGC-PREPARACION > PP-PRP-LGC-LAMINADORES,3,77,NO,200,0,200,ancestro_project_exacto,286415:200:PP > PP-PRP-LGC-PREPARACION > PP-PRP-LGC-LAMINADORES,PP-PRP-LGC-LAMINADORES,Sin match puntual; contenedor único por ancestro Project PP-PRP-LGC-LAMINADORES.,contenedor_unico_ancestro,PP-PRP-LGC-LAMINADORES,286415,286415,,,un_elemento_revit_para_ancestro,PP,PP-PRP-LGC-PREPARACION,PP-PRP-LGC-LAMINADORES,,,,,,,,,,,,,,,,,,,,,,,,,,,,,,,,,,,,,,,,,,,,,,,,,,,,,,,,,,,,,,,,,,,,,,,,,,,,,
contenedor_unico,contenedor_por_ancestro_project,PP-PRP-ALM-LA12,PP-ALIMENTADOR LA12 | Grupo: PP-ALM LAMINADOR,789,5,789,PP-PRP-LMN-LP12,PP-PRP-LMN-LP12,PP-PRP-LGC-PREPARACION > PP-PRP-LGC-LAMINADORES > PP-PRP-LMN-LP12,PP > PP-PRP-LGC-PREPARACION > PP-PRP-LGC-LAMINADORES > PP-PRP-LMN-LP12,PP > PP-PRP-LGC-PREPARACION > PP-PRP-LGC-LAMINADORES > PP-PRP-LMN-LP12 > PP-PRP-ALM-LA12,286415,121e7c49-6f80-4698-91bd-c7c5a38e25dd-00045ecf,Roofs,,Genérico - 400 mm,Genérico - 400 mm,,PP > PP-PRP-LGC-PREPARACION > PP-PRP-LGC-LAMINADORES,contenedor_scoring,286415,121e7c49-6f80-4698-91bd-c7c5a38e25dd-00045ecf,PP > PP-PRP-LGC-PREPARACION > PP-PRP-LGC-LAMINADORES,3,77,NO,200,0,200,ancestro_project_exacto,286415:200:PP > PP-PRP-LGC-PREPARACION > PP-PRP-LGC-LAMINADORES,PP-PRP-LGC-LAMINADORES,Sin match puntual; contenedor único por ancestro Project PP-PRP-LGC-LAMINADORES.,contenedor_unico_ancestro,PP-PRP-LGC-LAMINADORES,286415,286415,,,un_elemento_revit_para_ancestro,PP,PP-PRP-LGC-PREPARACION,PP-PRP-LGC-LAMINADORES,,,,,,,,,,,,,,,,,,,,,,,,,,,,,,,,,,,,,,,,,,,,,,,,,,,,,,,,,,,,,,,,,,,,,,,,,,,,,
contenedor_unico,contenedor_por_ancestro_project,PP-PRP-LMN-LP13,LAMINADOR LP13 | Grupo: PP-LAMINADOR BUHLER,790,4,790,PP-PRP-LGC-LAMINADORES,PP-PRP-LGC-LAMINADORES,PP-PRP-LGC-PREPARACION > PP-PRP-LGC-LAMINADORES,PP > PP-PRP-LGC-PREPARACION > PP-PRP-LGC-LAMINADORES,PP > PP-PRP-LGC-PREPARACION > PP-PRP-LGC-LAMINADORES > PP-PRP-LMN-LP13,286415,121e7c49-6f80-4698-91bd-c7c5a38e25dd-00045ecf,Roofs,,Genérico - 400 mm,Genérico - 400 mm,,PP > PP-PRP-LGC-PREPARACION > PP-PRP-LGC-LAMINADORES,contenedor_scoring,286415,121e7c49-6f80-4698-91bd-c7c5a38e25dd-00045ecf,PP > PP-PRP-LGC-PREPARACION > PP-PRP-LGC-LAMINADORES,3,77,NO,200,0,200,ancestro_project_exacto,286415:200:PP > PP-PRP-LGC-PREPARACION > PP-PRP-LGC-LAMINADORES,PP-PRP-LGC-LAMINADORES,Sin match puntual; contenedor único por ancestro Project PP-PRP-LGC-LAMINADORES.,contenedor_unico_ancestro,PP-PRP-LGC-LAMINADORES,286415,286415,,,un_elemento_revit_para_ancestro,PP,PP-PRP-LGC-PREPARACION,PP-PRP-LGC-LAMINADORES,,,,,,,,,,,,,,,,,,,,,,,,,,,,,,,,,,,,,,,,,,,,,,,,,,,,,,,,,,,,,,,,,,,,,,,,,,,,,
contenedor_unico,contenedor_por_ancestro_project,PP-PRP-ALM-LA13,PP-ALIMENTADOR LA13 | Grupo: PP-ALM LAMINADOR,791,5,791,PP-PRP-LMN-LP13,PP-PRP-LMN-LP13,PP-PRP-LGC-PREPARACION > PP-PRP-LGC-LAMINADORES > PP-PRP-LMN-LP13,PP > PP-PRP-LGC-PREPARACION > PP-PRP-LGC-LAMINADORES > PP-PRP-LMN-LP13,PP > PP-PRP-LGC-PREPARACION > PP-PRP-LGC-LAMINADORES > PP-PRP-LMN-LP13 > PP-PRP-ALM-LA13,286415,121e7c49-6f80-4698-91bd-c7c5a38e25dd-00045ecf,Roofs,,Genérico - 400 mm,Genérico - 400 mm,,PP > PP-PRP-LGC-PREPARACION > PP-PRP-LGC-LAMINADORES,contenedor_scoring,286415,121e7c49-6f80-4698-91bd-c7c5a38e25dd-00045ecf,PP > PP-PRP-LGC-PREPARACION > PP-PRP-LGC-LAMINADORES,3,77,NO,200,0,200,ancestro_project_exacto,286415:200:PP > PP-PRP-LGC-PREPARACION > PP-PRP-LGC-LAMINADORES,PP-PRP-LGC-LAMINADORES,Sin match puntual; contenedor único por ancestro Project PP-PRP-LGC-LAMINADORES.,contenedor_unico_ancestro,PP-PRP-LGC-LAMINADORES,286415,286415,,,un_elemento_revit_para_ancestro,PP,PP-PRP-LGC-PREPARACION,PP-PRP-LGC-LAMINADORES,,,,,,,,,,,,,,,,,,,,,,,,,,,,,,,,,,,,,,,,,,,,,,,,,,,,,,,,,,,,,,,,,,,,,,,,,,,,,
contenedor_unico,contenedor_por_ancestro_project,PP-PRP-LMN-LP14,LAMINADOR LP14 | Grupo: PP-LAMINADOR BUHLER,792,4,792,PP-PRP-LGC-LAMINADORES,PP-PRP-LGC-LAMINADORES,PP-PRP-LGC-PREPARACION > PP-PRP-LGC-LAMINADORES,PP > PP-PRP-LGC-PREPARACION > PP-PRP-LGC-LAMINADORES,PP > PP-PRP-LGC-PREPARACION > PP-PRP-LGC-LAMINADORES > PP-PRP-LMN-LP14,286415,121e7c49-6f80-4698-91bd-c7c5a38e25dd-00045ecf,Roofs,,Genérico - 400 mm,Genérico - 400 mm,,PP > PP-PRP-LGC-PREPARACION > PP-PRP-LGC-LAMINADORES,contenedor_scoring,286415,121e7c49-6f80-4698-91bd-c7c5a38e25dd-00045ecf,PP > PP-PRP-LGC-PREPARACION > PP-PRP-LGC-LAMINADORES,3,77,NO,200,0,200,ancestro_project_exacto,286415:200:PP > PP-PRP-LGC-PREPARACION > PP-PRP-LGC-LAMINADORES,PP-PRP-LGC-LAMINADORES,Sin match puntual; contenedor único por ancestro Project PP-PRP-LGC-LAMINADORES.,contenedor_unico_ancestro,PP-PRP-LGC-LAMINADORES,286415,286415,,,un_elemento_revit_para_ancestro,PP,PP-PRP-LGC-PREPARACION,PP-PRP-LGC-LAMINADORES,,,,,,,,,,,,,,,,,,,,,,,,,,,,,,,,,,,,,,,,,,,,,,,,,,,,,,,,,,,,,,,,,,,,,,,,,,,,,
contenedor_unico,contenedor_por_ancestro_project,PP-PRP-ALM-LA14,PP-ALIMENTADOR LA14 | Grupo: PP-ALM LAMINADOR,793,5,793,PP-PRP-LMN-LP14,PP-PRP-LMN-LP14,PP-PRP-LGC-PREPARACION > PP-PRP-LGC-LAMINADORES > PP-PRP-LMN-LP14,PP > PP-PRP-LGC-PREPARACION > PP-PRP-LGC-LAMINADORES > PP-PRP-LMN-LP14,PP > PP-PRP-LGC-PREPARACION > PP-PRP-LGC-LAMINADORES > PP-PRP-LMN-LP14 > PP-PRP-ALM-LA14,286415,121e7c49-6f80-4698-91bd-c7c5a38e25dd-00045ecf,Roofs,,Genérico - 400 mm,Genérico - 400 mm,,PP > PP-PRP-LGC-PREPARACION > PP-PRP-LGC-LAMINADORES,contenedor_scoring,286415,121e7c49-6f80-4698-91bd-c7c5a38e25dd-00045ecf,PP > PP-PRP-LGC-PREPARACION > PP-PRP-LGC-LAMINADORES,3,77,NO,200,0,200,ancestro_project_exacto,286415:200:PP > PP-PRP-LGC-PREPARACION > PP-PRP-LGC-LAMINADORES,PP-PRP-LGC-LAMINADORES,Sin match puntual; contenedor único por ancestro Project PP-PRP-LGC-LAMINADORES.,contenedor_unico_ancestro,PP-PRP-LGC-LAMINADORES,286415,286415,,,un_elemento_revit_para_ancestro,PP,PP-PRP-LGC-PREPARACION,PP-PRP-LGC-LAMINADORES,,,,,,,,,,,,,,,,,,,,,,,,,,,,,,,,,,,,,,,,,,,,,,,,,,,,,,,,,,,,,,,,,,,,,,,,,,,,,
contenedor_unico,contenedor_por_ancestro_project,PP-PRP-RCT-REC01,RECTIFICADORA DE PTA PTO NRO 1 | Grupo: PP-RECTIFICADORA,794,4,794,PP-PRP-LGC-LAMINADORES,PP-PRP-LGC-LAMINADORES,PP-PRP-LGC-PREPARACION > PP-PRP-LGC-LAMINADORES,PP > PP-PRP-LGC-PREPARACION > PP-PRP-LGC-LAMINADORES,PP > PP-PRP-LGC-PREPARACION > PP-PRP-LGC-LAMINADORES > PP-PRP-RCT-REC01,286415,121e7c49-6f80-4698-91bd-c7c5a38e25dd-00045ecf,Roofs,,Genérico - 400 mm,Genérico - 400 mm,,PP > PP-PRP-LGC-PREPARACION > PP-PRP-LGC-LAMINADORES,contenedor_scoring,286415,121e7c49-6f80-4698-91bd-c7c5a38e25dd-00045ecf,PP > PP-PRP-LGC-PREPARACION > PP-PRP-LGC-LAMINADORES,3,77,NO,200,0,200,ancestro_project_exacto,286415:200:PP > PP-PRP-LGC-PREPARACION > PP-PRP-LGC-LAMINADORES,PP-PRP-LGC-LAMINADORES,Sin match puntual; contenedor único por ancestro Project PP-PRP-LGC-LAMINADORES.,contenedor_unico_ancestro,PP-PRP-LGC-LAMINADORES,286415,286415,,,un_elemento_revit_para_ancestro,PP,PP-PRP-LGC-PREPARACION,PP-PRP-LGC-LAMINADORES,,,,,,,,,,,,,,,,,,,,,,,,,,,,,,,,,,,,,,,,,,,,,,,,,,,,,,,,,,,,,,,,,,,,,,,,,,,,,
contenedor_unico,contenedor_por_ancestro_project,PP-PRP-RCT-REC02,RECTIFICADORA DE PTA PTO NRO 2 | Grupo: PP-RECTIFICADORA,795,4,795,PP-PRP-LGC-LAMINADORES,PP-PRP-LGC-LAMINADORES,PP-PRP-LGC-PREPARACION > PP-PRP-LGC-LAMINADORES,PP > PP-PRP-LGC-PREPARACION > PP-PRP-LGC-LAMINADORES,PP > PP-PRP-LGC-PREPARACION > PP-PRP-LGC-LAMINADORES > PP-PRP-RCT-REC02,286415,121e7c49-6f80-4698-91bd-c7c5a38e25dd-00045ecf,Roofs,,Genérico - 400 mm,Genérico - 400 mm,,PP > PP-PRP-LGC-PREPARACION > PP-PRP-LGC-LAMINADORES,contenedor_scoring,286415,121e7c49-6f80-4698-91bd-c7c5a38e25dd-00045ecf,PP > PP-PRP-LGC-PREPARACION > PP-PRP-LGC-LAMINADORES,3,77,NO,200,0,200,ancestro_project_exacto,286415:200:PP > PP-PRP-LGC-PREPARACION > PP-PRP-LGC-LAMINADORES,PP-PRP-LGC-LAMINADORES,Sin match puntual; contenedor único por ancestro Project PP-PRP-LGC-LAMINADORES.,contenedor_unico_ancestro,PP-PRP-LGC-LAMINADORES,286415,286415,,,un_elemento_revit_para_ancestro,PP,PP-PRP-LGC-PREPARACION,PP-PRP-LGC-LAMINADORES,,,,,,,,,,,,,,,,,,,,,,,,,,,,,,,,,,,,,,,,,,,,,,,,,,,,,,,,,,,,,,,,,,,,,,,,,,,,,
contenedor_unico,contenedor_por_ancestro_project,PP-PRP-RSC-DSF08,ROSCA RETORNO DE LAMINADORES (de RR01 a DRZ01) | Grupo: PP-RSC DSF08,796,4,796,PP-PRP-LGC-LAMINADORES,PP-PRP-LGC-LAMINADORES,PP-PRP-LGC-PREPARACION > PP-PRP-LGC-LAMINADORES,PP > PP-PRP-LGC-PREPARACION > PP-PRP-LGC-LAMINADORES,PP > PP-PRP-LGC-PREPARACION > PP-PRP-LGC-LAMINADORES > PP-PRP-RSC-DSF08,286415,121e7c49-6f80-4698-91bd-c7c5a38e25dd-00045ecf,Roofs,,Genérico - 400 mm,Genérico - 400 mm,,PP > PP-PRP-LGC-PREPARACION > PP-PRP-LGC-LAMINADORES,contenedor_scoring,286415,121e7c49-6f80-4698-91bd-c7c5a38e25dd-00045ecf,PP > PP-PRP-LGC-PREPARACION > PP-PRP-LGC-LAMINADORES,3,77,NO,200,0,200,ancestro_project_exacto,286415:200:PP > PP-PRP-LGC-PREPARACION > PP-PRP-LGC-LAMINADORES,PP-PRP-LGC-LAMINADORES,Sin match puntual; contenedor único por ancestro Project PP-PRP-LGC-LAMINADORES.,contenedor_unico_ancestro,PP-PRP-LGC-LAMINADORES,286415,286415,,,un_elemento_revit_para_ancestro,PP,PP-PRP-LGC-PREPARACION,PP-PRP-LGC-LAMINADORES,,,,,,,,,,,,,,,,,,,,,,,,,,,,,,,,,,,,,,,,,,,,,,,,,,,,,,,,,,,,,,,,,,,,,,,,,,,,,
contenedor_unico,contenedor_por_ancestro_project,PP-PRP-VNT-VE09,VENTILADOR VE09 | Grupo: PP-VNT VENT LAMIN,797,4,797,PP-PRP-LGC-LAMINADORES,PP-PRP-LGC-LAMINADORES,PP-PRP-LGC-PREPARACION > PP-PRP-LGC-LAMINADORES,PP > PP-PRP-LGC-PREPARACION > PP-PRP-LGC-LAMINADORES,PP > PP-PRP-LGC-PREPARACION > PP-PRP-LGC-LAMINADORES > PP-PRP-VNT-VE09,286415,121e7c49-6f80-4698-91bd-c7c5a38e25dd-00045ecf,Roofs,,Genérico - 400 mm,Genérico - 400 mm,,PP > PP-PRP-LGC-PREPARACION > PP-PRP-LGC-LAMINADORES,contenedor_scoring,286415,121e7c49-6f80-4698-91bd-c7c5a38e25dd-00045ecf,PP > PP-PRP-LGC-PREPARACION > PP-PRP-LGC-LAMINADORES,3,77,NO,200,0,200,ancestro_project_exacto,286415:200:PP > PP-PRP-LGC-PREPARACION > PP-PRP-LGC-LAMINADORES,PP-PRP-LGC-LAMINADORES,Sin match puntual; contenedor único por ancestro Project PP-PRP-LGC-LAMINADORES.,contenedor_unico_ancestro,PP-PRP-LGC-LAMINADORES,286415,286415,,,un_elemento_revit_para_ancestro,PP,PP-PRP-LGC-PREPARACION,PP-PRP-LGC-LAMINADORES,,,,,,,,,,,,,,,,,,,,,,,,,,,,,,,,,,,,,,,,,,,,,,,,,,,,,,,,,,,,,,,,,,,,,,,,,,,,,
contenedor_unico,contenedor_por_ancestro_project,PP-PRP-CCL-CVE09,CICLON VENTILADOR VE09 | Grupo: PP-CCL CICLON LMN,798,5,798,PP-PRP-VNT-VE09,PP-PRP-VNT-VE09,PP-PRP-LGC-PREPARACION > PP-PRP-LGC-LAMINADORES > PP-PRP-VNT-VE09,PP > PP-PRP-LGC-PREPARACION > PP-PRP-LGC-LAMINADORES > PP-PRP-VNT-VE09,PP > PP-PRP-LGC-PREPARACION > PP-PRP-LGC-LAMINADORES > PP-PRP-VNT-VE09 > PP-PRP-CCL-CVE09,286415,121e7c49-6f80-4698-91bd-c7c5a38e25dd-00045ecf,Roofs,,Genérico - 400 mm,Genérico - 400 mm,,PP > PP-PRP-LGC-PREPARACION > PP-PRP-LGC-LAMINADORES,contenedor_scoring,286415,121e7c49-6f80-4698-91bd-c7c5a38e25dd-00045ecf,PP > PP-PRP-LGC-PREPARACION > PP-PRP-LGC-LAMINADORES,3,77,NO,200,0,200,ancestro_project_exacto,286415:200:PP > PP-PRP-LGC-PREPARACION > PP-PRP-LGC-LAMINADORES,PP-PRP-LGC-LAMINADORES,Sin match puntual; contenedor único por ancestro Project PP-PRP-LGC-LAMINADORES.,contenedor_unico_ancestro,PP-PRP-LGC-LAMINADORES,286415,286415,,,un_elemento_revit_para_ancestro,PP,PP-PRP-LGC-PREPARACION,PP-PRP-LGC-LAMINADORES,,,,,,,,,,,,,,,,,,,,,,,,,,,,,,,,,,,,,,,,,,,,,,,,,,,,,,,,,,,,,,,,,,,,,,,,,,,,,
contenedor_unico,contenedor_por_ancestro_project,PP-PRP-VLV-VR09,VALVULA ROTATIVA VR09 | Grupo: PP-VLV ROTATIVA CICLON LAMINAD,799,5,799,PP-PRP-VNT-VE09,PP-PRP-VNT-VE09,PP-PRP-LGC-PREPARACION > PP-PRP-LGC-LAMINADORES > PP-PRP-VNT-VE09,PP > PP-PRP-LGC-PREPARACION > PP-PRP-LGC-LAMINADORES > PP-PRP-VNT-VE09,PP > PP-PRP-LGC-PREPARACION > PP-PRP-LGC-LAMINADORES > PP-PRP-VNT-VE09 > PP-PRP-VLV-VR09,286415,121e7c49-6f80-4698-91bd-c7c5a38e25dd-00045ecf,Roofs,,Genérico - 400 mm,Genérico - 400 mm,,PP > PP-PRP-LGC-PREPARACION > PP-PRP-LGC-LAMINADORES,contenedor_scoring,286415,121e7c49-6f80-4698-91bd-c7c5a38e25dd-00045ecf,PP > PP-PRP-LGC-PREPARACION > PP-PRP-LGC-LAMINADORES,3,77,NO,200,0,200,ancestro_project_exacto,286415:200:PP > PP-PRP-LGC-PREPARACION > PP-PRP-LGC-LAMINADORES,PP-PRP-LGC-LAMINADORES,Sin match puntual; contenedor único por ancestro Project PP-PRP-LGC-LAMINADORES.,contenedor_unico_ancestro,PP-PRP-LGC-LAMINADORES,286415,286415,,,un_elemento_revit_para_ancestro,PP,PP-PRP-LGC-PREPARACION,PP-PRP-LGC-LAMINADORES,,,,,,,,,,,,,,,,,,,,,,,,,,,,,,,,,,,,,,,,,,,,,,,,,,,,,,,,,,,,,,,,,,,,,,,,,,,,,
contenedor_unico,contenedor_por_ancestro_project,PP-PRP-VNT-VE10,VENTILADOR VE10 | Grupo: PP-VNT VENT LAMIN,800,4,800,PP-PRP-LGC-LAMINADORES,PP-PRP-LGC-LAMINADORES,PP-PRP-LGC-PREPARACION > PP-PRP-LGC-LAMINADORES,PP > PP-PRP-LGC-PREPARACION > PP-PRP-LGC-LAMINADORES,PP > PP-PRP-LGC-PREPARACION > PP-PRP-LGC-LAMINADORES > PP-PRP-VNT-VE10,286415,121e7c49-6f80-4698-91bd-c7c5a38e25dd-00045ecf,Roofs,,Genérico - 400 mm,Genérico - 400 mm,,PP > PP-PRP-LGC-PREPARACION > PP-PRP-LGC-LAMINADORES,contenedor_scoring,286415,121e7c49-6f80-4698-91bd-c7c5a38e25dd-00045ecf,PP > PP-PRP-LGC-PREPARACION > PP-PRP-LGC-LAMINADORES,3,77,NO,200,0,200,ancestro_project_exacto,286415:200:PP > PP-PRP-LGC-PREPARACION > PP-PRP-LGC-LAMINADORES,PP-PRP-LGC-LAMINADORES,Sin match puntual; contenedor único por ancestro Project PP-PRP-LGC-LAMINADORES.,contenedor_unico_ancestro,PP-PRP-LGC-LAMINADORES,286415,286415,,,un_elemento_revit_para_ancestro,PP,PP-PRP-LGC-PREPARACION,PP-PRP-LGC-LAMINADORES,,,,,,,,,,,,,,,,,,,,,,,,,,,,,,,,,,,,,,,,,,,,,,,,,,,,,,,,,,,,,,,,,,,,,,,,,,,,,
contenedor_unico,contenedor_por_ancestro_project,PP-PRP-CCL-CVE10,CICLON VENTILADOR VE10 | Grupo: PP-CCL CICLON LMN,801,5,801,PP-PRP-VNT-VE10,PP-PRP-VNT-VE10,PP-PRP-LGC-PREPARACION > PP-PRP-LGC-LAMINADORES > PP-PRP-VNT-VE10,PP > PP-PRP-LGC-PREPARACION > PP-PRP-LGC-LAMINADORES > PP-PRP-VNT-VE10,PP > PP-PRP-LGC-PREPARACION > PP-PRP-LGC-LAMINADORES > PP-PRP-VNT-VE10 > PP-PRP-CCL-CVE10,286415,121e7c49-6f80-4698-91bd-c7c5a38e25dd-00045ecf,Roofs,,Genérico - 400 mm,Genérico - 400 mm,,PP > PP-PRP-LGC-PREPARACION > PP-PRP-LGC-LAMINADORES,contenedor_scoring,286415,121e7c49-6f80-4698-91bd-c7c5a38e25dd-00045ecf,PP > PP-PRP-LGC-PREPARACION > PP-PRP-LGC-LAMINADORES,3,77,NO,200,0,200,ancestro_project_exacto,286415:200:PP > PP-PRP-LGC-PREPARACION > PP-PRP-LGC-LAMINADORES,PP-PRP-LGC-LAMINADORES,Sin match puntual; contenedor único por ancestro Project PP-PRP-LGC-LAMINADORES.,contenedor_unico_ancestro,PP-PRP-LGC-LAMINADORES,286415,286415,,,un_elemento_revit_para_ancestro,PP,PP-PRP-LGC-PREPARACION,PP-PRP-LGC-LAMINADORES,,,,,,,,,,,,,,,,,,,,,,,,,,,,,,,,,,,,,,,,,,,,,,,,,,,,,,,,,,,,,,,,,,,,,,,,,,,,,
contenedor_unico,contenedor_por_ancestro_project,PP-PRP-VLV-VR10,VALVULA ROTATIVA VR10 | Grupo: PP-VLV ROTATIVA CICLON LAMINAD,802,5,802,PP-PRP-VNT-VE10,PP-PRP-VNT-VE10,PP-PRP-LGC-PREPARACION > PP-PRP-LGC-LAMINADORES > PP-PRP-VNT-VE10,PP > PP-PRP-LGC-PREPARACION > PP-PRP-LGC-LAMINADORES > PP-PRP-VNT-VE10,PP > PP-PRP-LGC-PREPARACION > PP-PRP-LGC-LAMINADORES > PP-PRP-VNT-VE10 > PP-PRP-VLV-VR10,286415,121e7c49-6f80-4698-91bd-c7c5a38e25dd-00045ecf,Roofs,,Genérico - 400 mm,Genérico - 400 mm,,PP > PP-PRP-LGC-PREPARACION > PP-PRP-LGC-LAMINADORES,contenedor_scoring,286415,121e7c49-6f80-4698-91bd-c7c5a38e25dd-00045ecf,PP > PP-PRP-LGC-PREPARACION > PP-PRP-LGC-LAMINADORES,3,77,NO,200,0,200,ancestro_project_exacto,286415:200:PP > PP-PRP-LGC-PREPARACION > PP-PRP-LGC-LAMINADORES,PP-PRP-LGC-LAMINADORES,Sin match puntual; contenedor único por ancestro Project PP-PRP-LGC-LAMINADORES.,contenedor_unico_ancestro,PP-PRP-LGC-LAMINADORES,286415,286415,,,un_elemento_revit_para_ancestro,PP,PP-PRP-LGC-PREPARACION,PP-PRP-LGC-LAMINADORES,,,,,,,,,,,,,,,,,,,,,,,,,,,,,,,,,,,,,,,,,,,,,,,,,,,,,,,,,,,,,,,,,,,,,,,,,,,,,
match_directo,elemento_puntual,PP-PRP-LGC-QUEBRADORES,SECTOR QUEBRADORES 2A PASADA PTA PTO | Grupo: PP-SECTOR QBR PRP,803,3,803,PP-PRP-LGC-PREPARACION,PP-PRP-LGC-PREPARACION,PP-PRP-LGC-PREPARACION,PP > PP-PRP-LGC-PREPARACION,PP > PP-PRP-LGC-PREPARACION > PP-PRP-LGC-QUEBRADORES,286467,121e7c49-6f80-4698-91bd-c7c5a38e25dd-00045f03,Roofs,,Genérico - 400 mm,Genérico - 400 mm,,PP > PP-PRP-LGC-PREPARACION > PP-PRP-LGC-QUEBRADORES,btz_description_03,,,,,,,,,,,,,Coincidencia exacta única con elemento Revit.,match_directo,,,,,,match_puntual_unico,PP,PP-PRP-LGC-PREPARACION,PP-PRP-LGC-QUEBRADORES,,,,,,,,,,,,,,,,,,,,,,,,,,,,,,,,,,,,,,,,,,,,,,,,,,,,,,,,,,,,,,,,,,,,,,,,,,,,,
contenedor_unico,contenedor_por_ancestro_project,PP-PRP-QBR-QS01,QUEBRADOR QS01 | Grupo: PP-QUEBRADOR ALLOCO,804,4,804,PP-PRP-LGC-QUEBRADORES,PP-PRP-LGC-QUEBRADORES,PP-PRP-LGC-PREPARACION > PP-PRP-LGC-QUEBRADORES,PP > PP-PRP-LGC-PREPARACION > PP-PRP-LGC-QUEBRADORES,PP > PP-PRP-LGC-PREPARACION > PP-PRP-LGC-QUEBRADORES > PP-PRP-QBR-QS01,286467,121e7c49-6f80-4698-91bd-c7c5a38e25dd-00045f03,Roofs,,Genérico - 400 mm,Genérico - 400 mm,,PP > PP-PRP-LGC-PREPARACION > PP-PRP-LGC-QUEBRADORES,contenedor_scoring,286467,121e7c49-6f80-4698-91bd-c7c5a38e25dd-00045f03,PP > PP-PRP-LGC-PREPARACION > PP-PRP-LGC-QUEBRADORES,3,77,NO,200,0,200,ancestro_project_exacto,286467:200:PP > PP-PRP-LGC-PREPARACION > PP-PRP-LGC-QUEBRADORES,PP-PRP-LGC-QUEBRADORES,Sin match puntual; contenedor único por ancestro Project PP-PRP-LGC-QUEBRADORES.,contenedor_unico_ancestro,PP-PRP-LGC-QUEBRADORES,286467,286467,,,un_elemento_revit_para_ancestro,PP,PP-PRP-LGC-PREPARACION,PP-PRP-LGC-QUEBRADORES,,,,,,,,,,,,,,,,,,,,,,,,,,,,,,,,,,,,,,,,,,,,,,,,,,,,,,,,,,,,,,,,,,,,,,,,,,,,,
contenedor_unico,contenedor_por_ancestro_project,PP-PRP-ALM-QA01,PP-ALIMENTADOR QA01 | Grupo: PP-ALM QBR ALLOCO,805,5,805,PP-PRP-QBR-QS01,PP-PRP-QBR-QS01,PP-PRP-LGC-PREPARACION > PP-PRP-LGC-QUEBRADORES > PP-PRP-QBR-QS01,PP > PP-PRP-LGC-PREPARACION > PP-PRP-LGC-QUEBRADORES > PP-PRP-QBR-QS01,PP > PP-PRP-LGC-PREPARACION > PP-PRP-LGC-QUEBRADORES > PP-PRP-QBR-QS01 > PP-PRP-ALM-QA01,286467,121e7c49-6f80-4698-91bd-c7c5a38e25dd-00045f03,Roofs,,Genérico - 400 mm,Genérico - 400 mm,,PP > PP-PRP-LGC-PREPARACION > PP-PRP-LGC-QUEBRADORES,contenedor_scoring,286467,121e7c49-6f80-4698-91bd-c7c5a38e25dd-00045f03,PP > PP-PRP-LGC-PREPARACION > PP-PRP-LGC-QUEBRADORES,3,77,NO,200,0,200,ancestro_project_exacto,286467:200:PP > PP-PRP-LGC-PREPARACION > PP-PRP-LGC-QUEBRADORES,PP-PRP-LGC-QUEBRADORES,Sin match puntual; contenedor único por ancestro Project PP-PRP-LGC-QUEBRADORES.,contenedor_unico_ancestro,PP-PRP-LGC-QUEBRADORES,286467,286467,,,un_elemento_revit_para_ancestro,PP,PP-PRP-LGC-PREPARACION,PP-PRP-LGC-QUEBRADORES,,,,,,,,,,,,,,,,,,,,,,,,,,,,,,,,,,,,,,,,,,,,,,,,,,,,,,,,,,,,,,,,,,,,,,,,,,,,,
contenedor_unico,contenedor_por_ancestro_project,PP-PRP-QBR-QS02,QUEBRADOR QS02 | Grupo: PP-QUEBRADOR ALLOCO,806,4,806,PP-PRP-LGC-QUEBRADORES,PP-PRP-LGC-QUEBRADORES,PP-PRP-LGC-PREPARACION > PP-PRP-LGC-QUEBRADORES,PP > PP-PRP-LGC-PREPARACION > PP-PRP-LGC-QUEBRADORES,PP > PP-PRP-LGC-PREPARACION > PP-PRP-LGC-QUEBRADORES > PP-PRP-QBR-QS02,286467,121e7c49-6f80-4698-91bd-c7c5a38e25dd-00045f03,Roofs,,Genérico - 400 mm,Genérico - 400 mm,,PP > PP-PRP-LGC-PREPARACION > PP-PRP-LGC-QUEBRADORES,contenedor_scoring,286467,121e7c49-6f80-4698-91bd-c7c5a38e25dd-00045f03,PP > PP-PRP-LGC-PREPARACION > PP-PRP-LGC-QUEBRADORES,3,77,NO,200,0,200,ancestro_project_exacto,286467:200:PP > PP-PRP-LGC-PREPARACION > PP-PRP-LGC-QUEBRADORES,PP-PRP-LGC-QUEBRADORES,Sin match puntual; contenedor único por ancestro Project PP-PRP-LGC-QUEBRADORES.,contenedor_unico_ancestro,PP-PRP-LGC-QUEBRADORES,286467,286467,,,un_elemento_revit_para_ancestro,PP,PP-PRP-LGC-PREPARACION,PP-PRP-LGC-QUEBRADORES,,,,,,,,,,,,,,,,,,,,,,,,,,,,,,,,,,,,,,,,,,,,,,,,,,,,,,,,,,,,,,,,,,,,,,,,,,,,,
contenedor_unico,contenedor_por_ancestro_project,PP-PRP-ALM-QA02,PP-ALIMENTADOR QA02 | Grupo: PP-ALM QBR ALLOCO,807,5,807,PP-PRP-QBR-QS02,PP-PRP-QBR-QS02,PP-PRP-LGC-PREPARACION > PP-PRP-LGC-QUEBRADORES > PP-PRP-QBR-QS02,PP > PP-PRP-LGC-PREPARACION > PP-PRP-LGC-QUEBRADORES > PP-PRP-QBR-QS02,PP > PP-PRP-LGC-PREPARACION > PP-PRP-LGC-QUEBRADORES > PP-PRP-QBR-QS02 > PP-PRP-ALM-QA02,286467,121e7c49-6f80-4698-91bd-c7c5a38e25dd-00045f03,Roofs,,Genérico - 400 mm,Genérico - 400 mm,,PP > PP-PRP-LGC-PREPARACION > PP-PRP-LGC-QUEBRADORES,contenedor_scoring,286467,121e7c49-6f80-4698-91bd-c7c5a38e25dd-00045f03,PP > PP-PRP-LGC-PREPARACION > PP-PRP-LGC-QUEBRADORES,3,77,NO,200,0,200,ancestro_project_exacto,286467:200:PP > PP-PRP-LGC-PREPARACION > PP-PRP-LGC-QUEBRADORES,PP-PRP-LGC-QUEBRADORES,Sin match puntual; contenedor único por ancestro Project PP-PRP-LGC-QUEBRADORES.,contenedor_unico_ancestro,PP-PRP-LGC-QUEBRADORES,286467,286467,,,un_elemento_revit_para_ancestro,PP,PP-PRP-LGC-PREPARACION,PP-PRP-LGC-QUEBRADORES,,,,,,,,,,,,,,,,,,,,,,,,,,,,,,,,,,,,,,,,,,,,,,,,,,,,,,,,,,,,,,,,,,,,,,,,,,,,,
contenedor_unico,contenedor_por_ancestro_project,PP-PRP-QBR-QS03,QUEBRADOR QS03 | Grupo: PP-QUEBRADOR ALLOCO,808,4,808,PP-PRP-LGC-QUEBRADORES,PP-PRP-LGC-QUEBRADORES,PP-PRP-LGC-PREPARACION > PP-PRP-LGC-QUEBRADORES,PP > PP-PRP-LGC-PREPARACION > PP-PRP-LGC-QUEBRADORES,PP > PP-PRP-LGC-PREPARACION > PP-PRP-LGC-QUEBRADORES > PP-PRP-QBR-QS03,286467,121e7c49-6f80-4698-91bd-c7c5a38e25dd-00045f03,Roofs,,Genérico - 400 mm,Genérico - 400 mm,,PP > PP-PRP-LGC-PREPARACION > PP-PRP-LGC-QUEBRADORES,contenedor_scoring,286467,121e7c49-6f80-4698-91bd-c7c5a38e25dd-00045f03,PP > PP-PRP-LGC-PREPARACION > PP-PRP-LGC-QUEBRADORES,3,77,NO,200,0,200,ancestro_project_exacto,286467:200:PP > PP-PRP-LGC-PREPARACION > PP-PRP-LGC-QUEBRADORES,PP-PRP-LGC-QUEBRADORES,Sin match puntual; contenedor único por ancestro Project PP-PRP-LGC-QUEBRADORES.,contenedor_unico_ancestro,PP-PRP-LGC-QUEBRADORES,286467,286467,,,un_elemento_revit_para_ancestro,PP,PP-PRP-LGC-PREPARACION,PP-PRP-LGC-QUEBRADORES,,,,,,,,,,,,,,,,,,,,,,,,,,,,,,,,,,,,,,,,,,,,,,,,,,,,,,,,,,,,,,,,,,,,,,,,,,,,,
contenedor_unico,contenedor_por_ancestro_project,PP-PRP-ALM-QA03,PP-ALIMENTADOR QA03 | Grupo: PP-ALM QBR ALLOCO,809,5,809,PP-PRP-QBR-QS03,PP-PRP-QBR-QS03,PP-PRP-LGC-PREPARACION > PP-PRP-LGC-QUEBRADORES > PP-PRP-QBR-QS03,PP > PP-PRP-LGC-PREPARACION > PP-PRP-LGC-QUEBRADORES > PP-PRP-QBR-QS03,PP > PP-PRP-LGC-PREPARACION > PP-PRP-LGC-QUEBRADORES > PP-PRP-QBR-QS03 > PP-PRP-ALM-QA03,286467,121e7c49-6f80-4698-91bd-c7c5a38e25dd-00045f03,Roofs,,Genérico - 400 mm,Genérico - 400 mm,,PP > PP-PRP-LGC-PREPARACION > PP-PRP-LGC-QUEBRADORES,contenedor_scoring,286467,121e7c49-6f80-4698-91bd-c7c5a38e25dd-00045f03,PP > PP-PRP-LGC-PREPARACION > PP-PRP-LGC-QUEBRADORES,3,77,NO,200,0,200,ancestro_project_exacto,286467:200:PP > PP-PRP-LGC-PREPARACION > PP-PRP-LGC-QUEBRADORES,PP-PRP-LGC-QUEBRADORES,Sin match puntual; contenedor único por ancestro Project PP-PRP-LGC-QUEBRADORES.,contenedor_unico_ancestro,PP-PRP-LGC-QUEBRADORES,286467,286467,,,un_elemento_revit_para_ancestro,PP,PP-PRP-LGC-PREPARACION,PP-PRP-LGC-QUEBRADORES,,,,,,,,,,,,,,,,,,,,,,,,,,,,,,,,,,,,,,,,,,,,,,,,,,,,,,,,,,,,,,,,,,,,,,,,,,,,,
contenedor_unico,contenedor_por_ancestro_project,PP-PRP-QBR-QS04,QUEBRADOR QS04 | Grupo: PP-QUEBRADOR ALLOCO,810,4,810,PP-PRP-LGC-QUEBRADORES,PP-PRP-LGC-QUEBRADORES,PP-PRP-LGC-PREPARACION > PP-PRP-LGC-QUEBRADORES,PP > PP-PRP-LGC-PREPARACION > PP-PRP-LGC-QUEBRADORES,PP > PP-PRP-LGC-PREPARACION > PP-PRP-LGC-QUEBRADORES > PP-PRP-QBR-QS04,286467,121e7c49-6f80-4698-91bd-c7c5a38e25dd-00045f03,Roofs,,Genérico - 400 mm,Genérico - 400 mm,,PP > PP-PRP-LGC-PREPARACION > PP-PRP-LGC-QUEBRADORES,contenedor_scoring,286467,121e7c49-6f80-4698-91bd-c7c5a38e25dd-00045f03,PP > PP-PRP-LGC-PREPARACION > PP-PRP-LGC-QUEBRADORES,3,77,NO,200,0,200,ancestro_project_exacto,286467:200:PP > PP-PRP-LGC-PREPARACION > PP-PRP-LGC-QUEBRADORES,PP-PRP-LGC-QUEBRADORES,Sin match puntual; contenedor único por ancestro Project PP-PRP-LGC-QUEBRADORES.,contenedor_unico_ancestro,PP-PRP-LGC-QUEBRADORES,286467,286467,,,un_elemento_revit_para_ancestro,PP,PP-PRP-LGC-PREPARACION,PP-PRP-LGC-QUEBRADORES,,,,,,,,,,,,,,,,,,,,,,,,,,,,,,,,,,,,,,,,,,,,,,,,,,,,,,,,,,,,,,,,,,,,,,,,,,,,,
contenedor_unico,contenedor_por_ancestro_project,PP-PRP-ALM-QA04,PP-ALIMENTADOR QA04 | Grupo: PP-ALM QBR ALLOCO,811,5,811,PP-PRP-QBR-QS04,PP-PRP-QBR-QS04,PP-PRP-LGC-PREPARACION > PP-PRP-LGC-QUEBRADORES > PP-PRP-QBR-QS04,PP > PP-PRP-LGC-PREPARACION > PP-PRP-LGC-QUEBRADORES > PP-PRP-QBR-QS04,PP > PP-PRP-LGC-PREPARACION > PP-PRP-LGC-QUEBRADORES > PP-PRP-QBR-QS04 > PP-PRP-ALM-QA04,286467,121e7c49-6f80-4698-91bd-c7c5a38e25dd-00045f03,Roofs,,Genérico - 400 mm,Genérico - 400 mm,,PP > PP-PRP-LGC-PREPARACION > PP-PRP-LGC-QUEBRADORES,contenedor_scoring,286467,121e7c49-6f80-4698-91bd-c7c5a38e25dd-00045f03,PP > PP-PRP-LGC-PREPARACION > PP-PRP-LGC-QUEBRADORES,3,77,NO,200,0,200,ancestro_project_exacto,286467:200:PP > PP-PRP-LGC-PREPARACION > PP-PRP-LGC-QUEBRADORES,PP-PRP-LGC-QUEBRADORES,Sin match puntual; contenedor único por ancestro Project PP-PRP-LGC-QUEBRADORES.,contenedor_unico_ancestro,PP-PRP-LGC-QUEBRADORES,286467,286467,,,un_elemento_revit_para_ancestro,PP,PP-PRP-LGC-PREPARACION,PP-PRP-LGC-QUEBRADORES,,,,,,,,,,,,,,,,,,,,,,,,,,,,,,,,,,,,,,,,,,,,,,,,,,,,,,,,,,,,,,,,,,,,,,,,,,,,,
contenedor_unico,contenedor_por_ancestro_project,PP-PRP-QBR-QS05,QUEBRADOR QS05 | Grupo: PP-QUEBRADOR ALLOCO,812,4,812,PP-PRP-LGC-QUEBRADORES,PP-PRP-LGC-QUEBRADORES,PP-PRP-LGC-PREPARACION > PP-PRP-LGC-QUEBRADORES,PP > PP-PRP-LGC-PREPARACION > PP-PRP-LGC-QUEBRADORES,PP > PP-PRP-LGC-PREPARACION > PP-PRP-LGC-QUEBRADORES > PP-PRP-QBR-QS05,286467,121e7c49-6f80-4698-91bd-c7c5a38e25dd-00045f03,Roofs,,Genérico - 400 mm,Genérico - 400 mm,,PP > PP-PRP-LGC-PREPARACION > PP-PRP-LGC-QUEBRADORES,contenedor_scoring,286467,121e7c49-6f80-4698-91bd-c7c5a38e25dd-00045f03,PP > PP-PRP-LGC-PREPARACION > PP-PRP-LGC-QUEBRADORES,3,77,NO,200,0,200,ancestro_project_exacto,286467:200:PP > PP-PRP-LGC-PREPARACION > PP-PRP-LGC-QUEBRADORES,PP-PRP-LGC-QUEBRADORES,Sin match puntual; contenedor único por ancestro Project PP-PRP-LGC-QUEBRADORES.,contenedor_unico_ancestro,PP-PRP-LGC-QUEBRADORES,286467,286467,,,un_elemento_revit_para_ancestro,PP,PP-PRP-LGC-PREPARACION,PP-PRP-LGC-QUEBRADORES,,,,,,,,,,,,,,,,,,,,,,,,,,,,,,,,,,,,,,,,,,,,,,,,,,,,,,,,,,,,,,,,,,,,,,,,,,,,,
contenedor_unico,contenedor_por_ancestro_project,PP-PRP-ALM-QA05,PP-ALIMENTADOR QA05 | Grupo: PP-ALM QBR ALLOCO,813,5,813,PP-PRP-QBR-QS05,PP-PRP-QBR-QS05,PP-PRP-LGC-PREPARACION > PP-PRP-LGC-QUEBRADORES > PP-PRP-QBR-QS05,PP > PP-PRP-LGC-PREPARACION > PP-PRP-LGC-QUEBRADORES > PP-PRP-QBR-QS05,PP > PP-PRP-LGC-PREPARACION > PP-PRP-LGC-QUEBRADORES > PP-PRP-QBR-QS05 > PP-PRP-ALM-QA05,286467,121e7c49-6f80-4698-91bd-c7c5a38e25dd-00045f03,Roofs,,Genérico - 400 mm,Genérico - 400 mm,,PP > PP-PRP-LGC-PREPARACION > PP-PRP-LGC-QUEBRADORES,contenedor_scoring,286467,121e7c49-6f80-4698-91bd-c7c5a38e25dd-00045f03,PP > PP-PRP-LGC-PREPARACION > PP-PRP-LGC-QUEBRADORES,3,77,NO,200,0,200,ancestro_project_exacto,286467:200:PP > PP-PRP-LGC-PREPARACION > PP-PRP-LGC-QUEBRADORES,PP-PRP-LGC-QUEBRADORES,Sin match puntual; contenedor único por ancestro Project PP-PRP-LGC-QUEBRADORES.,contenedor_unico_ancestro,PP-PRP-LGC-QUEBRADORES,286467,286467,,,un_elemento_revit_para_ancestro,PP,PP-PRP-LGC-PREPARACION,PP-PRP-LGC-QUEBRADORES,,,,,,,,,,,,,,,,,,,,,,,,,,,,,,,,,,,,,,,,,,,,,,,,,,,,,,,,,,,,,,,,,,,,,,,,,,,,,
contenedor_unico,contenedor_por_ancestro_project,PP-PRP-QBR-QS06,QUEBRADOR QS06  (RESERVA) | Grupo: PP-QUEBRADOR ALLOCO,814,4,814,PP-PRP-LGC-QUEBRADORES,PP-PRP-LGC-QUEBRADORES,PP-PRP-LGC-PREPARACION > PP-PRP-LGC-QUEBRADORES,PP > PP-PRP-LGC-PREPARACION > PP-PRP-LGC-QUEBRADORES,PP > PP-PRP-LGC-PREPARACION > PP-PRP-LGC-QUEBRADORES > PP-PRP-QBR-QS06,286467,121e7c49-6f80-4698-91bd-c7c5a38e25dd-00045f03,Roofs,,Genérico - 400 mm,Genérico - 400 mm,,PP > PP-PRP-LGC-PREPARACION > PP-PRP-LGC-QUEBRADORES,contenedor_scoring,286467,121e7c49-6f80-4698-91bd-c7c5a38e25dd-00045f03,PP > PP-PRP-LGC-PREPARACION > PP-PRP-LGC-QUEBRADORES,3,77,NO,200,0,200,ancestro_project_exacto,286467:200:PP > PP-PRP-LGC-PREPARACION > PP-PRP-LGC-QUEBRADORES,PP-PRP-LGC-QUEBRADORES,Sin match puntual; contenedor único por ancestro Project PP-PRP-LGC-QUEBRADORES.,contenedor_unico_ancestro,PP-PRP-LGC-QUEBRADORES,286467,286467,,,un_elemento_revit_para_ancestro,PP,PP-PRP-LGC-PREPARACION,PP-PRP-LGC-QUEBRADORES,,,,,,,,,,,,,,,,,,,,,,,,,,,,,,,,,,,,,,,,,,,,,,,,,,,,,,,,,,,,,,,,,,,,,,,,,,,,,
contenedor_unico,contenedor_por_ancestro_project,PP-PRP-ALM-QA06,PP-ALIMENTADOR QA06 | Grupo: PP-ALM QBR ALLOCO,815,5,815,PP-PRP-QBR-QS06,PP-PRP-QBR-QS06,PP-PRP-LGC-PREPARACION > PP-PRP-LGC-QUEBRADORES > PP-PRP-QBR-QS06,PP > PP-PRP-LGC-PREPARACION > PP-PRP-LGC-QUEBRADORES > PP-PRP-QBR-QS06,PP > PP-PRP-LGC-PREPARACION > PP-PRP-LGC-QUEBRADORES > PP-PRP-QBR-QS06 > PP-PRP-ALM-QA06,286467,121e7c49-6f80-4698-91bd-c7c5a38e25dd-00045f03,Roofs,,Genérico - 400 mm,Genérico - 400 mm,,PP > PP-PRP-LGC-PREPARACION > PP-PRP-LGC-QUEBRADORES,contenedor_scoring,286467,121e7c49-6f80-4698-91bd-c7c5a38e25dd-00045f03,PP > PP-PRP-LGC-PREPARACION > PP-PRP-LGC-QUEBRADORES,3,77,NO,200,0,200,ancestro_project_exacto,286467:200:PP > PP-PRP-LGC-PREPARACION > PP-PRP-LGC-QUEBRADORES,PP-PRP-LGC-QUEBRADORES,Sin match puntual; contenedor único por ancestro Project PP-PRP-LGC-QUEBRADORES.,contenedor_unico_ancestro,PP-PRP-LGC-QUEBRADORES,286467,286467,,,un_elemento_revit_para_ancestro,PP,PP-PRP-LGC-PREPARACION,PP-PRP-LGC-QUEBRADORES,,,,,,,,,,,,,,,,,,,,,,,,,,,,,,,,,,,,,,,,,,,,,,,,,,,,,,,,,,,,,,,,,,,,,,,,,,,,,
contenedor_unico,contenedor_por_ancestro_project,PP-PRP-QBR-QS07,QUEBRADOR QS07 | Grupo: PP-QUEBRADOR ALLOCO,816,4,816,PP-PRP-LGC-QUEBRADORES,PP-PRP-LGC-QUEBRADORES,PP-PRP-LGC-PREPARACION > PP-PRP-LGC-QUEBRADORES,PP > PP-PRP-LGC-PREPARACION > PP-PRP-LGC-QUEBRADORES,PP > PP-PRP-LGC-PREPARACION > PP-PRP-LGC-QUEBRADORES > PP-PRP-QBR-QS07,286467,121e7c49-6f80-4698-91bd-c7c5a38e25dd-00045f03,Roofs,,Genérico - 400 mm,Genérico - 400 mm,,PP > PP-PRP-LGC-PREPARACION > PP-PRP-LGC-QUEBRADORES,contenedor_scoring,286467,121e7c49-6f80-4698-91bd-c7c5a38e25dd-00045f03,PP > PP-PRP-LGC-PREPARACION > PP-PRP-LGC-QUEBRADORES,3,77,NO,200,0,200,ancestro_project_exacto,286467:200:PP > PP-PRP-LGC-PREPARACION > PP-PRP-LGC-QUEBRADORES,PP-PRP-LGC-QUEBRADORES,Sin match puntual; contenedor único por ancestro Project PP-PRP-LGC-QUEBRADORES.,contenedor_unico_ancestro,PP-PRP-LGC-QUEBRADORES,286467,286467,,,un_elemento_revit_para_ancestro,PP,PP-PRP-LGC-PREPARACION,PP-PRP-LGC-QUEBRADORES,,,,,,,,,,,,,,,,,,,,,,,,,,,,,,,,,,,,,,,,,,,,,,,,,,,,,,,,,,,,,,,,,,,,,,,,,,,,,
contenedor_unico,contenedor_por_ancestro_project,PP-PRP-ALM-QA07,PP-ALIMENTADOR QA07 | Grupo: PP-ALM QBR ALLOCO,817,5,817,PP-PRP-QBR-QS07,PP-PRP-QBR-QS07,PP-PRP-LGC-PREPARACION > PP-PRP-LGC-QUEBRADORES > PP-PRP-QBR-QS07,PP > PP-PRP-LGC-PREPARACION > PP-PRP-LGC-QUEBRADORES > PP-PRP-QBR-QS07,PP > PP-PRP-LGC-PREPARACION > PP-PRP-LGC-QUEBRADORES > PP-PRP-QBR-QS07 > PP-PRP-ALM-QA07,286467,121e7c49-6f80-4698-91bd-c7c5a38e25dd-00045f03,Roofs,,Genérico - 400 mm,Genérico - 400 mm,,PP > PP-PRP-LGC-PREPARACION > PP-PRP-LGC-QUEBRADORES,contenedor_scoring,286467,121e7c49-6f80-4698-91bd-c7c5a38e25dd-00045f03,PP > PP-PRP-LGC-PREPARACION > PP-PRP-LGC-QUEBRADORES,3,77,NO,200,0,200,ancestro_project_exacto,286467:200:PP > PP-PRP-LGC-PREPARACION > PP-PRP-LGC-QUEBRADORES,PP-PRP-LGC-QUEBRADORES,Sin match puntual; contenedor único por ancestro Project PP-PRP-LGC-QUEBRADORES.,contenedor_unico_ancestro,PP-PRP-LGC-QUEBRADORES,286467,286467,,,un_elemento_revit_para_ancestro,PP,PP-PRP-LGC-PREPARACION,PP-PRP-LGC-QUEBRADORES,,,,,,,,,,,,,,,,,,,,,,,,,,,,,,,,,,,,,,,,,,,,,,,,,,,,,,,,,,,,,,,,,,,,,,,,,,,,,
contenedor_unico,contenedor_por_ancestro_project,PP-PRP-QBR-QS08,QUEBRADOR QS08 | Grupo: PP-QUEBRADOR ALLOCO,818,4,818,PP-PRP-LGC-QUEBRADORES,PP-PRP-LGC-QUEBRADORES,PP-PRP-LGC-PREPARACION > PP-PRP-LGC-QUEBRADORES,PP > PP-PRP-LGC-PREPARACION > PP-PRP-LGC-QUEBRADORES,PP > PP-PRP-LGC-PREPARACION > PP-PRP-LGC-QUEBRADORES > PP-PRP-QBR-QS08,286467,121e7c49-6f80-4698-91bd-c7c5a38e25dd-00045f03,Roofs,,Genérico - 400 mm,Genérico - 400 mm,,PP > PP-PRP-LGC-PREPARACION > PP-PRP-LGC-QUEBRADORES,contenedor_scoring,286467,121e7c49-6f80-4698-91bd-c7c5a38e25dd-00045f03,PP > PP-PRP-LGC-PREPARACION > PP-PRP-LGC-QUEBRADORES,3,77,NO,200,0,200,ancestro_project_exacto,286467:200:PP > PP-PRP-LGC-PREPARACION > PP-PRP-LGC-QUEBRADORES,PP-PRP-LGC-QUEBRADORES,Sin match puntual; contenedor único por ancestro Project PP-PRP-LGC-QUEBRADORES.,contenedor_unico_ancestro,PP-PRP-LGC-QUEBRADORES,286467,286467,,,un_elemento_revit_para_ancestro,PP,PP-PRP-LGC-PREPARACION,PP-PRP-LGC-QUEBRADORES,,,,,,,,,,,,,,,,,,,,,,,,,,,,,,,,,,,,,,,,,,,,,,,,,,,,,,,,,,,,,,,,,,,,,,,,,,,,,
contenedor_unico,contenedor_por_ancestro_project,PP-PRP-ALM-QA08,PP-ALIMENTADOR QA08 | Grupo: PP-ALM QBR ALLOCO,819,5,819,PP-PRP-QBR-QS08,PP-PRP-QBR-QS08,PP-PRP-LGC-PREPARACION > PP-PRP-LGC-QUEBRADORES > PP-PRP-QBR-QS08,PP > PP-PRP-LGC-PREPARACION > PP-PRP-LGC-QUEBRADORES > PP-PRP-QBR-QS08,PP > PP-PRP-LGC-PREPARACION > PP-PRP-LGC-QUEBRADORES > PP-PRP-QBR-QS08 > PP-PRP-ALM-QA08,286467,121e7c49-6f80-4698-91bd-c7c5a38e25dd-00045f03,Roofs,,Genérico - 400 mm,Genérico - 400 mm,,PP > PP-PRP-LGC-PREPARACION > PP-PRP-LGC-QUEBRADORES,contenedor_scoring,286467,121e7c49-6f80-4698-91bd-c7c5a38e25dd-00045f03,PP > PP-PRP-LGC-PREPARACION > PP-PRP-LGC-QUEBRADORES,3,77,NO,200,0,200,ancestro_project_exacto,286467:200:PP > PP-PRP-LGC-PREPARACION > PP-PRP-LGC-QUEBRADORES,PP-PRP-LGC-QUEBRADORES,Sin match puntual; contenedor único por ancestro Project PP-PRP-LGC-QUEBRADORES.,contenedor_unico_ancestro,PP-PRP-LGC-QUEBRADORES,286467,286467,,,un_elemento_revit_para_ancestro,PP,PP-PRP-LGC-PREPARACION,PP-PRP-LGC-QUEBRADORES,,,,,,,,,,,,,,,,,,,,,,,,,,,,,,,,,,,,,,,,,,,,,,,,,,,,,,,,,,,,,,,,,,,,,,,,,,,,,
contenedor_unico,contenedor_por_ancestro_project,PP-PRP-QBR-QS09,QUEBRADOR QS09 | Grupo: PP-QUEBRADOR ALLOCO,820,4,820,PP-PRP-LGC-QUEBRADORES,PP-PRP-LGC-QUEBRADORES,PP-PRP-LGC-PREPARACION > PP-PRP-LGC-QUEBRADORES,PP > PP-PRP-LGC-PREPARACION > PP-PRP-LGC-QUEBRADORES,PP > PP-PRP-LGC-PREPARACION > PP-PRP-LGC-QUEBRADORES > PP-PRP-QBR-QS09,286467,121e7c49-6f80-4698-91bd-c7c5a38e25dd-00045f03,Roofs,,Genérico - 400 mm,Genérico - 400 mm,,PP > PP-PRP-LGC-PREPARACION > PP-PRP-LGC-QUEBRADORES,contenedor_scoring,286467,121e7c49-6f80-4698-91bd-c7c5a38e25dd-00045f03,PP > PP-PRP-LGC-PREPARACION > PP-PRP-LGC-QUEBRADORES,3,77,NO,200,0,200,ancestro_project_exacto,286467:200:PP > PP-PRP-LGC-PREPARACION > PP-PRP-LGC-QUEBRADORES,PP-PRP-LGC-QUEBRADORES,Sin match puntual; contenedor único por ancestro Project PP-PRP-LGC-QUEBRADORES.,contenedor_unico_ancestro,PP-PRP-LGC-QUEBRADORES,286467,286467,,,un_elemento_revit_para_ancestro,PP,PP-PRP-LGC-PREPARACION,PP-PRP-LGC-QUEBRADORES,,,,,,,,,,,,,,,,,,,,,,,,,,,,,,,,,,,,,,,,,,,,,,,,,,,,,,,,,,,,,,,,,,,,,,,,,,,,,
contenedor_unico,contenedor_por_ancestro_project,PP-PRP-ALM-QA09,PP-ALIMENTADOR QA09 | Grupo: PP-ALM QBR ALLOCO,821,5,821,PP-PRP-QBR-QS09,PP-PRP-QBR-QS09,PP-PRP-LGC-PREPARACION > PP-PRP-LGC-QUEBRADORES > PP-PRP-QBR-QS09,PP > PP-PRP-LGC-PREPARACION > PP-PRP-LGC-QUEBRADORES > PP-PRP-QBR-QS09,PP > PP-PRP-LGC-PREPARACION > PP-PRP-LGC-QUEBRADORES > PP-PRP-QBR-QS09 > PP-PRP-ALM-QA09,286467,121e7c49-6f80-4698-91bd-c7c5a38e25dd-00045f03,Roofs,,Genérico - 400 mm,Genérico - 400 mm,,PP > PP-PRP-LGC-PREPARACION > PP-PRP-LGC-QUEBRADORES,contenedor_scoring,286467,121e7c49-6f80-4698-91bd-c7c5a38e25dd-00045f03,PP > PP-PRP-LGC-PREPARACION > PP-PRP-LGC-QUEBRADORES,3,77,NO,200,0,200,ancestro_project_exacto,286467:200:PP > PP-PRP-LGC-PREPARACION > PP-PRP-LGC-QUEBRADORES,PP-PRP-LGC-QUEBRADORES,Sin match puntual; contenedor único por ancestro Project PP-PRP-LGC-QUEBRADORES.,contenedor_unico_ancestro,PP-PRP-LGC-QUEBRADORES,286467,286467,,,un_elemento_revit_para_ancestro,PP,PP-PRP-LGC-PREPARACION,PP-PRP-LGC-QUEBRADORES,,,,,,,,,,,,,,,,,,,,,,,,,,,,,,,,,,,,,,,,,,,,,,,,,,,,,,,,,,,,,,,,,,,,,,,,,,,,,
contenedor_unico,contenedor_por_ancestro_project,PP-PRP-QBR-QS10,QUEBRADOR QS10 | Grupo: PP-QUEBRADOR ALLOCO,822,4,822,PP-PRP-LGC-QUEBRADORES,PP-PRP-LGC-QUEBRADORES,PP-PRP-LGC-PREPARACION > PP-PRP-LGC-QUEBRADORES,PP > PP-PRP-LGC-PREPARACION > PP-PRP-LGC-QUEBRADORES,PP > PP-PRP-LGC-PREPARACION > PP-PRP-LGC-QUEBRADORES > PP-PRP-QBR-QS10,286467,121e7c49-6f80-4698-91bd-c7c5a38e25dd-00045f03,Roofs,,Genérico - 400 mm,Genérico - 400 mm,,PP > PP-PRP-LGC-PREPARACION > PP-PRP-LGC-QUEBRADORES,contenedor_scoring,286467,121e7c49-6f80-4698-91bd-c7c5a38e25dd-00045f03,PP > PP-PRP-LGC-PREPARACION > PP-PRP-LGC-QUEBRADORES,3,77,NO,200,0,200,ancestro_project_exacto,286467:200:PP > PP-PRP-LGC-PREPARACION > PP-PRP-LGC-QUEBRADORES,PP-PRP-LGC-QUEBRADORES,Sin match puntual; contenedor único por ancestro Project PP-PRP-LGC-QUEBRADORES.,contenedor_unico_ancestro,PP-PRP-LGC-QUEBRADORES,286467,286467,,,un_elemento_revit_para_ancestro,PP,PP-PRP-LGC-PREPARACION,PP-PRP-LGC-QUEBRADORES,,,,,,,,,,,,,,,,,,,,,,,,,,,,,,,,,,,,,,,,,,,,,,,,,,,,,,,,,,,,,,,,,,,,,,,,,,,,,
contenedor_unico,contenedor_por_ancestro_project,PP-PRP-ALM-QA10,PP-ALIMENTADOR QA10 | Grupo: PP-ALM QBR ALLOCO,823,5,823,PP-PRP-QBR-QS10,PP-PRP-QBR-QS10,PP-PRP-LGC-PREPARACION > PP-PRP-LGC-QUEBRADORES > PP-PRP-QBR-QS10,PP > PP-PRP-LGC-PREPARACION > PP-PRP-LGC-QUEBRADORES > PP-PRP-QBR-QS10,PP > PP-PRP-LGC-PREPARACION > PP-PRP-LGC-QUEBRADORES > PP-PRP-QBR-QS10 > PP-PRP-ALM-QA10,286467,121e7c49-6f80-4698-91bd-c7c5a38e25dd-00045f03,Roofs,,Genérico - 400 mm,Genérico - 400 mm,,PP > PP-PRP-LGC-PREPARACION > PP-PRP-LGC-QUEBRADORES,contenedor_scoring,286467,121e7c49-6f80-4698-91bd-c7c5a38e25dd-00045f03,PP > PP-PRP-LGC-PREPARACION > PP-PRP-LGC-QUEBRADORES,3,77,NO,200,0,200,ancestro_project_exacto,286467:200:PP > PP-PRP-LGC-PREPARACION > PP-PRP-LGC-QUEBRADORES,PP-PRP-LGC-QUEBRADORES,Sin match puntual; contenedor único por ancestro Project PP-PRP-LGC-QUEBRADORES.,contenedor_unico_ancestro,PP-PRP-LGC-QUEBRADORES,286467,286467,,,un_elemento_revit_para_ancestro,PP,PP-PRP-LGC-PREPARACION,PP-PRP-LGC-QUEBRADORES,,,,,,,,,,,,,,,,,,,,,,,,,,,,,,,,,,,,,,,,,,,,,,,,,,,,,,,,,,,,,,,,,,,,,,,,,,,,,
contenedor_unico,contenedor_por_ancestro_project,PP-PRP-QBR-QS11,QUEBRADOR QS11 | Grupo: PP-QUEBRADOR ALLOCO,824,4,824,PP-PRP-LGC-QUEBRADORES,PP-PRP-LGC-QUEBRADORES,PP-PRP-LGC-PREPARACION > PP-PRP-LGC-QUEBRADORES,PP > PP-PRP-LGC-PREPARACION > PP-PRP-LGC-QUEBRADORES,PP > PP-PRP-LGC-PREPARACION > PP-PRP-LGC-QUEBRADORES > PP-PRP-QBR-QS11,286467,121e7c49-6f80-4698-91bd-c7c5a38e25dd-00045f03,Roofs,,Genérico - 400 mm,Genérico - 400 mm,,PP > PP-PRP-LGC-PREPARACION > PP-PRP-LGC-QUEBRADORES,contenedor_scoring,286467,121e7c49-6f80-4698-91bd-c7c5a38e25dd-00045f03,PP > PP-PRP-LGC-PREPARACION > PP-PRP-LGC-QUEBRADORES,3,77,NO,200,0,200,ancestro_project_exacto,286467:200:PP > PP-PRP-LGC-PREPARACION > PP-PRP-LGC-QUEBRADORES,PP-PRP-LGC-QUEBRADORES,Sin match puntual; contenedor único por ancestro Project PP-PRP-LGC-QUEBRADORES.,contenedor_unico_ancestro,PP-PRP-LGC-QUEBRADORES,286467,286467,,,un_elemento_revit_para_ancestro,PP,PP-PRP-LGC-PREPARACION,PP-PRP-LGC-QUEBRADORES,,,,,,,,,,,,,,,,,,,,,,,,,,,,,,,,,,,,,,,,,,,,,,,,,,,,,,,,,,,,,,,,,,,,,,,,,,,,,
contenedor_unico,contenedor_por_ancestro_project,PP-PRP-ALM-QA11,PP-ALIMENTADOR QA11 | Grupo: PP-ALM QBR ALLOCO,825,5,825,PP-PRP-QBR-QS11,PP-PRP-QBR-QS11,PP-PRP-LGC-PREPARACION > PP-PRP-LGC-QUEBRADORES > PP-PRP-QBR-QS11,PP > PP-PRP-LGC-PREPARACION > PP-PRP-LGC-QUEBRADORES > PP-PRP-QBR-QS11,PP > PP-PRP-LGC-PREPARACION > PP-PRP-LGC-QUEBRADORES > PP-PRP-QBR-QS11 > PP-PRP-ALM-QA11,286467,121e7c49-6f80-4698-91bd-c7c5a38e25dd-00045f03,Roofs,,Genérico - 400 mm,Genérico - 400 mm,,PP > PP-PRP-LGC-PREPARACION > PP-PRP-LGC-QUEBRADORES,contenedor_scoring,286467,121e7c49-6f80-4698-91bd-c7c5a38e25dd-00045f03,PP > PP-PRP-LGC-PREPARACION > PP-PRP-LGC-QUEBRADORES,3,77,NO,200,0,200,ancestro_project_exacto,286467:200:PP > PP-PRP-LGC-PREPARACION > PP-PRP-LGC-QUEBRADORES,PP-PRP-LGC-QUEBRADORES,Sin match puntual; contenedor único por ancestro Project PP-PRP-LGC-QUEBRADORES.,contenedor_unico_ancestro,PP-PRP-LGC-QUEBRADORES,286467,286467,,,un_elemento_revit_para_ancestro,PP,PP-PRP-LGC-PREPARACION,PP-PRP-LGC-QUEBRADORES,,,,,,,,,,,,,,,,,,,,,,,,,,,,,,,,,,,,,,,,,,,,,,,,,,,,,,,,,,,,,,,,,,,,,,,,,,,,,
contenedor_unico,contenedor_por_ancestro_project,PP-PRP-QBR-QS12,QUEBRADOR QS12  (RESERVA) | Grupo: PP-QUEBRADOR ALLOCO,826,4,826,PP-PRP-LGC-QUEBRADORES,PP-PRP-LGC-QUEBRADORES,PP-PRP-LGC-PREPARACION > PP-PRP-LGC-QUEBRADORES,PP > PP-PRP-LGC-PREPARACION > PP-PRP-LGC-QUEBRADORES,PP > PP-PRP-LGC-PREPARACION > PP-PRP-LGC-QUEBRADORES > PP-PRP-QBR-QS12,286467,121e7c49-6f80-4698-91bd-c7c5a38e25dd-00045f03,Roofs,,Genérico - 400 mm,Genérico - 400 mm,,PP > PP-PRP-LGC-PREPARACION > PP-PRP-LGC-QUEBRADORES,contenedor_scoring,286467,121e7c49-6f80-4698-91bd-c7c5a38e25dd-00045f03,PP > PP-PRP-LGC-PREPARACION > PP-PRP-LGC-QUEBRADORES,3,77,NO,200,0,200,ancestro_project_exacto,286467:200:PP > PP-PRP-LGC-PREPARACION > PP-PRP-LGC-QUEBRADORES,PP-PRP-LGC-QUEBRADORES,Sin match puntual; contenedor único por ancestro Project PP-PRP-LGC-QUEBRADORES.,contenedor_unico_ancestro,PP-PRP-LGC-QUEBRADORES,286467,286467,,,un_elemento_revit_para_ancestro,PP,PP-PRP-LGC-PREPARACION,PP-PRP-LGC-QUEBRADORES,,,,,,,,,,,,,,,,,,,,,,,,,,,,,,,,,,,,,,,,,,,,,,,,,,,,,,,,,,,,,,,,,,,,,,,,,,,,,
contenedor_unico,contenedor_por_ancestro_project,PP-PRP-ALM-QA12,PP-ALIMENTADOR QA12 | Grupo: PP-ALM QBR ALLOCO,827,5,827,PP-PRP-QBR-QS12,PP-PRP-QBR-QS12,PP-PRP-LGC-PREPARACION > PP-PRP-LGC-QUEBRADORES > PP-PRP-QBR-QS12,PP > PP-PRP-LGC-PREPARACION > PP-PRP-LGC-QUEBRADORES > PP-PRP-QBR-QS12,PP > PP-PRP-LGC-PREPARACION > PP-PRP-LGC-QUEBRADORES > PP-PRP-QBR-QS12 > PP-PRP-ALM-QA12,286467,121e7c49-6f80-4698-91bd-c7c5a38e25dd-00045f03,Roofs,,Genérico - 400 mm,Genérico - 400 mm,,PP > PP-PRP-LGC-PREPARACION > PP-PRP-LGC-QUEBRADORES,contenedor_scoring,286467,121e7c49-6f80-4698-91bd-c7c5a38e25dd-00045f03,PP > PP-PRP-LGC-PREPARACION > PP-PRP-LGC-QUEBRADORES,3,77,NO,200,0,200,ancestro_project_exacto,286467:200:PP > PP-PRP-LGC-PREPARACION > PP-PRP-LGC-QUEBRADORES,PP-PRP-LGC-QUEBRADORES,Sin match puntual; contenedor único por ancestro Project PP-PRP-LGC-QUEBRADORES.,contenedor_unico_ancestro,PP-PRP-LGC-QUEBRADORES,286467,286467,,,un_elemento_revit_para_ancestro,PP,PP-PRP-LGC-PREPARACION,PP-PRP-LGC-QUEBRADORES,,,,,,,,,,,,,,,,,,,,,,,,,,,,,,,,,,,,,,,,,,,,,,,,,,,,,,,,,,,,,,,,,,,,,,,,,,,,,
contenedor_unico,contenedor_por_ancestro_project,PP-PRP-RSC-S20,DE QUEBRADORES A TOLVA DE RETORNO | Grupo: PP-RSC S20,828,4,828,PP-PRP-LGC-QUEBRADORES,PP-PRP-LGC-QUEBRADORES,PP-PRP-LGC-PREPARACION > PP-PRP-LGC-QUEBRADORES,PP > PP-PRP-LGC-PREPARACION > PP-PRP-LGC-QUEBRADORES,PP > PP-PRP-LGC-PREPARACION > PP-PRP-LGC-QUEBRADORES > PP-PRP-RSC-S20,286467,121e7c49-6f80-4698-91bd-c7c5a38e25dd-00045f03,Roofs,,Genérico - 400 mm,Genérico - 400 mm,,PP > PP-PRP-LGC-PREPARACION > PP-PRP-LGC-QUEBRADORES,contenedor_scoring,286467,121e7c49-6f80-4698-91bd-c7c5a38e25dd-00045f03,PP > PP-PRP-LGC-PREPARACION > PP-PRP-LGC-QUEBRADORES,3,77,NO,200,0,200,ancestro_project_exacto,286467:200:PP > PP-PRP-LGC-PREPARACION > PP-PRP-LGC-QUEBRADORES,PP-PRP-LGC-QUEBRADORES,Sin match puntual; contenedor único por ancestro Project PP-PRP-LGC-QUEBRADORES.,contenedor_unico_ancestro,PP-PRP-LGC-QUEBRADORES,286467,286467,,,un_elemento_revit_para_ancestro,PP,PP-PRP-LGC-PREPARACION,PP-PRP-LGC-QUEBRADORES,,,,,,,,,,,,,,,,,,,,,,,,,,,,,,,,,,,,,,,,,,,,,,,,,,,,,,,,,,,,,,,,,,,,,,,,,,,,,
contenedor_unico,contenedor_por_ancestro_project,PP-PRP-TLV-TLVRETOR,TOLVA DE RETORNO DE QUEBRADORES | Grupo: PP-TLV RETORNO QUEBR,829,4,829,PP-PRP-LGC-QUEBRADORES,PP-PRP-LGC-QUEBRADORES,PP-PRP-LGC-PREPARACION > PP-PRP-LGC-QUEBRADORES,PP > PP-PRP-LGC-PREPARACION > PP-PRP-LGC-QUEBRADORES,PP > PP-PRP-LGC-PREPARACION > PP-PRP-LGC-QUEBRADORES > PP-PRP-TLV-TLVRETOR,286467,121e7c49-6f80-4698-91bd-c7c5a38e25dd-00045f03,Roofs,,Genérico - 400 mm,Genérico - 400 mm,,PP > PP-PRP-LGC-PREPARACION > PP-PRP-LGC-QUEBRADORES,contenedor_scoring,286467,121e7c49-6f80-4698-91bd-c7c5a38e25dd-00045f03,PP > PP-PRP-LGC-PREPARACION > PP-PRP-LGC-QUEBRADORES,3,77,NO,200,0,200,ancestro_project_exacto,286467:200:PP > PP-PRP-LGC-PREPARACION > PP-PRP-LGC-QUEBRADORES,PP-PRP-LGC-QUEBRADORES,Sin match puntual; contenedor único por ancestro Project PP-PRP-LGC-QUEBRADORES.,contenedor_unico_ancestro,PP-PRP-LGC-QUEBRADORES,286467,286467,,,un_elemento_revit_para_ancestro,PP,PP-PRP-LGC-PREPARACION,PP-PRP-LGC-QUEBRADORES,,,,,,,,,,,,,,,,,,,,,,,,,,,,,,,,,,,,,,,,,,,,,,,,,,,,,,,,,,,,,,,,,,,,,,,,,,,,,
contenedor_unico,contenedor_por_ancestro_project,PP-PRP-VLV-VG08,VALVULA ROTATIVA VG08 | Grupo: PP-VLV GUILLOTINA VG08,830,5,830,PP-PRP-TLV-TLVRETOR,PP-PRP-TLV-TLVRETOR,PP-PRP-LGC-PREPARACION > PP-PRP-LGC-QUEBRADORES > PP-PRP-TLV-TLVRETOR,PP > PP-PRP-LGC-PREPARACION > PP-PRP-LGC-QUEBRADORES > PP-PRP-TLV-TLVRETOR,PP > PP-PRP-LGC-PREPARACION > PP-PRP-LGC-QUEBRADORES > PP-PRP-TLV-TLVRETOR > PP-PRP-VLV-VG08,286467,121e7c49-6f80-4698-91bd-c7c5a38e25dd-00045f03,Roofs,,Genérico - 400 mm,Genérico - 400 mm,,PP > PP-PRP-LGC-PREPARACION > PP-PRP-LGC-QUEBRADORES,contenedor_scoring,286467,121e7c49-6f80-4698-91bd-c7c5a38e25dd-00045f03,PP > PP-PRP-LGC-PREPARACION > PP-PRP-LGC-QUEBRADORES,3,77,NO,200,0,200,ancestro_project_exacto,286467:200:PP > PP-PRP-LGC-PREPARACION > PP-PRP-LGC-QUEBRADORES,PP-PRP-LGC-QUEBRADORES,Sin match puntual; contenedor único por ancestro Project PP-PRP-LGC-QUEBRADORES.,contenedor_unico_ancestro,PP-PRP-LGC-QUEBRADORES,286467,286467,,,un_elemento_revit_para_ancestro,PP,PP-PRP-LGC-PREPARACION,PP-PRP-LGC-QUEBRADORES,,,,,,,,,,,,,,,,,,,,,,,,,,,,,,,,,,,,,,,,,,,,,,,,,,,,,,,,,,,,,,,,,,,,,,,,,,,,,
contenedor_unico,contenedor_por_ancestro_project,PP-PRP-VLV-VR05A,VALVULA ROTATIVA VR05A SALIDA DE TOVA DE RETORNO | Grupo: PP-VLV ROT VR05A,831,5,831,PP-PRP-TLV-TLVRETOR,PP-PRP-TLV-TLVRETOR,PP-PRP-LGC-PREPARACION > PP-PRP-LGC-QUEBRADORES > PP-PRP-TLV-TLVRETOR,PP > PP-PRP-LGC-PREPARACION > PP-PRP-LGC-QUEBRADORES > PP-PRP-TLV-TLVRETOR,PP > PP-PRP-LGC-PREPARACION > PP-PRP-LGC-QUEBRADORES > PP-PRP-TLV-TLVRETOR > PP-PRP-VLV-VR05A,286467,121e7c49-6f80-4698-91bd-c7c5a38e25dd-00045f03,Roofs,,Genérico - 400 mm,Genérico - 400 mm,,PP > PP-PRP-LGC-PREPARACION > PP-PRP-LGC-QUEBRADORES,contenedor_scoring,286467,121e7c49-6f80-4698-91bd-c7c5a38e25dd-00045f03,PP > PP-PRP-LGC-PREPARACION > PP-PRP-LGC-QUEBRADORES,3,77,NO,200,0,200,ancestro_project_exacto,286467:200:PP > PP-PRP-LGC-PREPARACION > PP-PRP-LGC-QUEBRADORES,PP-PRP-LGC-QUEBRADORES,Sin match puntual; contenedor único por ancestro Project PP-PRP-LGC-QUEBRADORES.,contenedor_unico_ancestro,PP-PRP-LGC-QUEBRADORES,286467,286467,,,un_elemento_revit_para_ancestro,PP,PP-PRP-LGC-PREPARACION,PP-PRP-LGC-QUEBRADORES,,,,,,,,,,,,,,,,,,,,,,,,,,,,,,,,,,,,,,,,,,,,,,,,,,,,,,,,,,,,,,,,,,,,,,,,,,,,,
match_directo,elemento_puntual,PP-PRP-LGC-REDLER,CONJUNTO DE REDLER PREPARACION PTA PTO | Grupo: PP-CONJ RDL PRP,832,3,832,PP-PRP-LGC-PREPARACION,PP-PRP-LGC-PREPARACION,PP-PRP-LGC-PREPARACION,PP > PP-PRP-LGC-PREPARACION,PP > PP-PRP-LGC-PREPARACION > PP-PRP-LGC-REDLER,286906,121e7c49-6f80-4698-91bd-c7c5a38e25dd-000460ba,Roofs,,Genérico - 400 mm,Genérico - 400 mm,,PP > PP-PRP-LGC-PREPARACION > PP-PRP-LGC-REDLER,btz_description_03,,,,,,,,,,,,,Coincidencia exacta única con elemento Revit.,match_directo,,,,,,match_puntual_unico,PP,PP-PRP-LGC-PREPARACION,PP-PRP-LGC-REDLER,,,,,,,,,,,,,,,,,,,,,,,,,,,,,,,,,,,,,,,,,,,,,,,,,,,,,,,,,,,,,,,,,,,,,,,,,,,,,
contenedor_unico,contenedor_por_ancestro_project,PP-PRP-RDL-DR01,REDLER ALIMENTACION BEAN HEATER | Grupo: PP-REDLER DR01,833,4,833,PP-PRP-LGC-REDLER,PP-PRP-LGC-REDLER,PP-PRP-LGC-PREPARACION > PP-PRP-LGC-REDLER,PP > PP-PRP-LGC-PREPARACION > PP-PRP-LGC-REDLER,PP > PP-PRP-LGC-PREPARACION > PP-PRP-LGC-REDLER > PP-PRP-RDL-DR01,286906,121e7c49-6f80-4698-91bd-c7c5a38e25dd-000460ba,Roofs,,Genérico - 400 mm,Genérico - 400 mm,,PP > PP-PRP-LGC-PREPARACION > PP-PRP-LGC-REDLER,contenedor_scoring,286906,121e7c49-6f80-4698-91bd-c7c5a38e25dd-000460ba,PP > PP-PRP-LGC-PREPARACION > PP-PRP-LGC-REDLER,3,77,NO,200,0,200,ancestro_project_exacto,286906:200:PP > PP-PRP-LGC-PREPARACION > PP-PRP-LGC-REDLER,PP-PRP-LGC-REDLER,Sin match puntual; contenedor único por ancestro Project PP-PRP-LGC-REDLER.,contenedor_unico_ancestro,PP-PRP-LGC-REDLER,286906,286906,,,un_elemento_revit_para_ancestro,PP,PP-PRP-LGC-PREPARACION,PP-PRP-LGC-REDLER,,,,,,,,,,,,,,,,,,,,,,,,,,,,,,,,,,,,,,,,,,,,,,,,,,,,,,,,,,,,,,,,,,,,,,,,,,,,,
contenedor_unico,contenedor_por_ancestro_project,PP-PRP-RDL-DR05,REDLER DR05 ALIMENT LINEA 1 QUEB 2 PAS | Grupo: PP-REDLER DR05,834,4,834,PP-PRP-LGC-REDLER,PP-PRP-LGC-REDLER,PP-PRP-LGC-PREPARACION > PP-PRP-LGC-REDLER,PP > PP-PRP-LGC-PREPARACION > PP-PRP-LGC-REDLER,PP > PP-PRP-LGC-PREPARACION > PP-PRP-LGC-REDLER > PP-PRP-RDL-DR05,286906,121e7c49-6f80-4698-91bd-c7c5a38e25dd-000460ba,Roofs,,Genérico - 400 mm,Genérico - 400 mm,,PP > PP-PRP-LGC-PREPARACION > PP-PRP-LGC-REDLER,contenedor_scoring,286906,121e7c49-6f80-4698-91bd-c7c5a38e25dd-000460ba,PP > PP-PRP-LGC-PREPARACION > PP-PRP-LGC-REDLER,3,77,NO,200,0,200,ancestro_project_exacto,286906:200:PP > PP-PRP-LGC-PREPARACION > PP-PRP-LGC-REDLER,PP-PRP-LGC-REDLER,Sin match puntual; contenedor único por ancestro Project PP-PRP-LGC-REDLER.,contenedor_unico_ancestro,PP-PRP-LGC-REDLER,286906,286906,,,un_elemento_revit_para_ancestro,PP,PP-PRP-LGC-PREPARACION,PP-PRP-LGC-REDLER,,,,,,,,,,,,,,,,,,,,,,,,,,,,,,,,,,,,,,,,,,,,,,,,,,,,,,,,,,,,,,,,,,,,,,,,,,,,,
contenedor_unico,contenedor_por_ancestro_project,PP-PRP-RDL-DR06,REDLER DR06 REDLER A LINEA 2 QUEB | Grupo: PP-REDLER DR06,835,4,835,PP-PRP-LGC-REDLER,PP-PRP-LGC-REDLER,PP-PRP-LGC-PREPARACION > PP-PRP-LGC-REDLER,PP > PP-PRP-LGC-PREPARACION > PP-PRP-LGC-REDLER,PP > PP-PRP-LGC-PREPARACION > PP-PRP-LGC-REDLER > PP-PRP-RDL-DR06,286906,121e7c49-6f80-4698-91bd-c7c5a38e25dd-000460ba,Roofs,,Genérico - 400 mm,Genérico - 400 mm,,PP > PP-PRP-LGC-PREPARACION > PP-PRP-LGC-REDLER,contenedor_scoring,286906,121e7c49-6f80-4698-91bd-c7c5a38e25dd-000460ba,PP > PP-PRP-LGC-PREPARACION > PP-PRP-LGC-REDLER,3,77,NO,200,0,200,ancestro_project_exacto,286906:200:PP > PP-PRP-LGC-PREPARACION > PP-PRP-LGC-REDLER,PP-PRP-LGC-REDLER,Sin match puntual; contenedor único por ancestro Project PP-PRP-LGC-REDLER.,contenedor_unico_ancestro,PP-PRP-LGC-REDLER,286906,286906,,,un_elemento_revit_para_ancestro,PP,PP-PRP-LGC-PREPARACION,PP-PRP-LGC-REDLER,,,,,,,,,,,,,,,,,,,,,,,,,,,,,,,,,,,,,,,,,,,,,,,,,,,,,,,,,,,,,,,,,,,,,,,,,,,,,
contenedor_unico,contenedor_por_ancestro_project,PP-PRP-RDL-DR07,REDLER DR07 ALIMENT LINEA 2 QUEB 2 PAS | Grupo: PP-REDLER DR07,836,4,836,PP-PRP-LGC-REDLER,PP-PRP-LGC-REDLER,PP-PRP-LGC-PREPARACION > PP-PRP-LGC-REDLER,PP > PP-PRP-LGC-PREPARACION > PP-PRP-LGC-REDLER,PP > PP-PRP-LGC-PREPARACION > PP-PRP-LGC-REDLER > PP-PRP-RDL-DR07,286906,121e7c49-6f80-4698-91bd-c7c5a38e25dd-000460ba,Roofs,,Genérico - 400 mm,Genérico - 400 mm,,PP > PP-PRP-LGC-PREPARACION > PP-PRP-LGC-REDLER,contenedor_scoring,286906,121e7c49-6f80-4698-91bd-c7c5a38e25dd-000460ba,PP > PP-PRP-LGC-PREPARACION > PP-PRP-LGC-REDLER,3,77,NO,200,0,200,ancestro_project_exacto,286906:200:PP > PP-PRP-LGC-PREPARACION > PP-PRP-LGC-REDLER,PP-PRP-LGC-REDLER,Sin match puntual; contenedor único por ancestro Project PP-PRP-LGC-REDLER.,contenedor_unico_ancestro,PP-PRP-LGC-REDLER,286906,286906,,,un_elemento_revit_para_ancestro,PP,PP-PRP-LGC-PREPARACION,PP-PRP-LGC-REDLER,,,,,,,,,,,,,,,,,,,,,,,,,,,,,,,,,,,,,,,,,,,,,,,,,,,,,,,,,,,,,,,,,,,,,,,,,,,,,
contenedor_unico,contenedor_por_ancestro_project,PP-PRP-RDL-R03,REDLER R03  DOBLE SOBRE QUEBRADORES | Grupo: PP-REDLER R03,837,4,837,PP-PRP-LGC-REDLER,PP-PRP-LGC-REDLER,PP-PRP-LGC-PREPARACION > PP-PRP-LGC-REDLER,PP > PP-PRP-LGC-PREPARACION > PP-PRP-LGC-REDLER,PP > PP-PRP-LGC-PREPARACION > PP-PRP-LGC-REDLER > PP-PRP-RDL-R03,286906,121e7c49-6f80-4698-91bd-c7c5a38e25dd-000460ba,Roofs,,Genérico - 400 mm,Genérico - 400 mm,,PP > PP-PRP-LGC-PREPARACION > PP-PRP-LGC-REDLER,contenedor_scoring,286906,121e7c49-6f80-4698-91bd-c7c5a38e25dd-000460ba,PP > PP-PRP-LGC-PREPARACION > PP-PRP-LGC-REDLER,3,77,NO,200,0,200,ancestro_project_exacto,286906:200:PP > PP-PRP-LGC-PREPARACION > PP-PRP-LGC-REDLER,PP-PRP-LGC-REDLER,Sin match puntual; contenedor único por ancestro Project PP-PRP-LGC-REDLER.,contenedor_unico_ancestro,PP-PRP-LGC-REDLER,286906,286906,,,un_elemento_revit_para_ancestro,PP,PP-PRP-LGC-PREPARACION,PP-PRP-LGC-REDLER,,,,,,,,,,,,,,,,,,,,,,,,,,,,,,,,,,,,,,,,,,,,,,,,,,,,,,,,,,,,,,,,,,,,,,,,,,,,,
contenedor_unico,contenedor_por_ancestro_project,PP-PRP-RDL-R04,REDLER R04 BAJO QUEBRADORES L-1 | Grupo: PP-REDLER R04,838,4,838,PP-PRP-LGC-REDLER,PP-PRP-LGC-REDLER,PP-PRP-LGC-PREPARACION > PP-PRP-LGC-REDLER,PP > PP-PRP-LGC-PREPARACION > PP-PRP-LGC-REDLER,PP > PP-PRP-LGC-PREPARACION > PP-PRP-LGC-REDLER > PP-PRP-RDL-R04,286906,121e7c49-6f80-4698-91bd-c7c5a38e25dd-000460ba,Roofs,,Genérico - 400 mm,Genérico - 400 mm,,PP > PP-PRP-LGC-PREPARACION > PP-PRP-LGC-REDLER,contenedor_scoring,286906,121e7c49-6f80-4698-91bd-c7c5a38e25dd-000460ba,PP > PP-PRP-LGC-PREPARACION > PP-PRP-LGC-REDLER,3,77,NO,200,0,200,ancestro_project_exacto,286906:200:PP > PP-PRP-LGC-PREPARACION > PP-PRP-LGC-REDLER,PP-PRP-LGC-REDLER,Sin match puntual; contenedor único por ancestro Project PP-PRP-LGC-REDLER.,contenedor_unico_ancestro,PP-PRP-LGC-REDLER,286906,286906,,,un_elemento_revit_para_ancestro,PP,PP-PRP-LGC-PREPARACION,PP-PRP-LGC-REDLER,,,,,,,,,,,,,,,,,,,,,,,,,,,,,,,,,,,,,,,,,,,,,,,,,,,,,,,,,,,,,,,,,,,,,,,,,,,,,
contenedor_unico,contenedor_por_ancestro_project,PP-PRP-RDL-R05,REDLER R05 BAJO QUEBRADORES L-2 | Grupo: PP-REDLER R05,839,4,839,PP-PRP-LGC-REDLER,PP-PRP-LGC-REDLER,PP-PRP-LGC-PREPARACION > PP-PRP-LGC-REDLER,PP > PP-PRP-LGC-PREPARACION > PP-PRP-LGC-REDLER,PP > PP-PRP-LGC-PREPARACION > PP-PRP-LGC-REDLER > PP-PRP-RDL-R05,286906,121e7c49-6f80-4698-91bd-c7c5a38e25dd-000460ba,Roofs,,Genérico - 400 mm,Genérico - 400 mm,,PP > PP-PRP-LGC-PREPARACION > PP-PRP-LGC-REDLER,contenedor_scoring,286906,121e7c49-6f80-4698-91bd-c7c5a38e25dd-000460ba,PP > PP-PRP-LGC-PREPARACION > PP-PRP-LGC-REDLER,3,77,NO,200,0,200,ancestro_project_exacto,286906:200:PP > PP-PRP-LGC-PREPARACION > PP-PRP-LGC-REDLER,PP-PRP-LGC-REDLER,Sin match puntual; contenedor único por ancestro Project PP-PRP-LGC-REDLER.,contenedor_unico_ancestro,PP-PRP-LGC-REDLER,286906,286906,,,un_elemento_revit_para_ancestro,PP,PP-PRP-LGC-PREPARACION,PP-PRP-LGC-REDLER,,,,,,,,,,,,,,,,,,,,,,,,,,,,,,,,,,,,,,,,,,,,,,,,,,,,,,,,,,,,,,,,,,,,,,,,,,,,,
contenedor_unico,contenedor_por_ancestro_project,PP-PRP-RDL-R06,REDLER R06 DE DR10 A R08 (SOBRE LINEA 1 LAMI | Grupo: PP-REDLER R06,840,4,840,PP-PRP-LGC-REDLER,PP-PRP-LGC-REDLER,PP-PRP-LGC-PREPARACION > PP-PRP-LGC-REDLER,PP > PP-PRP-LGC-PREPARACION > PP-PRP-LGC-REDLER,PP > PP-PRP-LGC-PREPARACION > PP-PRP-LGC-REDLER > PP-PRP-RDL-R06,286906,121e7c49-6f80-4698-91bd-c7c5a38e25dd-000460ba,Roofs,,Genérico - 400 mm,Genérico - 400 mm,,PP > PP-PRP-LGC-PREPARACION > PP-PRP-LGC-REDLER,contenedor_scoring,286906,121e7c49-6f80-4698-91bd-c7c5a38e25dd-000460ba,PP > PP-PRP-LGC-PREPARACION > PP-PRP-LGC-REDLER,3,77,NO,200,0,200,ancestro_project_exacto,286906:200:PP > PP-PRP-LGC-PREPARACION > PP-PRP-LGC-REDLER,PP-PRP-LGC-REDLER,Sin match puntual; contenedor único por ancestro Project PP-PRP-LGC-REDLER.,contenedor_unico_ancestro,PP-PRP-LGC-REDLER,286906,286906,,,un_elemento_revit_para_ancestro,PP,PP-PRP-LGC-PREPARACION,PP-PRP-LGC-REDLER,,,,,,,,,,,,,,,,,,,,,,,,,,,,,,,,,,,,,,,,,,,,,,,,,,,,,,,,,,,,,,,,,,,,,,,,,,,,,
contenedor_unico,contenedor_por_ancestro_project,PP-PRP-RDL-R07,REDLER R07 DE DR11 A R09 (SOBRE LINEA 2 LAMI | Grupo: PP-REDLER R07,841,4,841,PP-PRP-LGC-REDLER,PP-PRP-LGC-REDLER,PP-PRP-LGC-PREPARACION > PP-PRP-LGC-REDLER,PP > PP-PRP-LGC-PREPARACION > PP-PRP-LGC-REDLER,PP > PP-PRP-LGC-PREPARACION > PP-PRP-LGC-REDLER > PP-PRP-RDL-R07,286906,121e7c49-6f80-4698-91bd-c7c5a38e25dd-000460ba,Roofs,,Genérico - 400 mm,Genérico - 400 mm,,PP > PP-PRP-LGC-PREPARACION > PP-PRP-LGC-REDLER,contenedor_scoring,286906,121e7c49-6f80-4698-91bd-c7c5a38e25dd-000460ba,PP > PP-PRP-LGC-PREPARACION > PP-PRP-LGC-REDLER,3,77,NO,200,0,200,ancestro_project_exacto,286906:200:PP > PP-PRP-LGC-PREPARACION > PP-PRP-LGC-REDLER,PP-PRP-LGC-REDLER,Sin match puntual; contenedor único por ancestro Project PP-PRP-LGC-REDLER.,contenedor_unico_ancestro,PP-PRP-LGC-REDLER,286906,286906,,,un_elemento_revit_para_ancestro,PP,PP-PRP-LGC-PREPARACION,PP-PRP-LGC-REDLER,,,,,,,,,,,,,,,,,,,,,,,,,,,,,,,,,,,,,,,,,,,,,,,,,,,,,,,,,,,,,,,,,,,,,,,,,,,,,
contenedor_unico,contenedor_por_ancestro_project,PP-PRP-RDL-R08,REDLER R08 SOBRE LAMINADORES L-1 | Grupo: PP-REDLER R08,842,4,842,PP-PRP-LGC-REDLER,PP-PRP-LGC-REDLER,PP-PRP-LGC-PREPARACION > PP-PRP-LGC-REDLER,PP > PP-PRP-LGC-PREPARACION > PP-PRP-LGC-REDLER,PP > PP-PRP-LGC-PREPARACION > PP-PRP-LGC-REDLER > PP-PRP-RDL-R08,286906,121e7c49-6f80-4698-91bd-c7c5a38e25dd-000460ba,Roofs,,Genérico - 400 mm,Genérico - 400 mm,,PP > PP-PRP-LGC-PREPARACION > PP-PRP-LGC-REDLER,contenedor_scoring,286906,121e7c49-6f80-4698-91bd-c7c5a38e25dd-000460ba,PP > PP-PRP-LGC-PREPARACION > PP-PRP-LGC-REDLER,3,77,NO,200,0,200,ancestro_project_exacto,286906:200:PP > PP-PRP-LGC-PREPARACION > PP-PRP-LGC-REDLER,PP-PRP-LGC-REDLER,Sin match puntual; contenedor único por ancestro Project PP-PRP-LGC-REDLER.,contenedor_unico_ancestro,PP-PRP-LGC-REDLER,286906,286906,,,un_elemento_revit_para_ancestro,PP,PP-PRP-LGC-PREPARACION,PP-PRP-LGC-REDLER,,,,,,,,,,,,,,,,,,,,,,,,,,,,,,,,,,,,,,,,,,,,,,,,,,,,,,,,,,,,,,,,,,,,,,,,,,,,,
contenedor_unico,contenedor_por_ancestro_project,PP-PRP-RDL-R09,REDLER R09 SOBRE LAMINADORES L-2 | Grupo: PP-REDLER R09,843,4,843,PP-PRP-LGC-REDLER,PP-PRP-LGC-REDLER,PP-PRP-LGC-PREPARACION > PP-PRP-LGC-REDLER,PP > PP-PRP-LGC-PREPARACION > PP-PRP-LGC-REDLER,PP > PP-PRP-LGC-PREPARACION > PP-PRP-LGC-REDLER > PP-PRP-RDL-R09,286906,121e7c49-6f80-4698-91bd-c7c5a38e25dd-000460ba,Roofs,,Genérico - 400 mm,Genérico - 400 mm,,PP > PP-PRP-LGC-PREPARACION > PP-PRP-LGC-REDLER,contenedor_scoring,286906,121e7c49-6f80-4698-91bd-c7c5a38e25dd-000460ba,PP > PP-PRP-LGC-PREPARACION > PP-PRP-LGC-REDLER,3,77,NO,200,0,200,ancestro_project_exacto,286906:200:PP > PP-PRP-LGC-PREPARACION > PP-PRP-LGC-REDLER,PP-PRP-LGC-REDLER,Sin match puntual; contenedor único por ancestro Project PP-PRP-LGC-REDLER.,contenedor_unico_ancestro,PP-PRP-LGC-REDLER,286906,286906,,,un_elemento_revit_para_ancestro,PP,PP-PRP-LGC-PREPARACION,PP-PRP-LGC-REDLER,,,,,,,,,,,,,,,,,,,,,,,,,,,,,,,,,,,,,,,,,,,,,,,,,,,,,,,,,,,,,,,,,,,,,,,,,,,,,
contenedor_unico,contenedor_por_ancestro_project,PP-PRP-RDL-R10,REDLER R10 BAJO LAMINADORES L-1 | Grupo: PP-REDLER R10,844,4,844,PP-PRP-LGC-REDLER,PP-PRP-LGC-REDLER,PP-PRP-LGC-PREPARACION > PP-PRP-LGC-REDLER,PP > PP-PRP-LGC-PREPARACION > PP-PRP-LGC-REDLER,PP > PP-PRP-LGC-PREPARACION > PP-PRP-LGC-REDLER > PP-PRP-RDL-R10,286906,121e7c49-6f80-4698-91bd-c7c5a38e25dd-000460ba,Roofs,,Genérico - 400 mm,Genérico - 400 mm,,PP > PP-PRP-LGC-PREPARACION > PP-PRP-LGC-REDLER,contenedor_scoring,286906,121e7c49-6f80-4698-91bd-c7c5a38e25dd-000460ba,PP > PP-PRP-LGC-PREPARACION > PP-PRP-LGC-REDLER,3,77,NO,200,0,200,ancestro_project_exacto,286906:200:PP > PP-PRP-LGC-PREPARACION > PP-PRP-LGC-REDLER,PP-PRP-LGC-REDLER,Sin match puntual; contenedor único por ancestro Project PP-PRP-LGC-REDLER.,contenedor_unico_ancestro,PP-PRP-LGC-REDLER,286906,286906,,,un_elemento_revit_para_ancestro,PP,PP-PRP-LGC-PREPARACION,PP-PRP-LGC-REDLER,,,,,,,,,,,,,,,,,,,,,,,,,,,,,,,,,,,,,,,,,,,,,,,,,,,,,,,,,,,,,,,,,,,,,,,,,,,,,
contenedor_unico,contenedor_por_ancestro_project,PP-PRP-RDL-R11,REDLER R11 BAJO LAMINADORES L-2 | Grupo: PP-REDLER R11,845,4,845,PP-PRP-LGC-REDLER,PP-PRP-LGC-REDLER,PP-PRP-LGC-PREPARACION > PP-PRP-LGC-REDLER,PP > PP-PRP-LGC-PREPARACION > PP-PRP-LGC-REDLER,PP > PP-PRP-LGC-PREPARACION > PP-PRP-LGC-REDLER > PP-PRP-RDL-R11,286906,121e7c49-6f80-4698-91bd-c7c5a38e25dd-000460ba,Roofs,,Genérico - 400 mm,Genérico - 400 mm,,PP > PP-PRP-LGC-PREPARACION > PP-PRP-LGC-REDLER,contenedor_scoring,286906,121e7c49-6f80-4698-91bd-c7c5a38e25dd-000460ba,PP > PP-PRP-LGC-PREPARACION > PP-PRP-LGC-REDLER,3,77,NO,200,0,200,ancestro_project_exacto,286906:200:PP > PP-PRP-LGC-PREPARACION > PP-PRP-LGC-REDLER,PP-PRP-LGC-REDLER,Sin match puntual; contenedor único por ancestro Project PP-PRP-LGC-REDLER.,contenedor_unico_ancestro,PP-PRP-LGC-REDLER,286906,286906,,,un_elemento_revit_para_ancestro,PP,PP-PRP-LGC-PREPARACION,PP-PRP-LGC-REDLER,,,,,,,,,,,,,,,,,,,,,,,,,,,,,,,,,,,,,,,,,,,,,,,,,,,,,,,,,,,,,,,,,,,,,,,,,,,,,
contenedor_unico,contenedor_por_ancestro_project,PP-PRP-RDL-R12,REDLER R12 SALIDA R10 LINEA 1 A R14 | Grupo: PP-REDLER R12,846,4,846,PP-PRP-LGC-REDLER,PP-PRP-LGC-REDLER,PP-PRP-LGC-PREPARACION > PP-PRP-LGC-REDLER,PP > PP-PRP-LGC-PREPARACION > PP-PRP-LGC-REDLER,PP > PP-PRP-LGC-PREPARACION > PP-PRP-LGC-REDLER > PP-PRP-RDL-R12,286906,121e7c49-6f80-4698-91bd-c7c5a38e25dd-000460ba,Roofs,,Genérico - 400 mm,Genérico - 400 mm,,PP > PP-PRP-LGC-PREPARACION > PP-PRP-LGC-REDLER,contenedor_scoring,286906,121e7c49-6f80-4698-91bd-c7c5a38e25dd-000460ba,PP > PP-PRP-LGC-PREPARACION > PP-PRP-LGC-REDLER,3,77,NO,200,0,200,ancestro_project_exacto,286906:200:PP > PP-PRP-LGC-PREPARACION > PP-PRP-LGC-REDLER,PP-PRP-LGC-REDLER,Sin match puntual; contenedor único por ancestro Project PP-PRP-LGC-REDLER.,contenedor_unico_ancestro,PP-PRP-LGC-REDLER,286906,286906,,,un_elemento_revit_para_ancestro,PP,PP-PRP-LGC-PREPARACION,PP-PRP-LGC-REDLER,,,,,,,,,,,,,,,,,,,,,,,,,,,,,,,,,,,,,,,,,,,,,,,,,,,,,,,,,,,,,,,,,,,,,,,,,,,,,
contenedor_unico,contenedor_por_ancestro_project,PP-PRP-RDL-R13,REDLER R13 SALIDA R11 LINEA 2 A R14 | Grupo: PP-REDLER R13,847,4,847,PP-PRP-LGC-REDLER,PP-PRP-LGC-REDLER,PP-PRP-LGC-PREPARACION > PP-PRP-LGC-REDLER,PP > PP-PRP-LGC-PREPARACION > PP-PRP-LGC-REDLER,PP > PP-PRP-LGC-PREPARACION > PP-PRP-LGC-REDLER > PP-PRP-RDL-R13,286906,121e7c49-6f80-4698-91bd-c7c5a38e25dd-000460ba,Roofs,,Genérico - 400 mm,Genérico - 400 mm,,PP > PP-PRP-LGC-PREPARACION > PP-PRP-LGC-REDLER,contenedor_scoring,286906,121e7c49-6f80-4698-91bd-c7c5a38e25dd-000460ba,PP > PP-PRP-LGC-PREPARACION > PP-PRP-LGC-REDLER,3,77,NO,200,0,200,ancestro_project_exacto,286906:200:PP > PP-PRP-LGC-PREPARACION > PP-PRP-LGC-REDLER,PP-PRP-LGC-REDLER,Sin match puntual; contenedor único por ancestro Project PP-PRP-LGC-REDLER.,contenedor_unico_ancestro,PP-PRP-LGC-REDLER,286906,286906,,,un_elemento_revit_para_ancestro,PP,PP-PRP-LGC-PREPARACION,PP-PRP-LGC-REDLER,,,,,,,,,,,,,,,,,,,,,,,,,,,,,,,,,,,,,,,,,,,,,,,,,,,,,,,,,,,,,,,,,,,,,,,,,,,,,
contenedor_unico,contenedor_por_ancestro_project,PP-PRP-RDL-R14,REDLER R14  INCLINADO | Grupo: PP-REDLER R14,848,4,848,PP-PRP-LGC-REDLER,PP-PRP-LGC-REDLER,PP-PRP-LGC-PREPARACION > PP-PRP-LGC-REDLER,PP > PP-PRP-LGC-PREPARACION > PP-PRP-LGC-REDLER,PP > PP-PRP-LGC-PREPARACION > PP-PRP-LGC-REDLER > PP-PRP-RDL-R14,286906,121e7c49-6f80-4698-91bd-c7c5a38e25dd-000460ba,Roofs,,Genérico - 400 mm,Genérico - 400 mm,,PP > PP-PRP-LGC-PREPARACION > PP-PRP-LGC-REDLER,contenedor_scoring,286906,121e7c49-6f80-4698-91bd-c7c5a38e25dd-000460ba,PP > PP-PRP-LGC-PREPARACION > PP-PRP-LGC-REDLER,3,77,NO,200,0,200,ancestro_project_exacto,286906:200:PP > PP-PRP-LGC-PREPARACION > PP-PRP-LGC-REDLER,PP-PRP-LGC-REDLER,Sin match puntual; contenedor único por ancestro Project PP-PRP-LGC-REDLER.,contenedor_unico_ancestro,PP-PRP-LGC-REDLER,286906,286906,,,un_elemento_revit_para_ancestro,PP,PP-PRP-LGC-PREPARACION,PP-PRP-LGC-REDLER,,,,,,,,,,,,,,,,,,,,,,,,,,,,,,,,,,,,,,,,,,,,,,,,,,,,,,,,,,,,,,,,,,,,,,,,,,,,,
contenedor_unico,contenedor_por_ancestro_project,PP-PRP-RDL-R15,REDLER R15 SOBRE EXPANDERS | Grupo: PP-REDLER R15,849,4,849,PP-PRP-LGC-REDLER,PP-PRP-LGC-REDLER,PP-PRP-LGC-PREPARACION > PP-PRP-LGC-REDLER,PP > PP-PRP-LGC-PREPARACION > PP-PRP-LGC-REDLER,PP > PP-PRP-LGC-PREPARACION > PP-PRP-LGC-REDLER > PP-PRP-RDL-R15,286906,121e7c49-6f80-4698-91bd-c7c5a38e25dd-000460ba,Roofs,,Genérico - 400 mm,Genérico - 400 mm,,PP > PP-PRP-LGC-PREPARACION > PP-PRP-LGC-REDLER,contenedor_scoring,286906,121e7c49-6f80-4698-91bd-c7c5a38e25dd-000460ba,PP > PP-PRP-LGC-PREPARACION > PP-PRP-LGC-REDLER,3,77,NO,200,0,200,ancestro_project_exacto,286906:200:PP > PP-PRP-LGC-PREPARACION > PP-PRP-LGC-REDLER,PP-PRP-LGC-REDLER,Sin match puntual; contenedor único por ancestro Project PP-PRP-LGC-REDLER.,contenedor_unico_ancestro,PP-PRP-LGC-REDLER,286906,286906,,,un_elemento_revit_para_ancestro,PP,PP-PRP-LGC-PREPARACION,PP-PRP-LGC-REDLER,,,,,,,,,,,,,,,,,,,,,,,,,,,,,,,,,,,,,,,,,,,,,,,,,,,,,,,,,,,,,,,,,,,,,,,,,,,,,
contenedor_unico,contenedor_por_ancestro_project,PP-PRP-RDL-R16,REDLER R16 BAJO ENFRIADORES EXPANDIDOS | Grupo: PP-REDLER R16,850,4,850,PP-PRP-LGC-REDLER,PP-PRP-LGC-REDLER,PP-PRP-LGC-PREPARACION > PP-PRP-LGC-REDLER,PP > PP-PRP-LGC-PREPARACION > PP-PRP-LGC-REDLER,PP > PP-PRP-LGC-PREPARACION > PP-PRP-LGC-REDLER > PP-PRP-RDL-R16,286906,121e7c49-6f80-4698-91bd-c7c5a38e25dd-000460ba,Roofs,,Genérico - 400 mm,Genérico - 400 mm,,PP > PP-PRP-LGC-PREPARACION > PP-PRP-LGC-REDLER,contenedor_scoring,286906,121e7c49-6f80-4698-91bd-c7c5a38e25dd-000460ba,PP > PP-PRP-LGC-PREPARACION > PP-PRP-LGC-REDLER,3,77,NO,200,0,200,ancestro_project_exacto,286906:200:PP > PP-PRP-LGC-PREPARACION > PP-PRP-LGC-REDLER,PP-PRP-LGC-REDLER,Sin match puntual; contenedor único por ancestro Project PP-PRP-LGC-REDLER.,contenedor_unico_ancestro,PP-PRP-LGC-REDLER,286906,286906,,,un_elemento_revit_para_ancestro,PP,PP-PRP-LGC-PREPARACION,PP-PRP-LGC-REDLER,,,,,,,,,,,,,,,,,,,,,,,,,,,,,,,,,,,,,,,,,,,,,,,,,,,,,,,,,,,,,,,,,,,,,,,,,,,,,
contenedor_unico,contenedor_por_ancestro_project,PP-PRP-RDL-R17,REDLER R17 A PTA. EXTRACCION | Grupo: PP-REDLER R17,851,4,851,PP-PRP-LGC-REDLER,PP-PRP-LGC-REDLER,PP-PRP-LGC-PREPARACION > PP-PRP-LGC-REDLER,PP > PP-PRP-LGC-PREPARACION > PP-PRP-LGC-REDLER,PP > PP-PRP-LGC-PREPARACION > PP-PRP-LGC-REDLER > PP-PRP-RDL-R17,286906,121e7c49-6f80-4698-91bd-c7c5a38e25dd-000460ba,Roofs,,Genérico - 400 mm,Genérico - 400 mm,,PP > PP-PRP-LGC-PREPARACION > PP-PRP-LGC-REDLER,contenedor_scoring,286906,121e7c49-6f80-4698-91bd-c7c5a38e25dd-000460ba,PP > PP-PRP-LGC-PREPARACION > PP-PRP-LGC-REDLER,3,77,NO,200,0,200,ancestro_project_exacto,286906:200:PP > PP-PRP-LGC-PREPARACION > PP-PRP-LGC-REDLER,PP-PRP-LGC-REDLER,Sin match puntual; contenedor único por ancestro Project PP-PRP-LGC-REDLER.,contenedor_unico_ancestro,PP-PRP-LGC-REDLER,286906,286906,,,un_elemento_revit_para_ancestro,PP,PP-PRP-LGC-PREPARACION,PP-PRP-LGC-REDLER,,,,,,,,,,,,,,,,,,,,,,,,,,,,,,,,,,,,,,,,,,,,,,,,,,,,,,,,,,,,,,,,,,,,,,,,,,,,,
contenedor_unico,contenedor_por_ancestro_project,PP-PRP-RDL-RR01,REDLER RR01 RETORNO LAMINADORES | Grupo: PP-REDLER RR01,852,4,852,PP-PRP-LGC-REDLER,PP-PRP-LGC-REDLER,PP-PRP-LGC-PREPARACION > PP-PRP-LGC-REDLER,PP > PP-PRP-LGC-PREPARACION > PP-PRP-LGC-REDLER,PP > PP-PRP-LGC-PREPARACION > PP-PRP-LGC-REDLER > PP-PRP-RDL-RR01,286906,121e7c49-6f80-4698-91bd-c7c5a38e25dd-000460ba,Roofs,,Genérico - 400 mm,Genérico - 400 mm,,PP > PP-PRP-LGC-PREPARACION > PP-PRP-LGC-REDLER,contenedor_scoring,286906,121e7c49-6f80-4698-91bd-c7c5a38e25dd-000460ba,PP > PP-PRP-LGC-PREPARACION > PP-PRP-LGC-REDLER,3,77,NO,200,0,200,ancestro_project_exacto,286906:200:PP > PP-PRP-LGC-PREPARACION > PP-PRP-LGC-REDLER,PP-PRP-LGC-REDLER,Sin match puntual; contenedor único por ancestro Project PP-PRP-LGC-REDLER.,contenedor_unico_ancestro,PP-PRP-LGC-REDLER,286906,286906,,,un_elemento_revit_para_ancestro,PP,PP-PRP-LGC-PREPARACION,PP-PRP-LGC-REDLER,,,,,,,,,,,,,,,,,,,,,,,,,,,,,,,,,,,,,,,,,,,,,,,,,,,,,,,,,,,,,,,,,,,,,,,,,,,,,
contenedor_unico,contenedor_por_ancestro_project,PP-PRP-RDL-RZ01,REDLER RZ01  ZETA SALIDA DE BEAN HEATER | Grupo: PP-REDLER RZ01,853,4,853,PP-PRP-LGC-REDLER,PP-PRP-LGC-REDLER,PP-PRP-LGC-PREPARACION > PP-PRP-LGC-REDLER,PP > PP-PRP-LGC-PREPARACION > PP-PRP-LGC-REDLER,PP > PP-PRP-LGC-PREPARACION > PP-PRP-LGC-REDLER > PP-PRP-RDL-RZ01,286906,121e7c49-6f80-4698-91bd-c7c5a38e25dd-000460ba,Roofs,,Genérico - 400 mm,Genérico - 400 mm,,PP > PP-PRP-LGC-PREPARACION > PP-PRP-LGC-REDLER,contenedor_scoring,286906,121e7c49-6f80-4698-91bd-c7c5a38e25dd-000460ba,PP > PP-PRP-LGC-PREPARACION > PP-PRP-LGC-REDLER,3,77,NO,200,0,200,ancestro_project_exacto,286906:200:PP > PP-PRP-LGC-PREPARACION > PP-PRP-LGC-REDLER,PP-PRP-LGC-REDLER,Sin match puntual; contenedor único por ancestro Project PP-PRP-LGC-REDLER.,contenedor_unico_ancestro,PP-PRP-LGC-REDLER,286906,286906,,,un_elemento_revit_para_ancestro,PP,PP-PRP-LGC-PREPARACION,PP-PRP-LGC-REDLER,,,,,,,,,,,,,,,,,,,,,,,,,,,,,,,,,,,,,,,,,,,,,,,,,,,,,,,,,,,,,,,,,,,,,,,,,,,,,
contenedor_unico,contenedor_por_ancestro_project,PP-PRP-RDL-RZ02,REDLER RZ02  ZETA DE DR08 A DR10 (LADO ESTE) | Grupo: PP-REDLER RZ02,855,4,855,PP-PRP-LGC-REDLER,PP-PRP-LGC-REDLER,PP-PRP-LGC-PREPARACION > PP-PRP-LGC-REDLER,PP > PP-PRP-LGC-PREPARACION > PP-PRP-LGC-REDLER,PP > PP-PRP-LGC-PREPARACION > PP-PRP-LGC-REDLER > PP-PRP-RDL-RZ02,286906,121e7c49-6f80-4698-91bd-c7c5a38e25dd-000460ba,Roofs,,Genérico - 400 mm,Genérico - 400 mm,,PP > PP-PRP-LGC-PREPARACION > PP-PRP-LGC-REDLER,contenedor_scoring,286906,121e7c49-6f80-4698-91bd-c7c5a38e25dd-000460ba,PP > PP-PRP-LGC-PREPARACION > PP-PRP-LGC-REDLER,3,77,NO,200,0,200,ancestro_project_exacto,286906:200:PP > PP-PRP-LGC-PREPARACION > PP-PRP-LGC-REDLER,PP-PRP-LGC-REDLER,Sin match puntual; contenedor único por ancestro Project PP-PRP-LGC-REDLER.,contenedor_unico_ancestro,PP-PRP-LGC-REDLER,286906,286906,,,un_elemento_revit_para_ancestro,PP,PP-PRP-LGC-PREPARACION,PP-PRP-LGC-REDLER,,,,,,,,,,,,,,,,,,,,,,,,,,,,,,,,,,,,,,,,,,,,,,,,,,,,,,,,,,,,,,,,,,,,,,,,,,,,,
contenedor_unico,contenedor_por_ancestro_project,PP-PRP-RDL-RZ03,REDLER RZ03  ZETA DE DR09 A DR11 (LADO OESTE) | Grupo: PP-REDLER RZ03,856,4,856,PP-PRP-LGC-REDLER,PP-PRP-LGC-REDLER,PP-PRP-LGC-PREPARACION > PP-PRP-LGC-REDLER,PP > PP-PRP-LGC-PREPARACION > PP-PRP-LGC-REDLER,PP > PP-PRP-LGC-PREPARACION > PP-PRP-LGC-REDLER > PP-PRP-RDL-RZ03,286906,121e7c49-6f80-4698-91bd-c7c5a38e25dd-000460ba,Roofs,,Genérico - 400 mm,Genérico - 400 mm,,PP > PP-PRP-LGC-PREPARACION > PP-PRP-LGC-REDLER,contenedor_scoring,286906,121e7c49-6f80-4698-91bd-c7c5a38e25dd-000460ba,PP > PP-PRP-LGC-PREPARACION > PP-PRP-LGC-REDLER,3,77,NO,200,0,200,ancestro_project_exacto,286906:200:PP > PP-PRP-LGC-PREPARACION > PP-PRP-LGC-REDLER,PP-PRP-LGC-REDLER,Sin match puntual; contenedor único por ancestro Project PP-PRP-LGC-REDLER.,contenedor_unico_ancestro,PP-PRP-LGC-REDLER,286906,286906,,,un_elemento_revit_para_ancestro,PP,PP-PRP-LGC-PREPARACION,PP-PRP-LGC-REDLER,,,,,,,,,,,,,,,,,,,,,,,,,,,,,,,,,,,,,,,,,,,,,,,,,,,,,,,,,,,,,,,,,,,,,,,,,,,,,
contenedor_logico_duplicado_distributed,contenedor_por_ancestro_project,PP-PRP-NOR-DN01,NORIA DN01 ALIMENTACION A BEAN HEATER | Grupo: PP-NOR DN01,857,3,857,PP-PRP-LGC-PREPARACION,PP-PRP-LGC-PREPARACION,PP-PRP-LGC-PREPARACION,PP > PP-PRP-LGC-PREPARACION,PP > PP-PRP-LGC-PREPARACION > PP-PRP-NOR-DN01,284902,121e7c49-6f80-4698-91bd-c7c5a38e25dd-000458e6,Roofs,,Genérico - 400 mm,Genérico - 400 mm,,PP > PP-PRP-LGC-PREPARACION > PP-PRP-LGC-BEAN HEATER,contenedor_scoring,284902,121e7c49-6f80-4698-91bd-c7c5a38e25dd-000458e6,PP > PP-PRP-LGC-PREPARACION > PP-PRP-LGC-BEAN HEATER,3,77,NO,200,200,0,cluster_logico_mismo_sector,284902:200:PP > PP-PRP-LGC-PREPARACION > PP-PRP-LGC-BEAN HEATER || 286288:200:PP > PP-PRP-LGC-PREPARACION > PP-PRP-LGC-EXPANDIDO || 286415:200:PP > PP-PRP-LGC-PREPARACION > PP-PRP-LGC-LAMINADORES || 286467:200:PP > PP-PRP-LGC-PREPARACION > PP-PRP-LGC-QUEBRADORES || 286906:200:PP > PP-PRP-LGC-PREPARACION > PP-PRP-LGC-REDLER,PP-PRP-LGC-PREPARACION,Cluster lógico: ancestro PP-PRP-LGC-PREPARACION en 5 elementos Revit equivalentes.,ambiguo_falso_por_contenedor_duplicado,PP-PRP-LGC-PREPARACION,284902;286288;286415;286467;286906,,,distributed,distribucion_round_robin_en_preparar_aplicar,PP,PP-PRP-LGC-PREPARACION,PP-PRP-LGC-BEAN HEATER,,,,,,,,,,,,,,,,,,,,,,,,,,,,,,,,,,,,,,,,,,,,,,,,,,,,,,,,,,,,,,,,,,,,,,,,,,,,,
contenedor_logico_duplicado_distributed,contenedor_por_ancestro_project,PP-PRP-RSC-S01,ROSCA S01 RETORNO DE DR07 | Grupo: PP-RSC S01,858,3,858,PP-PRP-LGC-PREPARACION,PP-PRP-LGC-PREPARACION,PP-PRP-LGC-PREPARACION,PP > PP-PRP-LGC-PREPARACION,PP > PP-PRP-LGC-PREPARACION > PP-PRP-RSC-S01,284902,121e7c49-6f80-4698-91bd-c7c5a38e25dd-000458e6,Roofs,,Genérico - 400 mm,Genérico - 400 mm,,PP > PP-PRP-LGC-PREPARACION > PP-PRP-LGC-BEAN HEATER,contenedor_scoring,284902,121e7c49-6f80-4698-91bd-c7c5a38e25dd-000458e6,PP > PP-PRP-LGC-PREPARACION > PP-PRP-LGC-BEAN HEATER,3,77,NO,200,200,0,cluster_logico_mismo_sector,284902:200:PP > PP-PRP-LGC-PREPARACION > PP-PRP-LGC-BEAN HEATER || 286288:200:PP > PP-PRP-LGC-PREPARACION > PP-PRP-LGC-EXPANDIDO || 286415:200:PP > PP-PRP-LGC-PREPARACION > PP-PRP-LGC-LAMINADORES || 286467:200:PP > PP-PRP-LGC-PREPARACION > PP-PRP-LGC-QUEBRADORES || 286906:200:PP > PP-PRP-LGC-PREPARACION > PP-PRP-LGC-REDLER,PP-PRP-LGC-PREPARACION,Cluster lógico: ancestro PP-PRP-LGC-PREPARACION en 5 elementos Revit equivalentes.,ambiguo_falso_por_contenedor_duplicado,PP-PRP-LGC-PREPARACION,284902;286288;286415;286467;286906,,,distributed,distribucion_round_robin_en_preparar_aplicar,PP,PP-PRP-LGC-PREPARACION,PP-PRP-LGC-BEAN HEATER,,,,,,,,,,,,,,,,,,,,,,,,,,,,,,,,,,,,,,,,,,,,,,,,,,,,,,,,,,,,,,,,,,,,,,,,,,,,,
sin_contenedor,sin_asociacion,PP-RPS-LGC-REPUESTOS,"REPUESTOS DE PTA PTO EN STOCK, ACTIVOS MOVILES | Grupo: PP-SECTOR",859,2,859,PP,,,PP,PP > PP-RPS-LGC-REPUESTOS,,,,,,,,,,,,,,,,,,,,,,force_ancestor_container: ningún ancestro de Project coincide con el export Revit (campos BTZ/Mark/Comments/path).,force_ancestor_sin_contenedor,,,,,,force_ancestor_container: sin_ancestro_en_modelo,,,,,,,,,,,,,,,,,,,,,,,,,,,,,,,,,,,,,,,,,,,,,,,,,,,,,,,,,,,,,,,,,,,,,,,,,,,,,,,,
sin_contenedor,sin_asociacion,PP-RPS-LGC-EN,"REPUESTOS DE PTA PTO EN REPARACION, ACTIVOS MOVILES | Grupo: PP-SECTOR",860,3,860,PP-RPS-LGC-REPUESTOS,PP-RPS-LGC-REPUESTOS,PP-RPS-LGC-REPUESTOS,PP > PP-RPS-LGC-REPUESTOS,PP > PP-RPS-LGC-REPUESTOS > PP-RPS-LGC-EN REPARACION,,,,,,,,,,,,,,,,,,,,,,force_ancestor_container: ningún ancestro de Project coincide con el export Revit (campos BTZ/Mark/Comments/path).,force_ancestor_sin_contenedor,,,,,,force_ancestor_container: sin_ancestro_en_modelo,,,,,,,,,,,,,,,,,,,,,,,,,,,,,,,,,,,,,,,,,,,,,,,,,,,,,,,,,,,,,,,,,,,,,,,,,,,,,,,,
match_directo,elemento_puntual,PP-SRV-LGC-SERVICIOS,SECTOR SERVICIOS PTA PTO | Grupo: PP-SECTOR,862,2,862,PP,,,PP,PP > PP-SRV-LGC-SERVICIOS,284763,121e7c49-6f80-4698-91bd-c7c5a38e25dd-0004585b,Roofs,,Genérico - 400 mm,Genérico - 400 mm,,PP > PP-SRV-LGC-SERVICIOS,btz_description_02,,,,,,,,,,,,,Coincidencia exacta única con elemento Revit.,match_directo,,,,,,match_puntual_unico,PP,PP-SRV-LGC-SERVICIOS,,,,,,,,,,,,,,,,,,,,,,,,,,,,,,,,,,,,,,,,,,,,,,,,,,,,,,,,,,,,,,,,,,,,,,,,,,,,,,
contenedor_unico,contenedor_por_ancestro_project,PP-SRV-BMB-BO60,BOMBA BO60 DE LAVADO | Grupo: PP-BMB BO60,863,3,863,PP-SRV-LGC-SERVICIOS,PP-SRV-LGC-SERVICIOS,PP-SRV-LGC-SERVICIOS,PP > PP-SRV-LGC-SERVICIOS,PP > PP-SRV-LGC-SERVICIOS > PP-SRV-BMB-BO60,284763,121e7c49-6f80-4698-91bd-c7c5a38e25dd-0004585b,Roofs,,Genérico - 400 mm,Genérico - 400 mm,,PP > PP-SRV-LGC-SERVICIOS,contenedor_scoring,284763,121e7c49-6f80-4698-91bd-c7c5a38e25dd-0004585b,PP > PP-SRV-LGC-SERVICIOS,2,78,SI,200,0,200,ancestro_project_exacto,284763:200:PP > PP-SRV-LGC-SERVICIOS,PP-SRV-LGC-SERVICIOS,Sin match puntual; contenedor único por ancestro Project PP-SRV-LGC-SERVICIOS.,contenedor_unico_ancestro,PP-SRV-LGC-SERVICIOS,284763,284763,,,un_elemento_revit_para_ancestro,PP,PP-SRV-LGC-SERVICIOS,,,,,,,,,,,,,,,,,,,,,,,,,,,,,,,,,,,,,,,,,,,,,,,,,,,,,,,,,,,,,,,,,,,,,,,,,,,,,,
contenedor_unico,contenedor_por_ancestro_project,PP-SGR-SAL-SALA,SALA DE BOMBA BO60 | Grupo: PP-SALA BOMBA BO60,864,4,864,PP-SRV-BMB-BO60,PP-SRV-BMB-BO60,PP-SRV-LGC-SERVICIOS > PP-SRV-BMB-BO60,PP > PP-SRV-LGC-SERVICIOS > PP-SRV-BMB-BO60,PP > PP-SRV-LGC-SERVICIOS > PP-SRV-BMB-BO60 > PP-SGR-SAL-SALA BO60,284763,121e7c49-6f80-4698-91bd-c7c5a38e25dd-0004585b,Roofs,,Genérico - 400 mm,Genérico - 400 mm,,PP > PP-SRV-LGC-SERVICIOS,contenedor_scoring,284763,121e7c49-6f80-4698-91bd-c7c5a38e25dd-0004585b,PP > PP-SRV-LGC-SERVICIOS,2,78,SI,200,0,200,ancestro_project_exacto,284763:200:PP > PP-SRV-LGC-SERVICIOS,PP-SRV-LGC-SERVICIOS,Sin match puntual; contenedor único por ancestro Project PP-SRV-LGC-SERVICIOS.,contenedor_unico_ancestro,PP-SRV-LGC-SERVICIOS,284763,284763,,,un_elemento_revit_para_ancestro,PP,PP-SRV-LGC-SERVICIOS,,,,,,,,,,,,,,,,,,,,,,,,,,,,,,,,,,,,,,,,,,,,,,,,,,,,,,,,,,,,,,,,,,,,,,,,,,,,,,
contenedor_unico,contenedor_por_ancestro_project,PP-SRV-CBN-CLGAS,CABINA DE LITORAL GAS | Grupo: PP-CBN CABINA LITORAL GAS,865,3,865,PP-SRV-LGC-SERVICIOS,PP-SRV-LGC-SERVICIOS,PP-SRV-LGC-SERVICIOS,PP > PP-SRV-LGC-SERVICIOS,PP > PP-SRV-LGC-SERVICIOS > PP-SRV-CBN-CLGAS,284763,121e7c49-6f80-4698-91bd-c7c5a38e25dd-0004585b,Roofs,,Genérico - 400 mm,Genérico - 400 mm,,PP > PP-SRV-LGC-SERVICIOS,contenedor_scoring,284763,121e7c49-6f80-4698-91bd-c7c5a38e25dd-0004585b,PP > PP-SRV-LGC-SERVICIOS,2,78,SI,200,0,200,ancestro_project_exacto,284763:200:PP > PP-SRV-LGC-SERVICIOS,PP-SRV-LGC-SERVICIOS,Sin match puntual; contenedor único por ancestro Project PP-SRV-LGC-SERVICIOS.,contenedor_unico_ancestro,PP-SRV-LGC-SERVICIOS,284763,284763,,,un_elemento_revit_para_ancestro,PP,PP-SRV-LGC-SERVICIOS,,,,,,,,,,,,,,,,,,,,,,,,,,,,,,,,,,,,,,,,,,,,,,,,,,,,,,,,,,,,,,,,,,,,,,,,,,,,,,
contenedor_unico,contenedor_por_ancestro_project,PP-SRV-VLV-RAMAL,VALVULA AUTOREGULADORA ENTRADA EN CABINA LITORAL GAS RAMAL NORTE | Grupo: PP-VLV AUTOR CABINA LGAS,866,4,866,PP-SRV-CBN-CLGAS,PP-SRV-CBN-CLGAS,PP-SRV-LGC-SERVICIOS > PP-SRV-CBN-CLGAS,PP > PP-SRV-LGC-SERVICIOS > PP-SRV-CBN-CLGAS,PP > PP-SRV-LGC-SERVICIOS > PP-SRV-CBN-CLGAS > PP-SRV-VLV-RAMAL NORTE,284763,121e7c49-6f80-4698-91bd-c7c5a38e25dd-0004585b,Roofs,,Genérico - 400 mm,Genérico - 400 mm,,PP > PP-SRV-LGC-SERVICIOS,contenedor_scoring,284763,121e7c49-6f80-4698-91bd-c7c5a38e25dd-0004585b,PP > PP-SRV-LGC-SERVICIOS,2,78,SI,200,0,200,ancestro_project_exacto,284763:200:PP > PP-SRV-LGC-SERVICIOS,PP-SRV-LGC-SERVICIOS,Código repetido en Project 2 veces. Sin match puntual; contenedor único por ancestro Project PP-SRV-LGC-SERVICIOS.,contenedor_unico_ancestro,PP-SRV-LGC-SERVICIOS,284763,284763,,,un_elemento_revit_para_ancestro,PP,PP-SRV-LGC-SERVICIOS,,,,,,,,,,,,,,,,,,,,,,,,,,,,,,,,,,,,,,,,,,,,,,,,,,,,,,,,,,,,,,,,,,,,,,,,,,,,,,
contenedor_unico,contenedor_por_ancestro_project,PP-SRV-VLV-SEG,VALVULA DE SEGURIDAD CABINA LITORAL GAS RAMAL NORTE | Grupo: PP-VALV SEG CABINA LGAS,868,4,868,PP-SRV-CBN-CLGAS,PP-SRV-CBN-CLGAS,PP-SRV-LGC-SERVICIOS > PP-SRV-CBN-CLGAS,PP > PP-SRV-LGC-SERVICIOS > PP-SRV-CBN-CLGAS,PP > PP-SRV-LGC-SERVICIOS > PP-SRV-CBN-CLGAS > PP-SRV-VLV-SEG LG NORTE,284763,121e7c49-6f80-4698-91bd-c7c5a38e25dd-0004585b,Roofs,,Genérico - 400 mm,Genérico - 400 mm,,PP > PP-SRV-LGC-SERVICIOS,contenedor_scoring,284763,121e7c49-6f80-4698-91bd-c7c5a38e25dd-0004585b,PP > PP-SRV-LGC-SERVICIOS,2,78,SI,200,0,200,ancestro_project_exacto,284763:200:PP > PP-SRV-LGC-SERVICIOS,PP-SRV-LGC-SERVICIOS,Código repetido en Project 2 veces. Sin match puntual; contenedor único por ancestro Project PP-SRV-LGC-SERVICIOS.,contenedor_unico_ancestro,PP-SRV-LGC-SERVICIOS,284763,284763,,,un_elemento_revit_para_ancestro,PP,PP-SRV-LGC-SERVICIOS,,,,,,,,,,,,,,,,,,,,,,,,,,,,,,,,,,,,,,,,,,,,,,,,,,,,,,,,,,,,,,,,,,,,,,,,,,,,,,
contenedor_unico,contenedor_por_ancestro_project,PP-SRV-CLT-COLECTOR,COLECTOR PRINCIPAL VAPOR CALDERA | Grupo: PP-COLECT PRINCIPAL CALDERA,870,3,870,PP-SRV-LGC-SERVICIOS,PP-SRV-LGC-SERVICIOS,PP-SRV-LGC-SERVICIOS,PP > PP-SRV-LGC-SERVICIOS,PP > PP-SRV-LGC-SERVICIOS > PP-SRV-CLT-COLECTOR PRINC,284763,121e7c49-6f80-4698-91bd-c7c5a38e25dd-0004585b,Roofs,,Genérico - 400 mm,Genérico - 400 mm,,PP > PP-SRV-LGC-SERVICIOS,contenedor_scoring,284763,121e7c49-6f80-4698-91bd-c7c5a38e25dd-0004585b,PP > PP-SRV-LGC-SERVICIOS,2,78,SI,200,0,200,ancestro_project_exacto,284763:200:PP > PP-SRV-LGC-SERVICIOS,PP-SRV-LGC-SERVICIOS,Código repetido en Project 2 veces. Sin match puntual; contenedor único por ancestro Project PP-SRV-LGC-SERVICIOS.,contenedor_unico_ancestro,PP-SRV-LGC-SERVICIOS,284763,284763,,,un_elemento_revit_para_ancestro,PP,PP-SRV-LGC-SERVICIOS,,,,,,,,,,,,,,,,,,,,,,,,,,,,,,,,,,,,,,,,,,,,,,,,,,,,,,,,,,,,,,,,,,,,,,,,,,,,,,
contenedor_unico,contenedor_por_ancestro_project,PP-SRV-LGC-AIRE,SECTOR AIRE COMPRIMIDO SERVICIOS PTA PTO | Grupo: PP-SECTOR AIRE COMPR,872,3,872,PP-SRV-LGC-SERVICIOS,PP-SRV-LGC-SERVICIOS,PP-SRV-LGC-SERVICIOS,PP > PP-SRV-LGC-SERVICIOS,PP > PP-SRV-LGC-SERVICIOS > PP-SRV-LGC-AIRE COMPRIMIDO,284763,121e7c49-6f80-4698-91bd-c7c5a38e25dd-0004585b,Roofs,,Genérico - 400 mm,Genérico - 400 mm,,PP > PP-SRV-LGC-SERVICIOS,contenedor_scoring,284763,121e7c49-6f80-4698-91bd-c7c5a38e25dd-0004585b,PP > PP-SRV-LGC-SERVICIOS,2,78,SI,200,0,200,ancestro_project_exacto,284763:200:PP > PP-SRV-LGC-SERVICIOS,PP-SRV-LGC-SERVICIOS,Sin match puntual; contenedor único por ancestro Project PP-SRV-LGC-SERVICIOS.,contenedor_unico_ancestro,PP-SRV-LGC-SERVICIOS,284763,284763,,,un_elemento_revit_para_ancestro,PP,PP-SRV-LGC-SERVICIOS,,,,,,,,,,,,,,,,,,,,,,,,,,,,,,,,,,,,,,,,,,,,,,,,,,,,,,,,,,,,,,,,,,,,,,,,,,,,,,
contenedor_unico,contenedor_por_ancestro_project,PP-SRV-CMP-CA01,COMPRESOR SULLAIR Nº 7507 (EX-GA55) | Grupo: PP-CMP COMPRESOR GA55,873,4,873,PP-SRV-LGC-AIRE COMPRIMIDO,PP-SRV-LGC-AIRE,PP-SRV-LGC-SERVICIOS > PP-SRV-LGC-AIRE,PP > PP-SRV-LGC-SERVICIOS > PP-SRV-LGC-AIRE COMPRIMIDO,PP > PP-SRV-LGC-SERVICIOS > PP-SRV-LGC-AIRE COMPRIMIDO > PP-SRV-CMP-CA01,284763,121e7c49-6f80-4698-91bd-c7c5a38e25dd-0004585b,Roofs,,Genérico - 400 mm,Genérico - 400 mm,,PP > PP-SRV-LGC-SERVICIOS,contenedor_scoring,284763,121e7c49-6f80-4698-91bd-c7c5a38e25dd-0004585b,PP > PP-SRV-LGC-SERVICIOS,2,78,SI,200,0,200,ancestro_project_exacto,284763:200:PP > PP-SRV-LGC-SERVICIOS,PP-SRV-LGC-SERVICIOS,Sin match puntual; contenedor único por ancestro Project PP-SRV-LGC-SERVICIOS.,contenedor_unico_ancestro,PP-SRV-LGC-SERVICIOS,284763,284763,,,un_elemento_revit_para_ancestro,PP,PP-SRV-LGC-SERVICIOS,,,,,,,,,,,,,,,,,,,,,,,,,,,,,,,,,,,,,,,,,,,,,,,,,,,,,,,,,,,,,,,,,,,,,,,,,,,,,,
contenedor_unico,contenedor_por_ancestro_project,PP-SRV-CMP-CA02,COMPRESOR ATLAS COPCO GA75P API 615291 | Grupo: PP-CMP COMPRESOR GA75,874,4,874,PP-SRV-LGC-AIRE COMPRIMIDO,PP-SRV-LGC-AIRE,PP-SRV-LGC-SERVICIOS > PP-SRV-LGC-AIRE,PP > PP-SRV-LGC-SERVICIOS > PP-SRV-LGC-AIRE COMPRIMIDO,PP > PP-SRV-LGC-SERVICIOS > PP-SRV-LGC-AIRE COMPRIMIDO > PP-SRV-CMP-CA02,284763,121e7c49-6f80-4698-91bd-c7c5a38e25dd-0004585b,Roofs,,Genérico - 400 mm,Genérico - 400 mm,,PP > PP-SRV-LGC-SERVICIOS,contenedor_scoring,284763,121e7c49-6f80-4698-91bd-c7c5a38e25dd-0004585b,PP > PP-SRV-LGC-SERVICIOS,2,78,SI,200,0,200,ancestro_project_exacto,284763:200:PP > PP-SRV-LGC-SERVICIOS,PP-SRV-LGC-SERVICIOS,Sin match puntual; contenedor único por ancestro Project PP-SRV-LGC-SERVICIOS.,contenedor_unico_ancestro,PP-SRV-LGC-SERVICIOS,284763,284763,,,un_elemento_revit_para_ancestro,PP,PP-SRV-LGC-SERVICIOS,,,,,,,,,,,,,,,,,,,,,,,,,,,,,,,,,,,,,,,,,,,,,,,,,,,,,,,,,,,,,,,,,,,,,,,,,,,,,,
contenedor_unico,contenedor_por_ancestro_project,PP-SRV-SCD-SEAIRE1,SECADOR DE AIRE FX 9 (A7.5) | Grupo: PP-SCD AIRE FX9,875,4,875,PP-SRV-LGC-AIRE COMPRIMIDO,PP-SRV-LGC-AIRE,PP-SRV-LGC-SERVICIOS > PP-SRV-LGC-AIRE,PP > PP-SRV-LGC-SERVICIOS > PP-SRV-LGC-AIRE COMPRIMIDO,PP > PP-SRV-LGC-SERVICIOS > PP-SRV-LGC-AIRE COMPRIMIDO > PP-SRV-SCD-SEAIRE1,284763,121e7c49-6f80-4698-91bd-c7c5a38e25dd-0004585b,Roofs,,Genérico - 400 mm,Genérico - 400 mm,,PP > PP-SRV-LGC-SERVICIOS,contenedor_scoring,284763,121e7c49-6f80-4698-91bd-c7c5a38e25dd-0004585b,PP > PP-SRV-LGC-SERVICIOS,2,78,SI,200,0,200,ancestro_project_exacto,284763:200:PP > PP-SRV-LGC-SERVICIOS,PP-SRV-LGC-SERVICIOS,Sin match puntual; contenedor único por ancestro Project PP-SRV-LGC-SERVICIOS.,contenedor_unico_ancestro,PP-SRV-LGC-SERVICIOS,284763,284763,,,un_elemento_revit_para_ancestro,PP,PP-SRV-LGC-SERVICIOS,,,,,,,,,,,,,,,,,,,,,,,,,,,,,,,,,,,,,,,,,,,,,,,,,,,,,,,,,,,,,,,,,,,,,,,,,,,,,,
contenedor_unico,contenedor_por_ancestro_project,PP-SRV-SCD-SEAIRE2,SECADOR AIRE FX14 (E12) | Grupo: PP-SCD AIRE FX14,876,4,876,PP-SRV-LGC-AIRE COMPRIMIDO,PP-SRV-LGC-AIRE,PP-SRV-LGC-SERVICIOS > PP-SRV-LGC-AIRE,PP > PP-SRV-LGC-SERVICIOS > PP-SRV-LGC-AIRE COMPRIMIDO,PP > PP-SRV-LGC-SERVICIOS > PP-SRV-LGC-AIRE COMPRIMIDO > PP-SRV-SCD-SEAIRE2,284763,121e7c49-6f80-4698-91bd-c7c5a38e25dd-0004585b,Roofs,,Genérico - 400 mm,Genérico - 400 mm,,PP > PP-SRV-LGC-SERVICIOS,contenedor_scoring,284763,121e7c49-6f80-4698-91bd-c7c5a38e25dd-0004585b,PP > PP-SRV-LGC-SERVICIOS,2,78,SI,200,0,200,ancestro_project_exacto,284763:200:PP > PP-SRV-LGC-SERVICIOS,PP-SRV-LGC-SERVICIOS,Sin match puntual; contenedor único por ancestro Project PP-SRV-LGC-SERVICIOS.,contenedor_unico_ancestro,PP-SRV-LGC-SERVICIOS,284763,284763,,,un_elemento_revit_para_ancestro,PP,PP-SRV-LGC-SERVICIOS,,,,,,,,,,,,,,,,,,,,,,,,,,,,,,,,,,,,,,,,,,,,,,,,,,,,,,,,,,,,,,,,,,,,,,,,,,,,,,
contenedor_unico,contenedor_por_ancestro_project,PP-SRV-LGC-BOMBAS,SECTOR BOMBAS DE RIO PTA PTO | Grupo: PP-SECTOR BOMBAS RIO,877,3,877,PP-SRV-LGC-SERVICIOS,PP-SRV-LGC-SERVICIOS,PP-SRV-LGC-SERVICIOS,PP > PP-SRV-LGC-SERVICIOS,PP > PP-SRV-LGC-SERVICIOS > PP-SRV-LGC-BOMBAS DE RIO,284763,121e7c49-6f80-4698-91bd-c7c5a38e25dd-0004585b,Roofs,,Genérico - 400 mm,Genérico - 400 mm,,PP > PP-SRV-LGC-SERVICIOS,contenedor_scoring,284763,121e7c49-6f80-4698-91bd-c7c5a38e25dd-0004585b,PP > PP-SRV-LGC-SERVICIOS,2,78,SI,200,0,200,ancestro_project_exacto,284763:200:PP > PP-SRV-LGC-SERVICIOS,PP-SRV-LGC-SERVICIOS,Sin match puntual; contenedor único por ancestro Project PP-SRV-LGC-SERVICIOS.,contenedor_unico_ancestro,PP-SRV-LGC-SERVICIOS,284763,284763,,,un_elemento_revit_para_ancestro,PP,PP-SRV-LGC-SERVICIOS,,,,,,,,,,,,,,,,,,,,,,,,,,,,,,,,,,,,,,,,,,,,,,,,,,,,,,,,,,,,,,,,,,,,,,,,,,,,,,
contenedor_unico,contenedor_por_ancestro_project,PP-SRV-BMB-BO42R,BOMBA BO42 RIO | Grupo: PP-BMB VERT B22 DE RIO,878,4,878,PP-SRV-LGC-BOMBAS DE RIO,PP-SRV-LGC-BOMBAS,PP-SRV-LGC-SERVICIOS > PP-SRV-LGC-BOMBAS,PP > PP-SRV-LGC-SERVICIOS > PP-SRV-LGC-BOMBAS DE RIO,PP > PP-SRV-LGC-SERVICIOS > PP-SRV-LGC-BOMBAS DE RIO > PP-SRV-BMB-BO42R,284763,121e7c49-6f80-4698-91bd-c7c5a38e25dd-0004585b,Roofs,,Genérico - 400 mm,Genérico - 400 mm,,PP > PP-SRV-LGC-SERVICIOS,contenedor_scoring,284763,121e7c49-6f80-4698-91bd-c7c5a38e25dd-0004585b,PP > PP-SRV-LGC-SERVICIOS,2,78,SI,200,0,200,ancestro_project_exacto,284763:200:PP > PP-SRV-LGC-SERVICIOS,PP-SRV-LGC-SERVICIOS,Sin match puntual; contenedor único por ancestro Project PP-SRV-LGC-SERVICIOS.,contenedor_unico_ancestro,PP-SRV-LGC-SERVICIOS,284763,284763,,,un_elemento_revit_para_ancestro,PP,PP-SRV-LGC-SERVICIOS,,,,,,,,,,,,,,,,,,,,,,,,,,,,,,,,,,,,,,,,,,,,,,,,,,,,,,,,,,,,,,,,,,,,,,,,,,,,,,
contenedor_unico,contenedor_por_ancestro_project,PP-SRV-BMB-BO43R,BOMBA BO43 RIO | Grupo: PP-BMB VERT B22 DE RIO,880,4,880,PP-SRV-LGC-BOMBAS DE RIO,PP-SRV-LGC-BOMBAS,PP-SRV-LGC-SERVICIOS > PP-SRV-LGC-BOMBAS,PP > PP-SRV-LGC-SERVICIOS > PP-SRV-LGC-BOMBAS DE RIO,PP > PP-SRV-LGC-SERVICIOS > PP-SRV-LGC-BOMBAS DE RIO > PP-SRV-BMB-BO43R,284763,121e7c49-6f80-4698-91bd-c7c5a38e25dd-0004585b,Roofs,,Genérico - 400 mm,Genérico - 400 mm,,PP > PP-SRV-LGC-SERVICIOS,contenedor_scoring,284763,121e7c49-6f80-4698-91bd-c7c5a38e25dd-0004585b,PP > PP-SRV-LGC-SERVICIOS,2,78,SI,200,0,200,ancestro_project_exacto,284763:200:PP > PP-SRV-LGC-SERVICIOS,PP-SRV-LGC-SERVICIOS,Sin match puntual; contenedor único por ancestro Project PP-SRV-LGC-SERVICIOS.,contenedor_unico_ancestro,PP-SRV-LGC-SERVICIOS,284763,284763,,,un_elemento_revit_para_ancestro,PP,PP-SRV-LGC-SERVICIOS,,,,,,,,,,,,,,,,,,,,,,,,,,,,,,,,,,,,,,,,,,,,,,,,,,,,,,,,,,,,,,,,,,,,,,,,,,,,,,
contenedor_unico,contenedor_por_ancestro_project,PP-SRV-BMB-BO44R,BOMBA BO44 RIO | Grupo: PP-BMB VERT B22 DE RIO,882,4,882,PP-SRV-LGC-BOMBAS DE RIO,PP-SRV-LGC-BOMBAS,PP-SRV-LGC-SERVICIOS > PP-SRV-LGC-BOMBAS,PP > PP-SRV-LGC-SERVICIOS > PP-SRV-LGC-BOMBAS DE RIO,PP > PP-SRV-LGC-SERVICIOS > PP-SRV-LGC-BOMBAS DE RIO > PP-SRV-BMB-BO44R,284763,121e7c49-6f80-4698-91bd-c7c5a38e25dd-0004585b,Roofs,,Genérico - 400 mm,Genérico - 400 mm,,PP > PP-SRV-LGC-SERVICIOS,contenedor_scoring,284763,121e7c49-6f80-4698-91bd-c7c5a38e25dd-0004585b,PP > PP-SRV-LGC-SERVICIOS,2,78,SI,200,0,200,ancestro_project_exacto,284763:200:PP > PP-SRV-LGC-SERVICIOS,PP-SRV-LGC-SERVICIOS,Sin match puntual; contenedor único por ancestro Project PP-SRV-LGC-SERVICIOS.,contenedor_unico_ancestro,PP-SRV-LGC-SERVICIOS,284763,284763,,,un_elemento_revit_para_ancestro,PP,PP-SRV-LGC-SERVICIOS,,,,,,,,,,,,,,,,,,,,,,,,,,,,,,,,,,,,,,,,,,,,,,,,,,,,,,,,,,,,,,,,,,,,,,,,,,,,,,
contenedor_unico,contenedor_por_ancestro_project,PP-SRV-MTD-MDBO44R,"MOTOR DIESEL BOMBA DE RIO BO44R CUMMINS, MODELO:NTA-855-G6 | Grupo: PP- MOT DIESEL BO44R",884,5,884,PP-SRV-BMB-BO44R,PP-SRV-BMB-BO44R,PP-SRV-LGC-SERVICIOS > PP-SRV-LGC-BOMBAS > PP-SRV-BMB-BO44R,PP > PP-SRV-LGC-SERVICIOS > PP-SRV-LGC-BOMBAS DE RIO > PP-SRV-BMB-BO44R,PP > PP-SRV-LGC-SERVICIOS > PP-SRV-LGC-BOMBAS DE RIO > PP-SRV-BMB-BO44R > PP-SRV-MTD-MDBO44R,284763,121e7c49-6f80-4698-91bd-c7c5a38e25dd-0004585b,Roofs,,Genérico - 400 mm,Genérico - 400 mm,,PP > PP-SRV-LGC-SERVICIOS,contenedor_scoring,284763,121e7c49-6f80-4698-91bd-c7c5a38e25dd-0004585b,PP > PP-SRV-LGC-SERVICIOS,2,78,SI,200,0,200,ancestro_project_exacto,284763:200:PP > PP-SRV-LGC-SERVICIOS,PP-SRV-LGC-SERVICIOS,Sin match puntual; contenedor único por ancestro Project PP-SRV-LGC-SERVICIOS.,contenedor_unico_ancestro,PP-SRV-LGC-SERVICIOS,284763,284763,,,un_elemento_revit_para_ancestro,PP,PP-SRV-LGC-SERVICIOS,,,,,,,,,,,,,,,,,,,,,,,,,,,,,,,,,,,,,,,,,,,,,,,,,,,,,,,,,,,,,,,,,,,,,,,,,,,,,,
contenedor_unico,contenedor_por_ancestro_project,PP-SRV-BMB-BO45R,BOMBA BO45 RIO | Grupo: PP-BMB VERT B22 DE RIO,885,4,885,PP-SRV-LGC-BOMBAS DE RIO,PP-SRV-LGC-BOMBAS,PP-SRV-LGC-SERVICIOS > PP-SRV-LGC-BOMBAS,PP > PP-SRV-LGC-SERVICIOS > PP-SRV-LGC-BOMBAS DE RIO,PP > PP-SRV-LGC-SERVICIOS > PP-SRV-LGC-BOMBAS DE RIO > PP-SRV-BMB-BO45R,284763,121e7c49-6f80-4698-91bd-c7c5a38e25dd-0004585b,Roofs,,Genérico - 400 mm,Genérico - 400 mm,,PP > PP-SRV-LGC-SERVICIOS,contenedor_scoring,284763,121e7c49-6f80-4698-91bd-c7c5a38e25dd-0004585b,PP > PP-SRV-LGC-SERVICIOS,2,78,SI,200,0,200,ancestro_project_exacto,284763:200:PP > PP-SRV-LGC-SERVICIOS,PP-SRV-LGC-SERVICIOS,Sin match puntual; contenedor único por ancestro Project PP-SRV-LGC-SERVICIOS.,contenedor_unico_ancestro,PP-SRV-LGC-SERVICIOS,284763,284763,,,un_elemento_revit_para_ancestro,PP,PP-SRV-LGC-SERVICIOS,,,,,,,,,,,,,,,,,,,,,,,,,,,,,,,,,,,,,,,,,,,,,,,,,,,,,,,,,,,,,,,,,,,,,,,,,,,,,,
contenedor_unico,contenedor_por_ancestro_project,PP-SRV-LGC-CLARIFICADORA,SECTOR PLANTA CLARIFICADORA PTA PTO | Grupo: PP-SECTOR PTA CLARIF,887,3,887,PP-SRV-LGC-SERVICIOS,PP-SRV-LGC-SERVICIOS,PP-SRV-LGC-SERVICIOS,PP > PP-SRV-LGC-SERVICIOS,PP > PP-SRV-LGC-SERVICIOS > PP-SRV-LGC-CLARIFICADORA,284763,121e7c49-6f80-4698-91bd-c7c5a38e25dd-0004585b,Roofs,,Genérico - 400 mm,Genérico - 400 mm,,PP > PP-SRV-LGC-SERVICIOS,contenedor_scoring,284763,121e7c49-6f80-4698-91bd-c7c5a38e25dd-0004585b,PP > PP-SRV-LGC-SERVICIOS,2,78,SI,200,0,200,ancestro_project_exacto,284763:200:PP > PP-SRV-LGC-SERVICIOS,PP-SRV-LGC-SERVICIOS,Sin match puntual; contenedor único por ancestro Project PP-SRV-LGC-SERVICIOS.,contenedor_unico_ancestro,PP-SRV-LGC-SERVICIOS,284763,284763,,,un_elemento_revit_para_ancestro,PP,PP-SRV-LGC-SERVICIOS,,,,,,,,,,,,,,,,,,,,,,,,,,,,,,,,,,,,,,,,,,,,,,,,,,,,,,,,,,,,,,,,,,,,,,,,,,,,,,
contenedor_unico,contenedor_por_ancestro_project,PP-PCA-BMB-BO62,BOMBA 62 ENVIA A P. RICARDONE | Grupo: PP-BMB CENTRIF BO62,888,4,888,PP-SRV-LGC-CLARIFICADORA,PP-SRV-LGC-CLARIFICADORA,PP-SRV-LGC-SERVICIOS > PP-SRV-LGC-CLARIFICADORA,PP > PP-SRV-LGC-SERVICIOS > PP-SRV-LGC-CLARIFICADORA,PP > PP-SRV-LGC-SERVICIOS > PP-SRV-LGC-CLARIFICADORA > PP-PCA-BMB-BO62,284763,121e7c49-6f80-4698-91bd-c7c5a38e25dd-0004585b,Roofs,,Genérico - 400 mm,Genérico - 400 mm,,PP > PP-SRV-LGC-SERVICIOS,contenedor_scoring,284763,121e7c49-6f80-4698-91bd-c7c5a38e25dd-0004585b,PP > PP-SRV-LGC-SERVICIOS,2,78,SI,200,0,200,ancestro_project_exacto,284763:200:PP > PP-SRV-LGC-SERVICIOS,PP-SRV-LGC-SERVICIOS,Sin match puntual; contenedor único por ancestro Project PP-SRV-LGC-SERVICIOS.,contenedor_unico_ancestro,PP-SRV-LGC-SERVICIOS,284763,284763,,,un_elemento_revit_para_ancestro,PP,PP-SRV-LGC-SERVICIOS,,,,,,,,,,,,,,,,,,,,,,,,,,,,,,,,,,,,,,,,,,,,,,,,,,,,,,,,,,,,,,,,,,,,,,,,,,,,,,
contenedor_unico,contenedor_por_ancestro_project,PP-PCA-BMB-BO63,BOMBA 63 ENVIA A P. RICARDONE | Grupo: PP-BMB CENTRIF BO63,889,4,889,PP-SRV-LGC-CLARIFICADORA,PP-SRV-LGC-CLARIFICADORA,PP-SRV-LGC-SERVICIOS > PP-SRV-LGC-CLARIFICADORA,PP > PP-SRV-LGC-SERVICIOS > PP-SRV-LGC-CLARIFICADORA,PP > PP-SRV-LGC-SERVICIOS > PP-SRV-LGC-CLARIFICADORA > PP-PCA-BMB-BO63,284763,121e7c49-6f80-4698-91bd-c7c5a38e25dd-0004585b,Roofs,,Genérico - 400 mm,Genérico - 400 mm,,PP > PP-SRV-LGC-SERVICIOS,contenedor_scoring,284763,121e7c49-6f80-4698-91bd-c7c5a38e25dd-0004585b,PP > PP-SRV-LGC-SERVICIOS,2,78,SI,200,0,200,ancestro_project_exacto,284763:200:PP > PP-SRV-LGC-SERVICIOS,PP-SRV-LGC-SERVICIOS,Sin match puntual; contenedor único por ancestro Project PP-SRV-LGC-SERVICIOS.,contenedor_unico_ancestro,PP-SRV-LGC-SERVICIOS,284763,284763,,,un_elemento_revit_para_ancestro,PP,PP-SRV-LGC-SERVICIOS,,,,,,,,,,,,,,,,,,,,,,,,,,,,,,,,,,,,,,,,,,,,,,,,,,,,,,,,,,,,,,,,,,,,,,,,,,,,,,
contenedor_unico,contenedor_por_ancestro_project,PP-PCA-BMB-BO64,BOMBA 64 ENVIA A PLANTA PUERTO | Grupo: PP-BMB CENTRIF BO64,890,4,890,PP-SRV-LGC-CLARIFICADORA,PP-SRV-LGC-CLARIFICADORA,PP-SRV-LGC-SERVICIOS > PP-SRV-LGC-CLARIFICADORA,PP > PP-SRV-LGC-SERVICIOS > PP-SRV-LGC-CLARIFICADORA,PP > PP-SRV-LGC-SERVICIOS > PP-SRV-LGC-CLARIFICADORA > PP-PCA-BMB-BO64,284763,121e7c49-6f80-4698-91bd-c7c5a38e25dd-0004585b,Roofs,,Genérico - 400 mm,Genérico - 400 mm,,PP > PP-SRV-LGC-SERVICIOS,contenedor_scoring,284763,121e7c49-6f80-4698-91bd-c7c5a38e25dd-0004585b,PP > PP-SRV-LGC-SERVICIOS,2,78,SI,200,0,200,ancestro_project_exacto,284763:200:PP > PP-SRV-LGC-SERVICIOS,PP-SRV-LGC-SERVICIOS,Sin match puntual; contenedor único por ancestro Project PP-SRV-LGC-SERVICIOS.,contenedor_unico_ancestro,PP-SRV-LGC-SERVICIOS,284763,284763,,,un_elemento_revit_para_ancestro,PP,PP-SRV-LGC-SERVICIOS,,,,,,,,,,,,,,,,,,,,,,,,,,,,,,,,,,,,,,,,,,,,,,,,,,,,,,,,,,,,,,,,,,,,,,,,,,,,,,
contenedor_unico,contenedor_por_ancestro_project,PP-PCA-BMB-BO65,BOMBA 65 ENVIA A PLANTA PUERTO (CONTRALA | Grupo: PP-BMB CENTRIF BO65,891,4,891,PP-SRV-LGC-CLARIFICADORA,PP-SRV-LGC-CLARIFICADORA,PP-SRV-LGC-SERVICIOS > PP-SRV-LGC-CLARIFICADORA,PP > PP-SRV-LGC-SERVICIOS > PP-SRV-LGC-CLARIFICADORA,PP > PP-SRV-LGC-SERVICIOS > PP-SRV-LGC-CLARIFICADORA > PP-PCA-BMB-BO65,284763,121e7c49-6f80-4698-91bd-c7c5a38e25dd-0004585b,Roofs,,Genérico - 400 mm,Genérico - 400 mm,,PP > PP-SRV-LGC-SERVICIOS,contenedor_scoring,284763,121e7c49-6f80-4698-91bd-c7c5a38e25dd-0004585b,PP > PP-SRV-LGC-SERVICIOS,2,78,SI,200,0,200,ancestro_project_exacto,284763:200:PP > PP-SRV-LGC-SERVICIOS,PP-SRV-LGC-SERVICIOS,Sin match puntual; contenedor único por ancestro Project PP-SRV-LGC-SERVICIOS.,contenedor_unico_ancestro,PP-SRV-LGC-SERVICIOS,284763,284763,,,un_elemento_revit_para_ancestro,PP,PP-SRV-LGC-SERVICIOS,,,,,,,,,,,,,,,,,,,,,,,,,,,,,,,,,,,,,,,,,,,,,,,,,,,,,,,,,,,,,,,,,,,,,,,,,,,,,,
contenedor_unico,contenedor_por_ancestro_project,PP-PCA-BMB-BO66,BOMBA 66 ENVIA AGUA RETORNO EXTRACCION A PTA AGUA | Grupo: PP-BMB CENTRIF BO66,892,4,892,PP-SRV-LGC-CLARIFICADORA,PP-SRV-LGC-CLARIFICADORA,PP-SRV-LGC-SERVICIOS > PP-SRV-LGC-CLARIFICADORA,PP > PP-SRV-LGC-SERVICIOS > PP-SRV-LGC-CLARIFICADORA,PP > PP-SRV-LGC-SERVICIOS > PP-SRV-LGC-CLARIFICADORA > PP-PCA-BMB-BO66,284763,121e7c49-6f80-4698-91bd-c7c5a38e25dd-0004585b,Roofs,,Genérico - 400 mm,Genérico - 400 mm,,PP > PP-SRV-LGC-SERVICIOS,contenedor_scoring,284763,121e7c49-6f80-4698-91bd-c7c5a38e25dd-0004585b,PP > PP-SRV-LGC-SERVICIOS,2,78,SI,200,0,200,ancestro_project_exacto,284763:200:PP > PP-SRV-LGC-SERVICIOS,PP-SRV-LGC-SERVICIOS,Sin match puntual; contenedor único por ancestro Project PP-SRV-LGC-SERVICIOS.,contenedor_unico_ancestro,PP-SRV-LGC-SERVICIOS,284763,284763,,,un_elemento_revit_para_ancestro,PP,PP-SRV-LGC-SERVICIOS,,,,,,,,,,,,,,,,,,,,,,,,,,,,,,,,,,,,,,,,,,,,,,,,,,,,,,,,,,,,,,,,,,,,,,,,,,,,,,
contenedor_unico,contenedor_por_ancestro_project,PP-PCA-BMB-BOETATRON,BOMBA ETATRON DLXB-MF/M (POLY) - PKX-MA/A | Grupo: PP-BOMBA ETATRON,893,4,893,PP-SRV-LGC-CLARIFICADORA,PP-SRV-LGC-CLARIFICADORA,PP-SRV-LGC-SERVICIOS > PP-SRV-LGC-CLARIFICADORA,PP > PP-SRV-LGC-SERVICIOS > PP-SRV-LGC-CLARIFICADORA,PP > PP-SRV-LGC-SERVICIOS > PP-SRV-LGC-CLARIFICADORA > PP-PCA-BMB-BOETATRON 01,284763,121e7c49-6f80-4698-91bd-c7c5a38e25dd-0004585b,Roofs,,Genérico - 400 mm,Genérico - 400 mm,,PP > PP-SRV-LGC-SERVICIOS,contenedor_scoring,284763,121e7c49-6f80-4698-91bd-c7c5a38e25dd-0004585b,PP > PP-SRV-LGC-SERVICIOS,2,78,SI,200,0,200,ancestro_project_exacto,284763:200:PP > PP-SRV-LGC-SERVICIOS,PP-SRV-LGC-SERVICIOS,Código repetido en Project 5 veces. Sin match puntual; contenedor único por ancestro Project PP-SRV-LGC-SERVICIOS.,contenedor_unico_ancestro,PP-SRV-LGC-SERVICIOS,284763,284763,,,un_elemento_revit_para_ancestro,PP,PP-SRV-LGC-SERVICIOS,,,,,,,,,,,,,,,,,,,,,,,,,,,,,,,,,,,,,,,,,,,,,,,,,,,,,,,,,,,,,,,,,,,,,,,,,,,,,,
contenedor_unico,contenedor_por_ancestro_project,PP-PCA-BMB-BOKLARAID,BOMBA TK KLARAID A PLANTA CLARIFICADORA | Grupo: PP-BOMBA KLARAID,898,4,898,PP-SRV-LGC-CLARIFICADORA,PP-SRV-LGC-CLARIFICADORA,PP-SRV-LGC-SERVICIOS > PP-SRV-LGC-CLARIFICADORA,PP > PP-SRV-LGC-SERVICIOS > PP-SRV-LGC-CLARIFICADORA,PP > PP-SRV-LGC-SERVICIOS > PP-SRV-LGC-CLARIFICADORA > PP-PCA-BMB-BOKLARAID,284763,121e7c49-6f80-4698-91bd-c7c5a38e25dd-0004585b,Roofs,,Genérico - 400 mm,Genérico - 400 mm,,PP > PP-SRV-LGC-SERVICIOS,contenedor_scoring,284763,121e7c49-6f80-4698-91bd-c7c5a38e25dd-0004585b,PP > PP-SRV-LGC-SERVICIOS,2,78,SI,200,0,200,ancestro_project_exacto,284763:200:PP > PP-SRV-LGC-SERVICIOS,PP-SRV-LGC-SERVICIOS,Sin match puntual; contenedor único por ancestro Project PP-SRV-LGC-SERVICIOS.,contenedor_unico_ancestro,PP-SRV-LGC-SERVICIOS,284763,284763,,,un_elemento_revit_para_ancestro,PP,PP-SRV-LGC-SERVICIOS,,,,,,,,,,,,,,,,,,,,,,,,,,,,,,,,,,,,,,,,,,,,,,,,,,,,,,,,,,,,,,,,,,,,,,,,,,,,,,
contenedor_unico,contenedor_por_ancestro_project,PP-PCA-BMB-DOSIV,BOMBA DOSIVAC DD30 (PACK) | Grupo: PP-BOMBA DOSIVAC DD3,899,4,899,PP-SRV-LGC-CLARIFICADORA,PP-SRV-LGC-CLARIFICADORA,PP-SRV-LGC-SERVICIOS > PP-SRV-LGC-CLARIFICADORA,PP > PP-SRV-LGC-SERVICIOS > PP-SRV-LGC-CLARIFICADORA,PP > PP-SRV-LGC-SERVICIOS > PP-SRV-LGC-CLARIFICADORA > PP-PCA-BMB-DOSIV 01,284763,121e7c49-6f80-4698-91bd-c7c5a38e25dd-0004585b,Roofs,,Genérico - 400 mm,Genérico - 400 mm,,PP > PP-SRV-LGC-SERVICIOS,contenedor_scoring,284763,121e7c49-6f80-4698-91bd-c7c5a38e25dd-0004585b,PP > PP-SRV-LGC-SERVICIOS,2,78,SI,200,0,200,ancestro_project_exacto,284763:200:PP > PP-SRV-LGC-SERVICIOS,PP-SRV-LGC-SERVICIOS,Código repetido en Project 4 veces. Sin match puntual; contenedor único por ancestro Project PP-SRV-LGC-SERVICIOS.,contenedor_unico_ancestro,PP-SRV-LGC-SERVICIOS,284763,284763,,,un_elemento_revit_para_ancestro,PP,PP-SRV-LGC-SERVICIOS,,,,,,,,,,,,,,,,,,,,,,,,,,,,,,,,,,,,,,,,,,,,,,,,,,,,,,,,,,,,,,,,,,,,,,,,,,,,,,
contenedor_unico,contenedor_por_ancestro_project,PP-PCA-CST-CST01,CISTERNA DE AGUA FILTRADA | Grupo: PP-CST CISTERNA,903,4,903,PP-SRV-LGC-CLARIFICADORA,PP-SRV-LGC-CLARIFICADORA,PP-SRV-LGC-SERVICIOS > PP-SRV-LGC-CLARIFICADORA,PP > PP-SRV-LGC-SERVICIOS > PP-SRV-LGC-CLARIFICADORA,PP > PP-SRV-LGC-SERVICIOS > PP-SRV-LGC-CLARIFICADORA > PP-PCA-CST-CST01,284763,121e7c49-6f80-4698-91bd-c7c5a38e25dd-0004585b,Roofs,,Genérico - 400 mm,Genérico - 400 mm,,PP > PP-SRV-LGC-SERVICIOS,contenedor_scoring,284763,121e7c49-6f80-4698-91bd-c7c5a38e25dd-0004585b,PP > PP-SRV-LGC-SERVICIOS,2,78,SI,200,0,200,ancestro_project_exacto,284763:200:PP > PP-SRV-LGC-SERVICIOS,PP-SRV-LGC-SERVICIOS,Sin match puntual; contenedor único por ancestro Project PP-SRV-LGC-SERVICIOS.,contenedor_unico_ancestro,PP-SRV-LGC-SERVICIOS,284763,284763,,,un_elemento_revit_para_ancestro,PP,PP-SRV-LGC-SERVICIOS,,,,,,,,,,,,,,,,,,,,,,,,,,,,,,,,,,,,,,,,,,,,,,,,,,,,,,,,,,,,,,,,,,,,,,,,,,,,,,
contenedor_unico,contenedor_por_ancestro_project,PP-PCA-FLT-FA01,FILTRO DE ARENA NRO 1 | Grupo: PP-FLT FILTRO ARENA,904,4,904,PP-SRV-LGC-CLARIFICADORA,PP-SRV-LGC-CLARIFICADORA,PP-SRV-LGC-SERVICIOS > PP-SRV-LGC-CLARIFICADORA,PP > PP-SRV-LGC-SERVICIOS > PP-SRV-LGC-CLARIFICADORA,PP > PP-SRV-LGC-SERVICIOS > PP-SRV-LGC-CLARIFICADORA > PP-PCA-FLT-FA01,284763,121e7c49-6f80-4698-91bd-c7c5a38e25dd-0004585b,Roofs,,Genérico - 400 mm,Genérico - 400 mm,,PP > PP-SRV-LGC-SERVICIOS,contenedor_scoring,284763,121e7c49-6f80-4698-91bd-c7c5a38e25dd-0004585b,PP > PP-SRV-LGC-SERVICIOS,2,78,SI,200,0,200,ancestro_project_exacto,284763:200:PP > PP-SRV-LGC-SERVICIOS,PP-SRV-LGC-SERVICIOS,Sin match puntual; contenedor único por ancestro Project PP-SRV-LGC-SERVICIOS.,contenedor_unico_ancestro,PP-SRV-LGC-SERVICIOS,284763,284763,,,un_elemento_revit_para_ancestro,PP,PP-SRV-LGC-SERVICIOS,,,,,,,,,,,,,,,,,,,,,,,,,,,,,,,,,,,,,,,,,,,,,,,,,,,,,,,,,,,,,,,,,,,,,,,,,,,,,,
contenedor_unico,contenedor_por_ancestro_project,PP-PCA-FLT-FA02,FILTRO DE ARENA NRO 2 | Grupo: PP-FLT FILTRO ARENA,905,4,905,PP-SRV-LGC-CLARIFICADORA,PP-SRV-LGC-CLARIFICADORA,PP-SRV-LGC-SERVICIOS > PP-SRV-LGC-CLARIFICADORA,PP > PP-SRV-LGC-SERVICIOS > PP-SRV-LGC-CLARIFICADORA,PP > PP-SRV-LGC-SERVICIOS > PP-SRV-LGC-CLARIFICADORA > PP-PCA-FLT-FA02,284763,121e7c49-6f80-4698-91bd-c7c5a38e25dd-0004585b,Roofs,,Genérico - 400 mm,Genérico - 400 mm,,PP > PP-SRV-LGC-SERVICIOS,contenedor_scoring,284763,121e7c49-6f80-4698-91bd-c7c5a38e25dd-0004585b,PP > PP-SRV-LGC-SERVICIOS,2,78,SI,200,0,200,ancestro_project_exacto,284763:200:PP > PP-SRV-LGC-SERVICIOS,PP-SRV-LGC-SERVICIOS,Sin match puntual; contenedor único por ancestro Project PP-SRV-LGC-SERVICIOS.,contenedor_unico_ancestro,PP-SRV-LGC-SERVICIOS,284763,284763,,,un_elemento_revit_para_ancestro,PP,PP-SRV-LGC-SERVICIOS,,,,,,,,,,,,,,,,,,,,,,,,,,,,,,,,,,,,,,,,,,,,,,,,,,,,,,,,,,,,,,,,,,,,,,,,,,,,,,
contenedor_unico,contenedor_por_ancestro_project,PP-PCA-FLT-FA03,FILTRO DE ARENA NRO 3 | Grupo: PP-FLT FILTRO ARENA,906,4,906,PP-SRV-LGC-CLARIFICADORA,PP-SRV-LGC-CLARIFICADORA,PP-SRV-LGC-SERVICIOS > PP-SRV-LGC-CLARIFICADORA,PP > PP-SRV-LGC-SERVICIOS > PP-SRV-LGC-CLARIFICADORA,PP > PP-SRV-LGC-SERVICIOS > PP-SRV-LGC-CLARIFICADORA > PP-PCA-FLT-FA03,284763,121e7c49-6f80-4698-91bd-c7c5a38e25dd-0004585b,Roofs,,Genérico - 400 mm,Genérico - 400 mm,,PP > PP-SRV-LGC-SERVICIOS,contenedor_scoring,284763,121e7c49-6f80-4698-91bd-c7c5a38e25dd-0004585b,PP > PP-SRV-LGC-SERVICIOS,2,78,SI,200,0,200,ancestro_project_exacto,284763:200:PP > PP-SRV-LGC-SERVICIOS,PP-SRV-LGC-SERVICIOS,Sin match puntual; contenedor único por ancestro Project PP-SRV-LGC-SERVICIOS.,contenedor_unico_ancestro,PP-SRV-LGC-SERVICIOS,284763,284763,,,un_elemento_revit_para_ancestro,PP,PP-SRV-LGC-SERVICIOS,,,,,,,,,,,,,,,,,,,,,,,,,,,,,,,,,,,,,,,,,,,,,,,,,,,,,,,,,,,,,,,,,,,,,,,,,,,,,,
contenedor_unico,contenedor_por_ancestro_project,PP-PCA-IBC-01,HIPOCLORITO DE SODIO | Grupo: PP-IBC,907,4,907,PP-SRV-LGC-CLARIFICADORA,PP-SRV-LGC-CLARIFICADORA,PP-SRV-LGC-SERVICIOS > PP-SRV-LGC-CLARIFICADORA,PP > PP-SRV-LGC-SERVICIOS > PP-SRV-LGC-CLARIFICADORA,PP > PP-SRV-LGC-SERVICIOS > PP-SRV-LGC-CLARIFICADORA > PP-PCA-IBC-01,284763,121e7c49-6f80-4698-91bd-c7c5a38e25dd-0004585b,Roofs,,Genérico - 400 mm,Genérico - 400 mm,,PP > PP-SRV-LGC-SERVICIOS,contenedor_scoring,284763,121e7c49-6f80-4698-91bd-c7c5a38e25dd-0004585b,PP > PP-SRV-LGC-SERVICIOS,2,78,SI,200,0,200,ancestro_project_exacto,284763:200:PP > PP-SRV-LGC-SERVICIOS,PP-SRV-LGC-SERVICIOS,Sin match puntual; contenedor único por ancestro Project PP-SRV-LGC-SERVICIOS.,contenedor_unico_ancestro,PP-SRV-LGC-SERVICIOS,284763,284763,,,un_elemento_revit_para_ancestro,PP,PP-SRV-LGC-SERVICIOS,,,,,,,,,,,,,,,,,,,,,,,,,,,,,,,,,,,,,,,,,,,,,,,,,,,,,,,,,,,,,,,,,,,,,,,,,,,,,,
contenedor_unico,contenedor_por_ancestro_project,PP-PCA-IBC-02,CORTROL IS3020 SECUESTRANTE DE OXIGENO DISUELTO / PASIVADOR E METAL BASE ACUOSA | Grupo: PP-IBC,908,4,908,PP-SRV-LGC-CLARIFICADORA,PP-SRV-LGC-CLARIFICADORA,PP-SRV-LGC-SERVICIOS > PP-SRV-LGC-CLARIFICADORA,PP > PP-SRV-LGC-SERVICIOS > PP-SRV-LGC-CLARIFICADORA,PP > PP-SRV-LGC-SERVICIOS > PP-SRV-LGC-CLARIFICADORA > PP-PCA-IBC-02,284763,121e7c49-6f80-4698-91bd-c7c5a38e25dd-0004585b,Roofs,,Genérico - 400 mm,Genérico - 400 mm,,PP > PP-SRV-LGC-SERVICIOS,contenedor_scoring,284763,121e7c49-6f80-4698-91bd-c7c5a38e25dd-0004585b,PP > PP-SRV-LGC-SERVICIOS,2,78,SI,200,0,200,ancestro_project_exacto,284763:200:PP > PP-SRV-LGC-SERVICIOS,PP-SRV-LGC-SERVICIOS,Sin match puntual; contenedor único por ancestro Project PP-SRV-LGC-SERVICIOS.,contenedor_unico_ancestro,PP-SRV-LGC-SERVICIOS,284763,284763,,,un_elemento_revit_para_ancestro,PP,PP-SRV-LGC-SERVICIOS,,,,,,,,,,,,,,,,,,,,,,,,,,,,,,,,,,,,,,,,,,,,,,,,,,,,,,,,,,,,,,,,,,,,,,,,,,,,,,
contenedor_unico,contenedor_por_ancestro_project,PP-PCA-IBC-03,KLARAID IC1176L COAGULANTE | Grupo: PP-IBC,909,4,909,PP-SRV-LGC-CLARIFICADORA,PP-SRV-LGC-CLARIFICADORA,PP-SRV-LGC-SERVICIOS > PP-SRV-LGC-CLARIFICADORA,PP > PP-SRV-LGC-SERVICIOS > PP-SRV-LGC-CLARIFICADORA,PP > PP-SRV-LGC-SERVICIOS > PP-SRV-LGC-CLARIFICADORA > PP-PCA-IBC-03,284763,121e7c49-6f80-4698-91bd-c7c5a38e25dd-0004585b,Roofs,,Genérico - 400 mm,Genérico - 400 mm,,PP > PP-SRV-LGC-SERVICIOS,contenedor_scoring,284763,121e7c49-6f80-4698-91bd-c7c5a38e25dd-0004585b,PP > PP-SRV-LGC-SERVICIOS,2,78,SI,200,0,200,ancestro_project_exacto,284763:200:PP > PP-SRV-LGC-SERVICIOS,PP-SRV-LGC-SERVICIOS,Sin match puntual; contenedor único por ancestro Project PP-SRV-LGC-SERVICIOS.,contenedor_unico_ancestro,PP-SRV-LGC-SERVICIOS,284763,284763,,,un_elemento_revit_para_ancestro,PP,PP-SRV-LGC-SERVICIOS,,,,,,,,,,,,,,,,,,,,,,,,,,,,,,,,,,,,,,,,,,,,,,,,,,,,,,,,,,,,,,,,,,,,,,,,,,,,,,
contenedor_unico,contenedor_por_ancestro_project,PP-PCA-IBC-04,KLARAID PC1216 COAGULANTE | Grupo: PP-IBC,910,4,910,PP-SRV-LGC-CLARIFICADORA,PP-SRV-LGC-CLARIFICADORA,PP-SRV-LGC-SERVICIOS > PP-SRV-LGC-CLARIFICADORA,PP > PP-SRV-LGC-SERVICIOS > PP-SRV-LGC-CLARIFICADORA,PP > PP-SRV-LGC-SERVICIOS > PP-SRV-LGC-CLARIFICADORA > PP-PCA-IBC-04,284763,121e7c49-6f80-4698-91bd-c7c5a38e25dd-0004585b,Roofs,,Genérico - 400 mm,Genérico - 400 mm,,PP > PP-SRV-LGC-SERVICIOS,contenedor_scoring,284763,121e7c49-6f80-4698-91bd-c7c5a38e25dd-0004585b,PP > PP-SRV-LGC-SERVICIOS,2,78,SI,200,0,200,ancestro_project_exacto,284763:200:PP > PP-SRV-LGC-SERVICIOS,PP-SRV-LGC-SERVICIOS,Sin match puntual; contenedor único por ancestro Project PP-SRV-LGC-SERVICIOS.,contenedor_unico_ancestro,PP-SRV-LGC-SERVICIOS,284763,284763,,,un_elemento_revit_para_ancestro,PP,PP-SRV-LGC-SERVICIOS,,,,,,,,,,,,,,,,,,,,,,,,,,,,,,,,,,,,,,,,,,,,,,,,,,,,,,,,,,,,,,,,,,,,,,,,,,,,,,
contenedor_unico,contenedor_por_ancestro_project,PP-PCA-PLT-CEDIM,PILETA DE CEDIMENTACION CON PLACAS | Grupo: PP-PLT CEDIMENTADORA,911,4,911,PP-SRV-LGC-CLARIFICADORA,PP-SRV-LGC-CLARIFICADORA,PP-SRV-LGC-SERVICIOS > PP-SRV-LGC-CLARIFICADORA,PP > PP-SRV-LGC-SERVICIOS > PP-SRV-LGC-CLARIFICADORA,PP > PP-SRV-LGC-SERVICIOS > PP-SRV-LGC-CLARIFICADORA > PP-PCA-PLT-CEDIM,284763,121e7c49-6f80-4698-91bd-c7c5a38e25dd-0004585b,Roofs,,Genérico - 400 mm,Genérico - 400 mm,,PP > PP-SRV-LGC-SERVICIOS,contenedor_scoring,284763,121e7c49-6f80-4698-91bd-c7c5a38e25dd-0004585b,PP > PP-SRV-LGC-SERVICIOS,2,78,SI,200,0,200,ancestro_project_exacto,284763:200:PP > PP-SRV-LGC-SERVICIOS,PP-SRV-LGC-SERVICIOS,Sin match puntual; contenedor único por ancestro Project PP-SRV-LGC-SERVICIOS.,contenedor_unico_ancestro,PP-SRV-LGC-SERVICIOS,284763,284763,,,un_elemento_revit_para_ancestro,PP,PP-SRV-LGC-SERVICIOS,,,,,,,,,,,,,,,,,,,,,,,,,,,,,,,,,,,,,,,,,,,,,,,,,,,,,,,,,,,,,,,,,,,,,,,,,,,,,,
contenedor_unico,contenedor_por_ancestro_project,PP-PCA-PLT-FLOC,PILETA DE FLOCULADORES 1 Y 2 | Grupo: PP-FLC FLOCULADOR,912,4,912,PP-SRV-LGC-CLARIFICADORA,PP-SRV-LGC-CLARIFICADORA,PP-SRV-LGC-SERVICIOS > PP-SRV-LGC-CLARIFICADORA,PP > PP-SRV-LGC-SERVICIOS > PP-SRV-LGC-CLARIFICADORA,PP > PP-SRV-LGC-SERVICIOS > PP-SRV-LGC-CLARIFICADORA > PP-PCA-PLT-FLOC,284763,121e7c49-6f80-4698-91bd-c7c5a38e25dd-0004585b,Roofs,,Genérico - 400 mm,Genérico - 400 mm,,PP > PP-SRV-LGC-SERVICIOS,contenedor_scoring,284763,121e7c49-6f80-4698-91bd-c7c5a38e25dd-0004585b,PP > PP-SRV-LGC-SERVICIOS,2,78,SI,200,0,200,ancestro_project_exacto,284763:200:PP > PP-SRV-LGC-SERVICIOS,PP-SRV-LGC-SERVICIOS,Sin match puntual; contenedor único por ancestro Project PP-SRV-LGC-SERVICIOS.,contenedor_unico_ancestro,PP-SRV-LGC-SERVICIOS,284763,284763,,,un_elemento_revit_para_ancestro,PP,PP-SRV-LGC-SERVICIOS,,,,,,,,,,,,,,,,,,,,,,,,,,,,,,,,,,,,,,,,,,,,,,,,,,,,,,,,,,,,,,,,,,,,,,,,,,,,,,
contenedor_unico,contenedor_por_ancestro_project,PP-PCA-PLT-PD01,PILETA DECANTADORA 1 SECTOR CENTRAL | Grupo: PP-PILETA DECANTADORA,913,4,913,PP-SRV-LGC-CLARIFICADORA,PP-SRV-LGC-CLARIFICADORA,PP-SRV-LGC-SERVICIOS > PP-SRV-LGC-CLARIFICADORA,PP > PP-SRV-LGC-SERVICIOS > PP-SRV-LGC-CLARIFICADORA,PP > PP-SRV-LGC-SERVICIOS > PP-SRV-LGC-CLARIFICADORA > PP-PCA-PLT-PD01,284763,121e7c49-6f80-4698-91bd-c7c5a38e25dd-0004585b,Roofs,,Genérico - 400 mm,Genérico - 400 mm,,PP > PP-SRV-LGC-SERVICIOS,contenedor_scoring,284763,121e7c49-6f80-4698-91bd-c7c5a38e25dd-0004585b,PP > PP-SRV-LGC-SERVICIOS,2,78,SI,200,0,200,ancestro_project_exacto,284763:200:PP > PP-SRV-LGC-SERVICIOS,PP-SRV-LGC-SERVICIOS,Sin match puntual; contenedor único por ancestro Project PP-SRV-LGC-SERVICIOS.,contenedor_unico_ancestro,PP-SRV-LGC-SERVICIOS,284763,284763,,,un_elemento_revit_para_ancestro,PP,PP-SRV-LGC-SERVICIOS,,,,,,,,,,,,,,,,,,,,,,,,,,,,,,,,,,,,,,,,,,,,,,,,,,,,,,,,,,,,,,,,,,,,,,,,,,,,,,
contenedor_unico,contenedor_por_ancestro_project,PP-PCA-BMB-BRB01,BOMBA DE RECIRCULACION DE BARRO 01 DECANTADORA 1 INDESUR D25 PPEXN-Z | Grupo: PP-BMB RECIRC BARRO,914,5,914,PP-PCA-PLT-PD01,PP-PCA-PLT-PD01,PP-SRV-LGC-SERVICIOS > PP-SRV-LGC-CLARIFICADORA > PP-PCA-PLT-PD01,PP > PP-SRV-LGC-SERVICIOS > PP-SRV-LGC-CLARIFICADORA > PP-PCA-PLT-PD01,PP > PP-SRV-LGC-SERVICIOS > PP-SRV-LGC-CLARIFICADORA > PP-PCA-PLT-PD01 > PP-PCA-BMB-BRB01,284763,121e7c49-6f80-4698-91bd-c7c5a38e25dd-0004585b,Roofs,,Genérico - 400 mm,Genérico - 400 mm,,PP > PP-SRV-LGC-SERVICIOS,contenedor_scoring,284763,121e7c49-6f80-4698-91bd-c7c5a38e25dd-0004585b,PP > PP-SRV-LGC-SERVICIOS,2,78,SI,200,0,200,ancestro_project_exacto,284763:200:PP > PP-SRV-LGC-SERVICIOS,PP-SRV-LGC-SERVICIOS,Sin match puntual; contenedor único por ancestro Project PP-SRV-LGC-SERVICIOS.,contenedor_unico_ancestro,PP-SRV-LGC-SERVICIOS,284763,284763,,,un_elemento_revit_para_ancestro,PP,PP-SRV-LGC-SERVICIOS,,,,,,,,,,,,,,,,,,,,,,,,,,,,,,,,,,,,,,,,,,,,,,,,,,,,,,,,,,,,,,,,,,,,,,,,,,,,,,
contenedor_unico,contenedor_por_ancestro_project,PP-PCA-PLC-FLOC01,FLOCULADOR 01 DECANTADORA 1 | Grupo: PP-FLOCULADOR PIL DECANT,915,5,915,PP-PCA-PLT-PD01,PP-PCA-PLT-PD01,PP-SRV-LGC-SERVICIOS > PP-SRV-LGC-CLARIFICADORA > PP-PCA-PLT-PD01,PP > PP-SRV-LGC-SERVICIOS > PP-SRV-LGC-CLARIFICADORA > PP-PCA-PLT-PD01,PP > PP-SRV-LGC-SERVICIOS > PP-SRV-LGC-CLARIFICADORA > PP-PCA-PLT-PD01 > PP-PCA-PLC-FLOC01,284763,121e7c49-6f80-4698-91bd-c7c5a38e25dd-0004585b,Roofs,,Genérico - 400 mm,Genérico - 400 mm,,PP > PP-SRV-LGC-SERVICIOS,contenedor_scoring,284763,121e7c49-6f80-4698-91bd-c7c5a38e25dd-0004585b,PP > PP-SRV-LGC-SERVICIOS,2,78,SI,200,0,200,ancestro_project_exacto,284763:200:PP > PP-SRV-LGC-SERVICIOS,PP-SRV-LGC-SERVICIOS,Sin match puntual; contenedor único por ancestro Project PP-SRV-LGC-SERVICIOS.,contenedor_unico_ancestro,PP-SRV-LGC-SERVICIOS,284763,284763,,,un_elemento_revit_para_ancestro,PP,PP-SRV-LGC-SERVICIOS,,,,,,,,,,,,,,,,,,,,,,,,,,,,,,,,,,,,,,,,,,,,,,,,,,,,,,,,,,,,,,,,,,,,,,,,,,,,,,
contenedor_unico,contenedor_por_ancestro_project,PP-PCA-PLC-FLOC02,FLOCULADOR 02 DECANTADORA 1 | Grupo: PP-FLOCULADOR PIL DECANT,916,5,916,PP-PCA-PLT-PD01,PP-PCA-PLT-PD01,PP-SRV-LGC-SERVICIOS > PP-SRV-LGC-CLARIFICADORA > PP-PCA-PLT-PD01,PP > PP-SRV-LGC-SERVICIOS > PP-SRV-LGC-CLARIFICADORA > PP-PCA-PLT-PD01,PP > PP-SRV-LGC-SERVICIOS > PP-SRV-LGC-CLARIFICADORA > PP-PCA-PLT-PD01 > PP-PCA-PLC-FLOC02,284763,121e7c49-6f80-4698-91bd-c7c5a38e25dd-0004585b,Roofs,,Genérico - 400 mm,Genérico - 400 mm,,PP > PP-SRV-LGC-SERVICIOS,contenedor_scoring,284763,121e7c49-6f80-4698-91bd-c7c5a38e25dd-0004585b,PP > PP-SRV-LGC-SERVICIOS,2,78,SI,200,0,200,ancestro_project_exacto,284763:200:PP > PP-SRV-LGC-SERVICIOS,PP-SRV-LGC-SERVICIOS,Sin match puntual; contenedor único por ancestro Project PP-SRV-LGC-SERVICIOS.,contenedor_unico_ancestro,PP-SRV-LGC-SERVICIOS,284763,284763,,,un_elemento_revit_para_ancestro,PP,PP-SRV-LGC-SERVICIOS,,,,,,,,,,,,,,,,,,,,,,,,,,,,,,,,,,,,,,,,,,,,,,,,,,,,,,,,,,,,,,,,,,,,,,,,,,,,,,
contenedor_unico,contenedor_por_ancestro_project,PP-PCA-PLT-PD02,PILETA DECANTADORA 2 SECTOR NORTE | Grupo: PP-PILETA DECANTADORA,917,4,917,PP-SRV-LGC-CLARIFICADORA,PP-SRV-LGC-CLARIFICADORA,PP-SRV-LGC-SERVICIOS > PP-SRV-LGC-CLARIFICADORA,PP > PP-SRV-LGC-SERVICIOS > PP-SRV-LGC-CLARIFICADORA,PP > PP-SRV-LGC-SERVICIOS > PP-SRV-LGC-CLARIFICADORA > PP-PCA-PLT-PD02,284763,121e7c49-6f80-4698-91bd-c7c5a38e25dd-0004585b,Roofs,,Genérico - 400 mm,Genérico - 400 mm,,PP > PP-SRV-LGC-SERVICIOS,contenedor_scoring,284763,121e7c49-6f80-4698-91bd-c7c5a38e25dd-0004585b,PP > PP-SRV-LGC-SERVICIOS,2,78,SI,200,0,200,ancestro_project_exacto,284763:200:PP > PP-SRV-LGC-SERVICIOS,PP-SRV-LGC-SERVICIOS,Sin match puntual; contenedor único por ancestro Project PP-SRV-LGC-SERVICIOS.,contenedor_unico_ancestro,PP-SRV-LGC-SERVICIOS,284763,284763,,,un_elemento_revit_para_ancestro,PP,PP-SRV-LGC-SERVICIOS,,,,,,,,,,,,,,,,,,,,,,,,,,,,,,,,,,,,,,,,,,,,,,,,,,,,,,,,,,,,,,,,,,,,,,,,,,,,,,
contenedor_unico,contenedor_por_ancestro_project,PP-PCA-BMB-BRB02,BOMBA DE RECIRCULACION DE BARRO 02 DECANTADORA 3 INDESUR D25 PPEXN-Z | Grupo: PP-BMB RECIRC BARRO,918,5,918,PP-PCA-PLT-PD02,PP-PCA-PLT-PD02,PP-SRV-LGC-SERVICIOS > PP-SRV-LGC-CLARIFICADORA > PP-PCA-PLT-PD02,PP > PP-SRV-LGC-SERVICIOS > PP-SRV-LGC-CLARIFICADORA > PP-PCA-PLT-PD02,PP > PP-SRV-LGC-SERVICIOS > PP-SRV-LGC-CLARIFICADORA > PP-PCA-PLT-PD02 > PP-PCA-BMB-BRB02,284763,121e7c49-6f80-4698-91bd-c7c5a38e25dd-0004585b,Roofs,,Genérico - 400 mm,Genérico - 400 mm,,PP > PP-SRV-LGC-SERVICIOS,contenedor_scoring,284763,121e7c49-6f80-4698-91bd-c7c5a38e25dd-0004585b,PP > PP-SRV-LGC-SERVICIOS,2,78,SI,200,0,200,ancestro_project_exacto,284763:200:PP > PP-SRV-LGC-SERVICIOS,PP-SRV-LGC-SERVICIOS,Sin match puntual; contenedor único por ancestro Project PP-SRV-LGC-SERVICIOS.,contenedor_unico_ancestro,PP-SRV-LGC-SERVICIOS,284763,284763,,,un_elemento_revit_para_ancestro,PP,PP-SRV-LGC-SERVICIOS,,,,,,,,,,,,,,,,,,,,,,,,,,,,,,,,,,,,,,,,,,,,,,,,,,,,,,,,,,,,,,,,,,,,,,,,,,,,,,
contenedor_unico,contenedor_por_ancestro_project,PP-PCA-PLC-FLOC03,FLOCULADOR 03 DECANTADORA 2 | Grupo: PP-FLOCULADOR PIL DECANT,919,5,919,PP-PCA-PLT-PD02,PP-PCA-PLT-PD02,PP-SRV-LGC-SERVICIOS > PP-SRV-LGC-CLARIFICADORA > PP-PCA-PLT-PD02,PP > PP-SRV-LGC-SERVICIOS > PP-SRV-LGC-CLARIFICADORA > PP-PCA-PLT-PD02,PP > PP-SRV-LGC-SERVICIOS > PP-SRV-LGC-CLARIFICADORA > PP-PCA-PLT-PD02 > PP-PCA-PLC-FLOC03,284763,121e7c49-6f80-4698-91bd-c7c5a38e25dd-0004585b,Roofs,,Genérico - 400 mm,Genérico - 400 mm,,PP > PP-SRV-LGC-SERVICIOS,contenedor_scoring,284763,121e7c49-6f80-4698-91bd-c7c5a38e25dd-0004585b,PP > PP-SRV-LGC-SERVICIOS,2,78,SI,200,0,200,ancestro_project_exacto,284763:200:PP > PP-SRV-LGC-SERVICIOS,PP-SRV-LGC-SERVICIOS,Sin match puntual; contenedor único por ancestro Project PP-SRV-LGC-SERVICIOS.,contenedor_unico_ancestro,PP-SRV-LGC-SERVICIOS,284763,284763,,,un_elemento_revit_para_ancestro,PP,PP-SRV-LGC-SERVICIOS,,,,,,,,,,,,,,,,,,,,,,,,,,,,,,,,,,,,,,,,,,,,,,,,,,,,,,,,,,,,,,,,,,,,,,,,,,,,,,
contenedor_unico,contenedor_por_ancestro_project,PP-PCA-PLC-FLOC04,FLOCULADOR 04 DECANTADORA 2 | Grupo: PP-FLOCULADOR PIL DECANT,920,5,920,PP-PCA-PLT-PD02,PP-PCA-PLT-PD02,PP-SRV-LGC-SERVICIOS > PP-SRV-LGC-CLARIFICADORA > PP-PCA-PLT-PD02,PP > PP-SRV-LGC-SERVICIOS > PP-SRV-LGC-CLARIFICADORA > PP-PCA-PLT-PD02,PP > PP-SRV-LGC-SERVICIOS > PP-SRV-LGC-CLARIFICADORA > PP-PCA-PLT-PD02 > PP-PCA-PLC-FLOC04,284763,121e7c49-6f80-4698-91bd-c7c5a38e25dd-0004585b,Roofs,,Genérico - 400 mm,Genérico - 400 mm,,PP > PP-SRV-LGC-SERVICIOS,contenedor_scoring,284763,121e7c49-6f80-4698-91bd-c7c5a38e25dd-0004585b,PP > PP-SRV-LGC-SERVICIOS,2,78,SI,200,0,200,ancestro_project_exacto,284763:200:PP > PP-SRV-LGC-SERVICIOS,PP-SRV-LGC-SERVICIOS,Sin match puntual; contenedor único por ancestro Project PP-SRV-LGC-SERVICIOS.,contenedor_unico_ancestro,PP-SRV-LGC-SERVICIOS,284763,284763,,,un_elemento_revit_para_ancestro,PP,PP-SRV-LGC-SERVICIOS,,,,,,,,,,,,,,,,,,,,,,,,,,,,,,,,,,,,,,,,,,,,,,,,,,,,,,,,,,,,,,,,,,,,,,,,,,,,,,
contenedor_unico,contenedor_por_ancestro_project,PP-PCA-PLT-PD03,PILETA DECANTADORA 3 SECTOR SUR | Grupo: PP-PILETA DECANTADORA,921,4,921,PP-SRV-LGC-CLARIFICADORA,PP-SRV-LGC-CLARIFICADORA,PP-SRV-LGC-SERVICIOS > PP-SRV-LGC-CLARIFICADORA,PP > PP-SRV-LGC-SERVICIOS > PP-SRV-LGC-CLARIFICADORA,PP > PP-SRV-LGC-SERVICIOS > PP-SRV-LGC-CLARIFICADORA > PP-PCA-PLT-PD03,284763,121e7c49-6f80-4698-91bd-c7c5a38e25dd-0004585b,Roofs,,Genérico - 400 mm,Genérico - 400 mm,,PP > PP-SRV-LGC-SERVICIOS,contenedor_scoring,284763,121e7c49-6f80-4698-91bd-c7c5a38e25dd-0004585b,PP > PP-SRV-LGC-SERVICIOS,2,78,SI,200,0,200,ancestro_project_exacto,284763:200:PP > PP-SRV-LGC-SERVICIOS,PP-SRV-LGC-SERVICIOS,Sin match puntual; contenedor único por ancestro Project PP-SRV-LGC-SERVICIOS.,contenedor_unico_ancestro,PP-SRV-LGC-SERVICIOS,284763,284763,,,un_elemento_revit_para_ancestro,PP,PP-SRV-LGC-SERVICIOS,,,,,,,,,,,,,,,,,,,,,,,,,,,,,,,,,,,,,,,,,,,,,,,,,,,,,,,,,,,,,,,,,,,,,,,,,,,,,,
contenedor_unico,contenedor_por_ancestro_project,PP-PCA-BMB-BRB03,BOMBA DE RECIRCULACION DE BARRO 03 DECANTADORA 3 INDESUR D25 PPEXN-Z | Grupo: PP-BMB RECIRC BARRO,922,5,922,PP-PCA-PLT-PD03,PP-PCA-PLT-PD03,PP-SRV-LGC-SERVICIOS > PP-SRV-LGC-CLARIFICADORA > PP-PCA-PLT-PD03,PP > PP-SRV-LGC-SERVICIOS > PP-SRV-LGC-CLARIFICADORA > PP-PCA-PLT-PD03,PP > PP-SRV-LGC-SERVICIOS > PP-SRV-LGC-CLARIFICADORA > PP-PCA-PLT-PD03 > PP-PCA-BMB-BRB03,284763,121e7c49-6f80-4698-91bd-c7c5a38e25dd-0004585b,Roofs,,Genérico - 400 mm,Genérico - 400 mm,,PP > PP-SRV-LGC-SERVICIOS,contenedor_scoring,284763,121e7c49-6f80-4698-91bd-c7c5a38e25dd-0004585b,PP > PP-SRV-LGC-SERVICIOS,2,78,SI,200,0,200,ancestro_project_exacto,284763:200:PP > PP-SRV-LGC-SERVICIOS,PP-SRV-LGC-SERVICIOS,Sin match puntual; contenedor único por ancestro Project PP-SRV-LGC-SERVICIOS.,contenedor_unico_ancestro,PP-SRV-LGC-SERVICIOS,284763,284763,,,un_elemento_revit_para_ancestro,PP,PP-SRV-LGC-SERVICIOS,,,,,,,,,,,,,,,,,,,,,,,,,,,,,,,,,,,,,,,,,,,,,,,,,,,,,,,,,,,,,,,,,,,,,,,,,,,,,,
contenedor_unico,contenedor_por_ancestro_project,PP-PCA-PLC-FLOC05,FLOCULADOR 05 DECANTADORA 3 | Grupo: PP-FLOCULADOR PIL DECANT,923,5,923,PP-PCA-PLT-PD03,PP-PCA-PLT-PD03,PP-SRV-LGC-SERVICIOS > PP-SRV-LGC-CLARIFICADORA > PP-PCA-PLT-PD03,PP > PP-SRV-LGC-SERVICIOS > PP-SRV-LGC-CLARIFICADORA > PP-PCA-PLT-PD03,PP > PP-SRV-LGC-SERVICIOS > PP-SRV-LGC-CLARIFICADORA > PP-PCA-PLT-PD03 > PP-PCA-PLC-FLOC05,284763,121e7c49-6f80-4698-91bd-c7c5a38e25dd-0004585b,Roofs,,Genérico - 400 mm,Genérico - 400 mm,,PP > PP-SRV-LGC-SERVICIOS,contenedor_scoring,284763,121e7c49-6f80-4698-91bd-c7c5a38e25dd-0004585b,PP > PP-SRV-LGC-SERVICIOS,2,78,SI,200,0,200,ancestro_project_exacto,284763:200:PP > PP-SRV-LGC-SERVICIOS,PP-SRV-LGC-SERVICIOS,Sin match puntual; contenedor único por ancestro Project PP-SRV-LGC-SERVICIOS.,contenedor_unico_ancestro,PP-SRV-LGC-SERVICIOS,284763,284763,,,un_elemento_revit_para_ancestro,PP,PP-SRV-LGC-SERVICIOS,,,,,,,,,,,,,,,,,,,,,,,,,,,,,,,,,,,,,,,,,,,,,,,,,,,,,,,,,,,,,,,,,,,,,,,,,,,,,,
contenedor_unico,contenedor_por_ancestro_project,PP-PCA-PLC-FLOC06,FLOCULADOR 06 DECANTADORA 3 | Grupo: PP-FLOCULADOR PIL DECANT,924,5,924,PP-PCA-PLT-PD03,PP-PCA-PLT-PD03,PP-SRV-LGC-SERVICIOS > PP-SRV-LGC-CLARIFICADORA > PP-PCA-PLT-PD03,PP > PP-SRV-LGC-SERVICIOS > PP-SRV-LGC-CLARIFICADORA > PP-PCA-PLT-PD03,PP > PP-SRV-LGC-SERVICIOS > PP-SRV-LGC-CLARIFICADORA > PP-PCA-PLT-PD03 > PP-PCA-PLC-FLOC06,284763,121e7c49-6f80-4698-91bd-c7c5a38e25dd-0004585b,Roofs,,Genérico - 400 mm,Genérico - 400 mm,,PP > PP-SRV-LGC-SERVICIOS,contenedor_scoring,284763,121e7c49-6f80-4698-91bd-c7c5a38e25dd-0004585b,PP > PP-SRV-LGC-SERVICIOS,2,78,SI,200,0,200,ancestro_project_exacto,284763:200:PP > PP-SRV-LGC-SERVICIOS,PP-SRV-LGC-SERVICIOS,Sin match puntual; contenedor único por ancestro Project PP-SRV-LGC-SERVICIOS.,contenedor_unico_ancestro,PP-SRV-LGC-SERVICIOS,284763,284763,,,un_elemento_revit_para_ancestro,PP,PP-SRV-LGC-SERVICIOS,,,,,,,,,,,,,,,,,,,,,,,,,,,,,,,,,,,,,,,,,,,,,,,,,,,,,,,,,,,,,,,,,,,,,,,,,,,,,,
contenedor_unico,contenedor_por_ancestro_project,PP-PCA-TNQ-TKKLARAID,TK PLASTICO KLARAID IC1176L - 23 M3 | Grupo: PP-TANQUE KLARAID,925,4,925,PP-SRV-LGC-CLARIFICADORA,PP-SRV-LGC-CLARIFICADORA,PP-SRV-LGC-SERVICIOS > PP-SRV-LGC-CLARIFICADORA,PP > PP-SRV-LGC-SERVICIOS > PP-SRV-LGC-CLARIFICADORA,PP > PP-SRV-LGC-SERVICIOS > PP-SRV-LGC-CLARIFICADORA > PP-PCA-TNQ-TKKLARAID,284763,121e7c49-6f80-4698-91bd-c7c5a38e25dd-0004585b,Roofs,,Genérico - 400 mm,Genérico - 400 mm,,PP > PP-SRV-LGC-SERVICIOS,contenedor_scoring,284763,121e7c49-6f80-4698-91bd-c7c5a38e25dd-0004585b,PP > PP-SRV-LGC-SERVICIOS,2,78,SI,200,0,200,ancestro_project_exacto,284763:200:PP > PP-SRV-LGC-SERVICIOS,PP-SRV-LGC-SERVICIOS,Sin match puntual; contenedor único por ancestro Project PP-SRV-LGC-SERVICIOS.,contenedor_unico_ancestro,PP-SRV-LGC-SERVICIOS,284763,284763,,,un_elemento_revit_para_ancestro,PP,PP-SRV-LGC-SERVICIOS,,,,,,,,,,,,,,,,,,,,,,,,,,,,,,,,,,,,,,,,,,,,,,,,,,,,,,,,,,,,,,,,,,,,,,,,,,,,,,
contenedor_unico,contenedor_por_ancestro_project,PP-PCA-TNQ-TKVERDE,TANQUE VERDE PLANTA DE AGUA | Grupo: PP-TNQ TK VERDE,926,4,926,PP-SRV-LGC-CLARIFICADORA,PP-SRV-LGC-CLARIFICADORA,PP-SRV-LGC-SERVICIOS > PP-SRV-LGC-CLARIFICADORA,PP > PP-SRV-LGC-SERVICIOS > PP-SRV-LGC-CLARIFICADORA,PP > PP-SRV-LGC-SERVICIOS > PP-SRV-LGC-CLARIFICADORA > PP-PCA-TNQ-TKVERDE,284763,121e7c49-6f80-4698-91bd-c7c5a38e25dd-0004585b,Roofs,,Genérico - 400 mm,Genérico - 400 mm,,PP > PP-SRV-LGC-SERVICIOS,contenedor_scoring,284763,121e7c49-6f80-4698-91bd-c7c5a38e25dd-0004585b,PP > PP-SRV-LGC-SERVICIOS,2,78,SI,200,0,200,ancestro_project_exacto,284763:200:PP > PP-SRV-LGC-SERVICIOS,PP-SRV-LGC-SERVICIOS,Sin match puntual; contenedor único por ancestro Project PP-SRV-LGC-SERVICIOS.,contenedor_unico_ancestro,PP-SRV-LGC-SERVICIOS,284763,284763,,,un_elemento_revit_para_ancestro,PP,PP-SRV-LGC-SERVICIOS,,,,,,,,,,,,,,,,,,,,,,,,,,,,,,,,,,,,,,,,,,,,,,,,,,,,,,,,,,,,,,,,,,,,,,,,,,,,,,
contenedor_unico,contenedor_por_ancestro_project,PP-SRV-LGC-FUEL,SECTOR FUEL OIL PTA PTO | Grupo: PP-SECTOR FUEL OIL,927,3,927,PP-SRV-LGC-SERVICIOS,PP-SRV-LGC-SERVICIOS,PP-SRV-LGC-SERVICIOS,PP > PP-SRV-LGC-SERVICIOS,PP > PP-SRV-LGC-SERVICIOS > PP-SRV-LGC-FUEL OIL,284763,121e7c49-6f80-4698-91bd-c7c5a38e25dd-0004585b,Roofs,,Genérico - 400 mm,Genérico - 400 mm,,PP > PP-SRV-LGC-SERVICIOS,contenedor_scoring,284763,121e7c49-6f80-4698-91bd-c7c5a38e25dd-0004585b,PP > PP-SRV-LGC-SERVICIOS,2,78,SI,200,0,200,ancestro_project_exacto,284763:200:PP > PP-SRV-LGC-SERVICIOS,PP-SRV-LGC-SERVICIOS,Sin match puntual; contenedor único por ancestro Project PP-SRV-LGC-SERVICIOS.,contenedor_unico_ancestro,PP-SRV-LGC-SERVICIOS,284763,284763,,,un_elemento_revit_para_ancestro,PP,PP-SRV-LGC-SERVICIOS,,,,,,,,,,,,,,,,,,,,,,,,,,,,,,,,,,,,,,,,,,,,,,,,,,,,,,,,,,,,,,,,,,,,,,,,,,,,,,
contenedor_unico,contenedor_por_ancestro_project,PP-SRV-BMB-BO53,BOMBA BO53  FUEL-OIL A QUEMAD. | Grupo: PP-BMB ENGR BO53,928,4,928,PP-SRV-LGC-FUEL OIL,PP-SRV-LGC-FUEL,PP-SRV-LGC-SERVICIOS > PP-SRV-LGC-FUEL,PP > PP-SRV-LGC-SERVICIOS > PP-SRV-LGC-FUEL OIL,PP > PP-SRV-LGC-SERVICIOS > PP-SRV-LGC-FUEL OIL > PP-SRV-BMB-BO53,284763,121e7c49-6f80-4698-91bd-c7c5a38e25dd-0004585b,Roofs,,Genérico - 400 mm,Genérico - 400 mm,,PP > PP-SRV-LGC-SERVICIOS,contenedor_scoring,284763,121e7c49-6f80-4698-91bd-c7c5a38e25dd-0004585b,PP > PP-SRV-LGC-SERVICIOS,2,78,SI,200,0,200,ancestro_project_exacto,284763:200:PP > PP-SRV-LGC-SERVICIOS,PP-SRV-LGC-SERVICIOS,Sin match puntual; contenedor único por ancestro Project PP-SRV-LGC-SERVICIOS.,contenedor_unico_ancestro,PP-SRV-LGC-SERVICIOS,284763,284763,,,un_elemento_revit_para_ancestro,PP,PP-SRV-LGC-SERVICIOS,,,,,,,,,,,,,,,,,,,,,,,,,,,,,,,,,,,,,,,,,,,,,,,,,,,,,,,,,,,,,,,,,,,,,,,,,,,,,,
contenedor_unico,contenedor_por_ancestro_project,PP-SRV-BMB-BO54,BOMBA BO54  FUEL-OIL A QUEMAD. | Grupo: PP-BMB ENGR BO54,929,4,929,PP-SRV-LGC-FUEL OIL,PP-SRV-LGC-FUEL,PP-SRV-LGC-SERVICIOS > PP-SRV-LGC-FUEL,PP > PP-SRV-LGC-SERVICIOS > PP-SRV-LGC-FUEL OIL,PP > PP-SRV-LGC-SERVICIOS > PP-SRV-LGC-FUEL OIL > PP-SRV-BMB-BO54,284763,121e7c49-6f80-4698-91bd-c7c5a38e25dd-0004585b,Roofs,,Genérico - 400 mm,Genérico - 400 mm,,PP > PP-SRV-LGC-SERVICIOS,contenedor_scoring,284763,121e7c49-6f80-4698-91bd-c7c5a38e25dd-0004585b,PP > PP-SRV-LGC-SERVICIOS,2,78,SI,200,0,200,ancestro_project_exacto,284763:200:PP > PP-SRV-LGC-SERVICIOS,PP-SRV-LGC-SERVICIOS,Sin match puntual; contenedor único por ancestro Project PP-SRV-LGC-SERVICIOS.,contenedor_unico_ancestro,PP-SRV-LGC-SERVICIOS,284763,284763,,,un_elemento_revit_para_ancestro,PP,PP-SRV-LGC-SERVICIOS,,,,,,,,,,,,,,,,,,,,,,,,,,,,,,,,,,,,,,,,,,,,,,,,,,,,,,,,,,,,,,,,,,,,,,,,,,,,,,
contenedor_unico,contenedor_por_ancestro_project,PP-SRV-BMB-BOREPOS,BOMBA DE REPOSICION DE FUEL OIL | Grupo: PP-BMB BOREPOS,930,4,930,PP-SRV-LGC-FUEL OIL,PP-SRV-LGC-FUEL,PP-SRV-LGC-SERVICIOS > PP-SRV-LGC-FUEL,PP > PP-SRV-LGC-SERVICIOS > PP-SRV-LGC-FUEL OIL,PP > PP-SRV-LGC-SERVICIOS > PP-SRV-LGC-FUEL OIL > PP-SRV-BMB-BOREPOS,284763,121e7c49-6f80-4698-91bd-c7c5a38e25dd-0004585b,Roofs,,Genérico - 400 mm,Genérico - 400 mm,,PP > PP-SRV-LGC-SERVICIOS,contenedor_scoring,284763,121e7c49-6f80-4698-91bd-c7c5a38e25dd-0004585b,PP > PP-SRV-LGC-SERVICIOS,2,78,SI,200,0,200,ancestro_project_exacto,284763:200:PP > PP-SRV-LGC-SERVICIOS,PP-SRV-LGC-SERVICIOS,Sin match puntual; contenedor único por ancestro Project PP-SRV-LGC-SERVICIOS.,contenedor_unico_ancestro,PP-SRV-LGC-SERVICIOS,284763,284763,,,un_elemento_revit_para_ancestro,PP,PP-SRV-LGC-SERVICIOS,,,,,,,,,,,,,,,,,,,,,,,,,,,,,,,,,,,,,,,,,,,,,,,,,,,,,,,,,,,,,,,,,,,,,,,,,,,,,,
contenedor_unico,contenedor_por_ancestro_project,PP-SRV-TNQ-TKFUEL,TANQUE FUEL OIL ENTERRADO | Grupo: PP-TNQ TKFUEL,931,4,931,PP-SRV-LGC-FUEL OIL,PP-SRV-LGC-FUEL,PP-SRV-LGC-SERVICIOS > PP-SRV-LGC-FUEL,PP > PP-SRV-LGC-SERVICIOS > PP-SRV-LGC-FUEL OIL,PP > PP-SRV-LGC-SERVICIOS > PP-SRV-LGC-FUEL OIL > PP-SRV-TNQ-TKFUEL,284763,121e7c49-6f80-4698-91bd-c7c5a38e25dd-0004585b,Roofs,,Genérico - 400 mm,Genérico - 400 mm,,PP > PP-SRV-LGC-SERVICIOS,contenedor_scoring,284763,121e7c49-6f80-4698-91bd-c7c5a38e25dd-0004585b,PP > PP-SRV-LGC-SERVICIOS,2,78,SI,200,0,200,ancestro_project_exacto,284763:200:PP > PP-SRV-LGC-SERVICIOS,PP-SRV-LGC-SERVICIOS,Sin match puntual; contenedor único por ancestro Project PP-SRV-LGC-SERVICIOS.,contenedor_unico_ancestro,PP-SRV-LGC-SERVICIOS,284763,284763,,,un_elemento_revit_para_ancestro,PP,PP-SRV-LGC-SERVICIOS,,,,,,,,,,,,,,,,,,,,,,,,,,,,,,,,,,,,,,,,,,,,,,,,,,,,,,,,,,,,,,,,,,,,,,,,,,,,,,
contenedor_unico,contenedor_por_ancestro_project,PP-SRV-BMB-BOFC,BOMBA DE FUEL OIL A TK DIARIOS CALDERA 6000/OSL CENTRO | Grupo: PP-BMB FUEL OIL,932,5,932,PP-SRV-TNQ-TKFUEL,PP-SRV-TNQ-TKFUEL,PP-SRV-LGC-SERVICIOS > PP-SRV-LGC-FUEL > PP-SRV-TNQ-TKFUEL,PP > PP-SRV-LGC-SERVICIOS > PP-SRV-LGC-FUEL OIL > PP-SRV-TNQ-TKFUEL,PP > PP-SRV-LGC-SERVICIOS > PP-SRV-LGC-FUEL OIL > PP-SRV-TNQ-TKFUEL > PP-SRV-BMB-BOFC,284763,121e7c49-6f80-4698-91bd-c7c5a38e25dd-0004585b,Roofs,,Genérico - 400 mm,Genérico - 400 mm,,PP > PP-SRV-LGC-SERVICIOS,contenedor_scoring,284763,121e7c49-6f80-4698-91bd-c7c5a38e25dd-0004585b,PP > PP-SRV-LGC-SERVICIOS,2,78,SI,200,0,200,ancestro_project_exacto,284763:200:PP > PP-SRV-LGC-SERVICIOS,PP-SRV-LGC-SERVICIOS,Sin match puntual; contenedor único por ancestro Project PP-SRV-LGC-SERVICIOS.,contenedor_unico_ancestro,PP-SRV-LGC-SERVICIOS,284763,284763,,,un_elemento_revit_para_ancestro,PP,PP-SRV-LGC-SERVICIOS,,,,,,,,,,,,,,,,,,,,,,,,,,,,,,,,,,,,,,,,,,,,,,,,,,,,,,,,,,,,,,,,,,,,,,,,,,,,,,
contenedor_unico,contenedor_por_ancestro_project,PP-SRV-BMB-BOFN,BOMBA DE FUEL OIL A TK DIARIOS CALDERA 6000/OSL NORTE | Grupo: PP-BMB FUEL OIL,933,5,933,PP-SRV-TNQ-TKFUEL,PP-SRV-TNQ-TKFUEL,PP-SRV-LGC-SERVICIOS > PP-SRV-LGC-FUEL > PP-SRV-TNQ-TKFUEL,PP > PP-SRV-LGC-SERVICIOS > PP-SRV-LGC-FUEL OIL > PP-SRV-TNQ-TKFUEL,PP > PP-SRV-LGC-SERVICIOS > PP-SRV-LGC-FUEL OIL > PP-SRV-TNQ-TKFUEL > PP-SRV-BMB-BOFN,284763,121e7c49-6f80-4698-91bd-c7c5a38e25dd-0004585b,Roofs,,Genérico - 400 mm,Genérico - 400 mm,,PP > PP-SRV-LGC-SERVICIOS,contenedor_scoring,284763,121e7c49-6f80-4698-91bd-c7c5a38e25dd-0004585b,PP > PP-SRV-LGC-SERVICIOS,2,78,SI,200,0,200,ancestro_project_exacto,284763:200:PP > PP-SRV-LGC-SERVICIOS,PP-SRV-LGC-SERVICIOS,Sin match puntual; contenedor único por ancestro Project PP-SRV-LGC-SERVICIOS.,contenedor_unico_ancestro,PP-SRV-LGC-SERVICIOS,284763,284763,,,un_elemento_revit_para_ancestro,PP,PP-SRV-LGC-SERVICIOS,,,,,,,,,,,,,,,,,,,,,,,,,,,,,,,,,,,,,,,,,,,,,,,,,,,,,,,,,,,,,,,,,,,,,,,,,,,,,,
contenedor_unico,contenedor_por_ancestro_project,PP-SRV-BMB-BOFS,BOMBA DE FUEL OIL A TK DIARIOS CALDERA 6000/OSL SUR | Grupo: PP-BMB FUEL OIL,934,5,934,PP-SRV-TNQ-TKFUEL,PP-SRV-TNQ-TKFUEL,PP-SRV-LGC-SERVICIOS > PP-SRV-LGC-FUEL > PP-SRV-TNQ-TKFUEL,PP > PP-SRV-LGC-SERVICIOS > PP-SRV-LGC-FUEL OIL > PP-SRV-TNQ-TKFUEL,PP > PP-SRV-LGC-SERVICIOS > PP-SRV-LGC-FUEL OIL > PP-SRV-TNQ-TKFUEL > PP-SRV-BMB-BOFS,284763,121e7c49-6f80-4698-91bd-c7c5a38e25dd-0004585b,Roofs,,Genérico - 400 mm,Genérico - 400 mm,,PP > PP-SRV-LGC-SERVICIOS,contenedor_scoring,284763,121e7c49-6f80-4698-91bd-c7c5a38e25dd-0004585b,PP > PP-SRV-LGC-SERVICIOS,2,78,SI,200,0,200,ancestro_project_exacto,284763:200:PP > PP-SRV-LGC-SERVICIOS,PP-SRV-LGC-SERVICIOS,Sin match puntual; contenedor único por ancestro Project PP-SRV-LGC-SERVICIOS.,contenedor_unico_ancestro,PP-SRV-LGC-SERVICIOS,284763,284763,,,un_elemento_revit_para_ancestro,PP,PP-SRV-LGC-SERVICIOS,,,,,,,,,,,,,,,,,,,,,,,,,,,,,,,,,,,,,,,,,,,,,,,,,,,,,,,,,,,,,,,,,,,,,,,,,,,,,,
contenedor_unico,contenedor_por_ancestro_project,PP-SRV-LGC-TRAT,TRATAMIENTO QUIMICO DE CALDERA SUEZ | Grupo: PP-LOGICO TRAT CALDERA,935,3,935,PP-SRV-LGC-SERVICIOS,PP-SRV-LGC-SERVICIOS,PP-SRV-LGC-SERVICIOS,PP > PP-SRV-LGC-SERVICIOS,PP > PP-SRV-LGC-SERVICIOS > PP-SRV-LGC-TRAT QUIM CALD,284763,121e7c49-6f80-4698-91bd-c7c5a38e25dd-0004585b,Roofs,,Genérico - 400 mm,Genérico - 400 mm,,PP > PP-SRV-LGC-SERVICIOS,contenedor_scoring,284763,121e7c49-6f80-4698-91bd-c7c5a38e25dd-0004585b,PP > PP-SRV-LGC-SERVICIOS,2,78,SI,200,0,200,ancestro_project_exacto,284763:200:PP > PP-SRV-LGC-SERVICIOS,PP-SRV-LGC-SERVICIOS,Código repetido en Project 2 veces. Sin match puntual; contenedor único por ancestro Project PP-SRV-LGC-SERVICIOS.,contenedor_unico_ancestro,PP-SRV-LGC-SERVICIOS,284763,284763,,,un_elemento_revit_para_ancestro,PP,PP-SRV-LGC-SERVICIOS,,,,,,,,,,,,,,,,,,,,,,,,,,,,,,,,,,,,,,,,,,,,,,,,,,,,,,,,,,,,,,,,,,,,,,,,,,,,,,
contenedor_unico,contenedor_por_ancestro_project,PP-SRV-BMB-BO,BOMBA AMINA SATELITAL (A CADA LINEA) DOSIVAC | Grupo: PP-BOMBA AMINA,936,4,936,PP-SRV-LGC-TRAT QUIM CALD,PP-SRV-LGC-TRAT,PP-SRV-LGC-SERVICIOS > PP-SRV-LGC-TRAT,PP > PP-SRV-LGC-SERVICIOS > PP-SRV-LGC-TRAT QUIM CALD,PP > PP-SRV-LGC-SERVICIOS > PP-SRV-LGC-TRAT QUIM CALD > PP-SRV-BMB-BO AMINA CADA LINEA,284763,121e7c49-6f80-4698-91bd-c7c5a38e25dd-0004585b,Roofs,,Genérico - 400 mm,Genérico - 400 mm,,PP > PP-SRV-LGC-SERVICIOS,contenedor_scoring,284763,121e7c49-6f80-4698-91bd-c7c5a38e25dd-0004585b,PP > PP-SRV-LGC-SERVICIOS,2,78,SI,200,0,200,ancestro_project_exacto,284763:200:PP > PP-SRV-LGC-SERVICIOS,PP-SRV-LGC-SERVICIOS,Código repetido en Project 6 veces. Sin match puntual; contenedor único por ancestro Project PP-SRV-LGC-SERVICIOS.,contenedor_unico_ancestro,PP-SRV-LGC-SERVICIOS,284763,284763,,,un_elemento_revit_para_ancestro,PP,PP-SRV-LGC-SERVICIOS,,,,,,,,,,,,,,,,,,,,,,,,,,,,,,,,,,,,,,,,,,,,,,,,,,,,,,,,,,,,,,,,,,,,,,,,,,,,,,
contenedor_unico,contenedor_por_ancestro_project,PP-SRV-IBC-01,IBC DE SUEZ CORTROL OS9990 SECUESTRANTE ED OXIGENO DISUELTO EN BASE ACUOSA | Grupo: PP-IBC,942,4,942,PP-SRV-LGC-TRAT QUIM CALD,PP-SRV-LGC-TRAT,PP-SRV-LGC-SERVICIOS > PP-SRV-LGC-TRAT,PP > PP-SRV-LGC-SERVICIOS > PP-SRV-LGC-TRAT QUIM CALD,PP > PP-SRV-LGC-SERVICIOS > PP-SRV-LGC-TRAT QUIM CALD > PP-SRV-IBC-01,284763,121e7c49-6f80-4698-91bd-c7c5a38e25dd-0004585b,Roofs,,Genérico - 400 mm,Genérico - 400 mm,,PP > PP-SRV-LGC-SERVICIOS,contenedor_scoring,284763,121e7c49-6f80-4698-91bd-c7c5a38e25dd-0004585b,PP > PP-SRV-LGC-SERVICIOS,2,78,SI,200,0,200,ancestro_project_exacto,284763:200:PP > PP-SRV-LGC-SERVICIOS,PP-SRV-LGC-SERVICIOS,Sin match puntual; contenedor único por ancestro Project PP-SRV-LGC-SERVICIOS.,contenedor_unico_ancestro,PP-SRV-LGC-SERVICIOS,284763,284763,,,un_elemento_revit_para_ancestro,PP,PP-SRV-LGC-SERVICIOS,,,,,,,,,,,,,,,,,,,,,,,,,,,,,,,,,,,,,,,,,,,,,,,,,,,,,,,,,,,,,,,,,,,,,,,,,,,,,,
contenedor_unico,contenedor_por_ancestro_project,PP-SRV-IBC-02,IBC DE SUEZ OPTISPERSE PO5572 TRATAMIENTO INTERNO DE AGUA DE CALDERA | Grupo: PP-IBC,943,4,943,PP-SRV-LGC-TRAT QUIM CALD,PP-SRV-LGC-TRAT,PP-SRV-LGC-SERVICIOS > PP-SRV-LGC-TRAT,PP > PP-SRV-LGC-SERVICIOS > PP-SRV-LGC-TRAT QUIM CALD,PP > PP-SRV-LGC-SERVICIOS > PP-SRV-LGC-TRAT QUIM CALD > PP-SRV-IBC-02,284763,121e7c49-6f80-4698-91bd-c7c5a38e25dd-0004585b,Roofs,,Genérico - 400 mm,Genérico - 400 mm,,PP > PP-SRV-LGC-SERVICIOS,contenedor_scoring,284763,121e7c49-6f80-4698-91bd-c7c5a38e25dd-0004585b,PP > PP-SRV-LGC-SERVICIOS,2,78,SI,200,0,200,ancestro_project_exacto,284763:200:PP > PP-SRV-LGC-SERVICIOS,PP-SRV-LGC-SERVICIOS,Sin match puntual; contenedor único por ancestro Project PP-SRV-LGC-SERVICIOS.,contenedor_unico_ancestro,PP-SRV-LGC-SERVICIOS,284763,284763,,,un_elemento_revit_para_ancestro,PP,PP-SRV-LGC-SERVICIOS,,,,,,,,,,,,,,,,,,,,,,,,,,,,,,,,,,,,,,,,,,,,,,,,,,,,,,,,,,,,,,,,,,,,,,,,,,,,,,
contenedor_unico,contenedor_por_ancestro_project,PP-SRV-IBC-03,IBC DE SUEZ STEAMATE NA1321 TRATAMIENTO DE VAPOR CONDENSADO | Grupo: PP-IBC,944,4,944,PP-SRV-LGC-TRAT QUIM CALD,PP-SRV-LGC-TRAT,PP-SRV-LGC-SERVICIOS > PP-SRV-LGC-TRAT,PP > PP-SRV-LGC-SERVICIOS > PP-SRV-LGC-TRAT QUIM CALD,PP > PP-SRV-LGC-SERVICIOS > PP-SRV-LGC-TRAT QUIM CALD > PP-SRV-IBC-03,284763,121e7c49-6f80-4698-91bd-c7c5a38e25dd-0004585b,Roofs,,Genérico - 400 mm,Genérico - 400 mm,,PP > PP-SRV-LGC-SERVICIOS,contenedor_scoring,284763,121e7c49-6f80-4698-91bd-c7c5a38e25dd-0004585b,PP > PP-SRV-LGC-SERVICIOS,2,78,SI,200,0,200,ancestro_project_exacto,284763:200:PP > PP-SRV-LGC-SERVICIOS,PP-SRV-LGC-SERVICIOS,Sin match puntual; contenedor único por ancestro Project PP-SRV-LGC-SERVICIOS.,contenedor_unico_ancestro,PP-SRV-LGC-SERVICIOS,284763,284763,,,un_elemento_revit_para_ancestro,PP,PP-SRV-LGC-SERVICIOS,,,,,,,,,,,,,,,,,,,,,,,,,,,,,,,,,,,,,,,,,,,,,,,,,,,,,,,,,,,,,,,,,,,,,,,,,,,,,,
contenedor_unico,contenedor_por_ancestro_project,PP-SRV-ABL-AA01,ABLANDADOR AA01 | Grupo: PP-ABL ABLANDADOR,946,4,946,PP-SRV-LGC-TRAT. DE AGUA,PP-SRV-LGC-TRAT,PP-SRV-LGC-SERVICIOS > PP-SRV-LGC-TRAT,PP > PP-SRV-LGC-SERVICIOS > PP-SRV-LGC-TRAT. DE AGUA,PP > PP-SRV-LGC-SERVICIOS > PP-SRV-LGC-TRAT. DE AGUA > PP-SRV-ABL-AA01,284763,121e7c49-6f80-4698-91bd-c7c5a38e25dd-0004585b,Roofs,,Genérico - 400 mm,Genérico - 400 mm,,PP > PP-SRV-LGC-SERVICIOS,contenedor_scoring,284763,121e7c49-6f80-4698-91bd-c7c5a38e25dd-0004585b,PP > PP-SRV-LGC-SERVICIOS,2,78,SI,200,0,200,ancestro_project_exacto,284763:200:PP > PP-SRV-LGC-SERVICIOS,PP-SRV-LGC-SERVICIOS,Sin match puntual; contenedor único por ancestro Project PP-SRV-LGC-SERVICIOS.,contenedor_unico_ancestro,PP-SRV-LGC-SERVICIOS,284763,284763,,,un_elemento_revit_para_ancestro,PP,PP-SRV-LGC-SERVICIOS,,,,,,,,,,,,,,,,,,,,,,,,,,,,,,,,,,,,,,,,,,,,,,,,,,,,,,,,,,,,,,,,,,,,,,,,,,,,,,
contenedor_unico,contenedor_por_ancestro_project,PP-SRV-ABL-AA02,ABLANDADOR AA02 | Grupo: PP-ABL ABLANDADOR,947,4,947,PP-SRV-LGC-TRAT. DE AGUA,PP-SRV-LGC-TRAT,PP-SRV-LGC-SERVICIOS > PP-SRV-LGC-TRAT,PP > PP-SRV-LGC-SERVICIOS > PP-SRV-LGC-TRAT. DE AGUA,PP > PP-SRV-LGC-SERVICIOS > PP-SRV-LGC-TRAT. DE AGUA > PP-SRV-ABL-AA02,284763,121e7c49-6f80-4698-91bd-c7c5a38e25dd-0004585b,Roofs,,Genérico - 400 mm,Genérico - 400 mm,,PP > PP-SRV-LGC-SERVICIOS,contenedor_scoring,284763,121e7c49-6f80-4698-91bd-c7c5a38e25dd-0004585b,PP > PP-SRV-LGC-SERVICIOS,2,78,SI,200,0,200,ancestro_project_exacto,284763:200:PP > PP-SRV-LGC-SERVICIOS,PP-SRV-LGC-SERVICIOS,Sin match puntual; contenedor único por ancestro Project PP-SRV-LGC-SERVICIOS.,contenedor_unico_ancestro,PP-SRV-LGC-SERVICIOS,284763,284763,,,un_elemento_revit_para_ancestro,PP,PP-SRV-LGC-SERVICIOS,,,,,,,,,,,,,,,,,,,,,,,,,,,,,,,,,,,,,,,,,,,,,,,,,,,,,,,,,,,,,,,,,,,,,,,,,,,,,,
contenedor_unico,contenedor_por_ancestro_project,PP-SRV-BMB-BOAPL,BOMBA BOAPL - DOSIFICACION DE  APL | Grupo: PP-BMB DOSIFIC APL,948,4,948,PP-SRV-LGC-TRAT. DE AGUA,PP-SRV-LGC-TRAT,PP-SRV-LGC-SERVICIOS > PP-SRV-LGC-TRAT,PP > PP-SRV-LGC-SERVICIOS > PP-SRV-LGC-TRAT. DE AGUA,PP > PP-SRV-LGC-SERVICIOS > PP-SRV-LGC-TRAT. DE AGUA > PP-SRV-BMB-BOAPL,284763,121e7c49-6f80-4698-91bd-c7c5a38e25dd-0004585b,Roofs,,Genérico - 400 mm,Genérico - 400 mm,,PP > PP-SRV-LGC-SERVICIOS,contenedor_scoring,284763,121e7c49-6f80-4698-91bd-c7c5a38e25dd-0004585b,PP > PP-SRV-LGC-SERVICIOS,2,78,SI,200,0,200,ancestro_project_exacto,284763:200:PP > PP-SRV-LGC-SERVICIOS,PP-SRV-LGC-SERVICIOS,Sin match puntual; contenedor único por ancestro Project PP-SRV-LGC-SERVICIOS.,contenedor_unico_ancestro,PP-SRV-LGC-SERVICIOS,284763,284763,,,un_elemento_revit_para_ancestro,PP,PP-SRV-LGC-SERVICIOS,,,,,,,,,,,,,,,,,,,,,,,,,,,,,,,,,,,,,,,,,,,,,,,,,,,,,,,,,,,,,,,,,,,,,,,,,,,,,,
contenedor_unico,contenedor_por_ancestro_project,PP-SRV-BMB-BSAL,BOMBA SAL ABLANDADORES | Grupo: PP-BMB BSAL,949,4,949,PP-SRV-LGC-TRAT. DE AGUA,PP-SRV-LGC-TRAT,PP-SRV-LGC-SERVICIOS > PP-SRV-LGC-TRAT,PP > PP-SRV-LGC-SERVICIOS > PP-SRV-LGC-TRAT. DE AGUA,PP > PP-SRV-LGC-SERVICIOS > PP-SRV-LGC-TRAT. DE AGUA > PP-SRV-BMB-BSAL,284763,121e7c49-6f80-4698-91bd-c7c5a38e25dd-0004585b,Roofs,,Genérico - 400 mm,Genérico - 400 mm,,PP > PP-SRV-LGC-SERVICIOS,contenedor_scoring,284763,121e7c49-6f80-4698-91bd-c7c5a38e25dd-0004585b,PP > PP-SRV-LGC-SERVICIOS,2,78,SI,200,0,200,ancestro_project_exacto,284763:200:PP > PP-SRV-LGC-SERVICIOS,PP-SRV-LGC-SERVICIOS,Sin match puntual; contenedor único por ancestro Project PP-SRV-LGC-SERVICIOS.,contenedor_unico_ancestro,PP-SRV-LGC-SERVICIOS,284763,284763,,,un_elemento_revit_para_ancestro,PP,PP-SRV-LGC-SERVICIOS,,,,,,,,,,,,,,,,,,,,,,,,,,,,,,,,,,,,,,,,,,,,,,,,,,,,,,,,,,,,,,,,,,,,,,,,,,,,,,
contenedor_unico,contenedor_por_ancestro_project,PP-SRV-FLT-FG01,FILTRO DE GRAVAS | Grupo: PP-FLT GRAVAS,950,4,950,PP-SRV-LGC-TRAT. DE AGUA,PP-SRV-LGC-TRAT,PP-SRV-LGC-SERVICIOS > PP-SRV-LGC-TRAT,PP > PP-SRV-LGC-SERVICIOS > PP-SRV-LGC-TRAT. DE AGUA,PP > PP-SRV-LGC-SERVICIOS > PP-SRV-LGC-TRAT. DE AGUA > PP-SRV-FLT-FG01,284763,121e7c49-6f80-4698-91bd-c7c5a38e25dd-0004585b,Roofs,,Genérico - 400 mm,Genérico - 400 mm,,PP > PP-SRV-LGC-SERVICIOS,contenedor_scoring,284763,121e7c49-6f80-4698-91bd-c7c5a38e25dd-0004585b,PP > PP-SRV-LGC-SERVICIOS,2,78,SI,200,0,200,ancestro_project_exacto,284763:200:PP > PP-SRV-LGC-SERVICIOS,PP-SRV-LGC-SERVICIOS,Sin match puntual; contenedor único por ancestro Project PP-SRV-LGC-SERVICIOS.,contenedor_unico_ancestro,PP-SRV-LGC-SERVICIOS,284763,284763,,,un_elemento_revit_para_ancestro,PP,PP-SRV-LGC-SERVICIOS,,,,,,,,,,,,,,,,,,,,,,,,,,,,,,,,,,,,,,,,,,,,,,,,,,,,,,,,,,,,,,,,,,,,,,,,,,,,,,
contenedor_unico,contenedor_por_ancestro_project,PP-SRV-LGC-VAPOR,SECTOR VAPOR GENERACION PTA PTO | Grupo: PP-SECTOR VAPOR,951,3,951,PP-SRV-LGC-SERVICIOS,PP-SRV-LGC-SERVICIOS,PP-SRV-LGC-SERVICIOS,PP > PP-SRV-LGC-SERVICIOS,PP > PP-SRV-LGC-SERVICIOS > PP-SRV-LGC-VAPOR,284763,121e7c49-6f80-4698-91bd-c7c5a38e25dd-0004585b,Roofs,,Genérico - 400 mm,Genérico - 400 mm,,PP > PP-SRV-LGC-SERVICIOS,contenedor_scoring,284763,121e7c49-6f80-4698-91bd-c7c5a38e25dd-0004585b,PP > PP-SRV-LGC-SERVICIOS,2,78,SI,200,0,200,ancestro_project_exacto,284763:200:PP > PP-SRV-LGC-SERVICIOS,PP-SRV-LGC-SERVICIOS,Sin match puntual; contenedor único por ancestro Project PP-SRV-LGC-SERVICIOS.,contenedor_unico_ancestro,PP-SRV-LGC-SERVICIOS,284763,284763,,,un_elemento_revit_para_ancestro,PP,PP-SRV-LGC-SERVICIOS,,,,,,,,,,,,,,,,,,,,,,,,,,,,,,,,,,,,,,,,,,,,,,,,,,,,,,,,,,,,,,,,,,,,,,,,,,,,,,
contenedor_unico,contenedor_por_ancestro_project,PP-SRV-CLD-CBW1,CALDERA GONELLA BABCOCK WILCOX | Grupo: PP-CLD CALDERA,952,4,952,PP-SRV-LGC-VAPOR,PP-SRV-LGC-VAPOR,PP-SRV-LGC-SERVICIOS > PP-SRV-LGC-VAPOR,PP > PP-SRV-LGC-SERVICIOS > PP-SRV-LGC-VAPOR,PP > PP-SRV-LGC-SERVICIOS > PP-SRV-LGC-VAPOR > PP-SRV-CLD-CBW1,284763,121e7c49-6f80-4698-91bd-c7c5a38e25dd-0004585b,Roofs,,Genérico - 400 mm,Genérico - 400 mm,,PP > PP-SRV-LGC-SERVICIOS,contenedor_scoring,284763,121e7c49-6f80-4698-91bd-c7c5a38e25dd-0004585b,PP > PP-SRV-LGC-SERVICIOS,2,78,SI,200,0,200,ancestro_project_exacto,284763:200:PP > PP-SRV-LGC-SERVICIOS,PP-SRV-LGC-SERVICIOS,Sin match puntual; contenedor único por ancestro Project PP-SRV-LGC-SERVICIOS.,contenedor_unico_ancestro,PP-SRV-LGC-SERVICIOS,284763,284763,,,un_elemento_revit_para_ancestro,PP,PP-SRV-LGC-SERVICIOS,,,,,,,,,,,,,,,,,,,,,,,,,,,,,,,,,,,,,,,,,,,,,,,,,,,,,,,,,,,,,,,,,,,,,,,,,,,,,,
contenedor_unico,contenedor_por_ancestro_project,PP-SRV-BMB-BO45C,BOMBA BO45 C LADO SUR | Grupo: PP-BMB CENTRIF BO45C,953,5,953,PP-SRV-CLD-CBW1,PP-SRV-CLD-CBW1,PP-SRV-LGC-SERVICIOS > PP-SRV-LGC-VAPOR > PP-SRV-CLD-CBW1,PP > PP-SRV-LGC-SERVICIOS > PP-SRV-LGC-VAPOR > PP-SRV-CLD-CBW1,PP > PP-SRV-LGC-SERVICIOS > PP-SRV-LGC-VAPOR > PP-SRV-CLD-CBW1 > PP-SRV-BMB-BO45C,284763,121e7c49-6f80-4698-91bd-c7c5a38e25dd-0004585b,Roofs,,Genérico - 400 mm,Genérico - 400 mm,,PP > PP-SRV-LGC-SERVICIOS,contenedor_scoring,284763,121e7c49-6f80-4698-91bd-c7c5a38e25dd-0004585b,PP > PP-SRV-LGC-SERVICIOS,2,78,SI,200,0,200,ancestro_project_exacto,284763:200:PP > PP-SRV-LGC-SERVICIOS,PP-SRV-LGC-SERVICIOS,Sin match puntual; contenedor único por ancestro Project PP-SRV-LGC-SERVICIOS.,contenedor_unico_ancestro,PP-SRV-LGC-SERVICIOS,284763,284763,,,un_elemento_revit_para_ancestro,PP,PP-SRV-LGC-SERVICIOS,,,,,,,,,,,,,,,,,,,,,,,,,,,,,,,,,,,,,,,,,,,,,,,,,,,,,,,,,,,,,,,,,,,,,,,,,,,,,,
contenedor_unico,contenedor_por_ancestro_project,PP-SRV-BMB-BO46C,BOMBA BO46 C LADO NORTE | Grupo: PP-BMB CENTRIF BO46C,954,5,954,PP-SRV-CLD-CBW1,PP-SRV-CLD-CBW1,PP-SRV-LGC-SERVICIOS > PP-SRV-LGC-VAPOR > PP-SRV-CLD-CBW1,PP > PP-SRV-LGC-SERVICIOS > PP-SRV-LGC-VAPOR > PP-SRV-CLD-CBW1,PP > PP-SRV-LGC-SERVICIOS > PP-SRV-LGC-VAPOR > PP-SRV-CLD-CBW1 > PP-SRV-BMB-BO46C,284763,121e7c49-6f80-4698-91bd-c7c5a38e25dd-0004585b,Roofs,,Genérico - 400 mm,Genérico - 400 mm,,PP > PP-SRV-LGC-SERVICIOS,contenedor_scoring,284763,121e7c49-6f80-4698-91bd-c7c5a38e25dd-0004585b,PP > PP-SRV-LGC-SERVICIOS,2,78,SI,200,0,200,ancestro_project_exacto,284763:200:PP > PP-SRV-LGC-SERVICIOS,PP-SRV-LGC-SERVICIOS,Sin match puntual; contenedor único por ancestro Project PP-SRV-LGC-SERVICIOS.,contenedor_unico_ancestro,PP-SRV-LGC-SERVICIOS,284763,284763,,,un_elemento_revit_para_ancestro,PP,PP-SRV-LGC-SERVICIOS,,,,,,,,,,,,,,,,,,,,,,,,,,,,,,,,,,,,,,,,,,,,,,,,,,,,,,,,,,,,,,,,,,,,,,,,,,,,,,
contenedor_unico,contenedor_por_ancestro_project,PP-SRV-CCH-CDUCT,CUCHILLA DUCTO A EG11 | Grupo: PP-CCH DUCTO EG11,955,5,955,PP-SRV-CLD-CBW1,PP-SRV-CLD-CBW1,PP-SRV-LGC-SERVICIOS > PP-SRV-LGC-VAPOR > PP-SRV-CLD-CBW1,PP > PP-SRV-LGC-SERVICIOS > PP-SRV-LGC-VAPOR > PP-SRV-CLD-CBW1,PP > PP-SRV-LGC-SERVICIOS > PP-SRV-LGC-VAPOR > PP-SRV-CLD-CBW1 > PP-SRV-CCH-CDUCT,284763,121e7c49-6f80-4698-91bd-c7c5a38e25dd-0004585b,Roofs,,Genérico - 400 mm,Genérico - 400 mm,,PP > PP-SRV-LGC-SERVICIOS,contenedor_scoring,284763,121e7c49-6f80-4698-91bd-c7c5a38e25dd-0004585b,PP > PP-SRV-LGC-SERVICIOS,2,78,SI,200,0,200,ancestro_project_exacto,284763:200:PP > PP-SRV-LGC-SERVICIOS,PP-SRV-LGC-SERVICIOS,Sin match puntual; contenedor único por ancestro Project PP-SRV-LGC-SERVICIOS.,contenedor_unico_ancestro,PP-SRV-LGC-SERVICIOS,284763,284763,,,un_elemento_revit_para_ancestro,PP,PP-SRV-LGC-SERVICIOS,,,,,,,,,,,,,,,,,,,,,,,,,,,,,,,,,,,,,,,,,,,,,,,,,,,,,,,,,,,,,,,,,,,,,,,,,,,,,,
contenedor_unico,contenedor_por_ancestro_project,PP-SRV-CIL-SOV-002,CILINDRO NEUMATICO TAPA CHIMENEA CALDERA | Grupo: PP-CIL CILINDRO SOV002,956,5,956,PP-SRV-CLD-CBW1,PP-SRV-CLD-CBW1,PP-SRV-LGC-SERVICIOS > PP-SRV-LGC-VAPOR > PP-SRV-CLD-CBW1,PP > PP-SRV-LGC-SERVICIOS > PP-SRV-LGC-VAPOR > PP-SRV-CLD-CBW1,PP > PP-SRV-LGC-SERVICIOS > PP-SRV-LGC-VAPOR > PP-SRV-CLD-CBW1 > PP-SRV-CIL-SOV-002,284763,121e7c49-6f80-4698-91bd-c7c5a38e25dd-0004585b,Roofs,,Genérico - 400 mm,Genérico - 400 mm,,PP > PP-SRV-LGC-SERVICIOS,contenedor_scoring,284763,121e7c49-6f80-4698-91bd-c7c5a38e25dd-0004585b,PP > PP-SRV-LGC-SERVICIOS,2,78,SI,200,0,200,ancestro_project_exacto,284763:200:PP > PP-SRV-LGC-SERVICIOS,PP-SRV-LGC-SERVICIOS,Sin match puntual; contenedor único por ancestro Project PP-SRV-LGC-SERVICIOS.,contenedor_unico_ancestro,PP-SRV-LGC-SERVICIOS,284763,284763,,,un_elemento_revit_para_ancestro,PP,PP-SRV-LGC-SERVICIOS,,,,,,,,,,,,,,,,,,,,,,,,,,,,,,,,,,,,,,,,,,,,,,,,,,,,,,,,,,,,,,,,,,,,,,,,,,,,,,
contenedor_unico,contenedor_por_ancestro_project,PP-SRV-MGN-MAGNETROL,MAGNETROL LADO NORTE | Grupo: PP-MAGNETROL,957,5,957,PP-SRV-CLD-CBW1,PP-SRV-CLD-CBW1,PP-SRV-LGC-SERVICIOS > PP-SRV-LGC-VAPOR > PP-SRV-CLD-CBW1,PP > PP-SRV-LGC-SERVICIOS > PP-SRV-LGC-VAPOR > PP-SRV-CLD-CBW1,PP > PP-SRV-LGC-SERVICIOS > PP-SRV-LGC-VAPOR > PP-SRV-CLD-CBW1 > PP-SRV-MGN-MAGNETROL NORTE,284763,121e7c49-6f80-4698-91bd-c7c5a38e25dd-0004585b,Roofs,,Genérico - 400 mm,Genérico - 400 mm,,PP > PP-SRV-LGC-SERVICIOS,contenedor_scoring,284763,121e7c49-6f80-4698-91bd-c7c5a38e25dd-0004585b,PP > PP-SRV-LGC-SERVICIOS,2,78,SI,200,0,200,ancestro_project_exacto,284763:200:PP > PP-SRV-LGC-SERVICIOS,PP-SRV-LGC-SERVICIOS,Código repetido en Project 2 veces. Sin match puntual; contenedor único por ancestro Project PP-SRV-LGC-SERVICIOS.,contenedor_unico_ancestro,PP-SRV-LGC-SERVICIOS,284763,284763,,,un_elemento_revit_para_ancestro,PP,PP-SRV-LGC-SERVICIOS,,,,,,,,,,,,,,,,,,,,,,,,,,,,,,,,,,,,,,,,,,,,,,,,,,,,,,,,,,,,,,,,,,,,,,,,,,,,,,
contenedor_unico,contenedor_por_ancestro_project,PP-SRV-SPL-SH01,SOPLADOR DE HOLLIN SH01 | Grupo: PP-SPL SOPLADOR HOLLIN,959,5,959,PP-SRV-CLD-CBW1,PP-SRV-CLD-CBW1,PP-SRV-LGC-SERVICIOS > PP-SRV-LGC-VAPOR > PP-SRV-CLD-CBW1,PP > PP-SRV-LGC-SERVICIOS > PP-SRV-LGC-VAPOR > PP-SRV-CLD-CBW1,PP > PP-SRV-LGC-SERVICIOS > PP-SRV-LGC-VAPOR > PP-SRV-CLD-CBW1 > PP-SRV-SPL-SH01,284763,121e7c49-6f80-4698-91bd-c7c5a38e25dd-0004585b,Roofs,,Genérico - 400 mm,Genérico - 400 mm,,PP > PP-SRV-LGC-SERVICIOS,contenedor_scoring,284763,121e7c49-6f80-4698-91bd-c7c5a38e25dd-0004585b,PP > PP-SRV-LGC-SERVICIOS,2,78,SI,200,0,200,ancestro_project_exacto,284763:200:PP > PP-SRV-LGC-SERVICIOS,PP-SRV-LGC-SERVICIOS,Sin match puntual; contenedor único por ancestro Project PP-SRV-LGC-SERVICIOS.,contenedor_unico_ancestro,PP-SRV-LGC-SERVICIOS,284763,284763,,,un_elemento_revit_para_ancestro,PP,PP-SRV-LGC-SERVICIOS,,,,,,,,,,,,,,,,,,,,,,,,,,,,,,,,,,,,,,,,,,,,,,,,,,,,,,,,,,,,,,,,,,,,,,,,,,,,,,
contenedor_unico,contenedor_por_ancestro_project,PP-SRV-SPL-SH02,SOPLADOR DE HOLLIN SH02 | Grupo: PP-SPL SOPLADOR HOLLIN,960,5,960,PP-SRV-CLD-CBW1,PP-SRV-CLD-CBW1,PP-SRV-LGC-SERVICIOS > PP-SRV-LGC-VAPOR > PP-SRV-CLD-CBW1,PP > PP-SRV-LGC-SERVICIOS > PP-SRV-LGC-VAPOR > PP-SRV-CLD-CBW1,PP > PP-SRV-LGC-SERVICIOS > PP-SRV-LGC-VAPOR > PP-SRV-CLD-CBW1 > PP-SRV-SPL-SH02,284763,121e7c49-6f80-4698-91bd-c7c5a38e25dd-0004585b,Roofs,,Genérico - 400 mm,Genérico - 400 mm,,PP > PP-SRV-LGC-SERVICIOS,contenedor_scoring,284763,121e7c49-6f80-4698-91bd-c7c5a38e25dd-0004585b,PP > PP-SRV-LGC-SERVICIOS,2,78,SI,200,0,200,ancestro_project_exacto,284763:200:PP > PP-SRV-LGC-SERVICIOS,PP-SRV-LGC-SERVICIOS,Sin match puntual; contenedor único por ancestro Project PP-SRV-LGC-SERVICIOS.,contenedor_unico_ancestro,PP-SRV-LGC-SERVICIOS,284763,284763,,,un_elemento_revit_para_ancestro,PP,PP-SRV-LGC-SERVICIOS,,,,,,,,,,,,,,,,,,,,,,,,,,,,,,,,,,,,,,,,,,,,,,,,,,,,,,,,,,,,,,,,,,,,,,,,,,,,,,
contenedor_unico,contenedor_por_ancestro_project,PP-SRV-SPL-SH03,SOPLADOR DE HOLLIN SH03 | Grupo: PP-SPL SOPLADOR HOLLIN,961,5,961,PP-SRV-CLD-CBW1,PP-SRV-CLD-CBW1,PP-SRV-LGC-SERVICIOS > PP-SRV-LGC-VAPOR > PP-SRV-CLD-CBW1,PP > PP-SRV-LGC-SERVICIOS > PP-SRV-LGC-VAPOR > PP-SRV-CLD-CBW1,PP > PP-SRV-LGC-SERVICIOS > PP-SRV-LGC-VAPOR > PP-SRV-CLD-CBW1 > PP-SRV-SPL-SH03,284763,121e7c49-6f80-4698-91bd-c7c5a38e25dd-0004585b,Roofs,,Genérico - 400 mm,Genérico - 400 mm,,PP > PP-SRV-LGC-SERVICIOS,contenedor_scoring,284763,121e7c49-6f80-4698-91bd-c7c5a38e25dd-0004585b,PP > PP-SRV-LGC-SERVICIOS,2,78,SI,200,0,200,ancestro_project_exacto,284763:200:PP > PP-SRV-LGC-SERVICIOS,PP-SRV-LGC-SERVICIOS,Sin match puntual; contenedor único por ancestro Project PP-SRV-LGC-SERVICIOS.,contenedor_unico_ancestro,PP-SRV-LGC-SERVICIOS,284763,284763,,,un_elemento_revit_para_ancestro,PP,PP-SRV-LGC-SERVICIOS,,,,,,,,,,,,,,,,,,,,,,,,,,,,,,,,,,,,,,,,,,,,,,,,,,,,,,,,,,,,,,,,,,,,,,,,,,,,,,
contenedor_unico,contenedor_por_ancestro_project,PP-SRV-SPL-SH04,SOPLADOR DE HOLLIN SH04 | Grupo: PP-SPL SOPLADOR HOLLIN,962,5,962,PP-SRV-CLD-CBW1,PP-SRV-CLD-CBW1,PP-SRV-LGC-SERVICIOS > PP-SRV-LGC-VAPOR > PP-SRV-CLD-CBW1,PP > PP-SRV-LGC-SERVICIOS > PP-SRV-LGC-VAPOR > PP-SRV-CLD-CBW1,PP > PP-SRV-LGC-SERVICIOS > PP-SRV-LGC-VAPOR > PP-SRV-CLD-CBW1 > PP-SRV-SPL-SH04,284763,121e7c49-6f80-4698-91bd-c7c5a38e25dd-0004585b,Roofs,,Genérico - 400 mm,Genérico - 400 mm,,PP > PP-SRV-LGC-SERVICIOS,contenedor_scoring,284763,121e7c49-6f80-4698-91bd-c7c5a38e25dd-0004585b,PP > PP-SRV-LGC-SERVICIOS,2,78,SI,200,0,200,ancestro_project_exacto,284763:200:PP > PP-SRV-LGC-SERVICIOS,PP-SRV-LGC-SERVICIOS,Sin match puntual; contenedor único por ancestro Project PP-SRV-LGC-SERVICIOS.,contenedor_unico_ancestro,PP-SRV-LGC-SERVICIOS,284763,284763,,,un_elemento_revit_para_ancestro,PP,PP-SRV-LGC-SERVICIOS,,,,,,,,,,,,,,,,,,,,,,,,,,,,,,,,,,,,,,,,,,,,,,,,,,,,,,,,,,,,,,,,,,,,,,,,,,,,,,
contenedor_unico,contenedor_por_ancestro_project,PP-SRV-VLV-DPCV-051,VALVULA DE CONTROL DIFERENCIAL DE PRESION DE VAPOR <ATOMIZA> | Grupo: PP-VLV CONTROL CALDERA,963,5,963,PP-SRV-CLD-CBW1,PP-SRV-CLD-CBW1,PP-SRV-LGC-SERVICIOS > PP-SRV-LGC-VAPOR > PP-SRV-CLD-CBW1,PP > PP-SRV-LGC-SERVICIOS > PP-SRV-LGC-VAPOR > PP-SRV-CLD-CBW1,PP > PP-SRV-LGC-SERVICIOS > PP-SRV-LGC-VAPOR > PP-SRV-CLD-CBW1 > PP-SRV-VLV-DPCV-051,284763,121e7c49-6f80-4698-91bd-c7c5a38e25dd-0004585b,Roofs,,Genérico - 400 mm,Genérico - 400 mm,,PP > PP-SRV-LGC-SERVICIOS,contenedor_scoring,284763,121e7c49-6f80-4698-91bd-c7c5a38e25dd-0004585b,PP > PP-SRV-LGC-SERVICIOS,2,78,SI,200,0,200,ancestro_project_exacto,284763:200:PP > PP-SRV-LGC-SERVICIOS,PP-SRV-LGC-SERVICIOS,Sin match puntual; contenedor único por ancestro Project PP-SRV-LGC-SERVICIOS.,contenedor_unico_ancestro,PP-SRV-LGC-SERVICIOS,284763,284763,,,un_elemento_revit_para_ancestro,PP,PP-SRV-LGC-SERVICIOS,,,,,,,,,,,,,,,,,,,,,,,,,,,,,,,,,,,,,,,,,,,,,,,,,,,,,,,,,,,,,,,,,,,,,,,,,,,,,,
contenedor_unico,contenedor_por_ancestro_project,PP-SRV-VLV-FCV-041,VALVULA DE CONTROL DE CAUDAL DE GAS | Grupo: PP-VLV CONTROL CALDERA,964,5,964,PP-SRV-CLD-CBW1,PP-SRV-CLD-CBW1,PP-SRV-LGC-SERVICIOS > PP-SRV-LGC-VAPOR > PP-SRV-CLD-CBW1,PP > PP-SRV-LGC-SERVICIOS > PP-SRV-LGC-VAPOR > PP-SRV-CLD-CBW1,PP > PP-SRV-LGC-SERVICIOS > PP-SRV-LGC-VAPOR > PP-SRV-CLD-CBW1 > PP-SRV-VLV-FCV-041,284763,121e7c49-6f80-4698-91bd-c7c5a38e25dd-0004585b,Roofs,,Genérico - 400 mm,Genérico - 400 mm,,PP > PP-SRV-LGC-SERVICIOS,contenedor_scoring,284763,121e7c49-6f80-4698-91bd-c7c5a38e25dd-0004585b,PP > PP-SRV-LGC-SERVICIOS,2,78,SI,200,0,200,ancestro_project_exacto,284763:200:PP > PP-SRV-LGC-SERVICIOS,PP-SRV-LGC-SERVICIOS,Sin match puntual; contenedor único por ancestro Project PP-SRV-LGC-SERVICIOS.,contenedor_unico_ancestro,PP-SRV-LGC-SERVICIOS,284763,284763,,,un_elemento_revit_para_ancestro,PP,PP-SRV-LGC-SERVICIOS,,,,,,,,,,,,,,,,,,,,,,,,,,,,,,,,,,,,,,,,,,,,,,,,,,,,,,,,,,,,,,,,,,,,,,,,,,,,,,
contenedor_unico,contenedor_por_ancestro_project,PP-SRV-VLV-LCV-010,VALVULA DE CONTROL DE NIVEL AGUA DOMO | Grupo: PP-VLV CONTROL CALDERA,965,5,965,PP-SRV-CLD-CBW1,PP-SRV-CLD-CBW1,PP-SRV-LGC-SERVICIOS > PP-SRV-LGC-VAPOR > PP-SRV-CLD-CBW1,PP > PP-SRV-LGC-SERVICIOS > PP-SRV-LGC-VAPOR > PP-SRV-CLD-CBW1,PP > PP-SRV-LGC-SERVICIOS > PP-SRV-LGC-VAPOR > PP-SRV-CLD-CBW1 > PP-SRV-VLV-LCV-010,284763,121e7c49-6f80-4698-91bd-c7c5a38e25dd-0004585b,Roofs,,Genérico - 400 mm,Genérico - 400 mm,,PP > PP-SRV-LGC-SERVICIOS,contenedor_scoring,284763,121e7c49-6f80-4698-91bd-c7c5a38e25dd-0004585b,PP > PP-SRV-LGC-SERVICIOS,2,78,SI,200,0,200,ancestro_project_exacto,284763:200:PP > PP-SRV-LGC-SERVICIOS,PP-SRV-LGC-SERVICIOS,Sin match puntual; contenedor único por ancestro Project PP-SRV-LGC-SERVICIOS.,contenedor_unico_ancestro,PP-SRV-LGC-SERVICIOS,284763,284763,,,un_elemento_revit_para_ancestro,PP,PP-SRV-LGC-SERVICIOS,,,,,,,,,,,,,,,,,,,,,,,,,,,,,,,,,,,,,,,,,,,,,,,,,,,,,,,,,,,,,,,,,,,,,,,,,,,,,,
contenedor_unico,contenedor_por_ancestro_project,PP-SRV-VLV-PCV-040,VALVULA AUTORREGULADORA PRESION LINEA DE GAS (SUB.ESTACION) | Grupo: PP-VLV CONTROL CALDERA,966,5,966,PP-SRV-CLD-CBW1,PP-SRV-CLD-CBW1,PP-SRV-LGC-SERVICIOS > PP-SRV-LGC-VAPOR > PP-SRV-CLD-CBW1,PP > PP-SRV-LGC-SERVICIOS > PP-SRV-LGC-VAPOR > PP-SRV-CLD-CBW1,PP > PP-SRV-LGC-SERVICIOS > PP-SRV-LGC-VAPOR > PP-SRV-CLD-CBW1 > PP-SRV-VLV-PCV-040,284763,121e7c49-6f80-4698-91bd-c7c5a38e25dd-0004585b,Roofs,,Genérico - 400 mm,Genérico - 400 mm,,PP > PP-SRV-LGC-SERVICIOS,contenedor_scoring,284763,121e7c49-6f80-4698-91bd-c7c5a38e25dd-0004585b,PP > PP-SRV-LGC-SERVICIOS,2,78,SI,200,0,200,ancestro_project_exacto,284763:200:PP > PP-SRV-LGC-SERVICIOS,PP-SRV-LGC-SERVICIOS,Sin match puntual; contenedor único por ancestro Project PP-SRV-LGC-SERVICIOS.,contenedor_unico_ancestro,PP-SRV-LGC-SERVICIOS,284763,284763,,,un_elemento_revit_para_ancestro,PP,PP-SRV-LGC-SERVICIOS,,,,,,,,,,,,,,,,,,,,,,,,,,,,,,,,,,,,,,,,,,,,,,,,,,,,,,,,,,,,,,,,,,,,,,,,,,,,,,
contenedor_unico,contenedor_por_ancestro_project,PP-SRV-VLV-SGR,VALVULA SEGURIDAD SUB ESTACION DE GAS | Grupo: PP-VLV SEG SUB-EST GAS,967,6,967,PP-SRV-VLV-PCV-040,PP-SRV-VLV-PCV-040,PP-SRV-LGC-SERVICIOS > PP-SRV-LGC-VAPOR > PP-SRV-CLD-CBW1 > PP-SRV-VLV-PCV-040,PP > PP-SRV-LGC-SERVICIOS > PP-SRV-LGC-VAPOR > PP-SRV-CLD-CBW1 > PP-SRV-VLV-PCV-040,PP > PP-SRV-LGC-SERVICIOS > PP-SRV-LGC-VAPOR > PP-SRV-CLD-CBW1 > PP-SRV-VLV-PCV-040 > PP-SRV-VLV-SGR SUB-EST GAS,284763,121e7c49-6f80-4698-91bd-c7c5a38e25dd-0004585b,Roofs,,Genérico - 400 mm,Genérico - 400 mm,,PP > PP-SRV-LGC-SERVICIOS,contenedor_scoring,284763,121e7c49-6f80-4698-91bd-c7c5a38e25dd-0004585b,PP > PP-SRV-LGC-SERVICIOS,2,78,SI,200,0,200,ancestro_project_exacto,284763:200:PP > PP-SRV-LGC-SERVICIOS,PP-SRV-LGC-SERVICIOS,Sin match puntual; contenedor único por ancestro Project PP-SRV-LGC-SERVICIOS.,contenedor_unico_ancestro,PP-SRV-LGC-SERVICIOS,284763,284763,,,un_elemento_revit_para_ancestro,PP,PP-SRV-LGC-SERVICIOS,,,,,,,,,,,,,,,,,,,,,,,,,,,,,,,,,,,,,,,,,,,,,,,,,,,,,,,,,,,,,,,,,,,,,,,,,,,,,,
contenedor_unico,contenedor_por_ancestro_project,PP-SRV-VLV-PCV-052,VALVULA DE CONTROL DE PRESION ENTRADA FUEL OIL A CALDERA | Grupo: PP-VLV CONTROL CALDERA,968,5,968,PP-SRV-CLD-CBW1,PP-SRV-CLD-CBW1,PP-SRV-LGC-SERVICIOS > PP-SRV-LGC-VAPOR > PP-SRV-CLD-CBW1,PP > PP-SRV-LGC-SERVICIOS > PP-SRV-LGC-VAPOR > PP-SRV-CLD-CBW1,PP > PP-SRV-LGC-SERVICIOS > PP-SRV-LGC-VAPOR > PP-SRV-CLD-CBW1 > PP-SRV-VLV-PCV-052,284763,121e7c49-6f80-4698-91bd-c7c5a38e25dd-0004585b,Roofs,,Genérico - 400 mm,Genérico - 400 mm,,PP > PP-SRV-LGC-SERVICIOS,contenedor_scoring,284763,121e7c49-6f80-4698-91bd-c7c5a38e25dd-0004585b,PP > PP-SRV-LGC-SERVICIOS,2,78,SI,200,0,200,ancestro_project_exacto,284763:200:PP > PP-SRV-LGC-SERVICIOS,PP-SRV-LGC-SERVICIOS,Sin match puntual; contenedor único por ancestro Project PP-SRV-LGC-SERVICIOS.,contenedor_unico_ancestro,PP-SRV-LGC-SERVICIOS,284763,284763,,,un_elemento_revit_para_ancestro,PP,PP-SRV-LGC-SERVICIOS,,,,,,,,,,,,,,,,,,,,,,,,,,,,,,,,,,,,,,,,,,,,,,,,,,,,,,,,,,,,,,,,,,,,,,,,,,,,,,
contenedor_unico,contenedor_por_ancestro_project,PP-SRV-VLV-SOV-021,VALVULA ON-OFF RECIRCULACION AGUA A DOMO | Grupo: PP-VLV CONTROL CALDERA,969,5,969,PP-SRV-CLD-CBW1,PP-SRV-CLD-CBW1,PP-SRV-LGC-SERVICIOS > PP-SRV-LGC-VAPOR > PP-SRV-CLD-CBW1,PP > PP-SRV-LGC-SERVICIOS > PP-SRV-LGC-VAPOR > PP-SRV-CLD-CBW1,PP > PP-SRV-LGC-SERVICIOS > PP-SRV-LGC-VAPOR > PP-SRV-CLD-CBW1 > PP-SRV-VLV-SOV-021,284763,121e7c49-6f80-4698-91bd-c7c5a38e25dd-0004585b,Roofs,,Genérico - 400 mm,Genérico - 400 mm,,PP > PP-SRV-LGC-SERVICIOS,contenedor_scoring,284763,121e7c49-6f80-4698-91bd-c7c5a38e25dd-0004585b,PP > PP-SRV-LGC-SERVICIOS,2,78,SI,200,0,200,ancestro_project_exacto,284763:200:PP > PP-SRV-LGC-SERVICIOS,PP-SRV-LGC-SERVICIOS,Sin match puntual; contenedor único por ancestro Project PP-SRV-LGC-SERVICIOS.,contenedor_unico_ancestro,PP-SRV-LGC-SERVICIOS,284763,284763,,,un_elemento_revit_para_ancestro,PP,PP-SRV-LGC-SERVICIOS,,,,,,,,,,,,,,,,,,,,,,,,,,,,,,,,,,,,,,,,,,,,,,,,,,,,,,,,,,,,,,,,,,,,,,,,,,,,,,
contenedor_unico,contenedor_por_ancestro_project,PP-SRV-VLV-SOV-040A,VALVULA ON-OFF BLOQUEO GAS <NORTE > | Grupo: PP-VLV CONTROL CALDERA,970,5,970,PP-SRV-CLD-CBW1,PP-SRV-CLD-CBW1,PP-SRV-LGC-SERVICIOS > PP-SRV-LGC-VAPOR > PP-SRV-CLD-CBW1,PP > PP-SRV-LGC-SERVICIOS > PP-SRV-LGC-VAPOR > PP-SRV-CLD-CBW1,PP > PP-SRV-LGC-SERVICIOS > PP-SRV-LGC-VAPOR > PP-SRV-CLD-CBW1 > PP-SRV-VLV-SOV-040A,284763,121e7c49-6f80-4698-91bd-c7c5a38e25dd-0004585b,Roofs,,Genérico - 400 mm,Genérico - 400 mm,,PP > PP-SRV-LGC-SERVICIOS,contenedor_scoring,284763,121e7c49-6f80-4698-91bd-c7c5a38e25dd-0004585b,PP > PP-SRV-LGC-SERVICIOS,2,78,SI,200,0,200,ancestro_project_exacto,284763:200:PP > PP-SRV-LGC-SERVICIOS,PP-SRV-LGC-SERVICIOS,Sin match puntual; contenedor único por ancestro Project PP-SRV-LGC-SERVICIOS.,contenedor_unico_ancestro,PP-SRV-LGC-SERVICIOS,284763,284763,,,un_elemento_revit_para_ancestro,PP,PP-SRV-LGC-SERVICIOS,,,,,,,,,,,,,,,,,,,,,,,,,,,,,,,,,,,,,,,,,,,,,,,,,,,,,,,,,,,,,,,,,,,,,,,,,,,,,,
contenedor_unico,contenedor_por_ancestro_project,PP-SRV-VLV-SOV-040B,VALVULA ON-OFF BLOQUEO GAS <SUR> | Grupo: PP-VLV CONTROL CALDERA,971,5,971,PP-SRV-CLD-CBW1,PP-SRV-CLD-CBW1,PP-SRV-LGC-SERVICIOS > PP-SRV-LGC-VAPOR > PP-SRV-CLD-CBW1,PP > PP-SRV-LGC-SERVICIOS > PP-SRV-LGC-VAPOR > PP-SRV-CLD-CBW1,PP > PP-SRV-LGC-SERVICIOS > PP-SRV-LGC-VAPOR > PP-SRV-CLD-CBW1 > PP-SRV-VLV-SOV-040B,284763,121e7c49-6f80-4698-91bd-c7c5a38e25dd-0004585b,Roofs,,Genérico - 400 mm,Genérico - 400 mm,,PP > PP-SRV-LGC-SERVICIOS,contenedor_scoring,284763,121e7c49-6f80-4698-91bd-c7c5a38e25dd-0004585b,PP > PP-SRV-LGC-SERVICIOS,2,78,SI,200,0,200,ancestro_project_exacto,284763:200:PP > PP-SRV-LGC-SERVICIOS,PP-SRV-LGC-SERVICIOS,Sin match puntual; contenedor único por ancestro Project PP-SRV-LGC-SERVICIOS.,contenedor_unico_ancestro,PP-SRV-LGC-SERVICIOS,284763,284763,,,un_elemento_revit_para_ancestro,PP,PP-SRV-LGC-SERVICIOS,,,,,,,,,,,,,,,,,,,,,,,,,,,,,,,,,,,,,,,,,,,,,,,,,,,,,,,,,,,,,,,,,,,,,,,,,,,,,,
contenedor_unico,contenedor_por_ancestro_project,PP-SRV-VLV-SOV-044,VALVULA ON-OFF VENTEO DE GAS | Grupo: PP-VLV CONTROL CALDERA,972,5,972,PP-SRV-CLD-CBW1,PP-SRV-CLD-CBW1,PP-SRV-LGC-SERVICIOS > PP-SRV-LGC-VAPOR > PP-SRV-CLD-CBW1,PP > PP-SRV-LGC-SERVICIOS > PP-SRV-LGC-VAPOR > PP-SRV-CLD-CBW1,PP > PP-SRV-LGC-SERVICIOS > PP-SRV-LGC-VAPOR > PP-SRV-CLD-CBW1 > PP-SRV-VLV-SOV-044,284763,121e7c49-6f80-4698-91bd-c7c5a38e25dd-0004585b,Roofs,,Genérico - 400 mm,Genérico - 400 mm,,PP > PP-SRV-LGC-SERVICIOS,contenedor_scoring,284763,121e7c49-6f80-4698-91bd-c7c5a38e25dd-0004585b,PP > PP-SRV-LGC-SERVICIOS,2,78,SI,200,0,200,ancestro_project_exacto,284763:200:PP > PP-SRV-LGC-SERVICIOS,PP-SRV-LGC-SERVICIOS,Sin match puntual; contenedor único por ancestro Project PP-SRV-LGC-SERVICIOS.,contenedor_unico_ancestro,PP-SRV-LGC-SERVICIOS,284763,284763,,,un_elemento_revit_para_ancestro,PP,PP-SRV-LGC-SERVICIOS,,,,,,,,,,,,,,,,,,,,,,,,,,,,,,,,,,,,,,,,,,,,,,,,,,,,,,,,,,,,,,,,,,,,,,,,,,,,,,
contenedor_unico,contenedor_por_ancestro_project,PP-SRV-VLV-SOV-050,VALVULA ON-OFF ENTRADA FUEL OIL A CALDERA | Grupo: PP-VLV CONTROL CALDERA,973,5,973,PP-SRV-CLD-CBW1,PP-SRV-CLD-CBW1,PP-SRV-LGC-SERVICIOS > PP-SRV-LGC-VAPOR > PP-SRV-CLD-CBW1,PP > PP-SRV-LGC-SERVICIOS > PP-SRV-LGC-VAPOR > PP-SRV-CLD-CBW1,PP > PP-SRV-LGC-SERVICIOS > PP-SRV-LGC-VAPOR > PP-SRV-CLD-CBW1 > PP-SRV-VLV-SOV-050,284763,121e7c49-6f80-4698-91bd-c7c5a38e25dd-0004585b,Roofs,,Genérico - 400 mm,Genérico - 400 mm,,PP > PP-SRV-LGC-SERVICIOS,contenedor_scoring,284763,121e7c49-6f80-4698-91bd-c7c5a38e25dd-0004585b,PP > PP-SRV-LGC-SERVICIOS,2,78,SI,200,0,200,ancestro_project_exacto,284763:200:PP > PP-SRV-LGC-SERVICIOS,PP-SRV-LGC-SERVICIOS,Sin match puntual; contenedor único por ancestro Project PP-SRV-LGC-SERVICIOS.,contenedor_unico_ancestro,PP-SRV-LGC-SERVICIOS,284763,284763,,,un_elemento_revit_para_ancestro,PP,PP-SRV-LGC-SERVICIOS,,,,,,,,,,,,,,,,,,,,,,,,,,,,,,,,,,,,,,,,,,,,,,,,,,,,,,,,,,,,,,,,,,,,,,,,,,,,,,
contenedor_unico,contenedor_por_ancestro_project,PP-SRV-VLV-VSE,VALVULA SEGURIDAD CALDERA 6000 LADO ESTE | Grupo: PP-VLV SEGUR CALDERA,974,5,974,PP-SRV-CLD-CBW1,PP-SRV-CLD-CBW1,PP-SRV-LGC-SERVICIOS > PP-SRV-LGC-VAPOR > PP-SRV-CLD-CBW1,PP > PP-SRV-LGC-SERVICIOS > PP-SRV-LGC-VAPOR > PP-SRV-CLD-CBW1,PP > PP-SRV-LGC-SERVICIOS > PP-SRV-LGC-VAPOR > PP-SRV-CLD-CBW1 > PP-SRV-VLV-VSE,284763,121e7c49-6f80-4698-91bd-c7c5a38e25dd-0004585b,Roofs,,Genérico - 400 mm,Genérico - 400 mm,,PP > PP-SRV-LGC-SERVICIOS,contenedor_scoring,284763,121e7c49-6f80-4698-91bd-c7c5a38e25dd-0004585b,PP > PP-SRV-LGC-SERVICIOS,2,78,SI,200,0,200,ancestro_project_exacto,284763:200:PP > PP-SRV-LGC-SERVICIOS,PP-SRV-LGC-SERVICIOS,Sin match puntual; contenedor único por ancestro Project PP-SRV-LGC-SERVICIOS.,contenedor_unico_ancestro,PP-SRV-LGC-SERVICIOS,284763,284763,,,un_elemento_revit_para_ancestro,PP,PP-SRV-LGC-SERVICIOS,,,,,,,,,,,,,,,,,,,,,,,,,,,,,,,,,,,,,,,,,,,,,,,,,,,,,,,,,,,,,,,,,,,,,,,,,,,,,,
contenedor_unico,contenedor_por_ancestro_project,PP-SRV-VLV-VSO,VALVULA SEGURIDAD CALDERA 6000 LADO OESTE | Grupo: PP-VLV SEGUR CALDERA,975,5,975,PP-SRV-CLD-CBW1,PP-SRV-CLD-CBW1,PP-SRV-LGC-SERVICIOS > PP-SRV-LGC-VAPOR > PP-SRV-CLD-CBW1,PP > PP-SRV-LGC-SERVICIOS > PP-SRV-LGC-VAPOR > PP-SRV-CLD-CBW1,PP > PP-SRV-LGC-SERVICIOS > PP-SRV-LGC-VAPOR > PP-SRV-CLD-CBW1 > PP-SRV-VLV-VSO,284763,121e7c49-6f80-4698-91bd-c7c5a38e25dd-0004585b,Roofs,,Genérico - 400 mm,Genérico - 400 mm,,PP > PP-SRV-LGC-SERVICIOS,contenedor_scoring,284763,121e7c49-6f80-4698-91bd-c7c5a38e25dd-0004585b,PP > PP-SRV-LGC-SERVICIOS,2,78,SI,200,0,200,ancestro_project_exacto,284763:200:PP > PP-SRV-LGC-SERVICIOS,PP-SRV-LGC-SERVICIOS,Sin match puntual; contenedor único por ancestro Project PP-SRV-LGC-SERVICIOS.,contenedor_unico_ancestro,PP-SRV-LGC-SERVICIOS,284763,284763,,,un_elemento_revit_para_ancestro,PP,PP-SRV-LGC-SERVICIOS,,,,,,,,,,,,,,,,,,,,,,,,,,,,,,,,,,,,,,,,,,,,,,,,,,,,,,,,,,,,,,,,,,,,,,,,,,,,,,
contenedor_unico,contenedor_por_ancestro_project,PP-SRV-DSR-DESAIREADOR,DESAIREADOR PTA PTO | Grupo: PP-DSR DESAIREADOR,976,4,976,PP-SRV-LGC-VAPOR,PP-SRV-LGC-VAPOR,PP-SRV-LGC-SERVICIOS > PP-SRV-LGC-VAPOR,PP > PP-SRV-LGC-SERVICIOS > PP-SRV-LGC-VAPOR,PP > PP-SRV-LGC-SERVICIOS > PP-SRV-LGC-VAPOR > PP-SRV-DSR-DESAIREADOR,284763,121e7c49-6f80-4698-91bd-c7c5a38e25dd-0004585b,Roofs,,Genérico - 400 mm,Genérico - 400 mm,,PP > PP-SRV-LGC-SERVICIOS,contenedor_scoring,284763,121e7c49-6f80-4698-91bd-c7c5a38e25dd-0004585b,PP > PP-SRV-LGC-SERVICIOS,2,78,SI,200,0,200,ancestro_project_exacto,284763:200:PP > PP-SRV-LGC-SERVICIOS,PP-SRV-LGC-SERVICIOS,Sin match puntual; contenedor único por ancestro Project PP-SRV-LGC-SERVICIOS.,contenedor_unico_ancestro,PP-SRV-LGC-SERVICIOS,284763,284763,,,un_elemento_revit_para_ancestro,PP,PP-SRV-LGC-SERVICIOS,,,,,,,,,,,,,,,,,,,,,,,,,,,,,,,,,,,,,,,,,,,,,,,,,,,,,,,,,,,,,,,,,,,,,,,,,,,,,,
contenedor_unico,contenedor_por_ancestro_project,PP-SRV-BMB-BO47C,BOMBA BO47 C LADO SUR (ACTUAL Meganorm 100-065-200 G) | Grupo: PP-BMB CENTRIF BO47C,977,5,977,PP-SRV-DSR-DESAIREADOR,PP-SRV-DSR-DESAIREADOR,PP-SRV-LGC-SERVICIOS > PP-SRV-LGC-VAPOR > PP-SRV-DSR-DESAIREADOR,PP > PP-SRV-LGC-SERVICIOS > PP-SRV-LGC-VAPOR > PP-SRV-DSR-DESAIREADOR,PP > PP-SRV-LGC-SERVICIOS > PP-SRV-LGC-VAPOR > PP-SRV-DSR-DESAIREADOR > PP-SRV-BMB-BO47C,284763,121e7c49-6f80-4698-91bd-c7c5a38e25dd-0004585b,Roofs,,Genérico - 400 mm,Genérico - 400 mm,,PP > PP-SRV-LGC-SERVICIOS,contenedor_scoring,284763,121e7c49-6f80-4698-91bd-c7c5a38e25dd-0004585b,PP > PP-SRV-LGC-SERVICIOS,2,78,SI,200,0,200,ancestro_project_exacto,284763:200:PP > PP-SRV-LGC-SERVICIOS,PP-SRV-LGC-SERVICIOS,Sin match puntual; contenedor único por ancestro Project PP-SRV-LGC-SERVICIOS.,contenedor_unico_ancestro,PP-SRV-LGC-SERVICIOS,284763,284763,,,un_elemento_revit_para_ancestro,PP,PP-SRV-LGC-SERVICIOS,,,,,,,,,,,,,,,,,,,,,,,,,,,,,,,,,,,,,,,,,,,,,,,,,,,,,,,,,,,,,,,,,,,,,,,,,,,,,,
contenedor_unico,contenedor_por_ancestro_project,PP-SRV-BMB-BO48C,BOMBA BO48 C LADO NORTE | Grupo: PP-BMB CENTRIF BO48C,978,5,978,PP-SRV-DSR-DESAIREADOR,PP-SRV-DSR-DESAIREADOR,PP-SRV-LGC-SERVICIOS > PP-SRV-LGC-VAPOR > PP-SRV-DSR-DESAIREADOR,PP > PP-SRV-LGC-SERVICIOS > PP-SRV-LGC-VAPOR > PP-SRV-DSR-DESAIREADOR,PP > PP-SRV-LGC-SERVICIOS > PP-SRV-LGC-VAPOR > PP-SRV-DSR-DESAIREADOR > PP-SRV-BMB-BO48C,284763,121e7c49-6f80-4698-91bd-c7c5a38e25dd-0004585b,Roofs,,Genérico - 400 mm,Genérico - 400 mm,,PP > PP-SRV-LGC-SERVICIOS,contenedor_scoring,284763,121e7c49-6f80-4698-91bd-c7c5a38e25dd-0004585b,PP > PP-SRV-LGC-SERVICIOS,2,78,SI,200,0,200,ancestro_project_exacto,284763:200:PP > PP-SRV-LGC-SERVICIOS,PP-SRV-LGC-SERVICIOS,Sin match puntual; contenedor único por ancestro Project PP-SRV-LGC-SERVICIOS.,contenedor_unico_ancestro,PP-SRV-LGC-SERVICIOS,284763,284763,,,un_elemento_revit_para_ancestro,PP,PP-SRV-LGC-SERVICIOS,,,,,,,,,,,,,,,,,,,,,,,,,,,,,,,,,,,,,,,,,,,,,,,,,,,,,,,,,,,,,,,,,,,,,,,,,,,,,,
contenedor_unico,contenedor_por_ancestro_project,PP-SRV-TNQ-TKRESERV,TK DE RESERVA DE AGUA BLANDA | Grupo: PP-TANQUE RESERVA,979,5,979,PP-SRV-DSR-DESAIREADOR,PP-SRV-DSR-DESAIREADOR,PP-SRV-LGC-SERVICIOS > PP-SRV-LGC-VAPOR > PP-SRV-DSR-DESAIREADOR,PP > PP-SRV-LGC-SERVICIOS > PP-SRV-LGC-VAPOR > PP-SRV-DSR-DESAIREADOR,PP > PP-SRV-LGC-SERVICIOS > PP-SRV-LGC-VAPOR > PP-SRV-DSR-DESAIREADOR > PP-SRV-TNQ-TKRESERV,284763,121e7c49-6f80-4698-91bd-c7c5a38e25dd-0004585b,Roofs,,Genérico - 400 mm,Genérico - 400 mm,,PP > PP-SRV-LGC-SERVICIOS,contenedor_scoring,284763,121e7c49-6f80-4698-91bd-c7c5a38e25dd-0004585b,PP > PP-SRV-LGC-SERVICIOS,2,78,SI,200,0,200,ancestro_project_exacto,284763:200:PP > PP-SRV-LGC-SERVICIOS,PP-SRV-LGC-SERVICIOS,Sin match puntual; contenedor único por ancestro Project PP-SRV-LGC-SERVICIOS.,contenedor_unico_ancestro,PP-SRV-LGC-SERVICIOS,284763,284763,,,un_elemento_revit_para_ancestro,PP,PP-SRV-LGC-SERVICIOS,,,,,,,,,,,,,,,,,,,,,,,,,,,,,,,,,,,,,,,,,,,,,,,,,,,,,,,,,,,,,,,,,,,,,,,,,,,,,,
contenedor_unico,contenedor_por_ancestro_project,PP-SRV-VLV-LCV020,VALVULA DE CONTROL DE NIVEL AGUA DESAIREADOR | Grupo: PP-VLV CONTROL DESAIREADOR,980,5,980,PP-SRV-DSR-DESAIREADOR,PP-SRV-DSR-DESAIREADOR,PP-SRV-LGC-SERVICIOS > PP-SRV-LGC-VAPOR > PP-SRV-DSR-DESAIREADOR,PP > PP-SRV-LGC-SERVICIOS > PP-SRV-LGC-VAPOR > PP-SRV-DSR-DESAIREADOR,PP > PP-SRV-LGC-SERVICIOS > PP-SRV-LGC-VAPOR > PP-SRV-DSR-DESAIREADOR > PP-SRV-VLV-LCV020,284763,121e7c49-6f80-4698-91bd-c7c5a38e25dd-0004585b,Roofs,,Genérico - 400 mm,Genérico - 400 mm,,PP > PP-SRV-LGC-SERVICIOS,contenedor_scoring,284763,121e7c49-6f80-4698-91bd-c7c5a38e25dd-0004585b,PP > PP-SRV-LGC-SERVICIOS,2,78,SI,200,0,200,ancestro_project_exacto,284763:200:PP > PP-SRV-LGC-SERVICIOS,PP-SRV-LGC-SERVICIOS,Sin match puntual; contenedor único por ancestro Project PP-SRV-LGC-SERVICIOS.,contenedor_unico_ancestro,PP-SRV-LGC-SERVICIOS,284763,284763,,,un_elemento_revit_para_ancestro,PP,PP-SRV-LGC-SERVICIOS,,,,,,,,,,,,,,,,,,,,,,,,,,,,,,,,,,,,,,,,,,,,,,,,,,,,,,,,,,,,,,,,,,,,,,,,,,,,,,
contenedor_unico,contenedor_por_ancestro_project,PP-SRV-VLV-VSDS,VALVULA DE SEGURIDAD DE DESAIREADOR | Grupo: PP-VLV SEGUR DESAIREADOR,981,5,981,PP-SRV-DSR-DESAIREADOR,PP-SRV-DSR-DESAIREADOR,PP-SRV-LGC-SERVICIOS > PP-SRV-LGC-VAPOR > PP-SRV-DSR-DESAIREADOR,PP > PP-SRV-LGC-SERVICIOS > PP-SRV-LGC-VAPOR > PP-SRV-DSR-DESAIREADOR,PP > PP-SRV-LGC-SERVICIOS > PP-SRV-LGC-VAPOR > PP-SRV-DSR-DESAIREADOR > PP-SRV-VLV-VSDS,284763,121e7c49-6f80-4698-91bd-c7c5a38e25dd-0004585b,Roofs,,Genérico - 400 mm,Genérico - 400 mm,,PP > PP-SRV-LGC-SERVICIOS,contenedor_scoring,284763,121e7c49-6f80-4698-91bd-c7c5a38e25dd-0004585b,PP > PP-SRV-LGC-SERVICIOS,2,78,SI,200,0,200,ancestro_project_exacto,284763:200:PP > PP-SRV-LGC-SERVICIOS,PP-SRV-LGC-SERVICIOS,Sin match puntual; contenedor único por ancestro Project PP-SRV-LGC-SERVICIOS.,contenedor_unico_ancestro,PP-SRV-LGC-SERVICIOS,284763,284763,,,un_elemento_revit_para_ancestro,PP,PP-SRV-LGC-SERVICIOS,,,,,,,,,,,,,,,,,,,,,,,,,,,,,,,,,,,,,,,,,,,,,,,,,,,,,,,,,,,,,,,,,,,,,,,,,,,,,,
contenedor_unico,contenedor_por_ancestro_project,PP-SRV-ECN-ECONO,ECONOMIZADOR CADLERA | Grupo: PP-ECN ECONOMIZADOR CLD,982,4,982,PP-SRV-LGC-VAPOR,PP-SRV-LGC-VAPOR,PP-SRV-LGC-SERVICIOS > PP-SRV-LGC-VAPOR,PP > PP-SRV-LGC-SERVICIOS > PP-SRV-LGC-VAPOR,PP > PP-SRV-LGC-SERVICIOS > PP-SRV-LGC-VAPOR > PP-SRV-ECN-ECONO,284763,121e7c49-6f80-4698-91bd-c7c5a38e25dd-0004585b,Roofs,,Genérico - 400 mm,Genérico - 400 mm,,PP > PP-SRV-LGC-SERVICIOS,contenedor_scoring,284763,121e7c49-6f80-4698-91bd-c7c5a38e25dd-0004585b,PP > PP-SRV-LGC-SERVICIOS,2,78,SI,200,0,200,ancestro_project_exacto,284763:200:PP > PP-SRV-LGC-SERVICIOS,PP-SRV-LGC-SERVICIOS,Sin match puntual; contenedor único por ancestro Project PP-SRV-LGC-SERVICIOS.,contenedor_unico_ancestro,PP-SRV-LGC-SERVICIOS,284763,284763,,,un_elemento_revit_para_ancestro,PP,PP-SRV-LGC-SERVICIOS,,,,,,,,,,,,,,,,,,,,,,,,,,,,,,,,,,,,,,,,,,,,,,,,,,,,,,,,,,,,,,,,,,,,,,,,,,,,,,
contenedor_unico,contenedor_por_ancestro_project,PP-SRV-VLV-VSEC,VALVULA DE SEGURIDAD ENTRADA ECONOMIZADOR | Grupo: PP-VLV SEGUR ECOMOMI,983,5,983,PP-SRV-ECN-ECONO,PP-SRV-ECN-ECONO,PP-SRV-LGC-SERVICIOS > PP-SRV-LGC-VAPOR > PP-SRV-ECN-ECONO,PP > PP-SRV-LGC-SERVICIOS > PP-SRV-LGC-VAPOR > PP-SRV-ECN-ECONO,PP > PP-SRV-LGC-SERVICIOS > PP-SRV-LGC-VAPOR > PP-SRV-ECN-ECONO > PP-SRV-VLV-VSEC,284763,121e7c49-6f80-4698-91bd-c7c5a38e25dd-0004585b,Roofs,,Genérico - 400 mm,Genérico - 400 mm,,PP > PP-SRV-LGC-SERVICIOS,contenedor_scoring,284763,121e7c49-6f80-4698-91bd-c7c5a38e25dd-0004585b,PP > PP-SRV-LGC-SERVICIOS,2,78,SI,200,0,200,ancestro_project_exacto,284763:200:PP > PP-SRV-LGC-SERVICIOS,PP-SRV-LGC-SERVICIOS,Sin match puntual; contenedor único por ancestro Project PP-SRV-LGC-SERVICIOS.,contenedor_unico_ancestro,PP-SRV-LGC-SERVICIOS,284763,284763,,,un_elemento_revit_para_ancestro,PP,PP-SRV-LGC-SERVICIOS,,,,,,,,,,,,,,,,,,,,,,,,,,,,,,,,,,,,,,,,,,,,,,,,,,,,,,,,,,,,,,,,,,,,,,,,,,,,,,
contenedor_unico,contenedor_por_ancestro_project,PP-SRV-TNQ-TKFLASH,TANQUE SE FLASH CALDERA SERVICIOS | Grupo: PP-TNQ TKFLASH,984,4,984,PP-SRV-LGC-VAPOR,PP-SRV-LGC-VAPOR,PP-SRV-LGC-SERVICIOS > PP-SRV-LGC-VAPOR,PP > PP-SRV-LGC-SERVICIOS > PP-SRV-LGC-VAPOR,PP > PP-SRV-LGC-SERVICIOS > PP-SRV-LGC-VAPOR > PP-SRV-TNQ-TKFLASH,284763,121e7c49-6f80-4698-91bd-c7c5a38e25dd-0004585b,Roofs,,Genérico - 400 mm,Genérico - 400 mm,,PP > PP-SRV-LGC-SERVICIOS,contenedor_scoring,284763,121e7c49-6f80-4698-91bd-c7c5a38e25dd-0004585b,PP > PP-SRV-LGC-SERVICIOS,2,78,SI,200,0,200,ancestro_project_exacto,284763:200:PP > PP-SRV-LGC-SERVICIOS,PP-SRV-LGC-SERVICIOS,Sin match puntual; contenedor único por ancestro Project PP-SRV-LGC-SERVICIOS.,contenedor_unico_ancestro,PP-SRV-LGC-SERVICIOS,284763,284763,,,un_elemento_revit_para_ancestro,PP,PP-SRV-LGC-SERVICIOS,,,,,,,,,,,,,,,,,,,,,,,,,,,,,,,,,,,,,,,,,,,,,,,,,,,,,,,,,,,,,,,,,,,,,,,,,,,,,,
contenedor_unico,contenedor_por_ancestro_project,PP-SRV-VLV-VSTK,VALVULA DE SEGURIDAD TK FLASH | Grupo: PP-VLV SEG TK FLASH,985,5,985,PP-SRV-TNQ-TKFLASH,PP-SRV-TNQ-TKFLASH,PP-SRV-LGC-SERVICIOS > PP-SRV-LGC-VAPOR > PP-SRV-TNQ-TKFLASH,PP > PP-SRV-LGC-SERVICIOS > PP-SRV-LGC-VAPOR > PP-SRV-TNQ-TKFLASH,PP > PP-SRV-LGC-SERVICIOS > PP-SRV-LGC-VAPOR > PP-SRV-TNQ-TKFLASH > PP-SRV-VLV-VSTK FLASH,284763,121e7c49-6f80-4698-91bd-c7c5a38e25dd-0004585b,Roofs,,Genérico - 400 mm,Genérico - 400 mm,,PP > PP-SRV-LGC-SERVICIOS,contenedor_scoring,284763,121e7c49-6f80-4698-91bd-c7c5a38e25dd-0004585b,PP > PP-SRV-LGC-SERVICIOS,2,78,SI,200,0,200,ancestro_project_exacto,284763:200:PP > PP-SRV-LGC-SERVICIOS,PP-SRV-LGC-SERVICIOS,Sin match puntual; contenedor único por ancestro Project PP-SRV-LGC-SERVICIOS.,contenedor_unico_ancestro,PP-SRV-LGC-SERVICIOS,284763,284763,,,un_elemento_revit_para_ancestro,PP,PP-SRV-LGC-SERVICIOS,,,,,,,,,,,,,,,,,,,,,,,,,,,,,,,,,,,,,,,,,,,,,,,,,,,,,,,,,,,,,,,,,,,,,,,,,,,,,,
contenedor_unico,contenedor_por_ancestro_project,PP-SRV-VNT-VE25,VENTILADOR VE25  (VTF) | Grupo: PP-VNT VTF VE25,986,4,986,PP-SRV-LGC-VAPOR,PP-SRV-LGC-VAPOR,PP-SRV-LGC-SERVICIOS > PP-SRV-LGC-VAPOR,PP > PP-SRV-LGC-SERVICIOS > PP-SRV-LGC-VAPOR,PP > PP-SRV-LGC-SERVICIOS > PP-SRV-LGC-VAPOR > PP-SRV-VNT-VE25 VTF,284763,121e7c49-6f80-4698-91bd-c7c5a38e25dd-0004585b,Roofs,,Genérico - 400 mm,Genérico - 400 mm,,PP > PP-SRV-LGC-SERVICIOS,contenedor_scoring,284763,121e7c49-6f80-4698-91bd-c7c5a38e25dd-0004585b,PP > PP-SRV-LGC-SERVICIOS,2,78,SI,200,0,200,ancestro_project_exacto,284763:200:PP > PP-SRV-LGC-SERVICIOS,PP-SRV-LGC-SERVICIOS,Sin match puntual; contenedor único por ancestro Project PP-SRV-LGC-SERVICIOS.,contenedor_unico_ancestro,PP-SRV-LGC-SERVICIOS,284763,284763,,,un_elemento_revit_para_ancestro,PP,PP-SRV-LGC-SERVICIOS,,,,,,,,,,,,,,,,,,,,,,,,,,,,,,,,,,,,,,,,,,,,,,,,,,,,,,,,,,,,,,,,,,,,,,,,,,,,,,
contenedor_unico,contenedor_por_ancestro_project,PP-SRV-CIL-060,CILINDRO NEUMATICO DUMPER VTF | Grupo: PP-CIL CILINDRO VTF,987,5,987,PP-SRV-VNT-VE25 VTF,PP-SRV-VNT-VE25,PP-SRV-LGC-SERVICIOS > PP-SRV-LGC-VAPOR > PP-SRV-VNT-VE25,PP > PP-SRV-LGC-SERVICIOS > PP-SRV-LGC-VAPOR > PP-SRV-VNT-VE25 VTF,PP > PP-SRV-LGC-SERVICIOS > PP-SRV-LGC-VAPOR > PP-SRV-VNT-VE25 VTF > PP-SRV-CIL-060,284763,121e7c49-6f80-4698-91bd-c7c5a38e25dd-0004585b,Roofs,,Genérico - 400 mm,Genérico - 400 mm,,PP > PP-SRV-LGC-SERVICIOS,contenedor_scoring,284763,121e7c49-6f80-4698-91bd-c7c5a38e25dd-0004585b,PP > PP-SRV-LGC-SERVICIOS,2,78,SI,200,0,200,ancestro_project_exacto,284763:200:PP > PP-SRV-LGC-SERVICIOS,PP-SRV-LGC-SERVICIOS,Sin match puntual; contenedor único por ancestro Project PP-SRV-LGC-SERVICIOS.,contenedor_unico_ancestro,PP-SRV-LGC-SERVICIOS,284763,284763,,,un_elemento_revit_para_ancestro,PP,PP-SRV-LGC-SERVICIOS,,,,,,,,,,,,,,,,,,,,,,,,,,,,,,,,,,,,,,,,,,,,,,,,,,,,,,,,,,,,,,,,,,,,,,,,,,,,,,
contenedor_unico,contenedor_por_ancestro_project,PP-SRV-TRF-TRA6,TRANSFORMADOR 6  RIO | Grupo: PP-TRF TRAFO RIO,988,3,988,PP-SRV-LGC-SERVICIOS,PP-SRV-LGC-SERVICIOS,PP-SRV-LGC-SERVICIOS,PP > PP-SRV-LGC-SERVICIOS,PP > PP-SRV-LGC-SERVICIOS > PP-SRV-TRF-TRA6,284763,121e7c49-6f80-4698-91bd-c7c5a38e25dd-0004585b,Roofs,,Genérico - 400 mm,Genérico - 400 mm,,PP > PP-SRV-LGC-SERVICIOS,contenedor_scoring,284763,121e7c49-6f80-4698-91bd-c7c5a38e25dd-0004585b,PP > PP-SRV-LGC-SERVICIOS,2,78,SI,200,0,200,ancestro_project_exacto,284763:200:PP > PP-SRV-LGC-SERVICIOS,PP-SRV-LGC-SERVICIOS,Sin match puntual; contenedor único por ancestro Project PP-SRV-LGC-SERVICIOS.,contenedor_unico_ancestro,PP-SRV-LGC-SERVICIOS,284763,284763,,,un_elemento_revit_para_ancestro,PP,PP-SRV-LGC-SERVICIOS,,,,,,,,,,,,,,,,,,,,,,,,,,,,,,,,,,,,,,,,,,,,,,,,,,,,,,,,,,,,,,,,,,,,,,,,,,,,,,
