codigo_project,descripcion_project,element_id_contenedor,unique_id_contenedor,btz_path_contenedor,tipo_asociacion,ancestro_project_usado,estado_asociacion,escrito_en_btz_description,btz_description_slot_usado,motivo
PR-ACT-AGT-TK01,AGITADOR HORIZONTAL TK-1 | Grupo: PR-AGT TNQ AC01,175478,d112fcda-fad5-481f-8e37-b7906a02986c-0002ad76,PR > PR-ACT-LGC-ACEITE > PR-ACT-LGC-TANQUES > PR-ACT-TNQ-AC01,contenedor_por_ancestro_project,PR-ACT-TNQ-AC01,asociado_a_contenedor,SI,btz_description_05,escrito_en_slot_btz
PR-ACT-BMB-CB1,BOMBA CENTRIFUGA B-1 | Grupo: PR-ACT-BMB-CB1,175478,d112fcda-fad5-481f-8e37-b7906a02986c-0002ad76,PR > PR-ACT-LGC-ACEITE > PR-ACT-LGC-TANQUES > PR-ACT-TNQ-AC01,contenedor_por_ancestro_project,PR-ACT-TNQ-AC01,asociado_a_contenedor,SI,btz_description_06,escrito_en_slot_btz
PR-ACT-BMB-DA01,BOMBA CENTRIFUGA Nº 1 <O> | Grupo: PR-ACT-BMB-DA01,175478,d112fcda-fad5-481f-8e37-b7906a02986c-0002ad76,PR > PR-ACT-LGC-ACEITE > PR-ACT-LGC-TANQUES > PR-ACT-TNQ-AC01,contenedor_por_ancestro_project,PR-ACT-TNQ-AC01,asociado_a_contenedor,SI,btz_description_07,escrito_en_slot_btz
PR-ACT-BMB-DA02,BOMBA CENTRIFUGA Nº 2 <C> | Grupo: PR-ACT-BMB-DA02,175478,d112fcda-fad5-481f-8e37-b7906a02986c-0002ad76,PR > PR-ACT-LGC-ACEITE > PR-ACT-LGC-TANQUES > PR-ACT-TNQ-AC01,contenedor_por_ancestro_project,PR-ACT-TNQ-AC01,asociado_a_contenedor,SI,btz_description_08,escrito_en_slot_btz
PR-ACT-BMB-DA03,BOMBA CENTRIFUGA Nº 3 <E> | Grupo: PR-ACT-BMB-DA03,175478,d112fcda-fad5-481f-8e37-b7906a02986c-0002ad76,PR > PR-ACT-LGC-ACEITE > PR-ACT-LGC-TANQUES > PR-ACT-TNQ-AC01,contenedor_por_ancestro_project,PR-ACT-TNQ-AC01,asociado_a_contenedor,SI,btz_description_09,escrito_en_slot_btz
PR-ACT-BMB-DA08,BOMBA CENTRIFUGA Nº 8 <CENTRO> | Grupo: PR-ACT-BMB-DA08,175478,d112fcda-fad5-481f-8e37-b7906a02986c-0002ad76,PR > PR-ACT-LGC-ACEITE > PR-ACT-LGC-TANQUES > PR-ACT-TNQ-AC01,contenedor_por_ancestro_project,PR-ACT-TNQ-AC01,asociado_a_contenedor,SI,btz_description_10,escrito_en_slot_btz
PR-ACT-BMB-DA17,BOMBA OSCILANTE Nº 17 | Grupo: PR-ACT-BMB-DA17,175478,d112fcda-fad5-481f-8e37-b7906a02986c-0002ad76,PR > PR-ACT-LGC-ACEITE > PR-ACT-LGC-TANQUES > PR-ACT-TNQ-AC01,contenedor_por_ancestro_project,PR-ACT-TNQ-AC01,asociado_a_contenedor,SI,btz_description_11,escrito_en_slot_btz
PR-ACT-AGT-TK02,AGITADOR HORIZONTAL TK-2 | Grupo: PR-AGT TNQ AC02,175553,d112fcda-fad5-481f-8e37-b7906a02986c-0002adc1,PR > PR-ACT-LGC-ACEITE > PR-ACT-LGC-TANQUES > PR-ACT-TNQ-AC02,contenedor_por_ancestro_project,PR-ACT-TNQ-AC02,asociado_a_contenedor,SI,btz_description_05,escrito_en_slot_btz
PR-ACT-BMB-BE01,BOMBA A ENGRANAJE 1 <DESC. LECITINA TK-2> | Grupo: PR-ACT-BMB-BE01,175553,d112fcda-fad5-481f-8e37-b7906a02986c-0002adc1,PR > PR-ACT-LGC-ACEITE > PR-ACT-LGC-TANQUES > PR-ACT-TNQ-AC02,contenedor_por_ancestro_project,PR-ACT-TNQ-AC02,asociado_a_contenedor,SI,btz_description_06,escrito_en_slot_btz
PR-ACT-AGT-TK03,AGITADOR HORIZONTAL TK-3 | Grupo: PR-AGT TNQ AC03,156169,379981ba-ab79-4577-9004-ad3cc41f4fee-00026209,PR > PR-ACT-LGC-ACEITE > PR-ACT-LGC-TANQUES > PR-ACT-TNQ-AC03,contenedor_por_ancestro_project,PR-ACT-TNQ-AC03,asociado_a_contenedor,SI,btz_description_05,escrito_en_slot_btz
PR-ACT-AGT-TK04,AGITADOR HORIZONTAL TK-4 | Grupo: PR-AGT TNQ AC04,156153,379981ba-ab79-4577-9004-ad3cc41f4fee-000261f9,PR > PR-ACT-LGC-ACEITE > PR-ACT-LGC-TANQUES > PR-ACT-TNQ-AC04,contenedor_por_ancestro_project,PR-ACT-TNQ-AC04,asociado_a_contenedor,SI,btz_description_05,escrito_en_slot_btz
PR-ACT-BMB-DA18,BOMBA CENTRIFUGA Nº 18  <SUR> | Grupo: PR-ACT-BMB-DA18,156153,379981ba-ab79-4577-9004-ad3cc41f4fee-000261f9,PR > PR-ACT-LGC-ACEITE > PR-ACT-LGC-TANQUES > PR-ACT-TNQ-AC04,contenedor_por_ancestro_project,PR-ACT-TNQ-AC04,asociado_a_contenedor,SI,btz_description_06,escrito_en_slot_btz
PR-ACT-BMB-DA19,BOMBA A ENGRANAJE Nº 19 <NORTE> | Grupo: PR-ACT-BMB-DA19,156153,379981ba-ab79-4577-9004-ad3cc41f4fee-000261f9,PR > PR-ACT-LGC-ACEITE > PR-ACT-LGC-TANQUES > PR-ACT-TNQ-AC04,contenedor_por_ancestro_project,PR-ACT-TNQ-AC04,asociado_a_contenedor,SI,btz_description_07,escrito_en_slot_btz
PR-ACT-AGT-TK05,AGITADOR HORIZONTAL TK-5 | Grupo: PR-AGT TNQ AC05,156111,379981ba-ab79-4577-9004-ad3cc41f4fee-000261cf,PR > PR-ACT-LGC-ACEITE > PR-ACT-LGC-TANQUES > PR-ACT-TNQ-AC05,contenedor_por_ancestro_project,PR-ACT-TNQ-AC05,asociado_a_contenedor,SI,btz_description_05,escrito_en_slot_btz
PR-ACT-BMB-DA05,BOMBA CENTRIFUGA Nº 5 | Grupo: PR-ACT-BMB-DA05,156111,379981ba-ab79-4577-9004-ad3cc41f4fee-000261cf,PR > PR-ACT-LGC-ACEITE > PR-ACT-LGC-TANQUES > PR-ACT-TNQ-AC05,contenedor_por_ancestro_project,PR-ACT-TNQ-AC05,asociado_a_contenedor,SI,btz_description_06,escrito_en_slot_btz
PR-ACT-AGT-TK06,AGITADOR HORIZONTAL TK-6 | Grupo: PR-AGT TNQ AC06,155128,1192f475-90fc-43d8-a4f8-29b11d73f723-00025df8,PR > PR-ACT-LGC-ACEITE > PR-ACT-LGC-TANQUES > PR-ACT-TNQ-AC06,contenedor_por_ancestro_project,PR-ACT-TNQ-AC06,asociado_a_contenedor,SI,btz_description_05,escrito_en_slot_btz
PR-ACT-BMB-DA06,BOMBA CENTRIFUGA Nº 6 | Grupo: PR-ACT-BMB-DA06,155128,1192f475-90fc-43d8-a4f8-29b11d73f723-00025df8,PR > PR-ACT-LGC-ACEITE > PR-ACT-LGC-TANQUES > PR-ACT-TNQ-AC06,contenedor_por_ancestro_project,PR-ACT-TNQ-AC06,asociado_a_contenedor,SI,btz_description_06,escrito_en_slot_btz
PR-ACT-BMB-DA07,"BOMBA CENTRIFUGA Nº 7 6"" | Grupo: PR-ACT-BMB-DA07",155128,1192f475-90fc-43d8-a4f8-29b11d73f723-00025df8,PR > PR-ACT-LGC-ACEITE > PR-ACT-LGC-TANQUES > PR-ACT-TNQ-AC06,contenedor_por_ancestro_project,PR-ACT-TNQ-AC06,asociado_a_contenedor,SI,btz_description_07,escrito_en_slot_btz
PR-ACT-BMB-ELC01,BOMBA A ENGRANAJE LECITINA Nº 1 <N/O> | Grupo: PR-ACT-BMB-ELC01,373704,f26b48f9-0279-47cf-b5b3-6772136bf76f-0005b3c8,PR > PR-ACT-LGC-ACEITE > PR-ACT-LGC-TANQUES > PR-ACT-TNQ-AC09,contenedor_por_ancestro_project,PR-ACT-TNQ-AC09,asociado_a_contenedor,SI,btz_description_05,escrito_en_slot_btz
PR-ACT-AGT-TK10,AGITADOR HORIZONTAL TK-10 | Grupo: PR-AGT TNQ AC10,156127,379981ba-ab79-4577-9004-ad3cc41f4fee-000261df,PR > PR-ACT-LGC-ACEITE > PR-ACT-LGC-TANQUES > PR-ACT-TNQ-AC10,contenedor_por_ancestro_project,PR-ACT-TNQ-AC10,asociado_a_contenedor,SI,btz_description_05,escrito_en_slot_btz
PR-ACT-BMB-ELC02,BOMBA A ENGRANAJE LECITINA Nº 2 <S/E> | Grupo: PR-ACT-BMB-ELC02,156127,379981ba-ab79-4577-9004-ad3cc41f4fee-000261df,PR > PR-ACT-LGC-ACEITE > PR-ACT-LGC-TANQUES > PR-ACT-TNQ-AC10,contenedor_por_ancestro_project,PR-ACT-TNQ-AC10,asociado_a_contenedor,SI,btz_description_06,escrito_en_slot_btz
PR-ACT-AGT-TK11,AGITADOR HORIZONTAL TK-11 | Grupo: PR-AGT TNQ AC11,156246,379981ba-ab79-4577-9004-ad3cc41f4fee-00026256,PR > PR-ACT-LGC-ACEITE > PR-ACT-LGC-TANQUES > PR-ACT-TNQ-AC11,contenedor_por_ancestro_project,PR-ACT-TNQ-AC11,asociado_a_contenedor,SI,btz_description_05,escrito_en_slot_btz
PR-ACT-AGT-TK12,AGITADOR HORIZONTAL TK-12 | Grupo: PR-AGT TNQ AC12,156228,379981ba-ab79-4577-9004-ad3cc41f4fee-00026244,PR > PR-ACT-LGC-ACEITE > PR-ACT-LGC-TANQUES > PR-ACT-TNQ-AC12,contenedor_por_ancestro_project,PR-ACT-TNQ-AC12,asociado_a_contenedor,SI,btz_description_05,escrito_en_slot_btz
PR-ACT-AGT-TK13,AGITADOR HORIZONTAL TK-13 | Grupo: PR-AGT TNQ AC13,368306,c1b86e07-db16-4679-93c3-323d244a69e5-00059eb2,PR > PR-ACT-LGC-ACEITE > PR-ACT-LGC-TANQUES > PR-ACT-TNQ-AC13,contenedor_por_ancestro_project,PR-ACT-TNQ-AC13,asociado_a_contenedor,SI,btz_description_05,escrito_en_slot_btz
PR-ADM-AIR-ANOR,AIRE ACONDICIONADO CENTRAL. NORTE | Grupo: PR-ADM-AIR-ANOR,369451,c1b86e07-db16-4679-93c3-323d244a69e5-0005a32b,PR > PR-ADM-LGC-AMINISTRACION > PR-ADM-LGC-GENERAL > PR-ADM-UPS-UPS2,contenedor_por_ancestro_project,PR-ADM-LGC-AMINISTRACION,asociado_a_contenedor,SI,btz_description_05,escrito_en_slot_btz
PR-ADM-AIR-ASUR,AIRE ACONDICIONADO CENTRAL. SUR | Grupo: PR-ADM-AIR-ASUR,369451,c1b86e07-db16-4679-93c3-323d244a69e5-0005a32b,PR > PR-ADM-LGC-AMINISTRACION > PR-ADM-LGC-GENERAL > PR-ADM-UPS-UPS2,contenedor_por_ancestro_project,PR-ADM-LGC-AMINISTRACION,asociado_a_contenedor,SI,btz_description_06,escrito_en_slot_btz
PR-ADM-BMB-EXPGO,BOMBA EXPENDIO GAS-OIL | Grupo: PR-ADM-BMB-EXPGO,369451,c1b86e07-db16-4679-93c3-323d244a69e5-0005a32b,PR > PR-ADM-LGC-AMINISTRACION > PR-ADM-LGC-GENERAL > PR-ADM-UPS-UPS2,contenedor_por_ancestro_project,PR-ADM-LGC-AMINISTRACION,asociado_a_contenedor,SI,btz_description_07,escrito_en_slot_btz
PR-ADM-BMB-GOIL,BOMBA CARGA/DESCARGA G-OIL | Grupo: PR-ADM-BMB-GOIL,369451,c1b86e07-db16-4679-93c3-323d244a69e5-0005a32b,PR > PR-ADM-LGC-AMINISTRACION > PR-ADM-LGC-GENERAL > PR-ADM-UPS-UPS2,contenedor_por_ancestro_project,PR-ADM-LGC-AMINISTRACION,asociado_a_contenedor,SI,btz_description_08,escrito_en_slot_btz
PR-ADM-GNR-GEC01,GRUPO ELECTROGENO FEMA 24KW | Grupo: PR-ADM-GNR-GEC01,369451,c1b86e07-db16-4679-93c3-323d244a69e5-0005a32b,PR > PR-ADM-LGC-AMINISTRACION > PR-ADM-LGC-GENERAL > PR-ADM-UPS-UPS2,contenedor_por_ancestro_project,PR-ADM-LGC-AMINISTRACION,asociado_a_contenedor,SI,btz_description_09,escrito_en_slot_btz
PR-ADM-GNR-JDC60,GRUPO ELECTRÓGENO JOHN-DEERE/CRAMACO 60KVA | Grupo: PR-GNR-JDC60,369451,c1b86e07-db16-4679-93c3-323d244a69e5-0005a32b,PR > PR-ADM-LGC-AMINISTRACION > PR-ADM-LGC-GENERAL > PR-ADM-UPS-UPS2,contenedor_por_ancestro_project,PR-ADM-LGC-AMINISTRACION,asociado_a_contenedor,SI,btz_description_10,escrito_en_slot_btz
PR-ADM-TKGO-MNG,MANGUERA DESCARGA GAS-OIL | Grupo: PR-ADM-TKGO-MNG,369451,c1b86e07-db16-4679-93c3-323d244a69e5-0005a32b,PR > PR-ADM-LGC-AMINISTRACION > PR-ADM-LGC-GENERAL > PR-ADM-UPS-UPS2,contenedor_por_ancestro_project,PR-ADM-LGC-AMINISTRACION,asociado_a_contenedor,SI,btz_description_11,escrito_en_slot_btz
PR-ADM-TNQ-GOIL,TANQUE ALMAC.Y EXPEND.GAS-OIL 1 | Grupo: PR-ADM-TNQ-GOIL,369451,c1b86e07-db16-4679-93c3-323d244a69e5-0005a32b,PR > PR-ADM-LGC-AMINISTRACION > PR-ADM-LGC-GENERAL > PR-ADM-UPS-UPS2,contenedor_por_ancestro_project,PR-ADM-LGC-AMINISTRACION,asociado_a_contenedor,SI,btz_description_12,escrito_en_slot_btz
PR-ADM-VHC-TYTAT,AUTOMOVIL TOYOTA COROLLA PATENTE AD531LB | Grupo: PR-ADM-VHC-TYTAT,369451,c1b86e07-db16-4679-93c3-323d244a69e5-0005a32b,PR > PR-ADM-LGC-AMINISTRACION > PR-ADM-LGC-GENERAL > PR-ADM-UPS-UPS2,contenedor_por_ancestro_project,PR-ADM-LGC-AMINISTRACION,asociado_a_contenedor,SI,btz_description_13,escrito_en_slot_btz
PR-ADM-VHC-TYTDC,CAMIONETA TOYOTA HILUX DOBLE CABINA PATENTE AC297UX | Grupo: PR-ADM-VHC-TYTDC,369451,c1b86e07-db16-4679-93c3-323d244a69e5-0005a32b,PR > PR-ADM-LGC-AMINISTRACION > PR-ADM-LGC-GENERAL > PR-ADM-UPS-UPS2,contenedor_por_ancestro_project,PR-ADM-LGC-AMINISTRACION,asociado_a_contenedor,SI,btz_description_14,escrito_en_slot_btz
PR-ADM-VHC-TYTSW4,CAMIONETA TOYOTA SW4 SRX (PATENTE AD052ZD) | Grupo: PR-ADM-VHC-TYTSW4,369451,c1b86e07-db16-4679-93c3-323d244a69e5-0005a32b,PR > PR-ADM-LGC-AMINISTRACION > PR-ADM-LGC-GENERAL > PR-ADM-UPS-UPS2,contenedor_por_ancestro_project,PR-ADM-LGC-AMINISTRACION,asociado_a_contenedor,SI,btz_description_15,escrito_en_slot_btz
PR-CCM-LGC-CCM,LOGICO CENTRO CONTROL DE MOTORES (CCM) | Grupo: PR-SECTOR,386796,95c1af94-5959-437c-80b8-8758c03bcc38-0005e6ec,PR > PR-PLYMP-LGC-PLAYA Y MP > PR-PLYMP-LGC-SILOS CELDA > sala de ccm,contenedor_por_scoring,,asociado_a_contenedor,SI,btz_description_05,escrito_en_slot_btz
PR-CCM-CCM-DSA1,CCM DESCASCARADORA DE ALGODÓN | Grupo: PR-CCM-CCM-DSA1,386796,95c1af94-5959-437c-80b8-8758c03bcc38-0005e6ec,PR > PR-PLYMP-LGC-PLAYA Y MP > PR-PLYMP-LGC-SILOS CELDA > sala de ccm,contenedor_por_scoring,,asociado_a_contenedor,SI,btz_description_06,escrito_en_slot_btz
PR-CCM-CCM-EFLTS,CCM TRATAMIENTO DE EFLUENTES | Grupo: PR-CCM-CCM-EFLUENTES,386796,95c1af94-5959-437c-80b8-8758c03bcc38-0005e6ec,PR > PR-PLYMP-LGC-PLAYA Y MP > PR-PLYMP-LGC-SILOS CELDA > sala de ccm,contenedor_por_scoring,,asociado_a_contenedor,SI,btz_description_07,escrito_en_slot_btz
PR-CCM-CCM-EXT1,CCM EXTRACCION 1 | Grupo: PR-CCM-CCM-EXT1,386796,95c1af94-5959-437c-80b8-8758c03bcc38-0005e6ec,PR > PR-PLYMP-LGC-PLAYA Y MP > PR-PLYMP-LGC-SILOS CELDA > sala de ccm,contenedor_por_scoring,,asociado_a_contenedor,SI,btz_description_08,escrito_en_slot_btz
PR-CCM-CCM-EXT2,CCM EXTRACCION 2 | Grupo: PR-CCM-CCM-EXT2,386796,95c1af94-5959-437c-80b8-8758c03bcc38-0005e6ec,PR > PR-PLYMP-LGC-PLAYA Y MP > PR-PLYMP-LGC-SILOS CELDA > sala de ccm,contenedor_por_scoring,,asociado_a_contenedor,SI,btz_description_09,escrito_en_slot_btz
PR-CCM-CCM-HRN1,CCM HARINA 1 | Grupo: PR-CCM-CCM-HRN1,386796,95c1af94-5959-437c-80b8-8758c03bcc38-0005e6ec,PR > PR-PLYMP-LGC-PLAYA Y MP > PR-PLYMP-LGC-SILOS CELDA > sala de ccm,contenedor_por_scoring,,asociado_a_contenedor,SI,btz_description_10,escrito_en_slot_btz
PR-CCM-CCM-LNT,CCM LINTER | Grupo: PR-CCM-CCM-LNT,386796,95c1af94-5959-437c-80b8-8758c03bcc38-0005e6ec,PR > PR-PLYMP-LGC-PLAYA Y MP > PR-PLYMP-LGC-SILOS CELDA > sala de ccm,contenedor_por_scoring,,asociado_a_contenedor,SI,btz_description_11,escrito_en_slot_btz
PR-CCM-CCM-PDA,CCM PLANTA DE AGUA | Grupo: PR-CCM-CCM-PLANTA DE AGUA,386796,95c1af94-5959-437c-80b8-8758c03bcc38-0005e6ec,PR > PR-PLYMP-LGC-PLAYA Y MP > PR-PLYMP-LGC-SILOS CELDA > sala de ccm,contenedor_por_scoring,,asociado_a_contenedor,SI,btz_description_12,escrito_en_slot_btz
PR-CCM-CCM-PLPZ1,CCM PRELIMPIEZA LINEA 1 | Grupo: PR-CCM-CCM-PLPZ1,386796,95c1af94-5959-437c-80b8-8758c03bcc38-0005e6ec,PR > PR-PLYMP-LGC-PLAYA Y MP > PR-PLYMP-LGC-SILOS CELDA > sala de ccm,contenedor_por_scoring,,asociado_a_contenedor,SI,btz_description_13,escrito_en_slot_btz
PR-CCM-CCM-PLPZ2,CCM PRELIMPIEZA LINEA 2 | Grupo: PR-CCM-CCM-PLPZ2,386796,95c1af94-5959-437c-80b8-8758c03bcc38-0005e6ec,PR > PR-PLYMP-LGC-PLAYA Y MP > PR-PLYMP-LGC-SILOS CELDA > sala de ccm,contenedor_por_scoring,,asociado_a_contenedor,SI,btz_description_14,escrito_en_slot_btz
PR-CCM-CCM-PRP1,CCM PREPARACION LINEA 1 | Grupo: PR-CCM-CCM-PRP1,386796,95c1af94-5959-437c-80b8-8758c03bcc38-0005e6ec,PR > PR-PLYMP-LGC-PLAYA Y MP > PR-PLYMP-LGC-SILOS CELDA > sala de ccm,contenedor_por_scoring,,asociado_a_contenedor,SI,btz_description_15,escrito_en_slot_btz
PR-CCM-CCM-PRP2,CCM PREPARACION LINEA 2 | Grupo: PR-CCM-CCM-PRP2,386796,95c1af94-5959-437c-80b8-8758c03bcc38-0005e6ec,PR > PR-PLYMP-LGC-PLAYA Y MP > PR-PLYMP-LGC-SILOS CELDA > sala de ccm,contenedor_por_scoring,,asociado_a_contenedor,SI,btz_description_16,escrito_en_slot_btz
PR-CCM-CCM-PRP3,CCM PREPARACION LINEA 3 | Grupo: PR-CCM-CCM-PRP3,386796,95c1af94-5959-437c-80b8-8758c03bcc38-0005e6ec,PR > PR-PLYMP-LGC-PLAYA Y MP > PR-PLYMP-LGC-SILOS CELDA > sala de ccm,contenedor_por_scoring,,asociado_a_contenedor,SI,btz_description_17,escrito_en_slot_btz
PR-CCM-CCM-RD,CCM RED DE INCENDIO | Grupo: PR-CCM-CCM-RD INCDO,386796,95c1af94-5959-437c-80b8-8758c03bcc38-0005e6ec,PR > PR-PLYMP-LGC-PLAYA Y MP > PR-PLYMP-LGC-SILOS CELDA > sala de ccm,contenedor_por_scoring,,asociado_a_contenedor,SI,btz_description_18,escrito_en_slot_btz
PR-CCM-CCM-SCCN,CCM SECCION 4 | Grupo: PR-CCM-CCM-SCCN 4,386796,95c1af94-5959-437c-80b8-8758c03bcc38-0005e6ec,PR > PR-PLYMP-LGC-PLAYA Y MP > PR-PLYMP-LGC-SILOS CELDA > sala de ccm,contenedor_por_scoring,,asociado_a_contenedor,SI,btz_description_19,escrito_en_slot_btz
PR-CCM-CCM-TRREXT2,CCM TORRES DE ENF. EXTRACCION 2 | Grupo: PR-CCM-CCM-TRREXT2,386796,95c1af94-5959-437c-80b8-8758c03bcc38-0005e6ec,PR > PR-PLYMP-LGC-PLAYA Y MP > PR-PLYMP-LGC-SILOS CELDA > sala de ccm,contenedor_por_scoring,,asociado_a_contenedor,SI,btz_description_20,escrito_en_slot_btz
PR-CCM-LGC-PLYMP,LOGICO CCM PLAYA Y MATERIA PRIMA | Grupo: PR-LOGICO,386796,95c1af94-5959-437c-80b8-8758c03bcc38-0005e6ec,PR > PR-PLYMP-LGC-PLAYA Y MP > PR-PLYMP-LGC-SILOS CELDA > sala de ccm,contenedor_por_scoring,,asociado_a_contenedor,SI,btz_description_21,escrito_en_slot_btz
PR-CCM-CCM-,CCM CELDA 16 | Grupo: PR-CCM-CCM- CELDA 16,386796,95c1af94-5959-437c-80b8-8758c03bcc38-0005e6ec,PR > PR-PLYMP-LGC-PLAYA Y MP > PR-PLYMP-LGC-SILOS CELDA > sala de ccm,contenedor_por_scoring,,asociado_a_contenedor,SI,btz_description_22,escrito_en_slot_btz
PR-CCM-CCM-BBS,CCM BOMBEO DE EFLUENTES | Grupo: PR-CCM-CCM-BBS EFLTS,386796,95c1af94-5959-437c-80b8-8758c03bcc38-0005e6ec,PR > PR-PLYMP-LGC-PLAYA Y MP > PR-PLYMP-LGC-SILOS CELDA > sala de ccm,contenedor_por_scoring,,asociado_a_contenedor,SI,btz_description_23,escrito_en_slot_btz
PR-CCM-CCM-SILO,"CCM SILO 1, 2 Y 3 | Grupo: PR-CCM-CCM-SILO 1 2 Y 3",386796,95c1af94-5959-437c-80b8-8758c03bcc38-0005e6ec,PR > PR-PLYMP-LGC-PLAYA Y MP > PR-PLYMP-LGC-SILOS CELDA > sala de ccm,contenedor_por_scoring,,asociado_a_contenedor,SI,btz_description_24,escrito_en_slot_btz
PR-CCM-CCM-SILOS,CCM SILOS CHIEF | Grupo: PR-CCM-CCM-SILOS CH,386796,95c1af94-5959-437c-80b8-8758c03bcc38-0005e6ec,PR > PR-PLYMP-LGC-PLAYA Y MP > PR-PLYMP-LGC-SILOS CELDA > sala de ccm,contenedor_por_scoring,,asociado_a_contenedor,SI,btz_description_25,escrito_en_slot_btz
PR-CCM-LGC-PLYSP,LOGICO CCM PLAYA Y SUBPRODUCTO | Grupo: PR-LOGICO,386796,95c1af94-5959-437c-80b8-8758c03bcc38-0005e6ec,PR > PR-PLYMP-LGC-PLAYA Y MP > PR-PLYMP-LGC-SILOS CELDA > sala de ccm,contenedor_por_scoring,,asociado_a_contenedor,SI,btz_description_26,escrito_en_slot_btz
PR-CCM-LGC-VAPOR1,LOGICO CCM VAPOR 1 | Grupo: PR-LOGICO,386796,95c1af94-5959-437c-80b8-8758c03bcc38-0005e6ec,PR > PR-PLYMP-LGC-PLAYA Y MP > PR-PLYMP-LGC-SILOS CELDA > sala de ccm,contenedor_por_scoring,,asociado_a_contenedor,SI,btz_description_27,escrito_en_slot_btz
PR-CCM-CCM-FLT1,CCM FILTRO ELECTROESTATICO | Grupo: PR-CCM-CCM-FLT1,386796,95c1af94-5959-437c-80b8-8758c03bcc38-0005e6ec,PR > PR-PLYMP-LGC-PLAYA Y MP > PR-PLYMP-LGC-SILOS CELDA > sala de ccm,contenedor_por_scoring,,asociado_a_contenedor,SI,btz_description_28,escrito_en_slot_btz
PR-CCM-CCM-VPR1,CCM VAPOR 1 | Grupo: PR-CCM-CCM-VPR1,386796,95c1af94-5959-437c-80b8-8758c03bcc38-0005e6ec,PR > PR-PLYMP-LGC-PLAYA Y MP > PR-PLYMP-LGC-SILOS CELDA > sala de ccm,contenedor_por_scoring,,asociado_a_contenedor,SI,btz_description_29,escrito_en_slot_btz
PR-ENR1-APM-APMST,APAREJO MANUAL SALA DE TURBINAS | Grupo: PR-ENR1-APM,383404,78d32039-a934-4204-a849-af0b99e119be-0005d9ac,PR > PR-ENR1-LGC-ENERGIA 1 > PR-ENR1-LGC-GENERAL,contenedor_por_scoring,,asociado_a_contenedor,SI,btz_description_04,escrito_en_slot_btz
PR-ENR1-EQP-ACTB,EQUIPO SECADO ACEITES DE TURBINAS | Grupo: PR-EQP SEC,383404,78d32039-a934-4204-a849-af0b99e119be-0005d9ac,PR > PR-ENR1-LGC-ENERGIA 1 > PR-ENR1-LGC-GENERAL,contenedor_por_scoring,,asociado_a_contenedor,SI,btz_description_05,escrito_en_slot_btz
PR-ENR1-PGR-PGST,PUENTE GRUA SALA DE TURBINAS | Grupo: PR-ENR1-PG,383404,78d32039-a934-4204-a849-af0b99e119be-0005d9ac,PR > PR-ENR1-LGC-ENERGIA 1 > PR-ENR1-LGC-GENERAL,contenedor_por_scoring,,asociado_a_contenedor,SI,btz_description_06,escrito_en_slot_btz
PR-ENR1-TRB-SMN,TURBINA SIEMENS | Grupo: PR-TRB SIEMENS,383404,78d32039-a934-4204-a849-af0b99e119be-0005d9ac,PR > PR-ENR1-LGC-ENERGIA 1 > PR-ENR1-LGC-GENERAL,contenedor_por_scoring,,asociado_a_contenedor,SI,btz_description_07,escrito_en_slot_btz
PR-ENR1-VLV-SECTS,VALVULA DE SEGURIDAD CONDENSADOR TURBINA SIEMENS | Grupo: PR-VLV SGR CND TS,383404,78d32039-a934-4204-a849-af0b99e119be-0005d9ac,PR > PR-ENR1-LGC-ENERGIA 1 > PR-ENR1-LGC-GENERAL,contenedor_por_scoring,,asociado_a_contenedor,SI,btz_description_08,escrito_en_slot_btz
PR-ENR1-DPS-ACT,DEPOSITO DE ACEITE | Grupo: PR-DPS ACT TS,383404,78d32039-a934-4204-a849-af0b99e119be-0005d9ac,PR > PR-ENR1-LGC-ENERGIA 1 > PR-ENR1-LGC-GENERAL,contenedor_por_scoring,,asociado_a_contenedor,SI,btz_description_09,escrito_en_slot_btz
PR-ENR1-ENF-ACT1,ENFRIADOR DE ACEITE 1 | Grupo: PR-ENF ACT 1 TS,383404,78d32039-a934-4204-a849-af0b99e119be-0005d9ac,PR > PR-ENR1-LGC-ENERGIA 1 > PR-ENR1-LGC-GENERAL,contenedor_por_scoring,,asociado_a_contenedor,SI,btz_description_10,escrito_en_slot_btz
PR-ENR1-ENF-ACT2,ENFRIADOR DE ACEITE 2 | Grupo: PR-ENF ACT 2 TS,383404,78d32039-a934-4204-a849-af0b99e119be-0005d9ac,PR > PR-ENR1-LGC-ENERGIA 1 > PR-ENR1-LGC-GENERAL,contenedor_por_scoring,,asociado_a_contenedor,SI,btz_description_11,escrito_en_slot_btz
PR-ENR1-ENF-GNT,ENFRIADOR AIRE GENERADOR | Grupo: PR-ENF GNR TS,383404,78d32039-a934-4204-a849-af0b99e119be-0005d9ac,PR > PR-ENR1-LGC-ENERGIA 1 > PR-ENR1-LGC-GENERAL,contenedor_por_scoring,,asociado_a_contenedor,SI,btz_description_12,escrito_en_slot_btz
PR-ENR1-EXI-GEN,EXCITATRIZ DEL GENERADOR | Grupo: PR-EXC GNR TS,383404,78d32039-a934-4204-a849-af0b99e119be-0005d9ac,PR > PR-ENR1-LGC-ENERGIA 1 > PR-ENR1-LGC-GENERAL,contenedor_por_scoring,,asociado_a_contenedor,SI,btz_description_13,escrito_en_slot_btz
PR-ENR1-EXI-PGEN,EXCITATRIZ PILOTO | Grupo: PR-EXC PLT TS,383404,78d32039-a934-4204-a849-af0b99e119be-0005d9ac,PR > PR-ENR1-LGC-ENERGIA 1 > PR-ENR1-LGC-GENERAL,contenedor_por_scoring,,asociado_a_contenedor,SI,btz_description_14,escrito_en_slot_btz
PR-ENR1-EXT-VHS,EXTRACTOR DE VAHOS | Grupo: PR-EXT VAHOS TS,383404,78d32039-a934-4204-a849-af0b99e119be-0005d9ac,PR > PR-ENR1-LGC-ENERGIA 1 > PR-ENR1-LGC-GENERAL,contenedor_por_scoring,,asociado_a_contenedor,SI,btz_description_15,escrito_en_slot_btz
PR-ENR1-FLT-ACT,FILTRO DE ACEITE TURBINA SIEMENS | Grupo: PR-FLT ACT TS,383404,78d32039-a934-4204-a849-af0b99e119be-0005d9ac,PR > PR-ENR1-LGC-ENERGIA 1 > PR-ENR1-LGC-GENERAL,contenedor_por_scoring,,asociado_a_contenedor,SI,btz_description_16,escrito_en_slot_btz
PR-ENR1-RDC-TUR,REDUCTOR TURBINA SIEMENS | Grupo: PR-RDC T.S,383404,78d32039-a934-4204-a849-af0b99e119be-0005d9ac,PR > PR-ENR1-LGC-ENERGIA 1 > PR-ENR1-LGC-GENERAL,contenedor_por_scoring,,asociado_a_contenedor,SI,btz_description_17,escrito_en_slot_btz
PR-ENR1-VLV-12/7,VALVULA REDUCTORA PRESION 12/7 | Grupo: PR-VLV RDC 12/7,383404,78d32039-a934-4204-a849-af0b99e119be-0005d9ac,PR > PR-ENR1-LGC-ENERGIA 1 > PR-ENR1-LGC-GENERAL,contenedor_por_scoring,,asociado_a_contenedor,SI,btz_description_18,escrito_en_slot_btz
PR-ENR1-VLV-33/12,VALVULA REDUCTORA PRESION 33/12 | Grupo: PR-VLV RDC 33/12,383404,78d32039-a934-4204-a849-af0b99e119be-0005d9ac,PR > PR-ENR1-LGC-ENERGIA 1 > PR-ENR1-LGC-GENERAL,contenedor_por_scoring,,asociado_a_contenedor,SI,btz_description_19,escrito_en_slot_btz
PR-ENR1-VLV-33/7,VALVULA REDUCTORA PRESION 33/7 | Grupo: PR-VLV RDC 33/7,383404,78d32039-a934-4204-a849-af0b99e119be-0005d9ac,PR > PR-ENR1-LGC-ENERGIA 1 > PR-ENR1-LGC-GENERAL,contenedor_por_scoring,,asociado_a_contenedor,SI,btz_description_20,escrito_en_slot_btz
PR-ENR1-VLV-BCPTS,VALVULA DE BLOQUEO CONTRAPRESION TURBINA SIEMENS | Grupo: PR-VLV BLQ BCPTS,383404,78d32039-a934-4204-a849-af0b99e119be-0005d9ac,PR > PR-ENR1-LGC-ENERGIA 1 > PR-ENR1-LGC-GENERAL,contenedor_por_scoring,,asociado_a_contenedor,SI,btz_description_21,escrito_en_slot_btz
PR-ENR1-VLV-BETS,VALVULA DE BLOQUEO EXTRACCION TURBINA SIEMENS | Grupo: PR-VLV BLQ BETS,383404,78d32039-a934-4204-a849-af0b99e119be-0005d9ac,PR > PR-ENR1-LGC-ENERGIA 1 > PR-ENR1-LGC-GENERAL,contenedor_por_scoring,,asociado_a_contenedor,SI,btz_description_22,escrito_en_slot_btz
PR-ENR1-VLV-BPFTS,VALVULA DE BLOQUEO PUNTO FIJO TURBINA SIEMENS | Grupo: PR-VLV BLQ BPFTS,383404,78d32039-a934-4204-a849-af0b99e119be-0005d9ac,PR > PR-ENR1-LGC-ENERGIA 1 > PR-ENR1-LGC-GENERAL,contenedor_por_scoring,,asociado_a_contenedor,SI,btz_description_23,escrito_en_slot_btz
PR-ENR1-VLV-SCPTS,VALVULA DE SEGURIDAD CONTRAPRESION V-7 | Grupo: PR-VLV SGR V-7,383404,78d32039-a934-4204-a849-af0b99e119be-0005d9ac,PR > PR-ENR1-LGC-ENERGIA 1 > PR-ENR1-LGC-GENERAL,contenedor_por_scoring,,asociado_a_contenedor,SI,btz_description_24,escrito_en_slot_btz
PR-ENR1-VLV-SEXTS,VALVULA DE SEGURIDAD EXTRACCION V-12 | Grupo: PR-VLV SGR V-12,383404,78d32039-a934-4204-a849-af0b99e119be-0005d9ac,PR > PR-ENR1-LGC-ENERGIA 1 > PR-ENR1-LGC-GENERAL,contenedor_por_scoring,,asociado_a_contenedor,SI,btz_description_25,escrito_en_slot_btz
PR-ENR1-VLV-VRV7,VALVULA VAPOR RV-7  <A COND.> | Grupo: PR-VLV VPR RV-7,383404,78d32039-a934-4204-a849-af0b99e119be-0005d9ac,PR > PR-ENR1-LGC-ENERGIA 1 > PR-ENR1-LGC-GENERAL,contenedor_por_scoring,,asociado_a_contenedor,SI,btz_description_26,escrito_en_slot_btz
PR-ENR2-CEL-MT6/6,"CELDA DE MEDIA TENSION 6,6 KV. | Grupo: PR-CEL M. TENSION 6/6",394401,a76015c2-c6f4-4057-9a15-5a3acb8b5871-000604a1,PR > PR-ENR2-LGC-ENERGIA 2 > PR-ENR2-LGC-GENERAL,contenedor_por_scoring,,asociado_a_contenedor,SI,btz_description_04,escrito_en_slot_btz
PR-ENR2-SBE-13,"SUBESTACION EPE 13,2 KV. SET 100 | Grupo: PR-SBE 13,2 KV",394401,a76015c2-c6f4-4057-9a15-5a3acb8b5871-000604a1,PR > PR-ENR2-LGC-ENERGIA 2 > PR-ENR2-LGC-GENERAL,contenedor_por_scoring,,asociado_a_contenedor,SI,btz_description_05,escrito_en_slot_btz
PR-ENR2-TRB-FTS,TURBINA FRANCO TOSI 5000 KW | Grupo: PR-TRB F. TOSI,394401,a76015c2-c6f4-4057-9a15-5a3acb8b5871-000604a1,PR > PR-ENR2-LGC-ENERGIA 2 > PR-ENR2-LGC-GENERAL,contenedor_por_scoring,,asociado_a_contenedor,SI,btz_description_06,escrito_en_slot_btz
PR-ENR2-ENF-AIR,ENFRIADORES AIRE GENERADOR | Grupo: PR-ENF AIR,394401,a76015c2-c6f4-4057-9a15-5a3acb8b5871-000604a1,PR > PR-ENR2-LGC-ENERGIA 2 > PR-ENR2-LGC-GENERAL,contenedor_por_scoring,,asociado_a_contenedor,SI,btz_description_07,escrito_en_slot_btz
PR-ENR2-ENF-APL,ENFRIADOR ACEITE A PLACA | Grupo: PR-ENF APL,394401,a76015c2-c6f4-4057-9a15-5a3acb8b5871-000604a1,PR > PR-ENR2-LGC-ENERGIA 2 > PR-ENR2-LGC-GENERAL,contenedor_por_scoring,,asociado_a_contenedor,SI,btz_description_08,escrito_en_slot_btz
PR-ENR2-EXI-GEN,EXCITATRIZ DEL GENERADOR | Grupo: PR-EXC GNR TFT,394401,a76015c2-c6f4-4057-9a15-5a3acb8b5871-000604a1,PR > PR-ENR2-LGC-ENERGIA 2 > PR-ENR2-LGC-GENERAL,contenedor_por_scoring,,asociado_a_contenedor,SI,btz_description_09,escrito_en_slot_btz
PR-ENR2-EYC-VAC,EYECTOR DE VACIO | Grupo: PR-EYC VAC,394401,a76015c2-c6f4-4057-9a15-5a3acb8b5871-000604a1,PR > PR-ENR2-LGC-ENERGIA 2 > PR-ENR2-LGC-GENERAL,contenedor_por_scoring,,asociado_a_contenedor,SI,btz_description_10,escrito_en_slot_btz
PR-ENR2-FLT-ACT,FILTRO DE ACEITE TURBINA FRANCO TOSI | Grupo: PR-FLT ACT TFT,394401,a76015c2-c6f4-4057-9a15-5a3acb8b5871-000604a1,PR > PR-ENR2-LGC-ENERGIA 2 > PR-ENR2-LGC-GENERAL,contenedor_por_scoring,,asociado_a_contenedor,SI,btz_description_11,escrito_en_slot_btz
PR-ENR2-VLV-SE21TFT,VALVULA DE SEGURIDAD EXT. 21 FRANCO TOSI | Grupo: PR-VLV SE21,394401,a76015c2-c6f4-4057-9a15-5a3acb8b5871-000604a1,PR > PR-ENR2-LGC-ENERGIA 2 > PR-ENR2-LGC-GENERAL,contenedor_por_scoring,,asociado_a_contenedor,SI,btz_description_12,escrito_en_slot_btz
PR-ENR2-VLV-SE3.5TFT,"VALVULA DE SEGURIDAD EXT. 3.5 FRANCO TOSI | Grupo: PR-VLV SE3,5",394401,a76015c2-c6f4-4057-9a15-5a3acb8b5871-000604a1,PR > PR-ENR2-LGC-ENERGIA 2 > PR-ENR2-LGC-GENERAL,contenedor_por_scoring,,asociado_a_contenedor,SI,btz_description_13,escrito_en_slot_btz
PR-ENR2-VLV-VBE3,"VALVULA DE BLOQUEO EXTRACCION 3,5KG/CM2 | Grupo: PR-VLV BLQ EX",394401,a76015c2-c6f4-4057-9a15-5a3acb8b5871-000604a1,PR > PR-ENR2-LGC-ENERGIA 2 > PR-ENR2-LGC-GENERAL,contenedor_por_scoring,,asociado_a_contenedor,SI,btz_description_14,escrito_en_slot_btz
PR-ENR2-VLV-VBPFTFT,VALVULA DE BLOQUEO PUNTO FIJO TURBINA FRANCO TOSI | Grupo: PR-VLV BLQ PF,394401,a76015c2-c6f4-4057-9a15-5a3acb8b5871-000604a1,PR > PR-ENR2-LGC-ENERGIA 2 > PR-ENR2-LGC-GENERAL,contenedor_por_scoring,,asociado_a_contenedor,SI,btz_description_15,escrito_en_slot_btz
PR-ENR2-VLV-VBSGTFT,VALVULA DE BLOQUEO SEPARADOR DE GOTAS | Grupo: PR-VLV BLQ SG,394401,a76015c2-c6f4-4057-9a15-5a3acb8b5871-000604a1,PR > PR-ENR2-LGC-ENERGIA 2 > PR-ENR2-LGC-GENERAL,contenedor_por_scoring,,asociado_a_contenedor,SI,btz_description_16,escrito_en_slot_btz
PR-ENR2-TRR-ENF3,TORRE ENFR.SULZER Nº 3 <ESTE> | Grupo: PR-TRR ENFR. 3,394401,a76015c2-c6f4-4057-9a15-5a3acb8b5871-000604a1,PR > PR-ENR2-LGC-ENERGIA 2 > PR-ENR2-LGC-GENERAL,contenedor_por_scoring,,asociado_a_contenedor,SI,btz_description_17,escrito_en_slot_btz
PR-ENR2-TRR-ENF4,TORRE ENFR.SULZER Nº 4 <OESTE> | Grupo: PR-TRR ENFR. 4,394401,a76015c2-c6f4-4057-9a15-5a3acb8b5871-000604a1,PR > PR-ENR2-LGC-ENERGIA 2 > PR-ENR2-LGC-GENERAL,contenedor_por_scoring,,asociado_a_contenedor,SI,btz_description_18,escrito_en_slot_btz
PR-EXP-CMR-CMRPI,CAMARA DE PREINGRESO | Grupo: PR-CMR EXP,262509,6537a3cc-b31c-4ab7-8606-8f606b5b0101-0004016d,PR > PR-EXP-LGC-EXPEDICION > PR-EXP-LGC-PREINGRESO > PR-EXP-CBN-CBNPI,contenedor_por_ancestro_project,PR-EXP-LGC-PREINGRESO,asociado_a_contenedor,SI,btz_description_05,escrito_en_slot_btz
PR-EXT1-CND-I19,CONDENSADOR I-19 | Grupo: PR-CND I19,414821,588948db-dff1-4d88-9ae5-3f6f08daf997-00065465,PR > PR-EXT1-LGC-EXTRACCION 1 > PR-EXT1-LGC-CONDENSADORES,contenedor_por_ancestro_project,PR-EXT1-LGC-CONDENSADORES,asociado_a_contenedor,SI,btz_description_04,escrito_en_slot_btz
PR-EXT1-BMB-P019,BOMBA CENTRIFUGA P-19 | Grupo: PR-EXT1-BMB-P019,414821,588948db-dff1-4d88-9ae5-3f6f08daf997-00065465,PR > PR-EXT1-LGC-EXTRACCION 1 > PR-EXT1-LGC-CONDENSADORES,contenedor_por_ancestro_project,PR-EXT1-LGC-CONDENSADORES,asociado_a_contenedor,SI,btz_description_05,escrito_en_slot_btz
PR-EXT1-EYC-I41/19,EYECTOR I-41/19 | Grupo: PR-EYC I-41,414821,588948db-dff1-4d88-9ae5-3f6f08daf997-00065465,PR > PR-EXT1-LGC-EXTRACCION 1 > PR-EXT1-LGC-CONDENSADORES,contenedor_por_ancestro_project,PR-EXT1-LGC-CONDENSADORES,asociado_a_contenedor,SI,btz_description_06,escrito_en_slot_btz
PR-EXT1-CND-I19B,CONDENSADOR I-19 B | Grupo: PR-CND I19-B,414821,588948db-dff1-4d88-9ae5-3f6f08daf997-00065465,PR > PR-EXT1-LGC-EXTRACCION 1 > PR-EXT1-LGC-CONDENSADORES,contenedor_por_ancestro_project,PR-EXT1-LGC-CONDENSADORES,asociado_a_contenedor,SI,btz_description_07,escrito_en_slot_btz
PR-EXT1-EYC-I41/19B,EYECTOR I-41/19 B | Grupo: PR-EYC I-41,414821,588948db-dff1-4d88-9ae5-3f6f08daf997-00065465,PR > PR-EXT1-LGC-EXTRACCION 1 > PR-EXT1-LGC-CONDENSADORES,contenedor_por_ancestro_project,PR-EXT1-LGC-CONDENSADORES,asociado_a_contenedor,SI,btz_description_08,escrito_en_slot_btz
PR-EXT1-CND-I20A,CONDENSADOR I-20A <MEZCLA> | Grupo: PR-CND I20-A,414821,588948db-dff1-4d88-9ae5-3f6f08daf997-00065465,PR > PR-EXT1-LGC-EXTRACCION 1 > PR-EXT1-LGC-CONDENSADORES,contenedor_por_ancestro_project,PR-EXT1-LGC-CONDENSADORES,asociado_a_contenedor,SI,btz_description_09,escrito_en_slot_btz
PR-EXT1-CND-I20B,CONDENSADOR I-20B | Grupo: PR-CND I20-B,414821,588948db-dff1-4d88-9ae5-3f6f08daf997-00065465,PR > PR-EXT1-LGC-EXTRACCION 1 > PR-EXT1-LGC-CONDENSADORES,contenedor_por_ancestro_project,PR-EXT1-LGC-CONDENSADORES,asociado_a_contenedor,SI,btz_description_10,escrito_en_slot_btz
PR-EXT1-CND-I20C,CONDENSADOR I-20C | Grupo: PR-CND I20-C,414821,588948db-dff1-4d88-9ae5-3f6f08daf997-00065465,PR > PR-EXT1-LGC-EXTRACCION 1 > PR-EXT1-LGC-CONDENSADORES,contenedor_por_ancestro_project,PR-EXT1-LGC-CONDENSADORES,asociado_a_contenedor,SI,btz_description_11,escrito_en_slot_btz
PR-EXT1-CND-I20D,CONDENSADOR I-20D | Grupo: PR-CND I20-D,414821,588948db-dff1-4d88-9ae5-3f6f08daf997-00065465,PR > PR-EXT1-LGC-EXTRACCION 1 > PR-EXT1-LGC-CONDENSADORES,contenedor_por_ancestro_project,PR-EXT1-LGC-CONDENSADORES,asociado_a_contenedor,SI,btz_description_12,escrito_en_slot_btz
PR-EXT1-ENF-I181A/B,ENFRIADOR A PLACA AC.ABS. I-181A/B | Grupo: PR-ENF I-181 A/B,372206,c1b86e07-db16-4679-93c3-323d244a69e5-0005adee,PR > PR-EXT1-LGC-EXTRACCION 1 > PR-EXT1-LGC-ENFRIADORES,contenedor_por_ancestro_project,PR-EXT1-LGC-ENFRIADORES,asociado_a_contenedor,SI,btz_description_04,escrito_en_slot_btz
PR-EXT1-ENF-I581,ENFRIADOR AC. TERMINADO I-581 | Grupo: PR-ENF I-581,372206,c1b86e07-db16-4679-93c3-323d244a69e5-0005adee,PR > PR-EXT1-LGC-EXTRACCION 1 > PR-EXT1-LGC-ENFRIADORES,contenedor_por_ancestro_project,PR-EXT1-LGC-ENFRIADORES,asociado_a_contenedor,SI,btz_description_05,escrito_en_slot_btz
PR-EXT1-ENF-I13,ENFRIADOR HORIZONTAL ITEM 13 | Grupo: PR-ENF I-13,380734,78d32039-a934-4204-a849-af0b99e119be-0005cf3e,PR > PR-EXT1-LGC-EXTRACCION 1 > PR-EXT1-LGC-GRANULADORES,contenedor_por_ancestro_project,PR-EXT1-LGC-GRANULADORES,asociado_a_contenedor,SI,btz_description_04,escrito_en_slot_btz
PR-EXT1-CCL-C01,CICLON C01 ITEM 13 | Grupo: PR-CCL EXT1,380734,78d32039-a934-4204-a849-af0b99e119be-0005cf3e,PR > PR-EXT1-LGC-EXTRACCION 1 > PR-EXT1-LGC-GRANULADORES,contenedor_por_ancestro_project,PR-EXT1-LGC-GRANULADORES,asociado_a_contenedor,SI,btz_description_05,escrito_en_slot_btz
PR-EXT1-VLV-VR01,VALVULA ROTATIVA Nº 1  <E.H.13> (O) | Grupo: PR-VLV I-13 EXT1,380734,78d32039-a934-4204-a849-af0b99e119be-0005cf3e,PR > PR-EXT1-LGC-EXTRACCION 1 > PR-EXT1-LGC-GRANULADORES,contenedor_por_ancestro_project,PR-EXT1-LGC-GRANULADORES,asociado_a_contenedor,SI,btz_description_06,escrito_en_slot_btz
PR-EXT1-VNT-EH01,VENTILADOR Nº 1 (O)  <E.H.13> | Grupo: PR-VNT I-13 EXT1,380734,78d32039-a934-4204-a849-af0b99e119be-0005cf3e,PR > PR-EXT1-LGC-EXTRACCION 1 > PR-EXT1-LGC-GRANULADORES,contenedor_por_ancestro_project,PR-EXT1-LGC-GRANULADORES,asociado_a_contenedor,SI,btz_description_07,escrito_en_slot_btz
PR-EXT1-CCL-C02,CICLON C02 ITEM 13 | Grupo: PR-CCL EXT1,380734,78d32039-a934-4204-a849-af0b99e119be-0005cf3e,PR > PR-EXT1-LGC-EXTRACCION 1 > PR-EXT1-LGC-GRANULADORES,contenedor_por_ancestro_project,PR-EXT1-LGC-GRANULADORES,asociado_a_contenedor,SI,btz_description_08,escrito_en_slot_btz
PR-EXT1-VLV-VR02,VALVULA ROTATIVA Nº 2   <E.H.13> | Grupo: PR-VLV I-13 EXT1,380734,78d32039-a934-4204-a849-af0b99e119be-0005cf3e,PR > PR-EXT1-LGC-EXTRACCION 1 > PR-EXT1-LGC-GRANULADORES,contenedor_por_ancestro_project,PR-EXT1-LGC-GRANULADORES,asociado_a_contenedor,SI,btz_description_09,escrito_en_slot_btz
PR-EXT1-VNT-EH02,VENTILADOR Nº 2       <E.H.13> | Grupo: PR-VNT I-13 EXT1,380734,78d32039-a934-4204-a849-af0b99e119be-0005cf3e,PR > PR-EXT1-LGC-EXTRACCION 1 > PR-EXT1-LGC-GRANULADORES,contenedor_por_ancestro_project,PR-EXT1-LGC-GRANULADORES,asociado_a_contenedor,SI,btz_description_10,escrito_en_slot_btz
PR-EXT1-CCL-C03,CICLON C03 ITEM 13 | Grupo: PR-CCL EXT1,380734,78d32039-a934-4204-a849-af0b99e119be-0005cf3e,PR > PR-EXT1-LGC-EXTRACCION 1 > PR-EXT1-LGC-GRANULADORES,contenedor_por_ancestro_project,PR-EXT1-LGC-GRANULADORES,asociado_a_contenedor,SI,btz_description_11,escrito_en_slot_btz
PR-EXT1-VLV-VR03,VALVULA ROTATIVA Nº 3   <E.H.13> | Grupo: PR-VLV I-13 EXT1,380734,78d32039-a934-4204-a849-af0b99e119be-0005cf3e,PR > PR-EXT1-LGC-EXTRACCION 1 > PR-EXT1-LGC-GRANULADORES,contenedor_por_ancestro_project,PR-EXT1-LGC-GRANULADORES,asociado_a_contenedor,SI,btz_description_12,escrito_en_slot_btz
PR-EXT1-VNT-EH03,VENTILADOR Nº 3        <E.H.13> | Grupo: PR-VNT I-13 EXT1,380734,78d32039-a934-4204-a849-af0b99e119be-0005cf3e,PR > PR-EXT1-LGC-EXTRACCION 1 > PR-EXT1-LGC-GRANULADORES,contenedor_por_ancestro_project,PR-EXT1-LGC-GRANULADORES,asociado_a_contenedor,SI,btz_description_13,escrito_en_slot_btz
PR-EXT1-CCL-C04,CICLON C04 ITEM 13 | Grupo: PR-CCL EXT1,380734,78d32039-a934-4204-a849-af0b99e119be-0005cf3e,PR > PR-EXT1-LGC-EXTRACCION 1 > PR-EXT1-LGC-GRANULADORES,contenedor_por_ancestro_project,PR-EXT1-LGC-GRANULADORES,asociado_a_contenedor,SI,btz_description_14,escrito_en_slot_btz
PR-EXT1-VLV-VR04,VALVULA ROTATIVA Nº 4  <E.H.13> | Grupo: PR-VLV I-13 EXT1,380734,78d32039-a934-4204-a849-af0b99e119be-0005cf3e,PR > PR-EXT1-LGC-EXTRACCION 1 > PR-EXT1-LGC-GRANULADORES,contenedor_por_ancestro_project,PR-EXT1-LGC-GRANULADORES,asociado_a_contenedor,SI,btz_description_15,escrito_en_slot_btz
PR-EXT1-VNT-EH04,VENTILADOR Nº 4        <E.H.13> | Grupo: PR-VNT I-13 EXT1,380734,78d32039-a934-4204-a849-af0b99e119be-0005cf3e,PR > PR-EXT1-LGC-EXTRACCION 1 > PR-EXT1-LGC-GRANULADORES,contenedor_por_ancestro_project,PR-EXT1-LGC-GRANULADORES,asociado_a_contenedor,SI,btz_description_16,escrito_en_slot_btz
PR-EXT1-CCL-C05,CICLON C05 ITEM 13 | Grupo: PR-CCL EXT1,380734,78d32039-a934-4204-a849-af0b99e119be-0005cf3e,PR > PR-EXT1-LGC-EXTRACCION 1 > PR-EXT1-LGC-GRANULADORES,contenedor_por_ancestro_project,PR-EXT1-LGC-GRANULADORES,asociado_a_contenedor,SI,btz_description_17,escrito_en_slot_btz
PR-EXT1-VLV-VR05,VALVULA ROTATIVA Nº 5  <E.H.13> | Grupo: PR-VLV I-13 EXT1,380734,78d32039-a934-4204-a849-af0b99e119be-0005cf3e,PR > PR-EXT1-LGC-EXTRACCION 1 > PR-EXT1-LGC-GRANULADORES,contenedor_por_ancestro_project,PR-EXT1-LGC-GRANULADORES,asociado_a_contenedor,SI,btz_description_18,escrito_en_slot_btz
PR-EXT1-VNT-EH05,VENTILADOR Nº 5        <E.H.13> | Grupo: PR-VNT I-13 EXT1,380734,78d32039-a934-4204-a849-af0b99e119be-0005cf3e,PR > PR-EXT1-LGC-EXTRACCION 1 > PR-EXT1-LGC-GRANULADORES,contenedor_por_ancestro_project,PR-EXT1-LGC-GRANULADORES,asociado_a_contenedor,SI,btz_description_19,escrito_en_slot_btz
PR-EXT1-CCL-C06,CICLON C06 ITEM 13 | Grupo: PR-CCL EXT1,380734,78d32039-a934-4204-a849-af0b99e119be-0005cf3e,PR > PR-EXT1-LGC-EXTRACCION 1 > PR-EXT1-LGC-GRANULADORES,contenedor_por_ancestro_project,PR-EXT1-LGC-GRANULADORES,asociado_a_contenedor,SI,btz_description_20,escrito_en_slot_btz
PR-EXT1-VLV-VR06,VALVULA ROTATITA Nº 6  <E.H.13> | Grupo: PR-VLV I-13 EXT1,380734,78d32039-a934-4204-a849-af0b99e119be-0005cf3e,PR > PR-EXT1-LGC-EXTRACCION 1 > PR-EXT1-LGC-GRANULADORES,contenedor_por_ancestro_project,PR-EXT1-LGC-GRANULADORES,asociado_a_contenedor,SI,btz_description_21,escrito_en_slot_btz
PR-EXT1-VNT-EH06,VENTILADOR Nº 6        <E.H.13> | Grupo: PR-VNT I-13 EXT1,380734,78d32039-a934-4204-a849-af0b99e119be-0005cf3e,PR > PR-EXT1-LGC-EXTRACCION 1 > PR-EXT1-LGC-GRANULADORES,contenedor_por_ancestro_project,PR-EXT1-LGC-GRANULADORES,asociado_a_contenedor,SI,btz_description_22,escrito_en_slot_btz
PR-EXT1-CCL-C07,CICLON C07 ITEM 13 | Grupo: PR-CCL EXT1,380734,78d32039-a934-4204-a849-af0b99e119be-0005cf3e,PR > PR-EXT1-LGC-EXTRACCION 1 > PR-EXT1-LGC-GRANULADORES,contenedor_por_ancestro_project,PR-EXT1-LGC-GRANULADORES,asociado_a_contenedor,SI,btz_description_23,escrito_en_slot_btz
PR-EXT1-VLV-VR07,VALVULA ROTATIVA Nº 7  <E.H.13> | Grupo: PR-VLV I-13 EXT1,380734,78d32039-a934-4204-a849-af0b99e119be-0005cf3e,PR > PR-EXT1-LGC-EXTRACCION 1 > PR-EXT1-LGC-GRANULADORES,contenedor_por_ancestro_project,PR-EXT1-LGC-GRANULADORES,asociado_a_contenedor,SI,btz_description_24,escrito_en_slot_btz
PR-EXT1-VNT-EH07,VENTILADOR Nº 7        <E.H.13> | Grupo: PR-VNT I-13 EXT1,380734,78d32039-a934-4204-a849-af0b99e119be-0005cf3e,PR > PR-EXT1-LGC-EXTRACCION 1 > PR-EXT1-LGC-GRANULADORES,contenedor_por_ancestro_project,PR-EXT1-LGC-GRANULADORES,asociado_a_contenedor,SI,btz_description_25,escrito_en_slot_btz
PR-EXT1-CCL-C08,CICLON C08 ITEM 13 | Grupo: PR-CCL EXT1,380734,78d32039-a934-4204-a849-af0b99e119be-0005cf3e,PR > PR-EXT1-LGC-EXTRACCION 1 > PR-EXT1-LGC-GRANULADORES,contenedor_por_ancestro_project,PR-EXT1-LGC-GRANULADORES,asociado_a_contenedor,SI,btz_description_26,escrito_en_slot_btz
PR-EXT1-VLV-VR08,VALVULA ROTATIVA Nº 8  <E.H.13> | Grupo: PR-VLV I-13 EXT1,380734,78d32039-a934-4204-a849-af0b99e119be-0005cf3e,PR > PR-EXT1-LGC-EXTRACCION 1 > PR-EXT1-LGC-GRANULADORES,contenedor_por_ancestro_project,PR-EXT1-LGC-GRANULADORES,asociado_a_contenedor,SI,btz_description_27,escrito_en_slot_btz
PR-EXT1-VNT-EH08,VENTILADOR Nº 8        <E.H.13> | Grupo: PR-VNT I-13 EXT1,380734,78d32039-a934-4204-a849-af0b99e119be-0005cf3e,PR > PR-EXT1-LGC-EXTRACCION 1 > PR-EXT1-LGC-GRANULADORES,contenedor_por_ancestro_project,PR-EXT1-LGC-GRANULADORES,asociado_a_contenedor,SI,btz_description_28,escrito_en_slot_btz
PR-EXT1-CCL-C09,CICLON C09 ITEM 13 | Grupo: PR-CCL EXT1,380734,78d32039-a934-4204-a849-af0b99e119be-0005cf3e,PR > PR-EXT1-LGC-EXTRACCION 1 > PR-EXT1-LGC-GRANULADORES,contenedor_por_ancestro_project,PR-EXT1-LGC-GRANULADORES,asociado_a_contenedor,SI,btz_description_29,escrito_en_slot_btz
PR-EXT1-VLV-VR09,VALVULA ROTATIVA Nº 9  <E.H.13> | Grupo: PR-VLV I-13 EXT1,380734,78d32039-a934-4204-a849-af0b99e119be-0005cf3e,PR > PR-EXT1-LGC-EXTRACCION 1 > PR-EXT1-LGC-GRANULADORES,contenedor_por_ancestro_project,PR-EXT1-LGC-GRANULADORES,asociado_a_contenedor,SI,btz_description_30,escrito_en_slot_btz
PR-EXT1-VNT-EH09,VENTILADOR Nº 9        <E.H.13> | Grupo: PR-VNT I-13 EXT1,380734,78d32039-a934-4204-a849-af0b99e119be-0005cf3e,PR > PR-EXT1-LGC-EXTRACCION 1 > PR-EXT1-LGC-GRANULADORES,contenedor_por_ancestro_project,PR-EXT1-LGC-GRANULADORES,asociado_a_contenedor,SI,btz_description_31,escrito_en_slot_btz
PR-EXT1-CCL-C10,CICLON C10 ITEM 13 | Grupo: PR-CCL EXT1,380734,78d32039-a934-4204-a849-af0b99e119be-0005cf3e,PR > PR-EXT1-LGC-EXTRACCION 1 > PR-EXT1-LGC-GRANULADORES,contenedor_por_ancestro_project,PR-EXT1-LGC-GRANULADORES,asociado_a_contenedor,SI,btz_description_32,escrito_en_slot_btz
PR-EXT1-VLV-VR10,VALVULA ROTATIVA Nº10  <E.H.13> | Grupo: PR-VLV I-13 EXT1,380734,78d32039-a934-4204-a849-af0b99e119be-0005cf3e,PR > PR-EXT1-LGC-EXTRACCION 1 > PR-EXT1-LGC-GRANULADORES,contenedor_por_ancestro_project,PR-EXT1-LGC-GRANULADORES,asociado_a_contenedor,SI,btz_description_33,escrito_en_slot_btz
PR-EXT1-VNT-EH10,VENTILADOR Nº10       <E.H. 13> | Grupo: PR-VNT I-13 EXT1,380734,78d32039-a934-4204-a849-af0b99e119be-0005cf3e,PR > PR-EXT1-LGC-EXTRACCION 1 > PR-EXT1-LGC-GRANULADORES,contenedor_por_ancestro_project,PR-EXT1-LGC-GRANULADORES,asociado_a_contenedor,SI,btz_description_34,escrito_en_slot_btz
PR-EXT1-CCL-C11,CICLON C11 ITEM 13 | Grupo: PR-CCL EXT1,380734,78d32039-a934-4204-a849-af0b99e119be-0005cf3e,PR > PR-EXT1-LGC-EXTRACCION 1 > PR-EXT1-LGC-GRANULADORES,contenedor_por_ancestro_project,PR-EXT1-LGC-GRANULADORES,asociado_a_contenedor,SI,btz_description_35,escrito_en_slot_btz
PR-EXT1-VLV-VR11,VALVULA ROTATIVA Nº11   <E.H.13> | Grupo: PR-VLV I-13 EXT1,380734,78d32039-a934-4204-a849-af0b99e119be-0005cf3e,PR > PR-EXT1-LGC-EXTRACCION 1 > PR-EXT1-LGC-GRANULADORES,contenedor_por_ancestro_project,PR-EXT1-LGC-GRANULADORES,asociado_a_contenedor,SI,btz_description_36,escrito_en_slot_btz
PR-EXT1-VNT-EH11,VENTILADOR Nº11       <E.H.13> | Grupo: PR-VNT I-13 EXT1,380734,78d32039-a934-4204-a849-af0b99e119be-0005cf3e,PR > PR-EXT1-LGC-EXTRACCION 1 > PR-EXT1-LGC-GRANULADORES,contenedor_por_ancestro_project,PR-EXT1-LGC-GRANULADORES,asociado_a_contenedor,SI,btz_description_37,escrito_en_slot_btz
PR-EXT1-CCL-C12,CICLON C12 ITEM 13 | Grupo: PR-CCL EXT1,380734,78d32039-a934-4204-a849-af0b99e119be-0005cf3e,PR > PR-EXT1-LGC-EXTRACCION 1 > PR-EXT1-LGC-GRANULADORES,contenedor_por_ancestro_project,PR-EXT1-LGC-GRANULADORES,asociado_a_contenedor,SI,btz_description_38,escrito_en_slot_btz
PR-EXT1-VLV-VR12,VALVULA ROTATIVA Nº12  <E.H.13> | Grupo: PR-VLV I-13 EXT1,380734,78d32039-a934-4204-a849-af0b99e119be-0005cf3e,PR > PR-EXT1-LGC-EXTRACCION 1 > PR-EXT1-LGC-GRANULADORES,contenedor_por_ancestro_project,PR-EXT1-LGC-GRANULADORES,asociado_a_contenedor,SI,btz_description_39,escrito_en_slot_btz
PR-EXT1-VNT-EH12,VENTILADOR Nº12       <E.H.13> | Grupo: PR-VNT I-13 EXT1,380734,78d32039-a934-4204-a849-af0b99e119be-0005cf3e,PR > PR-EXT1-LGC-EXTRACCION 1 > PR-EXT1-LGC-GRANULADORES,contenedor_por_ancestro_project,PR-EXT1-LGC-GRANULADORES,asociado_a_contenedor,SI,btz_description_40,escrito_en_slot_btz
PR-EXT1-CCL-C13,CICLON C13 ITEM 13 | Grupo: PR-CCL EXT1,380734,78d32039-a934-4204-a849-af0b99e119be-0005cf3e,PR > PR-EXT1-LGC-EXTRACCION 1 > PR-EXT1-LGC-GRANULADORES,contenedor_por_ancestro_project,PR-EXT1-LGC-GRANULADORES,asociado_a_contenedor,SI,btz_description_41,escrito_en_slot_btz
PR-EXT1-VLV-VR13,VALVULA ROTATIVA Nº13 <E.H.13> (E) | Grupo: PR-VLV I-13 EXT1,380734,78d32039-a934-4204-a849-af0b99e119be-0005cf3e,PR > PR-EXT1-LGC-EXTRACCION 1 > PR-EXT1-LGC-GRANULADORES,contenedor_por_ancestro_project,PR-EXT1-LGC-GRANULADORES,asociado_a_contenedor,SI,btz_description_42,escrito_en_slot_btz
PR-EXT1-VNT-EH13,VENTILADOR Nº13 (E)  <E.H.13> | Grupo: PR-VNT I-13 EXT1,380734,78d32039-a934-4204-a849-af0b99e119be-0005cf3e,PR > PR-EXT1-LGC-EXTRACCION 1 > PR-EXT1-LGC-GRANULADORES,contenedor_por_ancestro_project,PR-EXT1-LGC-GRANULADORES,asociado_a_contenedor,SI,btz_description_43,escrito_en_slot_btz
PR-EXT1-VLV-SOV-I13,VALVULA ON-OFF AHOGO ENFRIADOR ITEM 13 LINEA 1 | Grupo: PR-VLV VP I-13,380734,78d32039-a934-4204-a849-af0b99e119be-0005cf3e,PR > PR-EXT1-LGC-EXTRACCION 1 > PR-EXT1-LGC-GRANULADORES,contenedor_por_ancestro_project,PR-EXT1-LGC-GRANULADORES,asociado_a_contenedor,SI,btz_description_44,escrito_en_slot_btz
PR-EXT1-GRN-GA01,GRANULADOR ALLOCCO Nº 1 (N) | Grupo: PR-GRN,380734,78d32039-a934-4204-a849-af0b99e119be-0005cf3e,PR > PR-EXT1-LGC-EXTRACCION 1 > PR-EXT1-LGC-GRANULADORES,contenedor_por_ancestro_project,PR-EXT1-LGC-GRANULADORES,asociado_a_contenedor,SI,btz_description_45,escrito_en_slot_btz
PR-EXT1-ALM-AG01,ALIMENTADOR AG-1  <N> | Grupo: PR-ALM GRN,380734,78d32039-a934-4204-a849-af0b99e119be-0005cf3e,PR > PR-EXT1-LGC-EXTRACCION 1 > PR-EXT1-LGC-GRANULADORES,contenedor_por_ancestro_project,PR-EXT1-LGC-GRANULADORES,asociado_a_contenedor,SI,btz_description_46,escrito_en_slot_btz
PR-EXT1-GRN-GA02,GRANULADOR ALLOCCO Nº 2 | Grupo: PR-GRN,380734,78d32039-a934-4204-a849-af0b99e119be-0005cf3e,PR > PR-EXT1-LGC-EXTRACCION 1 > PR-EXT1-LGC-GRANULADORES,contenedor_por_ancestro_project,PR-EXT1-LGC-GRANULADORES,asociado_a_contenedor,SI,btz_description_47,escrito_en_slot_btz
PR-EXT1-ALM-AG02,ALIMENTADOR AG-2 | Grupo: PR-ALM GRN,380734,78d32039-a934-4204-a849-af0b99e119be-0005cf3e,PR > PR-EXT1-LGC-EXTRACCION 1 > PR-EXT1-LGC-GRANULADORES,contenedor_por_ancestro_project,PR-EXT1-LGC-GRANULADORES,asociado_a_contenedor,SI,btz_description_48,escrito_en_slot_btz
PR-EXT1-GRN-GA03,GRANULADOR ALLOCCO Nº 3 | Grupo: PR-GRN,380734,78d32039-a934-4204-a849-af0b99e119be-0005cf3e,PR > PR-EXT1-LGC-EXTRACCION 1 > PR-EXT1-LGC-GRANULADORES,contenedor_por_ancestro_project,PR-EXT1-LGC-GRANULADORES,asociado_a_contenedor,SI,btz_description_49,escrito_en_slot_btz
PR-EXT1-ALM-AG03,ALIMENTADOR AG-3 | Grupo: PR-ALM GRN,380734,78d32039-a934-4204-a849-af0b99e119be-0005cf3e,PR > PR-EXT1-LGC-EXTRACCION 1 > PR-EXT1-LGC-GRANULADORES,contenedor_por_ancestro_project,PR-EXT1-LGC-GRANULADORES,asociado_a_contenedor,SI,btz_description_50,escrito_en_slot_btz
PR-EXT1-GRN-GA04,GRANULADOR ALLOCCO Nº 4 | Grupo: PR-GRN,380734,78d32039-a934-4204-a849-af0b99e119be-0005cf3e,PR > PR-EXT1-LGC-EXTRACCION 1 > PR-EXT1-LGC-GRANULADORES,contenedor_por_ancestro_project,PR-EXT1-LGC-GRANULADORES,asociado_a_contenedor,SI,btz_description_51,escrito_en_slot_btz
PR-EXT1-ALM-AG04,ALIMENTADOR AG-4 | Grupo: PR-ALM GRN,380734,78d32039-a934-4204-a849-af0b99e119be-0005cf3e,PR > PR-EXT1-LGC-EXTRACCION 1 > PR-EXT1-LGC-GRANULADORES,contenedor_por_ancestro_project,PR-EXT1-LGC-GRANULADORES,asociado_a_contenedor,SI,btz_description_52,escrito_en_slot_btz
PR-EXT1-GRN-GA05,GRANULADOR ALLOCCO Nº 5 (S) | Grupo: PR-GRN,380734,78d32039-a934-4204-a849-af0b99e119be-0005cf3e,PR > PR-EXT1-LGC-EXTRACCION 1 > PR-EXT1-LGC-GRANULADORES,contenedor_por_ancestro_project,PR-EXT1-LGC-GRANULADORES,asociado_a_contenedor,SI,btz_description_53,escrito_en_slot_btz
PR-EXT1-ALM-AG05,ALIMENTADOR AG-5  <S> | Grupo: PR-ALM GRN,380734,78d32039-a934-4204-a849-af0b99e119be-0005cf3e,PR > PR-EXT1-LGC-EXTRACCION 1 > PR-EXT1-LGC-GRANULADORES,contenedor_por_ancestro_project,PR-EXT1-LGC-GRANULADORES,asociado_a_contenedor,SI,btz_description_54,escrito_en_slot_btz
PR-EXT1-TNQ-ACC,TANQUE ACEITE CRUDO | Grupo: PR-TNQ AC,414583,588948db-dff1-4d88-9ae5-3f6f08daf997-00065377,PR > PR-EXT1-LGC-EXTRACCION 1 > PR-EXT1-LGC-TANQUES,contenedor_por_ancestro_project,PR-EXT1-LGC-TANQUES,asociado_a_contenedor,SI,btz_description_04,escrito_en_slot_btz
PR-EXT1-BMB-ACCR1,BOMBA CENTRIFUGA P/ACEITE CRUDO 1 | Grupo: PR-EXT1-BMB-ACCR1,414583,588948db-dff1-4d88-9ae5-3f6f08daf997-00065377,PR > PR-EXT1-LGC-EXTRACCION 1 > PR-EXT1-LGC-TANQUES,contenedor_por_ancestro_project,PR-EXT1-LGC-TANQUES,asociado_a_contenedor,SI,btz_description_05,escrito_en_slot_btz
PR-EXT1-VLV-FCV-ACC,VALVULA MODULADORA DE ACEITE CRUDO A TANQUE MADURADOR | Grupo: PR-VLV ACC,414583,588948db-dff1-4d88-9ae5-3f6f08daf997-00065377,PR > PR-EXT1-LGC-EXTRACCION 1 > PR-EXT1-LGC-TANQUES,contenedor_por_ancestro_project,PR-EXT1-LGC-TANQUES,asociado_a_contenedor,SI,btz_description_06,escrito_en_slot_btz
PR-EXT1-TNQ-I17,TANQUE DECANTADOR MISCELA I-17 | Grupo: PR-TNQ I-17,414583,588948db-dff1-4d88-9ae5-3f6f08daf997-00065377,PR > PR-EXT1-LGC-EXTRACCION 1 > PR-EXT1-LGC-TANQUES,contenedor_por_ancestro_project,PR-EXT1-LGC-TANQUES,asociado_a_contenedor,SI,btz_description_07,escrito_en_slot_btz
PR-EXT1-BMB-P008A,BOMBA CENTRIFUGA P-8A <S> | Grupo: PR-EXT1-BMB-P008A,414583,588948db-dff1-4d88-9ae5-3f6f08daf997-00065377,PR > PR-EXT1-LGC-EXTRACCION 1 > PR-EXT1-LGC-TANQUES,contenedor_por_ancestro_project,PR-EXT1-LGC-TANQUES,asociado_a_contenedor,SI,btz_description_08,escrito_en_slot_btz
PR-EXT1-BMB-P008B,BOMBA CENTRIFUGA P-8B <N> | Grupo: PR-EXT1-BMB-P008B,414583,588948db-dff1-4d88-9ae5-3f6f08daf997-00065377,PR > PR-EXT1-LGC-EXTRACCION 1 > PR-EXT1-LGC-TANQUES,contenedor_por_ancestro_project,PR-EXT1-LGC-TANQUES,asociado_a_contenedor,SI,btz_description_09,escrito_en_slot_btz
PR-EXT1-BMB-P017,BOMBA CENTRIFUGA P-17 | Grupo: PR-EXT1-BMB-P017,414583,588948db-dff1-4d88-9ae5-3f6f08daf997-00065377,PR > PR-EXT1-LGC-EXTRACCION 1 > PR-EXT1-LGC-TANQUES,contenedor_por_ancestro_project,PR-EXT1-LGC-TANQUES,asociado_a_contenedor,SI,btz_description_10,escrito_en_slot_btz
PR-EXT1-VLV-FLCV-I17,VALVULA MODULADORA MISCELA A EVAPORADOR <DE IT17 A IT60> | Grupo: PR-VLV I-17,414583,588948db-dff1-4d88-9ae5-3f6f08daf997-00065377,PR > PR-EXT1-LGC-EXTRACCION 1 > PR-EXT1-LGC-TANQUES,contenedor_por_ancestro_project,PR-EXT1-LGC-TANQUES,asociado_a_contenedor,SI,btz_description_11,escrito_en_slot_btz
PR-EXT1-TNQ-I32A,TANQUE SEPARADOR AGUA-SOLVENTE I-32A | Grupo: PR-TNQ I-32,414583,588948db-dff1-4d88-9ae5-3f6f08daf997-00065377,PR > PR-EXT1-LGC-EXTRACCION 1 > PR-EXT1-LGC-TANQUES,contenedor_por_ancestro_project,PR-EXT1-LGC-TANQUES,asociado_a_contenedor,SI,btz_description_12,escrito_en_slot_btz
PR-EXT1-BMB-P001TS,BOMBA CENTRIFUGA P-1 TS | Grupo: PR-EXT1-BMB-P001TS,414583,588948db-dff1-4d88-9ae5-3f6f08daf997-00065377,PR > PR-EXT1-LGC-EXTRACCION 1 > PR-EXT1-LGC-TANQUES,contenedor_por_ancestro_project,PR-EXT1-LGC-TANQUES,asociado_a_contenedor,SI,btz_description_13,escrito_en_slot_btz
PR-EXT1-TNQ-I46,TANQUE COLUMNA RECUPERADOR CONDENSADO I-46 | Grupo: PR-TNQ I-46,414583,588948db-dff1-4d88-9ae5-3f6f08daf997-00065377,PR > PR-EXT1-LGC-EXTRACCION 1 > PR-EXT1-LGC-TANQUES,contenedor_por_ancestro_project,PR-EXT1-LGC-TANQUES,asociado_a_contenedor,SI,btz_description_14,escrito_en_slot_btz
PR-EXT1-VLV-SOV-I46,VALVULA DE SEGURIDAD TANQUE DE CONDENSADO ITEM 46 | Grupo: PR-VLV VP I-46,414583,588948db-dff1-4d88-9ae5-3f6f08daf997-00065377,PR > PR-EXT1-LGC-EXTRACCION 1 > PR-EXT1-LGC-TANQUES,contenedor_por_ancestro_project,PR-EXT1-LGC-TANQUES,asociado_a_contenedor,SI,btz_description_15,escrito_en_slot_btz
PR-EXT1-TNQ-I537,TANQUE PULMON ACEITE DESG. I-537 | Grupo: PR-TNQ I-537,414583,588948db-dff1-4d88-9ae5-3f6f08daf997-00065377,PR > PR-EXT1-LGC-EXTRACCION 1 > PR-EXT1-LGC-TANQUES,contenedor_por_ancestro_project,PR-EXT1-LGC-TANQUES,asociado_a_contenedor,SI,btz_description_16,escrito_en_slot_btz
PR-EXT1-TNQ-I582L,TANQUE DE BORRA I-582L | Grupo: PR-TNQ I-582L,414583,588948db-dff1-4d88-9ae5-3f6f08daf997-00065377,PR > PR-EXT1-LGC-EXTRACCION 1 > PR-EXT1-LGC-TANQUES,contenedor_por_ancestro_project,PR-EXT1-LGC-TANQUES,asociado_a_contenedor,SI,btz_description_17,escrito_en_slot_btz
PR-EXT1-BMB-P582L,BOMBA ENGRANAJE P-582 L  <SUR> | Grupo: PR-EXT1-BMB-P582L,414583,588948db-dff1-4d88-9ae5-3f6f08daf997-00065377,PR > PR-EXT1-LGC-EXTRACCION 1 > PR-EXT1-LGC-TANQUES,contenedor_por_ancestro_project,PR-EXT1-LGC-TANQUES,asociado_a_contenedor,SI,btz_description_18,escrito_en_slot_btz
PR-EXT1-BMB-P582L1,BOMBA ENGRANAJE P-582 L-1 <NORTE> | Grupo: PR-EXT1-BMB-P582L1,414583,588948db-dff1-4d88-9ae5-3f6f08daf997-00065377,PR > PR-EXT1-LGC-EXTRACCION 1 > PR-EXT1-LGC-TANQUES,contenedor_por_ancestro_project,PR-EXT1-LGC-TANQUES,asociado_a_contenedor,SI,btz_description_19,escrito_en_slot_btz
PR-EXT1-VLV-LCV-I582,VALVULA MODULADORA SALIDA DESGOMADO <DE IT582 A IT521> | Grupo: PR-VLV I-582,414583,588948db-dff1-4d88-9ae5-3f6f08daf997-00065377,PR > PR-EXT1-LGC-EXTRACCION 1 > PR-EXT1-LGC-TANQUES,contenedor_por_ancestro_project,PR-EXT1-LGC-TANQUES,asociado_a_contenedor,SI,btz_description_20,escrito_en_slot_btz
PR-EXT1-TNQ-I63A,TANQUE DEPOSITO SOLVENTE I-63A <SUR> | Grupo: PR-TNQ I-63,414583,588948db-dff1-4d88-9ae5-3f6f08daf997-00065377,PR > PR-EXT1-LGC-EXTRACCION 1 > PR-EXT1-LGC-TANQUES,contenedor_por_ancestro_project,PR-EXT1-LGC-TANQUES,asociado_a_contenedor,SI,btz_description_21,escrito_en_slot_btz
PR-EXT1-BMB-P063,BOMBA CENTRIFUGA P-63  <N> | Grupo: PR-EXT1-BMB-P063,414583,588948db-dff1-4d88-9ae5-3f6f08daf997-00065377,PR > PR-EXT1-LGC-EXTRACCION 1 > PR-EXT1-LGC-TANQUES,contenedor_por_ancestro_project,PR-EXT1-LGC-TANQUES,asociado_a_contenedor,SI,btz_description_22,escrito_en_slot_btz
PR-EXT1-BMB-P063/1,BOMBA CENTRIFUGA P-63/1 <S> | Grupo: PR-EXT1-BMB-P063/1,414583,588948db-dff1-4d88-9ae5-3f6f08daf997-00065377,PR > PR-EXT1-LGC-EXTRACCION 1 > PR-EXT1-LGC-TANQUES,contenedor_por_ancestro_project,PR-EXT1-LGC-TANQUES,asociado_a_contenedor,SI,btz_description_23,escrito_en_slot_btz
PR-EXT1-TNQ-I63B/C,TANQUE DEPOSITO MISCELA I-63B/C <NORTE> | Grupo: PR-TNQ I-63,414583,588948db-dff1-4d88-9ae5-3f6f08daf997-00065377,PR > PR-EXT1-LGC-EXTRACCION 1 > PR-EXT1-LGC-TANQUES,contenedor_por_ancestro_project,PR-EXT1-LGC-TANQUES,asociado_a_contenedor,SI,btz_description_24,escrito_en_slot_btz
PR-EXT1-TNQ-IPTS1,TANQUE DECANTADOR PTS-1 | Grupo: PR-TNQ IPTS-1,414583,588948db-dff1-4d88-9ae5-3f6f08daf997-00065377,PR > PR-EXT1-LGC-EXTRACCION 1 > PR-EXT1-LGC-TANQUES,contenedor_por_ancestro_project,PR-EXT1-LGC-TANQUES,asociado_a_contenedor,SI,btz_description_25,escrito_en_slot_btz
PR-EXT1-TNQ-LCT,TANQUE DE LECITINA | Grupo: PR-TNQ LCT,414583,588948db-dff1-4d88-9ae5-3f6f08daf997-00065377,PR > PR-EXT1-LGC-EXTRACCION 1 > PR-EXT1-LGC-TANQUES,contenedor_por_ancestro_project,PR-EXT1-LGC-TANQUES,asociado_a_contenedor,SI,btz_description_26,escrito_en_slot_btz
PR-EXT1-AGT-TK,AGITADOR TK LECITINA NORTE | Grupo: PR-AGT-TNQ LCT,414583,588948db-dff1-4d88-9ae5-3f6f08daf997-00065377,PR > PR-EXT1-LGC-EXTRACCION 1 > PR-EXT1-LGC-TANQUES,contenedor_por_ancestro_project,PR-EXT1-LGC-TANQUES,asociado_a_contenedor,SI,btz_description_27,escrito_en_slot_btz
PR-EXT1-TNQ-MAD,TANQUE MADURADOR | Grupo: PR-TNQ MAD,414583,588948db-dff1-4d88-9ae5-3f6f08daf997-00065377,PR > PR-EXT1-LGC-EXTRACCION 1 > PR-EXT1-LGC-TANQUES,contenedor_por_ancestro_project,PR-EXT1-LGC-TANQUES,asociado_a_contenedor,SI,btz_description_28,escrito_en_slot_btz
PR-EXT1-VLV-FCV-AHD,VALVULA MODULADORA DE AGUA DE HIDRATACION AL TANQUE MADURADOR | Grupo: PR-VLV AHD,414583,588948db-dff1-4d88-9ae5-3f6f08daf997-00065377,PR > PR-EXT1-LGC-EXTRACCION 1 > PR-EXT1-LGC-TANQUES,contenedor_por_ancestro_project,PR-EXT1-LGC-TANQUES,asociado_a_contenedor,SI,btz_description_29,escrito_en_slot_btz
PR-EXT1-TNQ-RVDT201,TANQUE REVAPORIZADOR DT201 | Grupo: PR-TNQ REV DT201,414583,588948db-dff1-4d88-9ae5-3f6f08daf997-00065377,PR > PR-EXT1-LGC-EXTRACCION 1 > PR-EXT1-LGC-TANQUES,contenedor_por_ancestro_project,PR-EXT1-LGC-TANQUES,asociado_a_contenedor,SI,btz_description_30,escrito_en_slot_btz
PR-EXT1-TNQ-SH01,TANQUE SOLVENTE HEXANO 1 (SUR) | Grupo: PR-TNQ SOL,414583,588948db-dff1-4d88-9ae5-3f6f08daf997-00065377,PR > PR-EXT1-LGC-EXTRACCION 1 > PR-EXT1-LGC-TANQUES,contenedor_por_ancestro_project,PR-EXT1-LGC-TANQUES,asociado_a_contenedor,SI,btz_description_31,escrito_en_slot_btz
PR-EXT1-VNT-I136,VENTILADOR TORRE ABSORCION I-136 | Grupo: PR-VNT I-136,377236,f26b48f9-0279-47cf-b5b3-6772136bf76f-0005c194,PR > PR-EXT1-LGC-EXTRACCION 1 > PR-EXT1-LGC-TORRE ENFRIAMIENTO SULZER Nº 1 > PR-EXT1-VNT-TE01,contenedor_por_scoring,,asociado_a_contenedor,SI,btz_description_05,escrito_en_slot_btz
PR-EXT2-ENF-I13,ENFRIADOR HORIZONTAL ITEM 13 | Grupo: PR-ENF I13 EXT2,394169,a76015c2-c6f4-4057-9a15-5a3acb8b5871-000603b9,PR > PR-EXT2-LGC-EXTRACCION 2 > PR-EXT2-LGC-ENFRIADORES,contenedor_por_scoring,,asociado_a_contenedor,SI,btz_description_04,escrito_en_slot_btz
PR-EXT2-CND-I19A,CONDENSADOR Nº 19 A | Grupo: PR-CND I19A,415140,588948db-dff1-4d88-9ae5-3f6f08daf997-000655a4,PR > PR-EXT2-LGC-EXTRACCION 2 > PR-EXT2-LGC-CONDENSADORES > PR-EXT2-CND-I20C,contenedor_por_ancestro_project,PR-EXT2-LGC-CONDENSADORES,asociado_a_contenedor,SI,btz_description_05,escrito_en_slot_btz
PR-EXT2-BMB-P019,BOMBA CENTRIFUGA P-19 RECUPERACION | Grupo: PR-EXT2-BMB-P019,415140,588948db-dff1-4d88-9ae5-3f6f08daf997-000655a4,PR > PR-EXT2-LGC-EXTRACCION 2 > PR-EXT2-LGC-CONDENSADORES > PR-EXT2-CND-I20C,contenedor_por_ancestro_project,PR-EXT2-LGC-CONDENSADORES,asociado_a_contenedor,SI,btz_description_06,escrito_en_slot_btz
PR-EXT2-EYC-I41/19,EYECTOR I-41/19 | Grupo: PR-EYC I-41,415140,588948db-dff1-4d88-9ae5-3f6f08daf997-000655a4,PR > PR-EXT2-LGC-EXTRACCION 2 > PR-EXT2-LGC-CONDENSADORES > PR-EXT2-CND-I20C,contenedor_por_ancestro_project,PR-EXT2-LGC-CONDENSADORES,asociado_a_contenedor,SI,btz_description_07,escrito_en_slot_btz
PR-EXT2-CND-I19B,CONDENSADOR Nº 19 B | Grupo: PR-CND I19B,415140,588948db-dff1-4d88-9ae5-3f6f08daf997-000655a4,PR > PR-EXT2-LGC-EXTRACCION 2 > PR-EXT2-LGC-CONDENSADORES > PR-EXT2-CND-I20C,contenedor_por_ancestro_project,PR-EXT2-LGC-CONDENSADORES,asociado_a_contenedor,SI,btz_description_08,escrito_en_slot_btz
PR-EXT2-EYC-I41/19B,EYECTOR I-41/19 B | Grupo: PR-EYC I-41,415140,588948db-dff1-4d88-9ae5-3f6f08daf997-000655a4,PR > PR-EXT2-LGC-EXTRACCION 2 > PR-EXT2-LGC-CONDENSADORES > PR-EXT2-CND-I20C,contenedor_por_ancestro_project,PR-EXT2-LGC-CONDENSADORES,asociado_a_contenedor,SI,btz_description_09,escrito_en_slot_btz
PR-EXT2-CND-I20A,CONDENSADOR Nº 20 A <MEZCLA> | Grupo: PR-CND I20A,415140,588948db-dff1-4d88-9ae5-3f6f08daf997-000655a4,PR > PR-EXT2-LGC-EXTRACCION 2 > PR-EXT2-LGC-CONDENSADORES > PR-EXT2-CND-I20C,contenedor_por_ancestro_project,PR-EXT2-LGC-CONDENSADORES,asociado_a_contenedor,SI,btz_description_10,escrito_en_slot_btz
PR-EXT2-BMB-P020A,BOMBA CENTRIFUGA P-20A | Grupo: PR-EXT2-BMB-P020A,415140,588948db-dff1-4d88-9ae5-3f6f08daf997-000655a4,PR > PR-EXT2-LGC-EXTRACCION 2 > PR-EXT2-LGC-CONDENSADORES > PR-EXT2-CND-I20C,contenedor_por_ancestro_project,PR-EXT2-LGC-CONDENSADORES,asociado_a_contenedor,SI,btz_description_11,escrito_en_slot_btz
PR-EXT2-CND-I20B,CONDENSADOR Nº 20 B | Grupo: PR-CND I20B,415140,588948db-dff1-4d88-9ae5-3f6f08daf997-000655a4,PR > PR-EXT2-LGC-EXTRACCION 2 > PR-EXT2-LGC-CONDENSADORES > PR-EXT2-CND-I20C,contenedor_por_ancestro_project,PR-EXT2-LGC-CONDENSADORES,asociado_a_contenedor,SI,btz_description_12,escrito_en_slot_btz
PR-EXT2-ENF-FMAC,ENFRIADOR ACEITE CRUDO (FM) | Grupo: PR-ENF FMAC,394169,a76015c2-c6f4-4057-9a15-5a3acb8b5871-000603b9,PR > PR-EXT2-LGC-EXTRACCION 2 > PR-EXT2-LGC-ENFRIADORES,contenedor_por_ancestro_project,PR-EXT2-LGC-ENFRIADORES,asociado_a_contenedor,SI,btz_description_05,escrito_en_slot_btz
PR-EXT2-ENF-I181B,ENFRIADOR A PLACA AC. ABSOR. I-181B | Grupo: PR-ENF I-181B,394169,a76015c2-c6f4-4057-9a15-5a3acb8b5871-000603b9,PR > PR-EXT2-LGC-EXTRACCION 2 > PR-EXT2-LGC-ENFRIADORES,contenedor_por_ancestro_project,PR-EXT2-LGC-ENFRIADORES,asociado_a_contenedor,SI,btz_description_06,escrito_en_slot_btz
PR-EXT2-ENF-I581,ENFRIADOR AC. TERMINADO I-581 | Grupo: PR-ENF I-581,394169,a76015c2-c6f4-4057-9a15-5a3acb8b5871-000603b9,PR > PR-EXT2-LGC-EXTRACCION 2 > PR-EXT2-LGC-ENFRIADORES,contenedor_por_ancestro_project,PR-EXT2-LGC-ENFRIADORES,asociado_a_contenedor,SI,btz_description_07,escrito_en_slot_btz
PR-EXT2-GRN-GA01,GRANULADOR ALLOCCO AC-500 Nº 1 (N) | Grupo: PR-GRN,414296,588948db-dff1-4d88-9ae5-3f6f08daf997-00065258,PR > PR-EXT2-LGC-EXTRACCION 2 > PR-EXT2-LGC-GRANULADORES,contenedor_por_ancestro_project,PR-EXT2-LGC-GRANULADORES,asociado_a_contenedor,SI,btz_description_04,escrito_en_slot_btz
PR-EXT2-ALM-AG01,ALIMENTADOR AG-1 | Grupo: PR-ALM GRN,414296,588948db-dff1-4d88-9ae5-3f6f08daf997-00065258,PR > PR-EXT2-LGC-EXTRACCION 2 > PR-EXT2-LGC-GRANULADORES,contenedor_por_ancestro_project,PR-EXT2-LGC-GRANULADORES,asociado_a_contenedor,SI,btz_description_05,escrito_en_slot_btz
PR-EXT2-GRN-GA02,GRANULADOR ALLOCCO AC-500 Nº 2 | Grupo: PR-GRN,414296,588948db-dff1-4d88-9ae5-3f6f08daf997-00065258,PR > PR-EXT2-LGC-EXTRACCION 2 > PR-EXT2-LGC-GRANULADORES,contenedor_por_ancestro_project,PR-EXT2-LGC-GRANULADORES,asociado_a_contenedor,SI,btz_description_06,escrito_en_slot_btz
PR-EXT2-ALM-AG02,ALIMENTADOR AG-2 | Grupo: PR-ALM GRN,414296,588948db-dff1-4d88-9ae5-3f6f08daf997-00065258,PR > PR-EXT2-LGC-EXTRACCION 2 > PR-EXT2-LGC-GRANULADORES,contenedor_por_ancestro_project,PR-EXT2-LGC-GRANULADORES,asociado_a_contenedor,SI,btz_description_07,escrito_en_slot_btz
PR-EXT2-GRN-GA03,GRANULADOR ALLOCCO AC-500 Nº 3 | Grupo: PR-GRN,414296,588948db-dff1-4d88-9ae5-3f6f08daf997-00065258,PR > PR-EXT2-LGC-EXTRACCION 2 > PR-EXT2-LGC-GRANULADORES,contenedor_por_ancestro_project,PR-EXT2-LGC-GRANULADORES,asociado_a_contenedor,SI,btz_description_08,escrito_en_slot_btz
PR-EXT2-ALM-AG03,ALIMENTADOR AG-3 | Grupo: PR-ALM GRN,414296,588948db-dff1-4d88-9ae5-3f6f08daf997-00065258,PR > PR-EXT2-LGC-EXTRACCION 2 > PR-EXT2-LGC-GRANULADORES,contenedor_por_ancestro_project,PR-EXT2-LGC-GRANULADORES,asociado_a_contenedor,SI,btz_description_09,escrito_en_slot_btz
PR-EXT2-GRN-GA04,GRANULADOR ALLOCCO AC-500 Nº 4 | Grupo: PR-GRN,414296,588948db-dff1-4d88-9ae5-3f6f08daf997-00065258,PR > PR-EXT2-LGC-EXTRACCION 2 > PR-EXT2-LGC-GRANULADORES,contenedor_por_ancestro_project,PR-EXT2-LGC-GRANULADORES,asociado_a_contenedor,SI,btz_description_10,escrito_en_slot_btz
PR-EXT2-ALM-AG04,ALIMENTADOR AG-4 | Grupo: PR-ALM GRN,414296,588948db-dff1-4d88-9ae5-3f6f08daf997-00065258,PR > PR-EXT2-LGC-EXTRACCION 2 > PR-EXT2-LGC-GRANULADORES,contenedor_por_ancestro_project,PR-EXT2-LGC-GRANULADORES,asociado_a_contenedor,SI,btz_description_11,escrito_en_slot_btz
PR-EXT2-GRN-GA05,GRANULADOR ALLOCCO AC-500 Nº 5 (S) | Grupo: PR-GRN,414296,588948db-dff1-4d88-9ae5-3f6f08daf997-00065258,PR > PR-EXT2-LGC-EXTRACCION 2 > PR-EXT2-LGC-GRANULADORES,contenedor_por_ancestro_project,PR-EXT2-LGC-GRANULADORES,asociado_a_contenedor,SI,btz_description_12,escrito_en_slot_btz
PR-EXT2-ALM-AG05,ALIMENTADOR AG-5 | Grupo: PR-ALM GRN,414296,588948db-dff1-4d88-9ae5-3f6f08daf997-00065258,PR > PR-EXT2-LGC-EXTRACCION 2 > PR-EXT2-LGC-GRANULADORES,contenedor_por_ancestro_project,PR-EXT2-LGC-GRANULADORES,asociado_a_contenedor,SI,btz_description_13,escrito_en_slot_btz
PR-EXT2-TNQ-FM01,TANQUE MEZCLA Nº 1  <N> (FM) | Grupo: PR-TNQ MZC,415133,588948db-dff1-4d88-9ae5-3f6f08daf997-0006559d,PR > PR-EXT2-LGC-EXTRACCION 2 > PR-EXT2-LGC-TANQUES > PR-EXT2-TNQ-SH02,contenedor_por_ancestro_project,PR-EXT2-LGC-TANQUES,asociado_a_contenedor,SI,btz_description_05,escrito_en_slot_btz
PR-EXT2-AGT-TK01FM,AGITADOR TK MEZCLA 1 <N> (FM) | Grupo: PR-AGT TNQ,415133,588948db-dff1-4d88-9ae5-3f6f08daf997-0006559d,PR > PR-EXT2-LGC-EXTRACCION 2 > PR-EXT2-LGC-TANQUES > PR-EXT2-TNQ-SH02,contenedor_por_ancestro_project,PR-EXT2-LGC-TANQUES,asociado_a_contenedor,SI,btz_description_06,escrito_en_slot_btz
PR-EXT2-BMB-CFM06,BOMBA CENTRIFUGA Nº 6  <N> (FM) | Grupo: PR-EXT2-BMB-CFM06,415133,588948db-dff1-4d88-9ae5-3f6f08daf997-0006559d,PR > PR-EXT2-LGC-EXTRACCION 2 > PR-EXT2-LGC-TANQUES > PR-EXT2-TNQ-SH02,contenedor_por_ancestro_project,PR-EXT2-LGC-TANQUES,asociado_a_contenedor,SI,btz_description_07,escrito_en_slot_btz
PR-EXT2-BMB-CFM08,BOMBA CENTRIFUGA Nº 8  (FM) | Grupo: PR-EXT2-BMB-CFM08,415133,588948db-dff1-4d88-9ae5-3f6f08daf997-0006559d,PR > PR-EXT2-LGC-EXTRACCION 2 > PR-EXT2-LGC-TANQUES > PR-EXT2-TNQ-SH02,contenedor_por_ancestro_project,PR-EXT2-LGC-TANQUES,asociado_a_contenedor,SI,btz_description_08,escrito_en_slot_btz
PR-EXT2-BMB-CFM14,BOMBA CENTRIFUGA Nº 14  (FM) | Grupo: PR-EXT2-BMB-CFM14,415133,588948db-dff1-4d88-9ae5-3f6f08daf997-0006559d,PR > PR-EXT2-LGC-EXTRACCION 2 > PR-EXT2-LGC-TANQUES > PR-EXT2-TNQ-SH02,contenedor_por_ancestro_project,PR-EXT2-LGC-TANQUES,asociado_a_contenedor,SI,btz_description_09,escrito_en_slot_btz
PR-EXT2-TNQ-FM02,TANQUE MEZCLA Nº 2  <S> (FM) | Grupo: PR-TNQ MZC,415133,588948db-dff1-4d88-9ae5-3f6f08daf997-0006559d,PR > PR-EXT2-LGC-EXTRACCION 2 > PR-EXT2-LGC-TANQUES > PR-EXT2-TNQ-SH02,contenedor_por_ancestro_project,PR-EXT2-LGC-TANQUES,asociado_a_contenedor,SI,btz_description_10,escrito_en_slot_btz
PR-EXT2-AGT-TK02FM,AGITADOR TK MEZCLA 2 <S> (FM) | Grupo: PR-AGT TNQ MZC,415133,588948db-dff1-4d88-9ae5-3f6f08daf997-0006559d,PR > PR-EXT2-LGC-EXTRACCION 2 > PR-EXT2-LGC-TANQUES > PR-EXT2-TNQ-SH02,contenedor_por_ancestro_project,PR-EXT2-LGC-TANQUES,asociado_a_contenedor,SI,btz_description_11,escrito_en_slot_btz
PR-EXT2-BMB-CFM10,BOMBA CENTRIFUGA Nº 10 <S> (FM) | Grupo: PR-EXT2-BMB-CFM10,415133,588948db-dff1-4d88-9ae5-3f6f08daf997-0006559d,PR > PR-EXT2-LGC-EXTRACCION 2 > PR-EXT2-LGC-TANQUES > PR-EXT2-TNQ-SH02,contenedor_por_ancestro_project,PR-EXT2-LGC-TANQUES,asociado_a_contenedor,SI,btz_description_12,escrito_en_slot_btz
PR-EXT2-TNQ-FM04,TANQUE MADURADOR Nº 4  <N> (FM) | Grupo: PR-TNQ MAD,415133,588948db-dff1-4d88-9ae5-3f6f08daf997-0006559d,PR > PR-EXT2-LGC-EXTRACCION 2 > PR-EXT2-LGC-TANQUES > PR-EXT2-TNQ-SH02,contenedor_por_ancestro_project,PR-EXT2-LGC-TANQUES,asociado_a_contenedor,SI,btz_description_13,escrito_en_slot_btz
PR-EXT2-AGT-TK04FM,AGITADOR TK MADURADOR 4 <N> (FM) | Grupo: PR-AGT TNQ MAD,415133,588948db-dff1-4d88-9ae5-3f6f08daf997-0006559d,PR > PR-EXT2-LGC-EXTRACCION 2 > PR-EXT2-LGC-TANQUES > PR-EXT2-TNQ-SH02,contenedor_por_ancestro_project,PR-EXT2-LGC-TANQUES,asociado_a_contenedor,SI,btz_description_14,escrito_en_slot_btz
PR-EXT2-TNQ-FM07,TANQUE MADURADOR Nº 7  <S> (FM) | Grupo: PR-TNQ MAD,415133,588948db-dff1-4d88-9ae5-3f6f08daf997-0006559d,PR > PR-EXT2-LGC-EXTRACCION 2 > PR-EXT2-LGC-TANQUES > PR-EXT2-TNQ-SH02,contenedor_por_ancestro_project,PR-EXT2-LGC-TANQUES,asociado_a_contenedor,SI,btz_description_15,escrito_en_slot_btz
PR-EXT2-AGT-TK07FM,AGITADOR TK MADURADOR 7 <S> (FM) | Grupo: PR-AGT TNQ MAD,415133,588948db-dff1-4d88-9ae5-3f6f08daf997-0006559d,PR > PR-EXT2-LGC-EXTRACCION 2 > PR-EXT2-LGC-TANQUES > PR-EXT2-TNQ-SH02,contenedor_por_ancestro_project,PR-EXT2-LGC-TANQUES,asociado_a_contenedor,SI,btz_description_16,escrito_en_slot_btz
PR-EXT2-TNQ-FM15,TANQUE BLANQUEO ACEITE Nº 15 (FM) | Grupo: PR-TNQ BLQ,415133,588948db-dff1-4d88-9ae5-3f6f08daf997-0006559d,PR > PR-EXT2-LGC-EXTRACCION 2 > PR-EXT2-LGC-TANQUES > PR-EXT2-TNQ-SH02,contenedor_por_ancestro_project,PR-EXT2-LGC-TANQUES,asociado_a_contenedor,SI,btz_description_17,escrito_en_slot_btz
PR-EXT2-AGT-TK15FM,AGITADOR TK P/BLANQUEO 15 (FM) | Grupo: PR-AGT TNQ BLN,415133,588948db-dff1-4d88-9ae5-3f6f08daf997-0006559d,PR > PR-EXT2-LGC-EXTRACCION 2 > PR-EXT2-LGC-TANQUES > PR-EXT2-TNQ-SH02,contenedor_por_ancestro_project,PR-EXT2-LGC-TANQUES,asociado_a_contenedor,SI,btz_description_18,escrito_en_slot_btz
PR-EXT2-TNQ-FM15B,TANQUE BLANQUEO ACEITE Nº 15 B  <N> | Grupo: PR-TNQ BLQ,415133,588948db-dff1-4d88-9ae5-3f6f08daf997-0006559d,PR > PR-EXT2-LGC-EXTRACCION 2 > PR-EXT2-LGC-TANQUES > PR-EXT2-TNQ-SH02,contenedor_por_ancestro_project,PR-EXT2-LGC-TANQUES,asociado_a_contenedor,SI,btz_description_19,escrito_en_slot_btz
PR-EXT2-AGT-TK15BFM,AGITADOR TK P/BLANQUEO 15B (FM) | Grupo: PR-AGT TNQ BLN,415133,588948db-dff1-4d88-9ae5-3f6f08daf997-0006559d,PR > PR-EXT2-LGC-EXTRACCION 2 > PR-EXT2-LGC-TANQUES > PR-EXT2-TNQ-SH02,contenedor_por_ancestro_project,PR-EXT2-LGC-TANQUES,asociado_a_contenedor,SI,btz_description_20,escrito_en_slot_btz
PR-EXT2-BMB-CFM27,BOMBA CENTRIFUGA Nº 27 <A TK .> (FM) | Grupo: PR-EXT2-BMB-CFM27,415133,588948db-dff1-4d88-9ae5-3f6f08daf997-0006559d,PR > PR-EXT2-LGC-EXTRACCION 2 > PR-EXT2-LGC-TANQUES > PR-EXT2-TNQ-SH02,contenedor_por_ancestro_project,PR-EXT2-LGC-TANQUES,asociado_a_contenedor,SI,btz_description_21,escrito_en_slot_btz
PR-EXT2-TNQ-FM17,TANQUE MEZCLADOR Nº 17  <N> | Grupo: PR-TNQ MEZC,415133,588948db-dff1-4d88-9ae5-3f6f08daf997-0006559d,PR > PR-EXT2-LGC-EXTRACCION 2 > PR-EXT2-LGC-TANQUES > PR-EXT2-TNQ-SH02,contenedor_por_ancestro_project,PR-EXT2-LGC-TANQUES,asociado_a_contenedor,SI,btz_description_22,escrito_en_slot_btz
PR-EXT2-BMB-P008,BOMBA CENTRIFUGA P-8 | Grupo: PR-EXT2-BMB-P008,415133,588948db-dff1-4d88-9ae5-3f6f08daf997-0006559d,PR > PR-EXT2-LGC-EXTRACCION 2 > PR-EXT2-LGC-TANQUES > PR-EXT2-TNQ-SH02,contenedor_por_ancestro_project,PR-EXT2-LGC-TANQUES,asociado_a_contenedor,SI,btz_description_23,escrito_en_slot_btz
PR-EXT2-TNQ-FM18,TANQUE MEZCLADOR Nº 18  <S> | Grupo: PR-TNQ MEZC,415133,588948db-dff1-4d88-9ae5-3f6f08daf997-0006559d,PR > PR-EXT2-LGC-EXTRACCION 2 > PR-EXT2-LGC-TANQUES > PR-EXT2-TNQ-SH02,contenedor_por_ancestro_project,PR-EXT2-LGC-TANQUES,asociado_a_contenedor,SI,btz_description_24,escrito_en_slot_btz
PR-EXT2-TNQ-FM21,TANQUE PULMON Nº 21 (FM) | Grupo: PR-TNQ PLM,415133,588948db-dff1-4d88-9ae5-3f6f08daf997-0006559d,PR > PR-EXT2-LGC-EXTRACCION 2 > PR-EXT2-LGC-TANQUES > PR-EXT2-TNQ-SH02,contenedor_por_ancestro_project,PR-EXT2-LGC-TANQUES,asociado_a_contenedor,SI,btz_description_25,escrito_en_slot_btz
PR-EXT2-AGT-TK21FM,AGITADOR TK PULMON 21 (FM) | Grupo: PR-AGT TNQ PLM,415133,588948db-dff1-4d88-9ae5-3f6f08daf997-0006559d,PR > PR-EXT2-LGC-EXTRACCION 2 > PR-EXT2-LGC-TANQUES > PR-EXT2-TNQ-SH02,contenedor_por_ancestro_project,PR-EXT2-LGC-TANQUES,asociado_a_contenedor,SI,btz_description_26,escrito_en_slot_btz
PR-EXT2-BMB-CFM20,BOMBA CENTRIFUGA Nº 20  (FM) | Grupo: PR-EXT2-BMB-CFM20,415133,588948db-dff1-4d88-9ae5-3f6f08daf997-0006559d,PR > PR-EXT2-LGC-EXTRACCION 2 > PR-EXT2-LGC-TANQUES > PR-EXT2-TNQ-SH02,contenedor_por_ancestro_project,PR-EXT2-LGC-TANQUES,asociado_a_contenedor,SI,btz_description_27,escrito_en_slot_btz
PR-EXT2-TNQ-FM25,TANQUE PULMON Nº 25  <AC.SECADORA> | Grupo: PR-TNQ PLM,415133,588948db-dff1-4d88-9ae5-3f6f08daf997-0006559d,PR > PR-EXT2-LGC-EXTRACCION 2 > PR-EXT2-LGC-TANQUES > PR-EXT2-TNQ-SH02,contenedor_por_ancestro_project,PR-EXT2-LGC-TANQUES,asociado_a_contenedor,SI,btz_description_28,escrito_en_slot_btz
PR-EXT2-AGT-TK25FM,AGITADOR TK PULMON 25 (FM) | Grupo: PR-AGT TNQ PLM,415133,588948db-dff1-4d88-9ae5-3f6f08daf997-0006559d,PR > PR-EXT2-LGC-EXTRACCION 2 > PR-EXT2-LGC-TANQUES > PR-EXT2-TNQ-SH02,contenedor_por_ancestro_project,PR-EXT2-LGC-TANQUES,asociado_a_contenedor,SI,btz_description_29,escrito_en_slot_btz
PR-EXT2-BMB-CFM26,BOMBA CENTRIFUGA Nº 26  (FM) | Grupo: PR-EXT2-BMB-CFM26,415133,588948db-dff1-4d88-9ae5-3f6f08daf997-0006559d,PR > PR-EXT2-LGC-EXTRACCION 2 > PR-EXT2-LGC-TANQUES > PR-EXT2-TNQ-SH02,contenedor_por_ancestro_project,PR-EXT2-LGC-TANQUES,asociado_a_contenedor,SI,btz_description_30,escrito_en_slot_btz
PR-EXT2-TNQ-FMS2,TANQUE SODA CAUSTICA Nº 2 (FM) <N> | Grupo: PR-TNQ SDC,415133,588948db-dff1-4d88-9ae5-3f6f08daf997-0006559d,PR > PR-EXT2-LGC-EXTRACCION 2 > PR-EXT2-LGC-TANQUES > PR-EXT2-TNQ-SH02,contenedor_por_ancestro_project,PR-EXT2-LGC-TANQUES,asociado_a_contenedor,SI,btz_description_31,escrito_en_slot_btz
PR-EXT2-AGT-TKS2FM,AGITADOR TK PREP. SODA 2 <N> (FM) | Grupo: PR-AGT SDA,415133,588948db-dff1-4d88-9ae5-3f6f08daf997-0006559d,PR > PR-EXT2-LGC-EXTRACCION 2 > PR-EXT2-LGC-TANQUES > PR-EXT2-TNQ-SH02,contenedor_por_ancestro_project,PR-EXT2-LGC-TANQUES,asociado_a_contenedor,SI,btz_description_32,escrito_en_slot_btz
PR-EXT2-TNQ-FMS5,TANQUE SODA CAUSTICA Nº 5 (FM) <S> | Grupo: PR-TNQ SDC,415133,588948db-dff1-4d88-9ae5-3f6f08daf997-0006559d,PR > PR-EXT2-LGC-EXTRACCION 2 > PR-EXT2-LGC-TANQUES > PR-EXT2-TNQ-SH02,contenedor_por_ancestro_project,PR-EXT2-LGC-TANQUES,asociado_a_contenedor,SI,btz_description_33,escrito_en_slot_btz
PR-EXT2-AGT-TKS5FM,AGITADOR TK PREP. SODA 5 <S> (FM) | Grupo: PR-AGT SDA,415133,588948db-dff1-4d88-9ae5-3f6f08daf997-0006559d,PR > PR-EXT2-LGC-EXTRACCION 2 > PR-EXT2-LGC-TANQUES > PR-EXT2-TNQ-SH02,contenedor_por_ancestro_project,PR-EXT2-LGC-TANQUES,asociado_a_contenedor,SI,btz_description_34,escrito_en_slot_btz
PR-EXT2-BMB-CFM03,BOMBA CENTRIFUGA Nº 3  <E> (FM) (SODA CAUSTICA) | Grupo: PR-EXT2-BMB-CFM03,415133,588948db-dff1-4d88-9ae5-3f6f08daf997-0006559d,PR > PR-EXT2-LGC-EXTRACCION 2 > PR-EXT2-LGC-TANQUES > PR-EXT2-TNQ-SH02,contenedor_por_ancestro_project,PR-EXT2-LGC-TANQUES,asociado_a_contenedor,SI,btz_description_35,escrito_en_slot_btz
PR-EXT2-BMB-CFM03B,BOMBA CENTRIFUGA Nº 3-B <O> (FM) (SODA CAUSTICA) | Grupo: PR-EXT2-BMB-CFM03B,415133,588948db-dff1-4d88-9ae5-3f6f08daf997-0006559d,PR > PR-EXT2-LGC-EXTRACCION 2 > PR-EXT2-LGC-TANQUES > PR-EXT2-TNQ-SH02,contenedor_por_ancestro_project,PR-EXT2-LGC-TANQUES,asociado_a_contenedor,SI,btz_description_36,escrito_en_slot_btz
PR-EXT2-TNQ-H511,TANQUE AGUA CALIENTE HIDRATACION DE GOMAS <A DESGOMADORA RSE200> | Grupo: PR-TNQ HDG,415133,588948db-dff1-4d88-9ae5-3f6f08daf997-0006559d,PR > PR-EXT2-LGC-EXTRACCION 2 > PR-EXT2-LGC-TANQUES > PR-EXT2-TNQ-SH02,contenedor_por_ancestro_project,PR-EXT2-LGC-TANQUES,asociado_a_contenedor,SI,btz_description_37,escrito_en_slot_btz
PR-EXT2-BMB-P511,BOMBA MULTIETAPAS P-511 <AGUA CALIENTE HIDRATACION DESGOMADO LINEA 2> | Grupo: PR-EXT2-BMB-P511,415133,588948db-dff1-4d88-9ae5-3f6f08daf997-0006559d,PR > PR-EXT2-LGC-EXTRACCION 2 > PR-EXT2-LGC-TANQUES > PR-EXT2-TNQ-SH02,contenedor_por_ancestro_project,PR-EXT2-LGC-TANQUES,asociado_a_contenedor,SI,btz_description_38,escrito_en_slot_btz
PR-EXT2-TNQ-I32A,TANQUE SEPAR.AGUA-SOLVENTE I-32A | Grupo: PR-TNQ I-32,415133,588948db-dff1-4d88-9ae5-3f6f08daf997-0006559d,PR > PR-EXT2-LGC-EXTRACCION 2 > PR-EXT2-LGC-TANQUES > PR-EXT2-TNQ-SH02,contenedor_por_ancestro_project,PR-EXT2-LGC-TANQUES,asociado_a_contenedor,SI,btz_description_39,escrito_en_slot_btz
PR-EXT2-BMB-P001TS,BOMBA CENTRIFUGA P-1 TS | Grupo: PR-EXT2-BMB-P001TS,415133,588948db-dff1-4d88-9ae5-3f6f08daf997-0006559d,PR > PR-EXT2-LGC-EXTRACCION 2 > PR-EXT2-LGC-TANQUES > PR-EXT2-TNQ-SH02,contenedor_por_ancestro_project,PR-EXT2-LGC-TANQUES,asociado_a_contenedor,SI,btz_description_40,escrito_en_slot_btz
PR-EXT2-TNQ-I537,TANQUE PULMON ACEITE DESG. I-537 | Grupo: PR-TNQ I-537,415133,588948db-dff1-4d88-9ae5-3f6f08daf997-0006559d,PR > PR-EXT2-LGC-EXTRACCION 2 > PR-EXT2-LGC-TANQUES > PR-EXT2-TNQ-SH02,contenedor_por_ancestro_project,PR-EXT2-LGC-TANQUES,asociado_a_contenedor,SI,btz_description_41,escrito_en_slot_btz
PR-EXT2-VLV-LCV-I537,VALVULA MODULADORA SALIDA DEL DESGOMADO <DE IT537 A DEPOS.> | Grupo: PR-VLV I-537,415133,588948db-dff1-4d88-9ae5-3f6f08daf997-0006559d,PR > PR-EXT2-LGC-EXTRACCION 2 > PR-EXT2-LGC-TANQUES > PR-EXT2-TNQ-SH02,contenedor_por_ancestro_project,PR-EXT2-LGC-TANQUES,asociado_a_contenedor,SI,btz_description_42,escrito_en_slot_btz
PR-EXT2-TNQ-I582L,TANQUE DEPOSITO GOMA I-582L | Grupo: PR-TNQ I-582L,415133,588948db-dff1-4d88-9ae5-3f6f08daf997-0006559d,PR > PR-EXT2-LGC-EXTRACCION 2 > PR-EXT2-LGC-TANQUES > PR-EXT2-TNQ-SH02,contenedor_por_ancestro_project,PR-EXT2-LGC-TANQUES,asociado_a_contenedor,SI,btz_description_43,escrito_en_slot_btz
PR-EXT2-AGT-TK582,AGITADOR TK SAPONIFICADOR 582 | Grupo: PR-AGT TNQ SAP,415133,588948db-dff1-4d88-9ae5-3f6f08daf997-0006559d,PR > PR-EXT2-LGC-EXTRACCION 2 > PR-EXT2-LGC-TANQUES > PR-EXT2-TNQ-SH02,contenedor_por_ancestro_project,PR-EXT2-LGC-TANQUES,asociado_a_contenedor,SI,btz_description_44,escrito_en_slot_btz
PR-EXT2-BMB-P582L,BOMBA ENGRANAJE P-582 L P/GOMA | Grupo: PR-EXT2-BMB-P582L,415133,588948db-dff1-4d88-9ae5-3f6f08daf997-0006559d,PR > PR-EXT2-LGC-EXTRACCION 2 > PR-EXT2-LGC-TANQUES > PR-EXT2-TNQ-SH02,contenedor_por_ancestro_project,PR-EXT2-LGC-TANQUES,asociado_a_contenedor,SI,btz_description_45,escrito_en_slot_btz
PR-EXT2-BMB-P582L1,BOMBA ENGRANAJE P-582 L-1 P/GOMA (AUX.) | Grupo: PR-EXT2-BMB-P582L1,415133,588948db-dff1-4d88-9ae5-3f6f08daf997-0006559d,PR > PR-EXT2-LGC-EXTRACCION 2 > PR-EXT2-LGC-TANQUES > PR-EXT2-TNQ-SH02,contenedor_por_ancestro_project,PR-EXT2-LGC-TANQUES,asociado_a_contenedor,SI,btz_description_46,escrito_en_slot_btz
PR-EXT2-BMB-P582L2,BOMBA ENGRANAJE P-582 L-2 P/GOMA | Grupo: PR-EXT2-BMB-P582L2,415133,588948db-dff1-4d88-9ae5-3f6f08daf997-0006559d,PR > PR-EXT2-LGC-EXTRACCION 2 > PR-EXT2-LGC-TANQUES > PR-EXT2-TNQ-SH02,contenedor_por_ancestro_project,PR-EXT2-LGC-TANQUES,asociado_a_contenedor,SI,btz_description_47,escrito_en_slot_btz
PR-EXT2-BMB-P582L3,BOMBA ENGRANAJE P-582 L-3 | Grupo: PR-EXT2-BMB-P582L3,415133,588948db-dff1-4d88-9ae5-3f6f08daf997-0006559d,PR > PR-EXT2-LGC-EXTRACCION 2 > PR-EXT2-LGC-TANQUES > PR-EXT2-TNQ-SH02,contenedor_por_ancestro_project,PR-EXT2-LGC-TANQUES,asociado_a_contenedor,SI,btz_description_48,escrito_en_slot_btz
PR-EXT2-BMB-P582L4,BOMBA ENGRANAJE P-582 L-4 | Grupo: PR-EXT2-BMB-P582L4,415133,588948db-dff1-4d88-9ae5-3f6f08daf997-0006559d,PR > PR-EXT2-LGC-EXTRACCION 2 > PR-EXT2-LGC-TANQUES > PR-EXT2-TNQ-SH02,contenedor_por_ancestro_project,PR-EXT2-LGC-TANQUES,asociado_a_contenedor,SI,btz_description_49,escrito_en_slot_btz
PR-EXT2-BMB-P582L4B,BOMBA ENGRANAJE P-582 L-4 BIS -SALIDA DE CENTR. W-200- | Grupo: PR-EXT2-BMB-P582L4B,415133,588948db-dff1-4d88-9ae5-3f6f08daf997-0006559d,PR > PR-EXT2-LGC-EXTRACCION 2 > PR-EXT2-LGC-TANQUES > PR-EXT2-TNQ-SH02,contenedor_por_ancestro_project,PR-EXT2-LGC-TANQUES,asociado_a_contenedor,SI,btz_description_50,escrito_en_slot_btz
PR-EXT2-BMB-P582L5B,BOMBA ENGRANAJE P-582 L-5 BIS | Grupo: PR-EXT2-BMB-P582L5B,415133,588948db-dff1-4d88-9ae5-3f6f08daf997-0006559d,PR > PR-EXT2-LGC-EXTRACCION 2 > PR-EXT2-LGC-TANQUES > PR-EXT2-TNQ-SH02,contenedor_por_ancestro_project,PR-EXT2-LGC-TANQUES,asociado_a_contenedor,SI,btz_description_51,escrito_en_slot_btz
PR-EXT2-BMB-P582L6,BOMBA OSCILANTE P-582 L-6 | Grupo: PR-EXT2-BMB-P582L6,415133,588948db-dff1-4d88-9ae5-3f6f08daf997-0006559d,PR > PR-EXT2-LGC-EXTRACCION 2 > PR-EXT2-LGC-TANQUES > PR-EXT2-TNQ-SH02,contenedor_por_ancestro_project,PR-EXT2-LGC-TANQUES,asociado_a_contenedor,SI,btz_description_52,escrito_en_slot_btz
PR-GRS-MLA-,MULTIASPIRADOR KICE 1 <DOBLE> | Grupo: PR-MLA KICE DOBLE,414088,588948db-dff1-4d88-9ae5-3f6f08daf997-00065188,PR > PR-PRP2-LGC-PREPARACION 2 > PR-PRP2-LGC-GENERAL > PR-PRP2-MLA-BHL1,contenedor_por_scoring,,asociado_a_contenedor,SI,btz_description_05,escrito_en_slot_btz
PR-GRS-AGT-TBR,AGITADOR TANQUE DE BORRA | Grupo: PR-AGT TANQUE BORRA,415162,588948db-dff1-4d88-9ae5-3f6f08daf997-000655ba,PR > PR-EXT2-LGC-EXTRACCION 2 > PR-EXT2-LGC-GENERAL > PR-EXT2-AGT-TK503B,contenedor_por_scoring,,asociado_a_contenedor,SI,btz_description_05,escrito_en_slot_btz
PR-LAB-AGT-MAG,AGITADOR MAGNETICO CALENT. PRECYTER | Grupo: PR-LAB-AGT-MAG,369831,c1b86e07-db16-4679-93c3-323d244a69e5-0005a4a7,PR > PR-LAB-LGC-LABORATORIO > PR-LAB-LGC-GENERAL > PR-LAB-VNT-EGCP1,contenedor_por_ancestro_project,PR-LAB-LGC-LABORATORIO,asociado_a_contenedor,SI,btz_description_05,escrito_en_slot_btz
PR-LAB-AGT-SED,AGITADOR P/DETERMINACION SEDIM.P.A.T. | Grupo: PR-LAB-AGT-SED,369831,c1b86e07-db16-4679-93c3-323d244a69e5-0005a4a7,PR > PR-LAB-LGC-LABORATORIO > PR-LAB-LGC-GENERAL > PR-LAB-VNT-EGCP1,contenedor_por_ancestro_project,PR-LAB-LGC-LABORATORIO,asociado_a_contenedor,SI,btz_description_06,escrito_en_slot_btz
PR-LAB-BAT-BREC,BATEAS CONTENCION RECIPIENTES CON RESIDUOS | Grupo: PR-LAB-BAT-BREC,369831,c1b86e07-db16-4679-93c3-323d244a69e5-0005a4a7,PR > PR-LAB-LGC-LABORATORIO > PR-LAB-LGC-GENERAL > PR-LAB-VNT-EGCP1,contenedor_por_ancestro_project,PR-LAB-LGC-LABORATORIO,asociado_a_contenedor,SI,btz_description_07,escrito_en_slot_btz
PR-LAB-BLN-1518,BALANZA ANALITICA ELECTR. S-1518 MPS | Grupo: PR-LAB-BLN-1518,369831,c1b86e07-db16-4679-93c3-323d244a69e5-0005a4a7,PR > PR-LAB-LGC-LABORATORIO > PR-LAB-LGC-GENERAL > PR-LAB-VNT-EGCP1,contenedor_por_ancestro_project,PR-LAB-LGC-LABORATORIO,asociado_a_contenedor,SI,btz_description_08,escrito_en_slot_btz
PR-LAB-BLN-2000,BALANZA ANALITICA ELECTR. SE-2000 D | Grupo: PR-LAB-BLN-2000,369831,c1b86e07-db16-4679-93c3-323d244a69e5-0005a4a7,PR > PR-LAB-LGC-LABORATORIO > PR-LAB-LGC-GENERAL > PR-LAB-VNT-EGCP1,contenedor_por_ancestro_project,PR-LAB-LGC-LABORATORIO,asociado_a_contenedor,SI,btz_description_09,escrito_en_slot_btz
PR-LAB-BLN-CAL,BALANZA DE CALADO  (2) | Grupo: PR-LAB-BLN-CAL,369831,c1b86e07-db16-4679-93c3-323d244a69e5-0005a4a7,PR > PR-LAB-LGC-LABORATORIO > PR-LAB-LGC-GENERAL > PR-LAB-VNT-EGCP1,contenedor_por_ancestro_project,PR-LAB-LGC-LABORATORIO,asociado_a_contenedor,SI,btz_description_10,escrito_en_slot_btz
PR-LAB-BLN-LAB,BALANZAS DE LABORATORIO (4) | Grupo: PR-LAB-BLN-LAB,369831,c1b86e07-db16-4679-93c3-323d244a69e5-0005a4a7,PR > PR-LAB-LGC-LABORATORIO > PR-LAB-LGC-GENERAL > PR-LAB-VNT-EGCP1,contenedor_por_ancestro_project,PR-LAB-LGC-LABORATORIO,asociado_a_contenedor,SI,btz_description_11,escrito_en_slot_btz
PR-LAB-BLN-LCC,"BALANZAS LAB., CALADO Y CALIDAD | Grupo: PR-LAB-BLN-LCC",369831,c1b86e07-db16-4679-93c3-323d244a69e5-0005a4a7,PR > PR-LAB-LGC-LABORATORIO > PR-LAB-LGC-GENERAL > PR-LAB-VNT-EGCP1,contenedor_por_ancestro_project,PR-LAB-LGC-LABORATORIO,asociado_a_contenedor,SI,btz_description_12,escrito_en_slot_btz
PR-LAB-BMB-VAC,BOMBA DE VACIO CIENCE | Grupo: PR-LAB-BMB-VAC,369831,c1b86e07-db16-4679-93c3-323d244a69e5-0005a4a7,PR > PR-LAB-LGC-LABORATORIO > PR-LAB-LGC-GENERAL > PR-LAB-VNT-EGCP1,contenedor_por_ancestro_project,PR-LAB-LGC-LABORATORIO,asociado_a_contenedor,SI,btz_description_13,escrito_en_slot_btz
PR-LAB-BÑO-TER,"BAÑO TERMOSTATICO ""METRO LAB"" | Grupo: PR-LAB-BÑO-TER",369831,c1b86e07-db16-4679-93c3-323d244a69e5-0005a4a7,PR > PR-LAB-LGC-LABORATORIO > PR-LAB-LGC-GENERAL > PR-LAB-VNT-EGCP1,contenedor_por_ancestro_project,PR-LAB-LGC-LABORATORIO,asociado_a_contenedor,SI,btz_description_14,escrito_en_slot_btz
PR-LAB-CAL-TRM,TERMOMETRO DE ESTUFA (CALADO) | Grupo: PR-LAB-CAL-TRM,369831,c1b86e07-db16-4679-93c3-323d244a69e5-0005a4a7,PR > PR-LAB-LGC-LABORATORIO > PR-LAB-LGC-GENERAL > PR-LAB-VNT-EGCP1,contenedor_por_ancestro_project,PR-LAB-LGC-LABORATORIO,asociado_a_contenedor,SI,btz_description_15,escrito_en_slot_btz
PR-LAB-CEN-ROL1,CENTRIFUGA LABORATORIO ROLCON 1 <N> | Grupo: PR-LAB-CEN-ROL1,369831,c1b86e07-db16-4679-93c3-323d244a69e5-0005a4a7,PR > PR-LAB-LGC-LABORATORIO > PR-LAB-LGC-GENERAL > PR-LAB-VNT-EGCP1,contenedor_por_ancestro_project,PR-LAB-LGC-LABORATORIO,asociado_a_contenedor,SI,btz_description_16,escrito_en_slot_btz
PR-LAB-CEN-ROL2,CENTRIFUGA LABORATORIO ROLCON 2  <S> | Grupo: PR-LAB-CEN-ROL2,369831,c1b86e07-db16-4679-93c3-323d244a69e5-0005a4a7,PR > PR-LAB-LGC-LABORATORIO > PR-LAB-LGC-GENERAL > PR-LAB-VNT-EGCP1,contenedor_por_ancestro_project,PR-LAB-LGC-LABORATORIO,asociado_a_contenedor,SI,btz_description_17,escrito_en_slot_btz
PR-LAB-CON-ALT,CONDUCTIMETRO ALTRONIX CTX | Grupo: PR-LAB-CON-ALT,369831,c1b86e07-db16-4679-93c3-323d244a69e5-0005a4a7,PR > PR-LAB-LGC-LABORATORIO > PR-LAB-LGC-GENERAL > PR-LAB-VNT-EGCP1,contenedor_por_ancestro_project,PR-LAB-LGC-LABORATORIO,asociado_a_contenedor,SI,btz_description_18,escrito_en_slot_btz
PR-LAB-CRM-6890,CROMATOGRAFO HEWLET PACKARD 6890 | Grupo: PR-LAB-CRM-6890,369831,c1b86e07-db16-4679-93c3-323d244a69e5-0005a4a7,PR > PR-LAB-LGC-LABORATORIO > PR-LAB-LGC-GENERAL > PR-LAB-VNT-EGCP1,contenedor_por_ancestro_project,PR-LAB-LGC-LABORATORIO,asociado_a_contenedor,SI,btz_description_19,escrito_en_slot_btz
PR-LAB-DTR-ION1,DETERMINADOR PUNTO INFLAM. 1 IONOMEX | Grupo: PR-LAB-DTR-ION1,369831,c1b86e07-db16-4679-93c3-323d244a69e5-0005a4a7,PR > PR-LAB-LGC-LABORATORIO > PR-LAB-LGC-GENERAL > PR-LAB-VNT-EGCP1,contenedor_por_ancestro_project,PR-LAB-LGC-LABORATORIO,asociado_a_contenedor,SI,btz_description_20,escrito_en_slot_btz
PR-LAB-DTR-ION2,DETERMINADOR PUNTO INFLAM. 2 IONOMEX | Grupo: PR-LAB-DTR-ION2,369831,c1b86e07-db16-4679-93c3-323d244a69e5-0005a4a7,PR > PR-LAB-LGC-LABORATORIO > PR-LAB-LGC-GENERAL > PR-LAB-VNT-EGCP1,contenedor_por_ancestro_project,PR-LAB-LGC-LABORATORIO,asociado_a_contenedor,SI,btz_description_21,escrito_en_slot_btz
PR-LAB-DTR-KJEL,DETERMINADOR  PROTEINAS KJELDHAL | Grupo: PR-LAB-DTR-KJEL,369831,c1b86e07-db16-4679-93c3-323d244a69e5-0005a4a7,PR > PR-LAB-LGC-LABORATORIO > PR-LAB-LGC-GENERAL > PR-LAB-VNT-EGCP1,contenedor_por_ancestro_project,PR-LAB-LGC-LABORATORIO,asociado_a_contenedor,SI,btz_description_22,escrito_en_slot_btz
PR-LAB-DTR-SEMI,DETERMINADOR  PROTEINAS SEMIAU. KJELTEC | Grupo: PR-LAB-DTR-SEMI,369831,c1b86e07-db16-4679-93c3-323d244a69e5-0005a4a7,PR > PR-LAB-LGC-LABORATORIO > PR-LAB-LGC-GENERAL > PR-LAB-VNT-EGCP1,contenedor_por_ancestro_project,PR-LAB-LGC-LABORATORIO,asociado_a_contenedor,SI,btz_description_23,escrito_en_slot_btz
PR-LAB-ESF-CIE1,ESTUFA CIENCE MODELO C Nº 1 | Grupo: PR-LAB-ESF-CIE1,369831,c1b86e07-db16-4679-93c3-323d244a69e5-0005a4a7,PR > PR-LAB-LGC-LABORATORIO > PR-LAB-LGC-GENERAL > PR-LAB-VNT-EGCP1,contenedor_por_ancestro_project,PR-LAB-LGC-LABORATORIO,asociado_a_contenedor,SI,btz_description_24,escrito_en_slot_btz
PR-LAB-ESF-CIE2,ESTUFA CIENCE MODELO C Nº 2 | Grupo: PR-LAB-ESF-CIE2,369831,c1b86e07-db16-4679-93c3-323d244a69e5-0005a4a7,PR > PR-LAB-LGC-LABORATORIO > PR-LAB-LGC-GENERAL > PR-LAB-VNT-EGCP1,contenedor_por_ancestro_project,PR-LAB-LGC-LABORATORIO,asociado_a_contenedor,SI,btz_description_25,escrito_en_slot_btz
PR-LAB-ESF-FAL,ESTUFA DE INCUBACION F.A.L. | Grupo: PR-LAB-ESF-FAL,369831,c1b86e07-db16-4679-93c3-323d244a69e5-0005a4a7,PR > PR-LAB-LGC-LABORATORIO > PR-LAB-LGC-GENERAL > PR-LAB-VNT-EGCP1,contenedor_por_ancestro_project,PR-LAB-LGC-LABORATORIO,asociado_a_contenedor,SI,btz_description_26,escrito_en_slot_btz
PR-LAB-ESF-SHEL,ESTUFA SHEL LAB | Grupo: PR-LAB-ESF-SHEL,369831,c1b86e07-db16-4679-93c3-323d244a69e5-0005a4a7,PR > PR-LAB-LGC-LABORATORIO > PR-LAB-LGC-GENERAL > PR-LAB-VNT-EGCP1,contenedor_por_ancestro_project,PR-LAB-LGC-LABORATORIO,asociado_a_contenedor,SI,btz_description_27,escrito_en_slot_btz
PR-LAB-ESP-1700,"ESPECTROFOTOMETRO ""METROLAB 1700"" | Grupo: PR-LAB-ESP-1700",369831,c1b86e07-db16-4679-93c3-323d244a69e5-0005a4a7,PR > PR-LAB-LGC-LABORATORIO > PR-LAB-LGC-GENERAL > PR-LAB-VNT-EGCP1,contenedor_por_ancestro_project,PR-LAB-LGC-LABORATORIO,asociado_a_contenedor,SI,btz_description_28,escrito_en_slot_btz
PR-LAB-ESP-325,"ESPECTROFOTOMETRO ""METROLAB 325"" | Grupo: PR-LAB-ESP-325",369831,c1b86e07-db16-4679-93c3-323d244a69e5-0005a4a7,PR > PR-LAB-LGC-LABORATORIO > PR-LAB-LGC-GENERAL > PR-LAB-VNT-EGCP1,contenedor_por_ancestro_project,PR-LAB-LGC-LABORATORIO,asociado_a_contenedor,SI,btz_description_29,escrito_en_slot_btz
PR-LAB-EXT-TWI,CONJUNTO EXTRACT. TWISSELMANN | Grupo: PR-LAB-EXT-TWI,369831,c1b86e07-db16-4679-93c3-323d244a69e5-0005a4a7,PR > PR-LAB-LGC-LABORATORIO > PR-LAB-LGC-GENERAL > PR-LAB-VNT-EGCP1,contenedor_por_ancestro_project,PR-LAB-LGC-LABORATORIO,asociado_a_contenedor,SI,btz_description_30,escrito_en_slot_btz
PR-LAB-HGR-DEL,HIGROMETRO DELVER MODELO HD | Grupo: PR-LAB-HGR-DEL,369831,c1b86e07-db16-4679-93c3-323d244a69e5-0005a4a7,PR > PR-LAB-LGC-LABORATORIO > PR-LAB-LGC-GENERAL > PR-LAB-VNT-EGCP1,contenedor_por_ancestro_project,PR-LAB-LGC-LABORATORIO,asociado_a_contenedor,SI,btz_description_31,escrito_en_slot_btz
PR-LAB-HMD-CC,HUMEDIMETROS CALADO Y CALIDAD | Grupo: PR-LAB-HMD-CC,369831,c1b86e07-db16-4679-93c3-323d244a69e5-0005a4a7,PR > PR-LAB-LGC-LABORATORIO > PR-LAB-LGC-GENERAL > PR-LAB-VNT-EGCP1,contenedor_por_ancestro_project,PR-LAB-LGC-LABORATORIO,asociado_a_contenedor,SI,btz_description_32,escrito_en_slot_btz
PR-LAB-HMD-TEC,HUMEDIMETRO ELECTR. PROGR. TECATOR | Grupo: PR-LAB-HMD-TEC,369831,c1b86e07-db16-4679-93c3-323d244a69e5-0005a4a7,PR > PR-LAB-LGC-LABORATORIO > PR-LAB-LGC-GENERAL > PR-LAB-VNT-EGCP1,contenedor_por_ancestro_project,PR-LAB-LGC-LABORATORIO,asociado_a_contenedor,SI,btz_description_33,escrito_en_slot_btz
PR-LAB-HRN-MUF,"HORNO TIPO MUFLA "" INDEF"" | Grupo: PR-LAB-HRN-MUF",369831,c1b86e07-db16-4679-93c3-323d244a69e5-0005a4a7,PR > PR-LAB-LGC-LABORATORIO > PR-LAB-LGC-GENERAL > PR-LAB-VNT-EGCP1,contenedor_por_ancestro_project,PR-LAB-LGC-LABORATORIO,asociado_a_contenedor,SI,btz_description_34,escrito_en_slot_btz
PR-LAB-HRN-PRO,HORNO INDEF PROGRAMABLE | Grupo: PR-LAB-HRN-PRO,369831,c1b86e07-db16-4679-93c3-323d244a69e5-0005a4a7,PR > PR-LAB-LGC-LABORATORIO > PR-LAB-LGC-GENERAL > PR-LAB-VNT-EGCP1,contenedor_por_ancestro_project,PR-LAB-LGC-LABORATORIO,asociado_a_contenedor,SI,btz_description_35,escrito_en_slot_btz
PR-LAB-MCR-OLY,MICROSCOPIO ESTEREOSCOPICO OLYMPUS | Grupo: PR-LAB-MCR-OLY,369831,c1b86e07-db16-4679-93c3-323d244a69e5-0005a4a7,PR > PR-LAB-LGC-LABORATORIO > PR-LAB-LGC-GENERAL > PR-LAB-VNT-EGCP1,contenedor_por_ancestro_project,PR-LAB-LGC-LABORATORIO,asociado_a_contenedor,SI,btz_description_36,escrito_en_slot_btz
PR-LAB-MLN-ANA,MOLINO A CUCHILLAS ANALYZER | Grupo: PR-LAB-MLN-ANA,369831,c1b86e07-db16-4679-93c3-323d244a69e5-0005a4a7,PR > PR-LAB-LGC-LABORATORIO > PR-LAB-LGC-GENERAL > PR-LAB-VNT-EGCP1,contenedor_por_ancestro_project,PR-LAB-LGC-LABORATORIO,asociado_a_contenedor,SI,btz_description_37,escrito_en_slot_btz
PR-LAB-MLN-ANA1,MOLINO A DISCOS ANALYZER MD 1 | Grupo: PR-LAB-MLN-ANA1,369831,c1b86e07-db16-4679-93c3-323d244a69e5-0005a4a7,PR > PR-LAB-LGC-LABORATORIO > PR-LAB-LGC-GENERAL > PR-LAB-VNT-EGCP1,contenedor_por_ancestro_project,PR-LAB-LGC-LABORATORIO,asociado_a_contenedor,SI,btz_description_38,escrito_en_slot_btz
PR-LAB-MLN-ANAR,MOLINO A CUCHILLAS REFRIGERADO | Grupo: PR-LAB-MLN-ANAR,369831,c1b86e07-db16-4679-93c3-323d244a69e5-0005a4a7,PR > PR-LAB-LGC-LABORATORIO > PR-LAB-LGC-GENERAL > PR-LAB-VNT-EGCP1,contenedor_por_ancestro_project,PR-LAB-LGC-LABORATORIO,asociado_a_contenedor,SI,btz_description_39,escrito_en_slot_btz
PR-LAB-MLN-TEC1,MOLINO CICLONICO TECATOR 1 | Grupo: PR-LAB-MLN-TEC1,369831,c1b86e07-db16-4679-93c3-323d244a69e5-0005a4a7,PR > PR-LAB-LGC-LABORATORIO > PR-LAB-LGC-GENERAL > PR-LAB-VNT-EGCP1,contenedor_por_ancestro_project,PR-LAB-LGC-LABORATORIO,asociado_a_contenedor,SI,btz_description_40,escrito_en_slot_btz
PR-LAB-MLN-TEC2,MOLINO CICLONICO TECATOR 2 | Grupo: PR-LAB-MLN-TEC2,369831,c1b86e07-db16-4679-93c3-323d244a69e5-0005a4a7,PR > PR-LAB-LGC-LABORATORIO > PR-LAB-LGC-GENERAL > PR-LAB-VNT-EGCP1,contenedor_por_ancestro_project,PR-LAB-LGC-LABORATORIO,asociado_a_contenedor,SI,btz_description_41,escrito_en_slot_btz
PR-LAB-MTR-VLM,MATERIAL VOLUMETRICO LABORATORIO | Grupo: PR-LAB-MTR-VLM,369831,c1b86e07-db16-4679-93c3-323d244a69e5-0005a4a7,PR > PR-LAB-LGC-LABORATORIO > PR-LAB-LGC-GENERAL > PR-LAB-VNT-EGCP1,contenedor_por_ancestro_project,PR-LAB-LGC-LABORATORIO,asociado_a_contenedor,SI,btz_description_42,escrito_en_slot_btz
PR-LAB-PHC-ALT,PEHACHIMETRO ALTRONIX TPX | Grupo: PR-LAB-PHC-ALT,369831,c1b86e07-db16-4679-93c3-323d244a69e5-0005a4a7,PR > PR-LAB-LGC-LABORATORIO > PR-LAB-LGC-GENERAL > PR-LAB-VNT-EGCP1,contenedor_por_ancestro_project,PR-LAB-LGC-LABORATORIO,asociado_a_contenedor,SI,btz_description_43,escrito_en_slot_btz
PR-LAB-PSS-PTR,PESAS PATRON | Grupo: PR-LAB-PSS-PTR,369831,c1b86e07-db16-4679-93c3-323d244a69e5-0005a4a7,PR > PR-LAB-LGC-LABORATORIO > PR-LAB-LGC-GENERAL > PR-LAB-VNT-EGCP1,contenedor_por_ancestro_project,PR-LAB-LGC-LABORATORIO,asociado_a_contenedor,SI,btz_description_44,escrito_en_slot_btz
PR-LAB-RFR-ABBE,"REFRACTOMETRO TIPO ABBE ""B & L | Grupo: PR-LAB-RFR-ABBE",369831,c1b86e07-db16-4679-93c3-323d244a69e5-0005a4a7,PR > PR-LAB-LGC-LABORATORIO > PR-LAB-LGC-GENERAL > PR-LAB-VNT-EGCP1,contenedor_por_ancestro_project,PR-LAB-LGC-LABORATORIO,asociado_a_contenedor,SI,btz_description_45,escrito_en_slot_btz
PR-LAB-RNC-679,EQUIPO RANCIMAT 679 | Grupo: PR-LAB-RNC-679,369831,c1b86e07-db16-4679-93c3-323d244a69e5-0005a4a7,PR > PR-LAB-LGC-LABORATORIO > PR-LAB-LGC-GENERAL > PR-LAB-VNT-EGCP1,contenedor_por_ancestro_project,PR-LAB-LGC-LABORATORIO,asociado_a_contenedor,SI,btz_description_46,escrito_en_slot_btz
PR-LAB-TNT-LOV,"TINTOMETRO ""LOVIBOND"" MODELO E | Grupo: PR-LAB-TNT-LOV",369831,c1b86e07-db16-4679-93c3-323d244a69e5-0005a4a7,PR > PR-LAB-LGC-LABORATORIO > PR-LAB-LGC-GENERAL > PR-LAB-VNT-EGCP1,contenedor_por_ancestro_project,PR-LAB-LGC-LABORATORIO,asociado_a_contenedor,SI,btz_description_47,escrito_en_slot_btz
PR-LAB-TRM-EYD,TERMOMETROS DE ESTUFAS Y DESTILADOR LAB. | Grupo: PR-LAB-TRM-EYD,369831,c1b86e07-db16-4679-93c3-323d244a69e5-0005a4a7,PR > PR-LAB-LGC-LABORATORIO > PR-LAB-LGC-GENERAL > PR-LAB-VNT-EGCP1,contenedor_por_ancestro_project,PR-LAB-LGC-LABORATORIO,asociado_a_contenedor,SI,btz_description_48,escrito_en_slot_btz
PR-LAB-UPS-UPS1,UPS DE RANCIMAX. MEDIDOR DE RANCIDEZ. | Grupo: PR-LAB-UPS,369831,c1b86e07-db16-4679-93c3-323d244a69e5-0005a4a7,PR > PR-LAB-LGC-LABORATORIO > PR-LAB-LGC-GENERAL > PR-LAB-VNT-EGCP1,contenedor_por_ancestro_project,PR-LAB-LGC-LABORATORIO,asociado_a_contenedor,SI,btz_description_49,escrito_en_slot_btz
PR-LAB-VNT-EGCP2,VENT. EXT. DE GASES CAMPANA 2  <S/ESTE> | Grupo: PR-VNT EGC,369831,c1b86e07-db16-4679-93c3-323d244a69e5-0005a4a7,PR > PR-LAB-LGC-LABORATORIO > PR-LAB-LGC-GENERAL > PR-LAB-VNT-EGCP1,contenedor_por_ancestro_project,PR-LAB-LGC-LABORATORIO,asociado_a_contenedor,SI,btz_description_50,escrito_en_slot_btz
PR-LAB-VNT-EGCP3,VENT. EXT. DE GASES CAMPANA 3  <N/ESTE> | Grupo: PR-VNT EGC,369831,c1b86e07-db16-4679-93c3-323d244a69e5-0005a4a7,PR > PR-LAB-LGC-LABORATORIO > PR-LAB-LGC-GENERAL > PR-LAB-VNT-EGCP1,contenedor_por_ancestro_project,PR-LAB-LGC-LABORATORIO,asociado_a_contenedor,SI,btz_description_51,escrito_en_slot_btz
PR-LAB-VNT-EGMG,VENT. EXTRACTOR DE GASES SALA MAT. GRASA | Grupo: PR-VNT EGS,369831,c1b86e07-db16-4679-93c3-323d244a69e5-0005a4a7,PR > PR-LAB-LGC-LABORATORIO > PR-LAB-LGC-GENERAL > PR-LAB-VNT-EGCP1,contenedor_por_ancestro_project,PR-LAB-LGC-LABORATORIO,asociado_a_contenedor,SI,btz_description_52,escrito_en_slot_btz
PR-LCTS-CLT-CLT01,CALENTADOR LECITINA <A EVAPORADOR> | Grupo: PR-CLT LCT,232169,007165d0-5481-4cac-bfbc-3380881edccc-00038ae9,PR > PR-LCTS-LGC-LECITINA SOJA > PR-LCTS-LGC-GENERAL,contenedor_por_scoring,,asociado_a_contenedor,SI,btz_description_04,escrito_en_slot_btz
PR-LCTS-ENF-VTT01,ENFRIADOR-VOTATOR 01 | Grupo: PR-ENF VOT,232169,007165d0-5481-4cac-bfbc-3380881edccc-00038ae9,PR > PR-LCTS-LGC-LECITINA SOJA > PR-LCTS-LGC-GENERAL,contenedor_por_scoring,,asociado_a_contenedor,SI,btz_description_05,escrito_en_slot_btz
PR-LCTS-EQP-VCO,EQUIPO DE VACIO LECITINA | Grupo: PR-EQP VAC,232169,007165d0-5481-4cac-bfbc-3380881edccc-00038ae9,PR > PR-LCTS-LGC-LECITINA SOJA > PR-LCTS-LGC-GENERAL,contenedor_por_scoring,,asociado_a_contenedor,SI,btz_description_06,escrito_en_slot_btz
PR-LCTS-EVP-SEL02,EVAPORADOR SECADOR LECITINA 02 | Grupo: PR-EVP LEC,232169,007165d0-5481-4cac-bfbc-3380881edccc-00038ae9,PR > PR-LCTS-LGC-LECITINA SOJA > PR-LCTS-LGC-GENERAL,contenedor_por_scoring,,asociado_a_contenedor,SI,btz_description_07,escrito_en_slot_btz
PR-LCTS-VLV-SVEV-LCT,VALVULA DE SEGURIDAD EVAPORADOR DE LECITINA | Grupo: PR-VLV SEV,232169,007165d0-5481-4cac-bfbc-3380881edccc-00038ae9,PR > PR-LCTS-LGC-LECITINA SOJA > PR-LCTS-LGC-GENERAL,contenedor_por_scoring,,asociado_a_contenedor,SI,btz_description_08,escrito_en_slot_btz
PR-LCTS-HDR-I503,HIDRATADOR DE MUSILAGOS I-503 | Grupo: PR-HDR MUS,232169,007165d0-5481-4cac-bfbc-3380881edccc-00038ae9,PR > PR-LCTS-LGC-LECITINA SOJA > PR-LCTS-LGC-GENERAL,contenedor_por_scoring,,asociado_a_contenedor,SI,btz_description_09,escrito_en_slot_btz
PR-LCTS-LGC-BOMBAS,LOGICO BOMBAS | Grupo: PR-LGC,232169,007165d0-5481-4cac-bfbc-3380881edccc-00038ae9,PR > PR-LCTS-LGC-LECITINA SOJA > PR-LCTS-LGC-GENERAL,contenedor_por_scoring,,asociado_a_contenedor,SI,btz_description_10,escrito_en_slot_btz
PR-LCTS-LGC-TANQUES,LOGICO TANQUES | Grupo: PR-LGC,232169,007165d0-5481-4cac-bfbc-3380881edccc-00038ae9,PR > PR-LCTS-LGC-LECITINA SOJA > PR-LCTS-LGC-GENERAL,contenedor_por_scoring,,asociado_a_contenedor,SI,btz_description_11,escrito_en_slot_btz
PR-LCTS-TRR-DEL1,TORRE ENFRIAMIENTO 1  <NORTE> E-1 | Grupo: PR-TRR LCTS,232169,007165d0-5481-4cac-bfbc-3380881edccc-00038ae9,PR > PR-LCTS-LGC-LECITINA SOJA > PR-LCTS-LGC-GENERAL,contenedor_por_scoring,,asociado_a_contenedor,SI,btz_description_12,escrito_en_slot_btz
PR-LCTS-TRR-DEL2,TORRE ENFRIAMIENTO 2  <SUR> E-1 | Grupo: PR-TRR LCTS,232169,007165d0-5481-4cac-bfbc-3380881edccc-00038ae9,PR > PR-LCTS-LGC-LECITINA SOJA > PR-LCTS-LGC-GENERAL,contenedor_por_scoring,,asociado_a_contenedor,SI,btz_description_13,escrito_en_slot_btz
PR-PDA-BMB-COR20,BOMBA DOSADORA INHIBIDOR CORROSION (E) | Grupo: PR-BMB DSF 21,232316,007165d0-5481-4cac-bfbc-3380881edccc-00038b7c,PR > PR-PDA-LGC-PLANTA DE AGUA > PR-PDA-LGC-CISTERNA DE AGUA CLARIFICADA > PR-PDA-BMB-AGC05,contenedor_por_scoring,,asociado_a_contenedor,SI,btz_description_05,escrito_en_slot_btz
PR-PDA-BMB-AGC06,BOMBA AGUA CLARIFICADA 6 T.E. <AUXLIAR> | Grupo: PR-BMB AGC 6,232316,007165d0-5481-4cac-bfbc-3380881edccc-00038b7c,PR > PR-PDA-LGC-PLANTA DE AGUA > PR-PDA-LGC-CISTERNA DE AGUA CLARIFICADA > PR-PDA-BMB-AGC05,contenedor_por_scoring,,asociado_a_contenedor,SI,btz_description_06,escrito_en_slot_btz
PR-PDA-BMB-AGC07,BOMBA AGUA CLARIFICADA 7 (POTABLE) | Grupo: PR-BMB AGC 7,232316,007165d0-5481-4cac-bfbc-3380881edccc-00038b7c,PR > PR-PDA-LGC-PLANTA DE AGUA > PR-PDA-LGC-CISTERNA DE AGUA CLARIFICADA > PR-PDA-BMB-AGC05,contenedor_por_scoring,,asociado_a_contenedor,SI,btz_description_07,escrito_en_slot_btz
PR-PDA-BMB-CLR21,BOMBA DOSADORA EQUIPO CLORADOR  (O) | Grupo: PR-BMB DSF 21,232316,007165d0-5481-4cac-bfbc-3380881edccc-00038b7c,PR > PR-PDA-LGC-PLANTA DE AGUA > PR-PDA-LGC-CISTERNA DE AGUA CLARIFICADA > PR-PDA-BMB-AGC05,contenedor_por_scoring,,asociado_a_contenedor,SI,btz_description_08,escrito_en_slot_btz
PR-PDA-TNQ-ACR,TANQUE AGUA CRUDA (ELEVADO) | Grupo: PR-TNQ ACR,374469,f26b48f9-0279-47cf-b5b3-6772136bf76f-0005b6c5,PR > PR-PDA-LGC-PLANTA DE AGUA > PR-PDA-LGC-GENERAL > PR-PDA-TNQ-AGC,contenedor_por_scoring,,asociado_a_contenedor,SI,btz_description_05,escrito_en_slot_btz
PR-PDA-BMB-AGP01,BOMBA DE AGUA POZO Nº 1 | Grupo: PR-BMB AGP 1,232316,007165d0-5481-4cac-bfbc-3380881edccc-00038b7c,PR > PR-PDA-LGC-PLANTA DE AGUA > PR-PDA-LGC-CISTERNA DE AGUA CLARIFICADA > PR-PDA-BMB-AGC05,contenedor_por_scoring,,asociado_a_contenedor,SI,btz_description_09,escrito_en_slot_btz
PR-PDA-BMB-AGP02,BOMBA DE AGUA POZO Nº 2 | Grupo: PR-BMB AGP 2,232316,007165d0-5481-4cac-bfbc-3380881edccc-00038b7c,PR > PR-PDA-LGC-PLANTA DE AGUA > PR-PDA-LGC-CISTERNA DE AGUA CLARIFICADA > PR-PDA-BMB-AGC05,contenedor_por_scoring,,asociado_a_contenedor,SI,btz_description_10,escrito_en_slot_btz
PR-PDA-BMB-AGP03,BOMBA DE AGUA POZO Nº 3 | Grupo: PR-BMB AGP 3,232316,007165d0-5481-4cac-bfbc-3380881edccc-00038b7c,PR > PR-PDA-LGC-PLANTA DE AGUA > PR-PDA-LGC-CISTERNA DE AGUA CLARIFICADA > PR-PDA-BMB-AGC05,contenedor_por_scoring,,asociado_a_contenedor,SI,btz_description_11,escrito_en_slot_btz
PR-PDA-TNQ-ACS,TANQUE ACIDO SULFURICO HOR. | Grupo: PR-TNQ ACS,374469,f26b48f9-0279-47cf-b5b3-6772136bf76f-0005b6c5,PR > PR-PDA-LGC-PLANTA DE AGUA > PR-PDA-LGC-GENERAL > PR-PDA-TNQ-AGC,contenedor_por_scoring,,asociado_a_contenedor,SI,btz_description_06,escrito_en_slot_btz
PR-PDA-BMB-ACS01,BOMBA DESCARGA ACIDO SULFURICO | Grupo: PR-BMB DAS,232316,007165d0-5481-4cac-bfbc-3380881edccc-00038b7c,PR > PR-PDA-LGC-PLANTA DE AGUA > PR-PDA-LGC-CISTERNA DE AGUA CLARIFICADA > PR-PDA-BMB-AGC05,contenedor_por_scoring,,asociado_a_contenedor,SI,btz_description_12,escrito_en_slot_btz
PR-PDA-TNQ-ADE,TANQUE AGUA DESMINERALIZADA SUR | Grupo: PR-TNQ ADE,374469,f26b48f9-0279-47cf-b5b3-6772136bf76f-0005b6c5,PR > PR-PDA-LGC-PLANTA DE AGUA > PR-PDA-LGC-GENERAL > PR-PDA-TNQ-AGC,contenedor_por_scoring,,asociado_a_contenedor,SI,btz_description_07,escrito_en_slot_btz
PR-PDA-BMB-AGD03,BOMBA AGUA DESMINER. (S)  <PRINC.> | Grupo: PR-BMB AGD S,232316,007165d0-5481-4cac-bfbc-3380881edccc-00038b7c,PR > PR-PDA-LGC-PLANTA DE AGUA > PR-PDA-LGC-CISTERNA DE AGUA CLARIFICADA > PR-PDA-BMB-AGC05,contenedor_por_scoring,,asociado_a_contenedor,SI,btz_description_13,escrito_en_slot_btz
PR-PDA-BMB-AGD04,BOMBA AGUA DESMINERALIZADA (N)  <AUX.> | Grupo: PR-BMB AGD N,232316,007165d0-5481-4cac-bfbc-3380881edccc-00038b7c,PR > PR-PDA-LGC-PLANTA DE AGUA > PR-PDA-LGC-CISTERNA DE AGUA CLARIFICADA > PR-PDA-BMB-AGC05,contenedor_por_scoring,,asociado_a_contenedor,SI,btz_description_14,escrito_en_slot_btz
PR-PDA-TNQ-SOC,TANQUE SODA CAUSTICA HOR. | Grupo: PR-TNQ SOC,374469,f26b48f9-0279-47cf-b5b3-6772136bf76f-0005b6c5,PR > PR-PDA-LGC-PLANTA DE AGUA > PR-PDA-LGC-GENERAL > PR-PDA-TNQ-AGC,contenedor_por_scoring,,asociado_a_contenedor,SI,btz_description_08,escrito_en_slot_btz
PR-PDA-BMB-SOC22,BOMBA DESCARGA SODA CAUSTICA | Grupo: PR-BMB DSC SC,232316,007165d0-5481-4cac-bfbc-3380881edccc-00038b7c,PR > PR-PDA-LGC-PLANTA DE AGUA > PR-PDA-LGC-CISTERNA DE AGUA CLARIFICADA > PR-PDA-BMB-AGC05,contenedor_por_scoring,,asociado_a_contenedor,SI,btz_description_15,escrito_en_slot_btz
PR-PDA-BMB-SOC23,BOMBA DISTRIBUCION SODA CAUSTICA | Grupo: PR-BMB DST SC,232316,007165d0-5481-4cac-bfbc-3380881edccc-00038b7c,PR > PR-PDA-LGC-PLANTA DE AGUA > PR-PDA-LGC-CISTERNA DE AGUA CLARIFICADA > PR-PDA-BMB-AGC05,contenedor_por_scoring,,asociado_a_contenedor,SI,btz_description_16,escrito_en_slot_btz
PR-PDA-TNQ-T1EEFL,TANQUE Nº1 ECUALIZACION DE EFLUENTE | Grupo: PR-TNQ-T1EEFL,374469,f26b48f9-0279-47cf-b5b3-6772136bf76f-0005b6c5,PR > PR-PDA-LGC-PLANTA DE AGUA > PR-PDA-LGC-GENERAL > PR-PDA-TNQ-AGC,contenedor_por_scoring,,asociado_a_contenedor,SI,btz_description_09,escrito_en_slot_btz
PR-PDA-BMB-B1AT2,BOMBA Nº1 ENVIO EFLUENTE A TANQUE Nº 2 | Grupo: PR-BMB-B1AT2,232316,007165d0-5481-4cac-bfbc-3380881edccc-00038b7c,PR > PR-PDA-LGC-PLANTA DE AGUA > PR-PDA-LGC-CISTERNA DE AGUA CLARIFICADA > PR-PDA-BMB-AGC05,contenedor_por_scoring,,asociado_a_contenedor,SI,btz_description_17,escrito_en_slot_btz
PR-PDA-BMB-B2AT2,BOMBA Nº2 ENVIO EFLUENTE A TANQUE Nº 2 | Grupo: PR-BMB-B2AT2,232316,007165d0-5481-4cac-bfbc-3380881edccc-00038b7c,PR > PR-PDA-LGC-PLANTA DE AGUA > PR-PDA-LGC-CISTERNA DE AGUA CLARIFICADA > PR-PDA-BMB-AGC05,contenedor_por_scoring,,asociado_a_contenedor,SI,btz_description_18,escrito_en_slot_btz
PR-PDA-TNQ-T2EEFL,TANQUE Nº2  ECUALIZACION EFLUENTE | Grupo: PR-TNQ-T2EEFL,374469,f26b48f9-0279-47cf-b5b3-6772136bf76f-0005b6c5,PR > PR-PDA-LGC-PLANTA DE AGUA > PR-PDA-LGC-GENERAL > PR-PDA-TNQ-AGC,contenedor_por_scoring,,asociado_a_contenedor,SI,btz_description_10,escrito_en_slot_btz
PR-PDA-BMB-B3DAD,BOMBA Nº3 DESCARGA A DESAGUE | Grupo: PR-BMB-B3DAD,232316,007165d0-5481-4cac-bfbc-3380881edccc-00038b7c,PR > PR-PDA-LGC-PLANTA DE AGUA > PR-PDA-LGC-CISTERNA DE AGUA CLARIFICADA > PR-PDA-BMB-AGC05,contenedor_por_scoring,,asociado_a_contenedor,SI,btz_description_19,escrito_en_slot_btz
PR-PDA-BMB-B4DAD,BOMBA Nº4 DESCARGA A DESAGUE | Grupo: PR-BMB-B4DAD,232316,007165d0-5481-4cac-bfbc-3380881edccc-00038b7c,PR > PR-PDA-LGC-PLANTA DE AGUA > PR-PDA-LGC-CISTERNA DE AGUA CLARIFICADA > PR-PDA-BMB-AGC05,contenedor_por_scoring,,asociado_a_contenedor,SI,btz_description_20,escrito_en_slot_btz
PR-PDA-BMB-BAPH,BOMBA AJUSTE DE PH PARA DESCARGA A DESAGUE | Grupo: PR-BMB-BAPH,232316,007165d0-5481-4cac-bfbc-3380881edccc-00038b7c,PR > PR-PDA-LGC-PLANTA DE AGUA > PR-PDA-LGC-CISTERNA DE AGUA CLARIFICADA > PR-PDA-BMB-AGC05,contenedor_por_scoring,,asociado_a_contenedor,SI,btz_description_21,escrito_en_slot_btz
PR-PDA-TNQ-TRAC,TANQUE RECEPCION AGUA CLARIFICADA | Grupo: PR-TNQ AC,374469,f26b48f9-0279-47cf-b5b3-6772136bf76f-0005b6c5,PR > PR-PDA-LGC-PLANTA DE AGUA > PR-PDA-LGC-GENERAL > PR-PDA-TNQ-AGC,contenedor_por_scoring,,asociado_a_contenedor,SI,btz_description_11,escrito_en_slot_btz
PR-PDA-BMB-AGC04,BOMBA AGUA CLARIFICADA Nº 4  <EXT.> | Grupo: PR-BMB AGC 4,232316,007165d0-5481-4cac-bfbc-3380881edccc-00038b7c,PR > PR-PDA-LGC-PLANTA DE AGUA > PR-PDA-LGC-CISTERNA DE AGUA CLARIFICADA > PR-PDA-BMB-AGC05,contenedor_por_scoring,,asociado_a_contenedor,SI,btz_description_22,escrito_en_slot_btz
PR-PDA-TNQ-VES,TANQUE DE AGUA VESTUARIOS | Grupo: PR-TNQ VES,374469,f26b48f9-0279-47cf-b5b3-6772136bf76f-0005b6c5,PR > PR-PDA-LGC-PLANTA DE AGUA > PR-PDA-LGC-GENERAL > PR-PDA-TNQ-AGC,contenedor_por_scoring,,asociado_a_contenedor,SI,btz_description_12,escrito_en_slot_btz
PR-PDA-BMB-AGC01,BOMBA AGUA CLARIFICADA Nº 1  <C> | Grupo: PR-BMB AGC 1,232316,007165d0-5481-4cac-bfbc-3380881edccc-00038b7c,PR > PR-PDA-LGC-PLANTA DE AGUA > PR-PDA-LGC-CISTERNA DE AGUA CLARIFICADA > PR-PDA-BMB-AGC05,contenedor_por_scoring,,asociado_a_contenedor,SI,btz_description_23,escrito_en_slot_btz
PR-PDA-TNQ-TAGA1,TANQUE DE AGUA ACIDA TREN DEMI Nº1 | Grupo: PR-TNQ-TAGA1,374469,f26b48f9-0279-47cf-b5b3-6772136bf76f-0005b6c5,PR > PR-PDA-LGC-PLANTA DE AGUA > PR-PDA-LGC-GENERAL > PR-PDA-TNQ-AGC,contenedor_por_scoring,,asociado_a_contenedor,SI,btz_description_13,escrito_en_slot_btz
PR-PDA-BMB-AGA01,BOMBA AGUA ACIDA Nº1 (SUR) | Grupo: PR-BMB AGA 1,232316,007165d0-5481-4cac-bfbc-3380881edccc-00038b7c,PR > PR-PDA-LGC-PLANTA DE AGUA > PR-PDA-LGC-CISTERNA DE AGUA CLARIFICADA > PR-PDA-BMB-AGC05,contenedor_por_scoring,,asociado_a_contenedor,SI,btz_description_24,escrito_en_slot_btz
PR-PDA-TNQ-TPSRA1,TANQUE PREPARACION SOLUC. REGEN. ACIDO TD. Nº1 | Grupo: PR-TNQ-TPSRA1,374469,f26b48f9-0279-47cf-b5b3-6772136bf76f-0005b6c5,PR > PR-PDA-LGC-PLANTA DE AGUA > PR-PDA-LGC-GENERAL > PR-PDA-TNQ-AGC,contenedor_por_scoring,,asociado_a_contenedor,SI,btz_description_14,escrito_en_slot_btz
PR-PDA-TNQ-TPSRAL1,TANQUE PREPARACION SOLUC. REGEN. ALCAL. TD. Nº1 | Grupo: PR-TNQ-TPSRAL1,374469,f26b48f9-0279-47cf-b5b3-6772136bf76f-0005b6c5,PR > PR-PDA-LGC-PLANTA DE AGUA > PR-PDA-LGC-GENERAL > PR-PDA-TNQ-AGC,contenedor_por_scoring,,asociado_a_contenedor,SI,btz_description_15,escrito_en_slot_btz
PR-PDA-BMB-AGC02,BOMBA AGUA CLARIFICADA Nº 2  <O> | Grupo: PR-BMB AGC 2,232316,007165d0-5481-4cac-bfbc-3380881edccc-00038b7c,PR > PR-PDA-LGC-PLANTA DE AGUA > PR-PDA-LGC-CISTERNA DE AGUA CLARIFICADA > PR-PDA-BMB-AGC05,contenedor_por_scoring,,asociado_a_contenedor,SI,btz_description_25,escrito_en_slot_btz
PR-PDA-TNQ-TAGA2,TANQUE DE AGUA ACIDA TREN DEMI Nº2 | Grupo: PR-TNQ-TAGA2,374469,f26b48f9-0279-47cf-b5b3-6772136bf76f-0005b6c5,PR > PR-PDA-LGC-PLANTA DE AGUA > PR-PDA-LGC-GENERAL > PR-PDA-TNQ-AGC,contenedor_por_scoring,,asociado_a_contenedor,SI,btz_description_16,escrito_en_slot_btz
PR-PDA-BMB-AGA02,BOMBA AGUA ACIDA Nº2 (NORTE) | Grupo: PR-BMB AGA 2,232316,007165d0-5481-4cac-bfbc-3380881edccc-00038b7c,PR > PR-PDA-LGC-PLANTA DE AGUA > PR-PDA-LGC-CISTERNA DE AGUA CLARIFICADA > PR-PDA-BMB-AGC05,contenedor_por_scoring,,asociado_a_contenedor,SI,btz_description_26,escrito_en_slot_btz
PR-PDA-TNQ-TPSRA2,TANQUE PREPARACION SOLUC. REGEN. ACIDO TD. Nº2 | Grupo: PR-TNQ-TPSRA2,374469,f26b48f9-0279-47cf-b5b3-6772136bf76f-0005b6c5,PR > PR-PDA-LGC-PLANTA DE AGUA > PR-PDA-LGC-GENERAL > PR-PDA-TNQ-AGC,contenedor_por_scoring,,asociado_a_contenedor,SI,btz_description_17,escrito_en_slot_btz
PR-PDA-TNQ-TPSRAL2,TANQUE PREPARACION SOLUC. REGEN. ALCAL. TD. Nº2 | Grupo: PR-TNQ-TPSRAL2,374469,f26b48f9-0279-47cf-b5b3-6772136bf76f-0005b6c5,PR > PR-PDA-LGC-PLANTA DE AGUA > PR-PDA-LGC-GENERAL > PR-PDA-TNQ-AGC,contenedor_por_scoring,,asociado_a_contenedor,SI,btz_description_18,escrito_en_slot_btz
PR-PDA-BMB-AGC03,BOMBA AGUA CLARIFICADA Nº 3  <E> | Grupo: PR-BMB AGC 3,232316,007165d0-5481-4cac-bfbc-3380881edccc-00038b7c,PR > PR-PDA-LGC-PLANTA DE AGUA > PR-PDA-LGC-CISTERNA DE AGUA CLARIFICADA > PR-PDA-BMB-AGC05,contenedor_por_scoring,,asociado_a_contenedor,SI,btz_description_27,escrito_en_slot_btz
PR-PDA-TNQ-TAGA3,TANQUE DE AGUA ACIDA TREN DEMI Nº3 | Grupo: PR-TNQ-TAGA3,374469,f26b48f9-0279-47cf-b5b3-6772136bf76f-0005b6c5,PR > PR-PDA-LGC-PLANTA DE AGUA > PR-PDA-LGC-GENERAL > PR-PDA-TNQ-AGC,contenedor_por_scoring,,asociado_a_contenedor,SI,btz_description_19,escrito_en_slot_btz
PR-PDA-BMB-AGA03,BOMBA AGUA ACIDA Nº3 (CENTRO) | Grupo: PR-BMB AGA 3,232316,007165d0-5481-4cac-bfbc-3380881edccc-00038b7c,PR > PR-PDA-LGC-PLANTA DE AGUA > PR-PDA-LGC-CISTERNA DE AGUA CLARIFICADA > PR-PDA-BMB-AGC05,contenedor_por_scoring,,asociado_a_contenedor,SI,btz_description_28,escrito_en_slot_btz
PR-PLL-BMB-LC3,BOMBA SISTEMA DE LUBRICACIÓN CENTRALIZADO | Grupo: PR-PLL-BMB-LC3,384351,78d32039-a934-4204-a849-af0b99e119be-0005dd5f,PR > PR-PLL-LGC-PELLETEADO > PR-PLL-LGC-GENERAL,contenedor_por_ancestro_project,PR-PLL-LGC-PELLETEADO,asociado_a_contenedor,SI,btz_description_04,escrito_en_slot_btz
PR-PLL-BMB-SCA2,BOMBA SOPLANTE CASCARA Nº 2 | Grupo: PR-BMB SOP,384351,78d32039-a934-4204-a849-af0b99e119be-0005dd5f,PR > PR-PLL-LGC-PELLETEADO > PR-PLL-LGC-GENERAL,contenedor_por_ancestro_project,PR-PLL-LGC-PELLETEADO,asociado_a_contenedor,SI,btz_description_05,escrito_en_slot_btz
PR-PLL-VLV-CAS2,VALVULA DOSIFICADORA DE CASCARA Nº 2 | Grupo: PR-VLV CSC,384351,78d32039-a934-4204-a849-af0b99e119be-0005dd5f,PR > PR-PLL-LGC-PELLETEADO > PR-PLL-LGC-GENERAL,contenedor_por_ancestro_project,PR-PLL-LGC-PELLETEADO,asociado_a_contenedor,SI,btz_description_06,escrito_en_slot_btz
PR-PLL-ENF-EP09,ENFRIADOR DE PELLET EP-09 | Grupo: PR-ENF PLL,384351,78d32039-a934-4204-a849-af0b99e119be-0005dd5f,PR > PR-PLL-LGC-PELLETEADO > PR-PLL-LGC-GENERAL,contenedor_por_ancestro_project,PR-PLL-LGC-PELLETEADO,asociado_a_contenedor,SI,btz_description_07,escrito_en_slot_btz
PR-PLL-VNT-ENF09,VENTILADOR ENFRIADOR DE PELLETERA | Grupo: PR-VNT ENF,384351,78d32039-a934-4204-a849-af0b99e119be-0005dd5f,PR > PR-PLL-LGC-PELLETEADO > PR-PLL-LGC-GENERAL,contenedor_por_ancestro_project,PR-PLL-LGC-PELLETEADO,asociado_a_contenedor,SI,btz_description_08,escrito_en_slot_btz
PR-PLL-LGC-PELLETERAS,LOGICO PELLETERAS | Grupo: PR-LOGICO,384351,78d32039-a934-4204-a849-af0b99e119be-0005dd5f,PR > PR-PLL-LGC-PELLETEADO > PR-PLL-LGC-GENERAL,contenedor_por_ancestro_project,PR-PLL-LGC-PELLETEADO,asociado_a_contenedor,SI,btz_description_09,escrito_en_slot_btz
PR-PLL-PLL-P01,PELLETERA P-01 | Grupo: PR-PLL,384351,78d32039-a934-4204-a849-af0b99e119be-0005dd5f,PR > PR-PLL-LGC-PELLETEADO > PR-PLL-LGC-GENERAL,contenedor_por_ancestro_project,PR-PLL-LGC-PELLETEADO,asociado_a_contenedor,SI,btz_description_10,escrito_en_slot_btz
PR-PLL-ACN-AP01,ACONDICIONADOR PELLETERA AP-01 | Grupo: PR-ACN PLL,384351,78d32039-a934-4204-a849-af0b99e119be-0005dd5f,PR > PR-PLL-LGC-PELLETEADO > PR-PLL-LGC-GENERAL,contenedor_por_ancestro_project,PR-PLL-LGC-PELLETEADO,asociado_a_contenedor,SI,btz_description_11,escrito_en_slot_btz
PR-PLL-ALM-ALP01,ALIMENTADOR PELLETERA ALP01 | Grupo: PR-ALM PLL,384351,78d32039-a934-4204-a849-af0b99e119be-0005dd5f,PR > PR-PLL-LGC-PELLETEADO > PR-PLL-LGC-GENERAL,contenedor_por_ancestro_project,PR-PLL-LGC-PELLETEADO,asociado_a_contenedor,SI,btz_description_12,escrito_en_slot_btz
PR-PLL-ALM-FP1,ALIM. FORZADOR PELLETERA 1 | Grupo: PR-ALM FP,384351,78d32039-a934-4204-a849-af0b99e119be-0005dd5f,PR > PR-PLL-LGC-PELLETEADO > PR-PLL-LGC-GENERAL,contenedor_por_ancestro_project,PR-PLL-LGC-PELLETEADO,asociado_a_contenedor,SI,btz_description_13,escrito_en_slot_btz
PR-PLL-PLL-P02,PELLETERA P-02 | Grupo: PR-PLL,384351,78d32039-a934-4204-a849-af0b99e119be-0005dd5f,PR > PR-PLL-LGC-PELLETEADO > PR-PLL-LGC-GENERAL,contenedor_por_ancestro_project,PR-PLL-LGC-PELLETEADO,asociado_a_contenedor,SI,btz_description_14,escrito_en_slot_btz
PR-PLL-ACN-AP02,ACONDICIONADOR PELLETERA AP-02 | Grupo: PR-ACN PLL,384351,78d32039-a934-4204-a849-af0b99e119be-0005dd5f,PR > PR-PLL-LGC-PELLETEADO > PR-PLL-LGC-GENERAL,contenedor_por_ancestro_project,PR-PLL-LGC-PELLETEADO,asociado_a_contenedor,SI,btz_description_15,escrito_en_slot_btz
PR-PLL-ALM-ALP02,ALIMENTADOR PELLETERA ALP02 | Grupo: PR-ALM PLL,384351,78d32039-a934-4204-a849-af0b99e119be-0005dd5f,PR > PR-PLL-LGC-PELLETEADO > PR-PLL-LGC-GENERAL,contenedor_por_ancestro_project,PR-PLL-LGC-PELLETEADO,asociado_a_contenedor,SI,btz_description_16,escrito_en_slot_btz
PR-PLL-ALM-FP2,ALIM. FORZADOR PELLETERA 2 | Grupo: PR-ALM FP,384351,78d32039-a934-4204-a849-af0b99e119be-0005dd5f,PR > PR-PLL-LGC-PELLETEADO > PR-PLL-LGC-GENERAL,contenedor_por_ancestro_project,PR-PLL-LGC-PELLETEADO,asociado_a_contenedor,SI,btz_description_17,escrito_en_slot_btz
PR-PLL-LGC-REDLERS,LOGICO REDLERS PELLETEADO | Grupo: PR-LOGICO,384351,78d32039-a934-4204-a849-af0b99e119be-0005dd5f,PR > PR-PLL-LGC-PELLETEADO > PR-PLL-LGC-GENERAL,contenedor_por_ancestro_project,PR-PLL-LGC-PELLETEADO,asociado_a_contenedor,SI,btz_description_18,escrito_en_slot_btz
PR-PLL-RDL-RP05,REDLER RP-05 | Grupo: PR-PLL-RDL-RP05,384351,78d32039-a934-4204-a849-af0b99e119be-0005dd5f,PR > PR-PLL-LGC-PELLETEADO > PR-PLL-LGC-GENERAL,contenedor_por_ancestro_project,PR-PLL-LGC-PELLETEADO,asociado_a_contenedor,SI,btz_description_19,escrito_en_slot_btz
PR-PLL-RDL-RP07,REDLER RP-07 | Grupo: PR-PLL-RDL-RP07,384351,78d32039-a934-4204-a849-af0b99e119be-0005dd5f,PR > PR-PLL-LGC-PELLETEADO > PR-PLL-LGC-GENERAL,contenedor_por_ancestro_project,PR-PLL-LGC-PELLETEADO,asociado_a_contenedor,SI,btz_description_20,escrito_en_slot_btz
PR-PLL-RDL-RP08,REDLER RP-08 | Grupo: PR-PLL-RDL-RP08,384351,78d32039-a934-4204-a849-af0b99e119be-0005dd5f,PR > PR-PLL-LGC-PELLETEADO > PR-PLL-LGC-GENERAL,contenedor_por_ancestro_project,PR-PLL-LGC-PELLETEADO,asociado_a_contenedor,SI,btz_description_21,escrito_en_slot_btz
PR-PLL-RDL-RP09,REDLER RP-09 | Grupo: PR-PLL-RDL-RP09,384351,78d32039-a934-4204-a849-af0b99e119be-0005dd5f,PR > PR-PLL-LGC-PELLETEADO > PR-PLL-LGC-GENERAL,contenedor_por_ancestro_project,PR-PLL-LGC-PELLETEADO,asociado_a_contenedor,SI,btz_description_22,escrito_en_slot_btz
PR-PLL-RDL-RP10,REDLER RP-10 | Grupo: PR-PLL-RDL-RP10,384351,78d32039-a934-4204-a849-af0b99e119be-0005dd5f,PR > PR-PLL-LGC-PELLETEADO > PR-PLL-LGC-GENERAL,contenedor_por_ancestro_project,PR-PLL-LGC-PELLETEADO,asociado_a_contenedor,SI,btz_description_23,escrito_en_slot_btz
PR-PLL-RDL-RP11,REDLER RP-11 | Grupo: PR-PLL-RDL-RP11,384351,78d32039-a934-4204-a849-af0b99e119be-0005dd5f,PR > PR-PLL-LGC-PELLETEADO > PR-PLL-LGC-GENERAL,contenedor_por_ancestro_project,PR-PLL-LGC-PELLETEADO,asociado_a_contenedor,SI,btz_description_24,escrito_en_slot_btz
PR-PLL-LGC-ROSCAS,LOGICO ROSCAS PELLETEADO | Grupo: PR-LOGICO,384351,78d32039-a934-4204-a849-af0b99e119be-0005dd5f,PR > PR-PLL-LGC-PELLETEADO > PR-PLL-LGC-GENERAL,contenedor_por_ancestro_project,PR-PLL-LGC-PELLETEADO,asociado_a_contenedor,SI,btz_description_25,escrito_en_slot_btz
PR-PLL-RSC-AVLV2,ROSCA ALIMENTACIÓN A VALVULA DOSIFICADORA Nº 2 | Grupo: PR-PLL-RSC-AVLV2,384351,78d32039-a934-4204-a849-af0b99e119be-0005dd5f,PR > PR-PLL-LGC-PELLETEADO > PR-PLL-LGC-GENERAL,contenedor_por_ancestro_project,PR-PLL-LGC-PELLETEADO,asociado_a_contenedor,SI,btz_description_26,escrito_en_slot_btz
PR-PLL-RSC-SF01,ROSCA SF-01 | Grupo: PR-PLL-RSC-SF01,384351,78d32039-a934-4204-a849-af0b99e119be-0005dd5f,PR > PR-PLL-LGC-PELLETEADO > PR-PLL-LGC-GENERAL,contenedor_por_ancestro_project,PR-PLL-LGC-PELLETEADO,asociado_a_contenedor,SI,btz_description_27,escrito_en_slot_btz
PR-PLL-RSC-SF02,ROSCA SF-02 | Grupo: PR-PLL-RSC-SF02,384351,78d32039-a934-4204-a849-af0b99e119be-0005dd5f,PR > PR-PLL-LGC-PELLETEADO > PR-PLL-LGC-GENERAL,contenedor_por_ancestro_project,PR-PLL-LGC-PELLETEADO,asociado_a_contenedor,SI,btz_description_28,escrito_en_slot_btz
PR-PLL-RSC-SF03,ROSCA SF-03 | Grupo: PR-PLL-RSC-SF03,384351,78d32039-a934-4204-a849-af0b99e119be-0005dd5f,PR > PR-PLL-LGC-PELLETEADO > PR-PLL-LGC-GENERAL,contenedor_por_ancestro_project,PR-PLL-LGC-PELLETEADO,asociado_a_contenedor,SI,btz_description_29,escrito_en_slot_btz
PR-PLL-RSC-SF04,ROSCA SF-04 | Grupo: PR-PLL-RSC-SF04,384351,78d32039-a934-4204-a849-af0b99e119be-0005dd5f,PR > PR-PLL-LGC-PELLETEADO > PR-PLL-LGC-GENERAL,contenedor_por_ancestro_project,PR-PLL-LGC-PELLETEADO,asociado_a_contenedor,SI,btz_description_30,escrito_en_slot_btz
PR-PLL-RSC-SF12,ROSCA SF-12 | Grupo: PR-PLL-RSC-SF12,384351,78d32039-a934-4204-a849-af0b99e119be-0005dd5f,PR > PR-PLL-LGC-PELLETEADO > PR-PLL-LGC-GENERAL,contenedor_por_ancestro_project,PR-PLL-LGC-PELLETEADO,asociado_a_contenedor,SI,btz_description_31,escrito_en_slot_btz
PR-PLL-NOR-NP06,NORIA NP-06 | Grupo: PR-PLL-NOR-NP06,384351,78d32039-a934-4204-a849-af0b99e119be-0005dd5f,PR > PR-PLL-LGC-PELLETEADO > PR-PLL-LGC-GENERAL,contenedor_por_ancestro_project,PR-PLL-LGC-PELLETEADO,asociado_a_contenedor,SI,btz_description_32,escrito_en_slot_btz
PR-PLL-QBR-QP01,QUEBRADOR DE PELLET QP-01 | Grupo: PR-QBR PLL,384351,78d32039-a934-4204-a849-af0b99e119be-0005dd5f,PR > PR-PLL-LGC-PELLETEADO > PR-PLL-LGC-GENERAL,contenedor_por_ancestro_project,PR-PLL-LGC-PELLETEADO,asociado_a_contenedor,SI,btz_description_33,escrito_en_slot_btz
PR-PLL-ALM-AQP01,ALIMENTADOR DE QUEBRADOR DE PELLET 1 | Grupo: PR-ALM QPL,384351,78d32039-a934-4204-a849-af0b99e119be-0005dd5f,PR > PR-PLL-LGC-PELLETEADO > PR-PLL-LGC-GENERAL,contenedor_por_ancestro_project,PR-PLL-LGC-PELLETEADO,asociado_a_contenedor,SI,btz_description_34,escrito_en_slot_btz
PR-PLL-SIS-SPLP,LINEA DE SOPLADO CASCARA PELLETERA | Grupo: PR-SIS SPL,384351,78d32039-a934-4204-a849-af0b99e119be-0005dd5f,PR > PR-PLL-LGC-PELLETEADO > PR-PLL-LGC-GENERAL,contenedor_por_ancestro_project,PR-PLL-LGC-PELLETEADO,asociado_a_contenedor,SI,btz_description_35,escrito_en_slot_btz
PR-PLL-SLO-PLM01,SILO PULMON DE CASCARA 1 | Grupo: PR-SLO PLM CSC,384351,78d32039-a934-4204-a849-af0b99e119be-0005dd5f,PR > PR-PLL-LGC-PELLETEADO > PR-PLL-LGC-GENERAL,contenedor_por_ancestro_project,PR-PLL-LGC-PELLETEADO,asociado_a_contenedor,SI,btz_description_36,escrito_en_slot_btz
PR-PLL-TLV-SCA,TOLVA CASCARA PELLETERA | Grupo: PR-TLV CASCARA,384351,78d32039-a934-4204-a849-af0b99e119be-0005dd5f,PR > PR-PLL-LGC-PELLETEADO > PR-PLL-LGC-GENERAL,contenedor_por_ancestro_project,PR-PLL-LGC-PELLETEADO,asociado_a_contenedor,SI,btz_description_37,escrito_en_slot_btz
PR-PLYMP-PTV-CAM01,RAMPA VOLC. CAMIONES Nº 1 | Grupo: PR-PTV01,195058,f81472a3-6fc8-48c2-b0db-9288e233878c-0002f9f2,PR > PR-PLYMP-LGC-PLAYA Y MP > PR-PLYMP-LGC-PLATAFORMAS VOLC > ptv 15 y 16,contenedor_por_scoring,,asociado_a_contenedor,SI,btz_description_05,escrito_en_slot_btz
PR-PLYMP-PTV-CAM02,RAMPA VOLC. CAMIONES Nº 2 | Grupo: PR-PTV02,195058,f81472a3-6fc8-48c2-b0db-9288e233878c-0002f9f2,PR > PR-PLYMP-LGC-PLAYA Y MP > PR-PLYMP-LGC-PLATAFORMAS VOLC > ptv 15 y 16,contenedor_por_scoring,,asociado_a_contenedor,SI,btz_description_06,escrito_en_slot_btz
PR-PLYMP-PTV-CAM04,RAMPA VOLC. CAMIONES Nº 4 | Grupo: PR-PTV04,195058,f81472a3-6fc8-48c2-b0db-9288e233878c-0002f9f2,PR > PR-PLYMP-LGC-PLAYA Y MP > PR-PLYMP-LGC-PLATAFORMAS VOLC > ptv 15 y 16,contenedor_por_scoring,,asociado_a_contenedor,SI,btz_description_07,escrito_en_slot_btz
PR-PLYMP-PTV-CAM06,RAMPA VOLC. CAMIONES Nº 6  SKW   <S> | Grupo: PR-PTV06,195058,f81472a3-6fc8-48c2-b0db-9288e233878c-0002f9f2,PR > PR-PLYMP-LGC-PLAYA Y MP > PR-PLYMP-LGC-PLATAFORMAS VOLC > ptv 15 y 16,contenedor_por_scoring,,asociado_a_contenedor,SI,btz_description_08,escrito_en_slot_btz
PR-PLYMP-PTV-CAM07,RAMPA VOLC. CAMIONES Nº 7  SKW   <N> | Grupo: PR-PTV07,195058,f81472a3-6fc8-48c2-b0db-9288e233878c-0002f9f2,PR > PR-PLYMP-LGC-PLAYA Y MP > PR-PLYMP-LGC-PLATAFORMAS VOLC > ptv 15 y 16,contenedor_por_scoring,,asociado_a_contenedor,SI,btz_description_09,escrito_en_slot_btz
PR-PLYMP-PTV-CAM08,RAMPA VOLC. CAMIONES Nº 8 | Grupo: PR-PTV08,195058,f81472a3-6fc8-48c2-b0db-9288e233878c-0002f9f2,PR > PR-PLYMP-LGC-PLAYA Y MP > PR-PLYMP-LGC-PLATAFORMAS VOLC > ptv 15 y 16,contenedor_por_scoring,,asociado_a_contenedor,SI,btz_description_10,escrito_en_slot_btz
PR-PLYMP-PTV-CAM09,RAMPA VOLC. CAMIONES Nº 9  <S> | Grupo: PR-PTV09,195058,f81472a3-6fc8-48c2-b0db-9288e233878c-0002f9f2,PR > PR-PLYMP-LGC-PLAYA Y MP > PR-PLYMP-LGC-PLATAFORMAS VOLC > ptv 15 y 16,contenedor_por_scoring,,asociado_a_contenedor,SI,btz_description_11,escrito_en_slot_btz
PR-PLYMP-PTV-CAM10,RAMPA VOLC. CAMIONES Nº 10  <N> | Grupo: PR-PTV10,195058,f81472a3-6fc8-48c2-b0db-9288e233878c-0002f9f2,PR > PR-PLYMP-LGC-PLAYA Y MP > PR-PLYMP-LGC-PLATAFORMAS VOLC > ptv 15 y 16,contenedor_por_scoring,,asociado_a_contenedor,SI,btz_description_12,escrito_en_slot_btz
PR-PLYMP-CNT-CBS02,CINTA TRANSP. CBS 2 | Grupo: PR-CNT CBS02,167022,e42370da-1003-4b82-9a27-4cb40db2c9bb-00028c6e,PR > PR-PLYMP-LGC-PLAYA Y MP > PR-PLYMP-LGC-SILOS CELDA > PR-PLYMP-SLO-DMP02,contenedor_por_ancestro_project,PR-PLYMP-SLO-DMP02,asociado_a_contenedor,SI,btz_description_05,escrito_en_slot_btz
PR-PLYMP-CRR-CBS02-1,CARRO INFERIOR Nº 1 CINTA BAJO CELDA 02 | Grupo: PR-CRR INF,167022,e42370da-1003-4b82-9a27-4cb40db2c9bb-00028c6e,PR > PR-PLYMP-LGC-PLAYA Y MP > PR-PLYMP-LGC-SILOS CELDA > PR-PLYMP-SLO-DMP02,contenedor_por_ancestro_project,PR-PLYMP-SLO-DMP02,asociado_a_contenedor,SI,btz_description_06,escrito_en_slot_btz
PR-PLYMP-CRR-CBS02-2,CARRO INFERIOR Nº 2 CINTA BAJO CELDA 02 | Grupo: PR-CRR INF,167022,e42370da-1003-4b82-9a27-4cb40db2c9bb-00028c6e,PR > PR-PLYMP-LGC-PLAYA Y MP > PR-PLYMP-LGC-SILOS CELDA > PR-PLYMP-SLO-DMP02,contenedor_por_ancestro_project,PR-PLYMP-SLO-DMP02,asociado_a_contenedor,SI,btz_description_07,escrito_en_slot_btz
PR-PLYMP-CNT-CSS02,CINTA TRANSP. CSS 2 | Grupo: PR-CNT-CSS02,167022,e42370da-1003-4b82-9a27-4cb40db2c9bb-00028c6e,PR > PR-PLYMP-LGC-PLAYA Y MP > PR-PLYMP-LGC-SILOS CELDA > PR-PLYMP-SLO-DMP02,contenedor_por_ancestro_project,PR-PLYMP-SLO-DMP02,asociado_a_contenedor,SI,btz_description_08,escrito_en_slot_btz
PR-PLYMP-CRR-CSS02,CARRO DISTRIBUIDOR CINTA SOBRE CELDA 02 | Grupo: PR-CRR DST,167022,e42370da-1003-4b82-9a27-4cb40db2c9bb-00028c6e,PR > PR-PLYMP-LGC-PLAYA Y MP > PR-PLYMP-LGC-SILOS CELDA > PR-PLYMP-SLO-DMP02,contenedor_por_ancestro_project,PR-PLYMP-SLO-DMP02,asociado_a_contenedor,SI,btz_description_09,escrito_en_slot_btz
PR-PLYMP-SIS-TRM-DMP02,SISTEMA DE MEDICION DE TERMOMETRIA CELDA 02 | Grupo: PR-SIS TRM,167022,e42370da-1003-4b82-9a27-4cb40db2c9bb-00028c6e,PR > PR-PLYMP-LGC-PLAYA Y MP > PR-PLYMP-LGC-SILOS CELDA > PR-PLYMP-SLO-DMP02,contenedor_por_ancestro_project,PR-PLYMP-SLO-DMP02,asociado_a_contenedor,SI,btz_description_10,escrito_en_slot_btz
PR-PLYMP-VNT-AIRS2-3,VENTILADOR Nº 1 AIREACION CELDA 02  Y 03 | Grupo: PR-VNT C02-3,167022,e42370da-1003-4b82-9a27-4cb40db2c9bb-00028c6e,PR > PR-PLYMP-LGC-PLAYA Y MP > PR-PLYMP-LGC-SILOS CELDA > PR-PLYMP-SLO-DMP02,contenedor_por_ancestro_project,PR-PLYMP-SLO-DMP02,asociado_a_contenedor,SI,btz_description_11,escrito_en_slot_btz
PR-PLYMP-VNT-AIRS21,VENTILADOR Nº 1 AIREACION CELDA 02 <E> | Grupo: PR-VNT C02,167022,e42370da-1003-4b82-9a27-4cb40db2c9bb-00028c6e,PR > PR-PLYMP-LGC-PLAYA Y MP > PR-PLYMP-LGC-SILOS CELDA > PR-PLYMP-SLO-DMP02,contenedor_por_ancestro_project,PR-PLYMP-SLO-DMP02,asociado_a_contenedor,SI,btz_description_12,escrito_en_slot_btz
PR-PLYMP-VNT-AIRS22,VENTILADOR Nº 2 AIREACION CELDA 02<C> | Grupo: PR-VNT C02,167022,e42370da-1003-4b82-9a27-4cb40db2c9bb-00028c6e,PR > PR-PLYMP-LGC-PLAYA Y MP > PR-PLYMP-LGC-SILOS CELDA > PR-PLYMP-SLO-DMP02,contenedor_por_ancestro_project,PR-PLYMP-SLO-DMP02,asociado_a_contenedor,SI,btz_description_13,escrito_en_slot_btz
PR-PLYMP-CNT-CBS03,CINTA TRANSP. CBS 3 | Grupo: PR-CNT CBS03,167124,e42370da-1003-4b82-9a27-4cb40db2c9bb-00028cd4,PR > PR-PLYMP-LGC-PLAYA Y MP > PR-PLYMP-LGC-SILOS CELDA > PR-PLYMP-SLO-DMP03,contenedor_por_ancestro_project,PR-PLYMP-SLO-DMP03,asociado_a_contenedor,SI,btz_description_05,escrito_en_slot_btz
PR-PLYMP-CRR-CBS3N,CARRO INFERIOR NORTE CINTA BAJO CELDA 03 | Grupo: PR-CRR INF,167124,e42370da-1003-4b82-9a27-4cb40db2c9bb-00028cd4,PR > PR-PLYMP-LGC-PLAYA Y MP > PR-PLYMP-LGC-SILOS CELDA > PR-PLYMP-SLO-DMP03,contenedor_por_ancestro_project,PR-PLYMP-SLO-DMP03,asociado_a_contenedor,SI,btz_description_06,escrito_en_slot_btz
PR-PLYMP-CRR-CBS3S,CARRO DISTRIBUIDOR 2 CBS3 <S> | Grupo: PR-CRR DST,167124,e42370da-1003-4b82-9a27-4cb40db2c9bb-00028cd4,PR > PR-PLYMP-LGC-PLAYA Y MP > PR-PLYMP-LGC-SILOS CELDA > PR-PLYMP-SLO-DMP03,contenedor_por_ancestro_project,PR-PLYMP-SLO-DMP03,asociado_a_contenedor,SI,btz_description_07,escrito_en_slot_btz
PR-PLYMP-CNT-CSS03,CINTA TRANSP. CSS 3 | Grupo: PR-CNT-CSS03,167124,e42370da-1003-4b82-9a27-4cb40db2c9bb-00028cd4,PR > PR-PLYMP-LGC-PLAYA Y MP > PR-PLYMP-LGC-SILOS CELDA > PR-PLYMP-SLO-DMP03,contenedor_por_ancestro_project,PR-PLYMP-SLO-DMP03,asociado_a_contenedor,SI,btz_description_08,escrito_en_slot_btz
PR-PLYMP-CRR-CSS03,CARRO DISTRIBUIDOR CINTA SOBRE CELDA 03 | Grupo: PR-CRR DST,167124,e42370da-1003-4b82-9a27-4cb40db2c9bb-00028cd4,PR > PR-PLYMP-LGC-PLAYA Y MP > PR-PLYMP-LGC-SILOS CELDA > PR-PLYMP-SLO-DMP03,contenedor_por_ancestro_project,PR-PLYMP-SLO-DMP03,asociado_a_contenedor,SI,btz_description_09,escrito_en_slot_btz
PR-PLYMP-LDV-LS03E,LINEA DE VIDA INTERIOR SILO 03 ESTE LDV-HOR-833 | Grupo: PR-LDV SILO 03,167124,e42370da-1003-4b82-9a27-4cb40db2c9bb-00028cd4,PR > PR-PLYMP-LGC-PLAYA Y MP > PR-PLYMP-LGC-SILOS CELDA > PR-PLYMP-SLO-DMP03,contenedor_por_ancestro_project,PR-PLYMP-SLO-DMP03,asociado_a_contenedor,SI,btz_description_10,escrito_en_slot_btz
PR-PLYMP-LDV-LS03O,LINEA DE VIDA INTERIOR SILO 03 OESTE LDV-HOR-834 | Grupo: PR-LDV SILO 03,167124,e42370da-1003-4b82-9a27-4cb40db2c9bb-00028cd4,PR > PR-PLYMP-LGC-PLAYA Y MP > PR-PLYMP-LGC-SILOS CELDA > PR-PLYMP-SLO-DMP03,contenedor_por_ancestro_project,PR-PLYMP-SLO-DMP03,asociado_a_contenedor,SI,btz_description_11,escrito_en_slot_btz
PR-PLYMP-SIS-TRM-DMP03,SISTEMA DE MEDICION DE TERMOMETRIA CELDA 03 | Grupo: PR-SIS TRM,167124,e42370da-1003-4b82-9a27-4cb40db2c9bb-00028cd4,PR > PR-PLYMP-LGC-PLAYA Y MP > PR-PLYMP-LGC-SILOS CELDA > PR-PLYMP-SLO-DMP03,contenedor_por_ancestro_project,PR-PLYMP-SLO-DMP03,asociado_a_contenedor,SI,btz_description_12,escrito_en_slot_btz
PR-PLYMP-VNT-AIRS31,VENTILADOR Nº 1 AIREACION CELDA 03 <E> | Grupo: PR-VNT C03,167124,e42370da-1003-4b82-9a27-4cb40db2c9bb-00028cd4,PR > PR-PLYMP-LGC-PLAYA Y MP > PR-PLYMP-LGC-SILOS CELDA > PR-PLYMP-SLO-DMP03,contenedor_por_ancestro_project,PR-PLYMP-SLO-DMP03,asociado_a_contenedor,SI,btz_description_13,escrito_en_slot_btz
PR-PLYMP-VNT-AIRS32,VENTILADOR AIREACION CELDA 03 | Grupo: PR-VNT C03,167124,e42370da-1003-4b82-9a27-4cb40db2c9bb-00028cd4,PR > PR-PLYMP-LGC-PLAYA Y MP > PR-PLYMP-LGC-SILOS CELDA > PR-PLYMP-SLO-DMP03,contenedor_por_ancestro_project,PR-PLYMP-SLO-DMP03,asociado_a_contenedor,SI,btz_description_14,escrito_en_slot_btz
PR-PLYMP-VNT-AIRS33,VENTILADOR Nº 3 AIREACION CELDA 03<O> | Grupo: PR-VNT C03,167124,e42370da-1003-4b82-9a27-4cb40db2c9bb-00028cd4,PR > PR-PLYMP-LGC-PLAYA Y MP > PR-PLYMP-LGC-SILOS CELDA > PR-PLYMP-SLO-DMP03,contenedor_por_ancestro_project,PR-PLYMP-SLO-DMP03,asociado_a_contenedor,SI,btz_description_15,escrito_en_slot_btz
PR-PLYMP-LDV-LS04E,LINEA DE VIDA INTERIOR SILO 04 ESTE LDV-HOR-835 | Grupo: PR-LDV SILO 04,372668,c1b86e07-db16-4679-93c3-323d244a69e5-0005afbc,PR > PR-PLYMP-LGC-PLAYA Y MP > PR-PLYMP-LGC-SILOS CELDA > PR-PLYMP-SLO-DMP04,contenedor_por_ancestro_project,PR-PLYMP-SLO-DMP04,asociado_a_contenedor,SI,btz_description_05,escrito_en_slot_btz
PR-PLYMP-LDV-LS04O,LINEA DE VIDA INTERIOR SILO 04 OESTE LDV-HOR-836 | Grupo: PR-LDV SILO 04,372668,c1b86e07-db16-4679-93c3-323d244a69e5-0005afbc,PR > PR-PLYMP-LGC-PLAYA Y MP > PR-PLYMP-LGC-SILOS CELDA > PR-PLYMP-SLO-DMP04,contenedor_por_ancestro_project,PR-PLYMP-SLO-DMP04,asociado_a_contenedor,SI,btz_description_06,escrito_en_slot_btz
PR-PLYMP-VNT-ASPS4,VENTILADOR ASPIRACION  <S-4> | Grupo: PR-VNT S4,372668,c1b86e07-db16-4679-93c3-323d244a69e5-0005afbc,PR > PR-PLYMP-LGC-PLAYA Y MP > PR-PLYMP-LGC-SILOS CELDA > PR-PLYMP-SLO-DMP04,contenedor_por_ancestro_project,PR-PLYMP-SLO-DMP04,asociado_a_contenedor,SI,btz_description_07,escrito_en_slot_btz
PR-PLYMP-LDV-LS05E,LINEA DE VIDA INTERIOR SILO 05 ESTE LDV-HOR-837 | Grupo: PR-LDV SILO 05,374552,f26b48f9-0279-47cf-b5b3-6772136bf76f-0005b718,PR > PR-PLYMP-LGC-PLAYA Y MP > PR-PLYMP-LGC-SILOS CELDA > PR-PLYMP-SLO-DMP05,contenedor_por_ancestro_project,PR-PLYMP-SLO-DMP05,asociado_a_contenedor,SI,btz_description_05,escrito_en_slot_btz
PR-PLYMP-LDV-LS05O,LINEA DE VIDA INTERIOR SILO 05 OESTE LDV-HOR-838 | Grupo: PR-LDV SILO 05,374552,f26b48f9-0279-47cf-b5b3-6772136bf76f-0005b718,PR > PR-PLYMP-LGC-PLAYA Y MP > PR-PLYMP-LGC-SILOS CELDA > PR-PLYMP-SLO-DMP05,contenedor_por_ancestro_project,PR-PLYMP-SLO-DMP05,asociado_a_contenedor,SI,btz_description_06,escrito_en_slot_btz
PR-PLYMP-VNT-ASPS5,VENTILADOR ASPIRACION  <S-5> | Grupo: PR-VNT S5,374552,f26b48f9-0279-47cf-b5b3-6772136bf76f-0005b718,PR > PR-PLYMP-LGC-PLAYA Y MP > PR-PLYMP-LGC-SILOS CELDA > PR-PLYMP-SLO-DMP05,contenedor_por_ancestro_project,PR-PLYMP-SLO-DMP05,asociado_a_contenedor,SI,btz_description_07,escrito_en_slot_btz
PR-PLYMP-CNT-CBS12,CINTA TRANSP. CBS 12 | Grupo: PR-CNT CBS12,164292,c75bd4f0-baf2-4f40-8a34-9dc82f291cda-000281c4,PR > PR-PLYMP-LGC-PLAYA Y MP > PR-PLYMP-LGC-SILOS CELDA > PR-PLYMP-SLO-DMP12,contenedor_por_ancestro_project,PR-PLYMP-SLO-DMP12,asociado_a_contenedor,SI,btz_description_05,escrito_en_slot_btz
PR-PLYMP-CRR-CBS12-1,CARRO INFERIOR Nº 1 CINTA BAJO CELDA 12 | Grupo: PR-CRR INF,164292,c75bd4f0-baf2-4f40-8a34-9dc82f291cda-000281c4,PR > PR-PLYMP-LGC-PLAYA Y MP > PR-PLYMP-LGC-SILOS CELDA > PR-PLYMP-SLO-DMP12,contenedor_por_ancestro_project,PR-PLYMP-SLO-DMP12,asociado_a_contenedor,SI,btz_description_06,escrito_en_slot_btz
PR-PLYMP-CRR-CBS12-2,CARRO INFERIOR Nº 2 CINTA BAJO CELDA 12 | Grupo: PR-CRR INF,164292,c75bd4f0-baf2-4f40-8a34-9dc82f291cda-000281c4,PR > PR-PLYMP-LGC-PLAYA Y MP > PR-PLYMP-LGC-SILOS CELDA > PR-PLYMP-SLO-DMP12,contenedor_por_ancestro_project,PR-PLYMP-SLO-DMP12,asociado_a_contenedor,SI,btz_description_07,escrito_en_slot_btz
PR-PLYMP-CNT-CSS12,CINTA TRANSP. CSS 12 | Grupo: PR-CNT-CSS12,164292,c75bd4f0-baf2-4f40-8a34-9dc82f291cda-000281c4,PR > PR-PLYMP-LGC-PLAYA Y MP > PR-PLYMP-LGC-SILOS CELDA > PR-PLYMP-SLO-DMP12,contenedor_por_ancestro_project,PR-PLYMP-SLO-DMP12,asociado_a_contenedor,SI,btz_description_08,escrito_en_slot_btz
PR-PLYMP-CRR-CSS12,CARRO DISTRIBUIDOR CINTA SOBRE CELDA 12 | Grupo: PR-CRR DST,164292,c75bd4f0-baf2-4f40-8a34-9dc82f291cda-000281c4,PR > PR-PLYMP-LGC-PLAYA Y MP > PR-PLYMP-LGC-SILOS CELDA > PR-PLYMP-SLO-DMP12,contenedor_por_ancestro_project,PR-PLYMP-SLO-DMP12,asociado_a_contenedor,SI,btz_description_09,escrito_en_slot_btz
PR-PLYMP-RDL-RBS12,REDLER RBS-12 | Grupo: PR-PLYMP-RDL-RBS12,164292,c75bd4f0-baf2-4f40-8a34-9dc82f291cda-000281c4,PR > PR-PLYMP-LGC-PLAYA Y MP > PR-PLYMP-LGC-SILOS CELDA > PR-PLYMP-SLO-DMP12,contenedor_por_ancestro_project,PR-PLYMP-SLO-DMP12,asociado_a_contenedor,SI,btz_description_10,escrito_en_slot_btz
PR-PLYMP-RDL-RBS12/1,REDLER RBS-12/1 | Grupo: PR-PLYMP-RDL-RBS121,164292,c75bd4f0-baf2-4f40-8a34-9dc82f291cda-000281c4,PR > PR-PLYMP-LGC-PLAYA Y MP > PR-PLYMP-LGC-SILOS CELDA > PR-PLYMP-SLO-DMP12,contenedor_por_ancestro_project,PR-PLYMP-SLO-DMP12,asociado_a_contenedor,SI,btz_description_11,escrito_en_slot_btz
PR-PLYMP-SIS-TRM-DMP12,SISTEMA DE MEDICION DE TERMOMETRIA CELDA 12 | Grupo: PR-SIS TRM,164292,c75bd4f0-baf2-4f40-8a34-9dc82f291cda-000281c4,PR > PR-PLYMP-LGC-PLAYA Y MP > PR-PLYMP-LGC-SILOS CELDA > PR-PLYMP-SLO-DMP12,contenedor_por_ancestro_project,PR-PLYMP-SLO-DMP12,asociado_a_contenedor,SI,btz_description_12,escrito_en_slot_btz
PR-PLYMP-SIS-VES12,SIST. VENTILACION-EXTRACTOR <S-12> | Grupo: PR-SIS VES12,164292,c75bd4f0-baf2-4f40-8a34-9dc82f291cda-000281c4,PR > PR-PLYMP-LGC-PLAYA Y MP > PR-PLYMP-LGC-SILOS CELDA > PR-PLYMP-SLO-DMP12,contenedor_por_ancestro_project,PR-PLYMP-SLO-DMP12,asociado_a_contenedor,SI,btz_description_13,escrito_en_slot_btz
PR-PLYMP-VNT-AIRS12A,"VENTILADOR ""A"" AIREACION <MOVIL> | Grupo: PR-VNT AIR S12",164292,c75bd4f0-baf2-4f40-8a34-9dc82f291cda-000281c4,PR > PR-PLYMP-LGC-PLAYA Y MP > PR-PLYMP-LGC-SILOS CELDA > PR-PLYMP-SLO-DMP12,contenedor_por_ancestro_project,PR-PLYMP-SLO-DMP12,asociado_a_contenedor,SI,btz_description_14,escrito_en_slot_btz
PR-PLYMP-VNT-AIRS12B,"VENTILADOR ""B"" AIREACION <MOVIL> | Grupo: PR-VNT AIR S12",164292,c75bd4f0-baf2-4f40-8a34-9dc82f291cda-000281c4,PR > PR-PLYMP-LGC-PLAYA Y MP > PR-PLYMP-LGC-SILOS CELDA > PR-PLYMP-SLO-DMP12,contenedor_por_ancestro_project,PR-PLYMP-SLO-DMP12,asociado_a_contenedor,SI,btz_description_15,escrito_en_slot_btz
PR-PLYMP-VNT-AIRS12C,"VENTILADOR ""C"" AIREACION <MOVIL> | Grupo: PR-VNT AIR S12",164292,c75bd4f0-baf2-4f40-8a34-9dc82f291cda-000281c4,PR > PR-PLYMP-LGC-PLAYA Y MP > PR-PLYMP-LGC-SILOS CELDA > PR-PLYMP-SLO-DMP12,contenedor_por_ancestro_project,PR-PLYMP-SLO-DMP12,asociado_a_contenedor,SI,btz_description_16,escrito_en_slot_btz
PR-PLYMP-VNT-AIRS12D,"VENTILADOR ""D"" AIREACION <MOVIL> | Grupo: PR-VNT AIR S12",164292,c75bd4f0-baf2-4f40-8a34-9dc82f291cda-000281c4,PR > PR-PLYMP-LGC-PLAYA Y MP > PR-PLYMP-LGC-SILOS CELDA > PR-PLYMP-SLO-DMP12,contenedor_por_ancestro_project,PR-PLYMP-SLO-DMP12,asociado_a_contenedor,SI,btz_description_17,escrito_en_slot_btz
PR-PLYMP-VNT-AIRS12E,"VENTILADOR ""E"" AIREACION <MOVIL> | Grupo: PR-VNT AIR S12",164292,c75bd4f0-baf2-4f40-8a34-9dc82f291cda-000281c4,PR > PR-PLYMP-LGC-PLAYA Y MP > PR-PLYMP-LGC-SILOS CELDA > PR-PLYMP-SLO-DMP12,contenedor_por_ancestro_project,PR-PLYMP-SLO-DMP12,asociado_a_contenedor,SI,btz_description_18,escrito_en_slot_btz
PR-PLYMP-VNT-AIRS12F,"VENTILADOR ""F"" AIREACION <MOVIL> | Grupo: PR-VNT AIR S12",164292,c75bd4f0-baf2-4f40-8a34-9dc82f291cda-000281c4,PR > PR-PLYMP-LGC-PLAYA Y MP > PR-PLYMP-LGC-SILOS CELDA > PR-PLYMP-SLO-DMP12,contenedor_por_ancestro_project,PR-PLYMP-SLO-DMP12,asociado_a_contenedor,SI,btz_description_19,escrito_en_slot_btz
PR-PLYMP-VNT-AIRS12G,"VENTILADOR ""G"" AIREACION <MOVIL> | Grupo: PR-VNT AIR S12",164292,c75bd4f0-baf2-4f40-8a34-9dc82f291cda-000281c4,PR > PR-PLYMP-LGC-PLAYA Y MP > PR-PLYMP-LGC-SILOS CELDA > PR-PLYMP-SLO-DMP12,contenedor_por_ancestro_project,PR-PLYMP-SLO-DMP12,asociado_a_contenedor,SI,btz_description_20,escrito_en_slot_btz
PR-PLYMP-VNT-AIRS12H,"VENTILADOR ""H"" AIREACION <MOVIL> | Grupo: PR-VNT AIR S12",164292,c75bd4f0-baf2-4f40-8a34-9dc82f291cda-000281c4,PR > PR-PLYMP-LGC-PLAYA Y MP > PR-PLYMP-LGC-SILOS CELDA > PR-PLYMP-SLO-DMP12,contenedor_por_ancestro_project,PR-PLYMP-SLO-DMP12,asociado_a_contenedor,SI,btz_description_21,escrito_en_slot_btz
PR-PLYMP-VNT-AIRS12T1,VENTILADOR AIREACION TUNEL Nº 1 | Grupo: PR-VNT TS12,164292,c75bd4f0-baf2-4f40-8a34-9dc82f291cda-000281c4,PR > PR-PLYMP-LGC-PLAYA Y MP > PR-PLYMP-LGC-SILOS CELDA > PR-PLYMP-SLO-DMP12,contenedor_por_ancestro_project,PR-PLYMP-SLO-DMP12,asociado_a_contenedor,SI,btz_description_22,escrito_en_slot_btz
PR-PLYMP-VNT-AIRS12T2,VENTILADOR AIREACION TUNEL Nº 2 | Grupo: PR-VNT TS12,164292,c75bd4f0-baf2-4f40-8a34-9dc82f291cda-000281c4,PR > PR-PLYMP-LGC-PLAYA Y MP > PR-PLYMP-LGC-SILOS CELDA > PR-PLYMP-SLO-DMP12,contenedor_por_ancestro_project,PR-PLYMP-SLO-DMP12,asociado_a_contenedor,SI,btz_description_23,escrito_en_slot_btz
PR-PLYMP-VNT-AIRS12T3,VENTILADOR AIREACION TUNEL Nº 3 | Grupo: PR-VNT TS12,164292,c75bd4f0-baf2-4f40-8a34-9dc82f291cda-000281c4,PR > PR-PLYMP-LGC-PLAYA Y MP > PR-PLYMP-LGC-SILOS CELDA > PR-PLYMP-SLO-DMP12,contenedor_por_ancestro_project,PR-PLYMP-SLO-DMP12,asociado_a_contenedor,SI,btz_description_24,escrito_en_slot_btz
PR-PLYMP-VNT-AIRS12T4,VENTILADOR AIREACION TUNEL Nº 4 | Grupo: PR-VNT TS12,164292,c75bd4f0-baf2-4f40-8a34-9dc82f291cda-000281c4,PR > PR-PLYMP-LGC-PLAYA Y MP > PR-PLYMP-LGC-SILOS CELDA > PR-PLYMP-SLO-DMP12,contenedor_por_ancestro_project,PR-PLYMP-SLO-DMP12,asociado_a_contenedor,SI,btz_description_25,escrito_en_slot_btz
PR-PLYMP-VNT-ASPS12/1,VENTILADOR EXTRACTOR SUPERIOR Nº 1 (E) <SILO 12> | Grupo: PR-VNT S12,164292,c75bd4f0-baf2-4f40-8a34-9dc82f291cda-000281c4,PR > PR-PLYMP-LGC-PLAYA Y MP > PR-PLYMP-LGC-SILOS CELDA > PR-PLYMP-SLO-DMP12,contenedor_por_ancestro_project,PR-PLYMP-SLO-DMP12,asociado_a_contenedor,SI,btz_description_26,escrito_en_slot_btz
PR-PLYMP-VNT-ASPS12/10,VENTILADOR EXTRACTOR SUPERIOR Nº 10 <SILO 12> | Grupo: PR-VNT S12,164292,c75bd4f0-baf2-4f40-8a34-9dc82f291cda-000281c4,PR > PR-PLYMP-LGC-PLAYA Y MP > PR-PLYMP-LGC-SILOS CELDA > PR-PLYMP-SLO-DMP12,contenedor_por_ancestro_project,PR-PLYMP-SLO-DMP12,asociado_a_contenedor,SI,btz_description_27,escrito_en_slot_btz
PR-PLYMP-VNT-ASPS12/11,VENTILADOR EXTRACTOR SUPERIOR Nº 11 <SILO 12> | Grupo: PR-VNT S12,164292,c75bd4f0-baf2-4f40-8a34-9dc82f291cda-000281c4,PR > PR-PLYMP-LGC-PLAYA Y MP > PR-PLYMP-LGC-SILOS CELDA > PR-PLYMP-SLO-DMP12,contenedor_por_ancestro_project,PR-PLYMP-SLO-DMP12,asociado_a_contenedor,SI,btz_description_28,escrito_en_slot_btz
PR-PLYMP-VNT-ASPS12/12,VENTILADOR EXTRACTOR SUPERIOR Nº 12 <SILO 12> | Grupo: PR-VNT S12,164292,c75bd4f0-baf2-4f40-8a34-9dc82f291cda-000281c4,PR > PR-PLYMP-LGC-PLAYA Y MP > PR-PLYMP-LGC-SILOS CELDA > PR-PLYMP-SLO-DMP12,contenedor_por_ancestro_project,PR-PLYMP-SLO-DMP12,asociado_a_contenedor,SI,btz_description_29,escrito_en_slot_btz
PR-PLYMP-VNT-ASPS12/13,VENTILADOR EXTRACTOR SUPERIOR Nº 13 <SILO 12> | Grupo: PR-VNT S12,164292,c75bd4f0-baf2-4f40-8a34-9dc82f291cda-000281c4,PR > PR-PLYMP-LGC-PLAYA Y MP > PR-PLYMP-LGC-SILOS CELDA > PR-PLYMP-SLO-DMP12,contenedor_por_ancestro_project,PR-PLYMP-SLO-DMP12,asociado_a_contenedor,SI,btz_description_30,escrito_en_slot_btz
PR-PLYMP-VNT-ASPS12/14,VENTILADOR EXTRACTOR SUPERIOR Nº 14 <SILO 12> | Grupo: PR-VNT S12,164292,c75bd4f0-baf2-4f40-8a34-9dc82f291cda-000281c4,PR > PR-PLYMP-LGC-PLAYA Y MP > PR-PLYMP-LGC-SILOS CELDA > PR-PLYMP-SLO-DMP12,contenedor_por_ancestro_project,PR-PLYMP-SLO-DMP12,asociado_a_contenedor,SI,btz_description_31,escrito_en_slot_btz
PR-PLYMP-VNT-ASPS12/15,VENTILADOR EXTRACTOR SUPERIOR Nº 15 <SILO 12> | Grupo: PR-VNT S12,164292,c75bd4f0-baf2-4f40-8a34-9dc82f291cda-000281c4,PR > PR-PLYMP-LGC-PLAYA Y MP > PR-PLYMP-LGC-SILOS CELDA > PR-PLYMP-SLO-DMP12,contenedor_por_ancestro_project,PR-PLYMP-SLO-DMP12,asociado_a_contenedor,SI,btz_description_32,escrito_en_slot_btz
PR-PLYMP-VNT-ASPS12/16,VENTILADOR EXTRACTOR SUPERIOR Nº 16 <SILO 12> | Grupo: PR-VNT S12,164292,c75bd4f0-baf2-4f40-8a34-9dc82f291cda-000281c4,PR > PR-PLYMP-LGC-PLAYA Y MP > PR-PLYMP-LGC-SILOS CELDA > PR-PLYMP-SLO-DMP12,contenedor_por_ancestro_project,PR-PLYMP-SLO-DMP12,asociado_a_contenedor,SI,btz_description_33,escrito_en_slot_btz
PR-PLYMP-VNT-ASPS12/17,VENTILADOR EXTRACTOR SUPERIOR Nº 17 <SILO 12> | Grupo: PR-VNT S12,164292,c75bd4f0-baf2-4f40-8a34-9dc82f291cda-000281c4,PR > PR-PLYMP-LGC-PLAYA Y MP > PR-PLYMP-LGC-SILOS CELDA > PR-PLYMP-SLO-DMP12,contenedor_por_ancestro_project,PR-PLYMP-SLO-DMP12,asociado_a_contenedor,SI,btz_description_34,escrito_en_slot_btz
PR-PLYMP-VNT-ASPS12/18,VENTILADOR EXTRACTOR SUPERIOR Nº 18 <SILO12> | Grupo: PR-VNT S12,164292,c75bd4f0-baf2-4f40-8a34-9dc82f291cda-000281c4,PR > PR-PLYMP-LGC-PLAYA Y MP > PR-PLYMP-LGC-SILOS CELDA > PR-PLYMP-SLO-DMP12,contenedor_por_ancestro_project,PR-PLYMP-SLO-DMP12,asociado_a_contenedor,SI,btz_description_35,escrito_en_slot_btz
PR-PLYMP-VNT-ASPS12/19,VENTILADOR EXTRACTOR SUPERIOR Nº 19  <SILO 12> | Grupo: PR-VNT S12,164292,c75bd4f0-baf2-4f40-8a34-9dc82f291cda-000281c4,PR > PR-PLYMP-LGC-PLAYA Y MP > PR-PLYMP-LGC-SILOS CELDA > PR-PLYMP-SLO-DMP12,contenedor_por_ancestro_project,PR-PLYMP-SLO-DMP12,asociado_a_contenedor,SI,btz_description_36,escrito_en_slot_btz
PR-PLYMP-VNT-ASPS12/2,VENTILADOR EXTRACTOR SUPERIOR Nº 2 <SILO 12> | Grupo: PR-VNT S12,164292,c75bd4f0-baf2-4f40-8a34-9dc82f291cda-000281c4,PR > PR-PLYMP-LGC-PLAYA Y MP > PR-PLYMP-LGC-SILOS CELDA > PR-PLYMP-SLO-DMP12,contenedor_por_ancestro_project,PR-PLYMP-SLO-DMP12,asociado_a_contenedor,SI,btz_description_37,escrito_en_slot_btz
PR-PLYMP-VNT-ASPS12/20,VENTILADOR EXTRACTOR SUPERIOR Nº 20 <SILO 12> | Grupo: PR-VNT  S12,164292,c75bd4f0-baf2-4f40-8a34-9dc82f291cda-000281c4,PR > PR-PLYMP-LGC-PLAYA Y MP > PR-PLYMP-LGC-SILOS CELDA > PR-PLYMP-SLO-DMP12,contenedor_por_ancestro_project,PR-PLYMP-SLO-DMP12,asociado_a_contenedor,SI,btz_description_38,escrito_en_slot_btz
PR-PLYMP-VNT-ASPS12/21,VENTILADOR EXTRACTOR SUPERIOR Nº 21 <SILO 12> | Grupo: PR-VNT S12,164292,c75bd4f0-baf2-4f40-8a34-9dc82f291cda-000281c4,PR > PR-PLYMP-LGC-PLAYA Y MP > PR-PLYMP-LGC-SILOS CELDA > PR-PLYMP-SLO-DMP12,contenedor_por_ancestro_project,PR-PLYMP-SLO-DMP12,asociado_a_contenedor,SI,btz_description_39,escrito_en_slot_btz
PR-PLYMP-VNT-ASPS12/22,VENTILADOR EXTRACTOR SUPERIOR Nº 22 <SILO 12> | Grupo: PR-VNT S12,164292,c75bd4f0-baf2-4f40-8a34-9dc82f291cda-000281c4,PR > PR-PLYMP-LGC-PLAYA Y MP > PR-PLYMP-LGC-SILOS CELDA > PR-PLYMP-SLO-DMP12,contenedor_por_ancestro_project,PR-PLYMP-SLO-DMP12,asociado_a_contenedor,SI,btz_description_40,escrito_en_slot_btz
PR-PLYMP-VNT-ASPS12/23,VENTILADOR EXTRACTOR SUPERIOR Nº 23 <SILO 12> | Grupo: PR-VNT S12,164292,c75bd4f0-baf2-4f40-8a34-9dc82f291cda-000281c4,PR > PR-PLYMP-LGC-PLAYA Y MP > PR-PLYMP-LGC-SILOS CELDA > PR-PLYMP-SLO-DMP12,contenedor_por_ancestro_project,PR-PLYMP-SLO-DMP12,asociado_a_contenedor,SI,btz_description_41,escrito_en_slot_btz
PR-PLYMP-VNT-ASPS12/24,VENTILADOR EXTRACTOR SUPERIOR Nº 24 <SILO 12> | Grupo: PR-VNT S12,164292,c75bd4f0-baf2-4f40-8a34-9dc82f291cda-000281c4,PR > PR-PLYMP-LGC-PLAYA Y MP > PR-PLYMP-LGC-SILOS CELDA > PR-PLYMP-SLO-DMP12,contenedor_por_ancestro_project,PR-PLYMP-SLO-DMP12,asociado_a_contenedor,SI,btz_description_42,escrito_en_slot_btz
PR-PLYMP-VNT-ASPS12/25,VENTILADOR EXTRACTOR SUPERIOR Nº 25 <SILO 12> | Grupo: PR-VNT S12,164292,c75bd4f0-baf2-4f40-8a34-9dc82f291cda-000281c4,PR > PR-PLYMP-LGC-PLAYA Y MP > PR-PLYMP-LGC-SILOS CELDA > PR-PLYMP-SLO-DMP12,contenedor_por_ancestro_project,PR-PLYMP-SLO-DMP12,asociado_a_contenedor,SI,btz_description_43,escrito_en_slot_btz
PR-PLYMP-VNT-ASPS12/26,VENTILADOR EXTRACTOR SUPERIOR Nº 26 (O) <SILO 12> | Grupo: PR-VNT S12,164292,c75bd4f0-baf2-4f40-8a34-9dc82f291cda-000281c4,PR > PR-PLYMP-LGC-PLAYA Y MP > PR-PLYMP-LGC-SILOS CELDA > PR-PLYMP-SLO-DMP12,contenedor_por_ancestro_project,PR-PLYMP-SLO-DMP12,asociado_a_contenedor,SI,btz_description_44,escrito_en_slot_btz
PR-PLYMP-VNT-ASPS12/3,VENTILADOR EXTRACTOR SUPERIOR Nº 3 <SILO 12> | Grupo: PR-VNT S12,164292,c75bd4f0-baf2-4f40-8a34-9dc82f291cda-000281c4,PR > PR-PLYMP-LGC-PLAYA Y MP > PR-PLYMP-LGC-SILOS CELDA > PR-PLYMP-SLO-DMP12,contenedor_por_ancestro_project,PR-PLYMP-SLO-DMP12,asociado_a_contenedor,SI,btz_description_45,escrito_en_slot_btz
PR-PLYMP-VNT-ASPS12/4,VENTILADOR EXTRACTOR SUPERIOR Nº 4 <SILO 12> | Grupo: PR-VNT S12,164292,c75bd4f0-baf2-4f40-8a34-9dc82f291cda-000281c4,PR > PR-PLYMP-LGC-PLAYA Y MP > PR-PLYMP-LGC-SILOS CELDA > PR-PLYMP-SLO-DMP12,contenedor_por_ancestro_project,PR-PLYMP-SLO-DMP12,asociado_a_contenedor,SI,btz_description_46,escrito_en_slot_btz
PR-PLYMP-VNT-ASPS12/5,VENTILADOR EXTRACTOR SUPERIOR Nº 5 <SILO 12> | Grupo: PR-VNT S12,164292,c75bd4f0-baf2-4f40-8a34-9dc82f291cda-000281c4,PR > PR-PLYMP-LGC-PLAYA Y MP > PR-PLYMP-LGC-SILOS CELDA > PR-PLYMP-SLO-DMP12,contenedor_por_ancestro_project,PR-PLYMP-SLO-DMP12,asociado_a_contenedor,SI,btz_description_47,escrito_en_slot_btz
PR-PLYMP-VNT-ASPS12/6,VENTILADOR EXTRACTOR SUPERIOR Nº 6 <SILO 12> | Grupo: PR-VNT S12,164292,c75bd4f0-baf2-4f40-8a34-9dc82f291cda-000281c4,PR > PR-PLYMP-LGC-PLAYA Y MP > PR-PLYMP-LGC-SILOS CELDA > PR-PLYMP-SLO-DMP12,contenedor_por_ancestro_project,PR-PLYMP-SLO-DMP12,asociado_a_contenedor,SI,btz_description_48,escrito_en_slot_btz
PR-PLYMP-VNT-ASPS12/7,VENTILADOR EXTRACTOR SUPERIOR Nº 7 <SILO 12> | Grupo: PR-VNT S12,164292,c75bd4f0-baf2-4f40-8a34-9dc82f291cda-000281c4,PR > PR-PLYMP-LGC-PLAYA Y MP > PR-PLYMP-LGC-SILOS CELDA > PR-PLYMP-SLO-DMP12,contenedor_por_ancestro_project,PR-PLYMP-SLO-DMP12,asociado_a_contenedor,SI,btz_description_49,escrito_en_slot_btz
PR-PLYMP-VNT-ASPS12/8,VENTILADOR EXTRACTOR SUPERIOR Nº 8 <SILO 12> | Grupo: PR-VNT S12,164292,c75bd4f0-baf2-4f40-8a34-9dc82f291cda-000281c4,PR > PR-PLYMP-LGC-PLAYA Y MP > PR-PLYMP-LGC-SILOS CELDA > PR-PLYMP-SLO-DMP12,contenedor_por_ancestro_project,PR-PLYMP-SLO-DMP12,asociado_a_contenedor,SI,btz_description_50,escrito_en_slot_btz
PR-PLYMP-VNT-ASPS12/9,VENTILADOR EXTRACTOR SUPERIOR Nº 9 <SILO 12> | Grupo: PR-VNT S12,164292,c75bd4f0-baf2-4f40-8a34-9dc82f291cda-000281c4,PR > PR-PLYMP-LGC-PLAYA Y MP > PR-PLYMP-LGC-SILOS CELDA > PR-PLYMP-SLO-DMP12,contenedor_por_ancestro_project,PR-PLYMP-SLO-DMP12,asociado_a_contenedor,SI,btz_description_51,escrito_en_slot_btz
PR-PLYMP-VNT-AIRS1301,VENTILADOR AIREACION Nº 1  <N/E> | Grupo: PR-VNT S13,171864,358aa91e-12c5-4b99-b609-4e1e7ac885f9-00029f58,PR > PR-PLYMP-LGC-PLAYA Y MP > PR-PLYMP-LGC-SILOS CELDA > PR-PLYMP-SLO-DMP13,contenedor_por_ancestro_project,PR-PLYMP-SLO-DMP13,asociado_a_contenedor,SI,btz_description_05,escrito_en_slot_btz
PR-PLYMP-VNT-AIRS1302,VENTILADOR AIREACION Nº 2 | Grupo: PR-VNT S13,171864,358aa91e-12c5-4b99-b609-4e1e7ac885f9-00029f58,PR > PR-PLYMP-LGC-PLAYA Y MP > PR-PLYMP-LGC-SILOS CELDA > PR-PLYMP-SLO-DMP13,contenedor_por_ancestro_project,PR-PLYMP-SLO-DMP13,asociado_a_contenedor,SI,btz_description_06,escrito_en_slot_btz
PR-PLYMP-VNT-AIRS1303,VENTILADOR AIREACION Nº 3 | Grupo: PR-VNT S13,171864,358aa91e-12c5-4b99-b609-4e1e7ac885f9-00029f58,PR > PR-PLYMP-LGC-PLAYA Y MP > PR-PLYMP-LGC-SILOS CELDA > PR-PLYMP-SLO-DMP13,contenedor_por_ancestro_project,PR-PLYMP-SLO-DMP13,asociado_a_contenedor,SI,btz_description_07,escrito_en_slot_btz
PR-PLYMP-VNT-AIRS1304,VENTILADOR AIREACION Nº 4 | Grupo: PR-VNT S13,171864,358aa91e-12c5-4b99-b609-4e1e7ac885f9-00029f58,PR > PR-PLYMP-LGC-PLAYA Y MP > PR-PLYMP-LGC-SILOS CELDA > PR-PLYMP-SLO-DMP13,contenedor_por_ancestro_project,PR-PLYMP-SLO-DMP13,asociado_a_contenedor,SI,btz_description_08,escrito_en_slot_btz
PR-PLYMP-VNT-AIRS1305,VENTILADOR AIREACION Nº 5 | Grupo: PR-VNT S13,171864,358aa91e-12c5-4b99-b609-4e1e7ac885f9-00029f58,PR > PR-PLYMP-LGC-PLAYA Y MP > PR-PLYMP-LGC-SILOS CELDA > PR-PLYMP-SLO-DMP13,contenedor_por_ancestro_project,PR-PLYMP-SLO-DMP13,asociado_a_contenedor,SI,btz_description_09,escrito_en_slot_btz
PR-PLYMP-VNT-AIRS1306,VENTILADOR AIREACION Nº 6 | Grupo: PR-VNT S13,171864,358aa91e-12c5-4b99-b609-4e1e7ac885f9-00029f58,PR > PR-PLYMP-LGC-PLAYA Y MP > PR-PLYMP-LGC-SILOS CELDA > PR-PLYMP-SLO-DMP13,contenedor_por_ancestro_project,PR-PLYMP-SLO-DMP13,asociado_a_contenedor,SI,btz_description_10,escrito_en_slot_btz
PR-PLYMP-VNT-AIRS1307,VENTILADOR AIREACION Nº 7 | Grupo: PR-VNT S13,171864,358aa91e-12c5-4b99-b609-4e1e7ac885f9-00029f58,PR > PR-PLYMP-LGC-PLAYA Y MP > PR-PLYMP-LGC-SILOS CELDA > PR-PLYMP-SLO-DMP13,contenedor_por_ancestro_project,PR-PLYMP-SLO-DMP13,asociado_a_contenedor,SI,btz_description_11,escrito_en_slot_btz
PR-PLYMP-VNT-AIRS1308,VENTILADOR AIREACION Nº 8 | Grupo: PR-VNT S13,171864,358aa91e-12c5-4b99-b609-4e1e7ac885f9-00029f58,PR > PR-PLYMP-LGC-PLAYA Y MP > PR-PLYMP-LGC-SILOS CELDA > PR-PLYMP-SLO-DMP13,contenedor_por_ancestro_project,PR-PLYMP-SLO-DMP13,asociado_a_contenedor,SI,btz_description_12,escrito_en_slot_btz
PR-PLYMP-VNT-AIRS1309,VENTILADOR AIREACION Nº 9 | Grupo: PR-VNT S13,171864,358aa91e-12c5-4b99-b609-4e1e7ac885f9-00029f58,PR > PR-PLYMP-LGC-PLAYA Y MP > PR-PLYMP-LGC-SILOS CELDA > PR-PLYMP-SLO-DMP13,contenedor_por_ancestro_project,PR-PLYMP-SLO-DMP13,asociado_a_contenedor,SI,btz_description_13,escrito_en_slot_btz
PR-PLYMP-VNT-AIRS1310,VENTILADOR AIREACION Nº 10  <S/E> | Grupo: PR-VNT S13,171864,358aa91e-12c5-4b99-b609-4e1e7ac885f9-00029f58,PR > PR-PLYMP-LGC-PLAYA Y MP > PR-PLYMP-LGC-SILOS CELDA > PR-PLYMP-SLO-DMP13,contenedor_por_ancestro_project,PR-PLYMP-SLO-DMP13,asociado_a_contenedor,SI,btz_description_14,escrito_en_slot_btz
PR-PLYMP-VNT-AIRS1311,VENTILADOR AIREACION Nº 11  <S/O> | Grupo: PR-VNT S13,171864,358aa91e-12c5-4b99-b609-4e1e7ac885f9-00029f58,PR > PR-PLYMP-LGC-PLAYA Y MP > PR-PLYMP-LGC-SILOS CELDA > PR-PLYMP-SLO-DMP13,contenedor_por_ancestro_project,PR-PLYMP-SLO-DMP13,asociado_a_contenedor,SI,btz_description_15,escrito_en_slot_btz
PR-PLYMP-VNT-AIRS1312,VENTILADOR AIREACION Nº 12 | Grupo: PR-VNT S13,171864,358aa91e-12c5-4b99-b609-4e1e7ac885f9-00029f58,PR > PR-PLYMP-LGC-PLAYA Y MP > PR-PLYMP-LGC-SILOS CELDA > PR-PLYMP-SLO-DMP13,contenedor_por_ancestro_project,PR-PLYMP-SLO-DMP13,asociado_a_contenedor,SI,btz_description_16,escrito_en_slot_btz
PR-PLYMP-VNT-AIRS1313,VENTILADOR AIREACION Nº 13 | Grupo: PR-VNT S13,171864,358aa91e-12c5-4b99-b609-4e1e7ac885f9-00029f58,PR > PR-PLYMP-LGC-PLAYA Y MP > PR-PLYMP-LGC-SILOS CELDA > PR-PLYMP-SLO-DMP13,contenedor_por_ancestro_project,PR-PLYMP-SLO-DMP13,asociado_a_contenedor,SI,btz_description_17,escrito_en_slot_btz
PR-PLYMP-VNT-AIRS1314,VENTILADOR AIREACION Nº 14 | Grupo: PR-VNT S13,171864,358aa91e-12c5-4b99-b609-4e1e7ac885f9-00029f58,PR > PR-PLYMP-LGC-PLAYA Y MP > PR-PLYMP-LGC-SILOS CELDA > PR-PLYMP-SLO-DMP13,contenedor_por_ancestro_project,PR-PLYMP-SLO-DMP13,asociado_a_contenedor,SI,btz_description_18,escrito_en_slot_btz
PR-PLYMP-VNT-AIRS1315,VENTILADOR AIREACION Nº 15 | Grupo: PR-VNT S13,171864,358aa91e-12c5-4b99-b609-4e1e7ac885f9-00029f58,PR > PR-PLYMP-LGC-PLAYA Y MP > PR-PLYMP-LGC-SILOS CELDA > PR-PLYMP-SLO-DMP13,contenedor_por_ancestro_project,PR-PLYMP-SLO-DMP13,asociado_a_contenedor,SI,btz_description_19,escrito_en_slot_btz
PR-PLYMP-VNT-AIRS1316,VENTILADOR AIREACION Nº 16 | Grupo: PR-VNT S13,171864,358aa91e-12c5-4b99-b609-4e1e7ac885f9-00029f58,PR > PR-PLYMP-LGC-PLAYA Y MP > PR-PLYMP-LGC-SILOS CELDA > PR-PLYMP-SLO-DMP13,contenedor_por_ancestro_project,PR-PLYMP-SLO-DMP13,asociado_a_contenedor,SI,btz_description_20,escrito_en_slot_btz
PR-PLYMP-VNT-AIRS1317,VENTILADOR AIREACION Nº 17 | Grupo: PR-VNT S13,171864,358aa91e-12c5-4b99-b609-4e1e7ac885f9-00029f58,PR > PR-PLYMP-LGC-PLAYA Y MP > PR-PLYMP-LGC-SILOS CELDA > PR-PLYMP-SLO-DMP13,contenedor_por_ancestro_project,PR-PLYMP-SLO-DMP13,asociado_a_contenedor,SI,btz_description_21,escrito_en_slot_btz
PR-PLYMP-VNT-AIRS1318,VENTILADOR AIREACION Nº 18 | Grupo: PR-VNT S13,171864,358aa91e-12c5-4b99-b609-4e1e7ac885f9-00029f58,PR > PR-PLYMP-LGC-PLAYA Y MP > PR-PLYMP-LGC-SILOS CELDA > PR-PLYMP-SLO-DMP13,contenedor_por_ancestro_project,PR-PLYMP-SLO-DMP13,asociado_a_contenedor,SI,btz_description_22,escrito_en_slot_btz
PR-PLYMP-VNT-AIRS1319,VENTILADOR AIREACION Nº 19 | Grupo: PR-VNT S13,171864,358aa91e-12c5-4b99-b609-4e1e7ac885f9-00029f58,PR > PR-PLYMP-LGC-PLAYA Y MP > PR-PLYMP-LGC-SILOS CELDA > PR-PLYMP-SLO-DMP13,contenedor_por_ancestro_project,PR-PLYMP-SLO-DMP13,asociado_a_contenedor,SI,btz_description_23,escrito_en_slot_btz
PR-PLYMP-VNT-AIRS1320,VENTILADOR AIREACION Nº 20  <N/O> | Grupo: PR-VNT S13,171864,358aa91e-12c5-4b99-b609-4e1e7ac885f9-00029f58,PR > PR-PLYMP-LGC-PLAYA Y MP > PR-PLYMP-LGC-SILOS CELDA > PR-PLYMP-SLO-DMP13,contenedor_por_ancestro_project,PR-PLYMP-SLO-DMP13,asociado_a_contenedor,SI,btz_description_24,escrito_en_slot_btz
PR-PLYMP-VNT-AIRS13N,VENTILADOR AIREACION SUP. <N> | Grupo: PR-VNT S13,171864,358aa91e-12c5-4b99-b609-4e1e7ac885f9-00029f58,PR > PR-PLYMP-LGC-PLAYA Y MP > PR-PLYMP-LGC-SILOS CELDA > PR-PLYMP-SLO-DMP13,contenedor_por_ancestro_project,PR-PLYMP-SLO-DMP13,asociado_a_contenedor,SI,btz_description_25,escrito_en_slot_btz
PR-PLYMP-VNT-AIRS13S,VENTILADOR AIREACION SUP. <S> | Grupo: PR-VNT S13,171864,358aa91e-12c5-4b99-b609-4e1e7ac885f9-00029f58,PR > PR-PLYMP-LGC-PLAYA Y MP > PR-PLYMP-LGC-SILOS CELDA > PR-PLYMP-SLO-DMP13,contenedor_por_ancestro_project,PR-PLYMP-SLO-DMP13,asociado_a_contenedor,SI,btz_description_26,escrito_en_slot_btz
PR-PLYMP-GLL-SE01C16,GUILLOTINA MECANICA SILO EXPEDICION 01 CELDA 16 | Grupo: PR-GLL MEC,379752,2820d03f-22b4-43b5-a10b-789b042309d5-0005cb68,PR > PR-PLYMP-LGC-PLAYA Y MP > PR-PLYMP-LGC-SILOS CELDA > PR-PLYMP-SLO-SE01N > PR-PLYMP-SLO-SE01N,contenedor_por_ancestro_project,PR-PLYMP-SLO-SE01N,asociado_a_contenedor,SI,btz_description_06,escrito_en_slot_btz
PR-PLYMP-GLL-SE02C16-N,GUILLOTINA MECANICA LADO NORTE SILO EXPEDICION 02 <S> CELDA 16 | Grupo: PR-GLL MEC,380306,78d32039-a934-4204-a849-af0b99e119be-0005cd92,PR > PR-PLYMP-LGC-PLAYA Y MP > PR-PLYMP-LGC-SILOS CELDA > PR-PLYMP-SLO-DMP16 > PR-PLYMP-SLO-SE02S,contenedor_por_ancestro_project,PR-PLYMP-SLO-SE02S,asociado_a_contenedor,SI,btz_description_06,escrito_en_slot_btz
PR-PLYMP-GLL-SE02C16-S,GUILLOTINA MECANICA LADO SUR SILO EXPEDICION 02 <S> CELDA 16 | Grupo: PR-GLL MEC,380306,78d32039-a934-4204-a849-af0b99e119be-0005cd92,PR > PR-PLYMP-LGC-PLAYA Y MP > PR-PLYMP-LGC-SILOS CELDA > PR-PLYMP-SLO-DMP16 > PR-PLYMP-SLO-SE02S,contenedor_por_ancestro_project,PR-PLYMP-SLO-SE02S,asociado_a_contenedor,SI,btz_description_07,escrito_en_slot_btz
PR-PLYMP-SIS-TRM-SVCHF01,SISTEMA DE MEDICION DE TERMOMETRIA SILO CHIEFF 01 | Grupo: PR-SIS TRM,361960,6515bfd8-768b-49ac-a69a-af07193c05bc-000585e8,PR > PR-PLYMP-LGC-PLAYA Y MP > PR-PLYMP-LGC-SILOS CHIEF > PR-PLYMP-SLO-SVCHF01,contenedor_por_ancestro_project,PR-PLYMP-SLO-SVCHF01,asociado_a_contenedor,SI,btz_description_05,escrito_en_slot_btz
PR-PLYMP-VLV-VDSCH1,VALVULA MOTORIZADA DESCARGA SILO CHIEF Nº 1 | Grupo: PR-VLV MOT SCH,361960,6515bfd8-768b-49ac-a69a-af07193c05bc-000585e8,PR > PR-PLYMP-LGC-PLAYA Y MP > PR-PLYMP-LGC-SILOS CHIEF > PR-PLYMP-SLO-SVCHF01,contenedor_por_ancestro_project,PR-PLYMP-SLO-SVCHF01,asociado_a_contenedor,SI,btz_description_06,escrito_en_slot_btz
PR-PLYMP-VNT-ESCH1/1,VENT. EXTRACTOR Nº 1 SOBRE SILO CHIEF Nº 1 | Grupo: PR-VNT EXT SCH,361960,6515bfd8-768b-49ac-a69a-af07193c05bc-000585e8,PR > PR-PLYMP-LGC-PLAYA Y MP > PR-PLYMP-LGC-SILOS CHIEF > PR-PLYMP-SLO-SVCHF01,contenedor_por_ancestro_project,PR-PLYMP-SLO-SVCHF01,asociado_a_contenedor,SI,btz_description_07,escrito_en_slot_btz
PR-PLYMP-VNT-ESCH1/2,VENT. EXTRACTOR Nº 2 SOBRE SILO CHIEF Nº 1 | Grupo: PR-VNT EXT SCH,361960,6515bfd8-768b-49ac-a69a-af07193c05bc-000585e8,PR > PR-PLYMP-LGC-PLAYA Y MP > PR-PLYMP-LGC-SILOS CHIEF > PR-PLYMP-SLO-SVCHF01,contenedor_por_ancestro_project,PR-PLYMP-SLO-SVCHF01,asociado_a_contenedor,SI,btz_description_08,escrito_en_slot_btz
PR-PLYMP-VNT-SA1/1,VENTILADOR Nº 1 AIREACION SILO CHIEF Nº 1 (S/E) | Grupo: PR-VNT SCH,361960,6515bfd8-768b-49ac-a69a-af07193c05bc-000585e8,PR > PR-PLYMP-LGC-PLAYA Y MP > PR-PLYMP-LGC-SILOS CHIEF > PR-PLYMP-SLO-SVCHF01,contenedor_por_ancestro_project,PR-PLYMP-SLO-SVCHF01,asociado_a_contenedor,SI,btz_description_09,escrito_en_slot_btz
PR-PLYMP-VNT-SA1/2,VENTILADOR Nº 2 AIREACION SILO CHIEF Nº 1 (S/O) | Grupo: PR-VNT SCH,361960,6515bfd8-768b-49ac-a69a-af07193c05bc-000585e8,PR > PR-PLYMP-LGC-PLAYA Y MP > PR-PLYMP-LGC-SILOS CHIEF > PR-PLYMP-SLO-SVCHF01,contenedor_por_ancestro_project,PR-PLYMP-SLO-SVCHF01,asociado_a_contenedor,SI,btz_description_10,escrito_en_slot_btz
PR-PLYMP-VNT-SA1/3,VENTILADOR Nº 3 AIREACION SILO CHIEF Nº 1 (N/O) | Grupo: PR-VNT SCH,361960,6515bfd8-768b-49ac-a69a-af07193c05bc-000585e8,PR > PR-PLYMP-LGC-PLAYA Y MP > PR-PLYMP-LGC-SILOS CHIEF > PR-PLYMP-SLO-SVCHF01,contenedor_por_ancestro_project,PR-PLYMP-SLO-SVCHF01,asociado_a_contenedor,SI,btz_description_11,escrito_en_slot_btz
PR-PLYMP-VNT-SA1/4,VENTILADOR Nº 4 AIREACION SILO CHIEF Nº 1 (N/E) | Grupo: PR-VNT SCH,361960,6515bfd8-768b-49ac-a69a-af07193c05bc-000585e8,PR > PR-PLYMP-LGC-PLAYA Y MP > PR-PLYMP-LGC-SILOS CHIEF > PR-PLYMP-SLO-SVCHF01,contenedor_por_ancestro_project,PR-PLYMP-SLO-SVCHF01,asociado_a_contenedor,SI,btz_description_12,escrito_en_slot_btz
PR-PLYMP-SIS-TRM-SVCHF02,SISTEMA DE MEDICION DE TERMOMETRIA SILO CHIEFF 02 | Grupo: PR-SIS TRM,375009,f26b48f9-0279-47cf-b5b3-6772136bf76f-0005b8e1,PR > PR-PLYMP-LGC-PLAYA Y MP > PR-PLYMP-LGC-SILOS CHIEF > PR-PLYMP-SLO-SVCHF02,contenedor_por_ancestro_project,PR-PLYMP-SLO-SVCHF02,asociado_a_contenedor,SI,btz_description_05,escrito_en_slot_btz
PR-PLYMP-VLV-VDSCH2,VALVULA MOTORIZADA DESCARGA SILO CHIEF Nº 2 | Grupo: PR-VLV MOT SCH,375009,f26b48f9-0279-47cf-b5b3-6772136bf76f-0005b8e1,PR > PR-PLYMP-LGC-PLAYA Y MP > PR-PLYMP-LGC-SILOS CHIEF > PR-PLYMP-SLO-SVCHF02,contenedor_por_ancestro_project,PR-PLYMP-SLO-SVCHF02,asociado_a_contenedor,SI,btz_description_06,escrito_en_slot_btz
PR-PLYMP-VNT-ESCH2/1,VENT. EXTRACTOR Nº 1 SOBRE SILO CHIEF Nº 2 | Grupo: PR-VNT EXT SCH,375009,f26b48f9-0279-47cf-b5b3-6772136bf76f-0005b8e1,PR > PR-PLYMP-LGC-PLAYA Y MP > PR-PLYMP-LGC-SILOS CHIEF > PR-PLYMP-SLO-SVCHF02,contenedor_por_ancestro_project,PR-PLYMP-SLO-SVCHF02,asociado_a_contenedor,SI,btz_description_07,escrito_en_slot_btz
PR-PLYMP-VNT-ESCH2/2,VENT. EXTRACTOR Nº 2 SOBRE SILO CHIEF Nº 2 | Grupo: PR-VNT EXT SCH,375009,f26b48f9-0279-47cf-b5b3-6772136bf76f-0005b8e1,PR > PR-PLYMP-LGC-PLAYA Y MP > PR-PLYMP-LGC-SILOS CHIEF > PR-PLYMP-SLO-SVCHF02,contenedor_por_ancestro_project,PR-PLYMP-SLO-SVCHF02,asociado_a_contenedor,SI,btz_description_08,escrito_en_slot_btz
PR-PLYMP-VNT-SA2/1,VENTILADOR Nº 1 AIREACION SILO CHIEF Nº 2 (S/E) | Grupo: PR-VNT SCH,375009,f26b48f9-0279-47cf-b5b3-6772136bf76f-0005b8e1,PR > PR-PLYMP-LGC-PLAYA Y MP > PR-PLYMP-LGC-SILOS CHIEF > PR-PLYMP-SLO-SVCHF02,contenedor_por_ancestro_project,PR-PLYMP-SLO-SVCHF02,asociado_a_contenedor,SI,btz_description_09,escrito_en_slot_btz
PR-PLYMP-VNT-SA2/2,VENTILADOR Nº 2 AIREACION SILO CHIEF Nº 2 (S/O) | Grupo: PR-VNT SCH,375009,f26b48f9-0279-47cf-b5b3-6772136bf76f-0005b8e1,PR > PR-PLYMP-LGC-PLAYA Y MP > PR-PLYMP-LGC-SILOS CHIEF > PR-PLYMP-SLO-SVCHF02,contenedor_por_ancestro_project,PR-PLYMP-SLO-SVCHF02,asociado_a_contenedor,SI,btz_description_10,escrito_en_slot_btz
PR-PLYMP-VNT-SA2/3,VENTILADOR Nº 3 AIREACION SILO CHIEF Nº 2 (N/O) | Grupo: PR-VNT SCH,375009,f26b48f9-0279-47cf-b5b3-6772136bf76f-0005b8e1,PR > PR-PLYMP-LGC-PLAYA Y MP > PR-PLYMP-LGC-SILOS CHIEF > PR-PLYMP-SLO-SVCHF02,contenedor_por_ancestro_project,PR-PLYMP-SLO-SVCHF02,asociado_a_contenedor,SI,btz_description_11,escrito_en_slot_btz
PR-PLYMP-VNT-SA2/4,VENTILADOR Nº 4 AIREACION SILO CHIEF Nº 2 (N/E) | Grupo: PR-VNT SCH,375009,f26b48f9-0279-47cf-b5b3-6772136bf76f-0005b8e1,PR > PR-PLYMP-LGC-PLAYA Y MP > PR-PLYMP-LGC-SILOS CHIEF > PR-PLYMP-SLO-SVCHF02,contenedor_por_ancestro_project,PR-PLYMP-SLO-SVCHF02,asociado_a_contenedor,SI,btz_description_12,escrito_en_slot_btz
PR-PLYMP-SIS-TRM-SVCHF03,SISTEMA DE MEDICION DE TERMOMETRIA SILO CHIEFF 03 | Grupo: PR-SIS TRM,375033,f26b48f9-0279-47cf-b5b3-6772136bf76f-0005b8f9,PR > PR-PLYMP-LGC-PLAYA Y MP > PR-PLYMP-LGC-SILOS CHIEF > PR-PLYMP-SLO-SVCHF03,contenedor_por_ancestro_project,PR-PLYMP-SLO-SVCHF03,asociado_a_contenedor,SI,btz_description_05,escrito_en_slot_btz
PR-PLYMP-VLV-VDSCH3,VALVULA MOTORIZADA DESCARGA SILO CHIEF Nº 3 | Grupo: PR-VLV MOT SCH,375033,f26b48f9-0279-47cf-b5b3-6772136bf76f-0005b8f9,PR > PR-PLYMP-LGC-PLAYA Y MP > PR-PLYMP-LGC-SILOS CHIEF > PR-PLYMP-SLO-SVCHF03,contenedor_por_ancestro_project,PR-PLYMP-SLO-SVCHF03,asociado_a_contenedor,SI,btz_description_06,escrito_en_slot_btz
PR-PLYMP-VNT-ESCH3/1,VENT. EXTRACTOR Nº 1 SOBRE SILO CHIEF Nº 3 | Grupo: PR-VNT EXT SCH,375033,f26b48f9-0279-47cf-b5b3-6772136bf76f-0005b8f9,PR > PR-PLYMP-LGC-PLAYA Y MP > PR-PLYMP-LGC-SILOS CHIEF > PR-PLYMP-SLO-SVCHF03,contenedor_por_ancestro_project,PR-PLYMP-SLO-SVCHF03,asociado_a_contenedor,SI,btz_description_07,escrito_en_slot_btz
PR-PLYMP-VNT-ESCH3/2,VENT. EXTRACTOR Nº 2 SOBRE SILO CHIEF Nº 3 | Grupo: PR-VNT EXT SCH,375033,f26b48f9-0279-47cf-b5b3-6772136bf76f-0005b8f9,PR > PR-PLYMP-LGC-PLAYA Y MP > PR-PLYMP-LGC-SILOS CHIEF > PR-PLYMP-SLO-SVCHF03,contenedor_por_ancestro_project,PR-PLYMP-SLO-SVCHF03,asociado_a_contenedor,SI,btz_description_08,escrito_en_slot_btz
PR-PLYMP-VNT-SA3/1,VENTILADOR Nº 1 AIREACION SILO CHIEF Nº 3 (S/E) | Grupo: PR-VNT SCH,375033,f26b48f9-0279-47cf-b5b3-6772136bf76f-0005b8f9,PR > PR-PLYMP-LGC-PLAYA Y MP > PR-PLYMP-LGC-SILOS CHIEF > PR-PLYMP-SLO-SVCHF03,contenedor_por_ancestro_project,PR-PLYMP-SLO-SVCHF03,asociado_a_contenedor,SI,btz_description_09,escrito_en_slot_btz
PR-PLYMP-VNT-SA3/2,VENTILADOR Nº 2 AIREACION SILO CHIEF Nº 3 (S/O) | Grupo: PR-VNT SCH,375033,f26b48f9-0279-47cf-b5b3-6772136bf76f-0005b8f9,PR > PR-PLYMP-LGC-PLAYA Y MP > PR-PLYMP-LGC-SILOS CHIEF > PR-PLYMP-SLO-SVCHF03,contenedor_por_ancestro_project,PR-PLYMP-SLO-SVCHF03,asociado_a_contenedor,SI,btz_description_10,escrito_en_slot_btz
PR-PLYMP-VNT-SA3/3,VENTILADOR Nº 3 AIREACION SILO CHIEF Nº 3 (N/O) | Grupo: PR-VNT SCH,375033,f26b48f9-0279-47cf-b5b3-6772136bf76f-0005b8f9,PR > PR-PLYMP-LGC-PLAYA Y MP > PR-PLYMP-LGC-SILOS CHIEF > PR-PLYMP-SLO-SVCHF03,contenedor_por_ancestro_project,PR-PLYMP-SLO-SVCHF03,asociado_a_contenedor,SI,btz_description_11,escrito_en_slot_btz
PR-PLYMP-VNT-SA3/4,VENTILADOR Nº 4 AIREACION SILO CHIEF Nº 3 (N/E) | Grupo: PR-VNT SCH,375033,f26b48f9-0279-47cf-b5b3-6772136bf76f-0005b8f9,PR > PR-PLYMP-LGC-PLAYA Y MP > PR-PLYMP-LGC-SILOS CHIEF > PR-PLYMP-SLO-SVCHF03,contenedor_por_ancestro_project,PR-PLYMP-SLO-SVCHF03,asociado_a_contenedor,SI,btz_description_12,escrito_en_slot_btz
PR-PLYMP-SIS-TRM-SVCHF04,SISTEMA DE MEDICION DE TERMOMETRIA SILO CHIEFF 04 | Grupo: PR-SIS TRM,361530,6515bfd8-768b-49ac-a69a-af07193c05bc-0005843a,PR > PR-PLYMP-LGC-PLAYA Y MP > PR-PLYMP-LGC-SILOS CHIEF > PR-PLYMP-SLO-SVCHF04,contenedor_por_ancestro_project,PR-PLYMP-SLO-SVCHF04,asociado_a_contenedor,SI,btz_description_05,escrito_en_slot_btz
PR-PLYMP-VLV-VDSCH4,VALVULA MOTORIZADA DESCARGA SILO CHIEF Nº 4 | Grupo: PR-VLV MOT SCH,361530,6515bfd8-768b-49ac-a69a-af07193c05bc-0005843a,PR > PR-PLYMP-LGC-PLAYA Y MP > PR-PLYMP-LGC-SILOS CHIEF > PR-PLYMP-SLO-SVCHF04,contenedor_por_ancestro_project,PR-PLYMP-SLO-SVCHF04,asociado_a_contenedor,SI,btz_description_06,escrito_en_slot_btz
PR-PLYMP-VNT-ESCH4/1,VENT. EXTRACTOR Nº 1 SOBRE SILO CHIEF Nº 4 | Grupo: PR-VNT EXT SCH,361530,6515bfd8-768b-49ac-a69a-af07193c05bc-0005843a,PR > PR-PLYMP-LGC-PLAYA Y MP > PR-PLYMP-LGC-SILOS CHIEF > PR-PLYMP-SLO-SVCHF04,contenedor_por_ancestro_project,PR-PLYMP-SLO-SVCHF04,asociado_a_contenedor,SI,btz_description_07,escrito_en_slot_btz
PR-PLYMP-VNT-ESCH4/2,VENT. EXTRACTOR Nº 2 SOBRE SILO CHIEF Nº 4 | Grupo: PR-VNT EXT SCH,361530,6515bfd8-768b-49ac-a69a-af07193c05bc-0005843a,PR > PR-PLYMP-LGC-PLAYA Y MP > PR-PLYMP-LGC-SILOS CHIEF > PR-PLYMP-SLO-SVCHF04,contenedor_por_ancestro_project,PR-PLYMP-SLO-SVCHF04,asociado_a_contenedor,SI,btz_description_08,escrito_en_slot_btz
PR-PLYMP-VNT-SA4/1,VENTILADOR Nº 1 AIREACION SILO CHIEF Nº 4 (S/E) | Grupo: PR-VNT SCH,361530,6515bfd8-768b-49ac-a69a-af07193c05bc-0005843a,PR > PR-PLYMP-LGC-PLAYA Y MP > PR-PLYMP-LGC-SILOS CHIEF > PR-PLYMP-SLO-SVCHF04,contenedor_por_ancestro_project,PR-PLYMP-SLO-SVCHF04,asociado_a_contenedor,SI,btz_description_09,escrito_en_slot_btz
PR-PLYMP-VNT-SA4/2,VENTILADOR Nº 2 AIREACION SILO CHIEF Nº 4 (S/O) | Grupo: PR-VNT SCH,361530,6515bfd8-768b-49ac-a69a-af07193c05bc-0005843a,PR > PR-PLYMP-LGC-PLAYA Y MP > PR-PLYMP-LGC-SILOS CHIEF > PR-PLYMP-SLO-SVCHF04,contenedor_por_ancestro_project,PR-PLYMP-SLO-SVCHF04,asociado_a_contenedor,SI,btz_description_10,escrito_en_slot_btz
PR-PLYMP-VNT-SA4/3,VENTILADOR Nº 3 AIREACION SILO CHIEF Nº 4 (N/O) | Grupo: PR-VNT SCH,361530,6515bfd8-768b-49ac-a69a-af07193c05bc-0005843a,PR > PR-PLYMP-LGC-PLAYA Y MP > PR-PLYMP-LGC-SILOS CHIEF > PR-PLYMP-SLO-SVCHF04,contenedor_por_ancestro_project,PR-PLYMP-SLO-SVCHF04,asociado_a_contenedor,SI,btz_description_11,escrito_en_slot_btz
PR-PLYMP-VNT-SA4/4,VENTILADOR Nº 4 AIREACION SILO CHIEF Nº 4 (N/E) | Grupo: PR-VNT SCH,361530,6515bfd8-768b-49ac-a69a-af07193c05bc-0005843a,PR > PR-PLYMP-LGC-PLAYA Y MP > PR-PLYMP-LGC-SILOS CHIEF > PR-PLYMP-SLO-SVCHF04,contenedor_por_ancestro_project,PR-PLYMP-SLO-SVCHF04,asociado_a_contenedor,SI,btz_description_12,escrito_en_slot_btz
PR-PLYMP-SIS-TRM-SVCHF05,SISTEMA DE MEDICION DE TERMOMETRIA SILO CHIEFF 05 | Grupo: PR-SIS TRM,375180,f26b48f9-0279-47cf-b5b3-6772136bf76f-0005b98c,PR > PR-PLYMP-LGC-PLAYA Y MP > PR-PLYMP-LGC-SILOS CHIEF > PR-PLYMP-SLO-SVCHF05,contenedor_por_ancestro_project,PR-PLYMP-SLO-SVCHF05,asociado_a_contenedor,SI,btz_description_05,escrito_en_slot_btz
PR-PLYMP-VLV-VDSCH5,VALVULA MOTORIZADA DESCARGA SILO CHIEF Nº 5 | Grupo: PR-VLV MOT SCH,375180,f26b48f9-0279-47cf-b5b3-6772136bf76f-0005b98c,PR > PR-PLYMP-LGC-PLAYA Y MP > PR-PLYMP-LGC-SILOS CHIEF > PR-PLYMP-SLO-SVCHF05,contenedor_por_ancestro_project,PR-PLYMP-SLO-SVCHF05,asociado_a_contenedor,SI,btz_description_06,escrito_en_slot_btz
PR-PLYMP-VNT-ESCH5/1,VENT. EXTRACTOR Nº 1 SOBRE SILO CHIEF Nº 5 | Grupo: PR-VNT EXT SCH,375180,f26b48f9-0279-47cf-b5b3-6772136bf76f-0005b98c,PR > PR-PLYMP-LGC-PLAYA Y MP > PR-PLYMP-LGC-SILOS CHIEF > PR-PLYMP-SLO-SVCHF05,contenedor_por_ancestro_project,PR-PLYMP-SLO-SVCHF05,asociado_a_contenedor,SI,btz_description_07,escrito_en_slot_btz
PR-PLYMP-VNT-ESCH5/2,VENT. EXTRACTOR Nº 2 SOBRE SILO CHIEF Nº 5 | Grupo: PR-VNT EXT SCH,375180,f26b48f9-0279-47cf-b5b3-6772136bf76f-0005b98c,PR > PR-PLYMP-LGC-PLAYA Y MP > PR-PLYMP-LGC-SILOS CHIEF > PR-PLYMP-SLO-SVCHF05,contenedor_por_ancestro_project,PR-PLYMP-SLO-SVCHF05,asociado_a_contenedor,SI,btz_description_08,escrito_en_slot_btz
PR-PLYMP-VNT-SA5/1,VENTILADOR Nº 1 AIREACION SILO CHIEF Nº 5 (S/E) | Grupo: PR-VNT SCH,375180,f26b48f9-0279-47cf-b5b3-6772136bf76f-0005b98c,PR > PR-PLYMP-LGC-PLAYA Y MP > PR-PLYMP-LGC-SILOS CHIEF > PR-PLYMP-SLO-SVCHF05,contenedor_por_ancestro_project,PR-PLYMP-SLO-SVCHF05,asociado_a_contenedor,SI,btz_description_09,escrito_en_slot_btz
PR-PLYMP-VNT-SA5/2,VENTILADOR Nº 2 AIREACION SILO CHIEF Nº 5 (S/O) | Grupo: PR-VNT SCH,375180,f26b48f9-0279-47cf-b5b3-6772136bf76f-0005b98c,PR > PR-PLYMP-LGC-PLAYA Y MP > PR-PLYMP-LGC-SILOS CHIEF > PR-PLYMP-SLO-SVCHF05,contenedor_por_ancestro_project,PR-PLYMP-SLO-SVCHF05,asociado_a_contenedor,SI,btz_description_10,escrito_en_slot_btz
PR-PLYMP-VNT-SA5/3,VENTILADOR Nº 3 AIREACION SILO CHIEF Nº 5 (N/O) | Grupo: PR-VNT SCH,375180,f26b48f9-0279-47cf-b5b3-6772136bf76f-0005b98c,PR > PR-PLYMP-LGC-PLAYA Y MP > PR-PLYMP-LGC-SILOS CHIEF > PR-PLYMP-SLO-SVCHF05,contenedor_por_ancestro_project,PR-PLYMP-SLO-SVCHF05,asociado_a_contenedor,SI,btz_description_11,escrito_en_slot_btz
PR-PLYMP-VNT-SA5/4,VENTILADOR Nº 4 AIREACION SILO CHIEF Nº 5 (N/E) | Grupo: PR-VNT SCH,375180,f26b48f9-0279-47cf-b5b3-6772136bf76f-0005b98c,PR > PR-PLYMP-LGC-PLAYA Y MP > PR-PLYMP-LGC-SILOS CHIEF > PR-PLYMP-SLO-SVCHF05,contenedor_por_ancestro_project,PR-PLYMP-SLO-SVCHF05,asociado_a_contenedor,SI,btz_description_12,escrito_en_slot_btz
PR-PLYMP-SIS-TRM-SVCHF06,SISTEMA DE MEDICION DE TERMOMETRIA SILO CHIEFF 06 | Grupo: PR-SIS TRM,375196,f26b48f9-0279-47cf-b5b3-6772136bf76f-0005b99c,PR > PR-PLYMP-LGC-PLAYA Y MP > PR-PLYMP-LGC-SILOS CHIEF > PR-PLYMP-SLO-SVCHF06,contenedor_por_ancestro_project,PR-PLYMP-SLO-SVCHF06,asociado_a_contenedor,SI,btz_description_05,escrito_en_slot_btz
PR-PLYMP-VLV-VDSCH6,VALVULA MOTORIZADA DESCARGA SILO CHIEF Nº 6 | Grupo: PR-VLV MOT SCH,375196,f26b48f9-0279-47cf-b5b3-6772136bf76f-0005b99c,PR > PR-PLYMP-LGC-PLAYA Y MP > PR-PLYMP-LGC-SILOS CHIEF > PR-PLYMP-SLO-SVCHF06,contenedor_por_ancestro_project,PR-PLYMP-SLO-SVCHF06,asociado_a_contenedor,SI,btz_description_06,escrito_en_slot_btz
PR-PLYMP-VNT-ESCH6/1,VENT. EXTRACTOR Nº 1 SOBRE SILO CHIEF Nº 6 | Grupo: PR-VNT EXT SCH,375196,f26b48f9-0279-47cf-b5b3-6772136bf76f-0005b99c,PR > PR-PLYMP-LGC-PLAYA Y MP > PR-PLYMP-LGC-SILOS CHIEF > PR-PLYMP-SLO-SVCHF06,contenedor_por_ancestro_project,PR-PLYMP-SLO-SVCHF06,asociado_a_contenedor,SI,btz_description_07,escrito_en_slot_btz
PR-PLYMP-VNT-ESCH6/2,VENT. EXTRACTOR Nº 2 SOBRE SILO CHIEF Nº 6 | Grupo: PR-VNT EXT SCH,375196,f26b48f9-0279-47cf-b5b3-6772136bf76f-0005b99c,PR > PR-PLYMP-LGC-PLAYA Y MP > PR-PLYMP-LGC-SILOS CHIEF > PR-PLYMP-SLO-SVCHF06,contenedor_por_ancestro_project,PR-PLYMP-SLO-SVCHF06,asociado_a_contenedor,SI,btz_description_08,escrito_en_slot_btz
PR-PLYMP-VNT-SA6/1,VENTILADOR Nº 1 AIREACION SILO CHIEF Nº 6 (S/E) | Grupo: PR-VNT SCH,375196,f26b48f9-0279-47cf-b5b3-6772136bf76f-0005b99c,PR > PR-PLYMP-LGC-PLAYA Y MP > PR-PLYMP-LGC-SILOS CHIEF > PR-PLYMP-SLO-SVCHF06,contenedor_por_ancestro_project,PR-PLYMP-SLO-SVCHF06,asociado_a_contenedor,SI,btz_description_09,escrito_en_slot_btz
PR-PLYMP-VNT-SA6/2,VENTILADOR Nº 2 AIREACION SILO CHIEF Nº 6 (S/O) | Grupo: PR-VNT SCH,375196,f26b48f9-0279-47cf-b5b3-6772136bf76f-0005b99c,PR > PR-PLYMP-LGC-PLAYA Y MP > PR-PLYMP-LGC-SILOS CHIEF > PR-PLYMP-SLO-SVCHF06,contenedor_por_ancestro_project,PR-PLYMP-SLO-SVCHF06,asociado_a_contenedor,SI,btz_description_10,escrito_en_slot_btz
PR-PLYMP-VNT-SA6/3,VENTILADOR Nº 3 AIREACION SILO CHIEF Nº 6 (N/O) | Grupo: PR-VNT SCH,375196,f26b48f9-0279-47cf-b5b3-6772136bf76f-0005b99c,PR > PR-PLYMP-LGC-PLAYA Y MP > PR-PLYMP-LGC-SILOS CHIEF > PR-PLYMP-SLO-SVCHF06,contenedor_por_ancestro_project,PR-PLYMP-SLO-SVCHF06,asociado_a_contenedor,SI,btz_description_11,escrito_en_slot_btz
PR-PLYMP-VNT-SA6/4,VENTILADOR Nº 4 AIREACION SILO CHIEF Nº 6 (N/E) | Grupo: PR-VNT SCH,375196,f26b48f9-0279-47cf-b5b3-6772136bf76f-0005b99c,PR > PR-PLYMP-LGC-PLAYA Y MP > PR-PLYMP-LGC-SILOS CHIEF > PR-PLYMP-SLO-SVCHF06,contenedor_por_ancestro_project,PR-PLYMP-SLO-SVCHF06,asociado_a_contenedor,SI,btz_description_12,escrito_en_slot_btz
PR-PLYMP-VLV-DSE1KW,VALVULA MOTOR. DESC. SILO EXP. KEPLER WEBER L-1 | Grupo: PR-VLV SKW,377659,2820d03f-22b4-43b5-a10b-789b042309d5-0005c33b,PR > PR-PLYMP-LGC-PLAYA Y MP > PR-PLYMP-LGC-SILOS KEPLER WEB > PR-PLYMP-SLO-SEKW1,contenedor_por_ancestro_project,PR-PLYMP-SLO-SEKW1,asociado_a_contenedor,SI,btz_description_05,escrito_en_slot_btz
PR-PLYMP-VLV-,VALVULA MOTOR. DESC. SILO EXP. KW L-2 | Grupo: PR-VLV DSC,377717,2820d03f-22b4-43b5-a10b-789b042309d5-0005c375,PR > PR-PLYMP-LGC-PLAYA Y MP > PR-PLYMP-LGC-SILOS KEPLER WEB > PR-PLYMP-SLO-SEKW2,contenedor_por_ancestro_project,PR-PLYMP-SLO-SEKW2,asociado_a_contenedor,SI,btz_description_05,escrito_en_slot_btz
PR-PLYMP-VLV-DSE2KW,VALVULA MOTOR. DESC. SILO EXP. K. WEBER L-2 | Grupo: PR-VLV SKW,377717,2820d03f-22b4-43b5-a10b-789b042309d5-0005c375,PR > PR-PLYMP-LGC-PLAYA Y MP > PR-PLYMP-LGC-SILOS KEPLER WEB > PR-PLYMP-SLO-SEKW2,contenedor_por_ancestro_project,PR-PLYMP-SLO-SEKW2,asociado_a_contenedor,SI,btz_description_06,escrito_en_slot_btz
PR-PLYSP-TLV-CCC8,TOLVA CARGA DE CAMIONES CELDA 8 | Grupo: PR-TLV CC,223954,5ce8dc25-81da-49d9-83e5-de9e82452c13-00036ad2,PR > PR-PLYSP-LGC-PLAYA Y SUB > PR-PLYSP-LGC-SILO EXPEDICION CELDA DEP. S.P. Nº 11 > PR-PLYSP-TLV-CCC11,contenedor_por_scoring,,asociado_a_contenedor,SI,btz_description_05,escrito_en_slot_btz
PR-PLYSP-TLV-CCC10,TOLVA CARGA DE CAMIONES CELDA 10 | Grupo: PR-TLV CC,223954,5ce8dc25-81da-49d9-83e5-de9e82452c13-00036ad2,PR > PR-PLYSP-LGC-PLAYA Y SUB > PR-PLYSP-LGC-SILO EXPEDICION CELDA DEP. S.P. Nº 11 > PR-PLYSP-TLV-CCC11,contenedor_por_scoring,,asociado_a_contenedor,SI,btz_description_06,escrito_en_slot_btz
PR-PLYSP-TLV-CCC08,TOLVA CARGA DE CAMIONES CELDA 08 | Grupo: PR-TLV CC,223954,5ce8dc25-81da-49d9-83e5-de9e82452c13-00036ad2,PR > PR-PLYSP-LGC-PLAYA Y SUB > PR-PLYSP-LGC-SILO EXPEDICION CELDA DEP. S.P. Nº 11 > PR-PLYSP-TLV-CCC11,contenedor_por_scoring,,asociado_a_contenedor,SI,btz_description_07,escrito_en_slot_btz
PR-PRL1-LGC-BATIDORAS,LOGICO BATIDORAS PRELIMPIEZA 1 | Grupo: PR-LOGICO,372918,c1b86e07-db16-4679-93c3-323d244a69e5-0005b0b6,PR > PR-PRL1-LGC-PRELIMPIEZA 1 > PR-PRL1-LGC-GENERAL,contenedor_por_scoring,,asociado_a_contenedor,SI,btz_description_04,escrito_en_slot_btz
PR-PRL1-BTD-N01,BATIDORA Nº 1 (NORTE) | Grupo: PR-BTD PRL,372918,c1b86e07-db16-4679-93c3-323d244a69e5-0005b0b6,PR > PR-PRL1-LGC-PRELIMPIEZA 1 > PR-PRL1-LGC-GENERAL,contenedor_por_scoring,,asociado_a_contenedor,SI,btz_description_05,escrito_en_slot_btz
PR-PRL1-BTD-N02,BATIDORA Nº 2 (SUR) | Grupo: PR-BTD PRL,372918,c1b86e07-db16-4679-93c3-323d244a69e5-0005b0b6,PR > PR-PRL1-LGC-PRELIMPIEZA 1 > PR-PRL1-LGC-GENERAL,contenedor_por_scoring,,asociado_a_contenedor,SI,btz_description_06,escrito_en_slot_btz
PR-PRL1-LGC-NORIAS,LOGICO NORIAS PRELIMPIEZA 1 | Grupo: PR-LOGICO,372918,c1b86e07-db16-4679-93c3-323d244a69e5-0005b0b6,PR > PR-PRL1-LGC-PRELIMPIEZA 1 > PR-PRL1-LGC-GENERAL,contenedor_por_scoring,,asociado_a_contenedor,SI,btz_description_07,escrito_en_slot_btz
PR-PRL1-NOR-TSG02,NORIA TSG-2 | Grupo: PR-PRL1-NOR-TSG02,372918,c1b86e07-db16-4679-93c3-323d244a69e5-0005b0b6,PR > PR-PRL1-LGC-PRELIMPIEZA 1 > PR-PRL1-LGC-GENERAL,contenedor_por_scoring,,asociado_a_contenedor,SI,btz_description_08,escrito_en_slot_btz
PR-PRL1-LGC-REDLERS,LOGICO REDLERS PRELIMPIEZA 1 | Grupo: PR-LOGICO,372918,c1b86e07-db16-4679-93c3-323d244a69e5-0005b0b6,PR > PR-PRL1-LGC-PRELIMPIEZA 1 > PR-PRL1-LGC-GENERAL,contenedor_por_scoring,,asociado_a_contenedor,SI,btz_description_09,escrito_en_slot_btz
PR-PRL1-RDL-TSG01,REDLER TSG-1 | Grupo: PR-PRL1-RDL-TSG01,372918,c1b86e07-db16-4679-93c3-323d244a69e5-0005b0b6,PR > PR-PRL1-LGC-PRELIMPIEZA 1 > PR-PRL1-LGC-GENERAL,contenedor_por_scoring,,asociado_a_contenedor,SI,btz_description_10,escrito_en_slot_btz
PR-PRL1-RDL-TSG03,REDLER TSG-3 | Grupo: PR-PRL1-RDL-TSG03,372918,c1b86e07-db16-4679-93c3-323d244a69e5-0005b0b6,PR > PR-PRL1-LGC-PRELIMPIEZA 1 > PR-PRL1-LGC-GENERAL,contenedor_por_scoring,,asociado_a_contenedor,SI,btz_description_11,escrito_en_slot_btz
PR-PRL1-RDL-TSG06,REDLER TSG-6 | Grupo: PR-PRL1-RDL-TSG06,372918,c1b86e07-db16-4679-93c3-323d244a69e5-0005b0b6,PR > PR-PRL1-LGC-PRELIMPIEZA 1 > PR-PRL1-LGC-GENERAL,contenedor_por_scoring,,asociado_a_contenedor,SI,btz_description_12,escrito_en_slot_btz
PR-PRL1-RDL-TSG07,REDLER TSG-7 | Grupo: PR-PRL1-RDL-TSG07,372918,c1b86e07-db16-4679-93c3-323d244a69e5-0005b0b6,PR > PR-PRL1-LGC-PRELIMPIEZA 1 > PR-PRL1-LGC-GENERAL,contenedor_por_scoring,,asociado_a_contenedor,SI,btz_description_13,escrito_en_slot_btz
PR-PRL1-RDL-TSG08,REDLER TSG-8 | Grupo: PR-PRL1-RDL-TSG08,372918,c1b86e07-db16-4679-93c3-323d244a69e5-0005b0b6,PR > PR-PRL1-LGC-PRELIMPIEZA 1 > PR-PRL1-LGC-GENERAL,contenedor_por_scoring,,asociado_a_contenedor,SI,btz_description_14,escrito_en_slot_btz
PR-PRL1-LGC-SAP,LOGICO SISTEMA DE ASPIRACION PRELIMPIEZA 1 | Grupo: PR-LOGICO,372918,c1b86e07-db16-4679-93c3-323d244a69e5-0005b0b6,PR > PR-PRL1-LGC-PRELIMPIEZA 1 > PR-PRL1-LGC-GENERAL,contenedor_por_scoring,,asociado_a_contenedor,SI,btz_description_15,escrito_en_slot_btz
PR-PRL1-SAP-PRL1,SISTEMA ASP. POLVILLO PREL. L-1 | Grupo: PR-SAP PRL1,372918,c1b86e07-db16-4679-93c3-323d244a69e5-0005b0b6,PR > PR-PRL1-LGC-PRELIMPIEZA 1 > PR-PRL1-LGC-GENERAL,contenedor_por_scoring,,asociado_a_contenedor,SI,btz_description_16,escrito_en_slot_btz
PR-PRL1-CCL-SAPL1,CICLON SISTEMA DE ASPIACION PRELIMPIEZA LINEA 1 | Grupo: PR-CCL SAP PRL1,372918,c1b86e07-db16-4679-93c3-323d244a69e5-0005b0b6,PR > PR-PRL1-LGC-PRELIMPIEZA 1 > PR-PRL1-LGC-GENERAL,contenedor_por_scoring,,asociado_a_contenedor,SI,btz_description_17,escrito_en_slot_btz
PR-PRL1-VLV-SAPL1,VALVULA ROTATIVA S.A.P. PREL. L-1 | Grupo: PR-VLV SAP PRL1,372918,c1b86e07-db16-4679-93c3-323d244a69e5-0005b0b6,PR > PR-PRL1-LGC-PRELIMPIEZA 1 > PR-PRL1-LGC-GENERAL,contenedor_por_scoring,,asociado_a_contenedor,SI,btz_description_18,escrito_en_slot_btz
PR-PRL2-LGC-BATIDORAS,LOGICO BATIDORAS PRELIMPIEZA 2 | Grupo: PR-LOGICO,413962,4ebdd558-c989-409d-9fc3-d33c3da7089e-0006510a,PR > PR-PRL2-LGC-PRELIMPIEZA 2 > PR-PRL2-LGC-GENERAL,contenedor_por_scoring,,asociado_a_contenedor,SI,btz_description_04,escrito_en_slot_btz
PR-PRL2-BTD-N01,BATIDORA Nº 1 (N) | Grupo: PR-BTD PRL2,413962,4ebdd558-c989-409d-9fc3-d33c3da7089e-0006510a,PR > PR-PRL2-LGC-PRELIMPIEZA 2 > PR-PRL2-LGC-GENERAL,contenedor_por_scoring,,asociado_a_contenedor,SI,btz_description_05,escrito_en_slot_btz
PR-PRL2-BTD-N02,BATIDORA Nº 2 (S) | Grupo: PR-BTD PRL2,413962,4ebdd558-c989-409d-9fc3-d33c3da7089e-0006510a,PR > PR-PRL2-LGC-PRELIMPIEZA 2 > PR-PRL2-LGC-GENERAL,contenedor_por_scoring,,asociado_a_contenedor,SI,btz_description_06,escrito_en_slot_btz
PR-PRL2-LGC-NORIAS,LOGICO NORIAS PRELIMPIEZA 2 | Grupo: PR-LOGICO,413962,4ebdd558-c989-409d-9fc3-d33c3da7089e-0006510a,PR > PR-PRL2-LGC-PRELIMPIEZA 2 > PR-PRL2-LGC-GENERAL,contenedor_por_scoring,,asociado_a_contenedor,SI,btz_description_07,escrito_en_slot_btz
PR-PRL2-NOR-TS02,NORIA TS-2 (O) | Grupo: PR-PRL2-NOR-TS02,413962,4ebdd558-c989-409d-9fc3-d33c3da7089e-0006510a,PR > PR-PRL2-LGC-PRELIMPIEZA 2 > PR-PRL2-LGC-GENERAL,contenedor_por_scoring,,asociado_a_contenedor,SI,btz_description_08,escrito_en_slot_btz
PR-PRL2-NOR-TS03,NORIA TS-3 (E) | Grupo: PR-PRL2-NOR-TS03,413962,4ebdd558-c989-409d-9fc3-d33c3da7089e-0006510a,PR > PR-PRL2-LGC-PRELIMPIEZA 2 > PR-PRL2-LGC-GENERAL,contenedor_por_scoring,,asociado_a_contenedor,SI,btz_description_09,escrito_en_slot_btz
PR-PRL2-NOR-TSD1,NORIA TSD-1 | Grupo: PR-PRL2-NOR-TSD1,413962,4ebdd558-c989-409d-9fc3-d33c3da7089e-0006510a,PR > PR-PRL2-LGC-PRELIMPIEZA 2 > PR-PRL2-LGC-GENERAL,contenedor_por_scoring,,asociado_a_contenedor,SI,btz_description_10,escrito_en_slot_btz
PR-PRL2-LGC-REDLERS,LOGICO REDLERS PRELIMPIEZA 2 | Grupo: PR-LOGICO,413962,4ebdd558-c989-409d-9fc3-d33c3da7089e-0006510a,PR > PR-PRL2-LGC-PRELIMPIEZA 2 > PR-PRL2-LGC-GENERAL,contenedor_por_scoring,,asociado_a_contenedor,SI,btz_description_11,escrito_en_slot_btz
PR-PRL2-RDL-TS01,REDLER TS-1 | Grupo: PR-PRL2-RDL-TS01,413962,4ebdd558-c989-409d-9fc3-d33c3da7089e-0006510a,PR > PR-PRL2-LGC-PRELIMPIEZA 2 > PR-PRL2-LGC-GENERAL,contenedor_por_scoring,,asociado_a_contenedor,SI,btz_description_12,escrito_en_slot_btz
PR-PRL2-RDL-TS04,REDLER TS-4 | Grupo: PR-PRL2-RDL-TS04,413962,4ebdd558-c989-409d-9fc3-d33c3da7089e-0006510a,PR > PR-PRL2-LGC-PRELIMPIEZA 2 > PR-PRL2-LGC-GENERAL,contenedor_por_scoring,,asociado_a_contenedor,SI,btz_description_13,escrito_en_slot_btz
PR-PRL2-RDL-TS05,REDLER TS-5 | Grupo: PR-PRL2-RDL-TS05,413962,4ebdd558-c989-409d-9fc3-d33c3da7089e-0006510a,PR > PR-PRL2-LGC-PRELIMPIEZA 2 > PR-PRL2-LGC-GENERAL,contenedor_por_scoring,,asociado_a_contenedor,SI,btz_description_14,escrito_en_slot_btz
PR-PRL2-RDL-TS08,REDLER TS-8 | Grupo: PR-PRL2-RDL-TS08,413962,4ebdd558-c989-409d-9fc3-d33c3da7089e-0006510a,PR > PR-PRL2-LGC-PRELIMPIEZA 2 > PR-PRL2-LGC-GENERAL,contenedor_por_scoring,,asociado_a_contenedor,SI,btz_description_15,escrito_en_slot_btz
PR-PRL2-RDL-TS09,REDLER TS-9 | Grupo: PR-PRL2-RDL-TS09,413962,4ebdd558-c989-409d-9fc3-d33c3da7089e-0006510a,PR > PR-PRL2-LGC-PRELIMPIEZA 2 > PR-PRL2-LGC-GENERAL,contenedor_por_scoring,,asociado_a_contenedor,SI,btz_description_16,escrito_en_slot_btz
PR-PRL2-RDL-TS10,REDLER TS-10 | Grupo: PR-PRL2-RDL-TS10,413962,4ebdd558-c989-409d-9fc3-d33c3da7089e-0006510a,PR > PR-PRL2-LGC-PRELIMPIEZA 2 > PR-PRL2-LGC-GENERAL,contenedor_por_scoring,,asociado_a_contenedor,SI,btz_description_17,escrito_en_slot_btz
PR-PRL2-RDL-TSD2,REDLER TSD-2 | Grupo: PR-PRL2-RDL-TSD2,413962,4ebdd558-c989-409d-9fc3-d33c3da7089e-0006510a,PR > PR-PRL2-LGC-PRELIMPIEZA 2 > PR-PRL2-LGC-GENERAL,contenedor_por_scoring,,asociado_a_contenedor,SI,btz_description_18,escrito_en_slot_btz
PR-PRL2-RDL-TSD3,REDLER TSD-3 | Grupo: PR-PRL2-RDL-TSD3,413962,4ebdd558-c989-409d-9fc3-d33c3da7089e-0006510a,PR > PR-PRL2-LGC-PRELIMPIEZA 2 > PR-PRL2-LGC-GENERAL,contenedor_por_scoring,,asociado_a_contenedor,SI,btz_description_19,escrito_en_slot_btz
PR-PRL3-BTD-B01,BATIDORA B-01   <A VENT. 7 Y 8> | Grupo: PR-BAT PRL3,413980,4ebdd558-c989-409d-9fc3-d33c3da7089e-0006511c,PR > PR-PRL3-LGC-PRELIMPIEZA 3 > PR-PRL3-LGC-GENERAL,contenedor_por_scoring,,asociado_a_contenedor,SI,btz_description_04,escrito_en_slot_btz
PR-PRL3-ENF-ES1,ENFRIADOR DE SEMILLA S-1 | Grupo: PR-ENFRIADOR PRL3,413980,4ebdd558-c989-409d-9fc3-d33c3da7089e-0006511c,PR > PR-PRL3-LGC-PRELIMPIEZA 3 > PR-PRL3-LGC-GENERAL,contenedor_por_scoring,,asociado_a_contenedor,SI,btz_description_05,escrito_en_slot_btz
PR-PRL3-VLV-VR2,VALVULA ROTATIVA VR-2 (ALIM. SECADOR) | Grupo: PR-VLV ROT 2 PRL3,413980,4ebdd558-c989-409d-9fc3-d33c3da7089e-0006511c,PR > PR-PRL3-LGC-PRELIMPIEZA 3 > PR-PRL3-LGC-GENERAL,contenedor_por_scoring,,asociado_a_contenedor,SI,btz_description_06,escrito_en_slot_btz
PR-PRL3-LGC-MAQUINA,LOGICO MAQUINA PRELIMPIADO PRELIMPIEZA LINEA 3 | Grupo: PR-LOGICO,413980,4ebdd558-c989-409d-9fc3-d33c3da7089e-0006511c,PR > PR-PRL3-LGC-PRELIMPIEZA 3 > PR-PRL3-LGC-GENERAL,contenedor_por_scoring,,asociado_a_contenedor,SI,btz_description_07,escrito_en_slot_btz
PR-PRL3-MQP-N01,MAQUINA PRELIMPIADO Nº 1 | Grupo: PR-MQP ALGODÓN,413980,4ebdd558-c989-409d-9fc3-d33c3da7089e-0006511c,PR > PR-PRL3-LGC-PRELIMPIEZA 3 > PR-PRL3-LGC-GENERAL,contenedor_por_scoring,,asociado_a_contenedor,SI,btz_description_08,escrito_en_slot_btz
PR-PRL3-MQP-N02,MAQUINA PRELIMPIADO Nº 2 | Grupo: PR-MQP ALGODÓN,413980,4ebdd558-c989-409d-9fc3-d33c3da7089e-0006511c,PR > PR-PRL3-LGC-PRELIMPIEZA 3 > PR-PRL3-LGC-GENERAL,contenedor_por_scoring,,asociado_a_contenedor,SI,btz_description_09,escrito_en_slot_btz
PR-PRL3-MQP-N03,MAQUINA PRELIMPIADO Nº 3 | Grupo: PR-MQP ALGODÓN,413980,4ebdd558-c989-409d-9fc3-d33c3da7089e-0006511c,PR > PR-PRL3-LGC-PRELIMPIEZA 3 > PR-PRL3-LGC-GENERAL,contenedor_por_scoring,,asociado_a_contenedor,SI,btz_description_10,escrito_en_slot_btz
PR-PRL3-MQP-N04,MAQUINA PRELIMPIADO Nº 4 | Grupo: PR-MQP ALGODÓN,413980,4ebdd558-c989-409d-9fc3-d33c3da7089e-0006511c,PR > PR-PRL3-LGC-PRELIMPIEZA 3 > PR-PRL3-LGC-GENERAL,contenedor_por_scoring,,asociado_a_contenedor,SI,btz_description_11,escrito_en_slot_btz
PR-PRL3-MQP-N05,MAQUINA PRELIMPIADO Nº 5 | Grupo: PR-MQP ALGODÓN,413980,4ebdd558-c989-409d-9fc3-d33c3da7089e-0006511c,PR > PR-PRL3-LGC-PRELIMPIEZA 3 > PR-PRL3-LGC-GENERAL,contenedor_por_scoring,,asociado_a_contenedor,SI,btz_description_12,escrito_en_slot_btz
PR-PRL3-MQP-N06,MAQUINA PRELIMPIADO Nº 6 | Grupo: PR-MQP ALGODÓN,413980,4ebdd558-c989-409d-9fc3-d33c3da7089e-0006511c,PR > PR-PRL3-LGC-PRELIMPIEZA 3 > PR-PRL3-LGC-GENERAL,contenedor_por_scoring,,asociado_a_contenedor,SI,btz_description_13,escrito_en_slot_btz
PR-PRL3-MQP-N07,MAQUINA PRELIMPIADO Nº 7 | Grupo: PR-MQP ALGODÓN,413980,4ebdd558-c989-409d-9fc3-d33c3da7089e-0006511c,PR > PR-PRL3-LGC-PRELIMPIEZA 3 > PR-PRL3-LGC-GENERAL,contenedor_por_scoring,,asociado_a_contenedor,SI,btz_description_14,escrito_en_slot_btz
PR-PRL3-MQP-N08,MAQUINA PRELIMPIADO Nº 8 | Grupo: PR-MQP ALGODÓN,413980,4ebdd558-c989-409d-9fc3-d33c3da7089e-0006511c,PR > PR-PRL3-LGC-PRELIMPIEZA 3 > PR-PRL3-LGC-GENERAL,contenedor_por_scoring,,asociado_a_contenedor,SI,btz_description_15,escrito_en_slot_btz
PR-PRL3-MQP-N09,MAQUINA PRELIMPIADO Nº 9 | Grupo: PR-MQP ALGODÓN,413980,4ebdd558-c989-409d-9fc3-d33c3da7089e-0006511c,PR > PR-PRL3-LGC-PRELIMPIEZA 3 > PR-PRL3-LGC-GENERAL,contenedor_por_scoring,,asociado_a_contenedor,SI,btz_description_16,escrito_en_slot_btz
PR-PRL3-MQP-N10,MAQUINA PRELIMPIADO Nº 10 | Grupo: PR-MQP ALGODÓN,413980,4ebdd558-c989-409d-9fc3-d33c3da7089e-0006511c,PR > PR-PRL3-LGC-PRELIMPIEZA 3 > PR-PRL3-LGC-GENERAL,contenedor_por_scoring,,asociado_a_contenedor,SI,btz_description_17,escrito_en_slot_btz
PR-PRL3-MQP-N11,MAQUINA PRELIMPIADO Nº 11 | Grupo: PR-MQP ALGODÓN,413980,4ebdd558-c989-409d-9fc3-d33c3da7089e-0006511c,PR > PR-PRL3-LGC-PRELIMPIEZA 3 > PR-PRL3-LGC-GENERAL,contenedor_por_scoring,,asociado_a_contenedor,SI,btz_description_18,escrito_en_slot_btz
PR-PRL3-MQP-N12,MAQUINA PRELIMPIADO Nº 12 | Grupo: PR-MQP ALGODÓN,413980,4ebdd558-c989-409d-9fc3-d33c3da7089e-0006511c,PR > PR-PRL3-LGC-PRELIMPIEZA 3 > PR-PRL3-LGC-GENERAL,contenedor_por_scoring,,asociado_a_contenedor,SI,btz_description_19,escrito_en_slot_btz
PR-PRL3-MQP-N13,MAQUINA PRELIMPIADO Nº 13 | Grupo: PR-MQP ALGODÓN,413980,4ebdd558-c989-409d-9fc3-d33c3da7089e-0006511c,PR > PR-PRL3-LGC-PRELIMPIEZA 3 > PR-PRL3-LGC-GENERAL,contenedor_por_scoring,,asociado_a_contenedor,SI,btz_description_20,escrito_en_slot_btz
PR-PRL3-MQP-N14,MAQUINA PRELIMPIADO Nº 14 | Grupo: PR-MQP ALGODÓN,413980,4ebdd558-c989-409d-9fc3-d33c3da7089e-0006511c,PR > PR-PRL3-LGC-PRELIMPIEZA 3 > PR-PRL3-LGC-GENERAL,contenedor_por_scoring,,asociado_a_contenedor,SI,btz_description_21,escrito_en_slot_btz
PR-PRL3-MQP-N15,MAQUINA PRELIMPIADO Nº 15 | Grupo: PR-MQP ALGODÓN,413980,4ebdd558-c989-409d-9fc3-d33c3da7089e-0006511c,PR > PR-PRL3-LGC-PRELIMPIEZA 3 > PR-PRL3-LGC-GENERAL,contenedor_por_scoring,,asociado_a_contenedor,SI,btz_description_22,escrito_en_slot_btz
PR-PRL3-MQP-N16,MAQUINA PRELIMPIADO Nº 16 | Grupo: PR-MQP ALGODÓN,413980,4ebdd558-c989-409d-9fc3-d33c3da7089e-0006511c,PR > PR-PRL3-LGC-PRELIMPIEZA 3 > PR-PRL3-LGC-GENERAL,contenedor_por_scoring,,asociado_a_contenedor,SI,btz_description_23,escrito_en_slot_btz
PR-PRL3-MQP-N17,MAQUINA PRELIMPIADO Nº 17 | Grupo: PR-MQP ALGODÓN,413980,4ebdd558-c989-409d-9fc3-d33c3da7089e-0006511c,PR > PR-PRL3-LGC-PRELIMPIEZA 3 > PR-PRL3-LGC-GENERAL,contenedor_por_scoring,,asociado_a_contenedor,SI,btz_description_24,escrito_en_slot_btz
PR-PRL3-MQP-N18,MAQUINA PRELIMPIADO Nº 18 | Grupo: PR-MQP ALGODÓN,413980,4ebdd558-c989-409d-9fc3-d33c3da7089e-0006511c,PR > PR-PRL3-LGC-PRELIMPIEZA 3 > PR-PRL3-LGC-GENERAL,contenedor_por_scoring,,asociado_a_contenedor,SI,btz_description_25,escrito_en_slot_btz
PR-PRL3-MQP-N19,MAQUINA PRELIMPIADO Nº 19 | Grupo: PR-MQP ALGODÓN,413980,4ebdd558-c989-409d-9fc3-d33c3da7089e-0006511c,PR > PR-PRL3-LGC-PRELIMPIEZA 3 > PR-PRL3-LGC-GENERAL,contenedor_por_scoring,,asociado_a_contenedor,SI,btz_description_26,escrito_en_slot_btz
PR-PRL3-MQP-N20,MAQUINA PRELIMPIADO Nº 20 | Grupo: PR-MQP ALGODÓN,413980,4ebdd558-c989-409d-9fc3-d33c3da7089e-0006511c,PR > PR-PRL3-LGC-PRELIMPIEZA 3 > PR-PRL3-LGC-GENERAL,contenedor_por_scoring,,asociado_a_contenedor,SI,btz_description_27,escrito_en_slot_btz
PR-PRL3-MQP-N21,MAQUINA PRELIMPIADO Nº 21 | Grupo: PR-MQP ALGODÓN,413980,4ebdd558-c989-409d-9fc3-d33c3da7089e-0006511c,PR > PR-PRL3-LGC-PRELIMPIEZA 3 > PR-PRL3-LGC-GENERAL,contenedor_por_scoring,,asociado_a_contenedor,SI,btz_description_28,escrito_en_slot_btz
PR-PRL3-MQP-N22,MAQUINA PRELIMPIADO Nº 22 | Grupo: PR-MQP ALGODÓN,413980,4ebdd558-c989-409d-9fc3-d33c3da7089e-0006511c,PR > PR-PRL3-LGC-PRELIMPIEZA 3 > PR-PRL3-LGC-GENERAL,contenedor_por_scoring,,asociado_a_contenedor,SI,btz_description_29,escrito_en_slot_btz
PR-PRL3-LGC-ROSCAS,LOGICO ROSCAS PRELIMPIEZA 3 | Grupo: PR-LOGICO,413980,4ebdd558-c989-409d-9fc3-d33c3da7089e-0006511c,PR > PR-PRL3-LGC-PRELIMPIEZA 3 > PR-PRL3-LGC-GENERAL,contenedor_por_scoring,,asociado_a_contenedor,SI,btz_description_30,escrito_en_slot_btz
PR-PRL3-LGC-VENTILADORES,LOGICO VENTILADORES PRELIMPIEZA 3 | Grupo: PR-LOGICO,413980,4ebdd558-c989-409d-9fc3-d33c3da7089e-0006511c,PR > PR-PRL3-LGC-PRELIMPIEZA 3 > PR-PRL3-LGC-GENERAL,contenedor_por_scoring,,asociado_a_contenedor,SI,btz_description_31,escrito_en_slot_btz
PR-PRL3-CHD-PTV3,CENTRAL HIDRAULICA RV-3 | Grupo: PR-CHD PTV3,413980,4ebdd558-c989-409d-9fc3-d33c3da7089e-0006511c,PR > PR-PRL3-LGC-PRELIMPIEZA 3 > PR-PRL3-LGC-GENERAL,contenedor_por_scoring,,asociado_a_contenedor,SI,btz_description_32,escrito_en_slot_btz
PR-PRL3-SIS-APT3,SISTEMA APERTURA TAPA TOLVA | Grupo: PR-SIS TOLVA,413980,4ebdd558-c989-409d-9fc3-d33c3da7089e-0006511c,PR > PR-PRL3-LGC-PRELIMPIEZA 3 > PR-PRL3-LGC-GENERAL,contenedor_por_scoring,,asociado_a_contenedor,SI,btz_description_33,escrito_en_slot_btz
PR-PRL3-VLV-VR1,VALVULA ROTATIVA VR-1 | Grupo: PR-VLV ROT 1 PRL3,413980,4ebdd558-c989-409d-9fc3-d33c3da7089e-0006511c,PR > PR-PRL3-LGC-PRELIMPIEZA 3 > PR-PRL3-LGC-GENERAL,contenedor_por_scoring,,asociado_a_contenedor,SI,btz_description_34,escrito_en_slot_btz
PR-PRP1-APM-AMEXP1,APAREJO MANUAL EXPANDERS LINEA 1 | Grupo: PR-PRP1-APM,394757,a76015c2-c6f4-4057-9a15-5a3acb8b5871-00060605,PR > PR-PRP1-LGC-PREPARACION 1 > PR-PRP1-LGC-GENERAL > PR-PRP1-CNT-TSG16,contenedor_por_scoring,,asociado_a_contenedor,SI,btz_description_05,escrito_en_slot_btz
PR-PRP1-CRR-CRAG1,CARRO DE AGREGADO DE LINEA 1 BEC-CAR (MIXER) | Grupo: PR-PRP1-CRR-CRAG1,394757,a76015c2-c6f4-4057-9a15-5a3acb8b5871-00060605,PR > PR-PRP1-LGC-PREPARACION 1 > PR-PRP1-LGC-GENERAL > PR-PRP1-CNT-TSG16,contenedor_por_scoring,,asociado_a_contenedor,SI,btz_description_06,escrito_en_slot_btz
PR-PRP1-LDV-PREPL1,LINEA DE VIDA SOBRE NAVE PREPARACION 1 | Grupo: PR-LDV PRP1,394757,a76015c2-c6f4-4057-9a15-5a3acb8b5871-00060605,PR > PR-PRP1-LGC-PREPARACION 1 > PR-PRP1-LGC-GENERAL > PR-PRP1-CNT-TSG16,contenedor_por_scoring,,asociado_a_contenedor,SI,btz_description_07,escrito_en_slot_btz
PR-PRP1-LGC-COCINADORES,LOGICO COCINADORES PREPARACION LINEA 1 | Grupo: PR-LOGICO,394757,a76015c2-c6f4-4057-9a15-5a3acb8b5871-00060605,PR > PR-PRP1-LGC-PREPARACION 1 > PR-PRP1-LGC-GENERAL > PR-PRP1-CNT-TSG16,contenedor_por_scoring,,asociado_a_contenedor,SI,btz_description_08,escrito_en_slot_btz
PR-PRP1-CCN-A01,COCINADOR ALLOCCO Nº 1 <N> | Grupo: PR-CCN 8 PISOS,394757,a76015c2-c6f4-4057-9a15-5a3acb8b5871-00060605,PR > PR-PRP1-LGC-PREPARACION 1 > PR-PRP1-LGC-GENERAL > PR-PRP1-CNT-TSG16,contenedor_por_scoring,,asociado_a_contenedor,SI,btz_description_09,escrito_en_slot_btz
PR-PRP1-EXT-EVC1,EXTRACTOR DE VAHOS Nº 1  C-1 | Grupo: PR-EXT VAHO,394757,a76015c2-c6f4-4057-9a15-5a3acb8b5871-00060605,PR > PR-PRP1-LGC-PREPARACION 1 > PR-PRP1-LGC-GENERAL > PR-PRP1-CNT-TSG16,contenedor_por_scoring,,asociado_a_contenedor,SI,btz_description_10,escrito_en_slot_btz
PR-PRP1-TT-CCN1,TRANSMISOR DE TEMPERATURA LAZO DE CONTROL COCINADOR 1 | Grupo: PR-TT TEMP CCN,394757,a76015c2-c6f4-4057-9a15-5a3acb8b5871-00060605,PR > PR-PRP1-LGC-PREPARACION 1 > PR-PRP1-LGC-GENERAL > PR-PRP1-CNT-TSG16,contenedor_por_scoring,,asociado_a_contenedor,SI,btz_description_11,escrito_en_slot_btz
PR-PRP1-VLV-TCV-CCN1,VALVULA MODULADORA DE VAPOR CONTROL DE TEMPERATURA COCINADOR 1 | Grupo: PR-VLV MOD TEMP CCN,394757,a76015c2-c6f4-4057-9a15-5a3acb8b5871-00060605,PR > PR-PRP1-LGC-PREPARACION 1 > PR-PRP1-LGC-GENERAL > PR-PRP1-CNT-TSG16,contenedor_por_scoring,,asociado_a_contenedor,SI,btz_description_12,escrito_en_slot_btz
PR-PRP1-CCN-A02,COCINADOR ALLOCCO Nº 2 | Grupo: PR-CCN 8 PISOS,394757,a76015c2-c6f4-4057-9a15-5a3acb8b5871-00060605,PR > PR-PRP1-LGC-PREPARACION 1 > PR-PRP1-LGC-GENERAL > PR-PRP1-CNT-TSG16,contenedor_por_scoring,,asociado_a_contenedor,SI,btz_description_13,escrito_en_slot_btz
PR-PRP1-EXT-EVC2,EXTRACTOR DE VAHOS Nº 2  C-2 | Grupo: PR-EXT VAHO,394757,a76015c2-c6f4-4057-9a15-5a3acb8b5871-00060605,PR > PR-PRP1-LGC-PREPARACION 1 > PR-PRP1-LGC-GENERAL > PR-PRP1-CNT-TSG16,contenedor_por_scoring,,asociado_a_contenedor,SI,btz_description_14,escrito_en_slot_btz
PR-PRP1-TT-CCN2,TRANSMISOR DE TEMPERATURA LAZO DE CONTROL COCINADOR 2 | Grupo: PR-TT TEMP CCN,394757,a76015c2-c6f4-4057-9a15-5a3acb8b5871-00060605,PR > PR-PRP1-LGC-PREPARACION 1 > PR-PRP1-LGC-GENERAL > PR-PRP1-CNT-TSG16,contenedor_por_scoring,,asociado_a_contenedor,SI,btz_description_15,escrito_en_slot_btz
PR-PRP1-VLV-TCV-CCN2,VALVULA MODULADORA DE VAPOR CONTROL DE TEMPERATURA COCINADOR 2 | Grupo: PR-VLV MOD TEMP CCN,394757,a76015c2-c6f4-4057-9a15-5a3acb8b5871-00060605,PR > PR-PRP1-LGC-PREPARACION 1 > PR-PRP1-LGC-GENERAL > PR-PRP1-CNT-TSG16,contenedor_por_scoring,,asociado_a_contenedor,SI,btz_description_16,escrito_en_slot_btz
PR-PRP1-CCN-A03,COCINADOR ALLOCCO Nº 3 | Grupo: PR-CCN 7 PISOS MD,394757,a76015c2-c6f4-4057-9a15-5a3acb8b5871-00060605,PR > PR-PRP1-LGC-PREPARACION 1 > PR-PRP1-LGC-GENERAL > PR-PRP1-CNT-TSG16,contenedor_por_scoring,,asociado_a_contenedor,SI,btz_description_17,escrito_en_slot_btz
PR-PRP1-EXT-EVC3,EXTRACTOR DE VAHOS Nº 3  C-3 | Grupo: PR-EXT VAHO,394757,a76015c2-c6f4-4057-9a15-5a3acb8b5871-00060605,PR > PR-PRP1-LGC-PREPARACION 1 > PR-PRP1-LGC-GENERAL > PR-PRP1-CNT-TSG16,contenedor_por_scoring,,asociado_a_contenedor,SI,btz_description_18,escrito_en_slot_btz
PR-PRP1-TT-CCN3,TRANSMISOR DE TEMPERATURA LAZO DE CONTROL COCINADOR 3 | Grupo: PR-TT TEMP CCN,394757,a76015c2-c6f4-4057-9a15-5a3acb8b5871-00060605,PR > PR-PRP1-LGC-PREPARACION 1 > PR-PRP1-LGC-GENERAL > PR-PRP1-CNT-TSG16,contenedor_por_scoring,,asociado_a_contenedor,SI,btz_description_19,escrito_en_slot_btz
PR-PRP1-VLV-TCV-CCN3,VALVULA MODULADORA DE VAPOR CONTROL DE TEMPERATURA COCINADOR 3 | Grupo: PR-VLV MOD TEMP CCN,394757,a76015c2-c6f4-4057-9a15-5a3acb8b5871-00060605,PR > PR-PRP1-LGC-PREPARACION 1 > PR-PRP1-LGC-GENERAL > PR-PRP1-CNT-TSG16,contenedor_por_scoring,,asociado_a_contenedor,SI,btz_description_20,escrito_en_slot_btz
PR-PRP1-CCN-A04,COCINADOR ALLOCCO Nº 4 | Grupo: PR-CCN 7 PISOS,394757,a76015c2-c6f4-4057-9a15-5a3acb8b5871-00060605,PR > PR-PRP1-LGC-PREPARACION 1 > PR-PRP1-LGC-GENERAL > PR-PRP1-CNT-TSG16,contenedor_por_scoring,,asociado_a_contenedor,SI,btz_description_21,escrito_en_slot_btz
PR-PRP1-EXT-EVC4,EXTRACTOR DE VAHOS Nº 4  C-4 | Grupo: PR-EXT VAHO,394757,a76015c2-c6f4-4057-9a15-5a3acb8b5871-00060605,PR > PR-PRP1-LGC-PREPARACION 1 > PR-PRP1-LGC-GENERAL > PR-PRP1-CNT-TSG16,contenedor_por_scoring,,asociado_a_contenedor,SI,btz_description_22,escrito_en_slot_btz
PR-PRP1-CCN-A05,COCINADOR ALLOCCO Nº 5 | Grupo: PR-CCN 7 PISOS,394757,a76015c2-c6f4-4057-9a15-5a3acb8b5871-00060605,PR > PR-PRP1-LGC-PREPARACION 1 > PR-PRP1-LGC-GENERAL > PR-PRP1-CNT-TSG16,contenedor_por_scoring,,asociado_a_contenedor,SI,btz_description_23,escrito_en_slot_btz
PR-PRP1-EXT-EVC5,EXTRACTOR DE VAHOS Nº 5  C-5 | Grupo: PR-EXT VAHO,394757,a76015c2-c6f4-4057-9a15-5a3acb8b5871-00060605,PR > PR-PRP1-LGC-PREPARACION 1 > PR-PRP1-LGC-GENERAL > PR-PRP1-CNT-TSG16,contenedor_por_scoring,,asociado_a_contenedor,SI,btz_description_24,escrito_en_slot_btz
PR-PRP1-CCN-A06,COCINADOR ALLOCCO Nº 6 | Grupo: PR-CCN 7 PISOS,394757,a76015c2-c6f4-4057-9a15-5a3acb8b5871-00060605,PR > PR-PRP1-LGC-PREPARACION 1 > PR-PRP1-LGC-GENERAL > PR-PRP1-CNT-TSG16,contenedor_por_scoring,,asociado_a_contenedor,SI,btz_description_25,escrito_en_slot_btz
PR-PRP1-EXT-EVC6,EXTRACTOR DE VAHOS Nº 6  C-6 | Grupo: PR-EXT VAHO,394757,a76015c2-c6f4-4057-9a15-5a3acb8b5871-00060605,PR > PR-PRP1-LGC-PREPARACION 1 > PR-PRP1-LGC-GENERAL > PR-PRP1-CNT-TSG16,contenedor_por_scoring,,asociado_a_contenedor,SI,btz_description_26,escrito_en_slot_btz
PR-PRP1-CCN-A07,COCINADOR ALLOCCO Nº 7 | Grupo: PR-CCN 7 PISOS,394757,a76015c2-c6f4-4057-9a15-5a3acb8b5871-00060605,PR > PR-PRP1-LGC-PREPARACION 1 > PR-PRP1-LGC-GENERAL > PR-PRP1-CNT-TSG16,contenedor_por_scoring,,asociado_a_contenedor,SI,btz_description_27,escrito_en_slot_btz
PR-PRP1-EXT-EVC7,EXTRACTOR DE VAHOS Nº 7  C-7 | Grupo: PR-EXT VAHO,394757,a76015c2-c6f4-4057-9a15-5a3acb8b5871-00060605,PR > PR-PRP1-LGC-PREPARACION 1 > PR-PRP1-LGC-GENERAL > PR-PRP1-CNT-TSG16,contenedor_por_scoring,,asociado_a_contenedor,SI,btz_description_28,escrito_en_slot_btz
PR-PRP1-CCN-A08,COCINADOR ALLOCCO Nº 8 <S> | Grupo: PR-CCN 6 PISOS,394757,a76015c2-c6f4-4057-9a15-5a3acb8b5871-00060605,PR > PR-PRP1-LGC-PREPARACION 1 > PR-PRP1-LGC-GENERAL > PR-PRP1-CNT-TSG16,contenedor_por_scoring,,asociado_a_contenedor,SI,btz_description_29,escrito_en_slot_btz
PR-PRP1-EXT-EVC8,EXTRACTOR DE VAHOS Nº 8  C-8 | Grupo: PR-EXT VAHO,394757,a76015c2-c6f4-4057-9a15-5a3acb8b5871-00060605,PR > PR-PRP1-LGC-PREPARACION 1 > PR-PRP1-LGC-GENERAL > PR-PRP1-CNT-TSG16,contenedor_por_scoring,,asociado_a_contenedor,SI,btz_description_30,escrito_en_slot_btz
PR-PRP1-LGC-ENFRIADORES,LOGICO ENFRIADORES PREPARACION LINEA 1 | Grupo: PR-LOGICO,394757,a76015c2-c6f4-4057-9a15-5a3acb8b5871-00060605,PR > PR-PRP1-LGC-PREPARACION 1 > PR-PRP1-LGC-GENERAL > PR-PRP1-CNT-TSG16,contenedor_por_scoring,,asociado_a_contenedor,SI,btz_description_31,escrito_en_slot_btz
PR-PRP1-ENF-A01,ENFRIADOR ALLOCCO Nº 1 <O> | Grupo: PR-ENF,394757,a76015c2-c6f4-4057-9a15-5a3acb8b5871-00060605,PR > PR-PRP1-LGC-PREPARACION 1 > PR-PRP1-LGC-GENERAL > PR-PRP1-CNT-TSG16,contenedor_por_scoring,,asociado_a_contenedor,SI,btz_description_32,escrito_en_slot_btz
PR-PRP1-CCL-EA01A-1,CICLON SAP ENFRIADOR EA01 A-1 | Grupo: PR-CCL ENFRIADOR,394757,a76015c2-c6f4-4057-9a15-5a3acb8b5871-00060605,PR > PR-PRP1-LGC-PREPARACION 1 > PR-PRP1-LGC-GENERAL > PR-PRP1-CNT-TSG16,contenedor_por_scoring,,asociado_a_contenedor,SI,btz_description_33,escrito_en_slot_btz
PR-PRP1-CCL-EA01A-2,CICLON SAP ENFRIADOR EA01 A-2 | Grupo: PR-CCL ENFRIADOR,394757,a76015c2-c6f4-4057-9a15-5a3acb8b5871-00060605,PR > PR-PRP1-LGC-PREPARACION 1 > PR-PRP1-LGC-GENERAL > PR-PRP1-CNT-TSG16,contenedor_por_scoring,,asociado_a_contenedor,SI,btz_description_34,escrito_en_slot_btz
PR-PRP1-CCL-EA01B-1,CICLON SAP ENFRIADOR EA01 B-1 | Grupo: PR-CCL ENFRIADOR,394757,a76015c2-c6f4-4057-9a15-5a3acb8b5871-00060605,PR > PR-PRP1-LGC-PREPARACION 1 > PR-PRP1-LGC-GENERAL > PR-PRP1-CNT-TSG16,contenedor_por_scoring,,asociado_a_contenedor,SI,btz_description_35,escrito_en_slot_btz
PR-PRP1-CCL-EA01B-2,CICLON SAP ENFRIADOR EA01 B-2 | Grupo: PR-CCL ENFRIADOR,394757,a76015c2-c6f4-4057-9a15-5a3acb8b5871-00060605,PR > PR-PRP1-LGC-PREPARACION 1 > PR-PRP1-LGC-GENERAL > PR-PRP1-CNT-TSG16,contenedor_por_scoring,,asociado_a_contenedor,SI,btz_description_36,escrito_en_slot_btz
PR-PRP1-ENF-A02,ENFRIADOR ALLOCCO Nº 2 <E> | Grupo: PR-ENF,394757,a76015c2-c6f4-4057-9a15-5a3acb8b5871-00060605,PR > PR-PRP1-LGC-PREPARACION 1 > PR-PRP1-LGC-GENERAL > PR-PRP1-CNT-TSG16,contenedor_por_scoring,,asociado_a_contenedor,SI,btz_description_37,escrito_en_slot_btz
PR-PRP1-CCL-EA02A-1,CICLON SAP ENFRIADOR EA02 A-1 | Grupo: PR-CCL ENFRIADOR,394757,a76015c2-c6f4-4057-9a15-5a3acb8b5871-00060605,PR > PR-PRP1-LGC-PREPARACION 1 > PR-PRP1-LGC-GENERAL > PR-PRP1-CNT-TSG16,contenedor_por_scoring,,asociado_a_contenedor,SI,btz_description_38,escrito_en_slot_btz
PR-PRP1-CCL-EA02A-2,CICLON SAP ENFRIADOR EA02 A-2 | Grupo: PR-CCL ENFRIADOR,394757,a76015c2-c6f4-4057-9a15-5a3acb8b5871-00060605,PR > PR-PRP1-LGC-PREPARACION 1 > PR-PRP1-LGC-GENERAL > PR-PRP1-CNT-TSG16,contenedor_por_scoring,,asociado_a_contenedor,SI,btz_description_39,escrito_en_slot_btz
PR-PRP1-CCL-EA02B-1,CICLON SAP ENFRIADOR EA02 B-1 | Grupo: PR-CCL ENFRIADOR,394757,a76015c2-c6f4-4057-9a15-5a3acb8b5871-00060605,PR > PR-PRP1-LGC-PREPARACION 1 > PR-PRP1-LGC-GENERAL > PR-PRP1-CNT-TSG16,contenedor_por_scoring,,asociado_a_contenedor,SI,btz_description_40,escrito_en_slot_btz
PR-PRP1-CCL-EA02B-2,CICLON SAP ENFRIADOR EA02 B-2 | Grupo: PR-CCL ENFRIADOR,394757,a76015c2-c6f4-4057-9a15-5a3acb8b5871-00060605,PR > PR-PRP1-LGC-PREPARACION 1 > PR-PRP1-LGC-GENERAL > PR-PRP1-CNT-TSG16,contenedor_por_scoring,,asociado_a_contenedor,SI,btz_description_41,escrito_en_slot_btz
PR-PRP1-ENF-A03,ENFRIADOR ALLOCCO Nº 3 <O> | Grupo: PR-ENF,394757,a76015c2-c6f4-4057-9a15-5a3acb8b5871-00060605,PR > PR-PRP1-LGC-PREPARACION 1 > PR-PRP1-LGC-GENERAL > PR-PRP1-CNT-TSG16,contenedor_por_scoring,,asociado_a_contenedor,SI,btz_description_42,escrito_en_slot_btz
PR-PRP1-CCL-EA03,CICLON SAP ENFRIADOR EA03 A | Grupo: PR-CCL ENFRIADOR,394757,a76015c2-c6f4-4057-9a15-5a3acb8b5871-00060605,PR > PR-PRP1-LGC-PREPARACION 1 > PR-PRP1-LGC-GENERAL > PR-PRP1-CNT-TSG16,contenedor_por_scoring,,asociado_a_contenedor,SI,btz_description_43,escrito_en_slot_btz
PR-PRP1-ENF-A04,ENFRIADOR ALLOCCO Nº 4 <E> | Grupo: PR-ENF,394757,a76015c2-c6f4-4057-9a15-5a3acb8b5871-00060605,PR > PR-PRP1-LGC-PREPARACION 1 > PR-PRP1-LGC-GENERAL > PR-PRP1-CNT-TSG16,contenedor_por_scoring,,asociado_a_contenedor,SI,btz_description_44,escrito_en_slot_btz
PR-PRP1-CCL-EA04,CICLON SAP ENFRIADOR EA04 A | Grupo: PR-CCL ENFRIADOR,394757,a76015c2-c6f4-4057-9a15-5a3acb8b5871-00060605,PR > PR-PRP1-LGC-PREPARACION 1 > PR-PRP1-LGC-GENERAL > PR-PRP1-CNT-TSG16,contenedor_por_scoring,,asociado_a_contenedor,SI,btz_description_45,escrito_en_slot_btz
PR-PRP1-LGC-EXPANDERS,LOGICO EXPANDERS PREPARACION LINEA 1 | Grupo: PR-LOGICO,394757,a76015c2-c6f4-4057-9a15-5a3acb8b5871-00060605,PR > PR-PRP1-LGC-PREPARACION 1 > PR-PRP1-LGC-GENERAL > PR-PRP1-CNT-TSG16,contenedor_por_scoring,,asociado_a_contenedor,SI,btz_description_46,escrito_en_slot_btz
PR-PRP1-VLV-TCV-EXP02,VALVULA MODULADORA TEMPERATURA EXPANDER 2 | Grupo: PR-VLV MOD TEMP,394757,a76015c2-c6f4-4057-9a15-5a3acb8b5871-00060605,PR > PR-PRP1-LGC-PREPARACION 1 > PR-PRP1-LGC-GENERAL > PR-PRP1-CNT-TSG16,contenedor_por_scoring,,asociado_a_contenedor,SI,btz_description_47,escrito_en_slot_btz
PR-PRP1-VLV-TCV-EXP03,VALVULA MODULADORA TEMPERATURA EXPANDER 3 | Grupo: PR-VLV MOD TEMP,394757,a76015c2-c6f4-4057-9a15-5a3acb8b5871-00060605,PR > PR-PRP1-LGC-PREPARACION 1 > PR-PRP1-LGC-GENERAL > PR-PRP1-CNT-TSG16,contenedor_por_scoring,,asociado_a_contenedor,SI,btz_description_48,escrito_en_slot_btz
PR-PRP1-VLV-TCV-EXP04,VALVULA MODULADORA TEMPERATURA EXPANDER 4 | Grupo: PR-VLV MOD TEMP,394757,a76015c2-c6f4-4057-9a15-5a3acb8b5871-00060605,PR > PR-PRP1-LGC-PREPARACION 1 > PR-PRP1-LGC-GENERAL > PR-PRP1-CNT-TSG16,contenedor_por_scoring,,asociado_a_contenedor,SI,btz_description_49,escrito_en_slot_btz
PR-PRP1-VLV-TCV-EXP05,VALVULA MODULADORA TEMPERATURA EXPANDER 5 | Grupo: PR-VLV MOD TEMP,394757,a76015c2-c6f4-4057-9a15-5a3acb8b5871-00060605,PR > PR-PRP1-LGC-PREPARACION 1 > PR-PRP1-LGC-GENERAL > PR-PRP1-CNT-TSG16,contenedor_por_scoring,,asociado_a_contenedor,SI,btz_description_50,escrito_en_slot_btz
PR-PRP1-VLV-TCV-EXP06,VALVULA MODULADORA TEMPERATURA EXPANDER 6 | Grupo: PR-VLV MOD TEMP,394757,a76015c2-c6f4-4057-9a15-5a3acb8b5871-00060605,PR > PR-PRP1-LGC-PREPARACION 1 > PR-PRP1-LGC-GENERAL > PR-PRP1-CNT-TSG16,contenedor_por_scoring,,asociado_a_contenedor,SI,btz_description_51,escrito_en_slot_btz
PR-PRP1-LGC-LAMINADORES,LOGICO LAMINADORES PREPARACION LINEA 1 | Grupo: PR-LOGICO,394757,a76015c2-c6f4-4057-9a15-5a3acb8b5871-00060605,PR > PR-PRP1-LGC-PREPARACION 1 > PR-PRP1-LGC-GENERAL > PR-PRP1-CNT-TSG16,contenedor_por_scoring,,asociado_a_contenedor,SI,btz_description_52,escrito_en_slot_btz
PR-PRP1-LMN-A01,LAMINADOR ALLOCCO AC-350 Nº 1 | Grupo: PR-LMN AC350,394757,a76015c2-c6f4-4057-9a15-5a3acb8b5871-00060605,PR > PR-PRP1-LGC-PREPARACION 1 > PR-PRP1-LGC-GENERAL > PR-PRP1-CNT-TSG16,contenedor_por_scoring,,asociado_a_contenedor,SI,btz_description_53,escrito_en_slot_btz
PR-PRP1-CHD-L01,CENTRAL HIDRAULICA L-1 | Grupo: PR-CHD LMN AC350,394757,a76015c2-c6f4-4057-9a15-5a3acb8b5871-00060605,PR > PR-PRP1-LGC-PREPARACION 1 > PR-PRP1-LGC-GENERAL > PR-PRP1-CNT-TSG16,contenedor_por_scoring,,asociado_a_contenedor,SI,btz_description_54,escrito_en_slot_btz
PR-PRP1-LMN-A02,LAMINADOR ALLOCCO AC-350 Nº 2 | Grupo: PR-LMN AC350,394757,a76015c2-c6f4-4057-9a15-5a3acb8b5871-00060605,PR > PR-PRP1-LGC-PREPARACION 1 > PR-PRP1-LGC-GENERAL > PR-PRP1-CNT-TSG16,contenedor_por_scoring,,asociado_a_contenedor,SI,btz_description_55,escrito_en_slot_btz
PR-PRP1-CHD-L02,CENTRAL HIDRAULICA L-2 | Grupo: PR-CHD LMN AC350,394757,a76015c2-c6f4-4057-9a15-5a3acb8b5871-00060605,PR > PR-PRP1-LGC-PREPARACION 1 > PR-PRP1-LGC-GENERAL > PR-PRP1-CNT-TSG16,contenedor_por_scoring,,asociado_a_contenedor,SI,btz_description_56,escrito_en_slot_btz
PR-PRP1-LMN-A03,LAMINADOR ALLOCCO AC-200 Nº 3 | Grupo: PR-LMN AC200,394757,a76015c2-c6f4-4057-9a15-5a3acb8b5871-00060605,PR > PR-PRP1-LGC-PREPARACION 1 > PR-PRP1-LGC-GENERAL > PR-PRP1-CNT-TSG16,contenedor_por_scoring,,asociado_a_contenedor,SI,btz_description_57,escrito_en_slot_btz
PR-PRP1-CHD-L03,CENTRAL HIDRAULICA L-3 | Grupo: PR-CHD LMN AC200,394757,a76015c2-c6f4-4057-9a15-5a3acb8b5871-00060605,PR > PR-PRP1-LGC-PREPARACION 1 > PR-PRP1-LGC-GENERAL > PR-PRP1-CNT-TSG16,contenedor_por_scoring,,asociado_a_contenedor,SI,btz_description_58,escrito_en_slot_btz
PR-PRP1-LMN-A04,LAMINADOR ALLOCCO AC-200 Nº 4 | Grupo: PR-LMN AC200,394757,a76015c2-c6f4-4057-9a15-5a3acb8b5871-00060605,PR > PR-PRP1-LGC-PREPARACION 1 > PR-PRP1-LGC-GENERAL > PR-PRP1-CNT-TSG16,contenedor_por_scoring,,asociado_a_contenedor,SI,btz_description_59,escrito_en_slot_btz
PR-PRP1-CHD-L04,CENTRAL HIDRAULICA L-4 | Grupo: PR-CHD LMN AC200,394757,a76015c2-c6f4-4057-9a15-5a3acb8b5871-00060605,PR > PR-PRP1-LGC-PREPARACION 1 > PR-PRP1-LGC-GENERAL > PR-PRP1-CNT-TSG16,contenedor_por_scoring,,asociado_a_contenedor,SI,btz_description_60,escrito_en_slot_btz
PR-PRP1-LMN-A05,LAMINADOR ALLOCCO AC-200 Nº 5 | Grupo: PR-LMN AC200,394757,a76015c2-c6f4-4057-9a15-5a3acb8b5871-00060605,PR > PR-PRP1-LGC-PREPARACION 1 > PR-PRP1-LGC-GENERAL > PR-PRP1-CNT-TSG16,contenedor_por_scoring,,asociado_a_contenedor,SI,btz_description_61,escrito_en_slot_btz
PR-PRP1-CHD-L05,CENTRAL HIDRAULICA L-5 | Grupo: PR-CHD LMN AC200,394757,a76015c2-c6f4-4057-9a15-5a3acb8b5871-00060605,PR > PR-PRP1-LGC-PREPARACION 1 > PR-PRP1-LGC-GENERAL > PR-PRP1-CNT-TSG16,contenedor_por_scoring,,asociado_a_contenedor,SI,btz_description_62,escrito_en_slot_btz
PR-PRP1-LMN-A06,LAMINADOR ALLOCCO AC-200 Nº 6 | Grupo: PR-LMN AC200,394757,a76015c2-c6f4-4057-9a15-5a3acb8b5871-00060605,PR > PR-PRP1-LGC-PREPARACION 1 > PR-PRP1-LGC-GENERAL > PR-PRP1-CNT-TSG16,contenedor_por_scoring,,asociado_a_contenedor,SI,btz_description_63,escrito_en_slot_btz
PR-PRP1-CHD-L06,CENTRAL HIDRAULICA L-6 | Grupo: PR-CHD LMN AC200,394757,a76015c2-c6f4-4057-9a15-5a3acb8b5871-00060605,PR > PR-PRP1-LGC-PREPARACION 1 > PR-PRP1-LGC-GENERAL > PR-PRP1-CNT-TSG16,contenedor_por_scoring,,asociado_a_contenedor,SI,btz_description_64,escrito_en_slot_btz
PR-PRP1-LMN-A07,LAMINADOR ALLOCCO AC-200 Nº 7 | Grupo: PR-LMN AC200,394757,a76015c2-c6f4-4057-9a15-5a3acb8b5871-00060605,PR > PR-PRP1-LGC-PREPARACION 1 > PR-PRP1-LGC-GENERAL > PR-PRP1-CNT-TSG16,contenedor_por_scoring,,asociado_a_contenedor,SI,btz_description_65,escrito_en_slot_btz
PR-PRP1-CHD-L07,CENTRAL HIDRAULICA L-7 | Grupo: PR-CHD LMN AC200,394757,a76015c2-c6f4-4057-9a15-5a3acb8b5871-00060605,PR > PR-PRP1-LGC-PREPARACION 1 > PR-PRP1-LGC-GENERAL > PR-PRP1-CNT-TSG16,contenedor_por_scoring,,asociado_a_contenedor,SI,btz_description_66,escrito_en_slot_btz
PR-PRP1-LGC-MULTIASPIRADORES,LOGICO MULTIASPIRADORES PREPARACION LINEA 1 | Grupo: PR-LOGICO,394757,a76015c2-c6f4-4057-9a15-5a3acb8b5871-00060605,PR > PR-PRP1-LGC-PREPARACION 1 > PR-PRP1-LGC-GENERAL > PR-PRP1-CNT-TSG16,contenedor_por_scoring,,asociado_a_contenedor,SI,btz_description_67,escrito_en_slot_btz
PR-PRP1-LGC-NORIAS,LOGICO NORIAS PREPARACION LINEA 1 | Grupo: PR-LOGICO,394757,a76015c2-c6f4-4057-9a15-5a3acb8b5871-00060605,PR > PR-PRP1-LGC-PREPARACION 1 > PR-PRP1-LGC-GENERAL > PR-PRP1-CNT-TSG16,contenedor_por_scoring,,asociado_a_contenedor,SI,btz_description_68,escrito_en_slot_btz
PR-PRP1-NOR-TSG17,NORIA TSG-17 | Grupo: PR-PRP1-NOR-TSG17,394757,a76015c2-c6f4-4057-9a15-5a3acb8b5871-00060605,PR > PR-PRP1-LGC-PREPARACION 1 > PR-PRP1-LGC-GENERAL > PR-PRP1-CNT-TSG16,contenedor_por_scoring,,asociado_a_contenedor,SI,btz_description_69,escrito_en_slot_btz
PR-PRP1-NOR-TSG20,NORIA TSG-20 | Grupo: PR-PRP1-NOR-TSG20,394757,a76015c2-c6f4-4057-9a15-5a3acb8b5871-00060605,PR > PR-PRP1-LGC-PREPARACION 1 > PR-PRP1-LGC-GENERAL > PR-PRP1-CNT-TSG16,contenedor_por_scoring,,asociado_a_contenedor,SI,btz_description_70,escrito_en_slot_btz
PR-PRP1-NOR-TSG22,NORIA TSG-22 | Grupo: PR-PRP1-NOR-TSG22,394757,a76015c2-c6f4-4057-9a15-5a3acb8b5871-00060605,PR > PR-PRP1-LGC-PREPARACION 1 > PR-PRP1-LGC-GENERAL > PR-PRP1-CNT-TSG16,contenedor_por_scoring,,asociado_a_contenedor,SI,btz_description_71,escrito_en_slot_btz
PR-PRP1-NOR-TSG31,NORIA TSG-31 | Grupo: PR-PRP1-NOR-TSG31,394757,a76015c2-c6f4-4057-9a15-5a3acb8b5871-00060605,PR > PR-PRP1-LGC-PREPARACION 1 > PR-PRP1-LGC-GENERAL > PR-PRP1-CNT-TSG16,contenedor_por_scoring,,asociado_a_contenedor,SI,btz_description_72,escrito_en_slot_btz
PR-PRP1-NOR-TSG38,NORIA TSG-38 | Grupo: PR-PRP1-NOR-TSG38,394757,a76015c2-c6f4-4057-9a15-5a3acb8b5871-00060605,PR > PR-PRP1-LGC-PREPARACION 1 > PR-PRP1-LGC-GENERAL > PR-PRP1-CNT-TSG16,contenedor_por_scoring,,asociado_a_contenedor,SI,btz_description_73,escrito_en_slot_btz
PR-PRP1-LGC-PRENSAS,LOGICO PRENSAS PREPARACION LINEA 1 | Grupo: PR-LOGICO,394757,a76015c2-c6f4-4057-9a15-5a3acb8b5871-00060605,PR > PR-PRP1-LGC-PREPARACION 1 > PR-PRP1-LGC-GENERAL > PR-PRP1-CNT-TSG16,contenedor_por_scoring,,asociado_a_contenedor,SI,btz_description_74,escrito_en_slot_btz
PR-PRP1-PRN-A01,PRENSA ALLOCCO AC-250 Nº 1 <N> | Grupo: PR-PRN AC250,394757,a76015c2-c6f4-4057-9a15-5a3acb8b5871-00060605,PR > PR-PRP1-LGC-PREPARACION 1 > PR-PRP1-LGC-GENERAL > PR-PRP1-CNT-TSG16,contenedor_por_scoring,,asociado_a_contenedor,SI,btz_description_75,escrito_en_slot_btz
PR-PRP1-PRN-A02,PRENSA ALLOCCO AC-250 Nº 2 | Grupo: PR-PRN AC250,394757,a76015c2-c6f4-4057-9a15-5a3acb8b5871-00060605,PR > PR-PRP1-LGC-PREPARACION 1 > PR-PRP1-LGC-GENERAL > PR-PRP1-CNT-TSG16,contenedor_por_scoring,,asociado_a_contenedor,SI,btz_description_76,escrito_en_slot_btz
PR-PRP1-PRN-A03,PRENSA ALLOCCO AC-250 Nº 3 | Grupo: PR-PRN AC250,394757,a76015c2-c6f4-4057-9a15-5a3acb8b5871-00060605,PR > PR-PRP1-LGC-PREPARACION 1 > PR-PRP1-LGC-GENERAL > PR-PRP1-CNT-TSG16,contenedor_por_scoring,,asociado_a_contenedor,SI,btz_description_77,escrito_en_slot_btz
PR-PRP1-PRN-A04,PRENSA ALLOCCO AC-200 Nº 4 | Grupo: PR-PRN AC200,394757,a76015c2-c6f4-4057-9a15-5a3acb8b5871-00060605,PR > PR-PRP1-LGC-PREPARACION 1 > PR-PRP1-LGC-GENERAL > PR-PRP1-CNT-TSG16,contenedor_por_scoring,,asociado_a_contenedor,SI,btz_description_78,escrito_en_slot_btz
PR-PRP1-PRN-A05,PRENSA ALLOCCO AC-200 Nº 5 | Grupo: PR-PRN AC200,394757,a76015c2-c6f4-4057-9a15-5a3acb8b5871-00060605,PR > PR-PRP1-LGC-PREPARACION 1 > PR-PRP1-LGC-GENERAL > PR-PRP1-CNT-TSG16,contenedor_por_scoring,,asociado_a_contenedor,SI,btz_description_79,escrito_en_slot_btz
PR-PRP1-PRN-A06,PRENSA ALLOCCO AC-200 Nº 6 | Grupo: PR-PRN AC200,394757,a76015c2-c6f4-4057-9a15-5a3acb8b5871-00060605,PR > PR-PRP1-LGC-PREPARACION 1 > PR-PRP1-LGC-GENERAL > PR-PRP1-CNT-TSG16,contenedor_por_scoring,,asociado_a_contenedor,SI,btz_description_80,escrito_en_slot_btz
PR-PRP1-PRN-A07,PRENSA ALLOCCO AC-200 Nº 7 | Grupo: PR-PRN AC200,394757,a76015c2-c6f4-4057-9a15-5a3acb8b5871-00060605,PR > PR-PRP1-LGC-PREPARACION 1 > PR-PRP1-LGC-GENERAL > PR-PRP1-CNT-TSG16,contenedor_por_scoring,,asociado_a_contenedor,NO,,asociado_por_csv_externo_supera_slots_btz
PR-PRP1-PRN-A08,PRENSA ALLOCCO AC-200 Nº 8 | Grupo: PR-PRN AC200,394757,a76015c2-c6f4-4057-9a15-5a3acb8b5871-00060605,PR > PR-PRP1-LGC-PREPARACION 1 > PR-PRP1-LGC-GENERAL > PR-PRP1-CNT-TSG16,contenedor_por_scoring,,asociado_a_contenedor,NO,,asociado_por_csv_externo_supera_slots_btz
PR-PRP1-PRN-A09,PRENSA ALLOCCO AC-200 Nº 9 <S> | Grupo: PR-PRN AC200,394757,a76015c2-c6f4-4057-9a15-5a3acb8b5871-00060605,PR > PR-PRP1-LGC-PREPARACION 1 > PR-PRP1-LGC-GENERAL > PR-PRP1-CNT-TSG16,contenedor_por_scoring,,asociado_a_contenedor,NO,,asociado_por_csv_externo_supera_slots_btz
PR-PRP1-LGC-QUEBRADORES,LOGICO QUEBRADORES PREPARACION LINEA 1 | Grupo: PR-LOGICO,394757,a76015c2-c6f4-4057-9a15-5a3acb8b5871-00060605,PR > PR-PRP1-LGC-PREPARACION 1 > PR-PRP1-LGC-GENERAL > PR-PRP1-CNT-TSG16,contenedor_por_scoring,,asociado_a_contenedor,NO,,asociado_por_csv_externo_supera_slots_btz
PR-PRP1-QBR-A01,QUEBRADOR ALLOCCO AC-250 Nº 1  (N) | Grupo: PR-QBR AC 250,394757,a76015c2-c6f4-4057-9a15-5a3acb8b5871-00060605,PR > PR-PRP1-LGC-PREPARACION 1 > PR-PRP1-LGC-GENERAL > PR-PRP1-CNT-TSG16,contenedor_por_scoring,,asociado_a_contenedor,NO,,asociado_por_csv_externo_supera_slots_btz
PR-PRP1-QBR-A02,QUEBRADOR ALLOCCO AC-250 Nº 2  INACTIVO | Grupo: PR-QBR AC 250,394757,a76015c2-c6f4-4057-9a15-5a3acb8b5871-00060605,PR > PR-PRP1-LGC-PREPARACION 1 > PR-PRP1-LGC-GENERAL > PR-PRP1-CNT-TSG16,contenedor_por_scoring,,asociado_a_contenedor,NO,,asociado_por_csv_externo_supera_slots_btz
PR-PRP1-QBR-A03,QUEBRADOR ALLOCCO AC-250 Nº 3 | Grupo: PR-QBR AC 250,394757,a76015c2-c6f4-4057-9a15-5a3acb8b5871-00060605,PR > PR-PRP1-LGC-PREPARACION 1 > PR-PRP1-LGC-GENERAL > PR-PRP1-CNT-TSG16,contenedor_por_scoring,,asociado_a_contenedor,NO,,asociado_por_csv_externo_supera_slots_btz
PR-PRP1-QBR-A04,QUEBRADOR ALLOCCO AC-250 Nº 4 | Grupo: PR-QBR AC 250,394757,a76015c2-c6f4-4057-9a15-5a3acb8b5871-00060605,PR > PR-PRP1-LGC-PREPARACION 1 > PR-PRP1-LGC-GENERAL > PR-PRP1-CNT-TSG16,contenedor_por_scoring,,asociado_a_contenedor,NO,,asociado_por_csv_externo_supera_slots_btz
PR-PRP1-QBR-A05,QUEBRADOR ALLOCCO AC-250 Nº 5   (S) | Grupo: PR-QBR AC 250,394757,a76015c2-c6f4-4057-9a15-5a3acb8b5871-00060605,PR > PR-PRP1-LGC-PREPARACION 1 > PR-PRP1-LGC-GENERAL > PR-PRP1-CNT-TSG16,contenedor_por_scoring,,asociado_a_contenedor,NO,,asociado_por_csv_externo_supera_slots_btz
PR-PRP1-LGC-REDLERS,LOGICO REDLERS PREPARACION LINEA 1 | Grupo: PR-LOGICO,394757,a76015c2-c6f4-4057-9a15-5a3acb8b5871-00060605,PR > PR-PRP1-LGC-PREPARACION 1 > PR-PRP1-LGC-GENERAL > PR-PRP1-CNT-TSG16,contenedor_por_scoring,,asociado_a_contenedor,NO,,asociado_por_csv_externo_supera_slots_btz
PR-PRP1-RDL-TSG18,REDLER TSG-18 | Grupo: PR-PRP1-RDL-TSG18,394757,a76015c2-c6f4-4057-9a15-5a3acb8b5871-00060605,PR > PR-PRP1-LGC-PREPARACION 1 > PR-PRP1-LGC-GENERAL > PR-PRP1-CNT-TSG16,contenedor_por_scoring,,asociado_a_contenedor,NO,,asociado_por_csv_externo_supera_slots_btz
PR-PRP1-RDL-TSG19,REDLER TSG-19 | Grupo: PR-PRP1-RDL-TSG19,394757,a76015c2-c6f4-4057-9a15-5a3acb8b5871-00060605,PR > PR-PRP1-LGC-PREPARACION 1 > PR-PRP1-LGC-GENERAL > PR-PRP1-CNT-TSG16,contenedor_por_scoring,,asociado_a_contenedor,NO,,asociado_por_csv_externo_supera_slots_btz
PR-PRP1-RDL-TSG26,REDLER TSG-26 | Grupo: PR-PRP1-RDL-TSG26,394757,a76015c2-c6f4-4057-9a15-5a3acb8b5871-00060605,PR > PR-PRP1-LGC-PREPARACION 1 > PR-PRP1-LGC-GENERAL > PR-PRP1-CNT-TSG16,contenedor_por_scoring,,asociado_a_contenedor,NO,,asociado_por_csv_externo_supera_slots_btz
PR-PRP1-RDL-TSG27,REDLER TSG-27 | Grupo: PR-PRP1-RDL-TSG27,394757,a76015c2-c6f4-4057-9a15-5a3acb8b5871-00060605,PR > PR-PRP1-LGC-PREPARACION 1 > PR-PRP1-LGC-GENERAL > PR-PRP1-CNT-TSG16,contenedor_por_scoring,,asociado_a_contenedor,NO,,asociado_por_csv_externo_supera_slots_btz
PR-PRP1-RDL-TSG28,REDLER TSG-28 | Grupo: PR-PRP1-RDL-TSG28,394757,a76015c2-c6f4-4057-9a15-5a3acb8b5871-00060605,PR > PR-PRP1-LGC-PREPARACION 1 > PR-PRP1-LGC-GENERAL > PR-PRP1-CNT-TSG16,contenedor_por_scoring,,asociado_a_contenedor,NO,,asociado_por_csv_externo_supera_slots_btz
PR-PRP1-RDL-TSG29,REDLER TSG-29 | Grupo: PR-PRP1-RDL-TSG29,394757,a76015c2-c6f4-4057-9a15-5a3acb8b5871-00060605,PR > PR-PRP1-LGC-PREPARACION 1 > PR-PRP1-LGC-GENERAL > PR-PRP1-CNT-TSG16,contenedor_por_scoring,,asociado_a_contenedor,NO,,asociado_por_csv_externo_supera_slots_btz
PR-PRP1-RDL-TSG30,REDLER TSG-30 | Grupo: PR-PRP1-RDL-TSG30,394757,a76015c2-c6f4-4057-9a15-5a3acb8b5871-00060605,PR > PR-PRP1-LGC-PREPARACION 1 > PR-PRP1-LGC-GENERAL > PR-PRP1-CNT-TSG16,contenedor_por_scoring,,asociado_a_contenedor,NO,,asociado_por_csv_externo_supera_slots_btz
PR-PRP1-RDL-TSG34,"REDLER TSG-34 ""Z"" | Grupo: PR-PRP1-RDL-TSG34",394757,a76015c2-c6f4-4057-9a15-5a3acb8b5871-00060605,PR > PR-PRP1-LGC-PREPARACION 1 > PR-PRP1-LGC-GENERAL > PR-PRP1-CNT-TSG16,contenedor_por_scoring,,asociado_a_contenedor,NO,,asociado_por_csv_externo_supera_slots_btz
PR-PRP1-RDL-TSG39,REDLER TSG-39 | Grupo: PR-PRP1-RDL-TSG39,394757,a76015c2-c6f4-4057-9a15-5a3acb8b5871-00060605,PR > PR-PRP1-LGC-PREPARACION 1 > PR-PRP1-LGC-GENERAL > PR-PRP1-CNT-TSG16,contenedor_por_scoring,,asociado_a_contenedor,NO,,asociado_por_csv_externo_supera_slots_btz
PR-PRP1-RDL-TSG40,REDLER TSG-40 | Grupo: PR-PRP1-RDL-TSG40,394757,a76015c2-c6f4-4057-9a15-5a3acb8b5871-00060605,PR > PR-PRP1-LGC-PREPARACION 1 > PR-PRP1-LGC-GENERAL > PR-PRP1-CNT-TSG16,contenedor_por_scoring,,asociado_a_contenedor,NO,,asociado_por_csv_externo_supera_slots_btz
PR-PRP1-RDL-TSG41,"REDLER TSG-41 ""Z"" | Grupo: PR-PRP1-RDL-TSG41",394757,a76015c2-c6f4-4057-9a15-5a3acb8b5871-00060605,PR > PR-PRP1-LGC-PREPARACION 1 > PR-PRP1-LGC-GENERAL > PR-PRP1-CNT-TSG16,contenedor_por_scoring,,asociado_a_contenedor,NO,,asociado_por_csv_externo_supera_slots_btz
PR-PRP1-RDL-TSG43,REDLER TSG-43 | Grupo: PR-PRP1-RDL-TSG43,394757,a76015c2-c6f4-4057-9a15-5a3acb8b5871-00060605,PR > PR-PRP1-LGC-PREPARACION 1 > PR-PRP1-LGC-GENERAL > PR-PRP1-CNT-TSG16,contenedor_por_scoring,,asociado_a_contenedor,NO,,asociado_por_csv_externo_supera_slots_btz
PR-PRP1-RDL-TSG47,REDLER TSG-47 | Grupo: PR-PRP1-RDL-TSG47,394757,a76015c2-c6f4-4057-9a15-5a3acb8b5871-00060605,PR > PR-PRP1-LGC-PREPARACION 1 > PR-PRP1-LGC-GENERAL > PR-PRP1-CNT-TSG16,contenedor_por_scoring,,asociado_a_contenedor,NO,,asociado_por_csv_externo_supera_slots_btz
PR-PRP1-RDL-TSG54,"REDLER TSG-54 ""Z"" | Grupo: PR-PRP1-RDL-TSG54",394757,a76015c2-c6f4-4057-9a15-5a3acb8b5871-00060605,PR > PR-PRP1-LGC-PREPARACION 1 > PR-PRP1-LGC-GENERAL > PR-PRP1-CNT-TSG16,contenedor_por_scoring,,asociado_a_contenedor,NO,,asociado_por_csv_externo_supera_slots_btz
PR-PRP1-LGC-REQUECHEROS,LOGICO REQUECHEROS PREPARACION LINEA 1 | Grupo: PR-LOGICO,394757,a76015c2-c6f4-4057-9a15-5a3acb8b5871-00060605,PR > PR-PRP1-LGC-PREPARACION 1 > PR-PRP1-LGC-GENERAL > PR-PRP1-CNT-TSG16,contenedor_por_scoring,,asociado_a_contenedor,NO,,asociado_por_csv_externo_supera_slots_btz
PR-PRP1-RQC-N01,REQUECHERO Nº 1  <L/SUR> | Grupo: PR-RQC 1500,394757,a76015c2-c6f4-4057-9a15-5a3acb8b5871-00060605,PR > PR-PRP1-LGC-PREPARACION 1 > PR-PRP1-LGC-GENERAL > PR-PRP1-CNT-TSG16,contenedor_por_scoring,,asociado_a_contenedor,NO,,asociado_por_csv_externo_supera_slots_btz
PR-PRP1-RQC-N02,REQUECHERO Nº 2  <L/NORTE> | Grupo: PR-RQC 1500,394757,a76015c2-c6f4-4057-9a15-5a3acb8b5871-00060605,PR > PR-PRP1-LGC-PREPARACION 1 > PR-PRP1-LGC-GENERAL > PR-PRP1-CNT-TSG16,contenedor_por_scoring,,asociado_a_contenedor,NO,,asociado_por_csv_externo_supera_slots_btz
PR-PRP1-LGC-ROSCAS,LOGICO ROSCAS PREPARACION LINEA 1 | Grupo: PR-LOGICO,394757,a76015c2-c6f4-4057-9a15-5a3acb8b5871-00060605,PR > PR-PRP1-LGC-PREPARACION 1 > PR-PRP1-LGC-GENERAL > PR-PRP1-CNT-TSG16,contenedor_por_scoring,,asociado_a_contenedor,NO,,asociado_por_csv_externo_supera_slots_btz
PR-PRP1-LGC-SAP,LOGICO SISTEMAS DE ASPIRACION PREPARACION LINEA 1 | Grupo: PR-LOGICO,394757,a76015c2-c6f4-4057-9a15-5a3acb8b5871-00060605,PR > PR-PRP1-LGC-PREPARACION 1 > PR-PRP1-LGC-GENERAL > PR-PRP1-CNT-TSG16,contenedor_por_scoring,,asociado_a_contenedor,NO,,asociado_por_csv_externo_supera_slots_btz
PR-PRP1-SAP-LMNL1,S.A.P. LAMINADORES L-1  <N Y S> | Grupo: PR-SAP LMN PRP1,394757,a76015c2-c6f4-4057-9a15-5a3acb8b5871-00060605,PR > PR-PRP1-LGC-PREPARACION 1 > PR-PRP1-LGC-GENERAL > PR-PRP1-CNT-TSG16,contenedor_por_scoring,,asociado_a_contenedor,NO,,asociado_por_csv_externo_supera_slots_btz
PR-PRP1-CCL-LMNL1N,CICLON SAP LAMINADOR LINEA 1 <N> | Grupo: PR-CCL LAMINADOR,394757,a76015c2-c6f4-4057-9a15-5a3acb8b5871-00060605,PR > PR-PRP1-LGC-PREPARACION 1 > PR-PRP1-LGC-GENERAL > PR-PRP1-CNT-TSG16,contenedor_por_scoring,,asociado_a_contenedor,NO,,asociado_por_csv_externo_supera_slots_btz
PR-PRP1-VLV-SAPN,VALVULA ROTATIVA S.A.P. LAMIN. <L-1> (N) | Grupo: PR-VLV SAP-N LMN PRP1,394757,a76015c2-c6f4-4057-9a15-5a3acb8b5871-00060605,PR > PR-PRP1-LGC-PREPARACION 1 > PR-PRP1-LGC-GENERAL > PR-PRP1-CNT-TSG16,contenedor_por_scoring,,asociado_a_contenedor,NO,,asociado_por_csv_externo_supera_slots_btz
PR-PRP1-CCL-LMNL1S,CICLON SAP LAMINADOR LINEA 1 <S> | Grupo: PR-CCL LAMINADOR,394757,a76015c2-c6f4-4057-9a15-5a3acb8b5871-00060605,PR > PR-PRP1-LGC-PREPARACION 1 > PR-PRP1-LGC-GENERAL > PR-PRP1-CNT-TSG16,contenedor_por_scoring,,asociado_a_contenedor,NO,,asociado_por_csv_externo_supera_slots_btz
PR-PRP1-VLV-SAPS,VALVULA ROTATIVA S.A.P. LAMIN. <L-1> (S) | Grupo: PR-VLV SAP-S LMN PRP1,394757,a76015c2-c6f4-4057-9a15-5a3acb8b5871-00060605,PR > PR-PRP1-LGC-PREPARACION 1 > PR-PRP1-LGC-GENERAL > PR-PRP1-CNT-TSG16,contenedor_por_scoring,,asociado_a_contenedor,NO,,asociado_por_csv_externo_supera_slots_btz
PR-PRP1-SAP-PRPL1,S.A.P. PREPARACION L-1 | Grupo: PR-SAP PRP1,394757,a76015c2-c6f4-4057-9a15-5a3acb8b5871-00060605,PR > PR-PRP1-LGC-PREPARACION 1 > PR-PRP1-LGC-GENERAL > PR-PRP1-CNT-TSG16,contenedor_por_scoring,,asociado_a_contenedor,NO,,asociado_por_csv_externo_supera_slots_btz
PR-PRP1-CCL-CSAPL1,CICLON SAP QUEBRADOR LINEA 1 | Grupo: PR-CCL QUEBRADOR,394757,a76015c2-c6f4-4057-9a15-5a3acb8b5871-00060605,PR > PR-PRP1-LGC-PREPARACION 1 > PR-PRP1-LGC-GENERAL > PR-PRP1-CNT-TSG16,contenedor_por_scoring,,asociado_a_contenedor,NO,,asociado_por_csv_externo_supera_slots_btz
PR-PRP1-VLV-VRSAPL1,VALVULA ROTATIVA S.A.P. PREP.1 | Grupo: PR-VLV SAP PRP1,394757,a76015c2-c6f4-4057-9a15-5a3acb8b5871-00060605,PR > PR-PRP1-LGC-PREPARACION 1 > PR-PRP1-LGC-GENERAL > PR-PRP1-CNT-TSG16,contenedor_por_scoring,,asociado_a_contenedor,NO,,asociado_por_csv_externo_supera_slots_btz
PR-PRP1-LGC-SUPERDECANTERS,LOGICO SUPERDECANTERS PREPARACION LINEA 1 | Grupo: PR-LOGICO,394757,a76015c2-c6f4-4057-9a15-5a3acb8b5871-00060605,PR > PR-PRP1-LGC-PREPARACION 1 > PR-PRP1-LGC-GENERAL > PR-PRP1-CNT-TSG16,contenedor_por_scoring,,asociado_a_contenedor,NO,,asociado_por_csv_externo_supera_slots_btz
PR-PRP1-SDC-N01,SUPER D´CANTER Nº 1  <N> | Grupo: PR-SDC N01 PRP1,394757,a76015c2-c6f4-4057-9a15-5a3acb8b5871-00060605,PR > PR-PRP1-LGC-PREPARACION 1 > PR-PRP1-LGC-GENERAL > PR-PRP1-CNT-TSG16,contenedor_por_scoring,,asociado_a_contenedor,NO,,asociado_por_csv_externo_supera_slots_btz
PR-PRP1-SDC-N02,SUPER D´CANTER Nº 2  <S> | Grupo: PR-SDC N02 PRP1,394757,a76015c2-c6f4-4057-9a15-5a3acb8b5871-00060605,PR > PR-PRP1-LGC-PREPARACION 1 > PR-PRP1-LGC-GENERAL > PR-PRP1-CNT-TSG16,contenedor_por_scoring,,asociado_a_contenedor,NO,,asociado_por_csv_externo_supera_slots_btz
PR-PRP1-SDC-N03,SUPER D´CANTER Nº 3  <S/O> | Grupo: PR-SDC N03 PRP1,394757,a76015c2-c6f4-4057-9a15-5a3acb8b5871-00060605,PR > PR-PRP1-LGC-PREPARACION 1 > PR-PRP1-LGC-GENERAL > PR-PRP1-CNT-TSG16,contenedor_por_scoring,,asociado_a_contenedor,NO,,asociado_por_csv_externo_supera_slots_btz
PR-PRP1-SDC-N04,SUPER D´CANTER Nº 4  <E. 3 Y 5> | Grupo: PR-SDC N04 PRP1,394757,a76015c2-c6f4-4057-9a15-5a3acb8b5871-00060605,PR > PR-PRP1-LGC-PREPARACION 1 > PR-PRP1-LGC-GENERAL > PR-PRP1-CNT-TSG16,contenedor_por_scoring,,asociado_a_contenedor,NO,,asociado_por_csv_externo_supera_slots_btz
PR-PRP1-SDC-N05,SUPER D´CANTER Nº 5  <E. 4 Y 6> | Grupo: PR-SDC N05 PRP1,394757,a76015c2-c6f4-4057-9a15-5a3acb8b5871-00060605,PR > PR-PRP1-LGC-PREPARACION 1 > PR-PRP1-LGC-GENERAL > PR-PRP1-CNT-TSG16,contenedor_por_scoring,,asociado_a_contenedor,NO,,asociado_por_csv_externo_supera_slots_btz
PR-PRP1-SDC-N06,SUPER D´CANTER Nº 6  <N/O> | Grupo: PR-SDC N06 PRP1,394757,a76015c2-c6f4-4057-9a15-5a3acb8b5871-00060605,PR > PR-PRP1-LGC-PREPARACION 1 > PR-PRP1-LGC-GENERAL > PR-PRP1-CNT-TSG16,contenedor_por_scoring,,asociado_a_contenedor,NO,,asociado_por_csv_externo_supera_slots_btz
PR-PRP1-LGC-TANQUES,LOGICO TANQUES PREPARACION LINEA 1 | Grupo: PR-LOGICO,394757,a76015c2-c6f4-4057-9a15-5a3acb8b5871-00060605,PR > PR-PRP1-LGC-PREPARACION 1 > PR-PRP1-LGC-GENERAL > PR-PRP1-CNT-TSG16,contenedor_por_scoring,,asociado_a_contenedor,NO,,asociado_por_csv_externo_supera_slots_btz
PR-PRP1-SRT-L01,SECADOR ROTATIVO Nº 1 | Grupo: PR-SRT PRP1,394757,a76015c2-c6f4-4057-9a15-5a3acb8b5871-00060605,PR > PR-PRP1-LGC-PREPARACION 1 > PR-PRP1-LGC-GENERAL > PR-PRP1-CNT-TSG16,contenedor_por_scoring,,asociado_a_contenedor,NO,,asociado_por_csv_externo_supera_slots_btz
PR-PRP2-LDV-PREPL2,LINEA DE VIDA SOBRE NAVE PREPARACION 2 | Grupo: PR-LDV PRP2,414088,588948db-dff1-4d88-9ae5-3f6f08daf997-00065188,PR > PR-PRP2-LGC-PREPARACION 2 > PR-PRP2-LGC-GENERAL > PR-PRP2-MLA-BHL1,contenedor_por_scoring,,asociado_a_contenedor,SI,btz_description_06,escrito_en_slot_btz
PR-PRP2-LGC-,LOGICO EXPANDERS PREPARACION LINEA 2 | Grupo: PR-LOGICO,414088,588948db-dff1-4d88-9ae5-3f6f08daf997-00065188,PR > PR-PRP2-LGC-PREPARACION 2 > PR-PRP2-LGC-GENERAL > PR-PRP2-MLA-BHL1,contenedor_por_scoring,,asociado_a_contenedor,SI,btz_description_07,escrito_en_slot_btz
PR-PRP2-VLV-TCV-EXP08,VALVULA MODULADORA TEMPERATURA EXPANDER 8 | Grupo: PR-VLV MOD TEMP,414088,588948db-dff1-4d88-9ae5-3f6f08daf997-00065188,PR > PR-PRP2-LGC-PREPARACION 2 > PR-PRP2-LGC-GENERAL > PR-PRP2-MLA-BHL1,contenedor_por_scoring,,asociado_a_contenedor,SI,btz_description_08,escrito_en_slot_btz
PR-PRP2-VLV-TCV-EXP09,VALVULA MODULADORA TEMPERATURA EXPANDER 9 | Grupo: PR-VLV MOD TEMP,414088,588948db-dff1-4d88-9ae5-3f6f08daf997-00065188,PR > PR-PRP2-LGC-PREPARACION 2 > PR-PRP2-LGC-GENERAL > PR-PRP2-MLA-BHL1,contenedor_por_scoring,,asociado_a_contenedor,SI,btz_description_09,escrito_en_slot_btz
PR-PRP2-VLV-TCV-EXP10,VALVULA MODULADORA TEMPERATURA EXPANDER 10 | Grupo: PR-VLV MOD TEMP,414088,588948db-dff1-4d88-9ae5-3f6f08daf997-00065188,PR > PR-PRP2-LGC-PREPARACION 2 > PR-PRP2-LGC-GENERAL > PR-PRP2-MLA-BHL1,contenedor_por_scoring,,asociado_a_contenedor,SI,btz_description_10,escrito_en_slot_btz
PR-PRP2-VLV-TCV-EXP11,VALVULA MODULADORA TEMPERATURA EXPANDER 11 | Grupo: PR-VLV MOD TEMP,414088,588948db-dff1-4d88-9ae5-3f6f08daf997-00065188,PR > PR-PRP2-LGC-PREPARACION 2 > PR-PRP2-LGC-GENERAL > PR-PRP2-MLA-BHL1,contenedor_por_scoring,,asociado_a_contenedor,SI,btz_description_11,escrito_en_slot_btz
PR-PRP2-VLV-TCV-EXP12,VALVULA MODULADORA TEMPERATURA EXPANDER 12 | Grupo: PR-VLV MOD TEMP,414088,588948db-dff1-4d88-9ae5-3f6f08daf997-00065188,PR > PR-PRP2-LGC-PREPARACION 2 > PR-PRP2-LGC-GENERAL > PR-PRP2-MLA-BHL1,contenedor_por_scoring,,asociado_a_contenedor,SI,btz_description_12,escrito_en_slot_btz
PR-PRP2-LGC-ENFRIADORES,LOGICO ENFRIADORES PREPARACION LINEA 2 | Grupo: PR-LOGICO,414088,588948db-dff1-4d88-9ae5-3f6f08daf997-00065188,PR > PR-PRP2-LGC-PREPARACION 2 > PR-PRP2-LGC-GENERAL > PR-PRP2-MLA-BHL1,contenedor_por_scoring,,asociado_a_contenedor,SI,btz_description_13,escrito_en_slot_btz
PR-PRP2-ENF-A05,ENFRIADOR ALLOCCO Nº 5 <OESTE> | Grupo: PR-ENF,414088,588948db-dff1-4d88-9ae5-3f6f08daf997-00065188,PR > PR-PRP2-LGC-PREPARACION 2 > PR-PRP2-LGC-GENERAL > PR-PRP2-MLA-BHL1,contenedor_por_scoring,,asociado_a_contenedor,SI,btz_description_14,escrito_en_slot_btz
PR-PRP2-CCL-EA05A-1,CICLON SAP ENFRIADOR EA05 A-1 | Grupo: PR-CCL ENFRIADOR,414088,588948db-dff1-4d88-9ae5-3f6f08daf997-00065188,PR > PR-PRP2-LGC-PREPARACION 2 > PR-PRP2-LGC-GENERAL > PR-PRP2-MLA-BHL1,contenedor_por_scoring,,asociado_a_contenedor,SI,btz_description_15,escrito_en_slot_btz
PR-PRP2-CCL-EA05A-2,CICLON SAP ENFRIADOR EA05 A-2 | Grupo: PR-CCL ENFRIADOR,414088,588948db-dff1-4d88-9ae5-3f6f08daf997-00065188,PR > PR-PRP2-LGC-PREPARACION 2 > PR-PRP2-LGC-GENERAL > PR-PRP2-MLA-BHL1,contenedor_por_scoring,,asociado_a_contenedor,SI,btz_description_16,escrito_en_slot_btz
PR-PRP2-ENF-A06,ENFRIADOR ALLOCCO Nº 6 <CENTRO> | Grupo: PR-ENF,414088,588948db-dff1-4d88-9ae5-3f6f08daf997-00065188,PR > PR-PRP2-LGC-PREPARACION 2 > PR-PRP2-LGC-GENERAL > PR-PRP2-MLA-BHL1,contenedor_por_scoring,,asociado_a_contenedor,SI,btz_description_17,escrito_en_slot_btz
PR-PRP2-CCL-EA06A-1,CICLON SAP ENFRIADOR EA06 A-1 | Grupo: PR-CCL ENFRIADOR,414088,588948db-dff1-4d88-9ae5-3f6f08daf997-00065188,PR > PR-PRP2-LGC-PREPARACION 2 > PR-PRP2-LGC-GENERAL > PR-PRP2-MLA-BHL1,contenedor_por_scoring,,asociado_a_contenedor,SI,btz_description_18,escrito_en_slot_btz
PR-PRP2-CCL-EA06A-2,CICLON SAP ENFRIADOR EA06 A-2 | Grupo: PR-CCL ENFRIADOR,414088,588948db-dff1-4d88-9ae5-3f6f08daf997-00065188,PR > PR-PRP2-LGC-PREPARACION 2 > PR-PRP2-LGC-GENERAL > PR-PRP2-MLA-BHL1,contenedor_por_scoring,,asociado_a_contenedor,SI,btz_description_19,escrito_en_slot_btz
PR-PRP2-ENF-A07,ENFRIADOR ALLOCCO Nº 7 | Grupo: PR-ENF,414088,588948db-dff1-4d88-9ae5-3f6f08daf997-00065188,PR > PR-PRP2-LGC-PREPARACION 2 > PR-PRP2-LGC-GENERAL > PR-PRP2-MLA-BHL1,contenedor_por_scoring,,asociado_a_contenedor,SI,btz_description_20,escrito_en_slot_btz
PR-PRP2-CCL-EA07A-1,CICLON SAP ENFRIADOR EA07 A-1 | Grupo: PR-CCL ENFRIADOR,414088,588948db-dff1-4d88-9ae5-3f6f08daf997-00065188,PR > PR-PRP2-LGC-PREPARACION 2 > PR-PRP2-LGC-GENERAL > PR-PRP2-MLA-BHL1,contenedor_por_scoring,,asociado_a_contenedor,SI,btz_description_21,escrito_en_slot_btz
PR-PRP2-CCL-EA07A-2,CICLON SAP ENFRIADOR EA07 A-2 | Grupo: PR-CCL ENFRIADOR,414088,588948db-dff1-4d88-9ae5-3f6f08daf997-00065188,PR > PR-PRP2-LGC-PREPARACION 2 > PR-PRP2-LGC-GENERAL > PR-PRP2-MLA-BHL1,contenedor_por_scoring,,asociado_a_contenedor,SI,btz_description_22,escrito_en_slot_btz
PR-PRP2-ENF-A08,ENFRIADOR ALLOCCO Nº 8 (DOBLE) | Grupo: PR-ENF,414088,588948db-dff1-4d88-9ae5-3f6f08daf997-00065188,PR > PR-PRP2-LGC-PREPARACION 2 > PR-PRP2-LGC-GENERAL > PR-PRP2-MLA-BHL1,contenedor_por_scoring,,asociado_a_contenedor,SI,btz_description_23,escrito_en_slot_btz
PR-PRP2-CCL-EA08A-1,CICLON SAP ENFRIADOR EA08 A-1 | Grupo: PR-CCL ENFRIADOR,414088,588948db-dff1-4d88-9ae5-3f6f08daf997-00065188,PR > PR-PRP2-LGC-PREPARACION 2 > PR-PRP2-LGC-GENERAL > PR-PRP2-MLA-BHL1,contenedor_por_scoring,,asociado_a_contenedor,SI,btz_description_24,escrito_en_slot_btz
PR-PRP2-CCL-EA08A-2,CICLON SAP ENFRIADOR EA08 A-2 | Grupo: PR-CCL ENFRIADOR,414088,588948db-dff1-4d88-9ae5-3f6f08daf997-00065188,PR > PR-PRP2-LGC-PREPARACION 2 > PR-PRP2-LGC-GENERAL > PR-PRP2-MLA-BHL1,contenedor_por_scoring,,asociado_a_contenedor,SI,btz_description_25,escrito_en_slot_btz
PR-PRP2-CCL-EA08B-1,CICLON SAP ENFRIADOR EA08 B-1 | Grupo: PR-CCL ENFRIADOR,414088,588948db-dff1-4d88-9ae5-3f6f08daf997-00065188,PR > PR-PRP2-LGC-PREPARACION 2 > PR-PRP2-LGC-GENERAL > PR-PRP2-MLA-BHL1,contenedor_por_scoring,,asociado_a_contenedor,SI,btz_description_26,escrito_en_slot_btz
PR-PRP2-CCL-EA08B-2,CICLON SAP ENFRIADOR EA08 B-2 | Grupo: PR-CCL ENFRIADOR,414088,588948db-dff1-4d88-9ae5-3f6f08daf997-00065188,PR > PR-PRP2-LGC-PREPARACION 2 > PR-PRP2-LGC-GENERAL > PR-PRP2-MLA-BHL1,contenedor_por_scoring,,asociado_a_contenedor,SI,btz_description_27,escrito_en_slot_btz
PR-PRP2-LGC-LAMINADORES,LOGICO LAMINADORES PREPARACION LINEA 2 | Grupo: PR-LOGICO,414088,588948db-dff1-4d88-9ae5-3f6f08daf997-00065188,PR > PR-PRP2-LGC-PREPARACION 2 > PR-PRP2-LGC-GENERAL > PR-PRP2-MLA-BHL1,contenedor_por_scoring,,asociado_a_contenedor,SI,btz_description_28,escrito_en_slot_btz
PR-PRP2-LMN-A08,LAMINADOR ALLOCCO AC-350 Nº 8 | Grupo: PR-LMN AC350,414088,588948db-dff1-4d88-9ae5-3f6f08daf997-00065188,PR > PR-PRP2-LGC-PREPARACION 2 > PR-PRP2-LGC-GENERAL > PR-PRP2-MLA-BHL1,contenedor_por_scoring,,asociado_a_contenedor,SI,btz_description_29,escrito_en_slot_btz
PR-PRP2-CHD-L08,CENTRAL HIDRAULICA Nº 54 <L-8> | Grupo: PR-CHD LMN AC350,414088,588948db-dff1-4d88-9ae5-3f6f08daf997-00065188,PR > PR-PRP2-LGC-PREPARACION 2 > PR-PRP2-LGC-GENERAL > PR-PRP2-MLA-BHL1,contenedor_por_scoring,,asociado_a_contenedor,SI,btz_description_30,escrito_en_slot_btz
PR-PRP2-LMN-A09,LAMINADOR ALLOCCO AC-350 Nº 9 | Grupo: PR-LMN AC350,414088,588948db-dff1-4d88-9ae5-3f6f08daf997-00065188,PR > PR-PRP2-LGC-PREPARACION 2 > PR-PRP2-LGC-GENERAL > PR-PRP2-MLA-BHL1,contenedor_por_scoring,,asociado_a_contenedor,SI,btz_description_31,escrito_en_slot_btz
PR-PRP2-CHD-L09,CENTRAL HIDRAULICA Nº 30 <L-9> | Grupo: PR-CHD LMN AC350,414088,588948db-dff1-4d88-9ae5-3f6f08daf997-00065188,PR > PR-PRP2-LGC-PREPARACION 2 > PR-PRP2-LGC-GENERAL > PR-PRP2-MLA-BHL1,contenedor_por_scoring,,asociado_a_contenedor,SI,btz_description_32,escrito_en_slot_btz
PR-PRP2-LMN-A10,LAMINADOR ALLOCCO AC-350 Nº 10 | Grupo: PR-LMN AC350,414088,588948db-dff1-4d88-9ae5-3f6f08daf997-00065188,PR > PR-PRP2-LGC-PREPARACION 2 > PR-PRP2-LGC-GENERAL > PR-PRP2-MLA-BHL1,contenedor_por_scoring,,asociado_a_contenedor,SI,btz_description_33,escrito_en_slot_btz
PR-PRP2-CHD-L10,CENTRAL HIDRAULICA Nº 10 <L-10 | Grupo: PR-CHD LMN AC350,414088,588948db-dff1-4d88-9ae5-3f6f08daf997-00065188,PR > PR-PRP2-LGC-PREPARACION 2 > PR-PRP2-LGC-GENERAL > PR-PRP2-MLA-BHL1,contenedor_por_scoring,,asociado_a_contenedor,SI,btz_description_34,escrito_en_slot_btz
PR-PRP2-LMN-A11,LAMINADOR ALLOCCO AC-350 Nº 11 | Grupo: PR-LMN AC350,414088,588948db-dff1-4d88-9ae5-3f6f08daf997-00065188,PR > PR-PRP2-LGC-PREPARACION 2 > PR-PRP2-LGC-GENERAL > PR-PRP2-MLA-BHL1,contenedor_por_scoring,,asociado_a_contenedor,SI,btz_description_35,escrito_en_slot_btz
PR-PRP2-CHD-L11,CENTRAL HIDRAULICA Nº 38 <L-11 | Grupo: PR-CHD LMN AC350,414088,588948db-dff1-4d88-9ae5-3f6f08daf997-00065188,PR > PR-PRP2-LGC-PREPARACION 2 > PR-PRP2-LGC-GENERAL > PR-PRP2-MLA-BHL1,contenedor_por_scoring,,asociado_a_contenedor,SI,btz_description_36,escrito_en_slot_btz
PR-PRP2-LMN-A12,LAMINADOR ALLOCCO AC-350 Nº 12 | Grupo: PR-LMN AC350,414088,588948db-dff1-4d88-9ae5-3f6f08daf997-00065188,PR > PR-PRP2-LGC-PREPARACION 2 > PR-PRP2-LGC-GENERAL > PR-PRP2-MLA-BHL1,contenedor_por_scoring,,asociado_a_contenedor,SI,btz_description_37,escrito_en_slot_btz
PR-PRP2-CHD-L12,CENTRAL HIDRAULICA Nº 42 <L-12 | Grupo: PR-CHD LMN AC350,414088,588948db-dff1-4d88-9ae5-3f6f08daf997-00065188,PR > PR-PRP2-LGC-PREPARACION 2 > PR-PRP2-LGC-GENERAL > PR-PRP2-MLA-BHL1,contenedor_por_scoring,,asociado_a_contenedor,SI,btz_description_38,escrito_en_slot_btz
PR-PRP2-LMN-A13,LAMINADOR ALLOCCO AC-350 Nº 13 | Grupo: PR-LMN AC350,414088,588948db-dff1-4d88-9ae5-3f6f08daf997-00065188,PR > PR-PRP2-LGC-PREPARACION 2 > PR-PRP2-LGC-GENERAL > PR-PRP2-MLA-BHL1,contenedor_por_scoring,,asociado_a_contenedor,SI,btz_description_39,escrito_en_slot_btz
PR-PRP2-CHD-L13,CENTRAL HIDRAULICA Nº 46 <L-13 | Grupo: PR-CHD LMN AC350,414088,588948db-dff1-4d88-9ae5-3f6f08daf997-00065188,PR > PR-PRP2-LGC-PREPARACION 2 > PR-PRP2-LGC-GENERAL > PR-PRP2-MLA-BHL1,contenedor_por_scoring,,asociado_a_contenedor,SI,btz_description_40,escrito_en_slot_btz
PR-PRP2-LMN-A14,LAMINADOR ALLOCCO AC-200 Nº 14 | Grupo: PR-LMN AC200,414088,588948db-dff1-4d88-9ae5-3f6f08daf997-00065188,PR > PR-PRP2-LGC-PREPARACION 2 > PR-PRP2-LGC-GENERAL > PR-PRP2-MLA-BHL1,contenedor_por_scoring,,asociado_a_contenedor,SI,btz_description_41,escrito_en_slot_btz
PR-PRP2-CHD-L14,CENTRAL HIDRAULICA Nº 80 <L-14 | Grupo: PR-CHD LMN AC200,414088,588948db-dff1-4d88-9ae5-3f6f08daf997-00065188,PR > PR-PRP2-LGC-PREPARACION 2 > PR-PRP2-LGC-GENERAL > PR-PRP2-MLA-BHL1,contenedor_por_scoring,,asociado_a_contenedor,SI,btz_description_42,escrito_en_slot_btz
PR-PRP2-LMN-A15,LAMINADOR ALLOCCO AC-200 Nº 15 | Grupo: PR-LMN AC200,414088,588948db-dff1-4d88-9ae5-3f6f08daf997-00065188,PR > PR-PRP2-LGC-PREPARACION 2 > PR-PRP2-LGC-GENERAL > PR-PRP2-MLA-BHL1,contenedor_por_scoring,,asociado_a_contenedor,SI,btz_description_43,escrito_en_slot_btz
PR-PRP2-CHD-L15,CENTRAL HIDRAULICA Nº 83 <L-15 | Grupo: PR-CHD LMN AC200,414088,588948db-dff1-4d88-9ae5-3f6f08daf997-00065188,PR > PR-PRP2-LGC-PREPARACION 2 > PR-PRP2-LGC-GENERAL > PR-PRP2-MLA-BHL1,contenedor_por_scoring,,asociado_a_contenedor,SI,btz_description_44,escrito_en_slot_btz
PR-PRP2-LGC-NORIAS,LOGICO NORIAS PREPARACION LINEA 2 | Grupo: PR-LOGICO,414088,588948db-dff1-4d88-9ae5-3f6f08daf997-00065188,PR > PR-PRP2-LGC-PREPARACION 2 > PR-PRP2-LGC-GENERAL > PR-PRP2-MLA-BHL1,contenedor_por_scoring,,asociado_a_contenedor,SI,btz_description_45,escrito_en_slot_btz
PR-PRP2-NOR-TS14,NORIA TS-14 | Grupo: PR-PRP2-NOR-TS14,414088,588948db-dff1-4d88-9ae5-3f6f08daf997-00065188,PR > PR-PRP2-LGC-PREPARACION 2 > PR-PRP2-LGC-GENERAL > PR-PRP2-MLA-BHL1,contenedor_por_scoring,,asociado_a_contenedor,SI,btz_description_46,escrito_en_slot_btz
PR-PRP2-NOR-TS17,NORIA TS-17 | Grupo: PR-PRP2-NOR-TS17,414088,588948db-dff1-4d88-9ae5-3f6f08daf997-00065188,PR > PR-PRP2-LGC-PREPARACION 2 > PR-PRP2-LGC-GENERAL > PR-PRP2-MLA-BHL1,contenedor_por_scoring,,asociado_a_contenedor,SI,btz_description_47,escrito_en_slot_btz
PR-PRP2-NOR-TS20,NORIA TS-20 | Grupo: PR-PRP2-NOR-TS20,414088,588948db-dff1-4d88-9ae5-3f6f08daf997-00065188,PR > PR-PRP2-LGC-PREPARACION 2 > PR-PRP2-LGC-GENERAL > PR-PRP2-MLA-BHL1,contenedor_por_scoring,,asociado_a_contenedor,SI,btz_description_48,escrito_en_slot_btz
PR-PRP2-NOR-TS26,NORIA TS-26 | Grupo: PR-PRP2-NOR-TS26,414088,588948db-dff1-4d88-9ae5-3f6f08daf997-00065188,PR > PR-PRP2-LGC-PREPARACION 2 > PR-PRP2-LGC-GENERAL > PR-PRP2-MLA-BHL1,contenedor_por_scoring,,asociado_a_contenedor,SI,btz_description_49,escrito_en_slot_btz
PR-PRP2-LGC-QUEBRADORES,LOGICO QUEBRADORES PREPARACION LINEA 2 | Grupo: PR-LOGICO,414088,588948db-dff1-4d88-9ae5-3f6f08daf997-00065188,PR > PR-PRP2-LGC-PREPARACION 2 > PR-PRP2-LGC-GENERAL > PR-PRP2-MLA-BHL1,contenedor_por_scoring,,asociado_a_contenedor,SI,btz_description_50,escrito_en_slot_btz
PR-PRP2-QBR-A06,QUEBRADOR ALLOCCO AC-250 Nº 6 | Grupo: PR-QBR AC 250,414088,588948db-dff1-4d88-9ae5-3f6f08daf997-00065188,PR > PR-PRP2-LGC-PREPARACION 2 > PR-PRP2-LGC-GENERAL > PR-PRP2-MLA-BHL1,contenedor_por_scoring,,asociado_a_contenedor,SI,btz_description_51,escrito_en_slot_btz
PR-PRP2-QBR-A07,QUEBRADOR ALLOCCO AC-250 Nº 7 | Grupo: PR-QBR AC 250,414088,588948db-dff1-4d88-9ae5-3f6f08daf997-00065188,PR > PR-PRP2-LGC-PREPARACION 2 > PR-PRP2-LGC-GENERAL > PR-PRP2-MLA-BHL1,contenedor_por_scoring,,asociado_a_contenedor,SI,btz_description_52,escrito_en_slot_btz
PR-PRP2-QBR-A08,QUEBRADOR ALLOCCO AC-250 Nº 8 | Grupo: PR-QBR AC 250,414088,588948db-dff1-4d88-9ae5-3f6f08daf997-00065188,PR > PR-PRP2-LGC-PREPARACION 2 > PR-PRP2-LGC-GENERAL > PR-PRP2-MLA-BHL1,contenedor_por_scoring,,asociado_a_contenedor,SI,btz_description_53,escrito_en_slot_btz
PR-PRP2-QBR-A09,QUEBRADOR ALLOCCO AC-250 Nº 9 | Grupo: PR-QBR AC 250,414088,588948db-dff1-4d88-9ae5-3f6f08daf997-00065188,PR > PR-PRP2-LGC-PREPARACION 2 > PR-PRP2-LGC-GENERAL > PR-PRP2-MLA-BHL1,contenedor_por_scoring,,asociado_a_contenedor,SI,btz_description_54,escrito_en_slot_btz
PR-PRP2-LGC-REDLERS,LOGICO REDLERS PREPARACION LINEA 2 | Grupo: PR-LOGICO,414088,588948db-dff1-4d88-9ae5-3f6f08daf997-00065188,PR > PR-PRP2-LGC-PREPARACION 2 > PR-PRP2-LGC-GENERAL > PR-PRP2-MLA-BHL1,contenedor_por_scoring,,asociado_a_contenedor,SI,btz_description_55,escrito_en_slot_btz
PR-PRP2-RDL-TS15,REDLER TS-15 | Grupo: PR-PRP2-RDL-TS15,414088,588948db-dff1-4d88-9ae5-3f6f08daf997-00065188,PR > PR-PRP2-LGC-PREPARACION 2 > PR-PRP2-LGC-GENERAL > PR-PRP2-MLA-BHL1,contenedor_por_scoring,,asociado_a_contenedor,SI,btz_description_56,escrito_en_slot_btz
PR-PRP2-RDL-TS16,REDLER TS-16 | Grupo: PR-PRP2-RDL-TS16,414088,588948db-dff1-4d88-9ae5-3f6f08daf997-00065188,PR > PR-PRP2-LGC-PREPARACION 2 > PR-PRP2-LGC-GENERAL > PR-PRP2-MLA-BHL1,contenedor_por_scoring,,asociado_a_contenedor,SI,btz_description_57,escrito_en_slot_btz
PR-PRP2-RDL-TS18A,REDLER TS-18A | Grupo: PR-PRP2-RDL-TS18A,414088,588948db-dff1-4d88-9ae5-3f6f08daf997-00065188,PR > PR-PRP2-LGC-PREPARACION 2 > PR-PRP2-LGC-GENERAL > PR-PRP2-MLA-BHL1,contenedor_por_scoring,,asociado_a_contenedor,SI,btz_description_58,escrito_en_slot_btz
PR-PRP2-RDL-TS19,REDLER TS-19 | Grupo: PR-PRP2-RDL-TS19,414088,588948db-dff1-4d88-9ae5-3f6f08daf997-00065188,PR > PR-PRP2-LGC-PREPARACION 2 > PR-PRP2-LGC-GENERAL > PR-PRP2-MLA-BHL1,contenedor_por_scoring,,asociado_a_contenedor,SI,btz_description_59,escrito_en_slot_btz
PR-PRP2-RDL-TS21A,REDLER TS-21A | Grupo: PR-PRP2-RDL-TS21A,414088,588948db-dff1-4d88-9ae5-3f6f08daf997-00065188,PR > PR-PRP2-LGC-PREPARACION 2 > PR-PRP2-LGC-GENERAL > PR-PRP2-MLA-BHL1,contenedor_por_scoring,,asociado_a_contenedor,SI,btz_description_60,escrito_en_slot_btz
PR-PRP2-RDL-TS22,REDLER TS-22 | Grupo: PR-PRP2-RDL-TS22,414088,588948db-dff1-4d88-9ae5-3f6f08daf997-00065188,PR > PR-PRP2-LGC-PREPARACION 2 > PR-PRP2-LGC-GENERAL > PR-PRP2-MLA-BHL1,contenedor_por_scoring,,asociado_a_contenedor,SI,btz_description_61,escrito_en_slot_btz
PR-PRP2-RDL-TS23,REDLER TS-23 | Grupo: PR-PRP2-RDL-TS23,414088,588948db-dff1-4d88-9ae5-3f6f08daf997-00065188,PR > PR-PRP2-LGC-PREPARACION 2 > PR-PRP2-LGC-GENERAL > PR-PRP2-MLA-BHL1,contenedor_por_scoring,,asociado_a_contenedor,SI,btz_description_62,escrito_en_slot_btz
PR-PRP2-RDL-TS24,REDLER TS-24 | Grupo: PR-PRP2-RDL-TS24,414088,588948db-dff1-4d88-9ae5-3f6f08daf997-00065188,PR > PR-PRP2-LGC-PREPARACION 2 > PR-PRP2-LGC-GENERAL > PR-PRP2-MLA-BHL1,contenedor_por_scoring,,asociado_a_contenedor,SI,btz_description_63,escrito_en_slot_btz
PR-PRP2-RDL-TS28,REDLER TS-28 | Grupo: PR-PRP2-RDL-TS28,414088,588948db-dff1-4d88-9ae5-3f6f08daf997-00065188,PR > PR-PRP2-LGC-PREPARACION 2 > PR-PRP2-LGC-GENERAL > PR-PRP2-MLA-BHL1,contenedor_por_scoring,,asociado_a_contenedor,SI,btz_description_64,escrito_en_slot_btz
PR-PRP2-RDL-TS29,REDLER TS-29 | Grupo: PR-PRP2-RDL-TS29,414088,588948db-dff1-4d88-9ae5-3f6f08daf997-00065188,PR > PR-PRP2-LGC-PREPARACION 2 > PR-PRP2-LGC-GENERAL > PR-PRP2-MLA-BHL1,contenedor_por_scoring,,asociado_a_contenedor,SI,btz_description_65,escrito_en_slot_btz
PR-PRP2-LGC-ROSCAS,LOGICO ROSCAS PREPARACION LINEA 2 | Grupo: PR-LOGICO,414088,588948db-dff1-4d88-9ae5-3f6f08daf997-00065188,PR > PR-PRP2-LGC-PREPARACION 2 > PR-PRP2-LGC-GENERAL > PR-PRP2-MLA-BHL1,contenedor_por_scoring,,asociado_a_contenedor,SI,btz_description_66,escrito_en_slot_btz
PR-PRP2-LGC-SAP,LOGICO SISTEMA DE ASPIRACION PREPARACION LINEA 2 | Grupo: PR-LOGICO,414088,588948db-dff1-4d88-9ae5-3f6f08daf997-00065188,PR > PR-PRP2-LGC-PREPARACION 2 > PR-PRP2-LGC-GENERAL > PR-PRP2-MLA-BHL1,contenedor_por_scoring,,asociado_a_contenedor,SI,btz_description_67,escrito_en_slot_btz
PR-PRP2-SAP-LMNL2,S.A.P. LAMINADORES L-2  <N Y S> | Grupo: PR-SAP LMN PRP2,414088,588948db-dff1-4d88-9ae5-3f6f08daf997-00065188,PR > PR-PRP2-LGC-PREPARACION 2 > PR-PRP2-LGC-GENERAL > PR-PRP2-MLA-BHL1,contenedor_por_scoring,,asociado_a_contenedor,SI,btz_description_68,escrito_en_slot_btz
PR-PRP2-CCL-LMNL2N,CICLON SAP LAMINADOR LINEA 2 <N> | Grupo: PR-CCL LAMINADOR,414088,588948db-dff1-4d88-9ae5-3f6f08daf997-00065188,PR > PR-PRP2-LGC-PREPARACION 2 > PR-PRP2-LGC-GENERAL > PR-PRP2-MLA-BHL1,contenedor_por_scoring,,asociado_a_contenedor,SI,btz_description_69,escrito_en_slot_btz
PR-PRP2-VLV-SAPN,VALVULA ROTATIVA S.A.P. LAM. (N) | Grupo: PR-VLV SAP-N LMN PRP2,414088,588948db-dff1-4d88-9ae5-3f6f08daf997-00065188,PR > PR-PRP2-LGC-PREPARACION 2 > PR-PRP2-LGC-GENERAL > PR-PRP2-MLA-BHL1,contenedor_por_scoring,,asociado_a_contenedor,SI,btz_description_70,escrito_en_slot_btz
PR-PRP2-CCL-LMNL2S,CICLON SAP LAMINADOR LINEA 2 <S> | Grupo: PR-CCL LAMINADOR,414088,588948db-dff1-4d88-9ae5-3f6f08daf997-00065188,PR > PR-PRP2-LGC-PREPARACION 2 > PR-PRP2-LGC-GENERAL > PR-PRP2-MLA-BHL1,contenedor_por_scoring,,asociado_a_contenedor,SI,btz_description_71,escrito_en_slot_btz
PR-PRP2-VLV-SAPS,VALVULA ROTATIVA S.A.P. LAM. (S) | Grupo: PR-VLV-SAP-S LMN PRP2,414088,588948db-dff1-4d88-9ae5-3f6f08daf997-00065188,PR > PR-PRP2-LGC-PREPARACION 2 > PR-PRP2-LGC-GENERAL > PR-PRP2-MLA-BHL1,contenedor_por_scoring,,asociado_a_contenedor,SI,btz_description_72,escrito_en_slot_btz
PR-PRP2-SAP-PRPL2,S.A.P. PREPARACION L-2 | Grupo: PR-SAP PRP2,414088,588948db-dff1-4d88-9ae5-3f6f08daf997-00065188,PR > PR-PRP2-LGC-PREPARACION 2 > PR-PRP2-LGC-GENERAL > PR-PRP2-MLA-BHL1,contenedor_por_scoring,,asociado_a_contenedor,SI,btz_description_73,escrito_en_slot_btz
PR-PRP2-CCL-SAPL2,CICLON SAP QUEBRADOR LINEA 2 | Grupo: PR-CCL QUEBRADOR,414088,588948db-dff1-4d88-9ae5-3f6f08daf997-00065188,PR > PR-PRP2-LGC-PREPARACION 2 > PR-PRP2-LGC-GENERAL > PR-PRP2-MLA-BHL1,contenedor_por_scoring,,asociado_a_contenedor,SI,btz_description_74,escrito_en_slot_btz
PR-PRP2-VLV-SAPL2,VALVULA ROTATIVA S.A.P. PREP. 2 | Grupo: PR-VLV SAP PRP2,414088,588948db-dff1-4d88-9ae5-3f6f08daf997-00065188,PR > PR-PRP2-LGC-PREPARACION 2 > PR-PRP2-LGC-GENERAL > PR-PRP2-MLA-BHL1,contenedor_por_scoring,,asociado_a_contenedor,SI,btz_description_75,escrito_en_slot_btz
PR-PRP2-SRT-L02,SECADOR ROTATIVO Nº 2 | Grupo: PR-SRT PRP2,414088,588948db-dff1-4d88-9ae5-3f6f08daf997-00065188,PR > PR-PRP2-LGC-PREPARACION 2 > PR-PRP2-LGC-GENERAL > PR-PRP2-MLA-BHL1,contenedor_por_scoring,,asociado_a_contenedor,SI,btz_description_76,escrito_en_slot_btz
PR-PRP3-LDV-PREPL3,LINEA DE VIDA SOBRE NAVE PREPARACION 3 | Grupo: PR-LDV PRP3,384037,78d32039-a934-4204-a849-af0b99e119be-0005dc25,PR > PR-PRP3-LGC-PREPARACION 3 > PR-PRP3-LGC-GENERAL > PR-PRP3-VNT-EFLTE,contenedor_por_scoring,,asociado_a_contenedor,SI,btz_description_05,escrito_en_slot_btz
PR-PRP3-LGC-,LOGICO PRENSAS PREPARACION LINEA 3 | Grupo: PR-LOGICO,384037,78d32039-a934-4204-a849-af0b99e119be-0005dc25,PR > PR-PRP3-LGC-PREPARACION 3 > PR-PRP3-LGC-GENERAL > PR-PRP3-VNT-EFLTE,contenedor_por_scoring,,asociado_a_contenedor,SI,btz_description_06,escrito_en_slot_btz
PR-PRP3-PRN-A01,PRENSA PPU-60 Nº 1 (N) | Grupo: PR-PRN PPU-60,384037,78d32039-a934-4204-a849-af0b99e119be-0005dc25,PR > PR-PRP3-LGC-PREPARACION 3 > PR-PRP3-LGC-GENERAL > PR-PRP3-VNT-EFLTE,contenedor_por_scoring,,asociado_a_contenedor,SI,btz_description_07,escrito_en_slot_btz
PR-PRP3-PRN-A02,PRENSA PPU-60 Nº 2 | Grupo: PR-PRN PPU-60,384037,78d32039-a934-4204-a849-af0b99e119be-0005dc25,PR > PR-PRP3-LGC-PREPARACION 3 > PR-PRP3-LGC-GENERAL > PR-PRP3-VNT-EFLTE,contenedor_por_scoring,,asociado_a_contenedor,SI,btz_description_08,escrito_en_slot_btz
PR-PRP3-PRN-A03,PRENSA PPU-60 Nº 3 | Grupo: PR-PRN PPU-60,384037,78d32039-a934-4204-a849-af0b99e119be-0005dc25,PR > PR-PRP3-LGC-PREPARACION 3 > PR-PRP3-LGC-GENERAL > PR-PRP3-VNT-EFLTE,contenedor_por_scoring,,asociado_a_contenedor,SI,btz_description_09,escrito_en_slot_btz
PR-PRP3-PRN-A04,PRENSA PPU-60 Nº 4 | Grupo: PR-PRN PPU-60,384037,78d32039-a934-4204-a849-af0b99e119be-0005dc25,PR > PR-PRP3-LGC-PREPARACION 3 > PR-PRP3-LGC-GENERAL > PR-PRP3-VNT-EFLTE,contenedor_por_scoring,,asociado_a_contenedor,SI,btz_description_10,escrito_en_slot_btz
PR-PRP3-PRN-A05,PRENSA PPU-60 Nº 5 | Grupo: PR-PRN PPU-60,384037,78d32039-a934-4204-a849-af0b99e119be-0005dc25,PR > PR-PRP3-LGC-PREPARACION 3 > PR-PRP3-LGC-GENERAL > PR-PRP3-VNT-EFLTE,contenedor_por_scoring,,asociado_a_contenedor,SI,btz_description_11,escrito_en_slot_btz
PR-PRP3-PRN-A06,PRENSA PPU-60 Nº 6 (S) | Grupo: PR-PRN PPU-60,384037,78d32039-a934-4204-a849-af0b99e119be-0005dc25,PR > PR-PRP3-LGC-PREPARACION 3 > PR-PRP3-LGC-GENERAL > PR-PRP3-VNT-EFLTE,contenedor_por_scoring,,asociado_a_contenedor,SI,btz_description_12,escrito_en_slot_btz
PR-PRP3-PRN-A07,PRENSA ALLOCCO AC-250 Nº 7 (S) | Grupo: PR-PRN AC250,384037,78d32039-a934-4204-a849-af0b99e119be-0005dc25,PR > PR-PRP3-LGC-PREPARACION 3 > PR-PRP3-LGC-GENERAL > PR-PRP3-VNT-EFLTE,contenedor_por_scoring,,asociado_a_contenedor,SI,btz_description_13,escrito_en_slot_btz
PR-PRP3-PRN-A08,PRENSA ALLOCCO AC-250 Nº 8 | Grupo: PR-PRN AC250,384037,78d32039-a934-4204-a849-af0b99e119be-0005dc25,PR > PR-PRP3-LGC-PREPARACION 3 > PR-PRP3-LGC-GENERAL > PR-PRP3-VNT-EFLTE,contenedor_por_scoring,,asociado_a_contenedor,SI,btz_description_14,escrito_en_slot_btz
PR-PRP3-PRN-A09,PRENSA ALLOCCO AC-250 Nº 9 | Grupo: PR-PRN AC250,384037,78d32039-a934-4204-a849-af0b99e119be-0005dc25,PR > PR-PRP3-LGC-PREPARACION 3 > PR-PRP3-LGC-GENERAL > PR-PRP3-VNT-EFLTE,contenedor_por_scoring,,asociado_a_contenedor,SI,btz_description_15,escrito_en_slot_btz
PR-PRP3-PRN-A11,PRENSA ALLOCCO AC-200 Nº 11 | Grupo: PR-PRN AC200,384037,78d32039-a934-4204-a849-af0b99e119be-0005dc25,PR > PR-PRP3-LGC-PREPARACION 3 > PR-PRP3-LGC-GENERAL > PR-PRP3-VNT-EFLTE,contenedor_por_scoring,,asociado_a_contenedor,SI,btz_description_16,escrito_en_slot_btz
PR-PRP3-PRN-A12,PRENSA ALLOCCO AC-200 Nº 12 (N | Grupo: PR-PRN AC200,384037,78d32039-a934-4204-a849-af0b99e119be-0005dc25,PR > PR-PRP3-LGC-PREPARACION 3 > PR-PRP3-LGC-GENERAL > PR-PRP3-VNT-EFLTE,contenedor_por_scoring,,asociado_a_contenedor,SI,btz_description_17,escrito_en_slot_btz
PR-PRP3-RDL-T047,"REDLER T-047 ""Z"" | Grupo: PR-PRP3-RDL-T047",384037,78d32039-a934-4204-a849-af0b99e119be-0005dc25,PR > PR-PRP3-LGC-PREPARACION 3 > PR-PRP3-LGC-GENERAL > PR-PRP3-VNT-EFLTE,contenedor_por_scoring,,asociado_a_contenedor,SI,btz_description_18,escrito_en_slot_btz
PR-PRP3-RDL-T048,"REDLER T-048 ""Z"" | Grupo: PR-PRP3-RDL-T048",384037,78d32039-a934-4204-a849-af0b99e119be-0005dc25,PR > PR-PRP3-LGC-PREPARACION 3 > PR-PRP3-LGC-GENERAL > PR-PRP3-VNT-EFLTE,contenedor_por_scoring,,asociado_a_contenedor,SI,btz_description_19,escrito_en_slot_btz
PR-PRP3-RDL-T049,REDLER T-049 | Grupo: PR-PRP3-RDL-T049,384037,78d32039-a934-4204-a849-af0b99e119be-0005dc25,PR > PR-PRP3-LGC-PREPARACION 3 > PR-PRP3-LGC-GENERAL > PR-PRP3-VNT-EFLTE,contenedor_por_scoring,,asociado_a_contenedor,SI,btz_description_20,escrito_en_slot_btz
PR-PRP3-RDL-T050,"REDLER T-050 ""Z"" | Grupo: PR-PRP3-RDL-T050",384037,78d32039-a934-4204-a849-af0b99e119be-0005dc25,PR > PR-PRP3-LGC-PREPARACION 3 > PR-PRP3-LGC-GENERAL > PR-PRP3-VNT-EFLTE,contenedor_por_scoring,,asociado_a_contenedor,SI,btz_description_21,escrito_en_slot_btz
PR-PRP3-RDL-T052,REDLER T-052 L-2 | Grupo: PR-PRP3-RDL-T052,384037,78d32039-a934-4204-a849-af0b99e119be-0005dc25,PR > PR-PRP3-LGC-PREPARACION 3 > PR-PRP3-LGC-GENERAL > PR-PRP3-VNT-EFLTE,contenedor_por_scoring,,asociado_a_contenedor,SI,btz_description_22,escrito_en_slot_btz
PR-PRP3-RDL-T053,REDLER T-053 | Grupo: PR-PRP3-RDL-T053,384037,78d32039-a934-4204-a849-af0b99e119be-0005dc25,PR > PR-PRP3-LGC-PREPARACION 3 > PR-PRP3-LGC-GENERAL > PR-PRP3-VNT-EFLTE,contenedor_por_scoring,,asociado_a_contenedor,SI,btz_description_23,escrito_en_slot_btz
PR-PRP3-RDL-T054,REDLER T-054 D | Grupo: PR-PRP3-RDL-T054,384037,78d32039-a934-4204-a849-af0b99e119be-0005dc25,PR > PR-PRP3-LGC-PREPARACION 3 > PR-PRP3-LGC-GENERAL > PR-PRP3-VNT-EFLTE,contenedor_por_scoring,,asociado_a_contenedor,SI,btz_description_24,escrito_en_slot_btz
PR-PRP3-RDL-T056,REDLER T-056 | Grupo: PR-PRP3-RDL-T056,384037,78d32039-a934-4204-a849-af0b99e119be-0005dc25,PR > PR-PRP3-LGC-PREPARACION 3 > PR-PRP3-LGC-GENERAL > PR-PRP3-VNT-EFLTE,contenedor_por_scoring,,asociado_a_contenedor,SI,btz_description_25,escrito_en_slot_btz
PR-PRP3-RDL-T057,REDLER T-057 | Grupo: PR-PRP3-RDL-T057,384037,78d32039-a934-4204-a849-af0b99e119be-0005dc25,PR > PR-PRP3-LGC-PREPARACION 3 > PR-PRP3-LGC-GENERAL > PR-PRP3-VNT-EFLTE,contenedor_por_scoring,,asociado_a_contenedor,SI,btz_description_26,escrito_en_slot_btz
PR-PRP3-RDL-T061,REDLER T-061 (DOBLE) | Grupo: PR-PRP3-RDL-T061,384037,78d32039-a934-4204-a849-af0b99e119be-0005dc25,PR > PR-PRP3-LGC-PREPARACION 3 > PR-PRP3-LGC-GENERAL > PR-PRP3-VNT-EFLTE,contenedor_por_scoring,,asociado_a_contenedor,SI,btz_description_27,escrito_en_slot_btz
PR-PRP3-LGC-COCINADORES,LOGICO COCINADORES PREPARACION LINEA 3 | Grupo: PR-LOGICO,384037,78d32039-a934-4204-a849-af0b99e119be-0005dc25,PR > PR-PRP3-LGC-PREPARACION 3 > PR-PRP3-LGC-GENERAL > PR-PRP3-VNT-EFLTE,contenedor_por_scoring,,asociado_a_contenedor,SI,btz_description_28,escrito_en_slot_btz
PR-PRP3-CCN-A01,COCINADOR ALLOCCO Nº 1 | Grupo: PR-CCN 6 PISOS,384037,78d32039-a934-4204-a849-af0b99e119be-0005dc25,PR > PR-PRP3-LGC-PREPARACION 3 > PR-PRP3-LGC-GENERAL > PR-PRP3-VNT-EFLTE,contenedor_por_scoring,,asociado_a_contenedor,SI,btz_description_29,escrito_en_slot_btz
PR-PRP3-EXT-EVC01,EXTRACTOR DE VAHOS Nº 1  C-1 | Grupo: PR-EXT VAHO,384037,78d32039-a934-4204-a849-af0b99e119be-0005dc25,PR > PR-PRP3-LGC-PREPARACION 3 > PR-PRP3-LGC-GENERAL > PR-PRP3-VNT-EFLTE,contenedor_por_scoring,,asociado_a_contenedor,SI,btz_description_30,escrito_en_slot_btz
PR-PRP3-CCN-A02,COCINADOR ALLOCCO Nº 2 | Grupo: PR-CCN 6 PISOS,384037,78d32039-a934-4204-a849-af0b99e119be-0005dc25,PR > PR-PRP3-LGC-PREPARACION 3 > PR-PRP3-LGC-GENERAL > PR-PRP3-VNT-EFLTE,contenedor_por_scoring,,asociado_a_contenedor,SI,btz_description_31,escrito_en_slot_btz
PR-PRP3-EXT-EVC02,EXTRACTOR DE VAHOS Nº 2  C-2 | Grupo: PR-EXT VAHO,384037,78d32039-a934-4204-a849-af0b99e119be-0005dc25,PR > PR-PRP3-LGC-PREPARACION 3 > PR-PRP3-LGC-GENERAL > PR-PRP3-VNT-EFLTE,contenedor_por_scoring,,asociado_a_contenedor,SI,btz_description_32,escrito_en_slot_btz
PR-PRP3-CCN-A03,COCINADOR ALLOCCO Nº 3 | Grupo: PR-CCN 6 PISOS,384037,78d32039-a934-4204-a849-af0b99e119be-0005dc25,PR > PR-PRP3-LGC-PREPARACION 3 > PR-PRP3-LGC-GENERAL > PR-PRP3-VNT-EFLTE,contenedor_por_scoring,,asociado_a_contenedor,SI,btz_description_33,escrito_en_slot_btz
PR-PRP3-EXT-EVC03,EXTRACTOR DE VAHOS Nº 3  C-3 | Grupo: PR-EXT VAHO,384037,78d32039-a934-4204-a849-af0b99e119be-0005dc25,PR > PR-PRP3-LGC-PREPARACION 3 > PR-PRP3-LGC-GENERAL > PR-PRP3-VNT-EFLTE,contenedor_por_scoring,,asociado_a_contenedor,SI,btz_description_34,escrito_en_slot_btz
PR-PRP3-CCN-A04,COCINADOR ALLOCCO Nº 4 | Grupo: PR-CCN 6 PISOS,384037,78d32039-a934-4204-a849-af0b99e119be-0005dc25,PR > PR-PRP3-LGC-PREPARACION 3 > PR-PRP3-LGC-GENERAL > PR-PRP3-VNT-EFLTE,contenedor_por_scoring,,asociado_a_contenedor,SI,btz_description_35,escrito_en_slot_btz
PR-PRP3-EXT-EVC04,EXTRACTOR DE VAHOS Nº 4  C-4 | Grupo: PR-EXT VAHO,384037,78d32039-a934-4204-a849-af0b99e119be-0005dc25,PR > PR-PRP3-LGC-PREPARACION 3 > PR-PRP3-LGC-GENERAL > PR-PRP3-VNT-EFLTE,contenedor_por_scoring,,asociado_a_contenedor,SI,btz_description_36,escrito_en_slot_btz
PR-PRP3-CCN-A05,COCINADOR ALLOCCO Nº 5 | Grupo: PR-CCN 6 PISOS,384037,78d32039-a934-4204-a849-af0b99e119be-0005dc25,PR > PR-PRP3-LGC-PREPARACION 3 > PR-PRP3-LGC-GENERAL > PR-PRP3-VNT-EFLTE,contenedor_por_scoring,,asociado_a_contenedor,SI,btz_description_37,escrito_en_slot_btz
PR-PRP3-EXT-EVC05,EXTRACTOR DE VAHOS Nº 5  C-5 | Grupo: PR-EXT VAHO,384037,78d32039-a934-4204-a849-af0b99e119be-0005dc25,PR > PR-PRP3-LGC-PREPARACION 3 > PR-PRP3-LGC-GENERAL > PR-PRP3-VNT-EFLTE,contenedor_por_scoring,,asociado_a_contenedor,SI,btz_description_38,escrito_en_slot_btz
PR-PRP3-CCN-A06,COCINADOR ALLOCCO Nº 6 | Grupo: PR-CCN 7 PISOS,384037,78d32039-a934-4204-a849-af0b99e119be-0005dc25,PR > PR-PRP3-LGC-PREPARACION 3 > PR-PRP3-LGC-GENERAL > PR-PRP3-VNT-EFLTE,contenedor_por_scoring,,asociado_a_contenedor,SI,btz_description_39,escrito_en_slot_btz
PR-PRP3-EXT-EVC06,EXTRACTOR DE VAHOS Nº 6  C-6 | Grupo: PR-EXT VAHO,384037,78d32039-a934-4204-a849-af0b99e119be-0005dc25,PR > PR-PRP3-LGC-PREPARACION 3 > PR-PRP3-LGC-GENERAL > PR-PRP3-VNT-EFLTE,contenedor_por_scoring,,asociado_a_contenedor,SI,btz_description_40,escrito_en_slot_btz
PR-PRP3-CCN-A07,COCINADOR ALLOCCO Nº 7 | Grupo: PR-CCN 7 PISOS,384037,78d32039-a934-4204-a849-af0b99e119be-0005dc25,PR > PR-PRP3-LGC-PREPARACION 3 > PR-PRP3-LGC-GENERAL > PR-PRP3-VNT-EFLTE,contenedor_por_scoring,,asociado_a_contenedor,SI,btz_description_41,escrito_en_slot_btz
PR-PRP3-EXT-EVC07,EXTRACTOR DE VAHOS Nº 7  C-7 | Grupo: PR-EXT VAHO,384037,78d32039-a934-4204-a849-af0b99e119be-0005dc25,PR > PR-PRP3-LGC-PREPARACION 3 > PR-PRP3-LGC-GENERAL > PR-PRP3-VNT-EFLTE,contenedor_por_scoring,,asociado_a_contenedor,SI,btz_description_42,escrito_en_slot_btz
PR-PRP3-CCN-A08,COCINADOR ALLOCCO Nº 8 | Grupo: PR-CCN 7 PISOS,384037,78d32039-a934-4204-a849-af0b99e119be-0005dc25,PR > PR-PRP3-LGC-PREPARACION 3 > PR-PRP3-LGC-GENERAL > PR-PRP3-VNT-EFLTE,contenedor_por_scoring,,asociado_a_contenedor,SI,btz_description_43,escrito_en_slot_btz
PR-PRP3-EXT-EVC08,EXTRACTOR DE VAHOS Nº 8  C-8 | Grupo: PR-EXT VAHO,384037,78d32039-a934-4204-a849-af0b99e119be-0005dc25,PR > PR-PRP3-LGC-PREPARACION 3 > PR-PRP3-LGC-GENERAL > PR-PRP3-VNT-EFLTE,contenedor_por_scoring,,asociado_a_contenedor,SI,btz_description_44,escrito_en_slot_btz
PR-PRP3-CCN-A09,COCINADOR ALLOCCO Nº 9 | Grupo: PR-CCN 7 PISOS,384037,78d32039-a934-4204-a849-af0b99e119be-0005dc25,PR > PR-PRP3-LGC-PREPARACION 3 > PR-PRP3-LGC-GENERAL > PR-PRP3-VNT-EFLTE,contenedor_por_scoring,,asociado_a_contenedor,SI,btz_description_45,escrito_en_slot_btz
PR-PRP3-EXT-EVC09,EXTRACTOR DE VAHOS Nº 9  C-9 | Grupo: PR-EXT VAHO,384037,78d32039-a934-4204-a849-af0b99e119be-0005dc25,PR > PR-PRP3-LGC-PREPARACION 3 > PR-PRP3-LGC-GENERAL > PR-PRP3-VNT-EFLTE,contenedor_por_scoring,,asociado_a_contenedor,SI,btz_description_46,escrito_en_slot_btz
PR-PRP3-CCN-A10,COCINADOR ALLOCCO Nº 10 | Grupo: PR-CCN 7 PISOS,384037,78d32039-a934-4204-a849-af0b99e119be-0005dc25,PR > PR-PRP3-LGC-PREPARACION 3 > PR-PRP3-LGC-GENERAL > PR-PRP3-VNT-EFLTE,contenedor_por_scoring,,asociado_a_contenedor,SI,btz_description_47,escrito_en_slot_btz
PR-PRP3-EXT-EVC10,EXTRACTOR DE VAHOS Nº 10  C-10 | Grupo: PR-EXT VAHO,384037,78d32039-a934-4204-a849-af0b99e119be-0005dc25,PR > PR-PRP3-LGC-PREPARACION 3 > PR-PRP3-LGC-GENERAL > PR-PRP3-VNT-EFLTE,contenedor_por_scoring,,asociado_a_contenedor,SI,btz_description_48,escrito_en_slot_btz
PR-PRP3-LGC-FILTROS,LOGICO FILTROS PLACA PREPARACION LINEA 3 | Grupo: PR-LOGICO,384037,78d32039-a934-4204-a849-af0b99e119be-0005dc25,PR > PR-PRP3-LGC-PREPARACION 3 > PR-PRP3-LGC-GENERAL > PR-PRP3-VNT-EFLTE,contenedor_por_scoring,,asociado_a_contenedor,SI,btz_description_49,escrito_en_slot_btz
PR-PRP3-FLT-AC1,FILTRO DE ACEITE A PLACA Nº 1 (S/O) | Grupo: PR-FLT A PLACA,384037,78d32039-a934-4204-a849-af0b99e119be-0005dc25,PR > PR-PRP3-LGC-PREPARACION 3 > PR-PRP3-LGC-GENERAL > PR-PRP3-VNT-EFLTE,contenedor_por_scoring,,asociado_a_contenedor,SI,btz_description_50,escrito_en_slot_btz
PR-PRP3-FLT-AC2,FILTRO DE ACEITE A PLACA Nº 2 (S/E) | Grupo: PR-FLT A PLACA,384037,78d32039-a934-4204-a849-af0b99e119be-0005dc25,PR > PR-PRP3-LGC-PREPARACION 3 > PR-PRP3-LGC-GENERAL > PR-PRP3-VNT-EFLTE,contenedor_por_scoring,,asociado_a_contenedor,SI,btz_description_51,escrito_en_slot_btz
PR-PRP3-FLT-AC3,FILTRO DE ACEITE A PLACA Nº 3 <N> | Grupo: PR-FLT A PLACA,384037,78d32039-a934-4204-a849-af0b99e119be-0005dc25,PR > PR-PRP3-LGC-PREPARACION 3 > PR-PRP3-LGC-GENERAL > PR-PRP3-VNT-EFLTE,contenedor_por_scoring,,asociado_a_contenedor,SI,btz_description_52,escrito_en_slot_btz
PR-PRP3-LGC-LAMINADORES,LOGICO LAMINADORES PREPARACION LINEA 3 | Grupo: PR-LOGICO,384037,78d32039-a934-4204-a849-af0b99e119be-0005dc25,PR > PR-PRP3-LGC-PREPARACION 3 > PR-PRP3-LGC-GENERAL > PR-PRP3-VNT-EFLTE,contenedor_por_scoring,,asociado_a_contenedor,SI,btz_description_53,escrito_en_slot_btz
PR-PRP3-LMN-A02,LAMINADOR Nº 2 PRP3 | Grupo: PR-LMN AC200,384037,78d32039-a934-4204-a849-af0b99e119be-0005dc25,PR > PR-PRP3-LGC-PREPARACION 3 > PR-PRP3-LGC-GENERAL > PR-PRP3-VNT-EFLTE,contenedor_por_scoring,,asociado_a_contenedor,SI,btz_description_54,escrito_en_slot_btz
PR-PRP3-CHD-LAM2,CENTRAL HIDRAULICA L-2 PRP3 | Grupo: PR-CHD LMN AC200,384037,78d32039-a934-4204-a849-af0b99e119be-0005dc25,PR > PR-PRP3-LGC-PREPARACION 3 > PR-PRP3-LGC-GENERAL > PR-PRP3-VNT-EFLTE,contenedor_por_scoring,,asociado_a_contenedor,SI,btz_description_55,escrito_en_slot_btz
PR-PRP3-LMN-A03,LAMINADOR Nº 3 PRP3 | Grupo: PR-LMN AC200,384037,78d32039-a934-4204-a849-af0b99e119be-0005dc25,PR > PR-PRP3-LGC-PREPARACION 3 > PR-PRP3-LGC-GENERAL > PR-PRP3-VNT-EFLTE,contenedor_por_scoring,,asociado_a_contenedor,SI,btz_description_56,escrito_en_slot_btz
PR-PRP3-CHD-LAM3,CENTRAL HIDRAULICA L-3 PRP3 | Grupo: PR-CHD LMN AC200,384037,78d32039-a934-4204-a849-af0b99e119be-0005dc25,PR > PR-PRP3-LGC-PREPARACION 3 > PR-PRP3-LGC-GENERAL > PR-PRP3-VNT-EFLTE,contenedor_por_scoring,,asociado_a_contenedor,SI,btz_description_57,escrito_en_slot_btz
PR-PRP3-LMN-A04,LAMINADOR Nº 4 PRP3 | Grupo: PR-LMN AC200,384037,78d32039-a934-4204-a849-af0b99e119be-0005dc25,PR > PR-PRP3-LGC-PREPARACION 3 > PR-PRP3-LGC-GENERAL > PR-PRP3-VNT-EFLTE,contenedor_por_scoring,,asociado_a_contenedor,SI,btz_description_58,escrito_en_slot_btz
PR-PRP3-CHD-LAM4,CENTRAL HIDRAULICA L-4 PRP4 | Grupo: PR-CHD LMN AC200,384037,78d32039-a934-4204-a849-af0b99e119be-0005dc25,PR > PR-PRP3-LGC-PREPARACION 3 > PR-PRP3-LGC-GENERAL > PR-PRP3-VNT-EFLTE,contenedor_por_scoring,,asociado_a_contenedor,SI,btz_description_59,escrito_en_slot_btz
PR-PRP3-LGC-REQUECHEROS,LOGICO REQUECHEROS PREPARACION LINEA 3 | Grupo: PR-LOGICO,384037,78d32039-a934-4204-a849-af0b99e119be-0005dc25,PR > PR-PRP3-LGC-PREPARACION 3 > PR-PRP3-LGC-GENERAL > PR-PRP3-VNT-EFLTE,contenedor_por_scoring,,asociado_a_contenedor,SI,btz_description_60,escrito_en_slot_btz
PR-PRP3-RQC-N01,REQUECHERO Nº 1 <S> | Grupo: PR-RQC 1500,384037,78d32039-a934-4204-a849-af0b99e119be-0005dc25,PR > PR-PRP3-LGC-PREPARACION 3 > PR-PRP3-LGC-GENERAL > PR-PRP3-VNT-EFLTE,contenedor_por_scoring,,asociado_a_contenedor,SI,btz_description_61,escrito_en_slot_btz
PR-PRP3-RQC-N02,REQUECHERO Nº 2 <N> | Grupo: PR-RQC 2000,384037,78d32039-a934-4204-a849-af0b99e119be-0005dc25,PR > PR-PRP3-LGC-PREPARACION 3 > PR-PRP3-LGC-GENERAL > PR-PRP3-VNT-EFLTE,contenedor_por_scoring,,asociado_a_contenedor,SI,btz_description_62,escrito_en_slot_btz
PR-PRP3-LGC-ROSCAS,LOGICO ROSCAS PREPARACION LINEA 3 | Grupo: PR-LOGICO,384037,78d32039-a934-4204-a849-af0b99e119be-0005dc25,PR > PR-PRP3-LGC-PREPARACION 3 > PR-PRP3-LGC-GENERAL > PR-PRP3-VNT-EFLTE,contenedor_por_scoring,,asociado_a_contenedor,SI,btz_description_63,escrito_en_slot_btz
PR-PRP3-LGC-TANQUES,LOGICO TANQUES PREPARACION LINEA 3 | Grupo: PR-LOGICO,384037,78d32039-a934-4204-a849-af0b99e119be-0005dc25,PR > PR-PRP3-LGC-PREPARACION 3 > PR-PRP3-LGC-GENERAL > PR-PRP3-VNT-EFLTE,contenedor_por_scoring,,asociado_a_contenedor,SI,btz_description_64,escrito_en_slot_btz
PR-PRP3-SDC-N07,SUPER D´CANTER Nº 7 | Grupo: PR-SDC N07 PRP3,384037,78d32039-a934-4204-a849-af0b99e119be-0005dc25,PR > PR-PRP3-LGC-PREPARACION 3 > PR-PRP3-LGC-GENERAL > PR-PRP3-VNT-EFLTE,contenedor_por_scoring,,asociado_a_contenedor,SI,btz_description_65,escrito_en_slot_btz
PR-PRP3-VNT-EFLTO,VENTILADOR EXTRACTOR 2 <L/OESTE> | Grupo: PR-VNT EXTRACTOR 2,384037,78d32039-a934-4204-a849-af0b99e119be-0005dc25,PR > PR-PRP3-LGC-PREPARACION 3 > PR-PRP3-LGC-GENERAL > PR-PRP3-VNT-EFLTE,contenedor_por_scoring,,asociado_a_contenedor,SI,btz_description_66,escrito_en_slot_btz
PR-SGI-BMB-INC2,BOMBA CENTRIFUGA Nº 2  <E> | Grupo: PR-SGI-BMB-INC2,377280,f26b48f9-0279-47cf-b5b3-6772136bf76f-0005c1c0,PR > PR-SGI-LGC-SEGURIDAD INDUST > PR-SGI-LGC-GENERAL > PR-SGI-BMB-INC1,contenedor_por_scoring,,asociado_a_contenedor,SI,btz_description_05,escrito_en_slot_btz
PR-SGI-BMB-INC3,BOMBA CENTRIFUGA Nº 3  (ELECT.)  <N> | Grupo: PR-SGI-BMB-INC3,377280,f26b48f9-0279-47cf-b5b3-6772136bf76f-0005c1c0,PR > PR-SGI-LGC-SEGURIDAD INDUST > PR-SGI-LGC-GENERAL > PR-SGI-BMB-INC1,contenedor_por_scoring,,asociado_a_contenedor,SI,btz_description_06,escrito_en_slot_btz
PR-SGI-BMB-INC4,MOTOBOMBA Nº 4   <S> | Grupo: PR-SGI-BMB-INC4,377280,f26b48f9-0279-47cf-b5b3-6772136bf76f-0005c1c0,PR > PR-SGI-LGC-SEGURIDAD INDUST > PR-SGI-LGC-GENERAL > PR-SGI-BMB-INC1,contenedor_por_scoring,,asociado_a_contenedor,SI,btz_description_07,escrito_en_slot_btz
PR-SGI-BMB-INC5,BOMBA ACHIQUE Nº 5 | Grupo: PR-SGI-BMB-INC5,377280,f26b48f9-0279-47cf-b5b3-6772136bf76f-0005c1c0,PR > PR-SGI-LGC-SEGURIDAD INDUST > PR-SGI-LGC-GENERAL > PR-SGI-BMB-INC1,contenedor_por_scoring,,asociado_a_contenedor,SI,btz_description_08,escrito_en_slot_btz
PR-SGI-BMB-INC6,BOMBA CENTRIFUGA Nº 6  <PLAYA CASCARA> | Grupo: PR-SGI-BMB-INC6,377280,f26b48f9-0279-47cf-b5b3-6772136bf76f-0005c1c0,PR > PR-SGI-LGC-SEGURIDAD INDUST > PR-SGI-LGC-GENERAL > PR-SGI-BMB-INC1,contenedor_por_scoring,,asociado_a_contenedor,SI,btz_description_09,escrito_en_slot_btz
PR-SGI-BMB-INC7,BOMBA CENTR. AUXILIAR SECADORA CEDAR | Grupo: PR-SGI-BMB-INC7,377280,f26b48f9-0279-47cf-b5b3-6772136bf76f-0005c1c0,PR > PR-SGI-LGC-SEGURIDAD INDUST > PR-SGI-LGC-GENERAL > PR-SGI-BMB-INC1,contenedor_por_scoring,,asociado_a_contenedor,SI,btz_description_10,escrito_en_slot_btz
PR-SGI-BMB-INC8,BOMBA P/ESPUMA CONTRA INCENDIO | Grupo: PR-SGI-BMB-INC8,377280,f26b48f9-0279-47cf-b5b3-6772136bf76f-0005c1c0,PR > PR-SGI-LGC-SEGURIDAD INDUST > PR-SGI-LGC-GENERAL > PR-SGI-BMB-INC1,contenedor_por_scoring,,asociado_a_contenedor,SI,btz_description_11,escrito_en_slot_btz
PR-SGI-BMB-INC9,BOMBA CENTRIFUGA VERTICAL MULTIETAPA | Grupo: PR-SGI-BMB-INC9,377280,f26b48f9-0279-47cf-b5b3-6772136bf76f-0005c1c0,PR > PR-SGI-LGC-SEGURIDAD INDUST > PR-SGI-LGC-GENERAL > PR-SGI-BMB-INC1,contenedor_por_scoring,,asociado_a_contenedor,SI,btz_description_12,escrito_en_slot_btz
PR-TLLE-ESC-EHI,ESCALERA ELECTRO-HIDRAULICA | Grupo: PR-TLLE-ESC-EHI,402724,32e5720f-4901-48e3-8bc1-287fb1eaae75-00062524,PR > PR-TLLE-LGC-TALLER ELECTRICO > PR-TLLE-LGC-GENERAL > PR-TLLE-ESC-MEC,contenedor_por_scoring,,asociado_a_contenedor,SI,btz_description_05,escrito_en_slot_btz
PR-TLLE-SLD-AUT,EQUIPO SOLDAR AUTOGENO Nº 1 | Grupo: PR-TLLE-SLD-AUT,165318,c75bd4f0-baf2-4f40-8a34-9dc82f291cda-000285c6,PR > PR-TLLE-LGC-TALLER ELECTRICO > PR-TLLE-LGC-GENERAL > PR-TLLE-SLD-ELE,contenedor_por_scoring,,asociado_a_contenedor,SI,btz_description_05,escrito_en_slot_btz
PR-TLLM-AM-APMBMB,APAREJO MANUAL TALLER MECANICO ZONA MESA DE BOMBAS | Grupo: PR-TLLM-APM,166456,e42370da-1003-4b82-9a27-4cb40db2c9bb-00028a38,PR > PR-TLLM-LGC-TALLER MECANICO > PR-TLLM-LGC-GENERAL > PR-TLLM-GNR-C180,contenedor_por_scoring,,asociado_a_contenedor,SI,btz_description_05,escrito_en_slot_btz
PR-TLLM-AML-BAN1,AMOLADORA DE BANCO 1 (TORNO) | Grupo: PR-TLLM-AML-BAN1,166456,e42370da-1003-4b82-9a27-4cb40db2c9bb-00028a38,PR > PR-TLLM-LGC-TALLER MECANICO > PR-TLLM-LGC-GENERAL > PR-TLLM-GNR-C180,contenedor_por_scoring,,asociado_a_contenedor,SI,btz_description_06,escrito_en_slot_btz
PR-TLLM-AML-PIE1,AMOLADORA DE PIE Nº 1 A/ESTE | Grupo: PR-TLLM-AML-PIE1,166456,e42370da-1003-4b82-9a27-4cb40db2c9bb-00028a38,PR > PR-TLLM-LGC-TALLER MECANICO > PR-TLLM-LGC-GENERAL > PR-TLLM-GNR-C180,contenedor_por_scoring,,asociado_a_contenedor,SI,btz_description_07,escrito_en_slot_btz
PR-TLLM-AML-PIE2,AMOLADORA DE PIE Nº 2 A/ESTE | Grupo: PR-TLLM-AML-PIE2,166456,e42370da-1003-4b82-9a27-4cb40db2c9bb-00028a38,PR > PR-TLLM-LGC-TALLER MECANICO > PR-TLLM-LGC-GENERAL > PR-TLLM-GNR-C180,contenedor_por_scoring,,asociado_a_contenedor,SI,btz_description_08,escrito_en_slot_btz
PR-TLLM-APL-MOV1,APILADOR ELECTRICO 1 | Grupo: PR-TLLM-ATL-MOV1,166456,e42370da-1003-4b82-9a27-4cb40db2c9bb-00028a38,PR > PR-TLLM-LGC-TALLER MECANICO > PR-TLLM-LGC-GENERAL > PR-TLLM-GNR-C180,contenedor_por_scoring,,asociado_a_contenedor,SI,btz_description_09,escrito_en_slot_btz
PR-TLLM-APM-APMNC,APAREJO MANUAL TALLER MECANICO NAVE CENTRAL DE TALLER | Grupo: PR-TLLM-APM,166456,e42370da-1003-4b82-9a27-4cb40db2c9bb-00028a38,PR > PR-TLLM-LGC-TALLER MECANICO > PR-TLLM-LGC-GENERAL > PR-TLLM-GNR-C180,contenedor_por_scoring,,asociado_a_contenedor,SI,btz_description_10,escrito_en_slot_btz
PR-TLLM-APM-APMTE,APAREJO MANUAL TALLER ELECTRICO | Grupo: PR-TLLE-APM,166456,e42370da-1003-4b82-9a27-4cb40db2c9bb-00028a38,PR > PR-TLLM-LGC-TALLER MECANICO > PR-TLLM-LGC-GENERAL > PR-TLLM-GNR-C180,contenedor_por_scoring,,asociado_a_contenedor,SI,btz_description_11,escrito_en_slot_btz
PR-TLLM-BAT-LAV,BATEA LAVADO DE PIEZA | Grupo: PR-TLLM-BAT-LAV,166456,e42370da-1003-4b82-9a27-4cb40db2c9bb-00028a38,PR > PR-TLLM-LGC-TALLER MECANICO > PR-TLLM-LGC-GENERAL > PR-TLLM-GNR-C180,contenedor_por_scoring,,asociado_a_contenedor,SI,btz_description_12,escrito_en_slot_btz
PR-TLLM-CLN-PER,CILINDRADORA DE PERFILES | Grupo: PR-TLLM-CLN-PER,166456,e42370da-1003-4b82-9a27-4cb40db2c9bb-00028a38,PR > PR-TLLM-LGC-TALLER MECANICO > PR-TLLM-LGC-GENERAL > PR-TLLM-GNR-C180,contenedor_por_scoring,,asociado_a_contenedor,SI,btz_description_13,escrito_en_slot_btz
PR-TLLM-CRG-BAT,CARGADOR DE BATERIA CB-40 | Grupo: PR-TLLM-CRG-BAT,166456,e42370da-1003-4b82-9a27-4cb40db2c9bb-00028a38,PR > PR-TLLM-LGC-TALLER MECANICO > PR-TLLM-LGC-GENERAL > PR-TLLM-GNR-C180,contenedor_por_scoring,,asociado_a_contenedor,SI,btz_description_14,escrito_en_slot_btz
PR-TLLM-CRT-PLA,CORTADOR PLASMAIRE 80 | Grupo: PR-TLLM-CRT-PLA,166456,e42370da-1003-4b82-9a27-4cb40db2c9bb-00028a38,PR > PR-TLLM-LGC-TALLER MECANICO > PR-TLLM-LGC-GENERAL > PR-TLLM-GNR-C180,contenedor_por_scoring,,asociado_a_contenedor,SI,btz_description_15,escrito_en_slot_btz
PR-TLLM-EXT-MOV,EXTRACTOR HIDRAULICO MOVIL | Grupo: PR-TLLM-EXT-MOV,166456,e42370da-1003-4b82-9a27-4cb40db2c9bb-00028a38,PR > PR-TLLM-LGC-TALLER MECANICO > PR-TLLM-LGC-GENERAL > PR-TLLM-GNR-C180,contenedor_por_scoring,,asociado_a_contenedor,SI,btz_description_16,escrito_en_slot_btz
PR-TLLM-GNC-HID,GINCHE HIDRAULICO 1 TN. | Grupo: PR-TLLM-GNC-HID,166456,e42370da-1003-4b82-9a27-4cb40db2c9bb-00028a38,PR > PR-TLLM-LGC-TALLER MECANICO > PR-TLLM-LGC-GENERAL > PR-TLLM-GNR-C180,contenedor_por_scoring,,asociado_a_contenedor,SI,btz_description_17,escrito_en_slot_btz
PR-TLLM-GND-N01,GUINDOLA P/GRUA 01 | Grupo: PR-TLLM-GND-N01,166456,e42370da-1003-4b82-9a27-4cb40db2c9bb-00028a38,PR > PR-TLLM-LGC-TALLER MECANICO > PR-TLLM-LGC-GENERAL > PR-TLLM-GNR-C180,contenedor_por_scoring,,asociado_a_contenedor,SI,btz_description_18,escrito_en_slot_btz
PR-TLLM-GNR-GNT,GRUPO ELECTRÓGENO BOUNOUS 8 KW | Grupo: PR-GRN ELEC,166456,e42370da-1003-4b82-9a27-4cb40db2c9bb-00028a38,PR > PR-TLLM-LGC-TALLER MECANICO > PR-TLLM-LGC-GENERAL > PR-TLLM-GNR-C180,contenedor_por_scoring,,asociado_a_contenedor,SI,btz_description_19,escrito_en_slot_btz
PR-TLLM-GRU-P&H26,GRUA P&H CENTURY CN128/57014 (26 TN) Nº 2 | Grupo: PR-TLLM-GRU-P&H26,166456,e42370da-1003-4b82-9a27-4cb40db2c9bb-00028a38,PR > PR-TLLM-LGC-TALLER MECANICO > PR-TLLM-LGC-GENERAL > PR-TLLM-GNR-C180,contenedor_por_scoring,,asociado_a_contenedor,SI,btz_description_20,escrito_en_slot_btz
PR-TLLM-GTO-HID,GATO HIDRAULICO CARRO 3 TN. | Grupo: PR-TLLM-GTO-HID,166456,e42370da-1003-4b82-9a27-4cb40db2c9bb-00028a38,PR > PR-TLLM-LGC-TALLER MECANICO > PR-TLLM-LGC-GENERAL > PR-TLLM-GNR-C180,contenedor_por_scoring,,asociado_a_contenedor,SI,btz_description_21,escrito_en_slot_btz
PR-TLLM-LMD-R600,LIMADORA R-600 REMAG | Grupo: PR-TLLM-LMD-R600,166456,e42370da-1003-4b82-9a27-4cb40db2c9bb-00028a38,PR > PR-TLLM-LGC-TALLER MECANICO > PR-TLLM-LGC-GENERAL > PR-TLLM-GNR-C180,contenedor_por_scoring,,asociado_a_contenedor,SI,btz_description_22,escrito_en_slot_btz
PR-TLLM-PLG-CHA,PLEGADORA DE CHAPAS DAISA | Grupo: PR-TLLM-PLG-CHA,166456,e42370da-1003-4b82-9a27-4cb40db2c9bb-00028a38,PR > PR-TLLM-LGC-TALLER MECANICO > PR-TLLM-LGC-GENERAL > PR-TLLM-GNR-C180,contenedor_por_scoring,,asociado_a_contenedor,SI,btz_description_23,escrito_en_slot_btz
PR-TLLM-PRF-AETEA,PURIFICADOR ACEITE ETEA | Grupo: PR-TLLM-PRF-AETEA,166456,e42370da-1003-4b82-9a27-4cb40db2c9bb-00028a38,PR > PR-TLLM-LGC-TALLER MECANICO > PR-TLLM-LGC-GENERAL > PR-TLLM-GNR-C180,contenedor_por_scoring,,asociado_a_contenedor,SI,btz_description_24,escrito_en_slot_btz
PR-TLLM-PRF-PIE1,PERFORADORA DE PIE Nº 1 SUR | Grupo: PR-TLLM-PRF-PIE1,166456,e42370da-1003-4b82-9a27-4cb40db2c9bb-00028a38,PR > PR-TLLM-LGC-TALLER MECANICO > PR-TLLM-LGC-GENERAL > PR-TLLM-GNR-C180,contenedor_por_scoring,,asociado_a_contenedor,SI,btz_description_25,escrito_en_slot_btz
PR-TLLM-PRF-PIE2,PERFORADORA DE PIE Nº 2 NORTE | Grupo: PR-TLLM-PRF-PIE2,166456,e42370da-1003-4b82-9a27-4cb40db2c9bb-00028a38,PR > PR-TLLM-LGC-TALLER MECANICO > PR-TLLM-LGC-GENERAL > PR-TLLM-GNR-C180,contenedor_por_scoring,,asociado_a_contenedor,SI,btz_description_26,escrito_en_slot_btz
PR-TLLM-PRN-150L,PRENSA 150 LBS. Nº 2 DELFABRO | Grupo: PR-TLLM-PRN-150L,166456,e42370da-1003-4b82-9a27-4cb40db2c9bb-00028a38,PR > PR-TLLM-LGC-TALLER MECANICO > PR-TLLM-LGC-GENERAL > PR-TLLM-GNR-C180,contenedor_por_scoring,,asociado_a_contenedor,SI,btz_description_27,escrito_en_slot_btz
PR-TLLM-PRN-40L,PRENSA 40 LBS. Nº 1 TAUMET | Grupo: PR-TLLM-PRN-40L,166456,e42370da-1003-4b82-9a27-4cb40db2c9bb-00028a38,PR > PR-TLLM-LGC-TALLER MECANICO > PR-TLLM-LGC-GENERAL > PR-TLLM-GNR-C180,contenedor_por_scoring,,asociado_a_contenedor,SI,btz_description_28,escrito_en_slot_btz
PR-TLLM-PRR-BAN1,PERFORADORA DE BANCO 1 CHI (N) | Grupo: PR-TLLM-PRR-BAN1,166456,e42370da-1003-4b82-9a27-4cb40db2c9bb-00028a38,PR > PR-TLLM-LGC-TALLER MECANICO > PR-TLLM-LGC-GENERAL > PR-TLLM-GNR-C180,contenedor_por_scoring,,asociado_a_contenedor,SI,btz_description_29,escrito_en_slot_btz
PR-TLLM-PRR-BAN2,PERFORADORA DE BANCO 2 CHI (S) | Grupo: PR-TLLM-PRR-BAN2,166456,e42370da-1003-4b82-9a27-4cb40db2c9bb-00028a38,PR > PR-TLLM-LGC-TALLER MECANICO > PR-TLLM-LGC-GENERAL > PR-TLLM-GNR-C180,contenedor_por_scoring,,asociado_a_contenedor,SI,btz_description_30,escrito_en_slot_btz
PR-TLLM-RCT-PLA,RECTIFICADORA PLANA BURGOR | Grupo: PR-TLLM-RCT-PLA,166456,e42370da-1003-4b82-9a27-4cb40db2c9bb-00028a38,PR > PR-TLLM-LGC-TALLER MECANICO > PR-TLLM-LGC-GENERAL > PR-TLLM-GNR-C180,contenedor_por_scoring,,asociado_a_contenedor,SI,btz_description_31,escrito_en_slot_btz
PR-TLLM-TRN-P300,TORNO PIA  3.00 E/PUNTOS | Grupo: PR-TLLM-TRN-P300,166456,e42370da-1003-4b82-9a27-4cb40db2c9bb-00028a38,PR > PR-TLLM-LGC-TALLER MECANICO > PR-TLLM-LGC-GENERAL > PR-TLLM-GNR-C180,contenedor_por_scoring,,asociado_a_contenedor,SI,btz_description_32,escrito_en_slot_btz
PR-TLLM-TRN-S120,TORNO SIDERAL 1.20 E/PUNTOS | Grupo: PR-TLLM-TRN-S120,166456,e42370da-1003-4b82-9a27-4cb40db2c9bb-00028a38,PR > PR-TLLM-LGC-TALLER MECANICO > PR-TLLM-LGC-GENERAL > PR-TLLM-GNR-C180,contenedor_por_scoring,,asociado_a_contenedor,SI,btz_description_33,escrito_en_slot_btz
PR-TLLM-TRN-W300,TORNO WARE 3.00 MTS.E/PUNTOS | Grupo: PR-TLLM-TRN-W300,166456,e42370da-1003-4b82-9a27-4cb40db2c9bb-00028a38,PR > PR-TLLM-LGC-TALLER MECANICO > PR-TLLM-LGC-GENERAL > PR-TLLM-GNR-C180,contenedor_por_scoring,,asociado_a_contenedor,SI,btz_description_34,escrito_en_slot_btz
PR-TLLOC-ACP-CAR1,ACOPLADO CARRO N§1 | Grupo: PR-TLLOC-ACP-CAR1,402797,32e5720f-4901-48e3-8bc1-287fb1eaae75-0006256d,PR > PR-TLLOC-LGC-TALLER OBRA CIVIL > PR-TLLOC-LGC-GENERAL > PR-TLLOC-ACP-CAR3,contenedor_por_scoring,,asociado_a_contenedor,SI,btz_description_05,escrito_en_slot_btz
PR-TLLOC-ACP-CAR2,ACOPLADO CARRO Nº 2 | Grupo: PR-TLLOC-ACP-CAR2,402797,32e5720f-4901-48e3-8bc1-287fb1eaae75-0006256d,PR > PR-TLLOC-LGC-TALLER OBRA CIVIL > PR-TLLOC-LGC-GENERAL > PR-TLLOC-ACP-CAR3,contenedor_por_scoring,,asociado_a_contenedor,SI,btz_description_06,escrito_en_slot_btz
PR-TLLOC-ACP-CAR4,ACOPLADO CARRO N§4 | Grupo: PR-TLLOC-ACP-CAR4,402797,32e5720f-4901-48e3-8bc1-287fb1eaae75-0006256d,PR > PR-TLLOC-LGC-TALLER OBRA CIVIL > PR-TLLOC-LGC-GENERAL > PR-TLLOC-ACP-CAR3,contenedor_por_scoring,,asociado_a_contenedor,SI,btz_description_07,escrito_en_slot_btz
PR-TLLOC-ACP-TOLH1,ACOPLADO-TOLVA HIDRAULICA 1 | Grupo: PR-TLLOC-ACP-TOLH1,402797,32e5720f-4901-48e3-8bc1-287fb1eaae75-0006256d,PR > PR-TLLOC-LGC-TALLER OBRA CIVIL > PR-TLLOC-LGC-GENERAL > PR-TLLOC-ACP-CAR3,contenedor_por_scoring,,asociado_a_contenedor,SI,btz_description_08,escrito_en_slot_btz
PR-TLLOC-VNT-AXI02,VENTILADOR DE 350MM AXIAL | Grupo: PR-TLLOC-VNT-AXI02,377142,f26b48f9-0279-47cf-b5b3-6772136bf76f-0005c136,PR > PR-TLLOC-LGC-TALLER OBRA CIVIL > PR-TLLOC-LGC-GENERAL > PR-TLLOC-VNT-AXI01,contenedor_por_scoring,,asociado_a_contenedor,SI,btz_description_05,escrito_en_slot_btz
PR-TLLOC-VNT-AXI03,VENTILADOR DE 350MM AXIAL | Grupo: PR-TLLOC-VNT-AXI03,377142,f26b48f9-0279-47cf-b5b3-6772136bf76f-0005c136,PR > PR-TLLOC-LGC-TALLER OBRA CIVIL > PR-TLLOC-LGC-GENERAL > PR-TLLOC-VNT-AXI01,contenedor_por_scoring,,asociado_a_contenedor,SI,btz_description_06,escrito_en_slot_btz
PR-VPR1-VNT-VTF,VENTILADOR TIRO FORZADO (VTF) SALCOR | Grupo: PR-VNT VTF,372022,c1b86e07-db16-4679-93c3-323d244a69e5-0005ad36,PR > PR-VPR1-LGC-VAPOR 1 > PR-VPR1-LGC-FILTRO PRECIPITADOR ELECTROESTATICO > PR-VPR1-VNT-VPH,contenedor_por_scoring,,asociado_a_contenedor,SI,btz_description_05,escrito_en_slot_btz
PR-VPR1-VNT-VTI,VENTILADOR TIRO INDUCIDO (VTI) SALCOR | Grupo: PR-VNT VTI,372022,c1b86e07-db16-4679-93c3-323d244a69e5-0005ad36,PR > PR-VPR1-LGC-VAPOR 1 > PR-VPR1-LGC-FILTRO PRECIPITADOR ELECTROESTATICO > PR-VPR1-VNT-VPH,contenedor_por_scoring,,asociado_a_contenedor,SI,btz_description_06,escrito_en_slot_btz
PR-VPR1-VNT-VTU,VENTILADOR TURBULENCIA - SALCOR | Grupo: PR-VNT VTU,372022,c1b86e07-db16-4679-93c3-323d244a69e5-0005ad36,PR > PR-VPR1-LGC-VAPOR 1 > PR-VPR1-LGC-FILTRO PRECIPITADOR ELECTROESTATICO > PR-VPR1-VNT-VPH,contenedor_por_scoring,,asociado_a_contenedor,SI,btz_description_07,escrito_en_slot_btz
PR-VPR1-VNT-VTFC3,VENTILADOR TIRO FORZADO CALD. 3 (VTF) | Grupo: PR-VNT VTFC3,372022,c1b86e07-db16-4679-93c3-323d244a69e5-0005ad36,PR > PR-VPR1-LGC-VAPOR 1 > PR-VPR1-LGC-FILTRO PRECIPITADOR ELECTROESTATICO > PR-VPR1-VNT-VPH,contenedor_por_scoring,,asociado_a_contenedor,SI,btz_description_08,escrito_en_slot_btz
PR-VPR1-VNT-VTIF,VENTILADOR TIRO INDUCIDO FILTRO (VTI) | Grupo: PR-VNT VTI,372022,c1b86e07-db16-4679-93c3-323d244a69e5-0005ad36,PR > PR-VPR1-LGC-VAPOR 1 > PR-VPR1-LGC-FILTRO PRECIPITADOR ELECTROESTATICO > PR-VPR1-VNT-VPH,contenedor_por_scoring,,asociado_a_contenedor,SI,btz_description_09,escrito_en_slot_btz
PR-VPR2-FLT-EFO,FILTROS ENTRADA FUEL-OIL | Grupo: PR-FLT EFO,394320,a76015c2-c6f4-4057-9a15-5a3acb8b5871-00060450,PR > PR-VPR2-LGC-VAPOR2 > PR-VPR2-LGC-GENERAL,contenedor_por_scoring,,asociado_a_contenedor,SI,btz_description_04,escrito_en_slot_btz
PR-VPR2-FLT-SFO,FILTROS SALIDA FUEL-OIL | Grupo: PR-FLT SFO,394320,a76015c2-c6f4-4057-9a15-5a3acb8b5871-00060450,PR > PR-VPR2-LGC-VAPOR2 > PR-VPR2-LGC-GENERAL,contenedor_por_scoring,,asociado_a_contenedor,SI,btz_description_05,escrito_en_slot_btz
PR-VPR2-BMB-PAPQ,BOMBA PASCAL PROD.QUIMICOS | Grupo: PR-BMB PRQ,394320,a76015c2-c6f4-4057-9a15-5a3acb8b5871-00060450,PR > PR-VPR2-LGC-VAPOR2 > PR-VPR2-LGC-GENERAL,contenedor_por_ancestro_project,PR-VPR2-LGC-VAPOR2,asociado_a_contenedor,SI,btz_description_06,escrito_en_slot_btz
PR-VPR2-CLD-RCC2,CALDERA RICCA Nº 2 | Grupo: PR-CLD RCC,394320,a76015c2-c6f4-4057-9a15-5a3acb8b5871-00060450,PR > PR-VPR2-LGC-VAPOR2 > PR-VPR2-LGC-GENERAL,contenedor_por_ancestro_project,PR-VPR2-LGC-VAPOR2,asociado_a_contenedor,SI,btz_description_07,escrito_en_slot_btz
PR-VPR2-BMB-AGU4,BOMBA ALIMENTACION AGUA Nº 4 | Grupo: PR-BMB ALM 4,394320,a76015c2-c6f4-4057-9a15-5a3acb8b5871-00060450,PR > PR-VPR2-LGC-VAPOR2 > PR-VPR2-LGC-GENERAL,contenedor_por_ancestro_project,PR-VPR2-LGC-VAPOR2,asociado_a_contenedor,SI,btz_description_08,escrito_en_slot_btz
PR-VPR2-CIL-CDCHCR,CILINDRO DUCTO CHIMENEA CALDERA RICCA | Grupo: PR-CIL DCR,394320,a76015c2-c6f4-4057-9a15-5a3acb8b5871-00060450,PR > PR-VPR2-LGC-VAPOR2 > PR-VPR2-LGC-GENERAL,contenedor_por_ancestro_project,PR-VPR2-LGC-VAPOR2,asociado_a_contenedor,SI,btz_description_09,escrito_en_slot_btz
PR-VPR2-CIL-TCHCR,CILINDRO TAPA CHIMENEA CALDERA RICCA | Grupo: PR-CIL TCR,394320,a76015c2-c6f4-4057-9a15-5a3acb8b5871-00060450,PR > PR-VPR2-LGC-VAPOR2 > PR-VPR2-LGC-GENERAL,contenedor_por_ancestro_project,PR-VPR2-LGC-VAPOR2,asociado_a_contenedor,SI,btz_description_10,escrito_en_slot_btz
PR-VPR2-ECN-EXT1,ECONOMIZADOR EXTERNO 1 | Grupo: PR-ECN EXT1,394320,a76015c2-c6f4-4057-9a15-5a3acb8b5871-00060450,PR > PR-VPR2-LGC-VAPOR2 > PR-VPR2-LGC-GENERAL,contenedor_por_ancestro_project,PR-VPR2-LGC-VAPOR2,asociado_a_contenedor,SI,btz_description_11,escrito_en_slot_btz
PR-VPR2-ECN-INT2,ECONOMIZADOR INTERNO  2 | Grupo: PR-ECN INT 2,394320,a76015c2-c6f4-4057-9a15-5a3acb8b5871-00060450,PR > PR-VPR2-LGC-VAPOR2 > PR-VPR2-LGC-GENERAL,contenedor_por_ancestro_project,PR-VPR2-LGC-VAPOR2,asociado_a_contenedor,SI,btz_description_12,escrito_en_slot_btz
PR-VPR2-MLT-1SUR,MULTICLONES Nº1 <SUR> | Grupo: PR-MLT,394320,a76015c2-c6f4-4057-9a15-5a3acb8b5871-00060450,PR > PR-VPR2-LGC-VAPOR2 > PR-VPR2-LGC-GENERAL,contenedor_por_ancestro_project,PR-VPR2-LGC-VAPOR2,asociado_a_contenedor,SI,btz_description_13,escrito_en_slot_btz
PR-VPR2-MLT-2NOR,MULTICLONES Nº2 <NORTE> | Grupo: PR-MLT,394320,a76015c2-c6f4-4057-9a15-5a3acb8b5871-00060450,PR > PR-VPR2-LGC-VAPOR2 > PR-VPR2-LGC-GENERAL,contenedor_por_ancestro_project,PR-VPR2-LGC-VAPOR2,asociado_a_contenedor,SI,btz_description_14,escrito_en_slot_btz
PR-VPR2-RDL-RCCR02,REDLER DE CENIZA 02 INCLINADA | Grupo: PR-VPR2-RDL-RCCR02,394320,a76015c2-c6f4-4057-9a15-5a3acb8b5871-00060450,PR > PR-VPR2-LGC-VAPOR2 > PR-VPR2-LGC-GENERAL,contenedor_por_ancestro_project,PR-VPR2-LGC-VAPOR2,asociado_a_contenedor,SI,btz_description_15,escrito_en_slot_btz
PR-VPR2-SPL-RE01,SOPLADOR RETRACTIL Nº 1 <ESTE> SOBRECALENTADOR CONVECTIVO MARCA DIAMOND | Grupo: PR-SPL  RET,394320,a76015c2-c6f4-4057-9a15-5a3acb8b5871-00060450,PR > PR-VPR2-LGC-VAPOR2 > PR-VPR2-LGC-GENERAL,contenedor_por_ancestro_project,PR-VPR2-LGC-VAPOR2,asociado_a_contenedor,SI,btz_description_16,escrito_en_slot_btz
PR-VPR2-SPL-RE02,SOPLADOR RETRACTIL Nº 2 <ESTE> SOBRECALENTADOR RADIANTE MARCA DIAMOND | Grupo: PR-SPL  RET,394320,a76015c2-c6f4-4057-9a15-5a3acb8b5871-00060450,PR > PR-VPR2-LGC-VAPOR2 > PR-VPR2-LGC-GENERAL,contenedor_por_ancestro_project,PR-VPR2-LGC-VAPOR2,asociado_a_contenedor,SI,btz_description_17,escrito_en_slot_btz
PR-VPR2-SPL-RE03,SOPLADOR RETRACTIL Nº 3 <OESTE> | Grupo: PR-SPL  RET,394320,a76015c2-c6f4-4057-9a15-5a3acb8b5871-00060450,PR > PR-VPR2-LGC-VAPOR2 > PR-VPR2-LGC-GENERAL,contenedor_por_ancestro_project,PR-VPR2-LGC-VAPOR2,asociado_a_contenedor,SI,btz_description_18,escrito_en_slot_btz
PR-VPR2-SPL-RE14,SOPLADOR RETRACTIL Nº 14 <ESTE> CAMARA TORSIONAL LONGITUDINAL MARCA DIAMOND | Grupo: PR-SPL  RET,394320,a76015c2-c6f4-4057-9a15-5a3acb8b5871-00060450,PR > PR-VPR2-LGC-VAPOR2 > PR-VPR2-LGC-GENERAL,contenedor_por_ancestro_project,PR-VPR2-LGC-VAPOR2,asociado_a_contenedor,SI,btz_description_19,escrito_en_slot_btz
PR-VPR2-SPL-RE15,SOPLADOR RETRACTIL Nº 15 <SUR> CAMARA TORSIONAL TRANSVERSAL MARCA PROMOEN | Grupo: PR-SPL  RET,394320,a76015c2-c6f4-4057-9a15-5a3acb8b5871-00060450,PR > PR-VPR2-LGC-VAPOR2 > PR-VPR2-LGC-GENERAL,contenedor_por_ancestro_project,PR-VPR2-LGC-VAPOR2,asociado_a_contenedor,SI,btz_description_20,escrito_en_slot_btz
PR-VPR2-SPL-RE16,SOPLADOR RETRACTIL Nº 16 <ESTE> ENTRE SOBRECALENTADOR RADIANTE CONVENCTIVO INFERIOR MARCA PROMOEN | Grupo: PR-SPL  RET,394320,a76015c2-c6f4-4057-9a15-5a3acb8b5871-00060450,PR > PR-VPR2-LGC-VAPOR2 > PR-VPR2-LGC-GENERAL,contenedor_por_ancestro_project,PR-VPR2-LGC-VAPOR2,asociado_a_contenedor,SI,btz_description_21,escrito_en_slot_btz
PR-VPR2-SPL-RE17,SOPLADOR RETRACTIL Nº 17 <ESTE> LADO NORTE SUPERIOR SOBRECALENTADOR RADIANTE MARCA PROMOEN | Grupo: PR-SPL  RET,394320,a76015c2-c6f4-4057-9a15-5a3acb8b5871-00060450,PR > PR-VPR2-LGC-VAPOR2 > PR-VPR2-LGC-GENERAL,contenedor_por_ancestro_project,PR-VPR2-LGC-VAPOR2,asociado_a_contenedor,SI,btz_description_22,escrito_en_slot_btz
PR-VPR2-SPL-RE18,SOPLADOR RETRACTIL Nº 18 <ESTE> LADO NORTE SUPERIOR SOBRECALENTADOR RADIANTE MARCA PROMOEN | Grupo: PR-SPL  RET,394320,a76015c2-c6f4-4057-9a15-5a3acb8b5871-00060450,PR > PR-VPR2-LGC-VAPOR2 > PR-VPR2-LGC-GENERAL,contenedor_por_ancestro_project,PR-VPR2-LGC-VAPOR2,asociado_a_contenedor,SI,btz_description_23,escrito_en_slot_btz
PR-VPR2-SPL-ROT04,SOPLADOR ROTATIVO Nº 4 <OESTE> HAZ CONVECTIVO | Grupo: PR-SPL ROT,394320,a76015c2-c6f4-4057-9a15-5a3acb8b5871-00060450,PR > PR-VPR2-LGC-VAPOR2 > PR-VPR2-LGC-GENERAL,contenedor_por_ancestro_project,PR-VPR2-LGC-VAPOR2,asociado_a_contenedor,SI,btz_description_24,escrito_en_slot_btz
PR-VPR2-SPL-ROT05,SOPLADOR ROTATIVO Nº 5  <OESTE> HAZ CONVECTIVO | Grupo: PR-SPL ROT,394320,a76015c2-c6f4-4057-9a15-5a3acb8b5871-00060450,PR > PR-VPR2-LGC-VAPOR2 > PR-VPR2-LGC-GENERAL,contenedor_por_ancestro_project,PR-VPR2-LGC-VAPOR2,asociado_a_contenedor,SI,btz_description_25,escrito_en_slot_btz
PR-VPR2-SPL-ROT06,SOPLADOR ROTATIVO Nº 6  <OESTE> SALIDA HAZ CONVECTIVO | Grupo: PR-SPL ROT,394320,a76015c2-c6f4-4057-9a15-5a3acb8b5871-00060450,PR > PR-VPR2-LGC-VAPOR2 > PR-VPR2-LGC-GENERAL,contenedor_por_ancestro_project,PR-VPR2-LGC-VAPOR2,asociado_a_contenedor,SI,btz_description_26,escrito_en_slot_btz
PR-VPR2-SPL-ROT07,SOPLADOR ROTATIVO Nº 7  <OESTE> ENTRADA ECONOMIZADOR 1 MARCA PROMOEN | Grupo: PR-SPL ROT,394320,a76015c2-c6f4-4057-9a15-5a3acb8b5871-00060450,PR > PR-VPR2-LGC-VAPOR2 > PR-VPR2-LGC-GENERAL,contenedor_por_ancestro_project,PR-VPR2-LGC-VAPOR2,asociado_a_contenedor,SI,btz_description_27,escrito_en_slot_btz
PR-VPR2-SPL-ROT08,SOPLADOR ROTATIVO Nº 8  <OESTE> ENTRADA ECONOMIZADOR 1 MARCA PROMOEN | Grupo: PR-SPL ROT,394320,a76015c2-c6f4-4057-9a15-5a3acb8b5871-00060450,PR > PR-VPR2-LGC-VAPOR2 > PR-VPR2-LGC-GENERAL,contenedor_por_ancestro_project,PR-VPR2-LGC-VAPOR2,asociado_a_contenedor,SI,btz_description_28,escrito_en_slot_btz
PR-VPR2-SPL-ROT09,SOPLADOR ROTATIVO Nº 9 <OESTE> ENTRADA ECONOMIZADOR 1 MARCA PROMOEN | Grupo: PR-SPL ROT,394320,a76015c2-c6f4-4057-9a15-5a3acb8b5871-00060450,PR > PR-VPR2-LGC-VAPOR2 > PR-VPR2-LGC-GENERAL,contenedor_por_ancestro_project,PR-VPR2-LGC-VAPOR2,asociado_a_contenedor,SI,btz_description_29,escrito_en_slot_btz
PR-VPR2-SPL-ROT10,SOPLADOR ROTATIVO Nº 10 <ESTE> ECONOMIZADOR 2 SUPERIOR | Grupo: PR-SPL ROT,394320,a76015c2-c6f4-4057-9a15-5a3acb8b5871-00060450,PR > PR-VPR2-LGC-VAPOR2 > PR-VPR2-LGC-GENERAL,contenedor_por_ancestro_project,PR-VPR2-LGC-VAPOR2,asociado_a_contenedor,SI,btz_description_30,escrito_en_slot_btz
PR-VPR2-SPL-ROT11,SOPLADOR ROTATIVO Nº 11 <OESTE> ECONOMIZADOR 2 SUPERIOR | Grupo: PR-SPL ROT,394320,a76015c2-c6f4-4057-9a15-5a3acb8b5871-00060450,PR > PR-VPR2-LGC-VAPOR2 > PR-VPR2-LGC-GENERAL,contenedor_por_ancestro_project,PR-VPR2-LGC-VAPOR2,asociado_a_contenedor,SI,btz_description_31,escrito_en_slot_btz
PR-VPR2-SPL-ROT12,SOPLADOR ROTATIVO Nº 12 <ESTE> ECONOMIZADOR 2 INFERIOR | Grupo: PR-SPL ROT,394320,a76015c2-c6f4-4057-9a15-5a3acb8b5871-00060450,PR > PR-VPR2-LGC-VAPOR2 > PR-VPR2-LGC-GENERAL,contenedor_por_ancestro_project,PR-VPR2-LGC-VAPOR2,asociado_a_contenedor,SI,btz_description_32,escrito_en_slot_btz
PR-VPR2-SPL-ROT13,SOPLADOR ROTATIVO Nº 13 <OESTE> ECONOMIZADOR 2 INFERIOR | Grupo: PR-SPL ROT,394320,a76015c2-c6f4-4057-9a15-5a3acb8b5871-00060450,PR > PR-VPR2-LGC-VAPOR2 > PR-VPR2-LGC-GENERAL,contenedor_por_ancestro_project,PR-VPR2-LGC-VAPOR2,asociado_a_contenedor,SI,btz_description_33,escrito_en_slot_btz
PR-VPR2-SPR-GOT,SEPARADOR DE GOTAS | Grupo: PR-SPR GOT,394320,a76015c2-c6f4-4057-9a15-5a3acb8b5871-00060450,PR > PR-VPR2-LGC-VAPOR2 > PR-VPR2-LGC-GENERAL,contenedor_por_ancestro_project,PR-VPR2-LGC-VAPOR2,asociado_a_contenedor,SI,btz_description_34,escrito_en_slot_btz
PR-VPR2-VLV-APEC,VALVULA NEUMATICA APORTE ENTRE CALDERAS | Grupo: PR-VLV APEC,394320,a76015c2-c6f4-4057-9a15-5a3acb8b5871-00060450,PR > PR-VPR2-LGC-VAPOR2 > PR-VPR2-LGC-GENERAL,contenedor_por_ancestro_project,PR-VPR2-LGC-VAPOR2,asociado_a_contenedor,SI,btz_description_35,escrito_en_slot_btz
PR-VPR2-VLV-EACR,VALVULA MODULADORA DE AGUA ENTRADA CALDERA RICCA | Grupo: PR-VLV MOD,394320,a76015c2-c6f4-4057-9a15-5a3acb8b5871-00060450,PR > PR-VPR2-LGC-VAPOR2 > PR-VPR2-LGC-GENERAL,contenedor_por_ancestro_project,PR-VPR2-LGC-VAPOR2,asociado_a_contenedor,SI,btz_description_36,escrito_en_slot_btz
PR-VPR2-VLV-PCV-201,VALVULA AUTORREGULADORA DE GAS | Grupo: PR-VLV ARR,394320,a76015c2-c6f4-4057-9a15-5a3acb8b5871-00060450,PR > PR-VPR2-LGC-VAPOR2 > PR-VPR2-LGC-GENERAL,contenedor_por_ancestro_project,PR-VPR2-LGC-VAPOR2,asociado_a_contenedor,SI,btz_description_37,escrito_en_slot_btz
PR-VPR2-VLV-PCV-203,VALVULA MODULADORA DE GAS | Grupo: PR-VLV MG,394320,a76015c2-c6f4-4057-9a15-5a3acb8b5871-00060450,PR > PR-VPR2-LGC-VAPOR2 > PR-VPR2-LGC-GENERAL,contenedor_por_ancestro_project,PR-VPR2-LGC-VAPOR2,asociado_a_contenedor,SI,btz_description_38,escrito_en_slot_btz
PR-VPR2-VLV-PCV-VSCCR,VALVULA NEUMATICA VENTEO SOBRECALENTADOR RICCA | Grupo: PR-VLV-PCV-VSCCR,394320,a76015c2-c6f4-4057-9a15-5a3acb8b5871-00060450,PR > PR-VPR2-LGC-VAPOR2 > PR-VPR2-LGC-GENERAL,contenedor_por_ancestro_project,PR-VPR2-LGC-VAPOR2,asociado_a_contenedor,SI,btz_description_39,escrito_en_slot_btz
PR-VPR2-VLV-SDECR,VALVULA DE SEGURIDAD DOMO <ESTE> | Grupo: PR-VLV SEG,394320,a76015c2-c6f4-4057-9a15-5a3acb8b5871-00060450,PR > PR-VPR2-LGC-VAPOR2 > PR-VPR2-LGC-GENERAL,contenedor_por_ancestro_project,PR-VPR2-LGC-VAPOR2,asociado_a_contenedor,SI,btz_description_40,escrito_en_slot_btz
PR-VPR2-VLV-SDOCR,VALVULA DE SEGURIDAD DOMO <OESTE> | Grupo: PR-VLV SEG,394320,a76015c2-c6f4-4057-9a15-5a3acb8b5871-00060450,PR > PR-VPR2-LGC-VAPOR2 > PR-VPR2-LGC-GENERAL,contenedor_por_ancestro_project,PR-VPR2-LGC-VAPOR2,asociado_a_contenedor,SI,btz_description_41,escrito_en_slot_btz
PR-VPR2-VLV-SGPR,VALVULA DE SEGURIDAD DE GAS PILOTO CALDERA RICCA | Grupo: PR-VLV SGP,394320,a76015c2-c6f4-4057-9a15-5a3acb8b5871-00060450,PR > PR-VPR2-LGC-VAPOR2 > PR-VPR2-LGC-GENERAL,contenedor_por_ancestro_project,PR-VPR2-LGC-VAPOR2,asociado_a_contenedor,SI,btz_description_42,escrito_en_slot_btz
PR-VPR2-VLV-SGR,VALVULA DE SEGURIDAD DE GAS CALDERA RICCA | Grupo: PR-VLV SGC,394320,a76015c2-c6f4-4057-9a15-5a3acb8b5871-00060450,PR > PR-VPR2-LGC-VAPOR2 > PR-VPR2-LGC-GENERAL,contenedor_por_ancestro_project,PR-VPR2-LGC-VAPOR2,asociado_a_contenedor,SI,btz_description_43,escrito_en_slot_btz
PR-VPR2-VLV-SSCCR,VALVULA DE SEGURIDAD SOBRECALENTADOR | Grupo: PR-VLV SSC,394320,a76015c2-c6f4-4057-9a15-5a3acb8b5871-00060450,PR > PR-VPR2-LGC-VAPOR2 > PR-VPR2-LGC-GENERAL,contenedor_por_ancestro_project,PR-VPR2-LGC-VAPOR2,asociado_a_contenedor,SI,btz_description_44,escrito_en_slot_btz
PR-VPR2-VLV-TCV-3,"VALVULA NEUMATICA MODULADORA DE VAPOR ATEMPERADOR LINEA DE 3,5 BAR CALDERA RICCA | Grupo: PR-VLV MOD VP",394320,a76015c2-c6f4-4057-9a15-5a3acb8b5871-00060450,PR > PR-VPR2-LGC-VAPOR2 > PR-VPR2-LGC-GENERAL,contenedor_por_ancestro_project,PR-VPR2-LGC-VAPOR2,asociado_a_contenedor,SI,btz_description_45,escrito_en_slot_btz
PR-VPR2-VLV-TCV-45,VALVULA NEUMATICA MODULADORA DE VAPOR ATEMPERACION LINEA 45KG/CM2 CALDERA RICCA | Grupo: PR-VLV MOD VP 45,394320,a76015c2-c6f4-4057-9a15-5a3acb8b5871-00060450,PR > PR-VPR2-LGC-VAPOR2 > PR-VPR2-LGC-GENERAL,contenedor_por_ancestro_project,PR-VPR2-LGC-VAPOR2,asociado_a_contenedor,SI,btz_description_46,escrito_en_slot_btz
PR-VPR2-VLV-VBCR,VALVULA DE BLOQUEO CALDERA RICCA | Grupo: PR-VLV BLQ RICCA,394320,a76015c2-c6f4-4057-9a15-5a3acb8b5871-00060450,PR > PR-VPR2-LGC-VAPOR2 > PR-VPR2-LGC-GENERAL,contenedor_por_ancestro_project,PR-VPR2-LGC-VAPOR2,asociado_a_contenedor,SI,btz_description_47,escrito_en_slot_btz
PR-VPR2-VLV-VRCR1,VALVULA ROTATIVA CENIZA Nº1 | Grupo: PR-VLV CEN,394320,a76015c2-c6f4-4057-9a15-5a3acb8b5871-00060450,PR > PR-VPR2-LGC-VAPOR2 > PR-VPR2-LGC-GENERAL,contenedor_por_ancestro_project,PR-VPR2-LGC-VAPOR2,asociado_a_contenedor,SI,btz_description_48,escrito_en_slot_btz
PR-VPR2-VLV-VRCR3,VALVULA ROTATIVA CENIZA Nº3 | Grupo: PR-VLV CEN,394320,a76015c2-c6f4-4057-9a15-5a3acb8b5871-00060450,PR > PR-VPR2-LGC-VAPOR2 > PR-VPR2-LGC-GENERAL,contenedor_por_ancestro_project,PR-VPR2-LGC-VAPOR2,asociado_a_contenedor,SI,btz_description_49,escrito_en_slot_btz
PR-VPR2-VLV-VRCR4,VALVULA ROTATIVA CENIZA Nº4 | Grupo: PR-VLV CEN,394320,a76015c2-c6f4-4057-9a15-5a3acb8b5871-00060450,PR > PR-VPR2-LGC-VAPOR2 > PR-VPR2-LGC-GENERAL,contenedor_por_ancestro_project,PR-VPR2-LGC-VAPOR2,asociado_a_contenedor,SI,btz_description_50,escrito_en_slot_btz
PR-VPR2-VNT-VCAS,VENTILADOR CASCARA A CAMARA | Grupo: PR-VNT CAS,394320,a76015c2-c6f4-4057-9a15-5a3acb8b5871-00060450,PR > PR-VPR2-LGC-VAPOR2 > PR-VPR2-LGC-GENERAL,contenedor_por_ancestro_project,PR-VPR2-LGC-VAPOR2,asociado_a_contenedor,SI,btz_description_51,escrito_en_slot_btz
PR-VPR2-VNT-VTF,VENTILADOR TIRO FORZADO (VTF) RICCA | Grupo: PR-VNT VTFR,394320,a76015c2-c6f4-4057-9a15-5a3acb8b5871-00060450,PR > PR-VPR2-LGC-VAPOR2 > PR-VPR2-LGC-GENERAL,contenedor_por_ancestro_project,PR-VPR2-LGC-VAPOR2,asociado_a_contenedor,SI,btz_description_52,escrito_en_slot_btz
PR-VPR2-CIL-VTFCR-01,CILINDRO NEUMATICO VTF CALDERA RICCA | Grupo: PR-CIL VTF,394320,a76015c2-c6f4-4057-9a15-5a3acb8b5871-00060450,PR > PR-VPR2-LGC-VAPOR2 > PR-VPR2-LGC-GENERAL,contenedor_por_ancestro_project,PR-VPR2-LGC-VAPOR2,asociado_a_contenedor,SI,btz_description_53,escrito_en_slot_btz
PR-VPR2-VNT-VTI,VENTILADOR TIRO INDUCIDO (VTI) RICCA | Grupo: PR-VNT VTIR,394320,a76015c2-c6f4-4057-9a15-5a3acb8b5871-00060450,PR > PR-VPR2-LGC-VAPOR2 > PR-VPR2-LGC-GENERAL,contenedor_por_ancestro_project,PR-VPR2-LGC-VAPOR2,asociado_a_contenedor,SI,btz_description_54,escrito_en_slot_btz
PR-VPR2-CIL-VTICR,CILINDRO CONTROL DAMPER VTI CALDERA RICCA | Grupo: PR-CIL VTI,394320,a76015c2-c6f4-4057-9a15-5a3acb8b5871-00060450,PR > PR-VPR2-LGC-VAPOR2 > PR-VPR2-LGC-GENERAL,contenedor_por_ancestro_project,PR-VPR2-LGC-VAPOR2,asociado_a_contenedor,SI,btz_description_55,escrito_en_slot_btz
PR-VPR2-DPS-QUI,DEPOSITO PRODUCTOS QUIMICOS | Grupo: PR-DPS QUI,394320,a76015c2-c6f4-4057-9a15-5a3acb8b5871-00060450,PR > PR-VPR2-LGC-VAPOR2 > PR-VPR2-LGC-GENERAL,contenedor_por_ancestro_project,PR-VPR2-LGC-VAPOR2,asociado_a_contenedor,SI,btz_description_56,escrito_en_slot_btz
PR-VPR2-ENF-PUR,ENFRIADOR DE PURGA CONTINUA | Grupo: PR-ENF PURGA,394320,a76015c2-c6f4-4057-9a15-5a3acb8b5871-00060450,PR > PR-VPR2-LGC-VAPOR2 > PR-VPR2-LGC-GENERAL,contenedor_por_ancestro_project,PR-VPR2-LGC-VAPOR2,asociado_a_contenedor,SI,btz_description_57,escrito_en_slot_btz
PR-VPR2-LGC-ROSCAS,LOGICO ROSCAS | Grupo: PR-LOGICO,394320,a76015c2-c6f4-4057-9a15-5a3acb8b5871-00060450,PR > PR-VPR2-LGC-VAPOR2 > PR-VPR2-LGC-GENERAL,contenedor_por_ancestro_project,PR-VPR2-LGC-VAPOR2,asociado_a_contenedor,SI,btz_description_58,escrito_en_slot_btz
PR-VPR2-RSC-RCCR01,ROSCA HORIZONTAL EXTRACTORA DE CENIZA 01 | Grupo: PR-VPR2-RSC-RCCR01,394320,a76015c2-c6f4-4057-9a15-5a3acb8b5871-00060450,PR > PR-VPR2-LGC-VAPOR2 > PR-VPR2-LGC-GENERAL,contenedor_por_ancestro_project,PR-VPR2-LGC-VAPOR2,asociado_a_contenedor,SI,btz_description_59,escrito_en_slot_btz
PR-VPR2-RSC-RCCR04,ROSCA DE CENIZA Nº 4 | Grupo: PR-VPR2-RSC-RCCR04,394320,a76015c2-c6f4-4057-9a15-5a3acb8b5871-00060450,PR > PR-VPR2-LGC-VAPOR2 > PR-VPR2-LGC-GENERAL,contenedor_por_ancestro_project,PR-VPR2-LGC-VAPOR2,asociado_a_contenedor,SI,btz_description_60,escrito_en_slot_btz
PR-VPR2-RSC-RCCR05,ROSCA DE CENIZA Nº 5 | Grupo: PR-VPR2-RSC-RCCR05,394320,a76015c2-c6f4-4057-9a15-5a3acb8b5871-00060450,PR > PR-VPR2-LGC-VAPOR2 > PR-VPR2-LGC-GENERAL,contenedor_por_ancestro_project,PR-VPR2-LGC-VAPOR2,asociado_a_contenedor,SI,btz_description_61,escrito_en_slot_btz
PR-VPR2-RSC-RCCR06,ROSCA DE CENIZA Nº 6 | Grupo: PR-VPR2-RSC-RCCR06,394320,a76015c2-c6f4-4057-9a15-5a3acb8b5871-00060450,PR > PR-VPR2-LGC-VAPOR2 > PR-VPR2-LGC-GENERAL,contenedor_por_ancestro_project,PR-VPR2-LGC-VAPOR2,asociado_a_contenedor,SI,btz_description_62,escrito_en_slot_btz
PR-VPR2-RSC-RCCR07,ROSCA DE CENIZA Nº 7 | Grupo: PR-VPR2-RSC-RCCR07,394320,a76015c2-c6f4-4057-9a15-5a3acb8b5871-00060450,PR > PR-VPR2-LGC-VAPOR2 > PR-VPR2-LGC-GENERAL,contenedor_por_ancestro_project,PR-VPR2-LGC-VAPOR2,asociado_a_contenedor,SI,btz_description_63,escrito_en_slot_btz
PR-VPR2-RSC-SFC5,ROSCA DE CASCARA Nº 5 | Grupo: PR-VPR2-RSC-SFC5,394320,a76015c2-c6f4-4057-9a15-5a3acb8b5871-00060450,PR > PR-VPR2-LGC-VAPOR2 > PR-VPR2-LGC-GENERAL,contenedor_por_ancestro_project,PR-VPR2-LGC-VAPOR2,asociado_a_contenedor,SI,btz_description_64,escrito_en_slot_btz
PR-VPR2-SLO-CAS1,SILO DE CASCARA Nº 1  (15 TN.) <SUR> | Grupo: PR-SLO CAS1,394320,a76015c2-c6f4-4057-9a15-5a3acb8b5871-00060450,PR > PR-VPR2-LGC-VAPOR2 > PR-VPR2-LGC-GENERAL,contenedor_por_ancestro_project,PR-VPR2-LGC-VAPOR2,asociado_a_contenedor,SI,btz_description_65,escrito_en_slot_btz
PR-VPR2-VLV-VRCC,VALVULA DOSIF. CASCARA Nº 1 | Grupo: PR-VLV DOS,394320,a76015c2-c6f4-4057-9a15-5a3acb8b5871-00060450,PR > PR-VPR2-LGC-VAPOR2 > PR-VPR2-LGC-GENERAL,contenedor_por_ancestro_project,PR-VPR2-LGC-VAPOR2,asociado_a_contenedor,SI,btz_description_66,escrito_en_slot_btz
PR-CCM-LGC-VAPOR2,,386796,95c1af94-5959-437c-80b8-8758c03bcc38-0005e6ec,PR > PR-PLYMP-LGC-PLAYA Y MP > PR-PLYMP-LGC-SILOS CELDA > sala de ccm,contenedor_por_scoring,,asociado_a_contenedor,SI,btz_description_30,escrito_en_slot_btz
PR-CCM-CCM-VPR2,CCM VAPOR 2 | Grupo: PR-CCM-CCM-VPR2,386796,95c1af94-5959-437c-80b8-8758c03bcc38-0005e6ec,PR > PR-PLYMP-LGC-PLAYA Y MP > PR-PLYMP-LGC-SILOS CELDA > sala de ccm,contenedor_por_scoring,,asociado_a_contenedor,SI,btz_description_31,escrito_en_slot_btz
