element_id,unique_id,btz_numero_activo,btz_description_01,btz_description_02,btz_description_03,btz_description_04,btz_description_05,btz_description_06,btz_description_07,btz_description_08,btz_description_09,btz_description_10,btz_description_11,btz_description_12,btz_description_13,btz_description_14,btz_description_15,btz_description_16,btz_description_17,btz_description_18,btz_description_19,btz_description_20,btz_description_21,btz_description_22,btz_description_23,btz_description_24,btz_description_25,btz_description_26,btz_description_27,btz_description_28,btz_description_29,btz_description_30,btz_description_31,btz_description_32,btz_description_33,btz_description_34,btz_description_35,btz_description_36,btz_description_37,btz_description_38,btz_description_39,btz_description_40,btz_description_41,btz_description_42,btz_description_43,btz_description_44,btz_description_45,btz_description_46,btz_description_47,btz_description_48,btz_description_49,btz_description_50,btz_description_51,btz_description_52,btz_description_53,btz_description_54,btz_description_55,btz_description_56,btz_description_57,btz_description_58,btz_description_59,btz_description_60,btz_description_61,btz_description_62,btz_description_63,btz_description_64,btz_description_65,btz_description_66,btz_description_67,btz_description_68,btz_description_69,btz_description_70,btz_description_71,btz_description_72,btz_description_73,btz_description_74,btz_description_75,btz_description_76,btz_description_77,btz_description_78,btz_description_79,btz_description_80,estado_match,estado_confirmacion,observacion,limpiar_valores
175478,d112fcda-fad5-481f-8e37-b7906a02986c-0002ad76,PR-ACT-TNQ-AC01,PR,PR-ACT-LGC-ACEITE,PR-ACT-LGC-TANQUES,PR-ACT-TNQ-AC01,PR-ACT-AGT-TK01,PR-ACT-BMB-CB1,PR-ACT-BMB-DA01,PR-ACT-BMB-DA02,PR-ACT-BMB-DA03,PR-ACT-BMB-DA08,PR-ACT-BMB-DA17,,,,,,,,,,,,,,,,,,,,,,,,,,,,,,,,,,,,,,,,,,,,,,,,,,,,,,,,,,,,,,,,,,,,,,confirmado,confirmado_auto,match_elemento_puntual confirmado desde Project/Revit | hijo Project PR-ACT-AGT-TK01 escrito en btz_description_05 | hijo Project PR-ACT-BMB-CB1 escrito en btz_description_06 | hijo Project PR-ACT-BMB-DA01 escrito en btz_description_07 | hijo Project PR-ACT-BMB-DA02 escrito en btz_description_08 | hijo Project PR-ACT-BMB-DA03 escrito en btz_description_09 | hijo Project PR-ACT-BMB-DA08 escrito en btz_description_10 | hijo Project PR-ACT-BMB-DA17 escrito en btz_description_11,NO
175553,d112fcda-fad5-481f-8e37-b7906a02986c-0002adc1,PR-ACT-TNQ-AC02,PR,PR-ACT-LGC-ACEITE,PR-ACT-LGC-TANQUES,PR-ACT-TNQ-AC02,PR-ACT-AGT-TK02,PR-ACT-BMB-BE01,,,,,,,,,,,,,,,,,,,,,,,,,,,,,,,,,,,,,,,,,,,,,,,,,,,,,,,,,,,,,,,,,,,,,,,,,,,confirmado,confirmado_auto,match_elemento_puntual confirmado desde Project/Revit | hijo Project PR-ACT-AGT-TK02 escrito en btz_description_05 | hijo Project PR-ACT-BMB-BE01 escrito en btz_description_06,NO
156169,379981ba-ab79-4577-9004-ad3cc41f4fee-00026209,PR-ACT-TNQ-AC03,PR,PR-ACT-LGC-ACEITE,PR-ACT-LGC-TANQUES,PR-ACT-TNQ-AC03,PR-ACT-AGT-TK03,,,,,,,,,,,,,,,,,,,,,,,,,,,,,,,,,,,,,,,,,,,,,,,,,,,,,,,,,,,,,,,,,,,,,,,,,,,,confirmado,confirmado_auto,match_elemento_puntual confirmado desde Project/Revit | hijo Project PR-ACT-AGT-TK03 escrito en btz_description_05,NO
156153,379981ba-ab79-4577-9004-ad3cc41f4fee-000261f9,PR-ACT-TNQ-AC04,PR,PR-ACT-LGC-ACEITE,PR-ACT-LGC-TANQUES,PR-ACT-TNQ-AC04,PR-ACT-AGT-TK04,PR-ACT-BMB-DA18,PR-ACT-BMB-DA19,,,,,,,,,,,,,,,,,,,,,,,,,,,,,,,,,,,,,,,,,,,,,,,,,,,,,,,,,,,,,,,,,,,,,,,,,,confirmado,confirmado_auto,match_elemento_puntual confirmado desde Project/Revit | hijo Project PR-ACT-AGT-TK04 escrito en btz_description_05 | hijo Project PR-ACT-BMB-DA18 escrito en btz_description_06 | hijo Project PR-ACT-BMB-DA19 escrito en btz_description_07,NO
156111,379981ba-ab79-4577-9004-ad3cc41f4fee-000261cf,PR-ACT-TNQ-AC05,PR,PR-ACT-LGC-ACEITE,PR-ACT-LGC-TANQUES,PR-ACT-TNQ-AC05,PR-ACT-AGT-TK05,PR-ACT-BMB-DA05,,,,,,,,,,,,,,,,,,,,,,,,,,,,,,,,,,,,,,,,,,,,,,,,,,,,,,,,,,,,,,,,,,,,,,,,,,,confirmado,confirmado_auto,match_elemento_puntual confirmado desde Project/Revit | hijo Project PR-ACT-AGT-TK05 escrito en btz_description_05 | hijo Project PR-ACT-BMB-DA05 escrito en btz_description_06,NO
155128,1192f475-90fc-43d8-a4f8-29b11d73f723-00025df8,PR-ACT-TNQ-AC06,PR,PR-ACT-LGC-ACEITE,PR-ACT-LGC-TANQUES,PR-ACT-TNQ-AC06,PR-ACT-AGT-TK06,PR-ACT-BMB-DA06,PR-ACT-BMB-DA07,,,,,,,,,,,,,,,,,,,,,,,,,,,,,,,,,,,,,,,,,,,,,,,,,,,,,,,,,,,,,,,,,,,,,,,,,,confirmado,confirmado_auto,match_elemento_puntual confirmado desde Project/Revit | hijo Project PR-ACT-AGT-TK06 escrito en btz_description_05 | hijo Project PR-ACT-BMB-DA06 escrito en btz_description_06 | hijo Project PR-ACT-BMB-DA07 escrito en btz_description_07,NO
373548,f26b48f9-0279-47cf-b5b3-6772136bf76f-0005b32c,PR-ACT-TNQ-AC08,PR,PR-ACT-LGC-ACEITE,PR-ACT-LGC-TANQUES,PR-ACT-TNQ-AC08,,,,,,,,,,,,,,,,,,,,,,,,,,,,,,,,,,,,,,,,,,,,,,,,,,,,,,,,,,,,,,,,,,,,,,,,,,,,,confirmado,confirmado_auto,match_elemento_puntual confirmado desde Project/Revit,NO
373704,f26b48f9-0279-47cf-b5b3-6772136bf76f-0005b3c8,PR-ACT-TNQ-AC09,PR,PR-ACT-LGC-ACEITE,PR-ACT-LGC-TANQUES,PR-ACT-TNQ-AC09,PR-ACT-BMB-ELC01,,,,,,,,,,,,,,,,,,,,,,,,,,,,,,,,,,,,,,,,,,,,,,,,,,,,,,,,,,,,,,,,,,,,,,,,,,,,confirmado,confirmado_auto,match_elemento_puntual confirmado desde Project/Revit | hijo Project PR-ACT-BMB-ELC01 escrito en btz_description_05,NO
156127,379981ba-ab79-4577-9004-ad3cc41f4fee-000261df,PR-ACT-TNQ-AC10,PR,PR-ACT-LGC-ACEITE,PR-ACT-LGC-TANQUES,PR-ACT-TNQ-AC10,PR-ACT-AGT-TK10,PR-ACT-BMB-ELC02,,,,,,,,,,,,,,,,,,,,,,,,,,,,,,,,,,,,,,,,,,,,,,,,,,,,,,,,,,,,,,,,,,,,,,,,,,,confirmado,confirmado_auto,match_elemento_puntual confirmado desde Project/Revit | hijo Project PR-ACT-AGT-TK10 escrito en btz_description_05 | hijo Project PR-ACT-BMB-ELC02 escrito en btz_description_06,NO
156246,379981ba-ab79-4577-9004-ad3cc41f4fee-00026256,PR-ACT-TNQ-AC11,PR,PR-ACT-LGC-ACEITE,PR-ACT-LGC-TANQUES,PR-ACT-TNQ-AC11,PR-ACT-AGT-TK11,,,,,,,,,,,,,,,,,,,,,,,,,,,,,,,,,,,,,,,,,,,,,,,,,,,,,,,,,,,,,,,,,,,,,,,,,,,,confirmado,confirmado_auto,match_elemento_puntual confirmado desde Project/Revit | hijo Project PR-ACT-AGT-TK11 escrito en btz_description_05,NO
156228,379981ba-ab79-4577-9004-ad3cc41f4fee-00026244,PR-ACT-TNQ-AC12,PR,PR-ACT-LGC-ACEITE,PR-ACT-LGC-TANQUES,PR-ACT-TNQ-AC12,PR-ACT-AGT-TK12,,,,,,,,,,,,,,,,,,,,,,,,,,,,,,,,,,,,,,,,,,,,,,,,,,,,,,,,,,,,,,,,,,,,,,,,,,,,confirmado,confirmado_auto,match_elemento_puntual confirmado desde Project/Revit | hijo Project PR-ACT-AGT-TK12 escrito en btz_description_05,NO
368306,c1b86e07-db16-4679-93c3-323d244a69e5-00059eb2,PR-ACT-TNQ-AC13,PR,PR-ACT-LGC-ACEITE,PR-ACT-LGC-TANQUES,PR-ACT-TNQ-AC13,PR-ACT-AGT-TK13,,,,,,,,,,,,,,,,,,,,,,,,,,,,,,,,,,,,,,,,,,,,,,,,,,,,,,,,,,,,,,,,,,,,,,,,,,,,confirmado,confirmado_auto,match_elemento_puntual confirmado desde Project/Revit | hijo Project PR-ACT-AGT-TK13 escrito en btz_description_05,NO
369451,c1b86e07-db16-4679-93c3-323d244a69e5-0005a32b,PR-ADM-UPS-UPS2,PR,PR-ADM-LGC-AMINISTRACION,PR-ADM-LGC-GENERAL,PR-ADM-UPS-UPS2,PR-ADM-AIR-ANOR,PR-ADM-AIR-ASUR,PR-ADM-BMB-EXPGO,PR-ADM-BMB-GOIL,PR-ADM-GNR-GEC01,PR-ADM-GNR-JDC60,PR-ADM-TKGO-MNG,PR-ADM-TNQ-GOIL,PR-ADM-VHC-TYTAT,PR-ADM-VHC-TYTDC,PR-ADM-VHC-TYTSW4,,,,,,,,,,,,,,,,,,,,,,,,,,,,,,,,,,,,,,,,,,,,,,,,,,,,,,,,,,,,,,,,,,confirmado,confirmado_auto,match_elemento_puntual confirmado desde Project/Revit | match_elemento_puntual confirmado desde Project/Revit | hijo Project PR-ADM-AIR-ANOR escrito en btz_description_05 | hijo Project PR-ADM-AIR-ASUR escrito en btz_description_06 | hijo Project PR-ADM-BMB-EXPGO escrito en btz_description_07 | hijo Project PR-ADM-BMB-GOIL escrito en btz_description_08 | hijo Project PR-ADM-GNR-GEC01 escrito en btz_description_09 | hijo Project PR-ADM-GNR-JDC60 escrito en btz_description_10 | hijo Project PR-ADM-TKGO-MNG escrito en btz_description_11 | hijo Project PR-ADM-TNQ-GOIL escrito en btz_description_12 | hijo Project PR-ADM-VHC-TYTAT escrito en btz_description_13 | hijo Project PR-ADM-VHC-TYTDC escrito en btz_description_14 | hijo Project PR-ADM-VHC-TYTSW4 escrito en btz_description_15,NO
368900,c1b86e07-db16-4679-93c3-323d244a69e5-0005a104,PR-AGR-SLO-14V,PR,PR-AGR-LGC-REPROCESO,PR-AGR-LGC-SILOS,PR-AGR-SLO-14V,,,,,,,,,,,,,,,,,,,,,,,,,,,,,,,,,,,,,,,,,,,,,,,,,,,,,,,,,,,,,,,,,,,,,,,,,,,,,confirmado,confirmado_auto,match_elemento_puntual confirmado desde Project/Revit,NO
369026,c1b86e07-db16-4679-93c3-323d244a69e5-0005a182,PR-AGR-SLO-15V,PR,PR-AGR-LGC-REPROCESO,PR-AGR-LGC-SILOS,PR-AGR-SLO-15V,,,,,,,,,,,,,,,,,,,,,,,,,,,,,,,,,,,,,,,,,,,,,,,,,,,,,,,,,,,,,,,,,,,,,,,,,,,,,confirmado,confirmado_auto,match_elemento_puntual confirmado desde Project/Revit,NO
166317,e42370da-1003-4b82-9a27-4cb40db2c9bb-000289ad,PR-ALM-ATL-TYT6,PR,PR-ALM-LGC-ALMACEN RICARDONE,PR-ALM-LGC-GENERAL,PR-ALM-ATL-TYT6,,,,,,,,,,,,,,,,,,,,,,,,,,,,,,,,,,,,,,,,,,,,,,,,,,,,,,,,,,,,,,,,,,,,,,,,,,,,,confirmado,confirmado_auto,match_elemento_puntual confirmado desde Project/Revit,NO
386386,95c1af94-5959-437c-80b8-8758c03bcc38-0005e552,PR-EFL-REJ-FPZB,PR,PR-EFL-LGC-EFLUENTES,PR-EFL-LGC-POZO DE BOMBEO EFLUENTES,PR-EFL-REJ-FPZB,,,,,,,,,,,,,,,,,,,,,,,,,,,,,,,,,,,,,,,,,,,,,,,,,,,,,,,,,,,,,,,,,,,,,,,,,,,,,confirmado,confirmado_auto,match_elemento_puntual confirmado desde Project/Revit,NO
383404,78d32039-a934-4204-a849-af0b99e119be-0005d9ac,PR-ENR1-LGC-ENERGIA,PR,PR-ENR1-LGC-ENERGIA 1,PR-ENR1-LGC-GENERAL,PR-ENR1-APM-APMST,PR-ENR1-EQP-ACTB,PR-ENR1-PGR-PGST,PR-ENR1-TRB-SMN,PR-ENR1-VLV-SECTS,PR-ENR1-DPS-ACT,PR-ENR1-ENF-ACT1,PR-ENR1-ENF-ACT2,PR-ENR1-ENF-GNT,PR-ENR1-EXI-GEN,PR-ENR1-EXI-PGEN,PR-ENR1-EXT-VHS,PR-ENR1-FLT-ACT,PR-ENR1-RDC-TUR,PR-ENR1-VLV-12/7,PR-ENR1-VLV-33/12,PR-ENR1-VLV-33/7,PR-ENR1-VLV-BCPTS,PR-ENR1-VLV-BETS,PR-ENR1-VLV-BPFTS,PR-ENR1-VLV-SCPTS,PR-ENR1-VLV-SEXTS,PR-ENR1-VLV-VRV7,,,,,,,,,,,,,,,,,,,,,,,,,,,,,,,,,,,,,,,,,,,,,,,,,,,,,,,confirmado,confirmado_auto,match_elemento_puntual confirmado desde Project/Revit | hijo Project PR-ENR1-APM-APMST escrito en btz_description_04 | hijo Project PR-ENR1-EQP-ACTB escrito en btz_description_05 | hijo Project PR-ENR1-PGR-PGST escrito en btz_description_06 | hijo Project PR-ENR1-TRB-SMN escrito en btz_description_07 | hijo Project PR-ENR1-VLV-SECTS escrito en btz_description_08 | hijo Project PR-ENR1-DPS-ACT escrito en btz_description_09 | hijo Project PR-ENR1-ENF-ACT1 escrito en btz_description_10 | hijo Project PR-ENR1-ENF-ACT2 escrito en btz_description_11 | hijo Project PR-ENR1-ENF-GNT escrito en btz_description_12 | hijo Project PR-ENR1-EXI-GEN escrito en btz_description_13 | hijo Project PR-ENR1-EXI-PGEN escrito en btz_description_14 | hijo Project PR-ENR1-EXT-VHS escrito en btz_description_15 | hijo Project PR-ENR1-FLT-ACT escrito en btz_description_16 | hijo Project PR-ENR1-RDC-TUR escrito en btz_description_17 | hijo Project PR-ENR1-VLV-12/7 escrito en btz_description_18 | hijo Project PR-ENR1-VLV-33/12 escrito en btz_description_19 | hijo Project PR-ENR1-VLV-33/7 escrito en btz_description_20 | hijo Project PR-ENR1-VLV-BCPTS escrito en btz_description_21 | hijo Project PR-ENR1-VLV-BETS escrito en btz_description_22 | hijo Project PR-ENR1-VLV-BPFTS escrito en btz_description_23 | hijo Project PR-ENR1-VLV-SCPTS escrito en btz_description_24 | hijo Project PR-ENR1-VLV-SEXTS escrito en btz_description_25 | hijo Project PR-ENR1-VLV-VRV7 escrito en btz_description_26,NO
394401,a76015c2-c6f4-4057-9a15-5a3acb8b5871-000604a1,PR-ENR2-LGC-ENERGIA,PR,PR-ENR2-LGC-ENERGIA 2,PR-ENR2-LGC-GENERAL,PR-ENR2-CEL-MT6/6,PR-ENR2-SBE-13,PR-ENR2-TRB-FTS,PR-ENR2-ENF-AIR,PR-ENR2-ENF-APL,PR-ENR2-EXI-GEN,PR-ENR2-EYC-VAC,PR-ENR2-FLT-ACT,PR-ENR2-VLV-SE21TFT,PR-ENR2-VLV-SE3.5TFT,PR-ENR2-VLV-VBE3,PR-ENR2-VLV-VBPFTFT,PR-ENR2-VLV-VBSGTFT,PR-ENR2-TRR-ENF3,PR-ENR2-TRR-ENF4,,,,,,,,,,,,,,,,,,,,,,,,,,,,,,,,,,,,,,,,,,,,,,,,,,,,,,,,,,,,,,,confirmado,confirmado_auto,match_elemento_puntual confirmado desde Project/Revit | hijo Project PR-ENR2-CEL-MT6/6 escrito en btz_description_04 | hijo Project PR-ENR2-SBE-13 escrito en btz_description_05 | hijo Project PR-ENR2-TRB-FTS escrito en btz_description_06 | hijo Project PR-ENR2-ENF-AIR escrito en btz_description_07 | hijo Project PR-ENR2-ENF-APL escrito en btz_description_08 | hijo Project PR-ENR2-EXI-GEN escrito en btz_description_09 | hijo Project PR-ENR2-EYC-VAC escrito en btz_description_10 | hijo Project PR-ENR2-FLT-ACT escrito en btz_description_11 | hijo Project PR-ENR2-VLV-SE21TFT escrito en btz_description_12 | hijo Project PR-ENR2-VLV-SE3.5TFT escrito en btz_description_13 | hijo Project PR-ENR2-VLV-VBE3 escrito en btz_description_14 | hijo Project PR-ENR2-VLV-VBPFTFT escrito en btz_description_15 | hijo Project PR-ENR2-VLV-VBSGTFT escrito en btz_description_16 | hijo Project PR-ENR2-TRR-ENF3 escrito en btz_description_17 | hijo Project PR-ENR2-TRR-ENF4 escrito en btz_description_18,NO
262509,6537a3cc-b31c-4ab7-8606-8f606b5b0101-0004016d,PR-EXP-CBN-CBNPI,PR,PR-EXP-LGC-EXPEDICION,PR-EXP-LGC-PREINGRESO,PR-EXP-CBN-CBNPI,PR-EXP-CMR-CMRPI,,,,,,,,,,,,,,,,,,,,,,,,,,,,,,,,,,,,,,,,,,,,,,,,,,,,,,,,,,,,,,,,,,,,,,,,,,,,confirmado,confirmado_auto,match_elemento_puntual confirmado desde Project/Revit | match_elemento_puntual confirmado desde Project/Revit | hijo Project PR-EXP-CMR-CMRPI escrito en btz_description_05,NO
414821,588948db-dff1-4d88-9ae5-3f6f08daf997-00065465,PR-EXT1-LGC-CONDENSADORES,PR,PR-EXT1-LGC-EXTRACCION 1,PR-EXT1-LGC-CONDENSADORES,PR-EXT1-CND-I19,PR-EXT1-BMB-P019,PR-EXT1-EYC-I41/19,PR-EXT1-CND-I19B,PR-EXT1-EYC-I41/19B,PR-EXT1-CND-I20A,PR-EXT1-CND-I20B,PR-EXT1-CND-I20C,PR-EXT1-CND-I20D,,,,,,,,,,,,,,,,,,,,,,,,,,,,,,,,,,,,,,,,,,,,,,,,,,,,,,,,,,,,,,,,,,,,,confirmado,confirmado_auto,match_elemento_puntual confirmado desde Project/Revit | hijo Project PR-EXT1-CND-I19 escrito en btz_description_04 | hijo Project PR-EXT1-BMB-P019 escrito en btz_description_05 | hijo Project PR-EXT1-EYC-I41/19 escrito en btz_description_06 | hijo Project PR-EXT1-CND-I19B escrito en btz_description_07 | hijo Project PR-EXT1-EYC-I41/19B escrito en btz_description_08 | hijo Project PR-EXT1-CND-I20A escrito en btz_description_09 | hijo Project PR-EXT1-CND-I20B escrito en btz_description_10 | hijo Project PR-EXT1-CND-I20C escrito en btz_description_11 | hijo Project PR-EXT1-CND-I20D escrito en btz_description_12,NO
372206,c1b86e07-db16-4679-93c3-323d244a69e5-0005adee,PR-EXT1-LGC-ENFRIADORES,PR,PR-EXT1-LGC-EXTRACCION 1,PR-EXT1-LGC-ENFRIADORES,PR-EXT1-ENF-I181A/B,PR-EXT1-ENF-I581,,,,,,,,,,,,,,,,,,,,,,,,,,,,,,,,,,,,,,,,,,,,,,,,,,,,,,,,,,,,,,,,,,,,,,,,,,,,confirmado,confirmado_auto,match_elemento_puntual confirmado desde Project/Revit | hijo Project PR-EXT1-ENF-I181A/B escrito en btz_description_04 | hijo Project PR-EXT1-ENF-I581 escrito en btz_description_05,NO
380734,78d32039-a934-4204-a849-af0b99e119be-0005cf3e,PR-EXT1-LGC-GRANULADORES,PR,PR-EXT1-LGC-EXTRACCION 1,PR-EXT1-LGC-GRANULADORES,PR-EXT1-ENF-I13,PR-EXT1-CCL-C01,PR-EXT1-VLV-VR01,PR-EXT1-VNT-EH01,PR-EXT1-CCL-C02,PR-EXT1-VLV-VR02,PR-EXT1-VNT-EH02,PR-EXT1-CCL-C03,PR-EXT1-VLV-VR03,PR-EXT1-VNT-EH03,PR-EXT1-CCL-C04,PR-EXT1-VLV-VR04,PR-EXT1-VNT-EH04,PR-EXT1-CCL-C05,PR-EXT1-VLV-VR05,PR-EXT1-VNT-EH05,PR-EXT1-CCL-C06,PR-EXT1-VLV-VR06,PR-EXT1-VNT-EH06,PR-EXT1-CCL-C07,PR-EXT1-VLV-VR07,PR-EXT1-VNT-EH07,PR-EXT1-CCL-C08,PR-EXT1-VLV-VR08,PR-EXT1-VNT-EH08,PR-EXT1-CCL-C09,PR-EXT1-VLV-VR09,PR-EXT1-VNT-EH09,PR-EXT1-CCL-C10,PR-EXT1-VLV-VR10,PR-EXT1-VNT-EH10,PR-EXT1-CCL-C11,PR-EXT1-VLV-VR11,PR-EXT1-VNT-EH11,PR-EXT1-CCL-C12,PR-EXT1-VLV-VR12,PR-EXT1-VNT-EH12,PR-EXT1-CCL-C13,PR-EXT1-VLV-VR13,PR-EXT1-VNT-EH13,PR-EXT1-VLV-SOV-I13,PR-EXT1-GRN-GA01,PR-EXT1-ALM-AG01,PR-EXT1-GRN-GA02,PR-EXT1-ALM-AG02,PR-EXT1-GRN-GA03,PR-EXT1-ALM-AG03,PR-EXT1-GRN-GA04,PR-EXT1-ALM-AG04,PR-EXT1-GRN-GA05,PR-EXT1-ALM-AG05,,,,,,,,,,,,,,,,,,,,,,,,,,,confirmado,confirmado_auto,match_elemento_puntual confirmado desde Project/Revit | hijo Project PR-EXT1-ENF-I13 escrito en btz_description_04 | hijo Project PR-EXT1-CCL-C01 escrito en btz_description_05 | hijo Project PR-EXT1-VLV-VR01 escrito en btz_description_06 | hijo Project PR-EXT1-VNT-EH01 escrito en btz_description_07 | hijo Project PR-EXT1-CCL-C02 escrito en btz_description_08 | hijo Project PR-EXT1-VLV-VR02 escrito en btz_description_09 | hijo Project PR-EXT1-VNT-EH02 escrito en btz_description_10 | hijo Project PR-EXT1-CCL-C03 escrito en btz_description_11 | hijo Project PR-EXT1-VLV-VR03 escrito en btz_description_12 | hijo Project PR-EXT1-VNT-EH03 escrito en btz_description_13 | hijo Project PR-EXT1-CCL-C04 escrito en btz_description_14 | hijo Project PR-EXT1-VLV-VR04 escrito en btz_description_15 | hijo Project PR-EXT1-VNT-EH04 escrito en btz_description_16 | hijo Project PR-EXT1-CCL-C05 escrito en btz_description_17 | hijo Project PR-EXT1-VLV-VR05 escrito en btz_description_18 | hijo Project PR-EXT1-VNT-EH05 escrito en btz_description_19 | hijo Project PR-EXT1-CCL-C06 escrito en btz_description_20 | hijo Project PR-EXT1-VLV-VR06 escrito en btz_description_21 | hijo Project PR-EXT1-VNT-EH06 escrito en btz_description_22 | hijo Project PR-EXT1-CCL-C07 escrito en btz_description_23 | hijo Project PR-EXT1-VLV-VR07 escrito en btz_description_24 | hijo Project PR-EXT1-VNT-EH07 escrito en btz_description_25 | hijo Project PR-EXT1-CCL-C08 escrito en btz_description_26 | hijo Project PR-EXT1-VLV-VR08 escrito en btz_description_27 | hijo Project PR-EXT1-VNT-EH08 escrito en btz_description_28 | hijo Project PR-EXT1-CCL-C09 escrito en btz_description_29 | hijo Project PR-EXT1-VLV-VR09 escrito en btz_description_30 | hijo Project PR-EXT1-VNT-EH09 escrito en btz_description_31 | hijo Project PR-EXT1-CCL-C10 escrito en btz_description_32 | hijo Project PR-EXT1-VLV-VR10 escrito en btz_description_33 | hijo Project PR-EXT1-VNT-EH10 escrito en btz_description_34 | hijo Project PR-EXT1-CCL-C11 escrito en btz_description_35 | hijo Project PR-EXT1-VLV-VR11 escrito en btz_description_36 | hijo Project PR-EXT1-VNT-EH11 escrito en btz_description_37 | hijo Project PR-EXT1-CCL-C12 escrito en btz_description_38 | hijo Project PR-EXT1-VLV-VR12 escrito en btz_description_39 | hijo Project PR-EXT1-VNT-EH12 escrito en btz_description_40 | hijo Project PR-EXT1-CCL-C13 escrito en btz_description_41 | hijo Project PR-EXT1-VLV-VR13 escrito en btz_description_42 | hijo Project PR-EXT1-VNT-EH13 escrito en btz_description_43 | hijo Project PR-EXT1-VLV-SOV-I13 escrito en btz_description_44 | hijo Project PR-EXT1-GRN-GA01 escrito en btz_description_45 | hijo Project PR-EXT1-ALM-AG01 escrito en btz_description_46 | hijo Project PR-EXT1-GRN-GA02 escrito en btz_description_47 | hijo Project PR-EXT1-ALM-AG02 escrito en btz_description_48 | hijo Project PR-EXT1-GRN-GA03 escrito en btz_description_49 | hijo Project PR-EXT1-ALM-AG03 escrito en btz_description_50 | hijo Project PR-EXT1-GRN-GA04 escrito en btz_description_51 | hijo Project PR-EXT1-ALM-AG04 escrito en btz_description_52 | hijo Project PR-EXT1-GRN-GA05 escrito en btz_description_53 | hijo Project PR-EXT1-ALM-AG05 escrito en btz_description_54,NO
414583,588948db-dff1-4d88-9ae5-3f6f08daf997-00065377,PR-EXT1-LGC-TANQUES,PR,PR-EXT1-LGC-EXTRACCION 1,PR-EXT1-LGC-TANQUES,PR-EXT1-TNQ-ACC,PR-EXT1-BMB-ACCR1,PR-EXT1-VLV-FCV-ACC,PR-EXT1-TNQ-I17,PR-EXT1-BMB-P008A,PR-EXT1-BMB-P008B,PR-EXT1-BMB-P017,PR-EXT1-VLV-FLCV-I17,PR-EXT1-TNQ-I32A,PR-EXT1-BMB-P001TS,PR-EXT1-TNQ-I46,PR-EXT1-VLV-SOV-I46,PR-EXT1-TNQ-I537,PR-EXT1-TNQ-I582L,PR-EXT1-BMB-P582L,PR-EXT1-BMB-P582L1,PR-EXT1-VLV-LCV-I582,PR-EXT1-TNQ-I63A,PR-EXT1-BMB-P063,PR-EXT1-BMB-P063/1,PR-EXT1-TNQ-I63B/C,PR-EXT1-TNQ-IPTS1,PR-EXT1-TNQ-LCT,PR-EXT1-AGT-TK,PR-EXT1-TNQ-MAD,PR-EXT1-VLV-FCV-AHD,PR-EXT1-TNQ-RVDT201,PR-EXT1-TNQ-SH01,,,,,,,,,,,,,,,,,,,,,,,,,,,,,,,,,,,,,,,,,,,,,,,,,,confirmado,confirmado_auto,match_elemento_puntual confirmado desde Project/Revit | hijo Project PR-EXT1-TNQ-ACC escrito en btz_description_04 | hijo Project PR-EXT1-BMB-ACCR1 escrito en btz_description_05 | hijo Project PR-EXT1-VLV-FCV-ACC escrito en btz_description_06 | hijo Project PR-EXT1-TNQ-I17 escrito en btz_description_07 | hijo Project PR-EXT1-BMB-P008A escrito en btz_description_08 | hijo Project PR-EXT1-BMB-P008B escrito en btz_description_09 | hijo Project PR-EXT1-BMB-P017 escrito en btz_description_10 | hijo Project PR-EXT1-VLV-FLCV-I17 escrito en btz_description_11 | hijo Project PR-EXT1-TNQ-I32A escrito en btz_description_12 | hijo Project PR-EXT1-BMB-P001TS escrito en btz_description_13 | hijo Project PR-EXT1-TNQ-I46 escrito en btz_description_14 | hijo Project PR-EXT1-VLV-SOV-I46 escrito en btz_description_15 | hijo Project PR-EXT1-TNQ-I537 escrito en btz_description_16 | hijo Project PR-EXT1-TNQ-I582L escrito en btz_description_17 | hijo Project PR-EXT1-BMB-P582L escrito en btz_description_18 | hijo Project PR-EXT1-BMB-P582L1 escrito en btz_description_19 | hijo Project PR-EXT1-VLV-LCV-I582 escrito en btz_description_20 | hijo Project PR-EXT1-TNQ-I63A escrito en btz_description_21 | hijo Project PR-EXT1-BMB-P063 escrito en btz_description_22 | hijo Project PR-EXT1-BMB-P063/1 escrito en btz_description_23 | hijo Project PR-EXT1-TNQ-I63B/C escrito en btz_description_24 | hijo Project PR-EXT1-TNQ-IPTS1 escrito en btz_description_25 | hijo Project PR-EXT1-TNQ-LCT escrito en btz_description_26 | hijo Project PR-EXT1-AGT-TK escrito en btz_description_27 | hijo Project PR-EXT1-TNQ-MAD escrito en btz_description_28 | hijo Project PR-EXT1-VLV-FCV-AHD escrito en btz_description_29 | hijo Project PR-EXT1-TNQ-RVDT201 escrito en btz_description_30 | hijo Project PR-EXT1-TNQ-SH01 escrito en btz_description_31,NO
377236,f26b48f9-0279-47cf-b5b3-6772136bf76f-0005c194,PR-EXT1-VNT-TE01,PR,PR-EXT1-LGC-EXTRACCION 1,PR-EXT1-LGC-TORRE ENFRIAMIENTO SULZER Nº 1,PR-EXT1-VNT-TE01,PR-EXT1-VNT-I136,,,,,,,,,,,,,,,,,,,,,,,,,,,,,,,,,,,,,,,,,,,,,,,,,,,,,,,,,,,,,,,,,,,,,,,,,,,,confirmado,confirmado_auto,match_elemento_puntual confirmado desde Project/Revit | hijo Project PR-EXT1-VNT-I136 escrito en btz_description_05,NO
415162,588948db-dff1-4d88-9ae5-3f6f08daf997-000655ba,PR-EXT2-AGT-TK503B,PR,PR-EXT2-LGC-EXTRACCION 2,PR-EXT2-LGC-GENERAL,PR-EXT2-AGT-TK503B,PR-GRS-AGT-TBR,,,,,,,,,,,,,,,,,,,,,,,,,,,,,,,,,,,,,,,,,,,,,,,,,,,,,,,,,,,,,,,,,,,,,,,,,,,,confirmado,confirmado_auto,match_elemento_puntual confirmado desde Project/Revit | hijo Project PR-GRS-AGT-TBR escrito en btz_description_05,NO
415126,588948db-dff1-4d88-9ae5-3f6f08daf997-00065596,PR-EXT2-BMB-P002A,PR,PR-EXT2-LGC-EXTRACCION 2,PR-EXT2-LGC-EXTRACTOR TAPIZ I-3T,PR-EXT2-BMB-P002A,,,,,,,,,,,,,,,,,,,,,,,,,,,,,,,,,,,,,,,,,,,,,,,,,,,,,,,,,,,,,,,,,,,,,,,,,,,,,confirmado,confirmado_auto,match_elemento_puntual confirmado desde Project/Revit,NO
415140,588948db-dff1-4d88-9ae5-3f6f08daf997-000655a4,PR-EXT2-CND-I20C,PR,PR-EXT2-LGC-EXTRACCION 2,PR-EXT2-LGC-CONDENSADORES,PR-EXT2-CND-I20C,PR-EXT2-CND-I19A,PR-EXT2-BMB-P019,PR-EXT2-EYC-I41/19,PR-EXT2-CND-I19B,PR-EXT2-EYC-I41/19B,PR-EXT2-CND-I20A,PR-EXT2-BMB-P020A,PR-EXT2-CND-I20B,,,,,,,,,,,,,,,,,,,,,,,,,,,,,,,,,,,,,,,,,,,,,,,,,,,,,,,,,,,,,,,,,,,,,confirmado,confirmado_auto,match_elemento_puntual confirmado desde Project/Revit | match_elemento_puntual confirmado desde Project/Revit | hijo Project PR-EXT2-CND-I19A escrito en btz_description_05 | hijo Project PR-EXT2-BMB-P019 escrito en btz_description_06 | hijo Project PR-EXT2-EYC-I41/19 escrito en btz_description_07 | hijo Project PR-EXT2-CND-I19B escrito en btz_description_08 | hijo Project PR-EXT2-EYC-I41/19B escrito en btz_description_09 | hijo Project PR-EXT2-CND-I20A escrito en btz_description_10 | hijo Project PR-EXT2-BMB-P020A escrito en btz_description_11 | hijo Project PR-EXT2-CND-I20B escrito en btz_description_12,NO
394169,a76015c2-c6f4-4057-9a15-5a3acb8b5871-000603b9,PR-EXT2-LGC-ENFRIADORES,PR,PR-EXT2-LGC-EXTRACCION 2,PR-EXT2-LGC-ENFRIADORES,PR-EXT2-ENF-I13,PR-EXT2-ENF-FMAC,PR-EXT2-ENF-I181B,PR-EXT2-ENF-I581,,,,,,,,,,,,,,,,,,,,,,,,,,,,,,,,,,,,,,,,,,,,,,,,,,,,,,,,,,,,,,,,,,,,,,,,,,confirmado,confirmado_auto,match_elemento_puntual confirmado desde Project/Revit | hijo Project PR-EXT2-ENF-I13 escrito en btz_description_04 | hijo Project PR-EXT2-ENF-FMAC escrito en btz_description_05 | hijo Project PR-EXT2-ENF-I181B escrito en btz_description_06 | hijo Project PR-EXT2-ENF-I581 escrito en btz_description_07,NO
414296,588948db-dff1-4d88-9ae5-3f6f08daf997-00065258,PR-EXT2-LGC-GRANULADORES,PR,PR-EXT2-LGC-EXTRACCION 2,PR-EXT2-LGC-GRANULADORES,PR-EXT2-GRN-GA01,PR-EXT2-ALM-AG01,PR-EXT2-GRN-GA02,PR-EXT2-ALM-AG02,PR-EXT2-GRN-GA03,PR-EXT2-ALM-AG03,PR-EXT2-GRN-GA04,PR-EXT2-ALM-AG04,PR-EXT2-GRN-GA05,PR-EXT2-ALM-AG05,,,,,,,,,,,,,,,,,,,,,,,,,,,,,,,,,,,,,,,,,,,,,,,,,,,,,,,,,,,,,,,,,,,,confirmado,confirmado_auto,match_elemento_puntual confirmado desde Project/Revit | hijo Project PR-EXT2-GRN-GA01 escrito en btz_description_04 | hijo Project PR-EXT2-ALM-AG01 escrito en btz_description_05 | hijo Project PR-EXT2-GRN-GA02 escrito en btz_description_06 | hijo Project PR-EXT2-ALM-AG02 escrito en btz_description_07 | hijo Project PR-EXT2-GRN-GA03 escrito en btz_description_08 | hijo Project PR-EXT2-ALM-AG03 escrito en btz_description_09 | hijo Project PR-EXT2-GRN-GA04 escrito en btz_description_10 | hijo Project PR-EXT2-ALM-AG04 escrito en btz_description_11 | hijo Project PR-EXT2-GRN-GA05 escrito en btz_description_12 | hijo Project PR-EXT2-ALM-AG05 escrito en btz_description_13,NO
415133,588948db-dff1-4d88-9ae5-3f6f08daf997-0006559d,PR-EXT2-TNQ-SH02,PR,PR-EXT2-LGC-EXTRACCION 2,PR-EXT2-LGC-TANQUES,PR-EXT2-TNQ-SH02,PR-EXT2-TNQ-FM01,PR-EXT2-AGT-TK01FM,PR-EXT2-BMB-CFM06,PR-EXT2-BMB-CFM08,PR-EXT2-BMB-CFM14,PR-EXT2-TNQ-FM02,PR-EXT2-AGT-TK02FM,PR-EXT2-BMB-CFM10,PR-EXT2-TNQ-FM04,PR-EXT2-AGT-TK04FM,PR-EXT2-TNQ-FM07,PR-EXT2-AGT-TK07FM,PR-EXT2-TNQ-FM15,PR-EXT2-AGT-TK15FM,PR-EXT2-TNQ-FM15B,PR-EXT2-AGT-TK15BFM,PR-EXT2-BMB-CFM27,PR-EXT2-TNQ-FM17,PR-EXT2-BMB-P008,PR-EXT2-TNQ-FM18,PR-EXT2-TNQ-FM21,PR-EXT2-AGT-TK21FM,PR-EXT2-BMB-CFM20,PR-EXT2-TNQ-FM25,PR-EXT2-AGT-TK25FM,PR-EXT2-BMB-CFM26,PR-EXT2-TNQ-FMS2,PR-EXT2-AGT-TKS2FM,PR-EXT2-TNQ-FMS5,PR-EXT2-AGT-TKS5FM,PR-EXT2-BMB-CFM03,PR-EXT2-BMB-CFM03B,PR-EXT2-TNQ-H511,PR-EXT2-BMB-P511,PR-EXT2-TNQ-I32A,PR-EXT2-BMB-P001TS,PR-EXT2-TNQ-I537,PR-EXT2-VLV-LCV-I537,PR-EXT2-TNQ-I582L,PR-EXT2-AGT-TK582,PR-EXT2-BMB-P582L,PR-EXT2-BMB-P582L1,PR-EXT2-BMB-P582L2,PR-EXT2-BMB-P582L3,PR-EXT2-BMB-P582L4,PR-EXT2-BMB-P582L4B,PR-EXT2-BMB-P582L5B,PR-EXT2-BMB-P582L6,,,,,,,,,,,,,,,,,,,,,,,,,,,,,confirmado,confirmado_auto,match_elemento_puntual confirmado desde Project/Revit | match_elemento_puntual confirmado desde Project/Revit | hijo Project PR-EXT2-TNQ-FM01 escrito en btz_description_05 | hijo Project PR-EXT2-AGT-TK01FM escrito en btz_description_06 | hijo Project PR-EXT2-BMB-CFM06 escrito en btz_description_07 | hijo Project PR-EXT2-BMB-CFM08 escrito en btz_description_08 | hijo Project PR-EXT2-BMB-CFM14 escrito en btz_description_09 | hijo Project PR-EXT2-TNQ-FM02 escrito en btz_description_10 | hijo Project PR-EXT2-AGT-TK02FM escrito en btz_description_11 | hijo Project PR-EXT2-BMB-CFM10 escrito en btz_description_12 | hijo Project PR-EXT2-TNQ-FM04 escrito en btz_description_13 | hijo Project PR-EXT2-AGT-TK04FM escrito en btz_description_14 | hijo Project PR-EXT2-TNQ-FM07 escrito en btz_description_15 | hijo Project PR-EXT2-AGT-TK07FM escrito en btz_description_16 | hijo Project PR-EXT2-TNQ-FM15 escrito en btz_description_17 | hijo Project PR-EXT2-AGT-TK15FM escrito en btz_description_18 | hijo Project PR-EXT2-TNQ-FM15B escrito en btz_description_19 | hijo Project PR-EXT2-AGT-TK15BFM escrito en btz_description_20 | hijo Project PR-EXT2-BMB-CFM27 escrito en btz_description_21 | hijo Project PR-EXT2-TNQ-FM17 escrito en btz_description_22 | hijo Project PR-EXT2-BMB-P008 escrito en btz_description_23 | hijo Project PR-EXT2-TNQ-FM18 escrito en btz_description_24 | hijo Project PR-EXT2-TNQ-FM21 escrito en btz_description_25 | hijo Project PR-EXT2-AGT-TK21FM escrito en btz_description_26 | hijo Project PR-EXT2-BMB-CFM20 escrito en btz_description_27 | hijo Project PR-EXT2-TNQ-FM25 escrito en btz_description_28 | hijo Project PR-EXT2-AGT-TK25FM escrito en btz_description_29 | hijo Project PR-EXT2-BMB-CFM26 escrito en btz_description_30 | hijo Project PR-EXT2-TNQ-FMS2 escrito en btz_description_31 | hijo Project PR-EXT2-AGT-TKS2FM escrito en btz_description_32 | hijo Project PR-EXT2-TNQ-FMS5 escrito en btz_description_33 | hijo Project PR-EXT2-AGT-TKS5FM escrito en btz_description_34 | hijo Project PR-EXT2-BMB-CFM03 escrito en btz_description_35 | hijo Project PR-EXT2-BMB-CFM03B escrito en btz_description_36 | hijo Project PR-EXT2-TNQ-H511 escrito en btz_description_37 | hijo Project PR-EXT2-BMB-P511 escrito en btz_description_38 | hijo Project PR-EXT2-TNQ-I32A escrito en btz_description_39 | hijo Project PR-EXT2-BMB-P001TS escrito en btz_description_40 | hijo Project PR-EXT2-TNQ-I537 escrito en btz_description_41 | hijo Project PR-EXT2-VLV-LCV-I537 escrito en btz_description_42 | hijo Project PR-EXT2-TNQ-I582L escrito en btz_description_43 | hijo Project PR-EXT2-AGT-TK582 escrito en btz_description_44 | hijo Project PR-EXT2-BMB-P582L escrito en btz_description_45 | hijo Project PR-EXT2-BMB-P582L1 escrito en btz_description_46 | hijo Project PR-EXT2-BMB-P582L2 escrito en btz_description_47 | hijo Project PR-EXT2-BMB-P582L3 escrito en btz_description_48 | hijo Project PR-EXT2-BMB-P582L4 escrito en btz_description_49 | hijo Project PR-EXT2-BMB-P582L4B escrito en btz_description_50 | hijo Project PR-EXT2-BMB-P582L5B escrito en btz_description_51 | hijo Project PR-EXT2-BMB-P582L6 escrito en btz_description_52,NO
396078,32e5720f-4901-48e3-8bc1-287fb1eaae75-00060b2e,PR-EXT2-BMB-03TE2,PR,PR-EXT2-LGC-EXTRACCION 2,PR-EXT2-LGC-TORRE ENFRIAMIENTO SULZER Nº 2 <OESTE>,PR-EXT2-BMB-03TE2,,,,,,,,,,,,,,,,,,,,,,,,,,,,,,,,,,,,,,,,,,,,,,,,,,,,,,,,,,,,,,,,,,,,,,,,,,,,,confirmado,confirmado_auto,match_elemento_puntual confirmado desde Project/Revit,NO
415151,588948db-dff1-4d88-9ae5-3f6f08daf997-000655af,PR-EXT2-ALM-ATE2,PR,PR-EXT2-LGC-EXTRACCION 2,PR-EXT2-LGC-TOSTER COC. DESOLVENT. I-70,PR-EXT2-ALM-ATE2,,,,,,,,,,,,,,,,,,,,,,,,,,,,,,,,,,,,,,,,,,,,,,,,,,,,,,,,,,,,,,,,,,,,,,,,,,,,,confirmado,confirmado_auto,match_elemento_puntual confirmado desde Project/Revit,NO
369831,c1b86e07-db16-4679-93c3-323d244a69e5-0005a4a7,PR-LAB-VNT-EGCP1,PR,PR-LAB-LGC-LABORATORIO,PR-LAB-LGC-GENERAL,PR-LAB-VNT-EGCP1,PR-LAB-AGT-MAG,PR-LAB-AGT-SED,PR-LAB-BAT-BREC,PR-LAB-BLN-1518,PR-LAB-BLN-2000,PR-LAB-BLN-CAL,PR-LAB-BLN-LAB,PR-LAB-BLN-LCC,PR-LAB-BMB-VAC,PR-LAB-BÑO-TER,PR-LAB-CAL-TRM,PR-LAB-CEN-ROL1,PR-LAB-CEN-ROL2,PR-LAB-CON-ALT,PR-LAB-CRM-6890,PR-LAB-DTR-ION1,PR-LAB-DTR-ION2,PR-LAB-DTR-KJEL,PR-LAB-DTR-SEMI,PR-LAB-ESF-CIE1,PR-LAB-ESF-CIE2,PR-LAB-ESF-FAL,PR-LAB-ESF-SHEL,PR-LAB-ESP-1700,PR-LAB-ESP-325,PR-LAB-EXT-TWI,PR-LAB-HGR-DEL,PR-LAB-HMD-CC,PR-LAB-HMD-TEC,PR-LAB-HRN-MUF,PR-LAB-HRN-PRO,PR-LAB-MCR-OLY,PR-LAB-MLN-ANA,PR-LAB-MLN-ANA1,PR-LAB-MLN-ANAR,PR-LAB-MLN-TEC1,PR-LAB-MLN-TEC2,PR-LAB-MTR-VLM,PR-LAB-PHC-ALT,PR-LAB-PSS-PTR,PR-LAB-RFR-ABBE,PR-LAB-RNC-679,PR-LAB-TNT-LOV,PR-LAB-TRM-EYD,PR-LAB-UPS-UPS1,PR-LAB-VNT-EGCP2,PR-LAB-VNT-EGCP3,PR-LAB-VNT-EGMG,,,,,,,,,,,,,,,,,,,,,,,,,,,,,confirmado,confirmado_auto,match_elemento_puntual confirmado desde Project/Revit | match_elemento_puntual confirmado desde Project/Revit | hijo Project PR-LAB-AGT-MAG escrito en btz_description_05 | hijo Project PR-LAB-AGT-SED escrito en btz_description_06 | hijo Project PR-LAB-BAT-BREC escrito en btz_description_07 | hijo Project PR-LAB-BLN-1518 escrito en btz_description_08 | hijo Project PR-LAB-BLN-2000 escrito en btz_description_09 | hijo Project PR-LAB-BLN-CAL escrito en btz_description_10 | hijo Project PR-LAB-BLN-LAB escrito en btz_description_11 | hijo Project PR-LAB-BLN-LCC escrito en btz_description_12 | hijo Project PR-LAB-BMB-VAC escrito en btz_description_13 | hijo Project PR-LAB-BÑO-TER escrito en btz_description_14 | hijo Project PR-LAB-CAL-TRM escrito en btz_description_15 | hijo Project PR-LAB-CEN-ROL1 escrito en btz_description_16 | hijo Project PR-LAB-CEN-ROL2 escrito en btz_description_17 | hijo Project PR-LAB-CON-ALT escrito en btz_description_18 | hijo Project PR-LAB-CRM-6890 escrito en btz_description_19 | hijo Project PR-LAB-DTR-ION1 escrito en btz_description_20 | hijo Project PR-LAB-DTR-ION2 escrito en btz_description_21 | hijo Project PR-LAB-DTR-KJEL escrito en btz_description_22 | hijo Project PR-LAB-DTR-SEMI escrito en btz_description_23 | hijo Project PR-LAB-ESF-CIE1 escrito en btz_description_24 | hijo Project PR-LAB-ESF-CIE2 escrito en btz_description_25 | hijo Project PR-LAB-ESF-FAL escrito en btz_description_26 | hijo Project PR-LAB-ESF-SHEL escrito en btz_description_27 | hijo Project PR-LAB-ESP-1700 escrito en btz_description_28 | hijo Project PR-LAB-ESP-325 escrito en btz_description_29 | hijo Project PR-LAB-EXT-TWI escrito en btz_description_30 | hijo Project PR-LAB-HGR-DEL escrito en btz_description_31 | hijo Project PR-LAB-HMD-CC escrito en btz_description_32 | hijo Project PR-LAB-HMD-TEC escrito en btz_description_33 | hijo Project PR-LAB-HRN-MUF escrito en btz_description_34 | hijo Project PR-LAB-HRN-PRO escrito en btz_description_35 | hijo Project PR-LAB-MCR-OLY escrito en btz_description_36 | hijo Project PR-LAB-MLN-ANA escrito en btz_description_37 | hijo Project PR-LAB-MLN-ANA1 escrito en btz_description_38 | hijo Project PR-LAB-MLN-ANAR escrito en btz_description_39 | hijo Project PR-LAB-MLN-TEC1 escrito en btz_description_40 | hijo Project PR-LAB-MLN-TEC2 escrito en btz_description_41 | hijo Project PR-LAB-MTR-VLM escrito en btz_description_42 | hijo Project PR-LAB-PHC-ALT escrito en btz_description_43 | hijo Project PR-LAB-PSS-PTR escrito en btz_description_44 | hijo Project PR-LAB-RFR-ABBE escrito en btz_description_45 | hijo Project PR-LAB-RNC-679 escrito en btz_description_46 | hijo Project PR-LAB-TNT-LOV escrito en btz_description_47 | hijo Project PR-LAB-TRM-EYD escrito en btz_description_48 | hijo Project PR-LAB-UPS-UPS1 escrito en btz_description_49 | hijo Project PR-LAB-VNT-EGCP2 escrito en btz_description_50 | hijo Project PR-LAB-VNT-EGCP3 escrito en btz_description_51 | hijo Project PR-LAB-VNT-EGMG escrito en btz_description_52,NO
232169,007165d0-5481-4cac-bfbc-3380881edccc-00038ae9,PR-LCTS-LGC-LECITINA,PR,PR-LCTS-LGC-LECITINA SOJA,PR-LCTS-LGC-GENERAL,PR-LCTS-CLT-CLT01,PR-LCTS-ENF-VTT01,PR-LCTS-EQP-VCO,PR-LCTS-EVP-SEL02,PR-LCTS-VLV-SVEV-LCT,PR-LCTS-HDR-I503,PR-LCTS-LGC-BOMBAS,PR-LCTS-LGC-TANQUES,PR-LCTS-TRR-DEL1,PR-LCTS-TRR-DEL2,,,,,,,,,,,,,,,,,,,,,,,,,,,,,,,,,,,,,,,,,,,,,,,,,,,,,,,,,,,,,,,,,,,,confirmado,confirmado_auto,match_elemento_puntual confirmado desde Project/Revit | hijo Project PR-LCTS-CLT-CLT01 escrito en btz_description_04 | hijo Project PR-LCTS-ENF-VTT01 escrito en btz_description_05 | hijo Project PR-LCTS-EQP-VCO escrito en btz_description_06 | hijo Project PR-LCTS-EVP-SEL02 escrito en btz_description_07 | hijo Project PR-LCTS-VLV-SVEV-LCT escrito en btz_description_08 | hijo Project PR-LCTS-HDR-I503 escrito en btz_description_09 | hijo Project PR-LCTS-LGC-BOMBAS escrito en btz_description_10 | hijo Project PR-LCTS-LGC-TANQUES escrito en btz_description_11 | hijo Project PR-LCTS-TRR-DEL1 escrito en btz_description_12 | hijo Project PR-LCTS-TRR-DEL2 escrito en btz_description_13,NO
232316,007165d0-5481-4cac-bfbc-3380881edccc-00038b7c,PR-PDA-BMB-AGC05,PR,PR-PDA-LGC-PLANTA DE AGUA,PR-PDA-LGC-CISTERNA DE AGUA CLARIFICADA,PR-PDA-BMB-AGC05,PR-PDA-BMB-COR20,PR-PDA-BMB-AGC06,PR-PDA-BMB-AGC07,PR-PDA-BMB-CLR21,PR-PDA-BMB-AGP01,PR-PDA-BMB-AGP02,PR-PDA-BMB-AGP03,PR-PDA-BMB-ACS01,PR-PDA-BMB-AGD03,PR-PDA-BMB-AGD04,PR-PDA-BMB-SOC22,PR-PDA-BMB-SOC23,PR-PDA-BMB-B1AT2,PR-PDA-BMB-B2AT2,PR-PDA-BMB-B3DAD,PR-PDA-BMB-B4DAD,PR-PDA-BMB-BAPH,PR-PDA-BMB-AGC04,PR-PDA-BMB-AGC01,PR-PDA-BMB-AGA01,PR-PDA-BMB-AGC02,PR-PDA-BMB-AGA02,PR-PDA-BMB-AGC03,PR-PDA-BMB-AGA03,,,,,,,,,,,,,,,,,,,,,,,,,,,,,,,,,,,,,,,,,,,,,,,,,,,,,confirmado,confirmado_auto,match_elemento_puntual confirmado desde Project/Revit | hijo Project PR-PDA-BMB-COR20 escrito en btz_description_05 | hijo Project PR-PDA-BMB-AGC06 escrito en btz_description_06 | hijo Project PR-PDA-BMB-AGC07 escrito en btz_description_07 | hijo Project PR-PDA-BMB-CLR21 escrito en btz_description_08 | hijo Project PR-PDA-BMB-AGP01 escrito en btz_description_09 | hijo Project PR-PDA-BMB-AGP02 escrito en btz_description_10 | hijo Project PR-PDA-BMB-AGP03 escrito en btz_description_11 | hijo Project PR-PDA-BMB-ACS01 escrito en btz_description_12 | hijo Project PR-PDA-BMB-AGD03 escrito en btz_description_13 | hijo Project PR-PDA-BMB-AGD04 escrito en btz_description_14 | hijo Project PR-PDA-BMB-SOC22 escrito en btz_description_15 | hijo Project PR-PDA-BMB-SOC23 escrito en btz_description_16 | hijo Project PR-PDA-BMB-B1AT2 escrito en btz_description_17 | hijo Project PR-PDA-BMB-B2AT2 escrito en btz_description_18 | hijo Project PR-PDA-BMB-B3DAD escrito en btz_description_19 | hijo Project PR-PDA-BMB-B4DAD escrito en btz_description_20 | hijo Project PR-PDA-BMB-BAPH escrito en btz_description_21 | hijo Project PR-PDA-BMB-AGC04 escrito en btz_description_22 | hijo Project PR-PDA-BMB-AGC01 escrito en btz_description_23 | hijo Project PR-PDA-BMB-AGA01 escrito en btz_description_24 | hijo Project PR-PDA-BMB-AGC02 escrito en btz_description_25 | hijo Project PR-PDA-BMB-AGA02 escrito en btz_description_26 | hijo Project PR-PDA-BMB-AGC03 escrito en btz_description_27 | hijo Project PR-PDA-BMB-AGA03 escrito en btz_description_28,NO
374469,f26b48f9-0279-47cf-b5b3-6772136bf76f-0005b6c5,PR-PDA-TNQ-AGC,PR,PR-PDA-LGC-PLANTA DE AGUA,PR-PDA-LGC-GENERAL,PR-PDA-TNQ-AGC,PR-PDA-TNQ-ACR,PR-PDA-TNQ-ACS,PR-PDA-TNQ-ADE,PR-PDA-TNQ-SOC,PR-PDA-TNQ-T1EEFL,PR-PDA-TNQ-T2EEFL,PR-PDA-TNQ-TRAC,PR-PDA-TNQ-VES,PR-PDA-TNQ-TAGA1,PR-PDA-TNQ-TPSRA1,PR-PDA-TNQ-TPSRAL1,PR-PDA-TNQ-TAGA2,PR-PDA-TNQ-TPSRA2,PR-PDA-TNQ-TPSRAL2,PR-PDA-TNQ-TAGA3,,,,,,,,,,,,,,,,,,,,,,,,,,,,,,,,,,,,,,,,,,,,,,,,,,,,,,,,,,,,,,confirmado,confirmado_auto,match_elemento_puntual confirmado desde Project/Revit | hijo Project PR-PDA-TNQ-ACR escrito en btz_description_05 | hijo Project PR-PDA-TNQ-ACS escrito en btz_description_06 | hijo Project PR-PDA-TNQ-ADE escrito en btz_description_07 | hijo Project PR-PDA-TNQ-SOC escrito en btz_description_08 | hijo Project PR-PDA-TNQ-T1EEFL escrito en btz_description_09 | hijo Project PR-PDA-TNQ-T2EEFL escrito en btz_description_10 | hijo Project PR-PDA-TNQ-TRAC escrito en btz_description_11 | hijo Project PR-PDA-TNQ-VES escrito en btz_description_12 | hijo Project PR-PDA-TNQ-TAGA1 escrito en btz_description_13 | hijo Project PR-PDA-TNQ-TPSRA1 escrito en btz_description_14 | hijo Project PR-PDA-TNQ-TPSRAL1 escrito en btz_description_15 | hijo Project PR-PDA-TNQ-TAGA2 escrito en btz_description_16 | hijo Project PR-PDA-TNQ-TPSRA2 escrito en btz_description_17 | hijo Project PR-PDA-TNQ-TPSRAL2 escrito en btz_description_18 | hijo Project PR-PDA-TNQ-TAGA3 escrito en btz_description_19,NO
384351,78d32039-a934-4204-a849-af0b99e119be-0005dd5f,PR-PLL-LGC-PELLETEADO,PR,PR-PLL-LGC-PELLETEADO,PR-PLL-LGC-GENERAL,PR-PLL-BMB-LC3,PR-PLL-BMB-SCA2,PR-PLL-VLV-CAS2,PR-PLL-ENF-EP09,PR-PLL-VNT-ENF09,PR-PLL-LGC-PELLETERAS,PR-PLL-PLL-P01,PR-PLL-ACN-AP01,PR-PLL-ALM-ALP01,PR-PLL-ALM-FP1,PR-PLL-PLL-P02,PR-PLL-ACN-AP02,PR-PLL-ALM-ALP02,PR-PLL-ALM-FP2,PR-PLL-LGC-REDLERS,PR-PLL-RDL-RP05,PR-PLL-RDL-RP07,PR-PLL-RDL-RP08,PR-PLL-RDL-RP09,PR-PLL-RDL-RP10,PR-PLL-RDL-RP11,PR-PLL-LGC-ROSCAS,PR-PLL-RSC-AVLV2,PR-PLL-RSC-SF01,PR-PLL-RSC-SF02,PR-PLL-RSC-SF03,PR-PLL-RSC-SF04,PR-PLL-RSC-SF12,PR-PLL-NOR-NP06,PR-PLL-QBR-QP01,PR-PLL-ALM-AQP01,PR-PLL-SIS-SPLP,PR-PLL-SLO-PLM01,PR-PLL-TLV-SCA,,,,,,,,,,,,,,,,,,,,,,,,,,,,,,,,,,,,,,,,,,,,confirmado,confirmado_auto,match_elemento_puntual confirmado desde Project/Revit | hijo Project PR-PLL-BMB-LC3 escrito en btz_description_04 | hijo Project PR-PLL-BMB-SCA2 escrito en btz_description_05 | hijo Project PR-PLL-VLV-CAS2 escrito en btz_description_06 | hijo Project PR-PLL-ENF-EP09 escrito en btz_description_07 | hijo Project PR-PLL-VNT-ENF09 escrito en btz_description_08 | hijo Project PR-PLL-LGC-PELLETERAS escrito en btz_description_09 | hijo Project PR-PLL-PLL-P01 escrito en btz_description_10 | hijo Project PR-PLL-ACN-AP01 escrito en btz_description_11 | hijo Project PR-PLL-ALM-ALP01 escrito en btz_description_12 | hijo Project PR-PLL-ALM-FP1 escrito en btz_description_13 | hijo Project PR-PLL-PLL-P02 escrito en btz_description_14 | hijo Project PR-PLL-ACN-AP02 escrito en btz_description_15 | hijo Project PR-PLL-ALM-ALP02 escrito en btz_description_16 | hijo Project PR-PLL-ALM-FP2 escrito en btz_description_17 | hijo Project PR-PLL-LGC-REDLERS escrito en btz_description_18 | hijo Project PR-PLL-RDL-RP05 escrito en btz_description_19 | hijo Project PR-PLL-RDL-RP07 escrito en btz_description_20 | hijo Project PR-PLL-RDL-RP08 escrito en btz_description_21 | hijo Project PR-PLL-RDL-RP09 escrito en btz_description_22 | hijo Project PR-PLL-RDL-RP10 escrito en btz_description_23 | hijo Project PR-PLL-RDL-RP11 escrito en btz_description_24 | hijo Project PR-PLL-LGC-ROSCAS escrito en btz_description_25 | hijo Project PR-PLL-RSC-AVLV2 escrito en btz_description_26 | hijo Project PR-PLL-RSC-SF01 escrito en btz_description_27 | hijo Project PR-PLL-RSC-SF02 escrito en btz_description_28 | hijo Project PR-PLL-RSC-SF03 escrito en btz_description_29 | hijo Project PR-PLL-RSC-SF04 escrito en btz_description_30 | hijo Project PR-PLL-RSC-SF12 escrito en btz_description_31 | hijo Project PR-PLL-NOR-NP06 escrito en btz_description_32 | hijo Project PR-PLL-QBR-QP01 escrito en btz_description_33 | hijo Project PR-PLL-ALM-AQP01 escrito en btz_description_34 | hijo Project PR-PLL-SIS-SPLP escrito en btz_description_35 | hijo Project PR-PLL-SLO-PLM01 escrito en btz_description_36 | hijo Project PR-PLL-TLV-SCA escrito en btz_description_37,NO
267399,6537a3cc-b31c-4ab7-8606-8f606b5b0101-00041487,PR-PLYMP-LGC-CALADO,PR,PR-PLYMP-LGC-PLAYA Y MP,PR-PLYMP-LGC-CALADO ACEITE,,,,,,,,,,,,,,,,,,,,,,,,,,,,,,,,,,,,,,,,,,,,,,,,,,,,,,,,,,,,,,,,,,,,,,,,,,,,,,confirmado,confirmado_auto,match_elemento_puntual confirmado desde Project/Revit,NO
208220,5b454621-eb24-48f7-a7ab-4cc203eecee7-00032d5c,PR-PLYMP-PLY-CAM1,PR,PR-PLYMP-LGC-PLAYA Y MP,PR-PLYMP-LGC-PLAYA DE CAMIONES,PR-PLYMP-PLY-CAM1,,,,,,,,,,,,,,,,,,,,,,,,,,,,,,,,,,,,,,,,,,,,,,,,,,,,,,,,,,,,,,,,,,,,,,,,,,,,,confirmado,confirmado_auto,match_elemento_puntual confirmado desde Project/Revit,NO
203772,5b454621-eb24-48f7-a7ab-4cc203eecee7-00031bfc,PR-PLYMP-PLY-CAM2,PR,PR-PLYMP-LGC-PLAYA Y MP,PR-PLYMP-LGC-PLAYA DE CAMIONES,PR-PLYMP-PLY-CAM2,,,,,,,,,,,,,,,,,,,,,,,,,,,,,,,,,,,,,,,,,,,,,,,,,,,,,,,,,,,,,,,,,,,,,,,,,,,,,confirmado,confirmado_auto,match_elemento_puntual confirmado desde Project/Revit,NO
221831,bb3a4321-4329-4428-8c24-a4c186128afa-00036287,PR-PLYMP-PLY-CAM3,PR,PR-PLYMP-LGC-PLAYA Y MP,PR-PLYMP-LGC-PLAYA DE CAMIONES,PR-PLYMP-PLY-CAM3,,,,,,,,,,,,,,,,,,,,,,,,,,,,,,,,,,,,,,,,,,,,,,,,,,,,,,,,,,,,,,,,,,,,,,,,,,,,,confirmado,confirmado_auto,match_elemento_puntual confirmado desde Project/Revit,NO
240371,ede68319-9e31-40a4-a8a0-dc8606edf063-0003aaf3,PR-PLYMP-PLY-CAM4,PR,PR-PLYMP-LGC-PLAYA Y MP,PR-PLYMP-LGC-PLAYA DE CAMIONES,PR-PLYMP-PLY-CAM4,,,,,,,,,,,,,,,,,,,,,,,,,,,,,,,,,,,,,,,,,,,,,,,,,,,,,,,,,,,,,,,,,,,,,,,,,,,,,confirmado,confirmado_auto,match_elemento_puntual confirmado desde Project/Revit,NO
167022,e42370da-1003-4b82-9a27-4cb40db2c9bb-00028c6e,PR-PLYMP-SLO-DMP02,PR,PR-PLYMP-LGC-PLAYA Y MP,PR-PLYMP-LGC-SILOS CELDA,PR-PLYMP-SLO-DMP02,PR-PLYMP-CNT-CBS02,PR-PLYMP-CRR-CBS02-1,PR-PLYMP-CRR-CBS02-2,PR-PLYMP-CNT-CSS02,PR-PLYMP-CRR-CSS02,PR-PLYMP-SIS-TRM-DMP02,PR-PLYMP-VNT-AIRS2-3,PR-PLYMP-VNT-AIRS21,PR-PLYMP-VNT-AIRS22,,,,,,,,,,,,,,,,,,,,,,,,,,,,,,,,,,,,,,,,,,,,,,,,,,,,,,,,,,,,,,,,,,,,confirmado,confirmado_auto,match_elemento_puntual confirmado desde Project/Revit | hijo Project PR-PLYMP-CNT-CBS02 escrito en btz_description_05 | hijo Project PR-PLYMP-CRR-CBS02-1 escrito en btz_description_06 | hijo Project PR-PLYMP-CRR-CBS02-2 escrito en btz_description_07 | hijo Project PR-PLYMP-CNT-CSS02 escrito en btz_description_08 | hijo Project PR-PLYMP-CRR-CSS02 escrito en btz_description_09 | hijo Project PR-PLYMP-SIS-TRM-DMP02 escrito en btz_description_10 | hijo Project PR-PLYMP-VNT-AIRS2-3 escrito en btz_description_11 | hijo Project PR-PLYMP-VNT-AIRS21 escrito en btz_description_12 | hijo Project PR-PLYMP-VNT-AIRS22 escrito en btz_description_13,NO
167124,e42370da-1003-4b82-9a27-4cb40db2c9bb-00028cd4,PR-PLYMP-SLO-DMP03,PR,PR-PLYMP-LGC-PLAYA Y MP,PR-PLYMP-LGC-SILOS CELDA,PR-PLYMP-SLO-DMP03,PR-PLYMP-CNT-CBS03,PR-PLYMP-CRR-CBS3N,PR-PLYMP-CRR-CBS3S,PR-PLYMP-CNT-CSS03,PR-PLYMP-CRR-CSS03,PR-PLYMP-LDV-LS03E,PR-PLYMP-LDV-LS03O,PR-PLYMP-SIS-TRM-DMP03,PR-PLYMP-VNT-AIRS31,PR-PLYMP-VNT-AIRS32,PR-PLYMP-VNT-AIRS33,,,,,,,,,,,,,,,,,,,,,,,,,,,,,,,,,,,,,,,,,,,,,,,,,,,,,,,,,,,,,,,,,,confirmado,confirmado_auto,match_elemento_puntual confirmado desde Project/Revit | hijo Project PR-PLYMP-CNT-CBS03 escrito en btz_description_05 | hijo Project PR-PLYMP-CRR-CBS3N escrito en btz_description_06 | hijo Project PR-PLYMP-CRR-CBS3S escrito en btz_description_07 | hijo Project PR-PLYMP-CNT-CSS03 escrito en btz_description_08 | hijo Project PR-PLYMP-CRR-CSS03 escrito en btz_description_09 | hijo Project PR-PLYMP-LDV-LS03E escrito en btz_description_10 | hijo Project PR-PLYMP-LDV-LS03O escrito en btz_description_11 | hijo Project PR-PLYMP-SIS-TRM-DMP03 escrito en btz_description_12 | hijo Project PR-PLYMP-VNT-AIRS31 escrito en btz_description_13 | hijo Project PR-PLYMP-VNT-AIRS32 escrito en btz_description_14 | hijo Project PR-PLYMP-VNT-AIRS33 escrito en btz_description_15,NO
372668,c1b86e07-db16-4679-93c3-323d244a69e5-0005afbc,PR-PLYMP-SLO-DMP04,PR,PR-PLYMP-LGC-PLAYA Y MP,PR-PLYMP-LGC-SILOS CELDA,PR-PLYMP-SLO-DMP04,PR-PLYMP-LDV-LS04E,PR-PLYMP-LDV-LS04O,PR-PLYMP-VNT-ASPS4,,,,,,,,,,,,,,,,,,,,,,,,,,,,,,,,,,,,,,,,,,,,,,,,,,,,,,,,,,,,,,,,,,,,,,,,,,confirmado,confirmado_auto,match_elemento_puntual confirmado desde Project/Revit | hijo Project PR-PLYMP-LDV-LS04E escrito en btz_description_05 | hijo Project PR-PLYMP-LDV-LS04O escrito en btz_description_06 | hijo Project PR-PLYMP-VNT-ASPS4 escrito en btz_description_07,NO
374552,f26b48f9-0279-47cf-b5b3-6772136bf76f-0005b718,PR-PLYMP-SLO-DMP05,PR,PR-PLYMP-LGC-PLAYA Y MP,PR-PLYMP-LGC-SILOS CELDA,PR-PLYMP-SLO-DMP05,PR-PLYMP-LDV-LS05E,PR-PLYMP-LDV-LS05O,PR-PLYMP-VNT-ASPS5,,,,,,,,,,,,,,,,,,,,,,,,,,,,,,,,,,,,,,,,,,,,,,,,,,,,,,,,,,,,,,,,,,,,,,,,,,confirmado,confirmado_auto,match_elemento_puntual confirmado desde Project/Revit | hijo Project PR-PLYMP-LDV-LS05E escrito en btz_description_05 | hijo Project PR-PLYMP-LDV-LS05O escrito en btz_description_06 | hijo Project PR-PLYMP-VNT-ASPS5 escrito en btz_description_07,NO
164292,c75bd4f0-baf2-4f40-8a34-9dc82f291cda-000281c4,PR-PLYMP-SLO-DMP12,PR,PR-PLYMP-LGC-PLAYA Y MP,PR-PLYMP-LGC-SILOS CELDA,PR-PLYMP-SLO-DMP12,PR-PLYMP-CNT-CBS12,PR-PLYMP-CRR-CBS12-1,PR-PLYMP-CRR-CBS12-2,PR-PLYMP-CNT-CSS12,PR-PLYMP-CRR-CSS12,PR-PLYMP-RDL-RBS12,PR-PLYMP-RDL-RBS12/1,PR-PLYMP-SIS-TRM-DMP12,PR-PLYMP-SIS-VES12,PR-PLYMP-VNT-AIRS12A,PR-PLYMP-VNT-AIRS12B,PR-PLYMP-VNT-AIRS12C,PR-PLYMP-VNT-AIRS12D,PR-PLYMP-VNT-AIRS12E,PR-PLYMP-VNT-AIRS12F,PR-PLYMP-VNT-AIRS12G,PR-PLYMP-VNT-AIRS12H,PR-PLYMP-VNT-AIRS12T1,PR-PLYMP-VNT-AIRS12T2,PR-PLYMP-VNT-AIRS12T3,PR-PLYMP-VNT-AIRS12T4,PR-PLYMP-VNT-ASPS12/1,PR-PLYMP-VNT-ASPS12/10,PR-PLYMP-VNT-ASPS12/11,PR-PLYMP-VNT-ASPS12/12,PR-PLYMP-VNT-ASPS12/13,PR-PLYMP-VNT-ASPS12/14,PR-PLYMP-VNT-ASPS12/15,PR-PLYMP-VNT-ASPS12/16,PR-PLYMP-VNT-ASPS12/17,PR-PLYMP-VNT-ASPS12/18,PR-PLYMP-VNT-ASPS12/19,PR-PLYMP-VNT-ASPS12/2,PR-PLYMP-VNT-ASPS12/20,PR-PLYMP-VNT-ASPS12/21,PR-PLYMP-VNT-ASPS12/22,PR-PLYMP-VNT-ASPS12/23,PR-PLYMP-VNT-ASPS12/24,PR-PLYMP-VNT-ASPS12/25,PR-PLYMP-VNT-ASPS12/26,PR-PLYMP-VNT-ASPS12/3,PR-PLYMP-VNT-ASPS12/4,PR-PLYMP-VNT-ASPS12/5,PR-PLYMP-VNT-ASPS12/6,PR-PLYMP-VNT-ASPS12/7,PR-PLYMP-VNT-ASPS12/8,PR-PLYMP-VNT-ASPS12/9,,,,,,,,,,,,,,,,,,,,,,,,,,,,,,confirmado,confirmado_auto,match_elemento_puntual confirmado desde Project/Revit | hijo Project PR-PLYMP-CNT-CBS12 escrito en btz_description_05 | hijo Project PR-PLYMP-CRR-CBS12-1 escrito en btz_description_06 | hijo Project PR-PLYMP-CRR-CBS12-2 escrito en btz_description_07 | hijo Project PR-PLYMP-CNT-CSS12 escrito en btz_description_08 | hijo Project PR-PLYMP-CRR-CSS12 escrito en btz_description_09 | hijo Project PR-PLYMP-RDL-RBS12 escrito en btz_description_10 | hijo Project PR-PLYMP-RDL-RBS12/1 escrito en btz_description_11 | hijo Project PR-PLYMP-SIS-TRM-DMP12 escrito en btz_description_12 | hijo Project PR-PLYMP-SIS-VES12 escrito en btz_description_13 | hijo Project PR-PLYMP-VNT-AIRS12A escrito en btz_description_14 | hijo Project PR-PLYMP-VNT-AIRS12B escrito en btz_description_15 | hijo Project PR-PLYMP-VNT-AIRS12C escrito en btz_description_16 | hijo Project PR-PLYMP-VNT-AIRS12D escrito en btz_description_17 | hijo Project PR-PLYMP-VNT-AIRS12E escrito en btz_description_18 | hijo Project PR-PLYMP-VNT-AIRS12F escrito en btz_description_19 | hijo Project PR-PLYMP-VNT-AIRS12G escrito en btz_description_20 | hijo Project PR-PLYMP-VNT-AIRS12H escrito en btz_description_21 | hijo Project PR-PLYMP-VNT-AIRS12T1 escrito en btz_description_22 | hijo Project PR-PLYMP-VNT-AIRS12T2 escrito en btz_description_23 | hijo Project PR-PLYMP-VNT-AIRS12T3 escrito en btz_description_24 | hijo Project PR-PLYMP-VNT-AIRS12T4 escrito en btz_description_25 | hijo Project PR-PLYMP-VNT-ASPS12/1 escrito en btz_description_26 | hijo Project PR-PLYMP-VNT-ASPS12/10 escrito en btz_description_27 | hijo Project PR-PLYMP-VNT-ASPS12/11 escrito en btz_description_28 | hijo Project PR-PLYMP-VNT-ASPS12/12 escrito en btz_description_29 | hijo Project PR-PLYMP-VNT-ASPS12/13 escrito en btz_description_30 | hijo Project PR-PLYMP-VNT-ASPS12/14 escrito en btz_description_31 | hijo Project PR-PLYMP-VNT-ASPS12/15 escrito en btz_description_32 | hijo Project PR-PLYMP-VNT-ASPS12/16 escrito en btz_description_33 | hijo Project PR-PLYMP-VNT-ASPS12/17 escrito en btz_description_34 | hijo Project PR-PLYMP-VNT-ASPS12/18 escrito en btz_description_35 | hijo Project PR-PLYMP-VNT-ASPS12/19 escrito en btz_description_36 | hijo Project PR-PLYMP-VNT-ASPS12/2 escrito en btz_description_37 | hijo Project PR-PLYMP-VNT-ASPS12/20 escrito en btz_description_38 | hijo Project PR-PLYMP-VNT-ASPS12/21 escrito en btz_description_39 | hijo Project PR-PLYMP-VNT-ASPS12/22 escrito en btz_description_40 | hijo Project PR-PLYMP-VNT-ASPS12/23 escrito en btz_description_41 | hijo Project PR-PLYMP-VNT-ASPS12/24 escrito en btz_description_42 | hijo Project PR-PLYMP-VNT-ASPS12/25 escrito en btz_description_43 | hijo Project PR-PLYMP-VNT-ASPS12/26 escrito en btz_description_44 | hijo Project PR-PLYMP-VNT-ASPS12/3 escrito en btz_description_45 | hijo Project PR-PLYMP-VNT-ASPS12/4 escrito en btz_description_46 | hijo Project PR-PLYMP-VNT-ASPS12/5 escrito en btz_description_47 | hijo Project PR-PLYMP-VNT-ASPS12/6 escrito en btz_description_48 | hijo Project PR-PLYMP-VNT-ASPS12/7 escrito en btz_description_49 | hijo Project PR-PLYMP-VNT-ASPS12/8 escrito en btz_description_50 | hijo Project PR-PLYMP-VNT-ASPS12/9 escrito en btz_description_51,NO
171864,358aa91e-12c5-4b99-b609-4e1e7ac885f9-00029f58,PR-PLYMP-SLO-DMP13,PR,PR-PLYMP-LGC-PLAYA Y MP,PR-PLYMP-LGC-SILOS CELDA,PR-PLYMP-SLO-DMP13,PR-PLYMP-VNT-AIRS1301,PR-PLYMP-VNT-AIRS1302,PR-PLYMP-VNT-AIRS1303,PR-PLYMP-VNT-AIRS1304,PR-PLYMP-VNT-AIRS1305,PR-PLYMP-VNT-AIRS1306,PR-PLYMP-VNT-AIRS1307,PR-PLYMP-VNT-AIRS1308,PR-PLYMP-VNT-AIRS1309,PR-PLYMP-VNT-AIRS1310,PR-PLYMP-VNT-AIRS1311,PR-PLYMP-VNT-AIRS1312,PR-PLYMP-VNT-AIRS1313,PR-PLYMP-VNT-AIRS1314,PR-PLYMP-VNT-AIRS1315,PR-PLYMP-VNT-AIRS1316,PR-PLYMP-VNT-AIRS1317,PR-PLYMP-VNT-AIRS1318,PR-PLYMP-VNT-AIRS1319,PR-PLYMP-VNT-AIRS1320,PR-PLYMP-VNT-AIRS13N,PR-PLYMP-VNT-AIRS13S,,,,,,,,,,,,,,,,,,,,,,,,,,,,,,,,,,,,,,,,,,,,,,,,,,,,,,,confirmado,confirmado_auto,match_elemento_puntual confirmado desde Project/Revit | hijo Project PR-PLYMP-VNT-AIRS1301 escrito en btz_description_05 | hijo Project PR-PLYMP-VNT-AIRS1302 escrito en btz_description_06 | hijo Project PR-PLYMP-VNT-AIRS1303 escrito en btz_description_07 | hijo Project PR-PLYMP-VNT-AIRS1304 escrito en btz_description_08 | hijo Project PR-PLYMP-VNT-AIRS1305 escrito en btz_description_09 | hijo Project PR-PLYMP-VNT-AIRS1306 escrito en btz_description_10 | hijo Project PR-PLYMP-VNT-AIRS1307 escrito en btz_description_11 | hijo Project PR-PLYMP-VNT-AIRS1308 escrito en btz_description_12 | hijo Project PR-PLYMP-VNT-AIRS1309 escrito en btz_description_13 | hijo Project PR-PLYMP-VNT-AIRS1310 escrito en btz_description_14 | hijo Project PR-PLYMP-VNT-AIRS1311 escrito en btz_description_15 | hijo Project PR-PLYMP-VNT-AIRS1312 escrito en btz_description_16 | hijo Project PR-PLYMP-VNT-AIRS1313 escrito en btz_description_17 | hijo Project PR-PLYMP-VNT-AIRS1314 escrito en btz_description_18 | hijo Project PR-PLYMP-VNT-AIRS1315 escrito en btz_description_19 | hijo Project PR-PLYMP-VNT-AIRS1316 escrito en btz_description_20 | hijo Project PR-PLYMP-VNT-AIRS1317 escrito en btz_description_21 | hijo Project PR-PLYMP-VNT-AIRS1318 escrito en btz_description_22 | hijo Project PR-PLYMP-VNT-AIRS1319 escrito en btz_description_23 | hijo Project PR-PLYMP-VNT-AIRS1320 escrito en btz_description_24 | hijo Project PR-PLYMP-VNT-AIRS13N escrito en btz_description_25 | hijo Project PR-PLYMP-VNT-AIRS13S escrito en btz_description_26,NO
379752,2820d03f-22b4-43b5-a10b-789b042309d5-0005cb68,PR-PLYMP-SLO-SE01N,PR,PR-PLYMP-LGC-PLAYA Y MP,PR-PLYMP-LGC-SILOS CELDA,PR-PLYMP-SLO-SE01N,PR-PLYMP-SLO-SE01N,PR-PLYMP-GLL-SE01C16,,,,,,,,,,,,,,,,,,,,,,,,,,,,,,,,,,,,,,,,,,,,,,,,,,,,,,,,,,,,,,,,,,,,,,,,,,,confirmado,confirmado_auto,match_elemento_puntual confirmado desde Project/Revit | hijo Project PR-PLYMP-GLL-SE01C16 escrito en btz_description_06,NO
380306,78d32039-a934-4204-a849-af0b99e119be-0005cd92,PR-PLYMP-SLO-SE02S,PR,PR-PLYMP-LGC-PLAYA Y MP,PR-PLYMP-LGC-SILOS CELDA,PR-PLYMP-SLO-DMP16,PR-PLYMP-SLO-SE02S,PR-PLYMP-GLL-SE02C16-N,PR-PLYMP-GLL-SE02C16-S,,,,,,,,,,,,,,,,,,,,,,,,,,,,,,,,,,,,,,,,,,,,,,,,,,,,,,,,,,,,,,,,,,,,,,,,,,confirmado,confirmado_auto,match_elemento_puntual confirmado desde Project/Revit | hijo Project PR-PLYMP-GLL-SE02C16-N escrito en btz_description_06 | hijo Project PR-PLYMP-GLL-SE02C16-S escrito en btz_description_07,NO
361960,6515bfd8-768b-49ac-a69a-af07193c05bc-000585e8,PR-PLYMP-SLO-SVCHF01,PR,PR-PLYMP-LGC-PLAYA Y MP,PR-PLYMP-LGC-SILOS CHIEF,PR-PLYMP-SLO-SVCHF01,PR-PLYMP-SIS-TRM-SVCHF01,PR-PLYMP-VLV-VDSCH1,PR-PLYMP-VNT-ESCH1/1,PR-PLYMP-VNT-ESCH1/2,PR-PLYMP-VNT-SA1/1,PR-PLYMP-VNT-SA1/2,PR-PLYMP-VNT-SA1/3,PR-PLYMP-VNT-SA1/4,,,,,,,,,,,,,,,,,,,,,,,,,,,,,,,,,,,,,,,,,,,,,,,,,,,,,,,,,,,,,,,,,,,,,confirmado,confirmado_auto,match_elemento_puntual confirmado desde Project/Revit | hijo Project PR-PLYMP-SIS-TRM-SVCHF01 escrito en btz_description_05 | hijo Project PR-PLYMP-VLV-VDSCH1 escrito en btz_description_06 | hijo Project PR-PLYMP-VNT-ESCH1/1 escrito en btz_description_07 | hijo Project PR-PLYMP-VNT-ESCH1/2 escrito en btz_description_08 | hijo Project PR-PLYMP-VNT-SA1/1 escrito en btz_description_09 | hijo Project PR-PLYMP-VNT-SA1/2 escrito en btz_description_10 | hijo Project PR-PLYMP-VNT-SA1/3 escrito en btz_description_11 | hijo Project PR-PLYMP-VNT-SA1/4 escrito en btz_description_12,NO
375009,f26b48f9-0279-47cf-b5b3-6772136bf76f-0005b8e1,PR-PLYMP-SLO-SVCHF02,PR,PR-PLYMP-LGC-PLAYA Y MP,PR-PLYMP-LGC-SILOS CHIEF,PR-PLYMP-SLO-SVCHF02,PR-PLYMP-SIS-TRM-SVCHF02,PR-PLYMP-VLV-VDSCH2,PR-PLYMP-VNT-ESCH2/1,PR-PLYMP-VNT-ESCH2/2,PR-PLYMP-VNT-SA2/1,PR-PLYMP-VNT-SA2/2,PR-PLYMP-VNT-SA2/3,PR-PLYMP-VNT-SA2/4,,,,,,,,,,,,,,,,,,,,,,,,,,,,,,,,,,,,,,,,,,,,,,,,,,,,,,,,,,,,,,,,,,,,,confirmado,confirmado_auto,match_elemento_puntual confirmado desde Project/Revit | hijo Project PR-PLYMP-SIS-TRM-SVCHF02 escrito en btz_description_05 | hijo Project PR-PLYMP-VLV-VDSCH2 escrito en btz_description_06 | hijo Project PR-PLYMP-VNT-ESCH2/1 escrito en btz_description_07 | hijo Project PR-PLYMP-VNT-ESCH2/2 escrito en btz_description_08 | hijo Project PR-PLYMP-VNT-SA2/1 escrito en btz_description_09 | hijo Project PR-PLYMP-VNT-SA2/2 escrito en btz_description_10 | hijo Project PR-PLYMP-VNT-SA2/3 escrito en btz_description_11 | hijo Project PR-PLYMP-VNT-SA2/4 escrito en btz_description_12,NO
375033,f26b48f9-0279-47cf-b5b3-6772136bf76f-0005b8f9,PR-PLYMP-SLO-SVCHF03,PR,PR-PLYMP-LGC-PLAYA Y MP,PR-PLYMP-LGC-SILOS CHIEF,PR-PLYMP-SLO-SVCHF03,PR-PLYMP-SIS-TRM-SVCHF03,PR-PLYMP-VLV-VDSCH3,PR-PLYMP-VNT-ESCH3/1,PR-PLYMP-VNT-ESCH3/2,PR-PLYMP-VNT-SA3/1,PR-PLYMP-VNT-SA3/2,PR-PLYMP-VNT-SA3/3,PR-PLYMP-VNT-SA3/4,,,,,,,,,,,,,,,,,,,,,,,,,,,,,,,,,,,,,,,,,,,,,,,,,,,,,,,,,,,,,,,,,,,,,confirmado,confirmado_auto,match_elemento_puntual confirmado desde Project/Revit | hijo Project PR-PLYMP-SIS-TRM-SVCHF03 escrito en btz_description_05 | hijo Project PR-PLYMP-VLV-VDSCH3 escrito en btz_description_06 | hijo Project PR-PLYMP-VNT-ESCH3/1 escrito en btz_description_07 | hijo Project PR-PLYMP-VNT-ESCH3/2 escrito en btz_description_08 | hijo Project PR-PLYMP-VNT-SA3/1 escrito en btz_description_09 | hijo Project PR-PLYMP-VNT-SA3/2 escrito en btz_description_10 | hijo Project PR-PLYMP-VNT-SA3/3 escrito en btz_description_11 | hijo Project PR-PLYMP-VNT-SA3/4 escrito en btz_description_12,NO
361530,6515bfd8-768b-49ac-a69a-af07193c05bc-0005843a,PR-PLYMP-SLO-SVCHF04,PR,PR-PLYMP-LGC-PLAYA Y MP,PR-PLYMP-LGC-SILOS CHIEF,PR-PLYMP-SLO-SVCHF04,PR-PLYMP-SIS-TRM-SVCHF04,PR-PLYMP-VLV-VDSCH4,PR-PLYMP-VNT-ESCH4/1,PR-PLYMP-VNT-ESCH4/2,PR-PLYMP-VNT-SA4/1,PR-PLYMP-VNT-SA4/2,PR-PLYMP-VNT-SA4/3,PR-PLYMP-VNT-SA4/4,,,,,,,,,,,,,,,,,,,,,,,,,,,,,,,,,,,,,,,,,,,,,,,,,,,,,,,,,,,,,,,,,,,,,confirmado,confirmado_auto,match_elemento_puntual confirmado desde Project/Revit | hijo Project PR-PLYMP-SIS-TRM-SVCHF04 escrito en btz_description_05 | hijo Project PR-PLYMP-VLV-VDSCH4 escrito en btz_description_06 | hijo Project PR-PLYMP-VNT-ESCH4/1 escrito en btz_description_07 | hijo Project PR-PLYMP-VNT-ESCH4/2 escrito en btz_description_08 | hijo Project PR-PLYMP-VNT-SA4/1 escrito en btz_description_09 | hijo Project PR-PLYMP-VNT-SA4/2 escrito en btz_description_10 | hijo Project PR-PLYMP-VNT-SA4/3 escrito en btz_description_11 | hijo Project PR-PLYMP-VNT-SA4/4 escrito en btz_description_12,NO
375180,f26b48f9-0279-47cf-b5b3-6772136bf76f-0005b98c,PR-PLYMP-SLO-SVCHF05,PR,PR-PLYMP-LGC-PLAYA Y MP,PR-PLYMP-LGC-SILOS CHIEF,PR-PLYMP-SLO-SVCHF05,PR-PLYMP-SIS-TRM-SVCHF05,PR-PLYMP-VLV-VDSCH5,PR-PLYMP-VNT-ESCH5/1,PR-PLYMP-VNT-ESCH5/2,PR-PLYMP-VNT-SA5/1,PR-PLYMP-VNT-SA5/2,PR-PLYMP-VNT-SA5/3,PR-PLYMP-VNT-SA5/4,,,,,,,,,,,,,,,,,,,,,,,,,,,,,,,,,,,,,,,,,,,,,,,,,,,,,,,,,,,,,,,,,,,,,confirmado,confirmado_auto,match_elemento_puntual confirmado desde Project/Revit | hijo Project PR-PLYMP-SIS-TRM-SVCHF05 escrito en btz_description_05 | hijo Project PR-PLYMP-VLV-VDSCH5 escrito en btz_description_06 | hijo Project PR-PLYMP-VNT-ESCH5/1 escrito en btz_description_07 | hijo Project PR-PLYMP-VNT-ESCH5/2 escrito en btz_description_08 | hijo Project PR-PLYMP-VNT-SA5/1 escrito en btz_description_09 | hijo Project PR-PLYMP-VNT-SA5/2 escrito en btz_description_10 | hijo Project PR-PLYMP-VNT-SA5/3 escrito en btz_description_11 | hijo Project PR-PLYMP-VNT-SA5/4 escrito en btz_description_12,NO
375196,f26b48f9-0279-47cf-b5b3-6772136bf76f-0005b99c,PR-PLYMP-SLO-SVCHF06,PR,PR-PLYMP-LGC-PLAYA Y MP,PR-PLYMP-LGC-SILOS CHIEF,PR-PLYMP-SLO-SVCHF06,PR-PLYMP-SIS-TRM-SVCHF06,PR-PLYMP-VLV-VDSCH6,PR-PLYMP-VNT-ESCH6/1,PR-PLYMP-VNT-ESCH6/2,PR-PLYMP-VNT-SA6/1,PR-PLYMP-VNT-SA6/2,PR-PLYMP-VNT-SA6/3,PR-PLYMP-VNT-SA6/4,,,,,,,,,,,,,,,,,,,,,,,,,,,,,,,,,,,,,,,,,,,,,,,,,,,,,,,,,,,,,,,,,,,,,confirmado,confirmado_auto,match_elemento_puntual confirmado desde Project/Revit | hijo Project PR-PLYMP-SIS-TRM-SVCHF06 escrito en btz_description_05 | hijo Project PR-PLYMP-VLV-VDSCH6 escrito en btz_description_06 | hijo Project PR-PLYMP-VNT-ESCH6/1 escrito en btz_description_07 | hijo Project PR-PLYMP-VNT-ESCH6/2 escrito en btz_description_08 | hijo Project PR-PLYMP-VNT-SA6/1 escrito en btz_description_09 | hijo Project PR-PLYMP-VNT-SA6/2 escrito en btz_description_10 | hijo Project PR-PLYMP-VNT-SA6/3 escrito en btz_description_11 | hijo Project PR-PLYMP-VNT-SA6/4 escrito en btz_description_12,NO
377659,2820d03f-22b4-43b5-a10b-789b042309d5-0005c33b,PR-PLYMP-SLO-SEKW1,PR,PR-PLYMP-LGC-PLAYA Y MP,PR-PLYMP-LGC-SILOS KEPLER WEB,PR-PLYMP-SLO-SEKW1,PR-PLYMP-VLV-DSE1KW,,,,,,,,,,,,,,,,,,,,,,,,,,,,,,,,,,,,,,,,,,,,,,,,,,,,,,,,,,,,,,,,,,,,,,,,,,,,confirmado,confirmado_auto,match_elemento_puntual confirmado desde Project/Revit | hijo Project PR-PLYMP-VLV-DSE1KW escrito en btz_description_05,NO
377717,2820d03f-22b4-43b5-a10b-789b042309d5-0005c375,PR-PLYMP-SLO-SEKW2,PR,PR-PLYMP-LGC-PLAYA Y MP,PR-PLYMP-LGC-SILOS KEPLER WEB,PR-PLYMP-SLO-SEKW2,PR-PLYMP-VLV-,PR-PLYMP-VLV-DSE2KW,,,,,,,,,,,,,,,,,,,,,,,,,,,,,,,,,,,,,,,,,,,,,,,,,,,,,,,,,,,,,,,,,,,,,,,,,,,confirmado,confirmado_auto,match_elemento_puntual confirmado desde Project/Revit | hijo Project PR-PLYMP-VLV- escrito en btz_description_05 | hijo Project PR-PLYMP-VLV-DSE2KW escrito en btz_description_06,NO
363103,6515bfd8-768b-49ac-a69a-af07193c05bc-00058a5f,PR-PLYMP-VNT-ASSKW1,PR,PR-PLYMP-LGC-PLAYA Y MP,PR-PLYMP-LGC-SILOS KEPLER WEB,PR-PLYMP-VNT-ASSKW1,,,,,,,,,,,,,,,,,,,,,,,,,,,,,,,,,,,,,,,,,,,,,,,,,,,,,,,,,,,,,,,,,,,,,,,,,,,,,confirmado,confirmado_auto,match_elemento_puntual confirmado desde Project/Revit,NO
223954,5ce8dc25-81da-49d9-83e5-de9e82452c13-00036ad2,PR-PLYSP-TLV-CCC11,PR,PR-PLYSP-LGC-PLAYA Y SUB,PR-PLYSP-LGC-SILO EXPEDICION CELDA DEP. S.P. Nº 11,PR-PLYSP-TLV-CCC11,PR-PLYSP-TLV-CCC8,PR-PLYSP-TLV-CCC10,PR-PLYSP-TLV-CCC08,,,,,,,,,,,,,,,,,,,,,,,,,,,,,,,,,,,,,,,,,,,,,,,,,,,,,,,,,,,,,,,,,,,,,,,,,,confirmado,confirmado_auto,match_elemento_puntual confirmado desde Project/Revit | hijo Project PR-PLYSP-TLV-CCC8 escrito en btz_description_05 | hijo Project PR-PLYSP-TLV-CCC10 escrito en btz_description_06 | hijo Project PR-PLYSP-TLV-CCC08 escrito en btz_description_07,NO
372918,c1b86e07-db16-4679-93c3-323d244a69e5-0005b0b6,PR-PRL1-LGC-PRELIMPIEZA,PR,PR-PRL1-LGC-PRELIMPIEZA 1,PR-PRL1-LGC-GENERAL,PR-PRL1-LGC-BATIDORAS,PR-PRL1-BTD-N01,PR-PRL1-BTD-N02,PR-PRL1-LGC-NORIAS,PR-PRL1-NOR-TSG02,PR-PRL1-LGC-REDLERS,PR-PRL1-RDL-TSG01,PR-PRL1-RDL-TSG03,PR-PRL1-RDL-TSG06,PR-PRL1-RDL-TSG07,PR-PRL1-RDL-TSG08,PR-PRL1-LGC-SAP,PR-PRL1-SAP-PRL1,PR-PRL1-CCL-SAPL1,PR-PRL1-VLV-SAPL1,,,,,,,,,,,,,,,,,,,,,,,,,,,,,,,,,,,,,,,,,,,,,,,,,,,,,,,,,,,,,,,confirmado,confirmado_auto,match_elemento_puntual confirmado desde Project/Revit | hijo Project PR-PRL1-LGC-BATIDORAS escrito en btz_description_04 | hijo Project PR-PRL1-BTD-N01 escrito en btz_description_05 | hijo Project PR-PRL1-BTD-N02 escrito en btz_description_06 | hijo Project PR-PRL1-LGC-NORIAS escrito en btz_description_07 | hijo Project PR-PRL1-NOR-TSG02 escrito en btz_description_08 | hijo Project PR-PRL1-LGC-REDLERS escrito en btz_description_09 | hijo Project PR-PRL1-RDL-TSG01 escrito en btz_description_10 | hijo Project PR-PRL1-RDL-TSG03 escrito en btz_description_11 | hijo Project PR-PRL1-RDL-TSG06 escrito en btz_description_12 | hijo Project PR-PRL1-RDL-TSG07 escrito en btz_description_13 | hijo Project PR-PRL1-RDL-TSG08 escrito en btz_description_14 | hijo Project PR-PRL1-LGC-SAP escrito en btz_description_15 | hijo Project PR-PRL1-SAP-PRL1 escrito en btz_description_16 | hijo Project PR-PRL1-CCL-SAPL1 escrito en btz_description_17 | hijo Project PR-PRL1-VLV-SAPL1 escrito en btz_description_18,NO
413962,4ebdd558-c989-409d-9fc3-d33c3da7089e-0006510a,PR-PRL2-LGC-PRELIMPIEZA,PR,PR-PRL2-LGC-PRELIMPIEZA 2,PR-PRL2-LGC-GENERAL,PR-PRL2-LGC-BATIDORAS,PR-PRL2-BTD-N01,PR-PRL2-BTD-N02,PR-PRL2-LGC-NORIAS,PR-PRL2-NOR-TS02,PR-PRL2-NOR-TS03,PR-PRL2-NOR-TSD1,PR-PRL2-LGC-REDLERS,PR-PRL2-RDL-TS01,PR-PRL2-RDL-TS04,PR-PRL2-RDL-TS05,PR-PRL2-RDL-TS08,PR-PRL2-RDL-TS09,PR-PRL2-RDL-TS10,PR-PRL2-RDL-TSD2,PR-PRL2-RDL-TSD3,,,,,,,,,,,,,,,,,,,,,,,,,,,,,,,,,,,,,,,,,,,,,,,,,,,,,,,,,,,,,,confirmado,confirmado_auto,match_elemento_puntual confirmado desde Project/Revit | hijo Project PR-PRL2-LGC-BATIDORAS escrito en btz_description_04 | hijo Project PR-PRL2-BTD-N01 escrito en btz_description_05 | hijo Project PR-PRL2-BTD-N02 escrito en btz_description_06 | hijo Project PR-PRL2-LGC-NORIAS escrito en btz_description_07 | hijo Project PR-PRL2-NOR-TS02 escrito en btz_description_08 | hijo Project PR-PRL2-NOR-TS03 escrito en btz_description_09 | hijo Project PR-PRL2-NOR-TSD1 escrito en btz_description_10 | hijo Project PR-PRL2-LGC-REDLERS escrito en btz_description_11 | hijo Project PR-PRL2-RDL-TS01 escrito en btz_description_12 | hijo Project PR-PRL2-RDL-TS04 escrito en btz_description_13 | hijo Project PR-PRL2-RDL-TS05 escrito en btz_description_14 | hijo Project PR-PRL2-RDL-TS08 escrito en btz_description_15 | hijo Project PR-PRL2-RDL-TS09 escrito en btz_description_16 | hijo Project PR-PRL2-RDL-TS10 escrito en btz_description_17 | hijo Project PR-PRL2-RDL-TSD2 escrito en btz_description_18 | hijo Project PR-PRL2-RDL-TSD3 escrito en btz_description_19,NO
413980,4ebdd558-c989-409d-9fc3-d33c3da7089e-0006511c,PR-PRL3-LGC-PRELIMPIEZA,PR,PR-PRL3-LGC-PRELIMPIEZA 3,PR-PRL3-LGC-GENERAL,PR-PRL3-BTD-B01,PR-PRL3-ENF-ES1,PR-PRL3-VLV-VR2,PR-PRL3-LGC-MAQUINA,PR-PRL3-MQP-N01,PR-PRL3-MQP-N02,PR-PRL3-MQP-N03,PR-PRL3-MQP-N04,PR-PRL3-MQP-N05,PR-PRL3-MQP-N06,PR-PRL3-MQP-N07,PR-PRL3-MQP-N08,PR-PRL3-MQP-N09,PR-PRL3-MQP-N10,PR-PRL3-MQP-N11,PR-PRL3-MQP-N12,PR-PRL3-MQP-N13,PR-PRL3-MQP-N14,PR-PRL3-MQP-N15,PR-PRL3-MQP-N16,PR-PRL3-MQP-N17,PR-PRL3-MQP-N18,PR-PRL3-MQP-N19,PR-PRL3-MQP-N20,PR-PRL3-MQP-N21,PR-PRL3-MQP-N22,PR-PRL3-LGC-ROSCAS,PR-PRL3-LGC-VENTILADORES,PR-PRL3-CHD-PTV3,PR-PRL3-SIS-APT3,PR-PRL3-VLV-VR1,,,,,,,,,,,,,,,,,,,,,,,,,,,,,,,,,,,,,,,,,,,,,,,confirmado,confirmado_auto,match_elemento_puntual confirmado desde Project/Revit | hijo Project PR-PRL3-BTD-B01 escrito en btz_description_04 | hijo Project PR-PRL3-ENF-ES1 escrito en btz_description_05 | hijo Project PR-PRL3-VLV-VR2 escrito en btz_description_06 | hijo Project PR-PRL3-LGC-MAQUINA escrito en btz_description_07 | hijo Project PR-PRL3-MQP-N01 escrito en btz_description_08 | hijo Project PR-PRL3-MQP-N02 escrito en btz_description_09 | hijo Project PR-PRL3-MQP-N03 escrito en btz_description_10 | hijo Project PR-PRL3-MQP-N04 escrito en btz_description_11 | hijo Project PR-PRL3-MQP-N05 escrito en btz_description_12 | hijo Project PR-PRL3-MQP-N06 escrito en btz_description_13 | hijo Project PR-PRL3-MQP-N07 escrito en btz_description_14 | hijo Project PR-PRL3-MQP-N08 escrito en btz_description_15 | hijo Project PR-PRL3-MQP-N09 escrito en btz_description_16 | hijo Project PR-PRL3-MQP-N10 escrito en btz_description_17 | hijo Project PR-PRL3-MQP-N11 escrito en btz_description_18 | hijo Project PR-PRL3-MQP-N12 escrito en btz_description_19 | hijo Project PR-PRL3-MQP-N13 escrito en btz_description_20 | hijo Project PR-PRL3-MQP-N14 escrito en btz_description_21 | hijo Project PR-PRL3-MQP-N15 escrito en btz_description_22 | hijo Project PR-PRL3-MQP-N16 escrito en btz_description_23 | hijo Project PR-PRL3-MQP-N17 escrito en btz_description_24 | hijo Project PR-PRL3-MQP-N18 escrito en btz_description_25 | hijo Project PR-PRL3-MQP-N19 escrito en btz_description_26 | hijo Project PR-PRL3-MQP-N20 escrito en btz_description_27 | hijo Project PR-PRL3-MQP-N21 escrito en btz_description_28 | hijo Project PR-PRL3-MQP-N22 escrito en btz_description_29 | hijo Project PR-PRL3-LGC-ROSCAS escrito en btz_description_30 | hijo Project PR-PRL3-LGC-VENTILADORES escrito en btz_description_31 | hijo Project PR-PRL3-CHD-PTV3 escrito en btz_description_32 | hijo Project PR-PRL3-SIS-APT3 escrito en btz_description_33 | hijo Project PR-PRL3-VLV-VR1 escrito en btz_description_34,NO
394757,a76015c2-c6f4-4057-9a15-5a3acb8b5871-00060605,PR-PRP1-CNT-TSG16,PR,PR-PRP1-LGC-PREPARACION 1,PR-PRP1-LGC-GENERAL,PR-PRP1-CNT-TSG16,PR-PRP1-APM-AMEXP1,PR-PRP1-CRR-CRAG1,PR-PRP1-LDV-PREPL1,PR-PRP1-LGC-COCINADORES,PR-PRP1-CCN-A01,PR-PRP1-EXT-EVC1,PR-PRP1-TT-CCN1,PR-PRP1-VLV-TCV-CCN1,PR-PRP1-CCN-A02,PR-PRP1-EXT-EVC2,PR-PRP1-TT-CCN2,PR-PRP1-VLV-TCV-CCN2,PR-PRP1-CCN-A03,PR-PRP1-EXT-EVC3,PR-PRP1-TT-CCN3,PR-PRP1-VLV-TCV-CCN3,PR-PRP1-CCN-A04,PR-PRP1-EXT-EVC4,PR-PRP1-CCN-A05,PR-PRP1-EXT-EVC5,PR-PRP1-CCN-A06,PR-PRP1-EXT-EVC6,PR-PRP1-CCN-A07,PR-PRP1-EXT-EVC7,PR-PRP1-CCN-A08,PR-PRP1-EXT-EVC8,PR-PRP1-LGC-ENFRIADORES,PR-PRP1-ENF-A01,PR-PRP1-CCL-EA01A-1,PR-PRP1-CCL-EA01A-2,PR-PRP1-CCL-EA01B-1,PR-PRP1-CCL-EA01B-2,PR-PRP1-ENF-A02,PR-PRP1-CCL-EA02A-1,PR-PRP1-CCL-EA02A-2,PR-PRP1-CCL-EA02B-1,PR-PRP1-CCL-EA02B-2,PR-PRP1-ENF-A03,PR-PRP1-CCL-EA03,PR-PRP1-ENF-A04,PR-PRP1-CCL-EA04,PR-PRP1-LGC-EXPANDERS,PR-PRP1-VLV-TCV-EXP02,PR-PRP1-VLV-TCV-EXP03,PR-PRP1-VLV-TCV-EXP04,PR-PRP1-VLV-TCV-EXP05,PR-PRP1-VLV-TCV-EXP06,PR-PRP1-LGC-LAMINADORES,PR-PRP1-LMN-A01,PR-PRP1-CHD-L01,PR-PRP1-LMN-A02,PR-PRP1-CHD-L02,PR-PRP1-LMN-A03,PR-PRP1-CHD-L03,PR-PRP1-LMN-A04,PR-PRP1-CHD-L04,PR-PRP1-LMN-A05,PR-PRP1-CHD-L05,PR-PRP1-LMN-A06,PR-PRP1-CHD-L06,PR-PRP1-LMN-A07,PR-PRP1-CHD-L07,PR-PRP1-LGC-MULTIASPIRADORES,PR-PRP1-LGC-NORIAS,PR-PRP1-NOR-TSG17,PR-PRP1-NOR-TSG20,PR-PRP1-NOR-TSG22,PR-PRP1-NOR-TSG31,PR-PRP1-NOR-TSG38,PR-PRP1-LGC-PRENSAS,PR-PRP1-PRN-A01,PR-PRP1-PRN-A02,PR-PRP1-PRN-A03,PR-PRP1-PRN-A04,PR-PRP1-PRN-A05,PR-PRP1-PRN-A06,confirmado,confirmado_auto,match_elemento_puntual confirmado desde Project/Revit | match_elemento_puntual confirmado desde Project/Revit | hijo Project PR-PRP1-APM-AMEXP1 escrito en btz_description_05 | hijo Project PR-PRP1-CRR-CRAG1 escrito en btz_description_06 | hijo Project PR-PRP1-LDV-PREPL1 escrito en btz_description_07 | hijo Project PR-PRP1-LGC-COCINADORES escrito en btz_description_08 | hijo Project PR-PRP1-CCN-A01 escrito en btz_description_09 | hijo Project PR-PRP1-EXT-EVC1 escrito en btz_description_10 | hijo Project PR-PRP1-TT-CCN1 escrito en btz_description_11 | hijo Project PR-PRP1-VLV-TCV-CCN1 escrito en btz_description_12 | hijo Project PR-PRP1-CCN-A02 escrito en btz_description_13 | hijo Project PR-PRP1-EXT-EVC2 escrito en btz_description_14 | hijo Project PR-PRP1-TT-CCN2 escrito en btz_description_15 | hijo Project PR-PRP1-VLV-TCV-CCN2 escrito en btz_description_16 | hijo Project PR-PRP1-CCN-A03 escrito en btz_description_17 | hijo Project PR-PRP1-EXT-EVC3 escrito en btz_description_18 | hijo Project PR-PRP1-TT-CCN3 escrito en btz_description_19 | hijo Project PR-PRP1-VLV-TCV-CCN3 escrito en btz_description_20 | hijo Project PR-PRP1-CCN-A04 escrito en btz_description_21 | hijo Project PR-PRP1-EXT-EVC4 escrito en btz_description_22 | hijo Project PR-PRP1-CCN-A05 escrito en btz_description_23 | hijo Project PR-PRP1-EXT-EVC5 escrito en btz_description_24 | hijo Project PR-PRP1-CCN-A06 escrito en btz_description_25 | hijo Project PR-PRP1-EXT-EVC6 escrito en btz_description_26 | hijo Project PR-PRP1-CCN-A07 escrito en btz_description_27 | hijo Project PR-PRP1-EXT-EVC7 escrito en btz_description_28 | hijo Project PR-PRP1-CCN-A08 escrito en btz_description_29 | hijo Project PR-PRP1-EXT-EVC8 escrito en btz_description_30 | hijo Project PR-PRP1-LGC-ENFRIADORES escrito en btz_description_31 | hijo Project PR-PRP1-ENF-A01 escrito en btz_description_32 | hijo Project PR-PRP1-CCL-EA01A-1 escrito en btz_description_33 | hijo Project PR-PRP1-CCL-EA01A-2 escrito en btz_description_34 | hijo Project PR-PRP1-CCL-EA01B-1 escrito en btz_description_35 | hijo Project PR-PRP1-CCL-EA01B-2 escrito en btz_description_36 | hijo Project PR-PRP1-ENF-A02 escrito en btz_description_37 | hijo Project PR-PRP1-CCL-EA02A-1 escrito en btz_description_38 | hijo Project PR-PRP1-CCL-EA02A-2 escrito en btz_description_39 | hijo Project PR-PRP1-CCL-EA02B-1 escrito en btz_description_40 | hijo Project PR-PRP1-CCL-EA02B-2 escrito en btz_description_41 | hijo Project PR-PRP1-ENF-A03 escrito en btz_description_42 | hijo Project PR-PRP1-CCL-EA03 escrito en btz_description_43 | hijo Project PR-PRP1-ENF-A04 escrito en btz_description_44 | hijo Project PR-PRP1-CCL-EA04 escrito en btz_description_45 | hijo Project PR-PRP1-LGC-EXPANDERS escrito en btz_description_46 | hijo Project PR-PRP1-VLV-TCV-EXP02 escrito en btz_description_47 | hijo Project PR-PRP1-VLV-TCV-EXP03 escrito en btz_description_48 | hijo Project PR-PRP1-VLV-TCV-EXP04 escrito en btz_description_49 | hijo Project PR-PRP1-VLV-TCV-EXP05 escrito en btz_description_50 | hijo Project PR-PRP1-VLV-TCV-EXP06 escrito en btz_description_51 | hijo Project PR-PRP1-LGC-LAMINADORES escrito en btz_description_52 | hijo Project PR-PRP1-LMN-A01 escrito en btz_description_53 | hijo Project PR-PRP1-CHD-L01 escrito en btz_description_54 | hijo Project PR-PRP1-LMN-A02 escrito en btz_description_55 | hijo Project PR-PRP1-CHD-L02 escrito en btz_description_56 | hijo Project PR-PRP1-LMN-A03 escrito en btz_description_57 | hijo Project PR-PRP1-CHD-L03 escrito en btz_description_58 | hijo Project PR-PRP1-LMN-A04 escrito en btz_description_59 | hijo Project PR-PRP1-CHD-L04 escrito en btz_description_60 | hijo Project PR-PRP1-LMN-A05 escrito en btz_description_61 | hijo Project PR-PRP1-CHD-L05 escrito en btz_description_62 | hijo Project PR-PRP1-LMN-A06 escrito en btz_description_63 | hijo Project PR-PRP1-CHD-L06 escrito en btz_description_64 | hijo Project PR-PRP1-LMN-A07 escrito en btz_description_65 | hijo Project PR-PRP1-CHD-L07 escrito en btz_description_66 | hijo Project PR-PRP1-LGC-MULTIASPIRADORES escrito en btz_description_67 | hijo Project PR-PRP1-LGC-NORIAS escrito en btz_description_68 | hijo Project PR-PRP1-NOR-TSG17 escrito en btz_description_69 | hijo Project PR-PRP1-NOR-TSG20 escrito en btz_description_70 | hijo Project PR-PRP1-NOR-TSG22 escrito en btz_description_71 | hijo Project PR-PRP1-NOR-TSG31 escrito en btz_description_72 | hijo Project PR-PRP1-NOR-TSG38 escrito en btz_description_73 | hijo Project PR-PRP1-LGC-PRENSAS escrito en btz_description_74 | hijo Project PR-PRP1-PRN-A01 escrito en btz_description_75 | hijo Project PR-PRP1-PRN-A02 escrito en btz_description_76 | hijo Project PR-PRP1-PRN-A03 escrito en btz_description_77 | hijo Project PR-PRP1-PRN-A04 escrito en btz_description_78 | hijo Project PR-PRP1-PRN-A05 escrito en btz_description_79 | hijo Project PR-PRP1-PRN-A06 escrito en btz_description_80 | hijo Project PR-PRP1-PRN-A07 asociado solo por CSV externo | hijo Project PR-PRP1-PRN-A08 asociado solo por CSV externo | hijo Project PR-PRP1-PRN-A09 asociado solo por CSV externo | hijo Project PR-PRP1-LGC-QUEBRADORES asociado solo por CSV externo | hijo Project PR-PRP1-QBR-A01 asociado solo por CSV externo | hijo Project PR-PRP1-QBR-A02 asociado solo por CSV externo | hijo Project PR-PRP1-QBR-A03 asociado solo por CSV externo | hijo Project PR-PRP1-QBR-A04 asociado solo por CSV externo | hijo Project PR-PRP1-QBR-A05 asociado solo por CSV externo | hijo Project PR-PRP1-LGC-REDLERS asociado solo por CSV externo | hijo Project PR-PRP1-RDL-TSG18 asociado solo por CSV externo | hijo Project PR-PRP1-RDL-TSG19 asociado solo por CSV externo | hijo Project PR-PRP1-RDL-TSG26 asociado solo por CSV externo | hijo Project PR-PRP1-RDL-TSG27 asociado solo por CSV externo | hijo Project PR-PRP1-RDL-TSG28 asociado solo por CSV externo | hijo Project PR-PRP1-RDL-TSG29 asociado solo por CSV externo | hijo Project PR-PRP1-RDL-TSG30 asociado solo por CSV externo | hijo Project PR-PRP1-RDL-TSG34 asociado solo por CSV externo | hijo Project PR-PRP1-RDL-TSG39 asociado solo por CSV externo | hijo Project PR-PRP1-RDL-TSG40 asociado solo por CSV externo | hijo Project PR-PRP1-RDL-TSG41 asociado solo por CSV externo | hijo Project PR-PRP1-RDL-TSG43 asociado solo por CSV externo | hijo Project PR-PRP1-RDL-TSG47 asociado solo por CSV externo | hijo Project PR-PRP1-RDL-TSG54 asociado solo por CSV externo | hijo Project PR-PRP1-LGC-REQUECHEROS asociado solo por CSV externo | hijo Project PR-PRP1-RQC-N01 asociado solo por CSV externo | hijo Project PR-PRP1-RQC-N02 asociado solo por CSV externo | hijo Project PR-PRP1-LGC-ROSCAS asociado solo por CSV externo | hijo Project PR-PRP1-LGC-SAP asociado solo por CSV externo | hijo Project PR-PRP1-SAP-LMNL1 asociado solo por CSV externo | hijo Project PR-PRP1-CCL-LMNL1N asociado solo por CSV externo | hijo Project PR-PRP1-VLV-SAPN asociado solo por CSV externo | hijo Project PR-PRP1-CCL-LMNL1S asociado solo por CSV externo | hijo Project PR-PRP1-VLV-SAPS asociado solo por CSV externo | hijo Project PR-PRP1-SAP-PRPL1 asociado solo por CSV externo | hijo Project PR-PRP1-CCL-CSAPL1 asociado solo por CSV externo | hijo Project PR-PRP1-VLV-VRSAPL1 asociado solo por CSV externo | hijo Project PR-PRP1-LGC-SUPERDECANTERS asociado solo por CSV externo | hijo Project PR-PRP1-SDC-N01 asociado solo por CSV externo | hijo Project PR-PRP1-SDC-N02 asociado solo por CSV externo | hijo Project PR-PRP1-SDC-N03 asociado solo por CSV externo | hijo Project PR-PRP1-SDC-N04 asociado solo por CSV externo | hijo Project PR-PRP1-SDC-N05 asociado solo por CSV externo | hijo Project PR-PRP1-SDC-N06 asociado solo por CSV externo | hijo Project PR-PRP1-LGC-TANQUES asociado solo por CSV externo | hijo Project PR-PRP1-SRT-L01 asociado solo por CSV externo,NO
414088,588948db-dff1-4d88-9ae5-3f6f08daf997-00065188,PR-PRP2-MLA-BHL1,PR,PR-PRP2-LGC-PREPARACION 2,PR-PRP2-LGC-GENERAL,PR-PRP2-MLA-BHL1,PR-GRS-MLA-,PR-PRP2-LDV-PREPL2,PR-PRP2-LGC-,PR-PRP2-VLV-TCV-EXP08,PR-PRP2-VLV-TCV-EXP09,PR-PRP2-VLV-TCV-EXP10,PR-PRP2-VLV-TCV-EXP11,PR-PRP2-VLV-TCV-EXP12,PR-PRP2-LGC-ENFRIADORES,PR-PRP2-ENF-A05,PR-PRP2-CCL-EA05A-1,PR-PRP2-CCL-EA05A-2,PR-PRP2-ENF-A06,PR-PRP2-CCL-EA06A-1,PR-PRP2-CCL-EA06A-2,PR-PRP2-ENF-A07,PR-PRP2-CCL-EA07A-1,PR-PRP2-CCL-EA07A-2,PR-PRP2-ENF-A08,PR-PRP2-CCL-EA08A-1,PR-PRP2-CCL-EA08A-2,PR-PRP2-CCL-EA08B-1,PR-PRP2-CCL-EA08B-2,PR-PRP2-LGC-LAMINADORES,PR-PRP2-LMN-A08,PR-PRP2-CHD-L08,PR-PRP2-LMN-A09,PR-PRP2-CHD-L09,PR-PRP2-LMN-A10,PR-PRP2-CHD-L10,PR-PRP2-LMN-A11,PR-PRP2-CHD-L11,PR-PRP2-LMN-A12,PR-PRP2-CHD-L12,PR-PRP2-LMN-A13,PR-PRP2-CHD-L13,PR-PRP2-LMN-A14,PR-PRP2-CHD-L14,PR-PRP2-LMN-A15,PR-PRP2-CHD-L15,PR-PRP2-LGC-NORIAS,PR-PRP2-NOR-TS14,PR-PRP2-NOR-TS17,PR-PRP2-NOR-TS20,PR-PRP2-NOR-TS26,PR-PRP2-LGC-QUEBRADORES,PR-PRP2-QBR-A06,PR-PRP2-QBR-A07,PR-PRP2-QBR-A08,PR-PRP2-QBR-A09,PR-PRP2-LGC-REDLERS,PR-PRP2-RDL-TS15,PR-PRP2-RDL-TS16,PR-PRP2-RDL-TS18A,PR-PRP2-RDL-TS19,PR-PRP2-RDL-TS21A,PR-PRP2-RDL-TS22,PR-PRP2-RDL-TS23,PR-PRP2-RDL-TS24,PR-PRP2-RDL-TS28,PR-PRP2-RDL-TS29,PR-PRP2-LGC-ROSCAS,PR-PRP2-LGC-SAP,PR-PRP2-SAP-LMNL2,PR-PRP2-CCL-LMNL2N,PR-PRP2-VLV-SAPN,PR-PRP2-CCL-LMNL2S,PR-PRP2-VLV-SAPS,PR-PRP2-SAP-PRPL2,PR-PRP2-CCL-SAPL2,PR-PRP2-VLV-SAPL2,PR-PRP2-SRT-L02,,,,,confirmado,confirmado_auto,match_elemento_puntual confirmado desde Project/Revit | match_elemento_puntual confirmado desde Project/Revit | hijo Project PR-GRS-MLA- escrito en btz_description_05 | hijo Project PR-PRP2-LDV-PREPL2 escrito en btz_description_06 | hijo Project PR-PRP2-LGC- escrito en btz_description_07 | hijo Project PR-PRP2-VLV-TCV-EXP08 escrito en btz_description_08 | hijo Project PR-PRP2-VLV-TCV-EXP09 escrito en btz_description_09 | hijo Project PR-PRP2-VLV-TCV-EXP10 escrito en btz_description_10 | hijo Project PR-PRP2-VLV-TCV-EXP11 escrito en btz_description_11 | hijo Project PR-PRP2-VLV-TCV-EXP12 escrito en btz_description_12 | hijo Project PR-PRP2-LGC-ENFRIADORES escrito en btz_description_13 | hijo Project PR-PRP2-ENF-A05 escrito en btz_description_14 | hijo Project PR-PRP2-CCL-EA05A-1 escrito en btz_description_15 | hijo Project PR-PRP2-CCL-EA05A-2 escrito en btz_description_16 | hijo Project PR-PRP2-ENF-A06 escrito en btz_description_17 | hijo Project PR-PRP2-CCL-EA06A-1 escrito en btz_description_18 | hijo Project PR-PRP2-CCL-EA06A-2 escrito en btz_description_19 | hijo Project PR-PRP2-ENF-A07 escrito en btz_description_20 | hijo Project PR-PRP2-CCL-EA07A-1 escrito en btz_description_21 | hijo Project PR-PRP2-CCL-EA07A-2 escrito en btz_description_22 | hijo Project PR-PRP2-ENF-A08 escrito en btz_description_23 | hijo Project PR-PRP2-CCL-EA08A-1 escrito en btz_description_24 | hijo Project PR-PRP2-CCL-EA08A-2 escrito en btz_description_25 | hijo Project PR-PRP2-CCL-EA08B-1 escrito en btz_description_26 | hijo Project PR-PRP2-CCL-EA08B-2 escrito en btz_description_27 | hijo Project PR-PRP2-LGC-LAMINADORES escrito en btz_description_28 | hijo Project PR-PRP2-LMN-A08 escrito en btz_description_29 | hijo Project PR-PRP2-CHD-L08 escrito en btz_description_30 | hijo Project PR-PRP2-LMN-A09 escrito en btz_description_31 | hijo Project PR-PRP2-CHD-L09 escrito en btz_description_32 | hijo Project PR-PRP2-LMN-A10 escrito en btz_description_33 | hijo Project PR-PRP2-CHD-L10 escrito en btz_description_34 | hijo Project PR-PRP2-LMN-A11 escrito en btz_description_35 | hijo Project PR-PRP2-CHD-L11 escrito en btz_description_36 | hijo Project PR-PRP2-LMN-A12 escrito en btz_description_37 | hijo Project PR-PRP2-CHD-L12 escrito en btz_description_38 | hijo Project PR-PRP2-LMN-A13 escrito en btz_description_39 | hijo Project PR-PRP2-CHD-L13 escrito en btz_description_40 | hijo Project PR-PRP2-LMN-A14 escrito en btz_description_41 | hijo Project PR-PRP2-CHD-L14 escrito en btz_description_42 | hijo Project PR-PRP2-LMN-A15 escrito en btz_description_43 | hijo Project PR-PRP2-CHD-L15 escrito en btz_description_44 | hijo Project PR-PRP2-LGC-NORIAS escrito en btz_description_45 | hijo Project PR-PRP2-NOR-TS14 escrito en btz_description_46 | hijo Project PR-PRP2-NOR-TS17 escrito en btz_description_47 | hijo Project PR-PRP2-NOR-TS20 escrito en btz_description_48 | hijo Project PR-PRP2-NOR-TS26 escrito en btz_description_49 | hijo Project PR-PRP2-LGC-QUEBRADORES escrito en btz_description_50 | hijo Project PR-PRP2-QBR-A06 escrito en btz_description_51 | hijo Project PR-PRP2-QBR-A07 escrito en btz_description_52 | hijo Project PR-PRP2-QBR-A08 escrito en btz_description_53 | hijo Project PR-PRP2-QBR-A09 escrito en btz_description_54 | hijo Project PR-PRP2-LGC-REDLERS escrito en btz_description_55 | hijo Project PR-PRP2-RDL-TS15 escrito en btz_description_56 | hijo Project PR-PRP2-RDL-TS16 escrito en btz_description_57 | hijo Project PR-PRP2-RDL-TS18A escrito en btz_description_58 | hijo Project PR-PRP2-RDL-TS19 escrito en btz_description_59 | hijo Project PR-PRP2-RDL-TS21A escrito en btz_description_60 | hijo Project PR-PRP2-RDL-TS22 escrito en btz_description_61 | hijo Project PR-PRP2-RDL-TS23 escrito en btz_description_62 | hijo Project PR-PRP2-RDL-TS24 escrito en btz_description_63 | hijo Project PR-PRP2-RDL-TS28 escrito en btz_description_64 | hijo Project PR-PRP2-RDL-TS29 escrito en btz_description_65 | hijo Project PR-PRP2-LGC-ROSCAS escrito en btz_description_66 | hijo Project PR-PRP2-LGC-SAP escrito en btz_description_67 | hijo Project PR-PRP2-SAP-LMNL2 escrito en btz_description_68 | hijo Project PR-PRP2-CCL-LMNL2N escrito en btz_description_69 | hijo Project PR-PRP2-VLV-SAPN escrito en btz_description_70 | hijo Project PR-PRP2-CCL-LMNL2S escrito en btz_description_71 | hijo Project PR-PRP2-VLV-SAPS escrito en btz_description_72 | hijo Project PR-PRP2-SAP-PRPL2 escrito en btz_description_73 | hijo Project PR-PRP2-CCL-SAPL2 escrito en btz_description_74 | hijo Project PR-PRP2-VLV-SAPL2 escrito en btz_description_75 | hijo Project PR-PRP2-SRT-L02 escrito en btz_description_76,NO
384037,78d32039-a934-4204-a849-af0b99e119be-0005dc25,PR-PRP3-VNT-EFLTE,PR,PR-PRP3-LGC-PREPARACION 3,PR-PRP3-LGC-GENERAL,PR-PRP3-VNT-EFLTE,PR-PRP3-LDV-PREPL3,PR-PRP3-LGC-,PR-PRP3-PRN-A01,PR-PRP3-PRN-A02,PR-PRP3-PRN-A03,PR-PRP3-PRN-A04,PR-PRP3-PRN-A05,PR-PRP3-PRN-A06,PR-PRP3-PRN-A07,PR-PRP3-PRN-A08,PR-PRP3-PRN-A09,PR-PRP3-PRN-A11,PR-PRP3-PRN-A12,PR-PRP3-RDL-T047,PR-PRP3-RDL-T048,PR-PRP3-RDL-T049,PR-PRP3-RDL-T050,PR-PRP3-RDL-T052,PR-PRP3-RDL-T053,PR-PRP3-RDL-T054,PR-PRP3-RDL-T056,PR-PRP3-RDL-T057,PR-PRP3-RDL-T061,PR-PRP3-LGC-COCINADORES,PR-PRP3-CCN-A01,PR-PRP3-EXT-EVC01,PR-PRP3-CCN-A02,PR-PRP3-EXT-EVC02,PR-PRP3-CCN-A03,PR-PRP3-EXT-EVC03,PR-PRP3-CCN-A04,PR-PRP3-EXT-EVC04,PR-PRP3-CCN-A05,PR-PRP3-EXT-EVC05,PR-PRP3-CCN-A06,PR-PRP3-EXT-EVC06,PR-PRP3-CCN-A07,PR-PRP3-EXT-EVC07,PR-PRP3-CCN-A08,PR-PRP3-EXT-EVC08,PR-PRP3-CCN-A09,PR-PRP3-EXT-EVC09,PR-PRP3-CCN-A10,PR-PRP3-EXT-EVC10,PR-PRP3-LGC-FILTROS,PR-PRP3-FLT-AC1,PR-PRP3-FLT-AC2,PR-PRP3-FLT-AC3,PR-PRP3-LGC-LAMINADORES,PR-PRP3-LMN-A02,PR-PRP3-CHD-LAM2,PR-PRP3-LMN-A03,PR-PRP3-CHD-LAM3,PR-PRP3-LMN-A04,PR-PRP3-CHD-LAM4,PR-PRP3-LGC-REQUECHEROS,PR-PRP3-RQC-N01,PR-PRP3-RQC-N02,PR-PRP3-LGC-ROSCAS,PR-PRP3-LGC-TANQUES,PR-PRP3-SDC-N07,PR-PRP3-VNT-EFLTO,,,,,,,,,,,,,,,confirmado,confirmado_auto,match_elemento_puntual confirmado desde Project/Revit | match_elemento_puntual confirmado desde Project/Revit | hijo Project PR-PRP3-LDV-PREPL3 escrito en btz_description_05 | hijo Project PR-PRP3-LGC- escrito en btz_description_06 | hijo Project PR-PRP3-PRN-A01 escrito en btz_description_07 | hijo Project PR-PRP3-PRN-A02 escrito en btz_description_08 | hijo Project PR-PRP3-PRN-A03 escrito en btz_description_09 | hijo Project PR-PRP3-PRN-A04 escrito en btz_description_10 | hijo Project PR-PRP3-PRN-A05 escrito en btz_description_11 | hijo Project PR-PRP3-PRN-A06 escrito en btz_description_12 | hijo Project PR-PRP3-PRN-A07 escrito en btz_description_13 | hijo Project PR-PRP3-PRN-A08 escrito en btz_description_14 | hijo Project PR-PRP3-PRN-A09 escrito en btz_description_15 | hijo Project PR-PRP3-PRN-A11 escrito en btz_description_16 | hijo Project PR-PRP3-PRN-A12 escrito en btz_description_17 | hijo Project PR-PRP3-RDL-T047 escrito en btz_description_18 | hijo Project PR-PRP3-RDL-T048 escrito en btz_description_19 | hijo Project PR-PRP3-RDL-T049 escrito en btz_description_20 | hijo Project PR-PRP3-RDL-T050 escrito en btz_description_21 | hijo Project PR-PRP3-RDL-T052 escrito en btz_description_22 | hijo Project PR-PRP3-RDL-T053 escrito en btz_description_23 | hijo Project PR-PRP3-RDL-T054 escrito en btz_description_24 | hijo Project PR-PRP3-RDL-T056 escrito en btz_description_25 | hijo Project PR-PRP3-RDL-T057 escrito en btz_description_26 | hijo Project PR-PRP3-RDL-T061 escrito en btz_description_27 | hijo Project PR-PRP3-LGC-COCINADORES escrito en btz_description_28 | hijo Project PR-PRP3-CCN-A01 escrito en btz_description_29 | hijo Project PR-PRP3-EXT-EVC01 escrito en btz_description_30 | hijo Project PR-PRP3-CCN-A02 escrito en btz_description_31 | hijo Project PR-PRP3-EXT-EVC02 escrito en btz_description_32 | hijo Project PR-PRP3-CCN-A03 escrito en btz_description_33 | hijo Project PR-PRP3-EXT-EVC03 escrito en btz_description_34 | hijo Project PR-PRP3-CCN-A04 escrito en btz_description_35 | hijo Project PR-PRP3-EXT-EVC04 escrito en btz_description_36 | hijo Project PR-PRP3-CCN-A05 escrito en btz_description_37 | hijo Project PR-PRP3-EXT-EVC05 escrito en btz_description_38 | hijo Project PR-PRP3-CCN-A06 escrito en btz_description_39 | hijo Project PR-PRP3-EXT-EVC06 escrito en btz_description_40 | hijo Project PR-PRP3-CCN-A07 escrito en btz_description_41 | hijo Project PR-PRP3-EXT-EVC07 escrito en btz_description_42 | hijo Project PR-PRP3-CCN-A08 escrito en btz_description_43 | hijo Project PR-PRP3-EXT-EVC08 escrito en btz_description_44 | hijo Project PR-PRP3-CCN-A09 escrito en btz_description_45 | hijo Project PR-PRP3-EXT-EVC09 escrito en btz_description_46 | hijo Project PR-PRP3-CCN-A10 escrito en btz_description_47 | hijo Project PR-PRP3-EXT-EVC10 escrito en btz_description_48 | hijo Project PR-PRP3-LGC-FILTROS escrito en btz_description_49 | hijo Project PR-PRP3-FLT-AC1 escrito en btz_description_50 | hijo Project PR-PRP3-FLT-AC2 escrito en btz_description_51 | hijo Project PR-PRP3-FLT-AC3 escrito en btz_description_52 | hijo Project PR-PRP3-LGC-LAMINADORES escrito en btz_description_53 | hijo Project PR-PRP3-LMN-A02 escrito en btz_description_54 | hijo Project PR-PRP3-CHD-LAM2 escrito en btz_description_55 | hijo Project PR-PRP3-LMN-A03 escrito en btz_description_56 | hijo Project PR-PRP3-CHD-LAM3 escrito en btz_description_57 | hijo Project PR-PRP3-LMN-A04 escrito en btz_description_58 | hijo Project PR-PRP3-CHD-LAM4 escrito en btz_description_59 | hijo Project PR-PRP3-LGC-REQUECHEROS escrito en btz_description_60 | hijo Project PR-PRP3-RQC-N01 escrito en btz_description_61 | hijo Project PR-PRP3-RQC-N02 escrito en btz_description_62 | hijo Project PR-PRP3-LGC-ROSCAS escrito en btz_description_63 | hijo Project PR-PRP3-LGC-TANQUES escrito en btz_description_64 | hijo Project PR-PRP3-SDC-N07 escrito en btz_description_65 | hijo Project PR-PRP3-VNT-EFLTO escrito en btz_description_66,NO
377280,f26b48f9-0279-47cf-b5b3-6772136bf76f-0005c1c0,PR-SGI-BMB-INC1,PR,PR-SGI-LGC-SEGURIDAD INDUST,PR-SGI-LGC-GENERAL,PR-SGI-BMB-INC1,PR-SGI-BMB-INC2,PR-SGI-BMB-INC3,PR-SGI-BMB-INC4,PR-SGI-BMB-INC5,PR-SGI-BMB-INC6,PR-SGI-BMB-INC7,PR-SGI-BMB-INC8,PR-SGI-BMB-INC9,,,,,,,,,,,,,,,,,,,,,,,,,,,,,,,,,,,,,,,,,,,,,,,,,,,,,,,,,,,,,,,,,,,,,confirmado,confirmado_auto,match_elemento_puntual confirmado desde Project/Revit | hijo Project PR-SGI-BMB-INC2 escrito en btz_description_05 | hijo Project PR-SGI-BMB-INC3 escrito en btz_description_06 | hijo Project PR-SGI-BMB-INC4 escrito en btz_description_07 | hijo Project PR-SGI-BMB-INC5 escrito en btz_description_08 | hijo Project PR-SGI-BMB-INC6 escrito en btz_description_09 | hijo Project PR-SGI-BMB-INC7 escrito en btz_description_10 | hijo Project PR-SGI-BMB-INC8 escrito en btz_description_11 | hijo Project PR-SGI-BMB-INC9 escrito en btz_description_12,NO
402724,32e5720f-4901-48e3-8bc1-287fb1eaae75-00062524,PR-TLLE-ESC-MEC,PR,PR-TLLE-LGC-TALLER ELECTRICO,PR-TLLE-LGC-GENERAL,PR-TLLE-ESC-MEC,PR-TLLE-ESC-EHI,,,,,,,,,,,,,,,,,,,,,,,,,,,,,,,,,,,,,,,,,,,,,,,,,,,,,,,,,,,,,,,,,,,,,,,,,,,,confirmado,confirmado_auto,match_elemento_puntual confirmado desde Project/Revit | hijo Project PR-TLLE-ESC-EHI escrito en btz_description_05,NO
165318,c75bd4f0-baf2-4f40-8a34-9dc82f291cda-000285c6,PR-TLLE-SLD-ELE,PR,PR-TLLE-LGC-TALLER ELECTRICO,PR-TLLE-LGC-GENERAL,PR-TLLE-SLD-ELE,PR-TLLE-SLD-AUT,,,,,,,,,,,,,,,,,,,,,,,,,,,,,,,,,,,,,,,,,,,,,,,,,,,,,,,,,,,,,,,,,,,,,,,,,,,,confirmado,confirmado_auto,match_elemento_puntual confirmado desde Project/Revit | hijo Project PR-TLLE-SLD-AUT escrito en btz_description_05,NO
166456,e42370da-1003-4b82-9a27-4cb40db2c9bb-00028a38,PR-TLLM-GNR-C180,PR,PR-TLLM-LGC-TALLER MECANICO,PR-TLLM-LGC-GENERAL,PR-TLLM-GNR-C180,PR-TLLM-AM-APMBMB,PR-TLLM-AML-BAN1,PR-TLLM-AML-PIE1,PR-TLLM-AML-PIE2,PR-TLLM-APL-MOV1,PR-TLLM-APM-APMNC,PR-TLLM-APM-APMTE,PR-TLLM-BAT-LAV,PR-TLLM-CLN-PER,PR-TLLM-CRG-BAT,PR-TLLM-CRT-PLA,PR-TLLM-EXT-MOV,PR-TLLM-GNC-HID,PR-TLLM-GND-N01,PR-TLLM-GNR-GNT,PR-TLLM-GRU-P&H26,PR-TLLM-GTO-HID,PR-TLLM-LMD-R600,PR-TLLM-PLG-CHA,PR-TLLM-PRF-AETEA,PR-TLLM-PRF-PIE1,PR-TLLM-PRF-PIE2,PR-TLLM-PRN-150L,PR-TLLM-PRN-40L,PR-TLLM-PRR-BAN1,PR-TLLM-PRR-BAN2,PR-TLLM-RCT-PLA,PR-TLLM-TRN-P300,PR-TLLM-TRN-S120,PR-TLLM-TRN-W300,,,,,,,,,,,,,,,,,,,,,,,,,,,,,,,,,,,,,,,,,,,,,,,confirmado,confirmado_auto,match_elemento_puntual confirmado desde Project/Revit | match_elemento_puntual confirmado desde Project/Revit | hijo Project PR-TLLM-AM-APMBMB escrito en btz_description_05 | hijo Project PR-TLLM-AML-BAN1 escrito en btz_description_06 | hijo Project PR-TLLM-AML-PIE1 escrito en btz_description_07 | hijo Project PR-TLLM-AML-PIE2 escrito en btz_description_08 | hijo Project PR-TLLM-APL-MOV1 escrito en btz_description_09 | hijo Project PR-TLLM-APM-APMNC escrito en btz_description_10 | hijo Project PR-TLLM-APM-APMTE escrito en btz_description_11 | hijo Project PR-TLLM-BAT-LAV escrito en btz_description_12 | hijo Project PR-TLLM-CLN-PER escrito en btz_description_13 | hijo Project PR-TLLM-CRG-BAT escrito en btz_description_14 | hijo Project PR-TLLM-CRT-PLA escrito en btz_description_15 | hijo Project PR-TLLM-EXT-MOV escrito en btz_description_16 | hijo Project PR-TLLM-GNC-HID escrito en btz_description_17 | hijo Project PR-TLLM-GND-N01 escrito en btz_description_18 | hijo Project PR-TLLM-GNR-GNT escrito en btz_description_19 | hijo Project PR-TLLM-GRU-P&H26 escrito en btz_description_20 | hijo Project PR-TLLM-GTO-HID escrito en btz_description_21 | hijo Project PR-TLLM-LMD-R600 escrito en btz_description_22 | hijo Project PR-TLLM-PLG-CHA escrito en btz_description_23 | hijo Project PR-TLLM-PRF-AETEA escrito en btz_description_24 | hijo Project PR-TLLM-PRF-PIE1 escrito en btz_description_25 | hijo Project PR-TLLM-PRF-PIE2 escrito en btz_description_26 | hijo Project PR-TLLM-PRN-150L escrito en btz_description_27 | hijo Project PR-TLLM-PRN-40L escrito en btz_description_28 | hijo Project PR-TLLM-PRR-BAN1 escrito en btz_description_29 | hijo Project PR-TLLM-PRR-BAN2 escrito en btz_description_30 | hijo Project PR-TLLM-RCT-PLA escrito en btz_description_31 | hijo Project PR-TLLM-TRN-P300 escrito en btz_description_32 | hijo Project PR-TLLM-TRN-S120 escrito en btz_description_33 | hijo Project PR-TLLM-TRN-W300 escrito en btz_description_34,NO
402797,32e5720f-4901-48e3-8bc1-287fb1eaae75-0006256d,PR-TLLOC-ACP-CAR3,PR,PR-TLLOC-LGC-TALLER OBRA CIVIL,PR-TLLOC-LGC-GENERAL,PR-TLLOC-ACP-CAR3,PR-TLLOC-ACP-CAR1,PR-TLLOC-ACP-CAR2,PR-TLLOC-ACP-CAR4,PR-TLLOC-ACP-TOLH1,,,,,,,,,,,,,,,,,,,,,,,,,,,,,,,,,,,,,,,,,,,,,,,,,,,,,,,,,,,,,,,,,,,,,,,,,confirmado,confirmado_auto,match_elemento_puntual confirmado desde Project/Revit | hijo Project PR-TLLOC-ACP-CAR1 escrito en btz_description_05 | hijo Project PR-TLLOC-ACP-CAR2 escrito en btz_description_06 | hijo Project PR-TLLOC-ACP-CAR4 escrito en btz_description_07 | hijo Project PR-TLLOC-ACP-TOLH1 escrito en btz_description_08,NO
377142,f26b48f9-0279-47cf-b5b3-6772136bf76f-0005c136,PR-TLLOC-VNT-AXI01,PR,PR-TLLOC-LGC-TALLER OBRA CIVIL,PR-TLLOC-LGC-GENERAL,PR-TLLOC-VNT-AXI01,PR-TLLOC-VNT-AXI02,PR-TLLOC-VNT-AXI03,,,,,,,,,,,,,,,,,,,,,,,,,,,,,,,,,,,,,,,,,,,,,,,,,,,,,,,,,,,,,,,,,,,,,,,,,,,confirmado,confirmado_auto,match_elemento_puntual confirmado desde Project/Revit | hijo Project PR-TLLOC-VNT-AXI02 escrito en btz_description_05 | hijo Project PR-TLLOC-VNT-AXI03 escrito en btz_description_06,NO
372022,c1b86e07-db16-4679-93c3-323d244a69e5-0005ad36,PR-VPR1-VNT-VPH,PR,PR-VPR1-LGC-VAPOR 1,PR-VPR1-LGC-FILTRO PRECIPITADOR ELECTROESTATICO,PR-VPR1-VNT-VPH,PR-VPR1-VNT-VTF,PR-VPR1-VNT-VTI,PR-VPR1-VNT-VTU,PR-VPR1-VNT-VTFC3,PR-VPR1-VNT-VTIF,,,,,,,,,,,,,,,,,,,,,,,,,,,,,,,,,,,,,,,,,,,,,,,,,,,,,,,,,,,,,,,,,,,,,,,,confirmado,confirmado_auto,match_elemento_puntual confirmado desde Project/Revit | hijo Project PR-VPR1-VNT-VTF escrito en btz_description_05 | hijo Project PR-VPR1-VNT-VTI escrito en btz_description_06 | hijo Project PR-VPR1-VNT-VTU escrito en btz_description_07 | hijo Project PR-VPR1-VNT-VTFC3 escrito en btz_description_08 | hijo Project PR-VPR1-VNT-VTIF escrito en btz_description_09,NO
394320,a76015c2-c6f4-4057-9a15-5a3acb8b5871-00060450,PR-VPR2-LGC-VAPOR2,PR,PR-VPR2-LGC-VAPOR2,PR-VPR2-LGC-GENERAL,PR-VPR2-FLT-EFO,PR-VPR2-FLT-SFO,PR-VPR2-BMB-PAPQ,PR-VPR2-CLD-RCC2,PR-VPR2-BMB-AGU4,PR-VPR2-CIL-CDCHCR,PR-VPR2-CIL-TCHCR,PR-VPR2-ECN-EXT1,PR-VPR2-ECN-INT2,PR-VPR2-MLT-1SUR,PR-VPR2-MLT-2NOR,PR-VPR2-RDL-RCCR02,PR-VPR2-SPL-RE01,PR-VPR2-SPL-RE02,PR-VPR2-SPL-RE03,PR-VPR2-SPL-RE14,PR-VPR2-SPL-RE15,PR-VPR2-SPL-RE16,PR-VPR2-SPL-RE17,PR-VPR2-SPL-RE18,PR-VPR2-SPL-ROT04,PR-VPR2-SPL-ROT05,PR-VPR2-SPL-ROT06,PR-VPR2-SPL-ROT07,PR-VPR2-SPL-ROT08,PR-VPR2-SPL-ROT09,PR-VPR2-SPL-ROT10,PR-VPR2-SPL-ROT11,PR-VPR2-SPL-ROT12,PR-VPR2-SPL-ROT13,PR-VPR2-SPR-GOT,PR-VPR2-VLV-APEC,PR-VPR2-VLV-EACR,PR-VPR2-VLV-PCV-201,PR-VPR2-VLV-PCV-203,PR-VPR2-VLV-PCV-VSCCR,PR-VPR2-VLV-SDECR,PR-VPR2-VLV-SDOCR,PR-VPR2-VLV-SGPR,PR-VPR2-VLV-SGR,PR-VPR2-VLV-SSCCR,PR-VPR2-VLV-TCV-3,PR-VPR2-VLV-TCV-45,PR-VPR2-VLV-VBCR,PR-VPR2-VLV-VRCR1,PR-VPR2-VLV-VRCR3,PR-VPR2-VLV-VRCR4,PR-VPR2-VNT-VCAS,PR-VPR2-VNT-VTF,PR-VPR2-CIL-VTFCR-01,PR-VPR2-VNT-VTI,PR-VPR2-CIL-VTICR,PR-VPR2-DPS-QUI,PR-VPR2-ENF-PUR,PR-VPR2-LGC-ROSCAS,PR-VPR2-RSC-RCCR01,PR-VPR2-RSC-RCCR04,PR-VPR2-RSC-RCCR05,PR-VPR2-RSC-RCCR06,PR-VPR2-RSC-RCCR07,PR-VPR2-RSC-SFC5,PR-VPR2-SLO-CAS1,PR-VPR2-VLV-VRCC,,,,,,,,,,,,,,,confirmado,confirmado_auto,match_elemento_puntual confirmado desde Project/Revit | hijo Project PR-VPR2-FLT-EFO escrito en btz_description_04 | hijo Project PR-VPR2-FLT-SFO escrito en btz_description_05 | hijo Project PR-VPR2-BMB-PAPQ escrito en btz_description_06 | hijo Project PR-VPR2-CLD-RCC2 escrito en btz_description_07 | hijo Project PR-VPR2-BMB-AGU4 escrito en btz_description_08 | hijo Project PR-VPR2-CIL-CDCHCR escrito en btz_description_09 | hijo Project PR-VPR2-CIL-TCHCR escrito en btz_description_10 | hijo Project PR-VPR2-ECN-EXT1 escrito en btz_description_11 | hijo Project PR-VPR2-ECN-INT2 escrito en btz_description_12 | hijo Project PR-VPR2-MLT-1SUR escrito en btz_description_13 | hijo Project PR-VPR2-MLT-2NOR escrito en btz_description_14 | hijo Project PR-VPR2-RDL-RCCR02 escrito en btz_description_15 | hijo Project PR-VPR2-SPL-RE01 escrito en btz_description_16 | hijo Project PR-VPR2-SPL-RE02 escrito en btz_description_17 | hijo Project PR-VPR2-SPL-RE03 escrito en btz_description_18 | hijo Project PR-VPR2-SPL-RE14 escrito en btz_description_19 | hijo Project PR-VPR2-SPL-RE15 escrito en btz_description_20 | hijo Project PR-VPR2-SPL-RE16 escrito en btz_description_21 | hijo Project PR-VPR2-SPL-RE17 escrito en btz_description_22 | hijo Project PR-VPR2-SPL-RE18 escrito en btz_description_23 | hijo Project PR-VPR2-SPL-ROT04 escrito en btz_description_24 | hijo Project PR-VPR2-SPL-ROT05 escrito en btz_description_25 | hijo Project PR-VPR2-SPL-ROT06 escrito en btz_description_26 | hijo Project PR-VPR2-SPL-ROT07 escrito en btz_description_27 | hijo Project PR-VPR2-SPL-ROT08 escrito en btz_description_28 | hijo Project PR-VPR2-SPL-ROT09 escrito en btz_description_29 | hijo Project PR-VPR2-SPL-ROT10 escrito en btz_description_30 | hijo Project PR-VPR2-SPL-ROT11 escrito en btz_description_31 | hijo Project PR-VPR2-SPL-ROT12 escrito en btz_description_32 | hijo Project PR-VPR2-SPL-ROT13 escrito en btz_description_33 | hijo Project PR-VPR2-SPR-GOT escrito en btz_description_34 | hijo Project PR-VPR2-VLV-APEC escrito en btz_description_35 | hijo Project PR-VPR2-VLV-EACR escrito en btz_description_36 | hijo Project PR-VPR2-VLV-PCV-201 escrito en btz_description_37 | hijo Project PR-VPR2-VLV-PCV-203 escrito en btz_description_38 | hijo Project PR-VPR2-VLV-PCV-VSCCR escrito en btz_description_39 | hijo Project PR-VPR2-VLV-SDECR escrito en btz_description_40 | hijo Project PR-VPR2-VLV-SDOCR escrito en btz_description_41 | hijo Project PR-VPR2-VLV-SGPR escrito en btz_description_42 | hijo Project PR-VPR2-VLV-SGR escrito en btz_description_43 | hijo Project PR-VPR2-VLV-SSCCR escrito en btz_description_44 | hijo Project PR-VPR2-VLV-TCV-3 escrito en btz_description_45 | hijo Project PR-VPR2-VLV-TCV-45 escrito en btz_description_46 | hijo Project PR-VPR2-VLV-VBCR escrito en btz_description_47 | hijo Project PR-VPR2-VLV-VRCR1 escrito en btz_description_48 | hijo Project PR-VPR2-VLV-VRCR3 escrito en btz_description_49 | hijo Project PR-VPR2-VLV-VRCR4 escrito en btz_description_50 | hijo Project PR-VPR2-VNT-VCAS escrito en btz_description_51 | hijo Project PR-VPR2-VNT-VTF escrito en btz_description_52 | hijo Project PR-VPR2-CIL-VTFCR-01 escrito en btz_description_53 | hijo Project PR-VPR2-VNT-VTI escrito en btz_description_54 | hijo Project PR-VPR2-CIL-VTICR escrito en btz_description_55 | hijo Project PR-VPR2-DPS-QUI escrito en btz_description_56 | hijo Project PR-VPR2-ENF-PUR escrito en btz_description_57 | hijo Project PR-VPR2-LGC-ROSCAS escrito en btz_description_58 | hijo Project PR-VPR2-RSC-RCCR01 escrito en btz_description_59 | hijo Project PR-VPR2-RSC-RCCR04 escrito en btz_description_60 | hijo Project PR-VPR2-RSC-RCCR05 escrito en btz_description_61 | hijo Project PR-VPR2-RSC-RCCR06 escrito en btz_description_62 | hijo Project PR-VPR2-RSC-RCCR07 escrito en btz_description_63 | hijo Project PR-VPR2-RSC-SFC5 escrito en btz_description_64 | hijo Project PR-VPR2-SLO-CAS1 escrito en btz_description_65 | hijo Project PR-VPR2-VLV-VRCC escrito en btz_description_66,NO
386796,95c1af94-5959-437c-80b8-8758c03bcc38-0005e6ec,,PR,PR-PLYMP-LGC-PLAYA Y MP,PR-PLYMP-LGC-SILOS CELDA,sala de ccm,PR-CCM-LGC-CCM,PR-CCM-CCM-DSA1,PR-CCM-CCM-EFLTS,PR-CCM-CCM-EXT1,PR-CCM-CCM-EXT2,PR-CCM-CCM-HRN1,PR-CCM-CCM-LNT,PR-CCM-CCM-PDA,PR-CCM-CCM-PLPZ1,PR-CCM-CCM-PLPZ2,PR-CCM-CCM-PRP1,PR-CCM-CCM-PRP2,PR-CCM-CCM-PRP3,PR-CCM-CCM-RD,PR-CCM-CCM-SCCN,PR-CCM-CCM-TRREXT2,PR-CCM-LGC-PLYMP,PR-CCM-CCM-,PR-CCM-CCM-BBS,PR-CCM-CCM-SILO,PR-CCM-CCM-SILOS,PR-CCM-LGC-PLYSP,PR-CCM-LGC-VAPOR1,PR-CCM-CCM-FLT1,PR-CCM-CCM-VPR1,PR-CCM-LGC-VAPOR2,PR-CCM-CCM-VPR2,,,,,,,,,,,,,,,,,,,,,,,,,,,,,,,,,,,,,,,,,,,,,,,,,,confirmado,confirmado_auto,hijo Project PR-CCM-LGC-CCM escrito en btz_description_05 | hijo Project PR-CCM-CCM-DSA1 escrito en btz_description_06 | hijo Project PR-CCM-CCM-EFLTS escrito en btz_description_07 | hijo Project PR-CCM-CCM-EXT1 escrito en btz_description_08 | hijo Project PR-CCM-CCM-EXT2 escrito en btz_description_09 | hijo Project PR-CCM-CCM-HRN1 escrito en btz_description_10 | hijo Project PR-CCM-CCM-LNT escrito en btz_description_11 | hijo Project PR-CCM-CCM-PDA escrito en btz_description_12 | hijo Project PR-CCM-CCM-PLPZ1 escrito en btz_description_13 | hijo Project PR-CCM-CCM-PLPZ2 escrito en btz_description_14 | hijo Project PR-CCM-CCM-PRP1 escrito en btz_description_15 | hijo Project PR-CCM-CCM-PRP2 escrito en btz_description_16 | hijo Project PR-CCM-CCM-PRP3 escrito en btz_description_17 | hijo Project PR-CCM-CCM-RD escrito en btz_description_18 | hijo Project PR-CCM-CCM-SCCN escrito en btz_description_19 | hijo Project PR-CCM-CCM-TRREXT2 escrito en btz_description_20 | hijo Project PR-CCM-LGC-PLYMP escrito en btz_description_21 | hijo Project PR-CCM-CCM- escrito en btz_description_22 | hijo Project PR-CCM-CCM-BBS escrito en btz_description_23 | hijo Project PR-CCM-CCM-SILO escrito en btz_description_24 | hijo Project PR-CCM-CCM-SILOS escrito en btz_description_25 | hijo Project PR-CCM-LGC-PLYSP escrito en btz_description_26 | hijo Project PR-CCM-LGC-VAPOR1 escrito en btz_description_27 | hijo Project PR-CCM-CCM-FLT1 escrito en btz_description_28 | hijo Project PR-CCM-CCM-VPR1 escrito en btz_description_29 | hijo Project PR-CCM-LGC-VAPOR2 escrito en btz_description_30 | hijo Project PR-CCM-CCM-VPR2 escrito en btz_description_31,NO
195058,f81472a3-6fc8-48c2-b0db-9288e233878c-0002f9f2,,PR,PR-PLYMP-LGC-PLAYA Y MP,PR-PLYMP-LGC-PLATAFORMAS VOLC,ptv 15 y 16,PR-PLYMP-PTV-CAM01,PR-PLYMP-PTV-CAM02,PR-PLYMP-PTV-CAM04,PR-PLYMP-PTV-CAM06,PR-PLYMP-PTV-CAM07,PR-PLYMP-PTV-CAM08,PR-PLYMP-PTV-CAM09,PR-PLYMP-PTV-CAM10,,,,,,,,,,,,,,,,,,,,,,,,,,,,,,,,,,,,,,,,,,,,,,,,,,,,,,,,,,,,,,,,,,,,,confirmado,confirmado_auto,hijo Project PR-PLYMP-PTV-CAM01 escrito en btz_description_05 | hijo Project PR-PLYMP-PTV-CAM02 escrito en btz_description_06 | hijo Project PR-PLYMP-PTV-CAM04 escrito en btz_description_07 | hijo Project PR-PLYMP-PTV-CAM06 escrito en btz_description_08 | hijo Project PR-PLYMP-PTV-CAM07 escrito en btz_description_09 | hijo Project PR-PLYMP-PTV-CAM08 escrito en btz_description_10 | hijo Project PR-PLYMP-PTV-CAM09 escrito en btz_description_11 | hijo Project PR-PLYMP-PTV-CAM10 escrito en btz_description_12,NO
